True
2.3.0
True
Args in experiment:
Namespace(activation='gelu', anomaly_ratio=0.25, batch_size=256, c_out=5, channel_independent=1, checkpoints='./checkpoints/', d_ff=512, d_layers=1, d_model=1024, data='DYG_base', data_path='DYG_data_3_sub3.csv', dec_in=5, des='Exp', device_ids=[0, 5], devices='0,5', direction=[0, 0, 0, 1, 1], distil=True, dropout=0.1, e_layers=2, embed='timeF', enc_in=5, enc_out=5, factor=3, features='M', freq='h', gpu=0, inverse=False, is_training=1, itr=1, label_len=24, learning_rate=0.0001, loss='MSE', lradj='type1', mask_rate=0.25, model='HGI', model_id='kdd_sub3_48', moe_logits_init='{\n    "0": {0: 3.0, 1: 5.0, 2: -5.0},\n    "1": {0: 5.0, 1: 1.0, 2: 1.0},  \n    "2": {0: 2.0, 1: 1.0, 2: 5.0},\n    "3": {0: -5.0, 1: 2.0, 2: 5.0},\n    "4": {0: -5.0, 1: 5.0, 2: 2.0}\n}', moving_avg=25, n_heads=8, num_kernels=6, num_workers=10, output_attention=False, p_hidden_dims=[128, 128], p_hidden_layers=2, patience=3, pred_len=96, root_path='./data/DYG/KDD', seasonal_patterns='Monthly', seg_len=12, seq_len=48, target='temp5', task_name='long_term_forecast', temp=5.0, top_k=5, train_epochs=10, use_amp=True, use_gpu=True, use_multi_gpu=True)
Use GPU: cuda:0
>>>>>>>start training : long_term_forecast_kdd_sub3_48_HGI_DYG_base_ftM_sl48_ll24_pl96_dm1024_nh8_el2_dl1_df512_fc3_ebtimeF_dtTrue_Exp_0>>>>>>>>>>>>>>>>>>>>>>>>>>
DYG_base
原始数据形状: (108051, 6)
Index(['Bacterial Density', 'Viscosity', 'Chemical Efficiency', 'pH Online',
       'Total Sugar'],
      dtype='object')
train 75492
DYG_base
原始数据形状: (108051, 6)
Index(['Bacterial Density', 'Viscosity', 'Chemical Efficiency', 'pH Online',
       'Total Sugar'],
      dtype='object')
val 10711
DYG_base
原始数据形状: (108051, 6)
Index(['Bacterial Density', 'Viscosity', 'Chemical Efficiency', 'pH Online',
       'Total Sugar'],
      dtype='object')
test 21515
[TopoTrace Step 0] v0:G1[0.371,0.554,0.075] | v1:G0[0.527,0.237,0.237] | v2:G2[0.275,0.225,0.500] | v3:G2[0.080,0.326,0.594] | v4:G1[0.080,0.594,0.326]
[TopoTrace Step 0] v0:G1[0.371,0.554,0.075] | v1:G0[0.527,0.237,0.237] | v2:G2[0.275,0.225,0.500] | v3:G2[0.080,0.326,0.594] | v4:G1[0.080,0.594,0.326]
[TopoTrace Step 0] v0:G1[0.371,0.554,0.075] | v1:G0[0.527,0.237,0.237] | v2:G2[0.275,0.225,0.500] | v3:G2[0.080,0.326,0.594] | v4:G1[0.080,0.594,0.326]
[TopoTrace Step 0] v0:G1[0.371,0.554,0.075] | v1:G0[0.527,0.237,0.237] | v2:G2[0.275,0.225,0.500] | v3:G2[0.080,0.326,0.594] | v4:G1[0.080,0.594,0.326]
[TopoTrace Step 0] v0:G1[0.371,0.554,0.075] | v1:G0[0.527,0.237,0.237] | v2:G2[0.275,0.225,0.500] | v3:G2[0.080,0.326,0.594] | v4:G1[0.080,0.594,0.326]
[TopoTrace Step 0] v0:G1[0.371,0.554,0.075] | v1:G0[0.527,0.237,0.237] | v2:G2[0.275,0.225,0.500] | v3:G2[0.080,0.326,0.594] | v4:G1[0.080,0.594,0.326]
[TopoTrace Step 0] v0:G1[0.371,0.554,0.075] | v1:G0[0.527,0.237,0.237] | v2:G2[0.275,0.225,0.501] | v3:G2[0.080,0.326,0.594] | v4:G1[0.080,0.594,0.326]
[TopoTrace Step 0] v0:G1[0.371,0.554,0.075] | v1:G0[0.527,0.237,0.237] | v2:G2[0.275,0.225,0.501] | v3:G2[0.080,0.326,0.594] | v4:G1[0.080,0.594,0.326]
[TopoTrace Step 0] v0:G1[0.371,0.554,0.075] | v1:G0[0.527,0.237,0.237] | v2:G2[0.275,0.225,0.501] | v3:G2[0.080,0.326,0.594] | v4:G1[0.080,0.594,0.326]
[TopoTrace Step 0] v0:G1[0.371,0.554,0.075] | v1:G0[0.527,0.237,0.237] | v2:G2[0.275,0.225,0.501] | v3:G2[0.080,0.326,0.594] | v4:G1[0.080,0.594,0.326]
[TopoTrace Step 0] v0:G1[0.371,0.554,0.075] | v1:G0[0.527,0.237,0.237] | v2:G2[0.275,0.225,0.501] | v3:G2[0.080,0.326,0.594] | v4:G1[0.080,0.594,0.326]
[TopoTrace Step 0] v0:G1[0.371,0.554,0.075] | v1:G0[0.527,0.237,0.237] | v2:G2[0.275,0.225,0.501] | v3:G2[0.080,0.326,0.594] | v4:G1[0.080,0.594,0.326]
[TopoTrace Step 0] v0:G1[0.371,0.554,0.075] | v1:G0[0.527,0.237,0.237] | v2:G2[0.275,0.225,0.501] | v3:G2[0.080,0.326,0.594] | v4:G1[0.080,0.594,0.326]
[TopoTrace Step 0] v0:G1[0.371,0.554,0.075] | v1:G0[0.527,0.237,0.237] | v2:G2[0.275,0.225,0.501] | v3:G2[0.080,0.326,0.594] | v4:G1[0.080,0.594,0.326]
[TopoTrace Step 0] v0:G1[0.371,0.554,0.075] | v1:G0[0.527,0.237,0.237] | v2:G2[0.275,0.225,0.501] | v3:G2[0.080,0.326,0.594] | v4:G1[0.080,0.594,0.326]
[TopoTrace Step 0] v0:G1[0.371,0.554,0.075] | v1:G0[0.527,0.237,0.237] | v2:G2[0.275,0.225,0.501] | v3:G2[0.080,0.326,0.594] | v4:G1[0.080,0.594,0.326]
[TopoTrace Step 0] v0:G1[0.371,0.554,0.075] | v1:G0[0.527,0.237,0.237] | v2:G2[0.275,0.225,0.501] | v3:G2[0.080,0.326,0.594] | v4:G1[0.080,0.594,0.326]
[TopoTrace Step 0] v0:G1[0.371,0.554,0.075] | v1:G0[0.527,0.237,0.237] | v2:G2[0.275,0.225,0.501] | v3:G2[0.080,0.326,0.594] | v4:G1[0.080,0.594,0.326]
[TopoTrace Step 0] v0:G1[0.371,0.554,0.075] | v1:G0[0.527,0.237,0.237] | v2:G2[0.275,0.225,0.501] | v3:G2[0.080,0.326,0.594] | v4:G1[0.080,0.594,0.326]
[TopoTrace Step 0] v0:G1[0.371,0.554,0.075] | v1:G0[0.527,0.237,0.237] | v2:G2[0.275,0.225,0.501] | v3:G2[0.080,0.326,0.594] | v4:G1[0.080,0.594,0.326]
[TopoTrace Step 0] v0:G1[0.371,0.554,0.075] | v1:G0[0.527,0.237,0.237] | v2:G2[0.275,0.225,0.501] | v3:G2[0.080,0.326,0.594] | v4:G1[0.080,0.594,0.326]
[TopoTrace Step 0] v0:G1[0.371,0.554,0.075] | v1:G0[0.527,0.237,0.237] | v2:G2[0.275,0.225,0.501] | v3:G2[0.080,0.326,0.594] | v4:G1[0.080,0.594,0.326]
[TopoTrace Step 0] v0:G1[0.371,0.554,0.075] | v1:G0[0.527,0.237,0.237] | v2:G2[0.275,0.225,0.501] | v3:G2[0.080,0.326,0.594] | v4:G1[0.080,0.594,0.326]
[TopoTrace Step 0] v0:G1[0.371,0.554,0.075] | v1:G0[0.527,0.237,0.237] | v2:G2[0.275,0.225,0.501] | v3:G2[0.080,0.326,0.594] | v4:G1[0.080,0.594,0.326]
[TopoTrace Step 0] v0:G1[0.371,0.554,0.075] | v1:G0[0.527,0.237,0.236] | v2:G2[0.275,0.225,0.501] | v3:G2[0.080,0.326,0.594] | v4:G1[0.080,0.594,0.326]
[TopoTrace Step 0] v0:G1[0.371,0.554,0.075] | v1:G0[0.527,0.237,0.236] | v2:G2[0.275,0.225,0.501] | v3:G2[0.080,0.326,0.594] | v4:G1[0.080,0.594,0.326]
[TopoTrace Step 0] v0:G1[0.371,0.554,0.075] | v1:G0[0.527,0.237,0.236] | v2:G2[0.275,0.225,0.501] | v3:G2[0.080,0.326,0.594] | v4:G1[0.080,0.594,0.326]
[TopoTrace Step 0] v0:G1[0.371,0.554,0.075] | v1:G0[0.527,0.237,0.236] | v2:G2[0.275,0.225,0.501] | v3:G2[0.080,0.326,0.594] | v4:G1[0.080,0.594,0.326]
[TopoTrace Step 0] v0:G1[0.371,0.554,0.075] | v1:G0[0.527,0.237,0.236] | v2:G2[0.274,0.225,0.501] | v3:G2[0.080,0.326,0.594] | v4:G1[0.080,0.594,0.326]
[TopoTrace Step 0] v0:G1[0.371,0.554,0.075] | v1:G0[0.527,0.237,0.236] | v2:G2[0.274,0.225,0.501] | v3:G2[0.080,0.326,0.594] | v4:G1[0.080,0.594,0.326]
[TopoTrace Step 0] v0:G1[0.371,0.554,0.075] | v1:G0[0.527,0.237,0.236] | v2:G2[0.274,0.225,0.501] | v3:G2[0.080,0.326,0.594] | v4:G1[0.080,0.594,0.326]
[TopoTrace Step 0] v0:G1[0.371,0.554,0.075] | v1:G0[0.527,0.237,0.236] | v2:G2[0.274,0.225,0.501] | v3:G2[0.080,0.326,0.594] | v4:G1[0.080,0.594,0.326]
[TopoTrace Step 0] v0:G1[0.371,0.554,0.075] | v1:G0[0.527,0.237,0.236] | v2:G2[0.274,0.225,0.501] | v3:G2[0.080,0.326,0.594] | v4:G1[0.080,0.594,0.326]
[TopoTrace Step 0] v0:G1[0.371,0.554,0.075] | v1:G0[0.527,0.237,0.236] | v2:G2[0.274,0.225,0.501] | v3:G2[0.080,0.326,0.594] | v4:G1[0.080,0.594,0.326]
[TopoTrace Step 0] v0:G1[0.371,0.554,0.075] | v1:G0[0.527,0.237,0.236] | v2:G2[0.274,0.225,0.501] | v3:G2[0.080,0.326,0.594] | v4:G1[0.080,0.594,0.326]
[TopoTrace Step 0] v0:G1[0.371,0.554,0.075] | v1:G0[0.527,0.237,0.236] | v2:G2[0.274,0.225,0.501] | v3:G2[0.080,0.326,0.594] | v4:G1[0.080,0.594,0.326]
[TopoTrace Step 0] v0:G1[0.371,0.554,0.075] | v1:G0[0.527,0.237,0.236] | v2:G2[0.274,0.225,0.501] | v3:G2[0.080,0.326,0.594] | v4:G1[0.080,0.594,0.326]
[TopoTrace Step 0] v0:G1[0.371,0.554,0.075] | v1:G0[0.527,0.237,0.236] | v2:G2[0.274,0.225,0.501] | v3:G2[0.080,0.326,0.594] | v4:G1[0.080,0.594,0.326]
[TopoTrace Step 0] v0:G1[0.371,0.554,0.075] | v1:G0[0.527,0.237,0.236] | v2:G2[0.274,0.225,0.501] | v3:G2[0.080,0.325,0.594] | v4:G1[0.080,0.594,0.326]
[TopoTrace Step 0] v0:G1[0.371,0.554,0.075] | v1:G0[0.527,0.237,0.236] | v2:G2[0.274,0.225,0.501] | v3:G2[0.080,0.325,0.594] | v4:G1[0.080,0.594,0.326]
[TopoTrace Step 0] v0:G1[0.371,0.554,0.075] | v1:G0[0.527,0.237,0.236] | v2:G2[0.274,0.225,0.501] | v3:G2[0.080,0.325,0.594] | v4:G1[0.080,0.594,0.326]
[TopoTrace Step 0] v0:G1[0.371,0.554,0.075] | v1:G0[0.527,0.237,0.236] | v2:G2[0.274,0.225,0.501] | v3:G2[0.080,0.325,0.594] | v4:G1[0.080,0.594,0.326]
[TopoTrace Step 0] v0:G1[0.371,0.554,0.075] | v1:G0[0.527,0.237,0.236] | v2:G2[0.274,0.225,0.501] | v3:G2[0.080,0.325,0.594] | v4:G1[0.080,0.594,0.325]
[TopoTrace Step 0] v0:G1[0.371,0.554,0.075] | v1:G0[0.527,0.237,0.236] | v2:G2[0.274,0.225,0.501] | v3:G2[0.080,0.325,0.594] | v4:G1[0.080,0.594,0.325]
[TopoTrace Step 0] v0:G1[0.371,0.554,0.075] | v1:G0[0.527,0.237,0.236] | v2:G2[0.274,0.225,0.501] | v3:G2[0.080,0.325,0.594] | v4:G1[0.080,0.594,0.325]
[TopoTrace Step 0] v0:G1[0.371,0.554,0.075] | v1:G0[0.527,0.237,0.236] | v2:G2[0.274,0.225,0.501] | v3:G2[0.080,0.325,0.594] | v4:G1[0.080,0.594,0.325]
[TopoTrace Step 0] v0:G1[0.371,0.554,0.075] | v1:G0[0.527,0.237,0.236] | v2:G2[0.274,0.225,0.501] | v3:G2[0.080,0.325,0.594] | v4:G1[0.080,0.594,0.325]
[TopoTrace Step 0] v0:G1[0.371,0.554,0.075] | v1:G0[0.527,0.237,0.236] | v2:G2[0.274,0.225,0.501] | v3:G2[0.080,0.325,0.594] | v4:G1[0.080,0.594,0.325]
[TopoTrace Step 0] v0:G1[0.371,0.554,0.075] | v1:G0[0.527,0.237,0.236] | v2:G2[0.274,0.225,0.501] | v3:G2[0.080,0.325,0.594] | v4:G1[0.080,0.594,0.325][TopoTrace Step 0] v0:G1[0.371,0.554,0.075] | v1:G0[0.527,0.237,0.236] | v2:G2[0.274,0.225,0.501] | v3:G2[0.080,0.325,0.594] | v4:G1[0.080,0.594,0.325]

[TopoTrace Step 0] v0:G1[0.371,0.554,0.075] | v1:G0[0.527,0.237,0.236] | v2:G2[0.274,0.225,0.501] | v3:G2[0.080,0.325,0.594] | v4:G1[0.080,0.594,0.325]
[TopoTrace Step 0] v0:G1[0.371,0.554,0.075] | v1:G0[0.527,0.237,0.236] | v2:G2[0.274,0.225,0.501] | v3:G2[0.080,0.325,0.594] | v4:G1[0.080,0.594,0.325]
[TopoTrace Step 0] v0:G1[0.371,0.554,0.075] | v1:G0[0.527,0.237,0.236] | v2:G2[0.274,0.225,0.501] | v3:G2[0.080,0.325,0.594] | v4:G1[0.080,0.594,0.325]
[TopoTrace Step 0] v0:G1[0.371,0.554,0.075] | v1:G0[0.527,0.237,0.236] | v2:G2[0.274,0.225,0.501] | v3:G2[0.080,0.325,0.594] | v4:G1[0.080,0.594,0.325]
[TopoTrace Step 0] v0:G1[0.371,0.554,0.075] | v1:G0[0.527,0.237,0.236] | v2:G2[0.274,0.225,0.501] | v3:G2[0.080,0.325,0.594] | v4:G1[0.080,0.594,0.325]
[TopoTrace Step 0] v0:G1[0.371,0.554,0.075] | v1:G0[0.527,0.237,0.236] | v2:G2[0.274,0.225,0.501] | v3:G2[0.080,0.325,0.594] | v4:G1[0.080,0.594,0.325]
[TopoTrace Step 0] v0:G1[0.371,0.555,0.075] | v1:G0[0.527,0.237,0.236] | v2:G2[0.274,0.225,0.501] | v3:G2[0.080,0.325,0.594] | v4:G1[0.080,0.594,0.325]
[TopoTrace Step 0] v0:G1[0.371,0.555,0.075] | v1:G0[0.527,0.237,0.236] | v2:G2[0.274,0.225,0.501] | v3:G2[0.080,0.325,0.594] | v4:G1[0.080,0.594,0.325]
[TopoTrace Step 0] v0:G1[0.371,0.555,0.075] | v1:G0[0.527,0.237,0.236] | v2:G2[0.274,0.225,0.501] | v3:G2[0.080,0.325,0.594] | v4:G1[0.080,0.594,0.325]
[TopoTrace Step 0] v0:G1[0.371,0.555,0.075] | v1:G0[0.527,0.237,0.236] | v2:G2[0.274,0.225,0.501] | v3:G2[0.080,0.325,0.594] | v4:G1[0.080,0.594,0.325]
[TopoTrace Step 0] v0:G1[0.371,0.555,0.075] | v1:G0[0.527,0.237,0.236] | v2:G2[0.274,0.225,0.501] | v3:G2[0.080,0.325,0.594] | v4:G1[0.080,0.595,0.325]
[TopoTrace Step 0] v0:G1[0.371,0.555,0.075] | v1:G0[0.527,0.237,0.236] | v2:G2[0.274,0.225,0.501] | v3:G2[0.080,0.325,0.594] | v4:G1[0.080,0.595,0.325]
[TopoTrace Step 0] v0:G1[0.371,0.555,0.075] | v1:G0[0.527,0.237,0.236] | v2:G2[0.274,0.225,0.501] | v3:G2[0.080,0.325,0.594] | v4:G1[0.080,0.595,0.325]
[TopoTrace Step 0] v0:G1[0.371,0.555,0.075] | v1:G0[0.527,0.237,0.236] | v2:G2[0.274,0.225,0.501] | v3:G2[0.080,0.325,0.594] | v4:G1[0.080,0.595,0.325]
[TopoTrace Step 0] v0:G1[0.371,0.555,0.075] | v1:G0[0.527,0.237,0.236] | v2:G2[0.274,0.225,0.501] | v3:G2[0.080,0.325,0.595] | v4:G1[0.080,0.595,0.325]
[TopoTrace Step 0] v0:G1[0.371,0.555,0.075] | v1:G0[0.527,0.237,0.236] | v2:G2[0.274,0.225,0.501] | v3:G2[0.080,0.325,0.595] | v4:G1[0.080,0.595,0.325]
[TopoTrace Step 0] v0:G1[0.371,0.555,0.075] | v1:G0[0.527,0.237,0.236] | v2:G2[0.274,0.225,0.501] | v3:G2[0.080,0.325,0.595] | v4:G1[0.080,0.595,0.325]
[TopoTrace Step 0] v0:G1[0.371,0.555,0.075] | v1:G0[0.527,0.237,0.236] | v2:G2[0.274,0.225,0.501] | v3:G2[0.080,0.325,0.595] | v4:G1[0.080,0.595,0.325]
[TopoTrace Step 0] v0:G1[0.371,0.555,0.075] | v1:G0[0.527,0.237,0.236] | v2:G2[0.274,0.225,0.501] | v3:G2[0.080,0.325,0.595] | v4:G1[0.080,0.595,0.325]
[TopoTrace Step 0] v0:G1[0.371,0.555,0.075] | v1:G0[0.527,0.237,0.236] | v2:G2[0.274,0.225,0.501] | v3:G2[0.080,0.325,0.595] | v4:G1[0.080,0.595,0.325]
[TopoTrace Step 0] v0:G1[0.371,0.555,0.075] | v1:G0[0.527,0.237,0.236] | v2:G2[0.274,0.225,0.501] | v3:G2[0.080,0.325,0.595] | v4:G1[0.080,0.595,0.325]
[TopoTrace Step 0] v0:G1[0.371,0.555,0.075] | v1:G0[0.527,0.237,0.236] | v2:G2[0.274,0.225,0.501] | v3:G2[0.080,0.325,0.595] | v4:G1[0.080,0.595,0.325]
[TopoTrace Step 0] v0:G1[0.371,0.555,0.075] | v1:G0[0.527,0.237,0.236] | v2:G2[0.274,0.225,0.501] | v3:G2[0.080,0.325,0.595] | v4:G1[0.080,0.595,0.325]
[TopoTrace Step 0] v0:G1[0.371,0.555,0.075] | v1:G0[0.527,0.237,0.236] | v2:G2[0.274,0.225,0.501] | v3:G2[0.080,0.325,0.595] | v4:G1[0.080,0.595,0.325]
[TopoTrace Step 0] v0:G1[0.371,0.555,0.075] | v1:G0[0.527,0.237,0.236] | v2:G2[0.274,0.225,0.501] | v3:G2[0.080,0.325,0.595] | v4:G1[0.080,0.595,0.325]
[TopoTrace Step 0] v0:G1[0.371,0.555,0.075] | v1:G0[0.527,0.237,0.236] | v2:G2[0.274,0.225,0.501] | v3:G2[0.080,0.325,0.595] | v4:G1[0.080,0.595,0.325]
[TopoTrace Step 0] v0:G1[0.371,0.555,0.075] | v1:G0[0.527,0.237,0.236] | v2:G2[0.274,0.225,0.501] | v3:G2[0.080,0.325,0.595] | v4:G1[0.080,0.595,0.325]
[TopoTrace Step 0] v0:G1[0.371,0.555,0.075] | v1:G0[0.527,0.237,0.236] | v2:G2[0.274,0.225,0.501] | v3:G2[0.080,0.325,0.595] | v4:G1[0.080,0.595,0.325]
[TopoTrace Step 0] v0:G1[0.371,0.555,0.075] | v1:G0[0.527,0.237,0.236] | v2:G2[0.274,0.225,0.501] | v3:G2[0.080,0.325,0.595] | v4:G1[0.080,0.595,0.325]
[TopoTrace Step 0] v0:G1[0.371,0.555,0.075] | v1:G0[0.527,0.237,0.236] | v2:G2[0.274,0.225,0.501] | v3:G2[0.080,0.325,0.595] | v4:G1[0.080,0.595,0.325]
[TopoTrace Step 0] v0:G1[0.371,0.555,0.075] | v1:G0[0.527,0.237,0.236] | v2:G2[0.274,0.225,0.501] | v3:G2[0.080,0.325,0.595] | v4:G1[0.080,0.595,0.325]
[TopoTrace Step 0] v0:G1[0.371,0.555,0.075] | v1:G0[0.527,0.237,0.236] | v2:G2[0.274,0.225,0.501] | v3:G2[0.080,0.325,0.595] | v4:G1[0.080,0.595,0.325]
[TopoTrace Step 0] v0:G1[0.371,0.555,0.075] | v1:G0[0.527,0.237,0.236] | v2:G2[0.274,0.225,0.501] | v3:G2[0.080,0.325,0.595] | v4:G1[0.080,0.595,0.325]
[TopoTrace Step 0] v0:G1[0.371,0.555,0.075] | v1:G0[0.527,0.237,0.236] | v2:G2[0.274,0.225,0.501] | v3:G2[0.080,0.325,0.595] | v4:G1[0.080,0.595,0.325]
[TopoTrace Step 0] v0:G1[0.371,0.555,0.075] | v1:G0[0.527,0.237,0.236] | v2:G2[0.274,0.225,0.501] | v3:G2[0.080,0.325,0.595] | v4:G1[0.080,0.595,0.325]
[TopoTrace Step 0] v0:G1[0.371,0.555,0.075] | v1:G0[0.527,0.237,0.236] | v2:G2[0.274,0.225,0.501] | v3:G2[0.080,0.325,0.595] | v4:G1[0.080,0.595,0.325]
[TopoTrace Step 0] v0:G1[0.370,0.555,0.075] | v1:G0[0.527,0.237,0.236] | v2:G2[0.274,0.225,0.501] | v3:G2[0.080,0.325,0.595] | v4:G1[0.080,0.595,0.325]
[TopoTrace Step 0] v0:G1[0.370,0.555,0.075] | v1:G0[0.527,0.237,0.236] | v2:G2[0.274,0.225,0.501] | v3:G2[0.080,0.325,0.595] | v4:G1[0.080,0.595,0.325]
[TopoTrace Step 0] v0:G1[0.370,0.555,0.075] | v1:G0[0.527,0.237,0.236] | v2:G2[0.274,0.225,0.501] | v3:G2[0.080,0.325,0.595] | v4:G1[0.080,0.595,0.325]
[TopoTrace Step 0] v0:G1[0.370,0.555,0.075] | v1:G0[0.527,0.237,0.236] | v2:G2[0.274,0.225,0.501] | v3:G2[0.080,0.325,0.595] | v4:G1[0.080,0.595,0.325]
[TopoTrace Step 0] v0:G1[0.370,0.555,0.075] | v1:G0[0.527,0.237,0.236] | v2:G2[0.274,0.225,0.501] | v3:G2[0.080,0.325,0.595] | v4:G1[0.080,0.595,0.325]
[TopoTrace Step 0] v0:G1[0.370,0.555,0.075] | v1:G0[0.527,0.237,0.236] | v2:G2[0.274,0.225,0.501] | v3:G2[0.080,0.325,0.595] | v4:G1[0.080,0.595,0.325]
[TopoTrace Step 0] v0:G1[0.370,0.555,0.075] | v1:G0[0.527,0.237,0.236] | v2:G2[0.274,0.225,0.501] | v3:G2[0.080,0.325,0.595] | v4:G1[0.080,0.595,0.325]
[TopoTrace Step 0] v0:G1[0.370,0.555,0.075] | v1:G0[0.527,0.237,0.236] | v2:G2[0.274,0.225,0.501] | v3:G2[0.080,0.325,0.595] | v4:G1[0.080,0.595,0.325]
[TopoTrace Step 0] v0:G1[0.370,0.555,0.075] | v1:G0[0.527,0.237,0.236] | v2:G2[0.274,0.225,0.501] | v3:G2[0.080,0.325,0.595] | v4:G1[0.080,0.595,0.325]
[TopoTrace Step 0] v0:G1[0.370,0.555,0.075] | v1:G0[0.527,0.237,0.236] | v2:G2[0.274,0.225,0.501] | v3:G2[0.080,0.325,0.595] | v4:G1[0.080,0.595,0.325]
[TopoTrace Step 0] v0:G1[0.370,0.555,0.075] | v1:G0[0.527,0.237,0.236] | v2:G2[0.274,0.225,0.501] | v3:G2[0.080,0.325,0.595] | v4:G1[0.080,0.595,0.325]
[TopoTrace Step 0] v0:G1[0.370,0.555,0.075] | v1:G0[0.527,0.237,0.236] | v2:G2[0.274,0.225,0.501] | v3:G2[0.080,0.325,0.595] | v4:G1[0.080,0.595,0.325]
[TopoTrace Step 0] v0:G1[0.370,0.555,0.075] | v1:G0[0.527,0.237,0.236] | v2:G2[0.274,0.225,0.501] | v3:G2[0.080,0.325,0.595] | v4:G1[0.080,0.595,0.325]
[TopoTrace Step 0] v0:G1[0.370,0.555,0.075] | v1:G0[0.527,0.237,0.236] | v2:G2[0.274,0.225,0.501] | v3:G2[0.080,0.325,0.595] | v4:G1[0.080,0.595,0.325]
[TopoTrace Step 0] v0:G1[0.370,0.555,0.075] | v1:G0[0.527,0.237,0.236] | v2:G2[0.274,0.225,0.501] | v3:G2[0.080,0.325,0.595] | v4:G1[0.080,0.595,0.325]
[TopoTrace Step 0] v0:G1[0.370,0.555,0.075] | v1:G0[0.527,0.237,0.236] | v2:G2[0.274,0.225,0.501] | v3:G2[0.080,0.325,0.595] | v4:G1[0.080,0.595,0.325]
[TopoTrace Step 0] v0:G1[0.370,0.555,0.075] | v1:G0[0.527,0.237,0.236] | v2:G2[0.274,0.225,0.501] | v3:G2[0.080,0.325,0.595] | v4:G1[0.080,0.595,0.325]
[TopoTrace Step 0] v0:G1[0.370,0.555,0.075] | v1:G0[0.527,0.237,0.236] | v2:G2[0.274,0.225,0.501] | v3:G2[0.080,0.325,0.595] | v4:G1[0.080,0.595,0.325]
[TopoTrace Step 0] v0:G1[0.370,0.555,0.075] | v1:G0[0.527,0.237,0.236] | v2:G2[0.274,0.225,0.501] | v3:G2[0.080,0.325,0.595] | v4:G1[0.080,0.595,0.325]
[TopoTrace Step 0] v0:G1[0.370,0.555,0.075] | v1:G0[0.527,0.237,0.236] | v2:G2[0.274,0.225,0.501] | v3:G2[0.080,0.325,0.595] | v4:G1[0.080,0.595,0.325]
[TopoTrace Step 0] v0:G1[0.370,0.555,0.075] | v1:G0[0.527,0.237,0.236] | v2:G2[0.274,0.225,0.501] | v3:G2[0.080,0.325,0.595] | v4:G1[0.080,0.595,0.325]
[TopoTrace Step 0] v0:G1[0.370,0.555,0.075] | v1:G0[0.527,0.237,0.236] | v2:G2[0.274,0.225,0.501] | v3:G2[0.080,0.325,0.595] | v4:G1[0.080,0.595,0.325]
[TopoTrace Step 0] v0:G1[0.370,0.555,0.075] | v1:G0[0.527,0.237,0.236] | v2:G2[0.274,0.225,0.501] | v3:G2[0.080,0.325,0.595] | v4:G1[0.080,0.595,0.325]
[TopoTrace Step 0] v0:G1[0.370,0.555,0.075] | v1:G0[0.527,0.237,0.236] | v2:G2[0.274,0.225,0.501] | v3:G2[0.080,0.325,0.595] | v4:G1[0.080,0.595,0.325]
[TopoTrace Step 0] v0:G1[0.370,0.555,0.075] | v1:G0[0.527,0.237,0.236] | v2:G2[0.274,0.225,0.501] | v3:G2[0.080,0.325,0.595] | v4:G1[0.080,0.595,0.325]
[TopoTrace Step 0] v0:G1[0.370,0.555,0.075] | v1:G0[0.527,0.237,0.236] | v2:G2[0.274,0.225,0.501] | v3:G2[0.080,0.325,0.595] | v4:G1[0.080,0.595,0.325]
[TopoTrace Step 0] v0:G1[0.370,0.555,0.075] | v1:G0[0.527,0.237,0.236] | v2:G2[0.274,0.225,0.501] | v3:G2[0.080,0.325,0.595] | v4:G1[0.080,0.595,0.325]
[TopoTrace Step 0] v0:G1[0.370,0.555,0.075] | v1:G0[0.527,0.237,0.236] | v2:G2[0.274,0.225,0.501] | v3:G2[0.080,0.325,0.595] | v4:G1[0.080,0.595,0.325]
[TopoTrace Step 0] v0:G1[0.370,0.555,0.075] | v1:G0[0.527,0.237,0.236] | v2:G2[0.274,0.225,0.501] | v3:G2[0.080,0.325,0.595] | v4:G1[0.080,0.595,0.325]
[TopoTrace Step 0] v0:G1[0.370,0.555,0.075] | v1:G0[0.527,0.237,0.236] | v2:G2[0.274,0.225,0.501] | v3:G2[0.080,0.325,0.595] | v4:G1[0.080,0.595,0.325]
[TopoTrace Step 0] v0:G1[0.370,0.555,0.075] | v1:G0[0.527,0.237,0.236] | v2:G2[0.274,0.225,0.501] | v3:G2[0.080,0.325,0.595] | v4:G1[0.080,0.595,0.325]
[TopoTrace Step 0] v0:G1[0.370,0.555,0.075] | v1:G0[0.527,0.237,0.236] | v2:G2[0.274,0.225,0.501] | v3:G2[0.080,0.325,0.595] | v4:G1[0.080,0.595,0.325]
[TopoTrace Step 0] v0:G1[0.370,0.555,0.075] | v1:G0[0.527,0.237,0.236] | v2:G2[0.274,0.225,0.502] | v3:G2[0.080,0.325,0.595] | v4:G1[0.080,0.595,0.325]
[TopoTrace Step 0] v0:G1[0.370,0.555,0.075] | v1:G0[0.527,0.237,0.236] | v2:G2[0.274,0.225,0.502] | v3:G2[0.080,0.325,0.595] | v4:G1[0.080,0.595,0.325]
[TopoTrace Step 0] v0:G1[0.370,0.555,0.075] | v1:G0[0.527,0.237,0.236] | v2:G2[0.274,0.225,0.502] | v3:G2[0.080,0.325,0.595] | v4:G1[0.080,0.595,0.325]
[TopoTrace Step 0] v0:G1[0.370,0.555,0.075] | v1:G0[0.527,0.237,0.236] | v2:G2[0.274,0.225,0.502] | v3:G2[0.080,0.325,0.595] | v4:G1[0.080,0.595,0.325]
[TopoTrace Step 0] v0:G1[0.370,0.555,0.075] | v1:G0[0.527,0.237,0.236] | v2:G2[0.274,0.225,0.502] | v3:G2[0.080,0.325,0.595] | v4:G1[0.080,0.595,0.325]
[TopoTrace Step 0] v0:G1[0.370,0.555,0.075] | v1:G0[0.527,0.237,0.236] | v2:G2[0.274,0.225,0.502] | v3:G2[0.080,0.325,0.595] | v4:G1[0.080,0.595,0.325]
[TopoTrace Step 0] v0:G1[0.370,0.555,0.075] | v1:G0[0.527,0.237,0.236] | v2:G2[0.274,0.225,0.502] | v3:G2[0.080,0.325,0.595] | v4:G1[0.080,0.595,0.325]
[TopoTrace Step 0] v0:G1[0.370,0.555,0.075] | v1:G0[0.527,0.237,0.236] | v2:G2[0.274,0.225,0.502] | v3:G2[0.080,0.325,0.595] | v4:G1[0.080,0.595,0.325]
[TopoTrace Step 0] v0:G1[0.370,0.555,0.075] | v1:G0[0.527,0.237,0.236] | v2:G2[0.274,0.225,0.502] | v3:G2[0.080,0.325,0.595] | v4:G1[0.080,0.595,0.325]
[TopoTrace Step 0] v0:G1[0.370,0.555,0.075] | v1:G0[0.527,0.237,0.236] | v2:G2[0.274,0.225,0.502] | v3:G2[0.080,0.325,0.595] | v4:G1[0.080,0.595,0.325]
[TopoTrace Step 0] v0:G1[0.370,0.555,0.075] | v1:G0[0.527,0.237,0.236] | v2:G2[0.274,0.225,0.502] | v3:G2[0.080,0.325,0.595] | v4:G1[0.080,0.595,0.325]
[TopoTrace Step 0] v0:G1[0.370,0.555,0.075] | v1:G0[0.527,0.237,0.236] | v2:G2[0.274,0.225,0.502] | v3:G2[0.080,0.325,0.595] | v4:G1[0.080,0.595,0.325]
[TopoTrace Step 0] v0:G1[0.370,0.555,0.075] | v1:G0[0.527,0.237,0.236] | v2:G2[0.274,0.225,0.502] | v3:G2[0.080,0.325,0.595] | v4:G1[0.080,0.595,0.325]
[TopoTrace Step 0] v0:G1[0.370,0.555,0.075] | v1:G0[0.527,0.237,0.236] | v2:G2[0.274,0.225,0.502] | v3:G2[0.080,0.325,0.595] | v4:G1[0.080,0.595,0.325]
[TopoTrace Step 0] v0:G1[0.370,0.555,0.075] | v1:G0[0.527,0.237,0.236] | v2:G2[0.274,0.225,0.502] | v3:G2[0.080,0.325,0.595] | v4:G1[0.080,0.595,0.325]
[TopoTrace Step 0] v0:G1[0.370,0.555,0.075] | v1:G0[0.527,0.237,0.236] | v2:G2[0.274,0.225,0.502] | v3:G2[0.080,0.325,0.595] | v4:G1[0.080,0.595,0.325]
[TopoTrace Step 0] v0:G1[0.370,0.555,0.075] | v1:G0[0.527,0.237,0.236] | v2:G2[0.274,0.225,0.502] | v3:G2[0.080,0.325,0.595] | v4:G1[0.080,0.595,0.325]
[TopoTrace Step 0] v0:G1[0.370,0.555,0.075] | v1:G0[0.527,0.237,0.236] | v2:G2[0.274,0.225,0.502] | v3:G2[0.080,0.325,0.595] | v4:G1[0.080,0.595,0.325]
[TopoTrace Step 0] v0:G1[0.370,0.555,0.075] | v1:G0[0.527,0.237,0.236] | v2:G2[0.274,0.225,0.502] | v3:G2[0.080,0.325,0.595] | v4:G1[0.080,0.595,0.325]
[TopoTrace Step 0] v0:G1[0.370,0.555,0.075] | v1:G0[0.527,0.237,0.236] | v2:G2[0.274,0.225,0.502] | v3:G2[0.080,0.325,0.595] | v4:G1[0.080,0.595,0.325]
[TopoTrace Step 0] v0:G1[0.370,0.555,0.075] | v1:G0[0.527,0.237,0.236] | v2:G2[0.274,0.225,0.502] | v3:G2[0.080,0.325,0.595] | v4:G1[0.080,0.595,0.325]
[TopoTrace Step 0] v0:G1[0.370,0.555,0.075] | v1:G0[0.527,0.237,0.236] | v2:G2[0.274,0.225,0.502] | v3:G2[0.080,0.325,0.595] | v4:G1[0.080,0.595,0.325]
[TopoTrace Step 0] v0:G1[0.370,0.555,0.075] | v1:G0[0.527,0.237,0.236] | v2:G2[0.274,0.225,0.502] | v3:G2[0.080,0.325,0.595] | v4:G1[0.080,0.595,0.325]
[TopoTrace Step 0] v0:G1[0.370,0.555,0.075] | v1:G0[0.527,0.237,0.236] | v2:G2[0.274,0.225,0.502] | v3:G2[0.080,0.325,0.595] | v4:G1[0.080,0.595,0.325]
[TopoTrace Step 0] v0:G1[0.370,0.555,0.075] | v1:G0[0.527,0.237,0.236] | v2:G2[0.274,0.225,0.502] | v3:G2[0.080,0.325,0.595] | v4:G1[0.080,0.595,0.325]
[TopoTrace Step 0] v0:G1[0.370,0.555,0.075] | v1:G0[0.527,0.237,0.236] | v2:G2[0.274,0.225,0.502] | v3:G2[0.080,0.325,0.595] | v4:G1[0.080,0.595,0.325]
[TopoTrace Step 0] v0:G1[0.370,0.555,0.075] | v1:G0[0.527,0.237,0.236] | v2:G2[0.274,0.225,0.502] | v3:G2[0.080,0.325,0.595] | v4:G1[0.080,0.595,0.325]
[TopoTrace Step 0] v0:G1[0.370,0.555,0.075] | v1:G0[0.527,0.237,0.236] | v2:G2[0.274,0.225,0.502] | v3:G2[0.080,0.325,0.595] | v4:G1[0.080,0.595,0.325]
[TopoTrace Step 0] v0:G1[0.370,0.555,0.075] | v1:G0[0.527,0.237,0.236] | v2:G2[0.274,0.225,0.502] | v3:G2[0.080,0.325,0.595] | v4:G1[0.080,0.595,0.325]
[TopoTrace Step 0] v0:G1[0.370,0.555,0.075] | v1:G0[0.527,0.237,0.236] | v2:G2[0.274,0.225,0.502] | v3:G2[0.080,0.325,0.595] | v4:G1[0.080,0.595,0.325]
[TopoTrace Step 0] v0:G1[0.370,0.555,0.075] | v1:G0[0.527,0.237,0.236] | v2:G2[0.274,0.225,0.502] | v3:G2[0.080,0.325,0.595] | v4:G1[0.080,0.595,0.325][TopoTrace Step 0] v0:G1[0.370,0.555,0.075] | v1:G0[0.527,0.237,0.236] | v2:G2[0.274,0.225,0.502] | v3:G2[0.080,0.325,0.595] | v4:G1[0.080,0.595,0.325]

[TopoTrace Step 0] v0:G1[0.370,0.555,0.075] | v1:G0[0.527,0.237,0.236] | v2:G2[0.274,0.225,0.502] | v3:G2[0.080,0.325,0.595] | v4:G1[0.080,0.595,0.325]
[TopoTrace Step 0] v0:G1[0.370,0.555,0.075] | v1:G0[0.527,0.237,0.236] | v2:G2[0.274,0.225,0.502] | v3:G2[0.080,0.325,0.595] | v4:G1[0.080,0.595,0.325]
[TopoTrace Step 0] v0:G1[0.370,0.555,0.075] | v1:G0[0.527,0.237,0.236] | v2:G2[0.274,0.225,0.502] | v3:G2[0.080,0.325,0.595] | v4:G1[0.080,0.595,0.325][TopoTrace Step 0] v0:G1[0.370,0.555,0.075] | v1:G0[0.527,0.237,0.236] | v2:G2[0.274,0.225,0.502] | v3:G2[0.080,0.325,0.595] | v4:G1[0.080,0.595,0.325]

[TopoTrace Step 0] v0:G1[0.370,0.555,0.075] | v1:G0[0.527,0.237,0.236] | v2:G2[0.274,0.225,0.502] | v3:G2[0.080,0.325,0.595] | v4:G1[0.080,0.595,0.325]
[TopoTrace Step 0] v0:G1[0.370,0.555,0.075] | v1:G0[0.527,0.237,0.236] | v2:G2[0.274,0.225,0.502] | v3:G2[0.080,0.325,0.595] | v4:G1[0.080,0.595,0.325]
[TopoTrace Step 0] v0:G1[0.370,0.555,0.075] | v1:G0[0.527,0.237,0.236] | v2:G2[0.274,0.225,0.502] | v3:G2[0.080,0.325,0.595] | v4:G1[0.080,0.595,0.325]
[TopoTrace Step 0] v0:G1[0.370,0.555,0.075] | v1:G0[0.527,0.237,0.236] | v2:G2[0.274,0.225,0.502] | v3:G2[0.080,0.325,0.595] | v4:G1[0.080,0.595,0.325]
[TopoTrace Step 0] v0:G1[0.370,0.555,0.075] | v1:G0[0.527,0.237,0.236] | v2:G2[0.274,0.225,0.502] | v3:G2[0.080,0.325,0.595] | v4:G1[0.080,0.595,0.325]
[TopoTrace Step 0] v0:G1[0.370,0.555,0.075] | v1:G0[0.527,0.237,0.236] | v2:G2[0.274,0.225,0.502] | v3:G2[0.080,0.325,0.595] | v4:G1[0.080,0.595,0.325]
[TopoTrace Step 0] v0:G1[0.370,0.555,0.075] | v1:G0[0.527,0.237,0.236] | v2:G2[0.274,0.225,0.502] | v3:G2[0.080,0.325,0.595] | v4:G1[0.080,0.595,0.325]
[TopoTrace Step 0] v0:G1[0.370,0.555,0.075] | v1:G0[0.527,0.237,0.236] | v2:G2[0.274,0.225,0.502] | v3:G2[0.080,0.325,0.595] | v4:G1[0.080,0.595,0.325]
[TopoTrace Step 0] v0:G1[0.370,0.555,0.075] | v1:G0[0.527,0.237,0.236] | v2:G2[0.274,0.225,0.502] | v3:G2[0.080,0.325,0.595] | v4:G1[0.080,0.595,0.325]
[TopoTrace Step 0] v0:G1[0.370,0.555,0.075] | v1:G0[0.527,0.237,0.236] | v2:G2[0.274,0.225,0.502] | v3:G2[0.080,0.325,0.595] | v4:G1[0.080,0.595,0.325]
[TopoTrace Step 0] v0:G1[0.370,0.555,0.075] | v1:G0[0.527,0.237,0.236] | v2:G2[0.274,0.225,0.502] | v3:G2[0.080,0.325,0.595] | v4:G1[0.080,0.595,0.325]
[TopoTrace Step 0] v0:G1[0.370,0.555,0.075] | v1:G0[0.527,0.237,0.236] | v2:G2[0.274,0.225,0.502] | v3:G2[0.080,0.325,0.595] | v4:G1[0.080,0.595,0.325]
[TopoTrace Step 0] v0:G1[0.370,0.555,0.075] | v1:G0[0.527,0.237,0.236] | v2:G2[0.274,0.225,0.502] | v3:G2[0.080,0.325,0.595] | v4:G1[0.080,0.595,0.325]
[TopoTrace Step 0] v0:G1[0.370,0.555,0.075] | v1:G0[0.527,0.237,0.236] | v2:G2[0.274,0.225,0.502] | v3:G2[0.080,0.325,0.595] | v4:G1[0.080,0.595,0.325]
[TopoTrace Step 0] v0:G1[0.370,0.555,0.075] | v1:G0[0.527,0.237,0.236] | v2:G2[0.274,0.225,0.502] | v3:G2[0.080,0.325,0.595] | v4:G1[0.080,0.595,0.325]
[TopoTrace Step 0] v0:G1[0.370,0.555,0.075] | v1:G0[0.527,0.237,0.236] | v2:G2[0.274,0.225,0.502] | v3:G2[0.080,0.325,0.595] | v4:G1[0.080,0.595,0.325]
[TopoTrace Step 0] v0:G1[0.370,0.555,0.075] | v1:G0[0.527,0.237,0.236] | v2:G2[0.274,0.225,0.502] | v3:G2[0.080,0.325,0.595] | v4:G1[0.080,0.595,0.325]
[TopoTrace Step 0] v0:G1[0.370,0.555,0.075] | v1:G0[0.527,0.237,0.236] | v2:G2[0.274,0.225,0.502] | v3:G2[0.080,0.325,0.595] | v4:G1[0.080,0.595,0.325]
[TopoTrace Step 0] v0:G1[0.370,0.555,0.075] | v1:G0[0.527,0.237,0.236] | v2:G2[0.274,0.225,0.502] | v3:G2[0.080,0.325,0.595] | v4:G1[0.080,0.595,0.325]
[TopoTrace Step 0] v0:G1[0.370,0.555,0.075] | v1:G0[0.527,0.237,0.236] | v2:G2[0.274,0.225,0.502] | v3:G2[0.080,0.325,0.595] | v4:G1[0.080,0.595,0.325]
[TopoTrace Step 0] v0:G1[0.370,0.555,0.075] | v1:G0[0.527,0.237,0.236] | v2:G2[0.274,0.225,0.502] | v3:G2[0.080,0.325,0.595] | v4:G1[0.080,0.595,0.325]
[TopoTrace Step 0] v0:G1[0.370,0.555,0.075] | v1:G0[0.527,0.237,0.236] | v2:G2[0.274,0.225,0.502] | v3:G2[0.080,0.325,0.595] | v4:G1[0.080,0.595,0.325]
[TopoTrace Step 0] v0:G1[0.370,0.555,0.075] | v1:G0[0.527,0.237,0.236] | v2:G2[0.274,0.225,0.502] | v3:G2[0.080,0.325,0.595] | v4:G1[0.080,0.595,0.325]
[TopoTrace Step 0] v0:G1[0.370,0.555,0.075] | v1:G0[0.527,0.237,0.236] | v2:G2[0.274,0.225,0.502] | v3:G2[0.080,0.325,0.595] | v4:G1[0.080,0.595,0.325]
[TopoTrace Step 0] v0:G1[0.370,0.555,0.075] | v1:G0[0.527,0.237,0.236] | v2:G2[0.274,0.225,0.502] | v3:G2[0.080,0.325,0.595] | v4:G1[0.080,0.595,0.325]
[TopoTrace Step 0] v0:G1[0.370,0.555,0.075] | v1:G0[0.527,0.237,0.236] | v2:G2[0.274,0.225,0.502] | v3:G2[0.080,0.325,0.595] | v4:G1[0.080,0.595,0.325]
[TopoTrace Step 0] v0:G1[0.370,0.555,0.075] | v1:G0[0.527,0.237,0.236] | v2:G2[0.274,0.225,0.502] | v3:G2[0.080,0.325,0.595] | v4:G1[0.080,0.595,0.325]
[TopoTrace Step 0] v0:G1[0.370,0.555,0.075] | v1:G0[0.527,0.237,0.236] | v2:G2[0.274,0.225,0.502] | v3:G2[0.080,0.325,0.595] | v4:G1[0.080,0.595,0.325]
[TopoTrace Step 0] v0:G1[0.370,0.555,0.075] | v1:G0[0.527,0.237,0.236] | v2:G2[0.274,0.225,0.502] | v3:G2[0.080,0.325,0.595] | v4:G1[0.080,0.595,0.325]
[TopoTrace Step 0] v0:G1[0.370,0.555,0.075] | v1:G0[0.527,0.237,0.236] | v2:G2[0.274,0.225,0.502] | v3:G2[0.080,0.325,0.595] | v4:G1[0.080,0.595,0.325]
[TopoTrace Step 0] v0:G1[0.370,0.555,0.075] | v1:G0[0.527,0.237,0.236] | v2:G2[0.274,0.225,0.502] | v3:G2[0.080,0.325,0.595] | v4:G1[0.080,0.595,0.325]
[TopoTrace Step 0] v0:G1[0.370,0.555,0.075] | v1:G0[0.527,0.237,0.236] | v2:G2[0.274,0.225,0.502] | v3:G2[0.080,0.325,0.595] | v4:G1[0.080,0.595,0.325]
[TopoTrace Step 0] v0:G1[0.370,0.555,0.075] | v1:G0[0.527,0.237,0.236] | v2:G2[0.274,0.225,0.502] | v3:G2[0.080,0.325,0.595] | v4:G1[0.080,0.595,0.325]
[TopoTrace Step 0] v0:G1[0.370,0.555,0.075] | v1:G0[0.527,0.237,0.236] | v2:G2[0.274,0.225,0.502] | v3:G2[0.080,0.325,0.595] | v4:G1[0.080,0.595,0.325]
[TopoTrace Step 0] v0:G1[0.370,0.555,0.075] | v1:G0[0.527,0.237,0.236] | v2:G2[0.274,0.225,0.502] | v3:G2[0.080,0.325,0.595] | v4:G1[0.080,0.595,0.325]
[TopoTrace Step 0] v0:G1[0.370,0.555,0.075] | v1:G0[0.527,0.237,0.236] | v2:G2[0.274,0.225,0.502] | v3:G2[0.080,0.325,0.595] | v4:G1[0.080,0.595,0.325]
[TopoTrace Step 0] v0:G1[0.370,0.555,0.075] | v1:G0[0.527,0.237,0.236] | v2:G2[0.274,0.225,0.502] | v3:G2[0.080,0.325,0.595] | v4:G1[0.080,0.595,0.325]
[TopoTrace Step 0] v0:G1[0.370,0.555,0.075] | v1:G0[0.527,0.237,0.236] | v2:G2[0.274,0.225,0.502] | v3:G2[0.080,0.325,0.595] | v4:G1[0.080,0.595,0.325]
[TopoTrace Step 0] v0:G1[0.370,0.555,0.075] | v1:G0[0.527,0.237,0.236] | v2:G2[0.274,0.225,0.502] | v3:G2[0.080,0.325,0.595] | v4:G1[0.080,0.595,0.325]
[TopoTrace Step 0] v0:G1[0.370,0.555,0.075] | v1:G0[0.527,0.237,0.236] | v2:G2[0.274,0.225,0.502] | v3:G2[0.080,0.325,0.595] | v4:G1[0.080,0.595,0.325]
[TopoTrace Step 0] v0:G1[0.370,0.555,0.075] | v1:G0[0.527,0.237,0.236] | v2:G2[0.274,0.225,0.502] | v3:G2[0.080,0.325,0.595] | v4:G1[0.080,0.595,0.325]
[TopoTrace Step 0] v0:G1[0.370,0.555,0.075] | v1:G0[0.527,0.237,0.236] | v2:G2[0.274,0.225,0.502] | v3:G2[0.080,0.325,0.595] | v4:G1[0.080,0.595,0.325]
[TopoTrace Step 0] v0:G1[0.370,0.555,0.075] | v1:G0[0.527,0.237,0.236] | v2:G2[0.274,0.225,0.502] | v3:G2[0.080,0.325,0.595] | v4:G1[0.080,0.595,0.325]
[TopoTrace Step 0] v0:G1[0.370,0.555,0.075] | v1:G0[0.527,0.237,0.236] | v2:G2[0.274,0.225,0.502] | v3:G2[0.080,0.325,0.595] | v4:G1[0.080,0.595,0.325]
[TopoTrace Step 0] v0:G1[0.370,0.555,0.075] | v1:G0[0.527,0.237,0.236] | v2:G2[0.274,0.225,0.502] | v3:G2[0.080,0.325,0.595] | v4:G1[0.080,0.595,0.325]
[TopoTrace Step 0] v0:G1[0.370,0.555,0.075] | v1:G0[0.527,0.237,0.236] | v2:G2[0.274,0.225,0.502] | v3:G2[0.080,0.325,0.595] | v4:G1[0.080,0.595,0.325]
	iters: 100, epoch: 1 | loss: 0.3349021
	speed: 0.2864s/iter; left time: 813.6239s
[TopoTrace Step 0] v0:G1[0.370,0.555,0.075] | v1:G0[0.527,0.237,0.236] | v2:G2[0.274,0.225,0.502] | v3:G2[0.080,0.325,0.595] | v4:G1[0.080,0.595,0.325]
[TopoTrace Step 0] v0:G1[0.370,0.555,0.075] | v1:G0[0.527,0.237,0.236] | v2:G2[0.274,0.225,0.502] | v3:G2[0.080,0.325,0.595] | v4:G1[0.080,0.595,0.325]
[TopoTrace Step 0] v0:G1[0.370,0.555,0.075] | v1:G0[0.527,0.237,0.236] | v2:G2[0.274,0.225,0.502] | v3:G2[0.080,0.325,0.595] | v4:G1[0.080,0.595,0.325]
[TopoTrace Step 0] v0:G1[0.370,0.555,0.075] | v1:G0[0.527,0.237,0.236] | v2:G2[0.274,0.225,0.502] | v3:G2[0.080,0.325,0.595] | v4:G1[0.080,0.595,0.325]
[TopoTrace Step 0] v0:G1[0.370,0.555,0.075] | v1:G0[0.527,0.237,0.236] | v2:G2[0.274,0.225,0.502] | v3:G2[0.080,0.325,0.595] | v4:G1[0.080,0.595,0.325]
[TopoTrace Step 0] v0:G1[0.370,0.555,0.075] | v1:G0[0.527,0.237,0.236] | v2:G2[0.274,0.225,0.502] | v3:G2[0.080,0.325,0.595] | v4:G1[0.080,0.595,0.325]
[TopoTrace Step 0] v0:G1[0.370,0.555,0.075] | v1:G0[0.527,0.237,0.236] | v2:G2[0.274,0.225,0.502] | v3:G2[0.080,0.325,0.595] | v4:G1[0.080,0.595,0.325]
[TopoTrace Step 0] v0:G1[0.370,0.555,0.075] | v1:G0[0.527,0.237,0.236] | v2:G2[0.274,0.225,0.502] | v3:G2[0.080,0.325,0.595] | v4:G1[0.080,0.595,0.325]
[TopoTrace Step 0] v0:G1[0.370,0.555,0.075] | v1:G0[0.527,0.237,0.236] | v2:G2[0.274,0.225,0.502] | v3:G2[0.080,0.325,0.595] | v4:G1[0.080,0.595,0.325][TopoTrace Step 0] v0:G1[0.370,0.555,0.075] | v1:G0[0.527,0.237,0.236] | v2:G2[0.274,0.225,0.502] | v3:G2[0.080,0.325,0.595] | v4:G1[0.080,0.595,0.325]

[TopoTrace Step 0] v0:G1[0.370,0.555,0.075] | v1:G0[0.527,0.237,0.236] | v2:G2[0.274,0.225,0.502] | v3:G2[0.080,0.325,0.595] | v4:G1[0.080,0.595,0.325]
[TopoTrace Step 0] v0:G1[0.370,0.555,0.075] | v1:G0[0.527,0.237,0.236] | v2:G2[0.274,0.225,0.502] | v3:G2[0.080,0.325,0.595] | v4:G1[0.080,0.595,0.325]
[TopoTrace Step 0] v0:G1[0.370,0.555,0.075] | v1:G0[0.527,0.237,0.236] | v2:G2[0.274,0.225,0.501] | v3:G2[0.080,0.325,0.595] | v4:G1[0.080,0.595,0.325]
[TopoTrace Step 0] v0:G1[0.370,0.555,0.075] | v1:G0[0.527,0.237,0.236] | v2:G2[0.274,0.225,0.501] | v3:G2[0.080,0.325,0.595] | v4:G1[0.080,0.595,0.325]
[TopoTrace Step 0] v0:G1[0.370,0.555,0.075] | v1:G0[0.527,0.237,0.236] | v2:G2[0.274,0.225,0.501] | v3:G2[0.080,0.325,0.595] | v4:G1[0.080,0.595,0.325]
[TopoTrace Step 0] v0:G1[0.370,0.555,0.075] | v1:G0[0.527,0.237,0.236] | v2:G2[0.274,0.225,0.501] | v3:G2[0.080,0.325,0.595] | v4:G1[0.080,0.595,0.325]
[TopoTrace Step 0] v0:G1[0.370,0.555,0.075] | v1:G0[0.527,0.237,0.236] | v2:G2[0.274,0.225,0.501] | v3:G2[0.080,0.325,0.595] | v4:G1[0.080,0.595,0.325]
[TopoTrace Step 0] v0:G1[0.370,0.555,0.075] | v1:G0[0.527,0.237,0.236] | v2:G2[0.274,0.225,0.501] | v3:G2[0.080,0.325,0.595] | v4:G1[0.080,0.595,0.325]
[TopoTrace Step 0] v0:G1[0.370,0.555,0.075] | v1:G0[0.527,0.237,0.236] | v2:G2[0.274,0.225,0.501] | v3:G2[0.080,0.325,0.595] | v4:G1[0.080,0.595,0.325]
[TopoTrace Step 0] v0:G1[0.370,0.555,0.075] | v1:G0[0.527,0.237,0.236] | v2:G2[0.274,0.225,0.501] | v3:G2[0.080,0.325,0.595] | v4:G1[0.080,0.595,0.325]
[TopoTrace Step 0] v0:G1[0.370,0.555,0.075] | v1:G0[0.527,0.237,0.236] | v2:G2[0.274,0.225,0.501] | v3:G2[0.080,0.325,0.595] | v4:G1[0.080,0.595,0.325]
[TopoTrace Step 0] v0:G1[0.370,0.555,0.075] | v1:G0[0.527,0.237,0.236] | v2:G2[0.274,0.225,0.501] | v3:G2[0.080,0.325,0.595] | v4:G1[0.080,0.595,0.325]
[TopoTrace Step 0] v0:G1[0.370,0.555,0.075] | v1:G0[0.527,0.237,0.236] | v2:G2[0.274,0.225,0.502] | v3:G2[0.080,0.325,0.595] | v4:G1[0.080,0.595,0.325]
[TopoTrace Step 0] v0:G1[0.370,0.555,0.075] | v1:G0[0.527,0.237,0.236] | v2:G2[0.274,0.225,0.502] | v3:G2[0.080,0.325,0.595] | v4:G1[0.080,0.595,0.325]
[TopoTrace Step 0] v0:G1[0.370,0.555,0.075] | v1:G0[0.527,0.237,0.236] | v2:G2[0.274,0.225,0.502] | v3:G2[0.080,0.324,0.595] | v4:G1[0.080,0.595,0.325]
[TopoTrace Step 0] v0:G1[0.370,0.555,0.075] | v1:G0[0.527,0.237,0.236] | v2:G2[0.274,0.225,0.502] | v3:G2[0.080,0.324,0.595] | v4:G1[0.080,0.595,0.325]
[TopoTrace Step 0] v0:G1[0.370,0.555,0.075] | v1:G0[0.527,0.237,0.236] | v2:G2[0.274,0.225,0.502] | v3:G2[0.080,0.324,0.595] | v4:G1[0.080,0.595,0.325]
[TopoTrace Step 0] v0:G1[0.370,0.555,0.075] | v1:G0[0.527,0.237,0.236] | v2:G2[0.274,0.225,0.502] | v3:G2[0.080,0.324,0.595] | v4:G1[0.080,0.595,0.325]
[TopoTrace Step 0] v0:G1[0.370,0.555,0.075] | v1:G0[0.527,0.237,0.236] | v2:G2[0.274,0.225,0.502] | v3:G2[0.080,0.324,0.596] | v4:G1[0.080,0.595,0.325]
[TopoTrace Step 0] v0:G1[0.370,0.555,0.075] | v1:G0[0.527,0.237,0.236] | v2:G2[0.274,0.225,0.502] | v3:G2[0.080,0.324,0.596] | v4:G1[0.080,0.595,0.325]
[TopoTrace Step 0] v0:G1[0.370,0.555,0.075] | v1:G0[0.527,0.237,0.236] | v2:G2[0.274,0.225,0.502] | v3:G2[0.080,0.324,0.596] | v4:G1[0.080,0.595,0.325]
[TopoTrace Step 0] v0:G1[0.370,0.555,0.075] | v1:G0[0.527,0.237,0.236] | v2:G2[0.274,0.225,0.502] | v3:G2[0.080,0.324,0.596] | v4:G1[0.080,0.595,0.325]
[TopoTrace Step 0] v0:G1[0.370,0.555,0.075] | v1:G0[0.527,0.237,0.236] | v2:G2[0.274,0.225,0.502] | v3:G2[0.080,0.324,0.596] | v4:G1[0.080,0.595,0.325]
[TopoTrace Step 0] v0:G1[0.370,0.555,0.075] | v1:G0[0.527,0.237,0.236] | v2:G2[0.274,0.225,0.502] | v3:G2[0.080,0.324,0.596] | v4:G1[0.080,0.595,0.325]
[TopoTrace Step 0] v0:G1[0.370,0.555,0.075] | v1:G0[0.527,0.237,0.236] | v2:G2[0.274,0.225,0.502] | v3:G2[0.080,0.324,0.596] | v4:G1[0.080,0.595,0.325]
[TopoTrace Step 0] v0:G1[0.370,0.555,0.075] | v1:G0[0.527,0.237,0.236] | v2:G2[0.274,0.225,0.502] | v3:G2[0.080,0.324,0.596] | v4:G1[0.080,0.595,0.325]
[TopoTrace Step 0] v0:G1[0.370,0.555,0.075] | v1:G0[0.527,0.237,0.236] | v2:G2[0.274,0.225,0.502] | v3:G2[0.080,0.324,0.596] | v4:G1[0.080,0.595,0.325]
[TopoTrace Step 0] v0:G1[0.370,0.555,0.075] | v1:G0[0.527,0.237,0.236] | v2:G2[0.274,0.225,0.502] | v3:G2[0.080,0.324,0.596] | v4:G1[0.080,0.595,0.325]
[TopoTrace Step 0] v0:G1[0.370,0.555,0.075] | v1:G0[0.527,0.237,0.236] | v2:G2[0.274,0.225,0.501] | v3:G2[0.080,0.324,0.596] | v4:G1[0.080,0.595,0.325]
[TopoTrace Step 0] v0:G1[0.370,0.555,0.075] | v1:G0[0.527,0.237,0.236] | v2:G2[0.274,0.225,0.501] | v3:G2[0.080,0.324,0.596] | v4:G1[0.080,0.595,0.325]
[TopoTrace Step 0] v0:G1[0.370,0.555,0.075] | v1:G0[0.527,0.237,0.236] | v2:G2[0.274,0.225,0.501] | v3:G2[0.080,0.324,0.596] | v4:G1[0.080,0.595,0.325]
[TopoTrace Step 0] v0:G1[0.370,0.555,0.075] | v1:G0[0.527,0.237,0.236] | v2:G2[0.274,0.225,0.501] | v3:G2[0.080,0.324,0.596] | v4:G1[0.080,0.595,0.325]
[TopoTrace Step 0] v0:G1[0.370,0.555,0.075] | v1:G0[0.527,0.237,0.236] | v2:G2[0.274,0.225,0.501] | v3:G2[0.080,0.324,0.596] | v4:G1[0.080,0.595,0.325]
[TopoTrace Step 0] v0:G1[0.370,0.555,0.075] | v1:G0[0.527,0.237,0.236] | v2:G2[0.274,0.225,0.501] | v3:G2[0.080,0.324,0.596] | v4:G1[0.080,0.595,0.325]
[TopoTrace Step 0] v0:G1[0.370,0.555,0.075] | v1:G0[0.527,0.237,0.236] | v2:G2[0.274,0.225,0.501] | v3:G2[0.080,0.324,0.596] | v4:G1[0.080,0.595,0.325]
[TopoTrace Step 0] v0:G1[0.370,0.555,0.075] | v1:G0[0.527,0.237,0.236] | v2:G2[0.274,0.225,0.501] | v3:G2[0.080,0.324,0.596] | v4:G1[0.080,0.595,0.325]
[TopoTrace Step 0] v0:G1[0.370,0.555,0.075] | v1:G0[0.528,0.237,0.236] | v2:G2[0.274,0.225,0.501] | v3:G2[0.080,0.324,0.596] | v4:G1[0.080,0.595,0.325]
[TopoTrace Step 0] v0:G1[0.370,0.555,0.075] | v1:G0[0.528,0.237,0.236] | v2:G2[0.274,0.225,0.501] | v3:G2[0.080,0.324,0.596] | v4:G1[0.080,0.595,0.325]
[TopoTrace Step 0] v0:G1[0.370,0.555,0.075] | v1:G0[0.528,0.237,0.236] | v2:G2[0.274,0.225,0.501] | v3:G2[0.080,0.324,0.596] | v4:G1[0.080,0.595,0.325]
[TopoTrace Step 0] v0:G1[0.370,0.555,0.075] | v1:G0[0.528,0.237,0.236] | v2:G2[0.274,0.225,0.501] | v3:G2[0.080,0.324,0.596] | v4:G1[0.080,0.595,0.325]
[TopoTrace Step 0] v0:G1[0.370,0.555,0.075] | v1:G0[0.528,0.237,0.236] | v2:G2[0.274,0.225,0.501] | v3:G2[0.080,0.324,0.596] | v4:G1[0.080,0.595,0.325]
[TopoTrace Step 0] v0:G1[0.370,0.555,0.075] | v1:G0[0.528,0.237,0.236] | v2:G2[0.274,0.225,0.501] | v3:G2[0.080,0.324,0.596] | v4:G1[0.080,0.595,0.325]
[TopoTrace Step 0] v0:G1[0.370,0.555,0.075] | v1:G0[0.528,0.237,0.236] | v2:G2[0.274,0.225,0.501] | v3:G2[0.080,0.324,0.596] | v4:G1[0.080,0.595,0.325]
[TopoTrace Step 0] v0:G1[0.370,0.555,0.075] | v1:G0[0.528,0.237,0.236] | v2:G2[0.274,0.225,0.501] | v3:G2[0.080,0.324,0.596] | v4:G1[0.080,0.595,0.325]
[TopoTrace Step 0] v0:G1[0.370,0.555,0.075] | v1:G0[0.528,0.237,0.236] | v2:G2[0.274,0.225,0.501] | v3:G2[0.080,0.324,0.596] | v4:G1[0.080,0.595,0.325]
[TopoTrace Step 0] v0:G1[0.370,0.555,0.075] | v1:G0[0.528,0.237,0.236] | v2:G2[0.274,0.225,0.501] | v3:G2[0.080,0.324,0.596] | v4:G1[0.080,0.595,0.325]
[TopoTrace Step 0] v0:G1[0.370,0.555,0.075] | v1:G0[0.528,0.237,0.236] | v2:G2[0.274,0.225,0.501] | v3:G2[0.080,0.324,0.596] | v4:G1[0.080,0.595,0.325]
[TopoTrace Step 0] v0:G1[0.370,0.555,0.075] | v1:G0[0.528,0.237,0.236] | v2:G2[0.274,0.225,0.501] | v3:G2[0.080,0.324,0.596] | v4:G1[0.080,0.595,0.325]
[TopoTrace Step 0] v0:G1[0.370,0.555,0.075] | v1:G0[0.528,0.237,0.236] | v2:G2[0.274,0.225,0.501] | v3:G2[0.080,0.324,0.596] | v4:G1[0.080,0.595,0.325]
[TopoTrace Step 0] v0:G1[0.370,0.555,0.075] | v1:G0[0.528,0.237,0.236] | v2:G2[0.274,0.225,0.501] | v3:G2[0.080,0.324,0.596] | v4:G1[0.080,0.595,0.325]
[TopoTrace Step 0] v0:G1[0.370,0.555,0.075] | v1:G0[0.528,0.237,0.236] | v2:G2[0.274,0.225,0.501] | v3:G2[0.080,0.324,0.596] | v4:G1[0.080,0.595,0.325]
[TopoTrace Step 0] v0:G1[0.370,0.555,0.075] | v1:G0[0.528,0.237,0.236] | v2:G2[0.274,0.225,0.501] | v3:G2[0.080,0.324,0.596] | v4:G1[0.080,0.595,0.325]
[TopoTrace Step 0] v0:G1[0.370,0.555,0.075] | v1:G0[0.528,0.237,0.236] | v2:G2[0.274,0.225,0.501] | v3:G2[0.080,0.324,0.596] | v4:G1[0.080,0.595,0.325]
[TopoTrace Step 0] v0:G1[0.370,0.555,0.075] | v1:G0[0.528,0.237,0.236] | v2:G2[0.274,0.225,0.501] | v3:G2[0.080,0.324,0.596] | v4:G1[0.080,0.595,0.325]
[TopoTrace Step 0] v0:G1[0.370,0.555,0.075] | v1:G0[0.528,0.237,0.236] | v2:G2[0.274,0.225,0.501] | v3:G2[0.080,0.324,0.596] | v4:G1[0.080,0.595,0.325]
[TopoTrace Step 0] v0:G1[0.370,0.555,0.075] | v1:G0[0.528,0.237,0.236] | v2:G2[0.274,0.225,0.501] | v3:G2[0.080,0.324,0.596] | v4:G1[0.080,0.595,0.325]
[TopoTrace Step 0] v0:G1[0.370,0.555,0.075] | v1:G0[0.528,0.237,0.236] | v2:G2[0.274,0.225,0.501] | v3:G2[0.080,0.324,0.596] | v4:G1[0.080,0.595,0.325]
[TopoTrace Step 0] v0:G1[0.370,0.555,0.075] | v1:G0[0.528,0.237,0.236] | v2:G2[0.274,0.225,0.501] | v3:G2[0.080,0.324,0.596] | v4:G1[0.080,0.595,0.325]
[TopoTrace Step 0] v0:G1[0.370,0.555,0.075] | v1:G0[0.528,0.237,0.236] | v2:G2[0.274,0.225,0.501] | v3:G2[0.080,0.324,0.596] | v4:G1[0.080,0.595,0.325]
[TopoTrace Step 0] v0:G1[0.370,0.555,0.075] | v1:G0[0.528,0.237,0.236] | v2:G2[0.274,0.225,0.501] | v3:G2[0.080,0.324,0.596] | v4:G1[0.080,0.595,0.325]
[TopoTrace Step 0] v0:G1[0.370,0.555,0.075] | v1:G0[0.528,0.237,0.236] | v2:G2[0.274,0.225,0.501] | v3:G2[0.080,0.324,0.596] | v4:G1[0.080,0.595,0.325]
[TopoTrace Step 0] v0:G1[0.370,0.555,0.075] | v1:G0[0.528,0.237,0.236] | v2:G2[0.274,0.225,0.501] | v3:G2[0.080,0.324,0.596] | v4:G1[0.080,0.595,0.325]
[TopoTrace Step 0] v0:G1[0.370,0.555,0.075] | v1:G0[0.528,0.237,0.236] | v2:G2[0.274,0.225,0.501] | v3:G2[0.080,0.324,0.596] | v4:G1[0.080,0.595,0.325]
[TopoTrace Step 0] v0:G1[0.370,0.555,0.075] | v1:G0[0.528,0.237,0.236] | v2:G2[0.274,0.225,0.501] | v3:G2[0.080,0.324,0.596] | v4:G1[0.080,0.595,0.325]
[TopoTrace Step 0] v0:G1[0.370,0.555,0.075] | v1:G0[0.528,0.237,0.236] | v2:G2[0.274,0.225,0.501] | v3:G2[0.080,0.324,0.596] | v4:G1[0.080,0.595,0.325]
[TopoTrace Step 0] v0:G1[0.370,0.555,0.075] | v1:G0[0.528,0.237,0.236] | v2:G2[0.274,0.225,0.501] | v3:G2[0.080,0.324,0.596] | v4:G1[0.080,0.595,0.325]
[TopoTrace Step 0] v0:G1[0.370,0.555,0.075] | v1:G0[0.528,0.237,0.236] | v2:G2[0.274,0.225,0.501] | v3:G2[0.080,0.324,0.596] | v4:G1[0.080,0.595,0.325]
[TopoTrace Step 0] v0:G1[0.370,0.555,0.075] | v1:G0[0.528,0.237,0.236] | v2:G2[0.274,0.225,0.501] | v3:G2[0.080,0.324,0.596] | v4:G1[0.080,0.595,0.325]
[TopoTrace Step 0] v0:G1[0.370,0.555,0.075] | v1:G0[0.528,0.237,0.236] | v2:G2[0.274,0.225,0.501] | v3:G2[0.080,0.324,0.596] | v4:G1[0.080,0.595,0.325]
[TopoTrace Step 0] v0:G1[0.370,0.555,0.075] | v1:G0[0.528,0.237,0.236] | v2:G2[0.274,0.225,0.501] | v3:G2[0.080,0.324,0.596] | v4:G1[0.080,0.595,0.325]
[TopoTrace Step 0] v0:G1[0.370,0.555,0.074] | v1:G0[0.528,0.237,0.236] | v2:G2[0.274,0.225,0.501] | v3:G2[0.080,0.324,0.596] | v4:G1[0.080,0.595,0.325]
[TopoTrace Step 0] v0:G1[0.370,0.555,0.074] | v1:G0[0.528,0.237,0.236] | v2:G2[0.274,0.225,0.501] | v3:G2[0.080,0.324,0.596] | v4:G1[0.080,0.595,0.325]
[TopoTrace Step 0] v0:G1[0.370,0.555,0.074] | v1:G0[0.528,0.237,0.236] | v2:G2[0.274,0.225,0.501] | v3:G2[0.080,0.324,0.596] | v4:G1[0.080,0.595,0.325]
[TopoTrace Step 0] v0:G1[0.370,0.555,0.074] | v1:G0[0.528,0.237,0.236] | v2:G2[0.274,0.225,0.501] | v3:G2[0.080,0.324,0.596] | v4:G1[0.080,0.595,0.325]
[TopoTrace Step 0] v0:G1[0.370,0.555,0.074] | v1:G0[0.528,0.237,0.236] | v2:G2[0.274,0.225,0.501] | v3:G2[0.080,0.324,0.596] | v4:G1[0.080,0.595,0.325]
[TopoTrace Step 0] v0:G1[0.370,0.555,0.074] | v1:G0[0.528,0.237,0.236] | v2:G2[0.274,0.225,0.501] | v3:G2[0.080,0.324,0.596] | v4:G1[0.080,0.595,0.325]
[TopoTrace Step 0] v0:G1[0.370,0.555,0.074] | v1:G0[0.528,0.237,0.236] | v2:G2[0.274,0.225,0.501] | v3:G2[0.080,0.324,0.596] | v4:G1[0.080,0.595,0.325]
[TopoTrace Step 0] v0:G1[0.370,0.555,0.074] | v1:G0[0.528,0.237,0.236] | v2:G2[0.274,0.225,0.501] | v3:G2[0.080,0.324,0.596] | v4:G1[0.080,0.595,0.325]
[TopoTrace Step 0] v0:G1[0.370,0.555,0.074] | v1:G0[0.528,0.237,0.236] | v2:G2[0.274,0.225,0.501] | v3:G2[0.080,0.324,0.596] | v4:G1[0.080,0.595,0.325][TopoTrace Step 0] v0:G1[0.370,0.555,0.074] | v1:G0[0.528,0.237,0.236] | v2:G2[0.274,0.225,0.501] | v3:G2[0.080,0.324,0.596] | v4:G1[0.080,0.595,0.325]

[TopoTrace Step 0] v0:G1[0.370,0.555,0.074] | v1:G0[0.528,0.236,0.236] | v2:G2[0.274,0.225,0.501] | v3:G2[0.080,0.324,0.596] | v4:G1[0.080,0.595,0.325][TopoTrace Step 0] v0:G1[0.370,0.555,0.074] | v1:G0[0.528,0.236,0.236] | v2:G2[0.274,0.225,0.501] | v3:G2[0.080,0.324,0.596] | v4:G1[0.080,0.595,0.325]

[TopoTrace Step 0] v0:G1[0.370,0.555,0.074] | v1:G0[0.528,0.236,0.236] | v2:G2[0.274,0.225,0.501] | v3:G2[0.080,0.324,0.596] | v4:G1[0.080,0.595,0.325]
[TopoTrace Step 0] v0:G1[0.370,0.555,0.074] | v1:G0[0.528,0.236,0.236] | v2:G2[0.274,0.225,0.501] | v3:G2[0.080,0.324,0.596] | v4:G1[0.080,0.595,0.325]
[TopoTrace Step 0] v0:G1[0.370,0.555,0.074] | v1:G0[0.528,0.236,0.236] | v2:G2[0.274,0.225,0.501] | v3:G2[0.080,0.324,0.596] | v4:G1[0.080,0.595,0.325]
[TopoTrace Step 0] v0:G1[0.370,0.555,0.074] | v1:G0[0.528,0.236,0.236] | v2:G2[0.274,0.225,0.501] | v3:G2[0.080,0.324,0.596] | v4:G1[0.080,0.595,0.325]
[TopoTrace Step 0] v0:G1[0.370,0.555,0.074] | v1:G0[0.528,0.236,0.236] | v2:G2[0.274,0.225,0.501] | v3:G2[0.080,0.324,0.596] | v4:G1[0.080,0.595,0.325]
[TopoTrace Step 0] v0:G1[0.370,0.555,0.074] | v1:G0[0.528,0.236,0.236] | v2:G2[0.274,0.225,0.501] | v3:G2[0.080,0.324,0.596] | v4:G1[0.080,0.595,0.325]
[TopoTrace Step 0] v0:G1[0.370,0.555,0.074] | v1:G0[0.528,0.236,0.236] | v2:G2[0.274,0.225,0.501] | v3:G2[0.080,0.324,0.596] | v4:G1[0.080,0.595,0.325]
[TopoTrace Step 0] v0:G1[0.370,0.555,0.074] | v1:G0[0.528,0.236,0.236] | v2:G2[0.274,0.225,0.501] | v3:G2[0.080,0.324,0.596] | v4:G1[0.080,0.595,0.325]
[TopoTrace Step 0] v0:G1[0.370,0.555,0.074] | v1:G0[0.528,0.236,0.236] | v2:G2[0.274,0.225,0.501] | v3:G2[0.080,0.324,0.596] | v4:G1[0.080,0.595,0.325]
[TopoTrace Step 0] v0:G1[0.370,0.555,0.074] | v1:G0[0.528,0.236,0.236] | v2:G2[0.274,0.225,0.501] | v3:G2[0.080,0.324,0.596] | v4:G1[0.080,0.595,0.325]
[TopoTrace Step 0] v0:G1[0.370,0.555,0.074] | v1:G0[0.528,0.236,0.236] | v2:G2[0.274,0.225,0.501] | v3:G2[0.080,0.324,0.596] | v4:G1[0.080,0.595,0.325]
[TopoTrace Step 0] v0:G1[0.370,0.555,0.074] | v1:G0[0.528,0.236,0.236] | v2:G2[0.274,0.225,0.501] | v3:G2[0.080,0.324,0.596] | v4:G1[0.080,0.595,0.325]
[TopoTrace Step 0] v0:G1[0.370,0.555,0.074] | v1:G0[0.528,0.236,0.236] | v2:G2[0.274,0.225,0.501] | v3:G2[0.080,0.324,0.596] | v4:G1[0.080,0.595,0.325]
[TopoTrace Step 0] v0:G1[0.370,0.555,0.074] | v1:G0[0.528,0.236,0.236] | v2:G2[0.274,0.225,0.501] | v3:G2[0.080,0.324,0.596] | v4:G1[0.080,0.595,0.325]
[TopoTrace Step 0] v0:G1[0.370,0.555,0.074] | v1:G0[0.528,0.236,0.236] | v2:G2[0.274,0.225,0.501] | v3:G2[0.080,0.324,0.596] | v4:G1[0.080,0.595,0.325]
[TopoTrace Step 0] v0:G1[0.370,0.555,0.074] | v1:G0[0.528,0.236,0.236] | v2:G2[0.274,0.225,0.501] | v3:G2[0.080,0.324,0.596] | v4:G1[0.080,0.595,0.325]
[TopoTrace Step 0] v0:G1[0.370,0.555,0.074] | v1:G0[0.528,0.236,0.236] | v2:G2[0.274,0.225,0.501] | v3:G2[0.080,0.324,0.596] | v4:G1[0.080,0.595,0.325]
[TopoTrace Step 0] v0:G1[0.370,0.555,0.074] | v1:G0[0.528,0.236,0.236] | v2:G2[0.274,0.225,0.501] | v3:G2[0.080,0.324,0.596] | v4:G1[0.080,0.595,0.325]
[TopoTrace Step 0] v0:G1[0.370,0.555,0.074] | v1:G0[0.528,0.236,0.236] | v2:G2[0.274,0.225,0.501] | v3:G2[0.080,0.324,0.597] | v4:G1[0.080,0.595,0.325]
[TopoTrace Step 0] v0:G1[0.370,0.555,0.074] | v1:G0[0.528,0.236,0.236] | v2:G2[0.274,0.225,0.501] | v3:G2[0.080,0.324,0.597] | v4:G1[0.080,0.595,0.325]
[TopoTrace Step 0] v0:G1[0.370,0.555,0.074] | v1:G0[0.528,0.236,0.236] | v2:G2[0.274,0.225,0.501] | v3:G2[0.080,0.324,0.597] | v4:G1[0.080,0.595,0.325]
[TopoTrace Step 0] v0:G1[0.370,0.555,0.074] | v1:G0[0.528,0.236,0.236] | v2:G2[0.274,0.225,0.501] | v3:G2[0.080,0.324,0.597] | v4:G1[0.080,0.595,0.325]
[TopoTrace Step 0] v0:G1[0.370,0.555,0.074] | v1:G0[0.528,0.236,0.236] | v2:G2[0.274,0.225,0.501] | v3:G2[0.080,0.324,0.597] | v4:G1[0.080,0.595,0.325]
[TopoTrace Step 0] v0:G1[0.370,0.555,0.074] | v1:G0[0.528,0.236,0.236] | v2:G2[0.274,0.225,0.501] | v3:G2[0.080,0.324,0.597] | v4:G1[0.080,0.595,0.325]
[TopoTrace Step 0] v0:G1[0.370,0.555,0.074] | v1:G0[0.528,0.236,0.236] | v2:G2[0.274,0.225,0.501] | v3:G2[0.080,0.324,0.597] | v4:G1[0.080,0.595,0.325]
[TopoTrace Step 0] v0:G1[0.370,0.555,0.074] | v1:G0[0.528,0.236,0.236] | v2:G2[0.274,0.225,0.501] | v3:G2[0.080,0.324,0.597] | v4:G1[0.080,0.595,0.325]
[TopoTrace Step 0] v0:G1[0.370,0.555,0.074] | v1:G0[0.528,0.236,0.236] | v2:G2[0.274,0.225,0.501] | v3:G2[0.080,0.324,0.597] | v4:G1[0.080,0.595,0.325]
[TopoTrace Step 0] v0:G1[0.370,0.555,0.074] | v1:G0[0.528,0.236,0.236] | v2:G2[0.274,0.225,0.501] | v3:G2[0.080,0.324,0.597] | v4:G1[0.080,0.595,0.325]
[TopoTrace Step 0] v0:G1[0.370,0.555,0.074] | v1:G0[0.528,0.236,0.236] | v2:G2[0.274,0.225,0.501] | v3:G2[0.080,0.323,0.597] | v4:G1[0.080,0.595,0.325]
[TopoTrace Step 0] v0:G1[0.370,0.555,0.074] | v1:G0[0.528,0.236,0.236] | v2:G2[0.274,0.225,0.501] | v3:G2[0.080,0.323,0.597] | v4:G1[0.080,0.595,0.325]
[TopoTrace Step 0] v0:G1[0.370,0.555,0.074] | v1:G0[0.528,0.236,0.236] | v2:G2[0.274,0.225,0.501] | v3:G2[0.080,0.323,0.597] | v4:G1[0.080,0.595,0.325]
[TopoTrace Step 0] v0:G1[0.370,0.555,0.074] | v1:G0[0.528,0.236,0.236] | v2:G2[0.274,0.225,0.501] | v3:G2[0.080,0.323,0.597] | v4:G1[0.080,0.595,0.325]
[TopoTrace Step 0] v0:G1[0.370,0.555,0.074] | v1:G0[0.528,0.236,0.236] | v2:G2[0.274,0.225,0.501] | v3:G2[0.080,0.323,0.597] | v4:G1[0.080,0.595,0.325]
[TopoTrace Step 0] v0:G1[0.370,0.555,0.074] | v1:G0[0.528,0.236,0.236] | v2:G2[0.274,0.225,0.501] | v3:G2[0.080,0.323,0.597] | v4:G1[0.080,0.595,0.325]
[TopoTrace Step 0] v0:G1[0.370,0.555,0.074] | v1:G0[0.528,0.236,0.236] | v2:G2[0.274,0.225,0.501] | v3:G2[0.080,0.323,0.597] | v4:G1[0.080,0.595,0.325]
[TopoTrace Step 0] v0:G1[0.370,0.555,0.074] | v1:G0[0.528,0.236,0.236] | v2:G2[0.274,0.225,0.501] | v3:G2[0.080,0.323,0.597] | v4:G1[0.080,0.595,0.325]
[TopoTrace Step 0] v0:G1[0.370,0.555,0.074] | v1:G0[0.528,0.236,0.236] | v2:G2[0.274,0.225,0.501] | v3:G2[0.080,0.323,0.597] | v4:G1[0.080,0.595,0.325]
[TopoTrace Step 0] v0:G1[0.370,0.555,0.074] | v1:G0[0.528,0.236,0.236] | v2:G2[0.274,0.225,0.501] | v3:G2[0.080,0.323,0.597] | v4:G1[0.080,0.595,0.325]
[TopoTrace Step 0] v0:G1[0.370,0.555,0.074] | v1:G0[0.528,0.236,0.236] | v2:G2[0.274,0.225,0.501] | v3:G2[0.080,0.323,0.597] | v4:G1[0.080,0.595,0.325]
[TopoTrace Step 0] v0:G1[0.370,0.555,0.074] | v1:G0[0.528,0.236,0.236] | v2:G2[0.274,0.225,0.501] | v3:G2[0.080,0.323,0.597] | v4:G1[0.080,0.595,0.325]
[TopoTrace Step 0] v0:G1[0.370,0.555,0.074] | v1:G0[0.528,0.236,0.236] | v2:G2[0.274,0.225,0.501] | v3:G2[0.080,0.323,0.597] | v4:G1[0.080,0.595,0.325]
[TopoTrace Step 0] v0:G1[0.370,0.555,0.074] | v1:G0[0.528,0.236,0.236] | v2:G2[0.274,0.225,0.501] | v3:G2[0.080,0.323,0.597] | v4:G1[0.080,0.595,0.325]
[TopoTrace Step 0] v0:G1[0.370,0.555,0.074] | v1:G0[0.528,0.236,0.236] | v2:G2[0.274,0.225,0.501] | v3:G2[0.080,0.323,0.597] | v4:G1[0.080,0.595,0.325]
[TopoTrace Step 0] v0:G1[0.370,0.555,0.074] | v1:G0[0.528,0.236,0.236] | v2:G2[0.274,0.225,0.501] | v3:G2[0.080,0.323,0.597] | v4:G1[0.080,0.595,0.325]
[TopoTrace Step 0] v0:G1[0.370,0.555,0.074] | v1:G0[0.528,0.236,0.236] | v2:G2[0.274,0.225,0.501] | v3:G2[0.080,0.323,0.597] | v4:G1[0.080,0.595,0.325]
[TopoTrace Step 0] v0:G1[0.370,0.555,0.074] | v1:G0[0.528,0.236,0.236] | v2:G2[0.274,0.225,0.501] | v3:G2[0.080,0.323,0.597] | v4:G1[0.080,0.595,0.325]
[TopoTrace Step 0] v0:G1[0.370,0.555,0.074] | v1:G0[0.528,0.236,0.236] | v2:G2[0.274,0.225,0.501] | v3:G2[0.080,0.323,0.597] | v4:G1[0.080,0.595,0.325]
[TopoTrace Step 0] v0:G1[0.370,0.555,0.074] | v1:G0[0.528,0.236,0.236] | v2:G2[0.274,0.225,0.501] | v3:G2[0.080,0.323,0.597] | v4:G1[0.080,0.595,0.325]
[TopoTrace Step 0] v0:G1[0.370,0.555,0.074] | v1:G0[0.528,0.236,0.236] | v2:G2[0.274,0.225,0.501] | v3:G2[0.080,0.323,0.597] | v4:G1[0.080,0.595,0.325]
[TopoTrace Step 0] v0:G1[0.370,0.555,0.074] | v1:G0[0.528,0.236,0.236] | v2:G2[0.274,0.225,0.501] | v3:G2[0.080,0.323,0.597] | v4:G1[0.080,0.595,0.325]
[TopoTrace Step 0] v0:G1[0.370,0.555,0.074] | v1:G0[0.528,0.236,0.235] | v2:G2[0.274,0.225,0.501] | v3:G2[0.080,0.323,0.597] | v4:G1[0.080,0.595,0.325]
[TopoTrace Step 0] v0:G1[0.370,0.555,0.074] | v1:G0[0.528,0.236,0.235] | v2:G2[0.274,0.225,0.501] | v3:G2[0.080,0.323,0.597] | v4:G1[0.080,0.595,0.325]
[TopoTrace Step 0] v0:G1[0.370,0.555,0.074] | v1:G0[0.528,0.236,0.235] | v2:G2[0.274,0.225,0.501] | v3:G2[0.080,0.323,0.597] | v4:G1[0.080,0.595,0.325]
[TopoTrace Step 0] v0:G1[0.370,0.555,0.074] | v1:G0[0.528,0.236,0.235] | v2:G2[0.274,0.225,0.501] | v3:G2[0.080,0.323,0.597] | v4:G1[0.080,0.595,0.325]
[TopoTrace Step 0] v0:G1[0.370,0.555,0.074] | v1:G0[0.528,0.236,0.235] | v2:G2[0.274,0.225,0.501] | v3:G2[0.080,0.323,0.597] | v4:G1[0.080,0.595,0.325]
[TopoTrace Step 0] v0:G1[0.370,0.555,0.074] | v1:G0[0.528,0.236,0.235] | v2:G2[0.274,0.225,0.501] | v3:G2[0.080,0.323,0.597] | v4:G1[0.080,0.595,0.325]
[TopoTrace Step 0] v0:G1[0.370,0.555,0.074] | v1:G0[0.528,0.236,0.235] | v2:G2[0.274,0.225,0.501] | v3:G2[0.080,0.323,0.597] | v4:G1[0.080,0.595,0.325]
[TopoTrace Step 0] v0:G1[0.370,0.555,0.074] | v1:G0[0.528,0.236,0.235] | v2:G2[0.274,0.225,0.501] | v3:G2[0.080,0.323,0.597] | v4:G1[0.080,0.595,0.325]
[TopoTrace Step 0] v0:G1[0.370,0.555,0.074] | v1:G0[0.528,0.236,0.235] | v2:G2[0.274,0.225,0.501] | v3:G2[0.080,0.323,0.597] | v4:G1[0.080,0.595,0.325]
[TopoTrace Step 0] v0:G1[0.370,0.555,0.074] | v1:G0[0.528,0.236,0.235] | v2:G2[0.274,0.225,0.501] | v3:G2[0.080,0.323,0.597] | v4:G1[0.080,0.595,0.325]
[TopoTrace Step 0] v0:G1[0.370,0.555,0.074] | v1:G0[0.528,0.236,0.235] | v2:G2[0.274,0.225,0.501] | v3:G2[0.080,0.323,0.597] | v4:G1[0.080,0.595,0.325]
[TopoTrace Step 0] v0:G1[0.370,0.555,0.074] | v1:G0[0.528,0.236,0.235] | v2:G2[0.274,0.225,0.501] | v3:G2[0.080,0.323,0.597] | v4:G1[0.080,0.595,0.325]
[TopoTrace Step 0] v0:G1[0.370,0.555,0.074] | v1:G0[0.528,0.236,0.235] | v2:G2[0.274,0.225,0.501] | v3:G2[0.080,0.323,0.597] | v4:G1[0.080,0.595,0.325]
[TopoTrace Step 0] v0:G1[0.370,0.555,0.074] | v1:G0[0.528,0.236,0.235] | v2:G2[0.274,0.225,0.501] | v3:G2[0.080,0.323,0.597] | v4:G1[0.080,0.595,0.325]
[TopoTrace Step 0] v0:G1[0.370,0.555,0.074] | v1:G0[0.528,0.236,0.235] | v2:G2[0.274,0.225,0.501] | v3:G2[0.080,0.323,0.597] | v4:G1[0.080,0.595,0.325]
[TopoTrace Step 0] v0:G1[0.370,0.555,0.074] | v1:G0[0.528,0.236,0.235] | v2:G2[0.274,0.225,0.501] | v3:G2[0.080,0.323,0.597] | v4:G1[0.080,0.595,0.325]
[TopoTrace Step 0] v0:G1[0.370,0.555,0.074] | v1:G0[0.528,0.236,0.235] | v2:G2[0.274,0.225,0.501] | v3:G2[0.080,0.323,0.597] | v4:G1[0.080,0.595,0.325]
[TopoTrace Step 0] v0:G1[0.370,0.555,0.074] | v1:G0[0.528,0.236,0.235] | v2:G2[0.274,0.225,0.501] | v3:G2[0.080,0.323,0.597] | v4:G1[0.080,0.595,0.325]
[TopoTrace Step 0] v0:G1[0.370,0.555,0.074] | v1:G0[0.528,0.236,0.235] | v2:G2[0.274,0.225,0.501] | v3:G2[0.080,0.323,0.597] | v4:G1[0.080,0.595,0.325]
[TopoTrace Step 0] v0:G1[0.370,0.555,0.074] | v1:G0[0.528,0.236,0.235] | v2:G2[0.274,0.225,0.501] | v3:G2[0.080,0.323,0.597] | v4:G1[0.080,0.595,0.325]
[TopoTrace Step 0] v0:G1[0.370,0.555,0.074] | v1:G0[0.528,0.236,0.235] | v2:G2[0.274,0.225,0.501] | v3:G2[0.080,0.323,0.597] | v4:G1[0.080,0.595,0.325]
[TopoTrace Step 0] v0:G1[0.370,0.555,0.074] | v1:G0[0.528,0.236,0.235] | v2:G2[0.274,0.225,0.501] | v3:G2[0.080,0.323,0.597] | v4:G1[0.080,0.595,0.325]
[TopoTrace Step 0] v0:G1[0.370,0.555,0.074] | v1:G0[0.528,0.236,0.235] | v2:G2[0.274,0.225,0.501] | v3:G2[0.080,0.323,0.597] | v4:G1[0.080,0.595,0.325]
[TopoTrace Step 0] v0:G1[0.370,0.555,0.074] | v1:G0[0.528,0.236,0.235] | v2:G2[0.274,0.225,0.501] | v3:G2[0.080,0.323,0.597] | v4:G1[0.080,0.595,0.325]
[TopoTrace Step 0] v0:G1[0.370,0.555,0.074] | v1:G0[0.528,0.236,0.235] | v2:G2[0.274,0.225,0.501] | v3:G2[0.080,0.323,0.597] | v4:G1[0.080,0.595,0.325]
[TopoTrace Step 0] v0:G1[0.370,0.555,0.074] | v1:G0[0.528,0.236,0.235] | v2:G2[0.274,0.225,0.501] | v3:G2[0.080,0.323,0.597] | v4:G1[0.080,0.595,0.325]
[TopoTrace Step 0] v0:G1[0.370,0.555,0.074] | v1:G0[0.528,0.236,0.235] | v2:G2[0.274,0.225,0.501] | v3:G2[0.080,0.323,0.597] | v4:G1[0.080,0.595,0.325]
[TopoTrace Step 0] v0:G1[0.370,0.555,0.074] | v1:G0[0.528,0.236,0.235] | v2:G2[0.274,0.225,0.501] | v3:G2[0.080,0.323,0.597] | v4:G1[0.080,0.595,0.325]
[TopoTrace Step 0] v0:G1[0.370,0.555,0.074] | v1:G0[0.529,0.236,0.235] | v2:G2[0.274,0.225,0.501] | v3:G2[0.080,0.323,0.597] | v4:G1[0.080,0.595,0.325]
[TopoTrace Step 0] v0:G1[0.370,0.555,0.074] | v1:G0[0.529,0.236,0.235] | v2:G2[0.274,0.225,0.501] | v3:G2[0.080,0.323,0.597] | v4:G1[0.080,0.595,0.325]
[TopoTrace Step 0] v0:G1[0.370,0.555,0.074] | v1:G0[0.529,0.236,0.235] | v2:G2[0.274,0.225,0.501] | v3:G2[0.080,0.323,0.597] | v4:G1[0.080,0.595,0.325]
[TopoTrace Step 0] v0:G1[0.370,0.555,0.074] | v1:G0[0.529,0.236,0.235] | v2:G2[0.274,0.225,0.501] | v3:G2[0.080,0.323,0.597] | v4:G1[0.080,0.595,0.325]
[TopoTrace Step 0] v0:G1[0.370,0.555,0.074] | v1:G0[0.529,0.236,0.235] | v2:G2[0.274,0.225,0.501] | v3:G2[0.080,0.323,0.597] | v4:G1[0.080,0.595,0.325]
[TopoTrace Step 0] v0:G1[0.370,0.555,0.074] | v1:G0[0.529,0.236,0.235] | v2:G2[0.274,0.225,0.501] | v3:G2[0.080,0.323,0.597] | v4:G1[0.080,0.595,0.325]
[TopoTrace Step 0] v0:G1[0.370,0.555,0.074] | v1:G0[0.529,0.236,0.235] | v2:G2[0.274,0.225,0.501] | v3:G2[0.080,0.323,0.597] | v4:G1[0.080,0.595,0.325]
[TopoTrace Step 0] v0:G1[0.370,0.555,0.074] | v1:G0[0.529,0.236,0.235] | v2:G2[0.274,0.225,0.501] | v3:G2[0.080,0.323,0.597] | v4:G1[0.080,0.595,0.325]
[TopoTrace Step 0] v0:G1[0.370,0.555,0.074] | v1:G0[0.529,0.236,0.235] | v2:G2[0.274,0.225,0.501] | v3:G2[0.080,0.323,0.598] | v4:G1[0.080,0.595,0.325]
[TopoTrace Step 0] v0:G1[0.370,0.555,0.074] | v1:G0[0.529,0.236,0.235] | v2:G2[0.274,0.225,0.501] | v3:G2[0.080,0.323,0.598] | v4:G1[0.080,0.595,0.325]
[TopoTrace Step 0] v0:G1[0.370,0.555,0.074] | v1:G0[0.529,0.236,0.235] | v2:G2[0.274,0.225,0.501] | v3:G2[0.080,0.323,0.598] | v4:G1[0.080,0.595,0.325]
[TopoTrace Step 0] v0:G1[0.370,0.555,0.074] | v1:G0[0.529,0.236,0.235] | v2:G2[0.274,0.225,0.501] | v3:G2[0.080,0.323,0.598] | v4:G1[0.080,0.595,0.325]
[TopoTrace Step 0] v0:G1[0.370,0.555,0.074] | v1:G0[0.529,0.236,0.235] | v2:G2[0.274,0.225,0.501] | v3:G2[0.080,0.323,0.598] | v4:G1[0.080,0.595,0.325]
[TopoTrace Step 0] v0:G1[0.370,0.555,0.074] | v1:G0[0.529,0.236,0.235] | v2:G2[0.274,0.225,0.501] | v3:G2[0.080,0.323,0.598] | v4:G1[0.080,0.595,0.325]
[TopoTrace Step 0] v0:G1[0.370,0.555,0.074] | v1:G0[0.529,0.236,0.235] | v2:G2[0.274,0.225,0.501] | v3:G2[0.080,0.323,0.598] | v4:G1[0.080,0.595,0.325]
[TopoTrace Step 0] v0:G1[0.370,0.555,0.074] | v1:G0[0.529,0.236,0.235] | v2:G2[0.274,0.225,0.501] | v3:G2[0.080,0.323,0.598] | v4:G1[0.080,0.595,0.325]
[TopoTrace Step 0] v0:G1[0.370,0.555,0.074] | v1:G0[0.529,0.236,0.235] | v2:G2[0.274,0.225,0.501] | v3:G2[0.080,0.323,0.598] | v4:G1[0.080,0.595,0.325]
[TopoTrace Step 0] v0:G1[0.370,0.555,0.074] | v1:G0[0.529,0.236,0.235] | v2:G2[0.274,0.225,0.501] | v3:G2[0.080,0.323,0.598] | v4:G1[0.080,0.595,0.325]
[TopoTrace Step 0] v0:G1[0.370,0.555,0.074] | v1:G0[0.529,0.236,0.235] | v2:G2[0.274,0.225,0.501] | v3:G2[0.080,0.323,0.598] | v4:G1[0.080,0.595,0.325]
[TopoTrace Step 0] v0:G1[0.370,0.555,0.074] | v1:G0[0.529,0.236,0.235] | v2:G2[0.274,0.225,0.501] | v3:G2[0.080,0.323,0.598] | v4:G1[0.080,0.595,0.325]
[TopoTrace Step 0] v0:G1[0.370,0.555,0.074] | v1:G0[0.529,0.236,0.235] | v2:G2[0.274,0.225,0.501] | v3:G2[0.080,0.323,0.598] | v4:G1[0.080,0.595,0.325]
[TopoTrace Step 0] v0:G1[0.370,0.555,0.074] | v1:G0[0.529,0.236,0.235] | v2:G2[0.274,0.225,0.501] | v3:G2[0.080,0.323,0.598] | v4:G1[0.080,0.595,0.325]
[TopoTrace Step 0] v0:G1[0.370,0.555,0.074] | v1:G0[0.529,0.236,0.235] | v2:G2[0.274,0.225,0.501] | v3:G2[0.080,0.323,0.598] | v4:G1[0.080,0.595,0.325]
[TopoTrace Step 0] v0:G1[0.370,0.555,0.074] | v1:G0[0.529,0.236,0.235] | v2:G2[0.274,0.225,0.501] | v3:G2[0.080,0.323,0.598] | v4:G1[0.080,0.595,0.325]
[TopoTrace Step 0] v0:G1[0.370,0.555,0.074] | v1:G0[0.529,0.236,0.235] | v2:G2[0.274,0.225,0.501] | v3:G2[0.080,0.323,0.598] | v4:G1[0.080,0.595,0.325]
[TopoTrace Step 0] v0:G1[0.370,0.555,0.074] | v1:G0[0.529,0.236,0.235] | v2:G2[0.274,0.225,0.501] | v3:G2[0.080,0.323,0.598] | v4:G1[0.080,0.595,0.325]
[TopoTrace Step 0] v0:G1[0.370,0.555,0.074] | v1:G0[0.529,0.236,0.235] | v2:G2[0.274,0.225,0.501] | v3:G2[0.080,0.323,0.598] | v4:G1[0.080,0.595,0.325]
[TopoTrace Step 0] v0:G1[0.370,0.555,0.074] | v1:G0[0.529,0.236,0.235] | v2:G2[0.274,0.225,0.501] | v3:G2[0.080,0.323,0.598] | v4:G1[0.080,0.595,0.325]
[TopoTrace Step 0] v0:G1[0.370,0.555,0.074] | v1:G0[0.529,0.236,0.235] | v2:G2[0.274,0.225,0.501] | v3:G2[0.080,0.323,0.598] | v4:G1[0.080,0.595,0.325]
[TopoTrace Step 0] v0:G1[0.370,0.555,0.074] | v1:G0[0.529,0.236,0.235] | v2:G2[0.274,0.225,0.501] | v3:G2[0.080,0.323,0.598] | v4:G1[0.080,0.595,0.325]
	iters: 200, epoch: 1 | loss: 0.4430092
	speed: 0.2356s/iter; left time: 645.9147s
[TopoTrace Step 0] v0:G1[0.370,0.555,0.074] | v1:G0[0.529,0.236,0.235] | v2:G2[0.274,0.225,0.501] | v3:G2[0.080,0.323,0.598] | v4:G1[0.080,0.595,0.325]
[TopoTrace Step 0] v0:G1[0.370,0.555,0.074] | v1:G0[0.529,0.236,0.235] | v2:G2[0.274,0.225,0.501] | v3:G2[0.080,0.323,0.598] | v4:G1[0.080,0.595,0.325]
[TopoTrace Step 0] v0:G1[0.370,0.555,0.074] | v1:G0[0.529,0.236,0.235] | v2:G2[0.274,0.225,0.501] | v3:G2[0.080,0.322,0.598] | v4:G1[0.080,0.595,0.325]
[TopoTrace Step 0] v0:G1[0.370,0.555,0.074] | v1:G0[0.529,0.236,0.235] | v2:G2[0.274,0.225,0.501] | v3:G2[0.080,0.322,0.598] | v4:G1[0.080,0.595,0.325]
[TopoTrace Step 0] v0:G1[0.370,0.555,0.074] | v1:G0[0.529,0.236,0.235] | v2:G2[0.274,0.225,0.501] | v3:G2[0.080,0.322,0.598] | v4:G1[0.080,0.595,0.325]
[TopoTrace Step 0] v0:G1[0.370,0.555,0.074] | v1:G0[0.529,0.236,0.235] | v2:G2[0.274,0.225,0.501] | v3:G2[0.080,0.322,0.598] | v4:G1[0.080,0.595,0.325]
[TopoTrace Step 0] v0:G1[0.370,0.555,0.074] | v1:G0[0.529,0.236,0.235] | v2:G2[0.274,0.225,0.501] | v3:G2[0.080,0.322,0.598] | v4:G1[0.080,0.595,0.325]
[TopoTrace Step 0] v0:G1[0.370,0.555,0.074] | v1:G0[0.529,0.236,0.235] | v2:G2[0.274,0.225,0.501] | v3:G2[0.080,0.322,0.598] | v4:G1[0.080,0.595,0.325]
[TopoTrace Step 0] v0:G1[0.370,0.555,0.074] | v1:G0[0.529,0.236,0.235] | v2:G2[0.274,0.225,0.501] | v3:G2[0.080,0.322,0.598] | v4:G1[0.080,0.595,0.325]
[TopoTrace Step 0] v0:G1[0.370,0.555,0.074] | v1:G0[0.529,0.236,0.235] | v2:G2[0.274,0.225,0.501] | v3:G2[0.080,0.322,0.598] | v4:G1[0.080,0.595,0.325]
[TopoTrace Step 0] v0:G1[0.370,0.555,0.074] | v1:G0[0.529,0.236,0.235] | v2:G2[0.274,0.225,0.501] | v3:G2[0.080,0.322,0.598] | v4:G1[0.080,0.595,0.325]
[TopoTrace Step 0] v0:G1[0.370,0.555,0.074] | v1:G0[0.529,0.236,0.235] | v2:G2[0.274,0.225,0.501] | v3:G2[0.080,0.322,0.598] | v4:G1[0.080,0.595,0.325]
[TopoTrace Step 0] v0:G1[0.370,0.555,0.074] | v1:G0[0.529,0.236,0.235] | v2:G2[0.274,0.225,0.501] | v3:G2[0.080,0.322,0.598] | v4:G1[0.080,0.595,0.325]
[TopoTrace Step 0] v0:G1[0.370,0.555,0.074] | v1:G0[0.529,0.236,0.235] | v2:G2[0.274,0.225,0.501] | v3:G2[0.080,0.322,0.598] | v4:G1[0.080,0.595,0.325]
[TopoTrace Step 0] v0:G1[0.370,0.555,0.074] | v1:G0[0.529,0.236,0.235] | v2:G2[0.274,0.225,0.501] | v3:G2[0.080,0.322,0.598] | v4:G1[0.080,0.595,0.325]
[TopoTrace Step 0] v0:G1[0.370,0.555,0.074] | v1:G0[0.529,0.236,0.235] | v2:G2[0.274,0.225,0.501] | v3:G2[0.080,0.322,0.598] | v4:G1[0.080,0.595,0.325]
[TopoTrace Step 0] v0:G1[0.370,0.555,0.074] | v1:G0[0.529,0.236,0.235] | v2:G2[0.274,0.225,0.501] | v3:G2[0.080,0.322,0.598] | v4:G1[0.080,0.595,0.325]
[TopoTrace Step 0] v0:G1[0.370,0.555,0.074] | v1:G0[0.529,0.236,0.235] | v2:G2[0.274,0.225,0.501] | v3:G2[0.080,0.322,0.598] | v4:G1[0.080,0.595,0.325]
[TopoTrace Step 0] v0:G1[0.370,0.555,0.074] | v1:G0[0.529,0.236,0.235] | v2:G2[0.274,0.225,0.501] | v3:G2[0.080,0.322,0.598] | v4:G1[0.080,0.595,0.325]
[TopoTrace Step 0] v0:G1[0.370,0.555,0.074] | v1:G0[0.529,0.236,0.235] | v2:G2[0.274,0.225,0.501] | v3:G2[0.080,0.322,0.598] | v4:G1[0.080,0.595,0.325]
[TopoTrace Step 0] v0:G1[0.370,0.555,0.074] | v1:G0[0.529,0.236,0.235] | v2:G2[0.274,0.225,0.501] | v3:G2[0.080,0.322,0.598] | v4:G1[0.080,0.595,0.325]
[TopoTrace Step 0] v0:G1[0.370,0.555,0.074] | v1:G0[0.529,0.236,0.235] | v2:G2[0.274,0.225,0.501] | v3:G2[0.080,0.322,0.598] | v4:G1[0.080,0.595,0.325]
[TopoTrace Step 0] v0:G1[0.370,0.555,0.074] | v1:G0[0.529,0.236,0.235] | v2:G2[0.274,0.225,0.501] | v3:G2[0.080,0.322,0.598] | v4:G1[0.080,0.595,0.325]
[TopoTrace Step 0] v0:G1[0.370,0.555,0.074] | v1:G0[0.529,0.236,0.235] | v2:G2[0.274,0.225,0.501] | v3:G2[0.080,0.322,0.598] | v4:G1[0.080,0.595,0.325]
[TopoTrace Step 0] v0:G1[0.370,0.555,0.074] | v1:G0[0.529,0.236,0.235] | v2:G2[0.274,0.225,0.501] | v3:G2[0.080,0.322,0.598] | v4:G1[0.080,0.595,0.325]
[TopoTrace Step 0] v0:G1[0.370,0.555,0.074] | v1:G0[0.529,0.236,0.235] | v2:G2[0.274,0.225,0.501] | v3:G2[0.080,0.322,0.598] | v4:G1[0.080,0.595,0.325]
[TopoTrace Step 0] v0:G1[0.370,0.555,0.074] | v1:G0[0.529,0.236,0.235] | v2:G2[0.274,0.225,0.501] | v3:G2[0.080,0.322,0.598] | v4:G1[0.080,0.595,0.325]
[TopoTrace Step 0] v0:G1[0.370,0.555,0.074] | v1:G0[0.529,0.236,0.235] | v2:G2[0.274,0.225,0.501] | v3:G2[0.080,0.322,0.598] | v4:G1[0.080,0.595,0.325]
[TopoTrace Step 0] v0:G1[0.370,0.555,0.074] | v1:G0[0.529,0.236,0.235] | v2:G2[0.274,0.225,0.501] | v3:G2[0.080,0.322,0.598] | v4:G1[0.080,0.595,0.325]
[TopoTrace Step 0] v0:G1[0.370,0.555,0.074] | v1:G0[0.529,0.236,0.235] | v2:G2[0.274,0.225,0.501] | v3:G2[0.080,0.322,0.598] | v4:G1[0.080,0.595,0.325]
[TopoTrace Step 0] v0:G1[0.370,0.555,0.074] | v1:G0[0.529,0.236,0.235] | v2:G2[0.274,0.225,0.501] | v3:G2[0.080,0.322,0.598] | v4:G1[0.080,0.595,0.325]
[TopoTrace Step 0] v0:G1[0.370,0.555,0.074] | v1:G0[0.529,0.236,0.235] | v2:G2[0.274,0.225,0.501] | v3:G2[0.080,0.322,0.598] | v4:G1[0.080,0.595,0.325]
[TopoTrace Step 0] v0:G1[0.370,0.555,0.074] | v1:G0[0.529,0.236,0.235] | v2:G2[0.274,0.225,0.501] | v3:G2[0.080,0.322,0.598] | v4:G1[0.080,0.595,0.325]
[TopoTrace Step 0] v0:G1[0.370,0.555,0.074] | v1:G0[0.529,0.236,0.235] | v2:G2[0.274,0.225,0.501] | v3:G2[0.080,0.322,0.598] | v4:G1[0.080,0.595,0.325]
[TopoTrace Step 0] v0:G1[0.370,0.555,0.074] | v1:G0[0.529,0.236,0.235] | v2:G2[0.274,0.225,0.501] | v3:G2[0.080,0.322,0.598] | v4:G1[0.080,0.595,0.325]
[TopoTrace Step 0] v0:G1[0.370,0.555,0.074] | v1:G0[0.529,0.236,0.235] | v2:G2[0.274,0.225,0.501] | v3:G2[0.080,0.322,0.598] | v4:G1[0.080,0.595,0.325]
[TopoTrace Step 0] v0:G1[0.370,0.555,0.074] | v1:G0[0.529,0.236,0.235] | v2:G2[0.274,0.225,0.501] | v3:G2[0.080,0.322,0.598] | v4:G1[0.080,0.595,0.325]
[TopoTrace Step 0] v0:G1[0.370,0.555,0.074] | v1:G0[0.529,0.236,0.235] | v2:G2[0.274,0.225,0.501] | v3:G2[0.080,0.322,0.598] | v4:G1[0.080,0.595,0.325]
[TopoTrace Step 0] v0:G1[0.370,0.555,0.074] | v1:G0[0.529,0.236,0.235] | v2:G2[0.274,0.225,0.501] | v3:G2[0.080,0.322,0.598] | v4:G1[0.080,0.595,0.325]
[TopoTrace Step 0] v0:G1[0.370,0.555,0.074] | v1:G0[0.529,0.236,0.235] | v2:G2[0.274,0.225,0.501] | v3:G2[0.080,0.322,0.598] | v4:G1[0.080,0.595,0.325]
[TopoTrace Step 0] v0:G1[0.370,0.555,0.074] | v1:G0[0.529,0.236,0.235] | v2:G2[0.274,0.225,0.501] | v3:G2[0.080,0.322,0.598] | v4:G1[0.080,0.595,0.325]
[TopoTrace Step 0] v0:G1[0.370,0.555,0.074] | v1:G0[0.529,0.236,0.235] | v2:G2[0.274,0.225,0.501] | v3:G2[0.080,0.322,0.598] | v4:G1[0.080,0.595,0.325]
[TopoTrace Step 0] v0:G1[0.370,0.555,0.074] | v1:G0[0.529,0.236,0.235] | v2:G2[0.274,0.225,0.501] | v3:G2[0.080,0.322,0.598] | v4:G1[0.080,0.595,0.325]
[TopoTrace Step 0] v0:G1[0.370,0.555,0.074] | v1:G0[0.529,0.236,0.235] | v2:G2[0.274,0.225,0.501] | v3:G2[0.080,0.322,0.598] | v4:G1[0.080,0.595,0.325]
[TopoTrace Step 0] v0:G1[0.370,0.555,0.074] | v1:G0[0.529,0.236,0.235] | v2:G2[0.274,0.225,0.501] | v3:G2[0.080,0.322,0.598] | v4:G1[0.080,0.595,0.325]
[TopoTrace Step 0] v0:G1[0.370,0.555,0.074] | v1:G0[0.529,0.236,0.235] | v2:G2[0.274,0.225,0.501] | v3:G2[0.080,0.322,0.598] | v4:G1[0.080,0.595,0.325]
[TopoTrace Step 0] v0:G1[0.370,0.555,0.074] | v1:G0[0.529,0.236,0.235] | v2:G2[0.274,0.225,0.501] | v3:G2[0.080,0.322,0.598] | v4:G1[0.080,0.595,0.325]
[TopoTrace Step 0] v0:G1[0.370,0.555,0.074] | v1:G0[0.529,0.236,0.235] | v2:G2[0.274,0.225,0.501] | v3:G2[0.080,0.322,0.598] | v4:G1[0.080,0.595,0.325]
[TopoTrace Step 0] v0:G1[0.370,0.555,0.074] | v1:G0[0.529,0.236,0.235] | v2:G2[0.274,0.225,0.501] | v3:G2[0.080,0.322,0.599] | v4:G1[0.080,0.595,0.325]
[TopoTrace Step 0] v0:G1[0.370,0.555,0.074] | v1:G0[0.529,0.236,0.235] | v2:G2[0.274,0.225,0.501] | v3:G2[0.080,0.322,0.599] | v4:G1[0.080,0.595,0.325]
[TopoTrace Step 0] v0:G1[0.370,0.555,0.074] | v1:G0[0.529,0.236,0.235] | v2:G2[0.274,0.225,0.501] | v3:G2[0.080,0.322,0.599] | v4:G1[0.080,0.595,0.325]
[TopoTrace Step 0] v0:G1[0.370,0.555,0.074] | v1:G0[0.529,0.236,0.235] | v2:G2[0.274,0.225,0.501] | v3:G2[0.080,0.322,0.599] | v4:G1[0.080,0.595,0.325]
[TopoTrace Step 0] v0:G1[0.370,0.555,0.074] | v1:G0[0.529,0.236,0.235] | v2:G2[0.274,0.225,0.501] | v3:G2[0.080,0.322,0.599] | v4:G1[0.080,0.595,0.325]
[TopoTrace Step 0] v0:G1[0.370,0.555,0.074] | v1:G0[0.529,0.236,0.235] | v2:G2[0.274,0.225,0.501] | v3:G2[0.080,0.322,0.599] | v4:G1[0.080,0.595,0.325]
[TopoTrace Step 0] v0:G1[0.370,0.555,0.074] | v1:G0[0.529,0.236,0.235] | v2:G2[0.274,0.225,0.501] | v3:G2[0.080,0.322,0.599] | v4:G1[0.080,0.595,0.325]
[TopoTrace Step 0] v0:G1[0.370,0.555,0.074] | v1:G0[0.529,0.236,0.235] | v2:G2[0.274,0.225,0.501] | v3:G2[0.080,0.322,0.599] | v4:G1[0.080,0.595,0.325]
[TopoTrace Step 0] v0:G1[0.370,0.555,0.074] | v1:G0[0.529,0.236,0.235] | v2:G2[0.274,0.225,0.501] | v3:G2[0.080,0.322,0.599] | v4:G1[0.080,0.595,0.325]
[TopoTrace Step 0] v0:G1[0.370,0.555,0.074] | v1:G0[0.529,0.236,0.235] | v2:G2[0.274,0.225,0.501] | v3:G2[0.080,0.322,0.599] | v4:G1[0.080,0.595,0.325]
[TopoTrace Step 0] v0:G1[0.370,0.555,0.074] | v1:G0[0.529,0.236,0.235] | v2:G2[0.274,0.225,0.501] | v3:G2[0.080,0.322,0.599] | v4:G1[0.080,0.595,0.325]
[TopoTrace Step 0] v0:G1[0.370,0.555,0.074] | v1:G0[0.529,0.236,0.235] | v2:G2[0.274,0.225,0.501] | v3:G2[0.080,0.322,0.599] | v4:G1[0.080,0.595,0.325]
[TopoTrace Step 0] v0:G1[0.370,0.555,0.074] | v1:G0[0.529,0.236,0.235] | v2:G2[0.274,0.225,0.501] | v3:G2[0.080,0.322,0.599] | v4:G1[0.080,0.595,0.325]
[TopoTrace Step 0] v0:G1[0.370,0.555,0.074] | v1:G0[0.529,0.236,0.235] | v2:G2[0.274,0.225,0.501] | v3:G2[0.080,0.322,0.599] | v4:G1[0.080,0.595,0.325]
[TopoTrace Step 0] v0:G1[0.370,0.555,0.074] | v1:G0[0.529,0.236,0.235] | v2:G2[0.274,0.225,0.501] | v3:G2[0.080,0.322,0.599] | v4:G1[0.080,0.595,0.325]
[TopoTrace Step 0] v0:G1[0.370,0.555,0.074] | v1:G0[0.529,0.236,0.235] | v2:G2[0.274,0.225,0.501] | v3:G2[0.080,0.322,0.599] | v4:G1[0.080,0.595,0.325]
[TopoTrace Step 0] v0:G1[0.370,0.555,0.074] | v1:G0[0.529,0.236,0.235] | v2:G2[0.274,0.225,0.501] | v3:G2[0.080,0.322,0.599] | v4:G1[0.080,0.595,0.325]
[TopoTrace Step 0] v0:G1[0.370,0.555,0.074] | v1:G0[0.529,0.236,0.235] | v2:G2[0.274,0.225,0.501] | v3:G2[0.080,0.322,0.599] | v4:G1[0.080,0.595,0.325]
[TopoTrace Step 0] v0:G1[0.370,0.555,0.074] | v1:G0[0.529,0.236,0.235] | v2:G2[0.274,0.225,0.501] | v3:G2[0.080,0.322,0.599] | v4:G1[0.080,0.595,0.325]
[TopoTrace Step 0] v0:G1[0.370,0.555,0.074] | v1:G0[0.529,0.236,0.235] | v2:G2[0.274,0.225,0.501] | v3:G2[0.080,0.322,0.599] | v4:G1[0.080,0.595,0.325]
[TopoTrace Step 0] v0:G1[0.370,0.555,0.074] | v1:G0[0.529,0.236,0.235] | v2:G2[0.274,0.225,0.501] | v3:G2[0.080,0.322,0.599] | v4:G1[0.080,0.595,0.325]
[TopoTrace Step 0] v0:G1[0.370,0.555,0.074] | v1:G0[0.529,0.236,0.235] | v2:G2[0.274,0.225,0.501] | v3:G2[0.080,0.322,0.599] | v4:G1[0.080,0.595,0.325]
[TopoTrace Step 0] v0:G1[0.370,0.555,0.074] | v1:G0[0.529,0.236,0.235] | v2:G2[0.274,0.225,0.501] | v3:G2[0.080,0.322,0.599] | v4:G1[0.080,0.595,0.325]
[TopoTrace Step 0] v0:G1[0.370,0.555,0.074] | v1:G0[0.529,0.236,0.235] | v2:G2[0.274,0.225,0.501] | v3:G2[0.080,0.322,0.599] | v4:G1[0.080,0.595,0.325]
[TopoTrace Step 0] v0:G1[0.370,0.555,0.074] | v1:G0[0.529,0.236,0.235] | v2:G2[0.274,0.225,0.501] | v3:G2[0.080,0.322,0.599] | v4:G1[0.080,0.595,0.325]
[TopoTrace Step 0] v0:G1[0.370,0.555,0.074] | v1:G0[0.529,0.236,0.235] | v2:G2[0.274,0.225,0.501] | v3:G2[0.080,0.322,0.599] | v4:G1[0.080,0.595,0.325]
[TopoTrace Step 0] v0:G1[0.370,0.555,0.074] | v1:G0[0.529,0.236,0.235] | v2:G2[0.274,0.225,0.501] | v3:G2[0.079,0.322,0.599] | v4:G1[0.080,0.595,0.325]
[TopoTrace Step 0] v0:G1[0.370,0.555,0.074] | v1:G0[0.529,0.236,0.235] | v2:G2[0.274,0.225,0.501] | v3:G2[0.079,0.322,0.599] | v4:G1[0.080,0.595,0.325]
[TopoTrace Step 0] v0:G1[0.370,0.555,0.074] | v1:G0[0.529,0.236,0.235] | v2:G2[0.274,0.225,0.501] | v3:G2[0.079,0.322,0.599] | v4:G1[0.080,0.595,0.325]
[TopoTrace Step 0] v0:G1[0.370,0.555,0.074] | v1:G0[0.529,0.236,0.235] | v2:G2[0.274,0.225,0.501] | v3:G2[0.079,0.322,0.599] | v4:G1[0.080,0.595,0.325]
[TopoTrace Step 0] v0:G1[0.370,0.555,0.074] | v1:G0[0.529,0.236,0.235] | v2:G2[0.274,0.225,0.501] | v3:G2[0.079,0.322,0.599] | v4:G1[0.080,0.595,0.325]
[TopoTrace Step 0] v0:G1[0.370,0.555,0.074] | v1:G0[0.529,0.236,0.235] | v2:G2[0.274,0.225,0.501] | v3:G2[0.079,0.322,0.599] | v4:G1[0.080,0.595,0.325]
[TopoTrace Step 0] v0:G1[0.370,0.555,0.074] | v1:G0[0.529,0.236,0.235] | v2:G2[0.274,0.225,0.501] | v3:G2[0.079,0.322,0.599] | v4:G1[0.080,0.595,0.325]
[TopoTrace Step 0] v0:G1[0.370,0.555,0.074] | v1:G0[0.529,0.236,0.235] | v2:G2[0.274,0.225,0.501] | v3:G2[0.079,0.322,0.599] | v4:G1[0.080,0.595,0.325]
[TopoTrace Step 0] v0:G1[0.370,0.555,0.074] | v1:G0[0.529,0.236,0.235] | v2:G2[0.274,0.225,0.501] | v3:G2[0.079,0.322,0.599] | v4:G1[0.080,0.595,0.325]
[TopoTrace Step 0] v0:G1[0.370,0.555,0.074] | v1:G0[0.529,0.236,0.235] | v2:G2[0.274,0.225,0.501] | v3:G2[0.079,0.322,0.599] | v4:G1[0.080,0.595,0.325]
[TopoTrace Step 0] v0:G1[0.370,0.555,0.074] | v1:G0[0.529,0.236,0.235] | v2:G2[0.274,0.225,0.501] | v3:G2[0.079,0.322,0.599] | v4:G1[0.080,0.595,0.325]
[TopoTrace Step 0] v0:G1[0.370,0.555,0.074] | v1:G0[0.529,0.236,0.235] | v2:G2[0.274,0.225,0.501] | v3:G2[0.079,0.322,0.599] | v4:G1[0.080,0.595,0.325]
[TopoTrace Step 0] v0:G1[0.370,0.555,0.074] | v1:G0[0.529,0.236,0.235] | v2:G2[0.274,0.225,0.501] | v3:G2[0.079,0.322,0.599] | v4:G1[0.080,0.595,0.325]
[TopoTrace Step 0] v0:G1[0.370,0.555,0.074] | v1:G0[0.529,0.236,0.235] | v2:G2[0.274,0.225,0.501] | v3:G2[0.079,0.322,0.599] | v4:G1[0.080,0.595,0.325]
[TopoTrace Step 0] v0:G1[0.370,0.555,0.074] | v1:G0[0.529,0.236,0.235] | v2:G2[0.274,0.225,0.501] | v3:G2[0.079,0.322,0.599] | v4:G1[0.080,0.595,0.325]
[TopoTrace Step 0] v0:G1[0.370,0.555,0.074] | v1:G0[0.529,0.236,0.235] | v2:G2[0.274,0.225,0.501] | v3:G2[0.079,0.322,0.599] | v4:G1[0.080,0.595,0.325]
[TopoTrace Step 0] v0:G1[0.370,0.555,0.074] | v1:G0[0.529,0.236,0.235] | v2:G2[0.274,0.225,0.501] | v3:G2[0.079,0.322,0.599] | v4:G1[0.080,0.595,0.325]
[TopoTrace Step 0] v0:G1[0.370,0.555,0.074] | v1:G0[0.529,0.236,0.235] | v2:G2[0.274,0.225,0.501] | v3:G2[0.079,0.322,0.599] | v4:G1[0.080,0.595,0.325]
[TopoTrace Step 0] v0:G1[0.370,0.555,0.074] | v1:G0[0.529,0.236,0.235] | v2:G2[0.274,0.225,0.501] | v3:G2[0.079,0.322,0.599] | v4:G1[0.080,0.595,0.325]
[TopoTrace Step 0] v0:G1[0.370,0.555,0.074] | v1:G0[0.529,0.236,0.235] | v2:G2[0.274,0.225,0.501] | v3:G2[0.079,0.322,0.599] | v4:G1[0.080,0.595,0.325]
[TopoTrace Step 0] v0:G1[0.370,0.555,0.074] | v1:G0[0.529,0.236,0.235] | v2:G2[0.274,0.225,0.501] | v3:G2[0.079,0.321,0.599] | v4:G1[0.080,0.595,0.325]
[TopoTrace Step 0] v0:G1[0.370,0.555,0.074] | v1:G0[0.529,0.236,0.235] | v2:G2[0.274,0.225,0.501] | v3:G2[0.079,0.321,0.599] | v4:G1[0.080,0.595,0.325]
[TopoTrace Step 0] v0:G1[0.370,0.555,0.074] | v1:G0[0.529,0.236,0.235] | v2:G2[0.274,0.225,0.501] | v3:G2[0.079,0.321,0.599] | v4:G1[0.080,0.595,0.325]
[TopoTrace Step 0] v0:G1[0.370,0.555,0.074] | v1:G0[0.529,0.236,0.235] | v2:G2[0.274,0.225,0.501] | v3:G2[0.079,0.321,0.599] | v4:G1[0.080,0.595,0.325]
[TopoTrace Step 0] v0:G1[0.370,0.555,0.074] | v1:G0[0.529,0.236,0.235] | v2:G2[0.274,0.225,0.501] | v3:G2[0.079,0.321,0.599] | v4:G1[0.080,0.595,0.325]
[TopoTrace Step 0] v0:G1[0.370,0.555,0.074] | v1:G0[0.529,0.236,0.235] | v2:G2[0.274,0.225,0.501] | v3:G2[0.079,0.321,0.599] | v4:G1[0.080,0.595,0.325]
[TopoTrace Step 0] v0:G1[0.370,0.555,0.074] | v1:G0[0.529,0.236,0.235] | v2:G2[0.274,0.225,0.501] | v3:G2[0.079,0.321,0.599] | v4:G1[0.080,0.595,0.325]
[TopoTrace Step 0] v0:G1[0.370,0.555,0.074] | v1:G0[0.529,0.236,0.235] | v2:G2[0.274,0.225,0.501] | v3:G2[0.079,0.321,0.599] | v4:G1[0.080,0.595,0.325]
[TopoTrace Step 0] v0:G1[0.370,0.555,0.074] | v1:G0[0.529,0.236,0.235] | v2:G2[0.274,0.225,0.501] | v3:G2[0.079,0.321,0.599] | v4:G1[0.080,0.595,0.325]
[TopoTrace Step 0] v0:G1[0.370,0.555,0.074] | v1:G0[0.529,0.236,0.235] | v2:G2[0.274,0.225,0.501] | v3:G2[0.079,0.321,0.599] | v4:G1[0.080,0.595,0.325]
[TopoTrace Step 0] v0:G1[0.370,0.555,0.074] | v1:G0[0.529,0.236,0.235] | v2:G2[0.274,0.225,0.501] | v3:G2[0.079,0.321,0.599] | v4:G1[0.080,0.595,0.325][TopoTrace Step 0] v0:G1[0.370,0.555,0.074] | v1:G0[0.529,0.236,0.235] | v2:G2[0.274,0.225,0.501] | v3:G2[0.079,0.321,0.599] | v4:G1[0.080,0.595,0.325]

[TopoTrace Step 0] v0:G1[0.370,0.555,0.074] | v1:G0[0.529,0.236,0.235] | v2:G2[0.274,0.225,0.501] | v3:G2[0.079,0.321,0.599] | v4:G1[0.080,0.595,0.325]
[TopoTrace Step 0] v0:G1[0.370,0.555,0.074] | v1:G0[0.529,0.236,0.235] | v2:G2[0.274,0.225,0.501] | v3:G2[0.079,0.321,0.599] | v4:G1[0.080,0.595,0.325]
[TopoTrace Step 0] v0:G1[0.370,0.555,0.074] | v1:G0[0.530,0.236,0.235] | v2:G2[0.274,0.225,0.501] | v3:G2[0.079,0.321,0.599] | v4:G1[0.080,0.595,0.325]
[TopoTrace Step 0] v0:G1[0.370,0.555,0.074] | v1:G0[0.530,0.236,0.235] | v2:G2[0.274,0.225,0.501] | v3:G2[0.079,0.321,0.599] | v4:G1[0.080,0.595,0.325]
[TopoTrace Step 0] v0:G1[0.371,0.555,0.074] | v1:G0[0.530,0.236,0.235] | v2:G2[0.274,0.225,0.501] | v3:G2[0.079,0.321,0.599] | v4:G1[0.080,0.595,0.325]
[TopoTrace Step 0] v0:G1[0.371,0.555,0.074] | v1:G0[0.530,0.236,0.235] | v2:G2[0.274,0.225,0.501] | v3:G2[0.079,0.321,0.599] | v4:G1[0.080,0.595,0.325]
[TopoTrace Step 0] v0:G1[0.371,0.555,0.074] | v1:G0[0.530,0.236,0.235] | v2:G2[0.274,0.225,0.501] | v3:G2[0.079,0.321,0.599] | v4:G1[0.080,0.595,0.325]
[TopoTrace Step 0] v0:G1[0.371,0.555,0.074] | v1:G0[0.530,0.236,0.235] | v2:G2[0.274,0.225,0.501] | v3:G2[0.079,0.321,0.599] | v4:G1[0.080,0.595,0.325]
[TopoTrace Step 0] v0:G1[0.371,0.555,0.074] | v1:G0[0.530,0.236,0.235] | v2:G2[0.274,0.225,0.501] | v3:G2[0.079,0.321,0.599] | v4:G1[0.080,0.595,0.325]
[TopoTrace Step 0] v0:G1[0.371,0.555,0.074] | v1:G0[0.530,0.236,0.235] | v2:G2[0.274,0.225,0.501] | v3:G2[0.079,0.321,0.599] | v4:G1[0.080,0.595,0.325]
[TopoTrace Step 0] v0:G1[0.371,0.555,0.074] | v1:G0[0.530,0.236,0.235] | v2:G2[0.274,0.225,0.501] | v3:G2[0.079,0.321,0.599] | v4:G1[0.080,0.595,0.325]
[TopoTrace Step 0] v0:G1[0.371,0.555,0.074] | v1:G0[0.530,0.236,0.235] | v2:G2[0.274,0.225,0.501] | v3:G2[0.079,0.321,0.599] | v4:G1[0.080,0.595,0.325]
[TopoTrace Step 0] v0:G1[0.371,0.555,0.074] | v1:G0[0.530,0.236,0.235] | v2:G2[0.274,0.225,0.501] | v3:G2[0.079,0.321,0.599] | v4:G1[0.080,0.595,0.325]
[TopoTrace Step 0] v0:G1[0.371,0.555,0.074] | v1:G0[0.530,0.236,0.235] | v2:G2[0.274,0.225,0.501] | v3:G2[0.079,0.321,0.599] | v4:G1[0.080,0.595,0.325]
[TopoTrace Step 0] v0:G1[0.371,0.555,0.074] | v1:G0[0.530,0.236,0.235] | v2:G2[0.274,0.225,0.501] | v3:G2[0.079,0.321,0.599] | v4:G1[0.080,0.595,0.325]
[TopoTrace Step 0] v0:G1[0.371,0.555,0.074] | v1:G0[0.530,0.236,0.235] | v2:G2[0.274,0.225,0.501] | v3:G2[0.079,0.321,0.599] | v4:G1[0.080,0.595,0.325]
[TopoTrace Step 0] v0:G1[0.371,0.555,0.074] | v1:G0[0.530,0.236,0.235] | v2:G2[0.274,0.225,0.501] | v3:G2[0.079,0.321,0.599] | v4:G1[0.080,0.595,0.325]
[TopoTrace Step 0] v0:G1[0.371,0.555,0.074] | v1:G0[0.530,0.236,0.235] | v2:G2[0.274,0.225,0.501] | v3:G2[0.079,0.321,0.599] | v4:G1[0.080,0.595,0.325]
[TopoTrace Step 0] v0:G1[0.371,0.555,0.074] | v1:G0[0.530,0.235,0.235] | v2:G2[0.274,0.225,0.501] | v3:G2[0.079,0.321,0.599] | v4:G1[0.080,0.595,0.325]
[TopoTrace Step 0] v0:G1[0.371,0.555,0.074] | v1:G0[0.530,0.235,0.235] | v2:G2[0.274,0.225,0.501] | v3:G2[0.079,0.321,0.599] | v4:G1[0.080,0.595,0.325]
[TopoTrace Step 0] v0:G1[0.371,0.555,0.074] | v1:G0[0.530,0.235,0.235] | v2:G2[0.274,0.225,0.501] | v3:G2[0.079,0.321,0.599] | v4:G1[0.080,0.595,0.325]
[TopoTrace Step 0] v0:G1[0.371,0.555,0.074] | v1:G0[0.530,0.235,0.235] | v2:G2[0.274,0.225,0.501] | v3:G2[0.079,0.321,0.599] | v4:G1[0.080,0.595,0.325]
[TopoTrace Step 0] v0:G1[0.371,0.555,0.074] | v1:G0[0.530,0.235,0.235] | v2:G2[0.274,0.225,0.501] | v3:G2[0.079,0.321,0.599] | v4:G1[0.080,0.595,0.325]
[TopoTrace Step 0] v0:G1[0.371,0.555,0.074] | v1:G0[0.530,0.235,0.235] | v2:G2[0.274,0.225,0.501] | v3:G2[0.079,0.321,0.599] | v4:G1[0.080,0.595,0.325]
[TopoTrace Step 0] v0:G1[0.371,0.555,0.074] | v1:G0[0.530,0.235,0.235] | v2:G2[0.274,0.225,0.501] | v3:G2[0.079,0.321,0.599] | v4:G1[0.080,0.595,0.325]
[TopoTrace Step 0] v0:G1[0.371,0.555,0.074] | v1:G0[0.530,0.235,0.235] | v2:G2[0.274,0.225,0.501] | v3:G2[0.079,0.321,0.599] | v4:G1[0.080,0.595,0.325]
[TopoTrace Step 0] v0:G1[0.371,0.555,0.074] | v1:G0[0.530,0.235,0.235] | v2:G2[0.274,0.225,0.501] | v3:G2[0.079,0.321,0.599] | v4:G1[0.080,0.595,0.325]
[TopoTrace Step 0] v0:G1[0.371,0.555,0.074] | v1:G0[0.530,0.235,0.235] | v2:G2[0.274,0.225,0.501] | v3:G2[0.079,0.321,0.599] | v4:G1[0.080,0.595,0.325]
[TopoTrace Step 0] v0:G1[0.371,0.555,0.074] | v1:G0[0.530,0.235,0.235] | v2:G2[0.274,0.225,0.501] | v3:G2[0.079,0.321,0.599] | v4:G1[0.080,0.595,0.325]
[TopoTrace Step 0] v0:G1[0.371,0.555,0.074] | v1:G0[0.530,0.235,0.235] | v2:G2[0.274,0.225,0.501] | v3:G2[0.079,0.321,0.599] | v4:G1[0.080,0.595,0.325]
[TopoTrace Step 0] v0:G1[0.371,0.555,0.074] | v1:G0[0.530,0.235,0.235] | v2:G2[0.274,0.225,0.501] | v3:G2[0.079,0.321,0.600] | v4:G1[0.080,0.595,0.325]
[TopoTrace Step 0] v0:G1[0.371,0.555,0.074] | v1:G0[0.530,0.235,0.235] | v2:G2[0.274,0.225,0.501] | v3:G2[0.079,0.321,0.600] | v4:G1[0.080,0.595,0.325]
[TopoTrace Step 0] v0:G1[0.371,0.555,0.074] | v1:G0[0.530,0.235,0.235] | v2:G2[0.274,0.225,0.501] | v3:G2[0.079,0.321,0.600] | v4:G1[0.080,0.595,0.325]
[TopoTrace Step 0] v0:G1[0.371,0.555,0.074] | v1:G0[0.530,0.235,0.235] | v2:G2[0.274,0.225,0.501] | v3:G2[0.079,0.321,0.600] | v4:G1[0.080,0.595,0.325]
[TopoTrace Step 0] v0:G1[0.371,0.555,0.074] | v1:G0[0.530,0.235,0.235] | v2:G2[0.274,0.225,0.501] | v3:G2[0.079,0.321,0.600] | v4:G1[0.080,0.595,0.325]
[TopoTrace Step 0] v0:G1[0.371,0.555,0.074] | v1:G0[0.530,0.235,0.235] | v2:G2[0.274,0.225,0.501] | v3:G2[0.079,0.321,0.600] | v4:G1[0.080,0.595,0.325]
[TopoTrace Step 0] v0:G1[0.371,0.555,0.074] | v1:G0[0.530,0.235,0.235] | v2:G2[0.274,0.225,0.501] | v3:G2[0.079,0.321,0.600] | v4:G1[0.080,0.595,0.325]
[TopoTrace Step 0] v0:G1[0.371,0.555,0.074] | v1:G0[0.530,0.235,0.235] | v2:G2[0.274,0.225,0.501] | v3:G2[0.079,0.321,0.600] | v4:G1[0.080,0.595,0.325]
[TopoTrace Step 0] v0:G1[0.371,0.555,0.074] | v1:G0[0.530,0.235,0.235] | v2:G2[0.274,0.225,0.501] | v3:G2[0.079,0.321,0.600] | v4:G1[0.080,0.595,0.325]
[TopoTrace Step 0] v0:G1[0.371,0.555,0.074] | v1:G0[0.530,0.235,0.235] | v2:G2[0.274,0.225,0.501] | v3:G2[0.079,0.321,0.600] | v4:G1[0.080,0.595,0.325]
[TopoTrace Step 0] v0:G1[0.371,0.555,0.074] | v1:G0[0.530,0.235,0.235] | v2:G2[0.274,0.225,0.501] | v3:G2[0.079,0.321,0.600] | v4:G1[0.080,0.595,0.325]
[TopoTrace Step 0] v0:G1[0.371,0.555,0.074] | v1:G0[0.530,0.235,0.235] | v2:G2[0.274,0.225,0.501] | v3:G2[0.079,0.321,0.600] | v4:G1[0.080,0.595,0.325]
[TopoTrace Step 0] v0:G1[0.371,0.555,0.074] | v1:G0[0.530,0.235,0.235] | v2:G2[0.274,0.225,0.501] | v3:G2[0.079,0.321,0.600] | v4:G1[0.080,0.595,0.325]
[TopoTrace Step 0] v0:G1[0.371,0.555,0.074] | v1:G0[0.530,0.235,0.235] | v2:G2[0.274,0.225,0.501] | v3:G2[0.079,0.321,0.600] | v4:G1[0.080,0.595,0.325]
[TopoTrace Step 0] v0:G1[0.371,0.555,0.074] | v1:G0[0.530,0.235,0.235] | v2:G2[0.274,0.225,0.501] | v3:G2[0.079,0.321,0.600] | v4:G1[0.080,0.595,0.325]
[TopoTrace Step 0] v0:G1[0.371,0.555,0.074] | v1:G0[0.530,0.235,0.235] | v2:G2[0.274,0.225,0.501] | v3:G2[0.079,0.321,0.600] | v4:G1[0.080,0.595,0.325]
[TopoTrace Step 0] v0:G1[0.371,0.555,0.074] | v1:G0[0.530,0.235,0.235] | v2:G2[0.274,0.225,0.501] | v3:G2[0.079,0.321,0.600] | v4:G1[0.080,0.595,0.325]
[TopoTrace Step 0] v0:G1[0.371,0.555,0.074] | v1:G0[0.530,0.235,0.235] | v2:G2[0.274,0.225,0.501] | v3:G2[0.079,0.321,0.600] | v4:G1[0.080,0.595,0.325]
[TopoTrace Step 0] v0:G1[0.371,0.555,0.074] | v1:G0[0.530,0.235,0.235] | v2:G2[0.274,0.225,0.501] | v3:G2[0.079,0.321,0.600] | v4:G1[0.080,0.595,0.325]
[TopoTrace Step 0] v0:G1[0.371,0.555,0.074] | v1:G0[0.530,0.235,0.235] | v2:G2[0.274,0.225,0.501] | v3:G2[0.079,0.321,0.600] | v4:G1[0.080,0.595,0.325]
[TopoTrace Step 0] v0:G1[0.371,0.555,0.074] | v1:G0[0.530,0.235,0.235] | v2:G2[0.274,0.225,0.501] | v3:G2[0.079,0.321,0.600] | v4:G1[0.080,0.595,0.325]
[TopoTrace Step 0] v0:G1[0.371,0.555,0.074] | v1:G0[0.530,0.235,0.235] | v2:G2[0.274,0.225,0.501] | v3:G2[0.079,0.321,0.600] | v4:G1[0.080,0.595,0.325]
[TopoTrace Step 0] v0:G1[0.371,0.555,0.074] | v1:G0[0.530,0.235,0.235] | v2:G2[0.274,0.225,0.501] | v3:G2[0.079,0.321,0.600] | v4:G1[0.080,0.595,0.325]
[TopoTrace Step 0] v0:G1[0.371,0.555,0.074] | v1:G0[0.530,0.235,0.235] | v2:G2[0.274,0.225,0.501] | v3:G2[0.079,0.321,0.600] | v4:G1[0.080,0.595,0.325]
[TopoTrace Step 0] v0:G1[0.371,0.555,0.074] | v1:G0[0.530,0.235,0.235] | v2:G2[0.274,0.225,0.501] | v3:G2[0.079,0.321,0.600] | v4:G1[0.080,0.595,0.325]
[TopoTrace Step 0] v0:G1[0.371,0.555,0.074] | v1:G0[0.530,0.235,0.235] | v2:G2[0.274,0.225,0.501] | v3:G2[0.079,0.321,0.600] | v4:G1[0.080,0.595,0.325]
[TopoTrace Step 0] v0:G1[0.371,0.555,0.074] | v1:G0[0.530,0.235,0.235] | v2:G2[0.274,0.225,0.501] | v3:G2[0.079,0.321,0.600] | v4:G1[0.080,0.595,0.325]
[TopoTrace Step 0] v0:G1[0.371,0.555,0.074] | v1:G0[0.530,0.235,0.235] | v2:G2[0.274,0.225,0.501] | v3:G2[0.079,0.321,0.600] | v4:G1[0.080,0.595,0.325]
[TopoTrace Step 0] v0:G1[0.371,0.555,0.074] | v1:G0[0.530,0.235,0.235] | v2:G2[0.274,0.225,0.501] | v3:G2[0.079,0.321,0.600] | v4:G1[0.080,0.595,0.325]
[TopoTrace Step 0] v0:G1[0.371,0.555,0.074] | v1:G0[0.530,0.235,0.235] | v2:G2[0.274,0.225,0.501] | v3:G2[0.079,0.321,0.600] | v4:G1[0.080,0.595,0.325]
[TopoTrace Step 0] v0:G1[0.371,0.555,0.074] | v1:G0[0.530,0.235,0.235] | v2:G2[0.274,0.225,0.501] | v3:G2[0.079,0.321,0.600] | v4:G1[0.080,0.595,0.325]
[TopoTrace Step 0] v0:G1[0.371,0.555,0.074] | v1:G0[0.530,0.235,0.235] | v2:G2[0.274,0.225,0.501] | v3:G2[0.079,0.321,0.600] | v4:G1[0.080,0.595,0.325]
[TopoTrace Step 0] v0:G1[0.371,0.555,0.074] | v1:G0[0.530,0.235,0.235] | v2:G2[0.274,0.225,0.501] | v3:G2[0.079,0.321,0.600] | v4:G1[0.080,0.595,0.325]
[TopoTrace Step 0] v0:G1[0.371,0.555,0.074] | v1:G0[0.530,0.235,0.235] | v2:G2[0.274,0.225,0.501] | v3:G2[0.079,0.321,0.600] | v4:G1[0.080,0.595,0.325]
[TopoTrace Step 0] v0:G1[0.371,0.555,0.074] | v1:G0[0.530,0.235,0.235] | v2:G2[0.274,0.225,0.501] | v3:G2[0.079,0.321,0.600] | v4:G1[0.080,0.595,0.325]
[TopoTrace Step 0] v0:G1[0.371,0.555,0.074] | v1:G0[0.530,0.235,0.235] | v2:G2[0.274,0.225,0.501] | v3:G2[0.079,0.321,0.600] | v4:G1[0.080,0.595,0.325]
[TopoTrace Step 0] v0:G1[0.371,0.555,0.074] | v1:G0[0.530,0.235,0.235] | v2:G2[0.274,0.225,0.501] | v3:G2[0.079,0.321,0.600] | v4:G1[0.080,0.595,0.325]
[TopoTrace Step 0] v0:G1[0.371,0.555,0.074] | v1:G0[0.530,0.235,0.235] | v2:G2[0.274,0.225,0.501] | v3:G2[0.079,0.321,0.600] | v4:G1[0.080,0.595,0.325]
[TopoTrace Step 0] v0:G1[0.371,0.555,0.074] | v1:G0[0.530,0.235,0.235] | v2:G2[0.274,0.225,0.501] | v3:G2[0.079,0.321,0.600] | v4:G1[0.080,0.595,0.325]
[TopoTrace Step 0] v0:G1[0.371,0.555,0.074] | v1:G0[0.530,0.235,0.235] | v2:G2[0.274,0.225,0.501] | v3:G2[0.079,0.321,0.600] | v4:G1[0.080,0.595,0.325]
[TopoTrace Step 0] v0:G1[0.371,0.555,0.074] | v1:G0[0.530,0.235,0.235] | v2:G2[0.274,0.225,0.501] | v3:G2[0.079,0.321,0.600] | v4:G1[0.080,0.595,0.325]
[TopoTrace Step 0] v0:G1[0.371,0.555,0.074] | v1:G0[0.530,0.235,0.235] | v2:G2[0.274,0.225,0.501] | v3:G2[0.079,0.321,0.600] | v4:G1[0.080,0.595,0.325]
[TopoTrace Step 0] v0:G1[0.371,0.555,0.074] | v1:G0[0.530,0.235,0.235] | v2:G2[0.274,0.225,0.501] | v3:G2[0.079,0.321,0.600] | v4:G1[0.080,0.595,0.325]
[TopoTrace Step 0] v0:G1[0.371,0.555,0.074] | v1:G0[0.530,0.235,0.235] | v2:G2[0.274,0.225,0.501] | v3:G2[0.079,0.321,0.600] | v4:G1[0.080,0.595,0.325]
[TopoTrace Step 0] v0:G1[0.371,0.555,0.074] | v1:G0[0.530,0.235,0.235] | v2:G2[0.274,0.225,0.501] | v3:G2[0.079,0.321,0.600] | v4:G1[0.080,0.595,0.325]
[TopoTrace Step 0] v0:G1[0.371,0.555,0.074] | v1:G0[0.530,0.235,0.235] | v2:G2[0.274,0.225,0.501] | v3:G2[0.079,0.321,0.600] | v4:G1[0.080,0.595,0.325]
[TopoTrace Step 0] v0:G1[0.371,0.555,0.074] | v1:G0[0.530,0.235,0.235] | v2:G2[0.274,0.225,0.501] | v3:G2[0.079,0.321,0.600] | v4:G1[0.080,0.595,0.325]
[TopoTrace Step 0] v0:G1[0.371,0.555,0.074] | v1:G0[0.530,0.235,0.235] | v2:G2[0.274,0.225,0.501] | v3:G2[0.079,0.321,0.600] | v4:G1[0.080,0.595,0.325]
[TopoTrace Step 0] v0:G1[0.371,0.555,0.074] | v1:G0[0.530,0.235,0.235] | v2:G2[0.274,0.225,0.501] | v3:G2[0.079,0.321,0.600] | v4:G1[0.080,0.595,0.325]
[TopoTrace Step 0] v0:G1[0.371,0.555,0.074] | v1:G0[0.530,0.235,0.235] | v2:G2[0.274,0.225,0.501] | v3:G2[0.079,0.321,0.600] | v4:G1[0.080,0.595,0.325]
[TopoTrace Step 0] v0:G1[0.371,0.555,0.074] | v1:G0[0.530,0.235,0.235] | v2:G2[0.274,0.225,0.501] | v3:G2[0.079,0.321,0.600] | v4:G1[0.080,0.595,0.325]
[TopoTrace Step 0] v0:G1[0.371,0.555,0.074] | v1:G0[0.530,0.235,0.235] | v2:G2[0.274,0.225,0.501] | v3:G2[0.079,0.321,0.600] | v4:G1[0.080,0.595,0.325]
Epoch: 1 cost time: 74.84375023841858
Epoch: 1, Steps: 294 | Train Loss: 0.5810299 Vali Loss: 0.2975411 Test Loss: 3.8048472
Validation loss decreased (inf --> 0.297541).  Saving model ...
Updating learning rate to 0.0001
[TopoTrace Step 0] v0:G1[0.371,0.555,0.074] | v1:G0[0.530,0.235,0.235] | v2:G2[0.274,0.225,0.501] | v3:G2[0.079,0.321,0.600] | v4:G1[0.080,0.595,0.325]
[TopoTrace Step 0] v0:G1[0.371,0.555,0.074] | v1:G0[0.530,0.235,0.235] | v2:G2[0.274,0.225,0.501] | v3:G2[0.079,0.321,0.600] | v4:G1[0.080,0.595,0.325]
[TopoTrace Step 0] v0:G1[0.371,0.555,0.074] | v1:G0[0.530,0.235,0.235] | v2:G2[0.274,0.225,0.501] | v3:G2[0.079,0.321,0.600] | v4:G1[0.080,0.595,0.325]
[TopoTrace Step 0] v0:G1[0.371,0.555,0.074] | v1:G0[0.530,0.235,0.235] | v2:G2[0.274,0.225,0.501] | v3:G2[0.079,0.321,0.600] | v4:G1[0.080,0.595,0.325]
[TopoTrace Step 0] v0:G1[0.371,0.555,0.074] | v1:G0[0.530,0.235,0.235] | v2:G2[0.274,0.225,0.501] | v3:G2[0.079,0.321,0.600] | v4:G1[0.080,0.595,0.325]
[TopoTrace Step 0] v0:G1[0.371,0.555,0.074] | v1:G0[0.530,0.235,0.235] | v2:G2[0.274,0.225,0.501] | v3:G2[0.079,0.321,0.600] | v4:G1[0.080,0.595,0.325]
[TopoTrace Step 0] v0:G1[0.371,0.555,0.074] | v1:G0[0.530,0.235,0.235] | v2:G2[0.274,0.225,0.501] | v3:G2[0.079,0.321,0.600] | v4:G1[0.080,0.595,0.325]
[TopoTrace Step 0] v0:G1[0.371,0.555,0.074] | v1:G0[0.530,0.235,0.235] | v2:G2[0.274,0.225,0.501] | v3:G2[0.079,0.321,0.600] | v4:G1[0.080,0.595,0.325]
[TopoTrace Step 0] v0:G1[0.371,0.555,0.074] | v1:G0[0.530,0.235,0.235] | v2:G2[0.274,0.225,0.501] | v3:G2[0.079,0.321,0.600] | v4:G1[0.080,0.595,0.325]
[TopoTrace Step 0] v0:G1[0.371,0.555,0.074] | v1:G0[0.530,0.235,0.235] | v2:G2[0.274,0.225,0.501] | v3:G2[0.079,0.321,0.600] | v4:G1[0.080,0.595,0.325]
[TopoTrace Step 0] v0:G1[0.371,0.555,0.074] | v1:G0[0.530,0.235,0.235] | v2:G2[0.274,0.225,0.501] | v3:G2[0.079,0.321,0.600] | v4:G1[0.080,0.595,0.325]
[TopoTrace Step 0] v0:G1[0.371,0.555,0.074] | v1:G0[0.530,0.235,0.235] | v2:G2[0.274,0.225,0.501] | v3:G2[0.079,0.321,0.600] | v4:G1[0.080,0.595,0.325]
[TopoTrace Step 0] v0:G1[0.371,0.555,0.074] | v1:G0[0.530,0.235,0.235] | v2:G2[0.274,0.225,0.501] | v3:G2[0.079,0.321,0.600] | v4:G1[0.080,0.595,0.325]
[TopoTrace Step 0] v0:G1[0.371,0.555,0.074] | v1:G0[0.530,0.235,0.235] | v2:G2[0.274,0.225,0.501] | v3:G2[0.079,0.321,0.600] | v4:G1[0.080,0.595,0.325]
[TopoTrace Step 0] v0:G1[0.371,0.555,0.074] | v1:G0[0.530,0.235,0.235] | v2:G2[0.274,0.225,0.501] | v3:G2[0.079,0.320,0.600] | v4:G1[0.080,0.595,0.325]
[TopoTrace Step 0] v0:G1[0.371,0.555,0.074] | v1:G0[0.530,0.235,0.235] | v2:G2[0.274,0.225,0.501] | v3:G2[0.079,0.320,0.600] | v4:G1[0.080,0.595,0.325]
[TopoTrace Step 0] v0:G1[0.371,0.555,0.074] | v1:G0[0.530,0.235,0.235] | v2:G2[0.274,0.225,0.501] | v3:G2[0.079,0.320,0.600] | v4:G1[0.080,0.595,0.325]
[TopoTrace Step 0] v0:G1[0.371,0.555,0.074] | v1:G0[0.530,0.235,0.235] | v2:G2[0.274,0.225,0.501] | v3:G2[0.079,0.320,0.600] | v4:G1[0.080,0.595,0.325]
[TopoTrace Step 0] v0:G1[0.371,0.555,0.074] | v1:G0[0.530,0.235,0.235] | v2:G2[0.274,0.225,0.501] | v3:G2[0.079,0.320,0.600] | v4:G1[0.080,0.595,0.325]
[TopoTrace Step 0] v0:G1[0.371,0.555,0.074] | v1:G0[0.530,0.235,0.235] | v2:G2[0.274,0.225,0.501] | v3:G2[0.079,0.320,0.600] | v4:G1[0.080,0.595,0.325]
[TopoTrace Step 0] v0:G1[0.371,0.555,0.074] | v1:G0[0.531,0.235,0.234] | v2:G2[0.274,0.225,0.501] | v3:G2[0.079,0.320,0.600] | v4:G1[0.080,0.595,0.325]
[TopoTrace Step 0] v0:G1[0.371,0.555,0.074] | v1:G0[0.531,0.235,0.234] | v2:G2[0.274,0.225,0.501] | v3:G2[0.079,0.320,0.600] | v4:G1[0.080,0.595,0.325]
[TopoTrace Step 0] v0:G1[0.371,0.555,0.074] | v1:G0[0.531,0.235,0.234] | v2:G2[0.274,0.225,0.501] | v3:G2[0.079,0.320,0.600] | v4:G1[0.080,0.595,0.325]
[TopoTrace Step 0] v0:G1[0.371,0.555,0.074] | v1:G0[0.531,0.235,0.234] | v2:G2[0.274,0.225,0.501] | v3:G2[0.079,0.320,0.600] | v4:G1[0.080,0.595,0.325]
[TopoTrace Step 0] v0:G1[0.371,0.555,0.074] | v1:G0[0.531,0.235,0.234] | v2:G2[0.274,0.225,0.501] | v3:G2[0.079,0.320,0.600] | v4:G1[0.080,0.595,0.325]
[TopoTrace Step 0] v0:G1[0.371,0.555,0.074] | v1:G0[0.531,0.235,0.234] | v2:G2[0.274,0.225,0.501] | v3:G2[0.079,0.320,0.600] | v4:G1[0.080,0.595,0.325]
[TopoTrace Step 0] v0:G1[0.371,0.555,0.074] | v1:G0[0.531,0.235,0.234] | v2:G2[0.274,0.225,0.501] | v3:G2[0.079,0.320,0.600] | v4:G1[0.080,0.595,0.325]
[TopoTrace Step 0] v0:G1[0.371,0.555,0.074] | v1:G0[0.531,0.235,0.234] | v2:G2[0.274,0.225,0.501] | v3:G2[0.079,0.320,0.600] | v4:G1[0.080,0.595,0.325]
[TopoTrace Step 0] v0:G1[0.371,0.555,0.074] | v1:G0[0.531,0.235,0.234] | v2:G2[0.274,0.225,0.501] | v3:G2[0.079,0.320,0.600] | v4:G1[0.080,0.595,0.325]
[TopoTrace Step 0] v0:G1[0.371,0.555,0.074] | v1:G0[0.531,0.235,0.234] | v2:G2[0.274,0.225,0.501] | v3:G2[0.079,0.320,0.600] | v4:G1[0.080,0.595,0.325]
[TopoTrace Step 0] v0:G1[0.371,0.555,0.074] | v1:G0[0.531,0.235,0.234] | v2:G2[0.274,0.225,0.501] | v3:G2[0.079,0.320,0.601] | v4:G1[0.080,0.595,0.325]
[TopoTrace Step 0] v0:G1[0.371,0.555,0.074] | v1:G0[0.531,0.235,0.234] | v2:G2[0.274,0.225,0.501] | v3:G2[0.079,0.320,0.601] | v4:G1[0.080,0.595,0.325]
[TopoTrace Step 0] v0:G1[0.371,0.555,0.074] | v1:G0[0.531,0.235,0.234] | v2:G2[0.274,0.225,0.501] | v3:G2[0.079,0.320,0.601] | v4:G1[0.080,0.595,0.325]
[TopoTrace Step 0] v0:G1[0.371,0.555,0.074] | v1:G0[0.531,0.235,0.234] | v2:G2[0.274,0.225,0.501] | v3:G2[0.079,0.320,0.601] | v4:G1[0.080,0.595,0.325]
[TopoTrace Step 0] v0:G1[0.371,0.555,0.074] | v1:G0[0.531,0.235,0.234] | v2:G2[0.274,0.225,0.501] | v3:G2[0.079,0.320,0.601] | v4:G1[0.080,0.595,0.325]
[TopoTrace Step 0] v0:G1[0.371,0.555,0.074] | v1:G0[0.531,0.235,0.234] | v2:G2[0.274,0.225,0.501] | v3:G2[0.079,0.320,0.601] | v4:G1[0.080,0.595,0.325]
[TopoTrace Step 0] v0:G1[0.371,0.555,0.074] | v1:G0[0.531,0.235,0.234] | v2:G2[0.274,0.225,0.501] | v3:G2[0.079,0.320,0.601] | v4:G1[0.080,0.595,0.325]
[TopoTrace Step 0] v0:G1[0.371,0.555,0.074] | v1:G0[0.531,0.235,0.234] | v2:G2[0.274,0.225,0.501] | v3:G2[0.079,0.320,0.601] | v4:G1[0.080,0.595,0.325]
[TopoTrace Step 0] v0:G1[0.371,0.555,0.074] | v1:G0[0.531,0.235,0.234] | v2:G2[0.274,0.225,0.501] | v3:G2[0.079,0.320,0.601] | v4:G1[0.080,0.595,0.325]
[TopoTrace Step 0] v0:G1[0.371,0.555,0.074] | v1:G0[0.531,0.235,0.234] | v2:G2[0.274,0.225,0.501] | v3:G2[0.079,0.320,0.601] | v4:G1[0.080,0.595,0.325]
[TopoTrace Step 0] v0:G1[0.371,0.555,0.074] | v1:G0[0.531,0.235,0.234] | v2:G2[0.274,0.225,0.501] | v3:G2[0.079,0.320,0.601] | v4:G1[0.080,0.595,0.325]
[TopoTrace Step 0] v0:G1[0.371,0.555,0.074] | v1:G0[0.531,0.235,0.234] | v2:G2[0.274,0.225,0.501] | v3:G2[0.079,0.320,0.601] | v4:G1[0.080,0.595,0.325]
[TopoTrace Step 0] v0:G1[0.371,0.555,0.074] | v1:G0[0.531,0.235,0.234] | v2:G2[0.274,0.225,0.501] | v3:G2[0.079,0.320,0.601] | v4:G1[0.080,0.595,0.325]
[TopoTrace Step 0] v0:G1[0.371,0.555,0.074] | v1:G0[0.531,0.235,0.234] | v2:G2[0.274,0.225,0.501] | v3:G2[0.079,0.320,0.601] | v4:G1[0.080,0.595,0.325]
[TopoTrace Step 0] v0:G1[0.371,0.555,0.074] | v1:G0[0.531,0.235,0.234] | v2:G2[0.274,0.225,0.501] | v3:G2[0.079,0.320,0.601] | v4:G1[0.080,0.595,0.325][TopoTrace Step 0] v0:G1[0.371,0.555,0.074] | v1:G0[0.531,0.235,0.234] | v2:G2[0.274,0.225,0.501] | v3:G2[0.079,0.320,0.601] | v4:G1[0.080,0.595,0.325]

[TopoTrace Step 0] v0:G1[0.371,0.555,0.074] | v1:G0[0.531,0.235,0.234] | v2:G2[0.274,0.225,0.501] | v3:G2[0.079,0.320,0.601] | v4:G1[0.080,0.595,0.325]
[TopoTrace Step 0] v0:G1[0.371,0.555,0.074] | v1:G0[0.531,0.235,0.234] | v2:G2[0.274,0.225,0.501] | v3:G2[0.079,0.320,0.601] | v4:G1[0.080,0.595,0.325]
[TopoTrace Step 0] v0:G1[0.371,0.555,0.074] | v1:G0[0.531,0.235,0.234] | v2:G2[0.274,0.225,0.501] | v3:G2[0.079,0.320,0.601] | v4:G1[0.080,0.595,0.325]
[TopoTrace Step 0] v0:G1[0.371,0.555,0.074] | v1:G0[0.531,0.235,0.234] | v2:G2[0.274,0.225,0.501] | v3:G2[0.079,0.320,0.601] | v4:G1[0.080,0.595,0.325]
[TopoTrace Step 0] v0:G1[0.371,0.555,0.074] | v1:G0[0.531,0.235,0.234] | v2:G2[0.274,0.225,0.501] | v3:G2[0.079,0.320,0.601] | v4:G1[0.080,0.595,0.325]
[TopoTrace Step 0] v0:G1[0.371,0.555,0.074] | v1:G0[0.531,0.235,0.234] | v2:G2[0.274,0.225,0.501] | v3:G2[0.079,0.320,0.601] | v4:G1[0.080,0.595,0.325]
[TopoTrace Step 0] v0:G1[0.371,0.555,0.074] | v1:G0[0.531,0.235,0.234] | v2:G2[0.274,0.225,0.501] | v3:G2[0.079,0.320,0.601] | v4:G1[0.080,0.595,0.325]
[TopoTrace Step 0] v0:G1[0.371,0.555,0.074] | v1:G0[0.531,0.235,0.234] | v2:G2[0.274,0.225,0.501] | v3:G2[0.079,0.320,0.601] | v4:G1[0.080,0.595,0.325]
[TopoTrace Step 0] v0:G1[0.371,0.555,0.074] | v1:G0[0.531,0.235,0.234] | v2:G2[0.274,0.225,0.501] | v3:G2[0.079,0.320,0.601] | v4:G1[0.080,0.595,0.325][TopoTrace Step 0] v0:G1[0.371,0.555,0.074] | v1:G0[0.531,0.235,0.234] | v2:G2[0.274,0.225,0.501] | v3:G2[0.079,0.320,0.601] | v4:G1[0.080,0.595,0.325]

[TopoTrace Step 0] v0:G1[0.371,0.555,0.074] | v1:G0[0.531,0.235,0.234] | v2:G2[0.274,0.225,0.501] | v3:G2[0.079,0.320,0.601] | v4:G1[0.080,0.595,0.325][TopoTrace Step 0] v0:G1[0.371,0.555,0.074] | v1:G0[0.531,0.235,0.234] | v2:G2[0.274,0.225,0.501] | v3:G2[0.079,0.320,0.601] | v4:G1[0.080,0.595,0.325]

[TopoTrace Step 0] v0:G1[0.371,0.555,0.074] | v1:G0[0.531,0.235,0.234] | v2:G2[0.274,0.225,0.501] | v3:G2[0.079,0.320,0.601] | v4:G1[0.080,0.595,0.325]
[TopoTrace Step 0] v0:G1[0.371,0.555,0.074] | v1:G0[0.531,0.235,0.234] | v2:G2[0.274,0.225,0.501] | v3:G2[0.079,0.320,0.601] | v4:G1[0.080,0.595,0.325]
[TopoTrace Step 0] v0:G1[0.371,0.555,0.074] | v1:G0[0.531,0.235,0.234] | v2:G2[0.274,0.225,0.501] | v3:G2[0.079,0.320,0.601] | v4:G1[0.080,0.595,0.325]
[TopoTrace Step 0] v0:G1[0.371,0.555,0.074] | v1:G0[0.531,0.235,0.234] | v2:G2[0.274,0.225,0.501] | v3:G2[0.079,0.320,0.601] | v4:G1[0.080,0.595,0.325]
[TopoTrace Step 0] v0:G1[0.371,0.555,0.074] | v1:G0[0.531,0.235,0.234] | v2:G2[0.274,0.225,0.501] | v3:G2[0.079,0.320,0.601] | v4:G1[0.080,0.595,0.325]
[TopoTrace Step 0] v0:G1[0.371,0.555,0.074] | v1:G0[0.531,0.235,0.234] | v2:G2[0.274,0.225,0.501] | v3:G2[0.079,0.320,0.601] | v4:G1[0.080,0.595,0.325]
[TopoTrace Step 0] v0:G1[0.371,0.555,0.074] | v1:G0[0.531,0.235,0.234] | v2:G2[0.274,0.225,0.501] | v3:G2[0.079,0.320,0.601] | v4:G1[0.080,0.595,0.325][TopoTrace Step 0] v0:G1[0.371,0.555,0.074] | v1:G0[0.531,0.235,0.234] | v2:G2[0.274,0.225,0.501] | v3:G2[0.079,0.320,0.601] | v4:G1[0.080,0.595,0.325]

[TopoTrace Step 0] v0:G1[0.371,0.555,0.074] | v1:G0[0.531,0.235,0.234] | v2:G2[0.274,0.225,0.501] | v3:G2[0.079,0.320,0.601] | v4:G1[0.080,0.595,0.325]
[TopoTrace Step 0] v0:G1[0.371,0.555,0.074] | v1:G0[0.531,0.235,0.234] | v2:G2[0.274,0.225,0.501] | v3:G2[0.079,0.320,0.601] | v4:G1[0.080,0.595,0.325]
[TopoTrace Step 0] v0:G1[0.371,0.555,0.074] | v1:G0[0.531,0.235,0.234] | v2:G2[0.274,0.225,0.501] | v3:G2[0.079,0.320,0.601] | v4:G1[0.080,0.595,0.325]
[TopoTrace Step 0] v0:G1[0.371,0.555,0.074] | v1:G0[0.531,0.235,0.234] | v2:G2[0.274,0.225,0.501] | v3:G2[0.079,0.320,0.601] | v4:G1[0.080,0.595,0.325]
[TopoTrace Step 0] v0:G1[0.371,0.555,0.074] | v1:G0[0.531,0.235,0.234] | v2:G2[0.274,0.225,0.501] | v3:G2[0.079,0.320,0.601] | v4:G1[0.080,0.595,0.325]
[TopoTrace Step 0] v0:G1[0.371,0.555,0.074] | v1:G0[0.531,0.235,0.234] | v2:G2[0.274,0.225,0.501] | v3:G2[0.079,0.320,0.601] | v4:G1[0.080,0.595,0.325]
[TopoTrace Step 0] v0:G1[0.371,0.555,0.074] | v1:G0[0.531,0.235,0.234] | v2:G2[0.274,0.225,0.501] | v3:G2[0.079,0.320,0.601] | v4:G1[0.080,0.595,0.325]
[TopoTrace Step 0] v0:G1[0.371,0.555,0.074] | v1:G0[0.531,0.235,0.234] | v2:G2[0.274,0.225,0.501] | v3:G2[0.079,0.320,0.601] | v4:G1[0.080,0.595,0.325]
[TopoTrace Step 0] v0:G1[0.371,0.555,0.074] | v1:G0[0.531,0.235,0.234] | v2:G2[0.274,0.225,0.501] | v3:G2[0.079,0.320,0.601] | v4:G1[0.080,0.595,0.325]
[TopoTrace Step 0] v0:G1[0.371,0.555,0.074] | v1:G0[0.531,0.235,0.234] | v2:G2[0.274,0.225,0.501] | v3:G2[0.079,0.320,0.601] | v4:G1[0.080,0.595,0.325]
[TopoTrace Step 0] v0:G1[0.371,0.555,0.074] | v1:G0[0.531,0.235,0.234] | v2:G2[0.274,0.225,0.501] | v3:G2[0.079,0.320,0.601] | v4:G1[0.080,0.595,0.325]
[TopoTrace Step 0] v0:G1[0.371,0.555,0.074] | v1:G0[0.531,0.235,0.234] | v2:G2[0.274,0.225,0.501] | v3:G2[0.079,0.320,0.601] | v4:G1[0.080,0.595,0.325]
[TopoTrace Step 0] v0:G1[0.371,0.555,0.074] | v1:G0[0.531,0.235,0.234] | v2:G2[0.274,0.225,0.501] | v3:G2[0.079,0.320,0.601] | v4:G1[0.080,0.595,0.325]
[TopoTrace Step 0] v0:G1[0.371,0.555,0.074] | v1:G0[0.531,0.235,0.234] | v2:G2[0.274,0.225,0.501] | v3:G2[0.079,0.320,0.601] | v4:G1[0.080,0.595,0.325]
[TopoTrace Step 0] v0:G1[0.371,0.555,0.074] | v1:G0[0.531,0.235,0.234] | v2:G2[0.274,0.225,0.501] | v3:G2[0.079,0.320,0.601] | v4:G1[0.080,0.595,0.325]
[TopoTrace Step 0] v0:G1[0.371,0.555,0.074] | v1:G0[0.531,0.235,0.234] | v2:G2[0.274,0.225,0.501] | v3:G2[0.079,0.320,0.601] | v4:G1[0.080,0.595,0.325]
[TopoTrace Step 0] v0:G1[0.371,0.555,0.074] | v1:G0[0.531,0.235,0.234] | v2:G2[0.274,0.225,0.501] | v3:G2[0.079,0.320,0.601] | v4:G1[0.080,0.595,0.325]
[TopoTrace Step 0] v0:G1[0.371,0.555,0.074] | v1:G0[0.531,0.235,0.234] | v2:G2[0.274,0.225,0.501] | v3:G2[0.079,0.320,0.601] | v4:G1[0.080,0.595,0.325]
[TopoTrace Step 0] v0:G1[0.371,0.555,0.074] | v1:G0[0.531,0.235,0.234] | v2:G2[0.274,0.225,0.501] | v3:G2[0.079,0.320,0.601] | v4:G1[0.080,0.595,0.325]
[TopoTrace Step 0] v0:G1[0.371,0.555,0.074] | v1:G0[0.531,0.235,0.234] | v2:G2[0.274,0.225,0.501] | v3:G2[0.079,0.320,0.601] | v4:G1[0.080,0.595,0.325]
[TopoTrace Step 0] v0:G1[0.371,0.555,0.074] | v1:G0[0.531,0.235,0.234] | v2:G2[0.274,0.225,0.501] | v3:G2[0.079,0.320,0.601] | v4:G1[0.080,0.595,0.325]
[TopoTrace Step 0] v0:G1[0.371,0.555,0.074] | v1:G0[0.531,0.235,0.234] | v2:G2[0.274,0.225,0.501] | v3:G2[0.079,0.320,0.601] | v4:G1[0.080,0.595,0.325]
[TopoTrace Step 0] v0:G1[0.371,0.555,0.074] | v1:G0[0.531,0.235,0.234] | v2:G2[0.274,0.225,0.501] | v3:G2[0.079,0.320,0.601] | v4:G1[0.080,0.595,0.325]
[TopoTrace Step 0] v0:G1[0.371,0.555,0.074] | v1:G0[0.531,0.235,0.234] | v2:G2[0.274,0.225,0.501] | v3:G2[0.079,0.320,0.601] | v4:G1[0.080,0.595,0.325]
[TopoTrace Step 0] v0:G1[0.371,0.555,0.074] | v1:G0[0.531,0.235,0.234] | v2:G2[0.274,0.225,0.501] | v3:G2[0.079,0.320,0.601] | v4:G1[0.080,0.595,0.325]
[TopoTrace Step 0] v0:G1[0.371,0.555,0.074] | v1:G0[0.531,0.235,0.234] | v2:G2[0.274,0.225,0.501] | v3:G2[0.079,0.320,0.601] | v4:G1[0.080,0.595,0.325]
[TopoTrace Step 0] v0:G1[0.371,0.555,0.074] | v1:G0[0.531,0.235,0.234] | v2:G2[0.274,0.225,0.501] | v3:G2[0.079,0.320,0.601] | v4:G1[0.080,0.595,0.325]
[TopoTrace Step 0] v0:G1[0.371,0.555,0.074] | v1:G0[0.531,0.235,0.234] | v2:G2[0.274,0.225,0.501] | v3:G2[0.079,0.320,0.601] | v4:G1[0.080,0.595,0.325]
[TopoTrace Step 0] v0:G1[0.371,0.555,0.074] | v1:G0[0.531,0.235,0.234] | v2:G2[0.274,0.225,0.501] | v3:G2[0.079,0.320,0.601] | v4:G1[0.080,0.595,0.325]
[TopoTrace Step 0] v0:G1[0.371,0.555,0.074] | v1:G0[0.531,0.235,0.234] | v2:G2[0.274,0.225,0.501] | v3:G2[0.079,0.320,0.601] | v4:G1[0.080,0.595,0.325]
[TopoTrace Step 0] v0:G1[0.371,0.555,0.074] | v1:G0[0.531,0.235,0.234] | v2:G2[0.274,0.225,0.501] | v3:G2[0.079,0.320,0.601] | v4:G1[0.080,0.595,0.325]
[TopoTrace Step 0] v0:G1[0.371,0.555,0.074] | v1:G0[0.531,0.235,0.234] | v2:G2[0.274,0.225,0.501] | v3:G2[0.079,0.320,0.601] | v4:G1[0.080,0.595,0.325]
[TopoTrace Step 0] v0:G1[0.371,0.555,0.074] | v1:G0[0.531,0.235,0.234] | v2:G2[0.274,0.225,0.501] | v3:G2[0.079,0.320,0.601] | v4:G1[0.080,0.595,0.325]
[TopoTrace Step 0] v0:G1[0.371,0.555,0.074] | v1:G0[0.531,0.235,0.234] | v2:G2[0.274,0.225,0.501] | v3:G2[0.079,0.320,0.601] | v4:G1[0.080,0.595,0.325]
[TopoTrace Step 0] v0:G1[0.371,0.555,0.074] | v1:G0[0.531,0.235,0.234] | v2:G2[0.274,0.225,0.501] | v3:G2[0.079,0.320,0.602] | v4:G1[0.080,0.595,0.325]
[TopoTrace Step 0] v0:G1[0.371,0.555,0.074] | v1:G0[0.531,0.235,0.234] | v2:G2[0.274,0.225,0.501] | v3:G2[0.079,0.320,0.602] | v4:G1[0.080,0.595,0.325]
[TopoTrace Step 0] v0:G1[0.371,0.555,0.074] | v1:G0[0.531,0.235,0.234] | v2:G2[0.274,0.225,0.501] | v3:G2[0.079,0.320,0.602] | v4:G1[0.080,0.595,0.325]
[TopoTrace Step 0] v0:G1[0.371,0.555,0.074] | v1:G0[0.531,0.235,0.234] | v2:G2[0.274,0.225,0.501] | v3:G2[0.079,0.320,0.602] | v4:G1[0.080,0.595,0.325]
[TopoTrace Step 0] v0:G1[0.371,0.555,0.074] | v1:G0[0.531,0.235,0.234] | v2:G2[0.274,0.225,0.501] | v3:G2[0.079,0.319,0.602] | v4:G1[0.080,0.595,0.325]
[TopoTrace Step 0] v0:G1[0.371,0.555,0.074] | v1:G0[0.531,0.235,0.234] | v2:G2[0.274,0.225,0.501] | v3:G2[0.079,0.319,0.602] | v4:G1[0.080,0.595,0.325]
[TopoTrace Step 0] v0:G1[0.371,0.555,0.074] | v1:G0[0.531,0.235,0.234] | v2:G2[0.274,0.225,0.501] | v3:G2[0.079,0.319,0.602] | v4:G1[0.080,0.595,0.325]
[TopoTrace Step 0] v0:G1[0.371,0.555,0.074] | v1:G0[0.531,0.235,0.234] | v2:G2[0.274,0.225,0.501] | v3:G2[0.079,0.319,0.602] | v4:G1[0.080,0.595,0.325]
[TopoTrace Step 0] v0:G1[0.371,0.555,0.074] | v1:G0[0.531,0.235,0.234] | v2:G2[0.274,0.225,0.501] | v3:G2[0.079,0.319,0.602] | v4:G1[0.080,0.595,0.325]
[TopoTrace Step 0] v0:G1[0.371,0.555,0.074] | v1:G0[0.531,0.235,0.234] | v2:G2[0.274,0.225,0.501] | v3:G2[0.079,0.319,0.602] | v4:G1[0.080,0.595,0.325]
[TopoTrace Step 0] v0:G1[0.371,0.555,0.074] | v1:G0[0.531,0.235,0.234] | v2:G2[0.274,0.225,0.501] | v3:G2[0.079,0.319,0.602] | v4:G1[0.080,0.595,0.325]
[TopoTrace Step 0] v0:G1[0.371,0.555,0.074] | v1:G0[0.531,0.235,0.234] | v2:G2[0.274,0.225,0.501] | v3:G2[0.079,0.319,0.602] | v4:G1[0.080,0.595,0.325]
[TopoTrace Step 0] v0:G1[0.371,0.554,0.074] | v1:G0[0.531,0.235,0.234] | v2:G2[0.274,0.225,0.501] | v3:G2[0.079,0.319,0.602] | v4:G1[0.080,0.595,0.325]
[TopoTrace Step 0] v0:G1[0.371,0.554,0.074] | v1:G0[0.531,0.235,0.234] | v2:G2[0.274,0.225,0.501] | v3:G2[0.079,0.319,0.602] | v4:G1[0.080,0.595,0.325]
[TopoTrace Step 0] v0:G1[0.371,0.554,0.074] | v1:G0[0.531,0.235,0.234] | v2:G2[0.274,0.225,0.501] | v3:G2[0.079,0.319,0.602] | v4:G1[0.080,0.595,0.325]
[TopoTrace Step 0] v0:G1[0.371,0.554,0.074] | v1:G0[0.531,0.235,0.234] | v2:G2[0.274,0.225,0.501] | v3:G2[0.079,0.319,0.602] | v4:G1[0.080,0.595,0.325]
[TopoTrace Step 0] v0:G1[0.371,0.554,0.074] | v1:G0[0.531,0.235,0.234] | v2:G2[0.274,0.225,0.501] | v3:G2[0.079,0.319,0.602] | v4:G1[0.080,0.595,0.325]
[TopoTrace Step 0] v0:G1[0.371,0.554,0.074] | v1:G0[0.531,0.235,0.234] | v2:G2[0.274,0.225,0.501] | v3:G2[0.079,0.319,0.602] | v4:G1[0.080,0.595,0.325]
[TopoTrace Step 0] v0:G1[0.371,0.554,0.074] | v1:G0[0.531,0.235,0.234] | v2:G2[0.274,0.225,0.501] | v3:G2[0.079,0.319,0.602] | v4:G1[0.080,0.595,0.325]
[TopoTrace Step 0] v0:G1[0.371,0.554,0.074] | v1:G0[0.531,0.235,0.234] | v2:G2[0.274,0.225,0.501] | v3:G2[0.079,0.319,0.602] | v4:G1[0.080,0.595,0.325]
[TopoTrace Step 0] v0:G1[0.371,0.554,0.074] | v1:G0[0.531,0.235,0.234] | v2:G2[0.274,0.225,0.501] | v3:G2[0.079,0.319,0.602] | v4:G1[0.080,0.595,0.325]
[TopoTrace Step 0] v0:G1[0.371,0.554,0.074] | v1:G0[0.531,0.235,0.234] | v2:G2[0.274,0.225,0.501] | v3:G2[0.079,0.319,0.602] | v4:G1[0.080,0.595,0.325]
[TopoTrace Step 0] v0:G1[0.372,0.554,0.074] | v1:G0[0.531,0.234,0.234] | v2:G2[0.274,0.225,0.501] | v3:G2[0.079,0.319,0.602] | v4:G1[0.080,0.595,0.325]
[TopoTrace Step 0] v0:G1[0.372,0.554,0.074] | v1:G0[0.531,0.234,0.234] | v2:G2[0.274,0.225,0.501] | v3:G2[0.079,0.319,0.602] | v4:G1[0.080,0.595,0.325]
[TopoTrace Step 0] v0:G1[0.372,0.554,0.074] | v1:G0[0.531,0.234,0.234] | v2:G2[0.274,0.225,0.501] | v3:G2[0.079,0.319,0.602] | v4:G1[0.080,0.595,0.325]
[TopoTrace Step 0] v0:G1[0.372,0.554,0.074] | v1:G0[0.531,0.234,0.234] | v2:G2[0.274,0.225,0.501] | v3:G2[0.079,0.319,0.602] | v4:G1[0.080,0.595,0.325]
[TopoTrace Step 0] v0:G1[0.372,0.554,0.074] | v1:G0[0.531,0.234,0.234] | v2:G2[0.274,0.225,0.501] | v3:G2[0.079,0.319,0.602] | v4:G1[0.080,0.595,0.325]
[TopoTrace Step 0] v0:G1[0.372,0.554,0.074] | v1:G0[0.531,0.234,0.234] | v2:G2[0.274,0.225,0.501] | v3:G2[0.079,0.319,0.602] | v4:G1[0.080,0.595,0.325]
[TopoTrace Step 0] v0:G1[0.372,0.554,0.074] | v1:G0[0.531,0.234,0.234] | v2:G2[0.274,0.225,0.501] | v3:G2[0.079,0.319,0.602] | v4:G1[0.080,0.595,0.325]
[TopoTrace Step 0] v0:G1[0.372,0.554,0.074] | v1:G0[0.531,0.234,0.234] | v2:G2[0.274,0.225,0.501] | v3:G2[0.079,0.319,0.602] | v4:G1[0.080,0.595,0.325]
[TopoTrace Step 0] v0:G1[0.372,0.554,0.074] | v1:G0[0.531,0.234,0.234] | v2:G2[0.274,0.225,0.501] | v3:G2[0.079,0.319,0.602] | v4:G1[0.080,0.595,0.325]
[TopoTrace Step 0] v0:G1[0.372,0.554,0.074] | v1:G0[0.531,0.234,0.234] | v2:G2[0.274,0.225,0.501] | v3:G2[0.079,0.319,0.602] | v4:G1[0.080,0.595,0.325]
[TopoTrace Step 0] v0:G1[0.372,0.554,0.074] | v1:G0[0.531,0.234,0.234] | v2:G2[0.274,0.225,0.501] | v3:G2[0.079,0.319,0.602] | v4:G1[0.080,0.595,0.325][TopoTrace Step 0] v0:G1[0.372,0.554,0.074] | v1:G0[0.531,0.234,0.234] | v2:G2[0.274,0.225,0.501] | v3:G2[0.079,0.319,0.602] | v4:G1[0.080,0.595,0.325]

[TopoTrace Step 0] v0:G1[0.372,0.554,0.074] | v1:G0[0.531,0.234,0.234] | v2:G2[0.274,0.225,0.501] | v3:G2[0.079,0.319,0.602] | v4:G1[0.080,0.595,0.325]
[TopoTrace Step 0] v0:G1[0.372,0.554,0.074] | v1:G0[0.531,0.234,0.234] | v2:G2[0.274,0.225,0.501] | v3:G2[0.079,0.319,0.602] | v4:G1[0.080,0.595,0.325]
[TopoTrace Step 0] v0:G1[0.372,0.554,0.074] | v1:G0[0.531,0.234,0.234] | v2:G2[0.274,0.225,0.501] | v3:G2[0.079,0.319,0.602] | v4:G1[0.080,0.595,0.325]
[TopoTrace Step 0] v0:G1[0.372,0.554,0.074] | v1:G0[0.531,0.234,0.234] | v2:G2[0.274,0.225,0.501] | v3:G2[0.079,0.319,0.602] | v4:G1[0.080,0.595,0.325]
[TopoTrace Step 0] v0:G1[0.372,0.554,0.074] | v1:G0[0.531,0.234,0.234] | v2:G2[0.274,0.225,0.501] | v3:G2[0.079,0.319,0.602] | v4:G1[0.080,0.595,0.325]
[TopoTrace Step 0] v0:G1[0.372,0.554,0.074] | v1:G0[0.531,0.234,0.234] | v2:G2[0.274,0.225,0.501] | v3:G2[0.079,0.319,0.602] | v4:G1[0.080,0.595,0.325]
[TopoTrace Step 0] v0:G1[0.372,0.554,0.074] | v1:G0[0.531,0.234,0.234] | v2:G2[0.274,0.225,0.501] | v3:G2[0.079,0.319,0.602] | v4:G1[0.080,0.595,0.325]
[TopoTrace Step 0] v0:G1[0.372,0.554,0.074] | v1:G0[0.531,0.234,0.234] | v2:G2[0.274,0.225,0.501] | v3:G2[0.079,0.319,0.602] | v4:G1[0.080,0.595,0.325]
[TopoTrace Step 0] v0:G1[0.372,0.554,0.074] | v1:G0[0.532,0.234,0.234] | v2:G2[0.274,0.225,0.501] | v3:G2[0.079,0.319,0.602] | v4:G1[0.080,0.595,0.325]
[TopoTrace Step 0] v0:G1[0.372,0.554,0.074] | v1:G0[0.532,0.234,0.234] | v2:G2[0.274,0.225,0.501] | v3:G2[0.079,0.319,0.602] | v4:G1[0.080,0.595,0.325]
[TopoTrace Step 0] v0:G1[0.372,0.554,0.074] | v1:G0[0.532,0.234,0.234] | v2:G2[0.274,0.225,0.501] | v3:G2[0.079,0.319,0.602] | v4:G1[0.080,0.595,0.325]
[TopoTrace Step 0] v0:G1[0.372,0.554,0.074] | v1:G0[0.532,0.234,0.234] | v2:G2[0.274,0.225,0.501] | v3:G2[0.079,0.319,0.602] | v4:G1[0.080,0.595,0.325]
[TopoTrace Step 0] v0:G1[0.372,0.554,0.074] | v1:G0[0.532,0.234,0.234] | v2:G2[0.274,0.225,0.501] | v3:G2[0.079,0.319,0.602] | v4:G1[0.080,0.595,0.325]
[TopoTrace Step 0] v0:G1[0.372,0.554,0.074] | v1:G0[0.532,0.234,0.234] | v2:G2[0.274,0.225,0.501] | v3:G2[0.079,0.319,0.602] | v4:G1[0.080,0.595,0.325]
[TopoTrace Step 0] v0:G1[0.372,0.554,0.074] | v1:G0[0.532,0.234,0.234] | v2:G2[0.274,0.225,0.501] | v3:G2[0.079,0.319,0.602] | v4:G1[0.080,0.595,0.325]
[TopoTrace Step 0] v0:G1[0.372,0.554,0.074] | v1:G0[0.532,0.234,0.234] | v2:G2[0.274,0.225,0.501] | v3:G2[0.079,0.319,0.602] | v4:G1[0.080,0.595,0.325]
[TopoTrace Step 0] v0:G1[0.372,0.554,0.074] | v1:G0[0.532,0.234,0.234] | v2:G2[0.274,0.225,0.501] | v3:G2[0.079,0.319,0.602] | v4:G1[0.080,0.595,0.325][TopoTrace Step 0] v0:G1[0.372,0.554,0.074] | v1:G0[0.532,0.234,0.234] | v2:G2[0.274,0.225,0.501] | v3:G2[0.079,0.319,0.602] | v4:G1[0.080,0.595,0.325]

[TopoTrace Step 0] v0:G1[0.372,0.554,0.074] | v1:G0[0.532,0.234,0.234] | v2:G2[0.274,0.225,0.501] | v3:G2[0.079,0.319,0.602] | v4:G1[0.080,0.595,0.325]
[TopoTrace Step 0] v0:G1[0.372,0.554,0.074] | v1:G0[0.532,0.234,0.234] | v2:G2[0.274,0.225,0.501] | v3:G2[0.079,0.319,0.602] | v4:G1[0.080,0.595,0.325]
[TopoTrace Step 0] v0:G1[0.372,0.554,0.074] | v1:G0[0.532,0.234,0.234] | v2:G2[0.274,0.225,0.501] | v3:G2[0.079,0.319,0.602] | v4:G1[0.080,0.595,0.325]
[TopoTrace Step 0] v0:G1[0.372,0.554,0.074] | v1:G0[0.532,0.234,0.234] | v2:G2[0.274,0.225,0.501] | v3:G2[0.079,0.319,0.602] | v4:G1[0.080,0.595,0.325]
[TopoTrace Step 0] v0:G1[0.372,0.554,0.074] | v1:G0[0.532,0.234,0.234] | v2:G2[0.274,0.225,0.501] | v3:G2[0.079,0.319,0.602] | v4:G1[0.080,0.595,0.325]
[TopoTrace Step 0] v0:G1[0.372,0.554,0.074] | v1:G0[0.532,0.234,0.234] | v2:G2[0.274,0.225,0.501] | v3:G2[0.079,0.319,0.602] | v4:G1[0.080,0.595,0.325]
[TopoTrace Step 0] v0:G1[0.372,0.554,0.074] | v1:G0[0.532,0.234,0.234] | v2:G2[0.274,0.225,0.501] | v3:G2[0.079,0.319,0.602] | v4:G1[0.080,0.595,0.325]
[TopoTrace Step 0] v0:G1[0.372,0.554,0.074] | v1:G0[0.532,0.234,0.234] | v2:G2[0.274,0.225,0.501] | v3:G2[0.079,0.319,0.602] | v4:G1[0.080,0.595,0.325]
[TopoTrace Step 0] v0:G1[0.372,0.554,0.074] | v1:G0[0.532,0.234,0.234] | v2:G2[0.274,0.225,0.501] | v3:G2[0.079,0.319,0.602] | v4:G1[0.080,0.595,0.325]
[TopoTrace Step 0] v0:G1[0.372,0.554,0.074] | v1:G0[0.532,0.234,0.234] | v2:G2[0.274,0.225,0.501] | v3:G2[0.079,0.319,0.602] | v4:G1[0.080,0.595,0.325]
[TopoTrace Step 0] v0:G1[0.372,0.554,0.074] | v1:G0[0.532,0.234,0.234] | v2:G2[0.274,0.225,0.501] | v3:G2[0.079,0.319,0.603] | v4:G1[0.080,0.595,0.325]
[TopoTrace Step 0] v0:G1[0.372,0.554,0.074] | v1:G0[0.532,0.234,0.234] | v2:G2[0.274,0.225,0.501] | v3:G2[0.079,0.319,0.603] | v4:G1[0.080,0.595,0.325]
[TopoTrace Step 0] v0:G1[0.372,0.554,0.074] | v1:G0[0.532,0.234,0.234] | v2:G2[0.274,0.225,0.501] | v3:G2[0.079,0.319,0.603] | v4:G1[0.080,0.595,0.325][TopoTrace Step 0] v0:G1[0.372,0.554,0.074] | v1:G0[0.532,0.234,0.234] | v2:G2[0.274,0.225,0.501] | v3:G2[0.079,0.319,0.603] | v4:G1[0.080,0.595,0.325]

[TopoTrace Step 0] v0:G1[0.372,0.554,0.074] | v1:G0[0.532,0.234,0.234] | v2:G2[0.274,0.225,0.501] | v3:G2[0.079,0.319,0.603] | v4:G1[0.080,0.595,0.325]
[TopoTrace Step 0] v0:G1[0.372,0.554,0.074] | v1:G0[0.532,0.234,0.234] | v2:G2[0.274,0.225,0.501] | v3:G2[0.079,0.319,0.603] | v4:G1[0.080,0.595,0.325]
[TopoTrace Step 0] v0:G1[0.372,0.554,0.074] | v1:G0[0.532,0.234,0.234] | v2:G2[0.274,0.225,0.501] | v3:G2[0.079,0.319,0.603] | v4:G1[0.080,0.595,0.325]
[TopoTrace Step 0] v0:G1[0.372,0.554,0.074] | v1:G0[0.532,0.234,0.234] | v2:G2[0.274,0.225,0.501] | v3:G2[0.079,0.319,0.603] | v4:G1[0.080,0.595,0.325]
[TopoTrace Step 0] v0:G1[0.372,0.554,0.074] | v1:G0[0.532,0.234,0.234] | v2:G2[0.274,0.225,0.501] | v3:G2[0.079,0.319,0.603] | v4:G1[0.080,0.595,0.325]
[TopoTrace Step 0] v0:G1[0.372,0.554,0.074] | v1:G0[0.532,0.234,0.234] | v2:G2[0.274,0.225,0.501] | v3:G2[0.079,0.319,0.603] | v4:G1[0.080,0.595,0.325]
[TopoTrace Step 0] v0:G1[0.372,0.554,0.074] | v1:G0[0.532,0.234,0.234] | v2:G2[0.274,0.225,0.501] | v3:G2[0.079,0.319,0.603] | v4:G1[0.080,0.595,0.325]
[TopoTrace Step 0] v0:G1[0.372,0.554,0.074] | v1:G0[0.532,0.234,0.234] | v2:G2[0.274,0.225,0.501] | v3:G2[0.079,0.319,0.603] | v4:G1[0.080,0.595,0.325]
[TopoTrace Step 0] v0:G1[0.372,0.554,0.074] | v1:G0[0.532,0.234,0.234] | v2:G2[0.274,0.225,0.501] | v3:G2[0.079,0.319,0.603] | v4:G1[0.080,0.595,0.325]
[TopoTrace Step 0] v0:G1[0.372,0.554,0.074] | v1:G0[0.532,0.234,0.234] | v2:G2[0.274,0.225,0.501] | v3:G2[0.079,0.319,0.603] | v4:G1[0.080,0.595,0.325]
[TopoTrace Step 0] v0:G1[0.372,0.554,0.074] | v1:G0[0.532,0.234,0.234] | v2:G2[0.274,0.225,0.501] | v3:G2[0.079,0.319,0.603] | v4:G1[0.080,0.595,0.325]
[TopoTrace Step 0] v0:G1[0.372,0.554,0.074] | v1:G0[0.532,0.234,0.234] | v2:G2[0.274,0.225,0.501] | v3:G2[0.079,0.319,0.603] | v4:G1[0.080,0.595,0.325]
[TopoTrace Step 0] v0:G1[0.372,0.554,0.074] | v1:G0[0.532,0.234,0.234] | v2:G2[0.274,0.225,0.501] | v3:G2[0.079,0.319,0.603] | v4:G1[0.080,0.595,0.325]
[TopoTrace Step 0] v0:G1[0.372,0.554,0.074] | v1:G0[0.532,0.234,0.234] | v2:G2[0.274,0.225,0.501] | v3:G2[0.079,0.319,0.603] | v4:G1[0.080,0.595,0.325]
[TopoTrace Step 0] v0:G1[0.372,0.554,0.074] | v1:G0[0.532,0.234,0.234] | v2:G2[0.274,0.225,0.501] | v3:G2[0.079,0.319,0.603] | v4:G1[0.080,0.595,0.325][TopoTrace Step 0] v0:G1[0.372,0.554,0.074] | v1:G0[0.532,0.234,0.234] | v2:G2[0.274,0.225,0.501] | v3:G2[0.079,0.319,0.603] | v4:G1[0.080,0.595,0.325]

[TopoTrace Step 0] v0:G1[0.372,0.554,0.074] | v1:G0[0.532,0.234,0.234] | v2:G2[0.274,0.225,0.501] | v3:G2[0.079,0.318,0.603] | v4:G1[0.080,0.595,0.325]
[TopoTrace Step 0] v0:G1[0.372,0.554,0.074] | v1:G0[0.532,0.234,0.234] | v2:G2[0.274,0.225,0.501] | v3:G2[0.079,0.318,0.603] | v4:G1[0.080,0.595,0.325]
[TopoTrace Step 0] v0:G1[0.372,0.554,0.074] | v1:G0[0.532,0.234,0.234] | v2:G2[0.274,0.225,0.501] | v3:G2[0.079,0.318,0.603] | v4:G1[0.080,0.595,0.325]
[TopoTrace Step 0] v0:G1[0.372,0.554,0.074] | v1:G0[0.532,0.234,0.234] | v2:G2[0.274,0.225,0.501] | v3:G2[0.079,0.318,0.603] | v4:G1[0.080,0.595,0.325]
[TopoTrace Step 0] v0:G1[0.372,0.554,0.074] | v1:G0[0.532,0.234,0.234] | v2:G2[0.274,0.225,0.501] | v3:G2[0.079,0.318,0.603] | v4:G1[0.080,0.595,0.325]
[TopoTrace Step 0] v0:G1[0.372,0.554,0.074] | v1:G0[0.532,0.234,0.234] | v2:G2[0.274,0.225,0.501] | v3:G2[0.079,0.318,0.603] | v4:G1[0.080,0.595,0.325]
[TopoTrace Step 0] v0:G1[0.372,0.554,0.074] | v1:G0[0.532,0.234,0.234] | v2:G2[0.274,0.225,0.501] | v3:G2[0.079,0.318,0.603] | v4:G1[0.080,0.595,0.325]
[TopoTrace Step 0] v0:G1[0.372,0.554,0.074] | v1:G0[0.532,0.234,0.234] | v2:G2[0.274,0.225,0.501] | v3:G2[0.079,0.318,0.603] | v4:G1[0.080,0.595,0.325]
[TopoTrace Step 0] v0:G1[0.372,0.554,0.074] | v1:G0[0.532,0.234,0.234] | v2:G2[0.274,0.225,0.501] | v3:G2[0.079,0.318,0.603] | v4:G1[0.080,0.595,0.325]
[TopoTrace Step 0] v0:G1[0.372,0.554,0.074] | v1:G0[0.532,0.234,0.234] | v2:G2[0.274,0.225,0.501] | v3:G2[0.079,0.318,0.603] | v4:G1[0.080,0.595,0.325]
[TopoTrace Step 0] v0:G1[0.372,0.554,0.074] | v1:G0[0.532,0.234,0.234] | v2:G2[0.274,0.225,0.501] | v3:G2[0.079,0.318,0.603] | v4:G1[0.080,0.595,0.325]
[TopoTrace Step 0] v0:G1[0.372,0.554,0.074] | v1:G0[0.532,0.234,0.234] | v2:G2[0.274,0.225,0.501] | v3:G2[0.079,0.318,0.603] | v4:G1[0.080,0.595,0.325]
[TopoTrace Step 0] v0:G1[0.372,0.554,0.074] | v1:G0[0.532,0.234,0.234] | v2:G2[0.274,0.225,0.501] | v3:G2[0.079,0.318,0.603] | v4:G1[0.080,0.595,0.325]
[TopoTrace Step 0] v0:G1[0.372,0.554,0.074] | v1:G0[0.532,0.234,0.234] | v2:G2[0.274,0.225,0.501] | v3:G2[0.079,0.318,0.603] | v4:G1[0.080,0.595,0.325]
[TopoTrace Step 0] v0:G1[0.372,0.554,0.074] | v1:G0[0.532,0.234,0.234] | v2:G2[0.274,0.225,0.501] | v3:G2[0.079,0.318,0.603] | v4:G1[0.080,0.595,0.325]
[TopoTrace Step 0] v0:G1[0.372,0.554,0.074] | v1:G0[0.532,0.234,0.234] | v2:G2[0.274,0.225,0.501] | v3:G2[0.079,0.318,0.603] | v4:G1[0.080,0.595,0.325]
[TopoTrace Step 0] v0:G1[0.372,0.554,0.074] | v1:G0[0.532,0.234,0.234] | v2:G2[0.274,0.225,0.501] | v3:G2[0.079,0.318,0.603] | v4:G1[0.080,0.595,0.325]
[TopoTrace Step 0] v0:G1[0.372,0.554,0.074] | v1:G0[0.532,0.234,0.234] | v2:G2[0.274,0.225,0.501] | v3:G2[0.079,0.318,0.603] | v4:G1[0.080,0.595,0.325]
	iters: 100, epoch: 2 | loss: 0.4733492
	speed: 8.7476s/iter; left time: 22280.1110s
[TopoTrace Step 0] v0:G1[0.372,0.554,0.074] | v1:G0[0.532,0.234,0.234] | v2:G2[0.274,0.225,0.501] | v3:G2[0.079,0.318,0.603] | v4:G1[0.080,0.595,0.325]
[TopoTrace Step 0] v0:G1[0.372,0.554,0.074] | v1:G0[0.532,0.234,0.234] | v2:G2[0.274,0.225,0.501] | v3:G2[0.079,0.318,0.603] | v4:G1[0.080,0.595,0.325]
[TopoTrace Step 0] v0:G1[0.372,0.554,0.074] | v1:G0[0.532,0.234,0.234] | v2:G2[0.274,0.225,0.501] | v3:G2[0.079,0.318,0.603] | v4:G1[0.080,0.595,0.325]
[TopoTrace Step 0] v0:G1[0.372,0.554,0.074] | v1:G0[0.532,0.234,0.234] | v2:G2[0.274,0.225,0.501] | v3:G2[0.079,0.318,0.603] | v4:G1[0.080,0.595,0.325]
[TopoTrace Step 0] v0:G1[0.372,0.554,0.074] | v1:G0[0.532,0.234,0.234] | v2:G2[0.274,0.225,0.501] | v3:G2[0.079,0.318,0.603] | v4:G1[0.080,0.595,0.325]
[TopoTrace Step 0] v0:G1[0.372,0.554,0.074] | v1:G0[0.532,0.234,0.234] | v2:G2[0.274,0.225,0.501] | v3:G2[0.079,0.318,0.603] | v4:G1[0.080,0.595,0.325]
[TopoTrace Step 0] v0:G1[0.372,0.554,0.074] | v1:G0[0.532,0.234,0.234] | v2:G2[0.274,0.225,0.501] | v3:G2[0.079,0.318,0.603] | v4:G1[0.080,0.595,0.325]
[TopoTrace Step 0] v0:G1[0.372,0.554,0.074] | v1:G0[0.532,0.234,0.234] | v2:G2[0.274,0.225,0.501] | v3:G2[0.079,0.318,0.603] | v4:G1[0.080,0.595,0.325]
[TopoTrace Step 0] v0:G1[0.372,0.554,0.074] | v1:G0[0.532,0.234,0.234] | v2:G2[0.274,0.225,0.501] | v3:G2[0.079,0.318,0.603] | v4:G1[0.080,0.595,0.325]
[TopoTrace Step 0] v0:G1[0.372,0.554,0.074] | v1:G0[0.532,0.234,0.234] | v2:G2[0.274,0.225,0.501] | v3:G2[0.079,0.318,0.603] | v4:G1[0.080,0.595,0.325]
[TopoTrace Step 0] v0:G1[0.372,0.554,0.074] | v1:G0[0.532,0.234,0.234] | v2:G2[0.274,0.225,0.501] | v3:G2[0.079,0.318,0.603] | v4:G1[0.080,0.595,0.325][TopoTrace Step 0] v0:G1[0.372,0.554,0.074] | v1:G0[0.532,0.234,0.234] | v2:G2[0.274,0.225,0.501] | v3:G2[0.079,0.318,0.603] | v4:G1[0.080,0.595,0.325]

[TopoTrace Step 0] v0:G1[0.372,0.554,0.074] | v1:G0[0.532,0.234,0.234] | v2:G2[0.274,0.225,0.501] | v3:G2[0.079,0.318,0.603] | v4:G1[0.080,0.595,0.325][TopoTrace Step 0] v0:G1[0.372,0.554,0.074] | v1:G0[0.532,0.234,0.234] | v2:G2[0.274,0.225,0.501] | v3:G2[0.079,0.318,0.603] | v4:G1[0.080,0.595,0.325]

[TopoTrace Step 0] v0:G1[0.372,0.554,0.074] | v1:G0[0.532,0.234,0.234] | v2:G2[0.274,0.225,0.501] | v3:G2[0.079,0.318,0.603] | v4:G1[0.080,0.595,0.325]
[TopoTrace Step 0] v0:G1[0.372,0.554,0.074] | v1:G0[0.532,0.234,0.234] | v2:G2[0.274,0.225,0.501] | v3:G2[0.079,0.318,0.603] | v4:G1[0.080,0.595,0.325]
[TopoTrace Step 0] v0:G1[0.372,0.554,0.074] | v1:G0[0.532,0.234,0.234] | v2:G2[0.274,0.225,0.501] | v3:G2[0.079,0.318,0.603] | v4:G1[0.080,0.595,0.325]
[TopoTrace Step 0] v0:G1[0.372,0.554,0.074] | v1:G0[0.532,0.234,0.234] | v2:G2[0.274,0.225,0.501] | v3:G2[0.079,0.318,0.603] | v4:G1[0.080,0.595,0.325]
[TopoTrace Step 0] v0:G1[0.372,0.554,0.074] | v1:G0[0.532,0.234,0.234] | v2:G2[0.274,0.225,0.501] | v3:G2[0.079,0.318,0.603] | v4:G1[0.080,0.595,0.325]
[TopoTrace Step 0] v0:G1[0.372,0.554,0.074] | v1:G0[0.532,0.234,0.234] | v2:G2[0.274,0.225,0.501] | v3:G2[0.079,0.318,0.603] | v4:G1[0.080,0.595,0.325]
[TopoTrace Step 0] v0:G1[0.372,0.554,0.074] | v1:G0[0.532,0.234,0.234] | v2:G2[0.274,0.226,0.501] | v3:G2[0.079,0.318,0.603] | v4:G1[0.080,0.595,0.325]
[TopoTrace Step 0] v0:G1[0.372,0.554,0.074] | v1:G0[0.532,0.234,0.234] | v2:G2[0.274,0.226,0.501] | v3:G2[0.079,0.318,0.603] | v4:G1[0.080,0.595,0.325]
[TopoTrace Step 0] v0:G1[0.372,0.554,0.074] | v1:G0[0.532,0.234,0.234] | v2:G2[0.274,0.226,0.501] | v3:G2[0.079,0.318,0.603] | v4:G1[0.080,0.595,0.325]
[TopoTrace Step 0] v0:G1[0.372,0.554,0.074] | v1:G0[0.532,0.234,0.234] | v2:G2[0.274,0.226,0.501] | v3:G2[0.079,0.318,0.603] | v4:G1[0.080,0.595,0.325]
[TopoTrace Step 0] v0:G1[0.372,0.554,0.074] | v1:G0[0.532,0.234,0.234] | v2:G2[0.274,0.226,0.501] | v3:G2[0.079,0.318,0.603] | v4:G1[0.080,0.595,0.325]
[TopoTrace Step 0] v0:G1[0.372,0.554,0.074] | v1:G0[0.532,0.234,0.234] | v2:G2[0.274,0.226,0.501] | v3:G2[0.079,0.318,0.603] | v4:G1[0.080,0.595,0.325]
[TopoTrace Step 0] v0:G1[0.372,0.554,0.074] | v1:G0[0.532,0.234,0.234] | v2:G2[0.274,0.226,0.501] | v3:G2[0.079,0.318,0.603] | v4:G1[0.080,0.595,0.325]
[TopoTrace Step 0] v0:G1[0.372,0.554,0.074] | v1:G0[0.532,0.234,0.234] | v2:G2[0.274,0.226,0.501] | v3:G2[0.079,0.318,0.603] | v4:G1[0.080,0.595,0.325]
[TopoTrace Step 0] v0:G1[0.372,0.554,0.074] | v1:G0[0.532,0.234,0.234] | v2:G2[0.274,0.226,0.501] | v3:G2[0.079,0.318,0.604] | v4:G1[0.080,0.595,0.325]
[TopoTrace Step 0] v0:G1[0.372,0.554,0.074] | v1:G0[0.532,0.234,0.234] | v2:G2[0.274,0.226,0.501] | v3:G2[0.079,0.318,0.604] | v4:G1[0.080,0.595,0.325]
[TopoTrace Step 0] v0:G1[0.372,0.554,0.074] | v1:G0[0.532,0.234,0.234] | v2:G2[0.274,0.226,0.501] | v3:G2[0.079,0.318,0.604] | v4:G1[0.080,0.595,0.325]
[TopoTrace Step 0] v0:G1[0.372,0.554,0.074] | v1:G0[0.532,0.234,0.234] | v2:G2[0.274,0.226,0.501] | v3:G2[0.079,0.318,0.604] | v4:G1[0.080,0.595,0.325]
[TopoTrace Step 0] v0:G1[0.372,0.554,0.074] | v1:G0[0.532,0.234,0.234] | v2:G2[0.274,0.226,0.501] | v3:G2[0.079,0.318,0.604] | v4:G1[0.080,0.595,0.325]
[TopoTrace Step 0] v0:G1[0.372,0.554,0.074] | v1:G0[0.532,0.234,0.234] | v2:G2[0.274,0.226,0.501] | v3:G2[0.079,0.318,0.604] | v4:G1[0.080,0.595,0.325]
[TopoTrace Step 0] v0:G1[0.372,0.554,0.074] | v1:G0[0.532,0.234,0.234] | v2:G2[0.274,0.226,0.501] | v3:G2[0.079,0.318,0.604] | v4:G1[0.080,0.595,0.325]
[TopoTrace Step 0] v0:G1[0.372,0.554,0.074] | v1:G0[0.532,0.234,0.234] | v2:G2[0.274,0.226,0.501] | v3:G2[0.079,0.318,0.604] | v4:G1[0.080,0.595,0.325]
[TopoTrace Step 0] v0:G1[0.372,0.554,0.074] | v1:G0[0.532,0.234,0.234] | v2:G2[0.274,0.226,0.501] | v3:G2[0.079,0.318,0.604] | v4:G1[0.080,0.595,0.325]
[TopoTrace Step 0] v0:G1[0.372,0.554,0.074] | v1:G0[0.532,0.234,0.234] | v2:G2[0.274,0.226,0.501] | v3:G2[0.079,0.318,0.604] | v4:G1[0.080,0.595,0.325]
[TopoTrace Step 0] v0:G1[0.372,0.554,0.074] | v1:G0[0.532,0.234,0.234] | v2:G2[0.274,0.226,0.501] | v3:G2[0.079,0.318,0.604] | v4:G1[0.080,0.595,0.325]
[TopoTrace Step 0] v0:G1[0.372,0.554,0.074] | v1:G0[0.532,0.234,0.234] | v2:G2[0.274,0.226,0.501] | v3:G2[0.079,0.318,0.604] | v4:G1[0.080,0.595,0.325]
[TopoTrace Step 0] v0:G1[0.372,0.554,0.074] | v1:G0[0.532,0.234,0.234] | v2:G2[0.274,0.226,0.501] | v3:G2[0.078,0.318,0.604] | v4:G1[0.080,0.595,0.325]
[TopoTrace Step 0] v0:G1[0.372,0.554,0.074] | v1:G0[0.532,0.234,0.234] | v2:G2[0.274,0.226,0.501] | v3:G2[0.078,0.318,0.604] | v4:G1[0.080,0.595,0.325]
[TopoTrace Step 0] v0:G1[0.372,0.554,0.074] | v1:G0[0.532,0.234,0.234] | v2:G2[0.274,0.226,0.501] | v3:G2[0.078,0.318,0.604] | v4:G1[0.080,0.595,0.325]
[TopoTrace Step 0] v0:G1[0.372,0.554,0.074] | v1:G0[0.532,0.234,0.234] | v2:G2[0.274,0.226,0.501] | v3:G2[0.078,0.318,0.604] | v4:G1[0.080,0.595,0.325]
[TopoTrace Step 0] v0:G1[0.372,0.554,0.074] | v1:G0[0.532,0.234,0.234] | v2:G2[0.274,0.226,0.501] | v3:G2[0.078,0.318,0.604] | v4:G1[0.080,0.595,0.325]
[TopoTrace Step 0] v0:G1[0.372,0.554,0.074] | v1:G0[0.532,0.234,0.234] | v2:G2[0.274,0.226,0.501] | v3:G2[0.078,0.318,0.604] | v4:G1[0.080,0.595,0.325]
[TopoTrace Step 0] v0:G1[0.372,0.554,0.074] | v1:G0[0.533,0.234,0.234] | v2:G2[0.274,0.226,0.501] | v3:G2[0.078,0.318,0.604] | v4:G1[0.080,0.595,0.325]
[TopoTrace Step 0] v0:G1[0.372,0.554,0.074] | v1:G0[0.533,0.234,0.234] | v2:G2[0.274,0.226,0.501] | v3:G2[0.078,0.318,0.604] | v4:G1[0.080,0.595,0.325]
[TopoTrace Step 0] v0:G1[0.372,0.554,0.074] | v1:G0[0.533,0.234,0.234] | v2:G2[0.274,0.226,0.501] | v3:G2[0.078,0.318,0.604] | v4:G1[0.080,0.595,0.325]
[TopoTrace Step 0] v0:G1[0.372,0.554,0.074] | v1:G0[0.533,0.234,0.234] | v2:G2[0.274,0.226,0.501] | v3:G2[0.078,0.318,0.604] | v4:G1[0.080,0.595,0.325]
[TopoTrace Step 0] v0:G1[0.372,0.554,0.074] | v1:G0[0.533,0.234,0.234] | v2:G2[0.274,0.226,0.501] | v3:G2[0.078,0.318,0.604] | v4:G1[0.080,0.595,0.325]
[TopoTrace Step 0] v0:G1[0.372,0.554,0.074] | v1:G0[0.533,0.234,0.234] | v2:G2[0.274,0.226,0.501] | v3:G2[0.078,0.318,0.604] | v4:G1[0.080,0.595,0.325]
[TopoTrace Step 0] v0:G1[0.372,0.554,0.074] | v1:G0[0.533,0.234,0.234] | v2:G2[0.274,0.226,0.501] | v3:G2[0.078,0.318,0.604] | v4:G1[0.080,0.595,0.325]
[TopoTrace Step 0] v0:G1[0.372,0.554,0.074] | v1:G0[0.533,0.234,0.234] | v2:G2[0.274,0.226,0.501] | v3:G2[0.078,0.318,0.604] | v4:G1[0.080,0.595,0.325]
[TopoTrace Step 0] v0:G1[0.372,0.554,0.074] | v1:G0[0.533,0.234,0.234] | v2:G2[0.274,0.226,0.501] | v3:G2[0.078,0.318,0.604] | v4:G1[0.080,0.595,0.325][TopoTrace Step 0] v0:G1[0.372,0.554,0.074] | v1:G0[0.533,0.234,0.234] | v2:G2[0.274,0.226,0.501] | v3:G2[0.078,0.318,0.604] | v4:G1[0.080,0.595,0.325]

[TopoTrace Step 0] v0:G1[0.372,0.554,0.074] | v1:G0[0.533,0.234,0.234] | v2:G2[0.274,0.226,0.501] | v3:G2[0.078,0.317,0.604] | v4:G1[0.080,0.595,0.325]
[TopoTrace Step 0] v0:G1[0.372,0.554,0.074] | v1:G0[0.533,0.234,0.234] | v2:G2[0.274,0.226,0.501] | v3:G2[0.078,0.317,0.604] | v4:G1[0.080,0.595,0.325]
[TopoTrace Step 0] v0:G1[0.372,0.554,0.074] | v1:G0[0.533,0.234,0.234] | v2:G2[0.274,0.226,0.501] | v3:G2[0.078,0.317,0.604] | v4:G1[0.080,0.595,0.325]
[TopoTrace Step 0] v0:G1[0.372,0.554,0.074] | v1:G0[0.533,0.234,0.234] | v2:G2[0.274,0.226,0.501] | v3:G2[0.078,0.317,0.604] | v4:G1[0.080,0.595,0.325]
[TopoTrace Step 0] v0:G1[0.373,0.554,0.074] | v1:G0[0.533,0.234,0.234] | v2:G2[0.274,0.226,0.501] | v3:G2[0.078,0.317,0.604] | v4:G1[0.080,0.595,0.325]
[TopoTrace Step 0] v0:G1[0.373,0.554,0.074] | v1:G0[0.533,0.234,0.234] | v2:G2[0.274,0.226,0.501] | v3:G2[0.078,0.317,0.604] | v4:G1[0.080,0.595,0.325]
[TopoTrace Step 0] v0:G1[0.373,0.553,0.074] | v1:G0[0.533,0.234,0.234] | v2:G2[0.274,0.226,0.501] | v3:G2[0.078,0.317,0.604] | v4:G1[0.080,0.595,0.325]
[TopoTrace Step 0] v0:G1[0.373,0.553,0.074] | v1:G0[0.533,0.234,0.234] | v2:G2[0.274,0.226,0.501] | v3:G2[0.078,0.317,0.604] | v4:G1[0.080,0.595,0.325]
[TopoTrace Step 0] v0:G1[0.373,0.553,0.074] | v1:G0[0.533,0.234,0.234] | v2:G2[0.274,0.226,0.501] | v3:G2[0.078,0.317,0.604] | v4:G1[0.080,0.595,0.325][TopoTrace Step 0] v0:G1[0.373,0.553,0.074] | v1:G0[0.533,0.234,0.234] | v2:G2[0.274,0.226,0.501] | v3:G2[0.078,0.317,0.604] | v4:G1[0.080,0.595,0.325]

[TopoTrace Step 0] v0:G1[0.373,0.553,0.074] | v1:G0[0.533,0.234,0.234] | v2:G2[0.274,0.226,0.501] | v3:G2[0.078,0.317,0.604] | v4:G1[0.080,0.595,0.325]
[TopoTrace Step 0] v0:G1[0.373,0.553,0.074] | v1:G0[0.533,0.234,0.234] | v2:G2[0.274,0.226,0.501] | v3:G2[0.078,0.317,0.604] | v4:G1[0.080,0.595,0.325]
[TopoTrace Step 0] v0:G1[0.373,0.553,0.074] | v1:G0[0.533,0.234,0.234] | v2:G2[0.274,0.226,0.501] | v3:G2[0.078,0.317,0.604] | v4:G1[0.080,0.595,0.325][TopoTrace Step 0] v0:G1[0.373,0.553,0.074] | v1:G0[0.533,0.234,0.234] | v2:G2[0.274,0.226,0.501] | v3:G2[0.078,0.317,0.604] | v4:G1[0.080,0.595,0.325]

[TopoTrace Step 0] v0:G1[0.373,0.553,0.074] | v1:G0[0.533,0.234,0.234] | v2:G2[0.274,0.226,0.501] | v3:G2[0.078,0.317,0.604] | v4:G1[0.080,0.595,0.325]
[TopoTrace Step 0] v0:G1[0.373,0.553,0.074] | v1:G0[0.533,0.234,0.234] | v2:G2[0.274,0.226,0.501] | v3:G2[0.078,0.317,0.604] | v4:G1[0.080,0.595,0.325]
[TopoTrace Step 0] v0:G1[0.373,0.553,0.074] | v1:G0[0.533,0.234,0.234] | v2:G2[0.274,0.226,0.501] | v3:G2[0.078,0.317,0.604] | v4:G1[0.080,0.595,0.325]
[TopoTrace Step 0] v0:G1[0.373,0.553,0.074] | v1:G0[0.533,0.234,0.234] | v2:G2[0.274,0.226,0.501] | v3:G2[0.078,0.317,0.604] | v4:G1[0.080,0.595,0.325]
[TopoTrace Step 0] v0:G1[0.373,0.553,0.074] | v1:G0[0.533,0.234,0.234] | v2:G2[0.274,0.226,0.501] | v3:G2[0.078,0.317,0.604] | v4:G1[0.080,0.595,0.325][TopoTrace Step 0] v0:G1[0.373,0.553,0.074] | v1:G0[0.533,0.234,0.234] | v2:G2[0.274,0.226,0.501] | v3:G2[0.078,0.317,0.604] | v4:G1[0.080,0.595,0.325]

[TopoTrace Step 0] v0:G1[0.373,0.553,0.074] | v1:G0[0.533,0.234,0.234] | v2:G2[0.274,0.226,0.501] | v3:G2[0.078,0.317,0.604] | v4:G1[0.080,0.595,0.325]
[TopoTrace Step 0] v0:G1[0.373,0.553,0.074] | v1:G0[0.533,0.234,0.234] | v2:G2[0.274,0.226,0.501] | v3:G2[0.078,0.317,0.604] | v4:G1[0.080,0.595,0.325]
[TopoTrace Step 0] v0:G1[0.373,0.553,0.074] | v1:G0[0.533,0.234,0.234] | v2:G2[0.274,0.226,0.501] | v3:G2[0.078,0.317,0.604] | v4:G1[0.080,0.595,0.325]
[TopoTrace Step 0] v0:G1[0.373,0.553,0.074] | v1:G0[0.533,0.234,0.234] | v2:G2[0.274,0.226,0.501] | v3:G2[0.078,0.317,0.604] | v4:G1[0.080,0.595,0.325]
[TopoTrace Step 0] v0:G1[0.373,0.553,0.074] | v1:G0[0.533,0.234,0.234] | v2:G2[0.274,0.226,0.501] | v3:G2[0.078,0.317,0.604] | v4:G1[0.080,0.595,0.325]
[TopoTrace Step 0] v0:G1[0.373,0.553,0.074] | v1:G0[0.533,0.234,0.234] | v2:G2[0.274,0.226,0.501] | v3:G2[0.078,0.317,0.604] | v4:G1[0.080,0.595,0.325]
[TopoTrace Step 0] v0:G1[0.373,0.553,0.074] | v1:G0[0.533,0.234,0.234] | v2:G2[0.274,0.226,0.501] | v3:G2[0.078,0.317,0.605] | v4:G1[0.080,0.595,0.325]
[TopoTrace Step 0] v0:G1[0.373,0.553,0.074] | v1:G0[0.533,0.234,0.234] | v2:G2[0.274,0.226,0.501] | v3:G2[0.078,0.317,0.605] | v4:G1[0.080,0.595,0.325]
[TopoTrace Step 0] v0:G1[0.373,0.553,0.074] | v1:G0[0.533,0.234,0.234] | v2:G2[0.274,0.226,0.501] | v3:G2[0.078,0.317,0.605] | v4:G1[0.080,0.595,0.325]
[TopoTrace Step 0] v0:G1[0.373,0.553,0.074] | v1:G0[0.533,0.234,0.234] | v2:G2[0.274,0.226,0.501] | v3:G2[0.078,0.317,0.605] | v4:G1[0.080,0.595,0.325]
[TopoTrace Step 0] v0:G1[0.373,0.553,0.074] | v1:G0[0.533,0.234,0.234] | v2:G2[0.274,0.226,0.501] | v3:G2[0.078,0.317,0.605] | v4:G1[0.080,0.595,0.325]
[TopoTrace Step 0] v0:G1[0.373,0.553,0.074] | v1:G0[0.533,0.234,0.234] | v2:G2[0.274,0.226,0.501] | v3:G2[0.078,0.317,0.605] | v4:G1[0.080,0.595,0.325]
[TopoTrace Step 0] v0:G1[0.373,0.553,0.074] | v1:G0[0.533,0.234,0.234] | v2:G2[0.274,0.226,0.501] | v3:G2[0.078,0.317,0.605] | v4:G1[0.080,0.595,0.325]
[TopoTrace Step 0] v0:G1[0.373,0.553,0.074] | v1:G0[0.533,0.234,0.234] | v2:G2[0.274,0.226,0.501] | v3:G2[0.078,0.317,0.605] | v4:G1[0.080,0.595,0.325]
[TopoTrace Step 0] v0:G1[0.373,0.553,0.074] | v1:G0[0.533,0.234,0.234] | v2:G2[0.274,0.226,0.501] | v3:G2[0.078,0.317,0.605] | v4:G1[0.080,0.595,0.325]
[TopoTrace Step 0] v0:G1[0.373,0.553,0.074] | v1:G0[0.533,0.234,0.234] | v2:G2[0.274,0.226,0.501] | v3:G2[0.078,0.317,0.605] | v4:G1[0.080,0.595,0.325]
[TopoTrace Step 0] v0:G1[0.373,0.553,0.074] | v1:G0[0.533,0.234,0.234] | v2:G2[0.274,0.226,0.501] | v3:G2[0.078,0.317,0.605] | v4:G1[0.080,0.595,0.325]
[TopoTrace Step 0] v0:G1[0.373,0.553,0.074] | v1:G0[0.533,0.234,0.234] | v2:G2[0.274,0.226,0.501] | v3:G2[0.078,0.317,0.605] | v4:G1[0.080,0.595,0.325]
[TopoTrace Step 0] v0:G1[0.373,0.553,0.074] | v1:G0[0.533,0.234,0.234] | v2:G2[0.274,0.226,0.501] | v3:G2[0.078,0.317,0.605] | v4:G1[0.080,0.595,0.325]
[TopoTrace Step 0] v0:G1[0.373,0.553,0.074] | v1:G0[0.533,0.234,0.234] | v2:G2[0.274,0.226,0.501] | v3:G2[0.078,0.317,0.605] | v4:G1[0.080,0.595,0.325]
[TopoTrace Step 0] v0:G1[0.373,0.553,0.074] | v1:G0[0.533,0.234,0.233] | v2:G2[0.274,0.226,0.501] | v3:G2[0.078,0.317,0.605] | v4:G1[0.080,0.595,0.325]
[TopoTrace Step 0] v0:G1[0.373,0.553,0.074] | v1:G0[0.533,0.234,0.233] | v2:G2[0.274,0.226,0.501] | v3:G2[0.078,0.317,0.605] | v4:G1[0.080,0.595,0.325]
[TopoTrace Step 0] v0:G1[0.373,0.553,0.074] | v1:G0[0.533,0.234,0.233] | v2:G2[0.274,0.226,0.501] | v3:G2[0.078,0.317,0.605] | v4:G1[0.080,0.595,0.325]
[TopoTrace Step 0] v0:G1[0.373,0.553,0.074] | v1:G0[0.533,0.234,0.233] | v2:G2[0.274,0.226,0.501] | v3:G2[0.078,0.317,0.605] | v4:G1[0.080,0.595,0.325]
[TopoTrace Step 0] v0:G1[0.373,0.553,0.074] | v1:G0[0.533,0.234,0.233] | v2:G2[0.274,0.226,0.501] | v3:G2[0.078,0.317,0.605] | v4:G1[0.080,0.595,0.325]
[TopoTrace Step 0] v0:G1[0.373,0.553,0.074] | v1:G0[0.533,0.234,0.233] | v2:G2[0.274,0.226,0.501] | v3:G2[0.078,0.317,0.605] | v4:G1[0.080,0.595,0.325]
[TopoTrace Step 0] v0:G1[0.373,0.553,0.074] | v1:G0[0.533,0.234,0.233] | v2:G2[0.274,0.226,0.501] | v3:G2[0.078,0.317,0.605] | v4:G1[0.080,0.595,0.325]
[TopoTrace Step 0] v0:G1[0.373,0.553,0.074] | v1:G0[0.533,0.234,0.233] | v2:G2[0.274,0.226,0.501] | v3:G2[0.078,0.317,0.605] | v4:G1[0.080,0.595,0.325]
[TopoTrace Step 0] v0:G1[0.373,0.553,0.074] | v1:G0[0.533,0.234,0.233] | v2:G2[0.274,0.226,0.501] | v3:G2[0.078,0.317,0.605] | v4:G1[0.080,0.595,0.325]
[TopoTrace Step 0] v0:G1[0.373,0.553,0.074] | v1:G0[0.533,0.234,0.233] | v2:G2[0.274,0.226,0.501] | v3:G2[0.078,0.317,0.605] | v4:G1[0.080,0.595,0.325]
[TopoTrace Step 0] v0:G1[0.373,0.553,0.074] | v1:G0[0.533,0.234,0.233] | v2:G2[0.274,0.226,0.501] | v3:G2[0.078,0.317,0.605] | v4:G1[0.080,0.595,0.325]
[TopoTrace Step 0] v0:G1[0.373,0.553,0.074] | v1:G0[0.533,0.234,0.233] | v2:G2[0.274,0.226,0.501] | v3:G2[0.078,0.317,0.605] | v4:G1[0.080,0.595,0.325]
[TopoTrace Step 0] v0:G1[0.373,0.553,0.074] | v1:G0[0.533,0.234,0.233] | v2:G2[0.274,0.226,0.501] | v3:G2[0.078,0.317,0.605] | v4:G1[0.080,0.595,0.325]
[TopoTrace Step 0] v0:G1[0.373,0.553,0.074] | v1:G0[0.533,0.234,0.233] | v2:G2[0.274,0.226,0.501] | v3:G2[0.078,0.317,0.605] | v4:G1[0.080,0.595,0.325]
[TopoTrace Step 0] v0:G1[0.373,0.553,0.074] | v1:G0[0.533,0.234,0.233] | v2:G2[0.274,0.226,0.501] | v3:G2[0.078,0.317,0.605] | v4:G1[0.080,0.595,0.325]
[TopoTrace Step 0] v0:G1[0.373,0.553,0.074] | v1:G0[0.533,0.234,0.233] | v2:G2[0.274,0.226,0.501] | v3:G2[0.078,0.317,0.605] | v4:G1[0.080,0.595,0.325]
[TopoTrace Step 0] v0:G1[0.373,0.553,0.074] | v1:G0[0.533,0.234,0.233] | v2:G2[0.274,0.226,0.501] | v3:G2[0.078,0.317,0.605] | v4:G1[0.080,0.595,0.325]
[TopoTrace Step 0] v0:G1[0.373,0.553,0.074] | v1:G0[0.533,0.234,0.233] | v2:G2[0.274,0.226,0.501] | v3:G2[0.078,0.317,0.605] | v4:G1[0.080,0.595,0.325]
[TopoTrace Step 0] v0:G1[0.373,0.553,0.074] | v1:G0[0.533,0.233,0.233] | v2:G2[0.274,0.226,0.501] | v3:G2[0.078,0.317,0.605] | v4:G1[0.079,0.595,0.325]
[TopoTrace Step 0] v0:G1[0.373,0.553,0.074] | v1:G0[0.533,0.233,0.233] | v2:G2[0.274,0.226,0.501] | v3:G2[0.078,0.317,0.605] | v4:G1[0.079,0.595,0.325]
[TopoTrace Step 0] v0:G1[0.373,0.553,0.074] | v1:G0[0.533,0.233,0.233] | v2:G2[0.274,0.226,0.501] | v3:G2[0.078,0.317,0.605] | v4:G1[0.079,0.595,0.325]
[TopoTrace Step 0] v0:G1[0.373,0.553,0.074] | v1:G0[0.533,0.233,0.233] | v2:G2[0.274,0.226,0.501] | v3:G2[0.078,0.317,0.605] | v4:G1[0.079,0.595,0.325]
[TopoTrace Step 0] v0:G1[0.373,0.553,0.074] | v1:G0[0.533,0.233,0.233] | v2:G2[0.274,0.226,0.501] | v3:G2[0.078,0.317,0.605] | v4:G1[0.079,0.595,0.325]
[TopoTrace Step 0] v0:G1[0.373,0.553,0.074] | v1:G0[0.533,0.233,0.233] | v2:G2[0.274,0.226,0.501] | v3:G2[0.078,0.317,0.605] | v4:G1[0.079,0.595,0.325]
[TopoTrace Step 0] v0:G1[0.373,0.553,0.074] | v1:G0[0.533,0.233,0.233] | v2:G2[0.274,0.226,0.501] | v3:G2[0.078,0.317,0.605] | v4:G1[0.079,0.595,0.325]
[TopoTrace Step 0] v0:G1[0.373,0.553,0.074] | v1:G0[0.533,0.233,0.233] | v2:G2[0.274,0.226,0.501] | v3:G2[0.078,0.317,0.605] | v4:G1[0.079,0.595,0.325]
[TopoTrace Step 0] v0:G1[0.373,0.553,0.074] | v1:G0[0.533,0.233,0.233] | v2:G2[0.274,0.226,0.501] | v3:G2[0.078,0.317,0.605] | v4:G1[0.079,0.595,0.325]
[TopoTrace Step 0] v0:G1[0.373,0.553,0.074] | v1:G0[0.533,0.233,0.233] | v2:G2[0.274,0.226,0.501] | v3:G2[0.078,0.317,0.605] | v4:G1[0.079,0.595,0.325]
[TopoTrace Step 0] v0:G1[0.373,0.553,0.074] | v1:G0[0.533,0.233,0.233] | v2:G2[0.274,0.226,0.501] | v3:G2[0.078,0.317,0.605] | v4:G1[0.079,0.595,0.325]
[TopoTrace Step 0] v0:G1[0.373,0.553,0.074] | v1:G0[0.533,0.233,0.233] | v2:G2[0.274,0.226,0.501] | v3:G2[0.078,0.317,0.605] | v4:G1[0.079,0.595,0.325]
[TopoTrace Step 0] v0:G1[0.373,0.553,0.074] | v1:G0[0.533,0.233,0.233] | v2:G2[0.274,0.226,0.501] | v3:G2[0.078,0.317,0.605] | v4:G1[0.079,0.595,0.325]
[TopoTrace Step 0] v0:G1[0.373,0.553,0.074] | v1:G0[0.533,0.233,0.233] | v2:G2[0.274,0.226,0.501] | v3:G2[0.078,0.317,0.605] | v4:G1[0.079,0.595,0.325]
[TopoTrace Step 0] v0:G1[0.373,0.553,0.074] | v1:G0[0.533,0.233,0.233] | v2:G2[0.274,0.226,0.501] | v3:G2[0.078,0.317,0.605] | v4:G1[0.079,0.596,0.325][TopoTrace Step 0] v0:G1[0.373,0.553,0.074] | v1:G0[0.533,0.233,0.233] | v2:G2[0.274,0.226,0.501] | v3:G2[0.078,0.317,0.605] | v4:G1[0.079,0.596,0.325]

[TopoTrace Step 0] v0:G1[0.373,0.553,0.074] | v1:G0[0.533,0.233,0.233] | v2:G2[0.274,0.226,0.501] | v3:G2[0.078,0.317,0.605] | v4:G1[0.079,0.596,0.325]
[TopoTrace Step 0] v0:G1[0.373,0.553,0.074] | v1:G0[0.533,0.233,0.233] | v2:G2[0.274,0.226,0.501] | v3:G2[0.078,0.317,0.605] | v4:G1[0.079,0.596,0.325]
[TopoTrace Step 0] v0:G1[0.373,0.553,0.074] | v1:G0[0.533,0.233,0.233] | v2:G2[0.274,0.226,0.501] | v3:G2[0.078,0.317,0.605] | v4:G1[0.079,0.596,0.325]
[TopoTrace Step 0] v0:G1[0.373,0.553,0.074] | v1:G0[0.533,0.233,0.233] | v2:G2[0.274,0.226,0.501] | v3:G2[0.078,0.317,0.605] | v4:G1[0.079,0.596,0.325]
[TopoTrace Step 0] v0:G1[0.373,0.553,0.074] | v1:G0[0.533,0.233,0.233] | v2:G2[0.274,0.226,0.501] | v3:G2[0.078,0.316,0.605] | v4:G1[0.079,0.596,0.325]
[TopoTrace Step 0] v0:G1[0.373,0.553,0.074] | v1:G0[0.533,0.233,0.233] | v2:G2[0.274,0.226,0.501] | v3:G2[0.078,0.316,0.605] | v4:G1[0.079,0.596,0.325]
[TopoTrace Step 0] v0:G1[0.373,0.553,0.074] | v1:G0[0.533,0.233,0.233] | v2:G2[0.274,0.226,0.501] | v3:G2[0.078,0.316,0.605] | v4:G1[0.079,0.596,0.325]
[TopoTrace Step 0] v0:G1[0.373,0.553,0.074] | v1:G0[0.533,0.233,0.233] | v2:G2[0.274,0.226,0.501] | v3:G2[0.078,0.316,0.605] | v4:G1[0.079,0.596,0.325]
[TopoTrace Step 0] v0:G1[0.373,0.553,0.074] | v1:G0[0.533,0.233,0.233] | v2:G2[0.274,0.226,0.501] | v3:G2[0.078,0.316,0.605] | v4:G1[0.079,0.596,0.325]
[TopoTrace Step 0] v0:G1[0.373,0.553,0.074] | v1:G0[0.533,0.233,0.233] | v2:G2[0.274,0.226,0.501] | v3:G2[0.078,0.316,0.605] | v4:G1[0.079,0.596,0.325]
[TopoTrace Step 0] v0:G1[0.373,0.553,0.074] | v1:G0[0.533,0.233,0.233] | v2:G2[0.274,0.226,0.501] | v3:G2[0.078,0.316,0.605] | v4:G1[0.079,0.596,0.325]
[TopoTrace Step 0] v0:G1[0.373,0.553,0.074] | v1:G0[0.533,0.233,0.233] | v2:G2[0.274,0.226,0.501] | v3:G2[0.078,0.316,0.605] | v4:G1[0.079,0.596,0.325]
[TopoTrace Step 0] v0:G1[0.373,0.553,0.074] | v1:G0[0.533,0.233,0.233] | v2:G2[0.274,0.226,0.501] | v3:G2[0.078,0.316,0.605] | v4:G1[0.079,0.596,0.325]
[TopoTrace Step 0] v0:G1[0.373,0.553,0.074] | v1:G0[0.533,0.233,0.233] | v2:G2[0.274,0.226,0.501] | v3:G2[0.078,0.316,0.605] | v4:G1[0.079,0.596,0.325]
[TopoTrace Step 0] v0:G1[0.373,0.553,0.074] | v1:G0[0.533,0.233,0.233] | v2:G2[0.274,0.226,0.501] | v3:G2[0.078,0.316,0.605] | v4:G1[0.079,0.596,0.325]
[TopoTrace Step 0] v0:G1[0.373,0.553,0.074] | v1:G0[0.533,0.233,0.233] | v2:G2[0.274,0.226,0.501] | v3:G2[0.078,0.316,0.605] | v4:G1[0.079,0.596,0.325]
[TopoTrace Step 0] v0:G1[0.373,0.553,0.074] | v1:G0[0.533,0.233,0.233] | v2:G2[0.274,0.226,0.501] | v3:G2[0.078,0.316,0.606] | v4:G1[0.079,0.596,0.325]
[TopoTrace Step 0] v0:G1[0.373,0.553,0.074] | v1:G0[0.533,0.233,0.233] | v2:G2[0.274,0.226,0.501] | v3:G2[0.078,0.316,0.606] | v4:G1[0.079,0.596,0.325]
[TopoTrace Step 0] v0:G1[0.373,0.553,0.074] | v1:G0[0.533,0.233,0.233] | v2:G2[0.274,0.226,0.501] | v3:G2[0.078,0.316,0.606] | v4:G1[0.079,0.596,0.325]
[TopoTrace Step 0] v0:G1[0.373,0.553,0.074] | v1:G0[0.533,0.233,0.233] | v2:G2[0.274,0.226,0.501] | v3:G2[0.078,0.316,0.606] | v4:G1[0.079,0.596,0.325]
[TopoTrace Step 0] v0:G1[0.373,0.553,0.074] | v1:G0[0.533,0.233,0.233] | v2:G2[0.274,0.226,0.501] | v3:G2[0.078,0.316,0.606] | v4:G1[0.079,0.596,0.325]
[TopoTrace Step 0] v0:G1[0.373,0.553,0.074] | v1:G0[0.533,0.233,0.233] | v2:G2[0.274,0.226,0.501] | v3:G2[0.078,0.316,0.606] | v4:G1[0.079,0.596,0.325]
[TopoTrace Step 0] v0:G1[0.373,0.553,0.074] | v1:G0[0.533,0.233,0.233] | v2:G2[0.274,0.226,0.501] | v3:G2[0.078,0.316,0.606] | v4:G1[0.079,0.596,0.325]
[TopoTrace Step 0] v0:G1[0.373,0.553,0.074] | v1:G0[0.533,0.233,0.233] | v2:G2[0.274,0.226,0.501] | v3:G2[0.078,0.316,0.606] | v4:G1[0.079,0.596,0.325]
[TopoTrace Step 0] v0:G1[0.373,0.553,0.074] | v1:G0[0.533,0.233,0.233] | v2:G2[0.274,0.226,0.500] | v3:G2[0.078,0.316,0.606] | v4:G1[0.079,0.596,0.325][TopoTrace Step 0] v0:G1[0.373,0.553,0.074] | v1:G0[0.533,0.233,0.233] | v2:G2[0.274,0.226,0.500] | v3:G2[0.078,0.316,0.606] | v4:G1[0.079,0.596,0.325]

[TopoTrace Step 0] v0:G1[0.373,0.553,0.074] | v1:G0[0.533,0.233,0.233] | v2:G2[0.274,0.226,0.500] | v3:G2[0.078,0.316,0.606] | v4:G1[0.079,0.596,0.325]
[TopoTrace Step 0] v0:G1[0.373,0.553,0.074] | v1:G0[0.533,0.233,0.233] | v2:G2[0.274,0.226,0.500] | v3:G2[0.078,0.316,0.606] | v4:G1[0.079,0.596,0.325]
[TopoTrace Step 0] v0:G1[0.373,0.553,0.074] | v1:G0[0.533,0.233,0.233] | v2:G2[0.274,0.226,0.500] | v3:G2[0.078,0.316,0.606] | v4:G1[0.079,0.596,0.325]
[TopoTrace Step 0] v0:G1[0.373,0.553,0.074] | v1:G0[0.533,0.233,0.233] | v2:G2[0.274,0.226,0.500] | v3:G2[0.078,0.316,0.606] | v4:G1[0.079,0.596,0.325]
[TopoTrace Step 0] v0:G1[0.373,0.553,0.074] | v1:G0[0.533,0.233,0.233] | v2:G2[0.274,0.226,0.500] | v3:G2[0.078,0.316,0.606] | v4:G1[0.079,0.596,0.325]
[TopoTrace Step 0] v0:G1[0.373,0.553,0.074] | v1:G0[0.533,0.233,0.233] | v2:G2[0.274,0.226,0.500] | v3:G2[0.078,0.316,0.606] | v4:G1[0.079,0.596,0.325]
[TopoTrace Step 0] v0:G1[0.373,0.553,0.074] | v1:G0[0.533,0.233,0.233] | v2:G2[0.274,0.226,0.500] | v3:G2[0.078,0.316,0.606] | v4:G1[0.079,0.596,0.325]
[TopoTrace Step 0] v0:G1[0.373,0.553,0.074] | v1:G0[0.533,0.233,0.233] | v2:G2[0.274,0.226,0.500] | v3:G2[0.078,0.316,0.606] | v4:G1[0.079,0.596,0.325]
[TopoTrace Step 0] v0:G1[0.373,0.553,0.074] | v1:G0[0.533,0.233,0.233] | v2:G2[0.274,0.226,0.500] | v3:G2[0.078,0.316,0.606] | v4:G1[0.079,0.596,0.325]
[TopoTrace Step 0] v0:G1[0.373,0.553,0.074] | v1:G0[0.533,0.233,0.233] | v2:G2[0.274,0.226,0.500] | v3:G2[0.078,0.316,0.606] | v4:G1[0.079,0.596,0.325]
[TopoTrace Step 0] v0:G1[0.373,0.553,0.074] | v1:G0[0.534,0.233,0.233] | v2:G2[0.274,0.226,0.500] | v3:G2[0.078,0.316,0.606] | v4:G1[0.079,0.596,0.325]
[TopoTrace Step 0] v0:G1[0.373,0.553,0.074] | v1:G0[0.534,0.233,0.233] | v2:G2[0.274,0.226,0.500] | v3:G2[0.078,0.316,0.606] | v4:G1[0.079,0.596,0.325]
[TopoTrace Step 0] v0:G1[0.373,0.553,0.074] | v1:G0[0.534,0.233,0.233] | v2:G2[0.274,0.226,0.500] | v3:G2[0.078,0.316,0.606] | v4:G1[0.079,0.596,0.325]
[TopoTrace Step 0] v0:G1[0.373,0.553,0.074] | v1:G0[0.534,0.233,0.233] | v2:G2[0.274,0.226,0.500] | v3:G2[0.078,0.316,0.606] | v4:G1[0.079,0.596,0.325]
[TopoTrace Step 0] v0:G1[0.373,0.553,0.074] | v1:G0[0.534,0.233,0.233] | v2:G2[0.274,0.226,0.500] | v3:G2[0.078,0.316,0.606] | v4:G1[0.079,0.596,0.325]
[TopoTrace Step 0] v0:G1[0.373,0.553,0.074] | v1:G0[0.534,0.233,0.233] | v2:G2[0.274,0.226,0.500] | v3:G2[0.078,0.316,0.606] | v4:G1[0.079,0.596,0.325]
[TopoTrace Step 0] v0:G1[0.373,0.553,0.074] | v1:G0[0.534,0.233,0.233] | v2:G2[0.274,0.226,0.500] | v3:G2[0.078,0.316,0.606] | v4:G1[0.079,0.596,0.325]
[TopoTrace Step 0] v0:G1[0.373,0.553,0.074] | v1:G0[0.534,0.233,0.233] | v2:G2[0.274,0.226,0.500] | v3:G2[0.078,0.316,0.606] | v4:G1[0.079,0.596,0.325]
[TopoTrace Step 0] v0:G1[0.373,0.553,0.074] | v1:G0[0.534,0.233,0.233] | v2:G2[0.274,0.226,0.500] | v3:G2[0.078,0.316,0.606] | v4:G1[0.079,0.596,0.325]
[TopoTrace Step 0] v0:G1[0.373,0.553,0.074] | v1:G0[0.534,0.233,0.233] | v2:G2[0.274,0.226,0.500] | v3:G2[0.078,0.316,0.606] | v4:G1[0.079,0.596,0.325]
[TopoTrace Step 0] v0:G1[0.373,0.553,0.074] | v1:G0[0.534,0.233,0.233] | v2:G2[0.274,0.226,0.500] | v3:G2[0.078,0.316,0.606] | v4:G1[0.079,0.596,0.325]
[TopoTrace Step 0] v0:G1[0.373,0.553,0.074] | v1:G0[0.534,0.233,0.233] | v2:G2[0.274,0.226,0.500] | v3:G2[0.078,0.316,0.606] | v4:G1[0.079,0.596,0.325]
[TopoTrace Step 0] v0:G1[0.373,0.553,0.074] | v1:G0[0.534,0.233,0.233] | v2:G2[0.274,0.226,0.500] | v3:G2[0.078,0.316,0.606] | v4:G1[0.079,0.596,0.325]
[TopoTrace Step 0] v0:G1[0.373,0.553,0.074] | v1:G0[0.534,0.233,0.233] | v2:G2[0.274,0.226,0.500] | v3:G2[0.078,0.316,0.606] | v4:G1[0.079,0.596,0.325]
[TopoTrace Step 0] v0:G1[0.373,0.553,0.074] | v1:G0[0.534,0.233,0.233] | v2:G2[0.274,0.226,0.500] | v3:G2[0.078,0.316,0.606] | v4:G1[0.079,0.596,0.325]
[TopoTrace Step 0] v0:G1[0.373,0.553,0.074] | v1:G0[0.534,0.233,0.233] | v2:G2[0.274,0.226,0.500] | v3:G2[0.078,0.316,0.606] | v4:G1[0.079,0.596,0.325]
[TopoTrace Step 0] v0:G1[0.373,0.553,0.074] | v1:G0[0.534,0.233,0.233] | v2:G2[0.274,0.226,0.500] | v3:G2[0.078,0.316,0.606] | v4:G1[0.079,0.596,0.325]
[TopoTrace Step 0] v0:G1[0.373,0.553,0.074] | v1:G0[0.534,0.233,0.233] | v2:G2[0.274,0.226,0.500] | v3:G2[0.078,0.316,0.606] | v4:G1[0.079,0.596,0.325]
[TopoTrace Step 0] v0:G1[0.373,0.553,0.074] | v1:G0[0.534,0.233,0.233] | v2:G2[0.274,0.226,0.500] | v3:G2[0.078,0.316,0.606] | v4:G1[0.079,0.596,0.325]
[TopoTrace Step 0] v0:G1[0.373,0.553,0.074] | v1:G0[0.534,0.233,0.233] | v2:G2[0.274,0.226,0.500] | v3:G2[0.078,0.316,0.606] | v4:G1[0.079,0.596,0.325]
[TopoTrace Step 0] v0:G1[0.373,0.553,0.074] | v1:G0[0.534,0.233,0.233] | v2:G2[0.274,0.226,0.500] | v3:G2[0.078,0.316,0.606] | v4:G1[0.079,0.596,0.325]
[TopoTrace Step 0] v0:G1[0.373,0.553,0.074] | v1:G0[0.534,0.233,0.233] | v2:G2[0.274,0.226,0.500] | v3:G2[0.078,0.316,0.606] | v4:G1[0.079,0.596,0.325]
[TopoTrace Step 0] v0:G1[0.373,0.553,0.074] | v1:G0[0.534,0.233,0.233] | v2:G2[0.274,0.226,0.500] | v3:G2[0.078,0.316,0.606] | v4:G1[0.079,0.596,0.325]
[TopoTrace Step 0] v0:G1[0.373,0.553,0.074] | v1:G0[0.534,0.233,0.233] | v2:G2[0.274,0.226,0.500] | v3:G2[0.078,0.316,0.606] | v4:G1[0.079,0.596,0.325]
[TopoTrace Step 0] v0:G1[0.373,0.553,0.074] | v1:G0[0.534,0.233,0.233] | v2:G2[0.274,0.226,0.500] | v3:G2[0.078,0.316,0.606] | v4:G1[0.079,0.596,0.325]
[TopoTrace Step 0] v0:G1[0.373,0.553,0.074] | v1:G0[0.534,0.233,0.233] | v2:G2[0.274,0.226,0.500] | v3:G2[0.078,0.316,0.606] | v4:G1[0.079,0.596,0.325]
[TopoTrace Step 0] v0:G1[0.373,0.553,0.074] | v1:G0[0.534,0.233,0.233] | v2:G2[0.274,0.226,0.500] | v3:G2[0.078,0.316,0.606] | v4:G1[0.079,0.596,0.325]
[TopoTrace Step 0] v0:G1[0.373,0.553,0.074] | v1:G0[0.534,0.233,0.233] | v2:G2[0.274,0.226,0.500] | v3:G2[0.078,0.316,0.606] | v4:G1[0.079,0.596,0.325]
[TopoTrace Step 0] v0:G1[0.373,0.553,0.074] | v1:G0[0.534,0.233,0.233] | v2:G2[0.274,0.226,0.500] | v3:G2[0.078,0.316,0.606] | v4:G1[0.079,0.596,0.325]
[TopoTrace Step 0] v0:G1[0.373,0.553,0.074] | v1:G0[0.534,0.233,0.233] | v2:G2[0.274,0.226,0.500] | v3:G2[0.078,0.316,0.606] | v4:G1[0.079,0.596,0.325]
[TopoTrace Step 0] v0:G1[0.373,0.553,0.074] | v1:G0[0.534,0.233,0.233] | v2:G2[0.274,0.226,0.500] | v3:G2[0.078,0.316,0.606] | v4:G1[0.079,0.596,0.325]
[TopoTrace Step 0] v0:G1[0.373,0.553,0.074] | v1:G0[0.534,0.233,0.233] | v2:G2[0.274,0.226,0.500] | v3:G2[0.078,0.316,0.606] | v4:G1[0.079,0.596,0.325]
[TopoTrace Step 0] v0:G1[0.373,0.553,0.074] | v1:G0[0.534,0.233,0.233] | v2:G2[0.274,0.226,0.500] | v3:G2[0.078,0.316,0.606] | v4:G1[0.079,0.596,0.325]
[TopoTrace Step 0] v0:G1[0.373,0.553,0.074] | v1:G0[0.534,0.233,0.233] | v2:G2[0.274,0.226,0.500] | v3:G2[0.078,0.316,0.606] | v4:G1[0.079,0.596,0.325]
	iters: 200, epoch: 2 | loss: 0.6360661
	speed: 0.1704s/iter; left time: 416.9705s
[TopoTrace Step 0] v0:G1[0.373,0.553,0.074] | v1:G0[0.534,0.233,0.233] | v2:G2[0.274,0.226,0.500] | v3:G2[0.078,0.316,0.606] | v4:G1[0.079,0.596,0.325]
[TopoTrace Step 0] v0:G1[0.373,0.553,0.074] | v1:G0[0.534,0.233,0.233] | v2:G2[0.274,0.226,0.500] | v3:G2[0.078,0.316,0.606] | v4:G1[0.079,0.596,0.325]
[TopoTrace Step 0] v0:G1[0.373,0.553,0.074] | v1:G0[0.534,0.233,0.233] | v2:G2[0.274,0.226,0.500] | v3:G2[0.078,0.316,0.606] | v4:G1[0.079,0.596,0.325]
[TopoTrace Step 0] v0:G1[0.373,0.553,0.074] | v1:G0[0.534,0.233,0.233] | v2:G2[0.274,0.226,0.500] | v3:G2[0.078,0.316,0.606] | v4:G1[0.079,0.596,0.325]
[TopoTrace Step 0] v0:G1[0.373,0.553,0.074] | v1:G0[0.534,0.233,0.233] | v2:G2[0.274,0.226,0.500] | v3:G2[0.078,0.316,0.606] | v4:G1[0.079,0.596,0.325][TopoTrace Step 0] v0:G1[0.373,0.553,0.074] | v1:G0[0.534,0.233,0.233] | v2:G2[0.274,0.226,0.500] | v3:G2[0.078,0.316,0.606] | v4:G1[0.079,0.596,0.325]

[TopoTrace Step 0] v0:G1[0.373,0.553,0.074] | v1:G0[0.534,0.233,0.233] | v2:G2[0.274,0.226,0.500] | v3:G2[0.078,0.316,0.606] | v4:G1[0.079,0.596,0.325]
[TopoTrace Step 0] v0:G1[0.373,0.553,0.074] | v1:G0[0.534,0.233,0.233] | v2:G2[0.274,0.226,0.500] | v3:G2[0.078,0.316,0.606] | v4:G1[0.079,0.596,0.325]
[TopoTrace Step 0] v0:G1[0.373,0.553,0.074] | v1:G0[0.534,0.233,0.233] | v2:G2[0.274,0.226,0.500] | v3:G2[0.078,0.316,0.606] | v4:G1[0.079,0.596,0.325]
[TopoTrace Step 0] v0:G1[0.373,0.553,0.074] | v1:G0[0.534,0.233,0.233] | v2:G2[0.274,0.226,0.500] | v3:G2[0.078,0.316,0.606] | v4:G1[0.079,0.596,0.325]
[TopoTrace Step 0] v0:G1[0.373,0.553,0.074] | v1:G0[0.534,0.233,0.233] | v2:G2[0.274,0.226,0.500] | v3:G2[0.078,0.316,0.606] | v4:G1[0.079,0.596,0.325]
[TopoTrace Step 0] v0:G1[0.373,0.553,0.074] | v1:G0[0.534,0.233,0.233] | v2:G2[0.274,0.226,0.500] | v3:G2[0.078,0.316,0.606] | v4:G1[0.079,0.596,0.325]
[TopoTrace Step 0] v0:G1[0.373,0.553,0.074] | v1:G0[0.534,0.233,0.233] | v2:G2[0.274,0.226,0.500] | v3:G2[0.078,0.316,0.606] | v4:G1[0.079,0.596,0.325]
[TopoTrace Step 0] v0:G1[0.373,0.553,0.074] | v1:G0[0.534,0.233,0.233] | v2:G2[0.274,0.226,0.500] | v3:G2[0.078,0.316,0.606] | v4:G1[0.079,0.596,0.325]
[TopoTrace Step 0] v0:G1[0.373,0.553,0.074] | v1:G0[0.534,0.233,0.233] | v2:G2[0.274,0.226,0.500] | v3:G2[0.078,0.316,0.607] | v4:G1[0.079,0.596,0.325]
[TopoTrace Step 0] v0:G1[0.373,0.553,0.074] | v1:G0[0.534,0.233,0.233] | v2:G2[0.274,0.226,0.500] | v3:G2[0.078,0.316,0.607] | v4:G1[0.079,0.596,0.325]
[TopoTrace Step 0] v0:G1[0.373,0.553,0.074] | v1:G0[0.534,0.233,0.233] | v2:G2[0.274,0.226,0.500] | v3:G2[0.078,0.316,0.607] | v4:G1[0.079,0.596,0.325]
[TopoTrace Step 0] v0:G1[0.373,0.553,0.074] | v1:G0[0.534,0.233,0.233] | v2:G2[0.274,0.226,0.500] | v3:G2[0.078,0.316,0.607] | v4:G1[0.079,0.596,0.325]
[TopoTrace Step 0] v0:G1[0.373,0.553,0.074] | v1:G0[0.534,0.233,0.233] | v2:G2[0.274,0.226,0.500] | v3:G2[0.078,0.315,0.607] | v4:G1[0.079,0.596,0.325]
[TopoTrace Step 0] v0:G1[0.373,0.553,0.074] | v1:G0[0.534,0.233,0.233] | v2:G2[0.274,0.226,0.500] | v3:G2[0.078,0.315,0.607] | v4:G1[0.079,0.596,0.325]
[TopoTrace Step 0] v0:G1[0.373,0.553,0.074] | v1:G0[0.534,0.233,0.233] | v2:G2[0.274,0.226,0.500] | v3:G2[0.078,0.315,0.607] | v4:G1[0.079,0.596,0.325]
[TopoTrace Step 0] v0:G1[0.373,0.553,0.074] | v1:G0[0.534,0.233,0.233] | v2:G2[0.274,0.226,0.500] | v3:G2[0.078,0.315,0.607] | v4:G1[0.079,0.596,0.325]
[TopoTrace Step 0] v0:G1[0.373,0.553,0.074] | v1:G0[0.534,0.233,0.233] | v2:G2[0.274,0.226,0.500] | v3:G2[0.078,0.315,0.607] | v4:G1[0.079,0.596,0.325]
[TopoTrace Step 0] v0:G1[0.373,0.553,0.074] | v1:G0[0.534,0.233,0.233] | v2:G2[0.274,0.226,0.500] | v3:G2[0.078,0.315,0.607] | v4:G1[0.079,0.596,0.325]
[TopoTrace Step 0] v0:G1[0.373,0.553,0.074] | v1:G0[0.534,0.233,0.233] | v2:G2[0.274,0.226,0.500] | v3:G2[0.078,0.315,0.607] | v4:G1[0.079,0.596,0.325]
[TopoTrace Step 0] v0:G1[0.373,0.553,0.074] | v1:G0[0.534,0.233,0.233] | v2:G2[0.274,0.226,0.500] | v3:G2[0.078,0.315,0.607] | v4:G1[0.079,0.596,0.325]
[TopoTrace Step 0] v0:G1[0.373,0.553,0.074] | v1:G0[0.534,0.233,0.233] | v2:G2[0.274,0.226,0.500] | v3:G2[0.078,0.315,0.607] | v4:G1[0.079,0.596,0.325]
[TopoTrace Step 0] v0:G1[0.373,0.553,0.074] | v1:G0[0.534,0.233,0.233] | v2:G2[0.274,0.226,0.500] | v3:G2[0.078,0.315,0.607] | v4:G1[0.079,0.596,0.325]
[TopoTrace Step 0] v0:G1[0.373,0.553,0.074] | v1:G0[0.534,0.233,0.233] | v2:G2[0.274,0.226,0.500] | v3:G2[0.078,0.315,0.607] | v4:G1[0.079,0.596,0.325]
[TopoTrace Step 0] v0:G1[0.373,0.553,0.074] | v1:G0[0.534,0.233,0.233] | v2:G2[0.274,0.226,0.500] | v3:G2[0.078,0.315,0.607] | v4:G1[0.079,0.596,0.325]
[TopoTrace Step 0] v0:G1[0.373,0.553,0.074] | v1:G0[0.534,0.233,0.233] | v2:G2[0.274,0.226,0.500] | v3:G2[0.078,0.315,0.607] | v4:G1[0.079,0.596,0.325]
[TopoTrace Step 0] v0:G1[0.373,0.553,0.074] | v1:G0[0.534,0.233,0.233] | v2:G2[0.274,0.226,0.500] | v3:G2[0.078,0.315,0.607] | v4:G1[0.079,0.596,0.325]
[TopoTrace Step 0] v0:G1[0.373,0.553,0.074] | v1:G0[0.534,0.233,0.233] | v2:G2[0.274,0.226,0.500] | v3:G2[0.078,0.315,0.607] | v4:G1[0.079,0.596,0.325]
[TopoTrace Step 0] v0:G1[0.373,0.553,0.074] | v1:G0[0.534,0.233,0.233] | v2:G2[0.274,0.226,0.500] | v3:G2[0.078,0.315,0.607] | v4:G1[0.079,0.596,0.325]
[TopoTrace Step 0] v0:G1[0.373,0.553,0.074] | v1:G0[0.534,0.233,0.233] | v2:G2[0.274,0.226,0.500] | v3:G2[0.078,0.315,0.607] | v4:G1[0.079,0.596,0.325]
[TopoTrace Step 0] v0:G1[0.373,0.553,0.074] | v1:G0[0.534,0.233,0.233] | v2:G2[0.274,0.226,0.500] | v3:G2[0.078,0.315,0.607] | v4:G1[0.079,0.596,0.325]
[TopoTrace Step 0] v0:G1[0.373,0.553,0.074] | v1:G0[0.534,0.233,0.233] | v2:G2[0.274,0.226,0.500] | v3:G2[0.078,0.315,0.607] | v4:G1[0.079,0.596,0.325]
[TopoTrace Step 0] v0:G1[0.373,0.553,0.074] | v1:G0[0.534,0.233,0.233] | v2:G2[0.274,0.226,0.500] | v3:G2[0.078,0.315,0.607] | v4:G1[0.079,0.596,0.325]
[TopoTrace Step 0] v0:G1[0.373,0.553,0.074] | v1:G0[0.534,0.233,0.233] | v2:G2[0.274,0.226,0.500] | v3:G2[0.078,0.315,0.607] | v4:G1[0.079,0.596,0.325]
[TopoTrace Step 0] v0:G1[0.373,0.553,0.074] | v1:G0[0.534,0.233,0.233] | v2:G2[0.274,0.226,0.500] | v3:G2[0.078,0.315,0.607] | v4:G1[0.079,0.596,0.325]
[TopoTrace Step 0] v0:G1[0.373,0.553,0.074] | v1:G0[0.534,0.233,0.233] | v2:G2[0.274,0.226,0.500] | v3:G2[0.078,0.315,0.607] | v4:G1[0.079,0.596,0.325]
[TopoTrace Step 0] v0:G1[0.373,0.553,0.074] | v1:G0[0.534,0.233,0.233] | v2:G2[0.274,0.226,0.500] | v3:G2[0.078,0.315,0.607] | v4:G1[0.079,0.596,0.325]
[TopoTrace Step 0] v0:G1[0.373,0.553,0.074] | v1:G0[0.534,0.233,0.233] | v2:G2[0.274,0.226,0.500] | v3:G2[0.078,0.315,0.607] | v4:G1[0.079,0.596,0.325]
[TopoTrace Step 0] v0:G1[0.373,0.553,0.074] | v1:G0[0.534,0.233,0.233] | v2:G2[0.274,0.226,0.500] | v3:G2[0.078,0.315,0.607] | v4:G1[0.079,0.596,0.325]
[TopoTrace Step 0] v0:G1[0.373,0.553,0.074] | v1:G0[0.534,0.233,0.233] | v2:G2[0.274,0.226,0.500] | v3:G2[0.078,0.315,0.607] | v4:G1[0.079,0.596,0.325]
[TopoTrace Step 0] v0:G1[0.373,0.553,0.074] | v1:G0[0.534,0.233,0.233] | v2:G2[0.274,0.226,0.500] | v3:G2[0.078,0.315,0.607] | v4:G1[0.079,0.596,0.325]
[TopoTrace Step 0] v0:G1[0.373,0.553,0.074] | v1:G0[0.534,0.233,0.233] | v2:G2[0.274,0.226,0.500] | v3:G2[0.078,0.315,0.607] | v4:G1[0.079,0.596,0.325]
[TopoTrace Step 0] v0:G1[0.373,0.553,0.074] | v1:G0[0.534,0.233,0.233] | v2:G2[0.274,0.226,0.500] | v3:G2[0.078,0.315,0.607] | v4:G1[0.079,0.596,0.325]
[TopoTrace Step 0] v0:G1[0.374,0.553,0.074] | v1:G0[0.534,0.233,0.233] | v2:G2[0.274,0.226,0.500] | v3:G2[0.078,0.315,0.607] | v4:G1[0.079,0.596,0.325]
[TopoTrace Step 0] v0:G1[0.374,0.553,0.074] | v1:G0[0.534,0.233,0.233] | v2:G2[0.274,0.226,0.500] | v3:G2[0.078,0.315,0.607] | v4:G1[0.079,0.596,0.325]
[TopoTrace Step 0] v0:G1[0.374,0.553,0.074] | v1:G0[0.534,0.233,0.233] | v2:G2[0.274,0.226,0.500] | v3:G2[0.078,0.315,0.607] | v4:G1[0.079,0.596,0.325]
[TopoTrace Step 0] v0:G1[0.374,0.553,0.074] | v1:G0[0.534,0.233,0.233] | v2:G2[0.274,0.226,0.500] | v3:G2[0.078,0.315,0.607] | v4:G1[0.079,0.596,0.325]
[TopoTrace Step 0] v0:G1[0.374,0.553,0.074] | v1:G0[0.534,0.233,0.233] | v2:G2[0.274,0.226,0.500] | v3:G2[0.078,0.315,0.607] | v4:G1[0.079,0.596,0.325]
[TopoTrace Step 0] v0:G1[0.374,0.553,0.074] | v1:G0[0.534,0.233,0.233] | v2:G2[0.274,0.226,0.500] | v3:G2[0.078,0.315,0.607] | v4:G1[0.079,0.596,0.325]
[TopoTrace Step 0] v0:G1[0.374,0.553,0.074] | v1:G0[0.534,0.233,0.233] | v2:G2[0.274,0.226,0.500] | v3:G2[0.078,0.315,0.607] | v4:G1[0.079,0.596,0.325]
[TopoTrace Step 0] v0:G1[0.374,0.553,0.074] | v1:G0[0.534,0.233,0.233] | v2:G2[0.274,0.226,0.500] | v3:G2[0.078,0.315,0.607] | v4:G1[0.079,0.596,0.325]
[TopoTrace Step 0] v0:G1[0.374,0.553,0.074] | v1:G0[0.534,0.233,0.233] | v2:G2[0.274,0.226,0.500] | v3:G2[0.078,0.315,0.607] | v4:G1[0.079,0.596,0.325]
[TopoTrace Step 0] v0:G1[0.374,0.553,0.074] | v1:G0[0.534,0.233,0.233] | v2:G2[0.274,0.226,0.500] | v3:G2[0.078,0.315,0.607] | v4:G1[0.079,0.596,0.325]
[TopoTrace Step 0] v0:G1[0.374,0.553,0.074] | v1:G0[0.534,0.233,0.233] | v2:G2[0.274,0.226,0.500] | v3:G2[0.078,0.315,0.607] | v4:G1[0.079,0.596,0.325]
[TopoTrace Step 0] v0:G1[0.374,0.553,0.074] | v1:G0[0.534,0.233,0.233] | v2:G2[0.274,0.226,0.500] | v3:G2[0.078,0.315,0.607] | v4:G1[0.079,0.596,0.325]
[TopoTrace Step 0] v0:G1[0.374,0.553,0.074] | v1:G0[0.534,0.233,0.233] | v2:G2[0.274,0.226,0.500] | v3:G2[0.078,0.315,0.607] | v4:G1[0.079,0.596,0.325]
[TopoTrace Step 0] v0:G1[0.374,0.553,0.074] | v1:G0[0.534,0.233,0.233] | v2:G2[0.274,0.226,0.500] | v3:G2[0.078,0.315,0.607] | v4:G1[0.079,0.596,0.325]
[TopoTrace Step 0] v0:G1[0.374,0.553,0.074] | v1:G0[0.534,0.233,0.233] | v2:G2[0.274,0.226,0.500] | v3:G2[0.078,0.315,0.607] | v4:G1[0.079,0.596,0.325][TopoTrace Step 0] v0:G1[0.374,0.553,0.074] | v1:G0[0.534,0.233,0.233] | v2:G2[0.274,0.226,0.500] | v3:G2[0.078,0.315,0.607] | v4:G1[0.079,0.596,0.325]

[TopoTrace Step 0] v0:G1[0.374,0.553,0.074] | v1:G0[0.534,0.233,0.233] | v2:G2[0.274,0.226,0.500] | v3:G2[0.078,0.315,0.607] | v4:G1[0.079,0.596,0.325]
[TopoTrace Step 0] v0:G1[0.374,0.553,0.074] | v1:G0[0.534,0.233,0.233] | v2:G2[0.274,0.226,0.500] | v3:G2[0.078,0.315,0.607] | v4:G1[0.079,0.596,0.325]
[TopoTrace Step 0] v0:G1[0.374,0.553,0.074] | v1:G0[0.534,0.233,0.233] | v2:G2[0.274,0.226,0.500] | v3:G2[0.078,0.315,0.607] | v4:G1[0.079,0.596,0.325]
[TopoTrace Step 0] v0:G1[0.374,0.553,0.074] | v1:G0[0.534,0.233,0.233] | v2:G2[0.274,0.226,0.500] | v3:G2[0.078,0.315,0.607] | v4:G1[0.079,0.596,0.325]
[TopoTrace Step 0] v0:G1[0.374,0.553,0.074] | v1:G0[0.534,0.233,0.233] | v2:G2[0.274,0.226,0.500] | v3:G2[0.078,0.315,0.607] | v4:G1[0.079,0.596,0.325]
[TopoTrace Step 0] v0:G1[0.374,0.553,0.074] | v1:G0[0.534,0.233,0.233] | v2:G2[0.274,0.226,0.500] | v3:G2[0.078,0.315,0.607] | v4:G1[0.079,0.596,0.325]
[TopoTrace Step 0] v0:G1[0.374,0.553,0.074] | v1:G0[0.534,0.233,0.233] | v2:G2[0.274,0.226,0.500] | v3:G2[0.078,0.315,0.607] | v4:G1[0.079,0.596,0.325][TopoTrace Step 0] v0:G1[0.374,0.553,0.074] | v1:G0[0.534,0.233,0.233] | v2:G2[0.274,0.226,0.500] | v3:G2[0.078,0.315,0.607] | v4:G1[0.079,0.596,0.325]

[TopoTrace Step 0] v0:G1[0.374,0.553,0.074] | v1:G0[0.534,0.233,0.233] | v2:G2[0.274,0.226,0.500] | v3:G2[0.078,0.315,0.607] | v4:G1[0.079,0.596,0.325]
[TopoTrace Step 0] v0:G1[0.374,0.553,0.074] | v1:G0[0.534,0.233,0.233] | v2:G2[0.274,0.226,0.500] | v3:G2[0.078,0.315,0.607] | v4:G1[0.079,0.596,0.325]
[TopoTrace Step 0] v0:G1[0.374,0.553,0.074] | v1:G0[0.534,0.233,0.233] | v2:G2[0.274,0.226,0.500] | v3:G2[0.078,0.315,0.607] | v4:G1[0.079,0.596,0.325]
[TopoTrace Step 0] v0:G1[0.374,0.553,0.074] | v1:G0[0.534,0.233,0.233] | v2:G2[0.274,0.226,0.500] | v3:G2[0.078,0.315,0.607] | v4:G1[0.079,0.596,0.325]
[TopoTrace Step 0] v0:G1[0.374,0.553,0.074] | v1:G0[0.534,0.233,0.233] | v2:G2[0.274,0.226,0.500] | v3:G2[0.078,0.315,0.607] | v4:G1[0.079,0.596,0.325]
[TopoTrace Step 0] v0:G1[0.374,0.553,0.074] | v1:G0[0.534,0.233,0.233] | v2:G2[0.274,0.226,0.500] | v3:G2[0.078,0.315,0.607] | v4:G1[0.079,0.596,0.325]
[TopoTrace Step 0] v0:G1[0.374,0.553,0.074] | v1:G0[0.534,0.233,0.233] | v2:G2[0.274,0.226,0.500] | v3:G2[0.078,0.315,0.608] | v4:G1[0.079,0.596,0.325]
[TopoTrace Step 0] v0:G1[0.374,0.553,0.074] | v1:G0[0.534,0.233,0.233] | v2:G2[0.274,0.226,0.500] | v3:G2[0.078,0.315,0.608] | v4:G1[0.079,0.596,0.325]
[TopoTrace Step 0] v0:G1[0.374,0.553,0.074] | v1:G0[0.534,0.233,0.233] | v2:G2[0.274,0.226,0.500] | v3:G2[0.078,0.315,0.608] | v4:G1[0.079,0.596,0.325]
[TopoTrace Step 0] v0:G1[0.374,0.553,0.074] | v1:G0[0.534,0.233,0.233] | v2:G2[0.274,0.226,0.500] | v3:G2[0.078,0.315,0.608] | v4:G1[0.079,0.596,0.325]
[TopoTrace Step 0] v0:G1[0.374,0.553,0.074] | v1:G0[0.534,0.233,0.233] | v2:G2[0.274,0.226,0.500] | v3:G2[0.078,0.315,0.608] | v4:G1[0.079,0.596,0.325]
[TopoTrace Step 0] v0:G1[0.374,0.553,0.074] | v1:G0[0.534,0.233,0.233] | v2:G2[0.274,0.226,0.500] | v3:G2[0.078,0.315,0.608] | v4:G1[0.079,0.596,0.325]
[TopoTrace Step 0] v0:G1[0.374,0.553,0.074] | v1:G0[0.534,0.233,0.233] | v2:G2[0.274,0.226,0.500] | v3:G2[0.078,0.315,0.608] | v4:G1[0.079,0.596,0.325]
[TopoTrace Step 0] v0:G1[0.374,0.553,0.074] | v1:G0[0.534,0.233,0.233] | v2:G2[0.274,0.226,0.500] | v3:G2[0.078,0.315,0.608] | v4:G1[0.079,0.596,0.325]
[TopoTrace Step 0] v0:G1[0.374,0.553,0.074] | v1:G0[0.534,0.233,0.233] | v2:G2[0.274,0.226,0.500] | v3:G2[0.078,0.315,0.608] | v4:G1[0.079,0.596,0.325]
[TopoTrace Step 0] v0:G1[0.374,0.553,0.074] | v1:G0[0.534,0.233,0.233] | v2:G2[0.274,0.226,0.500] | v3:G2[0.078,0.315,0.608] | v4:G1[0.079,0.596,0.325]
[TopoTrace Step 0] v0:G1[0.374,0.553,0.074] | v1:G0[0.534,0.233,0.233] | v2:G2[0.274,0.226,0.500] | v3:G2[0.078,0.315,0.608] | v4:G1[0.079,0.596,0.325]
[TopoTrace Step 0] v0:G1[0.374,0.553,0.074] | v1:G0[0.534,0.233,0.233] | v2:G2[0.274,0.226,0.500] | v3:G2[0.078,0.315,0.608] | v4:G1[0.079,0.596,0.325]
[TopoTrace Step 0] v0:G1[0.374,0.553,0.074] | v1:G0[0.534,0.233,0.233] | v2:G2[0.274,0.226,0.500] | v3:G2[0.078,0.315,0.608] | v4:G1[0.079,0.596,0.325]
[TopoTrace Step 0] v0:G1[0.374,0.553,0.074] | v1:G0[0.534,0.233,0.233] | v2:G2[0.274,0.226,0.500] | v3:G2[0.078,0.315,0.608] | v4:G1[0.079,0.596,0.325]
[TopoTrace Step 0] v0:G1[0.374,0.553,0.074] | v1:G0[0.534,0.233,0.233] | v2:G2[0.274,0.226,0.500] | v3:G2[0.078,0.315,0.608] | v4:G1[0.079,0.596,0.325]
[TopoTrace Step 0] v0:G1[0.374,0.553,0.074] | v1:G0[0.534,0.233,0.233] | v2:G2[0.274,0.226,0.500] | v3:G2[0.078,0.315,0.608] | v4:G1[0.079,0.596,0.325]
[TopoTrace Step 0] v0:G1[0.374,0.553,0.074] | v1:G0[0.534,0.233,0.233] | v2:G2[0.274,0.226,0.500] | v3:G2[0.078,0.315,0.608] | v4:G1[0.079,0.596,0.325]
[TopoTrace Step 0] v0:G1[0.374,0.553,0.074] | v1:G0[0.534,0.233,0.233] | v2:G2[0.274,0.226,0.500] | v3:G2[0.078,0.315,0.608] | v4:G1[0.079,0.596,0.325]
[TopoTrace Step 0] v0:G1[0.374,0.552,0.074] | v1:G0[0.534,0.233,0.233] | v2:G2[0.274,0.226,0.500] | v3:G2[0.078,0.315,0.608] | v4:G1[0.079,0.596,0.325]
[TopoTrace Step 0] v0:G1[0.374,0.552,0.074] | v1:G0[0.534,0.233,0.233] | v2:G2[0.274,0.226,0.500] | v3:G2[0.078,0.315,0.608] | v4:G1[0.079,0.596,0.325]
[TopoTrace Step 0] v0:G1[0.374,0.552,0.074] | v1:G0[0.534,0.233,0.233] | v2:G2[0.274,0.226,0.500] | v3:G2[0.078,0.315,0.608] | v4:G1[0.079,0.596,0.325]
[TopoTrace Step 0] v0:G1[0.374,0.552,0.074] | v1:G0[0.534,0.233,0.233] | v2:G2[0.274,0.226,0.500] | v3:G2[0.078,0.315,0.608] | v4:G1[0.079,0.596,0.325]
[TopoTrace Step 0] v0:G1[0.374,0.553,0.074] | v1:G0[0.534,0.233,0.233] | v2:G2[0.274,0.226,0.500] | v3:G2[0.078,0.315,0.608] | v4:G1[0.079,0.596,0.325]
[TopoTrace Step 0] v0:G1[0.374,0.553,0.074] | v1:G0[0.534,0.233,0.233] | v2:G2[0.274,0.226,0.500] | v3:G2[0.078,0.315,0.608] | v4:G1[0.079,0.596,0.325]
[TopoTrace Step 0] v0:G1[0.374,0.553,0.074] | v1:G0[0.534,0.233,0.233] | v2:G2[0.274,0.226,0.500] | v3:G2[0.078,0.315,0.608] | v4:G1[0.079,0.596,0.325][TopoTrace Step 0] v0:G1[0.374,0.553,0.074] | v1:G0[0.534,0.233,0.233] | v2:G2[0.274,0.226,0.500] | v3:G2[0.078,0.315,0.608] | v4:G1[0.079,0.596,0.325]

[TopoTrace Step 0] v0:G1[0.374,0.553,0.074] | v1:G0[0.534,0.233,0.233] | v2:G2[0.274,0.226,0.500] | v3:G2[0.078,0.314,0.608] | v4:G1[0.079,0.596,0.325]
[TopoTrace Step 0] v0:G1[0.374,0.553,0.074] | v1:G0[0.534,0.233,0.233] | v2:G2[0.274,0.226,0.500] | v3:G2[0.078,0.314,0.608] | v4:G1[0.079,0.596,0.325]
[TopoTrace Step 0] v0:G1[0.374,0.553,0.074] | v1:G0[0.534,0.233,0.233] | v2:G2[0.274,0.226,0.500] | v3:G2[0.078,0.314,0.608] | v4:G1[0.079,0.596,0.325]
[TopoTrace Step 0] v0:G1[0.374,0.553,0.074] | v1:G0[0.534,0.233,0.233] | v2:G2[0.274,0.226,0.500] | v3:G2[0.078,0.314,0.608] | v4:G1[0.079,0.596,0.325]
[TopoTrace Step 0] v0:G1[0.374,0.552,0.074] | v1:G0[0.534,0.233,0.233] | v2:G2[0.274,0.226,0.500] | v3:G2[0.078,0.314,0.608] | v4:G1[0.079,0.596,0.325]
[TopoTrace Step 0] v0:G1[0.374,0.552,0.074] | v1:G0[0.534,0.233,0.233] | v2:G2[0.274,0.226,0.500] | v3:G2[0.078,0.314,0.608] | v4:G1[0.079,0.596,0.325]
[TopoTrace Step 0] v0:G1[0.374,0.552,0.074] | v1:G0[0.534,0.233,0.233] | v2:G2[0.274,0.226,0.500] | v3:G2[0.078,0.314,0.608] | v4:G1[0.079,0.596,0.325]
[TopoTrace Step 0] v0:G1[0.374,0.552,0.074] | v1:G0[0.534,0.233,0.233] | v2:G2[0.274,0.226,0.500] | v3:G2[0.078,0.314,0.608] | v4:G1[0.079,0.596,0.325]
[TopoTrace Step 0] v0:G1[0.374,0.552,0.074] | v1:G0[0.534,0.233,0.233] | v2:G2[0.274,0.226,0.500] | v3:G2[0.078,0.314,0.608] | v4:G1[0.079,0.596,0.325]
[TopoTrace Step 0] v0:G1[0.374,0.552,0.074] | v1:G0[0.534,0.233,0.233] | v2:G2[0.274,0.226,0.500] | v3:G2[0.078,0.314,0.608] | v4:G1[0.079,0.596,0.325]
[TopoTrace Step 0] v0:G1[0.374,0.552,0.074] | v1:G0[0.534,0.233,0.233] | v2:G2[0.274,0.226,0.500] | v3:G2[0.078,0.314,0.608] | v4:G1[0.079,0.596,0.325]
[TopoTrace Step 0] v0:G1[0.374,0.552,0.074] | v1:G0[0.534,0.233,0.233] | v2:G2[0.274,0.226,0.500] | v3:G2[0.078,0.314,0.608] | v4:G1[0.079,0.596,0.325]
[TopoTrace Step 0] v0:G1[0.374,0.552,0.074] | v1:G0[0.534,0.233,0.233] | v2:G2[0.274,0.226,0.500] | v3:G2[0.078,0.314,0.608] | v4:G1[0.079,0.596,0.325]
[TopoTrace Step 0] v0:G1[0.374,0.552,0.074] | v1:G0[0.534,0.233,0.233] | v2:G2[0.274,0.226,0.500] | v3:G2[0.078,0.314,0.608] | v4:G1[0.079,0.596,0.325]
[TopoTrace Step 0] v0:G1[0.374,0.552,0.074] | v1:G0[0.534,0.233,0.233] | v2:G2[0.274,0.226,0.500] | v3:G2[0.078,0.314,0.608] | v4:G1[0.079,0.596,0.325]
[TopoTrace Step 0] v0:G1[0.374,0.552,0.074] | v1:G0[0.534,0.233,0.233] | v2:G2[0.274,0.226,0.500] | v3:G2[0.078,0.314,0.608] | v4:G1[0.079,0.596,0.325]
[TopoTrace Step 0] v0:G1[0.374,0.552,0.074] | v1:G0[0.534,0.233,0.233] | v2:G2[0.274,0.226,0.500] | v3:G2[0.078,0.314,0.608] | v4:G1[0.079,0.596,0.325]
[TopoTrace Step 0] v0:G1[0.374,0.552,0.074] | v1:G0[0.534,0.233,0.233] | v2:G2[0.274,0.226,0.500] | v3:G2[0.078,0.314,0.608] | v4:G1[0.079,0.596,0.325]
[TopoTrace Step 0] v0:G1[0.374,0.552,0.074] | v1:G0[0.534,0.233,0.233] | v2:G2[0.274,0.226,0.500] | v3:G2[0.078,0.314,0.608] | v4:G1[0.079,0.596,0.325]
[TopoTrace Step 0] v0:G1[0.374,0.552,0.074] | v1:G0[0.534,0.233,0.233] | v2:G2[0.274,0.226,0.500] | v3:G2[0.078,0.314,0.608] | v4:G1[0.079,0.596,0.325]
[TopoTrace Step 0] v0:G1[0.374,0.552,0.074] | v1:G0[0.534,0.233,0.233] | v2:G2[0.274,0.226,0.500] | v3:G2[0.078,0.314,0.608] | v4:G1[0.079,0.596,0.325]
[TopoTrace Step 0] v0:G1[0.374,0.552,0.074] | v1:G0[0.534,0.233,0.233] | v2:G2[0.274,0.226,0.500] | v3:G2[0.078,0.314,0.608] | v4:G1[0.079,0.596,0.325]
[TopoTrace Step 0] v0:G1[0.374,0.552,0.074] | v1:G0[0.534,0.233,0.233] | v2:G2[0.274,0.226,0.500] | v3:G2[0.078,0.314,0.608] | v4:G1[0.079,0.596,0.325]
[TopoTrace Step 0] v0:G1[0.374,0.552,0.074] | v1:G0[0.534,0.233,0.233] | v2:G2[0.274,0.226,0.500] | v3:G2[0.078,0.314,0.608] | v4:G1[0.079,0.596,0.325]
[TopoTrace Step 0] v0:G1[0.374,0.552,0.074] | v1:G0[0.534,0.233,0.233] | v2:G2[0.274,0.226,0.500] | v3:G2[0.078,0.314,0.608] | v4:G1[0.079,0.596,0.325]
[TopoTrace Step 0] v0:G1[0.374,0.552,0.074] | v1:G0[0.534,0.233,0.233] | v2:G2[0.274,0.226,0.500] | v3:G2[0.078,0.314,0.608] | v4:G1[0.079,0.596,0.325]
[TopoTrace Step 0] v0:G1[0.374,0.552,0.074] | v1:G0[0.534,0.233,0.233] | v2:G2[0.274,0.226,0.500] | v3:G2[0.078,0.314,0.608] | v4:G1[0.079,0.596,0.325]
[TopoTrace Step 0] v0:G1[0.374,0.552,0.074] | v1:G0[0.534,0.233,0.233] | v2:G2[0.274,0.226,0.500] | v3:G2[0.078,0.314,0.608] | v4:G1[0.079,0.596,0.325]
[TopoTrace Step 0] v0:G1[0.374,0.552,0.074] | v1:G0[0.534,0.233,0.233] | v2:G2[0.274,0.226,0.500] | v3:G2[0.078,0.314,0.608] | v4:G1[0.079,0.596,0.325]
[TopoTrace Step 0] v0:G1[0.374,0.552,0.074] | v1:G0[0.534,0.233,0.233] | v2:G2[0.274,0.226,0.500] | v3:G2[0.078,0.314,0.608] | v4:G1[0.079,0.596,0.325]
[TopoTrace Step 0] v0:G1[0.374,0.552,0.074] | v1:G0[0.534,0.233,0.233] | v2:G2[0.274,0.226,0.500] | v3:G2[0.078,0.314,0.608] | v4:G1[0.079,0.596,0.325][TopoTrace Step 0] v0:G1[0.374,0.552,0.074] | v1:G0[0.534,0.233,0.233] | v2:G2[0.274,0.226,0.500] | v3:G2[0.078,0.314,0.608] | v4:G1[0.079,0.596,0.325]

[TopoTrace Step 0] v0:G1[0.374,0.552,0.074] | v1:G0[0.535,0.233,0.233] | v2:G2[0.274,0.226,0.500] | v3:G2[0.078,0.314,0.608] | v4:G1[0.079,0.596,0.325]
[TopoTrace Step 0] v0:G1[0.374,0.552,0.074] | v1:G0[0.535,0.233,0.233] | v2:G2[0.274,0.226,0.500] | v3:G2[0.078,0.314,0.608] | v4:G1[0.079,0.596,0.325]
[TopoTrace Step 0] v0:G1[0.374,0.552,0.074] | v1:G0[0.535,0.233,0.233] | v2:G2[0.274,0.226,0.500] | v3:G2[0.078,0.314,0.608] | v4:G1[0.079,0.596,0.325]
[TopoTrace Step 0] v0:G1[0.374,0.552,0.074] | v1:G0[0.535,0.233,0.233] | v2:G2[0.274,0.226,0.500] | v3:G2[0.078,0.314,0.608] | v4:G1[0.079,0.596,0.325]
[TopoTrace Step 0] v0:G1[0.374,0.552,0.074] | v1:G0[0.535,0.233,0.233] | v2:G2[0.274,0.226,0.500] | v3:G2[0.078,0.314,0.608] | v4:G1[0.079,0.596,0.325]
[TopoTrace Step 0] v0:G1[0.374,0.552,0.074] | v1:G0[0.535,0.233,0.233] | v2:G2[0.274,0.226,0.500] | v3:G2[0.078,0.314,0.608] | v4:G1[0.079,0.596,0.325]
[TopoTrace Step 0] v0:G1[0.374,0.552,0.074] | v1:G0[0.535,0.233,0.233] | v2:G2[0.274,0.226,0.500] | v3:G2[0.078,0.314,0.608] | v4:G1[0.079,0.596,0.325]
[TopoTrace Step 0] v0:G1[0.374,0.552,0.074] | v1:G0[0.535,0.233,0.233] | v2:G2[0.274,0.226,0.500] | v3:G2[0.078,0.314,0.608] | v4:G1[0.079,0.596,0.325]
[TopoTrace Step 0] v0:G1[0.374,0.552,0.074] | v1:G0[0.535,0.233,0.233] | v2:G2[0.274,0.226,0.500] | v3:G2[0.078,0.314,0.608] | v4:G1[0.079,0.596,0.325]
[TopoTrace Step 0] v0:G1[0.374,0.552,0.074] | v1:G0[0.535,0.233,0.233] | v2:G2[0.274,0.226,0.500] | v3:G2[0.078,0.314,0.608] | v4:G1[0.079,0.596,0.325]
[TopoTrace Step 0] v0:G1[0.374,0.552,0.074] | v1:G0[0.535,0.233,0.233] | v2:G2[0.274,0.226,0.500] | v3:G2[0.078,0.314,0.608] | v4:G1[0.079,0.596,0.325][TopoTrace Step 0] v0:G1[0.374,0.552,0.074] | v1:G0[0.535,0.233,0.233] | v2:G2[0.274,0.226,0.500] | v3:G2[0.078,0.314,0.608] | v4:G1[0.079,0.596,0.325]

[TopoTrace Step 0] v0:G1[0.374,0.552,0.074] | v1:G0[0.535,0.233,0.233] | v2:G2[0.274,0.226,0.500] | v3:G2[0.077,0.314,0.609] | v4:G1[0.079,0.596,0.325]
[TopoTrace Step 0] v0:G1[0.374,0.552,0.074] | v1:G0[0.535,0.233,0.233] | v2:G2[0.274,0.226,0.500] | v3:G2[0.077,0.314,0.609] | v4:G1[0.079,0.596,0.325]
[TopoTrace Step 0] v0:G1[0.374,0.552,0.074] | v1:G0[0.535,0.233,0.233] | v2:G2[0.274,0.226,0.500] | v3:G2[0.077,0.314,0.609] | v4:G1[0.079,0.596,0.325]
[TopoTrace Step 0] v0:G1[0.374,0.552,0.074] | v1:G0[0.535,0.233,0.233] | v2:G2[0.274,0.226,0.500] | v3:G2[0.077,0.314,0.609] | v4:G1[0.079,0.596,0.325]
[TopoTrace Step 0] v0:G1[0.374,0.552,0.074] | v1:G0[0.535,0.233,0.233] | v2:G2[0.274,0.226,0.500] | v3:G2[0.077,0.314,0.609] | v4:G1[0.079,0.596,0.325]
[TopoTrace Step 0] v0:G1[0.374,0.552,0.074] | v1:G0[0.535,0.233,0.233] | v2:G2[0.274,0.226,0.500] | v3:G2[0.077,0.314,0.609] | v4:G1[0.079,0.596,0.325]
[TopoTrace Step 0] v0:G1[0.374,0.552,0.074] | v1:G0[0.535,0.233,0.233] | v2:G2[0.274,0.226,0.500] | v3:G2[0.077,0.314,0.609] | v4:G1[0.079,0.596,0.325]
[TopoTrace Step 0] v0:G1[0.374,0.552,0.074] | v1:G0[0.535,0.233,0.233] | v2:G2[0.274,0.226,0.500] | v3:G2[0.077,0.314,0.609] | v4:G1[0.079,0.596,0.325]
[TopoTrace Step 0] v0:G1[0.374,0.552,0.074] | v1:G0[0.535,0.233,0.233] | v2:G2[0.274,0.226,0.500] | v3:G2[0.077,0.314,0.609] | v4:G1[0.079,0.596,0.325]
[TopoTrace Step 0] v0:G1[0.374,0.552,0.074] | v1:G0[0.535,0.233,0.233] | v2:G2[0.274,0.226,0.500] | v3:G2[0.077,0.314,0.609] | v4:G1[0.079,0.596,0.325]
[TopoTrace Step 0] v0:G1[0.374,0.552,0.074] | v1:G0[0.535,0.233,0.233] | v2:G2[0.274,0.226,0.500] | v3:G2[0.077,0.314,0.609] | v4:G1[0.079,0.596,0.325]
[TopoTrace Step 0] v0:G1[0.374,0.552,0.074] | v1:G0[0.535,0.233,0.233] | v2:G2[0.274,0.226,0.500] | v3:G2[0.077,0.314,0.609] | v4:G1[0.079,0.596,0.325]
[TopoTrace Step 0] v0:G1[0.374,0.552,0.074] | v1:G0[0.535,0.233,0.233] | v2:G2[0.274,0.226,0.500] | v3:G2[0.077,0.314,0.609] | v4:G1[0.079,0.596,0.325]
[TopoTrace Step 0] v0:G1[0.374,0.552,0.074] | v1:G0[0.535,0.233,0.233] | v2:G2[0.274,0.226,0.500] | v3:G2[0.077,0.314,0.609] | v4:G1[0.079,0.596,0.325]
[TopoTrace Step 0] v0:G1[0.374,0.552,0.074] | v1:G0[0.535,0.233,0.233] | v2:G2[0.274,0.226,0.500] | v3:G2[0.077,0.314,0.609] | v4:G1[0.079,0.596,0.325]
[TopoTrace Step 0] v0:G1[0.374,0.552,0.074] | v1:G0[0.535,0.233,0.233] | v2:G2[0.274,0.226,0.500] | v3:G2[0.077,0.314,0.609] | v4:G1[0.079,0.596,0.325]
[TopoTrace Step 0] v0:G1[0.374,0.552,0.074] | v1:G0[0.535,0.233,0.233] | v2:G2[0.274,0.226,0.500] | v3:G2[0.077,0.314,0.609] | v4:G1[0.079,0.596,0.325]
[TopoTrace Step 0] v0:G1[0.374,0.552,0.074] | v1:G0[0.535,0.233,0.233] | v2:G2[0.274,0.226,0.500] | v3:G2[0.077,0.314,0.609] | v4:G1[0.079,0.596,0.325]
[TopoTrace Step 0] v0:G1[0.374,0.552,0.074] | v1:G0[0.535,0.233,0.233] | v2:G2[0.274,0.226,0.500] | v3:G2[0.077,0.314,0.609] | v4:G1[0.079,0.596,0.325]
[TopoTrace Step 0] v0:G1[0.374,0.552,0.074] | v1:G0[0.535,0.233,0.233] | v2:G2[0.274,0.226,0.500] | v3:G2[0.077,0.314,0.609] | v4:G1[0.079,0.596,0.325]
[TopoTrace Step 0] v0:G1[0.374,0.552,0.074] | v1:G0[0.535,0.233,0.232] | v2:G2[0.274,0.226,0.500] | v3:G2[0.077,0.314,0.609] | v4:G1[0.079,0.596,0.325]
[TopoTrace Step 0] v0:G1[0.374,0.552,0.074] | v1:G0[0.535,0.233,0.232] | v2:G2[0.274,0.226,0.500] | v3:G2[0.077,0.314,0.609] | v4:G1[0.079,0.596,0.325]
[TopoTrace Step 0] v0:G1[0.374,0.552,0.074] | v1:G0[0.535,0.233,0.232] | v2:G2[0.274,0.226,0.500] | v3:G2[0.077,0.314,0.609] | v4:G1[0.079,0.596,0.325]
[TopoTrace Step 0] v0:G1[0.374,0.552,0.074] | v1:G0[0.535,0.233,0.232] | v2:G2[0.274,0.226,0.500] | v3:G2[0.077,0.314,0.609] | v4:G1[0.079,0.596,0.325]
[TopoTrace Step 0] v0:G1[0.374,0.552,0.074] | v1:G0[0.535,0.233,0.232] | v2:G2[0.274,0.226,0.500] | v3:G2[0.077,0.314,0.609] | v4:G1[0.079,0.596,0.325]
[TopoTrace Step 0] v0:G1[0.374,0.552,0.074] | v1:G0[0.535,0.233,0.232] | v2:G2[0.274,0.226,0.500] | v3:G2[0.077,0.314,0.609] | v4:G1[0.079,0.596,0.325]
[TopoTrace Step 0] v0:G1[0.374,0.552,0.074] | v1:G0[0.535,0.233,0.232] | v2:G2[0.274,0.226,0.500] | v3:G2[0.077,0.314,0.609] | v4:G1[0.079,0.596,0.325]
[TopoTrace Step 0] v0:G1[0.374,0.552,0.074] | v1:G0[0.535,0.233,0.232] | v2:G2[0.274,0.226,0.500] | v3:G2[0.077,0.314,0.609] | v4:G1[0.079,0.596,0.325]
[TopoTrace Step 0] v0:G1[0.374,0.552,0.074] | v1:G0[0.535,0.233,0.232] | v2:G2[0.274,0.226,0.500] | v3:G2[0.077,0.314,0.609] | v4:G1[0.079,0.596,0.325]
[TopoTrace Step 0] v0:G1[0.374,0.552,0.074] | v1:G0[0.535,0.233,0.232] | v2:G2[0.274,0.226,0.500] | v3:G2[0.077,0.314,0.609] | v4:G1[0.079,0.596,0.325]
[TopoTrace Step 0] v0:G1[0.374,0.552,0.074] | v1:G0[0.535,0.233,0.232] | v2:G2[0.274,0.226,0.500] | v3:G2[0.077,0.314,0.609] | v4:G1[0.079,0.596,0.325]
[TopoTrace Step 0] v0:G1[0.374,0.552,0.074] | v1:G0[0.535,0.233,0.232] | v2:G2[0.274,0.226,0.500] | v3:G2[0.077,0.314,0.609] | v4:G1[0.079,0.596,0.325]
[TopoTrace Step 0] v0:G1[0.374,0.552,0.074] | v1:G0[0.535,0.233,0.232] | v2:G2[0.274,0.226,0.500] | v3:G2[0.077,0.314,0.609] | v4:G1[0.079,0.596,0.325]
[TopoTrace Step 0] v0:G1[0.374,0.552,0.074] | v1:G0[0.535,0.233,0.232] | v2:G2[0.274,0.226,0.500] | v3:G2[0.077,0.314,0.609] | v4:G1[0.079,0.596,0.325]
[TopoTrace Step 0] v0:G1[0.374,0.552,0.074] | v1:G0[0.535,0.233,0.232] | v2:G2[0.274,0.226,0.500] | v3:G2[0.077,0.314,0.609] | v4:G1[0.079,0.596,0.325]
[TopoTrace Step 0] v0:G1[0.374,0.552,0.074] | v1:G0[0.535,0.233,0.232] | v2:G2[0.274,0.226,0.500] | v3:G2[0.077,0.314,0.609] | v4:G1[0.079,0.596,0.325]
[TopoTrace Step 0] v0:G1[0.374,0.552,0.074] | v1:G0[0.535,0.233,0.232] | v2:G2[0.274,0.226,0.500] | v3:G2[0.077,0.314,0.609] | v4:G1[0.079,0.596,0.325]
[TopoTrace Step 0] v0:G1[0.374,0.552,0.074] | v1:G0[0.535,0.233,0.232] | v2:G2[0.274,0.226,0.500] | v3:G2[0.077,0.314,0.609] | v4:G1[0.079,0.596,0.325]
[TopoTrace Step 0] v0:G1[0.374,0.552,0.074] | v1:G0[0.535,0.233,0.232] | v2:G2[0.274,0.226,0.500] | v3:G2[0.077,0.314,0.609] | v4:G1[0.079,0.596,0.325]
[TopoTrace Step 0] v0:G1[0.374,0.552,0.074] | v1:G0[0.535,0.233,0.232] | v2:G2[0.274,0.226,0.500] | v3:G2[0.077,0.314,0.609] | v4:G1[0.079,0.596,0.325]
Epoch: 2 cost time: 57.05995559692383
Epoch: 2, Steps: 294 | Train Loss: 0.4856367 Vali Loss: 0.2850477 Test Loss: 3.9452238
Validation loss decreased (0.297541 --> 0.285048).  Saving model ...
Updating learning rate to 5e-05
[TopoTrace Step 0] v0:G1[0.374,0.552,0.074] | v1:G0[0.535,0.233,0.232] | v2:G2[0.274,0.226,0.500] | v3:G2[0.077,0.314,0.609] | v4:G1[0.079,0.596,0.325]
[TopoTrace Step 0] v0:G1[0.374,0.552,0.074] | v1:G0[0.535,0.233,0.232] | v2:G2[0.274,0.226,0.500] | v3:G2[0.077,0.314,0.609] | v4:G1[0.079,0.596,0.325]
[TopoTrace Step 0] v0:G1[0.374,0.552,0.074] | v1:G0[0.535,0.233,0.232] | v2:G2[0.274,0.226,0.500] | v3:G2[0.077,0.314,0.609] | v4:G1[0.079,0.596,0.325]
[TopoTrace Step 0] v0:G1[0.374,0.552,0.074] | v1:G0[0.535,0.233,0.232] | v2:G2[0.274,0.226,0.500] | v3:G2[0.077,0.314,0.609] | v4:G1[0.079,0.596,0.325]
[TopoTrace Step 0] v0:G1[0.374,0.552,0.074] | v1:G0[0.535,0.233,0.232] | v2:G2[0.274,0.226,0.500] | v3:G2[0.077,0.314,0.609] | v4:G1[0.079,0.596,0.325]
[TopoTrace Step 0] v0:G1[0.374,0.552,0.074] | v1:G0[0.535,0.233,0.232] | v2:G2[0.274,0.226,0.500] | v3:G2[0.077,0.314,0.609] | v4:G1[0.079,0.596,0.325]
[TopoTrace Step 0] v0:G1[0.374,0.552,0.074] | v1:G0[0.535,0.233,0.232] | v2:G2[0.274,0.226,0.500] | v3:G2[0.077,0.314,0.609] | v4:G1[0.079,0.596,0.325]
[TopoTrace Step 0] v0:G1[0.374,0.552,0.074] | v1:G0[0.535,0.233,0.232] | v2:G2[0.274,0.226,0.500] | v3:G2[0.077,0.314,0.609] | v4:G1[0.079,0.596,0.325]
[TopoTrace Step 0] v0:G1[0.374,0.552,0.074] | v1:G0[0.535,0.233,0.232] | v2:G2[0.274,0.226,0.500] | v3:G2[0.077,0.314,0.609] | v4:G1[0.079,0.596,0.325]
[TopoTrace Step 0] v0:G1[0.374,0.552,0.074] | v1:G0[0.535,0.233,0.232] | v2:G2[0.274,0.226,0.500] | v3:G2[0.077,0.314,0.609] | v4:G1[0.079,0.596,0.325]
[TopoTrace Step 0] v0:G1[0.374,0.552,0.074] | v1:G0[0.535,0.233,0.232] | v2:G2[0.274,0.226,0.500] | v3:G2[0.077,0.314,0.609] | v4:G1[0.079,0.596,0.325]
[TopoTrace Step 0] v0:G1[0.374,0.552,0.074] | v1:G0[0.535,0.233,0.232] | v2:G2[0.274,0.226,0.500] | v3:G2[0.077,0.314,0.609] | v4:G1[0.079,0.596,0.325]
[TopoTrace Step 0] v0:G1[0.374,0.552,0.074] | v1:G0[0.535,0.233,0.232] | v2:G2[0.274,0.226,0.500] | v3:G2[0.077,0.314,0.609] | v4:G1[0.079,0.596,0.325]
[TopoTrace Step 0] v0:G1[0.374,0.552,0.074] | v1:G0[0.535,0.233,0.232] | v2:G2[0.274,0.226,0.500] | v3:G2[0.077,0.314,0.609] | v4:G1[0.079,0.596,0.325]
[TopoTrace Step 0] v0:G1[0.374,0.552,0.074] | v1:G0[0.535,0.233,0.232] | v2:G2[0.274,0.226,0.500] | v3:G2[0.077,0.314,0.609] | v4:G1[0.079,0.596,0.325]
[TopoTrace Step 0] v0:G1[0.374,0.552,0.074] | v1:G0[0.535,0.233,0.232] | v2:G2[0.274,0.226,0.500] | v3:G2[0.077,0.314,0.609] | v4:G1[0.079,0.596,0.325]
[TopoTrace Step 0] v0:G1[0.374,0.552,0.074] | v1:G0[0.535,0.233,0.233] | v2:G2[0.274,0.226,0.500] | v3:G2[0.077,0.314,0.609] | v4:G1[0.079,0.596,0.325]
[TopoTrace Step 0] v0:G1[0.374,0.552,0.074] | v1:G0[0.535,0.233,0.233] | v2:G2[0.274,0.226,0.500] | v3:G2[0.077,0.314,0.609] | v4:G1[0.079,0.596,0.325]
[TopoTrace Step 0] v0:G1[0.374,0.552,0.074] | v1:G0[0.535,0.233,0.233] | v2:G2[0.274,0.226,0.500] | v3:G2[0.077,0.314,0.609] | v4:G1[0.079,0.596,0.325]
[TopoTrace Step 0] v0:G1[0.374,0.552,0.074] | v1:G0[0.535,0.233,0.233] | v2:G2[0.274,0.226,0.500] | v3:G2[0.077,0.314,0.609] | v4:G1[0.079,0.596,0.325]
[TopoTrace Step 0] v0:G1[0.374,0.552,0.074] | v1:G0[0.535,0.233,0.233] | v2:G2[0.274,0.226,0.500] | v3:G2[0.077,0.314,0.609] | v4:G1[0.079,0.596,0.325]
[TopoTrace Step 0] v0:G1[0.374,0.552,0.074] | v1:G0[0.535,0.233,0.233] | v2:G2[0.274,0.226,0.500] | v3:G2[0.077,0.314,0.609] | v4:G1[0.079,0.596,0.325]
[TopoTrace Step 0] v0:G1[0.374,0.552,0.074] | v1:G0[0.535,0.233,0.233] | v2:G2[0.274,0.226,0.500] | v3:G2[0.077,0.314,0.609] | v4:G1[0.079,0.596,0.325]
[TopoTrace Step 0] v0:G1[0.374,0.552,0.074] | v1:G0[0.535,0.233,0.233] | v2:G2[0.274,0.226,0.500] | v3:G2[0.077,0.314,0.609] | v4:G1[0.079,0.596,0.325]
[TopoTrace Step 0] v0:G1[0.374,0.552,0.074] | v1:G0[0.535,0.233,0.233] | v2:G2[0.274,0.226,0.500] | v3:G2[0.077,0.314,0.609] | v4:G1[0.079,0.596,0.325]
[TopoTrace Step 0] v0:G1[0.374,0.552,0.074] | v1:G0[0.535,0.233,0.233] | v2:G2[0.274,0.226,0.500] | v3:G2[0.077,0.314,0.609] | v4:G1[0.079,0.596,0.325]
[TopoTrace Step 0] v0:G1[0.374,0.552,0.074] | v1:G0[0.535,0.233,0.233] | v2:G2[0.274,0.226,0.500] | v3:G2[0.077,0.314,0.609] | v4:G1[0.079,0.596,0.325]
[TopoTrace Step 0] v0:G1[0.374,0.552,0.074] | v1:G0[0.535,0.233,0.233] | v2:G2[0.274,0.226,0.500] | v3:G2[0.077,0.314,0.609] | v4:G1[0.079,0.596,0.325]
[TopoTrace Step 0] v0:G1[0.374,0.552,0.074] | v1:G0[0.535,0.233,0.233] | v2:G2[0.274,0.226,0.500] | v3:G2[0.077,0.314,0.609] | v4:G1[0.079,0.596,0.325]
[TopoTrace Step 0] v0:G1[0.374,0.552,0.074] | v1:G0[0.535,0.233,0.233] | v2:G2[0.274,0.226,0.500] | v3:G2[0.077,0.314,0.609] | v4:G1[0.079,0.596,0.325]
[TopoTrace Step 0] v0:G1[0.374,0.552,0.074] | v1:G0[0.535,0.233,0.232] | v2:G2[0.274,0.226,0.500] | v3:G2[0.077,0.314,0.609] | v4:G1[0.079,0.596,0.325]
[TopoTrace Step 0] v0:G1[0.374,0.552,0.074] | v1:G0[0.535,0.233,0.232] | v2:G2[0.274,0.226,0.500] | v3:G2[0.077,0.314,0.609] | v4:G1[0.079,0.596,0.325]
[TopoTrace Step 0] v0:G1[0.374,0.552,0.074] | v1:G0[0.535,0.233,0.232] | v2:G2[0.274,0.226,0.500] | v3:G2[0.077,0.314,0.609] | v4:G1[0.079,0.596,0.325]
[TopoTrace Step 0] v0:G1[0.374,0.552,0.074] | v1:G0[0.535,0.233,0.232] | v2:G2[0.274,0.226,0.500] | v3:G2[0.077,0.314,0.609] | v4:G1[0.079,0.596,0.325]
[TopoTrace Step 0] v0:G1[0.374,0.552,0.074] | v1:G0[0.535,0.233,0.232] | v2:G2[0.274,0.226,0.500] | v3:G2[0.077,0.314,0.609] | v4:G1[0.079,0.596,0.325]
[TopoTrace Step 0] v0:G1[0.374,0.552,0.074] | v1:G0[0.535,0.233,0.232] | v2:G2[0.274,0.226,0.500] | v3:G2[0.077,0.314,0.609] | v4:G1[0.079,0.596,0.325]
[TopoTrace Step 0] v0:G1[0.374,0.552,0.074] | v1:G0[0.535,0.233,0.232] | v2:G2[0.274,0.226,0.500] | v3:G2[0.077,0.314,0.609] | v4:G1[0.079,0.596,0.325]
[TopoTrace Step 0] v0:G1[0.374,0.552,0.074] | v1:G0[0.535,0.233,0.232] | v2:G2[0.274,0.226,0.500] | v3:G2[0.077,0.314,0.609] | v4:G1[0.079,0.596,0.325]
[TopoTrace Step 0] v0:G1[0.374,0.552,0.074] | v1:G0[0.535,0.233,0.232] | v2:G2[0.274,0.226,0.500] | v3:G2[0.077,0.314,0.609] | v4:G1[0.079,0.596,0.325]
[TopoTrace Step 0] v0:G1[0.374,0.552,0.074] | v1:G0[0.535,0.233,0.232] | v2:G2[0.274,0.226,0.500] | v3:G2[0.077,0.314,0.609] | v4:G1[0.079,0.596,0.325]
[TopoTrace Step 0] v0:G1[0.374,0.552,0.074] | v1:G0[0.535,0.233,0.232] | v2:G2[0.274,0.226,0.500] | v3:G2[0.077,0.314,0.609] | v4:G1[0.079,0.596,0.325]
[TopoTrace Step 0] v0:G1[0.374,0.552,0.074] | v1:G0[0.535,0.233,0.232] | v2:G2[0.274,0.226,0.500] | v3:G2[0.077,0.314,0.609] | v4:G1[0.079,0.596,0.325]
[TopoTrace Step 0] v0:G1[0.374,0.552,0.074] | v1:G0[0.535,0.233,0.232] | v2:G2[0.274,0.226,0.500] | v3:G2[0.077,0.314,0.609] | v4:G1[0.079,0.596,0.325]
[TopoTrace Step 0] v0:G1[0.374,0.552,0.074] | v1:G0[0.535,0.233,0.232] | v2:G2[0.274,0.226,0.500] | v3:G2[0.077,0.314,0.609] | v4:G1[0.079,0.596,0.325]
[TopoTrace Step 0] v0:G1[0.374,0.552,0.074] | v1:G0[0.535,0.233,0.232] | v2:G2[0.274,0.226,0.500] | v3:G2[0.077,0.314,0.609] | v4:G1[0.079,0.596,0.325]
[TopoTrace Step 0] v0:G1[0.374,0.552,0.074] | v1:G0[0.535,0.233,0.232] | v2:G2[0.274,0.226,0.500] | v3:G2[0.077,0.314,0.609] | v4:G1[0.079,0.596,0.325]
[TopoTrace Step 0] v0:G1[0.374,0.552,0.074] | v1:G0[0.535,0.233,0.232] | v2:G2[0.274,0.226,0.500] | v3:G2[0.077,0.314,0.609] | v4:G1[0.079,0.596,0.325]
[TopoTrace Step 0] v0:G1[0.374,0.552,0.074] | v1:G0[0.535,0.233,0.232] | v2:G2[0.274,0.226,0.500] | v3:G2[0.077,0.314,0.609] | v4:G1[0.079,0.596,0.325]
[TopoTrace Step 0] v0:G1[0.374,0.552,0.074] | v1:G0[0.535,0.233,0.232] | v2:G2[0.274,0.226,0.500] | v3:G2[0.077,0.313,0.609] | v4:G1[0.079,0.596,0.325]
[TopoTrace Step 0] v0:G1[0.374,0.552,0.074] | v1:G0[0.535,0.233,0.232] | v2:G2[0.274,0.226,0.500] | v3:G2[0.077,0.313,0.609] | v4:G1[0.079,0.596,0.325]
[TopoTrace Step 0] v0:G1[0.374,0.552,0.074] | v1:G0[0.535,0.233,0.232] | v2:G2[0.274,0.226,0.500] | v3:G2[0.077,0.313,0.609] | v4:G1[0.079,0.596,0.325]
[TopoTrace Step 0] v0:G1[0.374,0.552,0.074] | v1:G0[0.535,0.233,0.232] | v2:G2[0.274,0.226,0.500] | v3:G2[0.077,0.313,0.609] | v4:G1[0.079,0.596,0.325]
[TopoTrace Step 0] v0:G1[0.374,0.552,0.074] | v1:G0[0.535,0.233,0.232] | v2:G2[0.274,0.226,0.500] | v3:G2[0.077,0.313,0.609] | v4:G1[0.079,0.596,0.325]
[TopoTrace Step 0] v0:G1[0.374,0.552,0.074] | v1:G0[0.535,0.233,0.232] | v2:G2[0.274,0.226,0.500] | v3:G2[0.077,0.313,0.609] | v4:G1[0.079,0.596,0.325]
[TopoTrace Step 0] v0:G1[0.374,0.552,0.074] | v1:G0[0.535,0.233,0.232] | v2:G2[0.274,0.226,0.500] | v3:G2[0.077,0.313,0.609] | v4:G1[0.079,0.596,0.325]
[TopoTrace Step 0] v0:G1[0.374,0.552,0.074] | v1:G0[0.535,0.233,0.232] | v2:G2[0.274,0.226,0.500] | v3:G2[0.077,0.313,0.609] | v4:G1[0.079,0.596,0.325]
[TopoTrace Step 0] v0:G1[0.374,0.552,0.074] | v1:G0[0.535,0.233,0.232] | v2:G2[0.274,0.226,0.500] | v3:G2[0.077,0.313,0.609] | v4:G1[0.079,0.596,0.325]
[TopoTrace Step 0] v0:G1[0.374,0.552,0.074] | v1:G0[0.535,0.233,0.232] | v2:G2[0.274,0.226,0.500] | v3:G2[0.077,0.313,0.609] | v4:G1[0.079,0.596,0.325]
[TopoTrace Step 0] v0:G1[0.374,0.552,0.074] | v1:G0[0.535,0.233,0.232] | v2:G2[0.274,0.226,0.500] | v3:G2[0.077,0.313,0.609] | v4:G1[0.079,0.596,0.325]
[TopoTrace Step 0] v0:G1[0.374,0.552,0.074] | v1:G0[0.535,0.233,0.232] | v2:G2[0.274,0.226,0.500] | v3:G2[0.077,0.313,0.609] | v4:G1[0.079,0.596,0.325]
[TopoTrace Step 0] v0:G1[0.374,0.552,0.074] | v1:G0[0.535,0.233,0.232] | v2:G2[0.274,0.226,0.500] | v3:G2[0.077,0.313,0.609] | v4:G1[0.079,0.596,0.325][TopoTrace Step 0] v0:G1[0.374,0.552,0.074] | v1:G0[0.535,0.233,0.232] | v2:G2[0.274,0.226,0.500] | v3:G2[0.077,0.313,0.609] | v4:G1[0.079,0.596,0.325]

[TopoTrace Step 0] v0:G1[0.374,0.552,0.074] | v1:G0[0.535,0.233,0.232] | v2:G2[0.274,0.226,0.500] | v3:G2[0.077,0.313,0.609] | v4:G1[0.079,0.596,0.325]
[TopoTrace Step 0] v0:G1[0.374,0.552,0.074] | v1:G0[0.535,0.233,0.232] | v2:G2[0.274,0.226,0.500] | v3:G2[0.077,0.313,0.609] | v4:G1[0.079,0.596,0.325]
[TopoTrace Step 0] v0:G1[0.374,0.552,0.074] | v1:G0[0.535,0.233,0.232] | v2:G2[0.274,0.226,0.500] | v3:G2[0.077,0.313,0.609] | v4:G1[0.079,0.596,0.325]
[TopoTrace Step 0] v0:G1[0.374,0.552,0.074] | v1:G0[0.535,0.233,0.232] | v2:G2[0.274,0.226,0.500] | v3:G2[0.077,0.313,0.609] | v4:G1[0.079,0.596,0.325]
[TopoTrace Step 0] v0:G1[0.374,0.552,0.074] | v1:G0[0.535,0.233,0.232] | v2:G2[0.274,0.226,0.500] | v3:G2[0.077,0.313,0.609] | v4:G1[0.079,0.596,0.324]
[TopoTrace Step 0] v0:G1[0.374,0.552,0.074] | v1:G0[0.535,0.233,0.232] | v2:G2[0.274,0.226,0.500] | v3:G2[0.077,0.313,0.609] | v4:G1[0.079,0.596,0.324]
[TopoTrace Step 0] v0:G1[0.374,0.552,0.074] | v1:G0[0.535,0.233,0.232] | v2:G2[0.274,0.226,0.500] | v3:G2[0.077,0.313,0.609] | v4:G1[0.079,0.596,0.324]
[TopoTrace Step 0] v0:G1[0.374,0.552,0.074] | v1:G0[0.535,0.233,0.232] | v2:G2[0.274,0.226,0.500] | v3:G2[0.077,0.313,0.609] | v4:G1[0.079,0.596,0.324]
[TopoTrace Step 0] v0:G1[0.374,0.552,0.074] | v1:G0[0.535,0.233,0.232] | v2:G2[0.274,0.226,0.500] | v3:G2[0.077,0.313,0.609] | v4:G1[0.079,0.596,0.324]
[TopoTrace Step 0] v0:G1[0.374,0.552,0.074] | v1:G0[0.535,0.233,0.232] | v2:G2[0.274,0.226,0.500] | v3:G2[0.077,0.313,0.609] | v4:G1[0.079,0.596,0.324]
[TopoTrace Step 0] v0:G1[0.374,0.552,0.074] | v1:G0[0.535,0.233,0.232] | v2:G2[0.274,0.226,0.500] | v3:G2[0.077,0.313,0.609] | v4:G1[0.079,0.596,0.324]
[TopoTrace Step 0] v0:G1[0.374,0.552,0.074] | v1:G0[0.535,0.233,0.232] | v2:G2[0.274,0.226,0.500] | v3:G2[0.077,0.313,0.609] | v4:G1[0.079,0.596,0.324]
[TopoTrace Step 0] v0:G1[0.374,0.552,0.074] | v1:G0[0.535,0.233,0.232] | v2:G2[0.274,0.226,0.500] | v3:G2[0.077,0.313,0.609] | v4:G1[0.079,0.596,0.324]
[TopoTrace Step 0] v0:G1[0.374,0.552,0.074] | v1:G0[0.535,0.233,0.232] | v2:G2[0.274,0.226,0.500] | v3:G2[0.077,0.313,0.609] | v4:G1[0.079,0.596,0.324]
[TopoTrace Step 0] v0:G1[0.374,0.552,0.074] | v1:G0[0.535,0.233,0.232] | v2:G2[0.274,0.226,0.500] | v3:G2[0.077,0.313,0.609] | v4:G1[0.079,0.596,0.324]
[TopoTrace Step 0] v0:G1[0.374,0.552,0.074] | v1:G0[0.535,0.233,0.232] | v2:G2[0.274,0.226,0.500] | v3:G2[0.077,0.313,0.609] | v4:G1[0.079,0.596,0.324]
[TopoTrace Step 0] v0:G1[0.374,0.552,0.074] | v1:G0[0.535,0.233,0.232] | v2:G2[0.274,0.226,0.500] | v3:G2[0.077,0.313,0.609] | v4:G1[0.079,0.596,0.324]
[TopoTrace Step 0] v0:G1[0.374,0.552,0.074] | v1:G0[0.535,0.233,0.232] | v2:G2[0.274,0.226,0.500] | v3:G2[0.077,0.313,0.609] | v4:G1[0.079,0.596,0.324]
[TopoTrace Step 0] v0:G1[0.374,0.552,0.074] | v1:G0[0.535,0.233,0.232] | v2:G2[0.274,0.226,0.500] | v3:G2[0.077,0.313,0.609] | v4:G1[0.079,0.596,0.324]
[TopoTrace Step 0] v0:G1[0.374,0.552,0.074] | v1:G0[0.535,0.233,0.232] | v2:G2[0.274,0.226,0.500] | v3:G2[0.077,0.313,0.609] | v4:G1[0.079,0.596,0.324]
[TopoTrace Step 0] v0:G1[0.374,0.552,0.074] | v1:G0[0.535,0.233,0.232] | v2:G2[0.274,0.226,0.500] | v3:G2[0.077,0.313,0.609] | v4:G1[0.079,0.596,0.324]
[TopoTrace Step 0] v0:G1[0.374,0.552,0.074] | v1:G0[0.535,0.233,0.232] | v2:G2[0.274,0.226,0.500] | v3:G2[0.077,0.313,0.609] | v4:G1[0.079,0.596,0.324]
[TopoTrace Step 0] v0:G1[0.374,0.552,0.074] | v1:G0[0.535,0.233,0.232] | v2:G2[0.274,0.226,0.500] | v3:G2[0.077,0.313,0.609] | v4:G1[0.079,0.596,0.324]
[TopoTrace Step 0] v0:G1[0.374,0.552,0.074] | v1:G0[0.535,0.233,0.232] | v2:G2[0.274,0.226,0.500] | v3:G2[0.077,0.313,0.609] | v4:G1[0.079,0.596,0.324]
[TopoTrace Step 0] v0:G1[0.374,0.552,0.074] | v1:G0[0.535,0.233,0.232] | v2:G2[0.274,0.226,0.500] | v3:G2[0.077,0.313,0.609] | v4:G1[0.079,0.596,0.324]
[TopoTrace Step 0] v0:G1[0.374,0.552,0.074] | v1:G0[0.535,0.233,0.232] | v2:G2[0.274,0.226,0.500] | v3:G2[0.077,0.313,0.609] | v4:G1[0.079,0.596,0.324]
[TopoTrace Step 0] v0:G1[0.374,0.552,0.074] | v1:G0[0.535,0.233,0.232] | v2:G2[0.274,0.226,0.500] | v3:G2[0.077,0.313,0.609] | v4:G1[0.079,0.596,0.324]
[TopoTrace Step 0] v0:G1[0.374,0.552,0.074] | v1:G0[0.535,0.233,0.232] | v2:G2[0.274,0.226,0.500] | v3:G2[0.077,0.313,0.609] | v4:G1[0.079,0.596,0.324]
[TopoTrace Step 0] v0:G1[0.374,0.552,0.074] | v1:G0[0.535,0.233,0.232] | v2:G2[0.274,0.226,0.500] | v3:G2[0.077,0.313,0.609] | v4:G1[0.079,0.596,0.324]
[TopoTrace Step 0] v0:G1[0.374,0.552,0.074] | v1:G0[0.535,0.233,0.232] | v2:G2[0.274,0.226,0.500] | v3:G2[0.077,0.313,0.609] | v4:G1[0.079,0.596,0.324]
[TopoTrace Step 0] v0:G1[0.374,0.552,0.074] | v1:G0[0.535,0.233,0.232] | v2:G2[0.274,0.226,0.500] | v3:G2[0.077,0.313,0.610] | v4:G1[0.079,0.596,0.324]
[TopoTrace Step 0] v0:G1[0.374,0.552,0.074] | v1:G0[0.535,0.233,0.232] | v2:G2[0.274,0.226,0.500] | v3:G2[0.077,0.313,0.610] | v4:G1[0.079,0.596,0.324]
[TopoTrace Step 0] v0:G1[0.374,0.552,0.074] | v1:G0[0.535,0.233,0.232] | v2:G2[0.274,0.226,0.500] | v3:G2[0.077,0.313,0.610] | v4:G1[0.079,0.596,0.324]
[TopoTrace Step 0] v0:G1[0.374,0.552,0.074] | v1:G0[0.535,0.233,0.232] | v2:G2[0.274,0.226,0.500] | v3:G2[0.077,0.313,0.610] | v4:G1[0.079,0.596,0.324]
[TopoTrace Step 0] v0:G1[0.374,0.552,0.074] | v1:G0[0.535,0.233,0.232] | v2:G2[0.274,0.226,0.500] | v3:G2[0.077,0.313,0.610] | v4:G1[0.079,0.596,0.324]
[TopoTrace Step 0] v0:G1[0.374,0.552,0.074] | v1:G0[0.535,0.233,0.232] | v2:G2[0.274,0.226,0.500] | v3:G2[0.077,0.313,0.610] | v4:G1[0.079,0.596,0.324]
[TopoTrace Step 0] v0:G1[0.374,0.552,0.074] | v1:G0[0.535,0.233,0.232] | v2:G2[0.274,0.226,0.500] | v3:G2[0.077,0.313,0.610] | v4:G1[0.079,0.596,0.324]
[TopoTrace Step 0] v0:G1[0.374,0.552,0.074] | v1:G0[0.535,0.233,0.232] | v2:G2[0.274,0.226,0.500] | v3:G2[0.077,0.313,0.610] | v4:G1[0.079,0.596,0.324]
[TopoTrace Step 0] v0:G1[0.374,0.552,0.074] | v1:G0[0.535,0.233,0.232] | v2:G2[0.274,0.226,0.500] | v3:G2[0.077,0.313,0.610] | v4:G1[0.079,0.596,0.324]
[TopoTrace Step 0] v0:G1[0.374,0.552,0.074] | v1:G0[0.535,0.233,0.232] | v2:G2[0.274,0.226,0.500] | v3:G2[0.077,0.313,0.610] | v4:G1[0.079,0.596,0.324]
[TopoTrace Step 0] v0:G1[0.374,0.552,0.074] | v1:G0[0.535,0.233,0.232] | v2:G2[0.274,0.226,0.500] | v3:G2[0.077,0.313,0.610] | v4:G1[0.079,0.596,0.324]
[TopoTrace Step 0] v0:G1[0.374,0.552,0.074] | v1:G0[0.535,0.233,0.232] | v2:G2[0.274,0.226,0.500] | v3:G2[0.077,0.313,0.610] | v4:G1[0.079,0.596,0.324]
[TopoTrace Step 0] v0:G1[0.374,0.552,0.074] | v1:G0[0.535,0.233,0.232] | v2:G2[0.274,0.226,0.500] | v3:G2[0.077,0.313,0.610] | v4:G1[0.079,0.596,0.324]
[TopoTrace Step 0] v0:G1[0.374,0.552,0.074] | v1:G0[0.535,0.233,0.232] | v2:G2[0.274,0.226,0.500] | v3:G2[0.077,0.313,0.610] | v4:G1[0.079,0.596,0.324]
[TopoTrace Step 0] v0:G1[0.374,0.552,0.074] | v1:G0[0.535,0.233,0.232] | v2:G2[0.274,0.226,0.500] | v3:G2[0.077,0.313,0.610] | v4:G1[0.079,0.596,0.324]
[TopoTrace Step 0] v0:G1[0.374,0.552,0.074] | v1:G0[0.535,0.233,0.232] | v2:G2[0.274,0.226,0.500] | v3:G2[0.077,0.313,0.610] | v4:G1[0.079,0.596,0.324]
[TopoTrace Step 0] v0:G1[0.374,0.552,0.074] | v1:G0[0.535,0.233,0.232] | v2:G2[0.274,0.226,0.500] | v3:G2[0.077,0.313,0.610] | v4:G1[0.079,0.596,0.324]
[TopoTrace Step 0] v0:G1[0.374,0.552,0.074] | v1:G0[0.535,0.233,0.232] | v2:G2[0.274,0.226,0.500] | v3:G2[0.077,0.313,0.610] | v4:G1[0.079,0.596,0.324]
[TopoTrace Step 0] v0:G1[0.374,0.552,0.074] | v1:G0[0.535,0.233,0.232] | v2:G2[0.274,0.226,0.500] | v3:G2[0.077,0.313,0.610] | v4:G1[0.079,0.597,0.324]
[TopoTrace Step 0] v0:G1[0.374,0.552,0.074] | v1:G0[0.535,0.233,0.232] | v2:G2[0.274,0.226,0.500] | v3:G2[0.077,0.313,0.610] | v4:G1[0.079,0.597,0.324]
[TopoTrace Step 0] v0:G1[0.374,0.552,0.074] | v1:G0[0.535,0.233,0.232] | v2:G2[0.274,0.226,0.500] | v3:G2[0.077,0.313,0.610] | v4:G1[0.079,0.597,0.324]
[TopoTrace Step 0] v0:G1[0.374,0.552,0.074] | v1:G0[0.535,0.233,0.232] | v2:G2[0.274,0.226,0.500] | v3:G2[0.077,0.313,0.610] | v4:G1[0.079,0.597,0.324]
[TopoTrace Step 0] v0:G1[0.374,0.552,0.074] | v1:G0[0.535,0.233,0.232] | v2:G2[0.274,0.226,0.500] | v3:G2[0.077,0.313,0.610] | v4:G1[0.079,0.597,0.324]
[TopoTrace Step 0] v0:G1[0.374,0.552,0.074] | v1:G0[0.535,0.233,0.232] | v2:G2[0.274,0.226,0.500] | v3:G2[0.077,0.313,0.610] | v4:G1[0.079,0.597,0.324]
[TopoTrace Step 0] v0:G1[0.374,0.552,0.074] | v1:G0[0.535,0.233,0.232] | v2:G2[0.274,0.226,0.500] | v3:G2[0.077,0.313,0.610] | v4:G1[0.079,0.597,0.324]
[TopoTrace Step 0] v0:G1[0.374,0.552,0.074] | v1:G0[0.535,0.233,0.232] | v2:G2[0.274,0.226,0.500] | v3:G2[0.077,0.313,0.610] | v4:G1[0.079,0.597,0.324]
[TopoTrace Step 0] v0:G1[0.374,0.552,0.074] | v1:G0[0.535,0.233,0.232] | v2:G2[0.274,0.226,0.500] | v3:G2[0.077,0.313,0.610] | v4:G1[0.079,0.597,0.324]
[TopoTrace Step 0] v0:G1[0.374,0.552,0.074] | v1:G0[0.535,0.233,0.232] | v2:G2[0.274,0.226,0.500] | v3:G2[0.077,0.313,0.610] | v4:G1[0.079,0.597,0.324]
[TopoTrace Step 0] v0:G1[0.374,0.552,0.074] | v1:G0[0.535,0.233,0.232] | v2:G2[0.274,0.226,0.500] | v3:G2[0.077,0.313,0.610] | v4:G1[0.079,0.597,0.324]
[TopoTrace Step 0] v0:G1[0.374,0.552,0.074] | v1:G0[0.535,0.233,0.232] | v2:G2[0.274,0.226,0.500] | v3:G2[0.077,0.313,0.610] | v4:G1[0.079,0.597,0.324]
[TopoTrace Step 0] v0:G1[0.374,0.552,0.074] | v1:G0[0.535,0.233,0.232] | v2:G2[0.274,0.226,0.500] | v3:G2[0.077,0.313,0.610] | v4:G1[0.079,0.597,0.324]
[TopoTrace Step 0] v0:G1[0.374,0.552,0.074] | v1:G0[0.535,0.233,0.232] | v2:G2[0.274,0.226,0.500] | v3:G2[0.077,0.313,0.610] | v4:G1[0.079,0.597,0.324]
[TopoTrace Step 0] v0:G1[0.374,0.552,0.074] | v1:G0[0.535,0.233,0.232] | v2:G2[0.274,0.226,0.500] | v3:G2[0.077,0.313,0.610] | v4:G1[0.079,0.597,0.324]
[TopoTrace Step 0] v0:G1[0.374,0.552,0.074] | v1:G0[0.535,0.233,0.232] | v2:G2[0.274,0.226,0.500] | v3:G2[0.077,0.313,0.610] | v4:G1[0.079,0.597,0.324]
[TopoTrace Step 0] v0:G1[0.374,0.552,0.074] | v1:G0[0.535,0.233,0.232] | v2:G2[0.274,0.226,0.500] | v3:G2[0.077,0.313,0.610] | v4:G1[0.079,0.597,0.324]
[TopoTrace Step 0] v0:G1[0.374,0.552,0.074] | v1:G0[0.535,0.233,0.232] | v2:G2[0.274,0.226,0.500] | v3:G2[0.077,0.313,0.610] | v4:G1[0.079,0.597,0.324]
[TopoTrace Step 0] v0:G1[0.374,0.552,0.074] | v1:G0[0.535,0.233,0.232] | v2:G2[0.274,0.226,0.500] | v3:G2[0.077,0.313,0.610] | v4:G1[0.079,0.597,0.324]
[TopoTrace Step 0] v0:G1[0.374,0.552,0.074] | v1:G0[0.535,0.233,0.232] | v2:G2[0.274,0.226,0.500] | v3:G2[0.077,0.313,0.610] | v4:G1[0.079,0.597,0.324]
[TopoTrace Step 0] v0:G1[0.374,0.552,0.074] | v1:G0[0.535,0.233,0.232] | v2:G2[0.274,0.226,0.500] | v3:G2[0.077,0.313,0.610] | v4:G1[0.079,0.597,0.324]
[TopoTrace Step 0] v0:G1[0.374,0.552,0.074] | v1:G0[0.535,0.233,0.232] | v2:G2[0.274,0.226,0.500] | v3:G2[0.077,0.313,0.610] | v4:G1[0.079,0.597,0.324]
[TopoTrace Step 0] v0:G1[0.374,0.552,0.074] | v1:G0[0.535,0.232,0.232] | v2:G2[0.274,0.226,0.500] | v3:G2[0.077,0.313,0.610] | v4:G1[0.079,0.597,0.324]
[TopoTrace Step 0] v0:G1[0.374,0.552,0.074] | v1:G0[0.535,0.232,0.232] | v2:G2[0.274,0.226,0.500] | v3:G2[0.077,0.313,0.610] | v4:G1[0.079,0.597,0.324]
[TopoTrace Step 0] v0:G1[0.374,0.552,0.074] | v1:G0[0.535,0.232,0.232] | v2:G2[0.274,0.226,0.500] | v3:G2[0.077,0.313,0.610] | v4:G1[0.079,0.597,0.324]
[TopoTrace Step 0] v0:G1[0.374,0.552,0.074] | v1:G0[0.535,0.232,0.232] | v2:G2[0.274,0.226,0.500] | v3:G2[0.077,0.313,0.610] | v4:G1[0.079,0.597,0.324]
[TopoTrace Step 0] v0:G1[0.374,0.552,0.074] | v1:G0[0.535,0.232,0.232] | v2:G2[0.274,0.226,0.500] | v3:G2[0.077,0.313,0.610] | v4:G1[0.079,0.597,0.324]
[TopoTrace Step 0] v0:G1[0.374,0.552,0.074] | v1:G0[0.535,0.232,0.232] | v2:G2[0.274,0.226,0.500] | v3:G2[0.077,0.313,0.610] | v4:G1[0.079,0.597,0.324]
[TopoTrace Step 0] v0:G1[0.374,0.552,0.074] | v1:G0[0.535,0.232,0.232] | v2:G2[0.274,0.226,0.500] | v3:G2[0.077,0.313,0.610] | v4:G1[0.079,0.597,0.324]
[TopoTrace Step 0] v0:G1[0.374,0.552,0.074] | v1:G0[0.535,0.232,0.232] | v2:G2[0.274,0.226,0.500] | v3:G2[0.077,0.313,0.610] | v4:G1[0.079,0.597,0.324]
[TopoTrace Step 0] v0:G1[0.374,0.552,0.074] | v1:G0[0.535,0.232,0.232] | v2:G2[0.274,0.226,0.500] | v3:G2[0.077,0.313,0.610] | v4:G1[0.079,0.597,0.324]
[TopoTrace Step 0] v0:G1[0.374,0.552,0.074] | v1:G0[0.535,0.232,0.232] | v2:G2[0.274,0.226,0.500] | v3:G2[0.077,0.313,0.610] | v4:G1[0.079,0.597,0.324]
[TopoTrace Step 0] v0:G1[0.374,0.552,0.074] | v1:G0[0.535,0.232,0.232] | v2:G2[0.274,0.226,0.500] | v3:G2[0.077,0.313,0.610] | v4:G1[0.079,0.597,0.324]
[TopoTrace Step 0] v0:G1[0.374,0.552,0.074] | v1:G0[0.535,0.232,0.232] | v2:G2[0.274,0.226,0.500] | v3:G2[0.077,0.313,0.610] | v4:G1[0.079,0.597,0.324]
[TopoTrace Step 0] v0:G1[0.374,0.552,0.074] | v1:G0[0.535,0.232,0.232] | v2:G2[0.274,0.226,0.500] | v3:G2[0.077,0.313,0.610] | v4:G1[0.079,0.597,0.324]
[TopoTrace Step 0] v0:G1[0.374,0.552,0.074] | v1:G0[0.535,0.232,0.232] | v2:G2[0.274,0.226,0.500] | v3:G2[0.077,0.313,0.610] | v4:G1[0.079,0.597,0.324]
[TopoTrace Step 0] v0:G1[0.374,0.552,0.074] | v1:G0[0.535,0.232,0.232] | v2:G2[0.274,0.226,0.500] | v3:G2[0.077,0.313,0.610] | v4:G1[0.079,0.597,0.324]
[TopoTrace Step 0] v0:G1[0.374,0.552,0.074] | v1:G0[0.535,0.232,0.232] | v2:G2[0.274,0.226,0.500] | v3:G2[0.077,0.313,0.610] | v4:G1[0.079,0.597,0.324]
[TopoTrace Step 0] v0:G1[0.374,0.552,0.074] | v1:G0[0.535,0.232,0.232] | v2:G2[0.274,0.226,0.500] | v3:G2[0.077,0.313,0.610] | v4:G1[0.079,0.597,0.324]
[TopoTrace Step 0] v0:G1[0.374,0.552,0.074] | v1:G0[0.535,0.232,0.232] | v2:G2[0.274,0.226,0.500] | v3:G2[0.077,0.313,0.610] | v4:G1[0.079,0.597,0.324]
[TopoTrace Step 0] v0:G1[0.374,0.552,0.074] | v1:G0[0.535,0.232,0.232] | v2:G2[0.274,0.226,0.500] | v3:G2[0.077,0.313,0.610] | v4:G1[0.079,0.597,0.324]
[TopoTrace Step 0] v0:G1[0.374,0.552,0.074] | v1:G0[0.535,0.232,0.232] | v2:G2[0.274,0.226,0.500] | v3:G2[0.077,0.313,0.610] | v4:G1[0.079,0.597,0.324]
[TopoTrace Step 0] v0:G1[0.374,0.552,0.074] | v1:G0[0.535,0.232,0.232] | v2:G2[0.274,0.226,0.500] | v3:G2[0.077,0.313,0.610] | v4:G1[0.079,0.597,0.324]
[TopoTrace Step 0] v0:G1[0.374,0.552,0.074] | v1:G0[0.535,0.232,0.232] | v2:G2[0.274,0.226,0.500] | v3:G2[0.077,0.313,0.610] | v4:G1[0.079,0.597,0.324]
[TopoTrace Step 0] v0:G1[0.374,0.552,0.074] | v1:G0[0.535,0.232,0.232] | v2:G2[0.274,0.226,0.500] | v3:G2[0.077,0.313,0.610] | v4:G1[0.079,0.597,0.324]
[TopoTrace Step 0] v0:G1[0.374,0.552,0.074] | v1:G0[0.535,0.232,0.232] | v2:G2[0.274,0.226,0.500] | v3:G2[0.077,0.313,0.610] | v4:G1[0.079,0.597,0.324]
[TopoTrace Step 0] v0:G1[0.374,0.552,0.074] | v1:G0[0.535,0.232,0.232] | v2:G2[0.274,0.226,0.500] | v3:G2[0.077,0.313,0.610] | v4:G1[0.079,0.597,0.324]
[TopoTrace Step 0] v0:G1[0.374,0.552,0.074] | v1:G0[0.535,0.232,0.232] | v2:G2[0.274,0.226,0.500] | v3:G2[0.077,0.313,0.610] | v4:G1[0.079,0.597,0.324]
[TopoTrace Step 0] v0:G1[0.374,0.552,0.074] | v1:G0[0.535,0.232,0.232] | v2:G2[0.274,0.226,0.500] | v3:G2[0.077,0.313,0.610] | v4:G1[0.079,0.597,0.324]
[TopoTrace Step 0] v0:G1[0.374,0.552,0.074] | v1:G0[0.535,0.232,0.232] | v2:G2[0.274,0.226,0.500] | v3:G2[0.077,0.313,0.610] | v4:G1[0.079,0.597,0.324]
[TopoTrace Step 0] v0:G1[0.374,0.552,0.074] | v1:G0[0.535,0.232,0.232] | v2:G2[0.274,0.226,0.500] | v3:G2[0.077,0.313,0.610] | v4:G1[0.079,0.597,0.324]
[TopoTrace Step 0] v0:G1[0.374,0.552,0.074] | v1:G0[0.535,0.232,0.232] | v2:G2[0.274,0.226,0.500] | v3:G2[0.077,0.313,0.610] | v4:G1[0.079,0.597,0.324]
[TopoTrace Step 0] v0:G1[0.374,0.552,0.074] | v1:G0[0.535,0.232,0.232] | v2:G2[0.274,0.226,0.500] | v3:G2[0.077,0.313,0.610] | v4:G1[0.079,0.597,0.324]
[TopoTrace Step 0] v0:G1[0.374,0.552,0.074] | v1:G0[0.535,0.232,0.232] | v2:G2[0.274,0.226,0.500] | v3:G2[0.077,0.313,0.610] | v4:G1[0.079,0.597,0.324]
[TopoTrace Step 0] v0:G1[0.374,0.552,0.074] | v1:G0[0.535,0.232,0.232] | v2:G2[0.274,0.226,0.500] | v3:G2[0.077,0.313,0.610] | v4:G1[0.079,0.597,0.324]
[TopoTrace Step 0] v0:G1[0.374,0.552,0.074] | v1:G0[0.535,0.232,0.232] | v2:G2[0.274,0.226,0.500] | v3:G2[0.077,0.313,0.610] | v4:G1[0.079,0.597,0.324]
[TopoTrace Step 0] v0:G1[0.374,0.552,0.074] | v1:G0[0.535,0.232,0.232] | v2:G2[0.274,0.226,0.500] | v3:G2[0.077,0.313,0.610] | v4:G1[0.079,0.597,0.324]
[TopoTrace Step 0] v0:G1[0.374,0.552,0.074] | v1:G0[0.535,0.232,0.232] | v2:G2[0.274,0.226,0.500] | v3:G2[0.077,0.313,0.610] | v4:G1[0.079,0.597,0.324]
[TopoTrace Step 0] v0:G1[0.374,0.552,0.074] | v1:G0[0.535,0.232,0.232] | v2:G2[0.274,0.226,0.500] | v3:G2[0.077,0.313,0.610] | v4:G1[0.079,0.597,0.324]
[TopoTrace Step 0] v0:G1[0.374,0.552,0.074] | v1:G0[0.535,0.232,0.232] | v2:G2[0.274,0.226,0.500] | v3:G2[0.077,0.313,0.610] | v4:G1[0.079,0.597,0.324]
[TopoTrace Step 0] v0:G1[0.374,0.552,0.074] | v1:G0[0.535,0.232,0.232] | v2:G2[0.274,0.226,0.500] | v3:G2[0.077,0.313,0.610] | v4:G1[0.079,0.597,0.324]
[TopoTrace Step 0] v0:G1[0.374,0.552,0.074] | v1:G0[0.535,0.232,0.232] | v2:G2[0.274,0.226,0.500] | v3:G2[0.077,0.313,0.610] | v4:G1[0.079,0.597,0.324]
[TopoTrace Step 0] v0:G1[0.374,0.552,0.074] | v1:G0[0.535,0.232,0.232] | v2:G2[0.274,0.226,0.500] | v3:G2[0.077,0.313,0.610] | v4:G1[0.079,0.597,0.324]
[TopoTrace Step 0] v0:G1[0.374,0.552,0.074] | v1:G0[0.535,0.232,0.232] | v2:G2[0.274,0.226,0.500] | v3:G2[0.077,0.313,0.610] | v4:G1[0.079,0.597,0.324]
[TopoTrace Step 0] v0:G1[0.374,0.552,0.074] | v1:G0[0.535,0.232,0.232] | v2:G2[0.274,0.226,0.500] | v3:G2[0.077,0.313,0.610] | v4:G1[0.079,0.597,0.324]
[TopoTrace Step 0] v0:G1[0.374,0.552,0.074] | v1:G0[0.535,0.232,0.232] | v2:G2[0.274,0.226,0.500] | v3:G2[0.077,0.313,0.610] | v4:G1[0.079,0.597,0.324]
[TopoTrace Step 0] v0:G1[0.374,0.552,0.074] | v1:G0[0.535,0.232,0.232] | v2:G2[0.274,0.226,0.500] | v3:G2[0.077,0.313,0.610] | v4:G1[0.079,0.597,0.324]
[TopoTrace Step 0] v0:G1[0.374,0.552,0.074] | v1:G0[0.535,0.232,0.232] | v2:G2[0.274,0.226,0.500] | v3:G2[0.077,0.313,0.610] | v4:G1[0.079,0.597,0.324]
[TopoTrace Step 0] v0:G1[0.374,0.552,0.074] | v1:G0[0.535,0.232,0.232] | v2:G2[0.274,0.226,0.500] | v3:G2[0.077,0.313,0.610] | v4:G1[0.079,0.597,0.324]
[TopoTrace Step 0] v0:G1[0.374,0.552,0.074] | v1:G0[0.535,0.232,0.232] | v2:G2[0.274,0.226,0.500] | v3:G2[0.077,0.313,0.610] | v4:G1[0.079,0.597,0.324]
[TopoTrace Step 0] v0:G1[0.374,0.552,0.074] | v1:G0[0.535,0.232,0.232] | v2:G2[0.274,0.226,0.500] | v3:G2[0.077,0.313,0.610] | v4:G1[0.079,0.597,0.324]
[TopoTrace Step 0] v0:G1[0.374,0.552,0.074] | v1:G0[0.535,0.232,0.232] | v2:G2[0.274,0.226,0.500] | v3:G2[0.077,0.313,0.610] | v4:G1[0.079,0.597,0.324]
[TopoTrace Step 0] v0:G1[0.374,0.552,0.074] | v1:G0[0.535,0.232,0.232] | v2:G2[0.274,0.226,0.500] | v3:G2[0.077,0.313,0.610] | v4:G1[0.079,0.597,0.324]
[TopoTrace Step 0] v0:G1[0.374,0.552,0.074] | v1:G0[0.535,0.232,0.232] | v2:G2[0.274,0.226,0.500] | v3:G2[0.077,0.313,0.610] | v4:G1[0.079,0.597,0.324]
[TopoTrace Step 0] v0:G1[0.374,0.552,0.074] | v1:G0[0.535,0.232,0.232] | v2:G2[0.274,0.226,0.500] | v3:G2[0.077,0.313,0.610] | v4:G1[0.079,0.597,0.324]
[TopoTrace Step 0] v0:G1[0.374,0.552,0.074] | v1:G0[0.535,0.232,0.232] | v2:G2[0.274,0.226,0.500] | v3:G2[0.077,0.313,0.610] | v4:G1[0.079,0.597,0.324]
[TopoTrace Step 0] v0:G1[0.374,0.552,0.074] | v1:G0[0.535,0.232,0.232] | v2:G2[0.274,0.226,0.500] | v3:G2[0.077,0.313,0.610] | v4:G1[0.079,0.597,0.324]
[TopoTrace Step 0] v0:G1[0.374,0.552,0.074] | v1:G0[0.535,0.232,0.232] | v2:G2[0.274,0.226,0.500] | v3:G2[0.077,0.313,0.610] | v4:G1[0.079,0.597,0.324]
[TopoTrace Step 0] v0:G1[0.374,0.552,0.074] | v1:G0[0.535,0.232,0.232] | v2:G2[0.274,0.226,0.500] | v3:G2[0.077,0.313,0.610] | v4:G1[0.079,0.597,0.324]
[TopoTrace Step 0] v0:G1[0.374,0.552,0.074] | v1:G0[0.535,0.232,0.232] | v2:G2[0.274,0.226,0.500] | v3:G2[0.077,0.313,0.610] | v4:G1[0.079,0.597,0.324]
[TopoTrace Step 0] v0:G1[0.374,0.552,0.074] | v1:G0[0.535,0.232,0.232] | v2:G2[0.274,0.226,0.500] | v3:G2[0.077,0.313,0.610] | v4:G1[0.079,0.597,0.324]
[TopoTrace Step 0] v0:G1[0.374,0.552,0.074] | v1:G0[0.535,0.232,0.232] | v2:G2[0.274,0.226,0.500] | v3:G2[0.077,0.313,0.610] | v4:G1[0.079,0.597,0.324]
[TopoTrace Step 0] v0:G1[0.374,0.552,0.074] | v1:G0[0.535,0.232,0.232] | v2:G2[0.274,0.226,0.500] | v3:G2[0.077,0.313,0.610] | v4:G1[0.079,0.597,0.324]
[TopoTrace Step 0] v0:G1[0.374,0.552,0.074] | v1:G0[0.535,0.232,0.232] | v2:G2[0.274,0.226,0.500] | v3:G2[0.077,0.313,0.610] | v4:G1[0.079,0.597,0.324]
[TopoTrace Step 0] v0:G1[0.374,0.552,0.074] | v1:G0[0.535,0.232,0.232] | v2:G2[0.274,0.226,0.500] | v3:G2[0.077,0.313,0.610] | v4:G1[0.079,0.597,0.324]
[TopoTrace Step 0] v0:G1[0.374,0.552,0.074] | v1:G0[0.535,0.232,0.232] | v2:G2[0.274,0.226,0.500] | v3:G2[0.077,0.313,0.610] | v4:G1[0.079,0.597,0.324]
[TopoTrace Step 0] v0:G1[0.374,0.552,0.074] | v1:G0[0.535,0.232,0.232] | v2:G2[0.274,0.226,0.500] | v3:G2[0.077,0.313,0.610] | v4:G1[0.079,0.597,0.324]
[TopoTrace Step 0] v0:G1[0.374,0.552,0.074] | v1:G0[0.535,0.232,0.232] | v2:G2[0.274,0.226,0.500] | v3:G2[0.077,0.313,0.610] | v4:G1[0.079,0.597,0.324]
[TopoTrace Step 0] v0:G1[0.374,0.552,0.074] | v1:G0[0.535,0.232,0.232] | v2:G2[0.274,0.226,0.500] | v3:G2[0.077,0.313,0.610] | v4:G1[0.079,0.597,0.324]
[TopoTrace Step 0] v0:G1[0.374,0.552,0.074] | v1:G0[0.535,0.232,0.232] | v2:G2[0.274,0.226,0.500] | v3:G2[0.077,0.313,0.610] | v4:G1[0.079,0.597,0.324]
	iters: 100, epoch: 3 | loss: 0.4544844
	speed: 9.4645s/iter; left time: 21323.5280s
[TopoTrace Step 0] v0:G1[0.374,0.552,0.074] | v1:G0[0.535,0.232,0.232] | v2:G2[0.274,0.226,0.500] | v3:G2[0.077,0.313,0.610] | v4:G1[0.079,0.597,0.324][TopoTrace Step 0] v0:G1[0.374,0.552,0.074] | v1:G0[0.535,0.232,0.232] | v2:G2[0.274,0.226,0.500] | v3:G2[0.077,0.313,0.610] | v4:G1[0.079,0.597,0.324]

[TopoTrace Step 0] v0:G1[0.374,0.552,0.074] | v1:G0[0.535,0.232,0.232] | v2:G2[0.274,0.226,0.500] | v3:G2[0.077,0.313,0.610] | v4:G1[0.079,0.597,0.324]
[TopoTrace Step 0] v0:G1[0.374,0.552,0.074] | v1:G0[0.535,0.232,0.232] | v2:G2[0.274,0.226,0.500] | v3:G2[0.077,0.313,0.610] | v4:G1[0.079,0.597,0.324]
[TopoTrace Step 0] v0:G1[0.374,0.552,0.074] | v1:G0[0.535,0.232,0.232] | v2:G2[0.274,0.226,0.500] | v3:G2[0.077,0.313,0.610] | v4:G1[0.079,0.597,0.324]
[TopoTrace Step 0] v0:G1[0.374,0.552,0.074] | v1:G0[0.535,0.232,0.232] | v2:G2[0.274,0.226,0.500] | v3:G2[0.077,0.313,0.610] | v4:G1[0.079,0.597,0.324]
[TopoTrace Step 0] v0:G1[0.374,0.552,0.074] | v1:G0[0.535,0.232,0.232] | v2:G2[0.274,0.226,0.500] | v3:G2[0.077,0.313,0.610] | v4:G1[0.079,0.597,0.324]
[TopoTrace Step 0] v0:G1[0.374,0.552,0.074] | v1:G0[0.535,0.232,0.232] | v2:G2[0.274,0.226,0.500] | v3:G2[0.077,0.313,0.610] | v4:G1[0.079,0.597,0.324]
[TopoTrace Step 0] v0:G1[0.374,0.552,0.074] | v1:G0[0.535,0.232,0.232] | v2:G2[0.274,0.226,0.500] | v3:G2[0.077,0.313,0.610] | v4:G1[0.079,0.597,0.324]
[TopoTrace Step 0] v0:G1[0.374,0.552,0.074] | v1:G0[0.535,0.232,0.232] | v2:G2[0.274,0.226,0.500] | v3:G2[0.077,0.313,0.610] | v4:G1[0.079,0.597,0.324]
[TopoTrace Step 0] v0:G1[0.374,0.552,0.074] | v1:G0[0.535,0.232,0.232] | v2:G2[0.274,0.226,0.500] | v3:G2[0.077,0.313,0.610] | v4:G1[0.079,0.597,0.324]
[TopoTrace Step 0] v0:G1[0.374,0.552,0.074] | v1:G0[0.535,0.232,0.232] | v2:G2[0.274,0.226,0.500] | v3:G2[0.077,0.313,0.610] | v4:G1[0.079,0.597,0.324]
[TopoTrace Step 0] v0:G1[0.374,0.552,0.074] | v1:G0[0.535,0.232,0.232] | v2:G2[0.274,0.226,0.500] | v3:G2[0.077,0.313,0.610] | v4:G1[0.079,0.597,0.324]
[TopoTrace Step 0] v0:G1[0.374,0.552,0.074] | v1:G0[0.535,0.232,0.232] | v2:G2[0.274,0.226,0.500] | v3:G2[0.077,0.313,0.610] | v4:G1[0.079,0.597,0.324]
[TopoTrace Step 0] v0:G1[0.374,0.552,0.074] | v1:G0[0.535,0.232,0.232] | v2:G2[0.274,0.226,0.500] | v3:G2[0.077,0.312,0.610] | v4:G1[0.079,0.597,0.324]
[TopoTrace Step 0] v0:G1[0.374,0.552,0.074] | v1:G0[0.535,0.232,0.232] | v2:G2[0.274,0.226,0.500] | v3:G2[0.077,0.312,0.610] | v4:G1[0.079,0.597,0.324]
[TopoTrace Step 0] v0:G1[0.374,0.552,0.074] | v1:G0[0.535,0.232,0.232] | v2:G2[0.274,0.226,0.500] | v3:G2[0.077,0.312,0.610] | v4:G1[0.079,0.597,0.324]
[TopoTrace Step 0] v0:G1[0.374,0.552,0.074] | v1:G0[0.535,0.232,0.232] | v2:G2[0.274,0.226,0.500] | v3:G2[0.077,0.312,0.610] | v4:G1[0.079,0.597,0.324]
[TopoTrace Step 0] v0:G1[0.374,0.552,0.074] | v1:G0[0.535,0.232,0.232] | v2:G2[0.274,0.226,0.500] | v3:G2[0.077,0.312,0.610] | v4:G1[0.079,0.597,0.324]
[TopoTrace Step 0] v0:G1[0.374,0.552,0.074] | v1:G0[0.535,0.232,0.232] | v2:G2[0.274,0.226,0.500] | v3:G2[0.077,0.312,0.610] | v4:G1[0.079,0.597,0.324]
[TopoTrace Step 0] v0:G1[0.374,0.552,0.074] | v1:G0[0.535,0.232,0.232] | v2:G2[0.274,0.226,0.500] | v3:G2[0.077,0.312,0.610] | v4:G1[0.079,0.597,0.324]
[TopoTrace Step 0] v0:G1[0.374,0.552,0.074] | v1:G0[0.535,0.232,0.232] | v2:G2[0.274,0.226,0.500] | v3:G2[0.077,0.312,0.610] | v4:G1[0.079,0.597,0.324]
[TopoTrace Step 0] v0:G1[0.374,0.552,0.074] | v1:G0[0.535,0.232,0.232] | v2:G2[0.274,0.226,0.500] | v3:G2[0.077,0.312,0.610] | v4:G1[0.079,0.597,0.324]
[TopoTrace Step 0] v0:G1[0.374,0.552,0.074] | v1:G0[0.535,0.232,0.232] | v2:G2[0.274,0.226,0.500] | v3:G2[0.077,0.312,0.610] | v4:G1[0.079,0.597,0.324]
[TopoTrace Step 0] v0:G1[0.374,0.552,0.074] | v1:G0[0.535,0.232,0.232] | v2:G2[0.274,0.226,0.500] | v3:G2[0.077,0.312,0.610] | v4:G1[0.079,0.597,0.324]
[TopoTrace Step 0] v0:G1[0.374,0.552,0.074] | v1:G0[0.535,0.232,0.232] | v2:G2[0.274,0.226,0.500] | v3:G2[0.077,0.312,0.610] | v4:G1[0.079,0.597,0.324]
[TopoTrace Step 0] v0:G1[0.374,0.552,0.074] | v1:G0[0.535,0.232,0.232] | v2:G2[0.274,0.226,0.500] | v3:G2[0.077,0.312,0.611] | v4:G1[0.079,0.597,0.324]
[TopoTrace Step 0] v0:G1[0.374,0.552,0.074] | v1:G0[0.535,0.232,0.232] | v2:G2[0.274,0.226,0.500] | v3:G2[0.077,0.312,0.611] | v4:G1[0.079,0.597,0.324]
[TopoTrace Step 0] v0:G1[0.374,0.552,0.073] | v1:G0[0.535,0.232,0.232] | v2:G2[0.274,0.226,0.500] | v3:G2[0.077,0.312,0.611] | v4:G1[0.079,0.597,0.324]
[TopoTrace Step 0] v0:G1[0.374,0.552,0.073] | v1:G0[0.535,0.232,0.232] | v2:G2[0.274,0.226,0.500] | v3:G2[0.077,0.312,0.611] | v4:G1[0.079,0.597,0.324]
[TopoTrace Step 0] v0:G1[0.374,0.552,0.073] | v1:G0[0.535,0.232,0.232] | v2:G2[0.274,0.226,0.500] | v3:G2[0.077,0.312,0.611] | v4:G1[0.079,0.597,0.324]
[TopoTrace Step 0] v0:G1[0.374,0.552,0.073] | v1:G0[0.535,0.232,0.232] | v2:G2[0.274,0.226,0.500] | v3:G2[0.077,0.312,0.611] | v4:G1[0.079,0.597,0.324]
[TopoTrace Step 0] v0:G1[0.374,0.552,0.073] | v1:G0[0.535,0.232,0.232] | v2:G2[0.274,0.226,0.500] | v3:G2[0.077,0.312,0.611] | v4:G1[0.079,0.597,0.324]
[TopoTrace Step 0] v0:G1[0.374,0.552,0.073] | v1:G0[0.535,0.232,0.232] | v2:G2[0.274,0.226,0.500] | v3:G2[0.077,0.312,0.611] | v4:G1[0.079,0.597,0.324]
[TopoTrace Step 0] v0:G1[0.374,0.552,0.073] | v1:G0[0.535,0.232,0.232] | v2:G2[0.274,0.226,0.500] | v3:G2[0.077,0.312,0.611] | v4:G1[0.079,0.597,0.324]
[TopoTrace Step 0] v0:G1[0.374,0.552,0.073] | v1:G0[0.535,0.232,0.232] | v2:G2[0.274,0.226,0.500] | v3:G2[0.077,0.312,0.611] | v4:G1[0.079,0.597,0.324]
[TopoTrace Step 0] v0:G1[0.374,0.552,0.073] | v1:G0[0.535,0.232,0.232] | v2:G2[0.274,0.226,0.500] | v3:G2[0.077,0.312,0.611] | v4:G1[0.079,0.597,0.324]
[TopoTrace Step 0] v0:G1[0.374,0.552,0.073] | v1:G0[0.535,0.232,0.232] | v2:G2[0.274,0.226,0.500] | v3:G2[0.077,0.312,0.611] | v4:G1[0.079,0.597,0.324]
[TopoTrace Step 0] v0:G1[0.374,0.552,0.073] | v1:G0[0.535,0.232,0.232] | v2:G2[0.274,0.226,0.500] | v3:G2[0.077,0.312,0.611] | v4:G1[0.079,0.597,0.324]
[TopoTrace Step 0] v0:G1[0.374,0.552,0.073] | v1:G0[0.535,0.232,0.232] | v2:G2[0.274,0.226,0.500] | v3:G2[0.077,0.312,0.611] | v4:G1[0.079,0.597,0.324]
[TopoTrace Step 0] v0:G1[0.374,0.552,0.073] | v1:G0[0.535,0.232,0.232] | v2:G2[0.274,0.226,0.500] | v3:G2[0.077,0.312,0.611] | v4:G1[0.079,0.597,0.324]
[TopoTrace Step 0] v0:G1[0.374,0.552,0.073] | v1:G0[0.535,0.232,0.232] | v2:G2[0.274,0.226,0.500] | v3:G2[0.077,0.312,0.611] | v4:G1[0.079,0.597,0.324]
[TopoTrace Step 0] v0:G1[0.374,0.552,0.073] | v1:G0[0.535,0.232,0.232] | v2:G2[0.274,0.226,0.500] | v3:G2[0.077,0.312,0.611] | v4:G1[0.079,0.597,0.324]
[TopoTrace Step 0] v0:G1[0.374,0.552,0.073] | v1:G0[0.535,0.232,0.232] | v2:G2[0.274,0.226,0.500] | v3:G2[0.077,0.312,0.611] | v4:G1[0.079,0.597,0.324]
[TopoTrace Step 0] v0:G1[0.374,0.552,0.073] | v1:G0[0.535,0.232,0.232] | v2:G2[0.274,0.226,0.500] | v3:G2[0.077,0.312,0.611] | v4:G1[0.079,0.597,0.324]
[TopoTrace Step 0] v0:G1[0.374,0.552,0.073] | v1:G0[0.535,0.232,0.232] | v2:G2[0.274,0.226,0.500] | v3:G2[0.077,0.312,0.611] | v4:G1[0.079,0.597,0.324]
[TopoTrace Step 0] v0:G1[0.374,0.552,0.073] | v1:G0[0.535,0.232,0.232] | v2:G2[0.274,0.226,0.500] | v3:G2[0.077,0.312,0.611] | v4:G1[0.079,0.597,0.324]
[TopoTrace Step 0] v0:G1[0.374,0.552,0.073] | v1:G0[0.535,0.232,0.232] | v2:G2[0.274,0.226,0.500] | v3:G2[0.077,0.312,0.611] | v4:G1[0.079,0.597,0.324]
[TopoTrace Step 0] v0:G1[0.374,0.552,0.073] | v1:G0[0.535,0.232,0.232] | v2:G2[0.274,0.226,0.500] | v3:G2[0.077,0.312,0.611] | v4:G1[0.079,0.597,0.324]
[TopoTrace Step 0] v0:G1[0.374,0.552,0.073] | v1:G0[0.535,0.232,0.232] | v2:G2[0.274,0.226,0.500] | v3:G2[0.077,0.312,0.611] | v4:G1[0.079,0.597,0.324]
[TopoTrace Step 0] v0:G1[0.374,0.552,0.073] | v1:G0[0.536,0.232,0.232] | v2:G2[0.274,0.226,0.500] | v3:G2[0.077,0.312,0.611] | v4:G1[0.079,0.597,0.324]
[TopoTrace Step 0] v0:G1[0.374,0.552,0.073] | v1:G0[0.536,0.232,0.232] | v2:G2[0.274,0.226,0.500] | v3:G2[0.077,0.312,0.611] | v4:G1[0.079,0.597,0.324]
[TopoTrace Step 0] v0:G1[0.374,0.552,0.073] | v1:G0[0.536,0.232,0.232] | v2:G2[0.274,0.226,0.500] | v3:G2[0.077,0.312,0.611] | v4:G1[0.079,0.597,0.324]
[TopoTrace Step 0] v0:G1[0.374,0.552,0.073] | v1:G0[0.536,0.232,0.232] | v2:G2[0.274,0.226,0.500] | v3:G2[0.077,0.312,0.611] | v4:G1[0.079,0.597,0.324]
[TopoTrace Step 0] v0:G1[0.374,0.552,0.073] | v1:G0[0.536,0.232,0.232] | v2:G2[0.274,0.226,0.500] | v3:G2[0.077,0.312,0.611] | v4:G1[0.079,0.597,0.324]
[TopoTrace Step 0] v0:G1[0.374,0.552,0.073] | v1:G0[0.536,0.232,0.232] | v2:G2[0.274,0.226,0.500] | v3:G2[0.077,0.312,0.611] | v4:G1[0.079,0.597,0.324]
[TopoTrace Step 0] v0:G1[0.374,0.552,0.073] | v1:G0[0.536,0.232,0.232] | v2:G2[0.274,0.226,0.500] | v3:G2[0.077,0.312,0.611] | v4:G1[0.079,0.597,0.324]
[TopoTrace Step 0] v0:G1[0.374,0.552,0.073] | v1:G0[0.536,0.232,0.232] | v2:G2[0.274,0.226,0.500] | v3:G2[0.077,0.312,0.611] | v4:G1[0.079,0.597,0.324]
[TopoTrace Step 0] v0:G1[0.374,0.552,0.073] | v1:G0[0.536,0.232,0.232] | v2:G2[0.274,0.226,0.500] | v3:G2[0.077,0.312,0.611] | v4:G1[0.079,0.597,0.324]
[TopoTrace Step 0] v0:G1[0.374,0.552,0.073] | v1:G0[0.536,0.232,0.232] | v2:G2[0.274,0.226,0.500] | v3:G2[0.077,0.312,0.611] | v4:G1[0.079,0.597,0.324]
[TopoTrace Step 0] v0:G1[0.374,0.552,0.073] | v1:G0[0.536,0.232,0.232] | v2:G2[0.274,0.226,0.500] | v3:G2[0.077,0.312,0.611] | v4:G1[0.079,0.597,0.324]
[TopoTrace Step 0] v0:G1[0.374,0.552,0.073] | v1:G0[0.536,0.232,0.232] | v2:G2[0.274,0.226,0.500] | v3:G2[0.077,0.312,0.611] | v4:G1[0.079,0.597,0.324]
[TopoTrace Step 0] v0:G1[0.374,0.552,0.073] | v1:G0[0.536,0.232,0.232] | v2:G2[0.274,0.226,0.500] | v3:G2[0.077,0.312,0.611] | v4:G1[0.079,0.597,0.324]
[TopoTrace Step 0] v0:G1[0.374,0.552,0.073] | v1:G0[0.536,0.232,0.232] | v2:G2[0.274,0.226,0.500] | v3:G2[0.077,0.312,0.611] | v4:G1[0.079,0.597,0.324]
[TopoTrace Step 0] v0:G1[0.374,0.552,0.073] | v1:G0[0.536,0.232,0.232] | v2:G2[0.274,0.226,0.500] | v3:G2[0.077,0.312,0.611] | v4:G1[0.079,0.597,0.324]
[TopoTrace Step 0] v0:G1[0.374,0.552,0.073] | v1:G0[0.536,0.232,0.232] | v2:G2[0.274,0.226,0.500] | v3:G2[0.077,0.312,0.611] | v4:G1[0.079,0.597,0.324]
[TopoTrace Step 0] v0:G1[0.374,0.552,0.073] | v1:G0[0.536,0.232,0.232] | v2:G2[0.274,0.226,0.500] | v3:G2[0.077,0.312,0.611] | v4:G1[0.079,0.597,0.324]
[TopoTrace Step 0] v0:G1[0.374,0.552,0.073] | v1:G0[0.536,0.232,0.232] | v2:G2[0.274,0.226,0.500] | v3:G2[0.077,0.312,0.611] | v4:G1[0.079,0.597,0.324]
[TopoTrace Step 0] v0:G1[0.374,0.552,0.073] | v1:G0[0.536,0.232,0.232] | v2:G2[0.274,0.226,0.500] | v3:G2[0.077,0.312,0.611] | v4:G1[0.079,0.597,0.324]
[TopoTrace Step 0] v0:G1[0.374,0.552,0.073] | v1:G0[0.536,0.232,0.232] | v2:G2[0.274,0.226,0.500] | v3:G2[0.077,0.312,0.611] | v4:G1[0.079,0.597,0.324]
[TopoTrace Step 0] v0:G1[0.374,0.552,0.073] | v1:G0[0.536,0.232,0.232] | v2:G2[0.274,0.226,0.500] | v3:G2[0.077,0.312,0.611] | v4:G1[0.079,0.597,0.324]
[TopoTrace Step 0] v0:G1[0.374,0.552,0.073] | v1:G0[0.536,0.232,0.232] | v2:G2[0.274,0.226,0.500] | v3:G2[0.077,0.312,0.611] | v4:G1[0.079,0.597,0.324]
[TopoTrace Step 0] v0:G1[0.374,0.552,0.073] | v1:G0[0.536,0.232,0.232] | v2:G2[0.274,0.226,0.500] | v3:G2[0.077,0.312,0.611] | v4:G1[0.079,0.597,0.324]
[TopoTrace Step 0] v0:G1[0.374,0.552,0.073] | v1:G0[0.536,0.232,0.232] | v2:G2[0.274,0.226,0.500] | v3:G2[0.077,0.312,0.611] | v4:G1[0.079,0.597,0.324]
[TopoTrace Step 0] v0:G1[0.374,0.552,0.073] | v1:G0[0.536,0.232,0.232] | v2:G2[0.274,0.226,0.500] | v3:G2[0.077,0.312,0.611] | v4:G1[0.079,0.597,0.324]
[TopoTrace Step 0] v0:G1[0.374,0.552,0.073] | v1:G0[0.536,0.232,0.232] | v2:G2[0.274,0.226,0.500] | v3:G2[0.077,0.312,0.611] | v4:G1[0.079,0.597,0.324]
[TopoTrace Step 0] v0:G1[0.374,0.552,0.073] | v1:G0[0.536,0.232,0.232] | v2:G2[0.274,0.226,0.500] | v3:G2[0.077,0.312,0.611] | v4:G1[0.079,0.597,0.324]
[TopoTrace Step 0] v0:G1[0.374,0.552,0.073] | v1:G0[0.536,0.232,0.232] | v2:G2[0.274,0.226,0.500] | v3:G2[0.077,0.312,0.611] | v4:G1[0.079,0.597,0.324]
[TopoTrace Step 0] v0:G1[0.374,0.552,0.073] | v1:G0[0.536,0.232,0.232] | v2:G2[0.274,0.226,0.500] | v3:G2[0.077,0.312,0.611] | v4:G1[0.079,0.597,0.324]
[TopoTrace Step 0] v0:G1[0.374,0.552,0.073] | v1:G0[0.536,0.232,0.232] | v2:G2[0.274,0.226,0.500] | v3:G2[0.077,0.312,0.611] | v4:G1[0.079,0.597,0.324]
[TopoTrace Step 0] v0:G1[0.374,0.552,0.073] | v1:G0[0.536,0.232,0.232] | v2:G2[0.274,0.226,0.500] | v3:G2[0.077,0.312,0.611] | v4:G1[0.079,0.597,0.324]
[TopoTrace Step 0] v0:G1[0.374,0.552,0.073] | v1:G0[0.536,0.232,0.232] | v2:G2[0.274,0.226,0.500] | v3:G2[0.077,0.312,0.611] | v4:G1[0.079,0.597,0.324]
[TopoTrace Step 0] v0:G1[0.374,0.552,0.073] | v1:G0[0.536,0.232,0.232] | v2:G2[0.274,0.226,0.500] | v3:G2[0.077,0.312,0.611] | v4:G1[0.079,0.597,0.324]
[TopoTrace Step 0] v0:G1[0.374,0.552,0.073] | v1:G0[0.536,0.232,0.232] | v2:G2[0.274,0.226,0.500] | v3:G2[0.077,0.312,0.611] | v4:G1[0.079,0.597,0.324]
[TopoTrace Step 0] v0:G1[0.374,0.552,0.073] | v1:G0[0.536,0.232,0.232] | v2:G2[0.274,0.226,0.500] | v3:G2[0.077,0.312,0.611] | v4:G1[0.079,0.597,0.324]
[TopoTrace Step 0] v0:G1[0.374,0.552,0.073] | v1:G0[0.536,0.232,0.232] | v2:G2[0.274,0.226,0.500] | v3:G2[0.077,0.312,0.611] | v4:G1[0.079,0.597,0.324]
[TopoTrace Step 0] v0:G1[0.374,0.552,0.073] | v1:G0[0.536,0.232,0.232] | v2:G2[0.274,0.226,0.500] | v3:G2[0.077,0.312,0.611] | v4:G1[0.079,0.597,0.324][TopoTrace Step 0] v0:G1[0.374,0.552,0.073] | v1:G0[0.536,0.232,0.232] | v2:G2[0.274,0.226,0.500] | v3:G2[0.077,0.312,0.611] | v4:G1[0.079,0.597,0.324]

[TopoTrace Step 0] v0:G1[0.374,0.552,0.073] | v1:G0[0.536,0.232,0.232] | v2:G2[0.274,0.226,0.500] | v3:G2[0.077,0.312,0.611] | v4:G1[0.079,0.597,0.324]
[TopoTrace Step 0] v0:G1[0.374,0.552,0.073] | v1:G0[0.536,0.232,0.232] | v2:G2[0.274,0.226,0.500] | v3:G2[0.077,0.312,0.611] | v4:G1[0.079,0.597,0.324]
[TopoTrace Step 0] v0:G1[0.374,0.552,0.073] | v1:G0[0.536,0.232,0.232] | v2:G2[0.274,0.226,0.500] | v3:G2[0.077,0.312,0.611] | v4:G1[0.079,0.597,0.324]
[TopoTrace Step 0] v0:G1[0.374,0.552,0.073] | v1:G0[0.536,0.232,0.232] | v2:G2[0.274,0.226,0.500] | v3:G2[0.077,0.312,0.611] | v4:G1[0.079,0.597,0.324]
[TopoTrace Step 0] v0:G1[0.374,0.552,0.073] | v1:G0[0.536,0.232,0.232] | v2:G2[0.274,0.226,0.500] | v3:G2[0.077,0.312,0.611] | v4:G1[0.079,0.597,0.324]
[TopoTrace Step 0] v0:G1[0.374,0.552,0.073] | v1:G0[0.536,0.232,0.232] | v2:G2[0.274,0.226,0.500] | v3:G2[0.077,0.312,0.611] | v4:G1[0.079,0.597,0.324]
[TopoTrace Step 0] v0:G1[0.374,0.552,0.073] | v1:G0[0.536,0.232,0.232] | v2:G2[0.274,0.226,0.500] | v3:G2[0.077,0.312,0.611] | v4:G1[0.079,0.597,0.324]
[TopoTrace Step 0] v0:G1[0.374,0.552,0.073] | v1:G0[0.536,0.232,0.232] | v2:G2[0.274,0.226,0.500] | v3:G2[0.077,0.312,0.611] | v4:G1[0.079,0.597,0.324]
[TopoTrace Step 0] v0:G1[0.374,0.552,0.073] | v1:G0[0.536,0.232,0.232] | v2:G2[0.274,0.226,0.500] | v3:G2[0.077,0.312,0.611] | v4:G1[0.079,0.597,0.324]
[TopoTrace Step 0] v0:G1[0.374,0.552,0.073] | v1:G0[0.536,0.232,0.232] | v2:G2[0.274,0.226,0.500] | v3:G2[0.077,0.312,0.611] | v4:G1[0.079,0.597,0.324]
[TopoTrace Step 0] v0:G1[0.374,0.552,0.073] | v1:G0[0.536,0.232,0.232] | v2:G2[0.274,0.226,0.500] | v3:G2[0.077,0.312,0.611] | v4:G1[0.079,0.597,0.324]
[TopoTrace Step 0] v0:G1[0.374,0.552,0.073] | v1:G0[0.536,0.232,0.232] | v2:G2[0.274,0.226,0.500] | v3:G2[0.077,0.312,0.611] | v4:G1[0.079,0.597,0.324]
[TopoTrace Step 0] v0:G1[0.374,0.552,0.073] | v1:G0[0.536,0.232,0.232] | v2:G2[0.274,0.226,0.500] | v3:G2[0.077,0.312,0.611] | v4:G1[0.079,0.597,0.324]
[TopoTrace Step 0] v0:G1[0.374,0.552,0.073] | v1:G0[0.536,0.232,0.232] | v2:G2[0.274,0.226,0.500] | v3:G2[0.077,0.312,0.611] | v4:G1[0.079,0.597,0.324]
[TopoTrace Step 0] v0:G1[0.374,0.552,0.073] | v1:G0[0.536,0.232,0.232] | v2:G2[0.274,0.226,0.500] | v3:G2[0.077,0.312,0.611] | v4:G1[0.079,0.597,0.324]
[TopoTrace Step 0] v0:G1[0.374,0.552,0.073] | v1:G0[0.536,0.232,0.232] | v2:G2[0.274,0.226,0.500] | v3:G2[0.077,0.312,0.611] | v4:G1[0.079,0.597,0.324]
[TopoTrace Step 0] v0:G1[0.374,0.552,0.073] | v1:G0[0.536,0.232,0.232] | v2:G2[0.274,0.226,0.500] | v3:G2[0.077,0.312,0.611] | v4:G1[0.079,0.597,0.324]
[TopoTrace Step 0] v0:G1[0.374,0.552,0.073] | v1:G0[0.536,0.232,0.232] | v2:G2[0.274,0.226,0.500] | v3:G2[0.077,0.312,0.611] | v4:G1[0.079,0.597,0.324]
[TopoTrace Step 0] v0:G1[0.374,0.552,0.073] | v1:G0[0.536,0.232,0.232] | v2:G2[0.274,0.226,0.500] | v3:G2[0.077,0.312,0.611] | v4:G1[0.079,0.597,0.324]
[TopoTrace Step 0] v0:G1[0.374,0.552,0.073] | v1:G0[0.536,0.232,0.232] | v2:G2[0.274,0.226,0.500] | v3:G2[0.077,0.312,0.611] | v4:G1[0.079,0.597,0.324]
[TopoTrace Step 0] v0:G1[0.374,0.552,0.073] | v1:G0[0.536,0.232,0.232] | v2:G2[0.274,0.226,0.500] | v3:G2[0.077,0.312,0.611] | v4:G1[0.079,0.597,0.324]
[TopoTrace Step 0] v0:G1[0.374,0.552,0.073] | v1:G0[0.536,0.232,0.232] | v2:G2[0.274,0.226,0.500] | v3:G2[0.077,0.312,0.611] | v4:G1[0.079,0.597,0.324]
[TopoTrace Step 0] v0:G1[0.374,0.552,0.073] | v1:G0[0.536,0.232,0.232] | v2:G2[0.274,0.226,0.500] | v3:G2[0.077,0.312,0.611] | v4:G1[0.079,0.597,0.324]
[TopoTrace Step 0] v0:G1[0.374,0.552,0.073] | v1:G0[0.536,0.232,0.232] | v2:G2[0.274,0.226,0.500] | v3:G2[0.077,0.312,0.611] | v4:G1[0.079,0.597,0.324]
[TopoTrace Step 0] v0:G1[0.374,0.552,0.073] | v1:G0[0.536,0.232,0.232] | v2:G2[0.274,0.226,0.500] | v3:G2[0.077,0.312,0.611] | v4:G1[0.079,0.597,0.324]
[TopoTrace Step 0] v0:G1[0.374,0.552,0.073] | v1:G0[0.536,0.232,0.232] | v2:G2[0.274,0.226,0.500] | v3:G2[0.077,0.312,0.611] | v4:G1[0.079,0.597,0.324]
[TopoTrace Step 0] v0:G1[0.374,0.552,0.073] | v1:G0[0.536,0.232,0.232] | v2:G2[0.274,0.226,0.500] | v3:G2[0.077,0.312,0.611] | v4:G1[0.079,0.597,0.324]
[TopoTrace Step 0] v0:G1[0.374,0.552,0.073] | v1:G0[0.536,0.232,0.232] | v2:G2[0.274,0.226,0.500] | v3:G2[0.077,0.312,0.611] | v4:G1[0.079,0.597,0.324]
[TopoTrace Step 0] v0:G1[0.374,0.552,0.073] | v1:G0[0.536,0.232,0.232] | v2:G2[0.274,0.226,0.500] | v3:G2[0.077,0.312,0.611] | v4:G1[0.079,0.597,0.324]
[TopoTrace Step 0] v0:G1[0.374,0.552,0.073] | v1:G0[0.536,0.232,0.232] | v2:G2[0.274,0.226,0.500] | v3:G2[0.077,0.312,0.611] | v4:G1[0.079,0.597,0.324]
[TopoTrace Step 0] v0:G1[0.374,0.552,0.073] | v1:G0[0.536,0.232,0.232] | v2:G2[0.274,0.226,0.500] | v3:G2[0.077,0.312,0.611] | v4:G1[0.079,0.597,0.324]
[TopoTrace Step 0] v0:G1[0.374,0.552,0.073] | v1:G0[0.536,0.232,0.232] | v2:G2[0.274,0.226,0.500] | v3:G2[0.077,0.312,0.611] | v4:G1[0.079,0.597,0.324]
[TopoTrace Step 0] v0:G1[0.374,0.552,0.073] | v1:G0[0.536,0.232,0.232] | v2:G2[0.274,0.226,0.500] | v3:G2[0.077,0.312,0.611] | v4:G1[0.079,0.597,0.324][TopoTrace Step 0] v0:G1[0.374,0.552,0.073] | v1:G0[0.536,0.232,0.232] | v2:G2[0.274,0.226,0.500] | v3:G2[0.077,0.312,0.611] | v4:G1[0.079,0.597,0.324]

[TopoTrace Step 0] v0:G1[0.374,0.552,0.073] | v1:G0[0.536,0.232,0.232] | v2:G2[0.274,0.226,0.500] | v3:G2[0.077,0.312,0.611] | v4:G1[0.079,0.597,0.324]
[TopoTrace Step 0] v0:G1[0.374,0.552,0.073] | v1:G0[0.536,0.232,0.232] | v2:G2[0.274,0.226,0.500] | v3:G2[0.077,0.312,0.611] | v4:G1[0.079,0.597,0.324]
[TopoTrace Step 0] v0:G1[0.374,0.552,0.073] | v1:G0[0.536,0.232,0.232] | v2:G2[0.274,0.226,0.500] | v3:G2[0.077,0.312,0.611] | v4:G1[0.079,0.597,0.324]
[TopoTrace Step 0] v0:G1[0.374,0.552,0.073] | v1:G0[0.536,0.232,0.232] | v2:G2[0.274,0.226,0.500] | v3:G2[0.077,0.312,0.611] | v4:G1[0.079,0.597,0.324]
[TopoTrace Step 0] v0:G1[0.374,0.552,0.073] | v1:G0[0.536,0.232,0.232] | v2:G2[0.274,0.226,0.500] | v3:G2[0.077,0.312,0.611] | v4:G1[0.079,0.597,0.324]
[TopoTrace Step 0] v0:G1[0.374,0.552,0.073] | v1:G0[0.536,0.232,0.232] | v2:G2[0.274,0.226,0.500] | v3:G2[0.077,0.312,0.611] | v4:G1[0.079,0.597,0.324]
[TopoTrace Step 0] v0:G1[0.374,0.552,0.073] | v1:G0[0.536,0.232,0.232] | v2:G2[0.274,0.226,0.500] | v3:G2[0.077,0.312,0.611] | v4:G1[0.079,0.597,0.324]
[TopoTrace Step 0] v0:G1[0.374,0.552,0.073] | v1:G0[0.536,0.232,0.232] | v2:G2[0.274,0.226,0.500] | v3:G2[0.077,0.312,0.611] | v4:G1[0.079,0.597,0.324]
[TopoTrace Step 0] v0:G1[0.374,0.552,0.073] | v1:G0[0.536,0.232,0.232] | v2:G2[0.274,0.226,0.500] | v3:G2[0.077,0.312,0.611] | v4:G1[0.079,0.597,0.324]
[TopoTrace Step 0] v0:G1[0.374,0.552,0.073] | v1:G0[0.536,0.232,0.232] | v2:G2[0.274,0.226,0.500] | v3:G2[0.077,0.312,0.611] | v4:G1[0.079,0.597,0.324]
[TopoTrace Step 0] v0:G1[0.374,0.552,0.073] | v1:G0[0.536,0.232,0.232] | v2:G2[0.274,0.226,0.500] | v3:G2[0.077,0.312,0.611] | v4:G1[0.079,0.597,0.324]
[TopoTrace Step 0] v0:G1[0.374,0.552,0.073] | v1:G0[0.536,0.232,0.232] | v2:G2[0.274,0.226,0.500] | v3:G2[0.077,0.312,0.611] | v4:G1[0.079,0.597,0.324]
[TopoTrace Step 0] v0:G1[0.374,0.552,0.073] | v1:G0[0.536,0.232,0.232] | v2:G2[0.274,0.226,0.500] | v3:G2[0.077,0.312,0.611] | v4:G1[0.079,0.597,0.324]
[TopoTrace Step 0] v0:G1[0.374,0.552,0.073] | v1:G0[0.536,0.232,0.232] | v2:G2[0.274,0.226,0.500] | v3:G2[0.077,0.312,0.611] | v4:G1[0.079,0.597,0.324]
[TopoTrace Step 0] v0:G1[0.374,0.552,0.073] | v1:G0[0.536,0.232,0.232] | v2:G2[0.274,0.226,0.500] | v3:G2[0.077,0.312,0.611] | v4:G1[0.079,0.597,0.324]
[TopoTrace Step 0] v0:G1[0.374,0.552,0.073] | v1:G0[0.536,0.232,0.232] | v2:G2[0.274,0.226,0.500] | v3:G2[0.077,0.312,0.611] | v4:G1[0.079,0.597,0.324]
[TopoTrace Step 0] v0:G1[0.374,0.552,0.073] | v1:G0[0.536,0.232,0.232] | v2:G2[0.274,0.226,0.500] | v3:G2[0.077,0.312,0.611] | v4:G1[0.079,0.597,0.324]
[TopoTrace Step 0] v0:G1[0.374,0.552,0.073] | v1:G0[0.536,0.232,0.232] | v2:G2[0.274,0.226,0.500] | v3:G2[0.077,0.312,0.611] | v4:G1[0.079,0.597,0.324]
[TopoTrace Step 0] v0:G1[0.374,0.552,0.073] | v1:G0[0.536,0.232,0.232] | v2:G2[0.274,0.226,0.500] | v3:G2[0.077,0.312,0.611] | v4:G1[0.079,0.597,0.324]
[TopoTrace Step 0] v0:G1[0.374,0.552,0.073] | v1:G0[0.536,0.232,0.232] | v2:G2[0.274,0.226,0.500] | v3:G2[0.077,0.312,0.611] | v4:G1[0.079,0.597,0.324]
[TopoTrace Step 0] v0:G1[0.374,0.552,0.073] | v1:G0[0.536,0.232,0.232] | v2:G2[0.274,0.226,0.500] | v3:G2[0.077,0.312,0.611] | v4:G1[0.079,0.597,0.324]
[TopoTrace Step 0] v0:G1[0.374,0.552,0.073] | v1:G0[0.536,0.232,0.232] | v2:G2[0.274,0.226,0.500] | v3:G2[0.077,0.312,0.611] | v4:G1[0.079,0.597,0.324]
[TopoTrace Step 0] v0:G1[0.374,0.552,0.073] | v1:G0[0.536,0.232,0.232] | v2:G2[0.274,0.226,0.500] | v3:G2[0.077,0.312,0.611] | v4:G1[0.079,0.597,0.324]
[TopoTrace Step 0] v0:G1[0.374,0.552,0.073] | v1:G0[0.536,0.232,0.232] | v2:G2[0.274,0.226,0.500] | v3:G2[0.077,0.312,0.611] | v4:G1[0.079,0.597,0.324]
[TopoTrace Step 0] v0:G1[0.374,0.552,0.073] | v1:G0[0.536,0.232,0.232] | v2:G2[0.274,0.226,0.500] | v3:G2[0.077,0.312,0.611] | v4:G1[0.079,0.597,0.324]
[TopoTrace Step 0] v0:G1[0.374,0.552,0.073] | v1:G0[0.536,0.232,0.232] | v2:G2[0.274,0.226,0.500] | v3:G2[0.077,0.312,0.611] | v4:G1[0.079,0.597,0.324]
[TopoTrace Step 0] v0:G1[0.374,0.552,0.073] | v1:G0[0.536,0.232,0.232] | v2:G2[0.274,0.226,0.500] | v3:G2[0.077,0.312,0.611] | v4:G1[0.079,0.597,0.324]
[TopoTrace Step 0] v0:G1[0.374,0.552,0.073] | v1:G0[0.536,0.232,0.232] | v2:G2[0.274,0.226,0.500] | v3:G2[0.077,0.312,0.611] | v4:G1[0.079,0.597,0.324]
[TopoTrace Step 0] v0:G1[0.374,0.552,0.073] | v1:G0[0.536,0.232,0.232] | v2:G2[0.274,0.226,0.500] | v3:G2[0.077,0.312,0.611] | v4:G1[0.079,0.597,0.324]
[TopoTrace Step 0] v0:G1[0.374,0.552,0.073] | v1:G0[0.536,0.232,0.232] | v2:G2[0.274,0.226,0.500] | v3:G2[0.077,0.312,0.611] | v4:G1[0.079,0.597,0.324]
[TopoTrace Step 0] v0:G1[0.374,0.552,0.073] | v1:G0[0.536,0.232,0.232] | v2:G2[0.274,0.226,0.500] | v3:G2[0.077,0.312,0.611] | v4:G1[0.079,0.597,0.324]
[TopoTrace Step 0] v0:G1[0.374,0.552,0.073] | v1:G0[0.536,0.232,0.232] | v2:G2[0.274,0.226,0.500] | v3:G2[0.077,0.312,0.611] | v4:G1[0.079,0.597,0.324]
[TopoTrace Step 0] v0:G1[0.374,0.552,0.073] | v1:G0[0.536,0.232,0.232] | v2:G2[0.274,0.226,0.500] | v3:G2[0.077,0.312,0.612] | v4:G1[0.079,0.597,0.324]
[TopoTrace Step 0] v0:G1[0.374,0.552,0.073] | v1:G0[0.536,0.232,0.232] | v2:G2[0.274,0.226,0.500] | v3:G2[0.077,0.312,0.612] | v4:G1[0.079,0.597,0.324]
[TopoTrace Step 0] v0:G1[0.374,0.552,0.073] | v1:G0[0.536,0.232,0.232] | v2:G2[0.274,0.226,0.500] | v3:G2[0.077,0.312,0.612] | v4:G1[0.079,0.597,0.324]
[TopoTrace Step 0] v0:G1[0.374,0.552,0.073] | v1:G0[0.536,0.232,0.232] | v2:G2[0.274,0.226,0.500] | v3:G2[0.077,0.312,0.612] | v4:G1[0.079,0.597,0.324]
[TopoTrace Step 0] v0:G1[0.374,0.552,0.073] | v1:G0[0.536,0.232,0.232] | v2:G2[0.274,0.226,0.499] | v3:G2[0.077,0.312,0.612] | v4:G1[0.079,0.597,0.324]
[TopoTrace Step 0] v0:G1[0.374,0.552,0.073] | v1:G0[0.536,0.232,0.232] | v2:G2[0.274,0.226,0.499] | v3:G2[0.077,0.312,0.612] | v4:G1[0.079,0.597,0.324]
[TopoTrace Step 0] v0:G1[0.374,0.552,0.073] | v1:G0[0.536,0.232,0.232] | v2:G2[0.274,0.226,0.499] | v3:G2[0.077,0.312,0.612] | v4:G1[0.079,0.597,0.324]
[TopoTrace Step 0] v0:G1[0.374,0.552,0.073] | v1:G0[0.536,0.232,0.232] | v2:G2[0.274,0.226,0.499] | v3:G2[0.077,0.312,0.612] | v4:G1[0.079,0.597,0.324]
[TopoTrace Step 0] v0:G1[0.374,0.552,0.073] | v1:G0[0.536,0.232,0.232] | v2:G2[0.274,0.226,0.499] | v3:G2[0.077,0.312,0.612] | v4:G1[0.079,0.597,0.324]
[TopoTrace Step 0] v0:G1[0.374,0.552,0.073] | v1:G0[0.536,0.232,0.232] | v2:G2[0.274,0.226,0.499] | v3:G2[0.077,0.312,0.612] | v4:G1[0.079,0.597,0.324]
[TopoTrace Step 0] v0:G1[0.374,0.552,0.073] | v1:G0[0.536,0.232,0.232] | v2:G2[0.274,0.226,0.499] | v3:G2[0.077,0.312,0.612] | v4:G1[0.079,0.597,0.324]
[TopoTrace Step 0] v0:G1[0.374,0.552,0.073] | v1:G0[0.536,0.232,0.232] | v2:G2[0.274,0.226,0.499] | v3:G2[0.077,0.312,0.612] | v4:G1[0.079,0.597,0.324]
[TopoTrace Step 0] v0:G1[0.374,0.552,0.073] | v1:G0[0.536,0.232,0.232] | v2:G2[0.274,0.226,0.499] | v3:G2[0.077,0.312,0.612] | v4:G1[0.079,0.597,0.324]
[TopoTrace Step 0] v0:G1[0.374,0.552,0.073] | v1:G0[0.536,0.232,0.232] | v2:G2[0.274,0.226,0.499] | v3:G2[0.077,0.312,0.612] | v4:G1[0.079,0.597,0.324]
[TopoTrace Step 0] v0:G1[0.374,0.552,0.073] | v1:G0[0.536,0.232,0.232] | v2:G2[0.274,0.226,0.499] | v3:G2[0.077,0.312,0.612] | v4:G1[0.079,0.597,0.324]
[TopoTrace Step 0] v0:G1[0.374,0.552,0.073] | v1:G0[0.536,0.232,0.232] | v2:G2[0.274,0.226,0.499] | v3:G2[0.077,0.312,0.612] | v4:G1[0.079,0.597,0.324]
[TopoTrace Step 0] v0:G1[0.374,0.552,0.073] | v1:G0[0.536,0.232,0.232] | v2:G2[0.274,0.226,0.499] | v3:G2[0.077,0.312,0.612] | v4:G1[0.079,0.597,0.324]
[TopoTrace Step 0] v0:G1[0.374,0.552,0.073] | v1:G0[0.536,0.232,0.232] | v2:G2[0.274,0.226,0.499] | v3:G2[0.077,0.312,0.612] | v4:G1[0.079,0.597,0.324]
[TopoTrace Step 0] v0:G1[0.374,0.552,0.073] | v1:G0[0.536,0.232,0.232] | v2:G2[0.274,0.226,0.499] | v3:G2[0.077,0.311,0.612] | v4:G1[0.079,0.597,0.324]
[TopoTrace Step 0] v0:G1[0.374,0.552,0.073] | v1:G0[0.536,0.232,0.232] | v2:G2[0.274,0.226,0.499] | v3:G2[0.077,0.311,0.612] | v4:G1[0.079,0.597,0.324]
[TopoTrace Step 0] v0:G1[0.374,0.552,0.073] | v1:G0[0.536,0.232,0.232] | v2:G2[0.274,0.226,0.499] | v3:G2[0.077,0.311,0.612] | v4:G1[0.079,0.597,0.324]
[TopoTrace Step 0] v0:G1[0.374,0.552,0.073] | v1:G0[0.536,0.232,0.232] | v2:G2[0.274,0.226,0.499] | v3:G2[0.077,0.311,0.612] | v4:G1[0.079,0.597,0.324]
[TopoTrace Step 0] v0:G1[0.374,0.552,0.073] | v1:G0[0.536,0.232,0.232] | v2:G2[0.274,0.226,0.499] | v3:G2[0.077,0.311,0.612] | v4:G1[0.079,0.597,0.324]
[TopoTrace Step 0] v0:G1[0.374,0.552,0.073] | v1:G0[0.536,0.232,0.232] | v2:G2[0.274,0.226,0.499] | v3:G2[0.077,0.311,0.612] | v4:G1[0.079,0.597,0.324]
[TopoTrace Step 0] v0:G1[0.374,0.552,0.073] | v1:G0[0.536,0.232,0.232] | v2:G2[0.274,0.226,0.499] | v3:G2[0.077,0.311,0.612] | v4:G1[0.079,0.597,0.324]
[TopoTrace Step 0] v0:G1[0.374,0.552,0.073] | v1:G0[0.536,0.232,0.232] | v2:G2[0.274,0.226,0.499] | v3:G2[0.077,0.311,0.612] | v4:G1[0.079,0.597,0.324]
[TopoTrace Step 0] v0:G1[0.374,0.552,0.073] | v1:G0[0.536,0.232,0.232] | v2:G2[0.274,0.226,0.499] | v3:G2[0.077,0.311,0.612] | v4:G1[0.079,0.597,0.324]
[TopoTrace Step 0] v0:G1[0.374,0.552,0.073] | v1:G0[0.536,0.232,0.232] | v2:G2[0.274,0.226,0.499] | v3:G2[0.077,0.311,0.612] | v4:G1[0.079,0.597,0.324]
[TopoTrace Step 0] v0:G1[0.374,0.552,0.073] | v1:G0[0.536,0.232,0.232] | v2:G2[0.274,0.226,0.499] | v3:G2[0.077,0.311,0.612] | v4:G1[0.079,0.597,0.324]
[TopoTrace Step 0] v0:G1[0.374,0.552,0.073] | v1:G0[0.536,0.232,0.232] | v2:G2[0.274,0.226,0.499] | v3:G2[0.077,0.311,0.612] | v4:G1[0.079,0.597,0.324]
[TopoTrace Step 0] v0:G1[0.374,0.552,0.073] | v1:G0[0.536,0.232,0.232] | v2:G2[0.274,0.226,0.499] | v3:G2[0.077,0.311,0.612] | v4:G1[0.079,0.597,0.324]
[TopoTrace Step 0] v0:G1[0.374,0.552,0.073] | v1:G0[0.536,0.232,0.232] | v2:G2[0.274,0.226,0.499] | v3:G2[0.077,0.311,0.612] | v4:G1[0.079,0.597,0.324]
[TopoTrace Step 0] v0:G1[0.374,0.552,0.073] | v1:G0[0.536,0.232,0.232] | v2:G2[0.274,0.226,0.499] | v3:G2[0.077,0.311,0.612] | v4:G1[0.079,0.597,0.324]
[TopoTrace Step 0] v0:G1[0.374,0.552,0.073] | v1:G0[0.536,0.232,0.232] | v2:G2[0.274,0.226,0.499] | v3:G2[0.077,0.311,0.612] | v4:G1[0.079,0.597,0.324]
[TopoTrace Step 0] v0:G1[0.374,0.552,0.073] | v1:G0[0.536,0.232,0.232] | v2:G2[0.274,0.226,0.499] | v3:G2[0.077,0.311,0.612] | v4:G1[0.079,0.597,0.324]
[TopoTrace Step 0] v0:G1[0.374,0.552,0.073] | v1:G0[0.536,0.232,0.232] | v2:G2[0.274,0.226,0.499] | v3:G2[0.077,0.311,0.612] | v4:G1[0.079,0.597,0.324]
[TopoTrace Step 0] v0:G1[0.374,0.552,0.073] | v1:G0[0.536,0.232,0.232] | v2:G2[0.274,0.226,0.499] | v3:G2[0.077,0.311,0.612] | v4:G1[0.079,0.597,0.324]
[TopoTrace Step 0] v0:G1[0.374,0.552,0.073] | v1:G0[0.536,0.232,0.232] | v2:G2[0.274,0.226,0.499] | v3:G2[0.077,0.311,0.612] | v4:G1[0.079,0.597,0.324]
[TopoTrace Step 0] v0:G1[0.374,0.552,0.073] | v1:G0[0.536,0.232,0.232] | v2:G2[0.274,0.226,0.499] | v3:G2[0.077,0.311,0.612] | v4:G1[0.079,0.598,0.324]
[TopoTrace Step 0] v0:G1[0.374,0.552,0.073] | v1:G0[0.536,0.232,0.232] | v2:G2[0.274,0.226,0.499] | v3:G2[0.077,0.311,0.612] | v4:G1[0.079,0.598,0.324]
[TopoTrace Step 0] v0:G1[0.374,0.552,0.073] | v1:G0[0.536,0.232,0.232] | v2:G2[0.274,0.226,0.499] | v3:G2[0.077,0.311,0.612] | v4:G1[0.079,0.598,0.324]
[TopoTrace Step 0] v0:G1[0.374,0.552,0.073] | v1:G0[0.536,0.232,0.232] | v2:G2[0.274,0.226,0.499] | v3:G2[0.077,0.311,0.612] | v4:G1[0.079,0.598,0.324]
[TopoTrace Step 0] v0:G1[0.374,0.552,0.073] | v1:G0[0.536,0.232,0.232] | v2:G2[0.274,0.226,0.499] | v3:G2[0.077,0.311,0.612] | v4:G1[0.079,0.598,0.324]
[TopoTrace Step 0] v0:G1[0.374,0.552,0.073] | v1:G0[0.536,0.232,0.232] | v2:G2[0.274,0.226,0.499] | v3:G2[0.077,0.311,0.612] | v4:G1[0.079,0.598,0.324]
[TopoTrace Step 0] v0:G1[0.374,0.552,0.073] | v1:G0[0.536,0.232,0.232] | v2:G2[0.274,0.226,0.499] | v3:G2[0.077,0.311,0.612] | v4:G1[0.079,0.598,0.324]
[TopoTrace Step 0] v0:G1[0.374,0.552,0.073] | v1:G0[0.536,0.232,0.232] | v2:G2[0.274,0.226,0.499] | v3:G2[0.077,0.311,0.612] | v4:G1[0.079,0.598,0.324]
	iters: 200, epoch: 3 | loss: 0.5388858
	speed: 0.2387s/iter; left time: 513.8436s
[TopoTrace Step 0] v0:G1[0.374,0.552,0.073] | v1:G0[0.536,0.232,0.232] | v2:G2[0.274,0.226,0.499] | v3:G2[0.077,0.311,0.612] | v4:G1[0.079,0.598,0.324]
[TopoTrace Step 0] v0:G1[0.374,0.552,0.073] | v1:G0[0.536,0.232,0.232] | v2:G2[0.274,0.226,0.499] | v3:G2[0.077,0.311,0.612] | v4:G1[0.079,0.598,0.324]
[TopoTrace Step 0] v0:G1[0.374,0.552,0.073] | v1:G0[0.536,0.232,0.232] | v2:G2[0.274,0.226,0.499] | v3:G2[0.077,0.311,0.612] | v4:G1[0.079,0.598,0.324]
[TopoTrace Step 0] v0:G1[0.374,0.552,0.073] | v1:G0[0.536,0.232,0.232] | v2:G2[0.274,0.226,0.499] | v3:G2[0.077,0.311,0.612] | v4:G1[0.079,0.598,0.324]
[TopoTrace Step 0] v0:G1[0.374,0.552,0.073] | v1:G0[0.536,0.232,0.232] | v2:G2[0.274,0.226,0.499] | v3:G2[0.077,0.311,0.612] | v4:G1[0.079,0.598,0.324]
[TopoTrace Step 0] v0:G1[0.374,0.552,0.073] | v1:G0[0.536,0.232,0.232] | v2:G2[0.274,0.226,0.499] | v3:G2[0.077,0.311,0.612] | v4:G1[0.079,0.598,0.324]
[TopoTrace Step 0] v0:G1[0.374,0.552,0.073] | v1:G0[0.536,0.232,0.232] | v2:G2[0.274,0.226,0.499] | v3:G2[0.077,0.311,0.612] | v4:G1[0.079,0.598,0.324]
[TopoTrace Step 0] v0:G1[0.374,0.552,0.073] | v1:G0[0.536,0.232,0.232] | v2:G2[0.274,0.226,0.499] | v3:G2[0.077,0.311,0.612] | v4:G1[0.079,0.598,0.324]
[TopoTrace Step 0] v0:G1[0.374,0.553,0.073] | v1:G0[0.536,0.232,0.232] | v2:G2[0.274,0.226,0.499] | v3:G2[0.077,0.311,0.612] | v4:G1[0.079,0.598,0.324]
[TopoTrace Step 0] v0:G1[0.374,0.553,0.073] | v1:G0[0.536,0.232,0.232] | v2:G2[0.274,0.226,0.499] | v3:G2[0.077,0.311,0.612] | v4:G1[0.079,0.598,0.324]
[TopoTrace Step 0] v0:G1[0.374,0.553,0.073] | v1:G0[0.536,0.232,0.232] | v2:G2[0.274,0.226,0.499] | v3:G2[0.077,0.311,0.612] | v4:G1[0.079,0.598,0.324]
[TopoTrace Step 0] v0:G1[0.374,0.553,0.073] | v1:G0[0.536,0.232,0.232] | v2:G2[0.274,0.226,0.499] | v3:G2[0.077,0.311,0.612] | v4:G1[0.079,0.598,0.324]
[TopoTrace Step 0] v0:G1[0.374,0.553,0.073] | v1:G0[0.536,0.232,0.232] | v2:G2[0.274,0.226,0.499] | v3:G2[0.077,0.311,0.612] | v4:G1[0.079,0.598,0.324]
[TopoTrace Step 0] v0:G1[0.374,0.553,0.073] | v1:G0[0.536,0.232,0.232] | v2:G2[0.274,0.226,0.499] | v3:G2[0.077,0.311,0.612] | v4:G1[0.079,0.598,0.324]
[TopoTrace Step 0] v0:G1[0.374,0.553,0.073] | v1:G0[0.536,0.232,0.232] | v2:G2[0.274,0.226,0.499] | v3:G2[0.077,0.311,0.612] | v4:G1[0.079,0.598,0.324]
[TopoTrace Step 0] v0:G1[0.374,0.553,0.073] | v1:G0[0.536,0.232,0.232] | v2:G2[0.274,0.226,0.499] | v3:G2[0.077,0.311,0.612] | v4:G1[0.079,0.598,0.324]
[TopoTrace Step 0] v0:G1[0.374,0.553,0.073] | v1:G0[0.536,0.232,0.232] | v2:G2[0.274,0.226,0.499] | v3:G2[0.077,0.311,0.612] | v4:G1[0.079,0.598,0.324]
[TopoTrace Step 0] v0:G1[0.374,0.553,0.073] | v1:G0[0.536,0.232,0.232] | v2:G2[0.274,0.226,0.499] | v3:G2[0.077,0.311,0.612] | v4:G1[0.079,0.598,0.324]
[TopoTrace Step 0] v0:G1[0.374,0.553,0.073] | v1:G0[0.536,0.232,0.232] | v2:G2[0.274,0.226,0.499] | v3:G2[0.077,0.311,0.612] | v4:G1[0.079,0.598,0.324]
[TopoTrace Step 0] v0:G1[0.374,0.553,0.073] | v1:G0[0.536,0.232,0.232] | v2:G2[0.274,0.226,0.499] | v3:G2[0.077,0.311,0.612] | v4:G1[0.079,0.598,0.324]
[TopoTrace Step 0] v0:G1[0.374,0.552,0.073] | v1:G0[0.536,0.232,0.232] | v2:G2[0.274,0.226,0.499] | v3:G2[0.077,0.311,0.612] | v4:G1[0.079,0.598,0.324]
[TopoTrace Step 0] v0:G1[0.374,0.552,0.073] | v1:G0[0.536,0.232,0.232] | v2:G2[0.274,0.226,0.499] | v3:G2[0.077,0.311,0.612] | v4:G1[0.079,0.598,0.324]
[TopoTrace Step 0] v0:G1[0.374,0.552,0.073] | v1:G0[0.536,0.232,0.232] | v2:G2[0.274,0.226,0.499] | v3:G2[0.077,0.311,0.612] | v4:G1[0.079,0.598,0.324]
[TopoTrace Step 0] v0:G1[0.374,0.552,0.073] | v1:G0[0.536,0.232,0.232] | v2:G2[0.274,0.226,0.499] | v3:G2[0.077,0.311,0.612] | v4:G1[0.079,0.598,0.324]
[TopoTrace Step 0] v0:G1[0.374,0.553,0.073] | v1:G0[0.536,0.232,0.232] | v2:G2[0.274,0.226,0.499] | v3:G2[0.077,0.311,0.612] | v4:G1[0.079,0.598,0.324]
[TopoTrace Step 0] v0:G1[0.374,0.553,0.073] | v1:G0[0.536,0.232,0.232] | v2:G2[0.274,0.226,0.499] | v3:G2[0.077,0.311,0.612] | v4:G1[0.079,0.598,0.324]
[TopoTrace Step 0] v0:G1[0.374,0.552,0.073] | v1:G0[0.536,0.232,0.232] | v2:G2[0.274,0.226,0.499] | v3:G2[0.077,0.311,0.612] | v4:G1[0.079,0.598,0.324]
[TopoTrace Step 0] v0:G1[0.374,0.552,0.073] | v1:G0[0.536,0.232,0.232] | v2:G2[0.274,0.226,0.499] | v3:G2[0.077,0.311,0.612] | v4:G1[0.079,0.598,0.324]
[TopoTrace Step 0] v0:G1[0.374,0.552,0.073] | v1:G0[0.536,0.232,0.232] | v2:G2[0.274,0.226,0.499] | v3:G2[0.077,0.311,0.612] | v4:G1[0.079,0.598,0.324]
[TopoTrace Step 0] v0:G1[0.374,0.552,0.073] | v1:G0[0.536,0.232,0.232] | v2:G2[0.274,0.226,0.499] | v3:G2[0.077,0.311,0.612] | v4:G1[0.079,0.598,0.324]
[TopoTrace Step 0] v0:G1[0.374,0.552,0.073] | v1:G0[0.536,0.232,0.232] | v2:G2[0.274,0.226,0.499] | v3:G2[0.077,0.311,0.612] | v4:G1[0.079,0.598,0.324]
[TopoTrace Step 0] v0:G1[0.374,0.552,0.073] | v1:G0[0.536,0.232,0.232] | v2:G2[0.274,0.226,0.499] | v3:G2[0.077,0.311,0.612] | v4:G1[0.079,0.598,0.324]
[TopoTrace Step 0] v0:G1[0.374,0.552,0.073] | v1:G0[0.536,0.232,0.232] | v2:G2[0.274,0.226,0.499] | v3:G2[0.077,0.311,0.612] | v4:G1[0.079,0.598,0.324]
[TopoTrace Step 0] v0:G1[0.374,0.552,0.073] | v1:G0[0.536,0.232,0.232] | v2:G2[0.274,0.226,0.499] | v3:G2[0.077,0.311,0.612] | v4:G1[0.079,0.598,0.324]
[TopoTrace Step 0] v0:G1[0.374,0.552,0.073] | v1:G0[0.536,0.232,0.232] | v2:G2[0.274,0.226,0.499] | v3:G2[0.077,0.311,0.612] | v4:G1[0.079,0.598,0.324]
[TopoTrace Step 0] v0:G1[0.374,0.552,0.073] | v1:G0[0.536,0.232,0.232] | v2:G2[0.274,0.226,0.499] | v3:G2[0.077,0.311,0.612] | v4:G1[0.079,0.598,0.324]
[TopoTrace Step 0] v0:G1[0.374,0.553,0.073] | v1:G0[0.536,0.232,0.232] | v2:G2[0.274,0.226,0.499] | v3:G2[0.077,0.311,0.612] | v4:G1[0.079,0.598,0.324]
[TopoTrace Step 0] v0:G1[0.374,0.553,0.073] | v1:G0[0.536,0.232,0.232] | v2:G2[0.274,0.226,0.499] | v3:G2[0.077,0.311,0.612] | v4:G1[0.079,0.598,0.324]
[TopoTrace Step 0] v0:G1[0.374,0.553,0.073] | v1:G0[0.536,0.232,0.232] | v2:G2[0.274,0.226,0.499] | v3:G2[0.077,0.311,0.612] | v4:G1[0.079,0.598,0.324]
[TopoTrace Step 0] v0:G1[0.374,0.553,0.073] | v1:G0[0.536,0.232,0.232] | v2:G2[0.274,0.226,0.499] | v3:G2[0.077,0.311,0.612] | v4:G1[0.079,0.598,0.324]
[TopoTrace Step 0] v0:G1[0.374,0.553,0.073] | v1:G0[0.536,0.232,0.232] | v2:G2[0.274,0.226,0.499] | v3:G2[0.077,0.311,0.612] | v4:G1[0.079,0.598,0.324]
[TopoTrace Step 0] v0:G1[0.374,0.553,0.073] | v1:G0[0.536,0.232,0.232] | v2:G2[0.274,0.226,0.499] | v3:G2[0.077,0.311,0.612] | v4:G1[0.079,0.598,0.324]
[TopoTrace Step 0] v0:G1[0.374,0.553,0.073] | v1:G0[0.536,0.232,0.232] | v2:G2[0.274,0.226,0.499] | v3:G2[0.077,0.311,0.612] | v4:G1[0.079,0.598,0.324]
[TopoTrace Step 0] v0:G1[0.374,0.553,0.073] | v1:G0[0.536,0.232,0.232] | v2:G2[0.274,0.226,0.499] | v3:G2[0.077,0.311,0.612] | v4:G1[0.079,0.598,0.324]
[TopoTrace Step 0] v0:G1[0.374,0.552,0.073] | v1:G0[0.537,0.232,0.232] | v2:G2[0.274,0.226,0.499] | v3:G2[0.077,0.311,0.612] | v4:G1[0.079,0.598,0.324]
[TopoTrace Step 0] v0:G1[0.374,0.552,0.073] | v1:G0[0.537,0.232,0.232] | v2:G2[0.274,0.226,0.499] | v3:G2[0.077,0.311,0.612] | v4:G1[0.079,0.598,0.324]
[TopoTrace Step 0] v0:G1[0.374,0.552,0.073] | v1:G0[0.537,0.232,0.232] | v2:G2[0.274,0.226,0.499] | v3:G2[0.077,0.311,0.612] | v4:G1[0.079,0.598,0.324]
[TopoTrace Step 0] v0:G1[0.374,0.552,0.073] | v1:G0[0.537,0.232,0.232] | v2:G2[0.274,0.226,0.499] | v3:G2[0.077,0.311,0.612] | v4:G1[0.079,0.598,0.324]
[TopoTrace Step 0] v0:G1[0.374,0.552,0.073] | v1:G0[0.537,0.232,0.232] | v2:G2[0.274,0.226,0.499] | v3:G2[0.077,0.311,0.612] | v4:G1[0.079,0.598,0.324]
[TopoTrace Step 0] v0:G1[0.374,0.552,0.073] | v1:G0[0.537,0.232,0.232] | v2:G2[0.274,0.226,0.499] | v3:G2[0.077,0.311,0.612] | v4:G1[0.079,0.598,0.324]
[TopoTrace Step 0] v0:G1[0.374,0.552,0.073] | v1:G0[0.537,0.232,0.232] | v2:G2[0.274,0.226,0.499] | v3:G2[0.077,0.311,0.612] | v4:G1[0.079,0.598,0.324]
[TopoTrace Step 0] v0:G1[0.374,0.552,0.073] | v1:G0[0.537,0.232,0.232] | v2:G2[0.274,0.226,0.499] | v3:G2[0.077,0.311,0.612] | v4:G1[0.079,0.598,0.324]
[TopoTrace Step 0] v0:G1[0.374,0.552,0.073] | v1:G0[0.537,0.232,0.232] | v2:G2[0.274,0.226,0.499] | v3:G2[0.077,0.311,0.612] | v4:G1[0.079,0.598,0.324]
[TopoTrace Step 0] v0:G1[0.374,0.552,0.073] | v1:G0[0.537,0.232,0.232] | v2:G2[0.274,0.226,0.499] | v3:G2[0.077,0.311,0.612] | v4:G1[0.079,0.598,0.324]
[TopoTrace Step 0] v0:G1[0.374,0.552,0.073] | v1:G0[0.537,0.232,0.232] | v2:G2[0.274,0.226,0.499] | v3:G2[0.077,0.311,0.612] | v4:G1[0.079,0.598,0.324]
[TopoTrace Step 0] v0:G1[0.374,0.552,0.073] | v1:G0[0.537,0.232,0.232] | v2:G2[0.274,0.226,0.499] | v3:G2[0.077,0.311,0.612] | v4:G1[0.079,0.598,0.324]
[TopoTrace Step 0] v0:G1[0.374,0.552,0.073] | v1:G0[0.537,0.232,0.232] | v2:G2[0.274,0.226,0.499] | v3:G2[0.077,0.311,0.612] | v4:G1[0.079,0.598,0.324]
[TopoTrace Step 0] v0:G1[0.374,0.552,0.073] | v1:G0[0.537,0.232,0.232] | v2:G2[0.274,0.226,0.499] | v3:G2[0.077,0.311,0.612] | v4:G1[0.079,0.598,0.324]
[TopoTrace Step 0] v0:G1[0.374,0.552,0.073] | v1:G0[0.537,0.232,0.232] | v2:G2[0.274,0.226,0.499] | v3:G2[0.077,0.311,0.612] | v4:G1[0.079,0.598,0.324]
[TopoTrace Step 0] v0:G1[0.374,0.552,0.073] | v1:G0[0.537,0.232,0.232] | v2:G2[0.274,0.226,0.499] | v3:G2[0.077,0.311,0.612] | v4:G1[0.079,0.598,0.324]
[TopoTrace Step 0] v0:G1[0.374,0.552,0.073] | v1:G0[0.537,0.232,0.232] | v2:G2[0.274,0.226,0.499] | v3:G2[0.077,0.311,0.612] | v4:G1[0.079,0.598,0.324]
[TopoTrace Step 0] v0:G1[0.374,0.552,0.073] | v1:G0[0.537,0.232,0.232] | v2:G2[0.274,0.226,0.499] | v3:G2[0.077,0.311,0.612] | v4:G1[0.079,0.598,0.324]
[TopoTrace Step 0] v0:G1[0.374,0.552,0.073] | v1:G0[0.537,0.232,0.232] | v2:G2[0.274,0.226,0.499] | v3:G2[0.077,0.311,0.612] | v4:G1[0.079,0.598,0.324]
[TopoTrace Step 0] v0:G1[0.374,0.552,0.073] | v1:G0[0.537,0.232,0.232] | v2:G2[0.274,0.226,0.499] | v3:G2[0.077,0.311,0.612] | v4:G1[0.079,0.598,0.324]
[TopoTrace Step 0] v0:G1[0.374,0.552,0.073] | v1:G0[0.537,0.232,0.232] | v2:G2[0.274,0.226,0.499] | v3:G2[0.077,0.311,0.612] | v4:G1[0.079,0.598,0.324]
[TopoTrace Step 0] v0:G1[0.374,0.552,0.073] | v1:G0[0.537,0.232,0.232] | v2:G2[0.274,0.226,0.499] | v3:G2[0.077,0.311,0.612] | v4:G1[0.079,0.598,0.324]
[TopoTrace Step 0] v0:G1[0.374,0.552,0.073] | v1:G0[0.537,0.232,0.232] | v2:G2[0.274,0.226,0.499] | v3:G2[0.077,0.311,0.612] | v4:G1[0.079,0.598,0.324]
[TopoTrace Step 0] v0:G1[0.374,0.552,0.073] | v1:G0[0.537,0.232,0.232] | v2:G2[0.274,0.226,0.499] | v3:G2[0.077,0.311,0.612] | v4:G1[0.079,0.598,0.324]
[TopoTrace Step 0] v0:G1[0.374,0.552,0.073] | v1:G0[0.537,0.232,0.232] | v2:G2[0.274,0.226,0.499] | v3:G2[0.077,0.311,0.612] | v4:G1[0.079,0.598,0.324]
[TopoTrace Step 0] v0:G1[0.374,0.552,0.073] | v1:G0[0.537,0.232,0.232] | v2:G2[0.274,0.226,0.499] | v3:G2[0.077,0.311,0.612] | v4:G1[0.079,0.598,0.324]
[TopoTrace Step 0] v0:G1[0.374,0.552,0.073] | v1:G0[0.537,0.232,0.232] | v2:G2[0.274,0.226,0.499] | v3:G2[0.077,0.311,0.613] | v4:G1[0.079,0.598,0.324]
[TopoTrace Step 0] v0:G1[0.374,0.552,0.073] | v1:G0[0.537,0.232,0.232] | v2:G2[0.274,0.226,0.499] | v3:G2[0.077,0.311,0.613] | v4:G1[0.079,0.598,0.324]
[TopoTrace Step 0] v0:G1[0.374,0.552,0.073] | v1:G0[0.537,0.232,0.232] | v2:G2[0.274,0.226,0.499] | v3:G2[0.077,0.311,0.613] | v4:G1[0.079,0.598,0.324]
[TopoTrace Step 0] v0:G1[0.374,0.552,0.073] | v1:G0[0.537,0.232,0.232] | v2:G2[0.274,0.226,0.499] | v3:G2[0.077,0.311,0.613] | v4:G1[0.079,0.598,0.324]
[TopoTrace Step 0] v0:G1[0.374,0.552,0.073] | v1:G0[0.537,0.232,0.232] | v2:G2[0.274,0.226,0.499] | v3:G2[0.077,0.311,0.613] | v4:G1[0.079,0.598,0.324]
[TopoTrace Step 0] v0:G1[0.374,0.552,0.073] | v1:G0[0.537,0.232,0.232] | v2:G2[0.274,0.226,0.499] | v3:G2[0.077,0.311,0.613] | v4:G1[0.079,0.598,0.324]
[TopoTrace Step 0] v0:G1[0.374,0.552,0.073] | v1:G0[0.537,0.232,0.232] | v2:G2[0.274,0.226,0.499] | v3:G2[0.077,0.311,0.613] | v4:G1[0.079,0.598,0.324]
[TopoTrace Step 0] v0:G1[0.374,0.552,0.073] | v1:G0[0.537,0.232,0.232] | v2:G2[0.274,0.226,0.499] | v3:G2[0.077,0.311,0.613] | v4:G1[0.079,0.598,0.324]
[TopoTrace Step 0] v0:G1[0.374,0.552,0.073] | v1:G0[0.537,0.232,0.232] | v2:G2[0.274,0.226,0.499] | v3:G2[0.077,0.311,0.613] | v4:G1[0.079,0.598,0.324]
[TopoTrace Step 0] v0:G1[0.374,0.552,0.073] | v1:G0[0.537,0.232,0.232] | v2:G2[0.274,0.226,0.499] | v3:G2[0.077,0.311,0.613] | v4:G1[0.079,0.598,0.324]
[TopoTrace Step 0] v0:G1[0.374,0.552,0.073] | v1:G0[0.537,0.232,0.232] | v2:G2[0.274,0.226,0.499] | v3:G2[0.077,0.311,0.613] | v4:G1[0.079,0.598,0.324]
[TopoTrace Step 0] v0:G1[0.374,0.552,0.073] | v1:G0[0.537,0.232,0.232] | v2:G2[0.274,0.226,0.499] | v3:G2[0.077,0.311,0.613] | v4:G1[0.079,0.598,0.324]
[TopoTrace Step 0] v0:G1[0.374,0.552,0.073] | v1:G0[0.537,0.232,0.232] | v2:G2[0.274,0.226,0.499] | v3:G2[0.077,0.311,0.613] | v4:G1[0.079,0.598,0.324]
[TopoTrace Step 0] v0:G1[0.374,0.552,0.073] | v1:G0[0.537,0.232,0.232] | v2:G2[0.274,0.226,0.499] | v3:G2[0.077,0.311,0.613] | v4:G1[0.079,0.598,0.324]
[TopoTrace Step 0] v0:G1[0.374,0.552,0.073] | v1:G0[0.537,0.232,0.232] | v2:G2[0.274,0.226,0.499] | v3:G2[0.077,0.311,0.613] | v4:G1[0.079,0.598,0.324]
[TopoTrace Step 0] v0:G1[0.374,0.552,0.073] | v1:G0[0.537,0.232,0.232] | v2:G2[0.274,0.226,0.499] | v3:G2[0.077,0.311,0.613] | v4:G1[0.079,0.598,0.324]
[TopoTrace Step 0] v0:G1[0.374,0.552,0.073] | v1:G0[0.537,0.232,0.232] | v2:G2[0.274,0.226,0.499] | v3:G2[0.077,0.311,0.613] | v4:G1[0.079,0.598,0.324]
[TopoTrace Step 0] v0:G1[0.374,0.552,0.073] | v1:G0[0.537,0.232,0.232] | v2:G2[0.274,0.226,0.499] | v3:G2[0.077,0.311,0.613] | v4:G1[0.079,0.598,0.324]
[TopoTrace Step 0] v0:G1[0.374,0.552,0.073] | v1:G0[0.537,0.232,0.232] | v2:G2[0.274,0.226,0.499] | v3:G2[0.077,0.311,0.613] | v4:G1[0.079,0.598,0.324]
[TopoTrace Step 0] v0:G1[0.374,0.552,0.073] | v1:G0[0.537,0.232,0.232] | v2:G2[0.274,0.226,0.499] | v3:G2[0.077,0.311,0.613] | v4:G1[0.079,0.598,0.324]
[TopoTrace Step 0] v0:G1[0.374,0.552,0.073] | v1:G0[0.537,0.232,0.232] | v2:G2[0.274,0.226,0.499] | v3:G2[0.077,0.311,0.613] | v4:G1[0.079,0.598,0.324]
[TopoTrace Step 0] v0:G1[0.374,0.552,0.073] | v1:G0[0.537,0.232,0.232] | v2:G2[0.274,0.226,0.499] | v3:G2[0.077,0.311,0.613] | v4:G1[0.079,0.598,0.324]
[TopoTrace Step 0] v0:G1[0.374,0.552,0.073] | v1:G0[0.537,0.232,0.232] | v2:G2[0.274,0.226,0.499] | v3:G2[0.077,0.311,0.613] | v4:G1[0.079,0.598,0.324]
[TopoTrace Step 0] v0:G1[0.374,0.552,0.073] | v1:G0[0.537,0.232,0.232] | v2:G2[0.274,0.226,0.499] | v3:G2[0.077,0.311,0.613] | v4:G1[0.079,0.598,0.324]
[TopoTrace Step 0] v0:G1[0.374,0.552,0.073] | v1:G0[0.537,0.232,0.231] | v2:G2[0.275,0.226,0.499] | v3:G2[0.077,0.311,0.613] | v4:G1[0.079,0.598,0.324]
[TopoTrace Step 0] v0:G1[0.374,0.552,0.073] | v1:G0[0.537,0.232,0.231] | v2:G2[0.275,0.226,0.499] | v3:G2[0.077,0.311,0.613] | v4:G1[0.079,0.598,0.324]
[TopoTrace Step 0] v0:G1[0.374,0.552,0.073] | v1:G0[0.537,0.232,0.231] | v2:G2[0.275,0.226,0.499] | v3:G2[0.077,0.311,0.613] | v4:G1[0.079,0.598,0.324]
[TopoTrace Step 0] v0:G1[0.374,0.552,0.073] | v1:G0[0.537,0.232,0.231] | v2:G2[0.275,0.226,0.499] | v3:G2[0.077,0.311,0.613] | v4:G1[0.079,0.598,0.324]
[TopoTrace Step 0] v0:G1[0.374,0.552,0.073] | v1:G0[0.537,0.232,0.231] | v2:G2[0.275,0.226,0.499] | v3:G2[0.077,0.311,0.613] | v4:G1[0.079,0.598,0.324]
[TopoTrace Step 0] v0:G1[0.374,0.552,0.073] | v1:G0[0.537,0.232,0.231] | v2:G2[0.275,0.226,0.499] | v3:G2[0.077,0.311,0.613] | v4:G1[0.079,0.598,0.324]
[TopoTrace Step 0] v0:G1[0.374,0.552,0.073] | v1:G0[0.537,0.232,0.231] | v2:G2[0.275,0.226,0.499] | v3:G2[0.077,0.311,0.613] | v4:G1[0.079,0.598,0.324]
[TopoTrace Step 0] v0:G1[0.374,0.552,0.073] | v1:G0[0.537,0.232,0.231] | v2:G2[0.275,0.226,0.499] | v3:G2[0.077,0.311,0.613] | v4:G1[0.079,0.598,0.324]
[TopoTrace Step 0] v0:G1[0.374,0.552,0.073] | v1:G0[0.537,0.232,0.231] | v2:G2[0.275,0.226,0.499] | v3:G2[0.077,0.311,0.613] | v4:G1[0.079,0.598,0.324]
[TopoTrace Step 0] v0:G1[0.374,0.552,0.073] | v1:G0[0.537,0.232,0.231] | v2:G2[0.275,0.226,0.499] | v3:G2[0.077,0.311,0.613] | v4:G1[0.079,0.598,0.324]
[TopoTrace Step 0] v0:G1[0.374,0.552,0.073] | v1:G0[0.537,0.232,0.231] | v2:G2[0.275,0.226,0.499] | v3:G2[0.077,0.311,0.613] | v4:G1[0.079,0.598,0.323]
[TopoTrace Step 0] v0:G1[0.374,0.552,0.073] | v1:G0[0.537,0.232,0.231] | v2:G2[0.275,0.226,0.499] | v3:G2[0.077,0.311,0.613] | v4:G1[0.079,0.598,0.323]
[TopoTrace Step 0] v0:G1[0.374,0.552,0.073] | v1:G0[0.537,0.232,0.231] | v2:G2[0.275,0.226,0.499] | v3:G2[0.077,0.311,0.613] | v4:G1[0.079,0.598,0.323]
[TopoTrace Step 0] v0:G1[0.374,0.552,0.073] | v1:G0[0.537,0.232,0.231] | v2:G2[0.275,0.226,0.499] | v3:G2[0.077,0.311,0.613] | v4:G1[0.079,0.598,0.323]
[TopoTrace Step 0] v0:G1[0.374,0.552,0.073] | v1:G0[0.537,0.232,0.231] | v2:G2[0.275,0.226,0.499] | v3:G2[0.077,0.311,0.613] | v4:G1[0.079,0.598,0.323]
[TopoTrace Step 0] v0:G1[0.374,0.552,0.073] | v1:G0[0.537,0.232,0.231] | v2:G2[0.275,0.226,0.499] | v3:G2[0.077,0.311,0.613] | v4:G1[0.079,0.598,0.323]
[TopoTrace Step 0] v0:G1[0.374,0.552,0.073] | v1:G0[0.537,0.232,0.231] | v2:G2[0.275,0.226,0.499] | v3:G2[0.077,0.311,0.613] | v4:G1[0.079,0.598,0.323]
[TopoTrace Step 0] v0:G1[0.374,0.552,0.073] | v1:G0[0.537,0.232,0.231] | v2:G2[0.275,0.226,0.499] | v3:G2[0.077,0.311,0.613] | v4:G1[0.079,0.598,0.323]
[TopoTrace Step 0] v0:G1[0.374,0.552,0.073] | v1:G0[0.537,0.232,0.231] | v2:G2[0.275,0.226,0.499] | v3:G2[0.077,0.311,0.613] | v4:G1[0.079,0.598,0.323]
[TopoTrace Step 0] v0:G1[0.374,0.552,0.073] | v1:G0[0.537,0.232,0.231] | v2:G2[0.275,0.226,0.499] | v3:G2[0.077,0.311,0.613] | v4:G1[0.079,0.598,0.323]
[TopoTrace Step 0] v0:G1[0.374,0.552,0.073] | v1:G0[0.537,0.232,0.231] | v2:G2[0.275,0.226,0.499] | v3:G2[0.077,0.311,0.613] | v4:G1[0.079,0.598,0.323]
[TopoTrace Step 0] v0:G1[0.374,0.552,0.073] | v1:G0[0.537,0.232,0.231] | v2:G2[0.275,0.226,0.499] | v3:G2[0.077,0.311,0.613] | v4:G1[0.079,0.598,0.323]
[TopoTrace Step 0] v0:G1[0.374,0.552,0.073] | v1:G0[0.537,0.232,0.231] | v2:G2[0.275,0.226,0.499] | v3:G2[0.077,0.311,0.613] | v4:G1[0.079,0.598,0.323]
[TopoTrace Step 0] v0:G1[0.374,0.552,0.073] | v1:G0[0.537,0.232,0.231] | v2:G2[0.275,0.226,0.499] | v3:G2[0.077,0.311,0.613] | v4:G1[0.079,0.598,0.323]
[TopoTrace Step 0] v0:G1[0.374,0.552,0.073] | v1:G0[0.537,0.232,0.231] | v2:G2[0.275,0.226,0.499] | v3:G2[0.077,0.311,0.613] | v4:G1[0.079,0.598,0.323]
[TopoTrace Step 0] v0:G1[0.374,0.552,0.073] | v1:G0[0.537,0.232,0.231] | v2:G2[0.275,0.226,0.499] | v3:G2[0.077,0.311,0.613] | v4:G1[0.079,0.598,0.323]
[TopoTrace Step 0] v0:G1[0.374,0.552,0.073] | v1:G0[0.537,0.232,0.231] | v2:G2[0.275,0.226,0.499] | v3:G2[0.077,0.311,0.613] | v4:G1[0.079,0.598,0.323]
[TopoTrace Step 0] v0:G1[0.374,0.552,0.073] | v1:G0[0.537,0.232,0.231] | v2:G2[0.275,0.226,0.499] | v3:G2[0.077,0.311,0.613] | v4:G1[0.079,0.598,0.323]
[TopoTrace Step 0] v0:G1[0.374,0.552,0.073] | v1:G0[0.537,0.232,0.231] | v2:G2[0.275,0.226,0.499] | v3:G2[0.077,0.311,0.613] | v4:G1[0.079,0.598,0.323]
[TopoTrace Step 0] v0:G1[0.374,0.552,0.073] | v1:G0[0.537,0.232,0.231] | v2:G2[0.275,0.226,0.499] | v3:G2[0.077,0.311,0.613] | v4:G1[0.079,0.598,0.323]
[TopoTrace Step 0] v0:G1[0.374,0.552,0.073] | v1:G0[0.537,0.232,0.231] | v2:G2[0.275,0.226,0.499] | v3:G2[0.077,0.311,0.613] | v4:G1[0.079,0.598,0.323]
[TopoTrace Step 0] v0:G1[0.374,0.552,0.073] | v1:G0[0.537,0.232,0.231] | v2:G2[0.275,0.226,0.499] | v3:G2[0.077,0.311,0.613] | v4:G1[0.079,0.598,0.323]
[TopoTrace Step 0] v0:G1[0.374,0.552,0.073] | v1:G0[0.537,0.232,0.231] | v2:G2[0.275,0.226,0.499] | v3:G2[0.077,0.311,0.613] | v4:G1[0.079,0.598,0.323]
[TopoTrace Step 0] v0:G1[0.374,0.552,0.073] | v1:G0[0.537,0.232,0.231] | v2:G2[0.275,0.226,0.499] | v3:G2[0.077,0.311,0.613] | v4:G1[0.079,0.598,0.323]
[TopoTrace Step 0] v0:G1[0.374,0.553,0.073] | v1:G0[0.537,0.232,0.231] | v2:G2[0.275,0.226,0.499] | v3:G2[0.076,0.311,0.613] | v4:G1[0.079,0.598,0.323]
[TopoTrace Step 0] v0:G1[0.374,0.553,0.073] | v1:G0[0.537,0.232,0.231] | v2:G2[0.275,0.226,0.499] | v3:G2[0.076,0.311,0.613] | v4:G1[0.079,0.598,0.323]
[TopoTrace Step 0] v0:G1[0.374,0.553,0.073] | v1:G0[0.537,0.232,0.231] | v2:G2[0.275,0.226,0.499] | v3:G2[0.076,0.311,0.613] | v4:G1[0.079,0.598,0.323]
[TopoTrace Step 0] v0:G1[0.374,0.553,0.073] | v1:G0[0.537,0.232,0.231] | v2:G2[0.275,0.226,0.499] | v3:G2[0.076,0.311,0.613] | v4:G1[0.079,0.598,0.323]
[TopoTrace Step 0] v0:G1[0.374,0.553,0.073] | v1:G0[0.537,0.232,0.231] | v2:G2[0.275,0.226,0.499] | v3:G2[0.076,0.311,0.613] | v4:G1[0.079,0.598,0.323]
[TopoTrace Step 0] v0:G1[0.374,0.553,0.073] | v1:G0[0.537,0.232,0.231] | v2:G2[0.275,0.226,0.499] | v3:G2[0.076,0.311,0.613] | v4:G1[0.079,0.598,0.323]
[TopoTrace Step 0] v0:G1[0.374,0.553,0.073] | v1:G0[0.537,0.232,0.231] | v2:G2[0.275,0.226,0.499] | v3:G2[0.076,0.311,0.613] | v4:G1[0.079,0.598,0.323]
[TopoTrace Step 0] v0:G1[0.374,0.553,0.073] | v1:G0[0.537,0.232,0.231] | v2:G2[0.275,0.226,0.499] | v3:G2[0.076,0.311,0.613] | v4:G1[0.079,0.598,0.323]
[TopoTrace Step 0] v0:G1[0.374,0.553,0.073] | v1:G0[0.537,0.232,0.231] | v2:G2[0.275,0.226,0.499] | v3:G2[0.076,0.311,0.613] | v4:G1[0.079,0.598,0.323]
[TopoTrace Step 0] v0:G1[0.374,0.553,0.073] | v1:G0[0.537,0.232,0.231] | v2:G2[0.275,0.226,0.499] | v3:G2[0.076,0.311,0.613] | v4:G1[0.079,0.598,0.323]
[TopoTrace Step 0] v0:G1[0.374,0.553,0.073] | v1:G0[0.537,0.232,0.231] | v2:G2[0.275,0.226,0.499] | v3:G2[0.076,0.310,0.613] | v4:G1[0.079,0.598,0.323]
[TopoTrace Step 0] v0:G1[0.374,0.553,0.073] | v1:G0[0.537,0.232,0.231] | v2:G2[0.275,0.226,0.499] | v3:G2[0.076,0.310,0.613] | v4:G1[0.079,0.598,0.323]
[TopoTrace Step 0] v0:G1[0.374,0.553,0.073] | v1:G0[0.537,0.232,0.231] | v2:G2[0.275,0.226,0.499] | v3:G2[0.076,0.310,0.613] | v4:G1[0.079,0.598,0.323]
[TopoTrace Step 0] v0:G1[0.374,0.553,0.073] | v1:G0[0.537,0.232,0.231] | v2:G2[0.275,0.226,0.499] | v3:G2[0.076,0.310,0.613] | v4:G1[0.079,0.598,0.323]
[TopoTrace Step 0] v0:G1[0.374,0.553,0.073] | v1:G0[0.537,0.232,0.231] | v2:G2[0.275,0.226,0.499] | v3:G2[0.076,0.310,0.613] | v4:G1[0.079,0.598,0.323]
[TopoTrace Step 0] v0:G1[0.374,0.553,0.073] | v1:G0[0.537,0.232,0.231] | v2:G2[0.275,0.226,0.499] | v3:G2[0.076,0.310,0.613] | v4:G1[0.079,0.598,0.323]
[TopoTrace Step 0] v0:G1[0.374,0.553,0.073] | v1:G0[0.537,0.232,0.231] | v2:G2[0.275,0.226,0.499] | v3:G2[0.076,0.310,0.613] | v4:G1[0.079,0.598,0.323]
[TopoTrace Step 0] v0:G1[0.374,0.553,0.073] | v1:G0[0.537,0.232,0.231] | v2:G2[0.275,0.226,0.499] | v3:G2[0.076,0.310,0.613] | v4:G1[0.079,0.598,0.323]
[TopoTrace Step 0] v0:G1[0.374,0.553,0.073] | v1:G0[0.537,0.232,0.231] | v2:G2[0.275,0.226,0.499] | v3:G2[0.076,0.310,0.613] | v4:G1[0.079,0.598,0.323]
[TopoTrace Step 0] v0:G1[0.374,0.553,0.073] | v1:G0[0.537,0.232,0.231] | v2:G2[0.275,0.226,0.499] | v3:G2[0.076,0.310,0.613] | v4:G1[0.079,0.598,0.323]
[TopoTrace Step 0] v0:G1[0.374,0.553,0.073] | v1:G0[0.537,0.232,0.231] | v2:G2[0.275,0.226,0.499] | v3:G2[0.076,0.310,0.613] | v4:G1[0.079,0.598,0.323]
[TopoTrace Step 0] v0:G1[0.374,0.553,0.073] | v1:G0[0.537,0.232,0.231] | v2:G2[0.275,0.226,0.499] | v3:G2[0.076,0.310,0.613] | v4:G1[0.079,0.598,0.323]
[TopoTrace Step 0] v0:G1[0.374,0.553,0.073] | v1:G0[0.537,0.232,0.231] | v2:G2[0.275,0.226,0.499] | v3:G2[0.076,0.310,0.613] | v4:G1[0.079,0.598,0.323]
[TopoTrace Step 0] v0:G1[0.374,0.553,0.073] | v1:G0[0.537,0.232,0.231] | v2:G2[0.275,0.226,0.499] | v3:G2[0.076,0.310,0.613] | v4:G1[0.079,0.598,0.323]
[TopoTrace Step 0] v0:G1[0.374,0.553,0.073] | v1:G0[0.537,0.232,0.231] | v2:G2[0.275,0.226,0.499] | v3:G2[0.076,0.310,0.613] | v4:G1[0.079,0.598,0.323]
[TopoTrace Step 0] v0:G1[0.374,0.553,0.073] | v1:G0[0.537,0.232,0.231] | v2:G2[0.275,0.226,0.499] | v3:G2[0.076,0.310,0.613] | v4:G1[0.079,0.598,0.323]
[TopoTrace Step 0] v0:G1[0.374,0.553,0.073] | v1:G0[0.537,0.232,0.231] | v2:G2[0.275,0.226,0.499] | v3:G2[0.076,0.310,0.613] | v4:G1[0.079,0.598,0.323]
[TopoTrace Step 0] v0:G1[0.374,0.553,0.073] | v1:G0[0.537,0.232,0.231] | v2:G2[0.275,0.226,0.499] | v3:G2[0.076,0.310,0.613] | v4:G1[0.079,0.598,0.323]
[TopoTrace Step 0] v0:G1[0.374,0.553,0.073] | v1:G0[0.537,0.232,0.231] | v2:G2[0.275,0.226,0.499] | v3:G2[0.076,0.310,0.613] | v4:G1[0.079,0.598,0.323]
[TopoTrace Step 0] v0:G1[0.374,0.553,0.073] | v1:G0[0.537,0.232,0.231] | v2:G2[0.275,0.226,0.499] | v3:G2[0.076,0.310,0.613] | v4:G1[0.079,0.598,0.323]
[TopoTrace Step 0] v0:G1[0.374,0.553,0.073] | v1:G0[0.537,0.232,0.231] | v2:G2[0.275,0.226,0.499] | v3:G2[0.076,0.310,0.613] | v4:G1[0.079,0.598,0.323]
[TopoTrace Step 0] v0:G1[0.374,0.553,0.073] | v1:G0[0.537,0.232,0.231] | v2:G2[0.275,0.226,0.499] | v3:G2[0.076,0.310,0.613] | v4:G1[0.079,0.598,0.323]
[TopoTrace Step 0] v0:G1[0.374,0.553,0.073] | v1:G0[0.537,0.232,0.231] | v2:G2[0.275,0.226,0.499] | v3:G2[0.076,0.310,0.613] | v4:G1[0.079,0.598,0.323]
[TopoTrace Step 0] v0:G1[0.374,0.553,0.073] | v1:G0[0.537,0.232,0.231] | v2:G2[0.275,0.226,0.499] | v3:G2[0.076,0.310,0.613] | v4:G1[0.079,0.598,0.323]
[TopoTrace Step 0] v0:G1[0.374,0.553,0.073] | v1:G0[0.537,0.232,0.231] | v2:G2[0.275,0.226,0.499] | v3:G2[0.076,0.310,0.613] | v4:G1[0.079,0.598,0.323]
[TopoTrace Step 0] v0:G1[0.374,0.553,0.073] | v1:G0[0.537,0.232,0.231] | v2:G2[0.275,0.226,0.499] | v3:G2[0.076,0.310,0.613] | v4:G1[0.079,0.598,0.323]
[TopoTrace Step 0] v0:G1[0.374,0.553,0.073] | v1:G0[0.537,0.232,0.231] | v2:G2[0.275,0.226,0.499] | v3:G2[0.076,0.310,0.613] | v4:G1[0.079,0.598,0.323]
[TopoTrace Step 0] v0:G1[0.374,0.553,0.073] | v1:G0[0.537,0.232,0.231] | v2:G2[0.275,0.226,0.499] | v3:G2[0.076,0.310,0.613] | v4:G1[0.079,0.598,0.323]
[TopoTrace Step 0] v0:G1[0.374,0.553,0.073] | v1:G0[0.537,0.232,0.231] | v2:G2[0.275,0.226,0.499] | v3:G2[0.076,0.310,0.613] | v4:G1[0.079,0.598,0.323]
[TopoTrace Step 0] v0:G1[0.374,0.553,0.073] | v1:G0[0.537,0.232,0.231] | v2:G2[0.275,0.226,0.499] | v3:G2[0.076,0.310,0.613] | v4:G1[0.079,0.598,0.323]
[TopoTrace Step 0] v0:G1[0.374,0.553,0.073] | v1:G0[0.537,0.232,0.231] | v2:G2[0.275,0.226,0.499] | v3:G2[0.076,0.310,0.613] | v4:G1[0.079,0.598,0.323]
[TopoTrace Step 0] v0:G1[0.374,0.553,0.073] | v1:G0[0.537,0.232,0.231] | v2:G2[0.275,0.226,0.499] | v3:G2[0.076,0.310,0.613] | v4:G1[0.079,0.598,0.323]
[TopoTrace Step 0] v0:G1[0.374,0.553,0.073] | v1:G0[0.537,0.232,0.231] | v2:G2[0.275,0.226,0.499] | v3:G2[0.076,0.310,0.613] | v4:G1[0.079,0.598,0.323]
[TopoTrace Step 0] v0:G1[0.374,0.553,0.073] | v1:G0[0.537,0.232,0.231] | v2:G2[0.275,0.226,0.499] | v3:G2[0.076,0.310,0.613] | v4:G1[0.079,0.598,0.323]
[TopoTrace Step 0] v0:G1[0.374,0.553,0.073] | v1:G0[0.537,0.232,0.231] | v2:G2[0.275,0.226,0.499] | v3:G2[0.076,0.310,0.613] | v4:G1[0.079,0.598,0.323]
[TopoTrace Step 0] v0:G1[0.374,0.553,0.073] | v1:G0[0.537,0.232,0.231] | v2:G2[0.275,0.226,0.499] | v3:G2[0.076,0.310,0.613] | v4:G1[0.079,0.598,0.323]
[TopoTrace Step 0] v0:G1[0.374,0.553,0.073] | v1:G0[0.537,0.232,0.231] | v2:G2[0.275,0.226,0.499] | v3:G2[0.076,0.310,0.613] | v4:G1[0.079,0.598,0.323]
[TopoTrace Step 0] v0:G1[0.374,0.553,0.073] | v1:G0[0.537,0.232,0.231] | v2:G2[0.275,0.226,0.499] | v3:G2[0.076,0.310,0.613] | v4:G1[0.079,0.598,0.323]
[TopoTrace Step 0] v0:G1[0.374,0.553,0.073] | v1:G0[0.537,0.232,0.231] | v2:G2[0.275,0.226,0.499] | v3:G2[0.076,0.310,0.613] | v4:G1[0.079,0.598,0.323]
[TopoTrace Step 0] v0:G1[0.374,0.553,0.073] | v1:G0[0.537,0.232,0.231] | v2:G2[0.275,0.226,0.499] | v3:G2[0.076,0.310,0.613] | v4:G1[0.079,0.598,0.323]
[TopoTrace Step 0] v0:G1[0.374,0.553,0.073] | v1:G0[0.537,0.232,0.231] | v2:G2[0.275,0.226,0.499] | v3:G2[0.076,0.310,0.613] | v4:G1[0.079,0.598,0.323]
[TopoTrace Step 0] v0:G1[0.374,0.553,0.073] | v1:G0[0.537,0.232,0.231] | v2:G2[0.275,0.226,0.499] | v3:G2[0.076,0.310,0.613] | v4:G1[0.079,0.598,0.323]
[TopoTrace Step 0] v0:G1[0.374,0.553,0.073] | v1:G0[0.537,0.232,0.231] | v2:G2[0.275,0.226,0.499] | v3:G2[0.076,0.310,0.613] | v4:G1[0.079,0.598,0.323]
[TopoTrace Step 0] v0:G1[0.374,0.553,0.073] | v1:G0[0.537,0.232,0.231] | v2:G2[0.275,0.226,0.499] | v3:G2[0.076,0.310,0.613] | v4:G1[0.079,0.598,0.323]
[TopoTrace Step 0] v0:G1[0.374,0.553,0.073] | v1:G0[0.537,0.232,0.231] | v2:G2[0.275,0.226,0.499] | v3:G2[0.076,0.310,0.613] | v4:G1[0.079,0.598,0.323][TopoTrace Step 0] v0:G1[0.374,0.553,0.073] | v1:G0[0.537,0.232,0.231] | v2:G2[0.275,0.226,0.499] | v3:G2[0.076,0.310,0.613] | v4:G1[0.079,0.598,0.323]

[TopoTrace Step 0] v0:G1[0.374,0.553,0.073] | v1:G0[0.537,0.232,0.231] | v2:G2[0.275,0.226,0.499] | v3:G2[0.076,0.310,0.613] | v4:G1[0.079,0.598,0.323]
[TopoTrace Step 0] v0:G1[0.374,0.553,0.073] | v1:G0[0.537,0.232,0.231] | v2:G2[0.275,0.226,0.499] | v3:G2[0.076,0.310,0.613] | v4:G1[0.079,0.598,0.323]
[TopoTrace Step 0] v0:G1[0.374,0.553,0.073] | v1:G0[0.537,0.232,0.231] | v2:G2[0.275,0.226,0.499] | v3:G2[0.076,0.310,0.613] | v4:G1[0.079,0.598,0.323]
[TopoTrace Step 0] v0:G1[0.374,0.553,0.073] | v1:G0[0.537,0.232,0.231] | v2:G2[0.275,0.226,0.499] | v3:G2[0.076,0.310,0.613] | v4:G1[0.079,0.598,0.323]
Epoch: 3 cost time: 70.74478030204773
Epoch: 3, Steps: 294 | Train Loss: 0.4625364 Vali Loss: 0.2916434 Test Loss: 3.9553597
EarlyStopping counter: 1 out of 3
Updating learning rate to 2.5e-05
[TopoTrace Step 0] v0:G1[0.374,0.553,0.073] | v1:G0[0.537,0.232,0.231] | v2:G2[0.275,0.226,0.499] | v3:G2[0.076,0.310,0.613] | v4:G1[0.079,0.598,0.323]
[TopoTrace Step 0] v0:G1[0.374,0.553,0.073] | v1:G0[0.537,0.232,0.231] | v2:G2[0.275,0.226,0.499] | v3:G2[0.076,0.310,0.613] | v4:G1[0.079,0.598,0.323]
[TopoTrace Step 0] v0:G1[0.374,0.553,0.073] | v1:G0[0.537,0.232,0.231] | v2:G2[0.275,0.226,0.499] | v3:G2[0.076,0.310,0.613] | v4:G1[0.079,0.598,0.323]
[TopoTrace Step 0] v0:G1[0.374,0.553,0.073] | v1:G0[0.537,0.232,0.231] | v2:G2[0.275,0.226,0.499] | v3:G2[0.076,0.310,0.613] | v4:G1[0.079,0.598,0.323]
[TopoTrace Step 0] v0:G1[0.374,0.553,0.073] | v1:G0[0.537,0.232,0.231] | v2:G2[0.275,0.226,0.499] | v3:G2[0.076,0.310,0.613] | v4:G1[0.079,0.598,0.323]
[TopoTrace Step 0] v0:G1[0.374,0.553,0.073] | v1:G0[0.537,0.232,0.231] | v2:G2[0.275,0.226,0.499] | v3:G2[0.076,0.310,0.613] | v4:G1[0.079,0.598,0.323]
[TopoTrace Step 0] v0:G1[0.374,0.553,0.073] | v1:G0[0.537,0.232,0.231] | v2:G2[0.275,0.226,0.499] | v3:G2[0.076,0.310,0.613] | v4:G1[0.079,0.598,0.323]
[TopoTrace Step 0] v0:G1[0.374,0.553,0.073] | v1:G0[0.537,0.232,0.231] | v2:G2[0.275,0.226,0.499] | v3:G2[0.076,0.310,0.613] | v4:G1[0.079,0.598,0.323]
[TopoTrace Step 0] v0:G1[0.374,0.553,0.073] | v1:G0[0.537,0.232,0.231] | v2:G2[0.275,0.226,0.499] | v3:G2[0.076,0.310,0.613] | v4:G1[0.079,0.598,0.323]
[TopoTrace Step 0] v0:G1[0.374,0.553,0.073] | v1:G0[0.537,0.232,0.231] | v2:G2[0.275,0.226,0.499] | v3:G2[0.076,0.310,0.613] | v4:G1[0.079,0.598,0.323]
[TopoTrace Step 0] v0:G1[0.374,0.553,0.073] | v1:G0[0.537,0.232,0.231] | v2:G2[0.275,0.226,0.499] | v3:G2[0.076,0.310,0.613] | v4:G1[0.079,0.598,0.323]
[TopoTrace Step 0] v0:G1[0.374,0.553,0.073] | v1:G0[0.537,0.232,0.231] | v2:G2[0.275,0.226,0.499] | v3:G2[0.076,0.310,0.613] | v4:G1[0.079,0.598,0.323]
[TopoTrace Step 0] v0:G1[0.374,0.553,0.073] | v1:G0[0.537,0.232,0.231] | v2:G2[0.275,0.226,0.499] | v3:G2[0.076,0.310,0.613] | v4:G1[0.079,0.598,0.323]
[TopoTrace Step 0] v0:G1[0.374,0.553,0.073] | v1:G0[0.537,0.232,0.231] | v2:G2[0.275,0.226,0.499] | v3:G2[0.076,0.310,0.613] | v4:G1[0.079,0.598,0.323]
[TopoTrace Step 0] v0:G1[0.374,0.553,0.073] | v1:G0[0.537,0.232,0.231] | v2:G2[0.275,0.226,0.499] | v3:G2[0.076,0.310,0.613] | v4:G1[0.079,0.598,0.323]
[TopoTrace Step 0] v0:G1[0.374,0.553,0.073] | v1:G0[0.537,0.232,0.231] | v2:G2[0.275,0.226,0.499] | v3:G2[0.076,0.310,0.613] | v4:G1[0.079,0.598,0.323]
[TopoTrace Step 0] v0:G1[0.374,0.553,0.073] | v1:G0[0.537,0.232,0.231] | v2:G2[0.275,0.226,0.499] | v3:G2[0.076,0.310,0.613] | v4:G1[0.079,0.598,0.323]
[TopoTrace Step 0] v0:G1[0.374,0.553,0.073] | v1:G0[0.537,0.232,0.231] | v2:G2[0.275,0.226,0.499] | v3:G2[0.076,0.310,0.613] | v4:G1[0.079,0.598,0.323]
[TopoTrace Step 0] v0:G1[0.374,0.553,0.073] | v1:G0[0.537,0.232,0.231] | v2:G2[0.275,0.226,0.499] | v3:G2[0.076,0.310,0.613] | v4:G1[0.079,0.598,0.323]
[TopoTrace Step 0] v0:G1[0.374,0.553,0.073] | v1:G0[0.537,0.232,0.231] | v2:G2[0.275,0.226,0.499] | v3:G2[0.076,0.310,0.613] | v4:G1[0.079,0.598,0.323]
[TopoTrace Step 0] v0:G1[0.374,0.553,0.073] | v1:G0[0.537,0.232,0.231] | v2:G2[0.275,0.226,0.499] | v3:G2[0.076,0.310,0.613] | v4:G1[0.079,0.598,0.323]
[TopoTrace Step 0] v0:G1[0.374,0.553,0.073] | v1:G0[0.537,0.232,0.231] | v2:G2[0.275,0.226,0.499] | v3:G2[0.076,0.310,0.613] | v4:G1[0.079,0.598,0.323]
[TopoTrace Step 0] v0:G1[0.374,0.553,0.073] | v1:G0[0.537,0.232,0.231] | v2:G2[0.275,0.226,0.499] | v3:G2[0.076,0.310,0.613] | v4:G1[0.079,0.598,0.323]
[TopoTrace Step 0] v0:G1[0.374,0.553,0.073] | v1:G0[0.537,0.232,0.231] | v2:G2[0.275,0.226,0.499] | v3:G2[0.076,0.310,0.613] | v4:G1[0.079,0.598,0.323]
[TopoTrace Step 0] v0:G1[0.374,0.553,0.073] | v1:G0[0.537,0.232,0.231] | v2:G2[0.275,0.226,0.499] | v3:G2[0.076,0.310,0.613] | v4:G1[0.079,0.598,0.323]
[TopoTrace Step 0] v0:G1[0.374,0.553,0.073] | v1:G0[0.537,0.232,0.231] | v2:G2[0.275,0.226,0.499] | v3:G2[0.076,0.310,0.613] | v4:G1[0.079,0.598,0.323]
[TopoTrace Step 0] v0:G1[0.374,0.553,0.073] | v1:G0[0.537,0.232,0.231] | v2:G2[0.275,0.226,0.499] | v3:G2[0.076,0.310,0.613] | v4:G1[0.079,0.598,0.323]
[TopoTrace Step 0] v0:G1[0.374,0.553,0.073] | v1:G0[0.537,0.232,0.231] | v2:G2[0.275,0.226,0.499] | v3:G2[0.076,0.310,0.613] | v4:G1[0.079,0.598,0.323]
[TopoTrace Step 0] v0:G1[0.374,0.553,0.073] | v1:G0[0.537,0.232,0.231] | v2:G2[0.275,0.226,0.499] | v3:G2[0.076,0.310,0.613] | v4:G1[0.079,0.598,0.323]
[TopoTrace Step 0] v0:G1[0.374,0.553,0.073] | v1:G0[0.537,0.232,0.231] | v2:G2[0.275,0.226,0.499] | v3:G2[0.076,0.310,0.613] | v4:G1[0.079,0.598,0.323]
[TopoTrace Step 0] v0:G1[0.374,0.553,0.073] | v1:G0[0.537,0.232,0.231] | v2:G2[0.275,0.226,0.499] | v3:G2[0.076,0.310,0.614] | v4:G1[0.079,0.598,0.323]
[TopoTrace Step 0] v0:G1[0.374,0.553,0.073] | v1:G0[0.537,0.232,0.231] | v2:G2[0.275,0.226,0.499] | v3:G2[0.076,0.310,0.614] | v4:G1[0.079,0.598,0.323]
[TopoTrace Step 0] v0:G1[0.374,0.553,0.073] | v1:G0[0.537,0.232,0.231] | v2:G2[0.275,0.226,0.499] | v3:G2[0.076,0.310,0.614] | v4:G1[0.079,0.598,0.323]
[TopoTrace Step 0] v0:G1[0.374,0.553,0.073] | v1:G0[0.537,0.232,0.231] | v2:G2[0.275,0.226,0.499] | v3:G2[0.076,0.310,0.614] | v4:G1[0.079,0.598,0.323]
[TopoTrace Step 0] v0:G1[0.374,0.553,0.073] | v1:G0[0.537,0.232,0.231] | v2:G2[0.275,0.226,0.499] | v3:G2[0.076,0.310,0.614] | v4:G1[0.079,0.598,0.323]
[TopoTrace Step 0] v0:G1[0.374,0.553,0.073] | v1:G0[0.537,0.232,0.231] | v2:G2[0.275,0.226,0.499] | v3:G2[0.076,0.310,0.614] | v4:G1[0.079,0.598,0.323]
[TopoTrace Step 0] v0:G1[0.374,0.553,0.073] | v1:G0[0.537,0.232,0.231] | v2:G2[0.275,0.226,0.499] | v3:G2[0.076,0.310,0.614] | v4:G1[0.079,0.598,0.323]
[TopoTrace Step 0] v0:G1[0.374,0.553,0.073] | v1:G0[0.537,0.232,0.231] | v2:G2[0.275,0.226,0.499] | v3:G2[0.076,0.310,0.614] | v4:G1[0.079,0.598,0.323]
[TopoTrace Step 0] v0:G1[0.374,0.553,0.073] | v1:G0[0.537,0.232,0.231] | v2:G2[0.275,0.226,0.499] | v3:G2[0.076,0.310,0.614] | v4:G1[0.079,0.598,0.323]
[TopoTrace Step 0] v0:G1[0.374,0.553,0.073] | v1:G0[0.537,0.232,0.231] | v2:G2[0.275,0.226,0.499] | v3:G2[0.076,0.310,0.614] | v4:G1[0.079,0.598,0.323]
[TopoTrace Step 0] v0:G1[0.374,0.553,0.073] | v1:G0[0.537,0.232,0.231] | v2:G2[0.275,0.226,0.499] | v3:G2[0.076,0.310,0.614] | v4:G1[0.079,0.598,0.323]
[TopoTrace Step 0] v0:G1[0.374,0.553,0.073] | v1:G0[0.537,0.232,0.231] | v2:G2[0.275,0.226,0.499] | v3:G2[0.076,0.310,0.614] | v4:G1[0.079,0.598,0.323]
[TopoTrace Step 0] v0:G1[0.374,0.553,0.073] | v1:G0[0.537,0.232,0.231] | v2:G2[0.275,0.226,0.499] | v3:G2[0.076,0.310,0.614] | v4:G1[0.079,0.598,0.323]
[TopoTrace Step 0] v0:G1[0.374,0.553,0.073] | v1:G0[0.537,0.232,0.231] | v2:G2[0.275,0.226,0.499] | v3:G2[0.076,0.310,0.614] | v4:G1[0.079,0.598,0.323]
[TopoTrace Step 0] v0:G1[0.374,0.553,0.073] | v1:G0[0.537,0.232,0.231] | v2:G2[0.275,0.226,0.499] | v3:G2[0.076,0.310,0.614] | v4:G1[0.079,0.598,0.323]
[TopoTrace Step 0] v0:G1[0.374,0.553,0.073] | v1:G0[0.537,0.232,0.231] | v2:G2[0.275,0.226,0.499] | v3:G2[0.076,0.310,0.614] | v4:G1[0.079,0.598,0.323]
[TopoTrace Step 0] v0:G1[0.374,0.553,0.073] | v1:G0[0.537,0.232,0.231] | v2:G2[0.275,0.226,0.499] | v3:G2[0.076,0.310,0.614] | v4:G1[0.079,0.598,0.323]
[TopoTrace Step 0] v0:G1[0.374,0.553,0.073] | v1:G0[0.537,0.232,0.231] | v2:G2[0.275,0.226,0.499] | v3:G2[0.076,0.310,0.614] | v4:G1[0.079,0.598,0.323]
[TopoTrace Step 0] v0:G1[0.374,0.553,0.073] | v1:G0[0.537,0.232,0.231] | v2:G2[0.275,0.226,0.499] | v3:G2[0.076,0.310,0.614] | v4:G1[0.079,0.598,0.323]
[TopoTrace Step 0] v0:G1[0.374,0.553,0.073] | v1:G0[0.537,0.232,0.231] | v2:G2[0.275,0.226,0.499] | v3:G2[0.076,0.310,0.614] | v4:G1[0.079,0.598,0.323]
[TopoTrace Step 0] v0:G1[0.374,0.553,0.073] | v1:G0[0.537,0.232,0.231] | v2:G2[0.275,0.226,0.499] | v3:G2[0.076,0.310,0.614] | v4:G1[0.079,0.598,0.323]
[TopoTrace Step 0] v0:G1[0.374,0.553,0.073] | v1:G0[0.537,0.232,0.231] | v2:G2[0.275,0.226,0.499] | v3:G2[0.076,0.310,0.614] | v4:G1[0.079,0.598,0.323]
[TopoTrace Step 0] v0:G1[0.374,0.553,0.073] | v1:G0[0.537,0.232,0.231] | v2:G2[0.275,0.226,0.499] | v3:G2[0.076,0.310,0.614] | v4:G1[0.079,0.598,0.323]
[TopoTrace Step 0] v0:G1[0.374,0.553,0.073] | v1:G0[0.537,0.232,0.231] | v2:G2[0.275,0.226,0.499] | v3:G2[0.076,0.310,0.614] | v4:G1[0.079,0.598,0.323]
[TopoTrace Step 0] v0:G1[0.374,0.553,0.073] | v1:G0[0.537,0.232,0.231] | v2:G2[0.275,0.226,0.499] | v3:G2[0.076,0.310,0.614] | v4:G1[0.079,0.598,0.323]
[TopoTrace Step 0] v0:G1[0.374,0.553,0.073] | v1:G0[0.537,0.232,0.231] | v2:G2[0.275,0.226,0.499] | v3:G2[0.076,0.310,0.614] | v4:G1[0.079,0.598,0.323]
[TopoTrace Step 0] v0:G1[0.374,0.553,0.073] | v1:G0[0.537,0.232,0.231] | v2:G2[0.275,0.226,0.499] | v3:G2[0.076,0.310,0.614] | v4:G1[0.079,0.598,0.323]
[TopoTrace Step 0] v0:G1[0.374,0.553,0.073] | v1:G0[0.537,0.232,0.231] | v2:G2[0.275,0.226,0.499] | v3:G2[0.076,0.310,0.614] | v4:G1[0.079,0.598,0.323]
[TopoTrace Step 0] v0:G1[0.374,0.553,0.073] | v1:G0[0.537,0.232,0.231] | v2:G2[0.275,0.226,0.499] | v3:G2[0.076,0.310,0.614] | v4:G1[0.079,0.598,0.323]
[TopoTrace Step 0] v0:G1[0.374,0.553,0.073] | v1:G0[0.537,0.232,0.231] | v2:G2[0.275,0.226,0.499] | v3:G2[0.076,0.310,0.614] | v4:G1[0.079,0.598,0.323]
[TopoTrace Step 0] v0:G1[0.374,0.553,0.073] | v1:G0[0.537,0.232,0.231] | v2:G2[0.275,0.226,0.499] | v3:G2[0.076,0.310,0.614] | v4:G1[0.079,0.598,0.323]
[TopoTrace Step 0] v0:G1[0.374,0.553,0.073] | v1:G0[0.537,0.232,0.231] | v2:G2[0.275,0.226,0.499] | v3:G2[0.076,0.310,0.614] | v4:G1[0.079,0.598,0.323]
[TopoTrace Step 0] v0:G1[0.374,0.553,0.073] | v1:G0[0.537,0.232,0.231] | v2:G2[0.275,0.226,0.499] | v3:G2[0.076,0.310,0.614] | v4:G1[0.079,0.598,0.323]
[TopoTrace Step 0] v0:G1[0.374,0.553,0.073] | v1:G0[0.537,0.232,0.231] | v2:G2[0.275,0.226,0.499] | v3:G2[0.076,0.310,0.614] | v4:G1[0.079,0.598,0.323]
[TopoTrace Step 0] v0:G1[0.374,0.553,0.073] | v1:G0[0.537,0.232,0.231] | v2:G2[0.275,0.226,0.499] | v3:G2[0.076,0.310,0.614] | v4:G1[0.079,0.598,0.323]
[TopoTrace Step 0] v0:G1[0.374,0.553,0.073] | v1:G0[0.537,0.232,0.231] | v2:G2[0.275,0.226,0.499] | v3:G2[0.076,0.310,0.614] | v4:G1[0.079,0.598,0.323]
[TopoTrace Step 0] v0:G1[0.374,0.553,0.073] | v1:G0[0.537,0.232,0.231] | v2:G2[0.275,0.226,0.499] | v3:G2[0.076,0.310,0.614] | v4:G1[0.079,0.598,0.323]
[TopoTrace Step 0] v0:G1[0.374,0.553,0.073] | v1:G0[0.537,0.232,0.231] | v2:G2[0.275,0.226,0.499] | v3:G2[0.076,0.310,0.614] | v4:G1[0.079,0.598,0.323]
[TopoTrace Step 0] v0:G1[0.374,0.553,0.073] | v1:G0[0.537,0.232,0.231] | v2:G2[0.275,0.226,0.499] | v3:G2[0.076,0.310,0.614] | v4:G1[0.079,0.598,0.323]
[TopoTrace Step 0] v0:G1[0.374,0.553,0.073] | v1:G0[0.537,0.232,0.231] | v2:G2[0.275,0.226,0.499] | v3:G2[0.076,0.310,0.614] | v4:G1[0.079,0.598,0.323]
[TopoTrace Step 0] v0:G1[0.374,0.553,0.073] | v1:G0[0.537,0.232,0.231] | v2:G2[0.275,0.226,0.499] | v3:G2[0.076,0.310,0.614] | v4:G1[0.079,0.598,0.323]
[TopoTrace Step 0] v0:G1[0.374,0.553,0.073] | v1:G0[0.537,0.232,0.231] | v2:G2[0.275,0.226,0.499] | v3:G2[0.076,0.310,0.614] | v4:G1[0.079,0.598,0.323]
[TopoTrace Step 0] v0:G1[0.374,0.553,0.073] | v1:G0[0.537,0.232,0.231] | v2:G2[0.275,0.226,0.499] | v3:G2[0.076,0.310,0.614] | v4:G1[0.079,0.598,0.323]
[TopoTrace Step 0] v0:G1[0.374,0.553,0.073] | v1:G0[0.537,0.232,0.231] | v2:G2[0.275,0.226,0.499] | v3:G2[0.076,0.310,0.614] | v4:G1[0.079,0.598,0.323]
[TopoTrace Step 0] v0:G1[0.374,0.553,0.073] | v1:G0[0.537,0.232,0.231] | v2:G2[0.275,0.226,0.499] | v3:G2[0.076,0.310,0.614] | v4:G1[0.079,0.598,0.323]
[TopoTrace Step 0] v0:G1[0.374,0.553,0.073] | v1:G0[0.537,0.232,0.231] | v2:G2[0.275,0.226,0.499] | v3:G2[0.076,0.310,0.614] | v4:G1[0.079,0.598,0.323]
[TopoTrace Step 0] v0:G1[0.374,0.553,0.073] | v1:G0[0.537,0.232,0.231] | v2:G2[0.275,0.226,0.499] | v3:G2[0.076,0.310,0.614] | v4:G1[0.079,0.598,0.323]
[TopoTrace Step 0] v0:G1[0.374,0.553,0.073] | v1:G0[0.537,0.232,0.231] | v2:G2[0.275,0.226,0.499] | v3:G2[0.076,0.310,0.614] | v4:G1[0.079,0.598,0.323]
[TopoTrace Step 0] v0:G1[0.374,0.553,0.073] | v1:G0[0.537,0.232,0.231] | v2:G2[0.275,0.226,0.499] | v3:G2[0.076,0.310,0.614] | v4:G1[0.079,0.598,0.323]
[TopoTrace Step 0] v0:G1[0.374,0.553,0.073] | v1:G0[0.537,0.232,0.231] | v2:G2[0.275,0.226,0.499] | v3:G2[0.076,0.310,0.614] | v4:G1[0.079,0.598,0.323]
[TopoTrace Step 0] v0:G1[0.374,0.553,0.073] | v1:G0[0.537,0.232,0.231] | v2:G2[0.275,0.226,0.499] | v3:G2[0.076,0.310,0.614] | v4:G1[0.079,0.598,0.323]
[TopoTrace Step 0] v0:G1[0.374,0.553,0.073] | v1:G0[0.537,0.232,0.231] | v2:G2[0.275,0.226,0.499] | v3:G2[0.076,0.310,0.614] | v4:G1[0.079,0.598,0.323]
[TopoTrace Step 0] v0:G1[0.374,0.553,0.073] | v1:G0[0.537,0.232,0.231] | v2:G2[0.275,0.226,0.499] | v3:G2[0.076,0.310,0.614] | v4:G1[0.079,0.598,0.323]
[TopoTrace Step 0] v0:G1[0.374,0.553,0.073] | v1:G0[0.537,0.232,0.231] | v2:G2[0.275,0.226,0.499] | v3:G2[0.076,0.310,0.614] | v4:G1[0.079,0.598,0.323]
[TopoTrace Step 0] v0:G1[0.374,0.553,0.073] | v1:G0[0.537,0.232,0.231] | v2:G2[0.275,0.226,0.499] | v3:G2[0.076,0.310,0.614] | v4:G1[0.079,0.598,0.323]
[TopoTrace Step 0] v0:G1[0.374,0.553,0.073] | v1:G0[0.537,0.232,0.231] | v2:G2[0.275,0.226,0.499] | v3:G2[0.076,0.310,0.614] | v4:G1[0.079,0.598,0.323]
[TopoTrace Step 0] v0:G1[0.374,0.553,0.073] | v1:G0[0.537,0.232,0.231] | v2:G2[0.275,0.226,0.499] | v3:G2[0.076,0.310,0.614] | v4:G1[0.079,0.598,0.323]
[TopoTrace Step 0] v0:G1[0.374,0.553,0.073] | v1:G0[0.537,0.232,0.231] | v2:G2[0.275,0.226,0.499] | v3:G2[0.076,0.310,0.614] | v4:G1[0.079,0.598,0.323]
[TopoTrace Step 0] v0:G1[0.374,0.553,0.073] | v1:G0[0.537,0.232,0.231] | v2:G2[0.275,0.226,0.499] | v3:G2[0.076,0.310,0.614] | v4:G1[0.079,0.598,0.323]
[TopoTrace Step 0] v0:G1[0.374,0.553,0.073] | v1:G0[0.537,0.232,0.231] | v2:G2[0.275,0.226,0.499] | v3:G2[0.076,0.310,0.614] | v4:G1[0.079,0.598,0.323]
[TopoTrace Step 0] v0:G1[0.374,0.553,0.073] | v1:G0[0.537,0.232,0.231] | v2:G2[0.275,0.226,0.499] | v3:G2[0.076,0.310,0.614] | v4:G1[0.079,0.598,0.323]
[TopoTrace Step 0] v0:G1[0.374,0.553,0.073] | v1:G0[0.537,0.232,0.231] | v2:G2[0.275,0.226,0.499] | v3:G2[0.076,0.310,0.614] | v4:G1[0.079,0.598,0.323]
[TopoTrace Step 0] v0:G1[0.374,0.553,0.073] | v1:G0[0.537,0.232,0.231] | v2:G2[0.275,0.226,0.499] | v3:G2[0.076,0.310,0.614] | v4:G1[0.079,0.598,0.323]
[TopoTrace Step 0] v0:G1[0.374,0.553,0.073] | v1:G0[0.537,0.232,0.231] | v2:G2[0.275,0.226,0.499] | v3:G2[0.076,0.310,0.614] | v4:G1[0.079,0.598,0.323]
[TopoTrace Step 0] v0:G1[0.374,0.553,0.073] | v1:G0[0.537,0.232,0.231] | v2:G2[0.275,0.226,0.499] | v3:G2[0.076,0.310,0.614] | v4:G1[0.079,0.598,0.323]
[TopoTrace Step 0] v0:G1[0.374,0.553,0.073] | v1:G0[0.537,0.232,0.231] | v2:G2[0.275,0.226,0.499] | v3:G2[0.076,0.310,0.614] | v4:G1[0.079,0.598,0.323]
[TopoTrace Step 0] v0:G1[0.374,0.553,0.073] | v1:G0[0.537,0.232,0.231] | v2:G2[0.275,0.226,0.499] | v3:G2[0.076,0.310,0.614] | v4:G1[0.079,0.598,0.323]
[TopoTrace Step 0] v0:G1[0.374,0.553,0.073] | v1:G0[0.537,0.232,0.231] | v2:G2[0.275,0.226,0.499] | v3:G2[0.076,0.310,0.614] | v4:G1[0.079,0.598,0.323]
[TopoTrace Step 0] v0:G1[0.374,0.553,0.073] | v1:G0[0.537,0.232,0.231] | v2:G2[0.275,0.226,0.499] | v3:G2[0.076,0.310,0.614] | v4:G1[0.079,0.598,0.323]
[TopoTrace Step 0] v0:G1[0.374,0.553,0.073] | v1:G0[0.537,0.232,0.231] | v2:G2[0.275,0.226,0.499] | v3:G2[0.076,0.310,0.614] | v4:G1[0.079,0.598,0.323]
[TopoTrace Step 0] v0:G1[0.374,0.553,0.073] | v1:G0[0.537,0.232,0.231] | v2:G2[0.275,0.226,0.499] | v3:G2[0.076,0.310,0.614] | v4:G1[0.079,0.598,0.323]
[TopoTrace Step 0] v0:G1[0.374,0.553,0.073] | v1:G0[0.537,0.232,0.231] | v2:G2[0.275,0.226,0.499] | v3:G2[0.076,0.310,0.614] | v4:G1[0.079,0.598,0.323]
[TopoTrace Step 0] v0:G1[0.374,0.553,0.073] | v1:G0[0.537,0.232,0.231] | v2:G2[0.275,0.226,0.499] | v3:G2[0.076,0.310,0.614] | v4:G1[0.079,0.598,0.323]
[TopoTrace Step 0] v0:G1[0.374,0.553,0.073] | v1:G0[0.537,0.232,0.231] | v2:G2[0.275,0.226,0.499] | v3:G2[0.076,0.310,0.614] | v4:G1[0.079,0.598,0.323]
[TopoTrace Step 0] v0:G1[0.374,0.553,0.073] | v1:G0[0.537,0.231,0.231] | v2:G2[0.275,0.226,0.499] | v3:G2[0.076,0.310,0.614] | v4:G1[0.079,0.598,0.323]
[TopoTrace Step 0] v0:G1[0.374,0.553,0.073] | v1:G0[0.537,0.231,0.231] | v2:G2[0.275,0.226,0.499] | v3:G2[0.076,0.310,0.614] | v4:G1[0.079,0.598,0.323]
[TopoTrace Step 0] v0:G1[0.374,0.553,0.073] | v1:G0[0.537,0.231,0.231] | v2:G2[0.275,0.226,0.499] | v3:G2[0.076,0.310,0.614] | v4:G1[0.079,0.598,0.323]
[TopoTrace Step 0] v0:G1[0.374,0.553,0.073] | v1:G0[0.537,0.231,0.231] | v2:G2[0.275,0.226,0.499] | v3:G2[0.076,0.310,0.614] | v4:G1[0.079,0.598,0.323]
[TopoTrace Step 0] v0:G1[0.374,0.553,0.073] | v1:G0[0.537,0.231,0.231] | v2:G2[0.275,0.226,0.499] | v3:G2[0.076,0.310,0.614] | v4:G1[0.079,0.598,0.323]
[TopoTrace Step 0] v0:G1[0.374,0.553,0.073] | v1:G0[0.537,0.231,0.231] | v2:G2[0.275,0.226,0.499] | v3:G2[0.076,0.310,0.614] | v4:G1[0.079,0.598,0.323]
[TopoTrace Step 0] v0:G1[0.374,0.553,0.073] | v1:G0[0.537,0.231,0.231] | v2:G2[0.275,0.226,0.499] | v3:G2[0.076,0.310,0.614] | v4:G1[0.079,0.598,0.323]
[TopoTrace Step 0] v0:G1[0.374,0.553,0.073] | v1:G0[0.537,0.231,0.231] | v2:G2[0.275,0.226,0.499] | v3:G2[0.076,0.310,0.614] | v4:G1[0.079,0.598,0.323]
[TopoTrace Step 0] v0:G1[0.374,0.553,0.073] | v1:G0[0.537,0.231,0.231] | v2:G2[0.275,0.226,0.499] | v3:G2[0.076,0.310,0.614] | v4:G1[0.079,0.598,0.323]
[TopoTrace Step 0] v0:G1[0.374,0.553,0.073] | v1:G0[0.537,0.231,0.231] | v2:G2[0.275,0.226,0.499] | v3:G2[0.076,0.310,0.614] | v4:G1[0.079,0.598,0.323]
[TopoTrace Step 0] v0:G1[0.374,0.553,0.073] | v1:G0[0.537,0.231,0.231] | v2:G2[0.275,0.226,0.499] | v3:G2[0.076,0.310,0.614] | v4:G1[0.079,0.598,0.323]
[TopoTrace Step 0] v0:G1[0.374,0.553,0.073] | v1:G0[0.537,0.231,0.231] | v2:G2[0.275,0.226,0.499] | v3:G2[0.076,0.310,0.614] | v4:G1[0.079,0.598,0.323]
[TopoTrace Step 0] v0:G1[0.374,0.553,0.073] | v1:G0[0.537,0.231,0.231] | v2:G2[0.275,0.226,0.499] | v3:G2[0.076,0.310,0.614] | v4:G1[0.079,0.598,0.323]
[TopoTrace Step 0] v0:G1[0.374,0.553,0.073] | v1:G0[0.537,0.231,0.231] | v2:G2[0.275,0.226,0.499] | v3:G2[0.076,0.310,0.614] | v4:G1[0.079,0.598,0.323]
[TopoTrace Step 0] v0:G1[0.374,0.553,0.073] | v1:G0[0.537,0.231,0.231] | v2:G2[0.275,0.226,0.499] | v3:G2[0.076,0.310,0.614] | v4:G1[0.079,0.598,0.323]
[TopoTrace Step 0] v0:G1[0.374,0.553,0.073] | v1:G0[0.537,0.231,0.231] | v2:G2[0.275,0.226,0.499] | v3:G2[0.076,0.310,0.614] | v4:G1[0.079,0.598,0.323]
[TopoTrace Step 0] v0:G1[0.374,0.553,0.073] | v1:G0[0.537,0.231,0.231] | v2:G2[0.275,0.226,0.499] | v3:G2[0.076,0.310,0.614] | v4:G1[0.079,0.598,0.323]
[TopoTrace Step 0] v0:G1[0.374,0.553,0.073] | v1:G0[0.537,0.231,0.231] | v2:G2[0.275,0.226,0.499] | v3:G2[0.076,0.310,0.614] | v4:G1[0.079,0.598,0.323]
[TopoTrace Step 0] v0:G1[0.374,0.553,0.073] | v1:G0[0.537,0.231,0.231] | v2:G2[0.275,0.226,0.499] | v3:G2[0.076,0.310,0.614] | v4:G1[0.079,0.598,0.323]
[TopoTrace Step 0] v0:G1[0.374,0.553,0.073] | v1:G0[0.537,0.231,0.231] | v2:G2[0.275,0.226,0.499] | v3:G2[0.076,0.310,0.614] | v4:G1[0.079,0.598,0.323]
[TopoTrace Step 0] v0:G1[0.374,0.553,0.073] | v1:G0[0.537,0.231,0.231] | v2:G2[0.275,0.226,0.499] | v3:G2[0.076,0.310,0.614] | v4:G1[0.079,0.598,0.323]
[TopoTrace Step 0] v0:G1[0.374,0.553,0.073] | v1:G0[0.537,0.231,0.231] | v2:G2[0.275,0.226,0.499] | v3:G2[0.076,0.310,0.614] | v4:G1[0.079,0.598,0.323]
[TopoTrace Step 0] v0:G1[0.374,0.553,0.073] | v1:G0[0.537,0.231,0.231] | v2:G2[0.275,0.226,0.499] | v3:G2[0.076,0.310,0.614] | v4:G1[0.079,0.598,0.323]
[TopoTrace Step 0] v0:G1[0.374,0.553,0.073] | v1:G0[0.537,0.231,0.231] | v2:G2[0.275,0.226,0.499] | v3:G2[0.076,0.310,0.614] | v4:G1[0.079,0.598,0.323]
[TopoTrace Step 0] v0:G1[0.374,0.553,0.073] | v1:G0[0.537,0.231,0.231] | v2:G2[0.275,0.226,0.499] | v3:G2[0.076,0.310,0.614] | v4:G1[0.079,0.598,0.323]
[TopoTrace Step 0] v0:G1[0.374,0.553,0.073] | v1:G0[0.537,0.231,0.231] | v2:G2[0.275,0.226,0.499] | v3:G2[0.076,0.310,0.614] | v4:G1[0.079,0.598,0.323]
[TopoTrace Step 0] v0:G1[0.374,0.553,0.073] | v1:G0[0.537,0.231,0.231] | v2:G2[0.275,0.226,0.499] | v3:G2[0.076,0.310,0.614] | v4:G1[0.079,0.598,0.323]
[TopoTrace Step 0] v0:G1[0.374,0.553,0.073] | v1:G0[0.537,0.231,0.231] | v2:G2[0.275,0.226,0.499] | v3:G2[0.076,0.310,0.614] | v4:G1[0.079,0.598,0.323]
[TopoTrace Step 0] v0:G1[0.374,0.553,0.073] | v1:G0[0.537,0.231,0.231] | v2:G2[0.275,0.226,0.499] | v3:G2[0.076,0.310,0.614] | v4:G1[0.079,0.598,0.323]
[TopoTrace Step 0] v0:G1[0.374,0.553,0.073] | v1:G0[0.537,0.231,0.231] | v2:G2[0.275,0.226,0.499] | v3:G2[0.076,0.310,0.614] | v4:G1[0.079,0.598,0.323]
[TopoTrace Step 0] v0:G1[0.374,0.553,0.073] | v1:G0[0.537,0.231,0.231] | v2:G2[0.275,0.226,0.499] | v3:G2[0.076,0.310,0.614] | v4:G1[0.079,0.598,0.323]
[TopoTrace Step 0] v0:G1[0.374,0.553,0.073] | v1:G0[0.537,0.231,0.231] | v2:G2[0.275,0.226,0.499] | v3:G2[0.076,0.310,0.614] | v4:G1[0.079,0.598,0.323]
[TopoTrace Step 0] v0:G1[0.374,0.553,0.073] | v1:G0[0.537,0.231,0.231] | v2:G2[0.275,0.226,0.499] | v3:G2[0.076,0.310,0.614] | v4:G1[0.079,0.598,0.323]
[TopoTrace Step 0] v0:G1[0.374,0.553,0.073] | v1:G0[0.537,0.231,0.231] | v2:G2[0.275,0.226,0.499] | v3:G2[0.076,0.310,0.614] | v4:G1[0.079,0.598,0.323]
[TopoTrace Step 0] v0:G1[0.374,0.553,0.073] | v1:G0[0.537,0.231,0.231] | v2:G2[0.275,0.226,0.499] | v3:G2[0.076,0.310,0.614] | v4:G1[0.079,0.598,0.323]
[TopoTrace Step 0] v0:G1[0.374,0.553,0.073] | v1:G0[0.537,0.231,0.231] | v2:G2[0.275,0.226,0.499] | v3:G2[0.076,0.310,0.614] | v4:G1[0.079,0.598,0.323]
[TopoTrace Step 0] v0:G1[0.374,0.553,0.073] | v1:G0[0.537,0.231,0.231] | v2:G2[0.275,0.226,0.499] | v3:G2[0.076,0.310,0.614] | v4:G1[0.079,0.598,0.323]
[TopoTrace Step 0] v0:G1[0.374,0.553,0.073] | v1:G0[0.537,0.231,0.231] | v2:G2[0.275,0.226,0.499] | v3:G2[0.076,0.310,0.614] | v4:G1[0.079,0.598,0.323]
[TopoTrace Step 0] v0:G1[0.374,0.553,0.073] | v1:G0[0.537,0.231,0.231] | v2:G2[0.275,0.226,0.499] | v3:G2[0.076,0.310,0.614] | v4:G1[0.079,0.598,0.323]
[TopoTrace Step 0] v0:G1[0.374,0.553,0.073] | v1:G0[0.537,0.231,0.231] | v2:G2[0.275,0.226,0.499] | v3:G2[0.076,0.310,0.614] | v4:G1[0.079,0.598,0.323]
[TopoTrace Step 0] v0:G1[0.374,0.553,0.073] | v1:G0[0.537,0.231,0.231] | v2:G2[0.275,0.226,0.499] | v3:G2[0.076,0.310,0.614] | v4:G1[0.079,0.598,0.323]
[TopoTrace Step 0] v0:G1[0.374,0.553,0.073] | v1:G0[0.537,0.231,0.231] | v2:G2[0.275,0.226,0.499] | v3:G2[0.076,0.310,0.614] | v4:G1[0.079,0.598,0.323]
[TopoTrace Step 0] v0:G1[0.374,0.553,0.073] | v1:G0[0.537,0.231,0.231] | v2:G2[0.275,0.226,0.499] | v3:G2[0.076,0.310,0.614] | v4:G1[0.079,0.598,0.323]
[TopoTrace Step 0] v0:G1[0.374,0.553,0.073] | v1:G0[0.537,0.231,0.231] | v2:G2[0.275,0.226,0.499] | v3:G2[0.076,0.310,0.614] | v4:G1[0.079,0.598,0.323]
[TopoTrace Step 0] v0:G1[0.374,0.553,0.073] | v1:G0[0.537,0.231,0.231] | v2:G2[0.275,0.226,0.499] | v3:G2[0.076,0.310,0.614] | v4:G1[0.079,0.598,0.323]
[TopoTrace Step 0] v0:G1[0.374,0.553,0.073] | v1:G0[0.537,0.231,0.231] | v2:G2[0.275,0.226,0.499] | v3:G2[0.076,0.310,0.614] | v4:G1[0.079,0.598,0.323]
[TopoTrace Step 0] v0:G1[0.374,0.553,0.073] | v1:G0[0.537,0.231,0.231] | v2:G2[0.275,0.226,0.499] | v3:G2[0.076,0.310,0.614] | v4:G1[0.079,0.598,0.323]
[TopoTrace Step 0] v0:G1[0.374,0.553,0.073] | v1:G0[0.537,0.231,0.231] | v2:G2[0.275,0.226,0.499] | v3:G2[0.076,0.310,0.614] | v4:G1[0.079,0.598,0.323]
[TopoTrace Step 0] v0:G1[0.374,0.553,0.073] | v1:G0[0.537,0.231,0.231] | v2:G2[0.275,0.226,0.499] | v3:G2[0.076,0.310,0.614] | v4:G1[0.079,0.598,0.323]
[TopoTrace Step 0] v0:G1[0.374,0.553,0.073] | v1:G0[0.537,0.231,0.231] | v2:G2[0.275,0.226,0.499] | v3:G2[0.076,0.310,0.614] | v4:G1[0.079,0.598,0.323]
[TopoTrace Step 0] v0:G1[0.374,0.553,0.073] | v1:G0[0.537,0.231,0.231] | v2:G2[0.275,0.226,0.499] | v3:G2[0.076,0.310,0.614] | v4:G1[0.079,0.598,0.323]
[TopoTrace Step 0] v0:G1[0.374,0.553,0.073] | v1:G0[0.537,0.231,0.231] | v2:G2[0.275,0.226,0.499] | v3:G2[0.076,0.310,0.614] | v4:G1[0.079,0.598,0.323]
[TopoTrace Step 0] v0:G1[0.374,0.553,0.073] | v1:G0[0.537,0.231,0.231] | v2:G2[0.275,0.226,0.499] | v3:G2[0.076,0.310,0.614] | v4:G1[0.079,0.598,0.323]
[TopoTrace Step 0] v0:G1[0.374,0.553,0.073] | v1:G0[0.537,0.231,0.231] | v2:G2[0.275,0.226,0.499] | v3:G2[0.076,0.310,0.614] | v4:G1[0.079,0.598,0.323]
[TopoTrace Step 0] v0:G1[0.374,0.553,0.073] | v1:G0[0.537,0.231,0.231] | v2:G2[0.275,0.226,0.499] | v3:G2[0.076,0.310,0.614] | v4:G1[0.079,0.598,0.323]
[TopoTrace Step 0] v0:G1[0.374,0.553,0.073] | v1:G0[0.537,0.231,0.231] | v2:G2[0.275,0.226,0.499] | v3:G2[0.076,0.310,0.614] | v4:G1[0.079,0.598,0.323]
[TopoTrace Step 0] v0:G1[0.374,0.553,0.073] | v1:G0[0.537,0.231,0.231] | v2:G2[0.275,0.226,0.499] | v3:G2[0.076,0.310,0.614] | v4:G1[0.079,0.598,0.323]
[TopoTrace Step 0] v0:G1[0.374,0.553,0.073] | v1:G0[0.537,0.231,0.231] | v2:G2[0.275,0.226,0.499] | v3:G2[0.076,0.310,0.614] | v4:G1[0.079,0.598,0.323]
[TopoTrace Step 0] v0:G1[0.374,0.553,0.073] | v1:G0[0.537,0.231,0.231] | v2:G2[0.275,0.226,0.499] | v3:G2[0.076,0.310,0.614] | v4:G1[0.079,0.598,0.323]
[TopoTrace Step 0] v0:G1[0.374,0.553,0.073] | v1:G0[0.537,0.231,0.231] | v2:G2[0.275,0.226,0.499] | v3:G2[0.076,0.310,0.614] | v4:G1[0.079,0.598,0.323]
[TopoTrace Step 0] v0:G1[0.374,0.553,0.073] | v1:G0[0.537,0.231,0.231] | v2:G2[0.275,0.226,0.499] | v3:G2[0.076,0.310,0.614] | v4:G1[0.079,0.598,0.323]
[TopoTrace Step 0] v0:G1[0.374,0.553,0.073] | v1:G0[0.537,0.231,0.231] | v2:G2[0.275,0.226,0.499] | v3:G2[0.076,0.310,0.614] | v4:G1[0.079,0.598,0.323]
[TopoTrace Step 0] v0:G1[0.374,0.553,0.073] | v1:G0[0.537,0.231,0.231] | v2:G2[0.275,0.226,0.499] | v3:G2[0.076,0.310,0.614] | v4:G1[0.079,0.598,0.323]
[TopoTrace Step 0] v0:G1[0.374,0.553,0.073] | v1:G0[0.537,0.231,0.231] | v2:G2[0.275,0.226,0.499] | v3:G2[0.076,0.310,0.614] | v4:G1[0.079,0.598,0.323]
[TopoTrace Step 0] v0:G1[0.374,0.553,0.073] | v1:G0[0.537,0.231,0.231] | v2:G2[0.275,0.226,0.499] | v3:G2[0.076,0.310,0.614] | v4:G1[0.079,0.598,0.323]
[TopoTrace Step 0] v0:G1[0.374,0.553,0.073] | v1:G0[0.537,0.231,0.231] | v2:G2[0.275,0.226,0.499] | v3:G2[0.076,0.310,0.614] | v4:G1[0.079,0.598,0.323]
[TopoTrace Step 0] v0:G1[0.374,0.553,0.073] | v1:G0[0.537,0.231,0.231] | v2:G2[0.275,0.226,0.499] | v3:G2[0.076,0.310,0.614] | v4:G1[0.079,0.598,0.323]
[TopoTrace Step 0] v0:G1[0.374,0.553,0.073] | v1:G0[0.537,0.231,0.231] | v2:G2[0.275,0.226,0.499] | v3:G2[0.076,0.310,0.614] | v4:G1[0.079,0.598,0.323]
[TopoTrace Step 0] v0:G1[0.374,0.553,0.073] | v1:G0[0.537,0.231,0.231] | v2:G2[0.275,0.226,0.499] | v3:G2[0.076,0.310,0.614] | v4:G1[0.079,0.598,0.323]
[TopoTrace Step 0] v0:G1[0.374,0.553,0.073] | v1:G0[0.537,0.231,0.231] | v2:G2[0.275,0.226,0.499] | v3:G2[0.076,0.310,0.614] | v4:G1[0.079,0.598,0.323]
[TopoTrace Step 0] v0:G1[0.374,0.553,0.073] | v1:G0[0.537,0.231,0.231] | v2:G2[0.275,0.226,0.499] | v3:G2[0.076,0.310,0.614] | v4:G1[0.079,0.598,0.323]
[TopoTrace Step 0] v0:G1[0.374,0.553,0.073] | v1:G0[0.537,0.231,0.231] | v2:G2[0.275,0.226,0.499] | v3:G2[0.076,0.310,0.614] | v4:G1[0.079,0.598,0.323]
[TopoTrace Step 0] v0:G1[0.374,0.553,0.073] | v1:G0[0.537,0.231,0.231] | v2:G2[0.275,0.226,0.499] | v3:G2[0.076,0.310,0.614] | v4:G1[0.079,0.598,0.323]
[TopoTrace Step 0] v0:G1[0.374,0.553,0.073] | v1:G0[0.537,0.231,0.231] | v2:G2[0.275,0.226,0.499] | v3:G2[0.076,0.310,0.614] | v4:G1[0.079,0.598,0.323]
[TopoTrace Step 0] v0:G1[0.374,0.553,0.073] | v1:G0[0.537,0.231,0.231] | v2:G2[0.275,0.226,0.499] | v3:G2[0.076,0.310,0.614] | v4:G1[0.079,0.598,0.323]
[TopoTrace Step 0] v0:G1[0.374,0.553,0.073] | v1:G0[0.537,0.231,0.231] | v2:G2[0.275,0.226,0.499] | v3:G2[0.076,0.310,0.614] | v4:G1[0.079,0.598,0.323]
[TopoTrace Step 0] v0:G1[0.374,0.553,0.073] | v1:G0[0.537,0.231,0.231] | v2:G2[0.275,0.226,0.499] | v3:G2[0.076,0.310,0.614] | v4:G1[0.079,0.598,0.323]
[TopoTrace Step 0] v0:G1[0.374,0.553,0.073] | v1:G0[0.537,0.231,0.231] | v2:G2[0.275,0.226,0.499] | v3:G2[0.076,0.310,0.614] | v4:G1[0.079,0.598,0.323]
[TopoTrace Step 0] v0:G1[0.374,0.553,0.073] | v1:G0[0.537,0.231,0.231] | v2:G2[0.275,0.226,0.499] | v3:G2[0.076,0.310,0.614] | v4:G1[0.079,0.598,0.323]
[TopoTrace Step 0] v0:G1[0.374,0.553,0.073] | v1:G0[0.537,0.231,0.231] | v2:G2[0.275,0.226,0.499] | v3:G2[0.076,0.310,0.614] | v4:G1[0.079,0.598,0.323]
[TopoTrace Step 0] v0:G1[0.374,0.553,0.073] | v1:G0[0.537,0.231,0.231] | v2:G2[0.275,0.226,0.499] | v3:G2[0.076,0.310,0.614] | v4:G1[0.079,0.598,0.323]
[TopoTrace Step 0] v0:G1[0.374,0.553,0.073] | v1:G0[0.537,0.231,0.231] | v2:G2[0.275,0.226,0.499] | v3:G2[0.076,0.310,0.614] | v4:G1[0.079,0.598,0.323]
[TopoTrace Step 0] v0:G1[0.374,0.553,0.073] | v1:G0[0.537,0.231,0.231] | v2:G2[0.275,0.226,0.499] | v3:G2[0.076,0.310,0.614] | v4:G1[0.079,0.598,0.323][TopoTrace Step 0] v0:G1[0.374,0.553,0.073] | v1:G0[0.537,0.231,0.231] | v2:G2[0.275,0.226,0.499] | v3:G2[0.076,0.310,0.614] | v4:G1[0.079,0.598,0.323]

[TopoTrace Step 0] v0:G1[0.374,0.553,0.073] | v1:G0[0.537,0.231,0.231] | v2:G2[0.275,0.226,0.499] | v3:G2[0.076,0.310,0.614] | v4:G1[0.079,0.598,0.323]
[TopoTrace Step 0] v0:G1[0.374,0.553,0.073] | v1:G0[0.537,0.231,0.231] | v2:G2[0.275,0.226,0.499] | v3:G2[0.076,0.310,0.614] | v4:G1[0.079,0.598,0.323]
[TopoTrace Step 0] v0:G1[0.374,0.553,0.073] | v1:G0[0.537,0.231,0.231] | v2:G2[0.275,0.226,0.499] | v3:G2[0.076,0.310,0.614] | v4:G1[0.079,0.598,0.323]
[TopoTrace Step 0] v0:G1[0.374,0.553,0.073] | v1:G0[0.537,0.231,0.231] | v2:G2[0.275,0.226,0.499] | v3:G2[0.076,0.310,0.614] | v4:G1[0.079,0.598,0.323]
[TopoTrace Step 0] v0:G1[0.374,0.553,0.073] | v1:G0[0.537,0.231,0.231] | v2:G2[0.275,0.226,0.499] | v3:G2[0.076,0.310,0.614] | v4:G1[0.079,0.598,0.323]
[TopoTrace Step 0] v0:G1[0.374,0.553,0.073] | v1:G0[0.537,0.231,0.231] | v2:G2[0.275,0.226,0.499] | v3:G2[0.076,0.310,0.614] | v4:G1[0.079,0.598,0.323]
[TopoTrace Step 0] v0:G1[0.374,0.553,0.073] | v1:G0[0.537,0.231,0.231] | v2:G2[0.275,0.226,0.499] | v3:G2[0.076,0.310,0.614] | v4:G1[0.079,0.598,0.323]
[TopoTrace Step 0] v0:G1[0.374,0.553,0.073] | v1:G0[0.537,0.231,0.231] | v2:G2[0.275,0.226,0.499] | v3:G2[0.076,0.310,0.614] | v4:G1[0.079,0.598,0.323]
[TopoTrace Step 0] v0:G1[0.374,0.553,0.073] | v1:G0[0.537,0.231,0.231] | v2:G2[0.275,0.226,0.499] | v3:G2[0.076,0.310,0.614] | v4:G1[0.079,0.598,0.323]
[TopoTrace Step 0] v0:G1[0.374,0.553,0.073] | v1:G0[0.537,0.231,0.231] | v2:G2[0.275,0.226,0.499] | v3:G2[0.076,0.310,0.614] | v4:G1[0.079,0.598,0.323]
[TopoTrace Step 0] v0:G1[0.374,0.553,0.073] | v1:G0[0.537,0.231,0.231] | v2:G2[0.275,0.226,0.499] | v3:G2[0.076,0.310,0.614] | v4:G1[0.079,0.598,0.323]
[TopoTrace Step 0] v0:G1[0.374,0.553,0.073] | v1:G0[0.537,0.231,0.231] | v2:G2[0.275,0.226,0.499] | v3:G2[0.076,0.310,0.614] | v4:G1[0.079,0.598,0.323]
	iters: 100, epoch: 4 | loss: 0.3682588
	speed: 9.0572s/iter; left time: 17743.0471s
[TopoTrace Step 0] v0:G1[0.374,0.553,0.073] | v1:G0[0.537,0.231,0.231] | v2:G2[0.275,0.226,0.499] | v3:G2[0.076,0.310,0.614] | v4:G1[0.079,0.598,0.323]
[TopoTrace Step 0] v0:G1[0.374,0.553,0.073] | v1:G0[0.537,0.231,0.231] | v2:G2[0.275,0.226,0.499] | v3:G2[0.076,0.310,0.614] | v4:G1[0.079,0.598,0.323]
[TopoTrace Step 0] v0:G1[0.374,0.553,0.073] | v1:G0[0.537,0.231,0.231] | v2:G2[0.275,0.226,0.499] | v3:G2[0.076,0.310,0.614] | v4:G1[0.079,0.598,0.323]
[TopoTrace Step 0] v0:G1[0.374,0.553,0.073] | v1:G0[0.537,0.231,0.231] | v2:G2[0.275,0.226,0.499] | v3:G2[0.076,0.310,0.614] | v4:G1[0.079,0.598,0.323]
[TopoTrace Step 0] v0:G1[0.374,0.553,0.073] | v1:G0[0.537,0.231,0.231] | v2:G2[0.275,0.226,0.499] | v3:G2[0.076,0.310,0.614] | v4:G1[0.079,0.598,0.323]
[TopoTrace Step 0] v0:G1[0.374,0.553,0.073] | v1:G0[0.537,0.231,0.231] | v2:G2[0.275,0.226,0.499] | v3:G2[0.076,0.310,0.614] | v4:G1[0.079,0.598,0.323]
[TopoTrace Step 0] v0:G1[0.374,0.553,0.073] | v1:G0[0.537,0.231,0.231] | v2:G2[0.275,0.226,0.499] | v3:G2[0.076,0.310,0.614] | v4:G1[0.079,0.598,0.323]
[TopoTrace Step 0] v0:G1[0.374,0.553,0.073] | v1:G0[0.537,0.231,0.231] | v2:G2[0.275,0.226,0.499] | v3:G2[0.076,0.310,0.614] | v4:G1[0.079,0.598,0.323]
[TopoTrace Step 0] v0:G1[0.374,0.553,0.073] | v1:G0[0.537,0.231,0.231] | v2:G2[0.275,0.226,0.499] | v3:G2[0.076,0.310,0.614] | v4:G1[0.079,0.598,0.323]
[TopoTrace Step 0] v0:G1[0.374,0.553,0.073] | v1:G0[0.537,0.231,0.231] | v2:G2[0.275,0.226,0.499] | v3:G2[0.076,0.310,0.614] | v4:G1[0.079,0.598,0.323]
[TopoTrace Step 0] v0:G1[0.374,0.553,0.073] | v1:G0[0.537,0.231,0.231] | v2:G2[0.275,0.226,0.499] | v3:G2[0.076,0.310,0.614] | v4:G1[0.079,0.598,0.323]
[TopoTrace Step 0] v0:G1[0.374,0.553,0.073] | v1:G0[0.537,0.231,0.231] | v2:G2[0.275,0.226,0.499] | v3:G2[0.076,0.310,0.614] | v4:G1[0.079,0.598,0.323]
[TopoTrace Step 0] v0:G1[0.374,0.553,0.073] | v1:G0[0.537,0.231,0.231] | v2:G2[0.275,0.226,0.499] | v3:G2[0.076,0.310,0.614] | v4:G1[0.079,0.598,0.323]
[TopoTrace Step 0] v0:G1[0.374,0.553,0.073] | v1:G0[0.537,0.231,0.231] | v2:G2[0.275,0.226,0.499] | v3:G2[0.076,0.310,0.614] | v4:G1[0.079,0.598,0.323]
[TopoTrace Step 0] v0:G1[0.374,0.553,0.073] | v1:G0[0.537,0.231,0.231] | v2:G2[0.275,0.226,0.499] | v3:G2[0.076,0.310,0.614] | v4:G1[0.079,0.598,0.323]
[TopoTrace Step 0] v0:G1[0.374,0.553,0.073] | v1:G0[0.537,0.231,0.231] | v2:G2[0.275,0.226,0.499] | v3:G2[0.076,0.310,0.614] | v4:G1[0.079,0.598,0.323]
[TopoTrace Step 0] v0:G1[0.374,0.553,0.073] | v1:G0[0.537,0.231,0.231] | v2:G2[0.275,0.226,0.499] | v3:G2[0.076,0.310,0.614] | v4:G1[0.079,0.598,0.323]
[TopoTrace Step 0] v0:G1[0.374,0.553,0.073] | v1:G0[0.537,0.231,0.231] | v2:G2[0.275,0.226,0.499] | v3:G2[0.076,0.310,0.614] | v4:G1[0.079,0.598,0.323]
[TopoTrace Step 0] v0:G1[0.374,0.553,0.073] | v1:G0[0.537,0.231,0.231] | v2:G2[0.275,0.226,0.499] | v3:G2[0.076,0.310,0.614] | v4:G1[0.079,0.598,0.323]
[TopoTrace Step 0] v0:G1[0.374,0.553,0.073] | v1:G0[0.537,0.231,0.231] | v2:G2[0.275,0.226,0.499] | v3:G2[0.076,0.310,0.614] | v4:G1[0.079,0.598,0.323]
[TopoTrace Step 0] v0:G1[0.374,0.553,0.073] | v1:G0[0.537,0.231,0.231] | v2:G2[0.275,0.226,0.499] | v3:G2[0.076,0.310,0.614] | v4:G1[0.079,0.598,0.323]
[TopoTrace Step 0] v0:G1[0.374,0.553,0.073] | v1:G0[0.537,0.231,0.231] | v2:G2[0.275,0.226,0.499] | v3:G2[0.076,0.310,0.614] | v4:G1[0.079,0.598,0.323]
[TopoTrace Step 0] v0:G1[0.374,0.553,0.073] | v1:G0[0.537,0.231,0.231] | v2:G2[0.275,0.226,0.499] | v3:G2[0.076,0.310,0.614] | v4:G1[0.079,0.598,0.323][TopoTrace Step 0] v0:G1[0.374,0.553,0.073] | v1:G0[0.537,0.231,0.231] | v2:G2[0.275,0.226,0.499] | v3:G2[0.076,0.310,0.614] | v4:G1[0.079,0.598,0.323]

[TopoTrace Step 0] v0:G1[0.374,0.553,0.073] | v1:G0[0.538,0.231,0.231] | v2:G2[0.275,0.226,0.499] | v3:G2[0.076,0.310,0.614] | v4:G1[0.079,0.598,0.323]
[TopoTrace Step 0] v0:G1[0.374,0.553,0.073] | v1:G0[0.538,0.231,0.231] | v2:G2[0.275,0.226,0.499] | v3:G2[0.076,0.310,0.614] | v4:G1[0.079,0.598,0.323]
[TopoTrace Step 0] v0:G1[0.374,0.553,0.073] | v1:G0[0.538,0.231,0.231] | v2:G2[0.275,0.226,0.499] | v3:G2[0.076,0.310,0.614] | v4:G1[0.079,0.598,0.323]
[TopoTrace Step 0] v0:G1[0.374,0.553,0.073] | v1:G0[0.538,0.231,0.231] | v2:G2[0.275,0.226,0.499] | v3:G2[0.076,0.310,0.614] | v4:G1[0.079,0.598,0.323]
[TopoTrace Step 0] v0:G1[0.374,0.553,0.073] | v1:G0[0.538,0.231,0.231] | v2:G2[0.275,0.226,0.499] | v3:G2[0.076,0.310,0.614] | v4:G1[0.079,0.598,0.323]
[TopoTrace Step 0] v0:G1[0.374,0.553,0.073] | v1:G0[0.538,0.231,0.231] | v2:G2[0.275,0.226,0.499] | v3:G2[0.076,0.310,0.614] | v4:G1[0.079,0.598,0.323]
[TopoTrace Step 0] v0:G1[0.374,0.553,0.073] | v1:G0[0.538,0.231,0.231] | v2:G2[0.275,0.226,0.499] | v3:G2[0.076,0.310,0.614] | v4:G1[0.079,0.598,0.323]
[TopoTrace Step 0] v0:G1[0.374,0.553,0.073] | v1:G0[0.538,0.231,0.231] | v2:G2[0.275,0.226,0.499] | v3:G2[0.076,0.310,0.614] | v4:G1[0.079,0.598,0.323]
[TopoTrace Step 0] v0:G1[0.374,0.553,0.073] | v1:G0[0.538,0.231,0.231] | v2:G2[0.275,0.226,0.499] | v3:G2[0.076,0.310,0.614] | v4:G1[0.079,0.598,0.323]
[TopoTrace Step 0] v0:G1[0.374,0.553,0.073] | v1:G0[0.538,0.231,0.231] | v2:G2[0.275,0.226,0.499] | v3:G2[0.076,0.310,0.614] | v4:G1[0.079,0.598,0.323]
[TopoTrace Step 0] v0:G1[0.374,0.553,0.073] | v1:G0[0.538,0.231,0.231] | v2:G2[0.275,0.226,0.499] | v3:G2[0.076,0.310,0.614] | v4:G1[0.079,0.598,0.323][TopoTrace Step 0] v0:G1[0.374,0.553,0.073] | v1:G0[0.538,0.231,0.231] | v2:G2[0.275,0.226,0.499] | v3:G2[0.076,0.310,0.614] | v4:G1[0.079,0.598,0.323]

[TopoTrace Step 0] v0:G1[0.374,0.553,0.073] | v1:G0[0.538,0.231,0.231] | v2:G2[0.275,0.226,0.499] | v3:G2[0.076,0.310,0.614] | v4:G1[0.079,0.598,0.323]
[TopoTrace Step 0] v0:G1[0.374,0.553,0.073] | v1:G0[0.538,0.231,0.231] | v2:G2[0.275,0.226,0.499] | v3:G2[0.076,0.310,0.614] | v4:G1[0.079,0.598,0.323]
[TopoTrace Step 0] v0:G1[0.374,0.553,0.073] | v1:G0[0.538,0.231,0.231] | v2:G2[0.275,0.226,0.499] | v3:G2[0.076,0.310,0.614] | v4:G1[0.079,0.598,0.323]
[TopoTrace Step 0] v0:G1[0.374,0.553,0.073] | v1:G0[0.538,0.231,0.231] | v2:G2[0.275,0.226,0.499] | v3:G2[0.076,0.310,0.614] | v4:G1[0.079,0.598,0.323]
[TopoTrace Step 0] v0:G1[0.374,0.553,0.073] | v1:G0[0.538,0.231,0.231] | v2:G2[0.275,0.226,0.499] | v3:G2[0.076,0.310,0.614] | v4:G1[0.079,0.598,0.323][TopoTrace Step 0] v0:G1[0.374,0.553,0.073] | v1:G0[0.538,0.231,0.231] | v2:G2[0.275,0.226,0.499] | v3:G2[0.076,0.310,0.614] | v4:G1[0.079,0.598,0.323]

[TopoTrace Step 0] v0:G1[0.374,0.553,0.073] | v1:G0[0.538,0.231,0.231] | v2:G2[0.275,0.226,0.499] | v3:G2[0.076,0.310,0.614] | v4:G1[0.079,0.598,0.323]
[TopoTrace Step 0] v0:G1[0.374,0.553,0.073] | v1:G0[0.538,0.231,0.231] | v2:G2[0.275,0.226,0.499] | v3:G2[0.076,0.310,0.614] | v4:G1[0.079,0.598,0.323]
[TopoTrace Step 0] v0:G1[0.374,0.553,0.073] | v1:G0[0.538,0.231,0.231] | v2:G2[0.275,0.226,0.499] | v3:G2[0.076,0.309,0.614] | v4:G1[0.079,0.598,0.323]
[TopoTrace Step 0] v0:G1[0.374,0.553,0.073] | v1:G0[0.538,0.231,0.231] | v2:G2[0.275,0.226,0.499] | v3:G2[0.076,0.309,0.614] | v4:G1[0.079,0.598,0.323]
[TopoTrace Step 0] v0:G1[0.374,0.553,0.073] | v1:G0[0.538,0.231,0.231] | v2:G2[0.275,0.226,0.499] | v3:G2[0.076,0.309,0.614] | v4:G1[0.079,0.598,0.323]
[TopoTrace Step 0] v0:G1[0.374,0.553,0.073] | v1:G0[0.538,0.231,0.231] | v2:G2[0.275,0.226,0.499] | v3:G2[0.076,0.309,0.614] | v4:G1[0.079,0.598,0.323]
[TopoTrace Step 0] v0:G1[0.374,0.553,0.073] | v1:G0[0.538,0.231,0.231] | v2:G2[0.275,0.226,0.499] | v3:G2[0.076,0.309,0.614] | v4:G1[0.079,0.598,0.323]
[TopoTrace Step 0] v0:G1[0.374,0.553,0.073] | v1:G0[0.538,0.231,0.231] | v2:G2[0.275,0.226,0.499] | v3:G2[0.076,0.309,0.614] | v4:G1[0.079,0.598,0.323]
[TopoTrace Step 0] v0:G1[0.374,0.553,0.073] | v1:G0[0.538,0.231,0.231] | v2:G2[0.275,0.226,0.499] | v3:G2[0.076,0.309,0.614] | v4:G1[0.079,0.598,0.323]
[TopoTrace Step 0] v0:G1[0.374,0.553,0.073] | v1:G0[0.538,0.231,0.231] | v2:G2[0.275,0.226,0.499] | v3:G2[0.076,0.309,0.614] | v4:G1[0.079,0.598,0.323]
[TopoTrace Step 0] v0:G1[0.374,0.553,0.073] | v1:G0[0.538,0.231,0.231] | v2:G2[0.275,0.226,0.499] | v3:G2[0.076,0.309,0.614] | v4:G1[0.079,0.598,0.323]
[TopoTrace Step 0] v0:G1[0.374,0.553,0.073] | v1:G0[0.538,0.231,0.231] | v2:G2[0.275,0.226,0.499] | v3:G2[0.076,0.309,0.614] | v4:G1[0.079,0.598,0.323]
[TopoTrace Step 0] v0:G1[0.374,0.553,0.073] | v1:G0[0.538,0.231,0.231] | v2:G2[0.275,0.226,0.499] | v3:G2[0.076,0.309,0.614] | v4:G1[0.079,0.598,0.323]
[TopoTrace Step 0] v0:G1[0.374,0.553,0.073] | v1:G0[0.538,0.231,0.231] | v2:G2[0.275,0.226,0.499] | v3:G2[0.076,0.309,0.614] | v4:G1[0.079,0.598,0.323]
[TopoTrace Step 0] v0:G1[0.374,0.553,0.073] | v1:G0[0.538,0.231,0.231] | v2:G2[0.275,0.226,0.499] | v3:G2[0.076,0.309,0.614] | v4:G1[0.079,0.598,0.323]
[TopoTrace Step 0] v0:G1[0.374,0.553,0.073] | v1:G0[0.538,0.231,0.231] | v2:G2[0.275,0.226,0.499] | v3:G2[0.076,0.309,0.614] | v4:G1[0.079,0.598,0.323]
[TopoTrace Step 0] v0:G1[0.373,0.553,0.073] | v1:G0[0.538,0.231,0.231] | v2:G2[0.275,0.226,0.499] | v3:G2[0.076,0.309,0.614] | v4:G1[0.079,0.598,0.323]
[TopoTrace Step 0] v0:G1[0.373,0.553,0.073] | v1:G0[0.538,0.231,0.231] | v2:G2[0.275,0.226,0.499] | v3:G2[0.076,0.309,0.614] | v4:G1[0.079,0.598,0.323]
[TopoTrace Step 0] v0:G1[0.373,0.553,0.073] | v1:G0[0.538,0.231,0.231] | v2:G2[0.275,0.226,0.499] | v3:G2[0.076,0.309,0.614] | v4:G1[0.079,0.598,0.323]
[TopoTrace Step 0] v0:G1[0.373,0.553,0.073] | v1:G0[0.538,0.231,0.231] | v2:G2[0.275,0.226,0.499] | v3:G2[0.076,0.309,0.614] | v4:G1[0.079,0.598,0.323]
[TopoTrace Step 0] v0:G1[0.373,0.553,0.073] | v1:G0[0.538,0.231,0.231] | v2:G2[0.275,0.226,0.499] | v3:G2[0.076,0.309,0.614] | v4:G1[0.079,0.598,0.323]
[TopoTrace Step 0] v0:G1[0.373,0.553,0.073] | v1:G0[0.538,0.231,0.231] | v2:G2[0.275,0.226,0.499] | v3:G2[0.076,0.309,0.614] | v4:G1[0.079,0.598,0.323]
[TopoTrace Step 0] v0:G1[0.373,0.553,0.073] | v1:G0[0.538,0.231,0.231] | v2:G2[0.275,0.226,0.499] | v3:G2[0.076,0.309,0.614] | v4:G1[0.079,0.598,0.323]
[TopoTrace Step 0] v0:G1[0.373,0.553,0.073] | v1:G0[0.538,0.231,0.231] | v2:G2[0.275,0.226,0.499] | v3:G2[0.076,0.309,0.614] | v4:G1[0.079,0.598,0.323]
[TopoTrace Step 0] v0:G1[0.373,0.553,0.073] | v1:G0[0.538,0.231,0.231] | v2:G2[0.275,0.226,0.499] | v3:G2[0.076,0.309,0.614] | v4:G1[0.079,0.598,0.323]
[TopoTrace Step 0] v0:G1[0.373,0.553,0.073] | v1:G0[0.538,0.231,0.231] | v2:G2[0.275,0.226,0.499] | v3:G2[0.076,0.309,0.614] | v4:G1[0.079,0.598,0.323]
[TopoTrace Step 0] v0:G1[0.373,0.553,0.073] | v1:G0[0.538,0.231,0.231] | v2:G2[0.275,0.226,0.499] | v3:G2[0.076,0.309,0.614] | v4:G1[0.079,0.598,0.323]
[TopoTrace Step 0] v0:G1[0.373,0.553,0.073] | v1:G0[0.538,0.231,0.231] | v2:G2[0.275,0.226,0.499] | v3:G2[0.076,0.309,0.614] | v4:G1[0.079,0.598,0.323]
[TopoTrace Step 0] v0:G1[0.373,0.553,0.073] | v1:G0[0.538,0.231,0.231] | v2:G2[0.275,0.226,0.499] | v3:G2[0.076,0.309,0.614] | v4:G1[0.079,0.598,0.323]
[TopoTrace Step 0] v0:G1[0.373,0.553,0.073] | v1:G0[0.538,0.231,0.231] | v2:G2[0.275,0.226,0.499] | v3:G2[0.076,0.309,0.614] | v4:G1[0.079,0.598,0.323]
[TopoTrace Step 0] v0:G1[0.373,0.553,0.073] | v1:G0[0.538,0.231,0.231] | v2:G2[0.275,0.226,0.499] | v3:G2[0.076,0.309,0.614] | v4:G1[0.079,0.598,0.323]
[TopoTrace Step 0] v0:G1[0.373,0.553,0.073] | v1:G0[0.538,0.231,0.231] | v2:G2[0.275,0.226,0.499] | v3:G2[0.076,0.309,0.614] | v4:G1[0.079,0.598,0.323]
[TopoTrace Step 0] v0:G1[0.373,0.553,0.073] | v1:G0[0.538,0.231,0.231] | v2:G2[0.275,0.226,0.499] | v3:G2[0.076,0.309,0.614] | v4:G1[0.079,0.598,0.323]
[TopoTrace Step 0] v0:G1[0.373,0.553,0.073] | v1:G0[0.538,0.231,0.231] | v2:G2[0.275,0.226,0.499] | v3:G2[0.076,0.309,0.614] | v4:G1[0.079,0.598,0.323]
[TopoTrace Step 0] v0:G1[0.373,0.553,0.073] | v1:G0[0.538,0.231,0.231] | v2:G2[0.275,0.226,0.499] | v3:G2[0.076,0.309,0.614] | v4:G1[0.079,0.598,0.323]
[TopoTrace Step 0] v0:G1[0.373,0.553,0.073] | v1:G0[0.538,0.231,0.231] | v2:G2[0.275,0.226,0.499] | v3:G2[0.076,0.309,0.614] | v4:G1[0.079,0.598,0.323]
[TopoTrace Step 0] v0:G1[0.373,0.553,0.073] | v1:G0[0.538,0.231,0.231] | v2:G2[0.275,0.226,0.499] | v3:G2[0.076,0.309,0.614] | v4:G1[0.079,0.598,0.323]
[TopoTrace Step 0] v0:G1[0.373,0.553,0.073] | v1:G0[0.538,0.231,0.231] | v2:G2[0.275,0.226,0.499] | v3:G2[0.076,0.309,0.614] | v4:G1[0.079,0.598,0.323]
[TopoTrace Step 0] v0:G1[0.373,0.553,0.073] | v1:G0[0.538,0.231,0.231] | v2:G2[0.275,0.226,0.499] | v3:G2[0.076,0.309,0.614] | v4:G1[0.079,0.598,0.323]
[TopoTrace Step 0] v0:G1[0.373,0.553,0.073] | v1:G0[0.538,0.231,0.231] | v2:G2[0.275,0.226,0.499] | v3:G2[0.076,0.309,0.614] | v4:G1[0.079,0.598,0.323]
[TopoTrace Step 0] v0:G1[0.373,0.553,0.073] | v1:G0[0.538,0.231,0.231] | v2:G2[0.275,0.226,0.499] | v3:G2[0.076,0.309,0.614] | v4:G1[0.079,0.598,0.323][TopoTrace Step 0] v0:G1[0.373,0.553,0.073] | v1:G0[0.538,0.231,0.231] | v2:G2[0.275,0.226,0.499] | v3:G2[0.076,0.309,0.614] | v4:G1[0.079,0.598,0.323]

[TopoTrace Step 0] v0:G1[0.373,0.553,0.073] | v1:G0[0.538,0.231,0.231] | v2:G2[0.275,0.226,0.499] | v3:G2[0.076,0.309,0.614] | v4:G1[0.079,0.598,0.323]
[TopoTrace Step 0] v0:G1[0.373,0.553,0.073] | v1:G0[0.538,0.231,0.231] | v2:G2[0.275,0.226,0.499] | v3:G2[0.076,0.309,0.614] | v4:G1[0.079,0.598,0.323]
[TopoTrace Step 0] v0:G1[0.373,0.553,0.073] | v1:G0[0.538,0.231,0.231] | v2:G2[0.275,0.226,0.499] | v3:G2[0.076,0.309,0.614] | v4:G1[0.079,0.598,0.323]
[TopoTrace Step 0] v0:G1[0.373,0.553,0.073] | v1:G0[0.538,0.231,0.231] | v2:G2[0.275,0.226,0.499] | v3:G2[0.076,0.309,0.614] | v4:G1[0.079,0.598,0.323]
[TopoTrace Step 0] v0:G1[0.373,0.553,0.073] | v1:G0[0.538,0.231,0.231] | v2:G2[0.275,0.226,0.499] | v3:G2[0.076,0.309,0.614] | v4:G1[0.079,0.598,0.323]
[TopoTrace Step 0] v0:G1[0.373,0.553,0.073] | v1:G0[0.538,0.231,0.231] | v2:G2[0.275,0.226,0.499] | v3:G2[0.076,0.309,0.614] | v4:G1[0.079,0.598,0.323]
[TopoTrace Step 0] v0:G1[0.373,0.553,0.073] | v1:G0[0.538,0.231,0.231] | v2:G2[0.275,0.226,0.499] | v3:G2[0.076,0.309,0.614] | v4:G1[0.079,0.598,0.323]
[TopoTrace Step 0] v0:G1[0.373,0.553,0.073] | v1:G0[0.538,0.231,0.231] | v2:G2[0.275,0.226,0.499] | v3:G2[0.076,0.309,0.614] | v4:G1[0.079,0.598,0.323]
[TopoTrace Step 0] v0:G1[0.373,0.553,0.073] | v1:G0[0.538,0.231,0.231] | v2:G2[0.275,0.226,0.499] | v3:G2[0.076,0.309,0.614] | v4:G1[0.079,0.598,0.323]
[TopoTrace Step 0] v0:G1[0.373,0.553,0.073] | v1:G0[0.538,0.231,0.231] | v2:G2[0.275,0.226,0.499] | v3:G2[0.076,0.309,0.614] | v4:G1[0.079,0.598,0.323]
[TopoTrace Step 0] v0:G1[0.373,0.553,0.073] | v1:G0[0.538,0.231,0.231] | v2:G2[0.275,0.226,0.499] | v3:G2[0.076,0.309,0.614] | v4:G1[0.079,0.598,0.323]
[TopoTrace Step 0] v0:G1[0.373,0.553,0.073] | v1:G0[0.538,0.231,0.231] | v2:G2[0.275,0.226,0.499] | v3:G2[0.076,0.309,0.614] | v4:G1[0.079,0.598,0.323]
[TopoTrace Step 0] v0:G1[0.373,0.553,0.073] | v1:G0[0.538,0.231,0.231] | v2:G2[0.275,0.226,0.499] | v3:G2[0.076,0.309,0.614] | v4:G1[0.079,0.598,0.323]
[TopoTrace Step 0] v0:G1[0.373,0.553,0.073] | v1:G0[0.538,0.231,0.231] | v2:G2[0.275,0.226,0.499] | v3:G2[0.076,0.309,0.614] | v4:G1[0.079,0.598,0.323]
[TopoTrace Step 0] v0:G1[0.373,0.553,0.073] | v1:G0[0.538,0.231,0.231] | v2:G2[0.275,0.226,0.499] | v3:G2[0.076,0.309,0.614] | v4:G1[0.079,0.598,0.323]
[TopoTrace Step 0] v0:G1[0.373,0.553,0.073] | v1:G0[0.538,0.231,0.231] | v2:G2[0.275,0.226,0.499] | v3:G2[0.076,0.309,0.614] | v4:G1[0.079,0.598,0.323]
[TopoTrace Step 0] v0:G1[0.373,0.553,0.073] | v1:G0[0.538,0.231,0.231] | v2:G2[0.275,0.226,0.499] | v3:G2[0.076,0.309,0.614] | v4:G1[0.079,0.598,0.323]
[TopoTrace Step 0] v0:G1[0.373,0.553,0.073] | v1:G0[0.538,0.231,0.231] | v2:G2[0.275,0.226,0.499] | v3:G2[0.076,0.309,0.614] | v4:G1[0.079,0.598,0.323]
[TopoTrace Step 0] v0:G1[0.373,0.553,0.073] | v1:G0[0.538,0.231,0.231] | v2:G2[0.275,0.226,0.499] | v3:G2[0.076,0.309,0.614] | v4:G1[0.079,0.598,0.323]
[TopoTrace Step 0] v0:G1[0.373,0.553,0.073] | v1:G0[0.538,0.231,0.231] | v2:G2[0.275,0.226,0.499] | v3:G2[0.076,0.309,0.614] | v4:G1[0.079,0.598,0.323]
[TopoTrace Step 0] v0:G1[0.373,0.553,0.073] | v1:G0[0.538,0.231,0.231] | v2:G2[0.275,0.226,0.499] | v3:G2[0.076,0.309,0.614] | v4:G1[0.079,0.598,0.323]
[TopoTrace Step 0] v0:G1[0.373,0.553,0.073] | v1:G0[0.538,0.231,0.231] | v2:G2[0.275,0.226,0.499] | v3:G2[0.076,0.309,0.614] | v4:G1[0.079,0.598,0.323]
[TopoTrace Step 0] v0:G1[0.373,0.553,0.073] | v1:G0[0.538,0.231,0.231] | v2:G2[0.275,0.226,0.499] | v3:G2[0.076,0.309,0.614] | v4:G1[0.079,0.598,0.323]
[TopoTrace Step 0] v0:G1[0.373,0.553,0.073] | v1:G0[0.538,0.231,0.231] | v2:G2[0.275,0.226,0.499] | v3:G2[0.076,0.309,0.614] | v4:G1[0.079,0.598,0.323]
[TopoTrace Step 0] v0:G1[0.373,0.553,0.073] | v1:G0[0.538,0.231,0.231] | v2:G2[0.275,0.226,0.499] | v3:G2[0.076,0.309,0.614] | v4:G1[0.079,0.598,0.323]
[TopoTrace Step 0] v0:G1[0.373,0.553,0.073] | v1:G0[0.538,0.231,0.231] | v2:G2[0.275,0.226,0.499] | v3:G2[0.076,0.309,0.614] | v4:G1[0.079,0.598,0.323]
[TopoTrace Step 0] v0:G1[0.373,0.553,0.073] | v1:G0[0.538,0.231,0.231] | v2:G2[0.275,0.226,0.499] | v3:G2[0.076,0.309,0.614] | v4:G1[0.079,0.598,0.323]
[TopoTrace Step 0] v0:G1[0.373,0.553,0.073] | v1:G0[0.538,0.231,0.231] | v2:G2[0.275,0.226,0.499] | v3:G2[0.076,0.309,0.614] | v4:G1[0.079,0.598,0.323]
[TopoTrace Step 0] v0:G1[0.373,0.553,0.073] | v1:G0[0.538,0.231,0.231] | v2:G2[0.275,0.226,0.499] | v3:G2[0.076,0.309,0.614] | v4:G1[0.079,0.598,0.323]
[TopoTrace Step 0] v0:G1[0.373,0.553,0.073] | v1:G0[0.538,0.231,0.231] | v2:G2[0.275,0.226,0.499] | v3:G2[0.076,0.309,0.614] | v4:G1[0.079,0.598,0.323]
[TopoTrace Step 0] v0:G1[0.373,0.553,0.073] | v1:G0[0.538,0.231,0.231] | v2:G2[0.275,0.226,0.499] | v3:G2[0.076,0.309,0.614] | v4:G1[0.079,0.598,0.323]
[TopoTrace Step 0] v0:G1[0.373,0.553,0.073] | v1:G0[0.538,0.231,0.231] | v2:G2[0.275,0.226,0.499] | v3:G2[0.076,0.309,0.614] | v4:G1[0.079,0.598,0.323]
[TopoTrace Step 0] v0:G1[0.373,0.553,0.073] | v1:G0[0.538,0.231,0.231] | v2:G2[0.275,0.226,0.499] | v3:G2[0.076,0.309,0.615] | v4:G1[0.079,0.598,0.323]
[TopoTrace Step 0] v0:G1[0.373,0.553,0.073] | v1:G0[0.538,0.231,0.231] | v2:G2[0.275,0.226,0.499] | v3:G2[0.076,0.309,0.615] | v4:G1[0.079,0.598,0.323]
[TopoTrace Step 0] v0:G1[0.373,0.553,0.073] | v1:G0[0.538,0.231,0.231] | v2:G2[0.275,0.226,0.499] | v3:G2[0.076,0.309,0.615] | v4:G1[0.079,0.598,0.323]
[TopoTrace Step 0] v0:G1[0.373,0.553,0.073] | v1:G0[0.538,0.231,0.231] | v2:G2[0.275,0.226,0.499] | v3:G2[0.076,0.309,0.615] | v4:G1[0.079,0.598,0.323]
[TopoTrace Step 0] v0:G1[0.373,0.553,0.073] | v1:G0[0.538,0.231,0.231] | v2:G2[0.275,0.226,0.499] | v3:G2[0.076,0.309,0.615] | v4:G1[0.079,0.598,0.323]
[TopoTrace Step 0] v0:G1[0.373,0.553,0.073] | v1:G0[0.538,0.231,0.231] | v2:G2[0.275,0.226,0.499] | v3:G2[0.076,0.309,0.615] | v4:G1[0.079,0.598,0.323]
[TopoTrace Step 0] v0:G1[0.373,0.553,0.073] | v1:G0[0.538,0.231,0.231] | v2:G2[0.275,0.226,0.499] | v3:G2[0.076,0.309,0.615] | v4:G1[0.079,0.599,0.323]
[TopoTrace Step 0] v0:G1[0.373,0.553,0.073] | v1:G0[0.538,0.231,0.231] | v2:G2[0.275,0.226,0.499] | v3:G2[0.076,0.309,0.615] | v4:G1[0.079,0.599,0.323]
[TopoTrace Step 0] v0:G1[0.373,0.553,0.073] | v1:G0[0.538,0.231,0.231] | v2:G2[0.275,0.226,0.499] | v3:G2[0.076,0.309,0.615] | v4:G1[0.079,0.599,0.323]
[TopoTrace Step 0] v0:G1[0.373,0.553,0.073] | v1:G0[0.538,0.231,0.231] | v2:G2[0.275,0.226,0.499] | v3:G2[0.076,0.309,0.615] | v4:G1[0.079,0.599,0.323]
[TopoTrace Step 0] v0:G1[0.373,0.553,0.073] | v1:G0[0.538,0.231,0.231] | v2:G2[0.275,0.226,0.499] | v3:G2[0.076,0.309,0.615] | v4:G1[0.079,0.599,0.323]
[TopoTrace Step 0] v0:G1[0.373,0.553,0.073] | v1:G0[0.538,0.231,0.231] | v2:G2[0.275,0.226,0.499] | v3:G2[0.076,0.309,0.615] | v4:G1[0.079,0.599,0.323]
[TopoTrace Step 0] v0:G1[0.373,0.553,0.073] | v1:G0[0.538,0.231,0.231] | v2:G2[0.275,0.226,0.499] | v3:G2[0.076,0.309,0.615] | v4:G1[0.079,0.599,0.323]
[TopoTrace Step 0] v0:G1[0.373,0.553,0.073] | v1:G0[0.538,0.231,0.231] | v2:G2[0.275,0.226,0.499] | v3:G2[0.076,0.309,0.615] | v4:G1[0.079,0.599,0.323]
[TopoTrace Step 0] v0:G1[0.373,0.553,0.073] | v1:G0[0.538,0.231,0.231] | v2:G2[0.275,0.226,0.499] | v3:G2[0.076,0.309,0.615] | v4:G1[0.079,0.599,0.323]
[TopoTrace Step 0] v0:G1[0.373,0.553,0.073] | v1:G0[0.538,0.231,0.231] | v2:G2[0.275,0.226,0.499] | v3:G2[0.076,0.309,0.615] | v4:G1[0.079,0.599,0.323]
[TopoTrace Step 0] v0:G1[0.373,0.553,0.073] | v1:G0[0.538,0.231,0.231] | v2:G2[0.275,0.226,0.499] | v3:G2[0.076,0.309,0.615] | v4:G1[0.079,0.599,0.323]
[TopoTrace Step 0] v0:G1[0.373,0.553,0.073] | v1:G0[0.538,0.231,0.231] | v2:G2[0.275,0.226,0.499] | v3:G2[0.076,0.309,0.615] | v4:G1[0.079,0.599,0.323]
[TopoTrace Step 0] v0:G1[0.373,0.553,0.073] | v1:G0[0.538,0.231,0.231] | v2:G2[0.275,0.226,0.499] | v3:G2[0.076,0.309,0.615] | v4:G1[0.079,0.599,0.323]
[TopoTrace Step 0] v0:G1[0.373,0.553,0.073] | v1:G0[0.538,0.231,0.231] | v2:G2[0.275,0.226,0.499] | v3:G2[0.076,0.309,0.615] | v4:G1[0.079,0.599,0.323]
[TopoTrace Step 0] v0:G1[0.373,0.553,0.073] | v1:G0[0.538,0.231,0.231] | v2:G2[0.275,0.226,0.499] | v3:G2[0.076,0.309,0.615] | v4:G1[0.079,0.599,0.323]
[TopoTrace Step 0] v0:G1[0.373,0.553,0.073] | v1:G0[0.538,0.231,0.231] | v2:G2[0.275,0.226,0.499] | v3:G2[0.076,0.309,0.615] | v4:G1[0.079,0.599,0.323]
[TopoTrace Step 0] v0:G1[0.373,0.553,0.073] | v1:G0[0.538,0.231,0.231] | v2:G2[0.275,0.226,0.499] | v3:G2[0.076,0.309,0.615] | v4:G1[0.079,0.599,0.323]
[TopoTrace Step 0] v0:G1[0.373,0.553,0.073] | v1:G0[0.538,0.231,0.231] | v2:G2[0.275,0.226,0.499] | v3:G2[0.076,0.309,0.615] | v4:G1[0.079,0.599,0.323]
[TopoTrace Step 0] v0:G1[0.373,0.553,0.073] | v1:G0[0.538,0.231,0.231] | v2:G2[0.275,0.226,0.499] | v3:G2[0.076,0.309,0.615] | v4:G1[0.079,0.599,0.323]
[TopoTrace Step 0] v0:G1[0.373,0.553,0.073] | v1:G0[0.538,0.231,0.231] | v2:G2[0.275,0.226,0.499] | v3:G2[0.076,0.309,0.615] | v4:G1[0.079,0.599,0.323]
[TopoTrace Step 0] v0:G1[0.373,0.553,0.073] | v1:G0[0.538,0.231,0.231] | v2:G2[0.275,0.226,0.499] | v3:G2[0.076,0.309,0.615] | v4:G1[0.079,0.599,0.323]
[TopoTrace Step 0] v0:G1[0.373,0.553,0.073] | v1:G0[0.538,0.231,0.231] | v2:G2[0.275,0.226,0.499] | v3:G2[0.076,0.309,0.615] | v4:G1[0.079,0.599,0.323]
[TopoTrace Step 0] v0:G1[0.373,0.553,0.073] | v1:G0[0.538,0.231,0.231] | v2:G2[0.275,0.226,0.499] | v3:G2[0.076,0.309,0.615] | v4:G1[0.079,0.599,0.323]
[TopoTrace Step 0] v0:G1[0.373,0.553,0.073] | v1:G0[0.538,0.231,0.231] | v2:G2[0.275,0.226,0.499] | v3:G2[0.076,0.309,0.615] | v4:G1[0.079,0.599,0.323]
[TopoTrace Step 0] v0:G1[0.373,0.553,0.073] | v1:G0[0.538,0.231,0.231] | v2:G2[0.275,0.226,0.499] | v3:G2[0.076,0.309,0.615] | v4:G1[0.079,0.599,0.323]
[TopoTrace Step 0] v0:G1[0.373,0.553,0.073] | v1:G0[0.538,0.231,0.231] | v2:G2[0.275,0.226,0.499] | v3:G2[0.076,0.309,0.615] | v4:G1[0.079,0.599,0.323]
[TopoTrace Step 0] v0:G1[0.373,0.553,0.073] | v1:G0[0.538,0.231,0.231] | v2:G2[0.275,0.226,0.499] | v3:G2[0.076,0.309,0.615] | v4:G1[0.079,0.599,0.323]
[TopoTrace Step 0] v0:G1[0.373,0.553,0.073] | v1:G0[0.538,0.231,0.231] | v2:G2[0.275,0.226,0.499] | v3:G2[0.076,0.309,0.615] | v4:G1[0.079,0.599,0.323]
[TopoTrace Step 0] v0:G1[0.373,0.553,0.073] | v1:G0[0.538,0.231,0.231] | v2:G2[0.275,0.226,0.499] | v3:G2[0.076,0.309,0.615] | v4:G1[0.079,0.599,0.323]
[TopoTrace Step 0] v0:G1[0.373,0.553,0.073] | v1:G0[0.538,0.231,0.231] | v2:G2[0.275,0.226,0.499] | v3:G2[0.076,0.309,0.615] | v4:G1[0.079,0.599,0.323]
[TopoTrace Step 0] v0:G1[0.373,0.553,0.073] | v1:G0[0.538,0.231,0.231] | v2:G2[0.275,0.226,0.499] | v3:G2[0.076,0.309,0.615] | v4:G1[0.079,0.599,0.323]
[TopoTrace Step 0] v0:G1[0.373,0.553,0.073] | v1:G0[0.538,0.231,0.231] | v2:G2[0.275,0.226,0.499] | v3:G2[0.076,0.309,0.615] | v4:G1[0.079,0.599,0.323]
[TopoTrace Step 0] v0:G1[0.373,0.553,0.073] | v1:G0[0.538,0.231,0.231] | v2:G2[0.275,0.226,0.499] | v3:G2[0.076,0.309,0.615] | v4:G1[0.079,0.599,0.323]
[TopoTrace Step 0] v0:G1[0.373,0.553,0.073] | v1:G0[0.538,0.231,0.231] | v2:G2[0.275,0.226,0.499] | v3:G2[0.076,0.309,0.615] | v4:G1[0.079,0.599,0.323]
[TopoTrace Step 0] v0:G1[0.373,0.553,0.073] | v1:G0[0.538,0.231,0.231] | v2:G2[0.275,0.226,0.499] | v3:G2[0.076,0.309,0.615] | v4:G1[0.079,0.599,0.323]
[TopoTrace Step 0] v0:G1[0.373,0.553,0.073] | v1:G0[0.538,0.231,0.231] | v2:G2[0.275,0.226,0.499] | v3:G2[0.076,0.309,0.615] | v4:G1[0.079,0.599,0.323]
[TopoTrace Step 0] v0:G1[0.373,0.553,0.073] | v1:G0[0.538,0.231,0.231] | v2:G2[0.275,0.226,0.499] | v3:G2[0.076,0.309,0.615] | v4:G1[0.079,0.599,0.323]
[TopoTrace Step 0] v0:G1[0.373,0.553,0.073] | v1:G0[0.538,0.231,0.231] | v2:G2[0.275,0.226,0.499] | v3:G2[0.076,0.309,0.615] | v4:G1[0.079,0.599,0.323]
[TopoTrace Step 0] v0:G1[0.373,0.553,0.073] | v1:G0[0.538,0.231,0.231] | v2:G2[0.275,0.226,0.499] | v3:G2[0.076,0.309,0.615] | v4:G1[0.079,0.599,0.323]
[TopoTrace Step 0] v0:G1[0.373,0.553,0.073] | v1:G0[0.538,0.231,0.231] | v2:G2[0.275,0.226,0.499] | v3:G2[0.076,0.309,0.615] | v4:G1[0.079,0.599,0.323]
[TopoTrace Step 0] v0:G1[0.373,0.553,0.073] | v1:G0[0.538,0.231,0.231] | v2:G2[0.275,0.226,0.499] | v3:G2[0.076,0.309,0.615] | v4:G1[0.079,0.599,0.323]
[TopoTrace Step 0] v0:G1[0.373,0.553,0.073] | v1:G0[0.538,0.231,0.231] | v2:G2[0.275,0.226,0.499] | v3:G2[0.076,0.309,0.615] | v4:G1[0.079,0.599,0.323]
[TopoTrace Step 0] v0:G1[0.373,0.553,0.073] | v1:G0[0.538,0.231,0.231] | v2:G2[0.275,0.226,0.499] | v3:G2[0.076,0.309,0.615] | v4:G1[0.079,0.599,0.323]
[TopoTrace Step 0] v0:G1[0.373,0.553,0.073] | v1:G0[0.538,0.231,0.231] | v2:G2[0.275,0.226,0.499] | v3:G2[0.076,0.309,0.615] | v4:G1[0.079,0.599,0.323]
[TopoTrace Step 0] v0:G1[0.373,0.553,0.073] | v1:G0[0.538,0.231,0.231] | v2:G2[0.275,0.226,0.499] | v3:G2[0.076,0.309,0.615] | v4:G1[0.079,0.599,0.323]
[TopoTrace Step 0] v0:G1[0.373,0.553,0.073] | v1:G0[0.538,0.231,0.231] | v2:G2[0.275,0.226,0.499] | v3:G2[0.076,0.309,0.615] | v4:G1[0.079,0.599,0.323]
[TopoTrace Step 0] v0:G1[0.373,0.553,0.073] | v1:G0[0.538,0.231,0.231] | v2:G2[0.275,0.226,0.499] | v3:G2[0.076,0.309,0.615] | v4:G1[0.079,0.599,0.323]
[TopoTrace Step 0] v0:G1[0.373,0.553,0.073] | v1:G0[0.538,0.231,0.231] | v2:G2[0.275,0.226,0.499] | v3:G2[0.076,0.309,0.615] | v4:G1[0.079,0.599,0.323]
[TopoTrace Step 0] v0:G1[0.373,0.553,0.073] | v1:G0[0.538,0.231,0.231] | v2:G2[0.275,0.226,0.499] | v3:G2[0.076,0.309,0.615] | v4:G1[0.079,0.599,0.323]
[TopoTrace Step 0] v0:G1[0.373,0.553,0.073] | v1:G0[0.538,0.231,0.231] | v2:G2[0.275,0.226,0.499] | v3:G2[0.076,0.309,0.615] | v4:G1[0.079,0.599,0.323]
[TopoTrace Step 0] v0:G1[0.373,0.553,0.073] | v1:G0[0.538,0.231,0.231] | v2:G2[0.275,0.226,0.499] | v3:G2[0.076,0.309,0.615] | v4:G1[0.079,0.599,0.323]
[TopoTrace Step 0] v0:G1[0.373,0.553,0.073] | v1:G0[0.538,0.231,0.231] | v2:G2[0.275,0.226,0.499] | v3:G2[0.076,0.309,0.615] | v4:G1[0.079,0.599,0.323]
[TopoTrace Step 0] v0:G1[0.373,0.553,0.073] | v1:G0[0.538,0.231,0.231] | v2:G2[0.275,0.226,0.499] | v3:G2[0.076,0.309,0.615] | v4:G1[0.078,0.599,0.323]
[TopoTrace Step 0] v0:G1[0.373,0.553,0.073] | v1:G0[0.538,0.231,0.231] | v2:G2[0.275,0.226,0.499] | v3:G2[0.076,0.309,0.615] | v4:G1[0.078,0.599,0.323]
[TopoTrace Step 0] v0:G1[0.373,0.553,0.073] | v1:G0[0.538,0.231,0.231] | v2:G2[0.275,0.226,0.499] | v3:G2[0.076,0.309,0.615] | v4:G1[0.078,0.599,0.323]
[TopoTrace Step 0] v0:G1[0.373,0.553,0.073] | v1:G0[0.538,0.231,0.231] | v2:G2[0.275,0.226,0.499] | v3:G2[0.076,0.309,0.615] | v4:G1[0.078,0.599,0.323]
[TopoTrace Step 0] v0:G1[0.373,0.553,0.073] | v1:G0[0.538,0.231,0.231] | v2:G2[0.275,0.226,0.499] | v3:G2[0.076,0.309,0.615] | v4:G1[0.078,0.599,0.323]
[TopoTrace Step 0] v0:G1[0.373,0.553,0.073] | v1:G0[0.538,0.231,0.231] | v2:G2[0.275,0.226,0.499] | v3:G2[0.076,0.309,0.615] | v4:G1[0.078,0.599,0.323]
[TopoTrace Step 0] v0:G1[0.373,0.553,0.073] | v1:G0[0.538,0.231,0.231] | v2:G2[0.275,0.226,0.499] | v3:G2[0.076,0.309,0.615] | v4:G1[0.078,0.599,0.323]
[TopoTrace Step 0] v0:G1[0.373,0.553,0.073] | v1:G0[0.538,0.231,0.231] | v2:G2[0.275,0.226,0.499] | v3:G2[0.076,0.309,0.615] | v4:G1[0.078,0.599,0.323]
[TopoTrace Step 0] v0:G1[0.373,0.553,0.073] | v1:G0[0.538,0.231,0.231] | v2:G2[0.275,0.226,0.499] | v3:G2[0.076,0.309,0.615] | v4:G1[0.078,0.599,0.323]
[TopoTrace Step 0] v0:G1[0.373,0.553,0.073] | v1:G0[0.538,0.231,0.231] | v2:G2[0.275,0.226,0.499] | v3:G2[0.076,0.309,0.615] | v4:G1[0.078,0.599,0.323]
[TopoTrace Step 0] v0:G1[0.373,0.554,0.073] | v1:G0[0.538,0.231,0.231] | v2:G2[0.275,0.226,0.499] | v3:G2[0.076,0.309,0.615] | v4:G1[0.078,0.599,0.323]
[TopoTrace Step 0] v0:G1[0.373,0.554,0.073] | v1:G0[0.538,0.231,0.231] | v2:G2[0.275,0.226,0.499] | v3:G2[0.076,0.309,0.615] | v4:G1[0.078,0.599,0.323]
[TopoTrace Step 0] v0:G1[0.373,0.554,0.073] | v1:G0[0.538,0.231,0.231] | v2:G2[0.275,0.226,0.499] | v3:G2[0.076,0.309,0.615] | v4:G1[0.078,0.599,0.323]
[TopoTrace Step 0] v0:G1[0.373,0.554,0.073] | v1:G0[0.538,0.231,0.231] | v2:G2[0.275,0.226,0.499] | v3:G2[0.076,0.309,0.615] | v4:G1[0.078,0.599,0.323]
[TopoTrace Step 0] v0:G1[0.373,0.554,0.073] | v1:G0[0.538,0.231,0.231] | v2:G2[0.275,0.226,0.499] | v3:G2[0.076,0.309,0.615] | v4:G1[0.078,0.599,0.323]
[TopoTrace Step 0] v0:G1[0.373,0.554,0.073] | v1:G0[0.538,0.231,0.231] | v2:G2[0.275,0.226,0.499] | v3:G2[0.076,0.309,0.615] | v4:G1[0.078,0.599,0.323]
[TopoTrace Step 0] v0:G1[0.373,0.554,0.073] | v1:G0[0.538,0.231,0.231] | v2:G2[0.275,0.226,0.499] | v3:G2[0.076,0.309,0.615] | v4:G1[0.078,0.599,0.323]
[TopoTrace Step 0] v0:G1[0.373,0.554,0.073] | v1:G0[0.538,0.231,0.231] | v2:G2[0.275,0.226,0.499] | v3:G2[0.076,0.309,0.615] | v4:G1[0.078,0.599,0.323]
[TopoTrace Step 0] v0:G1[0.373,0.554,0.073] | v1:G0[0.538,0.231,0.231] | v2:G2[0.275,0.226,0.499] | v3:G2[0.076,0.309,0.615] | v4:G1[0.078,0.599,0.323]
[TopoTrace Step 0] v0:G1[0.373,0.554,0.073] | v1:G0[0.538,0.231,0.231] | v2:G2[0.275,0.226,0.499] | v3:G2[0.076,0.309,0.615] | v4:G1[0.078,0.599,0.323]
[TopoTrace Step 0] v0:G1[0.373,0.554,0.073] | v1:G0[0.538,0.231,0.231] | v2:G2[0.275,0.226,0.499] | v3:G2[0.076,0.309,0.615] | v4:G1[0.078,0.599,0.323]
[TopoTrace Step 0] v0:G1[0.373,0.554,0.073] | v1:G0[0.538,0.231,0.231] | v2:G2[0.275,0.226,0.499] | v3:G2[0.076,0.309,0.615] | v4:G1[0.078,0.599,0.323]
[TopoTrace Step 0] v0:G1[0.373,0.554,0.073] | v1:G0[0.538,0.231,0.231] | v2:G2[0.275,0.226,0.499] | v3:G2[0.076,0.309,0.615] | v4:G1[0.078,0.599,0.323]
[TopoTrace Step 0] v0:G1[0.373,0.554,0.073] | v1:G0[0.538,0.231,0.231] | v2:G2[0.275,0.226,0.499] | v3:G2[0.076,0.309,0.615] | v4:G1[0.078,0.599,0.323]
[TopoTrace Step 0] v0:G1[0.373,0.554,0.073] | v1:G0[0.538,0.231,0.231] | v2:G2[0.275,0.226,0.499] | v3:G2[0.076,0.309,0.615] | v4:G1[0.078,0.599,0.323]
[TopoTrace Step 0] v0:G1[0.373,0.554,0.073] | v1:G0[0.538,0.231,0.231] | v2:G2[0.275,0.226,0.499] | v3:G2[0.076,0.309,0.615] | v4:G1[0.078,0.599,0.323]
	iters: 200, epoch: 4 | loss: 0.3572548
	speed: 0.2379s/iter; left time: 442.2420s
[TopoTrace Step 0] v0:G1[0.373,0.554,0.073] | v1:G0[0.538,0.231,0.231] | v2:G2[0.275,0.226,0.499] | v3:G2[0.076,0.309,0.615] | v4:G1[0.078,0.599,0.323]
[TopoTrace Step 0] v0:G1[0.373,0.554,0.073] | v1:G0[0.538,0.231,0.231] | v2:G2[0.275,0.226,0.499] | v3:G2[0.076,0.309,0.615] | v4:G1[0.078,0.599,0.323]
[TopoTrace Step 0] v0:G1[0.373,0.554,0.073] | v1:G0[0.538,0.231,0.231] | v2:G2[0.275,0.226,0.499] | v3:G2[0.076,0.309,0.615] | v4:G1[0.078,0.599,0.323]
[TopoTrace Step 0] v0:G1[0.373,0.554,0.073] | v1:G0[0.538,0.231,0.231] | v2:G2[0.275,0.226,0.499] | v3:G2[0.076,0.309,0.615] | v4:G1[0.078,0.599,0.323]
[TopoTrace Step 0] v0:G1[0.373,0.554,0.073] | v1:G0[0.538,0.231,0.231] | v2:G2[0.275,0.226,0.499] | v3:G2[0.076,0.309,0.615] | v4:G1[0.078,0.599,0.323]
[TopoTrace Step 0] v0:G1[0.373,0.554,0.073] | v1:G0[0.538,0.231,0.231] | v2:G2[0.275,0.226,0.499] | v3:G2[0.076,0.309,0.615] | v4:G1[0.078,0.599,0.323]
[TopoTrace Step 0] v0:G1[0.373,0.554,0.073] | v1:G0[0.538,0.231,0.231] | v2:G2[0.275,0.226,0.499] | v3:G2[0.076,0.309,0.615] | v4:G1[0.078,0.599,0.323]
[TopoTrace Step 0] v0:G1[0.373,0.554,0.073] | v1:G0[0.538,0.231,0.231] | v2:G2[0.275,0.226,0.499] | v3:G2[0.076,0.309,0.615] | v4:G1[0.078,0.599,0.323]
[TopoTrace Step 0] v0:G1[0.373,0.554,0.073] | v1:G0[0.538,0.231,0.231] | v2:G2[0.275,0.226,0.499] | v3:G2[0.076,0.309,0.615] | v4:G1[0.078,0.599,0.323]
[TopoTrace Step 0] v0:G1[0.373,0.554,0.073] | v1:G0[0.538,0.231,0.231] | v2:G2[0.275,0.226,0.499] | v3:G2[0.076,0.309,0.615] | v4:G1[0.078,0.599,0.323]
[TopoTrace Step 0] v0:G1[0.373,0.554,0.073] | v1:G0[0.538,0.231,0.231] | v2:G2[0.275,0.226,0.499] | v3:G2[0.076,0.309,0.615] | v4:G1[0.078,0.599,0.323]
[TopoTrace Step 0] v0:G1[0.373,0.554,0.073] | v1:G0[0.538,0.231,0.231] | v2:G2[0.275,0.226,0.499] | v3:G2[0.076,0.309,0.615] | v4:G1[0.078,0.599,0.323]
[TopoTrace Step 0] v0:G1[0.373,0.554,0.073] | v1:G0[0.538,0.231,0.231] | v2:G2[0.275,0.226,0.499] | v3:G2[0.076,0.309,0.615] | v4:G1[0.078,0.599,0.323]
[TopoTrace Step 0] v0:G1[0.373,0.554,0.073] | v1:G0[0.538,0.231,0.231] | v2:G2[0.275,0.226,0.499] | v3:G2[0.076,0.309,0.615] | v4:G1[0.078,0.599,0.323]
[TopoTrace Step 0] v0:G1[0.373,0.554,0.073] | v1:G0[0.538,0.231,0.231] | v2:G2[0.275,0.226,0.499] | v3:G2[0.076,0.309,0.615] | v4:G1[0.078,0.599,0.323]
[TopoTrace Step 0] v0:G1[0.373,0.554,0.073] | v1:G0[0.538,0.231,0.231] | v2:G2[0.275,0.226,0.499] | v3:G2[0.076,0.309,0.615] | v4:G1[0.078,0.599,0.323]
[TopoTrace Step 0] v0:G1[0.373,0.554,0.073] | v1:G0[0.538,0.231,0.231] | v2:G2[0.275,0.226,0.499] | v3:G2[0.076,0.309,0.615] | v4:G1[0.078,0.599,0.323]
[TopoTrace Step 0] v0:G1[0.373,0.554,0.073] | v1:G0[0.538,0.231,0.231] | v2:G2[0.275,0.226,0.499] | v3:G2[0.076,0.309,0.615] | v4:G1[0.078,0.599,0.323]
[TopoTrace Step 0] v0:G1[0.373,0.554,0.073] | v1:G0[0.538,0.231,0.231] | v2:G2[0.275,0.226,0.499] | v3:G2[0.076,0.309,0.615] | v4:G1[0.078,0.599,0.323]
[TopoTrace Step 0] v0:G1[0.373,0.554,0.073] | v1:G0[0.538,0.231,0.231] | v2:G2[0.275,0.226,0.499] | v3:G2[0.076,0.309,0.615] | v4:G1[0.078,0.599,0.323]
[TopoTrace Step 0] v0:G1[0.373,0.554,0.073] | v1:G0[0.538,0.231,0.231] | v2:G2[0.275,0.226,0.499] | v3:G2[0.076,0.309,0.615] | v4:G1[0.078,0.599,0.323]
[TopoTrace Step 0] v0:G1[0.373,0.554,0.073] | v1:G0[0.538,0.231,0.231] | v2:G2[0.275,0.226,0.499] | v3:G2[0.076,0.309,0.615] | v4:G1[0.078,0.599,0.323]
[TopoTrace Step 0] v0:G1[0.373,0.554,0.073] | v1:G0[0.538,0.231,0.231] | v2:G2[0.275,0.226,0.499] | v3:G2[0.076,0.309,0.615] | v4:G1[0.078,0.599,0.323]
[TopoTrace Step 0] v0:G1[0.373,0.554,0.073] | v1:G0[0.538,0.231,0.231] | v2:G2[0.275,0.226,0.499] | v3:G2[0.076,0.309,0.615] | v4:G1[0.078,0.599,0.323]
[TopoTrace Step 0] v0:G1[0.373,0.554,0.073] | v1:G0[0.538,0.231,0.231] | v2:G2[0.275,0.226,0.499] | v3:G2[0.076,0.309,0.615] | v4:G1[0.078,0.599,0.323]
[TopoTrace Step 0] v0:G1[0.373,0.554,0.073] | v1:G0[0.538,0.231,0.231] | v2:G2[0.275,0.226,0.499] | v3:G2[0.076,0.309,0.615] | v4:G1[0.078,0.599,0.323]
[TopoTrace Step 0] v0:G1[0.373,0.554,0.073] | v1:G0[0.538,0.231,0.231] | v2:G2[0.275,0.226,0.499] | v3:G2[0.076,0.309,0.615] | v4:G1[0.078,0.599,0.323]
[TopoTrace Step 0] v0:G1[0.373,0.554,0.073] | v1:G0[0.538,0.231,0.231] | v2:G2[0.275,0.226,0.499] | v3:G2[0.076,0.309,0.615] | v4:G1[0.078,0.599,0.323]
[TopoTrace Step 0] v0:G1[0.373,0.554,0.073] | v1:G0[0.538,0.231,0.231] | v2:G2[0.275,0.226,0.499] | v3:G2[0.076,0.309,0.615] | v4:G1[0.078,0.599,0.323]
[TopoTrace Step 0] v0:G1[0.373,0.554,0.073] | v1:G0[0.538,0.231,0.231] | v2:G2[0.275,0.226,0.499] | v3:G2[0.076,0.309,0.615] | v4:G1[0.078,0.599,0.323]
[TopoTrace Step 0] v0:G1[0.373,0.554,0.073] | v1:G0[0.538,0.231,0.231] | v2:G2[0.275,0.226,0.499] | v3:G2[0.076,0.309,0.615] | v4:G1[0.078,0.599,0.323]
[TopoTrace Step 0] v0:G1[0.373,0.554,0.073] | v1:G0[0.538,0.231,0.231] | v2:G2[0.275,0.226,0.499] | v3:G2[0.076,0.309,0.615] | v4:G1[0.078,0.599,0.323]
[TopoTrace Step 0] v0:G1[0.373,0.554,0.073] | v1:G0[0.538,0.231,0.231] | v2:G2[0.275,0.226,0.499] | v3:G2[0.076,0.309,0.615] | v4:G1[0.078,0.599,0.323]
[TopoTrace Step 0] v0:G1[0.373,0.554,0.073] | v1:G0[0.538,0.231,0.231] | v2:G2[0.275,0.226,0.499] | v3:G2[0.076,0.309,0.615] | v4:G1[0.078,0.599,0.323]
[TopoTrace Step 0] v0:G1[0.373,0.554,0.073] | v1:G0[0.538,0.231,0.231] | v2:G2[0.275,0.226,0.499] | v3:G2[0.076,0.309,0.615] | v4:G1[0.078,0.599,0.323]
[TopoTrace Step 0] v0:G1[0.373,0.554,0.073] | v1:G0[0.538,0.231,0.231] | v2:G2[0.275,0.226,0.499] | v3:G2[0.076,0.309,0.615] | v4:G1[0.078,0.599,0.323]
[TopoTrace Step 0] v0:G1[0.373,0.554,0.073] | v1:G0[0.538,0.231,0.231] | v2:G2[0.275,0.226,0.499] | v3:G2[0.076,0.309,0.615] | v4:G1[0.078,0.599,0.323]
[TopoTrace Step 0] v0:G1[0.373,0.554,0.073] | v1:G0[0.538,0.231,0.231] | v2:G2[0.275,0.226,0.499] | v3:G2[0.076,0.309,0.615] | v4:G1[0.078,0.599,0.323]
[TopoTrace Step 0] v0:G1[0.373,0.554,0.073] | v1:G0[0.538,0.231,0.231] | v2:G2[0.275,0.226,0.499] | v3:G2[0.076,0.309,0.615] | v4:G1[0.078,0.599,0.323]
[TopoTrace Step 0] v0:G1[0.373,0.554,0.073] | v1:G0[0.538,0.231,0.231] | v2:G2[0.275,0.226,0.499] | v3:G2[0.076,0.309,0.615] | v4:G1[0.078,0.599,0.323]
[TopoTrace Step 0] v0:G1[0.373,0.554,0.073] | v1:G0[0.538,0.231,0.231] | v2:G2[0.275,0.226,0.499] | v3:G2[0.076,0.309,0.615] | v4:G1[0.078,0.599,0.323]
[TopoTrace Step 0] v0:G1[0.373,0.554,0.073] | v1:G0[0.538,0.231,0.231] | v2:G2[0.275,0.226,0.499] | v3:G2[0.076,0.309,0.615] | v4:G1[0.078,0.599,0.323]
[TopoTrace Step 0] v0:G1[0.373,0.554,0.073] | v1:G0[0.538,0.231,0.231] | v2:G2[0.275,0.226,0.499] | v3:G2[0.076,0.309,0.615] | v4:G1[0.078,0.599,0.323]
[TopoTrace Step 0] v0:G1[0.373,0.554,0.073] | v1:G0[0.538,0.231,0.231] | v2:G2[0.275,0.226,0.499] | v3:G2[0.076,0.309,0.615] | v4:G1[0.078,0.599,0.323]
[TopoTrace Step 0] v0:G1[0.373,0.554,0.073] | v1:G0[0.538,0.231,0.231] | v2:G2[0.275,0.226,0.499] | v3:G2[0.076,0.309,0.615] | v4:G1[0.078,0.599,0.323]
[TopoTrace Step 0] v0:G1[0.373,0.554,0.073] | v1:G0[0.538,0.231,0.231] | v2:G2[0.275,0.226,0.499] | v3:G2[0.076,0.309,0.615] | v4:G1[0.078,0.599,0.323]
[TopoTrace Step 0] v0:G1[0.373,0.554,0.073] | v1:G0[0.538,0.231,0.231] | v2:G2[0.275,0.226,0.499] | v3:G2[0.076,0.309,0.615] | v4:G1[0.078,0.599,0.323]
[TopoTrace Step 0] v0:G1[0.373,0.554,0.073] | v1:G0[0.538,0.231,0.231] | v2:G2[0.275,0.226,0.499] | v3:G2[0.076,0.309,0.615] | v4:G1[0.078,0.599,0.323]
[TopoTrace Step 0] v0:G1[0.373,0.554,0.073] | v1:G0[0.538,0.231,0.231] | v2:G2[0.275,0.226,0.499] | v3:G2[0.076,0.309,0.615] | v4:G1[0.078,0.599,0.323]
[TopoTrace Step 0] v0:G1[0.373,0.554,0.073] | v1:G0[0.538,0.231,0.231] | v2:G2[0.275,0.226,0.499] | v3:G2[0.076,0.309,0.615] | v4:G1[0.078,0.599,0.323]
[TopoTrace Step 0] v0:G1[0.373,0.554,0.073] | v1:G0[0.538,0.231,0.231] | v2:G2[0.275,0.226,0.499] | v3:G2[0.076,0.309,0.615] | v4:G1[0.078,0.599,0.323]
[TopoTrace Step 0] v0:G1[0.373,0.554,0.073] | v1:G0[0.538,0.231,0.231] | v2:G2[0.275,0.226,0.499] | v3:G2[0.076,0.309,0.615] | v4:G1[0.078,0.599,0.323]
[TopoTrace Step 0] v0:G1[0.373,0.554,0.073] | v1:G0[0.538,0.231,0.231] | v2:G2[0.275,0.226,0.499] | v3:G2[0.076,0.309,0.615] | v4:G1[0.078,0.599,0.323]
[TopoTrace Step 0] v0:G1[0.373,0.554,0.073] | v1:G0[0.538,0.231,0.231] | v2:G2[0.275,0.226,0.499] | v3:G2[0.076,0.309,0.615] | v4:G1[0.078,0.599,0.323]
[TopoTrace Step 0] v0:G1[0.373,0.554,0.073] | v1:G0[0.538,0.231,0.231] | v2:G2[0.275,0.226,0.499] | v3:G2[0.076,0.309,0.615] | v4:G1[0.078,0.599,0.323]
[TopoTrace Step 0] v0:G1[0.373,0.554,0.073] | v1:G0[0.538,0.231,0.231] | v2:G2[0.275,0.226,0.499] | v3:G2[0.076,0.309,0.615] | v4:G1[0.078,0.599,0.323]
[TopoTrace Step 0] v0:G1[0.373,0.554,0.073] | v1:G0[0.538,0.231,0.231] | v2:G2[0.275,0.226,0.499] | v3:G2[0.076,0.309,0.615] | v4:G1[0.078,0.599,0.323]
[TopoTrace Step 0] v0:G1[0.373,0.554,0.073] | v1:G0[0.538,0.231,0.231] | v2:G2[0.275,0.226,0.499] | v3:G2[0.076,0.309,0.615] | v4:G1[0.078,0.599,0.323]
[TopoTrace Step 0] v0:G1[0.373,0.554,0.073] | v1:G0[0.538,0.231,0.231] | v2:G2[0.275,0.226,0.499] | v3:G2[0.076,0.309,0.615] | v4:G1[0.078,0.599,0.323]
[TopoTrace Step 0] v0:G1[0.373,0.554,0.073] | v1:G0[0.538,0.231,0.231] | v2:G2[0.275,0.226,0.499] | v3:G2[0.076,0.309,0.615] | v4:G1[0.078,0.599,0.323]
[TopoTrace Step 0] v0:G1[0.373,0.554,0.073] | v1:G0[0.538,0.231,0.231] | v2:G2[0.275,0.226,0.499] | v3:G2[0.076,0.309,0.615] | v4:G1[0.078,0.599,0.323]
[TopoTrace Step 0] v0:G1[0.373,0.554,0.073] | v1:G0[0.538,0.231,0.231] | v2:G2[0.275,0.226,0.499] | v3:G2[0.076,0.309,0.615] | v4:G1[0.078,0.599,0.323]
[TopoTrace Step 0] v0:G1[0.373,0.554,0.073] | v1:G0[0.538,0.231,0.231] | v2:G2[0.275,0.226,0.499] | v3:G2[0.076,0.309,0.615] | v4:G1[0.078,0.599,0.323]
[TopoTrace Step 0] v0:G1[0.373,0.554,0.073] | v1:G0[0.538,0.231,0.231] | v2:G2[0.275,0.226,0.499] | v3:G2[0.076,0.309,0.615] | v4:G1[0.078,0.599,0.323]
[TopoTrace Step 0] v0:G1[0.373,0.554,0.073] | v1:G0[0.538,0.231,0.231] | v2:G2[0.275,0.226,0.499] | v3:G2[0.076,0.309,0.615] | v4:G1[0.078,0.599,0.323]
[TopoTrace Step 0] v0:G1[0.373,0.554,0.073] | v1:G0[0.538,0.231,0.231] | v2:G2[0.275,0.226,0.499] | v3:G2[0.076,0.309,0.615] | v4:G1[0.078,0.599,0.323]
[TopoTrace Step 0] v0:G1[0.373,0.554,0.073] | v1:G0[0.538,0.231,0.231] | v2:G2[0.275,0.226,0.499] | v3:G2[0.076,0.309,0.615] | v4:G1[0.078,0.599,0.323]
[TopoTrace Step 0] v0:G1[0.373,0.554,0.073] | v1:G0[0.538,0.231,0.231] | v2:G2[0.275,0.226,0.499] | v3:G2[0.076,0.309,0.615] | v4:G1[0.078,0.599,0.323]
[TopoTrace Step 0] v0:G1[0.373,0.554,0.073] | v1:G0[0.538,0.231,0.231] | v2:G2[0.275,0.226,0.499] | v3:G2[0.076,0.309,0.615] | v4:G1[0.078,0.599,0.323]
[TopoTrace Step 0] v0:G1[0.373,0.554,0.073] | v1:G0[0.538,0.231,0.231] | v2:G2[0.275,0.226,0.499] | v3:G2[0.076,0.309,0.615] | v4:G1[0.078,0.599,0.323]
[TopoTrace Step 0] v0:G1[0.373,0.554,0.073] | v1:G0[0.538,0.231,0.231] | v2:G2[0.275,0.226,0.499] | v3:G2[0.076,0.309,0.615] | v4:G1[0.078,0.599,0.323]
[TopoTrace Step 0] v0:G1[0.373,0.554,0.073] | v1:G0[0.538,0.231,0.231] | v2:G2[0.275,0.226,0.499] | v3:G2[0.076,0.309,0.615] | v4:G1[0.078,0.599,0.323]
[TopoTrace Step 0] v0:G1[0.373,0.554,0.073] | v1:G0[0.538,0.231,0.231] | v2:G2[0.275,0.226,0.499] | v3:G2[0.076,0.309,0.615] | v4:G1[0.078,0.599,0.323]
[TopoTrace Step 0] v0:G1[0.373,0.554,0.073] | v1:G0[0.538,0.231,0.231] | v2:G2[0.275,0.226,0.499] | v3:G2[0.076,0.309,0.615] | v4:G1[0.078,0.599,0.323]
[TopoTrace Step 0] v0:G1[0.373,0.554,0.073] | v1:G0[0.538,0.231,0.231] | v2:G2[0.275,0.226,0.499] | v3:G2[0.076,0.309,0.615] | v4:G1[0.078,0.599,0.323]
[TopoTrace Step 0] v0:G1[0.373,0.554,0.073] | v1:G0[0.538,0.231,0.231] | v2:G2[0.275,0.226,0.499] | v3:G2[0.076,0.309,0.615] | v4:G1[0.078,0.599,0.323]
[TopoTrace Step 0] v0:G1[0.373,0.554,0.073] | v1:G0[0.538,0.231,0.231] | v2:G2[0.275,0.226,0.499] | v3:G2[0.076,0.309,0.615] | v4:G1[0.078,0.599,0.323]
[TopoTrace Step 0] v0:G1[0.373,0.554,0.073] | v1:G0[0.538,0.231,0.231] | v2:G2[0.275,0.226,0.499] | v3:G2[0.076,0.309,0.615] | v4:G1[0.078,0.599,0.323]
[TopoTrace Step 0] v0:G1[0.373,0.554,0.073] | v1:G0[0.538,0.231,0.231] | v2:G2[0.275,0.226,0.499] | v3:G2[0.076,0.309,0.615] | v4:G1[0.078,0.599,0.323]
[TopoTrace Step 0] v0:G1[0.373,0.554,0.073] | v1:G0[0.538,0.231,0.231] | v2:G2[0.275,0.226,0.499] | v3:G2[0.076,0.309,0.615] | v4:G1[0.078,0.599,0.323]
[TopoTrace Step 0] v0:G1[0.373,0.554,0.073] | v1:G0[0.538,0.231,0.231] | v2:G2[0.275,0.226,0.499] | v3:G2[0.076,0.309,0.615] | v4:G1[0.078,0.599,0.323]
[TopoTrace Step 0] v0:G1[0.373,0.554,0.073] | v1:G0[0.538,0.231,0.231] | v2:G2[0.275,0.226,0.499] | v3:G2[0.076,0.309,0.615] | v4:G1[0.078,0.599,0.323]
[TopoTrace Step 0] v0:G1[0.373,0.554,0.073] | v1:G0[0.538,0.231,0.231] | v2:G2[0.275,0.226,0.499] | v3:G2[0.076,0.309,0.615] | v4:G1[0.078,0.599,0.323]
[TopoTrace Step 0] v0:G1[0.373,0.554,0.073] | v1:G0[0.538,0.231,0.231] | v2:G2[0.275,0.226,0.499] | v3:G2[0.076,0.309,0.615] | v4:G1[0.078,0.599,0.323]
[TopoTrace Step 0] v0:G1[0.373,0.554,0.073] | v1:G0[0.538,0.231,0.231] | v2:G2[0.275,0.226,0.499] | v3:G2[0.076,0.309,0.615] | v4:G1[0.078,0.599,0.323]
[TopoTrace Step 0] v0:G1[0.373,0.554,0.073] | v1:G0[0.538,0.231,0.231] | v2:G2[0.275,0.226,0.499] | v3:G2[0.076,0.309,0.615] | v4:G1[0.078,0.599,0.323]
[TopoTrace Step 0] v0:G1[0.373,0.554,0.073] | v1:G0[0.538,0.231,0.231] | v2:G2[0.275,0.226,0.499] | v3:G2[0.076,0.309,0.615] | v4:G1[0.078,0.599,0.323]
[TopoTrace Step 0] v0:G1[0.373,0.554,0.073] | v1:G0[0.538,0.231,0.231] | v2:G2[0.275,0.226,0.499] | v3:G2[0.076,0.309,0.615] | v4:G1[0.078,0.599,0.323]
[TopoTrace Step 0] v0:G1[0.373,0.554,0.073] | v1:G0[0.538,0.231,0.231] | v2:G2[0.275,0.226,0.499] | v3:G2[0.076,0.309,0.615] | v4:G1[0.078,0.599,0.323]
[TopoTrace Step 0] v0:G1[0.373,0.554,0.073] | v1:G0[0.538,0.231,0.231] | v2:G2[0.275,0.226,0.499] | v3:G2[0.076,0.309,0.615] | v4:G1[0.078,0.599,0.323]
[TopoTrace Step 0] v0:G1[0.373,0.554,0.073] | v1:G0[0.538,0.231,0.231] | v2:G2[0.275,0.226,0.499] | v3:G2[0.076,0.309,0.615] | v4:G1[0.078,0.599,0.323]
[TopoTrace Step 0] v0:G1[0.373,0.554,0.073] | v1:G0[0.538,0.231,0.231] | v2:G2[0.275,0.226,0.499] | v3:G2[0.076,0.309,0.615] | v4:G1[0.078,0.599,0.323]
[TopoTrace Step 0] v0:G1[0.373,0.554,0.073] | v1:G0[0.538,0.231,0.231] | v2:G2[0.275,0.226,0.499] | v3:G2[0.076,0.309,0.615] | v4:G1[0.078,0.599,0.323]
[TopoTrace Step 0] v0:G1[0.373,0.554,0.073] | v1:G0[0.538,0.231,0.231] | v2:G2[0.275,0.226,0.499] | v3:G2[0.076,0.309,0.615] | v4:G1[0.078,0.599,0.323]
[TopoTrace Step 0] v0:G1[0.373,0.554,0.073] | v1:G0[0.538,0.231,0.231] | v2:G2[0.275,0.226,0.499] | v3:G2[0.076,0.309,0.615] | v4:G1[0.078,0.599,0.323]
[TopoTrace Step 0] v0:G1[0.373,0.554,0.073] | v1:G0[0.538,0.231,0.231] | v2:G2[0.275,0.226,0.499] | v3:G2[0.076,0.309,0.615] | v4:G1[0.078,0.599,0.323]
[TopoTrace Step 0] v0:G1[0.373,0.554,0.073] | v1:G0[0.538,0.231,0.231] | v2:G2[0.275,0.226,0.499] | v3:G2[0.076,0.309,0.615] | v4:G1[0.078,0.599,0.323]
[TopoTrace Step 0] v0:G1[0.373,0.554,0.073] | v1:G0[0.538,0.231,0.231] | v2:G2[0.275,0.226,0.499] | v3:G2[0.076,0.309,0.615] | v4:G1[0.078,0.599,0.323]
[TopoTrace Step 0] v0:G1[0.373,0.554,0.073] | v1:G0[0.538,0.231,0.231] | v2:G2[0.275,0.226,0.499] | v3:G2[0.076,0.309,0.615] | v4:G1[0.078,0.599,0.323][TopoTrace Step 0] v0:G1[0.373,0.554,0.073] | v1:G0[0.538,0.231,0.231] | v2:G2[0.275,0.226,0.499] | v3:G2[0.076,0.309,0.615] | v4:G1[0.078,0.599,0.323]

[TopoTrace Step 0] v0:G1[0.373,0.554,0.073] | v1:G0[0.538,0.231,0.231] | v2:G2[0.275,0.226,0.499] | v3:G2[0.076,0.309,0.615] | v4:G1[0.078,0.599,0.323]
[TopoTrace Step 0] v0:G1[0.373,0.554,0.073] | v1:G0[0.538,0.231,0.231] | v2:G2[0.275,0.226,0.499] | v3:G2[0.076,0.309,0.615] | v4:G1[0.078,0.599,0.323]
[TopoTrace Step 0] v0:G1[0.373,0.554,0.073] | v1:G0[0.538,0.231,0.231] | v2:G2[0.275,0.226,0.499] | v3:G2[0.076,0.309,0.615] | v4:G1[0.078,0.599,0.323]
[TopoTrace Step 0] v0:G1[0.373,0.554,0.073] | v1:G0[0.538,0.231,0.231] | v2:G2[0.275,0.226,0.499] | v3:G2[0.076,0.309,0.615] | v4:G1[0.078,0.599,0.323]
[TopoTrace Step 0] v0:G1[0.373,0.554,0.073] | v1:G0[0.538,0.231,0.231] | v2:G2[0.275,0.226,0.499] | v3:G2[0.076,0.309,0.615] | v4:G1[0.078,0.599,0.323]
[TopoTrace Step 0] v0:G1[0.373,0.554,0.073] | v1:G0[0.538,0.231,0.231] | v2:G2[0.275,0.226,0.499] | v3:G2[0.076,0.309,0.615] | v4:G1[0.078,0.599,0.323]
[TopoTrace Step 0] v0:G1[0.373,0.554,0.073] | v1:G0[0.538,0.231,0.231] | v2:G2[0.275,0.226,0.499] | v3:G2[0.076,0.309,0.615] | v4:G1[0.078,0.599,0.323]
[TopoTrace Step 0] v0:G1[0.373,0.554,0.073] | v1:G0[0.538,0.231,0.231] | v2:G2[0.275,0.226,0.499] | v3:G2[0.076,0.309,0.615] | v4:G1[0.078,0.599,0.323]
[TopoTrace Step 0] v0:G1[0.373,0.554,0.073] | v1:G0[0.538,0.231,0.231] | v2:G2[0.275,0.226,0.499] | v3:G2[0.076,0.309,0.615] | v4:G1[0.078,0.599,0.323]
[TopoTrace Step 0] v0:G1[0.373,0.554,0.073] | v1:G0[0.538,0.231,0.231] | v2:G2[0.275,0.226,0.499] | v3:G2[0.076,0.309,0.615] | v4:G1[0.078,0.599,0.323]
[TopoTrace Step 0] v0:G1[0.373,0.554,0.073] | v1:G0[0.538,0.231,0.231] | v2:G2[0.275,0.226,0.499] | v3:G2[0.076,0.309,0.615] | v4:G1[0.078,0.599,0.323]
[TopoTrace Step 0] v0:G1[0.373,0.554,0.073] | v1:G0[0.538,0.231,0.231] | v2:G2[0.275,0.226,0.499] | v3:G2[0.076,0.309,0.615] | v4:G1[0.078,0.599,0.323]
[TopoTrace Step 0] v0:G1[0.373,0.554,0.073] | v1:G0[0.538,0.231,0.231] | v2:G2[0.275,0.226,0.499] | v3:G2[0.076,0.309,0.615] | v4:G1[0.078,0.599,0.323]
[TopoTrace Step 0] v0:G1[0.373,0.554,0.073] | v1:G0[0.538,0.231,0.231] | v2:G2[0.275,0.226,0.499] | v3:G2[0.076,0.309,0.615] | v4:G1[0.078,0.599,0.323]
[TopoTrace Step 0] v0:G1[0.373,0.554,0.073] | v1:G0[0.538,0.231,0.231] | v2:G2[0.275,0.226,0.499] | v3:G2[0.076,0.309,0.615] | v4:G1[0.078,0.599,0.322]
[TopoTrace Step 0] v0:G1[0.373,0.554,0.073] | v1:G0[0.538,0.231,0.231] | v2:G2[0.275,0.226,0.499] | v3:G2[0.076,0.309,0.615] | v4:G1[0.078,0.599,0.322]
[TopoTrace Step 0] v0:G1[0.373,0.554,0.073] | v1:G0[0.538,0.231,0.231] | v2:G2[0.275,0.226,0.499] | v3:G2[0.076,0.309,0.615] | v4:G1[0.078,0.599,0.322][TopoTrace Step 0] v0:G1[0.373,0.554,0.073] | v1:G0[0.538,0.231,0.231] | v2:G2[0.275,0.226,0.499] | v3:G2[0.076,0.309,0.615] | v4:G1[0.078,0.599,0.322]

[TopoTrace Step 0] v0:G1[0.373,0.554,0.073] | v1:G0[0.538,0.231,0.231] | v2:G2[0.275,0.226,0.499] | v3:G2[0.076,0.309,0.615] | v4:G1[0.078,0.599,0.322]
[TopoTrace Step 0] v0:G1[0.373,0.554,0.073] | v1:G0[0.538,0.231,0.231] | v2:G2[0.275,0.226,0.499] | v3:G2[0.076,0.309,0.615] | v4:G1[0.078,0.599,0.322]
[TopoTrace Step 0] v0:G1[0.373,0.554,0.073] | v1:G0[0.538,0.231,0.231] | v2:G2[0.275,0.226,0.499] | v3:G2[0.076,0.309,0.615] | v4:G1[0.078,0.599,0.322]
[TopoTrace Step 0] v0:G1[0.373,0.554,0.073] | v1:G0[0.538,0.231,0.231] | v2:G2[0.275,0.226,0.499] | v3:G2[0.076,0.309,0.615] | v4:G1[0.078,0.599,0.322]
[TopoTrace Step 0] v0:G1[0.373,0.554,0.073] | v1:G0[0.538,0.231,0.231] | v2:G2[0.275,0.226,0.499] | v3:G2[0.076,0.309,0.615] | v4:G1[0.078,0.599,0.322]
[TopoTrace Step 0] v0:G1[0.373,0.554,0.073] | v1:G0[0.538,0.231,0.231] | v2:G2[0.275,0.226,0.499] | v3:G2[0.076,0.309,0.615] | v4:G1[0.078,0.599,0.322]
[TopoTrace Step 0] v0:G1[0.373,0.554,0.073] | v1:G0[0.538,0.231,0.231] | v2:G2[0.275,0.226,0.499] | v3:G2[0.076,0.309,0.615] | v4:G1[0.078,0.599,0.322]
[TopoTrace Step 0] v0:G1[0.373,0.554,0.073] | v1:G0[0.538,0.231,0.231] | v2:G2[0.275,0.226,0.499] | v3:G2[0.076,0.309,0.615] | v4:G1[0.078,0.599,0.322]
[TopoTrace Step 0] v0:G1[0.373,0.554,0.073] | v1:G0[0.538,0.231,0.231] | v2:G2[0.275,0.226,0.499] | v3:G2[0.076,0.309,0.615] | v4:G1[0.078,0.599,0.322]
[TopoTrace Step 0] v0:G1[0.373,0.554,0.073] | v1:G0[0.538,0.231,0.231] | v2:G2[0.275,0.226,0.499] | v3:G2[0.076,0.309,0.615] | v4:G1[0.078,0.599,0.322]
[TopoTrace Step 0] v0:G1[0.373,0.554,0.073] | v1:G0[0.538,0.231,0.231] | v2:G2[0.275,0.226,0.499] | v3:G2[0.076,0.309,0.615] | v4:G1[0.078,0.599,0.322]
[TopoTrace Step 0] v0:G1[0.373,0.554,0.073] | v1:G0[0.538,0.231,0.231] | v2:G2[0.275,0.226,0.499] | v3:G2[0.076,0.309,0.615] | v4:G1[0.078,0.599,0.322]
[TopoTrace Step 0] v0:G1[0.373,0.554,0.073] | v1:G0[0.538,0.231,0.231] | v2:G2[0.275,0.226,0.499] | v3:G2[0.076,0.309,0.615] | v4:G1[0.078,0.599,0.322]
[TopoTrace Step 0] v0:G1[0.373,0.554,0.073] | v1:G0[0.538,0.231,0.231] | v2:G2[0.275,0.226,0.499] | v3:G2[0.076,0.309,0.615] | v4:G1[0.078,0.599,0.322]
[TopoTrace Step 0] v0:G1[0.373,0.554,0.073] | v1:G0[0.538,0.231,0.231] | v2:G2[0.275,0.226,0.499] | v3:G2[0.076,0.309,0.615] | v4:G1[0.078,0.599,0.322]
[TopoTrace Step 0] v0:G1[0.373,0.554,0.073] | v1:G0[0.538,0.231,0.231] | v2:G2[0.275,0.226,0.499] | v3:G2[0.076,0.309,0.615] | v4:G1[0.078,0.599,0.322]
[TopoTrace Step 0] v0:G1[0.373,0.554,0.073] | v1:G0[0.538,0.231,0.231] | v2:G2[0.275,0.226,0.499] | v3:G2[0.076,0.309,0.615] | v4:G1[0.078,0.599,0.322]
[TopoTrace Step 0] v0:G1[0.373,0.554,0.073] | v1:G0[0.538,0.231,0.231] | v2:G2[0.275,0.226,0.499] | v3:G2[0.076,0.309,0.615] | v4:G1[0.078,0.599,0.322]
[TopoTrace Step 0] v0:G1[0.373,0.554,0.073] | v1:G0[0.538,0.231,0.231] | v2:G2[0.275,0.226,0.499] | v3:G2[0.076,0.309,0.615] | v4:G1[0.078,0.599,0.322]
[TopoTrace Step 0] v0:G1[0.373,0.554,0.073] | v1:G0[0.538,0.231,0.231] | v2:G2[0.275,0.226,0.499] | v3:G2[0.076,0.309,0.615] | v4:G1[0.078,0.599,0.322]
[TopoTrace Step 0] v0:G1[0.373,0.554,0.073] | v1:G0[0.538,0.231,0.231] | v2:G2[0.275,0.226,0.499] | v3:G2[0.076,0.309,0.615] | v4:G1[0.078,0.599,0.322]
[TopoTrace Step 0] v0:G1[0.373,0.554,0.073] | v1:G0[0.538,0.231,0.231] | v2:G2[0.275,0.226,0.499] | v3:G2[0.076,0.309,0.615] | v4:G1[0.078,0.599,0.322]
[TopoTrace Step 0] v0:G1[0.373,0.554,0.073] | v1:G0[0.538,0.231,0.231] | v2:G2[0.275,0.226,0.499] | v3:G2[0.076,0.309,0.615] | v4:G1[0.078,0.599,0.322][TopoTrace Step 0] v0:G1[0.373,0.554,0.073] | v1:G0[0.538,0.231,0.231] | v2:G2[0.275,0.226,0.499] | v3:G2[0.076,0.309,0.615] | v4:G1[0.078,0.599,0.322]

[TopoTrace Step 0] v0:G1[0.373,0.554,0.073] | v1:G0[0.538,0.231,0.231] | v2:G2[0.275,0.226,0.499] | v3:G2[0.076,0.309,0.615] | v4:G1[0.078,0.599,0.322]
[TopoTrace Step 0] v0:G1[0.373,0.554,0.073] | v1:G0[0.538,0.231,0.231] | v2:G2[0.275,0.226,0.499] | v3:G2[0.076,0.309,0.615] | v4:G1[0.078,0.599,0.322]
[TopoTrace Step 0] v0:G1[0.373,0.554,0.073] | v1:G0[0.538,0.231,0.231] | v2:G2[0.275,0.226,0.499] | v3:G2[0.076,0.309,0.615] | v4:G1[0.078,0.599,0.322]
[TopoTrace Step 0] v0:G1[0.373,0.554,0.073] | v1:G0[0.538,0.231,0.231] | v2:G2[0.275,0.226,0.499] | v3:G2[0.076,0.309,0.615] | v4:G1[0.078,0.599,0.322]
[TopoTrace Step 0] v0:G1[0.373,0.554,0.073] | v1:G0[0.538,0.231,0.231] | v2:G2[0.275,0.226,0.499] | v3:G2[0.076,0.309,0.615] | v4:G1[0.078,0.599,0.322]
[TopoTrace Step 0] v0:G1[0.373,0.554,0.073] | v1:G0[0.538,0.231,0.231] | v2:G2[0.275,0.226,0.499] | v3:G2[0.076,0.309,0.615] | v4:G1[0.078,0.599,0.322]
[TopoTrace Step 0] v0:G1[0.373,0.554,0.073] | v1:G0[0.538,0.231,0.231] | v2:G2[0.275,0.226,0.499] | v3:G2[0.076,0.309,0.615] | v4:G1[0.078,0.599,0.322]
[TopoTrace Step 0] v0:G1[0.373,0.554,0.073] | v1:G0[0.538,0.231,0.231] | v2:G2[0.275,0.226,0.499] | v3:G2[0.076,0.309,0.615] | v4:G1[0.078,0.599,0.322]
[TopoTrace Step 0] v0:G1[0.373,0.554,0.073] | v1:G0[0.538,0.231,0.231] | v2:G2[0.275,0.226,0.499] | v3:G2[0.076,0.309,0.615] | v4:G1[0.078,0.599,0.322]
[TopoTrace Step 0] v0:G1[0.373,0.554,0.073] | v1:G0[0.538,0.231,0.231] | v2:G2[0.275,0.226,0.499] | v3:G2[0.076,0.309,0.615] | v4:G1[0.078,0.599,0.322]
[TopoTrace Step 0] v0:G1[0.373,0.554,0.073] | v1:G0[0.538,0.231,0.231] | v2:G2[0.275,0.226,0.499] | v3:G2[0.076,0.309,0.615] | v4:G1[0.078,0.599,0.322]
[TopoTrace Step 0] v0:G1[0.373,0.554,0.073] | v1:G0[0.538,0.231,0.231] | v2:G2[0.275,0.226,0.499] | v3:G2[0.076,0.309,0.615] | v4:G1[0.078,0.599,0.322]
[TopoTrace Step 0] v0:G1[0.373,0.554,0.073] | v1:G0[0.538,0.231,0.231] | v2:G2[0.275,0.226,0.499] | v3:G2[0.076,0.309,0.615] | v4:G1[0.078,0.599,0.322]
[TopoTrace Step 0] v0:G1[0.373,0.554,0.073] | v1:G0[0.538,0.231,0.231] | v2:G2[0.275,0.226,0.499] | v3:G2[0.076,0.309,0.615] | v4:G1[0.078,0.599,0.322]
[TopoTrace Step 0] v0:G1[0.373,0.554,0.073] | v1:G0[0.538,0.231,0.231] | v2:G2[0.275,0.226,0.499] | v3:G2[0.076,0.309,0.615] | v4:G1[0.078,0.599,0.322]
[TopoTrace Step 0] v0:G1[0.373,0.554,0.073] | v1:G0[0.538,0.231,0.231] | v2:G2[0.275,0.226,0.499] | v3:G2[0.076,0.309,0.615] | v4:G1[0.078,0.599,0.322]
[TopoTrace Step 0] v0:G1[0.373,0.554,0.073] | v1:G0[0.538,0.231,0.231] | v2:G2[0.275,0.226,0.499] | v3:G2[0.076,0.309,0.615] | v4:G1[0.078,0.599,0.322]
[TopoTrace Step 0] v0:G1[0.373,0.554,0.073] | v1:G0[0.538,0.231,0.231] | v2:G2[0.275,0.226,0.499] | v3:G2[0.076,0.309,0.615] | v4:G1[0.078,0.599,0.322]
[TopoTrace Step 0] v0:G1[0.373,0.554,0.073] | v1:G0[0.538,0.231,0.231] | v2:G2[0.275,0.226,0.499] | v3:G2[0.076,0.309,0.615] | v4:G1[0.078,0.599,0.322]
[TopoTrace Step 0] v0:G1[0.373,0.554,0.073] | v1:G0[0.538,0.231,0.231] | v2:G2[0.275,0.226,0.499] | v3:G2[0.076,0.309,0.615] | v4:G1[0.078,0.599,0.322]
[TopoTrace Step 0] v0:G1[0.373,0.554,0.073] | v1:G0[0.538,0.231,0.231] | v2:G2[0.275,0.226,0.499] | v3:G2[0.076,0.309,0.615] | v4:G1[0.078,0.599,0.322]
[TopoTrace Step 0] v0:G1[0.373,0.554,0.073] | v1:G0[0.538,0.231,0.231] | v2:G2[0.275,0.226,0.499] | v3:G2[0.076,0.309,0.615] | v4:G1[0.078,0.599,0.322]
[TopoTrace Step 0] v0:G1[0.373,0.554,0.073] | v1:G0[0.538,0.231,0.231] | v2:G2[0.275,0.226,0.499] | v3:G2[0.076,0.309,0.615] | v4:G1[0.078,0.599,0.322]
[TopoTrace Step 0] v0:G1[0.373,0.554,0.073] | v1:G0[0.538,0.231,0.231] | v2:G2[0.275,0.226,0.499] | v3:G2[0.076,0.309,0.615] | v4:G1[0.078,0.599,0.322]
[TopoTrace Step 0] v0:G1[0.373,0.554,0.073] | v1:G0[0.538,0.231,0.231] | v2:G2[0.275,0.226,0.499] | v3:G2[0.076,0.309,0.615] | v4:G1[0.078,0.599,0.322]
[TopoTrace Step 0] v0:G1[0.373,0.554,0.073] | v1:G0[0.538,0.231,0.231] | v2:G2[0.275,0.226,0.499] | v3:G2[0.076,0.309,0.615] | v4:G1[0.078,0.599,0.322]
[TopoTrace Step 0] v0:G1[0.373,0.554,0.073] | v1:G0[0.538,0.231,0.231] | v2:G2[0.275,0.226,0.499] | v3:G2[0.076,0.308,0.615] | v4:G1[0.078,0.599,0.322]
[TopoTrace Step 0] v0:G1[0.373,0.554,0.073] | v1:G0[0.538,0.231,0.231] | v2:G2[0.275,0.226,0.499] | v3:G2[0.076,0.308,0.615] | v4:G1[0.078,0.599,0.322]
[TopoTrace Step 0] v0:G1[0.373,0.554,0.073] | v1:G0[0.538,0.231,0.231] | v2:G2[0.275,0.226,0.499] | v3:G2[0.076,0.308,0.615] | v4:G1[0.078,0.599,0.322]
[TopoTrace Step 0] v0:G1[0.373,0.554,0.073] | v1:G0[0.538,0.231,0.231] | v2:G2[0.275,0.226,0.499] | v3:G2[0.076,0.308,0.615] | v4:G1[0.078,0.599,0.322]
[TopoTrace Step 0] v0:G1[0.373,0.554,0.073] | v1:G0[0.538,0.231,0.231] | v2:G2[0.275,0.226,0.499] | v3:G2[0.076,0.308,0.615] | v4:G1[0.078,0.599,0.322]
[TopoTrace Step 0] v0:G1[0.373,0.554,0.073] | v1:G0[0.538,0.231,0.231] | v2:G2[0.275,0.226,0.499] | v3:G2[0.076,0.308,0.615] | v4:G1[0.078,0.599,0.322]
[TopoTrace Step 0] v0:G1[0.373,0.554,0.073] | v1:G0[0.538,0.231,0.231] | v2:G2[0.275,0.226,0.499] | v3:G2[0.076,0.308,0.616] | v4:G1[0.078,0.599,0.322]
[TopoTrace Step 0] v0:G1[0.373,0.554,0.073] | v1:G0[0.538,0.231,0.231] | v2:G2[0.275,0.226,0.499] | v3:G2[0.076,0.308,0.616] | v4:G1[0.078,0.599,0.322]
[TopoTrace Step 0] v0:G1[0.373,0.554,0.073] | v1:G0[0.538,0.231,0.231] | v2:G2[0.275,0.226,0.499] | v3:G2[0.076,0.308,0.616] | v4:G1[0.078,0.599,0.322]
[TopoTrace Step 0] v0:G1[0.373,0.554,0.073] | v1:G0[0.538,0.231,0.231] | v2:G2[0.275,0.226,0.499] | v3:G2[0.076,0.308,0.616] | v4:G1[0.078,0.599,0.322]
[TopoTrace Step 0] v0:G1[0.373,0.554,0.073] | v1:G0[0.538,0.231,0.231] | v2:G2[0.275,0.226,0.499] | v3:G2[0.076,0.308,0.616] | v4:G1[0.078,0.599,0.322]
[TopoTrace Step 0] v0:G1[0.373,0.554,0.073] | v1:G0[0.538,0.231,0.231] | v2:G2[0.275,0.226,0.499] | v3:G2[0.076,0.308,0.616] | v4:G1[0.078,0.599,0.322]
[TopoTrace Step 0] v0:G1[0.373,0.554,0.073] | v1:G0[0.538,0.231,0.231] | v2:G2[0.275,0.226,0.499] | v3:G2[0.076,0.308,0.616] | v4:G1[0.078,0.599,0.322]
[TopoTrace Step 0] v0:G1[0.373,0.554,0.073] | v1:G0[0.538,0.231,0.231] | v2:G2[0.275,0.226,0.499] | v3:G2[0.076,0.308,0.616] | v4:G1[0.078,0.599,0.322]
[TopoTrace Step 0] v0:G1[0.373,0.554,0.073] | v1:G0[0.538,0.231,0.231] | v2:G2[0.275,0.226,0.499] | v3:G2[0.076,0.308,0.616] | v4:G1[0.078,0.599,0.322]
[TopoTrace Step 0] v0:G1[0.373,0.554,0.073] | v1:G0[0.538,0.231,0.231] | v2:G2[0.275,0.226,0.499] | v3:G2[0.076,0.308,0.616] | v4:G1[0.078,0.599,0.322]
[TopoTrace Step 0] v0:G1[0.373,0.554,0.073] | v1:G0[0.538,0.231,0.231] | v2:G2[0.275,0.226,0.499] | v3:G2[0.076,0.308,0.616] | v4:G1[0.078,0.599,0.322]
[TopoTrace Step 0] v0:G1[0.373,0.554,0.073] | v1:G0[0.538,0.231,0.231] | v2:G2[0.275,0.226,0.499] | v3:G2[0.076,0.308,0.616] | v4:G1[0.078,0.599,0.322]
[TopoTrace Step 0] v0:G1[0.373,0.554,0.073] | v1:G0[0.538,0.231,0.231] | v2:G2[0.275,0.226,0.499] | v3:G2[0.076,0.308,0.616] | v4:G1[0.078,0.599,0.322]
[TopoTrace Step 0] v0:G1[0.373,0.554,0.073] | v1:G0[0.538,0.231,0.231] | v2:G2[0.275,0.226,0.499] | v3:G2[0.076,0.308,0.616] | v4:G1[0.078,0.599,0.322]
Epoch: 4 cost time: 71.8874135017395
Epoch: 4, Steps: 294 | Train Loss: 0.4491843 Vali Loss: 0.2879371 Test Loss: 3.9696374
EarlyStopping counter: 2 out of 3
Updating learning rate to 1.25e-05
[TopoTrace Step 0] v0:G1[0.373,0.554,0.073] | v1:G0[0.538,0.231,0.231] | v2:G2[0.275,0.226,0.499] | v3:G2[0.076,0.308,0.616] | v4:G1[0.078,0.599,0.322]
[TopoTrace Step 0] v0:G1[0.373,0.554,0.073] | v1:G0[0.538,0.231,0.231] | v2:G2[0.275,0.226,0.499] | v3:G2[0.076,0.308,0.616] | v4:G1[0.078,0.599,0.322]
[TopoTrace Step 0] v0:G1[0.373,0.554,0.073] | v1:G0[0.538,0.231,0.231] | v2:G2[0.275,0.226,0.499] | v3:G2[0.076,0.308,0.616] | v4:G1[0.078,0.599,0.322]
[TopoTrace Step 0] v0:G1[0.373,0.554,0.073] | v1:G0[0.538,0.231,0.231] | v2:G2[0.275,0.226,0.499] | v3:G2[0.076,0.308,0.616] | v4:G1[0.078,0.599,0.322]
[TopoTrace Step 0] v0:G1[0.373,0.554,0.073] | v1:G0[0.538,0.231,0.231] | v2:G2[0.275,0.226,0.499] | v3:G2[0.076,0.308,0.616] | v4:G1[0.078,0.599,0.322]
[TopoTrace Step 0] v0:G1[0.373,0.554,0.073] | v1:G0[0.538,0.231,0.231] | v2:G2[0.275,0.226,0.499] | v3:G2[0.076,0.308,0.616] | v4:G1[0.078,0.599,0.322]
[TopoTrace Step 0] v0:G1[0.373,0.554,0.073] | v1:G0[0.538,0.231,0.231] | v2:G2[0.275,0.226,0.499] | v3:G2[0.076,0.308,0.616] | v4:G1[0.078,0.599,0.322]
[TopoTrace Step 0] v0:G1[0.373,0.554,0.073] | v1:G0[0.538,0.231,0.231] | v2:G2[0.275,0.226,0.499] | v3:G2[0.076,0.308,0.616] | v4:G1[0.078,0.599,0.322]
[TopoTrace Step 0] v0:G1[0.373,0.554,0.073] | v1:G0[0.539,0.231,0.231] | v2:G2[0.275,0.226,0.499] | v3:G2[0.076,0.308,0.616] | v4:G1[0.078,0.599,0.322]
[TopoTrace Step 0] v0:G1[0.373,0.554,0.073] | v1:G0[0.539,0.231,0.231] | v2:G2[0.275,0.226,0.499] | v3:G2[0.076,0.308,0.616] | v4:G1[0.078,0.599,0.322]
[TopoTrace Step 0] v0:G1[0.373,0.554,0.073] | v1:G0[0.539,0.231,0.231] | v2:G2[0.275,0.226,0.499] | v3:G2[0.076,0.308,0.616] | v4:G1[0.078,0.599,0.322]
[TopoTrace Step 0] v0:G1[0.373,0.554,0.073] | v1:G0[0.539,0.231,0.231] | v2:G2[0.275,0.226,0.499] | v3:G2[0.076,0.308,0.616] | v4:G1[0.078,0.599,0.322]
[TopoTrace Step 0] v0:G1[0.373,0.554,0.073] | v1:G0[0.539,0.231,0.231] | v2:G2[0.275,0.226,0.499] | v3:G2[0.076,0.308,0.616] | v4:G1[0.078,0.599,0.322]
[TopoTrace Step 0] v0:G1[0.373,0.554,0.073] | v1:G0[0.539,0.231,0.231] | v2:G2[0.275,0.226,0.499] | v3:G2[0.076,0.308,0.616] | v4:G1[0.078,0.599,0.322]
[TopoTrace Step 0] v0:G1[0.373,0.554,0.073] | v1:G0[0.539,0.231,0.231] | v2:G2[0.275,0.226,0.499] | v3:G2[0.076,0.308,0.616] | v4:G1[0.078,0.599,0.322]
[TopoTrace Step 0] v0:G1[0.373,0.554,0.073] | v1:G0[0.539,0.231,0.231] | v2:G2[0.275,0.226,0.499] | v3:G2[0.076,0.308,0.616] | v4:G1[0.078,0.599,0.322]
[TopoTrace Step 0] v0:G1[0.373,0.554,0.073] | v1:G0[0.539,0.231,0.231] | v2:G2[0.275,0.226,0.499] | v3:G2[0.076,0.308,0.616] | v4:G1[0.078,0.599,0.322]
[TopoTrace Step 0] v0:G1[0.373,0.554,0.073] | v1:G0[0.539,0.231,0.231] | v2:G2[0.275,0.226,0.499] | v3:G2[0.076,0.308,0.616] | v4:G1[0.078,0.599,0.322]
[TopoTrace Step 0] v0:G1[0.373,0.554,0.073] | v1:G0[0.539,0.231,0.231] | v2:G2[0.275,0.226,0.499] | v3:G2[0.076,0.308,0.616] | v4:G1[0.078,0.599,0.322]
[TopoTrace Step 0] v0:G1[0.373,0.554,0.073] | v1:G0[0.539,0.231,0.231] | v2:G2[0.275,0.226,0.499] | v3:G2[0.076,0.308,0.616] | v4:G1[0.078,0.599,0.322]
[TopoTrace Step 0] v0:G1[0.373,0.554,0.073] | v1:G0[0.539,0.231,0.231] | v2:G2[0.275,0.226,0.499] | v3:G2[0.076,0.308,0.616] | v4:G1[0.078,0.599,0.322]
[TopoTrace Step 0] v0:G1[0.373,0.554,0.073] | v1:G0[0.539,0.231,0.231] | v2:G2[0.275,0.226,0.499] | v3:G2[0.076,0.308,0.616] | v4:G1[0.078,0.599,0.322]
[TopoTrace Step 0] v0:G1[0.373,0.554,0.073] | v1:G0[0.539,0.231,0.231] | v2:G2[0.275,0.226,0.499] | v3:G2[0.076,0.308,0.616] | v4:G1[0.078,0.599,0.322]
[TopoTrace Step 0] v0:G1[0.373,0.554,0.073] | v1:G0[0.539,0.231,0.231] | v2:G2[0.275,0.226,0.499] | v3:G2[0.076,0.308,0.616] | v4:G1[0.078,0.599,0.322]
[TopoTrace Step 0] v0:G1[0.373,0.554,0.073] | v1:G0[0.539,0.231,0.231] | v2:G2[0.275,0.226,0.499] | v3:G2[0.076,0.308,0.616] | v4:G1[0.078,0.599,0.322]
[TopoTrace Step 0] v0:G1[0.373,0.554,0.073] | v1:G0[0.539,0.231,0.231] | v2:G2[0.275,0.226,0.499] | v3:G2[0.076,0.308,0.616] | v4:G1[0.078,0.599,0.322]
[TopoTrace Step 0] v0:G1[0.373,0.554,0.073] | v1:G0[0.539,0.231,0.231] | v2:G2[0.275,0.226,0.499] | v3:G2[0.076,0.308,0.616] | v4:G1[0.078,0.599,0.322]
[TopoTrace Step 0] v0:G1[0.373,0.554,0.073] | v1:G0[0.539,0.231,0.231] | v2:G2[0.275,0.226,0.499] | v3:G2[0.076,0.308,0.616] | v4:G1[0.078,0.599,0.322]
[TopoTrace Step 0] v0:G1[0.373,0.554,0.073] | v1:G0[0.539,0.231,0.231] | v2:G2[0.275,0.226,0.499] | v3:G2[0.076,0.308,0.616] | v4:G1[0.078,0.599,0.322][TopoTrace Step 0] v0:G1[0.373,0.554,0.073] | v1:G0[0.539,0.231,0.231] | v2:G2[0.275,0.226,0.499] | v3:G2[0.076,0.308,0.616] | v4:G1[0.078,0.599,0.322]

[TopoTrace Step 0] v0:G1[0.373,0.554,0.073] | v1:G0[0.539,0.231,0.231] | v2:G2[0.275,0.226,0.499] | v3:G2[0.076,0.308,0.616] | v4:G1[0.078,0.599,0.322]
[TopoTrace Step 0] v0:G1[0.373,0.554,0.073] | v1:G0[0.539,0.231,0.231] | v2:G2[0.275,0.226,0.499] | v3:G2[0.076,0.308,0.616] | v4:G1[0.078,0.599,0.322]
[TopoTrace Step 0] v0:G1[0.373,0.554,0.073] | v1:G0[0.539,0.231,0.231] | v2:G2[0.275,0.226,0.499] | v3:G2[0.076,0.308,0.616] | v4:G1[0.078,0.599,0.322]
[TopoTrace Step 0] v0:G1[0.373,0.554,0.073] | v1:G0[0.539,0.231,0.231] | v2:G2[0.275,0.226,0.499] | v3:G2[0.076,0.308,0.616] | v4:G1[0.078,0.599,0.322]
[TopoTrace Step 0] v0:G1[0.373,0.554,0.073] | v1:G0[0.539,0.231,0.231] | v2:G2[0.275,0.226,0.499] | v3:G2[0.076,0.308,0.616] | v4:G1[0.078,0.599,0.322]
[TopoTrace Step 0] v0:G1[0.373,0.554,0.073] | v1:G0[0.539,0.231,0.231] | v2:G2[0.275,0.226,0.499] | v3:G2[0.076,0.308,0.616] | v4:G1[0.078,0.599,0.322]
[TopoTrace Step 0] v0:G1[0.373,0.554,0.073] | v1:G0[0.539,0.231,0.231] | v2:G2[0.275,0.226,0.499] | v3:G2[0.076,0.308,0.616] | v4:G1[0.078,0.599,0.322]
[TopoTrace Step 0] v0:G1[0.373,0.554,0.073] | v1:G0[0.539,0.231,0.231] | v2:G2[0.275,0.226,0.499] | v3:G2[0.076,0.308,0.616] | v4:G1[0.078,0.599,0.322]
[TopoTrace Step 0] v0:G1[0.373,0.554,0.073] | v1:G0[0.539,0.231,0.231] | v2:G2[0.275,0.226,0.499] | v3:G2[0.076,0.308,0.616] | v4:G1[0.078,0.599,0.322]
[TopoTrace Step 0] v0:G1[0.373,0.554,0.073] | v1:G0[0.539,0.231,0.231] | v2:G2[0.275,0.226,0.499] | v3:G2[0.076,0.308,0.616] | v4:G1[0.078,0.599,0.322]
[TopoTrace Step 0] v0:G1[0.373,0.554,0.073] | v1:G0[0.539,0.231,0.231] | v2:G2[0.275,0.226,0.499] | v3:G2[0.076,0.308,0.616] | v4:G1[0.078,0.599,0.322]
[TopoTrace Step 0] v0:G1[0.373,0.554,0.073] | v1:G0[0.539,0.231,0.231] | v2:G2[0.275,0.226,0.499] | v3:G2[0.076,0.308,0.616] | v4:G1[0.078,0.599,0.322]
[TopoTrace Step 0] v0:G1[0.373,0.554,0.073] | v1:G0[0.539,0.231,0.231] | v2:G2[0.275,0.226,0.499] | v3:G2[0.076,0.308,0.616] | v4:G1[0.078,0.599,0.322]
[TopoTrace Step 0] v0:G1[0.373,0.554,0.073] | v1:G0[0.539,0.231,0.231] | v2:G2[0.275,0.226,0.499] | v3:G2[0.076,0.308,0.616] | v4:G1[0.078,0.599,0.322]
[TopoTrace Step 0] v0:G1[0.373,0.554,0.073] | v1:G0[0.539,0.231,0.231] | v2:G2[0.275,0.226,0.499] | v3:G2[0.076,0.308,0.616] | v4:G1[0.078,0.599,0.322]
[TopoTrace Step 0] v0:G1[0.373,0.554,0.073] | v1:G0[0.539,0.231,0.231] | v2:G2[0.275,0.226,0.499] | v3:G2[0.076,0.308,0.616] | v4:G1[0.078,0.599,0.322]
[TopoTrace Step 0] v0:G1[0.373,0.554,0.073] | v1:G0[0.539,0.231,0.231] | v2:G2[0.275,0.226,0.499] | v3:G2[0.076,0.308,0.616] | v4:G1[0.078,0.599,0.322]
[TopoTrace Step 0] v0:G1[0.373,0.554,0.073] | v1:G0[0.539,0.231,0.231] | v2:G2[0.275,0.226,0.499] | v3:G2[0.076,0.308,0.616] | v4:G1[0.078,0.599,0.322]
[TopoTrace Step 0] v0:G1[0.373,0.554,0.073] | v1:G0[0.539,0.231,0.231] | v2:G2[0.275,0.226,0.499] | v3:G2[0.076,0.308,0.616] | v4:G1[0.078,0.599,0.322]
[TopoTrace Step 0] v0:G1[0.373,0.554,0.073] | v1:G0[0.539,0.231,0.231] | v2:G2[0.275,0.226,0.499] | v3:G2[0.076,0.308,0.616] | v4:G1[0.078,0.599,0.322]
[TopoTrace Step 0] v0:G1[0.373,0.554,0.073] | v1:G0[0.539,0.231,0.231] | v2:G2[0.275,0.226,0.499] | v3:G2[0.076,0.308,0.616] | v4:G1[0.078,0.599,0.322]
[TopoTrace Step 0] v0:G1[0.373,0.554,0.073] | v1:G0[0.539,0.231,0.231] | v2:G2[0.275,0.226,0.499] | v3:G2[0.076,0.308,0.616] | v4:G1[0.078,0.599,0.322]
[TopoTrace Step 0] v0:G1[0.373,0.554,0.073] | v1:G0[0.539,0.231,0.231] | v2:G2[0.275,0.226,0.499] | v3:G2[0.076,0.308,0.616] | v4:G1[0.078,0.599,0.322]
[TopoTrace Step 0] v0:G1[0.373,0.554,0.073] | v1:G0[0.539,0.231,0.231] | v2:G2[0.275,0.226,0.499] | v3:G2[0.076,0.308,0.616] | v4:G1[0.078,0.599,0.322]
[TopoTrace Step 0] v0:G1[0.373,0.554,0.073] | v1:G0[0.539,0.231,0.231] | v2:G2[0.275,0.226,0.499] | v3:G2[0.076,0.308,0.616] | v4:G1[0.078,0.599,0.322]
[TopoTrace Step 0] v0:G1[0.373,0.554,0.073] | v1:G0[0.539,0.231,0.231] | v2:G2[0.275,0.226,0.499] | v3:G2[0.076,0.308,0.616] | v4:G1[0.078,0.599,0.322]
[TopoTrace Step 0] v0:G1[0.373,0.554,0.073] | v1:G0[0.539,0.231,0.231] | v2:G2[0.275,0.226,0.499] | v3:G2[0.076,0.308,0.616] | v4:G1[0.078,0.599,0.322]
[TopoTrace Step 0] v0:G1[0.373,0.554,0.073] | v1:G0[0.539,0.231,0.231] | v2:G2[0.275,0.226,0.499] | v3:G2[0.076,0.308,0.616] | v4:G1[0.078,0.599,0.322]
[TopoTrace Step 0] v0:G1[0.373,0.554,0.073] | v1:G0[0.539,0.231,0.231] | v2:G2[0.275,0.226,0.499] | v3:G2[0.076,0.308,0.616] | v4:G1[0.078,0.599,0.322]
[TopoTrace Step 0] v0:G1[0.373,0.554,0.073] | v1:G0[0.539,0.231,0.231] | v2:G2[0.275,0.226,0.499] | v3:G2[0.076,0.308,0.616] | v4:G1[0.078,0.599,0.322]
[TopoTrace Step 0] v0:G1[0.373,0.554,0.073] | v1:G0[0.539,0.231,0.231] | v2:G2[0.275,0.226,0.499] | v3:G2[0.076,0.308,0.616] | v4:G1[0.078,0.599,0.322]
[TopoTrace Step 0] v0:G1[0.373,0.554,0.073] | v1:G0[0.539,0.231,0.231] | v2:G2[0.275,0.226,0.499] | v3:G2[0.076,0.308,0.616] | v4:G1[0.078,0.599,0.322]
[TopoTrace Step 0] v0:G1[0.373,0.554,0.073] | v1:G0[0.539,0.231,0.231] | v2:G2[0.275,0.226,0.499] | v3:G2[0.076,0.308,0.616] | v4:G1[0.078,0.599,0.322]
[TopoTrace Step 0] v0:G1[0.373,0.554,0.073] | v1:G0[0.539,0.231,0.231] | v2:G2[0.275,0.226,0.499] | v3:G2[0.076,0.308,0.616] | v4:G1[0.078,0.599,0.322]
[TopoTrace Step 0] v0:G1[0.373,0.554,0.073] | v1:G0[0.539,0.231,0.231] | v2:G2[0.275,0.226,0.499] | v3:G2[0.076,0.308,0.616] | v4:G1[0.078,0.599,0.322]
[TopoTrace Step 0] v0:G1[0.373,0.554,0.073] | v1:G0[0.539,0.231,0.231] | v2:G2[0.275,0.226,0.499] | v3:G2[0.076,0.308,0.616] | v4:G1[0.078,0.599,0.322]
[TopoTrace Step 0] v0:G1[0.373,0.554,0.073] | v1:G0[0.539,0.231,0.231] | v2:G2[0.275,0.226,0.499] | v3:G2[0.076,0.308,0.616] | v4:G1[0.078,0.599,0.322]
[TopoTrace Step 0] v0:G1[0.373,0.554,0.073] | v1:G0[0.539,0.231,0.231] | v2:G2[0.275,0.226,0.499] | v3:G2[0.076,0.308,0.616] | v4:G1[0.078,0.599,0.322]
[TopoTrace Step 0] v0:G1[0.373,0.554,0.073] | v1:G0[0.539,0.231,0.231] | v2:G2[0.275,0.226,0.499] | v3:G2[0.076,0.308,0.616] | v4:G1[0.078,0.599,0.322]
[TopoTrace Step 0] v0:G1[0.373,0.554,0.073] | v1:G0[0.539,0.231,0.231] | v2:G2[0.275,0.226,0.499] | v3:G2[0.076,0.308,0.616] | v4:G1[0.078,0.599,0.322]
[TopoTrace Step 0] v0:G1[0.373,0.554,0.073] | v1:G0[0.539,0.231,0.231] | v2:G2[0.275,0.226,0.499] | v3:G2[0.076,0.308,0.616] | v4:G1[0.078,0.599,0.322]
[TopoTrace Step 0] v0:G1[0.373,0.554,0.073] | v1:G0[0.539,0.231,0.231] | v2:G2[0.275,0.226,0.499] | v3:G2[0.076,0.308,0.616] | v4:G1[0.078,0.599,0.322]
[TopoTrace Step 0] v0:G1[0.373,0.554,0.073] | v1:G0[0.539,0.231,0.231] | v2:G2[0.275,0.226,0.499] | v3:G2[0.076,0.308,0.616] | v4:G1[0.078,0.599,0.322]
[TopoTrace Step 0] v0:G1[0.373,0.554,0.073] | v1:G0[0.539,0.231,0.231] | v2:G2[0.275,0.226,0.499] | v3:G2[0.076,0.308,0.616] | v4:G1[0.078,0.599,0.322]
[TopoTrace Step 0] v0:G1[0.372,0.554,0.073] | v1:G0[0.539,0.231,0.231] | v2:G2[0.275,0.226,0.499] | v3:G2[0.076,0.308,0.616] | v4:G1[0.078,0.599,0.322]
[TopoTrace Step 0] v0:G1[0.372,0.554,0.073] | v1:G0[0.539,0.231,0.231] | v2:G2[0.275,0.226,0.499] | v3:G2[0.076,0.308,0.616] | v4:G1[0.078,0.599,0.322]
[TopoTrace Step 0] v0:G1[0.372,0.554,0.073] | v1:G0[0.539,0.231,0.231] | v2:G2[0.275,0.226,0.499] | v3:G2[0.076,0.308,0.616] | v4:G1[0.078,0.599,0.322]
[TopoTrace Step 0] v0:G1[0.372,0.554,0.073] | v1:G0[0.539,0.231,0.231] | v2:G2[0.275,0.226,0.499] | v3:G2[0.076,0.308,0.616] | v4:G1[0.078,0.599,0.322]
[TopoTrace Step 0] v0:G1[0.372,0.554,0.073] | v1:G0[0.539,0.231,0.231] | v2:G2[0.275,0.226,0.499] | v3:G2[0.076,0.308,0.616] | v4:G1[0.078,0.599,0.322]
[TopoTrace Step 0] v0:G1[0.372,0.554,0.073] | v1:G0[0.539,0.231,0.231] | v2:G2[0.275,0.226,0.499] | v3:G2[0.076,0.308,0.616] | v4:G1[0.078,0.599,0.322]
[TopoTrace Step 0] v0:G1[0.372,0.554,0.073] | v1:G0[0.539,0.231,0.231] | v2:G2[0.275,0.226,0.499] | v3:G2[0.076,0.308,0.616] | v4:G1[0.078,0.599,0.322]
[TopoTrace Step 0] v0:G1[0.372,0.554,0.073] | v1:G0[0.539,0.231,0.231] | v2:G2[0.275,0.226,0.499] | v3:G2[0.076,0.308,0.616] | v4:G1[0.078,0.599,0.322]
[TopoTrace Step 0] v0:G1[0.372,0.554,0.073] | v1:G0[0.539,0.231,0.231] | v2:G2[0.275,0.226,0.499] | v3:G2[0.076,0.308,0.616] | v4:G1[0.078,0.599,0.322]
[TopoTrace Step 0] v0:G1[0.372,0.554,0.073] | v1:G0[0.539,0.231,0.231] | v2:G2[0.275,0.226,0.499] | v3:G2[0.076,0.308,0.616] | v4:G1[0.078,0.599,0.322]
[TopoTrace Step 0] v0:G1[0.372,0.554,0.073] | v1:G0[0.539,0.231,0.231] | v2:G2[0.275,0.226,0.499] | v3:G2[0.076,0.308,0.616] | v4:G1[0.078,0.599,0.322]
[TopoTrace Step 0] v0:G1[0.372,0.554,0.073] | v1:G0[0.539,0.231,0.231] | v2:G2[0.275,0.226,0.499] | v3:G2[0.076,0.308,0.616] | v4:G1[0.078,0.599,0.322]
[TopoTrace Step 0] v0:G1[0.372,0.554,0.073] | v1:G0[0.539,0.231,0.231] | v2:G2[0.275,0.226,0.499] | v3:G2[0.076,0.308,0.616] | v4:G1[0.078,0.599,0.322]
[TopoTrace Step 0] v0:G1[0.372,0.554,0.073] | v1:G0[0.539,0.231,0.231] | v2:G2[0.275,0.226,0.499] | v3:G2[0.076,0.308,0.616] | v4:G1[0.078,0.599,0.322]
[TopoTrace Step 0] v0:G1[0.372,0.554,0.073] | v1:G0[0.539,0.231,0.231] | v2:G2[0.275,0.226,0.499] | v3:G2[0.076,0.308,0.616] | v4:G1[0.078,0.599,0.322]
[TopoTrace Step 0] v0:G1[0.372,0.554,0.073] | v1:G0[0.539,0.231,0.231] | v2:G2[0.275,0.226,0.499] | v3:G2[0.076,0.308,0.616] | v4:G1[0.078,0.599,0.322]
[TopoTrace Step 0] v0:G1[0.372,0.554,0.073] | v1:G0[0.539,0.231,0.231] | v2:G2[0.275,0.226,0.499] | v3:G2[0.076,0.308,0.616] | v4:G1[0.078,0.599,0.322]
[TopoTrace Step 0] v0:G1[0.372,0.554,0.073] | v1:G0[0.539,0.231,0.231] | v2:G2[0.275,0.226,0.499] | v3:G2[0.076,0.308,0.616] | v4:G1[0.078,0.599,0.322]
[TopoTrace Step 0] v0:G1[0.372,0.554,0.073] | v1:G0[0.539,0.231,0.231] | v2:G2[0.275,0.226,0.499] | v3:G2[0.076,0.308,0.616] | v4:G1[0.078,0.599,0.322]
[TopoTrace Step 0] v0:G1[0.372,0.554,0.073] | v1:G0[0.539,0.231,0.231] | v2:G2[0.275,0.226,0.499] | v3:G2[0.076,0.308,0.616] | v4:G1[0.078,0.599,0.322]
[TopoTrace Step 0] v0:G1[0.372,0.554,0.073] | v1:G0[0.539,0.231,0.231] | v2:G2[0.275,0.226,0.499] | v3:G2[0.076,0.308,0.616] | v4:G1[0.078,0.599,0.322]
[TopoTrace Step 0] v0:G1[0.372,0.554,0.073] | v1:G0[0.539,0.231,0.231] | v2:G2[0.275,0.226,0.499] | v3:G2[0.076,0.308,0.616] | v4:G1[0.078,0.599,0.322]
[TopoTrace Step 0] v0:G1[0.372,0.554,0.073] | v1:G0[0.539,0.231,0.231] | v2:G2[0.275,0.226,0.499] | v3:G2[0.076,0.308,0.616] | v4:G1[0.078,0.599,0.322]
[TopoTrace Step 0] v0:G1[0.372,0.554,0.073] | v1:G0[0.539,0.231,0.231] | v2:G2[0.275,0.226,0.499] | v3:G2[0.076,0.308,0.616] | v4:G1[0.078,0.599,0.322]
[TopoTrace Step 0] v0:G1[0.372,0.554,0.073] | v1:G0[0.539,0.231,0.231] | v2:G2[0.275,0.226,0.499] | v3:G2[0.076,0.308,0.616] | v4:G1[0.078,0.599,0.322]
[TopoTrace Step 0] v0:G1[0.372,0.554,0.073] | v1:G0[0.539,0.231,0.231] | v2:G2[0.275,0.226,0.499] | v3:G2[0.076,0.308,0.616] | v4:G1[0.078,0.599,0.322]
[TopoTrace Step 0] v0:G1[0.372,0.554,0.073] | v1:G0[0.539,0.231,0.231] | v2:G2[0.275,0.226,0.499] | v3:G2[0.076,0.308,0.616] | v4:G1[0.078,0.599,0.322]
[TopoTrace Step 0] v0:G1[0.372,0.554,0.073] | v1:G0[0.539,0.231,0.231] | v2:G2[0.275,0.226,0.499] | v3:G2[0.076,0.308,0.616] | v4:G1[0.078,0.599,0.322]
[TopoTrace Step 0] v0:G1[0.372,0.554,0.073] | v1:G0[0.539,0.231,0.231] | v2:G2[0.275,0.226,0.499] | v3:G2[0.076,0.308,0.616] | v4:G1[0.078,0.599,0.322]
[TopoTrace Step 0] v0:G1[0.372,0.554,0.073] | v1:G0[0.539,0.231,0.231] | v2:G2[0.275,0.226,0.499] | v3:G2[0.076,0.308,0.616] | v4:G1[0.078,0.599,0.322]
[TopoTrace Step 0] v0:G1[0.372,0.554,0.073] | v1:G0[0.539,0.231,0.231] | v2:G2[0.275,0.226,0.499] | v3:G2[0.076,0.308,0.616] | v4:G1[0.078,0.599,0.322]
[TopoTrace Step 0] v0:G1[0.372,0.554,0.073] | v1:G0[0.539,0.231,0.231] | v2:G2[0.275,0.226,0.499] | v3:G2[0.076,0.308,0.616] | v4:G1[0.078,0.599,0.322]
[TopoTrace Step 0] v0:G1[0.372,0.554,0.073] | v1:G0[0.539,0.231,0.231] | v2:G2[0.275,0.226,0.499] | v3:G2[0.076,0.308,0.616] | v4:G1[0.078,0.599,0.322]
[TopoTrace Step 0] v0:G1[0.372,0.554,0.073] | v1:G0[0.539,0.231,0.231] | v2:G2[0.275,0.226,0.499] | v3:G2[0.076,0.308,0.616] | v4:G1[0.078,0.599,0.322]
[TopoTrace Step 0] v0:G1[0.372,0.554,0.073] | v1:G0[0.539,0.231,0.231] | v2:G2[0.275,0.226,0.499] | v3:G2[0.076,0.308,0.616] | v4:G1[0.078,0.599,0.322]
[TopoTrace Step 0] v0:G1[0.372,0.554,0.073] | v1:G0[0.539,0.231,0.231] | v2:G2[0.275,0.226,0.499] | v3:G2[0.076,0.308,0.616] | v4:G1[0.078,0.599,0.322]
[TopoTrace Step 0] v0:G1[0.372,0.554,0.073] | v1:G0[0.539,0.231,0.231] | v2:G2[0.275,0.226,0.499] | v3:G2[0.076,0.308,0.616] | v4:G1[0.078,0.599,0.322]
[TopoTrace Step 0] v0:G1[0.372,0.554,0.073] | v1:G0[0.539,0.231,0.231] | v2:G2[0.275,0.226,0.499] | v3:G2[0.076,0.308,0.616] | v4:G1[0.078,0.599,0.322]
[TopoTrace Step 0] v0:G1[0.372,0.554,0.073] | v1:G0[0.539,0.231,0.231] | v2:G2[0.275,0.226,0.499] | v3:G2[0.076,0.308,0.616] | v4:G1[0.078,0.599,0.322]
[TopoTrace Step 0] v0:G1[0.372,0.554,0.073] | v1:G0[0.539,0.231,0.231] | v2:G2[0.275,0.226,0.499] | v3:G2[0.076,0.308,0.616] | v4:G1[0.078,0.599,0.322]
[TopoTrace Step 0] v0:G1[0.372,0.554,0.073] | v1:G0[0.539,0.231,0.231] | v2:G2[0.275,0.226,0.499] | v3:G2[0.076,0.308,0.616] | v4:G1[0.078,0.599,0.322]
[TopoTrace Step 0] v0:G1[0.372,0.554,0.073] | v1:G0[0.539,0.231,0.231] | v2:G2[0.275,0.226,0.499] | v3:G2[0.076,0.308,0.616] | v4:G1[0.078,0.599,0.322]
[TopoTrace Step 0] v0:G1[0.372,0.554,0.073] | v1:G0[0.539,0.231,0.231] | v2:G2[0.275,0.226,0.499] | v3:G2[0.076,0.308,0.616] | v4:G1[0.078,0.599,0.322]
[TopoTrace Step 0] v0:G1[0.372,0.554,0.073] | v1:G0[0.539,0.231,0.231] | v2:G2[0.275,0.226,0.499] | v3:G2[0.076,0.308,0.616] | v4:G1[0.078,0.599,0.322]
[TopoTrace Step 0] v0:G1[0.372,0.554,0.073] | v1:G0[0.539,0.231,0.231] | v2:G2[0.275,0.226,0.499] | v3:G2[0.076,0.308,0.616] | v4:G1[0.078,0.599,0.322]
[TopoTrace Step 0] v0:G1[0.372,0.554,0.073] | v1:G0[0.539,0.231,0.231] | v2:G2[0.275,0.226,0.499] | v3:G2[0.076,0.308,0.616] | v4:G1[0.078,0.599,0.322]
[TopoTrace Step 0] v0:G1[0.372,0.554,0.073] | v1:G0[0.539,0.231,0.231] | v2:G2[0.275,0.226,0.499] | v3:G2[0.076,0.308,0.616] | v4:G1[0.078,0.599,0.322][TopoTrace Step 0] v0:G1[0.372,0.554,0.073] | v1:G0[0.539,0.231,0.231] | v2:G2[0.275,0.226,0.499] | v3:G2[0.076,0.308,0.616] | v4:G1[0.078,0.599,0.322]

[TopoTrace Step 0] v0:G1[0.372,0.554,0.073] | v1:G0[0.539,0.231,0.231] | v2:G2[0.275,0.226,0.499] | v3:G2[0.076,0.308,0.616] | v4:G1[0.078,0.599,0.322]
[TopoTrace Step 0] v0:G1[0.372,0.554,0.073] | v1:G0[0.539,0.231,0.231] | v2:G2[0.275,0.226,0.499] | v3:G2[0.076,0.308,0.616] | v4:G1[0.078,0.599,0.322]
[TopoTrace Step 0] v0:G1[0.372,0.554,0.073] | v1:G0[0.539,0.231,0.231] | v2:G2[0.275,0.226,0.499] | v3:G2[0.076,0.308,0.616] | v4:G1[0.078,0.599,0.322]
[TopoTrace Step 0] v0:G1[0.372,0.554,0.073] | v1:G0[0.539,0.231,0.231] | v2:G2[0.275,0.226,0.499] | v3:G2[0.076,0.308,0.616] | v4:G1[0.078,0.599,0.322]
[TopoTrace Step 0] v0:G1[0.372,0.554,0.073] | v1:G0[0.539,0.231,0.231] | v2:G2[0.275,0.226,0.499] | v3:G2[0.076,0.308,0.616] | v4:G1[0.078,0.599,0.322]
[TopoTrace Step 0] v0:G1[0.372,0.554,0.073] | v1:G0[0.539,0.231,0.231] | v2:G2[0.275,0.226,0.499] | v3:G2[0.076,0.308,0.616] | v4:G1[0.078,0.599,0.322]
[TopoTrace Step 0] v0:G1[0.372,0.554,0.073] | v1:G0[0.539,0.231,0.231] | v2:G2[0.275,0.226,0.499] | v3:G2[0.076,0.308,0.616] | v4:G1[0.078,0.599,0.322]
[TopoTrace Step 0] v0:G1[0.372,0.554,0.073] | v1:G0[0.539,0.231,0.231] | v2:G2[0.275,0.226,0.499] | v3:G2[0.076,0.308,0.616] | v4:G1[0.078,0.599,0.322]
[TopoTrace Step 0] v0:G1[0.372,0.554,0.073] | v1:G0[0.539,0.231,0.231] | v2:G2[0.275,0.226,0.499] | v3:G2[0.076,0.308,0.616] | v4:G1[0.078,0.599,0.322]
[TopoTrace Step 0] v0:G1[0.372,0.554,0.073] | v1:G0[0.539,0.231,0.231] | v2:G2[0.275,0.226,0.499] | v3:G2[0.076,0.308,0.616] | v4:G1[0.078,0.599,0.322]
[TopoTrace Step 0] v0:G1[0.372,0.554,0.073] | v1:G0[0.539,0.231,0.231] | v2:G2[0.275,0.226,0.499] | v3:G2[0.076,0.308,0.616] | v4:G1[0.078,0.599,0.322]
[TopoTrace Step 0] v0:G1[0.372,0.554,0.073] | v1:G0[0.539,0.231,0.231] | v2:G2[0.275,0.226,0.499] | v3:G2[0.076,0.308,0.616] | v4:G1[0.078,0.599,0.322]
[TopoTrace Step 0] v0:G1[0.372,0.554,0.073] | v1:G0[0.539,0.231,0.231] | v2:G2[0.275,0.226,0.499] | v3:G2[0.076,0.308,0.616] | v4:G1[0.078,0.599,0.322]
[TopoTrace Step 0] v0:G1[0.372,0.554,0.073] | v1:G0[0.539,0.231,0.231] | v2:G2[0.275,0.226,0.499] | v3:G2[0.076,0.308,0.616] | v4:G1[0.078,0.599,0.322]
[TopoTrace Step 0] v0:G1[0.372,0.554,0.073] | v1:G0[0.539,0.231,0.231] | v2:G2[0.275,0.226,0.499] | v3:G2[0.076,0.308,0.616] | v4:G1[0.078,0.599,0.322]
[TopoTrace Step 0] v0:G1[0.372,0.554,0.073] | v1:G0[0.539,0.231,0.231] | v2:G2[0.275,0.226,0.499] | v3:G2[0.076,0.308,0.616] | v4:G1[0.078,0.599,0.322]
[TopoTrace Step 0] v0:G1[0.372,0.554,0.073] | v1:G0[0.539,0.231,0.231] | v2:G2[0.275,0.226,0.499] | v3:G2[0.076,0.308,0.616] | v4:G1[0.078,0.599,0.322]
[TopoTrace Step 0] v0:G1[0.372,0.554,0.073] | v1:G0[0.539,0.231,0.231] | v2:G2[0.275,0.226,0.499] | v3:G2[0.076,0.308,0.616] | v4:G1[0.078,0.599,0.322]
[TopoTrace Step 0] v0:G1[0.372,0.554,0.073] | v1:G0[0.539,0.231,0.231] | v2:G2[0.275,0.226,0.499] | v3:G2[0.076,0.308,0.616] | v4:G1[0.078,0.599,0.322]
[TopoTrace Step 0] v0:G1[0.372,0.554,0.073] | v1:G0[0.539,0.231,0.231] | v2:G2[0.275,0.226,0.499] | v3:G2[0.076,0.308,0.616] | v4:G1[0.078,0.599,0.322]
[TopoTrace Step 0] v0:G1[0.372,0.554,0.073] | v1:G0[0.539,0.231,0.231] | v2:G2[0.275,0.226,0.499] | v3:G2[0.076,0.308,0.616] | v4:G1[0.078,0.599,0.322]
[TopoTrace Step 0] v0:G1[0.372,0.554,0.073] | v1:G0[0.539,0.231,0.231] | v2:G2[0.275,0.226,0.499] | v3:G2[0.076,0.308,0.616] | v4:G1[0.078,0.599,0.322]
[TopoTrace Step 0] v0:G1[0.372,0.554,0.073] | v1:G0[0.539,0.231,0.231] | v2:G2[0.275,0.226,0.499] | v3:G2[0.076,0.308,0.616] | v4:G1[0.078,0.599,0.322]
[TopoTrace Step 0] v0:G1[0.372,0.554,0.073] | v1:G0[0.539,0.231,0.231] | v2:G2[0.275,0.226,0.499] | v3:G2[0.076,0.308,0.616] | v4:G1[0.078,0.599,0.322]
[TopoTrace Step 0] v0:G1[0.372,0.554,0.073] | v1:G0[0.539,0.231,0.231] | v2:G2[0.275,0.226,0.499] | v3:G2[0.076,0.308,0.616] | v4:G1[0.078,0.599,0.322]
[TopoTrace Step 0] v0:G1[0.372,0.554,0.073] | v1:G0[0.539,0.231,0.231] | v2:G2[0.275,0.226,0.499] | v3:G2[0.076,0.308,0.616] | v4:G1[0.078,0.599,0.322]
[TopoTrace Step 0] v0:G1[0.372,0.554,0.073] | v1:G0[0.539,0.231,0.231] | v2:G2[0.275,0.226,0.499] | v3:G2[0.076,0.308,0.616] | v4:G1[0.078,0.599,0.322]
[TopoTrace Step 0] v0:G1[0.372,0.554,0.073] | v1:G0[0.539,0.231,0.231] | v2:G2[0.275,0.226,0.499] | v3:G2[0.076,0.308,0.616] | v4:G1[0.078,0.599,0.322]
[TopoTrace Step 0] v0:G1[0.372,0.554,0.073] | v1:G0[0.539,0.231,0.231] | v2:G2[0.275,0.226,0.499] | v3:G2[0.076,0.308,0.616] | v4:G1[0.078,0.599,0.322]
[TopoTrace Step 0] v0:G1[0.372,0.554,0.073] | v1:G0[0.539,0.231,0.231] | v2:G2[0.275,0.226,0.499] | v3:G2[0.076,0.308,0.616] | v4:G1[0.078,0.599,0.322]
[TopoTrace Step 0] v0:G1[0.372,0.554,0.073] | v1:G0[0.539,0.231,0.231] | v2:G2[0.275,0.226,0.499] | v3:G2[0.076,0.308,0.616] | v4:G1[0.078,0.599,0.322]
[TopoTrace Step 0] v0:G1[0.372,0.554,0.073] | v1:G0[0.539,0.231,0.231] | v2:G2[0.275,0.226,0.499] | v3:G2[0.076,0.308,0.616] | v4:G1[0.078,0.599,0.322]
[TopoTrace Step 0] v0:G1[0.372,0.554,0.073] | v1:G0[0.539,0.231,0.231] | v2:G2[0.275,0.226,0.499] | v3:G2[0.076,0.308,0.616] | v4:G1[0.078,0.599,0.322]
[TopoTrace Step 0] v0:G1[0.372,0.554,0.073] | v1:G0[0.539,0.231,0.231] | v2:G2[0.275,0.226,0.499] | v3:G2[0.076,0.308,0.616] | v4:G1[0.078,0.599,0.322]
[TopoTrace Step 0] v0:G1[0.372,0.554,0.073] | v1:G0[0.539,0.231,0.231] | v2:G2[0.275,0.226,0.499] | v3:G2[0.076,0.308,0.616] | v4:G1[0.078,0.599,0.322]
[TopoTrace Step 0] v0:G1[0.372,0.554,0.073] | v1:G0[0.539,0.231,0.231] | v2:G2[0.275,0.226,0.499] | v3:G2[0.076,0.308,0.616] | v4:G1[0.078,0.599,0.322]
[TopoTrace Step 0] v0:G1[0.372,0.554,0.073] | v1:G0[0.539,0.231,0.231] | v2:G2[0.275,0.226,0.499] | v3:G2[0.076,0.308,0.616] | v4:G1[0.078,0.599,0.322]
[TopoTrace Step 0] v0:G1[0.372,0.554,0.073] | v1:G0[0.539,0.231,0.231] | v2:G2[0.275,0.226,0.499] | v3:G2[0.076,0.308,0.616] | v4:G1[0.078,0.599,0.322]
[TopoTrace Step 0] v0:G1[0.372,0.554,0.073] | v1:G0[0.539,0.231,0.231] | v2:G2[0.275,0.226,0.499] | v3:G2[0.076,0.308,0.616] | v4:G1[0.078,0.599,0.322]
[TopoTrace Step 0] v0:G1[0.372,0.554,0.073] | v1:G0[0.539,0.231,0.231] | v2:G2[0.275,0.226,0.499] | v3:G2[0.076,0.308,0.616] | v4:G1[0.078,0.599,0.322]
[TopoTrace Step 0] v0:G1[0.372,0.554,0.073] | v1:G0[0.539,0.231,0.231] | v2:G2[0.275,0.226,0.499] | v3:G2[0.076,0.308,0.616] | v4:G1[0.078,0.599,0.322]
[TopoTrace Step 0] v0:G1[0.372,0.554,0.073] | v1:G0[0.539,0.231,0.231] | v2:G2[0.275,0.226,0.499] | v3:G2[0.076,0.308,0.616] | v4:G1[0.078,0.599,0.322]
[TopoTrace Step 0] v0:G1[0.372,0.554,0.073] | v1:G0[0.539,0.231,0.231] | v2:G2[0.275,0.226,0.499] | v3:G2[0.076,0.308,0.616] | v4:G1[0.078,0.599,0.322]
[TopoTrace Step 0] v0:G1[0.372,0.554,0.073] | v1:G0[0.539,0.231,0.231] | v2:G2[0.275,0.226,0.499] | v3:G2[0.076,0.308,0.616] | v4:G1[0.078,0.599,0.322]
[TopoTrace Step 0] v0:G1[0.372,0.554,0.073] | v1:G0[0.539,0.231,0.231] | v2:G2[0.275,0.226,0.499] | v3:G2[0.076,0.308,0.616] | v4:G1[0.078,0.599,0.322]
[TopoTrace Step 0] v0:G1[0.372,0.554,0.073] | v1:G0[0.539,0.231,0.231] | v2:G2[0.275,0.226,0.499] | v3:G2[0.076,0.308,0.616] | v4:G1[0.078,0.599,0.322]
[TopoTrace Step 0] v0:G1[0.372,0.554,0.073] | v1:G0[0.539,0.231,0.231] | v2:G2[0.275,0.226,0.499] | v3:G2[0.076,0.308,0.616] | v4:G1[0.078,0.599,0.322]
[TopoTrace Step 0] v0:G1[0.372,0.554,0.073] | v1:G0[0.539,0.231,0.231] | v2:G2[0.275,0.226,0.499] | v3:G2[0.076,0.308,0.616] | v4:G1[0.078,0.599,0.322]
[TopoTrace Step 0] v0:G1[0.372,0.554,0.073] | v1:G0[0.539,0.231,0.231] | v2:G2[0.275,0.226,0.499] | v3:G2[0.076,0.308,0.616] | v4:G1[0.078,0.599,0.322]
[TopoTrace Step 0] v0:G1[0.372,0.554,0.073] | v1:G0[0.539,0.231,0.231] | v2:G2[0.275,0.226,0.499] | v3:G2[0.076,0.308,0.616] | v4:G1[0.078,0.599,0.322]
[TopoTrace Step 0] v0:G1[0.372,0.554,0.073] | v1:G0[0.539,0.231,0.231] | v2:G2[0.275,0.226,0.499] | v3:G2[0.076,0.308,0.616] | v4:G1[0.078,0.599,0.322]
[TopoTrace Step 0] v0:G1[0.372,0.554,0.073] | v1:G0[0.539,0.231,0.231] | v2:G2[0.275,0.226,0.499] | v3:G2[0.076,0.308,0.616] | v4:G1[0.078,0.599,0.322]
[TopoTrace Step 0] v0:G1[0.372,0.554,0.073] | v1:G0[0.539,0.231,0.231] | v2:G2[0.275,0.226,0.499] | v3:G2[0.076,0.308,0.616] | v4:G1[0.078,0.599,0.322]
[TopoTrace Step 0] v0:G1[0.372,0.554,0.073] | v1:G0[0.539,0.231,0.231] | v2:G2[0.275,0.226,0.499] | v3:G2[0.076,0.308,0.616] | v4:G1[0.078,0.599,0.322]
[TopoTrace Step 0] v0:G1[0.372,0.554,0.073] | v1:G0[0.539,0.231,0.231] | v2:G2[0.275,0.226,0.499] | v3:G2[0.076,0.308,0.616] | v4:G1[0.078,0.599,0.322]
[TopoTrace Step 0] v0:G1[0.372,0.554,0.073] | v1:G0[0.539,0.231,0.231] | v2:G2[0.275,0.226,0.499] | v3:G2[0.076,0.308,0.616] | v4:G1[0.078,0.599,0.322]
[TopoTrace Step 0] v0:G1[0.372,0.554,0.073] | v1:G0[0.539,0.231,0.231] | v2:G2[0.275,0.226,0.499] | v3:G2[0.076,0.308,0.616] | v4:G1[0.078,0.599,0.322]
[TopoTrace Step 0] v0:G1[0.372,0.554,0.073] | v1:G0[0.539,0.231,0.231] | v2:G2[0.275,0.226,0.499] | v3:G2[0.076,0.308,0.616] | v4:G1[0.078,0.599,0.322]
[TopoTrace Step 0] v0:G1[0.372,0.554,0.073] | v1:G0[0.539,0.231,0.231] | v2:G2[0.275,0.226,0.499] | v3:G2[0.076,0.308,0.616] | v4:G1[0.078,0.599,0.322]
[TopoTrace Step 0] v0:G1[0.372,0.554,0.073] | v1:G0[0.539,0.231,0.231] | v2:G2[0.275,0.226,0.499] | v3:G2[0.076,0.308,0.616] | v4:G1[0.078,0.599,0.322]
[TopoTrace Step 0] v0:G1[0.372,0.554,0.073] | v1:G0[0.539,0.231,0.231] | v2:G2[0.275,0.226,0.499] | v3:G2[0.076,0.308,0.616] | v4:G1[0.078,0.599,0.322]
[TopoTrace Step 0] v0:G1[0.372,0.554,0.073] | v1:G0[0.539,0.231,0.231] | v2:G2[0.275,0.226,0.499] | v3:G2[0.076,0.308,0.616] | v4:G1[0.078,0.599,0.322]
[TopoTrace Step 0] v0:G1[0.372,0.554,0.073] | v1:G0[0.539,0.231,0.231] | v2:G2[0.275,0.226,0.499] | v3:G2[0.076,0.308,0.616] | v4:G1[0.078,0.599,0.322]
[TopoTrace Step 0] v0:G1[0.372,0.554,0.073] | v1:G0[0.539,0.231,0.231] | v2:G2[0.275,0.226,0.499] | v3:G2[0.076,0.308,0.616] | v4:G1[0.078,0.599,0.322]
[TopoTrace Step 0] v0:G1[0.372,0.554,0.073] | v1:G0[0.539,0.231,0.231] | v2:G2[0.275,0.226,0.499] | v3:G2[0.076,0.308,0.616] | v4:G1[0.078,0.599,0.322]
[TopoTrace Step 0] v0:G1[0.372,0.554,0.073] | v1:G0[0.539,0.231,0.231] | v2:G2[0.275,0.226,0.499] | v3:G2[0.076,0.308,0.616] | v4:G1[0.078,0.599,0.322]
[TopoTrace Step 0] v0:G1[0.372,0.554,0.073] | v1:G0[0.539,0.231,0.231] | v2:G2[0.275,0.226,0.499] | v3:G2[0.076,0.308,0.616] | v4:G1[0.078,0.599,0.322]
[TopoTrace Step 0] v0:G1[0.372,0.554,0.073] | v1:G0[0.539,0.231,0.231] | v2:G2[0.275,0.226,0.499] | v3:G2[0.076,0.308,0.616] | v4:G1[0.078,0.599,0.322]
[TopoTrace Step 0] v0:G1[0.372,0.554,0.073] | v1:G0[0.539,0.231,0.231] | v2:G2[0.275,0.226,0.499] | v3:G2[0.076,0.308,0.616] | v4:G1[0.078,0.599,0.322]
[TopoTrace Step 0] v0:G1[0.372,0.554,0.073] | v1:G0[0.539,0.231,0.231] | v2:G2[0.275,0.226,0.499] | v3:G2[0.076,0.308,0.616] | v4:G1[0.078,0.599,0.322]
[TopoTrace Step 0] v0:G1[0.372,0.554,0.073] | v1:G0[0.539,0.231,0.231] | v2:G2[0.275,0.226,0.499] | v3:G2[0.076,0.308,0.616] | v4:G1[0.078,0.599,0.322]
[TopoTrace Step 0] v0:G1[0.372,0.554,0.073] | v1:G0[0.539,0.231,0.231] | v2:G2[0.275,0.226,0.499] | v3:G2[0.076,0.308,0.616] | v4:G1[0.078,0.599,0.322]
[TopoTrace Step 0] v0:G1[0.372,0.554,0.073] | v1:G0[0.539,0.231,0.231] | v2:G2[0.275,0.226,0.499] | v3:G2[0.076,0.308,0.616] | v4:G1[0.078,0.599,0.322]
[TopoTrace Step 0] v0:G1[0.372,0.554,0.073] | v1:G0[0.539,0.231,0.231] | v2:G2[0.275,0.226,0.499] | v3:G2[0.076,0.308,0.616] | v4:G1[0.078,0.599,0.322]
[TopoTrace Step 0] v0:G1[0.372,0.554,0.073] | v1:G0[0.539,0.231,0.231] | v2:G2[0.275,0.226,0.499] | v3:G2[0.076,0.308,0.616] | v4:G1[0.078,0.599,0.322]
[TopoTrace Step 0] v0:G1[0.372,0.554,0.073] | v1:G0[0.539,0.231,0.231] | v2:G2[0.275,0.226,0.499] | v3:G2[0.076,0.308,0.616] | v4:G1[0.078,0.599,0.322]
[TopoTrace Step 0] v0:G1[0.372,0.554,0.073] | v1:G0[0.539,0.231,0.231] | v2:G2[0.275,0.226,0.499] | v3:G2[0.076,0.308,0.616] | v4:G1[0.078,0.599,0.322]
[TopoTrace Step 0] v0:G1[0.372,0.554,0.073] | v1:G0[0.539,0.231,0.231] | v2:G2[0.275,0.226,0.499] | v3:G2[0.076,0.308,0.616] | v4:G1[0.078,0.599,0.322]
	iters: 100, epoch: 5 | loss: 0.3599953
	speed: 9.2580s/iter; left time: 15414.5376s
[TopoTrace Step 0] v0:G1[0.372,0.554,0.073] | v1:G0[0.539,0.231,0.231] | v2:G2[0.275,0.226,0.499] | v3:G2[0.076,0.308,0.616] | v4:G1[0.078,0.599,0.322]
[TopoTrace Step 0] v0:G1[0.372,0.554,0.073] | v1:G0[0.539,0.231,0.231] | v2:G2[0.275,0.226,0.499] | v3:G2[0.076,0.308,0.616] | v4:G1[0.078,0.599,0.322]
[TopoTrace Step 0] v0:G1[0.372,0.554,0.073] | v1:G0[0.539,0.231,0.231] | v2:G2[0.275,0.226,0.499] | v3:G2[0.076,0.308,0.616] | v4:G1[0.078,0.599,0.322][TopoTrace Step 0] v0:G1[0.372,0.554,0.073] | v1:G0[0.539,0.231,0.231] | v2:G2[0.275,0.226,0.499] | v3:G2[0.076,0.308,0.616] | v4:G1[0.078,0.599,0.322]

[TopoTrace Step 0] v0:G1[0.372,0.554,0.073] | v1:G0[0.539,0.231,0.231] | v2:G2[0.275,0.226,0.499] | v3:G2[0.076,0.308,0.616] | v4:G1[0.078,0.599,0.322]
[TopoTrace Step 0] v0:G1[0.372,0.554,0.073] | v1:G0[0.539,0.231,0.231] | v2:G2[0.275,0.226,0.499] | v3:G2[0.076,0.308,0.616] | v4:G1[0.078,0.599,0.322]
[TopoTrace Step 0] v0:G1[0.372,0.554,0.073] | v1:G0[0.539,0.231,0.231] | v2:G2[0.275,0.226,0.499] | v3:G2[0.076,0.308,0.616] | v4:G1[0.078,0.599,0.322]
[TopoTrace Step 0] v0:G1[0.372,0.554,0.073] | v1:G0[0.539,0.231,0.231] | v2:G2[0.275,0.226,0.499] | v3:G2[0.076,0.308,0.616] | v4:G1[0.078,0.599,0.322]
[TopoTrace Step 0] v0:G1[0.372,0.554,0.073] | v1:G0[0.539,0.231,0.231] | v2:G2[0.275,0.226,0.499] | v3:G2[0.076,0.308,0.616] | v4:G1[0.078,0.599,0.322]
[TopoTrace Step 0] v0:G1[0.372,0.554,0.073] | v1:G0[0.539,0.231,0.231] | v2:G2[0.275,0.226,0.499] | v3:G2[0.076,0.308,0.616] | v4:G1[0.078,0.599,0.322]
[TopoTrace Step 0] v0:G1[0.372,0.554,0.073] | v1:G0[0.539,0.231,0.231] | v2:G2[0.275,0.226,0.499] | v3:G2[0.076,0.308,0.616] | v4:G1[0.078,0.599,0.322]
[TopoTrace Step 0] v0:G1[0.372,0.554,0.073] | v1:G0[0.539,0.231,0.231] | v2:G2[0.275,0.226,0.499] | v3:G2[0.076,0.308,0.616] | v4:G1[0.078,0.599,0.322]
[TopoTrace Step 0] v0:G1[0.372,0.554,0.073] | v1:G0[0.539,0.231,0.231] | v2:G2[0.275,0.226,0.499] | v3:G2[0.076,0.308,0.616] | v4:G1[0.078,0.599,0.322]
[TopoTrace Step 0] v0:G1[0.372,0.554,0.073] | v1:G0[0.539,0.231,0.231] | v2:G2[0.275,0.226,0.499] | v3:G2[0.076,0.308,0.616] | v4:G1[0.078,0.599,0.322]
[TopoTrace Step 0] v0:G1[0.372,0.554,0.073] | v1:G0[0.539,0.231,0.231] | v2:G2[0.275,0.226,0.499] | v3:G2[0.076,0.308,0.616] | v4:G1[0.078,0.599,0.322]
[TopoTrace Step 0] v0:G1[0.372,0.554,0.073] | v1:G0[0.539,0.231,0.231] | v2:G2[0.275,0.226,0.499] | v3:G2[0.076,0.308,0.616] | v4:G1[0.078,0.599,0.322]
[TopoTrace Step 0] v0:G1[0.372,0.554,0.073] | v1:G0[0.539,0.231,0.231] | v2:G2[0.275,0.226,0.499] | v3:G2[0.076,0.308,0.616] | v4:G1[0.078,0.599,0.322]
[TopoTrace Step 0] v0:G1[0.372,0.554,0.073] | v1:G0[0.539,0.231,0.231] | v2:G2[0.275,0.226,0.499] | v3:G2[0.076,0.308,0.616] | v4:G1[0.078,0.599,0.322]
[TopoTrace Step 0] v0:G1[0.372,0.554,0.073] | v1:G0[0.539,0.231,0.231] | v2:G2[0.275,0.226,0.499] | v3:G2[0.076,0.308,0.616] | v4:G1[0.078,0.599,0.322]
[TopoTrace Step 0] v0:G1[0.372,0.554,0.073] | v1:G0[0.539,0.231,0.231] | v2:G2[0.275,0.226,0.499] | v3:G2[0.076,0.308,0.616] | v4:G1[0.078,0.599,0.322]
[TopoTrace Step 0] v0:G1[0.372,0.554,0.073] | v1:G0[0.539,0.231,0.231] | v2:G2[0.275,0.226,0.499] | v3:G2[0.076,0.308,0.616] | v4:G1[0.078,0.599,0.322]
[TopoTrace Step 0] v0:G1[0.372,0.554,0.073] | v1:G0[0.539,0.231,0.231] | v2:G2[0.275,0.226,0.499] | v3:G2[0.076,0.308,0.616] | v4:G1[0.078,0.599,0.322]
[TopoTrace Step 0] v0:G1[0.372,0.554,0.073] | v1:G0[0.539,0.231,0.231] | v2:G2[0.275,0.226,0.499] | v3:G2[0.076,0.308,0.616] | v4:G1[0.078,0.599,0.322]
[TopoTrace Step 0] v0:G1[0.372,0.554,0.073] | v1:G0[0.539,0.231,0.231] | v2:G2[0.275,0.226,0.499] | v3:G2[0.076,0.308,0.616] | v4:G1[0.078,0.599,0.322]
[TopoTrace Step 0] v0:G1[0.372,0.554,0.073] | v1:G0[0.539,0.231,0.231] | v2:G2[0.275,0.226,0.499] | v3:G2[0.076,0.308,0.616] | v4:G1[0.078,0.599,0.322]
[TopoTrace Step 0] v0:G1[0.372,0.554,0.073] | v1:G0[0.539,0.231,0.231] | v2:G2[0.275,0.226,0.499] | v3:G2[0.076,0.308,0.616] | v4:G1[0.078,0.599,0.322]
[TopoTrace Step 0] v0:G1[0.372,0.554,0.073] | v1:G0[0.539,0.231,0.231] | v2:G2[0.275,0.226,0.499] | v3:G2[0.076,0.308,0.616] | v4:G1[0.078,0.599,0.322]
[TopoTrace Step 0] v0:G1[0.372,0.554,0.073] | v1:G0[0.539,0.231,0.231] | v2:G2[0.275,0.226,0.499] | v3:G2[0.076,0.308,0.616] | v4:G1[0.078,0.599,0.322]
[TopoTrace Step 0] v0:G1[0.372,0.554,0.073] | v1:G0[0.539,0.231,0.231] | v2:G2[0.275,0.226,0.499] | v3:G2[0.076,0.308,0.616] | v4:G1[0.078,0.599,0.322]
[TopoTrace Step 0] v0:G1[0.372,0.554,0.073] | v1:G0[0.539,0.231,0.231] | v2:G2[0.275,0.226,0.499] | v3:G2[0.076,0.308,0.616] | v4:G1[0.078,0.599,0.322]
[TopoTrace Step 0] v0:G1[0.372,0.554,0.073] | v1:G0[0.539,0.231,0.231] | v2:G2[0.275,0.226,0.499] | v3:G2[0.076,0.308,0.616] | v4:G1[0.078,0.599,0.322]
[TopoTrace Step 0] v0:G1[0.372,0.554,0.073] | v1:G0[0.539,0.231,0.231] | v2:G2[0.275,0.226,0.499] | v3:G2[0.076,0.308,0.616] | v4:G1[0.078,0.599,0.322]
[TopoTrace Step 0] v0:G1[0.372,0.554,0.073] | v1:G0[0.539,0.231,0.231] | v2:G2[0.275,0.226,0.499] | v3:G2[0.076,0.308,0.616] | v4:G1[0.078,0.599,0.322]
[TopoTrace Step 0] v0:G1[0.372,0.554,0.073] | v1:G0[0.539,0.231,0.231] | v2:G2[0.275,0.226,0.499] | v3:G2[0.076,0.308,0.616] | v4:G1[0.078,0.599,0.322]
[TopoTrace Step 0] v0:G1[0.372,0.554,0.073] | v1:G0[0.539,0.231,0.231] | v2:G2[0.275,0.226,0.499] | v3:G2[0.076,0.308,0.616] | v4:G1[0.078,0.599,0.322]
[TopoTrace Step 0] v0:G1[0.372,0.554,0.073] | v1:G0[0.539,0.231,0.231] | v2:G2[0.275,0.226,0.499] | v3:G2[0.076,0.308,0.616] | v4:G1[0.078,0.599,0.322]
[TopoTrace Step 0] v0:G1[0.372,0.554,0.073] | v1:G0[0.539,0.231,0.231] | v2:G2[0.275,0.226,0.499] | v3:G2[0.076,0.308,0.616] | v4:G1[0.078,0.599,0.322]
[TopoTrace Step 0] v0:G1[0.372,0.554,0.073] | v1:G0[0.539,0.231,0.231] | v2:G2[0.275,0.226,0.499] | v3:G2[0.076,0.308,0.616] | v4:G1[0.078,0.599,0.322]
[TopoTrace Step 0] v0:G1[0.372,0.554,0.073] | v1:G0[0.539,0.231,0.231] | v2:G2[0.275,0.226,0.499] | v3:G2[0.076,0.308,0.616] | v4:G1[0.078,0.599,0.322]
[TopoTrace Step 0] v0:G1[0.372,0.554,0.073] | v1:G0[0.539,0.231,0.231] | v2:G2[0.275,0.226,0.499] | v3:G2[0.076,0.308,0.616] | v4:G1[0.078,0.599,0.322]
[TopoTrace Step 0] v0:G1[0.372,0.554,0.073] | v1:G0[0.539,0.231,0.231] | v2:G2[0.275,0.226,0.499] | v3:G2[0.076,0.308,0.616] | v4:G1[0.078,0.599,0.322]
[TopoTrace Step 0] v0:G1[0.372,0.554,0.073] | v1:G0[0.539,0.231,0.231] | v2:G2[0.275,0.226,0.499] | v3:G2[0.076,0.308,0.616] | v4:G1[0.078,0.599,0.322]
[TopoTrace Step 0] v0:G1[0.372,0.554,0.073] | v1:G0[0.539,0.231,0.231] | v2:G2[0.275,0.226,0.499] | v3:G2[0.076,0.308,0.616] | v4:G1[0.078,0.599,0.322]
[TopoTrace Step 0] v0:G1[0.372,0.554,0.073] | v1:G0[0.539,0.231,0.231] | v2:G2[0.275,0.226,0.499] | v3:G2[0.076,0.308,0.616] | v4:G1[0.078,0.599,0.322]
[TopoTrace Step 0] v0:G1[0.372,0.554,0.073] | v1:G0[0.539,0.231,0.231] | v2:G2[0.275,0.226,0.499] | v3:G2[0.076,0.308,0.616] | v4:G1[0.078,0.599,0.322]
[TopoTrace Step 0] v0:G1[0.372,0.554,0.073] | v1:G0[0.539,0.231,0.231] | v2:G2[0.275,0.226,0.499] | v3:G2[0.076,0.308,0.616] | v4:G1[0.078,0.599,0.322]
[TopoTrace Step 0] v0:G1[0.372,0.554,0.073] | v1:G0[0.539,0.231,0.231] | v2:G2[0.275,0.226,0.499] | v3:G2[0.076,0.308,0.616] | v4:G1[0.078,0.599,0.322]
[TopoTrace Step 0] v0:G1[0.372,0.554,0.073] | v1:G0[0.539,0.231,0.231] | v2:G2[0.275,0.226,0.499] | v3:G2[0.076,0.308,0.616] | v4:G1[0.078,0.599,0.322]
[TopoTrace Step 0] v0:G1[0.372,0.554,0.073] | v1:G0[0.539,0.231,0.231] | v2:G2[0.275,0.226,0.499] | v3:G2[0.076,0.308,0.616] | v4:G1[0.078,0.599,0.322]
[TopoTrace Step 0] v0:G1[0.372,0.554,0.073] | v1:G0[0.539,0.231,0.231] | v2:G2[0.275,0.226,0.499] | v3:G2[0.076,0.308,0.616] | v4:G1[0.078,0.599,0.322]
[TopoTrace Step 0] v0:G1[0.372,0.554,0.073] | v1:G0[0.539,0.231,0.231] | v2:G2[0.275,0.226,0.499] | v3:G2[0.076,0.308,0.616] | v4:G1[0.078,0.599,0.322]
[TopoTrace Step 0] v0:G1[0.372,0.554,0.073] | v1:G0[0.539,0.231,0.231] | v2:G2[0.275,0.226,0.499] | v3:G2[0.076,0.308,0.616] | v4:G1[0.078,0.599,0.322]
[TopoTrace Step 0] v0:G1[0.372,0.554,0.073] | v1:G0[0.539,0.231,0.231] | v2:G2[0.275,0.226,0.499] | v3:G2[0.076,0.308,0.616] | v4:G1[0.078,0.599,0.322]
[TopoTrace Step 0] v0:G1[0.372,0.554,0.073] | v1:G0[0.539,0.231,0.231] | v2:G2[0.275,0.226,0.499] | v3:G2[0.076,0.308,0.616] | v4:G1[0.078,0.599,0.322]
[TopoTrace Step 0] v0:G1[0.372,0.554,0.073] | v1:G0[0.539,0.231,0.231] | v2:G2[0.275,0.226,0.499] | v3:G2[0.076,0.308,0.616] | v4:G1[0.078,0.599,0.322]
[TopoTrace Step 0] v0:G1[0.372,0.554,0.073] | v1:G0[0.539,0.231,0.231] | v2:G2[0.275,0.226,0.499] | v3:G2[0.076,0.308,0.616] | v4:G1[0.078,0.599,0.322]
[TopoTrace Step 0] v0:G1[0.372,0.554,0.073] | v1:G0[0.539,0.231,0.231] | v2:G2[0.275,0.226,0.499] | v3:G2[0.076,0.308,0.616] | v4:G1[0.078,0.599,0.322]
[TopoTrace Step 0] v0:G1[0.372,0.554,0.073] | v1:G0[0.539,0.231,0.231] | v2:G2[0.275,0.226,0.499] | v3:G2[0.076,0.308,0.616] | v4:G1[0.078,0.599,0.322]
[TopoTrace Step 0] v0:G1[0.372,0.554,0.073] | v1:G0[0.539,0.231,0.231] | v2:G2[0.275,0.226,0.499] | v3:G2[0.076,0.308,0.616] | v4:G1[0.078,0.599,0.322]
[TopoTrace Step 0] v0:G1[0.372,0.554,0.073] | v1:G0[0.539,0.231,0.231] | v2:G2[0.275,0.226,0.499] | v3:G2[0.076,0.308,0.616] | v4:G1[0.078,0.599,0.322]
[TopoTrace Step 0] v0:G1[0.372,0.554,0.073] | v1:G0[0.539,0.231,0.231] | v2:G2[0.275,0.226,0.499] | v3:G2[0.076,0.308,0.616] | v4:G1[0.078,0.599,0.322]
[TopoTrace Step 0] v0:G1[0.372,0.554,0.073] | v1:G0[0.539,0.231,0.231] | v2:G2[0.275,0.226,0.499] | v3:G2[0.076,0.308,0.616] | v4:G1[0.078,0.599,0.322]
[TopoTrace Step 0] v0:G1[0.372,0.554,0.073] | v1:G0[0.539,0.231,0.231] | v2:G2[0.275,0.226,0.499] | v3:G2[0.076,0.308,0.616] | v4:G1[0.078,0.599,0.322]
[TopoTrace Step 0] v0:G1[0.372,0.554,0.073] | v1:G0[0.539,0.231,0.231] | v2:G2[0.275,0.226,0.499] | v3:G2[0.076,0.308,0.616] | v4:G1[0.078,0.599,0.322]
[TopoTrace Step 0] v0:G1[0.372,0.554,0.073] | v1:G0[0.539,0.231,0.231] | v2:G2[0.275,0.226,0.499] | v3:G2[0.076,0.308,0.616] | v4:G1[0.078,0.599,0.322]
[TopoTrace Step 0] v0:G1[0.372,0.554,0.073] | v1:G0[0.539,0.231,0.231] | v2:G2[0.275,0.226,0.499] | v3:G2[0.076,0.308,0.616] | v4:G1[0.078,0.599,0.322]
[TopoTrace Step 0] v0:G1[0.372,0.554,0.073] | v1:G0[0.539,0.231,0.231] | v2:G2[0.275,0.226,0.499] | v3:G2[0.076,0.308,0.616] | v4:G1[0.078,0.599,0.322]
[TopoTrace Step 0] v0:G1[0.372,0.554,0.073] | v1:G0[0.539,0.231,0.231] | v2:G2[0.275,0.226,0.499] | v3:G2[0.076,0.308,0.616] | v4:G1[0.078,0.599,0.322]
[TopoTrace Step 0] v0:G1[0.372,0.554,0.073] | v1:G0[0.539,0.231,0.231] | v2:G2[0.275,0.226,0.499] | v3:G2[0.076,0.308,0.616] | v4:G1[0.078,0.599,0.322]
[TopoTrace Step 0] v0:G1[0.372,0.554,0.073] | v1:G0[0.539,0.231,0.231] | v2:G2[0.275,0.226,0.499] | v3:G2[0.076,0.308,0.616] | v4:G1[0.078,0.599,0.322]
[TopoTrace Step 0] v0:G1[0.372,0.554,0.073] | v1:G0[0.539,0.231,0.231] | v2:G2[0.275,0.226,0.499] | v3:G2[0.076,0.308,0.616] | v4:G1[0.078,0.599,0.322][TopoTrace Step 0] v0:G1[0.372,0.554,0.073] | v1:G0[0.539,0.231,0.231] | v2:G2[0.275,0.226,0.499] | v3:G2[0.076,0.308,0.616] | v4:G1[0.078,0.599,0.322]

[TopoTrace Step 0] v0:G1[0.372,0.554,0.073] | v1:G0[0.539,0.231,0.231] | v2:G2[0.275,0.226,0.499] | v3:G2[0.076,0.308,0.616] | v4:G1[0.078,0.599,0.322]
[TopoTrace Step 0] v0:G1[0.372,0.554,0.073] | v1:G0[0.539,0.231,0.231] | v2:G2[0.275,0.226,0.499] | v3:G2[0.076,0.308,0.616] | v4:G1[0.078,0.599,0.322]
[TopoTrace Step 0] v0:G1[0.372,0.554,0.073] | v1:G0[0.539,0.231,0.231] | v2:G2[0.275,0.226,0.499] | v3:G2[0.076,0.308,0.616] | v4:G1[0.078,0.599,0.322]
[TopoTrace Step 0] v0:G1[0.372,0.554,0.073] | v1:G0[0.539,0.231,0.231] | v2:G2[0.275,0.226,0.499] | v3:G2[0.076,0.308,0.616] | v4:G1[0.078,0.599,0.322]
[TopoTrace Step 0] v0:G1[0.372,0.554,0.073] | v1:G0[0.539,0.231,0.231] | v2:G2[0.275,0.226,0.499] | v3:G2[0.076,0.308,0.616] | v4:G1[0.078,0.599,0.322]
[TopoTrace Step 0] v0:G1[0.372,0.554,0.073] | v1:G0[0.539,0.231,0.231] | v2:G2[0.275,0.226,0.499] | v3:G2[0.076,0.308,0.616] | v4:G1[0.078,0.599,0.322]
[TopoTrace Step 0] v0:G1[0.372,0.554,0.073] | v1:G0[0.539,0.231,0.231] | v2:G2[0.275,0.226,0.499] | v3:G2[0.076,0.308,0.616] | v4:G1[0.078,0.599,0.322]
[TopoTrace Step 0] v0:G1[0.372,0.554,0.073] | v1:G0[0.539,0.231,0.231] | v2:G2[0.275,0.226,0.499] | v3:G2[0.076,0.308,0.616] | v4:G1[0.078,0.599,0.322]
[TopoTrace Step 0] v0:G1[0.372,0.554,0.073] | v1:G0[0.539,0.231,0.231] | v2:G2[0.275,0.226,0.499] | v3:G2[0.076,0.308,0.616] | v4:G1[0.078,0.599,0.322]
[TopoTrace Step 0] v0:G1[0.372,0.554,0.073] | v1:G0[0.539,0.231,0.231] | v2:G2[0.275,0.226,0.499] | v3:G2[0.076,0.308,0.616] | v4:G1[0.078,0.599,0.322]
[TopoTrace Step 0] v0:G1[0.372,0.554,0.073] | v1:G0[0.539,0.231,0.231] | v2:G2[0.275,0.226,0.499] | v3:G2[0.076,0.308,0.616] | v4:G1[0.078,0.599,0.322]
[TopoTrace Step 0] v0:G1[0.372,0.554,0.073] | v1:G0[0.539,0.231,0.231] | v2:G2[0.275,0.226,0.499] | v3:G2[0.076,0.308,0.616] | v4:G1[0.078,0.599,0.322]
[TopoTrace Step 0] v0:G1[0.372,0.554,0.073] | v1:G0[0.539,0.231,0.231] | v2:G2[0.275,0.226,0.499] | v3:G2[0.076,0.308,0.616] | v4:G1[0.078,0.599,0.322]
[TopoTrace Step 0] v0:G1[0.372,0.554,0.073] | v1:G0[0.539,0.231,0.231] | v2:G2[0.275,0.226,0.499] | v3:G2[0.076,0.308,0.616] | v4:G1[0.078,0.599,0.322]
[TopoTrace Step 0] v0:G1[0.372,0.554,0.073] | v1:G0[0.539,0.231,0.231] | v2:G2[0.275,0.226,0.499] | v3:G2[0.076,0.308,0.616] | v4:G1[0.078,0.599,0.322]
[TopoTrace Step 0] v0:G1[0.372,0.554,0.073] | v1:G0[0.539,0.231,0.231] | v2:G2[0.275,0.226,0.499] | v3:G2[0.076,0.308,0.616] | v4:G1[0.078,0.599,0.322]
[TopoTrace Step 0] v0:G1[0.372,0.554,0.073] | v1:G0[0.539,0.231,0.231] | v2:G2[0.275,0.226,0.499] | v3:G2[0.076,0.308,0.616] | v4:G1[0.078,0.599,0.322]
[TopoTrace Step 0] v0:G1[0.372,0.554,0.073] | v1:G0[0.539,0.231,0.231] | v2:G2[0.275,0.226,0.499] | v3:G2[0.076,0.308,0.616] | v4:G1[0.078,0.599,0.322]
[TopoTrace Step 0] v0:G1[0.372,0.554,0.073] | v1:G0[0.539,0.231,0.231] | v2:G2[0.275,0.226,0.499] | v3:G2[0.076,0.308,0.616] | v4:G1[0.078,0.599,0.322][TopoTrace Step 0] v0:G1[0.372,0.554,0.073] | v1:G0[0.539,0.231,0.231] | v2:G2[0.275,0.226,0.499] | v3:G2[0.076,0.308,0.616] | v4:G1[0.078,0.599,0.322]

[TopoTrace Step 0] v0:G1[0.372,0.554,0.073] | v1:G0[0.539,0.231,0.231] | v2:G2[0.275,0.226,0.499] | v3:G2[0.076,0.308,0.616] | v4:G1[0.078,0.599,0.322]
[TopoTrace Step 0] v0:G1[0.372,0.554,0.073] | v1:G0[0.539,0.231,0.231] | v2:G2[0.275,0.226,0.499] | v3:G2[0.076,0.308,0.616] | v4:G1[0.078,0.599,0.322]
[TopoTrace Step 0] v0:G1[0.372,0.554,0.073] | v1:G0[0.539,0.231,0.231] | v2:G2[0.275,0.226,0.499] | v3:G2[0.076,0.308,0.616] | v4:G1[0.078,0.599,0.322]
[TopoTrace Step 0] v0:G1[0.372,0.554,0.073] | v1:G0[0.539,0.231,0.231] | v2:G2[0.275,0.226,0.499] | v3:G2[0.076,0.308,0.616] | v4:G1[0.078,0.599,0.322]
[TopoTrace Step 0] v0:G1[0.372,0.554,0.073] | v1:G0[0.539,0.231,0.231] | v2:G2[0.275,0.226,0.499] | v3:G2[0.076,0.308,0.616] | v4:G1[0.078,0.599,0.322]
[TopoTrace Step 0] v0:G1[0.372,0.554,0.073] | v1:G0[0.539,0.231,0.231] | v2:G2[0.275,0.226,0.499] | v3:G2[0.076,0.308,0.616] | v4:G1[0.078,0.599,0.322]
[TopoTrace Step 0] v0:G1[0.372,0.554,0.073] | v1:G0[0.539,0.231,0.231] | v2:G2[0.275,0.226,0.499] | v3:G2[0.076,0.308,0.616] | v4:G1[0.078,0.599,0.322]
[TopoTrace Step 0] v0:G1[0.372,0.554,0.073] | v1:G0[0.539,0.231,0.231] | v2:G2[0.275,0.226,0.499] | v3:G2[0.076,0.308,0.616] | v4:G1[0.078,0.599,0.322]
[TopoTrace Step 0] v0:G1[0.372,0.554,0.073] | v1:G0[0.539,0.231,0.231] | v2:G2[0.275,0.226,0.499] | v3:G2[0.076,0.308,0.616] | v4:G1[0.078,0.599,0.322]
[TopoTrace Step 0] v0:G1[0.372,0.554,0.073] | v1:G0[0.539,0.231,0.231] | v2:G2[0.275,0.226,0.499] | v3:G2[0.076,0.308,0.616] | v4:G1[0.078,0.599,0.322]
[TopoTrace Step 0] v0:G1[0.372,0.554,0.073] | v1:G0[0.539,0.231,0.231] | v2:G2[0.275,0.226,0.499] | v3:G2[0.076,0.308,0.616] | v4:G1[0.078,0.599,0.322]
[TopoTrace Step 0] v0:G1[0.372,0.554,0.073] | v1:G0[0.539,0.231,0.231] | v2:G2[0.275,0.226,0.499] | v3:G2[0.076,0.308,0.616] | v4:G1[0.078,0.599,0.322]
[TopoTrace Step 0] v0:G1[0.372,0.554,0.073] | v1:G0[0.539,0.231,0.231] | v2:G2[0.275,0.226,0.499] | v3:G2[0.076,0.308,0.616] | v4:G1[0.078,0.599,0.322]
[TopoTrace Step 0] v0:G1[0.372,0.554,0.073] | v1:G0[0.539,0.231,0.231] | v2:G2[0.275,0.226,0.499] | v3:G2[0.076,0.308,0.616] | v4:G1[0.078,0.599,0.322]
[TopoTrace Step 0] v0:G1[0.372,0.554,0.073] | v1:G0[0.539,0.231,0.231] | v2:G2[0.275,0.226,0.499] | v3:G2[0.076,0.308,0.616] | v4:G1[0.078,0.599,0.322]
[TopoTrace Step 0] v0:G1[0.372,0.554,0.073] | v1:G0[0.539,0.231,0.231] | v2:G2[0.275,0.226,0.499] | v3:G2[0.076,0.308,0.616] | v4:G1[0.078,0.599,0.322]
[TopoTrace Step 0] v0:G1[0.372,0.554,0.073] | v1:G0[0.539,0.231,0.231] | v2:G2[0.275,0.226,0.499] | v3:G2[0.076,0.308,0.616] | v4:G1[0.078,0.599,0.322]
[TopoTrace Step 0] v0:G1[0.372,0.554,0.073] | v1:G0[0.539,0.231,0.231] | v2:G2[0.275,0.226,0.499] | v3:G2[0.076,0.308,0.616] | v4:G1[0.078,0.599,0.322]
[TopoTrace Step 0] v0:G1[0.372,0.554,0.073] | v1:G0[0.539,0.231,0.231] | v2:G2[0.275,0.227,0.499] | v3:G2[0.076,0.308,0.616] | v4:G1[0.078,0.599,0.322]
[TopoTrace Step 0] v0:G1[0.372,0.554,0.073] | v1:G0[0.539,0.231,0.231] | v2:G2[0.275,0.227,0.499] | v3:G2[0.076,0.308,0.616] | v4:G1[0.078,0.599,0.322]
[TopoTrace Step 0] v0:G1[0.372,0.554,0.073] | v1:G0[0.539,0.231,0.231] | v2:G2[0.275,0.227,0.499] | v3:G2[0.076,0.308,0.616] | v4:G1[0.078,0.599,0.322]
[TopoTrace Step 0] v0:G1[0.372,0.554,0.073] | v1:G0[0.539,0.231,0.231] | v2:G2[0.275,0.227,0.499] | v3:G2[0.076,0.308,0.616] | v4:G1[0.078,0.599,0.322]
[TopoTrace Step 0] v0:G1[0.372,0.554,0.073] | v1:G0[0.539,0.231,0.231] | v2:G2[0.275,0.227,0.499] | v3:G2[0.076,0.308,0.616] | v4:G1[0.078,0.599,0.322]
[TopoTrace Step 0] v0:G1[0.372,0.554,0.073] | v1:G0[0.539,0.231,0.231] | v2:G2[0.275,0.227,0.499] | v3:G2[0.076,0.308,0.616] | v4:G1[0.078,0.599,0.322]
[TopoTrace Step 0] v0:G1[0.372,0.554,0.073] | v1:G0[0.539,0.231,0.231] | v2:G2[0.275,0.227,0.499] | v3:G2[0.076,0.308,0.616] | v4:G1[0.078,0.599,0.322]
[TopoTrace Step 0] v0:G1[0.372,0.554,0.073] | v1:G0[0.539,0.231,0.231] | v2:G2[0.275,0.227,0.499] | v3:G2[0.076,0.308,0.616] | v4:G1[0.078,0.599,0.322]
[TopoTrace Step 0] v0:G1[0.372,0.554,0.073] | v1:G0[0.539,0.231,0.231] | v2:G2[0.275,0.227,0.499] | v3:G2[0.076,0.308,0.616] | v4:G1[0.078,0.599,0.322]
[TopoTrace Step 0] v0:G1[0.372,0.554,0.073] | v1:G0[0.539,0.231,0.231] | v2:G2[0.275,0.227,0.499] | v3:G2[0.076,0.308,0.616] | v4:G1[0.078,0.599,0.322]
[TopoTrace Step 0] v0:G1[0.372,0.554,0.073] | v1:G0[0.539,0.231,0.231] | v2:G2[0.275,0.227,0.499] | v3:G2[0.076,0.308,0.616] | v4:G1[0.078,0.599,0.322]
[TopoTrace Step 0] v0:G1[0.372,0.554,0.073] | v1:G0[0.539,0.231,0.231] | v2:G2[0.275,0.227,0.499] | v3:G2[0.076,0.308,0.616] | v4:G1[0.078,0.599,0.322]
[TopoTrace Step 0] v0:G1[0.372,0.554,0.073] | v1:G0[0.539,0.231,0.231] | v2:G2[0.275,0.227,0.499] | v3:G2[0.076,0.308,0.616] | v4:G1[0.078,0.599,0.322]
[TopoTrace Step 0] v0:G1[0.372,0.554,0.073] | v1:G0[0.539,0.231,0.231] | v2:G2[0.275,0.227,0.499] | v3:G2[0.076,0.308,0.616] | v4:G1[0.078,0.599,0.322]
[TopoTrace Step 0] v0:G1[0.372,0.554,0.073] | v1:G0[0.539,0.231,0.231] | v2:G2[0.275,0.227,0.499] | v3:G2[0.076,0.308,0.616] | v4:G1[0.078,0.599,0.322]
[TopoTrace Step 0] v0:G1[0.372,0.554,0.073] | v1:G0[0.539,0.231,0.231] | v2:G2[0.275,0.227,0.499] | v3:G2[0.076,0.308,0.616] | v4:G1[0.078,0.599,0.322]
[TopoTrace Step 0] v0:G1[0.372,0.554,0.073] | v1:G0[0.539,0.231,0.231] | v2:G2[0.275,0.227,0.499] | v3:G2[0.076,0.308,0.616] | v4:G1[0.078,0.599,0.322]
[TopoTrace Step 0] v0:G1[0.372,0.554,0.073] | v1:G0[0.539,0.231,0.231] | v2:G2[0.275,0.227,0.499] | v3:G2[0.076,0.308,0.616] | v4:G1[0.078,0.599,0.322]
[TopoTrace Step 0] v0:G1[0.372,0.554,0.073] | v1:G0[0.539,0.231,0.231] | v2:G2[0.275,0.227,0.499] | v3:G2[0.076,0.308,0.616] | v4:G1[0.078,0.599,0.322][TopoTrace Step 0] v0:G1[0.372,0.554,0.073] | v1:G0[0.539,0.231,0.231] | v2:G2[0.275,0.227,0.499] | v3:G2[0.076,0.308,0.616] | v4:G1[0.078,0.599,0.322]

[TopoTrace Step 0] v0:G1[0.372,0.554,0.073] | v1:G0[0.539,0.231,0.231] | v2:G2[0.275,0.227,0.499] | v3:G2[0.076,0.308,0.616] | v4:G1[0.078,0.599,0.322]
[TopoTrace Step 0] v0:G1[0.372,0.554,0.073] | v1:G0[0.539,0.231,0.231] | v2:G2[0.275,0.227,0.499] | v3:G2[0.076,0.308,0.616] | v4:G1[0.078,0.599,0.322]
[TopoTrace Step 0] v0:G1[0.372,0.554,0.073] | v1:G0[0.539,0.231,0.231] | v2:G2[0.275,0.227,0.499] | v3:G2[0.076,0.308,0.616] | v4:G1[0.078,0.599,0.322]
[TopoTrace Step 0] v0:G1[0.372,0.554,0.073] | v1:G0[0.539,0.231,0.231] | v2:G2[0.275,0.227,0.499] | v3:G2[0.076,0.308,0.616] | v4:G1[0.078,0.599,0.322]
[TopoTrace Step 0] v0:G1[0.372,0.554,0.073] | v1:G0[0.539,0.231,0.231] | v2:G2[0.275,0.227,0.499] | v3:G2[0.076,0.308,0.616] | v4:G1[0.078,0.599,0.322]
[TopoTrace Step 0] v0:G1[0.372,0.554,0.073] | v1:G0[0.539,0.231,0.231] | v2:G2[0.275,0.227,0.499] | v3:G2[0.076,0.308,0.616] | v4:G1[0.078,0.599,0.322]
[TopoTrace Step 0] v0:G1[0.372,0.554,0.073] | v1:G0[0.539,0.231,0.231] | v2:G2[0.275,0.227,0.499] | v3:G2[0.076,0.308,0.616] | v4:G1[0.078,0.599,0.322]
[TopoTrace Step 0] v0:G1[0.372,0.554,0.073] | v1:G0[0.539,0.231,0.231] | v2:G2[0.275,0.227,0.499] | v3:G2[0.076,0.308,0.616] | v4:G1[0.078,0.599,0.322]
[TopoTrace Step 0] v0:G1[0.372,0.554,0.073] | v1:G0[0.539,0.231,0.231] | v2:G2[0.275,0.227,0.499] | v3:G2[0.076,0.308,0.616] | v4:G1[0.078,0.599,0.322]
[TopoTrace Step 0] v0:G1[0.372,0.554,0.073] | v1:G0[0.539,0.231,0.231] | v2:G2[0.275,0.227,0.499] | v3:G2[0.076,0.308,0.616] | v4:G1[0.078,0.599,0.322]
[TopoTrace Step 0] v0:G1[0.372,0.554,0.073] | v1:G0[0.539,0.231,0.231] | v2:G2[0.275,0.227,0.499] | v3:G2[0.076,0.308,0.616] | v4:G1[0.078,0.599,0.322]
[TopoTrace Step 0] v0:G1[0.372,0.554,0.073] | v1:G0[0.539,0.231,0.231] | v2:G2[0.275,0.227,0.499] | v3:G2[0.076,0.308,0.616] | v4:G1[0.078,0.599,0.322]
[TopoTrace Step 0] v0:G1[0.372,0.554,0.073] | v1:G0[0.539,0.231,0.231] | v2:G2[0.275,0.227,0.499] | v3:G2[0.076,0.308,0.616] | v4:G1[0.078,0.599,0.322]
[TopoTrace Step 0] v0:G1[0.372,0.554,0.073] | v1:G0[0.539,0.231,0.231] | v2:G2[0.275,0.227,0.499] | v3:G2[0.076,0.308,0.616] | v4:G1[0.078,0.599,0.322]
[TopoTrace Step 0] v0:G1[0.372,0.554,0.073] | v1:G0[0.539,0.231,0.231] | v2:G2[0.275,0.227,0.499] | v3:G2[0.076,0.308,0.616] | v4:G1[0.078,0.599,0.322]
[TopoTrace Step 0] v0:G1[0.372,0.554,0.073] | v1:G0[0.539,0.231,0.231] | v2:G2[0.275,0.227,0.499] | v3:G2[0.076,0.308,0.616] | v4:G1[0.078,0.599,0.322]
[TopoTrace Step 0] v0:G1[0.372,0.554,0.073] | v1:G0[0.539,0.231,0.231] | v2:G2[0.275,0.227,0.499] | v3:G2[0.076,0.308,0.616] | v4:G1[0.078,0.599,0.322]
[TopoTrace Step 0] v0:G1[0.372,0.554,0.073] | v1:G0[0.539,0.231,0.231] | v2:G2[0.275,0.227,0.499] | v3:G2[0.076,0.308,0.616] | v4:G1[0.078,0.599,0.322]
[TopoTrace Step 0] v0:G1[0.372,0.554,0.073] | v1:G0[0.539,0.231,0.231] | v2:G2[0.275,0.227,0.499] | v3:G2[0.076,0.308,0.616] | v4:G1[0.078,0.599,0.322]
[TopoTrace Step 0] v0:G1[0.372,0.554,0.073] | v1:G0[0.539,0.231,0.231] | v2:G2[0.275,0.227,0.499] | v3:G2[0.076,0.308,0.616] | v4:G1[0.078,0.599,0.322]
[TopoTrace Step 0] v0:G1[0.372,0.554,0.073] | v1:G0[0.539,0.231,0.231] | v2:G2[0.275,0.227,0.499] | v3:G2[0.076,0.308,0.616] | v4:G1[0.078,0.599,0.322]
[TopoTrace Step 0] v0:G1[0.372,0.554,0.073] | v1:G0[0.539,0.231,0.231] | v2:G2[0.275,0.227,0.499] | v3:G2[0.076,0.308,0.616] | v4:G1[0.078,0.599,0.322]
[TopoTrace Step 0] v0:G1[0.372,0.554,0.073] | v1:G0[0.539,0.231,0.231] | v2:G2[0.275,0.227,0.499] | v3:G2[0.076,0.308,0.616] | v4:G1[0.078,0.599,0.322]
[TopoTrace Step 0] v0:G1[0.372,0.554,0.073] | v1:G0[0.539,0.231,0.231] | v2:G2[0.275,0.227,0.499] | v3:G2[0.076,0.308,0.616] | v4:G1[0.078,0.599,0.322]
[TopoTrace Step 0] v0:G1[0.372,0.554,0.073] | v1:G0[0.539,0.231,0.231] | v2:G2[0.275,0.227,0.499] | v3:G2[0.076,0.308,0.616] | v4:G1[0.078,0.600,0.322]
[TopoTrace Step 0] v0:G1[0.372,0.554,0.073] | v1:G0[0.539,0.231,0.231] | v2:G2[0.275,0.227,0.499] | v3:G2[0.076,0.308,0.616] | v4:G1[0.078,0.600,0.322]
[TopoTrace Step 0] v0:G1[0.372,0.554,0.073] | v1:G0[0.539,0.231,0.231] | v2:G2[0.275,0.227,0.499] | v3:G2[0.076,0.308,0.616] | v4:G1[0.078,0.600,0.322]
[TopoTrace Step 0] v0:G1[0.372,0.554,0.073] | v1:G0[0.539,0.231,0.231] | v2:G2[0.275,0.227,0.499] | v3:G2[0.076,0.308,0.616] | v4:G1[0.078,0.600,0.322]
[TopoTrace Step 0] v0:G1[0.372,0.554,0.073] | v1:G0[0.539,0.231,0.231] | v2:G2[0.275,0.227,0.499] | v3:G2[0.076,0.308,0.616] | v4:G1[0.078,0.600,0.322]
[TopoTrace Step 0] v0:G1[0.372,0.554,0.073] | v1:G0[0.539,0.231,0.231] | v2:G2[0.275,0.227,0.499] | v3:G2[0.076,0.308,0.616] | v4:G1[0.078,0.600,0.322]
[TopoTrace Step 0] v0:G1[0.372,0.554,0.073] | v1:G0[0.539,0.231,0.231] | v2:G2[0.275,0.227,0.499] | v3:G2[0.076,0.308,0.616] | v4:G1[0.078,0.600,0.322]
[TopoTrace Step 0] v0:G1[0.372,0.554,0.073] | v1:G0[0.539,0.231,0.231] | v2:G2[0.275,0.227,0.499] | v3:G2[0.076,0.308,0.616] | v4:G1[0.078,0.600,0.322]
[TopoTrace Step 0] v0:G1[0.372,0.554,0.073] | v1:G0[0.539,0.231,0.231] | v2:G2[0.275,0.227,0.499] | v3:G2[0.076,0.308,0.616] | v4:G1[0.078,0.600,0.322]
[TopoTrace Step 0] v0:G1[0.372,0.554,0.073] | v1:G0[0.539,0.231,0.231] | v2:G2[0.275,0.227,0.499] | v3:G2[0.076,0.308,0.616] | v4:G1[0.078,0.600,0.322]
[TopoTrace Step 0] v0:G1[0.372,0.554,0.073] | v1:G0[0.539,0.231,0.231] | v2:G2[0.275,0.227,0.499] | v3:G2[0.076,0.308,0.616] | v4:G1[0.078,0.600,0.322]
[TopoTrace Step 0] v0:G1[0.372,0.554,0.073] | v1:G0[0.539,0.231,0.231] | v2:G2[0.275,0.227,0.499] | v3:G2[0.076,0.308,0.616] | v4:G1[0.078,0.600,0.322]
[TopoTrace Step 0] v0:G1[0.372,0.554,0.073] | v1:G0[0.539,0.231,0.231] | v2:G2[0.275,0.227,0.499] | v3:G2[0.076,0.308,0.616] | v4:G1[0.078,0.600,0.322]
[TopoTrace Step 0] v0:G1[0.372,0.554,0.073] | v1:G0[0.539,0.231,0.231] | v2:G2[0.275,0.227,0.499] | v3:G2[0.076,0.308,0.616] | v4:G1[0.078,0.600,0.322]
[TopoTrace Step 0] v0:G1[0.372,0.554,0.073] | v1:G0[0.539,0.231,0.231] | v2:G2[0.275,0.227,0.499] | v3:G2[0.076,0.308,0.616] | v4:G1[0.078,0.600,0.322]
[TopoTrace Step 0] v0:G1[0.372,0.554,0.073] | v1:G0[0.539,0.231,0.231] | v2:G2[0.275,0.227,0.499] | v3:G2[0.076,0.308,0.616] | v4:G1[0.078,0.600,0.322]
[TopoTrace Step 0] v0:G1[0.372,0.554,0.073] | v1:G0[0.539,0.231,0.231] | v2:G2[0.275,0.227,0.499] | v3:G2[0.076,0.308,0.616] | v4:G1[0.078,0.600,0.322]
[TopoTrace Step 0] v0:G1[0.372,0.554,0.073] | v1:G0[0.539,0.231,0.231] | v2:G2[0.275,0.227,0.499] | v3:G2[0.076,0.308,0.616] | v4:G1[0.078,0.600,0.322]
[TopoTrace Step 0] v0:G1[0.372,0.554,0.073] | v1:G0[0.539,0.231,0.231] | v2:G2[0.275,0.227,0.499] | v3:G2[0.076,0.308,0.616] | v4:G1[0.078,0.600,0.322]
[TopoTrace Step 0] v0:G1[0.372,0.554,0.073] | v1:G0[0.539,0.231,0.231] | v2:G2[0.275,0.227,0.499] | v3:G2[0.076,0.308,0.616] | v4:G1[0.078,0.600,0.322]
[TopoTrace Step 0] v0:G1[0.372,0.554,0.073] | v1:G0[0.539,0.231,0.231] | v2:G2[0.275,0.227,0.499] | v3:G2[0.076,0.308,0.616] | v4:G1[0.078,0.600,0.322]
[TopoTrace Step 0] v0:G1[0.372,0.554,0.073] | v1:G0[0.539,0.231,0.231] | v2:G2[0.275,0.227,0.499] | v3:G2[0.076,0.308,0.616] | v4:G1[0.078,0.600,0.322]
[TopoTrace Step 0] v0:G1[0.372,0.554,0.073] | v1:G0[0.539,0.231,0.231] | v2:G2[0.275,0.227,0.499] | v3:G2[0.076,0.308,0.616] | v4:G1[0.078,0.600,0.322]
[TopoTrace Step 0] v0:G1[0.372,0.554,0.073] | v1:G0[0.539,0.231,0.231] | v2:G2[0.275,0.227,0.499] | v3:G2[0.076,0.308,0.616] | v4:G1[0.078,0.600,0.322]
[TopoTrace Step 0] v0:G1[0.372,0.554,0.073] | v1:G0[0.539,0.231,0.231] | v2:G2[0.275,0.227,0.499] | v3:G2[0.076,0.308,0.616] | v4:G1[0.078,0.600,0.322]
[TopoTrace Step 0] v0:G1[0.372,0.554,0.073] | v1:G0[0.539,0.231,0.231] | v2:G2[0.275,0.227,0.499] | v3:G2[0.076,0.308,0.616] | v4:G1[0.078,0.600,0.322]
[TopoTrace Step 0] v0:G1[0.372,0.554,0.073] | v1:G0[0.539,0.231,0.231] | v2:G2[0.275,0.227,0.499] | v3:G2[0.076,0.308,0.616] | v4:G1[0.078,0.600,0.322]
[TopoTrace Step 0] v0:G1[0.372,0.554,0.073] | v1:G0[0.539,0.231,0.231] | v2:G2[0.275,0.227,0.499] | v3:G2[0.076,0.308,0.616] | v4:G1[0.078,0.600,0.322]
[TopoTrace Step 0] v0:G1[0.372,0.554,0.073] | v1:G0[0.539,0.231,0.231] | v2:G2[0.275,0.227,0.499] | v3:G2[0.076,0.308,0.616] | v4:G1[0.078,0.600,0.322]
[TopoTrace Step 0] v0:G1[0.372,0.554,0.073] | v1:G0[0.539,0.231,0.231] | v2:G2[0.275,0.227,0.499] | v3:G2[0.076,0.308,0.616] | v4:G1[0.078,0.600,0.322]
[TopoTrace Step 0] v0:G1[0.372,0.554,0.073] | v1:G0[0.539,0.231,0.231] | v2:G2[0.275,0.227,0.499] | v3:G2[0.076,0.308,0.616] | v4:G1[0.078,0.600,0.322]
[TopoTrace Step 0] v0:G1[0.372,0.554,0.073] | v1:G0[0.539,0.231,0.231] | v2:G2[0.275,0.227,0.499] | v3:G2[0.076,0.308,0.616] | v4:G1[0.078,0.600,0.322]
[TopoTrace Step 0] v0:G1[0.372,0.554,0.073] | v1:G0[0.539,0.231,0.231] | v2:G2[0.275,0.227,0.499] | v3:G2[0.076,0.308,0.616] | v4:G1[0.078,0.600,0.322]
[TopoTrace Step 0] v0:G1[0.372,0.554,0.073] | v1:G0[0.539,0.231,0.231] | v2:G2[0.275,0.227,0.499] | v3:G2[0.076,0.308,0.616] | v4:G1[0.078,0.600,0.322]
[TopoTrace Step 0] v0:G1[0.372,0.554,0.073] | v1:G0[0.539,0.231,0.231] | v2:G2[0.275,0.227,0.499] | v3:G2[0.076,0.308,0.616] | v4:G1[0.078,0.600,0.322]
[TopoTrace Step 0] v0:G1[0.372,0.554,0.073] | v1:G0[0.539,0.231,0.231] | v2:G2[0.275,0.227,0.499] | v3:G2[0.076,0.308,0.616] | v4:G1[0.078,0.600,0.322]
[TopoTrace Step 0] v0:G1[0.372,0.554,0.073] | v1:G0[0.539,0.231,0.231] | v2:G2[0.275,0.227,0.499] | v3:G2[0.076,0.308,0.616] | v4:G1[0.078,0.600,0.322]
[TopoTrace Step 0] v0:G1[0.372,0.554,0.073] | v1:G0[0.539,0.231,0.231] | v2:G2[0.275,0.227,0.499] | v3:G2[0.076,0.308,0.616] | v4:G1[0.078,0.600,0.322]
[TopoTrace Step 0] v0:G1[0.372,0.554,0.073] | v1:G0[0.539,0.231,0.231] | v2:G2[0.275,0.227,0.499] | v3:G2[0.076,0.308,0.616] | v4:G1[0.078,0.600,0.322]
[TopoTrace Step 0] v0:G1[0.372,0.554,0.073] | v1:G0[0.539,0.231,0.231] | v2:G2[0.275,0.227,0.499] | v3:G2[0.076,0.308,0.616] | v4:G1[0.078,0.600,0.322]
[TopoTrace Step 0] v0:G1[0.372,0.554,0.073] | v1:G0[0.539,0.231,0.231] | v2:G2[0.275,0.227,0.499] | v3:G2[0.076,0.308,0.616] | v4:G1[0.078,0.600,0.322]
[TopoTrace Step 0] v0:G1[0.372,0.554,0.073] | v1:G0[0.539,0.231,0.231] | v2:G2[0.275,0.227,0.499] | v3:G2[0.076,0.308,0.616] | v4:G1[0.078,0.600,0.322]
[TopoTrace Step 0] v0:G1[0.372,0.554,0.073] | v1:G0[0.539,0.231,0.231] | v2:G2[0.275,0.227,0.499] | v3:G2[0.076,0.308,0.616] | v4:G1[0.078,0.600,0.322]
[TopoTrace Step 0] v0:G1[0.372,0.554,0.073] | v1:G0[0.539,0.231,0.231] | v2:G2[0.275,0.227,0.499] | v3:G2[0.076,0.308,0.616] | v4:G1[0.078,0.600,0.322]
[TopoTrace Step 0] v0:G1[0.372,0.554,0.073] | v1:G0[0.539,0.231,0.231] | v2:G2[0.275,0.227,0.499] | v3:G2[0.076,0.308,0.616] | v4:G1[0.078,0.600,0.322]
[TopoTrace Step 0] v0:G1[0.372,0.554,0.073] | v1:G0[0.539,0.231,0.231] | v2:G2[0.275,0.227,0.499] | v3:G2[0.076,0.308,0.616] | v4:G1[0.078,0.600,0.322]
	iters: 200, epoch: 5 | loss: 0.2360215
	speed: 0.2384s/iter; left time: 373.1334s
[TopoTrace Step 0] v0:G1[0.372,0.554,0.073] | v1:G0[0.539,0.231,0.231] | v2:G2[0.275,0.227,0.499] | v3:G2[0.076,0.308,0.616] | v4:G1[0.078,0.600,0.322]
[TopoTrace Step 0] v0:G1[0.372,0.554,0.073] | v1:G0[0.539,0.231,0.231] | v2:G2[0.275,0.227,0.499] | v3:G2[0.076,0.308,0.616] | v4:G1[0.078,0.600,0.322]
[TopoTrace Step 0] v0:G1[0.372,0.554,0.073] | v1:G0[0.539,0.231,0.231] | v2:G2[0.275,0.227,0.499] | v3:G2[0.076,0.308,0.616] | v4:G1[0.078,0.600,0.322]
[TopoTrace Step 0] v0:G1[0.372,0.554,0.073] | v1:G0[0.539,0.231,0.231] | v2:G2[0.275,0.227,0.499] | v3:G2[0.076,0.308,0.616] | v4:G1[0.078,0.600,0.322]
[TopoTrace Step 0] v0:G1[0.372,0.554,0.073] | v1:G0[0.539,0.231,0.231] | v2:G2[0.275,0.227,0.499] | v3:G2[0.076,0.308,0.616] | v4:G1[0.078,0.600,0.322]
[TopoTrace Step 0] v0:G1[0.372,0.554,0.073] | v1:G0[0.539,0.231,0.231] | v2:G2[0.275,0.227,0.499] | v3:G2[0.076,0.308,0.616] | v4:G1[0.078,0.600,0.322]
[TopoTrace Step 0] v0:G1[0.372,0.554,0.073] | v1:G0[0.539,0.231,0.231] | v2:G2[0.275,0.227,0.499] | v3:G2[0.076,0.308,0.616] | v4:G1[0.078,0.600,0.322]
[TopoTrace Step 0] v0:G1[0.372,0.554,0.073] | v1:G0[0.539,0.231,0.231] | v2:G2[0.275,0.227,0.499] | v3:G2[0.076,0.308,0.616] | v4:G1[0.078,0.600,0.322]
[TopoTrace Step 0] v0:G1[0.372,0.554,0.073] | v1:G0[0.539,0.231,0.231] | v2:G2[0.275,0.227,0.499] | v3:G2[0.076,0.308,0.616] | v4:G1[0.078,0.600,0.322]
[TopoTrace Step 0] v0:G1[0.372,0.554,0.073] | v1:G0[0.539,0.231,0.231] | v2:G2[0.275,0.227,0.499] | v3:G2[0.076,0.308,0.616] | v4:G1[0.078,0.600,0.322]
[TopoTrace Step 0] v0:G1[0.372,0.555,0.073] | v1:G0[0.539,0.231,0.231] | v2:G2[0.275,0.227,0.499] | v3:G2[0.076,0.308,0.616] | v4:G1[0.078,0.600,0.322]
[TopoTrace Step 0] v0:G1[0.372,0.555,0.073] | v1:G0[0.539,0.231,0.231] | v2:G2[0.275,0.227,0.499] | v3:G2[0.076,0.308,0.616] | v4:G1[0.078,0.600,0.322]
[TopoTrace Step 0] v0:G1[0.372,0.555,0.073] | v1:G0[0.539,0.231,0.231] | v2:G2[0.275,0.227,0.499] | v3:G2[0.076,0.308,0.616] | v4:G1[0.078,0.600,0.322]
[TopoTrace Step 0] v0:G1[0.372,0.555,0.073] | v1:G0[0.539,0.231,0.231] | v2:G2[0.275,0.227,0.499] | v3:G2[0.076,0.308,0.616] | v4:G1[0.078,0.600,0.322]
[TopoTrace Step 0] v0:G1[0.372,0.555,0.073] | v1:G0[0.539,0.231,0.230] | v2:G2[0.275,0.227,0.499] | v3:G2[0.076,0.308,0.616] | v4:G1[0.078,0.600,0.322][TopoTrace Step 0] v0:G1[0.372,0.555,0.073] | v1:G0[0.539,0.231,0.230] | v2:G2[0.275,0.227,0.499] | v3:G2[0.076,0.308,0.616] | v4:G1[0.078,0.600,0.322]

[TopoTrace Step 0] v0:G1[0.372,0.555,0.073] | v1:G0[0.539,0.231,0.230] | v2:G2[0.275,0.227,0.499] | v3:G2[0.076,0.308,0.616] | v4:G1[0.078,0.600,0.322][TopoTrace Step 0] v0:G1[0.372,0.555,0.073] | v1:G0[0.539,0.231,0.230] | v2:G2[0.275,0.227,0.499] | v3:G2[0.076,0.308,0.616] | v4:G1[0.078,0.600,0.322]

[TopoTrace Step 0] v0:G1[0.372,0.555,0.073] | v1:G0[0.539,0.231,0.230] | v2:G2[0.275,0.227,0.499] | v3:G2[0.076,0.308,0.616] | v4:G1[0.078,0.600,0.322]
[TopoTrace Step 0] v0:G1[0.372,0.555,0.073] | v1:G0[0.539,0.231,0.230] | v2:G2[0.275,0.227,0.499] | v3:G2[0.076,0.308,0.616] | v4:G1[0.078,0.600,0.322]
[TopoTrace Step 0] v0:G1[0.372,0.555,0.073] | v1:G0[0.539,0.231,0.230] | v2:G2[0.275,0.227,0.499] | v3:G2[0.076,0.308,0.616] | v4:G1[0.078,0.600,0.322]
[TopoTrace Step 0] v0:G1[0.372,0.555,0.073] | v1:G0[0.539,0.231,0.230] | v2:G2[0.275,0.227,0.499] | v3:G2[0.076,0.308,0.616] | v4:G1[0.078,0.600,0.322]
[TopoTrace Step 0] v0:G1[0.372,0.555,0.073] | v1:G0[0.539,0.231,0.230] | v2:G2[0.275,0.227,0.499] | v3:G2[0.076,0.308,0.616] | v4:G1[0.078,0.600,0.322]
[TopoTrace Step 0] v0:G1[0.372,0.555,0.073] | v1:G0[0.539,0.231,0.230] | v2:G2[0.275,0.227,0.499] | v3:G2[0.076,0.308,0.616] | v4:G1[0.078,0.600,0.322]
[TopoTrace Step 0] v0:G1[0.372,0.555,0.073] | v1:G0[0.539,0.231,0.230] | v2:G2[0.275,0.227,0.499] | v3:G2[0.076,0.308,0.616] | v4:G1[0.078,0.600,0.322]
[TopoTrace Step 0] v0:G1[0.372,0.555,0.073] | v1:G0[0.539,0.231,0.230] | v2:G2[0.275,0.227,0.499] | v3:G2[0.076,0.308,0.616] | v4:G1[0.078,0.600,0.322]
[TopoTrace Step 0] v0:G1[0.372,0.555,0.073] | v1:G0[0.539,0.231,0.230] | v2:G2[0.275,0.227,0.499] | v3:G2[0.076,0.308,0.616] | v4:G1[0.078,0.600,0.322]
[TopoTrace Step 0] v0:G1[0.372,0.555,0.073] | v1:G0[0.539,0.231,0.230] | v2:G2[0.275,0.227,0.499] | v3:G2[0.076,0.308,0.616] | v4:G1[0.078,0.600,0.322]
[TopoTrace Step 0] v0:G1[0.372,0.555,0.073] | v1:G0[0.539,0.231,0.230] | v2:G2[0.275,0.227,0.499] | v3:G2[0.076,0.308,0.616] | v4:G1[0.078,0.600,0.322]
[TopoTrace Step 0] v0:G1[0.372,0.555,0.073] | v1:G0[0.539,0.231,0.230] | v2:G2[0.275,0.227,0.499] | v3:G2[0.076,0.308,0.616] | v4:G1[0.078,0.600,0.322]
[TopoTrace Step 0] v0:G1[0.372,0.555,0.073] | v1:G0[0.539,0.231,0.230] | v2:G2[0.275,0.227,0.499] | v3:G2[0.076,0.308,0.616] | v4:G1[0.078,0.600,0.322]
[TopoTrace Step 0] v0:G1[0.372,0.555,0.073] | v1:G0[0.539,0.231,0.230] | v2:G2[0.275,0.227,0.499] | v3:G2[0.076,0.308,0.616] | v4:G1[0.078,0.600,0.322]
[TopoTrace Step 0] v0:G1[0.372,0.555,0.073] | v1:G0[0.539,0.231,0.230] | v2:G2[0.275,0.227,0.499] | v3:G2[0.076,0.308,0.616] | v4:G1[0.078,0.600,0.322]
[TopoTrace Step 0] v0:G1[0.372,0.555,0.073] | v1:G0[0.539,0.231,0.230] | v2:G2[0.275,0.227,0.499] | v3:G2[0.076,0.308,0.616] | v4:G1[0.078,0.600,0.322]
[TopoTrace Step 0] v0:G1[0.372,0.555,0.073] | v1:G0[0.539,0.231,0.230] | v2:G2[0.275,0.227,0.499] | v3:G2[0.076,0.308,0.616] | v4:G1[0.078,0.600,0.322]
[TopoTrace Step 0] v0:G1[0.372,0.555,0.073] | v1:G0[0.539,0.231,0.230] | v2:G2[0.275,0.227,0.499] | v3:G2[0.076,0.308,0.616] | v4:G1[0.078,0.600,0.322]
[TopoTrace Step 0] v0:G1[0.372,0.555,0.073] | v1:G0[0.539,0.231,0.230] | v2:G2[0.275,0.227,0.499] | v3:G2[0.076,0.308,0.616] | v4:G1[0.078,0.600,0.322][TopoTrace Step 0] v0:G1[0.372,0.555,0.073] | v1:G0[0.539,0.231,0.230] | v2:G2[0.275,0.227,0.499] | v3:G2[0.076,0.308,0.616] | v4:G1[0.078,0.600,0.322]

[TopoTrace Step 0] v0:G1[0.372,0.555,0.073] | v1:G0[0.539,0.231,0.230] | v2:G2[0.275,0.227,0.499] | v3:G2[0.076,0.308,0.616] | v4:G1[0.078,0.600,0.322]
[TopoTrace Step 0] v0:G1[0.372,0.555,0.073] | v1:G0[0.539,0.231,0.230] | v2:G2[0.275,0.227,0.499] | v3:G2[0.076,0.308,0.616] | v4:G1[0.078,0.600,0.322]
[TopoTrace Step 0] v0:G1[0.372,0.555,0.073] | v1:G0[0.539,0.231,0.230] | v2:G2[0.275,0.227,0.499] | v3:G2[0.076,0.308,0.616] | v4:G1[0.078,0.600,0.322]
[TopoTrace Step 0] v0:G1[0.372,0.555,0.073] | v1:G0[0.539,0.231,0.230] | v2:G2[0.275,0.227,0.499] | v3:G2[0.076,0.308,0.616] | v4:G1[0.078,0.600,0.322]
[TopoTrace Step 0] v0:G1[0.372,0.555,0.073] | v1:G0[0.539,0.231,0.230] | v2:G2[0.275,0.227,0.499] | v3:G2[0.076,0.308,0.616] | v4:G1[0.078,0.600,0.322]
[TopoTrace Step 0] v0:G1[0.372,0.555,0.073] | v1:G0[0.539,0.231,0.230] | v2:G2[0.275,0.227,0.499] | v3:G2[0.076,0.308,0.616] | v4:G1[0.078,0.600,0.322]
[TopoTrace Step 0] v0:G1[0.372,0.555,0.073] | v1:G0[0.539,0.231,0.230] | v2:G2[0.275,0.227,0.499] | v3:G2[0.076,0.308,0.616] | v4:G1[0.078,0.600,0.322]
[TopoTrace Step 0] v0:G1[0.372,0.555,0.073] | v1:G0[0.539,0.231,0.230] | v2:G2[0.275,0.227,0.499] | v3:G2[0.076,0.308,0.616] | v4:G1[0.078,0.600,0.322]
[TopoTrace Step 0] v0:G1[0.372,0.555,0.073] | v1:G0[0.539,0.231,0.230] | v2:G2[0.275,0.227,0.499] | v3:G2[0.076,0.308,0.616] | v4:G1[0.078,0.600,0.322]
[TopoTrace Step 0] v0:G1[0.372,0.555,0.073] | v1:G0[0.539,0.231,0.230] | v2:G2[0.275,0.227,0.499] | v3:G2[0.076,0.308,0.616] | v4:G1[0.078,0.600,0.322]
[TopoTrace Step 0] v0:G1[0.372,0.555,0.073] | v1:G0[0.539,0.231,0.230] | v2:G2[0.275,0.227,0.499] | v3:G2[0.076,0.308,0.616] | v4:G1[0.078,0.600,0.322]
[TopoTrace Step 0] v0:G1[0.372,0.555,0.073] | v1:G0[0.539,0.231,0.230] | v2:G2[0.275,0.227,0.499] | v3:G2[0.076,0.308,0.616] | v4:G1[0.078,0.600,0.322]
[TopoTrace Step 0] v0:G1[0.372,0.555,0.073] | v1:G0[0.539,0.231,0.230] | v2:G2[0.275,0.227,0.499] | v3:G2[0.076,0.308,0.616] | v4:G1[0.078,0.600,0.322]
[TopoTrace Step 0] v0:G1[0.372,0.555,0.073] | v1:G0[0.539,0.231,0.230] | v2:G2[0.275,0.227,0.499] | v3:G2[0.076,0.308,0.616] | v4:G1[0.078,0.600,0.322]
[TopoTrace Step 0] v0:G1[0.372,0.555,0.073] | v1:G0[0.539,0.231,0.230] | v2:G2[0.275,0.227,0.499] | v3:G2[0.076,0.308,0.616] | v4:G1[0.078,0.600,0.322]
[TopoTrace Step 0] v0:G1[0.372,0.555,0.073] | v1:G0[0.539,0.231,0.230] | v2:G2[0.275,0.227,0.499] | v3:G2[0.076,0.308,0.616] | v4:G1[0.078,0.600,0.322]
[TopoTrace Step 0] v0:G1[0.372,0.555,0.073] | v1:G0[0.539,0.231,0.230] | v2:G2[0.275,0.227,0.499] | v3:G2[0.076,0.308,0.616] | v4:G1[0.078,0.600,0.322]
[TopoTrace Step 0] v0:G1[0.372,0.555,0.073] | v1:G0[0.539,0.231,0.230] | v2:G2[0.275,0.227,0.499] | v3:G2[0.076,0.308,0.616] | v4:G1[0.078,0.600,0.322]
[TopoTrace Step 0] v0:G1[0.372,0.555,0.073] | v1:G0[0.539,0.231,0.230] | v2:G2[0.275,0.227,0.499] | v3:G2[0.076,0.308,0.616] | v4:G1[0.078,0.600,0.322]
[TopoTrace Step 0] v0:G1[0.372,0.555,0.073] | v1:G0[0.539,0.231,0.230] | v2:G2[0.275,0.227,0.499] | v3:G2[0.076,0.308,0.616] | v4:G1[0.078,0.600,0.322]
[TopoTrace Step 0] v0:G1[0.372,0.555,0.073] | v1:G0[0.539,0.231,0.230] | v2:G2[0.275,0.227,0.499] | v3:G2[0.076,0.308,0.616] | v4:G1[0.078,0.600,0.322]
[TopoTrace Step 0] v0:G1[0.372,0.555,0.073] | v1:G0[0.539,0.231,0.230] | v2:G2[0.275,0.227,0.499] | v3:G2[0.076,0.308,0.616] | v4:G1[0.078,0.600,0.322]
[TopoTrace Step 0] v0:G1[0.372,0.555,0.073] | v1:G0[0.539,0.231,0.230] | v2:G2[0.275,0.227,0.499] | v3:G2[0.076,0.308,0.616] | v4:G1[0.078,0.600,0.322]
[TopoTrace Step 0] v0:G1[0.372,0.555,0.073] | v1:G0[0.539,0.231,0.230] | v2:G2[0.275,0.227,0.499] | v3:G2[0.076,0.308,0.616] | v4:G1[0.078,0.600,0.322]
[TopoTrace Step 0] v0:G1[0.372,0.555,0.073] | v1:G0[0.539,0.231,0.230] | v2:G2[0.275,0.227,0.499] | v3:G2[0.076,0.308,0.616] | v4:G1[0.078,0.600,0.322]
[TopoTrace Step 0] v0:G1[0.372,0.555,0.073] | v1:G0[0.539,0.231,0.230] | v2:G2[0.275,0.227,0.499] | v3:G2[0.076,0.308,0.616] | v4:G1[0.078,0.600,0.322]
[TopoTrace Step 0] v0:G1[0.372,0.555,0.073] | v1:G0[0.539,0.231,0.230] | v2:G2[0.275,0.227,0.499] | v3:G2[0.076,0.308,0.616] | v4:G1[0.078,0.600,0.322]
[TopoTrace Step 0] v0:G1[0.372,0.555,0.073] | v1:G0[0.539,0.231,0.230] | v2:G2[0.275,0.227,0.499] | v3:G2[0.076,0.308,0.616] | v4:G1[0.078,0.600,0.322]
[TopoTrace Step 0] v0:G1[0.372,0.555,0.073] | v1:G0[0.539,0.231,0.230] | v2:G2[0.275,0.227,0.499] | v3:G2[0.076,0.308,0.616] | v4:G1[0.078,0.600,0.322]
[TopoTrace Step 0] v0:G1[0.372,0.555,0.073] | v1:G0[0.539,0.231,0.230] | v2:G2[0.275,0.227,0.499] | v3:G2[0.076,0.308,0.616] | v4:G1[0.078,0.600,0.322]
[TopoTrace Step 0] v0:G1[0.372,0.555,0.073] | v1:G0[0.539,0.231,0.230] | v2:G2[0.275,0.227,0.499] | v3:G2[0.076,0.308,0.616] | v4:G1[0.078,0.600,0.322]
[TopoTrace Step 0] v0:G1[0.372,0.555,0.073] | v1:G0[0.539,0.231,0.230] | v2:G2[0.275,0.227,0.499] | v3:G2[0.076,0.308,0.616] | v4:G1[0.078,0.600,0.322]
[TopoTrace Step 0] v0:G1[0.372,0.555,0.073] | v1:G0[0.539,0.231,0.230] | v2:G2[0.275,0.227,0.499] | v3:G2[0.076,0.308,0.616] | v4:G1[0.078,0.600,0.322]
[TopoTrace Step 0] v0:G1[0.372,0.555,0.073] | v1:G0[0.539,0.231,0.230] | v2:G2[0.275,0.227,0.499] | v3:G2[0.076,0.308,0.616] | v4:G1[0.078,0.600,0.322]
[TopoTrace Step 0] v0:G1[0.372,0.555,0.073] | v1:G0[0.539,0.231,0.230] | v2:G2[0.275,0.227,0.499] | v3:G2[0.076,0.308,0.616] | v4:G1[0.078,0.600,0.322]
[TopoTrace Step 0] v0:G1[0.372,0.555,0.073] | v1:G0[0.539,0.231,0.230] | v2:G2[0.275,0.227,0.499] | v3:G2[0.076,0.308,0.616] | v4:G1[0.078,0.600,0.322]
[TopoTrace Step 0] v0:G1[0.372,0.555,0.073] | v1:G0[0.539,0.231,0.230] | v2:G2[0.275,0.227,0.499] | v3:G2[0.076,0.308,0.616] | v4:G1[0.078,0.600,0.322]
[TopoTrace Step 0] v0:G1[0.372,0.555,0.073] | v1:G0[0.539,0.231,0.230] | v2:G2[0.275,0.227,0.499] | v3:G2[0.076,0.308,0.616] | v4:G1[0.078,0.600,0.322]
[TopoTrace Step 0] v0:G1[0.372,0.555,0.073] | v1:G0[0.539,0.231,0.230] | v2:G2[0.275,0.227,0.499] | v3:G2[0.076,0.308,0.616] | v4:G1[0.078,0.600,0.322]
[TopoTrace Step 0] v0:G1[0.372,0.555,0.073] | v1:G0[0.539,0.231,0.230] | v2:G2[0.275,0.227,0.499] | v3:G2[0.076,0.308,0.616] | v4:G1[0.078,0.600,0.322]
[TopoTrace Step 0] v0:G1[0.372,0.555,0.073] | v1:G0[0.539,0.231,0.230] | v2:G2[0.275,0.227,0.499] | v3:G2[0.076,0.308,0.616] | v4:G1[0.078,0.600,0.322]
[TopoTrace Step 0] v0:G1[0.372,0.555,0.073] | v1:G0[0.539,0.231,0.230] | v2:G2[0.275,0.227,0.499] | v3:G2[0.076,0.308,0.616] | v4:G1[0.078,0.600,0.322]
[TopoTrace Step 0] v0:G1[0.372,0.555,0.073] | v1:G0[0.539,0.231,0.230] | v2:G2[0.275,0.226,0.499] | v3:G2[0.076,0.308,0.616] | v4:G1[0.078,0.600,0.322]
[TopoTrace Step 0] v0:G1[0.372,0.555,0.073] | v1:G0[0.539,0.231,0.230] | v2:G2[0.275,0.226,0.499] | v3:G2[0.076,0.308,0.616] | v4:G1[0.078,0.600,0.322]
[TopoTrace Step 0] v0:G1[0.372,0.555,0.073] | v1:G0[0.539,0.231,0.230] | v2:G2[0.275,0.226,0.499] | v3:G2[0.076,0.308,0.616] | v4:G1[0.078,0.600,0.322]
[TopoTrace Step 0] v0:G1[0.372,0.555,0.073] | v1:G0[0.539,0.231,0.230] | v2:G2[0.275,0.226,0.499] | v3:G2[0.076,0.308,0.616] | v4:G1[0.078,0.600,0.322]
[TopoTrace Step 0] v0:G1[0.372,0.555,0.073] | v1:G0[0.539,0.231,0.230] | v2:G2[0.275,0.227,0.499] | v3:G2[0.076,0.308,0.616] | v4:G1[0.078,0.600,0.322]
[TopoTrace Step 0] v0:G1[0.372,0.555,0.073] | v1:G0[0.539,0.231,0.230] | v2:G2[0.275,0.227,0.499] | v3:G2[0.076,0.308,0.616] | v4:G1[0.078,0.600,0.322]
[TopoTrace Step 0] v0:G1[0.372,0.555,0.073] | v1:G0[0.539,0.231,0.230] | v2:G2[0.275,0.227,0.499] | v3:G2[0.076,0.308,0.616] | v4:G1[0.078,0.600,0.322]
[TopoTrace Step 0] v0:G1[0.372,0.555,0.073] | v1:G0[0.539,0.231,0.230] | v2:G2[0.275,0.227,0.499] | v3:G2[0.076,0.308,0.616] | v4:G1[0.078,0.600,0.322]
[TopoTrace Step 0] v0:G1[0.372,0.555,0.073] | v1:G0[0.539,0.231,0.230] | v2:G2[0.275,0.226,0.499] | v3:G2[0.076,0.308,0.616] | v4:G1[0.078,0.600,0.322]
[TopoTrace Step 0] v0:G1[0.372,0.555,0.073] | v1:G0[0.539,0.231,0.230] | v2:G2[0.275,0.226,0.499] | v3:G2[0.076,0.308,0.616] | v4:G1[0.078,0.600,0.322]
[TopoTrace Step 0] v0:G1[0.372,0.555,0.073] | v1:G0[0.539,0.231,0.230] | v2:G2[0.275,0.226,0.499] | v3:G2[0.076,0.308,0.616] | v4:G1[0.078,0.600,0.322]
[TopoTrace Step 0] v0:G1[0.372,0.555,0.073] | v1:G0[0.539,0.231,0.230] | v2:G2[0.275,0.226,0.499] | v3:G2[0.076,0.308,0.616] | v4:G1[0.078,0.600,0.322]
[TopoTrace Step 0] v0:G1[0.372,0.555,0.073] | v1:G0[0.539,0.231,0.230] | v2:G2[0.275,0.226,0.499] | v3:G2[0.076,0.308,0.616] | v4:G1[0.078,0.600,0.322]
[TopoTrace Step 0] v0:G1[0.372,0.555,0.073] | v1:G0[0.539,0.231,0.230] | v2:G2[0.275,0.226,0.499] | v3:G2[0.076,0.308,0.616] | v4:G1[0.078,0.600,0.322]
[TopoTrace Step 0] v0:G1[0.372,0.555,0.073] | v1:G0[0.539,0.231,0.230] | v2:G2[0.275,0.226,0.499] | v3:G2[0.076,0.308,0.616] | v4:G1[0.078,0.600,0.322]
[TopoTrace Step 0] v0:G1[0.372,0.555,0.073] | v1:G0[0.539,0.231,0.230] | v2:G2[0.275,0.226,0.499] | v3:G2[0.076,0.308,0.616] | v4:G1[0.078,0.600,0.322]
[TopoTrace Step 0] v0:G1[0.372,0.555,0.073] | v1:G0[0.539,0.231,0.230] | v2:G2[0.275,0.226,0.499] | v3:G2[0.076,0.308,0.616] | v4:G1[0.078,0.600,0.322]
[TopoTrace Step 0] v0:G1[0.372,0.555,0.073] | v1:G0[0.539,0.231,0.230] | v2:G2[0.275,0.226,0.499] | v3:G2[0.076,0.308,0.616] | v4:G1[0.078,0.600,0.322]
[TopoTrace Step 0] v0:G1[0.372,0.555,0.073] | v1:G0[0.539,0.231,0.230] | v2:G2[0.275,0.226,0.499] | v3:G2[0.076,0.308,0.616] | v4:G1[0.078,0.600,0.322]
[TopoTrace Step 0] v0:G1[0.372,0.555,0.073] | v1:G0[0.539,0.231,0.230] | v2:G2[0.275,0.226,0.499] | v3:G2[0.076,0.308,0.616] | v4:G1[0.078,0.600,0.322]
[TopoTrace Step 0] v0:G1[0.372,0.555,0.073] | v1:G0[0.539,0.231,0.230] | v2:G2[0.275,0.226,0.499] | v3:G2[0.076,0.308,0.616] | v4:G1[0.078,0.600,0.322]
[TopoTrace Step 0] v0:G1[0.372,0.555,0.073] | v1:G0[0.539,0.231,0.230] | v2:G2[0.275,0.226,0.499] | v3:G2[0.076,0.308,0.616] | v4:G1[0.078,0.600,0.322]
[TopoTrace Step 0] v0:G1[0.372,0.555,0.073] | v1:G0[0.539,0.231,0.230] | v2:G2[0.275,0.226,0.499] | v3:G2[0.076,0.308,0.616] | v4:G1[0.078,0.600,0.322]
[TopoTrace Step 0] v0:G1[0.372,0.555,0.073] | v1:G0[0.539,0.231,0.230] | v2:G2[0.275,0.226,0.499] | v3:G2[0.076,0.308,0.616] | v4:G1[0.078,0.600,0.322]
[TopoTrace Step 0] v0:G1[0.372,0.555,0.073] | v1:G0[0.539,0.231,0.230] | v2:G2[0.275,0.226,0.499] | v3:G2[0.076,0.308,0.616] | v4:G1[0.078,0.600,0.322]
[TopoTrace Step 0] v0:G1[0.372,0.555,0.073] | v1:G0[0.539,0.231,0.230] | v2:G2[0.275,0.226,0.499] | v3:G2[0.076,0.308,0.616] | v4:G1[0.078,0.600,0.322]
[TopoTrace Step 0] v0:G1[0.372,0.555,0.073] | v1:G0[0.539,0.231,0.230] | v2:G2[0.275,0.226,0.499] | v3:G2[0.076,0.308,0.616] | v4:G1[0.078,0.600,0.322]
[TopoTrace Step 0] v0:G1[0.372,0.555,0.073] | v1:G0[0.539,0.231,0.230] | v2:G2[0.275,0.226,0.499] | v3:G2[0.076,0.308,0.616] | v4:G1[0.078,0.600,0.322]
[TopoTrace Step 0] v0:G1[0.372,0.555,0.073] | v1:G0[0.539,0.231,0.230] | v2:G2[0.275,0.226,0.499] | v3:G2[0.076,0.308,0.616] | v4:G1[0.078,0.600,0.322]
[TopoTrace Step 0] v0:G1[0.372,0.555,0.073] | v1:G0[0.539,0.231,0.230] | v2:G2[0.275,0.226,0.499] | v3:G2[0.076,0.308,0.616] | v4:G1[0.078,0.600,0.322]
[TopoTrace Step 0] v0:G1[0.372,0.555,0.073] | v1:G0[0.539,0.231,0.230] | v2:G2[0.275,0.226,0.499] | v3:G2[0.076,0.308,0.616] | v4:G1[0.078,0.600,0.322]
[TopoTrace Step 0] v0:G1[0.372,0.555,0.073] | v1:G0[0.539,0.231,0.230] | v2:G2[0.275,0.226,0.499] | v3:G2[0.076,0.308,0.616] | v4:G1[0.078,0.600,0.322]
[TopoTrace Step 0] v0:G1[0.372,0.555,0.073] | v1:G0[0.539,0.231,0.230] | v2:G2[0.275,0.226,0.499] | v3:G2[0.076,0.308,0.616] | v4:G1[0.078,0.600,0.322]
[TopoTrace Step 0] v0:G1[0.372,0.555,0.073] | v1:G0[0.539,0.231,0.230] | v2:G2[0.275,0.226,0.499] | v3:G2[0.076,0.308,0.616] | v4:G1[0.078,0.600,0.322]
[TopoTrace Step 0] v0:G1[0.372,0.555,0.073] | v1:G0[0.539,0.231,0.230] | v2:G2[0.275,0.226,0.499] | v3:G2[0.076,0.308,0.616] | v4:G1[0.078,0.600,0.322]
[TopoTrace Step 0] v0:G1[0.372,0.555,0.073] | v1:G0[0.539,0.231,0.230] | v2:G2[0.275,0.226,0.499] | v3:G2[0.076,0.308,0.616] | v4:G1[0.078,0.600,0.322]
[TopoTrace Step 0] v0:G1[0.372,0.555,0.073] | v1:G0[0.539,0.231,0.230] | v2:G2[0.275,0.226,0.499] | v3:G2[0.076,0.308,0.616] | v4:G1[0.078,0.600,0.322]
[TopoTrace Step 0] v0:G1[0.372,0.555,0.073] | v1:G0[0.539,0.231,0.230] | v2:G2[0.275,0.226,0.499] | v3:G2[0.076,0.308,0.616] | v4:G1[0.078,0.600,0.322]
[TopoTrace Step 0] v0:G1[0.372,0.555,0.073] | v1:G0[0.539,0.231,0.230] | v2:G2[0.275,0.226,0.499] | v3:G2[0.076,0.308,0.616] | v4:G1[0.078,0.600,0.322][TopoTrace Step 0] v0:G1[0.372,0.555,0.073] | v1:G0[0.539,0.231,0.230] | v2:G2[0.275,0.226,0.499] | v3:G2[0.076,0.308,0.616] | v4:G1[0.078,0.600,0.322]

[TopoTrace Step 0] v0:G1[0.372,0.555,0.073] | v1:G0[0.539,0.231,0.230] | v2:G2[0.275,0.226,0.499] | v3:G2[0.076,0.308,0.616] | v4:G1[0.078,0.600,0.322]
[TopoTrace Step 0] v0:G1[0.372,0.555,0.073] | v1:G0[0.539,0.231,0.230] | v2:G2[0.275,0.226,0.499] | v3:G2[0.076,0.308,0.616] | v4:G1[0.078,0.600,0.322]
[TopoTrace Step 0] v0:G1[0.372,0.555,0.073] | v1:G0[0.539,0.231,0.230] | v2:G2[0.275,0.226,0.499] | v3:G2[0.076,0.308,0.616] | v4:G1[0.078,0.600,0.322]
[TopoTrace Step 0] v0:G1[0.372,0.555,0.073] | v1:G0[0.539,0.231,0.230] | v2:G2[0.275,0.226,0.499] | v3:G2[0.076,0.308,0.616] | v4:G1[0.078,0.600,0.322]
[TopoTrace Step 0] v0:G1[0.372,0.555,0.073] | v1:G0[0.539,0.231,0.230] | v2:G2[0.275,0.226,0.499] | v3:G2[0.076,0.308,0.616] | v4:G1[0.078,0.600,0.322]
[TopoTrace Step 0] v0:G1[0.372,0.555,0.073] | v1:G0[0.539,0.231,0.230] | v2:G2[0.275,0.226,0.499] | v3:G2[0.076,0.308,0.616] | v4:G1[0.078,0.600,0.322]
[TopoTrace Step 0] v0:G1[0.372,0.555,0.073] | v1:G0[0.539,0.231,0.230] | v2:G2[0.275,0.226,0.499] | v3:G2[0.076,0.308,0.616] | v4:G1[0.078,0.600,0.322]
[TopoTrace Step 0] v0:G1[0.372,0.555,0.073] | v1:G0[0.539,0.231,0.230] | v2:G2[0.275,0.226,0.499] | v3:G2[0.076,0.308,0.616] | v4:G1[0.078,0.600,0.322]
[TopoTrace Step 0] v0:G1[0.372,0.555,0.073] | v1:G0[0.539,0.231,0.230] | v2:G2[0.275,0.226,0.499] | v3:G2[0.076,0.308,0.616] | v4:G1[0.078,0.600,0.322]
[TopoTrace Step 0] v0:G1[0.372,0.555,0.073] | v1:G0[0.539,0.231,0.230] | v2:G2[0.275,0.226,0.499] | v3:G2[0.076,0.308,0.616] | v4:G1[0.078,0.600,0.322]
[TopoTrace Step 0] v0:G1[0.372,0.555,0.073] | v1:G0[0.539,0.231,0.230] | v2:G2[0.275,0.226,0.499] | v3:G2[0.076,0.308,0.616] | v4:G1[0.078,0.600,0.322]
[TopoTrace Step 0] v0:G1[0.372,0.555,0.073] | v1:G0[0.539,0.231,0.230] | v2:G2[0.275,0.226,0.499] | v3:G2[0.076,0.308,0.616] | v4:G1[0.078,0.600,0.322]
[TopoTrace Step 0] v0:G1[0.372,0.555,0.073] | v1:G0[0.539,0.231,0.230] | v2:G2[0.275,0.226,0.499] | v3:G2[0.076,0.308,0.616] | v4:G1[0.078,0.600,0.322]
[TopoTrace Step 0] v0:G1[0.372,0.555,0.073] | v1:G0[0.539,0.231,0.230] | v2:G2[0.275,0.226,0.499] | v3:G2[0.076,0.308,0.616] | v4:G1[0.078,0.600,0.322]
[TopoTrace Step 0] v0:G1[0.372,0.555,0.073] | v1:G0[0.539,0.231,0.230] | v2:G2[0.275,0.226,0.499] | v3:G2[0.076,0.308,0.616] | v4:G1[0.078,0.600,0.322]
[TopoTrace Step 0] v0:G1[0.372,0.555,0.073] | v1:G0[0.539,0.231,0.230] | v2:G2[0.275,0.226,0.499] | v3:G2[0.076,0.308,0.616] | v4:G1[0.078,0.600,0.322]
[TopoTrace Step 0] v0:G1[0.372,0.555,0.073] | v1:G0[0.539,0.231,0.230] | v2:G2[0.275,0.226,0.499] | v3:G2[0.076,0.308,0.616] | v4:G1[0.078,0.600,0.322]
[TopoTrace Step 0] v0:G1[0.372,0.555,0.073] | v1:G0[0.539,0.231,0.230] | v2:G2[0.275,0.226,0.499] | v3:G2[0.076,0.308,0.616] | v4:G1[0.078,0.600,0.322]
[TopoTrace Step 0] v0:G1[0.372,0.555,0.073] | v1:G0[0.539,0.231,0.230] | v2:G2[0.275,0.226,0.499] | v3:G2[0.076,0.308,0.616] | v4:G1[0.078,0.600,0.322]
[TopoTrace Step 0] v0:G1[0.372,0.555,0.073] | v1:G0[0.539,0.231,0.230] | v2:G2[0.275,0.226,0.499] | v3:G2[0.076,0.308,0.616] | v4:G1[0.078,0.600,0.322]
[TopoTrace Step 0] v0:G1[0.372,0.555,0.073] | v1:G0[0.539,0.231,0.230] | v2:G2[0.275,0.226,0.499] | v3:G2[0.076,0.308,0.616] | v4:G1[0.078,0.600,0.322]
[TopoTrace Step 0] v0:G1[0.372,0.555,0.073] | v1:G0[0.539,0.231,0.230] | v2:G2[0.275,0.226,0.499] | v3:G2[0.076,0.308,0.616] | v4:G1[0.078,0.600,0.322]
[TopoTrace Step 0] v0:G1[0.372,0.555,0.073] | v1:G0[0.539,0.231,0.230] | v2:G2[0.275,0.226,0.499] | v3:G2[0.076,0.308,0.616] | v4:G1[0.078,0.600,0.322]
[TopoTrace Step 0] v0:G1[0.372,0.555,0.073] | v1:G0[0.539,0.231,0.230] | v2:G2[0.275,0.226,0.499] | v3:G2[0.076,0.308,0.616] | v4:G1[0.078,0.600,0.322]
[TopoTrace Step 0] v0:G1[0.372,0.555,0.073] | v1:G0[0.539,0.231,0.230] | v2:G2[0.275,0.226,0.499] | v3:G2[0.076,0.308,0.616] | v4:G1[0.078,0.600,0.322]
[TopoTrace Step 0] v0:G1[0.372,0.555,0.073] | v1:G0[0.539,0.231,0.230] | v2:G2[0.275,0.226,0.499] | v3:G2[0.076,0.308,0.616] | v4:G1[0.078,0.600,0.322]
[TopoTrace Step 0] v0:G1[0.372,0.555,0.073] | v1:G0[0.539,0.231,0.230] | v2:G2[0.275,0.226,0.499] | v3:G2[0.076,0.308,0.616] | v4:G1[0.078,0.600,0.322]
[TopoTrace Step 0] v0:G1[0.372,0.555,0.073] | v1:G0[0.539,0.231,0.230] | v2:G2[0.275,0.226,0.499] | v3:G2[0.076,0.308,0.616] | v4:G1[0.078,0.600,0.322]
[TopoTrace Step 0] v0:G1[0.372,0.555,0.073] | v1:G0[0.539,0.231,0.230] | v2:G2[0.275,0.226,0.499] | v3:G2[0.076,0.308,0.616] | v4:G1[0.078,0.600,0.322]
[TopoTrace Step 0] v0:G1[0.372,0.555,0.073] | v1:G0[0.539,0.231,0.230] | v2:G2[0.275,0.226,0.499] | v3:G2[0.076,0.308,0.616] | v4:G1[0.078,0.600,0.322]
[TopoTrace Step 0] v0:G1[0.372,0.555,0.073] | v1:G0[0.539,0.231,0.230] | v2:G2[0.275,0.226,0.499] | v3:G2[0.076,0.308,0.616] | v4:G1[0.078,0.600,0.322]
[TopoTrace Step 0] v0:G1[0.372,0.555,0.073] | v1:G0[0.539,0.231,0.230] | v2:G2[0.275,0.226,0.499] | v3:G2[0.076,0.308,0.616] | v4:G1[0.078,0.600,0.322]
[TopoTrace Step 0] v0:G1[0.372,0.555,0.073] | v1:G0[0.539,0.231,0.230] | v2:G2[0.275,0.226,0.499] | v3:G2[0.076,0.308,0.616] | v4:G1[0.078,0.600,0.322]
[TopoTrace Step 0] v0:G1[0.372,0.555,0.073] | v1:G0[0.539,0.231,0.230] | v2:G2[0.275,0.226,0.499] | v3:G2[0.076,0.308,0.616] | v4:G1[0.078,0.600,0.322]
[TopoTrace Step 0] v0:G1[0.372,0.555,0.073] | v1:G0[0.539,0.231,0.230] | v2:G2[0.275,0.226,0.499] | v3:G2[0.076,0.308,0.616] | v4:G1[0.078,0.600,0.322]
[TopoTrace Step 0] v0:G1[0.372,0.555,0.073] | v1:G0[0.539,0.231,0.230] | v2:G2[0.275,0.226,0.499] | v3:G2[0.076,0.308,0.616] | v4:G1[0.078,0.600,0.322]
[TopoTrace Step 0] v0:G1[0.372,0.555,0.073] | v1:G0[0.539,0.231,0.230] | v2:G2[0.275,0.226,0.499] | v3:G2[0.076,0.308,0.616] | v4:G1[0.078,0.600,0.322]
[TopoTrace Step 0] v0:G1[0.372,0.555,0.073] | v1:G0[0.539,0.231,0.230] | v2:G2[0.275,0.226,0.499] | v3:G2[0.076,0.308,0.616] | v4:G1[0.078,0.600,0.322]
[TopoTrace Step 0] v0:G1[0.372,0.555,0.073] | v1:G0[0.539,0.231,0.230] | v2:G2[0.275,0.226,0.499] | v3:G2[0.076,0.308,0.616] | v4:G1[0.078,0.600,0.322]
[TopoTrace Step 0] v0:G1[0.372,0.555,0.073] | v1:G0[0.539,0.231,0.230] | v2:G2[0.275,0.226,0.499] | v3:G2[0.076,0.308,0.616] | v4:G1[0.078,0.600,0.322]
[TopoTrace Step 0] v0:G1[0.372,0.555,0.073] | v1:G0[0.539,0.231,0.230] | v2:G2[0.275,0.226,0.499] | v3:G2[0.076,0.308,0.616] | v4:G1[0.078,0.600,0.322]
[TopoTrace Step 0] v0:G1[0.372,0.555,0.073] | v1:G0[0.539,0.231,0.230] | v2:G2[0.275,0.226,0.499] | v3:G2[0.076,0.308,0.616] | v4:G1[0.078,0.600,0.322]
[TopoTrace Step 0] v0:G1[0.372,0.555,0.073] | v1:G0[0.539,0.231,0.230] | v2:G2[0.275,0.226,0.499] | v3:G2[0.076,0.308,0.616] | v4:G1[0.078,0.600,0.322]
[TopoTrace Step 0] v0:G1[0.372,0.555,0.073] | v1:G0[0.539,0.231,0.230] | v2:G2[0.275,0.226,0.499] | v3:G2[0.076,0.308,0.616] | v4:G1[0.078,0.600,0.322]
[TopoTrace Step 0] v0:G1[0.372,0.555,0.073] | v1:G0[0.539,0.231,0.230] | v2:G2[0.275,0.226,0.499] | v3:G2[0.076,0.308,0.616] | v4:G1[0.078,0.600,0.322]
[TopoTrace Step 0] v0:G1[0.372,0.555,0.073] | v1:G0[0.539,0.231,0.230] | v2:G2[0.275,0.226,0.499] | v3:G2[0.076,0.308,0.616] | v4:G1[0.078,0.600,0.322]
[TopoTrace Step 0] v0:G1[0.372,0.555,0.073] | v1:G0[0.539,0.231,0.230] | v2:G2[0.275,0.226,0.499] | v3:G2[0.076,0.308,0.616] | v4:G1[0.078,0.600,0.322]
[TopoTrace Step 0] v0:G1[0.372,0.555,0.073] | v1:G0[0.539,0.231,0.230] | v2:G2[0.275,0.226,0.499] | v3:G2[0.076,0.308,0.616] | v4:G1[0.078,0.600,0.322]
[TopoTrace Step 0] v0:G1[0.372,0.555,0.073] | v1:G0[0.539,0.231,0.230] | v2:G2[0.275,0.226,0.499] | v3:G2[0.076,0.308,0.616] | v4:G1[0.078,0.600,0.322]
[TopoTrace Step 0] v0:G1[0.372,0.555,0.073] | v1:G0[0.539,0.231,0.230] | v2:G2[0.275,0.226,0.499] | v3:G2[0.076,0.308,0.616] | v4:G1[0.078,0.600,0.322]
[TopoTrace Step 0] v0:G1[0.372,0.555,0.073] | v1:G0[0.539,0.231,0.230] | v2:G2[0.275,0.226,0.499] | v3:G2[0.076,0.308,0.616] | v4:G1[0.078,0.600,0.322]
[TopoTrace Step 0] v0:G1[0.372,0.555,0.073] | v1:G0[0.539,0.231,0.230] | v2:G2[0.275,0.226,0.499] | v3:G2[0.076,0.308,0.616] | v4:G1[0.078,0.600,0.322]
[TopoTrace Step 0] v0:G1[0.372,0.555,0.073] | v1:G0[0.539,0.231,0.230] | v2:G2[0.275,0.226,0.499] | v3:G2[0.076,0.308,0.616] | v4:G1[0.078,0.600,0.322]
[TopoTrace Step 0] v0:G1[0.372,0.555,0.073] | v1:G0[0.539,0.231,0.230] | v2:G2[0.275,0.226,0.499] | v3:G2[0.076,0.308,0.616] | v4:G1[0.078,0.600,0.322]
[TopoTrace Step 0] v0:G1[0.372,0.555,0.073] | v1:G0[0.539,0.231,0.230] | v2:G2[0.275,0.226,0.499] | v3:G2[0.076,0.308,0.616] | v4:G1[0.078,0.600,0.322]
[TopoTrace Step 0] v0:G1[0.372,0.555,0.073] | v1:G0[0.539,0.231,0.230] | v2:G2[0.275,0.226,0.499] | v3:G2[0.076,0.308,0.616] | v4:G1[0.078,0.600,0.322]
[TopoTrace Step 0] v0:G1[0.372,0.555,0.073] | v1:G0[0.539,0.231,0.230] | v2:G2[0.275,0.226,0.499] | v3:G2[0.076,0.308,0.616] | v4:G1[0.078,0.600,0.322]
[TopoTrace Step 0] v0:G1[0.372,0.555,0.073] | v1:G0[0.539,0.231,0.230] | v2:G2[0.275,0.226,0.499] | v3:G2[0.076,0.308,0.616] | v4:G1[0.078,0.600,0.322]
[TopoTrace Step 0] v0:G1[0.372,0.555,0.073] | v1:G0[0.539,0.231,0.230] | v2:G2[0.275,0.226,0.499] | v3:G2[0.076,0.308,0.616] | v4:G1[0.078,0.600,0.322]
[TopoTrace Step 0] v0:G1[0.372,0.555,0.073] | v1:G0[0.539,0.231,0.230] | v2:G2[0.275,0.226,0.499] | v3:G2[0.076,0.308,0.616] | v4:G1[0.078,0.600,0.322]
[TopoTrace Step 0] v0:G1[0.372,0.555,0.073] | v1:G0[0.539,0.231,0.230] | v2:G2[0.275,0.226,0.499] | v3:G2[0.076,0.308,0.616] | v4:G1[0.078,0.600,0.322]
[TopoTrace Step 0] v0:G1[0.372,0.555,0.073] | v1:G0[0.539,0.231,0.230] | v2:G2[0.275,0.226,0.499] | v3:G2[0.076,0.308,0.616] | v4:G1[0.078,0.600,0.322]
[TopoTrace Step 0] v0:G1[0.372,0.555,0.073] | v1:G0[0.539,0.231,0.230] | v2:G2[0.275,0.226,0.499] | v3:G2[0.076,0.308,0.616] | v4:G1[0.078,0.600,0.322]
[TopoTrace Step 0] v0:G1[0.372,0.555,0.073] | v1:G0[0.539,0.231,0.230] | v2:G2[0.275,0.226,0.499] | v3:G2[0.076,0.308,0.616] | v4:G1[0.078,0.600,0.322]
[TopoTrace Step 0] v0:G1[0.372,0.555,0.073] | v1:G0[0.539,0.231,0.230] | v2:G2[0.275,0.226,0.499] | v3:G2[0.076,0.308,0.616] | v4:G1[0.078,0.600,0.322]
[TopoTrace Step 0] v0:G1[0.372,0.555,0.073] | v1:G0[0.539,0.231,0.230] | v2:G2[0.275,0.226,0.499] | v3:G2[0.076,0.308,0.616] | v4:G1[0.078,0.600,0.322]
[TopoTrace Step 0] v0:G1[0.372,0.555,0.073] | v1:G0[0.539,0.231,0.230] | v2:G2[0.275,0.226,0.499] | v3:G2[0.076,0.308,0.616] | v4:G1[0.078,0.600,0.322]
[TopoTrace Step 0] v0:G1[0.372,0.555,0.073] | v1:G0[0.539,0.231,0.230] | v2:G2[0.275,0.226,0.499] | v3:G2[0.076,0.308,0.616] | v4:G1[0.078,0.600,0.322]
Epoch: 5 cost time: 70.45926880836487
Epoch: 5, Steps: 294 | Train Loss: 0.4384419 Vali Loss: 0.2909078 Test Loss: 3.9820645
EarlyStopping counter: 3 out of 3
Early stopping
Updating learning rate to 6.25e-06
[TopoTrace Step 0] v0:G1[0.372,0.555,0.073] | v1:G0[0.539,0.231,0.230] | v2:G2[0.275,0.226,0.499] | v3:G2[0.076,0.308,0.616] | v4:G1[0.078,0.600,0.322]
[TopoTrace Step 0] v0:G1[0.372,0.555,0.073] | v1:G0[0.539,0.231,0.230] | v2:G2[0.275,0.226,0.499] | v3:G2[0.076,0.308,0.616] | v4:G1[0.078,0.600,0.322]
[TopoTrace Step 0] v0:G1[0.372,0.555,0.073] | v1:G0[0.539,0.231,0.230] | v2:G2[0.275,0.226,0.499] | v3:G2[0.076,0.308,0.616] | v4:G1[0.078,0.600,0.322]
[TopoTrace Step 0] v0:G1[0.372,0.555,0.073] | v1:G0[0.539,0.231,0.230] | v2:G2[0.275,0.226,0.499] | v3:G2[0.076,0.308,0.616] | v4:G1[0.078,0.600,0.322]
[TopoTrace Step 0] v0:G1[0.372,0.555,0.073] | v1:G0[0.539,0.231,0.230] | v2:G2[0.275,0.226,0.499] | v3:G2[0.076,0.308,0.616] | v4:G1[0.078,0.600,0.322]
[TopoTrace Step 0] v0:G1[0.372,0.555,0.073] | v1:G0[0.539,0.231,0.230] | v2:G2[0.275,0.226,0.499] | v3:G2[0.076,0.308,0.616] | v4:G1[0.078,0.600,0.322]
[TopoTrace Step 0] v0:G1[0.372,0.555,0.073] | v1:G0[0.539,0.231,0.230] | v2:G2[0.275,0.226,0.499] | v3:G2[0.076,0.308,0.616] | v4:G1[0.078,0.600,0.322]
[TopoTrace Step 0] v0:G1[0.372,0.555,0.073] | v1:G0[0.539,0.231,0.230] | v2:G2[0.275,0.226,0.499] | v3:G2[0.076,0.308,0.616] | v4:G1[0.078,0.600,0.322]
[TopoTrace Step 0] v0:G1[0.372,0.555,0.073] | v1:G0[0.539,0.231,0.230] | v2:G2[0.275,0.226,0.499] | v3:G2[0.076,0.308,0.616] | v4:G1[0.078,0.600,0.322]
[TopoTrace Step 0] v0:G1[0.372,0.555,0.073] | v1:G0[0.539,0.231,0.230] | v2:G2[0.275,0.226,0.499] | v3:G2[0.076,0.308,0.616] | v4:G1[0.078,0.600,0.322]
[TopoTrace Step 0] v0:G1[0.372,0.555,0.073] | v1:G0[0.539,0.231,0.230] | v2:G2[0.275,0.226,0.499] | v3:G2[0.076,0.308,0.616] | v4:G1[0.078,0.600,0.322]
[TopoTrace Step 0] v0:G1[0.372,0.555,0.073] | v1:G0[0.539,0.231,0.230] | v2:G2[0.275,0.226,0.499] | v3:G2[0.076,0.308,0.616] | v4:G1[0.078,0.600,0.322]
[TopoTrace Step 0] v0:G1[0.372,0.555,0.073] | v1:G0[0.539,0.231,0.230] | v2:G2[0.275,0.226,0.499] | v3:G2[0.076,0.308,0.616] | v4:G1[0.078,0.600,0.322]
[TopoTrace Step 0] v0:G1[0.372,0.555,0.073] | v1:G0[0.539,0.231,0.230] | v2:G2[0.275,0.226,0.499] | v3:G2[0.076,0.308,0.616] | v4:G1[0.078,0.600,0.322]
[TopoTrace Step 0] v0:G1[0.372,0.555,0.073] | v1:G0[0.539,0.231,0.230] | v2:G2[0.275,0.226,0.499] | v3:G2[0.076,0.308,0.616] | v4:G1[0.078,0.600,0.322]
[TopoTrace Step 0] v0:G1[0.372,0.555,0.073] | v1:G0[0.539,0.231,0.230] | v2:G2[0.275,0.226,0.499] | v3:G2[0.076,0.308,0.616] | v4:G1[0.078,0.600,0.322]
[TopoTrace Step 0] v0:G1[0.372,0.555,0.073] | v1:G0[0.539,0.231,0.230] | v2:G2[0.275,0.226,0.499] | v3:G2[0.076,0.308,0.616] | v4:G1[0.078,0.600,0.322]
[TopoTrace Step 0] v0:G1[0.372,0.555,0.073] | v1:G0[0.539,0.231,0.230] | v2:G2[0.275,0.226,0.499] | v3:G2[0.076,0.308,0.616] | v4:G1[0.078,0.600,0.322]
[TopoTrace Step 0] v0:G1[0.372,0.555,0.073] | v1:G0[0.539,0.231,0.230] | v2:G2[0.275,0.226,0.499] | v3:G2[0.076,0.308,0.616] | v4:G1[0.078,0.600,0.322]
[TopoTrace Step 0] v0:G1[0.372,0.555,0.073] | v1:G0[0.539,0.231,0.230] | v2:G2[0.275,0.226,0.499] | v3:G2[0.076,0.308,0.616] | v4:G1[0.078,0.600,0.322]
[TopoTrace Step 0] v0:G1[0.372,0.555,0.073] | v1:G0[0.539,0.231,0.230] | v2:G2[0.275,0.226,0.499] | v3:G2[0.076,0.308,0.616] | v4:G1[0.078,0.600,0.322]
[TopoTrace Step 0] v0:G1[0.372,0.555,0.073] | v1:G0[0.539,0.231,0.230] | v2:G2[0.275,0.226,0.499] | v3:G2[0.076,0.308,0.616] | v4:G1[0.078,0.600,0.322]
[TopoTrace Step 0] v0:G1[0.372,0.555,0.073] | v1:G0[0.539,0.231,0.230] | v2:G2[0.275,0.226,0.499] | v3:G2[0.076,0.308,0.616] | v4:G1[0.078,0.600,0.322]
[TopoTrace Step 0] v0:G1[0.372,0.555,0.073] | v1:G0[0.539,0.231,0.230] | v2:G2[0.275,0.226,0.499] | v3:G2[0.076,0.308,0.616] | v4:G1[0.078,0.600,0.322]
[TopoTrace Step 0] v0:G1[0.372,0.555,0.073] | v1:G0[0.539,0.231,0.230] | v2:G2[0.275,0.226,0.499] | v3:G2[0.076,0.308,0.616] | v4:G1[0.078,0.600,0.322]
[TopoTrace Step 0] v0:G1[0.372,0.555,0.073] | v1:G0[0.539,0.231,0.230] | v2:G2[0.275,0.226,0.499] | v3:G2[0.076,0.308,0.616] | v4:G1[0.078,0.600,0.322]
[TopoTrace Step 0] v0:G1[0.372,0.555,0.073] | v1:G0[0.539,0.231,0.230] | v2:G2[0.275,0.226,0.499] | v3:G2[0.076,0.308,0.616] | v4:G1[0.078,0.600,0.322]
[TopoTrace Step 0] v0:G1[0.372,0.555,0.073] | v1:G0[0.539,0.231,0.230] | v2:G2[0.275,0.226,0.499] | v3:G2[0.076,0.308,0.616] | v4:G1[0.078,0.600,0.322]
[TopoTrace Step 0] v0:G1[0.372,0.555,0.073] | v1:G0[0.539,0.231,0.230] | v2:G2[0.275,0.226,0.499] | v3:G2[0.076,0.308,0.616] | v4:G1[0.078,0.600,0.322]
[TopoTrace Step 0] v0:G1[0.372,0.555,0.073] | v1:G0[0.539,0.231,0.230] | v2:G2[0.275,0.226,0.499] | v3:G2[0.076,0.308,0.616] | v4:G1[0.078,0.600,0.322]
[TopoTrace Step 0] v0:G1[0.372,0.555,0.073] | v1:G0[0.539,0.231,0.230] | v2:G2[0.275,0.226,0.499] | v3:G2[0.076,0.308,0.616] | v4:G1[0.078,0.600,0.322]
[TopoTrace Step 0] v0:G1[0.372,0.555,0.073] | v1:G0[0.539,0.231,0.230] | v2:G2[0.275,0.226,0.499] | v3:G2[0.076,0.308,0.616] | v4:G1[0.078,0.600,0.322]
[TopoTrace Step 0] v0:G1[0.372,0.555,0.073] | v1:G0[0.539,0.231,0.230] | v2:G2[0.275,0.226,0.499] | v3:G2[0.076,0.308,0.616] | v4:G1[0.078,0.600,0.322]
[TopoTrace Step 0] v0:G1[0.372,0.555,0.073] | v1:G0[0.539,0.231,0.230] | v2:G2[0.275,0.226,0.499] | v3:G2[0.076,0.308,0.616] | v4:G1[0.078,0.600,0.322]
[TopoTrace Step 0] v0:G1[0.372,0.555,0.073] | v1:G0[0.539,0.231,0.230] | v2:G2[0.275,0.226,0.499] | v3:G2[0.076,0.308,0.616] | v4:G1[0.078,0.600,0.322]
[TopoTrace Step 0] v0:G1[0.372,0.555,0.073] | v1:G0[0.539,0.231,0.230] | v2:G2[0.275,0.226,0.499] | v3:G2[0.076,0.308,0.616] | v4:G1[0.078,0.600,0.322]
[TopoTrace Step 0] v0:G1[0.372,0.555,0.073] | v1:G0[0.539,0.231,0.230] | v2:G2[0.275,0.226,0.499] | v3:G2[0.076,0.308,0.616] | v4:G1[0.078,0.600,0.322]
[TopoTrace Step 0] v0:G1[0.372,0.555,0.073] | v1:G0[0.539,0.231,0.230] | v2:G2[0.275,0.226,0.499] | v3:G2[0.076,0.308,0.616] | v4:G1[0.078,0.600,0.322]
[TopoTrace Step 0] v0:G1[0.372,0.555,0.073] | v1:G0[0.539,0.230,0.230] | v2:G2[0.275,0.226,0.499] | v3:G2[0.076,0.308,0.616] | v4:G1[0.078,0.600,0.322]
[TopoTrace Step 0] v0:G1[0.372,0.555,0.073] | v1:G0[0.539,0.230,0.230] | v2:G2[0.275,0.226,0.499] | v3:G2[0.076,0.308,0.616] | v4:G1[0.078,0.600,0.322]
[TopoTrace Step 0] v0:G1[0.372,0.555,0.073] | v1:G0[0.539,0.230,0.230] | v2:G2[0.275,0.226,0.499] | v3:G2[0.076,0.308,0.616] | v4:G1[0.078,0.600,0.322]
[TopoTrace Step 0] v0:G1[0.372,0.555,0.073] | v1:G0[0.539,0.230,0.230] | v2:G2[0.275,0.226,0.499] | v3:G2[0.076,0.308,0.616] | v4:G1[0.078,0.600,0.322]
[TopoTrace Step 0] v0:G1[0.372,0.555,0.073] | v1:G0[0.539,0.230,0.230] | v2:G2[0.275,0.226,0.499] | v3:G2[0.076,0.308,0.616] | v4:G1[0.078,0.600,0.322]
[TopoTrace Step 0] v0:G1[0.372,0.555,0.073] | v1:G0[0.539,0.230,0.230] | v2:G2[0.275,0.226,0.499] | v3:G2[0.076,0.308,0.616] | v4:G1[0.078,0.600,0.322]
[TopoTrace Step 0] v0:G1[0.372,0.555,0.073] | v1:G0[0.539,0.230,0.230] | v2:G2[0.275,0.226,0.499] | v3:G2[0.076,0.308,0.616] | v4:G1[0.078,0.600,0.322][TopoTrace Step 0] v0:G1[0.372,0.555,0.073] | v1:G0[0.539,0.230,0.230] | v2:G2[0.275,0.226,0.499] | v3:G2[0.076,0.308,0.616] | v4:G1[0.078,0.600,0.322]

[TopoTrace Step 0] v0:G1[0.372,0.555,0.073] | v1:G0[0.539,0.230,0.230] | v2:G2[0.275,0.226,0.499] | v3:G2[0.076,0.308,0.616] | v4:G1[0.078,0.600,0.322]
[TopoTrace Step 0] v0:G1[0.372,0.555,0.073] | v1:G0[0.539,0.230,0.230] | v2:G2[0.275,0.226,0.499] | v3:G2[0.076,0.308,0.616] | v4:G1[0.078,0.600,0.322]
[TopoTrace Step 0] v0:G1[0.372,0.555,0.073] | v1:G0[0.539,0.230,0.230] | v2:G2[0.275,0.226,0.499] | v3:G2[0.076,0.308,0.616] | v4:G1[0.078,0.600,0.322]
[TopoTrace Step 0] v0:G1[0.372,0.555,0.073] | v1:G0[0.539,0.230,0.230] | v2:G2[0.275,0.226,0.499] | v3:G2[0.076,0.308,0.616] | v4:G1[0.078,0.600,0.322]
[TopoTrace Step 0] v0:G1[0.372,0.555,0.073] | v1:G0[0.539,0.230,0.230] | v2:G2[0.275,0.226,0.499] | v3:G2[0.076,0.308,0.616] | v4:G1[0.078,0.600,0.322]
[TopoTrace Step 0] v0:G1[0.372,0.555,0.073] | v1:G0[0.539,0.230,0.230] | v2:G2[0.275,0.226,0.499] | v3:G2[0.076,0.308,0.616] | v4:G1[0.078,0.600,0.322]
[TopoTrace Step 0] v0:G1[0.372,0.555,0.073] | v1:G0[0.539,0.230,0.230] | v2:G2[0.275,0.226,0.499] | v3:G2[0.076,0.308,0.616] | v4:G1[0.078,0.600,0.322]
[TopoTrace Step 0] v0:G1[0.372,0.555,0.073] | v1:G0[0.539,0.230,0.230] | v2:G2[0.275,0.226,0.499] | v3:G2[0.076,0.308,0.616] | v4:G1[0.078,0.600,0.322]
[TopoTrace Step 0] v0:G1[0.372,0.555,0.073] | v1:G0[0.539,0.230,0.230] | v2:G2[0.275,0.226,0.499] | v3:G2[0.076,0.308,0.616] | v4:G1[0.078,0.600,0.322]
[TopoTrace Step 0] v0:G1[0.372,0.555,0.073] | v1:G0[0.539,0.230,0.230] | v2:G2[0.275,0.226,0.499] | v3:G2[0.076,0.308,0.616] | v4:G1[0.078,0.600,0.322]
[TopoTrace Step 0] v0:G1[0.372,0.555,0.073] | v1:G0[0.539,0.230,0.230] | v2:G2[0.275,0.226,0.499] | v3:G2[0.076,0.308,0.616] | v4:G1[0.078,0.600,0.322]
[TopoTrace Step 0] v0:G1[0.372,0.555,0.073] | v1:G0[0.539,0.230,0.230] | v2:G2[0.275,0.226,0.499] | v3:G2[0.076,0.308,0.616] | v4:G1[0.078,0.600,0.322]
[TopoTrace Step 0] v0:G1[0.372,0.555,0.073] | v1:G0[0.539,0.230,0.230] | v2:G2[0.275,0.226,0.499] | v3:G2[0.076,0.308,0.616] | v4:G1[0.078,0.600,0.322]
[TopoTrace Step 0] v0:G1[0.372,0.555,0.073] | v1:G0[0.539,0.230,0.230] | v2:G2[0.275,0.226,0.499] | v3:G2[0.076,0.308,0.616] | v4:G1[0.078,0.600,0.322]
[TopoTrace Step 0] v0:G1[0.372,0.555,0.073] | v1:G0[0.539,0.230,0.230] | v2:G2[0.275,0.226,0.499] | v3:G2[0.076,0.308,0.616] | v4:G1[0.078,0.600,0.322]
[TopoTrace Step 0] v0:G1[0.372,0.555,0.073] | v1:G0[0.539,0.230,0.230] | v2:G2[0.275,0.226,0.499] | v3:G2[0.076,0.308,0.616] | v4:G1[0.078,0.600,0.322]
[TopoTrace Step 0] v0:G1[0.372,0.555,0.073] | v1:G0[0.539,0.230,0.230] | v2:G2[0.275,0.226,0.499] | v3:G2[0.076,0.308,0.616] | v4:G1[0.078,0.600,0.322]
[TopoTrace Step 0] v0:G1[0.372,0.555,0.073] | v1:G0[0.539,0.230,0.230] | v2:G2[0.275,0.226,0.499] | v3:G2[0.076,0.308,0.616] | v4:G1[0.078,0.600,0.322]
[TopoTrace Step 0] v0:G1[0.372,0.555,0.073] | v1:G0[0.539,0.230,0.230] | v2:G2[0.275,0.226,0.499] | v3:G2[0.076,0.308,0.616] | v4:G1[0.078,0.600,0.322]
[TopoTrace Step 0] v0:G1[0.372,0.555,0.073] | v1:G0[0.539,0.230,0.230] | v2:G2[0.275,0.226,0.499] | v3:G2[0.076,0.308,0.616] | v4:G1[0.078,0.600,0.322]
[TopoTrace Step 0] v0:G1[0.372,0.555,0.073] | v1:G0[0.539,0.230,0.230] | v2:G2[0.275,0.226,0.499] | v3:G2[0.076,0.308,0.616] | v4:G1[0.078,0.600,0.322]
[TopoTrace Step 0] v0:G1[0.372,0.555,0.073] | v1:G0[0.539,0.230,0.230] | v2:G2[0.275,0.226,0.499] | v3:G2[0.076,0.308,0.616] | v4:G1[0.078,0.600,0.322]
[TopoTrace Step 0] v0:G1[0.372,0.555,0.073] | v1:G0[0.539,0.230,0.230] | v2:G2[0.275,0.226,0.499] | v3:G2[0.076,0.308,0.616] | v4:G1[0.078,0.600,0.322]
[TopoTrace Step 0] v0:G1[0.372,0.555,0.073] | v1:G0[0.539,0.230,0.230] | v2:G2[0.275,0.226,0.499] | v3:G2[0.076,0.308,0.616] | v4:G1[0.078,0.600,0.322]
[TopoTrace Step 0] v0:G1[0.372,0.555,0.073] | v1:G0[0.539,0.230,0.230] | v2:G2[0.275,0.226,0.499] | v3:G2[0.076,0.308,0.616] | v4:G1[0.078,0.600,0.322]
[TopoTrace Step 0] v0:G1[0.372,0.555,0.073] | v1:G0[0.539,0.230,0.230] | v2:G2[0.275,0.226,0.499] | v3:G2[0.076,0.308,0.616] | v4:G1[0.078,0.600,0.322]
[TopoTrace Step 0] v0:G1[0.372,0.555,0.073] | v1:G0[0.539,0.230,0.230] | v2:G2[0.275,0.226,0.499] | v3:G2[0.076,0.308,0.616] | v4:G1[0.078,0.600,0.322]
[TopoTrace Step 0] v0:G1[0.372,0.555,0.073] | v1:G0[0.539,0.230,0.230] | v2:G2[0.275,0.226,0.499] | v3:G2[0.076,0.308,0.616] | v4:G1[0.078,0.600,0.322]
[TopoTrace Step 0] v0:G1[0.372,0.555,0.073] | v1:G0[0.539,0.230,0.230] | v2:G2[0.275,0.226,0.499] | v3:G2[0.076,0.308,0.616] | v4:G1[0.078,0.600,0.322]
[TopoTrace Step 0] v0:G1[0.372,0.555,0.073] | v1:G0[0.539,0.230,0.230] | v2:G2[0.275,0.226,0.499] | v3:G2[0.076,0.308,0.616] | v4:G1[0.078,0.600,0.322]
[TopoTrace Step 0] v0:G1[0.372,0.555,0.073] | v1:G0[0.539,0.230,0.230] | v2:G2[0.275,0.226,0.499] | v3:G2[0.076,0.308,0.616] | v4:G1[0.078,0.600,0.322]
[TopoTrace Step 0] v0:G1[0.372,0.555,0.073] | v1:G0[0.539,0.230,0.230] | v2:G2[0.275,0.226,0.499] | v3:G2[0.076,0.308,0.616] | v4:G1[0.078,0.600,0.322]
[TopoTrace Step 0] v0:G1[0.372,0.555,0.073] | v1:G0[0.539,0.230,0.230] | v2:G2[0.275,0.226,0.499] | v3:G2[0.076,0.308,0.616] | v4:G1[0.078,0.600,0.322]
[TopoTrace Step 0] v0:G1[0.372,0.555,0.073] | v1:G0[0.539,0.230,0.230] | v2:G2[0.275,0.226,0.499] | v3:G2[0.076,0.308,0.616] | v4:G1[0.078,0.600,0.322]
[TopoTrace Step 0] v0:G1[0.372,0.555,0.073] | v1:G0[0.539,0.230,0.230] | v2:G2[0.275,0.226,0.499] | v3:G2[0.076,0.308,0.616] | v4:G1[0.078,0.600,0.322]
[TopoTrace Step 0] v0:G1[0.372,0.555,0.073] | v1:G0[0.539,0.230,0.230] | v2:G2[0.275,0.226,0.499] | v3:G2[0.076,0.308,0.616] | v4:G1[0.078,0.600,0.322]
[TopoTrace Step 0] v0:G1[0.372,0.555,0.073] | v1:G0[0.539,0.230,0.230] | v2:G2[0.275,0.226,0.499] | v3:G2[0.076,0.308,0.616] | v4:G1[0.078,0.600,0.322]
[TopoTrace Step 0] v0:G1[0.372,0.555,0.073] | v1:G0[0.539,0.230,0.230] | v2:G2[0.275,0.226,0.499] | v3:G2[0.076,0.308,0.616] | v4:G1[0.078,0.600,0.322]
[TopoTrace Step 0] v0:G1[0.372,0.555,0.073] | v1:G0[0.539,0.230,0.230] | v2:G2[0.275,0.226,0.499] | v3:G2[0.076,0.308,0.616] | v4:G1[0.078,0.600,0.322]
[TopoTrace Step 0] v0:G1[0.372,0.555,0.073] | v1:G0[0.539,0.230,0.230] | v2:G2[0.275,0.226,0.499] | v3:G2[0.076,0.308,0.616] | v4:G1[0.078,0.600,0.322]
[TopoTrace Step 0] v0:G1[0.372,0.555,0.073] | v1:G0[0.539,0.230,0.230] | v2:G2[0.275,0.226,0.499] | v3:G2[0.076,0.308,0.616] | v4:G1[0.078,0.600,0.322]
[TopoTrace Step 0] v0:G1[0.372,0.555,0.073] | v1:G0[0.539,0.230,0.230] | v2:G2[0.275,0.226,0.499] | v3:G2[0.076,0.308,0.616] | v4:G1[0.078,0.600,0.322]
[TopoTrace Step 0] v0:G1[0.372,0.555,0.073] | v1:G0[0.539,0.230,0.230] | v2:G2[0.275,0.226,0.499] | v3:G2[0.076,0.308,0.616] | v4:G1[0.078,0.600,0.322]
[TopoTrace Step 0] v0:G1[0.372,0.555,0.073] | v1:G0[0.539,0.230,0.230] | v2:G2[0.275,0.226,0.499] | v3:G2[0.076,0.308,0.616] | v4:G1[0.078,0.600,0.322]
[TopoTrace Step 0] v0:G1[0.372,0.555,0.073] | v1:G0[0.539,0.230,0.230] | v2:G2[0.275,0.226,0.499] | v3:G2[0.076,0.308,0.616] | v4:G1[0.078,0.600,0.322]
[TopoTrace Step 0] v0:G1[0.372,0.555,0.073] | v1:G0[0.539,0.230,0.230] | v2:G2[0.275,0.226,0.499] | v3:G2[0.076,0.308,0.616] | v4:G1[0.078,0.600,0.322]
[TopoTrace Step 0] v0:G1[0.372,0.555,0.073] | v1:G0[0.539,0.230,0.230] | v2:G2[0.275,0.226,0.499] | v3:G2[0.076,0.308,0.616] | v4:G1[0.078,0.600,0.322]
[TopoTrace Step 0] v0:G1[0.372,0.555,0.073] | v1:G0[0.539,0.230,0.230] | v2:G2[0.275,0.226,0.499] | v3:G2[0.076,0.308,0.616] | v4:G1[0.078,0.600,0.322]
[TopoTrace Step 0] v0:G1[0.372,0.555,0.073] | v1:G0[0.539,0.230,0.230] | v2:G2[0.275,0.226,0.499] | v3:G2[0.076,0.308,0.616] | v4:G1[0.078,0.600,0.322]
[TopoTrace Step 0] v0:G1[0.372,0.555,0.073] | v1:G0[0.539,0.230,0.230] | v2:G2[0.275,0.226,0.499] | v3:G2[0.076,0.308,0.616] | v4:G1[0.078,0.600,0.322]
[TopoTrace Step 0] v0:G1[0.372,0.555,0.073] | v1:G0[0.539,0.230,0.230] | v2:G2[0.275,0.226,0.499] | v3:G2[0.076,0.308,0.616] | v4:G1[0.078,0.600,0.322]
[TopoTrace Step 0] v0:G1[0.372,0.555,0.073] | v1:G0[0.539,0.230,0.230] | v2:G2[0.275,0.226,0.499] | v3:G2[0.076,0.308,0.616] | v4:G1[0.078,0.600,0.322]
[TopoTrace Step 0] v0:G1[0.372,0.555,0.073] | v1:G0[0.539,0.230,0.230] | v2:G2[0.275,0.226,0.499] | v3:G2[0.076,0.308,0.616] | v4:G1[0.078,0.600,0.322]
[TopoTrace Step 0] v0:G1[0.372,0.555,0.073] | v1:G0[0.539,0.230,0.230] | v2:G2[0.275,0.226,0.499] | v3:G2[0.076,0.308,0.616] | v4:G1[0.078,0.600,0.322]
[TopoTrace Step 0] v0:G1[0.372,0.555,0.073] | v1:G0[0.539,0.230,0.230] | v2:G2[0.275,0.226,0.499] | v3:G2[0.076,0.308,0.616] | v4:G1[0.078,0.600,0.322]
[TopoTrace Step 0] v0:G1[0.372,0.555,0.073] | v1:G0[0.539,0.230,0.230] | v2:G2[0.275,0.226,0.499] | v3:G2[0.076,0.308,0.616] | v4:G1[0.078,0.600,0.322]
[TopoTrace Step 0] v0:G1[0.372,0.555,0.073] | v1:G0[0.539,0.230,0.230] | v2:G2[0.275,0.226,0.499] | v3:G2[0.076,0.308,0.616] | v4:G1[0.078,0.600,0.322]
[TopoTrace Step 0] v0:G1[0.372,0.555,0.073] | v1:G0[0.539,0.230,0.230] | v2:G2[0.275,0.226,0.499] | v3:G2[0.076,0.308,0.616] | v4:G1[0.078,0.600,0.322]
[TopoTrace Step 0] v0:G1[0.372,0.555,0.073] | v1:G0[0.539,0.230,0.230] | v2:G2[0.275,0.226,0.499] | v3:G2[0.076,0.308,0.616] | v4:G1[0.078,0.600,0.322]
[TopoTrace Step 0] v0:G1[0.372,0.555,0.073] | v1:G0[0.539,0.230,0.230] | v2:G2[0.275,0.226,0.499] | v3:G2[0.076,0.308,0.616] | v4:G1[0.078,0.600,0.322]
[TopoTrace Step 0] v0:G1[0.372,0.555,0.073] | v1:G0[0.539,0.230,0.230] | v2:G2[0.275,0.226,0.499] | v3:G2[0.076,0.308,0.616] | v4:G1[0.078,0.600,0.322]
[TopoTrace Step 0] v0:G1[0.372,0.555,0.073] | v1:G0[0.539,0.230,0.230] | v2:G2[0.275,0.226,0.499] | v3:G2[0.076,0.308,0.616] | v4:G1[0.078,0.600,0.322]
[TopoTrace Step 0] v0:G1[0.372,0.555,0.073] | v1:G0[0.539,0.230,0.230] | v2:G2[0.275,0.226,0.499] | v3:G2[0.076,0.308,0.616] | v4:G1[0.078,0.600,0.322]
[TopoTrace Step 0] v0:G1[0.372,0.555,0.073] | v1:G0[0.539,0.230,0.230] | v2:G2[0.275,0.226,0.499] | v3:G2[0.076,0.308,0.616] | v4:G1[0.078,0.600,0.322]
[TopoTrace Step 0] v0:G1[0.372,0.555,0.073] | v1:G0[0.539,0.230,0.230] | v2:G2[0.275,0.226,0.499] | v3:G2[0.076,0.308,0.616] | v4:G1[0.078,0.600,0.322]
[TopoTrace Step 0] v0:G1[0.372,0.555,0.073] | v1:G0[0.539,0.230,0.230] | v2:G2[0.275,0.226,0.499] | v3:G2[0.076,0.308,0.616] | v4:G1[0.078,0.600,0.322]
[TopoTrace Step 0] v0:G1[0.372,0.555,0.073] | v1:G0[0.539,0.230,0.230] | v2:G2[0.275,0.226,0.499] | v3:G2[0.076,0.308,0.616] | v4:G1[0.078,0.600,0.322]
[TopoTrace Step 0] v0:G1[0.372,0.555,0.073] | v1:G0[0.539,0.230,0.230] | v2:G2[0.275,0.226,0.499] | v3:G2[0.076,0.308,0.616] | v4:G1[0.078,0.600,0.322]
[TopoTrace Step 0] v0:G1[0.372,0.555,0.073] | v1:G0[0.539,0.230,0.230] | v2:G2[0.275,0.226,0.499] | v3:G2[0.076,0.308,0.616] | v4:G1[0.078,0.600,0.322]
[TopoTrace Step 0] v0:G1[0.372,0.555,0.073] | v1:G0[0.539,0.230,0.230] | v2:G2[0.275,0.226,0.499] | v3:G2[0.076,0.308,0.616] | v4:G1[0.078,0.600,0.322]
[TopoTrace Step 0] v0:G1[0.372,0.555,0.073] | v1:G0[0.539,0.230,0.230] | v2:G2[0.275,0.226,0.499] | v3:G2[0.076,0.308,0.616] | v4:G1[0.078,0.600,0.322]
[TopoTrace Step 0] v0:G1[0.372,0.555,0.073] | v1:G0[0.539,0.230,0.230] | v2:G2[0.275,0.226,0.499] | v3:G2[0.076,0.308,0.616] | v4:G1[0.078,0.600,0.322]
[TopoTrace Step 0] v0:G1[0.372,0.555,0.073] | v1:G0[0.539,0.230,0.230] | v2:G2[0.275,0.226,0.499] | v3:G2[0.076,0.308,0.616] | v4:G1[0.078,0.600,0.322]
[TopoTrace Step 0] v0:G1[0.372,0.555,0.073] | v1:G0[0.539,0.230,0.230] | v2:G2[0.275,0.226,0.499] | v3:G2[0.076,0.308,0.616] | v4:G1[0.078,0.600,0.322]
[TopoTrace Step 0] v0:G1[0.372,0.555,0.073] | v1:G0[0.539,0.230,0.230] | v2:G2[0.275,0.226,0.499] | v3:G2[0.076,0.308,0.616] | v4:G1[0.078,0.600,0.322]
[TopoTrace Step 0] v0:G1[0.372,0.555,0.073] | v1:G0[0.539,0.230,0.230] | v2:G2[0.275,0.226,0.499] | v3:G2[0.076,0.308,0.616] | v4:G1[0.078,0.600,0.322]
[TopoTrace Step 0] v0:G1[0.372,0.555,0.073] | v1:G0[0.539,0.230,0.230] | v2:G2[0.275,0.226,0.499] | v3:G2[0.076,0.308,0.616] | v4:G1[0.078,0.600,0.322]
[TopoTrace Step 0] v0:G1[0.372,0.555,0.073] | v1:G0[0.539,0.230,0.230] | v2:G2[0.275,0.226,0.499] | v3:G2[0.076,0.308,0.616] | v4:G1[0.078,0.600,0.322]
[TopoTrace Step 0] v0:G1[0.372,0.555,0.073] | v1:G0[0.539,0.230,0.230] | v2:G2[0.275,0.226,0.499] | v3:G2[0.076,0.308,0.616] | v4:G1[0.078,0.600,0.322]
[TopoTrace Step 0] v0:G1[0.372,0.555,0.073] | v1:G0[0.539,0.230,0.230] | v2:G2[0.275,0.226,0.499] | v3:G2[0.076,0.308,0.616] | v4:G1[0.078,0.600,0.322]
[TopoTrace Step 0] v0:G1[0.372,0.555,0.073] | v1:G0[0.539,0.230,0.230] | v2:G2[0.275,0.226,0.499] | v3:G2[0.076,0.308,0.616] | v4:G1[0.078,0.600,0.322]
[TopoTrace Step 0] v0:G1[0.372,0.555,0.073] | v1:G0[0.539,0.230,0.230] | v2:G2[0.275,0.226,0.499] | v3:G2[0.076,0.308,0.616] | v4:G1[0.078,0.600,0.322]
[TopoTrace Step 0] v0:G1[0.372,0.555,0.073] | v1:G0[0.539,0.230,0.230] | v2:G2[0.275,0.226,0.499] | v3:G2[0.076,0.308,0.616] | v4:G1[0.078,0.600,0.322]
[TopoTrace Step 0] v0:G1[0.372,0.555,0.073] | v1:G0[0.539,0.230,0.230] | v2:G2[0.275,0.226,0.499] | v3:G2[0.076,0.308,0.616] | v4:G1[0.078,0.600,0.322]
[TopoTrace Step 0] v0:G1[0.372,0.555,0.073] | v1:G0[0.539,0.230,0.230] | v2:G2[0.275,0.226,0.499] | v3:G2[0.076,0.308,0.616] | v4:G1[0.078,0.600,0.322]
[TopoTrace Step 0] v0:G1[0.372,0.555,0.073] | v1:G0[0.539,0.230,0.230] | v2:G2[0.275,0.226,0.499] | v3:G2[0.076,0.308,0.616] | v4:G1[0.078,0.600,0.322]
[TopoTrace Step 0] v0:G1[0.372,0.555,0.073] | v1:G0[0.539,0.230,0.230] | v2:G2[0.275,0.226,0.499] | v3:G2[0.076,0.308,0.616] | v4:G1[0.078,0.600,0.322]
[TopoTrace Step 0] v0:G1[0.372,0.555,0.073] | v1:G0[0.539,0.230,0.230] | v2:G2[0.275,0.226,0.499] | v3:G2[0.076,0.308,0.616] | v4:G1[0.078,0.600,0.322]
[TopoTrace Step 0] v0:G1[0.372,0.555,0.073] | v1:G0[0.539,0.230,0.230] | v2:G2[0.275,0.226,0.499] | v3:G2[0.076,0.308,0.616] | v4:G1[0.078,0.600,0.322]
[TopoTrace Step 0] v0:G1[0.372,0.555,0.073] | v1:G0[0.539,0.230,0.230] | v2:G2[0.275,0.226,0.499] | v3:G2[0.076,0.308,0.616] | v4:G1[0.078,0.600,0.322]
[TopoTrace Step 0] v0:G1[0.372,0.555,0.073] | v1:G0[0.539,0.230,0.230] | v2:G2[0.275,0.226,0.499] | v3:G2[0.076,0.308,0.616] | v4:G1[0.078,0.600,0.322]
[TopoTrace Step 0] v0:G1[0.372,0.555,0.073] | v1:G0[0.539,0.230,0.230] | v2:G2[0.275,0.226,0.499] | v3:G2[0.076,0.308,0.616] | v4:G1[0.078,0.600,0.322]
[TopoTrace Step 0] v0:G1[0.372,0.555,0.073] | v1:G0[0.539,0.230,0.230] | v2:G2[0.275,0.226,0.499] | v3:G2[0.076,0.308,0.616] | v4:G1[0.078,0.600,0.322]
[TopoTrace Step 0] v0:G1[0.372,0.555,0.073] | v1:G0[0.539,0.230,0.230] | v2:G2[0.275,0.226,0.499] | v3:G2[0.076,0.308,0.616] | v4:G1[0.078,0.600,0.322]
[TopoTrace Step 0] v0:G1[0.372,0.555,0.073] | v1:G0[0.539,0.230,0.230] | v2:G2[0.275,0.226,0.499] | v3:G2[0.076,0.308,0.616] | v4:G1[0.078,0.600,0.322]
[TopoTrace Step 0] v0:G1[0.372,0.555,0.073] | v1:G0[0.539,0.230,0.230] | v2:G2[0.275,0.226,0.499] | v3:G2[0.076,0.308,0.616] | v4:G1[0.078,0.600,0.322]
[TopoTrace Step 0] v0:G1[0.372,0.555,0.073] | v1:G0[0.539,0.230,0.230] | v2:G2[0.275,0.226,0.499] | v3:G2[0.076,0.308,0.616] | v4:G1[0.078,0.600,0.322]
[TopoTrace Step 0] v0:G1[0.372,0.555,0.073] | v1:G0[0.539,0.230,0.230] | v2:G2[0.275,0.226,0.499] | v3:G2[0.076,0.308,0.616] | v4:G1[0.078,0.600,0.322]
[TopoTrace Step 0] v0:G1[0.372,0.555,0.073] | v1:G0[0.539,0.230,0.230] | v2:G2[0.275,0.226,0.499] | v3:G2[0.076,0.308,0.616] | v4:G1[0.078,0.600,0.322][TopoTrace Step 0] v0:G1[0.372,0.555,0.073] | v1:G0[0.539,0.230,0.230] | v2:G2[0.275,0.226,0.499] | v3:G2[0.076,0.308,0.616] | v4:G1[0.078,0.600,0.322]

[TopoTrace Step 0] v0:G1[0.372,0.555,0.073] | v1:G0[0.539,0.230,0.230] | v2:G2[0.275,0.226,0.499] | v3:G2[0.076,0.308,0.616] | v4:G1[0.078,0.600,0.322]
[TopoTrace Step 0] v0:G1[0.372,0.555,0.073] | v1:G0[0.539,0.230,0.230] | v2:G2[0.275,0.226,0.499] | v3:G2[0.076,0.308,0.616] | v4:G1[0.078,0.600,0.322]
[TopoTrace Step 0] v0:G1[0.372,0.555,0.073] | v1:G0[0.539,0.230,0.230] | v2:G2[0.275,0.226,0.499] | v3:G2[0.076,0.308,0.616] | v4:G1[0.078,0.600,0.322]
[TopoTrace Step 0] v0:G1[0.372,0.555,0.073] | v1:G0[0.539,0.230,0.230] | v2:G2[0.275,0.226,0.499] | v3:G2[0.076,0.308,0.616] | v4:G1[0.078,0.600,0.322]
[TopoTrace Step 0] v0:G1[0.372,0.555,0.073] | v1:G0[0.539,0.230,0.230] | v2:G2[0.275,0.226,0.499] | v3:G2[0.076,0.308,0.616] | v4:G1[0.078,0.600,0.322]
[TopoTrace Step 0] v0:G1[0.372,0.555,0.073] | v1:G0[0.539,0.230,0.230] | v2:G2[0.275,0.226,0.499] | v3:G2[0.076,0.308,0.616] | v4:G1[0.078,0.600,0.322]
[TopoTrace Step 0] v0:G1[0.372,0.555,0.073] | v1:G0[0.539,0.230,0.230] | v2:G2[0.275,0.226,0.499] | v3:G2[0.076,0.308,0.616] | v4:G1[0.078,0.600,0.322]
[TopoTrace Step 0] v0:G1[0.372,0.555,0.073] | v1:G0[0.539,0.230,0.230] | v2:G2[0.275,0.226,0.499] | v3:G2[0.076,0.308,0.616] | v4:G1[0.078,0.600,0.322]
[TopoTrace Step 0] v0:G1[0.372,0.555,0.073] | v1:G0[0.539,0.230,0.230] | v2:G2[0.275,0.226,0.499] | v3:G2[0.076,0.308,0.616] | v4:G1[0.078,0.600,0.322]
[TopoTrace Step 0] v0:G1[0.372,0.555,0.073] | v1:G0[0.539,0.230,0.230] | v2:G2[0.275,0.226,0.499] | v3:G2[0.076,0.308,0.616] | v4:G1[0.078,0.600,0.322]
[TopoTrace Step 0] v0:G1[0.372,0.555,0.073] | v1:G0[0.539,0.230,0.230] | v2:G2[0.275,0.226,0.499] | v3:G2[0.076,0.308,0.616] | v4:G1[0.078,0.600,0.322]
[TopoTrace Step 0] v0:G1[0.372,0.555,0.073] | v1:G0[0.539,0.230,0.230] | v2:G2[0.275,0.226,0.499] | v3:G2[0.076,0.308,0.616] | v4:G1[0.078,0.600,0.322]
[TopoTrace Step 0] v0:G1[0.372,0.555,0.073] | v1:G0[0.539,0.230,0.230] | v2:G2[0.275,0.226,0.499] | v3:G2[0.076,0.308,0.616] | v4:G1[0.078,0.600,0.322]
[TopoTrace Step 0] v0:G1[0.372,0.555,0.073] | v1:G0[0.539,0.230,0.230] | v2:G2[0.275,0.226,0.499] | v3:G2[0.076,0.308,0.616] | v4:G1[0.078,0.600,0.322]
[TopoTrace Step 0] v0:G1[0.372,0.555,0.073] | v1:G0[0.539,0.230,0.230] | v2:G2[0.275,0.226,0.499] | v3:G2[0.076,0.308,0.616] | v4:G1[0.078,0.600,0.322]
[TopoTrace Step 0] v0:G1[0.372,0.555,0.073] | v1:G0[0.539,0.230,0.230] | v2:G2[0.275,0.226,0.499] | v3:G2[0.076,0.308,0.616] | v4:G1[0.078,0.600,0.322]
[TopoTrace Step 0] v0:G1[0.372,0.555,0.073] | v1:G0[0.539,0.230,0.230] | v2:G2[0.275,0.226,0.499] | v3:G2[0.076,0.308,0.616] | v4:G1[0.078,0.600,0.322]
[TopoTrace Step 0] v0:G1[0.372,0.555,0.073] | v1:G0[0.539,0.230,0.230] | v2:G2[0.275,0.226,0.499] | v3:G2[0.076,0.308,0.616] | v4:G1[0.078,0.600,0.322]
[TopoTrace Step 0] v0:G1[0.372,0.555,0.073] | v1:G0[0.539,0.230,0.230] | v2:G2[0.275,0.226,0.499] | v3:G2[0.076,0.308,0.616] | v4:G1[0.078,0.600,0.322]
[TopoTrace Step 0] v0:G1[0.372,0.555,0.073] | v1:G0[0.539,0.230,0.230] | v2:G2[0.275,0.226,0.499] | v3:G2[0.076,0.308,0.616] | v4:G1[0.078,0.600,0.322]
[TopoTrace Step 0] v0:G1[0.372,0.555,0.073] | v1:G0[0.539,0.230,0.230] | v2:G2[0.275,0.226,0.499] | v3:G2[0.076,0.308,0.616] | v4:G1[0.078,0.600,0.322]
[TopoTrace Step 0] v0:G1[0.372,0.555,0.073] | v1:G0[0.539,0.230,0.230] | v2:G2[0.275,0.226,0.499] | v3:G2[0.076,0.308,0.616] | v4:G1[0.078,0.600,0.322]
[TopoTrace Step 0] v0:G1[0.372,0.555,0.073] | v1:G0[0.539,0.230,0.230] | v2:G2[0.275,0.226,0.499] | v3:G2[0.076,0.308,0.616] | v4:G1[0.078,0.600,0.322]
[TopoTrace Step 0] v0:G1[0.372,0.555,0.073] | v1:G0[0.539,0.230,0.230] | v2:G2[0.275,0.226,0.499] | v3:G2[0.076,0.308,0.616] | v4:G1[0.078,0.600,0.322]
[TopoTrace Step 0] v0:G1[0.372,0.555,0.073] | v1:G0[0.539,0.230,0.230] | v2:G2[0.275,0.226,0.499] | v3:G2[0.076,0.308,0.616] | v4:G1[0.078,0.600,0.322]
[TopoTrace Step 0] v0:G1[0.372,0.555,0.073] | v1:G0[0.539,0.230,0.230] | v2:G2[0.275,0.226,0.499] | v3:G2[0.076,0.308,0.616] | v4:G1[0.078,0.600,0.322]
[TopoTrace Step 0] v0:G1[0.372,0.555,0.073] | v1:G0[0.539,0.230,0.230] | v2:G2[0.275,0.226,0.499] | v3:G2[0.076,0.308,0.616] | v4:G1[0.078,0.600,0.322]
[TopoTrace Step 0] v0:G1[0.372,0.555,0.073] | v1:G0[0.539,0.230,0.230] | v2:G2[0.275,0.226,0.499] | v3:G2[0.076,0.308,0.616] | v4:G1[0.078,0.600,0.322]
[TopoTrace Step 0] v0:G1[0.372,0.555,0.073] | v1:G0[0.539,0.230,0.230] | v2:G2[0.275,0.226,0.499] | v3:G2[0.076,0.308,0.616] | v4:G1[0.078,0.600,0.322]
[TopoTrace Step 0] v0:G1[0.372,0.555,0.073] | v1:G0[0.539,0.230,0.230] | v2:G2[0.275,0.226,0.499] | v3:G2[0.076,0.308,0.616] | v4:G1[0.078,0.600,0.322]
[TopoTrace Step 0] v0:G1[0.372,0.555,0.073] | v1:G0[0.539,0.230,0.230] | v2:G2[0.275,0.226,0.499] | v3:G2[0.076,0.308,0.616] | v4:G1[0.078,0.600,0.322]
[TopoTrace Step 0] v0:G1[0.372,0.555,0.073] | v1:G0[0.539,0.230,0.230] | v2:G2[0.275,0.226,0.499] | v3:G2[0.076,0.308,0.616] | v4:G1[0.078,0.600,0.322]
[TopoTrace Step 0] v0:G1[0.372,0.555,0.073] | v1:G0[0.539,0.230,0.230] | v2:G2[0.275,0.226,0.499] | v3:G2[0.076,0.308,0.616] | v4:G1[0.078,0.600,0.322]
[TopoTrace Step 0] v0:G1[0.372,0.555,0.073] | v1:G0[0.539,0.230,0.230] | v2:G2[0.275,0.226,0.499] | v3:G2[0.076,0.308,0.616] | v4:G1[0.078,0.600,0.322]
[TopoTrace Step 0] v0:G1[0.372,0.555,0.073] | v1:G0[0.539,0.230,0.230] | v2:G2[0.275,0.226,0.499] | v3:G2[0.076,0.308,0.616] | v4:G1[0.078,0.600,0.322]
[TopoTrace Step 0] v0:G1[0.372,0.555,0.073] | v1:G0[0.539,0.230,0.230] | v2:G2[0.275,0.226,0.499] | v3:G2[0.076,0.308,0.616] | v4:G1[0.078,0.600,0.322]
[TopoTrace Step 0] v0:G1[0.372,0.555,0.073] | v1:G0[0.539,0.230,0.230] | v2:G2[0.275,0.226,0.499] | v3:G2[0.076,0.308,0.616] | v4:G1[0.078,0.600,0.322]
[TopoTrace Step 0] v0:G1[0.372,0.555,0.073] | v1:G0[0.539,0.230,0.230] | v2:G2[0.275,0.226,0.499] | v3:G2[0.076,0.308,0.616] | v4:G1[0.078,0.600,0.322]
[TopoTrace Step 0] v0:G1[0.372,0.555,0.073] | v1:G0[0.539,0.230,0.230] | v2:G2[0.275,0.226,0.499] | v3:G2[0.076,0.308,0.616] | v4:G1[0.078,0.600,0.322]
[TopoTrace Step 0] v0:G1[0.372,0.555,0.073] | v1:G0[0.539,0.230,0.230] | v2:G2[0.275,0.226,0.499] | v3:G2[0.076,0.308,0.616] | v4:G1[0.078,0.600,0.322]
[TopoTrace Step 0] v0:G1[0.372,0.555,0.073] | v1:G0[0.539,0.230,0.230] | v2:G2[0.275,0.226,0.499] | v3:G2[0.076,0.308,0.616] | v4:G1[0.078,0.600,0.322]
[TopoTrace Step 0] v0:G1[0.372,0.555,0.073] | v1:G0[0.539,0.230,0.230] | v2:G2[0.275,0.226,0.499] | v3:G2[0.076,0.308,0.616] | v4:G1[0.078,0.600,0.322]
[TopoTrace Step 0] v0:G1[0.372,0.555,0.073] | v1:G0[0.539,0.230,0.230] | v2:G2[0.275,0.226,0.499] | v3:G2[0.076,0.308,0.616] | v4:G1[0.078,0.600,0.322]
[TopoTrace Step 0] v0:G1[0.372,0.555,0.073] | v1:G0[0.539,0.230,0.230] | v2:G2[0.275,0.226,0.499] | v3:G2[0.076,0.308,0.616] | v4:G1[0.078,0.600,0.322]
[TopoTrace Step 0] v0:G1[0.372,0.555,0.073] | v1:G0[0.539,0.230,0.230] | v2:G2[0.275,0.226,0.499] | v3:G2[0.076,0.308,0.616] | v4:G1[0.078,0.600,0.322]
[TopoTrace Step 0] v0:G1[0.372,0.555,0.073] | v1:G0[0.539,0.230,0.230] | v2:G2[0.275,0.226,0.499] | v3:G2[0.076,0.308,0.616] | v4:G1[0.078,0.600,0.322]
[TopoTrace Step 0] v0:G1[0.372,0.555,0.073] | v1:G0[0.539,0.230,0.230] | v2:G2[0.275,0.226,0.499] | v3:G2[0.076,0.308,0.616] | v4:G1[0.078,0.600,0.322]
[TopoTrace Step 0] v0:G1[0.372,0.555,0.073] | v1:G0[0.539,0.230,0.230] | v2:G2[0.275,0.226,0.499] | v3:G2[0.076,0.308,0.616] | v4:G1[0.078,0.600,0.322]
[TopoTrace Step 0] v0:G1[0.372,0.555,0.073] | v1:G0[0.539,0.230,0.230] | v2:G2[0.275,0.226,0.499] | v3:G2[0.076,0.308,0.616] | v4:G1[0.078,0.600,0.322]
[TopoTrace Step 0] v0:G1[0.372,0.555,0.073] | v1:G0[0.539,0.230,0.230] | v2:G2[0.275,0.226,0.499] | v3:G2[0.076,0.308,0.616] | v4:G1[0.078,0.600,0.322]
[TopoTrace Step 0] v0:G1[0.372,0.555,0.073] | v1:G0[0.539,0.230,0.230] | v2:G2[0.275,0.226,0.499] | v3:G2[0.076,0.308,0.616] | v4:G1[0.078,0.600,0.322]
[TopoTrace Step 0] v0:G1[0.372,0.555,0.073] | v1:G0[0.539,0.230,0.230] | v2:G2[0.275,0.226,0.499] | v3:G2[0.076,0.308,0.616] | v4:G1[0.078,0.600,0.322]
[TopoTrace Step 0] v0:G1[0.372,0.555,0.073] | v1:G0[0.539,0.230,0.230] | v2:G2[0.275,0.226,0.499] | v3:G2[0.076,0.308,0.616] | v4:G1[0.078,0.600,0.322]
[TopoTrace Step 0] v0:G1[0.372,0.555,0.073] | v1:G0[0.539,0.230,0.230] | v2:G2[0.275,0.226,0.499] | v3:G2[0.076,0.308,0.616] | v4:G1[0.078,0.600,0.322]
	iters: 100, epoch: 6 | loss: 0.6302194
	speed: 9.1493s/iter; left time: 12543.7542s
[TopoTrace Step 0] v0:G1[0.372,0.555,0.073] | v1:G0[0.539,0.230,0.230] | v2:G2[0.275,0.226,0.499] | v3:G2[0.076,0.308,0.616] | v4:G1[0.078,0.600,0.322]
[TopoTrace Step 0] v0:G1[0.372,0.555,0.073] | v1:G0[0.539,0.230,0.230] | v2:G2[0.275,0.226,0.499] | v3:G2[0.076,0.308,0.616] | v4:G1[0.078,0.600,0.322]
[TopoTrace Step 0] v0:G1[0.372,0.555,0.073] | v1:G0[0.539,0.230,0.230] | v2:G2[0.275,0.226,0.499] | v3:G2[0.076,0.308,0.616] | v4:G1[0.078,0.600,0.322]
[TopoTrace Step 0] v0:G1[0.372,0.555,0.073] | v1:G0[0.539,0.230,0.230] | v2:G2[0.275,0.226,0.499] | v3:G2[0.076,0.308,0.616] | v4:G1[0.078,0.600,0.322]
[TopoTrace Step 0] v0:G1[0.372,0.555,0.073] | v1:G0[0.539,0.230,0.230] | v2:G2[0.275,0.226,0.499] | v3:G2[0.076,0.308,0.616] | v4:G1[0.078,0.600,0.322]
[TopoTrace Step 0] v0:G1[0.372,0.555,0.073] | v1:G0[0.539,0.230,0.230] | v2:G2[0.275,0.226,0.499] | v3:G2[0.076,0.308,0.616] | v4:G1[0.078,0.600,0.322]
[TopoTrace Step 0] v0:G1[0.372,0.555,0.073] | v1:G0[0.539,0.230,0.230] | v2:G2[0.275,0.226,0.499] | v3:G2[0.076,0.308,0.616] | v4:G1[0.078,0.600,0.322]
[TopoTrace Step 0] v0:G1[0.372,0.555,0.073] | v1:G0[0.539,0.230,0.230] | v2:G2[0.275,0.226,0.499] | v3:G2[0.076,0.308,0.616] | v4:G1[0.078,0.600,0.322]
[TopoTrace Step 0] v0:G1[0.372,0.555,0.073] | v1:G0[0.539,0.230,0.230] | v2:G2[0.275,0.226,0.499] | v3:G2[0.076,0.308,0.616] | v4:G1[0.078,0.600,0.322]
[TopoTrace Step 0] v0:G1[0.372,0.555,0.073] | v1:G0[0.539,0.230,0.230] | v2:G2[0.275,0.226,0.499] | v3:G2[0.076,0.308,0.616] | v4:G1[0.078,0.600,0.322]
[TopoTrace Step 0] v0:G1[0.372,0.555,0.073] | v1:G0[0.539,0.230,0.230] | v2:G2[0.275,0.226,0.499] | v3:G2[0.076,0.308,0.616] | v4:G1[0.078,0.600,0.322]
[TopoTrace Step 0] v0:G1[0.372,0.555,0.073] | v1:G0[0.539,0.230,0.230] | v2:G2[0.275,0.226,0.499] | v3:G2[0.076,0.308,0.616] | v4:G1[0.078,0.600,0.322]
[TopoTrace Step 0] v0:G1[0.372,0.555,0.073] | v1:G0[0.539,0.230,0.230] | v2:G2[0.275,0.226,0.499] | v3:G2[0.076,0.308,0.616] | v4:G1[0.078,0.600,0.322]
[TopoTrace Step 0] v0:G1[0.372,0.555,0.073] | v1:G0[0.539,0.230,0.230] | v2:G2[0.275,0.226,0.499] | v3:G2[0.076,0.308,0.616] | v4:G1[0.078,0.600,0.322]
[TopoTrace Step 0] v0:G1[0.372,0.555,0.073] | v1:G0[0.539,0.230,0.230] | v2:G2[0.275,0.226,0.499] | v3:G2[0.076,0.308,0.616] | v4:G1[0.078,0.600,0.322]
[TopoTrace Step 0] v0:G1[0.372,0.555,0.073] | v1:G0[0.539,0.230,0.230] | v2:G2[0.275,0.226,0.499] | v3:G2[0.076,0.308,0.616] | v4:G1[0.078,0.600,0.322]
[TopoTrace Step 0] v0:G1[0.372,0.555,0.073] | v1:G0[0.539,0.230,0.230] | v2:G2[0.275,0.226,0.499] | v3:G2[0.076,0.308,0.616] | v4:G1[0.078,0.600,0.322]
[TopoTrace Step 0] v0:G1[0.372,0.555,0.073] | v1:G0[0.539,0.230,0.230] | v2:G2[0.275,0.226,0.499] | v3:G2[0.076,0.308,0.616] | v4:G1[0.078,0.600,0.322]
[TopoTrace Step 0] v0:G1[0.372,0.555,0.073] | v1:G0[0.539,0.230,0.230] | v2:G2[0.275,0.226,0.499] | v3:G2[0.076,0.308,0.616] | v4:G1[0.078,0.600,0.322]
[TopoTrace Step 0] v0:G1[0.372,0.555,0.073] | v1:G0[0.539,0.230,0.230] | v2:G2[0.275,0.226,0.499] | v3:G2[0.076,0.308,0.616] | v4:G1[0.078,0.600,0.322]
[TopoTrace Step 0] v0:G1[0.372,0.555,0.073] | v1:G0[0.539,0.230,0.230] | v2:G2[0.275,0.226,0.499] | v3:G2[0.076,0.308,0.616] | v4:G1[0.078,0.600,0.322]
[TopoTrace Step 0] v0:G1[0.372,0.555,0.073] | v1:G0[0.539,0.230,0.230] | v2:G2[0.275,0.226,0.499] | v3:G2[0.076,0.308,0.616] | v4:G1[0.078,0.600,0.322]
[TopoTrace Step 0] v0:G1[0.372,0.555,0.073] | v1:G0[0.539,0.230,0.230] | v2:G2[0.275,0.226,0.499] | v3:G2[0.076,0.308,0.616] | v4:G1[0.078,0.600,0.322]
[TopoTrace Step 0] v0:G1[0.372,0.555,0.073] | v1:G0[0.539,0.230,0.230] | v2:G2[0.275,0.226,0.499] | v3:G2[0.076,0.308,0.616] | v4:G1[0.078,0.600,0.322]
[TopoTrace Step 0] v0:G1[0.372,0.555,0.073] | v1:G0[0.539,0.230,0.230] | v2:G2[0.275,0.226,0.499] | v3:G2[0.076,0.308,0.616] | v4:G1[0.078,0.600,0.322]
[TopoTrace Step 0] v0:G1[0.372,0.555,0.073] | v1:G0[0.539,0.230,0.230] | v2:G2[0.275,0.226,0.499] | v3:G2[0.076,0.308,0.616] | v4:G1[0.078,0.600,0.322]
[TopoTrace Step 0] v0:G1[0.372,0.555,0.073] | v1:G0[0.539,0.230,0.230] | v2:G2[0.275,0.226,0.499] | v3:G2[0.076,0.308,0.616] | v4:G1[0.078,0.600,0.322]
[TopoTrace Step 0] v0:G1[0.372,0.555,0.073] | v1:G0[0.539,0.230,0.230] | v2:G2[0.275,0.226,0.499] | v3:G2[0.076,0.308,0.616] | v4:G1[0.078,0.600,0.322]
[TopoTrace Step 0] v0:G1[0.372,0.555,0.073] | v1:G0[0.539,0.230,0.230] | v2:G2[0.275,0.226,0.499] | v3:G2[0.076,0.308,0.616] | v4:G1[0.078,0.600,0.322]
[TopoTrace Step 0] v0:G1[0.372,0.555,0.073] | v1:G0[0.539,0.230,0.230] | v2:G2[0.275,0.226,0.499] | v3:G2[0.076,0.308,0.616] | v4:G1[0.078,0.600,0.322]
[TopoTrace Step 0] v0:G1[0.372,0.555,0.073] | v1:G0[0.539,0.230,0.230] | v2:G2[0.275,0.226,0.499] | v3:G2[0.076,0.308,0.616] | v4:G1[0.078,0.600,0.322]
[TopoTrace Step 0] v0:G1[0.372,0.555,0.073] | v1:G0[0.539,0.230,0.230] | v2:G2[0.275,0.226,0.499] | v3:G2[0.076,0.308,0.616] | v4:G1[0.078,0.600,0.322]
[TopoTrace Step 0] v0:G1[0.372,0.555,0.073] | v1:G0[0.539,0.230,0.230] | v2:G2[0.275,0.226,0.499] | v3:G2[0.076,0.308,0.616] | v4:G1[0.078,0.600,0.322]
[TopoTrace Step 0] v0:G1[0.372,0.555,0.073] | v1:G0[0.539,0.230,0.230] | v2:G2[0.275,0.226,0.499] | v3:G2[0.076,0.308,0.616] | v4:G1[0.078,0.600,0.322]
[TopoTrace Step 0] v0:G1[0.372,0.555,0.073] | v1:G0[0.539,0.230,0.230] | v2:G2[0.275,0.226,0.499] | v3:G2[0.076,0.308,0.616] | v4:G1[0.078,0.600,0.322]
[TopoTrace Step 0] v0:G1[0.372,0.555,0.073] | v1:G0[0.539,0.230,0.230] | v2:G2[0.275,0.226,0.499] | v3:G2[0.076,0.308,0.616] | v4:G1[0.078,0.600,0.322]
[TopoTrace Step 0] v0:G1[0.372,0.555,0.073] | v1:G0[0.539,0.230,0.230] | v2:G2[0.275,0.226,0.499] | v3:G2[0.076,0.308,0.616] | v4:G1[0.078,0.600,0.322]
[TopoTrace Step 0] v0:G1[0.372,0.555,0.073] | v1:G0[0.539,0.230,0.230] | v2:G2[0.275,0.226,0.499] | v3:G2[0.076,0.308,0.616] | v4:G1[0.078,0.600,0.322]
[TopoTrace Step 0] v0:G1[0.372,0.555,0.073] | v1:G0[0.539,0.230,0.230] | v2:G2[0.275,0.226,0.499] | v3:G2[0.076,0.308,0.616] | v4:G1[0.078,0.600,0.322]
[TopoTrace Step 0] v0:G1[0.372,0.555,0.073] | v1:G0[0.539,0.230,0.230] | v2:G2[0.275,0.226,0.499] | v3:G2[0.076,0.308,0.616] | v4:G1[0.078,0.600,0.322]
[TopoTrace Step 0] v0:G1[0.372,0.555,0.073] | v1:G0[0.539,0.230,0.230] | v2:G2[0.275,0.226,0.499] | v3:G2[0.076,0.308,0.616] | v4:G1[0.078,0.600,0.322]
[TopoTrace Step 0] v0:G1[0.372,0.555,0.073] | v1:G0[0.539,0.230,0.230] | v2:G2[0.275,0.226,0.499] | v3:G2[0.076,0.308,0.616] | v4:G1[0.078,0.600,0.322]
[TopoTrace Step 0] v0:G1[0.372,0.555,0.073] | v1:G0[0.539,0.230,0.230] | v2:G2[0.275,0.226,0.499] | v3:G2[0.076,0.308,0.616] | v4:G1[0.078,0.600,0.322]
[TopoTrace Step 0] v0:G1[0.372,0.555,0.073] | v1:G0[0.539,0.230,0.230] | v2:G2[0.275,0.226,0.499] | v3:G2[0.076,0.308,0.616] | v4:G1[0.078,0.600,0.322]
[TopoTrace Step 0] v0:G1[0.372,0.555,0.073] | v1:G0[0.539,0.230,0.230] | v2:G2[0.275,0.226,0.499] | v3:G2[0.076,0.308,0.616] | v4:G1[0.078,0.600,0.322]
[TopoTrace Step 0] v0:G1[0.372,0.555,0.073] | v1:G0[0.539,0.230,0.230] | v2:G2[0.275,0.226,0.499] | v3:G2[0.076,0.308,0.616] | v4:G1[0.078,0.600,0.322]
[TopoTrace Step 0] v0:G1[0.372,0.555,0.073] | v1:G0[0.539,0.230,0.230] | v2:G2[0.275,0.226,0.499] | v3:G2[0.076,0.308,0.616] | v4:G1[0.078,0.600,0.322]
[TopoTrace Step 0] v0:G1[0.372,0.555,0.073] | v1:G0[0.539,0.230,0.230] | v2:G2[0.275,0.226,0.499] | v3:G2[0.076,0.308,0.616] | v4:G1[0.078,0.600,0.322]
[TopoTrace Step 0] v0:G1[0.372,0.555,0.073] | v1:G0[0.539,0.230,0.230] | v2:G2[0.275,0.226,0.499] | v3:G2[0.076,0.308,0.616] | v4:G1[0.078,0.600,0.322][TopoTrace Step 0] v0:G1[0.372,0.555,0.073] | v1:G0[0.539,0.230,0.230] | v2:G2[0.275,0.226,0.499] | v3:G2[0.076,0.308,0.616] | v4:G1[0.078,0.600,0.322]

[TopoTrace Step 0] v0:G1[0.372,0.555,0.073] | v1:G0[0.539,0.230,0.230] | v2:G2[0.275,0.226,0.499] | v3:G2[0.076,0.308,0.616] | v4:G1[0.078,0.600,0.322]
[TopoTrace Step 0] v0:G1[0.372,0.555,0.073] | v1:G0[0.539,0.230,0.230] | v2:G2[0.275,0.226,0.499] | v3:G2[0.076,0.308,0.616] | v4:G1[0.078,0.600,0.322]
[TopoTrace Step 0] v0:G1[0.372,0.555,0.073] | v1:G0[0.539,0.230,0.230] | v2:G2[0.275,0.226,0.499] | v3:G2[0.076,0.308,0.616] | v4:G1[0.078,0.600,0.322]
[TopoTrace Step 0] v0:G1[0.372,0.555,0.073] | v1:G0[0.539,0.230,0.230] | v2:G2[0.275,0.226,0.499] | v3:G2[0.076,0.308,0.616] | v4:G1[0.078,0.600,0.322]
[TopoTrace Step 0] v0:G1[0.372,0.555,0.073] | v1:G0[0.539,0.230,0.230] | v2:G2[0.275,0.226,0.499] | v3:G2[0.076,0.308,0.616] | v4:G1[0.078,0.600,0.322]
[TopoTrace Step 0] v0:G1[0.372,0.555,0.073] | v1:G0[0.539,0.230,0.230] | v2:G2[0.275,0.226,0.499] | v3:G2[0.076,0.308,0.616] | v4:G1[0.078,0.600,0.322]
[TopoTrace Step 0] v0:G1[0.372,0.555,0.073] | v1:G0[0.539,0.230,0.230] | v2:G2[0.275,0.226,0.499] | v3:G2[0.076,0.308,0.616] | v4:G1[0.078,0.600,0.322]
[TopoTrace Step 0] v0:G1[0.372,0.555,0.073] | v1:G0[0.539,0.230,0.230] | v2:G2[0.275,0.226,0.499] | v3:G2[0.076,0.308,0.616] | v4:G1[0.078,0.600,0.322]
[TopoTrace Step 0] v0:G1[0.372,0.555,0.073] | v1:G0[0.539,0.230,0.230] | v2:G2[0.275,0.226,0.499] | v3:G2[0.076,0.308,0.616] | v4:G1[0.078,0.600,0.322]
[TopoTrace Step 0] v0:G1[0.372,0.555,0.073] | v1:G0[0.539,0.230,0.230] | v2:G2[0.275,0.226,0.499] | v3:G2[0.076,0.308,0.616] | v4:G1[0.078,0.600,0.322]
[TopoTrace Step 0] v0:G1[0.372,0.555,0.073] | v1:G0[0.539,0.230,0.230] | v2:G2[0.275,0.226,0.499] | v3:G2[0.076,0.308,0.616] | v4:G1[0.078,0.600,0.322]
[TopoTrace Step 0] v0:G1[0.372,0.555,0.073] | v1:G0[0.539,0.230,0.230] | v2:G2[0.275,0.226,0.499] | v3:G2[0.076,0.308,0.616] | v4:G1[0.078,0.600,0.322]
[TopoTrace Step 0] v0:G1[0.372,0.555,0.073] | v1:G0[0.539,0.230,0.230] | v2:G2[0.275,0.226,0.499] | v3:G2[0.076,0.308,0.616] | v4:G1[0.078,0.600,0.322]
[TopoTrace Step 0] v0:G1[0.372,0.555,0.073] | v1:G0[0.539,0.230,0.230] | v2:G2[0.275,0.226,0.499] | v3:G2[0.076,0.308,0.616] | v4:G1[0.078,0.600,0.322]
[TopoTrace Step 0] v0:G1[0.372,0.555,0.073] | v1:G0[0.539,0.230,0.230] | v2:G2[0.275,0.226,0.499] | v3:G2[0.076,0.308,0.616] | v4:G1[0.078,0.600,0.322]
[TopoTrace Step 0] v0:G1[0.372,0.555,0.073] | v1:G0[0.539,0.230,0.230] | v2:G2[0.275,0.226,0.499] | v3:G2[0.076,0.308,0.616] | v4:G1[0.078,0.600,0.322]
[TopoTrace Step 0] v0:G1[0.372,0.555,0.073] | v1:G0[0.539,0.230,0.230] | v2:G2[0.275,0.226,0.499] | v3:G2[0.076,0.308,0.616] | v4:G1[0.078,0.600,0.322]
[TopoTrace Step 0] v0:G1[0.372,0.555,0.073] | v1:G0[0.539,0.230,0.230] | v2:G2[0.275,0.226,0.499] | v3:G2[0.076,0.308,0.616] | v4:G1[0.078,0.600,0.322]
[TopoTrace Step 0] v0:G1[0.372,0.555,0.073] | v1:G0[0.539,0.230,0.230] | v2:G2[0.275,0.227,0.499] | v3:G2[0.076,0.308,0.616] | v4:G1[0.078,0.600,0.322]
[TopoTrace Step 0] v0:G1[0.372,0.555,0.073] | v1:G0[0.539,0.230,0.230] | v2:G2[0.275,0.227,0.499] | v3:G2[0.076,0.308,0.616] | v4:G1[0.078,0.600,0.322]
[TopoTrace Step 0] v0:G1[0.372,0.555,0.073] | v1:G0[0.539,0.230,0.230] | v2:G2[0.275,0.227,0.499] | v3:G2[0.076,0.308,0.616] | v4:G1[0.078,0.600,0.322]
[TopoTrace Step 0] v0:G1[0.372,0.555,0.073] | v1:G0[0.539,0.230,0.230] | v2:G2[0.275,0.227,0.499] | v3:G2[0.076,0.308,0.616] | v4:G1[0.078,0.600,0.322]
[TopoTrace Step 0] v0:G1[0.372,0.555,0.073] | v1:G0[0.539,0.230,0.230] | v2:G2[0.275,0.227,0.499] | v3:G2[0.076,0.308,0.616] | v4:G1[0.078,0.600,0.322]
[TopoTrace Step 0] v0:G1[0.372,0.555,0.073] | v1:G0[0.539,0.230,0.230] | v2:G2[0.275,0.227,0.499] | v3:G2[0.076,0.308,0.616] | v4:G1[0.078,0.600,0.322]
[TopoTrace Step 0] v0:G1[0.372,0.555,0.073] | v1:G0[0.539,0.230,0.230] | v2:G2[0.275,0.227,0.499] | v3:G2[0.076,0.308,0.616] | v4:G1[0.078,0.600,0.322]
[TopoTrace Step 0] v0:G1[0.372,0.555,0.073] | v1:G0[0.539,0.230,0.230] | v2:G2[0.275,0.227,0.499] | v3:G2[0.076,0.308,0.616] | v4:G1[0.078,0.600,0.322]
[TopoTrace Step 0] v0:G1[0.372,0.555,0.073] | v1:G0[0.539,0.230,0.230] | v2:G2[0.275,0.227,0.499] | v3:G2[0.076,0.308,0.616] | v4:G1[0.078,0.600,0.322]
[TopoTrace Step 0] v0:G1[0.372,0.555,0.073] | v1:G0[0.539,0.230,0.230] | v2:G2[0.275,0.227,0.499] | v3:G2[0.076,0.308,0.616] | v4:G1[0.078,0.600,0.322]
[TopoTrace Step 0] v0:G1[0.372,0.555,0.073] | v1:G0[0.539,0.230,0.230] | v2:G2[0.275,0.227,0.499] | v3:G2[0.076,0.308,0.616] | v4:G1[0.078,0.600,0.322]
[TopoTrace Step 0] v0:G1[0.372,0.555,0.073] | v1:G0[0.539,0.230,0.230] | v2:G2[0.275,0.227,0.499] | v3:G2[0.076,0.308,0.616] | v4:G1[0.078,0.600,0.322]
[TopoTrace Step 0] v0:G1[0.372,0.555,0.073] | v1:G0[0.539,0.230,0.230] | v2:G2[0.275,0.227,0.499] | v3:G2[0.076,0.308,0.616] | v4:G1[0.078,0.600,0.322]
[TopoTrace Step 0] v0:G1[0.372,0.555,0.073] | v1:G0[0.539,0.230,0.230] | v2:G2[0.275,0.227,0.499] | v3:G2[0.076,0.308,0.616] | v4:G1[0.078,0.600,0.322]
[TopoTrace Step 0] v0:G1[0.372,0.555,0.073] | v1:G0[0.539,0.230,0.230] | v2:G2[0.275,0.227,0.499] | v3:G2[0.076,0.308,0.616] | v4:G1[0.078,0.600,0.322]
[TopoTrace Step 0] v0:G1[0.372,0.555,0.073] | v1:G0[0.539,0.230,0.230] | v2:G2[0.275,0.227,0.499] | v3:G2[0.076,0.308,0.616] | v4:G1[0.078,0.600,0.322]
[TopoTrace Step 0] v0:G1[0.372,0.555,0.073] | v1:G0[0.539,0.230,0.230] | v2:G2[0.275,0.227,0.499] | v3:G2[0.076,0.308,0.616] | v4:G1[0.078,0.600,0.322]
[TopoTrace Step 0] v0:G1[0.372,0.555,0.073] | v1:G0[0.539,0.230,0.230] | v2:G2[0.275,0.227,0.499] | v3:G2[0.076,0.308,0.616] | v4:G1[0.078,0.600,0.322]
[TopoTrace Step 0] v0:G1[0.372,0.555,0.073] | v1:G0[0.539,0.230,0.230] | v2:G2[0.275,0.227,0.499] | v3:G2[0.076,0.308,0.616] | v4:G1[0.078,0.600,0.322]
[TopoTrace Step 0] v0:G1[0.372,0.555,0.073] | v1:G0[0.539,0.230,0.230] | v2:G2[0.275,0.227,0.499] | v3:G2[0.076,0.308,0.616] | v4:G1[0.078,0.600,0.322]
[TopoTrace Step 0] v0:G1[0.372,0.555,0.073] | v1:G0[0.539,0.230,0.230] | v2:G2[0.275,0.227,0.499] | v3:G2[0.076,0.308,0.616] | v4:G1[0.078,0.600,0.322]
[TopoTrace Step 0] v0:G1[0.372,0.555,0.073] | v1:G0[0.539,0.230,0.230] | v2:G2[0.275,0.227,0.499] | v3:G2[0.076,0.308,0.616] | v4:G1[0.078,0.600,0.322]
[TopoTrace Step 0] v0:G1[0.372,0.555,0.073] | v1:G0[0.539,0.230,0.230] | v2:G2[0.275,0.227,0.499] | v3:G2[0.076,0.308,0.616] | v4:G1[0.078,0.600,0.322]
[TopoTrace Step 0] v0:G1[0.372,0.555,0.073] | v1:G0[0.539,0.230,0.230] | v2:G2[0.275,0.227,0.499] | v3:G2[0.076,0.308,0.616] | v4:G1[0.078,0.600,0.322]
[TopoTrace Step 0] v0:G1[0.372,0.555,0.073] | v1:G0[0.539,0.230,0.230] | v2:G2[0.275,0.227,0.499] | v3:G2[0.076,0.308,0.616] | v4:G1[0.078,0.600,0.322]
[TopoTrace Step 0] v0:G1[0.372,0.555,0.073] | v1:G0[0.539,0.230,0.230] | v2:G2[0.275,0.227,0.499] | v3:G2[0.076,0.308,0.616] | v4:G1[0.078,0.600,0.322]
[TopoTrace Step 0] v0:G1[0.372,0.555,0.073] | v1:G0[0.539,0.230,0.230] | v2:G2[0.275,0.227,0.499] | v3:G2[0.076,0.308,0.616] | v4:G1[0.078,0.600,0.322]
[TopoTrace Step 0] v0:G1[0.372,0.555,0.073] | v1:G0[0.539,0.230,0.230] | v2:G2[0.275,0.227,0.499] | v3:G2[0.076,0.308,0.616] | v4:G1[0.078,0.600,0.322]
[TopoTrace Step 0] v0:G1[0.372,0.555,0.073] | v1:G0[0.539,0.230,0.230] | v2:G2[0.275,0.227,0.499] | v3:G2[0.076,0.308,0.616] | v4:G1[0.078,0.600,0.322]
[TopoTrace Step 0] v0:G1[0.372,0.555,0.073] | v1:G0[0.539,0.230,0.230] | v2:G2[0.275,0.227,0.499] | v3:G2[0.076,0.308,0.616] | v4:G1[0.078,0.600,0.322]
[TopoTrace Step 0] v0:G1[0.372,0.555,0.073] | v1:G0[0.539,0.230,0.230] | v2:G2[0.275,0.227,0.499] | v3:G2[0.076,0.308,0.616] | v4:G1[0.078,0.600,0.322]
[TopoTrace Step 0] v0:G1[0.372,0.555,0.073] | v1:G0[0.539,0.230,0.230] | v2:G2[0.275,0.227,0.499] | v3:G2[0.076,0.308,0.616] | v4:G1[0.078,0.600,0.322]
[TopoTrace Step 0] v0:G1[0.372,0.555,0.073] | v1:G0[0.539,0.230,0.230] | v2:G2[0.275,0.227,0.499] | v3:G2[0.076,0.308,0.616] | v4:G1[0.078,0.600,0.322]
[TopoTrace Step 0] v0:G1[0.372,0.555,0.073] | v1:G0[0.539,0.230,0.230] | v2:G2[0.275,0.227,0.499] | v3:G2[0.076,0.308,0.616] | v4:G1[0.078,0.600,0.322]
[TopoTrace Step 0] v0:G1[0.372,0.555,0.073] | v1:G0[0.539,0.230,0.230] | v2:G2[0.275,0.227,0.499] | v3:G2[0.076,0.308,0.616] | v4:G1[0.078,0.600,0.322]
[TopoTrace Step 0] v0:G1[0.372,0.555,0.073] | v1:G0[0.539,0.230,0.230] | v2:G2[0.275,0.227,0.499] | v3:G2[0.076,0.308,0.616] | v4:G1[0.078,0.600,0.322]
[TopoTrace Step 0] v0:G1[0.372,0.555,0.073] | v1:G0[0.539,0.230,0.230] | v2:G2[0.275,0.227,0.499] | v3:G2[0.076,0.308,0.616] | v4:G1[0.078,0.600,0.322]
[TopoTrace Step 0] v0:G1[0.372,0.555,0.073] | v1:G0[0.539,0.230,0.230] | v2:G2[0.275,0.227,0.499] | v3:G2[0.076,0.308,0.616] | v4:G1[0.078,0.600,0.322]
[TopoTrace Step 0] v0:G1[0.372,0.555,0.073] | v1:G0[0.539,0.230,0.230] | v2:G2[0.275,0.227,0.499] | v3:G2[0.076,0.308,0.616] | v4:G1[0.078,0.600,0.322]
[TopoTrace Step 0] v0:G1[0.372,0.555,0.073] | v1:G0[0.539,0.230,0.230] | v2:G2[0.275,0.227,0.499] | v3:G2[0.076,0.308,0.616] | v4:G1[0.078,0.600,0.322]
[TopoTrace Step 0] v0:G1[0.372,0.555,0.073] | v1:G0[0.539,0.230,0.230] | v2:G2[0.275,0.227,0.499] | v3:G2[0.076,0.308,0.616] | v4:G1[0.078,0.600,0.322]
[TopoTrace Step 0] v0:G1[0.372,0.555,0.073] | v1:G0[0.539,0.230,0.230] | v2:G2[0.275,0.227,0.499] | v3:G2[0.076,0.308,0.616] | v4:G1[0.078,0.600,0.322]
[TopoTrace Step 0] v0:G1[0.372,0.555,0.073] | v1:G0[0.539,0.230,0.230] | v2:G2[0.275,0.227,0.499] | v3:G2[0.076,0.308,0.616] | v4:G1[0.078,0.600,0.322]
[TopoTrace Step 0] v0:G1[0.372,0.555,0.073] | v1:G0[0.539,0.230,0.230] | v2:G2[0.275,0.227,0.499] | v3:G2[0.076,0.308,0.616] | v4:G1[0.078,0.600,0.322]
[TopoTrace Step 0] v0:G1[0.372,0.555,0.073] | v1:G0[0.539,0.230,0.230] | v2:G2[0.275,0.227,0.499] | v3:G2[0.076,0.308,0.616] | v4:G1[0.078,0.600,0.322]
[TopoTrace Step 0] v0:G1[0.372,0.555,0.073] | v1:G0[0.539,0.230,0.230] | v2:G2[0.275,0.227,0.499] | v3:G2[0.076,0.308,0.616] | v4:G1[0.078,0.600,0.322]
[TopoTrace Step 0] v0:G1[0.372,0.555,0.073] | v1:G0[0.539,0.230,0.230] | v2:G2[0.275,0.227,0.499] | v3:G2[0.076,0.308,0.616] | v4:G1[0.078,0.600,0.322]
[TopoTrace Step 0] v0:G1[0.372,0.555,0.073] | v1:G0[0.539,0.230,0.230] | v2:G2[0.275,0.227,0.499] | v3:G2[0.076,0.308,0.616] | v4:G1[0.078,0.600,0.322]
[TopoTrace Step 0] v0:G1[0.372,0.555,0.073] | v1:G0[0.539,0.230,0.230] | v2:G2[0.275,0.227,0.499] | v3:G2[0.076,0.308,0.616] | v4:G1[0.078,0.600,0.322]
[TopoTrace Step 0] v0:G1[0.372,0.555,0.073] | v1:G0[0.539,0.230,0.230] | v2:G2[0.275,0.227,0.499] | v3:G2[0.076,0.308,0.616] | v4:G1[0.078,0.600,0.322]
[TopoTrace Step 0] v0:G1[0.372,0.555,0.073] | v1:G0[0.539,0.230,0.230] | v2:G2[0.275,0.227,0.499] | v3:G2[0.076,0.308,0.616] | v4:G1[0.078,0.600,0.322]
[TopoTrace Step 0] v0:G1[0.372,0.555,0.073] | v1:G0[0.539,0.230,0.230] | v2:G2[0.275,0.227,0.499] | v3:G2[0.076,0.308,0.616] | v4:G1[0.078,0.600,0.322]
[TopoTrace Step 0] v0:G1[0.372,0.555,0.073] | v1:G0[0.539,0.230,0.230] | v2:G2[0.275,0.227,0.499] | v3:G2[0.076,0.308,0.616] | v4:G1[0.078,0.600,0.322]
[TopoTrace Step 0] v0:G1[0.372,0.555,0.073] | v1:G0[0.539,0.230,0.230] | v2:G2[0.275,0.227,0.499] | v3:G2[0.076,0.308,0.616] | v4:G1[0.078,0.600,0.322]
[TopoTrace Step 0] v0:G1[0.372,0.555,0.073] | v1:G0[0.539,0.230,0.230] | v2:G2[0.275,0.227,0.499] | v3:G2[0.076,0.308,0.616] | v4:G1[0.078,0.600,0.322]
[TopoTrace Step 0] v0:G1[0.372,0.555,0.073] | v1:G0[0.539,0.230,0.230] | v2:G2[0.275,0.227,0.499] | v3:G2[0.076,0.308,0.616] | v4:G1[0.078,0.600,0.322]
[TopoTrace Step 0] v0:G1[0.372,0.555,0.073] | v1:G0[0.539,0.230,0.230] | v2:G2[0.275,0.227,0.499] | v3:G2[0.076,0.308,0.616] | v4:G1[0.078,0.600,0.322]
[TopoTrace Step 0] v0:G1[0.372,0.555,0.073] | v1:G0[0.539,0.230,0.230] | v2:G2[0.275,0.227,0.499] | v3:G2[0.076,0.308,0.616] | v4:G1[0.078,0.600,0.322]
[TopoTrace Step 0] v0:G1[0.372,0.555,0.073] | v1:G0[0.539,0.230,0.230] | v2:G2[0.275,0.227,0.499] | v3:G2[0.076,0.308,0.616] | v4:G1[0.078,0.600,0.322]
[TopoTrace Step 0] v0:G1[0.372,0.555,0.073] | v1:G0[0.539,0.230,0.230] | v2:G2[0.275,0.227,0.499] | v3:G2[0.076,0.308,0.616] | v4:G1[0.078,0.600,0.322]
[TopoTrace Step 0] v0:G1[0.372,0.555,0.073] | v1:G0[0.539,0.230,0.230] | v2:G2[0.275,0.227,0.499] | v3:G2[0.076,0.308,0.616] | v4:G1[0.078,0.600,0.322]
[TopoTrace Step 0] v0:G1[0.372,0.555,0.073] | v1:G0[0.539,0.230,0.230] | v2:G2[0.275,0.227,0.499] | v3:G2[0.076,0.308,0.616] | v4:G1[0.078,0.600,0.322]
[TopoTrace Step 0] v0:G1[0.372,0.555,0.073] | v1:G0[0.539,0.230,0.230] | v2:G2[0.275,0.227,0.499] | v3:G2[0.076,0.308,0.616] | v4:G1[0.078,0.600,0.322]
[TopoTrace Step 0] v0:G1[0.372,0.555,0.073] | v1:G0[0.539,0.230,0.230] | v2:G2[0.275,0.227,0.499] | v3:G2[0.076,0.308,0.616] | v4:G1[0.078,0.600,0.322]
[TopoTrace Step 0] v0:G1[0.372,0.555,0.073] | v1:G0[0.539,0.230,0.230] | v2:G2[0.275,0.227,0.499] | v3:G2[0.076,0.308,0.616] | v4:G1[0.078,0.600,0.322]
[TopoTrace Step 0] v0:G1[0.372,0.555,0.073] | v1:G0[0.539,0.230,0.230] | v2:G2[0.275,0.227,0.499] | v3:G2[0.076,0.308,0.616] | v4:G1[0.078,0.600,0.322]
[TopoTrace Step 0] v0:G1[0.372,0.555,0.073] | v1:G0[0.539,0.230,0.230] | v2:G2[0.275,0.227,0.499] | v3:G2[0.076,0.308,0.616] | v4:G1[0.078,0.600,0.322]
[TopoTrace Step 0] v0:G1[0.372,0.555,0.073] | v1:G0[0.539,0.230,0.230] | v2:G2[0.275,0.227,0.499] | v3:G2[0.076,0.308,0.616] | v4:G1[0.078,0.600,0.322]
[TopoTrace Step 0] v0:G1[0.372,0.555,0.073] | v1:G0[0.539,0.230,0.230] | v2:G2[0.275,0.227,0.499] | v3:G2[0.076,0.308,0.616] | v4:G1[0.078,0.600,0.322]
[TopoTrace Step 0] v0:G1[0.372,0.555,0.073] | v1:G0[0.539,0.230,0.230] | v2:G2[0.275,0.227,0.499] | v3:G2[0.076,0.308,0.616] | v4:G1[0.078,0.600,0.322]
[TopoTrace Step 0] v0:G1[0.372,0.555,0.073] | v1:G0[0.539,0.230,0.230] | v2:G2[0.275,0.227,0.499] | v3:G2[0.076,0.308,0.616] | v4:G1[0.078,0.600,0.322]
[TopoTrace Step 0] v0:G1[0.372,0.555,0.073] | v1:G0[0.539,0.230,0.230] | v2:G2[0.275,0.227,0.499] | v3:G2[0.076,0.308,0.616] | v4:G1[0.078,0.600,0.322]
[TopoTrace Step 0] v0:G1[0.372,0.555,0.073] | v1:G0[0.539,0.230,0.230] | v2:G2[0.275,0.227,0.499] | v3:G2[0.076,0.308,0.616] | v4:G1[0.078,0.600,0.322]
[TopoTrace Step 0] v0:G1[0.372,0.555,0.073] | v1:G0[0.539,0.230,0.230] | v2:G2[0.275,0.227,0.499] | v3:G2[0.076,0.308,0.616] | v4:G1[0.078,0.600,0.322]
[TopoTrace Step 0] v0:G1[0.372,0.555,0.073] | v1:G0[0.539,0.230,0.230] | v2:G2[0.275,0.227,0.499] | v3:G2[0.076,0.308,0.616] | v4:G1[0.078,0.600,0.322]
[TopoTrace Step 0] v0:G1[0.372,0.555,0.073] | v1:G0[0.539,0.230,0.230] | v2:G2[0.275,0.227,0.499] | v3:G2[0.076,0.308,0.616] | v4:G1[0.078,0.600,0.322]
[TopoTrace Step 0] v0:G1[0.372,0.555,0.073] | v1:G0[0.539,0.230,0.230] | v2:G2[0.275,0.227,0.499] | v3:G2[0.076,0.308,0.616] | v4:G1[0.078,0.600,0.322]
[TopoTrace Step 0] v0:G1[0.372,0.555,0.073] | v1:G0[0.539,0.230,0.230] | v2:G2[0.275,0.227,0.499] | v3:G2[0.076,0.308,0.616] | v4:G1[0.078,0.600,0.322]
[TopoTrace Step 0] v0:G1[0.372,0.555,0.073] | v1:G0[0.539,0.230,0.230] | v2:G2[0.275,0.227,0.499] | v3:G2[0.076,0.308,0.616] | v4:G1[0.078,0.600,0.322]
[TopoTrace Step 0] v0:G1[0.372,0.555,0.073] | v1:G0[0.539,0.230,0.230] | v2:G2[0.275,0.227,0.499] | v3:G2[0.076,0.308,0.616] | v4:G1[0.078,0.600,0.322]
[TopoTrace Step 0] v0:G1[0.372,0.555,0.073] | v1:G0[0.539,0.230,0.230] | v2:G2[0.275,0.227,0.499] | v3:G2[0.076,0.308,0.616] | v4:G1[0.078,0.600,0.322]
[TopoTrace Step 0] v0:G1[0.372,0.555,0.073] | v1:G0[0.539,0.230,0.230] | v2:G2[0.275,0.227,0.499] | v3:G2[0.076,0.308,0.616] | v4:G1[0.078,0.600,0.322]
[TopoTrace Step 0] v0:G1[0.372,0.555,0.073] | v1:G0[0.539,0.230,0.230] | v2:G2[0.275,0.227,0.499] | v3:G2[0.076,0.308,0.616] | v4:G1[0.078,0.600,0.322]
[TopoTrace Step 0] v0:G1[0.372,0.555,0.073] | v1:G0[0.539,0.230,0.230] | v2:G2[0.275,0.227,0.499] | v3:G2[0.076,0.308,0.616] | v4:G1[0.078,0.600,0.322]
[TopoTrace Step 0] v0:G1[0.372,0.555,0.073] | v1:G0[0.539,0.230,0.230] | v2:G2[0.275,0.227,0.499] | v3:G2[0.076,0.308,0.616] | v4:G1[0.078,0.600,0.322]
[TopoTrace Step 0] v0:G1[0.372,0.555,0.073] | v1:G0[0.539,0.230,0.230] | v2:G2[0.275,0.227,0.499] | v3:G2[0.076,0.308,0.616] | v4:G1[0.078,0.600,0.322]
[TopoTrace Step 0] v0:G1[0.372,0.555,0.073] | v1:G0[0.539,0.230,0.230] | v2:G2[0.275,0.227,0.499] | v3:G2[0.076,0.308,0.616] | v4:G1[0.078,0.600,0.322][TopoTrace Step 0] v0:G1[0.372,0.555,0.073] | v1:G0[0.539,0.230,0.230] | v2:G2[0.275,0.227,0.499] | v3:G2[0.076,0.308,0.616] | v4:G1[0.078,0.600,0.322]

[TopoTrace Step 0] v0:G1[0.372,0.555,0.073] | v1:G0[0.539,0.230,0.230] | v2:G2[0.275,0.227,0.499] | v3:G2[0.076,0.308,0.616] | v4:G1[0.078,0.600,0.322]
[TopoTrace Step 0] v0:G1[0.372,0.555,0.073] | v1:G0[0.539,0.230,0.230] | v2:G2[0.275,0.227,0.499] | v3:G2[0.076,0.308,0.616] | v4:G1[0.078,0.600,0.322]
[TopoTrace Step 0] v0:G1[0.372,0.555,0.073] | v1:G0[0.539,0.230,0.230] | v2:G2[0.275,0.227,0.499] | v3:G2[0.076,0.308,0.616] | v4:G1[0.078,0.600,0.322]
[TopoTrace Step 0] v0:G1[0.372,0.555,0.073] | v1:G0[0.539,0.230,0.230] | v2:G2[0.275,0.227,0.499] | v3:G2[0.076,0.308,0.616] | v4:G1[0.078,0.600,0.322]
[TopoTrace Step 0] v0:G1[0.372,0.555,0.073] | v1:G0[0.539,0.230,0.230] | v2:G2[0.275,0.227,0.499] | v3:G2[0.076,0.308,0.616] | v4:G1[0.078,0.600,0.322]
[TopoTrace Step 0] v0:G1[0.372,0.555,0.073] | v1:G0[0.539,0.230,0.230] | v2:G2[0.275,0.227,0.499] | v3:G2[0.076,0.308,0.616] | v4:G1[0.078,0.600,0.322]
[TopoTrace Step 0] v0:G1[0.372,0.555,0.073] | v1:G0[0.539,0.230,0.230] | v2:G2[0.275,0.227,0.499] | v3:G2[0.076,0.308,0.616] | v4:G1[0.078,0.600,0.322]
[TopoTrace Step 0] v0:G1[0.372,0.555,0.073] | v1:G0[0.539,0.230,0.230] | v2:G2[0.275,0.227,0.499] | v3:G2[0.076,0.308,0.616] | v4:G1[0.078,0.600,0.322]
[TopoTrace Step 0] v0:G1[0.372,0.555,0.073] | v1:G0[0.539,0.230,0.230] | v2:G2[0.275,0.227,0.499] | v3:G2[0.076,0.308,0.616] | v4:G1[0.078,0.600,0.322]
[TopoTrace Step 0] v0:G1[0.372,0.555,0.073] | v1:G0[0.539,0.230,0.230] | v2:G2[0.275,0.227,0.499] | v3:G2[0.076,0.308,0.616] | v4:G1[0.078,0.600,0.322]
[TopoTrace Step 0] v0:G1[0.372,0.555,0.073] | v1:G0[0.539,0.230,0.230] | v2:G2[0.275,0.227,0.499] | v3:G2[0.076,0.308,0.616] | v4:G1[0.078,0.600,0.322]
[TopoTrace Step 0] v0:G1[0.372,0.555,0.073] | v1:G0[0.539,0.230,0.230] | v2:G2[0.275,0.227,0.499] | v3:G2[0.076,0.308,0.616] | v4:G1[0.078,0.600,0.322]
[TopoTrace Step 0] v0:G1[0.372,0.555,0.073] | v1:G0[0.539,0.230,0.230] | v2:G2[0.275,0.227,0.499] | v3:G2[0.076,0.308,0.616] | v4:G1[0.078,0.600,0.322]
[TopoTrace Step 0] v0:G1[0.372,0.555,0.073] | v1:G0[0.539,0.230,0.230] | v2:G2[0.275,0.227,0.499] | v3:G2[0.076,0.308,0.616] | v4:G1[0.078,0.600,0.322]
[TopoTrace Step 0] v0:G1[0.372,0.555,0.073] | v1:G0[0.539,0.230,0.230] | v2:G2[0.275,0.227,0.499] | v3:G2[0.076,0.308,0.616] | v4:G1[0.078,0.600,0.322]
[TopoTrace Step 0] v0:G1[0.372,0.555,0.073] | v1:G0[0.539,0.230,0.230] | v2:G2[0.275,0.227,0.499] | v3:G2[0.076,0.308,0.616] | v4:G1[0.078,0.600,0.322]
[TopoTrace Step 0] v0:G1[0.372,0.555,0.073] | v1:G0[0.539,0.230,0.230] | v2:G2[0.275,0.227,0.499] | v3:G2[0.076,0.308,0.616] | v4:G1[0.078,0.600,0.322]
[TopoTrace Step 0] v0:G1[0.372,0.555,0.073] | v1:G0[0.539,0.230,0.230] | v2:G2[0.275,0.227,0.499] | v3:G2[0.076,0.308,0.616] | v4:G1[0.078,0.600,0.322]
[TopoTrace Step 0] v0:G1[0.372,0.555,0.073] | v1:G0[0.539,0.230,0.230] | v2:G2[0.275,0.227,0.499] | v3:G2[0.076,0.308,0.616] | v4:G1[0.078,0.600,0.322]
[TopoTrace Step 0] v0:G1[0.372,0.555,0.073] | v1:G0[0.539,0.230,0.230] | v2:G2[0.275,0.227,0.499] | v3:G2[0.076,0.308,0.616] | v4:G1[0.078,0.600,0.322]
[TopoTrace Step 0] v0:G1[0.372,0.555,0.073] | v1:G0[0.539,0.230,0.230] | v2:G2[0.275,0.227,0.499] | v3:G2[0.076,0.308,0.617] | v4:G1[0.078,0.600,0.322]
[TopoTrace Step 0] v0:G1[0.372,0.555,0.073] | v1:G0[0.539,0.230,0.230] | v2:G2[0.275,0.227,0.499] | v3:G2[0.076,0.308,0.617] | v4:G1[0.078,0.600,0.322]
[TopoTrace Step 0] v0:G1[0.372,0.555,0.073] | v1:G0[0.539,0.230,0.230] | v2:G2[0.275,0.227,0.499] | v3:G2[0.076,0.308,0.617] | v4:G1[0.078,0.600,0.322]
[TopoTrace Step 0] v0:G1[0.372,0.555,0.073] | v1:G0[0.539,0.230,0.230] | v2:G2[0.275,0.227,0.499] | v3:G2[0.076,0.308,0.617] | v4:G1[0.078,0.600,0.322]
[TopoTrace Step 0] v0:G1[0.372,0.555,0.073] | v1:G0[0.539,0.230,0.230] | v2:G2[0.275,0.227,0.499] | v3:G2[0.076,0.308,0.617] | v4:G1[0.078,0.600,0.322]
[TopoTrace Step 0] v0:G1[0.372,0.555,0.073] | v1:G0[0.539,0.230,0.230] | v2:G2[0.275,0.227,0.499] | v3:G2[0.076,0.308,0.617] | v4:G1[0.078,0.600,0.322]
[TopoTrace Step 0] v0:G1[0.372,0.555,0.073] | v1:G0[0.539,0.230,0.230] | v2:G2[0.275,0.227,0.499] | v3:G2[0.076,0.308,0.617] | v4:G1[0.078,0.600,0.322]
[TopoTrace Step 0] v0:G1[0.372,0.555,0.073] | v1:G0[0.539,0.230,0.230] | v2:G2[0.275,0.227,0.499] | v3:G2[0.076,0.308,0.617] | v4:G1[0.078,0.600,0.322]
[TopoTrace Step 0] v0:G1[0.372,0.555,0.073] | v1:G0[0.539,0.230,0.230] | v2:G2[0.275,0.227,0.499] | v3:G2[0.076,0.308,0.617] | v4:G1[0.078,0.600,0.322]
[TopoTrace Step 0] v0:G1[0.372,0.555,0.073] | v1:G0[0.539,0.230,0.230] | v2:G2[0.275,0.227,0.499] | v3:G2[0.076,0.308,0.617] | v4:G1[0.078,0.600,0.322]
[TopoTrace Step 0] v0:G1[0.372,0.555,0.073] | v1:G0[0.539,0.230,0.230] | v2:G2[0.275,0.227,0.499] | v3:G2[0.076,0.308,0.617] | v4:G1[0.078,0.600,0.322]
[TopoTrace Step 0] v0:G1[0.372,0.555,0.073] | v1:G0[0.539,0.230,0.230] | v2:G2[0.275,0.227,0.499] | v3:G2[0.076,0.308,0.617] | v4:G1[0.078,0.600,0.322]
[TopoTrace Step 0] v0:G1[0.372,0.555,0.073] | v1:G0[0.539,0.230,0.230] | v2:G2[0.275,0.227,0.499] | v3:G2[0.076,0.308,0.617] | v4:G1[0.078,0.600,0.322]
[TopoTrace Step 0] v0:G1[0.372,0.555,0.073] | v1:G0[0.539,0.230,0.230] | v2:G2[0.275,0.227,0.499] | v3:G2[0.076,0.308,0.617] | v4:G1[0.078,0.600,0.322]
[TopoTrace Step 0] v0:G1[0.372,0.555,0.073] | v1:G0[0.539,0.230,0.230] | v2:G2[0.275,0.227,0.499] | v3:G2[0.076,0.308,0.617] | v4:G1[0.078,0.600,0.322]
[TopoTrace Step 0] v0:G1[0.372,0.555,0.073] | v1:G0[0.539,0.230,0.230] | v2:G2[0.275,0.227,0.499] | v3:G2[0.076,0.308,0.617] | v4:G1[0.078,0.600,0.322]
[TopoTrace Step 0] v0:G1[0.372,0.555,0.073] | v1:G0[0.539,0.230,0.230] | v2:G2[0.275,0.227,0.499] | v3:G2[0.076,0.308,0.617] | v4:G1[0.078,0.600,0.322]
[TopoTrace Step 0] v0:G1[0.372,0.555,0.073] | v1:G0[0.539,0.230,0.230] | v2:G2[0.275,0.227,0.499] | v3:G2[0.076,0.308,0.617] | v4:G1[0.078,0.600,0.322]
[TopoTrace Step 0] v0:G1[0.372,0.555,0.073] | v1:G0[0.539,0.230,0.230] | v2:G2[0.275,0.227,0.499] | v3:G2[0.076,0.308,0.617] | v4:G1[0.078,0.600,0.322]
[TopoTrace Step 0] v0:G1[0.372,0.555,0.073] | v1:G0[0.539,0.230,0.230] | v2:G2[0.275,0.227,0.499] | v3:G2[0.076,0.308,0.617] | v4:G1[0.078,0.600,0.322]
[TopoTrace Step 0] v0:G1[0.372,0.555,0.073] | v1:G0[0.539,0.230,0.230] | v2:G2[0.275,0.227,0.499] | v3:G2[0.076,0.308,0.617] | v4:G1[0.078,0.600,0.322]
[TopoTrace Step 0] v0:G1[0.372,0.555,0.073] | v1:G0[0.539,0.230,0.230] | v2:G2[0.275,0.227,0.499] | v3:G2[0.076,0.308,0.617] | v4:G1[0.078,0.600,0.322]
[TopoTrace Step 0] v0:G1[0.372,0.555,0.073] | v1:G0[0.539,0.230,0.230] | v2:G2[0.275,0.227,0.499] | v3:G2[0.076,0.308,0.617] | v4:G1[0.078,0.600,0.322]
[TopoTrace Step 0] v0:G1[0.372,0.555,0.073] | v1:G0[0.539,0.230,0.230] | v2:G2[0.275,0.227,0.499] | v3:G2[0.076,0.308,0.617] | v4:G1[0.078,0.600,0.322]
	iters: 200, epoch: 6 | loss: 0.4443093
	speed: 0.2183s/iter; left time: 277.4289s
[TopoTrace Step 0] v0:G1[0.372,0.555,0.073] | v1:G0[0.539,0.230,0.230] | v2:G2[0.275,0.227,0.499] | v3:G2[0.076,0.308,0.617] | v4:G1[0.078,0.600,0.322]
[TopoTrace Step 0] v0:G1[0.372,0.555,0.073] | v1:G0[0.539,0.230,0.230] | v2:G2[0.275,0.227,0.499] | v3:G2[0.076,0.308,0.617] | v4:G1[0.078,0.600,0.322]
[TopoTrace Step 0] v0:G1[0.372,0.555,0.073] | v1:G0[0.539,0.230,0.230] | v2:G2[0.275,0.227,0.499] | v3:G2[0.076,0.308,0.617] | v4:G1[0.078,0.600,0.322]
[TopoTrace Step 0] v0:G1[0.372,0.555,0.073] | v1:G0[0.539,0.230,0.230] | v2:G2[0.275,0.227,0.499] | v3:G2[0.076,0.308,0.617] | v4:G1[0.078,0.600,0.322]
[TopoTrace Step 0] v0:G1[0.372,0.555,0.073] | v1:G0[0.539,0.230,0.230] | v2:G2[0.275,0.227,0.499] | v3:G2[0.076,0.308,0.617] | v4:G1[0.078,0.600,0.322]
[TopoTrace Step 0] v0:G1[0.372,0.555,0.073] | v1:G0[0.539,0.230,0.230] | v2:G2[0.275,0.227,0.499] | v3:G2[0.076,0.308,0.617] | v4:G1[0.078,0.600,0.322]
[TopoTrace Step 0] v0:G1[0.372,0.555,0.073] | v1:G0[0.539,0.230,0.230] | v2:G2[0.275,0.227,0.499] | v3:G2[0.076,0.308,0.617] | v4:G1[0.078,0.600,0.322]
[TopoTrace Step 0] v0:G1[0.372,0.555,0.073] | v1:G0[0.539,0.230,0.230] | v2:G2[0.275,0.227,0.499] | v3:G2[0.076,0.308,0.617] | v4:G1[0.078,0.600,0.322]
[TopoTrace Step 0] v0:G1[0.372,0.555,0.073] | v1:G0[0.539,0.230,0.230] | v2:G2[0.275,0.227,0.499] | v3:G2[0.076,0.308,0.617] | v4:G1[0.078,0.600,0.322]
[TopoTrace Step 0] v0:G1[0.372,0.555,0.073] | v1:G0[0.539,0.230,0.230] | v2:G2[0.275,0.227,0.499] | v3:G2[0.076,0.308,0.617] | v4:G1[0.078,0.600,0.322]
[TopoTrace Step 0] v0:G1[0.372,0.555,0.073] | v1:G0[0.539,0.230,0.230] | v2:G2[0.275,0.227,0.499] | v3:G2[0.076,0.308,0.617] | v4:G1[0.078,0.600,0.322]
[TopoTrace Step 0] v0:G1[0.372,0.555,0.073] | v1:G0[0.539,0.230,0.230] | v2:G2[0.275,0.227,0.499] | v3:G2[0.076,0.308,0.617] | v4:G1[0.078,0.600,0.322]
[TopoTrace Step 0] v0:G1[0.372,0.555,0.073] | v1:G0[0.539,0.230,0.230] | v2:G2[0.275,0.227,0.499] | v3:G2[0.076,0.308,0.617] | v4:G1[0.078,0.600,0.322]
[TopoTrace Step 0] v0:G1[0.372,0.555,0.073] | v1:G0[0.539,0.230,0.230] | v2:G2[0.275,0.227,0.499] | v3:G2[0.076,0.308,0.617] | v4:G1[0.078,0.600,0.322]
[TopoTrace Step 0] v0:G1[0.372,0.555,0.073] | v1:G0[0.539,0.230,0.230] | v2:G2[0.275,0.227,0.499] | v3:G2[0.076,0.308,0.617] | v4:G1[0.078,0.600,0.322]
[TopoTrace Step 0] v0:G1[0.372,0.555,0.073] | v1:G0[0.539,0.230,0.230] | v2:G2[0.275,0.227,0.499] | v3:G2[0.076,0.308,0.617] | v4:G1[0.078,0.600,0.322]
[TopoTrace Step 0] v0:G1[0.372,0.555,0.073] | v1:G0[0.539,0.230,0.230] | v2:G2[0.275,0.227,0.499] | v3:G2[0.076,0.308,0.617] | v4:G1[0.078,0.600,0.322]
[TopoTrace Step 0] v0:G1[0.372,0.555,0.073] | v1:G0[0.539,0.230,0.230] | v2:G2[0.275,0.227,0.499] | v3:G2[0.076,0.308,0.617] | v4:G1[0.078,0.600,0.322]
[TopoTrace Step 0] v0:G1[0.372,0.555,0.073] | v1:G0[0.539,0.230,0.230] | v2:G2[0.275,0.227,0.499] | v3:G2[0.076,0.308,0.617] | v4:G1[0.078,0.600,0.322]
[TopoTrace Step 0] v0:G1[0.372,0.555,0.073] | v1:G0[0.539,0.230,0.230] | v2:G2[0.275,0.227,0.499] | v3:G2[0.076,0.308,0.617] | v4:G1[0.078,0.600,0.322]
[TopoTrace Step 0] v0:G1[0.372,0.555,0.073] | v1:G0[0.539,0.230,0.230] | v2:G2[0.275,0.227,0.499] | v3:G2[0.076,0.308,0.617] | v4:G1[0.078,0.600,0.322]
[TopoTrace Step 0] v0:G1[0.372,0.555,0.073] | v1:G0[0.539,0.230,0.230] | v2:G2[0.275,0.227,0.499] | v3:G2[0.076,0.308,0.617] | v4:G1[0.078,0.600,0.322]
[TopoTrace Step 0] v0:G1[0.372,0.555,0.073] | v1:G0[0.539,0.230,0.230] | v2:G2[0.275,0.227,0.499] | v3:G2[0.076,0.308,0.617] | v4:G1[0.078,0.600,0.322]
[TopoTrace Step 0] v0:G1[0.372,0.555,0.073] | v1:G0[0.539,0.230,0.230] | v2:G2[0.275,0.227,0.499] | v3:G2[0.076,0.308,0.617] | v4:G1[0.078,0.600,0.322]
[TopoTrace Step 0] v0:G1[0.372,0.555,0.073] | v1:G0[0.539,0.230,0.230] | v2:G2[0.275,0.227,0.499] | v3:G2[0.076,0.308,0.617] | v4:G1[0.078,0.600,0.322]
[TopoTrace Step 0] v0:G1[0.372,0.555,0.073] | v1:G0[0.539,0.230,0.230] | v2:G2[0.275,0.227,0.499] | v3:G2[0.076,0.308,0.617] | v4:G1[0.078,0.600,0.322]
[TopoTrace Step 0] v0:G1[0.372,0.555,0.073] | v1:G0[0.539,0.230,0.230] | v2:G2[0.275,0.227,0.499] | v3:G2[0.076,0.308,0.617] | v4:G1[0.078,0.600,0.322]
[TopoTrace Step 0] v0:G1[0.372,0.555,0.073] | v1:G0[0.539,0.230,0.230] | v2:G2[0.275,0.227,0.499] | v3:G2[0.076,0.308,0.617] | v4:G1[0.078,0.600,0.322]
[TopoTrace Step 0] v0:G1[0.372,0.555,0.073] | v1:G0[0.539,0.230,0.230] | v2:G2[0.275,0.227,0.499] | v3:G2[0.076,0.308,0.617] | v4:G1[0.078,0.600,0.322]
[TopoTrace Step 0] v0:G1[0.372,0.555,0.073] | v1:G0[0.539,0.230,0.230] | v2:G2[0.275,0.227,0.499] | v3:G2[0.076,0.308,0.617] | v4:G1[0.078,0.600,0.322]
[TopoTrace Step 0] v0:G1[0.372,0.555,0.073] | v1:G0[0.539,0.230,0.230] | v2:G2[0.275,0.227,0.499] | v3:G2[0.076,0.308,0.617] | v4:G1[0.078,0.600,0.322]
[TopoTrace Step 0] v0:G1[0.372,0.555,0.073] | v1:G0[0.539,0.230,0.230] | v2:G2[0.275,0.227,0.499] | v3:G2[0.076,0.308,0.617] | v4:G1[0.078,0.600,0.322]
[TopoTrace Step 0] v0:G1[0.372,0.555,0.073] | v1:G0[0.539,0.230,0.230] | v2:G2[0.275,0.227,0.499] | v3:G2[0.076,0.308,0.617] | v4:G1[0.078,0.600,0.322]
[TopoTrace Step 0] v0:G1[0.372,0.555,0.073] | v1:G0[0.539,0.230,0.230] | v2:G2[0.275,0.227,0.499] | v3:G2[0.076,0.308,0.617] | v4:G1[0.078,0.600,0.322]
[TopoTrace Step 0] v0:G1[0.372,0.555,0.073] | v1:G0[0.539,0.230,0.230] | v2:G2[0.275,0.227,0.499] | v3:G2[0.076,0.308,0.617] | v4:G1[0.078,0.600,0.322]
[TopoTrace Step 0] v0:G1[0.372,0.555,0.073] | v1:G0[0.539,0.230,0.230] | v2:G2[0.275,0.227,0.499] | v3:G2[0.076,0.308,0.617] | v4:G1[0.078,0.600,0.322]
[TopoTrace Step 0] v0:G1[0.372,0.555,0.073] | v1:G0[0.539,0.230,0.230] | v2:G2[0.275,0.227,0.499] | v3:G2[0.076,0.308,0.617] | v4:G1[0.078,0.600,0.322]
[TopoTrace Step 0] v0:G1[0.372,0.555,0.073] | v1:G0[0.539,0.230,0.230] | v2:G2[0.275,0.227,0.499] | v3:G2[0.076,0.308,0.617] | v4:G1[0.078,0.600,0.322]
[TopoTrace Step 0] v0:G1[0.372,0.555,0.073] | v1:G0[0.539,0.230,0.230] | v2:G2[0.275,0.227,0.499] | v3:G2[0.076,0.308,0.617] | v4:G1[0.078,0.600,0.322][TopoTrace Step 0] v0:G1[0.372,0.555,0.073] | v1:G0[0.539,0.230,0.230] | v2:G2[0.275,0.227,0.499] | v3:G2[0.076,0.308,0.617] | v4:G1[0.078,0.600,0.322]

[TopoTrace Step 0] v0:G1[0.372,0.555,0.073] | v1:G0[0.539,0.230,0.230] | v2:G2[0.275,0.227,0.499] | v3:G2[0.076,0.308,0.617] | v4:G1[0.078,0.600,0.322]
[TopoTrace Step 0] v0:G1[0.372,0.555,0.073] | v1:G0[0.539,0.230,0.230] | v2:G2[0.275,0.227,0.499] | v3:G2[0.076,0.308,0.617] | v4:G1[0.078,0.600,0.322]
[TopoTrace Step 0] v0:G1[0.372,0.555,0.073] | v1:G0[0.539,0.230,0.230] | v2:G2[0.275,0.227,0.499] | v3:G2[0.076,0.308,0.617] | v4:G1[0.078,0.600,0.322]
[TopoTrace Step 0] v0:G1[0.372,0.555,0.073] | v1:G0[0.539,0.230,0.230] | v2:G2[0.275,0.227,0.499] | v3:G2[0.076,0.308,0.617] | v4:G1[0.078,0.600,0.322]
[TopoTrace Step 0] v0:G1[0.372,0.555,0.073] | v1:G0[0.539,0.230,0.230] | v2:G2[0.275,0.227,0.499] | v3:G2[0.076,0.308,0.617] | v4:G1[0.078,0.600,0.322]
[TopoTrace Step 0] v0:G1[0.372,0.555,0.073] | v1:G0[0.539,0.230,0.230] | v2:G2[0.275,0.227,0.499] | v3:G2[0.076,0.308,0.617] | v4:G1[0.078,0.600,0.322]
[TopoTrace Step 0] v0:G1[0.372,0.555,0.073] | v1:G0[0.539,0.230,0.230] | v2:G2[0.275,0.227,0.499] | v3:G2[0.076,0.308,0.617] | v4:G1[0.078,0.600,0.322]
[TopoTrace Step 0] v0:G1[0.372,0.555,0.073] | v1:G0[0.539,0.230,0.230] | v2:G2[0.275,0.227,0.499] | v3:G2[0.076,0.308,0.617] | v4:G1[0.078,0.600,0.322]
[TopoTrace Step 0] v0:G1[0.372,0.555,0.073] | v1:G0[0.539,0.230,0.230] | v2:G2[0.275,0.227,0.499] | v3:G2[0.076,0.308,0.617] | v4:G1[0.078,0.600,0.322]
[TopoTrace Step 0] v0:G1[0.372,0.555,0.073] | v1:G0[0.539,0.230,0.230] | v2:G2[0.275,0.227,0.499] | v3:G2[0.076,0.308,0.617] | v4:G1[0.078,0.600,0.322]
[TopoTrace Step 0] v0:G1[0.372,0.555,0.073] | v1:G0[0.539,0.230,0.230] | v2:G2[0.275,0.227,0.499] | v3:G2[0.076,0.308,0.617] | v4:G1[0.078,0.600,0.322]
[TopoTrace Step 0] v0:G1[0.372,0.555,0.073] | v1:G0[0.539,0.230,0.230] | v2:G2[0.275,0.227,0.499] | v3:G2[0.076,0.308,0.617] | v4:G1[0.078,0.600,0.322]
[TopoTrace Step 0] v0:G1[0.372,0.555,0.073] | v1:G0[0.539,0.230,0.230] | v2:G2[0.275,0.227,0.499] | v3:G2[0.076,0.308,0.617] | v4:G1[0.078,0.600,0.322]
[TopoTrace Step 0] v0:G1[0.372,0.555,0.073] | v1:G0[0.539,0.230,0.230] | v2:G2[0.275,0.227,0.499] | v3:G2[0.076,0.308,0.617] | v4:G1[0.078,0.600,0.322]
[TopoTrace Step 0] v0:G1[0.372,0.555,0.073] | v1:G0[0.539,0.230,0.230] | v2:G2[0.275,0.226,0.499] | v3:G2[0.076,0.308,0.617] | v4:G1[0.078,0.600,0.322]
[TopoTrace Step 0] v0:G1[0.372,0.555,0.073] | v1:G0[0.539,0.230,0.230] | v2:G2[0.275,0.226,0.499] | v3:G2[0.076,0.308,0.617] | v4:G1[0.078,0.600,0.322]
[TopoTrace Step 0] v0:G1[0.372,0.555,0.073] | v1:G0[0.539,0.230,0.230] | v2:G2[0.275,0.226,0.499] | v3:G2[0.076,0.308,0.617] | v4:G1[0.078,0.600,0.322]
[TopoTrace Step 0] v0:G1[0.372,0.555,0.073] | v1:G0[0.539,0.230,0.230] | v2:G2[0.275,0.226,0.499] | v3:G2[0.076,0.308,0.617] | v4:G1[0.078,0.600,0.322]
[TopoTrace Step 0] v0:G1[0.372,0.555,0.073] | v1:G0[0.539,0.230,0.230] | v2:G2[0.275,0.226,0.499] | v3:G2[0.076,0.308,0.617] | v4:G1[0.078,0.600,0.322]
[TopoTrace Step 0] v0:G1[0.372,0.555,0.073] | v1:G0[0.539,0.230,0.230] | v2:G2[0.275,0.226,0.499] | v3:G2[0.076,0.308,0.617] | v4:G1[0.078,0.600,0.322]
[TopoTrace Step 0] v0:G1[0.372,0.555,0.073] | v1:G0[0.539,0.230,0.230] | v2:G2[0.275,0.226,0.499] | v3:G2[0.076,0.308,0.617] | v4:G1[0.078,0.600,0.322]
[TopoTrace Step 0] v0:G1[0.372,0.555,0.073] | v1:G0[0.539,0.230,0.230] | v2:G2[0.275,0.226,0.499] | v3:G2[0.076,0.308,0.617] | v4:G1[0.078,0.600,0.322]
[TopoTrace Step 0] v0:G1[0.372,0.555,0.073] | v1:G0[0.539,0.230,0.230] | v2:G2[0.275,0.226,0.499] | v3:G2[0.076,0.308,0.617] | v4:G1[0.078,0.600,0.322]
[TopoTrace Step 0] v0:G1[0.372,0.555,0.073] | v1:G0[0.539,0.230,0.230] | v2:G2[0.275,0.226,0.499] | v3:G2[0.076,0.308,0.617] | v4:G1[0.078,0.600,0.322]
[TopoTrace Step 0] v0:G1[0.372,0.555,0.073] | v1:G0[0.539,0.230,0.230] | v2:G2[0.275,0.226,0.499] | v3:G2[0.076,0.308,0.617] | v4:G1[0.078,0.600,0.322]
[TopoTrace Step 0] v0:G1[0.372,0.555,0.073] | v1:G0[0.539,0.230,0.230] | v2:G2[0.275,0.226,0.499] | v3:G2[0.076,0.308,0.617] | v4:G1[0.078,0.600,0.322]
[TopoTrace Step 0] v0:G1[0.372,0.555,0.073] | v1:G0[0.539,0.230,0.230] | v2:G2[0.275,0.226,0.499] | v3:G2[0.076,0.308,0.617] | v4:G1[0.078,0.600,0.322]
[TopoTrace Step 0] v0:G1[0.372,0.555,0.073] | v1:G0[0.539,0.230,0.230] | v2:G2[0.275,0.226,0.499] | v3:G2[0.076,0.308,0.617] | v4:G1[0.078,0.600,0.322]
[TopoTrace Step 0] v0:G1[0.372,0.555,0.073] | v1:G0[0.539,0.230,0.230] | v2:G2[0.275,0.226,0.499] | v3:G2[0.076,0.308,0.617] | v4:G1[0.078,0.600,0.322]
[TopoTrace Step 0] v0:G1[0.372,0.555,0.073] | v1:G0[0.539,0.230,0.230] | v2:G2[0.275,0.226,0.499] | v3:G2[0.076,0.308,0.617] | v4:G1[0.078,0.600,0.322]
[TopoTrace Step 0] v0:G1[0.372,0.555,0.073] | v1:G0[0.539,0.230,0.230] | v2:G2[0.275,0.226,0.499] | v3:G2[0.076,0.308,0.617] | v4:G1[0.078,0.600,0.322]
[TopoTrace Step 0] v0:G1[0.372,0.555,0.073] | v1:G0[0.539,0.230,0.230] | v2:G2[0.275,0.226,0.499] | v3:G2[0.076,0.308,0.617] | v4:G1[0.078,0.600,0.322]
[TopoTrace Step 0] v0:G1[0.372,0.555,0.073] | v1:G0[0.539,0.230,0.230] | v2:G2[0.275,0.226,0.499] | v3:G2[0.076,0.308,0.617] | v4:G1[0.078,0.600,0.322]
[TopoTrace Step 0] v0:G1[0.372,0.555,0.073] | v1:G0[0.539,0.230,0.230] | v2:G2[0.275,0.226,0.499] | v3:G2[0.076,0.308,0.617] | v4:G1[0.078,0.600,0.322]
[TopoTrace Step 0] v0:G1[0.372,0.555,0.073] | v1:G0[0.539,0.230,0.230] | v2:G2[0.275,0.226,0.499] | v3:G2[0.076,0.308,0.617] | v4:G1[0.078,0.600,0.322]
[TopoTrace Step 0] v0:G1[0.372,0.555,0.073] | v1:G0[0.539,0.230,0.230] | v2:G2[0.275,0.226,0.499] | v3:G2[0.076,0.308,0.617] | v4:G1[0.078,0.600,0.322]
[TopoTrace Step 0] v0:G1[0.372,0.555,0.073] | v1:G0[0.539,0.230,0.230] | v2:G2[0.275,0.226,0.499] | v3:G2[0.076,0.308,0.617] | v4:G1[0.078,0.600,0.322]
[TopoTrace Step 0] v0:G1[0.372,0.555,0.073] | v1:G0[0.539,0.230,0.230] | v2:G2[0.275,0.226,0.499] | v3:G2[0.076,0.308,0.617] | v4:G1[0.078,0.600,0.322]
[TopoTrace Step 0] v0:G1[0.372,0.555,0.073] | v1:G0[0.539,0.230,0.230] | v2:G2[0.275,0.226,0.499] | v3:G2[0.076,0.308,0.617] | v4:G1[0.078,0.600,0.322]
[TopoTrace Step 0] v0:G1[0.372,0.555,0.073] | v1:G0[0.539,0.230,0.230] | v2:G2[0.275,0.226,0.499] | v3:G2[0.076,0.308,0.617] | v4:G1[0.078,0.600,0.322]
[TopoTrace Step 0] v0:G1[0.372,0.555,0.073] | v1:G0[0.539,0.230,0.230] | v2:G2[0.275,0.226,0.499] | v3:G2[0.076,0.308,0.617] | v4:G1[0.078,0.600,0.322]
[TopoTrace Step 0] v0:G1[0.372,0.555,0.073] | v1:G0[0.539,0.230,0.230] | v2:G2[0.275,0.226,0.499] | v3:G2[0.076,0.308,0.617] | v4:G1[0.078,0.600,0.322]
[TopoTrace Step 0] v0:G1[0.372,0.555,0.073] | v1:G0[0.539,0.230,0.230] | v2:G2[0.275,0.226,0.499] | v3:G2[0.076,0.308,0.617] | v4:G1[0.078,0.600,0.322]
[TopoTrace Step 0] v0:G1[0.372,0.555,0.073] | v1:G0[0.539,0.230,0.230] | v2:G2[0.275,0.226,0.499] | v3:G2[0.076,0.308,0.617] | v4:G1[0.078,0.600,0.322]
[TopoTrace Step 0] v0:G1[0.372,0.555,0.073] | v1:G0[0.539,0.230,0.230] | v2:G2[0.275,0.226,0.499] | v3:G2[0.076,0.308,0.617] | v4:G1[0.078,0.600,0.322]
[TopoTrace Step 0] v0:G1[0.372,0.555,0.073] | v1:G0[0.539,0.230,0.230] | v2:G2[0.275,0.226,0.499] | v3:G2[0.076,0.308,0.617] | v4:G1[0.078,0.600,0.322]
[TopoTrace Step 0] v0:G1[0.372,0.555,0.073] | v1:G0[0.539,0.230,0.230] | v2:G2[0.275,0.226,0.499] | v3:G2[0.076,0.308,0.617] | v4:G1[0.078,0.600,0.322][TopoTrace Step 0] v0:G1[0.372,0.555,0.073] | v1:G0[0.539,0.230,0.230] | v2:G2[0.275,0.226,0.499] | v3:G2[0.076,0.308,0.617] | v4:G1[0.078,0.600,0.322]

[TopoTrace Step 0] v0:G1[0.372,0.555,0.073] | v1:G0[0.539,0.230,0.230] | v2:G2[0.275,0.226,0.499] | v3:G2[0.076,0.308,0.617] | v4:G1[0.078,0.600,0.322]
[TopoTrace Step 0] v0:G1[0.372,0.555,0.073] | v1:G0[0.539,0.230,0.230] | v2:G2[0.275,0.226,0.499] | v3:G2[0.076,0.308,0.617] | v4:G1[0.078,0.600,0.322]
[TopoTrace Step 0] v0:G1[0.372,0.555,0.073] | v1:G0[0.539,0.230,0.230] | v2:G2[0.275,0.226,0.499] | v3:G2[0.076,0.308,0.617] | v4:G1[0.078,0.600,0.322]
[TopoTrace Step 0] v0:G1[0.372,0.555,0.073] | v1:G0[0.539,0.230,0.230] | v2:G2[0.275,0.226,0.499] | v3:G2[0.076,0.308,0.617] | v4:G1[0.078,0.600,0.322]
[TopoTrace Step 0] v0:G1[0.372,0.555,0.073] | v1:G0[0.539,0.230,0.230] | v2:G2[0.275,0.226,0.499] | v3:G2[0.076,0.308,0.617] | v4:G1[0.078,0.600,0.322]
[TopoTrace Step 0] v0:G1[0.372,0.555,0.073] | v1:G0[0.539,0.230,0.230] | v2:G2[0.275,0.226,0.499] | v3:G2[0.076,0.308,0.617] | v4:G1[0.078,0.600,0.322]
[TopoTrace Step 0] v0:G1[0.372,0.555,0.073] | v1:G0[0.539,0.230,0.230] | v2:G2[0.275,0.226,0.499] | v3:G2[0.076,0.308,0.617] | v4:G1[0.078,0.600,0.322]
[TopoTrace Step 0] v0:G1[0.372,0.555,0.073] | v1:G0[0.539,0.230,0.230] | v2:G2[0.275,0.226,0.499] | v3:G2[0.076,0.308,0.617] | v4:G1[0.078,0.600,0.322]
[TopoTrace Step 0] v0:G1[0.372,0.555,0.073] | v1:G0[0.539,0.230,0.230] | v2:G2[0.275,0.226,0.499] | v3:G2[0.076,0.308,0.617] | v4:G1[0.078,0.600,0.322]
[TopoTrace Step 0] v0:G1[0.372,0.555,0.073] | v1:G0[0.539,0.230,0.230] | v2:G2[0.275,0.226,0.499] | v3:G2[0.076,0.308,0.617] | v4:G1[0.078,0.600,0.322]
[TopoTrace Step 0] v0:G1[0.372,0.555,0.073] | v1:G0[0.539,0.230,0.230] | v2:G2[0.275,0.226,0.499] | v3:G2[0.076,0.308,0.617] | v4:G1[0.078,0.600,0.322]
[TopoTrace Step 0] v0:G1[0.372,0.555,0.073] | v1:G0[0.539,0.230,0.230] | v2:G2[0.275,0.226,0.499] | v3:G2[0.076,0.308,0.617] | v4:G1[0.078,0.600,0.322]
[TopoTrace Step 0] v0:G1[0.372,0.555,0.073] | v1:G0[0.539,0.230,0.230] | v2:G2[0.275,0.226,0.499] | v3:G2[0.076,0.308,0.617] | v4:G1[0.078,0.600,0.322]
[TopoTrace Step 0] v0:G1[0.372,0.555,0.073] | v1:G0[0.539,0.230,0.230] | v2:G2[0.275,0.226,0.499] | v3:G2[0.076,0.308,0.617] | v4:G1[0.078,0.600,0.322]
[TopoTrace Step 0] v0:G1[0.372,0.555,0.073] | v1:G0[0.539,0.230,0.230] | v2:G2[0.275,0.226,0.499] | v3:G2[0.076,0.308,0.617] | v4:G1[0.078,0.600,0.322]
[TopoTrace Step 0] v0:G1[0.372,0.555,0.073] | v1:G0[0.539,0.230,0.230] | v2:G2[0.275,0.226,0.499] | v3:G2[0.076,0.308,0.617] | v4:G1[0.078,0.600,0.322]
[TopoTrace Step 0] v0:G1[0.372,0.555,0.073] | v1:G0[0.539,0.230,0.230] | v2:G2[0.275,0.226,0.499] | v3:G2[0.076,0.308,0.617] | v4:G1[0.078,0.600,0.322]
[TopoTrace Step 0] v0:G1[0.372,0.555,0.073] | v1:G0[0.539,0.230,0.230] | v2:G2[0.275,0.226,0.499] | v3:G2[0.076,0.308,0.617] | v4:G1[0.078,0.600,0.322]
[TopoTrace Step 0] v0:G1[0.372,0.555,0.073] | v1:G0[0.539,0.230,0.230] | v2:G2[0.275,0.226,0.499] | v3:G2[0.076,0.308,0.617] | v4:G1[0.078,0.600,0.322]
[TopoTrace Step 0] v0:G1[0.372,0.555,0.073] | v1:G0[0.539,0.230,0.230] | v2:G2[0.275,0.226,0.499] | v3:G2[0.076,0.308,0.617] | v4:G1[0.078,0.600,0.322]
[TopoTrace Step 0] v0:G1[0.372,0.555,0.073] | v1:G0[0.539,0.230,0.230] | v2:G2[0.275,0.226,0.499] | v3:G2[0.076,0.308,0.617] | v4:G1[0.078,0.600,0.322]
[TopoTrace Step 0] v0:G1[0.372,0.555,0.073] | v1:G0[0.539,0.230,0.230] | v2:G2[0.275,0.226,0.499] | v3:G2[0.076,0.308,0.617] | v4:G1[0.078,0.600,0.322]
[TopoTrace Step 0] v0:G1[0.372,0.555,0.073] | v1:G0[0.539,0.230,0.230] | v2:G2[0.275,0.226,0.499] | v3:G2[0.076,0.308,0.617] | v4:G1[0.078,0.600,0.322]
[TopoTrace Step 0] v0:G1[0.372,0.555,0.073] | v1:G0[0.539,0.230,0.230] | v2:G2[0.275,0.226,0.499] | v3:G2[0.076,0.308,0.617] | v4:G1[0.078,0.600,0.322]
[TopoTrace Step 0] v0:G1[0.372,0.555,0.073] | v1:G0[0.539,0.230,0.230] | v2:G2[0.275,0.226,0.499] | v3:G2[0.076,0.308,0.617] | v4:G1[0.078,0.600,0.322]
[TopoTrace Step 0] v0:G1[0.372,0.555,0.073] | v1:G0[0.539,0.230,0.230] | v2:G2[0.275,0.226,0.499] | v3:G2[0.076,0.308,0.617] | v4:G1[0.078,0.600,0.322]
[TopoTrace Step 0] v0:G1[0.372,0.555,0.073] | v1:G0[0.539,0.230,0.230] | v2:G2[0.275,0.226,0.499] | v3:G2[0.076,0.308,0.617] | v4:G1[0.078,0.600,0.322]
[TopoTrace Step 0] v0:G1[0.372,0.555,0.073] | v1:G0[0.539,0.230,0.230] | v2:G2[0.275,0.226,0.499] | v3:G2[0.076,0.308,0.617] | v4:G1[0.078,0.600,0.322]
[TopoTrace Step 0] v0:G1[0.372,0.555,0.073] | v1:G0[0.539,0.230,0.230] | v2:G2[0.275,0.226,0.499] | v3:G2[0.076,0.308,0.617] | v4:G1[0.078,0.600,0.322]
[TopoTrace Step 0] v0:G1[0.372,0.555,0.073] | v1:G0[0.539,0.230,0.230] | v2:G2[0.275,0.226,0.499] | v3:G2[0.076,0.308,0.617] | v4:G1[0.078,0.600,0.322]
[TopoTrace Step 0] v0:G1[0.372,0.555,0.073] | v1:G0[0.539,0.230,0.230] | v2:G2[0.275,0.226,0.499] | v3:G2[0.076,0.308,0.617] | v4:G1[0.078,0.600,0.322]
[TopoTrace Step 0] v0:G1[0.372,0.555,0.073] | v1:G0[0.539,0.230,0.230] | v2:G2[0.275,0.226,0.499] | v3:G2[0.076,0.308,0.617] | v4:G1[0.078,0.600,0.322]
[TopoTrace Step 0] v0:G1[0.372,0.555,0.073] | v1:G0[0.539,0.230,0.230] | v2:G2[0.275,0.226,0.499] | v3:G2[0.076,0.308,0.617] | v4:G1[0.078,0.600,0.322]
[TopoTrace Step 0] v0:G1[0.372,0.555,0.073] | v1:G0[0.539,0.230,0.230] | v2:G2[0.275,0.226,0.499] | v3:G2[0.076,0.308,0.617] | v4:G1[0.078,0.600,0.322]
[TopoTrace Step 0] v0:G1[0.372,0.555,0.073] | v1:G0[0.539,0.230,0.230] | v2:G2[0.275,0.226,0.499] | v3:G2[0.076,0.308,0.617] | v4:G1[0.078,0.600,0.322]
[TopoTrace Step 0] v0:G1[0.372,0.555,0.073] | v1:G0[0.539,0.230,0.230] | v2:G2[0.275,0.226,0.499] | v3:G2[0.076,0.308,0.617] | v4:G1[0.078,0.600,0.322]
[TopoTrace Step 0] v0:G1[0.372,0.555,0.073] | v1:G0[0.539,0.230,0.230] | v2:G2[0.275,0.226,0.499] | v3:G2[0.076,0.308,0.617] | v4:G1[0.078,0.600,0.322]
[TopoTrace Step 0] v0:G1[0.372,0.555,0.073] | v1:G0[0.539,0.230,0.230] | v2:G2[0.275,0.226,0.499] | v3:G2[0.076,0.308,0.617] | v4:G1[0.078,0.600,0.322]
[TopoTrace Step 0] v0:G1[0.372,0.555,0.073] | v1:G0[0.539,0.230,0.230] | v2:G2[0.275,0.226,0.499] | v3:G2[0.076,0.308,0.617] | v4:G1[0.078,0.600,0.322]
[TopoTrace Step 0] v0:G1[0.372,0.555,0.073] | v1:G0[0.539,0.230,0.230] | v2:G2[0.275,0.226,0.499] | v3:G2[0.076,0.308,0.617] | v4:G1[0.078,0.600,0.322]
[TopoTrace Step 0] v0:G1[0.372,0.555,0.073] | v1:G0[0.539,0.230,0.230] | v2:G2[0.275,0.226,0.499] | v3:G2[0.076,0.308,0.617] | v4:G1[0.078,0.600,0.322]
[TopoTrace Step 0] v0:G1[0.372,0.555,0.073] | v1:G0[0.539,0.230,0.230] | v2:G2[0.275,0.226,0.499] | v3:G2[0.076,0.308,0.617] | v4:G1[0.078,0.600,0.322]
[TopoTrace Step 0] v0:G1[0.372,0.555,0.073] | v1:G0[0.539,0.230,0.230] | v2:G2[0.275,0.226,0.499] | v3:G2[0.076,0.308,0.617] | v4:G1[0.078,0.600,0.322]
[TopoTrace Step 0] v0:G1[0.372,0.555,0.073] | v1:G0[0.539,0.230,0.230] | v2:G2[0.275,0.226,0.499] | v3:G2[0.076,0.308,0.617] | v4:G1[0.078,0.600,0.322]
[TopoTrace Step 0] v0:G1[0.372,0.555,0.073] | v1:G0[0.539,0.230,0.230] | v2:G2[0.275,0.226,0.499] | v3:G2[0.076,0.308,0.617] | v4:G1[0.078,0.600,0.322]
[TopoTrace Step 0] v0:G1[0.372,0.555,0.073] | v1:G0[0.539,0.230,0.230] | v2:G2[0.275,0.226,0.499] | v3:G2[0.076,0.308,0.617] | v4:G1[0.078,0.600,0.322]
[TopoTrace Step 0] v0:G1[0.372,0.555,0.073] | v1:G0[0.539,0.230,0.230] | v2:G2[0.275,0.226,0.499] | v3:G2[0.076,0.308,0.617] | v4:G1[0.078,0.600,0.322]
[TopoTrace Step 0] v0:G1[0.372,0.555,0.073] | v1:G0[0.539,0.230,0.230] | v2:G2[0.275,0.226,0.499] | v3:G2[0.076,0.308,0.617] | v4:G1[0.078,0.600,0.322]
[TopoTrace Step 0] v0:G1[0.372,0.555,0.073] | v1:G0[0.539,0.230,0.230] | v2:G2[0.275,0.226,0.499] | v3:G2[0.076,0.308,0.617] | v4:G1[0.078,0.600,0.322][TopoTrace Step 0] v0:G1[0.372,0.555,0.073] | v1:G0[0.539,0.230,0.230] | v2:G2[0.275,0.226,0.499] | v3:G2[0.076,0.308,0.617] | v4:G1[0.078,0.600,0.322]

[TopoTrace Step 0] v0:G1[0.372,0.555,0.073] | v1:G0[0.539,0.230,0.230] | v2:G2[0.275,0.226,0.499] | v3:G2[0.076,0.308,0.617] | v4:G1[0.078,0.600,0.322]
[TopoTrace Step 0] v0:G1[0.372,0.555,0.073] | v1:G0[0.539,0.230,0.230] | v2:G2[0.275,0.226,0.499] | v3:G2[0.076,0.308,0.617] | v4:G1[0.078,0.600,0.322]
[TopoTrace Step 0] v0:G1[0.372,0.555,0.073] | v1:G0[0.539,0.230,0.230] | v2:G2[0.275,0.226,0.499] | v3:G2[0.076,0.308,0.617] | v4:G1[0.078,0.600,0.322]
[TopoTrace Step 0] v0:G1[0.372,0.555,0.073] | v1:G0[0.539,0.230,0.230] | v2:G2[0.275,0.226,0.499] | v3:G2[0.076,0.308,0.617] | v4:G1[0.078,0.600,0.322]
[TopoTrace Step 0] v0:G1[0.372,0.555,0.073] | v1:G0[0.539,0.230,0.230] | v2:G2[0.275,0.226,0.499] | v3:G2[0.076,0.308,0.617] | v4:G1[0.078,0.600,0.322]
[TopoTrace Step 0] v0:G1[0.372,0.555,0.073] | v1:G0[0.539,0.230,0.230] | v2:G2[0.275,0.226,0.499] | v3:G2[0.076,0.308,0.617] | v4:G1[0.078,0.600,0.322]
[TopoTrace Step 0] v0:G1[0.372,0.555,0.073] | v1:G0[0.539,0.230,0.230] | v2:G2[0.275,0.226,0.499] | v3:G2[0.076,0.308,0.617] | v4:G1[0.078,0.600,0.322]
[TopoTrace Step 0] v0:G1[0.372,0.555,0.073] | v1:G0[0.539,0.230,0.230] | v2:G2[0.275,0.226,0.499] | v3:G2[0.076,0.308,0.617] | v4:G1[0.078,0.600,0.322]
[TopoTrace Step 0] v0:G1[0.372,0.555,0.073] | v1:G0[0.539,0.230,0.230] | v2:G2[0.275,0.226,0.499] | v3:G2[0.076,0.308,0.617] | v4:G1[0.078,0.600,0.322]
[TopoTrace Step 0] v0:G1[0.372,0.555,0.073] | v1:G0[0.539,0.230,0.230] | v2:G2[0.275,0.226,0.499] | v3:G2[0.076,0.308,0.617] | v4:G1[0.078,0.600,0.322]
[TopoTrace Step 0] v0:G1[0.372,0.555,0.073] | v1:G0[0.539,0.230,0.230] | v2:G2[0.275,0.226,0.499] | v3:G2[0.076,0.308,0.617] | v4:G1[0.078,0.600,0.322][TopoTrace Step 0] v0:G1[0.372,0.555,0.073] | v1:G0[0.539,0.230,0.230] | v2:G2[0.275,0.226,0.499] | v3:G2[0.076,0.308,0.617] | v4:G1[0.078,0.600,0.322]

[TopoTrace Step 0] v0:G1[0.372,0.555,0.073] | v1:G0[0.539,0.230,0.230] | v2:G2[0.275,0.226,0.499] | v3:G2[0.076,0.308,0.617] | v4:G1[0.078,0.600,0.322]
[TopoTrace Step 0] v0:G1[0.372,0.555,0.073] | v1:G0[0.539,0.230,0.230] | v2:G2[0.275,0.226,0.499] | v3:G2[0.076,0.308,0.617] | v4:G1[0.078,0.600,0.322]
[TopoTrace Step 0] v0:G1[0.372,0.555,0.073] | v1:G0[0.539,0.230,0.230] | v2:G2[0.275,0.226,0.499] | v3:G2[0.076,0.308,0.617] | v4:G1[0.078,0.600,0.322]
[TopoTrace Step 0] v0:G1[0.372,0.555,0.073] | v1:G0[0.539,0.230,0.230] | v2:G2[0.275,0.226,0.499] | v3:G2[0.076,0.308,0.617] | v4:G1[0.078,0.600,0.322]
[TopoTrace Step 0] v0:G1[0.372,0.555,0.073] | v1:G0[0.539,0.230,0.230] | v2:G2[0.275,0.226,0.499] | v3:G2[0.076,0.308,0.617] | v4:G1[0.078,0.600,0.322]
[TopoTrace Step 0] v0:G1[0.372,0.555,0.073] | v1:G0[0.539,0.230,0.230] | v2:G2[0.275,0.226,0.499] | v3:G2[0.076,0.308,0.617] | v4:G1[0.078,0.600,0.322]
[TopoTrace Step 0] v0:G1[0.372,0.555,0.073] | v1:G0[0.539,0.230,0.230] | v2:G2[0.275,0.226,0.499] | v3:G2[0.076,0.308,0.617] | v4:G1[0.078,0.600,0.322][TopoTrace Step 0] v0:G1[0.372,0.555,0.073] | v1:G0[0.539,0.230,0.230] | v2:G2[0.275,0.226,0.499] | v3:G2[0.076,0.308,0.617] | v4:G1[0.078,0.600,0.322]

[TopoTrace Step 0] v0:G1[0.372,0.555,0.073] | v1:G0[0.539,0.230,0.230] | v2:G2[0.275,0.226,0.499] | v3:G2[0.076,0.308,0.617] | v4:G1[0.078,0.600,0.322]
[TopoTrace Step 0] v0:G1[0.372,0.555,0.073] | v1:G0[0.539,0.230,0.230] | v2:G2[0.275,0.226,0.499] | v3:G2[0.076,0.308,0.617] | v4:G1[0.078,0.600,0.322]
[TopoTrace Step 0] v0:G1[0.372,0.555,0.073] | v1:G0[0.539,0.230,0.230] | v2:G2[0.275,0.226,0.499] | v3:G2[0.076,0.308,0.617] | v4:G1[0.078,0.600,0.322]
[TopoTrace Step 0] v0:G1[0.372,0.555,0.073] | v1:G0[0.539,0.230,0.230] | v2:G2[0.275,0.226,0.499] | v3:G2[0.076,0.308,0.617] | v4:G1[0.078,0.600,0.322]
[TopoTrace Step 0] v0:G1[0.372,0.555,0.073] | v1:G0[0.539,0.230,0.230] | v2:G2[0.275,0.226,0.499] | v3:G2[0.076,0.308,0.617] | v4:G1[0.078,0.600,0.322]
[TopoTrace Step 0] v0:G1[0.372,0.555,0.073] | v1:G0[0.539,0.230,0.230] | v2:G2[0.275,0.226,0.499] | v3:G2[0.076,0.308,0.617] | v4:G1[0.078,0.600,0.322]
[TopoTrace Step 0] v0:G1[0.372,0.555,0.073] | v1:G0[0.539,0.230,0.230] | v2:G2[0.275,0.226,0.499] | v3:G2[0.076,0.308,0.617] | v4:G1[0.078,0.600,0.322][TopoTrace Step 0] v0:G1[0.372,0.555,0.073] | v1:G0[0.539,0.230,0.230] | v2:G2[0.275,0.226,0.499] | v3:G2[0.076,0.308,0.617] | v4:G1[0.078,0.600,0.322]

[TopoTrace Step 0] v0:G1[0.372,0.555,0.073] | v1:G0[0.539,0.230,0.230] | v2:G2[0.275,0.226,0.499] | v3:G2[0.076,0.308,0.617] | v4:G1[0.078,0.600,0.322]
[TopoTrace Step 0] v0:G1[0.372,0.555,0.073] | v1:G0[0.539,0.230,0.230] | v2:G2[0.275,0.226,0.499] | v3:G2[0.076,0.308,0.617] | v4:G1[0.078,0.600,0.322]
[TopoTrace Step 0] v0:G1[0.372,0.555,0.073] | v1:G0[0.539,0.230,0.230] | v2:G2[0.275,0.226,0.499] | v3:G2[0.076,0.308,0.617] | v4:G1[0.078,0.600,0.322]
[TopoTrace Step 0] v0:G1[0.372,0.555,0.073] | v1:G0[0.539,0.230,0.230] | v2:G2[0.275,0.226,0.499] | v3:G2[0.076,0.308,0.617] | v4:G1[0.078,0.600,0.322]
[TopoTrace Step 0] v0:G1[0.372,0.555,0.073] | v1:G0[0.539,0.230,0.230] | v2:G2[0.275,0.226,0.499] | v3:G2[0.076,0.308,0.617] | v4:G1[0.078,0.600,0.322]
[TopoTrace Step 0] v0:G1[0.372,0.555,0.073] | v1:G0[0.539,0.230,0.230] | v2:G2[0.275,0.226,0.499] | v3:G2[0.076,0.308,0.617] | v4:G1[0.078,0.600,0.322]
[TopoTrace Step 0] v0:G1[0.372,0.555,0.073] | v1:G0[0.539,0.230,0.230] | v2:G2[0.275,0.226,0.499] | v3:G2[0.076,0.308,0.617] | v4:G1[0.078,0.600,0.322]
[TopoTrace Step 0] v0:G1[0.372,0.555,0.073] | v1:G0[0.539,0.230,0.230] | v2:G2[0.275,0.226,0.499] | v3:G2[0.076,0.308,0.617] | v4:G1[0.078,0.600,0.322]
[TopoTrace Step 0] v0:G1[0.372,0.555,0.073] | v1:G0[0.539,0.230,0.230] | v2:G2[0.275,0.226,0.499] | v3:G2[0.076,0.308,0.617] | v4:G1[0.078,0.600,0.322]
[TopoTrace Step 0] v0:G1[0.372,0.555,0.073] | v1:G0[0.539,0.230,0.230] | v2:G2[0.275,0.226,0.499] | v3:G2[0.076,0.308,0.617] | v4:G1[0.078,0.600,0.322]
[TopoTrace Step 0] v0:G1[0.372,0.555,0.073] | v1:G0[0.539,0.230,0.230] | v2:G2[0.275,0.226,0.499] | v3:G2[0.076,0.308,0.617] | v4:G1[0.078,0.600,0.322]
[TopoTrace Step 0] v0:G1[0.372,0.555,0.073] | v1:G0[0.539,0.230,0.230] | v2:G2[0.275,0.226,0.499] | v3:G2[0.076,0.308,0.617] | v4:G1[0.078,0.600,0.322]
[TopoTrace Step 0] v0:G1[0.372,0.555,0.073] | v1:G0[0.539,0.230,0.230] | v2:G2[0.275,0.226,0.499] | v3:G2[0.076,0.308,0.617] | v4:G1[0.078,0.600,0.322]
[TopoTrace Step 0] v0:G1[0.372,0.555,0.073] | v1:G0[0.539,0.230,0.230] | v2:G2[0.275,0.226,0.499] | v3:G2[0.076,0.308,0.617] | v4:G1[0.078,0.600,0.322]
[TopoTrace Step 0] v0:G1[0.372,0.555,0.073] | v1:G0[0.539,0.230,0.230] | v2:G2[0.275,0.226,0.499] | v3:G2[0.076,0.308,0.617] | v4:G1[0.078,0.600,0.322]
[TopoTrace Step 0] v0:G1[0.372,0.555,0.073] | v1:G0[0.539,0.230,0.230] | v2:G2[0.275,0.226,0.499] | v3:G2[0.076,0.308,0.617] | v4:G1[0.078,0.600,0.322]
[TopoTrace Step 0] v0:G1[0.372,0.555,0.073] | v1:G0[0.539,0.230,0.230] | v2:G2[0.275,0.226,0.499] | v3:G2[0.076,0.308,0.617] | v4:G1[0.078,0.600,0.322]
[TopoTrace Step 0] v0:G1[0.372,0.555,0.073] | v1:G0[0.539,0.230,0.230] | v2:G2[0.275,0.226,0.499] | v3:G2[0.076,0.308,0.617] | v4:G1[0.078,0.600,0.322]
[TopoTrace Step 0] v0:G1[0.372,0.555,0.073] | v1:G0[0.539,0.230,0.230] | v2:G2[0.275,0.226,0.499] | v3:G2[0.076,0.308,0.617] | v4:G1[0.078,0.600,0.322]
[TopoTrace Step 0] v0:G1[0.372,0.555,0.073] | v1:G0[0.539,0.230,0.230] | v2:G2[0.275,0.226,0.499] | v3:G2[0.076,0.308,0.617] | v4:G1[0.078,0.600,0.322]
[TopoTrace Step 0] v0:G1[0.372,0.555,0.073] | v1:G0[0.539,0.230,0.230] | v2:G2[0.275,0.226,0.499] | v3:G2[0.076,0.308,0.617] | v4:G1[0.078,0.600,0.322]
[TopoTrace Step 0] v0:G1[0.372,0.555,0.073] | v1:G0[0.539,0.230,0.230] | v2:G2[0.275,0.226,0.499] | v3:G2[0.076,0.308,0.617] | v4:G1[0.078,0.600,0.322]
Epoch: 6 cost time: 66.30610275268555
Epoch: 6, Steps: 294 | Train Loss: 0.4308706 Vali Loss: 0.2859930 Test Loss: 4.0031338
EarlyStopping counter: 4 out of 3
Early stopping
Updating learning rate to 3.125e-06
[TopoTrace Step 0] v0:G1[0.372,0.555,0.073] | v1:G0[0.539,0.230,0.230] | v2:G2[0.275,0.226,0.499] | v3:G2[0.076,0.308,0.617] | v4:G1[0.078,0.600,0.322]
[TopoTrace Step 0] v0:G1[0.372,0.555,0.073] | v1:G0[0.539,0.230,0.230] | v2:G2[0.275,0.226,0.499] | v3:G2[0.076,0.308,0.617] | v4:G1[0.078,0.600,0.322]
[TopoTrace Step 0] v0:G1[0.372,0.555,0.073] | v1:G0[0.539,0.230,0.230] | v2:G2[0.275,0.226,0.499] | v3:G2[0.076,0.308,0.617] | v4:G1[0.078,0.600,0.322]
[TopoTrace Step 0] v0:G1[0.372,0.555,0.073] | v1:G0[0.539,0.230,0.230] | v2:G2[0.275,0.226,0.499] | v3:G2[0.076,0.308,0.617] | v4:G1[0.078,0.600,0.322]
[TopoTrace Step 0] v0:G1[0.372,0.555,0.073] | v1:G0[0.539,0.230,0.230] | v2:G2[0.275,0.226,0.499] | v3:G2[0.076,0.308,0.617] | v4:G1[0.078,0.600,0.322]
[TopoTrace Step 0] v0:G1[0.372,0.555,0.073] | v1:G0[0.539,0.230,0.230] | v2:G2[0.275,0.226,0.499] | v3:G2[0.076,0.308,0.617] | v4:G1[0.078,0.600,0.322]
[TopoTrace Step 0] v0:G1[0.372,0.555,0.073] | v1:G0[0.539,0.230,0.230] | v2:G2[0.275,0.226,0.499] | v3:G2[0.076,0.308,0.617] | v4:G1[0.078,0.600,0.322]
[TopoTrace Step 0] v0:G1[0.372,0.555,0.073] | v1:G0[0.539,0.230,0.230] | v2:G2[0.275,0.226,0.499] | v3:G2[0.076,0.308,0.617] | v4:G1[0.078,0.600,0.322]
[TopoTrace Step 0] v0:G1[0.372,0.555,0.073] | v1:G0[0.539,0.230,0.230] | v2:G2[0.275,0.226,0.499] | v3:G2[0.076,0.308,0.617] | v4:G1[0.078,0.600,0.322]
[TopoTrace Step 0] v0:G1[0.372,0.555,0.073] | v1:G0[0.539,0.230,0.230] | v2:G2[0.275,0.226,0.499] | v3:G2[0.076,0.308,0.617] | v4:G1[0.078,0.600,0.322]
[TopoTrace Step 0] v0:G1[0.372,0.555,0.073] | v1:G0[0.539,0.230,0.230] | v2:G2[0.275,0.226,0.499] | v3:G2[0.076,0.308,0.617] | v4:G1[0.078,0.600,0.322][TopoTrace Step 0] v0:G1[0.372,0.555,0.073] | v1:G0[0.539,0.230,0.230] | v2:G2[0.275,0.226,0.499] | v3:G2[0.076,0.308,0.617] | v4:G1[0.078,0.600,0.322]

[TopoTrace Step 0] v0:G1[0.372,0.555,0.073] | v1:G0[0.539,0.230,0.230] | v2:G2[0.275,0.226,0.499] | v3:G2[0.076,0.308,0.617] | v4:G1[0.078,0.600,0.322]
[TopoTrace Step 0] v0:G1[0.372,0.555,0.073] | v1:G0[0.539,0.230,0.230] | v2:G2[0.275,0.226,0.499] | v3:G2[0.076,0.308,0.617] | v4:G1[0.078,0.600,0.322]
[TopoTrace Step 0] v0:G1[0.372,0.555,0.073] | v1:G0[0.539,0.230,0.230] | v2:G2[0.275,0.226,0.499] | v3:G2[0.076,0.308,0.617] | v4:G1[0.078,0.600,0.322]
[TopoTrace Step 0] v0:G1[0.372,0.555,0.073] | v1:G0[0.539,0.230,0.230] | v2:G2[0.275,0.226,0.499] | v3:G2[0.076,0.308,0.617] | v4:G1[0.078,0.600,0.322]
[TopoTrace Step 0] v0:G1[0.372,0.555,0.073] | v1:G0[0.539,0.230,0.230] | v2:G2[0.275,0.226,0.499] | v3:G2[0.076,0.308,0.617] | v4:G1[0.078,0.600,0.322]
[TopoTrace Step 0] v0:G1[0.372,0.555,0.073] | v1:G0[0.539,0.230,0.230] | v2:G2[0.275,0.226,0.499] | v3:G2[0.076,0.308,0.617] | v4:G1[0.078,0.600,0.322]
[TopoTrace Step 0] v0:G1[0.372,0.555,0.073] | v1:G0[0.539,0.230,0.230] | v2:G2[0.275,0.226,0.499] | v3:G2[0.076,0.308,0.617] | v4:G1[0.078,0.600,0.322]
[TopoTrace Step 0] v0:G1[0.372,0.555,0.073] | v1:G0[0.539,0.230,0.230] | v2:G2[0.275,0.226,0.499] | v3:G2[0.076,0.308,0.617] | v4:G1[0.078,0.600,0.322]
[TopoTrace Step 0] v0:G1[0.372,0.555,0.073] | v1:G0[0.539,0.230,0.230] | v2:G2[0.275,0.226,0.499] | v3:G2[0.076,0.308,0.617] | v4:G1[0.078,0.600,0.322]
[TopoTrace Step 0] v0:G1[0.372,0.555,0.073] | v1:G0[0.539,0.230,0.230] | v2:G2[0.275,0.226,0.499] | v3:G2[0.076,0.308,0.617] | v4:G1[0.078,0.600,0.322]
[TopoTrace Step 0] v0:G1[0.372,0.555,0.073] | v1:G0[0.539,0.230,0.230] | v2:G2[0.275,0.226,0.499] | v3:G2[0.076,0.308,0.617] | v4:G1[0.078,0.600,0.322]
[TopoTrace Step 0] v0:G1[0.372,0.555,0.073] | v1:G0[0.539,0.230,0.230] | v2:G2[0.275,0.226,0.499] | v3:G2[0.076,0.308,0.617] | v4:G1[0.078,0.600,0.322]
[TopoTrace Step 0] v0:G1[0.372,0.555,0.073] | v1:G0[0.539,0.230,0.230] | v2:G2[0.275,0.226,0.499] | v3:G2[0.076,0.308,0.617] | v4:G1[0.078,0.600,0.322]
[TopoTrace Step 0] v0:G1[0.372,0.555,0.073] | v1:G0[0.539,0.230,0.230] | v2:G2[0.275,0.226,0.499] | v3:G2[0.076,0.308,0.617] | v4:G1[0.078,0.600,0.322]
[TopoTrace Step 0] v0:G1[0.372,0.555,0.073] | v1:G0[0.539,0.230,0.230] | v2:G2[0.275,0.226,0.499] | v3:G2[0.076,0.308,0.617] | v4:G1[0.078,0.600,0.322]
[TopoTrace Step 0] v0:G1[0.372,0.555,0.073] | v1:G0[0.539,0.230,0.230] | v2:G2[0.275,0.226,0.499] | v3:G2[0.076,0.308,0.617] | v4:G1[0.078,0.600,0.322]
[TopoTrace Step 0] v0:G1[0.372,0.555,0.073] | v1:G0[0.539,0.230,0.230] | v2:G2[0.275,0.226,0.499] | v3:G2[0.076,0.308,0.617] | v4:G1[0.078,0.600,0.322]
[TopoTrace Step 0] v0:G1[0.372,0.555,0.073] | v1:G0[0.539,0.230,0.230] | v2:G2[0.275,0.226,0.499] | v3:G2[0.076,0.308,0.617] | v4:G1[0.078,0.600,0.322]
[TopoTrace Step 0] v0:G1[0.372,0.555,0.073] | v1:G0[0.539,0.230,0.230] | v2:G2[0.275,0.226,0.499] | v3:G2[0.076,0.308,0.617] | v4:G1[0.078,0.600,0.322]
[TopoTrace Step 0] v0:G1[0.372,0.555,0.073] | v1:G0[0.539,0.230,0.230] | v2:G2[0.275,0.226,0.499] | v3:G2[0.076,0.308,0.617] | v4:G1[0.078,0.600,0.322]
[TopoTrace Step 0] v0:G1[0.372,0.555,0.073] | v1:G0[0.539,0.230,0.230] | v2:G2[0.275,0.226,0.499] | v3:G2[0.076,0.308,0.617] | v4:G1[0.078,0.600,0.322]
[TopoTrace Step 0] v0:G1[0.372,0.555,0.073] | v1:G0[0.539,0.230,0.230] | v2:G2[0.275,0.226,0.499] | v3:G2[0.076,0.308,0.617] | v4:G1[0.078,0.600,0.322]
[TopoTrace Step 0] v0:G1[0.372,0.555,0.073] | v1:G0[0.539,0.230,0.230] | v2:G2[0.275,0.226,0.499] | v3:G2[0.076,0.308,0.617] | v4:G1[0.078,0.600,0.322]
[TopoTrace Step 0] v0:G1[0.372,0.555,0.073] | v1:G0[0.539,0.230,0.230] | v2:G2[0.275,0.226,0.499] | v3:G2[0.076,0.308,0.617] | v4:G1[0.078,0.600,0.322]
[TopoTrace Step 0] v0:G1[0.372,0.555,0.073] | v1:G0[0.539,0.230,0.230] | v2:G2[0.275,0.226,0.499] | v3:G2[0.076,0.308,0.617] | v4:G1[0.078,0.600,0.322]
[TopoTrace Step 0] v0:G1[0.372,0.555,0.073] | v1:G0[0.539,0.230,0.230] | v2:G2[0.275,0.226,0.499] | v3:G2[0.076,0.308,0.617] | v4:G1[0.078,0.600,0.322]
[TopoTrace Step 0] v0:G1[0.372,0.555,0.073] | v1:G0[0.539,0.230,0.230] | v2:G2[0.275,0.226,0.499] | v3:G2[0.076,0.308,0.617] | v4:G1[0.078,0.600,0.322]
[TopoTrace Step 0] v0:G1[0.372,0.555,0.073] | v1:G0[0.539,0.230,0.230] | v2:G2[0.275,0.226,0.499] | v3:G2[0.076,0.308,0.617] | v4:G1[0.078,0.600,0.322]
[TopoTrace Step 0] v0:G1[0.372,0.555,0.073] | v1:G0[0.539,0.230,0.230] | v2:G2[0.275,0.226,0.499] | v3:G2[0.076,0.308,0.617] | v4:G1[0.078,0.600,0.322][TopoTrace Step 0] v0:G1[0.372,0.555,0.073] | v1:G0[0.539,0.230,0.230] | v2:G2[0.275,0.226,0.499] | v3:G2[0.076,0.308,0.617] | v4:G1[0.078,0.600,0.322]

[TopoTrace Step 0] v0:G1[0.372,0.555,0.073] | v1:G0[0.539,0.230,0.230] | v2:G2[0.275,0.226,0.499] | v3:G2[0.076,0.308,0.617] | v4:G1[0.078,0.600,0.322][TopoTrace Step 0] v0:G1[0.372,0.555,0.073] | v1:G0[0.539,0.230,0.230] | v2:G2[0.275,0.226,0.499] | v3:G2[0.076,0.308,0.617] | v4:G1[0.078,0.600,0.322]

[TopoTrace Step 0] v0:G1[0.372,0.555,0.073] | v1:G0[0.539,0.230,0.230] | v2:G2[0.275,0.226,0.499] | v3:G2[0.076,0.308,0.617] | v4:G1[0.078,0.600,0.322]
[TopoTrace Step 0] v0:G1[0.372,0.555,0.073] | v1:G0[0.539,0.230,0.230] | v2:G2[0.275,0.226,0.499] | v3:G2[0.076,0.308,0.617] | v4:G1[0.078,0.600,0.322]
[TopoTrace Step 0] v0:G1[0.372,0.555,0.073] | v1:G0[0.539,0.230,0.230] | v2:G2[0.275,0.226,0.499] | v3:G2[0.076,0.308,0.617] | v4:G1[0.078,0.600,0.322]
[TopoTrace Step 0] v0:G1[0.372,0.555,0.073] | v1:G0[0.539,0.230,0.230] | v2:G2[0.275,0.226,0.499] | v3:G2[0.076,0.308,0.617] | v4:G1[0.078,0.600,0.322]
[TopoTrace Step 0] v0:G1[0.372,0.555,0.073] | v1:G0[0.539,0.230,0.230] | v2:G2[0.275,0.226,0.499] | v3:G2[0.076,0.308,0.617] | v4:G1[0.078,0.600,0.322]
[TopoTrace Step 0] v0:G1[0.372,0.555,0.073] | v1:G0[0.539,0.230,0.230] | v2:G2[0.275,0.226,0.499] | v3:G2[0.076,0.308,0.617] | v4:G1[0.078,0.600,0.322]
[TopoTrace Step 0] v0:G1[0.372,0.555,0.073] | v1:G0[0.539,0.230,0.230] | v2:G2[0.275,0.226,0.499] | v3:G2[0.076,0.308,0.617] | v4:G1[0.078,0.600,0.322]
[TopoTrace Step 0] v0:G1[0.372,0.555,0.073] | v1:G0[0.539,0.230,0.230] | v2:G2[0.275,0.226,0.499] | v3:G2[0.076,0.308,0.617] | v4:G1[0.078,0.600,0.322]
[TopoTrace Step 0] v0:G1[0.372,0.555,0.073] | v1:G0[0.539,0.230,0.230] | v2:G2[0.275,0.226,0.499] | v3:G2[0.076,0.308,0.617] | v4:G1[0.078,0.600,0.322]
[TopoTrace Step 0] v0:G1[0.372,0.555,0.073] | v1:G0[0.539,0.230,0.230] | v2:G2[0.275,0.226,0.499] | v3:G2[0.076,0.308,0.617] | v4:G1[0.078,0.600,0.322]
[TopoTrace Step 0] v0:G1[0.372,0.555,0.073] | v1:G0[0.539,0.230,0.230] | v2:G2[0.275,0.226,0.499] | v3:G2[0.076,0.308,0.617] | v4:G1[0.078,0.600,0.322]
[TopoTrace Step 0] v0:G1[0.372,0.555,0.073] | v1:G0[0.539,0.230,0.230] | v2:G2[0.275,0.226,0.499] | v3:G2[0.076,0.308,0.617] | v4:G1[0.078,0.600,0.322]
[TopoTrace Step 0] v0:G1[0.372,0.555,0.073] | v1:G0[0.539,0.230,0.230] | v2:G2[0.275,0.226,0.499] | v3:G2[0.076,0.308,0.617] | v4:G1[0.078,0.600,0.322]
[TopoTrace Step 0] v0:G1[0.372,0.555,0.073] | v1:G0[0.539,0.230,0.230] | v2:G2[0.275,0.226,0.499] | v3:G2[0.076,0.308,0.617] | v4:G1[0.078,0.600,0.322]
[TopoTrace Step 0] v0:G1[0.372,0.555,0.073] | v1:G0[0.539,0.230,0.230] | v2:G2[0.275,0.226,0.499] | v3:G2[0.076,0.308,0.617] | v4:G1[0.078,0.600,0.322][TopoTrace Step 0] v0:G1[0.372,0.555,0.073] | v1:G0[0.539,0.230,0.230] | v2:G2[0.275,0.226,0.499] | v3:G2[0.076,0.308,0.617] | v4:G1[0.078,0.600,0.322]

[TopoTrace Step 0] v0:G1[0.372,0.555,0.073] | v1:G0[0.539,0.230,0.230] | v2:G2[0.275,0.226,0.499] | v3:G2[0.076,0.308,0.617] | v4:G1[0.078,0.600,0.322]
[TopoTrace Step 0] v0:G1[0.372,0.555,0.073] | v1:G0[0.539,0.230,0.230] | v2:G2[0.275,0.226,0.499] | v3:G2[0.076,0.308,0.617] | v4:G1[0.078,0.600,0.322]
[TopoTrace Step 0] v0:G1[0.372,0.555,0.073] | v1:G0[0.539,0.230,0.230] | v2:G2[0.275,0.226,0.499] | v3:G2[0.076,0.308,0.617] | v4:G1[0.078,0.600,0.322]
[TopoTrace Step 0] v0:G1[0.372,0.555,0.073] | v1:G0[0.539,0.230,0.230] | v2:G2[0.275,0.226,0.499] | v3:G2[0.076,0.308,0.617] | v4:G1[0.078,0.600,0.322]
[TopoTrace Step 0] v0:G1[0.372,0.555,0.073] | v1:G0[0.539,0.230,0.230] | v2:G2[0.275,0.226,0.499] | v3:G2[0.076,0.308,0.617] | v4:G1[0.078,0.600,0.322]
[TopoTrace Step 0] v0:G1[0.372,0.555,0.073] | v1:G0[0.539,0.230,0.230] | v2:G2[0.275,0.226,0.499] | v3:G2[0.076,0.308,0.617] | v4:G1[0.078,0.600,0.322]
[TopoTrace Step 0] v0:G1[0.372,0.555,0.073] | v1:G0[0.539,0.230,0.230] | v2:G2[0.275,0.226,0.499] | v3:G2[0.076,0.308,0.617] | v4:G1[0.078,0.600,0.322]
[TopoTrace Step 0] v0:G1[0.372,0.555,0.073] | v1:G0[0.539,0.230,0.230] | v2:G2[0.275,0.226,0.499] | v3:G2[0.076,0.308,0.617] | v4:G1[0.078,0.600,0.322]
[TopoTrace Step 0] v0:G1[0.372,0.555,0.073] | v1:G0[0.539,0.230,0.230] | v2:G2[0.275,0.226,0.499] | v3:G2[0.076,0.308,0.617] | v4:G1[0.078,0.600,0.322]
[TopoTrace Step 0] v0:G1[0.372,0.555,0.073] | v1:G0[0.539,0.230,0.230] | v2:G2[0.275,0.226,0.499] | v3:G2[0.076,0.308,0.617] | v4:G1[0.078,0.600,0.322]
[TopoTrace Step 0] v0:G1[0.372,0.555,0.073] | v1:G0[0.539,0.230,0.230] | v2:G2[0.275,0.226,0.499] | v3:G2[0.076,0.308,0.617] | v4:G1[0.078,0.600,0.322]
[TopoTrace Step 0] v0:G1[0.372,0.555,0.073] | v1:G0[0.539,0.230,0.230] | v2:G2[0.275,0.226,0.499] | v3:G2[0.076,0.308,0.617] | v4:G1[0.078,0.600,0.322]
[TopoTrace Step 0] v0:G1[0.372,0.555,0.073] | v1:G0[0.539,0.230,0.230] | v2:G2[0.275,0.226,0.499] | v3:G2[0.076,0.308,0.617] | v4:G1[0.078,0.600,0.322]
[TopoTrace Step 0] v0:G1[0.372,0.555,0.073] | v1:G0[0.539,0.230,0.230] | v2:G2[0.275,0.226,0.499] | v3:G2[0.076,0.308,0.617] | v4:G1[0.078,0.600,0.322]
[TopoTrace Step 0] v0:G1[0.372,0.555,0.073] | v1:G0[0.539,0.230,0.230] | v2:G2[0.275,0.226,0.499] | v3:G2[0.076,0.308,0.617] | v4:G1[0.078,0.600,0.322]
[TopoTrace Step 0] v0:G1[0.372,0.555,0.073] | v1:G0[0.539,0.230,0.230] | v2:G2[0.275,0.226,0.499] | v3:G2[0.076,0.308,0.617] | v4:G1[0.078,0.600,0.322]
[TopoTrace Step 0] v0:G1[0.372,0.555,0.073] | v1:G0[0.539,0.230,0.230] | v2:G2[0.275,0.226,0.499] | v3:G2[0.076,0.308,0.617] | v4:G1[0.078,0.600,0.322]
[TopoTrace Step 0] v0:G1[0.372,0.555,0.073] | v1:G0[0.539,0.230,0.230] | v2:G2[0.275,0.226,0.499] | v3:G2[0.076,0.308,0.617] | v4:G1[0.078,0.600,0.322]
[TopoTrace Step 0] v0:G1[0.372,0.555,0.073] | v1:G0[0.539,0.230,0.230] | v2:G2[0.275,0.226,0.499] | v3:G2[0.076,0.308,0.617] | v4:G1[0.078,0.600,0.322]
[TopoTrace Step 0] v0:G1[0.372,0.555,0.073] | v1:G0[0.539,0.230,0.230] | v2:G2[0.275,0.226,0.499] | v3:G2[0.076,0.308,0.617] | v4:G1[0.078,0.600,0.322]
[TopoTrace Step 0] v0:G1[0.372,0.555,0.073] | v1:G0[0.539,0.230,0.230] | v2:G2[0.275,0.226,0.499] | v3:G2[0.076,0.308,0.617] | v4:G1[0.078,0.600,0.322]
[TopoTrace Step 0] v0:G1[0.372,0.555,0.073] | v1:G0[0.539,0.230,0.230] | v2:G2[0.275,0.226,0.499] | v3:G2[0.076,0.308,0.617] | v4:G1[0.078,0.600,0.322]
[TopoTrace Step 0] v0:G1[0.372,0.555,0.073] | v1:G0[0.539,0.230,0.230] | v2:G2[0.275,0.226,0.499] | v3:G2[0.076,0.308,0.617] | v4:G1[0.078,0.600,0.322]
[TopoTrace Step 0] v0:G1[0.372,0.555,0.073] | v1:G0[0.539,0.230,0.230] | v2:G2[0.275,0.226,0.499] | v3:G2[0.076,0.308,0.617] | v4:G1[0.078,0.600,0.322]
[TopoTrace Step 0] v0:G1[0.372,0.555,0.073] | v1:G0[0.539,0.230,0.230] | v2:G2[0.275,0.226,0.499] | v3:G2[0.076,0.308,0.617] | v4:G1[0.078,0.600,0.322]
[TopoTrace Step 0] v0:G1[0.372,0.555,0.073] | v1:G0[0.539,0.230,0.230] | v2:G2[0.275,0.226,0.499] | v3:G2[0.076,0.308,0.617] | v4:G1[0.078,0.600,0.322]
[TopoTrace Step 0] v0:G1[0.372,0.555,0.073] | v1:G0[0.539,0.230,0.230] | v2:G2[0.275,0.226,0.499] | v3:G2[0.076,0.308,0.617] | v4:G1[0.078,0.600,0.322]
[TopoTrace Step 0] v0:G1[0.372,0.555,0.073] | v1:G0[0.539,0.230,0.230] | v2:G2[0.275,0.226,0.499] | v3:G2[0.076,0.308,0.617] | v4:G1[0.078,0.600,0.322]
[TopoTrace Step 0] v0:G1[0.372,0.555,0.073] | v1:G0[0.539,0.230,0.230] | v2:G2[0.275,0.226,0.499] | v3:G2[0.076,0.308,0.617] | v4:G1[0.078,0.600,0.322]
[TopoTrace Step 0] v0:G1[0.372,0.555,0.073] | v1:G0[0.539,0.230,0.230] | v2:G2[0.275,0.226,0.499] | v3:G2[0.076,0.308,0.617] | v4:G1[0.078,0.600,0.322]
[TopoTrace Step 0] v0:G1[0.372,0.555,0.073] | v1:G0[0.539,0.230,0.230] | v2:G2[0.275,0.226,0.499] | v3:G2[0.076,0.308,0.617] | v4:G1[0.078,0.600,0.322]
[TopoTrace Step 0] v0:G1[0.372,0.555,0.073] | v1:G0[0.539,0.230,0.230] | v2:G2[0.275,0.226,0.499] | v3:G2[0.076,0.308,0.617] | v4:G1[0.078,0.600,0.322]
[TopoTrace Step 0] v0:G1[0.372,0.555,0.073] | v1:G0[0.539,0.230,0.230] | v2:G2[0.275,0.226,0.499] | v3:G2[0.076,0.308,0.617] | v4:G1[0.078,0.600,0.322]
[TopoTrace Step 0] v0:G1[0.372,0.555,0.073] | v1:G0[0.539,0.230,0.230] | v2:G2[0.275,0.226,0.499] | v3:G2[0.076,0.308,0.617] | v4:G1[0.078,0.600,0.322]
[TopoTrace Step 0] v0:G1[0.372,0.555,0.073] | v1:G0[0.539,0.230,0.230] | v2:G2[0.275,0.226,0.499] | v3:G2[0.076,0.308,0.617] | v4:G1[0.078,0.600,0.322]
[TopoTrace Step 0] v0:G1[0.372,0.555,0.073] | v1:G0[0.539,0.230,0.230] | v2:G2[0.275,0.226,0.499] | v3:G2[0.076,0.308,0.617] | v4:G1[0.078,0.600,0.322]
[TopoTrace Step 0] v0:G1[0.372,0.555,0.073] | v1:G0[0.539,0.230,0.230] | v2:G2[0.275,0.226,0.499] | v3:G2[0.076,0.308,0.617] | v4:G1[0.078,0.600,0.322]
[TopoTrace Step 0] v0:G1[0.372,0.555,0.073] | v1:G0[0.539,0.230,0.230] | v2:G2[0.275,0.226,0.499] | v3:G2[0.076,0.308,0.617] | v4:G1[0.078,0.600,0.322]
[TopoTrace Step 0] v0:G1[0.372,0.555,0.073] | v1:G0[0.539,0.230,0.230] | v2:G2[0.275,0.226,0.499] | v3:G2[0.076,0.308,0.617] | v4:G1[0.078,0.600,0.322]
[TopoTrace Step 0] v0:G1[0.372,0.555,0.073] | v1:G0[0.539,0.230,0.230] | v2:G2[0.275,0.226,0.499] | v3:G2[0.076,0.308,0.617] | v4:G1[0.078,0.600,0.322]
[TopoTrace Step 0] v0:G1[0.372,0.555,0.073] | v1:G0[0.539,0.230,0.230] | v2:G2[0.275,0.226,0.499] | v3:G2[0.076,0.308,0.617] | v4:G1[0.078,0.600,0.322]
[TopoTrace Step 0] v0:G1[0.372,0.555,0.073] | v1:G0[0.539,0.230,0.230] | v2:G2[0.275,0.226,0.499] | v3:G2[0.076,0.308,0.617] | v4:G1[0.078,0.600,0.322]
[TopoTrace Step 0] v0:G1[0.372,0.555,0.073] | v1:G0[0.539,0.230,0.230] | v2:G2[0.275,0.226,0.499] | v3:G2[0.076,0.308,0.617] | v4:G1[0.078,0.600,0.322]
[TopoTrace Step 0] v0:G1[0.372,0.555,0.073] | v1:G0[0.539,0.230,0.230] | v2:G2[0.275,0.226,0.499] | v3:G2[0.076,0.308,0.617] | v4:G1[0.078,0.600,0.322]
[TopoTrace Step 0] v0:G1[0.372,0.555,0.073] | v1:G0[0.539,0.230,0.230] | v2:G2[0.275,0.226,0.499] | v3:G2[0.076,0.308,0.617] | v4:G1[0.078,0.600,0.322]
[TopoTrace Step 0] v0:G1[0.372,0.555,0.073] | v1:G0[0.539,0.230,0.230] | v2:G2[0.275,0.226,0.499] | v3:G2[0.076,0.308,0.617] | v4:G1[0.078,0.600,0.322]
[TopoTrace Step 0] v0:G1[0.372,0.555,0.073] | v1:G0[0.539,0.230,0.230] | v2:G2[0.275,0.226,0.499] | v3:G2[0.076,0.308,0.617] | v4:G1[0.078,0.600,0.322]
[TopoTrace Step 0] v0:G1[0.372,0.555,0.073] | v1:G0[0.539,0.230,0.230] | v2:G2[0.275,0.226,0.499] | v3:G2[0.076,0.308,0.617] | v4:G1[0.078,0.600,0.322]
[TopoTrace Step 0] v0:G1[0.372,0.555,0.073] | v1:G0[0.539,0.230,0.230] | v2:G2[0.275,0.226,0.499] | v3:G2[0.076,0.308,0.617] | v4:G1[0.078,0.600,0.322]
[TopoTrace Step 0] v0:G1[0.372,0.555,0.073] | v1:G0[0.539,0.230,0.230] | v2:G2[0.275,0.226,0.499] | v3:G2[0.076,0.308,0.617] | v4:G1[0.078,0.600,0.322]
[TopoTrace Step 0] v0:G1[0.372,0.555,0.073] | v1:G0[0.539,0.230,0.230] | v2:G2[0.275,0.226,0.499] | v3:G2[0.076,0.308,0.617] | v4:G1[0.078,0.600,0.322]
[TopoTrace Step 0] v0:G1[0.372,0.555,0.073] | v1:G0[0.539,0.230,0.230] | v2:G2[0.275,0.226,0.499] | v3:G2[0.076,0.308,0.617] | v4:G1[0.078,0.600,0.322]
[TopoTrace Step 0] v0:G1[0.372,0.555,0.073] | v1:G0[0.539,0.230,0.230] | v2:G2[0.275,0.226,0.499] | v3:G2[0.076,0.308,0.617] | v4:G1[0.078,0.600,0.322]
[TopoTrace Step 0] v0:G1[0.372,0.555,0.073] | v1:G0[0.539,0.230,0.230] | v2:G2[0.275,0.226,0.499] | v3:G2[0.076,0.308,0.617] | v4:G1[0.078,0.600,0.322]
[TopoTrace Step 0] v0:G1[0.372,0.555,0.073] | v1:G0[0.539,0.230,0.230] | v2:G2[0.275,0.226,0.499] | v3:G2[0.076,0.308,0.617] | v4:G1[0.078,0.600,0.322]
[TopoTrace Step 0] v0:G1[0.372,0.555,0.073] | v1:G0[0.539,0.230,0.230] | v2:G2[0.275,0.226,0.499] | v3:G2[0.076,0.308,0.617] | v4:G1[0.078,0.600,0.322]
[TopoTrace Step 0] v0:G1[0.372,0.555,0.073] | v1:G0[0.539,0.230,0.230] | v2:G2[0.275,0.226,0.499] | v3:G2[0.076,0.308,0.617] | v4:G1[0.078,0.600,0.322]
[TopoTrace Step 0] v0:G1[0.372,0.555,0.073] | v1:G0[0.539,0.230,0.230] | v2:G2[0.275,0.226,0.499] | v3:G2[0.076,0.308,0.617] | v4:G1[0.078,0.600,0.322]
[TopoTrace Step 0] v0:G1[0.372,0.555,0.073] | v1:G0[0.539,0.230,0.230] | v2:G2[0.275,0.226,0.499] | v3:G2[0.076,0.308,0.617] | v4:G1[0.078,0.600,0.322]
[TopoTrace Step 0] v0:G1[0.372,0.555,0.073] | v1:G0[0.539,0.230,0.230] | v2:G2[0.275,0.226,0.499] | v3:G2[0.076,0.308,0.617] | v4:G1[0.078,0.600,0.322]
[TopoTrace Step 0] v0:G1[0.372,0.555,0.073] | v1:G0[0.539,0.230,0.230] | v2:G2[0.275,0.226,0.499] | v3:G2[0.076,0.308,0.617] | v4:G1[0.078,0.600,0.322]
[TopoTrace Step 0] v0:G1[0.372,0.555,0.073] | v1:G0[0.539,0.230,0.230] | v2:G2[0.275,0.226,0.499] | v3:G2[0.076,0.308,0.617] | v4:G1[0.078,0.600,0.322]
[TopoTrace Step 0] v0:G1[0.372,0.555,0.073] | v1:G0[0.539,0.230,0.230] | v2:G2[0.275,0.226,0.499] | v3:G2[0.076,0.308,0.617] | v4:G1[0.078,0.600,0.322]
[TopoTrace Step 0] v0:G1[0.372,0.555,0.073] | v1:G0[0.539,0.230,0.230] | v2:G2[0.275,0.226,0.499] | v3:G2[0.076,0.308,0.617] | v4:G1[0.078,0.600,0.322]
[TopoTrace Step 0] v0:G1[0.372,0.555,0.073] | v1:G0[0.539,0.230,0.230] | v2:G2[0.275,0.226,0.499] | v3:G2[0.076,0.308,0.617] | v4:G1[0.078,0.600,0.322]
[TopoTrace Step 0] v0:G1[0.372,0.555,0.073] | v1:G0[0.539,0.230,0.230] | v2:G2[0.275,0.226,0.499] | v3:G2[0.076,0.308,0.617] | v4:G1[0.078,0.600,0.322]
[TopoTrace Step 0] v0:G1[0.372,0.555,0.073] | v1:G0[0.539,0.230,0.230] | v2:G2[0.275,0.226,0.499] | v3:G2[0.076,0.308,0.617] | v4:G1[0.078,0.600,0.322]
[TopoTrace Step 0] v0:G1[0.372,0.555,0.073] | v1:G0[0.539,0.230,0.230] | v2:G2[0.275,0.226,0.499] | v3:G2[0.076,0.308,0.617] | v4:G1[0.078,0.600,0.322]
[TopoTrace Step 0] v0:G1[0.372,0.555,0.073] | v1:G0[0.539,0.230,0.230] | v2:G2[0.275,0.226,0.499] | v3:G2[0.076,0.308,0.617] | v4:G1[0.078,0.600,0.322]
[TopoTrace Step 0] v0:G1[0.372,0.555,0.073] | v1:G0[0.539,0.230,0.230] | v2:G2[0.275,0.226,0.499] | v3:G2[0.076,0.308,0.617] | v4:G1[0.078,0.600,0.322]
[TopoTrace Step 0] v0:G1[0.372,0.555,0.073] | v1:G0[0.539,0.230,0.230] | v2:G2[0.275,0.226,0.499] | v3:G2[0.076,0.308,0.617] | v4:G1[0.078,0.600,0.322]
[TopoTrace Step 0] v0:G1[0.372,0.555,0.073] | v1:G0[0.539,0.230,0.230] | v2:G2[0.275,0.226,0.499] | v3:G2[0.076,0.308,0.617] | v4:G1[0.078,0.600,0.322]
[TopoTrace Step 0] v0:G1[0.372,0.555,0.073] | v1:G0[0.539,0.230,0.230] | v2:G2[0.275,0.226,0.499] | v3:G2[0.076,0.308,0.617] | v4:G1[0.078,0.600,0.322]
[TopoTrace Step 0] v0:G1[0.372,0.555,0.073] | v1:G0[0.539,0.230,0.230] | v2:G2[0.275,0.226,0.499] | v3:G2[0.076,0.308,0.617] | v4:G1[0.078,0.600,0.322]
[TopoTrace Step 0] v0:G1[0.372,0.555,0.073] | v1:G0[0.539,0.230,0.230] | v2:G2[0.275,0.226,0.499] | v3:G2[0.076,0.308,0.617] | v4:G1[0.078,0.600,0.322]
[TopoTrace Step 0] v0:G1[0.372,0.555,0.073] | v1:G0[0.539,0.230,0.230] | v2:G2[0.275,0.226,0.499] | v3:G2[0.076,0.308,0.617] | v4:G1[0.078,0.600,0.322]
[TopoTrace Step 0] v0:G1[0.372,0.555,0.073] | v1:G0[0.539,0.230,0.230] | v2:G2[0.275,0.226,0.499] | v3:G2[0.076,0.308,0.617] | v4:G1[0.078,0.600,0.322]
[TopoTrace Step 0] v0:G1[0.372,0.555,0.073] | v1:G0[0.539,0.230,0.230] | v2:G2[0.275,0.226,0.499] | v3:G2[0.076,0.308,0.617] | v4:G1[0.078,0.600,0.322]
[TopoTrace Step 0] v0:G1[0.372,0.555,0.073] | v1:G0[0.539,0.230,0.230] | v2:G2[0.275,0.226,0.499] | v3:G2[0.076,0.308,0.617] | v4:G1[0.078,0.600,0.322]
[TopoTrace Step 0] v0:G1[0.372,0.555,0.073] | v1:G0[0.539,0.230,0.230] | v2:G2[0.275,0.226,0.499] | v3:G2[0.076,0.308,0.617] | v4:G1[0.078,0.600,0.322]
[TopoTrace Step 0] v0:G1[0.372,0.555,0.073] | v1:G0[0.539,0.230,0.230] | v2:G2[0.275,0.226,0.499] | v3:G2[0.076,0.308,0.617] | v4:G1[0.078,0.600,0.322]
[TopoTrace Step 0] v0:G1[0.372,0.555,0.073] | v1:G0[0.539,0.230,0.230] | v2:G2[0.275,0.226,0.499] | v3:G2[0.076,0.308,0.617] | v4:G1[0.078,0.600,0.322]
[TopoTrace Step 0] v0:G1[0.372,0.555,0.073] | v1:G0[0.539,0.230,0.230] | v2:G2[0.275,0.226,0.499] | v3:G2[0.076,0.308,0.617] | v4:G1[0.078,0.600,0.322]
[TopoTrace Step 0] v0:G1[0.372,0.555,0.073] | v1:G0[0.539,0.230,0.230] | v2:G2[0.275,0.226,0.499] | v3:G2[0.076,0.308,0.617] | v4:G1[0.078,0.600,0.322]
[TopoTrace Step 0] v0:G1[0.372,0.555,0.073] | v1:G0[0.539,0.230,0.230] | v2:G2[0.275,0.226,0.499] | v3:G2[0.076,0.308,0.617] | v4:G1[0.078,0.600,0.322]
[TopoTrace Step 0] v0:G1[0.372,0.555,0.073] | v1:G0[0.539,0.230,0.230] | v2:G2[0.275,0.226,0.499] | v3:G2[0.076,0.308,0.617] | v4:G1[0.078,0.600,0.322]
[TopoTrace Step 0] v0:G1[0.372,0.555,0.073] | v1:G0[0.539,0.230,0.230] | v2:G2[0.275,0.226,0.499] | v3:G2[0.076,0.308,0.617] | v4:G1[0.078,0.600,0.322]
[TopoTrace Step 0] v0:G1[0.372,0.555,0.073] | v1:G0[0.539,0.230,0.230] | v2:G2[0.275,0.226,0.499] | v3:G2[0.076,0.308,0.617] | v4:G1[0.078,0.600,0.322]
[TopoTrace Step 0] v0:G1[0.372,0.555,0.073] | v1:G0[0.539,0.230,0.230] | v2:G2[0.275,0.226,0.499] | v3:G2[0.076,0.308,0.617] | v4:G1[0.078,0.600,0.322]
[TopoTrace Step 0] v0:G1[0.372,0.555,0.073] | v1:G0[0.539,0.230,0.230] | v2:G2[0.275,0.226,0.499] | v3:G2[0.076,0.308,0.617] | v4:G1[0.078,0.600,0.322]
[TopoTrace Step 0] v0:G1[0.372,0.555,0.073] | v1:G0[0.539,0.230,0.230] | v2:G2[0.275,0.226,0.499] | v3:G2[0.076,0.308,0.617] | v4:G1[0.078,0.600,0.322]
[TopoTrace Step 0] v0:G1[0.372,0.555,0.073] | v1:G0[0.539,0.230,0.230] | v2:G2[0.275,0.226,0.499] | v3:G2[0.076,0.308,0.617] | v4:G1[0.078,0.600,0.322]
[TopoTrace Step 0] v0:G1[0.372,0.555,0.073] | v1:G0[0.539,0.230,0.230] | v2:G2[0.275,0.226,0.499] | v3:G2[0.076,0.308,0.617] | v4:G1[0.078,0.600,0.322]
[TopoTrace Step 0] v0:G1[0.372,0.555,0.073] | v1:G0[0.539,0.230,0.230] | v2:G2[0.275,0.226,0.499] | v3:G2[0.076,0.308,0.617] | v4:G1[0.078,0.600,0.322]
[TopoTrace Step 0] v0:G1[0.372,0.555,0.073] | v1:G0[0.539,0.230,0.230] | v2:G2[0.275,0.226,0.499] | v3:G2[0.076,0.308,0.617] | v4:G1[0.078,0.600,0.322]
[TopoTrace Step 0] v0:G1[0.372,0.555,0.073] | v1:G0[0.539,0.230,0.230] | v2:G2[0.275,0.226,0.499] | v3:G2[0.076,0.308,0.617] | v4:G1[0.078,0.600,0.322]
[TopoTrace Step 0] v0:G1[0.372,0.555,0.073] | v1:G0[0.539,0.230,0.230] | v2:G2[0.275,0.226,0.499] | v3:G2[0.076,0.308,0.617] | v4:G1[0.078,0.600,0.322]
[TopoTrace Step 0] v0:G1[0.372,0.555,0.073] | v1:G0[0.539,0.230,0.230] | v2:G2[0.275,0.226,0.499] | v3:G2[0.076,0.308,0.617] | v4:G1[0.078,0.600,0.322]
[TopoTrace Step 0] v0:G1[0.372,0.555,0.073] | v1:G0[0.539,0.230,0.230] | v2:G2[0.275,0.226,0.499] | v3:G2[0.076,0.308,0.617] | v4:G1[0.078,0.600,0.322]
[TopoTrace Step 0] v0:G1[0.372,0.555,0.073] | v1:G0[0.539,0.230,0.230] | v2:G2[0.275,0.226,0.499] | v3:G2[0.076,0.308,0.617] | v4:G1[0.078,0.600,0.322]
[TopoTrace Step 0] v0:G1[0.372,0.555,0.073] | v1:G0[0.539,0.230,0.230] | v2:G2[0.275,0.226,0.499] | v3:G2[0.076,0.308,0.617] | v4:G1[0.078,0.600,0.322]
[TopoTrace Step 0] v0:G1[0.372,0.555,0.073] | v1:G0[0.539,0.230,0.230] | v2:G2[0.275,0.226,0.499] | v3:G2[0.076,0.308,0.617] | v4:G1[0.078,0.600,0.322]
[TopoTrace Step 0] v0:G1[0.372,0.555,0.073] | v1:G0[0.539,0.230,0.230] | v2:G2[0.275,0.226,0.499] | v3:G2[0.076,0.308,0.617] | v4:G1[0.078,0.600,0.322]
[TopoTrace Step 0] v0:G1[0.372,0.555,0.073] | v1:G0[0.539,0.230,0.230] | v2:G2[0.275,0.226,0.499] | v3:G2[0.076,0.308,0.617] | v4:G1[0.078,0.600,0.322]
[TopoTrace Step 0] v0:G1[0.372,0.555,0.073] | v1:G0[0.539,0.230,0.230] | v2:G2[0.275,0.226,0.499] | v3:G2[0.076,0.308,0.617] | v4:G1[0.078,0.600,0.322]
[TopoTrace Step 0] v0:G1[0.372,0.555,0.073] | v1:G0[0.539,0.230,0.230] | v2:G2[0.275,0.226,0.499] | v3:G2[0.076,0.308,0.617] | v4:G1[0.078,0.600,0.322]
[TopoTrace Step 0] v0:G1[0.372,0.555,0.073] | v1:G0[0.539,0.230,0.230] | v2:G2[0.275,0.226,0.499] | v3:G2[0.076,0.308,0.617] | v4:G1[0.078,0.600,0.322]
[TopoTrace Step 0] v0:G1[0.372,0.555,0.073] | v1:G0[0.539,0.230,0.230] | v2:G2[0.275,0.226,0.499] | v3:G2[0.076,0.308,0.617] | v4:G1[0.078,0.600,0.322]
[TopoTrace Step 0] v0:G1[0.372,0.555,0.073] | v1:G0[0.539,0.230,0.230] | v2:G2[0.275,0.226,0.499] | v3:G2[0.076,0.308,0.617] | v4:G1[0.078,0.600,0.322]
[TopoTrace Step 0] v0:G1[0.372,0.555,0.073] | v1:G0[0.539,0.230,0.230] | v2:G2[0.275,0.226,0.499] | v3:G2[0.076,0.308,0.617] | v4:G1[0.078,0.600,0.322]
[TopoTrace Step 0] v0:G1[0.372,0.555,0.073] | v1:G0[0.539,0.230,0.230] | v2:G2[0.275,0.226,0.499] | v3:G2[0.076,0.308,0.617] | v4:G1[0.078,0.600,0.322]
[TopoTrace Step 0] v0:G1[0.372,0.555,0.073] | v1:G0[0.539,0.230,0.230] | v2:G2[0.275,0.226,0.499] | v3:G2[0.076,0.308,0.617] | v4:G1[0.078,0.600,0.322]
[TopoTrace Step 0] v0:G1[0.372,0.555,0.073] | v1:G0[0.539,0.230,0.230] | v2:G2[0.275,0.226,0.499] | v3:G2[0.076,0.308,0.617] | v4:G1[0.078,0.600,0.322]
[TopoTrace Step 0] v0:G1[0.372,0.555,0.073] | v1:G0[0.539,0.230,0.230] | v2:G2[0.275,0.226,0.499] | v3:G2[0.076,0.308,0.617] | v4:G1[0.078,0.600,0.322]
[TopoTrace Step 0] v0:G1[0.372,0.555,0.073] | v1:G0[0.539,0.230,0.230] | v2:G2[0.275,0.226,0.499] | v3:G2[0.076,0.308,0.617] | v4:G1[0.078,0.600,0.322]
[TopoTrace Step 0] v0:G1[0.372,0.555,0.073] | v1:G0[0.539,0.230,0.230] | v2:G2[0.275,0.226,0.499] | v3:G2[0.076,0.308,0.617] | v4:G1[0.078,0.600,0.322]
[TopoTrace Step 0] v0:G1[0.372,0.555,0.073] | v1:G0[0.539,0.230,0.230] | v2:G2[0.275,0.226,0.499] | v3:G2[0.076,0.308,0.617] | v4:G1[0.078,0.600,0.322]
[TopoTrace Step 0] v0:G1[0.372,0.555,0.073] | v1:G0[0.539,0.230,0.230] | v2:G2[0.275,0.226,0.499] | v3:G2[0.076,0.308,0.617] | v4:G1[0.078,0.600,0.322]
[TopoTrace Step 0] v0:G1[0.372,0.555,0.073] | v1:G0[0.539,0.230,0.230] | v2:G2[0.275,0.226,0.499] | v3:G2[0.076,0.308,0.617] | v4:G1[0.078,0.600,0.322]
[TopoTrace Step 0] v0:G1[0.372,0.555,0.073] | v1:G0[0.539,0.230,0.230] | v2:G2[0.275,0.226,0.499] | v3:G2[0.076,0.308,0.617] | v4:G1[0.078,0.600,0.322]
[TopoTrace Step 0] v0:G1[0.372,0.555,0.073] | v1:G0[0.539,0.230,0.230] | v2:G2[0.275,0.226,0.499] | v3:G2[0.076,0.308,0.617] | v4:G1[0.078,0.600,0.322]
[TopoTrace Step 0] v0:G1[0.372,0.555,0.073] | v1:G0[0.539,0.230,0.230] | v2:G2[0.275,0.226,0.499] | v3:G2[0.076,0.308,0.617] | v4:G1[0.078,0.600,0.322]
[TopoTrace Step 0] v0:G1[0.372,0.555,0.073] | v1:G0[0.539,0.230,0.230] | v2:G2[0.275,0.226,0.499] | v3:G2[0.076,0.308,0.617] | v4:G1[0.078,0.600,0.322]
[TopoTrace Step 0] v0:G1[0.372,0.555,0.073] | v1:G0[0.539,0.230,0.230] | v2:G2[0.275,0.226,0.499] | v3:G2[0.076,0.308,0.617] | v4:G1[0.078,0.600,0.322]
[TopoTrace Step 0] v0:G1[0.372,0.555,0.073] | v1:G0[0.539,0.230,0.230] | v2:G2[0.275,0.226,0.499] | v3:G2[0.076,0.308,0.617] | v4:G1[0.078,0.600,0.322]
[TopoTrace Step 0] v0:G1[0.372,0.555,0.073] | v1:G0[0.539,0.230,0.230] | v2:G2[0.275,0.226,0.499] | v3:G2[0.076,0.308,0.617] | v4:G1[0.078,0.600,0.322]
[TopoTrace Step 0] v0:G1[0.372,0.555,0.073] | v1:G0[0.539,0.230,0.230] | v2:G2[0.275,0.226,0.499] | v3:G2[0.076,0.308,0.617] | v4:G1[0.078,0.600,0.322]
[TopoTrace Step 0] v0:G1[0.372,0.555,0.073] | v1:G0[0.539,0.230,0.230] | v2:G2[0.275,0.226,0.499] | v3:G2[0.076,0.308,0.617] | v4:G1[0.078,0.600,0.322]
[TopoTrace Step 0] v0:G1[0.372,0.555,0.073] | v1:G0[0.539,0.230,0.230] | v2:G2[0.275,0.226,0.499] | v3:G2[0.076,0.308,0.617] | v4:G1[0.078,0.600,0.322][TopoTrace Step 0] v0:G1[0.372,0.555,0.073] | v1:G0[0.539,0.230,0.230] | v2:G2[0.275,0.226,0.499] | v3:G2[0.076,0.308,0.617] | v4:G1[0.078,0.600,0.322]

[TopoTrace Step 0] v0:G1[0.372,0.555,0.073] | v1:G0[0.539,0.230,0.230] | v2:G2[0.275,0.226,0.499] | v3:G2[0.076,0.308,0.617] | v4:G1[0.078,0.600,0.322]
[TopoTrace Step 0] v0:G1[0.372,0.555,0.073] | v1:G0[0.539,0.230,0.230] | v2:G2[0.275,0.226,0.499] | v3:G2[0.076,0.308,0.617] | v4:G1[0.078,0.600,0.322]
[TopoTrace Step 0] v0:G1[0.372,0.555,0.073] | v1:G0[0.539,0.230,0.230] | v2:G2[0.275,0.226,0.499] | v3:G2[0.076,0.308,0.617] | v4:G1[0.078,0.600,0.322]
[TopoTrace Step 0] v0:G1[0.372,0.555,0.073] | v1:G0[0.539,0.230,0.230] | v2:G2[0.275,0.226,0.499] | v3:G2[0.076,0.308,0.617] | v4:G1[0.078,0.600,0.322]
[TopoTrace Step 0] v0:G1[0.372,0.555,0.073] | v1:G0[0.539,0.230,0.230] | v2:G2[0.275,0.226,0.499] | v3:G2[0.076,0.308,0.617] | v4:G1[0.078,0.600,0.322]
[TopoTrace Step 0] v0:G1[0.372,0.555,0.073] | v1:G0[0.539,0.230,0.230] | v2:G2[0.275,0.226,0.499] | v3:G2[0.076,0.308,0.617] | v4:G1[0.078,0.600,0.322]
[TopoTrace Step 0] v0:G1[0.372,0.555,0.073] | v1:G0[0.539,0.230,0.230] | v2:G2[0.275,0.226,0.499] | v3:G2[0.076,0.308,0.617] | v4:G1[0.078,0.600,0.322]
[TopoTrace Step 0] v0:G1[0.372,0.555,0.073] | v1:G0[0.539,0.230,0.230] | v2:G2[0.275,0.226,0.499] | v3:G2[0.076,0.308,0.617] | v4:G1[0.078,0.600,0.322]
[TopoTrace Step 0] v0:G1[0.372,0.555,0.073] | v1:G0[0.539,0.230,0.230] | v2:G2[0.275,0.226,0.499] | v3:G2[0.076,0.308,0.617] | v4:G1[0.078,0.600,0.322][TopoTrace Step 0] v0:G1[0.372,0.555,0.073] | v1:G0[0.539,0.230,0.230] | v2:G2[0.275,0.226,0.499] | v3:G2[0.076,0.308,0.617] | v4:G1[0.078,0.600,0.322]

	iters: 100, epoch: 7 | loss: 0.3114659
	speed: 8.0264s/iter; left time: 8644.4549s
[TopoTrace Step 0] v0:G1[0.372,0.555,0.073] | v1:G0[0.539,0.230,0.230] | v2:G2[0.275,0.226,0.499] | v3:G2[0.076,0.308,0.617] | v4:G1[0.078,0.600,0.322]
[TopoTrace Step 0] v0:G1[0.372,0.555,0.073] | v1:G0[0.539,0.230,0.230] | v2:G2[0.275,0.226,0.499] | v3:G2[0.076,0.308,0.617] | v4:G1[0.078,0.600,0.322]
[TopoTrace Step 0] v0:G1[0.372,0.555,0.073] | v1:G0[0.539,0.230,0.230] | v2:G2[0.275,0.226,0.499] | v3:G2[0.076,0.308,0.617] | v4:G1[0.078,0.600,0.322]
[TopoTrace Step 0] v0:G1[0.372,0.555,0.073] | v1:G0[0.539,0.230,0.230] | v2:G2[0.275,0.226,0.499] | v3:G2[0.076,0.308,0.617] | v4:G1[0.078,0.600,0.322]
[TopoTrace Step 0] v0:G1[0.372,0.555,0.073] | v1:G0[0.539,0.230,0.230] | v2:G2[0.275,0.226,0.499] | v3:G2[0.076,0.308,0.617] | v4:G1[0.078,0.600,0.322]
[TopoTrace Step 0] v0:G1[0.372,0.555,0.073] | v1:G0[0.539,0.230,0.230] | v2:G2[0.275,0.226,0.499] | v3:G2[0.076,0.308,0.617] | v4:G1[0.078,0.600,0.322]
[TopoTrace Step 0] v0:G1[0.372,0.555,0.073] | v1:G0[0.539,0.230,0.230] | v2:G2[0.275,0.226,0.499] | v3:G2[0.076,0.308,0.617] | v4:G1[0.078,0.600,0.322]
[TopoTrace Step 0] v0:G1[0.372,0.555,0.073] | v1:G0[0.539,0.230,0.230] | v2:G2[0.275,0.226,0.499] | v3:G2[0.076,0.308,0.617] | v4:G1[0.078,0.600,0.322]
[TopoTrace Step 0] v0:G1[0.372,0.555,0.073] | v1:G0[0.539,0.230,0.230] | v2:G2[0.275,0.226,0.499] | v3:G2[0.076,0.308,0.617] | v4:G1[0.078,0.600,0.322]
[TopoTrace Step 0] v0:G1[0.372,0.555,0.073] | v1:G0[0.539,0.230,0.230] | v2:G2[0.275,0.226,0.499] | v3:G2[0.076,0.308,0.617] | v4:G1[0.078,0.600,0.322]
[TopoTrace Step 0] v0:G1[0.372,0.555,0.073] | v1:G0[0.539,0.230,0.230] | v2:G2[0.275,0.226,0.499] | v3:G2[0.076,0.308,0.617] | v4:G1[0.078,0.600,0.322]
[TopoTrace Step 0] v0:G1[0.372,0.555,0.073] | v1:G0[0.539,0.230,0.230] | v2:G2[0.275,0.226,0.499] | v3:G2[0.076,0.308,0.617] | v4:G1[0.078,0.600,0.322]
[TopoTrace Step 0] v0:G1[0.372,0.555,0.073] | v1:G0[0.539,0.230,0.230] | v2:G2[0.275,0.226,0.499] | v3:G2[0.076,0.308,0.617] | v4:G1[0.078,0.600,0.322]
[TopoTrace Step 0] v0:G1[0.372,0.555,0.073] | v1:G0[0.539,0.230,0.230] | v2:G2[0.275,0.226,0.499] | v3:G2[0.076,0.308,0.617] | v4:G1[0.078,0.600,0.322]
[TopoTrace Step 0] v0:G1[0.372,0.555,0.073] | v1:G0[0.539,0.230,0.230] | v2:G2[0.275,0.226,0.499] | v3:G2[0.076,0.308,0.617] | v4:G1[0.078,0.600,0.322]
[TopoTrace Step 0] v0:G1[0.372,0.555,0.073] | v1:G0[0.539,0.230,0.230] | v2:G2[0.275,0.226,0.499] | v3:G2[0.076,0.308,0.617] | v4:G1[0.078,0.600,0.322]
[TopoTrace Step 0] v0:G1[0.372,0.555,0.073] | v1:G0[0.539,0.230,0.230] | v2:G2[0.275,0.226,0.499] | v3:G2[0.076,0.308,0.617] | v4:G1[0.078,0.600,0.322]
[TopoTrace Step 0] v0:G1[0.372,0.555,0.073] | v1:G0[0.539,0.230,0.230] | v2:G2[0.275,0.226,0.499] | v3:G2[0.076,0.308,0.617] | v4:G1[0.078,0.600,0.322]
[TopoTrace Step 0] v0:G1[0.372,0.555,0.073] | v1:G0[0.539,0.230,0.230] | v2:G2[0.275,0.226,0.499] | v3:G2[0.076,0.308,0.617] | v4:G1[0.078,0.600,0.322]
[TopoTrace Step 0] v0:G1[0.372,0.555,0.073] | v1:G0[0.539,0.230,0.230] | v2:G2[0.275,0.226,0.499] | v3:G2[0.076,0.308,0.617] | v4:G1[0.078,0.600,0.322]
[TopoTrace Step 0] v0:G1[0.372,0.555,0.073] | v1:G0[0.539,0.230,0.230] | v2:G2[0.275,0.226,0.499] | v3:G2[0.076,0.308,0.617] | v4:G1[0.078,0.600,0.322]
[TopoTrace Step 0] v0:G1[0.372,0.555,0.073] | v1:G0[0.539,0.230,0.230] | v2:G2[0.275,0.226,0.499] | v3:G2[0.076,0.308,0.617] | v4:G1[0.078,0.600,0.322]
[TopoTrace Step 0] v0:G1[0.372,0.555,0.073] | v1:G0[0.539,0.230,0.230] | v2:G2[0.275,0.226,0.499] | v3:G2[0.076,0.308,0.617] | v4:G1[0.078,0.600,0.322]
[TopoTrace Step 0] v0:G1[0.372,0.555,0.073] | v1:G0[0.539,0.230,0.230] | v2:G2[0.275,0.226,0.499] | v3:G2[0.076,0.308,0.617] | v4:G1[0.078,0.600,0.322]
[TopoTrace Step 0] v0:G1[0.372,0.555,0.073] | v1:G0[0.539,0.230,0.230] | v2:G2[0.275,0.226,0.499] | v3:G2[0.076,0.308,0.617] | v4:G1[0.078,0.600,0.322]
[TopoTrace Step 0] v0:G1[0.372,0.555,0.073] | v1:G0[0.539,0.230,0.230] | v2:G2[0.275,0.226,0.499] | v3:G2[0.076,0.308,0.617] | v4:G1[0.078,0.600,0.322]
[TopoTrace Step 0] v0:G1[0.372,0.555,0.073] | v1:G0[0.539,0.230,0.230] | v2:G2[0.275,0.226,0.499] | v3:G2[0.076,0.308,0.617] | v4:G1[0.078,0.600,0.322]
[TopoTrace Step 0] v0:G1[0.372,0.555,0.073] | v1:G0[0.539,0.230,0.230] | v2:G2[0.275,0.226,0.499] | v3:G2[0.076,0.308,0.617] | v4:G1[0.078,0.600,0.322]
[TopoTrace Step 0] v0:G1[0.372,0.555,0.073] | v1:G0[0.539,0.230,0.230] | v2:G2[0.275,0.226,0.499] | v3:G2[0.076,0.308,0.617] | v4:G1[0.078,0.600,0.322]
[TopoTrace Step 0] v0:G1[0.372,0.555,0.073] | v1:G0[0.539,0.230,0.230] | v2:G2[0.275,0.226,0.499] | v3:G2[0.076,0.308,0.617] | v4:G1[0.078,0.600,0.322]
[TopoTrace Step 0] v0:G1[0.372,0.555,0.073] | v1:G0[0.539,0.230,0.230] | v2:G2[0.275,0.226,0.499] | v3:G2[0.076,0.308,0.617] | v4:G1[0.078,0.600,0.322]
[TopoTrace Step 0] v0:G1[0.372,0.555,0.073] | v1:G0[0.539,0.230,0.230] | v2:G2[0.275,0.226,0.499] | v3:G2[0.076,0.308,0.617] | v4:G1[0.078,0.600,0.322]
[TopoTrace Step 0] v0:G1[0.372,0.555,0.073] | v1:G0[0.539,0.230,0.230] | v2:G2[0.275,0.226,0.499] | v3:G2[0.076,0.308,0.617] | v4:G1[0.078,0.600,0.322]
[TopoTrace Step 0] v0:G1[0.372,0.555,0.073] | v1:G0[0.539,0.230,0.230] | v2:G2[0.275,0.226,0.499] | v3:G2[0.076,0.308,0.617] | v4:G1[0.078,0.600,0.322]
[TopoTrace Step 0] v0:G1[0.372,0.555,0.073] | v1:G0[0.539,0.230,0.230] | v2:G2[0.275,0.226,0.499] | v3:G2[0.076,0.308,0.617] | v4:G1[0.078,0.600,0.322]
[TopoTrace Step 0] v0:G1[0.372,0.555,0.073] | v1:G0[0.539,0.230,0.230] | v2:G2[0.275,0.226,0.499] | v3:G2[0.076,0.308,0.617] | v4:G1[0.078,0.600,0.322]
[TopoTrace Step 0] v0:G1[0.372,0.555,0.073] | v1:G0[0.539,0.230,0.230] | v2:G2[0.275,0.226,0.499] | v3:G2[0.076,0.308,0.617] | v4:G1[0.078,0.600,0.322]
[TopoTrace Step 0] v0:G1[0.372,0.555,0.073] | v1:G0[0.539,0.230,0.230] | v2:G2[0.275,0.226,0.499] | v3:G2[0.076,0.308,0.617] | v4:G1[0.078,0.600,0.322]
[TopoTrace Step 0] v0:G1[0.372,0.555,0.073] | v1:G0[0.539,0.230,0.230] | v2:G2[0.275,0.226,0.499] | v3:G2[0.076,0.308,0.617] | v4:G1[0.078,0.600,0.322]
[TopoTrace Step 0] v0:G1[0.372,0.555,0.073] | v1:G0[0.539,0.230,0.230] | v2:G2[0.275,0.226,0.499] | v3:G2[0.076,0.308,0.617] | v4:G1[0.078,0.600,0.322]
[TopoTrace Step 0] v0:G1[0.372,0.555,0.073] | v1:G0[0.539,0.230,0.230] | v2:G2[0.275,0.226,0.499] | v3:G2[0.076,0.308,0.617] | v4:G1[0.078,0.600,0.322]
[TopoTrace Step 0] v0:G1[0.372,0.555,0.073] | v1:G0[0.539,0.230,0.230] | v2:G2[0.275,0.226,0.499] | v3:G2[0.076,0.308,0.617] | v4:G1[0.078,0.600,0.322]
[TopoTrace Step 0] v0:G1[0.372,0.555,0.073] | v1:G0[0.539,0.230,0.230] | v2:G2[0.275,0.226,0.499] | v3:G2[0.076,0.308,0.617] | v4:G1[0.078,0.600,0.322]
[TopoTrace Step 0] v0:G1[0.372,0.555,0.073] | v1:G0[0.539,0.230,0.230] | v2:G2[0.275,0.226,0.499] | v3:G2[0.076,0.308,0.617] | v4:G1[0.078,0.600,0.322]
[TopoTrace Step 0] v0:G1[0.372,0.555,0.073] | v1:G0[0.539,0.230,0.230] | v2:G2[0.275,0.226,0.499] | v3:G2[0.076,0.308,0.617] | v4:G1[0.078,0.600,0.322]
[TopoTrace Step 0] v0:G1[0.372,0.555,0.073] | v1:G0[0.539,0.230,0.230] | v2:G2[0.275,0.226,0.499] | v3:G2[0.076,0.308,0.617] | v4:G1[0.078,0.600,0.322]
[TopoTrace Step 0] v0:G1[0.372,0.555,0.073] | v1:G0[0.539,0.230,0.230] | v2:G2[0.275,0.226,0.499] | v3:G2[0.076,0.308,0.617] | v4:G1[0.078,0.600,0.322]
[TopoTrace Step 0] v0:G1[0.372,0.555,0.073] | v1:G0[0.539,0.230,0.230] | v2:G2[0.275,0.226,0.499] | v3:G2[0.076,0.308,0.617] | v4:G1[0.078,0.600,0.322]
[TopoTrace Step 0] v0:G1[0.372,0.555,0.073] | v1:G0[0.539,0.230,0.230] | v2:G2[0.275,0.226,0.499] | v3:G2[0.076,0.308,0.617] | v4:G1[0.078,0.600,0.322]
[TopoTrace Step 0] v0:G1[0.372,0.555,0.073] | v1:G0[0.539,0.230,0.230] | v2:G2[0.275,0.226,0.499] | v3:G2[0.076,0.308,0.617] | v4:G1[0.078,0.600,0.322]
[TopoTrace Step 0] v0:G1[0.372,0.555,0.073] | v1:G0[0.539,0.230,0.230] | v2:G2[0.275,0.226,0.499] | v3:G2[0.076,0.308,0.617] | v4:G1[0.078,0.600,0.322][TopoTrace Step 0] v0:G1[0.372,0.555,0.073] | v1:G0[0.539,0.230,0.230] | v2:G2[0.275,0.226,0.499] | v3:G2[0.076,0.308,0.617] | v4:G1[0.078,0.600,0.322]

[TopoTrace Step 0] v0:G1[0.372,0.555,0.073] | v1:G0[0.539,0.230,0.230] | v2:G2[0.275,0.226,0.499] | v3:G2[0.076,0.308,0.617] | v4:G1[0.078,0.600,0.322]
[TopoTrace Step 0] v0:G1[0.372,0.555,0.073] | v1:G0[0.539,0.230,0.230] | v2:G2[0.275,0.226,0.499] | v3:G2[0.076,0.308,0.617] | v4:G1[0.078,0.600,0.322]
[TopoTrace Step 0] v0:G1[0.372,0.555,0.073] | v1:G0[0.539,0.230,0.230] | v2:G2[0.275,0.226,0.499] | v3:G2[0.076,0.308,0.617] | v4:G1[0.078,0.600,0.322]
[TopoTrace Step 0] v0:G1[0.372,0.555,0.073] | v1:G0[0.539,0.230,0.230] | v2:G2[0.275,0.226,0.499] | v3:G2[0.076,0.308,0.617] | v4:G1[0.078,0.600,0.322]
[TopoTrace Step 0] v0:G1[0.372,0.555,0.073] | v1:G0[0.539,0.230,0.230] | v2:G2[0.275,0.226,0.499] | v3:G2[0.076,0.308,0.617] | v4:G1[0.078,0.600,0.322]
[TopoTrace Step 0] v0:G1[0.372,0.555,0.073] | v1:G0[0.539,0.230,0.230] | v2:G2[0.275,0.226,0.499] | v3:G2[0.076,0.308,0.617] | v4:G1[0.078,0.600,0.322]
[TopoTrace Step 0] v0:G1[0.372,0.555,0.073] | v1:G0[0.539,0.230,0.230] | v2:G2[0.275,0.226,0.499] | v3:G2[0.076,0.308,0.617] | v4:G1[0.078,0.600,0.322]
[TopoTrace Step 0] v0:G1[0.372,0.555,0.073] | v1:G0[0.539,0.230,0.230] | v2:G2[0.275,0.226,0.499] | v3:G2[0.076,0.308,0.617] | v4:G1[0.078,0.600,0.322]
[TopoTrace Step 0] v0:G1[0.372,0.555,0.073] | v1:G0[0.539,0.230,0.230] | v2:G2[0.275,0.226,0.499] | v3:G2[0.076,0.308,0.617] | v4:G1[0.078,0.600,0.322]
[TopoTrace Step 0] v0:G1[0.372,0.555,0.073] | v1:G0[0.539,0.230,0.230] | v2:G2[0.275,0.226,0.499] | v3:G2[0.076,0.308,0.617] | v4:G1[0.078,0.600,0.322]
[TopoTrace Step 0] v0:G1[0.372,0.555,0.073] | v1:G0[0.539,0.230,0.230] | v2:G2[0.275,0.226,0.499] | v3:G2[0.076,0.308,0.617] | v4:G1[0.078,0.600,0.322]
[TopoTrace Step 0] v0:G1[0.372,0.555,0.073] | v1:G0[0.539,0.230,0.230] | v2:G2[0.275,0.226,0.499] | v3:G2[0.076,0.308,0.617] | v4:G1[0.078,0.600,0.322]
[TopoTrace Step 0] v0:G1[0.372,0.555,0.073] | v1:G0[0.539,0.230,0.230] | v2:G2[0.275,0.226,0.499] | v3:G2[0.076,0.308,0.617] | v4:G1[0.078,0.600,0.322][TopoTrace Step 0] v0:G1[0.372,0.555,0.073] | v1:G0[0.539,0.230,0.230] | v2:G2[0.275,0.226,0.499] | v3:G2[0.076,0.308,0.617] | v4:G1[0.078,0.600,0.322]

[TopoTrace Step 0] v0:G1[0.372,0.555,0.073] | v1:G0[0.539,0.230,0.230] | v2:G2[0.275,0.226,0.499] | v3:G2[0.076,0.308,0.617] | v4:G1[0.078,0.600,0.322]
[TopoTrace Step 0] v0:G1[0.372,0.555,0.073] | v1:G0[0.539,0.230,0.230] | v2:G2[0.275,0.226,0.499] | v3:G2[0.076,0.308,0.617] | v4:G1[0.078,0.600,0.322]
[TopoTrace Step 0] v0:G1[0.372,0.555,0.073] | v1:G0[0.539,0.230,0.230] | v2:G2[0.275,0.226,0.499] | v3:G2[0.076,0.308,0.617] | v4:G1[0.078,0.600,0.322]
[TopoTrace Step 0] v0:G1[0.372,0.555,0.073] | v1:G0[0.539,0.230,0.230] | v2:G2[0.275,0.226,0.499] | v3:G2[0.076,0.308,0.617] | v4:G1[0.078,0.600,0.322]
[TopoTrace Step 0] v0:G1[0.372,0.555,0.073] | v1:G0[0.539,0.230,0.230] | v2:G2[0.275,0.226,0.499] | v3:G2[0.076,0.308,0.617] | v4:G1[0.078,0.600,0.322]
[TopoTrace Step 0] v0:G1[0.372,0.555,0.073] | v1:G0[0.539,0.230,0.230] | v2:G2[0.275,0.226,0.499] | v3:G2[0.076,0.308,0.617] | v4:G1[0.078,0.600,0.322]
[TopoTrace Step 0] v0:G1[0.372,0.555,0.073] | v1:G0[0.539,0.230,0.230] | v2:G2[0.275,0.226,0.499] | v3:G2[0.076,0.308,0.617] | v4:G1[0.078,0.600,0.322]
[TopoTrace Step 0] v0:G1[0.372,0.555,0.073] | v1:G0[0.539,0.230,0.230] | v2:G2[0.275,0.226,0.499] | v3:G2[0.076,0.308,0.617] | v4:G1[0.078,0.600,0.322]
[TopoTrace Step 0] v0:G1[0.372,0.555,0.073] | v1:G0[0.539,0.230,0.230] | v2:G2[0.275,0.226,0.499] | v3:G2[0.076,0.308,0.617] | v4:G1[0.078,0.600,0.322]
[TopoTrace Step 0] v0:G1[0.372,0.555,0.073] | v1:G0[0.539,0.230,0.230] | v2:G2[0.275,0.226,0.499] | v3:G2[0.076,0.308,0.617] | v4:G1[0.078,0.600,0.322]
[TopoTrace Step 0] v0:G1[0.372,0.555,0.073] | v1:G0[0.539,0.230,0.230] | v2:G2[0.275,0.226,0.499] | v3:G2[0.076,0.308,0.617] | v4:G1[0.078,0.600,0.322]
[TopoTrace Step 0] v0:G1[0.372,0.555,0.073] | v1:G0[0.539,0.230,0.230] | v2:G2[0.275,0.226,0.499] | v3:G2[0.076,0.308,0.617] | v4:G1[0.078,0.600,0.322]
[TopoTrace Step 0] v0:G1[0.372,0.555,0.073] | v1:G0[0.539,0.230,0.230] | v2:G2[0.275,0.226,0.499] | v3:G2[0.076,0.308,0.617] | v4:G1[0.078,0.600,0.322]
[TopoTrace Step 0] v0:G1[0.372,0.555,0.073] | v1:G0[0.539,0.230,0.230] | v2:G2[0.275,0.226,0.499] | v3:G2[0.076,0.308,0.617] | v4:G1[0.078,0.600,0.322]
[TopoTrace Step 0] v0:G1[0.372,0.555,0.073] | v1:G0[0.539,0.230,0.230] | v2:G2[0.275,0.226,0.499] | v3:G2[0.076,0.308,0.617] | v4:G1[0.078,0.600,0.322]
[TopoTrace Step 0] v0:G1[0.372,0.555,0.073] | v1:G0[0.539,0.230,0.230] | v2:G2[0.275,0.226,0.499] | v3:G2[0.076,0.308,0.617] | v4:G1[0.078,0.600,0.322]
[TopoTrace Step 0] v0:G1[0.372,0.555,0.073] | v1:G0[0.539,0.230,0.230] | v2:G2[0.275,0.226,0.499] | v3:G2[0.076,0.308,0.617] | v4:G1[0.078,0.600,0.322]
[TopoTrace Step 0] v0:G1[0.372,0.555,0.073] | v1:G0[0.539,0.230,0.230] | v2:G2[0.275,0.226,0.499] | v3:G2[0.076,0.308,0.617] | v4:G1[0.078,0.600,0.322]
[TopoTrace Step 0] v0:G1[0.372,0.555,0.073] | v1:G0[0.539,0.230,0.230] | v2:G2[0.275,0.226,0.499] | v3:G2[0.076,0.308,0.617] | v4:G1[0.078,0.600,0.322]
[TopoTrace Step 0] v0:G1[0.372,0.555,0.073] | v1:G0[0.539,0.230,0.230] | v2:G2[0.275,0.226,0.499] | v3:G2[0.076,0.308,0.617] | v4:G1[0.078,0.600,0.322]
[TopoTrace Step 0] v0:G1[0.372,0.555,0.073] | v1:G0[0.539,0.230,0.230] | v2:G2[0.275,0.226,0.499] | v3:G2[0.076,0.308,0.617] | v4:G1[0.078,0.600,0.322]
[TopoTrace Step 0] v0:G1[0.372,0.555,0.073] | v1:G0[0.539,0.230,0.230] | v2:G2[0.275,0.226,0.499] | v3:G2[0.076,0.308,0.617] | v4:G1[0.078,0.600,0.322]
[TopoTrace Step 0] v0:G1[0.372,0.555,0.073] | v1:G0[0.539,0.230,0.230] | v2:G2[0.275,0.226,0.499] | v3:G2[0.076,0.308,0.617] | v4:G1[0.078,0.600,0.322]
[TopoTrace Step 0] v0:G1[0.372,0.555,0.073] | v1:G0[0.539,0.230,0.230] | v2:G2[0.275,0.226,0.499] | v3:G2[0.076,0.308,0.617] | v4:G1[0.078,0.600,0.322]
[TopoTrace Step 0] v0:G1[0.372,0.555,0.073] | v1:G0[0.539,0.230,0.230] | v2:G2[0.275,0.226,0.499] | v3:G2[0.076,0.308,0.617] | v4:G1[0.078,0.600,0.322]
[TopoTrace Step 0] v0:G1[0.372,0.555,0.073] | v1:G0[0.539,0.230,0.230] | v2:G2[0.275,0.226,0.499] | v3:G2[0.076,0.308,0.617] | v4:G1[0.078,0.600,0.322]
[TopoTrace Step 0] v0:G1[0.372,0.555,0.073] | v1:G0[0.539,0.230,0.230] | v2:G2[0.275,0.226,0.499] | v3:G2[0.076,0.308,0.617] | v4:G1[0.078,0.600,0.322]
[TopoTrace Step 0] v0:G1[0.372,0.555,0.073] | v1:G0[0.539,0.230,0.230] | v2:G2[0.275,0.226,0.499] | v3:G2[0.076,0.308,0.617] | v4:G1[0.078,0.600,0.322]
[TopoTrace Step 0] v0:G1[0.372,0.555,0.073] | v1:G0[0.539,0.230,0.230] | v2:G2[0.275,0.226,0.499] | v3:G2[0.076,0.308,0.617] | v4:G1[0.078,0.600,0.322]
[TopoTrace Step 0] v0:G1[0.372,0.555,0.073] | v1:G0[0.539,0.230,0.230] | v2:G2[0.275,0.226,0.499] | v3:G2[0.076,0.308,0.617] | v4:G1[0.078,0.600,0.322]
[TopoTrace Step 0] v0:G1[0.372,0.555,0.073] | v1:G0[0.539,0.230,0.230] | v2:G2[0.275,0.226,0.499] | v3:G2[0.076,0.308,0.617] | v4:G1[0.078,0.600,0.322]
[TopoTrace Step 0] v0:G1[0.372,0.555,0.073] | v1:G0[0.539,0.230,0.230] | v2:G2[0.275,0.226,0.499] | v3:G2[0.076,0.308,0.617] | v4:G1[0.078,0.600,0.322]
[TopoTrace Step 0] v0:G1[0.372,0.555,0.073] | v1:G0[0.539,0.230,0.230] | v2:G2[0.275,0.226,0.499] | v3:G2[0.076,0.308,0.617] | v4:G1[0.078,0.600,0.322][TopoTrace Step 0] v0:G1[0.372,0.555,0.073] | v1:G0[0.539,0.230,0.230] | v2:G2[0.275,0.226,0.499] | v3:G2[0.076,0.308,0.617] | v4:G1[0.078,0.600,0.322]

[TopoTrace Step 0] v0:G1[0.372,0.555,0.073] | v1:G0[0.539,0.230,0.230] | v2:G2[0.275,0.226,0.499] | v3:G2[0.076,0.308,0.617] | v4:G1[0.078,0.600,0.322]
[TopoTrace Step 0] v0:G1[0.372,0.555,0.073] | v1:G0[0.539,0.230,0.230] | v2:G2[0.275,0.226,0.499] | v3:G2[0.076,0.308,0.617] | v4:G1[0.078,0.600,0.322]
[TopoTrace Step 0] v0:G1[0.372,0.555,0.073] | v1:G0[0.539,0.230,0.230] | v2:G2[0.275,0.226,0.499] | v3:G2[0.076,0.308,0.617] | v4:G1[0.078,0.600,0.322]
[TopoTrace Step 0] v0:G1[0.372,0.555,0.073] | v1:G0[0.539,0.230,0.230] | v2:G2[0.275,0.226,0.499] | v3:G2[0.076,0.308,0.617] | v4:G1[0.078,0.600,0.322]
[TopoTrace Step 0] v0:G1[0.372,0.555,0.073] | v1:G0[0.539,0.230,0.230] | v2:G2[0.275,0.226,0.499] | v3:G2[0.076,0.308,0.617] | v4:G1[0.078,0.600,0.322]
[TopoTrace Step 0] v0:G1[0.372,0.555,0.073] | v1:G0[0.539,0.230,0.230] | v2:G2[0.275,0.226,0.499] | v3:G2[0.076,0.308,0.617] | v4:G1[0.078,0.600,0.322]
[TopoTrace Step 0] v0:G1[0.372,0.555,0.073] | v1:G0[0.539,0.230,0.230] | v2:G2[0.275,0.226,0.499] | v3:G2[0.076,0.308,0.617] | v4:G1[0.078,0.600,0.322]
[TopoTrace Step 0] v0:G1[0.372,0.555,0.073] | v1:G0[0.539,0.230,0.230] | v2:G2[0.275,0.226,0.499] | v3:G2[0.076,0.308,0.617] | v4:G1[0.078,0.600,0.322]
[TopoTrace Step 0] v0:G1[0.372,0.555,0.073] | v1:G0[0.539,0.230,0.230] | v2:G2[0.275,0.226,0.499] | v3:G2[0.076,0.308,0.617] | v4:G1[0.078,0.600,0.322]
[TopoTrace Step 0] v0:G1[0.372,0.555,0.073] | v1:G0[0.539,0.230,0.230] | v2:G2[0.275,0.226,0.499] | v3:G2[0.076,0.308,0.617] | v4:G1[0.078,0.600,0.322]
[TopoTrace Step 0] v0:G1[0.372,0.555,0.073] | v1:G0[0.539,0.230,0.230] | v2:G2[0.275,0.226,0.499] | v3:G2[0.076,0.308,0.617] | v4:G1[0.078,0.600,0.322]
[TopoTrace Step 0] v0:G1[0.372,0.555,0.073] | v1:G0[0.539,0.230,0.230] | v2:G2[0.275,0.226,0.499] | v3:G2[0.076,0.308,0.617] | v4:G1[0.078,0.600,0.322]
[TopoTrace Step 0] v0:G1[0.372,0.555,0.073] | v1:G0[0.539,0.230,0.230] | v2:G2[0.275,0.226,0.499] | v3:G2[0.076,0.308,0.617] | v4:G1[0.078,0.600,0.322]
[TopoTrace Step 0] v0:G1[0.372,0.555,0.073] | v1:G0[0.539,0.230,0.230] | v2:G2[0.275,0.226,0.499] | v3:G2[0.076,0.308,0.617] | v4:G1[0.078,0.600,0.322]
[TopoTrace Step 0] v0:G1[0.372,0.555,0.073] | v1:G0[0.539,0.230,0.230] | v2:G2[0.275,0.226,0.499] | v3:G2[0.076,0.308,0.617] | v4:G1[0.078,0.600,0.322]
[TopoTrace Step 0] v0:G1[0.372,0.555,0.073] | v1:G0[0.539,0.230,0.230] | v2:G2[0.275,0.226,0.499] | v3:G2[0.076,0.308,0.617] | v4:G1[0.078,0.600,0.322]
[TopoTrace Step 0] v0:G1[0.372,0.555,0.073] | v1:G0[0.539,0.230,0.230] | v2:G2[0.275,0.226,0.499] | v3:G2[0.076,0.308,0.617] | v4:G1[0.078,0.600,0.322]
[TopoTrace Step 0] v0:G1[0.372,0.555,0.073] | v1:G0[0.539,0.230,0.230] | v2:G2[0.275,0.226,0.499] | v3:G2[0.076,0.308,0.617] | v4:G1[0.078,0.600,0.322]
[TopoTrace Step 0] v0:G1[0.372,0.555,0.073] | v1:G0[0.539,0.230,0.230] | v2:G2[0.275,0.226,0.499] | v3:G2[0.076,0.308,0.617] | v4:G1[0.078,0.600,0.322]
[TopoTrace Step 0] v0:G1[0.372,0.555,0.073] | v1:G0[0.539,0.230,0.230] | v2:G2[0.275,0.226,0.499] | v3:G2[0.076,0.308,0.617] | v4:G1[0.078,0.600,0.322]
[TopoTrace Step 0] v0:G1[0.372,0.555,0.073] | v1:G0[0.539,0.230,0.230] | v2:G2[0.275,0.226,0.499] | v3:G2[0.076,0.308,0.617] | v4:G1[0.078,0.600,0.322]
[TopoTrace Step 0] v0:G1[0.372,0.555,0.073] | v1:G0[0.539,0.230,0.230] | v2:G2[0.275,0.226,0.499] | v3:G2[0.076,0.308,0.617] | v4:G1[0.078,0.600,0.322]
[TopoTrace Step 0] v0:G1[0.372,0.555,0.073] | v1:G0[0.539,0.230,0.230] | v2:G2[0.275,0.226,0.499] | v3:G2[0.076,0.308,0.617] | v4:G1[0.078,0.600,0.322]
[TopoTrace Step 0] v0:G1[0.372,0.555,0.073] | v1:G0[0.539,0.230,0.230] | v2:G2[0.275,0.226,0.499] | v3:G2[0.076,0.308,0.617] | v4:G1[0.078,0.600,0.322]
[TopoTrace Step 0] v0:G1[0.372,0.555,0.073] | v1:G0[0.539,0.230,0.230] | v2:G2[0.275,0.226,0.499] | v3:G2[0.076,0.308,0.617] | v4:G1[0.078,0.600,0.322]
[TopoTrace Step 0] v0:G1[0.372,0.555,0.073] | v1:G0[0.539,0.230,0.230] | v2:G2[0.275,0.226,0.499] | v3:G2[0.076,0.308,0.617] | v4:G1[0.078,0.600,0.322]
[TopoTrace Step 0] v0:G1[0.372,0.555,0.073] | v1:G0[0.539,0.230,0.230] | v2:G2[0.275,0.226,0.499] | v3:G2[0.076,0.308,0.617] | v4:G1[0.078,0.600,0.322]
[TopoTrace Step 0] v0:G1[0.372,0.555,0.073] | v1:G0[0.539,0.230,0.230] | v2:G2[0.275,0.226,0.499] | v3:G2[0.076,0.308,0.617] | v4:G1[0.078,0.600,0.322]
[TopoTrace Step 0] v0:G1[0.372,0.555,0.073] | v1:G0[0.539,0.230,0.230] | v2:G2[0.275,0.226,0.499] | v3:G2[0.076,0.308,0.617] | v4:G1[0.078,0.600,0.322]
[TopoTrace Step 0] v0:G1[0.372,0.555,0.073] | v1:G0[0.539,0.230,0.230] | v2:G2[0.275,0.226,0.499] | v3:G2[0.076,0.308,0.617] | v4:G1[0.078,0.600,0.322]
[TopoTrace Step 0] v0:G1[0.372,0.555,0.073] | v1:G0[0.539,0.230,0.230] | v2:G2[0.275,0.226,0.499] | v3:G2[0.076,0.308,0.617] | v4:G1[0.078,0.600,0.322]
[TopoTrace Step 0] v0:G1[0.372,0.555,0.073] | v1:G0[0.539,0.230,0.230] | v2:G2[0.275,0.226,0.499] | v3:G2[0.076,0.308,0.617] | v4:G1[0.078,0.600,0.322]
[TopoTrace Step 0] v0:G1[0.372,0.555,0.073] | v1:G0[0.539,0.230,0.230] | v2:G2[0.275,0.226,0.499] | v3:G2[0.076,0.308,0.617] | v4:G1[0.078,0.600,0.322]
[TopoTrace Step 0] v0:G1[0.372,0.555,0.073] | v1:G0[0.539,0.230,0.230] | v2:G2[0.275,0.226,0.499] | v3:G2[0.076,0.308,0.617] | v4:G1[0.078,0.600,0.322]
[TopoTrace Step 0] v0:G1[0.372,0.555,0.073] | v1:G0[0.539,0.230,0.230] | v2:G2[0.275,0.226,0.499] | v3:G2[0.076,0.308,0.617] | v4:G1[0.078,0.600,0.322]
[TopoTrace Step 0] v0:G1[0.372,0.555,0.073] | v1:G0[0.539,0.230,0.230] | v2:G2[0.275,0.226,0.499] | v3:G2[0.076,0.308,0.617] | v4:G1[0.078,0.600,0.322]
[TopoTrace Step 0] v0:G1[0.372,0.555,0.073] | v1:G0[0.539,0.230,0.230] | v2:G2[0.275,0.226,0.499] | v3:G2[0.076,0.308,0.617] | v4:G1[0.078,0.600,0.322]
[TopoTrace Step 0] v0:G1[0.372,0.555,0.073] | v1:G0[0.539,0.230,0.230] | v2:G2[0.275,0.226,0.499] | v3:G2[0.076,0.308,0.617] | v4:G1[0.078,0.600,0.322]
[TopoTrace Step 0] v0:G1[0.372,0.555,0.073] | v1:G0[0.539,0.230,0.230] | v2:G2[0.275,0.226,0.499] | v3:G2[0.076,0.308,0.617] | v4:G1[0.078,0.600,0.322]
[TopoTrace Step 0] v0:G1[0.372,0.555,0.073] | v1:G0[0.539,0.230,0.230] | v2:G2[0.275,0.226,0.499] | v3:G2[0.076,0.308,0.617] | v4:G1[0.078,0.600,0.322]
[TopoTrace Step 0] v0:G1[0.372,0.555,0.073] | v1:G0[0.539,0.230,0.230] | v2:G2[0.275,0.226,0.499] | v3:G2[0.076,0.308,0.617] | v4:G1[0.078,0.600,0.322]
[TopoTrace Step 0] v0:G1[0.372,0.555,0.073] | v1:G0[0.539,0.230,0.230] | v2:G2[0.275,0.226,0.499] | v3:G2[0.076,0.308,0.617] | v4:G1[0.078,0.600,0.322]
[TopoTrace Step 0] v0:G1[0.372,0.555,0.073] | v1:G0[0.539,0.230,0.230] | v2:G2[0.275,0.226,0.499] | v3:G2[0.076,0.308,0.617] | v4:G1[0.078,0.600,0.322][TopoTrace Step 0] v0:G1[0.372,0.555,0.073] | v1:G0[0.539,0.230,0.230] | v2:G2[0.275,0.226,0.499] | v3:G2[0.076,0.308,0.617] | v4:G1[0.078,0.600,0.322]

[TopoTrace Step 0] v0:G1[0.372,0.555,0.073] | v1:G0[0.539,0.230,0.230] | v2:G2[0.275,0.226,0.499] | v3:G2[0.076,0.308,0.617] | v4:G1[0.078,0.600,0.322]
[TopoTrace Step 0] v0:G1[0.372,0.555,0.073] | v1:G0[0.539,0.230,0.230] | v2:G2[0.275,0.226,0.499] | v3:G2[0.076,0.308,0.617] | v4:G1[0.078,0.600,0.322]
[TopoTrace Step 0] v0:G1[0.372,0.555,0.073] | v1:G0[0.539,0.230,0.230] | v2:G2[0.275,0.226,0.499] | v3:G2[0.076,0.308,0.617] | v4:G1[0.078,0.600,0.322][TopoTrace Step 0] v0:G1[0.372,0.555,0.073] | v1:G0[0.539,0.230,0.230] | v2:G2[0.275,0.226,0.499] | v3:G2[0.076,0.308,0.617] | v4:G1[0.078,0.600,0.322]

[TopoTrace Step 0] v0:G1[0.372,0.555,0.073] | v1:G0[0.539,0.230,0.230] | v2:G2[0.275,0.226,0.499] | v3:G2[0.076,0.308,0.617] | v4:G1[0.078,0.600,0.322][TopoTrace Step 0] v0:G1[0.372,0.555,0.073] | v1:G0[0.539,0.230,0.230] | v2:G2[0.275,0.226,0.499] | v3:G2[0.076,0.308,0.617] | v4:G1[0.078,0.600,0.322]

[TopoTrace Step 0] v0:G1[0.372,0.555,0.073] | v1:G0[0.539,0.230,0.230] | v2:G2[0.275,0.226,0.499] | v3:G2[0.076,0.308,0.617] | v4:G1[0.078,0.600,0.322]
[TopoTrace Step 0] v0:G1[0.372,0.555,0.073] | v1:G0[0.539,0.230,0.230] | v2:G2[0.275,0.226,0.499] | v3:G2[0.076,0.308,0.617] | v4:G1[0.078,0.600,0.322]
[TopoTrace Step 0] v0:G1[0.372,0.555,0.073] | v1:G0[0.539,0.230,0.230] | v2:G2[0.275,0.226,0.499] | v3:G2[0.076,0.308,0.617] | v4:G1[0.078,0.600,0.322]
[TopoTrace Step 0] v0:G1[0.372,0.555,0.073] | v1:G0[0.539,0.230,0.230] | v2:G2[0.275,0.226,0.499] | v3:G2[0.076,0.308,0.617] | v4:G1[0.078,0.600,0.322]
[TopoTrace Step 0] v0:G1[0.372,0.555,0.073] | v1:G0[0.539,0.230,0.230] | v2:G2[0.275,0.226,0.499] | v3:G2[0.076,0.308,0.617] | v4:G1[0.078,0.600,0.322]
[TopoTrace Step 0] v0:G1[0.372,0.555,0.073] | v1:G0[0.539,0.230,0.230] | v2:G2[0.275,0.226,0.499] | v3:G2[0.076,0.308,0.617] | v4:G1[0.078,0.600,0.322]
[TopoTrace Step 0] v0:G1[0.372,0.555,0.073] | v1:G0[0.539,0.230,0.230] | v2:G2[0.275,0.226,0.499] | v3:G2[0.076,0.308,0.617] | v4:G1[0.078,0.600,0.322]
[TopoTrace Step 0] v0:G1[0.372,0.555,0.073] | v1:G0[0.539,0.230,0.230] | v2:G2[0.275,0.226,0.499] | v3:G2[0.076,0.308,0.617] | v4:G1[0.078,0.600,0.322]
[TopoTrace Step 0] v0:G1[0.372,0.555,0.073] | v1:G0[0.539,0.230,0.230] | v2:G2[0.275,0.226,0.499] | v3:G2[0.076,0.308,0.617] | v4:G1[0.078,0.600,0.322]
[TopoTrace Step 0] v0:G1[0.372,0.555,0.073] | v1:G0[0.539,0.230,0.230] | v2:G2[0.275,0.226,0.499] | v3:G2[0.076,0.308,0.617] | v4:G1[0.078,0.600,0.322]
[TopoTrace Step 0] v0:G1[0.372,0.555,0.073] | v1:G0[0.539,0.230,0.230] | v2:G2[0.275,0.226,0.499] | v3:G2[0.076,0.308,0.617] | v4:G1[0.078,0.600,0.322]
[TopoTrace Step 0] v0:G1[0.372,0.555,0.073] | v1:G0[0.539,0.230,0.230] | v2:G2[0.275,0.226,0.499] | v3:G2[0.076,0.308,0.617] | v4:G1[0.078,0.600,0.322]
[TopoTrace Step 0] v0:G1[0.372,0.555,0.073] | v1:G0[0.539,0.230,0.230] | v2:G2[0.275,0.226,0.499] | v3:G2[0.076,0.308,0.617] | v4:G1[0.078,0.600,0.322]
[TopoTrace Step 0] v0:G1[0.372,0.555,0.073] | v1:G0[0.539,0.230,0.230] | v2:G2[0.275,0.226,0.499] | v3:G2[0.076,0.308,0.617] | v4:G1[0.078,0.600,0.322]
[TopoTrace Step 0] v0:G1[0.372,0.555,0.073] | v1:G0[0.539,0.230,0.230] | v2:G2[0.275,0.226,0.499] | v3:G2[0.076,0.308,0.617] | v4:G1[0.078,0.600,0.322]
[TopoTrace Step 0] v0:G1[0.372,0.555,0.073] | v1:G0[0.539,0.230,0.230] | v2:G2[0.275,0.226,0.499] | v3:G2[0.076,0.308,0.617] | v4:G1[0.078,0.600,0.322]
[TopoTrace Step 0] v0:G1[0.372,0.555,0.073] | v1:G0[0.539,0.230,0.230] | v2:G2[0.275,0.226,0.499] | v3:G2[0.076,0.308,0.617] | v4:G1[0.078,0.600,0.322]
[TopoTrace Step 0] v0:G1[0.372,0.555,0.073] | v1:G0[0.539,0.230,0.230] | v2:G2[0.275,0.226,0.499] | v3:G2[0.076,0.308,0.617] | v4:G1[0.078,0.600,0.322]
[TopoTrace Step 0] v0:G1[0.372,0.555,0.073] | v1:G0[0.539,0.230,0.230] | v2:G2[0.275,0.226,0.499] | v3:G2[0.076,0.308,0.617] | v4:G1[0.078,0.600,0.322]
[TopoTrace Step 0] v0:G1[0.372,0.555,0.073] | v1:G0[0.539,0.230,0.230] | v2:G2[0.275,0.226,0.499] | v3:G2[0.076,0.308,0.617] | v4:G1[0.078,0.600,0.322]
[TopoTrace Step 0] v0:G1[0.372,0.555,0.073] | v1:G0[0.539,0.230,0.230] | v2:G2[0.275,0.226,0.499] | v3:G2[0.076,0.308,0.617] | v4:G1[0.078,0.600,0.322]
[TopoTrace Step 0] v0:G1[0.372,0.555,0.073] | v1:G0[0.539,0.230,0.230] | v2:G2[0.275,0.226,0.499] | v3:G2[0.076,0.308,0.617] | v4:G1[0.078,0.600,0.322]
[TopoTrace Step 0] v0:G1[0.372,0.555,0.073] | v1:G0[0.539,0.230,0.230] | v2:G2[0.275,0.226,0.499] | v3:G2[0.076,0.308,0.617] | v4:G1[0.078,0.600,0.322]
[TopoTrace Step 0] v0:G1[0.372,0.555,0.073] | v1:G0[0.539,0.230,0.230] | v2:G2[0.275,0.226,0.499] | v3:G2[0.076,0.308,0.617] | v4:G1[0.078,0.600,0.322]
[TopoTrace Step 0] v0:G1[0.372,0.555,0.073] | v1:G0[0.539,0.230,0.230] | v2:G2[0.275,0.226,0.499] | v3:G2[0.076,0.308,0.617] | v4:G1[0.078,0.600,0.322]
[TopoTrace Step 0] v0:G1[0.372,0.555,0.073] | v1:G0[0.539,0.230,0.230] | v2:G2[0.275,0.226,0.499] | v3:G2[0.076,0.308,0.617] | v4:G1[0.078,0.600,0.322]
[TopoTrace Step 0] v0:G1[0.372,0.555,0.073] | v1:G0[0.539,0.230,0.230] | v2:G2[0.275,0.226,0.499] | v3:G2[0.076,0.308,0.617] | v4:G1[0.078,0.600,0.322]
[TopoTrace Step 0] v0:G1[0.372,0.555,0.073] | v1:G0[0.539,0.230,0.230] | v2:G2[0.275,0.226,0.499] | v3:G2[0.076,0.308,0.617] | v4:G1[0.078,0.600,0.322]
[TopoTrace Step 0] v0:G1[0.372,0.555,0.073] | v1:G0[0.539,0.230,0.230] | v2:G2[0.275,0.226,0.499] | v3:G2[0.076,0.308,0.617] | v4:G1[0.078,0.600,0.322]
[TopoTrace Step 0] v0:G1[0.372,0.555,0.073] | v1:G0[0.539,0.230,0.230] | v2:G2[0.275,0.226,0.499] | v3:G2[0.076,0.308,0.617] | v4:G1[0.078,0.600,0.322]
[TopoTrace Step 0] v0:G1[0.372,0.555,0.073] | v1:G0[0.539,0.230,0.230] | v2:G2[0.275,0.226,0.499] | v3:G2[0.076,0.308,0.617] | v4:G1[0.078,0.600,0.322]
[TopoTrace Step 0] v0:G1[0.372,0.555,0.073] | v1:G0[0.539,0.230,0.230] | v2:G2[0.275,0.226,0.499] | v3:G2[0.076,0.308,0.617] | v4:G1[0.078,0.600,0.322]
[TopoTrace Step 0] v0:G1[0.372,0.555,0.073] | v1:G0[0.539,0.230,0.230] | v2:G2[0.275,0.226,0.499] | v3:G2[0.076,0.308,0.617] | v4:G1[0.078,0.600,0.322]
[TopoTrace Step 0] v0:G1[0.372,0.555,0.073] | v1:G0[0.539,0.230,0.230] | v2:G2[0.275,0.226,0.499] | v3:G2[0.076,0.308,0.617] | v4:G1[0.078,0.600,0.322]
[TopoTrace Step 0] v0:G1[0.372,0.555,0.073] | v1:G0[0.539,0.230,0.230] | v2:G2[0.275,0.226,0.499] | v3:G2[0.076,0.308,0.617] | v4:G1[0.078,0.600,0.322]
[TopoTrace Step 0] v0:G1[0.372,0.555,0.073] | v1:G0[0.539,0.230,0.230] | v2:G2[0.275,0.226,0.499] | v3:G2[0.076,0.308,0.617] | v4:G1[0.078,0.600,0.322]
[TopoTrace Step 0] v0:G1[0.372,0.555,0.073] | v1:G0[0.539,0.230,0.230] | v2:G2[0.275,0.226,0.499] | v3:G2[0.076,0.308,0.617] | v4:G1[0.078,0.600,0.322]
[TopoTrace Step 0] v0:G1[0.372,0.555,0.073] | v1:G0[0.539,0.230,0.230] | v2:G2[0.275,0.226,0.499] | v3:G2[0.076,0.308,0.617] | v4:G1[0.078,0.600,0.322]
[TopoTrace Step 0] v0:G1[0.372,0.555,0.073] | v1:G0[0.539,0.230,0.230] | v2:G2[0.275,0.226,0.499] | v3:G2[0.076,0.308,0.617] | v4:G1[0.078,0.600,0.322]
[TopoTrace Step 0] v0:G1[0.372,0.555,0.073] | v1:G0[0.539,0.230,0.230] | v2:G2[0.275,0.226,0.499] | v3:G2[0.076,0.308,0.617] | v4:G1[0.078,0.600,0.322]
[TopoTrace Step 0] v0:G1[0.372,0.555,0.073] | v1:G0[0.539,0.230,0.230] | v2:G2[0.275,0.226,0.499] | v3:G2[0.076,0.308,0.617] | v4:G1[0.078,0.600,0.322]
[TopoTrace Step 0] v0:G1[0.372,0.555,0.073] | v1:G0[0.539,0.230,0.230] | v2:G2[0.275,0.226,0.499] | v3:G2[0.076,0.308,0.617] | v4:G1[0.078,0.600,0.322]
[TopoTrace Step 0] v0:G1[0.372,0.555,0.073] | v1:G0[0.539,0.230,0.230] | v2:G2[0.275,0.226,0.499] | v3:G2[0.076,0.308,0.617] | v4:G1[0.078,0.600,0.322]
[TopoTrace Step 0] v0:G1[0.372,0.555,0.073] | v1:G0[0.539,0.230,0.230] | v2:G2[0.275,0.226,0.499] | v3:G2[0.076,0.308,0.617] | v4:G1[0.078,0.600,0.322]
[TopoTrace Step 0] v0:G1[0.372,0.555,0.073] | v1:G0[0.539,0.230,0.230] | v2:G2[0.275,0.226,0.499] | v3:G2[0.076,0.308,0.617] | v4:G1[0.078,0.600,0.322]
[TopoTrace Step 0] v0:G1[0.372,0.555,0.073] | v1:G0[0.539,0.230,0.230] | v2:G2[0.275,0.226,0.499] | v3:G2[0.076,0.308,0.617] | v4:G1[0.078,0.600,0.322]
[TopoTrace Step 0] v0:G1[0.372,0.555,0.073] | v1:G0[0.539,0.230,0.230] | v2:G2[0.275,0.226,0.499] | v3:G2[0.076,0.308,0.617] | v4:G1[0.078,0.600,0.322]
[TopoTrace Step 0] v0:G1[0.372,0.555,0.073] | v1:G0[0.539,0.230,0.230] | v2:G2[0.275,0.226,0.499] | v3:G2[0.076,0.308,0.617] | v4:G1[0.078,0.600,0.322]
[TopoTrace Step 0] v0:G1[0.372,0.555,0.073] | v1:G0[0.539,0.230,0.230] | v2:G2[0.275,0.226,0.499] | v3:G2[0.076,0.308,0.617] | v4:G1[0.078,0.600,0.322]
[TopoTrace Step 0] v0:G1[0.372,0.555,0.073] | v1:G0[0.539,0.230,0.230] | v2:G2[0.275,0.226,0.499] | v3:G2[0.076,0.308,0.617] | v4:G1[0.078,0.600,0.322]
	iters: 200, epoch: 7 | loss: 0.2691962
	speed: 0.1952s/iter; left time: 190.7365s
[TopoTrace Step 0] v0:G1[0.372,0.555,0.073] | v1:G0[0.539,0.230,0.230] | v2:G2[0.275,0.226,0.499] | v3:G2[0.076,0.308,0.617] | v4:G1[0.078,0.600,0.322]
[TopoTrace Step 0] v0:G1[0.372,0.555,0.073] | v1:G0[0.539,0.230,0.230] | v2:G2[0.275,0.226,0.499] | v3:G2[0.076,0.308,0.617] | v4:G1[0.078,0.600,0.322]
[TopoTrace Step 0] v0:G1[0.372,0.555,0.073] | v1:G0[0.539,0.230,0.230] | v2:G2[0.275,0.226,0.499] | v3:G2[0.076,0.308,0.617] | v4:G1[0.078,0.600,0.322]
[TopoTrace Step 0] v0:G1[0.372,0.555,0.073] | v1:G0[0.539,0.230,0.230] | v2:G2[0.275,0.226,0.499] | v3:G2[0.076,0.308,0.617] | v4:G1[0.078,0.600,0.322]
[TopoTrace Step 0] v0:G1[0.372,0.555,0.073] | v1:G0[0.539,0.230,0.230] | v2:G2[0.275,0.226,0.499] | v3:G2[0.076,0.308,0.617] | v4:G1[0.078,0.600,0.322]
[TopoTrace Step 0] v0:G1[0.372,0.555,0.073] | v1:G0[0.539,0.230,0.230] | v2:G2[0.275,0.226,0.499] | v3:G2[0.076,0.308,0.617] | v4:G1[0.078,0.600,0.322]
[TopoTrace Step 0] v0:G1[0.372,0.555,0.073] | v1:G0[0.539,0.230,0.230] | v2:G2[0.275,0.226,0.499] | v3:G2[0.076,0.308,0.617] | v4:G1[0.078,0.600,0.322]
[TopoTrace Step 0] v0:G1[0.372,0.555,0.073] | v1:G0[0.539,0.230,0.230] | v2:G2[0.275,0.226,0.499] | v3:G2[0.076,0.308,0.617] | v4:G1[0.078,0.600,0.322]
[TopoTrace Step 0] v0:G1[0.372,0.555,0.073] | v1:G0[0.539,0.230,0.230] | v2:G2[0.275,0.226,0.499] | v3:G2[0.076,0.308,0.617] | v4:G1[0.078,0.600,0.322]
[TopoTrace Step 0] v0:G1[0.372,0.555,0.073] | v1:G0[0.539,0.230,0.230] | v2:G2[0.275,0.226,0.499] | v3:G2[0.076,0.308,0.617] | v4:G1[0.078,0.600,0.322]
[TopoTrace Step 0] v0:G1[0.372,0.555,0.073] | v1:G0[0.539,0.230,0.230] | v2:G2[0.275,0.226,0.499] | v3:G2[0.076,0.308,0.617] | v4:G1[0.078,0.600,0.322]
[TopoTrace Step 0] v0:G1[0.372,0.555,0.073] | v1:G0[0.539,0.230,0.230] | v2:G2[0.275,0.226,0.499] | v3:G2[0.076,0.308,0.617] | v4:G1[0.078,0.600,0.322]
[TopoTrace Step 0] v0:G1[0.372,0.555,0.073] | v1:G0[0.539,0.230,0.230] | v2:G2[0.275,0.226,0.499] | v3:G2[0.076,0.308,0.617] | v4:G1[0.078,0.600,0.322]
[TopoTrace Step 0] v0:G1[0.372,0.555,0.073] | v1:G0[0.539,0.230,0.230] | v2:G2[0.275,0.226,0.499] | v3:G2[0.076,0.308,0.617] | v4:G1[0.078,0.600,0.322]
[TopoTrace Step 0] v0:G1[0.372,0.555,0.073] | v1:G0[0.539,0.230,0.230] | v2:G2[0.275,0.226,0.499] | v3:G2[0.076,0.308,0.617] | v4:G1[0.078,0.600,0.322]
[TopoTrace Step 0] v0:G1[0.372,0.555,0.073] | v1:G0[0.539,0.230,0.230] | v2:G2[0.275,0.226,0.499] | v3:G2[0.076,0.308,0.617] | v4:G1[0.078,0.600,0.322]
[TopoTrace Step 0] v0:G1[0.372,0.555,0.073] | v1:G0[0.539,0.230,0.230] | v2:G2[0.275,0.226,0.499] | v3:G2[0.076,0.308,0.617] | v4:G1[0.078,0.600,0.322]
[TopoTrace Step 0] v0:G1[0.372,0.555,0.073] | v1:G0[0.539,0.230,0.230] | v2:G2[0.275,0.226,0.499] | v3:G2[0.076,0.308,0.617] | v4:G1[0.078,0.600,0.322]
[TopoTrace Step 0] v0:G1[0.372,0.555,0.073] | v1:G0[0.539,0.230,0.230] | v2:G2[0.275,0.226,0.499] | v3:G2[0.076,0.308,0.617] | v4:G1[0.078,0.600,0.322]
[TopoTrace Step 0] v0:G1[0.372,0.555,0.073] | v1:G0[0.539,0.230,0.230] | v2:G2[0.275,0.226,0.499] | v3:G2[0.076,0.308,0.617] | v4:G1[0.078,0.600,0.322]
[TopoTrace Step 0] v0:G1[0.372,0.555,0.073] | v1:G0[0.539,0.230,0.230] | v2:G2[0.275,0.226,0.499] | v3:G2[0.076,0.308,0.617] | v4:G1[0.078,0.600,0.322]
[TopoTrace Step 0] v0:G1[0.372,0.555,0.073] | v1:G0[0.539,0.230,0.230] | v2:G2[0.275,0.226,0.499] | v3:G2[0.076,0.308,0.617] | v4:G1[0.078,0.600,0.322]
[TopoTrace Step 0] v0:G1[0.372,0.555,0.073] | v1:G0[0.539,0.230,0.230] | v2:G2[0.275,0.226,0.499] | v3:G2[0.076,0.308,0.617] | v4:G1[0.078,0.600,0.322]
[TopoTrace Step 0] v0:G1[0.372,0.555,0.073] | v1:G0[0.539,0.230,0.230] | v2:G2[0.275,0.226,0.499] | v3:G2[0.076,0.308,0.617] | v4:G1[0.078,0.600,0.322]
[TopoTrace Step 0] v0:G1[0.372,0.555,0.073] | v1:G0[0.539,0.230,0.230] | v2:G2[0.275,0.226,0.499] | v3:G2[0.076,0.308,0.617] | v4:G1[0.078,0.600,0.322]
[TopoTrace Step 0] v0:G1[0.372,0.555,0.073] | v1:G0[0.539,0.230,0.230] | v2:G2[0.275,0.226,0.499] | v3:G2[0.076,0.308,0.617] | v4:G1[0.078,0.600,0.322]
[TopoTrace Step 0] v0:G1[0.372,0.555,0.073] | v1:G0[0.539,0.230,0.230] | v2:G2[0.275,0.226,0.499] | v3:G2[0.076,0.308,0.617] | v4:G1[0.078,0.600,0.322]
[TopoTrace Step 0] v0:G1[0.372,0.555,0.073] | v1:G0[0.539,0.230,0.230] | v2:G2[0.275,0.226,0.499] | v3:G2[0.076,0.308,0.617] | v4:G1[0.078,0.600,0.322]
[TopoTrace Step 0] v0:G1[0.372,0.555,0.073] | v1:G0[0.539,0.230,0.230] | v2:G2[0.275,0.226,0.499] | v3:G2[0.076,0.308,0.617] | v4:G1[0.078,0.600,0.322]
[TopoTrace Step 0] v0:G1[0.372,0.555,0.073] | v1:G0[0.539,0.230,0.230] | v2:G2[0.275,0.226,0.499] | v3:G2[0.076,0.308,0.617] | v4:G1[0.078,0.600,0.322]
[TopoTrace Step 0] v0:G1[0.372,0.555,0.073] | v1:G0[0.539,0.230,0.230] | v2:G2[0.275,0.226,0.499] | v3:G2[0.076,0.308,0.617] | v4:G1[0.078,0.600,0.322]
[TopoTrace Step 0] v0:G1[0.372,0.555,0.073] | v1:G0[0.539,0.230,0.230] | v2:G2[0.275,0.226,0.499] | v3:G2[0.076,0.308,0.617] | v4:G1[0.078,0.600,0.322]
[TopoTrace Step 0] v0:G1[0.372,0.555,0.073] | v1:G0[0.539,0.230,0.230] | v2:G2[0.275,0.226,0.499] | v3:G2[0.076,0.308,0.617] | v4:G1[0.078,0.600,0.322]
[TopoTrace Step 0] v0:G1[0.372,0.555,0.073] | v1:G0[0.539,0.230,0.230] | v2:G2[0.275,0.226,0.499] | v3:G2[0.076,0.308,0.617] | v4:G1[0.078,0.600,0.322]
[TopoTrace Step 0] v0:G1[0.372,0.555,0.073] | v1:G0[0.539,0.230,0.230] | v2:G2[0.275,0.226,0.499] | v3:G2[0.076,0.308,0.617] | v4:G1[0.078,0.600,0.322]
[TopoTrace Step 0] v0:G1[0.372,0.555,0.073] | v1:G0[0.539,0.230,0.230] | v2:G2[0.275,0.226,0.499] | v3:G2[0.076,0.308,0.617] | v4:G1[0.078,0.600,0.322]
[TopoTrace Step 0] v0:G1[0.372,0.555,0.073] | v1:G0[0.539,0.230,0.230] | v2:G2[0.275,0.226,0.499] | v3:G2[0.076,0.308,0.617] | v4:G1[0.078,0.600,0.322]
[TopoTrace Step 0] v0:G1[0.372,0.555,0.073] | v1:G0[0.539,0.230,0.230] | v2:G2[0.275,0.226,0.499] | v3:G2[0.076,0.308,0.617] | v4:G1[0.078,0.600,0.322]
[TopoTrace Step 0] v0:G1[0.372,0.555,0.073] | v1:G0[0.539,0.230,0.230] | v2:G2[0.275,0.226,0.499] | v3:G2[0.076,0.308,0.617] | v4:G1[0.078,0.600,0.322]
[TopoTrace Step 0] v0:G1[0.372,0.555,0.073] | v1:G0[0.539,0.230,0.230] | v2:G2[0.275,0.226,0.499] | v3:G2[0.076,0.308,0.617] | v4:G1[0.078,0.600,0.322]
[TopoTrace Step 0] v0:G1[0.372,0.555,0.073] | v1:G0[0.539,0.230,0.230] | v2:G2[0.275,0.226,0.499] | v3:G2[0.076,0.308,0.617] | v4:G1[0.078,0.600,0.322]
[TopoTrace Step 0] v0:G1[0.372,0.555,0.073] | v1:G0[0.539,0.230,0.230] | v2:G2[0.275,0.226,0.499] | v3:G2[0.076,0.308,0.617] | v4:G1[0.078,0.600,0.322]
[TopoTrace Step 0] v0:G1[0.372,0.555,0.073] | v1:G0[0.539,0.230,0.230] | v2:G2[0.275,0.226,0.499] | v3:G2[0.076,0.308,0.617] | v4:G1[0.078,0.600,0.322]
[TopoTrace Step 0] v0:G1[0.372,0.555,0.073] | v1:G0[0.539,0.230,0.230] | v2:G2[0.275,0.226,0.499] | v3:G2[0.076,0.308,0.617] | v4:G1[0.078,0.600,0.322]
[TopoTrace Step 0] v0:G1[0.372,0.555,0.073] | v1:G0[0.539,0.230,0.230] | v2:G2[0.275,0.226,0.499] | v3:G2[0.076,0.308,0.617] | v4:G1[0.078,0.600,0.322]
[TopoTrace Step 0] v0:G1[0.372,0.555,0.073] | v1:G0[0.539,0.230,0.230] | v2:G2[0.275,0.226,0.499] | v3:G2[0.076,0.308,0.617] | v4:G1[0.078,0.600,0.322]
[TopoTrace Step 0] v0:G1[0.372,0.555,0.073] | v1:G0[0.539,0.230,0.230] | v2:G2[0.275,0.226,0.499] | v3:G2[0.076,0.308,0.617] | v4:G1[0.078,0.600,0.322]
[TopoTrace Step 0] v0:G1[0.372,0.555,0.073] | v1:G0[0.539,0.230,0.230] | v2:G2[0.275,0.226,0.499] | v3:G2[0.076,0.308,0.617] | v4:G1[0.078,0.600,0.322]
[TopoTrace Step 0] v0:G1[0.372,0.555,0.073] | v1:G0[0.539,0.230,0.230] | v2:G2[0.275,0.226,0.499] | v3:G2[0.076,0.308,0.617] | v4:G1[0.078,0.600,0.322]
[TopoTrace Step 0] v0:G1[0.372,0.555,0.073] | v1:G0[0.539,0.230,0.230] | v2:G2[0.275,0.226,0.499] | v3:G2[0.076,0.308,0.617] | v4:G1[0.078,0.600,0.322]
[TopoTrace Step 0] v0:G1[0.372,0.555,0.073] | v1:G0[0.539,0.230,0.230] | v2:G2[0.275,0.226,0.499] | v3:G2[0.076,0.308,0.617] | v4:G1[0.078,0.600,0.322]
[TopoTrace Step 0] v0:G1[0.372,0.555,0.073] | v1:G0[0.539,0.230,0.230] | v2:G2[0.275,0.226,0.499] | v3:G2[0.076,0.308,0.617] | v4:G1[0.078,0.600,0.322]
[TopoTrace Step 0] v0:G1[0.372,0.555,0.073] | v1:G0[0.539,0.230,0.230] | v2:G2[0.275,0.226,0.499] | v3:G2[0.076,0.308,0.617] | v4:G1[0.078,0.600,0.322]
[TopoTrace Step 0] v0:G1[0.372,0.555,0.073] | v1:G0[0.539,0.230,0.230] | v2:G2[0.275,0.226,0.499] | v3:G2[0.076,0.308,0.617] | v4:G1[0.078,0.600,0.322]
[TopoTrace Step 0] v0:G1[0.372,0.555,0.073] | v1:G0[0.539,0.230,0.230] | v2:G2[0.275,0.226,0.499] | v3:G2[0.076,0.308,0.617] | v4:G1[0.078,0.600,0.322]
[TopoTrace Step 0] v0:G1[0.372,0.555,0.073] | v1:G0[0.539,0.230,0.230] | v2:G2[0.275,0.226,0.499] | v3:G2[0.076,0.308,0.617] | v4:G1[0.078,0.600,0.322]
[TopoTrace Step 0] v0:G1[0.372,0.555,0.073] | v1:G0[0.539,0.230,0.230] | v2:G2[0.275,0.226,0.499] | v3:G2[0.076,0.308,0.617] | v4:G1[0.078,0.600,0.322]
[TopoTrace Step 0] v0:G1[0.372,0.555,0.073] | v1:G0[0.539,0.230,0.230] | v2:G2[0.275,0.226,0.499] | v3:G2[0.076,0.308,0.617] | v4:G1[0.078,0.600,0.322]
[TopoTrace Step 0] v0:G1[0.372,0.555,0.073] | v1:G0[0.539,0.230,0.230] | v2:G2[0.275,0.226,0.499] | v3:G2[0.076,0.308,0.617] | v4:G1[0.078,0.600,0.322]
[TopoTrace Step 0] v0:G1[0.372,0.555,0.073] | v1:G0[0.539,0.230,0.230] | v2:G2[0.275,0.226,0.499] | v3:G2[0.076,0.308,0.617] | v4:G1[0.078,0.600,0.322]
[TopoTrace Step 0] v0:G1[0.372,0.555,0.073] | v1:G0[0.539,0.230,0.230] | v2:G2[0.275,0.226,0.499] | v3:G2[0.076,0.308,0.617] | v4:G1[0.078,0.600,0.322]
[TopoTrace Step 0] v0:G1[0.372,0.555,0.073] | v1:G0[0.539,0.230,0.230] | v2:G2[0.275,0.226,0.499] | v3:G2[0.076,0.308,0.617] | v4:G1[0.078,0.600,0.322]
[TopoTrace Step 0] v0:G1[0.372,0.555,0.073] | v1:G0[0.539,0.230,0.230] | v2:G2[0.275,0.226,0.499] | v3:G2[0.076,0.308,0.617] | v4:G1[0.078,0.600,0.322]
[TopoTrace Step 0] v0:G1[0.372,0.555,0.073] | v1:G0[0.539,0.230,0.230] | v2:G2[0.275,0.226,0.499] | v3:G2[0.076,0.308,0.617] | v4:G1[0.078,0.600,0.322]
[TopoTrace Step 0] v0:G1[0.372,0.555,0.073] | v1:G0[0.539,0.230,0.230] | v2:G2[0.275,0.226,0.499] | v3:G2[0.076,0.308,0.617] | v4:G1[0.078,0.600,0.322]
[TopoTrace Step 0] v0:G1[0.372,0.555,0.073] | v1:G0[0.539,0.230,0.230] | v2:G2[0.275,0.226,0.499] | v3:G2[0.076,0.308,0.617] | v4:G1[0.078,0.600,0.322]
[TopoTrace Step 0] v0:G1[0.372,0.555,0.073] | v1:G0[0.539,0.230,0.230] | v2:G2[0.275,0.226,0.499] | v3:G2[0.076,0.308,0.617] | v4:G1[0.078,0.600,0.322]
[TopoTrace Step 0] v0:G1[0.372,0.555,0.073] | v1:G0[0.539,0.230,0.230] | v2:G2[0.275,0.226,0.499] | v3:G2[0.076,0.308,0.617] | v4:G1[0.078,0.600,0.322]
[TopoTrace Step 0] v0:G1[0.372,0.555,0.073] | v1:G0[0.539,0.230,0.230] | v2:G2[0.275,0.226,0.499] | v3:G2[0.076,0.308,0.617] | v4:G1[0.078,0.600,0.322]
[TopoTrace Step 0] v0:G1[0.372,0.555,0.073] | v1:G0[0.539,0.230,0.230] | v2:G2[0.275,0.226,0.499] | v3:G2[0.076,0.308,0.617] | v4:G1[0.078,0.600,0.322]
[TopoTrace Step 0] v0:G1[0.372,0.555,0.073] | v1:G0[0.539,0.230,0.230] | v2:G2[0.275,0.226,0.499] | v3:G2[0.076,0.308,0.617] | v4:G1[0.078,0.600,0.322]
[TopoTrace Step 0] v0:G1[0.372,0.555,0.073] | v1:G0[0.539,0.230,0.230] | v2:G2[0.275,0.226,0.499] | v3:G2[0.076,0.308,0.617] | v4:G1[0.078,0.600,0.322]
[TopoTrace Step 0] v0:G1[0.372,0.555,0.073] | v1:G0[0.539,0.230,0.230] | v2:G2[0.275,0.226,0.499] | v3:G2[0.076,0.308,0.617] | v4:G1[0.078,0.600,0.322]
[TopoTrace Step 0] v0:G1[0.372,0.555,0.073] | v1:G0[0.539,0.230,0.230] | v2:G2[0.275,0.226,0.499] | v3:G2[0.076,0.308,0.617] | v4:G1[0.078,0.600,0.322]
[TopoTrace Step 0] v0:G1[0.372,0.555,0.073] | v1:G0[0.539,0.230,0.230] | v2:G2[0.275,0.226,0.499] | v3:G2[0.076,0.308,0.617] | v4:G1[0.078,0.600,0.322]
[TopoTrace Step 0] v0:G1[0.372,0.555,0.073] | v1:G0[0.539,0.230,0.230] | v2:G2[0.275,0.226,0.499] | v3:G2[0.076,0.308,0.617] | v4:G1[0.078,0.600,0.322]
[TopoTrace Step 0] v0:G1[0.372,0.555,0.073] | v1:G0[0.539,0.230,0.230] | v2:G2[0.275,0.226,0.499] | v3:G2[0.076,0.308,0.617] | v4:G1[0.078,0.600,0.322]
[TopoTrace Step 0] v0:G1[0.372,0.555,0.073] | v1:G0[0.539,0.230,0.230] | v2:G2[0.275,0.226,0.499] | v3:G2[0.076,0.308,0.617] | v4:G1[0.078,0.600,0.322]
[TopoTrace Step 0] v0:G1[0.372,0.555,0.073] | v1:G0[0.539,0.230,0.230] | v2:G2[0.275,0.226,0.499] | v3:G2[0.076,0.308,0.617] | v4:G1[0.078,0.600,0.322]
[TopoTrace Step 0] v0:G1[0.372,0.555,0.073] | v1:G0[0.539,0.230,0.230] | v2:G2[0.275,0.226,0.499] | v3:G2[0.076,0.308,0.617] | v4:G1[0.078,0.600,0.322]
[TopoTrace Step 0] v0:G1[0.372,0.555,0.073] | v1:G0[0.539,0.230,0.230] | v2:G2[0.275,0.226,0.499] | v3:G2[0.076,0.308,0.617] | v4:G1[0.078,0.600,0.322]
[TopoTrace Step 0] v0:G1[0.372,0.555,0.073] | v1:G0[0.539,0.230,0.230] | v2:G2[0.275,0.226,0.499] | v3:G2[0.076,0.308,0.617] | v4:G1[0.078,0.600,0.322]
[TopoTrace Step 0] v0:G1[0.372,0.555,0.073] | v1:G0[0.539,0.230,0.230] | v2:G2[0.275,0.226,0.499] | v3:G2[0.076,0.308,0.617] | v4:G1[0.078,0.600,0.322]
[TopoTrace Step 0] v0:G1[0.372,0.555,0.073] | v1:G0[0.539,0.230,0.230] | v2:G2[0.275,0.226,0.499] | v3:G2[0.076,0.308,0.617] | v4:G1[0.078,0.600,0.322]
[TopoTrace Step 0] v0:G1[0.372,0.555,0.073] | v1:G0[0.539,0.230,0.230] | v2:G2[0.275,0.226,0.499] | v3:G2[0.076,0.308,0.617] | v4:G1[0.078,0.600,0.322]
[TopoTrace Step 0] v0:G1[0.372,0.555,0.073] | v1:G0[0.539,0.230,0.230] | v2:G2[0.275,0.226,0.499] | v3:G2[0.076,0.308,0.617] | v4:G1[0.078,0.600,0.322]
[TopoTrace Step 0] v0:G1[0.372,0.555,0.073] | v1:G0[0.539,0.230,0.230] | v2:G2[0.275,0.226,0.499] | v3:G2[0.076,0.308,0.617] | v4:G1[0.078,0.600,0.322]
[TopoTrace Step 0] v0:G1[0.372,0.555,0.073] | v1:G0[0.539,0.230,0.230] | v2:G2[0.275,0.226,0.499] | v3:G2[0.076,0.308,0.617] | v4:G1[0.078,0.600,0.322]
[TopoTrace Step 0] v0:G1[0.372,0.555,0.073] | v1:G0[0.539,0.230,0.230] | v2:G2[0.275,0.226,0.499] | v3:G2[0.076,0.308,0.617] | v4:G1[0.078,0.600,0.322]
[TopoTrace Step 0] v0:G1[0.372,0.555,0.073] | v1:G0[0.539,0.230,0.230] | v2:G2[0.275,0.226,0.499] | v3:G2[0.076,0.308,0.617] | v4:G1[0.078,0.600,0.322]
[TopoTrace Step 0] v0:G1[0.372,0.555,0.073] | v1:G0[0.539,0.230,0.230] | v2:G2[0.275,0.226,0.499] | v3:G2[0.076,0.308,0.617] | v4:G1[0.078,0.600,0.322]
[TopoTrace Step 0] v0:G1[0.372,0.555,0.073] | v1:G0[0.539,0.230,0.230] | v2:G2[0.275,0.226,0.499] | v3:G2[0.076,0.308,0.617] | v4:G1[0.078,0.600,0.322]
[TopoTrace Step 0] v0:G1[0.372,0.555,0.073] | v1:G0[0.539,0.230,0.230] | v2:G2[0.275,0.226,0.499] | v3:G2[0.076,0.308,0.617] | v4:G1[0.078,0.600,0.322]
[TopoTrace Step 0] v0:G1[0.372,0.555,0.073] | v1:G0[0.539,0.230,0.230] | v2:G2[0.275,0.226,0.499] | v3:G2[0.076,0.308,0.617] | v4:G1[0.078,0.600,0.322]
[TopoTrace Step 0] v0:G1[0.372,0.555,0.073] | v1:G0[0.539,0.230,0.230] | v2:G2[0.275,0.226,0.499] | v3:G2[0.076,0.308,0.617] | v4:G1[0.078,0.600,0.322]
[TopoTrace Step 0] v0:G1[0.372,0.555,0.073] | v1:G0[0.539,0.230,0.230] | v2:G2[0.275,0.226,0.499] | v3:G2[0.076,0.308,0.617] | v4:G1[0.078,0.600,0.322]
[TopoTrace Step 0] v0:G1[0.372,0.555,0.073] | v1:G0[0.539,0.230,0.230] | v2:G2[0.275,0.226,0.499] | v3:G2[0.076,0.308,0.617] | v4:G1[0.078,0.600,0.322]
[TopoTrace Step 0] v0:G1[0.372,0.555,0.073] | v1:G0[0.539,0.230,0.230] | v2:G2[0.275,0.226,0.499] | v3:G2[0.076,0.308,0.617] | v4:G1[0.078,0.600,0.322]
[TopoTrace Step 0] v0:G1[0.372,0.555,0.073] | v1:G0[0.539,0.230,0.230] | v2:G2[0.275,0.226,0.499] | v3:G2[0.076,0.308,0.617] | v4:G1[0.078,0.600,0.322]
[TopoTrace Step 0] v0:G1[0.372,0.555,0.073] | v1:G0[0.539,0.230,0.230] | v2:G2[0.275,0.226,0.499] | v3:G2[0.076,0.308,0.617] | v4:G1[0.078,0.600,0.322]
[TopoTrace Step 0] v0:G1[0.372,0.555,0.073] | v1:G0[0.539,0.230,0.230] | v2:G2[0.275,0.226,0.499] | v3:G2[0.076,0.308,0.617] | v4:G1[0.078,0.600,0.322]
[TopoTrace Step 0] v0:G1[0.372,0.555,0.073] | v1:G0[0.539,0.230,0.230] | v2:G2[0.275,0.226,0.499] | v3:G2[0.076,0.308,0.617] | v4:G1[0.078,0.600,0.322]
[TopoTrace Step 0] v0:G1[0.372,0.555,0.073] | v1:G0[0.539,0.230,0.230] | v2:G2[0.275,0.226,0.499] | v3:G2[0.076,0.308,0.617] | v4:G1[0.078,0.600,0.322]
[TopoTrace Step 0] v0:G1[0.372,0.555,0.073] | v1:G0[0.539,0.230,0.230] | v2:G2[0.275,0.226,0.499] | v3:G2[0.076,0.308,0.617] | v4:G1[0.078,0.600,0.322]
[TopoTrace Step 0] v0:G1[0.372,0.555,0.073] | v1:G0[0.539,0.230,0.230] | v2:G2[0.275,0.226,0.499] | v3:G2[0.076,0.308,0.617] | v4:G1[0.078,0.600,0.322]
[TopoTrace Step 0] v0:G1[0.372,0.555,0.073] | v1:G0[0.539,0.230,0.230] | v2:G2[0.275,0.226,0.499] | v3:G2[0.076,0.308,0.617] | v4:G1[0.078,0.600,0.322]
[TopoTrace Step 0] v0:G1[0.372,0.555,0.073] | v1:G0[0.539,0.230,0.230] | v2:G2[0.275,0.226,0.499] | v3:G2[0.076,0.308,0.617] | v4:G1[0.078,0.600,0.322]
[TopoTrace Step 0] v0:G1[0.372,0.555,0.073] | v1:G0[0.539,0.230,0.230] | v2:G2[0.275,0.226,0.499] | v3:G2[0.076,0.308,0.617] | v4:G1[0.078,0.600,0.322]
[TopoTrace Step 0] v0:G1[0.372,0.555,0.073] | v1:G0[0.539,0.230,0.230] | v2:G2[0.275,0.226,0.499] | v3:G2[0.076,0.308,0.617] | v4:G1[0.078,0.600,0.322]
[TopoTrace Step 0] v0:G1[0.372,0.555,0.073] | v1:G0[0.539,0.230,0.230] | v2:G2[0.275,0.226,0.499] | v3:G2[0.076,0.308,0.617] | v4:G1[0.078,0.600,0.322]
[TopoTrace Step 0] v0:G1[0.372,0.555,0.073] | v1:G0[0.539,0.230,0.230] | v2:G2[0.275,0.226,0.499] | v3:G2[0.076,0.308,0.617] | v4:G1[0.078,0.600,0.322]
[TopoTrace Step 0] v0:G1[0.372,0.555,0.073] | v1:G0[0.539,0.230,0.230] | v2:G2[0.275,0.226,0.499] | v3:G2[0.076,0.308,0.617] | v4:G1[0.078,0.600,0.322]
[TopoTrace Step 0] v0:G1[0.372,0.555,0.073] | v1:G0[0.539,0.230,0.230] | v2:G2[0.275,0.226,0.499] | v3:G2[0.076,0.308,0.617] | v4:G1[0.078,0.600,0.322]
[TopoTrace Step 0] v0:G1[0.372,0.555,0.073] | v1:G0[0.539,0.230,0.230] | v2:G2[0.275,0.226,0.499] | v3:G2[0.076,0.308,0.617] | v4:G1[0.078,0.600,0.322]
[TopoTrace Step 0] v0:G1[0.372,0.555,0.073] | v1:G0[0.539,0.230,0.230] | v2:G2[0.275,0.226,0.499] | v3:G2[0.076,0.308,0.617] | v4:G1[0.078,0.600,0.322]
[TopoTrace Step 0] v0:G1[0.372,0.555,0.073] | v1:G0[0.539,0.230,0.230] | v2:G2[0.275,0.226,0.499] | v3:G2[0.076,0.308,0.617] | v4:G1[0.078,0.600,0.322]
[TopoTrace Step 0] v0:G1[0.372,0.555,0.073] | v1:G0[0.539,0.230,0.230] | v2:G2[0.275,0.226,0.499] | v3:G2[0.076,0.308,0.617] | v4:G1[0.078,0.600,0.322]
[TopoTrace Step 0] v0:G1[0.372,0.555,0.073] | v1:G0[0.539,0.230,0.230] | v2:G2[0.275,0.226,0.499] | v3:G2[0.076,0.308,0.617] | v4:G1[0.078,0.600,0.322]
[TopoTrace Step 0] v0:G1[0.372,0.555,0.073] | v1:G0[0.539,0.230,0.230] | v2:G2[0.275,0.226,0.499] | v3:G2[0.076,0.308,0.617] | v4:G1[0.078,0.600,0.322]
[TopoTrace Step 0] v0:G1[0.372,0.555,0.073] | v1:G0[0.539,0.230,0.230] | v2:G2[0.275,0.226,0.499] | v3:G2[0.076,0.308,0.617] | v4:G1[0.078,0.600,0.322]
[TopoTrace Step 0] v0:G1[0.372,0.555,0.073] | v1:G0[0.539,0.230,0.230] | v2:G2[0.275,0.226,0.499] | v3:G2[0.076,0.308,0.617] | v4:G1[0.078,0.600,0.322]
[TopoTrace Step 0] v0:G1[0.372,0.555,0.073] | v1:G0[0.539,0.230,0.230] | v2:G2[0.275,0.226,0.499] | v3:G2[0.076,0.308,0.617] | v4:G1[0.078,0.600,0.322]
[TopoTrace Step 0] v0:G1[0.372,0.555,0.073] | v1:G0[0.539,0.230,0.230] | v2:G2[0.275,0.226,0.499] | v3:G2[0.076,0.308,0.617] | v4:G1[0.078,0.600,0.322]
[TopoTrace Step 0] v0:G1[0.372,0.555,0.073] | v1:G0[0.539,0.230,0.230] | v2:G2[0.275,0.226,0.499] | v3:G2[0.076,0.308,0.617] | v4:G1[0.078,0.600,0.322]
[TopoTrace Step 0] v0:G1[0.372,0.555,0.073] | v1:G0[0.539,0.230,0.230] | v2:G2[0.275,0.226,0.499] | v3:G2[0.076,0.308,0.617] | v4:G1[0.078,0.600,0.322]
[TopoTrace Step 0] v0:G1[0.372,0.555,0.073] | v1:G0[0.539,0.230,0.230] | v2:G2[0.275,0.226,0.499] | v3:G2[0.076,0.308,0.617] | v4:G1[0.078,0.600,0.322]
[TopoTrace Step 0] v0:G1[0.372,0.555,0.073] | v1:G0[0.539,0.230,0.230] | v2:G2[0.275,0.226,0.499] | v3:G2[0.076,0.308,0.617] | v4:G1[0.078,0.600,0.322]
[TopoTrace Step 0] v0:G1[0.372,0.555,0.073] | v1:G0[0.539,0.230,0.230] | v2:G2[0.275,0.226,0.499] | v3:G2[0.076,0.308,0.617] | v4:G1[0.078,0.600,0.322]
[TopoTrace Step 0] v0:G1[0.372,0.555,0.073] | v1:G0[0.539,0.230,0.230] | v2:G2[0.275,0.226,0.499] | v3:G2[0.076,0.308,0.617] | v4:G1[0.078,0.600,0.322]
[TopoTrace Step 0] v0:G1[0.372,0.555,0.073] | v1:G0[0.539,0.230,0.230] | v2:G2[0.275,0.226,0.499] | v3:G2[0.076,0.308,0.617] | v4:G1[0.078,0.600,0.322]
[TopoTrace Step 0] v0:G1[0.372,0.555,0.073] | v1:G0[0.539,0.230,0.230] | v2:G2[0.275,0.226,0.499] | v3:G2[0.076,0.308,0.617] | v4:G1[0.078,0.600,0.322]
[TopoTrace Step 0] v0:G1[0.372,0.555,0.073] | v1:G0[0.539,0.230,0.230] | v2:G2[0.275,0.226,0.499] | v3:G2[0.076,0.308,0.617] | v4:G1[0.078,0.600,0.322]
[TopoTrace Step 0] v0:G1[0.372,0.555,0.073] | v1:G0[0.539,0.230,0.230] | v2:G2[0.275,0.226,0.499] | v3:G2[0.076,0.308,0.617] | v4:G1[0.078,0.600,0.322][TopoTrace Step 0] v0:G1[0.372,0.555,0.073] | v1:G0[0.539,0.230,0.230] | v2:G2[0.275,0.226,0.499] | v3:G2[0.076,0.308,0.617] | v4:G1[0.078,0.600,0.322]

[TopoTrace Step 0] v0:G1[0.372,0.555,0.073] | v1:G0[0.539,0.230,0.230] | v2:G2[0.275,0.226,0.499] | v3:G2[0.076,0.308,0.617] | v4:G1[0.078,0.600,0.322]
[TopoTrace Step 0] v0:G1[0.372,0.555,0.073] | v1:G0[0.539,0.230,0.230] | v2:G2[0.275,0.226,0.499] | v3:G2[0.076,0.308,0.617] | v4:G1[0.078,0.600,0.322]
[TopoTrace Step 0] v0:G1[0.372,0.555,0.073] | v1:G0[0.539,0.230,0.230] | v2:G2[0.275,0.226,0.499] | v3:G2[0.076,0.308,0.617] | v4:G1[0.078,0.600,0.322]
[TopoTrace Step 0] v0:G1[0.372,0.555,0.073] | v1:G0[0.539,0.230,0.230] | v2:G2[0.275,0.226,0.499] | v3:G2[0.076,0.308,0.617] | v4:G1[0.078,0.600,0.322]
[TopoTrace Step 0] v0:G1[0.372,0.555,0.073] | v1:G0[0.539,0.230,0.230] | v2:G2[0.275,0.226,0.499] | v3:G2[0.076,0.308,0.617] | v4:G1[0.078,0.600,0.322]
[TopoTrace Step 0] v0:G1[0.372,0.555,0.073] | v1:G0[0.539,0.230,0.230] | v2:G2[0.275,0.226,0.499] | v3:G2[0.076,0.308,0.617] | v4:G1[0.078,0.600,0.322]
[TopoTrace Step 0] v0:G1[0.372,0.555,0.073] | v1:G0[0.539,0.230,0.230] | v2:G2[0.275,0.226,0.499] | v3:G2[0.076,0.308,0.617] | v4:G1[0.078,0.600,0.322]
[TopoTrace Step 0] v0:G1[0.372,0.555,0.073] | v1:G0[0.539,0.230,0.230] | v2:G2[0.275,0.226,0.499] | v3:G2[0.076,0.308,0.617] | v4:G1[0.078,0.600,0.322]
[TopoTrace Step 0] v0:G1[0.372,0.555,0.073] | v1:G0[0.539,0.230,0.230] | v2:G2[0.275,0.226,0.499] | v3:G2[0.076,0.308,0.617] | v4:G1[0.078,0.600,0.322]
[TopoTrace Step 0] v0:G1[0.372,0.555,0.073] | v1:G0[0.539,0.230,0.230] | v2:G2[0.275,0.226,0.499] | v3:G2[0.076,0.308,0.617] | v4:G1[0.078,0.600,0.322]
[TopoTrace Step 0] v0:G1[0.372,0.555,0.073] | v1:G0[0.539,0.230,0.230] | v2:G2[0.275,0.226,0.499] | v3:G2[0.076,0.308,0.617] | v4:G1[0.078,0.600,0.322]
[TopoTrace Step 0] v0:G1[0.372,0.555,0.073] | v1:G0[0.539,0.230,0.230] | v2:G2[0.275,0.226,0.499] | v3:G2[0.076,0.308,0.617] | v4:G1[0.078,0.600,0.322]
[TopoTrace Step 0] v0:G1[0.372,0.555,0.073] | v1:G0[0.539,0.230,0.230] | v2:G2[0.275,0.226,0.499] | v3:G2[0.076,0.308,0.617] | v4:G1[0.078,0.600,0.322]
[TopoTrace Step 0] v0:G1[0.372,0.555,0.073] | v1:G0[0.539,0.230,0.230] | v2:G2[0.275,0.226,0.499] | v3:G2[0.076,0.308,0.617] | v4:G1[0.078,0.600,0.322]
[TopoTrace Step 0] v0:G1[0.372,0.555,0.073] | v1:G0[0.539,0.230,0.230] | v2:G2[0.275,0.226,0.499] | v3:G2[0.076,0.308,0.617] | v4:G1[0.078,0.600,0.322]
[TopoTrace Step 0] v0:G1[0.372,0.555,0.073] | v1:G0[0.539,0.230,0.230] | v2:G2[0.275,0.226,0.499] | v3:G2[0.076,0.308,0.617] | v4:G1[0.078,0.600,0.322]
[TopoTrace Step 0] v0:G1[0.372,0.555,0.073] | v1:G0[0.539,0.230,0.230] | v2:G2[0.275,0.226,0.499] | v3:G2[0.076,0.308,0.617] | v4:G1[0.078,0.600,0.322][TopoTrace Step 0] v0:G1[0.372,0.555,0.073] | v1:G0[0.539,0.230,0.230] | v2:G2[0.275,0.226,0.499] | v3:G2[0.076,0.308,0.617] | v4:G1[0.078,0.600,0.322]

[TopoTrace Step 0] v0:G1[0.372,0.555,0.073] | v1:G0[0.539,0.230,0.230] | v2:G2[0.275,0.226,0.499] | v3:G2[0.076,0.308,0.617] | v4:G1[0.078,0.600,0.322]
[TopoTrace Step 0] v0:G1[0.372,0.555,0.073] | v1:G0[0.539,0.230,0.230] | v2:G2[0.275,0.226,0.499] | v3:G2[0.076,0.308,0.617] | v4:G1[0.078,0.600,0.322]
[TopoTrace Step 0] v0:G1[0.372,0.555,0.073] | v1:G0[0.539,0.230,0.230] | v2:G2[0.275,0.226,0.499] | v3:G2[0.076,0.308,0.617] | v4:G1[0.078,0.600,0.322][TopoTrace Step 0] v0:G1[0.372,0.555,0.073] | v1:G0[0.539,0.230,0.230] | v2:G2[0.275,0.226,0.499] | v3:G2[0.076,0.308,0.617] | v4:G1[0.078,0.600,0.322]

[TopoTrace Step 0] v0:G1[0.372,0.555,0.073] | v1:G0[0.539,0.230,0.230] | v2:G2[0.275,0.226,0.499] | v3:G2[0.076,0.308,0.617] | v4:G1[0.078,0.600,0.322]
[TopoTrace Step 0] v0:G1[0.372,0.555,0.073] | v1:G0[0.539,0.230,0.230] | v2:G2[0.275,0.226,0.499] | v3:G2[0.076,0.308,0.617] | v4:G1[0.078,0.600,0.322]
[TopoTrace Step 0] v0:G1[0.372,0.555,0.073] | v1:G0[0.539,0.230,0.230] | v2:G2[0.275,0.226,0.499] | v3:G2[0.076,0.308,0.617] | v4:G1[0.078,0.600,0.322]
[TopoTrace Step 0] v0:G1[0.372,0.555,0.073] | v1:G0[0.539,0.230,0.230] | v2:G2[0.275,0.226,0.499] | v3:G2[0.076,0.308,0.617] | v4:G1[0.078,0.600,0.322]
[TopoTrace Step 0] v0:G1[0.372,0.555,0.073] | v1:G0[0.539,0.230,0.230] | v2:G2[0.275,0.226,0.499] | v3:G2[0.076,0.308,0.617] | v4:G1[0.078,0.600,0.322]
[TopoTrace Step 0] v0:G1[0.372,0.555,0.073] | v1:G0[0.539,0.230,0.230] | v2:G2[0.275,0.226,0.499] | v3:G2[0.076,0.308,0.617] | v4:G1[0.078,0.600,0.322]
[TopoTrace Step 0] v0:G1[0.372,0.555,0.073] | v1:G0[0.539,0.230,0.230] | v2:G2[0.275,0.226,0.499] | v3:G2[0.076,0.308,0.617] | v4:G1[0.078,0.600,0.322]
[TopoTrace Step 0] v0:G1[0.372,0.555,0.073] | v1:G0[0.539,0.230,0.230] | v2:G2[0.275,0.226,0.499] | v3:G2[0.076,0.308,0.617] | v4:G1[0.078,0.600,0.322]
[TopoTrace Step 0] v0:G1[0.372,0.555,0.073] | v1:G0[0.539,0.230,0.230] | v2:G2[0.275,0.226,0.499] | v3:G2[0.076,0.308,0.617] | v4:G1[0.078,0.600,0.322]
[TopoTrace Step 0] v0:G1[0.372,0.555,0.073] | v1:G0[0.539,0.230,0.230] | v2:G2[0.275,0.226,0.499] | v3:G2[0.076,0.308,0.617] | v4:G1[0.078,0.600,0.322]
[TopoTrace Step 0] v0:G1[0.372,0.555,0.073] | v1:G0[0.539,0.230,0.230] | v2:G2[0.275,0.226,0.499] | v3:G2[0.076,0.308,0.617] | v4:G1[0.078,0.600,0.322]
[TopoTrace Step 0] v0:G1[0.372,0.555,0.073] | v1:G0[0.539,0.230,0.230] | v2:G2[0.275,0.226,0.499] | v3:G2[0.076,0.308,0.617] | v4:G1[0.078,0.600,0.322]
[TopoTrace Step 0] v0:G1[0.372,0.555,0.073] | v1:G0[0.539,0.230,0.230] | v2:G2[0.275,0.226,0.499] | v3:G2[0.076,0.308,0.617] | v4:G1[0.078,0.600,0.322]
[TopoTrace Step 0] v0:G1[0.372,0.555,0.073] | v1:G0[0.539,0.230,0.230] | v2:G2[0.275,0.226,0.499] | v3:G2[0.076,0.308,0.617] | v4:G1[0.078,0.600,0.322]
[TopoTrace Step 0] v0:G1[0.372,0.555,0.073] | v1:G0[0.539,0.230,0.230] | v2:G2[0.275,0.226,0.499] | v3:G2[0.076,0.308,0.617] | v4:G1[0.078,0.600,0.322]
[TopoTrace Step 0] v0:G1[0.372,0.555,0.073] | v1:G0[0.539,0.230,0.230] | v2:G2[0.275,0.226,0.499] | v3:G2[0.076,0.308,0.617] | v4:G1[0.078,0.600,0.322]
[TopoTrace Step 0] v0:G1[0.372,0.555,0.073] | v1:G0[0.539,0.230,0.230] | v2:G2[0.275,0.226,0.499] | v3:G2[0.076,0.308,0.617] | v4:G1[0.078,0.600,0.322]
[TopoTrace Step 0] v0:G1[0.372,0.555,0.073] | v1:G0[0.539,0.230,0.230] | v2:G2[0.275,0.226,0.499] | v3:G2[0.076,0.308,0.617] | v4:G1[0.078,0.600,0.322]
[TopoTrace Step 0] v0:G1[0.372,0.555,0.073] | v1:G0[0.539,0.230,0.230] | v2:G2[0.275,0.226,0.499] | v3:G2[0.076,0.308,0.617] | v4:G1[0.078,0.600,0.322]
[TopoTrace Step 0] v0:G1[0.372,0.555,0.073] | v1:G0[0.539,0.230,0.230] | v2:G2[0.275,0.226,0.499] | v3:G2[0.076,0.308,0.617] | v4:G1[0.078,0.600,0.322]
[TopoTrace Step 0] v0:G1[0.372,0.555,0.073] | v1:G0[0.539,0.230,0.230] | v2:G2[0.275,0.226,0.499] | v3:G2[0.076,0.308,0.617] | v4:G1[0.078,0.600,0.322]
[TopoTrace Step 0] v0:G1[0.372,0.555,0.073] | v1:G0[0.539,0.230,0.230] | v2:G2[0.275,0.226,0.499] | v3:G2[0.076,0.308,0.617] | v4:G1[0.078,0.600,0.322]
[TopoTrace Step 0] v0:G1[0.372,0.555,0.073] | v1:G0[0.539,0.230,0.230] | v2:G2[0.275,0.226,0.499] | v3:G2[0.076,0.308,0.617] | v4:G1[0.078,0.600,0.322]
[TopoTrace Step 0] v0:G1[0.372,0.555,0.073] | v1:G0[0.539,0.230,0.230] | v2:G2[0.275,0.226,0.499] | v3:G2[0.076,0.308,0.617] | v4:G1[0.078,0.600,0.322]
[TopoTrace Step 0] v0:G1[0.372,0.555,0.073] | v1:G0[0.539,0.230,0.230] | v2:G2[0.275,0.226,0.499] | v3:G2[0.076,0.308,0.617] | v4:G1[0.078,0.600,0.322]
[TopoTrace Step 0] v0:G1[0.372,0.555,0.073] | v1:G0[0.539,0.230,0.230] | v2:G2[0.275,0.226,0.499] | v3:G2[0.076,0.308,0.617] | v4:G1[0.078,0.600,0.322]
[TopoTrace Step 0] v0:G1[0.372,0.555,0.073] | v1:G0[0.539,0.230,0.230] | v2:G2[0.275,0.226,0.499] | v3:G2[0.076,0.308,0.617] | v4:G1[0.078,0.600,0.322]
[TopoTrace Step 0] v0:G1[0.372,0.555,0.073] | v1:G0[0.539,0.230,0.230] | v2:G2[0.275,0.226,0.499] | v3:G2[0.076,0.308,0.617] | v4:G1[0.078,0.600,0.322]
[TopoTrace Step 0] v0:G1[0.372,0.555,0.073] | v1:G0[0.539,0.230,0.230] | v2:G2[0.275,0.226,0.499] | v3:G2[0.076,0.308,0.617] | v4:G1[0.078,0.600,0.322]
[TopoTrace Step 0] v0:G1[0.372,0.555,0.073] | v1:G0[0.539,0.230,0.230] | v2:G2[0.275,0.226,0.499] | v3:G2[0.076,0.308,0.617] | v4:G1[0.078,0.600,0.322]
[TopoTrace Step 0] v0:G1[0.372,0.555,0.073] | v1:G0[0.539,0.230,0.230] | v2:G2[0.275,0.226,0.499] | v3:G2[0.076,0.308,0.617] | v4:G1[0.078,0.600,0.322]
[TopoTrace Step 0] v0:G1[0.372,0.555,0.073] | v1:G0[0.539,0.230,0.230] | v2:G2[0.275,0.226,0.499] | v3:G2[0.076,0.308,0.617] | v4:G1[0.078,0.600,0.322]
Epoch: 7 cost time: 59.02433228492737
Epoch: 7, Steps: 294 | Train Loss: 0.4258806 Vali Loss: 0.2870078 Test Loss: 4.0092092
EarlyStopping counter: 5 out of 3
Early stopping
Updating learning rate to 1.5625e-06
[TopoTrace Step 0] v0:G1[0.372,0.555,0.073] | v1:G0[0.539,0.230,0.230] | v2:G2[0.275,0.226,0.499] | v3:G2[0.076,0.308,0.617] | v4:G1[0.078,0.600,0.322]
[TopoTrace Step 0] v0:G1[0.372,0.555,0.073] | v1:G0[0.539,0.230,0.230] | v2:G2[0.275,0.226,0.499] | v3:G2[0.076,0.308,0.617] | v4:G1[0.078,0.600,0.322]
[TopoTrace Step 0] v0:G1[0.372,0.555,0.073] | v1:G0[0.539,0.230,0.230] | v2:G2[0.275,0.226,0.499] | v3:G2[0.076,0.308,0.617] | v4:G1[0.078,0.600,0.322]
[TopoTrace Step 0] v0:G1[0.372,0.555,0.073] | v1:G0[0.539,0.230,0.230] | v2:G2[0.275,0.226,0.499] | v3:G2[0.076,0.308,0.617] | v4:G1[0.078,0.600,0.322]
[TopoTrace Step 0] v0:G1[0.372,0.555,0.073] | v1:G0[0.539,0.230,0.230] | v2:G2[0.275,0.226,0.499] | v3:G2[0.076,0.308,0.617] | v4:G1[0.078,0.600,0.322]
[TopoTrace Step 0] v0:G1[0.372,0.555,0.073] | v1:G0[0.539,0.230,0.230] | v2:G2[0.275,0.226,0.499] | v3:G2[0.076,0.308,0.617] | v4:G1[0.078,0.600,0.322]
[TopoTrace Step 0] v0:G1[0.372,0.555,0.073] | v1:G0[0.539,0.230,0.230] | v2:G2[0.275,0.226,0.499] | v3:G2[0.076,0.308,0.617] | v4:G1[0.078,0.600,0.322]
[TopoTrace Step 0] v0:G1[0.372,0.555,0.073] | v1:G0[0.539,0.230,0.230] | v2:G2[0.275,0.226,0.499] | v3:G2[0.076,0.308,0.617] | v4:G1[0.078,0.600,0.322]
[TopoTrace Step 0] v0:G1[0.372,0.555,0.073] | v1:G0[0.539,0.230,0.230] | v2:G2[0.275,0.226,0.499] | v3:G2[0.076,0.308,0.617] | v4:G1[0.078,0.600,0.322]
[TopoTrace Step 0] v0:G1[0.372,0.555,0.073] | v1:G0[0.539,0.230,0.230] | v2:G2[0.275,0.226,0.499] | v3:G2[0.076,0.308,0.617] | v4:G1[0.078,0.600,0.322]
[TopoTrace Step 0] v0:G1[0.372,0.555,0.073] | v1:G0[0.539,0.230,0.230] | v2:G2[0.275,0.226,0.499] | v3:G2[0.076,0.308,0.617] | v4:G1[0.078,0.600,0.322]
[TopoTrace Step 0] v0:G1[0.372,0.555,0.073] | v1:G0[0.539,0.230,0.230] | v2:G2[0.275,0.226,0.499] | v3:G2[0.076,0.308,0.617] | v4:G1[0.078,0.600,0.322]
[TopoTrace Step 0] v0:G1[0.372,0.555,0.073] | v1:G0[0.539,0.230,0.230] | v2:G2[0.275,0.226,0.499] | v3:G2[0.076,0.308,0.617] | v4:G1[0.078,0.600,0.322]
[TopoTrace Step 0] v0:G1[0.372,0.555,0.073] | v1:G0[0.539,0.230,0.230] | v2:G2[0.275,0.226,0.499] | v3:G2[0.076,0.308,0.617] | v4:G1[0.078,0.600,0.322]
[TopoTrace Step 0] v0:G1[0.372,0.555,0.073] | v1:G0[0.539,0.230,0.230] | v2:G2[0.275,0.226,0.499] | v3:G2[0.076,0.308,0.617] | v4:G1[0.078,0.600,0.322]
[TopoTrace Step 0] v0:G1[0.372,0.555,0.073] | v1:G0[0.539,0.230,0.230] | v2:G2[0.275,0.226,0.499] | v3:G2[0.076,0.308,0.617] | v4:G1[0.078,0.600,0.322]
[TopoTrace Step 0] v0:G1[0.372,0.555,0.073] | v1:G0[0.539,0.230,0.230] | v2:G2[0.275,0.226,0.499] | v3:G2[0.076,0.308,0.617] | v4:G1[0.078,0.600,0.322]
[TopoTrace Step 0] v0:G1[0.372,0.555,0.073] | v1:G0[0.539,0.230,0.230] | v2:G2[0.275,0.226,0.499] | v3:G2[0.076,0.308,0.617] | v4:G1[0.078,0.600,0.322]
[TopoTrace Step 0] v0:G1[0.372,0.555,0.073] | v1:G0[0.539,0.230,0.230] | v2:G2[0.275,0.226,0.499] | v3:G2[0.076,0.308,0.617] | v4:G1[0.078,0.600,0.322]
[TopoTrace Step 0] v0:G1[0.372,0.555,0.073] | v1:G0[0.539,0.230,0.230] | v2:G2[0.275,0.226,0.499] | v3:G2[0.076,0.308,0.617] | v4:G1[0.078,0.600,0.322]
[TopoTrace Step 0] v0:G1[0.372,0.555,0.073] | v1:G0[0.539,0.230,0.230] | v2:G2[0.275,0.226,0.499] | v3:G2[0.076,0.308,0.617] | v4:G1[0.078,0.600,0.322]
[TopoTrace Step 0] v0:G1[0.372,0.555,0.073] | v1:G0[0.539,0.230,0.230] | v2:G2[0.275,0.226,0.499] | v3:G2[0.076,0.308,0.617] | v4:G1[0.078,0.600,0.322]
[TopoTrace Step 0] v0:G1[0.372,0.555,0.073] | v1:G0[0.539,0.230,0.230] | v2:G2[0.275,0.226,0.499] | v3:G2[0.076,0.308,0.617] | v4:G1[0.078,0.600,0.322]
[TopoTrace Step 0] v0:G1[0.372,0.555,0.073] | v1:G0[0.539,0.230,0.230] | v2:G2[0.275,0.226,0.499] | v3:G2[0.076,0.308,0.617] | v4:G1[0.078,0.600,0.322]
[TopoTrace Step 0] v0:G1[0.372,0.555,0.073] | v1:G0[0.539,0.230,0.230] | v2:G2[0.275,0.226,0.499] | v3:G2[0.076,0.308,0.617] | v4:G1[0.078,0.600,0.322]
[TopoTrace Step 0] v0:G1[0.372,0.555,0.073] | v1:G0[0.539,0.230,0.230] | v2:G2[0.275,0.226,0.499] | v3:G2[0.076,0.308,0.617] | v4:G1[0.078,0.600,0.322]
[TopoTrace Step 0] v0:G1[0.372,0.555,0.073] | v1:G0[0.539,0.230,0.230] | v2:G2[0.275,0.226,0.499] | v3:G2[0.076,0.308,0.617] | v4:G1[0.078,0.600,0.322]
[TopoTrace Step 0] v0:G1[0.372,0.555,0.073] | v1:G0[0.539,0.230,0.230] | v2:G2[0.275,0.226,0.499] | v3:G2[0.076,0.308,0.617] | v4:G1[0.078,0.600,0.322]
[TopoTrace Step 0] v0:G1[0.372,0.555,0.073] | v1:G0[0.539,0.230,0.230] | v2:G2[0.275,0.226,0.499] | v3:G2[0.076,0.308,0.617] | v4:G1[0.078,0.600,0.322]
[TopoTrace Step 0] v0:G1[0.372,0.555,0.073] | v1:G0[0.539,0.230,0.230] | v2:G2[0.275,0.226,0.499] | v3:G2[0.076,0.308,0.617] | v4:G1[0.078,0.600,0.322]
[TopoTrace Step 0] v0:G1[0.372,0.555,0.073] | v1:G0[0.539,0.230,0.230] | v2:G2[0.275,0.226,0.499] | v3:G2[0.076,0.308,0.617] | v4:G1[0.078,0.600,0.322]
[TopoTrace Step 0] v0:G1[0.372,0.555,0.073] | v1:G0[0.539,0.230,0.230] | v2:G2[0.275,0.226,0.499] | v3:G2[0.076,0.308,0.617] | v4:G1[0.078,0.600,0.322]
[TopoTrace Step 0] v0:G1[0.372,0.555,0.073] | v1:G0[0.539,0.230,0.230] | v2:G2[0.275,0.226,0.499] | v3:G2[0.076,0.308,0.617] | v4:G1[0.078,0.600,0.322]
[TopoTrace Step 0] v0:G1[0.372,0.555,0.073] | v1:G0[0.539,0.230,0.230] | v2:G2[0.275,0.226,0.499] | v3:G2[0.076,0.308,0.617] | v4:G1[0.078,0.600,0.322]
[TopoTrace Step 0] v0:G1[0.372,0.555,0.073] | v1:G0[0.539,0.230,0.230] | v2:G2[0.275,0.226,0.499] | v3:G2[0.076,0.308,0.617] | v4:G1[0.078,0.600,0.322]
[TopoTrace Step 0] v0:G1[0.372,0.555,0.073] | v1:G0[0.539,0.230,0.230] | v2:G2[0.275,0.226,0.499] | v3:G2[0.076,0.308,0.617] | v4:G1[0.078,0.600,0.322]
[TopoTrace Step 0] v0:G1[0.372,0.555,0.073] | v1:G0[0.539,0.230,0.230] | v2:G2[0.275,0.226,0.499] | v3:G2[0.076,0.308,0.617] | v4:G1[0.078,0.600,0.322]
[TopoTrace Step 0] v0:G1[0.372,0.555,0.073] | v1:G0[0.539,0.230,0.230] | v2:G2[0.275,0.226,0.499] | v3:G2[0.076,0.308,0.617] | v4:G1[0.078,0.600,0.322]
[TopoTrace Step 0] v0:G1[0.372,0.555,0.073] | v1:G0[0.539,0.230,0.230] | v2:G2[0.275,0.226,0.499] | v3:G2[0.076,0.308,0.617] | v4:G1[0.078,0.600,0.322]
[TopoTrace Step 0] v0:G1[0.372,0.555,0.073] | v1:G0[0.539,0.230,0.230] | v2:G2[0.275,0.226,0.499] | v3:G2[0.076,0.308,0.617] | v4:G1[0.078,0.600,0.322]
[TopoTrace Step 0] v0:G1[0.372,0.555,0.073] | v1:G0[0.539,0.230,0.230] | v2:G2[0.275,0.226,0.499] | v3:G2[0.076,0.308,0.617] | v4:G1[0.078,0.600,0.322]
[TopoTrace Step 0] v0:G1[0.372,0.555,0.073] | v1:G0[0.539,0.230,0.230] | v2:G2[0.275,0.226,0.499] | v3:G2[0.076,0.308,0.617] | v4:G1[0.078,0.600,0.322]
[TopoTrace Step 0] v0:G1[0.372,0.555,0.073] | v1:G0[0.539,0.230,0.230] | v2:G2[0.275,0.226,0.499] | v3:G2[0.076,0.308,0.617] | v4:G1[0.078,0.600,0.322]
[TopoTrace Step 0] v0:G1[0.372,0.555,0.073] | v1:G0[0.539,0.230,0.230] | v2:G2[0.275,0.226,0.499] | v3:G2[0.076,0.308,0.617] | v4:G1[0.078,0.600,0.322]
[TopoTrace Step 0] v0:G1[0.372,0.555,0.073] | v1:G0[0.539,0.230,0.230] | v2:G2[0.275,0.226,0.499] | v3:G2[0.076,0.308,0.617] | v4:G1[0.078,0.600,0.322]
[TopoTrace Step 0] v0:G1[0.372,0.555,0.073] | v1:G0[0.539,0.230,0.230] | v2:G2[0.275,0.226,0.499] | v3:G2[0.076,0.308,0.617] | v4:G1[0.078,0.600,0.322]
[TopoTrace Step 0] v0:G1[0.372,0.555,0.073] | v1:G0[0.539,0.230,0.230] | v2:G2[0.275,0.226,0.499] | v3:G2[0.076,0.308,0.617] | v4:G1[0.078,0.600,0.322]
[TopoTrace Step 0] v0:G1[0.372,0.555,0.073] | v1:G0[0.539,0.230,0.230] | v2:G2[0.275,0.226,0.499] | v3:G2[0.076,0.308,0.617] | v4:G1[0.078,0.600,0.322]
[TopoTrace Step 0] v0:G1[0.372,0.555,0.073] | v1:G0[0.539,0.230,0.230] | v2:G2[0.275,0.226,0.499] | v3:G2[0.076,0.308,0.617] | v4:G1[0.078,0.600,0.322][TopoTrace Step 0] v0:G1[0.372,0.555,0.073] | v1:G0[0.539,0.230,0.230] | v2:G2[0.275,0.226,0.499] | v3:G2[0.076,0.308,0.617] | v4:G1[0.078,0.600,0.322]

[TopoTrace Step 0] v0:G1[0.372,0.555,0.073] | v1:G0[0.539,0.230,0.230] | v2:G2[0.275,0.226,0.499] | v3:G2[0.076,0.308,0.617] | v4:G1[0.078,0.600,0.322]
[TopoTrace Step 0] v0:G1[0.372,0.555,0.073] | v1:G0[0.539,0.230,0.230] | v2:G2[0.275,0.226,0.499] | v3:G2[0.076,0.308,0.617] | v4:G1[0.078,0.600,0.322]
[TopoTrace Step 0] v0:G1[0.372,0.555,0.073] | v1:G0[0.539,0.230,0.230] | v2:G2[0.275,0.226,0.499] | v3:G2[0.076,0.308,0.617] | v4:G1[0.078,0.600,0.322]
[TopoTrace Step 0] v0:G1[0.372,0.555,0.073] | v1:G0[0.539,0.230,0.230] | v2:G2[0.275,0.226,0.499] | v3:G2[0.076,0.308,0.617] | v4:G1[0.078,0.600,0.322]
[TopoTrace Step 0] v0:G1[0.372,0.555,0.073] | v1:G0[0.539,0.230,0.230] | v2:G2[0.275,0.226,0.499] | v3:G2[0.076,0.308,0.617] | v4:G1[0.078,0.600,0.322]
[TopoTrace Step 0] v0:G1[0.372,0.555,0.073] | v1:G0[0.539,0.230,0.230] | v2:G2[0.275,0.226,0.499] | v3:G2[0.076,0.308,0.617] | v4:G1[0.078,0.600,0.322]
[TopoTrace Step 0] v0:G1[0.372,0.555,0.073] | v1:G0[0.539,0.230,0.230] | v2:G2[0.275,0.226,0.499] | v3:G2[0.076,0.308,0.617] | v4:G1[0.078,0.600,0.322]
[TopoTrace Step 0] v0:G1[0.372,0.555,0.073] | v1:G0[0.539,0.230,0.230] | v2:G2[0.275,0.226,0.499] | v3:G2[0.076,0.308,0.617] | v4:G1[0.078,0.600,0.322]
[TopoTrace Step 0] v0:G1[0.372,0.555,0.073] | v1:G0[0.539,0.230,0.230] | v2:G2[0.275,0.226,0.499] | v3:G2[0.076,0.308,0.617] | v4:G1[0.078,0.600,0.322]
[TopoTrace Step 0] v0:G1[0.372,0.555,0.073] | v1:G0[0.539,0.230,0.230] | v2:G2[0.275,0.226,0.499] | v3:G2[0.076,0.308,0.617] | v4:G1[0.078,0.600,0.322]
[TopoTrace Step 0] v0:G1[0.372,0.555,0.073] | v1:G0[0.539,0.230,0.230] | v2:G2[0.275,0.226,0.499] | v3:G2[0.076,0.308,0.617] | v4:G1[0.078,0.600,0.322]
[TopoTrace Step 0] v0:G1[0.372,0.555,0.073] | v1:G0[0.539,0.230,0.230] | v2:G2[0.275,0.226,0.499] | v3:G2[0.076,0.308,0.617] | v4:G1[0.078,0.600,0.322]
[TopoTrace Step 0] v0:G1[0.372,0.555,0.073] | v1:G0[0.539,0.230,0.230] | v2:G2[0.275,0.226,0.499] | v3:G2[0.076,0.308,0.617] | v4:G1[0.078,0.600,0.322][TopoTrace Step 0] v0:G1[0.372,0.555,0.073] | v1:G0[0.539,0.230,0.230] | v2:G2[0.275,0.226,0.499] | v3:G2[0.076,0.308,0.617] | v4:G1[0.078,0.600,0.322]

[TopoTrace Step 0] v0:G1[0.372,0.555,0.073] | v1:G0[0.539,0.230,0.230] | v2:G2[0.275,0.226,0.499] | v3:G2[0.076,0.308,0.617] | v4:G1[0.078,0.600,0.322]
[TopoTrace Step 0] v0:G1[0.372,0.555,0.073] | v1:G0[0.539,0.230,0.230] | v2:G2[0.275,0.226,0.499] | v3:G2[0.076,0.308,0.617] | v4:G1[0.078,0.600,0.322]
[TopoTrace Step 0] v0:G1[0.372,0.555,0.073] | v1:G0[0.539,0.230,0.230] | v2:G2[0.275,0.226,0.499] | v3:G2[0.076,0.308,0.617] | v4:G1[0.078,0.600,0.322]
[TopoTrace Step 0] v0:G1[0.372,0.555,0.073] | v1:G0[0.539,0.230,0.230] | v2:G2[0.275,0.226,0.499] | v3:G2[0.076,0.308,0.617] | v4:G1[0.078,0.600,0.322]
[TopoTrace Step 0] v0:G1[0.372,0.555,0.073] | v1:G0[0.539,0.230,0.230] | v2:G2[0.275,0.226,0.499] | v3:G2[0.076,0.308,0.617] | v4:G1[0.078,0.600,0.322]
[TopoTrace Step 0] v0:G1[0.372,0.555,0.073] | v1:G0[0.539,0.230,0.230] | v2:G2[0.275,0.226,0.499] | v3:G2[0.076,0.308,0.617] | v4:G1[0.078,0.600,0.322]
[TopoTrace Step 0] v0:G1[0.372,0.555,0.073] | v1:G0[0.539,0.230,0.230] | v2:G2[0.275,0.226,0.499] | v3:G2[0.076,0.308,0.617] | v4:G1[0.078,0.600,0.322]
[TopoTrace Step 0] v0:G1[0.372,0.555,0.073] | v1:G0[0.539,0.230,0.230] | v2:G2[0.275,0.226,0.499] | v3:G2[0.076,0.308,0.617] | v4:G1[0.078,0.600,0.322]
[TopoTrace Step 0] v0:G1[0.372,0.555,0.073] | v1:G0[0.539,0.230,0.230] | v2:G2[0.275,0.226,0.499] | v3:G2[0.076,0.308,0.617] | v4:G1[0.078,0.600,0.322]
[TopoTrace Step 0] v0:G1[0.372,0.555,0.073] | v1:G0[0.539,0.230,0.230] | v2:G2[0.275,0.226,0.499] | v3:G2[0.076,0.308,0.617] | v4:G1[0.078,0.600,0.322]
[TopoTrace Step 0] v0:G1[0.372,0.555,0.073] | v1:G0[0.539,0.230,0.230] | v2:G2[0.275,0.226,0.499] | v3:G2[0.076,0.308,0.617] | v4:G1[0.078,0.600,0.322]
[TopoTrace Step 0] v0:G1[0.372,0.555,0.073] | v1:G0[0.539,0.230,0.230] | v2:G2[0.275,0.226,0.499] | v3:G2[0.076,0.308,0.617] | v4:G1[0.078,0.600,0.322]
[TopoTrace Step 0] v0:G1[0.372,0.555,0.073] | v1:G0[0.539,0.230,0.230] | v2:G2[0.275,0.226,0.499] | v3:G2[0.076,0.308,0.617] | v4:G1[0.078,0.600,0.322]
[TopoTrace Step 0] v0:G1[0.372,0.555,0.073] | v1:G0[0.539,0.230,0.230] | v2:G2[0.275,0.226,0.499] | v3:G2[0.076,0.308,0.617] | v4:G1[0.078,0.600,0.322]
[TopoTrace Step 0] v0:G1[0.372,0.555,0.073] | v1:G0[0.539,0.230,0.230] | v2:G2[0.275,0.226,0.499] | v3:G2[0.076,0.308,0.617] | v4:G1[0.078,0.600,0.322]
[TopoTrace Step 0] v0:G1[0.372,0.555,0.073] | v1:G0[0.539,0.230,0.230] | v2:G2[0.275,0.226,0.499] | v3:G2[0.076,0.308,0.617] | v4:G1[0.078,0.600,0.322]
[TopoTrace Step 0] v0:G1[0.372,0.555,0.073] | v1:G0[0.539,0.230,0.230] | v2:G2[0.275,0.226,0.499] | v3:G2[0.076,0.308,0.617] | v4:G1[0.078,0.600,0.322]
[TopoTrace Step 0] v0:G1[0.372,0.555,0.073] | v1:G0[0.539,0.230,0.230] | v2:G2[0.275,0.226,0.499] | v3:G2[0.076,0.308,0.617] | v4:G1[0.078,0.600,0.322]
[TopoTrace Step 0] v0:G1[0.372,0.555,0.073] | v1:G0[0.539,0.230,0.230] | v2:G2[0.275,0.226,0.499] | v3:G2[0.076,0.308,0.617] | v4:G1[0.078,0.600,0.322]
[TopoTrace Step 0] v0:G1[0.372,0.555,0.073] | v1:G0[0.539,0.230,0.230] | v2:G2[0.275,0.226,0.499] | v3:G2[0.076,0.308,0.617] | v4:G1[0.078,0.600,0.322]
[TopoTrace Step 0] v0:G1[0.372,0.555,0.073] | v1:G0[0.539,0.230,0.230] | v2:G2[0.275,0.226,0.499] | v3:G2[0.076,0.308,0.617] | v4:G1[0.078,0.600,0.322]
[TopoTrace Step 0] v0:G1[0.372,0.555,0.073] | v1:G0[0.539,0.230,0.230] | v2:G2[0.275,0.226,0.499] | v3:G2[0.076,0.308,0.617] | v4:G1[0.078,0.600,0.322]
[TopoTrace Step 0] v0:G1[0.372,0.555,0.073] | v1:G0[0.539,0.230,0.230] | v2:G2[0.275,0.226,0.499] | v3:G2[0.076,0.308,0.617] | v4:G1[0.078,0.600,0.322]
[TopoTrace Step 0] v0:G1[0.372,0.555,0.073] | v1:G0[0.539,0.230,0.230] | v2:G2[0.275,0.226,0.499] | v3:G2[0.076,0.308,0.617] | v4:G1[0.078,0.600,0.322]
[TopoTrace Step 0] v0:G1[0.372,0.555,0.073] | v1:G0[0.539,0.230,0.230] | v2:G2[0.275,0.226,0.499] | v3:G2[0.076,0.308,0.617] | v4:G1[0.078,0.600,0.322]
[TopoTrace Step 0] v0:G1[0.372,0.555,0.073] | v1:G0[0.539,0.230,0.230] | v2:G2[0.275,0.226,0.499] | v3:G2[0.076,0.308,0.617] | v4:G1[0.078,0.600,0.322]
[TopoTrace Step 0] v0:G1[0.372,0.555,0.073] | v1:G0[0.539,0.230,0.230] | v2:G2[0.275,0.226,0.499] | v3:G2[0.076,0.308,0.617] | v4:G1[0.078,0.600,0.322]
[TopoTrace Step 0] v0:G1[0.372,0.555,0.073] | v1:G0[0.539,0.230,0.230] | v2:G2[0.275,0.226,0.499] | v3:G2[0.076,0.308,0.617] | v4:G1[0.078,0.600,0.322]
[TopoTrace Step 0] v0:G1[0.372,0.555,0.073] | v1:G0[0.539,0.230,0.230] | v2:G2[0.275,0.226,0.499] | v3:G2[0.076,0.308,0.617] | v4:G1[0.078,0.600,0.322]
[TopoTrace Step 0] v0:G1[0.372,0.555,0.073] | v1:G0[0.539,0.230,0.230] | v2:G2[0.275,0.226,0.499] | v3:G2[0.076,0.308,0.617] | v4:G1[0.078,0.600,0.322]
[TopoTrace Step 0] v0:G1[0.372,0.555,0.073] | v1:G0[0.539,0.230,0.230] | v2:G2[0.275,0.226,0.499] | v3:G2[0.076,0.308,0.617] | v4:G1[0.078,0.600,0.322]
[TopoTrace Step 0] v0:G1[0.372,0.555,0.073] | v1:G0[0.539,0.230,0.230] | v2:G2[0.275,0.226,0.499] | v3:G2[0.076,0.308,0.617] | v4:G1[0.078,0.600,0.322]
[TopoTrace Step 0] v0:G1[0.372,0.555,0.073] | v1:G0[0.539,0.230,0.230] | v2:G2[0.275,0.226,0.499] | v3:G2[0.076,0.308,0.617] | v4:G1[0.078,0.600,0.322]
[TopoTrace Step 0] v0:G1[0.372,0.555,0.073] | v1:G0[0.539,0.230,0.230] | v2:G2[0.275,0.226,0.499] | v3:G2[0.076,0.308,0.617] | v4:G1[0.078,0.600,0.322]
[TopoTrace Step 0] v0:G1[0.372,0.555,0.073] | v1:G0[0.539,0.230,0.230] | v2:G2[0.275,0.226,0.499] | v3:G2[0.076,0.308,0.617] | v4:G1[0.078,0.600,0.322]
[TopoTrace Step 0] v0:G1[0.372,0.555,0.073] | v1:G0[0.539,0.230,0.230] | v2:G2[0.275,0.226,0.499] | v3:G2[0.076,0.308,0.617] | v4:G1[0.078,0.600,0.322]
[TopoTrace Step 0] v0:G1[0.372,0.555,0.073] | v1:G0[0.539,0.230,0.230] | v2:G2[0.275,0.226,0.499] | v3:G2[0.076,0.308,0.617] | v4:G1[0.078,0.600,0.322]
[TopoTrace Step 0] v0:G1[0.372,0.555,0.073] | v1:G0[0.539,0.230,0.230] | v2:G2[0.275,0.226,0.499] | v3:G2[0.076,0.308,0.617] | v4:G1[0.078,0.600,0.322]
[TopoTrace Step 0] v0:G1[0.372,0.555,0.073] | v1:G0[0.539,0.230,0.230] | v2:G2[0.275,0.226,0.499] | v3:G2[0.076,0.308,0.617] | v4:G1[0.078,0.600,0.322]
[TopoTrace Step 0] v0:G1[0.372,0.555,0.073] | v1:G0[0.539,0.230,0.230] | v2:G2[0.275,0.226,0.499] | v3:G2[0.076,0.308,0.617] | v4:G1[0.078,0.600,0.322]
[TopoTrace Step 0] v0:G1[0.372,0.555,0.073] | v1:G0[0.539,0.230,0.230] | v2:G2[0.275,0.226,0.499] | v3:G2[0.076,0.308,0.617] | v4:G1[0.078,0.600,0.322]
[TopoTrace Step 0] v0:G1[0.372,0.555,0.073] | v1:G0[0.539,0.230,0.230] | v2:G2[0.275,0.226,0.499] | v3:G2[0.076,0.308,0.617] | v4:G1[0.078,0.600,0.322]
[TopoTrace Step 0] v0:G1[0.372,0.555,0.073] | v1:G0[0.539,0.230,0.230] | v2:G2[0.275,0.226,0.499] | v3:G2[0.076,0.308,0.617] | v4:G1[0.078,0.600,0.322]
[TopoTrace Step 0] v0:G1[0.372,0.555,0.073] | v1:G0[0.539,0.230,0.230] | v2:G2[0.275,0.226,0.499] | v3:G2[0.076,0.308,0.617] | v4:G1[0.078,0.600,0.322]
[TopoTrace Step 0] v0:G1[0.372,0.555,0.073] | v1:G0[0.539,0.230,0.230] | v2:G2[0.275,0.226,0.499] | v3:G2[0.076,0.308,0.617] | v4:G1[0.078,0.600,0.322]
[TopoTrace Step 0] v0:G1[0.372,0.555,0.073] | v1:G0[0.539,0.230,0.230] | v2:G2[0.275,0.226,0.499] | v3:G2[0.076,0.308,0.617] | v4:G1[0.078,0.600,0.322]
[TopoTrace Step 0] v0:G1[0.372,0.555,0.073] | v1:G0[0.539,0.230,0.230] | v2:G2[0.275,0.226,0.499] | v3:G2[0.076,0.308,0.617] | v4:G1[0.078,0.600,0.322]
[TopoTrace Step 0] v0:G1[0.372,0.555,0.073] | v1:G0[0.539,0.230,0.230] | v2:G2[0.275,0.226,0.499] | v3:G2[0.076,0.308,0.617] | v4:G1[0.078,0.600,0.322]
[TopoTrace Step 0] v0:G1[0.372,0.555,0.073] | v1:G0[0.539,0.230,0.230] | v2:G2[0.275,0.226,0.499] | v3:G2[0.076,0.308,0.617] | v4:G1[0.078,0.600,0.322]
[TopoTrace Step 0] v0:G1[0.372,0.555,0.073] | v1:G0[0.539,0.230,0.230] | v2:G2[0.275,0.226,0.499] | v3:G2[0.076,0.308,0.617] | v4:G1[0.078,0.600,0.322]
[TopoTrace Step 0] v0:G1[0.372,0.555,0.073] | v1:G0[0.539,0.230,0.230] | v2:G2[0.275,0.226,0.499] | v3:G2[0.076,0.308,0.617] | v4:G1[0.078,0.600,0.322]
[TopoTrace Step 0] v0:G1[0.372,0.555,0.073] | v1:G0[0.539,0.230,0.230] | v2:G2[0.275,0.226,0.499] | v3:G2[0.076,0.308,0.617] | v4:G1[0.078,0.600,0.322]
[TopoTrace Step 0] v0:G1[0.372,0.555,0.073] | v1:G0[0.539,0.230,0.230] | v2:G2[0.275,0.226,0.499] | v3:G2[0.076,0.308,0.617] | v4:G1[0.078,0.600,0.322]
[TopoTrace Step 0] v0:G1[0.372,0.555,0.073] | v1:G0[0.539,0.230,0.230] | v2:G2[0.275,0.226,0.499] | v3:G2[0.076,0.308,0.617] | v4:G1[0.078,0.600,0.322]
[TopoTrace Step 0] v0:G1[0.372,0.555,0.073] | v1:G0[0.539,0.230,0.230] | v2:G2[0.275,0.226,0.499] | v3:G2[0.076,0.308,0.617] | v4:G1[0.078,0.600,0.322]
[TopoTrace Step 0] v0:G1[0.372,0.555,0.073] | v1:G0[0.539,0.230,0.230] | v2:G2[0.275,0.226,0.499] | v3:G2[0.076,0.308,0.617] | v4:G1[0.078,0.600,0.322]
[TopoTrace Step 0] v0:G1[0.372,0.555,0.073] | v1:G0[0.539,0.230,0.230] | v2:G2[0.275,0.226,0.499] | v3:G2[0.076,0.308,0.617] | v4:G1[0.078,0.600,0.322]
[TopoTrace Step 0] v0:G1[0.372,0.555,0.073] | v1:G0[0.539,0.230,0.230] | v2:G2[0.275,0.226,0.499] | v3:G2[0.076,0.308,0.617] | v4:G1[0.078,0.600,0.322]
[TopoTrace Step 0] v0:G1[0.372,0.555,0.073] | v1:G0[0.539,0.230,0.230] | v2:G2[0.275,0.226,0.499] | v3:G2[0.076,0.308,0.617] | v4:G1[0.078,0.600,0.322]
[TopoTrace Step 0] v0:G1[0.372,0.555,0.073] | v1:G0[0.539,0.230,0.230] | v2:G2[0.275,0.226,0.499] | v3:G2[0.076,0.308,0.617] | v4:G1[0.078,0.600,0.322]
[TopoTrace Step 0] v0:G1[0.372,0.555,0.073] | v1:G0[0.539,0.230,0.230] | v2:G2[0.275,0.226,0.499] | v3:G2[0.076,0.307,0.617] | v4:G1[0.078,0.600,0.322]
[TopoTrace Step 0] v0:G1[0.372,0.555,0.073] | v1:G0[0.539,0.230,0.230] | v2:G2[0.275,0.226,0.499] | v3:G2[0.076,0.307,0.617] | v4:G1[0.078,0.600,0.322]
[TopoTrace Step 0] v0:G1[0.372,0.555,0.073] | v1:G0[0.539,0.230,0.230] | v2:G2[0.275,0.226,0.499] | v3:G2[0.076,0.307,0.617] | v4:G1[0.078,0.600,0.322]
[TopoTrace Step 0] v0:G1[0.372,0.555,0.073] | v1:G0[0.539,0.230,0.230] | v2:G2[0.275,0.226,0.499] | v3:G2[0.076,0.307,0.617] | v4:G1[0.078,0.600,0.322]
[TopoTrace Step 0] v0:G1[0.372,0.555,0.073] | v1:G0[0.539,0.230,0.230] | v2:G2[0.275,0.226,0.499] | v3:G2[0.076,0.307,0.617] | v4:G1[0.078,0.600,0.322]
[TopoTrace Step 0] v0:G1[0.372,0.555,0.073] | v1:G0[0.539,0.230,0.230] | v2:G2[0.275,0.226,0.499] | v3:G2[0.076,0.307,0.617] | v4:G1[0.078,0.600,0.322]
[TopoTrace Step 0] v0:G1[0.372,0.555,0.073] | v1:G0[0.539,0.230,0.230] | v2:G2[0.275,0.226,0.499] | v3:G2[0.076,0.307,0.617] | v4:G1[0.078,0.600,0.322][TopoTrace Step 0] v0:G1[0.372,0.555,0.073] | v1:G0[0.539,0.230,0.230] | v2:G2[0.275,0.226,0.499] | v3:G2[0.076,0.307,0.617] | v4:G1[0.078,0.600,0.322]

[TopoTrace Step 0] v0:G1[0.372,0.555,0.073] | v1:G0[0.539,0.230,0.230] | v2:G2[0.275,0.226,0.499] | v3:G2[0.076,0.307,0.617] | v4:G1[0.078,0.600,0.322]
[TopoTrace Step 0] v0:G1[0.372,0.555,0.073] | v1:G0[0.539,0.230,0.230] | v2:G2[0.275,0.226,0.499] | v3:G2[0.076,0.307,0.617] | v4:G1[0.078,0.600,0.322]
[TopoTrace Step 0] v0:G1[0.372,0.555,0.073] | v1:G0[0.539,0.230,0.230] | v2:G2[0.275,0.226,0.499] | v3:G2[0.076,0.307,0.617] | v4:G1[0.078,0.600,0.322]
[TopoTrace Step 0] v0:G1[0.372,0.555,0.073] | v1:G0[0.539,0.230,0.230] | v2:G2[0.275,0.226,0.499] | v3:G2[0.076,0.307,0.617] | v4:G1[0.078,0.600,0.322]
[TopoTrace Step 0] v0:G1[0.372,0.555,0.073] | v1:G0[0.539,0.230,0.230] | v2:G2[0.275,0.226,0.499] | v3:G2[0.076,0.307,0.617] | v4:G1[0.078,0.600,0.322]
[TopoTrace Step 0] v0:G1[0.372,0.555,0.073] | v1:G0[0.539,0.230,0.230] | v2:G2[0.275,0.226,0.499] | v3:G2[0.076,0.307,0.617] | v4:G1[0.078,0.600,0.322]
[TopoTrace Step 0] v0:G1[0.372,0.555,0.073] | v1:G0[0.539,0.230,0.230] | v2:G2[0.275,0.226,0.499] | v3:G2[0.076,0.307,0.617] | v4:G1[0.078,0.600,0.322]
[TopoTrace Step 0] v0:G1[0.372,0.555,0.073] | v1:G0[0.539,0.230,0.230] | v2:G2[0.275,0.226,0.499] | v3:G2[0.076,0.307,0.617] | v4:G1[0.078,0.600,0.322]
[TopoTrace Step 0] v0:G1[0.372,0.555,0.073] | v1:G0[0.539,0.230,0.230] | v2:G2[0.275,0.226,0.499] | v3:G2[0.076,0.307,0.617] | v4:G1[0.078,0.600,0.322]
[TopoTrace Step 0] v0:G1[0.372,0.555,0.073] | v1:G0[0.539,0.230,0.230] | v2:G2[0.275,0.226,0.499] | v3:G2[0.076,0.307,0.617] | v4:G1[0.078,0.600,0.322]
[TopoTrace Step 0] v0:G1[0.372,0.555,0.073] | v1:G0[0.539,0.230,0.230] | v2:G2[0.275,0.226,0.499] | v3:G2[0.076,0.307,0.617] | v4:G1[0.078,0.600,0.322]
[TopoTrace Step 0] v0:G1[0.372,0.555,0.073] | v1:G0[0.539,0.230,0.230] | v2:G2[0.275,0.226,0.499] | v3:G2[0.076,0.307,0.617] | v4:G1[0.078,0.600,0.322]
[TopoTrace Step 0] v0:G1[0.372,0.555,0.073] | v1:G0[0.539,0.230,0.230] | v2:G2[0.275,0.226,0.499] | v3:G2[0.076,0.307,0.617] | v4:G1[0.078,0.600,0.322]
[TopoTrace Step 0] v0:G1[0.372,0.555,0.073] | v1:G0[0.539,0.230,0.230] | v2:G2[0.275,0.226,0.499] | v3:G2[0.076,0.307,0.617] | v4:G1[0.078,0.600,0.322]
[TopoTrace Step 0] v0:G1[0.372,0.555,0.073] | v1:G0[0.539,0.230,0.230] | v2:G2[0.275,0.226,0.499] | v3:G2[0.076,0.307,0.617] | v4:G1[0.078,0.600,0.322]
[TopoTrace Step 0] v0:G1[0.372,0.555,0.073] | v1:G0[0.539,0.230,0.230] | v2:G2[0.275,0.226,0.499] | v3:G2[0.076,0.307,0.617] | v4:G1[0.078,0.600,0.322]
[TopoTrace Step 0] v0:G1[0.372,0.555,0.073] | v1:G0[0.539,0.230,0.230] | v2:G2[0.275,0.226,0.499] | v3:G2[0.076,0.307,0.617] | v4:G1[0.078,0.600,0.322]
[TopoTrace Step 0] v0:G1[0.372,0.555,0.073] | v1:G0[0.539,0.230,0.230] | v2:G2[0.275,0.226,0.499] | v3:G2[0.076,0.307,0.617] | v4:G1[0.078,0.600,0.322]
[TopoTrace Step 0] v0:G1[0.372,0.555,0.073] | v1:G0[0.539,0.230,0.230] | v2:G2[0.275,0.226,0.499] | v3:G2[0.076,0.307,0.617] | v4:G1[0.078,0.600,0.322]
[TopoTrace Step 0] v0:G1[0.372,0.555,0.073] | v1:G0[0.539,0.230,0.230] | v2:G2[0.275,0.226,0.499] | v3:G2[0.076,0.307,0.617] | v4:G1[0.078,0.600,0.322]
[TopoTrace Step 0] v0:G1[0.372,0.555,0.073] | v1:G0[0.539,0.230,0.230] | v2:G2[0.275,0.226,0.499] | v3:G2[0.076,0.307,0.617] | v4:G1[0.078,0.600,0.322]
[TopoTrace Step 0] v0:G1[0.372,0.555,0.073] | v1:G0[0.539,0.230,0.230] | v2:G2[0.275,0.226,0.499] | v3:G2[0.076,0.307,0.617] | v4:G1[0.078,0.600,0.322]
[TopoTrace Step 0] v0:G1[0.372,0.555,0.073] | v1:G0[0.539,0.230,0.230] | v2:G2[0.275,0.226,0.499] | v3:G2[0.076,0.307,0.617] | v4:G1[0.078,0.600,0.322]
[TopoTrace Step 0] v0:G1[0.372,0.555,0.073] | v1:G0[0.539,0.230,0.230] | v2:G2[0.275,0.226,0.499] | v3:G2[0.076,0.307,0.617] | v4:G1[0.078,0.600,0.322]
[TopoTrace Step 0] v0:G1[0.372,0.555,0.073] | v1:G0[0.539,0.230,0.230] | v2:G2[0.275,0.226,0.499] | v3:G2[0.076,0.307,0.617] | v4:G1[0.078,0.600,0.322]
[TopoTrace Step 0] v0:G1[0.372,0.555,0.073] | v1:G0[0.539,0.230,0.230] | v2:G2[0.275,0.226,0.499] | v3:G2[0.076,0.307,0.617] | v4:G1[0.078,0.600,0.322]
[TopoTrace Step 0] v0:G1[0.372,0.555,0.073] | v1:G0[0.539,0.230,0.230] | v2:G2[0.275,0.226,0.499] | v3:G2[0.076,0.307,0.617] | v4:G1[0.078,0.600,0.322]
[TopoTrace Step 0] v0:G1[0.372,0.555,0.073] | v1:G0[0.539,0.230,0.230] | v2:G2[0.275,0.226,0.499] | v3:G2[0.076,0.307,0.617] | v4:G1[0.078,0.600,0.322]
[TopoTrace Step 0] v0:G1[0.372,0.555,0.073] | v1:G0[0.539,0.230,0.230] | v2:G2[0.275,0.226,0.499] | v3:G2[0.076,0.307,0.617] | v4:G1[0.078,0.600,0.322]
[TopoTrace Step 0] v0:G1[0.372,0.555,0.073] | v1:G0[0.539,0.230,0.230] | v2:G2[0.275,0.226,0.499] | v3:G2[0.076,0.307,0.617] | v4:G1[0.078,0.600,0.322]
[TopoTrace Step 0] v0:G1[0.372,0.555,0.073] | v1:G0[0.539,0.230,0.230] | v2:G2[0.275,0.226,0.499] | v3:G2[0.076,0.307,0.617] | v4:G1[0.078,0.600,0.322]
[TopoTrace Step 0] v0:G1[0.372,0.555,0.073] | v1:G0[0.539,0.230,0.230] | v2:G2[0.275,0.226,0.499] | v3:G2[0.076,0.307,0.617] | v4:G1[0.078,0.600,0.322]
[TopoTrace Step 0] v0:G1[0.372,0.555,0.073] | v1:G0[0.539,0.230,0.230] | v2:G2[0.275,0.226,0.499] | v3:G2[0.076,0.307,0.617] | v4:G1[0.078,0.600,0.322]
[TopoTrace Step 0] v0:G1[0.372,0.555,0.073] | v1:G0[0.539,0.230,0.230] | v2:G2[0.275,0.226,0.499] | v3:G2[0.076,0.307,0.617] | v4:G1[0.078,0.600,0.322]
[TopoTrace Step 0] v0:G1[0.372,0.555,0.073] | v1:G0[0.539,0.230,0.230] | v2:G2[0.275,0.226,0.499] | v3:G2[0.076,0.307,0.617] | v4:G1[0.078,0.600,0.322]
[TopoTrace Step 0] v0:G1[0.372,0.555,0.073] | v1:G0[0.539,0.230,0.230] | v2:G2[0.275,0.226,0.499] | v3:G2[0.076,0.307,0.617] | v4:G1[0.078,0.600,0.322]
[TopoTrace Step 0] v0:G1[0.372,0.555,0.073] | v1:G0[0.539,0.230,0.230] | v2:G2[0.275,0.226,0.499] | v3:G2[0.076,0.307,0.617] | v4:G1[0.078,0.600,0.322][TopoTrace Step 0] v0:G1[0.372,0.555,0.073] | v1:G0[0.539,0.230,0.230] | v2:G2[0.275,0.226,0.499] | v3:G2[0.076,0.307,0.617] | v4:G1[0.078,0.600,0.322]

[TopoTrace Step 0] v0:G1[0.372,0.555,0.073] | v1:G0[0.539,0.230,0.230] | v2:G2[0.275,0.226,0.499] | v3:G2[0.076,0.307,0.617] | v4:G1[0.078,0.600,0.322]
[TopoTrace Step 0] v0:G1[0.372,0.555,0.073] | v1:G0[0.539,0.230,0.230] | v2:G2[0.275,0.226,0.499] | v3:G2[0.076,0.307,0.617] | v4:G1[0.078,0.600,0.322]
[TopoTrace Step 0] v0:G1[0.372,0.555,0.073] | v1:G0[0.539,0.230,0.230] | v2:G2[0.275,0.226,0.499] | v3:G2[0.076,0.307,0.617] | v4:G1[0.078,0.600,0.322]
[TopoTrace Step 0] v0:G1[0.372,0.555,0.073] | v1:G0[0.539,0.230,0.230] | v2:G2[0.275,0.226,0.499] | v3:G2[0.076,0.307,0.617] | v4:G1[0.078,0.600,0.322]
[TopoTrace Step 0] v0:G1[0.372,0.555,0.073] | v1:G0[0.539,0.230,0.230] | v2:G2[0.275,0.226,0.499] | v3:G2[0.076,0.307,0.617] | v4:G1[0.078,0.600,0.322]
[TopoTrace Step 0] v0:G1[0.372,0.555,0.073] | v1:G0[0.539,0.230,0.230] | v2:G2[0.275,0.226,0.499] | v3:G2[0.076,0.307,0.617] | v4:G1[0.078,0.600,0.322]
[TopoTrace Step 0] v0:G1[0.372,0.555,0.073] | v1:G0[0.539,0.230,0.230] | v2:G2[0.275,0.226,0.499] | v3:G2[0.076,0.307,0.617] | v4:G1[0.078,0.600,0.322]
[TopoTrace Step 0] v0:G1[0.372,0.555,0.073] | v1:G0[0.539,0.230,0.230] | v2:G2[0.275,0.226,0.499] | v3:G2[0.076,0.307,0.617] | v4:G1[0.078,0.600,0.322]
[TopoTrace Step 0] v0:G1[0.372,0.555,0.073] | v1:G0[0.539,0.230,0.230] | v2:G2[0.275,0.226,0.499] | v3:G2[0.076,0.307,0.617] | v4:G1[0.078,0.600,0.322]
[TopoTrace Step 0] v0:G1[0.372,0.555,0.073] | v1:G0[0.539,0.230,0.230] | v2:G2[0.275,0.226,0.499] | v3:G2[0.076,0.307,0.617] | v4:G1[0.078,0.600,0.322]
[TopoTrace Step 0] v0:G1[0.372,0.555,0.073] | v1:G0[0.539,0.230,0.230] | v2:G2[0.275,0.226,0.499] | v3:G2[0.076,0.307,0.617] | v4:G1[0.078,0.600,0.322]
[TopoTrace Step 0] v0:G1[0.372,0.555,0.073] | v1:G0[0.539,0.230,0.230] | v2:G2[0.275,0.226,0.499] | v3:G2[0.076,0.307,0.617] | v4:G1[0.078,0.600,0.322]
[TopoTrace Step 0] v0:G1[0.372,0.555,0.073] | v1:G0[0.539,0.230,0.230] | v2:G2[0.275,0.226,0.499] | v3:G2[0.076,0.307,0.617] | v4:G1[0.078,0.600,0.322]
[TopoTrace Step 0] v0:G1[0.372,0.555,0.073] | v1:G0[0.539,0.230,0.230] | v2:G2[0.275,0.226,0.499] | v3:G2[0.076,0.307,0.617] | v4:G1[0.078,0.600,0.322]
[TopoTrace Step 0] v0:G1[0.372,0.555,0.073] | v1:G0[0.539,0.230,0.230] | v2:G2[0.275,0.226,0.499] | v3:G2[0.076,0.307,0.617] | v4:G1[0.078,0.600,0.322]
[TopoTrace Step 0] v0:G1[0.372,0.555,0.073] | v1:G0[0.539,0.230,0.230] | v2:G2[0.275,0.226,0.499] | v3:G2[0.076,0.307,0.617] | v4:G1[0.078,0.600,0.322]
[TopoTrace Step 0] v0:G1[0.372,0.555,0.073] | v1:G0[0.539,0.230,0.230] | v2:G2[0.275,0.226,0.499] | v3:G2[0.076,0.307,0.617] | v4:G1[0.078,0.600,0.322]
[TopoTrace Step 0] v0:G1[0.372,0.555,0.073] | v1:G0[0.539,0.230,0.230] | v2:G2[0.275,0.226,0.499] | v3:G2[0.076,0.307,0.617] | v4:G1[0.078,0.600,0.322]
[TopoTrace Step 0] v0:G1[0.372,0.555,0.073] | v1:G0[0.539,0.230,0.230] | v2:G2[0.275,0.226,0.499] | v3:G2[0.076,0.307,0.617] | v4:G1[0.078,0.600,0.322]
[TopoTrace Step 0] v0:G1[0.372,0.555,0.073] | v1:G0[0.539,0.230,0.230] | v2:G2[0.275,0.226,0.499] | v3:G2[0.076,0.307,0.617] | v4:G1[0.078,0.600,0.322]
[TopoTrace Step 0] v0:G1[0.372,0.555,0.073] | v1:G0[0.539,0.230,0.230] | v2:G2[0.275,0.226,0.499] | v3:G2[0.076,0.307,0.617] | v4:G1[0.078,0.600,0.322]
[TopoTrace Step 0] v0:G1[0.372,0.555,0.073] | v1:G0[0.539,0.230,0.230] | v2:G2[0.275,0.226,0.499] | v3:G2[0.076,0.307,0.617] | v4:G1[0.078,0.600,0.322]
[TopoTrace Step 0] v0:G1[0.372,0.555,0.073] | v1:G0[0.539,0.230,0.230] | v2:G2[0.275,0.226,0.499] | v3:G2[0.076,0.307,0.617] | v4:G1[0.078,0.600,0.322]
[TopoTrace Step 0] v0:G1[0.372,0.555,0.073] | v1:G0[0.539,0.230,0.230] | v2:G2[0.275,0.226,0.499] | v3:G2[0.076,0.307,0.617] | v4:G1[0.078,0.600,0.322]
[TopoTrace Step 0] v0:G1[0.372,0.555,0.073] | v1:G0[0.539,0.230,0.230] | v2:G2[0.275,0.226,0.499] | v3:G2[0.076,0.307,0.617] | v4:G1[0.078,0.600,0.322]
[TopoTrace Step 0] v0:G1[0.372,0.555,0.073] | v1:G0[0.539,0.230,0.230] | v2:G2[0.275,0.226,0.499] | v3:G2[0.076,0.307,0.617] | v4:G1[0.078,0.600,0.322]
[TopoTrace Step 0] v0:G1[0.372,0.555,0.073] | v1:G0[0.539,0.230,0.230] | v2:G2[0.275,0.226,0.499] | v3:G2[0.076,0.307,0.617] | v4:G1[0.078,0.600,0.322]
[TopoTrace Step 0] v0:G1[0.372,0.555,0.073] | v1:G0[0.539,0.230,0.230] | v2:G2[0.275,0.226,0.499] | v3:G2[0.076,0.307,0.617] | v4:G1[0.078,0.600,0.322]
[TopoTrace Step 0] v0:G1[0.372,0.555,0.073] | v1:G0[0.539,0.230,0.230] | v2:G2[0.275,0.226,0.499] | v3:G2[0.076,0.307,0.617] | v4:G1[0.078,0.600,0.322]
[TopoTrace Step 0] v0:G1[0.372,0.555,0.073] | v1:G0[0.539,0.230,0.230] | v2:G2[0.275,0.226,0.499] | v3:G2[0.076,0.307,0.617] | v4:G1[0.078,0.600,0.322]
	iters: 100, epoch: 8 | loss: 0.3777192
	speed: 7.5556s/iter; left time: 5916.0169s
[TopoTrace Step 0] v0:G1[0.372,0.555,0.073] | v1:G0[0.539,0.230,0.230] | v2:G2[0.275,0.226,0.499] | v3:G2[0.076,0.307,0.617] | v4:G1[0.078,0.600,0.322]
[TopoTrace Step 0] v0:G1[0.372,0.555,0.073] | v1:G0[0.539,0.230,0.230] | v2:G2[0.275,0.226,0.499] | v3:G2[0.076,0.307,0.617] | v4:G1[0.078,0.600,0.322]
[TopoTrace Step 0] v0:G1[0.372,0.555,0.073] | v1:G0[0.539,0.230,0.230] | v2:G2[0.275,0.226,0.499] | v3:G2[0.076,0.307,0.617] | v4:G1[0.078,0.600,0.322][TopoTrace Step 0] v0:G1[0.372,0.555,0.073] | v1:G0[0.539,0.230,0.230] | v2:G2[0.275,0.226,0.499] | v3:G2[0.076,0.307,0.617] | v4:G1[0.078,0.600,0.322]

[TopoTrace Step 0] v0:G1[0.372,0.555,0.073] | v1:G0[0.539,0.230,0.230] | v2:G2[0.275,0.226,0.499] | v3:G2[0.076,0.307,0.617] | v4:G1[0.078,0.600,0.322]
[TopoTrace Step 0] v0:G1[0.372,0.555,0.073] | v1:G0[0.539,0.230,0.230] | v2:G2[0.275,0.226,0.499] | v3:G2[0.076,0.307,0.617] | v4:G1[0.078,0.600,0.322]
[TopoTrace Step 0] v0:G1[0.372,0.555,0.073] | v1:G0[0.539,0.230,0.230] | v2:G2[0.275,0.226,0.499] | v3:G2[0.076,0.307,0.617] | v4:G1[0.078,0.600,0.322]
[TopoTrace Step 0] v0:G1[0.372,0.555,0.073] | v1:G0[0.539,0.230,0.230] | v2:G2[0.275,0.226,0.499] | v3:G2[0.076,0.307,0.617] | v4:G1[0.078,0.600,0.322]
[TopoTrace Step 0] v0:G1[0.372,0.555,0.073] | v1:G0[0.539,0.230,0.230] | v2:G2[0.275,0.226,0.499] | v3:G2[0.076,0.307,0.617] | v4:G1[0.078,0.600,0.322]
[TopoTrace Step 0] v0:G1[0.372,0.555,0.073] | v1:G0[0.539,0.230,0.230] | v2:G2[0.275,0.226,0.499] | v3:G2[0.076,0.307,0.617] | v4:G1[0.078,0.600,0.322]
[TopoTrace Step 0] v0:G1[0.372,0.555,0.073] | v1:G0[0.539,0.230,0.230] | v2:G2[0.275,0.226,0.499] | v3:G2[0.076,0.307,0.617] | v4:G1[0.078,0.600,0.322]
[TopoTrace Step 0] v0:G1[0.372,0.555,0.073] | v1:G0[0.539,0.230,0.230] | v2:G2[0.275,0.226,0.499] | v3:G2[0.076,0.307,0.617] | v4:G1[0.078,0.600,0.322]
[TopoTrace Step 0] v0:G1[0.372,0.555,0.073] | v1:G0[0.539,0.230,0.230] | v2:G2[0.275,0.226,0.499] | v3:G2[0.076,0.307,0.617] | v4:G1[0.078,0.600,0.322]
[TopoTrace Step 0] v0:G1[0.372,0.555,0.073] | v1:G0[0.539,0.230,0.230] | v2:G2[0.275,0.226,0.499] | v3:G2[0.076,0.307,0.617] | v4:G1[0.078,0.600,0.322]
[TopoTrace Step 0] v0:G1[0.372,0.555,0.073] | v1:G0[0.539,0.230,0.230] | v2:G2[0.275,0.226,0.499] | v3:G2[0.076,0.307,0.617] | v4:G1[0.078,0.600,0.322]
[TopoTrace Step 0] v0:G1[0.372,0.555,0.073] | v1:G0[0.539,0.230,0.230] | v2:G2[0.275,0.226,0.499] | v3:G2[0.076,0.307,0.617] | v4:G1[0.078,0.600,0.322]
[TopoTrace Step 0] v0:G1[0.372,0.555,0.073] | v1:G0[0.539,0.230,0.230] | v2:G2[0.275,0.226,0.499] | v3:G2[0.076,0.307,0.617] | v4:G1[0.078,0.600,0.322]
[TopoTrace Step 0] v0:G1[0.372,0.555,0.073] | v1:G0[0.539,0.230,0.230] | v2:G2[0.275,0.226,0.499] | v3:G2[0.076,0.307,0.617] | v4:G1[0.078,0.600,0.322]
[TopoTrace Step 0] v0:G1[0.372,0.555,0.073] | v1:G0[0.539,0.230,0.230] | v2:G2[0.275,0.226,0.499] | v3:G2[0.076,0.307,0.617] | v4:G1[0.078,0.600,0.322]
[TopoTrace Step 0] v0:G1[0.372,0.555,0.073] | v1:G0[0.539,0.230,0.230] | v2:G2[0.275,0.226,0.499] | v3:G2[0.076,0.307,0.617] | v4:G1[0.078,0.600,0.322]
[TopoTrace Step 0] v0:G1[0.372,0.555,0.073] | v1:G0[0.539,0.230,0.230] | v2:G2[0.275,0.226,0.499] | v3:G2[0.076,0.307,0.617] | v4:G1[0.078,0.600,0.322]
[TopoTrace Step 0] v0:G1[0.372,0.555,0.073] | v1:G0[0.539,0.230,0.230] | v2:G2[0.275,0.226,0.499] | v3:G2[0.076,0.307,0.617] | v4:G1[0.078,0.600,0.322]
[TopoTrace Step 0] v0:G1[0.372,0.555,0.073] | v1:G0[0.539,0.230,0.230] | v2:G2[0.275,0.226,0.499] | v3:G2[0.076,0.307,0.617] | v4:G1[0.078,0.600,0.322]
[TopoTrace Step 0] v0:G1[0.372,0.555,0.073] | v1:G0[0.539,0.230,0.230] | v2:G2[0.275,0.226,0.499] | v3:G2[0.076,0.307,0.617] | v4:G1[0.078,0.600,0.322]
[TopoTrace Step 0] v0:G1[0.372,0.555,0.073] | v1:G0[0.539,0.230,0.230] | v2:G2[0.275,0.226,0.499] | v3:G2[0.076,0.307,0.617] | v4:G1[0.078,0.600,0.322]
[TopoTrace Step 0] v0:G1[0.372,0.555,0.073] | v1:G0[0.539,0.230,0.230] | v2:G2[0.275,0.226,0.499] | v3:G2[0.076,0.307,0.617] | v4:G1[0.078,0.600,0.322]
[TopoTrace Step 0] v0:G1[0.372,0.555,0.073] | v1:G0[0.539,0.230,0.230] | v2:G2[0.275,0.226,0.499] | v3:G2[0.076,0.307,0.617] | v4:G1[0.078,0.600,0.322]
[TopoTrace Step 0] v0:G1[0.372,0.555,0.073] | v1:G0[0.539,0.230,0.230] | v2:G2[0.275,0.226,0.499] | v3:G2[0.076,0.307,0.617] | v4:G1[0.078,0.600,0.322]
[TopoTrace Step 0] v0:G1[0.372,0.555,0.073] | v1:G0[0.539,0.230,0.230] | v2:G2[0.275,0.226,0.499] | v3:G2[0.076,0.307,0.617] | v4:G1[0.078,0.600,0.322]
[TopoTrace Step 0] v0:G1[0.372,0.555,0.073] | v1:G0[0.539,0.230,0.230] | v2:G2[0.275,0.226,0.499] | v3:G2[0.076,0.307,0.617] | v4:G1[0.078,0.600,0.322]
[TopoTrace Step 0] v0:G1[0.372,0.555,0.073] | v1:G0[0.539,0.230,0.230] | v2:G2[0.275,0.226,0.499] | v3:G2[0.076,0.307,0.617] | v4:G1[0.078,0.600,0.322]
[TopoTrace Step 0] v0:G1[0.372,0.555,0.073] | v1:G0[0.539,0.230,0.230] | v2:G2[0.275,0.226,0.499] | v3:G2[0.076,0.307,0.617] | v4:G1[0.078,0.600,0.322]
[TopoTrace Step 0] v0:G1[0.372,0.555,0.073] | v1:G0[0.539,0.230,0.230] | v2:G2[0.275,0.226,0.499] | v3:G2[0.076,0.307,0.617] | v4:G1[0.078,0.600,0.322]
[TopoTrace Step 0] v0:G1[0.372,0.555,0.073] | v1:G0[0.539,0.230,0.230] | v2:G2[0.275,0.226,0.499] | v3:G2[0.076,0.307,0.617] | v4:G1[0.078,0.600,0.322]
[TopoTrace Step 0] v0:G1[0.372,0.555,0.073] | v1:G0[0.539,0.230,0.230] | v2:G2[0.275,0.226,0.499] | v3:G2[0.076,0.307,0.617] | v4:G1[0.078,0.600,0.322]
[TopoTrace Step 0] v0:G1[0.372,0.555,0.073] | v1:G0[0.539,0.230,0.230] | v2:G2[0.275,0.226,0.499] | v3:G2[0.076,0.307,0.617] | v4:G1[0.078,0.600,0.322]
[TopoTrace Step 0] v0:G1[0.372,0.555,0.073] | v1:G0[0.539,0.230,0.230] | v2:G2[0.275,0.226,0.499] | v3:G2[0.076,0.307,0.617] | v4:G1[0.078,0.600,0.322]
[TopoTrace Step 0] v0:G1[0.372,0.555,0.073] | v1:G0[0.539,0.230,0.230] | v2:G2[0.275,0.226,0.499] | v3:G2[0.076,0.307,0.617] | v4:G1[0.078,0.600,0.322]
[TopoTrace Step 0] v0:G1[0.372,0.555,0.073] | v1:G0[0.539,0.230,0.230] | v2:G2[0.275,0.226,0.499] | v3:G2[0.076,0.307,0.617] | v4:G1[0.078,0.600,0.322]
[TopoTrace Step 0] v0:G1[0.372,0.555,0.073] | v1:G0[0.539,0.230,0.230] | v2:G2[0.275,0.226,0.499] | v3:G2[0.076,0.307,0.617] | v4:G1[0.078,0.600,0.322]
[TopoTrace Step 0] v0:G1[0.372,0.555,0.073] | v1:G0[0.539,0.230,0.230] | v2:G2[0.275,0.226,0.499] | v3:G2[0.076,0.307,0.617] | v4:G1[0.078,0.600,0.322]
[TopoTrace Step 0] v0:G1[0.372,0.555,0.073] | v1:G0[0.539,0.230,0.230] | v2:G2[0.275,0.226,0.499] | v3:G2[0.076,0.307,0.617] | v4:G1[0.078,0.600,0.322]
[TopoTrace Step 0] v0:G1[0.372,0.555,0.073] | v1:G0[0.539,0.230,0.230] | v2:G2[0.275,0.226,0.499] | v3:G2[0.076,0.307,0.617] | v4:G1[0.078,0.600,0.322]
[TopoTrace Step 0] v0:G1[0.372,0.555,0.073] | v1:G0[0.539,0.230,0.230] | v2:G2[0.275,0.226,0.499] | v3:G2[0.076,0.307,0.617] | v4:G1[0.078,0.600,0.322]
[TopoTrace Step 0] v0:G1[0.372,0.555,0.073] | v1:G0[0.539,0.230,0.230] | v2:G2[0.275,0.226,0.499] | v3:G2[0.076,0.307,0.617] | v4:G1[0.078,0.600,0.322]
[TopoTrace Step 0] v0:G1[0.372,0.555,0.073] | v1:G0[0.539,0.230,0.230] | v2:G2[0.275,0.226,0.499] | v3:G2[0.076,0.307,0.617] | v4:G1[0.078,0.600,0.322]
[TopoTrace Step 0] v0:G1[0.372,0.555,0.073] | v1:G0[0.539,0.230,0.230] | v2:G2[0.275,0.226,0.499] | v3:G2[0.076,0.307,0.617] | v4:G1[0.078,0.600,0.322]
[TopoTrace Step 0] v0:G1[0.372,0.555,0.073] | v1:G0[0.539,0.230,0.230] | v2:G2[0.275,0.226,0.499] | v3:G2[0.076,0.307,0.617] | v4:G1[0.078,0.600,0.322]
[TopoTrace Step 0] v0:G1[0.372,0.555,0.073] | v1:G0[0.539,0.230,0.230] | v2:G2[0.275,0.226,0.499] | v3:G2[0.076,0.307,0.617] | v4:G1[0.078,0.600,0.322]
[TopoTrace Step 0] v0:G1[0.372,0.555,0.073] | v1:G0[0.539,0.230,0.230] | v2:G2[0.275,0.226,0.499] | v3:G2[0.076,0.307,0.617] | v4:G1[0.078,0.600,0.322]
[TopoTrace Step 0] v0:G1[0.372,0.555,0.073] | v1:G0[0.539,0.230,0.230] | v2:G2[0.275,0.226,0.499] | v3:G2[0.076,0.307,0.617] | v4:G1[0.078,0.600,0.322]
[TopoTrace Step 0] v0:G1[0.372,0.555,0.073] | v1:G0[0.539,0.230,0.230] | v2:G2[0.275,0.226,0.499] | v3:G2[0.076,0.307,0.617] | v4:G1[0.078,0.600,0.322]
[TopoTrace Step 0] v0:G1[0.372,0.555,0.073] | v1:G0[0.539,0.230,0.230] | v2:G2[0.275,0.226,0.499] | v3:G2[0.076,0.307,0.617] | v4:G1[0.078,0.600,0.322]
[TopoTrace Step 0] v0:G1[0.372,0.555,0.073] | v1:G0[0.539,0.230,0.230] | v2:G2[0.275,0.226,0.499] | v3:G2[0.076,0.307,0.617] | v4:G1[0.078,0.600,0.322]
[TopoTrace Step 0] v0:G1[0.372,0.555,0.073] | v1:G0[0.539,0.230,0.230] | v2:G2[0.275,0.226,0.499] | v3:G2[0.076,0.307,0.617] | v4:G1[0.078,0.600,0.322]
[TopoTrace Step 0] v0:G1[0.372,0.555,0.073] | v1:G0[0.539,0.230,0.230] | v2:G2[0.275,0.226,0.499] | v3:G2[0.076,0.307,0.617] | v4:G1[0.078,0.600,0.322]
[TopoTrace Step 0] v0:G1[0.372,0.555,0.073] | v1:G0[0.539,0.230,0.230] | v2:G2[0.275,0.226,0.499] | v3:G2[0.076,0.307,0.617] | v4:G1[0.078,0.600,0.322]
[TopoTrace Step 0] v0:G1[0.372,0.555,0.073] | v1:G0[0.539,0.230,0.230] | v2:G2[0.275,0.226,0.499] | v3:G2[0.076,0.307,0.617] | v4:G1[0.078,0.600,0.322]
[TopoTrace Step 0] v0:G1[0.372,0.555,0.073] | v1:G0[0.539,0.230,0.230] | v2:G2[0.275,0.226,0.499] | v3:G2[0.076,0.307,0.617] | v4:G1[0.078,0.600,0.322]
[TopoTrace Step 0] v0:G1[0.372,0.555,0.073] | v1:G0[0.539,0.230,0.230] | v2:G2[0.275,0.226,0.499] | v3:G2[0.076,0.307,0.617] | v4:G1[0.078,0.600,0.322]
[TopoTrace Step 0] v0:G1[0.372,0.555,0.073] | v1:G0[0.539,0.230,0.230] | v2:G2[0.275,0.226,0.499] | v3:G2[0.076,0.307,0.617] | v4:G1[0.078,0.600,0.322]
[TopoTrace Step 0] v0:G1[0.372,0.555,0.073] | v1:G0[0.539,0.230,0.230] | v2:G2[0.275,0.226,0.499] | v3:G2[0.076,0.307,0.617] | v4:G1[0.078,0.600,0.322]
[TopoTrace Step 0] v0:G1[0.372,0.555,0.073] | v1:G0[0.539,0.230,0.230] | v2:G2[0.275,0.226,0.499] | v3:G2[0.076,0.307,0.617] | v4:G1[0.078,0.600,0.322]
[TopoTrace Step 0] v0:G1[0.372,0.555,0.073] | v1:G0[0.539,0.230,0.230] | v2:G2[0.275,0.226,0.499] | v3:G2[0.076,0.307,0.617] | v4:G1[0.078,0.600,0.322]
[TopoTrace Step 0] v0:G1[0.372,0.555,0.073] | v1:G0[0.539,0.230,0.230] | v2:G2[0.275,0.226,0.499] | v3:G2[0.076,0.307,0.617] | v4:G1[0.078,0.600,0.322]
[TopoTrace Step 0] v0:G1[0.372,0.555,0.073] | v1:G0[0.539,0.230,0.230] | v2:G2[0.275,0.226,0.499] | v3:G2[0.076,0.307,0.617] | v4:G1[0.078,0.600,0.322]
[TopoTrace Step 0] v0:G1[0.372,0.555,0.073] | v1:G0[0.539,0.230,0.230] | v2:G2[0.275,0.226,0.499] | v3:G2[0.076,0.307,0.617] | v4:G1[0.078,0.600,0.322]
[TopoTrace Step 0] v0:G1[0.372,0.555,0.073] | v1:G0[0.539,0.230,0.230] | v2:G2[0.275,0.226,0.499] | v3:G2[0.076,0.307,0.617] | v4:G1[0.078,0.600,0.322]
[TopoTrace Step 0] v0:G1[0.372,0.555,0.073] | v1:G0[0.539,0.230,0.230] | v2:G2[0.275,0.226,0.499] | v3:G2[0.076,0.307,0.617] | v4:G1[0.078,0.600,0.322]
[TopoTrace Step 0] v0:G1[0.372,0.555,0.073] | v1:G0[0.539,0.230,0.230] | v2:G2[0.275,0.226,0.499] | v3:G2[0.076,0.307,0.617] | v4:G1[0.078,0.600,0.322]
[TopoTrace Step 0] v0:G1[0.372,0.555,0.073] | v1:G0[0.539,0.230,0.230] | v2:G2[0.275,0.226,0.499] | v3:G2[0.076,0.307,0.617] | v4:G1[0.078,0.600,0.322]
[TopoTrace Step 0] v0:G1[0.372,0.555,0.073] | v1:G0[0.539,0.230,0.230] | v2:G2[0.275,0.226,0.499] | v3:G2[0.076,0.307,0.617] | v4:G1[0.078,0.600,0.322]
[TopoTrace Step 0] v0:G1[0.372,0.555,0.073] | v1:G0[0.539,0.230,0.230] | v2:G2[0.275,0.226,0.499] | v3:G2[0.076,0.307,0.617] | v4:G1[0.078,0.600,0.322]
[TopoTrace Step 0] v0:G1[0.372,0.555,0.073] | v1:G0[0.539,0.230,0.230] | v2:G2[0.275,0.226,0.499] | v3:G2[0.076,0.307,0.617] | v4:G1[0.078,0.600,0.322]
[TopoTrace Step 0] v0:G1[0.372,0.555,0.073] | v1:G0[0.539,0.230,0.230] | v2:G2[0.275,0.226,0.499] | v3:G2[0.076,0.307,0.617] | v4:G1[0.078,0.600,0.322]
[TopoTrace Step 0] v0:G1[0.372,0.555,0.073] | v1:G0[0.539,0.230,0.230] | v2:G2[0.275,0.226,0.499] | v3:G2[0.076,0.307,0.617] | v4:G1[0.078,0.600,0.322]
[TopoTrace Step 0] v0:G1[0.372,0.555,0.073] | v1:G0[0.539,0.230,0.230] | v2:G2[0.275,0.226,0.499] | v3:G2[0.076,0.307,0.617] | v4:G1[0.078,0.600,0.322]
[TopoTrace Step 0] v0:G1[0.372,0.555,0.073] | v1:G0[0.539,0.230,0.230] | v2:G2[0.275,0.226,0.499] | v3:G2[0.076,0.307,0.617] | v4:G1[0.078,0.600,0.322]
[TopoTrace Step 0] v0:G1[0.372,0.555,0.073] | v1:G0[0.539,0.230,0.230] | v2:G2[0.275,0.226,0.499] | v3:G2[0.076,0.307,0.617] | v4:G1[0.078,0.600,0.322]
[TopoTrace Step 0] v0:G1[0.372,0.555,0.073] | v1:G0[0.539,0.230,0.230] | v2:G2[0.275,0.226,0.499] | v3:G2[0.076,0.307,0.617] | v4:G1[0.078,0.600,0.322]
[TopoTrace Step 0] v0:G1[0.372,0.555,0.073] | v1:G0[0.539,0.230,0.230] | v2:G2[0.275,0.226,0.499] | v3:G2[0.076,0.307,0.617] | v4:G1[0.078,0.600,0.322]
[TopoTrace Step 0] v0:G1[0.372,0.555,0.073] | v1:G0[0.539,0.230,0.230] | v2:G2[0.275,0.226,0.499] | v3:G2[0.076,0.307,0.617] | v4:G1[0.078,0.600,0.322]
[TopoTrace Step 0] v0:G1[0.372,0.555,0.073] | v1:G0[0.539,0.230,0.230] | v2:G2[0.275,0.226,0.499] | v3:G2[0.076,0.307,0.617] | v4:G1[0.078,0.600,0.322]
[TopoTrace Step 0] v0:G1[0.372,0.555,0.073] | v1:G0[0.539,0.230,0.230] | v2:G2[0.275,0.226,0.499] | v3:G2[0.076,0.307,0.617] | v4:G1[0.078,0.600,0.322]
[TopoTrace Step 0] v0:G1[0.372,0.555,0.073] | v1:G0[0.539,0.230,0.230] | v2:G2[0.275,0.226,0.499] | v3:G2[0.076,0.307,0.617] | v4:G1[0.078,0.600,0.322]
[TopoTrace Step 0] v0:G1[0.372,0.555,0.073] | v1:G0[0.539,0.230,0.230] | v2:G2[0.275,0.226,0.499] | v3:G2[0.076,0.307,0.617] | v4:G1[0.078,0.600,0.322]
[TopoTrace Step 0] v0:G1[0.372,0.555,0.073] | v1:G0[0.539,0.230,0.230] | v2:G2[0.275,0.226,0.499] | v3:G2[0.076,0.307,0.617] | v4:G1[0.078,0.600,0.322]
[TopoTrace Step 0] v0:G1[0.372,0.555,0.073] | v1:G0[0.539,0.230,0.230] | v2:G2[0.275,0.226,0.499] | v3:G2[0.076,0.307,0.617] | v4:G1[0.078,0.600,0.322]
[TopoTrace Step 0] v0:G1[0.372,0.555,0.073] | v1:G0[0.539,0.230,0.230] | v2:G2[0.275,0.226,0.499] | v3:G2[0.076,0.307,0.617] | v4:G1[0.078,0.600,0.322]
[TopoTrace Step 0] v0:G1[0.372,0.555,0.073] | v1:G0[0.539,0.230,0.230] | v2:G2[0.275,0.226,0.499] | v3:G2[0.076,0.307,0.617] | v4:G1[0.078,0.600,0.322]
[TopoTrace Step 0] v0:G1[0.372,0.555,0.073] | v1:G0[0.539,0.230,0.230] | v2:G2[0.275,0.226,0.499] | v3:G2[0.076,0.307,0.617] | v4:G1[0.078,0.600,0.322]
[TopoTrace Step 0] v0:G1[0.372,0.555,0.073] | v1:G0[0.539,0.230,0.230] | v2:G2[0.275,0.226,0.499] | v3:G2[0.076,0.307,0.617] | v4:G1[0.078,0.600,0.322]
[TopoTrace Step 0] v0:G1[0.372,0.555,0.073] | v1:G0[0.539,0.230,0.230] | v2:G2[0.275,0.226,0.499] | v3:G2[0.076,0.307,0.617] | v4:G1[0.078,0.600,0.322]
[TopoTrace Step 0] v0:G1[0.372,0.555,0.073] | v1:G0[0.539,0.230,0.230] | v2:G2[0.275,0.226,0.499] | v3:G2[0.076,0.307,0.617] | v4:G1[0.078,0.600,0.322]
[TopoTrace Step 0] v0:G1[0.372,0.555,0.073] | v1:G0[0.539,0.230,0.230] | v2:G2[0.275,0.226,0.499] | v3:G2[0.076,0.307,0.617] | v4:G1[0.078,0.600,0.322]
[TopoTrace Step 0] v0:G1[0.372,0.555,0.073] | v1:G0[0.539,0.230,0.230] | v2:G2[0.275,0.226,0.499] | v3:G2[0.076,0.307,0.617] | v4:G1[0.078,0.600,0.322]
[TopoTrace Step 0] v0:G1[0.372,0.555,0.073] | v1:G0[0.539,0.230,0.230] | v2:G2[0.275,0.226,0.499] | v3:G2[0.076,0.307,0.617] | v4:G1[0.078,0.600,0.322]
[TopoTrace Step 0] v0:G1[0.372,0.555,0.073] | v1:G0[0.539,0.230,0.230] | v2:G2[0.275,0.226,0.499] | v3:G2[0.076,0.307,0.617] | v4:G1[0.078,0.600,0.322]
[TopoTrace Step 0] v0:G1[0.372,0.555,0.073] | v1:G0[0.539,0.230,0.230] | v2:G2[0.275,0.226,0.499] | v3:G2[0.076,0.307,0.617] | v4:G1[0.078,0.600,0.322]
[TopoTrace Step 0] v0:G1[0.372,0.555,0.073] | v1:G0[0.539,0.230,0.230] | v2:G2[0.275,0.226,0.499] | v3:G2[0.076,0.307,0.617] | v4:G1[0.078,0.600,0.322]
[TopoTrace Step 0] v0:G1[0.372,0.555,0.073] | v1:G0[0.539,0.230,0.230] | v2:G2[0.275,0.226,0.499] | v3:G2[0.076,0.307,0.617] | v4:G1[0.078,0.600,0.322]
[TopoTrace Step 0] v0:G1[0.372,0.555,0.073] | v1:G0[0.539,0.230,0.230] | v2:G2[0.275,0.226,0.499] | v3:G2[0.076,0.307,0.617] | v4:G1[0.078,0.600,0.322]
[TopoTrace Step 0] v0:G1[0.372,0.555,0.073] | v1:G0[0.539,0.230,0.230] | v2:G2[0.275,0.226,0.499] | v3:G2[0.076,0.307,0.617] | v4:G1[0.078,0.600,0.322]
[TopoTrace Step 0] v0:G1[0.372,0.555,0.073] | v1:G0[0.539,0.230,0.230] | v2:G2[0.275,0.226,0.499] | v3:G2[0.076,0.307,0.617] | v4:G1[0.078,0.600,0.322]
[TopoTrace Step 0] v0:G1[0.372,0.555,0.073] | v1:G0[0.539,0.230,0.230] | v2:G2[0.275,0.226,0.499] | v3:G2[0.076,0.307,0.617] | v4:G1[0.078,0.600,0.322]
[TopoTrace Step 0] v0:G1[0.372,0.555,0.073] | v1:G0[0.539,0.230,0.230] | v2:G2[0.275,0.226,0.499] | v3:G2[0.076,0.307,0.617] | v4:G1[0.078,0.600,0.322]
[TopoTrace Step 0] v0:G1[0.372,0.555,0.073] | v1:G0[0.539,0.230,0.230] | v2:G2[0.275,0.226,0.499] | v3:G2[0.076,0.307,0.617] | v4:G1[0.078,0.600,0.322]
[TopoTrace Step 0] v0:G1[0.372,0.555,0.073] | v1:G0[0.539,0.230,0.230] | v2:G2[0.275,0.226,0.499] | v3:G2[0.076,0.307,0.617] | v4:G1[0.078,0.600,0.322]
[TopoTrace Step 0] v0:G1[0.372,0.555,0.073] | v1:G0[0.539,0.230,0.230] | v2:G2[0.275,0.226,0.499] | v3:G2[0.076,0.307,0.617] | v4:G1[0.078,0.600,0.322]
[TopoTrace Step 0] v0:G1[0.372,0.555,0.073] | v1:G0[0.539,0.230,0.230] | v2:G2[0.275,0.226,0.499] | v3:G2[0.076,0.307,0.617] | v4:G1[0.078,0.600,0.322]
[TopoTrace Step 0] v0:G1[0.372,0.555,0.073] | v1:G0[0.539,0.230,0.230] | v2:G2[0.275,0.226,0.499] | v3:G2[0.076,0.307,0.617] | v4:G1[0.078,0.600,0.322]
[TopoTrace Step 0] v0:G1[0.372,0.555,0.073] | v1:G0[0.539,0.230,0.230] | v2:G2[0.275,0.226,0.499] | v3:G2[0.076,0.307,0.617] | v4:G1[0.078,0.600,0.322]
[TopoTrace Step 0] v0:G1[0.372,0.555,0.073] | v1:G0[0.539,0.230,0.230] | v2:G2[0.275,0.226,0.499] | v3:G2[0.076,0.307,0.617] | v4:G1[0.078,0.600,0.322]
[TopoTrace Step 0] v0:G1[0.372,0.555,0.073] | v1:G0[0.539,0.230,0.230] | v2:G2[0.275,0.226,0.499] | v3:G2[0.076,0.307,0.617] | v4:G1[0.078,0.600,0.322]
[TopoTrace Step 0] v0:G1[0.372,0.555,0.073] | v1:G0[0.539,0.230,0.230] | v2:G2[0.275,0.226,0.499] | v3:G2[0.076,0.307,0.617] | v4:G1[0.078,0.600,0.322]
[TopoTrace Step 0] v0:G1[0.372,0.555,0.073] | v1:G0[0.539,0.230,0.230] | v2:G2[0.275,0.226,0.499] | v3:G2[0.076,0.307,0.617] | v4:G1[0.078,0.600,0.322]
[TopoTrace Step 0] v0:G1[0.372,0.555,0.073] | v1:G0[0.539,0.230,0.230] | v2:G2[0.275,0.226,0.499] | v3:G2[0.076,0.307,0.617] | v4:G1[0.078,0.600,0.322]
[TopoTrace Step 0] v0:G1[0.372,0.555,0.073] | v1:G0[0.539,0.230,0.230] | v2:G2[0.275,0.226,0.499] | v3:G2[0.076,0.307,0.617] | v4:G1[0.078,0.600,0.322]
[TopoTrace Step 0] v0:G1[0.372,0.555,0.073] | v1:G0[0.539,0.230,0.230] | v2:G2[0.275,0.226,0.499] | v3:G2[0.076,0.307,0.617] | v4:G1[0.078,0.600,0.322]
[TopoTrace Step 0] v0:G1[0.372,0.555,0.073] | v1:G0[0.539,0.230,0.230] | v2:G2[0.275,0.226,0.499] | v3:G2[0.076,0.307,0.617] | v4:G1[0.078,0.600,0.322]
[TopoTrace Step 0] v0:G1[0.372,0.555,0.073] | v1:G0[0.539,0.230,0.230] | v2:G2[0.275,0.226,0.499] | v3:G2[0.076,0.307,0.617] | v4:G1[0.078,0.600,0.322]
[TopoTrace Step 0] v0:G1[0.372,0.555,0.073] | v1:G0[0.539,0.230,0.230] | v2:G2[0.275,0.226,0.499] | v3:G2[0.076,0.307,0.617] | v4:G1[0.078,0.600,0.322]
[TopoTrace Step 0] v0:G1[0.372,0.555,0.073] | v1:G0[0.539,0.230,0.230] | v2:G2[0.275,0.226,0.499] | v3:G2[0.076,0.307,0.617] | v4:G1[0.078,0.600,0.322]
[TopoTrace Step 0] v0:G1[0.372,0.555,0.073] | v1:G0[0.539,0.230,0.230] | v2:G2[0.275,0.226,0.499] | v3:G2[0.076,0.307,0.617] | v4:G1[0.078,0.600,0.322]
[TopoTrace Step 0] v0:G1[0.372,0.555,0.073] | v1:G0[0.539,0.230,0.230] | v2:G2[0.275,0.226,0.499] | v3:G2[0.076,0.307,0.617] | v4:G1[0.078,0.600,0.322]
[TopoTrace Step 0] v0:G1[0.372,0.555,0.073] | v1:G0[0.539,0.230,0.230] | v2:G2[0.275,0.226,0.499] | v3:G2[0.076,0.307,0.617] | v4:G1[0.078,0.600,0.322]
[TopoTrace Step 0] v0:G1[0.372,0.555,0.073] | v1:G0[0.539,0.230,0.230] | v2:G2[0.275,0.226,0.499] | v3:G2[0.076,0.307,0.617] | v4:G1[0.078,0.600,0.322]
[TopoTrace Step 0] v0:G1[0.372,0.555,0.073] | v1:G0[0.539,0.230,0.230] | v2:G2[0.275,0.226,0.499] | v3:G2[0.076,0.307,0.617] | v4:G1[0.078,0.600,0.322]
[TopoTrace Step 0] v0:G1[0.372,0.555,0.073] | v1:G0[0.539,0.230,0.230] | v2:G2[0.275,0.226,0.499] | v3:G2[0.076,0.307,0.617] | v4:G1[0.078,0.600,0.322]
[TopoTrace Step 0] v0:G1[0.372,0.555,0.073] | v1:G0[0.539,0.230,0.230] | v2:G2[0.275,0.226,0.499] | v3:G2[0.076,0.307,0.617] | v4:G1[0.078,0.600,0.322]
[TopoTrace Step 0] v0:G1[0.372,0.555,0.073] | v1:G0[0.539,0.230,0.230] | v2:G2[0.275,0.226,0.499] | v3:G2[0.076,0.307,0.617] | v4:G1[0.078,0.600,0.322]
[TopoTrace Step 0] v0:G1[0.372,0.555,0.073] | v1:G0[0.539,0.230,0.230] | v2:G2[0.275,0.226,0.499] | v3:G2[0.076,0.307,0.617] | v4:G1[0.078,0.600,0.322]
[TopoTrace Step 0] v0:G1[0.372,0.555,0.073] | v1:G0[0.539,0.230,0.230] | v2:G2[0.275,0.226,0.499] | v3:G2[0.076,0.307,0.617] | v4:G1[0.078,0.600,0.322]
[TopoTrace Step 0] v0:G1[0.372,0.555,0.073] | v1:G0[0.539,0.230,0.230] | v2:G2[0.275,0.226,0.499] | v3:G2[0.076,0.307,0.617] | v4:G1[0.078,0.600,0.322]
[TopoTrace Step 0] v0:G1[0.372,0.555,0.073] | v1:G0[0.539,0.230,0.230] | v2:G2[0.275,0.226,0.499] | v3:G2[0.076,0.307,0.617] | v4:G1[0.078,0.600,0.322]
[TopoTrace Step 0] v0:G1[0.372,0.555,0.073] | v1:G0[0.539,0.230,0.230] | v2:G2[0.275,0.226,0.499] | v3:G2[0.076,0.307,0.617] | v4:G1[0.078,0.600,0.322]
[TopoTrace Step 0] v0:G1[0.372,0.555,0.073] | v1:G0[0.539,0.230,0.230] | v2:G2[0.275,0.226,0.499] | v3:G2[0.076,0.307,0.617] | v4:G1[0.078,0.600,0.322]
[TopoTrace Step 0] v0:G1[0.372,0.555,0.073] | v1:G0[0.539,0.230,0.230] | v2:G2[0.275,0.226,0.499] | v3:G2[0.076,0.307,0.617] | v4:G1[0.078,0.600,0.322]
[TopoTrace Step 0] v0:G1[0.372,0.555,0.073] | v1:G0[0.539,0.230,0.230] | v2:G2[0.275,0.226,0.499] | v3:G2[0.076,0.307,0.617] | v4:G1[0.078,0.600,0.322][TopoTrace Step 0] v0:G1[0.372,0.555,0.073] | v1:G0[0.539,0.230,0.230] | v2:G2[0.275,0.226,0.499] | v3:G2[0.076,0.307,0.617] | v4:G1[0.078,0.600,0.322]

[TopoTrace Step 0] v0:G1[0.372,0.555,0.073] | v1:G0[0.539,0.230,0.230] | v2:G2[0.275,0.226,0.499] | v3:G2[0.076,0.307,0.617] | v4:G1[0.078,0.600,0.322]
[TopoTrace Step 0] v0:G1[0.372,0.555,0.073] | v1:G0[0.539,0.230,0.230] | v2:G2[0.275,0.226,0.499] | v3:G2[0.076,0.307,0.617] | v4:G1[0.078,0.600,0.322]
[TopoTrace Step 0] v0:G1[0.372,0.555,0.073] | v1:G0[0.539,0.230,0.230] | v2:G2[0.275,0.226,0.499] | v3:G2[0.076,0.307,0.617] | v4:G1[0.078,0.600,0.322]
[TopoTrace Step 0] v0:G1[0.372,0.555,0.073] | v1:G0[0.539,0.230,0.230] | v2:G2[0.275,0.226,0.499] | v3:G2[0.076,0.307,0.617] | v4:G1[0.078,0.600,0.322]
[TopoTrace Step 0] v0:G1[0.372,0.555,0.073] | v1:G0[0.539,0.230,0.230] | v2:G2[0.275,0.226,0.499] | v3:G2[0.076,0.307,0.617] | v4:G1[0.078,0.600,0.322]
[TopoTrace Step 0] v0:G1[0.372,0.555,0.073] | v1:G0[0.539,0.230,0.230] | v2:G2[0.275,0.226,0.499] | v3:G2[0.076,0.307,0.617] | v4:G1[0.078,0.600,0.322]
[TopoTrace Step 0] v0:G1[0.372,0.555,0.073] | v1:G0[0.539,0.230,0.230] | v2:G2[0.275,0.226,0.499] | v3:G2[0.076,0.307,0.617] | v4:G1[0.078,0.600,0.322]
[TopoTrace Step 0] v0:G1[0.372,0.555,0.073] | v1:G0[0.539,0.230,0.230] | v2:G2[0.275,0.226,0.499] | v3:G2[0.076,0.307,0.617] | v4:G1[0.078,0.600,0.322]
[TopoTrace Step 0] v0:G1[0.372,0.555,0.073] | v1:G0[0.539,0.230,0.230] | v2:G2[0.275,0.226,0.499] | v3:G2[0.076,0.307,0.617] | v4:G1[0.078,0.600,0.322]
[TopoTrace Step 0] v0:G1[0.372,0.555,0.073] | v1:G0[0.539,0.230,0.230] | v2:G2[0.275,0.226,0.499] | v3:G2[0.076,0.307,0.617] | v4:G1[0.078,0.600,0.322]
[TopoTrace Step 0] v0:G1[0.372,0.555,0.073] | v1:G0[0.539,0.230,0.230] | v2:G2[0.275,0.226,0.499] | v3:G2[0.076,0.307,0.617] | v4:G1[0.078,0.600,0.322]
[TopoTrace Step 0] v0:G1[0.372,0.555,0.073] | v1:G0[0.539,0.230,0.230] | v2:G2[0.275,0.226,0.499] | v3:G2[0.076,0.307,0.617] | v4:G1[0.078,0.600,0.322]
[TopoTrace Step 0] v0:G1[0.372,0.555,0.073] | v1:G0[0.539,0.230,0.230] | v2:G2[0.275,0.226,0.499] | v3:G2[0.076,0.307,0.617] | v4:G1[0.078,0.600,0.322]
[TopoTrace Step 0] v0:G1[0.372,0.555,0.073] | v1:G0[0.539,0.230,0.230] | v2:G2[0.275,0.226,0.499] | v3:G2[0.076,0.307,0.617] | v4:G1[0.078,0.600,0.322]
[TopoTrace Step 0] v0:G1[0.372,0.555,0.073] | v1:G0[0.539,0.230,0.230] | v2:G2[0.275,0.226,0.499] | v3:G2[0.076,0.307,0.617] | v4:G1[0.078,0.600,0.322]
[TopoTrace Step 0] v0:G1[0.372,0.555,0.073] | v1:G0[0.539,0.230,0.230] | v2:G2[0.275,0.226,0.499] | v3:G2[0.076,0.307,0.617] | v4:G1[0.078,0.600,0.322]
[TopoTrace Step 0] v0:G1[0.372,0.555,0.073] | v1:G0[0.539,0.230,0.230] | v2:G2[0.275,0.226,0.499] | v3:G2[0.076,0.307,0.617] | v4:G1[0.078,0.600,0.322]
[TopoTrace Step 0] v0:G1[0.372,0.555,0.073] | v1:G0[0.539,0.230,0.230] | v2:G2[0.275,0.226,0.499] | v3:G2[0.076,0.307,0.617] | v4:G1[0.078,0.600,0.322]
[TopoTrace Step 0] v0:G1[0.372,0.555,0.073] | v1:G0[0.539,0.230,0.230] | v2:G2[0.275,0.226,0.499] | v3:G2[0.076,0.307,0.617] | v4:G1[0.078,0.600,0.322]
[TopoTrace Step 0] v0:G1[0.372,0.555,0.073] | v1:G0[0.539,0.230,0.230] | v2:G2[0.275,0.226,0.499] | v3:G2[0.076,0.307,0.617] | v4:G1[0.078,0.600,0.322]
[TopoTrace Step 0] v0:G1[0.372,0.555,0.073] | v1:G0[0.539,0.230,0.230] | v2:G2[0.275,0.226,0.499] | v3:G2[0.076,0.307,0.617] | v4:G1[0.078,0.600,0.322][TopoTrace Step 0] v0:G1[0.372,0.555,0.073] | v1:G0[0.539,0.230,0.230] | v2:G2[0.275,0.226,0.499] | v3:G2[0.076,0.307,0.617] | v4:G1[0.078,0.600,0.322]

[TopoTrace Step 0] v0:G1[0.372,0.555,0.073] | v1:G0[0.539,0.230,0.230] | v2:G2[0.275,0.226,0.499] | v3:G2[0.076,0.307,0.617] | v4:G1[0.078,0.600,0.322]
[TopoTrace Step 0] v0:G1[0.372,0.555,0.073] | v1:G0[0.539,0.230,0.230] | v2:G2[0.275,0.226,0.499] | v3:G2[0.076,0.307,0.617] | v4:G1[0.078,0.600,0.322]
[TopoTrace Step 0] v0:G1[0.372,0.555,0.073] | v1:G0[0.539,0.230,0.230] | v2:G2[0.275,0.226,0.499] | v3:G2[0.076,0.307,0.617] | v4:G1[0.078,0.600,0.322]
[TopoTrace Step 0] v0:G1[0.372,0.555,0.073] | v1:G0[0.539,0.230,0.230] | v2:G2[0.275,0.226,0.499] | v3:G2[0.076,0.307,0.617] | v4:G1[0.078,0.600,0.322]
[TopoTrace Step 0] v0:G1[0.372,0.555,0.073] | v1:G0[0.539,0.230,0.230] | v2:G2[0.275,0.226,0.499] | v3:G2[0.076,0.307,0.617] | v4:G1[0.078,0.600,0.322]
[TopoTrace Step 0] v0:G1[0.372,0.555,0.073] | v1:G0[0.539,0.230,0.230] | v2:G2[0.275,0.226,0.499] | v3:G2[0.076,0.307,0.617] | v4:G1[0.078,0.600,0.322]
[TopoTrace Step 0] v0:G1[0.372,0.555,0.073] | v1:G0[0.539,0.230,0.230] | v2:G2[0.275,0.226,0.499] | v3:G2[0.076,0.307,0.617] | v4:G1[0.078,0.600,0.322]
[TopoTrace Step 0] v0:G1[0.372,0.555,0.073] | v1:G0[0.539,0.230,0.230] | v2:G2[0.275,0.226,0.499] | v3:G2[0.076,0.307,0.617] | v4:G1[0.078,0.600,0.322]
[TopoTrace Step 0] v0:G1[0.372,0.555,0.073] | v1:G0[0.539,0.230,0.230] | v2:G2[0.275,0.226,0.499] | v3:G2[0.076,0.307,0.617] | v4:G1[0.078,0.600,0.322]
[TopoTrace Step 0] v0:G1[0.372,0.555,0.073] | v1:G0[0.539,0.230,0.230] | v2:G2[0.275,0.226,0.499] | v3:G2[0.076,0.307,0.617] | v4:G1[0.078,0.600,0.322]
[TopoTrace Step 0] v0:G1[0.372,0.555,0.073] | v1:G0[0.539,0.230,0.230] | v2:G2[0.275,0.226,0.499] | v3:G2[0.076,0.307,0.617] | v4:G1[0.078,0.600,0.322]
[TopoTrace Step 0] v0:G1[0.372,0.555,0.073] | v1:G0[0.539,0.230,0.230] | v2:G2[0.275,0.226,0.499] | v3:G2[0.076,0.307,0.617] | v4:G1[0.078,0.600,0.322]
[TopoTrace Step 0] v0:G1[0.372,0.555,0.073] | v1:G0[0.539,0.230,0.230] | v2:G2[0.275,0.226,0.499] | v3:G2[0.076,0.307,0.617] | v4:G1[0.078,0.600,0.322]
[TopoTrace Step 0] v0:G1[0.372,0.555,0.073] | v1:G0[0.539,0.230,0.230] | v2:G2[0.275,0.226,0.499] | v3:G2[0.076,0.307,0.617] | v4:G1[0.078,0.600,0.322]
[TopoTrace Step 0] v0:G1[0.372,0.555,0.073] | v1:G0[0.539,0.230,0.230] | v2:G2[0.275,0.226,0.499] | v3:G2[0.076,0.307,0.617] | v4:G1[0.078,0.600,0.322]
[TopoTrace Step 0] v0:G1[0.372,0.555,0.073] | v1:G0[0.539,0.230,0.230] | v2:G2[0.275,0.226,0.499] | v3:G2[0.076,0.307,0.617] | v4:G1[0.078,0.600,0.322]
[TopoTrace Step 0] v0:G1[0.372,0.555,0.073] | v1:G0[0.539,0.230,0.230] | v2:G2[0.275,0.226,0.499] | v3:G2[0.076,0.307,0.617] | v4:G1[0.078,0.600,0.322]
[TopoTrace Step 0] v0:G1[0.372,0.555,0.073] | v1:G0[0.539,0.230,0.230] | v2:G2[0.275,0.226,0.499] | v3:G2[0.076,0.307,0.617] | v4:G1[0.078,0.600,0.322]
[TopoTrace Step 0] v0:G1[0.372,0.555,0.073] | v1:G0[0.539,0.230,0.230] | v2:G2[0.275,0.226,0.499] | v3:G2[0.076,0.307,0.617] | v4:G1[0.078,0.600,0.322]
[TopoTrace Step 0] v0:G1[0.372,0.555,0.073] | v1:G0[0.539,0.230,0.230] | v2:G2[0.275,0.226,0.499] | v3:G2[0.076,0.307,0.617] | v4:G1[0.078,0.600,0.322]
[TopoTrace Step 0] v0:G1[0.372,0.555,0.073] | v1:G0[0.539,0.230,0.230] | v2:G2[0.275,0.226,0.499] | v3:G2[0.076,0.307,0.617] | v4:G1[0.078,0.600,0.322][TopoTrace Step 0] v0:G1[0.372,0.555,0.073] | v1:G0[0.539,0.230,0.230] | v2:G2[0.275,0.226,0.499] | v3:G2[0.076,0.307,0.617] | v4:G1[0.078,0.600,0.322]

[TopoTrace Step 0] v0:G1[0.372,0.555,0.073] | v1:G0[0.539,0.230,0.230] | v2:G2[0.275,0.226,0.499] | v3:G2[0.076,0.307,0.617] | v4:G1[0.078,0.600,0.322]
[TopoTrace Step 0] v0:G1[0.372,0.555,0.073] | v1:G0[0.539,0.230,0.230] | v2:G2[0.275,0.226,0.499] | v3:G2[0.076,0.307,0.617] | v4:G1[0.078,0.600,0.322]
[TopoTrace Step 0] v0:G1[0.372,0.555,0.073] | v1:G0[0.539,0.230,0.230] | v2:G2[0.275,0.226,0.499] | v3:G2[0.076,0.307,0.617] | v4:G1[0.078,0.600,0.322]
[TopoTrace Step 0] v0:G1[0.372,0.555,0.073] | v1:G0[0.539,0.230,0.230] | v2:G2[0.275,0.226,0.499] | v3:G2[0.076,0.307,0.617] | v4:G1[0.078,0.600,0.322]
[TopoTrace Step 0] v0:G1[0.372,0.555,0.073] | v1:G0[0.539,0.230,0.230] | v2:G2[0.275,0.226,0.499] | v3:G2[0.076,0.307,0.617] | v4:G1[0.078,0.600,0.322]
[TopoTrace Step 0] v0:G1[0.372,0.555,0.073] | v1:G0[0.539,0.230,0.230] | v2:G2[0.275,0.226,0.499] | v3:G2[0.076,0.307,0.617] | v4:G1[0.078,0.600,0.322]
[TopoTrace Step 0] v0:G1[0.372,0.555,0.073] | v1:G0[0.539,0.230,0.230] | v2:G2[0.275,0.226,0.499] | v3:G2[0.076,0.307,0.617] | v4:G1[0.078,0.600,0.322]
[TopoTrace Step 0] v0:G1[0.372,0.555,0.073] | v1:G0[0.539,0.230,0.230] | v2:G2[0.275,0.226,0.499] | v3:G2[0.076,0.307,0.617] | v4:G1[0.078,0.600,0.322]
[TopoTrace Step 0] v0:G1[0.372,0.555,0.073] | v1:G0[0.539,0.230,0.230] | v2:G2[0.275,0.226,0.499] | v3:G2[0.076,0.307,0.617] | v4:G1[0.078,0.600,0.322]
[TopoTrace Step 0] v0:G1[0.372,0.555,0.073] | v1:G0[0.539,0.230,0.230] | v2:G2[0.275,0.226,0.499] | v3:G2[0.076,0.307,0.617] | v4:G1[0.078,0.600,0.322]
[TopoTrace Step 0] v0:G1[0.372,0.555,0.073] | v1:G0[0.539,0.230,0.230] | v2:G2[0.275,0.226,0.499] | v3:G2[0.076,0.307,0.617] | v4:G1[0.078,0.600,0.322][TopoTrace Step 0] v0:G1[0.372,0.555,0.073] | v1:G0[0.539,0.230,0.230] | v2:G2[0.275,0.226,0.499] | v3:G2[0.076,0.307,0.617] | v4:G1[0.078,0.600,0.322]

[TopoTrace Step 0] v0:G1[0.372,0.555,0.073] | v1:G0[0.539,0.230,0.230] | v2:G2[0.275,0.226,0.499] | v3:G2[0.076,0.307,0.617] | v4:G1[0.078,0.600,0.322]
[TopoTrace Step 0] v0:G1[0.372,0.555,0.073] | v1:G0[0.539,0.230,0.230] | v2:G2[0.275,0.226,0.499] | v3:G2[0.076,0.307,0.617] | v4:G1[0.078,0.600,0.322]
[TopoTrace Step 0] v0:G1[0.372,0.555,0.073] | v1:G0[0.539,0.230,0.230] | v2:G2[0.275,0.226,0.499] | v3:G2[0.076,0.307,0.617] | v4:G1[0.078,0.600,0.322]
[TopoTrace Step 0] v0:G1[0.372,0.555,0.073] | v1:G0[0.539,0.230,0.230] | v2:G2[0.275,0.226,0.499] | v3:G2[0.076,0.307,0.617] | v4:G1[0.078,0.600,0.322]
	iters: 200, epoch: 8 | loss: 0.4050936
	speed: 0.2077s/iter; left time: 141.8259s
[TopoTrace Step 0] v0:G1[0.372,0.555,0.073] | v1:G0[0.539,0.230,0.230] | v2:G2[0.275,0.226,0.499] | v3:G2[0.076,0.307,0.617] | v4:G1[0.078,0.600,0.322]
[TopoTrace Step 0] v0:G1[0.372,0.555,0.073] | v1:G0[0.539,0.230,0.230] | v2:G2[0.275,0.226,0.499] | v3:G2[0.076,0.307,0.617] | v4:G1[0.078,0.600,0.322]
[TopoTrace Step 0] v0:G1[0.372,0.555,0.073] | v1:G0[0.539,0.230,0.230] | v2:G2[0.275,0.226,0.499] | v3:G2[0.076,0.307,0.617] | v4:G1[0.078,0.600,0.322]
[TopoTrace Step 0] v0:G1[0.372,0.555,0.073] | v1:G0[0.539,0.230,0.230] | v2:G2[0.275,0.226,0.499] | v3:G2[0.076,0.307,0.617] | v4:G1[0.078,0.600,0.322]
[TopoTrace Step 0] v0:G1[0.372,0.555,0.073] | v1:G0[0.539,0.230,0.230] | v2:G2[0.275,0.226,0.499] | v3:G2[0.076,0.307,0.617] | v4:G1[0.078,0.600,0.322][TopoTrace Step 0] v0:G1[0.372,0.555,0.073] | v1:G0[0.539,0.230,0.230] | v2:G2[0.275,0.226,0.499] | v3:G2[0.076,0.307,0.617] | v4:G1[0.078,0.600,0.322]

[TopoTrace Step 0] v0:G1[0.372,0.555,0.073] | v1:G0[0.539,0.230,0.230] | v2:G2[0.275,0.226,0.499] | v3:G2[0.076,0.307,0.617] | v4:G1[0.078,0.600,0.322]
[TopoTrace Step 0] v0:G1[0.372,0.555,0.073] | v1:G0[0.539,0.230,0.230] | v2:G2[0.275,0.226,0.499] | v3:G2[0.076,0.307,0.617] | v4:G1[0.078,0.600,0.322]
[TopoTrace Step 0] v0:G1[0.372,0.555,0.073] | v1:G0[0.539,0.230,0.230] | v2:G2[0.275,0.226,0.499] | v3:G2[0.076,0.307,0.617] | v4:G1[0.078,0.600,0.322][TopoTrace Step 0] v0:G1[0.372,0.555,0.073] | v1:G0[0.539,0.230,0.230] | v2:G2[0.275,0.226,0.499] | v3:G2[0.076,0.307,0.617] | v4:G1[0.078,0.600,0.322]

[TopoTrace Step 0] v0:G1[0.372,0.555,0.073] | v1:G0[0.539,0.230,0.230] | v2:G2[0.275,0.226,0.499] | v3:G2[0.076,0.307,0.617] | v4:G1[0.078,0.600,0.322]
[TopoTrace Step 0] v0:G1[0.372,0.555,0.073] | v1:G0[0.539,0.230,0.230] | v2:G2[0.275,0.226,0.499] | v3:G2[0.076,0.307,0.617] | v4:G1[0.078,0.600,0.322]
[TopoTrace Step 0] v0:G1[0.372,0.555,0.073] | v1:G0[0.539,0.230,0.230] | v2:G2[0.275,0.226,0.499] | v3:G2[0.076,0.307,0.617] | v4:G1[0.078,0.600,0.322]
[TopoTrace Step 0] v0:G1[0.372,0.555,0.073] | v1:G0[0.539,0.230,0.230] | v2:G2[0.275,0.226,0.499] | v3:G2[0.076,0.307,0.617] | v4:G1[0.078,0.600,0.322]
[TopoTrace Step 0] v0:G1[0.372,0.555,0.073] | v1:G0[0.539,0.230,0.230] | v2:G2[0.275,0.226,0.499] | v3:G2[0.076,0.307,0.617] | v4:G1[0.078,0.600,0.322]
[TopoTrace Step 0] v0:G1[0.372,0.555,0.073] | v1:G0[0.539,0.230,0.230] | v2:G2[0.275,0.226,0.499] | v3:G2[0.076,0.307,0.617] | v4:G1[0.078,0.600,0.322]
[TopoTrace Step 0] v0:G1[0.372,0.555,0.073] | v1:G0[0.539,0.230,0.230] | v2:G2[0.275,0.226,0.499] | v3:G2[0.076,0.307,0.617] | v4:G1[0.078,0.600,0.322]
[TopoTrace Step 0] v0:G1[0.372,0.555,0.073] | v1:G0[0.539,0.230,0.230] | v2:G2[0.275,0.226,0.499] | v3:G2[0.076,0.307,0.617] | v4:G1[0.078,0.600,0.322]
[TopoTrace Step 0] v0:G1[0.372,0.555,0.073] | v1:G0[0.539,0.230,0.230] | v2:G2[0.275,0.226,0.499] | v3:G2[0.076,0.307,0.617] | v4:G1[0.078,0.600,0.322]
[TopoTrace Step 0] v0:G1[0.372,0.555,0.073] | v1:G0[0.539,0.230,0.230] | v2:G2[0.275,0.226,0.499] | v3:G2[0.076,0.307,0.617] | v4:G1[0.078,0.600,0.322]
[TopoTrace Step 0] v0:G1[0.372,0.555,0.073] | v1:G0[0.539,0.230,0.230] | v2:G2[0.275,0.226,0.499] | v3:G2[0.076,0.307,0.617] | v4:G1[0.078,0.600,0.322]
[TopoTrace Step 0] v0:G1[0.372,0.555,0.073] | v1:G0[0.539,0.230,0.230] | v2:G2[0.275,0.226,0.499] | v3:G2[0.076,0.307,0.617] | v4:G1[0.078,0.600,0.322]
[TopoTrace Step 0] v0:G1[0.372,0.555,0.073] | v1:G0[0.539,0.230,0.230] | v2:G2[0.275,0.226,0.499] | v3:G2[0.076,0.307,0.617] | v4:G1[0.078,0.600,0.322]
[TopoTrace Step 0] v0:G1[0.372,0.555,0.073] | v1:G0[0.539,0.230,0.230] | v2:G2[0.275,0.226,0.499] | v3:G2[0.076,0.307,0.617] | v4:G1[0.078,0.600,0.322]
[TopoTrace Step 0] v0:G1[0.372,0.555,0.073] | v1:G0[0.539,0.230,0.230] | v2:G2[0.275,0.226,0.499] | v3:G2[0.076,0.307,0.617] | v4:G1[0.078,0.600,0.322]
[TopoTrace Step 0] v0:G1[0.372,0.555,0.073] | v1:G0[0.539,0.230,0.230] | v2:G2[0.275,0.226,0.499] | v3:G2[0.076,0.307,0.617] | v4:G1[0.078,0.600,0.322]
[TopoTrace Step 0] v0:G1[0.372,0.555,0.073] | v1:G0[0.539,0.230,0.230] | v2:G2[0.275,0.226,0.499] | v3:G2[0.076,0.307,0.617] | v4:G1[0.078,0.600,0.322]
[TopoTrace Step 0] v0:G1[0.372,0.555,0.073] | v1:G0[0.539,0.230,0.230] | v2:G2[0.275,0.226,0.499] | v3:G2[0.076,0.307,0.617] | v4:G1[0.078,0.600,0.322]
[TopoTrace Step 0] v0:G1[0.372,0.555,0.073] | v1:G0[0.539,0.230,0.230] | v2:G2[0.275,0.226,0.499] | v3:G2[0.076,0.307,0.617] | v4:G1[0.078,0.600,0.322]
[TopoTrace Step 0] v0:G1[0.372,0.555,0.073] | v1:G0[0.539,0.230,0.230] | v2:G2[0.275,0.226,0.499] | v3:G2[0.076,0.307,0.617] | v4:G1[0.078,0.600,0.322]
[TopoTrace Step 0] v0:G1[0.372,0.555,0.073] | v1:G0[0.539,0.230,0.230] | v2:G2[0.275,0.226,0.499] | v3:G2[0.076,0.307,0.617] | v4:G1[0.078,0.600,0.322]
[TopoTrace Step 0] v0:G1[0.372,0.555,0.073] | v1:G0[0.539,0.230,0.230] | v2:G2[0.275,0.226,0.499] | v3:G2[0.076,0.307,0.617] | v4:G1[0.078,0.600,0.322]
[TopoTrace Step 0] v0:G1[0.372,0.555,0.073] | v1:G0[0.539,0.230,0.230] | v2:G2[0.275,0.226,0.499] | v3:G2[0.076,0.307,0.617] | v4:G1[0.078,0.600,0.322]
[TopoTrace Step 0] v0:G1[0.372,0.555,0.073] | v1:G0[0.539,0.230,0.230] | v2:G2[0.275,0.226,0.499] | v3:G2[0.076,0.307,0.617] | v4:G1[0.078,0.600,0.322]
[TopoTrace Step 0] v0:G1[0.372,0.555,0.073] | v1:G0[0.539,0.230,0.230] | v2:G2[0.275,0.226,0.499] | v3:G2[0.076,0.307,0.617] | v4:G1[0.078,0.600,0.322]
[TopoTrace Step 0] v0:G1[0.372,0.555,0.073] | v1:G0[0.539,0.230,0.230] | v2:G2[0.275,0.226,0.499] | v3:G2[0.076,0.307,0.617] | v4:G1[0.078,0.600,0.322]
[TopoTrace Step 0] v0:G1[0.372,0.555,0.073] | v1:G0[0.539,0.230,0.230] | v2:G2[0.275,0.226,0.499] | v3:G2[0.076,0.307,0.617] | v4:G1[0.078,0.600,0.322]
[TopoTrace Step 0] v0:G1[0.372,0.555,0.073] | v1:G0[0.539,0.230,0.230] | v2:G2[0.275,0.226,0.499] | v3:G2[0.076,0.307,0.617] | v4:G1[0.078,0.600,0.322]
[TopoTrace Step 0] v0:G1[0.372,0.555,0.073] | v1:G0[0.539,0.230,0.230] | v2:G2[0.275,0.226,0.499] | v3:G2[0.076,0.307,0.617] | v4:G1[0.078,0.600,0.322]
[TopoTrace Step 0] v0:G1[0.372,0.555,0.073] | v1:G0[0.539,0.230,0.230] | v2:G2[0.275,0.226,0.499] | v3:G2[0.076,0.307,0.617] | v4:G1[0.078,0.600,0.322]
[TopoTrace Step 0] v0:G1[0.372,0.555,0.073] | v1:G0[0.539,0.230,0.230] | v2:G2[0.275,0.226,0.499] | v3:G2[0.076,0.307,0.617] | v4:G1[0.078,0.600,0.322]
[TopoTrace Step 0] v0:G1[0.372,0.555,0.073] | v1:G0[0.539,0.230,0.230] | v2:G2[0.275,0.226,0.499] | v3:G2[0.076,0.307,0.617] | v4:G1[0.078,0.600,0.322]
[TopoTrace Step 0] v0:G1[0.372,0.555,0.073] | v1:G0[0.539,0.230,0.230] | v2:G2[0.275,0.226,0.499] | v3:G2[0.076,0.307,0.617] | v4:G1[0.078,0.600,0.322]
[TopoTrace Step 0] v0:G1[0.372,0.555,0.073] | v1:G0[0.539,0.230,0.230] | v2:G2[0.275,0.226,0.499] | v3:G2[0.076,0.307,0.617] | v4:G1[0.078,0.600,0.322]
[TopoTrace Step 0] v0:G1[0.372,0.555,0.073] | v1:G0[0.539,0.230,0.230] | v2:G2[0.275,0.226,0.499] | v3:G2[0.076,0.307,0.617] | v4:G1[0.078,0.600,0.322]
[TopoTrace Step 0] v0:G1[0.372,0.555,0.073] | v1:G0[0.539,0.230,0.230] | v2:G2[0.275,0.226,0.499] | v3:G2[0.076,0.307,0.617] | v4:G1[0.078,0.600,0.322]
[TopoTrace Step 0] v0:G1[0.372,0.555,0.073] | v1:G0[0.539,0.230,0.230] | v2:G2[0.275,0.226,0.499] | v3:G2[0.076,0.307,0.617] | v4:G1[0.078,0.600,0.322]
[TopoTrace Step 0] v0:G1[0.372,0.555,0.073] | v1:G0[0.539,0.230,0.230] | v2:G2[0.275,0.226,0.499] | v3:G2[0.076,0.307,0.617] | v4:G1[0.078,0.600,0.322]
[TopoTrace Step 0] v0:G1[0.372,0.555,0.073] | v1:G0[0.539,0.230,0.230] | v2:G2[0.275,0.226,0.499] | v3:G2[0.076,0.307,0.617] | v4:G1[0.078,0.600,0.322][TopoTrace Step 0] v0:G1[0.372,0.555,0.073] | v1:G0[0.539,0.230,0.230] | v2:G2[0.275,0.226,0.499] | v3:G2[0.076,0.307,0.617] | v4:G1[0.078,0.600,0.322]

[TopoTrace Step 0] v0:G1[0.372,0.555,0.073] | v1:G0[0.539,0.230,0.230] | v2:G2[0.275,0.226,0.499] | v3:G2[0.076,0.307,0.617] | v4:G1[0.078,0.600,0.322]
[TopoTrace Step 0] v0:G1[0.372,0.555,0.073] | v1:G0[0.539,0.230,0.230] | v2:G2[0.275,0.226,0.499] | v3:G2[0.076,0.307,0.617] | v4:G1[0.078,0.600,0.322]
[TopoTrace Step 0] v0:G1[0.372,0.555,0.073] | v1:G0[0.539,0.230,0.230] | v2:G2[0.275,0.226,0.499] | v3:G2[0.076,0.307,0.617] | v4:G1[0.078,0.600,0.322]
[TopoTrace Step 0] v0:G1[0.372,0.555,0.073] | v1:G0[0.539,0.230,0.230] | v2:G2[0.275,0.226,0.499] | v3:G2[0.076,0.307,0.617] | v4:G1[0.078,0.600,0.322]
[TopoTrace Step 0] v0:G1[0.372,0.555,0.073] | v1:G0[0.539,0.230,0.230] | v2:G2[0.275,0.226,0.499] | v3:G2[0.076,0.307,0.617] | v4:G1[0.078,0.600,0.322]
[TopoTrace Step 0] v0:G1[0.372,0.555,0.073] | v1:G0[0.539,0.230,0.230] | v2:G2[0.275,0.226,0.499] | v3:G2[0.076,0.307,0.617] | v4:G1[0.078,0.600,0.322]
[TopoTrace Step 0] v0:G1[0.372,0.555,0.073] | v1:G0[0.539,0.230,0.230] | v2:G2[0.275,0.226,0.499] | v3:G2[0.076,0.307,0.617] | v4:G1[0.078,0.600,0.322]
[TopoTrace Step 0] v0:G1[0.372,0.555,0.073] | v1:G0[0.539,0.230,0.230] | v2:G2[0.275,0.226,0.499] | v3:G2[0.076,0.307,0.617] | v4:G1[0.078,0.600,0.322]
[TopoTrace Step 0] v0:G1[0.372,0.555,0.073] | v1:G0[0.539,0.230,0.230] | v2:G2[0.275,0.226,0.499] | v3:G2[0.076,0.307,0.617] | v4:G1[0.078,0.600,0.322]
[TopoTrace Step 0] v0:G1[0.372,0.555,0.073] | v1:G0[0.539,0.230,0.230] | v2:G2[0.275,0.226,0.499] | v3:G2[0.076,0.307,0.617] | v4:G1[0.078,0.600,0.322]
[TopoTrace Step 0] v0:G1[0.372,0.555,0.073] | v1:G0[0.539,0.230,0.230] | v2:G2[0.275,0.226,0.499] | v3:G2[0.076,0.307,0.617] | v4:G1[0.078,0.600,0.322]
[TopoTrace Step 0] v0:G1[0.372,0.555,0.073] | v1:G0[0.539,0.230,0.230] | v2:G2[0.275,0.226,0.499] | v3:G2[0.076,0.307,0.617] | v4:G1[0.078,0.600,0.322]
[TopoTrace Step 0] v0:G1[0.372,0.555,0.073] | v1:G0[0.539,0.230,0.230] | v2:G2[0.275,0.226,0.499] | v3:G2[0.076,0.307,0.617] | v4:G1[0.078,0.600,0.322]
[TopoTrace Step 0] v0:G1[0.372,0.555,0.073] | v1:G0[0.539,0.230,0.230] | v2:G2[0.275,0.226,0.499] | v3:G2[0.076,0.307,0.617] | v4:G1[0.078,0.600,0.322]
[TopoTrace Step 0] v0:G1[0.372,0.555,0.073] | v1:G0[0.539,0.230,0.230] | v2:G2[0.275,0.226,0.499] | v3:G2[0.076,0.307,0.617] | v4:G1[0.078,0.600,0.322]
[TopoTrace Step 0] v0:G1[0.372,0.555,0.073] | v1:G0[0.539,0.230,0.230] | v2:G2[0.275,0.226,0.499] | v3:G2[0.076,0.307,0.617] | v4:G1[0.078,0.600,0.322]
[TopoTrace Step 0] v0:G1[0.372,0.555,0.073] | v1:G0[0.539,0.230,0.230] | v2:G2[0.275,0.226,0.499] | v3:G2[0.076,0.307,0.617] | v4:G1[0.078,0.600,0.322]
[TopoTrace Step 0] v0:G1[0.372,0.555,0.073] | v1:G0[0.539,0.230,0.230] | v2:G2[0.275,0.226,0.499] | v3:G2[0.076,0.307,0.617] | v4:G1[0.078,0.600,0.322]
[TopoTrace Step 0] v0:G1[0.372,0.555,0.073] | v1:G0[0.539,0.230,0.230] | v2:G2[0.275,0.226,0.499] | v3:G2[0.076,0.307,0.617] | v4:G1[0.078,0.600,0.322][TopoTrace Step 0] v0:G1[0.372,0.555,0.073] | v1:G0[0.539,0.230,0.230] | v2:G2[0.275,0.226,0.499] | v3:G2[0.076,0.307,0.617] | v4:G1[0.078,0.600,0.322]

[TopoTrace Step 0] v0:G1[0.372,0.555,0.073] | v1:G0[0.539,0.230,0.230] | v2:G2[0.275,0.226,0.499] | v3:G2[0.076,0.307,0.617] | v4:G1[0.078,0.600,0.322]
[TopoTrace Step 0] v0:G1[0.372,0.555,0.073] | v1:G0[0.539,0.230,0.230] | v2:G2[0.275,0.226,0.499] | v3:G2[0.076,0.307,0.617] | v4:G1[0.078,0.600,0.322]
[TopoTrace Step 0] v0:G1[0.372,0.555,0.073] | v1:G0[0.539,0.230,0.230] | v2:G2[0.275,0.226,0.499] | v3:G2[0.076,0.307,0.617] | v4:G1[0.078,0.600,0.322]
[TopoTrace Step 0] v0:G1[0.372,0.555,0.073] | v1:G0[0.539,0.230,0.230] | v2:G2[0.275,0.226,0.499] | v3:G2[0.076,0.307,0.617] | v4:G1[0.078,0.600,0.322]
[TopoTrace Step 0] v0:G1[0.372,0.555,0.073] | v1:G0[0.539,0.230,0.230] | v2:G2[0.275,0.226,0.499] | v3:G2[0.076,0.307,0.617] | v4:G1[0.078,0.600,0.322]
[TopoTrace Step 0] v0:G1[0.372,0.555,0.073] | v1:G0[0.539,0.230,0.230] | v2:G2[0.275,0.226,0.499] | v3:G2[0.076,0.307,0.617] | v4:G1[0.078,0.600,0.322]
[TopoTrace Step 0] v0:G1[0.372,0.555,0.073] | v1:G0[0.539,0.230,0.230] | v2:G2[0.275,0.226,0.499] | v3:G2[0.076,0.307,0.617] | v4:G1[0.078,0.600,0.322]
[TopoTrace Step 0] v0:G1[0.372,0.555,0.073] | v1:G0[0.539,0.230,0.230] | v2:G2[0.275,0.226,0.499] | v3:G2[0.076,0.307,0.617] | v4:G1[0.078,0.600,0.322]
[TopoTrace Step 0] v0:G1[0.372,0.555,0.073] | v1:G0[0.539,0.230,0.230] | v2:G2[0.275,0.226,0.499] | v3:G2[0.076,0.307,0.617] | v4:G1[0.078,0.600,0.322]
[TopoTrace Step 0] v0:G1[0.372,0.555,0.073] | v1:G0[0.539,0.230,0.230] | v2:G2[0.275,0.226,0.499] | v3:G2[0.076,0.307,0.617] | v4:G1[0.078,0.600,0.322]
[TopoTrace Step 0] v0:G1[0.372,0.555,0.073] | v1:G0[0.539,0.230,0.230] | v2:G2[0.275,0.226,0.499] | v3:G2[0.076,0.307,0.617] | v4:G1[0.078,0.600,0.322]
[TopoTrace Step 0] v0:G1[0.372,0.555,0.073] | v1:G0[0.539,0.230,0.230] | v2:G2[0.275,0.226,0.499] | v3:G2[0.076,0.307,0.617] | v4:G1[0.078,0.600,0.322]
[TopoTrace Step 0] v0:G1[0.372,0.555,0.073] | v1:G0[0.539,0.230,0.230] | v2:G2[0.275,0.226,0.499] | v3:G2[0.076,0.307,0.617] | v4:G1[0.078,0.600,0.322]
[TopoTrace Step 0] v0:G1[0.372,0.555,0.073] | v1:G0[0.539,0.230,0.230] | v2:G2[0.275,0.226,0.499] | v3:G2[0.076,0.307,0.617] | v4:G1[0.078,0.600,0.322]
[TopoTrace Step 0] v0:G1[0.372,0.555,0.073] | v1:G0[0.539,0.230,0.230] | v2:G2[0.275,0.226,0.499] | v3:G2[0.076,0.307,0.617] | v4:G1[0.078,0.600,0.322]
[TopoTrace Step 0] v0:G1[0.372,0.555,0.073] | v1:G0[0.539,0.230,0.230] | v2:G2[0.275,0.226,0.499] | v3:G2[0.076,0.307,0.617] | v4:G1[0.078,0.600,0.322]
[TopoTrace Step 0] v0:G1[0.372,0.555,0.073] | v1:G0[0.539,0.230,0.230] | v2:G2[0.275,0.226,0.499] | v3:G2[0.076,0.307,0.617] | v4:G1[0.078,0.600,0.322]
[TopoTrace Step 0] v0:G1[0.372,0.555,0.073] | v1:G0[0.539,0.230,0.230] | v2:G2[0.275,0.226,0.499] | v3:G2[0.076,0.307,0.617] | v4:G1[0.078,0.600,0.322]
[TopoTrace Step 0] v0:G1[0.372,0.555,0.073] | v1:G0[0.539,0.230,0.230] | v2:G2[0.275,0.226,0.499] | v3:G2[0.076,0.307,0.617] | v4:G1[0.078,0.600,0.322]
[TopoTrace Step 0] v0:G1[0.372,0.555,0.073] | v1:G0[0.539,0.230,0.230] | v2:G2[0.275,0.226,0.499] | v3:G2[0.076,0.307,0.617] | v4:G1[0.078,0.600,0.322]
[TopoTrace Step 0] v0:G1[0.372,0.555,0.073] | v1:G0[0.539,0.230,0.230] | v2:G2[0.275,0.226,0.499] | v3:G2[0.076,0.307,0.617] | v4:G1[0.078,0.600,0.322]
[TopoTrace Step 0] v0:G1[0.372,0.555,0.073] | v1:G0[0.539,0.230,0.230] | v2:G2[0.275,0.226,0.499] | v3:G2[0.076,0.307,0.617] | v4:G1[0.078,0.600,0.322]
[TopoTrace Step 0] v0:G1[0.372,0.555,0.073] | v1:G0[0.539,0.230,0.230] | v2:G2[0.275,0.226,0.499] | v3:G2[0.076,0.307,0.617] | v4:G1[0.078,0.600,0.322]
[TopoTrace Step 0] v0:G1[0.372,0.555,0.073] | v1:G0[0.539,0.230,0.230] | v2:G2[0.275,0.226,0.499] | v3:G2[0.076,0.307,0.617] | v4:G1[0.078,0.600,0.322]
[TopoTrace Step 0] v0:G1[0.372,0.555,0.073] | v1:G0[0.539,0.230,0.230] | v2:G2[0.275,0.226,0.499] | v3:G2[0.076,0.307,0.617] | v4:G1[0.078,0.600,0.322]
[TopoTrace Step 0] v0:G1[0.372,0.555,0.073] | v1:G0[0.539,0.230,0.230] | v2:G2[0.275,0.226,0.499] | v3:G2[0.076,0.307,0.617] | v4:G1[0.078,0.600,0.322]
[TopoTrace Step 0] v0:G1[0.372,0.555,0.073] | v1:G0[0.539,0.230,0.230] | v2:G2[0.275,0.226,0.499] | v3:G2[0.076,0.307,0.617] | v4:G1[0.078,0.600,0.322]
[TopoTrace Step 0] v0:G1[0.372,0.555,0.073] | v1:G0[0.539,0.230,0.230] | v2:G2[0.275,0.226,0.499] | v3:G2[0.076,0.307,0.617] | v4:G1[0.078,0.600,0.322]
[TopoTrace Step 0] v0:G1[0.372,0.555,0.073] | v1:G0[0.539,0.230,0.230] | v2:G2[0.275,0.226,0.499] | v3:G2[0.076,0.307,0.617] | v4:G1[0.078,0.600,0.322]
[TopoTrace Step 0] v0:G1[0.372,0.555,0.073] | v1:G0[0.539,0.230,0.230] | v2:G2[0.275,0.226,0.499] | v3:G2[0.076,0.307,0.617] | v4:G1[0.078,0.600,0.322]
[TopoTrace Step 0] v0:G1[0.372,0.555,0.073] | v1:G0[0.539,0.230,0.230] | v2:G2[0.275,0.226,0.499] | v3:G2[0.076,0.307,0.617] | v4:G1[0.078,0.600,0.322][TopoTrace Step 0] v0:G1[0.372,0.555,0.073] | v1:G0[0.539,0.230,0.230] | v2:G2[0.275,0.226,0.499] | v3:G2[0.076,0.307,0.617] | v4:G1[0.078,0.600,0.322]

[TopoTrace Step 0] v0:G1[0.372,0.555,0.073] | v1:G0[0.539,0.230,0.230] | v2:G2[0.275,0.226,0.499] | v3:G2[0.076,0.307,0.617] | v4:G1[0.078,0.600,0.322]
[TopoTrace Step 0] v0:G1[0.372,0.555,0.073] | v1:G0[0.539,0.230,0.230] | v2:G2[0.275,0.226,0.499] | v3:G2[0.076,0.307,0.617] | v4:G1[0.078,0.600,0.322]
[TopoTrace Step 0] v0:G1[0.372,0.555,0.073] | v1:G0[0.539,0.230,0.230] | v2:G2[0.275,0.226,0.499] | v3:G2[0.076,0.307,0.617] | v4:G1[0.078,0.600,0.322]
[TopoTrace Step 0] v0:G1[0.372,0.555,0.073] | v1:G0[0.539,0.230,0.230] | v2:G2[0.275,0.226,0.499] | v3:G2[0.076,0.307,0.617] | v4:G1[0.078,0.600,0.322]
[TopoTrace Step 0] v0:G1[0.372,0.555,0.073] | v1:G0[0.539,0.230,0.230] | v2:G2[0.275,0.226,0.499] | v3:G2[0.076,0.307,0.617] | v4:G1[0.078,0.600,0.322]
[TopoTrace Step 0] v0:G1[0.372,0.555,0.073] | v1:G0[0.539,0.230,0.230] | v2:G2[0.275,0.226,0.499] | v3:G2[0.076,0.307,0.617] | v4:G1[0.078,0.600,0.322]
[TopoTrace Step 0] v0:G1[0.372,0.555,0.073] | v1:G0[0.539,0.230,0.230] | v2:G2[0.275,0.226,0.499] | v3:G2[0.076,0.307,0.617] | v4:G1[0.078,0.600,0.322]
[TopoTrace Step 0] v0:G1[0.372,0.555,0.073] | v1:G0[0.539,0.230,0.230] | v2:G2[0.275,0.226,0.499] | v3:G2[0.076,0.307,0.617] | v4:G1[0.078,0.600,0.322]
[TopoTrace Step 0] v0:G1[0.372,0.555,0.073] | v1:G0[0.539,0.230,0.230] | v2:G2[0.275,0.226,0.499] | v3:G2[0.076,0.307,0.617] | v4:G1[0.078,0.600,0.322]
[TopoTrace Step 0] v0:G1[0.372,0.555,0.073] | v1:G0[0.539,0.230,0.230] | v2:G2[0.275,0.226,0.499] | v3:G2[0.076,0.307,0.617] | v4:G1[0.078,0.600,0.322]
[TopoTrace Step 0] v0:G1[0.372,0.555,0.073] | v1:G0[0.539,0.230,0.230] | v2:G2[0.275,0.226,0.499] | v3:G2[0.076,0.307,0.617] | v4:G1[0.078,0.600,0.322]
[TopoTrace Step 0] v0:G1[0.372,0.555,0.073] | v1:G0[0.539,0.230,0.230] | v2:G2[0.275,0.226,0.499] | v3:G2[0.076,0.307,0.617] | v4:G1[0.078,0.600,0.322]
[TopoTrace Step 0] v0:G1[0.372,0.555,0.073] | v1:G0[0.539,0.230,0.230] | v2:G2[0.275,0.226,0.499] | v3:G2[0.076,0.307,0.617] | v4:G1[0.078,0.600,0.322]
[TopoTrace Step 0] v0:G1[0.372,0.555,0.073] | v1:G0[0.539,0.230,0.230] | v2:G2[0.275,0.226,0.499] | v3:G2[0.076,0.307,0.617] | v4:G1[0.078,0.600,0.322]
[TopoTrace Step 0] v0:G1[0.372,0.555,0.073] | v1:G0[0.539,0.230,0.230] | v2:G2[0.275,0.226,0.499] | v3:G2[0.076,0.307,0.617] | v4:G1[0.078,0.600,0.322][TopoTrace Step 0] v0:G1[0.372,0.555,0.073] | v1:G0[0.539,0.230,0.230] | v2:G2[0.275,0.226,0.499] | v3:G2[0.076,0.307,0.617] | v4:G1[0.078,0.600,0.322]

[TopoTrace Step 0] v0:G1[0.372,0.555,0.073] | v1:G0[0.539,0.230,0.230] | v2:G2[0.275,0.226,0.499] | v3:G2[0.076,0.307,0.617] | v4:G1[0.078,0.600,0.322]
[TopoTrace Step 0] v0:G1[0.372,0.555,0.073] | v1:G0[0.539,0.230,0.230] | v2:G2[0.275,0.226,0.499] | v3:G2[0.076,0.307,0.617] | v4:G1[0.078,0.600,0.322]
[TopoTrace Step 0] v0:G1[0.372,0.555,0.073] | v1:G0[0.539,0.230,0.230] | v2:G2[0.275,0.226,0.499] | v3:G2[0.076,0.307,0.617] | v4:G1[0.078,0.600,0.322]
[TopoTrace Step 0] v0:G1[0.372,0.555,0.073] | v1:G0[0.539,0.230,0.230] | v2:G2[0.275,0.226,0.499] | v3:G2[0.076,0.307,0.617] | v4:G1[0.078,0.600,0.322]
[TopoTrace Step 0] v0:G1[0.372,0.555,0.073] | v1:G0[0.539,0.230,0.230] | v2:G2[0.275,0.226,0.499] | v3:G2[0.076,0.307,0.617] | v4:G1[0.078,0.600,0.322]
[TopoTrace Step 0] v0:G1[0.372,0.555,0.073] | v1:G0[0.539,0.230,0.230] | v2:G2[0.275,0.226,0.499] | v3:G2[0.076,0.307,0.617] | v4:G1[0.078,0.600,0.322]
[TopoTrace Step 0] v0:G1[0.372,0.555,0.073] | v1:G0[0.539,0.230,0.230] | v2:G2[0.275,0.226,0.499] | v3:G2[0.076,0.307,0.617] | v4:G1[0.078,0.600,0.322]
[TopoTrace Step 0] v0:G1[0.372,0.555,0.073] | v1:G0[0.539,0.230,0.230] | v2:G2[0.275,0.226,0.499] | v3:G2[0.076,0.307,0.617] | v4:G1[0.078,0.600,0.322]
[TopoTrace Step 0] v0:G1[0.372,0.555,0.073] | v1:G0[0.539,0.230,0.230] | v2:G2[0.275,0.226,0.499] | v3:G2[0.076,0.307,0.617] | v4:G1[0.078,0.600,0.322]
[TopoTrace Step 0] v0:G1[0.372,0.555,0.073] | v1:G0[0.539,0.230,0.230] | v2:G2[0.275,0.226,0.499] | v3:G2[0.076,0.307,0.617] | v4:G1[0.078,0.600,0.322]
[TopoTrace Step 0] v0:G1[0.372,0.555,0.073] | v1:G0[0.539,0.230,0.230] | v2:G2[0.275,0.226,0.499] | v3:G2[0.076,0.307,0.617] | v4:G1[0.078,0.600,0.322]
[TopoTrace Step 0] v0:G1[0.372,0.555,0.073] | v1:G0[0.539,0.230,0.230] | v2:G2[0.275,0.226,0.499] | v3:G2[0.076,0.307,0.617] | v4:G1[0.078,0.600,0.322]
[TopoTrace Step 0] v0:G1[0.372,0.555,0.073] | v1:G0[0.539,0.230,0.230] | v2:G2[0.275,0.226,0.499] | v3:G2[0.076,0.307,0.617] | v4:G1[0.078,0.600,0.322]
[TopoTrace Step 0] v0:G1[0.372,0.555,0.073] | v1:G0[0.539,0.230,0.230] | v2:G2[0.275,0.226,0.499] | v3:G2[0.076,0.307,0.617] | v4:G1[0.078,0.600,0.322]
[TopoTrace Step 0] v0:G1[0.372,0.555,0.073] | v1:G0[0.539,0.230,0.230] | v2:G2[0.275,0.226,0.499] | v3:G2[0.076,0.307,0.617] | v4:G1[0.078,0.600,0.322]
[TopoTrace Step 0] v0:G1[0.372,0.555,0.073] | v1:G0[0.539,0.230,0.230] | v2:G2[0.275,0.226,0.499] | v3:G2[0.076,0.307,0.617] | v4:G1[0.078,0.600,0.322]
[TopoTrace Step 0] v0:G1[0.372,0.555,0.073] | v1:G0[0.539,0.230,0.230] | v2:G2[0.275,0.226,0.499] | v3:G2[0.076,0.307,0.617] | v4:G1[0.078,0.600,0.322]
[TopoTrace Step 0] v0:G1[0.372,0.555,0.073] | v1:G0[0.539,0.230,0.230] | v2:G2[0.275,0.226,0.499] | v3:G2[0.076,0.307,0.617] | v4:G1[0.078,0.600,0.322]
[TopoTrace Step 0] v0:G1[0.372,0.555,0.073] | v1:G0[0.539,0.230,0.230] | v2:G2[0.275,0.226,0.499] | v3:G2[0.076,0.307,0.617] | v4:G1[0.078,0.600,0.322][TopoTrace Step 0] v0:G1[0.372,0.555,0.073] | v1:G0[0.539,0.230,0.230] | v2:G2[0.275,0.226,0.499] | v3:G2[0.076,0.307,0.617] | v4:G1[0.078,0.600,0.322]

[TopoTrace Step 0] v0:G1[0.372,0.555,0.073] | v1:G0[0.539,0.230,0.230] | v2:G2[0.275,0.226,0.499] | v3:G2[0.076,0.307,0.617] | v4:G1[0.078,0.600,0.322]
[TopoTrace Step 0] v0:G1[0.372,0.555,0.073] | v1:G0[0.539,0.230,0.230] | v2:G2[0.275,0.226,0.499] | v3:G2[0.076,0.307,0.617] | v4:G1[0.078,0.600,0.322]
[TopoTrace Step 0] v0:G1[0.372,0.555,0.073] | v1:G0[0.539,0.230,0.230] | v2:G2[0.275,0.226,0.499] | v3:G2[0.076,0.307,0.617] | v4:G1[0.078,0.600,0.322]
[TopoTrace Step 0] v0:G1[0.372,0.555,0.073] | v1:G0[0.539,0.230,0.230] | v2:G2[0.275,0.226,0.499] | v3:G2[0.076,0.307,0.617] | v4:G1[0.078,0.600,0.322]
[TopoTrace Step 0] v0:G1[0.372,0.555,0.073] | v1:G0[0.539,0.230,0.230] | v2:G2[0.275,0.226,0.499] | v3:G2[0.076,0.307,0.617] | v4:G1[0.078,0.600,0.322]
[TopoTrace Step 0] v0:G1[0.372,0.555,0.073] | v1:G0[0.539,0.230,0.230] | v2:G2[0.275,0.226,0.499] | v3:G2[0.076,0.307,0.617] | v4:G1[0.078,0.600,0.322]
[TopoTrace Step 0] v0:G1[0.372,0.555,0.073] | v1:G0[0.539,0.230,0.230] | v2:G2[0.275,0.226,0.499] | v3:G2[0.076,0.307,0.617] | v4:G1[0.078,0.600,0.322]
[TopoTrace Step 0] v0:G1[0.372,0.555,0.073] | v1:G0[0.539,0.230,0.230] | v2:G2[0.275,0.226,0.499] | v3:G2[0.076,0.307,0.617] | v4:G1[0.078,0.600,0.322]
[TopoTrace Step 0] v0:G1[0.372,0.555,0.073] | v1:G0[0.539,0.230,0.230] | v2:G2[0.275,0.226,0.499] | v3:G2[0.076,0.307,0.617] | v4:G1[0.078,0.600,0.322]
[TopoTrace Step 0] v0:G1[0.372,0.555,0.073] | v1:G0[0.539,0.230,0.230] | v2:G2[0.275,0.226,0.499] | v3:G2[0.076,0.307,0.617] | v4:G1[0.078,0.600,0.322]
[TopoTrace Step 0] v0:G1[0.372,0.555,0.073] | v1:G0[0.539,0.230,0.230] | v2:G2[0.275,0.226,0.499] | v3:G2[0.076,0.307,0.617] | v4:G1[0.078,0.600,0.322]
[TopoTrace Step 0] v0:G1[0.372,0.555,0.073] | v1:G0[0.539,0.230,0.230] | v2:G2[0.275,0.226,0.499] | v3:G2[0.076,0.307,0.617] | v4:G1[0.078,0.600,0.322]
[TopoTrace Step 0] v0:G1[0.372,0.555,0.073] | v1:G0[0.539,0.230,0.230] | v2:G2[0.275,0.226,0.499] | v3:G2[0.076,0.307,0.617] | v4:G1[0.078,0.600,0.322]
[TopoTrace Step 0] v0:G1[0.372,0.555,0.073] | v1:G0[0.539,0.230,0.230] | v2:G2[0.275,0.226,0.499] | v3:G2[0.076,0.307,0.617] | v4:G1[0.078,0.600,0.322]
[TopoTrace Step 0] v0:G1[0.372,0.555,0.073] | v1:G0[0.539,0.230,0.230] | v2:G2[0.275,0.226,0.499] | v3:G2[0.076,0.307,0.617] | v4:G1[0.078,0.600,0.322]
[TopoTrace Step 0] v0:G1[0.372,0.555,0.073] | v1:G0[0.539,0.230,0.230] | v2:G2[0.275,0.226,0.499] | v3:G2[0.076,0.307,0.617] | v4:G1[0.078,0.600,0.322]
[TopoTrace Step 0] v0:G1[0.372,0.555,0.073] | v1:G0[0.539,0.230,0.230] | v2:G2[0.275,0.226,0.499] | v3:G2[0.076,0.307,0.617] | v4:G1[0.078,0.600,0.322][TopoTrace Step 0] v0:G1[0.372,0.555,0.073] | v1:G0[0.539,0.230,0.230] | v2:G2[0.275,0.226,0.499] | v3:G2[0.076,0.307,0.617] | v4:G1[0.078,0.600,0.322]

[TopoTrace Step 0] v0:G1[0.372,0.555,0.073] | v1:G0[0.539,0.230,0.230] | v2:G2[0.275,0.226,0.499] | v3:G2[0.076,0.307,0.617] | v4:G1[0.078,0.600,0.322]
[TopoTrace Step 0] v0:G1[0.372,0.555,0.073] | v1:G0[0.539,0.230,0.230] | v2:G2[0.275,0.226,0.499] | v3:G2[0.076,0.307,0.617] | v4:G1[0.078,0.600,0.322]
[TopoTrace Step 0] v0:G1[0.372,0.555,0.073] | v1:G0[0.539,0.230,0.230] | v2:G2[0.275,0.226,0.499] | v3:G2[0.076,0.307,0.617] | v4:G1[0.078,0.600,0.322]
[TopoTrace Step 0] v0:G1[0.372,0.555,0.073] | v1:G0[0.539,0.230,0.230] | v2:G2[0.275,0.226,0.499] | v3:G2[0.076,0.307,0.617] | v4:G1[0.078,0.600,0.322]
[TopoTrace Step 0] v0:G1[0.372,0.555,0.073] | v1:G0[0.539,0.230,0.230] | v2:G2[0.275,0.226,0.499] | v3:G2[0.076,0.307,0.617] | v4:G1[0.078,0.600,0.322]
[TopoTrace Step 0] v0:G1[0.372,0.555,0.073] | v1:G0[0.539,0.230,0.230] | v2:G2[0.275,0.226,0.499] | v3:G2[0.076,0.307,0.617] | v4:G1[0.078,0.600,0.322]
[TopoTrace Step 0] v0:G1[0.372,0.555,0.073] | v1:G0[0.539,0.230,0.230] | v2:G2[0.275,0.226,0.499] | v3:G2[0.076,0.307,0.617] | v4:G1[0.078,0.600,0.322]
[TopoTrace Step 0] v0:G1[0.372,0.555,0.073] | v1:G0[0.539,0.230,0.230] | v2:G2[0.275,0.226,0.499] | v3:G2[0.076,0.307,0.617] | v4:G1[0.078,0.600,0.322]
[TopoTrace Step 0] v0:G1[0.372,0.555,0.073] | v1:G0[0.539,0.230,0.230] | v2:G2[0.275,0.226,0.499] | v3:G2[0.076,0.307,0.617] | v4:G1[0.078,0.600,0.322]
[TopoTrace Step 0] v0:G1[0.372,0.555,0.073] | v1:G0[0.539,0.230,0.230] | v2:G2[0.275,0.226,0.499] | v3:G2[0.076,0.307,0.617] | v4:G1[0.078,0.600,0.322]
[TopoTrace Step 0] v0:G1[0.372,0.555,0.073] | v1:G0[0.539,0.230,0.230] | v2:G2[0.275,0.226,0.499] | v3:G2[0.076,0.307,0.617] | v4:G1[0.078,0.600,0.322]
[TopoTrace Step 0] v0:G1[0.372,0.555,0.073] | v1:G0[0.539,0.230,0.230] | v2:G2[0.275,0.226,0.499] | v3:G2[0.076,0.307,0.617] | v4:G1[0.078,0.600,0.322]
[TopoTrace Step 0] v0:G1[0.372,0.555,0.073] | v1:G0[0.539,0.230,0.230] | v2:G2[0.275,0.226,0.499] | v3:G2[0.076,0.307,0.617] | v4:G1[0.078,0.600,0.322]
[TopoTrace Step 0] v0:G1[0.372,0.555,0.073] | v1:G0[0.539,0.230,0.230] | v2:G2[0.275,0.226,0.499] | v3:G2[0.076,0.307,0.617] | v4:G1[0.078,0.600,0.322]
[TopoTrace Step 0] v0:G1[0.372,0.555,0.073] | v1:G0[0.539,0.230,0.230] | v2:G2[0.275,0.226,0.499] | v3:G2[0.076,0.307,0.617] | v4:G1[0.078,0.600,0.322]
[TopoTrace Step 0] v0:G1[0.372,0.555,0.073] | v1:G0[0.539,0.230,0.230] | v2:G2[0.275,0.226,0.499] | v3:G2[0.076,0.307,0.617] | v4:G1[0.078,0.600,0.322]
[TopoTrace Step 0] v0:G1[0.372,0.555,0.073] | v1:G0[0.539,0.230,0.230] | v2:G2[0.275,0.226,0.499] | v3:G2[0.076,0.307,0.617] | v4:G1[0.078,0.600,0.322]
[TopoTrace Step 0] v0:G1[0.372,0.555,0.073] | v1:G0[0.539,0.230,0.230] | v2:G2[0.275,0.226,0.499] | v3:G2[0.076,0.307,0.617] | v4:G1[0.078,0.600,0.322]
[TopoTrace Step 0] v0:G1[0.372,0.555,0.073] | v1:G0[0.539,0.230,0.230] | v2:G2[0.275,0.226,0.499] | v3:G2[0.076,0.307,0.617] | v4:G1[0.078,0.600,0.322]
[TopoTrace Step 0] v0:G1[0.372,0.555,0.073] | v1:G0[0.539,0.230,0.230] | v2:G2[0.275,0.226,0.499] | v3:G2[0.076,0.307,0.617] | v4:G1[0.078,0.600,0.322]
[TopoTrace Step 0] v0:G1[0.372,0.555,0.073] | v1:G0[0.539,0.230,0.230] | v2:G2[0.275,0.226,0.499] | v3:G2[0.076,0.307,0.617] | v4:G1[0.078,0.600,0.322]
[TopoTrace Step 0] v0:G1[0.372,0.555,0.073] | v1:G0[0.539,0.230,0.230] | v2:G2[0.275,0.226,0.499] | v3:G2[0.076,0.307,0.617] | v4:G1[0.078,0.600,0.322]
[TopoTrace Step 0] v0:G1[0.372,0.555,0.073] | v1:G0[0.539,0.230,0.230] | v2:G2[0.275,0.226,0.499] | v3:G2[0.076,0.307,0.617] | v4:G1[0.078,0.600,0.322]
[TopoTrace Step 0] v0:G1[0.372,0.555,0.073] | v1:G0[0.539,0.230,0.230] | v2:G2[0.275,0.226,0.499] | v3:G2[0.076,0.307,0.617] | v4:G1[0.078,0.600,0.322]
[TopoTrace Step 0] v0:G1[0.372,0.555,0.073] | v1:G0[0.539,0.230,0.230] | v2:G2[0.275,0.226,0.499] | v3:G2[0.076,0.307,0.617] | v4:G1[0.078,0.600,0.322]
[TopoTrace Step 0] v0:G1[0.372,0.555,0.073] | v1:G0[0.539,0.230,0.230] | v2:G2[0.275,0.226,0.499] | v3:G2[0.076,0.307,0.617] | v4:G1[0.078,0.600,0.322]
[TopoTrace Step 0] v0:G1[0.372,0.555,0.073] | v1:G0[0.539,0.230,0.230] | v2:G2[0.275,0.226,0.499] | v3:G2[0.076,0.307,0.617] | v4:G1[0.078,0.600,0.322]
[TopoTrace Step 0] v0:G1[0.372,0.555,0.073] | v1:G0[0.539,0.230,0.230] | v2:G2[0.275,0.226,0.499] | v3:G2[0.076,0.307,0.617] | v4:G1[0.078,0.600,0.322]
[TopoTrace Step 0] v0:G1[0.372,0.555,0.073] | v1:G0[0.539,0.230,0.230] | v2:G2[0.275,0.226,0.499] | v3:G2[0.076,0.307,0.617] | v4:G1[0.078,0.600,0.322]
[TopoTrace Step 0] v0:G1[0.372,0.555,0.073] | v1:G0[0.539,0.230,0.230] | v2:G2[0.275,0.226,0.499] | v3:G2[0.076,0.307,0.617] | v4:G1[0.078,0.600,0.322]
[TopoTrace Step 0] v0:G1[0.372,0.555,0.073] | v1:G0[0.539,0.230,0.230] | v2:G2[0.275,0.226,0.499] | v3:G2[0.076,0.307,0.617] | v4:G1[0.078,0.600,0.322]
[TopoTrace Step 0] v0:G1[0.372,0.555,0.073] | v1:G0[0.539,0.230,0.230] | v2:G2[0.275,0.226,0.499] | v3:G2[0.076,0.307,0.617] | v4:G1[0.078,0.600,0.322]
Epoch: 8 cost time: 63.343284130096436
Epoch: 8, Steps: 294 | Train Loss: 0.4228900 Vali Loss: 0.2879282 Test Loss: 3.9970238
EarlyStopping counter: 6 out of 3
Early stopping
Updating learning rate to 7.8125e-07
[TopoTrace Step 0] v0:G1[0.372,0.555,0.073] | v1:G0[0.539,0.230,0.230] | v2:G2[0.275,0.226,0.499] | v3:G2[0.076,0.307,0.617] | v4:G1[0.078,0.600,0.322]
[TopoTrace Step 0] v0:G1[0.372,0.555,0.073] | v1:G0[0.539,0.230,0.230] | v2:G2[0.275,0.226,0.499] | v3:G2[0.076,0.307,0.617] | v4:G1[0.078,0.600,0.322]
[TopoTrace Step 0] v0:G1[0.372,0.555,0.073] | v1:G0[0.539,0.230,0.230] | v2:G2[0.275,0.226,0.499] | v3:G2[0.076,0.307,0.617] | v4:G1[0.078,0.600,0.322]
[TopoTrace Step 0] v0:G1[0.372,0.555,0.073] | v1:G0[0.539,0.230,0.230] | v2:G2[0.275,0.226,0.499] | v3:G2[0.076,0.307,0.617] | v4:G1[0.078,0.600,0.322]
[TopoTrace Step 0] v0:G1[0.372,0.555,0.073] | v1:G0[0.539,0.230,0.230] | v2:G2[0.275,0.226,0.499] | v3:G2[0.076,0.307,0.617] | v4:G1[0.078,0.600,0.322]
[TopoTrace Step 0] v0:G1[0.372,0.555,0.073] | v1:G0[0.539,0.230,0.230] | v2:G2[0.275,0.226,0.499] | v3:G2[0.076,0.307,0.617] | v4:G1[0.078,0.600,0.322]
[TopoTrace Step 0] v0:G1[0.372,0.555,0.073] | v1:G0[0.539,0.230,0.230] | v2:G2[0.275,0.226,0.499] | v3:G2[0.076,0.307,0.617] | v4:G1[0.078,0.600,0.322]
[TopoTrace Step 0] v0:G1[0.372,0.555,0.073] | v1:G0[0.539,0.230,0.230] | v2:G2[0.275,0.226,0.499] | v3:G2[0.076,0.307,0.617] | v4:G1[0.078,0.600,0.322]
[TopoTrace Step 0] v0:G1[0.372,0.555,0.073] | v1:G0[0.539,0.230,0.230] | v2:G2[0.275,0.226,0.499] | v3:G2[0.076,0.307,0.617] | v4:G1[0.078,0.600,0.322]
[TopoTrace Step 0] v0:G1[0.372,0.555,0.073] | v1:G0[0.539,0.230,0.230] | v2:G2[0.275,0.226,0.499] | v3:G2[0.076,0.307,0.617] | v4:G1[0.078,0.600,0.322]
[TopoTrace Step 0] v0:G1[0.372,0.555,0.073] | v1:G0[0.539,0.230,0.230] | v2:G2[0.275,0.226,0.499] | v3:G2[0.076,0.307,0.617] | v4:G1[0.078,0.600,0.322]
[TopoTrace Step 0] v0:G1[0.372,0.555,0.073] | v1:G0[0.539,0.230,0.230] | v2:G2[0.275,0.226,0.499] | v3:G2[0.076,0.307,0.617] | v4:G1[0.078,0.600,0.322]
[TopoTrace Step 0] v0:G1[0.372,0.555,0.073] | v1:G0[0.539,0.230,0.230] | v2:G2[0.275,0.226,0.499] | v3:G2[0.076,0.307,0.617] | v4:G1[0.078,0.600,0.322]
[TopoTrace Step 0] v0:G1[0.372,0.555,0.073] | v1:G0[0.539,0.230,0.230] | v2:G2[0.275,0.226,0.499] | v3:G2[0.076,0.307,0.617] | v4:G1[0.078,0.600,0.322]
[TopoTrace Step 0] v0:G1[0.372,0.555,0.073] | v1:G0[0.539,0.230,0.230] | v2:G2[0.275,0.226,0.499] | v3:G2[0.076,0.307,0.617] | v4:G1[0.078,0.600,0.322]
[TopoTrace Step 0] v0:G1[0.372,0.555,0.073] | v1:G0[0.539,0.230,0.230] | v2:G2[0.275,0.226,0.499] | v3:G2[0.076,0.307,0.617] | v4:G1[0.078,0.600,0.322]
[TopoTrace Step 0] v0:G1[0.372,0.555,0.073] | v1:G0[0.539,0.230,0.230] | v2:G2[0.275,0.226,0.499] | v3:G2[0.076,0.307,0.617] | v4:G1[0.078,0.600,0.322]
[TopoTrace Step 0] v0:G1[0.372,0.555,0.073] | v1:G0[0.539,0.230,0.230] | v2:G2[0.275,0.226,0.499] | v3:G2[0.076,0.307,0.617] | v4:G1[0.078,0.600,0.322]
[TopoTrace Step 0] v0:G1[0.372,0.555,0.073] | v1:G0[0.539,0.230,0.230] | v2:G2[0.275,0.226,0.499] | v3:G2[0.076,0.307,0.617] | v4:G1[0.078,0.600,0.322]
[TopoTrace Step 0] v0:G1[0.372,0.555,0.073] | v1:G0[0.539,0.230,0.230] | v2:G2[0.275,0.226,0.499] | v3:G2[0.076,0.307,0.617] | v4:G1[0.078,0.600,0.322]
[TopoTrace Step 0] v0:G1[0.372,0.555,0.073] | v1:G0[0.539,0.230,0.230] | v2:G2[0.275,0.226,0.499] | v3:G2[0.076,0.307,0.617] | v4:G1[0.078,0.600,0.322]
[TopoTrace Step 0] v0:G1[0.372,0.555,0.073] | v1:G0[0.539,0.230,0.230] | v2:G2[0.275,0.226,0.499] | v3:G2[0.076,0.307,0.617] | v4:G1[0.078,0.600,0.322]
[TopoTrace Step 0] v0:G1[0.372,0.555,0.073] | v1:G0[0.539,0.230,0.230] | v2:G2[0.275,0.226,0.499] | v3:G2[0.076,0.307,0.617] | v4:G1[0.078,0.600,0.322]
[TopoTrace Step 0] v0:G1[0.372,0.555,0.073] | v1:G0[0.539,0.230,0.230] | v2:G2[0.275,0.226,0.499] | v3:G2[0.076,0.307,0.617] | v4:G1[0.078,0.600,0.322]
[TopoTrace Step 0] v0:G1[0.372,0.555,0.073] | v1:G0[0.539,0.230,0.230] | v2:G2[0.275,0.226,0.499] | v3:G2[0.076,0.307,0.617] | v4:G1[0.078,0.600,0.322]
[TopoTrace Step 0] v0:G1[0.372,0.555,0.073] | v1:G0[0.539,0.230,0.230] | v2:G2[0.275,0.226,0.499] | v3:G2[0.076,0.307,0.617] | v4:G1[0.078,0.600,0.322]
[TopoTrace Step 0] v0:G1[0.372,0.555,0.073] | v1:G0[0.539,0.230,0.230] | v2:G2[0.275,0.226,0.499] | v3:G2[0.076,0.307,0.617] | v4:G1[0.078,0.600,0.322]
[TopoTrace Step 0] v0:G1[0.372,0.555,0.073] | v1:G0[0.539,0.230,0.230] | v2:G2[0.275,0.226,0.499] | v3:G2[0.076,0.307,0.617] | v4:G1[0.078,0.600,0.322]
[TopoTrace Step 0] v0:G1[0.372,0.555,0.073] | v1:G0[0.539,0.230,0.230] | v2:G2[0.275,0.226,0.499] | v3:G2[0.076,0.307,0.617] | v4:G1[0.078,0.600,0.322]
[TopoTrace Step 0] v0:G1[0.372,0.555,0.073] | v1:G0[0.539,0.230,0.230] | v2:G2[0.275,0.226,0.499] | v3:G2[0.076,0.307,0.617] | v4:G1[0.078,0.600,0.322]
[TopoTrace Step 0] v0:G1[0.372,0.555,0.073] | v1:G0[0.539,0.230,0.230] | v2:G2[0.275,0.226,0.499] | v3:G2[0.076,0.307,0.617] | v4:G1[0.078,0.600,0.322]
[TopoTrace Step 0] v0:G1[0.372,0.555,0.073] | v1:G0[0.539,0.230,0.230] | v2:G2[0.275,0.226,0.499] | v3:G2[0.076,0.307,0.617] | v4:G1[0.078,0.600,0.322]
[TopoTrace Step 0] v0:G1[0.372,0.555,0.073] | v1:G0[0.539,0.230,0.230] | v2:G2[0.275,0.226,0.499] | v3:G2[0.076,0.307,0.617] | v4:G1[0.078,0.600,0.322]
[TopoTrace Step 0] v0:G1[0.372,0.555,0.073] | v1:G0[0.539,0.230,0.230] | v2:G2[0.275,0.226,0.499] | v3:G2[0.076,0.307,0.617] | v4:G1[0.078,0.600,0.322]
[TopoTrace Step 0] v0:G1[0.372,0.555,0.073] | v1:G0[0.539,0.230,0.230] | v2:G2[0.275,0.226,0.499] | v3:G2[0.076,0.307,0.617] | v4:G1[0.078,0.600,0.322]
[TopoTrace Step 0] v0:G1[0.372,0.555,0.073] | v1:G0[0.539,0.230,0.230] | v2:G2[0.275,0.226,0.499] | v3:G2[0.076,0.307,0.617] | v4:G1[0.078,0.600,0.322]
[TopoTrace Step 0] v0:G1[0.372,0.555,0.073] | v1:G0[0.539,0.230,0.230] | v2:G2[0.275,0.226,0.499] | v3:G2[0.076,0.307,0.617] | v4:G1[0.078,0.600,0.322]
[TopoTrace Step 0] v0:G1[0.372,0.555,0.073] | v1:G0[0.539,0.230,0.230] | v2:G2[0.275,0.226,0.499] | v3:G2[0.076,0.307,0.617] | v4:G1[0.078,0.600,0.322]
[TopoTrace Step 0] v0:G1[0.372,0.555,0.073] | v1:G0[0.539,0.230,0.230] | v2:G2[0.275,0.226,0.499] | v3:G2[0.076,0.307,0.617] | v4:G1[0.078,0.600,0.322]
[TopoTrace Step 0] v0:G1[0.372,0.555,0.073] | v1:G0[0.539,0.230,0.230] | v2:G2[0.275,0.226,0.499] | v3:G2[0.076,0.307,0.617] | v4:G1[0.078,0.600,0.322]
[TopoTrace Step 0] v0:G1[0.372,0.555,0.073] | v1:G0[0.539,0.230,0.230] | v2:G2[0.275,0.226,0.499] | v3:G2[0.076,0.307,0.617] | v4:G1[0.078,0.600,0.322]
[TopoTrace Step 0] v0:G1[0.372,0.555,0.073] | v1:G0[0.539,0.230,0.230] | v2:G2[0.275,0.226,0.499] | v3:G2[0.076,0.307,0.617] | v4:G1[0.078,0.600,0.322]
[TopoTrace Step 0] v0:G1[0.372,0.555,0.073] | v1:G0[0.539,0.230,0.230] | v2:G2[0.275,0.226,0.499] | v3:G2[0.076,0.307,0.617] | v4:G1[0.078,0.600,0.322]
[TopoTrace Step 0] v0:G1[0.372,0.555,0.073] | v1:G0[0.539,0.230,0.230] | v2:G2[0.275,0.226,0.499] | v3:G2[0.076,0.307,0.617] | v4:G1[0.078,0.600,0.322]
[TopoTrace Step 0] v0:G1[0.372,0.555,0.073] | v1:G0[0.539,0.230,0.230] | v2:G2[0.275,0.226,0.499] | v3:G2[0.076,0.307,0.617] | v4:G1[0.078,0.600,0.322]
[TopoTrace Step 0] v0:G1[0.372,0.555,0.073] | v1:G0[0.539,0.230,0.230] | v2:G2[0.275,0.226,0.499] | v3:G2[0.076,0.307,0.617] | v4:G1[0.078,0.600,0.322]
[TopoTrace Step 0] v0:G1[0.372,0.555,0.073] | v1:G0[0.539,0.230,0.230] | v2:G2[0.275,0.226,0.499] | v3:G2[0.076,0.307,0.617] | v4:G1[0.078,0.600,0.322]
[TopoTrace Step 0] v0:G1[0.372,0.555,0.073] | v1:G0[0.539,0.230,0.230] | v2:G2[0.275,0.226,0.499] | v3:G2[0.076,0.307,0.617] | v4:G1[0.078,0.600,0.322]
[TopoTrace Step 0] v0:G1[0.372,0.555,0.073] | v1:G0[0.539,0.230,0.230] | v2:G2[0.275,0.226,0.499] | v3:G2[0.076,0.307,0.617] | v4:G1[0.078,0.600,0.322]
[TopoTrace Step 0] v0:G1[0.372,0.555,0.073] | v1:G0[0.539,0.230,0.230] | v2:G2[0.275,0.226,0.499] | v3:G2[0.076,0.307,0.617] | v4:G1[0.078,0.600,0.322]
[TopoTrace Step 0] v0:G1[0.372,0.555,0.073] | v1:G0[0.539,0.230,0.230] | v2:G2[0.275,0.226,0.499] | v3:G2[0.076,0.307,0.617] | v4:G1[0.078,0.600,0.322]
[TopoTrace Step 0] v0:G1[0.372,0.555,0.073] | v1:G0[0.539,0.230,0.230] | v2:G2[0.275,0.226,0.499] | v3:G2[0.076,0.307,0.617] | v4:G1[0.078,0.600,0.322]
[TopoTrace Step 0] v0:G1[0.372,0.555,0.073] | v1:G0[0.539,0.230,0.230] | v2:G2[0.275,0.226,0.499] | v3:G2[0.076,0.307,0.617] | v4:G1[0.078,0.600,0.322][TopoTrace Step 0] v0:G1[0.372,0.555,0.073] | v1:G0[0.539,0.230,0.230] | v2:G2[0.275,0.226,0.499] | v3:G2[0.076,0.307,0.617] | v4:G1[0.078,0.600,0.322]

[TopoTrace Step 0] v0:G1[0.372,0.555,0.073] | v1:G0[0.539,0.230,0.230] | v2:G2[0.275,0.226,0.499] | v3:G2[0.076,0.307,0.617] | v4:G1[0.078,0.600,0.322]
[TopoTrace Step 0] v0:G1[0.372,0.555,0.073] | v1:G0[0.539,0.230,0.230] | v2:G2[0.275,0.226,0.499] | v3:G2[0.076,0.307,0.617] | v4:G1[0.078,0.600,0.322]
[TopoTrace Step 0] v0:G1[0.372,0.555,0.073] | v1:G0[0.539,0.230,0.230] | v2:G2[0.275,0.226,0.499] | v3:G2[0.076,0.307,0.617] | v4:G1[0.078,0.600,0.322]
[TopoTrace Step 0] v0:G1[0.372,0.555,0.073] | v1:G0[0.539,0.230,0.230] | v2:G2[0.275,0.226,0.499] | v3:G2[0.076,0.307,0.617] | v4:G1[0.078,0.600,0.322]
[TopoTrace Step 0] v0:G1[0.372,0.555,0.073] | v1:G0[0.539,0.230,0.230] | v2:G2[0.275,0.226,0.499] | v3:G2[0.076,0.307,0.617] | v4:G1[0.078,0.600,0.322]
[TopoTrace Step 0] v0:G1[0.372,0.555,0.073] | v1:G0[0.539,0.230,0.230] | v2:G2[0.275,0.226,0.499] | v3:G2[0.076,0.307,0.617] | v4:G1[0.078,0.600,0.322]
[TopoTrace Step 0] v0:G1[0.372,0.555,0.073] | v1:G0[0.539,0.230,0.230] | v2:G2[0.275,0.226,0.499] | v3:G2[0.076,0.307,0.617] | v4:G1[0.078,0.600,0.322]
[TopoTrace Step 0] v0:G1[0.372,0.555,0.073] | v1:G0[0.539,0.230,0.230] | v2:G2[0.275,0.226,0.499] | v3:G2[0.076,0.307,0.617] | v4:G1[0.078,0.600,0.322]
[TopoTrace Step 0] v0:G1[0.372,0.555,0.073] | v1:G0[0.539,0.230,0.230] | v2:G2[0.275,0.226,0.499] | v3:G2[0.076,0.307,0.617] | v4:G1[0.078,0.600,0.322]
[TopoTrace Step 0] v0:G1[0.372,0.555,0.073] | v1:G0[0.539,0.230,0.230] | v2:G2[0.275,0.226,0.499] | v3:G2[0.076,0.307,0.617] | v4:G1[0.078,0.600,0.322]
[TopoTrace Step 0] v0:G1[0.372,0.555,0.073] | v1:G0[0.539,0.230,0.230] | v2:G2[0.275,0.226,0.499] | v3:G2[0.076,0.307,0.617] | v4:G1[0.078,0.600,0.322]
[TopoTrace Step 0] v0:G1[0.372,0.555,0.073] | v1:G0[0.539,0.230,0.230] | v2:G2[0.275,0.226,0.499] | v3:G2[0.076,0.307,0.617] | v4:G1[0.078,0.600,0.322]
[TopoTrace Step 0] v0:G1[0.372,0.555,0.073] | v1:G0[0.539,0.230,0.230] | v2:G2[0.275,0.226,0.499] | v3:G2[0.076,0.307,0.617] | v4:G1[0.078,0.600,0.322]
[TopoTrace Step 0] v0:G1[0.372,0.555,0.073] | v1:G0[0.539,0.230,0.230] | v2:G2[0.275,0.226,0.499] | v3:G2[0.076,0.307,0.617] | v4:G1[0.078,0.600,0.322]
[TopoTrace Step 0] v0:G1[0.372,0.555,0.073] | v1:G0[0.539,0.230,0.230] | v2:G2[0.275,0.226,0.499] | v3:G2[0.076,0.307,0.617] | v4:G1[0.078,0.600,0.322]
[TopoTrace Step 0] v0:G1[0.372,0.555,0.073] | v1:G0[0.539,0.230,0.230] | v2:G2[0.275,0.226,0.499] | v3:G2[0.076,0.307,0.617] | v4:G1[0.078,0.600,0.322]
[TopoTrace Step 0] v0:G1[0.372,0.555,0.073] | v1:G0[0.539,0.230,0.230] | v2:G2[0.275,0.226,0.499] | v3:G2[0.076,0.307,0.617] | v4:G1[0.078,0.600,0.322]
[TopoTrace Step 0] v0:G1[0.372,0.555,0.073] | v1:G0[0.539,0.230,0.230] | v2:G2[0.275,0.226,0.499] | v3:G2[0.076,0.307,0.617] | v4:G1[0.078,0.600,0.322]
[TopoTrace Step 0] v0:G1[0.372,0.555,0.073] | v1:G0[0.539,0.230,0.230] | v2:G2[0.275,0.226,0.499] | v3:G2[0.076,0.307,0.617] | v4:G1[0.078,0.600,0.322]
[TopoTrace Step 0] v0:G1[0.372,0.555,0.073] | v1:G0[0.539,0.230,0.230] | v2:G2[0.275,0.226,0.499] | v3:G2[0.076,0.307,0.617] | v4:G1[0.078,0.600,0.322]
[TopoTrace Step 0] v0:G1[0.372,0.555,0.073] | v1:G0[0.539,0.230,0.230] | v2:G2[0.275,0.226,0.499] | v3:G2[0.076,0.307,0.617] | v4:G1[0.078,0.600,0.322]
[TopoTrace Step 0] v0:G1[0.372,0.555,0.073] | v1:G0[0.539,0.230,0.230] | v2:G2[0.275,0.226,0.499] | v3:G2[0.076,0.307,0.617] | v4:G1[0.078,0.600,0.322]
[TopoTrace Step 0] v0:G1[0.372,0.555,0.073] | v1:G0[0.539,0.230,0.230] | v2:G2[0.275,0.226,0.499] | v3:G2[0.076,0.307,0.617] | v4:G1[0.078,0.600,0.322]
[TopoTrace Step 0] v0:G1[0.372,0.555,0.073] | v1:G0[0.539,0.230,0.230] | v2:G2[0.275,0.226,0.499] | v3:G2[0.076,0.307,0.617] | v4:G1[0.078,0.600,0.322]
[TopoTrace Step 0] v0:G1[0.372,0.555,0.073] | v1:G0[0.539,0.230,0.230] | v2:G2[0.275,0.226,0.499] | v3:G2[0.076,0.307,0.617] | v4:G1[0.078,0.600,0.322]
[TopoTrace Step 0] v0:G1[0.372,0.555,0.073] | v1:G0[0.539,0.230,0.230] | v2:G2[0.275,0.226,0.499] | v3:G2[0.076,0.307,0.617] | v4:G1[0.078,0.600,0.322]
[TopoTrace Step 0] v0:G1[0.372,0.555,0.073] | v1:G0[0.539,0.230,0.230] | v2:G2[0.275,0.226,0.499] | v3:G2[0.076,0.307,0.617] | v4:G1[0.078,0.600,0.322]
[TopoTrace Step 0] v0:G1[0.372,0.555,0.073] | v1:G0[0.539,0.230,0.230] | v2:G2[0.275,0.226,0.499] | v3:G2[0.076,0.307,0.617] | v4:G1[0.078,0.600,0.322]
[TopoTrace Step 0] v0:G1[0.372,0.555,0.073] | v1:G0[0.539,0.230,0.230] | v2:G2[0.275,0.226,0.499] | v3:G2[0.076,0.307,0.617] | v4:G1[0.078,0.600,0.322]
[TopoTrace Step 0] v0:G1[0.372,0.555,0.073] | v1:G0[0.539,0.230,0.230] | v2:G2[0.275,0.226,0.499] | v3:G2[0.076,0.307,0.617] | v4:G1[0.078,0.600,0.322]
[TopoTrace Step 0] v0:G1[0.372,0.555,0.073] | v1:G0[0.539,0.230,0.230] | v2:G2[0.275,0.226,0.499] | v3:G2[0.076,0.307,0.617] | v4:G1[0.078,0.600,0.322]
[TopoTrace Step 0] v0:G1[0.372,0.555,0.073] | v1:G0[0.539,0.230,0.230] | v2:G2[0.275,0.226,0.499] | v3:G2[0.076,0.307,0.617] | v4:G1[0.078,0.600,0.322]
[TopoTrace Step 0] v0:G1[0.372,0.555,0.073] | v1:G0[0.539,0.230,0.230] | v2:G2[0.275,0.226,0.499] | v3:G2[0.076,0.307,0.617] | v4:G1[0.078,0.600,0.322]
[TopoTrace Step 0] v0:G1[0.372,0.555,0.073] | v1:G0[0.539,0.230,0.230] | v2:G2[0.275,0.226,0.499] | v3:G2[0.076,0.307,0.617] | v4:G1[0.078,0.600,0.322]
[TopoTrace Step 0] v0:G1[0.372,0.555,0.073] | v1:G0[0.539,0.230,0.230] | v2:G2[0.275,0.226,0.499] | v3:G2[0.076,0.307,0.617] | v4:G1[0.078,0.600,0.322]
[TopoTrace Step 0] v0:G1[0.372,0.555,0.073] | v1:G0[0.539,0.230,0.230] | v2:G2[0.275,0.226,0.499] | v3:G2[0.076,0.307,0.617] | v4:G1[0.078,0.600,0.322]
[TopoTrace Step 0] v0:G1[0.372,0.555,0.073] | v1:G0[0.539,0.230,0.230] | v2:G2[0.275,0.226,0.499] | v3:G2[0.076,0.307,0.617] | v4:G1[0.078,0.600,0.322]
[TopoTrace Step 0] v0:G1[0.372,0.555,0.073] | v1:G0[0.539,0.230,0.230] | v2:G2[0.275,0.226,0.499] | v3:G2[0.076,0.307,0.617] | v4:G1[0.078,0.600,0.322]
[TopoTrace Step 0] v0:G1[0.372,0.555,0.073] | v1:G0[0.539,0.230,0.230] | v2:G2[0.275,0.226,0.499] | v3:G2[0.076,0.307,0.617] | v4:G1[0.078,0.600,0.322]
[TopoTrace Step 0] v0:G1[0.372,0.555,0.073] | v1:G0[0.539,0.230,0.230] | v2:G2[0.275,0.226,0.499] | v3:G2[0.076,0.307,0.617] | v4:G1[0.078,0.600,0.322]
[TopoTrace Step 0] v0:G1[0.372,0.555,0.073] | v1:G0[0.539,0.230,0.230] | v2:G2[0.275,0.226,0.499] | v3:G2[0.076,0.307,0.617] | v4:G1[0.078,0.600,0.322]
[TopoTrace Step 0] v0:G1[0.372,0.555,0.073] | v1:G0[0.539,0.230,0.230] | v2:G2[0.275,0.226,0.499] | v3:G2[0.076,0.307,0.617] | v4:G1[0.078,0.600,0.322]
[TopoTrace Step 0] v0:G1[0.372,0.555,0.073] | v1:G0[0.539,0.230,0.230] | v2:G2[0.275,0.226,0.499] | v3:G2[0.076,0.307,0.617] | v4:G1[0.078,0.600,0.322]
[TopoTrace Step 0] v0:G1[0.372,0.555,0.073] | v1:G0[0.539,0.230,0.230] | v2:G2[0.275,0.226,0.499] | v3:G2[0.076,0.307,0.617] | v4:G1[0.078,0.600,0.322]
[TopoTrace Step 0] v0:G1[0.372,0.555,0.073] | v1:G0[0.539,0.230,0.230] | v2:G2[0.275,0.226,0.499] | v3:G2[0.076,0.307,0.617] | v4:G1[0.078,0.600,0.322]
[TopoTrace Step 0] v0:G1[0.372,0.555,0.073] | v1:G0[0.539,0.230,0.230] | v2:G2[0.275,0.226,0.499] | v3:G2[0.076,0.307,0.617] | v4:G1[0.078,0.600,0.322]
[TopoTrace Step 0] v0:G1[0.372,0.555,0.073] | v1:G0[0.539,0.230,0.230] | v2:G2[0.275,0.226,0.499] | v3:G2[0.076,0.307,0.617] | v4:G1[0.078,0.600,0.322]
[TopoTrace Step 0] v0:G1[0.372,0.555,0.073] | v1:G0[0.539,0.230,0.230] | v2:G2[0.275,0.226,0.499] | v3:G2[0.076,0.307,0.617] | v4:G1[0.078,0.600,0.322]
[TopoTrace Step 0] v0:G1[0.372,0.555,0.073] | v1:G0[0.539,0.230,0.230] | v2:G2[0.275,0.226,0.499] | v3:G2[0.076,0.307,0.617] | v4:G1[0.078,0.600,0.322]
[TopoTrace Step 0] v0:G1[0.372,0.555,0.073] | v1:G0[0.539,0.230,0.230] | v2:G2[0.275,0.226,0.499] | v3:G2[0.076,0.307,0.617] | v4:G1[0.078,0.600,0.322]
[TopoTrace Step 0] v0:G1[0.372,0.555,0.073] | v1:G0[0.539,0.230,0.230] | v2:G2[0.275,0.226,0.499] | v3:G2[0.076,0.307,0.617] | v4:G1[0.078,0.600,0.322]
[TopoTrace Step 0] v0:G1[0.372,0.555,0.073] | v1:G0[0.539,0.230,0.230] | v2:G2[0.275,0.226,0.499] | v3:G2[0.076,0.307,0.617] | v4:G1[0.078,0.600,0.322]
[TopoTrace Step 0] v0:G1[0.372,0.555,0.073] | v1:G0[0.539,0.230,0.230] | v2:G2[0.275,0.226,0.499] | v3:G2[0.076,0.307,0.617] | v4:G1[0.078,0.600,0.322]
[TopoTrace Step 0] v0:G1[0.372,0.555,0.073] | v1:G0[0.539,0.230,0.230] | v2:G2[0.275,0.226,0.499] | v3:G2[0.076,0.307,0.617] | v4:G1[0.078,0.600,0.322]
[TopoTrace Step 0] v0:G1[0.372,0.555,0.073] | v1:G0[0.539,0.230,0.230] | v2:G2[0.275,0.226,0.499] | v3:G2[0.076,0.307,0.617] | v4:G1[0.078,0.600,0.322]
[TopoTrace Step 0] v0:G1[0.372,0.555,0.073] | v1:G0[0.539,0.230,0.230] | v2:G2[0.275,0.226,0.499] | v3:G2[0.076,0.307,0.617] | v4:G1[0.078,0.600,0.322]
[TopoTrace Step 0] v0:G1[0.372,0.555,0.073] | v1:G0[0.539,0.230,0.230] | v2:G2[0.275,0.226,0.499] | v3:G2[0.076,0.307,0.617] | v4:G1[0.078,0.600,0.322]
[TopoTrace Step 0] v0:G1[0.372,0.555,0.073] | v1:G0[0.539,0.230,0.230] | v2:G2[0.275,0.226,0.499] | v3:G2[0.076,0.307,0.617] | v4:G1[0.078,0.600,0.322]
[TopoTrace Step 0] v0:G1[0.372,0.555,0.073] | v1:G0[0.539,0.230,0.230] | v2:G2[0.275,0.226,0.499] | v3:G2[0.076,0.307,0.617] | v4:G1[0.078,0.600,0.322]
[TopoTrace Step 0] v0:G1[0.372,0.555,0.073] | v1:G0[0.539,0.230,0.230] | v2:G2[0.275,0.226,0.499] | v3:G2[0.076,0.307,0.617] | v4:G1[0.078,0.600,0.322]
[TopoTrace Step 0] v0:G1[0.372,0.555,0.073] | v1:G0[0.539,0.230,0.230] | v2:G2[0.275,0.226,0.499] | v3:G2[0.076,0.307,0.617] | v4:G1[0.078,0.600,0.322][TopoTrace Step 0] v0:G1[0.372,0.555,0.073] | v1:G0[0.539,0.230,0.230] | v2:G2[0.275,0.226,0.499] | v3:G2[0.076,0.307,0.617] | v4:G1[0.078,0.600,0.322]

[TopoTrace Step 0] v0:G1[0.372,0.555,0.073] | v1:G0[0.539,0.230,0.230] | v2:G2[0.275,0.226,0.499] | v3:G2[0.076,0.307,0.617] | v4:G1[0.078,0.600,0.322]
[TopoTrace Step 0] v0:G1[0.372,0.555,0.073] | v1:G0[0.539,0.230,0.230] | v2:G2[0.275,0.226,0.499] | v3:G2[0.076,0.307,0.617] | v4:G1[0.078,0.600,0.322]
[TopoTrace Step 0] v0:G1[0.372,0.555,0.073] | v1:G0[0.539,0.230,0.230] | v2:G2[0.275,0.226,0.499] | v3:G2[0.076,0.307,0.617] | v4:G1[0.078,0.600,0.322]
[TopoTrace Step 0] v0:G1[0.372,0.555,0.073] | v1:G0[0.539,0.230,0.230] | v2:G2[0.275,0.226,0.499] | v3:G2[0.076,0.307,0.617] | v4:G1[0.078,0.600,0.322]
[TopoTrace Step 0] v0:G1[0.372,0.555,0.073] | v1:G0[0.539,0.230,0.230] | v2:G2[0.275,0.226,0.499] | v3:G2[0.076,0.307,0.617] | v4:G1[0.078,0.600,0.322]
[TopoTrace Step 0] v0:G1[0.372,0.555,0.073] | v1:G0[0.539,0.230,0.230] | v2:G2[0.275,0.226,0.499] | v3:G2[0.076,0.307,0.617] | v4:G1[0.078,0.600,0.322]
[TopoTrace Step 0] v0:G1[0.372,0.555,0.073] | v1:G0[0.539,0.230,0.230] | v2:G2[0.275,0.226,0.499] | v3:G2[0.076,0.307,0.617] | v4:G1[0.078,0.600,0.322]
[TopoTrace Step 0] v0:G1[0.372,0.555,0.073] | v1:G0[0.539,0.230,0.230] | v2:G2[0.275,0.226,0.499] | v3:G2[0.076,0.307,0.617] | v4:G1[0.078,0.600,0.322]
[TopoTrace Step 0] v0:G1[0.372,0.555,0.073] | v1:G0[0.539,0.230,0.230] | v2:G2[0.275,0.226,0.499] | v3:G2[0.076,0.307,0.617] | v4:G1[0.078,0.600,0.322]
[TopoTrace Step 0] v0:G1[0.372,0.555,0.073] | v1:G0[0.539,0.230,0.230] | v2:G2[0.275,0.226,0.499] | v3:G2[0.076,0.307,0.617] | v4:G1[0.078,0.600,0.322]
[TopoTrace Step 0] v0:G1[0.372,0.555,0.073] | v1:G0[0.539,0.230,0.230] | v2:G2[0.275,0.226,0.499] | v3:G2[0.076,0.307,0.617] | v4:G1[0.078,0.600,0.322]
[TopoTrace Step 0] v0:G1[0.372,0.555,0.073] | v1:G0[0.539,0.230,0.230] | v2:G2[0.275,0.226,0.499] | v3:G2[0.076,0.307,0.617] | v4:G1[0.078,0.600,0.322]
[TopoTrace Step 0] v0:G1[0.372,0.555,0.073] | v1:G0[0.539,0.230,0.230] | v2:G2[0.275,0.226,0.499] | v3:G2[0.076,0.307,0.617] | v4:G1[0.078,0.600,0.322]
[TopoTrace Step 0] v0:G1[0.372,0.555,0.073] | v1:G0[0.539,0.230,0.230] | v2:G2[0.275,0.226,0.499] | v3:G2[0.076,0.307,0.617] | v4:G1[0.078,0.600,0.322]
[TopoTrace Step 0] v0:G1[0.372,0.555,0.073] | v1:G0[0.539,0.230,0.230] | v2:G2[0.275,0.226,0.499] | v3:G2[0.076,0.307,0.617] | v4:G1[0.078,0.600,0.322]
[TopoTrace Step 0] v0:G1[0.372,0.555,0.073] | v1:G0[0.539,0.230,0.230] | v2:G2[0.275,0.226,0.499] | v3:G2[0.076,0.307,0.617] | v4:G1[0.078,0.600,0.322]
[TopoTrace Step 0] v0:G1[0.372,0.555,0.073] | v1:G0[0.539,0.230,0.230] | v2:G2[0.275,0.226,0.499] | v3:G2[0.076,0.307,0.617] | v4:G1[0.078,0.600,0.322]
[TopoTrace Step 0] v0:G1[0.372,0.555,0.073] | v1:G0[0.539,0.230,0.230] | v2:G2[0.275,0.226,0.499] | v3:G2[0.076,0.307,0.617] | v4:G1[0.078,0.600,0.322]
[TopoTrace Step 0] v0:G1[0.372,0.555,0.073] | v1:G0[0.539,0.230,0.230] | v2:G2[0.275,0.226,0.499] | v3:G2[0.076,0.307,0.617] | v4:G1[0.078,0.600,0.322]
[TopoTrace Step 0] v0:G1[0.372,0.555,0.073] | v1:G0[0.539,0.230,0.230] | v2:G2[0.275,0.226,0.499] | v3:G2[0.076,0.307,0.617] | v4:G1[0.078,0.600,0.322]
[TopoTrace Step 0] v0:G1[0.372,0.555,0.073] | v1:G0[0.539,0.230,0.230] | v2:G2[0.275,0.226,0.499] | v3:G2[0.076,0.307,0.617] | v4:G1[0.078,0.600,0.322]
[TopoTrace Step 0] v0:G1[0.372,0.555,0.073] | v1:G0[0.539,0.230,0.230] | v2:G2[0.275,0.226,0.499] | v3:G2[0.076,0.307,0.617] | v4:G1[0.078,0.600,0.322]
[TopoTrace Step 0] v0:G1[0.372,0.555,0.073] | v1:G0[0.539,0.230,0.230] | v2:G2[0.275,0.226,0.499] | v3:G2[0.076,0.307,0.617] | v4:G1[0.078,0.600,0.322]
[TopoTrace Step 0] v0:G1[0.372,0.555,0.073] | v1:G0[0.539,0.230,0.230] | v2:G2[0.275,0.226,0.499] | v3:G2[0.076,0.307,0.617] | v4:G1[0.078,0.600,0.322]
[TopoTrace Step 0] v0:G1[0.372,0.555,0.073] | v1:G0[0.539,0.230,0.230] | v2:G2[0.275,0.226,0.499] | v3:G2[0.076,0.307,0.617] | v4:G1[0.078,0.600,0.322]
[TopoTrace Step 0] v0:G1[0.372,0.555,0.073] | v1:G0[0.539,0.230,0.230] | v2:G2[0.275,0.226,0.499] | v3:G2[0.076,0.307,0.617] | v4:G1[0.078,0.600,0.322]
[TopoTrace Step 0] v0:G1[0.372,0.555,0.073] | v1:G0[0.539,0.230,0.230] | v2:G2[0.275,0.226,0.499] | v3:G2[0.076,0.307,0.617] | v4:G1[0.078,0.600,0.322]
[TopoTrace Step 0] v0:G1[0.372,0.555,0.073] | v1:G0[0.539,0.230,0.230] | v2:G2[0.275,0.226,0.499] | v3:G2[0.076,0.307,0.617] | v4:G1[0.078,0.600,0.322]
[TopoTrace Step 0] v0:G1[0.372,0.555,0.073] | v1:G0[0.539,0.230,0.230] | v2:G2[0.275,0.226,0.499] | v3:G2[0.076,0.307,0.617] | v4:G1[0.078,0.600,0.322]
[TopoTrace Step 0] v0:G1[0.372,0.555,0.073] | v1:G0[0.539,0.230,0.230] | v2:G2[0.275,0.226,0.499] | v3:G2[0.076,0.307,0.617] | v4:G1[0.078,0.600,0.322]
[TopoTrace Step 0] v0:G1[0.372,0.555,0.073] | v1:G0[0.539,0.230,0.230] | v2:G2[0.275,0.226,0.499] | v3:G2[0.076,0.307,0.617] | v4:G1[0.078,0.600,0.322]
[TopoTrace Step 0] v0:G1[0.372,0.555,0.073] | v1:G0[0.539,0.230,0.230] | v2:G2[0.275,0.226,0.499] | v3:G2[0.076,0.307,0.617] | v4:G1[0.078,0.600,0.322]
[TopoTrace Step 0] v0:G1[0.372,0.555,0.073] | v1:G0[0.539,0.230,0.230] | v2:G2[0.275,0.226,0.499] | v3:G2[0.076,0.307,0.617] | v4:G1[0.078,0.600,0.322]
[TopoTrace Step 0] v0:G1[0.372,0.555,0.073] | v1:G0[0.539,0.230,0.230] | v2:G2[0.275,0.226,0.499] | v3:G2[0.076,0.307,0.617] | v4:G1[0.078,0.600,0.322]
[TopoTrace Step 0] v0:G1[0.372,0.555,0.073] | v1:G0[0.539,0.230,0.230] | v2:G2[0.275,0.226,0.499] | v3:G2[0.076,0.307,0.617] | v4:G1[0.078,0.600,0.322]
[TopoTrace Step 0] v0:G1[0.372,0.555,0.073] | v1:G0[0.539,0.230,0.230] | v2:G2[0.275,0.226,0.499] | v3:G2[0.076,0.307,0.617] | v4:G1[0.078,0.600,0.322]
[TopoTrace Step 0] v0:G1[0.372,0.555,0.073] | v1:G0[0.539,0.230,0.230] | v2:G2[0.275,0.226,0.499] | v3:G2[0.076,0.307,0.617] | v4:G1[0.078,0.600,0.322]
[TopoTrace Step 0] v0:G1[0.372,0.555,0.073] | v1:G0[0.539,0.230,0.230] | v2:G2[0.275,0.226,0.499] | v3:G2[0.076,0.307,0.617] | v4:G1[0.078,0.600,0.322]
[TopoTrace Step 0] v0:G1[0.372,0.555,0.073] | v1:G0[0.539,0.230,0.230] | v2:G2[0.275,0.226,0.499] | v3:G2[0.076,0.307,0.617] | v4:G1[0.078,0.600,0.322]
[TopoTrace Step 0] v0:G1[0.372,0.555,0.073] | v1:G0[0.539,0.230,0.230] | v2:G2[0.275,0.226,0.499] | v3:G2[0.076,0.307,0.617] | v4:G1[0.078,0.600,0.322]
[TopoTrace Step 0] v0:G1[0.372,0.555,0.073] | v1:G0[0.539,0.230,0.230] | v2:G2[0.275,0.226,0.499] | v3:G2[0.076,0.307,0.617] | v4:G1[0.078,0.600,0.322]
[TopoTrace Step 0] v0:G1[0.372,0.555,0.073] | v1:G0[0.539,0.230,0.230] | v2:G2[0.275,0.226,0.499] | v3:G2[0.076,0.307,0.617] | v4:G1[0.078,0.600,0.322]
[TopoTrace Step 0] v0:G1[0.372,0.555,0.073] | v1:G0[0.539,0.230,0.230] | v2:G2[0.275,0.226,0.499] | v3:G2[0.076,0.307,0.617] | v4:G1[0.078,0.600,0.322]
[TopoTrace Step 0] v0:G1[0.372,0.555,0.073] | v1:G0[0.539,0.230,0.230] | v2:G2[0.275,0.226,0.499] | v3:G2[0.076,0.307,0.617] | v4:G1[0.078,0.600,0.322]
[TopoTrace Step 0] v0:G1[0.372,0.555,0.073] | v1:G0[0.539,0.230,0.230] | v2:G2[0.275,0.227,0.499] | v3:G2[0.076,0.307,0.617] | v4:G1[0.078,0.600,0.322]
[TopoTrace Step 0] v0:G1[0.372,0.555,0.073] | v1:G0[0.539,0.230,0.230] | v2:G2[0.275,0.227,0.499] | v3:G2[0.076,0.307,0.617] | v4:G1[0.078,0.600,0.322]
[TopoTrace Step 0] v0:G1[0.372,0.555,0.073] | v1:G0[0.539,0.230,0.230] | v2:G2[0.275,0.227,0.499] | v3:G2[0.076,0.307,0.617] | v4:G1[0.078,0.600,0.322][TopoTrace Step 0] v0:G1[0.372,0.555,0.073] | v1:G0[0.539,0.230,0.230] | v2:G2[0.275,0.227,0.499] | v3:G2[0.076,0.307,0.617] | v4:G1[0.078,0.600,0.322]

[TopoTrace Step 0] v0:G1[0.372,0.555,0.073] | v1:G0[0.539,0.230,0.230] | v2:G2[0.275,0.227,0.499] | v3:G2[0.076,0.307,0.617] | v4:G1[0.078,0.600,0.322]
[TopoTrace Step 0] v0:G1[0.372,0.555,0.073] | v1:G0[0.539,0.230,0.230] | v2:G2[0.275,0.227,0.499] | v3:G2[0.076,0.307,0.617] | v4:G1[0.078,0.600,0.322]
[TopoTrace Step 0] v0:G1[0.372,0.555,0.073] | v1:G0[0.539,0.230,0.230] | v2:G2[0.275,0.227,0.499] | v3:G2[0.076,0.307,0.617] | v4:G1[0.078,0.600,0.322]
[TopoTrace Step 0] v0:G1[0.372,0.555,0.073] | v1:G0[0.539,0.230,0.230] | v2:G2[0.275,0.227,0.499] | v3:G2[0.076,0.307,0.617] | v4:G1[0.078,0.600,0.322]
[TopoTrace Step 0] v0:G1[0.372,0.555,0.073] | v1:G0[0.539,0.230,0.230] | v2:G2[0.275,0.227,0.499] | v3:G2[0.076,0.307,0.617] | v4:G1[0.078,0.600,0.322]
[TopoTrace Step 0] v0:G1[0.372,0.555,0.073] | v1:G0[0.539,0.230,0.230] | v2:G2[0.275,0.227,0.499] | v3:G2[0.076,0.307,0.617] | v4:G1[0.078,0.600,0.322]
[TopoTrace Step 0] v0:G1[0.372,0.555,0.073] | v1:G0[0.539,0.230,0.230] | v2:G2[0.275,0.227,0.499] | v3:G2[0.076,0.307,0.617] | v4:G1[0.078,0.600,0.322]
[TopoTrace Step 0] v0:G1[0.372,0.555,0.073] | v1:G0[0.539,0.230,0.230] | v2:G2[0.275,0.227,0.499] | v3:G2[0.076,0.307,0.617] | v4:G1[0.078,0.600,0.322]
[TopoTrace Step 0] v0:G1[0.372,0.555,0.073] | v1:G0[0.539,0.230,0.230] | v2:G2[0.275,0.227,0.499] | v3:G2[0.076,0.307,0.617] | v4:G1[0.078,0.600,0.322]
[TopoTrace Step 0] v0:G1[0.372,0.555,0.073] | v1:G0[0.539,0.230,0.230] | v2:G2[0.275,0.227,0.499] | v3:G2[0.076,0.307,0.617] | v4:G1[0.078,0.600,0.322]
[TopoTrace Step 0] v0:G1[0.372,0.555,0.073] | v1:G0[0.539,0.230,0.230] | v2:G2[0.275,0.227,0.499] | v3:G2[0.076,0.307,0.617] | v4:G1[0.078,0.600,0.322]
[TopoTrace Step 0] v0:G1[0.372,0.555,0.073] | v1:G0[0.539,0.230,0.230] | v2:G2[0.275,0.227,0.499] | v3:G2[0.076,0.307,0.617] | v4:G1[0.078,0.600,0.322]
[TopoTrace Step 0] v0:G1[0.372,0.555,0.073] | v1:G0[0.539,0.230,0.230] | v2:G2[0.275,0.227,0.499] | v3:G2[0.076,0.307,0.617] | v4:G1[0.078,0.600,0.322]
[TopoTrace Step 0] v0:G1[0.372,0.555,0.073] | v1:G0[0.539,0.230,0.230] | v2:G2[0.275,0.227,0.499] | v3:G2[0.076,0.307,0.617] | v4:G1[0.078,0.600,0.322]
[TopoTrace Step 0] v0:G1[0.372,0.555,0.073] | v1:G0[0.539,0.230,0.230] | v2:G2[0.275,0.227,0.499] | v3:G2[0.076,0.307,0.617] | v4:G1[0.078,0.600,0.322]
[TopoTrace Step 0] v0:G1[0.372,0.555,0.073] | v1:G0[0.539,0.230,0.230] | v2:G2[0.275,0.227,0.499] | v3:G2[0.076,0.307,0.617] | v4:G1[0.078,0.600,0.322]
[TopoTrace Step 0] v0:G1[0.372,0.555,0.073] | v1:G0[0.539,0.230,0.230] | v2:G2[0.275,0.227,0.499] | v3:G2[0.076,0.307,0.617] | v4:G1[0.078,0.600,0.322]
[TopoTrace Step 0] v0:G1[0.372,0.555,0.073] | v1:G0[0.539,0.230,0.230] | v2:G2[0.275,0.227,0.499] | v3:G2[0.076,0.307,0.617] | v4:G1[0.078,0.600,0.322]
[TopoTrace Step 0] v0:G1[0.372,0.555,0.073] | v1:G0[0.539,0.230,0.230] | v2:G2[0.275,0.227,0.499] | v3:G2[0.076,0.307,0.617] | v4:G1[0.078,0.600,0.322]
[TopoTrace Step 0] v0:G1[0.372,0.555,0.073] | v1:G0[0.539,0.230,0.230] | v2:G2[0.275,0.227,0.499] | v3:G2[0.076,0.307,0.617] | v4:G1[0.078,0.600,0.322]
[TopoTrace Step 0] v0:G1[0.372,0.555,0.073] | v1:G0[0.539,0.230,0.230] | v2:G2[0.275,0.227,0.499] | v3:G2[0.076,0.307,0.617] | v4:G1[0.078,0.600,0.322][TopoTrace Step 0] v0:G1[0.372,0.555,0.073] | v1:G0[0.539,0.230,0.230] | v2:G2[0.275,0.227,0.499] | v3:G2[0.076,0.307,0.617] | v4:G1[0.078,0.600,0.322]

[TopoTrace Step 0] v0:G1[0.372,0.555,0.073] | v1:G0[0.539,0.230,0.230] | v2:G2[0.275,0.227,0.499] | v3:G2[0.076,0.307,0.617] | v4:G1[0.078,0.600,0.322]
[TopoTrace Step 0] v0:G1[0.372,0.555,0.073] | v1:G0[0.539,0.230,0.230] | v2:G2[0.275,0.227,0.499] | v3:G2[0.076,0.307,0.617] | v4:G1[0.078,0.600,0.322]
[TopoTrace Step 0] v0:G1[0.372,0.555,0.073] | v1:G0[0.539,0.230,0.230] | v2:G2[0.275,0.227,0.499] | v3:G2[0.076,0.307,0.617] | v4:G1[0.078,0.600,0.322][TopoTrace Step 0] v0:G1[0.372,0.555,0.073] | v1:G0[0.539,0.230,0.230] | v2:G2[0.275,0.227,0.499] | v3:G2[0.076,0.307,0.617] | v4:G1[0.078,0.600,0.322]

[TopoTrace Step 0] v0:G1[0.372,0.555,0.073] | v1:G0[0.539,0.230,0.230] | v2:G2[0.275,0.227,0.499] | v3:G2[0.076,0.307,0.617] | v4:G1[0.078,0.600,0.322]
[TopoTrace Step 0] v0:G1[0.372,0.555,0.073] | v1:G0[0.539,0.230,0.230] | v2:G2[0.275,0.227,0.499] | v3:G2[0.076,0.307,0.617] | v4:G1[0.078,0.600,0.322]
[TopoTrace Step 0] v0:G1[0.372,0.555,0.073] | v1:G0[0.539,0.230,0.230] | v2:G2[0.275,0.227,0.499] | v3:G2[0.076,0.307,0.617] | v4:G1[0.078,0.600,0.322]
[TopoTrace Step 0] v0:G1[0.372,0.555,0.073] | v1:G0[0.539,0.230,0.230] | v2:G2[0.275,0.227,0.499] | v3:G2[0.076,0.307,0.617] | v4:G1[0.078,0.600,0.322]
[TopoTrace Step 0] v0:G1[0.372,0.555,0.073] | v1:G0[0.539,0.230,0.230] | v2:G2[0.275,0.227,0.499] | v3:G2[0.076,0.307,0.617] | v4:G1[0.078,0.600,0.322]
[TopoTrace Step 0] v0:G1[0.372,0.555,0.073] | v1:G0[0.539,0.230,0.230] | v2:G2[0.275,0.227,0.499] | v3:G2[0.076,0.307,0.617] | v4:G1[0.078,0.600,0.322]
[TopoTrace Step 0] v0:G1[0.372,0.555,0.073] | v1:G0[0.539,0.230,0.230] | v2:G2[0.275,0.227,0.499] | v3:G2[0.076,0.307,0.617] | v4:G1[0.078,0.600,0.322]
[TopoTrace Step 0] v0:G1[0.372,0.555,0.073] | v1:G0[0.539,0.230,0.230] | v2:G2[0.275,0.227,0.499] | v3:G2[0.076,0.307,0.617] | v4:G1[0.078,0.600,0.322]
[TopoTrace Step 0] v0:G1[0.372,0.555,0.073] | v1:G0[0.539,0.230,0.230] | v2:G2[0.275,0.227,0.499] | v3:G2[0.076,0.307,0.617] | v4:G1[0.078,0.600,0.322]
[TopoTrace Step 0] v0:G1[0.372,0.555,0.073] | v1:G0[0.539,0.230,0.230] | v2:G2[0.275,0.227,0.499] | v3:G2[0.076,0.307,0.617] | v4:G1[0.078,0.600,0.322]
	iters: 100, epoch: 9 | loss: 0.3502707
	speed: 8.0953s/iter; left time: 3958.5954s
[TopoTrace Step 0] v0:G1[0.372,0.555,0.073] | v1:G0[0.539,0.230,0.230] | v2:G2[0.275,0.227,0.499] | v3:G2[0.076,0.307,0.617] | v4:G1[0.078,0.600,0.322]
[TopoTrace Step 0] v0:G1[0.372,0.555,0.073] | v1:G0[0.539,0.230,0.230] | v2:G2[0.275,0.227,0.499] | v3:G2[0.076,0.307,0.617] | v4:G1[0.078,0.600,0.322]
[TopoTrace Step 0] v0:G1[0.372,0.555,0.073] | v1:G0[0.539,0.230,0.230] | v2:G2[0.275,0.227,0.499] | v3:G2[0.076,0.307,0.617] | v4:G1[0.078,0.600,0.322]
[TopoTrace Step 0] v0:G1[0.372,0.555,0.073] | v1:G0[0.539,0.230,0.230] | v2:G2[0.275,0.227,0.499] | v3:G2[0.076,0.307,0.617] | v4:G1[0.078,0.600,0.322]
[TopoTrace Step 0] v0:G1[0.372,0.555,0.073] | v1:G0[0.539,0.230,0.230] | v2:G2[0.275,0.227,0.499] | v3:G2[0.076,0.307,0.617] | v4:G1[0.078,0.600,0.322]
[TopoTrace Step 0] v0:G1[0.372,0.555,0.073] | v1:G0[0.539,0.230,0.230] | v2:G2[0.275,0.227,0.499] | v3:G2[0.076,0.307,0.617] | v4:G1[0.078,0.600,0.322]
[TopoTrace Step 0] v0:G1[0.372,0.555,0.073] | v1:G0[0.539,0.230,0.230] | v2:G2[0.275,0.227,0.499] | v3:G2[0.076,0.307,0.617] | v4:G1[0.078,0.600,0.322]
[TopoTrace Step 0] v0:G1[0.372,0.555,0.073] | v1:G0[0.539,0.230,0.230] | v2:G2[0.275,0.227,0.499] | v3:G2[0.076,0.307,0.617] | v4:G1[0.078,0.600,0.322]
[TopoTrace Step 0] v0:G1[0.372,0.555,0.073] | v1:G0[0.539,0.230,0.230] | v2:G2[0.275,0.227,0.499] | v3:G2[0.076,0.307,0.617] | v4:G1[0.078,0.600,0.322]
[TopoTrace Step 0] v0:G1[0.372,0.555,0.073] | v1:G0[0.539,0.230,0.230] | v2:G2[0.275,0.227,0.499] | v3:G2[0.076,0.307,0.617] | v4:G1[0.078,0.600,0.322]
[TopoTrace Step 0] v0:G1[0.372,0.555,0.073] | v1:G0[0.539,0.230,0.230] | v2:G2[0.275,0.227,0.499] | v3:G2[0.076,0.307,0.617] | v4:G1[0.078,0.600,0.322]
[TopoTrace Step 0] v0:G1[0.372,0.555,0.073] | v1:G0[0.539,0.230,0.230] | v2:G2[0.275,0.227,0.499] | v3:G2[0.076,0.307,0.617] | v4:G1[0.078,0.600,0.322]
[TopoTrace Step 0] v0:G1[0.372,0.555,0.073] | v1:G0[0.539,0.230,0.230] | v2:G2[0.275,0.227,0.499] | v3:G2[0.076,0.307,0.617] | v4:G1[0.078,0.600,0.322]
[TopoTrace Step 0] v0:G1[0.372,0.555,0.073] | v1:G0[0.539,0.230,0.230] | v2:G2[0.275,0.227,0.499] | v3:G2[0.076,0.307,0.617] | v4:G1[0.078,0.600,0.322]
[TopoTrace Step 0] v0:G1[0.372,0.555,0.073] | v1:G0[0.539,0.230,0.230] | v2:G2[0.275,0.227,0.499] | v3:G2[0.076,0.307,0.617] | v4:G1[0.078,0.600,0.322]
[TopoTrace Step 0] v0:G1[0.372,0.555,0.073] | v1:G0[0.539,0.230,0.230] | v2:G2[0.275,0.227,0.499] | v3:G2[0.076,0.307,0.617] | v4:G1[0.078,0.600,0.322]
[TopoTrace Step 0] v0:G1[0.372,0.555,0.073] | v1:G0[0.539,0.230,0.230] | v2:G2[0.275,0.227,0.499] | v3:G2[0.076,0.307,0.617] | v4:G1[0.078,0.600,0.322][TopoTrace Step 0] v0:G1[0.372,0.555,0.073] | v1:G0[0.539,0.230,0.230] | v2:G2[0.275,0.227,0.499] | v3:G2[0.076,0.307,0.617] | v4:G1[0.078,0.600,0.322]

[TopoTrace Step 0] v0:G1[0.372,0.555,0.073] | v1:G0[0.539,0.230,0.230] | v2:G2[0.275,0.227,0.499] | v3:G2[0.076,0.307,0.617] | v4:G1[0.078,0.600,0.322]
[TopoTrace Step 0] v0:G1[0.372,0.555,0.073] | v1:G0[0.539,0.230,0.230] | v2:G2[0.275,0.227,0.499] | v3:G2[0.076,0.307,0.617] | v4:G1[0.078,0.600,0.322]
[TopoTrace Step 0] v0:G1[0.372,0.555,0.073] | v1:G0[0.539,0.230,0.230] | v2:G2[0.275,0.227,0.499] | v3:G2[0.076,0.307,0.617] | v4:G1[0.078,0.600,0.322]
[TopoTrace Step 0] v0:G1[0.372,0.555,0.073] | v1:G0[0.539,0.230,0.230] | v2:G2[0.275,0.227,0.499] | v3:G2[0.076,0.307,0.617] | v4:G1[0.078,0.600,0.322]
[TopoTrace Step 0] v0:G1[0.372,0.555,0.073] | v1:G0[0.539,0.230,0.230] | v2:G2[0.275,0.227,0.499] | v3:G2[0.076,0.307,0.617] | v4:G1[0.078,0.600,0.322]
[TopoTrace Step 0] v0:G1[0.372,0.555,0.073] | v1:G0[0.539,0.230,0.230] | v2:G2[0.275,0.227,0.499] | v3:G2[0.076,0.307,0.617] | v4:G1[0.078,0.600,0.322]
[TopoTrace Step 0] v0:G1[0.372,0.555,0.073] | v1:G0[0.539,0.230,0.230] | v2:G2[0.275,0.227,0.499] | v3:G2[0.076,0.307,0.617] | v4:G1[0.078,0.600,0.322]
[TopoTrace Step 0] v0:G1[0.372,0.555,0.073] | v1:G0[0.539,0.230,0.230] | v2:G2[0.275,0.227,0.499] | v3:G2[0.076,0.307,0.617] | v4:G1[0.078,0.600,0.322]
[TopoTrace Step 0] v0:G1[0.372,0.555,0.073] | v1:G0[0.539,0.230,0.230] | v2:G2[0.275,0.227,0.499] | v3:G2[0.076,0.307,0.617] | v4:G1[0.078,0.600,0.322]
[TopoTrace Step 0] v0:G1[0.372,0.555,0.073] | v1:G0[0.539,0.230,0.230] | v2:G2[0.275,0.227,0.499] | v3:G2[0.076,0.307,0.617] | v4:G1[0.078,0.600,0.322]
[TopoTrace Step 0] v0:G1[0.372,0.555,0.073] | v1:G0[0.539,0.230,0.230] | v2:G2[0.275,0.227,0.499] | v3:G2[0.076,0.307,0.617] | v4:G1[0.078,0.600,0.322]
[TopoTrace Step 0] v0:G1[0.372,0.555,0.073] | v1:G0[0.539,0.230,0.230] | v2:G2[0.275,0.227,0.499] | v3:G2[0.076,0.307,0.617] | v4:G1[0.078,0.600,0.322]
[TopoTrace Step 0] v0:G1[0.372,0.555,0.073] | v1:G0[0.539,0.230,0.230] | v2:G2[0.275,0.227,0.499] | v3:G2[0.076,0.307,0.617] | v4:G1[0.078,0.600,0.322]
[TopoTrace Step 0] v0:G1[0.372,0.555,0.073] | v1:G0[0.539,0.230,0.230] | v2:G2[0.275,0.227,0.499] | v3:G2[0.076,0.307,0.617] | v4:G1[0.078,0.600,0.322]
[TopoTrace Step 0] v0:G1[0.372,0.555,0.073] | v1:G0[0.539,0.230,0.230] | v2:G2[0.275,0.227,0.499] | v3:G2[0.076,0.307,0.617] | v4:G1[0.078,0.600,0.322]
[TopoTrace Step 0] v0:G1[0.372,0.555,0.073] | v1:G0[0.539,0.230,0.230] | v2:G2[0.275,0.227,0.499] | v3:G2[0.076,0.307,0.617] | v4:G1[0.078,0.600,0.322]
[TopoTrace Step 0] v0:G1[0.372,0.555,0.073] | v1:G0[0.539,0.230,0.230] | v2:G2[0.275,0.227,0.499] | v3:G2[0.076,0.307,0.617] | v4:G1[0.078,0.600,0.322]
[TopoTrace Step 0] v0:G1[0.372,0.555,0.073] | v1:G0[0.539,0.230,0.230] | v2:G2[0.275,0.227,0.499] | v3:G2[0.076,0.307,0.617] | v4:G1[0.078,0.600,0.322]
[TopoTrace Step 0] v0:G1[0.372,0.555,0.073] | v1:G0[0.539,0.230,0.230] | v2:G2[0.275,0.227,0.499] | v3:G2[0.076,0.307,0.617] | v4:G1[0.078,0.600,0.322]
[TopoTrace Step 0] v0:G1[0.372,0.555,0.073] | v1:G0[0.539,0.230,0.230] | v2:G2[0.275,0.227,0.499] | v3:G2[0.076,0.307,0.617] | v4:G1[0.078,0.600,0.322]
[TopoTrace Step 0] v0:G1[0.372,0.555,0.073] | v1:G0[0.539,0.230,0.230] | v2:G2[0.275,0.227,0.499] | v3:G2[0.076,0.307,0.617] | v4:G1[0.078,0.600,0.322]
[TopoTrace Step 0] v0:G1[0.372,0.555,0.073] | v1:G0[0.539,0.230,0.230] | v2:G2[0.275,0.227,0.499] | v3:G2[0.076,0.307,0.617] | v4:G1[0.078,0.600,0.322]
[TopoTrace Step 0] v0:G1[0.372,0.555,0.073] | v1:G0[0.539,0.230,0.230] | v2:G2[0.275,0.227,0.499] | v3:G2[0.076,0.307,0.617] | v4:G1[0.078,0.600,0.322]
[TopoTrace Step 0] v0:G1[0.372,0.555,0.073] | v1:G0[0.539,0.230,0.230] | v2:G2[0.275,0.227,0.499] | v3:G2[0.076,0.307,0.617] | v4:G1[0.078,0.600,0.322]
[TopoTrace Step 0] v0:G1[0.372,0.555,0.073] | v1:G0[0.539,0.230,0.230] | v2:G2[0.275,0.227,0.499] | v3:G2[0.076,0.307,0.617] | v4:G1[0.078,0.600,0.322]
[TopoTrace Step 0] v0:G1[0.372,0.555,0.073] | v1:G0[0.539,0.230,0.230] | v2:G2[0.275,0.227,0.499] | v3:G2[0.076,0.307,0.617] | v4:G1[0.078,0.600,0.322]
[TopoTrace Step 0] v0:G1[0.372,0.555,0.073] | v1:G0[0.539,0.230,0.230] | v2:G2[0.275,0.227,0.499] | v3:G2[0.076,0.307,0.617] | v4:G1[0.078,0.600,0.322]
[TopoTrace Step 0] v0:G1[0.372,0.555,0.073] | v1:G0[0.539,0.230,0.230] | v2:G2[0.275,0.227,0.499] | v3:G2[0.076,0.307,0.617] | v4:G1[0.078,0.600,0.322]
[TopoTrace Step 0] v0:G1[0.372,0.555,0.073] | v1:G0[0.539,0.230,0.230] | v2:G2[0.275,0.227,0.499] | v3:G2[0.076,0.307,0.617] | v4:G1[0.078,0.600,0.322]
[TopoTrace Step 0] v0:G1[0.372,0.555,0.073] | v1:G0[0.539,0.230,0.230] | v2:G2[0.275,0.227,0.499] | v3:G2[0.076,0.307,0.617] | v4:G1[0.078,0.600,0.322]
[TopoTrace Step 0] v0:G1[0.372,0.555,0.073] | v1:G0[0.539,0.230,0.230] | v2:G2[0.275,0.227,0.499] | v3:G2[0.076,0.307,0.617] | v4:G1[0.078,0.600,0.322]
[TopoTrace Step 0] v0:G1[0.372,0.555,0.073] | v1:G0[0.539,0.230,0.230] | v2:G2[0.275,0.227,0.499] | v3:G2[0.076,0.307,0.617] | v4:G1[0.078,0.600,0.322]
[TopoTrace Step 0] v0:G1[0.372,0.555,0.073] | v1:G0[0.539,0.230,0.230] | v2:G2[0.275,0.227,0.499] | v3:G2[0.076,0.307,0.617] | v4:G1[0.078,0.600,0.322]
[TopoTrace Step 0] v0:G1[0.372,0.555,0.073] | v1:G0[0.539,0.230,0.230] | v2:G2[0.275,0.227,0.499] | v3:G2[0.076,0.307,0.617] | v4:G1[0.078,0.600,0.322]
[TopoTrace Step 0] v0:G1[0.372,0.555,0.073] | v1:G0[0.539,0.230,0.230] | v2:G2[0.275,0.227,0.499] | v3:G2[0.076,0.307,0.617] | v4:G1[0.078,0.600,0.322]
[TopoTrace Step 0] v0:G1[0.372,0.555,0.073] | v1:G0[0.539,0.230,0.230] | v2:G2[0.275,0.227,0.499] | v3:G2[0.076,0.307,0.617] | v4:G1[0.078,0.600,0.322]
[TopoTrace Step 0] v0:G1[0.372,0.555,0.073] | v1:G0[0.539,0.230,0.230] | v2:G2[0.275,0.227,0.499] | v3:G2[0.076,0.307,0.617] | v4:G1[0.078,0.600,0.322]
[TopoTrace Step 0] v0:G1[0.372,0.555,0.073] | v1:G0[0.539,0.230,0.230] | v2:G2[0.275,0.227,0.499] | v3:G2[0.076,0.307,0.617] | v4:G1[0.078,0.600,0.322]
[TopoTrace Step 0] v0:G1[0.372,0.555,0.073] | v1:G0[0.539,0.230,0.230] | v2:G2[0.275,0.227,0.499] | v3:G2[0.076,0.307,0.617] | v4:G1[0.078,0.600,0.322]
[TopoTrace Step 0] v0:G1[0.372,0.555,0.073] | v1:G0[0.539,0.230,0.230] | v2:G2[0.275,0.227,0.499] | v3:G2[0.076,0.307,0.617] | v4:G1[0.078,0.600,0.322]
[TopoTrace Step 0] v0:G1[0.372,0.555,0.073] | v1:G0[0.539,0.230,0.230] | v2:G2[0.275,0.227,0.499] | v3:G2[0.076,0.307,0.617] | v4:G1[0.078,0.600,0.322]
[TopoTrace Step 0] v0:G1[0.372,0.555,0.073] | v1:G0[0.539,0.230,0.230] | v2:G2[0.275,0.227,0.499] | v3:G2[0.076,0.307,0.617] | v4:G1[0.078,0.600,0.322]
[TopoTrace Step 0] v0:G1[0.372,0.555,0.073] | v1:G0[0.539,0.230,0.230] | v2:G2[0.275,0.227,0.499] | v3:G2[0.076,0.307,0.617] | v4:G1[0.078,0.600,0.322]
[TopoTrace Step 0] v0:G1[0.372,0.555,0.073] | v1:G0[0.539,0.230,0.230] | v2:G2[0.275,0.227,0.499] | v3:G2[0.076,0.307,0.617] | v4:G1[0.078,0.600,0.322]
[TopoTrace Step 0] v0:G1[0.372,0.555,0.073] | v1:G0[0.539,0.230,0.230] | v2:G2[0.275,0.227,0.499] | v3:G2[0.076,0.307,0.617] | v4:G1[0.078,0.600,0.322]
[TopoTrace Step 0] v0:G1[0.372,0.555,0.073] | v1:G0[0.539,0.230,0.230] | v2:G2[0.275,0.227,0.499] | v3:G2[0.076,0.307,0.617] | v4:G1[0.078,0.600,0.322]
[TopoTrace Step 0] v0:G1[0.372,0.555,0.073] | v1:G0[0.539,0.230,0.230] | v2:G2[0.275,0.227,0.499] | v3:G2[0.076,0.307,0.617] | v4:G1[0.078,0.600,0.322]
[TopoTrace Step 0] v0:G1[0.372,0.555,0.073] | v1:G0[0.539,0.230,0.230] | v2:G2[0.275,0.227,0.499] | v3:G2[0.076,0.307,0.617] | v4:G1[0.078,0.600,0.322]
[TopoTrace Step 0] v0:G1[0.372,0.555,0.073] | v1:G0[0.539,0.230,0.230] | v2:G2[0.275,0.227,0.499] | v3:G2[0.076,0.307,0.617] | v4:G1[0.078,0.600,0.322]
[TopoTrace Step 0] v0:G1[0.372,0.555,0.073] | v1:G0[0.539,0.230,0.230] | v2:G2[0.275,0.227,0.499] | v3:G2[0.076,0.307,0.617] | v4:G1[0.078,0.600,0.322]
[TopoTrace Step 0] v0:G1[0.372,0.555,0.073] | v1:G0[0.539,0.230,0.230] | v2:G2[0.275,0.227,0.499] | v3:G2[0.076,0.307,0.617] | v4:G1[0.078,0.600,0.322]
[TopoTrace Step 0] v0:G1[0.372,0.555,0.073] | v1:G0[0.539,0.230,0.230] | v2:G2[0.275,0.227,0.499] | v3:G2[0.076,0.307,0.617] | v4:G1[0.078,0.600,0.322]
[TopoTrace Step 0] v0:G1[0.372,0.555,0.073] | v1:G0[0.539,0.230,0.230] | v2:G2[0.275,0.227,0.499] | v3:G2[0.076,0.307,0.617] | v4:G1[0.078,0.600,0.322]
[TopoTrace Step 0] v0:G1[0.372,0.555,0.073] | v1:G0[0.539,0.230,0.230] | v2:G2[0.275,0.227,0.499] | v3:G2[0.076,0.307,0.617] | v4:G1[0.078,0.600,0.322]
[TopoTrace Step 0] v0:G1[0.372,0.555,0.073] | v1:G0[0.539,0.230,0.230] | v2:G2[0.275,0.227,0.499] | v3:G2[0.076,0.307,0.617] | v4:G1[0.078,0.600,0.322]
[TopoTrace Step 0] v0:G1[0.372,0.555,0.073] | v1:G0[0.539,0.230,0.230] | v2:G2[0.275,0.227,0.499] | v3:G2[0.076,0.307,0.617] | v4:G1[0.078,0.600,0.322]
[TopoTrace Step 0] v0:G1[0.372,0.555,0.073] | v1:G0[0.539,0.230,0.230] | v2:G2[0.275,0.227,0.499] | v3:G2[0.076,0.307,0.617] | v4:G1[0.078,0.600,0.322]
[TopoTrace Step 0] v0:G1[0.372,0.555,0.073] | v1:G0[0.539,0.230,0.230] | v2:G2[0.275,0.227,0.499] | v3:G2[0.076,0.307,0.617] | v4:G1[0.078,0.600,0.322]
[TopoTrace Step 0] v0:G1[0.372,0.555,0.073] | v1:G0[0.539,0.230,0.230] | v2:G2[0.275,0.227,0.499] | v3:G2[0.076,0.307,0.617] | v4:G1[0.078,0.600,0.322][TopoTrace Step 0] v0:G1[0.372,0.555,0.073] | v1:G0[0.539,0.230,0.230] | v2:G2[0.275,0.227,0.499] | v3:G2[0.076,0.307,0.617] | v4:G1[0.078,0.600,0.322]

[TopoTrace Step 0] v0:G1[0.372,0.555,0.073] | v1:G0[0.539,0.230,0.230] | v2:G2[0.275,0.227,0.499] | v3:G2[0.076,0.307,0.617] | v4:G1[0.078,0.600,0.322]
[TopoTrace Step 0] v0:G1[0.372,0.555,0.073] | v1:G0[0.539,0.230,0.230] | v2:G2[0.275,0.227,0.499] | v3:G2[0.076,0.307,0.617] | v4:G1[0.078,0.600,0.322]
[TopoTrace Step 0] v0:G1[0.372,0.555,0.073] | v1:G0[0.539,0.230,0.230] | v2:G2[0.275,0.227,0.499] | v3:G2[0.076,0.307,0.617] | v4:G1[0.078,0.600,0.322]
[TopoTrace Step 0] v0:G1[0.372,0.555,0.073] | v1:G0[0.539,0.230,0.230] | v2:G2[0.275,0.227,0.499] | v3:G2[0.076,0.307,0.617] | v4:G1[0.078,0.600,0.322]
[TopoTrace Step 0] v0:G1[0.372,0.555,0.073] | v1:G0[0.539,0.230,0.230] | v2:G2[0.275,0.227,0.499] | v3:G2[0.076,0.307,0.617] | v4:G1[0.078,0.600,0.322]
[TopoTrace Step 0] v0:G1[0.372,0.555,0.073] | v1:G0[0.539,0.230,0.230] | v2:G2[0.275,0.227,0.499] | v3:G2[0.076,0.307,0.617] | v4:G1[0.078,0.600,0.322]
[TopoTrace Step 0] v0:G1[0.372,0.555,0.073] | v1:G0[0.539,0.230,0.230] | v2:G2[0.275,0.227,0.499] | v3:G2[0.076,0.307,0.617] | v4:G1[0.078,0.600,0.322]
[TopoTrace Step 0] v0:G1[0.372,0.555,0.073] | v1:G0[0.539,0.230,0.230] | v2:G2[0.275,0.227,0.499] | v3:G2[0.076,0.307,0.617] | v4:G1[0.078,0.600,0.322]
[TopoTrace Step 0] v0:G1[0.372,0.555,0.073] | v1:G0[0.539,0.230,0.230] | v2:G2[0.275,0.227,0.499] | v3:G2[0.076,0.307,0.617] | v4:G1[0.078,0.600,0.322]
[TopoTrace Step 0] v0:G1[0.372,0.555,0.073] | v1:G0[0.539,0.230,0.230] | v2:G2[0.275,0.227,0.499] | v3:G2[0.076,0.307,0.617] | v4:G1[0.078,0.600,0.322]
[TopoTrace Step 0] v0:G1[0.372,0.555,0.073] | v1:G0[0.539,0.230,0.230] | v2:G2[0.275,0.227,0.499] | v3:G2[0.076,0.307,0.617] | v4:G1[0.078,0.600,0.322]
[TopoTrace Step 0] v0:G1[0.372,0.555,0.073] | v1:G0[0.539,0.230,0.230] | v2:G2[0.275,0.227,0.499] | v3:G2[0.076,0.307,0.617] | v4:G1[0.078,0.600,0.322]
[TopoTrace Step 0] v0:G1[0.372,0.555,0.073] | v1:G0[0.539,0.230,0.230] | v2:G2[0.275,0.227,0.499] | v3:G2[0.076,0.307,0.617] | v4:G1[0.078,0.600,0.322]
[TopoTrace Step 0] v0:G1[0.372,0.555,0.073] | v1:G0[0.539,0.230,0.230] | v2:G2[0.275,0.227,0.499] | v3:G2[0.076,0.307,0.617] | v4:G1[0.078,0.600,0.322]
[TopoTrace Step 0] v0:G1[0.372,0.555,0.073] | v1:G0[0.539,0.230,0.230] | v2:G2[0.275,0.227,0.499] | v3:G2[0.076,0.307,0.617] | v4:G1[0.078,0.600,0.322]
[TopoTrace Step 0] v0:G1[0.372,0.555,0.073] | v1:G0[0.539,0.230,0.230] | v2:G2[0.275,0.227,0.499] | v3:G2[0.076,0.307,0.617] | v4:G1[0.078,0.600,0.322]
[TopoTrace Step 0] v0:G1[0.372,0.555,0.073] | v1:G0[0.539,0.230,0.230] | v2:G2[0.275,0.227,0.499] | v3:G2[0.076,0.307,0.617] | v4:G1[0.078,0.600,0.322]
[TopoTrace Step 0] v0:G1[0.372,0.555,0.073] | v1:G0[0.539,0.230,0.230] | v2:G2[0.275,0.227,0.499] | v3:G2[0.076,0.307,0.617] | v4:G1[0.078,0.600,0.322]
[TopoTrace Step 0] v0:G1[0.372,0.555,0.073] | v1:G0[0.539,0.230,0.230] | v2:G2[0.275,0.227,0.499] | v3:G2[0.076,0.307,0.617] | v4:G1[0.078,0.600,0.322]
[TopoTrace Step 0] v0:G1[0.372,0.555,0.073] | v1:G0[0.539,0.230,0.230] | v2:G2[0.275,0.227,0.499] | v3:G2[0.076,0.307,0.617] | v4:G1[0.078,0.600,0.322]
[TopoTrace Step 0] v0:G1[0.372,0.555,0.073] | v1:G0[0.539,0.230,0.230] | v2:G2[0.275,0.227,0.499] | v3:G2[0.076,0.307,0.617] | v4:G1[0.078,0.600,0.322]
[TopoTrace Step 0] v0:G1[0.372,0.555,0.073] | v1:G0[0.539,0.230,0.230] | v2:G2[0.275,0.227,0.499] | v3:G2[0.076,0.307,0.617] | v4:G1[0.078,0.600,0.322]
[TopoTrace Step 0] v0:G1[0.372,0.555,0.073] | v1:G0[0.539,0.230,0.230] | v2:G2[0.275,0.227,0.499] | v3:G2[0.076,0.307,0.617] | v4:G1[0.078,0.600,0.322]
[TopoTrace Step 0] v0:G1[0.372,0.555,0.073] | v1:G0[0.539,0.230,0.230] | v2:G2[0.275,0.227,0.499] | v3:G2[0.076,0.307,0.617] | v4:G1[0.078,0.600,0.322]
[TopoTrace Step 0] v0:G1[0.372,0.555,0.073] | v1:G0[0.539,0.230,0.230] | v2:G2[0.275,0.227,0.499] | v3:G2[0.076,0.307,0.617] | v4:G1[0.078,0.600,0.322]
[TopoTrace Step 0] v0:G1[0.372,0.555,0.073] | v1:G0[0.539,0.230,0.230] | v2:G2[0.275,0.227,0.499] | v3:G2[0.076,0.307,0.617] | v4:G1[0.078,0.600,0.322]
[TopoTrace Step 0] v0:G1[0.372,0.555,0.073] | v1:G0[0.539,0.230,0.230] | v2:G2[0.275,0.227,0.499] | v3:G2[0.076,0.307,0.617] | v4:G1[0.078,0.600,0.322]
[TopoTrace Step 0] v0:G1[0.372,0.555,0.073] | v1:G0[0.539,0.230,0.230] | v2:G2[0.275,0.227,0.499] | v3:G2[0.076,0.307,0.617] | v4:G1[0.078,0.600,0.322]
[TopoTrace Step 0] v0:G1[0.372,0.555,0.073] | v1:G0[0.539,0.230,0.230] | v2:G2[0.275,0.227,0.499] | v3:G2[0.076,0.307,0.617] | v4:G1[0.078,0.600,0.322]
[TopoTrace Step 0] v0:G1[0.372,0.555,0.073] | v1:G0[0.539,0.230,0.230] | v2:G2[0.275,0.227,0.499] | v3:G2[0.076,0.307,0.617] | v4:G1[0.078,0.600,0.322]
[TopoTrace Step 0] v0:G1[0.372,0.555,0.073] | v1:G0[0.539,0.230,0.230] | v2:G2[0.275,0.227,0.499] | v3:G2[0.076,0.307,0.617] | v4:G1[0.078,0.600,0.322]
[TopoTrace Step 0] v0:G1[0.372,0.555,0.073] | v1:G0[0.539,0.230,0.230] | v2:G2[0.275,0.227,0.499] | v3:G2[0.076,0.307,0.617] | v4:G1[0.078,0.600,0.322]
[TopoTrace Step 0] v0:G1[0.372,0.555,0.073] | v1:G0[0.539,0.230,0.230] | v2:G2[0.275,0.227,0.499] | v3:G2[0.076,0.307,0.617] | v4:G1[0.078,0.600,0.322]
[TopoTrace Step 0] v0:G1[0.372,0.555,0.073] | v1:G0[0.539,0.230,0.230] | v2:G2[0.275,0.227,0.499] | v3:G2[0.076,0.307,0.617] | v4:G1[0.078,0.600,0.322]
[TopoTrace Step 0] v0:G1[0.372,0.555,0.073] | v1:G0[0.539,0.230,0.230] | v2:G2[0.275,0.227,0.499] | v3:G2[0.076,0.307,0.617] | v4:G1[0.078,0.600,0.322]
[TopoTrace Step 0] v0:G1[0.372,0.555,0.073] | v1:G0[0.539,0.230,0.230] | v2:G2[0.275,0.227,0.499] | v3:G2[0.076,0.307,0.617] | v4:G1[0.078,0.600,0.322]
[TopoTrace Step 0] v0:G1[0.372,0.555,0.073] | v1:G0[0.539,0.230,0.230] | v2:G2[0.275,0.227,0.499] | v3:G2[0.076,0.307,0.617] | v4:G1[0.078,0.600,0.322]
[TopoTrace Step 0] v0:G1[0.372,0.555,0.073] | v1:G0[0.539,0.230,0.230] | v2:G2[0.275,0.227,0.499] | v3:G2[0.076,0.307,0.617] | v4:G1[0.078,0.600,0.322]
[TopoTrace Step 0] v0:G1[0.372,0.555,0.073] | v1:G0[0.539,0.230,0.230] | v2:G2[0.275,0.227,0.499] | v3:G2[0.076,0.307,0.617] | v4:G1[0.078,0.600,0.322]
[TopoTrace Step 0] v0:G1[0.372,0.555,0.073] | v1:G0[0.539,0.230,0.230] | v2:G2[0.275,0.227,0.499] | v3:G2[0.076,0.307,0.617] | v4:G1[0.078,0.600,0.322]
[TopoTrace Step 0] v0:G1[0.372,0.555,0.073] | v1:G0[0.539,0.230,0.230] | v2:G2[0.275,0.227,0.499] | v3:G2[0.076,0.307,0.617] | v4:G1[0.078,0.600,0.322]
[TopoTrace Step 0] v0:G1[0.372,0.555,0.073] | v1:G0[0.539,0.230,0.230] | v2:G2[0.275,0.227,0.499] | v3:G2[0.076,0.307,0.617] | v4:G1[0.078,0.600,0.322]
[TopoTrace Step 0] v0:G1[0.372,0.555,0.073] | v1:G0[0.539,0.230,0.230] | v2:G2[0.275,0.227,0.499] | v3:G2[0.076,0.307,0.617] | v4:G1[0.078,0.600,0.322]
[TopoTrace Step 0] v0:G1[0.372,0.555,0.073] | v1:G0[0.539,0.230,0.230] | v2:G2[0.275,0.227,0.499] | v3:G2[0.076,0.307,0.617] | v4:G1[0.078,0.600,0.322]
[TopoTrace Step 0] v0:G1[0.372,0.555,0.073] | v1:G0[0.539,0.230,0.230] | v2:G2[0.275,0.227,0.499] | v3:G2[0.076,0.307,0.617] | v4:G1[0.078,0.600,0.322]
[TopoTrace Step 0] v0:G1[0.372,0.555,0.073] | v1:G0[0.539,0.230,0.230] | v2:G2[0.275,0.227,0.499] | v3:G2[0.076,0.307,0.617] | v4:G1[0.078,0.600,0.322]
[TopoTrace Step 0] v0:G1[0.372,0.555,0.073] | v1:G0[0.539,0.230,0.230] | v2:G2[0.275,0.227,0.499] | v3:G2[0.076,0.307,0.617] | v4:G1[0.078,0.600,0.322]
[TopoTrace Step 0] v0:G1[0.372,0.555,0.073] | v1:G0[0.539,0.230,0.230] | v2:G2[0.275,0.227,0.499] | v3:G2[0.076,0.307,0.617] | v4:G1[0.078,0.600,0.322]
[TopoTrace Step 0] v0:G1[0.372,0.555,0.073] | v1:G0[0.539,0.230,0.230] | v2:G2[0.275,0.226,0.499] | v3:G2[0.076,0.307,0.617] | v4:G1[0.078,0.600,0.322]
[TopoTrace Step 0] v0:G1[0.372,0.555,0.073] | v1:G0[0.539,0.230,0.230] | v2:G2[0.275,0.226,0.499] | v3:G2[0.076,0.307,0.617] | v4:G1[0.078,0.600,0.322]
[TopoTrace Step 0] v0:G1[0.372,0.555,0.073] | v1:G0[0.539,0.230,0.230] | v2:G2[0.275,0.226,0.499] | v3:G2[0.076,0.307,0.617] | v4:G1[0.078,0.600,0.322]
[TopoTrace Step 0] v0:G1[0.372,0.555,0.073] | v1:G0[0.539,0.230,0.230] | v2:G2[0.275,0.226,0.499] | v3:G2[0.076,0.307,0.617] | v4:G1[0.078,0.600,0.322]
[TopoTrace Step 0] v0:G1[0.372,0.555,0.073] | v1:G0[0.539,0.230,0.230] | v2:G2[0.275,0.226,0.499] | v3:G2[0.076,0.307,0.617] | v4:G1[0.078,0.600,0.322]
[TopoTrace Step 0] v0:G1[0.372,0.555,0.073] | v1:G0[0.539,0.230,0.230] | v2:G2[0.275,0.226,0.499] | v3:G2[0.076,0.307,0.617] | v4:G1[0.078,0.600,0.322]
[TopoTrace Step 0] v0:G1[0.372,0.555,0.073] | v1:G0[0.539,0.230,0.230] | v2:G2[0.275,0.226,0.499] | v3:G2[0.076,0.307,0.617] | v4:G1[0.078,0.600,0.322]
[TopoTrace Step 0] v0:G1[0.372,0.555,0.073] | v1:G0[0.539,0.230,0.230] | v2:G2[0.275,0.226,0.499] | v3:G2[0.076,0.307,0.617] | v4:G1[0.078,0.600,0.322]
[TopoTrace Step 0] v0:G1[0.372,0.555,0.073] | v1:G0[0.539,0.230,0.230] | v2:G2[0.275,0.226,0.499] | v3:G2[0.076,0.307,0.617] | v4:G1[0.078,0.600,0.322]
[TopoTrace Step 0] v0:G1[0.372,0.555,0.073] | v1:G0[0.539,0.230,0.230] | v2:G2[0.275,0.226,0.499] | v3:G2[0.076,0.307,0.617] | v4:G1[0.078,0.600,0.322]
[TopoTrace Step 0] v0:G1[0.372,0.555,0.073] | v1:G0[0.539,0.230,0.230] | v2:G2[0.275,0.226,0.499] | v3:G2[0.076,0.307,0.617] | v4:G1[0.078,0.600,0.322]
[TopoTrace Step 0] v0:G1[0.372,0.555,0.073] | v1:G0[0.539,0.230,0.230] | v2:G2[0.275,0.226,0.499] | v3:G2[0.076,0.307,0.617] | v4:G1[0.078,0.600,0.322]
[TopoTrace Step 0] v0:G1[0.372,0.555,0.073] | v1:G0[0.539,0.230,0.230] | v2:G2[0.275,0.226,0.499] | v3:G2[0.076,0.307,0.617] | v4:G1[0.078,0.600,0.322]
[TopoTrace Step 0] v0:G1[0.372,0.555,0.073] | v1:G0[0.539,0.230,0.230] | v2:G2[0.275,0.226,0.499] | v3:G2[0.076,0.307,0.617] | v4:G1[0.078,0.600,0.322]
[TopoTrace Step 0] v0:G1[0.372,0.555,0.073] | v1:G0[0.539,0.230,0.230] | v2:G2[0.275,0.226,0.499] | v3:G2[0.076,0.307,0.617] | v4:G1[0.078,0.600,0.322]
[TopoTrace Step 0] v0:G1[0.372,0.555,0.073] | v1:G0[0.539,0.230,0.230] | v2:G2[0.275,0.226,0.499] | v3:G2[0.076,0.307,0.617] | v4:G1[0.078,0.600,0.322]
[TopoTrace Step 0] v0:G1[0.372,0.555,0.073] | v1:G0[0.539,0.230,0.230] | v2:G2[0.275,0.226,0.499] | v3:G2[0.076,0.307,0.617] | v4:G1[0.078,0.600,0.322]
[TopoTrace Step 0] v0:G1[0.372,0.555,0.073] | v1:G0[0.539,0.230,0.230] | v2:G2[0.275,0.226,0.499] | v3:G2[0.076,0.307,0.617] | v4:G1[0.078,0.600,0.322]
[TopoTrace Step 0] v0:G1[0.372,0.555,0.073] | v1:G0[0.539,0.230,0.230] | v2:G2[0.275,0.226,0.499] | v3:G2[0.076,0.307,0.617] | v4:G1[0.078,0.600,0.322]
[TopoTrace Step 0] v0:G1[0.372,0.555,0.073] | v1:G0[0.539,0.230,0.230] | v2:G2[0.275,0.226,0.499] | v3:G2[0.076,0.307,0.617] | v4:G1[0.078,0.600,0.322]
[TopoTrace Step 0] v0:G1[0.372,0.555,0.073] | v1:G0[0.539,0.230,0.230] | v2:G2[0.275,0.226,0.499] | v3:G2[0.076,0.307,0.617] | v4:G1[0.078,0.600,0.322]
[TopoTrace Step 0] v0:G1[0.372,0.555,0.073] | v1:G0[0.539,0.230,0.230] | v2:G2[0.275,0.226,0.499] | v3:G2[0.076,0.307,0.617] | v4:G1[0.078,0.600,0.322]
[TopoTrace Step 0] v0:G1[0.372,0.555,0.073] | v1:G0[0.539,0.230,0.230] | v2:G2[0.275,0.226,0.499] | v3:G2[0.076,0.307,0.617] | v4:G1[0.078,0.600,0.322]
[TopoTrace Step 0] v0:G1[0.372,0.555,0.073] | v1:G0[0.539,0.230,0.230] | v2:G2[0.275,0.226,0.499] | v3:G2[0.076,0.307,0.617] | v4:G1[0.078,0.600,0.322]
[TopoTrace Step 0] v0:G1[0.372,0.555,0.073] | v1:G0[0.539,0.230,0.230] | v2:G2[0.275,0.226,0.499] | v3:G2[0.076,0.307,0.617] | v4:G1[0.078,0.600,0.322]
[TopoTrace Step 0] v0:G1[0.372,0.555,0.073] | v1:G0[0.539,0.230,0.230] | v2:G2[0.275,0.226,0.499] | v3:G2[0.076,0.307,0.617] | v4:G1[0.078,0.600,0.322]
[TopoTrace Step 0] v0:G1[0.372,0.555,0.073] | v1:G0[0.539,0.230,0.230] | v2:G2[0.275,0.226,0.499] | v3:G2[0.076,0.307,0.617] | v4:G1[0.078,0.600,0.322]
[TopoTrace Step 0] v0:G1[0.372,0.555,0.073] | v1:G0[0.539,0.230,0.230] | v2:G2[0.275,0.226,0.499] | v3:G2[0.076,0.307,0.617] | v4:G1[0.078,0.600,0.322]
[TopoTrace Step 0] v0:G1[0.372,0.555,0.073] | v1:G0[0.539,0.230,0.230] | v2:G2[0.275,0.226,0.499] | v3:G2[0.076,0.307,0.617] | v4:G1[0.078,0.600,0.322]
[TopoTrace Step 0] v0:G1[0.372,0.555,0.073] | v1:G0[0.539,0.230,0.230] | v2:G2[0.275,0.226,0.499] | v3:G2[0.076,0.307,0.617] | v4:G1[0.078,0.600,0.322]
[TopoTrace Step 0] v0:G1[0.372,0.555,0.073] | v1:G0[0.539,0.230,0.230] | v2:G2[0.275,0.226,0.499] | v3:G2[0.076,0.307,0.617] | v4:G1[0.078,0.600,0.322]
[TopoTrace Step 0] v0:G1[0.372,0.555,0.073] | v1:G0[0.539,0.230,0.230] | v2:G2[0.275,0.226,0.499] | v3:G2[0.076,0.307,0.617] | v4:G1[0.078,0.600,0.322]
[TopoTrace Step 0] v0:G1[0.372,0.555,0.073] | v1:G0[0.539,0.230,0.230] | v2:G2[0.275,0.226,0.499] | v3:G2[0.076,0.307,0.617] | v4:G1[0.078,0.600,0.322]
[TopoTrace Step 0] v0:G1[0.372,0.555,0.073] | v1:G0[0.539,0.230,0.230] | v2:G2[0.275,0.226,0.499] | v3:G2[0.076,0.307,0.617] | v4:G1[0.078,0.600,0.322]
[TopoTrace Step 0] v0:G1[0.372,0.555,0.073] | v1:G0[0.539,0.230,0.230] | v2:G2[0.275,0.226,0.499] | v3:G2[0.076,0.307,0.617] | v4:G1[0.078,0.600,0.322]
[TopoTrace Step 0] v0:G1[0.372,0.555,0.073] | v1:G0[0.539,0.230,0.230] | v2:G2[0.275,0.226,0.499] | v3:G2[0.076,0.307,0.617] | v4:G1[0.078,0.600,0.322]
[TopoTrace Step 0] v0:G1[0.372,0.555,0.073] | v1:G0[0.539,0.230,0.230] | v2:G2[0.275,0.226,0.499] | v3:G2[0.076,0.307,0.617] | v4:G1[0.078,0.600,0.322]
[TopoTrace Step 0] v0:G1[0.372,0.555,0.073] | v1:G0[0.539,0.230,0.230] | v2:G2[0.275,0.226,0.499] | v3:G2[0.076,0.307,0.617] | v4:G1[0.078,0.600,0.322]
[TopoTrace Step 0] v0:G1[0.372,0.555,0.073] | v1:G0[0.539,0.230,0.230] | v2:G2[0.275,0.226,0.499] | v3:G2[0.076,0.307,0.617] | v4:G1[0.078,0.600,0.322]
[TopoTrace Step 0] v0:G1[0.372,0.555,0.073] | v1:G0[0.539,0.230,0.230] | v2:G2[0.275,0.226,0.499] | v3:G2[0.076,0.307,0.617] | v4:G1[0.078,0.600,0.322]
[TopoTrace Step 0] v0:G1[0.372,0.555,0.073] | v1:G0[0.539,0.230,0.230] | v2:G2[0.275,0.226,0.499] | v3:G2[0.076,0.307,0.617] | v4:G1[0.078,0.600,0.322]
[TopoTrace Step 0] v0:G1[0.372,0.555,0.073] | v1:G0[0.539,0.230,0.230] | v2:G2[0.275,0.226,0.499] | v3:G2[0.076,0.307,0.617] | v4:G1[0.078,0.600,0.322]
[TopoTrace Step 0] v0:G1[0.372,0.555,0.073] | v1:G0[0.539,0.230,0.230] | v2:G2[0.275,0.226,0.499] | v3:G2[0.076,0.307,0.617] | v4:G1[0.078,0.600,0.322]
[TopoTrace Step 0] v0:G1[0.372,0.555,0.073] | v1:G0[0.539,0.230,0.230] | v2:G2[0.275,0.226,0.499] | v3:G2[0.076,0.307,0.617] | v4:G1[0.078,0.600,0.322]
[TopoTrace Step 0] v0:G1[0.372,0.555,0.073] | v1:G0[0.539,0.230,0.230] | v2:G2[0.275,0.226,0.499] | v3:G2[0.076,0.307,0.617] | v4:G1[0.078,0.600,0.322]
[TopoTrace Step 0] v0:G1[0.372,0.555,0.073] | v1:G0[0.539,0.230,0.230] | v2:G2[0.275,0.226,0.499] | v3:G2[0.076,0.307,0.617] | v4:G1[0.078,0.600,0.322]
[TopoTrace Step 0] v0:G1[0.372,0.555,0.073] | v1:G0[0.539,0.230,0.230] | v2:G2[0.275,0.226,0.499] | v3:G2[0.076,0.307,0.617] | v4:G1[0.078,0.600,0.322]
[TopoTrace Step 0] v0:G1[0.372,0.555,0.073] | v1:G0[0.539,0.230,0.230] | v2:G2[0.275,0.226,0.499] | v3:G2[0.076,0.307,0.617] | v4:G1[0.078,0.600,0.322]
[TopoTrace Step 0] v0:G1[0.372,0.555,0.073] | v1:G0[0.539,0.230,0.230] | v2:G2[0.275,0.226,0.499] | v3:G2[0.076,0.307,0.617] | v4:G1[0.078,0.600,0.322]
[TopoTrace Step 0] v0:G1[0.372,0.555,0.073] | v1:G0[0.539,0.230,0.230] | v2:G2[0.275,0.226,0.499] | v3:G2[0.076,0.307,0.617] | v4:G1[0.078,0.600,0.322]
[TopoTrace Step 0] v0:G1[0.372,0.555,0.073] | v1:G0[0.539,0.230,0.230] | v2:G2[0.275,0.226,0.499] | v3:G2[0.076,0.307,0.617] | v4:G1[0.078,0.600,0.322]
[TopoTrace Step 0] v0:G1[0.372,0.555,0.073] | v1:G0[0.539,0.230,0.230] | v2:G2[0.275,0.226,0.499] | v3:G2[0.076,0.307,0.617] | v4:G1[0.078,0.600,0.322]
[TopoTrace Step 0] v0:G1[0.372,0.555,0.073] | v1:G0[0.539,0.230,0.230] | v2:G2[0.275,0.226,0.499] | v3:G2[0.076,0.307,0.617] | v4:G1[0.078,0.600,0.322]
[TopoTrace Step 0] v0:G1[0.372,0.555,0.073] | v1:G0[0.539,0.230,0.230] | v2:G2[0.275,0.226,0.499] | v3:G2[0.076,0.307,0.617] | v4:G1[0.078,0.600,0.322]
[TopoTrace Step 0] v0:G1[0.372,0.555,0.073] | v1:G0[0.539,0.230,0.230] | v2:G2[0.275,0.226,0.499] | v3:G2[0.076,0.307,0.617] | v4:G1[0.078,0.600,0.322]
[TopoTrace Step 0] v0:G1[0.372,0.555,0.073] | v1:G0[0.539,0.230,0.230] | v2:G2[0.275,0.226,0.499] | v3:G2[0.076,0.307,0.617] | v4:G1[0.078,0.600,0.322]
[TopoTrace Step 0] v0:G1[0.372,0.555,0.073] | v1:G0[0.539,0.230,0.230] | v2:G2[0.275,0.226,0.499] | v3:G2[0.076,0.307,0.617] | v4:G1[0.078,0.600,0.322]
[TopoTrace Step 0] v0:G1[0.372,0.555,0.073] | v1:G0[0.539,0.230,0.230] | v2:G2[0.275,0.226,0.499] | v3:G2[0.076,0.307,0.617] | v4:G1[0.078,0.600,0.322]
[TopoTrace Step 0] v0:G1[0.372,0.555,0.073] | v1:G0[0.539,0.230,0.230] | v2:G2[0.275,0.226,0.499] | v3:G2[0.076,0.307,0.617] | v4:G1[0.078,0.600,0.322]
[TopoTrace Step 0] v0:G1[0.372,0.555,0.073] | v1:G0[0.539,0.230,0.230] | v2:G2[0.275,0.226,0.499] | v3:G2[0.076,0.307,0.617] | v4:G1[0.078,0.600,0.322]
[TopoTrace Step 0] v0:G1[0.372,0.555,0.073] | v1:G0[0.539,0.230,0.230] | v2:G2[0.275,0.226,0.499] | v3:G2[0.076,0.307,0.617] | v4:G1[0.078,0.600,0.322]
[TopoTrace Step 0] v0:G1[0.372,0.555,0.073] | v1:G0[0.539,0.230,0.230] | v2:G2[0.275,0.226,0.499] | v3:G2[0.076,0.307,0.617] | v4:G1[0.078,0.600,0.322]
[TopoTrace Step 0] v0:G1[0.372,0.555,0.073] | v1:G0[0.539,0.230,0.230] | v2:G2[0.275,0.226,0.499] | v3:G2[0.076,0.307,0.617] | v4:G1[0.078,0.600,0.322]
[TopoTrace Step 0] v0:G1[0.372,0.555,0.073] | v1:G0[0.539,0.230,0.230] | v2:G2[0.275,0.226,0.499] | v3:G2[0.076,0.307,0.617] | v4:G1[0.078,0.600,0.322]
[TopoTrace Step 0] v0:G1[0.372,0.555,0.073] | v1:G0[0.539,0.230,0.230] | v2:G2[0.275,0.226,0.499] | v3:G2[0.076,0.307,0.617] | v4:G1[0.078,0.600,0.322]
[TopoTrace Step 0] v0:G1[0.372,0.555,0.073] | v1:G0[0.539,0.230,0.230] | v2:G2[0.275,0.226,0.499] | v3:G2[0.076,0.307,0.617] | v4:G1[0.078,0.600,0.322]
[TopoTrace Step 0] v0:G1[0.372,0.555,0.073] | v1:G0[0.539,0.230,0.230] | v2:G2[0.275,0.226,0.499] | v3:G2[0.076,0.307,0.617] | v4:G1[0.078,0.600,0.322]
[TopoTrace Step 0] v0:G1[0.372,0.555,0.073] | v1:G0[0.539,0.230,0.230] | v2:G2[0.275,0.226,0.499] | v3:G2[0.076,0.307,0.617] | v4:G1[0.078,0.600,0.322]
[TopoTrace Step 0] v0:G1[0.372,0.555,0.073] | v1:G0[0.539,0.230,0.230] | v2:G2[0.275,0.226,0.499] | v3:G2[0.076,0.307,0.617] | v4:G1[0.078,0.600,0.322]
[TopoTrace Step 0] v0:G1[0.372,0.555,0.073] | v1:G0[0.539,0.230,0.230] | v2:G2[0.275,0.226,0.499] | v3:G2[0.076,0.307,0.617] | v4:G1[0.078,0.600,0.322]
[TopoTrace Step 0] v0:G1[0.372,0.555,0.073] | v1:G0[0.539,0.230,0.230] | v2:G2[0.275,0.226,0.499] | v3:G2[0.076,0.307,0.617] | v4:G1[0.078,0.600,0.322]
[TopoTrace Step 0] v0:G1[0.372,0.555,0.073] | v1:G0[0.539,0.230,0.230] | v2:G2[0.275,0.226,0.499] | v3:G2[0.076,0.307,0.617] | v4:G1[0.078,0.600,0.322]
[TopoTrace Step 0] v0:G1[0.372,0.555,0.073] | v1:G0[0.539,0.230,0.230] | v2:G2[0.275,0.226,0.499] | v3:G2[0.076,0.307,0.617] | v4:G1[0.078,0.600,0.322]
[TopoTrace Step 0] v0:G1[0.372,0.555,0.073] | v1:G0[0.539,0.230,0.230] | v2:G2[0.275,0.226,0.499] | v3:G2[0.076,0.307,0.617] | v4:G1[0.078,0.600,0.322]
	iters: 200, epoch: 9 | loss: 0.2273574
	speed: 0.2079s/iter; left time: 80.8696s
[TopoTrace Step 0] v0:G1[0.372,0.555,0.073] | v1:G0[0.539,0.230,0.230] | v2:G2[0.275,0.226,0.499] | v3:G2[0.076,0.307,0.617] | v4:G1[0.078,0.600,0.322]
[TopoTrace Step 0] v0:G1[0.372,0.555,0.073] | v1:G0[0.539,0.230,0.230] | v2:G2[0.275,0.226,0.499] | v3:G2[0.076,0.307,0.617] | v4:G1[0.078,0.600,0.322]
[TopoTrace Step 0] v0:G1[0.372,0.555,0.073] | v1:G0[0.539,0.230,0.230] | v2:G2[0.275,0.226,0.499] | v3:G2[0.076,0.307,0.617] | v4:G1[0.078,0.600,0.322]
[TopoTrace Step 0] v0:G1[0.372,0.555,0.073] | v1:G0[0.539,0.230,0.230] | v2:G2[0.275,0.226,0.499] | v3:G2[0.076,0.307,0.617] | v4:G1[0.078,0.600,0.322]
[TopoTrace Step 0] v0:G1[0.372,0.555,0.073] | v1:G0[0.539,0.230,0.230] | v2:G2[0.275,0.226,0.499] | v3:G2[0.076,0.307,0.617] | v4:G1[0.078,0.600,0.322]
[TopoTrace Step 0] v0:G1[0.372,0.555,0.073] | v1:G0[0.539,0.230,0.230] | v2:G2[0.275,0.226,0.499] | v3:G2[0.076,0.307,0.617] | v4:G1[0.078,0.600,0.322]
[TopoTrace Step 0] v0:G1[0.372,0.555,0.073] | v1:G0[0.539,0.230,0.230] | v2:G2[0.275,0.226,0.499] | v3:G2[0.076,0.307,0.617] | v4:G1[0.078,0.600,0.322]
[TopoTrace Step 0] v0:G1[0.372,0.555,0.073] | v1:G0[0.539,0.230,0.230] | v2:G2[0.275,0.226,0.499] | v3:G2[0.076,0.307,0.617] | v4:G1[0.078,0.600,0.322]
[TopoTrace Step 0] v0:G1[0.372,0.555,0.073] | v1:G0[0.539,0.230,0.230] | v2:G2[0.275,0.226,0.499] | v3:G2[0.076,0.307,0.617] | v4:G1[0.078,0.600,0.322]
[TopoTrace Step 0] v0:G1[0.372,0.555,0.073] | v1:G0[0.539,0.230,0.230] | v2:G2[0.275,0.226,0.499] | v3:G2[0.076,0.307,0.617] | v4:G1[0.078,0.600,0.322]
[TopoTrace Step 0] v0:G1[0.372,0.555,0.073] | v1:G0[0.539,0.230,0.230] | v2:G2[0.275,0.226,0.499] | v3:G2[0.076,0.307,0.617] | v4:G1[0.078,0.600,0.322]
[TopoTrace Step 0] v0:G1[0.372,0.555,0.073] | v1:G0[0.539,0.230,0.230] | v2:G2[0.275,0.226,0.499] | v3:G2[0.076,0.307,0.617] | v4:G1[0.078,0.600,0.322]
[TopoTrace Step 0] v0:G1[0.372,0.555,0.073] | v1:G0[0.539,0.230,0.230] | v2:G2[0.275,0.226,0.499] | v3:G2[0.076,0.307,0.617] | v4:G1[0.078,0.600,0.322]
[TopoTrace Step 0] v0:G1[0.372,0.555,0.073] | v1:G0[0.539,0.230,0.230] | v2:G2[0.275,0.226,0.499] | v3:G2[0.076,0.307,0.617] | v4:G1[0.078,0.600,0.322]
[TopoTrace Step 0] v0:G1[0.372,0.555,0.073] | v1:G0[0.539,0.230,0.230] | v2:G2[0.275,0.226,0.499] | v3:G2[0.076,0.307,0.617] | v4:G1[0.078,0.600,0.322][TopoTrace Step 0] v0:G1[0.372,0.555,0.073] | v1:G0[0.539,0.230,0.230] | v2:G2[0.275,0.226,0.499] | v3:G2[0.076,0.307,0.617] | v4:G1[0.078,0.600,0.322]

[TopoTrace Step 0] v0:G1[0.372,0.555,0.073] | v1:G0[0.539,0.230,0.230] | v2:G2[0.275,0.226,0.499] | v3:G2[0.076,0.307,0.617] | v4:G1[0.078,0.600,0.322]
[TopoTrace Step 0] v0:G1[0.372,0.555,0.073] | v1:G0[0.539,0.230,0.230] | v2:G2[0.275,0.226,0.499] | v3:G2[0.076,0.307,0.617] | v4:G1[0.078,0.600,0.322]
[TopoTrace Step 0] v0:G1[0.372,0.555,0.073] | v1:G0[0.539,0.230,0.230] | v2:G2[0.275,0.226,0.499] | v3:G2[0.076,0.307,0.617] | v4:G1[0.078,0.600,0.322]
[TopoTrace Step 0] v0:G1[0.372,0.555,0.073] | v1:G0[0.539,0.230,0.230] | v2:G2[0.275,0.226,0.499] | v3:G2[0.076,0.307,0.617] | v4:G1[0.078,0.600,0.322]
[TopoTrace Step 0] v0:G1[0.372,0.555,0.073] | v1:G0[0.539,0.230,0.230] | v2:G2[0.275,0.226,0.499] | v3:G2[0.076,0.307,0.617] | v4:G1[0.078,0.600,0.322]
[TopoTrace Step 0] v0:G1[0.372,0.555,0.073] | v1:G0[0.539,0.230,0.230] | v2:G2[0.275,0.226,0.499] | v3:G2[0.076,0.307,0.617] | v4:G1[0.078,0.600,0.322]
[TopoTrace Step 0] v0:G1[0.372,0.555,0.073] | v1:G0[0.539,0.230,0.230] | v2:G2[0.275,0.226,0.499] | v3:G2[0.076,0.307,0.617] | v4:G1[0.078,0.600,0.322]
[TopoTrace Step 0] v0:G1[0.372,0.555,0.073] | v1:G0[0.539,0.230,0.230] | v2:G2[0.275,0.226,0.499] | v3:G2[0.076,0.307,0.617] | v4:G1[0.078,0.600,0.322]
[TopoTrace Step 0] v0:G1[0.372,0.555,0.073] | v1:G0[0.539,0.230,0.230] | v2:G2[0.275,0.226,0.499] | v3:G2[0.076,0.307,0.617] | v4:G1[0.078,0.600,0.322]
[TopoTrace Step 0] v0:G1[0.372,0.555,0.073] | v1:G0[0.539,0.230,0.230] | v2:G2[0.275,0.226,0.499] | v3:G2[0.076,0.307,0.617] | v4:G1[0.078,0.600,0.322]
[TopoTrace Step 0] v0:G1[0.372,0.555,0.073] | v1:G0[0.539,0.230,0.230] | v2:G2[0.275,0.226,0.499] | v3:G2[0.076,0.307,0.617] | v4:G1[0.078,0.600,0.322]
[TopoTrace Step 0] v0:G1[0.372,0.555,0.073] | v1:G0[0.539,0.230,0.230] | v2:G2[0.275,0.226,0.499] | v3:G2[0.076,0.307,0.617] | v4:G1[0.078,0.600,0.322]
[TopoTrace Step 0] v0:G1[0.372,0.555,0.073] | v1:G0[0.539,0.230,0.230] | v2:G2[0.275,0.226,0.499] | v3:G2[0.076,0.307,0.617] | v4:G1[0.078,0.600,0.322]
[TopoTrace Step 0] v0:G1[0.372,0.555,0.073] | v1:G0[0.539,0.230,0.230] | v2:G2[0.275,0.226,0.499] | v3:G2[0.076,0.307,0.617] | v4:G1[0.078,0.600,0.322]
[TopoTrace Step 0] v0:G1[0.372,0.555,0.073] | v1:G0[0.539,0.230,0.230] | v2:G2[0.275,0.226,0.499] | v3:G2[0.076,0.307,0.617] | v4:G1[0.078,0.600,0.322][TopoTrace Step 0] v0:G1[0.372,0.555,0.073] | v1:G0[0.539,0.230,0.230] | v2:G2[0.275,0.226,0.499] | v3:G2[0.076,0.307,0.617] | v4:G1[0.078,0.600,0.322]

[TopoTrace Step 0] v0:G1[0.372,0.555,0.073] | v1:G0[0.539,0.230,0.230] | v2:G2[0.275,0.226,0.499] | v3:G2[0.076,0.307,0.617] | v4:G1[0.078,0.600,0.322]
[TopoTrace Step 0] v0:G1[0.372,0.555,0.073] | v1:G0[0.539,0.230,0.230] | v2:G2[0.275,0.226,0.499] | v3:G2[0.076,0.307,0.617] | v4:G1[0.078,0.600,0.322]
[TopoTrace Step 0] v0:G1[0.372,0.555,0.073] | v1:G0[0.539,0.230,0.230] | v2:G2[0.275,0.226,0.499] | v3:G2[0.076,0.307,0.617] | v4:G1[0.078,0.600,0.322]
[TopoTrace Step 0] v0:G1[0.372,0.555,0.073] | v1:G0[0.539,0.230,0.230] | v2:G2[0.275,0.226,0.499] | v3:G2[0.076,0.307,0.617] | v4:G1[0.078,0.600,0.322]
[TopoTrace Step 0] v0:G1[0.372,0.555,0.073] | v1:G0[0.539,0.230,0.230] | v2:G2[0.275,0.226,0.499] | v3:G2[0.076,0.307,0.617] | v4:G1[0.078,0.600,0.322]
[TopoTrace Step 0] v0:G1[0.372,0.555,0.073] | v1:G0[0.539,0.230,0.230] | v2:G2[0.275,0.226,0.499] | v3:G2[0.076,0.307,0.617] | v4:G1[0.078,0.600,0.322]
[TopoTrace Step 0] v0:G1[0.372,0.555,0.073] | v1:G0[0.539,0.230,0.230] | v2:G2[0.275,0.226,0.499] | v3:G2[0.076,0.307,0.617] | v4:G1[0.078,0.600,0.322]
[TopoTrace Step 0] v0:G1[0.372,0.555,0.073] | v1:G0[0.539,0.230,0.230] | v2:G2[0.275,0.226,0.499] | v3:G2[0.076,0.307,0.617] | v4:G1[0.078,0.600,0.322]
[TopoTrace Step 0] v0:G1[0.372,0.555,0.073] | v1:G0[0.539,0.230,0.230] | v2:G2[0.275,0.226,0.499] | v3:G2[0.076,0.307,0.617] | v4:G1[0.078,0.600,0.322][TopoTrace Step 0] v0:G1[0.372,0.555,0.073] | v1:G0[0.539,0.230,0.230] | v2:G2[0.275,0.226,0.499] | v3:G2[0.076,0.307,0.617] | v4:G1[0.078,0.600,0.322]

[TopoTrace Step 0] v0:G1[0.372,0.555,0.073] | v1:G0[0.539,0.230,0.230] | v2:G2[0.275,0.226,0.499] | v3:G2[0.076,0.307,0.617] | v4:G1[0.078,0.600,0.322]
[TopoTrace Step 0] v0:G1[0.372,0.555,0.073] | v1:G0[0.539,0.230,0.230] | v2:G2[0.275,0.226,0.499] | v3:G2[0.076,0.307,0.617] | v4:G1[0.078,0.600,0.322]
[TopoTrace Step 0] v0:G1[0.372,0.555,0.073] | v1:G0[0.539,0.230,0.230] | v2:G2[0.275,0.226,0.499] | v3:G2[0.076,0.307,0.617] | v4:G1[0.078,0.600,0.322]
[TopoTrace Step 0] v0:G1[0.372,0.555,0.073] | v1:G0[0.539,0.230,0.230] | v2:G2[0.275,0.226,0.499] | v3:G2[0.076,0.307,0.617] | v4:G1[0.078,0.600,0.322]
[TopoTrace Step 0] v0:G1[0.372,0.555,0.073] | v1:G0[0.539,0.230,0.230] | v2:G2[0.275,0.226,0.499] | v3:G2[0.076,0.307,0.617] | v4:G1[0.078,0.600,0.322]
[TopoTrace Step 0] v0:G1[0.372,0.555,0.073] | v1:G0[0.539,0.230,0.230] | v2:G2[0.275,0.226,0.499] | v3:G2[0.076,0.307,0.617] | v4:G1[0.078,0.600,0.322]
[TopoTrace Step 0] v0:G1[0.372,0.555,0.073] | v1:G0[0.539,0.230,0.230] | v2:G2[0.275,0.226,0.499] | v3:G2[0.076,0.307,0.617] | v4:G1[0.078,0.600,0.322]
[TopoTrace Step 0] v0:G1[0.372,0.555,0.073] | v1:G0[0.539,0.230,0.230] | v2:G2[0.275,0.226,0.499] | v3:G2[0.076,0.307,0.617] | v4:G1[0.078,0.600,0.322]
[TopoTrace Step 0] v0:G1[0.372,0.555,0.073] | v1:G0[0.539,0.230,0.230] | v2:G2[0.275,0.226,0.499] | v3:G2[0.076,0.307,0.617] | v4:G1[0.078,0.600,0.322]
[TopoTrace Step 0] v0:G1[0.372,0.555,0.073] | v1:G0[0.539,0.230,0.230] | v2:G2[0.275,0.226,0.499] | v3:G2[0.076,0.307,0.617] | v4:G1[0.078,0.600,0.322]
[TopoTrace Step 0] v0:G1[0.372,0.555,0.073] | v1:G0[0.539,0.230,0.230] | v2:G2[0.275,0.226,0.499] | v3:G2[0.076,0.307,0.617] | v4:G1[0.078,0.600,0.322]
[TopoTrace Step 0] v0:G1[0.372,0.555,0.073] | v1:G0[0.539,0.230,0.230] | v2:G2[0.275,0.226,0.499] | v3:G2[0.076,0.307,0.617] | v4:G1[0.078,0.600,0.322]
[TopoTrace Step 0] v0:G1[0.372,0.555,0.073] | v1:G0[0.539,0.230,0.230] | v2:G2[0.275,0.226,0.499] | v3:G2[0.076,0.307,0.617] | v4:G1[0.078,0.600,0.322]
[TopoTrace Step 0] v0:G1[0.372,0.555,0.073] | v1:G0[0.539,0.230,0.230] | v2:G2[0.275,0.226,0.499] | v3:G2[0.076,0.307,0.617] | v4:G1[0.078,0.600,0.322]
[TopoTrace Step 0] v0:G1[0.372,0.555,0.073] | v1:G0[0.539,0.230,0.230] | v2:G2[0.275,0.226,0.499] | v3:G2[0.076,0.307,0.617] | v4:G1[0.078,0.600,0.322]
[TopoTrace Step 0] v0:G1[0.372,0.555,0.073] | v1:G0[0.539,0.230,0.230] | v2:G2[0.275,0.226,0.499] | v3:G2[0.076,0.307,0.617] | v4:G1[0.078,0.600,0.322]
[TopoTrace Step 0] v0:G1[0.372,0.555,0.073] | v1:G0[0.539,0.230,0.230] | v2:G2[0.275,0.226,0.499] | v3:G2[0.076,0.307,0.617] | v4:G1[0.078,0.600,0.322]
[TopoTrace Step 0] v0:G1[0.372,0.555,0.073] | v1:G0[0.539,0.230,0.230] | v2:G2[0.275,0.226,0.499] | v3:G2[0.076,0.307,0.617] | v4:G1[0.078,0.600,0.322]
[TopoTrace Step 0] v0:G1[0.372,0.555,0.073] | v1:G0[0.539,0.230,0.230] | v2:G2[0.275,0.226,0.499] | v3:G2[0.076,0.307,0.617] | v4:G1[0.078,0.600,0.322]
[TopoTrace Step 0] v0:G1[0.372,0.555,0.073] | v1:G0[0.539,0.230,0.230] | v2:G2[0.275,0.226,0.499] | v3:G2[0.076,0.307,0.617] | v4:G1[0.078,0.600,0.322]
[TopoTrace Step 0] v0:G1[0.372,0.555,0.073] | v1:G0[0.539,0.230,0.230] | v2:G2[0.275,0.226,0.499] | v3:G2[0.076,0.307,0.617] | v4:G1[0.078,0.600,0.322][TopoTrace Step 0] v0:G1[0.372,0.555,0.073] | v1:G0[0.539,0.230,0.230] | v2:G2[0.275,0.226,0.499] | v3:G2[0.076,0.307,0.617] | v4:G1[0.078,0.600,0.322]

[TopoTrace Step 0] v0:G1[0.372,0.555,0.073] | v1:G0[0.539,0.230,0.230] | v2:G2[0.275,0.226,0.499] | v3:G2[0.076,0.307,0.617] | v4:G1[0.078,0.600,0.322]
[TopoTrace Step 0] v0:G1[0.372,0.555,0.073] | v1:G0[0.539,0.230,0.230] | v2:G2[0.275,0.226,0.499] | v3:G2[0.076,0.307,0.617] | v4:G1[0.078,0.600,0.322]
[TopoTrace Step 0] v0:G1[0.372,0.555,0.073] | v1:G0[0.539,0.230,0.230] | v2:G2[0.275,0.226,0.499] | v3:G2[0.076,0.307,0.617] | v4:G1[0.078,0.600,0.322]
[TopoTrace Step 0] v0:G1[0.372,0.555,0.073] | v1:G0[0.539,0.230,0.230] | v2:G2[0.275,0.226,0.499] | v3:G2[0.076,0.307,0.617] | v4:G1[0.078,0.600,0.322]
[TopoTrace Step 0] v0:G1[0.372,0.555,0.073] | v1:G0[0.539,0.230,0.230] | v2:G2[0.275,0.226,0.499] | v3:G2[0.076,0.307,0.617] | v4:G1[0.078,0.600,0.322][TopoTrace Step 0] v0:G1[0.372,0.555,0.073] | v1:G0[0.539,0.230,0.230] | v2:G2[0.275,0.226,0.499] | v3:G2[0.076,0.307,0.617] | v4:G1[0.078,0.600,0.322]

[TopoTrace Step 0] v0:G1[0.372,0.555,0.073] | v1:G0[0.539,0.230,0.230] | v2:G2[0.275,0.226,0.499] | v3:G2[0.076,0.307,0.617] | v4:G1[0.078,0.600,0.322]
[TopoTrace Step 0] v0:G1[0.372,0.555,0.073] | v1:G0[0.539,0.230,0.230] | v2:G2[0.275,0.226,0.499] | v3:G2[0.076,0.307,0.617] | v4:G1[0.078,0.600,0.322]
[TopoTrace Step 0] v0:G1[0.372,0.555,0.073] | v1:G0[0.539,0.230,0.230] | v2:G2[0.275,0.226,0.499] | v3:G2[0.076,0.307,0.617] | v4:G1[0.078,0.600,0.322]
[TopoTrace Step 0] v0:G1[0.372,0.555,0.073] | v1:G0[0.539,0.230,0.230] | v2:G2[0.275,0.226,0.499] | v3:G2[0.076,0.307,0.617] | v4:G1[0.078,0.600,0.322]
[TopoTrace Step 0] v0:G1[0.372,0.555,0.073] | v1:G0[0.539,0.230,0.230] | v2:G2[0.275,0.226,0.499] | v3:G2[0.076,0.307,0.617] | v4:G1[0.078,0.600,0.322]
[TopoTrace Step 0] v0:G1[0.372,0.555,0.073] | v1:G0[0.539,0.230,0.230] | v2:G2[0.275,0.226,0.499] | v3:G2[0.076,0.307,0.617] | v4:G1[0.078,0.600,0.322]
[TopoTrace Step 0] v0:G1[0.372,0.555,0.073] | v1:G0[0.539,0.230,0.230] | v2:G2[0.275,0.226,0.499] | v3:G2[0.076,0.307,0.617] | v4:G1[0.078,0.600,0.322]
[TopoTrace Step 0] v0:G1[0.372,0.555,0.073] | v1:G0[0.539,0.230,0.230] | v2:G2[0.275,0.226,0.499] | v3:G2[0.076,0.307,0.617] | v4:G1[0.078,0.600,0.322]
[TopoTrace Step 0] v0:G1[0.372,0.555,0.073] | v1:G0[0.539,0.230,0.230] | v2:G2[0.275,0.226,0.499] | v3:G2[0.076,0.307,0.617] | v4:G1[0.078,0.600,0.322]
[TopoTrace Step 0] v0:G1[0.372,0.555,0.073] | v1:G0[0.539,0.230,0.230] | v2:G2[0.275,0.226,0.499] | v3:G2[0.076,0.307,0.617] | v4:G1[0.078,0.600,0.322]
[TopoTrace Step 0] v0:G1[0.372,0.555,0.073] | v1:G0[0.539,0.230,0.230] | v2:G2[0.275,0.226,0.499] | v3:G2[0.076,0.307,0.617] | v4:G1[0.078,0.600,0.322]
[TopoTrace Step 0] v0:G1[0.372,0.555,0.073] | v1:G0[0.539,0.230,0.230] | v2:G2[0.275,0.226,0.499] | v3:G2[0.076,0.307,0.617] | v4:G1[0.078,0.600,0.322]
[TopoTrace Step 0] v0:G1[0.372,0.555,0.073] | v1:G0[0.539,0.230,0.230] | v2:G2[0.275,0.226,0.499] | v3:G2[0.076,0.307,0.617] | v4:G1[0.078,0.600,0.322]
[TopoTrace Step 0] v0:G1[0.372,0.555,0.073] | v1:G0[0.539,0.230,0.230] | v2:G2[0.275,0.226,0.499] | v3:G2[0.076,0.307,0.617] | v4:G1[0.078,0.600,0.322]
[TopoTrace Step 0] v0:G1[0.372,0.555,0.073] | v1:G0[0.539,0.230,0.230] | v2:G2[0.275,0.226,0.499] | v3:G2[0.076,0.307,0.617] | v4:G1[0.078,0.600,0.322]
[TopoTrace Step 0] v0:G1[0.372,0.555,0.073] | v1:G0[0.539,0.230,0.230] | v2:G2[0.275,0.226,0.499] | v3:G2[0.076,0.307,0.617] | v4:G1[0.078,0.600,0.322]
[TopoTrace Step 0] v0:G1[0.372,0.555,0.073] | v1:G0[0.539,0.230,0.230] | v2:G2[0.275,0.226,0.499] | v3:G2[0.076,0.307,0.617] | v4:G1[0.078,0.600,0.322]
[TopoTrace Step 0] v0:G1[0.372,0.555,0.073] | v1:G0[0.539,0.230,0.230] | v2:G2[0.275,0.226,0.499] | v3:G2[0.076,0.307,0.617] | v4:G1[0.078,0.600,0.322]
[TopoTrace Step 0] v0:G1[0.372,0.555,0.073] | v1:G0[0.539,0.230,0.230] | v2:G2[0.275,0.226,0.499] | v3:G2[0.076,0.307,0.617] | v4:G1[0.078,0.600,0.322]
[TopoTrace Step 0] v0:G1[0.372,0.555,0.073] | v1:G0[0.539,0.230,0.230] | v2:G2[0.275,0.226,0.499] | v3:G2[0.076,0.307,0.617] | v4:G1[0.078,0.600,0.322]
[TopoTrace Step 0] v0:G1[0.372,0.555,0.073] | v1:G0[0.539,0.230,0.230] | v2:G2[0.275,0.226,0.499] | v3:G2[0.076,0.307,0.617] | v4:G1[0.078,0.600,0.322]
[TopoTrace Step 0] v0:G1[0.372,0.555,0.073] | v1:G0[0.539,0.230,0.230] | v2:G2[0.275,0.226,0.499] | v3:G2[0.076,0.307,0.617] | v4:G1[0.078,0.600,0.322]
[TopoTrace Step 0] v0:G1[0.372,0.555,0.073] | v1:G0[0.539,0.230,0.230] | v2:G2[0.275,0.226,0.499] | v3:G2[0.076,0.307,0.617] | v4:G1[0.078,0.600,0.322]
[TopoTrace Step 0] v0:G1[0.372,0.555,0.073] | v1:G0[0.539,0.230,0.230] | v2:G2[0.275,0.226,0.499] | v3:G2[0.076,0.307,0.617] | v4:G1[0.078,0.600,0.322]
[TopoTrace Step 0] v0:G1[0.372,0.555,0.073] | v1:G0[0.539,0.230,0.230] | v2:G2[0.275,0.226,0.499] | v3:G2[0.076,0.307,0.617] | v4:G1[0.078,0.600,0.322]
[TopoTrace Step 0] v0:G1[0.372,0.555,0.073] | v1:G0[0.539,0.230,0.230] | v2:G2[0.275,0.226,0.499] | v3:G2[0.076,0.307,0.617] | v4:G1[0.078,0.600,0.322]
[TopoTrace Step 0] v0:G1[0.372,0.555,0.073] | v1:G0[0.539,0.230,0.230] | v2:G2[0.275,0.226,0.499] | v3:G2[0.076,0.307,0.617] | v4:G1[0.078,0.600,0.322]
[TopoTrace Step 0] v0:G1[0.372,0.555,0.073] | v1:G0[0.539,0.230,0.230] | v2:G2[0.275,0.226,0.499] | v3:G2[0.076,0.307,0.617] | v4:G1[0.078,0.600,0.322]
[TopoTrace Step 0] v0:G1[0.372,0.555,0.073] | v1:G0[0.539,0.230,0.230] | v2:G2[0.275,0.226,0.499] | v3:G2[0.076,0.307,0.617] | v4:G1[0.078,0.600,0.322]
[TopoTrace Step 0] v0:G1[0.372,0.555,0.073] | v1:G0[0.539,0.230,0.230] | v2:G2[0.275,0.226,0.499] | v3:G2[0.076,0.307,0.617] | v4:G1[0.078,0.600,0.322]
[TopoTrace Step 0] v0:G1[0.372,0.555,0.073] | v1:G0[0.539,0.230,0.230] | v2:G2[0.275,0.226,0.499] | v3:G2[0.076,0.307,0.617] | v4:G1[0.078,0.600,0.322]
[TopoTrace Step 0] v0:G1[0.372,0.555,0.073] | v1:G0[0.539,0.230,0.230] | v2:G2[0.275,0.226,0.499] | v3:G2[0.076,0.307,0.617] | v4:G1[0.078,0.600,0.322]
[TopoTrace Step 0] v0:G1[0.372,0.555,0.073] | v1:G0[0.539,0.230,0.230] | v2:G2[0.275,0.226,0.499] | v3:G2[0.076,0.307,0.617] | v4:G1[0.078,0.600,0.322]
[TopoTrace Step 0] v0:G1[0.372,0.555,0.073] | v1:G0[0.539,0.230,0.230] | v2:G2[0.275,0.226,0.499] | v3:G2[0.076,0.307,0.617] | v4:G1[0.078,0.600,0.322]
[TopoTrace Step 0] v0:G1[0.372,0.555,0.073] | v1:G0[0.539,0.230,0.230] | v2:G2[0.275,0.226,0.499] | v3:G2[0.076,0.307,0.617] | v4:G1[0.078,0.600,0.322]
[TopoTrace Step 0] v0:G1[0.372,0.555,0.073] | v1:G0[0.539,0.230,0.230] | v2:G2[0.275,0.226,0.499] | v3:G2[0.076,0.307,0.617] | v4:G1[0.078,0.600,0.322]
[TopoTrace Step 0] v0:G1[0.372,0.555,0.073] | v1:G0[0.539,0.230,0.230] | v2:G2[0.275,0.226,0.499] | v3:G2[0.076,0.307,0.617] | v4:G1[0.078,0.600,0.322]
[TopoTrace Step 0] v0:G1[0.372,0.555,0.073] | v1:G0[0.539,0.230,0.230] | v2:G2[0.275,0.226,0.499] | v3:G2[0.076,0.307,0.617] | v4:G1[0.078,0.600,0.322]
[TopoTrace Step 0] v0:G1[0.372,0.555,0.073] | v1:G0[0.539,0.230,0.230] | v2:G2[0.275,0.226,0.499] | v3:G2[0.076,0.307,0.617] | v4:G1[0.078,0.600,0.322]
[TopoTrace Step 0] v0:G1[0.372,0.555,0.073] | v1:G0[0.539,0.230,0.230] | v2:G2[0.275,0.226,0.499] | v3:G2[0.076,0.307,0.617] | v4:G1[0.078,0.600,0.322]
[TopoTrace Step 0] v0:G1[0.372,0.555,0.073] | v1:G0[0.539,0.230,0.230] | v2:G2[0.275,0.226,0.499] | v3:G2[0.076,0.307,0.617] | v4:G1[0.078,0.600,0.322]
[TopoTrace Step 0] v0:G1[0.372,0.555,0.073] | v1:G0[0.539,0.230,0.230] | v2:G2[0.275,0.226,0.499] | v3:G2[0.076,0.307,0.617] | v4:G1[0.078,0.600,0.322]
[TopoTrace Step 0] v0:G1[0.372,0.555,0.073] | v1:G0[0.539,0.230,0.230] | v2:G2[0.275,0.226,0.499] | v3:G2[0.076,0.307,0.617] | v4:G1[0.078,0.600,0.322]
[TopoTrace Step 0] v0:G1[0.372,0.555,0.073] | v1:G0[0.539,0.230,0.230] | v2:G2[0.275,0.226,0.499] | v3:G2[0.076,0.307,0.617] | v4:G1[0.078,0.600,0.322]
[TopoTrace Step 0] v0:G1[0.372,0.555,0.073] | v1:G0[0.539,0.230,0.230] | v2:G2[0.275,0.226,0.499] | v3:G2[0.076,0.307,0.617] | v4:G1[0.078,0.600,0.322]
[TopoTrace Step 0] v0:G1[0.372,0.555,0.073] | v1:G0[0.539,0.230,0.230] | v2:G2[0.275,0.226,0.499] | v3:G2[0.076,0.307,0.617] | v4:G1[0.078,0.600,0.322]
[TopoTrace Step 0] v0:G1[0.372,0.555,0.073] | v1:G0[0.539,0.230,0.230] | v2:G2[0.275,0.226,0.499] | v3:G2[0.076,0.307,0.617] | v4:G1[0.078,0.600,0.322]
[TopoTrace Step 0] v0:G1[0.372,0.555,0.073] | v1:G0[0.539,0.230,0.230] | v2:G2[0.275,0.226,0.499] | v3:G2[0.076,0.307,0.617] | v4:G1[0.078,0.600,0.322]
[TopoTrace Step 0] v0:G1[0.372,0.555,0.073] | v1:G0[0.539,0.230,0.230] | v2:G2[0.275,0.226,0.499] | v3:G2[0.076,0.307,0.617] | v4:G1[0.078,0.600,0.322]
[TopoTrace Step 0] v0:G1[0.372,0.555,0.073] | v1:G0[0.539,0.230,0.230] | v2:G2[0.275,0.226,0.499] | v3:G2[0.076,0.307,0.617] | v4:G1[0.078,0.600,0.322]
[TopoTrace Step 0] v0:G1[0.372,0.555,0.073] | v1:G0[0.539,0.230,0.230] | v2:G2[0.275,0.226,0.499] | v3:G2[0.076,0.307,0.617] | v4:G1[0.078,0.600,0.322]
[TopoTrace Step 0] v0:G1[0.372,0.555,0.073] | v1:G0[0.539,0.230,0.230] | v2:G2[0.275,0.226,0.499] | v3:G2[0.076,0.307,0.617] | v4:G1[0.078,0.600,0.322]
[TopoTrace Step 0] v0:G1[0.372,0.555,0.073] | v1:G0[0.539,0.230,0.230] | v2:G2[0.275,0.226,0.499] | v3:G2[0.076,0.307,0.617] | v4:G1[0.078,0.600,0.322]
[TopoTrace Step 0] v0:G1[0.372,0.555,0.073] | v1:G0[0.539,0.230,0.230] | v2:G2[0.275,0.226,0.499] | v3:G2[0.076,0.307,0.617] | v4:G1[0.078,0.600,0.322]
[TopoTrace Step 0] v0:G1[0.372,0.555,0.073] | v1:G0[0.539,0.230,0.230] | v2:G2[0.275,0.226,0.499] | v3:G2[0.076,0.307,0.617] | v4:G1[0.078,0.600,0.322]
[TopoTrace Step 0] v0:G1[0.372,0.555,0.073] | v1:G0[0.539,0.230,0.230] | v2:G2[0.275,0.226,0.499] | v3:G2[0.076,0.307,0.617] | v4:G1[0.078,0.600,0.322]
[TopoTrace Step 0] v0:G1[0.372,0.555,0.073] | v1:G0[0.539,0.230,0.230] | v2:G2[0.275,0.226,0.499] | v3:G2[0.076,0.307,0.617] | v4:G1[0.078,0.600,0.322]
[TopoTrace Step 0] v0:G1[0.372,0.555,0.073] | v1:G0[0.539,0.230,0.230] | v2:G2[0.275,0.226,0.499] | v3:G2[0.076,0.307,0.617] | v4:G1[0.078,0.600,0.322]
[TopoTrace Step 0] v0:G1[0.372,0.555,0.073] | v1:G0[0.539,0.230,0.230] | v2:G2[0.275,0.226,0.499] | v3:G2[0.076,0.307,0.617] | v4:G1[0.078,0.600,0.322]
[TopoTrace Step 0] v0:G1[0.372,0.555,0.073] | v1:G0[0.539,0.230,0.230] | v2:G2[0.275,0.226,0.499] | v3:G2[0.076,0.307,0.617] | v4:G1[0.078,0.600,0.322]
[TopoTrace Step 0] v0:G1[0.372,0.555,0.073] | v1:G0[0.539,0.230,0.230] | v2:G2[0.275,0.226,0.499] | v3:G2[0.076,0.307,0.617] | v4:G1[0.078,0.600,0.322]
[TopoTrace Step 0] v0:G1[0.372,0.555,0.073] | v1:G0[0.539,0.230,0.230] | v2:G2[0.275,0.226,0.499] | v3:G2[0.076,0.307,0.617] | v4:G1[0.078,0.600,0.322]
[TopoTrace Step 0] v0:G1[0.372,0.555,0.073] | v1:G0[0.539,0.230,0.230] | v2:G2[0.275,0.226,0.499] | v3:G2[0.076,0.307,0.617] | v4:G1[0.078,0.600,0.322]
[TopoTrace Step 0] v0:G1[0.372,0.555,0.073] | v1:G0[0.539,0.230,0.230] | v2:G2[0.275,0.226,0.499] | v3:G2[0.076,0.307,0.617] | v4:G1[0.078,0.600,0.322]
[TopoTrace Step 0] v0:G1[0.372,0.555,0.073] | v1:G0[0.539,0.230,0.230] | v2:G2[0.275,0.226,0.499] | v3:G2[0.076,0.307,0.617] | v4:G1[0.078,0.600,0.322]
[TopoTrace Step 0] v0:G1[0.372,0.555,0.073] | v1:G0[0.539,0.230,0.230] | v2:G2[0.275,0.226,0.499] | v3:G2[0.076,0.307,0.617] | v4:G1[0.078,0.600,0.322]
[TopoTrace Step 0] v0:G1[0.372,0.555,0.073] | v1:G0[0.539,0.230,0.230] | v2:G2[0.275,0.226,0.499] | v3:G2[0.076,0.307,0.617] | v4:G1[0.078,0.600,0.322]
[TopoTrace Step 0] v0:G1[0.372,0.555,0.073] | v1:G0[0.539,0.230,0.230] | v2:G2[0.275,0.226,0.499] | v3:G2[0.076,0.307,0.617] | v4:G1[0.078,0.600,0.322]
[TopoTrace Step 0] v0:G1[0.372,0.555,0.073] | v1:G0[0.539,0.230,0.230] | v2:G2[0.275,0.226,0.499] | v3:G2[0.076,0.307,0.617] | v4:G1[0.078,0.600,0.322][TopoTrace Step 0] v0:G1[0.372,0.555,0.073] | v1:G0[0.539,0.230,0.230] | v2:G2[0.275,0.226,0.499] | v3:G2[0.076,0.307,0.617] | v4:G1[0.078,0.600,0.322]

[TopoTrace Step 0] v0:G1[0.372,0.555,0.073] | v1:G0[0.539,0.230,0.230] | v2:G2[0.275,0.226,0.499] | v3:G2[0.076,0.307,0.617] | v4:G1[0.078,0.600,0.322]
[TopoTrace Step 0] v0:G1[0.372,0.555,0.073] | v1:G0[0.539,0.230,0.230] | v2:G2[0.275,0.226,0.499] | v3:G2[0.076,0.307,0.617] | v4:G1[0.078,0.600,0.322]
[TopoTrace Step 0] v0:G1[0.372,0.555,0.073] | v1:G0[0.539,0.230,0.230] | v2:G2[0.275,0.226,0.499] | v3:G2[0.076,0.307,0.617] | v4:G1[0.078,0.600,0.322]
[TopoTrace Step 0] v0:G1[0.372,0.555,0.073] | v1:G0[0.539,0.230,0.230] | v2:G2[0.275,0.226,0.499] | v3:G2[0.076,0.307,0.617] | v4:G1[0.078,0.600,0.322]
[TopoTrace Step 0] v0:G1[0.372,0.555,0.073] | v1:G0[0.539,0.230,0.230] | v2:G2[0.275,0.226,0.499] | v3:G2[0.076,0.307,0.617] | v4:G1[0.078,0.600,0.322]
[TopoTrace Step 0] v0:G1[0.372,0.555,0.073] | v1:G0[0.539,0.230,0.230] | v2:G2[0.275,0.226,0.499] | v3:G2[0.076,0.307,0.617] | v4:G1[0.078,0.600,0.322]
[TopoTrace Step 0] v0:G1[0.372,0.555,0.073] | v1:G0[0.539,0.230,0.230] | v2:G2[0.275,0.226,0.499] | v3:G2[0.076,0.307,0.617] | v4:G1[0.078,0.600,0.322]
[TopoTrace Step 0] v0:G1[0.372,0.555,0.073] | v1:G0[0.539,0.230,0.230] | v2:G2[0.275,0.226,0.499] | v3:G2[0.076,0.307,0.617] | v4:G1[0.078,0.600,0.322]
[TopoTrace Step 0] v0:G1[0.372,0.555,0.073] | v1:G0[0.539,0.230,0.230] | v2:G2[0.275,0.226,0.499] | v3:G2[0.076,0.307,0.617] | v4:G1[0.078,0.600,0.322]
[TopoTrace Step 0] v0:G1[0.372,0.555,0.073] | v1:G0[0.539,0.230,0.230] | v2:G2[0.275,0.226,0.499] | v3:G2[0.076,0.307,0.617] | v4:G1[0.078,0.600,0.322]
[TopoTrace Step 0] v0:G1[0.372,0.555,0.073] | v1:G0[0.539,0.230,0.230] | v2:G2[0.275,0.226,0.499] | v3:G2[0.076,0.307,0.617] | v4:G1[0.078,0.600,0.322]
[TopoTrace Step 0] v0:G1[0.372,0.555,0.073] | v1:G0[0.539,0.230,0.230] | v2:G2[0.275,0.226,0.499] | v3:G2[0.076,0.307,0.617] | v4:G1[0.078,0.600,0.322]
[TopoTrace Step 0] v0:G1[0.372,0.555,0.073] | v1:G0[0.539,0.230,0.230] | v2:G2[0.275,0.226,0.499] | v3:G2[0.076,0.307,0.617] | v4:G1[0.078,0.600,0.322]
[TopoTrace Step 0] v0:G1[0.372,0.555,0.073] | v1:G0[0.539,0.230,0.230] | v2:G2[0.275,0.226,0.499] | v3:G2[0.076,0.307,0.617] | v4:G1[0.078,0.600,0.322]
[TopoTrace Step 0] v0:G1[0.372,0.555,0.073] | v1:G0[0.539,0.230,0.230] | v2:G2[0.275,0.226,0.499] | v3:G2[0.076,0.307,0.617] | v4:G1[0.078,0.600,0.322]
[TopoTrace Step 0] v0:G1[0.372,0.555,0.073] | v1:G0[0.539,0.230,0.230] | v2:G2[0.275,0.226,0.499] | v3:G2[0.076,0.307,0.617] | v4:G1[0.078,0.600,0.322]
[TopoTrace Step 0] v0:G1[0.372,0.555,0.073] | v1:G0[0.539,0.230,0.230] | v2:G2[0.275,0.226,0.499] | v3:G2[0.076,0.307,0.617] | v4:G1[0.078,0.600,0.322]
[TopoTrace Step 0] v0:G1[0.372,0.555,0.073] | v1:G0[0.539,0.230,0.230] | v2:G2[0.275,0.226,0.499] | v3:G2[0.076,0.307,0.617] | v4:G1[0.078,0.600,0.322]
[TopoTrace Step 0] v0:G1[0.372,0.555,0.073] | v1:G0[0.539,0.230,0.230] | v2:G2[0.275,0.226,0.499] | v3:G2[0.076,0.307,0.617] | v4:G1[0.078,0.600,0.322]
[TopoTrace Step 0] v0:G1[0.372,0.555,0.073] | v1:G0[0.539,0.230,0.230] | v2:G2[0.275,0.226,0.499] | v3:G2[0.076,0.307,0.617] | v4:G1[0.078,0.600,0.322]
[TopoTrace Step 0] v0:G1[0.372,0.555,0.073] | v1:G0[0.539,0.230,0.230] | v2:G2[0.275,0.226,0.499] | v3:G2[0.076,0.307,0.617] | v4:G1[0.078,0.600,0.322]
[TopoTrace Step 0] v0:G1[0.372,0.555,0.073] | v1:G0[0.539,0.230,0.230] | v2:G2[0.275,0.226,0.499] | v3:G2[0.076,0.307,0.617] | v4:G1[0.078,0.600,0.322]
[TopoTrace Step 0] v0:G1[0.372,0.555,0.073] | v1:G0[0.539,0.230,0.230] | v2:G2[0.275,0.226,0.499] | v3:G2[0.076,0.307,0.617] | v4:G1[0.078,0.600,0.322]
[TopoTrace Step 0] v0:G1[0.372,0.555,0.073] | v1:G0[0.539,0.230,0.230] | v2:G2[0.275,0.226,0.499] | v3:G2[0.076,0.307,0.617] | v4:G1[0.078,0.600,0.322]
[TopoTrace Step 0] v0:G1[0.372,0.555,0.073] | v1:G0[0.539,0.230,0.230] | v2:G2[0.275,0.226,0.499] | v3:G2[0.076,0.307,0.617] | v4:G1[0.078,0.600,0.322]
[TopoTrace Step 0] v0:G1[0.372,0.555,0.073] | v1:G0[0.539,0.230,0.230] | v2:G2[0.275,0.226,0.499] | v3:G2[0.076,0.307,0.617] | v4:G1[0.078,0.600,0.322]
[TopoTrace Step 0] v0:G1[0.372,0.555,0.073] | v1:G0[0.539,0.230,0.230] | v2:G2[0.275,0.226,0.499] | v3:G2[0.076,0.307,0.617] | v4:G1[0.078,0.600,0.322]
[TopoTrace Step 0] v0:G1[0.372,0.555,0.073] | v1:G0[0.539,0.230,0.230] | v2:G2[0.275,0.226,0.499] | v3:G2[0.076,0.307,0.617] | v4:G1[0.078,0.600,0.322]
[TopoTrace Step 0] v0:G1[0.372,0.555,0.073] | v1:G0[0.539,0.230,0.230] | v2:G2[0.275,0.226,0.499] | v3:G2[0.076,0.307,0.617] | v4:G1[0.078,0.600,0.322]
[TopoTrace Step 0] v0:G1[0.372,0.555,0.073] | v1:G0[0.539,0.230,0.230] | v2:G2[0.275,0.226,0.499] | v3:G2[0.076,0.307,0.617] | v4:G1[0.078,0.600,0.322]
[TopoTrace Step 0] v0:G1[0.372,0.555,0.073] | v1:G0[0.539,0.230,0.230] | v2:G2[0.275,0.226,0.499] | v3:G2[0.076,0.307,0.617] | v4:G1[0.078,0.600,0.322]
[TopoTrace Step 0] v0:G1[0.372,0.555,0.073] | v1:G0[0.539,0.230,0.230] | v2:G2[0.275,0.226,0.499] | v3:G2[0.076,0.307,0.617] | v4:G1[0.078,0.600,0.322]
[TopoTrace Step 0] v0:G1[0.372,0.555,0.073] | v1:G0[0.539,0.230,0.230] | v2:G2[0.275,0.226,0.499] | v3:G2[0.076,0.307,0.617] | v4:G1[0.078,0.600,0.322]
[TopoTrace Step 0] v0:G1[0.372,0.555,0.073] | v1:G0[0.539,0.230,0.230] | v2:G2[0.275,0.226,0.499] | v3:G2[0.076,0.307,0.617] | v4:G1[0.078,0.600,0.322]
[TopoTrace Step 0] v0:G1[0.372,0.555,0.073] | v1:G0[0.539,0.230,0.230] | v2:G2[0.275,0.226,0.499] | v3:G2[0.076,0.307,0.617] | v4:G1[0.078,0.600,0.322]
[TopoTrace Step 0] v0:G1[0.372,0.555,0.073] | v1:G0[0.539,0.230,0.230] | v2:G2[0.275,0.226,0.499] | v3:G2[0.076,0.307,0.617] | v4:G1[0.078,0.600,0.322]
[TopoTrace Step 0] v0:G1[0.372,0.555,0.073] | v1:G0[0.539,0.230,0.230] | v2:G2[0.275,0.226,0.499] | v3:G2[0.076,0.307,0.617] | v4:G1[0.078,0.600,0.322]
[TopoTrace Step 0] v0:G1[0.372,0.555,0.073] | v1:G0[0.539,0.230,0.230] | v2:G2[0.275,0.226,0.499] | v3:G2[0.076,0.307,0.617] | v4:G1[0.078,0.600,0.322]
[TopoTrace Step 0] v0:G1[0.372,0.555,0.073] | v1:G0[0.539,0.230,0.230] | v2:G2[0.275,0.226,0.499] | v3:G2[0.076,0.307,0.617] | v4:G1[0.078,0.600,0.322]
[TopoTrace Step 0] v0:G1[0.372,0.555,0.073] | v1:G0[0.539,0.230,0.230] | v2:G2[0.275,0.226,0.499] | v3:G2[0.076,0.307,0.617] | v4:G1[0.078,0.600,0.322]
[TopoTrace Step 0] v0:G1[0.372,0.555,0.073] | v1:G0[0.539,0.230,0.230] | v2:G2[0.275,0.226,0.499] | v3:G2[0.076,0.307,0.617] | v4:G1[0.078,0.600,0.322]
[TopoTrace Step 0] v0:G1[0.372,0.555,0.073] | v1:G0[0.539,0.230,0.230] | v2:G2[0.275,0.226,0.499] | v3:G2[0.076,0.307,0.617] | v4:G1[0.078,0.600,0.322]
[TopoTrace Step 0] v0:G1[0.372,0.555,0.073] | v1:G0[0.539,0.230,0.230] | v2:G2[0.275,0.226,0.499] | v3:G2[0.076,0.307,0.617] | v4:G1[0.078,0.600,0.322]
[TopoTrace Step 0] v0:G1[0.372,0.555,0.073] | v1:G0[0.539,0.230,0.230] | v2:G2[0.275,0.226,0.499] | v3:G2[0.076,0.307,0.617] | v4:G1[0.078,0.600,0.322]
[TopoTrace Step 0] v0:G1[0.372,0.555,0.073] | v1:G0[0.539,0.230,0.230] | v2:G2[0.275,0.226,0.499] | v3:G2[0.076,0.307,0.617] | v4:G1[0.078,0.600,0.322]
[TopoTrace Step 0] v0:G1[0.372,0.555,0.073] | v1:G0[0.539,0.230,0.230] | v2:G2[0.275,0.226,0.499] | v3:G2[0.076,0.307,0.617] | v4:G1[0.078,0.600,0.322]
[TopoTrace Step 0] v0:G1[0.372,0.555,0.073] | v1:G0[0.539,0.230,0.230] | v2:G2[0.275,0.226,0.499] | v3:G2[0.076,0.307,0.617] | v4:G1[0.078,0.600,0.322]
[TopoTrace Step 0] v0:G1[0.372,0.555,0.073] | v1:G0[0.539,0.230,0.230] | v2:G2[0.275,0.226,0.499] | v3:G2[0.076,0.307,0.617] | v4:G1[0.078,0.600,0.322]
Epoch: 9 cost time: 64.65083527565002
Epoch: 9, Steps: 294 | Train Loss: 0.4207983 Vali Loss: 0.2869182 Test Loss: 3.9991848
EarlyStopping counter: 7 out of 3
Early stopping
Updating learning rate to 3.90625e-07
[TopoTrace Step 0] v0:G1[0.372,0.555,0.073] | v1:G0[0.539,0.230,0.230] | v2:G2[0.275,0.226,0.499] | v3:G2[0.076,0.307,0.617] | v4:G1[0.078,0.600,0.322]
[TopoTrace Step 0] v0:G1[0.372,0.555,0.073] | v1:G0[0.539,0.230,0.230] | v2:G2[0.275,0.226,0.499] | v3:G2[0.076,0.307,0.617] | v4:G1[0.078,0.600,0.322]
[TopoTrace Step 0] v0:G1[0.372,0.555,0.073] | v1:G0[0.539,0.230,0.230] | v2:G2[0.275,0.226,0.499] | v3:G2[0.076,0.307,0.617] | v4:G1[0.078,0.600,0.322]
[TopoTrace Step 0] v0:G1[0.372,0.555,0.073] | v1:G0[0.539,0.230,0.230] | v2:G2[0.275,0.226,0.499] | v3:G2[0.076,0.307,0.617] | v4:G1[0.078,0.600,0.322]
[TopoTrace Step 0] v0:G1[0.372,0.555,0.073] | v1:G0[0.539,0.230,0.230] | v2:G2[0.275,0.226,0.499] | v3:G2[0.076,0.307,0.617] | v4:G1[0.078,0.600,0.322]
[TopoTrace Step 0] v0:G1[0.372,0.555,0.073] | v1:G0[0.539,0.230,0.230] | v2:G2[0.275,0.226,0.499] | v3:G2[0.076,0.307,0.617] | v4:G1[0.078,0.600,0.322]
[TopoTrace Step 0] v0:G1[0.372,0.555,0.073] | v1:G0[0.539,0.230,0.230] | v2:G2[0.275,0.226,0.499] | v3:G2[0.076,0.307,0.617] | v4:G1[0.078,0.600,0.322]
[TopoTrace Step 0] v0:G1[0.372,0.555,0.073] | v1:G0[0.539,0.230,0.230] | v2:G2[0.275,0.226,0.499] | v3:G2[0.076,0.307,0.617] | v4:G1[0.078,0.600,0.322]
[TopoTrace Step 0] v0:G1[0.372,0.555,0.073] | v1:G0[0.539,0.230,0.230] | v2:G2[0.275,0.226,0.499] | v3:G2[0.076,0.307,0.617] | v4:G1[0.078,0.600,0.322]
[TopoTrace Step 0] v0:G1[0.372,0.555,0.073] | v1:G0[0.539,0.230,0.230] | v2:G2[0.275,0.226,0.499] | v3:G2[0.076,0.307,0.617] | v4:G1[0.078,0.600,0.322]
[TopoTrace Step 0] v0:G1[0.372,0.555,0.073] | v1:G0[0.539,0.230,0.230] | v2:G2[0.275,0.226,0.499] | v3:G2[0.076,0.307,0.617] | v4:G1[0.078,0.600,0.322]
[TopoTrace Step 0] v0:G1[0.372,0.555,0.073] | v1:G0[0.539,0.230,0.230] | v2:G2[0.275,0.226,0.499] | v3:G2[0.076,0.307,0.617] | v4:G1[0.078,0.600,0.322]
[TopoTrace Step 0] v0:G1[0.372,0.555,0.073] | v1:G0[0.539,0.230,0.230] | v2:G2[0.275,0.226,0.499] | v3:G2[0.076,0.307,0.617] | v4:G1[0.078,0.600,0.322][TopoTrace Step 0] v0:G1[0.372,0.555,0.073] | v1:G0[0.539,0.230,0.230] | v2:G2[0.275,0.226,0.499] | v3:G2[0.076,0.307,0.617] | v4:G1[0.078,0.600,0.322]

[TopoTrace Step 0] v0:G1[0.372,0.555,0.073] | v1:G0[0.539,0.230,0.230] | v2:G2[0.275,0.226,0.499] | v3:G2[0.076,0.307,0.617] | v4:G1[0.078,0.600,0.322]
[TopoTrace Step 0] v0:G1[0.372,0.555,0.073] | v1:G0[0.539,0.230,0.230] | v2:G2[0.275,0.226,0.499] | v3:G2[0.076,0.307,0.617] | v4:G1[0.078,0.600,0.322]
[TopoTrace Step 0] v0:G1[0.372,0.555,0.073] | v1:G0[0.539,0.230,0.230] | v2:G2[0.275,0.226,0.499] | v3:G2[0.076,0.307,0.617] | v4:G1[0.078,0.600,0.322]
[TopoTrace Step 0] v0:G1[0.372,0.555,0.073] | v1:G0[0.539,0.230,0.230] | v2:G2[0.275,0.226,0.499] | v3:G2[0.076,0.307,0.617] | v4:G1[0.078,0.600,0.322]
[TopoTrace Step 0] v0:G1[0.372,0.555,0.073] | v1:G0[0.539,0.230,0.230] | v2:G2[0.275,0.226,0.499] | v3:G2[0.076,0.307,0.617] | v4:G1[0.078,0.600,0.322]
[TopoTrace Step 0] v0:G1[0.372,0.555,0.073] | v1:G0[0.539,0.230,0.230] | v2:G2[0.275,0.226,0.499] | v3:G2[0.076,0.307,0.617] | v4:G1[0.078,0.600,0.322]
[TopoTrace Step 0] v0:G1[0.372,0.555,0.073] | v1:G0[0.539,0.230,0.230] | v2:G2[0.275,0.226,0.499] | v3:G2[0.076,0.307,0.617] | v4:G1[0.078,0.600,0.322]
[TopoTrace Step 0] v0:G1[0.372,0.555,0.073] | v1:G0[0.539,0.230,0.230] | v2:G2[0.275,0.226,0.499] | v3:G2[0.076,0.307,0.617] | v4:G1[0.078,0.600,0.322]
[TopoTrace Step 0] v0:G1[0.372,0.555,0.073] | v1:G0[0.539,0.230,0.230] | v2:G2[0.275,0.226,0.499] | v3:G2[0.076,0.307,0.617] | v4:G1[0.078,0.600,0.322]
[TopoTrace Step 0] v0:G1[0.372,0.555,0.073] | v1:G0[0.539,0.230,0.230] | v2:G2[0.275,0.226,0.499] | v3:G2[0.076,0.307,0.617] | v4:G1[0.078,0.600,0.322]
[TopoTrace Step 0] v0:G1[0.372,0.555,0.073] | v1:G0[0.539,0.230,0.230] | v2:G2[0.275,0.226,0.499] | v3:G2[0.076,0.307,0.617] | v4:G1[0.078,0.600,0.322]
[TopoTrace Step 0] v0:G1[0.372,0.555,0.073] | v1:G0[0.539,0.230,0.230] | v2:G2[0.275,0.226,0.499] | v3:G2[0.076,0.307,0.617] | v4:G1[0.078,0.600,0.322]
[TopoTrace Step 0] v0:G1[0.372,0.555,0.073] | v1:G0[0.539,0.230,0.230] | v2:G2[0.275,0.226,0.499] | v3:G2[0.076,0.307,0.617] | v4:G1[0.078,0.600,0.322]
[TopoTrace Step 0] v0:G1[0.372,0.555,0.073] | v1:G0[0.539,0.230,0.230] | v2:G2[0.275,0.226,0.499] | v3:G2[0.076,0.307,0.617] | v4:G1[0.078,0.600,0.322]
[TopoTrace Step 0] v0:G1[0.372,0.555,0.073] | v1:G0[0.539,0.230,0.230] | v2:G2[0.275,0.226,0.499] | v3:G2[0.076,0.307,0.617] | v4:G1[0.078,0.600,0.322]
[TopoTrace Step 0] v0:G1[0.372,0.555,0.073] | v1:G0[0.539,0.230,0.230] | v2:G2[0.275,0.226,0.499] | v3:G2[0.076,0.307,0.617] | v4:G1[0.078,0.600,0.322]
[TopoTrace Step 0] v0:G1[0.372,0.555,0.073] | v1:G0[0.539,0.230,0.230] | v2:G2[0.275,0.226,0.499] | v3:G2[0.076,0.307,0.617] | v4:G1[0.078,0.600,0.322]
[TopoTrace Step 0] v0:G1[0.372,0.555,0.073] | v1:G0[0.539,0.230,0.230] | v2:G2[0.275,0.226,0.499] | v3:G2[0.076,0.307,0.617] | v4:G1[0.078,0.600,0.322]
[TopoTrace Step 0] v0:G1[0.372,0.555,0.073] | v1:G0[0.539,0.230,0.230] | v2:G2[0.275,0.226,0.499] | v3:G2[0.076,0.307,0.617] | v4:G1[0.078,0.600,0.322]
[TopoTrace Step 0] v0:G1[0.372,0.555,0.073] | v1:G0[0.539,0.230,0.230] | v2:G2[0.275,0.226,0.499] | v3:G2[0.076,0.307,0.617] | v4:G1[0.078,0.600,0.322]
[TopoTrace Step 0] v0:G1[0.372,0.555,0.073] | v1:G0[0.539,0.230,0.230] | v2:G2[0.275,0.226,0.499] | v3:G2[0.076,0.307,0.617] | v4:G1[0.078,0.600,0.322]
[TopoTrace Step 0] v0:G1[0.372,0.555,0.073] | v1:G0[0.539,0.230,0.230] | v2:G2[0.275,0.226,0.499] | v3:G2[0.076,0.307,0.617] | v4:G1[0.078,0.600,0.322]
[TopoTrace Step 0] v0:G1[0.372,0.555,0.073] | v1:G0[0.539,0.230,0.230] | v2:G2[0.275,0.226,0.499] | v3:G2[0.076,0.307,0.617] | v4:G1[0.078,0.600,0.322]
[TopoTrace Step 0] v0:G1[0.372,0.555,0.073] | v1:G0[0.539,0.230,0.230] | v2:G2[0.275,0.226,0.499] | v3:G2[0.076,0.307,0.617] | v4:G1[0.078,0.600,0.322]
[TopoTrace Step 0] v0:G1[0.372,0.555,0.073] | v1:G0[0.539,0.230,0.230] | v2:G2[0.275,0.226,0.499] | v3:G2[0.076,0.307,0.617] | v4:G1[0.078,0.600,0.322]
[TopoTrace Step 0] v0:G1[0.372,0.555,0.073] | v1:G0[0.539,0.230,0.230] | v2:G2[0.275,0.226,0.499] | v3:G2[0.076,0.307,0.617] | v4:G1[0.078,0.600,0.322]
[TopoTrace Step 0] v0:G1[0.372,0.555,0.073] | v1:G0[0.539,0.230,0.230] | v2:G2[0.275,0.226,0.499] | v3:G2[0.076,0.307,0.617] | v4:G1[0.078,0.600,0.322]
[TopoTrace Step 0] v0:G1[0.372,0.555,0.073] | v1:G0[0.539,0.230,0.230] | v2:G2[0.275,0.226,0.499] | v3:G2[0.076,0.307,0.617] | v4:G1[0.078,0.600,0.322]
[TopoTrace Step 0] v0:G1[0.372,0.555,0.073] | v1:G0[0.539,0.230,0.230] | v2:G2[0.275,0.226,0.499] | v3:G2[0.076,0.307,0.617] | v4:G1[0.078,0.600,0.322]
[TopoTrace Step 0] v0:G1[0.372,0.555,0.073] | v1:G0[0.539,0.230,0.230] | v2:G2[0.275,0.226,0.499] | v3:G2[0.076,0.307,0.617] | v4:G1[0.078,0.600,0.322]
[TopoTrace Step 0] v0:G1[0.372,0.555,0.073] | v1:G0[0.539,0.230,0.230] | v2:G2[0.275,0.226,0.499] | v3:G2[0.076,0.307,0.617] | v4:G1[0.078,0.600,0.322]
[TopoTrace Step 0] v0:G1[0.372,0.555,0.073] | v1:G0[0.539,0.230,0.230] | v2:G2[0.275,0.226,0.499] | v3:G2[0.076,0.307,0.617] | v4:G1[0.078,0.600,0.322]
[TopoTrace Step 0] v0:G1[0.372,0.555,0.073] | v1:G0[0.539,0.230,0.230] | v2:G2[0.275,0.226,0.499] | v3:G2[0.076,0.307,0.617] | v4:G1[0.078,0.600,0.322]
[TopoTrace Step 0] v0:G1[0.372,0.555,0.073] | v1:G0[0.539,0.230,0.230] | v2:G2[0.275,0.226,0.499] | v3:G2[0.076,0.307,0.617] | v4:G1[0.078,0.600,0.322]
[TopoTrace Step 0] v0:G1[0.372,0.555,0.073] | v1:G0[0.539,0.230,0.230] | v2:G2[0.275,0.226,0.499] | v3:G2[0.076,0.307,0.617] | v4:G1[0.078,0.600,0.322]
[TopoTrace Step 0] v0:G1[0.372,0.555,0.073] | v1:G0[0.539,0.230,0.230] | v2:G2[0.275,0.226,0.499] | v3:G2[0.076,0.307,0.617] | v4:G1[0.078,0.600,0.322]
[TopoTrace Step 0] v0:G1[0.372,0.555,0.073] | v1:G0[0.539,0.230,0.230] | v2:G2[0.275,0.226,0.499] | v3:G2[0.076,0.307,0.617] | v4:G1[0.078,0.600,0.322]
[TopoTrace Step 0] v0:G1[0.372,0.555,0.073] | v1:G0[0.539,0.230,0.230] | v2:G2[0.275,0.226,0.499] | v3:G2[0.076,0.307,0.617] | v4:G1[0.078,0.600,0.322]
[TopoTrace Step 0] v0:G1[0.372,0.555,0.073] | v1:G0[0.539,0.230,0.230] | v2:G2[0.275,0.226,0.499] | v3:G2[0.076,0.307,0.617] | v4:G1[0.078,0.600,0.322]
[TopoTrace Step 0] v0:G1[0.372,0.555,0.073] | v1:G0[0.539,0.230,0.230] | v2:G2[0.275,0.226,0.499] | v3:G2[0.076,0.307,0.617] | v4:G1[0.078,0.600,0.322]
[TopoTrace Step 0] v0:G1[0.372,0.555,0.073] | v1:G0[0.539,0.230,0.230] | v2:G2[0.275,0.226,0.499] | v3:G2[0.076,0.307,0.617] | v4:G1[0.078,0.600,0.322]
[TopoTrace Step 0] v0:G1[0.372,0.555,0.073] | v1:G0[0.539,0.230,0.230] | v2:G2[0.275,0.226,0.499] | v3:G2[0.076,0.307,0.617] | v4:G1[0.078,0.600,0.322]
[TopoTrace Step 0] v0:G1[0.372,0.555,0.073] | v1:G0[0.539,0.230,0.230] | v2:G2[0.275,0.226,0.499] | v3:G2[0.076,0.307,0.617] | v4:G1[0.078,0.600,0.322]
[TopoTrace Step 0] v0:G1[0.372,0.555,0.073] | v1:G0[0.539,0.230,0.230] | v2:G2[0.275,0.226,0.499] | v3:G2[0.076,0.307,0.617] | v4:G1[0.078,0.600,0.322]
[TopoTrace Step 0] v0:G1[0.372,0.555,0.073] | v1:G0[0.539,0.230,0.230] | v2:G2[0.275,0.226,0.499] | v3:G2[0.076,0.307,0.617] | v4:G1[0.078,0.600,0.322]
[TopoTrace Step 0] v0:G1[0.372,0.555,0.073] | v1:G0[0.539,0.230,0.230] | v2:G2[0.275,0.226,0.499] | v3:G2[0.076,0.307,0.617] | v4:G1[0.078,0.600,0.322]
[TopoTrace Step 0] v0:G1[0.372,0.555,0.073] | v1:G0[0.539,0.230,0.230] | v2:G2[0.275,0.226,0.499] | v3:G2[0.076,0.307,0.617] | v4:G1[0.078,0.600,0.322]
[TopoTrace Step 0] v0:G1[0.372,0.555,0.073] | v1:G0[0.539,0.230,0.230] | v2:G2[0.275,0.226,0.499] | v3:G2[0.076,0.307,0.617] | v4:G1[0.078,0.600,0.322]
[TopoTrace Step 0] v0:G1[0.372,0.555,0.073] | v1:G0[0.539,0.230,0.230] | v2:G2[0.275,0.226,0.499] | v3:G2[0.076,0.307,0.617] | v4:G1[0.078,0.600,0.322]
[TopoTrace Step 0] v0:G1[0.372,0.555,0.073] | v1:G0[0.539,0.230,0.230] | v2:G2[0.275,0.226,0.499] | v3:G2[0.076,0.307,0.617] | v4:G1[0.078,0.600,0.322]
[TopoTrace Step 0] v0:G1[0.372,0.555,0.073] | v1:G0[0.539,0.230,0.230] | v2:G2[0.275,0.226,0.499] | v3:G2[0.076,0.307,0.617] | v4:G1[0.078,0.600,0.322]
[TopoTrace Step 0] v0:G1[0.372,0.555,0.073] | v1:G0[0.539,0.230,0.230] | v2:G2[0.275,0.226,0.499] | v3:G2[0.076,0.307,0.617] | v4:G1[0.078,0.600,0.322]
[TopoTrace Step 0] v0:G1[0.372,0.555,0.073] | v1:G0[0.539,0.230,0.230] | v2:G2[0.275,0.226,0.499] | v3:G2[0.076,0.307,0.617] | v4:G1[0.078,0.600,0.322]
[TopoTrace Step 0] v0:G1[0.372,0.555,0.073] | v1:G0[0.539,0.230,0.230] | v2:G2[0.275,0.226,0.499] | v3:G2[0.076,0.307,0.617] | v4:G1[0.078,0.600,0.322]
[TopoTrace Step 0] v0:G1[0.372,0.555,0.073] | v1:G0[0.539,0.230,0.230] | v2:G2[0.275,0.226,0.499] | v3:G2[0.076,0.307,0.617] | v4:G1[0.078,0.600,0.322]
[TopoTrace Step 0] v0:G1[0.372,0.555,0.073] | v1:G0[0.539,0.230,0.230] | v2:G2[0.275,0.226,0.499] | v3:G2[0.076,0.307,0.617] | v4:G1[0.078,0.600,0.322]
[TopoTrace Step 0] v0:G1[0.372,0.555,0.073] | v1:G0[0.539,0.230,0.230] | v2:G2[0.275,0.226,0.499] | v3:G2[0.076,0.307,0.617] | v4:G1[0.078,0.600,0.322]
[TopoTrace Step 0] v0:G1[0.372,0.555,0.073] | v1:G0[0.539,0.230,0.230] | v2:G2[0.275,0.226,0.499] | v3:G2[0.076,0.307,0.617] | v4:G1[0.078,0.600,0.322]
[TopoTrace Step 0] v0:G1[0.372,0.555,0.073] | v1:G0[0.539,0.230,0.230] | v2:G2[0.275,0.226,0.499] | v3:G2[0.076,0.307,0.617] | v4:G1[0.078,0.600,0.322]
[TopoTrace Step 0] v0:G1[0.372,0.555,0.073] | v1:G0[0.539,0.230,0.230] | v2:G2[0.275,0.226,0.499] | v3:G2[0.076,0.307,0.617] | v4:G1[0.078,0.600,0.322]
[TopoTrace Step 0] v0:G1[0.372,0.555,0.073] | v1:G0[0.539,0.230,0.230] | v2:G2[0.275,0.226,0.499] | v3:G2[0.076,0.307,0.617] | v4:G1[0.078,0.600,0.322]
[TopoTrace Step 0] v0:G1[0.372,0.555,0.073] | v1:G0[0.539,0.230,0.230] | v2:G2[0.275,0.226,0.499] | v3:G2[0.076,0.307,0.617] | v4:G1[0.078,0.600,0.322]
[TopoTrace Step 0] v0:G1[0.372,0.555,0.073] | v1:G0[0.539,0.230,0.230] | v2:G2[0.275,0.226,0.499] | v3:G2[0.076,0.307,0.617] | v4:G1[0.078,0.600,0.322]
[TopoTrace Step 0] v0:G1[0.372,0.555,0.073] | v1:G0[0.539,0.230,0.230] | v2:G2[0.275,0.226,0.499] | v3:G2[0.076,0.307,0.617] | v4:G1[0.078,0.600,0.322]
[TopoTrace Step 0] v0:G1[0.372,0.555,0.073] | v1:G0[0.539,0.230,0.230] | v2:G2[0.275,0.226,0.499] | v3:G2[0.076,0.307,0.617] | v4:G1[0.078,0.600,0.322]
[TopoTrace Step 0] v0:G1[0.372,0.555,0.073] | v1:G0[0.539,0.230,0.230] | v2:G2[0.275,0.226,0.499] | v3:G2[0.076,0.307,0.617] | v4:G1[0.078,0.600,0.322]
[TopoTrace Step 0] v0:G1[0.372,0.555,0.073] | v1:G0[0.539,0.230,0.230] | v2:G2[0.275,0.226,0.499] | v3:G2[0.076,0.307,0.617] | v4:G1[0.078,0.600,0.322]
[TopoTrace Step 0] v0:G1[0.372,0.555,0.073] | v1:G0[0.539,0.230,0.230] | v2:G2[0.275,0.226,0.499] | v3:G2[0.076,0.307,0.617] | v4:G1[0.078,0.600,0.322]
[TopoTrace Step 0] v0:G1[0.372,0.555,0.073] | v1:G0[0.539,0.230,0.230] | v2:G2[0.275,0.226,0.499] | v3:G2[0.076,0.307,0.617] | v4:G1[0.078,0.600,0.322]
[TopoTrace Step 0] v0:G1[0.372,0.555,0.073] | v1:G0[0.539,0.230,0.230] | v2:G2[0.275,0.226,0.499] | v3:G2[0.076,0.307,0.617] | v4:G1[0.078,0.600,0.322]
[TopoTrace Step 0] v0:G1[0.372,0.555,0.073] | v1:G0[0.539,0.230,0.230] | v2:G2[0.275,0.226,0.499] | v3:G2[0.076,0.307,0.617] | v4:G1[0.078,0.600,0.322]
[TopoTrace Step 0] v0:G1[0.372,0.555,0.073] | v1:G0[0.539,0.230,0.230] | v2:G2[0.275,0.226,0.499] | v3:G2[0.076,0.307,0.617] | v4:G1[0.078,0.600,0.322]
[TopoTrace Step 0] v0:G1[0.372,0.555,0.073] | v1:G0[0.539,0.230,0.230] | v2:G2[0.275,0.226,0.499] | v3:G2[0.076,0.307,0.617] | v4:G1[0.078,0.600,0.322]
[TopoTrace Step 0] v0:G1[0.372,0.555,0.073] | v1:G0[0.539,0.230,0.230] | v2:G2[0.275,0.226,0.499] | v3:G2[0.076,0.307,0.617] | v4:G1[0.078,0.600,0.322]
[TopoTrace Step 0] v0:G1[0.372,0.555,0.073] | v1:G0[0.539,0.230,0.230] | v2:G2[0.275,0.226,0.499] | v3:G2[0.076,0.307,0.617] | v4:G1[0.078,0.600,0.322]
[TopoTrace Step 0] v0:G1[0.372,0.555,0.073] | v1:G0[0.539,0.230,0.230] | v2:G2[0.275,0.226,0.499] | v3:G2[0.076,0.307,0.617] | v4:G1[0.078,0.600,0.322]
[TopoTrace Step 0] v0:G1[0.372,0.555,0.073] | v1:G0[0.539,0.230,0.230] | v2:G2[0.275,0.226,0.499] | v3:G2[0.076,0.307,0.617] | v4:G1[0.078,0.600,0.322]
[TopoTrace Step 0] v0:G1[0.372,0.555,0.073] | v1:G0[0.539,0.230,0.230] | v2:G2[0.275,0.226,0.499] | v3:G2[0.076,0.307,0.617] | v4:G1[0.078,0.600,0.322]
[TopoTrace Step 0] v0:G1[0.372,0.555,0.073] | v1:G0[0.539,0.230,0.230] | v2:G2[0.275,0.226,0.499] | v3:G2[0.076,0.307,0.617] | v4:G1[0.078,0.600,0.322]
[TopoTrace Step 0] v0:G1[0.372,0.555,0.073] | v1:G0[0.539,0.230,0.230] | v2:G2[0.275,0.226,0.499] | v3:G2[0.076,0.307,0.617] | v4:G1[0.078,0.600,0.322]
[TopoTrace Step 0] v0:G1[0.372,0.555,0.073] | v1:G0[0.539,0.230,0.230] | v2:G2[0.275,0.226,0.499] | v3:G2[0.076,0.307,0.617] | v4:G1[0.078,0.600,0.322]
[TopoTrace Step 0] v0:G1[0.372,0.555,0.073] | v1:G0[0.539,0.230,0.230] | v2:G2[0.275,0.226,0.499] | v3:G2[0.076,0.307,0.617] | v4:G1[0.078,0.600,0.322]
[TopoTrace Step 0] v0:G1[0.372,0.555,0.073] | v1:G0[0.539,0.230,0.230] | v2:G2[0.275,0.226,0.499] | v3:G2[0.076,0.307,0.617] | v4:G1[0.078,0.600,0.322]
[TopoTrace Step 0] v0:G1[0.372,0.555,0.073] | v1:G0[0.539,0.230,0.230] | v2:G2[0.275,0.226,0.499] | v3:G2[0.076,0.307,0.617] | v4:G1[0.078,0.600,0.322]
[TopoTrace Step 0] v0:G1[0.372,0.555,0.073] | v1:G0[0.539,0.230,0.230] | v2:G2[0.275,0.226,0.499] | v3:G2[0.076,0.307,0.617] | v4:G1[0.078,0.600,0.322]
[TopoTrace Step 0] v0:G1[0.372,0.555,0.073] | v1:G0[0.539,0.230,0.230] | v2:G2[0.275,0.226,0.499] | v3:G2[0.076,0.307,0.617] | v4:G1[0.078,0.600,0.322]
[TopoTrace Step 0] v0:G1[0.372,0.555,0.073] | v1:G0[0.539,0.230,0.230] | v2:G2[0.275,0.226,0.499] | v3:G2[0.076,0.307,0.617] | v4:G1[0.078,0.600,0.322]
[TopoTrace Step 0] v0:G1[0.372,0.555,0.073] | v1:G0[0.539,0.230,0.230] | v2:G2[0.275,0.226,0.499] | v3:G2[0.076,0.307,0.617] | v4:G1[0.078,0.600,0.322]
[TopoTrace Step 0] v0:G1[0.372,0.555,0.073] | v1:G0[0.539,0.230,0.230] | v2:G2[0.275,0.226,0.499] | v3:G2[0.076,0.307,0.617] | v4:G1[0.078,0.600,0.322]
[TopoTrace Step 0] v0:G1[0.372,0.555,0.073] | v1:G0[0.539,0.230,0.230] | v2:G2[0.275,0.226,0.499] | v3:G2[0.076,0.307,0.617] | v4:G1[0.078,0.600,0.322]
[TopoTrace Step 0] v0:G1[0.372,0.555,0.073] | v1:G0[0.539,0.230,0.230] | v2:G2[0.275,0.226,0.499] | v3:G2[0.076,0.307,0.617] | v4:G1[0.078,0.600,0.322]
[TopoTrace Step 0] v0:G1[0.372,0.555,0.073] | v1:G0[0.539,0.230,0.230] | v2:G2[0.275,0.226,0.499] | v3:G2[0.076,0.307,0.617] | v4:G1[0.078,0.600,0.322]
[TopoTrace Step 0] v0:G1[0.372,0.555,0.073] | v1:G0[0.539,0.230,0.230] | v2:G2[0.275,0.226,0.499] | v3:G2[0.076,0.307,0.617] | v4:G1[0.078,0.600,0.322]
[TopoTrace Step 0] v0:G1[0.372,0.555,0.073] | v1:G0[0.539,0.230,0.230] | v2:G2[0.275,0.226,0.499] | v3:G2[0.076,0.307,0.617] | v4:G1[0.078,0.600,0.322]
[TopoTrace Step 0] v0:G1[0.372,0.555,0.073] | v1:G0[0.539,0.230,0.230] | v2:G2[0.275,0.226,0.499] | v3:G2[0.076,0.307,0.617] | v4:G1[0.078,0.600,0.322]
[TopoTrace Step 0] v0:G1[0.372,0.555,0.073] | v1:G0[0.539,0.230,0.230] | v2:G2[0.275,0.226,0.499] | v3:G2[0.076,0.307,0.617] | v4:G1[0.078,0.600,0.322]
[TopoTrace Step 0] v0:G1[0.372,0.555,0.073] | v1:G0[0.539,0.230,0.230] | v2:G2[0.275,0.226,0.499] | v3:G2[0.076,0.307,0.617] | v4:G1[0.078,0.600,0.322]
[TopoTrace Step 0] v0:G1[0.372,0.555,0.073] | v1:G0[0.539,0.230,0.230] | v2:G2[0.275,0.226,0.499] | v3:G2[0.076,0.307,0.617] | v4:G1[0.078,0.600,0.322]
[TopoTrace Step 0] v0:G1[0.372,0.555,0.073] | v1:G0[0.539,0.230,0.230] | v2:G2[0.275,0.226,0.499] | v3:G2[0.076,0.307,0.617] | v4:G1[0.078,0.600,0.322]
[TopoTrace Step 0] v0:G1[0.372,0.555,0.073] | v1:G0[0.539,0.230,0.230] | v2:G2[0.275,0.226,0.499] | v3:G2[0.076,0.307,0.617] | v4:G1[0.078,0.600,0.322]
[TopoTrace Step 0] v0:G1[0.372,0.555,0.073] | v1:G0[0.539,0.230,0.230] | v2:G2[0.275,0.226,0.499] | v3:G2[0.076,0.307,0.617] | v4:G1[0.078,0.600,0.322]
[TopoTrace Step 0] v0:G1[0.372,0.555,0.073] | v1:G0[0.539,0.230,0.230] | v2:G2[0.275,0.226,0.499] | v3:G2[0.076,0.307,0.617] | v4:G1[0.078,0.600,0.322]
[TopoTrace Step 0] v0:G1[0.372,0.555,0.073] | v1:G0[0.539,0.230,0.230] | v2:G2[0.275,0.226,0.499] | v3:G2[0.076,0.307,0.617] | v4:G1[0.078,0.600,0.322]
[TopoTrace Step 0] v0:G1[0.372,0.555,0.073] | v1:G0[0.539,0.230,0.230] | v2:G2[0.275,0.226,0.499] | v3:G2[0.076,0.307,0.617] | v4:G1[0.078,0.600,0.322]
[TopoTrace Step 0] v0:G1[0.372,0.555,0.073] | v1:G0[0.539,0.230,0.230] | v2:G2[0.275,0.226,0.499] | v3:G2[0.076,0.307,0.617] | v4:G1[0.078,0.600,0.322]
[TopoTrace Step 0] v0:G1[0.372,0.555,0.073] | v1:G0[0.539,0.230,0.230] | v2:G2[0.275,0.226,0.499] | v3:G2[0.076,0.307,0.617] | v4:G1[0.078,0.600,0.322]
[TopoTrace Step 0] v0:G1[0.372,0.555,0.073] | v1:G0[0.539,0.230,0.230] | v2:G2[0.275,0.226,0.499] | v3:G2[0.076,0.307,0.617] | v4:G1[0.078,0.600,0.322]
[TopoTrace Step 0] v0:G1[0.372,0.555,0.073] | v1:G0[0.539,0.230,0.230] | v2:G2[0.275,0.226,0.499] | v3:G2[0.076,0.307,0.617] | v4:G1[0.078,0.600,0.322]
[TopoTrace Step 0] v0:G1[0.372,0.555,0.073] | v1:G0[0.539,0.230,0.230] | v2:G2[0.275,0.226,0.499] | v3:G2[0.076,0.307,0.617] | v4:G1[0.078,0.600,0.322]
[TopoTrace Step 0] v0:G1[0.372,0.555,0.073] | v1:G0[0.539,0.230,0.230] | v2:G2[0.275,0.226,0.499] | v3:G2[0.076,0.307,0.617] | v4:G1[0.078,0.600,0.322]
[TopoTrace Step 0] v0:G1[0.372,0.555,0.073] | v1:G0[0.539,0.230,0.230] | v2:G2[0.275,0.226,0.499] | v3:G2[0.076,0.307,0.617] | v4:G1[0.078,0.600,0.322]
[TopoTrace Step 0] v0:G1[0.372,0.555,0.073] | v1:G0[0.539,0.230,0.230] | v2:G2[0.275,0.226,0.499] | v3:G2[0.076,0.307,0.617] | v4:G1[0.078,0.600,0.322]
[TopoTrace Step 0] v0:G1[0.372,0.555,0.073] | v1:G0[0.539,0.230,0.230] | v2:G2[0.275,0.226,0.499] | v3:G2[0.076,0.307,0.617] | v4:G1[0.078,0.600,0.322]
[TopoTrace Step 0] v0:G1[0.372,0.555,0.073] | v1:G0[0.539,0.230,0.230] | v2:G2[0.275,0.226,0.499] | v3:G2[0.076,0.307,0.617] | v4:G1[0.078,0.600,0.322]
[TopoTrace Step 0] v0:G1[0.372,0.555,0.073] | v1:G0[0.539,0.230,0.230] | v2:G2[0.275,0.226,0.499] | v3:G2[0.076,0.307,0.617] | v4:G1[0.078,0.600,0.322]
[TopoTrace Step 0] v0:G1[0.372,0.555,0.073] | v1:G0[0.539,0.230,0.230] | v2:G2[0.275,0.226,0.499] | v3:G2[0.076,0.307,0.617] | v4:G1[0.078,0.600,0.322]
[TopoTrace Step 0] v0:G1[0.372,0.555,0.073] | v1:G0[0.539,0.230,0.230] | v2:G2[0.275,0.226,0.499] | v3:G2[0.076,0.307,0.617] | v4:G1[0.078,0.600,0.322]
[TopoTrace Step 0] v0:G1[0.372,0.555,0.073] | v1:G0[0.539,0.230,0.230] | v2:G2[0.275,0.226,0.499] | v3:G2[0.076,0.307,0.617] | v4:G1[0.078,0.600,0.322]
[TopoTrace Step 0] v0:G1[0.372,0.555,0.073] | v1:G0[0.539,0.230,0.230] | v2:G2[0.275,0.226,0.499] | v3:G2[0.076,0.307,0.617] | v4:G1[0.078,0.600,0.322]
[TopoTrace Step 0] v0:G1[0.372,0.555,0.073] | v1:G0[0.539,0.230,0.230] | v2:G2[0.275,0.226,0.499] | v3:G2[0.076,0.307,0.617] | v4:G1[0.078,0.600,0.322]
[TopoTrace Step 0] v0:G1[0.372,0.555,0.073] | v1:G0[0.539,0.230,0.230] | v2:G2[0.275,0.226,0.499] | v3:G2[0.076,0.307,0.617] | v4:G1[0.078,0.600,0.322]
[TopoTrace Step 0] v0:G1[0.372,0.555,0.073] | v1:G0[0.539,0.230,0.230] | v2:G2[0.275,0.226,0.499] | v3:G2[0.076,0.307,0.617] | v4:G1[0.078,0.600,0.322]
[TopoTrace Step 0] v0:G1[0.372,0.555,0.073] | v1:G0[0.539,0.230,0.230] | v2:G2[0.275,0.226,0.499] | v3:G2[0.076,0.307,0.617] | v4:G1[0.078,0.600,0.322]
[TopoTrace Step 0] v0:G1[0.372,0.555,0.073] | v1:G0[0.539,0.230,0.230] | v2:G2[0.275,0.226,0.499] | v3:G2[0.076,0.307,0.617] | v4:G1[0.078,0.600,0.322]
[TopoTrace Step 0] v0:G1[0.372,0.555,0.073] | v1:G0[0.539,0.230,0.230] | v2:G2[0.275,0.226,0.499] | v3:G2[0.076,0.307,0.617] | v4:G1[0.078,0.600,0.322][TopoTrace Step 0] v0:G1[0.372,0.555,0.073] | v1:G0[0.539,0.230,0.230] | v2:G2[0.275,0.226,0.499] | v3:G2[0.076,0.307,0.617] | v4:G1[0.078,0.600,0.322]

[TopoTrace Step 0] v0:G1[0.372,0.555,0.073] | v1:G0[0.539,0.230,0.230] | v2:G2[0.275,0.226,0.499] | v3:G2[0.076,0.307,0.617] | v4:G1[0.078,0.600,0.322]
[TopoTrace Step 0] v0:G1[0.372,0.555,0.073] | v1:G0[0.539,0.230,0.230] | v2:G2[0.275,0.226,0.499] | v3:G2[0.076,0.307,0.617] | v4:G1[0.078,0.600,0.322]
[TopoTrace Step 0] v0:G1[0.372,0.555,0.073] | v1:G0[0.539,0.230,0.230] | v2:G2[0.275,0.226,0.499] | v3:G2[0.076,0.307,0.617] | v4:G1[0.078,0.600,0.322]
[TopoTrace Step 0] v0:G1[0.372,0.555,0.073] | v1:G0[0.539,0.230,0.230] | v2:G2[0.275,0.226,0.499] | v3:G2[0.076,0.307,0.617] | v4:G1[0.078,0.600,0.322]
[TopoTrace Step 0] v0:G1[0.372,0.555,0.073] | v1:G0[0.539,0.230,0.230] | v2:G2[0.275,0.226,0.499] | v3:G2[0.076,0.307,0.617] | v4:G1[0.078,0.600,0.322]
[TopoTrace Step 0] v0:G1[0.372,0.555,0.073] | v1:G0[0.539,0.230,0.230] | v2:G2[0.275,0.226,0.499] | v3:G2[0.076,0.307,0.617] | v4:G1[0.078,0.600,0.322]
[TopoTrace Step 0] v0:G1[0.372,0.555,0.073] | v1:G0[0.539,0.230,0.230] | v2:G2[0.275,0.226,0.499] | v3:G2[0.076,0.307,0.617] | v4:G1[0.078,0.600,0.322]
[TopoTrace Step 0] v0:G1[0.372,0.555,0.073] | v1:G0[0.539,0.230,0.230] | v2:G2[0.275,0.226,0.499] | v3:G2[0.076,0.307,0.617] | v4:G1[0.078,0.600,0.322]
[TopoTrace Step 0] v0:G1[0.372,0.555,0.073] | v1:G0[0.539,0.230,0.230] | v2:G2[0.275,0.226,0.499] | v3:G2[0.076,0.307,0.617] | v4:G1[0.078,0.600,0.322]
[TopoTrace Step 0] v0:G1[0.372,0.555,0.073] | v1:G0[0.539,0.230,0.230] | v2:G2[0.275,0.226,0.499] | v3:G2[0.076,0.307,0.617] | v4:G1[0.078,0.600,0.322]
[TopoTrace Step 0] v0:G1[0.372,0.555,0.073] | v1:G0[0.539,0.230,0.230] | v2:G2[0.275,0.226,0.499] | v3:G2[0.076,0.307,0.617] | v4:G1[0.078,0.600,0.322][TopoTrace Step 0] v0:G1[0.372,0.555,0.073] | v1:G0[0.539,0.230,0.230] | v2:G2[0.275,0.226,0.499] | v3:G2[0.076,0.307,0.617] | v4:G1[0.078,0.600,0.322]

[TopoTrace Step 0] v0:G1[0.372,0.555,0.073] | v1:G0[0.539,0.230,0.230] | v2:G2[0.275,0.226,0.499] | v3:G2[0.076,0.307,0.617] | v4:G1[0.078,0.600,0.322]
[TopoTrace Step 0] v0:G1[0.372,0.555,0.073] | v1:G0[0.539,0.230,0.230] | v2:G2[0.275,0.226,0.499] | v3:G2[0.076,0.307,0.617] | v4:G1[0.078,0.600,0.322]
[TopoTrace Step 0] v0:G1[0.372,0.555,0.073] | v1:G0[0.539,0.230,0.230] | v2:G2[0.275,0.226,0.499] | v3:G2[0.076,0.307,0.617] | v4:G1[0.078,0.600,0.322]
[TopoTrace Step 0] v0:G1[0.372,0.555,0.073] | v1:G0[0.539,0.230,0.230] | v2:G2[0.275,0.226,0.499] | v3:G2[0.076,0.307,0.617] | v4:G1[0.078,0.600,0.322]
[TopoTrace Step 0] v0:G1[0.372,0.555,0.073] | v1:G0[0.539,0.230,0.230] | v2:G2[0.275,0.226,0.499] | v3:G2[0.076,0.307,0.617] | v4:G1[0.078,0.600,0.322]
[TopoTrace Step 0] v0:G1[0.372,0.555,0.073] | v1:G0[0.539,0.230,0.230] | v2:G2[0.275,0.226,0.499] | v3:G2[0.076,0.307,0.617] | v4:G1[0.078,0.600,0.322]
[TopoTrace Step 0] v0:G1[0.372,0.555,0.073] | v1:G0[0.539,0.230,0.230] | v2:G2[0.275,0.226,0.499] | v3:G2[0.076,0.307,0.617] | v4:G1[0.078,0.600,0.322]
[TopoTrace Step 0] v0:G1[0.372,0.555,0.073] | v1:G0[0.539,0.230,0.230] | v2:G2[0.275,0.226,0.499] | v3:G2[0.076,0.307,0.617] | v4:G1[0.078,0.600,0.322]
[TopoTrace Step 0] v0:G1[0.372,0.555,0.073] | v1:G0[0.539,0.230,0.230] | v2:G2[0.275,0.226,0.499] | v3:G2[0.076,0.307,0.617] | v4:G1[0.078,0.600,0.322]
[TopoTrace Step 0] v0:G1[0.372,0.555,0.073] | v1:G0[0.539,0.230,0.230] | v2:G2[0.275,0.226,0.499] | v3:G2[0.076,0.307,0.617] | v4:G1[0.078,0.600,0.322]
[TopoTrace Step 0] v0:G1[0.372,0.555,0.073] | v1:G0[0.539,0.230,0.230] | v2:G2[0.275,0.226,0.499] | v3:G2[0.076,0.307,0.617] | v4:G1[0.078,0.600,0.322]
[TopoTrace Step 0] v0:G1[0.372,0.555,0.073] | v1:G0[0.539,0.230,0.230] | v2:G2[0.275,0.226,0.499] | v3:G2[0.076,0.307,0.617] | v4:G1[0.078,0.600,0.322]
[TopoTrace Step 0] v0:G1[0.372,0.555,0.073] | v1:G0[0.539,0.230,0.230] | v2:G2[0.275,0.226,0.499] | v3:G2[0.076,0.307,0.617] | v4:G1[0.078,0.600,0.322]
[TopoTrace Step 0] v0:G1[0.372,0.555,0.073] | v1:G0[0.539,0.230,0.230] | v2:G2[0.275,0.226,0.499] | v3:G2[0.076,0.307,0.617] | v4:G1[0.078,0.600,0.322]
[TopoTrace Step 0] v0:G1[0.372,0.555,0.073] | v1:G0[0.539,0.230,0.230] | v2:G2[0.275,0.226,0.499] | v3:G2[0.076,0.307,0.617] | v4:G1[0.078,0.600,0.322]
[TopoTrace Step 0] v0:G1[0.372,0.555,0.073] | v1:G0[0.539,0.230,0.230] | v2:G2[0.275,0.226,0.499] | v3:G2[0.076,0.307,0.617] | v4:G1[0.078,0.600,0.322]
[TopoTrace Step 0] v0:G1[0.372,0.555,0.073] | v1:G0[0.539,0.230,0.230] | v2:G2[0.275,0.226,0.499] | v3:G2[0.076,0.307,0.617] | v4:G1[0.078,0.600,0.322]
[TopoTrace Step 0] v0:G1[0.372,0.555,0.073] | v1:G0[0.539,0.230,0.230] | v2:G2[0.275,0.226,0.499] | v3:G2[0.076,0.307,0.617] | v4:G1[0.078,0.600,0.322]
[TopoTrace Step 0] v0:G1[0.372,0.555,0.073] | v1:G0[0.539,0.230,0.230] | v2:G2[0.275,0.226,0.499] | v3:G2[0.076,0.307,0.617] | v4:G1[0.078,0.600,0.322]
[TopoTrace Step 0] v0:G1[0.372,0.555,0.073] | v1:G0[0.539,0.230,0.230] | v2:G2[0.275,0.226,0.499] | v3:G2[0.076,0.307,0.617] | v4:G1[0.078,0.600,0.322]
[TopoTrace Step 0] v0:G1[0.372,0.555,0.073] | v1:G0[0.539,0.230,0.230] | v2:G2[0.275,0.226,0.499] | v3:G2[0.076,0.307,0.617] | v4:G1[0.078,0.600,0.322]
[TopoTrace Step 0] v0:G1[0.372,0.555,0.073] | v1:G0[0.539,0.230,0.230] | v2:G2[0.275,0.226,0.499] | v3:G2[0.076,0.307,0.617] | v4:G1[0.078,0.600,0.322]
[TopoTrace Step 0] v0:G1[0.372,0.555,0.073] | v1:G0[0.539,0.230,0.230] | v2:G2[0.275,0.226,0.499] | v3:G2[0.076,0.307,0.617] | v4:G1[0.078,0.600,0.322]
[TopoTrace Step 0] v0:G1[0.372,0.555,0.073] | v1:G0[0.539,0.230,0.230] | v2:G2[0.275,0.226,0.499] | v3:G2[0.076,0.307,0.617] | v4:G1[0.078,0.600,0.322]
[TopoTrace Step 0] v0:G1[0.372,0.555,0.073] | v1:G0[0.539,0.230,0.230] | v2:G2[0.275,0.226,0.499] | v3:G2[0.076,0.307,0.617] | v4:G1[0.078,0.600,0.322]
[TopoTrace Step 0] v0:G1[0.372,0.555,0.073] | v1:G0[0.539,0.230,0.230] | v2:G2[0.275,0.226,0.499] | v3:G2[0.076,0.307,0.617] | v4:G1[0.078,0.600,0.322]
[TopoTrace Step 0] v0:G1[0.372,0.555,0.073] | v1:G0[0.539,0.230,0.230] | v2:G2[0.275,0.226,0.499] | v3:G2[0.076,0.307,0.617] | v4:G1[0.078,0.600,0.322]
[TopoTrace Step 0] v0:G1[0.372,0.555,0.073] | v1:G0[0.539,0.230,0.230] | v2:G2[0.275,0.226,0.499] | v3:G2[0.076,0.307,0.617] | v4:G1[0.078,0.600,0.322]
[TopoTrace Step 0] v0:G1[0.372,0.555,0.073] | v1:G0[0.540,0.230,0.230] | v2:G2[0.275,0.226,0.499] | v3:G2[0.076,0.307,0.617] | v4:G1[0.078,0.600,0.322]
[TopoTrace Step 0] v0:G1[0.372,0.555,0.073] | v1:G0[0.540,0.230,0.230] | v2:G2[0.275,0.226,0.499] | v3:G2[0.076,0.307,0.617] | v4:G1[0.078,0.600,0.322]
[TopoTrace Step 0] v0:G1[0.372,0.555,0.073] | v1:G0[0.540,0.230,0.230] | v2:G2[0.275,0.226,0.499] | v3:G2[0.076,0.307,0.617] | v4:G1[0.078,0.600,0.322]
[TopoTrace Step 0] v0:G1[0.372,0.555,0.073] | v1:G0[0.540,0.230,0.230] | v2:G2[0.275,0.226,0.499] | v3:G2[0.076,0.307,0.617] | v4:G1[0.078,0.600,0.322]
[TopoTrace Step 0] v0:G1[0.372,0.555,0.073] | v1:G0[0.540,0.230,0.230] | v2:G2[0.275,0.226,0.499] | v3:G2[0.076,0.307,0.617] | v4:G1[0.078,0.600,0.322]
[TopoTrace Step 0] v0:G1[0.372,0.555,0.073] | v1:G0[0.540,0.230,0.230] | v2:G2[0.275,0.226,0.499] | v3:G2[0.076,0.307,0.617] | v4:G1[0.078,0.600,0.322]
[TopoTrace Step 0] v0:G1[0.372,0.555,0.073] | v1:G0[0.540,0.230,0.230] | v2:G2[0.275,0.226,0.499] | v3:G2[0.076,0.307,0.617] | v4:G1[0.078,0.600,0.322]
[TopoTrace Step 0] v0:G1[0.372,0.555,0.073] | v1:G0[0.540,0.230,0.230] | v2:G2[0.275,0.226,0.499] | v3:G2[0.076,0.307,0.617] | v4:G1[0.078,0.600,0.322]
[TopoTrace Step 0] v0:G1[0.372,0.555,0.073] | v1:G0[0.540,0.230,0.230] | v2:G2[0.275,0.226,0.499] | v3:G2[0.076,0.307,0.617] | v4:G1[0.078,0.600,0.322]
[TopoTrace Step 0] v0:G1[0.372,0.555,0.073] | v1:G0[0.540,0.230,0.230] | v2:G2[0.275,0.226,0.499] | v3:G2[0.076,0.307,0.617] | v4:G1[0.078,0.600,0.322]
[TopoTrace Step 0] v0:G1[0.372,0.555,0.073] | v1:G0[0.540,0.230,0.230] | v2:G2[0.275,0.226,0.499] | v3:G2[0.076,0.307,0.617] | v4:G1[0.078,0.600,0.322]
[TopoTrace Step 0] v0:G1[0.372,0.555,0.073] | v1:G0[0.540,0.230,0.230] | v2:G2[0.275,0.226,0.499] | v3:G2[0.076,0.307,0.617] | v4:G1[0.078,0.600,0.322]
[TopoTrace Step 0] v0:G1[0.372,0.555,0.073] | v1:G0[0.540,0.230,0.230] | v2:G2[0.275,0.226,0.499] | v3:G2[0.076,0.307,0.617] | v4:G1[0.078,0.600,0.322]
[TopoTrace Step 0] v0:G1[0.372,0.555,0.073] | v1:G0[0.540,0.230,0.230] | v2:G2[0.275,0.226,0.499] | v3:G2[0.076,0.307,0.617] | v4:G1[0.078,0.600,0.322]
[TopoTrace Step 0] v0:G1[0.372,0.555,0.073] | v1:G0[0.540,0.230,0.230] | v2:G2[0.275,0.226,0.499] | v3:G2[0.076,0.307,0.617] | v4:G1[0.078,0.600,0.322]
[TopoTrace Step 0] v0:G1[0.372,0.555,0.073] | v1:G0[0.540,0.230,0.230] | v2:G2[0.275,0.226,0.499] | v3:G2[0.076,0.307,0.617] | v4:G1[0.078,0.600,0.322]
[TopoTrace Step 0] v0:G1[0.372,0.555,0.073] | v1:G0[0.540,0.230,0.230] | v2:G2[0.275,0.226,0.499] | v3:G2[0.076,0.307,0.617] | v4:G1[0.078,0.600,0.322]
[TopoTrace Step 0] v0:G1[0.372,0.555,0.073] | v1:G0[0.540,0.230,0.230] | v2:G2[0.275,0.226,0.499] | v3:G2[0.076,0.307,0.617] | v4:G1[0.078,0.600,0.322]
[TopoTrace Step 0] v0:G1[0.372,0.555,0.073] | v1:G0[0.540,0.230,0.230] | v2:G2[0.275,0.226,0.499] | v3:G2[0.076,0.307,0.617] | v4:G1[0.078,0.600,0.322]
[TopoTrace Step 0] v0:G1[0.372,0.555,0.073] | v1:G0[0.540,0.230,0.230] | v2:G2[0.275,0.226,0.499] | v3:G2[0.076,0.307,0.617] | v4:G1[0.078,0.600,0.322]
	iters: 100, epoch: 10 | loss: 0.3477691
	speed: 7.8876s/iter; left time: 1538.0896s
[TopoTrace Step 0] v0:G1[0.372,0.555,0.073] | v1:G0[0.540,0.230,0.230] | v2:G2[0.275,0.226,0.499] | v3:G2[0.076,0.307,0.617] | v4:G1[0.078,0.600,0.322]
[TopoTrace Step 0] v0:G1[0.372,0.555,0.073] | v1:G0[0.540,0.230,0.230] | v2:G2[0.275,0.226,0.499] | v3:G2[0.076,0.307,0.617] | v4:G1[0.078,0.600,0.322]
[TopoTrace Step 0] v0:G1[0.372,0.555,0.073] | v1:G0[0.540,0.230,0.230] | v2:G2[0.275,0.226,0.499] | v3:G2[0.076,0.307,0.617] | v4:G1[0.078,0.600,0.322]
[TopoTrace Step 0] v0:G1[0.372,0.555,0.073] | v1:G0[0.540,0.230,0.230] | v2:G2[0.275,0.226,0.499] | v3:G2[0.076,0.307,0.617] | v4:G1[0.078,0.600,0.322]
[TopoTrace Step 0] v0:G1[0.372,0.555,0.073] | v1:G0[0.540,0.230,0.230] | v2:G2[0.275,0.226,0.499] | v3:G2[0.076,0.307,0.617] | v4:G1[0.078,0.600,0.322]
[TopoTrace Step 0] v0:G1[0.372,0.555,0.073] | v1:G0[0.540,0.230,0.230] | v2:G2[0.275,0.226,0.499] | v3:G2[0.076,0.307,0.617] | v4:G1[0.078,0.600,0.322]
[TopoTrace Step 0] v0:G1[0.372,0.555,0.073] | v1:G0[0.540,0.230,0.230] | v2:G2[0.275,0.226,0.499] | v3:G2[0.076,0.307,0.617] | v4:G1[0.078,0.600,0.322]
[TopoTrace Step 0] v0:G1[0.372,0.555,0.073] | v1:G0[0.540,0.230,0.230] | v2:G2[0.275,0.226,0.499] | v3:G2[0.076,0.307,0.617] | v4:G1[0.078,0.600,0.322]
[TopoTrace Step 0] v0:G1[0.372,0.555,0.073] | v1:G0[0.540,0.230,0.230] | v2:G2[0.275,0.226,0.499] | v3:G2[0.076,0.307,0.617] | v4:G1[0.078,0.600,0.322][TopoTrace Step 0] v0:G1[0.372,0.555,0.073] | v1:G0[0.540,0.230,0.230] | v2:G2[0.275,0.226,0.499] | v3:G2[0.076,0.307,0.617] | v4:G1[0.078,0.600,0.322]

[TopoTrace Step 0] v0:G1[0.372,0.555,0.073] | v1:G0[0.540,0.230,0.230] | v2:G2[0.275,0.226,0.499] | v3:G2[0.076,0.307,0.617] | v4:G1[0.078,0.600,0.322]
[TopoTrace Step 0] v0:G1[0.372,0.555,0.073] | v1:G0[0.540,0.230,0.230] | v2:G2[0.275,0.226,0.499] | v3:G2[0.076,0.307,0.617] | v4:G1[0.078,0.600,0.322]
[TopoTrace Step 0] v0:G1[0.372,0.555,0.073] | v1:G0[0.540,0.230,0.230] | v2:G2[0.275,0.226,0.499] | v3:G2[0.076,0.307,0.617] | v4:G1[0.078,0.600,0.322][TopoTrace Step 0] v0:G1[0.372,0.555,0.073] | v1:G0[0.540,0.230,0.230] | v2:G2[0.275,0.226,0.499] | v3:G2[0.076,0.307,0.617] | v4:G1[0.078,0.600,0.322]

[TopoTrace Step 0] v0:G1[0.372,0.555,0.073] | v1:G0[0.540,0.230,0.230] | v2:G2[0.275,0.226,0.499] | v3:G2[0.076,0.307,0.617] | v4:G1[0.078,0.600,0.322]
[TopoTrace Step 0] v0:G1[0.372,0.555,0.073] | v1:G0[0.540,0.230,0.230] | v2:G2[0.275,0.226,0.499] | v3:G2[0.076,0.307,0.617] | v4:G1[0.078,0.600,0.322]
[TopoTrace Step 0] v0:G1[0.372,0.555,0.073] | v1:G0[0.540,0.230,0.230] | v2:G2[0.275,0.226,0.499] | v3:G2[0.076,0.307,0.617] | v4:G1[0.078,0.600,0.322]
[TopoTrace Step 0] v0:G1[0.372,0.555,0.073] | v1:G0[0.540,0.230,0.230] | v2:G2[0.275,0.226,0.499] | v3:G2[0.076,0.307,0.617] | v4:G1[0.078,0.600,0.322]
[TopoTrace Step 0] v0:G1[0.372,0.555,0.073] | v1:G0[0.540,0.230,0.230] | v2:G2[0.275,0.226,0.499] | v3:G2[0.076,0.307,0.617] | v4:G1[0.078,0.600,0.322]
[TopoTrace Step 0] v0:G1[0.372,0.555,0.073] | v1:G0[0.540,0.230,0.230] | v2:G2[0.275,0.226,0.499] | v3:G2[0.076,0.307,0.617] | v4:G1[0.078,0.600,0.322]
[TopoTrace Step 0] v0:G1[0.372,0.555,0.073] | v1:G0[0.540,0.230,0.230] | v2:G2[0.275,0.226,0.499] | v3:G2[0.076,0.307,0.617] | v4:G1[0.078,0.600,0.322]
[TopoTrace Step 0] v0:G1[0.372,0.555,0.073] | v1:G0[0.540,0.230,0.230] | v2:G2[0.275,0.226,0.499] | v3:G2[0.076,0.307,0.617] | v4:G1[0.078,0.600,0.322]
[TopoTrace Step 0] v0:G1[0.372,0.555,0.073] | v1:G0[0.540,0.230,0.230] | v2:G2[0.275,0.226,0.499] | v3:G2[0.076,0.307,0.617] | v4:G1[0.078,0.600,0.322]
[TopoTrace Step 0] v0:G1[0.372,0.555,0.073] | v1:G0[0.540,0.230,0.230] | v2:G2[0.275,0.226,0.499] | v3:G2[0.076,0.307,0.617] | v4:G1[0.078,0.600,0.322]
[TopoTrace Step 0] v0:G1[0.372,0.555,0.073] | v1:G0[0.540,0.230,0.230] | v2:G2[0.275,0.226,0.499] | v3:G2[0.076,0.307,0.617] | v4:G1[0.078,0.600,0.322]
[TopoTrace Step 0] v0:G1[0.372,0.555,0.073] | v1:G0[0.540,0.230,0.230] | v2:G2[0.275,0.226,0.499] | v3:G2[0.076,0.307,0.617] | v4:G1[0.078,0.600,0.322]
[TopoTrace Step 0] v0:G1[0.372,0.555,0.073] | v1:G0[0.540,0.230,0.230] | v2:G2[0.275,0.226,0.499] | v3:G2[0.076,0.307,0.617] | v4:G1[0.078,0.600,0.322]
[TopoTrace Step 0] v0:G1[0.372,0.555,0.073] | v1:G0[0.540,0.230,0.230] | v2:G2[0.275,0.226,0.499] | v3:G2[0.076,0.307,0.617] | v4:G1[0.078,0.600,0.322]
[TopoTrace Step 0] v0:G1[0.372,0.555,0.073] | v1:G0[0.540,0.230,0.230] | v2:G2[0.275,0.226,0.499] | v3:G2[0.076,0.307,0.617] | v4:G1[0.078,0.600,0.322]
[TopoTrace Step 0] v0:G1[0.372,0.555,0.073] | v1:G0[0.540,0.230,0.230] | v2:G2[0.275,0.226,0.499] | v3:G2[0.076,0.307,0.617] | v4:G1[0.078,0.600,0.322]
[TopoTrace Step 0] v0:G1[0.372,0.555,0.073] | v1:G0[0.540,0.230,0.230] | v2:G2[0.275,0.226,0.499] | v3:G2[0.076,0.307,0.617] | v4:G1[0.078,0.600,0.322]
[TopoTrace Step 0] v0:G1[0.372,0.555,0.073] | v1:G0[0.540,0.230,0.230] | v2:G2[0.275,0.226,0.499] | v3:G2[0.076,0.307,0.617] | v4:G1[0.078,0.600,0.322]
[TopoTrace Step 0] v0:G1[0.372,0.555,0.073] | v1:G0[0.540,0.230,0.230] | v2:G2[0.275,0.226,0.499] | v3:G2[0.076,0.307,0.617] | v4:G1[0.078,0.600,0.322]
[TopoTrace Step 0] v0:G1[0.372,0.555,0.073] | v1:G0[0.540,0.230,0.230] | v2:G2[0.275,0.226,0.499] | v3:G2[0.076,0.307,0.617] | v4:G1[0.078,0.600,0.322]
[TopoTrace Step 0] v0:G1[0.372,0.555,0.073] | v1:G0[0.540,0.230,0.230] | v2:G2[0.275,0.226,0.499] | v3:G2[0.076,0.307,0.617] | v4:G1[0.078,0.600,0.322]
[TopoTrace Step 0] v0:G1[0.372,0.555,0.073] | v1:G0[0.540,0.230,0.230] | v2:G2[0.275,0.226,0.499] | v3:G2[0.076,0.307,0.617] | v4:G1[0.078,0.600,0.322]
[TopoTrace Step 0] v0:G1[0.372,0.555,0.073] | v1:G0[0.540,0.230,0.230] | v2:G2[0.275,0.226,0.499] | v3:G2[0.076,0.307,0.617] | v4:G1[0.078,0.600,0.322]
[TopoTrace Step 0] v0:G1[0.372,0.555,0.073] | v1:G0[0.540,0.230,0.230] | v2:G2[0.275,0.226,0.499] | v3:G2[0.076,0.307,0.617] | v4:G1[0.078,0.600,0.322]
[TopoTrace Step 0] v0:G1[0.372,0.555,0.073] | v1:G0[0.540,0.230,0.230] | v2:G2[0.275,0.226,0.499] | v3:G2[0.076,0.307,0.617] | v4:G1[0.078,0.600,0.322]
[TopoTrace Step 0] v0:G1[0.372,0.555,0.073] | v1:G0[0.540,0.230,0.230] | v2:G2[0.275,0.226,0.499] | v3:G2[0.076,0.307,0.617] | v4:G1[0.078,0.600,0.322]
[TopoTrace Step 0] v0:G1[0.372,0.555,0.073] | v1:G0[0.540,0.230,0.230] | v2:G2[0.275,0.226,0.499] | v3:G2[0.076,0.307,0.617] | v4:G1[0.078,0.600,0.322]
[TopoTrace Step 0] v0:G1[0.372,0.555,0.073] | v1:G0[0.540,0.230,0.230] | v2:G2[0.275,0.226,0.499] | v3:G2[0.076,0.307,0.617] | v4:G1[0.078,0.600,0.322]
[TopoTrace Step 0] v0:G1[0.372,0.555,0.073] | v1:G0[0.540,0.230,0.230] | v2:G2[0.275,0.226,0.499] | v3:G2[0.076,0.307,0.617] | v4:G1[0.078,0.600,0.322][TopoTrace Step 0] v0:G1[0.372,0.555,0.073] | v1:G0[0.540,0.230,0.230] | v2:G2[0.275,0.226,0.499] | v3:G2[0.076,0.307,0.617] | v4:G1[0.078,0.600,0.322]

[TopoTrace Step 0] v0:G1[0.372,0.555,0.073] | v1:G0[0.540,0.230,0.230] | v2:G2[0.275,0.226,0.499] | v3:G2[0.076,0.307,0.617] | v4:G1[0.078,0.600,0.322]
[TopoTrace Step 0] v0:G1[0.372,0.555,0.073] | v1:G0[0.540,0.230,0.230] | v2:G2[0.275,0.226,0.499] | v3:G2[0.076,0.307,0.617] | v4:G1[0.078,0.600,0.322]
[TopoTrace Step 0] v0:G1[0.372,0.555,0.073] | v1:G0[0.540,0.230,0.230] | v2:G2[0.275,0.226,0.499] | v3:G2[0.076,0.307,0.617] | v4:G1[0.078,0.600,0.322]
[TopoTrace Step 0] v0:G1[0.372,0.555,0.073] | v1:G0[0.540,0.230,0.230] | v2:G2[0.275,0.226,0.499] | v3:G2[0.076,0.307,0.617] | v4:G1[0.078,0.600,0.322]
[TopoTrace Step 0] v0:G1[0.372,0.555,0.073] | v1:G0[0.540,0.230,0.230] | v2:G2[0.275,0.226,0.499] | v3:G2[0.076,0.307,0.617] | v4:G1[0.078,0.600,0.322]
[TopoTrace Step 0] v0:G1[0.372,0.555,0.073] | v1:G0[0.540,0.230,0.230] | v2:G2[0.275,0.226,0.499] | v3:G2[0.076,0.307,0.617] | v4:G1[0.078,0.600,0.322]
[TopoTrace Step 0] v0:G1[0.372,0.555,0.073] | v1:G0[0.540,0.230,0.230] | v2:G2[0.275,0.226,0.499] | v3:G2[0.076,0.307,0.617] | v4:G1[0.078,0.600,0.322]
[TopoTrace Step 0] v0:G1[0.372,0.555,0.073] | v1:G0[0.540,0.230,0.230] | v2:G2[0.275,0.226,0.499] | v3:G2[0.076,0.307,0.617] | v4:G1[0.078,0.600,0.322]
[TopoTrace Step 0] v0:G1[0.372,0.555,0.073] | v1:G0[0.540,0.230,0.230] | v2:G2[0.275,0.226,0.499] | v3:G2[0.076,0.307,0.617] | v4:G1[0.078,0.600,0.322]
[TopoTrace Step 0] v0:G1[0.372,0.555,0.073] | v1:G0[0.540,0.230,0.230] | v2:G2[0.275,0.226,0.499] | v3:G2[0.076,0.307,0.617] | v4:G1[0.078,0.600,0.322]
[TopoTrace Step 0] v0:G1[0.372,0.555,0.073] | v1:G0[0.540,0.230,0.230] | v2:G2[0.275,0.226,0.499] | v3:G2[0.076,0.307,0.617] | v4:G1[0.078,0.600,0.322]
[TopoTrace Step 0] v0:G1[0.372,0.555,0.073] | v1:G0[0.540,0.230,0.230] | v2:G2[0.275,0.226,0.499] | v3:G2[0.076,0.307,0.617] | v4:G1[0.078,0.600,0.322]
[TopoTrace Step 0] v0:G1[0.372,0.555,0.073] | v1:G0[0.540,0.230,0.230] | v2:G2[0.275,0.226,0.499] | v3:G2[0.076,0.307,0.617] | v4:G1[0.078,0.600,0.322]
[TopoTrace Step 0] v0:G1[0.372,0.555,0.073] | v1:G0[0.540,0.230,0.230] | v2:G2[0.275,0.226,0.499] | v3:G2[0.076,0.307,0.617] | v4:G1[0.078,0.600,0.322]
[TopoTrace Step 0] v0:G1[0.372,0.555,0.073] | v1:G0[0.540,0.230,0.230] | v2:G2[0.275,0.226,0.499] | v3:G2[0.076,0.307,0.617] | v4:G1[0.078,0.600,0.322]
[TopoTrace Step 0] v0:G1[0.372,0.555,0.073] | v1:G0[0.540,0.230,0.230] | v2:G2[0.275,0.226,0.499] | v3:G2[0.076,0.307,0.617] | v4:G1[0.078,0.600,0.322]
[TopoTrace Step 0] v0:G1[0.372,0.555,0.073] | v1:G0[0.540,0.230,0.230] | v2:G2[0.275,0.226,0.499] | v3:G2[0.076,0.307,0.617] | v4:G1[0.078,0.600,0.322]
[TopoTrace Step 0] v0:G1[0.372,0.555,0.073] | v1:G0[0.540,0.230,0.230] | v2:G2[0.275,0.226,0.499] | v3:G2[0.076,0.307,0.617] | v4:G1[0.078,0.600,0.322]
[TopoTrace Step 0] v0:G1[0.372,0.555,0.073] | v1:G0[0.540,0.230,0.230] | v2:G2[0.275,0.226,0.499] | v3:G2[0.076,0.307,0.617] | v4:G1[0.078,0.600,0.322]
[TopoTrace Step 0] v0:G1[0.372,0.555,0.073] | v1:G0[0.540,0.230,0.230] | v2:G2[0.275,0.226,0.499] | v3:G2[0.076,0.307,0.617] | v4:G1[0.078,0.600,0.322]
[TopoTrace Step 0] v0:G1[0.372,0.555,0.073] | v1:G0[0.540,0.230,0.230] | v2:G2[0.275,0.226,0.499] | v3:G2[0.076,0.307,0.617] | v4:G1[0.078,0.600,0.322]
[TopoTrace Step 0] v0:G1[0.372,0.555,0.073] | v1:G0[0.540,0.230,0.230] | v2:G2[0.275,0.226,0.499] | v3:G2[0.076,0.307,0.617] | v4:G1[0.078,0.600,0.322]
[TopoTrace Step 0] v0:G1[0.372,0.555,0.073] | v1:G0[0.540,0.230,0.230] | v2:G2[0.275,0.226,0.499] | v3:G2[0.076,0.307,0.617] | v4:G1[0.078,0.600,0.322]
[TopoTrace Step 0] v0:G1[0.372,0.555,0.073] | v1:G0[0.540,0.230,0.230] | v2:G2[0.275,0.226,0.499] | v3:G2[0.076,0.307,0.617] | v4:G1[0.078,0.600,0.322]
[TopoTrace Step 0] v0:G1[0.372,0.555,0.073] | v1:G0[0.540,0.230,0.230] | v2:G2[0.275,0.226,0.499] | v3:G2[0.076,0.307,0.617] | v4:G1[0.078,0.600,0.322]
[TopoTrace Step 0] v0:G1[0.372,0.555,0.073] | v1:G0[0.540,0.230,0.230] | v2:G2[0.275,0.226,0.499] | v3:G2[0.076,0.307,0.617] | v4:G1[0.078,0.600,0.322]
[TopoTrace Step 0] v0:G1[0.372,0.555,0.073] | v1:G0[0.540,0.230,0.230] | v2:G2[0.275,0.226,0.499] | v3:G2[0.076,0.307,0.617] | v4:G1[0.078,0.600,0.322]
[TopoTrace Step 0] v0:G1[0.372,0.555,0.073] | v1:G0[0.540,0.230,0.230] | v2:G2[0.275,0.226,0.499] | v3:G2[0.076,0.307,0.617] | v4:G1[0.078,0.600,0.322]
[TopoTrace Step 0] v0:G1[0.372,0.555,0.073] | v1:G0[0.540,0.230,0.230] | v2:G2[0.275,0.226,0.499] | v3:G2[0.076,0.307,0.617] | v4:G1[0.078,0.600,0.322]
[TopoTrace Step 0] v0:G1[0.372,0.555,0.073] | v1:G0[0.540,0.230,0.230] | v2:G2[0.275,0.226,0.499] | v3:G2[0.076,0.307,0.617] | v4:G1[0.078,0.600,0.322]
[TopoTrace Step 0] v0:G1[0.372,0.555,0.073] | v1:G0[0.540,0.230,0.230] | v2:G2[0.275,0.226,0.499] | v3:G2[0.076,0.307,0.617] | v4:G1[0.078,0.600,0.322]
[TopoTrace Step 0] v0:G1[0.372,0.555,0.073] | v1:G0[0.540,0.230,0.230] | v2:G2[0.275,0.226,0.499] | v3:G2[0.076,0.307,0.617] | v4:G1[0.078,0.600,0.322]
[TopoTrace Step 0] v0:G1[0.372,0.555,0.073] | v1:G0[0.540,0.230,0.230] | v2:G2[0.275,0.226,0.499] | v3:G2[0.076,0.307,0.617] | v4:G1[0.078,0.600,0.322]
[TopoTrace Step 0] v0:G1[0.372,0.555,0.073] | v1:G0[0.540,0.230,0.230] | v2:G2[0.275,0.226,0.499] | v3:G2[0.076,0.307,0.617] | v4:G1[0.078,0.600,0.322]
[TopoTrace Step 0] v0:G1[0.372,0.555,0.073] | v1:G0[0.540,0.230,0.230] | v2:G2[0.275,0.226,0.499] | v3:G2[0.076,0.307,0.617] | v4:G1[0.078,0.600,0.322]
[TopoTrace Step 0] v0:G1[0.372,0.555,0.073] | v1:G0[0.540,0.230,0.230] | v2:G2[0.275,0.226,0.499] | v3:G2[0.076,0.307,0.617] | v4:G1[0.078,0.600,0.322]
[TopoTrace Step 0] v0:G1[0.372,0.555,0.073] | v1:G0[0.540,0.230,0.230] | v2:G2[0.275,0.226,0.499] | v3:G2[0.076,0.307,0.617] | v4:G1[0.078,0.600,0.322]
[TopoTrace Step 0] v0:G1[0.372,0.555,0.073] | v1:G0[0.540,0.230,0.230] | v2:G2[0.275,0.226,0.499] | v3:G2[0.076,0.307,0.617] | v4:G1[0.078,0.600,0.322]
[TopoTrace Step 0] v0:G1[0.372,0.555,0.073] | v1:G0[0.540,0.230,0.230] | v2:G2[0.275,0.226,0.499] | v3:G2[0.076,0.307,0.617] | v4:G1[0.078,0.600,0.322]
[TopoTrace Step 0] v0:G1[0.372,0.555,0.073] | v1:G0[0.540,0.230,0.230] | v2:G2[0.275,0.226,0.499] | v3:G2[0.076,0.307,0.617] | v4:G1[0.078,0.600,0.322]
[TopoTrace Step 0] v0:G1[0.372,0.555,0.073] | v1:G0[0.540,0.230,0.230] | v2:G2[0.275,0.226,0.499] | v3:G2[0.076,0.307,0.617] | v4:G1[0.078,0.600,0.322]
[TopoTrace Step 0] v0:G1[0.372,0.555,0.073] | v1:G0[0.540,0.230,0.230] | v2:G2[0.275,0.226,0.499] | v3:G2[0.076,0.307,0.617] | v4:G1[0.078,0.600,0.322]
[TopoTrace Step 0] v0:G1[0.372,0.555,0.073] | v1:G0[0.540,0.230,0.230] | v2:G2[0.275,0.226,0.499] | v3:G2[0.076,0.307,0.617] | v4:G1[0.078,0.600,0.322]
[TopoTrace Step 0] v0:G1[0.372,0.555,0.073] | v1:G0[0.540,0.230,0.230] | v2:G2[0.275,0.226,0.499] | v3:G2[0.076,0.307,0.617] | v4:G1[0.078,0.600,0.322]
[TopoTrace Step 0] v0:G1[0.372,0.555,0.073] | v1:G0[0.540,0.230,0.230] | v2:G2[0.275,0.226,0.499] | v3:G2[0.076,0.307,0.617] | v4:G1[0.078,0.600,0.322]
[TopoTrace Step 0] v0:G1[0.372,0.555,0.073] | v1:G0[0.540,0.230,0.230] | v2:G2[0.275,0.226,0.499] | v3:G2[0.076,0.307,0.617] | v4:G1[0.078,0.600,0.322]
[TopoTrace Step 0] v0:G1[0.372,0.555,0.073] | v1:G0[0.540,0.230,0.230] | v2:G2[0.275,0.226,0.499] | v3:G2[0.076,0.307,0.617] | v4:G1[0.078,0.600,0.322]
[TopoTrace Step 0] v0:G1[0.372,0.555,0.073] | v1:G0[0.540,0.230,0.230] | v2:G2[0.275,0.226,0.499] | v3:G2[0.076,0.307,0.617] | v4:G1[0.078,0.600,0.322]
[TopoTrace Step 0] v0:G1[0.372,0.555,0.073] | v1:G0[0.540,0.230,0.230] | v2:G2[0.275,0.226,0.499] | v3:G2[0.076,0.307,0.617] | v4:G1[0.078,0.600,0.322]
[TopoTrace Step 0] v0:G1[0.372,0.555,0.073] | v1:G0[0.540,0.230,0.230] | v2:G2[0.275,0.226,0.499] | v3:G2[0.076,0.307,0.617] | v4:G1[0.078,0.600,0.322]
[TopoTrace Step 0] v0:G1[0.372,0.555,0.073] | v1:G0[0.540,0.230,0.230] | v2:G2[0.275,0.226,0.499] | v3:G2[0.076,0.307,0.617] | v4:G1[0.078,0.600,0.322]
[TopoTrace Step 0] v0:G1[0.372,0.555,0.073] | v1:G0[0.540,0.230,0.230] | v2:G2[0.275,0.226,0.499] | v3:G2[0.076,0.307,0.617] | v4:G1[0.078,0.600,0.322]
[TopoTrace Step 0] v0:G1[0.372,0.555,0.073] | v1:G0[0.540,0.230,0.230] | v2:G2[0.275,0.226,0.499] | v3:G2[0.076,0.307,0.617] | v4:G1[0.078,0.600,0.322]
[TopoTrace Step 0] v0:G1[0.372,0.555,0.073] | v1:G0[0.540,0.230,0.230] | v2:G2[0.275,0.226,0.499] | v3:G2[0.076,0.307,0.617] | v4:G1[0.078,0.600,0.322]
[TopoTrace Step 0] v0:G1[0.372,0.555,0.073] | v1:G0[0.540,0.230,0.230] | v2:G2[0.275,0.226,0.499] | v3:G2[0.076,0.307,0.617] | v4:G1[0.078,0.600,0.322]
[TopoTrace Step 0] v0:G1[0.372,0.555,0.073] | v1:G0[0.540,0.230,0.230] | v2:G2[0.275,0.226,0.499] | v3:G2[0.076,0.307,0.617] | v4:G1[0.078,0.600,0.322]
[TopoTrace Step 0] v0:G1[0.372,0.555,0.073] | v1:G0[0.540,0.230,0.230] | v2:G2[0.275,0.226,0.499] | v3:G2[0.076,0.307,0.617] | v4:G1[0.078,0.600,0.322]
[TopoTrace Step 0] v0:G1[0.372,0.555,0.073] | v1:G0[0.540,0.230,0.230] | v2:G2[0.275,0.226,0.499] | v3:G2[0.076,0.307,0.617] | v4:G1[0.078,0.600,0.322]
[TopoTrace Step 0] v0:G1[0.372,0.555,0.073] | v1:G0[0.540,0.230,0.230] | v2:G2[0.275,0.226,0.499] | v3:G2[0.076,0.307,0.617] | v4:G1[0.078,0.600,0.322]
[TopoTrace Step 0] v0:G1[0.372,0.555,0.073] | v1:G0[0.540,0.230,0.230] | v2:G2[0.275,0.226,0.499] | v3:G2[0.076,0.307,0.617] | v4:G1[0.078,0.600,0.322]
[TopoTrace Step 0] v0:G1[0.372,0.555,0.073] | v1:G0[0.540,0.230,0.230] | v2:G2[0.275,0.226,0.499] | v3:G2[0.076,0.307,0.617] | v4:G1[0.078,0.600,0.322]
[TopoTrace Step 0] v0:G1[0.372,0.555,0.073] | v1:G0[0.540,0.230,0.230] | v2:G2[0.275,0.226,0.499] | v3:G2[0.076,0.307,0.617] | v4:G1[0.078,0.600,0.322]
[TopoTrace Step 0] v0:G1[0.372,0.555,0.073] | v1:G0[0.540,0.230,0.230] | v2:G2[0.275,0.226,0.499] | v3:G2[0.076,0.307,0.617] | v4:G1[0.078,0.600,0.322]
[TopoTrace Step 0] v0:G1[0.372,0.555,0.073] | v1:G0[0.540,0.230,0.230] | v2:G2[0.275,0.226,0.499] | v3:G2[0.076,0.307,0.617] | v4:G1[0.078,0.600,0.322]
[TopoTrace Step 0] v0:G1[0.372,0.555,0.073] | v1:G0[0.540,0.230,0.230] | v2:G2[0.275,0.226,0.499] | v3:G2[0.076,0.307,0.617] | v4:G1[0.078,0.600,0.322]
[TopoTrace Step 0] v0:G1[0.372,0.555,0.073] | v1:G0[0.540,0.230,0.230] | v2:G2[0.275,0.226,0.499] | v3:G2[0.076,0.307,0.617] | v4:G1[0.078,0.600,0.322]
[TopoTrace Step 0] v0:G1[0.372,0.555,0.073] | v1:G0[0.540,0.230,0.230] | v2:G2[0.275,0.226,0.499] | v3:G2[0.076,0.307,0.617] | v4:G1[0.078,0.600,0.322]
[TopoTrace Step 0] v0:G1[0.372,0.555,0.073] | v1:G0[0.540,0.230,0.230] | v2:G2[0.275,0.226,0.499] | v3:G2[0.076,0.307,0.617] | v4:G1[0.078,0.600,0.322]
[TopoTrace Step 0] v0:G1[0.372,0.555,0.073] | v1:G0[0.540,0.230,0.230] | v2:G2[0.275,0.226,0.499] | v3:G2[0.076,0.307,0.617] | v4:G1[0.078,0.600,0.322]
[TopoTrace Step 0] v0:G1[0.372,0.555,0.073] | v1:G0[0.540,0.230,0.230] | v2:G2[0.275,0.226,0.499] | v3:G2[0.076,0.307,0.617] | v4:G1[0.078,0.600,0.322]
[TopoTrace Step 0] v0:G1[0.372,0.555,0.073] | v1:G0[0.540,0.230,0.230] | v2:G2[0.275,0.226,0.499] | v3:G2[0.076,0.307,0.617] | v4:G1[0.078,0.600,0.322]
[TopoTrace Step 0] v0:G1[0.372,0.555,0.073] | v1:G0[0.540,0.230,0.230] | v2:G2[0.275,0.226,0.499] | v3:G2[0.076,0.307,0.617] | v4:G1[0.078,0.600,0.322]
[TopoTrace Step 0] v0:G1[0.372,0.555,0.073] | v1:G0[0.540,0.230,0.230] | v2:G2[0.275,0.226,0.499] | v3:G2[0.076,0.307,0.617] | v4:G1[0.078,0.600,0.322]
[TopoTrace Step 0] v0:G1[0.372,0.555,0.073] | v1:G0[0.540,0.230,0.230] | v2:G2[0.275,0.226,0.499] | v3:G2[0.076,0.307,0.617] | v4:G1[0.078,0.600,0.322]
[TopoTrace Step 0] v0:G1[0.372,0.555,0.073] | v1:G0[0.540,0.230,0.230] | v2:G2[0.275,0.226,0.499] | v3:G2[0.076,0.307,0.617] | v4:G1[0.078,0.600,0.322]
[TopoTrace Step 0] v0:G1[0.372,0.555,0.073] | v1:G0[0.540,0.230,0.230] | v2:G2[0.275,0.226,0.499] | v3:G2[0.076,0.307,0.617] | v4:G1[0.078,0.600,0.322]
[TopoTrace Step 0] v0:G1[0.372,0.555,0.073] | v1:G0[0.540,0.230,0.230] | v2:G2[0.275,0.226,0.499] | v3:G2[0.076,0.307,0.617] | v4:G1[0.078,0.600,0.322]
[TopoTrace Step 0] v0:G1[0.372,0.555,0.073] | v1:G0[0.540,0.230,0.230] | v2:G2[0.275,0.226,0.499] | v3:G2[0.076,0.307,0.617] | v4:G1[0.078,0.600,0.322]
[TopoTrace Step 0] v0:G1[0.372,0.555,0.073] | v1:G0[0.540,0.230,0.230] | v2:G2[0.275,0.226,0.499] | v3:G2[0.076,0.307,0.617] | v4:G1[0.078,0.600,0.322]
[TopoTrace Step 0] v0:G1[0.372,0.555,0.073] | v1:G0[0.540,0.230,0.230] | v2:G2[0.275,0.226,0.499] | v3:G2[0.076,0.307,0.617] | v4:G1[0.078,0.600,0.322]
[TopoTrace Step 0] v0:G1[0.372,0.555,0.073] | v1:G0[0.540,0.230,0.230] | v2:G2[0.275,0.226,0.499] | v3:G2[0.076,0.307,0.617] | v4:G1[0.078,0.600,0.322]
[TopoTrace Step 0] v0:G1[0.372,0.555,0.073] | v1:G0[0.540,0.230,0.230] | v2:G2[0.275,0.226,0.499] | v3:G2[0.076,0.307,0.617] | v4:G1[0.078,0.600,0.322]
[TopoTrace Step 0] v0:G1[0.372,0.555,0.073] | v1:G0[0.540,0.230,0.230] | v2:G2[0.275,0.226,0.499] | v3:G2[0.076,0.307,0.617] | v4:G1[0.078,0.600,0.322]
[TopoTrace Step 0] v0:G1[0.372,0.555,0.073] | v1:G0[0.540,0.230,0.230] | v2:G2[0.275,0.226,0.499] | v3:G2[0.076,0.307,0.617] | v4:G1[0.078,0.600,0.322]
[TopoTrace Step 0] v0:G1[0.372,0.555,0.073] | v1:G0[0.540,0.230,0.230] | v2:G2[0.275,0.226,0.499] | v3:G2[0.076,0.307,0.617] | v4:G1[0.078,0.600,0.322]
[TopoTrace Step 0] v0:G1[0.372,0.555,0.073] | v1:G0[0.540,0.230,0.230] | v2:G2[0.275,0.226,0.499] | v3:G2[0.076,0.307,0.617] | v4:G1[0.078,0.600,0.322]
[TopoTrace Step 0] v0:G1[0.372,0.555,0.073] | v1:G0[0.540,0.230,0.230] | v2:G2[0.275,0.226,0.499] | v3:G2[0.076,0.307,0.617] | v4:G1[0.078,0.600,0.322]
[TopoTrace Step 0] v0:G1[0.372,0.555,0.073] | v1:G0[0.540,0.230,0.230] | v2:G2[0.275,0.226,0.499] | v3:G2[0.076,0.307,0.617] | v4:G1[0.078,0.600,0.322]
[TopoTrace Step 0] v0:G1[0.372,0.555,0.073] | v1:G0[0.540,0.230,0.230] | v2:G2[0.275,0.226,0.499] | v3:G2[0.076,0.307,0.617] | v4:G1[0.078,0.600,0.322]
[TopoTrace Step 0] v0:G1[0.372,0.555,0.073] | v1:G0[0.540,0.230,0.230] | v2:G2[0.275,0.226,0.499] | v3:G2[0.076,0.307,0.617] | v4:G1[0.078,0.600,0.322]
[TopoTrace Step 0] v0:G1[0.372,0.555,0.073] | v1:G0[0.540,0.230,0.230] | v2:G2[0.275,0.226,0.499] | v3:G2[0.076,0.307,0.617] | v4:G1[0.078,0.600,0.322][TopoTrace Step 0] v0:G1[0.372,0.555,0.073] | v1:G0[0.540,0.230,0.230] | v2:G2[0.275,0.226,0.499] | v3:G2[0.076,0.307,0.617] | v4:G1[0.078,0.600,0.322]

[TopoTrace Step 0] v0:G1[0.372,0.555,0.073] | v1:G0[0.540,0.230,0.230] | v2:G2[0.275,0.226,0.499] | v3:G2[0.076,0.307,0.617] | v4:G1[0.078,0.600,0.322]
[TopoTrace Step 0] v0:G1[0.372,0.555,0.073] | v1:G0[0.540,0.230,0.230] | v2:G2[0.275,0.226,0.499] | v3:G2[0.076,0.307,0.617] | v4:G1[0.078,0.600,0.322]
[TopoTrace Step 0] v0:G1[0.372,0.555,0.073] | v1:G0[0.540,0.230,0.230] | v2:G2[0.275,0.226,0.499] | v3:G2[0.076,0.307,0.617] | v4:G1[0.078,0.600,0.322]
[TopoTrace Step 0] v0:G1[0.372,0.555,0.073] | v1:G0[0.540,0.230,0.230] | v2:G2[0.275,0.226,0.499] | v3:G2[0.076,0.307,0.617] | v4:G1[0.078,0.600,0.322]
[TopoTrace Step 0] v0:G1[0.372,0.555,0.073] | v1:G0[0.540,0.230,0.230] | v2:G2[0.275,0.226,0.499] | v3:G2[0.076,0.307,0.617] | v4:G1[0.078,0.600,0.322]
[TopoTrace Step 0] v0:G1[0.372,0.555,0.073] | v1:G0[0.540,0.230,0.230] | v2:G2[0.275,0.226,0.499] | v3:G2[0.076,0.307,0.617] | v4:G1[0.078,0.600,0.322]
[TopoTrace Step 0] v0:G1[0.372,0.555,0.073] | v1:G0[0.540,0.230,0.230] | v2:G2[0.275,0.226,0.499] | v3:G2[0.076,0.307,0.617] | v4:G1[0.078,0.600,0.322]
[TopoTrace Step 0] v0:G1[0.372,0.555,0.073] | v1:G0[0.540,0.230,0.230] | v2:G2[0.275,0.226,0.499] | v3:G2[0.076,0.307,0.617] | v4:G1[0.078,0.600,0.322]
[TopoTrace Step 0] v0:G1[0.372,0.555,0.073] | v1:G0[0.540,0.230,0.230] | v2:G2[0.275,0.226,0.499] | v3:G2[0.076,0.307,0.617] | v4:G1[0.078,0.600,0.322]
[TopoTrace Step 0] v0:G1[0.372,0.555,0.073] | v1:G0[0.540,0.230,0.230] | v2:G2[0.275,0.226,0.499] | v3:G2[0.076,0.307,0.617] | v4:G1[0.078,0.600,0.322]
[TopoTrace Step 0] v0:G1[0.372,0.555,0.073] | v1:G0[0.540,0.230,0.230] | v2:G2[0.275,0.226,0.499] | v3:G2[0.076,0.307,0.617] | v4:G1[0.078,0.600,0.322]
[TopoTrace Step 0] v0:G1[0.372,0.555,0.073] | v1:G0[0.540,0.230,0.230] | v2:G2[0.275,0.226,0.499] | v3:G2[0.076,0.307,0.617] | v4:G1[0.078,0.600,0.322]
[TopoTrace Step 0] v0:G1[0.372,0.555,0.073] | v1:G0[0.540,0.230,0.230] | v2:G2[0.275,0.226,0.499] | v3:G2[0.076,0.307,0.617] | v4:G1[0.078,0.600,0.322]
[TopoTrace Step 0] v0:G1[0.372,0.555,0.073] | v1:G0[0.540,0.230,0.230] | v2:G2[0.275,0.226,0.499] | v3:G2[0.076,0.307,0.617] | v4:G1[0.078,0.600,0.322]
[TopoTrace Step 0] v0:G1[0.372,0.555,0.073] | v1:G0[0.540,0.230,0.230] | v2:G2[0.275,0.226,0.499] | v3:G2[0.076,0.307,0.617] | v4:G1[0.078,0.600,0.322]
[TopoTrace Step 0] v0:G1[0.372,0.555,0.073] | v1:G0[0.540,0.230,0.230] | v2:G2[0.275,0.226,0.499] | v3:G2[0.076,0.307,0.617] | v4:G1[0.078,0.600,0.322]
[TopoTrace Step 0] v0:G1[0.372,0.555,0.073] | v1:G0[0.540,0.230,0.230] | v2:G2[0.275,0.226,0.499] | v3:G2[0.076,0.307,0.617] | v4:G1[0.078,0.600,0.322]
[TopoTrace Step 0] v0:G1[0.372,0.555,0.073] | v1:G0[0.540,0.230,0.230] | v2:G2[0.275,0.226,0.499] | v3:G2[0.076,0.307,0.617] | v4:G1[0.078,0.600,0.322]
[TopoTrace Step 0] v0:G1[0.372,0.555,0.073] | v1:G0[0.540,0.230,0.230] | v2:G2[0.275,0.226,0.499] | v3:G2[0.076,0.307,0.617] | v4:G1[0.078,0.600,0.322]
[TopoTrace Step 0] v0:G1[0.372,0.555,0.073] | v1:G0[0.540,0.230,0.230] | v2:G2[0.275,0.226,0.499] | v3:G2[0.076,0.307,0.617] | v4:G1[0.078,0.600,0.322]
[TopoTrace Step 0] v0:G1[0.372,0.555,0.073] | v1:G0[0.540,0.230,0.230] | v2:G2[0.275,0.226,0.499] | v3:G2[0.076,0.307,0.617] | v4:G1[0.078,0.600,0.322][TopoTrace Step 0] v0:G1[0.372,0.555,0.073] | v1:G0[0.540,0.230,0.230] | v2:G2[0.275,0.226,0.499] | v3:G2[0.076,0.307,0.617] | v4:G1[0.078,0.600,0.322]

[TopoTrace Step 0] v0:G1[0.372,0.555,0.073] | v1:G0[0.540,0.230,0.230] | v2:G2[0.275,0.226,0.499] | v3:G2[0.076,0.307,0.617] | v4:G1[0.078,0.600,0.322]
[TopoTrace Step 0] v0:G1[0.372,0.555,0.073] | v1:G0[0.540,0.230,0.230] | v2:G2[0.275,0.226,0.499] | v3:G2[0.076,0.307,0.617] | v4:G1[0.078,0.600,0.322]
[TopoTrace Step 0] v0:G1[0.372,0.555,0.073] | v1:G0[0.540,0.230,0.230] | v2:G2[0.275,0.226,0.499] | v3:G2[0.076,0.307,0.617] | v4:G1[0.078,0.600,0.322]
[TopoTrace Step 0] v0:G1[0.372,0.555,0.073] | v1:G0[0.540,0.230,0.230] | v2:G2[0.275,0.226,0.499] | v3:G2[0.076,0.307,0.617] | v4:G1[0.078,0.600,0.322]
[TopoTrace Step 0] v0:G1[0.372,0.555,0.073] | v1:G0[0.540,0.230,0.230] | v2:G2[0.275,0.226,0.499] | v3:G2[0.076,0.307,0.617] | v4:G1[0.078,0.600,0.322]
[TopoTrace Step 0] v0:G1[0.372,0.555,0.073] | v1:G0[0.540,0.230,0.230] | v2:G2[0.275,0.226,0.499] | v3:G2[0.076,0.307,0.617] | v4:G1[0.078,0.600,0.322]
[TopoTrace Step 0] v0:G1[0.372,0.555,0.073] | v1:G0[0.540,0.230,0.230] | v2:G2[0.275,0.226,0.499] | v3:G2[0.076,0.307,0.617] | v4:G1[0.078,0.600,0.322]
[TopoTrace Step 0] v0:G1[0.372,0.555,0.073] | v1:G0[0.540,0.230,0.230] | v2:G2[0.275,0.226,0.499] | v3:G2[0.076,0.307,0.617] | v4:G1[0.078,0.600,0.322]
[TopoTrace Step 0] v0:G1[0.372,0.555,0.073] | v1:G0[0.540,0.230,0.230] | v2:G2[0.275,0.226,0.499] | v3:G2[0.076,0.307,0.617] | v4:G1[0.078,0.600,0.322]
[TopoTrace Step 0] v0:G1[0.372,0.555,0.073] | v1:G0[0.540,0.230,0.230] | v2:G2[0.275,0.226,0.499] | v3:G2[0.076,0.307,0.617] | v4:G1[0.078,0.600,0.322]
[TopoTrace Step 0] v0:G1[0.372,0.555,0.073] | v1:G0[0.540,0.230,0.230] | v2:G2[0.275,0.226,0.499] | v3:G2[0.076,0.307,0.617] | v4:G1[0.078,0.600,0.322]
[TopoTrace Step 0] v0:G1[0.372,0.555,0.073] | v1:G0[0.540,0.230,0.230] | v2:G2[0.275,0.226,0.499] | v3:G2[0.076,0.307,0.617] | v4:G1[0.078,0.600,0.322]
[TopoTrace Step 0] v0:G1[0.372,0.555,0.073] | v1:G0[0.540,0.230,0.230] | v2:G2[0.275,0.226,0.499] | v3:G2[0.076,0.307,0.617] | v4:G1[0.078,0.600,0.322]
[TopoTrace Step 0] v0:G1[0.372,0.555,0.073] | v1:G0[0.540,0.230,0.230] | v2:G2[0.275,0.226,0.499] | v3:G2[0.076,0.307,0.617] | v4:G1[0.078,0.600,0.322]
[TopoTrace Step 0] v0:G1[0.372,0.555,0.073] | v1:G0[0.540,0.230,0.230] | v2:G2[0.275,0.226,0.499] | v3:G2[0.076,0.307,0.617] | v4:G1[0.078,0.600,0.322]
[TopoTrace Step 0] v0:G1[0.372,0.555,0.073] | v1:G0[0.540,0.230,0.230] | v2:G2[0.275,0.226,0.499] | v3:G2[0.076,0.307,0.617] | v4:G1[0.078,0.600,0.322]
[TopoTrace Step 0] v0:G1[0.372,0.555,0.073] | v1:G0[0.540,0.230,0.230] | v2:G2[0.275,0.226,0.499] | v3:G2[0.076,0.307,0.617] | v4:G1[0.078,0.600,0.322]
[TopoTrace Step 0] v0:G1[0.372,0.555,0.073] | v1:G0[0.540,0.230,0.230] | v2:G2[0.275,0.226,0.499] | v3:G2[0.076,0.307,0.617] | v4:G1[0.078,0.600,0.322]
[TopoTrace Step 0] v0:G1[0.372,0.555,0.073] | v1:G0[0.540,0.230,0.230] | v2:G2[0.275,0.226,0.499] | v3:G2[0.076,0.307,0.617] | v4:G1[0.078,0.600,0.322]
[TopoTrace Step 0] v0:G1[0.372,0.555,0.073] | v1:G0[0.540,0.230,0.230] | v2:G2[0.275,0.226,0.499] | v3:G2[0.076,0.307,0.617] | v4:G1[0.078,0.600,0.322]
[TopoTrace Step 0] v0:G1[0.372,0.555,0.073] | v1:G0[0.540,0.230,0.230] | v2:G2[0.275,0.226,0.499] | v3:G2[0.076,0.307,0.617] | v4:G1[0.078,0.600,0.322]
[TopoTrace Step 0] v0:G1[0.372,0.555,0.073] | v1:G0[0.540,0.230,0.230] | v2:G2[0.275,0.226,0.499] | v3:G2[0.076,0.307,0.617] | v4:G1[0.078,0.600,0.322]
[TopoTrace Step 0] v0:G1[0.372,0.555,0.073] | v1:G0[0.540,0.230,0.230] | v2:G2[0.275,0.226,0.499] | v3:G2[0.076,0.307,0.617] | v4:G1[0.078,0.600,0.322]
[TopoTrace Step 0] v0:G1[0.372,0.555,0.073] | v1:G0[0.540,0.230,0.230] | v2:G2[0.275,0.226,0.499] | v3:G2[0.076,0.307,0.617] | v4:G1[0.078,0.600,0.322]
[TopoTrace Step 0] v0:G1[0.372,0.555,0.073] | v1:G0[0.540,0.230,0.230] | v2:G2[0.275,0.226,0.499] | v3:G2[0.076,0.307,0.617] | v4:G1[0.078,0.600,0.322]
[TopoTrace Step 0] v0:G1[0.372,0.555,0.073] | v1:G0[0.540,0.230,0.230] | v2:G2[0.275,0.226,0.499] | v3:G2[0.076,0.307,0.617] | v4:G1[0.078,0.600,0.322]
[TopoTrace Step 0] v0:G1[0.372,0.555,0.073] | v1:G0[0.540,0.230,0.230] | v2:G2[0.275,0.226,0.499] | v3:G2[0.076,0.307,0.617] | v4:G1[0.078,0.600,0.322]
[TopoTrace Step 0] v0:G1[0.372,0.555,0.073] | v1:G0[0.540,0.230,0.230] | v2:G2[0.275,0.226,0.499] | v3:G2[0.076,0.307,0.617] | v4:G1[0.078,0.600,0.322]
[TopoTrace Step 0] v0:G1[0.372,0.555,0.073] | v1:G0[0.540,0.230,0.230] | v2:G2[0.275,0.226,0.499] | v3:G2[0.076,0.307,0.617] | v4:G1[0.078,0.600,0.322]
[TopoTrace Step 0] v0:G1[0.372,0.555,0.073] | v1:G0[0.540,0.230,0.230] | v2:G2[0.275,0.226,0.499] | v3:G2[0.076,0.307,0.617] | v4:G1[0.078,0.600,0.322]
[TopoTrace Step 0] v0:G1[0.372,0.555,0.073] | v1:G0[0.540,0.230,0.230] | v2:G2[0.275,0.226,0.499] | v3:G2[0.076,0.307,0.617] | v4:G1[0.078,0.600,0.322]
[TopoTrace Step 0] v0:G1[0.372,0.555,0.073] | v1:G0[0.540,0.230,0.230] | v2:G2[0.275,0.226,0.499] | v3:G2[0.076,0.307,0.617] | v4:G1[0.078,0.600,0.322]
[TopoTrace Step 0] v0:G1[0.372,0.555,0.073] | v1:G0[0.540,0.230,0.230] | v2:G2[0.275,0.226,0.499] | v3:G2[0.076,0.307,0.617] | v4:G1[0.078,0.600,0.322]
[TopoTrace Step 0] v0:G1[0.372,0.555,0.073] | v1:G0[0.540,0.230,0.230] | v2:G2[0.275,0.226,0.499] | v3:G2[0.076,0.307,0.617] | v4:G1[0.078,0.600,0.322]
[TopoTrace Step 0] v0:G1[0.372,0.555,0.073] | v1:G0[0.540,0.230,0.230] | v2:G2[0.275,0.226,0.499] | v3:G2[0.076,0.307,0.617] | v4:G1[0.078,0.600,0.322]
[TopoTrace Step 0] v0:G1[0.372,0.555,0.073] | v1:G0[0.540,0.230,0.230] | v2:G2[0.275,0.226,0.499] | v3:G2[0.076,0.307,0.617] | v4:G1[0.078,0.600,0.322]
[TopoTrace Step 0] v0:G1[0.372,0.555,0.073] | v1:G0[0.540,0.230,0.230] | v2:G2[0.275,0.226,0.499] | v3:G2[0.076,0.307,0.617] | v4:G1[0.078,0.600,0.322]
[TopoTrace Step 0] v0:G1[0.372,0.555,0.073] | v1:G0[0.540,0.230,0.230] | v2:G2[0.275,0.226,0.499] | v3:G2[0.076,0.307,0.617] | v4:G1[0.078,0.600,0.322]
[TopoTrace Step 0] v0:G1[0.372,0.555,0.073] | v1:G0[0.540,0.230,0.230] | v2:G2[0.275,0.226,0.499] | v3:G2[0.076,0.307,0.617] | v4:G1[0.078,0.600,0.322]
[TopoTrace Step 0] v0:G1[0.372,0.555,0.073] | v1:G0[0.540,0.230,0.230] | v2:G2[0.275,0.226,0.499] | v3:G2[0.076,0.307,0.617] | v4:G1[0.078,0.600,0.322]
[TopoTrace Step 0] v0:G1[0.372,0.555,0.073] | v1:G0[0.540,0.230,0.230] | v2:G2[0.275,0.226,0.499] | v3:G2[0.076,0.307,0.617] | v4:G1[0.078,0.600,0.322]
[TopoTrace Step 0] v0:G1[0.372,0.555,0.073] | v1:G0[0.540,0.230,0.230] | v2:G2[0.275,0.226,0.499] | v3:G2[0.076,0.307,0.617] | v4:G1[0.078,0.600,0.322]
	iters: 200, epoch: 10 | loss: 0.2263875
	speed: 0.2020s/iter; left time: 19.1945s
[TopoTrace Step 0] v0:G1[0.372,0.555,0.073] | v1:G0[0.540,0.230,0.230] | v2:G2[0.275,0.226,0.499] | v3:G2[0.076,0.307,0.617] | v4:G1[0.078,0.600,0.322]
[TopoTrace Step 0] v0:G1[0.372,0.555,0.073] | v1:G0[0.540,0.230,0.230] | v2:G2[0.275,0.226,0.499] | v3:G2[0.076,0.307,0.617] | v4:G1[0.078,0.600,0.322]
[TopoTrace Step 0] v0:G1[0.372,0.555,0.073] | v1:G0[0.540,0.230,0.230] | v2:G2[0.275,0.226,0.499] | v3:G2[0.076,0.307,0.617] | v4:G1[0.078,0.600,0.322]
[TopoTrace Step 0] v0:G1[0.372,0.555,0.073] | v1:G0[0.540,0.230,0.230] | v2:G2[0.275,0.226,0.499] | v3:G2[0.076,0.307,0.617] | v4:G1[0.078,0.600,0.322]
[TopoTrace Step 0] v0:G1[0.372,0.555,0.073] | v1:G0[0.540,0.230,0.230] | v2:G2[0.275,0.226,0.499] | v3:G2[0.076,0.307,0.617] | v4:G1[0.078,0.600,0.322]
[TopoTrace Step 0] v0:G1[0.372,0.555,0.073] | v1:G0[0.540,0.230,0.230] | v2:G2[0.275,0.226,0.499] | v3:G2[0.076,0.307,0.617] | v4:G1[0.078,0.600,0.322]
[TopoTrace Step 0] v0:G1[0.372,0.555,0.073] | v1:G0[0.540,0.230,0.230] | v2:G2[0.275,0.226,0.499] | v3:G2[0.076,0.307,0.617] | v4:G1[0.078,0.600,0.322]
[TopoTrace Step 0] v0:G1[0.372,0.555,0.073] | v1:G0[0.540,0.230,0.230] | v2:G2[0.275,0.226,0.499] | v3:G2[0.076,0.307,0.617] | v4:G1[0.078,0.600,0.322]
[TopoTrace Step 0] v0:G1[0.372,0.555,0.073] | v1:G0[0.540,0.230,0.230] | v2:G2[0.275,0.226,0.499] | v3:G2[0.076,0.307,0.617] | v4:G1[0.078,0.600,0.322]
[TopoTrace Step 0] v0:G1[0.372,0.555,0.073] | v1:G0[0.540,0.230,0.230] | v2:G2[0.275,0.226,0.499] | v3:G2[0.076,0.307,0.617] | v4:G1[0.078,0.600,0.322]
[TopoTrace Step 0] v0:G1[0.372,0.555,0.073] | v1:G0[0.540,0.230,0.230] | v2:G2[0.275,0.226,0.499] | v3:G2[0.076,0.307,0.617] | v4:G1[0.078,0.600,0.322]
[TopoTrace Step 0] v0:G1[0.372,0.555,0.073] | v1:G0[0.540,0.230,0.230] | v2:G2[0.275,0.226,0.499] | v3:G2[0.076,0.307,0.617] | v4:G1[0.078,0.600,0.322]
[TopoTrace Step 0] v0:G1[0.372,0.555,0.073] | v1:G0[0.540,0.230,0.230] | v2:G2[0.275,0.226,0.499] | v3:G2[0.076,0.307,0.617] | v4:G1[0.078,0.600,0.322]
[TopoTrace Step 0] v0:G1[0.372,0.555,0.073] | v1:G0[0.540,0.230,0.230] | v2:G2[0.275,0.226,0.499] | v3:G2[0.076,0.307,0.617] | v4:G1[0.078,0.600,0.322]
[TopoTrace Step 0] v0:G1[0.372,0.555,0.073] | v1:G0[0.540,0.230,0.230] | v2:G2[0.275,0.226,0.499] | v3:G2[0.076,0.307,0.617] | v4:G1[0.078,0.600,0.322]
[TopoTrace Step 0] v0:G1[0.372,0.555,0.073] | v1:G0[0.540,0.230,0.230] | v2:G2[0.275,0.226,0.499] | v3:G2[0.076,0.307,0.617] | v4:G1[0.078,0.600,0.322]
[TopoTrace Step 0] v0:G1[0.372,0.555,0.073] | v1:G0[0.540,0.230,0.230] | v2:G2[0.275,0.226,0.499] | v3:G2[0.076,0.307,0.617] | v4:G1[0.078,0.600,0.322]
[TopoTrace Step 0] v0:G1[0.372,0.555,0.073] | v1:G0[0.540,0.230,0.230] | v2:G2[0.275,0.226,0.499] | v3:G2[0.076,0.307,0.617] | v4:G1[0.078,0.600,0.322]
[TopoTrace Step 0] v0:G1[0.372,0.555,0.073] | v1:G0[0.540,0.230,0.230] | v2:G2[0.275,0.226,0.499] | v3:G2[0.076,0.307,0.617] | v4:G1[0.078,0.600,0.322]
[TopoTrace Step 0] v0:G1[0.372,0.555,0.073] | v1:G0[0.540,0.230,0.230] | v2:G2[0.275,0.226,0.499] | v3:G2[0.076,0.307,0.617] | v4:G1[0.078,0.600,0.322]
[TopoTrace Step 0] v0:G1[0.372,0.555,0.073] | v1:G0[0.540,0.230,0.230] | v2:G2[0.275,0.226,0.499] | v3:G2[0.076,0.307,0.617] | v4:G1[0.078,0.600,0.322]
[TopoTrace Step 0] v0:G1[0.372,0.555,0.073] | v1:G0[0.540,0.230,0.230] | v2:G2[0.275,0.226,0.499] | v3:G2[0.076,0.307,0.617] | v4:G1[0.078,0.600,0.322]
[TopoTrace Step 0] v0:G1[0.372,0.555,0.073] | v1:G0[0.540,0.230,0.230] | v2:G2[0.275,0.226,0.499] | v3:G2[0.076,0.307,0.617] | v4:G1[0.078,0.600,0.322]
[TopoTrace Step 0] v0:G1[0.372,0.555,0.073] | v1:G0[0.540,0.230,0.230] | v2:G2[0.275,0.226,0.499] | v3:G2[0.076,0.307,0.617] | v4:G1[0.078,0.600,0.322]
[TopoTrace Step 0] v0:G1[0.372,0.555,0.073] | v1:G0[0.540,0.230,0.230] | v2:G2[0.275,0.226,0.499] | v3:G2[0.076,0.307,0.617] | v4:G1[0.078,0.600,0.322]
[TopoTrace Step 0] v0:G1[0.372,0.555,0.073] | v1:G0[0.540,0.230,0.230] | v2:G2[0.275,0.226,0.499] | v3:G2[0.076,0.307,0.617] | v4:G1[0.078,0.600,0.322]
[TopoTrace Step 0] v0:G1[0.372,0.555,0.073] | v1:G0[0.540,0.230,0.230] | v2:G2[0.275,0.226,0.499] | v3:G2[0.076,0.307,0.617] | v4:G1[0.078,0.600,0.322]
[TopoTrace Step 0] v0:G1[0.372,0.555,0.073] | v1:G0[0.540,0.230,0.230] | v2:G2[0.275,0.226,0.499] | v3:G2[0.076,0.307,0.617] | v4:G1[0.078,0.600,0.322]
[TopoTrace Step 0] v0:G1[0.372,0.555,0.073] | v1:G0[0.540,0.230,0.230] | v2:G2[0.275,0.226,0.499] | v3:G2[0.076,0.307,0.617] | v4:G1[0.078,0.600,0.322]
[TopoTrace Step 0] v0:G1[0.372,0.555,0.073] | v1:G0[0.540,0.230,0.230] | v2:G2[0.275,0.226,0.499] | v3:G2[0.076,0.307,0.617] | v4:G1[0.078,0.600,0.322]
[TopoTrace Step 0] v0:G1[0.372,0.555,0.073] | v1:G0[0.540,0.230,0.230] | v2:G2[0.275,0.226,0.499] | v3:G2[0.076,0.307,0.617] | v4:G1[0.078,0.600,0.322]
[TopoTrace Step 0] v0:G1[0.372,0.555,0.073] | v1:G0[0.540,0.230,0.230] | v2:G2[0.275,0.226,0.499] | v3:G2[0.076,0.307,0.617] | v4:G1[0.078,0.600,0.322]
[TopoTrace Step 0] v0:G1[0.372,0.555,0.073] | v1:G0[0.540,0.230,0.230] | v2:G2[0.275,0.226,0.499] | v3:G2[0.076,0.307,0.617] | v4:G1[0.078,0.600,0.322]
[TopoTrace Step 0] v0:G1[0.372,0.555,0.073] | v1:G0[0.540,0.230,0.230] | v2:G2[0.275,0.226,0.499] | v3:G2[0.076,0.307,0.617] | v4:G1[0.078,0.600,0.322]
[TopoTrace Step 0] v0:G1[0.372,0.555,0.073] | v1:G0[0.540,0.230,0.230] | v2:G2[0.275,0.226,0.499] | v3:G2[0.076,0.307,0.617] | v4:G1[0.078,0.600,0.322]
[TopoTrace Step 0] v0:G1[0.372,0.555,0.073] | v1:G0[0.540,0.230,0.230] | v2:G2[0.275,0.226,0.499] | v3:G2[0.076,0.307,0.617] | v4:G1[0.078,0.600,0.322]
[TopoTrace Step 0] v0:G1[0.372,0.555,0.073] | v1:G0[0.540,0.230,0.230] | v2:G2[0.275,0.226,0.499] | v3:G2[0.076,0.307,0.617] | v4:G1[0.078,0.600,0.322]
[TopoTrace Step 0] v0:G1[0.372,0.555,0.073] | v1:G0[0.540,0.230,0.230] | v2:G2[0.275,0.226,0.499] | v3:G2[0.076,0.307,0.617] | v4:G1[0.078,0.600,0.322]
[TopoTrace Step 0] v0:G1[0.372,0.555,0.073] | v1:G0[0.540,0.230,0.230] | v2:G2[0.275,0.226,0.499] | v3:G2[0.076,0.307,0.617] | v4:G1[0.078,0.600,0.322]
[TopoTrace Step 0] v0:G1[0.372,0.555,0.073] | v1:G0[0.540,0.230,0.230] | v2:G2[0.275,0.226,0.499] | v3:G2[0.076,0.307,0.617] | v4:G1[0.078,0.600,0.322]
[TopoTrace Step 0] v0:G1[0.372,0.555,0.073] | v1:G0[0.540,0.230,0.230] | v2:G2[0.275,0.226,0.499] | v3:G2[0.076,0.307,0.617] | v4:G1[0.078,0.600,0.322]
[TopoTrace Step 0] v0:G1[0.372,0.555,0.073] | v1:G0[0.540,0.230,0.230] | v2:G2[0.275,0.226,0.499] | v3:G2[0.076,0.307,0.617] | v4:G1[0.078,0.600,0.322]
[TopoTrace Step 0] v0:G1[0.372,0.555,0.073] | v1:G0[0.540,0.230,0.230] | v2:G2[0.275,0.226,0.499] | v3:G2[0.076,0.307,0.617] | v4:G1[0.078,0.600,0.322]
[TopoTrace Step 0] v0:G1[0.372,0.555,0.073] | v1:G0[0.540,0.230,0.230] | v2:G2[0.275,0.226,0.499] | v3:G2[0.076,0.307,0.617] | v4:G1[0.078,0.600,0.322]
[TopoTrace Step 0] v0:G1[0.372,0.555,0.073] | v1:G0[0.540,0.230,0.230] | v2:G2[0.275,0.226,0.499] | v3:G2[0.076,0.307,0.617] | v4:G1[0.078,0.600,0.322]
[TopoTrace Step 0] v0:G1[0.372,0.555,0.073] | v1:G0[0.540,0.230,0.230] | v2:G2[0.275,0.226,0.499] | v3:G2[0.076,0.307,0.617] | v4:G1[0.078,0.600,0.322]
[TopoTrace Step 0] v0:G1[0.372,0.555,0.073] | v1:G0[0.540,0.230,0.230] | v2:G2[0.275,0.226,0.499] | v3:G2[0.076,0.307,0.617] | v4:G1[0.078,0.600,0.322]
[TopoTrace Step 0] v0:G1[0.372,0.555,0.073] | v1:G0[0.540,0.230,0.230] | v2:G2[0.275,0.226,0.499] | v3:G2[0.076,0.307,0.617] | v4:G1[0.078,0.600,0.322]
[TopoTrace Step 0] v0:G1[0.372,0.555,0.073] | v1:G0[0.540,0.230,0.230] | v2:G2[0.275,0.226,0.499] | v3:G2[0.076,0.307,0.617] | v4:G1[0.078,0.600,0.322]
[TopoTrace Step 0] v0:G1[0.372,0.555,0.073] | v1:G0[0.540,0.230,0.230] | v2:G2[0.275,0.226,0.499] | v3:G2[0.076,0.307,0.617] | v4:G1[0.078,0.600,0.322]
[TopoTrace Step 0] v0:G1[0.372,0.555,0.073] | v1:G0[0.540,0.230,0.230] | v2:G2[0.275,0.226,0.499] | v3:G2[0.076,0.307,0.617] | v4:G1[0.078,0.600,0.322]
[TopoTrace Step 0] v0:G1[0.372,0.555,0.073] | v1:G0[0.540,0.230,0.230] | v2:G2[0.275,0.226,0.499] | v3:G2[0.076,0.307,0.617] | v4:G1[0.078,0.600,0.322]
[TopoTrace Step 0] v0:G1[0.372,0.555,0.073] | v1:G0[0.540,0.230,0.230] | v2:G2[0.275,0.226,0.499] | v3:G2[0.076,0.307,0.617] | v4:G1[0.078,0.600,0.322]
[TopoTrace Step 0] v0:G1[0.372,0.555,0.073] | v1:G0[0.540,0.230,0.230] | v2:G2[0.275,0.226,0.499] | v3:G2[0.076,0.307,0.617] | v4:G1[0.078,0.600,0.322]
[TopoTrace Step 0] v0:G1[0.372,0.555,0.073] | v1:G0[0.540,0.230,0.230] | v2:G2[0.275,0.226,0.499] | v3:G2[0.076,0.307,0.617] | v4:G1[0.078,0.600,0.322]
[TopoTrace Step 0] v0:G1[0.372,0.555,0.073] | v1:G0[0.540,0.230,0.230] | v2:G2[0.275,0.226,0.499] | v3:G2[0.076,0.307,0.617] | v4:G1[0.078,0.600,0.322]
[TopoTrace Step 0] v0:G1[0.372,0.555,0.073] | v1:G0[0.540,0.230,0.230] | v2:G2[0.275,0.226,0.499] | v3:G2[0.076,0.307,0.617] | v4:G1[0.078,0.600,0.322]
[TopoTrace Step 0] v0:G1[0.372,0.555,0.073] | v1:G0[0.540,0.230,0.230] | v2:G2[0.275,0.226,0.499] | v3:G2[0.076,0.307,0.617] | v4:G1[0.078,0.600,0.322]
[TopoTrace Step 0] v0:G1[0.372,0.555,0.073] | v1:G0[0.540,0.230,0.230] | v2:G2[0.275,0.226,0.499] | v3:G2[0.076,0.307,0.617] | v4:G1[0.078,0.600,0.322]
[TopoTrace Step 0] v0:G1[0.372,0.555,0.073] | v1:G0[0.540,0.230,0.230] | v2:G2[0.275,0.226,0.499] | v3:G2[0.076,0.307,0.617] | v4:G1[0.078,0.600,0.322]
[TopoTrace Step 0] v0:G1[0.372,0.555,0.073] | v1:G0[0.540,0.230,0.230] | v2:G2[0.275,0.226,0.499] | v3:G2[0.076,0.307,0.617] | v4:G1[0.078,0.600,0.322][TopoTrace Step 0] v0:G1[0.372,0.555,0.073] | v1:G0[0.540,0.230,0.230] | v2:G2[0.275,0.226,0.499] | v3:G2[0.076,0.307,0.617] | v4:G1[0.078,0.600,0.322]

[TopoTrace Step 0] v0:G1[0.372,0.555,0.073] | v1:G0[0.540,0.230,0.230] | v2:G2[0.275,0.226,0.499] | v3:G2[0.076,0.307,0.617] | v4:G1[0.078,0.600,0.322][TopoTrace Step 0] v0:G1[0.372,0.555,0.073] | v1:G0[0.540,0.230,0.230] | v2:G2[0.275,0.226,0.499] | v3:G2[0.076,0.307,0.617] | v4:G1[0.078,0.600,0.322]

[TopoTrace Step 0] v0:G1[0.372,0.555,0.073] | v1:G0[0.540,0.230,0.230] | v2:G2[0.275,0.226,0.499] | v3:G2[0.076,0.307,0.617] | v4:G1[0.078,0.600,0.322]
[TopoTrace Step 0] v0:G1[0.372,0.555,0.073] | v1:G0[0.540,0.230,0.230] | v2:G2[0.275,0.226,0.499] | v3:G2[0.076,0.307,0.617] | v4:G1[0.078,0.600,0.322]
[TopoTrace Step 0] v0:G1[0.372,0.555,0.073] | v1:G0[0.540,0.230,0.230] | v2:G2[0.275,0.226,0.499] | v3:G2[0.076,0.307,0.617] | v4:G1[0.078,0.600,0.322]
[TopoTrace Step 0] v0:G1[0.372,0.555,0.073] | v1:G0[0.540,0.230,0.230] | v2:G2[0.275,0.226,0.499] | v3:G2[0.076,0.307,0.617] | v4:G1[0.078,0.600,0.322]
[TopoTrace Step 0] v0:G1[0.372,0.555,0.073] | v1:G0[0.540,0.230,0.230] | v2:G2[0.275,0.226,0.499] | v3:G2[0.076,0.307,0.617] | v4:G1[0.078,0.600,0.322]
[TopoTrace Step 0] v0:G1[0.372,0.555,0.073] | v1:G0[0.540,0.230,0.230] | v2:G2[0.275,0.226,0.499] | v3:G2[0.076,0.307,0.617] | v4:G1[0.078,0.600,0.322]
[TopoTrace Step 0] v0:G1[0.372,0.555,0.073] | v1:G0[0.540,0.230,0.230] | v2:G2[0.275,0.226,0.499] | v3:G2[0.076,0.307,0.617] | v4:G1[0.078,0.600,0.322]
[TopoTrace Step 0] v0:G1[0.372,0.555,0.073] | v1:G0[0.540,0.230,0.230] | v2:G2[0.275,0.226,0.499] | v3:G2[0.076,0.307,0.617] | v4:G1[0.078,0.600,0.322]
[TopoTrace Step 0] v0:G1[0.372,0.555,0.073] | v1:G0[0.540,0.230,0.230] | v2:G2[0.275,0.226,0.499] | v3:G2[0.076,0.307,0.617] | v4:G1[0.078,0.600,0.322]
[TopoTrace Step 0] v0:G1[0.372,0.555,0.073] | v1:G0[0.540,0.230,0.230] | v2:G2[0.275,0.226,0.499] | v3:G2[0.076,0.307,0.617] | v4:G1[0.078,0.600,0.322]
[TopoTrace Step 0] v0:G1[0.372,0.555,0.073] | v1:G0[0.540,0.230,0.230] | v2:G2[0.275,0.226,0.499] | v3:G2[0.076,0.307,0.617] | v4:G1[0.078,0.600,0.322]
[TopoTrace Step 0] v0:G1[0.372,0.555,0.073] | v1:G0[0.540,0.230,0.230] | v2:G2[0.275,0.226,0.499] | v3:G2[0.076,0.307,0.617] | v4:G1[0.078,0.600,0.322]
[TopoTrace Step 0] v0:G1[0.372,0.555,0.073] | v1:G0[0.540,0.230,0.230] | v2:G2[0.275,0.226,0.499] | v3:G2[0.076,0.307,0.617] | v4:G1[0.078,0.600,0.322]
[TopoTrace Step 0] v0:G1[0.372,0.555,0.073] | v1:G0[0.540,0.230,0.230] | v2:G2[0.275,0.226,0.499] | v3:G2[0.076,0.307,0.617] | v4:G1[0.078,0.600,0.322]
[TopoTrace Step 0] v0:G1[0.372,0.555,0.073] | v1:G0[0.540,0.230,0.230] | v2:G2[0.275,0.226,0.499] | v3:G2[0.076,0.307,0.617] | v4:G1[0.078,0.600,0.322]
[TopoTrace Step 0] v0:G1[0.372,0.555,0.073] | v1:G0[0.540,0.230,0.230] | v2:G2[0.275,0.226,0.499] | v3:G2[0.076,0.307,0.617] | v4:G1[0.078,0.600,0.322]
[TopoTrace Step 0] v0:G1[0.372,0.555,0.073] | v1:G0[0.540,0.230,0.230] | v2:G2[0.275,0.226,0.499] | v3:G2[0.076,0.307,0.617] | v4:G1[0.078,0.600,0.322]
[TopoTrace Step 0] v0:G1[0.372,0.555,0.073] | v1:G0[0.540,0.230,0.230] | v2:G2[0.275,0.226,0.499] | v3:G2[0.076,0.307,0.617] | v4:G1[0.078,0.600,0.322]
[TopoTrace Step 0] v0:G1[0.372,0.555,0.073] | v1:G0[0.540,0.230,0.230] | v2:G2[0.275,0.226,0.499] | v3:G2[0.076,0.307,0.617] | v4:G1[0.078,0.600,0.322]
[TopoTrace Step 0] v0:G1[0.372,0.555,0.073] | v1:G0[0.540,0.230,0.230] | v2:G2[0.275,0.226,0.499] | v3:G2[0.076,0.307,0.617] | v4:G1[0.078,0.600,0.322]
[TopoTrace Step 0] v0:G1[0.372,0.555,0.073] | v1:G0[0.540,0.230,0.230] | v2:G2[0.275,0.226,0.499] | v3:G2[0.076,0.307,0.617] | v4:G1[0.078,0.600,0.322]
[TopoTrace Step 0] v0:G1[0.372,0.555,0.073] | v1:G0[0.540,0.230,0.230] | v2:G2[0.275,0.226,0.499] | v3:G2[0.076,0.307,0.617] | v4:G1[0.078,0.600,0.322]
[TopoTrace Step 0] v0:G1[0.372,0.555,0.073] | v1:G0[0.540,0.230,0.230] | v2:G2[0.275,0.226,0.499] | v3:G2[0.076,0.307,0.617] | v4:G1[0.078,0.600,0.322]
[TopoTrace Step 0] v0:G1[0.372,0.555,0.073] | v1:G0[0.540,0.230,0.230] | v2:G2[0.275,0.226,0.499] | v3:G2[0.076,0.307,0.617] | v4:G1[0.078,0.600,0.322]
[TopoTrace Step 0] v0:G1[0.372,0.555,0.073] | v1:G0[0.540,0.230,0.230] | v2:G2[0.275,0.226,0.499] | v3:G2[0.076,0.307,0.617] | v4:G1[0.078,0.600,0.322]
[TopoTrace Step 0] v0:G1[0.372,0.555,0.073] | v1:G0[0.540,0.230,0.230] | v2:G2[0.275,0.226,0.499] | v3:G2[0.076,0.307,0.617] | v4:G1[0.078,0.600,0.322]
[TopoTrace Step 0] v0:G1[0.372,0.555,0.073] | v1:G0[0.540,0.230,0.230] | v2:G2[0.275,0.226,0.499] | v3:G2[0.076,0.307,0.617] | v4:G1[0.078,0.600,0.322]
[TopoTrace Step 0] v0:G1[0.372,0.555,0.073] | v1:G0[0.540,0.230,0.230] | v2:G2[0.275,0.226,0.499] | v3:G2[0.076,0.307,0.617] | v4:G1[0.078,0.600,0.322]
[TopoTrace Step 0] v0:G1[0.372,0.555,0.073] | v1:G0[0.540,0.230,0.230] | v2:G2[0.275,0.226,0.499] | v3:G2[0.076,0.307,0.617] | v4:G1[0.078,0.600,0.322]
[TopoTrace Step 0] v0:G1[0.372,0.555,0.073] | v1:G0[0.540,0.230,0.230] | v2:G2[0.275,0.226,0.499] | v3:G2[0.076,0.307,0.617] | v4:G1[0.078,0.600,0.322]
[TopoTrace Step 0] v0:G1[0.372,0.555,0.073] | v1:G0[0.540,0.230,0.230] | v2:G2[0.275,0.226,0.499] | v3:G2[0.076,0.307,0.617] | v4:G1[0.078,0.600,0.322]
[TopoTrace Step 0] v0:G1[0.372,0.555,0.073] | v1:G0[0.540,0.230,0.230] | v2:G2[0.275,0.226,0.499] | v3:G2[0.076,0.307,0.617] | v4:G1[0.078,0.600,0.322]
[TopoTrace Step 0] v0:G1[0.372,0.555,0.073] | v1:G0[0.540,0.230,0.230] | v2:G2[0.275,0.226,0.499] | v3:G2[0.076,0.307,0.617] | v4:G1[0.078,0.600,0.322]
[TopoTrace Step 0] v0:G1[0.372,0.555,0.073] | v1:G0[0.540,0.230,0.230] | v2:G2[0.275,0.226,0.499] | v3:G2[0.076,0.307,0.617] | v4:G1[0.078,0.600,0.322]
[TopoTrace Step 0] v0:G1[0.372,0.555,0.073] | v1:G0[0.540,0.230,0.230] | v2:G2[0.275,0.226,0.499] | v3:G2[0.076,0.307,0.617] | v4:G1[0.078,0.600,0.322][TopoTrace Step 0] v0:G1[0.372,0.555,0.073] | v1:G0[0.540,0.230,0.230] | v2:G2[0.275,0.226,0.499] | v3:G2[0.076,0.307,0.617] | v4:G1[0.078,0.600,0.322]

[TopoTrace Step 0] v0:G1[0.372,0.555,0.073] | v1:G0[0.540,0.230,0.230] | v2:G2[0.275,0.226,0.499] | v3:G2[0.076,0.307,0.617] | v4:G1[0.078,0.600,0.322]
[TopoTrace Step 0] v0:G1[0.372,0.555,0.073] | v1:G0[0.540,0.230,0.230] | v2:G2[0.275,0.226,0.499] | v3:G2[0.076,0.307,0.617] | v4:G1[0.078,0.600,0.322]
[TopoTrace Step 0] v0:G1[0.372,0.555,0.073] | v1:G0[0.540,0.230,0.230] | v2:G2[0.275,0.226,0.499] | v3:G2[0.076,0.307,0.617] | v4:G1[0.078,0.600,0.322]
[TopoTrace Step 0] v0:G1[0.372,0.555,0.073] | v1:G0[0.540,0.230,0.230] | v2:G2[0.275,0.226,0.499] | v3:G2[0.076,0.307,0.617] | v4:G1[0.078,0.600,0.322]
[TopoTrace Step 0] v0:G1[0.372,0.555,0.073] | v1:G0[0.540,0.230,0.230] | v2:G2[0.275,0.226,0.499] | v3:G2[0.076,0.307,0.617] | v4:G1[0.078,0.600,0.322]
[TopoTrace Step 0] v0:G1[0.372,0.555,0.073] | v1:G0[0.540,0.230,0.230] | v2:G2[0.275,0.226,0.499] | v3:G2[0.076,0.307,0.617] | v4:G1[0.078,0.600,0.322]
[TopoTrace Step 0] v0:G1[0.372,0.555,0.073] | v1:G0[0.540,0.230,0.230] | v2:G2[0.275,0.226,0.499] | v3:G2[0.076,0.307,0.617] | v4:G1[0.078,0.600,0.322]
[TopoTrace Step 0] v0:G1[0.372,0.555,0.073] | v1:G0[0.540,0.230,0.230] | v2:G2[0.275,0.226,0.499] | v3:G2[0.076,0.307,0.617] | v4:G1[0.078,0.600,0.322]
[TopoTrace Step 0] v0:G1[0.372,0.555,0.073] | v1:G0[0.540,0.230,0.230] | v2:G2[0.275,0.226,0.499] | v3:G2[0.076,0.307,0.617] | v4:G1[0.078,0.600,0.322]
[TopoTrace Step 0] v0:G1[0.372,0.555,0.073] | v1:G0[0.540,0.230,0.230] | v2:G2[0.275,0.226,0.499] | v3:G2[0.076,0.307,0.617] | v4:G1[0.078,0.600,0.322]
[TopoTrace Step 0] v0:G1[0.372,0.555,0.073] | v1:G0[0.540,0.230,0.230] | v2:G2[0.275,0.226,0.499] | v3:G2[0.076,0.307,0.617] | v4:G1[0.078,0.600,0.322]
[TopoTrace Step 0] v0:G1[0.372,0.555,0.073] | v1:G0[0.540,0.230,0.230] | v2:G2[0.275,0.226,0.499] | v3:G2[0.076,0.307,0.617] | v4:G1[0.078,0.600,0.322]
[TopoTrace Step 0] v0:G1[0.372,0.555,0.073] | v1:G0[0.540,0.230,0.230] | v2:G2[0.275,0.226,0.499] | v3:G2[0.076,0.307,0.617] | v4:G1[0.078,0.600,0.322]
[TopoTrace Step 0] v0:G1[0.372,0.555,0.073] | v1:G0[0.540,0.230,0.230] | v2:G2[0.275,0.226,0.499] | v3:G2[0.076,0.307,0.617] | v4:G1[0.078,0.600,0.322]
[TopoTrace Step 0] v0:G1[0.372,0.555,0.073] | v1:G0[0.540,0.230,0.230] | v2:G2[0.275,0.226,0.499] | v3:G2[0.076,0.307,0.617] | v4:G1[0.078,0.600,0.322]
[TopoTrace Step 0] v0:G1[0.372,0.555,0.073] | v1:G0[0.540,0.230,0.230] | v2:G2[0.275,0.226,0.499] | v3:G2[0.076,0.307,0.617] | v4:G1[0.078,0.600,0.322]
[TopoTrace Step 0] v0:G1[0.372,0.555,0.073] | v1:G0[0.540,0.230,0.230] | v2:G2[0.275,0.226,0.499] | v3:G2[0.076,0.307,0.617] | v4:G1[0.078,0.600,0.322]
[TopoTrace Step 0] v0:G1[0.372,0.555,0.073] | v1:G0[0.540,0.230,0.230] | v2:G2[0.275,0.226,0.499] | v3:G2[0.076,0.307,0.617] | v4:G1[0.078,0.600,0.322]
[TopoTrace Step 0] v0:G1[0.372,0.555,0.073] | v1:G0[0.540,0.230,0.230] | v2:G2[0.275,0.226,0.499] | v3:G2[0.076,0.307,0.617] | v4:G1[0.078,0.600,0.322]
[TopoTrace Step 0] v0:G1[0.372,0.555,0.073] | v1:G0[0.540,0.230,0.230] | v2:G2[0.275,0.226,0.499] | v3:G2[0.076,0.307,0.617] | v4:G1[0.078,0.600,0.322]
[TopoTrace Step 0] v0:G1[0.372,0.555,0.073] | v1:G0[0.540,0.230,0.230] | v2:G2[0.275,0.226,0.499] | v3:G2[0.076,0.307,0.617] | v4:G1[0.078,0.600,0.322]
[TopoTrace Step 0] v0:G1[0.372,0.555,0.073] | v1:G0[0.540,0.230,0.230] | v2:G2[0.275,0.226,0.499] | v3:G2[0.076,0.307,0.617] | v4:G1[0.078,0.600,0.322]
[TopoTrace Step 0] v0:G1[0.372,0.555,0.073] | v1:G0[0.540,0.230,0.230] | v2:G2[0.275,0.226,0.499] | v3:G2[0.076,0.307,0.617] | v4:G1[0.078,0.600,0.322]
[TopoTrace Step 0] v0:G1[0.372,0.555,0.073] | v1:G0[0.540,0.230,0.230] | v2:G2[0.275,0.226,0.499] | v3:G2[0.076,0.307,0.617] | v4:G1[0.078,0.600,0.322]
[TopoTrace Step 0] v0:G1[0.372,0.555,0.073] | v1:G0[0.540,0.230,0.230] | v2:G2[0.275,0.226,0.499] | v3:G2[0.076,0.307,0.617] | v4:G1[0.078,0.600,0.322]
[TopoTrace Step 0] v0:G1[0.372,0.555,0.073] | v1:G0[0.540,0.230,0.230] | v2:G2[0.275,0.226,0.499] | v3:G2[0.076,0.307,0.617] | v4:G1[0.078,0.600,0.322]
[TopoTrace Step 0] v0:G1[0.372,0.555,0.073] | v1:G0[0.540,0.230,0.230] | v2:G2[0.275,0.226,0.499] | v3:G2[0.076,0.307,0.617] | v4:G1[0.078,0.600,0.322]
[TopoTrace Step 0] v0:G1[0.372,0.555,0.073] | v1:G0[0.540,0.230,0.230] | v2:G2[0.275,0.226,0.499] | v3:G2[0.076,0.307,0.617] | v4:G1[0.078,0.600,0.322]
[TopoTrace Step 0] v0:G1[0.372,0.555,0.073] | v1:G0[0.540,0.230,0.230] | v2:G2[0.275,0.226,0.499] | v3:G2[0.076,0.307,0.617] | v4:G1[0.078,0.600,0.322]
[TopoTrace Step 0] v0:G1[0.372,0.555,0.073] | v1:G0[0.540,0.230,0.230] | v2:G2[0.275,0.226,0.499] | v3:G2[0.076,0.307,0.617] | v4:G1[0.078,0.600,0.322]
[TopoTrace Step 0] v0:G1[0.372,0.555,0.073] | v1:G0[0.540,0.230,0.230] | v2:G2[0.275,0.226,0.499] | v3:G2[0.076,0.307,0.617] | v4:G1[0.078,0.600,0.322]
[TopoTrace Step 0] v0:G1[0.372,0.555,0.073] | v1:G0[0.540,0.230,0.230] | v2:G2[0.275,0.226,0.499] | v3:G2[0.076,0.307,0.617] | v4:G1[0.078,0.600,0.322]
[TopoTrace Step 0] v0:G1[0.372,0.555,0.073] | v1:G0[0.540,0.230,0.230] | v2:G2[0.275,0.226,0.499] | v3:G2[0.076,0.307,0.617] | v4:G1[0.078,0.600,0.322]
[TopoTrace Step 0] v0:G1[0.372,0.555,0.073] | v1:G0[0.540,0.230,0.230] | v2:G2[0.275,0.226,0.499] | v3:G2[0.076,0.307,0.617] | v4:G1[0.078,0.600,0.322]
[TopoTrace Step 0] v0:G1[0.372,0.555,0.073] | v1:G0[0.540,0.230,0.230] | v2:G2[0.275,0.226,0.499] | v3:G2[0.076,0.307,0.617] | v4:G1[0.078,0.600,0.322]
[TopoTrace Step 0] v0:G1[0.372,0.555,0.073] | v1:G0[0.540,0.230,0.230] | v2:G2[0.275,0.226,0.499] | v3:G2[0.076,0.307,0.617] | v4:G1[0.078,0.600,0.322]
[TopoTrace Step 0] v0:G1[0.372,0.555,0.073] | v1:G0[0.540,0.230,0.230] | v2:G2[0.275,0.226,0.499] | v3:G2[0.076,0.307,0.617] | v4:G1[0.078,0.600,0.322]
[TopoTrace Step 0] v0:G1[0.372,0.555,0.073] | v1:G0[0.540,0.230,0.230] | v2:G2[0.275,0.226,0.499] | v3:G2[0.076,0.307,0.617] | v4:G1[0.078,0.600,0.322]
[TopoTrace Step 0] v0:G1[0.372,0.555,0.073] | v1:G0[0.540,0.230,0.230] | v2:G2[0.275,0.226,0.499] | v3:G2[0.076,0.307,0.617] | v4:G1[0.078,0.600,0.322]
[TopoTrace Step 0] v0:G1[0.372,0.555,0.073] | v1:G0[0.540,0.230,0.230] | v2:G2[0.275,0.226,0.499] | v3:G2[0.076,0.307,0.617] | v4:G1[0.078,0.600,0.322]
[TopoTrace Step 0] v0:G1[0.372,0.555,0.073] | v1:G0[0.540,0.230,0.230] | v2:G2[0.275,0.226,0.499] | v3:G2[0.076,0.307,0.617] | v4:G1[0.078,0.600,0.322]
[TopoTrace Step 0] v0:G1[0.372,0.555,0.073] | v1:G0[0.540,0.230,0.230] | v2:G2[0.275,0.226,0.499] | v3:G2[0.076,0.307,0.617] | v4:G1[0.078,0.600,0.322]
[TopoTrace Step 0] v0:G1[0.372,0.555,0.073] | v1:G0[0.540,0.230,0.230] | v2:G2[0.275,0.226,0.499] | v3:G2[0.076,0.307,0.617] | v4:G1[0.078,0.600,0.322]
[TopoTrace Step 0] v0:G1[0.372,0.555,0.073] | v1:G0[0.540,0.230,0.230] | v2:G2[0.275,0.226,0.499] | v3:G2[0.076,0.307,0.617] | v4:G1[0.078,0.600,0.322]
[TopoTrace Step 0] v0:G1[0.372,0.555,0.073] | v1:G0[0.540,0.230,0.230] | v2:G2[0.275,0.226,0.499] | v3:G2[0.076,0.307,0.617] | v4:G1[0.078,0.600,0.322]
[TopoTrace Step 0] v0:G1[0.372,0.555,0.073] | v1:G0[0.540,0.230,0.230] | v2:G2[0.275,0.226,0.499] | v3:G2[0.076,0.307,0.617] | v4:G1[0.078,0.600,0.322]
[TopoTrace Step 0] v0:G1[0.372,0.555,0.073] | v1:G0[0.540,0.230,0.230] | v2:G2[0.275,0.226,0.499] | v3:G2[0.076,0.307,0.617] | v4:G1[0.078,0.600,0.322][TopoTrace Step 0] v0:G1[0.372,0.555,0.073] | v1:G0[0.540,0.230,0.230] | v2:G2[0.275,0.226,0.499] | v3:G2[0.076,0.307,0.617] | v4:G1[0.078,0.600,0.322]

[TopoTrace Step 0] v0:G1[0.372,0.555,0.073] | v1:G0[0.540,0.230,0.230] | v2:G2[0.275,0.226,0.499] | v3:G2[0.076,0.307,0.617] | v4:G1[0.078,0.600,0.322]
[TopoTrace Step 0] v0:G1[0.372,0.555,0.073] | v1:G0[0.540,0.230,0.230] | v2:G2[0.275,0.226,0.499] | v3:G2[0.076,0.307,0.617] | v4:G1[0.078,0.600,0.322]
[TopoTrace Step 0] v0:G1[0.372,0.555,0.073] | v1:G0[0.540,0.230,0.230] | v2:G2[0.275,0.226,0.499] | v3:G2[0.076,0.307,0.617] | v4:G1[0.078,0.600,0.322]
[TopoTrace Step 0] v0:G1[0.372,0.555,0.073] | v1:G0[0.540,0.230,0.230] | v2:G2[0.275,0.226,0.499] | v3:G2[0.076,0.307,0.617] | v4:G1[0.078,0.600,0.322]
[TopoTrace Step 0] v0:G1[0.372,0.555,0.073] | v1:G0[0.540,0.230,0.230] | v2:G2[0.275,0.226,0.499] | v3:G2[0.076,0.307,0.617] | v4:G1[0.078,0.600,0.322]
[TopoTrace Step 0] v0:G1[0.372,0.555,0.073] | v1:G0[0.540,0.230,0.230] | v2:G2[0.275,0.226,0.499] | v3:G2[0.076,0.307,0.617] | v4:G1[0.078,0.600,0.322]
[TopoTrace Step 0] v0:G1[0.372,0.555,0.073] | v1:G0[0.540,0.230,0.230] | v2:G2[0.275,0.226,0.499] | v3:G2[0.076,0.307,0.617] | v4:G1[0.078,0.600,0.322]
[TopoTrace Step 0] v0:G1[0.372,0.555,0.073] | v1:G0[0.540,0.230,0.230] | v2:G2[0.275,0.226,0.499] | v3:G2[0.076,0.307,0.617] | v4:G1[0.078,0.600,0.322]
[TopoTrace Step 0] v0:G1[0.372,0.555,0.073] | v1:G0[0.540,0.230,0.230] | v2:G2[0.275,0.226,0.499] | v3:G2[0.076,0.307,0.617] | v4:G1[0.078,0.600,0.322]
[TopoTrace Step 0] v0:G1[0.372,0.555,0.073] | v1:G0[0.540,0.230,0.230] | v2:G2[0.275,0.226,0.499] | v3:G2[0.076,0.307,0.617] | v4:G1[0.078,0.600,0.322]
[TopoTrace Step 0] v0:G1[0.372,0.555,0.073] | v1:G0[0.540,0.230,0.230] | v2:G2[0.275,0.226,0.499] | v3:G2[0.076,0.307,0.617] | v4:G1[0.078,0.600,0.322]
[TopoTrace Step 0] v0:G1[0.372,0.555,0.073] | v1:G0[0.540,0.230,0.230] | v2:G2[0.275,0.226,0.499] | v3:G2[0.076,0.307,0.617] | v4:G1[0.078,0.600,0.322]
[TopoTrace Step 0] v0:G1[0.372,0.555,0.073] | v1:G0[0.540,0.230,0.230] | v2:G2[0.275,0.226,0.499] | v3:G2[0.076,0.307,0.617] | v4:G1[0.078,0.600,0.322]
[TopoTrace Step 0] v0:G1[0.372,0.555,0.073] | v1:G0[0.540,0.230,0.230] | v2:G2[0.275,0.226,0.499] | v3:G2[0.076,0.307,0.617] | v4:G1[0.078,0.600,0.322]
[TopoTrace Step 0] v0:G1[0.372,0.555,0.073] | v1:G0[0.540,0.230,0.230] | v2:G2[0.275,0.226,0.499] | v3:G2[0.076,0.307,0.617] | v4:G1[0.078,0.600,0.322]
[TopoTrace Step 0] v0:G1[0.372,0.555,0.073] | v1:G0[0.540,0.230,0.230] | v2:G2[0.275,0.226,0.499] | v3:G2[0.076,0.307,0.617] | v4:G1[0.078,0.600,0.322]
[TopoTrace Step 0] v0:G1[0.372,0.555,0.073] | v1:G0[0.540,0.230,0.230] | v2:G2[0.275,0.226,0.499] | v3:G2[0.076,0.307,0.617] | v4:G1[0.078,0.600,0.322]
[TopoTrace Step 0] v0:G1[0.372,0.555,0.073] | v1:G0[0.540,0.230,0.230] | v2:G2[0.275,0.226,0.499] | v3:G2[0.076,0.307,0.617] | v4:G1[0.078,0.600,0.322]
[TopoTrace Step 0] v0:G1[0.372,0.555,0.073] | v1:G0[0.540,0.230,0.230] | v2:G2[0.275,0.226,0.499] | v3:G2[0.076,0.307,0.617] | v4:G1[0.078,0.600,0.322]
[TopoTrace Step 0] v0:G1[0.372,0.555,0.073] | v1:G0[0.540,0.230,0.230] | v2:G2[0.275,0.226,0.499] | v3:G2[0.076,0.307,0.617] | v4:G1[0.078,0.600,0.322]
[TopoTrace Step 0] v0:G1[0.372,0.555,0.073] | v1:G0[0.540,0.230,0.230] | v2:G2[0.275,0.226,0.499] | v3:G2[0.076,0.307,0.617] | v4:G1[0.078,0.600,0.322]
[TopoTrace Step 0] v0:G1[0.372,0.555,0.073] | v1:G0[0.540,0.230,0.230] | v2:G2[0.275,0.226,0.499] | v3:G2[0.076,0.307,0.617] | v4:G1[0.078,0.600,0.322]
[TopoTrace Step 0] v0:G1[0.372,0.555,0.073] | v1:G0[0.540,0.230,0.230] | v2:G2[0.275,0.226,0.499] | v3:G2[0.076,0.307,0.617] | v4:G1[0.078,0.600,0.322]
[TopoTrace Step 0] v0:G1[0.372,0.555,0.073] | v1:G0[0.540,0.230,0.230] | v2:G2[0.275,0.226,0.499] | v3:G2[0.076,0.307,0.617] | v4:G1[0.078,0.600,0.322]
[TopoTrace Step 0] v0:G1[0.372,0.555,0.073] | v1:G0[0.540,0.230,0.230] | v2:G2[0.275,0.226,0.499] | v3:G2[0.076,0.307,0.617] | v4:G1[0.078,0.600,0.322]
[TopoTrace Step 0] v0:G1[0.372,0.555,0.073] | v1:G0[0.540,0.230,0.230] | v2:G2[0.275,0.226,0.499] | v3:G2[0.076,0.307,0.617] | v4:G1[0.078,0.600,0.322]
[TopoTrace Step 0] v0:G1[0.372,0.555,0.073] | v1:G0[0.540,0.230,0.230] | v2:G2[0.275,0.226,0.499] | v3:G2[0.076,0.307,0.617] | v4:G1[0.078,0.600,0.322]
[TopoTrace Step 0] v0:G1[0.372,0.555,0.073] | v1:G0[0.540,0.230,0.230] | v2:G2[0.275,0.226,0.499] | v3:G2[0.076,0.307,0.617] | v4:G1[0.078,0.600,0.322]
[TopoTrace Step 0] v0:G1[0.372,0.555,0.073] | v1:G0[0.540,0.230,0.230] | v2:G2[0.275,0.226,0.499] | v3:G2[0.076,0.307,0.617] | v4:G1[0.078,0.600,0.322]
[TopoTrace Step 0] v0:G1[0.372,0.555,0.073] | v1:G0[0.540,0.230,0.230] | v2:G2[0.275,0.226,0.499] | v3:G2[0.076,0.307,0.617] | v4:G1[0.078,0.600,0.322]
[TopoTrace Step 0] v0:G1[0.372,0.555,0.073] | v1:G0[0.540,0.230,0.230] | v2:G2[0.275,0.226,0.499] | v3:G2[0.076,0.307,0.617] | v4:G1[0.078,0.600,0.322]
[TopoTrace Step 0] v0:G1[0.372,0.555,0.073] | v1:G0[0.540,0.230,0.230] | v2:G2[0.275,0.226,0.499] | v3:G2[0.076,0.307,0.617] | v4:G1[0.078,0.600,0.322]
[TopoTrace Step 0] v0:G1[0.372,0.555,0.073] | v1:G0[0.540,0.230,0.230] | v2:G2[0.275,0.226,0.499] | v3:G2[0.076,0.307,0.617] | v4:G1[0.078,0.600,0.322]
[TopoTrace Step 0] v0:G1[0.372,0.555,0.073] | v1:G0[0.540,0.230,0.230] | v2:G2[0.275,0.226,0.499] | v3:G2[0.076,0.307,0.617] | v4:G1[0.078,0.600,0.322]
[TopoTrace Step 0] v0:G1[0.372,0.555,0.073] | v1:G0[0.540,0.230,0.230] | v2:G2[0.275,0.226,0.499] | v3:G2[0.076,0.307,0.617] | v4:G1[0.078,0.600,0.322]
[TopoTrace Step 0] v0:G1[0.372,0.555,0.073] | v1:G0[0.540,0.230,0.230] | v2:G2[0.275,0.226,0.499] | v3:G2[0.076,0.307,0.617] | v4:G1[0.078,0.600,0.322]
[TopoTrace Step 0] v0:G1[0.372,0.555,0.073] | v1:G0[0.540,0.230,0.230] | v2:G2[0.275,0.226,0.499] | v3:G2[0.076,0.307,0.617] | v4:G1[0.078,0.600,0.322]
[TopoTrace Step 0] v0:G1[0.372,0.555,0.073] | v1:G0[0.540,0.230,0.230] | v2:G2[0.275,0.226,0.499] | v3:G2[0.076,0.307,0.617] | v4:G1[0.078,0.600,0.322]
[TopoTrace Step 0] v0:G1[0.372,0.555,0.073] | v1:G0[0.540,0.230,0.230] | v2:G2[0.275,0.226,0.499] | v3:G2[0.076,0.307,0.617] | v4:G1[0.078,0.600,0.322]
[TopoTrace Step 0] v0:G1[0.372,0.555,0.073] | v1:G0[0.540,0.230,0.230] | v2:G2[0.275,0.226,0.499] | v3:G2[0.076,0.307,0.617] | v4:G1[0.078,0.600,0.322]
Epoch: 10 cost time: 60.10430359840393
Epoch: 10, Steps: 294 | Train Loss: 0.4198341 Vali Loss: 0.2868492 Test Loss: 3.9982791
EarlyStopping counter: 8 out of 3
Early stopping
Updating learning rate to 1.953125e-07
>>>>>>>testing : long_term_forecast_kdd_sub3_48_HGI_DYG_base_ftM_sl48_ll24_pl96_dm1024_nh8_el2_dl1_df512_fc3_ebtimeF_dtTrue_Exp_0<<<<<<<<<<<<<<<<<<<<<<<<<<<<<<<<<
DYG_base
原始数据形状: (108051, 6)
Index(['Bacterial Density', 'Viscosity', 'Chemical Efficiency', 'pH Online',
       'Total Sugar'],
      dtype='object')
test 21515
test shape: (21515, 1, 96, 5) (21515, 1, 96, 5)
test shape: (21515, 96, 5) (21515, 96, 5)
mae:0.4572, mse:3.9452
(21515, 96, 5)
(21515, 96, 5)
