True
2.3.0
True
Args in experiment:
Namespace(activation='gelu', anomaly_ratio=0.25, batch_size=512, c_out=5, channel_independent=1, checkpoints='./checkpoints/', d_ff=512, d_layers=1, d_model=512, data='DYG_base', data_path='DYG_data_3_sub1.csv', dec_in=5, des='Exp', device_ids=[0, 1, 2, 3], devices='0,1,2,3', direction=[1, 1, 2, 0, 0], distil=True, dropout=0.1, e_layers=2, embed='timeF', enc_in=5, enc_out=5, factor=3, features='M', freq='h', gpu=0, inverse=False, is_training=1, itr=1, label_len=48, learning_rate=0.0001, loss='MSE', lradj='type1', mask_rate=0.25, model='TLMMoeED', model_id='kdd_sub1_144', moe_logits_init='{"0": [5.0, -5.0], "1": [0.0, 0.0], "2": [5.0, -5.0]}', moving_avg=25, n_heads=8, num_kernels=6, num_workers=10, output_attention=False, p_hidden_dims=[128, 128], p_hidden_layers=2, patience=3, pred_len=96, root_path='./data/DYG/KDD', seasonal_patterns='Monthly', seg_len=12, seq_len=144, target='zs', task_name='long_term_forecast', top_k=5, train_epochs=10, use_amp=True, use_gpu=True, use_multi_gpu=True)
Use GPU: cuda:0
>>>>>>>start training : long_term_forecast_kdd_sub1_144_TLMMoeED_DYG_base_ftM_sl144_ll48_pl96_dm512_nh8_el2_dl1_df512_fc3_ebtimeF_dtTrue_Exp_0>>>>>>>>>>>>>>>>>>>>>>>>>>
DYG_base
原始数据形状: (108051, 6)
Index(['Bacterial Density', 'Viscosity', 'Alcohol Addition', 'Reducing Sugar',
       'Non Reducing Suger'],
      dtype='object')
train 75396
DYG_base
原始数据形状: (108051, 6)
Index(['Bacterial Density', 'Viscosity', 'Alcohol Addition', 'Reducing Sugar',
       'Non Reducing Suger'],
      dtype='object')
val 10711
DYG_base
原始数据形状: (108051, 6)
Index(['Bacterial Density', 'Viscosity', 'Alcohol Addition', 'Reducing Sugar',
       'Non Reducing Suger'],
      dtype='object')
test 21515
[MOE_TRACE] Group:0 Prob:0.93508 Alpha:0.50000
[MOE_TRACE] Group:0 Prob:0.93508 Alpha:0.50000
[MOE_TRACE] Group:0 Prob:0.93508 Alpha:0.50000
[MOE_TRACE] Group:1 Prob:0.66418 Alpha:0.50000
[MOE_TRACE] Group:0 Prob:0.93508 Alpha:0.50000
[MOE_TRACE] Group:2 Prob:0.99448 Alpha:0.50000
[MOE_TRACE] Group:1 Prob:0.66418 Alpha:0.50000
[MOE_TRACE] Group:1 Prob:0.66418 Alpha:0.50000
[MOE_TRACE] Group:1 Prob:0.66418 Alpha:0.50000
[MOE_TRACE] Group:2 Prob:0.99448 Alpha:0.50000
[MOE_TRACE] Group:2 Prob:0.99448 Alpha:0.50000
[MOE_TRACE] Group:2 Prob:0.99448 Alpha:0.50000
[MOE_TRACE] Group:0 Prob:0.94088 Alpha:0.49997
[MOE_TRACE] Group:1 Prob:0.67819 Alpha:0.50002
[MOE_TRACE] Group:2 Prob:0.99465 Alpha:0.49998
[MOE_TRACE] Group:0 Prob:0.94088 Alpha:0.49997
[MOE_TRACE] Group:0 Prob:0.94088 Alpha:0.49997
[MOE_TRACE] Group:1 Prob:0.67819 Alpha:0.50002
[MOE_TRACE] Group:1 Prob:0.67819 Alpha:0.50002
[MOE_TRACE] Group:2 Prob:0.99465 Alpha:0.49998[MOE_TRACE] Group:2 Prob:0.99465 Alpha:0.49998

[MOE_TRACE] Group:0 Prob:0.94088 Alpha:0.49997
[MOE_TRACE] Group:1 Prob:0.67819 Alpha:0.50002
[MOE_TRACE] Group:2 Prob:0.99465 Alpha:0.49998
[MOE_TRACE] Group:0 Prob:0.93895 Alpha:0.49996
[MOE_TRACE] Group:0 Prob:0.93895 Alpha:0.49996
[MOE_TRACE] Group:1 Prob:0.67621 Alpha:0.50003[MOE_TRACE] Group:1 Prob:0.67621 Alpha:0.50003

[MOE_TRACE] Group:2 Prob:0.99465 Alpha:0.49996
[MOE_TRACE] Group:2 Prob:0.99465 Alpha:0.49996
[MOE_TRACE] Group:0 Prob:0.93895 Alpha:0.49996
[MOE_TRACE] Group:0 Prob:0.93895 Alpha:0.49996
[MOE_TRACE] Group:1 Prob:0.67621 Alpha:0.50003
[MOE_TRACE] Group:1 Prob:0.67621 Alpha:0.50003
[MOE_TRACE] Group:2 Prob:0.99465 Alpha:0.49996
[MOE_TRACE] Group:2 Prob:0.99465 Alpha:0.49996
[MOE_TRACE] Group:0 Prob:0.94606 Alpha:0.49995
[MOE_TRACE] Group:1 Prob:0.66910 Alpha:0.50002
[MOE_TRACE] Group:0 Prob:0.94606 Alpha:0.49995
[MOE_TRACE] Group:1 Prob:0.66910 Alpha:0.50002
[MOE_TRACE] Group:0 Prob:0.94606 Alpha:0.49995
[MOE_TRACE] Group:2 Prob:0.99474 Alpha:0.49996
[MOE_TRACE] Group:1 Prob:0.66910 Alpha:0.50002
[MOE_TRACE] Group:2 Prob:0.99474 Alpha:0.49996
[MOE_TRACE] Group:0 Prob:0.94606 Alpha:0.49995
[MOE_TRACE] Group:2 Prob:0.99474 Alpha:0.49996
[MOE_TRACE] Group:1 Prob:0.66910 Alpha:0.50002
[MOE_TRACE] Group:2 Prob:0.99474 Alpha:0.49996
[MOE_TRACE] Group:0 Prob:0.94716 Alpha:0.49994
[MOE_TRACE] Group:1 Prob:0.65693 Alpha:0.50001
[MOE_TRACE] Group:2 Prob:0.99492 Alpha:0.49994
[MOE_TRACE] Group:0 Prob:0.94716 Alpha:0.49994
[MOE_TRACE] Group:1 Prob:0.65693 Alpha:0.50001
[MOE_TRACE] Group:2 Prob:0.99492 Alpha:0.49994
[MOE_TRACE] Group:0 Prob:0.94716 Alpha:0.49994
[MOE_TRACE] Group:1 Prob:0.65693 Alpha:0.50001
[MOE_TRACE] Group:0 Prob:0.94716 Alpha:0.49994[MOE_TRACE] Group:2 Prob:0.99492 Alpha:0.49994

[MOE_TRACE] Group:1 Prob:0.65693 Alpha:0.50001
[MOE_TRACE] Group:2 Prob:0.99492 Alpha:0.49994
[MOE_TRACE] Group:0 Prob:0.94529 Alpha:0.49993
[MOE_TRACE] Group:0 Prob:0.94529 Alpha:0.49993
[MOE_TRACE] Group:1 Prob:0.64590 Alpha:0.50000
[MOE_TRACE] Group:1 Prob:0.64590 Alpha:0.50000
[MOE_TRACE] Group:2 Prob:0.99520 Alpha:0.49993
[MOE_TRACE] Group:2 Prob:0.99520 Alpha:0.49993
[MOE_TRACE] Group:0 Prob:0.94529 Alpha:0.49993
[MOE_TRACE] Group:1 Prob:0.64590 Alpha:0.50000
[MOE_TRACE] Group:2 Prob:0.99520 Alpha:0.49993
[MOE_TRACE] Group:0 Prob:0.94529 Alpha:0.49993
[MOE_TRACE] Group:1 Prob:0.64590 Alpha:0.50000
[MOE_TRACE] Group:2 Prob:0.99520 Alpha:0.49993
[MOE_TRACE] Group:0 Prob:0.95038 Alpha:0.49992
[MOE_TRACE] Group:0 Prob:0.95038 Alpha:0.49992
[MOE_TRACE] Group:1 Prob:0.63748 Alpha:0.49998
[MOE_TRACE] Group:0 Prob:0.95038 Alpha:0.49992
[MOE_TRACE] Group:1 Prob:0.63748 Alpha:0.49998
[MOE_TRACE] Group:0 Prob:0.95038 Alpha:0.49992
[MOE_TRACE] Group:2 Prob:0.99541 Alpha:0.49992
[MOE_TRACE] Group:1 Prob:0.63748 Alpha:0.49998
[MOE_TRACE] Group:2 Prob:0.99541 Alpha:0.49992
[MOE_TRACE] Group:2 Prob:0.99541 Alpha:0.49992
[MOE_TRACE] Group:1 Prob:0.63748 Alpha:0.49998
[MOE_TRACE] Group:2 Prob:0.99541 Alpha:0.49992
[MOE_TRACE] Group:0 Prob:0.95073 Alpha:0.49992
[MOE_TRACE] Group:0 Prob:0.95073 Alpha:0.49992[MOE_TRACE] Group:1 Prob:0.62353 Alpha:0.49997

[MOE_TRACE] Group:1 Prob:0.62353 Alpha:0.49997[MOE_TRACE] Group:2 Prob:0.99542 Alpha:0.49991

[MOE_TRACE] Group:2 Prob:0.99542 Alpha:0.49991
[MOE_TRACE] Group:0 Prob:0.95073 Alpha:0.49992
[MOE_TRACE] Group:1 Prob:0.62353 Alpha:0.49997
[MOE_TRACE] Group:2 Prob:0.99542 Alpha:0.49991
[MOE_TRACE] Group:0 Prob:0.95073 Alpha:0.49992
[MOE_TRACE] Group:1 Prob:0.62353 Alpha:0.49997
[MOE_TRACE] Group:2 Prob:0.99542 Alpha:0.49991
[MOE_TRACE] Group:0 Prob:0.95054 Alpha:0.49992
[MOE_TRACE] Group:1 Prob:0.61555 Alpha:0.49996
[MOE_TRACE] Group:2 Prob:0.99551 Alpha:0.49990
[MOE_TRACE] Group:0 Prob:0.95054 Alpha:0.49992
[MOE_TRACE] Group:0 Prob:0.95054 Alpha:0.49992
[MOE_TRACE] Group:1 Prob:0.61555 Alpha:0.49996
[MOE_TRACE] Group:1 Prob:0.61555 Alpha:0.49996
[MOE_TRACE] Group:2 Prob:0.99551 Alpha:0.49990
[MOE_TRACE] Group:0 Prob:0.95054 Alpha:0.49992
[MOE_TRACE] Group:2 Prob:0.99551 Alpha:0.49990
[MOE_TRACE] Group:1 Prob:0.61555 Alpha:0.49996
[MOE_TRACE] Group:2 Prob:0.99551 Alpha:0.49990
[MOE_TRACE] Group:0 Prob:0.95035 Alpha:0.49992
[MOE_TRACE] Group:0 Prob:0.95035 Alpha:0.49992
[MOE_TRACE] Group:0 Prob:0.95035 Alpha:0.49992
[MOE_TRACE] Group:1 Prob:0.60411 Alpha:0.49995
[MOE_TRACE] Group:1 Prob:0.60411 Alpha:0.49995
[MOE_TRACE] Group:1 Prob:0.60411 Alpha:0.49995
[MOE_TRACE] Group:0 Prob:0.95035 Alpha:0.49992
[MOE_TRACE] Group:2 Prob:0.99554 Alpha:0.49990
[MOE_TRACE] Group:2 Prob:0.99554 Alpha:0.49990[MOE_TRACE] Group:2 Prob:0.99554 Alpha:0.49990

[MOE_TRACE] Group:1 Prob:0.60411 Alpha:0.49995
[MOE_TRACE] Group:2 Prob:0.99554 Alpha:0.49990
[MOE_TRACE] Group:0 Prob:0.94859 Alpha:0.49992
[MOE_TRACE] Group:0 Prob:0.94859 Alpha:0.49992
[MOE_TRACE] Group:0 Prob:0.94859 Alpha:0.49992
[MOE_TRACE] Group:1 Prob:0.59198 Alpha:0.49994
[MOE_TRACE] Group:1 Prob:0.59198 Alpha:0.49994[MOE_TRACE] Group:0 Prob:0.94859 Alpha:0.49992

[MOE_TRACE] Group:1 Prob:0.59198 Alpha:0.49994[MOE_TRACE] Group:1 Prob:0.59198 Alpha:0.49994

[MOE_TRACE] Group:2 Prob:0.99561 Alpha:0.49989[MOE_TRACE] Group:2 Prob:0.99561 Alpha:0.49989

[MOE_TRACE] Group:2 Prob:0.99561 Alpha:0.49989
[MOE_TRACE] Group:2 Prob:0.99561 Alpha:0.49989
[MOE_TRACE] Group:0 Prob:0.94856 Alpha:0.49993
[MOE_TRACE] Group:0 Prob:0.94856 Alpha:0.49993[MOE_TRACE] Group:0 Prob:0.94856 Alpha:0.49993

[MOE_TRACE] Group:1 Prob:0.58454 Alpha:0.49993
[MOE_TRACE] Group:0 Prob:0.94856 Alpha:0.49993[MOE_TRACE] Group:1 Prob:0.58454 Alpha:0.49993

[MOE_TRACE] Group:2 Prob:0.99575 Alpha:0.49988[MOE_TRACE] Group:1 Prob:0.58454 Alpha:0.49993

[MOE_TRACE] Group:1 Prob:0.58454 Alpha:0.49993
[MOE_TRACE] Group:2 Prob:0.99575 Alpha:0.49988
[MOE_TRACE] Group:2 Prob:0.99575 Alpha:0.49988[MOE_TRACE] Group:2 Prob:0.99575 Alpha:0.49988

[MOE_TRACE] Group:0 Prob:0.94795 Alpha:0.49993
[MOE_TRACE] Group:0 Prob:0.94795 Alpha:0.49993
[MOE_TRACE] Group:0 Prob:0.94795 Alpha:0.49993
[MOE_TRACE] Group:1 Prob:0.57669 Alpha:0.49992
[MOE_TRACE] Group:1 Prob:0.57669 Alpha:0.49992
[MOE_TRACE] Group:1 Prob:0.57669 Alpha:0.49992
[MOE_TRACE] Group:0 Prob:0.94795 Alpha:0.49993
[MOE_TRACE] Group:2 Prob:0.99587 Alpha:0.49987
[MOE_TRACE] Group:2 Prob:0.99587 Alpha:0.49987
[MOE_TRACE] Group:2 Prob:0.99587 Alpha:0.49987
[MOE_TRACE] Group:1 Prob:0.57669 Alpha:0.49992
[MOE_TRACE] Group:2 Prob:0.99587 Alpha:0.49987
[MOE_TRACE] Group:0 Prob:0.94728 Alpha:0.49993[MOE_TRACE] Group:0 Prob:0.94728 Alpha:0.49993

[MOE_TRACE] Group:0 Prob:0.94728 Alpha:0.49993
[MOE_TRACE] Group:1 Prob:0.56912 Alpha:0.49991
[MOE_TRACE] Group:1 Prob:0.56912 Alpha:0.49991
[MOE_TRACE] Group:1 Prob:0.56912 Alpha:0.49991
[MOE_TRACE] Group:2 Prob:0.99598 Alpha:0.49987
[MOE_TRACE] Group:2 Prob:0.99598 Alpha:0.49987
[MOE_TRACE] Group:0 Prob:0.94728 Alpha:0.49993[MOE_TRACE] Group:2 Prob:0.99598 Alpha:0.49987

[MOE_TRACE] Group:1 Prob:0.56912 Alpha:0.49991
[MOE_TRACE] Group:2 Prob:0.99598 Alpha:0.49987
[MOE_TRACE] Group:0 Prob:0.94930 Alpha:0.49993
[MOE_TRACE] Group:1 Prob:0.56552 Alpha:0.49991
[MOE_TRACE] Group:2 Prob:0.99596 Alpha:0.49986
[MOE_TRACE] Group:0 Prob:0.94930 Alpha:0.49993
[MOE_TRACE] Group:1 Prob:0.56552 Alpha:0.49991
[MOE_TRACE] Group:2 Prob:0.99596 Alpha:0.49986
[MOE_TRACE] Group:0 Prob:0.94930 Alpha:0.49993
[MOE_TRACE] Group:1 Prob:0.56552 Alpha:0.49991
[MOE_TRACE] Group:2 Prob:0.99596 Alpha:0.49986
[MOE_TRACE] Group:0 Prob:0.94930 Alpha:0.49993
[MOE_TRACE] Group:1 Prob:0.56552 Alpha:0.49991
[MOE_TRACE] Group:2 Prob:0.99596 Alpha:0.49986
[MOE_TRACE] Group:0 Prob:0.95107 Alpha:0.49993
[MOE_TRACE] Group:1 Prob:0.56625 Alpha:0.49990
[MOE_TRACE] Group:2 Prob:0.99606 Alpha:0.49986
[MOE_TRACE] Group:0 Prob:0.95107 Alpha:0.49993
[MOE_TRACE] Group:1 Prob:0.56625 Alpha:0.49990
[MOE_TRACE] Group:2 Prob:0.99606 Alpha:0.49986
[MOE_TRACE] Group:0 Prob:0.95107 Alpha:0.49993
[MOE_TRACE] Group:0 Prob:0.95107 Alpha:0.49993
[MOE_TRACE] Group:1 Prob:0.56625 Alpha:0.49990
[MOE_TRACE] Group:1 Prob:0.56625 Alpha:0.49990
[MOE_TRACE] Group:2 Prob:0.99606 Alpha:0.49986
[MOE_TRACE] Group:2 Prob:0.99606 Alpha:0.49986
[MOE_TRACE] Group:0 Prob:0.94782 Alpha:0.49993
[MOE_TRACE] Group:1 Prob:0.56796 Alpha:0.49990
[MOE_TRACE] Group:2 Prob:0.99605 Alpha:0.49986
[MOE_TRACE] Group:0 Prob:0.94782 Alpha:0.49993
[MOE_TRACE] Group:1 Prob:0.56796 Alpha:0.49990
[MOE_TRACE] Group:2 Prob:0.99605 Alpha:0.49986
[MOE_TRACE] Group:0 Prob:0.94782 Alpha:0.49993
[MOE_TRACE] Group:1 Prob:0.56796 Alpha:0.49990
[MOE_TRACE] Group:2 Prob:0.99605 Alpha:0.49986
[MOE_TRACE] Group:0 Prob:0.94782 Alpha:0.49993
[MOE_TRACE] Group:1 Prob:0.56796 Alpha:0.49990
[MOE_TRACE] Group:2 Prob:0.99605 Alpha:0.49986
[MOE_TRACE] Group:0 Prob:0.94958 Alpha:0.49992
[MOE_TRACE] Group:1 Prob:0.57357 Alpha:0.49990
[MOE_TRACE] Group:2 Prob:0.99612 Alpha:0.49985
[MOE_TRACE] Group:0 Prob:0.94958 Alpha:0.49992
[MOE_TRACE] Group:0 Prob:0.94958 Alpha:0.49992
[MOE_TRACE] Group:1 Prob:0.57357 Alpha:0.49990
[MOE_TRACE] Group:1 Prob:0.57357 Alpha:0.49990
[MOE_TRACE] Group:2 Prob:0.99612 Alpha:0.49985
[MOE_TRACE] Group:2 Prob:0.99612 Alpha:0.49985
[MOE_TRACE] Group:0 Prob:0.94958 Alpha:0.49992
[MOE_TRACE] Group:1 Prob:0.57357 Alpha:0.49990
[MOE_TRACE] Group:2 Prob:0.99612 Alpha:0.49985
[MOE_TRACE] Group:0 Prob:0.95096 Alpha:0.49992
[MOE_TRACE] Group:0 Prob:0.95096 Alpha:0.49992
[MOE_TRACE] Group:0 Prob:0.95096 Alpha:0.49992
[MOE_TRACE] Group:1 Prob:0.57439 Alpha:0.49990
[MOE_TRACE] Group:1 Prob:0.57439 Alpha:0.49990
[MOE_TRACE] Group:1 Prob:0.57439 Alpha:0.49990
[MOE_TRACE] Group:0 Prob:0.95096 Alpha:0.49992
[MOE_TRACE] Group:2 Prob:0.99609 Alpha:0.49985
[MOE_TRACE] Group:2 Prob:0.99609 Alpha:0.49985
[MOE_TRACE] Group:2 Prob:0.99609 Alpha:0.49985
[MOE_TRACE] Group:1 Prob:0.57439 Alpha:0.49990
[MOE_TRACE] Group:2 Prob:0.99609 Alpha:0.49985
[MOE_TRACE] Group:0 Prob:0.94683 Alpha:0.49992
[MOE_TRACE] Group:1 Prob:0.57856 Alpha:0.49990
[MOE_TRACE] Group:0 Prob:0.94683 Alpha:0.49992
[MOE_TRACE] Group:0 Prob:0.94683 Alpha:0.49992
[MOE_TRACE] Group:2 Prob:0.99615 Alpha:0.49985
[MOE_TRACE] Group:1 Prob:0.57856 Alpha:0.49990[MOE_TRACE] Group:0 Prob:0.94683 Alpha:0.49992

[MOE_TRACE] Group:1 Prob:0.57856 Alpha:0.49990
[MOE_TRACE] Group:2 Prob:0.99615 Alpha:0.49985
[MOE_TRACE] Group:2 Prob:0.99615 Alpha:0.49985
[MOE_TRACE] Group:1 Prob:0.57856 Alpha:0.49990
[MOE_TRACE] Group:2 Prob:0.99615 Alpha:0.49985
[MOE_TRACE] Group:0 Prob:0.94979 Alpha:0.49993
[MOE_TRACE] Group:1 Prob:0.57993 Alpha:0.49989
[MOE_TRACE] Group:2 Prob:0.99612 Alpha:0.49986
[MOE_TRACE] Group:0 Prob:0.94979 Alpha:0.49993[MOE_TRACE] Group:0 Prob:0.94979 Alpha:0.49993

[MOE_TRACE] Group:1 Prob:0.57993 Alpha:0.49989[MOE_TRACE] Group:1 Prob:0.57993 Alpha:0.49989

[MOE_TRACE] Group:2 Prob:0.99612 Alpha:0.49986
[MOE_TRACE] Group:2 Prob:0.99612 Alpha:0.49986
[MOE_TRACE] Group:0 Prob:0.94979 Alpha:0.49993
[MOE_TRACE] Group:1 Prob:0.57993 Alpha:0.49989
[MOE_TRACE] Group:2 Prob:0.99612 Alpha:0.49986
[MOE_TRACE] Group:0 Prob:0.94780 Alpha:0.49993
[MOE_TRACE] Group:0 Prob:0.94780 Alpha:0.49993[MOE_TRACE] Group:0 Prob:0.94780 Alpha:0.49993
[MOE_TRACE] Group:1 Prob:0.57935 Alpha:0.49989

[MOE_TRACE] Group:0 Prob:0.94780 Alpha:0.49993
[MOE_TRACE] Group:1 Prob:0.57935 Alpha:0.49989
[MOE_TRACE] Group:2 Prob:0.99604 Alpha:0.49986[MOE_TRACE] Group:1 Prob:0.57935 Alpha:0.49989

[MOE_TRACE] Group:1 Prob:0.57935 Alpha:0.49989
[MOE_TRACE] Group:2 Prob:0.99604 Alpha:0.49986
[MOE_TRACE] Group:2 Prob:0.99604 Alpha:0.49986[MOE_TRACE] Group:2 Prob:0.99604 Alpha:0.49986

[MOE_TRACE] Group:0 Prob:0.94428 Alpha:0.49994
[MOE_TRACE] Group:0 Prob:0.94428 Alpha:0.49994
[MOE_TRACE] Group:0 Prob:0.94428 Alpha:0.49994
[MOE_TRACE] Group:1 Prob:0.56930 Alpha:0.49989
[MOE_TRACE] Group:1 Prob:0.56930 Alpha:0.49989
[MOE_TRACE] Group:1 Prob:0.56930 Alpha:0.49989
[MOE_TRACE] Group:0 Prob:0.94428 Alpha:0.49994
[MOE_TRACE] Group:2 Prob:0.99599 Alpha:0.49986
[MOE_TRACE] Group:2 Prob:0.99599 Alpha:0.49986
[MOE_TRACE] Group:2 Prob:0.99599 Alpha:0.49986
[MOE_TRACE] Group:1 Prob:0.56930 Alpha:0.49989
[MOE_TRACE] Group:2 Prob:0.99599 Alpha:0.49986
[MOE_TRACE] Group:0 Prob:0.94555 Alpha:0.49994
[MOE_TRACE] Group:1 Prob:0.57303 Alpha:0.49989
[MOE_TRACE] Group:2 Prob:0.99594 Alpha:0.49987
[MOE_TRACE] Group:0 Prob:0.94555 Alpha:0.49994
[MOE_TRACE] Group:1 Prob:0.57303 Alpha:0.49989
[MOE_TRACE] Group:0 Prob:0.94555 Alpha:0.49994
[MOE_TRACE] Group:2 Prob:0.99594 Alpha:0.49987
[MOE_TRACE] Group:1 Prob:0.57303 Alpha:0.49989
[MOE_TRACE] Group:2 Prob:0.99594 Alpha:0.49987
[MOE_TRACE] Group:0 Prob:0.94555 Alpha:0.49994
[MOE_TRACE] Group:1 Prob:0.57303 Alpha:0.49989
[MOE_TRACE] Group:2 Prob:0.99594 Alpha:0.49987
[MOE_TRACE] Group:0 Prob:0.94321 Alpha:0.49995
[MOE_TRACE] Group:1 Prob:0.57044 Alpha:0.49988
[MOE_TRACE] Group:2 Prob:0.99592 Alpha:0.49987
[MOE_TRACE] Group:0 Prob:0.94321 Alpha:0.49995
[MOE_TRACE] Group:1 Prob:0.57044 Alpha:0.49988
[MOE_TRACE] Group:2 Prob:0.99592 Alpha:0.49987
[MOE_TRACE] Group:0 Prob:0.94321 Alpha:0.49995
[MOE_TRACE] Group:1 Prob:0.57044 Alpha:0.49988
[MOE_TRACE] Group:2 Prob:0.99592 Alpha:0.49987
[MOE_TRACE] Group:0 Prob:0.94321 Alpha:0.49995
[MOE_TRACE] Group:1 Prob:0.57044 Alpha:0.49988
[MOE_TRACE] Group:2 Prob:0.99592 Alpha:0.49987
[MOE_TRACE] Group:0 Prob:0.94686 Alpha:0.49996
[MOE_TRACE] Group:0 Prob:0.94686 Alpha:0.49996
[MOE_TRACE] Group:0 Prob:0.94686 Alpha:0.49996
[MOE_TRACE] Group:1 Prob:0.56483 Alpha:0.49988
[MOE_TRACE] Group:1 Prob:0.56483 Alpha:0.49988
[MOE_TRACE] Group:0 Prob:0.94686 Alpha:0.49996
[MOE_TRACE] Group:1 Prob:0.56483 Alpha:0.49988
[MOE_TRACE] Group:2 Prob:0.99573 Alpha:0.49988
[MOE_TRACE] Group:2 Prob:0.99573 Alpha:0.49988
[MOE_TRACE] Group:2 Prob:0.99573 Alpha:0.49988
[MOE_TRACE] Group:1 Prob:0.56483 Alpha:0.49988
[MOE_TRACE] Group:2 Prob:0.99573 Alpha:0.49988
[MOE_TRACE] Group:0 Prob:0.94123 Alpha:0.49996
[MOE_TRACE] Group:0 Prob:0.94123 Alpha:0.49996
[MOE_TRACE] Group:1 Prob:0.56561 Alpha:0.49988
[MOE_TRACE] Group:1 Prob:0.56561 Alpha:0.49988
[MOE_TRACE] Group:2 Prob:0.99560 Alpha:0.49989
[MOE_TRACE] Group:0 Prob:0.94123 Alpha:0.49996
[MOE_TRACE] Group:2 Prob:0.99560 Alpha:0.49989
[MOE_TRACE] Group:0 Prob:0.94123 Alpha:0.49996
[MOE_TRACE] Group:1 Prob:0.56561 Alpha:0.49988
[MOE_TRACE] Group:1 Prob:0.56561 Alpha:0.49988
[MOE_TRACE] Group:2 Prob:0.99560 Alpha:0.49989
[MOE_TRACE] Group:2 Prob:0.99560 Alpha:0.49989
[MOE_TRACE] Group:0 Prob:0.93906 Alpha:0.49996
[MOE_TRACE] Group:1 Prob:0.56833 Alpha:0.49988
[MOE_TRACE] Group:2 Prob:0.99556 Alpha:0.49989
[MOE_TRACE] Group:0 Prob:0.93906 Alpha:0.49996[MOE_TRACE] Group:0 Prob:0.93906 Alpha:0.49996

[MOE_TRACE] Group:1 Prob:0.56833 Alpha:0.49988[MOE_TRACE] Group:1 Prob:0.56833 Alpha:0.49988

[MOE_TRACE] Group:2 Prob:0.99556 Alpha:0.49989[MOE_TRACE] Group:2 Prob:0.99556 Alpha:0.49989

[MOE_TRACE] Group:0 Prob:0.93906 Alpha:0.49996
[MOE_TRACE] Group:1 Prob:0.56833 Alpha:0.49988
[MOE_TRACE] Group:2 Prob:0.99556 Alpha:0.49989
[MOE_TRACE] Group:0 Prob:0.94228 Alpha:0.49997
[MOE_TRACE] Group:0 Prob:0.94228 Alpha:0.49997
[MOE_TRACE] Group:1 Prob:0.57313 Alpha:0.49988
[MOE_TRACE] Group:1 Prob:0.57313 Alpha:0.49988
[MOE_TRACE] Group:0 Prob:0.94228 Alpha:0.49997
[MOE_TRACE] Group:2 Prob:0.99536 Alpha:0.49990
[MOE_TRACE] Group:2 Prob:0.99536 Alpha:0.49990
[MOE_TRACE] Group:1 Prob:0.57313 Alpha:0.49988
[MOE_TRACE] Group:0 Prob:0.94228 Alpha:0.49997
[MOE_TRACE] Group:2 Prob:0.99536 Alpha:0.49990
[MOE_TRACE] Group:1 Prob:0.57313 Alpha:0.49988
[MOE_TRACE] Group:2 Prob:0.99536 Alpha:0.49990
[MOE_TRACE] Group:0 Prob:0.94358 Alpha:0.49997
[MOE_TRACE] Group:1 Prob:0.57664 Alpha:0.49988
[MOE_TRACE] Group:2 Prob:0.99533 Alpha:0.49991
[MOE_TRACE] Group:0 Prob:0.94358 Alpha:0.49997
[MOE_TRACE] Group:0 Prob:0.94358 Alpha:0.49997
[MOE_TRACE] Group:1 Prob:0.57664 Alpha:0.49988
[MOE_TRACE] Group:1 Prob:0.57664 Alpha:0.49988
[MOE_TRACE] Group:0 Prob:0.94358 Alpha:0.49997
[MOE_TRACE] Group:2 Prob:0.99533 Alpha:0.49991
[MOE_TRACE] Group:1 Prob:0.57664 Alpha:0.49988
[MOE_TRACE] Group:2 Prob:0.99533 Alpha:0.49991
[MOE_TRACE] Group:2 Prob:0.99533 Alpha:0.49991
[MOE_TRACE] Group:0 Prob:0.93951 Alpha:0.49997
[MOE_TRACE] Group:1 Prob:0.57925 Alpha:0.49988
[MOE_TRACE] Group:2 Prob:0.99500 Alpha:0.49993
[MOE_TRACE] Group:0 Prob:0.93951 Alpha:0.49997
[MOE_TRACE] Group:1 Prob:0.57925 Alpha:0.49988
[MOE_TRACE] Group:2 Prob:0.99500 Alpha:0.49993
[MOE_TRACE] Group:0 Prob:0.93951 Alpha:0.49997
[MOE_TRACE] Group:1 Prob:0.57925 Alpha:0.49988
[MOE_TRACE] Group:0 Prob:0.93951 Alpha:0.49997
[MOE_TRACE] Group:2 Prob:0.99500 Alpha:0.49993
[MOE_TRACE] Group:1 Prob:0.57925 Alpha:0.49988
[MOE_TRACE] Group:2 Prob:0.99500 Alpha:0.49993
[MOE_TRACE] Group:0 Prob:0.93953 Alpha:0.49997
[MOE_TRACE] Group:0 Prob:0.93953 Alpha:0.49997
[MOE_TRACE] Group:0 Prob:0.93953 Alpha:0.49997
[MOE_TRACE] Group:1 Prob:0.58233 Alpha:0.49988
[MOE_TRACE] Group:0 Prob:0.93953 Alpha:0.49997
[MOE_TRACE] Group:1 Prob:0.58233 Alpha:0.49988
[MOE_TRACE] Group:1 Prob:0.58233 Alpha:0.49988
[MOE_TRACE] Group:2 Prob:0.99480 Alpha:0.49994
[MOE_TRACE] Group:1 Prob:0.58233 Alpha:0.49988
[MOE_TRACE] Group:2 Prob:0.99480 Alpha:0.49994
[MOE_TRACE] Group:2 Prob:0.99480 Alpha:0.49994
[MOE_TRACE] Group:2 Prob:0.99480 Alpha:0.49994
[MOE_TRACE] Group:0 Prob:0.93901 Alpha:0.49998
[MOE_TRACE] Group:0 Prob:0.93901 Alpha:0.49998
[MOE_TRACE] Group:0 Prob:0.93901 Alpha:0.49998
[MOE_TRACE] Group:0 Prob:0.93901 Alpha:0.49998[MOE_TRACE] Group:1 Prob:0.57673 Alpha:0.49988[MOE_TRACE] Group:1 Prob:0.57673 Alpha:0.49988


[MOE_TRACE] Group:1 Prob:0.57673 Alpha:0.49988[MOE_TRACE] Group:2 Prob:0.99446 Alpha:0.49996

[MOE_TRACE] Group:2 Prob:0.99446 Alpha:0.49996
[MOE_TRACE] Group:1 Prob:0.57673 Alpha:0.49988
[MOE_TRACE] Group:2 Prob:0.99446 Alpha:0.49996
[MOE_TRACE] Group:2 Prob:0.99446 Alpha:0.49996
[MOE_TRACE] Group:0 Prob:0.93786 Alpha:0.49999
[MOE_TRACE] Group:1 Prob:0.58000 Alpha:0.49988
[MOE_TRACE] Group:2 Prob:0.99409 Alpha:0.49998
[MOE_TRACE] Group:0 Prob:0.93786 Alpha:0.49999
[MOE_TRACE] Group:0 Prob:0.93786 Alpha:0.49999
[MOE_TRACE] Group:0 Prob:0.93786 Alpha:0.49999[MOE_TRACE] Group:1 Prob:0.58000 Alpha:0.49988
[MOE_TRACE] Group:1 Prob:0.58000 Alpha:0.49988

[MOE_TRACE] Group:2 Prob:0.99409 Alpha:0.49998[MOE_TRACE] Group:1 Prob:0.58000 Alpha:0.49988

[MOE_TRACE] Group:2 Prob:0.99409 Alpha:0.49998
[MOE_TRACE] Group:2 Prob:0.99409 Alpha:0.49998
[MOE_TRACE] Group:0 Prob:0.93786 Alpha:0.50000
[MOE_TRACE] Group:1 Prob:0.58193 Alpha:0.49988
[MOE_TRACE] Group:2 Prob:0.99402 Alpha:0.49998
[MOE_TRACE] Group:0 Prob:0.93786 Alpha:0.50000
[MOE_TRACE] Group:1 Prob:0.58193 Alpha:0.49988
[MOE_TRACE] Group:2 Prob:0.99402 Alpha:0.49998
[MOE_TRACE] Group:0 Prob:0.93786 Alpha:0.50000
[MOE_TRACE] Group:1 Prob:0.58193 Alpha:0.49988
[MOE_TRACE] Group:2 Prob:0.99402 Alpha:0.49998
[MOE_TRACE] Group:0 Prob:0.93786 Alpha:0.50000
[MOE_TRACE] Group:1 Prob:0.58193 Alpha:0.49988
[MOE_TRACE] Group:2 Prob:0.99402 Alpha:0.49998
[MOE_TRACE] Group:0 Prob:0.93581 Alpha:0.50000
[MOE_TRACE] Group:1 Prob:0.58386 Alpha:0.49988
[MOE_TRACE] Group:2 Prob:0.99387 Alpha:0.49999
[MOE_TRACE] Group:0 Prob:0.93581 Alpha:0.50000
[MOE_TRACE] Group:1 Prob:0.58386 Alpha:0.49988
[MOE_TRACE] Group:2 Prob:0.99387 Alpha:0.49999
[MOE_TRACE] Group:0 Prob:0.93581 Alpha:0.50000
[MOE_TRACE] Group:1 Prob:0.58386 Alpha:0.49988
[MOE_TRACE] Group:2 Prob:0.99387 Alpha:0.49999
[MOE_TRACE] Group:0 Prob:0.93581 Alpha:0.50000
[MOE_TRACE] Group:1 Prob:0.58386 Alpha:0.49988
[MOE_TRACE] Group:2 Prob:0.99387 Alpha:0.49999
[MOE_TRACE] Group:0 Prob:0.93096 Alpha:0.50001
[MOE_TRACE] Group:0 Prob:0.93096 Alpha:0.50001
[MOE_TRACE] Group:1 Prob:0.58375 Alpha:0.49988
[MOE_TRACE] Group:0 Prob:0.93096 Alpha:0.50001
[MOE_TRACE] Group:1 Prob:0.58375 Alpha:0.49988
[MOE_TRACE] Group:2 Prob:0.99372 Alpha:0.50000
[MOE_TRACE] Group:0 Prob:0.93096 Alpha:0.50001
[MOE_TRACE] Group:1 Prob:0.58375 Alpha:0.49988
[MOE_TRACE] Group:2 Prob:0.99372 Alpha:0.50000
[MOE_TRACE] Group:1 Prob:0.58375 Alpha:0.49988[MOE_TRACE] Group:2 Prob:0.99372 Alpha:0.50000

[MOE_TRACE] Group:2 Prob:0.99372 Alpha:0.50000
[MOE_TRACE] Group:0 Prob:0.92849 Alpha:0.50002
[MOE_TRACE] Group:1 Prob:0.58409 Alpha:0.49987
[MOE_TRACE] Group:0 Prob:0.92849 Alpha:0.50002
[MOE_TRACE] Group:2 Prob:0.99353 Alpha:0.50001
[MOE_TRACE] Group:0 Prob:0.92849 Alpha:0.50002
[MOE_TRACE] Group:1 Prob:0.58409 Alpha:0.49987
[MOE_TRACE] Group:1 Prob:0.58409 Alpha:0.49987
[MOE_TRACE] Group:0 Prob:0.92849 Alpha:0.50002
[MOE_TRACE] Group:2 Prob:0.99353 Alpha:0.50001
[MOE_TRACE] Group:2 Prob:0.99353 Alpha:0.50001
[MOE_TRACE] Group:1 Prob:0.58409 Alpha:0.49987
[MOE_TRACE] Group:2 Prob:0.99353 Alpha:0.50001
[MOE_TRACE] Group:0 Prob:0.93018 Alpha:0.50002
[MOE_TRACE] Group:1 Prob:0.58487 Alpha:0.49987
[MOE_TRACE] Group:2 Prob:0.99330 Alpha:0.50002
[MOE_TRACE] Group:0 Prob:0.93018 Alpha:0.50002
[MOE_TRACE] Group:1 Prob:0.58487 Alpha:0.49987
[MOE_TRACE] Group:2 Prob:0.99330 Alpha:0.50002
[MOE_TRACE] Group:0 Prob:0.93018 Alpha:0.50002
[MOE_TRACE] Group:1 Prob:0.58487 Alpha:0.49987
[MOE_TRACE] Group:2 Prob:0.99330 Alpha:0.50002
[MOE_TRACE] Group:0 Prob:0.93018 Alpha:0.50002
[MOE_TRACE] Group:1 Prob:0.58487 Alpha:0.49987
[MOE_TRACE] Group:2 Prob:0.99330 Alpha:0.50002
[MOE_TRACE] Group:0 Prob:0.93328 Alpha:0.50002
[MOE_TRACE] Group:1 Prob:0.58804 Alpha:0.49988
[MOE_TRACE] Group:2 Prob:0.99345 Alpha:0.50001
[MOE_TRACE] Group:0 Prob:0.93328 Alpha:0.50002
[MOE_TRACE] Group:1 Prob:0.58804 Alpha:0.49988
[MOE_TRACE] Group:0 Prob:0.93328 Alpha:0.50002
[MOE_TRACE] Group:0 Prob:0.93328 Alpha:0.50002
[MOE_TRACE] Group:2 Prob:0.99345 Alpha:0.50001
[MOE_TRACE] Group:1 Prob:0.58804 Alpha:0.49988
[MOE_TRACE] Group:1 Prob:0.58804 Alpha:0.49988
[MOE_TRACE] Group:2 Prob:0.99345 Alpha:0.50001
[MOE_TRACE] Group:2 Prob:0.99345 Alpha:0.50001
[MOE_TRACE] Group:0 Prob:0.93017 Alpha:0.50002
[MOE_TRACE] Group:1 Prob:0.59646 Alpha:0.49988
[MOE_TRACE] Group:0 Prob:0.93017 Alpha:0.50002
[MOE_TRACE] Group:2 Prob:0.99348 Alpha:0.50001
[MOE_TRACE] Group:1 Prob:0.59646 Alpha:0.49988
[MOE_TRACE] Group:2 Prob:0.99348 Alpha:0.50001
[MOE_TRACE] Group:0 Prob:0.93017 Alpha:0.50002
[MOE_TRACE] Group:1 Prob:0.59646 Alpha:0.49988
[MOE_TRACE] Group:0 Prob:0.93017 Alpha:0.50002
[MOE_TRACE] Group:2 Prob:0.99348 Alpha:0.50001
[MOE_TRACE] Group:1 Prob:0.59646 Alpha:0.49988
[MOE_TRACE] Group:2 Prob:0.99348 Alpha:0.50001
[MOE_TRACE] Group:0 Prob:0.92776 Alpha:0.50002
[MOE_TRACE] Group:0 Prob:0.92776 Alpha:0.50002
[MOE_TRACE] Group:1 Prob:0.60189 Alpha:0.49988
[MOE_TRACE] Group:1 Prob:0.60189 Alpha:0.49988
[MOE_TRACE] Group:2 Prob:0.99332 Alpha:0.50002
[MOE_TRACE] Group:2 Prob:0.99332 Alpha:0.50002
[MOE_TRACE] Group:0 Prob:0.92776 Alpha:0.50002
[MOE_TRACE] Group:1 Prob:0.60189 Alpha:0.49988
[MOE_TRACE] Group:2 Prob:0.99332 Alpha:0.50002
[MOE_TRACE] Group:0 Prob:0.92776 Alpha:0.50002
[MOE_TRACE] Group:1 Prob:0.60189 Alpha:0.49988
[MOE_TRACE] Group:2 Prob:0.99332 Alpha:0.50002
[MOE_TRACE] Group:0 Prob:0.93093 Alpha:0.50003
[MOE_TRACE] Group:0 Prob:0.93093 Alpha:0.50003
[MOE_TRACE] Group:0 Prob:0.93093 Alpha:0.50003
[MOE_TRACE] Group:1 Prob:0.60591 Alpha:0.49988
[MOE_TRACE] Group:1 Prob:0.60591 Alpha:0.49988
[MOE_TRACE] Group:1 Prob:0.60591 Alpha:0.49988
[MOE_TRACE] Group:2 Prob:0.99315 Alpha:0.50002
[MOE_TRACE] Group:0 Prob:0.93093 Alpha:0.50003
[MOE_TRACE] Group:2 Prob:0.99315 Alpha:0.50002
[MOE_TRACE] Group:2 Prob:0.99315 Alpha:0.50002
[MOE_TRACE] Group:1 Prob:0.60591 Alpha:0.49988
[MOE_TRACE] Group:2 Prob:0.99315 Alpha:0.50002
[MOE_TRACE] Group:0 Prob:0.92992 Alpha:0.50003
[MOE_TRACE] Group:1 Prob:0.60030 Alpha:0.49988
[MOE_TRACE] Group:2 Prob:0.99309 Alpha:0.50003
[MOE_TRACE] Group:0 Prob:0.92992 Alpha:0.50003
[MOE_TRACE] Group:1 Prob:0.60030 Alpha:0.49988
[MOE_TRACE] Group:2 Prob:0.99309 Alpha:0.50003
[MOE_TRACE] Group:0 Prob:0.92992 Alpha:0.50003
[MOE_TRACE] Group:1 Prob:0.60030 Alpha:0.49988
[MOE_TRACE] Group:0 Prob:0.92992 Alpha:0.50003
[MOE_TRACE] Group:2 Prob:0.99309 Alpha:0.50003
[MOE_TRACE] Group:1 Prob:0.60030 Alpha:0.49988
[MOE_TRACE] Group:2 Prob:0.99309 Alpha:0.50003
[MOE_TRACE] Group:0 Prob:0.92407 Alpha:0.50004
[MOE_TRACE] Group:1 Prob:0.60576 Alpha:0.49988
[MOE_TRACE] Group:2 Prob:0.99280 Alpha:0.50004
[MOE_TRACE] Group:0 Prob:0.92407 Alpha:0.50004
[MOE_TRACE] Group:1 Prob:0.60576 Alpha:0.49988
[MOE_TRACE] Group:2 Prob:0.99277 Alpha:0.50004
[MOE_TRACE] Group:0 Prob:0.92407 Alpha:0.50004
[MOE_TRACE] Group:1 Prob:0.60576 Alpha:0.49988
[MOE_TRACE] Group:2 Prob:0.99277 Alpha:0.50004
[MOE_TRACE] Group:0 Prob:0.92407 Alpha:0.50004
[MOE_TRACE] Group:1 Prob:0.60576 Alpha:0.49988
[MOE_TRACE] Group:2 Prob:0.99277 Alpha:0.50004
[MOE_TRACE] Group:0 Prob:0.92792 Alpha:0.50004
[MOE_TRACE] Group:0 Prob:0.92792 Alpha:0.50004
[MOE_TRACE] Group:1 Prob:0.60639 Alpha:0.49988
[MOE_TRACE] Group:0 Prob:0.92792 Alpha:0.50004
[MOE_TRACE] Group:1 Prob:0.60639 Alpha:0.49988
[MOE_TRACE] Group:2 Prob:0.99243 Alpha:0.50005
[MOE_TRACE] Group:1 Prob:0.60639 Alpha:0.49988
[MOE_TRACE] Group:0 Prob:0.92792 Alpha:0.50004
[MOE_TRACE] Group:2 Prob:0.99243 Alpha:0.50005
[MOE_TRACE] Group:2 Prob:0.99243 Alpha:0.50005
[MOE_TRACE] Group:1 Prob:0.60639 Alpha:0.49988
[MOE_TRACE] Group:2 Prob:0.99243 Alpha:0.50005
[MOE_TRACE] Group:0 Prob:0.92872 Alpha:0.50005
[MOE_TRACE] Group:1 Prob:0.60959 Alpha:0.49988
[MOE_TRACE] Group:2 Prob:0.99215 Alpha:0.50006
[MOE_TRACE] Group:0 Prob:0.92872 Alpha:0.50005
[MOE_TRACE] Group:1 Prob:0.60959 Alpha:0.49988
[MOE_TRACE] Group:0 Prob:0.92872 Alpha:0.50005
[MOE_TRACE] Group:1 Prob:0.60959 Alpha:0.49988[MOE_TRACE] Group:2 Prob:0.99215 Alpha:0.50006

[MOE_TRACE] Group:0 Prob:0.92872 Alpha:0.50005
[MOE_TRACE] Group:2 Prob:0.99215 Alpha:0.50006
[MOE_TRACE] Group:1 Prob:0.60959 Alpha:0.49988
[MOE_TRACE] Group:2 Prob:0.99215 Alpha:0.50006
[MOE_TRACE] Group:0 Prob:0.92349 Alpha:0.50005
[MOE_TRACE] Group:1 Prob:0.61074 Alpha:0.49988
[MOE_TRACE] Group:2 Prob:0.99194 Alpha:0.50007
[MOE_TRACE] Group:0 Prob:0.92349 Alpha:0.50005
[MOE_TRACE] Group:1 Prob:0.61074 Alpha:0.49988
[MOE_TRACE] Group:2 Prob:0.99194 Alpha:0.50007
[MOE_TRACE] Group:0 Prob:0.92349 Alpha:0.50005
[MOE_TRACE] Group:0 Prob:0.92349 Alpha:0.50005
[MOE_TRACE] Group:1 Prob:0.61074 Alpha:0.49988
[MOE_TRACE] Group:1 Prob:0.61074 Alpha:0.49988
[MOE_TRACE] Group:2 Prob:0.99194 Alpha:0.50007
[MOE_TRACE] Group:2 Prob:0.99194 Alpha:0.50007
[MOE_TRACE] Group:0 Prob:0.92547 Alpha:0.50006
[MOE_TRACE] Group:1 Prob:0.61036 Alpha:0.49988
[MOE_TRACE] Group:2 Prob:0.99145 Alpha:0.50009
[MOE_TRACE] Group:0 Prob:0.92547 Alpha:0.50006
[MOE_TRACE] Group:1 Prob:0.61036 Alpha:0.49988
[MOE_TRACE] Group:2 Prob:0.99145 Alpha:0.50009
[MOE_TRACE] Group:0 Prob:0.92547 Alpha:0.50006
[MOE_TRACE] Group:1 Prob:0.61036 Alpha:0.49988
[MOE_TRACE] Group:2 Prob:0.99145 Alpha:0.50009
[MOE_TRACE] Group:0 Prob:0.92547 Alpha:0.50006
[MOE_TRACE] Group:1 Prob:0.61036 Alpha:0.49988
[MOE_TRACE] Group:2 Prob:0.99145 Alpha:0.50009
[MOE_TRACE] Group:0 Prob:0.92541 Alpha:0.50006
[MOE_TRACE] Group:0 Prob:0.92541 Alpha:0.50006
[MOE_TRACE] Group:1 Prob:0.61027 Alpha:0.49987
[MOE_TRACE] Group:1 Prob:0.61027 Alpha:0.49987
[MOE_TRACE] Group:2 Prob:0.99076 Alpha:0.50011
[MOE_TRACE] Group:0 Prob:0.92541 Alpha:0.50006
[MOE_TRACE] Group:2 Prob:0.99076 Alpha:0.50011
[MOE_TRACE] Group:0 Prob:0.92541 Alpha:0.50006
[MOE_TRACE] Group:1 Prob:0.61027 Alpha:0.49987
[MOE_TRACE] Group:1 Prob:0.61027 Alpha:0.49987
[MOE_TRACE] Group:2 Prob:0.99076 Alpha:0.50011
[MOE_TRACE] Group:2 Prob:0.99076 Alpha:0.50011
[MOE_TRACE] Group:0 Prob:0.91943 Alpha:0.50007
[MOE_TRACE] Group:1 Prob:0.61097 Alpha:0.49987
[MOE_TRACE] Group:2 Prob:0.99025 Alpha:0.50013
[MOE_TRACE] Group:0 Prob:0.91943 Alpha:0.50007
[MOE_TRACE] Group:1 Prob:0.61097 Alpha:0.49987
[MOE_TRACE] Group:2 Prob:0.99025 Alpha:0.50013
[MOE_TRACE] Group:0 Prob:0.91943 Alpha:0.50007
[MOE_TRACE] Group:1 Prob:0.61097 Alpha:0.49987
[MOE_TRACE] Group:2 Prob:0.99025 Alpha:0.50013
[MOE_TRACE] Group:0 Prob:0.91943 Alpha:0.50007
[MOE_TRACE] Group:1 Prob:0.61097 Alpha:0.49987
[MOE_TRACE] Group:2 Prob:0.99025 Alpha:0.50013
[MOE_TRACE] Group:0 Prob:0.91890 Alpha:0.50007
[MOE_TRACE] Group:1 Prob:0.60898 Alpha:0.49987
[MOE_TRACE] Group:2 Prob:0.98961 Alpha:0.50014
[MOE_TRACE] Group:0 Prob:0.91890 Alpha:0.50007
[MOE_TRACE] Group:1 Prob:0.60898 Alpha:0.49987
[MOE_TRACE] Group:2 Prob:0.98961 Alpha:0.50014
[MOE_TRACE] Group:0 Prob:0.91890 Alpha:0.50007
[MOE_TRACE] Group:1 Prob:0.60898 Alpha:0.49987
[MOE_TRACE] Group:2 Prob:0.98961 Alpha:0.50014
[MOE_TRACE] Group:0 Prob:0.91890 Alpha:0.50007
[MOE_TRACE] Group:1 Prob:0.60898 Alpha:0.49987
[MOE_TRACE] Group:2 Prob:0.98961 Alpha:0.50014
[MOE_TRACE] Group:0 Prob:0.91993 Alpha:0.50008
[MOE_TRACE] Group:1 Prob:0.61011 Alpha:0.49987
[MOE_TRACE] Group:2 Prob:0.98904 Alpha:0.50016
[MOE_TRACE] Group:0 Prob:0.91993 Alpha:0.50008
[MOE_TRACE] Group:1 Prob:0.61011 Alpha:0.49987
[MOE_TRACE] Group:2 Prob:0.98904 Alpha:0.50016
[MOE_TRACE] Group:0 Prob:0.91993 Alpha:0.50008[MOE_TRACE] Group:0 Prob:0.91993 Alpha:0.50008

[MOE_TRACE] Group:1 Prob:0.61011 Alpha:0.49987
[MOE_TRACE] Group:2 Prob:0.98904 Alpha:0.50016
[MOE_TRACE] Group:1 Prob:0.61011 Alpha:0.49987
[MOE_TRACE] Group:2 Prob:0.98904 Alpha:0.50016
[MOE_TRACE] Group:0 Prob:0.92113 Alpha:0.50008
[MOE_TRACE] Group:1 Prob:0.61317 Alpha:0.49987
[MOE_TRACE] Group:2 Prob:0.98856 Alpha:0.50018
[MOE_TRACE] Group:0 Prob:0.92113 Alpha:0.50008
[MOE_TRACE] Group:1 Prob:0.61317 Alpha:0.49987
[MOE_TRACE] Group:2 Prob:0.98856 Alpha:0.50018
[MOE_TRACE] Group:0 Prob:0.92113 Alpha:0.50008
[MOE_TRACE] Group:1 Prob:0.61317 Alpha:0.49987
[MOE_TRACE] Group:2 Prob:0.98856 Alpha:0.50018
[MOE_TRACE] Group:0 Prob:0.92113 Alpha:0.50008
[MOE_TRACE] Group:1 Prob:0.61317 Alpha:0.49987
[MOE_TRACE] Group:2 Prob:0.98856 Alpha:0.50018
[MOE_TRACE] Group:0 Prob:0.91669 Alpha:0.50009
[MOE_TRACE] Group:0 Prob:0.91669 Alpha:0.50009
[MOE_TRACE] Group:1 Prob:0.61040 Alpha:0.49987
[MOE_TRACE] Group:2 Prob:0.98748 Alpha:0.50020
[MOE_TRACE] Group:0 Prob:0.91669 Alpha:0.50009
[MOE_TRACE] Group:0 Prob:0.91669 Alpha:0.50009
[MOE_TRACE] Group:1 Prob:0.61040 Alpha:0.49987
[MOE_TRACE] Group:1 Prob:0.61040 Alpha:0.49987
[MOE_TRACE] Group:1 Prob:0.61040 Alpha:0.49987
[MOE_TRACE] Group:2 Prob:0.98748 Alpha:0.50020
[MOE_TRACE] Group:2 Prob:0.98748 Alpha:0.50020
[MOE_TRACE] Group:2 Prob:0.98748 Alpha:0.50020
[MOE_TRACE] Group:0 Prob:0.91108 Alpha:0.50010
[MOE_TRACE] Group:1 Prob:0.60485 Alpha:0.49987
[MOE_TRACE] Group:2 Prob:0.98653 Alpha:0.50022
[MOE_TRACE] Group:0 Prob:0.91108 Alpha:0.50010
[MOE_TRACE] Group:0 Prob:0.91108 Alpha:0.50010
[MOE_TRACE] Group:1 Prob:0.60485 Alpha:0.49987
[MOE_TRACE] Group:1 Prob:0.60485 Alpha:0.49987
[MOE_TRACE] Group:2 Prob:0.98653 Alpha:0.50022
[MOE_TRACE] Group:0 Prob:0.91108 Alpha:0.50010
[MOE_TRACE] Group:2 Prob:0.98653 Alpha:0.50022
[MOE_TRACE] Group:1 Prob:0.60485 Alpha:0.49987
[MOE_TRACE] Group:2 Prob:0.98653 Alpha:0.50022
[MOE_TRACE] Group:0 Prob:0.90765 Alpha:0.50011
[MOE_TRACE] Group:1 Prob:0.60674 Alpha:0.49986
[MOE_TRACE] Group:2 Prob:0.98530 Alpha:0.50024
[MOE_TRACE] Group:0 Prob:0.90765 Alpha:0.50011
[MOE_TRACE] Group:1 Prob:0.60674 Alpha:0.49986
[MOE_TRACE] Group:2 Prob:0.98530 Alpha:0.50024
[MOE_TRACE] Group:0 Prob:0.90765 Alpha:0.50011
[MOE_TRACE] Group:0 Prob:0.90765 Alpha:0.50011[MOE_TRACE] Group:1 Prob:0.60674 Alpha:0.49986

[MOE_TRACE] Group:1 Prob:0.60674 Alpha:0.49986[MOE_TRACE] Group:2 Prob:0.98530 Alpha:0.50024

[MOE_TRACE] Group:2 Prob:0.98530 Alpha:0.50024
[MOE_TRACE] Group:0 Prob:0.90620 Alpha:0.50012
[MOE_TRACE] Group:1 Prob:0.60459 Alpha:0.49986
[MOE_TRACE] Group:2 Prob:0.98513 Alpha:0.50025
[MOE_TRACE] Group:0 Prob:0.90620 Alpha:0.50012
[MOE_TRACE] Group:1 Prob:0.60459 Alpha:0.49986
[MOE_TRACE] Group:2 Prob:0.98513 Alpha:0.50025
[MOE_TRACE] Group:0 Prob:0.90620 Alpha:0.50012
[MOE_TRACE] Group:1 Prob:0.60459 Alpha:0.49986
[MOE_TRACE] Group:2 Prob:0.98513 Alpha:0.50025
[MOE_TRACE] Group:0 Prob:0.90620 Alpha:0.50012
[MOE_TRACE] Group:1 Prob:0.60459 Alpha:0.49986
[MOE_TRACE] Group:2 Prob:0.98513 Alpha:0.50025
[MOE_TRACE] Group:0 Prob:0.90491 Alpha:0.50013
[MOE_TRACE] Group:0 Prob:0.90491 Alpha:0.50013
[MOE_TRACE] Group:1 Prob:0.60665 Alpha:0.49986
[MOE_TRACE] Group:1 Prob:0.60665 Alpha:0.49986
[MOE_TRACE] Group:0 Prob:0.90491 Alpha:0.50013
[MOE_TRACE] Group:2 Prob:0.98457 Alpha:0.50026[MOE_TRACE] Group:1 Prob:0.60665 Alpha:0.49986[MOE_TRACE] Group:2 Prob:0.98457 Alpha:0.50026


[MOE_TRACE] Group:2 Prob:0.98457 Alpha:0.50026
[MOE_TRACE] Group:0 Prob:0.90491 Alpha:0.50013
[MOE_TRACE] Group:1 Prob:0.60665 Alpha:0.49986
[MOE_TRACE] Group:2 Prob:0.98457 Alpha:0.50026
[MOE_TRACE] Group:0 Prob:0.90219 Alpha:0.50014
[MOE_TRACE] Group:0 Prob:0.90219 Alpha:0.50014
[MOE_TRACE] Group:1 Prob:0.60907 Alpha:0.49987
[MOE_TRACE] Group:1 Prob:0.60907 Alpha:0.49987
[MOE_TRACE] Group:0 Prob:0.90219 Alpha:0.50014
[MOE_TRACE] Group:2 Prob:0.98358 Alpha:0.50027
[MOE_TRACE] Group:0 Prob:0.90219 Alpha:0.50014
[MOE_TRACE] Group:2 Prob:0.98358 Alpha:0.50027
[MOE_TRACE] Group:1 Prob:0.60907 Alpha:0.49987
[MOE_TRACE] Group:2 Prob:0.98358 Alpha:0.50027
[MOE_TRACE] Group:1 Prob:0.60907 Alpha:0.49987
[MOE_TRACE] Group:2 Prob:0.98358 Alpha:0.50027
[MOE_TRACE] Group:0 Prob:0.90087 Alpha:0.50015
[MOE_TRACE] Group:1 Prob:0.60744 Alpha:0.49986
[MOE_TRACE] Group:2 Prob:0.98337 Alpha:0.50028
[MOE_TRACE] Group:0 Prob:0.90087 Alpha:0.50015
[MOE_TRACE] Group:0 Prob:0.90087 Alpha:0.50015
[MOE_TRACE] Group:1 Prob:0.60744 Alpha:0.49986[MOE_TRACE] Group:1 Prob:0.60744 Alpha:0.49986

[MOE_TRACE] Group:2 Prob:0.98305 Alpha:0.50028
[MOE_TRACE] Group:2 Prob:0.98305 Alpha:0.50028
[MOE_TRACE] Group:0 Prob:0.90087 Alpha:0.50015
[MOE_TRACE] Group:1 Prob:0.60744 Alpha:0.49986
[MOE_TRACE] Group:2 Prob:0.98305 Alpha:0.50028
[MOE_TRACE] Group:0 Prob:0.90385 Alpha:0.50016
[MOE_TRACE] Group:1 Prob:0.60490 Alpha:0.49986
[MOE_TRACE] Group:2 Prob:0.98186 Alpha:0.50030
[MOE_TRACE] Group:0 Prob:0.90385 Alpha:0.50016
[MOE_TRACE] Group:0 Prob:0.90385 Alpha:0.50016
[MOE_TRACE] Group:1 Prob:0.60490 Alpha:0.49986
[MOE_TRACE] Group:1 Prob:0.60490 Alpha:0.49986
[MOE_TRACE] Group:2 Prob:0.98186 Alpha:0.50030
[MOE_TRACE] Group:2 Prob:0.98186 Alpha:0.50030
[MOE_TRACE] Group:0 Prob:0.90385 Alpha:0.50016
[MOE_TRACE] Group:1 Prob:0.60490 Alpha:0.49986
[MOE_TRACE] Group:2 Prob:0.98186 Alpha:0.50030
[MOE_TRACE] Group:0 Prob:0.89666 Alpha:0.50018
[MOE_TRACE] Group:1 Prob:0.60588 Alpha:0.49986
[MOE_TRACE] Group:0 Prob:0.89666 Alpha:0.50018
[MOE_TRACE] Group:2 Prob:0.98019 Alpha:0.50032
[MOE_TRACE] Group:0 Prob:0.89666 Alpha:0.50018
[MOE_TRACE] Group:1 Prob:0.60588 Alpha:0.49986
[MOE_TRACE] Group:1 Prob:0.60588 Alpha:0.49986
[MOE_TRACE] Group:2 Prob:0.98019 Alpha:0.50032
[MOE_TRACE] Group:2 Prob:0.98019 Alpha:0.50032
[MOE_TRACE] Group:0 Prob:0.89666 Alpha:0.50018
[MOE_TRACE] Group:1 Prob:0.60588 Alpha:0.49986
[MOE_TRACE] Group:2 Prob:0.98019 Alpha:0.50032
[MOE_TRACE] Group:0 Prob:0.89508 Alpha:0.50019
[MOE_TRACE] Group:0 Prob:0.89508 Alpha:0.50019
[MOE_TRACE] Group:0 Prob:0.89508 Alpha:0.50019
[MOE_TRACE] Group:1 Prob:0.60403 Alpha:0.49986
[MOE_TRACE] Group:1 Prob:0.60403 Alpha:0.49986[MOE_TRACE] Group:1 Prob:0.60403 Alpha:0.49986

[MOE_TRACE] Group:2 Prob:0.97882 Alpha:0.50035
[MOE_TRACE] Group:2 Prob:0.97882 Alpha:0.50035
[MOE_TRACE] Group:2 Prob:0.97882 Alpha:0.50035
[MOE_TRACE] Group:0 Prob:0.89508 Alpha:0.50019
[MOE_TRACE] Group:1 Prob:0.60403 Alpha:0.49986
[MOE_TRACE] Group:2 Prob:0.97882 Alpha:0.50035
[MOE_TRACE] Group:0 Prob:0.88185 Alpha:0.50020
[MOE_TRACE] Group:1 Prob:0.60302 Alpha:0.49986
[MOE_TRACE] Group:2 Prob:0.97755 Alpha:0.50036
[MOE_TRACE] Group:0 Prob:0.88185 Alpha:0.50020[MOE_TRACE] Group:0 Prob:0.88185 Alpha:0.50020[MOE_TRACE] Group:0 Prob:0.88185 Alpha:0.50020


[MOE_TRACE] Group:1 Prob:0.60302 Alpha:0.49986
[MOE_TRACE] Group:1 Prob:0.60302 Alpha:0.49986
[MOE_TRACE] Group:1 Prob:0.60302 Alpha:0.49986
[MOE_TRACE] Group:2 Prob:0.97755 Alpha:0.50036[MOE_TRACE] Group:2 Prob:0.97755 Alpha:0.50036

[MOE_TRACE] Group:2 Prob:0.97755 Alpha:0.50036
[MOE_TRACE] Group:0 Prob:0.88824 Alpha:0.50021
[MOE_TRACE] Group:0 Prob:0.88824 Alpha:0.50021
[MOE_TRACE] Group:1 Prob:0.60579 Alpha:0.49986
[MOE_TRACE] Group:0 Prob:0.88824 Alpha:0.50021
[MOE_TRACE] Group:1 Prob:0.60579 Alpha:0.49986
[MOE_TRACE] Group:2 Prob:0.97712 Alpha:0.50037
[MOE_TRACE] Group:1 Prob:0.60579 Alpha:0.49986
[MOE_TRACE] Group:2 Prob:0.97712 Alpha:0.50037
[MOE_TRACE] Group:2 Prob:0.97712 Alpha:0.50037
[MOE_TRACE] Group:0 Prob:0.88824 Alpha:0.50021
[MOE_TRACE] Group:1 Prob:0.60579 Alpha:0.49986
[MOE_TRACE] Group:2 Prob:0.97712 Alpha:0.50037
[MOE_TRACE] Group:0 Prob:0.89086 Alpha:0.50022
[MOE_TRACE] Group:1 Prob:0.60315 Alpha:0.49986
[MOE_TRACE] Group:2 Prob:0.97612 Alpha:0.50039
[MOE_TRACE] Group:0 Prob:0.89086 Alpha:0.50022
[MOE_TRACE] Group:1 Prob:0.60315 Alpha:0.49986
[MOE_TRACE] Group:2 Prob:0.97612 Alpha:0.50039
[MOE_TRACE] Group:0 Prob:0.89086 Alpha:0.50022
[MOE_TRACE] Group:1 Prob:0.60315 Alpha:0.49986
[MOE_TRACE] Group:2 Prob:0.97612 Alpha:0.50039
[MOE_TRACE] Group:0 Prob:0.89086 Alpha:0.50022
[MOE_TRACE] Group:1 Prob:0.60315 Alpha:0.49986
[MOE_TRACE] Group:2 Prob:0.97612 Alpha:0.50039
[MOE_TRACE] Group:0 Prob:0.88662 Alpha:0.50023
[MOE_TRACE] Group:1 Prob:0.60385 Alpha:0.49986
[MOE_TRACE] Group:2 Prob:0.97330 Alpha:0.50041
[MOE_TRACE] Group:0 Prob:0.88662 Alpha:0.50023[MOE_TRACE] Group:0 Prob:0.88662 Alpha:0.50023

[MOE_TRACE] Group:1 Prob:0.60385 Alpha:0.49986
[MOE_TRACE] Group:1 Prob:0.60385 Alpha:0.49986
[MOE_TRACE] Group:2 Prob:0.97330 Alpha:0.50041[MOE_TRACE] Group:2 Prob:0.97330 Alpha:0.50041[MOE_TRACE] Group:0 Prob:0.88662 Alpha:0.50023


[MOE_TRACE] Group:1 Prob:0.60385 Alpha:0.49986
[MOE_TRACE] Group:2 Prob:0.97330 Alpha:0.50041
[MOE_TRACE] Group:0 Prob:0.87834 Alpha:0.50025
[MOE_TRACE] Group:0 Prob:0.87834 Alpha:0.50025
[MOE_TRACE] Group:0 Prob:0.87834 Alpha:0.50025
[MOE_TRACE] Group:1 Prob:0.60151 Alpha:0.49986
[MOE_TRACE] Group:1 Prob:0.60151 Alpha:0.49986
[MOE_TRACE] Group:1 Prob:0.60151 Alpha:0.49986
[MOE_TRACE] Group:0 Prob:0.87834 Alpha:0.50025
[MOE_TRACE] Group:1 Prob:0.60151 Alpha:0.49986[MOE_TRACE] Group:2 Prob:0.96960 Alpha:0.50044[MOE_TRACE] Group:2 Prob:0.96960 Alpha:0.50044

[MOE_TRACE] Group:2 Prob:0.96960 Alpha:0.50044

[MOE_TRACE] Group:2 Prob:0.96960 Alpha:0.50044
[MOE_TRACE] Group:0 Prob:0.87795 Alpha:0.50026
[MOE_TRACE] Group:1 Prob:0.60285 Alpha:0.49986
[MOE_TRACE] Group:2 Prob:0.96979 Alpha:0.50045
[MOE_TRACE] Group:0 Prob:0.87795 Alpha:0.50026
[MOE_TRACE] Group:1 Prob:0.60285 Alpha:0.49986
[MOE_TRACE] Group:2 Prob:0.96979 Alpha:0.50045
[MOE_TRACE] Group:0 Prob:0.87795 Alpha:0.50026
[MOE_TRACE] Group:1 Prob:0.60285 Alpha:0.49986
[MOE_TRACE] Group:2 Prob:0.96979 Alpha:0.50045
[MOE_TRACE] Group:0 Prob:0.87795 Alpha:0.50026
[MOE_TRACE] Group:1 Prob:0.60285 Alpha:0.49986
[MOE_TRACE] Group:2 Prob:0.96979 Alpha:0.50045
[MOE_TRACE] Group:0 Prob:0.87907 Alpha:0.50026
[MOE_TRACE] Group:1 Prob:0.60350 Alpha:0.49986
[MOE_TRACE] Group:2 Prob:0.96995 Alpha:0.50044
[MOE_TRACE] Group:0 Prob:0.87907 Alpha:0.50026
[MOE_TRACE] Group:1 Prob:0.60350 Alpha:0.49986
[MOE_TRACE] Group:2 Prob:0.96995 Alpha:0.50044
[MOE_TRACE] Group:0 Prob:0.87907 Alpha:0.50026
[MOE_TRACE] Group:1 Prob:0.60350 Alpha:0.49986
[MOE_TRACE] Group:2 Prob:0.96995 Alpha:0.50044
[MOE_TRACE] Group:0 Prob:0.87907 Alpha:0.50026
[MOE_TRACE] Group:1 Prob:0.60350 Alpha:0.49986
[MOE_TRACE] Group:2 Prob:0.96995 Alpha:0.50044
[MOE_TRACE] Group:0 Prob:0.87180 Alpha:0.50026
[MOE_TRACE] Group:0 Prob:0.87180 Alpha:0.50026
[MOE_TRACE] Group:0 Prob:0.87180 Alpha:0.50026
[MOE_TRACE] Group:1 Prob:0.60639 Alpha:0.49986
[MOE_TRACE] Group:1 Prob:0.60639 Alpha:0.49986
[MOE_TRACE] Group:1 Prob:0.60639 Alpha:0.49986
[MOE_TRACE] Group:0 Prob:0.87180 Alpha:0.50026
[MOE_TRACE] Group:2 Prob:0.96984 Alpha:0.50045
[MOE_TRACE] Group:2 Prob:0.96984 Alpha:0.50045
[MOE_TRACE] Group:1 Prob:0.60639 Alpha:0.49986
[MOE_TRACE] Group:2 Prob:0.96984 Alpha:0.50045
[MOE_TRACE] Group:2 Prob:0.96984 Alpha:0.50045
[MOE_TRACE] Group:0 Prob:0.87694 Alpha:0.50027
[MOE_TRACE] Group:1 Prob:0.60504 Alpha:0.49986
[MOE_TRACE] Group:0 Prob:0.87694 Alpha:0.50027
[MOE_TRACE] Group:0 Prob:0.87694 Alpha:0.50027
[MOE_TRACE] Group:2 Prob:0.96987 Alpha:0.50045
[MOE_TRACE] Group:1 Prob:0.60504 Alpha:0.49986
[MOE_TRACE] Group:2 Prob:0.96987 Alpha:0.50045
[MOE_TRACE] Group:0 Prob:0.87694 Alpha:0.50027
[MOE_TRACE] Group:1 Prob:0.60504 Alpha:0.49986
[MOE_TRACE] Group:2 Prob:0.96987 Alpha:0.50045
[MOE_TRACE] Group:1 Prob:0.60504 Alpha:0.49986
[MOE_TRACE] Group:2 Prob:0.96987 Alpha:0.50045
[MOE_TRACE] Group:0 Prob:0.87174 Alpha:0.50028
[MOE_TRACE] Group:1 Prob:0.60248 Alpha:0.49986
[MOE_TRACE] Group:2 Prob:0.96783 Alpha:0.50046
[MOE_TRACE] Group:0 Prob:0.87174 Alpha:0.50028
[MOE_TRACE] Group:1 Prob:0.60248 Alpha:0.49986
[MOE_TRACE] Group:2 Prob:0.96899 Alpha:0.50046
[MOE_TRACE] Group:0 Prob:0.87174 Alpha:0.50028
[MOE_TRACE] Group:1 Prob:0.60248 Alpha:0.49986
[MOE_TRACE] Group:2 Prob:0.96899 Alpha:0.50046
[MOE_TRACE] Group:0 Prob:0.87174 Alpha:0.50028
[MOE_TRACE] Group:1 Prob:0.60248 Alpha:0.49986
[MOE_TRACE] Group:2 Prob:0.96899 Alpha:0.50046
[MOE_TRACE] Group:0 Prob:0.88103 Alpha:0.50027
[MOE_TRACE] Group:0 Prob:0.88103 Alpha:0.50027
[MOE_TRACE] Group:0 Prob:0.88103 Alpha:0.50027
[MOE_TRACE] Group:1 Prob:0.59855 Alpha:0.49986
[MOE_TRACE] Group:1 Prob:0.59855 Alpha:0.49986
[MOE_TRACE] Group:0 Prob:0.88103 Alpha:0.50027
[MOE_TRACE] Group:2 Prob:0.96875 Alpha:0.50045
[MOE_TRACE] Group:2 Prob:0.96875 Alpha:0.50045
[MOE_TRACE] Group:1 Prob:0.59855 Alpha:0.49986
[MOE_TRACE] Group:1 Prob:0.59855 Alpha:0.49986
[MOE_TRACE] Group:2 Prob:0.96875 Alpha:0.50045
[MOE_TRACE] Group:2 Prob:0.96875 Alpha:0.50045
[MOE_TRACE] Group:0 Prob:0.87975 Alpha:0.50026
[MOE_TRACE] Group:1 Prob:0.59490 Alpha:0.49985
[MOE_TRACE] Group:2 Prob:0.96984 Alpha:0.50046
[MOE_TRACE] Group:0 Prob:0.87975 Alpha:0.50026
[MOE_TRACE] Group:1 Prob:0.59490 Alpha:0.49985
[MOE_TRACE] Group:2 Prob:0.96984 Alpha:0.50046
[MOE_TRACE] Group:0 Prob:0.87975 Alpha:0.50026
[MOE_TRACE] Group:1 Prob:0.59490 Alpha:0.49985
[MOE_TRACE] Group:0 Prob:0.87975 Alpha:0.50026
[MOE_TRACE] Group:1 Prob:0.59490 Alpha:0.49985
[MOE_TRACE] Group:2 Prob:0.96984 Alpha:0.50046
[MOE_TRACE] Group:2 Prob:0.96984 Alpha:0.50046
[MOE_TRACE] Group:0 Prob:0.87470 Alpha:0.50026
[MOE_TRACE] Group:1 Prob:0.59599 Alpha:0.49986
[MOE_TRACE] Group:2 Prob:0.96768 Alpha:0.50047
[MOE_TRACE] Group:0 Prob:0.87470 Alpha:0.50026
[MOE_TRACE] Group:1 Prob:0.59599 Alpha:0.49986
[MOE_TRACE] Group:2 Prob:0.96768 Alpha:0.50047
[MOE_TRACE] Group:0 Prob:0.87470 Alpha:0.50026
[MOE_TRACE] Group:0 Prob:0.87470 Alpha:0.50026
[MOE_TRACE] Group:1 Prob:0.59599 Alpha:0.49986
[MOE_TRACE] Group:1 Prob:0.59599 Alpha:0.49986
[MOE_TRACE] Group:2 Prob:0.96768 Alpha:0.50047
[MOE_TRACE] Group:2 Prob:0.96768 Alpha:0.50047
[MOE_TRACE] Group:0 Prob:0.87820 Alpha:0.50026
[MOE_TRACE] Group:0 Prob:0.87820 Alpha:0.50026
[MOE_TRACE] Group:1 Prob:0.59648 Alpha:0.49986
[MOE_TRACE] Group:1 Prob:0.59648 Alpha:0.49986
[MOE_TRACE] Group:0 Prob:0.87820 Alpha:0.50026
[MOE_TRACE] Group:2 Prob:0.96596 Alpha:0.50049
[MOE_TRACE] Group:2 Prob:0.96596 Alpha:0.50049
[MOE_TRACE] Group:1 Prob:0.59648 Alpha:0.49986
[MOE_TRACE] Group:0 Prob:0.87820 Alpha:0.50026
[MOE_TRACE] Group:2 Prob:0.96596 Alpha:0.50049
[MOE_TRACE] Group:1 Prob:0.59648 Alpha:0.49986
[MOE_TRACE] Group:2 Prob:0.96596 Alpha:0.50049
[MOE_TRACE] Group:2 Prob:0.96407 Alpha:0.50050
[MOE_TRACE] Group:0 Prob:0.87686 Alpha:0.50027
[MOE_TRACE] Group:1 Prob:0.59453 Alpha:0.49986
[MOE_TRACE] Group:2 Prob:0.96310 Alpha:0.50050
[MOE_TRACE] Group:0 Prob:0.87686 Alpha:0.50027
[MOE_TRACE] Group:1 Prob:0.59453 Alpha:0.49986
[MOE_TRACE] Group:2 Prob:0.96310 Alpha:0.50050
[MOE_TRACE] Group:0 Prob:0.87686 Alpha:0.50027
[MOE_TRACE] Group:1 Prob:0.59453 Alpha:0.49986
[MOE_TRACE] Group:2 Prob:0.96310 Alpha:0.50050
[MOE_TRACE] Group:0 Prob:0.87885 Alpha:0.50027
[MOE_TRACE] Group:1 Prob:0.59407 Alpha:0.49986
[MOE_TRACE] Group:2 Prob:0.96117 Alpha:0.50051
[MOE_TRACE] Group:0 Prob:0.87885 Alpha:0.50027
[MOE_TRACE] Group:1 Prob:0.59407 Alpha:0.49986
[MOE_TRACE] Group:2 Prob:0.96117 Alpha:0.50051
[MOE_TRACE] Group:0 Prob:0.87885 Alpha:0.50027
[MOE_TRACE] Group:1 Prob:0.59407 Alpha:0.49986
[MOE_TRACE] Group:2 Prob:0.96117 Alpha:0.50051
[MOE_TRACE] Group:0 Prob:0.87885 Alpha:0.50027
[MOE_TRACE] Group:1 Prob:0.59407 Alpha:0.49986
[MOE_TRACE] Group:2 Prob:0.96117 Alpha:0.50051
[MOE_TRACE] Group:0 Prob:0.87679 Alpha:0.50028
[MOE_TRACE] Group:0 Prob:0.87679 Alpha:0.50028
[MOE_TRACE] Group:0 Prob:0.87679 Alpha:0.50028
[MOE_TRACE] Group:1 Prob:0.59298 Alpha:0.49986
[MOE_TRACE] Group:1 Prob:0.59298 Alpha:0.49986
[MOE_TRACE] Group:1 Prob:0.59298 Alpha:0.49986
[MOE_TRACE] Group:2 Prob:0.95974 Alpha:0.50052
[MOE_TRACE] Group:0 Prob:0.87679 Alpha:0.50028
[MOE_TRACE] Group:2 Prob:0.95974 Alpha:0.50052
[MOE_TRACE] Group:2 Prob:0.95974 Alpha:0.50052
[MOE_TRACE] Group:1 Prob:0.59298 Alpha:0.49986
[MOE_TRACE] Group:2 Prob:0.95974 Alpha:0.50052
[MOE_TRACE] Group:0 Prob:0.87493 Alpha:0.50028
[MOE_TRACE] Group:1 Prob:0.59284 Alpha:0.49986
[MOE_TRACE] Group:2 Prob:0.96286 Alpha:0.50050
[MOE_TRACE] Group:0 Prob:0.87493 Alpha:0.50028
[MOE_TRACE] Group:1 Prob:0.59284 Alpha:0.49986
[MOE_TRACE] Group:2 Prob:0.96286 Alpha:0.50050
[MOE_TRACE] Group:0 Prob:0.87493 Alpha:0.50028
[MOE_TRACE] Group:1 Prob:0.59284 Alpha:0.49986
[MOE_TRACE] Group:2 Prob:0.96286 Alpha:0.50050
[MOE_TRACE] Group:0 Prob:0.87493 Alpha:0.50028
[MOE_TRACE] Group:1 Prob:0.59284 Alpha:0.49986
[MOE_TRACE] Group:2 Prob:0.96286 Alpha:0.50050
[MOE_TRACE] Group:0 Prob:0.86783 Alpha:0.50028
[MOE_TRACE] Group:0 Prob:0.86783 Alpha:0.50028
[MOE_TRACE] Group:1 Prob:0.59469 Alpha:0.49986
[MOE_TRACE] Group:0 Prob:0.86783 Alpha:0.50028
[MOE_TRACE] Group:1 Prob:0.59469 Alpha:0.49986
[MOE_TRACE] Group:2 Prob:0.96341 Alpha:0.50049
[MOE_TRACE] Group:0 Prob:0.86783 Alpha:0.50028[MOE_TRACE] Group:1 Prob:0.59469 Alpha:0.49986[MOE_TRACE] Group:2 Prob:0.96341 Alpha:0.50049


[MOE_TRACE] Group:1 Prob:0.59469 Alpha:0.49986[MOE_TRACE] Group:2 Prob:0.96341 Alpha:0.50049

[MOE_TRACE] Group:2 Prob:0.96341 Alpha:0.50049
[MOE_TRACE] Group:0 Prob:0.87716 Alpha:0.50027
[MOE_TRACE] Group:1 Prob:0.58972 Alpha:0.49986
[MOE_TRACE] Group:2 Prob:0.96241 Alpha:0.50050
[MOE_TRACE] Group:0 Prob:0.87716 Alpha:0.50027
[MOE_TRACE] Group:0 Prob:0.87716 Alpha:0.50027[MOE_TRACE] Group:1 Prob:0.58972 Alpha:0.49986

[MOE_TRACE] Group:1 Prob:0.58972 Alpha:0.49986
[MOE_TRACE] Group:2 Prob:0.96241 Alpha:0.50050
[MOE_TRACE] Group:2 Prob:0.96241 Alpha:0.50050
[MOE_TRACE] Group:0 Prob:0.87716 Alpha:0.50027
[MOE_TRACE] Group:1 Prob:0.58972 Alpha:0.49986
[MOE_TRACE] Group:2 Prob:0.96241 Alpha:0.50050
[MOE_TRACE] Group:0 Prob:0.86762 Alpha:0.50028
[MOE_TRACE] Group:0 Prob:0.86762 Alpha:0.50028
[MOE_TRACE] Group:1 Prob:0.59100 Alpha:0.49986
[MOE_TRACE] Group:1 Prob:0.59100 Alpha:0.49986
[MOE_TRACE] Group:0 Prob:0.86762 Alpha:0.50028
[MOE_TRACE] Group:2 Prob:0.96357 Alpha:0.50050
[MOE_TRACE] Group:2 Prob:0.96357 Alpha:0.50050
[MOE_TRACE] Group:1 Prob:0.59100 Alpha:0.49986
[MOE_TRACE] Group:0 Prob:0.86762 Alpha:0.50028[MOE_TRACE] Group:2 Prob:0.96357 Alpha:0.50050

[MOE_TRACE] Group:1 Prob:0.59100 Alpha:0.49986
[MOE_TRACE] Group:2 Prob:0.96357 Alpha:0.50050
[MOE_TRACE] Group:0 Prob:0.86637 Alpha:0.50029
[MOE_TRACE] Group:1 Prob:0.59076 Alpha:0.49987
[MOE_TRACE] Group:0 Prob:0.86637 Alpha:0.50029
[MOE_TRACE] Group:1 Prob:0.59076 Alpha:0.49987
[MOE_TRACE] Group:2 Prob:0.96265 Alpha:0.50050
[MOE_TRACE] Group:2 Prob:0.96265 Alpha:0.50050
[MOE_TRACE] Group:0 Prob:0.86637 Alpha:0.50029
[MOE_TRACE] Group:1 Prob:0.59076 Alpha:0.49987
[MOE_TRACE] Group:2 Prob:0.96237 Alpha:0.50050
[MOE_TRACE] Group:0 Prob:0.86637 Alpha:0.50029
[MOE_TRACE] Group:1 Prob:0.59076 Alpha:0.49987
[MOE_TRACE] Group:2 Prob:0.96237 Alpha:0.50050
[MOE_TRACE] Group:0 Prob:0.87114 Alpha:0.50029
[MOE_TRACE] Group:0 Prob:0.87114 Alpha:0.50029
[MOE_TRACE] Group:1 Prob:0.59359 Alpha:0.49987[MOE_TRACE] Group:0 Prob:0.87114 Alpha:0.50029

[MOE_TRACE] Group:1 Prob:0.59359 Alpha:0.49987
[MOE_TRACE] Group:2 Prob:0.96295 Alpha:0.50050
[MOE_TRACE] Group:1 Prob:0.59359 Alpha:0.49987[MOE_TRACE] Group:2 Prob:0.96295 Alpha:0.50050

[MOE_TRACE] Group:0 Prob:0.87114 Alpha:0.50029
[MOE_TRACE] Group:2 Prob:0.96295 Alpha:0.50050
[MOE_TRACE] Group:1 Prob:0.59359 Alpha:0.49987
[MOE_TRACE] Group:2 Prob:0.96295 Alpha:0.50050
[MOE_TRACE] Group:0 Prob:0.87185 Alpha:0.50029
[MOE_TRACE] Group:1 Prob:0.59050 Alpha:0.49987
[MOE_TRACE] Group:2 Prob:0.96301 Alpha:0.50050
[MOE_TRACE] Group:0 Prob:0.87185 Alpha:0.50029
[MOE_TRACE] Group:1 Prob:0.59050 Alpha:0.49987
[MOE_TRACE] Group:2 Prob:0.96301 Alpha:0.50050
[MOE_TRACE] Group:0 Prob:0.87185 Alpha:0.50029
[MOE_TRACE] Group:1 Prob:0.59050 Alpha:0.49987
[MOE_TRACE] Group:2 Prob:0.96301 Alpha:0.50050
[MOE_TRACE] Group:0 Prob:0.87185 Alpha:0.50029
[MOE_TRACE] Group:1 Prob:0.59050 Alpha:0.49987
[MOE_TRACE] Group:2 Prob:0.96301 Alpha:0.50050
[MOE_TRACE] Group:0 Prob:0.87449 Alpha:0.50028
[MOE_TRACE] Group:1 Prob:0.59140 Alpha:0.49987
[MOE_TRACE] Group:2 Prob:0.96109 Alpha:0.50050
[MOE_TRACE] Group:0 Prob:0.87449 Alpha:0.50028
[MOE_TRACE] Group:1 Prob:0.59140 Alpha:0.49987
[MOE_TRACE] Group:2 Prob:0.96109 Alpha:0.50050
[MOE_TRACE] Group:0 Prob:0.87449 Alpha:0.50028
[MOE_TRACE] Group:0 Prob:0.87449 Alpha:0.50028
[MOE_TRACE] Group:1 Prob:0.59140 Alpha:0.49987
[MOE_TRACE] Group:1 Prob:0.59140 Alpha:0.49987
[MOE_TRACE] Group:2 Prob:0.96109 Alpha:0.50050
[MOE_TRACE] Group:2 Prob:0.96109 Alpha:0.50050
[MOE_TRACE] Group:0 Prob:0.87141 Alpha:0.50029
[MOE_TRACE] Group:0 Prob:0.87141 Alpha:0.50029
[MOE_TRACE] Group:0 Prob:0.87141 Alpha:0.50029
[MOE_TRACE] Group:1 Prob:0.59084 Alpha:0.49987
[MOE_TRACE] Group:1 Prob:0.59084 Alpha:0.49987
[MOE_TRACE] Group:0 Prob:0.87141 Alpha:0.50029
[MOE_TRACE] Group:1 Prob:0.59084 Alpha:0.49987
[MOE_TRACE] Group:2 Prob:0.96285 Alpha:0.50050
[MOE_TRACE] Group:2 Prob:0.96285 Alpha:0.50050
[MOE_TRACE] Group:1 Prob:0.59084 Alpha:0.49987[MOE_TRACE] Group:2 Prob:0.96285 Alpha:0.50050

[MOE_TRACE] Group:2 Prob:0.96285 Alpha:0.50050
[MOE_TRACE] Group:0 Prob:0.87250 Alpha:0.50029
[MOE_TRACE] Group:0 Prob:0.87250 Alpha:0.50029
[MOE_TRACE] Group:1 Prob:0.59107 Alpha:0.49987
[MOE_TRACE] Group:0 Prob:0.87250 Alpha:0.50029
[MOE_TRACE] Group:1 Prob:0.59107 Alpha:0.49987
[MOE_TRACE] Group:2 Prob:0.96377 Alpha:0.50050
[MOE_TRACE] Group:1 Prob:0.59107 Alpha:0.49987
[MOE_TRACE] Group:2 Prob:0.96377 Alpha:0.50050[MOE_TRACE] Group:2 Prob:0.96377 Alpha:0.50050

[MOE_TRACE] Group:0 Prob:0.87250 Alpha:0.50029
[MOE_TRACE] Group:1 Prob:0.59107 Alpha:0.49987
[MOE_TRACE] Group:2 Prob:0.96377 Alpha:0.50050
[MOE_TRACE] Group:0 Prob:0.86878 Alpha:0.50029
[MOE_TRACE] Group:0 Prob:0.86878 Alpha:0.50029
[MOE_TRACE] Group:0 Prob:0.86878 Alpha:0.50029
[MOE_TRACE] Group:1 Prob:0.59240 Alpha:0.49988
[MOE_TRACE] Group:1 Prob:0.59240 Alpha:0.49988
[MOE_TRACE] Group:1 Prob:0.59240 Alpha:0.49988
[MOE_TRACE] Group:2 Prob:0.96491 Alpha:0.50049
[MOE_TRACE] Group:2 Prob:0.96491 Alpha:0.50049
[MOE_TRACE] Group:2 Prob:0.96491 Alpha:0.50049
[MOE_TRACE] Group:0 Prob:0.86878 Alpha:0.50029
[MOE_TRACE] Group:1 Prob:0.59240 Alpha:0.49988
[MOE_TRACE] Group:2 Prob:0.96491 Alpha:0.50049
[MOE_TRACE] Group:0 Prob:0.87829 Alpha:0.50029
[MOE_TRACE] Group:1 Prob:0.58860 Alpha:0.49988
[MOE_TRACE] Group:2 Prob:0.96531 Alpha:0.50048
[MOE_TRACE] Group:0 Prob:0.87829 Alpha:0.50029
[MOE_TRACE] Group:1 Prob:0.58860 Alpha:0.49988
[MOE_TRACE] Group:2 Prob:0.96531 Alpha:0.50048
[MOE_TRACE] Group:0 Prob:0.87829 Alpha:0.50029
[MOE_TRACE] Group:1 Prob:0.58860 Alpha:0.49988
[MOE_TRACE] Group:2 Prob:0.96409 Alpha:0.50048
[MOE_TRACE] Group:0 Prob:0.87829 Alpha:0.50029
[MOE_TRACE] Group:1 Prob:0.58860 Alpha:0.49988
[MOE_TRACE] Group:2 Prob:0.96409 Alpha:0.50048
[MOE_TRACE] Group:0 Prob:0.86781 Alpha:0.50028
[MOE_TRACE] Group:0 Prob:0.86781 Alpha:0.50028
[MOE_TRACE] Group:1 Prob:0.59057 Alpha:0.49988
[MOE_TRACE] Group:1 Prob:0.59057 Alpha:0.49988
[MOE_TRACE] Group:2 Prob:0.96527 Alpha:0.50048[MOE_TRACE] Group:2 Prob:0.96527 Alpha:0.50048

[MOE_TRACE] Group:0 Prob:0.86781 Alpha:0.50028
[MOE_TRACE] Group:1 Prob:0.59057 Alpha:0.49988
[MOE_TRACE] Group:2 Prob:0.96527 Alpha:0.50048
[MOE_TRACE] Group:0 Prob:0.86781 Alpha:0.50028
[MOE_TRACE] Group:1 Prob:0.59057 Alpha:0.49988
[MOE_TRACE] Group:2 Prob:0.96527 Alpha:0.50048
[MOE_TRACE] Group:0 Prob:0.87140 Alpha:0.50029
[MOE_TRACE] Group:0 Prob:0.87140 Alpha:0.50029
[MOE_TRACE] Group:0 Prob:0.87140 Alpha:0.50029
[MOE_TRACE] Group:1 Prob:0.58980 Alpha:0.49988
[MOE_TRACE] Group:1 Prob:0.58980 Alpha:0.49988
[MOE_TRACE] Group:1 Prob:0.58980 Alpha:0.49988
[MOE_TRACE] Group:0 Prob:0.87140 Alpha:0.50029
[MOE_TRACE] Group:2 Prob:0.96424 Alpha:0.50048
[MOE_TRACE] Group:2 Prob:0.96424 Alpha:0.50048
[MOE_TRACE] Group:2 Prob:0.96424 Alpha:0.50048
[MOE_TRACE] Group:1 Prob:0.58980 Alpha:0.49988
[MOE_TRACE] Group:2 Prob:0.96424 Alpha:0.50048
[MOE_TRACE] Group:0 Prob:0.87435 Alpha:0.50029
[MOE_TRACE] Group:1 Prob:0.59404 Alpha:0.49989
[MOE_TRACE] Group:2 Prob:0.96515 Alpha:0.50048
[MOE_TRACE] Group:0 Prob:0.87435 Alpha:0.50029
[MOE_TRACE] Group:1 Prob:0.59404 Alpha:0.49989
[MOE_TRACE] Group:0 Prob:0.87435 Alpha:0.50029
[MOE_TRACE] Group:2 Prob:0.96515 Alpha:0.50048
[MOE_TRACE] Group:1 Prob:0.59404 Alpha:0.49989
[MOE_TRACE] Group:0 Prob:0.87435 Alpha:0.50029
[MOE_TRACE] Group:1 Prob:0.59404 Alpha:0.49989
[MOE_TRACE] Group:2 Prob:0.96515 Alpha:0.50048
[MOE_TRACE] Group:2 Prob:0.96515 Alpha:0.50048
[MOE_TRACE] Group:0 Prob:0.87467 Alpha:0.50029
[MOE_TRACE] Group:1 Prob:0.58974 Alpha:0.49989
[MOE_TRACE] Group:2 Prob:0.96543 Alpha:0.50049
[MOE_TRACE] Group:0 Prob:0.87467 Alpha:0.50029
[MOE_TRACE] Group:0 Prob:0.87467 Alpha:0.50029[MOE_TRACE] Group:0 Prob:0.87467 Alpha:0.50029[MOE_TRACE] Group:1 Prob:0.58974 Alpha:0.49989


[MOE_TRACE] Group:1 Prob:0.58974 Alpha:0.49989[MOE_TRACE] Group:1 Prob:0.58974 Alpha:0.49989

[MOE_TRACE] Group:2 Prob:0.96543 Alpha:0.50049
[MOE_TRACE] Group:2 Prob:0.96543 Alpha:0.50049[MOE_TRACE] Group:2 Prob:0.96543 Alpha:0.50049

[MOE_TRACE] Group:0 Prob:0.86600 Alpha:0.50028
[MOE_TRACE] Group:1 Prob:0.59102 Alpha:0.49989
[MOE_TRACE] Group:2 Prob:0.96436 Alpha:0.50049
[MOE_TRACE] Group:0 Prob:0.86600 Alpha:0.50028
[MOE_TRACE] Group:1 Prob:0.59102 Alpha:0.49989
[MOE_TRACE] Group:2 Prob:0.96436 Alpha:0.50049
[MOE_TRACE] Group:0 Prob:0.86600 Alpha:0.50028
[MOE_TRACE] Group:1 Prob:0.59102 Alpha:0.49989
[MOE_TRACE] Group:2 Prob:0.96436 Alpha:0.50049
[MOE_TRACE] Group:0 Prob:0.86600 Alpha:0.50028
[MOE_TRACE] Group:1 Prob:0.59102 Alpha:0.49989
[MOE_TRACE] Group:2 Prob:0.96436 Alpha:0.50049
[MOE_TRACE] Group:0 Prob:0.87779 Alpha:0.50028
[MOE_TRACE] Group:1 Prob:0.58687 Alpha:0.49989
[MOE_TRACE] Group:0 Prob:0.87779 Alpha:0.50028
[MOE_TRACE] Group:2 Prob:0.96528 Alpha:0.50048
[MOE_TRACE] Group:0 Prob:0.87779 Alpha:0.50028
[MOE_TRACE] Group:1 Prob:0.58687 Alpha:0.49989
[MOE_TRACE] Group:1 Prob:0.58687 Alpha:0.49989
[MOE_TRACE] Group:0 Prob:0.87779 Alpha:0.50028[MOE_TRACE] Group:2 Prob:0.96528 Alpha:0.50048
[MOE_TRACE] Group:2 Prob:0.96528 Alpha:0.50048

[MOE_TRACE] Group:1 Prob:0.58687 Alpha:0.49989
[MOE_TRACE] Group:2 Prob:0.96528 Alpha:0.50048
[MOE_TRACE] Group:0 Prob:0.87655 Alpha:0.50028
[MOE_TRACE] Group:0 Prob:0.87655 Alpha:0.50028
[MOE_TRACE] Group:1 Prob:0.58357 Alpha:0.49989
[MOE_TRACE] Group:1 Prob:0.58357 Alpha:0.49989
[MOE_TRACE] Group:2 Prob:0.96543 Alpha:0.50048
[MOE_TRACE] Group:2 Prob:0.96543 Alpha:0.50048
[MOE_TRACE] Group:0 Prob:0.87655 Alpha:0.50028
[MOE_TRACE] Group:1 Prob:0.58357 Alpha:0.49989
[MOE_TRACE] Group:2 Prob:0.96543 Alpha:0.50048
[MOE_TRACE] Group:0 Prob:0.87655 Alpha:0.50028
[MOE_TRACE] Group:1 Prob:0.58357 Alpha:0.49989
[MOE_TRACE] Group:2 Prob:0.96543 Alpha:0.50048
	iters: 100, epoch: 1 | loss: 0.3758467
	speed: 0.3195s/iter; left time: 438.0484s
[MOE_TRACE] Group:0 Prob:0.87288 Alpha:0.50029
[MOE_TRACE] Group:1 Prob:0.58783 Alpha:0.49989
[MOE_TRACE] Group:2 Prob:0.96483 Alpha:0.50048
[MOE_TRACE] Group:0 Prob:0.87288 Alpha:0.50029
[MOE_TRACE] Group:1 Prob:0.58783 Alpha:0.49989
[MOE_TRACE] Group:2 Prob:0.96483 Alpha:0.50048
[MOE_TRACE] Group:0 Prob:0.87288 Alpha:0.50029
[MOE_TRACE] Group:1 Prob:0.58783 Alpha:0.49989
[MOE_TRACE] Group:2 Prob:0.96483 Alpha:0.50048
[MOE_TRACE] Group:0 Prob:0.87288 Alpha:0.50029
[MOE_TRACE] Group:1 Prob:0.58783 Alpha:0.49989
[MOE_TRACE] Group:2 Prob:0.96483 Alpha:0.50048
[MOE_TRACE] Group:0 Prob:0.87325 Alpha:0.50029
[MOE_TRACE] Group:0 Prob:0.87325 Alpha:0.50029
[MOE_TRACE] Group:1 Prob:0.58604 Alpha:0.49990
[MOE_TRACE] Group:1 Prob:0.58604 Alpha:0.49990
[MOE_TRACE] Group:0 Prob:0.87325 Alpha:0.50029
[MOE_TRACE] Group:2 Prob:0.96402 Alpha:0.50048
[MOE_TRACE] Group:2 Prob:0.96402 Alpha:0.50048
[MOE_TRACE] Group:1 Prob:0.58604 Alpha:0.49990
[MOE_TRACE] Group:0 Prob:0.87325 Alpha:0.50029
[MOE_TRACE] Group:2 Prob:0.96402 Alpha:0.50048
[MOE_TRACE] Group:1 Prob:0.58604 Alpha:0.49990
[MOE_TRACE] Group:2 Prob:0.96402 Alpha:0.50048
[MOE_TRACE] Group:0 Prob:0.87285 Alpha:0.50030
[MOE_TRACE] Group:1 Prob:0.58129 Alpha:0.49990
[MOE_TRACE] Group:2 Prob:0.96338 Alpha:0.50049
[MOE_TRACE] Group:0 Prob:0.87285 Alpha:0.50030
[MOE_TRACE] Group:1 Prob:0.58129 Alpha:0.49990
[MOE_TRACE] Group:2 Prob:0.96338 Alpha:0.50049
[MOE_TRACE] Group:0 Prob:0.87285 Alpha:0.50030
[MOE_TRACE] Group:1 Prob:0.58129 Alpha:0.49990
[MOE_TRACE] Group:2 Prob:0.96338 Alpha:0.50049
[MOE_TRACE] Group:0 Prob:0.87285 Alpha:0.50030
[MOE_TRACE] Group:1 Prob:0.58129 Alpha:0.49990
[MOE_TRACE] Group:2 Prob:0.96338 Alpha:0.50049
[MOE_TRACE] Group:0 Prob:0.87235 Alpha:0.50029
[MOE_TRACE] Group:1 Prob:0.57947 Alpha:0.49990
[MOE_TRACE] Group:0 Prob:0.87235 Alpha:0.50029
[MOE_TRACE] Group:1 Prob:0.57693 Alpha:0.49990
[MOE_TRACE] Group:2 Prob:0.96158 Alpha:0.50050
[MOE_TRACE] Group:0 Prob:0.87235 Alpha:0.50029
[MOE_TRACE] Group:0 Prob:0.87235 Alpha:0.50029
[MOE_TRACE] Group:1 Prob:0.57693 Alpha:0.49990
[MOE_TRACE] Group:1 Prob:0.57693 Alpha:0.49990
[MOE_TRACE] Group:2 Prob:0.96281 Alpha:0.50050
[MOE_TRACE] Group:2 Prob:0.96281 Alpha:0.50050
[MOE_TRACE] Group:0 Prob:0.86630 Alpha:0.50029
[MOE_TRACE] Group:0 Prob:0.86630 Alpha:0.50029
[MOE_TRACE] Group:0 Prob:0.86630 Alpha:0.50029
[MOE_TRACE] Group:1 Prob:0.57618 Alpha:0.49990
[MOE_TRACE] Group:1 Prob:0.57618 Alpha:0.49990
[MOE_TRACE] Group:1 Prob:0.57618 Alpha:0.49990
[MOE_TRACE] Group:0 Prob:0.86630 Alpha:0.50029
[MOE_TRACE] Group:2 Prob:0.96185 Alpha:0.50050
[MOE_TRACE] Group:2 Prob:0.96185 Alpha:0.50050
[MOE_TRACE] Group:2 Prob:0.96185 Alpha:0.50050
[MOE_TRACE] Group:1 Prob:0.57618 Alpha:0.49990
[MOE_TRACE] Group:2 Prob:0.96185 Alpha:0.50050
[MOE_TRACE] Group:0 Prob:0.86640 Alpha:0.50029
[MOE_TRACE] Group:1 Prob:0.58058 Alpha:0.49990
[MOE_TRACE] Group:2 Prob:0.96462 Alpha:0.50049
[MOE_TRACE] Group:0 Prob:0.86640 Alpha:0.50029
[MOE_TRACE] Group:1 Prob:0.58058 Alpha:0.49990
[MOE_TRACE] Group:2 Prob:0.96462 Alpha:0.50049
[MOE_TRACE] Group:0 Prob:0.86640 Alpha:0.50029
[MOE_TRACE] Group:1 Prob:0.58058 Alpha:0.49990
[MOE_TRACE] Group:2 Prob:0.96462 Alpha:0.50049
[MOE_TRACE] Group:0 Prob:0.86640 Alpha:0.50029
[MOE_TRACE] Group:1 Prob:0.58058 Alpha:0.49990
[MOE_TRACE] Group:2 Prob:0.96462 Alpha:0.50049
[MOE_TRACE] Group:0 Prob:0.87651 Alpha:0.50029
[MOE_TRACE] Group:1 Prob:0.57254 Alpha:0.49991
[MOE_TRACE] Group:2 Prob:0.96367 Alpha:0.50049
[MOE_TRACE] Group:0 Prob:0.87651 Alpha:0.50029
[MOE_TRACE] Group:1 Prob:0.57254 Alpha:0.49991
[MOE_TRACE] Group:2 Prob:0.96367 Alpha:0.50049
[MOE_TRACE] Group:0 Prob:0.87651 Alpha:0.50029
[MOE_TRACE] Group:1 Prob:0.57254 Alpha:0.49991
[MOE_TRACE] Group:2 Prob:0.96367 Alpha:0.50049
[MOE_TRACE] Group:0 Prob:0.87651 Alpha:0.50029
[MOE_TRACE] Group:1 Prob:0.57254 Alpha:0.49991
[MOE_TRACE] Group:2 Prob:0.96367 Alpha:0.50049
[MOE_TRACE] Group:0 Prob:0.87133 Alpha:0.50028
[MOE_TRACE] Group:1 Prob:0.57449 Alpha:0.49991
[MOE_TRACE] Group:2 Prob:0.96301 Alpha:0.50049
[MOE_TRACE] Group:0 Prob:0.87133 Alpha:0.50028
[MOE_TRACE] Group:0 Prob:0.87133 Alpha:0.50028
[MOE_TRACE] Group:1 Prob:0.57449 Alpha:0.49991
[MOE_TRACE] Group:1 Prob:0.57449 Alpha:0.49991
[MOE_TRACE] Group:2 Prob:0.96301 Alpha:0.50049
[MOE_TRACE] Group:2 Prob:0.96301 Alpha:0.50049
[MOE_TRACE] Group:0 Prob:0.87133 Alpha:0.50028
[MOE_TRACE] Group:1 Prob:0.57449 Alpha:0.49991
[MOE_TRACE] Group:2 Prob:0.96301 Alpha:0.50049
[MOE_TRACE] Group:0 Prob:0.87876 Alpha:0.50028
[MOE_TRACE] Group:0 Prob:0.87876 Alpha:0.50028
[MOE_TRACE] Group:0 Prob:0.87876 Alpha:0.50028
[MOE_TRACE] Group:0 Prob:0.87876 Alpha:0.50028
[MOE_TRACE] Group:1 Prob:0.57087 Alpha:0.49991
[MOE_TRACE] Group:1 Prob:0.57087 Alpha:0.49991
[MOE_TRACE] Group:1 Prob:0.57087 Alpha:0.49991
[MOE_TRACE] Group:2 Prob:0.96091 Alpha:0.50050
[MOE_TRACE] Group:2 Prob:0.96091 Alpha:0.50050
[MOE_TRACE] Group:1 Prob:0.57087 Alpha:0.49991
[MOE_TRACE] Group:2 Prob:0.96091 Alpha:0.50050
[MOE_TRACE] Group:2 Prob:0.96091 Alpha:0.50050
[MOE_TRACE] Group:0 Prob:0.87426 Alpha:0.50029
[MOE_TRACE] Group:1 Prob:0.57255 Alpha:0.49991
[MOE_TRACE] Group:2 Prob:0.96130 Alpha:0.50051
[MOE_TRACE] Group:0 Prob:0.87426 Alpha:0.50029
[MOE_TRACE] Group:0 Prob:0.87426 Alpha:0.50029
[MOE_TRACE] Group:1 Prob:0.57255 Alpha:0.49991
[MOE_TRACE] Group:1 Prob:0.57255 Alpha:0.49991
[MOE_TRACE] Group:2 Prob:0.96130 Alpha:0.50051
[MOE_TRACE] Group:2 Prob:0.96130 Alpha:0.50051
[MOE_TRACE] Group:0 Prob:0.87426 Alpha:0.50029
[MOE_TRACE] Group:1 Prob:0.57255 Alpha:0.49991
[MOE_TRACE] Group:2 Prob:0.96130 Alpha:0.50051
[MOE_TRACE] Group:0 Prob:0.86435 Alpha:0.50029
[MOE_TRACE] Group:0 Prob:0.86435 Alpha:0.50029
[MOE_TRACE] Group:0 Prob:0.86435 Alpha:0.50029
[MOE_TRACE] Group:0 Prob:0.86435 Alpha:0.50029[MOE_TRACE] Group:1 Prob:0.56911 Alpha:0.49991

[MOE_TRACE] Group:1 Prob:0.56911 Alpha:0.49991
[MOE_TRACE] Group:1 Prob:0.56911 Alpha:0.49991
[MOE_TRACE] Group:1 Prob:0.56911 Alpha:0.49991
[MOE_TRACE] Group:2 Prob:0.95716 Alpha:0.50052[MOE_TRACE] Group:2 Prob:0.95716 Alpha:0.50052
[MOE_TRACE] Group:2 Prob:0.95716 Alpha:0.50052

[MOE_TRACE] Group:2 Prob:0.95716 Alpha:0.50052
[MOE_TRACE] Group:0 Prob:0.87155 Alpha:0.50029
[MOE_TRACE] Group:1 Prob:0.56959 Alpha:0.49991
[MOE_TRACE] Group:0 Prob:0.87155 Alpha:0.50029
[MOE_TRACE] Group:2 Prob:0.95786 Alpha:0.50052
[MOE_TRACE] Group:1 Prob:0.56959 Alpha:0.49991
[MOE_TRACE] Group:0 Prob:0.87155 Alpha:0.50029
[MOE_TRACE] Group:2 Prob:0.95786 Alpha:0.50052
[MOE_TRACE] Group:1 Prob:0.56959 Alpha:0.49991
[MOE_TRACE] Group:2 Prob:0.95786 Alpha:0.50052
[MOE_TRACE] Group:0 Prob:0.87155 Alpha:0.50029
[MOE_TRACE] Group:1 Prob:0.56959 Alpha:0.49991
[MOE_TRACE] Group:2 Prob:0.95786 Alpha:0.50052
[MOE_TRACE] Group:0 Prob:0.87523 Alpha:0.50028
[MOE_TRACE] Group:0 Prob:0.87523 Alpha:0.50028[MOE_TRACE] Group:0 Prob:0.87523 Alpha:0.50028
[MOE_TRACE] Group:1 Prob:0.56928 Alpha:0.49991

[MOE_TRACE] Group:1 Prob:0.56928 Alpha:0.49991
[MOE_TRACE] Group:1 Prob:0.56928 Alpha:0.49991[MOE_TRACE] Group:2 Prob:0.95849 Alpha:0.50053

[MOE_TRACE] Group:2 Prob:0.95849 Alpha:0.50053
[MOE_TRACE] Group:2 Prob:0.95849 Alpha:0.50053
[MOE_TRACE] Group:0 Prob:0.87523 Alpha:0.50028
[MOE_TRACE] Group:1 Prob:0.56928 Alpha:0.49991
[MOE_TRACE] Group:2 Prob:0.95849 Alpha:0.50053
[MOE_TRACE] Group:0 Prob:0.87577 Alpha:0.50027
[MOE_TRACE] Group:1 Prob:0.56115 Alpha:0.49991
[MOE_TRACE] Group:2 Prob:0.95639 Alpha:0.50053
[MOE_TRACE] Group:0 Prob:0.87577 Alpha:0.50027
[MOE_TRACE] Group:1 Prob:0.56275 Alpha:0.49991
[MOE_TRACE] Group:2 Prob:0.95669 Alpha:0.50053
[MOE_TRACE] Group:0 Prob:0.87577 Alpha:0.50027
[MOE_TRACE] Group:1 Prob:0.56275 Alpha:0.49991
[MOE_TRACE] Group:2 Prob:0.95669 Alpha:0.50053
[MOE_TRACE] Group:0 Prob:0.87577 Alpha:0.50027
[MOE_TRACE] Group:1 Prob:0.56275 Alpha:0.49991
[MOE_TRACE] Group:2 Prob:0.95669 Alpha:0.50053
[MOE_TRACE] Group:0 Prob:0.87475 Alpha:0.50027
[MOE_TRACE] Group:0 Prob:0.87475 Alpha:0.50027
[MOE_TRACE] Group:0 Prob:0.87475 Alpha:0.50027
[MOE_TRACE] Group:1 Prob:0.56483 Alpha:0.49992
[MOE_TRACE] Group:1 Prob:0.56483 Alpha:0.49992
[MOE_TRACE] Group:1 Prob:0.56483 Alpha:0.49992
[MOE_TRACE] Group:2 Prob:0.95685 Alpha:0.50053
[MOE_TRACE] Group:2 Prob:0.95685 Alpha:0.50053
[MOE_TRACE] Group:2 Prob:0.95685 Alpha:0.50053
[MOE_TRACE] Group:0 Prob:0.87475 Alpha:0.50027
[MOE_TRACE] Group:1 Prob:0.56483 Alpha:0.49992
[MOE_TRACE] Group:2 Prob:0.95685 Alpha:0.50053
[MOE_TRACE] Group:0 Prob:0.87131 Alpha:0.50027
[MOE_TRACE] Group:1 Prob:0.56443 Alpha:0.49992
[MOE_TRACE] Group:2 Prob:0.95996 Alpha:0.50053
[MOE_TRACE] Group:0 Prob:0.87131 Alpha:0.50027
[MOE_TRACE] Group:0 Prob:0.87131 Alpha:0.50027
[MOE_TRACE] Group:1 Prob:0.56443 Alpha:0.49992
[MOE_TRACE] Group:1 Prob:0.56443 Alpha:0.49992
[MOE_TRACE] Group:0 Prob:0.87131 Alpha:0.50027
[MOE_TRACE] Group:2 Prob:0.95996 Alpha:0.50053
[MOE_TRACE] Group:2 Prob:0.95996 Alpha:0.50053[MOE_TRACE] Group:1 Prob:0.56443 Alpha:0.49992

[MOE_TRACE] Group:2 Prob:0.95996 Alpha:0.50053
[MOE_TRACE] Group:0 Prob:0.87602 Alpha:0.50026
[MOE_TRACE] Group:0 Prob:0.87602 Alpha:0.50026
[MOE_TRACE] Group:1 Prob:0.56617 Alpha:0.49992
[MOE_TRACE] Group:1 Prob:0.56617 Alpha:0.49992
[MOE_TRACE] Group:0 Prob:0.87602 Alpha:0.50026
[MOE_TRACE] Group:2 Prob:0.95777 Alpha:0.50052
[MOE_TRACE] Group:2 Prob:0.95777 Alpha:0.50052
[MOE_TRACE] Group:1 Prob:0.56617 Alpha:0.49992
[MOE_TRACE] Group:2 Prob:0.95777 Alpha:0.50052
[MOE_TRACE] Group:0 Prob:0.87602 Alpha:0.50026
[MOE_TRACE] Group:1 Prob:0.56617 Alpha:0.49992
[MOE_TRACE] Group:2 Prob:0.95777 Alpha:0.50052
[MOE_TRACE] Group:0 Prob:0.88518 Alpha:0.50026
[MOE_TRACE] Group:1 Prob:0.56253 Alpha:0.49992
[MOE_TRACE] Group:0 Prob:0.88518 Alpha:0.50026
[MOE_TRACE] Group:0 Prob:0.88518 Alpha:0.50026
[MOE_TRACE] Group:1 Prob:0.56253 Alpha:0.49992
[MOE_TRACE] Group:1 Prob:0.56253 Alpha:0.49992
[MOE_TRACE] Group:0 Prob:0.88518 Alpha:0.50026[MOE_TRACE] Group:2 Prob:0.95686 Alpha:0.50053

[MOE_TRACE] Group:2 Prob:0.95686 Alpha:0.50053[MOE_TRACE] Group:2 Prob:0.95686 Alpha:0.50053

[MOE_TRACE] Group:1 Prob:0.56253 Alpha:0.49992
[MOE_TRACE] Group:2 Prob:0.95686 Alpha:0.50053
[MOE_TRACE] Group:0 Prob:0.87807 Alpha:0.50027
[MOE_TRACE] Group:0 Prob:0.87807 Alpha:0.50027
[MOE_TRACE] Group:1 Prob:0.56404 Alpha:0.49993
[MOE_TRACE] Group:1 Prob:0.56404 Alpha:0.49993
[MOE_TRACE] Group:2 Prob:0.95607 Alpha:0.50054
[MOE_TRACE] Group:2 Prob:0.95607 Alpha:0.50054
[MOE_TRACE] Group:0 Prob:0.87807 Alpha:0.50027
[MOE_TRACE] Group:1 Prob:0.56404 Alpha:0.49993
[MOE_TRACE] Group:2 Prob:0.95607 Alpha:0.50054
[MOE_TRACE] Group:0 Prob:0.87807 Alpha:0.50027
[MOE_TRACE] Group:1 Prob:0.56404 Alpha:0.49993
[MOE_TRACE] Group:2 Prob:0.95607 Alpha:0.50054
[MOE_TRACE] Group:0 Prob:0.87990 Alpha:0.50027
[MOE_TRACE] Group:1 Prob:0.56408 Alpha:0.49993
[MOE_TRACE] Group:2 Prob:0.95479 Alpha:0.50054
[MOE_TRACE] Group:0 Prob:0.87990 Alpha:0.50027
[MOE_TRACE] Group:1 Prob:0.56408 Alpha:0.49993
[MOE_TRACE] Group:2 Prob:0.95479 Alpha:0.50054
[MOE_TRACE] Group:0 Prob:0.87990 Alpha:0.50027
[MOE_TRACE] Group:1 Prob:0.56408 Alpha:0.49993
[MOE_TRACE] Group:2 Prob:0.95479 Alpha:0.50054
[MOE_TRACE] Group:0 Prob:0.87990 Alpha:0.50027
[MOE_TRACE] Group:1 Prob:0.56408 Alpha:0.49993
[MOE_TRACE] Group:2 Prob:0.95479 Alpha:0.50054
[MOE_TRACE] Group:0 Prob:0.87645 Alpha:0.50027
[MOE_TRACE] Group:0 Prob:0.87645 Alpha:0.50027
[MOE_TRACE] Group:0 Prob:0.87645 Alpha:0.50027
[MOE_TRACE] Group:0 Prob:0.87645 Alpha:0.50027[MOE_TRACE] Group:1 Prob:0.55951 Alpha:0.49993
[MOE_TRACE] Group:1 Prob:0.55951 Alpha:0.49993

[MOE_TRACE] Group:1 Prob:0.55951 Alpha:0.49993[MOE_TRACE] Group:2 Prob:0.95649 Alpha:0.50054[MOE_TRACE] Group:1 Prob:0.55951 Alpha:0.49993

[MOE_TRACE] Group:2 Prob:0.95649 Alpha:0.50054

[MOE_TRACE] Group:2 Prob:0.95649 Alpha:0.50054
[MOE_TRACE] Group:2 Prob:0.95649 Alpha:0.50054
[MOE_TRACE] Group:0 Prob:0.87833 Alpha:0.50027
[MOE_TRACE] Group:0 Prob:0.87833 Alpha:0.50027
[MOE_TRACE] Group:1 Prob:0.56479 Alpha:0.49992
[MOE_TRACE] Group:2 Prob:0.95802 Alpha:0.50053
[MOE_TRACE] Group:1 Prob:0.56479 Alpha:0.49992
[MOE_TRACE] Group:0 Prob:0.87833 Alpha:0.50027
[MOE_TRACE] Group:1 Prob:0.56479 Alpha:0.49992
[MOE_TRACE] Group:2 Prob:0.95802 Alpha:0.50053
[MOE_TRACE] Group:2 Prob:0.95802 Alpha:0.50053
[MOE_TRACE] Group:0 Prob:0.87833 Alpha:0.50027
[MOE_TRACE] Group:1 Prob:0.56479 Alpha:0.49992
[MOE_TRACE] Group:2 Prob:0.95802 Alpha:0.50053
[MOE_TRACE] Group:0 Prob:0.88110 Alpha:0.50027
[MOE_TRACE] Group:1 Prob:0.55910 Alpha:0.49993
[MOE_TRACE] Group:0 Prob:0.88110 Alpha:0.50027
[MOE_TRACE] Group:0 Prob:0.88110 Alpha:0.50027
[MOE_TRACE] Group:2 Prob:0.95826 Alpha:0.50053
[MOE_TRACE] Group:1 Prob:0.55910 Alpha:0.49993
[MOE_TRACE] Group:2 Prob:0.95826 Alpha:0.50053
[MOE_TRACE] Group:1 Prob:0.55910 Alpha:0.49993
[MOE_TRACE] Group:2 Prob:0.95826 Alpha:0.50053
[MOE_TRACE] Group:0 Prob:0.88110 Alpha:0.50027
[MOE_TRACE] Group:1 Prob:0.55910 Alpha:0.49993
[MOE_TRACE] Group:2 Prob:0.95826 Alpha:0.50053
[MOE_TRACE] Group:0 Prob:0.87645 Alpha:0.50027
[MOE_TRACE] Group:0 Prob:0.87645 Alpha:0.50027
[MOE_TRACE] Group:0 Prob:0.87645 Alpha:0.50027
[MOE_TRACE] Group:1 Prob:0.55792 Alpha:0.49993
[MOE_TRACE] Group:0 Prob:0.87645 Alpha:0.50027
[MOE_TRACE] Group:1 Prob:0.55792 Alpha:0.49993
[MOE_TRACE] Group:2 Prob:0.95612 Alpha:0.50054
[MOE_TRACE] Group:2 Prob:0.95612 Alpha:0.50054
[MOE_TRACE] Group:1 Prob:0.55792 Alpha:0.49993
[MOE_TRACE] Group:2 Prob:0.95612 Alpha:0.50054
[MOE_TRACE] Group:1 Prob:0.55792 Alpha:0.49993
[MOE_TRACE] Group:2 Prob:0.95612 Alpha:0.50054
[MOE_TRACE] Group:0 Prob:0.87758 Alpha:0.50027
[MOE_TRACE] Group:1 Prob:0.55705 Alpha:0.49993
[MOE_TRACE] Group:0 Prob:0.87758 Alpha:0.50027
[MOE_TRACE] Group:2 Prob:0.95426 Alpha:0.50055
[MOE_TRACE] Group:0 Prob:0.87758 Alpha:0.50027
[MOE_TRACE] Group:1 Prob:0.55705 Alpha:0.49993
[MOE_TRACE] Group:2 Prob:0.95426 Alpha:0.50055
[MOE_TRACE] Group:1 Prob:0.55705 Alpha:0.49993
[MOE_TRACE] Group:0 Prob:0.87758 Alpha:0.50027
[MOE_TRACE] Group:2 Prob:0.95426 Alpha:0.50055
[MOE_TRACE] Group:1 Prob:0.55705 Alpha:0.49993
[MOE_TRACE] Group:2 Prob:0.95426 Alpha:0.50055
[MOE_TRACE] Group:0 Prob:0.87714 Alpha:0.50027
[MOE_TRACE] Group:1 Prob:0.55700 Alpha:0.49993
[MOE_TRACE] Group:2 Prob:0.95192 Alpha:0.50055
[MOE_TRACE] Group:0 Prob:0.87714 Alpha:0.50027
[MOE_TRACE] Group:1 Prob:0.55700 Alpha:0.49993
[MOE_TRACE] Group:2 Prob:0.95192 Alpha:0.50055
[MOE_TRACE] Group:0 Prob:0.87714 Alpha:0.50027
[MOE_TRACE] Group:1 Prob:0.55700 Alpha:0.49993
[MOE_TRACE] Group:2 Prob:0.95192 Alpha:0.50055
[MOE_TRACE] Group:0 Prob:0.87714 Alpha:0.50027
[MOE_TRACE] Group:1 Prob:0.55700 Alpha:0.49993
[MOE_TRACE] Group:2 Prob:0.95192 Alpha:0.50055
[MOE_TRACE] Group:0 Prob:0.88170 Alpha:0.50027
[MOE_TRACE] Group:1 Prob:0.55949 Alpha:0.49993
[MOE_TRACE] Group:2 Prob:0.95521 Alpha:0.50054
[MOE_TRACE] Group:0 Prob:0.88170 Alpha:0.50027
[MOE_TRACE] Group:1 Prob:0.55949 Alpha:0.49993
[MOE_TRACE] Group:2 Prob:0.95521 Alpha:0.50054
[MOE_TRACE] Group:0 Prob:0.88170 Alpha:0.50027
[MOE_TRACE] Group:1 Prob:0.55949 Alpha:0.49993
[MOE_TRACE] Group:2 Prob:0.95521 Alpha:0.50054
[MOE_TRACE] Group:0 Prob:0.88170 Alpha:0.50027
[MOE_TRACE] Group:1 Prob:0.55949 Alpha:0.49993
[MOE_TRACE] Group:2 Prob:0.95521 Alpha:0.50054
[MOE_TRACE] Group:0 Prob:0.87474 Alpha:0.50026
[MOE_TRACE] Group:0 Prob:0.87474 Alpha:0.50026
[MOE_TRACE] Group:0 Prob:0.87474 Alpha:0.50026
[MOE_TRACE] Group:1 Prob:0.56105 Alpha:0.49993
[MOE_TRACE] Group:1 Prob:0.56105 Alpha:0.49993
[MOE_TRACE] Group:1 Prob:0.56105 Alpha:0.49993
[MOE_TRACE] Group:0 Prob:0.87474 Alpha:0.50026
[MOE_TRACE] Group:2 Prob:0.95658 Alpha:0.50054
[MOE_TRACE] Group:2 Prob:0.95658 Alpha:0.50054
[MOE_TRACE] Group:2 Prob:0.95658 Alpha:0.50054
[MOE_TRACE] Group:1 Prob:0.56105 Alpha:0.49993
[MOE_TRACE] Group:2 Prob:0.95658 Alpha:0.50054
[MOE_TRACE] Group:0 Prob:0.87727 Alpha:0.50026
[MOE_TRACE] Group:0 Prob:0.87727 Alpha:0.50026
[MOE_TRACE] Group:1 Prob:0.56181 Alpha:0.49993
[MOE_TRACE] Group:1 Prob:0.56181 Alpha:0.49993
[MOE_TRACE] Group:2 Prob:0.95555 Alpha:0.50054
[MOE_TRACE] Group:0 Prob:0.87727 Alpha:0.50026
[MOE_TRACE] Group:2 Prob:0.95555 Alpha:0.50054
[MOE_TRACE] Group:1 Prob:0.56181 Alpha:0.49993
[MOE_TRACE] Group:0 Prob:0.87727 Alpha:0.50026
[MOE_TRACE] Group:2 Prob:0.95555 Alpha:0.50054
[MOE_TRACE] Group:1 Prob:0.56181 Alpha:0.49993
[MOE_TRACE] Group:2 Prob:0.95555 Alpha:0.50054
[MOE_TRACE] Group:0 Prob:0.88297 Alpha:0.50026
[MOE_TRACE] Group:1 Prob:0.56089 Alpha:0.49994
[MOE_TRACE] Group:2 Prob:0.95304 Alpha:0.50055
[MOE_TRACE] Group:0 Prob:0.88297 Alpha:0.50026
[MOE_TRACE] Group:1 Prob:0.56089 Alpha:0.49994
[MOE_TRACE] Group:2 Prob:0.95304 Alpha:0.50055
[MOE_TRACE] Group:0 Prob:0.88297 Alpha:0.50026
[MOE_TRACE] Group:1 Prob:0.56089 Alpha:0.49994
[MOE_TRACE] Group:2 Prob:0.95304 Alpha:0.50055
[MOE_TRACE] Group:0 Prob:0.88297 Alpha:0.50026
[MOE_TRACE] Group:1 Prob:0.56089 Alpha:0.49994
[MOE_TRACE] Group:2 Prob:0.95304 Alpha:0.50055
[MOE_TRACE] Group:0 Prob:0.88179 Alpha:0.50026
[MOE_TRACE] Group:1 Prob:0.55962 Alpha:0.49994
[MOE_TRACE] Group:2 Prob:0.95252 Alpha:0.50056
[MOE_TRACE] Group:0 Prob:0.88179 Alpha:0.50026
[MOE_TRACE] Group:1 Prob:0.55962 Alpha:0.49994
[MOE_TRACE] Group:2 Prob:0.95252 Alpha:0.50056
[MOE_TRACE] Group:0 Prob:0.88179 Alpha:0.50026
[MOE_TRACE] Group:1 Prob:0.55962 Alpha:0.49994
[MOE_TRACE] Group:2 Prob:0.95252 Alpha:0.50056
[MOE_TRACE] Group:0 Prob:0.88179 Alpha:0.50026
[MOE_TRACE] Group:1 Prob:0.55962 Alpha:0.49994
[MOE_TRACE] Group:2 Prob:0.95252 Alpha:0.50056
[MOE_TRACE] Group:0 Prob:0.87724 Alpha:0.50026
[MOE_TRACE] Group:0 Prob:0.87724 Alpha:0.50026
[MOE_TRACE] Group:1 Prob:0.55994 Alpha:0.49995
[MOE_TRACE] Group:0 Prob:0.87724 Alpha:0.50026
[MOE_TRACE] Group:1 Prob:0.55994 Alpha:0.49995
[MOE_TRACE] Group:1 Prob:0.55994 Alpha:0.49995
[MOE_TRACE] Group:2 Prob:0.95192 Alpha:0.50056
[MOE_TRACE] Group:2 Prob:0.95192 Alpha:0.50056
[MOE_TRACE] Group:0 Prob:0.87724 Alpha:0.50026
[MOE_TRACE] Group:2 Prob:0.95192 Alpha:0.50056
[MOE_TRACE] Group:1 Prob:0.55994 Alpha:0.49995
[MOE_TRACE] Group:2 Prob:0.95192 Alpha:0.50056
[MOE_TRACE] Group:0 Prob:0.87742 Alpha:0.50026
[MOE_TRACE] Group:0 Prob:0.87742 Alpha:0.50026
[MOE_TRACE] Group:1 Prob:0.56126 Alpha:0.49995
[MOE_TRACE] Group:0 Prob:0.87742 Alpha:0.50026
[MOE_TRACE] Group:1 Prob:0.56126 Alpha:0.49995
[MOE_TRACE] Group:2 Prob:0.95166 Alpha:0.50056
[MOE_TRACE] Group:1 Prob:0.56126 Alpha:0.49995
[MOE_TRACE] Group:2 Prob:0.95166 Alpha:0.50056
[MOE_TRACE] Group:2 Prob:0.95166 Alpha:0.50056
[MOE_TRACE] Group:0 Prob:0.87742 Alpha:0.50026
[MOE_TRACE] Group:1 Prob:0.56126 Alpha:0.49995
[MOE_TRACE] Group:2 Prob:0.95166 Alpha:0.50056
[MOE_TRACE] Group:0 Prob:0.88226 Alpha:0.50027
[MOE_TRACE] Group:1 Prob:0.55681 Alpha:0.49995
[MOE_TRACE] Group:2 Prob:0.95266 Alpha:0.50056
[MOE_TRACE] Group:0 Prob:0.88226 Alpha:0.50027
[MOE_TRACE] Group:0 Prob:0.88226 Alpha:0.50027[MOE_TRACE] Group:0 Prob:0.88226 Alpha:0.50027

[MOE_TRACE] Group:1 Prob:0.55681 Alpha:0.49995
[MOE_TRACE] Group:1 Prob:0.55681 Alpha:0.49995[MOE_TRACE] Group:1 Prob:0.55681 Alpha:0.49995

[MOE_TRACE] Group:2 Prob:0.95266 Alpha:0.50056
[MOE_TRACE] Group:2 Prob:0.95266 Alpha:0.50056
[MOE_TRACE] Group:2 Prob:0.95266 Alpha:0.50056
[MOE_TRACE] Group:0 Prob:0.87650 Alpha:0.50027
[MOE_TRACE] Group:0 Prob:0.87650 Alpha:0.50027
[MOE_TRACE] Group:0 Prob:0.87650 Alpha:0.50027
[MOE_TRACE] Group:0 Prob:0.87650 Alpha:0.50027
[MOE_TRACE] Group:1 Prob:0.55878 Alpha:0.49996
[MOE_TRACE] Group:1 Prob:0.55878 Alpha:0.49996
[MOE_TRACE] Group:1 Prob:0.55878 Alpha:0.49996[MOE_TRACE] Group:1 Prob:0.55878 Alpha:0.49996

[MOE_TRACE] Group:2 Prob:0.94960 Alpha:0.50057
[MOE_TRACE] Group:2 Prob:0.94960 Alpha:0.50057[MOE_TRACE] Group:2 Prob:0.94960 Alpha:0.50057

[MOE_TRACE] Group:2 Prob:0.94960 Alpha:0.50057
[MOE_TRACE] Group:0 Prob:0.86721 Alpha:0.50027
[MOE_TRACE] Group:1 Prob:0.55876 Alpha:0.49996
[MOE_TRACE] Group:2 Prob:0.94959 Alpha:0.50057
[MOE_TRACE] Group:0 Prob:0.86721 Alpha:0.50027
[MOE_TRACE] Group:0 Prob:0.86721 Alpha:0.50027
[MOE_TRACE] Group:1 Prob:0.55876 Alpha:0.49996
[MOE_TRACE] Group:1 Prob:0.55876 Alpha:0.49996
[MOE_TRACE] Group:2 Prob:0.94959 Alpha:0.50057
[MOE_TRACE] Group:2 Prob:0.94959 Alpha:0.50057
[MOE_TRACE] Group:0 Prob:0.86721 Alpha:0.50027
[MOE_TRACE] Group:1 Prob:0.55876 Alpha:0.49996
[MOE_TRACE] Group:2 Prob:0.94959 Alpha:0.50057
[MOE_TRACE] Group:0 Prob:0.88226 Alpha:0.50027
[MOE_TRACE] Group:1 Prob:0.56128 Alpha:0.49996
[MOE_TRACE] Group:2 Prob:0.94931 Alpha:0.50057
[MOE_TRACE] Group:0 Prob:0.88226 Alpha:0.50027
[MOE_TRACE] Group:1 Prob:0.56128 Alpha:0.49996
[MOE_TRACE] Group:2 Prob:0.94931 Alpha:0.50057
[MOE_TRACE] Group:0 Prob:0.88226 Alpha:0.50027
[MOE_TRACE] Group:1 Prob:0.56128 Alpha:0.49996
[MOE_TRACE] Group:2 Prob:0.94931 Alpha:0.50057
[MOE_TRACE] Group:0 Prob:0.88226 Alpha:0.50027
[MOE_TRACE] Group:1 Prob:0.56128 Alpha:0.49996
[MOE_TRACE] Group:2 Prob:0.94931 Alpha:0.50057
[MOE_TRACE] Group:0 Prob:0.88185 Alpha:0.50026
[MOE_TRACE] Group:1 Prob:0.56079 Alpha:0.49997
[MOE_TRACE] Group:2 Prob:0.95275 Alpha:0.50057
[MOE_TRACE] Group:0 Prob:0.88185 Alpha:0.50026
[MOE_TRACE] Group:1 Prob:0.56079 Alpha:0.49997
[MOE_TRACE] Group:2 Prob:0.95275 Alpha:0.50057
[MOE_TRACE] Group:0 Prob:0.88185 Alpha:0.50026
[MOE_TRACE] Group:1 Prob:0.56079 Alpha:0.49997
[MOE_TRACE] Group:2 Prob:0.95275 Alpha:0.50057
[MOE_TRACE] Group:0 Prob:0.88185 Alpha:0.50026
[MOE_TRACE] Group:1 Prob:0.56079 Alpha:0.49997
[MOE_TRACE] Group:2 Prob:0.95275 Alpha:0.50057
[MOE_TRACE] Group:0 Prob:0.87589 Alpha:0.50026
[MOE_TRACE] Group:1 Prob:0.55669 Alpha:0.49998
[MOE_TRACE] Group:2 Prob:0.95034 Alpha:0.50056
[MOE_TRACE] Group:0 Prob:0.87589 Alpha:0.50026
[MOE_TRACE] Group:1 Prob:0.55669 Alpha:0.49998
[MOE_TRACE] Group:2 Prob:0.95034 Alpha:0.50056
[MOE_TRACE] Group:0 Prob:0.87589 Alpha:0.50026
[MOE_TRACE] Group:1 Prob:0.55669 Alpha:0.49998
[MOE_TRACE] Group:2 Prob:0.95034 Alpha:0.50056
[MOE_TRACE] Group:0 Prob:0.87589 Alpha:0.50026
[MOE_TRACE] Group:1 Prob:0.55669 Alpha:0.49998
[MOE_TRACE] Group:2 Prob:0.95034 Alpha:0.50056
[MOE_TRACE] Group:0 Prob:0.87243 Alpha:0.50026
[MOE_TRACE] Group:1 Prob:0.55582 Alpha:0.49998
[MOE_TRACE] Group:0 Prob:0.87243 Alpha:0.50026
[MOE_TRACE] Group:2 Prob:0.95029 Alpha:0.50057
[MOE_TRACE] Group:1 Prob:0.55582 Alpha:0.49998
[MOE_TRACE] Group:0 Prob:0.87243 Alpha:0.50026
[MOE_TRACE] Group:0 Prob:0.87243 Alpha:0.50026
[MOE_TRACE] Group:2 Prob:0.95029 Alpha:0.50057
[MOE_TRACE] Group:1 Prob:0.55582 Alpha:0.49998
[MOE_TRACE] Group:1 Prob:0.55582 Alpha:0.49998
[MOE_TRACE] Group:2 Prob:0.95029 Alpha:0.50057
[MOE_TRACE] Group:2 Prob:0.95029 Alpha:0.50057
[MOE_TRACE] Group:0 Prob:0.88057 Alpha:0.50026
[MOE_TRACE] Group:0 Prob:0.88057 Alpha:0.50026
[MOE_TRACE] Group:1 Prob:0.55234 Alpha:0.49998
[MOE_TRACE] Group:1 Prob:0.55234 Alpha:0.49998
[MOE_TRACE] Group:2 Prob:0.95001 Alpha:0.50057
[MOE_TRACE] Group:0 Prob:0.88057 Alpha:0.50026
[MOE_TRACE] Group:0 Prob:0.88057 Alpha:0.50026
[MOE_TRACE] Group:2 Prob:0.95001 Alpha:0.50057
[MOE_TRACE] Group:1 Prob:0.55234 Alpha:0.49998
[MOE_TRACE] Group:2 Prob:0.95001 Alpha:0.50057
[MOE_TRACE] Group:1 Prob:0.55234 Alpha:0.49998
[MOE_TRACE] Group:2 Prob:0.95001 Alpha:0.50057
[MOE_TRACE] Group:0 Prob:0.87988 Alpha:0.50026
[MOE_TRACE] Group:1 Prob:0.55452 Alpha:0.49999
[MOE_TRACE] Group:2 Prob:0.94852 Alpha:0.50058
[MOE_TRACE] Group:0 Prob:0.87988 Alpha:0.50026
[MOE_TRACE] Group:1 Prob:0.55452 Alpha:0.49999
[MOE_TRACE] Group:2 Prob:0.94852 Alpha:0.50058
[MOE_TRACE] Group:0 Prob:0.87988 Alpha:0.50026
[MOE_TRACE] Group:0 Prob:0.87988 Alpha:0.50026
[MOE_TRACE] Group:1 Prob:0.55452 Alpha:0.49999
[MOE_TRACE] Group:1 Prob:0.55452 Alpha:0.49999
[MOE_TRACE] Group:2 Prob:0.94852 Alpha:0.50058
[MOE_TRACE] Group:2 Prob:0.94852 Alpha:0.50058
[MOE_TRACE] Group:0 Prob:0.87839 Alpha:0.50027
[MOE_TRACE] Group:0 Prob:0.87839 Alpha:0.50027
[MOE_TRACE] Group:0 Prob:0.87839 Alpha:0.50027
[MOE_TRACE] Group:1 Prob:0.55537 Alpha:0.49999[MOE_TRACE] Group:1 Prob:0.55537 Alpha:0.49999

[MOE_TRACE] Group:1 Prob:0.55537 Alpha:0.49999
[MOE_TRACE] Group:2 Prob:0.94842 Alpha:0.50058[MOE_TRACE] Group:2 Prob:0.94842 Alpha:0.50058

[MOE_TRACE] Group:2 Prob:0.94842 Alpha:0.50058
[MOE_TRACE] Group:0 Prob:0.87839 Alpha:0.50027
[MOE_TRACE] Group:1 Prob:0.55537 Alpha:0.49999
[MOE_TRACE] Group:2 Prob:0.94842 Alpha:0.50058
[MOE_TRACE] Group:0 Prob:0.87833 Alpha:0.50026
[MOE_TRACE] Group:0 Prob:0.87833 Alpha:0.50026
[MOE_TRACE] Group:0 Prob:0.87833 Alpha:0.50026
[MOE_TRACE] Group:1 Prob:0.55448 Alpha:0.50000
[MOE_TRACE] Group:1 Prob:0.55448 Alpha:0.50000
[MOE_TRACE] Group:1 Prob:0.55448 Alpha:0.50000
[MOE_TRACE] Group:0 Prob:0.87833 Alpha:0.50026
[MOE_TRACE] Group:2 Prob:0.94807 Alpha:0.50059
[MOE_TRACE] Group:2 Prob:0.94807 Alpha:0.50059
[MOE_TRACE] Group:2 Prob:0.94807 Alpha:0.50059
[MOE_TRACE] Group:1 Prob:0.55448 Alpha:0.50000
[MOE_TRACE] Group:2 Prob:0.94807 Alpha:0.50059
[MOE_TRACE] Group:0 Prob:0.87754 Alpha:0.50026
[MOE_TRACE] Group:0 Prob:0.87754 Alpha:0.50026
[MOE_TRACE] Group:1 Prob:0.55142 Alpha:0.50000
[MOE_TRACE] Group:1 Prob:0.55142 Alpha:0.50000
[MOE_TRACE] Group:2 Prob:0.94411 Alpha:0.50059
[MOE_TRACE] Group:2 Prob:0.94411 Alpha:0.50059
[MOE_TRACE] Group:0 Prob:0.87754 Alpha:0.50026
[MOE_TRACE] Group:1 Prob:0.55142 Alpha:0.50000
[MOE_TRACE] Group:2 Prob:0.94411 Alpha:0.50059
[MOE_TRACE] Group:0 Prob:0.87754 Alpha:0.50026
[MOE_TRACE] Group:1 Prob:0.55142 Alpha:0.50000
[MOE_TRACE] Group:2 Prob:0.94411 Alpha:0.50059
[MOE_TRACE] Group:0 Prob:0.87705 Alpha:0.50025
[MOE_TRACE] Group:1 Prob:0.55408 Alpha:0.50001
[MOE_TRACE] Group:2 Prob:0.94677 Alpha:0.50059
[MOE_TRACE] Group:0 Prob:0.87705 Alpha:0.50025
[MOE_TRACE] Group:1 Prob:0.55408 Alpha:0.50001
[MOE_TRACE] Group:2 Prob:0.94677 Alpha:0.50059
[MOE_TRACE] Group:0 Prob:0.87705 Alpha:0.50025
[MOE_TRACE] Group:0 Prob:0.87705 Alpha:0.50025
[MOE_TRACE] Group:1 Prob:0.55408 Alpha:0.50001
[MOE_TRACE] Group:1 Prob:0.55408 Alpha:0.50001[MOE_TRACE] Group:2 Prob:0.94677 Alpha:0.50059

[MOE_TRACE] Group:2 Prob:0.94677 Alpha:0.50059
[MOE_TRACE] Group:0 Prob:0.88147 Alpha:0.50025
[MOE_TRACE] Group:0 Prob:0.88147 Alpha:0.50025
[MOE_TRACE] Group:1 Prob:0.55326 Alpha:0.50002[MOE_TRACE] Group:1 Prob:0.55326 Alpha:0.50002

[MOE_TRACE] Group:2 Prob:0.94651 Alpha:0.50059[MOE_TRACE] Group:2 Prob:0.94651 Alpha:0.50059

[MOE_TRACE] Group:0 Prob:0.88147 Alpha:0.50025
[MOE_TRACE] Group:1 Prob:0.55326 Alpha:0.50002
[MOE_TRACE] Group:2 Prob:0.94651 Alpha:0.50059
[MOE_TRACE] Group:0 Prob:0.88147 Alpha:0.50025
[MOE_TRACE] Group:1 Prob:0.55326 Alpha:0.50002
[MOE_TRACE] Group:2 Prob:0.94651 Alpha:0.50059
Epoch: 1 cost time: 45.791385650634766
Epoch: 1, Steps: 147 | Train Loss: 0.6028468 Vali Loss: 0.3109679 Test Loss: 0.2782225
Validation loss decreased (inf --> 0.310968).  Saving model ...
Updating learning rate to 0.0001
[MOE_TRACE] Group:0 Prob:0.87317 Alpha:0.50025
[MOE_TRACE] Group:1 Prob:0.55142 Alpha:0.50002
[MOE_TRACE] Group:2 Prob:0.94196 Alpha:0.50060
[MOE_TRACE] Group:0 Prob:0.87317 Alpha:0.50025
[MOE_TRACE] Group:1 Prob:0.55142 Alpha:0.50002
[MOE_TRACE] Group:2 Prob:0.94196 Alpha:0.50060
[MOE_TRACE] Group:0 Prob:0.87317 Alpha:0.50025
[MOE_TRACE] Group:0 Prob:0.87317 Alpha:0.50025[MOE_TRACE] Group:1 Prob:0.55142 Alpha:0.50002

[MOE_TRACE] Group:1 Prob:0.55142 Alpha:0.50002[MOE_TRACE] Group:2 Prob:0.94196 Alpha:0.50060

[MOE_TRACE] Group:2 Prob:0.94196 Alpha:0.50060
[MOE_TRACE] Group:0 Prob:0.88729 Alpha:0.50024
[MOE_TRACE] Group:1 Prob:0.55062 Alpha:0.50002
[MOE_TRACE] Group:2 Prob:0.94264 Alpha:0.50060
[MOE_TRACE] Group:0 Prob:0.88729 Alpha:0.50024
[MOE_TRACE] Group:1 Prob:0.55062 Alpha:0.50002
[MOE_TRACE] Group:2 Prob:0.94353 Alpha:0.50060
[MOE_TRACE] Group:0 Prob:0.88729 Alpha:0.50024
[MOE_TRACE] Group:0 Prob:0.88729 Alpha:0.50024[MOE_TRACE] Group:1 Prob:0.55062 Alpha:0.50002

[MOE_TRACE] Group:1 Prob:0.55062 Alpha:0.50002
[MOE_TRACE] Group:2 Prob:0.94353 Alpha:0.50060
[MOE_TRACE] Group:2 Prob:0.94353 Alpha:0.50060
[MOE_TRACE] Group:0 Prob:0.88372 Alpha:0.50024
[MOE_TRACE] Group:1 Prob:0.54533 Alpha:0.50003
[MOE_TRACE] Group:2 Prob:0.94334 Alpha:0.50061
[MOE_TRACE] Group:0 Prob:0.88372 Alpha:0.50024
[MOE_TRACE] Group:1 Prob:0.54533 Alpha:0.50003
[MOE_TRACE] Group:2 Prob:0.94334 Alpha:0.50061
[MOE_TRACE] Group:0 Prob:0.88372 Alpha:0.50024
[MOE_TRACE] Group:1 Prob:0.54533 Alpha:0.50003
[MOE_TRACE] Group:2 Prob:0.94334 Alpha:0.50061
[MOE_TRACE] Group:0 Prob:0.88372 Alpha:0.50024
[MOE_TRACE] Group:1 Prob:0.54533 Alpha:0.50003
[MOE_TRACE] Group:2 Prob:0.94334 Alpha:0.50061
[MOE_TRACE] Group:0 Prob:0.88628 Alpha:0.50023
[MOE_TRACE] Group:1 Prob:0.54462 Alpha:0.50003
[MOE_TRACE] Group:2 Prob:0.94155 Alpha:0.50061
[MOE_TRACE] Group:0 Prob:0.88628 Alpha:0.50023
[MOE_TRACE] Group:1 Prob:0.54462 Alpha:0.50003
[MOE_TRACE] Group:2 Prob:0.94155 Alpha:0.50061
[MOE_TRACE] Group:0 Prob:0.88628 Alpha:0.50023
[MOE_TRACE] Group:1 Prob:0.54462 Alpha:0.50003
[MOE_TRACE] Group:2 Prob:0.94155 Alpha:0.50061
[MOE_TRACE] Group:0 Prob:0.88628 Alpha:0.50023
[MOE_TRACE] Group:1 Prob:0.54462 Alpha:0.50003
[MOE_TRACE] Group:2 Prob:0.94155 Alpha:0.50061
[MOE_TRACE] Group:0 Prob:0.88235 Alpha:0.50022
[MOE_TRACE] Group:1 Prob:0.54861 Alpha:0.50004
[MOE_TRACE] Group:2 Prob:0.93999 Alpha:0.50063
[MOE_TRACE] Group:0 Prob:0.88235 Alpha:0.50022
[MOE_TRACE] Group:0 Prob:0.88235 Alpha:0.50022
[MOE_TRACE] Group:1 Prob:0.54861 Alpha:0.50004[MOE_TRACE] Group:1 Prob:0.54861 Alpha:0.50004

[MOE_TRACE] Group:2 Prob:0.93971 Alpha:0.50063
[MOE_TRACE] Group:2 Prob:0.93971 Alpha:0.50063
[MOE_TRACE] Group:0 Prob:0.88235 Alpha:0.50022
[MOE_TRACE] Group:1 Prob:0.54861 Alpha:0.50004
[MOE_TRACE] Group:2 Prob:0.93971 Alpha:0.50063
[MOE_TRACE] Group:0 Prob:0.88665 Alpha:0.50022
[MOE_TRACE] Group:1 Prob:0.54638 Alpha:0.50005
[MOE_TRACE] Group:2 Prob:0.93623 Alpha:0.50064
[MOE_TRACE] Group:0 Prob:0.88665 Alpha:0.50022
[MOE_TRACE] Group:1 Prob:0.54638 Alpha:0.50005
[MOE_TRACE] Group:2 Prob:0.93623 Alpha:0.50064
[MOE_TRACE] Group:0 Prob:0.88665 Alpha:0.50022
[MOE_TRACE] Group:1 Prob:0.54638 Alpha:0.50005
[MOE_TRACE] Group:2 Prob:0.93623 Alpha:0.50064
[MOE_TRACE] Group:0 Prob:0.88665 Alpha:0.50022
[MOE_TRACE] Group:1 Prob:0.54638 Alpha:0.50005
[MOE_TRACE] Group:2 Prob:0.93623 Alpha:0.50064
[MOE_TRACE] Group:0 Prob:0.88858 Alpha:0.50022
[MOE_TRACE] Group:1 Prob:0.54577 Alpha:0.50005
[MOE_TRACE] Group:2 Prob:0.93186 Alpha:0.50065
[MOE_TRACE] Group:0 Prob:0.88858 Alpha:0.50022
[MOE_TRACE] Group:0 Prob:0.88858 Alpha:0.50022
[MOE_TRACE] Group:1 Prob:0.54577 Alpha:0.50005
[MOE_TRACE] Group:0 Prob:0.88858 Alpha:0.50022[MOE_TRACE] Group:1 Prob:0.54577 Alpha:0.50005

[MOE_TRACE] Group:2 Prob:0.93186 Alpha:0.50065
[MOE_TRACE] Group:1 Prob:0.54577 Alpha:0.50005[MOE_TRACE] Group:2 Prob:0.93186 Alpha:0.50065

[MOE_TRACE] Group:2 Prob:0.93186 Alpha:0.50065
[MOE_TRACE] Group:0 Prob:0.88997 Alpha:0.50022
[MOE_TRACE] Group:1 Prob:0.54828 Alpha:0.50005
[MOE_TRACE] Group:2 Prob:0.93461 Alpha:0.50065
[MOE_TRACE] Group:0 Prob:0.88997 Alpha:0.50022
[MOE_TRACE] Group:1 Prob:0.54828 Alpha:0.50005
[MOE_TRACE] Group:2 Prob:0.93461 Alpha:0.50065
[MOE_TRACE] Group:0 Prob:0.88997 Alpha:0.50022
[MOE_TRACE] Group:1 Prob:0.54828 Alpha:0.50005
[MOE_TRACE] Group:2 Prob:0.93461 Alpha:0.50065
[MOE_TRACE] Group:0 Prob:0.88997 Alpha:0.50022
[MOE_TRACE] Group:1 Prob:0.54828 Alpha:0.50005
[MOE_TRACE] Group:2 Prob:0.93461 Alpha:0.50065
[MOE_TRACE] Group:0 Prob:0.88763 Alpha:0.50022
[MOE_TRACE] Group:1 Prob:0.53986 Alpha:0.50005
[MOE_TRACE] Group:2 Prob:0.93240 Alpha:0.50065
[MOE_TRACE] Group:0 Prob:0.88763 Alpha:0.50022
[MOE_TRACE] Group:1 Prob:0.53986 Alpha:0.50005
[MOE_TRACE] Group:2 Prob:0.93240 Alpha:0.50065
[MOE_TRACE] Group:0 Prob:0.88763 Alpha:0.50022
[MOE_TRACE] Group:0 Prob:0.88763 Alpha:0.50022[MOE_TRACE] Group:1 Prob:0.53986 Alpha:0.50005

[MOE_TRACE] Group:1 Prob:0.53986 Alpha:0.50005
[MOE_TRACE] Group:2 Prob:0.93240 Alpha:0.50065
[MOE_TRACE] Group:2 Prob:0.93240 Alpha:0.50065
[MOE_TRACE] Group:0 Prob:0.89006 Alpha:0.50022
[MOE_TRACE] Group:1 Prob:0.54027 Alpha:0.50006
[MOE_TRACE] Group:2 Prob:0.93422 Alpha:0.50066
[MOE_TRACE] Group:0 Prob:0.89006 Alpha:0.50022
[MOE_TRACE] Group:1 Prob:0.54027 Alpha:0.50006
[MOE_TRACE] Group:2 Prob:0.93422 Alpha:0.50066
[MOE_TRACE] Group:0 Prob:0.89006 Alpha:0.50022
[MOE_TRACE] Group:1 Prob:0.54027 Alpha:0.50006
[MOE_TRACE] Group:2 Prob:0.93422 Alpha:0.50066
[MOE_TRACE] Group:0 Prob:0.89006 Alpha:0.50022
[MOE_TRACE] Group:1 Prob:0.54027 Alpha:0.50006
[MOE_TRACE] Group:2 Prob:0.93422 Alpha:0.50066
[MOE_TRACE] Group:0 Prob:0.88742 Alpha:0.50022
[MOE_TRACE] Group:1 Prob:0.53995 Alpha:0.50006
[MOE_TRACE] Group:2 Prob:0.93072 Alpha:0.50066
[MOE_TRACE] Group:0 Prob:0.88742 Alpha:0.50022
[MOE_TRACE] Group:1 Prob:0.53995 Alpha:0.50006
[MOE_TRACE] Group:2 Prob:0.93072 Alpha:0.50066
[MOE_TRACE] Group:0 Prob:0.88742 Alpha:0.50022
[MOE_TRACE] Group:1 Prob:0.53995 Alpha:0.50006
[MOE_TRACE] Group:2 Prob:0.93072 Alpha:0.50066
[MOE_TRACE] Group:0 Prob:0.88742 Alpha:0.50022
[MOE_TRACE] Group:1 Prob:0.53995 Alpha:0.50006
[MOE_TRACE] Group:2 Prob:0.93072 Alpha:0.50066
[MOE_TRACE] Group:0 Prob:0.88328 Alpha:0.50022
[MOE_TRACE] Group:1 Prob:0.53827 Alpha:0.50007
[MOE_TRACE] Group:2 Prob:0.92738 Alpha:0.50068
[MOE_TRACE] Group:0 Prob:0.88328 Alpha:0.50022
[MOE_TRACE] Group:1 Prob:0.53827 Alpha:0.50007
[MOE_TRACE] Group:2 Prob:0.92738 Alpha:0.50068
[MOE_TRACE] Group:0 Prob:0.88328 Alpha:0.50022
[MOE_TRACE] Group:1 Prob:0.53827 Alpha:0.50007
[MOE_TRACE] Group:2 Prob:0.92738 Alpha:0.50068
[MOE_TRACE] Group:0 Prob:0.88328 Alpha:0.50022
[MOE_TRACE] Group:1 Prob:0.53827 Alpha:0.50007
[MOE_TRACE] Group:2 Prob:0.92738 Alpha:0.50068
[MOE_TRACE] Group:0 Prob:0.89058 Alpha:0.50023
[MOE_TRACE] Group:1 Prob:0.53707 Alpha:0.50007
[MOE_TRACE] Group:2 Prob:0.92504 Alpha:0.50069
[MOE_TRACE] Group:0 Prob:0.89058 Alpha:0.50023
[MOE_TRACE] Group:1 Prob:0.53707 Alpha:0.50007
[MOE_TRACE] Group:2 Prob:0.92504 Alpha:0.50069
[MOE_TRACE] Group:0 Prob:0.89058 Alpha:0.50023
[MOE_TRACE] Group:1 Prob:0.53707 Alpha:0.50007
[MOE_TRACE] Group:2 Prob:0.92504 Alpha:0.50069
[MOE_TRACE] Group:0 Prob:0.89058 Alpha:0.50023
[MOE_TRACE] Group:1 Prob:0.53707 Alpha:0.50007
[MOE_TRACE] Group:2 Prob:0.92504 Alpha:0.50069
[MOE_TRACE] Group:0 Prob:0.88640 Alpha:0.50023
[MOE_TRACE] Group:0 Prob:0.88640 Alpha:0.50023
[MOE_TRACE] Group:1 Prob:0.53427 Alpha:0.50008
[MOE_TRACE] Group:1 Prob:0.53427 Alpha:0.50008
[MOE_TRACE] Group:2 Prob:0.92557 Alpha:0.50068
[MOE_TRACE] Group:2 Prob:0.92557 Alpha:0.50068
[MOE_TRACE] Group:0 Prob:0.88640 Alpha:0.50023
[MOE_TRACE] Group:1 Prob:0.53427 Alpha:0.50008
[MOE_TRACE] Group:2 Prob:0.92557 Alpha:0.50068
[MOE_TRACE] Group:0 Prob:0.88640 Alpha:0.50023
[MOE_TRACE] Group:1 Prob:0.53427 Alpha:0.50008
[MOE_TRACE] Group:2 Prob:0.92557 Alpha:0.50068
[MOE_TRACE] Group:0 Prob:0.88581 Alpha:0.50024
[MOE_TRACE] Group:1 Prob:0.52809 Alpha:0.50008
[MOE_TRACE] Group:2 Prob:0.92480 Alpha:0.50068
[MOE_TRACE] Group:0 Prob:0.88581 Alpha:0.50024
[MOE_TRACE] Group:1 Prob:0.52809 Alpha:0.50008
[MOE_TRACE] Group:2 Prob:0.92480 Alpha:0.50068
[MOE_TRACE] Group:0 Prob:0.88581 Alpha:0.50024
[MOE_TRACE] Group:1 Prob:0.52809 Alpha:0.50008
[MOE_TRACE] Group:2 Prob:0.92480 Alpha:0.50068
[MOE_TRACE] Group:0 Prob:0.88581 Alpha:0.50024
[MOE_TRACE] Group:1 Prob:0.52809 Alpha:0.50008
[MOE_TRACE] Group:2 Prob:0.92480 Alpha:0.50068
[MOE_TRACE] Group:0 Prob:0.88837 Alpha:0.50024
[MOE_TRACE] Group:1 Prob:0.52623 Alpha:0.50009
[MOE_TRACE] Group:2 Prob:0.92445 Alpha:0.50068
[MOE_TRACE] Group:0 Prob:0.88837 Alpha:0.50024
[MOE_TRACE] Group:1 Prob:0.52623 Alpha:0.50009
[MOE_TRACE] Group:2 Prob:0.92498 Alpha:0.50068
[MOE_TRACE] Group:0 Prob:0.88837 Alpha:0.50024
[MOE_TRACE] Group:1 Prob:0.52623 Alpha:0.50009
[MOE_TRACE] Group:2 Prob:0.92498 Alpha:0.50068
[MOE_TRACE] Group:0 Prob:0.88837 Alpha:0.50024
[MOE_TRACE] Group:1 Prob:0.52623 Alpha:0.50009
[MOE_TRACE] Group:2 Prob:0.92498 Alpha:0.50068
[MOE_TRACE] Group:0 Prob:0.88480 Alpha:0.50024
[MOE_TRACE] Group:1 Prob:0.52822 Alpha:0.50010
[MOE_TRACE] Group:2 Prob:0.92788 Alpha:0.50068
[MOE_TRACE] Group:0 Prob:0.88480 Alpha:0.50024
[MOE_TRACE] Group:1 Prob:0.52822 Alpha:0.50010
[MOE_TRACE] Group:2 Prob:0.92788 Alpha:0.50068
[MOE_TRACE] Group:0 Prob:0.88480 Alpha:0.50024
[MOE_TRACE] Group:1 Prob:0.52822 Alpha:0.50010
[MOE_TRACE] Group:2 Prob:0.92788 Alpha:0.50068
[MOE_TRACE] Group:0 Prob:0.88480 Alpha:0.50024
[MOE_TRACE] Group:1 Prob:0.52822 Alpha:0.50010
[MOE_TRACE] Group:2 Prob:0.92788 Alpha:0.50068
[MOE_TRACE] Group:0 Prob:0.88267 Alpha:0.50024
[MOE_TRACE] Group:1 Prob:0.52853 Alpha:0.50011
[MOE_TRACE] Group:2 Prob:0.92561 Alpha:0.50069
[MOE_TRACE] Group:0 Prob:0.87815 Alpha:0.50024
[MOE_TRACE] Group:1 Prob:0.52853 Alpha:0.50011
[MOE_TRACE] Group:2 Prob:0.92561 Alpha:0.50069
[MOE_TRACE] Group:0 Prob:0.87815 Alpha:0.50024
[MOE_TRACE] Group:1 Prob:0.53060 Alpha:0.50011
[MOE_TRACE] Group:2 Prob:0.92449 Alpha:0.50069
[MOE_TRACE] Group:0 Prob:0.87815 Alpha:0.50024
[MOE_TRACE] Group:1 Prob:0.53060 Alpha:0.50011
[MOE_TRACE] Group:2 Prob:0.92449 Alpha:0.50069
[MOE_TRACE] Group:0 Prob:0.88397 Alpha:0.50024
[MOE_TRACE] Group:0 Prob:0.88397 Alpha:0.50024[MOE_TRACE] Group:1 Prob:0.52848 Alpha:0.50011

[MOE_TRACE] Group:1 Prob:0.52848 Alpha:0.50011
[MOE_TRACE] Group:0 Prob:0.88397 Alpha:0.50024
[MOE_TRACE] Group:2 Prob:0.92576 Alpha:0.50069[MOE_TRACE] Group:2 Prob:0.92576 Alpha:0.50069

[MOE_TRACE] Group:1 Prob:0.52848 Alpha:0.50011
[MOE_TRACE] Group:2 Prob:0.92576 Alpha:0.50069
[MOE_TRACE] Group:0 Prob:0.88397 Alpha:0.50024
[MOE_TRACE] Group:1 Prob:0.52848 Alpha:0.50011
[MOE_TRACE] Group:2 Prob:0.92459 Alpha:0.50069
[MOE_TRACE] Group:0 Prob:0.87969 Alpha:0.50024
[MOE_TRACE] Group:1 Prob:0.53008 Alpha:0.50012
[MOE_TRACE] Group:2 Prob:0.92671 Alpha:0.50068
[MOE_TRACE] Group:0 Prob:0.87969 Alpha:0.50024
[MOE_TRACE] Group:1 Prob:0.53008 Alpha:0.50012
[MOE_TRACE] Group:2 Prob:0.92671 Alpha:0.50068
[MOE_TRACE] Group:0 Prob:0.87969 Alpha:0.50024
[MOE_TRACE] Group:0 Prob:0.87969 Alpha:0.50024[MOE_TRACE] Group:1 Prob:0.53008 Alpha:0.50012

[MOE_TRACE] Group:1 Prob:0.53008 Alpha:0.50012[MOE_TRACE] Group:2 Prob:0.92671 Alpha:0.50068

[MOE_TRACE] Group:2 Prob:0.92671 Alpha:0.50068
[MOE_TRACE] Group:0 Prob:0.88596 Alpha:0.50023
[MOE_TRACE] Group:1 Prob:0.52636 Alpha:0.50012
[MOE_TRACE] Group:2 Prob:0.92786 Alpha:0.50068
[MOE_TRACE] Group:0 Prob:0.88596 Alpha:0.50023
[MOE_TRACE] Group:1 Prob:0.52636 Alpha:0.50012
[MOE_TRACE] Group:2 Prob:0.92786 Alpha:0.50068
[MOE_TRACE] Group:0 Prob:0.88596 Alpha:0.50023
[MOE_TRACE] Group:1 Prob:0.52636 Alpha:0.50012
[MOE_TRACE] Group:2 Prob:0.92853 Alpha:0.50068
[MOE_TRACE] Group:0 Prob:0.88596 Alpha:0.50023
[MOE_TRACE] Group:1 Prob:0.52636 Alpha:0.50012
[MOE_TRACE] Group:2 Prob:0.92853 Alpha:0.50068
[MOE_TRACE] Group:0 Prob:0.87492 Alpha:0.50022
[MOE_TRACE] Group:1 Prob:0.52933 Alpha:0.50013
[MOE_TRACE] Group:2 Prob:0.92213 Alpha:0.50069
[MOE_TRACE] Group:0 Prob:0.87492 Alpha:0.50022
[MOE_TRACE] Group:1 Prob:0.52933 Alpha:0.50013
[MOE_TRACE] Group:2 Prob:0.92213 Alpha:0.50069
[MOE_TRACE] Group:0 Prob:0.87492 Alpha:0.50022
[MOE_TRACE] Group:1 Prob:0.52933 Alpha:0.50013
[MOE_TRACE] Group:2 Prob:0.92213 Alpha:0.50069
[MOE_TRACE] Group:0 Prob:0.87492 Alpha:0.50022
[MOE_TRACE] Group:1 Prob:0.52933 Alpha:0.50013
[MOE_TRACE] Group:2 Prob:0.92213 Alpha:0.50069
[MOE_TRACE] Group:0 Prob:0.88300 Alpha:0.50022
[MOE_TRACE] Group:1 Prob:0.52743 Alpha:0.50014
[MOE_TRACE] Group:2 Prob:0.91896 Alpha:0.50071
[MOE_TRACE] Group:0 Prob:0.88300 Alpha:0.50022
[MOE_TRACE] Group:1 Prob:0.52743 Alpha:0.50014
[MOE_TRACE] Group:2 Prob:0.91896 Alpha:0.50071
[MOE_TRACE] Group:0 Prob:0.88300 Alpha:0.50022
[MOE_TRACE] Group:1 Prob:0.52743 Alpha:0.50014
[MOE_TRACE] Group:2 Prob:0.91896 Alpha:0.50071
[MOE_TRACE] Group:0 Prob:0.88300 Alpha:0.50022
[MOE_TRACE] Group:1 Prob:0.52743 Alpha:0.50014
[MOE_TRACE] Group:2 Prob:0.91896 Alpha:0.50071
[MOE_TRACE] Group:0 Prob:0.88532 Alpha:0.50021
[MOE_TRACE] Group:1 Prob:0.52805 Alpha:0.50014
[MOE_TRACE] Group:2 Prob:0.91427 Alpha:0.50071
[MOE_TRACE] Group:0 Prob:0.88532 Alpha:0.50021
[MOE_TRACE] Group:1 Prob:0.52805 Alpha:0.50014
[MOE_TRACE] Group:2 Prob:0.91856 Alpha:0.50071
[MOE_TRACE] Group:0 Prob:0.88532 Alpha:0.50021
[MOE_TRACE] Group:1 Prob:0.52805 Alpha:0.50014
[MOE_TRACE] Group:2 Prob:0.91856 Alpha:0.50071
[MOE_TRACE] Group:0 Prob:0.88532 Alpha:0.50021
[MOE_TRACE] Group:1 Prob:0.52805 Alpha:0.50014
[MOE_TRACE] Group:2 Prob:0.91856 Alpha:0.50071
[MOE_TRACE] Group:0 Prob:0.89152 Alpha:0.50021
[MOE_TRACE] Group:1 Prob:0.52480 Alpha:0.50014
[MOE_TRACE] Group:2 Prob:0.92105 Alpha:0.50071
[MOE_TRACE] Group:0 Prob:0.89152 Alpha:0.50021
[MOE_TRACE] Group:1 Prob:0.52480 Alpha:0.50014
[MOE_TRACE] Group:2 Prob:0.92105 Alpha:0.50071
[MOE_TRACE] Group:0 Prob:0.89152 Alpha:0.50021
[MOE_TRACE] Group:1 Prob:0.52480 Alpha:0.50014
[MOE_TRACE] Group:2 Prob:0.91830 Alpha:0.50071
[MOE_TRACE] Group:0 Prob:0.89152 Alpha:0.50021
[MOE_TRACE] Group:1 Prob:0.52480 Alpha:0.50014
[MOE_TRACE] Group:2 Prob:0.91830 Alpha:0.50071
[MOE_TRACE] Group:0 Prob:0.89412 Alpha:0.50020
[MOE_TRACE] Group:1 Prob:0.52708 Alpha:0.50015
[MOE_TRACE] Group:2 Prob:0.91619 Alpha:0.50071
[MOE_TRACE] Group:0 Prob:0.89412 Alpha:0.50020
[MOE_TRACE] Group:1 Prob:0.52708 Alpha:0.50015
[MOE_TRACE] Group:2 Prob:0.91619 Alpha:0.50071
[MOE_TRACE] Group:0 Prob:0.89412 Alpha:0.50020
[MOE_TRACE] Group:1 Prob:0.52708 Alpha:0.50015
[MOE_TRACE] Group:2 Prob:0.91619 Alpha:0.50071
[MOE_TRACE] Group:0 Prob:0.89412 Alpha:0.50020
[MOE_TRACE] Group:1 Prob:0.52708 Alpha:0.50015
[MOE_TRACE] Group:2 Prob:0.91619 Alpha:0.50071
[MOE_TRACE] Group:0 Prob:0.89371 Alpha:0.50019
[MOE_TRACE] Group:1 Prob:0.52691 Alpha:0.50015
[MOE_TRACE] Group:2 Prob:0.91727 Alpha:0.50072
[MOE_TRACE] Group:0 Prob:0.89371 Alpha:0.50019
[MOE_TRACE] Group:1 Prob:0.52691 Alpha:0.50015
[MOE_TRACE] Group:2 Prob:0.91727 Alpha:0.50072
[MOE_TRACE] Group:0 Prob:0.89371 Alpha:0.50019
[MOE_TRACE] Group:1 Prob:0.52691 Alpha:0.50015
[MOE_TRACE] Group:2 Prob:0.91727 Alpha:0.50072
[MOE_TRACE] Group:0 Prob:0.89371 Alpha:0.50019
[MOE_TRACE] Group:1 Prob:0.52691 Alpha:0.50015
[MOE_TRACE] Group:2 Prob:0.91727 Alpha:0.50072
[MOE_TRACE] Group:0 Prob:0.89976 Alpha:0.50019
[MOE_TRACE] Group:1 Prob:0.52532 Alpha:0.50015
[MOE_TRACE] Group:2 Prob:0.91361 Alpha:0.50072
[MOE_TRACE] Group:0 Prob:0.89976 Alpha:0.50019
[MOE_TRACE] Group:1 Prob:0.52532 Alpha:0.50015
[MOE_TRACE] Group:0 Prob:0.89976 Alpha:0.50019
[MOE_TRACE] Group:2 Prob:0.91361 Alpha:0.50072
[MOE_TRACE] Group:1 Prob:0.52532 Alpha:0.50015
[MOE_TRACE] Group:2 Prob:0.91361 Alpha:0.50072
[MOE_TRACE] Group:0 Prob:0.89976 Alpha:0.50019
[MOE_TRACE] Group:1 Prob:0.52532 Alpha:0.50015
[MOE_TRACE] Group:2 Prob:0.91578 Alpha:0.50072
[MOE_TRACE] Group:0 Prob:0.89684 Alpha:0.50018
[MOE_TRACE] Group:1 Prob:0.52019 Alpha:0.50016
[MOE_TRACE] Group:2 Prob:0.91565 Alpha:0.50072
[MOE_TRACE] Group:0 Prob:0.89684 Alpha:0.50018
[MOE_TRACE] Group:1 Prob:0.52019 Alpha:0.50016
[MOE_TRACE] Group:2 Prob:0.91565 Alpha:0.50072
[MOE_TRACE] Group:0 Prob:0.89684 Alpha:0.50018
[MOE_TRACE] Group:1 Prob:0.52019 Alpha:0.50016
[MOE_TRACE] Group:2 Prob:0.91565 Alpha:0.50072
[MOE_TRACE] Group:0 Prob:0.89684 Alpha:0.50018
[MOE_TRACE] Group:1 Prob:0.52019 Alpha:0.50016
[MOE_TRACE] Group:2 Prob:0.91565 Alpha:0.50072
[MOE_TRACE] Group:0 Prob:0.89299 Alpha:0.50018
[MOE_TRACE] Group:1 Prob:0.52861 Alpha:0.50016
[MOE_TRACE] Group:2 Prob:0.91766 Alpha:0.50072
[MOE_TRACE] Group:0 Prob:0.89299 Alpha:0.50018
[MOE_TRACE] Group:1 Prob:0.52861 Alpha:0.50016
[MOE_TRACE] Group:2 Prob:0.91766 Alpha:0.50072
[MOE_TRACE] Group:0 Prob:0.89299 Alpha:0.50018
[MOE_TRACE] Group:1 Prob:0.52861 Alpha:0.50016
[MOE_TRACE] Group:0 Prob:0.89299 Alpha:0.50018[MOE_TRACE] Group:2 Prob:0.91766 Alpha:0.50072

[MOE_TRACE] Group:1 Prob:0.52861 Alpha:0.50016
[MOE_TRACE] Group:2 Prob:0.91766 Alpha:0.50072
[MOE_TRACE] Group:0 Prob:0.89625 Alpha:0.50018
[MOE_TRACE] Group:1 Prob:0.53048 Alpha:0.50016
[MOE_TRACE] Group:2 Prob:0.91844 Alpha:0.50071
[MOE_TRACE] Group:0 Prob:0.89625 Alpha:0.50018
[MOE_TRACE] Group:1 Prob:0.53048 Alpha:0.50016
[MOE_TRACE] Group:2 Prob:0.91844 Alpha:0.50071
[MOE_TRACE] Group:0 Prob:0.89625 Alpha:0.50018[MOE_TRACE] Group:0 Prob:0.89625 Alpha:0.50018

[MOE_TRACE] Group:1 Prob:0.53048 Alpha:0.50016[MOE_TRACE] Group:1 Prob:0.53048 Alpha:0.50016

[MOE_TRACE] Group:2 Prob:0.91844 Alpha:0.50071[MOE_TRACE] Group:2 Prob:0.91844 Alpha:0.50071

[MOE_TRACE] Group:0 Prob:0.89030 Alpha:0.50017
[MOE_TRACE] Group:1 Prob:0.53043 Alpha:0.50017
[MOE_TRACE] Group:2 Prob:0.91575 Alpha:0.50071
[MOE_TRACE] Group:0 Prob:0.89030 Alpha:0.50017
[MOE_TRACE] Group:0 Prob:0.89030 Alpha:0.50017
[MOE_TRACE] Group:1 Prob:0.53043 Alpha:0.50017
[MOE_TRACE] Group:1 Prob:0.53043 Alpha:0.50017
[MOE_TRACE] Group:2 Prob:0.91575 Alpha:0.50071
[MOE_TRACE] Group:2 Prob:0.91575 Alpha:0.50071
[MOE_TRACE] Group:0 Prob:0.89030 Alpha:0.50017
[MOE_TRACE] Group:1 Prob:0.53043 Alpha:0.50017
[MOE_TRACE] Group:2 Prob:0.91575 Alpha:0.50071
[MOE_TRACE] Group:0 Prob:0.89384 Alpha:0.50017
[MOE_TRACE] Group:1 Prob:0.53260 Alpha:0.50017
[MOE_TRACE] Group:2 Prob:0.91384 Alpha:0.50073
[MOE_TRACE] Group:0 Prob:0.89384 Alpha:0.50017
[MOE_TRACE] Group:1 Prob:0.53260 Alpha:0.50017
[MOE_TRACE] Group:2 Prob:0.91384 Alpha:0.50073
[MOE_TRACE] Group:0 Prob:0.89384 Alpha:0.50017
[MOE_TRACE] Group:1 Prob:0.53260 Alpha:0.50017
[MOE_TRACE] Group:2 Prob:0.91384 Alpha:0.50073
[MOE_TRACE] Group:0 Prob:0.89384 Alpha:0.50017
[MOE_TRACE] Group:1 Prob:0.53260 Alpha:0.50017
[MOE_TRACE] Group:2 Prob:0.91384 Alpha:0.50073
[MOE_TRACE] Group:0 Prob:0.90061 Alpha:0.50017
[MOE_TRACE] Group:0 Prob:0.90061 Alpha:0.50017
[MOE_TRACE] Group:1 Prob:0.53116 Alpha:0.50018
[MOE_TRACE] Group:1 Prob:0.53116 Alpha:0.50018[MOE_TRACE] Group:2 Prob:0.91331 Alpha:0.50073

[MOE_TRACE] Group:2 Prob:0.91331 Alpha:0.50073
[MOE_TRACE] Group:0 Prob:0.90061 Alpha:0.50017
[MOE_TRACE] Group:1 Prob:0.53116 Alpha:0.50018
[MOE_TRACE] Group:2 Prob:0.91331 Alpha:0.50073
[MOE_TRACE] Group:0 Prob:0.90061 Alpha:0.50017
[MOE_TRACE] Group:1 Prob:0.53116 Alpha:0.50018
[MOE_TRACE] Group:2 Prob:0.91331 Alpha:0.50073
[MOE_TRACE] Group:0 Prob:0.89788 Alpha:0.50017
[MOE_TRACE] Group:1 Prob:0.53122 Alpha:0.50019
[MOE_TRACE] Group:2 Prob:0.91349 Alpha:0.50073
[MOE_TRACE] Group:0 Prob:0.89788 Alpha:0.50017
[MOE_TRACE] Group:1 Prob:0.53122 Alpha:0.50019
[MOE_TRACE] Group:0 Prob:0.89788 Alpha:0.50017[MOE_TRACE] Group:0 Prob:0.89788 Alpha:0.50017[MOE_TRACE] Group:2 Prob:0.91349 Alpha:0.50073


[MOE_TRACE] Group:1 Prob:0.53122 Alpha:0.50019
[MOE_TRACE] Group:1 Prob:0.53122 Alpha:0.50019
[MOE_TRACE] Group:2 Prob:0.91349 Alpha:0.50073
[MOE_TRACE] Group:2 Prob:0.91349 Alpha:0.50073
[MOE_TRACE] Group:0 Prob:0.89769 Alpha:0.50017
[MOE_TRACE] Group:1 Prob:0.53643 Alpha:0.50020
[MOE_TRACE] Group:2 Prob:0.91212 Alpha:0.50072
[MOE_TRACE] Group:0 Prob:0.89769 Alpha:0.50017
[MOE_TRACE] Group:1 Prob:0.53643 Alpha:0.50020
[MOE_TRACE] Group:2 Prob:0.91212 Alpha:0.50072
[MOE_TRACE] Group:0 Prob:0.89769 Alpha:0.50017
[MOE_TRACE] Group:1 Prob:0.53643 Alpha:0.50020
[MOE_TRACE] Group:2 Prob:0.91212 Alpha:0.50072
[MOE_TRACE] Group:0 Prob:0.89769 Alpha:0.50017
[MOE_TRACE] Group:1 Prob:0.53643 Alpha:0.50020
[MOE_TRACE] Group:2 Prob:0.91212 Alpha:0.50072
[MOE_TRACE] Group:0 Prob:0.90237 Alpha:0.50016
[MOE_TRACE] Group:1 Prob:0.53990 Alpha:0.50020
[MOE_TRACE] Group:2 Prob:0.91607 Alpha:0.50072
[MOE_TRACE] Group:0 Prob:0.90237 Alpha:0.50016
[MOE_TRACE] Group:1 Prob:0.53990 Alpha:0.50020
[MOE_TRACE] Group:2 Prob:0.91607 Alpha:0.50072
[MOE_TRACE] Group:0 Prob:0.90237 Alpha:0.50016
[MOE_TRACE] Group:1 Prob:0.53990 Alpha:0.50020
[MOE_TRACE] Group:2 Prob:0.91607 Alpha:0.50072
[MOE_TRACE] Group:0 Prob:0.90237 Alpha:0.50016
[MOE_TRACE] Group:1 Prob:0.53990 Alpha:0.50020
[MOE_TRACE] Group:2 Prob:0.91607 Alpha:0.50072
[MOE_TRACE] Group:0 Prob:0.90448 Alpha:0.50015
[MOE_TRACE] Group:1 Prob:0.53249 Alpha:0.50021
[MOE_TRACE] Group:2 Prob:0.91648 Alpha:0.50072
[MOE_TRACE] Group:0 Prob:0.90448 Alpha:0.50015
[MOE_TRACE] Group:0 Prob:0.90448 Alpha:0.50015
[MOE_TRACE] Group:1 Prob:0.53249 Alpha:0.50021
[MOE_TRACE] Group:1 Prob:0.53249 Alpha:0.50021[MOE_TRACE] Group:2 Prob:0.91648 Alpha:0.50072

[MOE_TRACE] Group:2 Prob:0.91648 Alpha:0.50072
[MOE_TRACE] Group:0 Prob:0.90448 Alpha:0.50015
[MOE_TRACE] Group:1 Prob:0.53249 Alpha:0.50021
[MOE_TRACE] Group:2 Prob:0.91648 Alpha:0.50072
[MOE_TRACE] Group:0 Prob:0.89892 Alpha:0.50015
[MOE_TRACE] Group:1 Prob:0.53766 Alpha:0.50021
[MOE_TRACE] Group:2 Prob:0.91481 Alpha:0.50073
[MOE_TRACE] Group:0 Prob:0.89892 Alpha:0.50015
[MOE_TRACE] Group:1 Prob:0.53766 Alpha:0.50021
[MOE_TRACE] Group:2 Prob:0.91514 Alpha:0.50073
[MOE_TRACE] Group:0 Prob:0.89892 Alpha:0.50015
[MOE_TRACE] Group:0 Prob:0.89892 Alpha:0.50015
[MOE_TRACE] Group:1 Prob:0.53766 Alpha:0.50021
[MOE_TRACE] Group:1 Prob:0.53766 Alpha:0.50021
[MOE_TRACE] Group:2 Prob:0.91514 Alpha:0.50073
[MOE_TRACE] Group:2 Prob:0.91514 Alpha:0.50073
[MOE_TRACE] Group:0 Prob:0.90366 Alpha:0.50015
[MOE_TRACE] Group:1 Prob:0.53032 Alpha:0.50022
[MOE_TRACE] Group:2 Prob:0.91322 Alpha:0.50073
[MOE_TRACE] Group:0 Prob:0.90366 Alpha:0.50015
[MOE_TRACE] Group:1 Prob:0.53032 Alpha:0.50022
[MOE_TRACE] Group:0 Prob:0.90366 Alpha:0.50015
[MOE_TRACE] Group:2 Prob:0.91322 Alpha:0.50073
[MOE_TRACE] Group:1 Prob:0.53032 Alpha:0.50022
[MOE_TRACE] Group:2 Prob:0.91322 Alpha:0.50073
[MOE_TRACE] Group:0 Prob:0.90366 Alpha:0.50015
[MOE_TRACE] Group:1 Prob:0.53032 Alpha:0.50022
[MOE_TRACE] Group:2 Prob:0.91322 Alpha:0.50073
[MOE_TRACE] Group:0 Prob:0.90181 Alpha:0.50013
[MOE_TRACE] Group:1 Prob:0.52761 Alpha:0.50022
[MOE_TRACE] Group:2 Prob:0.91238 Alpha:0.50073
[MOE_TRACE] Group:0 Prob:0.90181 Alpha:0.50013
[MOE_TRACE] Group:1 Prob:0.52761 Alpha:0.50022
[MOE_TRACE] Group:2 Prob:0.91535 Alpha:0.50073
[MOE_TRACE] Group:0 Prob:0.90181 Alpha:0.50013
[MOE_TRACE] Group:0 Prob:0.90181 Alpha:0.50013
[MOE_TRACE] Group:1 Prob:0.52761 Alpha:0.50022
[MOE_TRACE] Group:2 Prob:0.91535 Alpha:0.50073
[MOE_TRACE] Group:1 Prob:0.52761 Alpha:0.50022
[MOE_TRACE] Group:2 Prob:0.91535 Alpha:0.50073
[MOE_TRACE] Group:0 Prob:0.90129 Alpha:0.50013
[MOE_TRACE] Group:1 Prob:0.52587 Alpha:0.50022
[MOE_TRACE] Group:0 Prob:0.90129 Alpha:0.50013
[MOE_TRACE] Group:2 Prob:0.91187 Alpha:0.50073
[MOE_TRACE] Group:1 Prob:0.52587 Alpha:0.50022
[MOE_TRACE] Group:2 Prob:0.91187 Alpha:0.50073
[MOE_TRACE] Group:0 Prob:0.90129 Alpha:0.50013
[MOE_TRACE] Group:1 Prob:0.52587 Alpha:0.50022
[MOE_TRACE] Group:2 Prob:0.91187 Alpha:0.50073
[MOE_TRACE] Group:0 Prob:0.90129 Alpha:0.50013
[MOE_TRACE] Group:1 Prob:0.52587 Alpha:0.50022
[MOE_TRACE] Group:2 Prob:0.91187 Alpha:0.50073
[MOE_TRACE] Group:0 Prob:0.90843 Alpha:0.50013
[MOE_TRACE] Group:1 Prob:0.52574 Alpha:0.50022
[MOE_TRACE] Group:2 Prob:0.90885 Alpha:0.50075
[MOE_TRACE] Group:0 Prob:0.90843 Alpha:0.50013
[MOE_TRACE] Group:1 Prob:0.52574 Alpha:0.50022
[MOE_TRACE] Group:2 Prob:0.90790 Alpha:0.50075
[MOE_TRACE] Group:0 Prob:0.90843 Alpha:0.50013
[MOE_TRACE] Group:1 Prob:0.52574 Alpha:0.50022
[MOE_TRACE] Group:2 Prob:0.90790 Alpha:0.50075
[MOE_TRACE] Group:0 Prob:0.90843 Alpha:0.50013
[MOE_TRACE] Group:1 Prob:0.52574 Alpha:0.50022
[MOE_TRACE] Group:2 Prob:0.90790 Alpha:0.50075
[MOE_TRACE] Group:0 Prob:0.90715 Alpha:0.50013
[MOE_TRACE] Group:0 Prob:0.90715 Alpha:0.50013
[MOE_TRACE] Group:1 Prob:0.52226 Alpha:0.50022
[MOE_TRACE] Group:1 Prob:0.52227 Alpha:0.50022
[MOE_TRACE] Group:2 Prob:0.90743 Alpha:0.50075
[MOE_TRACE] Group:2 Prob:0.90743 Alpha:0.50075
[MOE_TRACE] Group:0 Prob:0.90715 Alpha:0.50013
[MOE_TRACE] Group:1 Prob:0.52226 Alpha:0.50022
[MOE_TRACE] Group:2 Prob:0.91040 Alpha:0.50075
[MOE_TRACE] Group:0 Prob:0.90715 Alpha:0.50013
[MOE_TRACE] Group:1 Prob:0.52226 Alpha:0.50022
[MOE_TRACE] Group:2 Prob:0.91040 Alpha:0.50075
[MOE_TRACE] Group:0 Prob:0.90492 Alpha:0.50012
[MOE_TRACE] Group:1 Prob:0.52708 Alpha:0.50022
[MOE_TRACE] Group:0 Prob:0.90582 Alpha:0.50012
[MOE_TRACE] Group:0 Prob:0.90582 Alpha:0.50012
[MOE_TRACE] Group:1 Prob:0.52623 Alpha:0.50022
[MOE_TRACE] Group:1 Prob:0.52623 Alpha:0.50022
[MOE_TRACE] Group:2 Prob:0.90973 Alpha:0.50073
[MOE_TRACE] Group:2 Prob:0.90973 Alpha:0.50073
[MOE_TRACE] Group:0 Prob:0.90582 Alpha:0.50012
[MOE_TRACE] Group:1 Prob:0.52623 Alpha:0.50022
[MOE_TRACE] Group:2 Prob:0.90973 Alpha:0.50073
[MOE_TRACE] Group:0 Prob:0.90722 Alpha:0.50012
[MOE_TRACE] Group:1 Prob:0.52564 Alpha:0.50022
[MOE_TRACE] Group:0 Prob:0.90722 Alpha:0.50012
[MOE_TRACE] Group:1 Prob:0.52564 Alpha:0.50022
[MOE_TRACE] Group:0 Prob:0.90722 Alpha:0.50012
[MOE_TRACE] Group:1 Prob:0.52564 Alpha:0.50022
[MOE_TRACE] Group:0 Prob:0.90722 Alpha:0.50012
[MOE_TRACE] Group:2 Prob:0.91698 Alpha:0.50073
[MOE_TRACE] Group:1 Prob:0.52564 Alpha:0.50022
[MOE_TRACE] Group:2 Prob:0.91698 Alpha:0.50073
[MOE_TRACE] Group:0 Prob:0.91703 Alpha:0.50011
[MOE_TRACE] Group:1 Prob:0.52998 Alpha:0.50023
[MOE_TRACE] Group:2 Prob:0.90964 Alpha:0.50073
[MOE_TRACE] Group:0 Prob:0.91703 Alpha:0.50011
[MOE_TRACE] Group:1 Prob:0.52998 Alpha:0.50023
[MOE_TRACE] Group:0 Prob:0.91703 Alpha:0.50011
[MOE_TRACE] Group:2 Prob:0.91075 Alpha:0.50073
[MOE_TRACE] Group:1 Prob:0.52998 Alpha:0.50023
[MOE_TRACE] Group:2 Prob:0.91075 Alpha:0.50073
[MOE_TRACE] Group:0 Prob:0.91703 Alpha:0.50011
[MOE_TRACE] Group:1 Prob:0.52998 Alpha:0.50023
[MOE_TRACE] Group:2 Prob:0.91075 Alpha:0.50073
[MOE_TRACE] Group:0 Prob:0.90875 Alpha:0.50010
[MOE_TRACE] Group:1 Prob:0.52763 Alpha:0.50025
[MOE_TRACE] Group:0 Prob:0.90913 Alpha:0.50010
[MOE_TRACE] Group:1 Prob:0.53315 Alpha:0.50025[MOE_TRACE] Group:0 Prob:0.90913 Alpha:0.50010

[MOE_TRACE] Group:2 Prob:0.90948 Alpha:0.50074
[MOE_TRACE] Group:1 Prob:0.53315 Alpha:0.50025
[MOE_TRACE] Group:2 Prob:0.90948 Alpha:0.50074
[MOE_TRACE] Group:0 Prob:0.90913 Alpha:0.50010
[MOE_TRACE] Group:1 Prob:0.53315 Alpha:0.50025
[MOE_TRACE] Group:2 Prob:0.90948 Alpha:0.50074
[MOE_TRACE] Group:0 Prob:0.90670 Alpha:0.50010
[MOE_TRACE] Group:1 Prob:0.53212 Alpha:0.50026
[MOE_TRACE] Group:0 Prob:0.90670 Alpha:0.50010
[MOE_TRACE] Group:2 Prob:0.90624 Alpha:0.50075
[MOE_TRACE] Group:1 Prob:0.53212 Alpha:0.50026
[MOE_TRACE] Group:2 Prob:0.90624 Alpha:0.50075
[MOE_TRACE] Group:0 Prob:0.90670 Alpha:0.50010
[MOE_TRACE] Group:1 Prob:0.53212 Alpha:0.50026
[MOE_TRACE] Group:2 Prob:0.90481 Alpha:0.50075
[MOE_TRACE] Group:0 Prob:0.90670 Alpha:0.50010
[MOE_TRACE] Group:1 Prob:0.53212 Alpha:0.50026
[MOE_TRACE] Group:2 Prob:0.90481 Alpha:0.50075
[MOE_TRACE] Group:0 Prob:0.91151 Alpha:0.50010
[MOE_TRACE] Group:0 Prob:0.91151 Alpha:0.50010
[MOE_TRACE] Group:1 Prob:0.53054 Alpha:0.50026
[MOE_TRACE] Group:1 Prob:0.53054 Alpha:0.50026
[MOE_TRACE] Group:2 Prob:0.90765 Alpha:0.50075
[MOE_TRACE] Group:2 Prob:0.90765 Alpha:0.50075
[MOE_TRACE] Group:0 Prob:0.91151 Alpha:0.50010
[MOE_TRACE] Group:1 Prob:0.53054 Alpha:0.50026
[MOE_TRACE] Group:2 Prob:0.90765 Alpha:0.50075
[MOE_TRACE] Group:0 Prob:0.91151 Alpha:0.50010
[MOE_TRACE] Group:1 Prob:0.53054 Alpha:0.50026
[MOE_TRACE] Group:2 Prob:0.90765 Alpha:0.50075
[MOE_TRACE] Group:0 Prob:0.90682 Alpha:0.50010
[MOE_TRACE] Group:0 Prob:0.90682 Alpha:0.50010
[MOE_TRACE] Group:1 Prob:0.53617 Alpha:0.50026
[MOE_TRACE] Group:0 Prob:0.90682 Alpha:0.50010
[MOE_TRACE] Group:2 Prob:0.91326 Alpha:0.50073
[MOE_TRACE] Group:1 Prob:0.53617 Alpha:0.50026
[MOE_TRACE] Group:1 Prob:0.53617 Alpha:0.50026
[MOE_TRACE] Group:2 Prob:0.91326 Alpha:0.50073
[MOE_TRACE] Group:2 Prob:0.91326 Alpha:0.50073
[MOE_TRACE] Group:0 Prob:0.90682 Alpha:0.50010
[MOE_TRACE] Group:1 Prob:0.53617 Alpha:0.50026
[MOE_TRACE] Group:2 Prob:0.91326 Alpha:0.50073
[MOE_TRACE] Group:0 Prob:0.90622 Alpha:0.50010
[MOE_TRACE] Group:1 Prob:0.53288 Alpha:0.50026
[MOE_TRACE] Group:2 Prob:0.91351 Alpha:0.50072
[MOE_TRACE] Group:0 Prob:0.90622 Alpha:0.50010
[MOE_TRACE] Group:1 Prob:0.53288 Alpha:0.50026
[MOE_TRACE] Group:2 Prob:0.91375 Alpha:0.50072
[MOE_TRACE] Group:0 Prob:0.90622 Alpha:0.50010
[MOE_TRACE] Group:1 Prob:0.53288 Alpha:0.50026
[MOE_TRACE] Group:2 Prob:0.91375 Alpha:0.50072
[MOE_TRACE] Group:0 Prob:0.90622 Alpha:0.50010
[MOE_TRACE] Group:1 Prob:0.53288 Alpha:0.50026
[MOE_TRACE] Group:2 Prob:0.91375 Alpha:0.50072
[MOE_TRACE] Group:0 Prob:0.91398 Alpha:0.50010
[MOE_TRACE] Group:1 Prob:0.53335 Alpha:0.50027
[MOE_TRACE] Group:2 Prob:0.91576 Alpha:0.50071
[MOE_TRACE] Group:0 Prob:0.91398 Alpha:0.50010
[MOE_TRACE] Group:1 Prob:0.53335 Alpha:0.50027
[MOE_TRACE] Group:2 Prob:0.91733 Alpha:0.50071
[MOE_TRACE] Group:0 Prob:0.91398 Alpha:0.50010
[MOE_TRACE] Group:0 Prob:0.91398 Alpha:0.50010
[MOE_TRACE] Group:1 Prob:0.53335 Alpha:0.50027
[MOE_TRACE] Group:1 Prob:0.53335 Alpha:0.50027
[MOE_TRACE] Group:2 Prob:0.91733 Alpha:0.50071
[MOE_TRACE] Group:2 Prob:0.91733 Alpha:0.50071
[MOE_TRACE] Group:0 Prob:0.91452 Alpha:0.50010
[MOE_TRACE] Group:0 Prob:0.91452 Alpha:0.50010
[MOE_TRACE] Group:0 Prob:0.91452 Alpha:0.50010
[MOE_TRACE] Group:1 Prob:0.52935 Alpha:0.50028
[MOE_TRACE] Group:0 Prob:0.91452 Alpha:0.50010
[MOE_TRACE] Group:2 Prob:0.91717 Alpha:0.50072[MOE_TRACE] Group:1 Prob:0.52935 Alpha:0.50028[MOE_TRACE] Group:1 Prob:0.52935 Alpha:0.50028
[MOE_TRACE] Group:1 Prob:0.52935 Alpha:0.50028


[MOE_TRACE] Group:2 Prob:0.91717 Alpha:0.50072[MOE_TRACE] Group:2 Prob:0.91717 Alpha:0.50072

[MOE_TRACE] Group:2 Prob:0.91717 Alpha:0.50072
[MOE_TRACE] Group:0 Prob:0.91209 Alpha:0.50009
[MOE_TRACE] Group:0 Prob:0.90925 Alpha:0.50009
[MOE_TRACE] Group:1 Prob:0.52722 Alpha:0.50029
[MOE_TRACE] Group:0 Prob:0.90925 Alpha:0.50009
[MOE_TRACE] Group:1 Prob:0.53304 Alpha:0.50029
[MOE_TRACE] Group:2 Prob:0.91273 Alpha:0.50072
[MOE_TRACE] Group:0 Prob:0.90925 Alpha:0.50009
[MOE_TRACE] Group:1 Prob:0.53304 Alpha:0.50029
[MOE_TRACE] Group:2 Prob:0.91273 Alpha:0.50072
[MOE_TRACE] Group:0 Prob:0.91311 Alpha:0.50009
[MOE_TRACE] Group:0 Prob:0.91311 Alpha:0.50009
[MOE_TRACE] Group:1 Prob:0.52995 Alpha:0.50029
[MOE_TRACE] Group:1 Prob:0.52995 Alpha:0.50029
[MOE_TRACE] Group:0 Prob:0.91311 Alpha:0.50009
[MOE_TRACE] Group:2 Prob:0.91024 Alpha:0.50073
[MOE_TRACE] Group:2 Prob:0.91024 Alpha:0.50073
[MOE_TRACE] Group:1 Prob:0.52995 Alpha:0.50029
[MOE_TRACE] Group:0 Prob:0.91311 Alpha:0.50009
[MOE_TRACE] Group:2 Prob:0.91024 Alpha:0.50073
[MOE_TRACE] Group:1 Prob:0.52995 Alpha:0.50029
[MOE_TRACE] Group:2 Prob:0.91024 Alpha:0.50073
[MOE_TRACE] Group:0 Prob:0.91339 Alpha:0.50009
[MOE_TRACE] Group:1 Prob:0.52743 Alpha:0.50030
[MOE_TRACE] Group:2 Prob:0.91332 Alpha:0.50073
[MOE_TRACE] Group:0 Prob:0.91339 Alpha:0.50009
[MOE_TRACE] Group:1 Prob:0.52743 Alpha:0.50030
[MOE_TRACE] Group:0 Prob:0.91339 Alpha:0.50009
[MOE_TRACE] Group:2 Prob:0.91332 Alpha:0.50073
[MOE_TRACE] Group:1 Prob:0.52743 Alpha:0.50030
[MOE_TRACE] Group:2 Prob:0.91332 Alpha:0.50073
[MOE_TRACE] Group:0 Prob:0.91339 Alpha:0.50009
[MOE_TRACE] Group:1 Prob:0.52743 Alpha:0.50030
[MOE_TRACE] Group:2 Prob:0.91332 Alpha:0.50073
[MOE_TRACE] Group:0 Prob:0.90956 Alpha:0.50010
[MOE_TRACE] Group:1 Prob:0.53375 Alpha:0.50031
[MOE_TRACE] Group:0 Prob:0.90956 Alpha:0.50010[MOE_TRACE] Group:0 Prob:0.90956 Alpha:0.50010

[MOE_TRACE] Group:1 Prob:0.53063 Alpha:0.50031
[MOE_TRACE] Group:1 Prob:0.53063 Alpha:0.50031
[MOE_TRACE] Group:2 Prob:0.91078 Alpha:0.50072
[MOE_TRACE] Group:2 Prob:0.91078 Alpha:0.50072
[MOE_TRACE] Group:0 Prob:0.90956 Alpha:0.50010
[MOE_TRACE] Group:1 Prob:0.53063 Alpha:0.50031
[MOE_TRACE] Group:2 Prob:0.91078 Alpha:0.50072
[MOE_TRACE] Group:0 Prob:0.91276 Alpha:0.50009
[MOE_TRACE] Group:0 Prob:0.91276 Alpha:0.50009
[MOE_TRACE] Group:1 Prob:0.53384 Alpha:0.50031
[MOE_TRACE] Group:1 Prob:0.53384 Alpha:0.50031
[MOE_TRACE] Group:0 Prob:0.91276 Alpha:0.50009
[MOE_TRACE] Group:0 Prob:0.91276 Alpha:0.50009[MOE_TRACE] Group:2 Prob:0.91326 Alpha:0.50072

[MOE_TRACE] Group:2 Prob:0.91326 Alpha:0.50072[MOE_TRACE] Group:1 Prob:0.53384 Alpha:0.50031

[MOE_TRACE] Group:1 Prob:0.53384 Alpha:0.50031
[MOE_TRACE] Group:2 Prob:0.91326 Alpha:0.50072
[MOE_TRACE] Group:2 Prob:0.91326 Alpha:0.50072
[MOE_TRACE] Group:0 Prob:0.91959 Alpha:0.50009
[MOE_TRACE] Group:1 Prob:0.52547 Alpha:0.50032
[MOE_TRACE] Group:0 Prob:0.91959 Alpha:0.50009
[MOE_TRACE] Group:2 Prob:0.91480 Alpha:0.50073
[MOE_TRACE] Group:1 Prob:0.52547 Alpha:0.50032
[MOE_TRACE] Group:2 Prob:0.91217 Alpha:0.50073
[MOE_TRACE] Group:0 Prob:0.91959 Alpha:0.50009
[MOE_TRACE] Group:1 Prob:0.52547 Alpha:0.50032
[MOE_TRACE] Group:2 Prob:0.91217 Alpha:0.50073
[MOE_TRACE] Group:0 Prob:0.91959 Alpha:0.50009
[MOE_TRACE] Group:1 Prob:0.52547 Alpha:0.50032
[MOE_TRACE] Group:2 Prob:0.91217 Alpha:0.50073
[MOE_TRACE] Group:0 Prob:0.91510 Alpha:0.50009
[MOE_TRACE] Group:1 Prob:0.51971 Alpha:0.50032
[MOE_TRACE] Group:2 Prob:0.90984 Alpha:0.50073
[MOE_TRACE] Group:0 Prob:0.91510 Alpha:0.50009
[MOE_TRACE] Group:1 Prob:0.51971 Alpha:0.50032
[MOE_TRACE] Group:2 Prob:0.90984 Alpha:0.50073
[MOE_TRACE] Group:0 Prob:0.91324 Alpha:0.50009
[MOE_TRACE] Group:1 Prob:0.52486 Alpha:0.50033
[MOE_TRACE] Group:2 Prob:0.91123 Alpha:0.50073
[MOE_TRACE] Group:0 Prob:0.91324 Alpha:0.50009
[MOE_TRACE] Group:0 Prob:0.91324 Alpha:0.50009
[MOE_TRACE] Group:1 Prob:0.52486 Alpha:0.50033
[MOE_TRACE] Group:2 Prob:0.91123 Alpha:0.50073
[MOE_TRACE] Group:0 Prob:0.91324 Alpha:0.50009
[MOE_TRACE] Group:1 Prob:0.52486 Alpha:0.50033
[MOE_TRACE] Group:1 Prob:0.52486 Alpha:0.50033
[MOE_TRACE] Group:2 Prob:0.91123 Alpha:0.50073
[MOE_TRACE] Group:2 Prob:0.91123 Alpha:0.50073
[MOE_TRACE] Group:0 Prob:0.91491 Alpha:0.50010
[MOE_TRACE] Group:1 Prob:0.52973 Alpha:0.50033
[MOE_TRACE] Group:2 Prob:0.91215 Alpha:0.50073
[MOE_TRACE] Group:0 Prob:0.91491 Alpha:0.50010
[MOE_TRACE] Group:1 Prob:0.52973 Alpha:0.50033
[MOE_TRACE] Group:2 Prob:0.91215 Alpha:0.50073
[MOE_TRACE] Group:0 Prob:0.91491 Alpha:0.50010
[MOE_TRACE] Group:1 Prob:0.52973 Alpha:0.50033
[MOE_TRACE] Group:2 Prob:0.91215 Alpha:0.50073
[MOE_TRACE] Group:0 Prob:0.91491 Alpha:0.50010
[MOE_TRACE] Group:1 Prob:0.52973 Alpha:0.50033
[MOE_TRACE] Group:2 Prob:0.91215 Alpha:0.50073
[MOE_TRACE] Group:0 Prob:0.90532 Alpha:0.50010
[MOE_TRACE] Group:1 Prob:0.52330 Alpha:0.50034
[MOE_TRACE] Group:2 Prob:0.91175 Alpha:0.50073
[MOE_TRACE] Group:0 Prob:0.90532 Alpha:0.50010
[MOE_TRACE] Group:0 Prob:0.90532 Alpha:0.50010[MOE_TRACE] Group:1 Prob:0.52330 Alpha:0.50034

[MOE_TRACE] Group:1 Prob:0.52330 Alpha:0.50034[MOE_TRACE] Group:2 Prob:0.91175 Alpha:0.50073

[MOE_TRACE] Group:0 Prob:0.90532 Alpha:0.50010
[MOE_TRACE] Group:2 Prob:0.91175 Alpha:0.50073
[MOE_TRACE] Group:1 Prob:0.52330 Alpha:0.50034
[MOE_TRACE] Group:2 Prob:0.91175 Alpha:0.50073
[MOE_TRACE] Group:0 Prob:0.90585 Alpha:0.50010
[MOE_TRACE] Group:1 Prob:0.51966 Alpha:0.50035
[MOE_TRACE] Group:2 Prob:0.90943 Alpha:0.50074
[MOE_TRACE] Group:0 Prob:0.90585 Alpha:0.50010
[MOE_TRACE] Group:1 Prob:0.51966 Alpha:0.50035
[MOE_TRACE] Group:2 Prob:0.91133 Alpha:0.50074
[MOE_TRACE] Group:0 Prob:0.90585 Alpha:0.50010
[MOE_TRACE] Group:1 Prob:0.51966 Alpha:0.50035
[MOE_TRACE] Group:2 Prob:0.91133 Alpha:0.50074
[MOE_TRACE] Group:0 Prob:0.90585 Alpha:0.50010
[MOE_TRACE] Group:1 Prob:0.51966 Alpha:0.50035
[MOE_TRACE] Group:2 Prob:0.91133 Alpha:0.50074
[MOE_TRACE] Group:0 Prob:0.90884 Alpha:0.50010
[MOE_TRACE] Group:1 Prob:0.51275 Alpha:0.50036
[MOE_TRACE] Group:2 Prob:0.91085 Alpha:0.50073
[MOE_TRACE] Group:0 Prob:0.90884 Alpha:0.50010
[MOE_TRACE] Group:1 Prob:0.51275 Alpha:0.50036
[MOE_TRACE] Group:2 Prob:0.91085 Alpha:0.50073
[MOE_TRACE] Group:0 Prob:0.90884 Alpha:0.50010
[MOE_TRACE] Group:1 Prob:0.51275 Alpha:0.50036
[MOE_TRACE] Group:2 Prob:0.90965 Alpha:0.50073
[MOE_TRACE] Group:0 Prob:0.90884 Alpha:0.50010
[MOE_TRACE] Group:1 Prob:0.51275 Alpha:0.50036
[MOE_TRACE] Group:2 Prob:0.90965 Alpha:0.50073
[MOE_TRACE] Group:0 Prob:0.91167 Alpha:0.50010
[MOE_TRACE] Group:0 Prob:0.91167 Alpha:0.50010
[MOE_TRACE] Group:0 Prob:0.91167 Alpha:0.50010
[MOE_TRACE] Group:1 Prob:0.51131 Alpha:0.50037
[MOE_TRACE] Group:1 Prob:0.51131 Alpha:0.50037
[MOE_TRACE] Group:1 Prob:0.51131 Alpha:0.50037
[MOE_TRACE] Group:2 Prob:0.91136 Alpha:0.50073
[MOE_TRACE] Group:2 Prob:0.91136 Alpha:0.50073
[MOE_TRACE] Group:2 Prob:0.91136 Alpha:0.50073
[MOE_TRACE] Group:0 Prob:0.91167 Alpha:0.50010
[MOE_TRACE] Group:1 Prob:0.51131 Alpha:0.50037
[MOE_TRACE] Group:2 Prob:0.91136 Alpha:0.50073
[MOE_TRACE] Group:0 Prob:0.90420 Alpha:0.50010
[MOE_TRACE] Group:1 Prob:0.51653 Alpha:0.50038
[MOE_TRACE] Group:0 Prob:0.90420 Alpha:0.50010
[MOE_TRACE] Group:2 Prob:0.90823 Alpha:0.50073
[MOE_TRACE] Group:1 Prob:0.51653 Alpha:0.50038
[MOE_TRACE] Group:2 Prob:0.90823 Alpha:0.50073
[MOE_TRACE] Group:0 Prob:0.90420 Alpha:0.50010
[MOE_TRACE] Group:1 Prob:0.51653 Alpha:0.50038
[MOE_TRACE] Group:2 Prob:0.90823 Alpha:0.50073
[MOE_TRACE] Group:0 Prob:0.90420 Alpha:0.50010
[MOE_TRACE] Group:1 Prob:0.51653 Alpha:0.50038
[MOE_TRACE] Group:2 Prob:0.90823 Alpha:0.50073
[MOE_TRACE] Group:0 Prob:0.91085 Alpha:0.50011[MOE_TRACE] Group:0 Prob:0.91085 Alpha:0.50011

[MOE_TRACE] Group:1 Prob:0.51761 Alpha:0.50038
[MOE_TRACE] Group:1 Prob:0.51761 Alpha:0.50038[MOE_TRACE] Group:2 Prob:0.91204 Alpha:0.50073

[MOE_TRACE] Group:2 Prob:0.91204 Alpha:0.50073
[MOE_TRACE] Group:0 Prob:0.91085 Alpha:0.50011
[MOE_TRACE] Group:0 Prob:0.91085 Alpha:0.50011[MOE_TRACE] Group:1 Prob:0.51761 Alpha:0.50038

[MOE_TRACE] Group:1 Prob:0.51761 Alpha:0.50038[MOE_TRACE] Group:2 Prob:0.91204 Alpha:0.50073

[MOE_TRACE] Group:2 Prob:0.91204 Alpha:0.50073
[MOE_TRACE] Group:0 Prob:0.90913 Alpha:0.50010
[MOE_TRACE] Group:1 Prob:0.51560 Alpha:0.50039
[MOE_TRACE] Group:2 Prob:0.91028 Alpha:0.50073
[MOE_TRACE] Group:0 Prob:0.90913 Alpha:0.50010
[MOE_TRACE] Group:0 Prob:0.90913 Alpha:0.50010
[MOE_TRACE] Group:1 Prob:0.51560 Alpha:0.50039
[MOE_TRACE] Group:1 Prob:0.51560 Alpha:0.50039
[MOE_TRACE] Group:2 Prob:0.91028 Alpha:0.50073
[MOE_TRACE] Group:2 Prob:0.91028 Alpha:0.50073
[MOE_TRACE] Group:0 Prob:0.90913 Alpha:0.50010
[MOE_TRACE] Group:1 Prob:0.51560 Alpha:0.50039
[MOE_TRACE] Group:2 Prob:0.91028 Alpha:0.50073
[MOE_TRACE] Group:0 Prob:0.90381 Alpha:0.50010
[MOE_TRACE] Group:1 Prob:0.51485 Alpha:0.50039
[MOE_TRACE] Group:0 Prob:0.90381 Alpha:0.50010
[MOE_TRACE] Group:0 Prob:0.90381 Alpha:0.50010
[MOE_TRACE] Group:2 Prob:0.90428 Alpha:0.50074
[MOE_TRACE] Group:1 Prob:0.51485 Alpha:0.50039
[MOE_TRACE] Group:1 Prob:0.51485 Alpha:0.50039
[MOE_TRACE] Group:2 Prob:0.90428 Alpha:0.50074
[MOE_TRACE] Group:2 Prob:0.90428 Alpha:0.50074
[MOE_TRACE] Group:0 Prob:0.90381 Alpha:0.50010
[MOE_TRACE] Group:1 Prob:0.51485 Alpha:0.50039
[MOE_TRACE] Group:2 Prob:0.90428 Alpha:0.50074
[MOE_TRACE] Group:0 Prob:0.91349 Alpha:0.50010
[MOE_TRACE] Group:1 Prob:0.50974 Alpha:0.50040
[MOE_TRACE] Group:2 Prob:0.90975 Alpha:0.50074
[MOE_TRACE] Group:0 Prob:0.91349 Alpha:0.50010
[MOE_TRACE] Group:1 Prob:0.50974 Alpha:0.50040
[MOE_TRACE] Group:2 Prob:0.90975 Alpha:0.50074
[MOE_TRACE] Group:0 Prob:0.91349 Alpha:0.50010
[MOE_TRACE] Group:1 Prob:0.50974 Alpha:0.50040
[MOE_TRACE] Group:2 Prob:0.90962 Alpha:0.50074
[MOE_TRACE] Group:0 Prob:0.91349 Alpha:0.50010
[MOE_TRACE] Group:1 Prob:0.50974 Alpha:0.50040
[MOE_TRACE] Group:2 Prob:0.90962 Alpha:0.50074
[MOE_TRACE] Group:0 Prob:0.90999 Alpha:0.50010
[MOE_TRACE] Group:0 Prob:0.90999 Alpha:0.50010
[MOE_TRACE] Group:1 Prob:0.51207 Alpha:0.50041
[MOE_TRACE] Group:0 Prob:0.90999 Alpha:0.50010
[MOE_TRACE] Group:1 Prob:0.51207 Alpha:0.50041
[MOE_TRACE] Group:2 Prob:0.90779 Alpha:0.50074
[MOE_TRACE] Group:2 Prob:0.90779 Alpha:0.50074
[MOE_TRACE] Group:1 Prob:0.51207 Alpha:0.50041
[MOE_TRACE] Group:2 Prob:0.90779 Alpha:0.50074[MOE_TRACE] Group:0 Prob:0.90999 Alpha:0.50010

[MOE_TRACE] Group:1 Prob:0.51207 Alpha:0.50041
[MOE_TRACE] Group:2 Prob:0.90779 Alpha:0.50074
[MOE_TRACE] Group:0 Prob:0.91063 Alpha:0.50010
[MOE_TRACE] Group:1 Prob:0.51479 Alpha:0.50041
[MOE_TRACE] Group:2 Prob:0.91165 Alpha:0.50072
[MOE_TRACE] Group:0 Prob:0.91063 Alpha:0.50010
[MOE_TRACE] Group:0 Prob:0.91063 Alpha:0.50010
[MOE_TRACE] Group:1 Prob:0.51479 Alpha:0.50041
[MOE_TRACE] Group:1 Prob:0.51479 Alpha:0.50041
[MOE_TRACE] Group:2 Prob:0.91165 Alpha:0.50072
[MOE_TRACE] Group:2 Prob:0.91165 Alpha:0.50072
[MOE_TRACE] Group:0 Prob:0.91063 Alpha:0.50010
[MOE_TRACE] Group:1 Prob:0.51479 Alpha:0.50041
[MOE_TRACE] Group:2 Prob:0.91165 Alpha:0.50072
[MOE_TRACE] Group:0 Prob:0.91175 Alpha:0.50010
[MOE_TRACE] Group:1 Prob:0.51238 Alpha:0.50042
[MOE_TRACE] Group:2 Prob:0.91228 Alpha:0.50072
[MOE_TRACE] Group:0 Prob:0.91175 Alpha:0.50010
[MOE_TRACE] Group:1 Prob:0.51238 Alpha:0.50042
[MOE_TRACE] Group:2 Prob:0.91228 Alpha:0.50072
[MOE_TRACE] Group:0 Prob:0.91175 Alpha:0.50010
[MOE_TRACE] Group:1 Prob:0.51238 Alpha:0.50042
[MOE_TRACE] Group:2 Prob:0.91228 Alpha:0.50072
[MOE_TRACE] Group:0 Prob:0.91175 Alpha:0.50010
[MOE_TRACE] Group:1 Prob:0.51238 Alpha:0.50042
[MOE_TRACE] Group:2 Prob:0.91228 Alpha:0.50072
[MOE_TRACE] Group:0 Prob:0.91177 Alpha:0.50010
[MOE_TRACE] Group:0 Prob:0.91177 Alpha:0.50010
[MOE_TRACE] Group:0 Prob:0.91177 Alpha:0.50010
[MOE_TRACE] Group:1 Prob:0.51557 Alpha:0.50043
[MOE_TRACE] Group:1 Prob:0.51557 Alpha:0.50043
[MOE_TRACE] Group:1 Prob:0.51557 Alpha:0.50043[MOE_TRACE] Group:2 Prob:0.91257 Alpha:0.50072

[MOE_TRACE] Group:2 Prob:0.91257 Alpha:0.50072
[MOE_TRACE] Group:2 Prob:0.91257 Alpha:0.50072
[MOE_TRACE] Group:0 Prob:0.91177 Alpha:0.50010
[MOE_TRACE] Group:1 Prob:0.51557 Alpha:0.50043
[MOE_TRACE] Group:2 Prob:0.91257 Alpha:0.50072
[MOE_TRACE] Group:0 Prob:0.91222 Alpha:0.50009
[MOE_TRACE] Group:1 Prob:0.51580 Alpha:0.50044
[MOE_TRACE] Group:2 Prob:0.91049 Alpha:0.50073
[MOE_TRACE] Group:0 Prob:0.91222 Alpha:0.50009
[MOE_TRACE] Group:1 Prob:0.51580 Alpha:0.50044
[MOE_TRACE] Group:2 Prob:0.91049 Alpha:0.50073
[MOE_TRACE] Group:0 Prob:0.91222 Alpha:0.50009
[MOE_TRACE] Group:1 Prob:0.51580 Alpha:0.50044
[MOE_TRACE] Group:2 Prob:0.91049 Alpha:0.50073
[MOE_TRACE] Group:0 Prob:0.91222 Alpha:0.50009
[MOE_TRACE] Group:1 Prob:0.51580 Alpha:0.50044
[MOE_TRACE] Group:2 Prob:0.91049 Alpha:0.50073
[MOE_TRACE] Group:0 Prob:0.91407 Alpha:0.50009
[MOE_TRACE] Group:0 Prob:0.91407 Alpha:0.50009
[MOE_TRACE] Group:1 Prob:0.51312 Alpha:0.50045
[MOE_TRACE] Group:1 Prob:0.51312 Alpha:0.50045
[MOE_TRACE] Group:2 Prob:0.90730 Alpha:0.50074[MOE_TRACE] Group:2 Prob:0.90730 Alpha:0.50074

[MOE_TRACE] Group:0 Prob:0.91407 Alpha:0.50009
[MOE_TRACE] Group:1 Prob:0.51312 Alpha:0.50045
[MOE_TRACE] Group:2 Prob:0.90730 Alpha:0.50074
[MOE_TRACE] Group:0 Prob:0.91407 Alpha:0.50009
[MOE_TRACE] Group:1 Prob:0.51312 Alpha:0.50045
[MOE_TRACE] Group:2 Prob:0.90730 Alpha:0.50074
[MOE_TRACE] Group:0 Prob:0.91564 Alpha:0.50009
[MOE_TRACE] Group:1 Prob:0.51873 Alpha:0.50045
[MOE_TRACE] Group:2 Prob:0.90836 Alpha:0.50073
[MOE_TRACE] Group:0 Prob:0.91564 Alpha:0.50009
[MOE_TRACE] Group:1 Prob:0.51873 Alpha:0.50045
[MOE_TRACE] Group:2 Prob:0.90836 Alpha:0.50073
[MOE_TRACE] Group:0 Prob:0.91564 Alpha:0.50009
[MOE_TRACE] Group:0 Prob:0.91564 Alpha:0.50009
[MOE_TRACE] Group:1 Prob:0.51873 Alpha:0.50045
[MOE_TRACE] Group:1 Prob:0.51873 Alpha:0.50045
[MOE_TRACE] Group:2 Prob:0.90836 Alpha:0.50073
[MOE_TRACE] Group:2 Prob:0.90836 Alpha:0.50073
[MOE_TRACE] Group:0 Prob:0.91079 Alpha:0.50009
[MOE_TRACE] Group:1 Prob:0.52284 Alpha:0.50046
[MOE_TRACE] Group:0 Prob:0.91079 Alpha:0.50009
[MOE_TRACE] Group:1 Prob:0.52284 Alpha:0.50046
[MOE_TRACE] Group:2 Prob:0.91135 Alpha:0.50073
[MOE_TRACE] Group:2 Prob:0.91135 Alpha:0.50073
[MOE_TRACE] Group:0 Prob:0.91079 Alpha:0.50009
[MOE_TRACE] Group:1 Prob:0.52284 Alpha:0.50046
[MOE_TRACE] Group:2 Prob:0.91135 Alpha:0.50073
[MOE_TRACE] Group:0 Prob:0.91079 Alpha:0.50009
[MOE_TRACE] Group:1 Prob:0.52284 Alpha:0.50046
[MOE_TRACE] Group:2 Prob:0.91135 Alpha:0.50073
[MOE_TRACE] Group:0 Prob:0.91204 Alpha:0.50009
[MOE_TRACE] Group:0 Prob:0.91204 Alpha:0.50009
[MOE_TRACE] Group:1 Prob:0.51901 Alpha:0.50046
[MOE_TRACE] Group:1 Prob:0.51901 Alpha:0.50046
[MOE_TRACE] Group:2 Prob:0.90980 Alpha:0.50073[MOE_TRACE] Group:2 Prob:0.90980 Alpha:0.50073

[MOE_TRACE] Group:0 Prob:0.91204 Alpha:0.50009
[MOE_TRACE] Group:1 Prob:0.51901 Alpha:0.50046
[MOE_TRACE] Group:2 Prob:0.90980 Alpha:0.50073
[MOE_TRACE] Group:0 Prob:0.91204 Alpha:0.50009
[MOE_TRACE] Group:1 Prob:0.51901 Alpha:0.50046
[MOE_TRACE] Group:2 Prob:0.90980 Alpha:0.50073
[MOE_TRACE] Group:0 Prob:0.91586 Alpha:0.50008
[MOE_TRACE] Group:1 Prob:0.51953 Alpha:0.50046
[MOE_TRACE] Group:2 Prob:0.91000 Alpha:0.50073
[MOE_TRACE] Group:0 Prob:0.91586 Alpha:0.50008
[MOE_TRACE] Group:1 Prob:0.51953 Alpha:0.50046
[MOE_TRACE] Group:2 Prob:0.91000 Alpha:0.50073
[MOE_TRACE] Group:0 Prob:0.91586 Alpha:0.50008
[MOE_TRACE] Group:1 Prob:0.51953 Alpha:0.50046
[MOE_TRACE] Group:2 Prob:0.91000 Alpha:0.50073
[MOE_TRACE] Group:0 Prob:0.91586 Alpha:0.50008
[MOE_TRACE] Group:1 Prob:0.51953 Alpha:0.50046
[MOE_TRACE] Group:2 Prob:0.91000 Alpha:0.50073
[MOE_TRACE] Group:0 Prob:0.91566 Alpha:0.50008
[MOE_TRACE] Group:0 Prob:0.91566 Alpha:0.50008
[MOE_TRACE] Group:1 Prob:0.51845 Alpha:0.50047
[MOE_TRACE] Group:1 Prob:0.51845 Alpha:0.50047
[MOE_TRACE] Group:2 Prob:0.91051 Alpha:0.50073
[MOE_TRACE] Group:0 Prob:0.91566 Alpha:0.50008
[MOE_TRACE] Group:2 Prob:0.91051 Alpha:0.50073
[MOE_TRACE] Group:0 Prob:0.91566 Alpha:0.50008
[MOE_TRACE] Group:1 Prob:0.51845 Alpha:0.50047
[MOE_TRACE] Group:2 Prob:0.91051 Alpha:0.50073
[MOE_TRACE] Group:1 Prob:0.51845 Alpha:0.50047
[MOE_TRACE] Group:2 Prob:0.91051 Alpha:0.50073
[MOE_TRACE] Group:0 Prob:0.91921 Alpha:0.50008
[MOE_TRACE] Group:0 Prob:0.91921 Alpha:0.50008
[MOE_TRACE] Group:1 Prob:0.51641 Alpha:0.50046
[MOE_TRACE] Group:0 Prob:0.91921 Alpha:0.50008
[MOE_TRACE] Group:1 Prob:0.51641 Alpha:0.50046
[MOE_TRACE] Group:1 Prob:0.51641 Alpha:0.50046
[MOE_TRACE] Group:0 Prob:0.91921 Alpha:0.50008
[MOE_TRACE] Group:2 Prob:0.91191 Alpha:0.50072
[MOE_TRACE] Group:1 Prob:0.51641 Alpha:0.50046
[MOE_TRACE] Group:2 Prob:0.91191 Alpha:0.50072
[MOE_TRACE] Group:2 Prob:0.91191 Alpha:0.50072
[MOE_TRACE] Group:2 Prob:0.91191 Alpha:0.50072
[MOE_TRACE] Group:0 Prob:0.91434 Alpha:0.50008
[MOE_TRACE] Group:1 Prob:0.52022 Alpha:0.50046
[MOE_TRACE] Group:2 Prob:0.91385 Alpha:0.50072
[MOE_TRACE] Group:0 Prob:0.91434 Alpha:0.50008
[MOE_TRACE] Group:1 Prob:0.52022 Alpha:0.50046
[MOE_TRACE] Group:2 Prob:0.91385 Alpha:0.50072
[MOE_TRACE] Group:0 Prob:0.91434 Alpha:0.50008
[MOE_TRACE] Group:1 Prob:0.52022 Alpha:0.50046
[MOE_TRACE] Group:2 Prob:0.91385 Alpha:0.50072
[MOE_TRACE] Group:0 Prob:0.91434 Alpha:0.50008
[MOE_TRACE] Group:1 Prob:0.52022 Alpha:0.50046
[MOE_TRACE] Group:2 Prob:0.91385 Alpha:0.50072
[MOE_TRACE] Group:0 Prob:0.91491 Alpha:0.50008
[MOE_TRACE] Group:0 Prob:0.91491 Alpha:0.50008
[MOE_TRACE] Group:0 Prob:0.91491 Alpha:0.50008
[MOE_TRACE] Group:1 Prob:0.51855 Alpha:0.50046[MOE_TRACE] Group:1 Prob:0.51855 Alpha:0.50046

[MOE_TRACE] Group:1 Prob:0.51855 Alpha:0.50046
[MOE_TRACE] Group:0 Prob:0.91491 Alpha:0.50008[MOE_TRACE] Group:2 Prob:0.91467 Alpha:0.50072[MOE_TRACE] Group:2 Prob:0.91467 Alpha:0.50072


[MOE_TRACE] Group:2 Prob:0.91467 Alpha:0.50072
[MOE_TRACE] Group:1 Prob:0.51855 Alpha:0.50046
[MOE_TRACE] Group:2 Prob:0.91467 Alpha:0.50072
[MOE_TRACE] Group:0 Prob:0.91761 Alpha:0.50009
[MOE_TRACE] Group:1 Prob:0.51656 Alpha:0.50047
[MOE_TRACE] Group:2 Prob:0.91155 Alpha:0.50073
[MOE_TRACE] Group:0 Prob:0.91761 Alpha:0.50009
[MOE_TRACE] Group:1 Prob:0.51656 Alpha:0.50047
[MOE_TRACE] Group:2 Prob:0.91155 Alpha:0.50073
[MOE_TRACE] Group:0 Prob:0.91761 Alpha:0.50009
[MOE_TRACE] Group:1 Prob:0.51656 Alpha:0.50047
[MOE_TRACE] Group:2 Prob:0.91155 Alpha:0.50073
[MOE_TRACE] Group:0 Prob:0.91761 Alpha:0.50009
[MOE_TRACE] Group:1 Prob:0.51656 Alpha:0.50047
[MOE_TRACE] Group:2 Prob:0.91155 Alpha:0.50073
[MOE_TRACE] Group:0 Prob:0.91494 Alpha:0.50009
[MOE_TRACE] Group:1 Prob:0.51173 Alpha:0.50048
[MOE_TRACE] Group:2 Prob:0.90544 Alpha:0.50073
[MOE_TRACE] Group:0 Prob:0.91494 Alpha:0.50009
[MOE_TRACE] Group:1 Prob:0.51173 Alpha:0.50048
[MOE_TRACE] Group:2 Prob:0.90544 Alpha:0.50073
[MOE_TRACE] Group:0 Prob:0.91494 Alpha:0.50009
[MOE_TRACE] Group:1 Prob:0.51173 Alpha:0.50048
[MOE_TRACE] Group:2 Prob:0.90544 Alpha:0.50073
[MOE_TRACE] Group:0 Prob:0.91494 Alpha:0.50009
[MOE_TRACE] Group:1 Prob:0.51173 Alpha:0.50048
[MOE_TRACE] Group:2 Prob:0.90544 Alpha:0.50073
[MOE_TRACE] Group:0 Prob:0.91413 Alpha:0.50009
[MOE_TRACE] Group:1 Prob:0.51821 Alpha:0.50048
[MOE_TRACE] Group:2 Prob:0.90984 Alpha:0.50074
[MOE_TRACE] Group:0 Prob:0.91413 Alpha:0.50009
[MOE_TRACE] Group:1 Prob:0.51821 Alpha:0.50048
[MOE_TRACE] Group:2 Prob:0.90984 Alpha:0.50074
[MOE_TRACE] Group:0 Prob:0.91413 Alpha:0.50009
[MOE_TRACE] Group:1 Prob:0.51821 Alpha:0.50048
[MOE_TRACE] Group:2 Prob:0.90984 Alpha:0.50074
[MOE_TRACE] Group:0 Prob:0.91413 Alpha:0.50009
[MOE_TRACE] Group:1 Prob:0.51821 Alpha:0.50048
[MOE_TRACE] Group:2 Prob:0.90984 Alpha:0.50074
[MOE_TRACE] Group:0 Prob:0.91514 Alpha:0.50010
[MOE_TRACE] Group:1 Prob:0.52265 Alpha:0.50049
[MOE_TRACE] Group:0 Prob:0.91514 Alpha:0.50010
[MOE_TRACE] Group:2 Prob:0.91003 Alpha:0.50073
[MOE_TRACE] Group:0 Prob:0.91514 Alpha:0.50010
[MOE_TRACE] Group:1 Prob:0.52265 Alpha:0.50049
[MOE_TRACE] Group:2 Prob:0.91003 Alpha:0.50073
[MOE_TRACE] Group:1 Prob:0.52265 Alpha:0.50049
[MOE_TRACE] Group:2 Prob:0.91003 Alpha:0.50073
[MOE_TRACE] Group:0 Prob:0.91514 Alpha:0.50010
[MOE_TRACE] Group:1 Prob:0.52265 Alpha:0.50049
[MOE_TRACE] Group:2 Prob:0.91003 Alpha:0.50073
[MOE_TRACE] Group:0 Prob:0.90521 Alpha:0.50011
[MOE_TRACE] Group:0 Prob:0.90521 Alpha:0.50011
[MOE_TRACE] Group:1 Prob:0.51690 Alpha:0.50049
[MOE_TRACE] Group:1 Prob:0.51690 Alpha:0.50049
[MOE_TRACE] Group:0 Prob:0.90521 Alpha:0.50011
[MOE_TRACE] Group:2 Prob:0.90713 Alpha:0.50073
[MOE_TRACE] Group:1 Prob:0.51690 Alpha:0.50049[MOE_TRACE] Group:2 Prob:0.90713 Alpha:0.50073

[MOE_TRACE] Group:2 Prob:0.90713 Alpha:0.50073
[MOE_TRACE] Group:0 Prob:0.90521 Alpha:0.50011
[MOE_TRACE] Group:1 Prob:0.51690 Alpha:0.50049
[MOE_TRACE] Group:2 Prob:0.90713 Alpha:0.50073
[MOE_TRACE] Group:0 Prob:0.90201 Alpha:0.50012
[MOE_TRACE] Group:1 Prob:0.52364 Alpha:0.50050
[MOE_TRACE] Group:2 Prob:0.91069 Alpha:0.50073
[MOE_TRACE] Group:0 Prob:0.90201 Alpha:0.50012
[MOE_TRACE] Group:1 Prob:0.52364 Alpha:0.50050
[MOE_TRACE] Group:2 Prob:0.91028 Alpha:0.50073
[MOE_TRACE] Group:0 Prob:0.90201 Alpha:0.50012
[MOE_TRACE] Group:1 Prob:0.52364 Alpha:0.50050
[MOE_TRACE] Group:2 Prob:0.91028 Alpha:0.50073
[MOE_TRACE] Group:0 Prob:0.90201 Alpha:0.50012
[MOE_TRACE] Group:1 Prob:0.52364 Alpha:0.50050
[MOE_TRACE] Group:2 Prob:0.91028 Alpha:0.50073
[MOE_TRACE] Group:0 Prob:0.91213 Alpha:0.50012
[MOE_TRACE] Group:1 Prob:0.51968 Alpha:0.50051
[MOE_TRACE] Group:2 Prob:0.91123 Alpha:0.50073
[MOE_TRACE] Group:0 Prob:0.91213 Alpha:0.50012
[MOE_TRACE] Group:1 Prob:0.51968 Alpha:0.50051
[MOE_TRACE] Group:2 Prob:0.91123 Alpha:0.50073
[MOE_TRACE] Group:0 Prob:0.91213 Alpha:0.50012
[MOE_TRACE] Group:1 Prob:0.51968 Alpha:0.50051
[MOE_TRACE] Group:2 Prob:0.91123 Alpha:0.50073
[MOE_TRACE] Group:0 Prob:0.91213 Alpha:0.50012
[MOE_TRACE] Group:1 Prob:0.51968 Alpha:0.50051
[MOE_TRACE] Group:2 Prob:0.91123 Alpha:0.50073
[MOE_TRACE] Group:0 Prob:0.91271 Alpha:0.50012
[MOE_TRACE] Group:1 Prob:0.51891 Alpha:0.50051
[MOE_TRACE] Group:0 Prob:0.91271 Alpha:0.50012
[MOE_TRACE] Group:0 Prob:0.91271 Alpha:0.50012[MOE_TRACE] Group:2 Prob:0.91151 Alpha:0.50073

[MOE_TRACE] Group:1 Prob:0.51891 Alpha:0.50051
[MOE_TRACE] Group:1 Prob:0.51891 Alpha:0.50051
[MOE_TRACE] Group:2 Prob:0.91151 Alpha:0.50073
[MOE_TRACE] Group:2 Prob:0.91151 Alpha:0.50073
[MOE_TRACE] Group:0 Prob:0.91271 Alpha:0.50012
[MOE_TRACE] Group:1 Prob:0.51891 Alpha:0.50051
[MOE_TRACE] Group:2 Prob:0.91151 Alpha:0.50073
[MOE_TRACE] Group:0 Prob:0.90460 Alpha:0.50012
[MOE_TRACE] Group:1 Prob:0.51909 Alpha:0.50051
[MOE_TRACE] Group:0 Prob:0.90460 Alpha:0.50012
[MOE_TRACE] Group:0 Prob:0.90460 Alpha:0.50012
[MOE_TRACE] Group:2 Prob:0.91064 Alpha:0.50073
[MOE_TRACE] Group:1 Prob:0.51909 Alpha:0.50051
[MOE_TRACE] Group:1 Prob:0.51909 Alpha:0.50051
[MOE_TRACE] Group:2 Prob:0.91064 Alpha:0.50073
[MOE_TRACE] Group:2 Prob:0.91064 Alpha:0.50073
[MOE_TRACE] Group:0 Prob:0.90460 Alpha:0.50012
[MOE_TRACE] Group:1 Prob:0.51909 Alpha:0.50051
[MOE_TRACE] Group:2 Prob:0.91064 Alpha:0.50073
[MOE_TRACE] Group:0 Prob:0.90785 Alpha:0.50012
[MOE_TRACE] Group:1 Prob:0.51870 Alpha:0.50052
[MOE_TRACE] Group:2 Prob:0.91115 Alpha:0.50074
[MOE_TRACE] Group:0 Prob:0.90785 Alpha:0.50012
[MOE_TRACE] Group:1 Prob:0.51870 Alpha:0.50052
[MOE_TRACE] Group:2 Prob:0.91115 Alpha:0.50074
[MOE_TRACE] Group:0 Prob:0.90785 Alpha:0.50012
[MOE_TRACE] Group:1 Prob:0.51870 Alpha:0.50052
[MOE_TRACE] Group:2 Prob:0.90739 Alpha:0.50074
[MOE_TRACE] Group:0 Prob:0.90785 Alpha:0.50012
[MOE_TRACE] Group:1 Prob:0.51870 Alpha:0.50052
[MOE_TRACE] Group:2 Prob:0.90739 Alpha:0.50074
[MOE_TRACE] Group:0 Prob:0.90890 Alpha:0.50011
[MOE_TRACE] Group:1 Prob:0.51519 Alpha:0.50052
[MOE_TRACE] Group:0 Prob:0.90890 Alpha:0.50011
[MOE_TRACE] Group:2 Prob:0.90848 Alpha:0.50074
[MOE_TRACE] Group:1 Prob:0.51519 Alpha:0.50052
[MOE_TRACE] Group:2 Prob:0.90848 Alpha:0.50074
[MOE_TRACE] Group:0 Prob:0.90890 Alpha:0.50011
[MOE_TRACE] Group:1 Prob:0.51519 Alpha:0.50052
[MOE_TRACE] Group:2 Prob:0.90848 Alpha:0.50074
[MOE_TRACE] Group:0 Prob:0.90890 Alpha:0.50011
[MOE_TRACE] Group:1 Prob:0.51519 Alpha:0.50052
[MOE_TRACE] Group:2 Prob:0.90848 Alpha:0.50074
[MOE_TRACE] Group:0 Prob:0.91151 Alpha:0.50011[MOE_TRACE] Group:0 Prob:0.91151 Alpha:0.50011

[MOE_TRACE] Group:1 Prob:0.51604 Alpha:0.50053
[MOE_TRACE] Group:1 Prob:0.51604 Alpha:0.50053
[MOE_TRACE] Group:2 Prob:0.90811 Alpha:0.50075
[MOE_TRACE] Group:2 Prob:0.90811 Alpha:0.50075
[MOE_TRACE] Group:0 Prob:0.91151 Alpha:0.50011
[MOE_TRACE] Group:1 Prob:0.51604 Alpha:0.50053
[MOE_TRACE] Group:2 Prob:0.90811 Alpha:0.50075
[MOE_TRACE] Group:0 Prob:0.91151 Alpha:0.50011
[MOE_TRACE] Group:1 Prob:0.51604 Alpha:0.50053
[MOE_TRACE] Group:2 Prob:0.90811 Alpha:0.50075
[MOE_TRACE] Group:0 Prob:0.90725 Alpha:0.50011
[MOE_TRACE] Group:0 Prob:0.90725 Alpha:0.50011
[MOE_TRACE] Group:1 Prob:0.51560 Alpha:0.50053
[MOE_TRACE] Group:1 Prob:0.51560 Alpha:0.50053
[MOE_TRACE] Group:2 Prob:0.89913 Alpha:0.50075
[MOE_TRACE] Group:2 Prob:0.89913 Alpha:0.50075
[MOE_TRACE] Group:0 Prob:0.90725 Alpha:0.50011
[MOE_TRACE] Group:0 Prob:0.90725 Alpha:0.50011
[MOE_TRACE] Group:1 Prob:0.51560 Alpha:0.50053
[MOE_TRACE] Group:1 Prob:0.51560 Alpha:0.50053
[MOE_TRACE] Group:2 Prob:0.89913 Alpha:0.50075
[MOE_TRACE] Group:2 Prob:0.89913 Alpha:0.50075
[MOE_TRACE] Group:0 Prob:0.90854 Alpha:0.50012
[MOE_TRACE] Group:1 Prob:0.51716 Alpha:0.50054
[MOE_TRACE] Group:2 Prob:0.90468 Alpha:0.50075
[MOE_TRACE] Group:0 Prob:0.90854 Alpha:0.50012
[MOE_TRACE] Group:1 Prob:0.51716 Alpha:0.50054
[MOE_TRACE] Group:2 Prob:0.90468 Alpha:0.50075
[MOE_TRACE] Group:0 Prob:0.90854 Alpha:0.50012
[MOE_TRACE] Group:1 Prob:0.51716 Alpha:0.50054
[MOE_TRACE] Group:2 Prob:0.90468 Alpha:0.50075
[MOE_TRACE] Group:0 Prob:0.90854 Alpha:0.50012
[MOE_TRACE] Group:1 Prob:0.51716 Alpha:0.50054
[MOE_TRACE] Group:2 Prob:0.90486 Alpha:0.50075
	iters: 100, epoch: 2 | loss: 0.5081275
	speed: 4.5494s/iter; left time: 5568.4917s
[MOE_TRACE] Group:0 Prob:0.91098 Alpha:0.50012
[MOE_TRACE] Group:1 Prob:0.51656 Alpha:0.50054
[MOE_TRACE] Group:2 Prob:0.90545 Alpha:0.50075
[MOE_TRACE] Group:0 Prob:0.91098 Alpha:0.50012
[MOE_TRACE] Group:1 Prob:0.51656 Alpha:0.50054
[MOE_TRACE] Group:2 Prob:0.90545 Alpha:0.50075
[MOE_TRACE] Group:0 Prob:0.91098 Alpha:0.50012
[MOE_TRACE] Group:1 Prob:0.51656 Alpha:0.50054
[MOE_TRACE] Group:2 Prob:0.90550 Alpha:0.50075
[MOE_TRACE] Group:0 Prob:0.91098 Alpha:0.50012
[MOE_TRACE] Group:1 Prob:0.51656 Alpha:0.50054
[MOE_TRACE] Group:2 Prob:0.90550 Alpha:0.50075
[MOE_TRACE] Group:0 Prob:0.90258 Alpha:0.50013
[MOE_TRACE] Group:1 Prob:0.51158 Alpha:0.50054
[MOE_TRACE] Group:0 Prob:0.90258 Alpha:0.50013
[MOE_TRACE] Group:2 Prob:0.90413 Alpha:0.50074[MOE_TRACE] Group:1 Prob:0.51158 Alpha:0.50054

[MOE_TRACE] Group:2 Prob:0.90413 Alpha:0.50074
[MOE_TRACE] Group:0 Prob:0.90258 Alpha:0.50013
[MOE_TRACE] Group:1 Prob:0.51158 Alpha:0.50054
[MOE_TRACE] Group:2 Prob:0.90413 Alpha:0.50074
[MOE_TRACE] Group:0 Prob:0.90258 Alpha:0.50013
[MOE_TRACE] Group:1 Prob:0.51158 Alpha:0.50054
[MOE_TRACE] Group:2 Prob:0.90413 Alpha:0.50074
[MOE_TRACE] Group:0 Prob:0.90065 Alpha:0.50013
[MOE_TRACE] Group:0 Prob:0.90065 Alpha:0.50013
[MOE_TRACE] Group:0 Prob:0.90065 Alpha:0.50013
[MOE_TRACE] Group:1 Prob:0.50974 Alpha:0.50055
[MOE_TRACE] Group:1 Prob:0.50974 Alpha:0.50055
[MOE_TRACE] Group:1 Prob:0.50974 Alpha:0.50055
[MOE_TRACE] Group:2 Prob:0.90305 Alpha:0.50075[MOE_TRACE] Group:2 Prob:0.90305 Alpha:0.50075

[MOE_TRACE] Group:2 Prob:0.90305 Alpha:0.50075
[MOE_TRACE] Group:0 Prob:0.90065 Alpha:0.50013
[MOE_TRACE] Group:1 Prob:0.50974 Alpha:0.50055
[MOE_TRACE] Group:2 Prob:0.90305 Alpha:0.50075
[MOE_TRACE] Group:0 Prob:0.90512 Alpha:0.50013
[MOE_TRACE] Group:1 Prob:0.50728 Alpha:0.50056
[MOE_TRACE] Group:2 Prob:0.89977 Alpha:0.50076
[MOE_TRACE] Group:0 Prob:0.90512 Alpha:0.50013
[MOE_TRACE] Group:1 Prob:0.50728 Alpha:0.50056
[MOE_TRACE] Group:2 Prob:0.89977 Alpha:0.50076
[MOE_TRACE] Group:0 Prob:0.90512 Alpha:0.50013
[MOE_TRACE] Group:1 Prob:0.50728 Alpha:0.50056
[MOE_TRACE] Group:2 Prob:0.89977 Alpha:0.50076
[MOE_TRACE] Group:0 Prob:0.90512 Alpha:0.50013
[MOE_TRACE] Group:1 Prob:0.50728 Alpha:0.50056
[MOE_TRACE] Group:2 Prob:0.89977 Alpha:0.50076
[MOE_TRACE] Group:0 Prob:0.90605 Alpha:0.50013
[MOE_TRACE] Group:0 Prob:0.90605 Alpha:0.50013
[MOE_TRACE] Group:1 Prob:0.50773 Alpha:0.50056
[MOE_TRACE] Group:1 Prob:0.50773 Alpha:0.50056
[MOE_TRACE] Group:2 Prob:0.90430 Alpha:0.50076
[MOE_TRACE] Group:2 Prob:0.90430 Alpha:0.50076
[MOE_TRACE] Group:0 Prob:0.90605 Alpha:0.50013
[MOE_TRACE] Group:1 Prob:0.50773 Alpha:0.50056
[MOE_TRACE] Group:2 Prob:0.90238 Alpha:0.50076
[MOE_TRACE] Group:0 Prob:0.90605 Alpha:0.50013
[MOE_TRACE] Group:1 Prob:0.50773 Alpha:0.50056
[MOE_TRACE] Group:2 Prob:0.90238 Alpha:0.50076
[MOE_TRACE] Group:0 Prob:0.90117 Alpha:0.50014
[MOE_TRACE] Group:1 Prob:0.50092 Alpha:0.50056
[MOE_TRACE] Group:2 Prob:0.90022 Alpha:0.50076
[MOE_TRACE] Group:0 Prob:0.90117 Alpha:0.50014
[MOE_TRACE] Group:1 Prob:0.50092 Alpha:0.50056
[MOE_TRACE] Group:2 Prob:0.89902 Alpha:0.50076
[MOE_TRACE] Group:0 Prob:0.90117 Alpha:0.50014
[MOE_TRACE] Group:1 Prob:0.50092 Alpha:0.50056
[MOE_TRACE] Group:2 Prob:0.89902 Alpha:0.50076
[MOE_TRACE] Group:0 Prob:0.90117 Alpha:0.50014
[MOE_TRACE] Group:1 Prob:0.50092 Alpha:0.50056
[MOE_TRACE] Group:2 Prob:0.89902 Alpha:0.50076
[MOE_TRACE] Group:0 Prob:0.90245 Alpha:0.50014
[MOE_TRACE] Group:0 Prob:0.90245 Alpha:0.50014
[MOE_TRACE] Group:1 Prob:0.50328 Alpha:0.50057
[MOE_TRACE] Group:1 Prob:0.50328 Alpha:0.50057
[MOE_TRACE] Group:2 Prob:0.90261 Alpha:0.50076
[MOE_TRACE] Group:0 Prob:0.90245 Alpha:0.50014
[MOE_TRACE] Group:2 Prob:0.90261 Alpha:0.50076
[MOE_TRACE] Group:1 Prob:0.50328 Alpha:0.50057
[MOE_TRACE] Group:2 Prob:0.90261 Alpha:0.50076
[MOE_TRACE] Group:0 Prob:0.90245 Alpha:0.50014
[MOE_TRACE] Group:1 Prob:0.50328 Alpha:0.50057
[MOE_TRACE] Group:2 Prob:0.90261 Alpha:0.50076
[MOE_TRACE] Group:0 Prob:0.90854 Alpha:0.50014
[MOE_TRACE] Group:0 Prob:0.90854 Alpha:0.50014
[MOE_TRACE] Group:1 Prob:0.50177 Alpha:0.50058
[MOE_TRACE] Group:1 Prob:0.50177 Alpha:0.50058
[MOE_TRACE] Group:2 Prob:0.90143 Alpha:0.50075
[MOE_TRACE] Group:2 Prob:0.90143 Alpha:0.50075
[MOE_TRACE] Group:0 Prob:0.90854 Alpha:0.50014
[MOE_TRACE] Group:1 Prob:0.50177 Alpha:0.50058
[MOE_TRACE] Group:2 Prob:0.90143 Alpha:0.50075
[MOE_TRACE] Group:0 Prob:0.90854 Alpha:0.50014
[MOE_TRACE] Group:1 Prob:0.50177 Alpha:0.50058
[MOE_TRACE] Group:2 Prob:0.90143 Alpha:0.50075
[MOE_TRACE] Group:0 Prob:0.90313 Alpha:0.50015
[MOE_TRACE] Group:0 Prob:0.90313 Alpha:0.50015
[MOE_TRACE] Group:1 Prob:0.50295 Alpha:0.50058
[MOE_TRACE] Group:1 Prob:0.50295 Alpha:0.50058
[MOE_TRACE] Group:0 Prob:0.90313 Alpha:0.50015
[MOE_TRACE] Group:0 Prob:0.90313 Alpha:0.50015
[MOE_TRACE] Group:2 Prob:0.89895 Alpha:0.50076
[MOE_TRACE] Group:1 Prob:0.50295 Alpha:0.50058
[MOE_TRACE] Group:2 Prob:0.89895 Alpha:0.50076
[MOE_TRACE] Group:1 Prob:0.50295 Alpha:0.50058
[MOE_TRACE] Group:2 Prob:0.89895 Alpha:0.50076
[MOE_TRACE] Group:2 Prob:0.89895 Alpha:0.50076
[MOE_TRACE] Group:0 Prob:0.90706 Alpha:0.50015
[MOE_TRACE] Group:0 Prob:0.90706 Alpha:0.50015
[MOE_TRACE] Group:1 Prob:0.49340 Alpha:0.50058
[MOE_TRACE] Group:1 Prob:0.49340 Alpha:0.50058
[MOE_TRACE] Group:2 Prob:0.89941 Alpha:0.50076
[MOE_TRACE] Group:2 Prob:0.89941 Alpha:0.50076
[MOE_TRACE] Group:0 Prob:0.90706 Alpha:0.50015
[MOE_TRACE] Group:1 Prob:0.49340 Alpha:0.50058
[MOE_TRACE] Group:0 Prob:0.90706 Alpha:0.50015
[MOE_TRACE] Group:2 Prob:0.89941 Alpha:0.50076
[MOE_TRACE] Group:1 Prob:0.49340 Alpha:0.50058
[MOE_TRACE] Group:2 Prob:0.89941 Alpha:0.50076
[MOE_TRACE] Group:0 Prob:0.90330 Alpha:0.50014
[MOE_TRACE] Group:1 Prob:0.50112 Alpha:0.50058
[MOE_TRACE] Group:2 Prob:0.89848 Alpha:0.50076
[MOE_TRACE] Group:0 Prob:0.90330 Alpha:0.50014
[MOE_TRACE] Group:1 Prob:0.50112 Alpha:0.50058
[MOE_TRACE] Group:2 Prob:0.89692 Alpha:0.50076
[MOE_TRACE] Group:0 Prob:0.90330 Alpha:0.50014
[MOE_TRACE] Group:1 Prob:0.50112 Alpha:0.50058
[MOE_TRACE] Group:2 Prob:0.89692 Alpha:0.50076
[MOE_TRACE] Group:0 Prob:0.90330 Alpha:0.50014
[MOE_TRACE] Group:1 Prob:0.50112 Alpha:0.50058
[MOE_TRACE] Group:2 Prob:0.89692 Alpha:0.50076
[MOE_TRACE] Group:0 Prob:0.90769 Alpha:0.50014
[MOE_TRACE] Group:1 Prob:0.50203 Alpha:0.50059
[MOE_TRACE] Group:2 Prob:0.89607 Alpha:0.50077
[MOE_TRACE] Group:0 Prob:0.90769 Alpha:0.50014
[MOE_TRACE] Group:1 Prob:0.50203 Alpha:0.50059
[MOE_TRACE] Group:2 Prob:0.89607 Alpha:0.50077
[MOE_TRACE] Group:0 Prob:0.90769 Alpha:0.50014
[MOE_TRACE] Group:0 Prob:0.90769 Alpha:0.50014
[MOE_TRACE] Group:1 Prob:0.50203 Alpha:0.50059
[MOE_TRACE] Group:1 Prob:0.50203 Alpha:0.50059
[MOE_TRACE] Group:2 Prob:0.89607 Alpha:0.50077
[MOE_TRACE] Group:2 Prob:0.89607 Alpha:0.50077
[MOE_TRACE] Group:0 Prob:0.90846 Alpha:0.50014
[MOE_TRACE] Group:1 Prob:0.49958 Alpha:0.50060
[MOE_TRACE] Group:0 Prob:0.90416 Alpha:0.50014
[MOE_TRACE] Group:2 Prob:0.89482 Alpha:0.50077
[MOE_TRACE] Group:1 Prob:0.49958 Alpha:0.50060
[MOE_TRACE] Group:2 Prob:0.89482 Alpha:0.50077
[MOE_TRACE] Group:0 Prob:0.90416 Alpha:0.50014
[MOE_TRACE] Group:1 Prob:0.50246 Alpha:0.50060
[MOE_TRACE] Group:2 Prob:0.89695 Alpha:0.50077
[MOE_TRACE] Group:0 Prob:0.90416 Alpha:0.50014
[MOE_TRACE] Group:1 Prob:0.50246 Alpha:0.50060
[MOE_TRACE] Group:2 Prob:0.89695 Alpha:0.50077
[MOE_TRACE] Group:0 Prob:0.91011 Alpha:0.50013
[MOE_TRACE] Group:1 Prob:0.50034 Alpha:0.50061
[MOE_TRACE] Group:2 Prob:0.89660 Alpha:0.50077
[MOE_TRACE] Group:0 Prob:0.91011 Alpha:0.50013
[MOE_TRACE] Group:1 Prob:0.50034 Alpha:0.50061
[MOE_TRACE] Group:2 Prob:0.89890 Alpha:0.50077
[MOE_TRACE] Group:0 Prob:0.91011 Alpha:0.50013
[MOE_TRACE] Group:1 Prob:0.50034 Alpha:0.50061
[MOE_TRACE] Group:2 Prob:0.89890 Alpha:0.50077
[MOE_TRACE] Group:0 Prob:0.91011 Alpha:0.50013
[MOE_TRACE] Group:1 Prob:0.50034 Alpha:0.50061
[MOE_TRACE] Group:2 Prob:0.89890 Alpha:0.50077
[MOE_TRACE] Group:0 Prob:0.91004 Alpha:0.50013
[MOE_TRACE] Group:0 Prob:0.91004 Alpha:0.50013
[MOE_TRACE] Group:0 Prob:0.91004 Alpha:0.50013
[MOE_TRACE] Group:1 Prob:0.49369 Alpha:0.50062
[MOE_TRACE] Group:1 Prob:0.49369 Alpha:0.50062
[MOE_TRACE] Group:2 Prob:0.89997 Alpha:0.50076
[MOE_TRACE] Group:1 Prob:0.49369 Alpha:0.50062
[MOE_TRACE] Group:0 Prob:0.91004 Alpha:0.50013
[MOE_TRACE] Group:2 Prob:0.89997 Alpha:0.50076
[MOE_TRACE] Group:2 Prob:0.89997 Alpha:0.50076
[MOE_TRACE] Group:1 Prob:0.49369 Alpha:0.50062
[MOE_TRACE] Group:2 Prob:0.89997 Alpha:0.50076
[MOE_TRACE] Group:0 Prob:0.91104 Alpha:0.50013
[MOE_TRACE] Group:1 Prob:0.49698 Alpha:0.50063
[MOE_TRACE] Group:2 Prob:0.89800 Alpha:0.50076
[MOE_TRACE] Group:0 Prob:0.91104 Alpha:0.50013
[MOE_TRACE] Group:1 Prob:0.49698 Alpha:0.50063
[MOE_TRACE] Group:2 Prob:0.89800 Alpha:0.50076
[MOE_TRACE] Group:0 Prob:0.91104 Alpha:0.50013
[MOE_TRACE] Group:1 Prob:0.49698 Alpha:0.50063
[MOE_TRACE] Group:2 Prob:0.89800 Alpha:0.50076
[MOE_TRACE] Group:0 Prob:0.91104 Alpha:0.50013
[MOE_TRACE] Group:1 Prob:0.49698 Alpha:0.50063
[MOE_TRACE] Group:2 Prob:0.89800 Alpha:0.50076
[MOE_TRACE] Group:0 Prob:0.91136 Alpha:0.50013
[MOE_TRACE] Group:1 Prob:0.49968 Alpha:0.50064
[MOE_TRACE] Group:2 Prob:0.89693 Alpha:0.50077
[MOE_TRACE] Group:0 Prob:0.91136 Alpha:0.50013[MOE_TRACE] Group:0 Prob:0.91136 Alpha:0.50013

[MOE_TRACE] Group:1 Prob:0.49968 Alpha:0.50064
[MOE_TRACE] Group:1 Prob:0.49968 Alpha:0.50064
[MOE_TRACE] Group:2 Prob:0.89693 Alpha:0.50077
[MOE_TRACE] Group:2 Prob:0.89693 Alpha:0.50077
[MOE_TRACE] Group:0 Prob:0.91136 Alpha:0.50013
[MOE_TRACE] Group:1 Prob:0.49968 Alpha:0.50064
[MOE_TRACE] Group:2 Prob:0.89693 Alpha:0.50077
[MOE_TRACE] Group:0 Prob:0.90865 Alpha:0.50013
[MOE_TRACE] Group:1 Prob:0.50304 Alpha:0.50065
[MOE_TRACE] Group:0 Prob:0.90865 Alpha:0.50013[MOE_TRACE] Group:2 Prob:0.89895 Alpha:0.50077

[MOE_TRACE] Group:1 Prob:0.50304 Alpha:0.50065[MOE_TRACE] Group:0 Prob:0.90865 Alpha:0.50013

[MOE_TRACE] Group:2 Prob:0.89895 Alpha:0.50077
[MOE_TRACE] Group:1 Prob:0.50304 Alpha:0.50065
[MOE_TRACE] Group:2 Prob:0.89895 Alpha:0.50077
[MOE_TRACE] Group:0 Prob:0.90865 Alpha:0.50013
[MOE_TRACE] Group:1 Prob:0.50304 Alpha:0.50065
[MOE_TRACE] Group:2 Prob:0.89694 Alpha:0.50077
[MOE_TRACE] Group:0 Prob:0.91168 Alpha:0.50013
[MOE_TRACE] Group:1 Prob:0.49549 Alpha:0.50066
[MOE_TRACE] Group:2 Prob:0.89549 Alpha:0.50077
[MOE_TRACE] Group:0 Prob:0.91168 Alpha:0.50013
[MOE_TRACE] Group:1 Prob:0.49629 Alpha:0.50066
[MOE_TRACE] Group:2 Prob:0.89456 Alpha:0.50077
[MOE_TRACE] Group:0 Prob:0.91168 Alpha:0.50013
[MOE_TRACE] Group:1 Prob:0.49629 Alpha:0.50066
[MOE_TRACE] Group:2 Prob:0.89456 Alpha:0.50077
[MOE_TRACE] Group:0 Prob:0.91168 Alpha:0.50013
[MOE_TRACE] Group:1 Prob:0.49629 Alpha:0.50066
[MOE_TRACE] Group:2 Prob:0.89456 Alpha:0.50077
[MOE_TRACE] Group:0 Prob:0.90560 Alpha:0.50014
[MOE_TRACE] Group:1 Prob:0.49617 Alpha:0.50066
[MOE_TRACE] Group:2 Prob:0.89942 Alpha:0.50077
[MOE_TRACE] Group:0 Prob:0.90480 Alpha:0.50015
[MOE_TRACE] Group:0 Prob:0.90480 Alpha:0.50015
[MOE_TRACE] Group:1 Prob:0.48616 Alpha:0.50066
[MOE_TRACE] Group:1 Prob:0.48616 Alpha:0.50066
[MOE_TRACE] Group:0 Prob:0.90480 Alpha:0.50015
[MOE_TRACE] Group:2 Prob:0.89572 Alpha:0.50077
[MOE_TRACE] Group:2 Prob:0.89572 Alpha:0.50077
[MOE_TRACE] Group:1 Prob:0.48616 Alpha:0.50066
[MOE_TRACE] Group:0 Prob:0.90480 Alpha:0.50015
[MOE_TRACE] Group:2 Prob:0.89572 Alpha:0.50077
[MOE_TRACE] Group:1 Prob:0.48616 Alpha:0.50066
[MOE_TRACE] Group:2 Prob:0.89572 Alpha:0.50077
[MOE_TRACE] Group:0 Prob:0.89957 Alpha:0.50016
[MOE_TRACE] Group:0 Prob:0.89957 Alpha:0.50016
[MOE_TRACE] Group:0 Prob:0.89957 Alpha:0.50016
[MOE_TRACE] Group:1 Prob:0.47927 Alpha:0.50066
[MOE_TRACE] Group:1 Prob:0.47927 Alpha:0.50066
[MOE_TRACE] Group:1 Prob:0.47927 Alpha:0.50066
[MOE_TRACE] Group:2 Prob:0.89710 Alpha:0.50077
[MOE_TRACE] Group:2 Prob:0.89710 Alpha:0.50077
[MOE_TRACE] Group:2 Prob:0.89710 Alpha:0.50077
[MOE_TRACE] Group:0 Prob:0.89957 Alpha:0.50016
[MOE_TRACE] Group:1 Prob:0.47927 Alpha:0.50066
[MOE_TRACE] Group:2 Prob:0.89710 Alpha:0.50077
[MOE_TRACE] Group:0 Prob:0.89890 Alpha:0.50016
[MOE_TRACE] Group:0 Prob:0.89890 Alpha:0.50016
[MOE_TRACE] Group:1 Prob:0.48088 Alpha:0.50066
[MOE_TRACE] Group:2 Prob:0.89754 Alpha:0.50078
[MOE_TRACE] Group:0 Prob:0.89890 Alpha:0.50016
[MOE_TRACE] Group:1 Prob:0.48088 Alpha:0.50066
[MOE_TRACE] Group:2 Prob:0.89754 Alpha:0.50078
[MOE_TRACE] Group:1 Prob:0.48088 Alpha:0.50066
[MOE_TRACE] Group:2 Prob:0.89754 Alpha:0.50078
[MOE_TRACE] Group:0 Prob:0.89890 Alpha:0.50016
[MOE_TRACE] Group:1 Prob:0.48088 Alpha:0.50066
[MOE_TRACE] Group:2 Prob:0.89754 Alpha:0.50078
[MOE_TRACE] Group:2 Prob:0.89224 Alpha:0.50078
[MOE_TRACE] Group:0 Prob:0.89768 Alpha:0.50017
[MOE_TRACE] Group:1 Prob:0.48767 Alpha:0.50067
[MOE_TRACE] Group:2 Prob:0.89224 Alpha:0.50078
[MOE_TRACE] Group:0 Prob:0.89768 Alpha:0.50017
[MOE_TRACE] Group:1 Prob:0.48767 Alpha:0.50067
[MOE_TRACE] Group:2 Prob:0.89404 Alpha:0.50078
[MOE_TRACE] Group:0 Prob:0.89768 Alpha:0.50017
[MOE_TRACE] Group:1 Prob:0.48767 Alpha:0.50067
[MOE_TRACE] Group:2 Prob:0.89404 Alpha:0.50078
[MOE_TRACE] Group:0 Prob:0.89925 Alpha:0.50017
[MOE_TRACE] Group:0 Prob:0.89925 Alpha:0.50017
[MOE_TRACE] Group:1 Prob:0.48814 Alpha:0.50067
[MOE_TRACE] Group:1 Prob:0.48814 Alpha:0.50067
[MOE_TRACE] Group:0 Prob:0.89925 Alpha:0.50017
[MOE_TRACE] Group:2 Prob:0.89080 Alpha:0.50079
[MOE_TRACE] Group:0 Prob:0.89925 Alpha:0.50017
[MOE_TRACE] Group:2 Prob:0.89080 Alpha:0.50079[MOE_TRACE] Group:1 Prob:0.48814 Alpha:0.50067

[MOE_TRACE] Group:1 Prob:0.48814 Alpha:0.50067[MOE_TRACE] Group:2 Prob:0.89080 Alpha:0.50079

[MOE_TRACE] Group:2 Prob:0.89080 Alpha:0.50079
[MOE_TRACE] Group:0 Prob:0.89615 Alpha:0.50017
[MOE_TRACE] Group:1 Prob:0.47348 Alpha:0.50066
[MOE_TRACE] Group:2 Prob:0.89286 Alpha:0.50079
[MOE_TRACE] Group:0 Prob:0.89615 Alpha:0.50017
[MOE_TRACE] Group:1 Prob:0.47348 Alpha:0.50066
[MOE_TRACE] Group:2 Prob:0.89286 Alpha:0.50079
[MOE_TRACE] Group:0 Prob:0.89615 Alpha:0.50017
[MOE_TRACE] Group:1 Prob:0.47348 Alpha:0.50066
[MOE_TRACE] Group:2 Prob:0.89286 Alpha:0.50079
[MOE_TRACE] Group:0 Prob:0.89615 Alpha:0.50017
[MOE_TRACE] Group:1 Prob:0.47348 Alpha:0.50066
[MOE_TRACE] Group:2 Prob:0.89286 Alpha:0.50079
[MOE_TRACE] Group:0 Prob:0.90189 Alpha:0.50018
[MOE_TRACE] Group:1 Prob:0.47864 Alpha:0.50066
[MOE_TRACE] Group:2 Prob:0.88941 Alpha:0.50078
[MOE_TRACE] Group:0 Prob:0.90189 Alpha:0.50018
[MOE_TRACE] Group:1 Prob:0.47864 Alpha:0.50066
[MOE_TRACE] Group:2 Prob:0.88941 Alpha:0.50078
[MOE_TRACE] Group:0 Prob:0.90189 Alpha:0.50018
[MOE_TRACE] Group:1 Prob:0.47864 Alpha:0.50066
[MOE_TRACE] Group:2 Prob:0.89551 Alpha:0.50078
[MOE_TRACE] Group:0 Prob:0.90189 Alpha:0.50018
[MOE_TRACE] Group:1 Prob:0.47864 Alpha:0.50066
[MOE_TRACE] Group:2 Prob:0.89551 Alpha:0.50078
[MOE_TRACE] Group:0 Prob:0.88634 Alpha:0.50019
[MOE_TRACE] Group:0 Prob:0.88634 Alpha:0.50019
[MOE_TRACE] Group:1 Prob:0.48312 Alpha:0.50066
[MOE_TRACE] Group:1 Prob:0.48312 Alpha:0.50066
[MOE_TRACE] Group:0 Prob:0.88634 Alpha:0.50019
[MOE_TRACE] Group:2 Prob:0.89227 Alpha:0.50078
[MOE_TRACE] Group:2 Prob:0.89227 Alpha:0.50078
[MOE_TRACE] Group:1 Prob:0.48312 Alpha:0.50066
[MOE_TRACE] Group:0 Prob:0.88634 Alpha:0.50019
[MOE_TRACE] Group:2 Prob:0.89227 Alpha:0.50078
[MOE_TRACE] Group:1 Prob:0.48312 Alpha:0.50066
[MOE_TRACE] Group:2 Prob:0.89227 Alpha:0.50078
[MOE_TRACE] Group:0 Prob:0.89483 Alpha:0.50020
[MOE_TRACE] Group:1 Prob:0.48550 Alpha:0.50067
[MOE_TRACE] Group:0 Prob:0.89483 Alpha:0.50020
[MOE_TRACE] Group:2 Prob:0.89249 Alpha:0.50078
[MOE_TRACE] Group:1 Prob:0.48550 Alpha:0.50067
[MOE_TRACE] Group:2 Prob:0.89249 Alpha:0.50078
[MOE_TRACE] Group:0 Prob:0.89483 Alpha:0.50020
[MOE_TRACE] Group:1 Prob:0.48550 Alpha:0.50067
[MOE_TRACE] Group:2 Prob:0.89249 Alpha:0.50078
[MOE_TRACE] Group:0 Prob:0.89483 Alpha:0.50020
[MOE_TRACE] Group:1 Prob:0.48550 Alpha:0.50067
[MOE_TRACE] Group:2 Prob:0.89249 Alpha:0.50078
[MOE_TRACE] Group:0 Prob:0.90309 Alpha:0.50020
[MOE_TRACE] Group:1 Prob:0.48876 Alpha:0.50068
[MOE_TRACE] Group:0 Prob:0.90309 Alpha:0.50020
[MOE_TRACE] Group:2 Prob:0.89224 Alpha:0.50078
[MOE_TRACE] Group:1 Prob:0.48876 Alpha:0.50068
[MOE_TRACE] Group:2 Prob:0.89224 Alpha:0.50078
[MOE_TRACE] Group:0 Prob:0.90309 Alpha:0.50020
[MOE_TRACE] Group:1 Prob:0.48876 Alpha:0.50068
[MOE_TRACE] Group:2 Prob:0.89224 Alpha:0.50078
[MOE_TRACE] Group:0 Prob:0.90309 Alpha:0.50020
[MOE_TRACE] Group:1 Prob:0.48876 Alpha:0.50068
[MOE_TRACE] Group:2 Prob:0.89224 Alpha:0.50078
[MOE_TRACE] Group:0 Prob:0.90013 Alpha:0.50020
[MOE_TRACE] Group:0 Prob:0.90013 Alpha:0.50020
[MOE_TRACE] Group:1 Prob:0.49117 Alpha:0.50069
[MOE_TRACE] Group:1 Prob:0.49117 Alpha:0.50069
[MOE_TRACE] Group:2 Prob:0.89552 Alpha:0.50078
[MOE_TRACE] Group:2 Prob:0.89552 Alpha:0.50078
[MOE_TRACE] Group:0 Prob:0.90013 Alpha:0.50020
[MOE_TRACE] Group:1 Prob:0.49117 Alpha:0.50069
[MOE_TRACE] Group:2 Prob:0.89552 Alpha:0.50078
[MOE_TRACE] Group:0 Prob:0.90013 Alpha:0.50020
[MOE_TRACE] Group:1 Prob:0.49117 Alpha:0.50069
[MOE_TRACE] Group:2 Prob:0.89552 Alpha:0.50078
[MOE_TRACE] Group:0 Prob:0.89929 Alpha:0.50021
[MOE_TRACE] Group:1 Prob:0.49198 Alpha:0.50069
[MOE_TRACE] Group:2 Prob:0.89428 Alpha:0.50078
[MOE_TRACE] Group:0 Prob:0.89929 Alpha:0.50021
[MOE_TRACE] Group:1 Prob:0.49198 Alpha:0.50069
[MOE_TRACE] Group:2 Prob:0.89428 Alpha:0.50078
[MOE_TRACE] Group:0 Prob:0.89929 Alpha:0.50021
[MOE_TRACE] Group:1 Prob:0.49198 Alpha:0.50069
[MOE_TRACE] Group:2 Prob:0.89428 Alpha:0.50078
[MOE_TRACE] Group:0 Prob:0.89929 Alpha:0.50021
[MOE_TRACE] Group:1 Prob:0.49198 Alpha:0.50069
[MOE_TRACE] Group:2 Prob:0.89428 Alpha:0.50078
[MOE_TRACE] Group:0 Prob:0.90409 Alpha:0.50021
[MOE_TRACE] Group:1 Prob:0.47493 Alpha:0.50069
[MOE_TRACE] Group:0 Prob:0.90409 Alpha:0.50021
[MOE_TRACE] Group:2 Prob:0.89014 Alpha:0.50078
[MOE_TRACE] Group:1 Prob:0.47493 Alpha:0.50069
[MOE_TRACE] Group:2 Prob:0.89014 Alpha:0.50078
[MOE_TRACE] Group:0 Prob:0.90409 Alpha:0.50021
[MOE_TRACE] Group:1 Prob:0.47493 Alpha:0.50069
[MOE_TRACE] Group:2 Prob:0.89014 Alpha:0.50078
[MOE_TRACE] Group:0 Prob:0.90409 Alpha:0.50021
[MOE_TRACE] Group:1 Prob:0.47493 Alpha:0.50069
[MOE_TRACE] Group:2 Prob:0.89014 Alpha:0.50078
[MOE_TRACE] Group:0 Prob:0.89806 Alpha:0.50021
[MOE_TRACE] Group:1 Prob:0.47311 Alpha:0.50069
[MOE_TRACE] Group:2 Prob:0.89154 Alpha:0.50079
[MOE_TRACE] Group:0 Prob:0.89806 Alpha:0.50021
[MOE_TRACE] Group:0 Prob:0.89806 Alpha:0.50021
[MOE_TRACE] Group:1 Prob:0.47311 Alpha:0.50069
[MOE_TRACE] Group:1 Prob:0.47311 Alpha:0.50069[MOE_TRACE] Group:2 Prob:0.89154 Alpha:0.50079

[MOE_TRACE] Group:2 Prob:0.89154 Alpha:0.50079
[MOE_TRACE] Group:0 Prob:0.89806 Alpha:0.50021
[MOE_TRACE] Group:1 Prob:0.47311 Alpha:0.50069
[MOE_TRACE] Group:2 Prob:0.89154 Alpha:0.50079
[MOE_TRACE] Group:0 Prob:0.89832 Alpha:0.50021
[MOE_TRACE] Group:1 Prob:0.47992 Alpha:0.50070
[MOE_TRACE] Group:0 Prob:0.89832 Alpha:0.50021
[MOE_TRACE] Group:1 Prob:0.47992 Alpha:0.50070
[MOE_TRACE] Group:2 Prob:0.88734 Alpha:0.50079
[MOE_TRACE] Group:2 Prob:0.88734 Alpha:0.50079
[MOE_TRACE] Group:0 Prob:0.89832 Alpha:0.50021
[MOE_TRACE] Group:1 Prob:0.47992 Alpha:0.50070
[MOE_TRACE] Group:2 Prob:0.88793 Alpha:0.50079
[MOE_TRACE] Group:0 Prob:0.89832 Alpha:0.50021
[MOE_TRACE] Group:1 Prob:0.47992 Alpha:0.50070
[MOE_TRACE] Group:2 Prob:0.88793 Alpha:0.50079
[MOE_TRACE] Group:0 Prob:0.90033 Alpha:0.50021
[MOE_TRACE] Group:1 Prob:0.49398 Alpha:0.50071
[MOE_TRACE] Group:0 Prob:0.90033 Alpha:0.50021
[MOE_TRACE] Group:2 Prob:0.88808 Alpha:0.50079
[MOE_TRACE] Group:1 Prob:0.49398 Alpha:0.50071
[MOE_TRACE] Group:2 Prob:0.88808 Alpha:0.50079
[MOE_TRACE] Group:0 Prob:0.90033 Alpha:0.50021
[MOE_TRACE] Group:1 Prob:0.49398 Alpha:0.50071
[MOE_TRACE] Group:2 Prob:0.88808 Alpha:0.50079
[MOE_TRACE] Group:0 Prob:0.90033 Alpha:0.50021
[MOE_TRACE] Group:1 Prob:0.49398 Alpha:0.50071
[MOE_TRACE] Group:2 Prob:0.88808 Alpha:0.50079
[MOE_TRACE] Group:0 Prob:0.89976 Alpha:0.50019
[MOE_TRACE] Group:1 Prob:0.49958 Alpha:0.50071
[MOE_TRACE] Group:2 Prob:0.88941 Alpha:0.50079
[MOE_TRACE] Group:0 Prob:0.89976 Alpha:0.50019
[MOE_TRACE] Group:1 Prob:0.49958 Alpha:0.50071
[MOE_TRACE] Group:2 Prob:0.88941 Alpha:0.50079
[MOE_TRACE] Group:0 Prob:0.89976 Alpha:0.50019
[MOE_TRACE] Group:1 Prob:0.49958 Alpha:0.50071
[MOE_TRACE] Group:2 Prob:0.88941 Alpha:0.50079
[MOE_TRACE] Group:0 Prob:0.89976 Alpha:0.50019
[MOE_TRACE] Group:1 Prob:0.49958 Alpha:0.50071
[MOE_TRACE] Group:2 Prob:0.88941 Alpha:0.50079
[MOE_TRACE] Group:0 Prob:0.90053 Alpha:0.50018
[MOE_TRACE] Group:0 Prob:0.90053 Alpha:0.50018
[MOE_TRACE] Group:0 Prob:0.90053 Alpha:0.50018
[MOE_TRACE] Group:1 Prob:0.48836 Alpha:0.50070
[MOE_TRACE] Group:1 Prob:0.48836 Alpha:0.50070
[MOE_TRACE] Group:1 Prob:0.48836 Alpha:0.50070
[MOE_TRACE] Group:2 Prob:0.89307 Alpha:0.50079
[MOE_TRACE] Group:2 Prob:0.89307 Alpha:0.50079
[MOE_TRACE] Group:2 Prob:0.89307 Alpha:0.50079
[MOE_TRACE] Group:0 Prob:0.90053 Alpha:0.50018
[MOE_TRACE] Group:1 Prob:0.48836 Alpha:0.50070
[MOE_TRACE] Group:2 Prob:0.89307 Alpha:0.50079
[MOE_TRACE] Group:0 Prob:0.90715 Alpha:0.50019
[MOE_TRACE] Group:1 Prob:0.48144 Alpha:0.50070
[MOE_TRACE] Group:2 Prob:0.88973 Alpha:0.50079
[MOE_TRACE] Group:0 Prob:0.90715 Alpha:0.50019
[MOE_TRACE] Group:1 Prob:0.48144 Alpha:0.50070
[MOE_TRACE] Group:2 Prob:0.89444 Alpha:0.50079[MOE_TRACE] Group:0 Prob:0.90715 Alpha:0.50019

[MOE_TRACE] Group:1 Prob:0.48144 Alpha:0.50070
[MOE_TRACE] Group:2 Prob:0.89444 Alpha:0.50079
[MOE_TRACE] Group:0 Prob:0.90715 Alpha:0.50019
[MOE_TRACE] Group:1 Prob:0.48144 Alpha:0.50070
[MOE_TRACE] Group:2 Prob:0.89444 Alpha:0.50079
[MOE_TRACE] Group:0 Prob:0.89656 Alpha:0.50019
[MOE_TRACE] Group:1 Prob:0.48551 Alpha:0.50069
[MOE_TRACE] Group:2 Prob:0.89367 Alpha:0.50079
[MOE_TRACE] Group:0 Prob:0.89656 Alpha:0.50019
[MOE_TRACE] Group:1 Prob:0.48551 Alpha:0.50069
[MOE_TRACE] Group:2 Prob:0.89367 Alpha:0.50079
[MOE_TRACE] Group:0 Prob:0.89656 Alpha:0.50019
[MOE_TRACE] Group:0 Prob:0.89656 Alpha:0.50019
[MOE_TRACE] Group:1 Prob:0.48551 Alpha:0.50069
[MOE_TRACE] Group:1 Prob:0.48551 Alpha:0.50069
[MOE_TRACE] Group:2 Prob:0.89367 Alpha:0.50079
[MOE_TRACE] Group:2 Prob:0.89367 Alpha:0.50079
[MOE_TRACE] Group:0 Prob:0.90114 Alpha:0.50019
[MOE_TRACE] Group:1 Prob:0.47927 Alpha:0.50070
[MOE_TRACE] Group:2 Prob:0.88500 Alpha:0.50080
[MOE_TRACE] Group:0 Prob:0.90114 Alpha:0.50019
[MOE_TRACE] Group:1 Prob:0.47927 Alpha:0.50070
[MOE_TRACE] Group:2 Prob:0.88500 Alpha:0.50080
[MOE_TRACE] Group:0 Prob:0.90114 Alpha:0.50019
[MOE_TRACE] Group:1 Prob:0.47927 Alpha:0.50070
[MOE_TRACE] Group:2 Prob:0.88500 Alpha:0.50080
[MOE_TRACE] Group:0 Prob:0.90114 Alpha:0.50019
[MOE_TRACE] Group:1 Prob:0.47927 Alpha:0.50070
[MOE_TRACE] Group:2 Prob:0.88500 Alpha:0.50080
[MOE_TRACE] Group:0 Prob:0.89897 Alpha:0.50018
[MOE_TRACE] Group:1 Prob:0.48628 Alpha:0.50070
[MOE_TRACE] Group:2 Prob:0.88531 Alpha:0.50081
[MOE_TRACE] Group:0 Prob:0.89897 Alpha:0.50018
[MOE_TRACE] Group:1 Prob:0.48628 Alpha:0.50070
[MOE_TRACE] Group:0 Prob:0.89897 Alpha:0.50018
[MOE_TRACE] Group:2 Prob:0.88531 Alpha:0.50081
[MOE_TRACE] Group:1 Prob:0.48628 Alpha:0.50070
[MOE_TRACE] Group:0 Prob:0.89897 Alpha:0.50018[MOE_TRACE] Group:2 Prob:0.88531 Alpha:0.50081

[MOE_TRACE] Group:1 Prob:0.48628 Alpha:0.50070
[MOE_TRACE] Group:2 Prob:0.88531 Alpha:0.50081
[MOE_TRACE] Group:0 Prob:0.90152 Alpha:0.50018
[MOE_TRACE] Group:1 Prob:0.48648 Alpha:0.50071
[MOE_TRACE] Group:2 Prob:0.88399 Alpha:0.50081
[MOE_TRACE] Group:0 Prob:0.90152 Alpha:0.50018[MOE_TRACE] Group:0 Prob:0.90152 Alpha:0.50018

[MOE_TRACE] Group:1 Prob:0.48648 Alpha:0.50071
[MOE_TRACE] Group:1 Prob:0.48648 Alpha:0.50071
[MOE_TRACE] Group:2 Prob:0.88399 Alpha:0.50081
[MOE_TRACE] Group:2 Prob:0.88399 Alpha:0.50081
[MOE_TRACE] Group:0 Prob:0.90152 Alpha:0.50018
[MOE_TRACE] Group:1 Prob:0.48648 Alpha:0.50071
[MOE_TRACE] Group:2 Prob:0.88399 Alpha:0.50081
[MOE_TRACE] Group:0 Prob:0.89497 Alpha:0.50018
[MOE_TRACE] Group:0 Prob:0.89497 Alpha:0.50018
[MOE_TRACE] Group:1 Prob:0.48744 Alpha:0.50071
[MOE_TRACE] Group:1 Prob:0.48744 Alpha:0.50071
[MOE_TRACE] Group:2 Prob:0.87886 Alpha:0.50082
[MOE_TRACE] Group:2 Prob:0.87886 Alpha:0.50082
[MOE_TRACE] Group:0 Prob:0.89497 Alpha:0.50018
[MOE_TRACE] Group:1 Prob:0.48744 Alpha:0.50071
[MOE_TRACE] Group:2 Prob:0.87886 Alpha:0.50082
[MOE_TRACE] Group:0 Prob:0.89497 Alpha:0.50018
[MOE_TRACE] Group:1 Prob:0.48744 Alpha:0.50071
[MOE_TRACE] Group:2 Prob:0.87886 Alpha:0.50082
[MOE_TRACE] Group:2 Prob:0.88444 Alpha:0.50081
[MOE_TRACE] Group:2 Prob:0.88444 Alpha:0.50081
[MOE_TRACE] Group:0 Prob:0.89335 Alpha:0.50019
[MOE_TRACE] Group:1 Prob:0.49025 Alpha:0.50070
[MOE_TRACE] Group:2 Prob:0.88428 Alpha:0.50081
[MOE_TRACE] Group:0 Prob:0.89335 Alpha:0.50019
[MOE_TRACE] Group:1 Prob:0.49025 Alpha:0.50070
[MOE_TRACE] Group:2 Prob:0.88428 Alpha:0.50081
[MOE_TRACE] Group:0 Prob:0.89841 Alpha:0.50019
[MOE_TRACE] Group:0 Prob:0.89841 Alpha:0.50019
[MOE_TRACE] Group:1 Prob:0.48989 Alpha:0.50070
[MOE_TRACE] Group:1 Prob:0.48989 Alpha:0.50070
[MOE_TRACE] Group:0 Prob:0.89841 Alpha:0.50019
[MOE_TRACE] Group:2 Prob:0.88588 Alpha:0.50081
[MOE_TRACE] Group:0 Prob:0.89841 Alpha:0.50019
[MOE_TRACE] Group:1 Prob:0.48989 Alpha:0.50070[MOE_TRACE] Group:2 Prob:0.88588 Alpha:0.50081

[MOE_TRACE] Group:1 Prob:0.48989 Alpha:0.50070
[MOE_TRACE] Group:2 Prob:0.88588 Alpha:0.50081
[MOE_TRACE] Group:2 Prob:0.88588 Alpha:0.50081
[MOE_TRACE] Group:0 Prob:0.90198 Alpha:0.50019
[MOE_TRACE] Group:0 Prob:0.90198 Alpha:0.50019
[MOE_TRACE] Group:0 Prob:0.90198 Alpha:0.50019
[MOE_TRACE] Group:1 Prob:0.48842 Alpha:0.50070
[MOE_TRACE] Group:0 Prob:0.90198 Alpha:0.50019
[MOE_TRACE] Group:1 Prob:0.48842 Alpha:0.50070
[MOE_TRACE] Group:2 Prob:0.88325 Alpha:0.50081
[MOE_TRACE] Group:2 Prob:0.88325 Alpha:0.50081
[MOE_TRACE] Group:1 Prob:0.48842 Alpha:0.50070
[MOE_TRACE] Group:1 Prob:0.48842 Alpha:0.50070
[MOE_TRACE] Group:2 Prob:0.88325 Alpha:0.50081
[MOE_TRACE] Group:2 Prob:0.88325 Alpha:0.50081
Epoch: 2 cost time: 41.61001706123352
Epoch: 2, Steps: 147 | Train Loss: 0.4404096 Vali Loss: 0.2936289 Test Loss: 0.2825116
Validation loss decreased (0.310968 --> 0.293629).  Saving model ...
Updating learning rate to 5e-05
[MOE_TRACE] Group:0 Prob:0.89968 Alpha:0.50018
[MOE_TRACE] Group:0 Prob:0.89968 Alpha:0.50018
[MOE_TRACE] Group:1 Prob:0.48722 Alpha:0.50070
[MOE_TRACE] Group:1 Prob:0.48722 Alpha:0.50070
[MOE_TRACE] Group:2 Prob:0.88736 Alpha:0.50081
[MOE_TRACE] Group:2 Prob:0.88736 Alpha:0.50081
[MOE_TRACE] Group:0 Prob:0.89968 Alpha:0.50018
[MOE_TRACE] Group:1 Prob:0.48722 Alpha:0.50070
[MOE_TRACE] Group:2 Prob:0.88736 Alpha:0.50081
[MOE_TRACE] Group:0 Prob:0.89968 Alpha:0.50018
[MOE_TRACE] Group:1 Prob:0.48722 Alpha:0.50070
[MOE_TRACE] Group:2 Prob:0.88736 Alpha:0.50081
[MOE_TRACE] Group:2 Prob:0.88479 Alpha:0.50081
[MOE_TRACE] Group:0 Prob:0.89714 Alpha:0.50018
[MOE_TRACE] Group:1 Prob:0.47970 Alpha:0.50070
[MOE_TRACE] Group:2 Prob:0.88369 Alpha:0.50081
[MOE_TRACE] Group:0 Prob:0.89714 Alpha:0.50018
[MOE_TRACE] Group:1 Prob:0.47970 Alpha:0.50070
[MOE_TRACE] Group:2 Prob:0.88369 Alpha:0.50081
[MOE_TRACE] Group:0 Prob:0.89714 Alpha:0.50018
[MOE_TRACE] Group:1 Prob:0.47970 Alpha:0.50070
[MOE_TRACE] Group:2 Prob:0.88369 Alpha:0.50081
[MOE_TRACE] Group:0 Prob:0.90356 Alpha:0.50019
[MOE_TRACE] Group:1 Prob:0.48758 Alpha:0.50070
[MOE_TRACE] Group:2 Prob:0.88215 Alpha:0.50081
[MOE_TRACE] Group:0 Prob:0.90356 Alpha:0.50019
[MOE_TRACE] Group:0 Prob:0.90356 Alpha:0.50019[MOE_TRACE] Group:0 Prob:0.90356 Alpha:0.50019

[MOE_TRACE] Group:1 Prob:0.48758 Alpha:0.50070
[MOE_TRACE] Group:1 Prob:0.48758 Alpha:0.50070
[MOE_TRACE] Group:2 Prob:0.88215 Alpha:0.50081
[MOE_TRACE] Group:1 Prob:0.48758 Alpha:0.50070
[MOE_TRACE] Group:2 Prob:0.88215 Alpha:0.50081
[MOE_TRACE] Group:2 Prob:0.88215 Alpha:0.50081
[MOE_TRACE] Group:1 Prob:0.48009 Alpha:0.50071
[MOE_TRACE] Group:1 Prob:0.48009 Alpha:0.50071
[MOE_TRACE] Group:2 Prob:0.87988 Alpha:0.50082
[MOE_TRACE] Group:2 Prob:0.87988 Alpha:0.50082
[MOE_TRACE] Group:0 Prob:0.90453 Alpha:0.50019
[MOE_TRACE] Group:1 Prob:0.48222 Alpha:0.50071
[MOE_TRACE] Group:2 Prob:0.88429 Alpha:0.50082
[MOE_TRACE] Group:0 Prob:0.90453 Alpha:0.50019
[MOE_TRACE] Group:1 Prob:0.48222 Alpha:0.50071
[MOE_TRACE] Group:2 Prob:0.88429 Alpha:0.50082
[MOE_TRACE] Group:0 Prob:0.89728 Alpha:0.50020
[MOE_TRACE] Group:1 Prob:0.48893 Alpha:0.50071
[MOE_TRACE] Group:2 Prob:0.87828 Alpha:0.50082
[MOE_TRACE] Group:0 Prob:0.89728 Alpha:0.50020
[MOE_TRACE] Group:1 Prob:0.48893 Alpha:0.50071
[MOE_TRACE] Group:2 Prob:0.87828 Alpha:0.50082
[MOE_TRACE] Group:0 Prob:0.89728 Alpha:0.50020
[MOE_TRACE] Group:1 Prob:0.48893 Alpha:0.50071
[MOE_TRACE] Group:0 Prob:0.89728 Alpha:0.50020[MOE_TRACE] Group:2 Prob:0.87828 Alpha:0.50082

[MOE_TRACE] Group:1 Prob:0.48893 Alpha:0.50071
[MOE_TRACE] Group:2 Prob:0.87828 Alpha:0.50082
[MOE_TRACE] Group:0 Prob:0.89510 Alpha:0.50020
[MOE_TRACE] Group:1 Prob:0.48221 Alpha:0.50072
[MOE_TRACE] Group:2 Prob:0.88216 Alpha:0.50082
[MOE_TRACE] Group:0 Prob:0.89510 Alpha:0.50020
[MOE_TRACE] Group:0 Prob:0.89510 Alpha:0.50020
[MOE_TRACE] Group:1 Prob:0.48221 Alpha:0.50072[MOE_TRACE] Group:1 Prob:0.48221 Alpha:0.50072

[MOE_TRACE] Group:2 Prob:0.88216 Alpha:0.50082
[MOE_TRACE] Group:2 Prob:0.88216 Alpha:0.50082
[MOE_TRACE] Group:0 Prob:0.89510 Alpha:0.50020
[MOE_TRACE] Group:1 Prob:0.48221 Alpha:0.50072
[MOE_TRACE] Group:2 Prob:0.88216 Alpha:0.50082
[MOE_TRACE] Group:2 Prob:0.87570 Alpha:0.50082
[MOE_TRACE] Group:0 Prob:0.89068 Alpha:0.50020
[MOE_TRACE] Group:1 Prob:0.47876 Alpha:0.50073
[MOE_TRACE] Group:2 Prob:0.88302 Alpha:0.50082
[MOE_TRACE] Group:0 Prob:0.89068 Alpha:0.50020
[MOE_TRACE] Group:1 Prob:0.47876 Alpha:0.50073
[MOE_TRACE] Group:2 Prob:0.88302 Alpha:0.50082
[MOE_TRACE] Group:0 Prob:0.89068 Alpha:0.50020
[MOE_TRACE] Group:1 Prob:0.47876 Alpha:0.50073
[MOE_TRACE] Group:2 Prob:0.88302 Alpha:0.50082
[MOE_TRACE] Group:0 Prob:0.89182 Alpha:0.50020
[MOE_TRACE] Group:1 Prob:0.48378 Alpha:0.50073
[MOE_TRACE] Group:2 Prob:0.88056 Alpha:0.50082
[MOE_TRACE] Group:0 Prob:0.89182 Alpha:0.50020
[MOE_TRACE] Group:0 Prob:0.89182 Alpha:0.50020
[MOE_TRACE] Group:1 Prob:0.48378 Alpha:0.50073
[MOE_TRACE] Group:1 Prob:0.48378 Alpha:0.50073
[MOE_TRACE] Group:2 Prob:0.88056 Alpha:0.50082
[MOE_TRACE] Group:2 Prob:0.88056 Alpha:0.50082
[MOE_TRACE] Group:0 Prob:0.89182 Alpha:0.50020
[MOE_TRACE] Group:1 Prob:0.48378 Alpha:0.50073
[MOE_TRACE] Group:2 Prob:0.88056 Alpha:0.50082
[MOE_TRACE] Group:0 Prob:0.89614 Alpha:0.50020
[MOE_TRACE] Group:1 Prob:0.47872 Alpha:0.50074
[MOE_TRACE] Group:2 Prob:0.88611 Alpha:0.50081
[MOE_TRACE] Group:0 Prob:0.89614 Alpha:0.50020
[MOE_TRACE] Group:1 Prob:0.47872 Alpha:0.50074
[MOE_TRACE] Group:0 Prob:0.89614 Alpha:0.50020
[MOE_TRACE] Group:0 Prob:0.89614 Alpha:0.50020[MOE_TRACE] Group:2 Prob:0.87975 Alpha:0.50081

[MOE_TRACE] Group:1 Prob:0.47872 Alpha:0.50074
[MOE_TRACE] Group:1 Prob:0.47872 Alpha:0.50074[MOE_TRACE] Group:2 Prob:0.87975 Alpha:0.50081

[MOE_TRACE] Group:2 Prob:0.87975 Alpha:0.50081
[MOE_TRACE] Group:0 Prob:0.89884 Alpha:0.50020
[MOE_TRACE] Group:0 Prob:0.89884 Alpha:0.50020
[MOE_TRACE] Group:1 Prob:0.48901 Alpha:0.50074
[MOE_TRACE] Group:2 Prob:0.87821 Alpha:0.50081
[MOE_TRACE] Group:1 Prob:0.48901 Alpha:0.50074
[MOE_TRACE] Group:2 Prob:0.87821 Alpha:0.50081
[MOE_TRACE] Group:0 Prob:0.89884 Alpha:0.50020
[MOE_TRACE] Group:1 Prob:0.48901 Alpha:0.50074
[MOE_TRACE] Group:2 Prob:0.87821 Alpha:0.50081
[MOE_TRACE] Group:0 Prob:0.89884 Alpha:0.50020
[MOE_TRACE] Group:1 Prob:0.48901 Alpha:0.50074
[MOE_TRACE] Group:2 Prob:0.87821 Alpha:0.50081
[MOE_TRACE] Group:0 Prob:0.89696 Alpha:0.50020
[MOE_TRACE] Group:1 Prob:0.48527 Alpha:0.50075
[MOE_TRACE] Group:2 Prob:0.88208 Alpha:0.50081
[MOE_TRACE] Group:0 Prob:0.89696 Alpha:0.50020
[MOE_TRACE] Group:1 Prob:0.48527 Alpha:0.50075
[MOE_TRACE] Group:2 Prob:0.88208 Alpha:0.50081
[MOE_TRACE] Group:0 Prob:0.89696 Alpha:0.50020
[MOE_TRACE] Group:1 Prob:0.48527 Alpha:0.50075
[MOE_TRACE] Group:2 Prob:0.88208 Alpha:0.50081
[MOE_TRACE] Group:0 Prob:0.89696 Alpha:0.50020
[MOE_TRACE] Group:1 Prob:0.48527 Alpha:0.50075
[MOE_TRACE] Group:2 Prob:0.88208 Alpha:0.50081
[MOE_TRACE] Group:0 Prob:0.89416 Alpha:0.50020
[MOE_TRACE] Group:0 Prob:0.89416 Alpha:0.50020
[MOE_TRACE] Group:1 Prob:0.48125 Alpha:0.50075
[MOE_TRACE] Group:1 Prob:0.48125 Alpha:0.50075
[MOE_TRACE] Group:2 Prob:0.88562 Alpha:0.50081
[MOE_TRACE] Group:2 Prob:0.88562 Alpha:0.50081
[MOE_TRACE] Group:0 Prob:0.89416 Alpha:0.50020
[MOE_TRACE] Group:1 Prob:0.48125 Alpha:0.50075
[MOE_TRACE] Group:0 Prob:0.89416 Alpha:0.50020
[MOE_TRACE] Group:2 Prob:0.88562 Alpha:0.50081
[MOE_TRACE] Group:1 Prob:0.48125 Alpha:0.50075
[MOE_TRACE] Group:2 Prob:0.88562 Alpha:0.50081
[MOE_TRACE] Group:0 Prob:0.89416 Alpha:0.50021
[MOE_TRACE] Group:1 Prob:0.48161 Alpha:0.50076
[MOE_TRACE] Group:2 Prob:0.88557 Alpha:0.50080
[MOE_TRACE] Group:0 Prob:0.89416 Alpha:0.50021
[MOE_TRACE] Group:1 Prob:0.48161 Alpha:0.50076
[MOE_TRACE] Group:2 Prob:0.88557 Alpha:0.50080
[MOE_TRACE] Group:0 Prob:0.89416 Alpha:0.50021
[MOE_TRACE] Group:1 Prob:0.48161 Alpha:0.50076
[MOE_TRACE] Group:2 Prob:0.88557 Alpha:0.50080
[MOE_TRACE] Group:0 Prob:0.89416 Alpha:0.50021
[MOE_TRACE] Group:1 Prob:0.48161 Alpha:0.50076
[MOE_TRACE] Group:2 Prob:0.88557 Alpha:0.50080
[MOE_TRACE] Group:0 Prob:0.89819 Alpha:0.50021
[MOE_TRACE] Group:1 Prob:0.48841 Alpha:0.50076
[MOE_TRACE] Group:2 Prob:0.88458 Alpha:0.50080
[MOE_TRACE] Group:0 Prob:0.89819 Alpha:0.50021
[MOE_TRACE] Group:1 Prob:0.48841 Alpha:0.50076
[MOE_TRACE] Group:2 Prob:0.88458 Alpha:0.50080
[MOE_TRACE] Group:0 Prob:0.89819 Alpha:0.50021
[MOE_TRACE] Group:1 Prob:0.48841 Alpha:0.50076
[MOE_TRACE] Group:2 Prob:0.88458 Alpha:0.50080
[MOE_TRACE] Group:0 Prob:0.89819 Alpha:0.50021
[MOE_TRACE] Group:1 Prob:0.48841 Alpha:0.50076
[MOE_TRACE] Group:2 Prob:0.88458 Alpha:0.50080
[MOE_TRACE] Group:0 Prob:0.89121 Alpha:0.50021
[MOE_TRACE] Group:1 Prob:0.47750 Alpha:0.50076
[MOE_TRACE] Group:2 Prob:0.88315 Alpha:0.50081
[MOE_TRACE] Group:0 Prob:0.89121 Alpha:0.50021
[MOE_TRACE] Group:1 Prob:0.47750 Alpha:0.50076
[MOE_TRACE] Group:2 Prob:0.88315 Alpha:0.50081
[MOE_TRACE] Group:0 Prob:0.89121 Alpha:0.50021
[MOE_TRACE] Group:1 Prob:0.47750 Alpha:0.50076
[MOE_TRACE] Group:2 Prob:0.88315 Alpha:0.50081
[MOE_TRACE] Group:0 Prob:0.89121 Alpha:0.50021
[MOE_TRACE] Group:1 Prob:0.47750 Alpha:0.50076
[MOE_TRACE] Group:2 Prob:0.88315 Alpha:0.50081
[MOE_TRACE] Group:0 Prob:0.90123 Alpha:0.50021
[MOE_TRACE] Group:1 Prob:0.48351 Alpha:0.50077
[MOE_TRACE] Group:2 Prob:0.88472 Alpha:0.50081
[MOE_TRACE] Group:0 Prob:0.90123 Alpha:0.50021
[MOE_TRACE] Group:1 Prob:0.48351 Alpha:0.50077
[MOE_TRACE] Group:2 Prob:0.88472 Alpha:0.50081
[MOE_TRACE] Group:0 Prob:0.90123 Alpha:0.50021
[MOE_TRACE] Group:1 Prob:0.48351 Alpha:0.50077
[MOE_TRACE] Group:2 Prob:0.88472 Alpha:0.50081
[MOE_TRACE] Group:0 Prob:0.90123 Alpha:0.50021
[MOE_TRACE] Group:1 Prob:0.48351 Alpha:0.50077
[MOE_TRACE] Group:2 Prob:0.88472 Alpha:0.50081
[MOE_TRACE] Group:0 Prob:0.89488 Alpha:0.50021
[MOE_TRACE] Group:1 Prob:0.47429 Alpha:0.50077
[MOE_TRACE] Group:2 Prob:0.87999 Alpha:0.50082
[MOE_TRACE] Group:0 Prob:0.89488 Alpha:0.50021
[MOE_TRACE] Group:1 Prob:0.47429 Alpha:0.50077
[MOE_TRACE] Group:2 Prob:0.88103 Alpha:0.50082
[MOE_TRACE] Group:0 Prob:0.89488 Alpha:0.50021
[MOE_TRACE] Group:1 Prob:0.47429 Alpha:0.50077
[MOE_TRACE] Group:2 Prob:0.88103 Alpha:0.50082
[MOE_TRACE] Group:0 Prob:0.89488 Alpha:0.50021
[MOE_TRACE] Group:1 Prob:0.47429 Alpha:0.50077
[MOE_TRACE] Group:2 Prob:0.88103 Alpha:0.50082
[MOE_TRACE] Group:0 Prob:0.89799 Alpha:0.50021
[MOE_TRACE] Group:1 Prob:0.47750 Alpha:0.50077
[MOE_TRACE] Group:0 Prob:0.89799 Alpha:0.50021
[MOE_TRACE] Group:2 Prob:0.87712 Alpha:0.50082
[MOE_TRACE] Group:1 Prob:0.47750 Alpha:0.50077
[MOE_TRACE] Group:2 Prob:0.87712 Alpha:0.50082
[MOE_TRACE] Group:0 Prob:0.89799 Alpha:0.50021
[MOE_TRACE] Group:1 Prob:0.47750 Alpha:0.50077
[MOE_TRACE] Group:2 Prob:0.87712 Alpha:0.50082
[MOE_TRACE] Group:0 Prob:0.89799 Alpha:0.50021
[MOE_TRACE] Group:1 Prob:0.47750 Alpha:0.50077
[MOE_TRACE] Group:2 Prob:0.87712 Alpha:0.50082
[MOE_TRACE] Group:2 Prob:0.87874 Alpha:0.50082
[MOE_TRACE] Group:0 Prob:0.89823 Alpha:0.50021
[MOE_TRACE] Group:1 Prob:0.47079 Alpha:0.50077
[MOE_TRACE] Group:2 Prob:0.88154 Alpha:0.50082
[MOE_TRACE] Group:0 Prob:0.89823 Alpha:0.50021
[MOE_TRACE] Group:1 Prob:0.47079 Alpha:0.50077
[MOE_TRACE] Group:2 Prob:0.88154 Alpha:0.50082
[MOE_TRACE] Group:0 Prob:0.89823 Alpha:0.50021
[MOE_TRACE] Group:1 Prob:0.47079 Alpha:0.50077
[MOE_TRACE] Group:2 Prob:0.88154 Alpha:0.50082
[MOE_TRACE] Group:0 Prob:0.89851 Alpha:0.50021
[MOE_TRACE] Group:1 Prob:0.47783 Alpha:0.50078
[MOE_TRACE] Group:2 Prob:0.88006 Alpha:0.50082
[MOE_TRACE] Group:0 Prob:0.89851 Alpha:0.50021
[MOE_TRACE] Group:1 Prob:0.47783 Alpha:0.50078
[MOE_TRACE] Group:2 Prob:0.88006 Alpha:0.50082
[MOE_TRACE] Group:0 Prob:0.89851 Alpha:0.50021
[MOE_TRACE] Group:0 Prob:0.89851 Alpha:0.50021[MOE_TRACE] Group:1 Prob:0.47783 Alpha:0.50078

[MOE_TRACE] Group:1 Prob:0.47783 Alpha:0.50078
[MOE_TRACE] Group:2 Prob:0.88006 Alpha:0.50082
[MOE_TRACE] Group:2 Prob:0.88006 Alpha:0.50082
[MOE_TRACE] Group:0 Prob:0.89855 Alpha:0.50021
[MOE_TRACE] Group:1 Prob:0.47707 Alpha:0.50078
[MOE_TRACE] Group:2 Prob:0.88351 Alpha:0.50082
[MOE_TRACE] Group:0 Prob:0.89855 Alpha:0.50021
[MOE_TRACE] Group:1 Prob:0.47707 Alpha:0.50078
[MOE_TRACE] Group:2 Prob:0.88351 Alpha:0.50082
[MOE_TRACE] Group:0 Prob:0.89855 Alpha:0.50021
[MOE_TRACE] Group:1 Prob:0.47707 Alpha:0.50078
[MOE_TRACE] Group:2 Prob:0.88351 Alpha:0.50082
[MOE_TRACE] Group:0 Prob:0.89855 Alpha:0.50021
[MOE_TRACE] Group:1 Prob:0.47707 Alpha:0.50078
[MOE_TRACE] Group:2 Prob:0.88351 Alpha:0.50082
[MOE_TRACE] Group:0 Prob:0.89242 Alpha:0.50021
[MOE_TRACE] Group:1 Prob:0.48175 Alpha:0.50079
[MOE_TRACE] Group:2 Prob:0.87852 Alpha:0.50082
[MOE_TRACE] Group:0 Prob:0.89242 Alpha:0.50021
[MOE_TRACE] Group:1 Prob:0.48175 Alpha:0.50079
[MOE_TRACE] Group:2 Prob:0.88093 Alpha:0.50082
[MOE_TRACE] Group:0 Prob:0.89242 Alpha:0.50021
[MOE_TRACE] Group:1 Prob:0.48175 Alpha:0.50079
[MOE_TRACE] Group:2 Prob:0.88093 Alpha:0.50082
[MOE_TRACE] Group:0 Prob:0.89242 Alpha:0.50021
[MOE_TRACE] Group:1 Prob:0.48175 Alpha:0.50079
[MOE_TRACE] Group:2 Prob:0.88093 Alpha:0.50082
[MOE_TRACE] Group:0 Prob:0.90158 Alpha:0.50022
[MOE_TRACE] Group:1 Prob:0.47428 Alpha:0.50079
[MOE_TRACE] Group:2 Prob:0.87484 Alpha:0.50082
[MOE_TRACE] Group:0 Prob:0.90158 Alpha:0.50022
[MOE_TRACE] Group:1 Prob:0.47428 Alpha:0.50079
[MOE_TRACE] Group:2 Prob:0.88469 Alpha:0.50082
[MOE_TRACE] Group:0 Prob:0.90158 Alpha:0.50022
[MOE_TRACE] Group:1 Prob:0.47428 Alpha:0.50079
[MOE_TRACE] Group:2 Prob:0.88469 Alpha:0.50082
[MOE_TRACE] Group:0 Prob:0.90158 Alpha:0.50022
[MOE_TRACE] Group:1 Prob:0.47428 Alpha:0.50079
[MOE_TRACE] Group:2 Prob:0.88469 Alpha:0.50082
[MOE_TRACE] Group:0 Prob:0.89625 Alpha:0.50022
[MOE_TRACE] Group:1 Prob:0.47747 Alpha:0.50080
[MOE_TRACE] Group:2 Prob:0.88169 Alpha:0.50082
[MOE_TRACE] Group:0 Prob:0.89625 Alpha:0.50022
[MOE_TRACE] Group:1 Prob:0.47747 Alpha:0.50080
[MOE_TRACE] Group:2 Prob:0.88639 Alpha:0.50082
[MOE_TRACE] Group:0 Prob:0.89625 Alpha:0.50022
[MOE_TRACE] Group:1 Prob:0.47747 Alpha:0.50080
[MOE_TRACE] Group:2 Prob:0.88639 Alpha:0.50082
[MOE_TRACE] Group:0 Prob:0.89625 Alpha:0.50022
[MOE_TRACE] Group:1 Prob:0.47747 Alpha:0.50080
[MOE_TRACE] Group:2 Prob:0.88639 Alpha:0.50082
[MOE_TRACE] Group:0 Prob:0.89194 Alpha:0.50022
[MOE_TRACE] Group:1 Prob:0.47084 Alpha:0.50080
[MOE_TRACE] Group:2 Prob:0.88081 Alpha:0.50082
[MOE_TRACE] Group:0 Prob:0.89194 Alpha:0.50022
[MOE_TRACE] Group:0 Prob:0.89194 Alpha:0.50022
[MOE_TRACE] Group:1 Prob:0.47084 Alpha:0.50080
[MOE_TRACE] Group:2 Prob:0.88081 Alpha:0.50082
[MOE_TRACE] Group:1 Prob:0.47084 Alpha:0.50080
[MOE_TRACE] Group:2 Prob:0.88081 Alpha:0.50082
[MOE_TRACE] Group:0 Prob:0.89194 Alpha:0.50022
[MOE_TRACE] Group:1 Prob:0.47084 Alpha:0.50080
[MOE_TRACE] Group:2 Prob:0.88081 Alpha:0.50082
[MOE_TRACE] Group:0 Prob:0.88824 Alpha:0.50023
[MOE_TRACE] Group:1 Prob:0.47120 Alpha:0.50080
[MOE_TRACE] Group:2 Prob:0.87913 Alpha:0.50083
[MOE_TRACE] Group:0 Prob:0.88824 Alpha:0.50023
[MOE_TRACE] Group:1 Prob:0.47120 Alpha:0.50080
[MOE_TRACE] Group:2 Prob:0.87913 Alpha:0.50083
[MOE_TRACE] Group:0 Prob:0.88824 Alpha:0.50023
[MOE_TRACE] Group:1 Prob:0.47120 Alpha:0.50080
[MOE_TRACE] Group:2 Prob:0.87913 Alpha:0.50083
[MOE_TRACE] Group:0 Prob:0.88824 Alpha:0.50023
[MOE_TRACE] Group:1 Prob:0.47120 Alpha:0.50080
[MOE_TRACE] Group:2 Prob:0.87913 Alpha:0.50083
[MOE_TRACE] Group:0 Prob:0.88753 Alpha:0.50024
[MOE_TRACE] Group:1 Prob:0.46899 Alpha:0.50080
[MOE_TRACE] Group:2 Prob:0.87622 Alpha:0.50083
[MOE_TRACE] Group:0 Prob:0.88753 Alpha:0.50024
[MOE_TRACE] Group:1 Prob:0.46899 Alpha:0.50080
[MOE_TRACE] Group:2 Prob:0.87622 Alpha:0.50083
[MOE_TRACE] Group:0 Prob:0.88753 Alpha:0.50024
[MOE_TRACE] Group:1 Prob:0.46899 Alpha:0.50080
[MOE_TRACE] Group:2 Prob:0.87622 Alpha:0.50083
[MOE_TRACE] Group:0 Prob:0.88753 Alpha:0.50024
[MOE_TRACE] Group:1 Prob:0.46899 Alpha:0.50080
[MOE_TRACE] Group:2 Prob:0.87622 Alpha:0.50083
[MOE_TRACE] Group:0 Prob:0.88428 Alpha:0.50024
[MOE_TRACE] Group:1 Prob:0.47550 Alpha:0.50081
[MOE_TRACE] Group:2 Prob:0.87470 Alpha:0.50083
[MOE_TRACE] Group:0 Prob:0.88428 Alpha:0.50024
[MOE_TRACE] Group:0 Prob:0.88428 Alpha:0.50024
[MOE_TRACE] Group:1 Prob:0.47550 Alpha:0.50081
[MOE_TRACE] Group:2 Prob:0.87470 Alpha:0.50083
[MOE_TRACE] Group:1 Prob:0.47550 Alpha:0.50081
[MOE_TRACE] Group:2 Prob:0.87470 Alpha:0.50083
[MOE_TRACE] Group:0 Prob:0.88428 Alpha:0.50024
[MOE_TRACE] Group:1 Prob:0.47550 Alpha:0.50081
[MOE_TRACE] Group:2 Prob:0.87470 Alpha:0.50083
[MOE_TRACE] Group:0 Prob:0.88943 Alpha:0.50025
[MOE_TRACE] Group:1 Prob:0.47285 Alpha:0.50081
[MOE_TRACE] Group:2 Prob:0.87393 Alpha:0.50083
[MOE_TRACE] Group:0 Prob:0.88943 Alpha:0.50025
[MOE_TRACE] Group:1 Prob:0.47285 Alpha:0.50081
[MOE_TRACE] Group:2 Prob:0.87393 Alpha:0.50083
[MOE_TRACE] Group:0 Prob:0.88943 Alpha:0.50025
[MOE_TRACE] Group:1 Prob:0.47285 Alpha:0.50081
[MOE_TRACE] Group:2 Prob:0.87393 Alpha:0.50083
[MOE_TRACE] Group:0 Prob:0.88943 Alpha:0.50025
[MOE_TRACE] Group:1 Prob:0.47285 Alpha:0.50081
[MOE_TRACE] Group:2 Prob:0.87393 Alpha:0.50083
[MOE_TRACE] Group:0 Prob:0.88890 Alpha:0.50025
[MOE_TRACE] Group:1 Prob:0.46879 Alpha:0.50082
[MOE_TRACE] Group:2 Prob:0.87877 Alpha:0.50083
[MOE_TRACE] Group:0 Prob:0.88890 Alpha:0.50025
[MOE_TRACE] Group:1 Prob:0.46879 Alpha:0.50082
[MOE_TRACE] Group:2 Prob:0.87877 Alpha:0.50083
[MOE_TRACE] Group:0 Prob:0.88890 Alpha:0.50025
[MOE_TRACE] Group:1 Prob:0.46879 Alpha:0.50082
[MOE_TRACE] Group:2 Prob:0.87877 Alpha:0.50083
[MOE_TRACE] Group:0 Prob:0.88890 Alpha:0.50025
[MOE_TRACE] Group:1 Prob:0.46879 Alpha:0.50082
[MOE_TRACE] Group:2 Prob:0.87877 Alpha:0.50083
[MOE_TRACE] Group:0 Prob:0.88743 Alpha:0.50025
[MOE_TRACE] Group:0 Prob:0.88743 Alpha:0.50025
[MOE_TRACE] Group:1 Prob:0.46261 Alpha:0.50083
[MOE_TRACE] Group:1 Prob:0.46261 Alpha:0.50083
[MOE_TRACE] Group:2 Prob:0.87805 Alpha:0.50083
[MOE_TRACE] Group:2 Prob:0.87805 Alpha:0.50083
[MOE_TRACE] Group:0 Prob:0.88743 Alpha:0.50025
[MOE_TRACE] Group:1 Prob:0.46261 Alpha:0.50083
[MOE_TRACE] Group:2 Prob:0.87805 Alpha:0.50083
[MOE_TRACE] Group:0 Prob:0.88743 Alpha:0.50025
[MOE_TRACE] Group:1 Prob:0.46261 Alpha:0.50083
[MOE_TRACE] Group:2 Prob:0.87805 Alpha:0.50083
[MOE_TRACE] Group:0 Prob:0.88527 Alpha:0.50026
[MOE_TRACE] Group:1 Prob:0.46345 Alpha:0.50083
[MOE_TRACE] Group:2 Prob:0.87354 Alpha:0.50083
[MOE_TRACE] Group:0 Prob:0.88527 Alpha:0.50026
[MOE_TRACE] Group:1 Prob:0.46345 Alpha:0.50083
[MOE_TRACE] Group:2 Prob:0.87584 Alpha:0.50083
[MOE_TRACE] Group:0 Prob:0.88527 Alpha:0.50026
[MOE_TRACE] Group:1 Prob:0.46345 Alpha:0.50083
[MOE_TRACE] Group:2 Prob:0.87584 Alpha:0.50083
[MOE_TRACE] Group:0 Prob:0.88527 Alpha:0.50026
[MOE_TRACE] Group:1 Prob:0.46345 Alpha:0.50083
[MOE_TRACE] Group:2 Prob:0.87584 Alpha:0.50083
[MOE_TRACE] Group:0 Prob:0.88202 Alpha:0.50027
[MOE_TRACE] Group:1 Prob:0.47278 Alpha:0.50084
[MOE_TRACE] Group:2 Prob:0.87518 Alpha:0.50083
[MOE_TRACE] Group:0 Prob:0.88202 Alpha:0.50027
[MOE_TRACE] Group:1 Prob:0.47278 Alpha:0.50084
[MOE_TRACE] Group:2 Prob:0.87518 Alpha:0.50083
[MOE_TRACE] Group:0 Prob:0.88202 Alpha:0.50027
[MOE_TRACE] Group:1 Prob:0.47278 Alpha:0.50084
[MOE_TRACE] Group:2 Prob:0.87518 Alpha:0.50083
[MOE_TRACE] Group:0 Prob:0.88202 Alpha:0.50027
[MOE_TRACE] Group:1 Prob:0.47278 Alpha:0.50084
[MOE_TRACE] Group:2 Prob:0.87518 Alpha:0.50083
[MOE_TRACE] Group:0 Prob:0.88754 Alpha:0.50028
[MOE_TRACE] Group:0 Prob:0.88754 Alpha:0.50028
[MOE_TRACE] Group:1 Prob:0.46875 Alpha:0.50084
[MOE_TRACE] Group:1 Prob:0.46875 Alpha:0.50084
[MOE_TRACE] Group:2 Prob:0.87534 Alpha:0.50083
[MOE_TRACE] Group:2 Prob:0.87534 Alpha:0.50083
[MOE_TRACE] Group:0 Prob:0.88754 Alpha:0.50028
[MOE_TRACE] Group:0 Prob:0.88754 Alpha:0.50028
[MOE_TRACE] Group:1 Prob:0.46875 Alpha:0.50084
[MOE_TRACE] Group:1 Prob:0.46875 Alpha:0.50084
[MOE_TRACE] Group:2 Prob:0.87499 Alpha:0.50083
[MOE_TRACE] Group:2 Prob:0.87499 Alpha:0.50083
[MOE_TRACE] Group:0 Prob:0.88246 Alpha:0.50028
[MOE_TRACE] Group:1 Prob:0.47023 Alpha:0.50085
[MOE_TRACE] Group:2 Prob:0.87607 Alpha:0.50083
[MOE_TRACE] Group:0 Prob:0.88246 Alpha:0.50028
[MOE_TRACE] Group:0 Prob:0.88246 Alpha:0.50028[MOE_TRACE] Group:1 Prob:0.47023 Alpha:0.50085

[MOE_TRACE] Group:2 Prob:0.87736 Alpha:0.50083
[MOE_TRACE] Group:1 Prob:0.47023 Alpha:0.50085
[MOE_TRACE] Group:2 Prob:0.87736 Alpha:0.50083
[MOE_TRACE] Group:0 Prob:0.88246 Alpha:0.50028
[MOE_TRACE] Group:1 Prob:0.47023 Alpha:0.50085
[MOE_TRACE] Group:2 Prob:0.87736 Alpha:0.50083
[MOE_TRACE] Group:0 Prob:0.87505 Alpha:0.50029
[MOE_TRACE] Group:1 Prob:0.47458 Alpha:0.50085
[MOE_TRACE] Group:2 Prob:0.87643 Alpha:0.50083
[MOE_TRACE] Group:0 Prob:0.87505 Alpha:0.50029
[MOE_TRACE] Group:1 Prob:0.47458 Alpha:0.50085
[MOE_TRACE] Group:2 Prob:0.87643 Alpha:0.50083
[MOE_TRACE] Group:0 Prob:0.87505 Alpha:0.50029
[MOE_TRACE] Group:1 Prob:0.47458 Alpha:0.50085
[MOE_TRACE] Group:2 Prob:0.87947 Alpha:0.50083
[MOE_TRACE] Group:0 Prob:0.87505 Alpha:0.50029
[MOE_TRACE] Group:1 Prob:0.47458 Alpha:0.50085
[MOE_TRACE] Group:2 Prob:0.87947 Alpha:0.50083
[MOE_TRACE] Group:0 Prob:0.89145 Alpha:0.50029
[MOE_TRACE] Group:1 Prob:0.46492 Alpha:0.50086
[MOE_TRACE] Group:2 Prob:0.87385 Alpha:0.50084
[MOE_TRACE] Group:0 Prob:0.89145 Alpha:0.50029
[MOE_TRACE] Group:1 Prob:0.46492 Alpha:0.50086
[MOE_TRACE] Group:2 Prob:0.87385 Alpha:0.50084
[MOE_TRACE] Group:0 Prob:0.89145 Alpha:0.50029
[MOE_TRACE] Group:1 Prob:0.46492 Alpha:0.50086
[MOE_TRACE] Group:2 Prob:0.87385 Alpha:0.50084
[MOE_TRACE] Group:0 Prob:0.89145 Alpha:0.50029
[MOE_TRACE] Group:1 Prob:0.46492 Alpha:0.50086
[MOE_TRACE] Group:2 Prob:0.87385 Alpha:0.50084
[MOE_TRACE] Group:0 Prob:0.88249 Alpha:0.50029
[MOE_TRACE] Group:1 Prob:0.46772 Alpha:0.50086
[MOE_TRACE] Group:2 Prob:0.87135 Alpha:0.50084
[MOE_TRACE] Group:0 Prob:0.88249 Alpha:0.50029
[MOE_TRACE] Group:1 Prob:0.46772 Alpha:0.50086
[MOE_TRACE] Group:2 Prob:0.87135 Alpha:0.50084
[MOE_TRACE] Group:0 Prob:0.88249 Alpha:0.50029
[MOE_TRACE] Group:1 Prob:0.46772 Alpha:0.50086
[MOE_TRACE] Group:2 Prob:0.87135 Alpha:0.50084
[MOE_TRACE] Group:0 Prob:0.88249 Alpha:0.50029
[MOE_TRACE] Group:1 Prob:0.46772 Alpha:0.50086
[MOE_TRACE] Group:2 Prob:0.87135 Alpha:0.50084
[MOE_TRACE] Group:0 Prob:0.87829 Alpha:0.50028
[MOE_TRACE] Group:1 Prob:0.46612 Alpha:0.50086
[MOE_TRACE] Group:0 Prob:0.87829 Alpha:0.50028
[MOE_TRACE] Group:2 Prob:0.86960 Alpha:0.50085
[MOE_TRACE] Group:1 Prob:0.46612 Alpha:0.50086
[MOE_TRACE] Group:2 Prob:0.86960 Alpha:0.50085
[MOE_TRACE] Group:0 Prob:0.87829 Alpha:0.50028
[MOE_TRACE] Group:1 Prob:0.46612 Alpha:0.50086
[MOE_TRACE] Group:2 Prob:0.86960 Alpha:0.50085
[MOE_TRACE] Group:0 Prob:0.87829 Alpha:0.50028
[MOE_TRACE] Group:1 Prob:0.46612 Alpha:0.50086
[MOE_TRACE] Group:2 Prob:0.86960 Alpha:0.50085
[MOE_TRACE] Group:0 Prob:0.88936 Alpha:0.50028
[MOE_TRACE] Group:1 Prob:0.45980 Alpha:0.50087
[MOE_TRACE] Group:2 Prob:0.87047 Alpha:0.50085
[MOE_TRACE] Group:0 Prob:0.88936 Alpha:0.50028
[MOE_TRACE] Group:1 Prob:0.45980 Alpha:0.50087
[MOE_TRACE] Group:2 Prob:0.87047 Alpha:0.50085
[MOE_TRACE] Group:0 Prob:0.88936 Alpha:0.50028
[MOE_TRACE] Group:1 Prob:0.45980 Alpha:0.50087
[MOE_TRACE] Group:2 Prob:0.87182 Alpha:0.50085
[MOE_TRACE] Group:0 Prob:0.88936 Alpha:0.50028
[MOE_TRACE] Group:1 Prob:0.45980 Alpha:0.50087
[MOE_TRACE] Group:2 Prob:0.87182 Alpha:0.50085
[MOE_TRACE] Group:0 Prob:0.88276 Alpha:0.50028
[MOE_TRACE] Group:1 Prob:0.47171 Alpha:0.50087
[MOE_TRACE] Group:2 Prob:0.87533 Alpha:0.50085
[MOE_TRACE] Group:0 Prob:0.88276 Alpha:0.50028
[MOE_TRACE] Group:1 Prob:0.47171 Alpha:0.50087
[MOE_TRACE] Group:2 Prob:0.87533 Alpha:0.50085
[MOE_TRACE] Group:0 Prob:0.88276 Alpha:0.50028
[MOE_TRACE] Group:1 Prob:0.47171 Alpha:0.50087
[MOE_TRACE] Group:2 Prob:0.87533 Alpha:0.50085
[MOE_TRACE] Group:0 Prob:0.88276 Alpha:0.50028
[MOE_TRACE] Group:1 Prob:0.47171 Alpha:0.50087
[MOE_TRACE] Group:2 Prob:0.87533 Alpha:0.50085
[MOE_TRACE] Group:0 Prob:0.87986 Alpha:0.50028
[MOE_TRACE] Group:1 Prob:0.46482 Alpha:0.50087
[MOE_TRACE] Group:2 Prob:0.87412 Alpha:0.50085
[MOE_TRACE] Group:0 Prob:0.87986 Alpha:0.50028
[MOE_TRACE] Group:1 Prob:0.46482 Alpha:0.50087
[MOE_TRACE] Group:2 Prob:0.87412 Alpha:0.50085
[MOE_TRACE] Group:0 Prob:0.87986 Alpha:0.50028
[MOE_TRACE] Group:1 Prob:0.46482 Alpha:0.50087
[MOE_TRACE] Group:2 Prob:0.86995 Alpha:0.50085
[MOE_TRACE] Group:0 Prob:0.87986 Alpha:0.50028
[MOE_TRACE] Group:1 Prob:0.46482 Alpha:0.50087
[MOE_TRACE] Group:2 Prob:0.86995 Alpha:0.50085
[MOE_TRACE] Group:0 Prob:0.88953 Alpha:0.50028[MOE_TRACE] Group:0 Prob:0.88953 Alpha:0.50028

[MOE_TRACE] Group:1 Prob:0.46814 Alpha:0.50088
[MOE_TRACE] Group:1 Prob:0.46814 Alpha:0.50088
[MOE_TRACE] Group:2 Prob:0.87139 Alpha:0.50085
[MOE_TRACE] Group:2 Prob:0.87139 Alpha:0.50085
[MOE_TRACE] Group:0 Prob:0.88953 Alpha:0.50028
[MOE_TRACE] Group:1 Prob:0.46814 Alpha:0.50088
[MOE_TRACE] Group:2 Prob:0.87139 Alpha:0.50085
[MOE_TRACE] Group:0 Prob:0.88953 Alpha:0.50028
[MOE_TRACE] Group:1 Prob:0.46814 Alpha:0.50088
[MOE_TRACE] Group:2 Prob:0.87139 Alpha:0.50085
[MOE_TRACE] Group:0 Prob:0.88119 Alpha:0.50028
[MOE_TRACE] Group:1 Prob:0.46396 Alpha:0.50088
[MOE_TRACE] Group:2 Prob:0.87228 Alpha:0.50085
[MOE_TRACE] Group:0 Prob:0.88119 Alpha:0.50028
[MOE_TRACE] Group:1 Prob:0.46396 Alpha:0.50088
[MOE_TRACE] Group:2 Prob:0.87228 Alpha:0.50085
[MOE_TRACE] Group:0 Prob:0.88119 Alpha:0.50028
[MOE_TRACE] Group:1 Prob:0.46396 Alpha:0.50088
[MOE_TRACE] Group:2 Prob:0.87228 Alpha:0.50085
[MOE_TRACE] Group:0 Prob:0.88119 Alpha:0.50028
[MOE_TRACE] Group:1 Prob:0.46396 Alpha:0.50088
[MOE_TRACE] Group:2 Prob:0.87228 Alpha:0.50085
[MOE_TRACE] Group:0 Prob:0.87400 Alpha:0.50027
[MOE_TRACE] Group:1 Prob:0.46559 Alpha:0.50089
[MOE_TRACE] Group:2 Prob:0.86490 Alpha:0.50085
[MOE_TRACE] Group:0 Prob:0.87400 Alpha:0.50027
[MOE_TRACE] Group:1 Prob:0.46559 Alpha:0.50089
[MOE_TRACE] Group:2 Prob:0.86875 Alpha:0.50085
[MOE_TRACE] Group:0 Prob:0.87400 Alpha:0.50027
[MOE_TRACE] Group:1 Prob:0.46559 Alpha:0.50089
[MOE_TRACE] Group:2 Prob:0.86875 Alpha:0.50085
[MOE_TRACE] Group:0 Prob:0.87400 Alpha:0.50027
[MOE_TRACE] Group:1 Prob:0.46559 Alpha:0.50089
[MOE_TRACE] Group:2 Prob:0.86875 Alpha:0.50085
[MOE_TRACE] Group:0 Prob:0.87991 Alpha:0.50027
[MOE_TRACE] Group:1 Prob:0.46285 Alpha:0.50089
[MOE_TRACE] Group:2 Prob:0.87434 Alpha:0.50085
[MOE_TRACE] Group:0 Prob:0.87991 Alpha:0.50027
[MOE_TRACE] Group:1 Prob:0.46285 Alpha:0.50089
[MOE_TRACE] Group:2 Prob:0.87434 Alpha:0.50085
[MOE_TRACE] Group:0 Prob:0.87991 Alpha:0.50027
[MOE_TRACE] Group:1 Prob:0.46285 Alpha:0.50089
[MOE_TRACE] Group:2 Prob:0.87434 Alpha:0.50085
[MOE_TRACE] Group:0 Prob:0.87991 Alpha:0.50027
[MOE_TRACE] Group:1 Prob:0.46285 Alpha:0.50089
[MOE_TRACE] Group:2 Prob:0.87434 Alpha:0.50085
[MOE_TRACE] Group:0 Prob:0.88274 Alpha:0.50027
[MOE_TRACE] Group:0 Prob:0.88274 Alpha:0.50027
[MOE_TRACE] Group:1 Prob:0.46376 Alpha:0.50089
[MOE_TRACE] Group:1 Prob:0.46376 Alpha:0.50089[MOE_TRACE] Group:2 Prob:0.87262 Alpha:0.50085

[MOE_TRACE] Group:2 Prob:0.87262 Alpha:0.50085
[MOE_TRACE] Group:0 Prob:0.88274 Alpha:0.50027
[MOE_TRACE] Group:1 Prob:0.46376 Alpha:0.50089
[MOE_TRACE] Group:2 Prob:0.87262 Alpha:0.50085
[MOE_TRACE] Group:0 Prob:0.88274 Alpha:0.50027
[MOE_TRACE] Group:1 Prob:0.46376 Alpha:0.50089
[MOE_TRACE] Group:2 Prob:0.87262 Alpha:0.50085
[MOE_TRACE] Group:0 Prob:0.89456 Alpha:0.50027
[MOE_TRACE] Group:1 Prob:0.46316 Alpha:0.50090
[MOE_TRACE] Group:0 Prob:0.89456 Alpha:0.50027
[MOE_TRACE] Group:2 Prob:0.87484 Alpha:0.50085
[MOE_TRACE] Group:0 Prob:0.89456 Alpha:0.50027
[MOE_TRACE] Group:1 Prob:0.46316 Alpha:0.50090
[MOE_TRACE] Group:1 Prob:0.46316 Alpha:0.50090
[MOE_TRACE] Group:2 Prob:0.87484 Alpha:0.50085
[MOE_TRACE] Group:2 Prob:0.87484 Alpha:0.50085
[MOE_TRACE] Group:0 Prob:0.89456 Alpha:0.50027
[MOE_TRACE] Group:1 Prob:0.46316 Alpha:0.50090
[MOE_TRACE] Group:2 Prob:0.87484 Alpha:0.50085
[MOE_TRACE] Group:0 Prob:0.89169 Alpha:0.50027
[MOE_TRACE] Group:1 Prob:0.46375 Alpha:0.50090
[MOE_TRACE] Group:0 Prob:0.89169 Alpha:0.50027
[MOE_TRACE] Group:0 Prob:0.89169 Alpha:0.50027
[MOE_TRACE] Group:2 Prob:0.87013 Alpha:0.50085
[MOE_TRACE] Group:1 Prob:0.46375 Alpha:0.50090
[MOE_TRACE] Group:1 Prob:0.46375 Alpha:0.50090
[MOE_TRACE] Group:2 Prob:0.86275 Alpha:0.50085
[MOE_TRACE] Group:2 Prob:0.86275 Alpha:0.50085
[MOE_TRACE] Group:0 Prob:0.89169 Alpha:0.50027
[MOE_TRACE] Group:1 Prob:0.46375 Alpha:0.50090
[MOE_TRACE] Group:2 Prob:0.86275 Alpha:0.50085
[MOE_TRACE] Group:0 Prob:0.87900 Alpha:0.50028
[MOE_TRACE] Group:0 Prob:0.87900 Alpha:0.50028
[MOE_TRACE] Group:1 Prob:0.46877 Alpha:0.50091
[MOE_TRACE] Group:1 Prob:0.46877 Alpha:0.50091
[MOE_TRACE] Group:2 Prob:0.87092 Alpha:0.50085
[MOE_TRACE] Group:2 Prob:0.87092 Alpha:0.50085
[MOE_TRACE] Group:0 Prob:0.87900 Alpha:0.50028
[MOE_TRACE] Group:1 Prob:0.46877 Alpha:0.50091
[MOE_TRACE] Group:2 Prob:0.87092 Alpha:0.50085
[MOE_TRACE] Group:0 Prob:0.87900 Alpha:0.50028
[MOE_TRACE] Group:1 Prob:0.46877 Alpha:0.50091
[MOE_TRACE] Group:2 Prob:0.87092 Alpha:0.50085
[MOE_TRACE] Group:2 Prob:0.86817 Alpha:0.50086
[MOE_TRACE] Group:0 Prob:0.88266 Alpha:0.50028
[MOE_TRACE] Group:1 Prob:0.46582 Alpha:0.50092
[MOE_TRACE] Group:2 Prob:0.86817 Alpha:0.50086
[MOE_TRACE] Group:0 Prob:0.88266 Alpha:0.50028
[MOE_TRACE] Group:1 Prob:0.46582 Alpha:0.50092
[MOE_TRACE] Group:2 Prob:0.87103 Alpha:0.50086
[MOE_TRACE] Group:0 Prob:0.88266 Alpha:0.50028
[MOE_TRACE] Group:1 Prob:0.46582 Alpha:0.50092
[MOE_TRACE] Group:2 Prob:0.87103 Alpha:0.50086
[MOE_TRACE] Group:0 Prob:0.87955 Alpha:0.50028
[MOE_TRACE] Group:1 Prob:0.45850 Alpha:0.50093
[MOE_TRACE] Group:2 Prob:0.86761 Alpha:0.50086
[MOE_TRACE] Group:0 Prob:0.87955 Alpha:0.50028
[MOE_TRACE] Group:1 Prob:0.45850 Alpha:0.50093
[MOE_TRACE] Group:2 Prob:0.87148 Alpha:0.50086
[MOE_TRACE] Group:0 Prob:0.87955 Alpha:0.50028
[MOE_TRACE] Group:1 Prob:0.45850 Alpha:0.50093
[MOE_TRACE] Group:2 Prob:0.87148 Alpha:0.50086
[MOE_TRACE] Group:0 Prob:0.87955 Alpha:0.50028
[MOE_TRACE] Group:1 Prob:0.45850 Alpha:0.50093
[MOE_TRACE] Group:2 Prob:0.87148 Alpha:0.50086
[MOE_TRACE] Group:0 Prob:0.87905 Alpha:0.50028
[MOE_TRACE] Group:0 Prob:0.87905 Alpha:0.50028
[MOE_TRACE] Group:1 Prob:0.45810 Alpha:0.50093
[MOE_TRACE] Group:1 Prob:0.45810 Alpha:0.50093
[MOE_TRACE] Group:2 Prob:0.86625 Alpha:0.50086
[MOE_TRACE] Group:2 Prob:0.86625 Alpha:0.50086
[MOE_TRACE] Group:0 Prob:0.87905 Alpha:0.50028
[MOE_TRACE] Group:1 Prob:0.45810 Alpha:0.50093
[MOE_TRACE] Group:2 Prob:0.86625 Alpha:0.50086
[MOE_TRACE] Group:0 Prob:0.87905 Alpha:0.50028
[MOE_TRACE] Group:1 Prob:0.45810 Alpha:0.50093
[MOE_TRACE] Group:2 Prob:0.86625 Alpha:0.50086
[MOE_TRACE] Group:0 Prob:0.88493 Alpha:0.50028
[MOE_TRACE] Group:1 Prob:0.45084 Alpha:0.50094
[MOE_TRACE] Group:2 Prob:0.86360 Alpha:0.50087
[MOE_TRACE] Group:0 Prob:0.88493 Alpha:0.50028
[MOE_TRACE] Group:1 Prob:0.45084 Alpha:0.50094
[MOE_TRACE] Group:2 Prob:0.86360 Alpha:0.50087
[MOE_TRACE] Group:0 Prob:0.88493 Alpha:0.50028
[MOE_TRACE] Group:1 Prob:0.45084 Alpha:0.50094
[MOE_TRACE] Group:2 Prob:0.86857 Alpha:0.50087
[MOE_TRACE] Group:0 Prob:0.88493 Alpha:0.50028
[MOE_TRACE] Group:1 Prob:0.45084 Alpha:0.50094
[MOE_TRACE] Group:2 Prob:0.86857 Alpha:0.50087
[MOE_TRACE] Group:0 Prob:0.87510 Alpha:0.50029
[MOE_TRACE] Group:1 Prob:0.45025 Alpha:0.50094
[MOE_TRACE] Group:2 Prob:0.85950 Alpha:0.50087
[MOE_TRACE] Group:0 Prob:0.87510 Alpha:0.50029
[MOE_TRACE] Group:1 Prob:0.45025 Alpha:0.50094
[MOE_TRACE] Group:2 Prob:0.86348 Alpha:0.50087
[MOE_TRACE] Group:0 Prob:0.87510 Alpha:0.50029
[MOE_TRACE] Group:1 Prob:0.45025 Alpha:0.50094
[MOE_TRACE] Group:2 Prob:0.86348 Alpha:0.50087
[MOE_TRACE] Group:0 Prob:0.88515 Alpha:0.50029
[MOE_TRACE] Group:1 Prob:0.45645 Alpha:0.50095
[MOE_TRACE] Group:2 Prob:0.86118 Alpha:0.50087
[MOE_TRACE] Group:0 Prob:0.88515 Alpha:0.50029
[MOE_TRACE] Group:1 Prob:0.45645 Alpha:0.50095
[MOE_TRACE] Group:2 Prob:0.86118 Alpha:0.50087
[MOE_TRACE] Group:0 Prob:0.88515 Alpha:0.50029
[MOE_TRACE] Group:1 Prob:0.45645 Alpha:0.50095
[MOE_TRACE] Group:2 Prob:0.86118 Alpha:0.50087
[MOE_TRACE] Group:0 Prob:0.88515 Alpha:0.50029
[MOE_TRACE] Group:1 Prob:0.45645 Alpha:0.50095
[MOE_TRACE] Group:2 Prob:0.86118 Alpha:0.50087
[MOE_TRACE] Group:0 Prob:0.88506 Alpha:0.50029
[MOE_TRACE] Group:1 Prob:0.45265 Alpha:0.50095
[MOE_TRACE] Group:2 Prob:0.86099 Alpha:0.50087
[MOE_TRACE] Group:0 Prob:0.88506 Alpha:0.50029
[MOE_TRACE] Group:1 Prob:0.45265 Alpha:0.50095
[MOE_TRACE] Group:2 Prob:0.86099 Alpha:0.50087
[MOE_TRACE] Group:0 Prob:0.88506 Alpha:0.50029[MOE_TRACE] Group:0 Prob:0.88506 Alpha:0.50029

[MOE_TRACE] Group:1 Prob:0.45265 Alpha:0.50095
[MOE_TRACE] Group:1 Prob:0.45265 Alpha:0.50095
[MOE_TRACE] Group:2 Prob:0.86099 Alpha:0.50087[MOE_TRACE] Group:2 Prob:0.86099 Alpha:0.50087

[MOE_TRACE] Group:0 Prob:0.88183 Alpha:0.50029
[MOE_TRACE] Group:1 Prob:0.45432 Alpha:0.50096
[MOE_TRACE] Group:2 Prob:0.86117 Alpha:0.50087
[MOE_TRACE] Group:0 Prob:0.88183 Alpha:0.50029
[MOE_TRACE] Group:1 Prob:0.45432 Alpha:0.50096
[MOE_TRACE] Group:2 Prob:0.86117 Alpha:0.50087
[MOE_TRACE] Group:0 Prob:0.88183 Alpha:0.50029
[MOE_TRACE] Group:1 Prob:0.45432 Alpha:0.50096
[MOE_TRACE] Group:2 Prob:0.86117 Alpha:0.50087
[MOE_TRACE] Group:0 Prob:0.88183 Alpha:0.50029
[MOE_TRACE] Group:1 Prob:0.45432 Alpha:0.50096
[MOE_TRACE] Group:2 Prob:0.86117 Alpha:0.50087
[MOE_TRACE] Group:0 Prob:0.88215 Alpha:0.50029
[MOE_TRACE] Group:1 Prob:0.45152 Alpha:0.50096
[MOE_TRACE] Group:2 Prob:0.86058 Alpha:0.50087
[MOE_TRACE] Group:0 Prob:0.88215 Alpha:0.50029[MOE_TRACE] Group:0 Prob:0.88215 Alpha:0.50029

[MOE_TRACE] Group:0 Prob:0.88215 Alpha:0.50029[MOE_TRACE] Group:1 Prob:0.45152 Alpha:0.50096

[MOE_TRACE] Group:1 Prob:0.45152 Alpha:0.50096
[MOE_TRACE] Group:2 Prob:0.86058 Alpha:0.50087
[MOE_TRACE] Group:1 Prob:0.45152 Alpha:0.50096
[MOE_TRACE] Group:2 Prob:0.86058 Alpha:0.50087
[MOE_TRACE] Group:2 Prob:0.86058 Alpha:0.50087
[MOE_TRACE] Group:0 Prob:0.88466 Alpha:0.50029
[MOE_TRACE] Group:1 Prob:0.44982 Alpha:0.50097
[MOE_TRACE] Group:2 Prob:0.86328 Alpha:0.50087
[MOE_TRACE] Group:0 Prob:0.88466 Alpha:0.50029
[MOE_TRACE] Group:1 Prob:0.44982 Alpha:0.50097
[MOE_TRACE] Group:2 Prob:0.86328 Alpha:0.50087
[MOE_TRACE] Group:0 Prob:0.88466 Alpha:0.50029
[MOE_TRACE] Group:1 Prob:0.44982 Alpha:0.50097
[MOE_TRACE] Group:2 Prob:0.85895 Alpha:0.50087
[MOE_TRACE] Group:0 Prob:0.88466 Alpha:0.50029
[MOE_TRACE] Group:1 Prob:0.44982 Alpha:0.50097
[MOE_TRACE] Group:2 Prob:0.85895 Alpha:0.50087
[MOE_TRACE] Group:0 Prob:0.87777 Alpha:0.50028
[MOE_TRACE] Group:0 Prob:0.87777 Alpha:0.50028
[MOE_TRACE] Group:1 Prob:0.45221 Alpha:0.50097
[MOE_TRACE] Group:1 Prob:0.45221 Alpha:0.50097
[MOE_TRACE] Group:2 Prob:0.86281 Alpha:0.50087
[MOE_TRACE] Group:2 Prob:0.86281 Alpha:0.50087
[MOE_TRACE] Group:0 Prob:0.87777 Alpha:0.50028
[MOE_TRACE] Group:1 Prob:0.45221 Alpha:0.50097
[MOE_TRACE] Group:2 Prob:0.86281 Alpha:0.50087
[MOE_TRACE] Group:0 Prob:0.87777 Alpha:0.50028
[MOE_TRACE] Group:1 Prob:0.45221 Alpha:0.50097
[MOE_TRACE] Group:2 Prob:0.86281 Alpha:0.50087
[MOE_TRACE] Group:0 Prob:0.88510 Alpha:0.50028
[MOE_TRACE] Group:1 Prob:0.44497 Alpha:0.50097
[MOE_TRACE] Group:2 Prob:0.85676 Alpha:0.50087
[MOE_TRACE] Group:0 Prob:0.88510 Alpha:0.50028
[MOE_TRACE] Group:1 Prob:0.44497 Alpha:0.50097
[MOE_TRACE] Group:2 Prob:0.85676 Alpha:0.50087
[MOE_TRACE] Group:0 Prob:0.88510 Alpha:0.50028
[MOE_TRACE] Group:1 Prob:0.44497 Alpha:0.50097
[MOE_TRACE] Group:2 Prob:0.85676 Alpha:0.50087
[MOE_TRACE] Group:0 Prob:0.88510 Alpha:0.50028
[MOE_TRACE] Group:1 Prob:0.44497 Alpha:0.50097
[MOE_TRACE] Group:2 Prob:0.85676 Alpha:0.50087
[MOE_TRACE] Group:0 Prob:0.88240 Alpha:0.50028
[MOE_TRACE] Group:1 Prob:0.45560 Alpha:0.50098
[MOE_TRACE] Group:2 Prob:0.86760 Alpha:0.50087
[MOE_TRACE] Group:0 Prob:0.88240 Alpha:0.50028
[MOE_TRACE] Group:1 Prob:0.45560 Alpha:0.50098
[MOE_TRACE] Group:2 Prob:0.86760 Alpha:0.50087
[MOE_TRACE] Group:0 Prob:0.88240 Alpha:0.50028
[MOE_TRACE] Group:1 Prob:0.45560 Alpha:0.50098
[MOE_TRACE] Group:2 Prob:0.86760 Alpha:0.50087
[MOE_TRACE] Group:0 Prob:0.88240 Alpha:0.50028
[MOE_TRACE] Group:1 Prob:0.45560 Alpha:0.50098
[MOE_TRACE] Group:2 Prob:0.86760 Alpha:0.50087
[MOE_TRACE] Group:0 Prob:0.88447 Alpha:0.50028
[MOE_TRACE] Group:1 Prob:0.44721 Alpha:0.50098
[MOE_TRACE] Group:2 Prob:0.85904 Alpha:0.50087
[MOE_TRACE] Group:0 Prob:0.88447 Alpha:0.50028
[MOE_TRACE] Group:1 Prob:0.44721 Alpha:0.50098
[MOE_TRACE] Group:2 Prob:0.85904 Alpha:0.50087
[MOE_TRACE] Group:0 Prob:0.88447 Alpha:0.50028
[MOE_TRACE] Group:1 Prob:0.44721 Alpha:0.50098
[MOE_TRACE] Group:2 Prob:0.85904 Alpha:0.50087
[MOE_TRACE] Group:0 Prob:0.88447 Alpha:0.50028
[MOE_TRACE] Group:1 Prob:0.44721 Alpha:0.50098
[MOE_TRACE] Group:2 Prob:0.85904 Alpha:0.50087
[MOE_TRACE] Group:0 Prob:0.88005 Alpha:0.50028
[MOE_TRACE] Group:1 Prob:0.45137 Alpha:0.50098
[MOE_TRACE] Group:2 Prob:0.86326 Alpha:0.50087
[MOE_TRACE] Group:0 Prob:0.88005 Alpha:0.50028
[MOE_TRACE] Group:1 Prob:0.45137 Alpha:0.50098
[MOE_TRACE] Group:2 Prob:0.86489 Alpha:0.50087
[MOE_TRACE] Group:0 Prob:0.88005 Alpha:0.50028
[MOE_TRACE] Group:1 Prob:0.45137 Alpha:0.50098
[MOE_TRACE] Group:2 Prob:0.86489 Alpha:0.50087
[MOE_TRACE] Group:0 Prob:0.88005 Alpha:0.50028
[MOE_TRACE] Group:1 Prob:0.45137 Alpha:0.50098
[MOE_TRACE] Group:2 Prob:0.86489 Alpha:0.50087
[MOE_TRACE] Group:0 Prob:0.88320 Alpha:0.50028
[MOE_TRACE] Group:1 Prob:0.45135 Alpha:0.50098
[MOE_TRACE] Group:2 Prob:0.86212 Alpha:0.50087
[MOE_TRACE] Group:0 Prob:0.88320 Alpha:0.50028
[MOE_TRACE] Group:0 Prob:0.88320 Alpha:0.50028
[MOE_TRACE] Group:1 Prob:0.45135 Alpha:0.50098
[MOE_TRACE] Group:2 Prob:0.86212 Alpha:0.50087
[MOE_TRACE] Group:1 Prob:0.45135 Alpha:0.50098
[MOE_TRACE] Group:2 Prob:0.86212 Alpha:0.50087
[MOE_TRACE] Group:0 Prob:0.88320 Alpha:0.50028
[MOE_TRACE] Group:1 Prob:0.45135 Alpha:0.50098
[MOE_TRACE] Group:2 Prob:0.86212 Alpha:0.50087
[MOE_TRACE] Group:0 Prob:0.88269 Alpha:0.50028
[MOE_TRACE] Group:1 Prob:0.45240 Alpha:0.50098
[MOE_TRACE] Group:2 Prob:0.86578 Alpha:0.50087
[MOE_TRACE] Group:0 Prob:0.88269 Alpha:0.50028
[MOE_TRACE] Group:1 Prob:0.45240 Alpha:0.50098
[MOE_TRACE] Group:2 Prob:0.86578 Alpha:0.50087
[MOE_TRACE] Group:0 Prob:0.88269 Alpha:0.50028
[MOE_TRACE] Group:0 Prob:0.88269 Alpha:0.50028
[MOE_TRACE] Group:1 Prob:0.45240 Alpha:0.50098
[MOE_TRACE] Group:1 Prob:0.45240 Alpha:0.50098[MOE_TRACE] Group:2 Prob:0.86578 Alpha:0.50087

[MOE_TRACE] Group:2 Prob:0.86578 Alpha:0.50087
[MOE_TRACE] Group:0 Prob:0.88296 Alpha:0.50028
[MOE_TRACE] Group:1 Prob:0.44498 Alpha:0.50099
[MOE_TRACE] Group:2 Prob:0.86399 Alpha:0.50087
[MOE_TRACE] Group:0 Prob:0.88296 Alpha:0.50028
[MOE_TRACE] Group:1 Prob:0.44498 Alpha:0.50099
[MOE_TRACE] Group:2 Prob:0.86399 Alpha:0.50087
[MOE_TRACE] Group:0 Prob:0.88296 Alpha:0.50028
[MOE_TRACE] Group:1 Prob:0.44498 Alpha:0.50099
[MOE_TRACE] Group:2 Prob:0.86399 Alpha:0.50087
[MOE_TRACE] Group:0 Prob:0.88296 Alpha:0.50028
[MOE_TRACE] Group:1 Prob:0.44498 Alpha:0.50099
[MOE_TRACE] Group:2 Prob:0.86399 Alpha:0.50087
[MOE_TRACE] Group:0 Prob:0.88365 Alpha:0.50028
[MOE_TRACE] Group:1 Prob:0.44842 Alpha:0.50099
[MOE_TRACE] Group:2 Prob:0.85990 Alpha:0.50087
[MOE_TRACE] Group:0 Prob:0.88365 Alpha:0.50028
[MOE_TRACE] Group:1 Prob:0.44842 Alpha:0.50099
[MOE_TRACE] Group:2 Prob:0.85990 Alpha:0.50087
[MOE_TRACE] Group:0 Prob:0.88365 Alpha:0.50028[MOE_TRACE] Group:0 Prob:0.88365 Alpha:0.50028

[MOE_TRACE] Group:1 Prob:0.44842 Alpha:0.50099
[MOE_TRACE] Group:1 Prob:0.44842 Alpha:0.50099
[MOE_TRACE] Group:2 Prob:0.85990 Alpha:0.50087
[MOE_TRACE] Group:2 Prob:0.85990 Alpha:0.50087
[MOE_TRACE] Group:0 Prob:0.88753 Alpha:0.50028
[MOE_TRACE] Group:0 Prob:0.88753 Alpha:0.50028
[MOE_TRACE] Group:1 Prob:0.44723 Alpha:0.50099
[MOE_TRACE] Group:1 Prob:0.44723 Alpha:0.50099
[MOE_TRACE] Group:2 Prob:0.86691 Alpha:0.50087
[MOE_TRACE] Group:2 Prob:0.86691 Alpha:0.50087
[MOE_TRACE] Group:0 Prob:0.88753 Alpha:0.50028
[MOE_TRACE] Group:1 Prob:0.44723 Alpha:0.50099
[MOE_TRACE] Group:2 Prob:0.86478 Alpha:0.50087
[MOE_TRACE] Group:0 Prob:0.88753 Alpha:0.50028
[MOE_TRACE] Group:1 Prob:0.44723 Alpha:0.50099
[MOE_TRACE] Group:2 Prob:0.86478 Alpha:0.50087
[MOE_TRACE] Group:0 Prob:0.88393 Alpha:0.50029
[MOE_TRACE] Group:1 Prob:0.44362 Alpha:0.50099
[MOE_TRACE] Group:2 Prob:0.86312 Alpha:0.50087
[MOE_TRACE] Group:0 Prob:0.88393 Alpha:0.50029
[MOE_TRACE] Group:1 Prob:0.44362 Alpha:0.50099
[MOE_TRACE] Group:2 Prob:0.86312 Alpha:0.50087
[MOE_TRACE] Group:0 Prob:0.88393 Alpha:0.50029
[MOE_TRACE] Group:1 Prob:0.44362 Alpha:0.50099
[MOE_TRACE] Group:2 Prob:0.86312 Alpha:0.50087
[MOE_TRACE] Group:0 Prob:0.88393 Alpha:0.50029
[MOE_TRACE] Group:1 Prob:0.44362 Alpha:0.50099
[MOE_TRACE] Group:2 Prob:0.86312 Alpha:0.50087
[MOE_TRACE] Group:0 Prob:0.88080 Alpha:0.50029
[MOE_TRACE] Group:1 Prob:0.44055 Alpha:0.50099
[MOE_TRACE] Group:2 Prob:0.86380 Alpha:0.50087
[MOE_TRACE] Group:0 Prob:0.88080 Alpha:0.50029
[MOE_TRACE] Group:1 Prob:0.44055 Alpha:0.50099
[MOE_TRACE] Group:2 Prob:0.86380 Alpha:0.50087
[MOE_TRACE] Group:0 Prob:0.88080 Alpha:0.50029
[MOE_TRACE] Group:1 Prob:0.44055 Alpha:0.50099
[MOE_TRACE] Group:2 Prob:0.86380 Alpha:0.50087
[MOE_TRACE] Group:0 Prob:0.88080 Alpha:0.50029
[MOE_TRACE] Group:1 Prob:0.44055 Alpha:0.50099
[MOE_TRACE] Group:2 Prob:0.86380 Alpha:0.50087
[MOE_TRACE] Group:0 Prob:0.87986 Alpha:0.50029
[MOE_TRACE] Group:1 Prob:0.43769 Alpha:0.50099
[MOE_TRACE] Group:0 Prob:0.87986 Alpha:0.50029
[MOE_TRACE] Group:2 Prob:0.86215 Alpha:0.50087
[MOE_TRACE] Group:1 Prob:0.43769 Alpha:0.50099
[MOE_TRACE] Group:2 Prob:0.86215 Alpha:0.50087
[MOE_TRACE] Group:0 Prob:0.87986 Alpha:0.50029
[MOE_TRACE] Group:1 Prob:0.43769 Alpha:0.50099
[MOE_TRACE] Group:2 Prob:0.86215 Alpha:0.50087
[MOE_TRACE] Group:0 Prob:0.87986 Alpha:0.50029
[MOE_TRACE] Group:1 Prob:0.43769 Alpha:0.50099
[MOE_TRACE] Group:2 Prob:0.86215 Alpha:0.50087
[MOE_TRACE] Group:0 Prob:0.87970 Alpha:0.50029
[MOE_TRACE] Group:1 Prob:0.43425 Alpha:0.50099
[MOE_TRACE] Group:2 Prob:0.86024 Alpha:0.50087
[MOE_TRACE] Group:0 Prob:0.87970 Alpha:0.50029
[MOE_TRACE] Group:1 Prob:0.43425 Alpha:0.50099
[MOE_TRACE] Group:2 Prob:0.86024 Alpha:0.50087
[MOE_TRACE] Group:0 Prob:0.87970 Alpha:0.50029
[MOE_TRACE] Group:1 Prob:0.43425 Alpha:0.50099
[MOE_TRACE] Group:2 Prob:0.86024 Alpha:0.50087
[MOE_TRACE] Group:0 Prob:0.87970 Alpha:0.50029
[MOE_TRACE] Group:1 Prob:0.43425 Alpha:0.50099
[MOE_TRACE] Group:2 Prob:0.86024 Alpha:0.50087
[MOE_TRACE] Group:0 Prob:0.88700 Alpha:0.50029
[MOE_TRACE] Group:1 Prob:0.44210 Alpha:0.50100
[MOE_TRACE] Group:2 Prob:0.86126 Alpha:0.50086
[MOE_TRACE] Group:0 Prob:0.88700 Alpha:0.50029
[MOE_TRACE] Group:0 Prob:0.88700 Alpha:0.50029[MOE_TRACE] Group:1 Prob:0.44210 Alpha:0.50100

[MOE_TRACE] Group:0 Prob:0.88700 Alpha:0.50029
[MOE_TRACE] Group:1 Prob:0.44210 Alpha:0.50100[MOE_TRACE] Group:2 Prob:0.86126 Alpha:0.50086

[MOE_TRACE] Group:1 Prob:0.44210 Alpha:0.50100
[MOE_TRACE] Group:2 Prob:0.86126 Alpha:0.50086
[MOE_TRACE] Group:2 Prob:0.86126 Alpha:0.50086
[MOE_TRACE] Group:0 Prob:0.87824 Alpha:0.50029
[MOE_TRACE] Group:1 Prob:0.44209 Alpha:0.50101
[MOE_TRACE] Group:2 Prob:0.86334 Alpha:0.50087
[MOE_TRACE] Group:0 Prob:0.87824 Alpha:0.50029
[MOE_TRACE] Group:1 Prob:0.44209 Alpha:0.50101
[MOE_TRACE] Group:2 Prob:0.86334 Alpha:0.50087
[MOE_TRACE] Group:0 Prob:0.87824 Alpha:0.50029
[MOE_TRACE] Group:1 Prob:0.44209 Alpha:0.50101
[MOE_TRACE] Group:2 Prob:0.86334 Alpha:0.50087
[MOE_TRACE] Group:0 Prob:0.87824 Alpha:0.50029
[MOE_TRACE] Group:1 Prob:0.44209 Alpha:0.50101
[MOE_TRACE] Group:2 Prob:0.86334 Alpha:0.50087
[MOE_TRACE] Group:0 Prob:0.88514 Alpha:0.50029
[MOE_TRACE] Group:1 Prob:0.43446 Alpha:0.50102
[MOE_TRACE] Group:2 Prob:0.86026 Alpha:0.50087
[MOE_TRACE] Group:0 Prob:0.88514 Alpha:0.50029
[MOE_TRACE] Group:1 Prob:0.43446 Alpha:0.50102
[MOE_TRACE] Group:2 Prob:0.86035 Alpha:0.50087
[MOE_TRACE] Group:0 Prob:0.88514 Alpha:0.50029
[MOE_TRACE] Group:1 Prob:0.43446 Alpha:0.50102
[MOE_TRACE] Group:2 Prob:0.86035 Alpha:0.50087
[MOE_TRACE] Group:0 Prob:0.88514 Alpha:0.50029
[MOE_TRACE] Group:1 Prob:0.43446 Alpha:0.50102
[MOE_TRACE] Group:2 Prob:0.86035 Alpha:0.50087
[MOE_TRACE] Group:0 Prob:0.87897 Alpha:0.50029
[MOE_TRACE] Group:1 Prob:0.43877 Alpha:0.50103
[MOE_TRACE] Group:2 Prob:0.86115 Alpha:0.50087
[MOE_TRACE] Group:0 Prob:0.87897 Alpha:0.50029
[MOE_TRACE] Group:1 Prob:0.43877 Alpha:0.50103
[MOE_TRACE] Group:2 Prob:0.86115 Alpha:0.50087
[MOE_TRACE] Group:0 Prob:0.87897 Alpha:0.50029
[MOE_TRACE] Group:1 Prob:0.43877 Alpha:0.50103
[MOE_TRACE] Group:2 Prob:0.86115 Alpha:0.50087
[MOE_TRACE] Group:0 Prob:0.87897 Alpha:0.50029
[MOE_TRACE] Group:1 Prob:0.43877 Alpha:0.50103
[MOE_TRACE] Group:2 Prob:0.86115 Alpha:0.50087
[MOE_TRACE] Group:0 Prob:0.88052 Alpha:0.50030
[MOE_TRACE] Group:1 Prob:0.43329 Alpha:0.50103
[MOE_TRACE] Group:0 Prob:0.88052 Alpha:0.50030
[MOE_TRACE] Group:2 Prob:0.85905 Alpha:0.50088
[MOE_TRACE] Group:1 Prob:0.43329 Alpha:0.50103
[MOE_TRACE] Group:0 Prob:0.88052 Alpha:0.50030
[MOE_TRACE] Group:2 Prob:0.86071 Alpha:0.50088
[MOE_TRACE] Group:1 Prob:0.43329 Alpha:0.50103
[MOE_TRACE] Group:2 Prob:0.86071 Alpha:0.50088
[MOE_TRACE] Group:0 Prob:0.88052 Alpha:0.50030
[MOE_TRACE] Group:1 Prob:0.43329 Alpha:0.50103
[MOE_TRACE] Group:2 Prob:0.86071 Alpha:0.50088
[MOE_TRACE] Group:0 Prob:0.87895 Alpha:0.50031
[MOE_TRACE] Group:1 Prob:0.42810 Alpha:0.50104
[MOE_TRACE] Group:2 Prob:0.86035 Alpha:0.50088
[MOE_TRACE] Group:0 Prob:0.87895 Alpha:0.50031
[MOE_TRACE] Group:1 Prob:0.42810 Alpha:0.50104
[MOE_TRACE] Group:0 Prob:0.87895 Alpha:0.50031
[MOE_TRACE] Group:2 Prob:0.86035 Alpha:0.50088
[MOE_TRACE] Group:1 Prob:0.42810 Alpha:0.50104
[MOE_TRACE] Group:2 Prob:0.86035 Alpha:0.50088
[MOE_TRACE] Group:0 Prob:0.87895 Alpha:0.50031
[MOE_TRACE] Group:1 Prob:0.42810 Alpha:0.50104
[MOE_TRACE] Group:2 Prob:0.86035 Alpha:0.50088
[MOE_TRACE] Group:0 Prob:0.87410 Alpha:0.50031
[MOE_TRACE] Group:1 Prob:0.42645 Alpha:0.50105
[MOE_TRACE] Group:2 Prob:0.85840 Alpha:0.50087
[MOE_TRACE] Group:0 Prob:0.87410 Alpha:0.50031
[MOE_TRACE] Group:1 Prob:0.42645 Alpha:0.50105
[MOE_TRACE] Group:2 Prob:0.85840 Alpha:0.50087
[MOE_TRACE] Group:0 Prob:0.87410 Alpha:0.50031
[MOE_TRACE] Group:0 Prob:0.87410 Alpha:0.50031[MOE_TRACE] Group:1 Prob:0.42645 Alpha:0.50105

[MOE_TRACE] Group:1 Prob:0.42645 Alpha:0.50105[MOE_TRACE] Group:2 Prob:0.85840 Alpha:0.50087

[MOE_TRACE] Group:2 Prob:0.85840 Alpha:0.50087
[MOE_TRACE] Group:0 Prob:0.87759 Alpha:0.50031
[MOE_TRACE] Group:1 Prob:0.43465 Alpha:0.50106
[MOE_TRACE] Group:2 Prob:0.85971 Alpha:0.50087
[MOE_TRACE] Group:0 Prob:0.87759 Alpha:0.50031
[MOE_TRACE] Group:1 Prob:0.43465 Alpha:0.50106
[MOE_TRACE] Group:2 Prob:0.85971 Alpha:0.50087
[MOE_TRACE] Group:0 Prob:0.87759 Alpha:0.50031
[MOE_TRACE] Group:1 Prob:0.43465 Alpha:0.50106
[MOE_TRACE] Group:2 Prob:0.85971 Alpha:0.50087
[MOE_TRACE] Group:0 Prob:0.87759 Alpha:0.50031
[MOE_TRACE] Group:1 Prob:0.43465 Alpha:0.50106
[MOE_TRACE] Group:2 Prob:0.85971 Alpha:0.50087
[MOE_TRACE] Group:0 Prob:0.87572 Alpha:0.50031
[MOE_TRACE] Group:1 Prob:0.43040 Alpha:0.50106
[MOE_TRACE] Group:2 Prob:0.86124 Alpha:0.50087
[MOE_TRACE] Group:0 Prob:0.87572 Alpha:0.50031
[MOE_TRACE] Group:1 Prob:0.43040 Alpha:0.50106
[MOE_TRACE] Group:2 Prob:0.86124 Alpha:0.50087
[MOE_TRACE] Group:0 Prob:0.87572 Alpha:0.50031
[MOE_TRACE] Group:1 Prob:0.43040 Alpha:0.50106
[MOE_TRACE] Group:2 Prob:0.86181 Alpha:0.50087
[MOE_TRACE] Group:0 Prob:0.87572 Alpha:0.50031
[MOE_TRACE] Group:1 Prob:0.43040 Alpha:0.50106
[MOE_TRACE] Group:2 Prob:0.86181 Alpha:0.50087
[MOE_TRACE] Group:0 Prob:0.87348 Alpha:0.50031
[MOE_TRACE] Group:0 Prob:0.87348 Alpha:0.50031[MOE_TRACE] Group:0 Prob:0.87348 Alpha:0.50031

[MOE_TRACE] Group:1 Prob:0.43308 Alpha:0.50108
[MOE_TRACE] Group:1 Prob:0.43308 Alpha:0.50108[MOE_TRACE] Group:1 Prob:0.43308 Alpha:0.50108

[MOE_TRACE] Group:2 Prob:0.85881 Alpha:0.50087
[MOE_TRACE] Group:2 Prob:0.85881 Alpha:0.50087
[MOE_TRACE] Group:2 Prob:0.85881 Alpha:0.50087
[MOE_TRACE] Group:0 Prob:0.87348 Alpha:0.50031
[MOE_TRACE] Group:1 Prob:0.43308 Alpha:0.50108
[MOE_TRACE] Group:2 Prob:0.85881 Alpha:0.50087
[MOE_TRACE] Group:0 Prob:0.87914 Alpha:0.50031
[MOE_TRACE] Group:1 Prob:0.43670 Alpha:0.50108
[MOE_TRACE] Group:0 Prob:0.87914 Alpha:0.50031
[MOE_TRACE] Group:1 Prob:0.43670 Alpha:0.50108
[MOE_TRACE] Group:2 Prob:0.86220 Alpha:0.50087
[MOE_TRACE] Group:2 Prob:0.86220 Alpha:0.50087
[MOE_TRACE] Group:0 Prob:0.87914 Alpha:0.50031
[MOE_TRACE] Group:1 Prob:0.43670 Alpha:0.50108
[MOE_TRACE] Group:2 Prob:0.86185 Alpha:0.50087
[MOE_TRACE] Group:0 Prob:0.87914 Alpha:0.50031
[MOE_TRACE] Group:1 Prob:0.43670 Alpha:0.50108
[MOE_TRACE] Group:2 Prob:0.86185 Alpha:0.50087
[MOE_TRACE] Group:0 Prob:0.87405 Alpha:0.50032
[MOE_TRACE] Group:1 Prob:0.44026 Alpha:0.50109
[MOE_TRACE] Group:0 Prob:0.87405 Alpha:0.50032
[MOE_TRACE] Group:2 Prob:0.85985 Alpha:0.50087
[MOE_TRACE] Group:1 Prob:0.44026 Alpha:0.50109
[MOE_TRACE] Group:2 Prob:0.85985 Alpha:0.50087
[MOE_TRACE] Group:0 Prob:0.87405 Alpha:0.50032
[MOE_TRACE] Group:1 Prob:0.44026 Alpha:0.50109
[MOE_TRACE] Group:2 Prob:0.85985 Alpha:0.50087
[MOE_TRACE] Group:0 Prob:0.87405 Alpha:0.50032
[MOE_TRACE] Group:1 Prob:0.44026 Alpha:0.50109
[MOE_TRACE] Group:2 Prob:0.85985 Alpha:0.50087
[MOE_TRACE] Group:0 Prob:0.87583 Alpha:0.50032
[MOE_TRACE] Group:1 Prob:0.42909 Alpha:0.50110
[MOE_TRACE] Group:0 Prob:0.87583 Alpha:0.50032
[MOE_TRACE] Group:2 Prob:0.85737 Alpha:0.50087
[MOE_TRACE] Group:0 Prob:0.87583 Alpha:0.50032
[MOE_TRACE] Group:1 Prob:0.42909 Alpha:0.50110
[MOE_TRACE] Group:1 Prob:0.42909 Alpha:0.50110[MOE_TRACE] Group:2 Prob:0.85737 Alpha:0.50087

[MOE_TRACE] Group:2 Prob:0.85737 Alpha:0.50087
[MOE_TRACE] Group:0 Prob:0.87583 Alpha:0.50032
[MOE_TRACE] Group:1 Prob:0.42909 Alpha:0.50110
[MOE_TRACE] Group:2 Prob:0.86380 Alpha:0.50087
[MOE_TRACE] Group:0 Prob:0.87288 Alpha:0.50033
[MOE_TRACE] Group:0 Prob:0.87288 Alpha:0.50033[MOE_TRACE] Group:1 Prob:0.42649 Alpha:0.50111

[MOE_TRACE] Group:1 Prob:0.42649 Alpha:0.50111
[MOE_TRACE] Group:2 Prob:0.86228 Alpha:0.50087
[MOE_TRACE] Group:2 Prob:0.86228 Alpha:0.50087
[MOE_TRACE] Group:0 Prob:0.87288 Alpha:0.50033
[MOE_TRACE] Group:1 Prob:0.42649 Alpha:0.50111
[MOE_TRACE] Group:0 Prob:0.87288 Alpha:0.50033
[MOE_TRACE] Group:1 Prob:0.42649 Alpha:0.50111
[MOE_TRACE] Group:2 Prob:0.86228 Alpha:0.50087
[MOE_TRACE] Group:2 Prob:0.86228 Alpha:0.50087
[MOE_TRACE] Group:0 Prob:0.87168 Alpha:0.50033
[MOE_TRACE] Group:1 Prob:0.42550 Alpha:0.50111
[MOE_TRACE] Group:2 Prob:0.86101 Alpha:0.50087
[MOE_TRACE] Group:0 Prob:0.87168 Alpha:0.50033
[MOE_TRACE] Group:1 Prob:0.42550 Alpha:0.50111
[MOE_TRACE] Group:2 Prob:0.85783 Alpha:0.50087
[MOE_TRACE] Group:0 Prob:0.87168 Alpha:0.50033
[MOE_TRACE] Group:1 Prob:0.42550 Alpha:0.50111
[MOE_TRACE] Group:2 Prob:0.85783 Alpha:0.50087
[MOE_TRACE] Group:0 Prob:0.87168 Alpha:0.50033
[MOE_TRACE] Group:1 Prob:0.42550 Alpha:0.50111
[MOE_TRACE] Group:2 Prob:0.85783 Alpha:0.50087
[MOE_TRACE] Group:0 Prob:0.87908 Alpha:0.50033
[MOE_TRACE] Group:0 Prob:0.87908 Alpha:0.50033
[MOE_TRACE] Group:1 Prob:0.42316 Alpha:0.50111
[MOE_TRACE] Group:2 Prob:0.86083 Alpha:0.50087
[MOE_TRACE] Group:1 Prob:0.42316 Alpha:0.50111
[MOE_TRACE] Group:2 Prob:0.86083 Alpha:0.50087
[MOE_TRACE] Group:0 Prob:0.87908 Alpha:0.50033
[MOE_TRACE] Group:0 Prob:0.87908 Alpha:0.50033
[MOE_TRACE] Group:1 Prob:0.42316 Alpha:0.50111
[MOE_TRACE] Group:1 Prob:0.42316 Alpha:0.50111
[MOE_TRACE] Group:2 Prob:0.86083 Alpha:0.50087
[MOE_TRACE] Group:2 Prob:0.86083 Alpha:0.50087
[MOE_TRACE] Group:0 Prob:0.86642 Alpha:0.50033
[MOE_TRACE] Group:1 Prob:0.42692 Alpha:0.50112
[MOE_TRACE] Group:2 Prob:0.86097 Alpha:0.50087
[MOE_TRACE] Group:0 Prob:0.86642 Alpha:0.50033
[MOE_TRACE] Group:1 Prob:0.42692 Alpha:0.50112
[MOE_TRACE] Group:2 Prob:0.86097 Alpha:0.50087
[MOE_TRACE] Group:0 Prob:0.86642 Alpha:0.50033
[MOE_TRACE] Group:1 Prob:0.42692 Alpha:0.50112
[MOE_TRACE] Group:2 Prob:0.86097 Alpha:0.50087
[MOE_TRACE] Group:0 Prob:0.86642 Alpha:0.50033
[MOE_TRACE] Group:1 Prob:0.42692 Alpha:0.50112
[MOE_TRACE] Group:2 Prob:0.86097 Alpha:0.50087
[MOE_TRACE] Group:0 Prob:0.87044 Alpha:0.50033
[MOE_TRACE] Group:1 Prob:0.42414 Alpha:0.50112
[MOE_TRACE] Group:2 Prob:0.85911 Alpha:0.50087
[MOE_TRACE] Group:0 Prob:0.87044 Alpha:0.50033
[MOE_TRACE] Group:1 Prob:0.42414 Alpha:0.50112
[MOE_TRACE] Group:2 Prob:0.85911 Alpha:0.50087
[MOE_TRACE] Group:0 Prob:0.87044 Alpha:0.50033
[MOE_TRACE] Group:1 Prob:0.42414 Alpha:0.50112
[MOE_TRACE] Group:2 Prob:0.85911 Alpha:0.50087
[MOE_TRACE] Group:0 Prob:0.87044 Alpha:0.50033
[MOE_TRACE] Group:1 Prob:0.42414 Alpha:0.50112
[MOE_TRACE] Group:2 Prob:0.85911 Alpha:0.50087
[MOE_TRACE] Group:0 Prob:0.87485 Alpha:0.50033
[MOE_TRACE] Group:1 Prob:0.42965 Alpha:0.50113
[MOE_TRACE] Group:2 Prob:0.86106 Alpha:0.50088
[MOE_TRACE] Group:0 Prob:0.87485 Alpha:0.50033
[MOE_TRACE] Group:1 Prob:0.42965 Alpha:0.50113
[MOE_TRACE] Group:2 Prob:0.86106 Alpha:0.50088
[MOE_TRACE] Group:0 Prob:0.87485 Alpha:0.50033
[MOE_TRACE] Group:1 Prob:0.42965 Alpha:0.50113
[MOE_TRACE] Group:0 Prob:0.87485 Alpha:0.50033[MOE_TRACE] Group:2 Prob:0.86106 Alpha:0.50088

[MOE_TRACE] Group:1 Prob:0.42965 Alpha:0.50113
[MOE_TRACE] Group:2 Prob:0.86106 Alpha:0.50088
[MOE_TRACE] Group:0 Prob:0.87393 Alpha:0.50033
[MOE_TRACE] Group:1 Prob:0.41422 Alpha:0.50113
[MOE_TRACE] Group:0 Prob:0.87393 Alpha:0.50033
[MOE_TRACE] Group:1 Prob:0.41422 Alpha:0.50113
[MOE_TRACE] Group:0 Prob:0.87393 Alpha:0.50033
[MOE_TRACE] Group:1 Prob:0.41422 Alpha:0.50113
[MOE_TRACE] Group:2 Prob:0.85960 Alpha:0.50088
[MOE_TRACE] Group:2 Prob:0.85960 Alpha:0.50088
[MOE_TRACE] Group:2 Prob:0.85960 Alpha:0.50088
[MOE_TRACE] Group:0 Prob:0.87393 Alpha:0.50033
[MOE_TRACE] Group:1 Prob:0.41422 Alpha:0.50113
[MOE_TRACE] Group:2 Prob:0.85960 Alpha:0.50088
[MOE_TRACE] Group:0 Prob:0.87402 Alpha:0.50034
[MOE_TRACE] Group:0 Prob:0.87402 Alpha:0.50034
[MOE_TRACE] Group:1 Prob:0.42638 Alpha:0.50114
[MOE_TRACE] Group:1 Prob:0.42638 Alpha:0.50114
[MOE_TRACE] Group:2 Prob:0.86313 Alpha:0.50088
[MOE_TRACE] Group:2 Prob:0.86313 Alpha:0.50088
[MOE_TRACE] Group:0 Prob:0.87402 Alpha:0.50034
[MOE_TRACE] Group:1 Prob:0.42638 Alpha:0.50114
[MOE_TRACE] Group:2 Prob:0.86313 Alpha:0.50088
[MOE_TRACE] Group:0 Prob:0.87402 Alpha:0.50034
[MOE_TRACE] Group:1 Prob:0.42638 Alpha:0.50114
[MOE_TRACE] Group:2 Prob:0.86313 Alpha:0.50088
[MOE_TRACE] Group:0 Prob:0.86987 Alpha:0.50035
[MOE_TRACE] Group:1 Prob:0.41785 Alpha:0.50114
[MOE_TRACE] Group:2 Prob:0.85341 Alpha:0.50088
[MOE_TRACE] Group:0 Prob:0.86987 Alpha:0.50035
[MOE_TRACE] Group:0 Prob:0.86987 Alpha:0.50035
[MOE_TRACE] Group:0 Prob:0.86987 Alpha:0.50035
[MOE_TRACE] Group:1 Prob:0.41785 Alpha:0.50114
[MOE_TRACE] Group:1 Prob:0.41785 Alpha:0.50114
[MOE_TRACE] Group:2 Prob:0.85341 Alpha:0.50088
[MOE_TRACE] Group:2 Prob:0.85341 Alpha:0.50088
[MOE_TRACE] Group:1 Prob:0.41785 Alpha:0.50114
[MOE_TRACE] Group:2 Prob:0.85341 Alpha:0.50088
[MOE_TRACE] Group:0 Prob:0.87863 Alpha:0.50036
[MOE_TRACE] Group:0 Prob:0.87863 Alpha:0.50036[MOE_TRACE] Group:1 Prob:0.42193 Alpha:0.50115

[MOE_TRACE] Group:2 Prob:0.85760 Alpha:0.50087
[MOE_TRACE] Group:1 Prob:0.42193 Alpha:0.50115
[MOE_TRACE] Group:2 Prob:0.85701 Alpha:0.50087
[MOE_TRACE] Group:0 Prob:0.87863 Alpha:0.50036
[MOE_TRACE] Group:1 Prob:0.42193 Alpha:0.50115
[MOE_TRACE] Group:2 Prob:0.85701 Alpha:0.50087
[MOE_TRACE] Group:0 Prob:0.87863 Alpha:0.50036
[MOE_TRACE] Group:1 Prob:0.42193 Alpha:0.50115
[MOE_TRACE] Group:2 Prob:0.85701 Alpha:0.50087
[MOE_TRACE] Group:0 Prob:0.86665 Alpha:0.50036
[MOE_TRACE] Group:0 Prob:0.86665 Alpha:0.50036
[MOE_TRACE] Group:1 Prob:0.41970 Alpha:0.50116[MOE_TRACE] Group:1 Prob:0.41970 Alpha:0.50116

[MOE_TRACE] Group:0 Prob:0.86665 Alpha:0.50036
[MOE_TRACE] Group:1 Prob:0.41970 Alpha:0.50116
[MOE_TRACE] Group:2 Prob:0.86190 Alpha:0.50087
[MOE_TRACE] Group:0 Prob:0.86665 Alpha:0.50036
[MOE_TRACE] Group:1 Prob:0.41970 Alpha:0.50116
[MOE_TRACE] Group:2 Prob:0.86190 Alpha:0.50087
[MOE_TRACE] Group:0 Prob:0.86902 Alpha:0.50036
[MOE_TRACE] Group:1 Prob:0.43057 Alpha:0.50117
[MOE_TRACE] Group:2 Prob:0.85908 Alpha:0.50088
[MOE_TRACE] Group:0 Prob:0.86902 Alpha:0.50036
[MOE_TRACE] Group:1 Prob:0.43057 Alpha:0.50117
[MOE_TRACE] Group:2 Prob:0.85908 Alpha:0.50088
[MOE_TRACE] Group:0 Prob:0.86902 Alpha:0.50036
[MOE_TRACE] Group:1 Prob:0.43057 Alpha:0.50117
[MOE_TRACE] Group:2 Prob:0.85908 Alpha:0.50088
[MOE_TRACE] Group:0 Prob:0.86902 Alpha:0.50036
[MOE_TRACE] Group:1 Prob:0.43057 Alpha:0.50117
[MOE_TRACE] Group:2 Prob:0.85908 Alpha:0.50088
[MOE_TRACE] Group:0 Prob:0.86700 Alpha:0.50036
[MOE_TRACE] Group:0 Prob:0.86700 Alpha:0.50036
[MOE_TRACE] Group:1 Prob:0.42363 Alpha:0.50117
[MOE_TRACE] Group:1 Prob:0.42363 Alpha:0.50117
[MOE_TRACE] Group:2 Prob:0.86203 Alpha:0.50088
[MOE_TRACE] Group:2 Prob:0.86203 Alpha:0.50088
[MOE_TRACE] Group:0 Prob:0.86700 Alpha:0.50036
[MOE_TRACE] Group:1 Prob:0.42363 Alpha:0.50117
[MOE_TRACE] Group:2 Prob:0.86203 Alpha:0.50088
[MOE_TRACE] Group:0 Prob:0.86700 Alpha:0.50036
[MOE_TRACE] Group:1 Prob:0.42363 Alpha:0.50117
[MOE_TRACE] Group:2 Prob:0.86203 Alpha:0.50088
	iters: 100, epoch: 3 | loss: 0.2503840
	speed: 4.5764s/iter; left time: 4928.7505s
[MOE_TRACE] Group:0 Prob:0.86307 Alpha:0.50036[MOE_TRACE] Group:0 Prob:0.86307 Alpha:0.50036

[MOE_TRACE] Group:0 Prob:0.86307 Alpha:0.50036
[MOE_TRACE] Group:1 Prob:0.43419 Alpha:0.50118
[MOE_TRACE] Group:1 Prob:0.43419 Alpha:0.50118
[MOE_TRACE] Group:1 Prob:0.43419 Alpha:0.50118
[MOE_TRACE] Group:2 Prob:0.86035 Alpha:0.50088
[MOE_TRACE] Group:2 Prob:0.86035 Alpha:0.50088
[MOE_TRACE] Group:2 Prob:0.86035 Alpha:0.50088
[MOE_TRACE] Group:0 Prob:0.86307 Alpha:0.50036
[MOE_TRACE] Group:1 Prob:0.43419 Alpha:0.50118
[MOE_TRACE] Group:2 Prob:0.86035 Alpha:0.50088
[MOE_TRACE] Group:0 Prob:0.86599 Alpha:0.50036
[MOE_TRACE] Group:1 Prob:0.42220 Alpha:0.50119
[MOE_TRACE] Group:2 Prob:0.85782 Alpha:0.50088
[MOE_TRACE] Group:0 Prob:0.86599 Alpha:0.50036
[MOE_TRACE] Group:1 Prob:0.42220 Alpha:0.50119
[MOE_TRACE] Group:2 Prob:0.85782 Alpha:0.50088
[MOE_TRACE] Group:0 Prob:0.86599 Alpha:0.50036
[MOE_TRACE] Group:0 Prob:0.86599 Alpha:0.50036[MOE_TRACE] Group:1 Prob:0.42220 Alpha:0.50119

[MOE_TRACE] Group:1 Prob:0.42220 Alpha:0.50119[MOE_TRACE] Group:2 Prob:0.85782 Alpha:0.50088

[MOE_TRACE] Group:2 Prob:0.85782 Alpha:0.50088
[MOE_TRACE] Group:0 Prob:0.86537 Alpha:0.50037
[MOE_TRACE] Group:1 Prob:0.43086 Alpha:0.50120
[MOE_TRACE] Group:0 Prob:0.86537 Alpha:0.50037
[MOE_TRACE] Group:2 Prob:0.85616 Alpha:0.50088
[MOE_TRACE] Group:1 Prob:0.43086 Alpha:0.50120
[MOE_TRACE] Group:0 Prob:0.86537 Alpha:0.50037
[MOE_TRACE] Group:2 Prob:0.85616 Alpha:0.50088
[MOE_TRACE] Group:1 Prob:0.43086 Alpha:0.50120
[MOE_TRACE] Group:2 Prob:0.85616 Alpha:0.50088
[MOE_TRACE] Group:0 Prob:0.86537 Alpha:0.50037
[MOE_TRACE] Group:1 Prob:0.43086 Alpha:0.50120
[MOE_TRACE] Group:2 Prob:0.85616 Alpha:0.50088
[MOE_TRACE] Group:0 Prob:0.86238 Alpha:0.50037
[MOE_TRACE] Group:1 Prob:0.42112 Alpha:0.50121
[MOE_TRACE] Group:2 Prob:0.85958 Alpha:0.50088
[MOE_TRACE] Group:0 Prob:0.86238 Alpha:0.50037
[MOE_TRACE] Group:1 Prob:0.43072 Alpha:0.50121
[MOE_TRACE] Group:2 Prob:0.85219 Alpha:0.50088
[MOE_TRACE] Group:0 Prob:0.86238 Alpha:0.50037
[MOE_TRACE] Group:1 Prob:0.43072 Alpha:0.50121
[MOE_TRACE] Group:2 Prob:0.85219 Alpha:0.50088
[MOE_TRACE] Group:0 Prob:0.86238 Alpha:0.50037
[MOE_TRACE] Group:1 Prob:0.43072 Alpha:0.50121
[MOE_TRACE] Group:2 Prob:0.85219 Alpha:0.50088
[MOE_TRACE] Group:0 Prob:0.86863 Alpha:0.50036
[MOE_TRACE] Group:1 Prob:0.42994 Alpha:0.50121
[MOE_TRACE] Group:2 Prob:0.86078 Alpha:0.50088
[MOE_TRACE] Group:0 Prob:0.86863 Alpha:0.50036
[MOE_TRACE] Group:1 Prob:0.42994 Alpha:0.50121
[MOE_TRACE] Group:2 Prob:0.86078 Alpha:0.50088
[MOE_TRACE] Group:0 Prob:0.86863 Alpha:0.50036
[MOE_TRACE] Group:1 Prob:0.42994 Alpha:0.50121
[MOE_TRACE] Group:2 Prob:0.85869 Alpha:0.50088
[MOE_TRACE] Group:0 Prob:0.86863 Alpha:0.50036
[MOE_TRACE] Group:1 Prob:0.42994 Alpha:0.50121
[MOE_TRACE] Group:2 Prob:0.85869 Alpha:0.50088
[MOE_TRACE] Group:0 Prob:0.86986 Alpha:0.50037
[MOE_TRACE] Group:1 Prob:0.41996 Alpha:0.50122
[MOE_TRACE] Group:2 Prob:0.85429 Alpha:0.50088
[MOE_TRACE] Group:0 Prob:0.86986 Alpha:0.50037
[MOE_TRACE] Group:0 Prob:0.86986 Alpha:0.50037
[MOE_TRACE] Group:1 Prob:0.41996 Alpha:0.50122
[MOE_TRACE] Group:1 Prob:0.41996 Alpha:0.50122
[MOE_TRACE] Group:2 Prob:0.85429 Alpha:0.50088
[MOE_TRACE] Group:0 Prob:0.86986 Alpha:0.50037[MOE_TRACE] Group:2 Prob:0.85429 Alpha:0.50088

[MOE_TRACE] Group:1 Prob:0.41996 Alpha:0.50122
[MOE_TRACE] Group:2 Prob:0.85429 Alpha:0.50088
[MOE_TRACE] Group:0 Prob:0.86530 Alpha:0.50037
[MOE_TRACE] Group:0 Prob:0.86530 Alpha:0.50037
[MOE_TRACE] Group:1 Prob:0.40559 Alpha:0.50122
[MOE_TRACE] Group:1 Prob:0.40559 Alpha:0.50122
[MOE_TRACE] Group:2 Prob:0.85637 Alpha:0.50088
[MOE_TRACE] Group:0 Prob:0.86530 Alpha:0.50037
[MOE_TRACE] Group:2 Prob:0.85637 Alpha:0.50088
[MOE_TRACE] Group:1 Prob:0.40559 Alpha:0.50122
[MOE_TRACE] Group:2 Prob:0.85637 Alpha:0.50088
[MOE_TRACE] Group:0 Prob:0.86530 Alpha:0.50037
[MOE_TRACE] Group:1 Prob:0.40559 Alpha:0.50122
[MOE_TRACE] Group:2 Prob:0.85637 Alpha:0.50088
[MOE_TRACE] Group:0 Prob:0.85958 Alpha:0.50037
[MOE_TRACE] Group:0 Prob:0.85958 Alpha:0.50037
[MOE_TRACE] Group:0 Prob:0.86936 Alpha:0.50037
[MOE_TRACE] Group:1 Prob:0.41558 Alpha:0.50122
[MOE_TRACE] Group:2 Prob:0.85554 Alpha:0.50089
[MOE_TRACE] Group:0 Prob:0.86936 Alpha:0.50037
[MOE_TRACE] Group:1 Prob:0.41558 Alpha:0.50122
[MOE_TRACE] Group:2 Prob:0.85554 Alpha:0.50089
[MOE_TRACE] Group:0 Prob:0.86174 Alpha:0.50037
[MOE_TRACE] Group:0 Prob:0.86174 Alpha:0.50037[MOE_TRACE] Group:0 Prob:0.86174 Alpha:0.50037

[MOE_TRACE] Group:1 Prob:0.41676 Alpha:0.50123
[MOE_TRACE] Group:2 Prob:0.85166 Alpha:0.50089
[MOE_TRACE] Group:1 Prob:0.41676 Alpha:0.50123
[MOE_TRACE] Group:2 Prob:0.85166 Alpha:0.50089
[MOE_TRACE] Group:1 Prob:0.41676 Alpha:0.50123
[MOE_TRACE] Group:2 Prob:0.85158 Alpha:0.50089
[MOE_TRACE] Group:0 Prob:0.86174 Alpha:0.50037
[MOE_TRACE] Group:1 Prob:0.41676 Alpha:0.50123
[MOE_TRACE] Group:2 Prob:0.85158 Alpha:0.50089
[MOE_TRACE] Group:0 Prob:0.87781 Alpha:0.50037
[MOE_TRACE] Group:1 Prob:0.41740 Alpha:0.50123
[MOE_TRACE] Group:2 Prob:0.85274 Alpha:0.50089
[MOE_TRACE] Group:0 Prob:0.87781 Alpha:0.50037
[MOE_TRACE] Group:1 Prob:0.41740 Alpha:0.50123
[MOE_TRACE] Group:2 Prob:0.85274 Alpha:0.50089
[MOE_TRACE] Group:0 Prob:0.87781 Alpha:0.50037
[MOE_TRACE] Group:1 Prob:0.41740 Alpha:0.50123
[MOE_TRACE] Group:2 Prob:0.85274 Alpha:0.50089
[MOE_TRACE] Group:0 Prob:0.87781 Alpha:0.50037
[MOE_TRACE] Group:1 Prob:0.41740 Alpha:0.50123
[MOE_TRACE] Group:2 Prob:0.85274 Alpha:0.50089
[MOE_TRACE] Group:0 Prob:0.87146 Alpha:0.50037
[MOE_TRACE] Group:1 Prob:0.42054 Alpha:0.50124
[MOE_TRACE] Group:0 Prob:0.87146 Alpha:0.50037
[MOE_TRACE] Group:0 Prob:0.87146 Alpha:0.50037
[MOE_TRACE] Group:1 Prob:0.42054 Alpha:0.50124
[MOE_TRACE] Group:2 Prob:0.85585 Alpha:0.50090
[MOE_TRACE] Group:1 Prob:0.42054 Alpha:0.50124
[MOE_TRACE] Group:0 Prob:0.87146 Alpha:0.50037
[MOE_TRACE] Group:2 Prob:0.85585 Alpha:0.50090[MOE_TRACE] Group:2 Prob:0.85585 Alpha:0.50090

[MOE_TRACE] Group:1 Prob:0.42054 Alpha:0.50124
[MOE_TRACE] Group:2 Prob:0.85585 Alpha:0.50090
[MOE_TRACE] Group:0 Prob:0.85505 Alpha:0.50037
[MOE_TRACE] Group:1 Prob:0.43113 Alpha:0.50125
[MOE_TRACE] Group:0 Prob:0.85505 Alpha:0.50037
[MOE_TRACE] Group:2 Prob:0.85319 Alpha:0.50090
[MOE_TRACE] Group:1 Prob:0.43113 Alpha:0.50125
[MOE_TRACE] Group:2 Prob:0.85319 Alpha:0.50090
[MOE_TRACE] Group:0 Prob:0.85505 Alpha:0.50037
[MOE_TRACE] Group:0 Prob:0.85505 Alpha:0.50037
[MOE_TRACE] Group:1 Prob:0.43113 Alpha:0.50125
[MOE_TRACE] Group:1 Prob:0.43113 Alpha:0.50125
[MOE_TRACE] Group:2 Prob:0.85319 Alpha:0.50090
[MOE_TRACE] Group:2 Prob:0.85319 Alpha:0.50090
[MOE_TRACE] Group:0 Prob:0.86537 Alpha:0.50037
[MOE_TRACE] Group:1 Prob:0.41527 Alpha:0.50125
[MOE_TRACE] Group:2 Prob:0.85541 Alpha:0.50090
[MOE_TRACE] Group:0 Prob:0.86537 Alpha:0.50037
[MOE_TRACE] Group:1 Prob:0.41390 Alpha:0.50125
[MOE_TRACE] Group:2 Prob:0.84950 Alpha:0.50090
[MOE_TRACE] Group:0 Prob:0.86537 Alpha:0.50037
[MOE_TRACE] Group:1 Prob:0.41390 Alpha:0.50125
[MOE_TRACE] Group:2 Prob:0.84950 Alpha:0.50090
[MOE_TRACE] Group:0 Prob:0.86537 Alpha:0.50037
[MOE_TRACE] Group:1 Prob:0.41390 Alpha:0.50125
[MOE_TRACE] Group:2 Prob:0.84950 Alpha:0.50090
[MOE_TRACE] Group:0 Prob:0.86331 Alpha:0.50037
[MOE_TRACE] Group:1 Prob:0.40800 Alpha:0.50126
[MOE_TRACE] Group:2 Prob:0.84471 Alpha:0.50089
[MOE_TRACE] Group:0 Prob:0.86331 Alpha:0.50037
[MOE_TRACE] Group:0 Prob:0.86331 Alpha:0.50037
[MOE_TRACE] Group:0 Prob:0.86331 Alpha:0.50037
[MOE_TRACE] Group:1 Prob:0.40800 Alpha:0.50126
[MOE_TRACE] Group:1 Prob:0.40800 Alpha:0.50126[MOE_TRACE] Group:2 Prob:0.84471 Alpha:0.50089

[MOE_TRACE] Group:1 Prob:0.40800 Alpha:0.50126
[MOE_TRACE] Group:2 Prob:0.84471 Alpha:0.50089
[MOE_TRACE] Group:2 Prob:0.84471 Alpha:0.50089
[MOE_TRACE] Group:0 Prob:0.85765 Alpha:0.50038
[MOE_TRACE] Group:1 Prob:0.41322 Alpha:0.50127
[MOE_TRACE] Group:2 Prob:0.85177 Alpha:0.50089
[MOE_TRACE] Group:0 Prob:0.85765 Alpha:0.50038
[MOE_TRACE] Group:1 Prob:0.41322 Alpha:0.50127
[MOE_TRACE] Group:0 Prob:0.85765 Alpha:0.50038
[MOE_TRACE] Group:2 Prob:0.85177 Alpha:0.50089
[MOE_TRACE] Group:0 Prob:0.85765 Alpha:0.50038
[MOE_TRACE] Group:1 Prob:0.41322 Alpha:0.50127
[MOE_TRACE] Group:1 Prob:0.41322 Alpha:0.50127
[MOE_TRACE] Group:2 Prob:0.85177 Alpha:0.50089
[MOE_TRACE] Group:2 Prob:0.85177 Alpha:0.50089
[MOE_TRACE] Group:0 Prob:0.86916 Alpha:0.50038
[MOE_TRACE] Group:0 Prob:0.86916 Alpha:0.50038
[MOE_TRACE] Group:1 Prob:0.41602 Alpha:0.50127
[MOE_TRACE] Group:1 Prob:0.41602 Alpha:0.50127
[MOE_TRACE] Group:2 Prob:0.85741 Alpha:0.50089
[MOE_TRACE] Group:2 Prob:0.85741 Alpha:0.50089
[MOE_TRACE] Group:0 Prob:0.86916 Alpha:0.50038
[MOE_TRACE] Group:1 Prob:0.41602 Alpha:0.50127
[MOE_TRACE] Group:2 Prob:0.85741 Alpha:0.50089
[MOE_TRACE] Group:0 Prob:0.86916 Alpha:0.50038
[MOE_TRACE] Group:1 Prob:0.41602 Alpha:0.50127
[MOE_TRACE] Group:2 Prob:0.85741 Alpha:0.50089
[MOE_TRACE] Group:0 Prob:0.85692 Alpha:0.50038
[MOE_TRACE] Group:0 Prob:0.85692 Alpha:0.50038
[MOE_TRACE] Group:0 Prob:0.85692 Alpha:0.50038
[MOE_TRACE] Group:1 Prob:0.41580 Alpha:0.50128
[MOE_TRACE] Group:1 Prob:0.41580 Alpha:0.50128
[MOE_TRACE] Group:1 Prob:0.41580 Alpha:0.50128[MOE_TRACE] Group:2 Prob:0.86047 Alpha:0.50089

[MOE_TRACE] Group:2 Prob:0.86047 Alpha:0.50089
[MOE_TRACE] Group:2 Prob:0.86047 Alpha:0.50089
[MOE_TRACE] Group:0 Prob:0.85692 Alpha:0.50038
[MOE_TRACE] Group:1 Prob:0.41580 Alpha:0.50128
[MOE_TRACE] Group:2 Prob:0.86047 Alpha:0.50089
[MOE_TRACE] Group:0 Prob:0.85974 Alpha:0.50038
[MOE_TRACE] Group:0 Prob:0.85974 Alpha:0.50038
[MOE_TRACE] Group:1 Prob:0.41912 Alpha:0.50129
[MOE_TRACE] Group:0 Prob:0.85974 Alpha:0.50038
[MOE_TRACE] Group:2 Prob:0.85105 Alpha:0.50089
[MOE_TRACE] Group:1 Prob:0.41912 Alpha:0.50129
[MOE_TRACE] Group:1 Prob:0.41912 Alpha:0.50129
[MOE_TRACE] Group:2 Prob:0.85105 Alpha:0.50089
[MOE_TRACE] Group:0 Prob:0.85974 Alpha:0.50038
[MOE_TRACE] Group:2 Prob:0.85105 Alpha:0.50089
[MOE_TRACE] Group:1 Prob:0.41912 Alpha:0.50129
[MOE_TRACE] Group:2 Prob:0.85105 Alpha:0.50089
[MOE_TRACE] Group:0 Prob:0.86496 Alpha:0.50038
[MOE_TRACE] Group:1 Prob:0.41334 Alpha:0.50129
[MOE_TRACE] Group:2 Prob:0.85098 Alpha:0.50089
[MOE_TRACE] Group:0 Prob:0.86496 Alpha:0.50038
[MOE_TRACE] Group:0 Prob:0.86496 Alpha:0.50038
[MOE_TRACE] Group:1 Prob:0.41334 Alpha:0.50129
[MOE_TRACE] Group:1 Prob:0.41334 Alpha:0.50129[MOE_TRACE] Group:2 Prob:0.85212 Alpha:0.50089

[MOE_TRACE] Group:2 Prob:0.85212 Alpha:0.50089
[MOE_TRACE] Group:0 Prob:0.86496 Alpha:0.50038
[MOE_TRACE] Group:1 Prob:0.41334 Alpha:0.50129
[MOE_TRACE] Group:2 Prob:0.85212 Alpha:0.50089
[MOE_TRACE] Group:0 Prob:0.85856 Alpha:0.50038
[MOE_TRACE] Group:1 Prob:0.40723 Alpha:0.50130
[MOE_TRACE] Group:2 Prob:0.85082 Alpha:0.50090
[MOE_TRACE] Group:0 Prob:0.87038 Alpha:0.50038
[MOE_TRACE] Group:0 Prob:0.87038 Alpha:0.50038
[MOE_TRACE] Group:0 Prob:0.87038 Alpha:0.50038
[MOE_TRACE] Group:1 Prob:0.40597 Alpha:0.50130
[MOE_TRACE] Group:1 Prob:0.40597 Alpha:0.50130[MOE_TRACE] Group:2 Prob:0.85314 Alpha:0.50090

[MOE_TRACE] Group:1 Prob:0.40597 Alpha:0.50130
[MOE_TRACE] Group:2 Prob:0.85314 Alpha:0.50090
[MOE_TRACE] Group:2 Prob:0.85314 Alpha:0.50090
[MOE_TRACE] Group:0 Prob:0.87038 Alpha:0.50038
[MOE_TRACE] Group:1 Prob:0.40597 Alpha:0.50130
[MOE_TRACE] Group:2 Prob:0.85314 Alpha:0.50090
[MOE_TRACE] Group:0 Prob:0.86573 Alpha:0.50038
[MOE_TRACE] Group:1 Prob:0.40980 Alpha:0.50130
[MOE_TRACE] Group:2 Prob:0.84845 Alpha:0.50090
[MOE_TRACE] Group:0 Prob:0.86573 Alpha:0.50038
[MOE_TRACE] Group:1 Prob:0.40980 Alpha:0.50130
[MOE_TRACE] Group:2 Prob:0.84845 Alpha:0.50090
[MOE_TRACE] Group:0 Prob:0.86573 Alpha:0.50038
[MOE_TRACE] Group:1 Prob:0.40980 Alpha:0.50130
[MOE_TRACE] Group:2 Prob:0.84845 Alpha:0.50090
[MOE_TRACE] Group:0 Prob:0.86573 Alpha:0.50038
[MOE_TRACE] Group:1 Prob:0.40980 Alpha:0.50130
[MOE_TRACE] Group:2 Prob:0.84845 Alpha:0.50090
[MOE_TRACE] Group:0 Prob:0.86126 Alpha:0.50038
[MOE_TRACE] Group:1 Prob:0.40839 Alpha:0.50130
[MOE_TRACE] Group:2 Prob:0.85296 Alpha:0.50090
[MOE_TRACE] Group:0 Prob:0.86126 Alpha:0.50038
[MOE_TRACE] Group:1 Prob:0.40839 Alpha:0.50130
[MOE_TRACE] Group:2 Prob:0.85296 Alpha:0.50090
[MOE_TRACE] Group:0 Prob:0.86126 Alpha:0.50038
[MOE_TRACE] Group:1 Prob:0.40839 Alpha:0.50130
[MOE_TRACE] Group:2 Prob:0.85296 Alpha:0.50090
[MOE_TRACE] Group:0 Prob:0.86126 Alpha:0.50038
[MOE_TRACE] Group:1 Prob:0.40839 Alpha:0.50130
[MOE_TRACE] Group:2 Prob:0.85296 Alpha:0.50090
[MOE_TRACE] Group:0 Prob:0.87062 Alpha:0.50038
[MOE_TRACE] Group:1 Prob:0.40732 Alpha:0.50131
[MOE_TRACE] Group:2 Prob:0.85947 Alpha:0.50089
[MOE_TRACE] Group:0 Prob:0.87062 Alpha:0.50038
[MOE_TRACE] Group:1 Prob:0.40732 Alpha:0.50131
[MOE_TRACE] Group:2 Prob:0.85947 Alpha:0.50089
[MOE_TRACE] Group:0 Prob:0.87062 Alpha:0.50038
[MOE_TRACE] Group:0 Prob:0.87062 Alpha:0.50038
[MOE_TRACE] Group:1 Prob:0.40732 Alpha:0.50131
[MOE_TRACE] Group:2 Prob:0.85947 Alpha:0.50089
[MOE_TRACE] Group:1 Prob:0.40732 Alpha:0.50131
[MOE_TRACE] Group:2 Prob:0.85947 Alpha:0.50089
[MOE_TRACE] Group:0 Prob:0.86529 Alpha:0.50038
[MOE_TRACE] Group:1 Prob:0.41215 Alpha:0.50131
[MOE_TRACE] Group:2 Prob:0.84737 Alpha:0.50089
[MOE_TRACE] Group:0 Prob:0.86529 Alpha:0.50038
[MOE_TRACE] Group:1 Prob:0.41215 Alpha:0.50131
[MOE_TRACE] Group:2 Prob:0.84737 Alpha:0.50089
[MOE_TRACE] Group:0 Prob:0.86529 Alpha:0.50038
[MOE_TRACE] Group:1 Prob:0.41215 Alpha:0.50131
[MOE_TRACE] Group:2 Prob:0.84737 Alpha:0.50089
[MOE_TRACE] Group:0 Prob:0.86529 Alpha:0.50038
[MOE_TRACE] Group:1 Prob:0.41215 Alpha:0.50131
[MOE_TRACE] Group:2 Prob:0.84737 Alpha:0.50089
[MOE_TRACE] Group:0 Prob:0.86629 Alpha:0.50037[MOE_TRACE] Group:0 Prob:0.86629 Alpha:0.50037

[MOE_TRACE] Group:1 Prob:0.41508 Alpha:0.50131
[MOE_TRACE] Group:1 Prob:0.41508 Alpha:0.50131
[MOE_TRACE] Group:2 Prob:0.85646 Alpha:0.50089
[MOE_TRACE] Group:2 Prob:0.85646 Alpha:0.50089
[MOE_TRACE] Group:0 Prob:0.86629 Alpha:0.50037
[MOE_TRACE] Group:1 Prob:0.41508 Alpha:0.50131
[MOE_TRACE] Group:2 Prob:0.85026 Alpha:0.50089
[MOE_TRACE] Group:0 Prob:0.86629 Alpha:0.50037
[MOE_TRACE] Group:1 Prob:0.41508 Alpha:0.50131
[MOE_TRACE] Group:2 Prob:0.85026 Alpha:0.50089
[MOE_TRACE] Group:0 Prob:0.86794 Alpha:0.50037[MOE_TRACE] Group:0 Prob:0.86794 Alpha:0.50037

[MOE_TRACE] Group:0 Prob:0.86794 Alpha:0.50037
[MOE_TRACE] Group:1 Prob:0.41058 Alpha:0.50132
[MOE_TRACE] Group:2 Prob:0.85132 Alpha:0.50090
[MOE_TRACE] Group:1 Prob:0.41058 Alpha:0.50132[MOE_TRACE] Group:1 Prob:0.41058 Alpha:0.50132

[MOE_TRACE] Group:2 Prob:0.84881 Alpha:0.50090
[MOE_TRACE] Group:2 Prob:0.84881 Alpha:0.50090
[MOE_TRACE] Group:0 Prob:0.86794 Alpha:0.50037
[MOE_TRACE] Group:1 Prob:0.41058 Alpha:0.50132
[MOE_TRACE] Group:2 Prob:0.84881 Alpha:0.50090
[MOE_TRACE] Group:0 Prob:0.86198 Alpha:0.50037
[MOE_TRACE] Group:0 Prob:0.86198 Alpha:0.50037[MOE_TRACE] Group:1 Prob:0.41743 Alpha:0.50133

[MOE_TRACE] Group:1 Prob:0.41743 Alpha:0.50133
[MOE_TRACE] Group:2 Prob:0.84546 Alpha:0.50091
[MOE_TRACE] Group:2 Prob:0.84546 Alpha:0.50091
[MOE_TRACE] Group:0 Prob:0.86198 Alpha:0.50037
[MOE_TRACE] Group:1 Prob:0.41743 Alpha:0.50133
[MOE_TRACE] Group:2 Prob:0.84546 Alpha:0.50091
[MOE_TRACE] Group:0 Prob:0.86198 Alpha:0.50037
[MOE_TRACE] Group:1 Prob:0.41743 Alpha:0.50133
[MOE_TRACE] Group:2 Prob:0.84546 Alpha:0.50091
[MOE_TRACE] Group:0 Prob:0.86979 Alpha:0.50037
[MOE_TRACE] Group:0 Prob:0.86979 Alpha:0.50037[MOE_TRACE] Group:1 Prob:0.41048 Alpha:0.50134

[MOE_TRACE] Group:2 Prob:0.85067 Alpha:0.50091
[MOE_TRACE] Group:1 Prob:0.41048 Alpha:0.50134
[MOE_TRACE] Group:2 Prob:0.85067 Alpha:0.50091
[MOE_TRACE] Group:0 Prob:0.86979 Alpha:0.50037
[MOE_TRACE] Group:1 Prob:0.41048 Alpha:0.50134
[MOE_TRACE] Group:2 Prob:0.85067 Alpha:0.50091
[MOE_TRACE] Group:0 Prob:0.86979 Alpha:0.50037
[MOE_TRACE] Group:1 Prob:0.41048 Alpha:0.50134
[MOE_TRACE] Group:2 Prob:0.85067 Alpha:0.50091
[MOE_TRACE] Group:0 Prob:0.86318 Alpha:0.50037
[MOE_TRACE] Group:0 Prob:0.86318 Alpha:0.50037
[MOE_TRACE] Group:0 Prob:0.86318 Alpha:0.50037
[MOE_TRACE] Group:1 Prob:0.41550 Alpha:0.50135
[MOE_TRACE] Group:2 Prob:0.84724 Alpha:0.50092
[MOE_TRACE] Group:1 Prob:0.41550 Alpha:0.50135
[MOE_TRACE] Group:1 Prob:0.41550 Alpha:0.50135
[MOE_TRACE] Group:2 Prob:0.84724 Alpha:0.50092
[MOE_TRACE] Group:0 Prob:0.86318 Alpha:0.50037[MOE_TRACE] Group:2 Prob:0.84724 Alpha:0.50092

[MOE_TRACE] Group:1 Prob:0.41550 Alpha:0.50135
[MOE_TRACE] Group:2 Prob:0.84724 Alpha:0.50092
[MOE_TRACE] Group:0 Prob:0.86587 Alpha:0.50037
[MOE_TRACE] Group:1 Prob:0.41009 Alpha:0.50136
[MOE_TRACE] Group:2 Prob:0.84341 Alpha:0.50092
[MOE_TRACE] Group:0 Prob:0.87683 Alpha:0.50037
[MOE_TRACE] Group:0 Prob:0.87683 Alpha:0.50037
[MOE_TRACE] Group:1 Prob:0.40027 Alpha:0.50136
[MOE_TRACE] Group:1 Prob:0.40027 Alpha:0.50136
[MOE_TRACE] Group:0 Prob:0.87683 Alpha:0.50037
[MOE_TRACE] Group:0 Prob:0.87683 Alpha:0.50037
[MOE_TRACE] Group:2 Prob:0.84800 Alpha:0.50092
[MOE_TRACE] Group:2 Prob:0.84800 Alpha:0.50092
[MOE_TRACE] Group:1 Prob:0.40027 Alpha:0.50136
[MOE_TRACE] Group:1 Prob:0.40027 Alpha:0.50136
[MOE_TRACE] Group:2 Prob:0.84800 Alpha:0.50092
[MOE_TRACE] Group:2 Prob:0.84800 Alpha:0.50092
[MOE_TRACE] Group:0 Prob:0.86212 Alpha:0.50037
[MOE_TRACE] Group:0 Prob:0.86212 Alpha:0.50037
[MOE_TRACE] Group:0 Prob:0.86212 Alpha:0.50037
[MOE_TRACE] Group:0 Prob:0.86212 Alpha:0.50037
[MOE_TRACE] Group:1 Prob:0.41041 Alpha:0.50137
[MOE_TRACE] Group:1 Prob:0.41041 Alpha:0.50137
[MOE_TRACE] Group:1 Prob:0.41041 Alpha:0.50137
[MOE_TRACE] Group:2 Prob:0.84518 Alpha:0.50091
[MOE_TRACE] Group:1 Prob:0.41041 Alpha:0.50137
[MOE_TRACE] Group:2 Prob:0.84518 Alpha:0.50091
[MOE_TRACE] Group:2 Prob:0.84518 Alpha:0.50091
[MOE_TRACE] Group:2 Prob:0.84518 Alpha:0.50091
[MOE_TRACE] Group:0 Prob:0.87103 Alpha:0.50037
[MOE_TRACE] Group:0 Prob:0.87103 Alpha:0.50037
[MOE_TRACE] Group:1 Prob:0.40792 Alpha:0.50137
[MOE_TRACE] Group:2 Prob:0.85399 Alpha:0.50091
[MOE_TRACE] Group:0 Prob:0.87034 Alpha:0.50038
[MOE_TRACE] Group:0 Prob:0.87034 Alpha:0.50038
[MOE_TRACE] Group:0 Prob:0.87034 Alpha:0.50038
[MOE_TRACE] Group:1 Prob:0.40539 Alpha:0.50137
[MOE_TRACE] Group:1 Prob:0.40539 Alpha:0.50137
[MOE_TRACE] Group:1 Prob:0.40539 Alpha:0.50137
[MOE_TRACE] Group:2 Prob:0.84818 Alpha:0.50090
[MOE_TRACE] Group:2 Prob:0.84818 Alpha:0.50090[MOE_TRACE] Group:2 Prob:0.84818 Alpha:0.50090

[MOE_TRACE] Group:0 Prob:0.87034 Alpha:0.50038
[MOE_TRACE] Group:1 Prob:0.40539 Alpha:0.50137
[MOE_TRACE] Group:2 Prob:0.84818 Alpha:0.50090
[MOE_TRACE] Group:0 Prob:0.86215 Alpha:0.50038
[MOE_TRACE] Group:1 Prob:0.41769 Alpha:0.50137
[MOE_TRACE] Group:0 Prob:0.86215 Alpha:0.50038
[MOE_TRACE] Group:1 Prob:0.41769 Alpha:0.50137
[MOE_TRACE] Group:0 Prob:0.86215 Alpha:0.50038
[MOE_TRACE] Group:2 Prob:0.85212 Alpha:0.50090
[MOE_TRACE] Group:2 Prob:0.85212 Alpha:0.50090
[MOE_TRACE] Group:1 Prob:0.41769 Alpha:0.50137
[MOE_TRACE] Group:2 Prob:0.85212 Alpha:0.50090
[MOE_TRACE] Group:0 Prob:0.86215 Alpha:0.50038
[MOE_TRACE] Group:1 Prob:0.41769 Alpha:0.50137
[MOE_TRACE] Group:2 Prob:0.85014 Alpha:0.50090
[MOE_TRACE] Group:0 Prob:0.84862 Alpha:0.50039
[MOE_TRACE] Group:0 Prob:0.84862 Alpha:0.50039
[MOE_TRACE] Group:1 Prob:0.40837 Alpha:0.50137
[MOE_TRACE] Group:1 Prob:0.40837 Alpha:0.50137[MOE_TRACE] Group:2 Prob:0.85493 Alpha:0.50089

[MOE_TRACE] Group:2 Prob:0.85493 Alpha:0.50089
[MOE_TRACE] Group:0 Prob:0.84862 Alpha:0.50039
[MOE_TRACE] Group:1 Prob:0.40837 Alpha:0.50137
[MOE_TRACE] Group:2 Prob:0.85493 Alpha:0.50089
[MOE_TRACE] Group:0 Prob:0.84862 Alpha:0.50039
[MOE_TRACE] Group:1 Prob:0.40837 Alpha:0.50137
[MOE_TRACE] Group:2 Prob:0.85493 Alpha:0.50089
[MOE_TRACE] Group:0 Prob:0.85703 Alpha:0.50040
[MOE_TRACE] Group:1 Prob:0.41853 Alpha:0.50137
[MOE_TRACE] Group:2 Prob:0.85244 Alpha:0.50089
[MOE_TRACE] Group:0 Prob:0.85703 Alpha:0.50040
[MOE_TRACE] Group:1 Prob:0.41853 Alpha:0.50137
[MOE_TRACE] Group:0 Prob:0.85703 Alpha:0.50040
[MOE_TRACE] Group:1 Prob:0.41853 Alpha:0.50137
[MOE_TRACE] Group:2 Prob:0.85244 Alpha:0.50089
[MOE_TRACE] Group:2 Prob:0.85244 Alpha:0.50089
[MOE_TRACE] Group:0 Prob:0.85703 Alpha:0.50040
[MOE_TRACE] Group:1 Prob:0.41853 Alpha:0.50137
[MOE_TRACE] Group:2 Prob:0.85244 Alpha:0.50089
[MOE_TRACE] Group:0 Prob:0.85302 Alpha:0.50040
[MOE_TRACE] Group:0 Prob:0.85302 Alpha:0.50040
[MOE_TRACE] Group:1 Prob:0.41486 Alpha:0.50137
[MOE_TRACE] Group:1 Prob:0.41486 Alpha:0.50137
[MOE_TRACE] Group:2 Prob:0.85474 Alpha:0.50089
[MOE_TRACE] Group:2 Prob:0.85474 Alpha:0.50089
[MOE_TRACE] Group:0 Prob:0.85302 Alpha:0.50040
[MOE_TRACE] Group:1 Prob:0.41486 Alpha:0.50137
[MOE_TRACE] Group:2 Prob:0.85474 Alpha:0.50089
[MOE_TRACE] Group:0 Prob:0.85302 Alpha:0.50040
[MOE_TRACE] Group:1 Prob:0.41486 Alpha:0.50137
[MOE_TRACE] Group:2 Prob:0.85474 Alpha:0.50089
[MOE_TRACE] Group:0 Prob:0.85435 Alpha:0.50041
[MOE_TRACE] Group:1 Prob:0.39702 Alpha:0.50137
[MOE_TRACE] Group:2 Prob:0.84598 Alpha:0.50090
[MOE_TRACE] Group:0 Prob:0.85435 Alpha:0.50041
[MOE_TRACE] Group:1 Prob:0.39702 Alpha:0.50137
[MOE_TRACE] Group:2 Prob:0.85414 Alpha:0.50090
[MOE_TRACE] Group:0 Prob:0.85435 Alpha:0.50041
[MOE_TRACE] Group:1 Prob:0.39702 Alpha:0.50137
[MOE_TRACE] Group:2 Prob:0.85414 Alpha:0.50090
[MOE_TRACE] Group:0 Prob:0.85435 Alpha:0.50041
[MOE_TRACE] Group:1 Prob:0.39702 Alpha:0.50137
[MOE_TRACE] Group:2 Prob:0.85414 Alpha:0.50090
[MOE_TRACE] Group:0 Prob:0.85389 Alpha:0.50041
[MOE_TRACE] Group:1 Prob:0.40853 Alpha:0.50138
[MOE_TRACE] Group:0 Prob:0.85389 Alpha:0.50041
[MOE_TRACE] Group:2 Prob:0.84893 Alpha:0.50090
[MOE_TRACE] Group:1 Prob:0.40853 Alpha:0.50138
[MOE_TRACE] Group:0 Prob:0.85389 Alpha:0.50041
[MOE_TRACE] Group:2 Prob:0.84893 Alpha:0.50090
[MOE_TRACE] Group:1 Prob:0.40853 Alpha:0.50138
[MOE_TRACE] Group:2 Prob:0.84893 Alpha:0.50090
[MOE_TRACE] Group:0 Prob:0.85389 Alpha:0.50041
[MOE_TRACE] Group:1 Prob:0.40853 Alpha:0.50138
[MOE_TRACE] Group:2 Prob:0.84893 Alpha:0.50090
[MOE_TRACE] Group:0 Prob:0.84903 Alpha:0.50042
[MOE_TRACE] Group:1 Prob:0.40493 Alpha:0.50138
[MOE_TRACE] Group:0 Prob:0.84903 Alpha:0.50042
[MOE_TRACE] Group:2 Prob:0.85108 Alpha:0.50090
[MOE_TRACE] Group:1 Prob:0.40493 Alpha:0.50138
[MOE_TRACE] Group:2 Prob:0.85108 Alpha:0.50090
[MOE_TRACE] Group:0 Prob:0.84903 Alpha:0.50042
[MOE_TRACE] Group:1 Prob:0.40493 Alpha:0.50138
[MOE_TRACE] Group:2 Prob:0.84883 Alpha:0.50090
[MOE_TRACE] Group:0 Prob:0.84903 Alpha:0.50042
[MOE_TRACE] Group:1 Prob:0.40493 Alpha:0.50138
[MOE_TRACE] Group:2 Prob:0.84883 Alpha:0.50090
[MOE_TRACE] Group:0 Prob:0.84764 Alpha:0.50043
[MOE_TRACE] Group:0 Prob:0.84764 Alpha:0.50043
[MOE_TRACE] Group:0 Prob:0.84764 Alpha:0.50043
[MOE_TRACE] Group:1 Prob:0.39636 Alpha:0.50138
[MOE_TRACE] Group:1 Prob:0.39636 Alpha:0.50138
[MOE_TRACE] Group:2 Prob:0.85010 Alpha:0.50089
[MOE_TRACE] Group:1 Prob:0.39636 Alpha:0.50138
[MOE_TRACE] Group:2 Prob:0.85010 Alpha:0.50089
[MOE_TRACE] Group:2 Prob:0.85010 Alpha:0.50089
[MOE_TRACE] Group:0 Prob:0.84764 Alpha:0.50043
[MOE_TRACE] Group:1 Prob:0.39636 Alpha:0.50138
[MOE_TRACE] Group:2 Prob:0.85010 Alpha:0.50089
[MOE_TRACE] Group:0 Prob:0.85490 Alpha:0.50043
[MOE_TRACE] Group:0 Prob:0.85490 Alpha:0.50043
[MOE_TRACE] Group:0 Prob:0.85490 Alpha:0.50043
[MOE_TRACE] Group:1 Prob:0.40705 Alpha:0.50139
[MOE_TRACE] Group:1 Prob:0.40705 Alpha:0.50139
[MOE_TRACE] Group:1 Prob:0.40705 Alpha:0.50139
[MOE_TRACE] Group:2 Prob:0.85135 Alpha:0.50090
[MOE_TRACE] Group:2 Prob:0.85135 Alpha:0.50090
[MOE_TRACE] Group:2 Prob:0.85135 Alpha:0.50090
[MOE_TRACE] Group:0 Prob:0.85490 Alpha:0.50043
[MOE_TRACE] Group:1 Prob:0.40705 Alpha:0.50139
[MOE_TRACE] Group:2 Prob:0.85135 Alpha:0.50090
[MOE_TRACE] Group:0 Prob:0.84481 Alpha:0.50044
[MOE_TRACE] Group:1 Prob:0.39945 Alpha:0.50139
[MOE_TRACE] Group:2 Prob:0.85087 Alpha:0.50090
[MOE_TRACE] Group:0 Prob:0.84481 Alpha:0.50044
[MOE_TRACE] Group:1 Prob:0.39945 Alpha:0.50139
[MOE_TRACE] Group:2 Prob:0.85172 Alpha:0.50090
[MOE_TRACE] Group:0 Prob:0.84481 Alpha:0.50044
[MOE_TRACE] Group:1 Prob:0.39945 Alpha:0.50139
[MOE_TRACE] Group:2 Prob:0.85172 Alpha:0.50090
[MOE_TRACE] Group:0 Prob:0.84481 Alpha:0.50044
[MOE_TRACE] Group:1 Prob:0.39945 Alpha:0.50139
[MOE_TRACE] Group:2 Prob:0.85172 Alpha:0.50090
[MOE_TRACE] Group:0 Prob:0.84220 Alpha:0.50044
[MOE_TRACE] Group:1 Prob:0.40571 Alpha:0.50140
[MOE_TRACE] Group:2 Prob:0.84989 Alpha:0.50090
[MOE_TRACE] Group:0 Prob:0.84220 Alpha:0.50044
[MOE_TRACE] Group:1 Prob:0.40571 Alpha:0.50140
[MOE_TRACE] Group:2 Prob:0.84989 Alpha:0.50090
[MOE_TRACE] Group:0 Prob:0.84220 Alpha:0.50044
[MOE_TRACE] Group:1 Prob:0.40571 Alpha:0.50140
[MOE_TRACE] Group:2 Prob:0.84989 Alpha:0.50090
[MOE_TRACE] Group:0 Prob:0.84220 Alpha:0.50044
[MOE_TRACE] Group:1 Prob:0.40571 Alpha:0.50140
[MOE_TRACE] Group:2 Prob:0.84989 Alpha:0.50090
[MOE_TRACE] Group:0 Prob:0.85095 Alpha:0.50044
[MOE_TRACE] Group:1 Prob:0.40114 Alpha:0.50141
[MOE_TRACE] Group:0 Prob:0.85095 Alpha:0.50044
[MOE_TRACE] Group:2 Prob:0.85149 Alpha:0.50091
[MOE_TRACE] Group:1 Prob:0.40114 Alpha:0.50141
[MOE_TRACE] Group:0 Prob:0.85095 Alpha:0.50044
[MOE_TRACE] Group:2 Prob:0.85149 Alpha:0.50091
[MOE_TRACE] Group:1 Prob:0.40114 Alpha:0.50141
[MOE_TRACE] Group:2 Prob:0.84567 Alpha:0.50091
[MOE_TRACE] Group:0 Prob:0.85095 Alpha:0.50044
[MOE_TRACE] Group:1 Prob:0.40114 Alpha:0.50141
[MOE_TRACE] Group:2 Prob:0.84567 Alpha:0.50091
Epoch: 3 cost time: 40.15053868293762
Epoch: 3, Steps: 147 | Train Loss: 0.4127544 Vali Loss: 0.2904954 Test Loss: 0.2829204
Validation loss decreased (0.293629 --> 0.290495).  Saving model ...
Updating learning rate to 2.5e-05
[MOE_TRACE] Group:0 Prob:0.84255 Alpha:0.50044
[MOE_TRACE] Group:1 Prob:0.40211 Alpha:0.50142
[MOE_TRACE] Group:2 Prob:0.84359 Alpha:0.50091
[MOE_TRACE] Group:0 Prob:0.84255 Alpha:0.50044
[MOE_TRACE] Group:1 Prob:0.40211 Alpha:0.50142
[MOE_TRACE] Group:2 Prob:0.84359 Alpha:0.50091
[MOE_TRACE] Group:0 Prob:0.84255 Alpha:0.50044
[MOE_TRACE] Group:0 Prob:0.84255 Alpha:0.50044
[MOE_TRACE] Group:1 Prob:0.40211 Alpha:0.50142
[MOE_TRACE] Group:1 Prob:0.40211 Alpha:0.50142
[MOE_TRACE] Group:2 Prob:0.84359 Alpha:0.50091
[MOE_TRACE] Group:2 Prob:0.84359 Alpha:0.50091
[MOE_TRACE] Group:0 Prob:0.85021 Alpha:0.50044
[MOE_TRACE] Group:1 Prob:0.40038 Alpha:0.50142
[MOE_TRACE] Group:2 Prob:0.84639 Alpha:0.50091
[MOE_TRACE] Group:0 Prob:0.85021 Alpha:0.50044
[MOE_TRACE] Group:1 Prob:0.40038 Alpha:0.50142
[MOE_TRACE] Group:2 Prob:0.84639 Alpha:0.50091
[MOE_TRACE] Group:0 Prob:0.85021 Alpha:0.50044
[MOE_TRACE] Group:1 Prob:0.40038 Alpha:0.50142
[MOE_TRACE] Group:2 Prob:0.84639 Alpha:0.50091
[MOE_TRACE] Group:0 Prob:0.85021 Alpha:0.50044
[MOE_TRACE] Group:1 Prob:0.40038 Alpha:0.50142
[MOE_TRACE] Group:2 Prob:0.84639 Alpha:0.50091
[MOE_TRACE] Group:0 Prob:0.85478 Alpha:0.50044
[MOE_TRACE] Group:1 Prob:0.40312 Alpha:0.50143
[MOE_TRACE] Group:2 Prob:0.84695 Alpha:0.50092
[MOE_TRACE] Group:0 Prob:0.85478 Alpha:0.50044
[MOE_TRACE] Group:1 Prob:0.40312 Alpha:0.50143
[MOE_TRACE] Group:0 Prob:0.85478 Alpha:0.50044
[MOE_TRACE] Group:2 Prob:0.84399 Alpha:0.50092
[MOE_TRACE] Group:1 Prob:0.40312 Alpha:0.50143
[MOE_TRACE] Group:2 Prob:0.84399 Alpha:0.50092
[MOE_TRACE] Group:0 Prob:0.85478 Alpha:0.50044
[MOE_TRACE] Group:1 Prob:0.40312 Alpha:0.50143
[MOE_TRACE] Group:2 Prob:0.84399 Alpha:0.50092
[MOE_TRACE] Group:2 Prob:0.84414 Alpha:0.50092
[MOE_TRACE] Group:0 Prob:0.83685 Alpha:0.50045
[MOE_TRACE] Group:1 Prob:0.39624 Alpha:0.50143
[MOE_TRACE] Group:2 Prob:0.84414 Alpha:0.50092
[MOE_TRACE] Group:0 Prob:0.83685 Alpha:0.50045
[MOE_TRACE] Group:1 Prob:0.39624 Alpha:0.50143
[MOE_TRACE] Group:2 Prob:0.84214 Alpha:0.50092
[MOE_TRACE] Group:0 Prob:0.83685 Alpha:0.50045
[MOE_TRACE] Group:1 Prob:0.39624 Alpha:0.50143
[MOE_TRACE] Group:2 Prob:0.84214 Alpha:0.50092
[MOE_TRACE] Group:0 Prob:0.85636 Alpha:0.50045
[MOE_TRACE] Group:1 Prob:0.40067 Alpha:0.50144
[MOE_TRACE] Group:0 Prob:0.85636 Alpha:0.50045
[MOE_TRACE] Group:2 Prob:0.83152 Alpha:0.50092
[MOE_TRACE] Group:1 Prob:0.40067 Alpha:0.50144
[MOE_TRACE] Group:2 Prob:0.83152 Alpha:0.50092
[MOE_TRACE] Group:0 Prob:0.85636 Alpha:0.50045
[MOE_TRACE] Group:1 Prob:0.40067 Alpha:0.50144
[MOE_TRACE] Group:2 Prob:0.83152 Alpha:0.50092
[MOE_TRACE] Group:0 Prob:0.85636 Alpha:0.50045
[MOE_TRACE] Group:1 Prob:0.40067 Alpha:0.50144
[MOE_TRACE] Group:2 Prob:0.83152 Alpha:0.50092
[MOE_TRACE] Group:0 Prob:0.85069 Alpha:0.50045
[MOE_TRACE] Group:1 Prob:0.39930 Alpha:0.50144
[MOE_TRACE] Group:2 Prob:0.84956 Alpha:0.50092
[MOE_TRACE] Group:0 Prob:0.85069 Alpha:0.50045
[MOE_TRACE] Group:1 Prob:0.39930 Alpha:0.50144
[MOE_TRACE] Group:2 Prob:0.84956 Alpha:0.50092
[MOE_TRACE] Group:0 Prob:0.85069 Alpha:0.50045
[MOE_TRACE] Group:1 Prob:0.39930 Alpha:0.50144
[MOE_TRACE] Group:2 Prob:0.84956 Alpha:0.50092
[MOE_TRACE] Group:0 Prob:0.85069 Alpha:0.50045
[MOE_TRACE] Group:1 Prob:0.39930 Alpha:0.50144
[MOE_TRACE] Group:2 Prob:0.84956 Alpha:0.50092
[MOE_TRACE] Group:0 Prob:0.84727 Alpha:0.50045
[MOE_TRACE] Group:1 Prob:0.39966 Alpha:0.50145
[MOE_TRACE] Group:2 Prob:0.84388 Alpha:0.50092
[MOE_TRACE] Group:0 Prob:0.84727 Alpha:0.50045
[MOE_TRACE] Group:0 Prob:0.84727 Alpha:0.50045
[MOE_TRACE] Group:1 Prob:0.39966 Alpha:0.50145
[MOE_TRACE] Group:1 Prob:0.39966 Alpha:0.50145
[MOE_TRACE] Group:2 Prob:0.84388 Alpha:0.50092
[MOE_TRACE] Group:2 Prob:0.84388 Alpha:0.50092
[MOE_TRACE] Group:0 Prob:0.84727 Alpha:0.50045
[MOE_TRACE] Group:1 Prob:0.39966 Alpha:0.50145
[MOE_TRACE] Group:2 Prob:0.84388 Alpha:0.50092
[MOE_TRACE] Group:0 Prob:0.84164 Alpha:0.50044
[MOE_TRACE] Group:1 Prob:0.40676 Alpha:0.50145
[MOE_TRACE] Group:2 Prob:0.83938 Alpha:0.50092
[MOE_TRACE] Group:0 Prob:0.84164 Alpha:0.50044
[MOE_TRACE] Group:1 Prob:0.40676 Alpha:0.50145
[MOE_TRACE] Group:2 Prob:0.85010 Alpha:0.50092
[MOE_TRACE] Group:0 Prob:0.84164 Alpha:0.50044
[MOE_TRACE] Group:1 Prob:0.40676 Alpha:0.50145
[MOE_TRACE] Group:2 Prob:0.85010 Alpha:0.50092
[MOE_TRACE] Group:0 Prob:0.84164 Alpha:0.50044
[MOE_TRACE] Group:1 Prob:0.40676 Alpha:0.50145
[MOE_TRACE] Group:2 Prob:0.85010 Alpha:0.50092
[MOE_TRACE] Group:0 Prob:0.83522 Alpha:0.50044
[MOE_TRACE] Group:1 Prob:0.41422 Alpha:0.50146
[MOE_TRACE] Group:2 Prob:0.84841 Alpha:0.50092
[MOE_TRACE] Group:0 Prob:0.83522 Alpha:0.50044
[MOE_TRACE] Group:0 Prob:0.83522 Alpha:0.50044
[MOE_TRACE] Group:1 Prob:0.41422 Alpha:0.50146
[MOE_TRACE] Group:2 Prob:0.84841 Alpha:0.50092
[MOE_TRACE] Group:1 Prob:0.41422 Alpha:0.50146
[MOE_TRACE] Group:2 Prob:0.84841 Alpha:0.50092
[MOE_TRACE] Group:0 Prob:0.83522 Alpha:0.50044
[MOE_TRACE] Group:1 Prob:0.41422 Alpha:0.50146
[MOE_TRACE] Group:2 Prob:0.84841 Alpha:0.50092
[MOE_TRACE] Group:0 Prob:0.85555 Alpha:0.50044
[MOE_TRACE] Group:1 Prob:0.39800 Alpha:0.50146
[MOE_TRACE] Group:2 Prob:0.83973 Alpha:0.50092
[MOE_TRACE] Group:0 Prob:0.85555 Alpha:0.50044
[MOE_TRACE] Group:1 Prob:0.39800 Alpha:0.50146
[MOE_TRACE] Group:2 Prob:0.83973 Alpha:0.50092
[MOE_TRACE] Group:0 Prob:0.85555 Alpha:0.50044
[MOE_TRACE] Group:1 Prob:0.39800 Alpha:0.50146
[MOE_TRACE] Group:2 Prob:0.83973 Alpha:0.50092
[MOE_TRACE] Group:0 Prob:0.85555 Alpha:0.50044
[MOE_TRACE] Group:1 Prob:0.39800 Alpha:0.50146
[MOE_TRACE] Group:2 Prob:0.83973 Alpha:0.50092
[MOE_TRACE] Group:0 Prob:0.85034 Alpha:0.50044
[MOE_TRACE] Group:1 Prob:0.41135 Alpha:0.50146
[MOE_TRACE] Group:2 Prob:0.84459 Alpha:0.50092
[MOE_TRACE] Group:0 Prob:0.85034 Alpha:0.50044
[MOE_TRACE] Group:1 Prob:0.41135 Alpha:0.50146
[MOE_TRACE] Group:2 Prob:0.85377 Alpha:0.50092
[MOE_TRACE] Group:0 Prob:0.85034 Alpha:0.50044
[MOE_TRACE] Group:1 Prob:0.41135 Alpha:0.50146
[MOE_TRACE] Group:2 Prob:0.85377 Alpha:0.50092
[MOE_TRACE] Group:0 Prob:0.85034 Alpha:0.50044
[MOE_TRACE] Group:1 Prob:0.41135 Alpha:0.50146
[MOE_TRACE] Group:2 Prob:0.85377 Alpha:0.50092
[MOE_TRACE] Group:0 Prob:0.84924 Alpha:0.50044
[MOE_TRACE] Group:1 Prob:0.41008 Alpha:0.50147
[MOE_TRACE] Group:2 Prob:0.85336 Alpha:0.50092
[MOE_TRACE] Group:0 Prob:0.84924 Alpha:0.50044
[MOE_TRACE] Group:1 Prob:0.41008 Alpha:0.50147
[MOE_TRACE] Group:2 Prob:0.85336 Alpha:0.50092
[MOE_TRACE] Group:0 Prob:0.84924 Alpha:0.50044
[MOE_TRACE] Group:1 Prob:0.41008 Alpha:0.50147
[MOE_TRACE] Group:2 Prob:0.85336 Alpha:0.50092
[MOE_TRACE] Group:0 Prob:0.84924 Alpha:0.50044
[MOE_TRACE] Group:1 Prob:0.41008 Alpha:0.50147
[MOE_TRACE] Group:2 Prob:0.85336 Alpha:0.50092
[MOE_TRACE] Group:2 Prob:0.84536 Alpha:0.50092
[MOE_TRACE] Group:0 Prob:0.85094 Alpha:0.50044
[MOE_TRACE] Group:1 Prob:0.40146 Alpha:0.50147
[MOE_TRACE] Group:2 Prob:0.84602 Alpha:0.50092
[MOE_TRACE] Group:0 Prob:0.85094 Alpha:0.50044
[MOE_TRACE] Group:1 Prob:0.40146 Alpha:0.50147
[MOE_TRACE] Group:2 Prob:0.84602 Alpha:0.50092
[MOE_TRACE] Group:0 Prob:0.85094 Alpha:0.50044
[MOE_TRACE] Group:1 Prob:0.40146 Alpha:0.50147
[MOE_TRACE] Group:2 Prob:0.84602 Alpha:0.50092
[MOE_TRACE] Group:0 Prob:0.85248 Alpha:0.50044
[MOE_TRACE] Group:2 Prob:0.84550 Alpha:0.50092
[MOE_TRACE] Group:0 Prob:0.85248 Alpha:0.50044
[MOE_TRACE] Group:1 Prob:0.40802 Alpha:0.50147
[MOE_TRACE] Group:2 Prob:0.84003 Alpha:0.50092
[MOE_TRACE] Group:0 Prob:0.85248 Alpha:0.50044
[MOE_TRACE] Group:1 Prob:0.40802 Alpha:0.50147
[MOE_TRACE] Group:2 Prob:0.84003 Alpha:0.50092
[MOE_TRACE] Group:0 Prob:0.85248 Alpha:0.50044
[MOE_TRACE] Group:1 Prob:0.40802 Alpha:0.50147
[MOE_TRACE] Group:2 Prob:0.84003 Alpha:0.50092
[MOE_TRACE] Group:0 Prob:0.84887 Alpha:0.50044
[MOE_TRACE] Group:1 Prob:0.40293 Alpha:0.50148[MOE_TRACE] Group:0 Prob:0.84887 Alpha:0.50044

[MOE_TRACE] Group:2 Prob:0.84787 Alpha:0.50092
[MOE_TRACE] Group:1 Prob:0.40293 Alpha:0.50148
[MOE_TRACE] Group:2 Prob:0.84787 Alpha:0.50092
[MOE_TRACE] Group:0 Prob:0.84887 Alpha:0.50044
[MOE_TRACE] Group:1 Prob:0.40293 Alpha:0.50148
[MOE_TRACE] Group:2 Prob:0.84879 Alpha:0.50092
[MOE_TRACE] Group:0 Prob:0.84887 Alpha:0.50044
[MOE_TRACE] Group:1 Prob:0.40293 Alpha:0.50148
[MOE_TRACE] Group:2 Prob:0.84879 Alpha:0.50092
[MOE_TRACE] Group:0 Prob:0.86086 Alpha:0.50044
[MOE_TRACE] Group:1 Prob:0.39862 Alpha:0.50148
[MOE_TRACE] Group:2 Prob:0.84761 Alpha:0.50091
[MOE_TRACE] Group:0 Prob:0.86086 Alpha:0.50044
[MOE_TRACE] Group:0 Prob:0.86086 Alpha:0.50044
[MOE_TRACE] Group:1 Prob:0.39862 Alpha:0.50148[MOE_TRACE] Group:1 Prob:0.39862 Alpha:0.50148

[MOE_TRACE] Group:2 Prob:0.84704 Alpha:0.50091
[MOE_TRACE] Group:2 Prob:0.84704 Alpha:0.50091
[MOE_TRACE] Group:0 Prob:0.86086 Alpha:0.50044
[MOE_TRACE] Group:1 Prob:0.39862 Alpha:0.50148
[MOE_TRACE] Group:2 Prob:0.84704 Alpha:0.50091
[MOE_TRACE] Group:0 Prob:0.84487 Alpha:0.50044
[MOE_TRACE] Group:1 Prob:0.40402 Alpha:0.50149
[MOE_TRACE] Group:2 Prob:0.84511 Alpha:0.50091
[MOE_TRACE] Group:0 Prob:0.84487 Alpha:0.50044
[MOE_TRACE] Group:0 Prob:0.84487 Alpha:0.50044
[MOE_TRACE] Group:1 Prob:0.40402 Alpha:0.50149[MOE_TRACE] Group:1 Prob:0.40402 Alpha:0.50149

[MOE_TRACE] Group:2 Prob:0.84405 Alpha:0.50091[MOE_TRACE] Group:2 Prob:0.84405 Alpha:0.50091

[MOE_TRACE] Group:0 Prob:0.84487 Alpha:0.50044
[MOE_TRACE] Group:1 Prob:0.40402 Alpha:0.50149
[MOE_TRACE] Group:2 Prob:0.84405 Alpha:0.50091
[MOE_TRACE] Group:0 Prob:0.85068 Alpha:0.50044
[MOE_TRACE] Group:1 Prob:0.40370 Alpha:0.50150
[MOE_TRACE] Group:2 Prob:0.84925 Alpha:0.50091
[MOE_TRACE] Group:0 Prob:0.85068 Alpha:0.50044[MOE_TRACE] Group:0 Prob:0.85068 Alpha:0.50044

[MOE_TRACE] Group:1 Prob:0.40370 Alpha:0.50150[MOE_TRACE] Group:1 Prob:0.40370 Alpha:0.50150

[MOE_TRACE] Group:2 Prob:0.84925 Alpha:0.50091
[MOE_TRACE] Group:2 Prob:0.84925 Alpha:0.50091
[MOE_TRACE] Group:0 Prob:0.85068 Alpha:0.50044
[MOE_TRACE] Group:1 Prob:0.40370 Alpha:0.50150
[MOE_TRACE] Group:2 Prob:0.84925 Alpha:0.50091
[MOE_TRACE] Group:0 Prob:0.85062 Alpha:0.50044[MOE_TRACE] Group:0 Prob:0.85062 Alpha:0.50044

[MOE_TRACE] Group:1 Prob:0.40355 Alpha:0.50151
[MOE_TRACE] Group:1 Prob:0.40355 Alpha:0.50151
[MOE_TRACE] Group:2 Prob:0.84505 Alpha:0.50091
[MOE_TRACE] Group:2 Prob:0.84505 Alpha:0.50091
[MOE_TRACE] Group:0 Prob:0.85062 Alpha:0.50044
[MOE_TRACE] Group:1 Prob:0.40355 Alpha:0.50151
[MOE_TRACE] Group:2 Prob:0.84505 Alpha:0.50091
[MOE_TRACE] Group:0 Prob:0.85062 Alpha:0.50044
[MOE_TRACE] Group:1 Prob:0.40355 Alpha:0.50151
[MOE_TRACE] Group:2 Prob:0.84505 Alpha:0.50091
[MOE_TRACE] Group:0 Prob:0.84959 Alpha:0.50044
[MOE_TRACE] Group:1 Prob:0.40054 Alpha:0.50151
[MOE_TRACE] Group:2 Prob:0.84209 Alpha:0.50092
[MOE_TRACE] Group:0 Prob:0.84959 Alpha:0.50044
[MOE_TRACE] Group:1 Prob:0.40054 Alpha:0.50151
[MOE_TRACE] Group:2 Prob:0.84605 Alpha:0.50092
[MOE_TRACE] Group:0 Prob:0.84959 Alpha:0.50044
[MOE_TRACE] Group:1 Prob:0.40054 Alpha:0.50151
[MOE_TRACE] Group:2 Prob:0.84605 Alpha:0.50092
[MOE_TRACE] Group:0 Prob:0.84959 Alpha:0.50044
[MOE_TRACE] Group:1 Prob:0.40054 Alpha:0.50151
[MOE_TRACE] Group:2 Prob:0.84605 Alpha:0.50092
[MOE_TRACE] Group:0 Prob:0.85700 Alpha:0.50044
[MOE_TRACE] Group:1 Prob:0.39535 Alpha:0.50152
[MOE_TRACE] Group:2 Prob:0.84597 Alpha:0.50092
[MOE_TRACE] Group:0 Prob:0.85700 Alpha:0.50044
[MOE_TRACE] Group:1 Prob:0.39535 Alpha:0.50152
[MOE_TRACE] Group:2 Prob:0.84597 Alpha:0.50092
[MOE_TRACE] Group:0 Prob:0.85700 Alpha:0.50044
[MOE_TRACE] Group:1 Prob:0.39535 Alpha:0.50152
[MOE_TRACE] Group:2 Prob:0.84597 Alpha:0.50092
[MOE_TRACE] Group:0 Prob:0.85700 Alpha:0.50044
[MOE_TRACE] Group:1 Prob:0.39535 Alpha:0.50152
[MOE_TRACE] Group:2 Prob:0.84597 Alpha:0.50092
[MOE_TRACE] Group:0 Prob:0.84669 Alpha:0.50044
[MOE_TRACE] Group:1 Prob:0.39535 Alpha:0.50153
[MOE_TRACE] Group:2 Prob:0.84140 Alpha:0.50092
[MOE_TRACE] Group:0 Prob:0.84669 Alpha:0.50044
[MOE_TRACE] Group:1 Prob:0.39535 Alpha:0.50153
[MOE_TRACE] Group:2 Prob:0.84363 Alpha:0.50092
[MOE_TRACE] Group:0 Prob:0.84669 Alpha:0.50044
[MOE_TRACE] Group:1 Prob:0.39535 Alpha:0.50153
[MOE_TRACE] Group:2 Prob:0.84363 Alpha:0.50092
[MOE_TRACE] Group:0 Prob:0.84669 Alpha:0.50044
[MOE_TRACE] Group:1 Prob:0.39535 Alpha:0.50153
[MOE_TRACE] Group:2 Prob:0.84363 Alpha:0.50092
[MOE_TRACE] Group:0 Prob:0.85870 Alpha:0.50044
[MOE_TRACE] Group:1 Prob:0.40950 Alpha:0.50153
[MOE_TRACE] Group:2 Prob:0.84289 Alpha:0.50091
[MOE_TRACE] Group:0 Prob:0.85546 Alpha:0.50044
[MOE_TRACE] Group:1 Prob:0.41044 Alpha:0.50154
[MOE_TRACE] Group:2 Prob:0.85556 Alpha:0.50091
[MOE_TRACE] Group:0 Prob:0.85546 Alpha:0.50044
[MOE_TRACE] Group:1 Prob:0.41044 Alpha:0.50154
[MOE_TRACE] Group:2 Prob:0.85556 Alpha:0.50091
[MOE_TRACE] Group:0 Prob:0.85546 Alpha:0.50044
[MOE_TRACE] Group:1 Prob:0.41044 Alpha:0.50154
[MOE_TRACE] Group:2 Prob:0.85556 Alpha:0.50091
[MOE_TRACE] Group:0 Prob:0.85546 Alpha:0.50044
[MOE_TRACE] Group:1 Prob:0.41044 Alpha:0.50154
[MOE_TRACE] Group:2 Prob:0.85556 Alpha:0.50091
[MOE_TRACE] Group:0 Prob:0.84852 Alpha:0.50044
[MOE_TRACE] Group:1 Prob:0.40000 Alpha:0.50154
[MOE_TRACE] Group:2 Prob:0.85024 Alpha:0.50091
[MOE_TRACE] Group:0 Prob:0.84852 Alpha:0.50044
[MOE_TRACE] Group:1 Prob:0.40000 Alpha:0.50154
[MOE_TRACE] Group:2 Prob:0.85024 Alpha:0.50091
[MOE_TRACE] Group:0 Prob:0.84852 Alpha:0.50044
[MOE_TRACE] Group:1 Prob:0.40000 Alpha:0.50154
[MOE_TRACE] Group:2 Prob:0.85024 Alpha:0.50091
[MOE_TRACE] Group:0 Prob:0.84852 Alpha:0.50044
[MOE_TRACE] Group:1 Prob:0.40000 Alpha:0.50154
[MOE_TRACE] Group:2 Prob:0.85024 Alpha:0.50091
[MOE_TRACE] Group:0 Prob:0.84299 Alpha:0.50044
[MOE_TRACE] Group:1 Prob:0.39701 Alpha:0.50155
[MOE_TRACE] Group:2 Prob:0.85121 Alpha:0.50090
[MOE_TRACE] Group:0 Prob:0.84299 Alpha:0.50044
[MOE_TRACE] Group:1 Prob:0.39701 Alpha:0.50155
[MOE_TRACE] Group:2 Prob:0.85281 Alpha:0.50090
[MOE_TRACE] Group:0 Prob:0.84299 Alpha:0.50044
[MOE_TRACE] Group:1 Prob:0.39701 Alpha:0.50155
[MOE_TRACE] Group:2 Prob:0.85281 Alpha:0.50090
[MOE_TRACE] Group:0 Prob:0.84299 Alpha:0.50044
[MOE_TRACE] Group:1 Prob:0.39701 Alpha:0.50155
[MOE_TRACE] Group:2 Prob:0.85281 Alpha:0.50090
[MOE_TRACE] Group:0 Prob:0.85317 Alpha:0.50044
[MOE_TRACE] Group:1 Prob:0.40253 Alpha:0.50155
[MOE_TRACE] Group:2 Prob:0.84979 Alpha:0.50090
[MOE_TRACE] Group:0 Prob:0.85317 Alpha:0.50044
[MOE_TRACE] Group:0 Prob:0.85317 Alpha:0.50044
[MOE_TRACE] Group:1 Prob:0.40253 Alpha:0.50155[MOE_TRACE] Group:1 Prob:0.40253 Alpha:0.50155

[MOE_TRACE] Group:2 Prob:0.85169 Alpha:0.50090[MOE_TRACE] Group:2 Prob:0.85169 Alpha:0.50090

[MOE_TRACE] Group:0 Prob:0.85317 Alpha:0.50044
[MOE_TRACE] Group:1 Prob:0.40253 Alpha:0.50155
[MOE_TRACE] Group:2 Prob:0.85169 Alpha:0.50090
[MOE_TRACE] Group:0 Prob:0.85036 Alpha:0.50044
[MOE_TRACE] Group:0 Prob:0.85036 Alpha:0.50044
[MOE_TRACE] Group:1 Prob:0.40678 Alpha:0.50156
[MOE_TRACE] Group:1 Prob:0.40678 Alpha:0.50156
[MOE_TRACE] Group:2 Prob:0.85024 Alpha:0.50090
[MOE_TRACE] Group:2 Prob:0.85024 Alpha:0.50090
[MOE_TRACE] Group:0 Prob:0.85036 Alpha:0.50044
[MOE_TRACE] Group:1 Prob:0.40678 Alpha:0.50156
[MOE_TRACE] Group:2 Prob:0.85024 Alpha:0.50090
[MOE_TRACE] Group:0 Prob:0.85036 Alpha:0.50044
[MOE_TRACE] Group:1 Prob:0.40678 Alpha:0.50156
[MOE_TRACE] Group:2 Prob:0.85024 Alpha:0.50090
[MOE_TRACE] Group:0 Prob:0.84499 Alpha:0.50044
[MOE_TRACE] Group:1 Prob:0.40268 Alpha:0.50156
[MOE_TRACE] Group:2 Prob:0.85036 Alpha:0.50090
[MOE_TRACE] Group:0 Prob:0.84499 Alpha:0.50044
[MOE_TRACE] Group:0 Prob:0.84499 Alpha:0.50044
[MOE_TRACE] Group:1 Prob:0.40268 Alpha:0.50156[MOE_TRACE] Group:1 Prob:0.40268 Alpha:0.50156

[MOE_TRACE] Group:2 Prob:0.85414 Alpha:0.50090
[MOE_TRACE] Group:2 Prob:0.85414 Alpha:0.50090
[MOE_TRACE] Group:0 Prob:0.84499 Alpha:0.50044
[MOE_TRACE] Group:1 Prob:0.40268 Alpha:0.50156
[MOE_TRACE] Group:2 Prob:0.85414 Alpha:0.50090
[MOE_TRACE] Group:0 Prob:0.85704 Alpha:0.50044
[MOE_TRACE] Group:1 Prob:0.40430 Alpha:0.50157
[MOE_TRACE] Group:2 Prob:0.85061 Alpha:0.50091
[MOE_TRACE] Group:0 Prob:0.85704 Alpha:0.50044
[MOE_TRACE] Group:1 Prob:0.40430 Alpha:0.50157
[MOE_TRACE] Group:2 Prob:0.85061 Alpha:0.50091
[MOE_TRACE] Group:0 Prob:0.85704 Alpha:0.50044
[MOE_TRACE] Group:1 Prob:0.40430 Alpha:0.50157
[MOE_TRACE] Group:2 Prob:0.85061 Alpha:0.50091
[MOE_TRACE] Group:0 Prob:0.85704 Alpha:0.50044
[MOE_TRACE] Group:1 Prob:0.40430 Alpha:0.50157
[MOE_TRACE] Group:2 Prob:0.85061 Alpha:0.50091
[MOE_TRACE] Group:0 Prob:0.84078 Alpha:0.50044
[MOE_TRACE] Group:1 Prob:0.39562 Alpha:0.50157
[MOE_TRACE] Group:0 Prob:0.84078 Alpha:0.50044
[MOE_TRACE] Group:2 Prob:0.84468 Alpha:0.50091
[MOE_TRACE] Group:1 Prob:0.39562 Alpha:0.50157
[MOE_TRACE] Group:2 Prob:0.84468 Alpha:0.50091
[MOE_TRACE] Group:0 Prob:0.84078 Alpha:0.50044
[MOE_TRACE] Group:1 Prob:0.39562 Alpha:0.50157
[MOE_TRACE] Group:2 Prob:0.84468 Alpha:0.50091
[MOE_TRACE] Group:0 Prob:0.84078 Alpha:0.50044
[MOE_TRACE] Group:1 Prob:0.39562 Alpha:0.50157
[MOE_TRACE] Group:2 Prob:0.84468 Alpha:0.50091
[MOE_TRACE] Group:0 Prob:0.84698 Alpha:0.50044
[MOE_TRACE] Group:1 Prob:0.39577 Alpha:0.50157
[MOE_TRACE] Group:2 Prob:0.85024 Alpha:0.50091
[MOE_TRACE] Group:0 Prob:0.84698 Alpha:0.50044
[MOE_TRACE] Group:1 Prob:0.39577 Alpha:0.50157
[MOE_TRACE] Group:2 Prob:0.85024 Alpha:0.50091
[MOE_TRACE] Group:0 Prob:0.84698 Alpha:0.50044
[MOE_TRACE] Group:0 Prob:0.84698 Alpha:0.50044
[MOE_TRACE] Group:1 Prob:0.39577 Alpha:0.50157
[MOE_TRACE] Group:1 Prob:0.39577 Alpha:0.50157
[MOE_TRACE] Group:2 Prob:0.85024 Alpha:0.50091
[MOE_TRACE] Group:2 Prob:0.85024 Alpha:0.50091
[MOE_TRACE] Group:0 Prob:0.85610 Alpha:0.50044
[MOE_TRACE] Group:1 Prob:0.39790 Alpha:0.50157
[MOE_TRACE] Group:2 Prob:0.84604 Alpha:0.50091
[MOE_TRACE] Group:0 Prob:0.85610 Alpha:0.50044
[MOE_TRACE] Group:1 Prob:0.39790 Alpha:0.50157
[MOE_TRACE] Group:2 Prob:0.84604 Alpha:0.50091
[MOE_TRACE] Group:0 Prob:0.85610 Alpha:0.50044
[MOE_TRACE] Group:1 Prob:0.39790 Alpha:0.50157
[MOE_TRACE] Group:2 Prob:0.84459 Alpha:0.50091
[MOE_TRACE] Group:0 Prob:0.85610 Alpha:0.50044
[MOE_TRACE] Group:1 Prob:0.39790 Alpha:0.50157
[MOE_TRACE] Group:2 Prob:0.84459 Alpha:0.50091
[MOE_TRACE] Group:0 Prob:0.84318 Alpha:0.50044
[MOE_TRACE] Group:0 Prob:0.84318 Alpha:0.50044
[MOE_TRACE] Group:1 Prob:0.39604 Alpha:0.50158
[MOE_TRACE] Group:1 Prob:0.39604 Alpha:0.50158
[MOE_TRACE] Group:2 Prob:0.84535 Alpha:0.50092
[MOE_TRACE] Group:2 Prob:0.84535 Alpha:0.50092
[MOE_TRACE] Group:0 Prob:0.84318 Alpha:0.50044
[MOE_TRACE] Group:1 Prob:0.39604 Alpha:0.50158
[MOE_TRACE] Group:2 Prob:0.84535 Alpha:0.50092
[MOE_TRACE] Group:0 Prob:0.84318 Alpha:0.50044
[MOE_TRACE] Group:1 Prob:0.39604 Alpha:0.50158
[MOE_TRACE] Group:2 Prob:0.84535 Alpha:0.50092
[MOE_TRACE] Group:0 Prob:0.85231 Alpha:0.50044
[MOE_TRACE] Group:1 Prob:0.41051 Alpha:0.50157
[MOE_TRACE] Group:2 Prob:0.84201 Alpha:0.50092
[MOE_TRACE] Group:0 Prob:0.85231 Alpha:0.50044
[MOE_TRACE] Group:0 Prob:0.85231 Alpha:0.50044
[MOE_TRACE] Group:1 Prob:0.41051 Alpha:0.50157
[MOE_TRACE] Group:1 Prob:0.41051 Alpha:0.50157
[MOE_TRACE] Group:2 Prob:0.84201 Alpha:0.50092
[MOE_TRACE] Group:2 Prob:0.84201 Alpha:0.50092
[MOE_TRACE] Group:0 Prob:0.85231 Alpha:0.50044
[MOE_TRACE] Group:1 Prob:0.41051 Alpha:0.50157
[MOE_TRACE] Group:2 Prob:0.84201 Alpha:0.50092
[MOE_TRACE] Group:2 Prob:0.84208 Alpha:0.50092
[MOE_TRACE] Group:0 Prob:0.84904 Alpha:0.50043
[MOE_TRACE] Group:1 Prob:0.40187 Alpha:0.50158
[MOE_TRACE] Group:0 Prob:0.84904 Alpha:0.50043
[MOE_TRACE] Group:2 Prob:0.84208 Alpha:0.50092
[MOE_TRACE] Group:1 Prob:0.40187 Alpha:0.50158
[MOE_TRACE] Group:2 Prob:0.84208 Alpha:0.50092
[MOE_TRACE] Group:0 Prob:0.84904 Alpha:0.50043
[MOE_TRACE] Group:1 Prob:0.40187 Alpha:0.50158
[MOE_TRACE] Group:2 Prob:0.84580 Alpha:0.50092
[MOE_TRACE] Group:0 Prob:0.85195 Alpha:0.50043
[MOE_TRACE] Group:1 Prob:0.39995 Alpha:0.50158
[MOE_TRACE] Group:2 Prob:0.84900 Alpha:0.50092
[MOE_TRACE] Group:0 Prob:0.85195 Alpha:0.50043
[MOE_TRACE] Group:1 Prob:0.39995 Alpha:0.50158
[MOE_TRACE] Group:0 Prob:0.85195 Alpha:0.50043
[MOE_TRACE] Group:2 Prob:0.84900 Alpha:0.50092
[MOE_TRACE] Group:1 Prob:0.39995 Alpha:0.50158
[MOE_TRACE] Group:2 Prob:0.84900 Alpha:0.50092
[MOE_TRACE] Group:0 Prob:0.85195 Alpha:0.50043
[MOE_TRACE] Group:1 Prob:0.39995 Alpha:0.50158
[MOE_TRACE] Group:2 Prob:0.84900 Alpha:0.50092
[MOE_TRACE] Group:0 Prob:0.85891 Alpha:0.50043
[MOE_TRACE] Group:1 Prob:0.39711 Alpha:0.50158
[MOE_TRACE] Group:2 Prob:0.84567 Alpha:0.50092
[MOE_TRACE] Group:0 Prob:0.85891 Alpha:0.50043
[MOE_TRACE] Group:1 Prob:0.39711 Alpha:0.50158
[MOE_TRACE] Group:2 Prob:0.84567 Alpha:0.50092
[MOE_TRACE] Group:0 Prob:0.85891 Alpha:0.50043
[MOE_TRACE] Group:1 Prob:0.39711 Alpha:0.50158
[MOE_TRACE] Group:2 Prob:0.84567 Alpha:0.50092
[MOE_TRACE] Group:0 Prob:0.85891 Alpha:0.50043
[MOE_TRACE] Group:1 Prob:0.39711 Alpha:0.50158
[MOE_TRACE] Group:2 Prob:0.84567 Alpha:0.50092
[MOE_TRACE] Group:0 Prob:0.84487 Alpha:0.50043
[MOE_TRACE] Group:1 Prob:0.38547 Alpha:0.50158
[MOE_TRACE] Group:2 Prob:0.83930 Alpha:0.50092
[MOE_TRACE] Group:0 Prob:0.84487 Alpha:0.50043
[MOE_TRACE] Group:1 Prob:0.38547 Alpha:0.50158
[MOE_TRACE] Group:2 Prob:0.83930 Alpha:0.50092
[MOE_TRACE] Group:0 Prob:0.84487 Alpha:0.50043
[MOE_TRACE] Group:1 Prob:0.38547 Alpha:0.50158
[MOE_TRACE] Group:2 Prob:0.83930 Alpha:0.50092
[MOE_TRACE] Group:0 Prob:0.84487 Alpha:0.50043
[MOE_TRACE] Group:1 Prob:0.38547 Alpha:0.50158
[MOE_TRACE] Group:2 Prob:0.83930 Alpha:0.50092
[MOE_TRACE] Group:0 Prob:0.85078 Alpha:0.50043
[MOE_TRACE] Group:1 Prob:0.40284 Alpha:0.50158
[MOE_TRACE] Group:2 Prob:0.84368 Alpha:0.50092
[MOE_TRACE] Group:0 Prob:0.85078 Alpha:0.50043
[MOE_TRACE] Group:1 Prob:0.40284 Alpha:0.50158
[MOE_TRACE] Group:2 Prob:0.84368 Alpha:0.50092
[MOE_TRACE] Group:0 Prob:0.85078 Alpha:0.50043
[MOE_TRACE] Group:1 Prob:0.40284 Alpha:0.50158
[MOE_TRACE] Group:2 Prob:0.84368 Alpha:0.50092
[MOE_TRACE] Group:0 Prob:0.85078 Alpha:0.50043
[MOE_TRACE] Group:1 Prob:0.40284 Alpha:0.50158
[MOE_TRACE] Group:2 Prob:0.84368 Alpha:0.50092
[MOE_TRACE] Group:0 Prob:0.84860 Alpha:0.50043
[MOE_TRACE] Group:1 Prob:0.40307 Alpha:0.50159
[MOE_TRACE] Group:2 Prob:0.84607 Alpha:0.50092
[MOE_TRACE] Group:0 Prob:0.84860 Alpha:0.50043
[MOE_TRACE] Group:1 Prob:0.40307 Alpha:0.50159
[MOE_TRACE] Group:2 Prob:0.84607 Alpha:0.50092
[MOE_TRACE] Group:0 Prob:0.84860 Alpha:0.50043
[MOE_TRACE] Group:1 Prob:0.40307 Alpha:0.50159
[MOE_TRACE] Group:2 Prob:0.84607 Alpha:0.50092
[MOE_TRACE] Group:0 Prob:0.84860 Alpha:0.50043
[MOE_TRACE] Group:1 Prob:0.40307 Alpha:0.50159
[MOE_TRACE] Group:2 Prob:0.84607 Alpha:0.50092
[MOE_TRACE] Group:0 Prob:0.85008 Alpha:0.50043
[MOE_TRACE] Group:1 Prob:0.39126 Alpha:0.50159
[MOE_TRACE] Group:2 Prob:0.84339 Alpha:0.50092
[MOE_TRACE] Group:0 Prob:0.85008 Alpha:0.50043
[MOE_TRACE] Group:1 Prob:0.39126 Alpha:0.50159
[MOE_TRACE] Group:2 Prob:0.84339 Alpha:0.50092
[MOE_TRACE] Group:0 Prob:0.85008 Alpha:0.50043
[MOE_TRACE] Group:1 Prob:0.39126 Alpha:0.50159
[MOE_TRACE] Group:2 Prob:0.84297 Alpha:0.50092
[MOE_TRACE] Group:0 Prob:0.85008 Alpha:0.50043
[MOE_TRACE] Group:1 Prob:0.39126 Alpha:0.50159
[MOE_TRACE] Group:2 Prob:0.84297 Alpha:0.50092
[MOE_TRACE] Group:0 Prob:0.84829 Alpha:0.50044
[MOE_TRACE] Group:1 Prob:0.40050 Alpha:0.50159
[MOE_TRACE] Group:0 Prob:0.84829 Alpha:0.50044
[MOE_TRACE] Group:2 Prob:0.84156 Alpha:0.50092
[MOE_TRACE] Group:1 Prob:0.40050 Alpha:0.50159
[MOE_TRACE] Group:2 Prob:0.84156 Alpha:0.50092
[MOE_TRACE] Group:0 Prob:0.84829 Alpha:0.50044
[MOE_TRACE] Group:1 Prob:0.40050 Alpha:0.50159
[MOE_TRACE] Group:2 Prob:0.84156 Alpha:0.50092
[MOE_TRACE] Group:0 Prob:0.84829 Alpha:0.50044
[MOE_TRACE] Group:1 Prob:0.40050 Alpha:0.50159
[MOE_TRACE] Group:2 Prob:0.84156 Alpha:0.50092
[MOE_TRACE] Group:0 Prob:0.85486 Alpha:0.50044
[MOE_TRACE] Group:1 Prob:0.40077 Alpha:0.50160
[MOE_TRACE] Group:2 Prob:0.84418 Alpha:0.50092
[MOE_TRACE] Group:0 Prob:0.85486 Alpha:0.50044
[MOE_TRACE] Group:1 Prob:0.40077 Alpha:0.50160
[MOE_TRACE] Group:2 Prob:0.84532 Alpha:0.50092
[MOE_TRACE] Group:0 Prob:0.85486 Alpha:0.50044
[MOE_TRACE] Group:1 Prob:0.40077 Alpha:0.50160
[MOE_TRACE] Group:2 Prob:0.84532 Alpha:0.50092
[MOE_TRACE] Group:0 Prob:0.85486 Alpha:0.50044
[MOE_TRACE] Group:1 Prob:0.40077 Alpha:0.50160
[MOE_TRACE] Group:2 Prob:0.84532 Alpha:0.50092
[MOE_TRACE] Group:0 Prob:0.85550 Alpha:0.50044
[MOE_TRACE] Group:1 Prob:0.39644 Alpha:0.50160
[MOE_TRACE] Group:2 Prob:0.84002 Alpha:0.50093
[MOE_TRACE] Group:0 Prob:0.85550 Alpha:0.50044
[MOE_TRACE] Group:1 Prob:0.39644 Alpha:0.50160
[MOE_TRACE] Group:2 Prob:0.84129 Alpha:0.50093
[MOE_TRACE] Group:0 Prob:0.85550 Alpha:0.50044
[MOE_TRACE] Group:1 Prob:0.39644 Alpha:0.50160
[MOE_TRACE] Group:2 Prob:0.84129 Alpha:0.50093
[MOE_TRACE] Group:0 Prob:0.85550 Alpha:0.50044
[MOE_TRACE] Group:1 Prob:0.39644 Alpha:0.50160
[MOE_TRACE] Group:2 Prob:0.84129 Alpha:0.50093
[MOE_TRACE] Group:0 Prob:0.85057 Alpha:0.50044
[MOE_TRACE] Group:1 Prob:0.39600 Alpha:0.50161
[MOE_TRACE] Group:2 Prob:0.84737 Alpha:0.50093
[MOE_TRACE] Group:0 Prob:0.85057 Alpha:0.50044
[MOE_TRACE] Group:1 Prob:0.39600 Alpha:0.50161
[MOE_TRACE] Group:2 Prob:0.84737 Alpha:0.50093
[MOE_TRACE] Group:0 Prob:0.85057 Alpha:0.50044
[MOE_TRACE] Group:0 Prob:0.85057 Alpha:0.50044
[MOE_TRACE] Group:1 Prob:0.39600 Alpha:0.50161
[MOE_TRACE] Group:1 Prob:0.39600 Alpha:0.50161[MOE_TRACE] Group:2 Prob:0.84737 Alpha:0.50093

[MOE_TRACE] Group:2 Prob:0.84737 Alpha:0.50093
[MOE_TRACE] Group:0 Prob:0.84180 Alpha:0.50044
[MOE_TRACE] Group:1 Prob:0.39618 Alpha:0.50161
[MOE_TRACE] Group:2 Prob:0.84553 Alpha:0.50093
[MOE_TRACE] Group:0 Prob:0.84180 Alpha:0.50044
[MOE_TRACE] Group:1 Prob:0.39618 Alpha:0.50161
[MOE_TRACE] Group:2 Prob:0.83900 Alpha:0.50093
[MOE_TRACE] Group:0 Prob:0.84180 Alpha:0.50044
[MOE_TRACE] Group:1 Prob:0.39618 Alpha:0.50161
[MOE_TRACE] Group:2 Prob:0.83900 Alpha:0.50093
[MOE_TRACE] Group:0 Prob:0.84180 Alpha:0.50044
[MOE_TRACE] Group:1 Prob:0.39618 Alpha:0.50161
[MOE_TRACE] Group:2 Prob:0.83900 Alpha:0.50093
[MOE_TRACE] Group:0 Prob:0.85961 Alpha:0.50044
[MOE_TRACE] Group:1 Prob:0.38845 Alpha:0.50162
[MOE_TRACE] Group:2 Prob:0.84218 Alpha:0.50093
[MOE_TRACE] Group:0 Prob:0.85961 Alpha:0.50044
[MOE_TRACE] Group:1 Prob:0.38845 Alpha:0.50162
[MOE_TRACE] Group:0 Prob:0.85961 Alpha:0.50044
[MOE_TRACE] Group:2 Prob:0.84218 Alpha:0.50093
[MOE_TRACE] Group:1 Prob:0.38845 Alpha:0.50162
[MOE_TRACE] Group:2 Prob:0.84218 Alpha:0.50093
[MOE_TRACE] Group:0 Prob:0.85961 Alpha:0.50044
[MOE_TRACE] Group:1 Prob:0.38845 Alpha:0.50162
[MOE_TRACE] Group:2 Prob:0.84218 Alpha:0.50093
[MOE_TRACE] Group:0 Prob:0.85953 Alpha:0.50044
[MOE_TRACE] Group:1 Prob:0.38281 Alpha:0.50162
[MOE_TRACE] Group:2 Prob:0.83995 Alpha:0.50093
[MOE_TRACE] Group:0 Prob:0.85953 Alpha:0.50044
[MOE_TRACE] Group:1 Prob:0.38281 Alpha:0.50162
[MOE_TRACE] Group:2 Prob:0.83995 Alpha:0.50093
[MOE_TRACE] Group:0 Prob:0.85953 Alpha:0.50044
[MOE_TRACE] Group:1 Prob:0.38281 Alpha:0.50162
[MOE_TRACE] Group:2 Prob:0.84395 Alpha:0.50093
[MOE_TRACE] Group:0 Prob:0.85953 Alpha:0.50044
[MOE_TRACE] Group:1 Prob:0.38281 Alpha:0.50162
[MOE_TRACE] Group:2 Prob:0.84395 Alpha:0.50093
[MOE_TRACE] Group:0 Prob:0.84991 Alpha:0.50044
[MOE_TRACE] Group:1 Prob:0.39245 Alpha:0.50163
[MOE_TRACE] Group:2 Prob:0.83550 Alpha:0.50093
[MOE_TRACE] Group:0 Prob:0.84991 Alpha:0.50044
[MOE_TRACE] Group:1 Prob:0.39245 Alpha:0.50163
[MOE_TRACE] Group:0 Prob:0.84991 Alpha:0.50044
[MOE_TRACE] Group:2 Prob:0.83801 Alpha:0.50093
[MOE_TRACE] Group:1 Prob:0.39245 Alpha:0.50163
[MOE_TRACE] Group:2 Prob:0.83801 Alpha:0.50093
[MOE_TRACE] Group:0 Prob:0.84991 Alpha:0.50044
[MOE_TRACE] Group:1 Prob:0.39245 Alpha:0.50163
[MOE_TRACE] Group:2 Prob:0.83801 Alpha:0.50093
[MOE_TRACE] Group:0 Prob:0.84704 Alpha:0.50044
[MOE_TRACE] Group:0 Prob:0.84704 Alpha:0.50044
[MOE_TRACE] Group:1 Prob:0.38740 Alpha:0.50163
[MOE_TRACE] Group:1 Prob:0.38740 Alpha:0.50163
[MOE_TRACE] Group:2 Prob:0.83732 Alpha:0.50093
[MOE_TRACE] Group:2 Prob:0.83732 Alpha:0.50093
[MOE_TRACE] Group:0 Prob:0.84704 Alpha:0.50044
[MOE_TRACE] Group:1 Prob:0.38740 Alpha:0.50163
[MOE_TRACE] Group:2 Prob:0.83732 Alpha:0.50093
[MOE_TRACE] Group:0 Prob:0.84704 Alpha:0.50044
[MOE_TRACE] Group:1 Prob:0.38740 Alpha:0.50163
[MOE_TRACE] Group:2 Prob:0.83732 Alpha:0.50093
[MOE_TRACE] Group:0 Prob:0.85265 Alpha:0.50044
[MOE_TRACE] Group:1 Prob:0.39366 Alpha:0.50163
[MOE_TRACE] Group:0 Prob:0.85265 Alpha:0.50044
[MOE_TRACE] Group:2 Prob:0.83629 Alpha:0.50092
[MOE_TRACE] Group:1 Prob:0.39366 Alpha:0.50163
[MOE_TRACE] Group:2 Prob:0.83629 Alpha:0.50092
[MOE_TRACE] Group:0 Prob:0.85265 Alpha:0.50044
[MOE_TRACE] Group:1 Prob:0.39366 Alpha:0.50163
[MOE_TRACE] Group:2 Prob:0.83856 Alpha:0.50092
[MOE_TRACE] Group:0 Prob:0.85265 Alpha:0.50044
[MOE_TRACE] Group:1 Prob:0.39366 Alpha:0.50163
[MOE_TRACE] Group:2 Prob:0.83856 Alpha:0.50092
[MOE_TRACE] Group:0 Prob:0.86394 Alpha:0.50044
[MOE_TRACE] Group:1 Prob:0.40161 Alpha:0.50163
[MOE_TRACE] Group:2 Prob:0.84459 Alpha:0.50093
[MOE_TRACE] Group:0 Prob:0.86394 Alpha:0.50044
[MOE_TRACE] Group:1 Prob:0.40161 Alpha:0.50163
[MOE_TRACE] Group:2 Prob:0.84459 Alpha:0.50093
[MOE_TRACE] Group:0 Prob:0.86394 Alpha:0.50044
[MOE_TRACE] Group:1 Prob:0.40161 Alpha:0.50163
[MOE_TRACE] Group:2 Prob:0.84459 Alpha:0.50093
[MOE_TRACE] Group:0 Prob:0.86394 Alpha:0.50044
[MOE_TRACE] Group:1 Prob:0.40161 Alpha:0.50163
[MOE_TRACE] Group:2 Prob:0.84459 Alpha:0.50093
[MOE_TRACE] Group:0 Prob:0.86026 Alpha:0.50044
[MOE_TRACE] Group:0 Prob:0.86026 Alpha:0.50044
[MOE_TRACE] Group:1 Prob:0.39228 Alpha:0.50164
[MOE_TRACE] Group:1 Prob:0.39228 Alpha:0.50164
[MOE_TRACE] Group:2 Prob:0.84592 Alpha:0.50092
[MOE_TRACE] Group:2 Prob:0.84592 Alpha:0.50092
[MOE_TRACE] Group:0 Prob:0.86026 Alpha:0.50044
[MOE_TRACE] Group:1 Prob:0.39228 Alpha:0.50164
[MOE_TRACE] Group:2 Prob:0.84592 Alpha:0.50092
[MOE_TRACE] Group:0 Prob:0.86026 Alpha:0.50044
[MOE_TRACE] Group:1 Prob:0.39228 Alpha:0.50164
[MOE_TRACE] Group:2 Prob:0.84592 Alpha:0.50092
[MOE_TRACE] Group:0 Prob:0.84191 Alpha:0.50044
[MOE_TRACE] Group:1 Prob:0.39678 Alpha:0.50164
[MOE_TRACE] Group:0 Prob:0.84191 Alpha:0.50044[MOE_TRACE] Group:2 Prob:0.84162 Alpha:0.50092

[MOE_TRACE] Group:1 Prob:0.39678 Alpha:0.50164
[MOE_TRACE] Group:2 Prob:0.84162 Alpha:0.50092
[MOE_TRACE] Group:0 Prob:0.84191 Alpha:0.50044
[MOE_TRACE] Group:1 Prob:0.39678 Alpha:0.50164
[MOE_TRACE] Group:2 Prob:0.84162 Alpha:0.50092
[MOE_TRACE] Group:0 Prob:0.84191 Alpha:0.50044
[MOE_TRACE] Group:1 Prob:0.39678 Alpha:0.50164
[MOE_TRACE] Group:2 Prob:0.84162 Alpha:0.50092
[MOE_TRACE] Group:0 Prob:0.84993 Alpha:0.50044
[MOE_TRACE] Group:0 Prob:0.84993 Alpha:0.50044
[MOE_TRACE] Group:1 Prob:0.40251 Alpha:0.50164
[MOE_TRACE] Group:1 Prob:0.40251 Alpha:0.50164
[MOE_TRACE] Group:2 Prob:0.84096 Alpha:0.50092
[MOE_TRACE] Group:2 Prob:0.84096 Alpha:0.50092
[MOE_TRACE] Group:0 Prob:0.84993 Alpha:0.50044
[MOE_TRACE] Group:1 Prob:0.40251 Alpha:0.50164
[MOE_TRACE] Group:2 Prob:0.84096 Alpha:0.50092
[MOE_TRACE] Group:0 Prob:0.84993 Alpha:0.50044
[MOE_TRACE] Group:1 Prob:0.40251 Alpha:0.50164
[MOE_TRACE] Group:2 Prob:0.84096 Alpha:0.50092
[MOE_TRACE] Group:0 Prob:0.85390 Alpha:0.50044
[MOE_TRACE] Group:1 Prob:0.39048 Alpha:0.50164
[MOE_TRACE] Group:2 Prob:0.84511 Alpha:0.50093
[MOE_TRACE] Group:0 Prob:0.85390 Alpha:0.50044
[MOE_TRACE] Group:1 Prob:0.39048 Alpha:0.50164
[MOE_TRACE] Group:2 Prob:0.84511 Alpha:0.50093
[MOE_TRACE] Group:0 Prob:0.85390 Alpha:0.50044
[MOE_TRACE] Group:1 Prob:0.39048 Alpha:0.50164
[MOE_TRACE] Group:2 Prob:0.84511 Alpha:0.50093
[MOE_TRACE] Group:0 Prob:0.85390 Alpha:0.50044
[MOE_TRACE] Group:1 Prob:0.39048 Alpha:0.50164
[MOE_TRACE] Group:2 Prob:0.84511 Alpha:0.50093
[MOE_TRACE] Group:0 Prob:0.84884 Alpha:0.50044
[MOE_TRACE] Group:1 Prob:0.39575 Alpha:0.50164
[MOE_TRACE] Group:2 Prob:0.83832 Alpha:0.50093
[MOE_TRACE] Group:0 Prob:0.84884 Alpha:0.50044
[MOE_TRACE] Group:1 Prob:0.39575 Alpha:0.50164
[MOE_TRACE] Group:2 Prob:0.83832 Alpha:0.50093
[MOE_TRACE] Group:0 Prob:0.84884 Alpha:0.50044
[MOE_TRACE] Group:1 Prob:0.39575 Alpha:0.50164
[MOE_TRACE] Group:2 Prob:0.83920 Alpha:0.50093
[MOE_TRACE] Group:0 Prob:0.84884 Alpha:0.50044
[MOE_TRACE] Group:1 Prob:0.39575 Alpha:0.50164
[MOE_TRACE] Group:2 Prob:0.83920 Alpha:0.50093
[MOE_TRACE] Group:0 Prob:0.85130 Alpha:0.50044
[MOE_TRACE] Group:1 Prob:0.39125 Alpha:0.50164
[MOE_TRACE] Group:2 Prob:0.84382 Alpha:0.50093
[MOE_TRACE] Group:0 Prob:0.85130 Alpha:0.50044
[MOE_TRACE] Group:1 Prob:0.39125 Alpha:0.50164
[MOE_TRACE] Group:2 Prob:0.84382 Alpha:0.50093
[MOE_TRACE] Group:0 Prob:0.85130 Alpha:0.50044
[MOE_TRACE] Group:1 Prob:0.39125 Alpha:0.50164
[MOE_TRACE] Group:2 Prob:0.84382 Alpha:0.50093
[MOE_TRACE] Group:0 Prob:0.85130 Alpha:0.50044
[MOE_TRACE] Group:1 Prob:0.39125 Alpha:0.50164
[MOE_TRACE] Group:2 Prob:0.84382 Alpha:0.50093
[MOE_TRACE] Group:0 Prob:0.85769 Alpha:0.50044
[MOE_TRACE] Group:1 Prob:0.40340 Alpha:0.50165
[MOE_TRACE] Group:2 Prob:0.83989 Alpha:0.50093
[MOE_TRACE] Group:0 Prob:0.85769 Alpha:0.50044
[MOE_TRACE] Group:1 Prob:0.40340 Alpha:0.50165
[MOE_TRACE] Group:2 Prob:0.83989 Alpha:0.50093
[MOE_TRACE] Group:0 Prob:0.85769 Alpha:0.50044
[MOE_TRACE] Group:1 Prob:0.40340 Alpha:0.50165
[MOE_TRACE] Group:2 Prob:0.83989 Alpha:0.50093
[MOE_TRACE] Group:0 Prob:0.85769 Alpha:0.50044
[MOE_TRACE] Group:1 Prob:0.40340 Alpha:0.50165
[MOE_TRACE] Group:2 Prob:0.83989 Alpha:0.50093
[MOE_TRACE] Group:0 Prob:0.85169 Alpha:0.50044
[MOE_TRACE] Group:1 Prob:0.38909 Alpha:0.50165
[MOE_TRACE] Group:2 Prob:0.84578 Alpha:0.50093
[MOE_TRACE] Group:0 Prob:0.85169 Alpha:0.50044
[MOE_TRACE] Group:1 Prob:0.38909 Alpha:0.50165
[MOE_TRACE] Group:2 Prob:0.84578 Alpha:0.50093
[MOE_TRACE] Group:0 Prob:0.85169 Alpha:0.50044
[MOE_TRACE] Group:1 Prob:0.38909 Alpha:0.50165
[MOE_TRACE] Group:2 Prob:0.84578 Alpha:0.50093
[MOE_TRACE] Group:0 Prob:0.85169 Alpha:0.50044
[MOE_TRACE] Group:1 Prob:0.38909 Alpha:0.50165
[MOE_TRACE] Group:2 Prob:0.84578 Alpha:0.50093
[MOE_TRACE] Group:0 Prob:0.84030 Alpha:0.50044
[MOE_TRACE] Group:0 Prob:0.84030 Alpha:0.50044[MOE_TRACE] Group:1 Prob:0.38867 Alpha:0.50165

[MOE_TRACE] Group:2 Prob:0.83060 Alpha:0.50093[MOE_TRACE] Group:1 Prob:0.38867 Alpha:0.50165

[MOE_TRACE] Group:2 Prob:0.83060 Alpha:0.50093
[MOE_TRACE] Group:0 Prob:0.84030 Alpha:0.50044
[MOE_TRACE] Group:1 Prob:0.38867 Alpha:0.50165
[MOE_TRACE] Group:2 Prob:0.83060 Alpha:0.50093
[MOE_TRACE] Group:0 Prob:0.84030 Alpha:0.50044
[MOE_TRACE] Group:1 Prob:0.38867 Alpha:0.50165
[MOE_TRACE] Group:2 Prob:0.83060 Alpha:0.50093
[MOE_TRACE] Group:0 Prob:0.86250 Alpha:0.50045
[MOE_TRACE] Group:1 Prob:0.39704 Alpha:0.50165
[MOE_TRACE] Group:0 Prob:0.86250 Alpha:0.50045
[MOE_TRACE] Group:2 Prob:0.84377 Alpha:0.50093
[MOE_TRACE] Group:1 Prob:0.39704 Alpha:0.50165
[MOE_TRACE] Group:2 Prob:0.84377 Alpha:0.50093
[MOE_TRACE] Group:0 Prob:0.86250 Alpha:0.50045
[MOE_TRACE] Group:1 Prob:0.39704 Alpha:0.50165
[MOE_TRACE] Group:0 Prob:0.86250 Alpha:0.50045
[MOE_TRACE] Group:2 Prob:0.84377 Alpha:0.50093
[MOE_TRACE] Group:1 Prob:0.39704 Alpha:0.50165
[MOE_TRACE] Group:2 Prob:0.84377 Alpha:0.50093
[MOE_TRACE] Group:0 Prob:0.84218 Alpha:0.50045
[MOE_TRACE] Group:1 Prob:0.39997 Alpha:0.50166
[MOE_TRACE] Group:0 Prob:0.84218 Alpha:0.50045
[MOE_TRACE] Group:2 Prob:0.84879 Alpha:0.50093
[MOE_TRACE] Group:0 Prob:0.84218 Alpha:0.50045
[MOE_TRACE] Group:1 Prob:0.39997 Alpha:0.50166
[MOE_TRACE] Group:1 Prob:0.39997 Alpha:0.50166
[MOE_TRACE] Group:2 Prob:0.84879 Alpha:0.50093
[MOE_TRACE] Group:2 Prob:0.84879 Alpha:0.50093
[MOE_TRACE] Group:0 Prob:0.84218 Alpha:0.50045
[MOE_TRACE] Group:1 Prob:0.39997 Alpha:0.50166
[MOE_TRACE] Group:2 Prob:0.84879 Alpha:0.50093
[MOE_TRACE] Group:0 Prob:0.85985 Alpha:0.50045
[MOE_TRACE] Group:1 Prob:0.39474 Alpha:0.50166
[MOE_TRACE] Group:2 Prob:0.84172 Alpha:0.50093
[MOE_TRACE] Group:0 Prob:0.85985 Alpha:0.50045
[MOE_TRACE] Group:1 Prob:0.39474 Alpha:0.50166
[MOE_TRACE] Group:2 Prob:0.83535 Alpha:0.50093
[MOE_TRACE] Group:0 Prob:0.85985 Alpha:0.50045
[MOE_TRACE] Group:1 Prob:0.39474 Alpha:0.50166
[MOE_TRACE] Group:2 Prob:0.83535 Alpha:0.50093
[MOE_TRACE] Group:0 Prob:0.85985 Alpha:0.50045
[MOE_TRACE] Group:1 Prob:0.39474 Alpha:0.50166
[MOE_TRACE] Group:2 Prob:0.83535 Alpha:0.50093
[MOE_TRACE] Group:0 Prob:0.84727 Alpha:0.50045
[MOE_TRACE] Group:1 Prob:0.37997 Alpha:0.50166
[MOE_TRACE] Group:2 Prob:0.83949 Alpha:0.50093
[MOE_TRACE] Group:0 Prob:0.84727 Alpha:0.50045
[MOE_TRACE] Group:0 Prob:0.84727 Alpha:0.50045
[MOE_TRACE] Group:1 Prob:0.37997 Alpha:0.50166
[MOE_TRACE] Group:1 Prob:0.37997 Alpha:0.50166
[MOE_TRACE] Group:2 Prob:0.84060 Alpha:0.50093
[MOE_TRACE] Group:2 Prob:0.84060 Alpha:0.50093
[MOE_TRACE] Group:0 Prob:0.84727 Alpha:0.50045
[MOE_TRACE] Group:1 Prob:0.37997 Alpha:0.50166
[MOE_TRACE] Group:2 Prob:0.84060 Alpha:0.50093
[MOE_TRACE] Group:0 Prob:0.85814 Alpha:0.50045
[MOE_TRACE] Group:0 Prob:0.85814 Alpha:0.50045
[MOE_TRACE] Group:1 Prob:0.37626 Alpha:0.50167
[MOE_TRACE] Group:1 Prob:0.37626 Alpha:0.50167
[MOE_TRACE] Group:2 Prob:0.84186 Alpha:0.50093
[MOE_TRACE] Group:2 Prob:0.84186 Alpha:0.50093
[MOE_TRACE] Group:0 Prob:0.85814 Alpha:0.50045
[MOE_TRACE] Group:1 Prob:0.37626 Alpha:0.50167
[MOE_TRACE] Group:2 Prob:0.84186 Alpha:0.50093
[MOE_TRACE] Group:0 Prob:0.85814 Alpha:0.50045
[MOE_TRACE] Group:1 Prob:0.37626 Alpha:0.50167
[MOE_TRACE] Group:2 Prob:0.84186 Alpha:0.50093
[MOE_TRACE] Group:0 Prob:0.85356 Alpha:0.50045
[MOE_TRACE] Group:0 Prob:0.85356 Alpha:0.50045
[MOE_TRACE] Group:1 Prob:0.39101 Alpha:0.50167
[MOE_TRACE] Group:1 Prob:0.39101 Alpha:0.50167
[MOE_TRACE] Group:2 Prob:0.84099 Alpha:0.50093
[MOE_TRACE] Group:2 Prob:0.84099 Alpha:0.50093
[MOE_TRACE] Group:0 Prob:0.85356 Alpha:0.50045
[MOE_TRACE] Group:1 Prob:0.39101 Alpha:0.50167
[MOE_TRACE] Group:0 Prob:0.85356 Alpha:0.50045[MOE_TRACE] Group:2 Prob:0.84099 Alpha:0.50093

[MOE_TRACE] Group:1 Prob:0.39101 Alpha:0.50167
[MOE_TRACE] Group:2 Prob:0.84099 Alpha:0.50093
[MOE_TRACE] Group:0 Prob:0.84718 Alpha:0.50045[MOE_TRACE] Group:0 Prob:0.84718 Alpha:0.50045

[MOE_TRACE] Group:1 Prob:0.38706 Alpha:0.50167
[MOE_TRACE] Group:1 Prob:0.38706 Alpha:0.50167
[MOE_TRACE] Group:0 Prob:0.84718 Alpha:0.50045[MOE_TRACE] Group:2 Prob:0.83688 Alpha:0.50093

[MOE_TRACE] Group:2 Prob:0.83688 Alpha:0.50093
[MOE_TRACE] Group:1 Prob:0.38706 Alpha:0.50167
[MOE_TRACE] Group:2 Prob:0.83688 Alpha:0.50093
[MOE_TRACE] Group:0 Prob:0.84718 Alpha:0.50045
[MOE_TRACE] Group:1 Prob:0.38706 Alpha:0.50167
[MOE_TRACE] Group:2 Prob:0.83688 Alpha:0.50093
[MOE_TRACE] Group:0 Prob:0.84416 Alpha:0.50045
[MOE_TRACE] Group:0 Prob:0.84416 Alpha:0.50045
[MOE_TRACE] Group:1 Prob:0.38845 Alpha:0.50167
[MOE_TRACE] Group:1 Prob:0.38845 Alpha:0.50167
[MOE_TRACE] Group:2 Prob:0.84047 Alpha:0.50093
[MOE_TRACE] Group:2 Prob:0.84047 Alpha:0.50093
[MOE_TRACE] Group:0 Prob:0.84416 Alpha:0.50045
[MOE_TRACE] Group:1 Prob:0.38845 Alpha:0.50167
[MOE_TRACE] Group:2 Prob:0.84047 Alpha:0.50093
[MOE_TRACE] Group:0 Prob:0.84416 Alpha:0.50045
[MOE_TRACE] Group:1 Prob:0.38845 Alpha:0.50167
[MOE_TRACE] Group:2 Prob:0.84047 Alpha:0.50093
[MOE_TRACE] Group:0 Prob:0.84716 Alpha:0.50046
[MOE_TRACE] Group:1 Prob:0.39588 Alpha:0.50168
[MOE_TRACE] Group:2 Prob:0.84087 Alpha:0.50093
[MOE_TRACE] Group:0 Prob:0.84716 Alpha:0.50046
[MOE_TRACE] Group:1 Prob:0.39588 Alpha:0.50168
[MOE_TRACE] Group:2 Prob:0.84087 Alpha:0.50093
[MOE_TRACE] Group:0 Prob:0.84716 Alpha:0.50046
[MOE_TRACE] Group:1 Prob:0.39588 Alpha:0.50168
[MOE_TRACE] Group:2 Prob:0.84087 Alpha:0.50093
[MOE_TRACE] Group:0 Prob:0.84716 Alpha:0.50046
[MOE_TRACE] Group:1 Prob:0.39588 Alpha:0.50168
[MOE_TRACE] Group:2 Prob:0.84087 Alpha:0.50093
[MOE_TRACE] Group:0 Prob:0.84518 Alpha:0.50046
[MOE_TRACE] Group:1 Prob:0.38580 Alpha:0.50168
[MOE_TRACE] Group:2 Prob:0.83900 Alpha:0.50093
[MOE_TRACE] Group:0 Prob:0.84518 Alpha:0.50046
[MOE_TRACE] Group:1 Prob:0.38580 Alpha:0.50168
[MOE_TRACE] Group:2 Prob:0.83900 Alpha:0.50093
[MOE_TRACE] Group:0 Prob:0.84518 Alpha:0.50046
[MOE_TRACE] Group:1 Prob:0.38580 Alpha:0.50168
[MOE_TRACE] Group:2 Prob:0.83900 Alpha:0.50093
[MOE_TRACE] Group:0 Prob:0.84518 Alpha:0.50046
[MOE_TRACE] Group:1 Prob:0.38580 Alpha:0.50168
[MOE_TRACE] Group:2 Prob:0.83900 Alpha:0.50093
[MOE_TRACE] Group:0 Prob:0.84821 Alpha:0.50046
[MOE_TRACE] Group:1 Prob:0.39663 Alpha:0.50168
[MOE_TRACE] Group:0 Prob:0.84821 Alpha:0.50046
[MOE_TRACE] Group:0 Prob:0.84821 Alpha:0.50046
[MOE_TRACE] Group:1 Prob:0.39663 Alpha:0.50168
[MOE_TRACE] Group:1 Prob:0.39663 Alpha:0.50168
[MOE_TRACE] Group:0 Prob:0.84821 Alpha:0.50046
[MOE_TRACE] Group:1 Prob:0.39663 Alpha:0.50168
[MOE_TRACE] Group:2 Prob:0.84237 Alpha:0.50093
[MOE_TRACE] Group:0 Prob:0.84913 Alpha:0.50046
[MOE_TRACE] Group:1 Prob:0.38845 Alpha:0.50168
[MOE_TRACE] Group:2 Prob:0.83994 Alpha:0.50093
[MOE_TRACE] Group:0 Prob:0.84913 Alpha:0.50046
[MOE_TRACE] Group:1 Prob:0.39332 Alpha:0.50168
[MOE_TRACE] Group:2 Prob:0.84226 Alpha:0.50093
[MOE_TRACE] Group:0 Prob:0.84913 Alpha:0.50046
[MOE_TRACE] Group:0 Prob:0.84913 Alpha:0.50046[MOE_TRACE] Group:1 Prob:0.39332 Alpha:0.50168

[MOE_TRACE] Group:1 Prob:0.39332 Alpha:0.50168
[MOE_TRACE] Group:2 Prob:0.84226 Alpha:0.50093
[MOE_TRACE] Group:2 Prob:0.84226 Alpha:0.50093
[MOE_TRACE] Group:0 Prob:0.85340 Alpha:0.50046
[MOE_TRACE] Group:1 Prob:0.38596 Alpha:0.50169
[MOE_TRACE] Group:2 Prob:0.83761 Alpha:0.50093
[MOE_TRACE] Group:0 Prob:0.85340 Alpha:0.50046
[MOE_TRACE] Group:1 Prob:0.38596 Alpha:0.50169
[MOE_TRACE] Group:2 Prob:0.84663 Alpha:0.50093
[MOE_TRACE] Group:0 Prob:0.85340 Alpha:0.50046
[MOE_TRACE] Group:1 Prob:0.38596 Alpha:0.50169
[MOE_TRACE] Group:2 Prob:0.84663 Alpha:0.50093
[MOE_TRACE] Group:0 Prob:0.85340 Alpha:0.50046
[MOE_TRACE] Group:1 Prob:0.38596 Alpha:0.50169
[MOE_TRACE] Group:2 Prob:0.84663 Alpha:0.50093
[MOE_TRACE] Group:0 Prob:0.85309 Alpha:0.50046
[MOE_TRACE] Group:1 Prob:0.38643 Alpha:0.50169
[MOE_TRACE] Group:2 Prob:0.84480 Alpha:0.50093
[MOE_TRACE] Group:0 Prob:0.85309 Alpha:0.50046
[MOE_TRACE] Group:1 Prob:0.38643 Alpha:0.50169
[MOE_TRACE] Group:2 Prob:0.84480 Alpha:0.50093
[MOE_TRACE] Group:0 Prob:0.85309 Alpha:0.50046
[MOE_TRACE] Group:0 Prob:0.85309 Alpha:0.50046
[MOE_TRACE] Group:1 Prob:0.38643 Alpha:0.50169
[MOE_TRACE] Group:1 Prob:0.38643 Alpha:0.50169
[MOE_TRACE] Group:2 Prob:0.84480 Alpha:0.50093
[MOE_TRACE] Group:2 Prob:0.84480 Alpha:0.50093
[MOE_TRACE] Group:0 Prob:0.84195 Alpha:0.50046
[MOE_TRACE] Group:1 Prob:0.38925 Alpha:0.50169
[MOE_TRACE] Group:2 Prob:0.84030 Alpha:0.50093
[MOE_TRACE] Group:0 Prob:0.84195 Alpha:0.50046
[MOE_TRACE] Group:1 Prob:0.38925 Alpha:0.50169
[MOE_TRACE] Group:2 Prob:0.84030 Alpha:0.50093
[MOE_TRACE] Group:0 Prob:0.84195 Alpha:0.50046
[MOE_TRACE] Group:1 Prob:0.38925 Alpha:0.50169
[MOE_TRACE] Group:2 Prob:0.84030 Alpha:0.50093
[MOE_TRACE] Group:0 Prob:0.84195 Alpha:0.50046
[MOE_TRACE] Group:1 Prob:0.38925 Alpha:0.50169
[MOE_TRACE] Group:2 Prob:0.84030 Alpha:0.50093
[MOE_TRACE] Group:0 Prob:0.84462 Alpha:0.50046
[MOE_TRACE] Group:1 Prob:0.38630 Alpha:0.50169
[MOE_TRACE] Group:2 Prob:0.83882 Alpha:0.50093
[MOE_TRACE] Group:0 Prob:0.84462 Alpha:0.50046
[MOE_TRACE] Group:1 Prob:0.38630 Alpha:0.50169
[MOE_TRACE] Group:0 Prob:0.84462 Alpha:0.50046
[MOE_TRACE] Group:1 Prob:0.38630 Alpha:0.50169
[MOE_TRACE] Group:2 Prob:0.84361 Alpha:0.50093
[MOE_TRACE] Group:2 Prob:0.84361 Alpha:0.50093
[MOE_TRACE] Group:0 Prob:0.84462 Alpha:0.50046
[MOE_TRACE] Group:1 Prob:0.38630 Alpha:0.50169
[MOE_TRACE] Group:2 Prob:0.84361 Alpha:0.50093
[MOE_TRACE] Group:0 Prob:0.84530 Alpha:0.50046
[MOE_TRACE] Group:1 Prob:0.37730 Alpha:0.50169
[MOE_TRACE] Group:2 Prob:0.84756 Alpha:0.50093
[MOE_TRACE] Group:0 Prob:0.84530 Alpha:0.50046
[MOE_TRACE] Group:1 Prob:0.37730 Alpha:0.50169
[MOE_TRACE] Group:2 Prob:0.84756 Alpha:0.50093
[MOE_TRACE] Group:0 Prob:0.84530 Alpha:0.50046
[MOE_TRACE] Group:1 Prob:0.37730 Alpha:0.50169
[MOE_TRACE] Group:2 Prob:0.84553 Alpha:0.50093
[MOE_TRACE] Group:0 Prob:0.84530 Alpha:0.50046
[MOE_TRACE] Group:1 Prob:0.37730 Alpha:0.50169
[MOE_TRACE] Group:2 Prob:0.84553 Alpha:0.50093
[MOE_TRACE] Group:0 Prob:0.85053 Alpha:0.50047
[MOE_TRACE] Group:1 Prob:0.37482 Alpha:0.50170
[MOE_TRACE] Group:2 Prob:0.83867 Alpha:0.50093
[MOE_TRACE] Group:0 Prob:0.85053 Alpha:0.50047
[MOE_TRACE] Group:1 Prob:0.37482 Alpha:0.50170
[MOE_TRACE] Group:2 Prob:0.83867 Alpha:0.50093
[MOE_TRACE] Group:0 Prob:0.85053 Alpha:0.50047
[MOE_TRACE] Group:1 Prob:0.37482 Alpha:0.50170
[MOE_TRACE] Group:2 Prob:0.83867 Alpha:0.50093
[MOE_TRACE] Group:0 Prob:0.85053 Alpha:0.50047
[MOE_TRACE] Group:1 Prob:0.37482 Alpha:0.50170
[MOE_TRACE] Group:2 Prob:0.83867 Alpha:0.50093
[MOE_TRACE] Group:0 Prob:0.84896 Alpha:0.50047
[MOE_TRACE] Group:1 Prob:0.38804 Alpha:0.50170
[MOE_TRACE] Group:2 Prob:0.84091 Alpha:0.50093
[MOE_TRACE] Group:0 Prob:0.84896 Alpha:0.50047
[MOE_TRACE] Group:1 Prob:0.38804 Alpha:0.50170
[MOE_TRACE] Group:2 Prob:0.84091 Alpha:0.50093
[MOE_TRACE] Group:0 Prob:0.84896 Alpha:0.50047
[MOE_TRACE] Group:1 Prob:0.38804 Alpha:0.50170
[MOE_TRACE] Group:2 Prob:0.84091 Alpha:0.50093
[MOE_TRACE] Group:0 Prob:0.84896 Alpha:0.50047
[MOE_TRACE] Group:1 Prob:0.38804 Alpha:0.50170
[MOE_TRACE] Group:2 Prob:0.84091 Alpha:0.50093
[MOE_TRACE] Group:0 Prob:0.83954 Alpha:0.50047
[MOE_TRACE] Group:0 Prob:0.83954 Alpha:0.50047
[MOE_TRACE] Group:1 Prob:0.39009 Alpha:0.50171
[MOE_TRACE] Group:1 Prob:0.39009 Alpha:0.50171
[MOE_TRACE] Group:2 Prob:0.83563 Alpha:0.50093
[MOE_TRACE] Group:2 Prob:0.83563 Alpha:0.50093
[MOE_TRACE] Group:0 Prob:0.83954 Alpha:0.50047
[MOE_TRACE] Group:1 Prob:0.39009 Alpha:0.50171
[MOE_TRACE] Group:2 Prob:0.83563 Alpha:0.50093
[MOE_TRACE] Group:0 Prob:0.83954 Alpha:0.50047
[MOE_TRACE] Group:1 Prob:0.39009 Alpha:0.50171
[MOE_TRACE] Group:2 Prob:0.83563 Alpha:0.50093
[MOE_TRACE] Group:0 Prob:0.85794 Alpha:0.50047
[MOE_TRACE] Group:1 Prob:0.38291 Alpha:0.50171
[MOE_TRACE] Group:2 Prob:0.83943 Alpha:0.50093
[MOE_TRACE] Group:0 Prob:0.85794 Alpha:0.50047
[MOE_TRACE] Group:1 Prob:0.38291 Alpha:0.50171
[MOE_TRACE] Group:2 Prob:0.83943 Alpha:0.50093
[MOE_TRACE] Group:0 Prob:0.85794 Alpha:0.50047
[MOE_TRACE] Group:1 Prob:0.38291 Alpha:0.50171
[MOE_TRACE] Group:2 Prob:0.83943 Alpha:0.50093
[MOE_TRACE] Group:0 Prob:0.85794 Alpha:0.50047
[MOE_TRACE] Group:1 Prob:0.38291 Alpha:0.50171
[MOE_TRACE] Group:2 Prob:0.83943 Alpha:0.50093
[MOE_TRACE] Group:0 Prob:0.83211 Alpha:0.50047
[MOE_TRACE] Group:1 Prob:0.38774 Alpha:0.50172
[MOE_TRACE] Group:2 Prob:0.83722 Alpha:0.50094
[MOE_TRACE] Group:0 Prob:0.83211 Alpha:0.50047
[MOE_TRACE] Group:1 Prob:0.38774 Alpha:0.50172
[MOE_TRACE] Group:2 Prob:0.83722 Alpha:0.50094
[MOE_TRACE] Group:0 Prob:0.83211 Alpha:0.50047
[MOE_TRACE] Group:1 Prob:0.38774 Alpha:0.50172
[MOE_TRACE] Group:2 Prob:0.83722 Alpha:0.50094
[MOE_TRACE] Group:0 Prob:0.83211 Alpha:0.50047
[MOE_TRACE] Group:1 Prob:0.38774 Alpha:0.50172
[MOE_TRACE] Group:2 Prob:0.83722 Alpha:0.50094
[MOE_TRACE] Group:0 Prob:0.84337 Alpha:0.50047
[MOE_TRACE] Group:0 Prob:0.84337 Alpha:0.50047
[MOE_TRACE] Group:1 Prob:0.37156 Alpha:0.50172
[MOE_TRACE] Group:1 Prob:0.37156 Alpha:0.50172
[MOE_TRACE] Group:2 Prob:0.84120 Alpha:0.50094
[MOE_TRACE] Group:2 Prob:0.84120 Alpha:0.50094
[MOE_TRACE] Group:0 Prob:0.84337 Alpha:0.50047
[MOE_TRACE] Group:1 Prob:0.37156 Alpha:0.50172
[MOE_TRACE] Group:2 Prob:0.84120 Alpha:0.50094
[MOE_TRACE] Group:0 Prob:0.84337 Alpha:0.50047
[MOE_TRACE] Group:1 Prob:0.37156 Alpha:0.50172
[MOE_TRACE] Group:2 Prob:0.84120 Alpha:0.50094
[MOE_TRACE] Group:0 Prob:0.83914 Alpha:0.50047
[MOE_TRACE] Group:1 Prob:0.38605 Alpha:0.50173
[MOE_TRACE] Group:0 Prob:0.83914 Alpha:0.50047
[MOE_TRACE] Group:2 Prob:0.83387 Alpha:0.50094[MOE_TRACE] Group:1 Prob:0.38605 Alpha:0.50173

[MOE_TRACE] Group:2 Prob:0.83387 Alpha:0.50094
[MOE_TRACE] Group:0 Prob:0.83914 Alpha:0.50047
[MOE_TRACE] Group:1 Prob:0.38605 Alpha:0.50173
[MOE_TRACE] Group:2 Prob:0.83387 Alpha:0.50094
[MOE_TRACE] Group:0 Prob:0.83914 Alpha:0.50047
[MOE_TRACE] Group:1 Prob:0.38605 Alpha:0.50173
[MOE_TRACE] Group:2 Prob:0.83387 Alpha:0.50094
[MOE_TRACE] Group:0 Prob:0.83915 Alpha:0.50047
[MOE_TRACE] Group:1 Prob:0.37805 Alpha:0.50173
[MOE_TRACE] Group:2 Prob:0.83802 Alpha:0.50094
[MOE_TRACE] Group:0 Prob:0.83915 Alpha:0.50047
[MOE_TRACE] Group:1 Prob:0.37805 Alpha:0.50173
[MOE_TRACE] Group:2 Prob:0.83802 Alpha:0.50094
[MOE_TRACE] Group:0 Prob:0.83915 Alpha:0.50047
[MOE_TRACE] Group:1 Prob:0.37805 Alpha:0.50173
[MOE_TRACE] Group:2 Prob:0.83802 Alpha:0.50094
[MOE_TRACE] Group:0 Prob:0.83915 Alpha:0.50047
[MOE_TRACE] Group:1 Prob:0.37805 Alpha:0.50173
[MOE_TRACE] Group:2 Prob:0.83802 Alpha:0.50094
[MOE_TRACE] Group:0 Prob:0.85089 Alpha:0.50047
[MOE_TRACE] Group:0 Prob:0.85089 Alpha:0.50047
[MOE_TRACE] Group:1 Prob:0.37900 Alpha:0.50173[MOE_TRACE] Group:1 Prob:0.37900 Alpha:0.50173

[MOE_TRACE] Group:2 Prob:0.83687 Alpha:0.50094
[MOE_TRACE] Group:2 Prob:0.83687 Alpha:0.50094
[MOE_TRACE] Group:0 Prob:0.85089 Alpha:0.50047
[MOE_TRACE] Group:1 Prob:0.37900 Alpha:0.50173
[MOE_TRACE] Group:2 Prob:0.83687 Alpha:0.50094
[MOE_TRACE] Group:0 Prob:0.85089 Alpha:0.50047
[MOE_TRACE] Group:1 Prob:0.37900 Alpha:0.50173
[MOE_TRACE] Group:2 Prob:0.83687 Alpha:0.50094
[MOE_TRACE] Group:0 Prob:0.85630 Alpha:0.50047
[MOE_TRACE] Group:1 Prob:0.38617 Alpha:0.50174
[MOE_TRACE] Group:2 Prob:0.84210 Alpha:0.50094
[MOE_TRACE] Group:0 Prob:0.85630 Alpha:0.50047
[MOE_TRACE] Group:1 Prob:0.38617 Alpha:0.50174
[MOE_TRACE] Group:2 Prob:0.84210 Alpha:0.50094
[MOE_TRACE] Group:0 Prob:0.85630 Alpha:0.50047
[MOE_TRACE] Group:1 Prob:0.38617 Alpha:0.50174
[MOE_TRACE] Group:2 Prob:0.84210 Alpha:0.50094
[MOE_TRACE] Group:0 Prob:0.85630 Alpha:0.50047
[MOE_TRACE] Group:1 Prob:0.38617 Alpha:0.50174
[MOE_TRACE] Group:2 Prob:0.84210 Alpha:0.50094
[MOE_TRACE] Group:0 Prob:0.84494 Alpha:0.50047
[MOE_TRACE] Group:1 Prob:0.38085 Alpha:0.50174
[MOE_TRACE] Group:2 Prob:0.84201 Alpha:0.50094
[MOE_TRACE] Group:0 Prob:0.84494 Alpha:0.50047
[MOE_TRACE] Group:1 Prob:0.38085 Alpha:0.50174
[MOE_TRACE] Group:2 Prob:0.84201 Alpha:0.50094
[MOE_TRACE] Group:0 Prob:0.84494 Alpha:0.50047
[MOE_TRACE] Group:1 Prob:0.38085 Alpha:0.50174
[MOE_TRACE] Group:2 Prob:0.84201 Alpha:0.50094
[MOE_TRACE] Group:0 Prob:0.84494 Alpha:0.50047
[MOE_TRACE] Group:1 Prob:0.38085 Alpha:0.50174
[MOE_TRACE] Group:2 Prob:0.84201 Alpha:0.50094
[MOE_TRACE] Group:0 Prob:0.84165 Alpha:0.50047
[MOE_TRACE] Group:1 Prob:0.38116 Alpha:0.50174
[MOE_TRACE] Group:0 Prob:0.84165 Alpha:0.50047
[MOE_TRACE] Group:2 Prob:0.83133 Alpha:0.50094
[MOE_TRACE] Group:0 Prob:0.84165 Alpha:0.50047
[MOE_TRACE] Group:1 Prob:0.38116 Alpha:0.50174
[MOE_TRACE] Group:2 Prob:0.83133 Alpha:0.50094
[MOE_TRACE] Group:1 Prob:0.38116 Alpha:0.50174
[MOE_TRACE] Group:2 Prob:0.83133 Alpha:0.50094
[MOE_TRACE] Group:0 Prob:0.84165 Alpha:0.50047
[MOE_TRACE] Group:1 Prob:0.38116 Alpha:0.50174
[MOE_TRACE] Group:2 Prob:0.83133 Alpha:0.50094
[MOE_TRACE] Group:0 Prob:0.84198 Alpha:0.50047
[MOE_TRACE] Group:1 Prob:0.37452 Alpha:0.50175
[MOE_TRACE] Group:2 Prob:0.83242 Alpha:0.50094
[MOE_TRACE] Group:0 Prob:0.84198 Alpha:0.50047
[MOE_TRACE] Group:1 Prob:0.37452 Alpha:0.50175
[MOE_TRACE] Group:2 Prob:0.83242 Alpha:0.50094
[MOE_TRACE] Group:0 Prob:0.84198 Alpha:0.50047
[MOE_TRACE] Group:1 Prob:0.37452 Alpha:0.50175
[MOE_TRACE] Group:2 Prob:0.83242 Alpha:0.50094
[MOE_TRACE] Group:0 Prob:0.84198 Alpha:0.50047
[MOE_TRACE] Group:1 Prob:0.37452 Alpha:0.50175
[MOE_TRACE] Group:2 Prob:0.83242 Alpha:0.50094
[MOE_TRACE] Group:0 Prob:0.84697 Alpha:0.50047
[MOE_TRACE] Group:1 Prob:0.38017 Alpha:0.50175
[MOE_TRACE] Group:0 Prob:0.84697 Alpha:0.50047
[MOE_TRACE] Group:2 Prob:0.84296 Alpha:0.50094
[MOE_TRACE] Group:1 Prob:0.38017 Alpha:0.50175
[MOE_TRACE] Group:2 Prob:0.84296 Alpha:0.50094
[MOE_TRACE] Group:0 Prob:0.84697 Alpha:0.50047
[MOE_TRACE] Group:0 Prob:0.84697 Alpha:0.50047[MOE_TRACE] Group:1 Prob:0.38017 Alpha:0.50175

[MOE_TRACE] Group:1 Prob:0.38017 Alpha:0.50175
[MOE_TRACE] Group:2 Prob:0.84296 Alpha:0.50094
[MOE_TRACE] Group:2 Prob:0.84296 Alpha:0.50094
[MOE_TRACE] Group:0 Prob:0.84772 Alpha:0.50047
[MOE_TRACE] Group:0 Prob:0.84772 Alpha:0.50047
[MOE_TRACE] Group:1 Prob:0.38695 Alpha:0.50176
[MOE_TRACE] Group:2 Prob:0.83607 Alpha:0.50094[MOE_TRACE] Group:1 Prob:0.38695 Alpha:0.50176

[MOE_TRACE] Group:2 Prob:0.83607 Alpha:0.50094
[MOE_TRACE] Group:0 Prob:0.84772 Alpha:0.50047
[MOE_TRACE] Group:1 Prob:0.38695 Alpha:0.50176
[MOE_TRACE] Group:2 Prob:0.83607 Alpha:0.50094
[MOE_TRACE] Group:0 Prob:0.84772 Alpha:0.50047
[MOE_TRACE] Group:1 Prob:0.38695 Alpha:0.50176
[MOE_TRACE] Group:2 Prob:0.83607 Alpha:0.50094
[MOE_TRACE] Group:0 Prob:0.84758 Alpha:0.50047
[MOE_TRACE] Group:1 Prob:0.38431 Alpha:0.50176
[MOE_TRACE] Group:2 Prob:0.84468 Alpha:0.50094
[MOE_TRACE] Group:0 Prob:0.84758 Alpha:0.50047
[MOE_TRACE] Group:1 Prob:0.38431 Alpha:0.50176
[MOE_TRACE] Group:2 Prob:0.84468 Alpha:0.50094
[MOE_TRACE] Group:0 Prob:0.84758 Alpha:0.50047
[MOE_TRACE] Group:0 Prob:0.84758 Alpha:0.50047
[MOE_TRACE] Group:1 Prob:0.38431 Alpha:0.50176
[MOE_TRACE] Group:1 Prob:0.38431 Alpha:0.50176
[MOE_TRACE] Group:2 Prob:0.84468 Alpha:0.50094
[MOE_TRACE] Group:2 Prob:0.84468 Alpha:0.50094
[MOE_TRACE] Group:0 Prob:0.85394 Alpha:0.50046
[MOE_TRACE] Group:0 Prob:0.85394 Alpha:0.50046
[MOE_TRACE] Group:1 Prob:0.38207 Alpha:0.50176
[MOE_TRACE] Group:1 Prob:0.38207 Alpha:0.50176
[MOE_TRACE] Group:2 Prob:0.83487 Alpha:0.50094
[MOE_TRACE] Group:2 Prob:0.83487 Alpha:0.50094
[MOE_TRACE] Group:0 Prob:0.85394 Alpha:0.50046
[MOE_TRACE] Group:0 Prob:0.85394 Alpha:0.50046[MOE_TRACE] Group:1 Prob:0.38207 Alpha:0.50176

[MOE_TRACE] Group:1 Prob:0.38207 Alpha:0.50176[MOE_TRACE] Group:2 Prob:0.83487 Alpha:0.50094

[MOE_TRACE] Group:2 Prob:0.83487 Alpha:0.50094
[MOE_TRACE] Group:0 Prob:0.85250 Alpha:0.50046
[MOE_TRACE] Group:1 Prob:0.36824 Alpha:0.50177
[MOE_TRACE] Group:0 Prob:0.85250 Alpha:0.50046
[MOE_TRACE] Group:2 Prob:0.82895 Alpha:0.50094
[MOE_TRACE] Group:0 Prob:0.85250 Alpha:0.50046
[MOE_TRACE] Group:1 Prob:0.36824 Alpha:0.50177
[MOE_TRACE] Group:1 Prob:0.36824 Alpha:0.50177
[MOE_TRACE] Group:2 Prob:0.83261 Alpha:0.50094
[MOE_TRACE] Group:2 Prob:0.83261 Alpha:0.50094
[MOE_TRACE] Group:0 Prob:0.85250 Alpha:0.50046
[MOE_TRACE] Group:1 Prob:0.36824 Alpha:0.50177
[MOE_TRACE] Group:2 Prob:0.83261 Alpha:0.50094
[MOE_TRACE] Group:0 Prob:0.85373 Alpha:0.50046
[MOE_TRACE] Group:1 Prob:0.38063 Alpha:0.50177
[MOE_TRACE] Group:2 Prob:0.83225 Alpha:0.50094
[MOE_TRACE] Group:0 Prob:0.85373 Alpha:0.50046
[MOE_TRACE] Group:1 Prob:0.38063 Alpha:0.50177
[MOE_TRACE] Group:2 Prob:0.83676 Alpha:0.50094
[MOE_TRACE] Group:0 Prob:0.85373 Alpha:0.50046
[MOE_TRACE] Group:1 Prob:0.38063 Alpha:0.50177
[MOE_TRACE] Group:2 Prob:0.83676 Alpha:0.50094
[MOE_TRACE] Group:0 Prob:0.85373 Alpha:0.50046
[MOE_TRACE] Group:1 Prob:0.38063 Alpha:0.50177
[MOE_TRACE] Group:2 Prob:0.83676 Alpha:0.50094
[MOE_TRACE] Group:0 Prob:0.84410 Alpha:0.50046
[MOE_TRACE] Group:0 Prob:0.84410 Alpha:0.50046
[MOE_TRACE] Group:1 Prob:0.37914 Alpha:0.50177
[MOE_TRACE] Group:1 Prob:0.37914 Alpha:0.50177
[MOE_TRACE] Group:2 Prob:0.83636 Alpha:0.50094
[MOE_TRACE] Group:2 Prob:0.83636 Alpha:0.50094
[MOE_TRACE] Group:0 Prob:0.84410 Alpha:0.50046
[MOE_TRACE] Group:1 Prob:0.37914 Alpha:0.50177
[MOE_TRACE] Group:2 Prob:0.83636 Alpha:0.50094
[MOE_TRACE] Group:0 Prob:0.84410 Alpha:0.50046
[MOE_TRACE] Group:1 Prob:0.37914 Alpha:0.50177
[MOE_TRACE] Group:2 Prob:0.83636 Alpha:0.50094
[MOE_TRACE] Group:0 Prob:0.84560 Alpha:0.50047
[MOE_TRACE] Group:1 Prob:0.37854 Alpha:0.50178
[MOE_TRACE] Group:2 Prob:0.83438 Alpha:0.50094
[MOE_TRACE] Group:0 Prob:0.84560 Alpha:0.50047
[MOE_TRACE] Group:1 Prob:0.37854 Alpha:0.50178
[MOE_TRACE] Group:2 Prob:0.83438 Alpha:0.50094
[MOE_TRACE] Group:0 Prob:0.84560 Alpha:0.50047
[MOE_TRACE] Group:1 Prob:0.37854 Alpha:0.50178
[MOE_TRACE] Group:2 Prob:0.83438 Alpha:0.50094
[MOE_TRACE] Group:0 Prob:0.84560 Alpha:0.50047
[MOE_TRACE] Group:1 Prob:0.37854 Alpha:0.50178
[MOE_TRACE] Group:2 Prob:0.83438 Alpha:0.50094
	iters: 100, epoch: 4 | loss: 0.3384096
	speed: 4.5875s/iter; left time: 4266.3451s
[MOE_TRACE] Group:0 Prob:0.85920 Alpha:0.50047[MOE_TRACE] Group:0 Prob:0.85920 Alpha:0.50047

[MOE_TRACE] Group:0 Prob:0.85920 Alpha:0.50047
[MOE_TRACE] Group:1 Prob:0.37406 Alpha:0.50178
[MOE_TRACE] Group:1 Prob:0.37406 Alpha:0.50178
[MOE_TRACE] Group:1 Prob:0.37406 Alpha:0.50178[MOE_TRACE] Group:2 Prob:0.83094 Alpha:0.50094

[MOE_TRACE] Group:2 Prob:0.83094 Alpha:0.50094
[MOE_TRACE] Group:2 Prob:0.83094 Alpha:0.50094
[MOE_TRACE] Group:0 Prob:0.85920 Alpha:0.50047
[MOE_TRACE] Group:1 Prob:0.37406 Alpha:0.50178
[MOE_TRACE] Group:2 Prob:0.83094 Alpha:0.50094
[MOE_TRACE] Group:0 Prob:0.85500 Alpha:0.50047
[MOE_TRACE] Group:1 Prob:0.38417 Alpha:0.50179
[MOE_TRACE] Group:2 Prob:0.83905 Alpha:0.50094
[MOE_TRACE] Group:0 Prob:0.85500 Alpha:0.50047
[MOE_TRACE] Group:1 Prob:0.38417 Alpha:0.50179
[MOE_TRACE] Group:2 Prob:0.83905 Alpha:0.50094
[MOE_TRACE] Group:0 Prob:0.85500 Alpha:0.50047[MOE_TRACE] Group:0 Prob:0.85500 Alpha:0.50047

[MOE_TRACE] Group:1 Prob:0.38417 Alpha:0.50179
[MOE_TRACE] Group:1 Prob:0.38417 Alpha:0.50179
[MOE_TRACE] Group:2 Prob:0.83905 Alpha:0.50094
[MOE_TRACE] Group:2 Prob:0.83905 Alpha:0.50094
[MOE_TRACE] Group:0 Prob:0.84886 Alpha:0.50047
[MOE_TRACE] Group:1 Prob:0.36944 Alpha:0.50179
[MOE_TRACE] Group:0 Prob:0.84886 Alpha:0.50047
[MOE_TRACE] Group:1 Prob:0.36944 Alpha:0.50179
[MOE_TRACE] Group:2 Prob:0.83559 Alpha:0.50094
[MOE_TRACE] Group:2 Prob:0.83559 Alpha:0.50094
[MOE_TRACE] Group:0 Prob:0.84886 Alpha:0.50047
[MOE_TRACE] Group:1 Prob:0.36944 Alpha:0.50179
[MOE_TRACE] Group:2 Prob:0.84451 Alpha:0.50094
[MOE_TRACE] Group:0 Prob:0.84886 Alpha:0.50047
[MOE_TRACE] Group:1 Prob:0.36944 Alpha:0.50179
[MOE_TRACE] Group:2 Prob:0.84451 Alpha:0.50094
[MOE_TRACE] Group:0 Prob:0.84834 Alpha:0.50047
[MOE_TRACE] Group:1 Prob:0.38072 Alpha:0.50179
[MOE_TRACE] Group:2 Prob:0.83754 Alpha:0.50093
[MOE_TRACE] Group:0 Prob:0.84834 Alpha:0.50047
[MOE_TRACE] Group:1 Prob:0.38072 Alpha:0.50179
[MOE_TRACE] Group:2 Prob:0.83754 Alpha:0.50093
[MOE_TRACE] Group:0 Prob:0.84834 Alpha:0.50047
[MOE_TRACE] Group:1 Prob:0.38072 Alpha:0.50179
[MOE_TRACE] Group:2 Prob:0.83754 Alpha:0.50093
[MOE_TRACE] Group:0 Prob:0.84834 Alpha:0.50047
[MOE_TRACE] Group:1 Prob:0.38072 Alpha:0.50179
[MOE_TRACE] Group:2 Prob:0.83754 Alpha:0.50093
[MOE_TRACE] Group:0 Prob:0.85642 Alpha:0.50047
[MOE_TRACE] Group:1 Prob:0.37754 Alpha:0.50180
[MOE_TRACE] Group:2 Prob:0.83786 Alpha:0.50094
[MOE_TRACE] Group:0 Prob:0.85642 Alpha:0.50047
[MOE_TRACE] Group:1 Prob:0.37754 Alpha:0.50180
[MOE_TRACE] Group:2 Prob:0.83786 Alpha:0.50094
[MOE_TRACE] Group:0 Prob:0.85642 Alpha:0.50047
[MOE_TRACE] Group:1 Prob:0.37754 Alpha:0.50180
[MOE_TRACE] Group:2 Prob:0.83786 Alpha:0.50094
[MOE_TRACE] Group:0 Prob:0.85642 Alpha:0.50047
[MOE_TRACE] Group:1 Prob:0.37754 Alpha:0.50180
[MOE_TRACE] Group:2 Prob:0.83786 Alpha:0.50094
[MOE_TRACE] Group:0 Prob:0.85639 Alpha:0.50047
[MOE_TRACE] Group:1 Prob:0.37936 Alpha:0.50180
[MOE_TRACE] Group:2 Prob:0.83656 Alpha:0.50094
[MOE_TRACE] Group:0 Prob:0.85639 Alpha:0.50047
[MOE_TRACE] Group:0 Prob:0.85639 Alpha:0.50047
[MOE_TRACE] Group:1 Prob:0.37936 Alpha:0.50180
[MOE_TRACE] Group:1 Prob:0.37936 Alpha:0.50180
[MOE_TRACE] Group:2 Prob:0.83656 Alpha:0.50094
[MOE_TRACE] Group:2 Prob:0.83656 Alpha:0.50094
[MOE_TRACE] Group:0 Prob:0.85639 Alpha:0.50047
[MOE_TRACE] Group:1 Prob:0.37936 Alpha:0.50180
[MOE_TRACE] Group:2 Prob:0.83656 Alpha:0.50094
[MOE_TRACE] Group:0 Prob:0.84594 Alpha:0.50047
[MOE_TRACE] Group:1 Prob:0.38139 Alpha:0.50180
[MOE_TRACE] Group:2 Prob:0.83980 Alpha:0.50094
[MOE_TRACE] Group:0 Prob:0.84594 Alpha:0.50047
[MOE_TRACE] Group:1 Prob:0.38139 Alpha:0.50180
[MOE_TRACE] Group:2 Prob:0.83980 Alpha:0.50094
[MOE_TRACE] Group:0 Prob:0.84594 Alpha:0.50047
[MOE_TRACE] Group:1 Prob:0.38139 Alpha:0.50180
[MOE_TRACE] Group:2 Prob:0.83980 Alpha:0.50094
[MOE_TRACE] Group:0 Prob:0.84594 Alpha:0.50047
[MOE_TRACE] Group:1 Prob:0.38139 Alpha:0.50180
[MOE_TRACE] Group:2 Prob:0.83980 Alpha:0.50094
[MOE_TRACE] Group:0 Prob:0.85426 Alpha:0.50046
[MOE_TRACE] Group:1 Prob:0.37958 Alpha:0.50180
[MOE_TRACE] Group:2 Prob:0.83620 Alpha:0.50094
[MOE_TRACE] Group:0 Prob:0.85426 Alpha:0.50046
[MOE_TRACE] Group:1 Prob:0.37958 Alpha:0.50180
[MOE_TRACE] Group:2 Prob:0.83620 Alpha:0.50094
[MOE_TRACE] Group:0 Prob:0.85426 Alpha:0.50046
[MOE_TRACE] Group:1 Prob:0.37958 Alpha:0.50180
[MOE_TRACE] Group:2 Prob:0.83620 Alpha:0.50094
[MOE_TRACE] Group:0 Prob:0.85426 Alpha:0.50046
[MOE_TRACE] Group:1 Prob:0.37958 Alpha:0.50180
[MOE_TRACE] Group:2 Prob:0.83620 Alpha:0.50094
[MOE_TRACE] Group:0 Prob:0.84963 Alpha:0.50046
[MOE_TRACE] Group:1 Prob:0.37881 Alpha:0.50180
[MOE_TRACE] Group:2 Prob:0.82795 Alpha:0.50094
[MOE_TRACE] Group:0 Prob:0.84963 Alpha:0.50046
[MOE_TRACE] Group:1 Prob:0.37881 Alpha:0.50180
[MOE_TRACE] Group:2 Prob:0.82795 Alpha:0.50094
[MOE_TRACE] Group:0 Prob:0.84963 Alpha:0.50046
[MOE_TRACE] Group:1 Prob:0.37881 Alpha:0.50180
[MOE_TRACE] Group:2 Prob:0.82795 Alpha:0.50094
[MOE_TRACE] Group:0 Prob:0.84963 Alpha:0.50046
[MOE_TRACE] Group:1 Prob:0.37881 Alpha:0.50180
[MOE_TRACE] Group:2 Prob:0.82795 Alpha:0.50094
[MOE_TRACE] Group:0 Prob:0.85302 Alpha:0.50046
[MOE_TRACE] Group:1 Prob:0.36907 Alpha:0.50180
[MOE_TRACE] Group:2 Prob:0.84165 Alpha:0.50094
[MOE_TRACE] Group:0 Prob:0.85302 Alpha:0.50046
[MOE_TRACE] Group:0 Prob:0.85302 Alpha:0.50046
[MOE_TRACE] Group:1 Prob:0.36907 Alpha:0.50180
[MOE_TRACE] Group:1 Prob:0.36907 Alpha:0.50180
[MOE_TRACE] Group:2 Prob:0.83173 Alpha:0.50094
[MOE_TRACE] Group:2 Prob:0.83173 Alpha:0.50094
[MOE_TRACE] Group:0 Prob:0.85302 Alpha:0.50046
[MOE_TRACE] Group:1 Prob:0.36907 Alpha:0.50180
[MOE_TRACE] Group:2 Prob:0.83173 Alpha:0.50094
[MOE_TRACE] Group:0 Prob:0.84324 Alpha:0.50046
[MOE_TRACE] Group:1 Prob:0.36832 Alpha:0.50181
[MOE_TRACE] Group:0 Prob:0.84324 Alpha:0.50046
[MOE_TRACE] Group:2 Prob:0.82806 Alpha:0.50094
[MOE_TRACE] Group:1 Prob:0.36832 Alpha:0.50181
[MOE_TRACE] Group:2 Prob:0.82806 Alpha:0.50094
[MOE_TRACE] Group:0 Prob:0.84324 Alpha:0.50046
[MOE_TRACE] Group:1 Prob:0.36832 Alpha:0.50181
[MOE_TRACE] Group:2 Prob:0.82806 Alpha:0.50094
[MOE_TRACE] Group:0 Prob:0.84324 Alpha:0.50046
[MOE_TRACE] Group:1 Prob:0.36832 Alpha:0.50181
[MOE_TRACE] Group:2 Prob:0.82806 Alpha:0.50094
[MOE_TRACE] Group:0 Prob:0.84393 Alpha:0.50046
[MOE_TRACE] Group:1 Prob:0.37828 Alpha:0.50181
[MOE_TRACE] Group:2 Prob:0.83455 Alpha:0.50094
[MOE_TRACE] Group:0 Prob:0.84393 Alpha:0.50046
[MOE_TRACE] Group:1 Prob:0.37828 Alpha:0.50181
[MOE_TRACE] Group:0 Prob:0.84393 Alpha:0.50046
[MOE_TRACE] Group:2 Prob:0.83455 Alpha:0.50094
[MOE_TRACE] Group:1 Prob:0.37828 Alpha:0.50181
[MOE_TRACE] Group:2 Prob:0.83455 Alpha:0.50094
[MOE_TRACE] Group:0 Prob:0.84393 Alpha:0.50046
[MOE_TRACE] Group:1 Prob:0.37828 Alpha:0.50181
[MOE_TRACE] Group:2 Prob:0.83455 Alpha:0.50094
[MOE_TRACE] Group:0 Prob:0.84459 Alpha:0.50046
[MOE_TRACE] Group:2 Prob:0.84124 Alpha:0.50094
[MOE_TRACE] Group:0 Prob:0.84459 Alpha:0.50046
[MOE_TRACE] Group:1 Prob:0.36723 Alpha:0.50181[MOE_TRACE] Group:0 Prob:0.84459 Alpha:0.50046

[MOE_TRACE] Group:2 Prob:0.84124 Alpha:0.50094
[MOE_TRACE] Group:1 Prob:0.36723 Alpha:0.50181
[MOE_TRACE] Group:2 Prob:0.84124 Alpha:0.50094
[MOE_TRACE] Group:0 Prob:0.84459 Alpha:0.50046
[MOE_TRACE] Group:1 Prob:0.36723 Alpha:0.50181
[MOE_TRACE] Group:2 Prob:0.84020 Alpha:0.50094
[MOE_TRACE] Group:0 Prob:0.85461 Alpha:0.50047
[MOE_TRACE] Group:1 Prob:0.36693 Alpha:0.50182
[MOE_TRACE] Group:2 Prob:0.83773 Alpha:0.50094
[MOE_TRACE] Group:0 Prob:0.85461 Alpha:0.50047
[MOE_TRACE] Group:1 Prob:0.36693 Alpha:0.50182
[MOE_TRACE] Group:2 Prob:0.83858 Alpha:0.50094
[MOE_TRACE] Group:0 Prob:0.85461 Alpha:0.50047
[MOE_TRACE] Group:1 Prob:0.36693 Alpha:0.50182
[MOE_TRACE] Group:2 Prob:0.83858 Alpha:0.50094
[MOE_TRACE] Group:0 Prob:0.85461 Alpha:0.50047
[MOE_TRACE] Group:1 Prob:0.36693 Alpha:0.50182
[MOE_TRACE] Group:2 Prob:0.83858 Alpha:0.50094
[MOE_TRACE] Group:0 Prob:0.84779 Alpha:0.50047
[MOE_TRACE] Group:1 Prob:0.36983 Alpha:0.50182
[MOE_TRACE] Group:0 Prob:0.84779 Alpha:0.50047
[MOE_TRACE] Group:2 Prob:0.84342 Alpha:0.50094[MOE_TRACE] Group:1 Prob:0.36983 Alpha:0.50182

[MOE_TRACE] Group:2 Prob:0.84342 Alpha:0.50094
[MOE_TRACE] Group:0 Prob:0.84779 Alpha:0.50047
[MOE_TRACE] Group:1 Prob:0.36983 Alpha:0.50182
[MOE_TRACE] Group:2 Prob:0.84342 Alpha:0.50094
[MOE_TRACE] Group:0 Prob:0.84779 Alpha:0.50047
[MOE_TRACE] Group:1 Prob:0.36983 Alpha:0.50182
[MOE_TRACE] Group:2 Prob:0.84342 Alpha:0.50094
[MOE_TRACE] Group:0 Prob:0.85332 Alpha:0.50047
[MOE_TRACE] Group:1 Prob:0.37947 Alpha:0.50182
[MOE_TRACE] Group:2 Prob:0.83397 Alpha:0.50094
[MOE_TRACE] Group:0 Prob:0.85332 Alpha:0.50047
[MOE_TRACE] Group:1 Prob:0.37947 Alpha:0.50182
[MOE_TRACE] Group:2 Prob:0.83397 Alpha:0.50094
[MOE_TRACE] Group:0 Prob:0.85332 Alpha:0.50047
[MOE_TRACE] Group:1 Prob:0.37947 Alpha:0.50182
[MOE_TRACE] Group:2 Prob:0.83397 Alpha:0.50094
[MOE_TRACE] Group:0 Prob:0.85332 Alpha:0.50047
[MOE_TRACE] Group:1 Prob:0.37947 Alpha:0.50182
[MOE_TRACE] Group:2 Prob:0.83397 Alpha:0.50094
[MOE_TRACE] Group:0 Prob:0.84679 Alpha:0.50047
[MOE_TRACE] Group:1 Prob:0.38251 Alpha:0.50183
[MOE_TRACE] Group:0 Prob:0.84679 Alpha:0.50047
[MOE_TRACE] Group:0 Prob:0.84679 Alpha:0.50047
[MOE_TRACE] Group:2 Prob:0.83438 Alpha:0.50094[MOE_TRACE] Group:1 Prob:0.38251 Alpha:0.50183

[MOE_TRACE] Group:1 Prob:0.38251 Alpha:0.50183
[MOE_TRACE] Group:2 Prob:0.83438 Alpha:0.50094
[MOE_TRACE] Group:2 Prob:0.83438 Alpha:0.50094
[MOE_TRACE] Group:0 Prob:0.84679 Alpha:0.50047
[MOE_TRACE] Group:1 Prob:0.38251 Alpha:0.50183
[MOE_TRACE] Group:2 Prob:0.83438 Alpha:0.50094
[MOE_TRACE] Group:0 Prob:0.84984 Alpha:0.50047
[MOE_TRACE] Group:0 Prob:0.84984 Alpha:0.50047[MOE_TRACE] Group:1 Prob:0.37523 Alpha:0.50184[MOE_TRACE] Group:0 Prob:0.84984 Alpha:0.50047


[MOE_TRACE] Group:1 Prob:0.37523 Alpha:0.50184
[MOE_TRACE] Group:1 Prob:0.37523 Alpha:0.50184
[MOE_TRACE] Group:2 Prob:0.83428 Alpha:0.50094
[MOE_TRACE] Group:2 Prob:0.83428 Alpha:0.50094[MOE_TRACE] Group:2 Prob:0.83428 Alpha:0.50094

[MOE_TRACE] Group:0 Prob:0.84984 Alpha:0.50047
[MOE_TRACE] Group:1 Prob:0.37523 Alpha:0.50184
[MOE_TRACE] Group:2 Prob:0.83428 Alpha:0.50094
[MOE_TRACE] Group:0 Prob:0.85014 Alpha:0.50047
[MOE_TRACE] Group:1 Prob:0.37804 Alpha:0.50184
[MOE_TRACE] Group:0 Prob:0.85014 Alpha:0.50047
[MOE_TRACE] Group:2 Prob:0.83360 Alpha:0.50094[MOE_TRACE] Group:1 Prob:0.37804 Alpha:0.50184

[MOE_TRACE] Group:2 Prob:0.83360 Alpha:0.50094
[MOE_TRACE] Group:0 Prob:0.85014 Alpha:0.50047
[MOE_TRACE] Group:1 Prob:0.37804 Alpha:0.50184
[MOE_TRACE] Group:2 Prob:0.83360 Alpha:0.50094
[MOE_TRACE] Group:0 Prob:0.85014 Alpha:0.50047
[MOE_TRACE] Group:1 Prob:0.37804 Alpha:0.50184
[MOE_TRACE] Group:2 Prob:0.83360 Alpha:0.50094
[MOE_TRACE] Group:0 Prob:0.85052 Alpha:0.50047
[MOE_TRACE] Group:1 Prob:0.36944 Alpha:0.50185
[MOE_TRACE] Group:2 Prob:0.83504 Alpha:0.50094
[MOE_TRACE] Group:0 Prob:0.85052 Alpha:0.50047
[MOE_TRACE] Group:1 Prob:0.36944 Alpha:0.50185
[MOE_TRACE] Group:0 Prob:0.85052 Alpha:0.50047[MOE_TRACE] Group:2 Prob:0.83504 Alpha:0.50094

[MOE_TRACE] Group:1 Prob:0.36944 Alpha:0.50185
[MOE_TRACE] Group:2 Prob:0.83504 Alpha:0.50094
[MOE_TRACE] Group:0 Prob:0.85052 Alpha:0.50047
[MOE_TRACE] Group:1 Prob:0.36944 Alpha:0.50185
[MOE_TRACE] Group:2 Prob:0.83504 Alpha:0.50094
[MOE_TRACE] Group:0 Prob:0.83998 Alpha:0.50047
[MOE_TRACE] Group:0 Prob:0.83998 Alpha:0.50047
[MOE_TRACE] Group:1 Prob:0.37335 Alpha:0.50185
[MOE_TRACE] Group:0 Prob:0.83998 Alpha:0.50047
[MOE_TRACE] Group:1 Prob:0.37335 Alpha:0.50185
[MOE_TRACE] Group:2 Prob:0.83202 Alpha:0.50094
[MOE_TRACE] Group:1 Prob:0.37335 Alpha:0.50185[MOE_TRACE] Group:2 Prob:0.83202 Alpha:0.50094

[MOE_TRACE] Group:2 Prob:0.83202 Alpha:0.50094
[MOE_TRACE] Group:0 Prob:0.83998 Alpha:0.50047
[MOE_TRACE] Group:1 Prob:0.37335 Alpha:0.50185
[MOE_TRACE] Group:2 Prob:0.83202 Alpha:0.50094
[MOE_TRACE] Group:0 Prob:0.85112 Alpha:0.50047
[MOE_TRACE] Group:1 Prob:0.37473 Alpha:0.50186
[MOE_TRACE] Group:2 Prob:0.83294 Alpha:0.50094
[MOE_TRACE] Group:0 Prob:0.85112 Alpha:0.50047
[MOE_TRACE] Group:1 Prob:0.37473 Alpha:0.50186
[MOE_TRACE] Group:2 Prob:0.83294 Alpha:0.50094
[MOE_TRACE] Group:0 Prob:0.85112 Alpha:0.50047
[MOE_TRACE] Group:1 Prob:0.37473 Alpha:0.50186
[MOE_TRACE] Group:2 Prob:0.83294 Alpha:0.50094
[MOE_TRACE] Group:0 Prob:0.85112 Alpha:0.50047
[MOE_TRACE] Group:1 Prob:0.37473 Alpha:0.50186
[MOE_TRACE] Group:2 Prob:0.83294 Alpha:0.50094
[MOE_TRACE] Group:0 Prob:0.83851 Alpha:0.50048
[MOE_TRACE] Group:0 Prob:0.83851 Alpha:0.50048
[MOE_TRACE] Group:1 Prob:0.36658 Alpha:0.50186
[MOE_TRACE] Group:0 Prob:0.83851 Alpha:0.50048
[MOE_TRACE] Group:2 Prob:0.84020 Alpha:0.50094
[MOE_TRACE] Group:1 Prob:0.36658 Alpha:0.50186
[MOE_TRACE] Group:1 Prob:0.36658 Alpha:0.50186
[MOE_TRACE] Group:2 Prob:0.84020 Alpha:0.50094
[MOE_TRACE] Group:2 Prob:0.84020 Alpha:0.50094
[MOE_TRACE] Group:0 Prob:0.83851 Alpha:0.50048
[MOE_TRACE] Group:1 Prob:0.36658 Alpha:0.50186
[MOE_TRACE] Group:2 Prob:0.84020 Alpha:0.50094
[MOE_TRACE] Group:0 Prob:0.84887 Alpha:0.50048
[MOE_TRACE] Group:0 Prob:0.84887 Alpha:0.50048
[MOE_TRACE] Group:1 Prob:0.37044 Alpha:0.50187
[MOE_TRACE] Group:1 Prob:0.37044 Alpha:0.50187
[MOE_TRACE] Group:2 Prob:0.83211 Alpha:0.50094
[MOE_TRACE] Group:2 Prob:0.83211 Alpha:0.50094
[MOE_TRACE] Group:0 Prob:0.84887 Alpha:0.50048
[MOE_TRACE] Group:1 Prob:0.37044 Alpha:0.50187
[MOE_TRACE] Group:2 Prob:0.83211 Alpha:0.50094
[MOE_TRACE] Group:0 Prob:0.84887 Alpha:0.50048
[MOE_TRACE] Group:1 Prob:0.37044 Alpha:0.50187
[MOE_TRACE] Group:2 Prob:0.83211 Alpha:0.50094
[MOE_TRACE] Group:2 Prob:0.83643 Alpha:0.50094
[MOE_TRACE] Group:0 Prob:0.85159 Alpha:0.50048
[MOE_TRACE] Group:1 Prob:0.37070 Alpha:0.50187
[MOE_TRACE] Group:2 Prob:0.84299 Alpha:0.50094
[MOE_TRACE] Group:0 Prob:0.85159 Alpha:0.50048
[MOE_TRACE] Group:0 Prob:0.85159 Alpha:0.50048[MOE_TRACE] Group:1 Prob:0.37070 Alpha:0.50187

[MOE_TRACE] Group:2 Prob:0.84299 Alpha:0.50094[MOE_TRACE] Group:1 Prob:0.37070 Alpha:0.50187

[MOE_TRACE] Group:2 Prob:0.84299 Alpha:0.50094
[MOE_TRACE] Group:0 Prob:0.84297 Alpha:0.50048
[MOE_TRACE] Group:0 Prob:0.84297 Alpha:0.50048
[MOE_TRACE] Group:1 Prob:0.37439 Alpha:0.50188
[MOE_TRACE] Group:1 Prob:0.37439 Alpha:0.50188
[MOE_TRACE] Group:2 Prob:0.83354 Alpha:0.50094
[MOE_TRACE] Group:2 Prob:0.83354 Alpha:0.50094
[MOE_TRACE] Group:0 Prob:0.84297 Alpha:0.50048
[MOE_TRACE] Group:1 Prob:0.37439 Alpha:0.50188
[MOE_TRACE] Group:2 Prob:0.83625 Alpha:0.50094
[MOE_TRACE] Group:0 Prob:0.84297 Alpha:0.50048
[MOE_TRACE] Group:1 Prob:0.37439 Alpha:0.50188
[MOE_TRACE] Group:2 Prob:0.83625 Alpha:0.50094
[MOE_TRACE] Group:0 Prob:0.84425 Alpha:0.50048
[MOE_TRACE] Group:1 Prob:0.36428 Alpha:0.50188
[MOE_TRACE] Group:0 Prob:0.84693 Alpha:0.50048
[MOE_TRACE] Group:1 Prob:0.37662 Alpha:0.50188
[MOE_TRACE] Group:2 Prob:0.83387 Alpha:0.50094
[MOE_TRACE] Group:0 Prob:0.84693 Alpha:0.50048
[MOE_TRACE] Group:1 Prob:0.37662 Alpha:0.50188
[MOE_TRACE] Group:2 Prob:0.84035 Alpha:0.50094
[MOE_TRACE] Group:0 Prob:0.84693 Alpha:0.50048
[MOE_TRACE] Group:1 Prob:0.37662 Alpha:0.50188
[MOE_TRACE] Group:2 Prob:0.84035 Alpha:0.50094
[MOE_TRACE] Group:0 Prob:0.83902 Alpha:0.50048
[MOE_TRACE] Group:1 Prob:0.37136 Alpha:0.50188
[MOE_TRACE] Group:2 Prob:0.83406 Alpha:0.50094
[MOE_TRACE] Group:0 Prob:0.83902 Alpha:0.50048[MOE_TRACE] Group:0 Prob:0.83902 Alpha:0.50048

[MOE_TRACE] Group:1 Prob:0.37136 Alpha:0.50188
[MOE_TRACE] Group:1 Prob:0.37136 Alpha:0.50188
[MOE_TRACE] Group:2 Prob:0.83406 Alpha:0.50094
[MOE_TRACE] Group:2 Prob:0.83406 Alpha:0.50094
[MOE_TRACE] Group:0 Prob:0.83902 Alpha:0.50048
[MOE_TRACE] Group:1 Prob:0.37136 Alpha:0.50188
[MOE_TRACE] Group:2 Prob:0.83406 Alpha:0.50094
[MOE_TRACE] Group:0 Prob:0.84331 Alpha:0.50048
[MOE_TRACE] Group:0 Prob:0.84331 Alpha:0.50048
[MOE_TRACE] Group:0 Prob:0.84331 Alpha:0.50048
[MOE_TRACE] Group:1 Prob:0.36827 Alpha:0.50189
[MOE_TRACE] Group:1 Prob:0.36827 Alpha:0.50189
[MOE_TRACE] Group:2 Prob:0.83337 Alpha:0.50094
[MOE_TRACE] Group:1 Prob:0.36827 Alpha:0.50189[MOE_TRACE] Group:2 Prob:0.83337 Alpha:0.50094

[MOE_TRACE] Group:2 Prob:0.83337 Alpha:0.50094
[MOE_TRACE] Group:0 Prob:0.84331 Alpha:0.50048
[MOE_TRACE] Group:1 Prob:0.36827 Alpha:0.50189
[MOE_TRACE] Group:2 Prob:0.83337 Alpha:0.50094
[MOE_TRACE] Group:0 Prob:0.85818 Alpha:0.50048
[MOE_TRACE] Group:0 Prob:0.85818 Alpha:0.50048
[MOE_TRACE] Group:1 Prob:0.36600 Alpha:0.50189
[MOE_TRACE] Group:1 Prob:0.36600 Alpha:0.50189
[MOE_TRACE] Group:2 Prob:0.83396 Alpha:0.50094
[MOE_TRACE] Group:2 Prob:0.83396 Alpha:0.50094
[MOE_TRACE] Group:0 Prob:0.85818 Alpha:0.50048
[MOE_TRACE] Group:1 Prob:0.36600 Alpha:0.50189
[MOE_TRACE] Group:2 Prob:0.83396 Alpha:0.50094
[MOE_TRACE] Group:0 Prob:0.85818 Alpha:0.50048
[MOE_TRACE] Group:1 Prob:0.36600 Alpha:0.50189
[MOE_TRACE] Group:2 Prob:0.83396 Alpha:0.50094
[MOE_TRACE] Group:0 Prob:0.84539 Alpha:0.50048
[MOE_TRACE] Group:0 Prob:0.84539 Alpha:0.50048
[MOE_TRACE] Group:0 Prob:0.84539 Alpha:0.50048
[MOE_TRACE] Group:1 Prob:0.37158 Alpha:0.50189
[MOE_TRACE] Group:2 Prob:0.83641 Alpha:0.50094[MOE_TRACE] Group:1 Prob:0.37158 Alpha:0.50189
[MOE_TRACE] Group:1 Prob:0.37158 Alpha:0.50189

[MOE_TRACE] Group:2 Prob:0.83641 Alpha:0.50094
[MOE_TRACE] Group:2 Prob:0.83641 Alpha:0.50094
[MOE_TRACE] Group:0 Prob:0.84539 Alpha:0.50048
[MOE_TRACE] Group:1 Prob:0.37158 Alpha:0.50189
[MOE_TRACE] Group:2 Prob:0.83641 Alpha:0.50094
[MOE_TRACE] Group:0 Prob:0.84441 Alpha:0.50048
[MOE_TRACE] Group:0 Prob:0.84441 Alpha:0.50048
[MOE_TRACE] Group:1 Prob:0.36601 Alpha:0.50189
[MOE_TRACE] Group:1 Prob:0.36601 Alpha:0.50189
[MOE_TRACE] Group:2 Prob:0.83515 Alpha:0.50094
[MOE_TRACE] Group:2 Prob:0.83515 Alpha:0.50094
[MOE_TRACE] Group:0 Prob:0.84441 Alpha:0.50048
[MOE_TRACE] Group:0 Prob:0.84441 Alpha:0.50048
[MOE_TRACE] Group:1 Prob:0.36601 Alpha:0.50189
[MOE_TRACE] Group:1 Prob:0.36601 Alpha:0.50189
[MOE_TRACE] Group:2 Prob:0.83515 Alpha:0.50094
[MOE_TRACE] Group:2 Prob:0.83515 Alpha:0.50094
[MOE_TRACE] Group:0 Prob:0.84151 Alpha:0.50048
[MOE_TRACE] Group:1 Prob:0.37371 Alpha:0.50190
[MOE_TRACE] Group:0 Prob:0.84151 Alpha:0.50048
[MOE_TRACE] Group:1 Prob:0.37371 Alpha:0.50190
[MOE_TRACE] Group:0 Prob:0.84151 Alpha:0.50048
[MOE_TRACE] Group:1 Prob:0.37371 Alpha:0.50190
[MOE_TRACE] Group:2 Prob:0.82832 Alpha:0.50094
[MOE_TRACE] Group:0 Prob:0.84151 Alpha:0.50048
[MOE_TRACE] Group:1 Prob:0.37371 Alpha:0.50190
[MOE_TRACE] Group:2 Prob:0.82832 Alpha:0.50094
[MOE_TRACE] Group:0 Prob:0.84454 Alpha:0.50048
[MOE_TRACE] Group:0 Prob:0.84454 Alpha:0.50048
[MOE_TRACE] Group:0 Prob:0.84454 Alpha:0.50048
[MOE_TRACE] Group:1 Prob:0.36428 Alpha:0.50190
[MOE_TRACE] Group:1 Prob:0.36428 Alpha:0.50190
[MOE_TRACE] Group:1 Prob:0.36428 Alpha:0.50190
[MOE_TRACE] Group:0 Prob:0.84454 Alpha:0.50048
[MOE_TRACE] Group:2 Prob:0.84212 Alpha:0.50094
[MOE_TRACE] Group:2 Prob:0.84212 Alpha:0.50094
[MOE_TRACE] Group:2 Prob:0.84212 Alpha:0.50094
[MOE_TRACE] Group:1 Prob:0.36428 Alpha:0.50190
[MOE_TRACE] Group:2 Prob:0.84212 Alpha:0.50094
[MOE_TRACE] Group:0 Prob:0.83710 Alpha:0.50048
[MOE_TRACE] Group:1 Prob:0.38494 Alpha:0.50190
[MOE_TRACE] Group:2 Prob:0.82964 Alpha:0.50094
[MOE_TRACE] Group:0 Prob:0.83710 Alpha:0.50048
[MOE_TRACE] Group:1 Prob:0.38494 Alpha:0.50190
[MOE_TRACE] Group:2 Prob:0.82964 Alpha:0.50094
[MOE_TRACE] Group:0 Prob:0.83710 Alpha:0.50048
[MOE_TRACE] Group:1 Prob:0.38494 Alpha:0.50190
[MOE_TRACE] Group:2 Prob:0.82964 Alpha:0.50094
[MOE_TRACE] Group:0 Prob:0.83710 Alpha:0.50048
[MOE_TRACE] Group:1 Prob:0.38494 Alpha:0.50190
[MOE_TRACE] Group:2 Prob:0.82964 Alpha:0.50094
[MOE_TRACE] Group:0 Prob:0.84869 Alpha:0.50049
[MOE_TRACE] Group:1 Prob:0.37779 Alpha:0.50191
[MOE_TRACE] Group:2 Prob:0.83010 Alpha:0.50094
[MOE_TRACE] Group:0 Prob:0.84869 Alpha:0.50049
[MOE_TRACE] Group:1 Prob:0.37779 Alpha:0.50191
[MOE_TRACE] Group:2 Prob:0.83010 Alpha:0.50094
[MOE_TRACE] Group:0 Prob:0.84869 Alpha:0.50049
[MOE_TRACE] Group:1 Prob:0.37779 Alpha:0.50191
[MOE_TRACE] Group:2 Prob:0.83010 Alpha:0.50094
[MOE_TRACE] Group:0 Prob:0.84869 Alpha:0.50049
[MOE_TRACE] Group:1 Prob:0.37779 Alpha:0.50191
[MOE_TRACE] Group:2 Prob:0.83010 Alpha:0.50094
[MOE_TRACE] Group:0 Prob:0.83707 Alpha:0.50049
[MOE_TRACE] Group:1 Prob:0.36812 Alpha:0.50191
[MOE_TRACE] Group:0 Prob:0.83707 Alpha:0.50049
[MOE_TRACE] Group:1 Prob:0.36812 Alpha:0.50191
[MOE_TRACE] Group:2 Prob:0.82847 Alpha:0.50094
[MOE_TRACE] Group:2 Prob:0.83177 Alpha:0.50094
[MOE_TRACE] Group:0 Prob:0.83707 Alpha:0.50049
[MOE_TRACE] Group:1 Prob:0.36812 Alpha:0.50191
[MOE_TRACE] Group:2 Prob:0.82847 Alpha:0.50094
[MOE_TRACE] Group:0 Prob:0.83707 Alpha:0.50049
[MOE_TRACE] Group:1 Prob:0.36812 Alpha:0.50191
[MOE_TRACE] Group:2 Prob:0.82847 Alpha:0.50094
[MOE_TRACE] Group:0 Prob:0.85198 Alpha:0.50049
[MOE_TRACE] Group:1 Prob:0.37512 Alpha:0.50192
[MOE_TRACE] Group:2 Prob:0.83724 Alpha:0.50095
[MOE_TRACE] Group:0 Prob:0.85198 Alpha:0.50049
[MOE_TRACE] Group:1 Prob:0.37512 Alpha:0.50192
[MOE_TRACE] Group:2 Prob:0.83724 Alpha:0.50095
[MOE_TRACE] Group:0 Prob:0.85198 Alpha:0.50049
[MOE_TRACE] Group:1 Prob:0.37512 Alpha:0.50192
[MOE_TRACE] Group:2 Prob:0.83724 Alpha:0.50095
[MOE_TRACE] Group:0 Prob:0.85198 Alpha:0.50049
[MOE_TRACE] Group:1 Prob:0.37512 Alpha:0.50192
[MOE_TRACE] Group:2 Prob:0.83724 Alpha:0.50095
[MOE_TRACE] Group:2 Prob:0.83380 Alpha:0.50095
[MOE_TRACE] Group:2 Prob:0.83380 Alpha:0.50095
[MOE_TRACE] Group:0 Prob:0.84161 Alpha:0.50049
[MOE_TRACE] Group:1 Prob:0.36908 Alpha:0.50192
[MOE_TRACE] Group:2 Prob:0.84181 Alpha:0.50095
[MOE_TRACE] Group:0 Prob:0.84161 Alpha:0.50049
[MOE_TRACE] Group:1 Prob:0.36908 Alpha:0.50192
[MOE_TRACE] Group:2 Prob:0.84181 Alpha:0.50095
[MOE_TRACE] Group:0 Prob:0.83717 Alpha:0.50049
[MOE_TRACE] Group:1 Prob:0.36388 Alpha:0.50192
[MOE_TRACE] Group:2 Prob:0.83076 Alpha:0.50095
[MOE_TRACE] Group:0 Prob:0.83717 Alpha:0.50049
[MOE_TRACE] Group:1 Prob:0.36388 Alpha:0.50192
[MOE_TRACE] Group:2 Prob:0.83076 Alpha:0.50095
[MOE_TRACE] Group:0 Prob:0.83717 Alpha:0.50049
[MOE_TRACE] Group:0 Prob:0.83717 Alpha:0.50049
[MOE_TRACE] Group:1 Prob:0.36388 Alpha:0.50192
[MOE_TRACE] Group:1 Prob:0.36388 Alpha:0.50192
[MOE_TRACE] Group:2 Prob:0.83076 Alpha:0.50095
[MOE_TRACE] Group:2 Prob:0.83076 Alpha:0.50095
[MOE_TRACE] Group:0 Prob:0.84719 Alpha:0.50049
[MOE_TRACE] Group:0 Prob:0.84719 Alpha:0.50049
[MOE_TRACE] Group:1 Prob:0.37730 Alpha:0.50192
[MOE_TRACE] Group:1 Prob:0.37730 Alpha:0.50192
[MOE_TRACE] Group:0 Prob:0.84719 Alpha:0.50049
[MOE_TRACE] Group:1 Prob:0.37730 Alpha:0.50192
[MOE_TRACE] Group:0 Prob:0.84719 Alpha:0.50049
[MOE_TRACE] Group:1 Prob:0.37730 Alpha:0.50192
[MOE_TRACE] Group:2 Prob:0.83353 Alpha:0.50095
[MOE_TRACE] Group:0 Prob:0.84691 Alpha:0.50049
[MOE_TRACE] Group:1 Prob:0.36894 Alpha:0.50193
[MOE_TRACE] Group:2 Prob:0.83081 Alpha:0.50095
[MOE_TRACE] Group:0 Prob:0.84691 Alpha:0.50049
[MOE_TRACE] Group:1 Prob:0.36894 Alpha:0.50193
[MOE_TRACE] Group:2 Prob:0.83591 Alpha:0.50095
[MOE_TRACE] Group:0 Prob:0.84691 Alpha:0.50049
[MOE_TRACE] Group:1 Prob:0.36894 Alpha:0.50193
[MOE_TRACE] Group:2 Prob:0.83591 Alpha:0.50095
[MOE_TRACE] Group:0 Prob:0.84691 Alpha:0.50049
[MOE_TRACE] Group:1 Prob:0.36894 Alpha:0.50193
[MOE_TRACE] Group:2 Prob:0.83591 Alpha:0.50095
[MOE_TRACE] Group:0 Prob:0.84043 Alpha:0.50049
[MOE_TRACE] Group:1 Prob:0.36838 Alpha:0.50193
[MOE_TRACE] Group:2 Prob:0.83316 Alpha:0.50095
[MOE_TRACE] Group:0 Prob:0.84043 Alpha:0.50049
[MOE_TRACE] Group:1 Prob:0.36838 Alpha:0.50193
[MOE_TRACE] Group:2 Prob:0.83316 Alpha:0.50095
[MOE_TRACE] Group:0 Prob:0.84043 Alpha:0.50049
[MOE_TRACE] Group:1 Prob:0.36838 Alpha:0.50193
[MOE_TRACE] Group:2 Prob:0.83316 Alpha:0.50095
[MOE_TRACE] Group:0 Prob:0.84043 Alpha:0.50049
[MOE_TRACE] Group:1 Prob:0.36838 Alpha:0.50193
[MOE_TRACE] Group:2 Prob:0.83316 Alpha:0.50095
[MOE_TRACE] Group:0 Prob:0.83575 Alpha:0.50049
[MOE_TRACE] Group:1 Prob:0.38438 Alpha:0.50193
[MOE_TRACE] Group:2 Prob:0.83863 Alpha:0.50095
[MOE_TRACE] Group:0 Prob:0.83575 Alpha:0.50049
[MOE_TRACE] Group:1 Prob:0.38438 Alpha:0.50193
[MOE_TRACE] Group:2 Prob:0.83863 Alpha:0.50095
[MOE_TRACE] Group:0 Prob:0.83575 Alpha:0.50049
[MOE_TRACE] Group:0 Prob:0.83575 Alpha:0.50049[MOE_TRACE] Group:1 Prob:0.38438 Alpha:0.50193

[MOE_TRACE] Group:1 Prob:0.38438 Alpha:0.50193
[MOE_TRACE] Group:2 Prob:0.83863 Alpha:0.50095
[MOE_TRACE] Group:2 Prob:0.83863 Alpha:0.50095
[MOE_TRACE] Group:0 Prob:0.84624 Alpha:0.50050
[MOE_TRACE] Group:0 Prob:0.84624 Alpha:0.50050
[MOE_TRACE] Group:0 Prob:0.84624 Alpha:0.50050
[MOE_TRACE] Group:1 Prob:0.37696 Alpha:0.50194
[MOE_TRACE] Group:1 Prob:0.37696 Alpha:0.50194
[MOE_TRACE] Group:2 Prob:0.83368 Alpha:0.50095
[MOE_TRACE] Group:1 Prob:0.37696 Alpha:0.50194
[MOE_TRACE] Group:2 Prob:0.83368 Alpha:0.50095
[MOE_TRACE] Group:0 Prob:0.84624 Alpha:0.50050[MOE_TRACE] Group:2 Prob:0.83368 Alpha:0.50095

[MOE_TRACE] Group:1 Prob:0.37696 Alpha:0.50194
[MOE_TRACE] Group:2 Prob:0.83368 Alpha:0.50095
[MOE_TRACE] Group:0 Prob:0.83717 Alpha:0.50050
[MOE_TRACE] Group:0 Prob:0.83717 Alpha:0.50050
[MOE_TRACE] Group:0 Prob:0.83717 Alpha:0.50050
[MOE_TRACE] Group:1 Prob:0.37031 Alpha:0.50194
[MOE_TRACE] Group:1 Prob:0.37031 Alpha:0.50194
[MOE_TRACE] Group:1 Prob:0.37031 Alpha:0.50194
[MOE_TRACE] Group:2 Prob:0.83922 Alpha:0.50095
[MOE_TRACE] Group:2 Prob:0.83922 Alpha:0.50095
[MOE_TRACE] Group:2 Prob:0.83922 Alpha:0.50095
[MOE_TRACE] Group:0 Prob:0.83717 Alpha:0.50050
[MOE_TRACE] Group:1 Prob:0.37031 Alpha:0.50194
[MOE_TRACE] Group:2 Prob:0.83922 Alpha:0.50095
[MOE_TRACE] Group:0 Prob:0.83319 Alpha:0.50050
[MOE_TRACE] Group:1 Prob:0.37831 Alpha:0.50195
[MOE_TRACE] Group:2 Prob:0.83536 Alpha:0.50095
[MOE_TRACE] Group:0 Prob:0.83319 Alpha:0.50050
[MOE_TRACE] Group:1 Prob:0.37831 Alpha:0.50195
[MOE_TRACE] Group:2 Prob:0.83536 Alpha:0.50095
[MOE_TRACE] Group:0 Prob:0.83319 Alpha:0.50050
[MOE_TRACE] Group:1 Prob:0.37831 Alpha:0.50195
[MOE_TRACE] Group:0 Prob:0.83319 Alpha:0.50050[MOE_TRACE] Group:2 Prob:0.83536 Alpha:0.50095

[MOE_TRACE] Group:1 Prob:0.37831 Alpha:0.50195
[MOE_TRACE] Group:2 Prob:0.83536 Alpha:0.50095
Epoch: 4 cost time: 39.33047032356262
Epoch: 4, Steps: 147 | Train Loss: 0.3982894 Vali Loss: 0.2869296 Test Loss: 0.2906755
Validation loss decreased (0.290495 --> 0.286930).  Saving model ...
Updating learning rate to 1.25e-05
[MOE_TRACE] Group:0 Prob:0.84610 Alpha:0.50050
[MOE_TRACE] Group:1 Prob:0.37278 Alpha:0.50195
[MOE_TRACE] Group:2 Prob:0.83092 Alpha:0.50094
[MOE_TRACE] Group:0 Prob:0.84610 Alpha:0.50050
[MOE_TRACE] Group:1 Prob:0.37278 Alpha:0.50195
[MOE_TRACE] Group:2 Prob:0.83092 Alpha:0.50094
[MOE_TRACE] Group:0 Prob:0.84610 Alpha:0.50050
[MOE_TRACE] Group:1 Prob:0.37278 Alpha:0.50195
[MOE_TRACE] Group:2 Prob:0.83092 Alpha:0.50094
[MOE_TRACE] Group:0 Prob:0.84610 Alpha:0.50050
[MOE_TRACE] Group:1 Prob:0.37278 Alpha:0.50195
[MOE_TRACE] Group:2 Prob:0.83092 Alpha:0.50094
[MOE_TRACE] Group:2 Prob:0.83620 Alpha:0.50094
[MOE_TRACE] Group:0 Prob:0.84145 Alpha:0.50050
[MOE_TRACE] Group:1 Prob:0.38349 Alpha:0.50196
[MOE_TRACE] Group:2 Prob:0.83186 Alpha:0.50094
[MOE_TRACE] Group:0 Prob:0.84145 Alpha:0.50050
[MOE_TRACE] Group:1 Prob:0.38349 Alpha:0.50196
[MOE_TRACE] Group:2 Prob:0.83186 Alpha:0.50094
[MOE_TRACE] Group:0 Prob:0.84145 Alpha:0.50050
[MOE_TRACE] Group:1 Prob:0.38349 Alpha:0.50196
[MOE_TRACE] Group:2 Prob:0.83186 Alpha:0.50094
[MOE_TRACE] Group:0 Prob:0.84446 Alpha:0.50050
[MOE_TRACE] Group:1 Prob:0.37402 Alpha:0.50196
[MOE_TRACE] Group:2 Prob:0.83717 Alpha:0.50094
[MOE_TRACE] Group:0 Prob:0.84446 Alpha:0.50050
[MOE_TRACE] Group:1 Prob:0.37402 Alpha:0.50196
[MOE_TRACE] Group:2 Prob:0.83717 Alpha:0.50094
[MOE_TRACE] Group:0 Prob:0.84446 Alpha:0.50050
[MOE_TRACE] Group:1 Prob:0.37402 Alpha:0.50196
[MOE_TRACE] Group:2 Prob:0.83717 Alpha:0.50094
[MOE_TRACE] Group:0 Prob:0.84446 Alpha:0.50050
[MOE_TRACE] Group:1 Prob:0.37402 Alpha:0.50196
[MOE_TRACE] Group:2 Prob:0.83717 Alpha:0.50094
[MOE_TRACE] Group:0 Prob:0.83481 Alpha:0.50051
[MOE_TRACE] Group:1 Prob:0.37435 Alpha:0.50196
[MOE_TRACE] Group:2 Prob:0.83385 Alpha:0.50095
[MOE_TRACE] Group:0 Prob:0.83481 Alpha:0.50051
[MOE_TRACE] Group:1 Prob:0.37435 Alpha:0.50196
[MOE_TRACE] Group:2 Prob:0.83385 Alpha:0.50095
[MOE_TRACE] Group:0 Prob:0.83481 Alpha:0.50051
[MOE_TRACE] Group:1 Prob:0.37435 Alpha:0.50196
[MOE_TRACE] Group:2 Prob:0.83385 Alpha:0.50095
[MOE_TRACE] Group:0 Prob:0.83481 Alpha:0.50051
[MOE_TRACE] Group:1 Prob:0.37435 Alpha:0.50196
[MOE_TRACE] Group:2 Prob:0.83385 Alpha:0.50095
[MOE_TRACE] Group:0 Prob:0.83663 Alpha:0.50051
[MOE_TRACE] Group:1 Prob:0.37741 Alpha:0.50195
[MOE_TRACE] Group:2 Prob:0.83431 Alpha:0.50095
[MOE_TRACE] Group:0 Prob:0.83663 Alpha:0.50051
[MOE_TRACE] Group:1 Prob:0.37741 Alpha:0.50195
[MOE_TRACE] Group:2 Prob:0.83431 Alpha:0.50095
[MOE_TRACE] Group:0 Prob:0.83663 Alpha:0.50051
[MOE_TRACE] Group:1 Prob:0.37741 Alpha:0.50195
[MOE_TRACE] Group:2 Prob:0.83431 Alpha:0.50095
[MOE_TRACE] Group:0 Prob:0.83663 Alpha:0.50051
[MOE_TRACE] Group:1 Prob:0.37741 Alpha:0.50195
[MOE_TRACE] Group:2 Prob:0.83431 Alpha:0.50095
[MOE_TRACE] Group:0 Prob:0.83586 Alpha:0.50051
[MOE_TRACE] Group:0 Prob:0.83586 Alpha:0.50051
[MOE_TRACE] Group:1 Prob:0.37357 Alpha:0.50195
[MOE_TRACE] Group:1 Prob:0.37357 Alpha:0.50195
[MOE_TRACE] Group:2 Prob:0.83364 Alpha:0.50095
[MOE_TRACE] Group:2 Prob:0.83364 Alpha:0.50095
[MOE_TRACE] Group:0 Prob:0.83586 Alpha:0.50051
[MOE_TRACE] Group:1 Prob:0.37357 Alpha:0.50195
[MOE_TRACE] Group:2 Prob:0.83364 Alpha:0.50095
[MOE_TRACE] Group:0 Prob:0.83586 Alpha:0.50051
[MOE_TRACE] Group:1 Prob:0.37357 Alpha:0.50195
[MOE_TRACE] Group:2 Prob:0.83364 Alpha:0.50095
[MOE_TRACE] Group:0 Prob:0.83200 Alpha:0.50051
[MOE_TRACE] Group:1 Prob:0.37456 Alpha:0.50195
[MOE_TRACE] Group:2 Prob:0.83184 Alpha:0.50095
[MOE_TRACE] Group:0 Prob:0.83200 Alpha:0.50051
[MOE_TRACE] Group:1 Prob:0.37456 Alpha:0.50195
[MOE_TRACE] Group:2 Prob:0.83184 Alpha:0.50095
[MOE_TRACE] Group:0 Prob:0.83200 Alpha:0.50051
[MOE_TRACE] Group:1 Prob:0.37456 Alpha:0.50195
[MOE_TRACE] Group:2 Prob:0.83184 Alpha:0.50095
[MOE_TRACE] Group:0 Prob:0.83200 Alpha:0.50051
[MOE_TRACE] Group:1 Prob:0.37456 Alpha:0.50195
[MOE_TRACE] Group:2 Prob:0.83184 Alpha:0.50095
[MOE_TRACE] Group:0 Prob:0.83527 Alpha:0.50051
[MOE_TRACE] Group:1 Prob:0.37633 Alpha:0.50195
[MOE_TRACE] Group:2 Prob:0.83921 Alpha:0.50095
[MOE_TRACE] Group:0 Prob:0.83527 Alpha:0.50051
[MOE_TRACE] Group:1 Prob:0.37633 Alpha:0.50195
[MOE_TRACE] Group:2 Prob:0.83921 Alpha:0.50095
[MOE_TRACE] Group:0 Prob:0.83527 Alpha:0.50051
[MOE_TRACE] Group:1 Prob:0.37633 Alpha:0.50195
[MOE_TRACE] Group:2 Prob:0.83921 Alpha:0.50095
[MOE_TRACE] Group:0 Prob:0.83527 Alpha:0.50051
[MOE_TRACE] Group:1 Prob:0.37633 Alpha:0.50195
[MOE_TRACE] Group:2 Prob:0.83921 Alpha:0.50095
[MOE_TRACE] Group:0 Prob:0.84223 Alpha:0.50051
[MOE_TRACE] Group:1 Prob:0.37093 Alpha:0.50195
[MOE_TRACE] Group:2 Prob:0.83457 Alpha:0.50095
[MOE_TRACE] Group:0 Prob:0.84223 Alpha:0.50051
[MOE_TRACE] Group:1 Prob:0.37093 Alpha:0.50195
[MOE_TRACE] Group:2 Prob:0.83457 Alpha:0.50095
[MOE_TRACE] Group:0 Prob:0.84223 Alpha:0.50051
[MOE_TRACE] Group:1 Prob:0.37093 Alpha:0.50195
[MOE_TRACE] Group:2 Prob:0.83457 Alpha:0.50095
[MOE_TRACE] Group:0 Prob:0.84223 Alpha:0.50051
[MOE_TRACE] Group:1 Prob:0.37093 Alpha:0.50195
[MOE_TRACE] Group:2 Prob:0.83457 Alpha:0.50095
[MOE_TRACE] Group:0 Prob:0.83780 Alpha:0.50051
[MOE_TRACE] Group:1 Prob:0.37789 Alpha:0.50195
[MOE_TRACE] Group:2 Prob:0.82989 Alpha:0.50095
[MOE_TRACE] Group:0 Prob:0.83780 Alpha:0.50051
[MOE_TRACE] Group:1 Prob:0.37789 Alpha:0.50195
[MOE_TRACE] Group:2 Prob:0.82989 Alpha:0.50095
[MOE_TRACE] Group:0 Prob:0.83780 Alpha:0.50051
[MOE_TRACE] Group:1 Prob:0.37789 Alpha:0.50195
[MOE_TRACE] Group:2 Prob:0.82989 Alpha:0.50095
[MOE_TRACE] Group:0 Prob:0.83780 Alpha:0.50051
[MOE_TRACE] Group:1 Prob:0.37789 Alpha:0.50195
[MOE_TRACE] Group:2 Prob:0.82989 Alpha:0.50095
[MOE_TRACE] Group:0 Prob:0.84698 Alpha:0.50051
[MOE_TRACE] Group:1 Prob:0.37466 Alpha:0.50195
[MOE_TRACE] Group:2 Prob:0.83247 Alpha:0.50095
[MOE_TRACE] Group:0 Prob:0.84698 Alpha:0.50051
[MOE_TRACE] Group:1 Prob:0.37466 Alpha:0.50195
[MOE_TRACE] Group:2 Prob:0.83247 Alpha:0.50095
[MOE_TRACE] Group:0 Prob:0.84698 Alpha:0.50051
[MOE_TRACE] Group:1 Prob:0.37466 Alpha:0.50195
[MOE_TRACE] Group:2 Prob:0.83247 Alpha:0.50095
[MOE_TRACE] Group:0 Prob:0.84698 Alpha:0.50051
[MOE_TRACE] Group:1 Prob:0.37466 Alpha:0.50195
[MOE_TRACE] Group:2 Prob:0.83247 Alpha:0.50095
[MOE_TRACE] Group:0 Prob:0.83702 Alpha:0.50051
[MOE_TRACE] Group:1 Prob:0.37313 Alpha:0.50195
[MOE_TRACE] Group:2 Prob:0.83851 Alpha:0.50095
[MOE_TRACE] Group:0 Prob:0.83702 Alpha:0.50051
[MOE_TRACE] Group:0 Prob:0.83702 Alpha:0.50051[MOE_TRACE] Group:1 Prob:0.37313 Alpha:0.50195

[MOE_TRACE] Group:1 Prob:0.37313 Alpha:0.50195
[MOE_TRACE] Group:2 Prob:0.83851 Alpha:0.50095
[MOE_TRACE] Group:0 Prob:0.83702 Alpha:0.50051[MOE_TRACE] Group:2 Prob:0.83851 Alpha:0.50095

[MOE_TRACE] Group:1 Prob:0.37313 Alpha:0.50195
[MOE_TRACE] Group:2 Prob:0.83851 Alpha:0.50095
[MOE_TRACE] Group:0 Prob:0.84289 Alpha:0.50051
[MOE_TRACE] Group:1 Prob:0.37543 Alpha:0.50195
[MOE_TRACE] Group:2 Prob:0.83777 Alpha:0.50095
[MOE_TRACE] Group:0 Prob:0.84289 Alpha:0.50051
[MOE_TRACE] Group:1 Prob:0.37543 Alpha:0.50195
[MOE_TRACE] Group:2 Prob:0.83824 Alpha:0.50095
[MOE_TRACE] Group:0 Prob:0.84289 Alpha:0.50051
[MOE_TRACE] Group:1 Prob:0.37543 Alpha:0.50195
[MOE_TRACE] Group:2 Prob:0.83824 Alpha:0.50095
[MOE_TRACE] Group:0 Prob:0.84289 Alpha:0.50051
[MOE_TRACE] Group:1 Prob:0.37543 Alpha:0.50195
[MOE_TRACE] Group:2 Prob:0.83824 Alpha:0.50095
[MOE_TRACE] Group:0 Prob:0.83748 Alpha:0.50051
[MOE_TRACE] Group:1 Prob:0.37816 Alpha:0.50195
[MOE_TRACE] Group:2 Prob:0.84010 Alpha:0.50095
[MOE_TRACE] Group:0 Prob:0.83748 Alpha:0.50051
[MOE_TRACE] Group:1 Prob:0.37816 Alpha:0.50195
[MOE_TRACE] Group:2 Prob:0.83585 Alpha:0.50095
[MOE_TRACE] Group:0 Prob:0.83748 Alpha:0.50051
[MOE_TRACE] Group:1 Prob:0.37816 Alpha:0.50195
[MOE_TRACE] Group:2 Prob:0.83585 Alpha:0.50095
[MOE_TRACE] Group:0 Prob:0.83748 Alpha:0.50051
[MOE_TRACE] Group:1 Prob:0.37816 Alpha:0.50195
[MOE_TRACE] Group:2 Prob:0.83585 Alpha:0.50095
[MOE_TRACE] Group:0 Prob:0.83321 Alpha:0.50051
[MOE_TRACE] Group:1 Prob:0.36583 Alpha:0.50195
[MOE_TRACE] Group:2 Prob:0.83134 Alpha:0.50095
[MOE_TRACE] Group:0 Prob:0.83321 Alpha:0.50051
[MOE_TRACE] Group:1 Prob:0.36583 Alpha:0.50195
[MOE_TRACE] Group:2 Prob:0.83134 Alpha:0.50095
[MOE_TRACE] Group:0 Prob:0.83321 Alpha:0.50051
[MOE_TRACE] Group:1 Prob:0.36583 Alpha:0.50195
[MOE_TRACE] Group:2 Prob:0.83134 Alpha:0.50095
[MOE_TRACE] Group:0 Prob:0.83321 Alpha:0.50051
[MOE_TRACE] Group:1 Prob:0.36583 Alpha:0.50195
[MOE_TRACE] Group:2 Prob:0.83134 Alpha:0.50095
[MOE_TRACE] Group:0 Prob:0.83471 Alpha:0.50051
[MOE_TRACE] Group:1 Prob:0.36843 Alpha:0.50195
[MOE_TRACE] Group:2 Prob:0.83464 Alpha:0.50095
[MOE_TRACE] Group:0 Prob:0.83471 Alpha:0.50051
[MOE_TRACE] Group:1 Prob:0.36843 Alpha:0.50195
[MOE_TRACE] Group:2 Prob:0.83464 Alpha:0.50095
[MOE_TRACE] Group:0 Prob:0.83471 Alpha:0.50051
[MOE_TRACE] Group:1 Prob:0.36843 Alpha:0.50195
[MOE_TRACE] Group:2 Prob:0.83464 Alpha:0.50095
[MOE_TRACE] Group:0 Prob:0.83471 Alpha:0.50051
[MOE_TRACE] Group:1 Prob:0.36843 Alpha:0.50195
[MOE_TRACE] Group:2 Prob:0.83464 Alpha:0.50095
[MOE_TRACE] Group:0 Prob:0.83674 Alpha:0.50051
[MOE_TRACE] Group:1 Prob:0.36643 Alpha:0.50196
[MOE_TRACE] Group:2 Prob:0.82770 Alpha:0.50095
[MOE_TRACE] Group:0 Prob:0.83674 Alpha:0.50051
[MOE_TRACE] Group:1 Prob:0.36643 Alpha:0.50196
[MOE_TRACE] Group:2 Prob:0.82770 Alpha:0.50095
[MOE_TRACE] Group:0 Prob:0.83674 Alpha:0.50051
[MOE_TRACE] Group:1 Prob:0.36643 Alpha:0.50196
[MOE_TRACE] Group:2 Prob:0.82770 Alpha:0.50095
[MOE_TRACE] Group:0 Prob:0.83674 Alpha:0.50051
[MOE_TRACE] Group:1 Prob:0.36643 Alpha:0.50196
[MOE_TRACE] Group:2 Prob:0.82770 Alpha:0.50095
[MOE_TRACE] Group:0 Prob:0.84477 Alpha:0.50051
[MOE_TRACE] Group:1 Prob:0.37220 Alpha:0.50196
[MOE_TRACE] Group:2 Prob:0.83519 Alpha:0.50095
[MOE_TRACE] Group:0 Prob:0.84477 Alpha:0.50051
[MOE_TRACE] Group:1 Prob:0.37220 Alpha:0.50196
[MOE_TRACE] Group:2 Prob:0.83519 Alpha:0.50095
[MOE_TRACE] Group:0 Prob:0.84477 Alpha:0.50051
[MOE_TRACE] Group:1 Prob:0.37220 Alpha:0.50196
[MOE_TRACE] Group:2 Prob:0.83519 Alpha:0.50095
[MOE_TRACE] Group:0 Prob:0.84477 Alpha:0.50051
[MOE_TRACE] Group:1 Prob:0.37220 Alpha:0.50196
[MOE_TRACE] Group:2 Prob:0.83519 Alpha:0.50095
[MOE_TRACE] Group:0 Prob:0.82530 Alpha:0.50051
[MOE_TRACE] Group:1 Prob:0.36845 Alpha:0.50196
[MOE_TRACE] Group:0 Prob:0.82530 Alpha:0.50051
[MOE_TRACE] Group:1 Prob:0.36845 Alpha:0.50196
[MOE_TRACE] Group:2 Prob:0.82877 Alpha:0.50095
[MOE_TRACE] Group:0 Prob:0.82530 Alpha:0.50051
[MOE_TRACE] Group:1 Prob:0.36845 Alpha:0.50196
[MOE_TRACE] Group:2 Prob:0.82877 Alpha:0.50095
[MOE_TRACE] Group:0 Prob:0.84021 Alpha:0.50051
[MOE_TRACE] Group:1 Prob:0.36871 Alpha:0.50196
[MOE_TRACE] Group:2 Prob:0.82682 Alpha:0.50094
[MOE_TRACE] Group:0 Prob:0.84021 Alpha:0.50051
[MOE_TRACE] Group:1 Prob:0.36871 Alpha:0.50196
[MOE_TRACE] Group:2 Prob:0.82682 Alpha:0.50094
[MOE_TRACE] Group:0 Prob:0.84021 Alpha:0.50051
[MOE_TRACE] Group:1 Prob:0.36871 Alpha:0.50196
[MOE_TRACE] Group:2 Prob:0.83510 Alpha:0.50094
[MOE_TRACE] Group:0 Prob:0.84021 Alpha:0.50051
[MOE_TRACE] Group:1 Prob:0.36871 Alpha:0.50196
[MOE_TRACE] Group:2 Prob:0.83510 Alpha:0.50094
[MOE_TRACE] Group:0 Prob:0.84460 Alpha:0.50051
[MOE_TRACE] Group:1 Prob:0.37058 Alpha:0.50196
[MOE_TRACE] Group:2 Prob:0.83242 Alpha:0.50094
[MOE_TRACE] Group:0 Prob:0.84460 Alpha:0.50051
[MOE_TRACE] Group:0 Prob:0.84460 Alpha:0.50051
[MOE_TRACE] Group:1 Prob:0.37058 Alpha:0.50196
[MOE_TRACE] Group:1 Prob:0.37058 Alpha:0.50196[MOE_TRACE] Group:2 Prob:0.83242 Alpha:0.50094

[MOE_TRACE] Group:2 Prob:0.83242 Alpha:0.50094
[MOE_TRACE] Group:0 Prob:0.84460 Alpha:0.50051
[MOE_TRACE] Group:1 Prob:0.37058 Alpha:0.50196
[MOE_TRACE] Group:2 Prob:0.83242 Alpha:0.50094
[MOE_TRACE] Group:0 Prob:0.83964 Alpha:0.50051
[MOE_TRACE] Group:1 Prob:0.37255 Alpha:0.50197
[MOE_TRACE] Group:2 Prob:0.83878 Alpha:0.50094
[MOE_TRACE] Group:0 Prob:0.83964 Alpha:0.50051[MOE_TRACE] Group:0 Prob:0.83964 Alpha:0.50051

[MOE_TRACE] Group:1 Prob:0.37255 Alpha:0.50197
[MOE_TRACE] Group:1 Prob:0.37255 Alpha:0.50197
[MOE_TRACE] Group:2 Prob:0.83878 Alpha:0.50094[MOE_TRACE] Group:2 Prob:0.83878 Alpha:0.50094

[MOE_TRACE] Group:0 Prob:0.83964 Alpha:0.50051
[MOE_TRACE] Group:1 Prob:0.37255 Alpha:0.50197
[MOE_TRACE] Group:2 Prob:0.83878 Alpha:0.50094
[MOE_TRACE] Group:0 Prob:0.84354 Alpha:0.50051
[MOE_TRACE] Group:1 Prob:0.37422 Alpha:0.50197
[MOE_TRACE] Group:2 Prob:0.82652 Alpha:0.50094
[MOE_TRACE] Group:0 Prob:0.84354 Alpha:0.50051
[MOE_TRACE] Group:1 Prob:0.37422 Alpha:0.50197
[MOE_TRACE] Group:2 Prob:0.82652 Alpha:0.50094
[MOE_TRACE] Group:0 Prob:0.84354 Alpha:0.50051
[MOE_TRACE] Group:1 Prob:0.37422 Alpha:0.50197
[MOE_TRACE] Group:2 Prob:0.82652 Alpha:0.50094
[MOE_TRACE] Group:0 Prob:0.84354 Alpha:0.50051
[MOE_TRACE] Group:1 Prob:0.37422 Alpha:0.50197
[MOE_TRACE] Group:2 Prob:0.82652 Alpha:0.50094
[MOE_TRACE] Group:0 Prob:0.84330 Alpha:0.50051
[MOE_TRACE] Group:1 Prob:0.37250 Alpha:0.50197
[MOE_TRACE] Group:2 Prob:0.83110 Alpha:0.50094
[MOE_TRACE] Group:0 Prob:0.84330 Alpha:0.50051
[MOE_TRACE] Group:1 Prob:0.37250 Alpha:0.50197
[MOE_TRACE] Group:2 Prob:0.83110 Alpha:0.50094
[MOE_TRACE] Group:0 Prob:0.84330 Alpha:0.50051
[MOE_TRACE] Group:1 Prob:0.37250 Alpha:0.50197
[MOE_TRACE] Group:2 Prob:0.83110 Alpha:0.50094
[MOE_TRACE] Group:0 Prob:0.84330 Alpha:0.50051
[MOE_TRACE] Group:1 Prob:0.37250 Alpha:0.50197
[MOE_TRACE] Group:2 Prob:0.83110 Alpha:0.50094
[MOE_TRACE] Group:0 Prob:0.84016 Alpha:0.50051
[MOE_TRACE] Group:1 Prob:0.36615 Alpha:0.50198
[MOE_TRACE] Group:2 Prob:0.83226 Alpha:0.50094
[MOE_TRACE] Group:0 Prob:0.84016 Alpha:0.50051
[MOE_TRACE] Group:1 Prob:0.36615 Alpha:0.50198
[MOE_TRACE] Group:2 Prob:0.83226 Alpha:0.50094
[MOE_TRACE] Group:0 Prob:0.84016 Alpha:0.50051
[MOE_TRACE] Group:1 Prob:0.36615 Alpha:0.50198
[MOE_TRACE] Group:2 Prob:0.83226 Alpha:0.50094
[MOE_TRACE] Group:0 Prob:0.84016 Alpha:0.50051
[MOE_TRACE] Group:1 Prob:0.36615 Alpha:0.50198
[MOE_TRACE] Group:2 Prob:0.83226 Alpha:0.50094
[MOE_TRACE] Group:0 Prob:0.83972 Alpha:0.50051
[MOE_TRACE] Group:1 Prob:0.36712 Alpha:0.50198
[MOE_TRACE] Group:2 Prob:0.83297 Alpha:0.50094
[MOE_TRACE] Group:0 Prob:0.83972 Alpha:0.50051
[MOE_TRACE] Group:1 Prob:0.36712 Alpha:0.50198
[MOE_TRACE] Group:2 Prob:0.83297 Alpha:0.50094
[MOE_TRACE] Group:0 Prob:0.83972 Alpha:0.50051
[MOE_TRACE] Group:1 Prob:0.36712 Alpha:0.50198
[MOE_TRACE] Group:2 Prob:0.83297 Alpha:0.50094
[MOE_TRACE] Group:0 Prob:0.83972 Alpha:0.50051
[MOE_TRACE] Group:1 Prob:0.36712 Alpha:0.50198
[MOE_TRACE] Group:2 Prob:0.83297 Alpha:0.50094
[MOE_TRACE] Group:0 Prob:0.82927 Alpha:0.50051
[MOE_TRACE] Group:0 Prob:0.82927 Alpha:0.50051
[MOE_TRACE] Group:1 Prob:0.37280 Alpha:0.50198
[MOE_TRACE] Group:1 Prob:0.37280 Alpha:0.50198
[MOE_TRACE] Group:2 Prob:0.83504 Alpha:0.50094
[MOE_TRACE] Group:2 Prob:0.83504 Alpha:0.50094
[MOE_TRACE] Group:0 Prob:0.82927 Alpha:0.50051
[MOE_TRACE] Group:1 Prob:0.37280 Alpha:0.50198
[MOE_TRACE] Group:2 Prob:0.83504 Alpha:0.50094
[MOE_TRACE] Group:0 Prob:0.82927 Alpha:0.50051
[MOE_TRACE] Group:1 Prob:0.37280 Alpha:0.50198
[MOE_TRACE] Group:2 Prob:0.83504 Alpha:0.50094
[MOE_TRACE] Group:0 Prob:0.83450 Alpha:0.50051
[MOE_TRACE] Group:1 Prob:0.37302 Alpha:0.50199
[MOE_TRACE] Group:2 Prob:0.83723 Alpha:0.50094
[MOE_TRACE] Group:0 Prob:0.83450 Alpha:0.50051
[MOE_TRACE] Group:1 Prob:0.37302 Alpha:0.50199
[MOE_TRACE] Group:2 Prob:0.83723 Alpha:0.50094
[MOE_TRACE] Group:0 Prob:0.83450 Alpha:0.50051
[MOE_TRACE] Group:1 Prob:0.37302 Alpha:0.50199
[MOE_TRACE] Group:2 Prob:0.83723 Alpha:0.50094
[MOE_TRACE] Group:0 Prob:0.83450 Alpha:0.50051
[MOE_TRACE] Group:1 Prob:0.37302 Alpha:0.50199
[MOE_TRACE] Group:2 Prob:0.83723 Alpha:0.50094
[MOE_TRACE] Group:0 Prob:0.82596 Alpha:0.50052
[MOE_TRACE] Group:1 Prob:0.37720 Alpha:0.50199
[MOE_TRACE] Group:2 Prob:0.83015 Alpha:0.50094
[MOE_TRACE] Group:0 Prob:0.82596 Alpha:0.50052
[MOE_TRACE] Group:1 Prob:0.37720 Alpha:0.50199
[MOE_TRACE] Group:2 Prob:0.83015 Alpha:0.50094
[MOE_TRACE] Group:0 Prob:0.82596 Alpha:0.50052
[MOE_TRACE] Group:1 Prob:0.37720 Alpha:0.50199
[MOE_TRACE] Group:2 Prob:0.83015 Alpha:0.50094
[MOE_TRACE] Group:0 Prob:0.82596 Alpha:0.50052
[MOE_TRACE] Group:1 Prob:0.37720 Alpha:0.50199
[MOE_TRACE] Group:2 Prob:0.83015 Alpha:0.50094
[MOE_TRACE] Group:0 Prob:0.84726 Alpha:0.50052
[MOE_TRACE] Group:0 Prob:0.84726 Alpha:0.50052
[MOE_TRACE] Group:2 Prob:0.82220 Alpha:0.50094
[MOE_TRACE] Group:2 Prob:0.82220 Alpha:0.50094
[MOE_TRACE] Group:0 Prob:0.84726 Alpha:0.50052
[MOE_TRACE] Group:1 Prob:0.37110 Alpha:0.50199
[MOE_TRACE] Group:2 Prob:0.83460 Alpha:0.50094
[MOE_TRACE] Group:0 Prob:0.84726 Alpha:0.50052
[MOE_TRACE] Group:1 Prob:0.37110 Alpha:0.50199
[MOE_TRACE] Group:2 Prob:0.83460 Alpha:0.50094
[MOE_TRACE] Group:0 Prob:0.83917 Alpha:0.50052
[MOE_TRACE] Group:1 Prob:0.36949 Alpha:0.50199
[MOE_TRACE] Group:2 Prob:0.83849 Alpha:0.50094
[MOE_TRACE] Group:0 Prob:0.83917 Alpha:0.50052
[MOE_TRACE] Group:1 Prob:0.36949 Alpha:0.50199
[MOE_TRACE] Group:2 Prob:0.83849 Alpha:0.50094
[MOE_TRACE] Group:0 Prob:0.83917 Alpha:0.50052
[MOE_TRACE] Group:1 Prob:0.36949 Alpha:0.50199
[MOE_TRACE] Group:2 Prob:0.83849 Alpha:0.50094
[MOE_TRACE] Group:0 Prob:0.83917 Alpha:0.50052
[MOE_TRACE] Group:1 Prob:0.36949 Alpha:0.50199
[MOE_TRACE] Group:2 Prob:0.83849 Alpha:0.50094
[MOE_TRACE] Group:0 Prob:0.83861 Alpha:0.50052
[MOE_TRACE] Group:1 Prob:0.36931 Alpha:0.50199
[MOE_TRACE] Group:2 Prob:0.83099 Alpha:0.50094
[MOE_TRACE] Group:0 Prob:0.83861 Alpha:0.50052
[MOE_TRACE] Group:1 Prob:0.36931 Alpha:0.50199
[MOE_TRACE] Group:2 Prob:0.83099 Alpha:0.50094
[MOE_TRACE] Group:0 Prob:0.83861 Alpha:0.50052
[MOE_TRACE] Group:1 Prob:0.36931 Alpha:0.50199
[MOE_TRACE] Group:2 Prob:0.83099 Alpha:0.50094
[MOE_TRACE] Group:0 Prob:0.83861 Alpha:0.50052
[MOE_TRACE] Group:1 Prob:0.36931 Alpha:0.50199
[MOE_TRACE] Group:2 Prob:0.83099 Alpha:0.50094
[MOE_TRACE] Group:0 Prob:0.84009 Alpha:0.50052
[MOE_TRACE] Group:1 Prob:0.37305 Alpha:0.50199
[MOE_TRACE] Group:2 Prob:0.83649 Alpha:0.50094
[MOE_TRACE] Group:0 Prob:0.84009 Alpha:0.50052
[MOE_TRACE] Group:1 Prob:0.37305 Alpha:0.50199
[MOE_TRACE] Group:2 Prob:0.83649 Alpha:0.50094
[MOE_TRACE] Group:0 Prob:0.84009 Alpha:0.50052
[MOE_TRACE] Group:1 Prob:0.37305 Alpha:0.50199
[MOE_TRACE] Group:2 Prob:0.83137 Alpha:0.50094
[MOE_TRACE] Group:0 Prob:0.84009 Alpha:0.50052
[MOE_TRACE] Group:1 Prob:0.37305 Alpha:0.50199
[MOE_TRACE] Group:2 Prob:0.83137 Alpha:0.50094
[MOE_TRACE] Group:0 Prob:0.83279 Alpha:0.50052
[MOE_TRACE] Group:1 Prob:0.37925 Alpha:0.50200
[MOE_TRACE] Group:2 Prob:0.84320 Alpha:0.50094
[MOE_TRACE] Group:0 Prob:0.83279 Alpha:0.50052
[MOE_TRACE] Group:1 Prob:0.37925 Alpha:0.50200
[MOE_TRACE] Group:2 Prob:0.84177 Alpha:0.50094
[MOE_TRACE] Group:0 Prob:0.83279 Alpha:0.50052
[MOE_TRACE] Group:1 Prob:0.37925 Alpha:0.50200
[MOE_TRACE] Group:2 Prob:0.84177 Alpha:0.50094
[MOE_TRACE] Group:0 Prob:0.83279 Alpha:0.50052
[MOE_TRACE] Group:1 Prob:0.37925 Alpha:0.50200
[MOE_TRACE] Group:2 Prob:0.84177 Alpha:0.50094
[MOE_TRACE] Group:0 Prob:0.83109 Alpha:0.50052
[MOE_TRACE] Group:0 Prob:0.83109 Alpha:0.50052
[MOE_TRACE] Group:1 Prob:0.36649 Alpha:0.50200[MOE_TRACE] Group:1 Prob:0.36649 Alpha:0.50200

[MOE_TRACE] Group:2 Prob:0.83219 Alpha:0.50094[MOE_TRACE] Group:2 Prob:0.83219 Alpha:0.50094

[MOE_TRACE] Group:0 Prob:0.83109 Alpha:0.50052
[MOE_TRACE] Group:0 Prob:0.83109 Alpha:0.50052[MOE_TRACE] Group:1 Prob:0.36649 Alpha:0.50200

[MOE_TRACE] Group:1 Prob:0.36649 Alpha:0.50200
[MOE_TRACE] Group:2 Prob:0.83219 Alpha:0.50094
[MOE_TRACE] Group:2 Prob:0.83219 Alpha:0.50094
[MOE_TRACE] Group:0 Prob:0.82260 Alpha:0.50052
[MOE_TRACE] Group:1 Prob:0.37512 Alpha:0.50200
[MOE_TRACE] Group:2 Prob:0.83230 Alpha:0.50094
[MOE_TRACE] Group:0 Prob:0.82260 Alpha:0.50052
[MOE_TRACE] Group:1 Prob:0.37512 Alpha:0.50200
[MOE_TRACE] Group:0 Prob:0.82260 Alpha:0.50052
[MOE_TRACE] Group:2 Prob:0.83230 Alpha:0.50094
[MOE_TRACE] Group:1 Prob:0.37512 Alpha:0.50200[MOE_TRACE] Group:0 Prob:0.82260 Alpha:0.50052

[MOE_TRACE] Group:1 Prob:0.37512 Alpha:0.50200
[MOE_TRACE] Group:2 Prob:0.83230 Alpha:0.50094
[MOE_TRACE] Group:2 Prob:0.83230 Alpha:0.50094
[MOE_TRACE] Group:0 Prob:0.83303 Alpha:0.50052
[MOE_TRACE] Group:1 Prob:0.37089 Alpha:0.50200
[MOE_TRACE] Group:0 Prob:0.83303 Alpha:0.50052
[MOE_TRACE] Group:2 Prob:0.83902 Alpha:0.50094
[MOE_TRACE] Group:1 Prob:0.37089 Alpha:0.50200
[MOE_TRACE] Group:2 Prob:0.83902 Alpha:0.50094
[MOE_TRACE] Group:0 Prob:0.83303 Alpha:0.50052
[MOE_TRACE] Group:1 Prob:0.37089 Alpha:0.50200
[MOE_TRACE] Group:0 Prob:0.83303 Alpha:0.50052[MOE_TRACE] Group:2 Prob:0.83902 Alpha:0.50094

[MOE_TRACE] Group:1 Prob:0.37089 Alpha:0.50200
[MOE_TRACE] Group:2 Prob:0.83902 Alpha:0.50094
[MOE_TRACE] Group:0 Prob:0.82997 Alpha:0.50052
[MOE_TRACE] Group:1 Prob:0.36418 Alpha:0.50200
[MOE_TRACE] Group:2 Prob:0.82926 Alpha:0.50094
[MOE_TRACE] Group:0 Prob:0.82997 Alpha:0.50052
[MOE_TRACE] Group:1 Prob:0.36418 Alpha:0.50200
[MOE_TRACE] Group:2 Prob:0.82926 Alpha:0.50094
[MOE_TRACE] Group:0 Prob:0.82997 Alpha:0.50052
[MOE_TRACE] Group:1 Prob:0.36418 Alpha:0.50200
[MOE_TRACE] Group:2 Prob:0.82926 Alpha:0.50094
[MOE_TRACE] Group:0 Prob:0.82997 Alpha:0.50052
[MOE_TRACE] Group:1 Prob:0.36418 Alpha:0.50200
[MOE_TRACE] Group:2 Prob:0.82926 Alpha:0.50094
[MOE_TRACE] Group:0 Prob:0.82992 Alpha:0.50052
[MOE_TRACE] Group:1 Prob:0.36475 Alpha:0.50200
[MOE_TRACE] Group:2 Prob:0.83462 Alpha:0.50094
[MOE_TRACE] Group:0 Prob:0.82992 Alpha:0.50052
[MOE_TRACE] Group:1 Prob:0.36475 Alpha:0.50200
[MOE_TRACE] Group:2 Prob:0.82956 Alpha:0.50094
[MOE_TRACE] Group:0 Prob:0.82992 Alpha:0.50052
[MOE_TRACE] Group:1 Prob:0.36475 Alpha:0.50200
[MOE_TRACE] Group:2 Prob:0.82956 Alpha:0.50094
[MOE_TRACE] Group:0 Prob:0.82992 Alpha:0.50052
[MOE_TRACE] Group:1 Prob:0.36475 Alpha:0.50200
[MOE_TRACE] Group:2 Prob:0.82956 Alpha:0.50094
[MOE_TRACE] Group:0 Prob:0.82947 Alpha:0.50052
[MOE_TRACE] Group:1 Prob:0.37578 Alpha:0.50200
[MOE_TRACE] Group:2 Prob:0.83507 Alpha:0.50094
[MOE_TRACE] Group:0 Prob:0.82947 Alpha:0.50052
[MOE_TRACE] Group:1 Prob:0.37578 Alpha:0.50200
[MOE_TRACE] Group:2 Prob:0.83507 Alpha:0.50094
[MOE_TRACE] Group:0 Prob:0.82947 Alpha:0.50052
[MOE_TRACE] Group:1 Prob:0.37578 Alpha:0.50200
[MOE_TRACE] Group:2 Prob:0.83507 Alpha:0.50094
[MOE_TRACE] Group:0 Prob:0.82947 Alpha:0.50052
[MOE_TRACE] Group:1 Prob:0.37578 Alpha:0.50200
[MOE_TRACE] Group:2 Prob:0.83507 Alpha:0.50094
[MOE_TRACE] Group:0 Prob:0.83244 Alpha:0.50052
[MOE_TRACE] Group:1 Prob:0.37179 Alpha:0.50200
[MOE_TRACE] Group:2 Prob:0.83218 Alpha:0.50094
[MOE_TRACE] Group:0 Prob:0.83244 Alpha:0.50052
[MOE_TRACE] Group:1 Prob:0.37179 Alpha:0.50200
[MOE_TRACE] Group:2 Prob:0.83608 Alpha:0.50094
[MOE_TRACE] Group:0 Prob:0.83244 Alpha:0.50052
[MOE_TRACE] Group:1 Prob:0.37179 Alpha:0.50200
[MOE_TRACE] Group:2 Prob:0.83608 Alpha:0.50094
[MOE_TRACE] Group:0 Prob:0.83244 Alpha:0.50052
[MOE_TRACE] Group:1 Prob:0.37179 Alpha:0.50200
[MOE_TRACE] Group:2 Prob:0.83608 Alpha:0.50094
[MOE_TRACE] Group:0 Prob:0.84077 Alpha:0.50052
[MOE_TRACE] Group:1 Prob:0.36444 Alpha:0.50200
[MOE_TRACE] Group:2 Prob:0.83398 Alpha:0.50095
[MOE_TRACE] Group:0 Prob:0.84077 Alpha:0.50052
[MOE_TRACE] Group:1 Prob:0.36444 Alpha:0.50200
[MOE_TRACE] Group:0 Prob:0.84077 Alpha:0.50052
[MOE_TRACE] Group:2 Prob:0.83398 Alpha:0.50095
[MOE_TRACE] Group:1 Prob:0.36444 Alpha:0.50200
[MOE_TRACE] Group:2 Prob:0.83398 Alpha:0.50095
[MOE_TRACE] Group:0 Prob:0.84077 Alpha:0.50052
[MOE_TRACE] Group:1 Prob:0.36444 Alpha:0.50200
[MOE_TRACE] Group:2 Prob:0.83398 Alpha:0.50095
[MOE_TRACE] Group:0 Prob:0.83944 Alpha:0.50052
[MOE_TRACE] Group:1 Prob:0.36745 Alpha:0.50201
[MOE_TRACE] Group:2 Prob:0.83260 Alpha:0.50095
[MOE_TRACE] Group:0 Prob:0.83944 Alpha:0.50052
[MOE_TRACE] Group:1 Prob:0.36745 Alpha:0.50201
[MOE_TRACE] Group:2 Prob:0.83260 Alpha:0.50095
[MOE_TRACE] Group:0 Prob:0.83944 Alpha:0.50052
[MOE_TRACE] Group:1 Prob:0.36745 Alpha:0.50201
[MOE_TRACE] Group:2 Prob:0.83260 Alpha:0.50095
[MOE_TRACE] Group:0 Prob:0.83944 Alpha:0.50052
[MOE_TRACE] Group:1 Prob:0.36745 Alpha:0.50201
[MOE_TRACE] Group:2 Prob:0.83260 Alpha:0.50095
[MOE_TRACE] Group:2 Prob:0.82660 Alpha:0.50095
[MOE_TRACE] Group:0 Prob:0.83010 Alpha:0.50052
[MOE_TRACE] Group:1 Prob:0.37838 Alpha:0.50201
[MOE_TRACE] Group:2 Prob:0.83469 Alpha:0.50095
[MOE_TRACE] Group:0 Prob:0.83010 Alpha:0.50052
[MOE_TRACE] Group:1 Prob:0.37838 Alpha:0.50201
[MOE_TRACE] Group:2 Prob:0.83469 Alpha:0.50095
[MOE_TRACE] Group:0 Prob:0.83509 Alpha:0.50052
[MOE_TRACE] Group:1 Prob:0.36258 Alpha:0.50201
[MOE_TRACE] Group:2 Prob:0.83328 Alpha:0.50095
[MOE_TRACE] Group:0 Prob:0.83509 Alpha:0.50052
[MOE_TRACE] Group:1 Prob:0.36258 Alpha:0.50201
[MOE_TRACE] Group:2 Prob:0.83446 Alpha:0.50095
[MOE_TRACE] Group:0 Prob:0.83509 Alpha:0.50052
[MOE_TRACE] Group:1 Prob:0.36258 Alpha:0.50201
[MOE_TRACE] Group:2 Prob:0.83446 Alpha:0.50095
[MOE_TRACE] Group:0 Prob:0.83509 Alpha:0.50052
[MOE_TRACE] Group:1 Prob:0.36258 Alpha:0.50201
[MOE_TRACE] Group:2 Prob:0.83446 Alpha:0.50095
[MOE_TRACE] Group:0 Prob:0.82772 Alpha:0.50052
[MOE_TRACE] Group:2 Prob:0.82797 Alpha:0.50095
[MOE_TRACE] Group:0 Prob:0.82772 Alpha:0.50052
[MOE_TRACE] Group:1 Prob:0.37176 Alpha:0.50202
[MOE_TRACE] Group:2 Prob:0.82797 Alpha:0.50095
[MOE_TRACE] Group:0 Prob:0.82772 Alpha:0.50052
[MOE_TRACE] Group:1 Prob:0.37176 Alpha:0.50202
[MOE_TRACE] Group:2 Prob:0.82969 Alpha:0.50095
[MOE_TRACE] Group:0 Prob:0.82772 Alpha:0.50052
[MOE_TRACE] Group:1 Prob:0.37176 Alpha:0.50202
[MOE_TRACE] Group:2 Prob:0.82969 Alpha:0.50095
[MOE_TRACE] Group:0 Prob:0.84659 Alpha:0.50052
[MOE_TRACE] Group:1 Prob:0.37089 Alpha:0.50202
[MOE_TRACE] Group:2 Prob:0.83135 Alpha:0.50096
[MOE_TRACE] Group:0 Prob:0.84659 Alpha:0.50052
[MOE_TRACE] Group:1 Prob:0.37089 Alpha:0.50202
[MOE_TRACE] Group:2 Prob:0.82607 Alpha:0.50096
[MOE_TRACE] Group:0 Prob:0.84659 Alpha:0.50052
[MOE_TRACE] Group:1 Prob:0.37089 Alpha:0.50202
[MOE_TRACE] Group:2 Prob:0.82607 Alpha:0.50096
[MOE_TRACE] Group:0 Prob:0.84659 Alpha:0.50052
[MOE_TRACE] Group:1 Prob:0.37089 Alpha:0.50202
[MOE_TRACE] Group:2 Prob:0.82607 Alpha:0.50096
[MOE_TRACE] Group:0 Prob:0.83806 Alpha:0.50051
[MOE_TRACE] Group:0 Prob:0.83806 Alpha:0.50051
[MOE_TRACE] Group:1 Prob:0.37044 Alpha:0.50202
[MOE_TRACE] Group:2 Prob:0.83460 Alpha:0.50096
[MOE_TRACE] Group:0 Prob:0.83806 Alpha:0.50051
[MOE_TRACE] Group:1 Prob:0.37044 Alpha:0.50202
[MOE_TRACE] Group:2 Prob:0.83460 Alpha:0.50096
[MOE_TRACE] Group:0 Prob:0.83806 Alpha:0.50051
[MOE_TRACE] Group:1 Prob:0.37044 Alpha:0.50202
[MOE_TRACE] Group:2 Prob:0.83460 Alpha:0.50096
[MOE_TRACE] Group:0 Prob:0.83522 Alpha:0.50051
[MOE_TRACE] Group:0 Prob:0.83522 Alpha:0.50051
[MOE_TRACE] Group:1 Prob:0.37403 Alpha:0.50202
[MOE_TRACE] Group:1 Prob:0.37403 Alpha:0.50202
[MOE_TRACE] Group:2 Prob:0.83078 Alpha:0.50096
[MOE_TRACE] Group:2 Prob:0.83078 Alpha:0.50096
[MOE_TRACE] Group:0 Prob:0.83522 Alpha:0.50051
[MOE_TRACE] Group:1 Prob:0.37403 Alpha:0.50202
[MOE_TRACE] Group:2 Prob:0.83078 Alpha:0.50096
[MOE_TRACE] Group:0 Prob:0.83522 Alpha:0.50051
[MOE_TRACE] Group:1 Prob:0.37403 Alpha:0.50202
[MOE_TRACE] Group:2 Prob:0.83078 Alpha:0.50096
[MOE_TRACE] Group:0 Prob:0.83505 Alpha:0.50051
[MOE_TRACE] Group:1 Prob:0.36420 Alpha:0.50202
[MOE_TRACE] Group:2 Prob:0.83904 Alpha:0.50096
[MOE_TRACE] Group:0 Prob:0.83505 Alpha:0.50051
[MOE_TRACE] Group:1 Prob:0.36420 Alpha:0.50202
[MOE_TRACE] Group:0 Prob:0.83505 Alpha:0.50051
[MOE_TRACE] Group:2 Prob:0.82955 Alpha:0.50096
[MOE_TRACE] Group:1 Prob:0.36420 Alpha:0.50202
[MOE_TRACE] Group:2 Prob:0.82955 Alpha:0.50096
[MOE_TRACE] Group:0 Prob:0.83505 Alpha:0.50051
[MOE_TRACE] Group:1 Prob:0.36420 Alpha:0.50202
[MOE_TRACE] Group:2 Prob:0.82955 Alpha:0.50096
[MOE_TRACE] Group:0 Prob:0.84454 Alpha:0.50051
[MOE_TRACE] Group:1 Prob:0.35633 Alpha:0.50203
[MOE_TRACE] Group:2 Prob:0.82743 Alpha:0.50096
[MOE_TRACE] Group:0 Prob:0.84454 Alpha:0.50051
[MOE_TRACE] Group:1 Prob:0.35633 Alpha:0.50203
[MOE_TRACE] Group:2 Prob:0.82743 Alpha:0.50096
[MOE_TRACE] Group:0 Prob:0.84454 Alpha:0.50051
[MOE_TRACE] Group:0 Prob:0.84454 Alpha:0.50051
[MOE_TRACE] Group:1 Prob:0.35633 Alpha:0.50203
[MOE_TRACE] Group:1 Prob:0.35633 Alpha:0.50203
[MOE_TRACE] Group:2 Prob:0.82743 Alpha:0.50096
[MOE_TRACE] Group:2 Prob:0.82743 Alpha:0.50096
[MOE_TRACE] Group:0 Prob:0.84253 Alpha:0.50051
[MOE_TRACE] Group:1 Prob:0.37180 Alpha:0.50203
[MOE_TRACE] Group:2 Prob:0.82518 Alpha:0.50096
[MOE_TRACE] Group:0 Prob:0.84253 Alpha:0.50051
[MOE_TRACE] Group:1 Prob:0.37180 Alpha:0.50203
[MOE_TRACE] Group:2 Prob:0.82941 Alpha:0.50096
[MOE_TRACE] Group:0 Prob:0.84253 Alpha:0.50051
[MOE_TRACE] Group:1 Prob:0.37180 Alpha:0.50203
[MOE_TRACE] Group:2 Prob:0.82941 Alpha:0.50096
[MOE_TRACE] Group:0 Prob:0.84253 Alpha:0.50051
[MOE_TRACE] Group:1 Prob:0.37180 Alpha:0.50203
[MOE_TRACE] Group:2 Prob:0.82941 Alpha:0.50096
[MOE_TRACE] Group:0 Prob:0.84449 Alpha:0.50051
[MOE_TRACE] Group:1 Prob:0.36719 Alpha:0.50203
[MOE_TRACE] Group:2 Prob:0.82547 Alpha:0.50096
[MOE_TRACE] Group:0 Prob:0.84449 Alpha:0.50051
[MOE_TRACE] Group:0 Prob:0.84449 Alpha:0.50051
[MOE_TRACE] Group:1 Prob:0.36719 Alpha:0.50203
[MOE_TRACE] Group:1 Prob:0.36719 Alpha:0.50203
[MOE_TRACE] Group:2 Prob:0.82547 Alpha:0.50096
[MOE_TRACE] Group:2 Prob:0.82547 Alpha:0.50096
[MOE_TRACE] Group:0 Prob:0.84449 Alpha:0.50051
[MOE_TRACE] Group:1 Prob:0.36719 Alpha:0.50203
[MOE_TRACE] Group:2 Prob:0.82547 Alpha:0.50096
[MOE_TRACE] Group:0 Prob:0.82569 Alpha:0.50051
[MOE_TRACE] Group:1 Prob:0.36108 Alpha:0.50203
[MOE_TRACE] Group:2 Prob:0.82439 Alpha:0.50096
[MOE_TRACE] Group:0 Prob:0.82569 Alpha:0.50051
[MOE_TRACE] Group:0 Prob:0.82569 Alpha:0.50051
[MOE_TRACE] Group:1 Prob:0.36108 Alpha:0.50203
[MOE_TRACE] Group:1 Prob:0.36108 Alpha:0.50203
[MOE_TRACE] Group:2 Prob:0.82284 Alpha:0.50096[MOE_TRACE] Group:2 Prob:0.82284 Alpha:0.50096

[MOE_TRACE] Group:0 Prob:0.82569 Alpha:0.50051
[MOE_TRACE] Group:1 Prob:0.36108 Alpha:0.50203
[MOE_TRACE] Group:2 Prob:0.82284 Alpha:0.50096
[MOE_TRACE] Group:0 Prob:0.84128 Alpha:0.50051
[MOE_TRACE] Group:0 Prob:0.84128 Alpha:0.50051
[MOE_TRACE] Group:1 Prob:0.36588 Alpha:0.50204
[MOE_TRACE] Group:2 Prob:0.82843 Alpha:0.50096
[MOE_TRACE] Group:1 Prob:0.36588 Alpha:0.50204
[MOE_TRACE] Group:2 Prob:0.82843 Alpha:0.50096
[MOE_TRACE] Group:0 Prob:0.84128 Alpha:0.50051
[MOE_TRACE] Group:1 Prob:0.36588 Alpha:0.50204
[MOE_TRACE] Group:2 Prob:0.82843 Alpha:0.50096
[MOE_TRACE] Group:0 Prob:0.84128 Alpha:0.50051
[MOE_TRACE] Group:1 Prob:0.36588 Alpha:0.50204
[MOE_TRACE] Group:2 Prob:0.82843 Alpha:0.50096
[MOE_TRACE] Group:0 Prob:0.84663 Alpha:0.50051
[MOE_TRACE] Group:1 Prob:0.36134 Alpha:0.50204
[MOE_TRACE] Group:2 Prob:0.82973 Alpha:0.50096
[MOE_TRACE] Group:0 Prob:0.84663 Alpha:0.50051
[MOE_TRACE] Group:1 Prob:0.36134 Alpha:0.50204
[MOE_TRACE] Group:2 Prob:0.82973 Alpha:0.50096
[MOE_TRACE] Group:0 Prob:0.84663 Alpha:0.50051
[MOE_TRACE] Group:1 Prob:0.36134 Alpha:0.50204
[MOE_TRACE] Group:2 Prob:0.83392 Alpha:0.50096
[MOE_TRACE] Group:0 Prob:0.84663 Alpha:0.50051
[MOE_TRACE] Group:1 Prob:0.36134 Alpha:0.50204
[MOE_TRACE] Group:2 Prob:0.83392 Alpha:0.50096
[MOE_TRACE] Group:0 Prob:0.83301 Alpha:0.50051
[MOE_TRACE] Group:1 Prob:0.37594 Alpha:0.50204
[MOE_TRACE] Group:0 Prob:0.83301 Alpha:0.50051
[MOE_TRACE] Group:1 Prob:0.37594 Alpha:0.50204
[MOE_TRACE] Group:2 Prob:0.83355 Alpha:0.50096
[MOE_TRACE] Group:2 Prob:0.83355 Alpha:0.50096
[MOE_TRACE] Group:0 Prob:0.83301 Alpha:0.50051
[MOE_TRACE] Group:1 Prob:0.37594 Alpha:0.50204
[MOE_TRACE] Group:2 Prob:0.83012 Alpha:0.50096
[MOE_TRACE] Group:0 Prob:0.83301 Alpha:0.50051
[MOE_TRACE] Group:1 Prob:0.37594 Alpha:0.50204
[MOE_TRACE] Group:2 Prob:0.83012 Alpha:0.50096
[MOE_TRACE] Group:0 Prob:0.83485 Alpha:0.50052
[MOE_TRACE] Group:1 Prob:0.35318 Alpha:0.50205
[MOE_TRACE] Group:0 Prob:0.83485 Alpha:0.50052[MOE_TRACE] Group:2 Prob:0.82696 Alpha:0.50096

[MOE_TRACE] Group:1 Prob:0.35318 Alpha:0.50205
[MOE_TRACE] Group:2 Prob:0.82696 Alpha:0.50096
[MOE_TRACE] Group:0 Prob:0.83485 Alpha:0.50052
[MOE_TRACE] Group:1 Prob:0.35318 Alpha:0.50205
[MOE_TRACE] Group:2 Prob:0.82696 Alpha:0.50096
[MOE_TRACE] Group:0 Prob:0.83485 Alpha:0.50052
[MOE_TRACE] Group:1 Prob:0.35318 Alpha:0.50205
[MOE_TRACE] Group:2 Prob:0.82696 Alpha:0.50096
[MOE_TRACE] Group:0 Prob:0.83585 Alpha:0.50052
[MOE_TRACE] Group:1 Prob:0.36434 Alpha:0.50205
[MOE_TRACE] Group:2 Prob:0.82848 Alpha:0.50096
[MOE_TRACE] Group:0 Prob:0.83585 Alpha:0.50052
[MOE_TRACE] Group:1 Prob:0.36434 Alpha:0.50205
[MOE_TRACE] Group:2 Prob:0.82848 Alpha:0.50096
[MOE_TRACE] Group:0 Prob:0.83585 Alpha:0.50052
[MOE_TRACE] Group:1 Prob:0.36434 Alpha:0.50205
[MOE_TRACE] Group:2 Prob:0.82848 Alpha:0.50096
[MOE_TRACE] Group:0 Prob:0.83585 Alpha:0.50052
[MOE_TRACE] Group:1 Prob:0.36434 Alpha:0.50205
[MOE_TRACE] Group:2 Prob:0.82848 Alpha:0.50096
[MOE_TRACE] Group:0 Prob:0.82755 Alpha:0.50052
[MOE_TRACE] Group:1 Prob:0.36866 Alpha:0.50205
[MOE_TRACE] Group:2 Prob:0.82953 Alpha:0.50096
[MOE_TRACE] Group:0 Prob:0.82755 Alpha:0.50052
[MOE_TRACE] Group:1 Prob:0.36866 Alpha:0.50205
[MOE_TRACE] Group:2 Prob:0.82953 Alpha:0.50096
[MOE_TRACE] Group:0 Prob:0.82755 Alpha:0.50052
[MOE_TRACE] Group:1 Prob:0.36866 Alpha:0.50205
[MOE_TRACE] Group:2 Prob:0.82953 Alpha:0.50096
[MOE_TRACE] Group:0 Prob:0.82755 Alpha:0.50052
[MOE_TRACE] Group:1 Prob:0.36866 Alpha:0.50205
[MOE_TRACE] Group:2 Prob:0.82953 Alpha:0.50096
[MOE_TRACE] Group:0 Prob:0.83044 Alpha:0.50052
[MOE_TRACE] Group:1 Prob:0.35599 Alpha:0.50206
[MOE_TRACE] Group:0 Prob:0.83044 Alpha:0.50052[MOE_TRACE] Group:2 Prob:0.83756 Alpha:0.50096

[MOE_TRACE] Group:1 Prob:0.35599 Alpha:0.50206
[MOE_TRACE] Group:2 Prob:0.83756 Alpha:0.50096
[MOE_TRACE] Group:0 Prob:0.83044 Alpha:0.50052
[MOE_TRACE] Group:1 Prob:0.35599 Alpha:0.50206
[MOE_TRACE] Group:0 Prob:0.83044 Alpha:0.50052[MOE_TRACE] Group:2 Prob:0.83756 Alpha:0.50096

[MOE_TRACE] Group:1 Prob:0.35599 Alpha:0.50206
[MOE_TRACE] Group:2 Prob:0.83756 Alpha:0.50096
[MOE_TRACE] Group:0 Prob:0.84156 Alpha:0.50052
[MOE_TRACE] Group:0 Prob:0.84156 Alpha:0.50052
[MOE_TRACE] Group:1 Prob:0.35811 Alpha:0.50206
[MOE_TRACE] Group:2 Prob:0.83087 Alpha:0.50096
[MOE_TRACE] Group:1 Prob:0.35811 Alpha:0.50206
[MOE_TRACE] Group:2 Prob:0.83087 Alpha:0.50096
[MOE_TRACE] Group:0 Prob:0.84156 Alpha:0.50052
[MOE_TRACE] Group:1 Prob:0.35811 Alpha:0.50206
[MOE_TRACE] Group:2 Prob:0.83087 Alpha:0.50096
[MOE_TRACE] Group:0 Prob:0.84156 Alpha:0.50052
[MOE_TRACE] Group:1 Prob:0.35811 Alpha:0.50206
[MOE_TRACE] Group:2 Prob:0.83087 Alpha:0.50096
[MOE_TRACE] Group:0 Prob:0.83673 Alpha:0.50052
[MOE_TRACE] Group:1 Prob:0.36505 Alpha:0.50206
[MOE_TRACE] Group:2 Prob:0.83014 Alpha:0.50096
[MOE_TRACE] Group:0 Prob:0.83673 Alpha:0.50052
[MOE_TRACE] Group:1 Prob:0.36505 Alpha:0.50206
[MOE_TRACE] Group:2 Prob:0.83014 Alpha:0.50096
[MOE_TRACE] Group:0 Prob:0.83673 Alpha:0.50052
[MOE_TRACE] Group:1 Prob:0.36505 Alpha:0.50206
[MOE_TRACE] Group:2 Prob:0.83014 Alpha:0.50096
[MOE_TRACE] Group:0 Prob:0.83673 Alpha:0.50052
[MOE_TRACE] Group:1 Prob:0.36505 Alpha:0.50206
[MOE_TRACE] Group:2 Prob:0.83014 Alpha:0.50096
[MOE_TRACE] Group:0 Prob:0.81839 Alpha:0.50052
[MOE_TRACE] Group:1 Prob:0.38267 Alpha:0.50206
[MOE_TRACE] Group:2 Prob:0.82595 Alpha:0.50095
[MOE_TRACE] Group:0 Prob:0.81839 Alpha:0.50052
[MOE_TRACE] Group:0 Prob:0.81839 Alpha:0.50052
[MOE_TRACE] Group:1 Prob:0.38267 Alpha:0.50206
[MOE_TRACE] Group:1 Prob:0.38267 Alpha:0.50206
[MOE_TRACE] Group:2 Prob:0.82880 Alpha:0.50095
[MOE_TRACE] Group:2 Prob:0.82880 Alpha:0.50095
[MOE_TRACE] Group:0 Prob:0.81839 Alpha:0.50052
[MOE_TRACE] Group:1 Prob:0.38267 Alpha:0.50206
[MOE_TRACE] Group:2 Prob:0.82880 Alpha:0.50095
[MOE_TRACE] Group:0 Prob:0.83919 Alpha:0.50052
[MOE_TRACE] Group:1 Prob:0.36264 Alpha:0.50206
[MOE_TRACE] Group:2 Prob:0.83916 Alpha:0.50095
[MOE_TRACE] Group:0 Prob:0.83919 Alpha:0.50052
[MOE_TRACE] Group:1 Prob:0.36264 Alpha:0.50206
[MOE_TRACE] Group:2 Prob:0.83916 Alpha:0.50095
[MOE_TRACE] Group:0 Prob:0.83919 Alpha:0.50052
[MOE_TRACE] Group:1 Prob:0.36264 Alpha:0.50206
[MOE_TRACE] Group:0 Prob:0.83919 Alpha:0.50052[MOE_TRACE] Group:2 Prob:0.83916 Alpha:0.50095

[MOE_TRACE] Group:1 Prob:0.36264 Alpha:0.50206
[MOE_TRACE] Group:2 Prob:0.83916 Alpha:0.50095
[MOE_TRACE] Group:0 Prob:0.83642 Alpha:0.50052
[MOE_TRACE] Group:2 Prob:0.83664 Alpha:0.50095
[MOE_TRACE] Group:0 Prob:0.83642 Alpha:0.50052
[MOE_TRACE] Group:1 Prob:0.35995 Alpha:0.50206
[MOE_TRACE] Group:0 Prob:0.83642 Alpha:0.50052
[MOE_TRACE] Group:2 Prob:0.83664 Alpha:0.50095
[MOE_TRACE] Group:1 Prob:0.35995 Alpha:0.50206
[MOE_TRACE] Group:2 Prob:0.83664 Alpha:0.50095
[MOE_TRACE] Group:0 Prob:0.83642 Alpha:0.50052
[MOE_TRACE] Group:1 Prob:0.35995 Alpha:0.50206
[MOE_TRACE] Group:2 Prob:0.82519 Alpha:0.50095
[MOE_TRACE] Group:0 Prob:0.83001 Alpha:0.50052
[MOE_TRACE] Group:1 Prob:0.36949 Alpha:0.50207
[MOE_TRACE] Group:2 Prob:0.82985 Alpha:0.50095
[MOE_TRACE] Group:0 Prob:0.83001 Alpha:0.50052
[MOE_TRACE] Group:1 Prob:0.36949 Alpha:0.50207
[MOE_TRACE] Group:2 Prob:0.82948 Alpha:0.50095
[MOE_TRACE] Group:0 Prob:0.83001 Alpha:0.50052
[MOE_TRACE] Group:1 Prob:0.36949 Alpha:0.50207
[MOE_TRACE] Group:2 Prob:0.82948 Alpha:0.50095
[MOE_TRACE] Group:0 Prob:0.83001 Alpha:0.50052
[MOE_TRACE] Group:1 Prob:0.36949 Alpha:0.50207
[MOE_TRACE] Group:2 Prob:0.82948 Alpha:0.50095
[MOE_TRACE] Group:0 Prob:0.84260 Alpha:0.50053
[MOE_TRACE] Group:0 Prob:0.84260 Alpha:0.50053
[MOE_TRACE] Group:1 Prob:0.37637 Alpha:0.50207
[MOE_TRACE] Group:1 Prob:0.37637 Alpha:0.50207
[MOE_TRACE] Group:0 Prob:0.84260 Alpha:0.50053
[MOE_TRACE] Group:2 Prob:0.83600 Alpha:0.50095
[MOE_TRACE] Group:2 Prob:0.83600 Alpha:0.50095
[MOE_TRACE] Group:1 Prob:0.37637 Alpha:0.50207
[MOE_TRACE] Group:2 Prob:0.83600 Alpha:0.50095
[MOE_TRACE] Group:0 Prob:0.84260 Alpha:0.50053
[MOE_TRACE] Group:1 Prob:0.37637 Alpha:0.50207
[MOE_TRACE] Group:2 Prob:0.83600 Alpha:0.50095
[MOE_TRACE] Group:0 Prob:0.84161 Alpha:0.50053
[MOE_TRACE] Group:1 Prob:0.36556 Alpha:0.50207
[MOE_TRACE] Group:2 Prob:0.82655 Alpha:0.50095
[MOE_TRACE] Group:0 Prob:0.84161 Alpha:0.50053
[MOE_TRACE] Group:1 Prob:0.36556 Alpha:0.50207
[MOE_TRACE] Group:2 Prob:0.82655 Alpha:0.50095
[MOE_TRACE] Group:0 Prob:0.84161 Alpha:0.50053
[MOE_TRACE] Group:0 Prob:0.84161 Alpha:0.50053
[MOE_TRACE] Group:1 Prob:0.36556 Alpha:0.50207
[MOE_TRACE] Group:2 Prob:0.82655 Alpha:0.50095
[MOE_TRACE] Group:1 Prob:0.36556 Alpha:0.50207
[MOE_TRACE] Group:2 Prob:0.82655 Alpha:0.50095
[MOE_TRACE] Group:0 Prob:0.83632 Alpha:0.50053
[MOE_TRACE] Group:0 Prob:0.83632 Alpha:0.50053
[MOE_TRACE] Group:1 Prob:0.37068 Alpha:0.50207
[MOE_TRACE] Group:1 Prob:0.37068 Alpha:0.50207
[MOE_TRACE] Group:2 Prob:0.82819 Alpha:0.50095
[MOE_TRACE] Group:2 Prob:0.82819 Alpha:0.50095
[MOE_TRACE] Group:0 Prob:0.83632 Alpha:0.50053
[MOE_TRACE] Group:1 Prob:0.37068 Alpha:0.50207
[MOE_TRACE] Group:2 Prob:0.82819 Alpha:0.50095
[MOE_TRACE] Group:0 Prob:0.83632 Alpha:0.50053
[MOE_TRACE] Group:1 Prob:0.37068 Alpha:0.50207
[MOE_TRACE] Group:2 Prob:0.82819 Alpha:0.50095
[MOE_TRACE] Group:0 Prob:0.83274 Alpha:0.50053
[MOE_TRACE] Group:1 Prob:0.36891 Alpha:0.50207
[MOE_TRACE] Group:2 Prob:0.83413 Alpha:0.50095
[MOE_TRACE] Group:0 Prob:0.83274 Alpha:0.50053
[MOE_TRACE] Group:1 Prob:0.36891 Alpha:0.50207
[MOE_TRACE] Group:2 Prob:0.83115 Alpha:0.50095
[MOE_TRACE] Group:0 Prob:0.83274 Alpha:0.50053
[MOE_TRACE] Group:1 Prob:0.36891 Alpha:0.50207
[MOE_TRACE] Group:2 Prob:0.83115 Alpha:0.50095
[MOE_TRACE] Group:0 Prob:0.83274 Alpha:0.50053
[MOE_TRACE] Group:1 Prob:0.36891 Alpha:0.50207
[MOE_TRACE] Group:2 Prob:0.83115 Alpha:0.50095
[MOE_TRACE] Group:0 Prob:0.83056 Alpha:0.50053
[MOE_TRACE] Group:1 Prob:0.37897 Alpha:0.50208
[MOE_TRACE] Group:0 Prob:0.83056 Alpha:0.50053
[MOE_TRACE] Group:2 Prob:0.83130 Alpha:0.50095
[MOE_TRACE] Group:1 Prob:0.37897 Alpha:0.50208
[MOE_TRACE] Group:2 Prob:0.83130 Alpha:0.50095
[MOE_TRACE] Group:0 Prob:0.83056 Alpha:0.50053
[MOE_TRACE] Group:1 Prob:0.37897 Alpha:0.50208
[MOE_TRACE] Group:2 Prob:0.83130 Alpha:0.50095
[MOE_TRACE] Group:0 Prob:0.83056 Alpha:0.50053
[MOE_TRACE] Group:1 Prob:0.37897 Alpha:0.50208
[MOE_TRACE] Group:2 Prob:0.83130 Alpha:0.50095
[MOE_TRACE] Group:0 Prob:0.82946 Alpha:0.50053
[MOE_TRACE] Group:1 Prob:0.36316 Alpha:0.50208
[MOE_TRACE] Group:2 Prob:0.83189 Alpha:0.50095
[MOE_TRACE] Group:0 Prob:0.82946 Alpha:0.50053
[MOE_TRACE] Group:1 Prob:0.36316 Alpha:0.50208
[MOE_TRACE] Group:2 Prob:0.83189 Alpha:0.50095
[MOE_TRACE] Group:0 Prob:0.82946 Alpha:0.50053
[MOE_TRACE] Group:1 Prob:0.36316 Alpha:0.50208
[MOE_TRACE] Group:2 Prob:0.82636 Alpha:0.50095
[MOE_TRACE] Group:0 Prob:0.82946 Alpha:0.50053
[MOE_TRACE] Group:1 Prob:0.36316 Alpha:0.50208
[MOE_TRACE] Group:2 Prob:0.82636 Alpha:0.50095
[MOE_TRACE] Group:0 Prob:0.84646 Alpha:0.50053
[MOE_TRACE] Group:1 Prob:0.36942 Alpha:0.50208
[MOE_TRACE] Group:2 Prob:0.83176 Alpha:0.50095
[MOE_TRACE] Group:0 Prob:0.84646 Alpha:0.50053
[MOE_TRACE] Group:1 Prob:0.36942 Alpha:0.50208
[MOE_TRACE] Group:2 Prob:0.83176 Alpha:0.50095
[MOE_TRACE] Group:0 Prob:0.84646 Alpha:0.50053
[MOE_TRACE] Group:1 Prob:0.36942 Alpha:0.50208
[MOE_TRACE] Group:2 Prob:0.83176 Alpha:0.50095
[MOE_TRACE] Group:0 Prob:0.84646 Alpha:0.50053
[MOE_TRACE] Group:1 Prob:0.36942 Alpha:0.50208
[MOE_TRACE] Group:2 Prob:0.83176 Alpha:0.50095
[MOE_TRACE] Group:0 Prob:0.84175 Alpha:0.50053
[MOE_TRACE] Group:1 Prob:0.35771 Alpha:0.50208
[MOE_TRACE] Group:2 Prob:0.83034 Alpha:0.50095
[MOE_TRACE] Group:0 Prob:0.84175 Alpha:0.50053
[MOE_TRACE] Group:1 Prob:0.35771 Alpha:0.50208
[MOE_TRACE] Group:2 Prob:0.83034 Alpha:0.50095
[MOE_TRACE] Group:0 Prob:0.84175 Alpha:0.50053
[MOE_TRACE] Group:1 Prob:0.35771 Alpha:0.50208
[MOE_TRACE] Group:2 Prob:0.82728 Alpha:0.50095
[MOE_TRACE] Group:0 Prob:0.84175 Alpha:0.50053
[MOE_TRACE] Group:1 Prob:0.35771 Alpha:0.50208
[MOE_TRACE] Group:2 Prob:0.82728 Alpha:0.50095
[MOE_TRACE] Group:0 Prob:0.83979 Alpha:0.50053
[MOE_TRACE] Group:1 Prob:0.35920 Alpha:0.50208
[MOE_TRACE] Group:2 Prob:0.83319 Alpha:0.50095
[MOE_TRACE] Group:0 Prob:0.83979 Alpha:0.50053
[MOE_TRACE] Group:1 Prob:0.35920 Alpha:0.50208
[MOE_TRACE] Group:2 Prob:0.83572 Alpha:0.50095
[MOE_TRACE] Group:0 Prob:0.83979 Alpha:0.50053
[MOE_TRACE] Group:1 Prob:0.35920 Alpha:0.50208
[MOE_TRACE] Group:2 Prob:0.83572 Alpha:0.50095
[MOE_TRACE] Group:0 Prob:0.83979 Alpha:0.50053
[MOE_TRACE] Group:1 Prob:0.35920 Alpha:0.50208
[MOE_TRACE] Group:2 Prob:0.83572 Alpha:0.50095
[MOE_TRACE] Group:0 Prob:0.82843 Alpha:0.50053
[MOE_TRACE] Group:0 Prob:0.82843 Alpha:0.50053
[MOE_TRACE] Group:1 Prob:0.36051 Alpha:0.50208
[MOE_TRACE] Group:1 Prob:0.36051 Alpha:0.50208
[MOE_TRACE] Group:2 Prob:0.83182 Alpha:0.50095[MOE_TRACE] Group:2 Prob:0.83182 Alpha:0.50095

[MOE_TRACE] Group:0 Prob:0.82843 Alpha:0.50053
[MOE_TRACE] Group:1 Prob:0.36051 Alpha:0.50208
[MOE_TRACE] Group:2 Prob:0.83182 Alpha:0.50095
[MOE_TRACE] Group:0 Prob:0.82843 Alpha:0.50053
[MOE_TRACE] Group:1 Prob:0.36051 Alpha:0.50208
[MOE_TRACE] Group:2 Prob:0.83182 Alpha:0.50095
[MOE_TRACE] Group:0 Prob:0.82573 Alpha:0.50053
[MOE_TRACE] Group:0 Prob:0.82573 Alpha:0.50053
[MOE_TRACE] Group:0 Prob:0.82573 Alpha:0.50053
[MOE_TRACE] Group:1 Prob:0.37748 Alpha:0.50208
[MOE_TRACE] Group:1 Prob:0.37748 Alpha:0.50208
[MOE_TRACE] Group:1 Prob:0.37748 Alpha:0.50208
[MOE_TRACE] Group:2 Prob:0.83445 Alpha:0.50096
[MOE_TRACE] Group:2 Prob:0.83445 Alpha:0.50096[MOE_TRACE] Group:2 Prob:0.83445 Alpha:0.50096

[MOE_TRACE] Group:0 Prob:0.82573 Alpha:0.50053
[MOE_TRACE] Group:1 Prob:0.37748 Alpha:0.50208
[MOE_TRACE] Group:2 Prob:0.83445 Alpha:0.50096
[MOE_TRACE] Group:0 Prob:0.82828 Alpha:0.50053
[MOE_TRACE] Group:1 Prob:0.36756 Alpha:0.50208
[MOE_TRACE] Group:2 Prob:0.82870 Alpha:0.50096
[MOE_TRACE] Group:0 Prob:0.82828 Alpha:0.50053
[MOE_TRACE] Group:1 Prob:0.36756 Alpha:0.50208
[MOE_TRACE] Group:2 Prob:0.82870 Alpha:0.50096
[MOE_TRACE] Group:0 Prob:0.82828 Alpha:0.50053
[MOE_TRACE] Group:0 Prob:0.82828 Alpha:0.50053[MOE_TRACE] Group:1 Prob:0.36756 Alpha:0.50208

[MOE_TRACE] Group:1 Prob:0.36756 Alpha:0.50208
[MOE_TRACE] Group:2 Prob:0.82870 Alpha:0.50096
[MOE_TRACE] Group:2 Prob:0.82870 Alpha:0.50096
[MOE_TRACE] Group:0 Prob:0.82506 Alpha:0.50053
[MOE_TRACE] Group:2 Prob:0.83183 Alpha:0.50096
[MOE_TRACE] Group:0 Prob:0.82506 Alpha:0.50053
[MOE_TRACE] Group:1 Prob:0.36247 Alpha:0.50209
[MOE_TRACE] Group:2 Prob:0.83002 Alpha:0.50096
[MOE_TRACE] Group:0 Prob:0.82506 Alpha:0.50053
[MOE_TRACE] Group:1 Prob:0.36247 Alpha:0.50209
[MOE_TRACE] Group:2 Prob:0.83002 Alpha:0.50096
[MOE_TRACE] Group:0 Prob:0.82506 Alpha:0.50053
[MOE_TRACE] Group:1 Prob:0.36247 Alpha:0.50209
[MOE_TRACE] Group:2 Prob:0.83002 Alpha:0.50096
[MOE_TRACE] Group:0 Prob:0.82564 Alpha:0.50053
[MOE_TRACE] Group:1 Prob:0.36278 Alpha:0.50209
[MOE_TRACE] Group:2 Prob:0.83135 Alpha:0.50096
[MOE_TRACE] Group:0 Prob:0.82564 Alpha:0.50053
[MOE_TRACE] Group:1 Prob:0.36278 Alpha:0.50209
[MOE_TRACE] Group:2 Prob:0.83018 Alpha:0.50096
[MOE_TRACE] Group:0 Prob:0.82564 Alpha:0.50053
[MOE_TRACE] Group:1 Prob:0.36278 Alpha:0.50209
[MOE_TRACE] Group:2 Prob:0.83018 Alpha:0.50096
[MOE_TRACE] Group:0 Prob:0.82564 Alpha:0.50053
[MOE_TRACE] Group:1 Prob:0.36278 Alpha:0.50209
[MOE_TRACE] Group:2 Prob:0.83018 Alpha:0.50096
[MOE_TRACE] Group:0 Prob:0.83392 Alpha:0.50053
[MOE_TRACE] Group:1 Prob:0.37343 Alpha:0.50209
[MOE_TRACE] Group:2 Prob:0.82920 Alpha:0.50096
[MOE_TRACE] Group:0 Prob:0.83392 Alpha:0.50053
[MOE_TRACE] Group:1 Prob:0.37343 Alpha:0.50209
[MOE_TRACE] Group:2 Prob:0.82920 Alpha:0.50096
[MOE_TRACE] Group:0 Prob:0.83392 Alpha:0.50053
[MOE_TRACE] Group:1 Prob:0.37343 Alpha:0.50209
[MOE_TRACE] Group:2 Prob:0.82920 Alpha:0.50096
[MOE_TRACE] Group:0 Prob:0.83392 Alpha:0.50053
[MOE_TRACE] Group:1 Prob:0.37343 Alpha:0.50209
[MOE_TRACE] Group:2 Prob:0.82920 Alpha:0.50096
[MOE_TRACE] Group:0 Prob:0.82777 Alpha:0.50053
[MOE_TRACE] Group:0 Prob:0.82777 Alpha:0.50053
[MOE_TRACE] Group:1 Prob:0.36771 Alpha:0.50209
[MOE_TRACE] Group:2 Prob:0.82493 Alpha:0.50096
[MOE_TRACE] Group:1 Prob:0.36771 Alpha:0.50209
[MOE_TRACE] Group:2 Prob:0.82493 Alpha:0.50096
[MOE_TRACE] Group:0 Prob:0.82777 Alpha:0.50053
[MOE_TRACE] Group:1 Prob:0.36771 Alpha:0.50209
[MOE_TRACE] Group:2 Prob:0.82493 Alpha:0.50096
[MOE_TRACE] Group:0 Prob:0.82777 Alpha:0.50053
[MOE_TRACE] Group:1 Prob:0.36771 Alpha:0.50209
[MOE_TRACE] Group:2 Prob:0.82493 Alpha:0.50096
[MOE_TRACE] Group:0 Prob:0.82861 Alpha:0.50053
[MOE_TRACE] Group:1 Prob:0.36074 Alpha:0.50209
[MOE_TRACE] Group:2 Prob:0.83437 Alpha:0.50096
[MOE_TRACE] Group:0 Prob:0.82861 Alpha:0.50053
[MOE_TRACE] Group:0 Prob:0.82861 Alpha:0.50053[MOE_TRACE] Group:1 Prob:0.36074 Alpha:0.50209

[MOE_TRACE] Group:1 Prob:0.36074 Alpha:0.50209[MOE_TRACE] Group:2 Prob:0.83437 Alpha:0.50096

[MOE_TRACE] Group:0 Prob:0.82861 Alpha:0.50053
[MOE_TRACE] Group:2 Prob:0.83437 Alpha:0.50096
[MOE_TRACE] Group:1 Prob:0.36074 Alpha:0.50209
[MOE_TRACE] Group:2 Prob:0.83437 Alpha:0.50096
[MOE_TRACE] Group:0 Prob:0.82513 Alpha:0.50053
[MOE_TRACE] Group:0 Prob:0.82513 Alpha:0.50053
[MOE_TRACE] Group:1 Prob:0.36534 Alpha:0.50209
[MOE_TRACE] Group:1 Prob:0.36534 Alpha:0.50209
[MOE_TRACE] Group:2 Prob:0.83078 Alpha:0.50096
[MOE_TRACE] Group:2 Prob:0.83078 Alpha:0.50096
[MOE_TRACE] Group:0 Prob:0.82513 Alpha:0.50053
[MOE_TRACE] Group:1 Prob:0.36534 Alpha:0.50209
[MOE_TRACE] Group:2 Prob:0.83078 Alpha:0.50096
[MOE_TRACE] Group:0 Prob:0.82513 Alpha:0.50053
[MOE_TRACE] Group:1 Prob:0.36534 Alpha:0.50209
[MOE_TRACE] Group:2 Prob:0.83078 Alpha:0.50096
[MOE_TRACE] Group:0 Prob:0.83891 Alpha:0.50053
[MOE_TRACE] Group:1 Prob:0.36692 Alpha:0.50209
[MOE_TRACE] Group:2 Prob:0.83307 Alpha:0.50096
[MOE_TRACE] Group:0 Prob:0.83891 Alpha:0.50053
[MOE_TRACE] Group:1 Prob:0.36692 Alpha:0.50209
[MOE_TRACE] Group:2 Prob:0.82858 Alpha:0.50096
[MOE_TRACE] Group:0 Prob:0.83891 Alpha:0.50053
[MOE_TRACE] Group:1 Prob:0.36692 Alpha:0.50209
[MOE_TRACE] Group:0 Prob:0.83891 Alpha:0.50053[MOE_TRACE] Group:2 Prob:0.82858 Alpha:0.50096

[MOE_TRACE] Group:1 Prob:0.36692 Alpha:0.50209
[MOE_TRACE] Group:2 Prob:0.82858 Alpha:0.50096
[MOE_TRACE] Group:0 Prob:0.82585 Alpha:0.50054
[MOE_TRACE] Group:1 Prob:0.37476 Alpha:0.50209
[MOE_TRACE] Group:2 Prob:0.82543 Alpha:0.50096
[MOE_TRACE] Group:0 Prob:0.82585 Alpha:0.50054
[MOE_TRACE] Group:1 Prob:0.37476 Alpha:0.50209
[MOE_TRACE] Group:2 Prob:0.82887 Alpha:0.50096
[MOE_TRACE] Group:0 Prob:0.82585 Alpha:0.50054
[MOE_TRACE] Group:1 Prob:0.37476 Alpha:0.50209
[MOE_TRACE] Group:2 Prob:0.82887 Alpha:0.50096
[MOE_TRACE] Group:0 Prob:0.82585 Alpha:0.50054
[MOE_TRACE] Group:1 Prob:0.37476 Alpha:0.50209
[MOE_TRACE] Group:2 Prob:0.82887 Alpha:0.50096
[MOE_TRACE] Group:0 Prob:0.84091 Alpha:0.50054
[MOE_TRACE] Group:1 Prob:0.35904 Alpha:0.50209
[MOE_TRACE] Group:0 Prob:0.84091 Alpha:0.50054
[MOE_TRACE] Group:2 Prob:0.83701 Alpha:0.50096
[MOE_TRACE] Group:1 Prob:0.35904 Alpha:0.50209
[MOE_TRACE] Group:2 Prob:0.83701 Alpha:0.50096
[MOE_TRACE] Group:0 Prob:0.84091 Alpha:0.50054
[MOE_TRACE] Group:1 Prob:0.35904 Alpha:0.50209
[MOE_TRACE] Group:2 Prob:0.83701 Alpha:0.50096
[MOE_TRACE] Group:0 Prob:0.84091 Alpha:0.50054
[MOE_TRACE] Group:1 Prob:0.35904 Alpha:0.50209
[MOE_TRACE] Group:2 Prob:0.83701 Alpha:0.50096
[MOE_TRACE] Group:0 Prob:0.83234 Alpha:0.50054
[MOE_TRACE] Group:1 Prob:0.36179 Alpha:0.50209
[MOE_TRACE] Group:2 Prob:0.83342 Alpha:0.50096
[MOE_TRACE] Group:0 Prob:0.83234 Alpha:0.50054
[MOE_TRACE] Group:1 Prob:0.36179 Alpha:0.50209
[MOE_TRACE] Group:2 Prob:0.83342 Alpha:0.50096
[MOE_TRACE] Group:0 Prob:0.83234 Alpha:0.50054
[MOE_TRACE] Group:1 Prob:0.36179 Alpha:0.50209
[MOE_TRACE] Group:0 Prob:0.83234 Alpha:0.50054
[MOE_TRACE] Group:2 Prob:0.83342 Alpha:0.50096
[MOE_TRACE] Group:1 Prob:0.36179 Alpha:0.50209
[MOE_TRACE] Group:2 Prob:0.83342 Alpha:0.50096
[MOE_TRACE] Group:0 Prob:0.84402 Alpha:0.50054
[MOE_TRACE] Group:1 Prob:0.37339 Alpha:0.50209
[MOE_TRACE] Group:0 Prob:0.84402 Alpha:0.50054
[MOE_TRACE] Group:2 Prob:0.83276 Alpha:0.50096
[MOE_TRACE] Group:1 Prob:0.37339 Alpha:0.50209
[MOE_TRACE] Group:2 Prob:0.83276 Alpha:0.50096
[MOE_TRACE] Group:0 Prob:0.84402 Alpha:0.50054
[MOE_TRACE] Group:1 Prob:0.37339 Alpha:0.50209
[MOE_TRACE] Group:0 Prob:0.84402 Alpha:0.50054
[MOE_TRACE] Group:2 Prob:0.83276 Alpha:0.50096
[MOE_TRACE] Group:1 Prob:0.37339 Alpha:0.50209
[MOE_TRACE] Group:2 Prob:0.83276 Alpha:0.50096
[MOE_TRACE] Group:0 Prob:0.83162 Alpha:0.50054
[MOE_TRACE] Group:0 Prob:0.83162 Alpha:0.50054
[MOE_TRACE] Group:0 Prob:0.83162 Alpha:0.50054
[MOE_TRACE] Group:1 Prob:0.35789 Alpha:0.50209
[MOE_TRACE] Group:1 Prob:0.35789 Alpha:0.50209
[MOE_TRACE] Group:1 Prob:0.35789 Alpha:0.50209
[MOE_TRACE] Group:2 Prob:0.82611 Alpha:0.50096
[MOE_TRACE] Group:2 Prob:0.82611 Alpha:0.50096
[MOE_TRACE] Group:2 Prob:0.82611 Alpha:0.50096
[MOE_TRACE] Group:0 Prob:0.83162 Alpha:0.50054
[MOE_TRACE] Group:1 Prob:0.35789 Alpha:0.50209
[MOE_TRACE] Group:2 Prob:0.82611 Alpha:0.50096
[MOE_TRACE] Group:0 Prob:0.82558 Alpha:0.50054
[MOE_TRACE] Group:1 Prob:0.36552 Alpha:0.50210
[MOE_TRACE] Group:2 Prob:0.82792 Alpha:0.50096
[MOE_TRACE] Group:0 Prob:0.82558 Alpha:0.50054
[MOE_TRACE] Group:1 Prob:0.36552 Alpha:0.50210
[MOE_TRACE] Group:2 Prob:0.82792 Alpha:0.50096
[MOE_TRACE] Group:0 Prob:0.82558 Alpha:0.50054
[MOE_TRACE] Group:1 Prob:0.36552 Alpha:0.50210
[MOE_TRACE] Group:2 Prob:0.82792 Alpha:0.50096
[MOE_TRACE] Group:0 Prob:0.82558 Alpha:0.50054
[MOE_TRACE] Group:1 Prob:0.36552 Alpha:0.50210
[MOE_TRACE] Group:2 Prob:0.82792 Alpha:0.50096
[MOE_TRACE] Group:0 Prob:0.82851 Alpha:0.50054
[MOE_TRACE] Group:1 Prob:0.35453 Alpha:0.50210
[MOE_TRACE] Group:2 Prob:0.82698 Alpha:0.50096
[MOE_TRACE] Group:0 Prob:0.82851 Alpha:0.50054
[MOE_TRACE] Group:1 Prob:0.35453 Alpha:0.50210
[MOE_TRACE] Group:2 Prob:0.82698 Alpha:0.50096
[MOE_TRACE] Group:0 Prob:0.82851 Alpha:0.50054
[MOE_TRACE] Group:1 Prob:0.35453 Alpha:0.50210
[MOE_TRACE] Group:2 Prob:0.82698 Alpha:0.50096
[MOE_TRACE] Group:0 Prob:0.82851 Alpha:0.50054
[MOE_TRACE] Group:1 Prob:0.35453 Alpha:0.50210
[MOE_TRACE] Group:2 Prob:0.82698 Alpha:0.50096
[MOE_TRACE] Group:0 Prob:0.84312 Alpha:0.50054
[MOE_TRACE] Group:1 Prob:0.36752 Alpha:0.50210
[MOE_TRACE] Group:2 Prob:0.82668 Alpha:0.50096
[MOE_TRACE] Group:0 Prob:0.84312 Alpha:0.50054
[MOE_TRACE] Group:1 Prob:0.36752 Alpha:0.50210
[MOE_TRACE] Group:2 Prob:0.82668 Alpha:0.50096
[MOE_TRACE] Group:0 Prob:0.84312 Alpha:0.50054
[MOE_TRACE] Group:1 Prob:0.36752 Alpha:0.50210
[MOE_TRACE] Group:2 Prob:0.82668 Alpha:0.50096
[MOE_TRACE] Group:0 Prob:0.84312 Alpha:0.50054
[MOE_TRACE] Group:1 Prob:0.36752 Alpha:0.50210
[MOE_TRACE] Group:2 Prob:0.82668 Alpha:0.50096
[MOE_TRACE] Group:0 Prob:0.84373 Alpha:0.50054
[MOE_TRACE] Group:1 Prob:0.37029 Alpha:0.50210
[MOE_TRACE] Group:2 Prob:0.83581 Alpha:0.50096
[MOE_TRACE] Group:0 Prob:0.84373 Alpha:0.50054
[MOE_TRACE] Group:1 Prob:0.37029 Alpha:0.50210
[MOE_TRACE] Group:2 Prob:0.83581 Alpha:0.50096
[MOE_TRACE] Group:0 Prob:0.84373 Alpha:0.50054
[MOE_TRACE] Group:1 Prob:0.37029 Alpha:0.50210
[MOE_TRACE] Group:2 Prob:0.83581 Alpha:0.50096
[MOE_TRACE] Group:0 Prob:0.84373 Alpha:0.50054
[MOE_TRACE] Group:1 Prob:0.37029 Alpha:0.50210
[MOE_TRACE] Group:2 Prob:0.83581 Alpha:0.50096
[MOE_TRACE] Group:0 Prob:0.83069 Alpha:0.50054
[MOE_TRACE] Group:1 Prob:0.37147 Alpha:0.50210
[MOE_TRACE] Group:2 Prob:0.82612 Alpha:0.50096
[MOE_TRACE] Group:0 Prob:0.83069 Alpha:0.50054
[MOE_TRACE] Group:1 Prob:0.37147 Alpha:0.50210
[MOE_TRACE] Group:2 Prob:0.83119 Alpha:0.50096
[MOE_TRACE] Group:0 Prob:0.83069 Alpha:0.50054
[MOE_TRACE] Group:1 Prob:0.37147 Alpha:0.50210
[MOE_TRACE] Group:2 Prob:0.83119 Alpha:0.50096
[MOE_TRACE] Group:0 Prob:0.83069 Alpha:0.50054
[MOE_TRACE] Group:1 Prob:0.37147 Alpha:0.50210
[MOE_TRACE] Group:2 Prob:0.83119 Alpha:0.50096
[MOE_TRACE] Group:0 Prob:0.85028 Alpha:0.50054
[MOE_TRACE] Group:1 Prob:0.36416 Alpha:0.50211
[MOE_TRACE] Group:2 Prob:0.82717 Alpha:0.50096
[MOE_TRACE] Group:0 Prob:0.85028 Alpha:0.50054
[MOE_TRACE] Group:1 Prob:0.36416 Alpha:0.50211
[MOE_TRACE] Group:2 Prob:0.82717 Alpha:0.50096
[MOE_TRACE] Group:0 Prob:0.85028 Alpha:0.50054
[MOE_TRACE] Group:1 Prob:0.36416 Alpha:0.50211
[MOE_TRACE] Group:2 Prob:0.82717 Alpha:0.50096
[MOE_TRACE] Group:0 Prob:0.85028 Alpha:0.50054
[MOE_TRACE] Group:1 Prob:0.36416 Alpha:0.50211
[MOE_TRACE] Group:2 Prob:0.82717 Alpha:0.50096
[MOE_TRACE] Group:0 Prob:0.84203 Alpha:0.50054
[MOE_TRACE] Group:1 Prob:0.37095 Alpha:0.50211
[MOE_TRACE] Group:2 Prob:0.82715 Alpha:0.50096
[MOE_TRACE] Group:0 Prob:0.83145 Alpha:0.50054
[MOE_TRACE] Group:1 Prob:0.36330 Alpha:0.50211
[MOE_TRACE] Group:2 Prob:0.82204 Alpha:0.50096
[MOE_TRACE] Group:0 Prob:0.83145 Alpha:0.50054
[MOE_TRACE] Group:1 Prob:0.36330 Alpha:0.50211
[MOE_TRACE] Group:2 Prob:0.82204 Alpha:0.50096
[MOE_TRACE] Group:0 Prob:0.83145 Alpha:0.50054
[MOE_TRACE] Group:1 Prob:0.36330 Alpha:0.50211
[MOE_TRACE] Group:2 Prob:0.82204 Alpha:0.50096
[MOE_TRACE] Group:0 Prob:0.83557 Alpha:0.50054
[MOE_TRACE] Group:0 Prob:0.83557 Alpha:0.50054
[MOE_TRACE] Group:1 Prob:0.35913 Alpha:0.50211
[MOE_TRACE] Group:1 Prob:0.35913 Alpha:0.50211
[MOE_TRACE] Group:2 Prob:0.83488 Alpha:0.50096
[MOE_TRACE] Group:0 Prob:0.83557 Alpha:0.50054
[MOE_TRACE] Group:2 Prob:0.83488 Alpha:0.50096[MOE_TRACE] Group:1 Prob:0.35913 Alpha:0.50211

[MOE_TRACE] Group:2 Prob:0.83488 Alpha:0.50096
[MOE_TRACE] Group:0 Prob:0.83557 Alpha:0.50054
[MOE_TRACE] Group:1 Prob:0.35913 Alpha:0.50211
[MOE_TRACE] Group:2 Prob:0.83488 Alpha:0.50096
[MOE_TRACE] Group:0 Prob:0.82543 Alpha:0.50054
[MOE_TRACE] Group:1 Prob:0.36267 Alpha:0.50211
[MOE_TRACE] Group:2 Prob:0.82548 Alpha:0.50096
[MOE_TRACE] Group:0 Prob:0.82543 Alpha:0.50054
[MOE_TRACE] Group:1 Prob:0.36267 Alpha:0.50211
[MOE_TRACE] Group:2 Prob:0.82548 Alpha:0.50096
[MOE_TRACE] Group:0 Prob:0.82543 Alpha:0.50054
[MOE_TRACE] Group:1 Prob:0.36267 Alpha:0.50211
[MOE_TRACE] Group:2 Prob:0.82548 Alpha:0.50096
[MOE_TRACE] Group:0 Prob:0.82543 Alpha:0.50054
[MOE_TRACE] Group:1 Prob:0.36267 Alpha:0.50211
[MOE_TRACE] Group:2 Prob:0.82548 Alpha:0.50096
	iters: 100, epoch: 5 | loss: 0.2883206
	speed: 4.5954s/iter; left time: 3598.2330s
[MOE_TRACE] Group:0 Prob:0.84125 Alpha:0.50054[MOE_TRACE] Group:0 Prob:0.84125 Alpha:0.50054

[MOE_TRACE] Group:1 Prob:0.36498 Alpha:0.50211[MOE_TRACE] Group:1 Prob:0.36498 Alpha:0.50211

[MOE_TRACE] Group:2 Prob:0.83194 Alpha:0.50096
[MOE_TRACE] Group:2 Prob:0.83194 Alpha:0.50096
[MOE_TRACE] Group:0 Prob:0.84125 Alpha:0.50054
[MOE_TRACE] Group:1 Prob:0.36498 Alpha:0.50211
[MOE_TRACE] Group:2 Prob:0.83194 Alpha:0.50096
[MOE_TRACE] Group:0 Prob:0.84125 Alpha:0.50054
[MOE_TRACE] Group:1 Prob:0.36498 Alpha:0.50211
[MOE_TRACE] Group:2 Prob:0.83194 Alpha:0.50096
[MOE_TRACE] Group:0 Prob:0.82778 Alpha:0.50054
[MOE_TRACE] Group:1 Prob:0.36341 Alpha:0.50212[MOE_TRACE] Group:0 Prob:0.82778 Alpha:0.50054

[MOE_TRACE] Group:2 Prob:0.83374 Alpha:0.50096
[MOE_TRACE] Group:1 Prob:0.36341 Alpha:0.50212
[MOE_TRACE] Group:2 Prob:0.83374 Alpha:0.50096
[MOE_TRACE] Group:0 Prob:0.82778 Alpha:0.50054
[MOE_TRACE] Group:1 Prob:0.36341 Alpha:0.50212
[MOE_TRACE] Group:2 Prob:0.83374 Alpha:0.50096
[MOE_TRACE] Group:0 Prob:0.82778 Alpha:0.50054
[MOE_TRACE] Group:1 Prob:0.36341 Alpha:0.50212
[MOE_TRACE] Group:2 Prob:0.83374 Alpha:0.50096
[MOE_TRACE] Group:0 Prob:0.83534 Alpha:0.50054
[MOE_TRACE] Group:0 Prob:0.83534 Alpha:0.50054[MOE_TRACE] Group:1 Prob:0.36711 Alpha:0.50212[MOE_TRACE] Group:0 Prob:0.83534 Alpha:0.50054


[MOE_TRACE] Group:2 Prob:0.82774 Alpha:0.50096
[MOE_TRACE] Group:1 Prob:0.36711 Alpha:0.50212
[MOE_TRACE] Group:1 Prob:0.36711 Alpha:0.50212
[MOE_TRACE] Group:2 Prob:0.82774 Alpha:0.50096
[MOE_TRACE] Group:2 Prob:0.82774 Alpha:0.50096
[MOE_TRACE] Group:0 Prob:0.83534 Alpha:0.50054
[MOE_TRACE] Group:1 Prob:0.36711 Alpha:0.50212
[MOE_TRACE] Group:2 Prob:0.82774 Alpha:0.50096
[MOE_TRACE] Group:0 Prob:0.83064 Alpha:0.50054
[MOE_TRACE] Group:1 Prob:0.36141 Alpha:0.50212
[MOE_TRACE] Group:2 Prob:0.82587 Alpha:0.50096
[MOE_TRACE] Group:0 Prob:0.83064 Alpha:0.50054
[MOE_TRACE] Group:1 Prob:0.36141 Alpha:0.50212
[MOE_TRACE] Group:2 Prob:0.82587 Alpha:0.50096
[MOE_TRACE] Group:0 Prob:0.83064 Alpha:0.50054
[MOE_TRACE] Group:1 Prob:0.36141 Alpha:0.50212
[MOE_TRACE] Group:2 Prob:0.82587 Alpha:0.50096
[MOE_TRACE] Group:0 Prob:0.83064 Alpha:0.50054
[MOE_TRACE] Group:1 Prob:0.36141 Alpha:0.50212
[MOE_TRACE] Group:2 Prob:0.82587 Alpha:0.50096
[MOE_TRACE] Group:0 Prob:0.83031 Alpha:0.50054
[MOE_TRACE] Group:1 Prob:0.36472 Alpha:0.50212
[MOE_TRACE] Group:2 Prob:0.82951 Alpha:0.50096
[MOE_TRACE] Group:0 Prob:0.83031 Alpha:0.50054
[MOE_TRACE] Group:1 Prob:0.36472 Alpha:0.50212
[MOE_TRACE] Group:2 Prob:0.82951 Alpha:0.50096
[MOE_TRACE] Group:0 Prob:0.83031 Alpha:0.50054
[MOE_TRACE] Group:1 Prob:0.36472 Alpha:0.50212
[MOE_TRACE] Group:2 Prob:0.82951 Alpha:0.50096
[MOE_TRACE] Group:0 Prob:0.83031 Alpha:0.50054
[MOE_TRACE] Group:1 Prob:0.36472 Alpha:0.50212
[MOE_TRACE] Group:2 Prob:0.82951 Alpha:0.50096
[MOE_TRACE] Group:0 Prob:0.84353 Alpha:0.50053
[MOE_TRACE] Group:0 Prob:0.84353 Alpha:0.50053
[MOE_TRACE] Group:1 Prob:0.36906 Alpha:0.50213
[MOE_TRACE] Group:1 Prob:0.36906 Alpha:0.50213
[MOE_TRACE] Group:2 Prob:0.82250 Alpha:0.50096
[MOE_TRACE] Group:2 Prob:0.82250 Alpha:0.50096
[MOE_TRACE] Group:0 Prob:0.84353 Alpha:0.50053
[MOE_TRACE] Group:1 Prob:0.36906 Alpha:0.50213
[MOE_TRACE] Group:2 Prob:0.82250 Alpha:0.50096
[MOE_TRACE] Group:0 Prob:0.84353 Alpha:0.50053
[MOE_TRACE] Group:1 Prob:0.36906 Alpha:0.50213
[MOE_TRACE] Group:2 Prob:0.82250 Alpha:0.50096
[MOE_TRACE] Group:0 Prob:0.82167 Alpha:0.50053
[MOE_TRACE] Group:0 Prob:0.82167 Alpha:0.50053
[MOE_TRACE] Group:1 Prob:0.35470 Alpha:0.50213
[MOE_TRACE] Group:1 Prob:0.35470 Alpha:0.50213
[MOE_TRACE] Group:2 Prob:0.82906 Alpha:0.50096
[MOE_TRACE] Group:2 Prob:0.82906 Alpha:0.50096
[MOE_TRACE] Group:0 Prob:0.82167 Alpha:0.50053
[MOE_TRACE] Group:1 Prob:0.35470 Alpha:0.50213
[MOE_TRACE] Group:2 Prob:0.82906 Alpha:0.50096
[MOE_TRACE] Group:0 Prob:0.82167 Alpha:0.50053
[MOE_TRACE] Group:1 Prob:0.35470 Alpha:0.50213
[MOE_TRACE] Group:2 Prob:0.82906 Alpha:0.50096
[MOE_TRACE] Group:0 Prob:0.82925 Alpha:0.50053
[MOE_TRACE] Group:1 Prob:0.36237 Alpha:0.50213
[MOE_TRACE] Group:2 Prob:0.82991 Alpha:0.50096
[MOE_TRACE] Group:0 Prob:0.82925 Alpha:0.50053
[MOE_TRACE] Group:1 Prob:0.36237 Alpha:0.50213
[MOE_TRACE] Group:0 Prob:0.82925 Alpha:0.50053
[MOE_TRACE] Group:2 Prob:0.82606 Alpha:0.50096
[MOE_TRACE] Group:1 Prob:0.36237 Alpha:0.50213
[MOE_TRACE] Group:2 Prob:0.82606 Alpha:0.50096
[MOE_TRACE] Group:0 Prob:0.82925 Alpha:0.50053
[MOE_TRACE] Group:1 Prob:0.36237 Alpha:0.50213
[MOE_TRACE] Group:2 Prob:0.82606 Alpha:0.50096
[MOE_TRACE] Group:0 Prob:0.84175 Alpha:0.50053
[MOE_TRACE] Group:1 Prob:0.36507 Alpha:0.50214
[MOE_TRACE] Group:2 Prob:0.83504 Alpha:0.50096
[MOE_TRACE] Group:0 Prob:0.84175 Alpha:0.50053
[MOE_TRACE] Group:1 Prob:0.36507 Alpha:0.50214
[MOE_TRACE] Group:2 Prob:0.83504 Alpha:0.50096
[MOE_TRACE] Group:0 Prob:0.84175 Alpha:0.50053
[MOE_TRACE] Group:1 Prob:0.36507 Alpha:0.50214
[MOE_TRACE] Group:2 Prob:0.83504 Alpha:0.50096
[MOE_TRACE] Group:0 Prob:0.84175 Alpha:0.50053
[MOE_TRACE] Group:1 Prob:0.36507 Alpha:0.50214
[MOE_TRACE] Group:2 Prob:0.83504 Alpha:0.50096
[MOE_TRACE] Group:0 Prob:0.83651 Alpha:0.50054
[MOE_TRACE] Group:1 Prob:0.36642 Alpha:0.50214
[MOE_TRACE] Group:2 Prob:0.82613 Alpha:0.50096
[MOE_TRACE] Group:0 Prob:0.83651 Alpha:0.50054
[MOE_TRACE] Group:1 Prob:0.36642 Alpha:0.50214
[MOE_TRACE] Group:2 Prob:0.82613 Alpha:0.50096
[MOE_TRACE] Group:0 Prob:0.83651 Alpha:0.50054
[MOE_TRACE] Group:1 Prob:0.36642 Alpha:0.50214
[MOE_TRACE] Group:2 Prob:0.82613 Alpha:0.50096
[MOE_TRACE] Group:0 Prob:0.83651 Alpha:0.50054
[MOE_TRACE] Group:1 Prob:0.36642 Alpha:0.50214
[MOE_TRACE] Group:2 Prob:0.82613 Alpha:0.50096
[MOE_TRACE] Group:0 Prob:0.83392 Alpha:0.50054
[MOE_TRACE] Group:1 Prob:0.36212 Alpha:0.50214
[MOE_TRACE] Group:2 Prob:0.82703 Alpha:0.50096
[MOE_TRACE] Group:0 Prob:0.83392 Alpha:0.50054
[MOE_TRACE] Group:1 Prob:0.36212 Alpha:0.50214
[MOE_TRACE] Group:2 Prob:0.82703 Alpha:0.50096
[MOE_TRACE] Group:0 Prob:0.83392 Alpha:0.50054
[MOE_TRACE] Group:1 Prob:0.36212 Alpha:0.50214
[MOE_TRACE] Group:0 Prob:0.83392 Alpha:0.50054
[MOE_TRACE] Group:2 Prob:0.82703 Alpha:0.50096
[MOE_TRACE] Group:1 Prob:0.36212 Alpha:0.50214
[MOE_TRACE] Group:2 Prob:0.82703 Alpha:0.50096
[MOE_TRACE] Group:0 Prob:0.83565 Alpha:0.50054
[MOE_TRACE] Group:1 Prob:0.36200 Alpha:0.50214
[MOE_TRACE] Group:2 Prob:0.82823 Alpha:0.50096
[MOE_TRACE] Group:0 Prob:0.83565 Alpha:0.50054
[MOE_TRACE] Group:1 Prob:0.36200 Alpha:0.50214
[MOE_TRACE] Group:2 Prob:0.82823 Alpha:0.50096
[MOE_TRACE] Group:0 Prob:0.83565 Alpha:0.50054
[MOE_TRACE] Group:1 Prob:0.36200 Alpha:0.50214
[MOE_TRACE] Group:2 Prob:0.82823 Alpha:0.50096
[MOE_TRACE] Group:0 Prob:0.83565 Alpha:0.50054
[MOE_TRACE] Group:1 Prob:0.36200 Alpha:0.50214
[MOE_TRACE] Group:2 Prob:0.82823 Alpha:0.50096
[MOE_TRACE] Group:0 Prob:0.82147 Alpha:0.50054
[MOE_TRACE] Group:1 Prob:0.35180 Alpha:0.50214
[MOE_TRACE] Group:2 Prob:0.82410 Alpha:0.50096
[MOE_TRACE] Group:0 Prob:0.82147 Alpha:0.50054
[MOE_TRACE] Group:0 Prob:0.82147 Alpha:0.50054
[MOE_TRACE] Group:1 Prob:0.35180 Alpha:0.50214
[MOE_TRACE] Group:1 Prob:0.35180 Alpha:0.50214
[MOE_TRACE] Group:2 Prob:0.82410 Alpha:0.50096[MOE_TRACE] Group:2 Prob:0.82410 Alpha:0.50096

[MOE_TRACE] Group:0 Prob:0.82147 Alpha:0.50054
[MOE_TRACE] Group:1 Prob:0.35180 Alpha:0.50214
[MOE_TRACE] Group:2 Prob:0.82410 Alpha:0.50096
[MOE_TRACE] Group:0 Prob:0.83009 Alpha:0.50054
[MOE_TRACE] Group:0 Prob:0.83009 Alpha:0.50054
[MOE_TRACE] Group:0 Prob:0.83009 Alpha:0.50054
[MOE_TRACE] Group:1 Prob:0.35262 Alpha:0.50215
[MOE_TRACE] Group:1 Prob:0.35262 Alpha:0.50215
[MOE_TRACE] Group:1 Prob:0.35262 Alpha:0.50215[MOE_TRACE] Group:2 Prob:0.83032 Alpha:0.50096
[MOE_TRACE] Group:2 Prob:0.83032 Alpha:0.50096

[MOE_TRACE] Group:2 Prob:0.83032 Alpha:0.50096
[MOE_TRACE] Group:0 Prob:0.83009 Alpha:0.50054
[MOE_TRACE] Group:1 Prob:0.35262 Alpha:0.50215
[MOE_TRACE] Group:2 Prob:0.83032 Alpha:0.50096
[MOE_TRACE] Group:0 Prob:0.83017 Alpha:0.50054
[MOE_TRACE] Group:1 Prob:0.35494 Alpha:0.50215
[MOE_TRACE] Group:2 Prob:0.82434 Alpha:0.50096
[MOE_TRACE] Group:0 Prob:0.83017 Alpha:0.50054
[MOE_TRACE] Group:1 Prob:0.35494 Alpha:0.50215
[MOE_TRACE] Group:2 Prob:0.82705 Alpha:0.50096
[MOE_TRACE] Group:0 Prob:0.83017 Alpha:0.50054
[MOE_TRACE] Group:1 Prob:0.35494 Alpha:0.50215
[MOE_TRACE] Group:2 Prob:0.82705 Alpha:0.50096
[MOE_TRACE] Group:0 Prob:0.83017 Alpha:0.50054
[MOE_TRACE] Group:1 Prob:0.35494 Alpha:0.50215
[MOE_TRACE] Group:2 Prob:0.82705 Alpha:0.50096
[MOE_TRACE] Group:0 Prob:0.83517 Alpha:0.50054[MOE_TRACE] Group:0 Prob:0.83517 Alpha:0.50054

[MOE_TRACE] Group:1 Prob:0.35733 Alpha:0.50215
[MOE_TRACE] Group:1 Prob:0.35733 Alpha:0.50215
[MOE_TRACE] Group:2 Prob:0.82365 Alpha:0.50096
[MOE_TRACE] Group:2 Prob:0.82365 Alpha:0.50096
[MOE_TRACE] Group:0 Prob:0.83517 Alpha:0.50054
[MOE_TRACE] Group:1 Prob:0.35733 Alpha:0.50215
[MOE_TRACE] Group:2 Prob:0.82365 Alpha:0.50096
[MOE_TRACE] Group:0 Prob:0.83517 Alpha:0.50054
[MOE_TRACE] Group:1 Prob:0.35733 Alpha:0.50215
[MOE_TRACE] Group:2 Prob:0.82365 Alpha:0.50096
[MOE_TRACE] Group:0 Prob:0.84455 Alpha:0.50054
[MOE_TRACE] Group:1 Prob:0.35412 Alpha:0.50215
[MOE_TRACE] Group:2 Prob:0.83219 Alpha:0.50096
[MOE_TRACE] Group:0 Prob:0.84455 Alpha:0.50054
[MOE_TRACE] Group:1 Prob:0.35412 Alpha:0.50215
[MOE_TRACE] Group:2 Prob:0.83219 Alpha:0.50096
[MOE_TRACE] Group:0 Prob:0.84455 Alpha:0.50054
[MOE_TRACE] Group:1 Prob:0.35412 Alpha:0.50215
[MOE_TRACE] Group:2 Prob:0.83219 Alpha:0.50096
[MOE_TRACE] Group:0 Prob:0.84455 Alpha:0.50054
[MOE_TRACE] Group:1 Prob:0.35412 Alpha:0.50215
[MOE_TRACE] Group:2 Prob:0.83219 Alpha:0.50096
[MOE_TRACE] Group:0 Prob:0.83915 Alpha:0.50053
[MOE_TRACE] Group:1 Prob:0.36520 Alpha:0.50215
[MOE_TRACE] Group:2 Prob:0.83038 Alpha:0.50096
[MOE_TRACE] Group:0 Prob:0.83915 Alpha:0.50053
[MOE_TRACE] Group:0 Prob:0.83915 Alpha:0.50053[MOE_TRACE] Group:1 Prob:0.36520 Alpha:0.50215

[MOE_TRACE] Group:2 Prob:0.83038 Alpha:0.50096[MOE_TRACE] Group:1 Prob:0.36520 Alpha:0.50215

[MOE_TRACE] Group:2 Prob:0.83038 Alpha:0.50096
[MOE_TRACE] Group:0 Prob:0.83915 Alpha:0.50053
[MOE_TRACE] Group:1 Prob:0.36520 Alpha:0.50215
[MOE_TRACE] Group:2 Prob:0.83038 Alpha:0.50096
[MOE_TRACE] Group:0 Prob:0.82970 Alpha:0.50053
[MOE_TRACE] Group:0 Prob:0.82970 Alpha:0.50053
[MOE_TRACE] Group:1 Prob:0.36176 Alpha:0.50215
[MOE_TRACE] Group:1 Prob:0.36176 Alpha:0.50215
[MOE_TRACE] Group:2 Prob:0.83262 Alpha:0.50096
[MOE_TRACE] Group:2 Prob:0.83262 Alpha:0.50096
[MOE_TRACE] Group:0 Prob:0.82970 Alpha:0.50053
[MOE_TRACE] Group:1 Prob:0.36176 Alpha:0.50215
[MOE_TRACE] Group:2 Prob:0.83262 Alpha:0.50096
[MOE_TRACE] Group:0 Prob:0.82970 Alpha:0.50053
[MOE_TRACE] Group:1 Prob:0.36176 Alpha:0.50215
[MOE_TRACE] Group:2 Prob:0.83262 Alpha:0.50096
[MOE_TRACE] Group:0 Prob:0.82730 Alpha:0.50054
[MOE_TRACE] Group:1 Prob:0.36531 Alpha:0.50215
[MOE_TRACE] Group:2 Prob:0.83289 Alpha:0.50096
[MOE_TRACE] Group:0 Prob:0.82730 Alpha:0.50054
[MOE_TRACE] Group:1 Prob:0.36531 Alpha:0.50215
[MOE_TRACE] Group:2 Prob:0.83289 Alpha:0.50096
[MOE_TRACE] Group:0 Prob:0.82730 Alpha:0.50054
[MOE_TRACE] Group:1 Prob:0.36531 Alpha:0.50215
[MOE_TRACE] Group:2 Prob:0.83289 Alpha:0.50096
[MOE_TRACE] Group:0 Prob:0.82730 Alpha:0.50054
[MOE_TRACE] Group:1 Prob:0.36531 Alpha:0.50215
[MOE_TRACE] Group:2 Prob:0.83289 Alpha:0.50096
[MOE_TRACE] Group:0 Prob:0.83335 Alpha:0.50054
[MOE_TRACE] Group:0 Prob:0.83335 Alpha:0.50054
[MOE_TRACE] Group:1 Prob:0.35369 Alpha:0.50215
[MOE_TRACE] Group:2 Prob:0.82036 Alpha:0.50096[MOE_TRACE] Group:1 Prob:0.35369 Alpha:0.50215

[MOE_TRACE] Group:2 Prob:0.82036 Alpha:0.50096
[MOE_TRACE] Group:0 Prob:0.83335 Alpha:0.50054
[MOE_TRACE] Group:1 Prob:0.35369 Alpha:0.50215
[MOE_TRACE] Group:0 Prob:0.83335 Alpha:0.50054
[MOE_TRACE] Group:2 Prob:0.82036 Alpha:0.50096
[MOE_TRACE] Group:1 Prob:0.35369 Alpha:0.50215
[MOE_TRACE] Group:2 Prob:0.82036 Alpha:0.50096
[MOE_TRACE] Group:0 Prob:0.83349 Alpha:0.50054
[MOE_TRACE] Group:1 Prob:0.36156 Alpha:0.50215
[MOE_TRACE] Group:2 Prob:0.83074 Alpha:0.50096
[MOE_TRACE] Group:0 Prob:0.83349 Alpha:0.50054
[MOE_TRACE] Group:1 Prob:0.36156 Alpha:0.50215
[MOE_TRACE] Group:2 Prob:0.83074 Alpha:0.50096
[MOE_TRACE] Group:0 Prob:0.83349 Alpha:0.50054
[MOE_TRACE] Group:1 Prob:0.36156 Alpha:0.50215
[MOE_TRACE] Group:2 Prob:0.83074 Alpha:0.50096
[MOE_TRACE] Group:0 Prob:0.83349 Alpha:0.50054
[MOE_TRACE] Group:1 Prob:0.36156 Alpha:0.50215
[MOE_TRACE] Group:2 Prob:0.83074 Alpha:0.50096
[MOE_TRACE] Group:0 Prob:0.83674 Alpha:0.50054
[MOE_TRACE] Group:1 Prob:0.35603 Alpha:0.50215
[MOE_TRACE] Group:2 Prob:0.82364 Alpha:0.50096
[MOE_TRACE] Group:0 Prob:0.83674 Alpha:0.50054
[MOE_TRACE] Group:1 Prob:0.35603 Alpha:0.50215
[MOE_TRACE] Group:2 Prob:0.82364 Alpha:0.50096
[MOE_TRACE] Group:0 Prob:0.83674 Alpha:0.50054
[MOE_TRACE] Group:1 Prob:0.35603 Alpha:0.50215
[MOE_TRACE] Group:2 Prob:0.82364 Alpha:0.50096
[MOE_TRACE] Group:0 Prob:0.83674 Alpha:0.50054
[MOE_TRACE] Group:1 Prob:0.35603 Alpha:0.50215
[MOE_TRACE] Group:2 Prob:0.82364 Alpha:0.50096
[MOE_TRACE] Group:0 Prob:0.84493 Alpha:0.50054
[MOE_TRACE] Group:1 Prob:0.36583 Alpha:0.50215
[MOE_TRACE] Group:2 Prob:0.82692 Alpha:0.50096
[MOE_TRACE] Group:0 Prob:0.84493 Alpha:0.50054
[MOE_TRACE] Group:1 Prob:0.36583 Alpha:0.50215
[MOE_TRACE] Group:2 Prob:0.82692 Alpha:0.50096
[MOE_TRACE] Group:0 Prob:0.84493 Alpha:0.50054
[MOE_TRACE] Group:1 Prob:0.36583 Alpha:0.50215
[MOE_TRACE] Group:2 Prob:0.82692 Alpha:0.50096
[MOE_TRACE] Group:0 Prob:0.84493 Alpha:0.50054
[MOE_TRACE] Group:1 Prob:0.36583 Alpha:0.50215
[MOE_TRACE] Group:2 Prob:0.82692 Alpha:0.50096
[MOE_TRACE] Group:0 Prob:0.82979 Alpha:0.50054
[MOE_TRACE] Group:1 Prob:0.35831 Alpha:0.50216
[MOE_TRACE] Group:0 Prob:0.82979 Alpha:0.50054
[MOE_TRACE] Group:2 Prob:0.83061 Alpha:0.50096
[MOE_TRACE] Group:0 Prob:0.82979 Alpha:0.50054
[MOE_TRACE] Group:1 Prob:0.35831 Alpha:0.50216
[MOE_TRACE] Group:1 Prob:0.35831 Alpha:0.50216
[MOE_TRACE] Group:2 Prob:0.83061 Alpha:0.50096
[MOE_TRACE] Group:2 Prob:0.83061 Alpha:0.50096
[MOE_TRACE] Group:0 Prob:0.82979 Alpha:0.50054
[MOE_TRACE] Group:1 Prob:0.35831 Alpha:0.50216
[MOE_TRACE] Group:2 Prob:0.83061 Alpha:0.50096
[MOE_TRACE] Group:0 Prob:0.83588 Alpha:0.50054
[MOE_TRACE] Group:1 Prob:0.36147 Alpha:0.50216
[MOE_TRACE] Group:2 Prob:0.82530 Alpha:0.50096
[MOE_TRACE] Group:0 Prob:0.83588 Alpha:0.50054
[MOE_TRACE] Group:1 Prob:0.36147 Alpha:0.50216
[MOE_TRACE] Group:2 Prob:0.82530 Alpha:0.50096
[MOE_TRACE] Group:0 Prob:0.83588 Alpha:0.50054
[MOE_TRACE] Group:1 Prob:0.36147 Alpha:0.50216
[MOE_TRACE] Group:2 Prob:0.82530 Alpha:0.50096
[MOE_TRACE] Group:0 Prob:0.83588 Alpha:0.50054
[MOE_TRACE] Group:1 Prob:0.36147 Alpha:0.50216
[MOE_TRACE] Group:2 Prob:0.82530 Alpha:0.50096
[MOE_TRACE] Group:0 Prob:0.82720 Alpha:0.50054
[MOE_TRACE] Group:1 Prob:0.34994 Alpha:0.50216
[MOE_TRACE] Group:2 Prob:0.82900 Alpha:0.50096
[MOE_TRACE] Group:0 Prob:0.82720 Alpha:0.50054
[MOE_TRACE] Group:1 Prob:0.34994 Alpha:0.50216
[MOE_TRACE] Group:2 Prob:0.82900 Alpha:0.50096
[MOE_TRACE] Group:0 Prob:0.82720 Alpha:0.50054
[MOE_TRACE] Group:1 Prob:0.34994 Alpha:0.50216
[MOE_TRACE] Group:2 Prob:0.82900 Alpha:0.50096
[MOE_TRACE] Group:0 Prob:0.82720 Alpha:0.50054
[MOE_TRACE] Group:1 Prob:0.34994 Alpha:0.50216
[MOE_TRACE] Group:2 Prob:0.82900 Alpha:0.50096
[MOE_TRACE] Group:0 Prob:0.82949 Alpha:0.50054
[MOE_TRACE] Group:0 Prob:0.82949 Alpha:0.50054
[MOE_TRACE] Group:1 Prob:0.37042 Alpha:0.50216
[MOE_TRACE] Group:1 Prob:0.37042 Alpha:0.50216
[MOE_TRACE] Group:2 Prob:0.82901 Alpha:0.50096
[MOE_TRACE] Group:2 Prob:0.82901 Alpha:0.50096
[MOE_TRACE] Group:0 Prob:0.82949 Alpha:0.50054
[MOE_TRACE] Group:1 Prob:0.37042 Alpha:0.50216
[MOE_TRACE] Group:2 Prob:0.82901 Alpha:0.50096
[MOE_TRACE] Group:0 Prob:0.82949 Alpha:0.50054
[MOE_TRACE] Group:1 Prob:0.37042 Alpha:0.50216
[MOE_TRACE] Group:2 Prob:0.82901 Alpha:0.50096
[MOE_TRACE] Group:0 Prob:0.83027 Alpha:0.50054
[MOE_TRACE] Group:1 Prob:0.35577 Alpha:0.50217
[MOE_TRACE] Group:2 Prob:0.82948 Alpha:0.50096
[MOE_TRACE] Group:0 Prob:0.83027 Alpha:0.50054
[MOE_TRACE] Group:1 Prob:0.35577 Alpha:0.50217
[MOE_TRACE] Group:0 Prob:0.83027 Alpha:0.50054
[MOE_TRACE] Group:2 Prob:0.82948 Alpha:0.50096
[MOE_TRACE] Group:1 Prob:0.35577 Alpha:0.50217
[MOE_TRACE] Group:2 Prob:0.82948 Alpha:0.50096
[MOE_TRACE] Group:0 Prob:0.83027 Alpha:0.50054
[MOE_TRACE] Group:1 Prob:0.35577 Alpha:0.50217
[MOE_TRACE] Group:2 Prob:0.82716 Alpha:0.50096
[MOE_TRACE] Group:0 Prob:0.82884 Alpha:0.50054
[MOE_TRACE] Group:1 Prob:0.36108 Alpha:0.50217
[MOE_TRACE] Group:2 Prob:0.83062 Alpha:0.50096
[MOE_TRACE] Group:0 Prob:0.82884 Alpha:0.50054
[MOE_TRACE] Group:1 Prob:0.36108 Alpha:0.50217
[MOE_TRACE] Group:2 Prob:0.83154 Alpha:0.50096
[MOE_TRACE] Group:0 Prob:0.82884 Alpha:0.50054
[MOE_TRACE] Group:1 Prob:0.36108 Alpha:0.50217
[MOE_TRACE] Group:2 Prob:0.83154 Alpha:0.50096
[MOE_TRACE] Group:0 Prob:0.82884 Alpha:0.50054
[MOE_TRACE] Group:1 Prob:0.36108 Alpha:0.50217
[MOE_TRACE] Group:2 Prob:0.83154 Alpha:0.50096
[MOE_TRACE] Group:0 Prob:0.82475 Alpha:0.50054[MOE_TRACE] Group:0 Prob:0.82475 Alpha:0.50054

[MOE_TRACE] Group:0 Prob:0.82475 Alpha:0.50054
[MOE_TRACE] Group:1 Prob:0.35505 Alpha:0.50217
[MOE_TRACE] Group:1 Prob:0.35505 Alpha:0.50217[MOE_TRACE] Group:1 Prob:0.35505 Alpha:0.50217

[MOE_TRACE] Group:2 Prob:0.82599 Alpha:0.50096
[MOE_TRACE] Group:2 Prob:0.82599 Alpha:0.50096[MOE_TRACE] Group:2 Prob:0.82599 Alpha:0.50096

[MOE_TRACE] Group:0 Prob:0.82475 Alpha:0.50054
[MOE_TRACE] Group:1 Prob:0.35505 Alpha:0.50217
[MOE_TRACE] Group:2 Prob:0.82599 Alpha:0.50096
[MOE_TRACE] Group:0 Prob:0.81631 Alpha:0.50054
[MOE_TRACE] Group:0 Prob:0.81631 Alpha:0.50054
[MOE_TRACE] Group:1 Prob:0.35029 Alpha:0.50217[MOE_TRACE] Group:1 Prob:0.35029 Alpha:0.50217

[MOE_TRACE] Group:2 Prob:0.82414 Alpha:0.50096
[MOE_TRACE] Group:2 Prob:0.82414 Alpha:0.50096
[MOE_TRACE] Group:0 Prob:0.81631 Alpha:0.50054
[MOE_TRACE] Group:1 Prob:0.35029 Alpha:0.50217
[MOE_TRACE] Group:2 Prob:0.82414 Alpha:0.50096
[MOE_TRACE] Group:0 Prob:0.81631 Alpha:0.50054
[MOE_TRACE] Group:1 Prob:0.35029 Alpha:0.50217
[MOE_TRACE] Group:2 Prob:0.82414 Alpha:0.50096
[MOE_TRACE] Group:0 Prob:0.83122 Alpha:0.50054
[MOE_TRACE] Group:1 Prob:0.36435 Alpha:0.50217
[MOE_TRACE] Group:2 Prob:0.82933 Alpha:0.50096
[MOE_TRACE] Group:0 Prob:0.83122 Alpha:0.50054
[MOE_TRACE] Group:1 Prob:0.36435 Alpha:0.50217
[MOE_TRACE] Group:2 Prob:0.82933 Alpha:0.50096
[MOE_TRACE] Group:0 Prob:0.83122 Alpha:0.50054
[MOE_TRACE] Group:1 Prob:0.36435 Alpha:0.50217
[MOE_TRACE] Group:2 Prob:0.82933 Alpha:0.50096
[MOE_TRACE] Group:0 Prob:0.83122 Alpha:0.50054
[MOE_TRACE] Group:1 Prob:0.36435 Alpha:0.50217
[MOE_TRACE] Group:2 Prob:0.82933 Alpha:0.50096
[MOE_TRACE] Group:0 Prob:0.81841 Alpha:0.50054
[MOE_TRACE] Group:1 Prob:0.36387 Alpha:0.50218
[MOE_TRACE] Group:0 Prob:0.81841 Alpha:0.50054
[MOE_TRACE] Group:1 Prob:0.36387 Alpha:0.50218
[MOE_TRACE] Group:0 Prob:0.81841 Alpha:0.50054
[MOE_TRACE] Group:1 Prob:0.36387 Alpha:0.50218[MOE_TRACE] Group:2 Prob:0.82602 Alpha:0.50096

[MOE_TRACE] Group:2 Prob:0.82602 Alpha:0.50096
[MOE_TRACE] Group:2 Prob:0.82602 Alpha:0.50096
[MOE_TRACE] Group:0 Prob:0.81841 Alpha:0.50054
[MOE_TRACE] Group:1 Prob:0.36387 Alpha:0.50218
[MOE_TRACE] Group:2 Prob:0.83188 Alpha:0.50096
[MOE_TRACE] Group:0 Prob:0.82903 Alpha:0.50055
[MOE_TRACE] Group:0 Prob:0.82903 Alpha:0.50055
[MOE_TRACE] Group:0 Prob:0.82903 Alpha:0.50055
[MOE_TRACE] Group:1 Prob:0.35652 Alpha:0.50218
[MOE_TRACE] Group:1 Prob:0.35652 Alpha:0.50218
[MOE_TRACE] Group:1 Prob:0.35652 Alpha:0.50218
[MOE_TRACE] Group:2 Prob:0.82723 Alpha:0.50096
[MOE_TRACE] Group:2 Prob:0.82723 Alpha:0.50096[MOE_TRACE] Group:2 Prob:0.82723 Alpha:0.50096

[MOE_TRACE] Group:0 Prob:0.82903 Alpha:0.50055
[MOE_TRACE] Group:1 Prob:0.35652 Alpha:0.50218
[MOE_TRACE] Group:2 Prob:0.82723 Alpha:0.50096
[MOE_TRACE] Group:0 Prob:0.83455 Alpha:0.50054
[MOE_TRACE] Group:1 Prob:0.35663 Alpha:0.50218
[MOE_TRACE] Group:2 Prob:0.83144 Alpha:0.50096
[MOE_TRACE] Group:0 Prob:0.83455 Alpha:0.50054
[MOE_TRACE] Group:1 Prob:0.35663 Alpha:0.50218
[MOE_TRACE] Group:2 Prob:0.83144 Alpha:0.50096
[MOE_TRACE] Group:0 Prob:0.83455 Alpha:0.50054
[MOE_TRACE] Group:1 Prob:0.35663 Alpha:0.50218
[MOE_TRACE] Group:2 Prob:0.83144 Alpha:0.50096
[MOE_TRACE] Group:0 Prob:0.83455 Alpha:0.50054
[MOE_TRACE] Group:1 Prob:0.35663 Alpha:0.50218
[MOE_TRACE] Group:2 Prob:0.83144 Alpha:0.50096
[MOE_TRACE] Group:0 Prob:0.83204 Alpha:0.50054
[MOE_TRACE] Group:1 Prob:0.35247 Alpha:0.50218
[MOE_TRACE] Group:2 Prob:0.83074 Alpha:0.50096
[MOE_TRACE] Group:0 Prob:0.83204 Alpha:0.50054
[MOE_TRACE] Group:1 Prob:0.35247 Alpha:0.50218
[MOE_TRACE] Group:2 Prob:0.83074 Alpha:0.50096
[MOE_TRACE] Group:0 Prob:0.83204 Alpha:0.50054
[MOE_TRACE] Group:1 Prob:0.35247 Alpha:0.50218
[MOE_TRACE] Group:2 Prob:0.83074 Alpha:0.50096
[MOE_TRACE] Group:0 Prob:0.83204 Alpha:0.50054
[MOE_TRACE] Group:1 Prob:0.35247 Alpha:0.50218
[MOE_TRACE] Group:2 Prob:0.83074 Alpha:0.50096
[MOE_TRACE] Group:0 Prob:0.83623 Alpha:0.50054
[MOE_TRACE] Group:1 Prob:0.35353 Alpha:0.50218
[MOE_TRACE] Group:2 Prob:0.82793 Alpha:0.50096
[MOE_TRACE] Group:0 Prob:0.83623 Alpha:0.50054
[MOE_TRACE] Group:0 Prob:0.83623 Alpha:0.50054
[MOE_TRACE] Group:1 Prob:0.35353 Alpha:0.50218
[MOE_TRACE] Group:1 Prob:0.35353 Alpha:0.50218[MOE_TRACE] Group:2 Prob:0.82793 Alpha:0.50096

[MOE_TRACE] Group:2 Prob:0.82793 Alpha:0.50096
[MOE_TRACE] Group:0 Prob:0.83623 Alpha:0.50054
[MOE_TRACE] Group:1 Prob:0.35353 Alpha:0.50218
[MOE_TRACE] Group:2 Prob:0.82793 Alpha:0.50096
[MOE_TRACE] Group:0 Prob:0.82992 Alpha:0.50054
[MOE_TRACE] Group:0 Prob:0.82992 Alpha:0.50054
[MOE_TRACE] Group:1 Prob:0.35478 Alpha:0.50219
[MOE_TRACE] Group:1 Prob:0.35478 Alpha:0.50219
[MOE_TRACE] Group:2 Prob:0.82735 Alpha:0.50096
[MOE_TRACE] Group:2 Prob:0.82735 Alpha:0.50096
[MOE_TRACE] Group:0 Prob:0.82992 Alpha:0.50054
[MOE_TRACE] Group:1 Prob:0.35478 Alpha:0.50219
[MOE_TRACE] Group:2 Prob:0.82735 Alpha:0.50096
[MOE_TRACE] Group:0 Prob:0.82992 Alpha:0.50054
[MOE_TRACE] Group:1 Prob:0.35478 Alpha:0.50219
[MOE_TRACE] Group:2 Prob:0.82735 Alpha:0.50096
[MOE_TRACE] Group:0 Prob:0.83866 Alpha:0.50054
[MOE_TRACE] Group:2 Prob:0.83626 Alpha:0.50096
[MOE_TRACE] Group:0 Prob:0.83866 Alpha:0.50054
[MOE_TRACE] Group:2 Prob:0.83626 Alpha:0.50096
[MOE_TRACE] Group:0 Prob:0.83866 Alpha:0.50054
[MOE_TRACE] Group:1 Prob:0.35316 Alpha:0.50219
[MOE_TRACE] Group:2 Prob:0.82077 Alpha:0.50096
[MOE_TRACE] Group:0 Prob:0.83866 Alpha:0.50054
[MOE_TRACE] Group:1 Prob:0.35316 Alpha:0.50219
[MOE_TRACE] Group:2 Prob:0.82077 Alpha:0.50096
[MOE_TRACE] Group:0 Prob:0.83523 Alpha:0.50054
[MOE_TRACE] Group:1 Prob:0.36011 Alpha:0.50219
[MOE_TRACE] Group:0 Prob:0.83523 Alpha:0.50054
[MOE_TRACE] Group:2 Prob:0.83076 Alpha:0.50096
[MOE_TRACE] Group:1 Prob:0.36011 Alpha:0.50219
[MOE_TRACE] Group:2 Prob:0.83076 Alpha:0.50096
[MOE_TRACE] Group:0 Prob:0.83523 Alpha:0.50054
[MOE_TRACE] Group:1 Prob:0.36011 Alpha:0.50219
[MOE_TRACE] Group:2 Prob:0.83076 Alpha:0.50096
[MOE_TRACE] Group:0 Prob:0.83523 Alpha:0.50054
[MOE_TRACE] Group:1 Prob:0.36011 Alpha:0.50219
[MOE_TRACE] Group:2 Prob:0.83076 Alpha:0.50096
[MOE_TRACE] Group:0 Prob:0.84284 Alpha:0.50054
[MOE_TRACE] Group:1 Prob:0.36186 Alpha:0.50220
[MOE_TRACE] Group:2 Prob:0.82880 Alpha:0.50096
[MOE_TRACE] Group:0 Prob:0.84284 Alpha:0.50054
[MOE_TRACE] Group:1 Prob:0.36186 Alpha:0.50220
[MOE_TRACE] Group:2 Prob:0.82880 Alpha:0.50096
[MOE_TRACE] Group:0 Prob:0.84284 Alpha:0.50054
[MOE_TRACE] Group:1 Prob:0.36186 Alpha:0.50220
[MOE_TRACE] Group:2 Prob:0.82880 Alpha:0.50096
[MOE_TRACE] Group:0 Prob:0.84284 Alpha:0.50054
[MOE_TRACE] Group:1 Prob:0.36186 Alpha:0.50220
[MOE_TRACE] Group:2 Prob:0.82880 Alpha:0.50096
[MOE_TRACE] Group:0 Prob:0.82992 Alpha:0.50054
[MOE_TRACE] Group:1 Prob:0.35775 Alpha:0.50220
[MOE_TRACE] Group:2 Prob:0.82403 Alpha:0.50096
[MOE_TRACE] Group:0 Prob:0.82992 Alpha:0.50054
[MOE_TRACE] Group:1 Prob:0.35775 Alpha:0.50220
[MOE_TRACE] Group:2 Prob:0.82403 Alpha:0.50096
[MOE_TRACE] Group:0 Prob:0.82992 Alpha:0.50054
[MOE_TRACE] Group:1 Prob:0.35775 Alpha:0.50220
[MOE_TRACE] Group:2 Prob:0.82403 Alpha:0.50096
[MOE_TRACE] Group:0 Prob:0.82992 Alpha:0.50054
[MOE_TRACE] Group:1 Prob:0.35775 Alpha:0.50220
[MOE_TRACE] Group:2 Prob:0.82403 Alpha:0.50096
[MOE_TRACE] Group:0 Prob:0.84400 Alpha:0.50054
[MOE_TRACE] Group:1 Prob:0.35884 Alpha:0.50220
[MOE_TRACE] Group:0 Prob:0.84400 Alpha:0.50054
[MOE_TRACE] Group:2 Prob:0.83174 Alpha:0.50096
[MOE_TRACE] Group:1 Prob:0.35884 Alpha:0.50220
[MOE_TRACE] Group:2 Prob:0.83174 Alpha:0.50096
[MOE_TRACE] Group:0 Prob:0.84400 Alpha:0.50054
[MOE_TRACE] Group:1 Prob:0.35884 Alpha:0.50220
[MOE_TRACE] Group:2 Prob:0.83174 Alpha:0.50096
[MOE_TRACE] Group:0 Prob:0.84400 Alpha:0.50054
[MOE_TRACE] Group:1 Prob:0.35884 Alpha:0.50220
[MOE_TRACE] Group:2 Prob:0.83174 Alpha:0.50096
[MOE_TRACE] Group:0 Prob:0.83241 Alpha:0.50054
[MOE_TRACE] Group:1 Prob:0.35669 Alpha:0.50220
[MOE_TRACE] Group:2 Prob:0.82729 Alpha:0.50096
[MOE_TRACE] Group:0 Prob:0.83241 Alpha:0.50054
[MOE_TRACE] Group:1 Prob:0.35669 Alpha:0.50220
[MOE_TRACE] Group:2 Prob:0.82729 Alpha:0.50096
[MOE_TRACE] Group:0 Prob:0.83241 Alpha:0.50054
[MOE_TRACE] Group:0 Prob:0.83241 Alpha:0.50054[MOE_TRACE] Group:1 Prob:0.35669 Alpha:0.50220

[MOE_TRACE] Group:1 Prob:0.35669 Alpha:0.50220
[MOE_TRACE] Group:2 Prob:0.82729 Alpha:0.50096
[MOE_TRACE] Group:2 Prob:0.82729 Alpha:0.50096
[MOE_TRACE] Group:0 Prob:0.82712 Alpha:0.50054
[MOE_TRACE] Group:1 Prob:0.35891 Alpha:0.50220
[MOE_TRACE] Group:2 Prob:0.82315 Alpha:0.50096
[MOE_TRACE] Group:0 Prob:0.82712 Alpha:0.50054
[MOE_TRACE] Group:1 Prob:0.35891 Alpha:0.50220
[MOE_TRACE] Group:2 Prob:0.82315 Alpha:0.50096
[MOE_TRACE] Group:0 Prob:0.82712 Alpha:0.50054
[MOE_TRACE] Group:1 Prob:0.35891 Alpha:0.50220
[MOE_TRACE] Group:2 Prob:0.82359 Alpha:0.50096
[MOE_TRACE] Group:0 Prob:0.82712 Alpha:0.50054
[MOE_TRACE] Group:1 Prob:0.35891 Alpha:0.50220
[MOE_TRACE] Group:2 Prob:0.82359 Alpha:0.50096
[MOE_TRACE] Group:0 Prob:0.82044 Alpha:0.50054
[MOE_TRACE] Group:0 Prob:0.82044 Alpha:0.50054
[MOE_TRACE] Group:1 Prob:0.35987 Alpha:0.50220[MOE_TRACE] Group:1 Prob:0.35987 Alpha:0.50220

[MOE_TRACE] Group:2 Prob:0.83615 Alpha:0.50096
[MOE_TRACE] Group:2 Prob:0.83615 Alpha:0.50096
[MOE_TRACE] Group:0 Prob:0.82044 Alpha:0.50054
[MOE_TRACE] Group:1 Prob:0.35987 Alpha:0.50220
[MOE_TRACE] Group:0 Prob:0.82044 Alpha:0.50054
[MOE_TRACE] Group:2 Prob:0.83615 Alpha:0.50096
[MOE_TRACE] Group:1 Prob:0.35987 Alpha:0.50220
[MOE_TRACE] Group:2 Prob:0.83615 Alpha:0.50096
Epoch: 5 cost time: 38.35157108306885
Epoch: 5, Steps: 147 | Train Loss: 0.3904522 Vali Loss: 0.2832668 Test Loss: 0.2978068
Validation loss decreased (0.286930 --> 0.283267).  Saving model ...
Updating learning rate to 6.25e-06
[MOE_TRACE] Group:0 Prob:0.83868 Alpha:0.50054
[MOE_TRACE] Group:1 Prob:0.36908 Alpha:0.50220
[MOE_TRACE] Group:2 Prob:0.83564 Alpha:0.50096
[MOE_TRACE] Group:0 Prob:0.83868 Alpha:0.50054
[MOE_TRACE] Group:1 Prob:0.36908 Alpha:0.50220
[MOE_TRACE] Group:0 Prob:0.83868 Alpha:0.50054[MOE_TRACE] Group:2 Prob:0.83564 Alpha:0.50096

[MOE_TRACE] Group:1 Prob:0.36908 Alpha:0.50220
[MOE_TRACE] Group:2 Prob:0.83564 Alpha:0.50096
[MOE_TRACE] Group:0 Prob:0.83868 Alpha:0.50054
[MOE_TRACE] Group:1 Prob:0.36908 Alpha:0.50220
[MOE_TRACE] Group:2 Prob:0.83564 Alpha:0.50096
[MOE_TRACE] Group:0 Prob:0.83284 Alpha:0.50054
[MOE_TRACE] Group:1 Prob:0.34791 Alpha:0.50220
[MOE_TRACE] Group:2 Prob:0.82605 Alpha:0.50096
[MOE_TRACE] Group:0 Prob:0.83284 Alpha:0.50054
[MOE_TRACE] Group:1 Prob:0.34791 Alpha:0.50220
[MOE_TRACE] Group:2 Prob:0.82605 Alpha:0.50096
[MOE_TRACE] Group:0 Prob:0.83284 Alpha:0.50054
[MOE_TRACE] Group:1 Prob:0.34791 Alpha:0.50220
[MOE_TRACE] Group:2 Prob:0.82605 Alpha:0.50096
[MOE_TRACE] Group:0 Prob:0.83284 Alpha:0.50054
[MOE_TRACE] Group:1 Prob:0.34791 Alpha:0.50220
[MOE_TRACE] Group:2 Prob:0.82605 Alpha:0.50096
[MOE_TRACE] Group:0 Prob:0.83755 Alpha:0.50054
[MOE_TRACE] Group:1 Prob:0.36418 Alpha:0.50220
[MOE_TRACE] Group:0 Prob:0.83755 Alpha:0.50054
[MOE_TRACE] Group:1 Prob:0.36418 Alpha:0.50220
[MOE_TRACE] Group:0 Prob:0.83755 Alpha:0.50054
[MOE_TRACE] Group:2 Prob:0.83027 Alpha:0.50096
[MOE_TRACE] Group:1 Prob:0.36418 Alpha:0.50220
[MOE_TRACE] Group:2 Prob:0.83027 Alpha:0.50096
[MOE_TRACE] Group:0 Prob:0.83755 Alpha:0.50054
[MOE_TRACE] Group:1 Prob:0.36418 Alpha:0.50220
[MOE_TRACE] Group:2 Prob:0.83027 Alpha:0.50096
[MOE_TRACE] Group:0 Prob:0.83144 Alpha:0.50054
[MOE_TRACE] Group:1 Prob:0.35190 Alpha:0.50221
[MOE_TRACE] Group:2 Prob:0.82621 Alpha:0.50096
[MOE_TRACE] Group:0 Prob:0.83144 Alpha:0.50054
[MOE_TRACE] Group:1 Prob:0.35190 Alpha:0.50221
[MOE_TRACE] Group:2 Prob:0.82621 Alpha:0.50096
[MOE_TRACE] Group:0 Prob:0.83144 Alpha:0.50054
[MOE_TRACE] Group:1 Prob:0.35190 Alpha:0.50221
[MOE_TRACE] Group:2 Prob:0.82621 Alpha:0.50096
[MOE_TRACE] Group:0 Prob:0.83144 Alpha:0.50054
[MOE_TRACE] Group:1 Prob:0.35190 Alpha:0.50221
[MOE_TRACE] Group:2 Prob:0.82621 Alpha:0.50096
[MOE_TRACE] Group:0 Prob:0.83058 Alpha:0.50054
[MOE_TRACE] Group:1 Prob:0.35739 Alpha:0.50221
[MOE_TRACE] Group:2 Prob:0.83285 Alpha:0.50096
[MOE_TRACE] Group:0 Prob:0.83058 Alpha:0.50054
[MOE_TRACE] Group:1 Prob:0.35739 Alpha:0.50221
[MOE_TRACE] Group:2 Prob:0.82606 Alpha:0.50096
[MOE_TRACE] Group:0 Prob:0.83058 Alpha:0.50054
[MOE_TRACE] Group:1 Prob:0.35739 Alpha:0.50221
[MOE_TRACE] Group:2 Prob:0.82606 Alpha:0.50096
[MOE_TRACE] Group:0 Prob:0.83058 Alpha:0.50054
[MOE_TRACE] Group:1 Prob:0.35739 Alpha:0.50221
[MOE_TRACE] Group:2 Prob:0.82606 Alpha:0.50096
[MOE_TRACE] Group:0 Prob:0.83383 Alpha:0.50054
[MOE_TRACE] Group:1 Prob:0.35291 Alpha:0.50221
[MOE_TRACE] Group:2 Prob:0.82228 Alpha:0.50096
[MOE_TRACE] Group:0 Prob:0.83383 Alpha:0.50054
[MOE_TRACE] Group:1 Prob:0.35291 Alpha:0.50221
[MOE_TRACE] Group:2 Prob:0.82228 Alpha:0.50096
[MOE_TRACE] Group:0 Prob:0.83383 Alpha:0.50054
[MOE_TRACE] Group:1 Prob:0.35291 Alpha:0.50221
[MOE_TRACE] Group:2 Prob:0.82228 Alpha:0.50096
[MOE_TRACE] Group:0 Prob:0.83383 Alpha:0.50054
[MOE_TRACE] Group:1 Prob:0.35291 Alpha:0.50221
[MOE_TRACE] Group:2 Prob:0.82228 Alpha:0.50096
[MOE_TRACE] Group:0 Prob:0.82993 Alpha:0.50054
[MOE_TRACE] Group:1 Prob:0.36234 Alpha:0.50221
[MOE_TRACE] Group:2 Prob:0.82860 Alpha:0.50096
[MOE_TRACE] Group:0 Prob:0.82993 Alpha:0.50054
[MOE_TRACE] Group:0 Prob:0.82993 Alpha:0.50054
[MOE_TRACE] Group:1 Prob:0.36234 Alpha:0.50221
[MOE_TRACE] Group:1 Prob:0.36234 Alpha:0.50221
[MOE_TRACE] Group:2 Prob:0.82860 Alpha:0.50096
[MOE_TRACE] Group:2 Prob:0.82860 Alpha:0.50096
[MOE_TRACE] Group:0 Prob:0.82993 Alpha:0.50054
[MOE_TRACE] Group:1 Prob:0.36234 Alpha:0.50221
[MOE_TRACE] Group:2 Prob:0.82860 Alpha:0.50096
[MOE_TRACE] Group:0 Prob:0.83094 Alpha:0.50054
[MOE_TRACE] Group:1 Prob:0.36252 Alpha:0.50221
[MOE_TRACE] Group:2 Prob:0.82203 Alpha:0.50096
[MOE_TRACE] Group:0 Prob:0.83094 Alpha:0.50054
[MOE_TRACE] Group:0 Prob:0.83094 Alpha:0.50054
[MOE_TRACE] Group:1 Prob:0.36252 Alpha:0.50221
[MOE_TRACE] Group:1 Prob:0.36252 Alpha:0.50221
[MOE_TRACE] Group:2 Prob:0.82203 Alpha:0.50096
[MOE_TRACE] Group:2 Prob:0.82203 Alpha:0.50096
[MOE_TRACE] Group:0 Prob:0.83094 Alpha:0.50054
[MOE_TRACE] Group:1 Prob:0.36252 Alpha:0.50221
[MOE_TRACE] Group:2 Prob:0.82203 Alpha:0.50096
[MOE_TRACE] Group:0 Prob:0.83469 Alpha:0.50054
[MOE_TRACE] Group:1 Prob:0.36385 Alpha:0.50221
[MOE_TRACE] Group:2 Prob:0.83125 Alpha:0.50096
[MOE_TRACE] Group:0 Prob:0.83469 Alpha:0.50054
[MOE_TRACE] Group:1 Prob:0.36385 Alpha:0.50221
[MOE_TRACE] Group:2 Prob:0.83125 Alpha:0.50096
[MOE_TRACE] Group:0 Prob:0.83469 Alpha:0.50054
[MOE_TRACE] Group:1 Prob:0.36385 Alpha:0.50221
[MOE_TRACE] Group:0 Prob:0.83469 Alpha:0.50054
[MOE_TRACE] Group:2 Prob:0.83125 Alpha:0.50096
[MOE_TRACE] Group:1 Prob:0.36385 Alpha:0.50221
[MOE_TRACE] Group:2 Prob:0.83125 Alpha:0.50096
[MOE_TRACE] Group:0 Prob:0.83372 Alpha:0.50054
[MOE_TRACE] Group:1 Prob:0.34794 Alpha:0.50221
[MOE_TRACE] Group:2 Prob:0.82457 Alpha:0.50096
[MOE_TRACE] Group:0 Prob:0.83372 Alpha:0.50054
[MOE_TRACE] Group:0 Prob:0.83372 Alpha:0.50054
[MOE_TRACE] Group:1 Prob:0.34794 Alpha:0.50221
[MOE_TRACE] Group:1 Prob:0.34794 Alpha:0.50221
[MOE_TRACE] Group:2 Prob:0.82457 Alpha:0.50096
[MOE_TRACE] Group:2 Prob:0.82457 Alpha:0.50096
[MOE_TRACE] Group:0 Prob:0.83372 Alpha:0.50054
[MOE_TRACE] Group:1 Prob:0.34794 Alpha:0.50221
[MOE_TRACE] Group:2 Prob:0.82457 Alpha:0.50096
[MOE_TRACE] Group:0 Prob:0.83840 Alpha:0.50054
[MOE_TRACE] Group:0 Prob:0.83840 Alpha:0.50054
[MOE_TRACE] Group:1 Prob:0.35286 Alpha:0.50221
[MOE_TRACE] Group:1 Prob:0.35286 Alpha:0.50221
[MOE_TRACE] Group:2 Prob:0.83023 Alpha:0.50096[MOE_TRACE] Group:2 Prob:0.83023 Alpha:0.50096

[MOE_TRACE] Group:0 Prob:0.83840 Alpha:0.50054
[MOE_TRACE] Group:1 Prob:0.35286 Alpha:0.50221
[MOE_TRACE] Group:2 Prob:0.83023 Alpha:0.50096
[MOE_TRACE] Group:0 Prob:0.83840 Alpha:0.50054
[MOE_TRACE] Group:1 Prob:0.35286 Alpha:0.50221
[MOE_TRACE] Group:2 Prob:0.83023 Alpha:0.50096
[MOE_TRACE] Group:0 Prob:0.82032 Alpha:0.50054
[MOE_TRACE] Group:1 Prob:0.35354 Alpha:0.50221
[MOE_TRACE] Group:2 Prob:0.82559 Alpha:0.50096
[MOE_TRACE] Group:0 Prob:0.82032 Alpha:0.50054
[MOE_TRACE] Group:1 Prob:0.35354 Alpha:0.50221
[MOE_TRACE] Group:0 Prob:0.82032 Alpha:0.50054
[MOE_TRACE] Group:2 Prob:0.82559 Alpha:0.50096
[MOE_TRACE] Group:1 Prob:0.35354 Alpha:0.50221
[MOE_TRACE] Group:2 Prob:0.82559 Alpha:0.50096
[MOE_TRACE] Group:0 Prob:0.82032 Alpha:0.50054
[MOE_TRACE] Group:1 Prob:0.35354 Alpha:0.50221
[MOE_TRACE] Group:2 Prob:0.82559 Alpha:0.50096
[MOE_TRACE] Group:0 Prob:0.83127 Alpha:0.50054
[MOE_TRACE] Group:1 Prob:0.35568 Alpha:0.50222
[MOE_TRACE] Group:2 Prob:0.82467 Alpha:0.50096
[MOE_TRACE] Group:0 Prob:0.83127 Alpha:0.50054
[MOE_TRACE] Group:1 Prob:0.35568 Alpha:0.50222
[MOE_TRACE] Group:2 Prob:0.82467 Alpha:0.50096
[MOE_TRACE] Group:0 Prob:0.83127 Alpha:0.50054
[MOE_TRACE] Group:1 Prob:0.35568 Alpha:0.50222
[MOE_TRACE] Group:2 Prob:0.82467 Alpha:0.50096
[MOE_TRACE] Group:0 Prob:0.83127 Alpha:0.50054
[MOE_TRACE] Group:1 Prob:0.35568 Alpha:0.50222
[MOE_TRACE] Group:2 Prob:0.82467 Alpha:0.50096
[MOE_TRACE] Group:0 Prob:0.83725 Alpha:0.50054
[MOE_TRACE] Group:0 Prob:0.83725 Alpha:0.50054
[MOE_TRACE] Group:1 Prob:0.35122 Alpha:0.50222
[MOE_TRACE] Group:1 Prob:0.35122 Alpha:0.50222
[MOE_TRACE] Group:2 Prob:0.82829 Alpha:0.50096
[MOE_TRACE] Group:2 Prob:0.82829 Alpha:0.50096
[MOE_TRACE] Group:0 Prob:0.83725 Alpha:0.50054
[MOE_TRACE] Group:1 Prob:0.35122 Alpha:0.50222
[MOE_TRACE] Group:2 Prob:0.82829 Alpha:0.50096
[MOE_TRACE] Group:0 Prob:0.83725 Alpha:0.50054
[MOE_TRACE] Group:1 Prob:0.35122 Alpha:0.50222
[MOE_TRACE] Group:2 Prob:0.82829 Alpha:0.50096
[MOE_TRACE] Group:0 Prob:0.82759 Alpha:0.50054
[MOE_TRACE] Group:1 Prob:0.35078 Alpha:0.50222
[MOE_TRACE] Group:2 Prob:0.83113 Alpha:0.50096
[MOE_TRACE] Group:0 Prob:0.82759 Alpha:0.50054
[MOE_TRACE] Group:1 Prob:0.35078 Alpha:0.50222
[MOE_TRACE] Group:2 Prob:0.83113 Alpha:0.50096
[MOE_TRACE] Group:0 Prob:0.82759 Alpha:0.50054
[MOE_TRACE] Group:1 Prob:0.35078 Alpha:0.50222
[MOE_TRACE] Group:2 Prob:0.83113 Alpha:0.50096
[MOE_TRACE] Group:0 Prob:0.82759 Alpha:0.50054
[MOE_TRACE] Group:1 Prob:0.35078 Alpha:0.50222
[MOE_TRACE] Group:2 Prob:0.83113 Alpha:0.50096
[MOE_TRACE] Group:0 Prob:0.83416 Alpha:0.50054
[MOE_TRACE] Group:1 Prob:0.36043 Alpha:0.50222
[MOE_TRACE] Group:2 Prob:0.82316 Alpha:0.50096
[MOE_TRACE] Group:0 Prob:0.83416 Alpha:0.50054
[MOE_TRACE] Group:0 Prob:0.83416 Alpha:0.50054
[MOE_TRACE] Group:1 Prob:0.36043 Alpha:0.50222
[MOE_TRACE] Group:1 Prob:0.36043 Alpha:0.50222
[MOE_TRACE] Group:2 Prob:0.82316 Alpha:0.50096[MOE_TRACE] Group:2 Prob:0.82316 Alpha:0.50096

[MOE_TRACE] Group:0 Prob:0.83416 Alpha:0.50054
[MOE_TRACE] Group:1 Prob:0.36043 Alpha:0.50222
[MOE_TRACE] Group:2 Prob:0.82316 Alpha:0.50096
[MOE_TRACE] Group:0 Prob:0.83552 Alpha:0.50054
[MOE_TRACE] Group:1 Prob:0.35523 Alpha:0.50222
[MOE_TRACE] Group:2 Prob:0.83180 Alpha:0.50096
[MOE_TRACE] Group:0 Prob:0.83076 Alpha:0.50054
[MOE_TRACE] Group:1 Prob:0.35170 Alpha:0.50222
[MOE_TRACE] Group:2 Prob:0.82919 Alpha:0.50096
[MOE_TRACE] Group:0 Prob:0.83076 Alpha:0.50054
[MOE_TRACE] Group:1 Prob:0.35170 Alpha:0.50222
[MOE_TRACE] Group:2 Prob:0.82919 Alpha:0.50096
[MOE_TRACE] Group:0 Prob:0.83076 Alpha:0.50054
[MOE_TRACE] Group:1 Prob:0.35170 Alpha:0.50222
[MOE_TRACE] Group:2 Prob:0.82919 Alpha:0.50096
[MOE_TRACE] Group:0 Prob:0.83578 Alpha:0.50054
[MOE_TRACE] Group:1 Prob:0.36238 Alpha:0.50222
[MOE_TRACE] Group:2 Prob:0.82917 Alpha:0.50096
[MOE_TRACE] Group:0 Prob:0.83578 Alpha:0.50054
[MOE_TRACE] Group:1 Prob:0.36238 Alpha:0.50222
[MOE_TRACE] Group:2 Prob:0.83050 Alpha:0.50096
[MOE_TRACE] Group:0 Prob:0.83578 Alpha:0.50054
[MOE_TRACE] Group:1 Prob:0.36238 Alpha:0.50222
[MOE_TRACE] Group:2 Prob:0.83050 Alpha:0.50096
[MOE_TRACE] Group:0 Prob:0.83578 Alpha:0.50054
[MOE_TRACE] Group:1 Prob:0.36238 Alpha:0.50222
[MOE_TRACE] Group:2 Prob:0.83050 Alpha:0.50096
[MOE_TRACE] Group:0 Prob:0.84389 Alpha:0.50054
[MOE_TRACE] Group:1 Prob:0.36762 Alpha:0.50222
[MOE_TRACE] Group:2 Prob:0.83210 Alpha:0.50096
[MOE_TRACE] Group:0 Prob:0.84389 Alpha:0.50054
[MOE_TRACE] Group:1 Prob:0.36762 Alpha:0.50222
[MOE_TRACE] Group:2 Prob:0.83210 Alpha:0.50096
[MOE_TRACE] Group:0 Prob:0.84389 Alpha:0.50054
[MOE_TRACE] Group:1 Prob:0.36762 Alpha:0.50222
[MOE_TRACE] Group:2 Prob:0.83210 Alpha:0.50096
[MOE_TRACE] Group:0 Prob:0.84389 Alpha:0.50054
[MOE_TRACE] Group:1 Prob:0.36762 Alpha:0.50222
[MOE_TRACE] Group:2 Prob:0.83210 Alpha:0.50096
[MOE_TRACE] Group:0 Prob:0.83206 Alpha:0.50054
[MOE_TRACE] Group:1 Prob:0.35946 Alpha:0.50222
[MOE_TRACE] Group:2 Prob:0.83190 Alpha:0.50096
[MOE_TRACE] Group:0 Prob:0.83206 Alpha:0.50054[MOE_TRACE] Group:0 Prob:0.83206 Alpha:0.50054

[MOE_TRACE] Group:1 Prob:0.35946 Alpha:0.50222
[MOE_TRACE] Group:1 Prob:0.35946 Alpha:0.50222
[MOE_TRACE] Group:2 Prob:0.83190 Alpha:0.50096[MOE_TRACE] Group:2 Prob:0.83190 Alpha:0.50096

[MOE_TRACE] Group:0 Prob:0.83206 Alpha:0.50054
[MOE_TRACE] Group:1 Prob:0.35946 Alpha:0.50222
[MOE_TRACE] Group:2 Prob:0.83190 Alpha:0.50096
[MOE_TRACE] Group:0 Prob:0.83441 Alpha:0.50054
[MOE_TRACE] Group:1 Prob:0.35252 Alpha:0.50222
[MOE_TRACE] Group:2 Prob:0.82624 Alpha:0.50096
[MOE_TRACE] Group:0 Prob:0.83441 Alpha:0.50054
[MOE_TRACE] Group:0 Prob:0.83441 Alpha:0.50054
[MOE_TRACE] Group:1 Prob:0.35252 Alpha:0.50222
[MOE_TRACE] Group:1 Prob:0.35252 Alpha:0.50222[MOE_TRACE] Group:0 Prob:0.83441 Alpha:0.50054[MOE_TRACE] Group:2 Prob:0.82624 Alpha:0.50096


[MOE_TRACE] Group:1 Prob:0.35252 Alpha:0.50222[MOE_TRACE] Group:2 Prob:0.82624 Alpha:0.50096

[MOE_TRACE] Group:2 Prob:0.82624 Alpha:0.50096
[MOE_TRACE] Group:0 Prob:0.82820 Alpha:0.50054
[MOE_TRACE] Group:1 Prob:0.36477 Alpha:0.50222
[MOE_TRACE] Group:2 Prob:0.82371 Alpha:0.50096
[MOE_TRACE] Group:0 Prob:0.82820 Alpha:0.50054
[MOE_TRACE] Group:1 Prob:0.36477 Alpha:0.50222
[MOE_TRACE] Group:2 Prob:0.83216 Alpha:0.50096
[MOE_TRACE] Group:0 Prob:0.82820 Alpha:0.50054
[MOE_TRACE] Group:1 Prob:0.36477 Alpha:0.50222
[MOE_TRACE] Group:2 Prob:0.83216 Alpha:0.50096
[MOE_TRACE] Group:0 Prob:0.82820 Alpha:0.50054
[MOE_TRACE] Group:1 Prob:0.36477 Alpha:0.50222
[MOE_TRACE] Group:2 Prob:0.83216 Alpha:0.50096
[MOE_TRACE] Group:0 Prob:0.82335 Alpha:0.50054
[MOE_TRACE] Group:1 Prob:0.35894 Alpha:0.50222
[MOE_TRACE] Group:2 Prob:0.83017 Alpha:0.50096
[MOE_TRACE] Group:0 Prob:0.82335 Alpha:0.50054
[MOE_TRACE] Group:1 Prob:0.35894 Alpha:0.50222
[MOE_TRACE] Group:2 Prob:0.83017 Alpha:0.50096
[MOE_TRACE] Group:0 Prob:0.82335 Alpha:0.50054
[MOE_TRACE] Group:0 Prob:0.82335 Alpha:0.50054
[MOE_TRACE] Group:1 Prob:0.35894 Alpha:0.50222
[MOE_TRACE] Group:1 Prob:0.35894 Alpha:0.50222
[MOE_TRACE] Group:2 Prob:0.83017 Alpha:0.50096
[MOE_TRACE] Group:2 Prob:0.83017 Alpha:0.50096
[MOE_TRACE] Group:0 Prob:0.83202 Alpha:0.50054
[MOE_TRACE] Group:1 Prob:0.36183 Alpha:0.50222
[MOE_TRACE] Group:0 Prob:0.83202 Alpha:0.50054
[MOE_TRACE] Group:2 Prob:0.82996 Alpha:0.50096
[MOE_TRACE] Group:1 Prob:0.36183 Alpha:0.50222
[MOE_TRACE] Group:2 Prob:0.82996 Alpha:0.50096
[MOE_TRACE] Group:0 Prob:0.83202 Alpha:0.50054
[MOE_TRACE] Group:1 Prob:0.36183 Alpha:0.50222
[MOE_TRACE] Group:2 Prob:0.82996 Alpha:0.50096
[MOE_TRACE] Group:0 Prob:0.83202 Alpha:0.50054
[MOE_TRACE] Group:1 Prob:0.36183 Alpha:0.50222
[MOE_TRACE] Group:2 Prob:0.82996 Alpha:0.50096
[MOE_TRACE] Group:0 Prob:0.83233 Alpha:0.50054[MOE_TRACE] Group:0 Prob:0.83233 Alpha:0.50054

[MOE_TRACE] Group:1 Prob:0.35981 Alpha:0.50223
[MOE_TRACE] Group:1 Prob:0.35981 Alpha:0.50223
[MOE_TRACE] Group:2 Prob:0.82681 Alpha:0.50096
[MOE_TRACE] Group:2 Prob:0.82681 Alpha:0.50096
[MOE_TRACE] Group:0 Prob:0.83233 Alpha:0.50054
[MOE_TRACE] Group:1 Prob:0.35981 Alpha:0.50223
[MOE_TRACE] Group:2 Prob:0.82681 Alpha:0.50096
[MOE_TRACE] Group:0 Prob:0.83233 Alpha:0.50054
[MOE_TRACE] Group:1 Prob:0.35981 Alpha:0.50223
[MOE_TRACE] Group:2 Prob:0.82681 Alpha:0.50096
[MOE_TRACE] Group:0 Prob:0.83264 Alpha:0.50054
[MOE_TRACE] Group:1 Prob:0.35883 Alpha:0.50223
[MOE_TRACE] Group:2 Prob:0.83102 Alpha:0.50096
[MOE_TRACE] Group:0 Prob:0.83264 Alpha:0.50054
[MOE_TRACE] Group:1 Prob:0.35883 Alpha:0.50223
[MOE_TRACE] Group:2 Prob:0.82443 Alpha:0.50096
[MOE_TRACE] Group:0 Prob:0.83264 Alpha:0.50054
[MOE_TRACE] Group:1 Prob:0.35883 Alpha:0.50223
[MOE_TRACE] Group:2 Prob:0.82443 Alpha:0.50096
[MOE_TRACE] Group:0 Prob:0.83264 Alpha:0.50054
[MOE_TRACE] Group:1 Prob:0.35883 Alpha:0.50223
[MOE_TRACE] Group:2 Prob:0.82443 Alpha:0.50096
[MOE_TRACE] Group:0 Prob:0.83185 Alpha:0.50054
[MOE_TRACE] Group:1 Prob:0.35255 Alpha:0.50223
[MOE_TRACE] Group:2 Prob:0.82784 Alpha:0.50096
[MOE_TRACE] Group:0 Prob:0.83185 Alpha:0.50054
[MOE_TRACE] Group:1 Prob:0.35255 Alpha:0.50223
[MOE_TRACE] Group:2 Prob:0.82189 Alpha:0.50096
[MOE_TRACE] Group:0 Prob:0.83185 Alpha:0.50054
[MOE_TRACE] Group:1 Prob:0.35255 Alpha:0.50223
[MOE_TRACE] Group:2 Prob:0.82189 Alpha:0.50096
[MOE_TRACE] Group:0 Prob:0.83185 Alpha:0.50054
[MOE_TRACE] Group:1 Prob:0.35255 Alpha:0.50223
[MOE_TRACE] Group:2 Prob:0.82189 Alpha:0.50096
[MOE_TRACE] Group:0 Prob:0.83341 Alpha:0.50054
[MOE_TRACE] Group:1 Prob:0.35939 Alpha:0.50223
[MOE_TRACE] Group:2 Prob:0.82821 Alpha:0.50097
[MOE_TRACE] Group:0 Prob:0.83341 Alpha:0.50054
[MOE_TRACE] Group:0 Prob:0.83341 Alpha:0.50054
[MOE_TRACE] Group:1 Prob:0.35939 Alpha:0.50223
[MOE_TRACE] Group:1 Prob:0.35939 Alpha:0.50223
[MOE_TRACE] Group:2 Prob:0.82821 Alpha:0.50097
[MOE_TRACE] Group:2 Prob:0.82821 Alpha:0.50097
[MOE_TRACE] Group:0 Prob:0.83341 Alpha:0.50054
[MOE_TRACE] Group:1 Prob:0.35939 Alpha:0.50223
[MOE_TRACE] Group:2 Prob:0.82821 Alpha:0.50097
[MOE_TRACE] Group:0 Prob:0.83141 Alpha:0.50054
[MOE_TRACE] Group:1 Prob:0.34766 Alpha:0.50223
[MOE_TRACE] Group:0 Prob:0.83141 Alpha:0.50054[MOE_TRACE] Group:2 Prob:0.82868 Alpha:0.50097

[MOE_TRACE] Group:1 Prob:0.34766 Alpha:0.50223
[MOE_TRACE] Group:2 Prob:0.82868 Alpha:0.50097
[MOE_TRACE] Group:0 Prob:0.83141 Alpha:0.50054
[MOE_TRACE] Group:1 Prob:0.34766 Alpha:0.50223
[MOE_TRACE] Group:2 Prob:0.82868 Alpha:0.50097
[MOE_TRACE] Group:0 Prob:0.83141 Alpha:0.50054
[MOE_TRACE] Group:1 Prob:0.34766 Alpha:0.50223
[MOE_TRACE] Group:2 Prob:0.82868 Alpha:0.50097
[MOE_TRACE] Group:0 Prob:0.83164 Alpha:0.50055
[MOE_TRACE] Group:0 Prob:0.83164 Alpha:0.50055
[MOE_TRACE] Group:1 Prob:0.36654 Alpha:0.50223
[MOE_TRACE] Group:1 Prob:0.36654 Alpha:0.50223
[MOE_TRACE] Group:2 Prob:0.82315 Alpha:0.50097
[MOE_TRACE] Group:2 Prob:0.82315 Alpha:0.50097
[MOE_TRACE] Group:0 Prob:0.83164 Alpha:0.50055
[MOE_TRACE] Group:1 Prob:0.36654 Alpha:0.50223
[MOE_TRACE] Group:2 Prob:0.82315 Alpha:0.50097
[MOE_TRACE] Group:0 Prob:0.83164 Alpha:0.50055
[MOE_TRACE] Group:1 Prob:0.36654 Alpha:0.50223
[MOE_TRACE] Group:2 Prob:0.82315 Alpha:0.50097
[MOE_TRACE] Group:0 Prob:0.83382 Alpha:0.50055
[MOE_TRACE] Group:1 Prob:0.35471 Alpha:0.50223
[MOE_TRACE] Group:2 Prob:0.82352 Alpha:0.50097
[MOE_TRACE] Group:0 Prob:0.83382 Alpha:0.50055
[MOE_TRACE] Group:1 Prob:0.35471 Alpha:0.50223
[MOE_TRACE] Group:2 Prob:0.82352 Alpha:0.50097
[MOE_TRACE] Group:0 Prob:0.83382 Alpha:0.50055
[MOE_TRACE] Group:1 Prob:0.35471 Alpha:0.50223
[MOE_TRACE] Group:2 Prob:0.82352 Alpha:0.50097
[MOE_TRACE] Group:0 Prob:0.83382 Alpha:0.50055
[MOE_TRACE] Group:1 Prob:0.35471 Alpha:0.50223
[MOE_TRACE] Group:2 Prob:0.82352 Alpha:0.50097
[MOE_TRACE] Group:0 Prob:0.84117 Alpha:0.50055
[MOE_TRACE] Group:1 Prob:0.35924 Alpha:0.50224
[MOE_TRACE] Group:2 Prob:0.82546 Alpha:0.50097
[MOE_TRACE] Group:0 Prob:0.84117 Alpha:0.50055
[MOE_TRACE] Group:1 Prob:0.35924 Alpha:0.50224
[MOE_TRACE] Group:2 Prob:0.82546 Alpha:0.50097
[MOE_TRACE] Group:0 Prob:0.84117 Alpha:0.50055
[MOE_TRACE] Group:1 Prob:0.35924 Alpha:0.50224
[MOE_TRACE] Group:2 Prob:0.82546 Alpha:0.50097
[MOE_TRACE] Group:0 Prob:0.84117 Alpha:0.50055
[MOE_TRACE] Group:1 Prob:0.35924 Alpha:0.50224
[MOE_TRACE] Group:2 Prob:0.82546 Alpha:0.50097
[MOE_TRACE] Group:0 Prob:0.83307 Alpha:0.50055
[MOE_TRACE] Group:1 Prob:0.35831 Alpha:0.50224
[MOE_TRACE] Group:2 Prob:0.82968 Alpha:0.50097
[MOE_TRACE] Group:0 Prob:0.83307 Alpha:0.50055
[MOE_TRACE] Group:1 Prob:0.35831 Alpha:0.50224
[MOE_TRACE] Group:2 Prob:0.81960 Alpha:0.50097
[MOE_TRACE] Group:0 Prob:0.83307 Alpha:0.50055
[MOE_TRACE] Group:1 Prob:0.35831 Alpha:0.50224
[MOE_TRACE] Group:2 Prob:0.81960 Alpha:0.50097
[MOE_TRACE] Group:0 Prob:0.83307 Alpha:0.50055
[MOE_TRACE] Group:1 Prob:0.35831 Alpha:0.50224
[MOE_TRACE] Group:2 Prob:0.81960 Alpha:0.50097
[MOE_TRACE] Group:0 Prob:0.83123 Alpha:0.50055
[MOE_TRACE] Group:1 Prob:0.35196 Alpha:0.50224
[MOE_TRACE] Group:2 Prob:0.81894 Alpha:0.50097
[MOE_TRACE] Group:0 Prob:0.83123 Alpha:0.50055
[MOE_TRACE] Group:1 Prob:0.35196 Alpha:0.50224
[MOE_TRACE] Group:2 Prob:0.81894 Alpha:0.50097
[MOE_TRACE] Group:0 Prob:0.83123 Alpha:0.50055
[MOE_TRACE] Group:1 Prob:0.35196 Alpha:0.50224
[MOE_TRACE] Group:2 Prob:0.81894 Alpha:0.50097
[MOE_TRACE] Group:0 Prob:0.83123 Alpha:0.50055
[MOE_TRACE] Group:1 Prob:0.35196 Alpha:0.50224
[MOE_TRACE] Group:2 Prob:0.81894 Alpha:0.50097
[MOE_TRACE] Group:0 Prob:0.82553 Alpha:0.50055
[MOE_TRACE] Group:1 Prob:0.35216 Alpha:0.50224
[MOE_TRACE] Group:2 Prob:0.82767 Alpha:0.50097
[MOE_TRACE] Group:0 Prob:0.82553 Alpha:0.50055
[MOE_TRACE] Group:1 Prob:0.35216 Alpha:0.50224
[MOE_TRACE] Group:2 Prob:0.82767 Alpha:0.50097
[MOE_TRACE] Group:0 Prob:0.82553 Alpha:0.50055
[MOE_TRACE] Group:1 Prob:0.35216 Alpha:0.50224
[MOE_TRACE] Group:2 Prob:0.82767 Alpha:0.50097
[MOE_TRACE] Group:0 Prob:0.82553 Alpha:0.50055
[MOE_TRACE] Group:1 Prob:0.35216 Alpha:0.50224
[MOE_TRACE] Group:2 Prob:0.82767 Alpha:0.50097
[MOE_TRACE] Group:0 Prob:0.84098 Alpha:0.50055
[MOE_TRACE] Group:1 Prob:0.35895 Alpha:0.50224
[MOE_TRACE] Group:2 Prob:0.82788 Alpha:0.50097
[MOE_TRACE] Group:0 Prob:0.84098 Alpha:0.50055
[MOE_TRACE] Group:1 Prob:0.35895 Alpha:0.50224
[MOE_TRACE] Group:2 Prob:0.83078 Alpha:0.50097
[MOE_TRACE] Group:0 Prob:0.84098 Alpha:0.50055
[MOE_TRACE] Group:1 Prob:0.35895 Alpha:0.50224
[MOE_TRACE] Group:2 Prob:0.83078 Alpha:0.50097
[MOE_TRACE] Group:0 Prob:0.84098 Alpha:0.50055
[MOE_TRACE] Group:1 Prob:0.35895 Alpha:0.50224
[MOE_TRACE] Group:2 Prob:0.83078 Alpha:0.50097
[MOE_TRACE] Group:0 Prob:0.82543 Alpha:0.50055[MOE_TRACE] Group:0 Prob:0.82543 Alpha:0.50055

[MOE_TRACE] Group:1 Prob:0.35065 Alpha:0.50224[MOE_TRACE] Group:1 Prob:0.35065 Alpha:0.50224

[MOE_TRACE] Group:2 Prob:0.82258 Alpha:0.50097[MOE_TRACE] Group:2 Prob:0.82258 Alpha:0.50097

[MOE_TRACE] Group:0 Prob:0.82543 Alpha:0.50055
[MOE_TRACE] Group:1 Prob:0.35065 Alpha:0.50224
[MOE_TRACE] Group:2 Prob:0.82258 Alpha:0.50097
[MOE_TRACE] Group:0 Prob:0.82543 Alpha:0.50055
[MOE_TRACE] Group:1 Prob:0.35065 Alpha:0.50224
[MOE_TRACE] Group:2 Prob:0.82258 Alpha:0.50097
[MOE_TRACE] Group:0 Prob:0.82405 Alpha:0.50055
[MOE_TRACE] Group:1 Prob:0.35818 Alpha:0.50224
[MOE_TRACE] Group:0 Prob:0.82405 Alpha:0.50055
[MOE_TRACE] Group:2 Prob:0.82454 Alpha:0.50097
[MOE_TRACE] Group:1 Prob:0.35818 Alpha:0.50224
[MOE_TRACE] Group:2 Prob:0.82454 Alpha:0.50097
[MOE_TRACE] Group:0 Prob:0.82405 Alpha:0.50055
[MOE_TRACE] Group:1 Prob:0.35818 Alpha:0.50224
[MOE_TRACE] Group:2 Prob:0.82454 Alpha:0.50097
[MOE_TRACE] Group:0 Prob:0.82405 Alpha:0.50055
[MOE_TRACE] Group:1 Prob:0.35818 Alpha:0.50224
[MOE_TRACE] Group:2 Prob:0.82454 Alpha:0.50097
[MOE_TRACE] Group:0 Prob:0.82429 Alpha:0.50055
[MOE_TRACE] Group:1 Prob:0.36717 Alpha:0.50225
[MOE_TRACE] Group:2 Prob:0.82162 Alpha:0.50097
[MOE_TRACE] Group:0 Prob:0.82429 Alpha:0.50055
[MOE_TRACE] Group:1 Prob:0.36717 Alpha:0.50225
[MOE_TRACE] Group:2 Prob:0.82162 Alpha:0.50097
[MOE_TRACE] Group:0 Prob:0.82429 Alpha:0.50055
[MOE_TRACE] Group:1 Prob:0.36717 Alpha:0.50225
[MOE_TRACE] Group:2 Prob:0.82162 Alpha:0.50097
[MOE_TRACE] Group:0 Prob:0.82429 Alpha:0.50055
[MOE_TRACE] Group:1 Prob:0.36717 Alpha:0.50225
[MOE_TRACE] Group:2 Prob:0.82162 Alpha:0.50097
[MOE_TRACE] Group:0 Prob:0.82581 Alpha:0.50055
[MOE_TRACE] Group:0 Prob:0.82581 Alpha:0.50055
[MOE_TRACE] Group:2 Prob:0.82654 Alpha:0.50097
[MOE_TRACE] Group:2 Prob:0.82654 Alpha:0.50097
[MOE_TRACE] Group:0 Prob:0.82581 Alpha:0.50055
[MOE_TRACE] Group:1 Prob:0.34810 Alpha:0.50225
[MOE_TRACE] Group:2 Prob:0.82654 Alpha:0.50097
[MOE_TRACE] Group:0 Prob:0.82581 Alpha:0.50055
[MOE_TRACE] Group:1 Prob:0.34810 Alpha:0.50225
[MOE_TRACE] Group:2 Prob:0.82421 Alpha:0.50097
[MOE_TRACE] Group:0 Prob:0.82209 Alpha:0.50055
[MOE_TRACE] Group:0 Prob:0.82209 Alpha:0.50055
[MOE_TRACE] Group:0 Prob:0.82209 Alpha:0.50055
[MOE_TRACE] Group:1 Prob:0.36481 Alpha:0.50225
[MOE_TRACE] Group:2 Prob:0.82480 Alpha:0.50097
[MOE_TRACE] Group:0 Prob:0.82209 Alpha:0.50055
[MOE_TRACE] Group:1 Prob:0.36481 Alpha:0.50225
[MOE_TRACE] Group:2 Prob:0.82480 Alpha:0.50097
[MOE_TRACE] Group:0 Prob:0.83737 Alpha:0.50055
[MOE_TRACE] Group:1 Prob:0.35722 Alpha:0.50225
[MOE_TRACE] Group:2 Prob:0.83066 Alpha:0.50097
[MOE_TRACE] Group:0 Prob:0.83737 Alpha:0.50055
[MOE_TRACE] Group:1 Prob:0.35722 Alpha:0.50225
[MOE_TRACE] Group:2 Prob:0.83343 Alpha:0.50097
[MOE_TRACE] Group:0 Prob:0.83737 Alpha:0.50055
[MOE_TRACE] Group:1 Prob:0.35722 Alpha:0.50225
[MOE_TRACE] Group:2 Prob:0.83343 Alpha:0.50097
[MOE_TRACE] Group:0 Prob:0.83737 Alpha:0.50055
[MOE_TRACE] Group:1 Prob:0.35722 Alpha:0.50225
[MOE_TRACE] Group:2 Prob:0.83343 Alpha:0.50097
[MOE_TRACE] Group:0 Prob:0.82080 Alpha:0.50055
[MOE_TRACE] Group:1 Prob:0.34677 Alpha:0.50225
[MOE_TRACE] Group:2 Prob:0.82585 Alpha:0.50097
[MOE_TRACE] Group:0 Prob:0.82080 Alpha:0.50055
[MOE_TRACE] Group:0 Prob:0.82080 Alpha:0.50055
[MOE_TRACE] Group:1 Prob:0.34677 Alpha:0.50225
[MOE_TRACE] Group:0 Prob:0.82080 Alpha:0.50055
[MOE_TRACE] Group:1 Prob:0.34677 Alpha:0.50225
[MOE_TRACE] Group:2 Prob:0.82377 Alpha:0.50097
[MOE_TRACE] Group:2 Prob:0.82377 Alpha:0.50097
[MOE_TRACE] Group:1 Prob:0.34677 Alpha:0.50225
[MOE_TRACE] Group:2 Prob:0.82377 Alpha:0.50097
[MOE_TRACE] Group:0 Prob:0.82677 Alpha:0.50055
[MOE_TRACE] Group:1 Prob:0.36525 Alpha:0.50225
[MOE_TRACE] Group:2 Prob:0.83346 Alpha:0.50097
[MOE_TRACE] Group:0 Prob:0.82677 Alpha:0.50055
[MOE_TRACE] Group:1 Prob:0.36525 Alpha:0.50225
[MOE_TRACE] Group:2 Prob:0.83346 Alpha:0.50097
[MOE_TRACE] Group:0 Prob:0.82677 Alpha:0.50055
[MOE_TRACE] Group:1 Prob:0.36525 Alpha:0.50225
[MOE_TRACE] Group:2 Prob:0.83346 Alpha:0.50097
[MOE_TRACE] Group:0 Prob:0.82677 Alpha:0.50055
[MOE_TRACE] Group:1 Prob:0.36525 Alpha:0.50225
[MOE_TRACE] Group:2 Prob:0.83346 Alpha:0.50097
[MOE_TRACE] Group:0 Prob:0.84595 Alpha:0.50055
[MOE_TRACE] Group:1 Prob:0.36055 Alpha:0.50225
[MOE_TRACE] Group:2 Prob:0.82300 Alpha:0.50097
[MOE_TRACE] Group:0 Prob:0.84595 Alpha:0.50055
[MOE_TRACE] Group:1 Prob:0.36055 Alpha:0.50225
[MOE_TRACE] Group:2 Prob:0.82300 Alpha:0.50097
[MOE_TRACE] Group:0 Prob:0.84595 Alpha:0.50055
[MOE_TRACE] Group:1 Prob:0.36055 Alpha:0.50225
[MOE_TRACE] Group:2 Prob:0.82300 Alpha:0.50097
[MOE_TRACE] Group:0 Prob:0.84595 Alpha:0.50055
[MOE_TRACE] Group:1 Prob:0.36055 Alpha:0.50225
[MOE_TRACE] Group:2 Prob:0.82300 Alpha:0.50097
[MOE_TRACE] Group:0 Prob:0.82417 Alpha:0.50055[MOE_TRACE] Group:0 Prob:0.82417 Alpha:0.50055

[MOE_TRACE] Group:1 Prob:0.36001 Alpha:0.50225
[MOE_TRACE] Group:1 Prob:0.36001 Alpha:0.50225
[MOE_TRACE] Group:2 Prob:0.82457 Alpha:0.50097[MOE_TRACE] Group:2 Prob:0.82457 Alpha:0.50097

[MOE_TRACE] Group:0 Prob:0.82417 Alpha:0.50055
[MOE_TRACE] Group:1 Prob:0.36001 Alpha:0.50225
[MOE_TRACE] Group:2 Prob:0.82457 Alpha:0.50097
[MOE_TRACE] Group:0 Prob:0.82417 Alpha:0.50055
[MOE_TRACE] Group:1 Prob:0.36001 Alpha:0.50225
[MOE_TRACE] Group:2 Prob:0.82457 Alpha:0.50097
[MOE_TRACE] Group:0 Prob:0.84516 Alpha:0.50056
[MOE_TRACE] Group:1 Prob:0.35689 Alpha:0.50225
[MOE_TRACE] Group:2 Prob:0.81717 Alpha:0.50097
[MOE_TRACE] Group:0 Prob:0.84516 Alpha:0.50056
[MOE_TRACE] Group:1 Prob:0.35689 Alpha:0.50225
[MOE_TRACE] Group:2 Prob:0.81717 Alpha:0.50097
[MOE_TRACE] Group:0 Prob:0.84516 Alpha:0.50056
[MOE_TRACE] Group:1 Prob:0.35689 Alpha:0.50225
[MOE_TRACE] Group:2 Prob:0.82839 Alpha:0.50097
[MOE_TRACE] Group:0 Prob:0.84516 Alpha:0.50056
[MOE_TRACE] Group:1 Prob:0.35689 Alpha:0.50225
[MOE_TRACE] Group:2 Prob:0.82839 Alpha:0.50097
[MOE_TRACE] Group:0 Prob:0.81541 Alpha:0.50056
[MOE_TRACE] Group:1 Prob:0.35883 Alpha:0.50225
[MOE_TRACE] Group:2 Prob:0.82246 Alpha:0.50097
[MOE_TRACE] Group:0 Prob:0.81541 Alpha:0.50056
[MOE_TRACE] Group:1 Prob:0.35883 Alpha:0.50225
[MOE_TRACE] Group:2 Prob:0.82246 Alpha:0.50097
[MOE_TRACE] Group:0 Prob:0.81541 Alpha:0.50056
[MOE_TRACE] Group:1 Prob:0.35883 Alpha:0.50225
[MOE_TRACE] Group:2 Prob:0.82246 Alpha:0.50097
[MOE_TRACE] Group:0 Prob:0.81541 Alpha:0.50056
[MOE_TRACE] Group:1 Prob:0.35883 Alpha:0.50225
[MOE_TRACE] Group:2 Prob:0.82246 Alpha:0.50097
[MOE_TRACE] Group:0 Prob:0.83423 Alpha:0.50056
[MOE_TRACE] Group:1 Prob:0.35240 Alpha:0.50225
[MOE_TRACE] Group:2 Prob:0.82947 Alpha:0.50097
[MOE_TRACE] Group:0 Prob:0.83423 Alpha:0.50056
[MOE_TRACE] Group:1 Prob:0.35240 Alpha:0.50225
[MOE_TRACE] Group:2 Prob:0.82947 Alpha:0.50097
[MOE_TRACE] Group:0 Prob:0.83423 Alpha:0.50056
[MOE_TRACE] Group:1 Prob:0.35240 Alpha:0.50225
[MOE_TRACE] Group:2 Prob:0.82947 Alpha:0.50097
[MOE_TRACE] Group:0 Prob:0.83423 Alpha:0.50056
[MOE_TRACE] Group:1 Prob:0.35240 Alpha:0.50225
[MOE_TRACE] Group:2 Prob:0.82947 Alpha:0.50097
[MOE_TRACE] Group:0 Prob:0.83009 Alpha:0.50056
[MOE_TRACE] Group:0 Prob:0.83009 Alpha:0.50056
[MOE_TRACE] Group:1 Prob:0.35319 Alpha:0.50226
[MOE_TRACE] Group:1 Prob:0.35319 Alpha:0.50226
[MOE_TRACE] Group:2 Prob:0.82563 Alpha:0.50097
[MOE_TRACE] Group:2 Prob:0.82563 Alpha:0.50097
[MOE_TRACE] Group:0 Prob:0.83009 Alpha:0.50056
[MOE_TRACE] Group:1 Prob:0.35319 Alpha:0.50226
[MOE_TRACE] Group:2 Prob:0.82563 Alpha:0.50097
[MOE_TRACE] Group:0 Prob:0.83009 Alpha:0.50056
[MOE_TRACE] Group:1 Prob:0.35319 Alpha:0.50226
[MOE_TRACE] Group:2 Prob:0.82563 Alpha:0.50097
[MOE_TRACE] Group:0 Prob:0.81496 Alpha:0.50056[MOE_TRACE] Group:0 Prob:0.81496 Alpha:0.50056[MOE_TRACE] Group:0 Prob:0.81496 Alpha:0.50056


[MOE_TRACE] Group:1 Prob:0.35100 Alpha:0.50226[MOE_TRACE] Group:1 Prob:0.35100 Alpha:0.50226

[MOE_TRACE] Group:1 Prob:0.35100 Alpha:0.50226
[MOE_TRACE] Group:2 Prob:0.83142 Alpha:0.50097
[MOE_TRACE] Group:2 Prob:0.83142 Alpha:0.50097
[MOE_TRACE] Group:2 Prob:0.83142 Alpha:0.50097
[MOE_TRACE] Group:0 Prob:0.81496 Alpha:0.50056
[MOE_TRACE] Group:1 Prob:0.35100 Alpha:0.50226
[MOE_TRACE] Group:2 Prob:0.83142 Alpha:0.50097
[MOE_TRACE] Group:0 Prob:0.83484 Alpha:0.50056
[MOE_TRACE] Group:1 Prob:0.34963 Alpha:0.50226
[MOE_TRACE] Group:2 Prob:0.82684 Alpha:0.50097
[MOE_TRACE] Group:0 Prob:0.83484 Alpha:0.50056
[MOE_TRACE] Group:1 Prob:0.34963 Alpha:0.50226
[MOE_TRACE] Group:2 Prob:0.82684 Alpha:0.50097
[MOE_TRACE] Group:0 Prob:0.83484 Alpha:0.50056
[MOE_TRACE] Group:1 Prob:0.34963 Alpha:0.50226
[MOE_TRACE] Group:2 Prob:0.82876 Alpha:0.50097
[MOE_TRACE] Group:0 Prob:0.83484 Alpha:0.50056
[MOE_TRACE] Group:1 Prob:0.34963 Alpha:0.50226
[MOE_TRACE] Group:2 Prob:0.82876 Alpha:0.50097
[MOE_TRACE] Group:0 Prob:0.82599 Alpha:0.50056
[MOE_TRACE] Group:1 Prob:0.36036 Alpha:0.50226
[MOE_TRACE] Group:2 Prob:0.82915 Alpha:0.50097
[MOE_TRACE] Group:0 Prob:0.82599 Alpha:0.50056
[MOE_TRACE] Group:1 Prob:0.36036 Alpha:0.50226
[MOE_TRACE] Group:0 Prob:0.82599 Alpha:0.50056
[MOE_TRACE] Group:2 Prob:0.82915 Alpha:0.50097
[MOE_TRACE] Group:1 Prob:0.36036 Alpha:0.50226
[MOE_TRACE] Group:2 Prob:0.82915 Alpha:0.50097
[MOE_TRACE] Group:0 Prob:0.82599 Alpha:0.50056
[MOE_TRACE] Group:1 Prob:0.36036 Alpha:0.50226
[MOE_TRACE] Group:2 Prob:0.82915 Alpha:0.50097
[MOE_TRACE] Group:0 Prob:0.83221 Alpha:0.50056
[MOE_TRACE] Group:0 Prob:0.83221 Alpha:0.50056
[MOE_TRACE] Group:1 Prob:0.35620 Alpha:0.50226
[MOE_TRACE] Group:2 Prob:0.82224 Alpha:0.50097
[MOE_TRACE] Group:1 Prob:0.35620 Alpha:0.50226
[MOE_TRACE] Group:2 Prob:0.82224 Alpha:0.50097
[MOE_TRACE] Group:0 Prob:0.83221 Alpha:0.50056
[MOE_TRACE] Group:1 Prob:0.35620 Alpha:0.50226
[MOE_TRACE] Group:2 Prob:0.82224 Alpha:0.50097
[MOE_TRACE] Group:0 Prob:0.83221 Alpha:0.50056
[MOE_TRACE] Group:1 Prob:0.35620 Alpha:0.50226
[MOE_TRACE] Group:2 Prob:0.82224 Alpha:0.50097
[MOE_TRACE] Group:0 Prob:0.83204 Alpha:0.50056
[MOE_TRACE] Group:1 Prob:0.35203 Alpha:0.50226
[MOE_TRACE] Group:2 Prob:0.82835 Alpha:0.50097
[MOE_TRACE] Group:0 Prob:0.83204 Alpha:0.50056
[MOE_TRACE] Group:1 Prob:0.35203 Alpha:0.50226
[MOE_TRACE] Group:2 Prob:0.82835 Alpha:0.50097
[MOE_TRACE] Group:0 Prob:0.83204 Alpha:0.50056
[MOE_TRACE] Group:1 Prob:0.35203 Alpha:0.50226
[MOE_TRACE] Group:2 Prob:0.82835 Alpha:0.50097
[MOE_TRACE] Group:0 Prob:0.83204 Alpha:0.50056
[MOE_TRACE] Group:1 Prob:0.35203 Alpha:0.50226
[MOE_TRACE] Group:2 Prob:0.82835 Alpha:0.50097
[MOE_TRACE] Group:0 Prob:0.82103 Alpha:0.50056
[MOE_TRACE] Group:0 Prob:0.82103 Alpha:0.50056
[MOE_TRACE] Group:1 Prob:0.35532 Alpha:0.50226
[MOE_TRACE] Group:0 Prob:0.82103 Alpha:0.50056
[MOE_TRACE] Group:1 Prob:0.35532 Alpha:0.50226
[MOE_TRACE] Group:1 Prob:0.35532 Alpha:0.50226
[MOE_TRACE] Group:0 Prob:0.82103 Alpha:0.50056
[MOE_TRACE] Group:1 Prob:0.35532 Alpha:0.50226
[MOE_TRACE] Group:2 Prob:0.82175 Alpha:0.50097
[MOE_TRACE] Group:0 Prob:0.82924 Alpha:0.50056
[MOE_TRACE] Group:0 Prob:0.82924 Alpha:0.50056[MOE_TRACE] Group:1 Prob:0.36159 Alpha:0.50226

[MOE_TRACE] Group:1 Prob:0.36159 Alpha:0.50226
[MOE_TRACE] Group:0 Prob:0.82924 Alpha:0.50056
[MOE_TRACE] Group:2 Prob:0.82508 Alpha:0.50097
[MOE_TRACE] Group:2 Prob:0.82508 Alpha:0.50097
[MOE_TRACE] Group:1 Prob:0.36159 Alpha:0.50226
[MOE_TRACE] Group:2 Prob:0.82508 Alpha:0.50097
[MOE_TRACE] Group:0 Prob:0.82924 Alpha:0.50056
[MOE_TRACE] Group:1 Prob:0.36159 Alpha:0.50226
[MOE_TRACE] Group:2 Prob:0.82266 Alpha:0.50097
[MOE_TRACE] Group:0 Prob:0.82942 Alpha:0.50056
[MOE_TRACE] Group:0 Prob:0.82942 Alpha:0.50056
[MOE_TRACE] Group:1 Prob:0.35234 Alpha:0.50226
[MOE_TRACE] Group:2 Prob:0.82308 Alpha:0.50097
[MOE_TRACE] Group:1 Prob:0.35234 Alpha:0.50226
[MOE_TRACE] Group:2 Prob:0.82308 Alpha:0.50097
[MOE_TRACE] Group:0 Prob:0.82942 Alpha:0.50056
[MOE_TRACE] Group:1 Prob:0.35234 Alpha:0.50226
[MOE_TRACE] Group:2 Prob:0.82308 Alpha:0.50097
[MOE_TRACE] Group:0 Prob:0.82942 Alpha:0.50056
[MOE_TRACE] Group:1 Prob:0.35234 Alpha:0.50226
[MOE_TRACE] Group:2 Prob:0.82308 Alpha:0.50097
[MOE_TRACE] Group:0 Prob:0.81290 Alpha:0.50056
[MOE_TRACE] Group:1 Prob:0.35610 Alpha:0.50226
[MOE_TRACE] Group:2 Prob:0.82320 Alpha:0.50097
[MOE_TRACE] Group:0 Prob:0.81290 Alpha:0.50056
[MOE_TRACE] Group:1 Prob:0.35610 Alpha:0.50226
[MOE_TRACE] Group:2 Prob:0.82320 Alpha:0.50097
[MOE_TRACE] Group:0 Prob:0.81290 Alpha:0.50056
[MOE_TRACE] Group:1 Prob:0.35610 Alpha:0.50226
[MOE_TRACE] Group:2 Prob:0.82320 Alpha:0.50097
[MOE_TRACE] Group:0 Prob:0.81290 Alpha:0.50056
[MOE_TRACE] Group:1 Prob:0.35610 Alpha:0.50226
[MOE_TRACE] Group:2 Prob:0.82320 Alpha:0.50097
[MOE_TRACE] Group:0 Prob:0.83785 Alpha:0.50056
[MOE_TRACE] Group:1 Prob:0.35149 Alpha:0.50226
[MOE_TRACE] Group:2 Prob:0.81707 Alpha:0.50097
[MOE_TRACE] Group:0 Prob:0.83785 Alpha:0.50056
[MOE_TRACE] Group:1 Prob:0.35149 Alpha:0.50226
[MOE_TRACE] Group:2 Prob:0.81707 Alpha:0.50097
[MOE_TRACE] Group:0 Prob:0.83785 Alpha:0.50056
[MOE_TRACE] Group:1 Prob:0.35149 Alpha:0.50226
[MOE_TRACE] Group:2 Prob:0.81707 Alpha:0.50097
[MOE_TRACE] Group:0 Prob:0.83785 Alpha:0.50056
[MOE_TRACE] Group:1 Prob:0.35149 Alpha:0.50226
[MOE_TRACE] Group:2 Prob:0.81707 Alpha:0.50097
[MOE_TRACE] Group:0 Prob:0.83453 Alpha:0.50056
[MOE_TRACE] Group:1 Prob:0.36717 Alpha:0.50226
[MOE_TRACE] Group:2 Prob:0.82193 Alpha:0.50097
[MOE_TRACE] Group:0 Prob:0.83453 Alpha:0.50056
[MOE_TRACE] Group:1 Prob:0.36717 Alpha:0.50226
[MOE_TRACE] Group:2 Prob:0.82193 Alpha:0.50097
[MOE_TRACE] Group:0 Prob:0.83453 Alpha:0.50056
[MOE_TRACE] Group:1 Prob:0.36717 Alpha:0.50226
[MOE_TRACE] Group:2 Prob:0.82742 Alpha:0.50097
[MOE_TRACE] Group:0 Prob:0.83453 Alpha:0.50056
[MOE_TRACE] Group:1 Prob:0.36717 Alpha:0.50226
[MOE_TRACE] Group:2 Prob:0.82742 Alpha:0.50097
[MOE_TRACE] Group:0 Prob:0.82260 Alpha:0.50056
[MOE_TRACE] Group:1 Prob:0.34987 Alpha:0.50226
[MOE_TRACE] Group:2 Prob:0.82329 Alpha:0.50097
[MOE_TRACE] Group:0 Prob:0.82260 Alpha:0.50056
[MOE_TRACE] Group:1 Prob:0.34987 Alpha:0.50226
[MOE_TRACE] Group:2 Prob:0.82695 Alpha:0.50097
[MOE_TRACE] Group:0 Prob:0.82260 Alpha:0.50056
[MOE_TRACE] Group:1 Prob:0.34987 Alpha:0.50226
[MOE_TRACE] Group:2 Prob:0.82695 Alpha:0.50097
[MOE_TRACE] Group:0 Prob:0.82260 Alpha:0.50056
[MOE_TRACE] Group:1 Prob:0.34987 Alpha:0.50226
[MOE_TRACE] Group:2 Prob:0.82695 Alpha:0.50097
[MOE_TRACE] Group:0 Prob:0.81211 Alpha:0.50056
[MOE_TRACE] Group:1 Prob:0.35055 Alpha:0.50226
[MOE_TRACE] Group:2 Prob:0.82705 Alpha:0.50097
[MOE_TRACE] Group:0 Prob:0.81211 Alpha:0.50056
[MOE_TRACE] Group:1 Prob:0.35055 Alpha:0.50226
[MOE_TRACE] Group:2 Prob:0.82705 Alpha:0.50097
[MOE_TRACE] Group:0 Prob:0.81211 Alpha:0.50056
[MOE_TRACE] Group:1 Prob:0.35055 Alpha:0.50226
[MOE_TRACE] Group:2 Prob:0.82705 Alpha:0.50097
[MOE_TRACE] Group:0 Prob:0.81211 Alpha:0.50056
[MOE_TRACE] Group:1 Prob:0.35055 Alpha:0.50226
[MOE_TRACE] Group:2 Prob:0.82705 Alpha:0.50097
[MOE_TRACE] Group:0 Prob:0.82122 Alpha:0.50056
[MOE_TRACE] Group:1 Prob:0.34812 Alpha:0.50226
[MOE_TRACE] Group:2 Prob:0.82683 Alpha:0.50097
[MOE_TRACE] Group:0 Prob:0.82122 Alpha:0.50056
[MOE_TRACE] Group:1 Prob:0.34812 Alpha:0.50226
[MOE_TRACE] Group:2 Prob:0.82683 Alpha:0.50097
[MOE_TRACE] Group:0 Prob:0.82122 Alpha:0.50056
[MOE_TRACE] Group:1 Prob:0.34812 Alpha:0.50226
[MOE_TRACE] Group:2 Prob:0.82732 Alpha:0.50097
[MOE_TRACE] Group:0 Prob:0.82122 Alpha:0.50056
[MOE_TRACE] Group:1 Prob:0.34812 Alpha:0.50226
[MOE_TRACE] Group:2 Prob:0.82732 Alpha:0.50097
[MOE_TRACE] Group:0 Prob:0.81411 Alpha:0.50056
[MOE_TRACE] Group:1 Prob:0.35623 Alpha:0.50226
[MOE_TRACE] Group:2 Prob:0.82095 Alpha:0.50097
[MOE_TRACE] Group:0 Prob:0.81411 Alpha:0.50056
[MOE_TRACE] Group:1 Prob:0.35623 Alpha:0.50226
[MOE_TRACE] Group:2 Prob:0.82095 Alpha:0.50097
[MOE_TRACE] Group:0 Prob:0.81411 Alpha:0.50056
[MOE_TRACE] Group:1 Prob:0.35623 Alpha:0.50226
[MOE_TRACE] Group:2 Prob:0.82095 Alpha:0.50097
[MOE_TRACE] Group:0 Prob:0.81411 Alpha:0.50056
[MOE_TRACE] Group:1 Prob:0.35623 Alpha:0.50226
[MOE_TRACE] Group:2 Prob:0.82095 Alpha:0.50097
[MOE_TRACE] Group:0 Prob:0.83160 Alpha:0.50056
[MOE_TRACE] Group:1 Prob:0.33825 Alpha:0.50226
[MOE_TRACE] Group:0 Prob:0.83160 Alpha:0.50056
[MOE_TRACE] Group:1 Prob:0.33825 Alpha:0.50226
[MOE_TRACE] Group:0 Prob:0.83160 Alpha:0.50056
[MOE_TRACE] Group:1 Prob:0.33825 Alpha:0.50226
[MOE_TRACE] Group:2 Prob:0.82560 Alpha:0.50097
[MOE_TRACE] Group:0 Prob:0.83477 Alpha:0.50056
[MOE_TRACE] Group:1 Prob:0.36069 Alpha:0.50227
[MOE_TRACE] Group:2 Prob:0.82911 Alpha:0.50097
[MOE_TRACE] Group:0 Prob:0.83477 Alpha:0.50056
[MOE_TRACE] Group:0 Prob:0.83477 Alpha:0.50056
[MOE_TRACE] Group:0 Prob:0.83477 Alpha:0.50056
[MOE_TRACE] Group:1 Prob:0.36069 Alpha:0.50227[MOE_TRACE] Group:1 Prob:0.36069 Alpha:0.50227

[MOE_TRACE] Group:1 Prob:0.36069 Alpha:0.50227
[MOE_TRACE] Group:2 Prob:0.82911 Alpha:0.50097
[MOE_TRACE] Group:2 Prob:0.82911 Alpha:0.50097
[MOE_TRACE] Group:2 Prob:0.82911 Alpha:0.50097
[MOE_TRACE] Group:0 Prob:0.84128 Alpha:0.50056
[MOE_TRACE] Group:1 Prob:0.35800 Alpha:0.50227
[MOE_TRACE] Group:2 Prob:0.82730 Alpha:0.50097
[MOE_TRACE] Group:0 Prob:0.84128 Alpha:0.50056
[MOE_TRACE] Group:1 Prob:0.35800 Alpha:0.50227
[MOE_TRACE] Group:2 Prob:0.82730 Alpha:0.50097
[MOE_TRACE] Group:0 Prob:0.84128 Alpha:0.50056
[MOE_TRACE] Group:1 Prob:0.35800 Alpha:0.50227
[MOE_TRACE] Group:2 Prob:0.82730 Alpha:0.50097
[MOE_TRACE] Group:0 Prob:0.84128 Alpha:0.50056
[MOE_TRACE] Group:1 Prob:0.35800 Alpha:0.50227
[MOE_TRACE] Group:2 Prob:0.82730 Alpha:0.50097
[MOE_TRACE] Group:0 Prob:0.82394 Alpha:0.50056
[MOE_TRACE] Group:1 Prob:0.34834 Alpha:0.50227
[MOE_TRACE] Group:2 Prob:0.82670 Alpha:0.50097
[MOE_TRACE] Group:0 Prob:0.82394 Alpha:0.50056
[MOE_TRACE] Group:1 Prob:0.34834 Alpha:0.50227
[MOE_TRACE] Group:2 Prob:0.82520 Alpha:0.50097
[MOE_TRACE] Group:0 Prob:0.82394 Alpha:0.50056
[MOE_TRACE] Group:1 Prob:0.34834 Alpha:0.50227
[MOE_TRACE] Group:2 Prob:0.82520 Alpha:0.50097
[MOE_TRACE] Group:0 Prob:0.82394 Alpha:0.50056
[MOE_TRACE] Group:1 Prob:0.34834 Alpha:0.50227
[MOE_TRACE] Group:2 Prob:0.82520 Alpha:0.50097
[MOE_TRACE] Group:0 Prob:0.81466 Alpha:0.50056
[MOE_TRACE] Group:1 Prob:0.36149 Alpha:0.50227
[MOE_TRACE] Group:2 Prob:0.83125 Alpha:0.50097
[MOE_TRACE] Group:0 Prob:0.81466 Alpha:0.50056
[MOE_TRACE] Group:1 Prob:0.36149 Alpha:0.50227
[MOE_TRACE] Group:2 Prob:0.82409 Alpha:0.50097
[MOE_TRACE] Group:0 Prob:0.81466 Alpha:0.50056
[MOE_TRACE] Group:1 Prob:0.36149 Alpha:0.50227
[MOE_TRACE] Group:2 Prob:0.82409 Alpha:0.50097
[MOE_TRACE] Group:0 Prob:0.81466 Alpha:0.50056
[MOE_TRACE] Group:1 Prob:0.36149 Alpha:0.50227
[MOE_TRACE] Group:2 Prob:0.82409 Alpha:0.50097
[MOE_TRACE] Group:0 Prob:0.83989 Alpha:0.50056
[MOE_TRACE] Group:0 Prob:0.83989 Alpha:0.50056
[MOE_TRACE] Group:1 Prob:0.34456 Alpha:0.50227
[MOE_TRACE] Group:1 Prob:0.34456 Alpha:0.50227
[MOE_TRACE] Group:2 Prob:0.82764 Alpha:0.50097[MOE_TRACE] Group:2 Prob:0.82764 Alpha:0.50097

[MOE_TRACE] Group:0 Prob:0.83989 Alpha:0.50056
[MOE_TRACE] Group:1 Prob:0.34456 Alpha:0.50227
[MOE_TRACE] Group:2 Prob:0.82764 Alpha:0.50097
[MOE_TRACE] Group:0 Prob:0.83989 Alpha:0.50056
[MOE_TRACE] Group:1 Prob:0.34456 Alpha:0.50227
[MOE_TRACE] Group:2 Prob:0.82764 Alpha:0.50097
[MOE_TRACE] Group:0 Prob:0.82415 Alpha:0.50056
[MOE_TRACE] Group:1 Prob:0.36085 Alpha:0.50227
[MOE_TRACE] Group:2 Prob:0.82374 Alpha:0.50097
[MOE_TRACE] Group:0 Prob:0.82415 Alpha:0.50056
[MOE_TRACE] Group:1 Prob:0.36085 Alpha:0.50227
[MOE_TRACE] Group:2 Prob:0.82374 Alpha:0.50097
[MOE_TRACE] Group:0 Prob:0.82415 Alpha:0.50056
[MOE_TRACE] Group:1 Prob:0.36085 Alpha:0.50227
[MOE_TRACE] Group:2 Prob:0.82374 Alpha:0.50097
[MOE_TRACE] Group:0 Prob:0.82415 Alpha:0.50056
[MOE_TRACE] Group:1 Prob:0.36085 Alpha:0.50227
[MOE_TRACE] Group:2 Prob:0.82374 Alpha:0.50097
[MOE_TRACE] Group:0 Prob:0.84199 Alpha:0.50056
[MOE_TRACE] Group:1 Prob:0.35705 Alpha:0.50227
[MOE_TRACE] Group:2 Prob:0.82888 Alpha:0.50097
[MOE_TRACE] Group:0 Prob:0.84199 Alpha:0.50056
[MOE_TRACE] Group:1 Prob:0.35705 Alpha:0.50227
[MOE_TRACE] Group:2 Prob:0.83072 Alpha:0.50097
[MOE_TRACE] Group:0 Prob:0.84199 Alpha:0.50056
[MOE_TRACE] Group:1 Prob:0.35705 Alpha:0.50227
[MOE_TRACE] Group:2 Prob:0.83072 Alpha:0.50097
[MOE_TRACE] Group:0 Prob:0.84199 Alpha:0.50056
[MOE_TRACE] Group:1 Prob:0.35705 Alpha:0.50227
[MOE_TRACE] Group:2 Prob:0.83072 Alpha:0.50097
[MOE_TRACE] Group:0 Prob:0.82209 Alpha:0.50056
[MOE_TRACE] Group:1 Prob:0.35640 Alpha:0.50227
[MOE_TRACE] Group:2 Prob:0.82547 Alpha:0.50097
[MOE_TRACE] Group:0 Prob:0.82209 Alpha:0.50056
[MOE_TRACE] Group:1 Prob:0.35640 Alpha:0.50227
[MOE_TRACE] Group:2 Prob:0.82547 Alpha:0.50097
[MOE_TRACE] Group:0 Prob:0.82209 Alpha:0.50056
[MOE_TRACE] Group:1 Prob:0.35640 Alpha:0.50227
[MOE_TRACE] Group:2 Prob:0.82547 Alpha:0.50097
[MOE_TRACE] Group:0 Prob:0.82209 Alpha:0.50056
[MOE_TRACE] Group:1 Prob:0.35640 Alpha:0.50227
[MOE_TRACE] Group:2 Prob:0.82547 Alpha:0.50097
[MOE_TRACE] Group:0 Prob:0.82862 Alpha:0.50056
[MOE_TRACE] Group:0 Prob:0.82862 Alpha:0.50056
[MOE_TRACE] Group:1 Prob:0.34906 Alpha:0.50227
[MOE_TRACE] Group:1 Prob:0.34906 Alpha:0.50227
[MOE_TRACE] Group:0 Prob:0.82862 Alpha:0.50056
[MOE_TRACE] Group:2 Prob:0.82796 Alpha:0.50097
[MOE_TRACE] Group:2 Prob:0.82796 Alpha:0.50097
[MOE_TRACE] Group:1 Prob:0.34906 Alpha:0.50227
[MOE_TRACE] Group:2 Prob:0.82796 Alpha:0.50097
[MOE_TRACE] Group:0 Prob:0.82862 Alpha:0.50056
[MOE_TRACE] Group:1 Prob:0.34906 Alpha:0.50227
[MOE_TRACE] Group:2 Prob:0.82796 Alpha:0.50097
[MOE_TRACE] Group:0 Prob:0.82653 Alpha:0.50056
[MOE_TRACE] Group:1 Prob:0.36514 Alpha:0.50227
[MOE_TRACE] Group:2 Prob:0.82890 Alpha:0.50097
[MOE_TRACE] Group:0 Prob:0.82653 Alpha:0.50056
[MOE_TRACE] Group:1 Prob:0.36514 Alpha:0.50227
[MOE_TRACE] Group:0 Prob:0.82653 Alpha:0.50056
[MOE_TRACE] Group:2 Prob:0.82890 Alpha:0.50097[MOE_TRACE] Group:1 Prob:0.36514 Alpha:0.50227

[MOE_TRACE] Group:2 Prob:0.82890 Alpha:0.50097
[MOE_TRACE] Group:0 Prob:0.82653 Alpha:0.50056
[MOE_TRACE] Group:1 Prob:0.36514 Alpha:0.50227
[MOE_TRACE] Group:2 Prob:0.82890 Alpha:0.50097
[MOE_TRACE] Group:0 Prob:0.82961 Alpha:0.50056
[MOE_TRACE] Group:0 Prob:0.82961 Alpha:0.50056
[MOE_TRACE] Group:1 Prob:0.35992 Alpha:0.50227
[MOE_TRACE] Group:1 Prob:0.35992 Alpha:0.50227
[MOE_TRACE] Group:2 Prob:0.83144 Alpha:0.50097
[MOE_TRACE] Group:2 Prob:0.83144 Alpha:0.50097
[MOE_TRACE] Group:0 Prob:0.82961 Alpha:0.50056
[MOE_TRACE] Group:1 Prob:0.35992 Alpha:0.50227
[MOE_TRACE] Group:2 Prob:0.83144 Alpha:0.50097
[MOE_TRACE] Group:0 Prob:0.82961 Alpha:0.50056
[MOE_TRACE] Group:1 Prob:0.35992 Alpha:0.50227
[MOE_TRACE] Group:2 Prob:0.83144 Alpha:0.50097
[MOE_TRACE] Group:0 Prob:0.83678 Alpha:0.50056
[MOE_TRACE] Group:0 Prob:0.83678 Alpha:0.50056
[MOE_TRACE] Group:1 Prob:0.35689 Alpha:0.50227
[MOE_TRACE] Group:2 Prob:0.83442 Alpha:0.50097
[MOE_TRACE] Group:1 Prob:0.35689 Alpha:0.50227
[MOE_TRACE] Group:2 Prob:0.83442 Alpha:0.50097
[MOE_TRACE] Group:0 Prob:0.83678 Alpha:0.50056
[MOE_TRACE] Group:1 Prob:0.35689 Alpha:0.50227
[MOE_TRACE] Group:2 Prob:0.83442 Alpha:0.50097
[MOE_TRACE] Group:0 Prob:0.83678 Alpha:0.50056
[MOE_TRACE] Group:1 Prob:0.35689 Alpha:0.50227
[MOE_TRACE] Group:2 Prob:0.83442 Alpha:0.50097
[MOE_TRACE] Group:0 Prob:0.83283 Alpha:0.50056
[MOE_TRACE] Group:0 Prob:0.83283 Alpha:0.50056
[MOE_TRACE] Group:1 Prob:0.35377 Alpha:0.50227
[MOE_TRACE] Group:1 Prob:0.35377 Alpha:0.50227
[MOE_TRACE] Group:2 Prob:0.82806 Alpha:0.50097[MOE_TRACE] Group:2 Prob:0.82806 Alpha:0.50097

[MOE_TRACE] Group:0 Prob:0.83283 Alpha:0.50056
[MOE_TRACE] Group:1 Prob:0.35377 Alpha:0.50227
[MOE_TRACE] Group:2 Prob:0.82806 Alpha:0.50097
[MOE_TRACE] Group:0 Prob:0.83283 Alpha:0.50056
[MOE_TRACE] Group:1 Prob:0.35377 Alpha:0.50227
[MOE_TRACE] Group:2 Prob:0.82806 Alpha:0.50097
[MOE_TRACE] Group:0 Prob:0.82921 Alpha:0.50056
[MOE_TRACE] Group:1 Prob:0.36165 Alpha:0.50227
[MOE_TRACE] Group:2 Prob:0.83150 Alpha:0.50097
[MOE_TRACE] Group:0 Prob:0.82921 Alpha:0.50056
[MOE_TRACE] Group:1 Prob:0.36165 Alpha:0.50227
[MOE_TRACE] Group:2 Prob:0.83150 Alpha:0.50097
[MOE_TRACE] Group:0 Prob:0.82921 Alpha:0.50056
[MOE_TRACE] Group:1 Prob:0.36165 Alpha:0.50227
[MOE_TRACE] Group:2 Prob:0.83150 Alpha:0.50097
[MOE_TRACE] Group:0 Prob:0.82921 Alpha:0.50056
[MOE_TRACE] Group:1 Prob:0.36165 Alpha:0.50227
[MOE_TRACE] Group:2 Prob:0.83150 Alpha:0.50097
[MOE_TRACE] Group:0 Prob:0.81260 Alpha:0.50056
[MOE_TRACE] Group:1 Prob:0.35543 Alpha:0.50227
[MOE_TRACE] Group:0 Prob:0.81260 Alpha:0.50056
[MOE_TRACE] Group:2 Prob:0.81786 Alpha:0.50097
[MOE_TRACE] Group:1 Prob:0.35543 Alpha:0.50227
[MOE_TRACE] Group:2 Prob:0.81786 Alpha:0.50097
[MOE_TRACE] Group:0 Prob:0.81260 Alpha:0.50056
[MOE_TRACE] Group:0 Prob:0.81260 Alpha:0.50056[MOE_TRACE] Group:1 Prob:0.35543 Alpha:0.50227

[MOE_TRACE] Group:1 Prob:0.35543 Alpha:0.50227
[MOE_TRACE] Group:2 Prob:0.81786 Alpha:0.50097
[MOE_TRACE] Group:2 Prob:0.81786 Alpha:0.50097
[MOE_TRACE] Group:0 Prob:0.82677 Alpha:0.50056
[MOE_TRACE] Group:1 Prob:0.35777 Alpha:0.50227
[MOE_TRACE] Group:0 Prob:0.82677 Alpha:0.50056
[MOE_TRACE] Group:0 Prob:0.82677 Alpha:0.50056
[MOE_TRACE] Group:1 Prob:0.35777 Alpha:0.50227[MOE_TRACE] Group:2 Prob:0.82287 Alpha:0.50097

[MOE_TRACE] Group:1 Prob:0.35777 Alpha:0.50227
[MOE_TRACE] Group:2 Prob:0.82287 Alpha:0.50097
[MOE_TRACE] Group:2 Prob:0.82287 Alpha:0.50097
[MOE_TRACE] Group:0 Prob:0.82677 Alpha:0.50056
[MOE_TRACE] Group:1 Prob:0.35777 Alpha:0.50227
[MOE_TRACE] Group:2 Prob:0.82287 Alpha:0.50097
[MOE_TRACE] Group:0 Prob:0.82745 Alpha:0.50056
[MOE_TRACE] Group:1 Prob:0.35088 Alpha:0.50227
[MOE_TRACE] Group:0 Prob:0.82745 Alpha:0.50056
[MOE_TRACE] Group:0 Prob:0.82745 Alpha:0.50056[MOE_TRACE] Group:2 Prob:0.82285 Alpha:0.50097

[MOE_TRACE] Group:1 Prob:0.35088 Alpha:0.50227
[MOE_TRACE] Group:0 Prob:0.82745 Alpha:0.50056
[MOE_TRACE] Group:1 Prob:0.35088 Alpha:0.50227
[MOE_TRACE] Group:2 Prob:0.82285 Alpha:0.50097
[MOE_TRACE] Group:2 Prob:0.82285 Alpha:0.50097
[MOE_TRACE] Group:1 Prob:0.35088 Alpha:0.50227
[MOE_TRACE] Group:2 Prob:0.82285 Alpha:0.50097
[MOE_TRACE] Group:0 Prob:0.82993 Alpha:0.50056
[MOE_TRACE] Group:2 Prob:0.82661 Alpha:0.50097
[MOE_TRACE] Group:0 Prob:0.82993 Alpha:0.50056
[MOE_TRACE] Group:1 Prob:0.34137 Alpha:0.50227
[MOE_TRACE] Group:2 Prob:0.82661 Alpha:0.50097
[MOE_TRACE] Group:0 Prob:0.82993 Alpha:0.50056
[MOE_TRACE] Group:1 Prob:0.34137 Alpha:0.50227
[MOE_TRACE] Group:2 Prob:0.82522 Alpha:0.50097
[MOE_TRACE] Group:0 Prob:0.82993 Alpha:0.50056
[MOE_TRACE] Group:1 Prob:0.34137 Alpha:0.50227
[MOE_TRACE] Group:2 Prob:0.82522 Alpha:0.50097
[MOE_TRACE] Group:0 Prob:0.82128 Alpha:0.50056
[MOE_TRACE] Group:1 Prob:0.34576 Alpha:0.50227
[MOE_TRACE] Group:2 Prob:0.82885 Alpha:0.50097
[MOE_TRACE] Group:0 Prob:0.82128 Alpha:0.50056
[MOE_TRACE] Group:1 Prob:0.34576 Alpha:0.50227
[MOE_TRACE] Group:2 Prob:0.82885 Alpha:0.50097
[MOE_TRACE] Group:0 Prob:0.82128 Alpha:0.50056
[MOE_TRACE] Group:1 Prob:0.34576 Alpha:0.50227
[MOE_TRACE] Group:2 Prob:0.82346 Alpha:0.50097
[MOE_TRACE] Group:0 Prob:0.82128 Alpha:0.50056
[MOE_TRACE] Group:1 Prob:0.34576 Alpha:0.50227
[MOE_TRACE] Group:2 Prob:0.82346 Alpha:0.50097
[MOE_TRACE] Group:0 Prob:0.82444 Alpha:0.50056
[MOE_TRACE] Group:1 Prob:0.35461 Alpha:0.50227
[MOE_TRACE] Group:2 Prob:0.82585 Alpha:0.50097
[MOE_TRACE] Group:0 Prob:0.82444 Alpha:0.50056
[MOE_TRACE] Group:1 Prob:0.35461 Alpha:0.50227
[MOE_TRACE] Group:2 Prob:0.82585 Alpha:0.50097
[MOE_TRACE] Group:0 Prob:0.82444 Alpha:0.50056
[MOE_TRACE] Group:1 Prob:0.35461 Alpha:0.50227
[MOE_TRACE] Group:2 Prob:0.82585 Alpha:0.50097
[MOE_TRACE] Group:0 Prob:0.82444 Alpha:0.50056
[MOE_TRACE] Group:1 Prob:0.35461 Alpha:0.50227
[MOE_TRACE] Group:2 Prob:0.82585 Alpha:0.50097
[MOE_TRACE] Group:0 Prob:0.83084 Alpha:0.50056
[MOE_TRACE] Group:1 Prob:0.34739 Alpha:0.50227
[MOE_TRACE] Group:2 Prob:0.81688 Alpha:0.50097
[MOE_TRACE] Group:0 Prob:0.83084 Alpha:0.50056
[MOE_TRACE] Group:1 Prob:0.34739 Alpha:0.50227
[MOE_TRACE] Group:2 Prob:0.81688 Alpha:0.50097
[MOE_TRACE] Group:0 Prob:0.83084 Alpha:0.50056
[MOE_TRACE] Group:1 Prob:0.34739 Alpha:0.50227
[MOE_TRACE] Group:2 Prob:0.81688 Alpha:0.50097
[MOE_TRACE] Group:0 Prob:0.83084 Alpha:0.50056
[MOE_TRACE] Group:1 Prob:0.34739 Alpha:0.50227
[MOE_TRACE] Group:2 Prob:0.81688 Alpha:0.50097
[MOE_TRACE] Group:0 Prob:0.83049 Alpha:0.50056
[MOE_TRACE] Group:0 Prob:0.83049 Alpha:0.50056
[MOE_TRACE] Group:1 Prob:0.35767 Alpha:0.50228
[MOE_TRACE] Group:1 Prob:0.35767 Alpha:0.50228
[MOE_TRACE] Group:2 Prob:0.82404 Alpha:0.50097[MOE_TRACE] Group:2 Prob:0.82404 Alpha:0.50097

[MOE_TRACE] Group:0 Prob:0.83049 Alpha:0.50056
[MOE_TRACE] Group:0 Prob:0.83049 Alpha:0.50056
[MOE_TRACE] Group:1 Prob:0.35767 Alpha:0.50228
[MOE_TRACE] Group:1 Prob:0.35767 Alpha:0.50228[MOE_TRACE] Group:2 Prob:0.82404 Alpha:0.50097

[MOE_TRACE] Group:2 Prob:0.82404 Alpha:0.50097
[MOE_TRACE] Group:0 Prob:0.82839 Alpha:0.50056
[MOE_TRACE] Group:1 Prob:0.36117 Alpha:0.50228
[MOE_TRACE] Group:2 Prob:0.83192 Alpha:0.50097
[MOE_TRACE] Group:0 Prob:0.82839 Alpha:0.50056
[MOE_TRACE] Group:1 Prob:0.36117 Alpha:0.50228
[MOE_TRACE] Group:2 Prob:0.83192 Alpha:0.50097
[MOE_TRACE] Group:0 Prob:0.82839 Alpha:0.50056
[MOE_TRACE] Group:1 Prob:0.36117 Alpha:0.50228
[MOE_TRACE] Group:2 Prob:0.83192 Alpha:0.50097
[MOE_TRACE] Group:0 Prob:0.82839 Alpha:0.50056
[MOE_TRACE] Group:1 Prob:0.36117 Alpha:0.50228
[MOE_TRACE] Group:2 Prob:0.83192 Alpha:0.50097
[MOE_TRACE] Group:0 Prob:0.83308 Alpha:0.50056
[MOE_TRACE] Group:0 Prob:0.83308 Alpha:0.50056[MOE_TRACE] Group:1 Prob:0.35363 Alpha:0.50228

[MOE_TRACE] Group:1 Prob:0.35363 Alpha:0.50228
[MOE_TRACE] Group:2 Prob:0.82711 Alpha:0.50097
[MOE_TRACE] Group:2 Prob:0.82711 Alpha:0.50097
[MOE_TRACE] Group:0 Prob:0.83308 Alpha:0.50056
[MOE_TRACE] Group:1 Prob:0.35363 Alpha:0.50228
[MOE_TRACE] Group:2 Prob:0.83021 Alpha:0.50097
[MOE_TRACE] Group:0 Prob:0.83308 Alpha:0.50056
[MOE_TRACE] Group:1 Prob:0.35363 Alpha:0.50228
[MOE_TRACE] Group:2 Prob:0.83021 Alpha:0.50097
[MOE_TRACE] Group:0 Prob:0.82258 Alpha:0.50056
[MOE_TRACE] Group:1 Prob:0.34605 Alpha:0.50228
[MOE_TRACE] Group:2 Prob:0.82566 Alpha:0.50097
[MOE_TRACE] Group:0 Prob:0.82258 Alpha:0.50056
[MOE_TRACE] Group:1 Prob:0.34605 Alpha:0.50228
[MOE_TRACE] Group:2 Prob:0.82043 Alpha:0.50097
[MOE_TRACE] Group:0 Prob:0.82258 Alpha:0.50056
[MOE_TRACE] Group:1 Prob:0.34605 Alpha:0.50228
[MOE_TRACE] Group:2 Prob:0.82043 Alpha:0.50097
[MOE_TRACE] Group:0 Prob:0.82258 Alpha:0.50056
[MOE_TRACE] Group:1 Prob:0.34605 Alpha:0.50228
[MOE_TRACE] Group:2 Prob:0.82043 Alpha:0.50097
[MOE_TRACE] Group:0 Prob:0.82962 Alpha:0.50056
[MOE_TRACE] Group:1 Prob:0.34910 Alpha:0.50228
[MOE_TRACE] Group:2 Prob:0.82796 Alpha:0.50097
[MOE_TRACE] Group:0 Prob:0.82962 Alpha:0.50056
[MOE_TRACE] Group:1 Prob:0.34910 Alpha:0.50228
[MOE_TRACE] Group:2 Prob:0.82796 Alpha:0.50097
[MOE_TRACE] Group:0 Prob:0.82962 Alpha:0.50056
[MOE_TRACE] Group:1 Prob:0.34910 Alpha:0.50228
[MOE_TRACE] Group:2 Prob:0.82796 Alpha:0.50097
[MOE_TRACE] Group:0 Prob:0.82962 Alpha:0.50056
[MOE_TRACE] Group:1 Prob:0.34910 Alpha:0.50228
[MOE_TRACE] Group:2 Prob:0.82796 Alpha:0.50097
[MOE_TRACE] Group:0 Prob:0.83893 Alpha:0.50056
[MOE_TRACE] Group:0 Prob:0.83893 Alpha:0.50056
[MOE_TRACE] Group:1 Prob:0.35215 Alpha:0.50228
[MOE_TRACE] Group:1 Prob:0.35215 Alpha:0.50228
[MOE_TRACE] Group:2 Prob:0.82292 Alpha:0.50097
[MOE_TRACE] Group:2 Prob:0.82292 Alpha:0.50097
[MOE_TRACE] Group:0 Prob:0.83893 Alpha:0.50056
[MOE_TRACE] Group:1 Prob:0.35215 Alpha:0.50228
[MOE_TRACE] Group:2 Prob:0.82292 Alpha:0.50097
[MOE_TRACE] Group:0 Prob:0.83893 Alpha:0.50056
[MOE_TRACE] Group:1 Prob:0.35215 Alpha:0.50228
[MOE_TRACE] Group:2 Prob:0.82292 Alpha:0.50097
[MOE_TRACE] Group:0 Prob:0.82670 Alpha:0.50056
[MOE_TRACE] Group:1 Prob:0.35995 Alpha:0.50228
[MOE_TRACE] Group:2 Prob:0.82706 Alpha:0.50097
[MOE_TRACE] Group:0 Prob:0.82670 Alpha:0.50056
[MOE_TRACE] Group:1 Prob:0.35995 Alpha:0.50228
[MOE_TRACE] Group:2 Prob:0.82706 Alpha:0.50097
[MOE_TRACE] Group:0 Prob:0.82670 Alpha:0.50056
[MOE_TRACE] Group:1 Prob:0.35995 Alpha:0.50228
[MOE_TRACE] Group:2 Prob:0.82706 Alpha:0.50097
[MOE_TRACE] Group:0 Prob:0.82670 Alpha:0.50056
[MOE_TRACE] Group:1 Prob:0.35995 Alpha:0.50228
[MOE_TRACE] Group:2 Prob:0.82706 Alpha:0.50097
[MOE_TRACE] Group:0 Prob:0.83597 Alpha:0.50056
[MOE_TRACE] Group:1 Prob:0.34948 Alpha:0.50228
[MOE_TRACE] Group:2 Prob:0.82999 Alpha:0.50097
[MOE_TRACE] Group:0 Prob:0.83597 Alpha:0.50056
[MOE_TRACE] Group:1 Prob:0.34948 Alpha:0.50228
[MOE_TRACE] Group:2 Prob:0.82999 Alpha:0.50097
[MOE_TRACE] Group:0 Prob:0.83597 Alpha:0.50056
[MOE_TRACE] Group:1 Prob:0.34948 Alpha:0.50228
[MOE_TRACE] Group:2 Prob:0.82999 Alpha:0.50097
[MOE_TRACE] Group:0 Prob:0.83597 Alpha:0.50056
[MOE_TRACE] Group:1 Prob:0.34948 Alpha:0.50228
[MOE_TRACE] Group:2 Prob:0.82999 Alpha:0.50097
[MOE_TRACE] Group:0 Prob:0.82047 Alpha:0.50056[MOE_TRACE] Group:0 Prob:0.82047 Alpha:0.50056

[MOE_TRACE] Group:1 Prob:0.35623 Alpha:0.50228[MOE_TRACE] Group:1 Prob:0.35623 Alpha:0.50228

[MOE_TRACE] Group:2 Prob:0.82134 Alpha:0.50097[MOE_TRACE] Group:2 Prob:0.82134 Alpha:0.50097

[MOE_TRACE] Group:0 Prob:0.82047 Alpha:0.50056
[MOE_TRACE] Group:1 Prob:0.35623 Alpha:0.50228
[MOE_TRACE] Group:2 Prob:0.82134 Alpha:0.50097
[MOE_TRACE] Group:0 Prob:0.82047 Alpha:0.50056
[MOE_TRACE] Group:1 Prob:0.35623 Alpha:0.50228
[MOE_TRACE] Group:2 Prob:0.82134 Alpha:0.50097
[MOE_TRACE] Group:0 Prob:0.84144 Alpha:0.50056
[MOE_TRACE] Group:1 Prob:0.35844 Alpha:0.50228
[MOE_TRACE] Group:0 Prob:0.84144 Alpha:0.50056[MOE_TRACE] Group:2 Prob:0.82838 Alpha:0.50097

[MOE_TRACE] Group:1 Prob:0.35844 Alpha:0.50228
[MOE_TRACE] Group:2 Prob:0.82838 Alpha:0.50097
[MOE_TRACE] Group:0 Prob:0.84144 Alpha:0.50056
[MOE_TRACE] Group:1 Prob:0.35844 Alpha:0.50228
[MOE_TRACE] Group:2 Prob:0.82838 Alpha:0.50097
[MOE_TRACE] Group:0 Prob:0.84144 Alpha:0.50056
[MOE_TRACE] Group:1 Prob:0.35844 Alpha:0.50228
[MOE_TRACE] Group:2 Prob:0.82838 Alpha:0.50097
[MOE_TRACE] Group:0 Prob:0.82875 Alpha:0.50056[MOE_TRACE] Group:0 Prob:0.82875 Alpha:0.50056

[MOE_TRACE] Group:1 Prob:0.35318 Alpha:0.50229
[MOE_TRACE] Group:1 Prob:0.35318 Alpha:0.50229
[MOE_TRACE] Group:2 Prob:0.81600 Alpha:0.50097
[MOE_TRACE] Group:2 Prob:0.81600 Alpha:0.50097[MOE_TRACE] Group:0 Prob:0.82875 Alpha:0.50056

[MOE_TRACE] Group:1 Prob:0.35318 Alpha:0.50229
[MOE_TRACE] Group:2 Prob:0.83137 Alpha:0.50097
[MOE_TRACE] Group:0 Prob:0.82875 Alpha:0.50056
[MOE_TRACE] Group:1 Prob:0.35318 Alpha:0.50229
[MOE_TRACE] Group:2 Prob:0.83137 Alpha:0.50097
[MOE_TRACE] Group:0 Prob:0.82406 Alpha:0.50056
[MOE_TRACE] Group:1 Prob:0.35596 Alpha:0.50229
[MOE_TRACE] Group:2 Prob:0.82807 Alpha:0.50097
[MOE_TRACE] Group:0 Prob:0.82406 Alpha:0.50056
[MOE_TRACE] Group:1 Prob:0.35596 Alpha:0.50229
[MOE_TRACE] Group:2 Prob:0.82807 Alpha:0.50097
[MOE_TRACE] Group:0 Prob:0.82406 Alpha:0.50056
[MOE_TRACE] Group:1 Prob:0.35596 Alpha:0.50229
[MOE_TRACE] Group:0 Prob:0.82406 Alpha:0.50056
[MOE_TRACE] Group:2 Prob:0.82807 Alpha:0.50097
[MOE_TRACE] Group:1 Prob:0.35596 Alpha:0.50229
[MOE_TRACE] Group:2 Prob:0.82807 Alpha:0.50097
[MOE_TRACE] Group:0 Prob:0.84066 Alpha:0.50056
[MOE_TRACE] Group:1 Prob:0.35641 Alpha:0.50229
[MOE_TRACE] Group:0 Prob:0.84066 Alpha:0.50056
[MOE_TRACE] Group:0 Prob:0.84066 Alpha:0.50056
[MOE_TRACE] Group:2 Prob:0.82451 Alpha:0.50097
[MOE_TRACE] Group:1 Prob:0.35641 Alpha:0.50229
[MOE_TRACE] Group:1 Prob:0.35641 Alpha:0.50229
[MOE_TRACE] Group:2 Prob:0.82451 Alpha:0.50097
[MOE_TRACE] Group:2 Prob:0.82451 Alpha:0.50097
[MOE_TRACE] Group:0 Prob:0.84066 Alpha:0.50056
[MOE_TRACE] Group:1 Prob:0.35641 Alpha:0.50229
[MOE_TRACE] Group:2 Prob:0.82177 Alpha:0.50097
	iters: 100, epoch: 6 | loss: 0.4232216
	speed: 4.6066s/iter; left time: 2929.7689s
[MOE_TRACE] Group:0 Prob:0.82598 Alpha:0.50056
[MOE_TRACE] Group:1 Prob:0.36035 Alpha:0.50229
[MOE_TRACE] Group:2 Prob:0.82968 Alpha:0.50097
[MOE_TRACE] Group:0 Prob:0.82598 Alpha:0.50056
[MOE_TRACE] Group:1 Prob:0.36035 Alpha:0.50229
[MOE_TRACE] Group:2 Prob:0.82968 Alpha:0.50097
[MOE_TRACE] Group:0 Prob:0.82598 Alpha:0.50056
[MOE_TRACE] Group:1 Prob:0.36035 Alpha:0.50229
[MOE_TRACE] Group:0 Prob:0.82598 Alpha:0.50056[MOE_TRACE] Group:2 Prob:0.82968 Alpha:0.50097

[MOE_TRACE] Group:1 Prob:0.36035 Alpha:0.50229
[MOE_TRACE] Group:2 Prob:0.82968 Alpha:0.50097
[MOE_TRACE] Group:0 Prob:0.81148 Alpha:0.50056
[MOE_TRACE] Group:1 Prob:0.35320 Alpha:0.50229
[MOE_TRACE] Group:2 Prob:0.81779 Alpha:0.50097
[MOE_TRACE] Group:0 Prob:0.81148 Alpha:0.50056
[MOE_TRACE] Group:1 Prob:0.35320 Alpha:0.50229
[MOE_TRACE] Group:2 Prob:0.81779 Alpha:0.50097
[MOE_TRACE] Group:0 Prob:0.81148 Alpha:0.50056
[MOE_TRACE] Group:1 Prob:0.35320 Alpha:0.50229
[MOE_TRACE] Group:2 Prob:0.81779 Alpha:0.50097
[MOE_TRACE] Group:0 Prob:0.81148 Alpha:0.50056
[MOE_TRACE] Group:1 Prob:0.35320 Alpha:0.50229
[MOE_TRACE] Group:2 Prob:0.81779 Alpha:0.50097
[MOE_TRACE] Group:0 Prob:0.83088 Alpha:0.50056
[MOE_TRACE] Group:1 Prob:0.36301 Alpha:0.50229
[MOE_TRACE] Group:2 Prob:0.83232 Alpha:0.50097
[MOE_TRACE] Group:0 Prob:0.83088 Alpha:0.50056
[MOE_TRACE] Group:0 Prob:0.83088 Alpha:0.50056
[MOE_TRACE] Group:0 Prob:0.83088 Alpha:0.50056
[MOE_TRACE] Group:1 Prob:0.36301 Alpha:0.50229
[MOE_TRACE] Group:1 Prob:0.36301 Alpha:0.50229
[MOE_TRACE] Group:2 Prob:0.83232 Alpha:0.50097
[MOE_TRACE] Group:1 Prob:0.36301 Alpha:0.50229
[MOE_TRACE] Group:2 Prob:0.83232 Alpha:0.50097
[MOE_TRACE] Group:2 Prob:0.83232 Alpha:0.50097
[MOE_TRACE] Group:0 Prob:0.82468 Alpha:0.50056
[MOE_TRACE] Group:1 Prob:0.34936 Alpha:0.50229
[MOE_TRACE] Group:0 Prob:0.82468 Alpha:0.50056
[MOE_TRACE] Group:1 Prob:0.34936 Alpha:0.50229
[MOE_TRACE] Group:2 Prob:0.81443 Alpha:0.50097
[MOE_TRACE] Group:2 Prob:0.81443 Alpha:0.50097
[MOE_TRACE] Group:0 Prob:0.82468 Alpha:0.50056
[MOE_TRACE] Group:1 Prob:0.34936 Alpha:0.50229
[MOE_TRACE] Group:2 Prob:0.81443 Alpha:0.50097
[MOE_TRACE] Group:0 Prob:0.82468 Alpha:0.50056
[MOE_TRACE] Group:1 Prob:0.34936 Alpha:0.50229
[MOE_TRACE] Group:2 Prob:0.81443 Alpha:0.50097
[MOE_TRACE] Group:0 Prob:0.82523 Alpha:0.50056
[MOE_TRACE] Group:1 Prob:0.35020 Alpha:0.50229
[MOE_TRACE] Group:0 Prob:0.82523 Alpha:0.50056
[MOE_TRACE] Group:2 Prob:0.82847 Alpha:0.50097
[MOE_TRACE] Group:0 Prob:0.82523 Alpha:0.50056
[MOE_TRACE] Group:1 Prob:0.35020 Alpha:0.50229
[MOE_TRACE] Group:1 Prob:0.35020 Alpha:0.50229
[MOE_TRACE] Group:2 Prob:0.82761 Alpha:0.50097
[MOE_TRACE] Group:2 Prob:0.82761 Alpha:0.50097
[MOE_TRACE] Group:0 Prob:0.82523 Alpha:0.50056
[MOE_TRACE] Group:1 Prob:0.35020 Alpha:0.50229
[MOE_TRACE] Group:2 Prob:0.82761 Alpha:0.50097
[MOE_TRACE] Group:0 Prob:0.82843 Alpha:0.50056
[MOE_TRACE] Group:1 Prob:0.35523 Alpha:0.50229
[MOE_TRACE] Group:2 Prob:0.82439 Alpha:0.50097
[MOE_TRACE] Group:0 Prob:0.82843 Alpha:0.50056
[MOE_TRACE] Group:1 Prob:0.35523 Alpha:0.50229
[MOE_TRACE] Group:2 Prob:0.82439 Alpha:0.50097
[MOE_TRACE] Group:0 Prob:0.82843 Alpha:0.50056
[MOE_TRACE] Group:1 Prob:0.35523 Alpha:0.50229
[MOE_TRACE] Group:2 Prob:0.82439 Alpha:0.50097
[MOE_TRACE] Group:0 Prob:0.82843 Alpha:0.50056
[MOE_TRACE] Group:1 Prob:0.35523 Alpha:0.50229
[MOE_TRACE] Group:2 Prob:0.82439 Alpha:0.50097
[MOE_TRACE] Group:0 Prob:0.82091 Alpha:0.50056
[MOE_TRACE] Group:1 Prob:0.36515 Alpha:0.50229
[MOE_TRACE] Group:2 Prob:0.82802 Alpha:0.50097
[MOE_TRACE] Group:0 Prob:0.82091 Alpha:0.50056
[MOE_TRACE] Group:1 Prob:0.36515 Alpha:0.50229
[MOE_TRACE] Group:2 Prob:0.82802 Alpha:0.50097
[MOE_TRACE] Group:0 Prob:0.82091 Alpha:0.50056[MOE_TRACE] Group:0 Prob:0.82091 Alpha:0.50056

[MOE_TRACE] Group:1 Prob:0.36515 Alpha:0.50229
[MOE_TRACE] Group:1 Prob:0.36515 Alpha:0.50229
[MOE_TRACE] Group:2 Prob:0.82802 Alpha:0.50097
[MOE_TRACE] Group:2 Prob:0.82802 Alpha:0.50097
[MOE_TRACE] Group:0 Prob:0.82225 Alpha:0.50056
[MOE_TRACE] Group:1 Prob:0.35418 Alpha:0.50229
[MOE_TRACE] Group:2 Prob:0.82704 Alpha:0.50097
[MOE_TRACE] Group:0 Prob:0.82225 Alpha:0.50056
[MOE_TRACE] Group:1 Prob:0.35418 Alpha:0.50229
[MOE_TRACE] Group:0 Prob:0.82225 Alpha:0.50056
[MOE_TRACE] Group:2 Prob:0.82704 Alpha:0.50097
[MOE_TRACE] Group:1 Prob:0.35418 Alpha:0.50229
[MOE_TRACE] Group:2 Prob:0.82704 Alpha:0.50097
[MOE_TRACE] Group:0 Prob:0.82225 Alpha:0.50056
[MOE_TRACE] Group:1 Prob:0.35418 Alpha:0.50229
[MOE_TRACE] Group:2 Prob:0.82704 Alpha:0.50097
[MOE_TRACE] Group:0 Prob:0.83517 Alpha:0.50056
[MOE_TRACE] Group:1 Prob:0.35374 Alpha:0.50229
[MOE_TRACE] Group:2 Prob:0.82196 Alpha:0.50097
[MOE_TRACE] Group:0 Prob:0.83517 Alpha:0.50056
[MOE_TRACE] Group:1 Prob:0.35374 Alpha:0.50229
[MOE_TRACE] Group:2 Prob:0.83172 Alpha:0.50097
[MOE_TRACE] Group:0 Prob:0.83517 Alpha:0.50056
[MOE_TRACE] Group:1 Prob:0.35374 Alpha:0.50229
[MOE_TRACE] Group:2 Prob:0.83172 Alpha:0.50097[MOE_TRACE] Group:0 Prob:0.83517 Alpha:0.50056

[MOE_TRACE] Group:1 Prob:0.35374 Alpha:0.50229
[MOE_TRACE] Group:2 Prob:0.83172 Alpha:0.50097
[MOE_TRACE] Group:0 Prob:0.83356 Alpha:0.50056
[MOE_TRACE] Group:1 Prob:0.35294 Alpha:0.50230
[MOE_TRACE] Group:2 Prob:0.82964 Alpha:0.50097
[MOE_TRACE] Group:0 Prob:0.83356 Alpha:0.50056
[MOE_TRACE] Group:1 Prob:0.35294 Alpha:0.50230
[MOE_TRACE] Group:2 Prob:0.82915 Alpha:0.50097
[MOE_TRACE] Group:0 Prob:0.83356 Alpha:0.50056
[MOE_TRACE] Group:1 Prob:0.35294 Alpha:0.50230
[MOE_TRACE] Group:2 Prob:0.82915 Alpha:0.50097
[MOE_TRACE] Group:0 Prob:0.83356 Alpha:0.50056
[MOE_TRACE] Group:1 Prob:0.35294 Alpha:0.50230
[MOE_TRACE] Group:2 Prob:0.82915 Alpha:0.50097
[MOE_TRACE] Group:0 Prob:0.83170 Alpha:0.50056
[MOE_TRACE] Group:1 Prob:0.34806 Alpha:0.50230
[MOE_TRACE] Group:2 Prob:0.82205 Alpha:0.50097
[MOE_TRACE] Group:0 Prob:0.83170 Alpha:0.50056
[MOE_TRACE] Group:1 Prob:0.34806 Alpha:0.50230
[MOE_TRACE] Group:2 Prob:0.82205 Alpha:0.50097
[MOE_TRACE] Group:0 Prob:0.83170 Alpha:0.50056
[MOE_TRACE] Group:1 Prob:0.34806 Alpha:0.50230
[MOE_TRACE] Group:2 Prob:0.82443 Alpha:0.50097
[MOE_TRACE] Group:0 Prob:0.83170 Alpha:0.50056
[MOE_TRACE] Group:1 Prob:0.34806 Alpha:0.50230
[MOE_TRACE] Group:2 Prob:0.82443 Alpha:0.50097
[MOE_TRACE] Group:0 Prob:0.83706 Alpha:0.50056
[MOE_TRACE] Group:0 Prob:0.83706 Alpha:0.50056
[MOE_TRACE] Group:1 Prob:0.35704 Alpha:0.50230
[MOE_TRACE] Group:1 Prob:0.35704 Alpha:0.50230[MOE_TRACE] Group:2 Prob:0.82319 Alpha:0.50097

[MOE_TRACE] Group:2 Prob:0.82319 Alpha:0.50097
[MOE_TRACE] Group:0 Prob:0.83706 Alpha:0.50056
[MOE_TRACE] Group:1 Prob:0.35704 Alpha:0.50230
[MOE_TRACE] Group:2 Prob:0.82319 Alpha:0.50097
[MOE_TRACE] Group:0 Prob:0.83706 Alpha:0.50056
[MOE_TRACE] Group:1 Prob:0.35704 Alpha:0.50230
[MOE_TRACE] Group:2 Prob:0.82319 Alpha:0.50097
[MOE_TRACE] Group:0 Prob:0.83026 Alpha:0.50056
[MOE_TRACE] Group:1 Prob:0.35007 Alpha:0.50230
[MOE_TRACE] Group:2 Prob:0.82290 Alpha:0.50097
[MOE_TRACE] Group:0 Prob:0.83026 Alpha:0.50056
[MOE_TRACE] Group:0 Prob:0.83026 Alpha:0.50056
[MOE_TRACE] Group:1 Prob:0.35007 Alpha:0.50230
[MOE_TRACE] Group:2 Prob:0.82290 Alpha:0.50097
[MOE_TRACE] Group:1 Prob:0.35007 Alpha:0.50230
[MOE_TRACE] Group:2 Prob:0.82290 Alpha:0.50097
[MOE_TRACE] Group:0 Prob:0.83026 Alpha:0.50056
[MOE_TRACE] Group:1 Prob:0.35007 Alpha:0.50230
[MOE_TRACE] Group:2 Prob:0.82290 Alpha:0.50097
[MOE_TRACE] Group:0 Prob:0.83466 Alpha:0.50056
[MOE_TRACE] Group:1 Prob:0.35597 Alpha:0.50230
[MOE_TRACE] Group:2 Prob:0.82263 Alpha:0.50097
[MOE_TRACE] Group:0 Prob:0.83466 Alpha:0.50056
[MOE_TRACE] Group:1 Prob:0.35597 Alpha:0.50230
[MOE_TRACE] Group:2 Prob:0.82263 Alpha:0.50097
[MOE_TRACE] Group:0 Prob:0.83466 Alpha:0.50056
[MOE_TRACE] Group:1 Prob:0.35597 Alpha:0.50230
[MOE_TRACE] Group:2 Prob:0.82263 Alpha:0.50097
[MOE_TRACE] Group:0 Prob:0.83466 Alpha:0.50056
[MOE_TRACE] Group:1 Prob:0.35597 Alpha:0.50230
[MOE_TRACE] Group:2 Prob:0.82263 Alpha:0.50097
[MOE_TRACE] Group:0 Prob:0.84098 Alpha:0.50056
[MOE_TRACE] Group:1 Prob:0.35313 Alpha:0.50230
[MOE_TRACE] Group:2 Prob:0.82092 Alpha:0.50097
[MOE_TRACE] Group:0 Prob:0.84098 Alpha:0.50056
[MOE_TRACE] Group:0 Prob:0.84098 Alpha:0.50056
[MOE_TRACE] Group:1 Prob:0.35313 Alpha:0.50230
[MOE_TRACE] Group:1 Prob:0.35313 Alpha:0.50230
[MOE_TRACE] Group:0 Prob:0.84098 Alpha:0.50056[MOE_TRACE] Group:2 Prob:0.82092 Alpha:0.50097

[MOE_TRACE] Group:2 Prob:0.82092 Alpha:0.50097
[MOE_TRACE] Group:1 Prob:0.35313 Alpha:0.50230
[MOE_TRACE] Group:2 Prob:0.82092 Alpha:0.50097
[MOE_TRACE] Group:0 Prob:0.82200 Alpha:0.50056
[MOE_TRACE] Group:1 Prob:0.35719 Alpha:0.50230
[MOE_TRACE] Group:2 Prob:0.83419 Alpha:0.50097
[MOE_TRACE] Group:0 Prob:0.82200 Alpha:0.50056
[MOE_TRACE] Group:0 Prob:0.82200 Alpha:0.50056
[MOE_TRACE] Group:1 Prob:0.35719 Alpha:0.50230
[MOE_TRACE] Group:1 Prob:0.35719 Alpha:0.50230
[MOE_TRACE] Group:2 Prob:0.83419 Alpha:0.50097
[MOE_TRACE] Group:2 Prob:0.83419 Alpha:0.50097
[MOE_TRACE] Group:0 Prob:0.82200 Alpha:0.50056
[MOE_TRACE] Group:1 Prob:0.35719 Alpha:0.50230
[MOE_TRACE] Group:2 Prob:0.83419 Alpha:0.50097
[MOE_TRACE] Group:0 Prob:0.81871 Alpha:0.50056
[MOE_TRACE] Group:1 Prob:0.36446 Alpha:0.50230
[MOE_TRACE] Group:2 Prob:0.82988 Alpha:0.50097
[MOE_TRACE] Group:0 Prob:0.81871 Alpha:0.50056
[MOE_TRACE] Group:1 Prob:0.36446 Alpha:0.50230
[MOE_TRACE] Group:2 Prob:0.82988 Alpha:0.50097
[MOE_TRACE] Group:0 Prob:0.81871 Alpha:0.50056
[MOE_TRACE] Group:1 Prob:0.36446 Alpha:0.50230
[MOE_TRACE] Group:2 Prob:0.82211 Alpha:0.50097
[MOE_TRACE] Group:0 Prob:0.81871 Alpha:0.50056
[MOE_TRACE] Group:1 Prob:0.36446 Alpha:0.50230
[MOE_TRACE] Group:2 Prob:0.82211 Alpha:0.50097
[MOE_TRACE] Group:0 Prob:0.84084 Alpha:0.50056
[MOE_TRACE] Group:1 Prob:0.35086 Alpha:0.50230
[MOE_TRACE] Group:2 Prob:0.81994 Alpha:0.50097
[MOE_TRACE] Group:0 Prob:0.84084 Alpha:0.50056
[MOE_TRACE] Group:1 Prob:0.35086 Alpha:0.50230
[MOE_TRACE] Group:2 Prob:0.81994 Alpha:0.50097
[MOE_TRACE] Group:0 Prob:0.84084 Alpha:0.50056
[MOE_TRACE] Group:1 Prob:0.35086 Alpha:0.50230
[MOE_TRACE] Group:0 Prob:0.84084 Alpha:0.50056[MOE_TRACE] Group:2 Prob:0.81994 Alpha:0.50097

[MOE_TRACE] Group:1 Prob:0.35086 Alpha:0.50230
[MOE_TRACE] Group:2 Prob:0.81994 Alpha:0.50097
[MOE_TRACE] Group:0 Prob:0.83273 Alpha:0.50056
[MOE_TRACE] Group:1 Prob:0.35786 Alpha:0.50230
[MOE_TRACE] Group:2 Prob:0.82437 Alpha:0.50097
[MOE_TRACE] Group:0 Prob:0.83273 Alpha:0.50056
[MOE_TRACE] Group:1 Prob:0.35786 Alpha:0.50230
[MOE_TRACE] Group:2 Prob:0.82691 Alpha:0.50097
[MOE_TRACE] Group:0 Prob:0.83273 Alpha:0.50056
[MOE_TRACE] Group:1 Prob:0.35786 Alpha:0.50230
[MOE_TRACE] Group:2 Prob:0.82691 Alpha:0.50097
[MOE_TRACE] Group:0 Prob:0.83273 Alpha:0.50056
[MOE_TRACE] Group:1 Prob:0.35786 Alpha:0.50230
[MOE_TRACE] Group:2 Prob:0.82691 Alpha:0.50097
[MOE_TRACE] Group:0 Prob:0.82158 Alpha:0.50056
[MOE_TRACE] Group:1 Prob:0.35515 Alpha:0.50230
[MOE_TRACE] Group:2 Prob:0.83113 Alpha:0.50097
[MOE_TRACE] Group:0 Prob:0.82158 Alpha:0.50056
[MOE_TRACE] Group:1 Prob:0.35515 Alpha:0.50230
[MOE_TRACE] Group:2 Prob:0.83113 Alpha:0.50097
[MOE_TRACE] Group:0 Prob:0.82158 Alpha:0.50056
[MOE_TRACE] Group:1 Prob:0.35515 Alpha:0.50230
[MOE_TRACE] Group:2 Prob:0.83113 Alpha:0.50097
[MOE_TRACE] Group:0 Prob:0.82158 Alpha:0.50056
[MOE_TRACE] Group:1 Prob:0.35515 Alpha:0.50230
[MOE_TRACE] Group:2 Prob:0.83113 Alpha:0.50097
[MOE_TRACE] Group:0 Prob:0.83442 Alpha:0.50056
[MOE_TRACE] Group:1 Prob:0.34551 Alpha:0.50230
[MOE_TRACE] Group:0 Prob:0.83442 Alpha:0.50056
[MOE_TRACE] Group:2 Prob:0.82512 Alpha:0.50097
[MOE_TRACE] Group:1 Prob:0.34551 Alpha:0.50230
[MOE_TRACE] Group:2 Prob:0.82512 Alpha:0.50097
[MOE_TRACE] Group:0 Prob:0.83442 Alpha:0.50056
[MOE_TRACE] Group:1 Prob:0.34551 Alpha:0.50230
[MOE_TRACE] Group:2 Prob:0.82512 Alpha:0.50097
[MOE_TRACE] Group:0 Prob:0.83442 Alpha:0.50056
[MOE_TRACE] Group:1 Prob:0.34551 Alpha:0.50230
[MOE_TRACE] Group:2 Prob:0.82512 Alpha:0.50097
[MOE_TRACE] Group:0 Prob:0.81190 Alpha:0.50056
[MOE_TRACE] Group:1 Prob:0.35769 Alpha:0.50230
[MOE_TRACE] Group:2 Prob:0.82217 Alpha:0.50097
[MOE_TRACE] Group:0 Prob:0.81190 Alpha:0.50056
[MOE_TRACE] Group:1 Prob:0.35769 Alpha:0.50230
[MOE_TRACE] Group:2 Prob:0.82217 Alpha:0.50097
[MOE_TRACE] Group:0 Prob:0.81190 Alpha:0.50056
[MOE_TRACE] Group:1 Prob:0.35769 Alpha:0.50230
[MOE_TRACE] Group:2 Prob:0.82217 Alpha:0.50097
[MOE_TRACE] Group:0 Prob:0.81190 Alpha:0.50056
[MOE_TRACE] Group:1 Prob:0.35769 Alpha:0.50230
[MOE_TRACE] Group:2 Prob:0.82217 Alpha:0.50097
[MOE_TRACE] Group:0 Prob:0.83932 Alpha:0.50056
[MOE_TRACE] Group:1 Prob:0.35675 Alpha:0.50230
[MOE_TRACE] Group:2 Prob:0.82671 Alpha:0.50097
[MOE_TRACE] Group:0 Prob:0.83932 Alpha:0.50056
[MOE_TRACE] Group:1 Prob:0.35675 Alpha:0.50230
[MOE_TRACE] Group:2 Prob:0.82671 Alpha:0.50097
[MOE_TRACE] Group:0 Prob:0.83932 Alpha:0.50056
[MOE_TRACE] Group:1 Prob:0.35675 Alpha:0.50230
[MOE_TRACE] Group:2 Prob:0.82671 Alpha:0.50097
[MOE_TRACE] Group:0 Prob:0.83932 Alpha:0.50056
[MOE_TRACE] Group:1 Prob:0.35675 Alpha:0.50230
[MOE_TRACE] Group:2 Prob:0.82671 Alpha:0.50097
[MOE_TRACE] Group:0 Prob:0.82915 Alpha:0.50056
[MOE_TRACE] Group:1 Prob:0.35637 Alpha:0.50230
[MOE_TRACE] Group:2 Prob:0.82287 Alpha:0.50097
[MOE_TRACE] Group:0 Prob:0.82915 Alpha:0.50056
[MOE_TRACE] Group:0 Prob:0.82915 Alpha:0.50056
[MOE_TRACE] Group:1 Prob:0.35637 Alpha:0.50230[MOE_TRACE] Group:1 Prob:0.35637 Alpha:0.50230

[MOE_TRACE] Group:2 Prob:0.82287 Alpha:0.50097
[MOE_TRACE] Group:2 Prob:0.82287 Alpha:0.50097
[MOE_TRACE] Group:0 Prob:0.82915 Alpha:0.50056
[MOE_TRACE] Group:1 Prob:0.35637 Alpha:0.50230
[MOE_TRACE] Group:2 Prob:0.82287 Alpha:0.50097
[MOE_TRACE] Group:0 Prob:0.83432 Alpha:0.50056
[MOE_TRACE] Group:0 Prob:0.83432 Alpha:0.50056
[MOE_TRACE] Group:0 Prob:0.83432 Alpha:0.50056
[MOE_TRACE] Group:1 Prob:0.34554 Alpha:0.50230[MOE_TRACE] Group:1 Prob:0.34554 Alpha:0.50230[MOE_TRACE] Group:1 Prob:0.34554 Alpha:0.50230


[MOE_TRACE] Group:2 Prob:0.83133 Alpha:0.50097[MOE_TRACE] Group:2 Prob:0.83133 Alpha:0.50097

[MOE_TRACE] Group:2 Prob:0.83133 Alpha:0.50097
[MOE_TRACE] Group:0 Prob:0.83432 Alpha:0.50056
[MOE_TRACE] Group:1 Prob:0.34554 Alpha:0.50230
[MOE_TRACE] Group:2 Prob:0.83133 Alpha:0.50097
[MOE_TRACE] Group:0 Prob:0.84159 Alpha:0.50056
[MOE_TRACE] Group:1 Prob:0.34795 Alpha:0.50231
[MOE_TRACE] Group:2 Prob:0.82427 Alpha:0.50097
[MOE_TRACE] Group:0 Prob:0.84159 Alpha:0.50056
[MOE_TRACE] Group:1 Prob:0.34795 Alpha:0.50231
[MOE_TRACE] Group:2 Prob:0.82739 Alpha:0.50097
[MOE_TRACE] Group:0 Prob:0.84159 Alpha:0.50056
[MOE_TRACE] Group:1 Prob:0.34795 Alpha:0.50231
[MOE_TRACE] Group:2 Prob:0.82739 Alpha:0.50097
[MOE_TRACE] Group:0 Prob:0.84159 Alpha:0.50056
[MOE_TRACE] Group:1 Prob:0.34795 Alpha:0.50231
[MOE_TRACE] Group:2 Prob:0.82739 Alpha:0.50097
[MOE_TRACE] Group:0 Prob:0.82919 Alpha:0.50056
[MOE_TRACE] Group:1 Prob:0.35564 Alpha:0.50231
[MOE_TRACE] Group:0 Prob:0.82919 Alpha:0.50056
[MOE_TRACE] Group:1 Prob:0.35564 Alpha:0.50231
[MOE_TRACE] Group:2 Prob:0.82093 Alpha:0.50097
[MOE_TRACE] Group:0 Prob:0.82919 Alpha:0.50056
[MOE_TRACE] Group:1 Prob:0.35564 Alpha:0.50231
[MOE_TRACE] Group:2 Prob:0.82093 Alpha:0.50097
[MOE_TRACE] Group:0 Prob:0.83525 Alpha:0.50056
[MOE_TRACE] Group:1 Prob:0.34252 Alpha:0.50231
[MOE_TRACE] Group:2 Prob:0.82315 Alpha:0.50097
[MOE_TRACE] Group:0 Prob:0.83525 Alpha:0.50056[MOE_TRACE] Group:0 Prob:0.83525 Alpha:0.50056

[MOE_TRACE] Group:1 Prob:0.34252 Alpha:0.50231
[MOE_TRACE] Group:1 Prob:0.34252 Alpha:0.50231
[MOE_TRACE] Group:2 Prob:0.82315 Alpha:0.50097
[MOE_TRACE] Group:2 Prob:0.82315 Alpha:0.50097
[MOE_TRACE] Group:0 Prob:0.83525 Alpha:0.50056
[MOE_TRACE] Group:1 Prob:0.34252 Alpha:0.50231
[MOE_TRACE] Group:2 Prob:0.82315 Alpha:0.50097
[MOE_TRACE] Group:0 Prob:0.83847 Alpha:0.50056
[MOE_TRACE] Group:1 Prob:0.36018 Alpha:0.50231
[MOE_TRACE] Group:2 Prob:0.82301 Alpha:0.50097
[MOE_TRACE] Group:0 Prob:0.83847 Alpha:0.50056
[MOE_TRACE] Group:1 Prob:0.36018 Alpha:0.50231
[MOE_TRACE] Group:2 Prob:0.82301 Alpha:0.50097
[MOE_TRACE] Group:0 Prob:0.83847 Alpha:0.50056
[MOE_TRACE] Group:1 Prob:0.36018 Alpha:0.50231
[MOE_TRACE] Group:2 Prob:0.82301 Alpha:0.50097
[MOE_TRACE] Group:0 Prob:0.83847 Alpha:0.50056
[MOE_TRACE] Group:1 Prob:0.36018 Alpha:0.50231
[MOE_TRACE] Group:2 Prob:0.82301 Alpha:0.50097
[MOE_TRACE] Group:0 Prob:0.84336 Alpha:0.50056
[MOE_TRACE] Group:1 Prob:0.33996 Alpha:0.50231
[MOE_TRACE] Group:2 Prob:0.82228 Alpha:0.50097
[MOE_TRACE] Group:0 Prob:0.84336 Alpha:0.50056
[MOE_TRACE] Group:1 Prob:0.33996 Alpha:0.50231
[MOE_TRACE] Group:2 Prob:0.82228 Alpha:0.50097
[MOE_TRACE] Group:0 Prob:0.84336 Alpha:0.50056
[MOE_TRACE] Group:1 Prob:0.33996 Alpha:0.50231
[MOE_TRACE] Group:2 Prob:0.82228 Alpha:0.50097
[MOE_TRACE] Group:0 Prob:0.84336 Alpha:0.50056
[MOE_TRACE] Group:1 Prob:0.33996 Alpha:0.50231
[MOE_TRACE] Group:2 Prob:0.82228 Alpha:0.50097
[MOE_TRACE] Group:0 Prob:0.82484 Alpha:0.50056
[MOE_TRACE] Group:1 Prob:0.34091 Alpha:0.50231
[MOE_TRACE] Group:2 Prob:0.82304 Alpha:0.50097
[MOE_TRACE] Group:0 Prob:0.82484 Alpha:0.50056
[MOE_TRACE] Group:1 Prob:0.34091 Alpha:0.50231
[MOE_TRACE] Group:2 Prob:0.82304 Alpha:0.50097
[MOE_TRACE] Group:0 Prob:0.82484 Alpha:0.50056
[MOE_TRACE] Group:1 Prob:0.34091 Alpha:0.50231
[MOE_TRACE] Group:2 Prob:0.82304 Alpha:0.50097
[MOE_TRACE] Group:0 Prob:0.82484 Alpha:0.50056
[MOE_TRACE] Group:1 Prob:0.34091 Alpha:0.50231
[MOE_TRACE] Group:2 Prob:0.82304 Alpha:0.50097
[MOE_TRACE] Group:0 Prob:0.83513 Alpha:0.50056
[MOE_TRACE] Group:1 Prob:0.36302 Alpha:0.50231
[MOE_TRACE] Group:2 Prob:0.81837 Alpha:0.50097
[MOE_TRACE] Group:0 Prob:0.83513 Alpha:0.50056
[MOE_TRACE] Group:1 Prob:0.36302 Alpha:0.50231
[MOE_TRACE] Group:2 Prob:0.81837 Alpha:0.50097
[MOE_TRACE] Group:0 Prob:0.83513 Alpha:0.50056
[MOE_TRACE] Group:1 Prob:0.36302 Alpha:0.50231
[MOE_TRACE] Group:2 Prob:0.83260 Alpha:0.50097
[MOE_TRACE] Group:0 Prob:0.83513 Alpha:0.50056
[MOE_TRACE] Group:1 Prob:0.36302 Alpha:0.50231
[MOE_TRACE] Group:2 Prob:0.83260 Alpha:0.50097
[MOE_TRACE] Group:0 Prob:0.82498 Alpha:0.50056
[MOE_TRACE] Group:1 Prob:0.36180 Alpha:0.50231
[MOE_TRACE] Group:2 Prob:0.82720 Alpha:0.50097
[MOE_TRACE] Group:0 Prob:0.82498 Alpha:0.50056
[MOE_TRACE] Group:1 Prob:0.36180 Alpha:0.50231
[MOE_TRACE] Group:2 Prob:0.82720 Alpha:0.50097
[MOE_TRACE] Group:0 Prob:0.82498 Alpha:0.50056
[MOE_TRACE] Group:1 Prob:0.36180 Alpha:0.50231
[MOE_TRACE] Group:2 Prob:0.82720 Alpha:0.50097
[MOE_TRACE] Group:0 Prob:0.82498 Alpha:0.50056
[MOE_TRACE] Group:1 Prob:0.36180 Alpha:0.50231
[MOE_TRACE] Group:2 Prob:0.82720 Alpha:0.50097
[MOE_TRACE] Group:0 Prob:0.83405 Alpha:0.50056
[MOE_TRACE] Group:1 Prob:0.34871 Alpha:0.50231
[MOE_TRACE] Group:2 Prob:0.82424 Alpha:0.50097
[MOE_TRACE] Group:0 Prob:0.83405 Alpha:0.50056
[MOE_TRACE] Group:1 Prob:0.34871 Alpha:0.50231
[MOE_TRACE] Group:2 Prob:0.82424 Alpha:0.50097
[MOE_TRACE] Group:0 Prob:0.83405 Alpha:0.50056
[MOE_TRACE] Group:1 Prob:0.34871 Alpha:0.50231
[MOE_TRACE] Group:2 Prob:0.82424 Alpha:0.50097
[MOE_TRACE] Group:0 Prob:0.83405 Alpha:0.50056
[MOE_TRACE] Group:1 Prob:0.34871 Alpha:0.50231
[MOE_TRACE] Group:2 Prob:0.82424 Alpha:0.50097
[MOE_TRACE] Group:0 Prob:0.82450 Alpha:0.50056
[MOE_TRACE] Group:0 Prob:0.82450 Alpha:0.50056
[MOE_TRACE] Group:1 Prob:0.34807 Alpha:0.50231
[MOE_TRACE] Group:1 Prob:0.34807 Alpha:0.50231
[MOE_TRACE] Group:2 Prob:0.82323 Alpha:0.50097
[MOE_TRACE] Group:2 Prob:0.82323 Alpha:0.50097
[MOE_TRACE] Group:0 Prob:0.82450 Alpha:0.50056
[MOE_TRACE] Group:1 Prob:0.34807 Alpha:0.50231
[MOE_TRACE] Group:2 Prob:0.82323 Alpha:0.50097
[MOE_TRACE] Group:0 Prob:0.82450 Alpha:0.50056
[MOE_TRACE] Group:1 Prob:0.34807 Alpha:0.50231
[MOE_TRACE] Group:2 Prob:0.82323 Alpha:0.50097
[MOE_TRACE] Group:0 Prob:0.83129 Alpha:0.50056
[MOE_TRACE] Group:1 Prob:0.36345 Alpha:0.50231
[MOE_TRACE] Group:0 Prob:0.83129 Alpha:0.50056
[MOE_TRACE] Group:0 Prob:0.83129 Alpha:0.50056
[MOE_TRACE] Group:2 Prob:0.82601 Alpha:0.50097
[MOE_TRACE] Group:1 Prob:0.36345 Alpha:0.50231
[MOE_TRACE] Group:1 Prob:0.36345 Alpha:0.50231
[MOE_TRACE] Group:2 Prob:0.83059 Alpha:0.50097
[MOE_TRACE] Group:2 Prob:0.83059 Alpha:0.50097
[MOE_TRACE] Group:0 Prob:0.83129 Alpha:0.50056
[MOE_TRACE] Group:1 Prob:0.36345 Alpha:0.50231
[MOE_TRACE] Group:2 Prob:0.83059 Alpha:0.50097
[MOE_TRACE] Group:0 Prob:0.82585 Alpha:0.50056
[MOE_TRACE] Group:0 Prob:0.82585 Alpha:0.50056
[MOE_TRACE] Group:1 Prob:0.35868 Alpha:0.50231
[MOE_TRACE] Group:2 Prob:0.82537 Alpha:0.50097
[MOE_TRACE] Group:1 Prob:0.35868 Alpha:0.50231
[MOE_TRACE] Group:2 Prob:0.82537 Alpha:0.50097
[MOE_TRACE] Group:0 Prob:0.82585 Alpha:0.50056
[MOE_TRACE] Group:1 Prob:0.35868 Alpha:0.50231
[MOE_TRACE] Group:2 Prob:0.82537 Alpha:0.50097
[MOE_TRACE] Group:0 Prob:0.82585 Alpha:0.50056
[MOE_TRACE] Group:1 Prob:0.35868 Alpha:0.50231
[MOE_TRACE] Group:2 Prob:0.82537 Alpha:0.50097
[MOE_TRACE] Group:0 Prob:0.81790 Alpha:0.50056
[MOE_TRACE] Group:1 Prob:0.34649 Alpha:0.50231
[MOE_TRACE] Group:2 Prob:0.82212 Alpha:0.50097
[MOE_TRACE] Group:0 Prob:0.81790 Alpha:0.50056
[MOE_TRACE] Group:1 Prob:0.34649 Alpha:0.50231
[MOE_TRACE] Group:2 Prob:0.82212 Alpha:0.50097
[MOE_TRACE] Group:0 Prob:0.81790 Alpha:0.50056
[MOE_TRACE] Group:1 Prob:0.34649 Alpha:0.50231
[MOE_TRACE] Group:2 Prob:0.82212 Alpha:0.50097
[MOE_TRACE] Group:0 Prob:0.81790 Alpha:0.50056
[MOE_TRACE] Group:1 Prob:0.34649 Alpha:0.50231
[MOE_TRACE] Group:2 Prob:0.82212 Alpha:0.50097
[MOE_TRACE] Group:0 Prob:0.83506 Alpha:0.50056
[MOE_TRACE] Group:0 Prob:0.83506 Alpha:0.50056
[MOE_TRACE] Group:0 Prob:0.83506 Alpha:0.50056
[MOE_TRACE] Group:1 Prob:0.34027 Alpha:0.50231
[MOE_TRACE] Group:1 Prob:0.34027 Alpha:0.50231
[MOE_TRACE] Group:2 Prob:0.82547 Alpha:0.50097[MOE_TRACE] Group:2 Prob:0.82547 Alpha:0.50097

[MOE_TRACE] Group:1 Prob:0.34027 Alpha:0.50231
[MOE_TRACE] Group:2 Prob:0.82547 Alpha:0.50097
[MOE_TRACE] Group:0 Prob:0.83506 Alpha:0.50056
[MOE_TRACE] Group:1 Prob:0.34027 Alpha:0.50231
[MOE_TRACE] Group:2 Prob:0.82547 Alpha:0.50097
[MOE_TRACE] Group:0 Prob:0.82758 Alpha:0.50056
[MOE_TRACE] Group:2 Prob:0.82933 Alpha:0.50097
[MOE_TRACE] Group:0 Prob:0.82758 Alpha:0.50056
[MOE_TRACE] Group:1 Prob:0.35032 Alpha:0.50231
[MOE_TRACE] Group:2 Prob:0.82933 Alpha:0.50097
[MOE_TRACE] Group:0 Prob:0.82758 Alpha:0.50056
[MOE_TRACE] Group:1 Prob:0.35032 Alpha:0.50231
[MOE_TRACE] Group:2 Prob:0.82111 Alpha:0.50097
[MOE_TRACE] Group:0 Prob:0.82758 Alpha:0.50056
[MOE_TRACE] Group:1 Prob:0.35032 Alpha:0.50231
[MOE_TRACE] Group:2 Prob:0.82111 Alpha:0.50097
[MOE_TRACE] Group:0 Prob:0.82723 Alpha:0.50056
[MOE_TRACE] Group:1 Prob:0.35527 Alpha:0.50231
[MOE_TRACE] Group:2 Prob:0.82294 Alpha:0.50097
[MOE_TRACE] Group:0 Prob:0.82723 Alpha:0.50056
[MOE_TRACE] Group:1 Prob:0.35527 Alpha:0.50231
[MOE_TRACE] Group:2 Prob:0.82294 Alpha:0.50097
[MOE_TRACE] Group:0 Prob:0.82723 Alpha:0.50056
[MOE_TRACE] Group:0 Prob:0.82723 Alpha:0.50056[MOE_TRACE] Group:1 Prob:0.35527 Alpha:0.50231

[MOE_TRACE] Group:1 Prob:0.35527 Alpha:0.50231
[MOE_TRACE] Group:2 Prob:0.82294 Alpha:0.50097
[MOE_TRACE] Group:2 Prob:0.82294 Alpha:0.50097
[MOE_TRACE] Group:0 Prob:0.83029 Alpha:0.50056
[MOE_TRACE] Group:1 Prob:0.34473 Alpha:0.50232
[MOE_TRACE] Group:2 Prob:0.82736 Alpha:0.50097
[MOE_TRACE] Group:0 Prob:0.83029 Alpha:0.50056
[MOE_TRACE] Group:1 Prob:0.34473 Alpha:0.50232
[MOE_TRACE] Group:2 Prob:0.82736 Alpha:0.50097
[MOE_TRACE] Group:0 Prob:0.83029 Alpha:0.50056
[MOE_TRACE] Group:1 Prob:0.34473 Alpha:0.50232
[MOE_TRACE] Group:2 Prob:0.82736 Alpha:0.50097
[MOE_TRACE] Group:0 Prob:0.83029 Alpha:0.50056
[MOE_TRACE] Group:1 Prob:0.34473 Alpha:0.50232
[MOE_TRACE] Group:2 Prob:0.82736 Alpha:0.50097
[MOE_TRACE] Group:0 Prob:0.82255 Alpha:0.50056
[MOE_TRACE] Group:1 Prob:0.35173 Alpha:0.50232[MOE_TRACE] Group:0 Prob:0.82255 Alpha:0.50056

[MOE_TRACE] Group:0 Prob:0.82255 Alpha:0.50056[MOE_TRACE] Group:2 Prob:0.82741 Alpha:0.50097

[MOE_TRACE] Group:1 Prob:0.35173 Alpha:0.50232
[MOE_TRACE] Group:2 Prob:0.82741 Alpha:0.50097
[MOE_TRACE] Group:1 Prob:0.35173 Alpha:0.50232
[MOE_TRACE] Group:2 Prob:0.82741 Alpha:0.50097
[MOE_TRACE] Group:0 Prob:0.82255 Alpha:0.50056
[MOE_TRACE] Group:1 Prob:0.35173 Alpha:0.50232
[MOE_TRACE] Group:2 Prob:0.82741 Alpha:0.50097
[MOE_TRACE] Group:0 Prob:0.82007 Alpha:0.50056
[MOE_TRACE] Group:1 Prob:0.34855 Alpha:0.50232
[MOE_TRACE] Group:0 Prob:0.82007 Alpha:0.50056
[MOE_TRACE] Group:0 Prob:0.82007 Alpha:0.50056[MOE_TRACE] Group:1 Prob:0.34855 Alpha:0.50232

[MOE_TRACE] Group:2 Prob:0.82572 Alpha:0.50097
[MOE_TRACE] Group:1 Prob:0.34855 Alpha:0.50232
[MOE_TRACE] Group:2 Prob:0.82572 Alpha:0.50097
[MOE_TRACE] Group:2 Prob:0.82572 Alpha:0.50097
[MOE_TRACE] Group:0 Prob:0.82007 Alpha:0.50056
[MOE_TRACE] Group:1 Prob:0.34855 Alpha:0.50232
[MOE_TRACE] Group:2 Prob:0.82572 Alpha:0.50097
[MOE_TRACE] Group:0 Prob:0.83021 Alpha:0.50056
[MOE_TRACE] Group:1 Prob:0.33897 Alpha:0.50232
[MOE_TRACE] Group:2 Prob:0.82229 Alpha:0.50097
[MOE_TRACE] Group:0 Prob:0.83021 Alpha:0.50056
[MOE_TRACE] Group:1 Prob:0.33897 Alpha:0.50232
[MOE_TRACE] Group:2 Prob:0.82229 Alpha:0.50097
[MOE_TRACE] Group:0 Prob:0.83021 Alpha:0.50056
[MOE_TRACE] Group:1 Prob:0.33897 Alpha:0.50232
[MOE_TRACE] Group:2 Prob:0.82229 Alpha:0.50097
[MOE_TRACE] Group:0 Prob:0.83021 Alpha:0.50056
[MOE_TRACE] Group:1 Prob:0.33897 Alpha:0.50232
[MOE_TRACE] Group:2 Prob:0.82229 Alpha:0.50097
[MOE_TRACE] Group:0 Prob:0.82563 Alpha:0.50056[MOE_TRACE] Group:0 Prob:0.82563 Alpha:0.50056

[MOE_TRACE] Group:1 Prob:0.36193 Alpha:0.50232
[MOE_TRACE] Group:1 Prob:0.36193 Alpha:0.50232
[MOE_TRACE] Group:2 Prob:0.82743 Alpha:0.50097
[MOE_TRACE] Group:2 Prob:0.82743 Alpha:0.50097
[MOE_TRACE] Group:0 Prob:0.82563 Alpha:0.50056
[MOE_TRACE] Group:1 Prob:0.36193 Alpha:0.50232
[MOE_TRACE] Group:2 Prob:0.82743 Alpha:0.50097
[MOE_TRACE] Group:0 Prob:0.82563 Alpha:0.50056
[MOE_TRACE] Group:1 Prob:0.36193 Alpha:0.50232
[MOE_TRACE] Group:2 Prob:0.82743 Alpha:0.50097
[MOE_TRACE] Group:0 Prob:0.82305 Alpha:0.50056
[MOE_TRACE] Group:0 Prob:0.82305 Alpha:0.50056
[MOE_TRACE] Group:1 Prob:0.34581 Alpha:0.50232
[MOE_TRACE] Group:1 Prob:0.34581 Alpha:0.50232
[MOE_TRACE] Group:2 Prob:0.82759 Alpha:0.50097
[MOE_TRACE] Group:2 Prob:0.82759 Alpha:0.50097
[MOE_TRACE] Group:0 Prob:0.82305 Alpha:0.50056
[MOE_TRACE] Group:1 Prob:0.34581 Alpha:0.50232
[MOE_TRACE] Group:2 Prob:0.82759 Alpha:0.50097
[MOE_TRACE] Group:0 Prob:0.82305 Alpha:0.50056
[MOE_TRACE] Group:1 Prob:0.34581 Alpha:0.50232
[MOE_TRACE] Group:2 Prob:0.82759 Alpha:0.50097
Epoch: 6 cost time: 38.022011041641235
Epoch: 6, Steps: 147 | Train Loss: 0.3868972 Vali Loss: 0.2857420 Test Loss: 0.2981344
EarlyStopping counter: 1 out of 3
Updating learning rate to 3.125e-06
[MOE_TRACE] Group:0 Prob:0.82255 Alpha:0.50056
[MOE_TRACE] Group:1 Prob:0.34864 Alpha:0.50232
[MOE_TRACE] Group:2 Prob:0.82361 Alpha:0.50097
[MOE_TRACE] Group:0 Prob:0.82255 Alpha:0.50056
[MOE_TRACE] Group:1 Prob:0.34864 Alpha:0.50232
[MOE_TRACE] Group:0 Prob:0.82255 Alpha:0.50056
[MOE_TRACE] Group:2 Prob:0.82361 Alpha:0.50097
[MOE_TRACE] Group:1 Prob:0.34864 Alpha:0.50232
[MOE_TRACE] Group:2 Prob:0.82361 Alpha:0.50097
[MOE_TRACE] Group:0 Prob:0.82255 Alpha:0.50056
[MOE_TRACE] Group:1 Prob:0.34864 Alpha:0.50232
[MOE_TRACE] Group:2 Prob:0.82361 Alpha:0.50097
[MOE_TRACE] Group:0 Prob:0.82381 Alpha:0.50056
[MOE_TRACE] Group:1 Prob:0.35633 Alpha:0.50232
[MOE_TRACE] Group:2 Prob:0.82705 Alpha:0.50097
[MOE_TRACE] Group:0 Prob:0.82381 Alpha:0.50056
[MOE_TRACE] Group:1 Prob:0.35633 Alpha:0.50232
[MOE_TRACE] Group:2 Prob:0.82705 Alpha:0.50097
[MOE_TRACE] Group:0 Prob:0.82381 Alpha:0.50056
[MOE_TRACE] Group:1 Prob:0.35633 Alpha:0.50232
[MOE_TRACE] Group:2 Prob:0.82705 Alpha:0.50097
[MOE_TRACE] Group:0 Prob:0.82381 Alpha:0.50056
[MOE_TRACE] Group:1 Prob:0.35633 Alpha:0.50232
[MOE_TRACE] Group:2 Prob:0.82705 Alpha:0.50097
[MOE_TRACE] Group:0 Prob:0.82764 Alpha:0.50056
[MOE_TRACE] Group:1 Prob:0.34001 Alpha:0.50232
[MOE_TRACE] Group:2 Prob:0.83175 Alpha:0.50097
[MOE_TRACE] Group:0 Prob:0.82764 Alpha:0.50056
[MOE_TRACE] Group:1 Prob:0.34001 Alpha:0.50232
[MOE_TRACE] Group:2 Prob:0.83175 Alpha:0.50097
[MOE_TRACE] Group:0 Prob:0.82764 Alpha:0.50056
[MOE_TRACE] Group:1 Prob:0.34001 Alpha:0.50232
[MOE_TRACE] Group:2 Prob:0.83175 Alpha:0.50097
[MOE_TRACE] Group:0 Prob:0.82764 Alpha:0.50056
[MOE_TRACE] Group:1 Prob:0.34001 Alpha:0.50232
[MOE_TRACE] Group:2 Prob:0.83175 Alpha:0.50097
[MOE_TRACE] Group:0 Prob:0.82924 Alpha:0.50056
[MOE_TRACE] Group:1 Prob:0.36194 Alpha:0.50232
[MOE_TRACE] Group:2 Prob:0.82563 Alpha:0.50097
[MOE_TRACE] Group:0 Prob:0.82924 Alpha:0.50056
[MOE_TRACE] Group:1 Prob:0.36194 Alpha:0.50232
[MOE_TRACE] Group:2 Prob:0.82523 Alpha:0.50097
[MOE_TRACE] Group:0 Prob:0.82924 Alpha:0.50056
[MOE_TRACE] Group:1 Prob:0.36194 Alpha:0.50232
[MOE_TRACE] Group:2 Prob:0.82523 Alpha:0.50097
[MOE_TRACE] Group:0 Prob:0.82924 Alpha:0.50056
[MOE_TRACE] Group:1 Prob:0.36194 Alpha:0.50232
[MOE_TRACE] Group:2 Prob:0.82523 Alpha:0.50097
[MOE_TRACE] Group:0 Prob:0.82532 Alpha:0.50057
[MOE_TRACE] Group:1 Prob:0.35752 Alpha:0.50232
[MOE_TRACE] Group:2 Prob:0.82972 Alpha:0.50097
[MOE_TRACE] Group:0 Prob:0.82532 Alpha:0.50057
[MOE_TRACE] Group:1 Prob:0.35752 Alpha:0.50232
[MOE_TRACE] Group:2 Prob:0.82972 Alpha:0.50097
[MOE_TRACE] Group:0 Prob:0.82532 Alpha:0.50057
[MOE_TRACE] Group:1 Prob:0.35752 Alpha:0.50232
[MOE_TRACE] Group:2 Prob:0.82972 Alpha:0.50097
[MOE_TRACE] Group:0 Prob:0.82532 Alpha:0.50057
[MOE_TRACE] Group:1 Prob:0.35752 Alpha:0.50232
[MOE_TRACE] Group:2 Prob:0.82972 Alpha:0.50097
[MOE_TRACE] Group:0 Prob:0.82737 Alpha:0.50057
[MOE_TRACE] Group:1 Prob:0.33666 Alpha:0.50232
[MOE_TRACE] Group:2 Prob:0.82223 Alpha:0.50097
[MOE_TRACE] Group:0 Prob:0.82737 Alpha:0.50057
[MOE_TRACE] Group:1 Prob:0.33666 Alpha:0.50232
[MOE_TRACE] Group:2 Prob:0.82223 Alpha:0.50097
[MOE_TRACE] Group:0 Prob:0.82737 Alpha:0.50057
[MOE_TRACE] Group:1 Prob:0.33666 Alpha:0.50232
[MOE_TRACE] Group:2 Prob:0.82223 Alpha:0.50097
[MOE_TRACE] Group:0 Prob:0.82737 Alpha:0.50057
[MOE_TRACE] Group:1 Prob:0.33666 Alpha:0.50232
[MOE_TRACE] Group:2 Prob:0.82223 Alpha:0.50097
[MOE_TRACE] Group:0 Prob:0.83857 Alpha:0.50057
[MOE_TRACE] Group:1 Prob:0.35908 Alpha:0.50232
[MOE_TRACE] Group:2 Prob:0.82879 Alpha:0.50097
[MOE_TRACE] Group:0 Prob:0.83857 Alpha:0.50057
[MOE_TRACE] Group:0 Prob:0.83857 Alpha:0.50057
[MOE_TRACE] Group:1 Prob:0.35908 Alpha:0.50232
[MOE_TRACE] Group:1 Prob:0.35908 Alpha:0.50232[MOE_TRACE] Group:2 Prob:0.82879 Alpha:0.50097

[MOE_TRACE] Group:2 Prob:0.82879 Alpha:0.50097
[MOE_TRACE] Group:0 Prob:0.83857 Alpha:0.50057
[MOE_TRACE] Group:1 Prob:0.35908 Alpha:0.50232
[MOE_TRACE] Group:2 Prob:0.82879 Alpha:0.50097
[MOE_TRACE] Group:0 Prob:0.82694 Alpha:0.50057
[MOE_TRACE] Group:1 Prob:0.33845 Alpha:0.50233
[MOE_TRACE] Group:0 Prob:0.82694 Alpha:0.50057
[MOE_TRACE] Group:2 Prob:0.81615 Alpha:0.50097
[MOE_TRACE] Group:1 Prob:0.33845 Alpha:0.50233
[MOE_TRACE] Group:2 Prob:0.81615 Alpha:0.50097
[MOE_TRACE] Group:0 Prob:0.82694 Alpha:0.50057
[MOE_TRACE] Group:1 Prob:0.33845 Alpha:0.50233[MOE_TRACE] Group:0 Prob:0.82694 Alpha:0.50057

[MOE_TRACE] Group:2 Prob:0.81615 Alpha:0.50097
[MOE_TRACE] Group:1 Prob:0.33845 Alpha:0.50233
[MOE_TRACE] Group:2 Prob:0.81615 Alpha:0.50097
[MOE_TRACE] Group:0 Prob:0.83270 Alpha:0.50057
[MOE_TRACE] Group:1 Prob:0.34051 Alpha:0.50233
[MOE_TRACE] Group:2 Prob:0.82158 Alpha:0.50097
[MOE_TRACE] Group:0 Prob:0.83270 Alpha:0.50057
[MOE_TRACE] Group:0 Prob:0.83270 Alpha:0.50057[MOE_TRACE] Group:1 Prob:0.34051 Alpha:0.50233

[MOE_TRACE] Group:1 Prob:0.34051 Alpha:0.50233
[MOE_TRACE] Group:2 Prob:0.82158 Alpha:0.50097
[MOE_TRACE] Group:2 Prob:0.82158 Alpha:0.50097
[MOE_TRACE] Group:0 Prob:0.83270 Alpha:0.50057
[MOE_TRACE] Group:1 Prob:0.34051 Alpha:0.50233
[MOE_TRACE] Group:2 Prob:0.82158 Alpha:0.50097
[MOE_TRACE] Group:0 Prob:0.82841 Alpha:0.50057
[MOE_TRACE] Group:1 Prob:0.34527 Alpha:0.50233
[MOE_TRACE] Group:2 Prob:0.81801 Alpha:0.50097
[MOE_TRACE] Group:0 Prob:0.82841 Alpha:0.50057
[MOE_TRACE] Group:1 Prob:0.34527 Alpha:0.50233
[MOE_TRACE] Group:2 Prob:0.81801 Alpha:0.50097
[MOE_TRACE] Group:0 Prob:0.82841 Alpha:0.50057
[MOE_TRACE] Group:1 Prob:0.34527 Alpha:0.50233
[MOE_TRACE] Group:2 Prob:0.81801 Alpha:0.50097
[MOE_TRACE] Group:0 Prob:0.82841 Alpha:0.50057
[MOE_TRACE] Group:1 Prob:0.34527 Alpha:0.50233
[MOE_TRACE] Group:2 Prob:0.81801 Alpha:0.50097
[MOE_TRACE] Group:0 Prob:0.82405 Alpha:0.50057
[MOE_TRACE] Group:1 Prob:0.35052 Alpha:0.50233
[MOE_TRACE] Group:2 Prob:0.82794 Alpha:0.50097
[MOE_TRACE] Group:0 Prob:0.82405 Alpha:0.50057
[MOE_TRACE] Group:1 Prob:0.35052 Alpha:0.50233
[MOE_TRACE] Group:2 Prob:0.83021 Alpha:0.50097
[MOE_TRACE] Group:0 Prob:0.82405 Alpha:0.50057
[MOE_TRACE] Group:1 Prob:0.35052 Alpha:0.50233
[MOE_TRACE] Group:2 Prob:0.83021 Alpha:0.50097
[MOE_TRACE] Group:0 Prob:0.82405 Alpha:0.50057
[MOE_TRACE] Group:1 Prob:0.35052 Alpha:0.50233
[MOE_TRACE] Group:2 Prob:0.83021 Alpha:0.50097
[MOE_TRACE] Group:0 Prob:0.82912 Alpha:0.50057
[MOE_TRACE] Group:1 Prob:0.35542 Alpha:0.50233
[MOE_TRACE] Group:2 Prob:0.82135 Alpha:0.50097
[MOE_TRACE] Group:0 Prob:0.82912 Alpha:0.50057
[MOE_TRACE] Group:1 Prob:0.35542 Alpha:0.50233
[MOE_TRACE] Group:2 Prob:0.82372 Alpha:0.50097
[MOE_TRACE] Group:0 Prob:0.82912 Alpha:0.50057
[MOE_TRACE] Group:1 Prob:0.35542 Alpha:0.50233
[MOE_TRACE] Group:2 Prob:0.82372 Alpha:0.50097
[MOE_TRACE] Group:0 Prob:0.82912 Alpha:0.50057
[MOE_TRACE] Group:1 Prob:0.35542 Alpha:0.50233
[MOE_TRACE] Group:2 Prob:0.82372 Alpha:0.50097
[MOE_TRACE] Group:0 Prob:0.82411 Alpha:0.50057
[MOE_TRACE] Group:1 Prob:0.36300 Alpha:0.50233
[MOE_TRACE] Group:2 Prob:0.82841 Alpha:0.50097
[MOE_TRACE] Group:0 Prob:0.82411 Alpha:0.50057
[MOE_TRACE] Group:1 Prob:0.34809 Alpha:0.50233
[MOE_TRACE] Group:2 Prob:0.82649 Alpha:0.50097
[MOE_TRACE] Group:0 Prob:0.82411 Alpha:0.50057
[MOE_TRACE] Group:1 Prob:0.34809 Alpha:0.50233
[MOE_TRACE] Group:2 Prob:0.82649 Alpha:0.50097
[MOE_TRACE] Group:0 Prob:0.82411 Alpha:0.50057
[MOE_TRACE] Group:1 Prob:0.34809 Alpha:0.50233
[MOE_TRACE] Group:2 Prob:0.82649 Alpha:0.50097
[MOE_TRACE] Group:0 Prob:0.83368 Alpha:0.50057
[MOE_TRACE] Group:1 Prob:0.34720 Alpha:0.50233
[MOE_TRACE] Group:2 Prob:0.83112 Alpha:0.50097
[MOE_TRACE] Group:0 Prob:0.83368 Alpha:0.50057
[MOE_TRACE] Group:1 Prob:0.34720 Alpha:0.50233
[MOE_TRACE] Group:2 Prob:0.83112 Alpha:0.50097
[MOE_TRACE] Group:0 Prob:0.83368 Alpha:0.50057
[MOE_TRACE] Group:1 Prob:0.34720 Alpha:0.50233
[MOE_TRACE] Group:2 Prob:0.83112 Alpha:0.50097
[MOE_TRACE] Group:0 Prob:0.83368 Alpha:0.50057
[MOE_TRACE] Group:1 Prob:0.34720 Alpha:0.50233
[MOE_TRACE] Group:2 Prob:0.83112 Alpha:0.50097
[MOE_TRACE] Group:0 Prob:0.82324 Alpha:0.50057
[MOE_TRACE] Group:1 Prob:0.34576 Alpha:0.50233
[MOE_TRACE] Group:2 Prob:0.82545 Alpha:0.50097
[MOE_TRACE] Group:0 Prob:0.82324 Alpha:0.50057
[MOE_TRACE] Group:1 Prob:0.34576 Alpha:0.50233
[MOE_TRACE] Group:2 Prob:0.82545 Alpha:0.50097
[MOE_TRACE] Group:0 Prob:0.82324 Alpha:0.50057
[MOE_TRACE] Group:1 Prob:0.34576 Alpha:0.50233
[MOE_TRACE] Group:2 Prob:0.82545 Alpha:0.50097
[MOE_TRACE] Group:0 Prob:0.82324 Alpha:0.50057
[MOE_TRACE] Group:1 Prob:0.34576 Alpha:0.50233
[MOE_TRACE] Group:2 Prob:0.82545 Alpha:0.50097
[MOE_TRACE] Group:0 Prob:0.81822 Alpha:0.50057
[MOE_TRACE] Group:1 Prob:0.35133 Alpha:0.50233
[MOE_TRACE] Group:2 Prob:0.82488 Alpha:0.50097
[MOE_TRACE] Group:0 Prob:0.81822 Alpha:0.50057
[MOE_TRACE] Group:1 Prob:0.35133 Alpha:0.50233
[MOE_TRACE] Group:2 Prob:0.82488 Alpha:0.50097
[MOE_TRACE] Group:0 Prob:0.81822 Alpha:0.50057
[MOE_TRACE] Group:1 Prob:0.35133 Alpha:0.50233
[MOE_TRACE] Group:2 Prob:0.82488 Alpha:0.50097
[MOE_TRACE] Group:0 Prob:0.81822 Alpha:0.50057
[MOE_TRACE] Group:1 Prob:0.35133 Alpha:0.50233
[MOE_TRACE] Group:2 Prob:0.82488 Alpha:0.50097
[MOE_TRACE] Group:2 Prob:0.82639 Alpha:0.50097
[MOE_TRACE] Group:0 Prob:0.82992 Alpha:0.50057
[MOE_TRACE] Group:1 Prob:0.34670 Alpha:0.50233
[MOE_TRACE] Group:2 Prob:0.82639 Alpha:0.50097
[MOE_TRACE] Group:0 Prob:0.82992 Alpha:0.50057
[MOE_TRACE] Group:1 Prob:0.34670 Alpha:0.50233
[MOE_TRACE] Group:2 Prob:0.82706 Alpha:0.50097
[MOE_TRACE] Group:0 Prob:0.82992 Alpha:0.50057
[MOE_TRACE] Group:1 Prob:0.34670 Alpha:0.50233
[MOE_TRACE] Group:2 Prob:0.82706 Alpha:0.50097
[MOE_TRACE] Group:0 Prob:0.83258 Alpha:0.50057
[MOE_TRACE] Group:1 Prob:0.34520 Alpha:0.50233
[MOE_TRACE] Group:2 Prob:0.81937 Alpha:0.50097
[MOE_TRACE] Group:0 Prob:0.83258 Alpha:0.50057
[MOE_TRACE] Group:1 Prob:0.34520 Alpha:0.50233
[MOE_TRACE] Group:2 Prob:0.81937 Alpha:0.50097
[MOE_TRACE] Group:0 Prob:0.83258 Alpha:0.50057
[MOE_TRACE] Group:1 Prob:0.34520 Alpha:0.50233
[MOE_TRACE] Group:2 Prob:0.82402 Alpha:0.50097
[MOE_TRACE] Group:0 Prob:0.83258 Alpha:0.50057
[MOE_TRACE] Group:1 Prob:0.34520 Alpha:0.50233
[MOE_TRACE] Group:2 Prob:0.82402 Alpha:0.50097
[MOE_TRACE] Group:0 Prob:0.82962 Alpha:0.50057
[MOE_TRACE] Group:1 Prob:0.35058 Alpha:0.50233
[MOE_TRACE] Group:2 Prob:0.82627 Alpha:0.50097
[MOE_TRACE] Group:0 Prob:0.82962 Alpha:0.50057
[MOE_TRACE] Group:0 Prob:0.82962 Alpha:0.50057
[MOE_TRACE] Group:1 Prob:0.35058 Alpha:0.50233
[MOE_TRACE] Group:2 Prob:0.82627 Alpha:0.50097[MOE_TRACE] Group:1 Prob:0.35058 Alpha:0.50233

[MOE_TRACE] Group:2 Prob:0.82627 Alpha:0.50097
[MOE_TRACE] Group:0 Prob:0.82962 Alpha:0.50057
[MOE_TRACE] Group:1 Prob:0.35058 Alpha:0.50233
[MOE_TRACE] Group:2 Prob:0.82627 Alpha:0.50097
[MOE_TRACE] Group:0 Prob:0.83059 Alpha:0.50057
[MOE_TRACE] Group:1 Prob:0.34532 Alpha:0.50233
[MOE_TRACE] Group:2 Prob:0.82174 Alpha:0.50097
[MOE_TRACE] Group:0 Prob:0.83059 Alpha:0.50057
[MOE_TRACE] Group:1 Prob:0.34532 Alpha:0.50233
[MOE_TRACE] Group:2 Prob:0.82333 Alpha:0.50097
[MOE_TRACE] Group:0 Prob:0.83059 Alpha:0.50057
[MOE_TRACE] Group:1 Prob:0.34532 Alpha:0.50233
[MOE_TRACE] Group:2 Prob:0.82333 Alpha:0.50097
[MOE_TRACE] Group:0 Prob:0.83059 Alpha:0.50057
[MOE_TRACE] Group:1 Prob:0.34532 Alpha:0.50233
[MOE_TRACE] Group:2 Prob:0.82333 Alpha:0.50097
[MOE_TRACE] Group:0 Prob:0.82682 Alpha:0.50057
[MOE_TRACE] Group:1 Prob:0.33914 Alpha:0.50233
[MOE_TRACE] Group:2 Prob:0.82340 Alpha:0.50097
[MOE_TRACE] Group:0 Prob:0.82682 Alpha:0.50057
[MOE_TRACE] Group:1 Prob:0.33914 Alpha:0.50233
[MOE_TRACE] Group:2 Prob:0.82340 Alpha:0.50097
[MOE_TRACE] Group:0 Prob:0.82682 Alpha:0.50057
[MOE_TRACE] Group:1 Prob:0.33914 Alpha:0.50233
[MOE_TRACE] Group:2 Prob:0.82340 Alpha:0.50097
[MOE_TRACE] Group:0 Prob:0.82682 Alpha:0.50057
[MOE_TRACE] Group:1 Prob:0.33914 Alpha:0.50233
[MOE_TRACE] Group:2 Prob:0.82340 Alpha:0.50097
[MOE_TRACE] Group:0 Prob:0.82943 Alpha:0.50057
[MOE_TRACE] Group:1 Prob:0.35870 Alpha:0.50233
[MOE_TRACE] Group:2 Prob:0.82206 Alpha:0.50097
[MOE_TRACE] Group:0 Prob:0.82943 Alpha:0.50057
[MOE_TRACE] Group:1 Prob:0.35870 Alpha:0.50233
[MOE_TRACE] Group:2 Prob:0.82206 Alpha:0.50097
[MOE_TRACE] Group:0 Prob:0.82943 Alpha:0.50057
[MOE_TRACE] Group:1 Prob:0.35870 Alpha:0.50233
[MOE_TRACE] Group:2 Prob:0.82206 Alpha:0.50097
[MOE_TRACE] Group:0 Prob:0.82943 Alpha:0.50057
[MOE_TRACE] Group:1 Prob:0.35870 Alpha:0.50233
[MOE_TRACE] Group:2 Prob:0.82206 Alpha:0.50097
[MOE_TRACE] Group:0 Prob:0.83205 Alpha:0.50057
[MOE_TRACE] Group:0 Prob:0.83205 Alpha:0.50057[MOE_TRACE] Group:1 Prob:0.35396 Alpha:0.50233

[MOE_TRACE] Group:1 Prob:0.35396 Alpha:0.50233
[MOE_TRACE] Group:2 Prob:0.82091 Alpha:0.50097
[MOE_TRACE] Group:2 Prob:0.82091 Alpha:0.50097
[MOE_TRACE] Group:0 Prob:0.83205 Alpha:0.50057
[MOE_TRACE] Group:1 Prob:0.35396 Alpha:0.50233
[MOE_TRACE] Group:2 Prob:0.82710 Alpha:0.50097
[MOE_TRACE] Group:0 Prob:0.83205 Alpha:0.50057
[MOE_TRACE] Group:1 Prob:0.35396 Alpha:0.50233
[MOE_TRACE] Group:2 Prob:0.82710 Alpha:0.50097
[MOE_TRACE] Group:0 Prob:0.82683 Alpha:0.50057
[MOE_TRACE] Group:1 Prob:0.35037 Alpha:0.50233
[MOE_TRACE] Group:2 Prob:0.82998 Alpha:0.50097
[MOE_TRACE] Group:0 Prob:0.82683 Alpha:0.50057
[MOE_TRACE] Group:1 Prob:0.35037 Alpha:0.50233
[MOE_TRACE] Group:2 Prob:0.82383 Alpha:0.50097
[MOE_TRACE] Group:0 Prob:0.82683 Alpha:0.50057
[MOE_TRACE] Group:1 Prob:0.35037 Alpha:0.50233
[MOE_TRACE] Group:2 Prob:0.82383 Alpha:0.50097
[MOE_TRACE] Group:0 Prob:0.82683 Alpha:0.50057
[MOE_TRACE] Group:1 Prob:0.35037 Alpha:0.50233
[MOE_TRACE] Group:2 Prob:0.82383 Alpha:0.50097
[MOE_TRACE] Group:0 Prob:0.82578 Alpha:0.50057
[MOE_TRACE] Group:1 Prob:0.34868 Alpha:0.50233
[MOE_TRACE] Group:2 Prob:0.83009 Alpha:0.50097
[MOE_TRACE] Group:0 Prob:0.82578 Alpha:0.50057
[MOE_TRACE] Group:1 Prob:0.34868 Alpha:0.50233
[MOE_TRACE] Group:2 Prob:0.83009 Alpha:0.50097
[MOE_TRACE] Group:0 Prob:0.82578 Alpha:0.50057
[MOE_TRACE] Group:1 Prob:0.34868 Alpha:0.50233
[MOE_TRACE] Group:0 Prob:0.82578 Alpha:0.50057
[MOE_TRACE] Group:2 Prob:0.83009 Alpha:0.50097
[MOE_TRACE] Group:1 Prob:0.34868 Alpha:0.50233
[MOE_TRACE] Group:2 Prob:0.83009 Alpha:0.50097
[MOE_TRACE] Group:0 Prob:0.82855 Alpha:0.50057
[MOE_TRACE] Group:0 Prob:0.82855 Alpha:0.50057
[MOE_TRACE] Group:1 Prob:0.35164 Alpha:0.50234
[MOE_TRACE] Group:1 Prob:0.35164 Alpha:0.50234
[MOE_TRACE] Group:2 Prob:0.82074 Alpha:0.50097
[MOE_TRACE] Group:2 Prob:0.82074 Alpha:0.50097
[MOE_TRACE] Group:0 Prob:0.82855 Alpha:0.50057
[MOE_TRACE] Group:1 Prob:0.35164 Alpha:0.50234
[MOE_TRACE] Group:2 Prob:0.82074 Alpha:0.50097
[MOE_TRACE] Group:0 Prob:0.82855 Alpha:0.50057
[MOE_TRACE] Group:1 Prob:0.35164 Alpha:0.50234
[MOE_TRACE] Group:2 Prob:0.82074 Alpha:0.50097
[MOE_TRACE] Group:2 Prob:0.82509 Alpha:0.50097
[MOE_TRACE] Group:0 Prob:0.82787 Alpha:0.50057
[MOE_TRACE] Group:1 Prob:0.34007 Alpha:0.50234
[MOE_TRACE] Group:2 Prob:0.82261 Alpha:0.50097
[MOE_TRACE] Group:0 Prob:0.82787 Alpha:0.50057
[MOE_TRACE] Group:1 Prob:0.34007 Alpha:0.50234
[MOE_TRACE] Group:2 Prob:0.82261 Alpha:0.50097
[MOE_TRACE] Group:0 Prob:0.82787 Alpha:0.50057
[MOE_TRACE] Group:1 Prob:0.34007 Alpha:0.50234
[MOE_TRACE] Group:2 Prob:0.82261 Alpha:0.50097
[MOE_TRACE] Group:2 Prob:0.82393 Alpha:0.50097
[MOE_TRACE] Group:2 Prob:0.82393 Alpha:0.50097
[MOE_TRACE] Group:0 Prob:0.83291 Alpha:0.50057
[MOE_TRACE] Group:1 Prob:0.34532 Alpha:0.50234
[MOE_TRACE] Group:2 Prob:0.82610 Alpha:0.50097
[MOE_TRACE] Group:0 Prob:0.83291 Alpha:0.50057
[MOE_TRACE] Group:1 Prob:0.34532 Alpha:0.50234
[MOE_TRACE] Group:2 Prob:0.82610 Alpha:0.50097
[MOE_TRACE] Group:0 Prob:0.82735 Alpha:0.50057
[MOE_TRACE] Group:1 Prob:0.35107 Alpha:0.50234
[MOE_TRACE] Group:2 Prob:0.82692 Alpha:0.50097
[MOE_TRACE] Group:0 Prob:0.82735 Alpha:0.50057
[MOE_TRACE] Group:1 Prob:0.35107 Alpha:0.50234
[MOE_TRACE] Group:2 Prob:0.82523 Alpha:0.50097
[MOE_TRACE] Group:0 Prob:0.82735 Alpha:0.50057
[MOE_TRACE] Group:1 Prob:0.35107 Alpha:0.50234
[MOE_TRACE] Group:2 Prob:0.82523 Alpha:0.50097
[MOE_TRACE] Group:0 Prob:0.82735 Alpha:0.50057
[MOE_TRACE] Group:1 Prob:0.35107 Alpha:0.50234
[MOE_TRACE] Group:2 Prob:0.82523 Alpha:0.50097
[MOE_TRACE] Group:0 Prob:0.81982 Alpha:0.50057
[MOE_TRACE] Group:1 Prob:0.35606 Alpha:0.50234
[MOE_TRACE] Group:2 Prob:0.82831 Alpha:0.50097
[MOE_TRACE] Group:0 Prob:0.81982 Alpha:0.50057
[MOE_TRACE] Group:1 Prob:0.35606 Alpha:0.50234
[MOE_TRACE] Group:0 Prob:0.81982 Alpha:0.50057
[MOE_TRACE] Group:2 Prob:0.82831 Alpha:0.50097
[MOE_TRACE] Group:1 Prob:0.35606 Alpha:0.50234
[MOE_TRACE] Group:2 Prob:0.82831 Alpha:0.50097
[MOE_TRACE] Group:0 Prob:0.81982 Alpha:0.50057
[MOE_TRACE] Group:1 Prob:0.35606 Alpha:0.50234
[MOE_TRACE] Group:2 Prob:0.82831 Alpha:0.50097
[MOE_TRACE] Group:0 Prob:0.83150 Alpha:0.50057
[MOE_TRACE] Group:1 Prob:0.34835 Alpha:0.50234
[MOE_TRACE] Group:2 Prob:0.82552 Alpha:0.50097
[MOE_TRACE] Group:0 Prob:0.83150 Alpha:0.50057
[MOE_TRACE] Group:1 Prob:0.34835 Alpha:0.50234
[MOE_TRACE] Group:2 Prob:0.82552 Alpha:0.50097
[MOE_TRACE] Group:0 Prob:0.83150 Alpha:0.50057
[MOE_TRACE] Group:1 Prob:0.34835 Alpha:0.50234
[MOE_TRACE] Group:2 Prob:0.82552 Alpha:0.50097
[MOE_TRACE] Group:0 Prob:0.83150 Alpha:0.50057
[MOE_TRACE] Group:1 Prob:0.34835 Alpha:0.50234
[MOE_TRACE] Group:2 Prob:0.82552 Alpha:0.50097
[MOE_TRACE] Group:0 Prob:0.83458 Alpha:0.50057
[MOE_TRACE] Group:2 Prob:0.82537 Alpha:0.50097
[MOE_TRACE] Group:0 Prob:0.83458 Alpha:0.50057
[MOE_TRACE] Group:1 Prob:0.35982 Alpha:0.50234
[MOE_TRACE] Group:2 Prob:0.82574 Alpha:0.50097
[MOE_TRACE] Group:0 Prob:0.83458 Alpha:0.50057
[MOE_TRACE] Group:1 Prob:0.35982 Alpha:0.50234
[MOE_TRACE] Group:2 Prob:0.82574 Alpha:0.50097
[MOE_TRACE] Group:0 Prob:0.83458 Alpha:0.50057
[MOE_TRACE] Group:1 Prob:0.35982 Alpha:0.50234
[MOE_TRACE] Group:2 Prob:0.82574 Alpha:0.50097
[MOE_TRACE] Group:0 Prob:0.82117 Alpha:0.50057
[MOE_TRACE] Group:1 Prob:0.35646 Alpha:0.50234
[MOE_TRACE] Group:2 Prob:0.82606 Alpha:0.50097
[MOE_TRACE] Group:0 Prob:0.82117 Alpha:0.50057
[MOE_TRACE] Group:1 Prob:0.35646 Alpha:0.50234
[MOE_TRACE] Group:2 Prob:0.82606 Alpha:0.50097
[MOE_TRACE] Group:0 Prob:0.82117 Alpha:0.50057
[MOE_TRACE] Group:1 Prob:0.35646 Alpha:0.50234
[MOE_TRACE] Group:2 Prob:0.82606 Alpha:0.50097
[MOE_TRACE] Group:0 Prob:0.82117 Alpha:0.50057
[MOE_TRACE] Group:1 Prob:0.35646 Alpha:0.50234
[MOE_TRACE] Group:2 Prob:0.82606 Alpha:0.50097
[MOE_TRACE] Group:0 Prob:0.83530 Alpha:0.50057
[MOE_TRACE] Group:1 Prob:0.34797 Alpha:0.50234
[MOE_TRACE] Group:2 Prob:0.82587 Alpha:0.50097
[MOE_TRACE] Group:0 Prob:0.83530 Alpha:0.50057
[MOE_TRACE] Group:1 Prob:0.34797 Alpha:0.50234
[MOE_TRACE] Group:2 Prob:0.83047 Alpha:0.50097
[MOE_TRACE] Group:0 Prob:0.83530 Alpha:0.50057
[MOE_TRACE] Group:1 Prob:0.34797 Alpha:0.50234
[MOE_TRACE] Group:2 Prob:0.83047 Alpha:0.50097
[MOE_TRACE] Group:0 Prob:0.83530 Alpha:0.50057
[MOE_TRACE] Group:1 Prob:0.34797 Alpha:0.50234
[MOE_TRACE] Group:2 Prob:0.83047 Alpha:0.50097
[MOE_TRACE] Group:2 Prob:0.82115 Alpha:0.50097
[MOE_TRACE] Group:0 Prob:0.83038 Alpha:0.50057
[MOE_TRACE] Group:1 Prob:0.34366 Alpha:0.50234
[MOE_TRACE] Group:2 Prob:0.82115 Alpha:0.50097
[MOE_TRACE] Group:0 Prob:0.83038 Alpha:0.50057
[MOE_TRACE] Group:1 Prob:0.34366 Alpha:0.50234
[MOE_TRACE] Group:2 Prob:0.82383 Alpha:0.50097
[MOE_TRACE] Group:0 Prob:0.83038 Alpha:0.50057
[MOE_TRACE] Group:1 Prob:0.34366 Alpha:0.50234
[MOE_TRACE] Group:2 Prob:0.82383 Alpha:0.50097
[MOE_TRACE] Group:0 Prob:0.82189 Alpha:0.50057
[MOE_TRACE] Group:1 Prob:0.33839 Alpha:0.50234
[MOE_TRACE] Group:2 Prob:0.82108 Alpha:0.50097
[MOE_TRACE] Group:0 Prob:0.82189 Alpha:0.50057
[MOE_TRACE] Group:0 Prob:0.82189 Alpha:0.50057
[MOE_TRACE] Group:1 Prob:0.33839 Alpha:0.50234[MOE_TRACE] Group:1 Prob:0.33839 Alpha:0.50234

[MOE_TRACE] Group:2 Prob:0.82108 Alpha:0.50097[MOE_TRACE] Group:2 Prob:0.82108 Alpha:0.50097

[MOE_TRACE] Group:0 Prob:0.82189 Alpha:0.50057
[MOE_TRACE] Group:1 Prob:0.33839 Alpha:0.50234
[MOE_TRACE] Group:2 Prob:0.82108 Alpha:0.50097
[MOE_TRACE] Group:0 Prob:0.82909 Alpha:0.50057
[MOE_TRACE] Group:0 Prob:0.82909 Alpha:0.50057
[MOE_TRACE] Group:1 Prob:0.35218 Alpha:0.50234
[MOE_TRACE] Group:2 Prob:0.82177 Alpha:0.50097
[MOE_TRACE] Group:0 Prob:0.82909 Alpha:0.50057[MOE_TRACE] Group:1 Prob:0.35218 Alpha:0.50234

[MOE_TRACE] Group:1 Prob:0.35218 Alpha:0.50234
[MOE_TRACE] Group:2 Prob:0.82177 Alpha:0.50097
[MOE_TRACE] Group:2 Prob:0.82177 Alpha:0.50097
[MOE_TRACE] Group:0 Prob:0.82909 Alpha:0.50057
[MOE_TRACE] Group:1 Prob:0.35218 Alpha:0.50234
[MOE_TRACE] Group:2 Prob:0.82177 Alpha:0.50097
[MOE_TRACE] Group:0 Prob:0.83181 Alpha:0.50057
[MOE_TRACE] Group:1 Prob:0.35505 Alpha:0.50234
[MOE_TRACE] Group:0 Prob:0.83181 Alpha:0.50057
[MOE_TRACE] Group:1 Prob:0.34680 Alpha:0.50234
[MOE_TRACE] Group:2 Prob:0.83407 Alpha:0.50097
[MOE_TRACE] Group:0 Prob:0.83181 Alpha:0.50057[MOE_TRACE] Group:0 Prob:0.83181 Alpha:0.50057

[MOE_TRACE] Group:1 Prob:0.34680 Alpha:0.50234
[MOE_TRACE] Group:1 Prob:0.34680 Alpha:0.50234
[MOE_TRACE] Group:2 Prob:0.82242 Alpha:0.50097
[MOE_TRACE] Group:2 Prob:0.82242 Alpha:0.50097
[MOE_TRACE] Group:0 Prob:0.83332 Alpha:0.50057
[MOE_TRACE] Group:1 Prob:0.35131 Alpha:0.50234[MOE_TRACE] Group:0 Prob:0.83332 Alpha:0.50057

[MOE_TRACE] Group:1 Prob:0.35131 Alpha:0.50234
[MOE_TRACE] Group:2 Prob:0.83024 Alpha:0.50097
[MOE_TRACE] Group:2 Prob:0.83024 Alpha:0.50097
[MOE_TRACE] Group:0 Prob:0.83332 Alpha:0.50057
[MOE_TRACE] Group:1 Prob:0.35131 Alpha:0.50234
[MOE_TRACE] Group:2 Prob:0.82878 Alpha:0.50097
[MOE_TRACE] Group:0 Prob:0.83332 Alpha:0.50057
[MOE_TRACE] Group:1 Prob:0.35131 Alpha:0.50234
[MOE_TRACE] Group:2 Prob:0.82878 Alpha:0.50097
[MOE_TRACE] Group:0 Prob:0.84348 Alpha:0.50057
[MOE_TRACE] Group:1 Prob:0.34845 Alpha:0.50234
[MOE_TRACE] Group:2 Prob:0.82343 Alpha:0.50097
[MOE_TRACE] Group:0 Prob:0.84348 Alpha:0.50057
[MOE_TRACE] Group:1 Prob:0.34845 Alpha:0.50234
[MOE_TRACE] Group:2 Prob:0.82343 Alpha:0.50097
[MOE_TRACE] Group:0 Prob:0.84348 Alpha:0.50057
[MOE_TRACE] Group:1 Prob:0.34845 Alpha:0.50234
[MOE_TRACE] Group:2 Prob:0.83062 Alpha:0.50097
[MOE_TRACE] Group:0 Prob:0.84348 Alpha:0.50057
[MOE_TRACE] Group:1 Prob:0.34845 Alpha:0.50234
[MOE_TRACE] Group:2 Prob:0.83062 Alpha:0.50097
[MOE_TRACE] Group:0 Prob:0.82538 Alpha:0.50057
[MOE_TRACE] Group:1 Prob:0.34195 Alpha:0.50234
[MOE_TRACE] Group:2 Prob:0.82166 Alpha:0.50097
[MOE_TRACE] Group:0 Prob:0.82538 Alpha:0.50057
[MOE_TRACE] Group:1 Prob:0.34195 Alpha:0.50234
[MOE_TRACE] Group:2 Prob:0.82166 Alpha:0.50097
[MOE_TRACE] Group:0 Prob:0.82538 Alpha:0.50057
[MOE_TRACE] Group:1 Prob:0.34195 Alpha:0.50234
[MOE_TRACE] Group:2 Prob:0.82166 Alpha:0.50097
[MOE_TRACE] Group:0 Prob:0.82538 Alpha:0.50057
[MOE_TRACE] Group:1 Prob:0.34195 Alpha:0.50234
[MOE_TRACE] Group:2 Prob:0.82166 Alpha:0.50097
[MOE_TRACE] Group:0 Prob:0.82942 Alpha:0.50057
[MOE_TRACE] Group:1 Prob:0.34279 Alpha:0.50234
[MOE_TRACE] Group:2 Prob:0.82471 Alpha:0.50097
[MOE_TRACE] Group:0 Prob:0.82942 Alpha:0.50057
[MOE_TRACE] Group:1 Prob:0.34279 Alpha:0.50234
[MOE_TRACE] Group:2 Prob:0.82471 Alpha:0.50097
[MOE_TRACE] Group:0 Prob:0.82942 Alpha:0.50057
[MOE_TRACE] Group:1 Prob:0.34279 Alpha:0.50234
[MOE_TRACE] Group:2 Prob:0.82471 Alpha:0.50097
[MOE_TRACE] Group:0 Prob:0.82942 Alpha:0.50057
[MOE_TRACE] Group:1 Prob:0.34279 Alpha:0.50234
[MOE_TRACE] Group:2 Prob:0.82471 Alpha:0.50097
[MOE_TRACE] Group:0 Prob:0.82578 Alpha:0.50057
[MOE_TRACE] Group:1 Prob:0.35753 Alpha:0.50234
[MOE_TRACE] Group:2 Prob:0.82107 Alpha:0.50097
[MOE_TRACE] Group:0 Prob:0.82578 Alpha:0.50057
[MOE_TRACE] Group:1 Prob:0.35753 Alpha:0.50234
[MOE_TRACE] Group:2 Prob:0.81478 Alpha:0.50097
[MOE_TRACE] Group:0 Prob:0.82578 Alpha:0.50057
[MOE_TRACE] Group:1 Prob:0.35753 Alpha:0.50234
[MOE_TRACE] Group:2 Prob:0.81478 Alpha:0.50097
[MOE_TRACE] Group:0 Prob:0.82578 Alpha:0.50057
[MOE_TRACE] Group:1 Prob:0.35753 Alpha:0.50234
[MOE_TRACE] Group:2 Prob:0.81478 Alpha:0.50097
[MOE_TRACE] Group:0 Prob:0.83566 Alpha:0.50057
[MOE_TRACE] Group:1 Prob:0.34917 Alpha:0.50234
[MOE_TRACE] Group:2 Prob:0.82824 Alpha:0.50097
[MOE_TRACE] Group:0 Prob:0.83566 Alpha:0.50057
[MOE_TRACE] Group:1 Prob:0.34917 Alpha:0.50234
[MOE_TRACE] Group:2 Prob:0.82824 Alpha:0.50097
[MOE_TRACE] Group:0 Prob:0.83566 Alpha:0.50057
[MOE_TRACE] Group:1 Prob:0.34917 Alpha:0.50234
[MOE_TRACE] Group:2 Prob:0.82824 Alpha:0.50097
[MOE_TRACE] Group:0 Prob:0.83566 Alpha:0.50057
[MOE_TRACE] Group:1 Prob:0.34917 Alpha:0.50234
[MOE_TRACE] Group:2 Prob:0.82824 Alpha:0.50097
[MOE_TRACE] Group:0 Prob:0.82043 Alpha:0.50057[MOE_TRACE] Group:0 Prob:0.82043 Alpha:0.50057

[MOE_TRACE] Group:1 Prob:0.34447 Alpha:0.50234
[MOE_TRACE] Group:2 Prob:0.82695 Alpha:0.50097
[MOE_TRACE] Group:1 Prob:0.34447 Alpha:0.50234
[MOE_TRACE] Group:2 Prob:0.82695 Alpha:0.50097
[MOE_TRACE] Group:0 Prob:0.82043 Alpha:0.50057
[MOE_TRACE] Group:1 Prob:0.34447 Alpha:0.50234
[MOE_TRACE] Group:2 Prob:0.82695 Alpha:0.50097
[MOE_TRACE] Group:0 Prob:0.82043 Alpha:0.50057
[MOE_TRACE] Group:1 Prob:0.34447 Alpha:0.50234
[MOE_TRACE] Group:2 Prob:0.82695 Alpha:0.50097
[MOE_TRACE] Group:0 Prob:0.83212 Alpha:0.50057
[MOE_TRACE] Group:1 Prob:0.35290 Alpha:0.50234
[MOE_TRACE] Group:2 Prob:0.82040 Alpha:0.50097
[MOE_TRACE] Group:0 Prob:0.83212 Alpha:0.50057
[MOE_TRACE] Group:1 Prob:0.35290 Alpha:0.50234
[MOE_TRACE] Group:2 Prob:0.82040 Alpha:0.50097
[MOE_TRACE] Group:0 Prob:0.83212 Alpha:0.50057
[MOE_TRACE] Group:1 Prob:0.35290 Alpha:0.50234
[MOE_TRACE] Group:2 Prob:0.82040 Alpha:0.50097
[MOE_TRACE] Group:0 Prob:0.83212 Alpha:0.50057
[MOE_TRACE] Group:1 Prob:0.35290 Alpha:0.50234
[MOE_TRACE] Group:2 Prob:0.82040 Alpha:0.50097
[MOE_TRACE] Group:0 Prob:0.81806 Alpha:0.50057
[MOE_TRACE] Group:1 Prob:0.35692 Alpha:0.50234
[MOE_TRACE] Group:2 Prob:0.82383 Alpha:0.50097
[MOE_TRACE] Group:0 Prob:0.81806 Alpha:0.50057
[MOE_TRACE] Group:1 Prob:0.35692 Alpha:0.50234
[MOE_TRACE] Group:2 Prob:0.82548 Alpha:0.50097
[MOE_TRACE] Group:0 Prob:0.81806 Alpha:0.50057
[MOE_TRACE] Group:1 Prob:0.35692 Alpha:0.50234
[MOE_TRACE] Group:2 Prob:0.82548 Alpha:0.50097
[MOE_TRACE] Group:0 Prob:0.81806 Alpha:0.50057
[MOE_TRACE] Group:1 Prob:0.35692 Alpha:0.50234
[MOE_TRACE] Group:2 Prob:0.82548 Alpha:0.50097
[MOE_TRACE] Group:0 Prob:0.82412 Alpha:0.50057
[MOE_TRACE] Group:1 Prob:0.34117 Alpha:0.50234
[MOE_TRACE] Group:2 Prob:0.82325 Alpha:0.50097
[MOE_TRACE] Group:0 Prob:0.82412 Alpha:0.50057
[MOE_TRACE] Group:0 Prob:0.82412 Alpha:0.50057
[MOE_TRACE] Group:1 Prob:0.34117 Alpha:0.50234
[MOE_TRACE] Group:1 Prob:0.34117 Alpha:0.50234
[MOE_TRACE] Group:2 Prob:0.82325 Alpha:0.50097[MOE_TRACE] Group:2 Prob:0.82325 Alpha:0.50097

[MOE_TRACE] Group:0 Prob:0.82412 Alpha:0.50057
[MOE_TRACE] Group:1 Prob:0.34117 Alpha:0.50234
[MOE_TRACE] Group:2 Prob:0.82325 Alpha:0.50097
[MOE_TRACE] Group:0 Prob:0.80419 Alpha:0.50057
[MOE_TRACE] Group:1 Prob:0.34946 Alpha:0.50234
[MOE_TRACE] Group:2 Prob:0.81677 Alpha:0.50097
[MOE_TRACE] Group:0 Prob:0.80419 Alpha:0.50057
[MOE_TRACE] Group:1 Prob:0.34946 Alpha:0.50234
[MOE_TRACE] Group:2 Prob:0.81677 Alpha:0.50097
[MOE_TRACE] Group:0 Prob:0.80419 Alpha:0.50057
[MOE_TRACE] Group:1 Prob:0.34946 Alpha:0.50234
[MOE_TRACE] Group:2 Prob:0.81677 Alpha:0.50097
[MOE_TRACE] Group:0 Prob:0.80419 Alpha:0.50057
[MOE_TRACE] Group:1 Prob:0.34946 Alpha:0.50234
[MOE_TRACE] Group:2 Prob:0.81677 Alpha:0.50097
[MOE_TRACE] Group:0 Prob:0.82233 Alpha:0.50057
[MOE_TRACE] Group:1 Prob:0.35182 Alpha:0.50234
[MOE_TRACE] Group:2 Prob:0.82281 Alpha:0.50097
[MOE_TRACE] Group:0 Prob:0.82233 Alpha:0.50057
[MOE_TRACE] Group:1 Prob:0.35182 Alpha:0.50234
[MOE_TRACE] Group:2 Prob:0.82281 Alpha:0.50097
[MOE_TRACE] Group:0 Prob:0.82233 Alpha:0.50057
[MOE_TRACE] Group:1 Prob:0.35182 Alpha:0.50234
[MOE_TRACE] Group:2 Prob:0.82281 Alpha:0.50097
[MOE_TRACE] Group:0 Prob:0.82233 Alpha:0.50057
[MOE_TRACE] Group:1 Prob:0.35182 Alpha:0.50234
[MOE_TRACE] Group:2 Prob:0.82281 Alpha:0.50097
[MOE_TRACE] Group:0 Prob:0.82060 Alpha:0.50057
[MOE_TRACE] Group:1 Prob:0.35007 Alpha:0.50234
[MOE_TRACE] Group:2 Prob:0.82296 Alpha:0.50097
[MOE_TRACE] Group:0 Prob:0.82060 Alpha:0.50057
[MOE_TRACE] Group:1 Prob:0.35007 Alpha:0.50234
[MOE_TRACE] Group:2 Prob:0.82296 Alpha:0.50097
[MOE_TRACE] Group:0 Prob:0.82060 Alpha:0.50057
[MOE_TRACE] Group:1 Prob:0.35007 Alpha:0.50234
[MOE_TRACE] Group:2 Prob:0.82296 Alpha:0.50097
[MOE_TRACE] Group:0 Prob:0.82060 Alpha:0.50057
[MOE_TRACE] Group:1 Prob:0.35007 Alpha:0.50234
[MOE_TRACE] Group:2 Prob:0.82296 Alpha:0.50097
[MOE_TRACE] Group:0 Prob:0.82962 Alpha:0.50057
[MOE_TRACE] Group:0 Prob:0.82962 Alpha:0.50057
[MOE_TRACE] Group:1 Prob:0.35554 Alpha:0.50234
[MOE_TRACE] Group:1 Prob:0.35554 Alpha:0.50234
[MOE_TRACE] Group:2 Prob:0.81749 Alpha:0.50097
[MOE_TRACE] Group:2 Prob:0.81749 Alpha:0.50097
[MOE_TRACE] Group:0 Prob:0.82962 Alpha:0.50057
[MOE_TRACE] Group:1 Prob:0.35554 Alpha:0.50234
[MOE_TRACE] Group:2 Prob:0.81749 Alpha:0.50097
[MOE_TRACE] Group:0 Prob:0.82962 Alpha:0.50057
[MOE_TRACE] Group:1 Prob:0.35554 Alpha:0.50234
[MOE_TRACE] Group:2 Prob:0.81749 Alpha:0.50097
[MOE_TRACE] Group:0 Prob:0.83177 Alpha:0.50057
[MOE_TRACE] Group:1 Prob:0.34662 Alpha:0.50234
[MOE_TRACE] Group:2 Prob:0.83005 Alpha:0.50097
[MOE_TRACE] Group:0 Prob:0.83177 Alpha:0.50057
[MOE_TRACE] Group:1 Prob:0.34662 Alpha:0.50234
[MOE_TRACE] Group:2 Prob:0.81783 Alpha:0.50097
[MOE_TRACE] Group:0 Prob:0.83177 Alpha:0.50057
[MOE_TRACE] Group:1 Prob:0.34662 Alpha:0.50234
[MOE_TRACE] Group:0 Prob:0.83177 Alpha:0.50057
[MOE_TRACE] Group:2 Prob:0.81783 Alpha:0.50097
[MOE_TRACE] Group:1 Prob:0.34662 Alpha:0.50234
[MOE_TRACE] Group:2 Prob:0.81783 Alpha:0.50097
[MOE_TRACE] Group:0 Prob:0.83535 Alpha:0.50057
[MOE_TRACE] Group:1 Prob:0.33975 Alpha:0.50234
[MOE_TRACE] Group:2 Prob:0.82851 Alpha:0.50097
[MOE_TRACE] Group:0 Prob:0.83535 Alpha:0.50057
[MOE_TRACE] Group:1 Prob:0.33975 Alpha:0.50234
[MOE_TRACE] Group:2 Prob:0.82851 Alpha:0.50097
[MOE_TRACE] Group:0 Prob:0.83535 Alpha:0.50057
[MOE_TRACE] Group:1 Prob:0.33975 Alpha:0.50234
[MOE_TRACE] Group:2 Prob:0.82851 Alpha:0.50097
[MOE_TRACE] Group:0 Prob:0.83535 Alpha:0.50057
[MOE_TRACE] Group:1 Prob:0.33975 Alpha:0.50234
[MOE_TRACE] Group:2 Prob:0.82851 Alpha:0.50097
[MOE_TRACE] Group:0 Prob:0.82504 Alpha:0.50057
[MOE_TRACE] Group:1 Prob:0.34560 Alpha:0.50235
[MOE_TRACE] Group:2 Prob:0.81954 Alpha:0.50097
[MOE_TRACE] Group:0 Prob:0.82504 Alpha:0.50057
[MOE_TRACE] Group:1 Prob:0.34560 Alpha:0.50235
[MOE_TRACE] Group:2 Prob:0.81964 Alpha:0.50097
[MOE_TRACE] Group:0 Prob:0.82504 Alpha:0.50057
[MOE_TRACE] Group:1 Prob:0.34560 Alpha:0.50235
[MOE_TRACE] Group:2 Prob:0.81964 Alpha:0.50097
[MOE_TRACE] Group:0 Prob:0.82504 Alpha:0.50057
[MOE_TRACE] Group:1 Prob:0.34560 Alpha:0.50235
[MOE_TRACE] Group:2 Prob:0.81964 Alpha:0.50097
[MOE_TRACE] Group:0 Prob:0.83135 Alpha:0.50057
[MOE_TRACE] Group:1 Prob:0.34821 Alpha:0.50235
[MOE_TRACE] Group:2 Prob:0.82748 Alpha:0.50097
[MOE_TRACE] Group:0 Prob:0.83135 Alpha:0.50057
[MOE_TRACE] Group:1 Prob:0.34821 Alpha:0.50235
[MOE_TRACE] Group:2 Prob:0.82748 Alpha:0.50097
[MOE_TRACE] Group:0 Prob:0.83135 Alpha:0.50057
[MOE_TRACE] Group:0 Prob:0.83135 Alpha:0.50057
[MOE_TRACE] Group:1 Prob:0.34821 Alpha:0.50235
[MOE_TRACE] Group:1 Prob:0.34821 Alpha:0.50235
[MOE_TRACE] Group:2 Prob:0.82748 Alpha:0.50097
[MOE_TRACE] Group:2 Prob:0.82748 Alpha:0.50097
[MOE_TRACE] Group:0 Prob:0.82319 Alpha:0.50057
[MOE_TRACE] Group:1 Prob:0.35065 Alpha:0.50235
[MOE_TRACE] Group:2 Prob:0.82164 Alpha:0.50097
[MOE_TRACE] Group:0 Prob:0.82319 Alpha:0.50057
[MOE_TRACE] Group:1 Prob:0.35065 Alpha:0.50235
[MOE_TRACE] Group:2 Prob:0.82164 Alpha:0.50097
[MOE_TRACE] Group:0 Prob:0.82319 Alpha:0.50057
[MOE_TRACE] Group:1 Prob:0.35065 Alpha:0.50235
[MOE_TRACE] Group:2 Prob:0.82164 Alpha:0.50097
[MOE_TRACE] Group:0 Prob:0.82319 Alpha:0.50057
[MOE_TRACE] Group:1 Prob:0.35065 Alpha:0.50235
[MOE_TRACE] Group:2 Prob:0.82164 Alpha:0.50097
[MOE_TRACE] Group:0 Prob:0.82391 Alpha:0.50057
[MOE_TRACE] Group:1 Prob:0.34923 Alpha:0.50235
[MOE_TRACE] Group:2 Prob:0.82088 Alpha:0.50097
[MOE_TRACE] Group:0 Prob:0.82391 Alpha:0.50057
[MOE_TRACE] Group:1 Prob:0.34923 Alpha:0.50235
[MOE_TRACE] Group:2 Prob:0.82088 Alpha:0.50097
[MOE_TRACE] Group:0 Prob:0.82391 Alpha:0.50057
[MOE_TRACE] Group:1 Prob:0.34923 Alpha:0.50235
[MOE_TRACE] Group:2 Prob:0.82088 Alpha:0.50097
[MOE_TRACE] Group:0 Prob:0.82391 Alpha:0.50057
[MOE_TRACE] Group:1 Prob:0.34923 Alpha:0.50235
[MOE_TRACE] Group:2 Prob:0.82088 Alpha:0.50097
[MOE_TRACE] Group:0 Prob:0.82042 Alpha:0.50057
[MOE_TRACE] Group:1 Prob:0.34259 Alpha:0.50235
[MOE_TRACE] Group:2 Prob:0.82115 Alpha:0.50098
[MOE_TRACE] Group:0 Prob:0.82042 Alpha:0.50057
[MOE_TRACE] Group:1 Prob:0.34259 Alpha:0.50235
[MOE_TRACE] Group:2 Prob:0.82115 Alpha:0.50098
[MOE_TRACE] Group:0 Prob:0.82042 Alpha:0.50057
[MOE_TRACE] Group:0 Prob:0.82042 Alpha:0.50057[MOE_TRACE] Group:1 Prob:0.34259 Alpha:0.50235

[MOE_TRACE] Group:1 Prob:0.34259 Alpha:0.50235[MOE_TRACE] Group:2 Prob:0.82115 Alpha:0.50098

[MOE_TRACE] Group:2 Prob:0.82115 Alpha:0.50098
[MOE_TRACE] Group:0 Prob:0.81998 Alpha:0.50057
[MOE_TRACE] Group:2 Prob:0.83355 Alpha:0.50098
[MOE_TRACE] Group:0 Prob:0.81998 Alpha:0.50057
[MOE_TRACE] Group:1 Prob:0.35438 Alpha:0.50235
[MOE_TRACE] Group:2 Prob:0.83355 Alpha:0.50098
[MOE_TRACE] Group:0 Prob:0.81998 Alpha:0.50057
[MOE_TRACE] Group:1 Prob:0.35438 Alpha:0.50235
[MOE_TRACE] Group:2 Prob:0.82413 Alpha:0.50098
[MOE_TRACE] Group:0 Prob:0.81998 Alpha:0.50057
[MOE_TRACE] Group:1 Prob:0.35438 Alpha:0.50235
[MOE_TRACE] Group:2 Prob:0.82413 Alpha:0.50098
[MOE_TRACE] Group:0 Prob:0.82767 Alpha:0.50057
[MOE_TRACE] Group:1 Prob:0.34968 Alpha:0.50235
[MOE_TRACE] Group:2 Prob:0.81954 Alpha:0.50098
[MOE_TRACE] Group:0 Prob:0.82767 Alpha:0.50057
[MOE_TRACE] Group:0 Prob:0.82767 Alpha:0.50057
[MOE_TRACE] Group:1 Prob:0.34968 Alpha:0.50235
[MOE_TRACE] Group:1 Prob:0.34968 Alpha:0.50235[MOE_TRACE] Group:2 Prob:0.82801 Alpha:0.50098

[MOE_TRACE] Group:2 Prob:0.82801 Alpha:0.50098
[MOE_TRACE] Group:0 Prob:0.82767 Alpha:0.50057
[MOE_TRACE] Group:1 Prob:0.34968 Alpha:0.50235
[MOE_TRACE] Group:2 Prob:0.82801 Alpha:0.50098
[MOE_TRACE] Group:0 Prob:0.83604 Alpha:0.50057
[MOE_TRACE] Group:1 Prob:0.34732 Alpha:0.50235
[MOE_TRACE] Group:0 Prob:0.83604 Alpha:0.50057
[MOE_TRACE] Group:2 Prob:0.81704 Alpha:0.50098[MOE_TRACE] Group:1 Prob:0.34732 Alpha:0.50235

[MOE_TRACE] Group:2 Prob:0.81704 Alpha:0.50098
[MOE_TRACE] Group:0 Prob:0.83604 Alpha:0.50057
[MOE_TRACE] Group:1 Prob:0.34732 Alpha:0.50235
[MOE_TRACE] Group:2 Prob:0.81704 Alpha:0.50098
[MOE_TRACE] Group:0 Prob:0.83604 Alpha:0.50057
[MOE_TRACE] Group:1 Prob:0.34732 Alpha:0.50235
[MOE_TRACE] Group:2 Prob:0.81704 Alpha:0.50098
[MOE_TRACE] Group:0 Prob:0.82382 Alpha:0.50057
[MOE_TRACE] Group:1 Prob:0.34076 Alpha:0.50235
[MOE_TRACE] Group:0 Prob:0.82382 Alpha:0.50057
[MOE_TRACE] Group:2 Prob:0.82556 Alpha:0.50098
[MOE_TRACE] Group:1 Prob:0.34076 Alpha:0.50235
[MOE_TRACE] Group:2 Prob:0.82556 Alpha:0.50098
[MOE_TRACE] Group:0 Prob:0.82382 Alpha:0.50057
[MOE_TRACE] Group:1 Prob:0.34076 Alpha:0.50235
[MOE_TRACE] Group:2 Prob:0.82556 Alpha:0.50098
[MOE_TRACE] Group:0 Prob:0.82382 Alpha:0.50057
[MOE_TRACE] Group:1 Prob:0.34076 Alpha:0.50235
[MOE_TRACE] Group:2 Prob:0.82447 Alpha:0.50098
[MOE_TRACE] Group:0 Prob:0.82780 Alpha:0.50057
[MOE_TRACE] Group:0 Prob:0.82780 Alpha:0.50057
[MOE_TRACE] Group:1 Prob:0.33751 Alpha:0.50235
[MOE_TRACE] Group:1 Prob:0.33751 Alpha:0.50235
[MOE_TRACE] Group:2 Prob:0.81830 Alpha:0.50098
[MOE_TRACE] Group:2 Prob:0.81830 Alpha:0.50098
[MOE_TRACE] Group:0 Prob:0.82780 Alpha:0.50057
[MOE_TRACE] Group:1 Prob:0.33751 Alpha:0.50235
[MOE_TRACE] Group:2 Prob:0.81830 Alpha:0.50098
[MOE_TRACE] Group:0 Prob:0.82780 Alpha:0.50057
[MOE_TRACE] Group:1 Prob:0.33751 Alpha:0.50235
[MOE_TRACE] Group:2 Prob:0.81830 Alpha:0.50098
[MOE_TRACE] Group:0 Prob:0.82981 Alpha:0.50057
[MOE_TRACE] Group:0 Prob:0.82981 Alpha:0.50057
[MOE_TRACE] Group:1 Prob:0.36096 Alpha:0.50235
[MOE_TRACE] Group:1 Prob:0.36096 Alpha:0.50235
[MOE_TRACE] Group:2 Prob:0.82146 Alpha:0.50098
[MOE_TRACE] Group:2 Prob:0.82146 Alpha:0.50098
[MOE_TRACE] Group:0 Prob:0.82981 Alpha:0.50057
[MOE_TRACE] Group:1 Prob:0.36096 Alpha:0.50235
[MOE_TRACE] Group:2 Prob:0.82146 Alpha:0.50098
[MOE_TRACE] Group:0 Prob:0.82981 Alpha:0.50057
[MOE_TRACE] Group:1 Prob:0.36096 Alpha:0.50235
[MOE_TRACE] Group:2 Prob:0.82146 Alpha:0.50098
[MOE_TRACE] Group:0 Prob:0.81287 Alpha:0.50057
[MOE_TRACE] Group:1 Prob:0.33992 Alpha:0.50235
[MOE_TRACE] Group:2 Prob:0.82663 Alpha:0.50098
[MOE_TRACE] Group:0 Prob:0.81287 Alpha:0.50057
[MOE_TRACE] Group:1 Prob:0.33992 Alpha:0.50235
[MOE_TRACE] Group:2 Prob:0.81997 Alpha:0.50098
[MOE_TRACE] Group:0 Prob:0.81287 Alpha:0.50057
[MOE_TRACE] Group:1 Prob:0.33992 Alpha:0.50235
[MOE_TRACE] Group:2 Prob:0.81997 Alpha:0.50098
[MOE_TRACE] Group:0 Prob:0.81287 Alpha:0.50057
[MOE_TRACE] Group:1 Prob:0.33992 Alpha:0.50235
[MOE_TRACE] Group:2 Prob:0.81997 Alpha:0.50098
[MOE_TRACE] Group:0 Prob:0.82117 Alpha:0.50057
[MOE_TRACE] Group:1 Prob:0.35161 Alpha:0.50235
[MOE_TRACE] Group:0 Prob:0.82117 Alpha:0.50057
[MOE_TRACE] Group:2 Prob:0.81565 Alpha:0.50098
[MOE_TRACE] Group:1 Prob:0.35161 Alpha:0.50235
[MOE_TRACE] Group:2 Prob:0.81565 Alpha:0.50098
[MOE_TRACE] Group:0 Prob:0.82117 Alpha:0.50057
[MOE_TRACE] Group:1 Prob:0.35161 Alpha:0.50235
[MOE_TRACE] Group:2 Prob:0.81565 Alpha:0.50098
[MOE_TRACE] Group:0 Prob:0.82117 Alpha:0.50057
[MOE_TRACE] Group:1 Prob:0.35161 Alpha:0.50235
[MOE_TRACE] Group:2 Prob:0.81565 Alpha:0.50098
[MOE_TRACE] Group:0 Prob:0.81612 Alpha:0.50057
[MOE_TRACE] Group:1 Prob:0.34740 Alpha:0.50235
[MOE_TRACE] Group:2 Prob:0.82681 Alpha:0.50098
[MOE_TRACE] Group:0 Prob:0.81612 Alpha:0.50057
[MOE_TRACE] Group:1 Prob:0.34740 Alpha:0.50235
[MOE_TRACE] Group:2 Prob:0.81417 Alpha:0.50098
[MOE_TRACE] Group:0 Prob:0.81612 Alpha:0.50057
[MOE_TRACE] Group:1 Prob:0.34740 Alpha:0.50235
[MOE_TRACE] Group:2 Prob:0.81417 Alpha:0.50098
[MOE_TRACE] Group:0 Prob:0.81612 Alpha:0.50057
[MOE_TRACE] Group:1 Prob:0.34740 Alpha:0.50235
[MOE_TRACE] Group:2 Prob:0.81417 Alpha:0.50098
[MOE_TRACE] Group:0 Prob:0.82821 Alpha:0.50057
[MOE_TRACE] Group:1 Prob:0.35262 Alpha:0.50235
[MOE_TRACE] Group:2 Prob:0.82484 Alpha:0.50098
[MOE_TRACE] Group:0 Prob:0.82821 Alpha:0.50057
[MOE_TRACE] Group:1 Prob:0.35262 Alpha:0.50235
[MOE_TRACE] Group:2 Prob:0.82484 Alpha:0.50098
[MOE_TRACE] Group:0 Prob:0.82821 Alpha:0.50057
[MOE_TRACE] Group:1 Prob:0.35262 Alpha:0.50235
[MOE_TRACE] Group:2 Prob:0.82484 Alpha:0.50098
[MOE_TRACE] Group:0 Prob:0.82821 Alpha:0.50057
[MOE_TRACE] Group:1 Prob:0.35262 Alpha:0.50235
[MOE_TRACE] Group:2 Prob:0.82484 Alpha:0.50098
[MOE_TRACE] Group:0 Prob:0.82886 Alpha:0.50057[MOE_TRACE] Group:0 Prob:0.82886 Alpha:0.50057

[MOE_TRACE] Group:0 Prob:0.82886 Alpha:0.50057
[MOE_TRACE] Group:1 Prob:0.35607 Alpha:0.50235
[MOE_TRACE] Group:1 Prob:0.35607 Alpha:0.50235
[MOE_TRACE] Group:2 Prob:0.82869 Alpha:0.50098
[MOE_TRACE] Group:2 Prob:0.82869 Alpha:0.50098
[MOE_TRACE] Group:1 Prob:0.35607 Alpha:0.50235
[MOE_TRACE] Group:2 Prob:0.82869 Alpha:0.50098
[MOE_TRACE] Group:0 Prob:0.82886 Alpha:0.50057
[MOE_TRACE] Group:1 Prob:0.35607 Alpha:0.50235
[MOE_TRACE] Group:2 Prob:0.82869 Alpha:0.50098
[MOE_TRACE] Group:0 Prob:0.82959 Alpha:0.50057
[MOE_TRACE] Group:1 Prob:0.34712 Alpha:0.50235
[MOE_TRACE] Group:2 Prob:0.82464 Alpha:0.50098
[MOE_TRACE] Group:0 Prob:0.82959 Alpha:0.50057
[MOE_TRACE] Group:0 Prob:0.82959 Alpha:0.50057[MOE_TRACE] Group:1 Prob:0.34712 Alpha:0.50235

[MOE_TRACE] Group:1 Prob:0.34712 Alpha:0.50235[MOE_TRACE] Group:2 Prob:0.82464 Alpha:0.50098

[MOE_TRACE] Group:2 Prob:0.82464 Alpha:0.50098
[MOE_TRACE] Group:0 Prob:0.82959 Alpha:0.50057
[MOE_TRACE] Group:1 Prob:0.34712 Alpha:0.50235
[MOE_TRACE] Group:2 Prob:0.82464 Alpha:0.50098
[MOE_TRACE] Group:0 Prob:0.82362 Alpha:0.50057
[MOE_TRACE] Group:1 Prob:0.34044 Alpha:0.50235
[MOE_TRACE] Group:2 Prob:0.81457 Alpha:0.50098
[MOE_TRACE] Group:0 Prob:0.82362 Alpha:0.50057[MOE_TRACE] Group:0 Prob:0.82362 Alpha:0.50057

[MOE_TRACE] Group:1 Prob:0.34044 Alpha:0.50235
[MOE_TRACE] Group:1 Prob:0.34044 Alpha:0.50235
[MOE_TRACE] Group:2 Prob:0.81457 Alpha:0.50098[MOE_TRACE] Group:0 Prob:0.82362 Alpha:0.50057[MOE_TRACE] Group:2 Prob:0.81457 Alpha:0.50098


[MOE_TRACE] Group:1 Prob:0.34044 Alpha:0.50235
[MOE_TRACE] Group:2 Prob:0.81457 Alpha:0.50098
[MOE_TRACE] Group:0 Prob:0.83030 Alpha:0.50058
[MOE_TRACE] Group:1 Prob:0.35098 Alpha:0.50235
[MOE_TRACE] Group:2 Prob:0.82506 Alpha:0.50098
[MOE_TRACE] Group:0 Prob:0.83030 Alpha:0.50058
[MOE_TRACE] Group:1 Prob:0.35098 Alpha:0.50235
[MOE_TRACE] Group:2 Prob:0.82525 Alpha:0.50098
[MOE_TRACE] Group:0 Prob:0.83030 Alpha:0.50058
[MOE_TRACE] Group:1 Prob:0.35098 Alpha:0.50235
[MOE_TRACE] Group:2 Prob:0.82525 Alpha:0.50098
[MOE_TRACE] Group:0 Prob:0.83030 Alpha:0.50058
[MOE_TRACE] Group:1 Prob:0.35098 Alpha:0.50235
[MOE_TRACE] Group:2 Prob:0.82525 Alpha:0.50098
[MOE_TRACE] Group:0 Prob:0.82057 Alpha:0.50058
[MOE_TRACE] Group:1 Prob:0.35172 Alpha:0.50235
[MOE_TRACE] Group:2 Prob:0.81389 Alpha:0.50098
[MOE_TRACE] Group:0 Prob:0.82057 Alpha:0.50058
[MOE_TRACE] Group:1 Prob:0.35172 Alpha:0.50235
[MOE_TRACE] Group:2 Prob:0.81389 Alpha:0.50098
[MOE_TRACE] Group:0 Prob:0.82057 Alpha:0.50058
[MOE_TRACE] Group:1 Prob:0.35172 Alpha:0.50235
[MOE_TRACE] Group:2 Prob:0.81389 Alpha:0.50098
[MOE_TRACE] Group:0 Prob:0.82057 Alpha:0.50058
[MOE_TRACE] Group:1 Prob:0.35172 Alpha:0.50235
[MOE_TRACE] Group:2 Prob:0.81389 Alpha:0.50098
[MOE_TRACE] Group:0 Prob:0.83597 Alpha:0.50058
[MOE_TRACE] Group:1 Prob:0.35495 Alpha:0.50235
[MOE_TRACE] Group:2 Prob:0.82079 Alpha:0.50098
[MOE_TRACE] Group:0 Prob:0.83597 Alpha:0.50058
[MOE_TRACE] Group:1 Prob:0.35495 Alpha:0.50235
[MOE_TRACE] Group:2 Prob:0.82079 Alpha:0.50098
[MOE_TRACE] Group:0 Prob:0.83597 Alpha:0.50058
[MOE_TRACE] Group:1 Prob:0.35495 Alpha:0.50235
[MOE_TRACE] Group:2 Prob:0.82107 Alpha:0.50098
[MOE_TRACE] Group:0 Prob:0.83597 Alpha:0.50058
[MOE_TRACE] Group:1 Prob:0.35495 Alpha:0.50235
[MOE_TRACE] Group:2 Prob:0.82107 Alpha:0.50098
[MOE_TRACE] Group:0 Prob:0.81930 Alpha:0.50058
[MOE_TRACE] Group:1 Prob:0.33922 Alpha:0.50235
[MOE_TRACE] Group:2 Prob:0.81946 Alpha:0.50098
[MOE_TRACE] Group:0 Prob:0.81930 Alpha:0.50058
[MOE_TRACE] Group:1 Prob:0.33922 Alpha:0.50235
[MOE_TRACE] Group:2 Prob:0.82097 Alpha:0.50098
[MOE_TRACE] Group:0 Prob:0.81930 Alpha:0.50058
[MOE_TRACE] Group:1 Prob:0.33922 Alpha:0.50235
[MOE_TRACE] Group:2 Prob:0.82097 Alpha:0.50098
[MOE_TRACE] Group:0 Prob:0.81930 Alpha:0.50058
[MOE_TRACE] Group:1 Prob:0.33922 Alpha:0.50235
[MOE_TRACE] Group:2 Prob:0.82097 Alpha:0.50098
[MOE_TRACE] Group:0 Prob:0.82609 Alpha:0.50058
[MOE_TRACE] Group:1 Prob:0.34076 Alpha:0.50236
[MOE_TRACE] Group:2 Prob:0.82932 Alpha:0.50098
[MOE_TRACE] Group:0 Prob:0.82609 Alpha:0.50058
[MOE_TRACE] Group:1 Prob:0.34076 Alpha:0.50236
[MOE_TRACE] Group:2 Prob:0.82774 Alpha:0.50098
[MOE_TRACE] Group:0 Prob:0.82609 Alpha:0.50058
[MOE_TRACE] Group:1 Prob:0.34076 Alpha:0.50236
[MOE_TRACE] Group:2 Prob:0.82774 Alpha:0.50098
[MOE_TRACE] Group:0 Prob:0.82609 Alpha:0.50058
[MOE_TRACE] Group:1 Prob:0.34076 Alpha:0.50236
[MOE_TRACE] Group:2 Prob:0.82774 Alpha:0.50098
[MOE_TRACE] Group:0 Prob:0.83103 Alpha:0.50057
[MOE_TRACE] Group:1 Prob:0.34021 Alpha:0.50236
[MOE_TRACE] Group:2 Prob:0.81853 Alpha:0.50098
[MOE_TRACE] Group:0 Prob:0.83103 Alpha:0.50057
[MOE_TRACE] Group:1 Prob:0.34021 Alpha:0.50236
[MOE_TRACE] Group:2 Prob:0.81853 Alpha:0.50098
[MOE_TRACE] Group:0 Prob:0.83103 Alpha:0.50057
[MOE_TRACE] Group:1 Prob:0.34021 Alpha:0.50236
[MOE_TRACE] Group:2 Prob:0.81853 Alpha:0.50098
[MOE_TRACE] Group:0 Prob:0.83103 Alpha:0.50057
[MOE_TRACE] Group:1 Prob:0.34021 Alpha:0.50236
[MOE_TRACE] Group:2 Prob:0.81853 Alpha:0.50098
[MOE_TRACE] Group:0 Prob:0.81866 Alpha:0.50057
[MOE_TRACE] Group:1 Prob:0.34630 Alpha:0.50236
[MOE_TRACE] Group:2 Prob:0.82658 Alpha:0.50098
[MOE_TRACE] Group:0 Prob:0.81866 Alpha:0.50057
[MOE_TRACE] Group:1 Prob:0.34630 Alpha:0.50236
[MOE_TRACE] Group:2 Prob:0.82673 Alpha:0.50098
[MOE_TRACE] Group:0 Prob:0.81866 Alpha:0.50057
[MOE_TRACE] Group:1 Prob:0.34630 Alpha:0.50236
[MOE_TRACE] Group:2 Prob:0.82673 Alpha:0.50098
[MOE_TRACE] Group:0 Prob:0.81866 Alpha:0.50057
[MOE_TRACE] Group:1 Prob:0.34630 Alpha:0.50236
[MOE_TRACE] Group:2 Prob:0.82673 Alpha:0.50098
[MOE_TRACE] Group:0 Prob:0.82615 Alpha:0.50057
[MOE_TRACE] Group:1 Prob:0.34966 Alpha:0.50236
[MOE_TRACE] Group:2 Prob:0.82273 Alpha:0.50098
[MOE_TRACE] Group:0 Prob:0.82615 Alpha:0.50057
[MOE_TRACE] Group:1 Prob:0.34966 Alpha:0.50236
[MOE_TRACE] Group:2 Prob:0.82273 Alpha:0.50098
[MOE_TRACE] Group:0 Prob:0.82615 Alpha:0.50057
[MOE_TRACE] Group:1 Prob:0.34966 Alpha:0.50236
[MOE_TRACE] Group:2 Prob:0.82273 Alpha:0.50098
[MOE_TRACE] Group:0 Prob:0.82615 Alpha:0.50057
[MOE_TRACE] Group:1 Prob:0.34966 Alpha:0.50236
[MOE_TRACE] Group:2 Prob:0.82273 Alpha:0.50098
[MOE_TRACE] Group:0 Prob:0.81874 Alpha:0.50057
[MOE_TRACE] Group:1 Prob:0.35579 Alpha:0.50236
[MOE_TRACE] Group:0 Prob:0.81874 Alpha:0.50057
[MOE_TRACE] Group:1 Prob:0.35579 Alpha:0.50236
[MOE_TRACE] Group:0 Prob:0.81874 Alpha:0.50057
[MOE_TRACE] Group:1 Prob:0.35579 Alpha:0.50236
[MOE_TRACE] Group:2 Prob:0.82539 Alpha:0.50098
[MOE_TRACE] Group:0 Prob:0.81874 Alpha:0.50057
[MOE_TRACE] Group:1 Prob:0.35579 Alpha:0.50236
[MOE_TRACE] Group:2 Prob:0.82539 Alpha:0.50098
[MOE_TRACE] Group:0 Prob:0.79992 Alpha:0.50057
[MOE_TRACE] Group:1 Prob:0.35002 Alpha:0.50236
[MOE_TRACE] Group:2 Prob:0.82017 Alpha:0.50098
[MOE_TRACE] Group:0 Prob:0.79992 Alpha:0.50057
[MOE_TRACE] Group:1 Prob:0.35002 Alpha:0.50236
[MOE_TRACE] Group:2 Prob:0.82017 Alpha:0.50098
[MOE_TRACE] Group:0 Prob:0.79992 Alpha:0.50057
[MOE_TRACE] Group:1 Prob:0.35002 Alpha:0.50236
[MOE_TRACE] Group:2 Prob:0.82017 Alpha:0.50098
[MOE_TRACE] Group:0 Prob:0.79992 Alpha:0.50057
[MOE_TRACE] Group:1 Prob:0.35002 Alpha:0.50236
[MOE_TRACE] Group:2 Prob:0.82017 Alpha:0.50098
[MOE_TRACE] Group:0 Prob:0.84132 Alpha:0.50057
[MOE_TRACE] Group:1 Prob:0.35700 Alpha:0.50236
[MOE_TRACE] Group:2 Prob:0.82758 Alpha:0.50098
[MOE_TRACE] Group:0 Prob:0.84132 Alpha:0.50057
[MOE_TRACE] Group:1 Prob:0.35700 Alpha:0.50236
[MOE_TRACE] Group:2 Prob:0.82758 Alpha:0.50098
[MOE_TRACE] Group:0 Prob:0.84132 Alpha:0.50057
[MOE_TRACE] Group:1 Prob:0.35700 Alpha:0.50236
[MOE_TRACE] Group:2 Prob:0.82758 Alpha:0.50098
[MOE_TRACE] Group:0 Prob:0.84132 Alpha:0.50057
[MOE_TRACE] Group:1 Prob:0.35700 Alpha:0.50236
[MOE_TRACE] Group:2 Prob:0.82758 Alpha:0.50098
[MOE_TRACE] Group:0 Prob:0.83485 Alpha:0.50057
[MOE_TRACE] Group:1 Prob:0.34858 Alpha:0.50236
[MOE_TRACE] Group:2 Prob:0.82613 Alpha:0.50098
[MOE_TRACE] Group:0 Prob:0.83485 Alpha:0.50057
[MOE_TRACE] Group:1 Prob:0.34858 Alpha:0.50236
[MOE_TRACE] Group:2 Prob:0.82613 Alpha:0.50098
[MOE_TRACE] Group:0 Prob:0.83485 Alpha:0.50057
[MOE_TRACE] Group:1 Prob:0.34858 Alpha:0.50236
[MOE_TRACE] Group:2 Prob:0.82613 Alpha:0.50098
[MOE_TRACE] Group:0 Prob:0.83485 Alpha:0.50057
[MOE_TRACE] Group:1 Prob:0.34858 Alpha:0.50236
[MOE_TRACE] Group:2 Prob:0.82613 Alpha:0.50098
[MOE_TRACE] Group:0 Prob:0.82845 Alpha:0.50058
[MOE_TRACE] Group:0 Prob:0.82845 Alpha:0.50058
[MOE_TRACE] Group:1 Prob:0.34470 Alpha:0.50236
[MOE_TRACE] Group:0 Prob:0.82845 Alpha:0.50058
[MOE_TRACE] Group:1 Prob:0.34470 Alpha:0.50236
[MOE_TRACE] Group:2 Prob:0.83167 Alpha:0.50098
[MOE_TRACE] Group:1 Prob:0.34470 Alpha:0.50236[MOE_TRACE] Group:2 Prob:0.83167 Alpha:0.50098

[MOE_TRACE] Group:2 Prob:0.83167 Alpha:0.50098
[MOE_TRACE] Group:0 Prob:0.82845 Alpha:0.50058
[MOE_TRACE] Group:1 Prob:0.34470 Alpha:0.50236
[MOE_TRACE] Group:2 Prob:0.83167 Alpha:0.50098
[MOE_TRACE] Group:0 Prob:0.82103 Alpha:0.50058
[MOE_TRACE] Group:0 Prob:0.82103 Alpha:0.50058
[MOE_TRACE] Group:1 Prob:0.35728 Alpha:0.50236
[MOE_TRACE] Group:1 Prob:0.35728 Alpha:0.50236
[MOE_TRACE] Group:2 Prob:0.82657 Alpha:0.50098
[MOE_TRACE] Group:2 Prob:0.82657 Alpha:0.50098
[MOE_TRACE] Group:0 Prob:0.82103 Alpha:0.50058
[MOE_TRACE] Group:1 Prob:0.35728 Alpha:0.50236
[MOE_TRACE] Group:2 Prob:0.82657 Alpha:0.50098
[MOE_TRACE] Group:0 Prob:0.82103 Alpha:0.50058
[MOE_TRACE] Group:1 Prob:0.35728 Alpha:0.50236
[MOE_TRACE] Group:2 Prob:0.82657 Alpha:0.50098
[MOE_TRACE] Group:0 Prob:0.82352 Alpha:0.50058
[MOE_TRACE] Group:1 Prob:0.35428 Alpha:0.50236
[MOE_TRACE] Group:2 Prob:0.82006 Alpha:0.50098
[MOE_TRACE] Group:0 Prob:0.82352 Alpha:0.50058
[MOE_TRACE] Group:1 Prob:0.35428 Alpha:0.50236
[MOE_TRACE] Group:2 Prob:0.81894 Alpha:0.50098
[MOE_TRACE] Group:0 Prob:0.82352 Alpha:0.50058
[MOE_TRACE] Group:1 Prob:0.35428 Alpha:0.50236
[MOE_TRACE] Group:2 Prob:0.81894 Alpha:0.50098
[MOE_TRACE] Group:0 Prob:0.82352 Alpha:0.50058
[MOE_TRACE] Group:1 Prob:0.35428 Alpha:0.50236
[MOE_TRACE] Group:2 Prob:0.81894 Alpha:0.50098
[MOE_TRACE] Group:0 Prob:0.82594 Alpha:0.50058
[MOE_TRACE] Group:0 Prob:0.82594 Alpha:0.50058
[MOE_TRACE] Group:1 Prob:0.35114 Alpha:0.50236
[MOE_TRACE] Group:1 Prob:0.35114 Alpha:0.50236
[MOE_TRACE] Group:2 Prob:0.82122 Alpha:0.50098
[MOE_TRACE] Group:2 Prob:0.82122 Alpha:0.50098
[MOE_TRACE] Group:0 Prob:0.82594 Alpha:0.50058
[MOE_TRACE] Group:1 Prob:0.35114 Alpha:0.50236
[MOE_TRACE] Group:2 Prob:0.82122 Alpha:0.50098
[MOE_TRACE] Group:0 Prob:0.82594 Alpha:0.50058
[MOE_TRACE] Group:1 Prob:0.35114 Alpha:0.50236
[MOE_TRACE] Group:2 Prob:0.82122 Alpha:0.50098
[MOE_TRACE] Group:0 Prob:0.81834 Alpha:0.50058
[MOE_TRACE] Group:1 Prob:0.34854 Alpha:0.50236
[MOE_TRACE] Group:2 Prob:0.81671 Alpha:0.50098
[MOE_TRACE] Group:0 Prob:0.81834 Alpha:0.50058
[MOE_TRACE] Group:1 Prob:0.34854 Alpha:0.50236
[MOE_TRACE] Group:2 Prob:0.81671 Alpha:0.50098
[MOE_TRACE] Group:0 Prob:0.81834 Alpha:0.50058
[MOE_TRACE] Group:1 Prob:0.34854 Alpha:0.50236
[MOE_TRACE] Group:2 Prob:0.81671 Alpha:0.50098
[MOE_TRACE] Group:0 Prob:0.81834 Alpha:0.50058
[MOE_TRACE] Group:1 Prob:0.34854 Alpha:0.50236
[MOE_TRACE] Group:2 Prob:0.81671 Alpha:0.50098
[MOE_TRACE] Group:0 Prob:0.81797 Alpha:0.50058
[MOE_TRACE] Group:1 Prob:0.34709 Alpha:0.50236
[MOE_TRACE] Group:2 Prob:0.83034 Alpha:0.50098
[MOE_TRACE] Group:0 Prob:0.81797 Alpha:0.50058
[MOE_TRACE] Group:1 Prob:0.34709 Alpha:0.50236
[MOE_TRACE] Group:2 Prob:0.83034 Alpha:0.50098[MOE_TRACE] Group:0 Prob:0.81797 Alpha:0.50058

[MOE_TRACE] Group:1 Prob:0.34709 Alpha:0.50236
[MOE_TRACE] Group:2 Prob:0.83034 Alpha:0.50098
[MOE_TRACE] Group:0 Prob:0.81797 Alpha:0.50058
[MOE_TRACE] Group:1 Prob:0.34709 Alpha:0.50236
[MOE_TRACE] Group:2 Prob:0.83034 Alpha:0.50098
[MOE_TRACE] Group:0 Prob:0.82752 Alpha:0.50058
[MOE_TRACE] Group:1 Prob:0.34295 Alpha:0.50236
[MOE_TRACE] Group:2 Prob:0.82451 Alpha:0.50098
[MOE_TRACE] Group:0 Prob:0.82752 Alpha:0.50058
[MOE_TRACE] Group:1 Prob:0.34295 Alpha:0.50236
[MOE_TRACE] Group:2 Prob:0.82451 Alpha:0.50098
[MOE_TRACE] Group:0 Prob:0.82752 Alpha:0.50058
[MOE_TRACE] Group:1 Prob:0.34295 Alpha:0.50236
[MOE_TRACE] Group:2 Prob:0.82451 Alpha:0.50098
[MOE_TRACE] Group:0 Prob:0.82752 Alpha:0.50058
[MOE_TRACE] Group:1 Prob:0.34295 Alpha:0.50236
[MOE_TRACE] Group:2 Prob:0.82451 Alpha:0.50098
[MOE_TRACE] Group:0 Prob:0.83567 Alpha:0.50058
[MOE_TRACE] Group:1 Prob:0.34077 Alpha:0.50236
[MOE_TRACE] Group:2 Prob:0.81666 Alpha:0.50098
[MOE_TRACE] Group:0 Prob:0.83567 Alpha:0.50058
[MOE_TRACE] Group:1 Prob:0.34077 Alpha:0.50236
[MOE_TRACE] Group:2 Prob:0.81666 Alpha:0.50098
[MOE_TRACE] Group:0 Prob:0.83567 Alpha:0.50058
[MOE_TRACE] Group:1 Prob:0.34077 Alpha:0.50236
[MOE_TRACE] Group:2 Prob:0.81666 Alpha:0.50098
[MOE_TRACE] Group:0 Prob:0.83567 Alpha:0.50058
[MOE_TRACE] Group:1 Prob:0.34077 Alpha:0.50236
[MOE_TRACE] Group:2 Prob:0.81666 Alpha:0.50098
[MOE_TRACE] Group:0 Prob:0.83084 Alpha:0.50058
[MOE_TRACE] Group:1 Prob:0.35018 Alpha:0.50236
[MOE_TRACE] Group:0 Prob:0.83084 Alpha:0.50058
[MOE_TRACE] Group:1 Prob:0.35018 Alpha:0.50236
[MOE_TRACE] Group:0 Prob:0.83084 Alpha:0.50058
[MOE_TRACE] Group:1 Prob:0.35018 Alpha:0.50236
[MOE_TRACE] Group:2 Prob:0.81753 Alpha:0.50098
[MOE_TRACE] Group:0 Prob:0.83084 Alpha:0.50058
[MOE_TRACE] Group:1 Prob:0.35018 Alpha:0.50236
[MOE_TRACE] Group:2 Prob:0.81753 Alpha:0.50098
[MOE_TRACE] Group:0 Prob:0.83614 Alpha:0.50058
[MOE_TRACE] Group:0 Prob:0.83614 Alpha:0.50058
[MOE_TRACE] Group:1 Prob:0.33577 Alpha:0.50236
[MOE_TRACE] Group:1 Prob:0.33577 Alpha:0.50236
[MOE_TRACE] Group:0 Prob:0.83614 Alpha:0.50058
[MOE_TRACE] Group:2 Prob:0.82605 Alpha:0.50098
[MOE_TRACE] Group:2 Prob:0.82605 Alpha:0.50098
[MOE_TRACE] Group:1 Prob:0.33577 Alpha:0.50236
[MOE_TRACE] Group:2 Prob:0.82605 Alpha:0.50098
[MOE_TRACE] Group:0 Prob:0.83614 Alpha:0.50058
[MOE_TRACE] Group:1 Prob:0.33577 Alpha:0.50236
[MOE_TRACE] Group:2 Prob:0.82605 Alpha:0.50098
[MOE_TRACE] Group:0 Prob:0.82644 Alpha:0.50058
[MOE_TRACE] Group:1 Prob:0.34473 Alpha:0.50236
[MOE_TRACE] Group:2 Prob:0.82826 Alpha:0.50098
[MOE_TRACE] Group:0 Prob:0.82644 Alpha:0.50058
[MOE_TRACE] Group:0 Prob:0.82644 Alpha:0.50058
[MOE_TRACE] Group:1 Prob:0.34473 Alpha:0.50236
[MOE_TRACE] Group:2 Prob:0.82255 Alpha:0.50098
[MOE_TRACE] Group:1 Prob:0.34473 Alpha:0.50236
[MOE_TRACE] Group:2 Prob:0.82255 Alpha:0.50098
[MOE_TRACE] Group:0 Prob:0.82644 Alpha:0.50058
[MOE_TRACE] Group:1 Prob:0.34473 Alpha:0.50236
[MOE_TRACE] Group:2 Prob:0.82255 Alpha:0.50098
[MOE_TRACE] Group:0 Prob:0.83088 Alpha:0.50058
[MOE_TRACE] Group:1 Prob:0.35009 Alpha:0.50236
[MOE_TRACE] Group:2 Prob:0.81661 Alpha:0.50098
[MOE_TRACE] Group:0 Prob:0.83088 Alpha:0.50058
[MOE_TRACE] Group:1 Prob:0.35009 Alpha:0.50236
[MOE_TRACE] Group:2 Prob:0.81661 Alpha:0.50098
[MOE_TRACE] Group:0 Prob:0.83088 Alpha:0.50058
[MOE_TRACE] Group:1 Prob:0.35009 Alpha:0.50236
[MOE_TRACE] Group:2 Prob:0.82506 Alpha:0.50098
[MOE_TRACE] Group:0 Prob:0.83088 Alpha:0.50058
[MOE_TRACE] Group:1 Prob:0.35009 Alpha:0.50236
[MOE_TRACE] Group:2 Prob:0.82506 Alpha:0.50098
[MOE_TRACE] Group:0 Prob:0.82337 Alpha:0.50058
[MOE_TRACE] Group:1 Prob:0.34946 Alpha:0.50236
[MOE_TRACE] Group:2 Prob:0.82040 Alpha:0.50098
[MOE_TRACE] Group:0 Prob:0.82337 Alpha:0.50058
[MOE_TRACE] Group:1 Prob:0.34946 Alpha:0.50236
[MOE_TRACE] Group:2 Prob:0.82040 Alpha:0.50098
[MOE_TRACE] Group:0 Prob:0.82337 Alpha:0.50058
[MOE_TRACE] Group:1 Prob:0.34946 Alpha:0.50236
[MOE_TRACE] Group:2 Prob:0.82040 Alpha:0.50098
[MOE_TRACE] Group:0 Prob:0.82337 Alpha:0.50058
[MOE_TRACE] Group:1 Prob:0.34946 Alpha:0.50236
[MOE_TRACE] Group:2 Prob:0.82040 Alpha:0.50098
[MOE_TRACE] Group:0 Prob:0.81402 Alpha:0.50058
[MOE_TRACE] Group:0 Prob:0.81402 Alpha:0.50058
[MOE_TRACE] Group:1 Prob:0.33989 Alpha:0.50236[MOE_TRACE] Group:1 Prob:0.33989 Alpha:0.50236

[MOE_TRACE] Group:0 Prob:0.81402 Alpha:0.50058
[MOE_TRACE] Group:2 Prob:0.81611 Alpha:0.50098
[MOE_TRACE] Group:2 Prob:0.81611 Alpha:0.50098
[MOE_TRACE] Group:1 Prob:0.33989 Alpha:0.50236
[MOE_TRACE] Group:2 Prob:0.81611 Alpha:0.50098
[MOE_TRACE] Group:0 Prob:0.81402 Alpha:0.50058
[MOE_TRACE] Group:1 Prob:0.33989 Alpha:0.50236
[MOE_TRACE] Group:2 Prob:0.81611 Alpha:0.50098
[MOE_TRACE] Group:0 Prob:0.82241 Alpha:0.50058
[MOE_TRACE] Group:0 Prob:0.82241 Alpha:0.50058
[MOE_TRACE] Group:1 Prob:0.35290 Alpha:0.50236
[MOE_TRACE] Group:1 Prob:0.35290 Alpha:0.50236[MOE_TRACE] Group:2 Prob:0.82039 Alpha:0.50098

[MOE_TRACE] Group:2 Prob:0.82039 Alpha:0.50098
[MOE_TRACE] Group:0 Prob:0.82241 Alpha:0.50058
[MOE_TRACE] Group:0 Prob:0.82241 Alpha:0.50058
[MOE_TRACE] Group:1 Prob:0.35290 Alpha:0.50236
[MOE_TRACE] Group:1 Prob:0.35290 Alpha:0.50236
[MOE_TRACE] Group:2 Prob:0.82039 Alpha:0.50098
[MOE_TRACE] Group:2 Prob:0.82039 Alpha:0.50098
[MOE_TRACE] Group:0 Prob:0.81980 Alpha:0.50058
[MOE_TRACE] Group:0 Prob:0.81980 Alpha:0.50058
[MOE_TRACE] Group:1 Prob:0.34014 Alpha:0.50236
[MOE_TRACE] Group:1 Prob:0.34014 Alpha:0.50236
[MOE_TRACE] Group:2 Prob:0.82167 Alpha:0.50098
[MOE_TRACE] Group:0 Prob:0.81980 Alpha:0.50058[MOE_TRACE] Group:2 Prob:0.82167 Alpha:0.50098

[MOE_TRACE] Group:1 Prob:0.34014 Alpha:0.50236
[MOE_TRACE] Group:2 Prob:0.82167 Alpha:0.50098
[MOE_TRACE] Group:0 Prob:0.81980 Alpha:0.50058
[MOE_TRACE] Group:1 Prob:0.34014 Alpha:0.50236
[MOE_TRACE] Group:2 Prob:0.82167 Alpha:0.50098
	iters: 100, epoch: 7 | loss: 0.2966045
	speed: 4.5708s/iter; left time: 2235.1447s
[MOE_TRACE] Group:2 Prob:0.83287 Alpha:0.50098
[MOE_TRACE] Group:2 Prob:0.83287 Alpha:0.50098
[MOE_TRACE] Group:0 Prob:0.82622 Alpha:0.50058
[MOE_TRACE] Group:1 Prob:0.34672 Alpha:0.50237
[MOE_TRACE] Group:2 Prob:0.82234 Alpha:0.50098
[MOE_TRACE] Group:0 Prob:0.82622 Alpha:0.50058
[MOE_TRACE] Group:1 Prob:0.34672 Alpha:0.50237
[MOE_TRACE] Group:2 Prob:0.82234 Alpha:0.50098
[MOE_TRACE] Group:0 Prob:0.82057 Alpha:0.50058
[MOE_TRACE] Group:1 Prob:0.34473 Alpha:0.50237
[MOE_TRACE] Group:2 Prob:0.82153 Alpha:0.50098
[MOE_TRACE] Group:0 Prob:0.82057 Alpha:0.50058
[MOE_TRACE] Group:1 Prob:0.34473 Alpha:0.50237
[MOE_TRACE] Group:2 Prob:0.82153 Alpha:0.50098
[MOE_TRACE] Group:0 Prob:0.82057 Alpha:0.50058
[MOE_TRACE] Group:1 Prob:0.34473 Alpha:0.50237
[MOE_TRACE] Group:2 Prob:0.82153 Alpha:0.50098
[MOE_TRACE] Group:0 Prob:0.82057 Alpha:0.50058
[MOE_TRACE] Group:1 Prob:0.34473 Alpha:0.50237
[MOE_TRACE] Group:2 Prob:0.82153 Alpha:0.50098
[MOE_TRACE] Group:0 Prob:0.82446 Alpha:0.50058
[MOE_TRACE] Group:1 Prob:0.33792 Alpha:0.50237
[MOE_TRACE] Group:0 Prob:0.82446 Alpha:0.50058
[MOE_TRACE] Group:2 Prob:0.82017 Alpha:0.50098
[MOE_TRACE] Group:1 Prob:0.33792 Alpha:0.50237
[MOE_TRACE] Group:2 Prob:0.82017 Alpha:0.50098
[MOE_TRACE] Group:0 Prob:0.82446 Alpha:0.50058
[MOE_TRACE] Group:1 Prob:0.33792 Alpha:0.50237
[MOE_TRACE] Group:2 Prob:0.82017 Alpha:0.50098
[MOE_TRACE] Group:0 Prob:0.82446 Alpha:0.50058
[MOE_TRACE] Group:1 Prob:0.33792 Alpha:0.50237
[MOE_TRACE] Group:2 Prob:0.82017 Alpha:0.50098
[MOE_TRACE] Group:0 Prob:0.82374 Alpha:0.50058
[MOE_TRACE] Group:1 Prob:0.35097 Alpha:0.50237
[MOE_TRACE] Group:2 Prob:0.82313 Alpha:0.50098
[MOE_TRACE] Group:0 Prob:0.82374 Alpha:0.50058
[MOE_TRACE] Group:1 Prob:0.35097 Alpha:0.50237
[MOE_TRACE] Group:0 Prob:0.82374 Alpha:0.50058
[MOE_TRACE] Group:2 Prob:0.82313 Alpha:0.50098
[MOE_TRACE] Group:1 Prob:0.35097 Alpha:0.50237
[MOE_TRACE] Group:2 Prob:0.82313 Alpha:0.50098
[MOE_TRACE] Group:0 Prob:0.82374 Alpha:0.50058
[MOE_TRACE] Group:1 Prob:0.35097 Alpha:0.50237
[MOE_TRACE] Group:2 Prob:0.82313 Alpha:0.50098
[MOE_TRACE] Group:0 Prob:0.82226 Alpha:0.50058
[MOE_TRACE] Group:1 Prob:0.34362 Alpha:0.50237
[MOE_TRACE] Group:2 Prob:0.82680 Alpha:0.50098
[MOE_TRACE] Group:0 Prob:0.82226 Alpha:0.50058
[MOE_TRACE] Group:1 Prob:0.34362 Alpha:0.50237
[MOE_TRACE] Group:2 Prob:0.82680 Alpha:0.50098
[MOE_TRACE] Group:0 Prob:0.82226 Alpha:0.50058
[MOE_TRACE] Group:1 Prob:0.34362 Alpha:0.50237
[MOE_TRACE] Group:2 Prob:0.81906 Alpha:0.50098
[MOE_TRACE] Group:0 Prob:0.82226 Alpha:0.50058
[MOE_TRACE] Group:1 Prob:0.34362 Alpha:0.50237
[MOE_TRACE] Group:2 Prob:0.81906 Alpha:0.50098
[MOE_TRACE] Group:0 Prob:0.82709 Alpha:0.50058
[MOE_TRACE] Group:0 Prob:0.82709 Alpha:0.50058
[MOE_TRACE] Group:1 Prob:0.35230 Alpha:0.50237
[MOE_TRACE] Group:1 Prob:0.35230 Alpha:0.50237
[MOE_TRACE] Group:2 Prob:0.82259 Alpha:0.50098
[MOE_TRACE] Group:2 Prob:0.82259 Alpha:0.50098
[MOE_TRACE] Group:0 Prob:0.82709 Alpha:0.50058
[MOE_TRACE] Group:1 Prob:0.35230 Alpha:0.50237
[MOE_TRACE] Group:2 Prob:0.82259 Alpha:0.50098
[MOE_TRACE] Group:0 Prob:0.82709 Alpha:0.50058
[MOE_TRACE] Group:1 Prob:0.35230 Alpha:0.50237
[MOE_TRACE] Group:2 Prob:0.82259 Alpha:0.50098
[MOE_TRACE] Group:0 Prob:0.82551 Alpha:0.50058
[MOE_TRACE] Group:1 Prob:0.34353 Alpha:0.50237
[MOE_TRACE] Group:2 Prob:0.81810 Alpha:0.50098
[MOE_TRACE] Group:0 Prob:0.82551 Alpha:0.50058
[MOE_TRACE] Group:1 Prob:0.34353 Alpha:0.50237
[MOE_TRACE] Group:2 Prob:0.81810 Alpha:0.50098
[MOE_TRACE] Group:0 Prob:0.82551 Alpha:0.50058
[MOE_TRACE] Group:1 Prob:0.34353 Alpha:0.50237
[MOE_TRACE] Group:2 Prob:0.81810 Alpha:0.50098
[MOE_TRACE] Group:0 Prob:0.82551 Alpha:0.50058
[MOE_TRACE] Group:1 Prob:0.34353 Alpha:0.50237
[MOE_TRACE] Group:2 Prob:0.81810 Alpha:0.50098
[MOE_TRACE] Group:0 Prob:0.82343 Alpha:0.50058
[MOE_TRACE] Group:1 Prob:0.34921 Alpha:0.50237
[MOE_TRACE] Group:2 Prob:0.81776 Alpha:0.50098
[MOE_TRACE] Group:0 Prob:0.82343 Alpha:0.50058
[MOE_TRACE] Group:1 Prob:0.34921 Alpha:0.50237
[MOE_TRACE] Group:2 Prob:0.81776 Alpha:0.50098
[MOE_TRACE] Group:0 Prob:0.82944 Alpha:0.50058
[MOE_TRACE] Group:1 Prob:0.36006 Alpha:0.50237
[MOE_TRACE] Group:2 Prob:0.81482 Alpha:0.50098
[MOE_TRACE] Group:0 Prob:0.82944 Alpha:0.50058
[MOE_TRACE] Group:1 Prob:0.36006 Alpha:0.50237
[MOE_TRACE] Group:2 Prob:0.82862 Alpha:0.50098
[MOE_TRACE] Group:0 Prob:0.82944 Alpha:0.50058
[MOE_TRACE] Group:1 Prob:0.36006 Alpha:0.50237
[MOE_TRACE] Group:2 Prob:0.82862 Alpha:0.50098
[MOE_TRACE] Group:0 Prob:0.82944 Alpha:0.50058
[MOE_TRACE] Group:1 Prob:0.36006 Alpha:0.50237
[MOE_TRACE] Group:2 Prob:0.82862 Alpha:0.50098
[MOE_TRACE] Group:0 Prob:0.81825 Alpha:0.50058
[MOE_TRACE] Group:1 Prob:0.34297 Alpha:0.50237
[MOE_TRACE] Group:0 Prob:0.81825 Alpha:0.50058
[MOE_TRACE] Group:0 Prob:0.81825 Alpha:0.50058[MOE_TRACE] Group:2 Prob:0.82277 Alpha:0.50098

[MOE_TRACE] Group:1 Prob:0.34297 Alpha:0.50237
[MOE_TRACE] Group:1 Prob:0.34297 Alpha:0.50237
[MOE_TRACE] Group:2 Prob:0.82277 Alpha:0.50098
[MOE_TRACE] Group:2 Prob:0.82277 Alpha:0.50098
[MOE_TRACE] Group:0 Prob:0.81825 Alpha:0.50058
[MOE_TRACE] Group:1 Prob:0.34297 Alpha:0.50237
[MOE_TRACE] Group:2 Prob:0.82357 Alpha:0.50098
[MOE_TRACE] Group:0 Prob:0.81973 Alpha:0.50058
[MOE_TRACE] Group:1 Prob:0.34007 Alpha:0.50237
[MOE_TRACE] Group:2 Prob:0.82441 Alpha:0.50098
[MOE_TRACE] Group:0 Prob:0.81973 Alpha:0.50058
[MOE_TRACE] Group:1 Prob:0.34007 Alpha:0.50237
[MOE_TRACE] Group:2 Prob:0.82441 Alpha:0.50098
[MOE_TRACE] Group:0 Prob:0.81973 Alpha:0.50058
[MOE_TRACE] Group:1 Prob:0.34007 Alpha:0.50237
[MOE_TRACE] Group:2 Prob:0.82352 Alpha:0.50098
[MOE_TRACE] Group:0 Prob:0.81973 Alpha:0.50058
[MOE_TRACE] Group:1 Prob:0.34007 Alpha:0.50237
[MOE_TRACE] Group:2 Prob:0.82352 Alpha:0.50098
[MOE_TRACE] Group:0 Prob:0.81758 Alpha:0.50058
[MOE_TRACE] Group:1 Prob:0.34594 Alpha:0.50237
[MOE_TRACE] Group:2 Prob:0.82343 Alpha:0.50098
[MOE_TRACE] Group:0 Prob:0.81758 Alpha:0.50058
[MOE_TRACE] Group:1 Prob:0.34594 Alpha:0.50237
[MOE_TRACE] Group:2 Prob:0.81426 Alpha:0.50098
[MOE_TRACE] Group:0 Prob:0.81758 Alpha:0.50058
[MOE_TRACE] Group:1 Prob:0.34594 Alpha:0.50237
[MOE_TRACE] Group:2 Prob:0.81426 Alpha:0.50098
[MOE_TRACE] Group:0 Prob:0.81758 Alpha:0.50058
[MOE_TRACE] Group:1 Prob:0.34594 Alpha:0.50237
[MOE_TRACE] Group:2 Prob:0.81426 Alpha:0.50098
[MOE_TRACE] Group:0 Prob:0.82151 Alpha:0.50058
[MOE_TRACE] Group:1 Prob:0.34461 Alpha:0.50237
[MOE_TRACE] Group:2 Prob:0.82156 Alpha:0.50098
[MOE_TRACE] Group:0 Prob:0.82151 Alpha:0.50058
[MOE_TRACE] Group:1 Prob:0.34461 Alpha:0.50237
[MOE_TRACE] Group:2 Prob:0.82156 Alpha:0.50098
[MOE_TRACE] Group:0 Prob:0.82151 Alpha:0.50058
[MOE_TRACE] Group:1 Prob:0.34461 Alpha:0.50237
[MOE_TRACE] Group:2 Prob:0.82156 Alpha:0.50098
[MOE_TRACE] Group:0 Prob:0.82151 Alpha:0.50058
[MOE_TRACE] Group:1 Prob:0.34461 Alpha:0.50237
[MOE_TRACE] Group:2 Prob:0.82156 Alpha:0.50098
[MOE_TRACE] Group:0 Prob:0.83562 Alpha:0.50058
[MOE_TRACE] Group:0 Prob:0.83562 Alpha:0.50058
[MOE_TRACE] Group:1 Prob:0.35422 Alpha:0.50237
[MOE_TRACE] Group:1 Prob:0.35422 Alpha:0.50237
[MOE_TRACE] Group:2 Prob:0.82936 Alpha:0.50098
[MOE_TRACE] Group:2 Prob:0.82936 Alpha:0.50098
[MOE_TRACE] Group:0 Prob:0.83562 Alpha:0.50058
[MOE_TRACE] Group:1 Prob:0.35422 Alpha:0.50237
[MOE_TRACE] Group:2 Prob:0.82936 Alpha:0.50098
[MOE_TRACE] Group:0 Prob:0.83562 Alpha:0.50058
[MOE_TRACE] Group:1 Prob:0.35422 Alpha:0.50237
[MOE_TRACE] Group:2 Prob:0.82936 Alpha:0.50098
[MOE_TRACE] Group:0 Prob:0.82278 Alpha:0.50058
[MOE_TRACE] Group:1 Prob:0.35857 Alpha:0.50237
[MOE_TRACE] Group:2 Prob:0.81938 Alpha:0.50098
[MOE_TRACE] Group:0 Prob:0.82278 Alpha:0.50058
[MOE_TRACE] Group:1 Prob:0.35857 Alpha:0.50237
[MOE_TRACE] Group:2 Prob:0.81938 Alpha:0.50098
[MOE_TRACE] Group:0 Prob:0.82278 Alpha:0.50058
[MOE_TRACE] Group:1 Prob:0.35857 Alpha:0.50237
[MOE_TRACE] Group:2 Prob:0.81938 Alpha:0.50098
[MOE_TRACE] Group:0 Prob:0.82278 Alpha:0.50058
[MOE_TRACE] Group:1 Prob:0.35857 Alpha:0.50237
[MOE_TRACE] Group:2 Prob:0.81938 Alpha:0.50098
[MOE_TRACE] Group:0 Prob:0.81986 Alpha:0.50058
[MOE_TRACE] Group:1 Prob:0.34239 Alpha:0.50237
[MOE_TRACE] Group:2 Prob:0.81407 Alpha:0.50098
[MOE_TRACE] Group:0 Prob:0.81986 Alpha:0.50058
[MOE_TRACE] Group:1 Prob:0.34239 Alpha:0.50237
[MOE_TRACE] Group:0 Prob:0.81986 Alpha:0.50058
[MOE_TRACE] Group:2 Prob:0.81407 Alpha:0.50098
[MOE_TRACE] Group:1 Prob:0.34239 Alpha:0.50237
[MOE_TRACE] Group:2 Prob:0.81407 Alpha:0.50098
[MOE_TRACE] Group:0 Prob:0.81986 Alpha:0.50058
[MOE_TRACE] Group:1 Prob:0.34239 Alpha:0.50237
[MOE_TRACE] Group:2 Prob:0.81407 Alpha:0.50098
[MOE_TRACE] Group:0 Prob:0.82731 Alpha:0.50058
[MOE_TRACE] Group:0 Prob:0.82731 Alpha:0.50058
[MOE_TRACE] Group:1 Prob:0.34045 Alpha:0.50237
[MOE_TRACE] Group:1 Prob:0.34045 Alpha:0.50237
[MOE_TRACE] Group:2 Prob:0.82060 Alpha:0.50098
[MOE_TRACE] Group:2 Prob:0.82060 Alpha:0.50098
[MOE_TRACE] Group:0 Prob:0.82731 Alpha:0.50058
[MOE_TRACE] Group:1 Prob:0.34045 Alpha:0.50237
[MOE_TRACE] Group:2 Prob:0.82060 Alpha:0.50098
[MOE_TRACE] Group:0 Prob:0.82731 Alpha:0.50058
[MOE_TRACE] Group:1 Prob:0.34045 Alpha:0.50237
[MOE_TRACE] Group:2 Prob:0.82060 Alpha:0.50098
[MOE_TRACE] Group:0 Prob:0.81342 Alpha:0.50058
[MOE_TRACE] Group:1 Prob:0.35204 Alpha:0.50237
[MOE_TRACE] Group:2 Prob:0.82787 Alpha:0.50098
[MOE_TRACE] Group:0 Prob:0.81342 Alpha:0.50058
[MOE_TRACE] Group:1 Prob:0.35204 Alpha:0.50237
[MOE_TRACE] Group:2 Prob:0.82344 Alpha:0.50098
[MOE_TRACE] Group:0 Prob:0.81342 Alpha:0.50058
[MOE_TRACE] Group:1 Prob:0.35204 Alpha:0.50237
[MOE_TRACE] Group:2 Prob:0.82344 Alpha:0.50098
[MOE_TRACE] Group:0 Prob:0.81342 Alpha:0.50058
[MOE_TRACE] Group:1 Prob:0.35204 Alpha:0.50237
[MOE_TRACE] Group:2 Prob:0.82344 Alpha:0.50098
[MOE_TRACE] Group:1 Prob:0.34118 Alpha:0.50237
[MOE_TRACE] Group:2 Prob:0.81908 Alpha:0.50098
[MOE_TRACE] Group:0 Prob:0.82412 Alpha:0.50058
[MOE_TRACE] Group:1 Prob:0.35359 Alpha:0.50237
[MOE_TRACE] Group:2 Prob:0.81971 Alpha:0.50098
[MOE_TRACE] Group:0 Prob:0.82412 Alpha:0.50058
[MOE_TRACE] Group:1 Prob:0.35359 Alpha:0.50237
[MOE_TRACE] Group:2 Prob:0.81660 Alpha:0.50098
[MOE_TRACE] Group:0 Prob:0.82412 Alpha:0.50058
[MOE_TRACE] Group:1 Prob:0.35359 Alpha:0.50237
[MOE_TRACE] Group:2 Prob:0.81660 Alpha:0.50098
[MOE_TRACE] Group:0 Prob:0.82403 Alpha:0.50058
[MOE_TRACE] Group:1 Prob:0.35096 Alpha:0.50237
[MOE_TRACE] Group:0 Prob:0.82403 Alpha:0.50058
[MOE_TRACE] Group:1 Prob:0.35096 Alpha:0.50237
[MOE_TRACE] Group:0 Prob:0.82403 Alpha:0.50058
[MOE_TRACE] Group:2 Prob:0.81988 Alpha:0.50098
[MOE_TRACE] Group:2 Prob:0.81988 Alpha:0.50098
[MOE_TRACE] Group:1 Prob:0.35096 Alpha:0.50237
[MOE_TRACE] Group:2 Prob:0.81988 Alpha:0.50098
[MOE_TRACE] Group:0 Prob:0.82403 Alpha:0.50058
[MOE_TRACE] Group:1 Prob:0.35096 Alpha:0.50237
[MOE_TRACE] Group:2 Prob:0.83000 Alpha:0.50098
[MOE_TRACE] Group:0 Prob:0.82062 Alpha:0.50058
[MOE_TRACE] Group:1 Prob:0.34930 Alpha:0.50237
[MOE_TRACE] Group:0 Prob:0.82062 Alpha:0.50058
[MOE_TRACE] Group:1 Prob:0.34930 Alpha:0.50237
[MOE_TRACE] Group:0 Prob:0.82062 Alpha:0.50058
[MOE_TRACE] Group:2 Prob:0.81211 Alpha:0.50098
[MOE_TRACE] Group:2 Prob:0.81211 Alpha:0.50098
[MOE_TRACE] Group:1 Prob:0.34930 Alpha:0.50237
[MOE_TRACE] Group:2 Prob:0.81211 Alpha:0.50098
[MOE_TRACE] Group:0 Prob:0.82062 Alpha:0.50058
[MOE_TRACE] Group:1 Prob:0.34930 Alpha:0.50237
[MOE_TRACE] Group:2 Prob:0.82429 Alpha:0.50098
[MOE_TRACE] Group:0 Prob:0.82363 Alpha:0.50058
[MOE_TRACE] Group:1 Prob:0.34015 Alpha:0.50238
[MOE_TRACE] Group:2 Prob:0.82975 Alpha:0.50098
[MOE_TRACE] Group:0 Prob:0.82363 Alpha:0.50058
[MOE_TRACE] Group:1 Prob:0.34015 Alpha:0.50238
[MOE_TRACE] Group:2 Prob:0.82975 Alpha:0.50098
[MOE_TRACE] Group:0 Prob:0.82363 Alpha:0.50058
[MOE_TRACE] Group:1 Prob:0.34015 Alpha:0.50238
[MOE_TRACE] Group:2 Prob:0.82975 Alpha:0.50098
[MOE_TRACE] Group:0 Prob:0.82363 Alpha:0.50058
[MOE_TRACE] Group:1 Prob:0.34015 Alpha:0.50238
[MOE_TRACE] Group:2 Prob:0.82975 Alpha:0.50098
[MOE_TRACE] Group:0 Prob:0.81771 Alpha:0.50058
[MOE_TRACE] Group:0 Prob:0.81771 Alpha:0.50058
[MOE_TRACE] Group:1 Prob:0.35274 Alpha:0.50238
[MOE_TRACE] Group:1 Prob:0.35274 Alpha:0.50238
[MOE_TRACE] Group:2 Prob:0.82018 Alpha:0.50098
[MOE_TRACE] Group:0 Prob:0.81771 Alpha:0.50058
[MOE_TRACE] Group:2 Prob:0.82018 Alpha:0.50098
[MOE_TRACE] Group:1 Prob:0.35274 Alpha:0.50238
[MOE_TRACE] Group:2 Prob:0.82018 Alpha:0.50098
[MOE_TRACE] Group:0 Prob:0.81771 Alpha:0.50058
[MOE_TRACE] Group:1 Prob:0.35274 Alpha:0.50238
[MOE_TRACE] Group:2 Prob:0.82018 Alpha:0.50098
[MOE_TRACE] Group:0 Prob:0.83321 Alpha:0.50058[MOE_TRACE] Group:0 Prob:0.83321 Alpha:0.50058

[MOE_TRACE] Group:0 Prob:0.83321 Alpha:0.50058
[MOE_TRACE] Group:1 Prob:0.34014 Alpha:0.50238[MOE_TRACE] Group:1 Prob:0.34014 Alpha:0.50238

[MOE_TRACE] Group:1 Prob:0.34014 Alpha:0.50238
[MOE_TRACE] Group:2 Prob:0.82871 Alpha:0.50098[MOE_TRACE] Group:2 Prob:0.82871 Alpha:0.50098

[MOE_TRACE] Group:2 Prob:0.82871 Alpha:0.50098
[MOE_TRACE] Group:0 Prob:0.83321 Alpha:0.50058
[MOE_TRACE] Group:1 Prob:0.34014 Alpha:0.50238
[MOE_TRACE] Group:2 Prob:0.82871 Alpha:0.50098
[MOE_TRACE] Group:0 Prob:0.82739 Alpha:0.50058
[MOE_TRACE] Group:0 Prob:0.82739 Alpha:0.50058
[MOE_TRACE] Group:1 Prob:0.35391 Alpha:0.50238
[MOE_TRACE] Group:1 Prob:0.35391 Alpha:0.50238
[MOE_TRACE] Group:2 Prob:0.82305 Alpha:0.50098
[MOE_TRACE] Group:2 Prob:0.82305 Alpha:0.50098
[MOE_TRACE] Group:0 Prob:0.82739 Alpha:0.50058
[MOE_TRACE] Group:1 Prob:0.35391 Alpha:0.50238
[MOE_TRACE] Group:2 Prob:0.82305 Alpha:0.50098
[MOE_TRACE] Group:0 Prob:0.82739 Alpha:0.50058
[MOE_TRACE] Group:1 Prob:0.35391 Alpha:0.50238
[MOE_TRACE] Group:2 Prob:0.82305 Alpha:0.50098
[MOE_TRACE] Group:0 Prob:0.82851 Alpha:0.50058
[MOE_TRACE] Group:1 Prob:0.34030 Alpha:0.50238
[MOE_TRACE] Group:2 Prob:0.82937 Alpha:0.50098
[MOE_TRACE] Group:0 Prob:0.82851 Alpha:0.50058
[MOE_TRACE] Group:1 Prob:0.34030 Alpha:0.50238
[MOE_TRACE] Group:2 Prob:0.82937 Alpha:0.50098
[MOE_TRACE] Group:0 Prob:0.82851 Alpha:0.50058
[MOE_TRACE] Group:1 Prob:0.34030 Alpha:0.50238
[MOE_TRACE] Group:2 Prob:0.82937 Alpha:0.50098
[MOE_TRACE] Group:0 Prob:0.82851 Alpha:0.50058
[MOE_TRACE] Group:1 Prob:0.34030 Alpha:0.50238
[MOE_TRACE] Group:2 Prob:0.82937 Alpha:0.50098
[MOE_TRACE] Group:0 Prob:0.83105 Alpha:0.50058
[MOE_TRACE] Group:1 Prob:0.34654 Alpha:0.50238
[MOE_TRACE] Group:2 Prob:0.82491 Alpha:0.50098
[MOE_TRACE] Group:0 Prob:0.83105 Alpha:0.50058
[MOE_TRACE] Group:1 Prob:0.34654 Alpha:0.50238
[MOE_TRACE] Group:2 Prob:0.82491 Alpha:0.50098
[MOE_TRACE] Group:0 Prob:0.83105 Alpha:0.50058
[MOE_TRACE] Group:1 Prob:0.34654 Alpha:0.50238
[MOE_TRACE] Group:2 Prob:0.82491 Alpha:0.50098
[MOE_TRACE] Group:0 Prob:0.83105 Alpha:0.50058
[MOE_TRACE] Group:1 Prob:0.34654 Alpha:0.50238
[MOE_TRACE] Group:2 Prob:0.82491 Alpha:0.50098
[MOE_TRACE] Group:0 Prob:0.82854 Alpha:0.50058
[MOE_TRACE] Group:1 Prob:0.34781 Alpha:0.50238
[MOE_TRACE] Group:2 Prob:0.82369 Alpha:0.50098
[MOE_TRACE] Group:0 Prob:0.82854 Alpha:0.50058
[MOE_TRACE] Group:1 Prob:0.34781 Alpha:0.50238
[MOE_TRACE] Group:2 Prob:0.82369 Alpha:0.50098
[MOE_TRACE] Group:0 Prob:0.82854 Alpha:0.50058
[MOE_TRACE] Group:1 Prob:0.34781 Alpha:0.50238
[MOE_TRACE] Group:2 Prob:0.82369 Alpha:0.50098
[MOE_TRACE] Group:0 Prob:0.82854 Alpha:0.50058
[MOE_TRACE] Group:1 Prob:0.34781 Alpha:0.50238
[MOE_TRACE] Group:2 Prob:0.82369 Alpha:0.50098
[MOE_TRACE] Group:0 Prob:0.83001 Alpha:0.50058
[MOE_TRACE] Group:1 Prob:0.34910 Alpha:0.50238
[MOE_TRACE] Group:2 Prob:0.81717 Alpha:0.50098
[MOE_TRACE] Group:0 Prob:0.83001 Alpha:0.50058
[MOE_TRACE] Group:1 Prob:0.34910 Alpha:0.50238
[MOE_TRACE] Group:2 Prob:0.81717 Alpha:0.50098
[MOE_TRACE] Group:0 Prob:0.83001 Alpha:0.50058
[MOE_TRACE] Group:1 Prob:0.34910 Alpha:0.50238
[MOE_TRACE] Group:2 Prob:0.81717 Alpha:0.50098
[MOE_TRACE] Group:0 Prob:0.83001 Alpha:0.50058
[MOE_TRACE] Group:1 Prob:0.34910 Alpha:0.50238
[MOE_TRACE] Group:2 Prob:0.81717 Alpha:0.50098
[MOE_TRACE] Group:0 Prob:0.82086 Alpha:0.50058
[MOE_TRACE] Group:1 Prob:0.34531 Alpha:0.50238
[MOE_TRACE] Group:2 Prob:0.82494 Alpha:0.50098
[MOE_TRACE] Group:0 Prob:0.82086 Alpha:0.50058
[MOE_TRACE] Group:1 Prob:0.34531 Alpha:0.50238
[MOE_TRACE] Group:0 Prob:0.82086 Alpha:0.50058
[MOE_TRACE] Group:2 Prob:0.82494 Alpha:0.50098
[MOE_TRACE] Group:1 Prob:0.34531 Alpha:0.50238
[MOE_TRACE] Group:2 Prob:0.82494 Alpha:0.50098
[MOE_TRACE] Group:0 Prob:0.82086 Alpha:0.50058
[MOE_TRACE] Group:1 Prob:0.34531 Alpha:0.50238
[MOE_TRACE] Group:2 Prob:0.82494 Alpha:0.50098
[MOE_TRACE] Group:0 Prob:0.82748 Alpha:0.50058
[MOE_TRACE] Group:1 Prob:0.34356 Alpha:0.50238
[MOE_TRACE] Group:2 Prob:0.81877 Alpha:0.50098
[MOE_TRACE] Group:0 Prob:0.82748 Alpha:0.50058
[MOE_TRACE] Group:1 Prob:0.34356 Alpha:0.50238
[MOE_TRACE] Group:2 Prob:0.81877 Alpha:0.50098
[MOE_TRACE] Group:0 Prob:0.82748 Alpha:0.50058
[MOE_TRACE] Group:1 Prob:0.34356 Alpha:0.50238
[MOE_TRACE] Group:2 Prob:0.81877 Alpha:0.50098
[MOE_TRACE] Group:0 Prob:0.82748 Alpha:0.50058
[MOE_TRACE] Group:1 Prob:0.34356 Alpha:0.50238
[MOE_TRACE] Group:2 Prob:0.81877 Alpha:0.50098
[MOE_TRACE] Group:0 Prob:0.82544 Alpha:0.50058
[MOE_TRACE] Group:1 Prob:0.35215 Alpha:0.50238
[MOE_TRACE] Group:2 Prob:0.82187 Alpha:0.50098
[MOE_TRACE] Group:0 Prob:0.82544 Alpha:0.50058
[MOE_TRACE] Group:1 Prob:0.35215 Alpha:0.50238
[MOE_TRACE] Group:2 Prob:0.82187 Alpha:0.50098
[MOE_TRACE] Group:0 Prob:0.82544 Alpha:0.50058
[MOE_TRACE] Group:1 Prob:0.35215 Alpha:0.50238
[MOE_TRACE] Group:2 Prob:0.82187 Alpha:0.50098
[MOE_TRACE] Group:0 Prob:0.82544 Alpha:0.50058
[MOE_TRACE] Group:1 Prob:0.35215 Alpha:0.50238
[MOE_TRACE] Group:2 Prob:0.82187 Alpha:0.50098
[MOE_TRACE] Group:0 Prob:0.81724 Alpha:0.50058
[MOE_TRACE] Group:1 Prob:0.35099 Alpha:0.50238
[MOE_TRACE] Group:0 Prob:0.81724 Alpha:0.50058[MOE_TRACE] Group:2 Prob:0.81585 Alpha:0.50098

[MOE_TRACE] Group:1 Prob:0.35099 Alpha:0.50238
[MOE_TRACE] Group:2 Prob:0.81585 Alpha:0.50098
[MOE_TRACE] Group:0 Prob:0.81724 Alpha:0.50058
[MOE_TRACE] Group:1 Prob:0.35099 Alpha:0.50238
[MOE_TRACE] Group:2 Prob:0.81585 Alpha:0.50098
[MOE_TRACE] Group:0 Prob:0.81724 Alpha:0.50058
[MOE_TRACE] Group:1 Prob:0.35099 Alpha:0.50238
[MOE_TRACE] Group:2 Prob:0.81585 Alpha:0.50098
[MOE_TRACE] Group:0 Prob:0.82956 Alpha:0.50058
[MOE_TRACE] Group:1 Prob:0.35510 Alpha:0.50238
[MOE_TRACE] Group:2 Prob:0.82550 Alpha:0.50098
[MOE_TRACE] Group:0 Prob:0.82956 Alpha:0.50058
[MOE_TRACE] Group:1 Prob:0.35510 Alpha:0.50238
[MOE_TRACE] Group:2 Prob:0.82550 Alpha:0.50098
[MOE_TRACE] Group:0 Prob:0.82956 Alpha:0.50058
[MOE_TRACE] Group:1 Prob:0.35510 Alpha:0.50238
[MOE_TRACE] Group:2 Prob:0.82550 Alpha:0.50098
[MOE_TRACE] Group:0 Prob:0.82956 Alpha:0.50058
[MOE_TRACE] Group:1 Prob:0.35510 Alpha:0.50238
[MOE_TRACE] Group:2 Prob:0.82550 Alpha:0.50098
[MOE_TRACE] Group:0 Prob:0.82994 Alpha:0.50058
[MOE_TRACE] Group:1 Prob:0.34796 Alpha:0.50238
[MOE_TRACE] Group:2 Prob:0.82740 Alpha:0.50098
[MOE_TRACE] Group:0 Prob:0.82994 Alpha:0.50058
[MOE_TRACE] Group:1 Prob:0.34796 Alpha:0.50238
[MOE_TRACE] Group:2 Prob:0.82740 Alpha:0.50098
[MOE_TRACE] Group:0 Prob:0.82994 Alpha:0.50058
[MOE_TRACE] Group:1 Prob:0.34796 Alpha:0.50238
[MOE_TRACE] Group:2 Prob:0.82740 Alpha:0.50098
[MOE_TRACE] Group:0 Prob:0.82994 Alpha:0.50058
[MOE_TRACE] Group:1 Prob:0.34796 Alpha:0.50238
[MOE_TRACE] Group:2 Prob:0.82740 Alpha:0.50098
[MOE_TRACE] Group:0 Prob:0.81822 Alpha:0.50058
[MOE_TRACE] Group:1 Prob:0.34750 Alpha:0.50238
[MOE_TRACE] Group:2 Prob:0.82272 Alpha:0.50098
[MOE_TRACE] Group:0 Prob:0.81822 Alpha:0.50058
[MOE_TRACE] Group:1 Prob:0.34750 Alpha:0.50238
[MOE_TRACE] Group:2 Prob:0.82272 Alpha:0.50098
[MOE_TRACE] Group:0 Prob:0.81822 Alpha:0.50058
[MOE_TRACE] Group:1 Prob:0.34750 Alpha:0.50238
[MOE_TRACE] Group:2 Prob:0.82272 Alpha:0.50098
[MOE_TRACE] Group:0 Prob:0.81822 Alpha:0.50058
[MOE_TRACE] Group:1 Prob:0.34750 Alpha:0.50238
[MOE_TRACE] Group:2 Prob:0.82272 Alpha:0.50098
[MOE_TRACE] Group:0 Prob:0.82274 Alpha:0.50058
[MOE_TRACE] Group:1 Prob:0.35300 Alpha:0.50238
[MOE_TRACE] Group:0 Prob:0.82274 Alpha:0.50058
[MOE_TRACE] Group:1 Prob:0.35300 Alpha:0.50238[MOE_TRACE] Group:2 Prob:0.82870 Alpha:0.50098

[MOE_TRACE] Group:2 Prob:0.82870 Alpha:0.50098
[MOE_TRACE] Group:0 Prob:0.82274 Alpha:0.50058
[MOE_TRACE] Group:1 Prob:0.35300 Alpha:0.50238
[MOE_TRACE] Group:2 Prob:0.82478 Alpha:0.50098
[MOE_TRACE] Group:0 Prob:0.82274 Alpha:0.50058
[MOE_TRACE] Group:1 Prob:0.35300 Alpha:0.50238
[MOE_TRACE] Group:2 Prob:0.82478 Alpha:0.50098
[MOE_TRACE] Group:0 Prob:0.80988 Alpha:0.50058[MOE_TRACE] Group:0 Prob:0.80988 Alpha:0.50058

[MOE_TRACE] Group:1 Prob:0.34262 Alpha:0.50238
[MOE_TRACE] Group:1 Prob:0.34262 Alpha:0.50238
[MOE_TRACE] Group:2 Prob:0.81560 Alpha:0.50098
[MOE_TRACE] Group:2 Prob:0.81560 Alpha:0.50098[MOE_TRACE] Group:0 Prob:0.80988 Alpha:0.50058

[MOE_TRACE] Group:1 Prob:0.34262 Alpha:0.50238
[MOE_TRACE] Group:2 Prob:0.81560 Alpha:0.50098
[MOE_TRACE] Group:0 Prob:0.80988 Alpha:0.50058
[MOE_TRACE] Group:1 Prob:0.34262 Alpha:0.50238
[MOE_TRACE] Group:2 Prob:0.81560 Alpha:0.50098
[MOE_TRACE] Group:0 Prob:0.82378 Alpha:0.50058
[MOE_TRACE] Group:1 Prob:0.34322 Alpha:0.50238
[MOE_TRACE] Group:2 Prob:0.82117 Alpha:0.50098
[MOE_TRACE] Group:0 Prob:0.82378 Alpha:0.50058
[MOE_TRACE] Group:1 Prob:0.34322 Alpha:0.50238
[MOE_TRACE] Group:2 Prob:0.81945 Alpha:0.50098
[MOE_TRACE] Group:0 Prob:0.82378 Alpha:0.50058
[MOE_TRACE] Group:0 Prob:0.82378 Alpha:0.50058[MOE_TRACE] Group:1 Prob:0.34322 Alpha:0.50238

[MOE_TRACE] Group:1 Prob:0.34322 Alpha:0.50238
[MOE_TRACE] Group:2 Prob:0.81945 Alpha:0.50098
[MOE_TRACE] Group:2 Prob:0.81945 Alpha:0.50098
[MOE_TRACE] Group:0 Prob:0.80209 Alpha:0.50058
[MOE_TRACE] Group:0 Prob:0.80209 Alpha:0.50058
[MOE_TRACE] Group:1 Prob:0.35024 Alpha:0.50238
[MOE_TRACE] Group:2 Prob:0.81648 Alpha:0.50098
[MOE_TRACE] Group:1 Prob:0.35024 Alpha:0.50238
[MOE_TRACE] Group:2 Prob:0.81648 Alpha:0.50098
[MOE_TRACE] Group:0 Prob:0.80209 Alpha:0.50058
[MOE_TRACE] Group:1 Prob:0.35024 Alpha:0.50238
[MOE_TRACE] Group:2 Prob:0.81648 Alpha:0.50098
[MOE_TRACE] Group:0 Prob:0.80209 Alpha:0.50058
[MOE_TRACE] Group:1 Prob:0.35024 Alpha:0.50238
[MOE_TRACE] Group:2 Prob:0.81648 Alpha:0.50098
[MOE_TRACE] Group:0 Prob:0.82482 Alpha:0.50058
[MOE_TRACE] Group:1 Prob:0.34741 Alpha:0.50238
[MOE_TRACE] Group:2 Prob:0.82294 Alpha:0.50098
[MOE_TRACE] Group:0 Prob:0.82482 Alpha:0.50058
[MOE_TRACE] Group:1 Prob:0.34741 Alpha:0.50238
[MOE_TRACE] Group:2 Prob:0.82294 Alpha:0.50098
[MOE_TRACE] Group:0 Prob:0.82482 Alpha:0.50058
[MOE_TRACE] Group:1 Prob:0.34741 Alpha:0.50238
[MOE_TRACE] Group:2 Prob:0.82294 Alpha:0.50098
[MOE_TRACE] Group:0 Prob:0.82482 Alpha:0.50058
[MOE_TRACE] Group:1 Prob:0.34741 Alpha:0.50238
[MOE_TRACE] Group:2 Prob:0.82294 Alpha:0.50098
[MOE_TRACE] Group:0 Prob:0.81808 Alpha:0.50058
[MOE_TRACE] Group:1 Prob:0.34321 Alpha:0.50238
[MOE_TRACE] Group:2 Prob:0.82226 Alpha:0.50098
[MOE_TRACE] Group:0 Prob:0.81808 Alpha:0.50058
[MOE_TRACE] Group:0 Prob:0.81808 Alpha:0.50058
[MOE_TRACE] Group:1 Prob:0.34321 Alpha:0.50238
[MOE_TRACE] Group:2 Prob:0.82226 Alpha:0.50098
[MOE_TRACE] Group:1 Prob:0.34321 Alpha:0.50238
[MOE_TRACE] Group:2 Prob:0.82226 Alpha:0.50098
[MOE_TRACE] Group:0 Prob:0.81808 Alpha:0.50058
[MOE_TRACE] Group:1 Prob:0.34321 Alpha:0.50238
[MOE_TRACE] Group:2 Prob:0.82226 Alpha:0.50098
[MOE_TRACE] Group:0 Prob:0.82252 Alpha:0.50058
[MOE_TRACE] Group:1 Prob:0.35393 Alpha:0.50238
[MOE_TRACE] Group:2 Prob:0.82027 Alpha:0.50098
[MOE_TRACE] Group:0 Prob:0.82252 Alpha:0.50058
[MOE_TRACE] Group:1 Prob:0.35393 Alpha:0.50238
[MOE_TRACE] Group:2 Prob:0.82027 Alpha:0.50098
[MOE_TRACE] Group:0 Prob:0.82252 Alpha:0.50058
[MOE_TRACE] Group:1 Prob:0.35393 Alpha:0.50238
[MOE_TRACE] Group:2 Prob:0.82027 Alpha:0.50098
[MOE_TRACE] Group:0 Prob:0.82252 Alpha:0.50058
[MOE_TRACE] Group:1 Prob:0.35393 Alpha:0.50238
[MOE_TRACE] Group:2 Prob:0.82027 Alpha:0.50098
[MOE_TRACE] Group:0 Prob:0.83665 Alpha:0.50058
[MOE_TRACE] Group:0 Prob:0.83665 Alpha:0.50058
[MOE_TRACE] Group:1 Prob:0.34691 Alpha:0.50238
[MOE_TRACE] Group:1 Prob:0.34691 Alpha:0.50238
[MOE_TRACE] Group:2 Prob:0.82773 Alpha:0.50098
[MOE_TRACE] Group:2 Prob:0.82773 Alpha:0.50098
[MOE_TRACE] Group:0 Prob:0.83665 Alpha:0.50058
[MOE_TRACE] Group:0 Prob:0.83665 Alpha:0.50058[MOE_TRACE] Group:1 Prob:0.34691 Alpha:0.50238

[MOE_TRACE] Group:1 Prob:0.34691 Alpha:0.50238
[MOE_TRACE] Group:2 Prob:0.82773 Alpha:0.50098
[MOE_TRACE] Group:2 Prob:0.82773 Alpha:0.50098
[MOE_TRACE] Group:0 Prob:0.83011 Alpha:0.50058
[MOE_TRACE] Group:1 Prob:0.34834 Alpha:0.50238
[MOE_TRACE] Group:2 Prob:0.81959 Alpha:0.50098
[MOE_TRACE] Group:0 Prob:0.83011 Alpha:0.50058
[MOE_TRACE] Group:1 Prob:0.34834 Alpha:0.50238
[MOE_TRACE] Group:2 Prob:0.81959 Alpha:0.50098
[MOE_TRACE] Group:0 Prob:0.83011 Alpha:0.50058
[MOE_TRACE] Group:1 Prob:0.34834 Alpha:0.50238
[MOE_TRACE] Group:2 Prob:0.81959 Alpha:0.50098
[MOE_TRACE] Group:0 Prob:0.83011 Alpha:0.50058
[MOE_TRACE] Group:1 Prob:0.34834 Alpha:0.50238
[MOE_TRACE] Group:2 Prob:0.81959 Alpha:0.50098
[MOE_TRACE] Group:0 Prob:0.81961 Alpha:0.50058
[MOE_TRACE] Group:1 Prob:0.34848 Alpha:0.50238
[MOE_TRACE] Group:2 Prob:0.82336 Alpha:0.50098
[MOE_TRACE] Group:0 Prob:0.81961 Alpha:0.50058
[MOE_TRACE] Group:1 Prob:0.34848 Alpha:0.50238
[MOE_TRACE] Group:2 Prob:0.82336 Alpha:0.50098
[MOE_TRACE] Group:0 Prob:0.81961 Alpha:0.50058
[MOE_TRACE] Group:1 Prob:0.34848 Alpha:0.50238
[MOE_TRACE] Group:2 Prob:0.82432 Alpha:0.50098
[MOE_TRACE] Group:0 Prob:0.81961 Alpha:0.50058
[MOE_TRACE] Group:1 Prob:0.34848 Alpha:0.50238
[MOE_TRACE] Group:2 Prob:0.82432 Alpha:0.50098
[MOE_TRACE] Group:0 Prob:0.82738 Alpha:0.50058
[MOE_TRACE] Group:1 Prob:0.35865 Alpha:0.50238
[MOE_TRACE] Group:0 Prob:0.82738 Alpha:0.50058
[MOE_TRACE] Group:1 Prob:0.35865 Alpha:0.50238
[MOE_TRACE] Group:2 Prob:0.81822 Alpha:0.50098
[MOE_TRACE] Group:2 Prob:0.81822 Alpha:0.50098
[MOE_TRACE] Group:0 Prob:0.82738 Alpha:0.50058
[MOE_TRACE] Group:1 Prob:0.35865 Alpha:0.50238
[MOE_TRACE] Group:2 Prob:0.82403 Alpha:0.50098
[MOE_TRACE] Group:0 Prob:0.82738 Alpha:0.50058
[MOE_TRACE] Group:1 Prob:0.35865 Alpha:0.50238
[MOE_TRACE] Group:2 Prob:0.82403 Alpha:0.50098
Epoch: 7 cost time: 39.744171142578125
Epoch: 7, Steps: 147 | Train Loss: 0.3838342 Vali Loss: 0.2884423 Test Loss: 0.2954671
EarlyStopping counter: 2 out of 3
Updating learning rate to 1.5625e-06
[MOE_TRACE] Group:0 Prob:0.82015 Alpha:0.50058
[MOE_TRACE] Group:1 Prob:0.34235 Alpha:0.50238
[MOE_TRACE] Group:2 Prob:0.81673 Alpha:0.50098
[MOE_TRACE] Group:0 Prob:0.82015 Alpha:0.50058
[MOE_TRACE] Group:1 Prob:0.34235 Alpha:0.50238
[MOE_TRACE] Group:2 Prob:0.81673 Alpha:0.50098
[MOE_TRACE] Group:0 Prob:0.82015 Alpha:0.50058
[MOE_TRACE] Group:1 Prob:0.34235 Alpha:0.50238
[MOE_TRACE] Group:2 Prob:0.81673 Alpha:0.50098
[MOE_TRACE] Group:0 Prob:0.82015 Alpha:0.50058
[MOE_TRACE] Group:1 Prob:0.34235 Alpha:0.50238
[MOE_TRACE] Group:2 Prob:0.81673 Alpha:0.50098
[MOE_TRACE] Group:0 Prob:0.80760 Alpha:0.50058
[MOE_TRACE] Group:1 Prob:0.34573 Alpha:0.50238
[MOE_TRACE] Group:2 Prob:0.82075 Alpha:0.50098
[MOE_TRACE] Group:0 Prob:0.80760 Alpha:0.50058
[MOE_TRACE] Group:1 Prob:0.34573 Alpha:0.50238
[MOE_TRACE] Group:2 Prob:0.82075 Alpha:0.50098
[MOE_TRACE] Group:0 Prob:0.80760 Alpha:0.50058
[MOE_TRACE] Group:1 Prob:0.34573 Alpha:0.50238
[MOE_TRACE] Group:2 Prob:0.82075 Alpha:0.50098
[MOE_TRACE] Group:0 Prob:0.80760 Alpha:0.50058
[MOE_TRACE] Group:1 Prob:0.34573 Alpha:0.50238
[MOE_TRACE] Group:2 Prob:0.82075 Alpha:0.50098
[MOE_TRACE] Group:0 Prob:0.82153 Alpha:0.50058[MOE_TRACE] Group:0 Prob:0.82153 Alpha:0.50058

[MOE_TRACE] Group:1 Prob:0.35336 Alpha:0.50238
[MOE_TRACE] Group:1 Prob:0.35336 Alpha:0.50238
[MOE_TRACE] Group:2 Prob:0.82559 Alpha:0.50098
[MOE_TRACE] Group:2 Prob:0.82559 Alpha:0.50098
[MOE_TRACE] Group:0 Prob:0.82153 Alpha:0.50058
[MOE_TRACE] Group:1 Prob:0.35336 Alpha:0.50238
[MOE_TRACE] Group:2 Prob:0.82559 Alpha:0.50098
[MOE_TRACE] Group:0 Prob:0.82153 Alpha:0.50058
[MOE_TRACE] Group:1 Prob:0.35336 Alpha:0.50238
[MOE_TRACE] Group:2 Prob:0.82559 Alpha:0.50098
[MOE_TRACE] Group:2 Prob:0.82217 Alpha:0.50098
[MOE_TRACE] Group:0 Prob:0.81604 Alpha:0.50058
[MOE_TRACE] Group:1 Prob:0.35187 Alpha:0.50238
[MOE_TRACE] Group:2 Prob:0.82217 Alpha:0.50098
[MOE_TRACE] Group:0 Prob:0.81604 Alpha:0.50058
[MOE_TRACE] Group:1 Prob:0.35187 Alpha:0.50238
[MOE_TRACE] Group:2 Prob:0.82217 Alpha:0.50098
[MOE_TRACE] Group:0 Prob:0.81604 Alpha:0.50058
[MOE_TRACE] Group:1 Prob:0.35187 Alpha:0.50238
[MOE_TRACE] Group:2 Prob:0.82217 Alpha:0.50098
[MOE_TRACE] Group:0 Prob:0.82049 Alpha:0.50058
[MOE_TRACE] Group:1 Prob:0.34386 Alpha:0.50238
[MOE_TRACE] Group:2 Prob:0.82658 Alpha:0.50098
[MOE_TRACE] Group:0 Prob:0.82049 Alpha:0.50058
[MOE_TRACE] Group:1 Prob:0.34386 Alpha:0.50238
[MOE_TRACE] Group:2 Prob:0.82658 Alpha:0.50098
[MOE_TRACE] Group:0 Prob:0.82049 Alpha:0.50058
[MOE_TRACE] Group:1 Prob:0.34386 Alpha:0.50238
[MOE_TRACE] Group:2 Prob:0.82658 Alpha:0.50098
[MOE_TRACE] Group:0 Prob:0.82049 Alpha:0.50058
[MOE_TRACE] Group:1 Prob:0.34386 Alpha:0.50238
[MOE_TRACE] Group:2 Prob:0.82658 Alpha:0.50098
[MOE_TRACE] Group:0 Prob:0.82125 Alpha:0.50058
[MOE_TRACE] Group:1 Prob:0.34711 Alpha:0.50238
[MOE_TRACE] Group:2 Prob:0.82360 Alpha:0.50098
[MOE_TRACE] Group:0 Prob:0.82125 Alpha:0.50058
[MOE_TRACE] Group:1 Prob:0.34711 Alpha:0.50238
[MOE_TRACE] Group:2 Prob:0.82017 Alpha:0.50098
[MOE_TRACE] Group:0 Prob:0.82125 Alpha:0.50058
[MOE_TRACE] Group:1 Prob:0.34711 Alpha:0.50238
[MOE_TRACE] Group:2 Prob:0.82017 Alpha:0.50098
[MOE_TRACE] Group:0 Prob:0.82125 Alpha:0.50058
[MOE_TRACE] Group:1 Prob:0.34711 Alpha:0.50238
[MOE_TRACE] Group:2 Prob:0.82017 Alpha:0.50098
[MOE_TRACE] Group:0 Prob:0.82072 Alpha:0.50058
[MOE_TRACE] Group:1 Prob:0.34305 Alpha:0.50238
[MOE_TRACE] Group:2 Prob:0.82623 Alpha:0.50098
[MOE_TRACE] Group:0 Prob:0.82072 Alpha:0.50058
[MOE_TRACE] Group:0 Prob:0.82072 Alpha:0.50058
[MOE_TRACE] Group:1 Prob:0.34305 Alpha:0.50238
[MOE_TRACE] Group:1 Prob:0.34305 Alpha:0.50238
[MOE_TRACE] Group:2 Prob:0.82623 Alpha:0.50098[MOE_TRACE] Group:2 Prob:0.82623 Alpha:0.50098

[MOE_TRACE] Group:0 Prob:0.82072 Alpha:0.50058
[MOE_TRACE] Group:1 Prob:0.34305 Alpha:0.50238
[MOE_TRACE] Group:2 Prob:0.82623 Alpha:0.50098
[MOE_TRACE] Group:0 Prob:0.81016 Alpha:0.50058
[MOE_TRACE] Group:1 Prob:0.34719 Alpha:0.50238
[MOE_TRACE] Group:2 Prob:0.81794 Alpha:0.50098
[MOE_TRACE] Group:0 Prob:0.81016 Alpha:0.50058
[MOE_TRACE] Group:0 Prob:0.81016 Alpha:0.50058
[MOE_TRACE] Group:1 Prob:0.34719 Alpha:0.50238[MOE_TRACE] Group:1 Prob:0.34719 Alpha:0.50238

[MOE_TRACE] Group:2 Prob:0.81794 Alpha:0.50098[MOE_TRACE] Group:2 Prob:0.81794 Alpha:0.50098

[MOE_TRACE] Group:0 Prob:0.81016 Alpha:0.50058
[MOE_TRACE] Group:1 Prob:0.34719 Alpha:0.50238
[MOE_TRACE] Group:2 Prob:0.81794 Alpha:0.50098
[MOE_TRACE] Group:0 Prob:0.82655 Alpha:0.50058
[MOE_TRACE] Group:0 Prob:0.82655 Alpha:0.50058
[MOE_TRACE] Group:1 Prob:0.34722 Alpha:0.50238
[MOE_TRACE] Group:1 Prob:0.34722 Alpha:0.50238
[MOE_TRACE] Group:2 Prob:0.82510 Alpha:0.50098
[MOE_TRACE] Group:2 Prob:0.82510 Alpha:0.50098
[MOE_TRACE] Group:0 Prob:0.82655 Alpha:0.50058
[MOE_TRACE] Group:1 Prob:0.34722 Alpha:0.50238
[MOE_TRACE] Group:2 Prob:0.82510 Alpha:0.50098
[MOE_TRACE] Group:0 Prob:0.82655 Alpha:0.50058
[MOE_TRACE] Group:1 Prob:0.34722 Alpha:0.50238
[MOE_TRACE] Group:2 Prob:0.82510 Alpha:0.50098
[MOE_TRACE] Group:2 Prob:0.82826 Alpha:0.50098
[MOE_TRACE] Group:0 Prob:0.82959 Alpha:0.50058
[MOE_TRACE] Group:1 Prob:0.33242 Alpha:0.50239
[MOE_TRACE] Group:2 Prob:0.82001 Alpha:0.50098
[MOE_TRACE] Group:0 Prob:0.82959 Alpha:0.50058
[MOE_TRACE] Group:1 Prob:0.33242 Alpha:0.50239
[MOE_TRACE] Group:2 Prob:0.82001 Alpha:0.50098
[MOE_TRACE] Group:0 Prob:0.82959 Alpha:0.50058
[MOE_TRACE] Group:1 Prob:0.33242 Alpha:0.50239
[MOE_TRACE] Group:2 Prob:0.82001 Alpha:0.50098
[MOE_TRACE] Group:0 Prob:0.82284 Alpha:0.50058
[MOE_TRACE] Group:1 Prob:0.34273 Alpha:0.50239
[MOE_TRACE] Group:2 Prob:0.82450 Alpha:0.50098
[MOE_TRACE] Group:0 Prob:0.82284 Alpha:0.50058
[MOE_TRACE] Group:1 Prob:0.34273 Alpha:0.50239
[MOE_TRACE] Group:2 Prob:0.82440 Alpha:0.50098
[MOE_TRACE] Group:0 Prob:0.82284 Alpha:0.50058
[MOE_TRACE] Group:1 Prob:0.34273 Alpha:0.50239
[MOE_TRACE] Group:2 Prob:0.82440 Alpha:0.50098
[MOE_TRACE] Group:0 Prob:0.82284 Alpha:0.50058
[MOE_TRACE] Group:1 Prob:0.34273 Alpha:0.50239
[MOE_TRACE] Group:2 Prob:0.82440 Alpha:0.50098
[MOE_TRACE] Group:0 Prob:0.82570 Alpha:0.50058[MOE_TRACE] Group:0 Prob:0.82570 Alpha:0.50058

[MOE_TRACE] Group:1 Prob:0.33905 Alpha:0.50239
[MOE_TRACE] Group:1 Prob:0.33905 Alpha:0.50239
[MOE_TRACE] Group:0 Prob:0.82570 Alpha:0.50058
[MOE_TRACE] Group:2 Prob:0.82780 Alpha:0.50098
[MOE_TRACE] Group:2 Prob:0.82780 Alpha:0.50098
[MOE_TRACE] Group:1 Prob:0.33905 Alpha:0.50239
[MOE_TRACE] Group:2 Prob:0.82780 Alpha:0.50098
[MOE_TRACE] Group:0 Prob:0.82570 Alpha:0.50058
[MOE_TRACE] Group:1 Prob:0.33905 Alpha:0.50239
[MOE_TRACE] Group:2 Prob:0.82780 Alpha:0.50098
[MOE_TRACE] Group:2 Prob:0.82282 Alpha:0.50098
[MOE_TRACE] Group:0 Prob:0.82166 Alpha:0.50058
[MOE_TRACE] Group:0 Prob:0.82166 Alpha:0.50058[MOE_TRACE] Group:1 Prob:0.35172 Alpha:0.50239

[MOE_TRACE] Group:2 Prob:0.82733 Alpha:0.50098
[MOE_TRACE] Group:1 Prob:0.35172 Alpha:0.50239
[MOE_TRACE] Group:2 Prob:0.82733 Alpha:0.50098
[MOE_TRACE] Group:0 Prob:0.82166 Alpha:0.50058
[MOE_TRACE] Group:1 Prob:0.35172 Alpha:0.50239
[MOE_TRACE] Group:2 Prob:0.82733 Alpha:0.50098
[MOE_TRACE] Group:0 Prob:0.81289 Alpha:0.50058
[MOE_TRACE] Group:1 Prob:0.33863 Alpha:0.50239
[MOE_TRACE] Group:2 Prob:0.81543 Alpha:0.50098
[MOE_TRACE] Group:0 Prob:0.81289 Alpha:0.50058
[MOE_TRACE] Group:1 Prob:0.33863 Alpha:0.50239
[MOE_TRACE] Group:2 Prob:0.82166 Alpha:0.50098
[MOE_TRACE] Group:0 Prob:0.81289 Alpha:0.50058
[MOE_TRACE] Group:1 Prob:0.33863 Alpha:0.50239
[MOE_TRACE] Group:2 Prob:0.82166 Alpha:0.50098
[MOE_TRACE] Group:0 Prob:0.81289 Alpha:0.50058
[MOE_TRACE] Group:1 Prob:0.33863 Alpha:0.50239
[MOE_TRACE] Group:2 Prob:0.82166 Alpha:0.50098
[MOE_TRACE] Group:0 Prob:0.83206 Alpha:0.50058
[MOE_TRACE] Group:1 Prob:0.34743 Alpha:0.50239
[MOE_TRACE] Group:2 Prob:0.82129 Alpha:0.50098
[MOE_TRACE] Group:0 Prob:0.83206 Alpha:0.50058
[MOE_TRACE] Group:0 Prob:0.83206 Alpha:0.50058
[MOE_TRACE] Group:1 Prob:0.34743 Alpha:0.50239
[MOE_TRACE] Group:1 Prob:0.34743 Alpha:0.50239
[MOE_TRACE] Group:2 Prob:0.82129 Alpha:0.50098[MOE_TRACE] Group:2 Prob:0.82129 Alpha:0.50098

[MOE_TRACE] Group:0 Prob:0.83206 Alpha:0.50058
[MOE_TRACE] Group:1 Prob:0.34743 Alpha:0.50239
[MOE_TRACE] Group:2 Prob:0.82129 Alpha:0.50098
[MOE_TRACE] Group:0 Prob:0.81836 Alpha:0.50058
[MOE_TRACE] Group:1 Prob:0.35089 Alpha:0.50239
[MOE_TRACE] Group:2 Prob:0.82761 Alpha:0.50098
[MOE_TRACE] Group:0 Prob:0.81836 Alpha:0.50058
[MOE_TRACE] Group:1 Prob:0.35089 Alpha:0.50239
[MOE_TRACE] Group:2 Prob:0.82761 Alpha:0.50098
[MOE_TRACE] Group:0 Prob:0.81836 Alpha:0.50058
[MOE_TRACE] Group:1 Prob:0.35089 Alpha:0.50239
[MOE_TRACE] Group:2 Prob:0.82761 Alpha:0.50098
[MOE_TRACE] Group:0 Prob:0.81836 Alpha:0.50058
[MOE_TRACE] Group:1 Prob:0.35089 Alpha:0.50239
[MOE_TRACE] Group:2 Prob:0.82761 Alpha:0.50098
[MOE_TRACE] Group:0 Prob:0.82093 Alpha:0.50058
[MOE_TRACE] Group:1 Prob:0.34298 Alpha:0.50239
[MOE_TRACE] Group:2 Prob:0.82403 Alpha:0.50098
[MOE_TRACE] Group:0 Prob:0.82093 Alpha:0.50058
[MOE_TRACE] Group:1 Prob:0.34298 Alpha:0.50239
[MOE_TRACE] Group:2 Prob:0.81704 Alpha:0.50098
[MOE_TRACE] Group:0 Prob:0.82093 Alpha:0.50058
[MOE_TRACE] Group:1 Prob:0.34298 Alpha:0.50239
[MOE_TRACE] Group:2 Prob:0.81704 Alpha:0.50098
[MOE_TRACE] Group:0 Prob:0.82093 Alpha:0.50058
[MOE_TRACE] Group:1 Prob:0.34298 Alpha:0.50239
[MOE_TRACE] Group:2 Prob:0.81704 Alpha:0.50098
[MOE_TRACE] Group:2 Prob:0.82795 Alpha:0.50098
[MOE_TRACE] Group:2 Prob:0.82795 Alpha:0.50098
[MOE_TRACE] Group:0 Prob:0.83237 Alpha:0.50058
[MOE_TRACE] Group:1 Prob:0.33756 Alpha:0.50239
[MOE_TRACE] Group:2 Prob:0.83164 Alpha:0.50098
[MOE_TRACE] Group:0 Prob:0.83237 Alpha:0.50058
[MOE_TRACE] Group:1 Prob:0.33756 Alpha:0.50239
[MOE_TRACE] Group:2 Prob:0.83164 Alpha:0.50098
[MOE_TRACE] Group:0 Prob:0.82334 Alpha:0.50058
[MOE_TRACE] Group:1 Prob:0.34178 Alpha:0.50239
[MOE_TRACE] Group:2 Prob:0.82305 Alpha:0.50098
[MOE_TRACE] Group:0 Prob:0.82334 Alpha:0.50058
[MOE_TRACE] Group:1 Prob:0.34178 Alpha:0.50239
[MOE_TRACE] Group:0 Prob:0.82334 Alpha:0.50058
[MOE_TRACE] Group:2 Prob:0.82305 Alpha:0.50098
[MOE_TRACE] Group:1 Prob:0.34178 Alpha:0.50239
[MOE_TRACE] Group:2 Prob:0.82305 Alpha:0.50098
[MOE_TRACE] Group:0 Prob:0.82334 Alpha:0.50058
[MOE_TRACE] Group:1 Prob:0.34178 Alpha:0.50239
[MOE_TRACE] Group:2 Prob:0.82305 Alpha:0.50098
[MOE_TRACE] Group:2 Prob:0.82582 Alpha:0.50098
[MOE_TRACE] Group:0 Prob:0.82052 Alpha:0.50058
[MOE_TRACE] Group:1 Prob:0.36133 Alpha:0.50239
[MOE_TRACE] Group:2 Prob:0.82343 Alpha:0.50098
[MOE_TRACE] Group:0 Prob:0.82052 Alpha:0.50058
[MOE_TRACE] Group:1 Prob:0.36133 Alpha:0.50239
[MOE_TRACE] Group:2 Prob:0.82343 Alpha:0.50098
[MOE_TRACE] Group:0 Prob:0.82052 Alpha:0.50058
[MOE_TRACE] Group:1 Prob:0.36133 Alpha:0.50239
[MOE_TRACE] Group:2 Prob:0.82343 Alpha:0.50098
[MOE_TRACE] Group:0 Prob:0.82444 Alpha:0.50058
[MOE_TRACE] Group:0 Prob:0.82444 Alpha:0.50058
[MOE_TRACE] Group:1 Prob:0.35298 Alpha:0.50239
[MOE_TRACE] Group:1 Prob:0.35298 Alpha:0.50239[MOE_TRACE] Group:2 Prob:0.82175 Alpha:0.50098

[MOE_TRACE] Group:2 Prob:0.82175 Alpha:0.50098
[MOE_TRACE] Group:0 Prob:0.82444 Alpha:0.50058
[MOE_TRACE] Group:1 Prob:0.35298 Alpha:0.50239
[MOE_TRACE] Group:2 Prob:0.82175 Alpha:0.50098
[MOE_TRACE] Group:0 Prob:0.82444 Alpha:0.50058
[MOE_TRACE] Group:1 Prob:0.35298 Alpha:0.50239
[MOE_TRACE] Group:2 Prob:0.82175 Alpha:0.50098
[MOE_TRACE] Group:0 Prob:0.82628 Alpha:0.50058
[MOE_TRACE] Group:1 Prob:0.34594 Alpha:0.50239
[MOE_TRACE] Group:2 Prob:0.81996 Alpha:0.50098
[MOE_TRACE] Group:0 Prob:0.82628 Alpha:0.50058
[MOE_TRACE] Group:1 Prob:0.34594 Alpha:0.50239
[MOE_TRACE] Group:2 Prob:0.81996 Alpha:0.50098
[MOE_TRACE] Group:0 Prob:0.82628 Alpha:0.50058
[MOE_TRACE] Group:1 Prob:0.34594 Alpha:0.50239
[MOE_TRACE] Group:2 Prob:0.81996 Alpha:0.50098
[MOE_TRACE] Group:0 Prob:0.82628 Alpha:0.50058
[MOE_TRACE] Group:1 Prob:0.34594 Alpha:0.50239
[MOE_TRACE] Group:2 Prob:0.81996 Alpha:0.50098
[MOE_TRACE] Group:0 Prob:0.82407 Alpha:0.50058
[MOE_TRACE] Group:2 Prob:0.81942 Alpha:0.50098
[MOE_TRACE] Group:0 Prob:0.82407 Alpha:0.50058
[MOE_TRACE] Group:1 Prob:0.34969 Alpha:0.50239
[MOE_TRACE] Group:2 Prob:0.82398 Alpha:0.50098
[MOE_TRACE] Group:0 Prob:0.82407 Alpha:0.50058
[MOE_TRACE] Group:1 Prob:0.34969 Alpha:0.50239
[MOE_TRACE] Group:2 Prob:0.82398 Alpha:0.50098
[MOE_TRACE] Group:0 Prob:0.82407 Alpha:0.50058
[MOE_TRACE] Group:1 Prob:0.34969 Alpha:0.50239
[MOE_TRACE] Group:2 Prob:0.82398 Alpha:0.50098
[MOE_TRACE] Group:0 Prob:0.82839 Alpha:0.50058
[MOE_TRACE] Group:1 Prob:0.34947 Alpha:0.50239
[MOE_TRACE] Group:2 Prob:0.82114 Alpha:0.50098
[MOE_TRACE] Group:0 Prob:0.82839 Alpha:0.50058
[MOE_TRACE] Group:0 Prob:0.82839 Alpha:0.50058
[MOE_TRACE] Group:1 Prob:0.34947 Alpha:0.50239
[MOE_TRACE] Group:1 Prob:0.34947 Alpha:0.50239
[MOE_TRACE] Group:2 Prob:0.82114 Alpha:0.50098[MOE_TRACE] Group:2 Prob:0.82114 Alpha:0.50098

[MOE_TRACE] Group:0 Prob:0.82839 Alpha:0.50058
[MOE_TRACE] Group:1 Prob:0.34947 Alpha:0.50239
[MOE_TRACE] Group:2 Prob:0.82114 Alpha:0.50098
[MOE_TRACE] Group:0 Prob:0.83107 Alpha:0.50058
[MOE_TRACE] Group:1 Prob:0.34423 Alpha:0.50239
[MOE_TRACE] Group:2 Prob:0.82498 Alpha:0.50098
[MOE_TRACE] Group:0 Prob:0.83107 Alpha:0.50058
[MOE_TRACE] Group:1 Prob:0.34423 Alpha:0.50239
[MOE_TRACE] Group:2 Prob:0.82498 Alpha:0.50098
[MOE_TRACE] Group:0 Prob:0.83107 Alpha:0.50058
[MOE_TRACE] Group:1 Prob:0.34423 Alpha:0.50239
[MOE_TRACE] Group:2 Prob:0.82498 Alpha:0.50098
[MOE_TRACE] Group:0 Prob:0.83107 Alpha:0.50058
[MOE_TRACE] Group:1 Prob:0.34423 Alpha:0.50239
[MOE_TRACE] Group:2 Prob:0.82498 Alpha:0.50098
[MOE_TRACE] Group:0 Prob:0.81221 Alpha:0.50058
[MOE_TRACE] Group:1 Prob:0.35173 Alpha:0.50239
[MOE_TRACE] Group:2 Prob:0.82265 Alpha:0.50098
[MOE_TRACE] Group:0 Prob:0.81221 Alpha:0.50058
[MOE_TRACE] Group:1 Prob:0.35173 Alpha:0.50239
[MOE_TRACE] Group:2 Prob:0.82265 Alpha:0.50098
[MOE_TRACE] Group:0 Prob:0.81221 Alpha:0.50058
[MOE_TRACE] Group:1 Prob:0.35173 Alpha:0.50239
[MOE_TRACE] Group:2 Prob:0.82265 Alpha:0.50098
[MOE_TRACE] Group:0 Prob:0.81221 Alpha:0.50058
[MOE_TRACE] Group:1 Prob:0.35173 Alpha:0.50239
[MOE_TRACE] Group:2 Prob:0.82265 Alpha:0.50098
[MOE_TRACE] Group:0 Prob:0.81711 Alpha:0.50058
[MOE_TRACE] Group:1 Prob:0.34554 Alpha:0.50239
[MOE_TRACE] Group:0 Prob:0.81711 Alpha:0.50058
[MOE_TRACE] Group:2 Prob:0.82828 Alpha:0.50098
[MOE_TRACE] Group:1 Prob:0.34554 Alpha:0.50239
[MOE_TRACE] Group:2 Prob:0.82828 Alpha:0.50098
[MOE_TRACE] Group:0 Prob:0.81711 Alpha:0.50058
[MOE_TRACE] Group:1 Prob:0.34554 Alpha:0.50239
[MOE_TRACE] Group:2 Prob:0.82828 Alpha:0.50098
[MOE_TRACE] Group:0 Prob:0.81711 Alpha:0.50058
[MOE_TRACE] Group:1 Prob:0.34554 Alpha:0.50239
[MOE_TRACE] Group:2 Prob:0.82828 Alpha:0.50098
[MOE_TRACE] Group:0 Prob:0.81845 Alpha:0.50058
[MOE_TRACE] Group:1 Prob:0.34771 Alpha:0.50239
[MOE_TRACE] Group:2 Prob:0.81777 Alpha:0.50098
[MOE_TRACE] Group:0 Prob:0.81845 Alpha:0.50058
[MOE_TRACE] Group:1 Prob:0.34771 Alpha:0.50239
[MOE_TRACE] Group:2 Prob:0.81506 Alpha:0.50098
[MOE_TRACE] Group:0 Prob:0.81845 Alpha:0.50058
[MOE_TRACE] Group:1 Prob:0.34771 Alpha:0.50239
[MOE_TRACE] Group:2 Prob:0.81506 Alpha:0.50098
[MOE_TRACE] Group:0 Prob:0.81845 Alpha:0.50058
[MOE_TRACE] Group:1 Prob:0.34771 Alpha:0.50239
[MOE_TRACE] Group:2 Prob:0.81506 Alpha:0.50098
[MOE_TRACE] Group:0 Prob:0.82218 Alpha:0.50058
[MOE_TRACE] Group:1 Prob:0.35511 Alpha:0.50239
[MOE_TRACE] Group:2 Prob:0.81897 Alpha:0.50098
[MOE_TRACE] Group:0 Prob:0.82218 Alpha:0.50058
[MOE_TRACE] Group:1 Prob:0.35511 Alpha:0.50239
[MOE_TRACE] Group:0 Prob:0.82218 Alpha:0.50058
[MOE_TRACE] Group:2 Prob:0.81897 Alpha:0.50098
[MOE_TRACE] Group:1 Prob:0.35511 Alpha:0.50239
[MOE_TRACE] Group:2 Prob:0.81897 Alpha:0.50098
[MOE_TRACE] Group:0 Prob:0.82218 Alpha:0.50058
[MOE_TRACE] Group:1 Prob:0.35511 Alpha:0.50239
[MOE_TRACE] Group:2 Prob:0.81897 Alpha:0.50098
[MOE_TRACE] Group:0 Prob:0.81902 Alpha:0.50058
[MOE_TRACE] Group:1 Prob:0.34860 Alpha:0.50239
[MOE_TRACE] Group:2 Prob:0.82859 Alpha:0.50098
[MOE_TRACE] Group:0 Prob:0.81902 Alpha:0.50058
[MOE_TRACE] Group:1 Prob:0.34860 Alpha:0.50239
[MOE_TRACE] Group:2 Prob:0.82859 Alpha:0.50098
[MOE_TRACE] Group:0 Prob:0.81902 Alpha:0.50058
[MOE_TRACE] Group:1 Prob:0.34860 Alpha:0.50239
[MOE_TRACE] Group:2 Prob:0.82859 Alpha:0.50098
[MOE_TRACE] Group:0 Prob:0.81902 Alpha:0.50058
[MOE_TRACE] Group:1 Prob:0.34860 Alpha:0.50239
[MOE_TRACE] Group:2 Prob:0.82859 Alpha:0.50098
[MOE_TRACE] Group:0 Prob:0.83334 Alpha:0.50058
[MOE_TRACE] Group:1 Prob:0.34756 Alpha:0.50239
[MOE_TRACE] Group:2 Prob:0.81759 Alpha:0.50098
[MOE_TRACE] Group:0 Prob:0.83334 Alpha:0.50058
[MOE_TRACE] Group:1 Prob:0.34756 Alpha:0.50239
[MOE_TRACE] Group:2 Prob:0.81759 Alpha:0.50098
[MOE_TRACE] Group:0 Prob:0.83334 Alpha:0.50058
[MOE_TRACE] Group:1 Prob:0.34756 Alpha:0.50239
[MOE_TRACE] Group:2 Prob:0.81759 Alpha:0.50098
[MOE_TRACE] Group:0 Prob:0.83334 Alpha:0.50058
[MOE_TRACE] Group:1 Prob:0.34756 Alpha:0.50239
[MOE_TRACE] Group:2 Prob:0.81759 Alpha:0.50098
[MOE_TRACE] Group:0 Prob:0.82315 Alpha:0.50058
[MOE_TRACE] Group:1 Prob:0.34411 Alpha:0.50239
[MOE_TRACE] Group:2 Prob:0.82090 Alpha:0.50098
[MOE_TRACE] Group:0 Prob:0.82315 Alpha:0.50058
[MOE_TRACE] Group:1 Prob:0.34411 Alpha:0.50239
[MOE_TRACE] Group:2 Prob:0.81877 Alpha:0.50098
[MOE_TRACE] Group:0 Prob:0.82315 Alpha:0.50058
[MOE_TRACE] Group:1 Prob:0.34411 Alpha:0.50239
[MOE_TRACE] Group:2 Prob:0.81877 Alpha:0.50098
[MOE_TRACE] Group:0 Prob:0.82315 Alpha:0.50058
[MOE_TRACE] Group:1 Prob:0.34411 Alpha:0.50239
[MOE_TRACE] Group:2 Prob:0.81877 Alpha:0.50098
[MOE_TRACE] Group:0 Prob:0.83080 Alpha:0.50058
[MOE_TRACE] Group:1 Prob:0.35316 Alpha:0.50239
[MOE_TRACE] Group:2 Prob:0.82024 Alpha:0.50098
[MOE_TRACE] Group:0 Prob:0.83080 Alpha:0.50058
[MOE_TRACE] Group:1 Prob:0.35316 Alpha:0.50239
[MOE_TRACE] Group:2 Prob:0.82971 Alpha:0.50098
[MOE_TRACE] Group:0 Prob:0.83080 Alpha:0.50058
[MOE_TRACE] Group:1 Prob:0.35316 Alpha:0.50239
[MOE_TRACE] Group:2 Prob:0.82971 Alpha:0.50098
[MOE_TRACE] Group:0 Prob:0.83080 Alpha:0.50058
[MOE_TRACE] Group:1 Prob:0.35316 Alpha:0.50239
[MOE_TRACE] Group:2 Prob:0.82971 Alpha:0.50098
[MOE_TRACE] Group:0 Prob:0.81836 Alpha:0.50058
[MOE_TRACE] Group:1 Prob:0.34060 Alpha:0.50239
[MOE_TRACE] Group:2 Prob:0.82427 Alpha:0.50098
[MOE_TRACE] Group:0 Prob:0.81836 Alpha:0.50058
[MOE_TRACE] Group:1 Prob:0.34060 Alpha:0.50239
[MOE_TRACE] Group:2 Prob:0.81797 Alpha:0.50098
[MOE_TRACE] Group:0 Prob:0.81836 Alpha:0.50058
[MOE_TRACE] Group:1 Prob:0.34060 Alpha:0.50239
[MOE_TRACE] Group:2 Prob:0.81797 Alpha:0.50098
[MOE_TRACE] Group:0 Prob:0.81836 Alpha:0.50058
[MOE_TRACE] Group:1 Prob:0.34060 Alpha:0.50239
[MOE_TRACE] Group:2 Prob:0.81797 Alpha:0.50098
[MOE_TRACE] Group:0 Prob:0.82471 Alpha:0.50058
[MOE_TRACE] Group:1 Prob:0.35841 Alpha:0.50239
[MOE_TRACE] Group:2 Prob:0.81950 Alpha:0.50098
[MOE_TRACE] Group:0 Prob:0.82471 Alpha:0.50058
[MOE_TRACE] Group:1 Prob:0.35841 Alpha:0.50239
[MOE_TRACE] Group:2 Prob:0.81950 Alpha:0.50098
[MOE_TRACE] Group:0 Prob:0.82471 Alpha:0.50058
[MOE_TRACE] Group:1 Prob:0.35841 Alpha:0.50239
[MOE_TRACE] Group:2 Prob:0.81950 Alpha:0.50098
[MOE_TRACE] Group:0 Prob:0.82471 Alpha:0.50058
[MOE_TRACE] Group:1 Prob:0.35841 Alpha:0.50239
[MOE_TRACE] Group:2 Prob:0.81950 Alpha:0.50098
[MOE_TRACE] Group:0 Prob:0.81562 Alpha:0.50058
[MOE_TRACE] Group:1 Prob:0.34230 Alpha:0.50239
[MOE_TRACE] Group:2 Prob:0.82079 Alpha:0.50098
[MOE_TRACE] Group:0 Prob:0.81562 Alpha:0.50058
[MOE_TRACE] Group:1 Prob:0.34230 Alpha:0.50239
[MOE_TRACE] Group:2 Prob:0.82079 Alpha:0.50098
[MOE_TRACE] Group:0 Prob:0.81562 Alpha:0.50058
[MOE_TRACE] Group:1 Prob:0.34230 Alpha:0.50239
[MOE_TRACE] Group:2 Prob:0.82079 Alpha:0.50098
[MOE_TRACE] Group:0 Prob:0.81562 Alpha:0.50058
[MOE_TRACE] Group:1 Prob:0.34230 Alpha:0.50239
[MOE_TRACE] Group:2 Prob:0.82079 Alpha:0.50098
[MOE_TRACE] Group:0 Prob:0.82895 Alpha:0.50058
[MOE_TRACE] Group:1 Prob:0.35579 Alpha:0.50239
[MOE_TRACE] Group:2 Prob:0.82186 Alpha:0.50098
[MOE_TRACE] Group:0 Prob:0.82895 Alpha:0.50058
[MOE_TRACE] Group:1 Prob:0.35579 Alpha:0.50239
[MOE_TRACE] Group:2 Prob:0.82810 Alpha:0.50098
[MOE_TRACE] Group:0 Prob:0.82895 Alpha:0.50058
[MOE_TRACE] Group:1 Prob:0.35579 Alpha:0.50239
[MOE_TRACE] Group:2 Prob:0.82810 Alpha:0.50098
[MOE_TRACE] Group:0 Prob:0.82895 Alpha:0.50058
[MOE_TRACE] Group:1 Prob:0.35579 Alpha:0.50239
[MOE_TRACE] Group:2 Prob:0.82810 Alpha:0.50098
[MOE_TRACE] Group:0 Prob:0.82194 Alpha:0.50058
[MOE_TRACE] Group:1 Prob:0.35171 Alpha:0.50239
[MOE_TRACE] Group:2 Prob:0.81928 Alpha:0.50098
[MOE_TRACE] Group:0 Prob:0.82194 Alpha:0.50058
[MOE_TRACE] Group:1 Prob:0.35171 Alpha:0.50239
[MOE_TRACE] Group:2 Prob:0.81928 Alpha:0.50098
[MOE_TRACE] Group:0 Prob:0.82194 Alpha:0.50058
[MOE_TRACE] Group:1 Prob:0.35171 Alpha:0.50239
[MOE_TRACE] Group:2 Prob:0.81928 Alpha:0.50098
[MOE_TRACE] Group:0 Prob:0.82194 Alpha:0.50058
[MOE_TRACE] Group:1 Prob:0.35171 Alpha:0.50239
[MOE_TRACE] Group:2 Prob:0.81928 Alpha:0.50098
[MOE_TRACE] Group:0 Prob:0.83049 Alpha:0.50058
[MOE_TRACE] Group:1 Prob:0.35829 Alpha:0.50239
[MOE_TRACE] Group:2 Prob:0.81895 Alpha:0.50098
[MOE_TRACE] Group:0 Prob:0.83049 Alpha:0.50058
[MOE_TRACE] Group:1 Prob:0.35829 Alpha:0.50239
[MOE_TRACE] Group:2 Prob:0.81895 Alpha:0.50098
[MOE_TRACE] Group:0 Prob:0.83049 Alpha:0.50058
[MOE_TRACE] Group:1 Prob:0.35829 Alpha:0.50239
[MOE_TRACE] Group:2 Prob:0.81895 Alpha:0.50098
[MOE_TRACE] Group:0 Prob:0.83049 Alpha:0.50058
[MOE_TRACE] Group:1 Prob:0.35829 Alpha:0.50239
[MOE_TRACE] Group:2 Prob:0.81895 Alpha:0.50098
[MOE_TRACE] Group:0 Prob:0.83636 Alpha:0.50058
[MOE_TRACE] Group:1 Prob:0.35190 Alpha:0.50239
[MOE_TRACE] Group:2 Prob:0.82258 Alpha:0.50098
[MOE_TRACE] Group:0 Prob:0.83636 Alpha:0.50058
[MOE_TRACE] Group:1 Prob:0.35190 Alpha:0.50239
[MOE_TRACE] Group:2 Prob:0.82258 Alpha:0.50098
[MOE_TRACE] Group:0 Prob:0.83636 Alpha:0.50058
[MOE_TRACE] Group:1 Prob:0.35190 Alpha:0.50239
[MOE_TRACE] Group:2 Prob:0.82258 Alpha:0.50098
[MOE_TRACE] Group:0 Prob:0.83636 Alpha:0.50058
[MOE_TRACE] Group:1 Prob:0.35190 Alpha:0.50239
[MOE_TRACE] Group:2 Prob:0.82258 Alpha:0.50098
[MOE_TRACE] Group:0 Prob:0.81964 Alpha:0.50058
[MOE_TRACE] Group:1 Prob:0.34619 Alpha:0.50239
[MOE_TRACE] Group:2 Prob:0.82042 Alpha:0.50098
[MOE_TRACE] Group:0 Prob:0.81964 Alpha:0.50058
[MOE_TRACE] Group:1 Prob:0.34619 Alpha:0.50239
[MOE_TRACE] Group:2 Prob:0.82042 Alpha:0.50098
[MOE_TRACE] Group:0 Prob:0.81964 Alpha:0.50058
[MOE_TRACE] Group:1 Prob:0.34619 Alpha:0.50239
[MOE_TRACE] Group:2 Prob:0.82042 Alpha:0.50098
[MOE_TRACE] Group:0 Prob:0.81964 Alpha:0.50058
[MOE_TRACE] Group:1 Prob:0.34619 Alpha:0.50239
[MOE_TRACE] Group:2 Prob:0.82042 Alpha:0.50098
[MOE_TRACE] Group:0 Prob:0.82299 Alpha:0.50058
[MOE_TRACE] Group:1 Prob:0.35317 Alpha:0.50239
[MOE_TRACE] Group:2 Prob:0.82130 Alpha:0.50098
[MOE_TRACE] Group:0 Prob:0.82299 Alpha:0.50058
[MOE_TRACE] Group:1 Prob:0.35317 Alpha:0.50239
[MOE_TRACE] Group:2 Prob:0.82130 Alpha:0.50098
[MOE_TRACE] Group:0 Prob:0.82299 Alpha:0.50058
[MOE_TRACE] Group:1 Prob:0.35317 Alpha:0.50239
[MOE_TRACE] Group:2 Prob:0.82130 Alpha:0.50098
[MOE_TRACE] Group:0 Prob:0.82299 Alpha:0.50058
[MOE_TRACE] Group:1 Prob:0.35317 Alpha:0.50239
[MOE_TRACE] Group:2 Prob:0.82130 Alpha:0.50098
[MOE_TRACE] Group:0 Prob:0.81380 Alpha:0.50058
[MOE_TRACE] Group:1 Prob:0.35288 Alpha:0.50239
[MOE_TRACE] Group:2 Prob:0.82486 Alpha:0.50098
[MOE_TRACE] Group:0 Prob:0.81380 Alpha:0.50058
[MOE_TRACE] Group:1 Prob:0.35288 Alpha:0.50239
[MOE_TRACE] Group:2 Prob:0.82046 Alpha:0.50098
[MOE_TRACE] Group:0 Prob:0.81380 Alpha:0.50058
[MOE_TRACE] Group:1 Prob:0.35288 Alpha:0.50239
[MOE_TRACE] Group:2 Prob:0.82046 Alpha:0.50098
[MOE_TRACE] Group:0 Prob:0.81380 Alpha:0.50058
[MOE_TRACE] Group:1 Prob:0.35288 Alpha:0.50239
[MOE_TRACE] Group:2 Prob:0.82046 Alpha:0.50098
[MOE_TRACE] Group:0 Prob:0.83439 Alpha:0.50058
[MOE_TRACE] Group:1 Prob:0.35144 Alpha:0.50239
[MOE_TRACE] Group:2 Prob:0.81907 Alpha:0.50098
[MOE_TRACE] Group:0 Prob:0.83439 Alpha:0.50058
[MOE_TRACE] Group:1 Prob:0.35144 Alpha:0.50239
[MOE_TRACE] Group:2 Prob:0.82131 Alpha:0.50098
[MOE_TRACE] Group:0 Prob:0.83439 Alpha:0.50058
[MOE_TRACE] Group:1 Prob:0.35144 Alpha:0.50239
[MOE_TRACE] Group:2 Prob:0.82131 Alpha:0.50098
[MOE_TRACE] Group:0 Prob:0.83439 Alpha:0.50058
[MOE_TRACE] Group:1 Prob:0.35144 Alpha:0.50239
[MOE_TRACE] Group:2 Prob:0.82131 Alpha:0.50098
[MOE_TRACE] Group:0 Prob:0.82300 Alpha:0.50058
[MOE_TRACE] Group:1 Prob:0.35732 Alpha:0.50239
[MOE_TRACE] Group:2 Prob:0.82442 Alpha:0.50098
[MOE_TRACE] Group:0 Prob:0.82300 Alpha:0.50058
[MOE_TRACE] Group:1 Prob:0.35732 Alpha:0.50239
[MOE_TRACE] Group:2 Prob:0.82442 Alpha:0.50098
[MOE_TRACE] Group:0 Prob:0.82300 Alpha:0.50058
[MOE_TRACE] Group:1 Prob:0.35732 Alpha:0.50239
[MOE_TRACE] Group:2 Prob:0.82442 Alpha:0.50098
[MOE_TRACE] Group:0 Prob:0.82300 Alpha:0.50058
[MOE_TRACE] Group:1 Prob:0.35732 Alpha:0.50239
[MOE_TRACE] Group:2 Prob:0.82442 Alpha:0.50098
[MOE_TRACE] Group:1 Prob:0.35331 Alpha:0.50239
[MOE_TRACE] Group:2 Prob:0.81654 Alpha:0.50098
[MOE_TRACE] Group:1 Prob:0.35331 Alpha:0.50239
[MOE_TRACE] Group:2 Prob:0.81654 Alpha:0.50098
[MOE_TRACE] Group:0 Prob:0.82803 Alpha:0.50058
[MOE_TRACE] Group:1 Prob:0.34512 Alpha:0.50239
[MOE_TRACE] Group:2 Prob:0.82259 Alpha:0.50098
[MOE_TRACE] Group:0 Prob:0.82803 Alpha:0.50058
[MOE_TRACE] Group:1 Prob:0.34512 Alpha:0.50239
[MOE_TRACE] Group:2 Prob:0.82259 Alpha:0.50098
[MOE_TRACE] Group:0 Prob:0.81805 Alpha:0.50058
[MOE_TRACE] Group:0 Prob:0.81805 Alpha:0.50058
[MOE_TRACE] Group:1 Prob:0.34699 Alpha:0.50239
[MOE_TRACE] Group:1 Prob:0.34699 Alpha:0.50239[MOE_TRACE] Group:2 Prob:0.82089 Alpha:0.50098

[MOE_TRACE] Group:2 Prob:0.82089 Alpha:0.50098
[MOE_TRACE] Group:0 Prob:0.81805 Alpha:0.50058
[MOE_TRACE] Group:1 Prob:0.34699 Alpha:0.50239
[MOE_TRACE] Group:2 Prob:0.82089 Alpha:0.50098
[MOE_TRACE] Group:0 Prob:0.81805 Alpha:0.50058
[MOE_TRACE] Group:1 Prob:0.34699 Alpha:0.50239
[MOE_TRACE] Group:2 Prob:0.82089 Alpha:0.50098
[MOE_TRACE] Group:0 Prob:0.82625 Alpha:0.50058
[MOE_TRACE] Group:0 Prob:0.82625 Alpha:0.50058
[MOE_TRACE] Group:0 Prob:0.82625 Alpha:0.50058
[MOE_TRACE] Group:1 Prob:0.34864 Alpha:0.50240
[MOE_TRACE] Group:2 Prob:0.82574 Alpha:0.50098
[MOE_TRACE] Group:1 Prob:0.34864 Alpha:0.50240
[MOE_TRACE] Group:1 Prob:0.34864 Alpha:0.50240
[MOE_TRACE] Group:2 Prob:0.81835 Alpha:0.50098
[MOE_TRACE] Group:2 Prob:0.81835 Alpha:0.50098
[MOE_TRACE] Group:0 Prob:0.82625 Alpha:0.50058
[MOE_TRACE] Group:1 Prob:0.34864 Alpha:0.50240
[MOE_TRACE] Group:2 Prob:0.81835 Alpha:0.50098
[MOE_TRACE] Group:0 Prob:0.81727 Alpha:0.50058
[MOE_TRACE] Group:1 Prob:0.34059 Alpha:0.50240
[MOE_TRACE] Group:2 Prob:0.82427 Alpha:0.50098
[MOE_TRACE] Group:0 Prob:0.81727 Alpha:0.50058
[MOE_TRACE] Group:0 Prob:0.81727 Alpha:0.50058
[MOE_TRACE] Group:1 Prob:0.34059 Alpha:0.50240
[MOE_TRACE] Group:1 Prob:0.34059 Alpha:0.50240
[MOE_TRACE] Group:2 Prob:0.82427 Alpha:0.50098
[MOE_TRACE] Group:2 Prob:0.82427 Alpha:0.50098
[MOE_TRACE] Group:0 Prob:0.81727 Alpha:0.50058
[MOE_TRACE] Group:1 Prob:0.34059 Alpha:0.50240
[MOE_TRACE] Group:2 Prob:0.82427 Alpha:0.50098
[MOE_TRACE] Group:0 Prob:0.83335 Alpha:0.50058
[MOE_TRACE] Group:1 Prob:0.33890 Alpha:0.50240
[MOE_TRACE] Group:2 Prob:0.82238 Alpha:0.50098
[MOE_TRACE] Group:0 Prob:0.83335 Alpha:0.50058
[MOE_TRACE] Group:1 Prob:0.33890 Alpha:0.50240
[MOE_TRACE] Group:2 Prob:0.82238 Alpha:0.50098
[MOE_TRACE] Group:0 Prob:0.83335 Alpha:0.50058
[MOE_TRACE] Group:1 Prob:0.33890 Alpha:0.50240
[MOE_TRACE] Group:2 Prob:0.82238 Alpha:0.50098
[MOE_TRACE] Group:0 Prob:0.83335 Alpha:0.50058
[MOE_TRACE] Group:1 Prob:0.33890 Alpha:0.50240
[MOE_TRACE] Group:2 Prob:0.82238 Alpha:0.50098
[MOE_TRACE] Group:0 Prob:0.82043 Alpha:0.50058
[MOE_TRACE] Group:1 Prob:0.35044 Alpha:0.50240
[MOE_TRACE] Group:2 Prob:0.81849 Alpha:0.50098
[MOE_TRACE] Group:0 Prob:0.82043 Alpha:0.50058
[MOE_TRACE] Group:1 Prob:0.35044 Alpha:0.50240
[MOE_TRACE] Group:2 Prob:0.82167 Alpha:0.50098
[MOE_TRACE] Group:0 Prob:0.82043 Alpha:0.50058
[MOE_TRACE] Group:1 Prob:0.35044 Alpha:0.50240
[MOE_TRACE] Group:2 Prob:0.82167 Alpha:0.50098
[MOE_TRACE] Group:0 Prob:0.82043 Alpha:0.50058
[MOE_TRACE] Group:1 Prob:0.35044 Alpha:0.50240
[MOE_TRACE] Group:2 Prob:0.82167 Alpha:0.50098
[MOE_TRACE] Group:0 Prob:0.82487 Alpha:0.50058
[MOE_TRACE] Group:1 Prob:0.34223 Alpha:0.50240
[MOE_TRACE] Group:2 Prob:0.82698 Alpha:0.50098
[MOE_TRACE] Group:0 Prob:0.82487 Alpha:0.50058
[MOE_TRACE] Group:0 Prob:0.82487 Alpha:0.50058
[MOE_TRACE] Group:1 Prob:0.34223 Alpha:0.50240
[MOE_TRACE] Group:1 Prob:0.34223 Alpha:0.50240
[MOE_TRACE] Group:2 Prob:0.82698 Alpha:0.50098
[MOE_TRACE] Group:2 Prob:0.82698 Alpha:0.50098
[MOE_TRACE] Group:0 Prob:0.82487 Alpha:0.50058
[MOE_TRACE] Group:1 Prob:0.34223 Alpha:0.50240
[MOE_TRACE] Group:2 Prob:0.82698 Alpha:0.50098
[MOE_TRACE] Group:0 Prob:0.81574 Alpha:0.50058
[MOE_TRACE] Group:1 Prob:0.34718 Alpha:0.50240
[MOE_TRACE] Group:2 Prob:0.82692 Alpha:0.50098
[MOE_TRACE] Group:0 Prob:0.81574 Alpha:0.50058
[MOE_TRACE] Group:1 Prob:0.34718 Alpha:0.50240
[MOE_TRACE] Group:2 Prob:0.82692 Alpha:0.50098
[MOE_TRACE] Group:0 Prob:0.81574 Alpha:0.50058
[MOE_TRACE] Group:1 Prob:0.34718 Alpha:0.50240
[MOE_TRACE] Group:2 Prob:0.82692 Alpha:0.50098
[MOE_TRACE] Group:0 Prob:0.81574 Alpha:0.50058
[MOE_TRACE] Group:1 Prob:0.34718 Alpha:0.50240
[MOE_TRACE] Group:2 Prob:0.82692 Alpha:0.50098
[MOE_TRACE] Group:0 Prob:0.82775 Alpha:0.50058
[MOE_TRACE] Group:1 Prob:0.34187 Alpha:0.50240
[MOE_TRACE] Group:2 Prob:0.81914 Alpha:0.50098
[MOE_TRACE] Group:0 Prob:0.82775 Alpha:0.50058
[MOE_TRACE] Group:1 Prob:0.34187 Alpha:0.50240
[MOE_TRACE] Group:2 Prob:0.82477 Alpha:0.50098
[MOE_TRACE] Group:0 Prob:0.82775 Alpha:0.50058
[MOE_TRACE] Group:1 Prob:0.34187 Alpha:0.50240
[MOE_TRACE] Group:2 Prob:0.82477 Alpha:0.50098
[MOE_TRACE] Group:0 Prob:0.82775 Alpha:0.50058
[MOE_TRACE] Group:1 Prob:0.34187 Alpha:0.50240
[MOE_TRACE] Group:2 Prob:0.82477 Alpha:0.50098
[MOE_TRACE] Group:0 Prob:0.82900 Alpha:0.50058
[MOE_TRACE] Group:1 Prob:0.35292 Alpha:0.50240
[MOE_TRACE] Group:0 Prob:0.82900 Alpha:0.50058
[MOE_TRACE] Group:2 Prob:0.82581 Alpha:0.50098
[MOE_TRACE] Group:1 Prob:0.35292 Alpha:0.50240
[MOE_TRACE] Group:2 Prob:0.82581 Alpha:0.50098
[MOE_TRACE] Group:0 Prob:0.82900 Alpha:0.50058
[MOE_TRACE] Group:1 Prob:0.35292 Alpha:0.50240
[MOE_TRACE] Group:2 Prob:0.82581 Alpha:0.50098
[MOE_TRACE] Group:0 Prob:0.82900 Alpha:0.50058
[MOE_TRACE] Group:1 Prob:0.35292 Alpha:0.50240
[MOE_TRACE] Group:2 Prob:0.82581 Alpha:0.50098
[MOE_TRACE] Group:0 Prob:0.82832 Alpha:0.50058
[MOE_TRACE] Group:1 Prob:0.34962 Alpha:0.50240
[MOE_TRACE] Group:0 Prob:0.82832 Alpha:0.50058
[MOE_TRACE] Group:2 Prob:0.81810 Alpha:0.50098
[MOE_TRACE] Group:1 Prob:0.34962 Alpha:0.50240
[MOE_TRACE] Group:2 Prob:0.81519 Alpha:0.50098
[MOE_TRACE] Group:0 Prob:0.82832 Alpha:0.50058
[MOE_TRACE] Group:1 Prob:0.34962 Alpha:0.50240
[MOE_TRACE] Group:2 Prob:0.81519 Alpha:0.50098
[MOE_TRACE] Group:0 Prob:0.82832 Alpha:0.50058
[MOE_TRACE] Group:1 Prob:0.34962 Alpha:0.50240
[MOE_TRACE] Group:2 Prob:0.81519 Alpha:0.50098
[MOE_TRACE] Group:0 Prob:0.82966 Alpha:0.50058
[MOE_TRACE] Group:1 Prob:0.34280 Alpha:0.50240
[MOE_TRACE] Group:2 Prob:0.82160 Alpha:0.50098
[MOE_TRACE] Group:0 Prob:0.82966 Alpha:0.50058
[MOE_TRACE] Group:1 Prob:0.34280 Alpha:0.50240
[MOE_TRACE] Group:2 Prob:0.82160 Alpha:0.50098
[MOE_TRACE] Group:0 Prob:0.82966 Alpha:0.50058
[MOE_TRACE] Group:1 Prob:0.34280 Alpha:0.50240
[MOE_TRACE] Group:2 Prob:0.82160 Alpha:0.50098
[MOE_TRACE] Group:0 Prob:0.82966 Alpha:0.50058
[MOE_TRACE] Group:1 Prob:0.34280 Alpha:0.50240
[MOE_TRACE] Group:2 Prob:0.82160 Alpha:0.50098
[MOE_TRACE] Group:0 Prob:0.80432 Alpha:0.50058
[MOE_TRACE] Group:0 Prob:0.80432 Alpha:0.50058
[MOE_TRACE] Group:1 Prob:0.35818 Alpha:0.50240
[MOE_TRACE] Group:1 Prob:0.35818 Alpha:0.50240
[MOE_TRACE] Group:2 Prob:0.82064 Alpha:0.50098
[MOE_TRACE] Group:2 Prob:0.82064 Alpha:0.50098
[MOE_TRACE] Group:0 Prob:0.80432 Alpha:0.50058
[MOE_TRACE] Group:1 Prob:0.35818 Alpha:0.50240
[MOE_TRACE] Group:2 Prob:0.82064 Alpha:0.50098
[MOE_TRACE] Group:0 Prob:0.80432 Alpha:0.50058
[MOE_TRACE] Group:1 Prob:0.35818 Alpha:0.50240
[MOE_TRACE] Group:2 Prob:0.82064 Alpha:0.50098
[MOE_TRACE] Group:0 Prob:0.81790 Alpha:0.50058
[MOE_TRACE] Group:1 Prob:0.34845 Alpha:0.50240
[MOE_TRACE] Group:0 Prob:0.81790 Alpha:0.50058
[MOE_TRACE] Group:2 Prob:0.82518 Alpha:0.50098
[MOE_TRACE] Group:1 Prob:0.34845 Alpha:0.50240
[MOE_TRACE] Group:2 Prob:0.82518 Alpha:0.50098
[MOE_TRACE] Group:0 Prob:0.81790 Alpha:0.50058
[MOE_TRACE] Group:1 Prob:0.34845 Alpha:0.50240
[MOE_TRACE] Group:2 Prob:0.82518 Alpha:0.50098
[MOE_TRACE] Group:0 Prob:0.81790 Alpha:0.50058
[MOE_TRACE] Group:1 Prob:0.34845 Alpha:0.50240
[MOE_TRACE] Group:2 Prob:0.82518 Alpha:0.50098
[MOE_TRACE] Group:0 Prob:0.82584 Alpha:0.50058
[MOE_TRACE] Group:2 Prob:0.82504 Alpha:0.50098
[MOE_TRACE] Group:0 Prob:0.82584 Alpha:0.50058
[MOE_TRACE] Group:1 Prob:0.34644 Alpha:0.50240
[MOE_TRACE] Group:2 Prob:0.81688 Alpha:0.50098
[MOE_TRACE] Group:0 Prob:0.82584 Alpha:0.50058
[MOE_TRACE] Group:1 Prob:0.34644 Alpha:0.50240
[MOE_TRACE] Group:2 Prob:0.81688 Alpha:0.50098
[MOE_TRACE] Group:0 Prob:0.82584 Alpha:0.50058
[MOE_TRACE] Group:1 Prob:0.34644 Alpha:0.50240
[MOE_TRACE] Group:2 Prob:0.81688 Alpha:0.50098
[MOE_TRACE] Group:0 Prob:0.82375 Alpha:0.50058
[MOE_TRACE] Group:1 Prob:0.34698 Alpha:0.50240
[MOE_TRACE] Group:2 Prob:0.81744 Alpha:0.50098
[MOE_TRACE] Group:0 Prob:0.82375 Alpha:0.50058
[MOE_TRACE] Group:1 Prob:0.34698 Alpha:0.50240
[MOE_TRACE] Group:2 Prob:0.81744 Alpha:0.50098
[MOE_TRACE] Group:0 Prob:0.82375 Alpha:0.50058
[MOE_TRACE] Group:1 Prob:0.34698 Alpha:0.50240
[MOE_TRACE] Group:2 Prob:0.81744 Alpha:0.50098
[MOE_TRACE] Group:0 Prob:0.82375 Alpha:0.50058
[MOE_TRACE] Group:1 Prob:0.34698 Alpha:0.50240
[MOE_TRACE] Group:2 Prob:0.81744 Alpha:0.50098
[MOE_TRACE] Group:0 Prob:0.82471 Alpha:0.50058
[MOE_TRACE] Group:1 Prob:0.34660 Alpha:0.50240
[MOE_TRACE] Group:2 Prob:0.82996 Alpha:0.50098
[MOE_TRACE] Group:0 Prob:0.82471 Alpha:0.50058
[MOE_TRACE] Group:1 Prob:0.34660 Alpha:0.50240
[MOE_TRACE] Group:2 Prob:0.82996 Alpha:0.50098
[MOE_TRACE] Group:0 Prob:0.82471 Alpha:0.50058
[MOE_TRACE] Group:1 Prob:0.34660 Alpha:0.50240
[MOE_TRACE] Group:2 Prob:0.82996 Alpha:0.50098
[MOE_TRACE] Group:0 Prob:0.82471 Alpha:0.50058
[MOE_TRACE] Group:1 Prob:0.34660 Alpha:0.50240
[MOE_TRACE] Group:2 Prob:0.82996 Alpha:0.50098
[MOE_TRACE] Group:0 Prob:0.82335 Alpha:0.50058
[MOE_TRACE] Group:0 Prob:0.82335 Alpha:0.50058
[MOE_TRACE] Group:1 Prob:0.34568 Alpha:0.50240
[MOE_TRACE] Group:1 Prob:0.34568 Alpha:0.50240
[MOE_TRACE] Group:2 Prob:0.82206 Alpha:0.50098
[MOE_TRACE] Group:2 Prob:0.82206 Alpha:0.50098
[MOE_TRACE] Group:0 Prob:0.82335 Alpha:0.50058
[MOE_TRACE] Group:1 Prob:0.34568 Alpha:0.50240
[MOE_TRACE] Group:2 Prob:0.82206 Alpha:0.50098
[MOE_TRACE] Group:0 Prob:0.82335 Alpha:0.50058
[MOE_TRACE] Group:1 Prob:0.34568 Alpha:0.50240
[MOE_TRACE] Group:2 Prob:0.82206 Alpha:0.50098
[MOE_TRACE] Group:0 Prob:0.82485 Alpha:0.50058
[MOE_TRACE] Group:1 Prob:0.34598 Alpha:0.50240
[MOE_TRACE] Group:0 Prob:0.82485 Alpha:0.50058
[MOE_TRACE] Group:1 Prob:0.34598 Alpha:0.50240
[MOE_TRACE] Group:2 Prob:0.82245 Alpha:0.50098
[MOE_TRACE] Group:0 Prob:0.82485 Alpha:0.50058
[MOE_TRACE] Group:1 Prob:0.34598 Alpha:0.50240
[MOE_TRACE] Group:2 Prob:0.82245 Alpha:0.50098[MOE_TRACE] Group:2 Prob:0.82245 Alpha:0.50098

[MOE_TRACE] Group:0 Prob:0.82485 Alpha:0.50058
[MOE_TRACE] Group:1 Prob:0.34598 Alpha:0.50240
[MOE_TRACE] Group:2 Prob:0.82147 Alpha:0.50098
[MOE_TRACE] Group:0 Prob:0.80686 Alpha:0.50058
[MOE_TRACE] Group:0 Prob:0.80686 Alpha:0.50058
[MOE_TRACE] Group:1 Prob:0.33568 Alpha:0.50240
[MOE_TRACE] Group:1 Prob:0.33568 Alpha:0.50240
[MOE_TRACE] Group:2 Prob:0.81985 Alpha:0.50098
[MOE_TRACE] Group:2 Prob:0.81985 Alpha:0.50098
[MOE_TRACE] Group:0 Prob:0.80686 Alpha:0.50058
[MOE_TRACE] Group:1 Prob:0.33568 Alpha:0.50240
[MOE_TRACE] Group:2 Prob:0.81985 Alpha:0.50098
[MOE_TRACE] Group:0 Prob:0.80686 Alpha:0.50058
[MOE_TRACE] Group:1 Prob:0.33568 Alpha:0.50240
[MOE_TRACE] Group:2 Prob:0.81985 Alpha:0.50098
[MOE_TRACE] Group:0 Prob:0.82695 Alpha:0.50058
[MOE_TRACE] Group:1 Prob:0.33909 Alpha:0.50240
[MOE_TRACE] Group:2 Prob:0.82193 Alpha:0.50098
[MOE_TRACE] Group:0 Prob:0.82695 Alpha:0.50058
[MOE_TRACE] Group:1 Prob:0.33909 Alpha:0.50240
[MOE_TRACE] Group:2 Prob:0.81884 Alpha:0.50098
[MOE_TRACE] Group:0 Prob:0.82695 Alpha:0.50058
[MOE_TRACE] Group:1 Prob:0.33909 Alpha:0.50240
[MOE_TRACE] Group:2 Prob:0.81884 Alpha:0.50098
[MOE_TRACE] Group:0 Prob:0.82695 Alpha:0.50058
[MOE_TRACE] Group:1 Prob:0.33909 Alpha:0.50240
[MOE_TRACE] Group:2 Prob:0.81884 Alpha:0.50098
[MOE_TRACE] Group:0 Prob:0.82551 Alpha:0.50058
[MOE_TRACE] Group:1 Prob:0.35130 Alpha:0.50240
[MOE_TRACE] Group:2 Prob:0.81979 Alpha:0.50098
[MOE_TRACE] Group:0 Prob:0.82551 Alpha:0.50058
[MOE_TRACE] Group:1 Prob:0.35130 Alpha:0.50240
[MOE_TRACE] Group:2 Prob:0.81979 Alpha:0.50098
[MOE_TRACE] Group:0 Prob:0.82551 Alpha:0.50058
[MOE_TRACE] Group:1 Prob:0.35130 Alpha:0.50240
[MOE_TRACE] Group:2 Prob:0.81979 Alpha:0.50098
[MOE_TRACE] Group:0 Prob:0.82551 Alpha:0.50058
[MOE_TRACE] Group:1 Prob:0.35130 Alpha:0.50240
[MOE_TRACE] Group:2 Prob:0.81979 Alpha:0.50098
[MOE_TRACE] Group:0 Prob:0.83186 Alpha:0.50058
[MOE_TRACE] Group:1 Prob:0.34003 Alpha:0.50240
[MOE_TRACE] Group:2 Prob:0.82255 Alpha:0.50098
[MOE_TRACE] Group:0 Prob:0.83186 Alpha:0.50058
[MOE_TRACE] Group:1 Prob:0.34003 Alpha:0.50240
[MOE_TRACE] Group:2 Prob:0.82255 Alpha:0.50098
[MOE_TRACE] Group:0 Prob:0.83186 Alpha:0.50058
[MOE_TRACE] Group:1 Prob:0.34003 Alpha:0.50240
[MOE_TRACE] Group:2 Prob:0.82255 Alpha:0.50098
[MOE_TRACE] Group:0 Prob:0.83186 Alpha:0.50058
[MOE_TRACE] Group:1 Prob:0.34003 Alpha:0.50240
[MOE_TRACE] Group:2 Prob:0.82255 Alpha:0.50098
[MOE_TRACE] Group:0 Prob:0.83373 Alpha:0.50058
[MOE_TRACE] Group:1 Prob:0.35962 Alpha:0.50240
[MOE_TRACE] Group:2 Prob:0.81518 Alpha:0.50098
[MOE_TRACE] Group:0 Prob:0.83373 Alpha:0.50058
[MOE_TRACE] Group:1 Prob:0.35962 Alpha:0.50240
[MOE_TRACE] Group:2 Prob:0.82906 Alpha:0.50098
[MOE_TRACE] Group:0 Prob:0.83373 Alpha:0.50058
[MOE_TRACE] Group:1 Prob:0.35962 Alpha:0.50240
[MOE_TRACE] Group:2 Prob:0.82906 Alpha:0.50098
[MOE_TRACE] Group:0 Prob:0.83373 Alpha:0.50058
[MOE_TRACE] Group:1 Prob:0.35962 Alpha:0.50240
[MOE_TRACE] Group:2 Prob:0.82906 Alpha:0.50098
[MOE_TRACE] Group:0 Prob:0.83099 Alpha:0.50058
[MOE_TRACE] Group:1 Prob:0.35448 Alpha:0.50240
[MOE_TRACE] Group:2 Prob:0.82253 Alpha:0.50098
[MOE_TRACE] Group:0 Prob:0.83099 Alpha:0.50058
[MOE_TRACE] Group:0 Prob:0.83099 Alpha:0.50058
[MOE_TRACE] Group:1 Prob:0.35448 Alpha:0.50240
[MOE_TRACE] Group:1 Prob:0.35448 Alpha:0.50240
[MOE_TRACE] Group:2 Prob:0.82253 Alpha:0.50098
[MOE_TRACE] Group:2 Prob:0.82253 Alpha:0.50098
[MOE_TRACE] Group:0 Prob:0.83099 Alpha:0.50058
[MOE_TRACE] Group:1 Prob:0.35448 Alpha:0.50240
[MOE_TRACE] Group:2 Prob:0.82253 Alpha:0.50098
[MOE_TRACE] Group:0 Prob:0.82771 Alpha:0.50058
[MOE_TRACE] Group:1 Prob:0.35249 Alpha:0.50240
[MOE_TRACE] Group:2 Prob:0.81931 Alpha:0.50098
[MOE_TRACE] Group:0 Prob:0.82771 Alpha:0.50058
[MOE_TRACE] Group:1 Prob:0.35249 Alpha:0.50240
[MOE_TRACE] Group:2 Prob:0.81931 Alpha:0.50098
[MOE_TRACE] Group:0 Prob:0.82771 Alpha:0.50058
[MOE_TRACE] Group:1 Prob:0.35249 Alpha:0.50240
[MOE_TRACE] Group:2 Prob:0.81931 Alpha:0.50098
[MOE_TRACE] Group:0 Prob:0.82771 Alpha:0.50058
[MOE_TRACE] Group:1 Prob:0.35249 Alpha:0.50240
[MOE_TRACE] Group:2 Prob:0.81931 Alpha:0.50098
[MOE_TRACE] Group:2 Prob:0.82358 Alpha:0.50098
[MOE_TRACE] Group:0 Prob:0.82710 Alpha:0.50058
[MOE_TRACE] Group:2 Prob:0.82358 Alpha:0.50098
[MOE_TRACE] Group:0 Prob:0.82710 Alpha:0.50058
[MOE_TRACE] Group:1 Prob:0.34691 Alpha:0.50240
[MOE_TRACE] Group:2 Prob:0.82719 Alpha:0.50098
[MOE_TRACE] Group:0 Prob:0.82710 Alpha:0.50058
[MOE_TRACE] Group:1 Prob:0.34691 Alpha:0.50240
[MOE_TRACE] Group:2 Prob:0.82719 Alpha:0.50098
[MOE_TRACE] Group:0 Prob:0.83157 Alpha:0.50058
[MOE_TRACE] Group:1 Prob:0.35170 Alpha:0.50240
[MOE_TRACE] Group:2 Prob:0.81557 Alpha:0.50098
[MOE_TRACE] Group:0 Prob:0.83157 Alpha:0.50058
[MOE_TRACE] Group:1 Prob:0.35170 Alpha:0.50240
[MOE_TRACE] Group:2 Prob:0.81557 Alpha:0.50098
[MOE_TRACE] Group:0 Prob:0.83157 Alpha:0.50058
[MOE_TRACE] Group:1 Prob:0.35170 Alpha:0.50240
[MOE_TRACE] Group:0 Prob:0.83157 Alpha:0.50058
[MOE_TRACE] Group:2 Prob:0.81557 Alpha:0.50098
[MOE_TRACE] Group:1 Prob:0.35170 Alpha:0.50240
[MOE_TRACE] Group:2 Prob:0.81557 Alpha:0.50098
[MOE_TRACE] Group:0 Prob:0.81907 Alpha:0.50058
[MOE_TRACE] Group:1 Prob:0.35117 Alpha:0.50240
[MOE_TRACE] Group:2 Prob:0.82654 Alpha:0.50098
[MOE_TRACE] Group:0 Prob:0.81907 Alpha:0.50058
[MOE_TRACE] Group:1 Prob:0.35117 Alpha:0.50240
[MOE_TRACE] Group:2 Prob:0.82654 Alpha:0.50098
[MOE_TRACE] Group:0 Prob:0.81907 Alpha:0.50058
[MOE_TRACE] Group:1 Prob:0.35117 Alpha:0.50240
[MOE_TRACE] Group:2 Prob:0.82654 Alpha:0.50098
[MOE_TRACE] Group:0 Prob:0.81907 Alpha:0.50058
[MOE_TRACE] Group:1 Prob:0.35117 Alpha:0.50240
[MOE_TRACE] Group:2 Prob:0.82654 Alpha:0.50098
[MOE_TRACE] Group:0 Prob:0.83201 Alpha:0.50058
[MOE_TRACE] Group:1 Prob:0.34022 Alpha:0.50240
[MOE_TRACE] Group:0 Prob:0.83201 Alpha:0.50058
[MOE_TRACE] Group:0 Prob:0.83201 Alpha:0.50058
[MOE_TRACE] Group:2 Prob:0.82318 Alpha:0.50098
[MOE_TRACE] Group:1 Prob:0.34022 Alpha:0.50240[MOE_TRACE] Group:1 Prob:0.34022 Alpha:0.50240

[MOE_TRACE] Group:2 Prob:0.82318 Alpha:0.50098
[MOE_TRACE] Group:2 Prob:0.82318 Alpha:0.50098
[MOE_TRACE] Group:0 Prob:0.83201 Alpha:0.50058
[MOE_TRACE] Group:1 Prob:0.34022 Alpha:0.50240
[MOE_TRACE] Group:2 Prob:0.82318 Alpha:0.50098
[MOE_TRACE] Group:0 Prob:0.83840 Alpha:0.50058
[MOE_TRACE] Group:1 Prob:0.34704 Alpha:0.50240
[MOE_TRACE] Group:2 Prob:0.81866 Alpha:0.50098
[MOE_TRACE] Group:0 Prob:0.83840 Alpha:0.50058
[MOE_TRACE] Group:1 Prob:0.34704 Alpha:0.50240
[MOE_TRACE] Group:2 Prob:0.81866 Alpha:0.50098
[MOE_TRACE] Group:0 Prob:0.83840 Alpha:0.50058
[MOE_TRACE] Group:1 Prob:0.34704 Alpha:0.50240
[MOE_TRACE] Group:2 Prob:0.81866 Alpha:0.50098
[MOE_TRACE] Group:0 Prob:0.83840 Alpha:0.50058
[MOE_TRACE] Group:1 Prob:0.34704 Alpha:0.50240
[MOE_TRACE] Group:2 Prob:0.81866 Alpha:0.50098
[MOE_TRACE] Group:0 Prob:0.82412 Alpha:0.50058
[MOE_TRACE] Group:1 Prob:0.34370 Alpha:0.50240
[MOE_TRACE] Group:2 Prob:0.82909 Alpha:0.50098
[MOE_TRACE] Group:0 Prob:0.82412 Alpha:0.50058
[MOE_TRACE] Group:1 Prob:0.34370 Alpha:0.50240
[MOE_TRACE] Group:2 Prob:0.82705 Alpha:0.50098
[MOE_TRACE] Group:0 Prob:0.82412 Alpha:0.50058
[MOE_TRACE] Group:1 Prob:0.34370 Alpha:0.50240
[MOE_TRACE] Group:2 Prob:0.82705 Alpha:0.50098
[MOE_TRACE] Group:0 Prob:0.82412 Alpha:0.50058
[MOE_TRACE] Group:1 Prob:0.34370 Alpha:0.50240
[MOE_TRACE] Group:2 Prob:0.82705 Alpha:0.50098
[MOE_TRACE] Group:0 Prob:0.82172 Alpha:0.50058
[MOE_TRACE] Group:1 Prob:0.34688 Alpha:0.50240
[MOE_TRACE] Group:2 Prob:0.82003 Alpha:0.50098
[MOE_TRACE] Group:0 Prob:0.82172 Alpha:0.50058
[MOE_TRACE] Group:1 Prob:0.34688 Alpha:0.50240
[MOE_TRACE] Group:2 Prob:0.81886 Alpha:0.50098
[MOE_TRACE] Group:0 Prob:0.82172 Alpha:0.50058
[MOE_TRACE] Group:1 Prob:0.34688 Alpha:0.50240
[MOE_TRACE] Group:2 Prob:0.81886 Alpha:0.50098
[MOE_TRACE] Group:0 Prob:0.82172 Alpha:0.50058
[MOE_TRACE] Group:1 Prob:0.34688 Alpha:0.50240
[MOE_TRACE] Group:2 Prob:0.81886 Alpha:0.50098
[MOE_TRACE] Group:0 Prob:0.82370 Alpha:0.50058
[MOE_TRACE] Group:1 Prob:0.34189 Alpha:0.50240
[MOE_TRACE] Group:2 Prob:0.81023 Alpha:0.50098
[MOE_TRACE] Group:0 Prob:0.82370 Alpha:0.50058
[MOE_TRACE] Group:1 Prob:0.34189 Alpha:0.50240
[MOE_TRACE] Group:2 Prob:0.81023 Alpha:0.50098
[MOE_TRACE] Group:0 Prob:0.82370 Alpha:0.50058
[MOE_TRACE] Group:1 Prob:0.34189 Alpha:0.50240
[MOE_TRACE] Group:2 Prob:0.81023 Alpha:0.50098
[MOE_TRACE] Group:0 Prob:0.82370 Alpha:0.50058
[MOE_TRACE] Group:1 Prob:0.34189 Alpha:0.50240
[MOE_TRACE] Group:2 Prob:0.81023 Alpha:0.50098
[MOE_TRACE] Group:0 Prob:0.82793 Alpha:0.50058
[MOE_TRACE] Group:1 Prob:0.33546 Alpha:0.50240
[MOE_TRACE] Group:2 Prob:0.81907 Alpha:0.50098
[MOE_TRACE] Group:0 Prob:0.82793 Alpha:0.50058
[MOE_TRACE] Group:1 Prob:0.33546 Alpha:0.50240
[MOE_TRACE] Group:2 Prob:0.81907 Alpha:0.50098
[MOE_TRACE] Group:0 Prob:0.82793 Alpha:0.50058
[MOE_TRACE] Group:1 Prob:0.33546 Alpha:0.50240
[MOE_TRACE] Group:2 Prob:0.81907 Alpha:0.50098
[MOE_TRACE] Group:0 Prob:0.82793 Alpha:0.50058
[MOE_TRACE] Group:1 Prob:0.33546 Alpha:0.50240
[MOE_TRACE] Group:2 Prob:0.81907 Alpha:0.50098
[MOE_TRACE] Group:0 Prob:0.81597 Alpha:0.50058
[MOE_TRACE] Group:1 Prob:0.34233 Alpha:0.50240
[MOE_TRACE] Group:2 Prob:0.81495 Alpha:0.50098
[MOE_TRACE] Group:0 Prob:0.81597 Alpha:0.50058
[MOE_TRACE] Group:1 Prob:0.34233 Alpha:0.50240
[MOE_TRACE] Group:2 Prob:0.81495 Alpha:0.50098
[MOE_TRACE] Group:0 Prob:0.81597 Alpha:0.50058
[MOE_TRACE] Group:1 Prob:0.34233 Alpha:0.50240
[MOE_TRACE] Group:0 Prob:0.81597 Alpha:0.50058
[MOE_TRACE] Group:2 Prob:0.81495 Alpha:0.50098
[MOE_TRACE] Group:1 Prob:0.34233 Alpha:0.50240
[MOE_TRACE] Group:2 Prob:0.81495 Alpha:0.50098
[MOE_TRACE] Group:0 Prob:0.82880 Alpha:0.50058
[MOE_TRACE] Group:1 Prob:0.34631 Alpha:0.50240
[MOE_TRACE] Group:2 Prob:0.82602 Alpha:0.50098
[MOE_TRACE] Group:0 Prob:0.82880 Alpha:0.50058
[MOE_TRACE] Group:1 Prob:0.34631 Alpha:0.50240
[MOE_TRACE] Group:2 Prob:0.82602 Alpha:0.50098
[MOE_TRACE] Group:0 Prob:0.82880 Alpha:0.50058
[MOE_TRACE] Group:1 Prob:0.34631 Alpha:0.50240
[MOE_TRACE] Group:2 Prob:0.82602 Alpha:0.50098
[MOE_TRACE] Group:0 Prob:0.82880 Alpha:0.50058
[MOE_TRACE] Group:1 Prob:0.34631 Alpha:0.50240
[MOE_TRACE] Group:2 Prob:0.82602 Alpha:0.50098
[MOE_TRACE] Group:0 Prob:0.81462 Alpha:0.50058
[MOE_TRACE] Group:0 Prob:0.81462 Alpha:0.50058
[MOE_TRACE] Group:1 Prob:0.34692 Alpha:0.50240
[MOE_TRACE] Group:1 Prob:0.34692 Alpha:0.50240
[MOE_TRACE] Group:2 Prob:0.82248 Alpha:0.50098
[MOE_TRACE] Group:2 Prob:0.82248 Alpha:0.50098
[MOE_TRACE] Group:0 Prob:0.81462 Alpha:0.50058
[MOE_TRACE] Group:1 Prob:0.34692 Alpha:0.50240
[MOE_TRACE] Group:2 Prob:0.82248 Alpha:0.50098
[MOE_TRACE] Group:0 Prob:0.81462 Alpha:0.50058
[MOE_TRACE] Group:1 Prob:0.34692 Alpha:0.50240
[MOE_TRACE] Group:2 Prob:0.82248 Alpha:0.50098
[MOE_TRACE] Group:0 Prob:0.82180 Alpha:0.50058
[MOE_TRACE] Group:1 Prob:0.35065 Alpha:0.50240
[MOE_TRACE] Group:2 Prob:0.82025 Alpha:0.50098
[MOE_TRACE] Group:0 Prob:0.82180 Alpha:0.50058
[MOE_TRACE] Group:1 Prob:0.35065 Alpha:0.50240
[MOE_TRACE] Group:2 Prob:0.82025 Alpha:0.50098
[MOE_TRACE] Group:0 Prob:0.82180 Alpha:0.50058
[MOE_TRACE] Group:1 Prob:0.35065 Alpha:0.50240
[MOE_TRACE] Group:2 Prob:0.82025 Alpha:0.50098
[MOE_TRACE] Group:0 Prob:0.82180 Alpha:0.50058
[MOE_TRACE] Group:1 Prob:0.35065 Alpha:0.50240
[MOE_TRACE] Group:2 Prob:0.82025 Alpha:0.50098
[MOE_TRACE] Group:0 Prob:0.81404 Alpha:0.50058
[MOE_TRACE] Group:1 Prob:0.34522 Alpha:0.50240
[MOE_TRACE] Group:2 Prob:0.82872 Alpha:0.50098
[MOE_TRACE] Group:0 Prob:0.81404 Alpha:0.50058
[MOE_TRACE] Group:1 Prob:0.34522 Alpha:0.50240
[MOE_TRACE] Group:2 Prob:0.82872 Alpha:0.50098
[MOE_TRACE] Group:0 Prob:0.81404 Alpha:0.50058
[MOE_TRACE] Group:1 Prob:0.34522 Alpha:0.50240
[MOE_TRACE] Group:2 Prob:0.82872 Alpha:0.50098
[MOE_TRACE] Group:0 Prob:0.81404 Alpha:0.50058
[MOE_TRACE] Group:1 Prob:0.34522 Alpha:0.50240
[MOE_TRACE] Group:2 Prob:0.82872 Alpha:0.50098
[MOE_TRACE] Group:0 Prob:0.81949 Alpha:0.50058
[MOE_TRACE] Group:1 Prob:0.35012 Alpha:0.50240
[MOE_TRACE] Group:2 Prob:0.82417 Alpha:0.50098
[MOE_TRACE] Group:0 Prob:0.81949 Alpha:0.50058
[MOE_TRACE] Group:1 Prob:0.35012 Alpha:0.50240
[MOE_TRACE] Group:2 Prob:0.82417 Alpha:0.50098
[MOE_TRACE] Group:0 Prob:0.81949 Alpha:0.50058
[MOE_TRACE] Group:0 Prob:0.81949 Alpha:0.50058[MOE_TRACE] Group:1 Prob:0.35012 Alpha:0.50240

[MOE_TRACE] Group:1 Prob:0.35012 Alpha:0.50240
[MOE_TRACE] Group:2 Prob:0.82417 Alpha:0.50098
[MOE_TRACE] Group:2 Prob:0.82417 Alpha:0.50098
[MOE_TRACE] Group:0 Prob:0.81853 Alpha:0.50058
[MOE_TRACE] Group:1 Prob:0.33936 Alpha:0.50240
[MOE_TRACE] Group:2 Prob:0.81864 Alpha:0.50098
[MOE_TRACE] Group:0 Prob:0.81853 Alpha:0.50058
[MOE_TRACE] Group:1 Prob:0.33936 Alpha:0.50240
[MOE_TRACE] Group:2 Prob:0.81864 Alpha:0.50098
[MOE_TRACE] Group:0 Prob:0.81853 Alpha:0.50058
[MOE_TRACE] Group:1 Prob:0.33936 Alpha:0.50240
[MOE_TRACE] Group:2 Prob:0.81864 Alpha:0.50098
[MOE_TRACE] Group:0 Prob:0.81853 Alpha:0.50058
[MOE_TRACE] Group:1 Prob:0.33936 Alpha:0.50240
[MOE_TRACE] Group:2 Prob:0.81864 Alpha:0.50098
[MOE_TRACE] Group:0 Prob:0.82274 Alpha:0.50058
[MOE_TRACE] Group:1 Prob:0.35107 Alpha:0.50240
[MOE_TRACE] Group:2 Prob:0.82216 Alpha:0.50098
[MOE_TRACE] Group:0 Prob:0.82274 Alpha:0.50058
[MOE_TRACE] Group:1 Prob:0.35107 Alpha:0.50240
[MOE_TRACE] Group:2 Prob:0.82429 Alpha:0.50098
[MOE_TRACE] Group:0 Prob:0.82274 Alpha:0.50058
[MOE_TRACE] Group:1 Prob:0.35107 Alpha:0.50240
[MOE_TRACE] Group:2 Prob:0.82429 Alpha:0.50098
[MOE_TRACE] Group:0 Prob:0.82274 Alpha:0.50058
[MOE_TRACE] Group:1 Prob:0.35107 Alpha:0.50240
[MOE_TRACE] Group:2 Prob:0.82429 Alpha:0.50098
[MOE_TRACE] Group:0 Prob:0.82679 Alpha:0.50058[MOE_TRACE] Group:0 Prob:0.82679 Alpha:0.50058

[MOE_TRACE] Group:1 Prob:0.34326 Alpha:0.50240
[MOE_TRACE] Group:1 Prob:0.34326 Alpha:0.50240
[MOE_TRACE] Group:2 Prob:0.82318 Alpha:0.50098[MOE_TRACE] Group:2 Prob:0.82318 Alpha:0.50098

[MOE_TRACE] Group:0 Prob:0.82679 Alpha:0.50058
[MOE_TRACE] Group:1 Prob:0.34326 Alpha:0.50240
[MOE_TRACE] Group:0 Prob:0.82679 Alpha:0.50058[MOE_TRACE] Group:2 Prob:0.82318 Alpha:0.50098

[MOE_TRACE] Group:1 Prob:0.34326 Alpha:0.50240
[MOE_TRACE] Group:2 Prob:0.82318 Alpha:0.50098
[MOE_TRACE] Group:0 Prob:0.81387 Alpha:0.50058
[MOE_TRACE] Group:1 Prob:0.35999 Alpha:0.50240
[MOE_TRACE] Group:2 Prob:0.82586 Alpha:0.50098
[MOE_TRACE] Group:0 Prob:0.81387 Alpha:0.50058
[MOE_TRACE] Group:1 Prob:0.35999 Alpha:0.50240
[MOE_TRACE] Group:2 Prob:0.82586 Alpha:0.50098
[MOE_TRACE] Group:0 Prob:0.81387 Alpha:0.50058
[MOE_TRACE] Group:1 Prob:0.35999 Alpha:0.50240
[MOE_TRACE] Group:2 Prob:0.82586 Alpha:0.50098
[MOE_TRACE] Group:0 Prob:0.81387 Alpha:0.50058
[MOE_TRACE] Group:1 Prob:0.35999 Alpha:0.50240
[MOE_TRACE] Group:2 Prob:0.82586 Alpha:0.50098
[MOE_TRACE] Group:0 Prob:0.82955 Alpha:0.50058
[MOE_TRACE] Group:0 Prob:0.82955 Alpha:0.50058
[MOE_TRACE] Group:0 Prob:0.82955 Alpha:0.50058
[MOE_TRACE] Group:1 Prob:0.35032 Alpha:0.50240
[MOE_TRACE] Group:1 Prob:0.35032 Alpha:0.50240
[MOE_TRACE] Group:2 Prob:0.81877 Alpha:0.50098
[MOE_TRACE] Group:1 Prob:0.35032 Alpha:0.50240
[MOE_TRACE] Group:2 Prob:0.81877 Alpha:0.50098
[MOE_TRACE] Group:2 Prob:0.81877 Alpha:0.50098
[MOE_TRACE] Group:0 Prob:0.82955 Alpha:0.50058
[MOE_TRACE] Group:1 Prob:0.35032 Alpha:0.50240
[MOE_TRACE] Group:2 Prob:0.81877 Alpha:0.50098
[MOE_TRACE] Group:0 Prob:0.81410 Alpha:0.50058
[MOE_TRACE] Group:0 Prob:0.81410 Alpha:0.50058
[MOE_TRACE] Group:1 Prob:0.33621 Alpha:0.50240
[MOE_TRACE] Group:1 Prob:0.33621 Alpha:0.50240
[MOE_TRACE] Group:2 Prob:0.81723 Alpha:0.50098
[MOE_TRACE] Group:2 Prob:0.81723 Alpha:0.50098
[MOE_TRACE] Group:0 Prob:0.81410 Alpha:0.50058
[MOE_TRACE] Group:1 Prob:0.33621 Alpha:0.50240
[MOE_TRACE] Group:2 Prob:0.81723 Alpha:0.50098
[MOE_TRACE] Group:0 Prob:0.81410 Alpha:0.50058
[MOE_TRACE] Group:1 Prob:0.33621 Alpha:0.50240
[MOE_TRACE] Group:2 Prob:0.81723 Alpha:0.50098
[MOE_TRACE] Group:0 Prob:0.81958 Alpha:0.50058
[MOE_TRACE] Group:1 Prob:0.34317 Alpha:0.50240
[MOE_TRACE] Group:2 Prob:0.82735 Alpha:0.50098
[MOE_TRACE] Group:0 Prob:0.81958 Alpha:0.50058
[MOE_TRACE] Group:1 Prob:0.34317 Alpha:0.50240
[MOE_TRACE] Group:2 Prob:0.82735 Alpha:0.50098
[MOE_TRACE] Group:0 Prob:0.81958 Alpha:0.50058
[MOE_TRACE] Group:1 Prob:0.34317 Alpha:0.50240
[MOE_TRACE] Group:2 Prob:0.82269 Alpha:0.50098
[MOE_TRACE] Group:0 Prob:0.81958 Alpha:0.50058
[MOE_TRACE] Group:1 Prob:0.34317 Alpha:0.50240
[MOE_TRACE] Group:2 Prob:0.82269 Alpha:0.50098
[MOE_TRACE] Group:0 Prob:0.81985 Alpha:0.50058
[MOE_TRACE] Group:0 Prob:0.81985 Alpha:0.50058
[MOE_TRACE] Group:1 Prob:0.33235 Alpha:0.50240
[MOE_TRACE] Group:1 Prob:0.33235 Alpha:0.50240
[MOE_TRACE] Group:2 Prob:0.82114 Alpha:0.50098
[MOE_TRACE] Group:2 Prob:0.82114 Alpha:0.50098
[MOE_TRACE] Group:0 Prob:0.81985 Alpha:0.50058
[MOE_TRACE] Group:0 Prob:0.81985 Alpha:0.50058[MOE_TRACE] Group:1 Prob:0.33235 Alpha:0.50240

[MOE_TRACE] Group:1 Prob:0.33235 Alpha:0.50240
[MOE_TRACE] Group:2 Prob:0.82114 Alpha:0.50098
[MOE_TRACE] Group:2 Prob:0.82114 Alpha:0.50098
[MOE_TRACE] Group:0 Prob:0.83080 Alpha:0.50058
[MOE_TRACE] Group:0 Prob:0.83080 Alpha:0.50058[MOE_TRACE] Group:1 Prob:0.33964 Alpha:0.50240

[MOE_TRACE] Group:1 Prob:0.33964 Alpha:0.50240[MOE_TRACE] Group:2 Prob:0.82545 Alpha:0.50098

[MOE_TRACE] Group:2 Prob:0.82545 Alpha:0.50098
[MOE_TRACE] Group:0 Prob:0.83080 Alpha:0.50058
[MOE_TRACE] Group:1 Prob:0.33964 Alpha:0.50240
[MOE_TRACE] Group:2 Prob:0.82545 Alpha:0.50098
[MOE_TRACE] Group:0 Prob:0.83080 Alpha:0.50058
[MOE_TRACE] Group:1 Prob:0.33964 Alpha:0.50240
[MOE_TRACE] Group:2 Prob:0.82545 Alpha:0.50098
[MOE_TRACE] Group:0 Prob:0.82654 Alpha:0.50058
[MOE_TRACE] Group:0 Prob:0.82654 Alpha:0.50058
[MOE_TRACE] Group:1 Prob:0.35267 Alpha:0.50240
[MOE_TRACE] Group:1 Prob:0.35267 Alpha:0.50240
[MOE_TRACE] Group:2 Prob:0.82058 Alpha:0.50098
[MOE_TRACE] Group:2 Prob:0.82058 Alpha:0.50098
[MOE_TRACE] Group:0 Prob:0.82654 Alpha:0.50058
[MOE_TRACE] Group:1 Prob:0.35267 Alpha:0.50240
[MOE_TRACE] Group:2 Prob:0.82058 Alpha:0.50098
[MOE_TRACE] Group:0 Prob:0.82654 Alpha:0.50058
[MOE_TRACE] Group:1 Prob:0.35267 Alpha:0.50240
[MOE_TRACE] Group:2 Prob:0.82058 Alpha:0.50098
[MOE_TRACE] Group:0 Prob:0.82588 Alpha:0.50058
[MOE_TRACE] Group:0 Prob:0.82588 Alpha:0.50058
[MOE_TRACE] Group:1 Prob:0.34062 Alpha:0.50240
[MOE_TRACE] Group:1 Prob:0.34062 Alpha:0.50240
[MOE_TRACE] Group:2 Prob:0.82986 Alpha:0.50098
[MOE_TRACE] Group:2 Prob:0.82986 Alpha:0.50098
[MOE_TRACE] Group:0 Prob:0.82588 Alpha:0.50058
[MOE_TRACE] Group:1 Prob:0.34062 Alpha:0.50240
[MOE_TRACE] Group:2 Prob:0.82415 Alpha:0.50098
[MOE_TRACE] Group:0 Prob:0.82588 Alpha:0.50058
[MOE_TRACE] Group:1 Prob:0.34062 Alpha:0.50240
[MOE_TRACE] Group:2 Prob:0.82415 Alpha:0.50098
[MOE_TRACE] Group:0 Prob:0.81627 Alpha:0.50058
[MOE_TRACE] Group:1 Prob:0.34398 Alpha:0.50240
[MOE_TRACE] Group:2 Prob:0.82152 Alpha:0.50098
[MOE_TRACE] Group:0 Prob:0.81627 Alpha:0.50058
[MOE_TRACE] Group:1 Prob:0.34398 Alpha:0.50240
[MOE_TRACE] Group:2 Prob:0.82152 Alpha:0.50098
[MOE_TRACE] Group:0 Prob:0.81627 Alpha:0.50058
[MOE_TRACE] Group:1 Prob:0.34398 Alpha:0.50240
[MOE_TRACE] Group:2 Prob:0.82152 Alpha:0.50098
[MOE_TRACE] Group:0 Prob:0.81627 Alpha:0.50058
[MOE_TRACE] Group:1 Prob:0.34398 Alpha:0.50240
[MOE_TRACE] Group:2 Prob:0.82152 Alpha:0.50098
[MOE_TRACE] Group:0 Prob:0.80768 Alpha:0.50058
[MOE_TRACE] Group:1 Prob:0.34244 Alpha:0.50240
[MOE_TRACE] Group:2 Prob:0.82076 Alpha:0.50098
[MOE_TRACE] Group:0 Prob:0.80768 Alpha:0.50058
[MOE_TRACE] Group:1 Prob:0.34244 Alpha:0.50240
[MOE_TRACE] Group:2 Prob:0.82076 Alpha:0.50098
[MOE_TRACE] Group:0 Prob:0.80768 Alpha:0.50058[MOE_TRACE] Group:0 Prob:0.80768 Alpha:0.50058

[MOE_TRACE] Group:1 Prob:0.34244 Alpha:0.50240[MOE_TRACE] Group:1 Prob:0.34244 Alpha:0.50240

[MOE_TRACE] Group:2 Prob:0.82076 Alpha:0.50098[MOE_TRACE] Group:2 Prob:0.82076 Alpha:0.50098

[MOE_TRACE] Group:0 Prob:0.82621 Alpha:0.50058
[MOE_TRACE] Group:1 Prob:0.35107 Alpha:0.50240
[MOE_TRACE] Group:2 Prob:0.82298 Alpha:0.50098
[MOE_TRACE] Group:0 Prob:0.82621 Alpha:0.50058
[MOE_TRACE] Group:1 Prob:0.35107 Alpha:0.50240
[MOE_TRACE] Group:2 Prob:0.82298 Alpha:0.50098
[MOE_TRACE] Group:0 Prob:0.82621 Alpha:0.50058
[MOE_TRACE] Group:1 Prob:0.35107 Alpha:0.50240
[MOE_TRACE] Group:2 Prob:0.82298 Alpha:0.50098
[MOE_TRACE] Group:0 Prob:0.82621 Alpha:0.50058
[MOE_TRACE] Group:1 Prob:0.35107 Alpha:0.50240
[MOE_TRACE] Group:2 Prob:0.82298 Alpha:0.50098
	iters: 100, epoch: 8 | loss: 0.4051599
	speed: 4.6501s/iter; left time: 1590.3238s
[MOE_TRACE] Group:0 Prob:0.82788 Alpha:0.50058
[MOE_TRACE] Group:1 Prob:0.34192 Alpha:0.50240
[MOE_TRACE] Group:2 Prob:0.82144 Alpha:0.50098
[MOE_TRACE] Group:0 Prob:0.82788 Alpha:0.50058
[MOE_TRACE] Group:1 Prob:0.34192 Alpha:0.50240
[MOE_TRACE] Group:2 Prob:0.82144 Alpha:0.50098
[MOE_TRACE] Group:0 Prob:0.82788 Alpha:0.50058
[MOE_TRACE] Group:1 Prob:0.34192 Alpha:0.50240
[MOE_TRACE] Group:2 Prob:0.82144 Alpha:0.50098
[MOE_TRACE] Group:0 Prob:0.82788 Alpha:0.50058
[MOE_TRACE] Group:1 Prob:0.34192 Alpha:0.50240
[MOE_TRACE] Group:2 Prob:0.82144 Alpha:0.50098
[MOE_TRACE] Group:0 Prob:0.82072 Alpha:0.50058
[MOE_TRACE] Group:1 Prob:0.35319 Alpha:0.50240
[MOE_TRACE] Group:2 Prob:0.82253 Alpha:0.50098
[MOE_TRACE] Group:0 Prob:0.82072 Alpha:0.50058
[MOE_TRACE] Group:1 Prob:0.35319 Alpha:0.50240
[MOE_TRACE] Group:2 Prob:0.81824 Alpha:0.50098
[MOE_TRACE] Group:0 Prob:0.82072 Alpha:0.50058
[MOE_TRACE] Group:1 Prob:0.35319 Alpha:0.50240
[MOE_TRACE] Group:2 Prob:0.81824 Alpha:0.50098
[MOE_TRACE] Group:0 Prob:0.82072 Alpha:0.50058
[MOE_TRACE] Group:1 Prob:0.35319 Alpha:0.50240
[MOE_TRACE] Group:2 Prob:0.81824 Alpha:0.50098
[MOE_TRACE] Group:0 Prob:0.81541 Alpha:0.50058
[MOE_TRACE] Group:1 Prob:0.33605 Alpha:0.50240
[MOE_TRACE] Group:2 Prob:0.82272 Alpha:0.50098
[MOE_TRACE] Group:0 Prob:0.81541 Alpha:0.50058
[MOE_TRACE] Group:1 Prob:0.33605 Alpha:0.50240
[MOE_TRACE] Group:2 Prob:0.82272 Alpha:0.50098
[MOE_TRACE] Group:0 Prob:0.81541 Alpha:0.50058
[MOE_TRACE] Group:1 Prob:0.33605 Alpha:0.50240
[MOE_TRACE] Group:2 Prob:0.82272 Alpha:0.50098
[MOE_TRACE] Group:0 Prob:0.81541 Alpha:0.50058
[MOE_TRACE] Group:1 Prob:0.33605 Alpha:0.50240
[MOE_TRACE] Group:2 Prob:0.82272 Alpha:0.50098
[MOE_TRACE] Group:0 Prob:0.82480 Alpha:0.50058
[MOE_TRACE] Group:1 Prob:0.34971 Alpha:0.50240
[MOE_TRACE] Group:2 Prob:0.82026 Alpha:0.50098
[MOE_TRACE] Group:0 Prob:0.82480 Alpha:0.50058
[MOE_TRACE] Group:1 Prob:0.34971 Alpha:0.50240
[MOE_TRACE] Group:0 Prob:0.82480 Alpha:0.50058
[MOE_TRACE] Group:2 Prob:0.82026 Alpha:0.50098
[MOE_TRACE] Group:1 Prob:0.34971 Alpha:0.50240
[MOE_TRACE] Group:2 Prob:0.82026 Alpha:0.50098
[MOE_TRACE] Group:0 Prob:0.82480 Alpha:0.50058
[MOE_TRACE] Group:1 Prob:0.34971 Alpha:0.50240
[MOE_TRACE] Group:2 Prob:0.82026 Alpha:0.50098
[MOE_TRACE] Group:0 Prob:0.81882 Alpha:0.50058
[MOE_TRACE] Group:1 Prob:0.35351 Alpha:0.50240
[MOE_TRACE] Group:2 Prob:0.82243 Alpha:0.50098
[MOE_TRACE] Group:0 Prob:0.81882 Alpha:0.50058
[MOE_TRACE] Group:1 Prob:0.35351 Alpha:0.50240
[MOE_TRACE] Group:2 Prob:0.82243 Alpha:0.50098
[MOE_TRACE] Group:0 Prob:0.81882 Alpha:0.50058
[MOE_TRACE] Group:1 Prob:0.35351 Alpha:0.50240
[MOE_TRACE] Group:0 Prob:0.81882 Alpha:0.50058
[MOE_TRACE] Group:2 Prob:0.82243 Alpha:0.50098
[MOE_TRACE] Group:1 Prob:0.35351 Alpha:0.50240
[MOE_TRACE] Group:2 Prob:0.82243 Alpha:0.50098
[MOE_TRACE] Group:0 Prob:0.82431 Alpha:0.50058
[MOE_TRACE] Group:1 Prob:0.35330 Alpha:0.50240
[MOE_TRACE] Group:2 Prob:0.81754 Alpha:0.50098
[MOE_TRACE] Group:0 Prob:0.82431 Alpha:0.50058
[MOE_TRACE] Group:1 Prob:0.35330 Alpha:0.50240
[MOE_TRACE] Group:2 Prob:0.81754 Alpha:0.50098
[MOE_TRACE] Group:0 Prob:0.82431 Alpha:0.50058
[MOE_TRACE] Group:1 Prob:0.35330 Alpha:0.50240
[MOE_TRACE] Group:2 Prob:0.81754 Alpha:0.50098
[MOE_TRACE] Group:0 Prob:0.82431 Alpha:0.50058
[MOE_TRACE] Group:1 Prob:0.35330 Alpha:0.50240
[MOE_TRACE] Group:2 Prob:0.81754 Alpha:0.50098
[MOE_TRACE] Group:0 Prob:0.82137 Alpha:0.50058
[MOE_TRACE] Group:0 Prob:0.82137 Alpha:0.50058[MOE_TRACE] Group:1 Prob:0.34264 Alpha:0.50241

[MOE_TRACE] Group:1 Prob:0.34264 Alpha:0.50241[MOE_TRACE] Group:2 Prob:0.81976 Alpha:0.50098

[MOE_TRACE] Group:2 Prob:0.81976 Alpha:0.50098
[MOE_TRACE] Group:0 Prob:0.82137 Alpha:0.50058
[MOE_TRACE] Group:1 Prob:0.34264 Alpha:0.50241
[MOE_TRACE] Group:2 Prob:0.81976 Alpha:0.50098
[MOE_TRACE] Group:0 Prob:0.82137 Alpha:0.50058
[MOE_TRACE] Group:1 Prob:0.34264 Alpha:0.50241
[MOE_TRACE] Group:2 Prob:0.81976 Alpha:0.50098
[MOE_TRACE] Group:0 Prob:0.82748 Alpha:0.50058
[MOE_TRACE] Group:1 Prob:0.34755 Alpha:0.50241
[MOE_TRACE] Group:2 Prob:0.81820 Alpha:0.50098
[MOE_TRACE] Group:0 Prob:0.82748 Alpha:0.50058
[MOE_TRACE] Group:1 Prob:0.34755 Alpha:0.50241
[MOE_TRACE] Group:2 Prob:0.81820 Alpha:0.50098
[MOE_TRACE] Group:0 Prob:0.82748 Alpha:0.50058
[MOE_TRACE] Group:1 Prob:0.34755 Alpha:0.50241
[MOE_TRACE] Group:2 Prob:0.81820 Alpha:0.50098
[MOE_TRACE] Group:0 Prob:0.82748 Alpha:0.50058
[MOE_TRACE] Group:1 Prob:0.34755 Alpha:0.50241
[MOE_TRACE] Group:2 Prob:0.81820 Alpha:0.50098
[MOE_TRACE] Group:0 Prob:0.82143 Alpha:0.50058
[MOE_TRACE] Group:1 Prob:0.34270 Alpha:0.50241
[MOE_TRACE] Group:2 Prob:0.82174 Alpha:0.50098
[MOE_TRACE] Group:0 Prob:0.82143 Alpha:0.50058[MOE_TRACE] Group:0 Prob:0.82143 Alpha:0.50058

[MOE_TRACE] Group:1 Prob:0.34270 Alpha:0.50241
[MOE_TRACE] Group:1 Prob:0.34270 Alpha:0.50241
[MOE_TRACE] Group:2 Prob:0.82174 Alpha:0.50098
[MOE_TRACE] Group:2 Prob:0.82174 Alpha:0.50098
[MOE_TRACE] Group:0 Prob:0.82143 Alpha:0.50058
[MOE_TRACE] Group:1 Prob:0.34270 Alpha:0.50241
[MOE_TRACE] Group:2 Prob:0.82174 Alpha:0.50098
[MOE_TRACE] Group:0 Prob:0.82238 Alpha:0.50058
[MOE_TRACE] Group:1 Prob:0.34843 Alpha:0.50241
[MOE_TRACE] Group:2 Prob:0.82635 Alpha:0.50098
[MOE_TRACE] Group:0 Prob:0.82238 Alpha:0.50058
[MOE_TRACE] Group:1 Prob:0.34843 Alpha:0.50241
[MOE_TRACE] Group:2 Prob:0.82635 Alpha:0.50098
[MOE_TRACE] Group:0 Prob:0.82238 Alpha:0.50058
[MOE_TRACE] Group:1 Prob:0.34843 Alpha:0.50241
[MOE_TRACE] Group:2 Prob:0.82635 Alpha:0.50098
[MOE_TRACE] Group:0 Prob:0.82238 Alpha:0.50058
[MOE_TRACE] Group:1 Prob:0.34843 Alpha:0.50241
[MOE_TRACE] Group:2 Prob:0.82635 Alpha:0.50098
[MOE_TRACE] Group:0 Prob:0.81876 Alpha:0.50058
[MOE_TRACE] Group:1 Prob:0.34936 Alpha:0.50241
[MOE_TRACE] Group:2 Prob:0.81888 Alpha:0.50098
[MOE_TRACE] Group:0 Prob:0.81876 Alpha:0.50058
[MOE_TRACE] Group:1 Prob:0.34936 Alpha:0.50241
[MOE_TRACE] Group:0 Prob:0.81876 Alpha:0.50058[MOE_TRACE] Group:2 Prob:0.81888 Alpha:0.50098

[MOE_TRACE] Group:1 Prob:0.34936 Alpha:0.50241
[MOE_TRACE] Group:2 Prob:0.81888 Alpha:0.50098
[MOE_TRACE] Group:0 Prob:0.81876 Alpha:0.50058
[MOE_TRACE] Group:1 Prob:0.34936 Alpha:0.50241
[MOE_TRACE] Group:2 Prob:0.81888 Alpha:0.50098
[MOE_TRACE] Group:0 Prob:0.81478 Alpha:0.50058
[MOE_TRACE] Group:1 Prob:0.34833 Alpha:0.50241
[MOE_TRACE] Group:2 Prob:0.81506 Alpha:0.50098
[MOE_TRACE] Group:0 Prob:0.81478 Alpha:0.50058
[MOE_TRACE] Group:1 Prob:0.34833 Alpha:0.50241
[MOE_TRACE] Group:2 Prob:0.81506 Alpha:0.50098
[MOE_TRACE] Group:0 Prob:0.81478 Alpha:0.50058
[MOE_TRACE] Group:1 Prob:0.34833 Alpha:0.50241
[MOE_TRACE] Group:2 Prob:0.81506 Alpha:0.50098
[MOE_TRACE] Group:0 Prob:0.81478 Alpha:0.50058
[MOE_TRACE] Group:1 Prob:0.34833 Alpha:0.50241
[MOE_TRACE] Group:2 Prob:0.81506 Alpha:0.50098
[MOE_TRACE] Group:0 Prob:0.81222 Alpha:0.50058
[MOE_TRACE] Group:1 Prob:0.34671 Alpha:0.50241
[MOE_TRACE] Group:0 Prob:0.81222 Alpha:0.50058
[MOE_TRACE] Group:2 Prob:0.82306 Alpha:0.50098
[MOE_TRACE] Group:1 Prob:0.34671 Alpha:0.50241
[MOE_TRACE] Group:2 Prob:0.82760 Alpha:0.50098
[MOE_TRACE] Group:0 Prob:0.81222 Alpha:0.50058
[MOE_TRACE] Group:1 Prob:0.34671 Alpha:0.50241
[MOE_TRACE] Group:2 Prob:0.82760 Alpha:0.50098
[MOE_TRACE] Group:0 Prob:0.81222 Alpha:0.50058
[MOE_TRACE] Group:1 Prob:0.34671 Alpha:0.50241
[MOE_TRACE] Group:2 Prob:0.82760 Alpha:0.50098
[MOE_TRACE] Group:0 Prob:0.82400 Alpha:0.50058
[MOE_TRACE] Group:1 Prob:0.35438 Alpha:0.50241
[MOE_TRACE] Group:2 Prob:0.82694 Alpha:0.50098
[MOE_TRACE] Group:0 Prob:0.82400 Alpha:0.50058
[MOE_TRACE] Group:1 Prob:0.35438 Alpha:0.50241
[MOE_TRACE] Group:2 Prob:0.82694 Alpha:0.50098
[MOE_TRACE] Group:0 Prob:0.82400 Alpha:0.50058
[MOE_TRACE] Group:1 Prob:0.35438 Alpha:0.50241
[MOE_TRACE] Group:2 Prob:0.82694 Alpha:0.50098
[MOE_TRACE] Group:0 Prob:0.82400 Alpha:0.50058
[MOE_TRACE] Group:1 Prob:0.35438 Alpha:0.50241
[MOE_TRACE] Group:2 Prob:0.82694 Alpha:0.50098
[MOE_TRACE] Group:0 Prob:0.81654 Alpha:0.50058
[MOE_TRACE] Group:1 Prob:0.34258 Alpha:0.50241
[MOE_TRACE] Group:2 Prob:0.82266 Alpha:0.50098
[MOE_TRACE] Group:0 Prob:0.81654 Alpha:0.50058
[MOE_TRACE] Group:1 Prob:0.34258 Alpha:0.50241
[MOE_TRACE] Group:2 Prob:0.82266 Alpha:0.50098
[MOE_TRACE] Group:0 Prob:0.81654 Alpha:0.50058
[MOE_TRACE] Group:1 Prob:0.34258 Alpha:0.50241
[MOE_TRACE] Group:2 Prob:0.82266 Alpha:0.50098
[MOE_TRACE] Group:0 Prob:0.81654 Alpha:0.50058
[MOE_TRACE] Group:1 Prob:0.34258 Alpha:0.50241
[MOE_TRACE] Group:2 Prob:0.82266 Alpha:0.50098
[MOE_TRACE] Group:0 Prob:0.82309 Alpha:0.50058
[MOE_TRACE] Group:1 Prob:0.33986 Alpha:0.50241
[MOE_TRACE] Group:2 Prob:0.81230 Alpha:0.50098
[MOE_TRACE] Group:0 Prob:0.82309 Alpha:0.50058
[MOE_TRACE] Group:1 Prob:0.33986 Alpha:0.50241
[MOE_TRACE] Group:2 Prob:0.81230 Alpha:0.50098
[MOE_TRACE] Group:0 Prob:0.82309 Alpha:0.50058
[MOE_TRACE] Group:1 Prob:0.33986 Alpha:0.50241
[MOE_TRACE] Group:2 Prob:0.81230 Alpha:0.50098
[MOE_TRACE] Group:0 Prob:0.82309 Alpha:0.50058
[MOE_TRACE] Group:1 Prob:0.33986 Alpha:0.50241
[MOE_TRACE] Group:2 Prob:0.81230 Alpha:0.50098
[MOE_TRACE] Group:0 Prob:0.82671 Alpha:0.50058
[MOE_TRACE] Group:1 Prob:0.33884 Alpha:0.50241
[MOE_TRACE] Group:2 Prob:0.82507 Alpha:0.50098
[MOE_TRACE] Group:0 Prob:0.82671 Alpha:0.50058
[MOE_TRACE] Group:1 Prob:0.33884 Alpha:0.50241
[MOE_TRACE] Group:2 Prob:0.82507 Alpha:0.50098
[MOE_TRACE] Group:0 Prob:0.82671 Alpha:0.50058
[MOE_TRACE] Group:1 Prob:0.33884 Alpha:0.50241
[MOE_TRACE] Group:2 Prob:0.82507 Alpha:0.50098
[MOE_TRACE] Group:0 Prob:0.82671 Alpha:0.50058
[MOE_TRACE] Group:1 Prob:0.33884 Alpha:0.50241
[MOE_TRACE] Group:2 Prob:0.82507 Alpha:0.50098
[MOE_TRACE] Group:0 Prob:0.81273 Alpha:0.50058
[MOE_TRACE] Group:1 Prob:0.33882 Alpha:0.50241
[MOE_TRACE] Group:2 Prob:0.81382 Alpha:0.50098
[MOE_TRACE] Group:0 Prob:0.81273 Alpha:0.50058
[MOE_TRACE] Group:1 Prob:0.33882 Alpha:0.50241
[MOE_TRACE] Group:2 Prob:0.81382 Alpha:0.50098
[MOE_TRACE] Group:0 Prob:0.81273 Alpha:0.50058
[MOE_TRACE] Group:1 Prob:0.33882 Alpha:0.50241
[MOE_TRACE] Group:2 Prob:0.81382 Alpha:0.50098
[MOE_TRACE] Group:0 Prob:0.81273 Alpha:0.50058
[MOE_TRACE] Group:1 Prob:0.33882 Alpha:0.50241
[MOE_TRACE] Group:2 Prob:0.81382 Alpha:0.50098
[MOE_TRACE] Group:0 Prob:0.83580 Alpha:0.50058
[MOE_TRACE] Group:1 Prob:0.34551 Alpha:0.50241
[MOE_TRACE] Group:0 Prob:0.83580 Alpha:0.50058
[MOE_TRACE] Group:2 Prob:0.82205 Alpha:0.50098
[MOE_TRACE] Group:1 Prob:0.34551 Alpha:0.50241
[MOE_TRACE] Group:2 Prob:0.82205 Alpha:0.50098
[MOE_TRACE] Group:0 Prob:0.83580 Alpha:0.50058
[MOE_TRACE] Group:1 Prob:0.34551 Alpha:0.50241
[MOE_TRACE] Group:2 Prob:0.82205 Alpha:0.50098
[MOE_TRACE] Group:0 Prob:0.83580 Alpha:0.50058
[MOE_TRACE] Group:1 Prob:0.34551 Alpha:0.50241
[MOE_TRACE] Group:2 Prob:0.82205 Alpha:0.50098
[MOE_TRACE] Group:0 Prob:0.81738 Alpha:0.50058
[MOE_TRACE] Group:1 Prob:0.34978 Alpha:0.50241
[MOE_TRACE] Group:2 Prob:0.82025 Alpha:0.50098
[MOE_TRACE] Group:0 Prob:0.81738 Alpha:0.50058
[MOE_TRACE] Group:1 Prob:0.34978 Alpha:0.50241
[MOE_TRACE] Group:2 Prob:0.82025 Alpha:0.50098
[MOE_TRACE] Group:0 Prob:0.81738 Alpha:0.50058
[MOE_TRACE] Group:1 Prob:0.34978 Alpha:0.50241
[MOE_TRACE] Group:2 Prob:0.82025 Alpha:0.50098
[MOE_TRACE] Group:0 Prob:0.81738 Alpha:0.50058
[MOE_TRACE] Group:1 Prob:0.34978 Alpha:0.50241
[MOE_TRACE] Group:2 Prob:0.82025 Alpha:0.50098
[MOE_TRACE] Group:0 Prob:0.82300 Alpha:0.50058
[MOE_TRACE] Group:1 Prob:0.34227 Alpha:0.50241
[MOE_TRACE] Group:2 Prob:0.82175 Alpha:0.50098
[MOE_TRACE] Group:0 Prob:0.82300 Alpha:0.50058
[MOE_TRACE] Group:1 Prob:0.34227 Alpha:0.50241
[MOE_TRACE] Group:2 Prob:0.82175 Alpha:0.50098
[MOE_TRACE] Group:0 Prob:0.82300 Alpha:0.50058
[MOE_TRACE] Group:1 Prob:0.34227 Alpha:0.50241
[MOE_TRACE] Group:2 Prob:0.82175 Alpha:0.50098
[MOE_TRACE] Group:0 Prob:0.82300 Alpha:0.50058
[MOE_TRACE] Group:1 Prob:0.34227 Alpha:0.50241
[MOE_TRACE] Group:2 Prob:0.82175 Alpha:0.50098
[MOE_TRACE] Group:0 Prob:0.83083 Alpha:0.50058
[MOE_TRACE] Group:1 Prob:0.34034 Alpha:0.50241
[MOE_TRACE] Group:2 Prob:0.81691 Alpha:0.50098
[MOE_TRACE] Group:0 Prob:0.83083 Alpha:0.50058
[MOE_TRACE] Group:1 Prob:0.34034 Alpha:0.50241
[MOE_TRACE] Group:2 Prob:0.81691 Alpha:0.50098
[MOE_TRACE] Group:0 Prob:0.83083 Alpha:0.50058
[MOE_TRACE] Group:1 Prob:0.34034 Alpha:0.50241
[MOE_TRACE] Group:2 Prob:0.81691 Alpha:0.50098
[MOE_TRACE] Group:0 Prob:0.83083 Alpha:0.50058
[MOE_TRACE] Group:1 Prob:0.34034 Alpha:0.50241
[MOE_TRACE] Group:2 Prob:0.81691 Alpha:0.50098
[MOE_TRACE] Group:0 Prob:0.82047 Alpha:0.50058
[MOE_TRACE] Group:0 Prob:0.82047 Alpha:0.50058
[MOE_TRACE] Group:1 Prob:0.34129 Alpha:0.50241
[MOE_TRACE] Group:1 Prob:0.34129 Alpha:0.50241
[MOE_TRACE] Group:2 Prob:0.81901 Alpha:0.50098[MOE_TRACE] Group:2 Prob:0.81901 Alpha:0.50098

[MOE_TRACE] Group:0 Prob:0.82047 Alpha:0.50058
[MOE_TRACE] Group:1 Prob:0.34129 Alpha:0.50241
[MOE_TRACE] Group:2 Prob:0.81901 Alpha:0.50098
[MOE_TRACE] Group:0 Prob:0.82047 Alpha:0.50058
[MOE_TRACE] Group:1 Prob:0.34129 Alpha:0.50241
[MOE_TRACE] Group:2 Prob:0.81901 Alpha:0.50098
[MOE_TRACE] Group:0 Prob:0.83487 Alpha:0.50058
[MOE_TRACE] Group:1 Prob:0.34173 Alpha:0.50241
[MOE_TRACE] Group:2 Prob:0.81920 Alpha:0.50098
[MOE_TRACE] Group:0 Prob:0.83487 Alpha:0.50058
[MOE_TRACE] Group:1 Prob:0.34173 Alpha:0.50241
[MOE_TRACE] Group:2 Prob:0.81920 Alpha:0.50098
[MOE_TRACE] Group:0 Prob:0.83487 Alpha:0.50058
[MOE_TRACE] Group:1 Prob:0.34173 Alpha:0.50241
[MOE_TRACE] Group:2 Prob:0.81920 Alpha:0.50098
[MOE_TRACE] Group:0 Prob:0.83487 Alpha:0.50058
[MOE_TRACE] Group:1 Prob:0.34173 Alpha:0.50241
[MOE_TRACE] Group:2 Prob:0.81920 Alpha:0.50098
[MOE_TRACE] Group:0 Prob:0.83048 Alpha:0.50058
[MOE_TRACE] Group:1 Prob:0.34317 Alpha:0.50241
[MOE_TRACE] Group:2 Prob:0.82359 Alpha:0.50098
[MOE_TRACE] Group:0 Prob:0.83048 Alpha:0.50058
[MOE_TRACE] Group:1 Prob:0.34317 Alpha:0.50241
[MOE_TRACE] Group:2 Prob:0.82359 Alpha:0.50098
[MOE_TRACE] Group:0 Prob:0.83048 Alpha:0.50058
[MOE_TRACE] Group:1 Prob:0.34317 Alpha:0.50241
[MOE_TRACE] Group:2 Prob:0.82535 Alpha:0.50098
[MOE_TRACE] Group:0 Prob:0.83048 Alpha:0.50058
[MOE_TRACE] Group:1 Prob:0.34317 Alpha:0.50241
[MOE_TRACE] Group:2 Prob:0.82535 Alpha:0.50098
[MOE_TRACE] Group:0 Prob:0.81589 Alpha:0.50058
[MOE_TRACE] Group:1 Prob:0.33616 Alpha:0.50241
[MOE_TRACE] Group:2 Prob:0.81974 Alpha:0.50098
[MOE_TRACE] Group:0 Prob:0.81589 Alpha:0.50058
[MOE_TRACE] Group:1 Prob:0.33616 Alpha:0.50241
[MOE_TRACE] Group:2 Prob:0.81974 Alpha:0.50098
[MOE_TRACE] Group:0 Prob:0.81589 Alpha:0.50058
[MOE_TRACE] Group:1 Prob:0.33616 Alpha:0.50241
[MOE_TRACE] Group:2 Prob:0.81974 Alpha:0.50098
[MOE_TRACE] Group:0 Prob:0.81589 Alpha:0.50058
[MOE_TRACE] Group:1 Prob:0.33616 Alpha:0.50241
[MOE_TRACE] Group:2 Prob:0.81974 Alpha:0.50098
[MOE_TRACE] Group:0 Prob:0.82216 Alpha:0.50058
[MOE_TRACE] Group:1 Prob:0.34442 Alpha:0.50241
[MOE_TRACE] Group:0 Prob:0.82216 Alpha:0.50058[MOE_TRACE] Group:2 Prob:0.82281 Alpha:0.50098

[MOE_TRACE] Group:1 Prob:0.34442 Alpha:0.50241
[MOE_TRACE] Group:2 Prob:0.82281 Alpha:0.50098
[MOE_TRACE] Group:0 Prob:0.82216 Alpha:0.50058
[MOE_TRACE] Group:1 Prob:0.34442 Alpha:0.50241
[MOE_TRACE] Group:2 Prob:0.82281 Alpha:0.50098
[MOE_TRACE] Group:0 Prob:0.82216 Alpha:0.50058
[MOE_TRACE] Group:1 Prob:0.34442 Alpha:0.50241
[MOE_TRACE] Group:2 Prob:0.82281 Alpha:0.50098
[MOE_TRACE] Group:0 Prob:0.82831 Alpha:0.50058
[MOE_TRACE] Group:1 Prob:0.34649 Alpha:0.50241
[MOE_TRACE] Group:2 Prob:0.82306 Alpha:0.50098
[MOE_TRACE] Group:0 Prob:0.82831 Alpha:0.50058
[MOE_TRACE] Group:1 Prob:0.34649 Alpha:0.50241
[MOE_TRACE] Group:0 Prob:0.82831 Alpha:0.50058
[MOE_TRACE] Group:2 Prob:0.82306 Alpha:0.50098
[MOE_TRACE] Group:1 Prob:0.34649 Alpha:0.50241
[MOE_TRACE] Group:2 Prob:0.82306 Alpha:0.50098
[MOE_TRACE] Group:0 Prob:0.82831 Alpha:0.50058
[MOE_TRACE] Group:1 Prob:0.34649 Alpha:0.50241
[MOE_TRACE] Group:2 Prob:0.82306 Alpha:0.50098
[MOE_TRACE] Group:0 Prob:0.82903 Alpha:0.50058
[MOE_TRACE] Group:1 Prob:0.34037 Alpha:0.50241
[MOE_TRACE] Group:2 Prob:0.82487 Alpha:0.50098
[MOE_TRACE] Group:0 Prob:0.82903 Alpha:0.50058
[MOE_TRACE] Group:1 Prob:0.34037 Alpha:0.50241
[MOE_TRACE] Group:2 Prob:0.82487 Alpha:0.50098
[MOE_TRACE] Group:0 Prob:0.82903 Alpha:0.50058
[MOE_TRACE] Group:1 Prob:0.34037 Alpha:0.50241
[MOE_TRACE] Group:2 Prob:0.82321 Alpha:0.50098
[MOE_TRACE] Group:0 Prob:0.82903 Alpha:0.50058
[MOE_TRACE] Group:1 Prob:0.34037 Alpha:0.50241
[MOE_TRACE] Group:2 Prob:0.82321 Alpha:0.50098
[MOE_TRACE] Group:0 Prob:0.83126 Alpha:0.50058
[MOE_TRACE] Group:0 Prob:0.83126 Alpha:0.50058
[MOE_TRACE] Group:1 Prob:0.34512 Alpha:0.50241
[MOE_TRACE] Group:1 Prob:0.34512 Alpha:0.50241
[MOE_TRACE] Group:0 Prob:0.83126 Alpha:0.50058[MOE_TRACE] Group:2 Prob:0.82861 Alpha:0.50098

[MOE_TRACE] Group:2 Prob:0.82861 Alpha:0.50098
[MOE_TRACE] Group:1 Prob:0.34512 Alpha:0.50241
[MOE_TRACE] Group:2 Prob:0.82861 Alpha:0.50098
[MOE_TRACE] Group:0 Prob:0.83126 Alpha:0.50058
[MOE_TRACE] Group:1 Prob:0.34512 Alpha:0.50241
[MOE_TRACE] Group:2 Prob:0.82861 Alpha:0.50098
[MOE_TRACE] Group:0 Prob:0.82871 Alpha:0.50058
[MOE_TRACE] Group:1 Prob:0.34712 Alpha:0.50241
[MOE_TRACE] Group:2 Prob:0.82319 Alpha:0.50098
[MOE_TRACE] Group:0 Prob:0.82871 Alpha:0.50058
[MOE_TRACE] Group:0 Prob:0.82871 Alpha:0.50058
[MOE_TRACE] Group:1 Prob:0.34712 Alpha:0.50241
[MOE_TRACE] Group:1 Prob:0.34712 Alpha:0.50241
[MOE_TRACE] Group:2 Prob:0.82319 Alpha:0.50098
[MOE_TRACE] Group:2 Prob:0.82319 Alpha:0.50098
[MOE_TRACE] Group:0 Prob:0.82871 Alpha:0.50058
[MOE_TRACE] Group:1 Prob:0.34712 Alpha:0.50241
[MOE_TRACE] Group:2 Prob:0.82319 Alpha:0.50098
[MOE_TRACE] Group:0 Prob:0.84541 Alpha:0.50058
[MOE_TRACE] Group:1 Prob:0.34913 Alpha:0.50241
[MOE_TRACE] Group:2 Prob:0.82964 Alpha:0.50098
[MOE_TRACE] Group:0 Prob:0.84541 Alpha:0.50058
[MOE_TRACE] Group:1 Prob:0.34913 Alpha:0.50241
[MOE_TRACE] Group:0 Prob:0.84541 Alpha:0.50058
[MOE_TRACE] Group:0 Prob:0.84541 Alpha:0.50058
[MOE_TRACE] Group:1 Prob:0.34913 Alpha:0.50241
[MOE_TRACE] Group:2 Prob:0.82964 Alpha:0.50098
[MOE_TRACE] Group:1 Prob:0.34913 Alpha:0.50241
[MOE_TRACE] Group:2 Prob:0.82964 Alpha:0.50098
[MOE_TRACE] Group:2 Prob:0.82964 Alpha:0.50098
[MOE_TRACE] Group:0 Prob:0.83553 Alpha:0.50058
[MOE_TRACE] Group:1 Prob:0.35809 Alpha:0.50241
[MOE_TRACE] Group:2 Prob:0.82737 Alpha:0.50098
[MOE_TRACE] Group:0 Prob:0.83553 Alpha:0.50058
[MOE_TRACE] Group:1 Prob:0.35809 Alpha:0.50241
[MOE_TRACE] Group:2 Prob:0.82737 Alpha:0.50098
[MOE_TRACE] Group:0 Prob:0.83553 Alpha:0.50058
[MOE_TRACE] Group:1 Prob:0.35809 Alpha:0.50241
[MOE_TRACE] Group:2 Prob:0.82737 Alpha:0.50098
[MOE_TRACE] Group:0 Prob:0.83553 Alpha:0.50058
[MOE_TRACE] Group:1 Prob:0.35809 Alpha:0.50241
[MOE_TRACE] Group:2 Prob:0.82737 Alpha:0.50098
[MOE_TRACE] Group:0 Prob:0.83206 Alpha:0.50058
[MOE_TRACE] Group:1 Prob:0.36299 Alpha:0.50241
[MOE_TRACE] Group:2 Prob:0.82475 Alpha:0.50098
[MOE_TRACE] Group:0 Prob:0.83206 Alpha:0.50058
[MOE_TRACE] Group:1 Prob:0.36299 Alpha:0.50241
[MOE_TRACE] Group:2 Prob:0.82475 Alpha:0.50098
[MOE_TRACE] Group:0 Prob:0.83206 Alpha:0.50058
[MOE_TRACE] Group:1 Prob:0.36299 Alpha:0.50241
[MOE_TRACE] Group:2 Prob:0.82475 Alpha:0.50098
[MOE_TRACE] Group:0 Prob:0.83206 Alpha:0.50058
[MOE_TRACE] Group:1 Prob:0.36299 Alpha:0.50241
[MOE_TRACE] Group:2 Prob:0.82475 Alpha:0.50098
[MOE_TRACE] Group:0 Prob:0.82011 Alpha:0.50058
[MOE_TRACE] Group:1 Prob:0.33929 Alpha:0.50241
[MOE_TRACE] Group:2 Prob:0.81954 Alpha:0.50098
[MOE_TRACE] Group:0 Prob:0.82011 Alpha:0.50058
[MOE_TRACE] Group:0 Prob:0.82011 Alpha:0.50058
[MOE_TRACE] Group:1 Prob:0.33929 Alpha:0.50241
[MOE_TRACE] Group:1 Prob:0.33929 Alpha:0.50241
[MOE_TRACE] Group:2 Prob:0.81954 Alpha:0.50098
[MOE_TRACE] Group:2 Prob:0.81954 Alpha:0.50098
[MOE_TRACE] Group:0 Prob:0.82011 Alpha:0.50058
[MOE_TRACE] Group:1 Prob:0.33929 Alpha:0.50241
[MOE_TRACE] Group:2 Prob:0.81954 Alpha:0.50098
[MOE_TRACE] Group:0 Prob:0.82592 Alpha:0.50059
[MOE_TRACE] Group:1 Prob:0.34844 Alpha:0.50241
[MOE_TRACE] Group:2 Prob:0.82258 Alpha:0.50098
[MOE_TRACE] Group:0 Prob:0.82592 Alpha:0.50059
[MOE_TRACE] Group:1 Prob:0.34844 Alpha:0.50241
[MOE_TRACE] Group:2 Prob:0.82258 Alpha:0.50098
[MOE_TRACE] Group:0 Prob:0.82592 Alpha:0.50059
[MOE_TRACE] Group:1 Prob:0.34844 Alpha:0.50241
[MOE_TRACE] Group:2 Prob:0.82258 Alpha:0.50098
[MOE_TRACE] Group:0 Prob:0.82592 Alpha:0.50059
[MOE_TRACE] Group:1 Prob:0.34844 Alpha:0.50241
[MOE_TRACE] Group:2 Prob:0.82258 Alpha:0.50098
[MOE_TRACE] Group:0 Prob:0.82768 Alpha:0.50059
[MOE_TRACE] Group:1 Prob:0.34695 Alpha:0.50241
[MOE_TRACE] Group:2 Prob:0.81686 Alpha:0.50098
[MOE_TRACE] Group:0 Prob:0.82768 Alpha:0.50059
[MOE_TRACE] Group:1 Prob:0.34695 Alpha:0.50241
[MOE_TRACE] Group:2 Prob:0.82175 Alpha:0.50098
[MOE_TRACE] Group:0 Prob:0.82768 Alpha:0.50059
[MOE_TRACE] Group:1 Prob:0.34695 Alpha:0.50241
[MOE_TRACE] Group:2 Prob:0.82175 Alpha:0.50098
[MOE_TRACE] Group:0 Prob:0.82768 Alpha:0.50059
[MOE_TRACE] Group:1 Prob:0.34695 Alpha:0.50241
[MOE_TRACE] Group:2 Prob:0.82175 Alpha:0.50098
[MOE_TRACE] Group:0 Prob:0.81532 Alpha:0.50059
[MOE_TRACE] Group:1 Prob:0.33434 Alpha:0.50241
[MOE_TRACE] Group:2 Prob:0.82493 Alpha:0.50098
[MOE_TRACE] Group:0 Prob:0.81532 Alpha:0.50059
[MOE_TRACE] Group:1 Prob:0.33434 Alpha:0.50241
[MOE_TRACE] Group:2 Prob:0.82493 Alpha:0.50098[MOE_TRACE] Group:0 Prob:0.81532 Alpha:0.50059

[MOE_TRACE] Group:1 Prob:0.33434 Alpha:0.50241
[MOE_TRACE] Group:2 Prob:0.82493 Alpha:0.50098
[MOE_TRACE] Group:0 Prob:0.81532 Alpha:0.50059
[MOE_TRACE] Group:1 Prob:0.33434 Alpha:0.50241
[MOE_TRACE] Group:2 Prob:0.82493 Alpha:0.50098
[MOE_TRACE] Group:0 Prob:0.82786 Alpha:0.50059
[MOE_TRACE] Group:1 Prob:0.33879 Alpha:0.50241
[MOE_TRACE] Group:2 Prob:0.81812 Alpha:0.50098
[MOE_TRACE] Group:0 Prob:0.82786 Alpha:0.50059
[MOE_TRACE] Group:1 Prob:0.33879 Alpha:0.50241
[MOE_TRACE] Group:0 Prob:0.82786 Alpha:0.50059
[MOE_TRACE] Group:2 Prob:0.81812 Alpha:0.50098
[MOE_TRACE] Group:1 Prob:0.33879 Alpha:0.50241
[MOE_TRACE] Group:2 Prob:0.81812 Alpha:0.50098
[MOE_TRACE] Group:0 Prob:0.82786 Alpha:0.50059
[MOE_TRACE] Group:1 Prob:0.33879 Alpha:0.50241
[MOE_TRACE] Group:2 Prob:0.81812 Alpha:0.50098
[MOE_TRACE] Group:0 Prob:0.82568 Alpha:0.50059
[MOE_TRACE] Group:1 Prob:0.34242 Alpha:0.50241
[MOE_TRACE] Group:2 Prob:0.82208 Alpha:0.50098
[MOE_TRACE] Group:0 Prob:0.82568 Alpha:0.50059
[MOE_TRACE] Group:1 Prob:0.34242 Alpha:0.50241
[MOE_TRACE] Group:2 Prob:0.82208 Alpha:0.50098
[MOE_TRACE] Group:0 Prob:0.82568 Alpha:0.50059
[MOE_TRACE] Group:1 Prob:0.34242 Alpha:0.50241
[MOE_TRACE] Group:2 Prob:0.82208 Alpha:0.50098
[MOE_TRACE] Group:0 Prob:0.82568 Alpha:0.50059
[MOE_TRACE] Group:1 Prob:0.34242 Alpha:0.50241
[MOE_TRACE] Group:2 Prob:0.82208 Alpha:0.50098
[MOE_TRACE] Group:0 Prob:0.81929 Alpha:0.50059
[MOE_TRACE] Group:1 Prob:0.34670 Alpha:0.50241
[MOE_TRACE] Group:2 Prob:0.82462 Alpha:0.50098
[MOE_TRACE] Group:0 Prob:0.81929 Alpha:0.50059
[MOE_TRACE] Group:1 Prob:0.34670 Alpha:0.50241
[MOE_TRACE] Group:2 Prob:0.82462 Alpha:0.50098
[MOE_TRACE] Group:0 Prob:0.81929 Alpha:0.50059
[MOE_TRACE] Group:1 Prob:0.34670 Alpha:0.50241
[MOE_TRACE] Group:2 Prob:0.82462 Alpha:0.50098
[MOE_TRACE] Group:0 Prob:0.81929 Alpha:0.50059
[MOE_TRACE] Group:1 Prob:0.34670 Alpha:0.50241
[MOE_TRACE] Group:2 Prob:0.82462 Alpha:0.50098
[MOE_TRACE] Group:0 Prob:0.82801 Alpha:0.50059
[MOE_TRACE] Group:1 Prob:0.34344 Alpha:0.50241
[MOE_TRACE] Group:0 Prob:0.82801 Alpha:0.50059
[MOE_TRACE] Group:2 Prob:0.82001 Alpha:0.50098
[MOE_TRACE] Group:1 Prob:0.34344 Alpha:0.50241
[MOE_TRACE] Group:0 Prob:0.82801 Alpha:0.50059
[MOE_TRACE] Group:2 Prob:0.82001 Alpha:0.50098
[MOE_TRACE] Group:1 Prob:0.34344 Alpha:0.50241
[MOE_TRACE] Group:2 Prob:0.82001 Alpha:0.50098
[MOE_TRACE] Group:0 Prob:0.82801 Alpha:0.50059
[MOE_TRACE] Group:1 Prob:0.34344 Alpha:0.50241
[MOE_TRACE] Group:2 Prob:0.82001 Alpha:0.50098
[MOE_TRACE] Group:0 Prob:0.83061 Alpha:0.50059
[MOE_TRACE] Group:1 Prob:0.34287 Alpha:0.50241
[MOE_TRACE] Group:0 Prob:0.83061 Alpha:0.50059
[MOE_TRACE] Group:1 Prob:0.34287 Alpha:0.50241
[MOE_TRACE] Group:0 Prob:0.83061 Alpha:0.50059[MOE_TRACE] Group:2 Prob:0.82162 Alpha:0.50098

[MOE_TRACE] Group:2 Prob:0.82162 Alpha:0.50098
[MOE_TRACE] Group:1 Prob:0.34287 Alpha:0.50241
[MOE_TRACE] Group:2 Prob:0.82162 Alpha:0.50098
[MOE_TRACE] Group:0 Prob:0.83061 Alpha:0.50059
[MOE_TRACE] Group:1 Prob:0.34287 Alpha:0.50241
[MOE_TRACE] Group:2 Prob:0.82487 Alpha:0.50098
[MOE_TRACE] Group:0 Prob:0.82904 Alpha:0.50059
[MOE_TRACE] Group:0 Prob:0.82904 Alpha:0.50059
[MOE_TRACE] Group:1 Prob:0.33900 Alpha:0.50241
[MOE_TRACE] Group:1 Prob:0.33900 Alpha:0.50241[MOE_TRACE] Group:2 Prob:0.81796 Alpha:0.50098

[MOE_TRACE] Group:2 Prob:0.81796 Alpha:0.50098
[MOE_TRACE] Group:0 Prob:0.82904 Alpha:0.50059
[MOE_TRACE] Group:1 Prob:0.33900 Alpha:0.50241
[MOE_TRACE] Group:2 Prob:0.81796 Alpha:0.50098
[MOE_TRACE] Group:0 Prob:0.82904 Alpha:0.50059
[MOE_TRACE] Group:1 Prob:0.33900 Alpha:0.50241
[MOE_TRACE] Group:2 Prob:0.81796 Alpha:0.50098
[MOE_TRACE] Group:0 Prob:0.82192 Alpha:0.50059
[MOE_TRACE] Group:1 Prob:0.34344 Alpha:0.50241
[MOE_TRACE] Group:0 Prob:0.82192 Alpha:0.50059
[MOE_TRACE] Group:0 Prob:0.82192 Alpha:0.50059
[MOE_TRACE] Group:2 Prob:0.82495 Alpha:0.50098
[MOE_TRACE] Group:1 Prob:0.34344 Alpha:0.50241
[MOE_TRACE] Group:1 Prob:0.34344 Alpha:0.50241
[MOE_TRACE] Group:2 Prob:0.82495 Alpha:0.50098
[MOE_TRACE] Group:2 Prob:0.82495 Alpha:0.50098
[MOE_TRACE] Group:0 Prob:0.82192 Alpha:0.50059
[MOE_TRACE] Group:1 Prob:0.34344 Alpha:0.50241
[MOE_TRACE] Group:2 Prob:0.82495 Alpha:0.50098
[MOE_TRACE] Group:0 Prob:0.81594 Alpha:0.50059
[MOE_TRACE] Group:1 Prob:0.33473 Alpha:0.50241
[MOE_TRACE] Group:2 Prob:0.82512 Alpha:0.50098
[MOE_TRACE] Group:0 Prob:0.81594 Alpha:0.50059
[MOE_TRACE] Group:1 Prob:0.33473 Alpha:0.50241
[MOE_TRACE] Group:2 Prob:0.82512 Alpha:0.50098
[MOE_TRACE] Group:0 Prob:0.81594 Alpha:0.50059
[MOE_TRACE] Group:1 Prob:0.33473 Alpha:0.50241
[MOE_TRACE] Group:2 Prob:0.82512 Alpha:0.50098
[MOE_TRACE] Group:0 Prob:0.81594 Alpha:0.50059
[MOE_TRACE] Group:1 Prob:0.33473 Alpha:0.50241
[MOE_TRACE] Group:2 Prob:0.82512 Alpha:0.50098
[MOE_TRACE] Group:0 Prob:0.82430 Alpha:0.50059
[MOE_TRACE] Group:1 Prob:0.34582 Alpha:0.50241
[MOE_TRACE] Group:2 Prob:0.81869 Alpha:0.50098
[MOE_TRACE] Group:0 Prob:0.82430 Alpha:0.50059
[MOE_TRACE] Group:1 Prob:0.34582 Alpha:0.50241
[MOE_TRACE] Group:0 Prob:0.82430 Alpha:0.50059
[MOE_TRACE] Group:2 Prob:0.81869 Alpha:0.50098
[MOE_TRACE] Group:1 Prob:0.34582 Alpha:0.50241
[MOE_TRACE] Group:2 Prob:0.81879 Alpha:0.50098
[MOE_TRACE] Group:0 Prob:0.82430 Alpha:0.50059
[MOE_TRACE] Group:1 Prob:0.34582 Alpha:0.50241
[MOE_TRACE] Group:2 Prob:0.81879 Alpha:0.50098
Epoch: 8 cost time: 39.8528311252594
Epoch: 8, Steps: 147 | Train Loss: 0.3830617 Vali Loss: 0.2863711 Test Loss: 0.2958964
EarlyStopping counter: 3 out of 3
Early stopping
Updating learning rate to 7.8125e-07
[MOE_TRACE] Group:0 Prob:0.81914 Alpha:0.50059
[MOE_TRACE] Group:1 Prob:0.34830 Alpha:0.50241
[MOE_TRACE] Group:2 Prob:0.82308 Alpha:0.50098
[MOE_TRACE] Group:0 Prob:0.81914 Alpha:0.50059
[MOE_TRACE] Group:1 Prob:0.34830 Alpha:0.50241
[MOE_TRACE] Group:2 Prob:0.82308 Alpha:0.50098
[MOE_TRACE] Group:0 Prob:0.81914 Alpha:0.50059
[MOE_TRACE] Group:1 Prob:0.34830 Alpha:0.50241
[MOE_TRACE] Group:2 Prob:0.82308 Alpha:0.50098
[MOE_TRACE] Group:0 Prob:0.81914 Alpha:0.50059
[MOE_TRACE] Group:1 Prob:0.34830 Alpha:0.50241
[MOE_TRACE] Group:2 Prob:0.82308 Alpha:0.50098
[MOE_TRACE] Group:0 Prob:0.82162 Alpha:0.50059
[MOE_TRACE] Group:1 Prob:0.33616 Alpha:0.50241
[MOE_TRACE] Group:2 Prob:0.82277 Alpha:0.50098
[MOE_TRACE] Group:0 Prob:0.82162 Alpha:0.50059
[MOE_TRACE] Group:1 Prob:0.33616 Alpha:0.50241
[MOE_TRACE] Group:2 Prob:0.82277 Alpha:0.50098
[MOE_TRACE] Group:0 Prob:0.82162 Alpha:0.50059
[MOE_TRACE] Group:1 Prob:0.33616 Alpha:0.50241
[MOE_TRACE] Group:2 Prob:0.82277 Alpha:0.50098
[MOE_TRACE] Group:0 Prob:0.82162 Alpha:0.50059
[MOE_TRACE] Group:1 Prob:0.33616 Alpha:0.50241
[MOE_TRACE] Group:2 Prob:0.82277 Alpha:0.50098
[MOE_TRACE] Group:0 Prob:0.82241 Alpha:0.50059
[MOE_TRACE] Group:1 Prob:0.34771 Alpha:0.50241
[MOE_TRACE] Group:2 Prob:0.82456 Alpha:0.50098
[MOE_TRACE] Group:0 Prob:0.82241 Alpha:0.50059
[MOE_TRACE] Group:1 Prob:0.34771 Alpha:0.50241
[MOE_TRACE] Group:2 Prob:0.82456 Alpha:0.50098
[MOE_TRACE] Group:0 Prob:0.82241 Alpha:0.50059
[MOE_TRACE] Group:1 Prob:0.34771 Alpha:0.50241
[MOE_TRACE] Group:2 Prob:0.82456 Alpha:0.50098
[MOE_TRACE] Group:0 Prob:0.82241 Alpha:0.50059
[MOE_TRACE] Group:1 Prob:0.34771 Alpha:0.50241
[MOE_TRACE] Group:2 Prob:0.82456 Alpha:0.50098
[MOE_TRACE] Group:0 Prob:0.82165 Alpha:0.50059
[MOE_TRACE] Group:1 Prob:0.34105 Alpha:0.50241
[MOE_TRACE] Group:2 Prob:0.82697 Alpha:0.50098
[MOE_TRACE] Group:0 Prob:0.82165 Alpha:0.50059
[MOE_TRACE] Group:1 Prob:0.34105 Alpha:0.50241
[MOE_TRACE] Group:2 Prob:0.81405 Alpha:0.50098
[MOE_TRACE] Group:0 Prob:0.82165 Alpha:0.50059
[MOE_TRACE] Group:1 Prob:0.34105 Alpha:0.50241
[MOE_TRACE] Group:2 Prob:0.81405 Alpha:0.50098
[MOE_TRACE] Group:0 Prob:0.82165 Alpha:0.50059
[MOE_TRACE] Group:1 Prob:0.34105 Alpha:0.50241
[MOE_TRACE] Group:2 Prob:0.81405 Alpha:0.50098
[MOE_TRACE] Group:0 Prob:0.83084 Alpha:0.50059
[MOE_TRACE] Group:0 Prob:0.83084 Alpha:0.50059
[MOE_TRACE] Group:1 Prob:0.35750 Alpha:0.50241
[MOE_TRACE] Group:2 Prob:0.82143 Alpha:0.50098
[MOE_TRACE] Group:1 Prob:0.35750 Alpha:0.50241
[MOE_TRACE] Group:2 Prob:0.82143 Alpha:0.50098
[MOE_TRACE] Group:0 Prob:0.83084 Alpha:0.50059
[MOE_TRACE] Group:0 Prob:0.83084 Alpha:0.50059[MOE_TRACE] Group:1 Prob:0.35750 Alpha:0.50241

[MOE_TRACE] Group:1 Prob:0.35750 Alpha:0.50241[MOE_TRACE] Group:2 Prob:0.82143 Alpha:0.50098

[MOE_TRACE] Group:2 Prob:0.82143 Alpha:0.50098
[MOE_TRACE] Group:0 Prob:0.82173 Alpha:0.50059
[MOE_TRACE] Group:1 Prob:0.33797 Alpha:0.50241
[MOE_TRACE] Group:2 Prob:0.81811 Alpha:0.50098
[MOE_TRACE] Group:0 Prob:0.82173 Alpha:0.50059
[MOE_TRACE] Group:1 Prob:0.33797 Alpha:0.50241
[MOE_TRACE] Group:2 Prob:0.81811 Alpha:0.50098
[MOE_TRACE] Group:0 Prob:0.82173 Alpha:0.50059
[MOE_TRACE] Group:1 Prob:0.33797 Alpha:0.50241
[MOE_TRACE] Group:2 Prob:0.81811 Alpha:0.50098
[MOE_TRACE] Group:0 Prob:0.82173 Alpha:0.50059
[MOE_TRACE] Group:1 Prob:0.33797 Alpha:0.50241
[MOE_TRACE] Group:2 Prob:0.81811 Alpha:0.50098
[MOE_TRACE] Group:0 Prob:0.82723 Alpha:0.50059
[MOE_TRACE] Group:1 Prob:0.35105 Alpha:0.50241
[MOE_TRACE] Group:2 Prob:0.82382 Alpha:0.50098
[MOE_TRACE] Group:0 Prob:0.82723 Alpha:0.50059
[MOE_TRACE] Group:1 Prob:0.35105 Alpha:0.50241
[MOE_TRACE] Group:0 Prob:0.82723 Alpha:0.50059
[MOE_TRACE] Group:2 Prob:0.82531 Alpha:0.50098
[MOE_TRACE] Group:1 Prob:0.35105 Alpha:0.50241
[MOE_TRACE] Group:2 Prob:0.82531 Alpha:0.50098
[MOE_TRACE] Group:0 Prob:0.82723 Alpha:0.50059
[MOE_TRACE] Group:1 Prob:0.35105 Alpha:0.50241
[MOE_TRACE] Group:2 Prob:0.82531 Alpha:0.50098
[MOE_TRACE] Group:0 Prob:0.82441 Alpha:0.50059
[MOE_TRACE] Group:1 Prob:0.34278 Alpha:0.50241
[MOE_TRACE] Group:2 Prob:0.82202 Alpha:0.50098
[MOE_TRACE] Group:0 Prob:0.82441 Alpha:0.50059
[MOE_TRACE] Group:1 Prob:0.34278 Alpha:0.50241
[MOE_TRACE] Group:2 Prob:0.82202 Alpha:0.50098
[MOE_TRACE] Group:0 Prob:0.82441 Alpha:0.50059
[MOE_TRACE] Group:1 Prob:0.34278 Alpha:0.50241
[MOE_TRACE] Group:2 Prob:0.82561 Alpha:0.50098
[MOE_TRACE] Group:0 Prob:0.82441 Alpha:0.50059
[MOE_TRACE] Group:1 Prob:0.34278 Alpha:0.50241
[MOE_TRACE] Group:2 Prob:0.82561 Alpha:0.50098
[MOE_TRACE] Group:0 Prob:0.83130 Alpha:0.50059
[MOE_TRACE] Group:1 Prob:0.34199 Alpha:0.50241
[MOE_TRACE] Group:2 Prob:0.82466 Alpha:0.50098
[MOE_TRACE] Group:0 Prob:0.83130 Alpha:0.50059
[MOE_TRACE] Group:1 Prob:0.34199 Alpha:0.50241
[MOE_TRACE] Group:2 Prob:0.82884 Alpha:0.50098
[MOE_TRACE] Group:0 Prob:0.83130 Alpha:0.50059
[MOE_TRACE] Group:1 Prob:0.34199 Alpha:0.50241
[MOE_TRACE] Group:2 Prob:0.82884 Alpha:0.50098
[MOE_TRACE] Group:0 Prob:0.83130 Alpha:0.50059
[MOE_TRACE] Group:1 Prob:0.34199 Alpha:0.50241
[MOE_TRACE] Group:2 Prob:0.82884 Alpha:0.50098
[MOE_TRACE] Group:2 Prob:0.81999 Alpha:0.50098
[MOE_TRACE] Group:2 Prob:0.81999 Alpha:0.50098
[MOE_TRACE] Group:0 Prob:0.83124 Alpha:0.50059
[MOE_TRACE] Group:1 Prob:0.34272 Alpha:0.50241
[MOE_TRACE] Group:2 Prob:0.81993 Alpha:0.50098
[MOE_TRACE] Group:0 Prob:0.83124 Alpha:0.50059
[MOE_TRACE] Group:1 Prob:0.34272 Alpha:0.50241
[MOE_TRACE] Group:2 Prob:0.81993 Alpha:0.50098
[MOE_TRACE] Group:0 Prob:0.81991 Alpha:0.50059
[MOE_TRACE] Group:1 Prob:0.34206 Alpha:0.50241
[MOE_TRACE] Group:0 Prob:0.81991 Alpha:0.50059
[MOE_TRACE] Group:2 Prob:0.82632 Alpha:0.50098
[MOE_TRACE] Group:1 Prob:0.34206 Alpha:0.50241
[MOE_TRACE] Group:2 Prob:0.82632 Alpha:0.50098
[MOE_TRACE] Group:0 Prob:0.81991 Alpha:0.50059
[MOE_TRACE] Group:1 Prob:0.34206 Alpha:0.50241
[MOE_TRACE] Group:2 Prob:0.82632 Alpha:0.50098
[MOE_TRACE] Group:0 Prob:0.81991 Alpha:0.50059
[MOE_TRACE] Group:1 Prob:0.34206 Alpha:0.50241
[MOE_TRACE] Group:2 Prob:0.82632 Alpha:0.50098
[MOE_TRACE] Group:0 Prob:0.82977 Alpha:0.50059
[MOE_TRACE] Group:1 Prob:0.34596 Alpha:0.50241
[MOE_TRACE] Group:2 Prob:0.82046 Alpha:0.50098
[MOE_TRACE] Group:0 Prob:0.82977 Alpha:0.50059
[MOE_TRACE] Group:1 Prob:0.34596 Alpha:0.50241
[MOE_TRACE] Group:2 Prob:0.82046 Alpha:0.50098
[MOE_TRACE] Group:0 Prob:0.82977 Alpha:0.50059
[MOE_TRACE] Group:1 Prob:0.34596 Alpha:0.50241
[MOE_TRACE] Group:2 Prob:0.82046 Alpha:0.50098
[MOE_TRACE] Group:0 Prob:0.82977 Alpha:0.50059
[MOE_TRACE] Group:1 Prob:0.34596 Alpha:0.50241
[MOE_TRACE] Group:2 Prob:0.82046 Alpha:0.50098
[MOE_TRACE] Group:0 Prob:0.83438 Alpha:0.50059
[MOE_TRACE] Group:1 Prob:0.35088 Alpha:0.50241
[MOE_TRACE] Group:2 Prob:0.82683 Alpha:0.50098
[MOE_TRACE] Group:0 Prob:0.83438 Alpha:0.50059
[MOE_TRACE] Group:1 Prob:0.35088 Alpha:0.50241
[MOE_TRACE] Group:2 Prob:0.82189 Alpha:0.50098
[MOE_TRACE] Group:0 Prob:0.83438 Alpha:0.50059
[MOE_TRACE] Group:1 Prob:0.35088 Alpha:0.50241
[MOE_TRACE] Group:2 Prob:0.82189 Alpha:0.50098
[MOE_TRACE] Group:0 Prob:0.83438 Alpha:0.50059
[MOE_TRACE] Group:1 Prob:0.35088 Alpha:0.50241
[MOE_TRACE] Group:2 Prob:0.82189 Alpha:0.50098
[MOE_TRACE] Group:0 Prob:0.81817 Alpha:0.50059
[MOE_TRACE] Group:1 Prob:0.34712 Alpha:0.50241
[MOE_TRACE] Group:2 Prob:0.82274 Alpha:0.50098
[MOE_TRACE] Group:0 Prob:0.81817 Alpha:0.50059
[MOE_TRACE] Group:1 Prob:0.34712 Alpha:0.50241
[MOE_TRACE] Group:2 Prob:0.82274 Alpha:0.50098
[MOE_TRACE] Group:0 Prob:0.81817 Alpha:0.50059
[MOE_TRACE] Group:0 Prob:0.81817 Alpha:0.50059[MOE_TRACE] Group:1 Prob:0.34712 Alpha:0.50241

[MOE_TRACE] Group:1 Prob:0.34712 Alpha:0.50241
[MOE_TRACE] Group:2 Prob:0.82274 Alpha:0.50098
[MOE_TRACE] Group:2 Prob:0.82274 Alpha:0.50098
[MOE_TRACE] Group:0 Prob:0.82050 Alpha:0.50059
[MOE_TRACE] Group:1 Prob:0.33752 Alpha:0.50241
[MOE_TRACE] Group:2 Prob:0.81903 Alpha:0.50098
[MOE_TRACE] Group:0 Prob:0.82050 Alpha:0.50059
[MOE_TRACE] Group:1 Prob:0.33752 Alpha:0.50241
[MOE_TRACE] Group:2 Prob:0.81903 Alpha:0.50098
[MOE_TRACE] Group:0 Prob:0.82050 Alpha:0.50059
[MOE_TRACE] Group:1 Prob:0.33752 Alpha:0.50241
[MOE_TRACE] Group:2 Prob:0.81903 Alpha:0.50098
[MOE_TRACE] Group:0 Prob:0.82050 Alpha:0.50059
[MOE_TRACE] Group:1 Prob:0.33752 Alpha:0.50241
[MOE_TRACE] Group:2 Prob:0.81903 Alpha:0.50098
[MOE_TRACE] Group:0 Prob:0.81824 Alpha:0.50059
[MOE_TRACE] Group:1 Prob:0.34380 Alpha:0.50242
[MOE_TRACE] Group:2 Prob:0.82367 Alpha:0.50098
[MOE_TRACE] Group:0 Prob:0.81824 Alpha:0.50059
[MOE_TRACE] Group:1 Prob:0.34380 Alpha:0.50242
[MOE_TRACE] Group:0 Prob:0.81824 Alpha:0.50059[MOE_TRACE] Group:2 Prob:0.81626 Alpha:0.50098

[MOE_TRACE] Group:1 Prob:0.34380 Alpha:0.50242
[MOE_TRACE] Group:2 Prob:0.81626 Alpha:0.50098
[MOE_TRACE] Group:0 Prob:0.81824 Alpha:0.50059
[MOE_TRACE] Group:1 Prob:0.34380 Alpha:0.50242
[MOE_TRACE] Group:2 Prob:0.81626 Alpha:0.50098
[MOE_TRACE] Group:0 Prob:0.82824 Alpha:0.50059
[MOE_TRACE] Group:0 Prob:0.82824 Alpha:0.50059[MOE_TRACE] Group:1 Prob:0.34538 Alpha:0.50242

[MOE_TRACE] Group:1 Prob:0.34538 Alpha:0.50242
[MOE_TRACE] Group:2 Prob:0.81883 Alpha:0.50098
[MOE_TRACE] Group:2 Prob:0.81883 Alpha:0.50098
[MOE_TRACE] Group:0 Prob:0.82824 Alpha:0.50059
[MOE_TRACE] Group:1 Prob:0.34538 Alpha:0.50242
[MOE_TRACE] Group:2 Prob:0.81883 Alpha:0.50098
[MOE_TRACE] Group:0 Prob:0.82824 Alpha:0.50059
[MOE_TRACE] Group:1 Prob:0.34538 Alpha:0.50242
[MOE_TRACE] Group:2 Prob:0.81883 Alpha:0.50098
[MOE_TRACE] Group:0 Prob:0.82518 Alpha:0.50059
[MOE_TRACE] Group:1 Prob:0.34100 Alpha:0.50242
[MOE_TRACE] Group:2 Prob:0.82533 Alpha:0.50098
[MOE_TRACE] Group:0 Prob:0.82518 Alpha:0.50059
[MOE_TRACE] Group:1 Prob:0.34100 Alpha:0.50242
[MOE_TRACE] Group:2 Prob:0.82533 Alpha:0.50098
[MOE_TRACE] Group:0 Prob:0.82518 Alpha:0.50059
[MOE_TRACE] Group:1 Prob:0.34100 Alpha:0.50242
[MOE_TRACE] Group:2 Prob:0.82533 Alpha:0.50098
[MOE_TRACE] Group:0 Prob:0.82518 Alpha:0.50059
[MOE_TRACE] Group:1 Prob:0.34100 Alpha:0.50242
[MOE_TRACE] Group:2 Prob:0.82533 Alpha:0.50098
[MOE_TRACE] Group:1 Prob:0.33854 Alpha:0.50242
[MOE_TRACE] Group:2 Prob:0.82261 Alpha:0.50098
[MOE_TRACE] Group:0 Prob:0.82813 Alpha:0.50059
[MOE_TRACE] Group:0 Prob:0.82813 Alpha:0.50059
[MOE_TRACE] Group:1 Prob:0.34513 Alpha:0.50242
[MOE_TRACE] Group:1 Prob:0.34513 Alpha:0.50242
[MOE_TRACE] Group:2 Prob:0.82128 Alpha:0.50098
[MOE_TRACE] Group:2 Prob:0.82128 Alpha:0.50098
[MOE_TRACE] Group:0 Prob:0.82813 Alpha:0.50059
[MOE_TRACE] Group:1 Prob:0.34513 Alpha:0.50242
[MOE_TRACE] Group:2 Prob:0.82128 Alpha:0.50098
[MOE_TRACE] Group:1 Prob:0.34093 Alpha:0.50242
[MOE_TRACE] Group:2 Prob:0.82505 Alpha:0.50098
[MOE_TRACE] Group:0 Prob:0.83631 Alpha:0.50059
[MOE_TRACE] Group:1 Prob:0.33799 Alpha:0.50242
[MOE_TRACE] Group:2 Prob:0.82120 Alpha:0.50098
[MOE_TRACE] Group:0 Prob:0.83631 Alpha:0.50059
[MOE_TRACE] Group:1 Prob:0.33799 Alpha:0.50242
[MOE_TRACE] Group:2 Prob:0.82120 Alpha:0.50098
[MOE_TRACE] Group:0 Prob:0.83631 Alpha:0.50059
[MOE_TRACE] Group:1 Prob:0.33799 Alpha:0.50242
[MOE_TRACE] Group:2 Prob:0.82120 Alpha:0.50098
[MOE_TRACE] Group:0 Prob:0.82243 Alpha:0.50059
[MOE_TRACE] Group:1 Prob:0.35750 Alpha:0.50242
[MOE_TRACE] Group:2 Prob:0.81719 Alpha:0.50098
[MOE_TRACE] Group:0 Prob:0.82243 Alpha:0.50059
[MOE_TRACE] Group:1 Prob:0.35750 Alpha:0.50242
[MOE_TRACE] Group:2 Prob:0.81719 Alpha:0.50098
[MOE_TRACE] Group:0 Prob:0.82243 Alpha:0.50059
[MOE_TRACE] Group:1 Prob:0.35750 Alpha:0.50242
[MOE_TRACE] Group:2 Prob:0.81719 Alpha:0.50098
[MOE_TRACE] Group:0 Prob:0.82243 Alpha:0.50059
[MOE_TRACE] Group:1 Prob:0.35750 Alpha:0.50242
[MOE_TRACE] Group:2 Prob:0.81719 Alpha:0.50098
[MOE_TRACE] Group:0 Prob:0.81848 Alpha:0.50059
[MOE_TRACE] Group:1 Prob:0.34393 Alpha:0.50242
[MOE_TRACE] Group:2 Prob:0.82185 Alpha:0.50098
[MOE_TRACE] Group:0 Prob:0.81848 Alpha:0.50059
[MOE_TRACE] Group:1 Prob:0.34393 Alpha:0.50242
[MOE_TRACE] Group:2 Prob:0.82185 Alpha:0.50098
[MOE_TRACE] Group:0 Prob:0.81848 Alpha:0.50059
[MOE_TRACE] Group:1 Prob:0.34393 Alpha:0.50242
[MOE_TRACE] Group:2 Prob:0.82185 Alpha:0.50098
[MOE_TRACE] Group:0 Prob:0.81848 Alpha:0.50059
[MOE_TRACE] Group:1 Prob:0.34393 Alpha:0.50242
[MOE_TRACE] Group:2 Prob:0.82185 Alpha:0.50098
[MOE_TRACE] Group:0 Prob:0.82095 Alpha:0.50059
[MOE_TRACE] Group:1 Prob:0.35151 Alpha:0.50242
[MOE_TRACE] Group:2 Prob:0.82729 Alpha:0.50098
[MOE_TRACE] Group:0 Prob:0.82095 Alpha:0.50059
[MOE_TRACE] Group:1 Prob:0.35151 Alpha:0.50242
[MOE_TRACE] Group:2 Prob:0.82729 Alpha:0.50098
[MOE_TRACE] Group:0 Prob:0.82095 Alpha:0.50059
[MOE_TRACE] Group:1 Prob:0.35151 Alpha:0.50242
[MOE_TRACE] Group:0 Prob:0.82095 Alpha:0.50059[MOE_TRACE] Group:2 Prob:0.82729 Alpha:0.50098

[MOE_TRACE] Group:1 Prob:0.35151 Alpha:0.50242
[MOE_TRACE] Group:2 Prob:0.82729 Alpha:0.50098
[MOE_TRACE] Group:0 Prob:0.81866 Alpha:0.50059
[MOE_TRACE] Group:1 Prob:0.34655 Alpha:0.50242
[MOE_TRACE] Group:2 Prob:0.81726 Alpha:0.50098
[MOE_TRACE] Group:0 Prob:0.81866 Alpha:0.50059
[MOE_TRACE] Group:0 Prob:0.81866 Alpha:0.50059[MOE_TRACE] Group:0 Prob:0.81866 Alpha:0.50059

[MOE_TRACE] Group:1 Prob:0.34655 Alpha:0.50242
[MOE_TRACE] Group:1 Prob:0.34655 Alpha:0.50242[MOE_TRACE] Group:1 Prob:0.34655 Alpha:0.50242

[MOE_TRACE] Group:2 Prob:0.81726 Alpha:0.50098
[MOE_TRACE] Group:2 Prob:0.81726 Alpha:0.50098[MOE_TRACE] Group:2 Prob:0.81726 Alpha:0.50098

[MOE_TRACE] Group:0 Prob:0.82239 Alpha:0.50059
[MOE_TRACE] Group:1 Prob:0.33673 Alpha:0.50242
[MOE_TRACE] Group:2 Prob:0.82120 Alpha:0.50098
[MOE_TRACE] Group:0 Prob:0.82239 Alpha:0.50059
[MOE_TRACE] Group:1 Prob:0.33673 Alpha:0.50242
[MOE_TRACE] Group:2 Prob:0.82364 Alpha:0.50098
[MOE_TRACE] Group:0 Prob:0.82239 Alpha:0.50059
[MOE_TRACE] Group:1 Prob:0.33673 Alpha:0.50242
[MOE_TRACE] Group:2 Prob:0.82364 Alpha:0.50098
[MOE_TRACE] Group:0 Prob:0.82239 Alpha:0.50059
[MOE_TRACE] Group:1 Prob:0.33673 Alpha:0.50242
[MOE_TRACE] Group:2 Prob:0.82364 Alpha:0.50098
[MOE_TRACE] Group:0 Prob:0.83189 Alpha:0.50059
[MOE_TRACE] Group:1 Prob:0.33885 Alpha:0.50242
[MOE_TRACE] Group:2 Prob:0.81219 Alpha:0.50098
[MOE_TRACE] Group:0 Prob:0.83189 Alpha:0.50059
[MOE_TRACE] Group:1 Prob:0.33885 Alpha:0.50242
[MOE_TRACE] Group:0 Prob:0.83189 Alpha:0.50059
[MOE_TRACE] Group:2 Prob:0.81857 Alpha:0.50098
[MOE_TRACE] Group:1 Prob:0.33885 Alpha:0.50242
[MOE_TRACE] Group:0 Prob:0.83189 Alpha:0.50059
[MOE_TRACE] Group:2 Prob:0.81857 Alpha:0.50098
[MOE_TRACE] Group:1 Prob:0.33885 Alpha:0.50242
[MOE_TRACE] Group:2 Prob:0.81857 Alpha:0.50098
[MOE_TRACE] Group:0 Prob:0.82715 Alpha:0.50059
[MOE_TRACE] Group:1 Prob:0.34752 Alpha:0.50242
[MOE_TRACE] Group:2 Prob:0.82414 Alpha:0.50098
[MOE_TRACE] Group:0 Prob:0.82715 Alpha:0.50059
[MOE_TRACE] Group:1 Prob:0.34494 Alpha:0.50242
[MOE_TRACE] Group:2 Prob:0.82414 Alpha:0.50098
[MOE_TRACE] Group:0 Prob:0.82715 Alpha:0.50059
[MOE_TRACE] Group:1 Prob:0.34494 Alpha:0.50242
[MOE_TRACE] Group:2 Prob:0.82380 Alpha:0.50098
[MOE_TRACE] Group:0 Prob:0.82715 Alpha:0.50059
[MOE_TRACE] Group:1 Prob:0.34494 Alpha:0.50242
[MOE_TRACE] Group:2 Prob:0.82380 Alpha:0.50098
[MOE_TRACE] Group:0 Prob:0.81979 Alpha:0.50059
[MOE_TRACE] Group:1 Prob:0.35627 Alpha:0.50242
[MOE_TRACE] Group:2 Prob:0.83215 Alpha:0.50098
[MOE_TRACE] Group:0 Prob:0.81979 Alpha:0.50059
[MOE_TRACE] Group:1 Prob:0.35627 Alpha:0.50242
[MOE_TRACE] Group:2 Prob:0.83215 Alpha:0.50098
[MOE_TRACE] Group:0 Prob:0.81979 Alpha:0.50059
[MOE_TRACE] Group:1 Prob:0.35627 Alpha:0.50242
[MOE_TRACE] Group:2 Prob:0.83215 Alpha:0.50098
[MOE_TRACE] Group:0 Prob:0.81979 Alpha:0.50059
[MOE_TRACE] Group:1 Prob:0.35627 Alpha:0.50242
[MOE_TRACE] Group:2 Prob:0.83215 Alpha:0.50098
[MOE_TRACE] Group:0 Prob:0.82575 Alpha:0.50059
[MOE_TRACE] Group:1 Prob:0.33998 Alpha:0.50242
[MOE_TRACE] Group:2 Prob:0.82680 Alpha:0.50098
[MOE_TRACE] Group:0 Prob:0.82575 Alpha:0.50059
[MOE_TRACE] Group:1 Prob:0.33998 Alpha:0.50242
[MOE_TRACE] Group:2 Prob:0.82680 Alpha:0.50098
[MOE_TRACE] Group:0 Prob:0.82575 Alpha:0.50059
[MOE_TRACE] Group:1 Prob:0.33998 Alpha:0.50242
[MOE_TRACE] Group:2 Prob:0.82680 Alpha:0.50098
[MOE_TRACE] Group:0 Prob:0.82575 Alpha:0.50059
[MOE_TRACE] Group:1 Prob:0.33998 Alpha:0.50242
[MOE_TRACE] Group:2 Prob:0.82680 Alpha:0.50098
[MOE_TRACE] Group:0 Prob:0.81342 Alpha:0.50059
[MOE_TRACE] Group:1 Prob:0.34477 Alpha:0.50242
[MOE_TRACE] Group:2 Prob:0.82141 Alpha:0.50098
[MOE_TRACE] Group:0 Prob:0.81342 Alpha:0.50059
[MOE_TRACE] Group:1 Prob:0.34477 Alpha:0.50242
[MOE_TRACE] Group:2 Prob:0.82141 Alpha:0.50098
[MOE_TRACE] Group:0 Prob:0.81342 Alpha:0.50059
[MOE_TRACE] Group:1 Prob:0.34477 Alpha:0.50242
[MOE_TRACE] Group:0 Prob:0.81342 Alpha:0.50059
[MOE_TRACE] Group:2 Prob:0.82141 Alpha:0.50098
[MOE_TRACE] Group:1 Prob:0.34477 Alpha:0.50242
[MOE_TRACE] Group:2 Prob:0.82141 Alpha:0.50098
[MOE_TRACE] Group:0 Prob:0.81772 Alpha:0.50059[MOE_TRACE] Group:0 Prob:0.81772 Alpha:0.50059

[MOE_TRACE] Group:1 Prob:0.33796 Alpha:0.50242
[MOE_TRACE] Group:1 Prob:0.33796 Alpha:0.50242
[MOE_TRACE] Group:2 Prob:0.82163 Alpha:0.50098
[MOE_TRACE] Group:2 Prob:0.82163 Alpha:0.50098
[MOE_TRACE] Group:0 Prob:0.81772 Alpha:0.50059
[MOE_TRACE] Group:1 Prob:0.33796 Alpha:0.50242
[MOE_TRACE] Group:2 Prob:0.82163 Alpha:0.50098
[MOE_TRACE] Group:0 Prob:0.81772 Alpha:0.50059
[MOE_TRACE] Group:1 Prob:0.33796 Alpha:0.50242
[MOE_TRACE] Group:2 Prob:0.82163 Alpha:0.50098
[MOE_TRACE] Group:0 Prob:0.82265 Alpha:0.50059
[MOE_TRACE] Group:0 Prob:0.82265 Alpha:0.50059[MOE_TRACE] Group:1 Prob:0.35181 Alpha:0.50242

[MOE_TRACE] Group:2 Prob:0.82069 Alpha:0.50098
[MOE_TRACE] Group:1 Prob:0.35181 Alpha:0.50242
[MOE_TRACE] Group:2 Prob:0.82069 Alpha:0.50098
[MOE_TRACE] Group:0 Prob:0.82265 Alpha:0.50059
[MOE_TRACE] Group:1 Prob:0.35181 Alpha:0.50242
[MOE_TRACE] Group:2 Prob:0.82069 Alpha:0.50098
[MOE_TRACE] Group:0 Prob:0.82265 Alpha:0.50059
[MOE_TRACE] Group:1 Prob:0.35181 Alpha:0.50242
[MOE_TRACE] Group:2 Prob:0.82069 Alpha:0.50098
[MOE_TRACE] Group:0 Prob:0.82246 Alpha:0.50059
[MOE_TRACE] Group:1 Prob:0.33751 Alpha:0.50242
[MOE_TRACE] Group:2 Prob:0.81573 Alpha:0.50098
[MOE_TRACE] Group:0 Prob:0.82246 Alpha:0.50059
[MOE_TRACE] Group:1 Prob:0.33751 Alpha:0.50242
[MOE_TRACE] Group:2 Prob:0.81573 Alpha:0.50098
[MOE_TRACE] Group:0 Prob:0.82246 Alpha:0.50059
[MOE_TRACE] Group:1 Prob:0.33751 Alpha:0.50242
[MOE_TRACE] Group:2 Prob:0.81573 Alpha:0.50098
[MOE_TRACE] Group:0 Prob:0.82246 Alpha:0.50059
[MOE_TRACE] Group:1 Prob:0.33751 Alpha:0.50242
[MOE_TRACE] Group:2 Prob:0.81573 Alpha:0.50098
[MOE_TRACE] Group:0 Prob:0.82782 Alpha:0.50059
[MOE_TRACE] Group:1 Prob:0.35085 Alpha:0.50242
[MOE_TRACE] Group:2 Prob:0.82097 Alpha:0.50098
[MOE_TRACE] Group:0 Prob:0.82782 Alpha:0.50059
[MOE_TRACE] Group:1 Prob:0.35085 Alpha:0.50242
[MOE_TRACE] Group:2 Prob:0.82097 Alpha:0.50098
[MOE_TRACE] Group:0 Prob:0.82782 Alpha:0.50059
[MOE_TRACE] Group:1 Prob:0.35085 Alpha:0.50242
[MOE_TRACE] Group:2 Prob:0.82097 Alpha:0.50098
[MOE_TRACE] Group:0 Prob:0.82782 Alpha:0.50059
[MOE_TRACE] Group:1 Prob:0.35085 Alpha:0.50242
[MOE_TRACE] Group:2 Prob:0.82097 Alpha:0.50098
[MOE_TRACE] Group:0 Prob:0.82840 Alpha:0.50059
[MOE_TRACE] Group:1 Prob:0.35876 Alpha:0.50242
[MOE_TRACE] Group:2 Prob:0.82620 Alpha:0.50098
[MOE_TRACE] Group:0 Prob:0.82840 Alpha:0.50059
[MOE_TRACE] Group:1 Prob:0.35876 Alpha:0.50242
[MOE_TRACE] Group:2 Prob:0.82620 Alpha:0.50098
[MOE_TRACE] Group:0 Prob:0.82840 Alpha:0.50059
[MOE_TRACE] Group:1 Prob:0.35876 Alpha:0.50242
[MOE_TRACE] Group:2 Prob:0.82620 Alpha:0.50098
[MOE_TRACE] Group:0 Prob:0.82840 Alpha:0.50059
[MOE_TRACE] Group:1 Prob:0.35876 Alpha:0.50242
[MOE_TRACE] Group:2 Prob:0.82620 Alpha:0.50098
[MOE_TRACE] Group:0 Prob:0.81627 Alpha:0.50059
[MOE_TRACE] Group:1 Prob:0.34482 Alpha:0.50242
[MOE_TRACE] Group:2 Prob:0.82171 Alpha:0.50098
[MOE_TRACE] Group:0 Prob:0.81627 Alpha:0.50059
[MOE_TRACE] Group:1 Prob:0.34482 Alpha:0.50242
[MOE_TRACE] Group:2 Prob:0.82171 Alpha:0.50098
[MOE_TRACE] Group:0 Prob:0.81627 Alpha:0.50059
[MOE_TRACE] Group:1 Prob:0.34482 Alpha:0.50242
[MOE_TRACE] Group:2 Prob:0.82171 Alpha:0.50098
[MOE_TRACE] Group:0 Prob:0.81627 Alpha:0.50059
[MOE_TRACE] Group:1 Prob:0.34482 Alpha:0.50242
[MOE_TRACE] Group:2 Prob:0.82171 Alpha:0.50098
[MOE_TRACE] Group:0 Prob:0.83303 Alpha:0.50059
[MOE_TRACE] Group:1 Prob:0.34832 Alpha:0.50242
[MOE_TRACE] Group:2 Prob:0.82575 Alpha:0.50098
[MOE_TRACE] Group:0 Prob:0.83303 Alpha:0.50059
[MOE_TRACE] Group:1 Prob:0.34832 Alpha:0.50242
[MOE_TRACE] Group:2 Prob:0.82575 Alpha:0.50098
[MOE_TRACE] Group:0 Prob:0.83303 Alpha:0.50059
[MOE_TRACE] Group:1 Prob:0.34832 Alpha:0.50242
[MOE_TRACE] Group:2 Prob:0.83067 Alpha:0.50098
[MOE_TRACE] Group:0 Prob:0.83303 Alpha:0.50059
[MOE_TRACE] Group:1 Prob:0.34832 Alpha:0.50242
[MOE_TRACE] Group:2 Prob:0.83067 Alpha:0.50098
[MOE_TRACE] Group:0 Prob:0.81453 Alpha:0.50059
[MOE_TRACE] Group:1 Prob:0.34743 Alpha:0.50242
[MOE_TRACE] Group:2 Prob:0.81851 Alpha:0.50098
[MOE_TRACE] Group:0 Prob:0.81453 Alpha:0.50059
[MOE_TRACE] Group:0 Prob:0.81453 Alpha:0.50059[MOE_TRACE] Group:1 Prob:0.34743 Alpha:0.50242

[MOE_TRACE] Group:1 Prob:0.34743 Alpha:0.50242
[MOE_TRACE] Group:2 Prob:0.81285 Alpha:0.50098
[MOE_TRACE] Group:2 Prob:0.81285 Alpha:0.50098
[MOE_TRACE] Group:0 Prob:0.81453 Alpha:0.50059
[MOE_TRACE] Group:1 Prob:0.34743 Alpha:0.50242
[MOE_TRACE] Group:2 Prob:0.81285 Alpha:0.50098
[MOE_TRACE] Group:0 Prob:0.81569 Alpha:0.50059
[MOE_TRACE] Group:1 Prob:0.33673 Alpha:0.50242
[MOE_TRACE] Group:2 Prob:0.82249 Alpha:0.50098
[MOE_TRACE] Group:0 Prob:0.81569 Alpha:0.50059
[MOE_TRACE] Group:1 Prob:0.33673 Alpha:0.50242
[MOE_TRACE] Group:2 Prob:0.82249 Alpha:0.50098
[MOE_TRACE] Group:0 Prob:0.81569 Alpha:0.50059
[MOE_TRACE] Group:1 Prob:0.33673 Alpha:0.50242
[MOE_TRACE] Group:2 Prob:0.82249 Alpha:0.50098
[MOE_TRACE] Group:0 Prob:0.81569 Alpha:0.50059
[MOE_TRACE] Group:1 Prob:0.33673 Alpha:0.50242
[MOE_TRACE] Group:2 Prob:0.82249 Alpha:0.50098
[MOE_TRACE] Group:0 Prob:0.82269 Alpha:0.50059
[MOE_TRACE] Group:0 Prob:0.81741 Alpha:0.50059
[MOE_TRACE] Group:1 Prob:0.35418 Alpha:0.50242
[MOE_TRACE] Group:2 Prob:0.81946 Alpha:0.50098
[MOE_TRACE] Group:0 Prob:0.81741 Alpha:0.50059
[MOE_TRACE] Group:1 Prob:0.35418 Alpha:0.50242
[MOE_TRACE] Group:2 Prob:0.81946 Alpha:0.50098
[MOE_TRACE] Group:0 Prob:0.81741 Alpha:0.50059
[MOE_TRACE] Group:1 Prob:0.35418 Alpha:0.50242
[MOE_TRACE] Group:2 Prob:0.81946 Alpha:0.50098
[MOE_TRACE] Group:0 Prob:0.84090 Alpha:0.50059
[MOE_TRACE] Group:1 Prob:0.34306 Alpha:0.50242
[MOE_TRACE] Group:2 Prob:0.82646 Alpha:0.50098
[MOE_TRACE] Group:0 Prob:0.84090 Alpha:0.50059
[MOE_TRACE] Group:1 Prob:0.34306 Alpha:0.50242
[MOE_TRACE] Group:2 Prob:0.82646 Alpha:0.50098
[MOE_TRACE] Group:0 Prob:0.84090 Alpha:0.50059
[MOE_TRACE] Group:1 Prob:0.34306 Alpha:0.50242
[MOE_TRACE] Group:2 Prob:0.82646 Alpha:0.50098
[MOE_TRACE] Group:0 Prob:0.84090 Alpha:0.50059
[MOE_TRACE] Group:1 Prob:0.34306 Alpha:0.50242
[MOE_TRACE] Group:2 Prob:0.82646 Alpha:0.50098
[MOE_TRACE] Group:0 Prob:0.81595 Alpha:0.50059[MOE_TRACE] Group:0 Prob:0.81595 Alpha:0.50059

[MOE_TRACE] Group:1 Prob:0.34388 Alpha:0.50242
[MOE_TRACE] Group:1 Prob:0.34388 Alpha:0.50242
[MOE_TRACE] Group:2 Prob:0.81382 Alpha:0.50098
[MOE_TRACE] Group:2 Prob:0.81382 Alpha:0.50098
[MOE_TRACE] Group:0 Prob:0.81595 Alpha:0.50059
[MOE_TRACE] Group:1 Prob:0.34388 Alpha:0.50242
[MOE_TRACE] Group:2 Prob:0.81382 Alpha:0.50098
[MOE_TRACE] Group:0 Prob:0.81595 Alpha:0.50059
[MOE_TRACE] Group:1 Prob:0.34388 Alpha:0.50242
[MOE_TRACE] Group:2 Prob:0.81382 Alpha:0.50098
[MOE_TRACE] Group:0 Prob:0.82188 Alpha:0.50059
[MOE_TRACE] Group:1 Prob:0.34219 Alpha:0.50242
[MOE_TRACE] Group:2 Prob:0.81799 Alpha:0.50098
[MOE_TRACE] Group:0 Prob:0.82188 Alpha:0.50059
[MOE_TRACE] Group:1 Prob:0.34219 Alpha:0.50242
[MOE_TRACE] Group:2 Prob:0.81799 Alpha:0.50098
[MOE_TRACE] Group:0 Prob:0.82188 Alpha:0.50059
[MOE_TRACE] Group:1 Prob:0.34219 Alpha:0.50242
[MOE_TRACE] Group:2 Prob:0.81799 Alpha:0.50098
[MOE_TRACE] Group:0 Prob:0.82188 Alpha:0.50059
[MOE_TRACE] Group:1 Prob:0.34219 Alpha:0.50242
[MOE_TRACE] Group:2 Prob:0.81799 Alpha:0.50098
[MOE_TRACE] Group:0 Prob:0.81162 Alpha:0.50059
[MOE_TRACE] Group:1 Prob:0.33740 Alpha:0.50242
[MOE_TRACE] Group:0 Prob:0.81162 Alpha:0.50059
[MOE_TRACE] Group:2 Prob:0.81913 Alpha:0.50098
[MOE_TRACE] Group:1 Prob:0.33740 Alpha:0.50242
[MOE_TRACE] Group:2 Prob:0.81913 Alpha:0.50098
[MOE_TRACE] Group:0 Prob:0.81162 Alpha:0.50059
[MOE_TRACE] Group:1 Prob:0.33740 Alpha:0.50242
[MOE_TRACE] Group:0 Prob:0.81162 Alpha:0.50059[MOE_TRACE] Group:2 Prob:0.81913 Alpha:0.50098

[MOE_TRACE] Group:1 Prob:0.33740 Alpha:0.50242
[MOE_TRACE] Group:2 Prob:0.81913 Alpha:0.50098
[MOE_TRACE] Group:0 Prob:0.82048 Alpha:0.50059
[MOE_TRACE] Group:2 Prob:0.82149 Alpha:0.50098
[MOE_TRACE] Group:0 Prob:0.82048 Alpha:0.50059
[MOE_TRACE] Group:1 Prob:0.33641 Alpha:0.50242
[MOE_TRACE] Group:2 Prob:0.82195 Alpha:0.50098
[MOE_TRACE] Group:0 Prob:0.82048 Alpha:0.50059
[MOE_TRACE] Group:1 Prob:0.33641 Alpha:0.50242
[MOE_TRACE] Group:2 Prob:0.82195 Alpha:0.50098
[MOE_TRACE] Group:0 Prob:0.82048 Alpha:0.50059
[MOE_TRACE] Group:1 Prob:0.33641 Alpha:0.50242
[MOE_TRACE] Group:2 Prob:0.82195 Alpha:0.50098
[MOE_TRACE] Group:0 Prob:0.83754 Alpha:0.50059
[MOE_TRACE] Group:1 Prob:0.35343 Alpha:0.50242
[MOE_TRACE] Group:2 Prob:0.82008 Alpha:0.50098
[MOE_TRACE] Group:0 Prob:0.83754 Alpha:0.50059
[MOE_TRACE] Group:1 Prob:0.35343 Alpha:0.50242
[MOE_TRACE] Group:2 Prob:0.82008 Alpha:0.50098
[MOE_TRACE] Group:0 Prob:0.83754 Alpha:0.50059
[MOE_TRACE] Group:1 Prob:0.35343 Alpha:0.50242
[MOE_TRACE] Group:2 Prob:0.82008 Alpha:0.50098
[MOE_TRACE] Group:0 Prob:0.83754 Alpha:0.50059
[MOE_TRACE] Group:1 Prob:0.35343 Alpha:0.50242
[MOE_TRACE] Group:2 Prob:0.82008 Alpha:0.50098
[MOE_TRACE] Group:0 Prob:0.81718 Alpha:0.50059
[MOE_TRACE] Group:1 Prob:0.34983 Alpha:0.50242
[MOE_TRACE] Group:2 Prob:0.82201 Alpha:0.50098
[MOE_TRACE] Group:0 Prob:0.81718 Alpha:0.50059
[MOE_TRACE] Group:1 Prob:0.34983 Alpha:0.50242
[MOE_TRACE] Group:2 Prob:0.82201 Alpha:0.50098
[MOE_TRACE] Group:0 Prob:0.81718 Alpha:0.50059
[MOE_TRACE] Group:1 Prob:0.34983 Alpha:0.50242
[MOE_TRACE] Group:2 Prob:0.82201 Alpha:0.50098
[MOE_TRACE] Group:0 Prob:0.82242 Alpha:0.50059
[MOE_TRACE] Group:1 Prob:0.34758 Alpha:0.50242
[MOE_TRACE] Group:2 Prob:0.82096 Alpha:0.50098
[MOE_TRACE] Group:0 Prob:0.82242 Alpha:0.50059
[MOE_TRACE] Group:1 Prob:0.34758 Alpha:0.50242
[MOE_TRACE] Group:2 Prob:0.82096 Alpha:0.50098
[MOE_TRACE] Group:0 Prob:0.82242 Alpha:0.50059
[MOE_TRACE] Group:1 Prob:0.34758 Alpha:0.50242
[MOE_TRACE] Group:2 Prob:0.82096 Alpha:0.50098
[MOE_TRACE] Group:0 Prob:0.82242 Alpha:0.50059
[MOE_TRACE] Group:1 Prob:0.34758 Alpha:0.50242
[MOE_TRACE] Group:2 Prob:0.82096 Alpha:0.50098
[MOE_TRACE] Group:0 Prob:0.83500 Alpha:0.50059
[MOE_TRACE] Group:0 Prob:0.83500 Alpha:0.50059
[MOE_TRACE] Group:1 Prob:0.34737 Alpha:0.50242
[MOE_TRACE] Group:1 Prob:0.34737 Alpha:0.50242
[MOE_TRACE] Group:0 Prob:0.83500 Alpha:0.50059
[MOE_TRACE] Group:2 Prob:0.81591 Alpha:0.50098
[MOE_TRACE] Group:2 Prob:0.81591 Alpha:0.50098
[MOE_TRACE] Group:1 Prob:0.34737 Alpha:0.50242
[MOE_TRACE] Group:2 Prob:0.81591 Alpha:0.50098
[MOE_TRACE] Group:0 Prob:0.83500 Alpha:0.50059
[MOE_TRACE] Group:1 Prob:0.34737 Alpha:0.50242
[MOE_TRACE] Group:2 Prob:0.81591 Alpha:0.50098
[MOE_TRACE] Group:0 Prob:0.82011 Alpha:0.50059
[MOE_TRACE] Group:1 Prob:0.34099 Alpha:0.50242
[MOE_TRACE] Group:2 Prob:0.82293 Alpha:0.50098
[MOE_TRACE] Group:0 Prob:0.82011 Alpha:0.50059
[MOE_TRACE] Group:1 Prob:0.34099 Alpha:0.50242
[MOE_TRACE] Group:2 Prob:0.82293 Alpha:0.50098
[MOE_TRACE] Group:0 Prob:0.82011 Alpha:0.50059
[MOE_TRACE] Group:1 Prob:0.34099 Alpha:0.50242
[MOE_TRACE] Group:2 Prob:0.82293 Alpha:0.50098
[MOE_TRACE] Group:0 Prob:0.82011 Alpha:0.50059
[MOE_TRACE] Group:1 Prob:0.34099 Alpha:0.50242
[MOE_TRACE] Group:2 Prob:0.82293 Alpha:0.50098
[MOE_TRACE] Group:2 Prob:0.82139 Alpha:0.50098
[MOE_TRACE] Group:2 Prob:0.82139 Alpha:0.50098
[MOE_TRACE] Group:2 Prob:0.82139 Alpha:0.50098
[MOE_TRACE] Group:0 Prob:0.82139 Alpha:0.50059
[MOE_TRACE] Group:1 Prob:0.35005 Alpha:0.50242
[MOE_TRACE] Group:2 Prob:0.82224 Alpha:0.50098
[MOE_TRACE] Group:0 Prob:0.83886 Alpha:0.50059
[MOE_TRACE] Group:1 Prob:0.34535 Alpha:0.50242
[MOE_TRACE] Group:2 Prob:0.81710 Alpha:0.50098
[MOE_TRACE] Group:0 Prob:0.83886 Alpha:0.50059
[MOE_TRACE] Group:1 Prob:0.34535 Alpha:0.50242
[MOE_TRACE] Group:2 Prob:0.81710 Alpha:0.50098
[MOE_TRACE] Group:0 Prob:0.83886 Alpha:0.50059
[MOE_TRACE] Group:1 Prob:0.34535 Alpha:0.50242
[MOE_TRACE] Group:2 Prob:0.81710 Alpha:0.50098
[MOE_TRACE] Group:0 Prob:0.83886 Alpha:0.50059
[MOE_TRACE] Group:1 Prob:0.34535 Alpha:0.50242
[MOE_TRACE] Group:2 Prob:0.81710 Alpha:0.50098
[MOE_TRACE] Group:0 Prob:0.83352 Alpha:0.50059
[MOE_TRACE] Group:1 Prob:0.34893 Alpha:0.50242
[MOE_TRACE] Group:0 Prob:0.83352 Alpha:0.50059
[MOE_TRACE] Group:2 Prob:0.81565 Alpha:0.50098
[MOE_TRACE] Group:1 Prob:0.34893 Alpha:0.50242
[MOE_TRACE] Group:2 Prob:0.82802 Alpha:0.50098
[MOE_TRACE] Group:0 Prob:0.83352 Alpha:0.50059
[MOE_TRACE] Group:1 Prob:0.34893 Alpha:0.50242
[MOE_TRACE] Group:2 Prob:0.82802 Alpha:0.50098
[MOE_TRACE] Group:0 Prob:0.83352 Alpha:0.50059
[MOE_TRACE] Group:1 Prob:0.34893 Alpha:0.50242
[MOE_TRACE] Group:2 Prob:0.82802 Alpha:0.50098
[MOE_TRACE] Group:1 Prob:0.35907 Alpha:0.50242
[MOE_TRACE] Group:0 Prob:0.82204 Alpha:0.50059
[MOE_TRACE] Group:1 Prob:0.34057 Alpha:0.50242
[MOE_TRACE] Group:2 Prob:0.82107 Alpha:0.50098
[MOE_TRACE] Group:0 Prob:0.82204 Alpha:0.50059
[MOE_TRACE] Group:1 Prob:0.34057 Alpha:0.50242
[MOE_TRACE] Group:2 Prob:0.82107 Alpha:0.50098
[MOE_TRACE] Group:0 Prob:0.82204 Alpha:0.50059
[MOE_TRACE] Group:1 Prob:0.34057 Alpha:0.50242
[MOE_TRACE] Group:2 Prob:0.82107 Alpha:0.50098
[MOE_TRACE] Group:0 Prob:0.82688 Alpha:0.50059
[MOE_TRACE] Group:1 Prob:0.33674 Alpha:0.50242
[MOE_TRACE] Group:2 Prob:0.82249 Alpha:0.50098
[MOE_TRACE] Group:0 Prob:0.82688 Alpha:0.50059
[MOE_TRACE] Group:1 Prob:0.33674 Alpha:0.50242
[MOE_TRACE] Group:2 Prob:0.82249 Alpha:0.50098
[MOE_TRACE] Group:0 Prob:0.82688 Alpha:0.50059
[MOE_TRACE] Group:1 Prob:0.33674 Alpha:0.50242
[MOE_TRACE] Group:2 Prob:0.82249 Alpha:0.50098
[MOE_TRACE] Group:0 Prob:0.82688 Alpha:0.50059
[MOE_TRACE] Group:1 Prob:0.33674 Alpha:0.50242
[MOE_TRACE] Group:2 Prob:0.82249 Alpha:0.50098
[MOE_TRACE] Group:0 Prob:0.82434 Alpha:0.50059
[MOE_TRACE] Group:1 Prob:0.33782 Alpha:0.50242
[MOE_TRACE] Group:2 Prob:0.82328 Alpha:0.50098
[MOE_TRACE] Group:0 Prob:0.82434 Alpha:0.50059
[MOE_TRACE] Group:1 Prob:0.33782 Alpha:0.50242
[MOE_TRACE] Group:2 Prob:0.82328 Alpha:0.50098
[MOE_TRACE] Group:0 Prob:0.82434 Alpha:0.50059
[MOE_TRACE] Group:1 Prob:0.33782 Alpha:0.50242
[MOE_TRACE] Group:2 Prob:0.82028 Alpha:0.50098
[MOE_TRACE] Group:0 Prob:0.82434 Alpha:0.50059
[MOE_TRACE] Group:1 Prob:0.33782 Alpha:0.50242
[MOE_TRACE] Group:2 Prob:0.82028 Alpha:0.50098
[MOE_TRACE] Group:0 Prob:0.82061 Alpha:0.50059
[MOE_TRACE] Group:1 Prob:0.33750 Alpha:0.50242
[MOE_TRACE] Group:2 Prob:0.82049 Alpha:0.50098
[MOE_TRACE] Group:0 Prob:0.82061 Alpha:0.50059
[MOE_TRACE] Group:1 Prob:0.33750 Alpha:0.50242
[MOE_TRACE] Group:2 Prob:0.82049 Alpha:0.50098
[MOE_TRACE] Group:0 Prob:0.82061 Alpha:0.50059
[MOE_TRACE] Group:1 Prob:0.33750 Alpha:0.50242
[MOE_TRACE] Group:2 Prob:0.82049 Alpha:0.50098
[MOE_TRACE] Group:0 Prob:0.82061 Alpha:0.50059
[MOE_TRACE] Group:1 Prob:0.33750 Alpha:0.50242
[MOE_TRACE] Group:2 Prob:0.82049 Alpha:0.50098
[MOE_TRACE] Group:0 Prob:0.83875 Alpha:0.50059
[MOE_TRACE] Group:0 Prob:0.83875 Alpha:0.50059
[MOE_TRACE] Group:1 Prob:0.34524 Alpha:0.50242
[MOE_TRACE] Group:1 Prob:0.34524 Alpha:0.50242
[MOE_TRACE] Group:2 Prob:0.82847 Alpha:0.50098
[MOE_TRACE] Group:2 Prob:0.82847 Alpha:0.50098
[MOE_TRACE] Group:0 Prob:0.83875 Alpha:0.50059
[MOE_TRACE] Group:1 Prob:0.34524 Alpha:0.50242
[MOE_TRACE] Group:2 Prob:0.82847 Alpha:0.50098
[MOE_TRACE] Group:0 Prob:0.83875 Alpha:0.50059
[MOE_TRACE] Group:1 Prob:0.34524 Alpha:0.50242
[MOE_TRACE] Group:2 Prob:0.82847 Alpha:0.50098
[MOE_TRACE] Group:0 Prob:0.82781 Alpha:0.50059
[MOE_TRACE] Group:1 Prob:0.35009 Alpha:0.50242
[MOE_TRACE] Group:2 Prob:0.82467 Alpha:0.50098
[MOE_TRACE] Group:0 Prob:0.82781 Alpha:0.50059
[MOE_TRACE] Group:0 Prob:0.82781 Alpha:0.50059
[MOE_TRACE] Group:1 Prob:0.35009 Alpha:0.50242
[MOE_TRACE] Group:1 Prob:0.35009 Alpha:0.50242
[MOE_TRACE] Group:2 Prob:0.82467 Alpha:0.50098
[MOE_TRACE] Group:2 Prob:0.82467 Alpha:0.50098
[MOE_TRACE] Group:0 Prob:0.82781 Alpha:0.50059
[MOE_TRACE] Group:1 Prob:0.35009 Alpha:0.50242
[MOE_TRACE] Group:2 Prob:0.82467 Alpha:0.50098
[MOE_TRACE] Group:0 Prob:0.82198 Alpha:0.50059
[MOE_TRACE] Group:1 Prob:0.34553 Alpha:0.50242
[MOE_TRACE] Group:2 Prob:0.82233 Alpha:0.50098
[MOE_TRACE] Group:0 Prob:0.82198 Alpha:0.50059
[MOE_TRACE] Group:1 Prob:0.34553 Alpha:0.50242
[MOE_TRACE] Group:2 Prob:0.82233 Alpha:0.50098
[MOE_TRACE] Group:0 Prob:0.82198 Alpha:0.50059
[MOE_TRACE] Group:1 Prob:0.34553 Alpha:0.50242
[MOE_TRACE] Group:2 Prob:0.82233 Alpha:0.50098
[MOE_TRACE] Group:0 Prob:0.82198 Alpha:0.50059
[MOE_TRACE] Group:1 Prob:0.34553 Alpha:0.50242
[MOE_TRACE] Group:2 Prob:0.82233 Alpha:0.50098
[MOE_TRACE] Group:0 Prob:0.82131 Alpha:0.50059
[MOE_TRACE] Group:1 Prob:0.34732 Alpha:0.50242
[MOE_TRACE] Group:2 Prob:0.81891 Alpha:0.50098
[MOE_TRACE] Group:0 Prob:0.82131 Alpha:0.50059
[MOE_TRACE] Group:1 Prob:0.34732 Alpha:0.50242
[MOE_TRACE] Group:2 Prob:0.81891 Alpha:0.50098
[MOE_TRACE] Group:0 Prob:0.82131 Alpha:0.50059
[MOE_TRACE] Group:1 Prob:0.34732 Alpha:0.50242
[MOE_TRACE] Group:2 Prob:0.81891 Alpha:0.50098
[MOE_TRACE] Group:0 Prob:0.82131 Alpha:0.50059
[MOE_TRACE] Group:1 Prob:0.34732 Alpha:0.50242
[MOE_TRACE] Group:2 Prob:0.81891 Alpha:0.50098
[MOE_TRACE] Group:0 Prob:0.81238 Alpha:0.50059
[MOE_TRACE] Group:0 Prob:0.81238 Alpha:0.50059
[MOE_TRACE] Group:1 Prob:0.35732 Alpha:0.50242
[MOE_TRACE] Group:1 Prob:0.35732 Alpha:0.50242
[MOE_TRACE] Group:2 Prob:0.81642 Alpha:0.50098
[MOE_TRACE] Group:2 Prob:0.81642 Alpha:0.50098
[MOE_TRACE] Group:0 Prob:0.81238 Alpha:0.50059
[MOE_TRACE] Group:1 Prob:0.35732 Alpha:0.50242
[MOE_TRACE] Group:2 Prob:0.81642 Alpha:0.50098
[MOE_TRACE] Group:0 Prob:0.81238 Alpha:0.50059
[MOE_TRACE] Group:1 Prob:0.35732 Alpha:0.50242
[MOE_TRACE] Group:2 Prob:0.81642 Alpha:0.50098
[MOE_TRACE] Group:0 Prob:0.83129 Alpha:0.50059
[MOE_TRACE] Group:1 Prob:0.34768 Alpha:0.50242
[MOE_TRACE] Group:2 Prob:0.82406 Alpha:0.50098
[MOE_TRACE] Group:0 Prob:0.83129 Alpha:0.50059
[MOE_TRACE] Group:1 Prob:0.34768 Alpha:0.50242
[MOE_TRACE] Group:2 Prob:0.81452 Alpha:0.50098
[MOE_TRACE] Group:0 Prob:0.83129 Alpha:0.50059
[MOE_TRACE] Group:1 Prob:0.34768 Alpha:0.50242
[MOE_TRACE] Group:2 Prob:0.81452 Alpha:0.50098
[MOE_TRACE] Group:0 Prob:0.83129 Alpha:0.50059
[MOE_TRACE] Group:1 Prob:0.34768 Alpha:0.50242
[MOE_TRACE] Group:2 Prob:0.81452 Alpha:0.50098
[MOE_TRACE] Group:0 Prob:0.83220 Alpha:0.50059
[MOE_TRACE] Group:1 Prob:0.34037 Alpha:0.50242
[MOE_TRACE] Group:0 Prob:0.83220 Alpha:0.50059
[MOE_TRACE] Group:1 Prob:0.34037 Alpha:0.50242
[MOE_TRACE] Group:2 Prob:0.81995 Alpha:0.50098
[MOE_TRACE] Group:0 Prob:0.83220 Alpha:0.50059
[MOE_TRACE] Group:2 Prob:0.81995 Alpha:0.50098
[MOE_TRACE] Group:1 Prob:0.34037 Alpha:0.50242
[MOE_TRACE] Group:2 Prob:0.81995 Alpha:0.50098
[MOE_TRACE] Group:0 Prob:0.83220 Alpha:0.50059
[MOE_TRACE] Group:1 Prob:0.34037 Alpha:0.50242
[MOE_TRACE] Group:2 Prob:0.81877 Alpha:0.50098
[MOE_TRACE] Group:0 Prob:0.82950 Alpha:0.50059
[MOE_TRACE] Group:1 Prob:0.35294 Alpha:0.50242
[MOE_TRACE] Group:2 Prob:0.81894 Alpha:0.50098
[MOE_TRACE] Group:0 Prob:0.82950 Alpha:0.50059
[MOE_TRACE] Group:1 Prob:0.35294 Alpha:0.50242
[MOE_TRACE] Group:2 Prob:0.81894 Alpha:0.50098
[MOE_TRACE] Group:0 Prob:0.82950 Alpha:0.50059
[MOE_TRACE] Group:1 Prob:0.35294 Alpha:0.50242
[MOE_TRACE] Group:2 Prob:0.81894 Alpha:0.50098
[MOE_TRACE] Group:0 Prob:0.82950 Alpha:0.50059
[MOE_TRACE] Group:1 Prob:0.35294 Alpha:0.50242
[MOE_TRACE] Group:2 Prob:0.81894 Alpha:0.50098
[MOE_TRACE] Group:0 Prob:0.82678 Alpha:0.50059
[MOE_TRACE] Group:1 Prob:0.34452 Alpha:0.50242
[MOE_TRACE] Group:2 Prob:0.82329 Alpha:0.50098
[MOE_TRACE] Group:0 Prob:0.82678 Alpha:0.50059
[MOE_TRACE] Group:1 Prob:0.34452 Alpha:0.50242
[MOE_TRACE] Group:2 Prob:0.82218 Alpha:0.50098
[MOE_TRACE] Group:0 Prob:0.82678 Alpha:0.50059
[MOE_TRACE] Group:1 Prob:0.34452 Alpha:0.50242
[MOE_TRACE] Group:2 Prob:0.82218 Alpha:0.50098
[MOE_TRACE] Group:0 Prob:0.82678 Alpha:0.50059
[MOE_TRACE] Group:1 Prob:0.34452 Alpha:0.50242
[MOE_TRACE] Group:2 Prob:0.82218 Alpha:0.50098
[MOE_TRACE] Group:0 Prob:0.83502 Alpha:0.50059
[MOE_TRACE] Group:1 Prob:0.33384 Alpha:0.50242
[MOE_TRACE] Group:2 Prob:0.82644 Alpha:0.50098
[MOE_TRACE] Group:0 Prob:0.83502 Alpha:0.50059
[MOE_TRACE] Group:1 Prob:0.33384 Alpha:0.50242
[MOE_TRACE] Group:2 Prob:0.81986 Alpha:0.50098
[MOE_TRACE] Group:0 Prob:0.83502 Alpha:0.50059
[MOE_TRACE] Group:1 Prob:0.33384 Alpha:0.50242
[MOE_TRACE] Group:2 Prob:0.81986 Alpha:0.50098
[MOE_TRACE] Group:0 Prob:0.83502 Alpha:0.50059
[MOE_TRACE] Group:1 Prob:0.33384 Alpha:0.50242
[MOE_TRACE] Group:2 Prob:0.81986 Alpha:0.50098
[MOE_TRACE] Group:0 Prob:0.82823 Alpha:0.50059[MOE_TRACE] Group:0 Prob:0.82823 Alpha:0.50059

[MOE_TRACE] Group:1 Prob:0.34465 Alpha:0.50242
[MOE_TRACE] Group:1 Prob:0.34465 Alpha:0.50242
[MOE_TRACE] Group:2 Prob:0.81994 Alpha:0.50098
[MOE_TRACE] Group:2 Prob:0.81994 Alpha:0.50098
[MOE_TRACE] Group:0 Prob:0.82823 Alpha:0.50059
[MOE_TRACE] Group:1 Prob:0.34465 Alpha:0.50242
[MOE_TRACE] Group:2 Prob:0.81994 Alpha:0.50098
[MOE_TRACE] Group:0 Prob:0.82823 Alpha:0.50059
[MOE_TRACE] Group:1 Prob:0.34465 Alpha:0.50242
[MOE_TRACE] Group:2 Prob:0.81994 Alpha:0.50098
[MOE_TRACE] Group:0 Prob:0.81529 Alpha:0.50059
[MOE_TRACE] Group:1 Prob:0.33989 Alpha:0.50242
[MOE_TRACE] Group:2 Prob:0.81851 Alpha:0.50098
[MOE_TRACE] Group:0 Prob:0.81529 Alpha:0.50059
[MOE_TRACE] Group:1 Prob:0.33989 Alpha:0.50242
[MOE_TRACE] Group:0 Prob:0.81529 Alpha:0.50059
[MOE_TRACE] Group:2 Prob:0.81851 Alpha:0.50098
[MOE_TRACE] Group:1 Prob:0.33989 Alpha:0.50242
[MOE_TRACE] Group:2 Prob:0.82032 Alpha:0.50098
[MOE_TRACE] Group:0 Prob:0.81529 Alpha:0.50059
[MOE_TRACE] Group:1 Prob:0.33989 Alpha:0.50242
[MOE_TRACE] Group:2 Prob:0.82032 Alpha:0.50098
[MOE_TRACE] Group:0 Prob:0.81009 Alpha:0.50059
[MOE_TRACE] Group:1 Prob:0.33657 Alpha:0.50242
[MOE_TRACE] Group:2 Prob:0.82124 Alpha:0.50098
[MOE_TRACE] Group:0 Prob:0.81009 Alpha:0.50059
[MOE_TRACE] Group:1 Prob:0.33657 Alpha:0.50242
[MOE_TRACE] Group:2 Prob:0.82124 Alpha:0.50098
[MOE_TRACE] Group:0 Prob:0.81009 Alpha:0.50059
[MOE_TRACE] Group:1 Prob:0.33657 Alpha:0.50242
[MOE_TRACE] Group:2 Prob:0.82124 Alpha:0.50098
[MOE_TRACE] Group:0 Prob:0.81009 Alpha:0.50059
[MOE_TRACE] Group:1 Prob:0.33657 Alpha:0.50242
[MOE_TRACE] Group:2 Prob:0.82124 Alpha:0.50098
[MOE_TRACE] Group:0 Prob:0.81912 Alpha:0.50059
[MOE_TRACE] Group:1 Prob:0.34261 Alpha:0.50242
[MOE_TRACE] Group:2 Prob:0.81407 Alpha:0.50098
[MOE_TRACE] Group:0 Prob:0.81912 Alpha:0.50059
[MOE_TRACE] Group:1 Prob:0.34261 Alpha:0.50242
[MOE_TRACE] Group:0 Prob:0.81912 Alpha:0.50059
[MOE_TRACE] Group:2 Prob:0.81407 Alpha:0.50098
[MOE_TRACE] Group:1 Prob:0.34261 Alpha:0.50242
[MOE_TRACE] Group:2 Prob:0.81407 Alpha:0.50098
[MOE_TRACE] Group:0 Prob:0.81912 Alpha:0.50059
[MOE_TRACE] Group:1 Prob:0.34261 Alpha:0.50242
[MOE_TRACE] Group:2 Prob:0.81407 Alpha:0.50098
[MOE_TRACE] Group:0 Prob:0.81778 Alpha:0.50059
[MOE_TRACE] Group:1 Prob:0.33166 Alpha:0.50242
[MOE_TRACE] Group:0 Prob:0.81778 Alpha:0.50059
[MOE_TRACE] Group:1 Prob:0.33166 Alpha:0.50242
[MOE_TRACE] Group:0 Prob:0.81778 Alpha:0.50059
[MOE_TRACE] Group:2 Prob:0.82225 Alpha:0.50098
[MOE_TRACE] Group:2 Prob:0.82225 Alpha:0.50098
[MOE_TRACE] Group:1 Prob:0.33166 Alpha:0.50242
[MOE_TRACE] Group:2 Prob:0.82420 Alpha:0.50098
[MOE_TRACE] Group:0 Prob:0.81778 Alpha:0.50059
[MOE_TRACE] Group:1 Prob:0.33166 Alpha:0.50242
[MOE_TRACE] Group:2 Prob:0.82420 Alpha:0.50098
[MOE_TRACE] Group:0 Prob:0.81730 Alpha:0.50059
[MOE_TRACE] Group:1 Prob:0.35434 Alpha:0.50242
[MOE_TRACE] Group:2 Prob:0.82458 Alpha:0.50098
[MOE_TRACE] Group:0 Prob:0.81730 Alpha:0.50059
[MOE_TRACE] Group:1 Prob:0.35434 Alpha:0.50242
[MOE_TRACE] Group:2 Prob:0.82458 Alpha:0.50098
[MOE_TRACE] Group:0 Prob:0.81730 Alpha:0.50059
[MOE_TRACE] Group:1 Prob:0.35434 Alpha:0.50242
[MOE_TRACE] Group:2 Prob:0.82458 Alpha:0.50098
[MOE_TRACE] Group:0 Prob:0.81730 Alpha:0.50059
[MOE_TRACE] Group:1 Prob:0.35434 Alpha:0.50242
[MOE_TRACE] Group:2 Prob:0.82458 Alpha:0.50098
[MOE_TRACE] Group:0 Prob:0.81621 Alpha:0.50059
[MOE_TRACE] Group:1 Prob:0.33429 Alpha:0.50242
[MOE_TRACE] Group:0 Prob:0.81621 Alpha:0.50059
[MOE_TRACE] Group:1 Prob:0.33429 Alpha:0.50242
[MOE_TRACE] Group:2 Prob:0.81690 Alpha:0.50098
[MOE_TRACE] Group:0 Prob:0.81621 Alpha:0.50059
[MOE_TRACE] Group:2 Prob:0.81690 Alpha:0.50098
[MOE_TRACE] Group:1 Prob:0.33429 Alpha:0.50242
[MOE_TRACE] Group:2 Prob:0.81690 Alpha:0.50098
[MOE_TRACE] Group:0 Prob:0.81621 Alpha:0.50059
[MOE_TRACE] Group:1 Prob:0.33429 Alpha:0.50242
[MOE_TRACE] Group:2 Prob:0.82153 Alpha:0.50098
[MOE_TRACE] Group:0 Prob:0.81950 Alpha:0.50059
[MOE_TRACE] Group:1 Prob:0.34431 Alpha:0.50242
[MOE_TRACE] Group:2 Prob:0.82056 Alpha:0.50098
[MOE_TRACE] Group:0 Prob:0.81950 Alpha:0.50059
[MOE_TRACE] Group:1 Prob:0.34431 Alpha:0.50242
[MOE_TRACE] Group:2 Prob:0.82056 Alpha:0.50098
[MOE_TRACE] Group:0 Prob:0.81950 Alpha:0.50059
[MOE_TRACE] Group:1 Prob:0.34431 Alpha:0.50242
[MOE_TRACE] Group:2 Prob:0.82056 Alpha:0.50098
[MOE_TRACE] Group:0 Prob:0.81950 Alpha:0.50059
[MOE_TRACE] Group:1 Prob:0.34431 Alpha:0.50242
[MOE_TRACE] Group:2 Prob:0.82056 Alpha:0.50098
[MOE_TRACE] Group:0 Prob:0.82363 Alpha:0.50059
[MOE_TRACE] Group:1 Prob:0.33898 Alpha:0.50242
[MOE_TRACE] Group:2 Prob:0.81440 Alpha:0.50098
[MOE_TRACE] Group:0 Prob:0.82363 Alpha:0.50059
[MOE_TRACE] Group:0 Prob:0.82363 Alpha:0.50059
[MOE_TRACE] Group:1 Prob:0.33898 Alpha:0.50242
[MOE_TRACE] Group:1 Prob:0.33898 Alpha:0.50242
[MOE_TRACE] Group:2 Prob:0.81440 Alpha:0.50098
[MOE_TRACE] Group:2 Prob:0.81440 Alpha:0.50098
[MOE_TRACE] Group:0 Prob:0.82363 Alpha:0.50059
[MOE_TRACE] Group:1 Prob:0.33898 Alpha:0.50242
[MOE_TRACE] Group:2 Prob:0.81440 Alpha:0.50098
[MOE_TRACE] Group:0 Prob:0.81597 Alpha:0.50059
[MOE_TRACE] Group:1 Prob:0.33928 Alpha:0.50242
[MOE_TRACE] Group:2 Prob:0.82405 Alpha:0.50098
[MOE_TRACE] Group:0 Prob:0.81597 Alpha:0.50059
[MOE_TRACE] Group:1 Prob:0.33928 Alpha:0.50242
[MOE_TRACE] Group:2 Prob:0.82405 Alpha:0.50098
[MOE_TRACE] Group:0 Prob:0.81597 Alpha:0.50059
[MOE_TRACE] Group:1 Prob:0.33928 Alpha:0.50242
[MOE_TRACE] Group:2 Prob:0.82405 Alpha:0.50098
[MOE_TRACE] Group:0 Prob:0.81597 Alpha:0.50059
[MOE_TRACE] Group:1 Prob:0.33928 Alpha:0.50242
[MOE_TRACE] Group:2 Prob:0.82405 Alpha:0.50098
[MOE_TRACE] Group:0 Prob:0.81434 Alpha:0.50059
[MOE_TRACE] Group:1 Prob:0.34861 Alpha:0.50242
[MOE_TRACE] Group:0 Prob:0.81434 Alpha:0.50059
[MOE_TRACE] Group:2 Prob:0.81801 Alpha:0.50098
[MOE_TRACE] Group:1 Prob:0.34861 Alpha:0.50242
[MOE_TRACE] Group:2 Prob:0.81801 Alpha:0.50098
[MOE_TRACE] Group:0 Prob:0.81434 Alpha:0.50059
[MOE_TRACE] Group:1 Prob:0.34861 Alpha:0.50242
[MOE_TRACE] Group:2 Prob:0.81801 Alpha:0.50098
[MOE_TRACE] Group:0 Prob:0.81434 Alpha:0.50059
[MOE_TRACE] Group:1 Prob:0.34861 Alpha:0.50242
[MOE_TRACE] Group:2 Prob:0.81801 Alpha:0.50098
[MOE_TRACE] Group:0 Prob:0.83204 Alpha:0.50059
[MOE_TRACE] Group:0 Prob:0.83204 Alpha:0.50059
[MOE_TRACE] Group:1 Prob:0.35271 Alpha:0.50242
[MOE_TRACE] Group:1 Prob:0.35271 Alpha:0.50242
[MOE_TRACE] Group:2 Prob:0.82484 Alpha:0.50098
[MOE_TRACE] Group:2 Prob:0.82484 Alpha:0.50098
[MOE_TRACE] Group:0 Prob:0.83204 Alpha:0.50059
[MOE_TRACE] Group:1 Prob:0.35271 Alpha:0.50242
[MOE_TRACE] Group:2 Prob:0.82484 Alpha:0.50098
[MOE_TRACE] Group:0 Prob:0.83204 Alpha:0.50059
[MOE_TRACE] Group:1 Prob:0.35271 Alpha:0.50242
[MOE_TRACE] Group:2 Prob:0.82484 Alpha:0.50098
[MOE_TRACE] Group:0 Prob:0.83969 Alpha:0.50059
[MOE_TRACE] Group:1 Prob:0.35430 Alpha:0.50242
[MOE_TRACE] Group:2 Prob:0.83109 Alpha:0.50098
[MOE_TRACE] Group:0 Prob:0.83969 Alpha:0.50059
[MOE_TRACE] Group:1 Prob:0.35430 Alpha:0.50242
[MOE_TRACE] Group:2 Prob:0.82017 Alpha:0.50098
[MOE_TRACE] Group:0 Prob:0.83969 Alpha:0.50059
[MOE_TRACE] Group:1 Prob:0.35430 Alpha:0.50242
[MOE_TRACE] Group:2 Prob:0.82017 Alpha:0.50098
[MOE_TRACE] Group:0 Prob:0.83969 Alpha:0.50059
[MOE_TRACE] Group:1 Prob:0.35430 Alpha:0.50242
[MOE_TRACE] Group:2 Prob:0.82017 Alpha:0.50098
[MOE_TRACE] Group:0 Prob:0.81880 Alpha:0.50059
[MOE_TRACE] Group:1 Prob:0.35301 Alpha:0.50242
[MOE_TRACE] Group:0 Prob:0.81880 Alpha:0.50059
[MOE_TRACE] Group:2 Prob:0.81810 Alpha:0.50098
[MOE_TRACE] Group:1 Prob:0.35301 Alpha:0.50242
[MOE_TRACE] Group:2 Prob:0.81810 Alpha:0.50098
[MOE_TRACE] Group:0 Prob:0.81880 Alpha:0.50059
[MOE_TRACE] Group:1 Prob:0.35301 Alpha:0.50242
[MOE_TRACE] Group:2 Prob:0.81810 Alpha:0.50098
[MOE_TRACE] Group:0 Prob:0.81880 Alpha:0.50059
[MOE_TRACE] Group:1 Prob:0.35301 Alpha:0.50242
[MOE_TRACE] Group:2 Prob:0.81810 Alpha:0.50098
[MOE_TRACE] Group:0 Prob:0.81684 Alpha:0.50059
[MOE_TRACE] Group:1 Prob:0.33858 Alpha:0.50242
[MOE_TRACE] Group:2 Prob:0.81942 Alpha:0.50098
[MOE_TRACE] Group:0 Prob:0.81684 Alpha:0.50059
[MOE_TRACE] Group:1 Prob:0.33858 Alpha:0.50242
[MOE_TRACE] Group:2 Prob:0.81355 Alpha:0.50098
[MOE_TRACE] Group:0 Prob:0.81684 Alpha:0.50059
[MOE_TRACE] Group:0 Prob:0.81684 Alpha:0.50059
[MOE_TRACE] Group:1 Prob:0.33858 Alpha:0.50242
[MOE_TRACE] Group:1 Prob:0.33858 Alpha:0.50242
[MOE_TRACE] Group:2 Prob:0.81355 Alpha:0.50098
[MOE_TRACE] Group:2 Prob:0.81355 Alpha:0.50098
[MOE_TRACE] Group:0 Prob:0.82582 Alpha:0.50059
[MOE_TRACE] Group:0 Prob:0.82582 Alpha:0.50059
[MOE_TRACE] Group:1 Prob:0.34141 Alpha:0.50242[MOE_TRACE] Group:1 Prob:0.34141 Alpha:0.50242

[MOE_TRACE] Group:2 Prob:0.81966 Alpha:0.50098
[MOE_TRACE] Group:2 Prob:0.81966 Alpha:0.50098
[MOE_TRACE] Group:0 Prob:0.82582 Alpha:0.50059
[MOE_TRACE] Group:1 Prob:0.34141 Alpha:0.50242
[MOE_TRACE] Group:2 Prob:0.81884 Alpha:0.50098
[MOE_TRACE] Group:0 Prob:0.82582 Alpha:0.50059
[MOE_TRACE] Group:1 Prob:0.34141 Alpha:0.50242
[MOE_TRACE] Group:2 Prob:0.81884 Alpha:0.50098
[MOE_TRACE] Group:0 Prob:0.82701 Alpha:0.50059
[MOE_TRACE] Group:1 Prob:0.35568 Alpha:0.50242
[MOE_TRACE] Group:0 Prob:0.82701 Alpha:0.50059
[MOE_TRACE] Group:2 Prob:0.82164 Alpha:0.50098
[MOE_TRACE] Group:1 Prob:0.35568 Alpha:0.50242
[MOE_TRACE] Group:2 Prob:0.82164 Alpha:0.50098
[MOE_TRACE] Group:0 Prob:0.82701 Alpha:0.50059
[MOE_TRACE] Group:1 Prob:0.35568 Alpha:0.50242
[MOE_TRACE] Group:2 Prob:0.82164 Alpha:0.50098
[MOE_TRACE] Group:0 Prob:0.82701 Alpha:0.50059
[MOE_TRACE] Group:1 Prob:0.35568 Alpha:0.50242
[MOE_TRACE] Group:2 Prob:0.82164 Alpha:0.50098
[MOE_TRACE] Group:0 Prob:0.81761 Alpha:0.50059
[MOE_TRACE] Group:1 Prob:0.34398 Alpha:0.50242
[MOE_TRACE] Group:2 Prob:0.81436 Alpha:0.50098
[MOE_TRACE] Group:0 Prob:0.81761 Alpha:0.50059
[MOE_TRACE] Group:0 Prob:0.81761 Alpha:0.50059
[MOE_TRACE] Group:1 Prob:0.34398 Alpha:0.50242[MOE_TRACE] Group:1 Prob:0.34398 Alpha:0.50242

[MOE_TRACE] Group:2 Prob:0.81436 Alpha:0.50098
[MOE_TRACE] Group:2 Prob:0.81436 Alpha:0.50098
[MOE_TRACE] Group:0 Prob:0.81761 Alpha:0.50059
[MOE_TRACE] Group:1 Prob:0.34398 Alpha:0.50242
[MOE_TRACE] Group:2 Prob:0.81436 Alpha:0.50098
[MOE_TRACE] Group:0 Prob:0.82737 Alpha:0.50059
[MOE_TRACE] Group:1 Prob:0.35008 Alpha:0.50242
[MOE_TRACE] Group:0 Prob:0.82737 Alpha:0.50059
[MOE_TRACE] Group:2 Prob:0.82001 Alpha:0.50098
[MOE_TRACE] Group:1 Prob:0.35008 Alpha:0.50242
[MOE_TRACE] Group:2 Prob:0.82001 Alpha:0.50098
[MOE_TRACE] Group:0 Prob:0.82737 Alpha:0.50059
[MOE_TRACE] Group:1 Prob:0.35008 Alpha:0.50242
[MOE_TRACE] Group:2 Prob:0.81744 Alpha:0.50098
[MOE_TRACE] Group:0 Prob:0.82737 Alpha:0.50059
[MOE_TRACE] Group:1 Prob:0.35008 Alpha:0.50242
[MOE_TRACE] Group:2 Prob:0.81744 Alpha:0.50098
[MOE_TRACE] Group:0 Prob:0.82552 Alpha:0.50059
[MOE_TRACE] Group:1 Prob:0.33569 Alpha:0.50242
[MOE_TRACE] Group:2 Prob:0.82604 Alpha:0.50098
[MOE_TRACE] Group:0 Prob:0.82552 Alpha:0.50059
[MOE_TRACE] Group:1 Prob:0.33569 Alpha:0.50242
[MOE_TRACE] Group:2 Prob:0.82277 Alpha:0.50098
[MOE_TRACE] Group:0 Prob:0.82552 Alpha:0.50059
[MOE_TRACE] Group:1 Prob:0.33569 Alpha:0.50242
[MOE_TRACE] Group:2 Prob:0.82277 Alpha:0.50098
[MOE_TRACE] Group:0 Prob:0.82552 Alpha:0.50059
[MOE_TRACE] Group:1 Prob:0.33569 Alpha:0.50242
[MOE_TRACE] Group:2 Prob:0.82277 Alpha:0.50098
[MOE_TRACE] Group:0 Prob:0.83055 Alpha:0.50059
[MOE_TRACE] Group:1 Prob:0.33532 Alpha:0.50242
[MOE_TRACE] Group:2 Prob:0.82025 Alpha:0.50098
[MOE_TRACE] Group:0 Prob:0.83055 Alpha:0.50059
[MOE_TRACE] Group:0 Prob:0.83055 Alpha:0.50059
[MOE_TRACE] Group:1 Prob:0.33532 Alpha:0.50242
[MOE_TRACE] Group:1 Prob:0.33532 Alpha:0.50242
[MOE_TRACE] Group:2 Prob:0.82025 Alpha:0.50098
[MOE_TRACE] Group:0 Prob:0.83055 Alpha:0.50059
[MOE_TRACE] Group:2 Prob:0.82025 Alpha:0.50098
[MOE_TRACE] Group:1 Prob:0.33532 Alpha:0.50242
[MOE_TRACE] Group:2 Prob:0.82025 Alpha:0.50098
[MOE_TRACE] Group:0 Prob:0.81727 Alpha:0.50059
[MOE_TRACE] Group:1 Prob:0.34992 Alpha:0.50242
[MOE_TRACE] Group:2 Prob:0.81833 Alpha:0.50098
[MOE_TRACE] Group:0 Prob:0.81727 Alpha:0.50059
[MOE_TRACE] Group:1 Prob:0.34992 Alpha:0.50242
[MOE_TRACE] Group:2 Prob:0.81833 Alpha:0.50098
[MOE_TRACE] Group:0 Prob:0.81727 Alpha:0.50059
[MOE_TRACE] Group:1 Prob:0.34992 Alpha:0.50242
[MOE_TRACE] Group:2 Prob:0.81833 Alpha:0.50098
[MOE_TRACE] Group:0 Prob:0.81727 Alpha:0.50059
[MOE_TRACE] Group:1 Prob:0.34992 Alpha:0.50242
[MOE_TRACE] Group:2 Prob:0.81833 Alpha:0.50098
[MOE_TRACE] Group:0 Prob:0.81681 Alpha:0.50059
[MOE_TRACE] Group:1 Prob:0.35590 Alpha:0.50242
[MOE_TRACE] Group:2 Prob:0.81948 Alpha:0.50098
[MOE_TRACE] Group:0 Prob:0.81681 Alpha:0.50059
[MOE_TRACE] Group:1 Prob:0.35590 Alpha:0.50242
[MOE_TRACE] Group:2 Prob:0.81948 Alpha:0.50098
[MOE_TRACE] Group:0 Prob:0.81681 Alpha:0.50059
[MOE_TRACE] Group:1 Prob:0.35590 Alpha:0.50242
[MOE_TRACE] Group:2 Prob:0.81948 Alpha:0.50098
[MOE_TRACE] Group:0 Prob:0.81681 Alpha:0.50059
[MOE_TRACE] Group:1 Prob:0.35590 Alpha:0.50242
[MOE_TRACE] Group:2 Prob:0.81948 Alpha:0.50098
[MOE_TRACE] Group:0 Prob:0.82747 Alpha:0.50059
[MOE_TRACE] Group:1 Prob:0.35566 Alpha:0.50242
[MOE_TRACE] Group:2 Prob:0.82475 Alpha:0.50098
[MOE_TRACE] Group:0 Prob:0.82747 Alpha:0.50059
[MOE_TRACE] Group:1 Prob:0.35566 Alpha:0.50242
[MOE_TRACE] Group:2 Prob:0.82287 Alpha:0.50098
[MOE_TRACE] Group:0 Prob:0.82747 Alpha:0.50059
[MOE_TRACE] Group:1 Prob:0.35566 Alpha:0.50242
[MOE_TRACE] Group:2 Prob:0.82287 Alpha:0.50098
[MOE_TRACE] Group:0 Prob:0.82747 Alpha:0.50059
[MOE_TRACE] Group:1 Prob:0.35566 Alpha:0.50242
[MOE_TRACE] Group:2 Prob:0.82287 Alpha:0.50098
[MOE_TRACE] Group:0 Prob:0.83041 Alpha:0.50059
[MOE_TRACE] Group:1 Prob:0.34884 Alpha:0.50242
[MOE_TRACE] Group:2 Prob:0.82189 Alpha:0.50098
[MOE_TRACE] Group:0 Prob:0.83041 Alpha:0.50059
[MOE_TRACE] Group:1 Prob:0.34884 Alpha:0.50242
[MOE_TRACE] Group:2 Prob:0.82189 Alpha:0.50098
[MOE_TRACE] Group:0 Prob:0.83041 Alpha:0.50059
[MOE_TRACE] Group:0 Prob:0.83041 Alpha:0.50059
[MOE_TRACE] Group:1 Prob:0.34884 Alpha:0.50242
[MOE_TRACE] Group:1 Prob:0.34884 Alpha:0.50242
[MOE_TRACE] Group:2 Prob:0.82189 Alpha:0.50098
[MOE_TRACE] Group:2 Prob:0.82189 Alpha:0.50098
[MOE_TRACE] Group:0 Prob:0.82383 Alpha:0.50059
[MOE_TRACE] Group:0 Prob:0.82383 Alpha:0.50059
[MOE_TRACE] Group:0 Prob:0.82383 Alpha:0.50059
[MOE_TRACE] Group:1 Prob:0.34913 Alpha:0.50242
[MOE_TRACE] Group:1 Prob:0.34913 Alpha:0.50242
[MOE_TRACE] Group:1 Prob:0.34913 Alpha:0.50242[MOE_TRACE] Group:2 Prob:0.81120 Alpha:0.50098

[MOE_TRACE] Group:2 Prob:0.81120 Alpha:0.50098
[MOE_TRACE] Group:2 Prob:0.81120 Alpha:0.50098
[MOE_TRACE] Group:0 Prob:0.82383 Alpha:0.50059
[MOE_TRACE] Group:1 Prob:0.34913 Alpha:0.50242
[MOE_TRACE] Group:2 Prob:0.81120 Alpha:0.50098
[MOE_TRACE] Group:0 Prob:0.83039 Alpha:0.50059
[MOE_TRACE] Group:1 Prob:0.35074 Alpha:0.50242
[MOE_TRACE] Group:0 Prob:0.83039 Alpha:0.50059[MOE_TRACE] Group:2 Prob:0.82321 Alpha:0.50098

[MOE_TRACE] Group:1 Prob:0.35074 Alpha:0.50242
[MOE_TRACE] Group:2 Prob:0.82321 Alpha:0.50098
[MOE_TRACE] Group:0 Prob:0.83039 Alpha:0.50059
[MOE_TRACE] Group:1 Prob:0.35074 Alpha:0.50242
[MOE_TRACE] Group:2 Prob:0.82321 Alpha:0.50098
[MOE_TRACE] Group:0 Prob:0.83039 Alpha:0.50059
[MOE_TRACE] Group:1 Prob:0.35074 Alpha:0.50242
[MOE_TRACE] Group:2 Prob:0.82321 Alpha:0.50098
[MOE_TRACE] Group:0 Prob:0.81572 Alpha:0.50059
[MOE_TRACE] Group:1 Prob:0.35769 Alpha:0.50242
[MOE_TRACE] Group:2 Prob:0.82279 Alpha:0.50098
[MOE_TRACE] Group:0 Prob:0.81572 Alpha:0.50059
[MOE_TRACE] Group:1 Prob:0.35769 Alpha:0.50242
[MOE_TRACE] Group:2 Prob:0.82279 Alpha:0.50098
[MOE_TRACE] Group:0 Prob:0.81572 Alpha:0.50059
[MOE_TRACE] Group:1 Prob:0.35769 Alpha:0.50242
[MOE_TRACE] Group:2 Prob:0.82279 Alpha:0.50098
[MOE_TRACE] Group:0 Prob:0.81572 Alpha:0.50059
[MOE_TRACE] Group:1 Prob:0.35769 Alpha:0.50242
[MOE_TRACE] Group:2 Prob:0.82279 Alpha:0.50098
[MOE_TRACE] Group:0 Prob:0.82012 Alpha:0.50059
[MOE_TRACE] Group:1 Prob:0.34276 Alpha:0.50242[MOE_TRACE] Group:0 Prob:0.82012 Alpha:0.50059[MOE_TRACE] Group:0 Prob:0.82012 Alpha:0.50059


[MOE_TRACE] Group:2 Prob:0.81897 Alpha:0.50098[MOE_TRACE] Group:1 Prob:0.34276 Alpha:0.50242

[MOE_TRACE] Group:1 Prob:0.34276 Alpha:0.50242
[MOE_TRACE] Group:2 Prob:0.81897 Alpha:0.50098
[MOE_TRACE] Group:2 Prob:0.81897 Alpha:0.50098
[MOE_TRACE] Group:0 Prob:0.82012 Alpha:0.50059
[MOE_TRACE] Group:1 Prob:0.34276 Alpha:0.50242
[MOE_TRACE] Group:2 Prob:0.81897 Alpha:0.50098
[MOE_TRACE] Group:0 Prob:0.82284 Alpha:0.50059
[MOE_TRACE] Group:1 Prob:0.35591 Alpha:0.50242
[MOE_TRACE] Group:2 Prob:0.81976 Alpha:0.50098
[MOE_TRACE] Group:0 Prob:0.82284 Alpha:0.50059
[MOE_TRACE] Group:1 Prob:0.35591 Alpha:0.50242
[MOE_TRACE] Group:2 Prob:0.81976 Alpha:0.50098
[MOE_TRACE] Group:0 Prob:0.82284 Alpha:0.50059
[MOE_TRACE] Group:1 Prob:0.35591 Alpha:0.50242
[MOE_TRACE] Group:2 Prob:0.81976 Alpha:0.50098
[MOE_TRACE] Group:0 Prob:0.82284 Alpha:0.50059
[MOE_TRACE] Group:1 Prob:0.35591 Alpha:0.50242
[MOE_TRACE] Group:2 Prob:0.81976 Alpha:0.50098
[MOE_TRACE] Group:0 Prob:0.82722 Alpha:0.50059
[MOE_TRACE] Group:0 Prob:0.82722 Alpha:0.50059
[MOE_TRACE] Group:1 Prob:0.34628 Alpha:0.50242
[MOE_TRACE] Group:2 Prob:0.81457 Alpha:0.50098
[MOE_TRACE] Group:0 Prob:0.82722 Alpha:0.50059[MOE_TRACE] Group:1 Prob:0.34628 Alpha:0.50242

[MOE_TRACE] Group:1 Prob:0.34628 Alpha:0.50242
[MOE_TRACE] Group:2 Prob:0.81457 Alpha:0.50098
[MOE_TRACE] Group:2 Prob:0.81457 Alpha:0.50098
[MOE_TRACE] Group:0 Prob:0.82722 Alpha:0.50059
[MOE_TRACE] Group:1 Prob:0.34628 Alpha:0.50242
[MOE_TRACE] Group:2 Prob:0.81457 Alpha:0.50098
[MOE_TRACE] Group:0 Prob:0.82538 Alpha:0.50059
[MOE_TRACE] Group:1 Prob:0.34339 Alpha:0.50242
[MOE_TRACE] Group:2 Prob:0.81269 Alpha:0.50098
[MOE_TRACE] Group:0 Prob:0.82538 Alpha:0.50059
[MOE_TRACE] Group:1 Prob:0.34339 Alpha:0.50242
[MOE_TRACE] Group:2 Prob:0.81269 Alpha:0.50098
[MOE_TRACE] Group:0 Prob:0.82538 Alpha:0.50059
[MOE_TRACE] Group:0 Prob:0.82538 Alpha:0.50059
[MOE_TRACE] Group:1 Prob:0.34339 Alpha:0.50242
[MOE_TRACE] Group:1 Prob:0.34339 Alpha:0.50242
[MOE_TRACE] Group:2 Prob:0.81269 Alpha:0.50098
[MOE_TRACE] Group:2 Prob:0.81269 Alpha:0.50098
[MOE_TRACE] Group:0 Prob:0.82161 Alpha:0.50059
[MOE_TRACE] Group:1 Prob:0.34628 Alpha:0.50242
[MOE_TRACE] Group:2 Prob:0.82056 Alpha:0.50098
[MOE_TRACE] Group:0 Prob:0.82161 Alpha:0.50059
[MOE_TRACE] Group:1 Prob:0.34628 Alpha:0.50242
[MOE_TRACE] Group:2 Prob:0.82056 Alpha:0.50098
[MOE_TRACE] Group:0 Prob:0.82161 Alpha:0.50059
[MOE_TRACE] Group:1 Prob:0.34628 Alpha:0.50242
[MOE_TRACE] Group:2 Prob:0.82056 Alpha:0.50098
[MOE_TRACE] Group:0 Prob:0.82161 Alpha:0.50059
[MOE_TRACE] Group:1 Prob:0.34628 Alpha:0.50242
[MOE_TRACE] Group:2 Prob:0.82056 Alpha:0.50098
	iters: 100, epoch: 9 | loss: 0.3262737
	speed: 4.5775s/iter; left time: 892.6118s
[MOE_TRACE] Group:0 Prob:0.82967 Alpha:0.50059
[MOE_TRACE] Group:1 Prob:0.34128 Alpha:0.50242
[MOE_TRACE] Group:2 Prob:0.81978 Alpha:0.50098
[MOE_TRACE] Group:0 Prob:0.82967 Alpha:0.50059
[MOE_TRACE] Group:1 Prob:0.34128 Alpha:0.50242
[MOE_TRACE] Group:2 Prob:0.81978 Alpha:0.50098
[MOE_TRACE] Group:0 Prob:0.82967 Alpha:0.50059
[MOE_TRACE] Group:1 Prob:0.34128 Alpha:0.50242
[MOE_TRACE] Group:2 Prob:0.81978 Alpha:0.50098
[MOE_TRACE] Group:0 Prob:0.82967 Alpha:0.50059
[MOE_TRACE] Group:1 Prob:0.34128 Alpha:0.50242
[MOE_TRACE] Group:2 Prob:0.81978 Alpha:0.50098
[MOE_TRACE] Group:0 Prob:0.82200 Alpha:0.50059
[MOE_TRACE] Group:0 Prob:0.82200 Alpha:0.50059
[MOE_TRACE] Group:1 Prob:0.33639 Alpha:0.50242
[MOE_TRACE] Group:1 Prob:0.33639 Alpha:0.50242
[MOE_TRACE] Group:2 Prob:0.81600 Alpha:0.50098
[MOE_TRACE] Group:2 Prob:0.81600 Alpha:0.50098
[MOE_TRACE] Group:0 Prob:0.82200 Alpha:0.50059
[MOE_TRACE] Group:1 Prob:0.33639 Alpha:0.50242
[MOE_TRACE] Group:2 Prob:0.82292 Alpha:0.50098
[MOE_TRACE] Group:0 Prob:0.82200 Alpha:0.50059
[MOE_TRACE] Group:1 Prob:0.33639 Alpha:0.50242
[MOE_TRACE] Group:2 Prob:0.82292 Alpha:0.50098
[MOE_TRACE] Group:0 Prob:0.81220 Alpha:0.50059
[MOE_TRACE] Group:0 Prob:0.81220 Alpha:0.50059
[MOE_TRACE] Group:1 Prob:0.33449 Alpha:0.50242
[MOE_TRACE] Group:1 Prob:0.33449 Alpha:0.50242
[MOE_TRACE] Group:2 Prob:0.81918 Alpha:0.50098
[MOE_TRACE] Group:2 Prob:0.81918 Alpha:0.50098
[MOE_TRACE] Group:0 Prob:0.81220 Alpha:0.50059
[MOE_TRACE] Group:1 Prob:0.33449 Alpha:0.50242
[MOE_TRACE] Group:2 Prob:0.81918 Alpha:0.50098
[MOE_TRACE] Group:0 Prob:0.81220 Alpha:0.50059
[MOE_TRACE] Group:1 Prob:0.33449 Alpha:0.50242
[MOE_TRACE] Group:2 Prob:0.81918 Alpha:0.50098
[MOE_TRACE] Group:0 Prob:0.81649 Alpha:0.50059
[MOE_TRACE] Group:1 Prob:0.34970 Alpha:0.50242
[MOE_TRACE] Group:0 Prob:0.81649 Alpha:0.50059
[MOE_TRACE] Group:2 Prob:0.82349 Alpha:0.50098
[MOE_TRACE] Group:1 Prob:0.34970 Alpha:0.50242
[MOE_TRACE] Group:2 Prob:0.82349 Alpha:0.50098
[MOE_TRACE] Group:0 Prob:0.81649 Alpha:0.50059
[MOE_TRACE] Group:1 Prob:0.34970 Alpha:0.50242
[MOE_TRACE] Group:0 Prob:0.81649 Alpha:0.50059
[MOE_TRACE] Group:2 Prob:0.82349 Alpha:0.50098
[MOE_TRACE] Group:1 Prob:0.34970 Alpha:0.50242
[MOE_TRACE] Group:2 Prob:0.82349 Alpha:0.50098
[MOE_TRACE] Group:0 Prob:0.82424 Alpha:0.50059
[MOE_TRACE] Group:1 Prob:0.34946 Alpha:0.50242
[MOE_TRACE] Group:0 Prob:0.82424 Alpha:0.50059
[MOE_TRACE] Group:1 Prob:0.34946 Alpha:0.50242
[MOE_TRACE] Group:2 Prob:0.82217 Alpha:0.50098
[MOE_TRACE] Group:0 Prob:0.82339 Alpha:0.50059
[MOE_TRACE] Group:1 Prob:0.34053 Alpha:0.50242
[MOE_TRACE] Group:2 Prob:0.82715 Alpha:0.50098
[MOE_TRACE] Group:0 Prob:0.82339 Alpha:0.50059
[MOE_TRACE] Group:1 Prob:0.34053 Alpha:0.50242
[MOE_TRACE] Group:2 Prob:0.82715 Alpha:0.50098
[MOE_TRACE] Group:0 Prob:0.82339 Alpha:0.50059
[MOE_TRACE] Group:1 Prob:0.34053 Alpha:0.50242
[MOE_TRACE] Group:2 Prob:0.82715 Alpha:0.50098
[MOE_TRACE] Group:0 Prob:0.82339 Alpha:0.50059
[MOE_TRACE] Group:1 Prob:0.34053 Alpha:0.50242
[MOE_TRACE] Group:2 Prob:0.82715 Alpha:0.50098
[MOE_TRACE] Group:0 Prob:0.81903 Alpha:0.50059
[MOE_TRACE] Group:0 Prob:0.81903 Alpha:0.50059
[MOE_TRACE] Group:1 Prob:0.34623 Alpha:0.50242
[MOE_TRACE] Group:0 Prob:0.81903 Alpha:0.50059
[MOE_TRACE] Group:1 Prob:0.34623 Alpha:0.50242
[MOE_TRACE] Group:2 Prob:0.82853 Alpha:0.50098
[MOE_TRACE] Group:1 Prob:0.34623 Alpha:0.50242
[MOE_TRACE] Group:2 Prob:0.82853 Alpha:0.50098
[MOE_TRACE] Group:2 Prob:0.82853 Alpha:0.50098
[MOE_TRACE] Group:0 Prob:0.81903 Alpha:0.50059
[MOE_TRACE] Group:1 Prob:0.34623 Alpha:0.50242
[MOE_TRACE] Group:2 Prob:0.82853 Alpha:0.50098
[MOE_TRACE] Group:0 Prob:0.82663 Alpha:0.50059
[MOE_TRACE] Group:1 Prob:0.34633 Alpha:0.50242
[MOE_TRACE] Group:0 Prob:0.82663 Alpha:0.50059
[MOE_TRACE] Group:1 Prob:0.34633 Alpha:0.50242
[MOE_TRACE] Group:0 Prob:0.82663 Alpha:0.50059
[MOE_TRACE] Group:1 Prob:0.34633 Alpha:0.50242
[MOE_TRACE] Group:0 Prob:0.82663 Alpha:0.50059
[MOE_TRACE] Group:1 Prob:0.34633 Alpha:0.50242
[MOE_TRACE] Group:2 Prob:0.81882 Alpha:0.50098
[MOE_TRACE] Group:0 Prob:0.82388 Alpha:0.50059
[MOE_TRACE] Group:0 Prob:0.82388 Alpha:0.50059
[MOE_TRACE] Group:1 Prob:0.33809 Alpha:0.50242
[MOE_TRACE] Group:1 Prob:0.33809 Alpha:0.50242
[MOE_TRACE] Group:2 Prob:0.82049 Alpha:0.50098
[MOE_TRACE] Group:2 Prob:0.82049 Alpha:0.50098
[MOE_TRACE] Group:0 Prob:0.82388 Alpha:0.50059
[MOE_TRACE] Group:1 Prob:0.33809 Alpha:0.50242
[MOE_TRACE] Group:2 Prob:0.82049 Alpha:0.50098
[MOE_TRACE] Group:0 Prob:0.82388 Alpha:0.50059
[MOE_TRACE] Group:1 Prob:0.33809 Alpha:0.50242
[MOE_TRACE] Group:2 Prob:0.82049 Alpha:0.50098
[MOE_TRACE] Group:0 Prob:0.82077 Alpha:0.50059
[MOE_TRACE] Group:0 Prob:0.82077 Alpha:0.50059
[MOE_TRACE] Group:1 Prob:0.34159 Alpha:0.50242
[MOE_TRACE] Group:1 Prob:0.34159 Alpha:0.50242
[MOE_TRACE] Group:2 Prob:0.82493 Alpha:0.50098
[MOE_TRACE] Group:2 Prob:0.82493 Alpha:0.50098
[MOE_TRACE] Group:0 Prob:0.82077 Alpha:0.50059
[MOE_TRACE] Group:1 Prob:0.34159 Alpha:0.50242
[MOE_TRACE] Group:2 Prob:0.82493 Alpha:0.50098
[MOE_TRACE] Group:0 Prob:0.82077 Alpha:0.50059
[MOE_TRACE] Group:1 Prob:0.34159 Alpha:0.50242
[MOE_TRACE] Group:2 Prob:0.82493 Alpha:0.50098
[MOE_TRACE] Group:0 Prob:0.82322 Alpha:0.50059
[MOE_TRACE] Group:0 Prob:0.82322 Alpha:0.50059
[MOE_TRACE] Group:1 Prob:0.34239 Alpha:0.50242
[MOE_TRACE] Group:1 Prob:0.34239 Alpha:0.50242
[MOE_TRACE] Group:2 Prob:0.82304 Alpha:0.50098
[MOE_TRACE] Group:2 Prob:0.82304 Alpha:0.50098
[MOE_TRACE] Group:0 Prob:0.82322 Alpha:0.50059
[MOE_TRACE] Group:0 Prob:0.82322 Alpha:0.50059
[MOE_TRACE] Group:1 Prob:0.34239 Alpha:0.50242
[MOE_TRACE] Group:1 Prob:0.34239 Alpha:0.50242
[MOE_TRACE] Group:2 Prob:0.82304 Alpha:0.50098
[MOE_TRACE] Group:2 Prob:0.82304 Alpha:0.50098
[MOE_TRACE] Group:0 Prob:0.82016 Alpha:0.50059
[MOE_TRACE] Group:1 Prob:0.34465 Alpha:0.50242
[MOE_TRACE] Group:2 Prob:0.82746 Alpha:0.50098
[MOE_TRACE] Group:0 Prob:0.82016 Alpha:0.50059
[MOE_TRACE] Group:1 Prob:0.34465 Alpha:0.50242
[MOE_TRACE] Group:2 Prob:0.82746 Alpha:0.50098
[MOE_TRACE] Group:0 Prob:0.82016 Alpha:0.50059
[MOE_TRACE] Group:1 Prob:0.34465 Alpha:0.50242
[MOE_TRACE] Group:2 Prob:0.82746 Alpha:0.50098
[MOE_TRACE] Group:0 Prob:0.82016 Alpha:0.50059
[MOE_TRACE] Group:1 Prob:0.34465 Alpha:0.50242
[MOE_TRACE] Group:2 Prob:0.82746 Alpha:0.50098
[MOE_TRACE] Group:0 Prob:0.82538 Alpha:0.50059
[MOE_TRACE] Group:0 Prob:0.82538 Alpha:0.50059
[MOE_TRACE] Group:1 Prob:0.34381 Alpha:0.50242
[MOE_TRACE] Group:1 Prob:0.34381 Alpha:0.50242
[MOE_TRACE] Group:2 Prob:0.81046 Alpha:0.50098
[MOE_TRACE] Group:2 Prob:0.81046 Alpha:0.50098
[MOE_TRACE] Group:0 Prob:0.82538 Alpha:0.50059
[MOE_TRACE] Group:1 Prob:0.34381 Alpha:0.50242
[MOE_TRACE] Group:2 Prob:0.81046 Alpha:0.50098
[MOE_TRACE] Group:0 Prob:0.82538 Alpha:0.50059
[MOE_TRACE] Group:1 Prob:0.34381 Alpha:0.50242
[MOE_TRACE] Group:2 Prob:0.81046 Alpha:0.50098
[MOE_TRACE] Group:0 Prob:0.82515 Alpha:0.50059
[MOE_TRACE] Group:1 Prob:0.34245 Alpha:0.50242
[MOE_TRACE] Group:2 Prob:0.82057 Alpha:0.50098
[MOE_TRACE] Group:0 Prob:0.82515 Alpha:0.50059
[MOE_TRACE] Group:1 Prob:0.34245 Alpha:0.50242
[MOE_TRACE] Group:2 Prob:0.82057 Alpha:0.50098
[MOE_TRACE] Group:0 Prob:0.82515 Alpha:0.50059
[MOE_TRACE] Group:1 Prob:0.34245 Alpha:0.50242
[MOE_TRACE] Group:2 Prob:0.82057 Alpha:0.50098
[MOE_TRACE] Group:0 Prob:0.82515 Alpha:0.50059
[MOE_TRACE] Group:1 Prob:0.34245 Alpha:0.50242
[MOE_TRACE] Group:2 Prob:0.82057 Alpha:0.50098
[MOE_TRACE] Group:0 Prob:0.81959 Alpha:0.50059
[MOE_TRACE] Group:1 Prob:0.34006 Alpha:0.50242
[MOE_TRACE] Group:2 Prob:0.81877 Alpha:0.50098
[MOE_TRACE] Group:0 Prob:0.81959 Alpha:0.50059
[MOE_TRACE] Group:1 Prob:0.34006 Alpha:0.50242
[MOE_TRACE] Group:2 Prob:0.81877 Alpha:0.50098
[MOE_TRACE] Group:0 Prob:0.81959 Alpha:0.50059
[MOE_TRACE] Group:1 Prob:0.34006 Alpha:0.50242
[MOE_TRACE] Group:2 Prob:0.81877 Alpha:0.50098
[MOE_TRACE] Group:0 Prob:0.81959 Alpha:0.50059
[MOE_TRACE] Group:1 Prob:0.34006 Alpha:0.50242
[MOE_TRACE] Group:2 Prob:0.81877 Alpha:0.50098
[MOE_TRACE] Group:0 Prob:0.81190 Alpha:0.50059
[MOE_TRACE] Group:0 Prob:0.81190 Alpha:0.50059
[MOE_TRACE] Group:1 Prob:0.33706 Alpha:0.50243
[MOE_TRACE] Group:2 Prob:0.82435 Alpha:0.50098
[MOE_TRACE] Group:1 Prob:0.33706 Alpha:0.50243
[MOE_TRACE] Group:2 Prob:0.82435 Alpha:0.50098
[MOE_TRACE] Group:0 Prob:0.81190 Alpha:0.50059
[MOE_TRACE] Group:1 Prob:0.33706 Alpha:0.50243
[MOE_TRACE] Group:2 Prob:0.82435 Alpha:0.50098
[MOE_TRACE] Group:0 Prob:0.81190 Alpha:0.50059
[MOE_TRACE] Group:1 Prob:0.33706 Alpha:0.50243
[MOE_TRACE] Group:2 Prob:0.82435 Alpha:0.50098
[MOE_TRACE] Group:0 Prob:0.82060 Alpha:0.50059
[MOE_TRACE] Group:1 Prob:0.35389 Alpha:0.50243
[MOE_TRACE] Group:2 Prob:0.82192 Alpha:0.50098
[MOE_TRACE] Group:0 Prob:0.82060 Alpha:0.50059
[MOE_TRACE] Group:1 Prob:0.35389 Alpha:0.50243
[MOE_TRACE] Group:2 Prob:0.82431 Alpha:0.50098
[MOE_TRACE] Group:0 Prob:0.82060 Alpha:0.50059
[MOE_TRACE] Group:1 Prob:0.35389 Alpha:0.50243
[MOE_TRACE] Group:2 Prob:0.82431 Alpha:0.50098
[MOE_TRACE] Group:0 Prob:0.82060 Alpha:0.50059
[MOE_TRACE] Group:1 Prob:0.35389 Alpha:0.50243
[MOE_TRACE] Group:2 Prob:0.82431 Alpha:0.50098
[MOE_TRACE] Group:0 Prob:0.81323 Alpha:0.50059
[MOE_TRACE] Group:1 Prob:0.34153 Alpha:0.50243
[MOE_TRACE] Group:2 Prob:0.82149 Alpha:0.50098
[MOE_TRACE] Group:0 Prob:0.81323 Alpha:0.50059
[MOE_TRACE] Group:1 Prob:0.34153 Alpha:0.50243
[MOE_TRACE] Group:2 Prob:0.82149 Alpha:0.50098
[MOE_TRACE] Group:0 Prob:0.81323 Alpha:0.50059
[MOE_TRACE] Group:1 Prob:0.34153 Alpha:0.50243
[MOE_TRACE] Group:2 Prob:0.82149 Alpha:0.50098
[MOE_TRACE] Group:0 Prob:0.81323 Alpha:0.50059
[MOE_TRACE] Group:1 Prob:0.34153 Alpha:0.50243
[MOE_TRACE] Group:2 Prob:0.82149 Alpha:0.50098
[MOE_TRACE] Group:0 Prob:0.83141 Alpha:0.50059
[MOE_TRACE] Group:1 Prob:0.34651 Alpha:0.50243
[MOE_TRACE] Group:2 Prob:0.81775 Alpha:0.50098
[MOE_TRACE] Group:0 Prob:0.83141 Alpha:0.50059
[MOE_TRACE] Group:1 Prob:0.34651 Alpha:0.50243
[MOE_TRACE] Group:2 Prob:0.81775 Alpha:0.50098
[MOE_TRACE] Group:0 Prob:0.83141 Alpha:0.50059
[MOE_TRACE] Group:1 Prob:0.34651 Alpha:0.50243
[MOE_TRACE] Group:2 Prob:0.81775 Alpha:0.50098
[MOE_TRACE] Group:0 Prob:0.83141 Alpha:0.50059
[MOE_TRACE] Group:1 Prob:0.34651 Alpha:0.50243
[MOE_TRACE] Group:2 Prob:0.81775 Alpha:0.50098
[MOE_TRACE] Group:0 Prob:0.83308 Alpha:0.50059
[MOE_TRACE] Group:1 Prob:0.36113 Alpha:0.50243
[MOE_TRACE] Group:2 Prob:0.82482 Alpha:0.50098
[MOE_TRACE] Group:0 Prob:0.83308 Alpha:0.50059
[MOE_TRACE] Group:1 Prob:0.36113 Alpha:0.50243
[MOE_TRACE] Group:2 Prob:0.82482 Alpha:0.50098
[MOE_TRACE] Group:0 Prob:0.83308 Alpha:0.50059
[MOE_TRACE] Group:1 Prob:0.36113 Alpha:0.50243
[MOE_TRACE] Group:2 Prob:0.82482 Alpha:0.50098
[MOE_TRACE] Group:0 Prob:0.83308 Alpha:0.50059
[MOE_TRACE] Group:1 Prob:0.36113 Alpha:0.50243
[MOE_TRACE] Group:2 Prob:0.82482 Alpha:0.50098
[MOE_TRACE] Group:0 Prob:0.81695 Alpha:0.50059
[MOE_TRACE] Group:0 Prob:0.81695 Alpha:0.50059
[MOE_TRACE] Group:1 Prob:0.34347 Alpha:0.50243
[MOE_TRACE] Group:1 Prob:0.34347 Alpha:0.50243
[MOE_TRACE] Group:2 Prob:0.81927 Alpha:0.50098
[MOE_TRACE] Group:2 Prob:0.81927 Alpha:0.50098
[MOE_TRACE] Group:0 Prob:0.81695 Alpha:0.50059
[MOE_TRACE] Group:1 Prob:0.34347 Alpha:0.50243
[MOE_TRACE] Group:2 Prob:0.81927 Alpha:0.50098
[MOE_TRACE] Group:0 Prob:0.81695 Alpha:0.50059
[MOE_TRACE] Group:1 Prob:0.34347 Alpha:0.50243
[MOE_TRACE] Group:2 Prob:0.81927 Alpha:0.50098
[MOE_TRACE] Group:0 Prob:0.82085 Alpha:0.50059
[MOE_TRACE] Group:1 Prob:0.35515 Alpha:0.50243
[MOE_TRACE] Group:2 Prob:0.81871 Alpha:0.50098
[MOE_TRACE] Group:0 Prob:0.82085 Alpha:0.50059
[MOE_TRACE] Group:1 Prob:0.35515 Alpha:0.50243
[MOE_TRACE] Group:2 Prob:0.81871 Alpha:0.50098
[MOE_TRACE] Group:0 Prob:0.82085 Alpha:0.50059
[MOE_TRACE] Group:1 Prob:0.35515 Alpha:0.50243
[MOE_TRACE] Group:2 Prob:0.81871 Alpha:0.50098
[MOE_TRACE] Group:0 Prob:0.82085 Alpha:0.50059
[MOE_TRACE] Group:1 Prob:0.35515 Alpha:0.50243
[MOE_TRACE] Group:2 Prob:0.81871 Alpha:0.50098
[MOE_TRACE] Group:0 Prob:0.81391 Alpha:0.50059[MOE_TRACE] Group:0 Prob:0.81391 Alpha:0.50059

[MOE_TRACE] Group:1 Prob:0.33586 Alpha:0.50243
[MOE_TRACE] Group:1 Prob:0.33586 Alpha:0.50243
[MOE_TRACE] Group:2 Prob:0.81935 Alpha:0.50098[MOE_TRACE] Group:2 Prob:0.81935 Alpha:0.50098

[MOE_TRACE] Group:0 Prob:0.81391 Alpha:0.50059
[MOE_TRACE] Group:1 Prob:0.33586 Alpha:0.50243
[MOE_TRACE] Group:2 Prob:0.81935 Alpha:0.50098
[MOE_TRACE] Group:0 Prob:0.81391 Alpha:0.50059
[MOE_TRACE] Group:1 Prob:0.33586 Alpha:0.50243
[MOE_TRACE] Group:2 Prob:0.81935 Alpha:0.50098
[MOE_TRACE] Group:0 Prob:0.82112 Alpha:0.50059
[MOE_TRACE] Group:1 Prob:0.34608 Alpha:0.50243
[MOE_TRACE] Group:2 Prob:0.82011 Alpha:0.50098
[MOE_TRACE] Group:0 Prob:0.82112 Alpha:0.50059
[MOE_TRACE] Group:1 Prob:0.34608 Alpha:0.50243
[MOE_TRACE] Group:2 Prob:0.81873 Alpha:0.50098
[MOE_TRACE] Group:0 Prob:0.82112 Alpha:0.50059
[MOE_TRACE] Group:1 Prob:0.34608 Alpha:0.50243
[MOE_TRACE] Group:2 Prob:0.81873 Alpha:0.50098
[MOE_TRACE] Group:0 Prob:0.82112 Alpha:0.50059
[MOE_TRACE] Group:1 Prob:0.34608 Alpha:0.50243
[MOE_TRACE] Group:2 Prob:0.81873 Alpha:0.50098
[MOE_TRACE] Group:0 Prob:0.82522 Alpha:0.50059
[MOE_TRACE] Group:1 Prob:0.36402 Alpha:0.50243
[MOE_TRACE] Group:2 Prob:0.82180 Alpha:0.50098
[MOE_TRACE] Group:0 Prob:0.82522 Alpha:0.50059
[MOE_TRACE] Group:1 Prob:0.36402 Alpha:0.50243
[MOE_TRACE] Group:2 Prob:0.82180 Alpha:0.50098
[MOE_TRACE] Group:0 Prob:0.82522 Alpha:0.50059
[MOE_TRACE] Group:1 Prob:0.36402 Alpha:0.50243
[MOE_TRACE] Group:2 Prob:0.82180 Alpha:0.50098
[MOE_TRACE] Group:0 Prob:0.82522 Alpha:0.50059
[MOE_TRACE] Group:1 Prob:0.36402 Alpha:0.50243
[MOE_TRACE] Group:2 Prob:0.82180 Alpha:0.50098
[MOE_TRACE] Group:0 Prob:0.82469 Alpha:0.50059
[MOE_TRACE] Group:0 Prob:0.82469 Alpha:0.50059
[MOE_TRACE] Group:1 Prob:0.34780 Alpha:0.50243
[MOE_TRACE] Group:2 Prob:0.82724 Alpha:0.50098
[MOE_TRACE] Group:1 Prob:0.34780 Alpha:0.50243
[MOE_TRACE] Group:2 Prob:0.82724 Alpha:0.50098
[MOE_TRACE] Group:0 Prob:0.82469 Alpha:0.50059
[MOE_TRACE] Group:1 Prob:0.34780 Alpha:0.50243
[MOE_TRACE] Group:2 Prob:0.82724 Alpha:0.50098
[MOE_TRACE] Group:0 Prob:0.82469 Alpha:0.50059
[MOE_TRACE] Group:1 Prob:0.34780 Alpha:0.50243
[MOE_TRACE] Group:2 Prob:0.82724 Alpha:0.50098
[MOE_TRACE] Group:0 Prob:0.82316 Alpha:0.50059
[MOE_TRACE] Group:1 Prob:0.35215 Alpha:0.50243
[MOE_TRACE] Group:0 Prob:0.82316 Alpha:0.50059
[MOE_TRACE] Group:2 Prob:0.82134 Alpha:0.50098
[MOE_TRACE] Group:1 Prob:0.35215 Alpha:0.50243
[MOE_TRACE] Group:2 Prob:0.82134 Alpha:0.50098
[MOE_TRACE] Group:0 Prob:0.82316 Alpha:0.50059
[MOE_TRACE] Group:1 Prob:0.35215 Alpha:0.50243
[MOE_TRACE] Group:2 Prob:0.82134 Alpha:0.50098
[MOE_TRACE] Group:0 Prob:0.82316 Alpha:0.50059
[MOE_TRACE] Group:1 Prob:0.35215 Alpha:0.50243
[MOE_TRACE] Group:2 Prob:0.82134 Alpha:0.50098
[MOE_TRACE] Group:0 Prob:0.82866 Alpha:0.50059
[MOE_TRACE] Group:1 Prob:0.34949 Alpha:0.50243
[MOE_TRACE] Group:2 Prob:0.82545 Alpha:0.50098
[MOE_TRACE] Group:0 Prob:0.82866 Alpha:0.50059
[MOE_TRACE] Group:1 Prob:0.34949 Alpha:0.50243
[MOE_TRACE] Group:2 Prob:0.82545 Alpha:0.50098
[MOE_TRACE] Group:0 Prob:0.82866 Alpha:0.50059
[MOE_TRACE] Group:1 Prob:0.34949 Alpha:0.50243
[MOE_TRACE] Group:2 Prob:0.82545 Alpha:0.50098
[MOE_TRACE] Group:0 Prob:0.82866 Alpha:0.50059
[MOE_TRACE] Group:1 Prob:0.34949 Alpha:0.50243
[MOE_TRACE] Group:2 Prob:0.82545 Alpha:0.50098
[MOE_TRACE] Group:0 Prob:0.81409 Alpha:0.50059
[MOE_TRACE] Group:1 Prob:0.34505 Alpha:0.50243
[MOE_TRACE] Group:2 Prob:0.82146 Alpha:0.50098
[MOE_TRACE] Group:0 Prob:0.81409 Alpha:0.50059
[MOE_TRACE] Group:1 Prob:0.34505 Alpha:0.50243
[MOE_TRACE] Group:2 Prob:0.81655 Alpha:0.50098
[MOE_TRACE] Group:0 Prob:0.81409 Alpha:0.50059
[MOE_TRACE] Group:1 Prob:0.34505 Alpha:0.50243
[MOE_TRACE] Group:2 Prob:0.81655 Alpha:0.50098
[MOE_TRACE] Group:0 Prob:0.81409 Alpha:0.50059
[MOE_TRACE] Group:1 Prob:0.34505 Alpha:0.50243
[MOE_TRACE] Group:2 Prob:0.81655 Alpha:0.50098
[MOE_TRACE] Group:0 Prob:0.84111 Alpha:0.50059
[MOE_TRACE] Group:1 Prob:0.34795 Alpha:0.50243
[MOE_TRACE] Group:2 Prob:0.82461 Alpha:0.50098
[MOE_TRACE] Group:0 Prob:0.84111 Alpha:0.50059
[MOE_TRACE] Group:1 Prob:0.34795 Alpha:0.50243
[MOE_TRACE] Group:2 Prob:0.82461 Alpha:0.50098
[MOE_TRACE] Group:0 Prob:0.84111 Alpha:0.50059
[MOE_TRACE] Group:1 Prob:0.34795 Alpha:0.50243
[MOE_TRACE] Group:2 Prob:0.82461 Alpha:0.50098
[MOE_TRACE] Group:0 Prob:0.84111 Alpha:0.50059
[MOE_TRACE] Group:1 Prob:0.34795 Alpha:0.50243
[MOE_TRACE] Group:2 Prob:0.82461 Alpha:0.50098
[MOE_TRACE] Group:0 Prob:0.81573 Alpha:0.50059
[MOE_TRACE] Group:2 Prob:0.81810 Alpha:0.50098
[MOE_TRACE] Group:0 Prob:0.81573 Alpha:0.50059
[MOE_TRACE] Group:1 Prob:0.33386 Alpha:0.50243
[MOE_TRACE] Group:2 Prob:0.81810 Alpha:0.50098
[MOE_TRACE] Group:0 Prob:0.81573 Alpha:0.50059
[MOE_TRACE] Group:1 Prob:0.33386 Alpha:0.50243
[MOE_TRACE] Group:2 Prob:0.81131 Alpha:0.50098
[MOE_TRACE] Group:0 Prob:0.81573 Alpha:0.50059
[MOE_TRACE] Group:1 Prob:0.33386 Alpha:0.50243
[MOE_TRACE] Group:2 Prob:0.81131 Alpha:0.50098
[MOE_TRACE] Group:0 Prob:0.81016 Alpha:0.50059
[MOE_TRACE] Group:1 Prob:0.34080 Alpha:0.50243
[MOE_TRACE] Group:2 Prob:0.82132 Alpha:0.50098
[MOE_TRACE] Group:0 Prob:0.81016 Alpha:0.50059
[MOE_TRACE] Group:1 Prob:0.34080 Alpha:0.50243
[MOE_TRACE] Group:2 Prob:0.82132 Alpha:0.50098
[MOE_TRACE] Group:0 Prob:0.81016 Alpha:0.50059
[MOE_TRACE] Group:1 Prob:0.34080 Alpha:0.50243
[MOE_TRACE] Group:2 Prob:0.82132 Alpha:0.50098
[MOE_TRACE] Group:0 Prob:0.81016 Alpha:0.50059
[MOE_TRACE] Group:1 Prob:0.34080 Alpha:0.50243
[MOE_TRACE] Group:2 Prob:0.82132 Alpha:0.50098
[MOE_TRACE] Group:0 Prob:0.81068 Alpha:0.50059
[MOE_TRACE] Group:1 Prob:0.34726 Alpha:0.50243
[MOE_TRACE] Group:2 Prob:0.81581 Alpha:0.50098
[MOE_TRACE] Group:0 Prob:0.81068 Alpha:0.50059
[MOE_TRACE] Group:0 Prob:0.81068 Alpha:0.50059
[MOE_TRACE] Group:1 Prob:0.34726 Alpha:0.50243
[MOE_TRACE] Group:1 Prob:0.34726 Alpha:0.50243
[MOE_TRACE] Group:2 Prob:0.81581 Alpha:0.50098
[MOE_TRACE] Group:2 Prob:0.81581 Alpha:0.50098
[MOE_TRACE] Group:0 Prob:0.81068 Alpha:0.50059
[MOE_TRACE] Group:1 Prob:0.34726 Alpha:0.50243
[MOE_TRACE] Group:2 Prob:0.81581 Alpha:0.50098
[MOE_TRACE] Group:0 Prob:0.83181 Alpha:0.50059
[MOE_TRACE] Group:1 Prob:0.33287 Alpha:0.50243
[MOE_TRACE] Group:2 Prob:0.82517 Alpha:0.50098
[MOE_TRACE] Group:0 Prob:0.83181 Alpha:0.50059
[MOE_TRACE] Group:1 Prob:0.33287 Alpha:0.50243
[MOE_TRACE] Group:2 Prob:0.82517 Alpha:0.50098
[MOE_TRACE] Group:0 Prob:0.83181 Alpha:0.50059
[MOE_TRACE] Group:1 Prob:0.33287 Alpha:0.50243
[MOE_TRACE] Group:2 Prob:0.82517 Alpha:0.50098
[MOE_TRACE] Group:0 Prob:0.83181 Alpha:0.50059
[MOE_TRACE] Group:1 Prob:0.33287 Alpha:0.50243
[MOE_TRACE] Group:2 Prob:0.82517 Alpha:0.50098
[MOE_TRACE] Group:0 Prob:0.81167 Alpha:0.50059
[MOE_TRACE] Group:1 Prob:0.33697 Alpha:0.50243
[MOE_TRACE] Group:0 Prob:0.81167 Alpha:0.50059[MOE_TRACE] Group:2 Prob:0.81793 Alpha:0.50098

[MOE_TRACE] Group:1 Prob:0.33697 Alpha:0.50243
[MOE_TRACE] Group:2 Prob:0.81793 Alpha:0.50098
[MOE_TRACE] Group:0 Prob:0.81167 Alpha:0.50059
[MOE_TRACE] Group:1 Prob:0.33697 Alpha:0.50243
[MOE_TRACE] Group:2 Prob:0.81793 Alpha:0.50098
[MOE_TRACE] Group:0 Prob:0.81167 Alpha:0.50059
[MOE_TRACE] Group:1 Prob:0.33697 Alpha:0.50243
[MOE_TRACE] Group:2 Prob:0.81793 Alpha:0.50098
[MOE_TRACE] Group:0 Prob:0.81171 Alpha:0.50059
[MOE_TRACE] Group:1 Prob:0.33273 Alpha:0.50243
[MOE_TRACE] Group:2 Prob:0.81808 Alpha:0.50098
[MOE_TRACE] Group:0 Prob:0.81171 Alpha:0.50059
[MOE_TRACE] Group:1 Prob:0.34276 Alpha:0.50243
[MOE_TRACE] Group:2 Prob:0.81933 Alpha:0.50098
[MOE_TRACE] Group:0 Prob:0.81171 Alpha:0.50059
[MOE_TRACE] Group:0 Prob:0.81171 Alpha:0.50059[MOE_TRACE] Group:1 Prob:0.34276 Alpha:0.50243

[MOE_TRACE] Group:1 Prob:0.34276 Alpha:0.50243[MOE_TRACE] Group:2 Prob:0.81933 Alpha:0.50098

[MOE_TRACE] Group:2 Prob:0.81933 Alpha:0.50098
[MOE_TRACE] Group:0 Prob:0.82247 Alpha:0.50059
[MOE_TRACE] Group:1 Prob:0.34585 Alpha:0.50243
[MOE_TRACE] Group:2 Prob:0.81899 Alpha:0.50098
[MOE_TRACE] Group:0 Prob:0.82247 Alpha:0.50059
[MOE_TRACE] Group:1 Prob:0.34585 Alpha:0.50243
[MOE_TRACE] Group:2 Prob:0.81899 Alpha:0.50098
[MOE_TRACE] Group:0 Prob:0.82247 Alpha:0.50059
[MOE_TRACE] Group:1 Prob:0.34585 Alpha:0.50243
[MOE_TRACE] Group:2 Prob:0.82148 Alpha:0.50098
[MOE_TRACE] Group:0 Prob:0.82247 Alpha:0.50059
[MOE_TRACE] Group:1 Prob:0.34585 Alpha:0.50243
[MOE_TRACE] Group:2 Prob:0.82148 Alpha:0.50098
[MOE_TRACE] Group:0 Prob:0.81898 Alpha:0.50059
[MOE_TRACE] Group:1 Prob:0.34466 Alpha:0.50243
[MOE_TRACE] Group:2 Prob:0.82270 Alpha:0.50098
[MOE_TRACE] Group:0 Prob:0.81898 Alpha:0.50059
[MOE_TRACE] Group:1 Prob:0.34466 Alpha:0.50243
[MOE_TRACE] Group:2 Prob:0.82270 Alpha:0.50098
[MOE_TRACE] Group:0 Prob:0.81898 Alpha:0.50059
[MOE_TRACE] Group:1 Prob:0.34466 Alpha:0.50243
[MOE_TRACE] Group:2 Prob:0.82270 Alpha:0.50098
[MOE_TRACE] Group:0 Prob:0.81898 Alpha:0.50059
[MOE_TRACE] Group:1 Prob:0.34466 Alpha:0.50243
[MOE_TRACE] Group:2 Prob:0.82270 Alpha:0.50098
[MOE_TRACE] Group:0 Prob:0.82309 Alpha:0.50059
[MOE_TRACE] Group:1 Prob:0.34708 Alpha:0.50243
[MOE_TRACE] Group:2 Prob:0.82285 Alpha:0.50098
[MOE_TRACE] Group:0 Prob:0.82309 Alpha:0.50059
[MOE_TRACE] Group:1 Prob:0.34708 Alpha:0.50243
[MOE_TRACE] Group:2 Prob:0.82285 Alpha:0.50098
[MOE_TRACE] Group:0 Prob:0.82309 Alpha:0.50059
[MOE_TRACE] Group:1 Prob:0.34708 Alpha:0.50243
[MOE_TRACE] Group:2 Prob:0.82285 Alpha:0.50098
[MOE_TRACE] Group:0 Prob:0.82309 Alpha:0.50059
[MOE_TRACE] Group:1 Prob:0.34708 Alpha:0.50243
[MOE_TRACE] Group:2 Prob:0.82285 Alpha:0.50098
[MOE_TRACE] Group:0 Prob:0.82944 Alpha:0.50059
[MOE_TRACE] Group:1 Prob:0.34181 Alpha:0.50243
[MOE_TRACE] Group:0 Prob:0.82944 Alpha:0.50059
[MOE_TRACE] Group:0 Prob:0.82944 Alpha:0.50059
[MOE_TRACE] Group:2 Prob:0.82379 Alpha:0.50098
[MOE_TRACE] Group:1 Prob:0.34181 Alpha:0.50243
[MOE_TRACE] Group:1 Prob:0.34181 Alpha:0.50243
[MOE_TRACE] Group:2 Prob:0.81778 Alpha:0.50098
[MOE_TRACE] Group:2 Prob:0.81778 Alpha:0.50098
[MOE_TRACE] Group:0 Prob:0.82944 Alpha:0.50059
[MOE_TRACE] Group:1 Prob:0.34181 Alpha:0.50243
[MOE_TRACE] Group:2 Prob:0.81778 Alpha:0.50098
[MOE_TRACE] Group:0 Prob:0.82391 Alpha:0.50059
[MOE_TRACE] Group:1 Prob:0.33337 Alpha:0.50243
[MOE_TRACE] Group:2 Prob:0.81596 Alpha:0.50098
[MOE_TRACE] Group:0 Prob:0.82391 Alpha:0.50059
[MOE_TRACE] Group:0 Prob:0.82391 Alpha:0.50059
[MOE_TRACE] Group:1 Prob:0.33337 Alpha:0.50243
[MOE_TRACE] Group:1 Prob:0.33337 Alpha:0.50243
[MOE_TRACE] Group:2 Prob:0.81596 Alpha:0.50098
[MOE_TRACE] Group:2 Prob:0.81596 Alpha:0.50098
[MOE_TRACE] Group:0 Prob:0.82391 Alpha:0.50059
[MOE_TRACE] Group:1 Prob:0.33337 Alpha:0.50243
[MOE_TRACE] Group:2 Prob:0.81596 Alpha:0.50098
[MOE_TRACE] Group:0 Prob:0.80839 Alpha:0.50059
[MOE_TRACE] Group:0 Prob:0.80839 Alpha:0.50059
[MOE_TRACE] Group:1 Prob:0.34783 Alpha:0.50243[MOE_TRACE] Group:1 Prob:0.34783 Alpha:0.50243

[MOE_TRACE] Group:2 Prob:0.82318 Alpha:0.50098
[MOE_TRACE] Group:2 Prob:0.82318 Alpha:0.50098
[MOE_TRACE] Group:0 Prob:0.80839 Alpha:0.50059
[MOE_TRACE] Group:1 Prob:0.34783 Alpha:0.50243
[MOE_TRACE] Group:2 Prob:0.82318 Alpha:0.50098
[MOE_TRACE] Group:0 Prob:0.80839 Alpha:0.50059
[MOE_TRACE] Group:1 Prob:0.34783 Alpha:0.50243
[MOE_TRACE] Group:2 Prob:0.82318 Alpha:0.50098
[MOE_TRACE] Group:0 Prob:0.81972 Alpha:0.50059
[MOE_TRACE] Group:1 Prob:0.35070 Alpha:0.50243
[MOE_TRACE] Group:2 Prob:0.82701 Alpha:0.50098
[MOE_TRACE] Group:0 Prob:0.81972 Alpha:0.50059
[MOE_TRACE] Group:1 Prob:0.35070 Alpha:0.50243
[MOE_TRACE] Group:2 Prob:0.82701 Alpha:0.50098
[MOE_TRACE] Group:0 Prob:0.81972 Alpha:0.50059
[MOE_TRACE] Group:1 Prob:0.35070 Alpha:0.50243
[MOE_TRACE] Group:2 Prob:0.82701 Alpha:0.50098[MOE_TRACE] Group:0 Prob:0.81972 Alpha:0.50059

[MOE_TRACE] Group:1 Prob:0.35070 Alpha:0.50243
[MOE_TRACE] Group:2 Prob:0.82701 Alpha:0.50098
[MOE_TRACE] Group:0 Prob:0.82161 Alpha:0.50059
[MOE_TRACE] Group:0 Prob:0.82161 Alpha:0.50059
[MOE_TRACE] Group:1 Prob:0.34371 Alpha:0.50243
[MOE_TRACE] Group:2 Prob:0.82155 Alpha:0.50098
[MOE_TRACE] Group:1 Prob:0.34371 Alpha:0.50243
[MOE_TRACE] Group:2 Prob:0.82155 Alpha:0.50098
[MOE_TRACE] Group:0 Prob:0.82161 Alpha:0.50059
[MOE_TRACE] Group:1 Prob:0.34371 Alpha:0.50243
[MOE_TRACE] Group:2 Prob:0.81783 Alpha:0.50098
[MOE_TRACE] Group:0 Prob:0.82161 Alpha:0.50059
[MOE_TRACE] Group:1 Prob:0.34371 Alpha:0.50243
[MOE_TRACE] Group:2 Prob:0.81783 Alpha:0.50098
[MOE_TRACE] Group:0 Prob:0.82900 Alpha:0.50059
[MOE_TRACE] Group:1 Prob:0.34693 Alpha:0.50243
[MOE_TRACE] Group:2 Prob:0.82384 Alpha:0.50098
[MOE_TRACE] Group:0 Prob:0.82900 Alpha:0.50059
[MOE_TRACE] Group:1 Prob:0.34693 Alpha:0.50243
[MOE_TRACE] Group:2 Prob:0.82384 Alpha:0.50098
[MOE_TRACE] Group:0 Prob:0.82900 Alpha:0.50059
[MOE_TRACE] Group:1 Prob:0.34693 Alpha:0.50243
[MOE_TRACE] Group:2 Prob:0.82384 Alpha:0.50098
[MOE_TRACE] Group:0 Prob:0.82900 Alpha:0.50059
[MOE_TRACE] Group:1 Prob:0.34693 Alpha:0.50243
[MOE_TRACE] Group:2 Prob:0.82384 Alpha:0.50098
[MOE_TRACE] Group:0 Prob:0.83031 Alpha:0.50059
[MOE_TRACE] Group:1 Prob:0.34663 Alpha:0.50243
[MOE_TRACE] Group:2 Prob:0.82454 Alpha:0.50098
[MOE_TRACE] Group:0 Prob:0.83031 Alpha:0.50059
[MOE_TRACE] Group:1 Prob:0.34663 Alpha:0.50243
[MOE_TRACE] Group:2 Prob:0.82220 Alpha:0.50098
[MOE_TRACE] Group:0 Prob:0.83031 Alpha:0.50059
[MOE_TRACE] Group:1 Prob:0.34663 Alpha:0.50243
[MOE_TRACE] Group:2 Prob:0.82220 Alpha:0.50098
[MOE_TRACE] Group:0 Prob:0.83031 Alpha:0.50059
[MOE_TRACE] Group:1 Prob:0.34663 Alpha:0.50243
[MOE_TRACE] Group:2 Prob:0.82220 Alpha:0.50098
[MOE_TRACE] Group:0 Prob:0.81941 Alpha:0.50059
[MOE_TRACE] Group:1 Prob:0.35043 Alpha:0.50243
[MOE_TRACE] Group:2 Prob:0.82197 Alpha:0.50098
[MOE_TRACE] Group:0 Prob:0.81941 Alpha:0.50059
[MOE_TRACE] Group:1 Prob:0.35043 Alpha:0.50243
[MOE_TRACE] Group:2 Prob:0.82197 Alpha:0.50098
[MOE_TRACE] Group:0 Prob:0.81941 Alpha:0.50059
[MOE_TRACE] Group:1 Prob:0.35043 Alpha:0.50243
[MOE_TRACE] Group:2 Prob:0.82197 Alpha:0.50098
[MOE_TRACE] Group:0 Prob:0.81941 Alpha:0.50059
[MOE_TRACE] Group:1 Prob:0.35043 Alpha:0.50243
[MOE_TRACE] Group:2 Prob:0.82197 Alpha:0.50098
Epoch: 9 cost time: 38.46982431411743
Epoch: 9, Steps: 147 | Train Loss: 0.3821923 Vali Loss: 0.2857979 Test Loss: 0.2946123
EarlyStopping counter: 4 out of 3
Early stopping
Updating learning rate to 3.90625e-07
[MOE_TRACE] Group:0 Prob:0.82292 Alpha:0.50059[MOE_TRACE] Group:0 Prob:0.82292 Alpha:0.50059

[MOE_TRACE] Group:1 Prob:0.35561 Alpha:0.50243
[MOE_TRACE] Group:1 Prob:0.35561 Alpha:0.50243
[MOE_TRACE] Group:2 Prob:0.82343 Alpha:0.50098
[MOE_TRACE] Group:2 Prob:0.82343 Alpha:0.50098
[MOE_TRACE] Group:0 Prob:0.82292 Alpha:0.50059
[MOE_TRACE] Group:1 Prob:0.35561 Alpha:0.50243
[MOE_TRACE] Group:2 Prob:0.82343 Alpha:0.50098
[MOE_TRACE] Group:0 Prob:0.82292 Alpha:0.50059
[MOE_TRACE] Group:1 Prob:0.35561 Alpha:0.50243
[MOE_TRACE] Group:2 Prob:0.82343 Alpha:0.50098
[MOE_TRACE] Group:0 Prob:0.80683 Alpha:0.50059
[MOE_TRACE] Group:1 Prob:0.34527 Alpha:0.50243
[MOE_TRACE] Group:2 Prob:0.82121 Alpha:0.50098
[MOE_TRACE] Group:0 Prob:0.80683 Alpha:0.50059[MOE_TRACE] Group:0 Prob:0.80683 Alpha:0.50059
[MOE_TRACE] Group:1 Prob:0.34527 Alpha:0.50243

[MOE_TRACE] Group:2 Prob:0.82121 Alpha:0.50098
[MOE_TRACE] Group:1 Prob:0.34527 Alpha:0.50243
[MOE_TRACE] Group:2 Prob:0.82121 Alpha:0.50098
[MOE_TRACE] Group:0 Prob:0.80683 Alpha:0.50059
[MOE_TRACE] Group:1 Prob:0.34527 Alpha:0.50243
[MOE_TRACE] Group:2 Prob:0.82121 Alpha:0.50098
[MOE_TRACE] Group:0 Prob:0.82078 Alpha:0.50059
[MOE_TRACE] Group:1 Prob:0.33945 Alpha:0.50243
[MOE_TRACE] Group:2 Prob:0.82396 Alpha:0.50098
[MOE_TRACE] Group:0 Prob:0.82078 Alpha:0.50059
[MOE_TRACE] Group:1 Prob:0.33945 Alpha:0.50243
[MOE_TRACE] Group:2 Prob:0.82396 Alpha:0.50098
[MOE_TRACE] Group:0 Prob:0.82078 Alpha:0.50059
[MOE_TRACE] Group:1 Prob:0.33945 Alpha:0.50243
[MOE_TRACE] Group:2 Prob:0.82396 Alpha:0.50098
[MOE_TRACE] Group:0 Prob:0.82078 Alpha:0.50059
[MOE_TRACE] Group:1 Prob:0.33945 Alpha:0.50243
[MOE_TRACE] Group:2 Prob:0.82396 Alpha:0.50098
[MOE_TRACE] Group:0 Prob:0.82445 Alpha:0.50059
[MOE_TRACE] Group:1 Prob:0.33925 Alpha:0.50243
[MOE_TRACE] Group:2 Prob:0.81238 Alpha:0.50098
[MOE_TRACE] Group:0 Prob:0.82445 Alpha:0.50059
[MOE_TRACE] Group:1 Prob:0.33925 Alpha:0.50243
[MOE_TRACE] Group:2 Prob:0.81238 Alpha:0.50098
[MOE_TRACE] Group:0 Prob:0.82445 Alpha:0.50059
[MOE_TRACE] Group:1 Prob:0.33925 Alpha:0.50243
[MOE_TRACE] Group:2 Prob:0.81238 Alpha:0.50098
[MOE_TRACE] Group:0 Prob:0.82445 Alpha:0.50059
[MOE_TRACE] Group:1 Prob:0.33925 Alpha:0.50243
[MOE_TRACE] Group:2 Prob:0.81238 Alpha:0.50098
[MOE_TRACE] Group:0 Prob:0.82138 Alpha:0.50059
[MOE_TRACE] Group:1 Prob:0.34127 Alpha:0.50243
[MOE_TRACE] Group:2 Prob:0.82090 Alpha:0.50098
[MOE_TRACE] Group:0 Prob:0.82138 Alpha:0.50059
[MOE_TRACE] Group:1 Prob:0.34127 Alpha:0.50243
[MOE_TRACE] Group:2 Prob:0.82090 Alpha:0.50098
[MOE_TRACE] Group:0 Prob:0.82138 Alpha:0.50059
[MOE_TRACE] Group:1 Prob:0.34127 Alpha:0.50243
[MOE_TRACE] Group:2 Prob:0.82090 Alpha:0.50098
[MOE_TRACE] Group:0 Prob:0.82138 Alpha:0.50059
[MOE_TRACE] Group:1 Prob:0.34127 Alpha:0.50243
[MOE_TRACE] Group:2 Prob:0.82090 Alpha:0.50098
[MOE_TRACE] Group:0 Prob:0.81899 Alpha:0.50059
[MOE_TRACE] Group:1 Prob:0.35241 Alpha:0.50243
[MOE_TRACE] Group:2 Prob:0.81609 Alpha:0.50098
[MOE_TRACE] Group:0 Prob:0.81899 Alpha:0.50059
[MOE_TRACE] Group:1 Prob:0.35241 Alpha:0.50243
[MOE_TRACE] Group:2 Prob:0.81609 Alpha:0.50098
[MOE_TRACE] Group:0 Prob:0.81899 Alpha:0.50059
[MOE_TRACE] Group:1 Prob:0.35241 Alpha:0.50243
[MOE_TRACE] Group:2 Prob:0.81609 Alpha:0.50098
[MOE_TRACE] Group:0 Prob:0.81899 Alpha:0.50059
[MOE_TRACE] Group:1 Prob:0.35241 Alpha:0.50243
[MOE_TRACE] Group:2 Prob:0.81609 Alpha:0.50098
[MOE_TRACE] Group:0 Prob:0.83218 Alpha:0.50059
[MOE_TRACE] Group:0 Prob:0.83218 Alpha:0.50059
[MOE_TRACE] Group:1 Prob:0.35191 Alpha:0.50243
[MOE_TRACE] Group:1 Prob:0.35191 Alpha:0.50243
[MOE_TRACE] Group:2 Prob:0.82443 Alpha:0.50098[MOE_TRACE] Group:2 Prob:0.82443 Alpha:0.50098

[MOE_TRACE] Group:0 Prob:0.83218 Alpha:0.50059
[MOE_TRACE] Group:1 Prob:0.35191 Alpha:0.50243
[MOE_TRACE] Group:2 Prob:0.82443 Alpha:0.50098
[MOE_TRACE] Group:0 Prob:0.83218 Alpha:0.50059
[MOE_TRACE] Group:1 Prob:0.35191 Alpha:0.50243
[MOE_TRACE] Group:2 Prob:0.82443 Alpha:0.50098
[MOE_TRACE] Group:0 Prob:0.81279 Alpha:0.50059
[MOE_TRACE] Group:1 Prob:0.34702 Alpha:0.50243
[MOE_TRACE] Group:2 Prob:0.82317 Alpha:0.50098
[MOE_TRACE] Group:0 Prob:0.81279 Alpha:0.50059
[MOE_TRACE] Group:1 Prob:0.34702 Alpha:0.50243
[MOE_TRACE] Group:2 Prob:0.82317 Alpha:0.50098
[MOE_TRACE] Group:0 Prob:0.81279 Alpha:0.50059
[MOE_TRACE] Group:1 Prob:0.34702 Alpha:0.50243
[MOE_TRACE] Group:2 Prob:0.82317 Alpha:0.50098
[MOE_TRACE] Group:0 Prob:0.81279 Alpha:0.50059
[MOE_TRACE] Group:1 Prob:0.34702 Alpha:0.50243
[MOE_TRACE] Group:2 Prob:0.82317 Alpha:0.50098
[MOE_TRACE] Group:0 Prob:0.83906 Alpha:0.50059
[MOE_TRACE] Group:1 Prob:0.34863 Alpha:0.50243
[MOE_TRACE] Group:2 Prob:0.82296 Alpha:0.50098
[MOE_TRACE] Group:0 Prob:0.83906 Alpha:0.50059
[MOE_TRACE] Group:0 Prob:0.83906 Alpha:0.50059
[MOE_TRACE] Group:1 Prob:0.34863 Alpha:0.50243
[MOE_TRACE] Group:1 Prob:0.34863 Alpha:0.50243
[MOE_TRACE] Group:2 Prob:0.82174 Alpha:0.50098
[MOE_TRACE] Group:2 Prob:0.82174 Alpha:0.50098
[MOE_TRACE] Group:0 Prob:0.83906 Alpha:0.50059
[MOE_TRACE] Group:1 Prob:0.34863 Alpha:0.50243
[MOE_TRACE] Group:2 Prob:0.82174 Alpha:0.50098
[MOE_TRACE] Group:0 Prob:0.82565 Alpha:0.50059[MOE_TRACE] Group:0 Prob:0.82565 Alpha:0.50059

[MOE_TRACE] Group:1 Prob:0.34620 Alpha:0.50243
[MOE_TRACE] Group:1 Prob:0.34620 Alpha:0.50243
[MOE_TRACE] Group:2 Prob:0.81673 Alpha:0.50098
[MOE_TRACE] Group:2 Prob:0.81673 Alpha:0.50098
[MOE_TRACE] Group:0 Prob:0.82565 Alpha:0.50059
[MOE_TRACE] Group:1 Prob:0.34620 Alpha:0.50243
[MOE_TRACE] Group:2 Prob:0.81673 Alpha:0.50098
[MOE_TRACE] Group:0 Prob:0.82565 Alpha:0.50059
[MOE_TRACE] Group:1 Prob:0.34620 Alpha:0.50243
[MOE_TRACE] Group:2 Prob:0.81673 Alpha:0.50098
[MOE_TRACE] Group:0 Prob:0.82717 Alpha:0.50059
[MOE_TRACE] Group:1 Prob:0.34261 Alpha:0.50243
[MOE_TRACE] Group:2 Prob:0.82264 Alpha:0.50098
[MOE_TRACE] Group:0 Prob:0.82717 Alpha:0.50059
[MOE_TRACE] Group:1 Prob:0.34261 Alpha:0.50243
[MOE_TRACE] Group:2 Prob:0.82264 Alpha:0.50098
[MOE_TRACE] Group:0 Prob:0.82717 Alpha:0.50059
[MOE_TRACE] Group:1 Prob:0.34261 Alpha:0.50243
[MOE_TRACE] Group:2 Prob:0.82264 Alpha:0.50098
[MOE_TRACE] Group:0 Prob:0.82717 Alpha:0.50059
[MOE_TRACE] Group:1 Prob:0.34261 Alpha:0.50243
[MOE_TRACE] Group:2 Prob:0.82264 Alpha:0.50098
[MOE_TRACE] Group:0 Prob:0.82898 Alpha:0.50059
[MOE_TRACE] Group:1 Prob:0.34814 Alpha:0.50243
[MOE_TRACE] Group:2 Prob:0.82134 Alpha:0.50098
[MOE_TRACE] Group:0 Prob:0.82898 Alpha:0.50059
[MOE_TRACE] Group:1 Prob:0.34814 Alpha:0.50243
[MOE_TRACE] Group:2 Prob:0.82134 Alpha:0.50098
[MOE_TRACE] Group:0 Prob:0.82898 Alpha:0.50059
[MOE_TRACE] Group:1 Prob:0.34814 Alpha:0.50243
[MOE_TRACE] Group:2 Prob:0.82134 Alpha:0.50098
[MOE_TRACE] Group:0 Prob:0.82898 Alpha:0.50059
[MOE_TRACE] Group:1 Prob:0.34814 Alpha:0.50243
[MOE_TRACE] Group:2 Prob:0.82134 Alpha:0.50098
[MOE_TRACE] Group:0 Prob:0.81725 Alpha:0.50059
[MOE_TRACE] Group:1 Prob:0.34760 Alpha:0.50243
[MOE_TRACE] Group:2 Prob:0.82509 Alpha:0.50098
[MOE_TRACE] Group:0 Prob:0.81725 Alpha:0.50059
[MOE_TRACE] Group:1 Prob:0.34760 Alpha:0.50243
[MOE_TRACE] Group:2 Prob:0.82216 Alpha:0.50098
[MOE_TRACE] Group:0 Prob:0.81725 Alpha:0.50059
[MOE_TRACE] Group:1 Prob:0.34760 Alpha:0.50243
[MOE_TRACE] Group:2 Prob:0.82216 Alpha:0.50098
[MOE_TRACE] Group:0 Prob:0.81725 Alpha:0.50059
[MOE_TRACE] Group:1 Prob:0.34760 Alpha:0.50243
[MOE_TRACE] Group:2 Prob:0.82216 Alpha:0.50098
[MOE_TRACE] Group:0 Prob:0.82229 Alpha:0.50059
[MOE_TRACE] Group:1 Prob:0.34678 Alpha:0.50243
[MOE_TRACE] Group:2 Prob:0.81505 Alpha:0.50098
[MOE_TRACE] Group:0 Prob:0.82229 Alpha:0.50059
[MOE_TRACE] Group:1 Prob:0.34678 Alpha:0.50243
[MOE_TRACE] Group:2 Prob:0.81505 Alpha:0.50098
[MOE_TRACE] Group:0 Prob:0.82229 Alpha:0.50059
[MOE_TRACE] Group:1 Prob:0.34678 Alpha:0.50243
[MOE_TRACE] Group:2 Prob:0.81505 Alpha:0.50098
[MOE_TRACE] Group:0 Prob:0.82229 Alpha:0.50059
[MOE_TRACE] Group:1 Prob:0.34678 Alpha:0.50243
[MOE_TRACE] Group:2 Prob:0.81505 Alpha:0.50098
[MOE_TRACE] Group:0 Prob:0.83378 Alpha:0.50059
[MOE_TRACE] Group:1 Prob:0.34345 Alpha:0.50243
[MOE_TRACE] Group:2 Prob:0.82263 Alpha:0.50098
[MOE_TRACE] Group:0 Prob:0.83378 Alpha:0.50059
[MOE_TRACE] Group:1 Prob:0.34345 Alpha:0.50243
[MOE_TRACE] Group:2 Prob:0.82644 Alpha:0.50098
[MOE_TRACE] Group:0 Prob:0.83378 Alpha:0.50059
[MOE_TRACE] Group:1 Prob:0.34345 Alpha:0.50243
[MOE_TRACE] Group:2 Prob:0.82644 Alpha:0.50098
[MOE_TRACE] Group:0 Prob:0.83378 Alpha:0.50059
[MOE_TRACE] Group:1 Prob:0.34345 Alpha:0.50243
[MOE_TRACE] Group:2 Prob:0.82644 Alpha:0.50098
[MOE_TRACE] Group:0 Prob:0.82372 Alpha:0.50059
[MOE_TRACE] Group:1 Prob:0.34837 Alpha:0.50243
[MOE_TRACE] Group:2 Prob:0.82055 Alpha:0.50098
[MOE_TRACE] Group:0 Prob:0.82372 Alpha:0.50059
[MOE_TRACE] Group:1 Prob:0.34837 Alpha:0.50243
[MOE_TRACE] Group:2 Prob:0.82055 Alpha:0.50098
[MOE_TRACE] Group:0 Prob:0.82372 Alpha:0.50059
[MOE_TRACE] Group:1 Prob:0.34837 Alpha:0.50243
[MOE_TRACE] Group:2 Prob:0.82055 Alpha:0.50098
[MOE_TRACE] Group:0 Prob:0.82372 Alpha:0.50059
[MOE_TRACE] Group:1 Prob:0.34837 Alpha:0.50243
[MOE_TRACE] Group:2 Prob:0.82055 Alpha:0.50098
[MOE_TRACE] Group:0 Prob:0.81693 Alpha:0.50059
[MOE_TRACE] Group:1 Prob:0.35540 Alpha:0.50243
[MOE_TRACE] Group:2 Prob:0.83083 Alpha:0.50098
[MOE_TRACE] Group:0 Prob:0.81693 Alpha:0.50059
[MOE_TRACE] Group:1 Prob:0.35540 Alpha:0.50243
[MOE_TRACE] Group:2 Prob:0.83083 Alpha:0.50098
[MOE_TRACE] Group:0 Prob:0.81693 Alpha:0.50059
[MOE_TRACE] Group:1 Prob:0.35540 Alpha:0.50243
[MOE_TRACE] Group:2 Prob:0.83083 Alpha:0.50098
[MOE_TRACE] Group:0 Prob:0.81693 Alpha:0.50059
[MOE_TRACE] Group:1 Prob:0.35540 Alpha:0.50243
[MOE_TRACE] Group:2 Prob:0.83083 Alpha:0.50098
[MOE_TRACE] Group:0 Prob:0.82083 Alpha:0.50059
[MOE_TRACE] Group:1 Prob:0.34748 Alpha:0.50243
[MOE_TRACE] Group:2 Prob:0.81842 Alpha:0.50098
[MOE_TRACE] Group:0 Prob:0.82083 Alpha:0.50059
[MOE_TRACE] Group:1 Prob:0.34748 Alpha:0.50243
[MOE_TRACE] Group:0 Prob:0.82083 Alpha:0.50059[MOE_TRACE] Group:2 Prob:0.81842 Alpha:0.50098

[MOE_TRACE] Group:1 Prob:0.34748 Alpha:0.50243
[MOE_TRACE] Group:2 Prob:0.81842 Alpha:0.50098
[MOE_TRACE] Group:0 Prob:0.82083 Alpha:0.50059
[MOE_TRACE] Group:1 Prob:0.34748 Alpha:0.50243
[MOE_TRACE] Group:2 Prob:0.81842 Alpha:0.50098
[MOE_TRACE] Group:0 Prob:0.81902 Alpha:0.50059
[MOE_TRACE] Group:1 Prob:0.34624 Alpha:0.50243
[MOE_TRACE] Group:2 Prob:0.82250 Alpha:0.50098
[MOE_TRACE] Group:0 Prob:0.81902 Alpha:0.50059
[MOE_TRACE] Group:1 Prob:0.34624 Alpha:0.50243
[MOE_TRACE] Group:2 Prob:0.82250 Alpha:0.50098
[MOE_TRACE] Group:0 Prob:0.81902 Alpha:0.50059
[MOE_TRACE] Group:1 Prob:0.34624 Alpha:0.50243
[MOE_TRACE] Group:2 Prob:0.82250 Alpha:0.50098
[MOE_TRACE] Group:0 Prob:0.81902 Alpha:0.50059
[MOE_TRACE] Group:1 Prob:0.34624 Alpha:0.50243
[MOE_TRACE] Group:2 Prob:0.82250 Alpha:0.50098
[MOE_TRACE] Group:0 Prob:0.83083 Alpha:0.50059
[MOE_TRACE] Group:0 Prob:0.83083 Alpha:0.50059
[MOE_TRACE] Group:2 Prob:0.81706 Alpha:0.50098
[MOE_TRACE] Group:1 Prob:0.34351 Alpha:0.50243
[MOE_TRACE] Group:2 Prob:0.81706 Alpha:0.50098
[MOE_TRACE] Group:0 Prob:0.83083 Alpha:0.50059
[MOE_TRACE] Group:1 Prob:0.34351 Alpha:0.50243
[MOE_TRACE] Group:2 Prob:0.82071 Alpha:0.50098
[MOE_TRACE] Group:0 Prob:0.83083 Alpha:0.50059
[MOE_TRACE] Group:1 Prob:0.34351 Alpha:0.50243
[MOE_TRACE] Group:2 Prob:0.82071 Alpha:0.50098
[MOE_TRACE] Group:0 Prob:0.80904 Alpha:0.50059
[MOE_TRACE] Group:1 Prob:0.34270 Alpha:0.50243
[MOE_TRACE] Group:2 Prob:0.81968 Alpha:0.50098
[MOE_TRACE] Group:0 Prob:0.80904 Alpha:0.50059
[MOE_TRACE] Group:1 Prob:0.34270 Alpha:0.50243
[MOE_TRACE] Group:2 Prob:0.81968 Alpha:0.50098
[MOE_TRACE] Group:0 Prob:0.80904 Alpha:0.50059
[MOE_TRACE] Group:1 Prob:0.34270 Alpha:0.50243
[MOE_TRACE] Group:2 Prob:0.81968 Alpha:0.50098
[MOE_TRACE] Group:0 Prob:0.80904 Alpha:0.50059
[MOE_TRACE] Group:1 Prob:0.34270 Alpha:0.50243
[MOE_TRACE] Group:2 Prob:0.81968 Alpha:0.50098
[MOE_TRACE] Group:0 Prob:0.81640 Alpha:0.50059
[MOE_TRACE] Group:1 Prob:0.34611 Alpha:0.50243
[MOE_TRACE] Group:2 Prob:0.82262 Alpha:0.50098
[MOE_TRACE] Group:0 Prob:0.81640 Alpha:0.50059
[MOE_TRACE] Group:1 Prob:0.34611 Alpha:0.50243
[MOE_TRACE] Group:2 Prob:0.82262 Alpha:0.50098
[MOE_TRACE] Group:0 Prob:0.81640 Alpha:0.50059
[MOE_TRACE] Group:1 Prob:0.34611 Alpha:0.50243
[MOE_TRACE] Group:2 Prob:0.81868 Alpha:0.50098
[MOE_TRACE] Group:0 Prob:0.81640 Alpha:0.50059
[MOE_TRACE] Group:1 Prob:0.34611 Alpha:0.50243
[MOE_TRACE] Group:2 Prob:0.81868 Alpha:0.50098
[MOE_TRACE] Group:0 Prob:0.82257 Alpha:0.50059
[MOE_TRACE] Group:1 Prob:0.34194 Alpha:0.50243
[MOE_TRACE] Group:2 Prob:0.81892 Alpha:0.50098
[MOE_TRACE] Group:0 Prob:0.82257 Alpha:0.50059
[MOE_TRACE] Group:0 Prob:0.82257 Alpha:0.50059
[MOE_TRACE] Group:1 Prob:0.34194 Alpha:0.50243
[MOE_TRACE] Group:1 Prob:0.34194 Alpha:0.50243
[MOE_TRACE] Group:2 Prob:0.81892 Alpha:0.50098
[MOE_TRACE] Group:2 Prob:0.81892 Alpha:0.50098
[MOE_TRACE] Group:0 Prob:0.82257 Alpha:0.50059
[MOE_TRACE] Group:1 Prob:0.34194 Alpha:0.50243
[MOE_TRACE] Group:2 Prob:0.81892 Alpha:0.50098
[MOE_TRACE] Group:0 Prob:0.81338 Alpha:0.50059
[MOE_TRACE] Group:1 Prob:0.33493 Alpha:0.50243
[MOE_TRACE] Group:2 Prob:0.81878 Alpha:0.50098
[MOE_TRACE] Group:0 Prob:0.81338 Alpha:0.50059
[MOE_TRACE] Group:1 Prob:0.33493 Alpha:0.50243
[MOE_TRACE] Group:2 Prob:0.81878 Alpha:0.50098
[MOE_TRACE] Group:0 Prob:0.81338 Alpha:0.50059
[MOE_TRACE] Group:1 Prob:0.33493 Alpha:0.50243
[MOE_TRACE] Group:2 Prob:0.81878 Alpha:0.50098
[MOE_TRACE] Group:0 Prob:0.81338 Alpha:0.50059
[MOE_TRACE] Group:1 Prob:0.33493 Alpha:0.50243
[MOE_TRACE] Group:2 Prob:0.81878 Alpha:0.50098
[MOE_TRACE] Group:0 Prob:0.82422 Alpha:0.50059
[MOE_TRACE] Group:1 Prob:0.34124 Alpha:0.50243
[MOE_TRACE] Group:2 Prob:0.82495 Alpha:0.50098
[MOE_TRACE] Group:0 Prob:0.82422 Alpha:0.50059
[MOE_TRACE] Group:1 Prob:0.34124 Alpha:0.50243
[MOE_TRACE] Group:2 Prob:0.82495 Alpha:0.50098
[MOE_TRACE] Group:0 Prob:0.82422 Alpha:0.50059
[MOE_TRACE] Group:1 Prob:0.34124 Alpha:0.50243
[MOE_TRACE] Group:2 Prob:0.82495 Alpha:0.50098
[MOE_TRACE] Group:0 Prob:0.82422 Alpha:0.50059
[MOE_TRACE] Group:1 Prob:0.34124 Alpha:0.50243
[MOE_TRACE] Group:2 Prob:0.82495 Alpha:0.50098
[MOE_TRACE] Group:0 Prob:0.81936 Alpha:0.50059
[MOE_TRACE] Group:1 Prob:0.33705 Alpha:0.50243
[MOE_TRACE] Group:2 Prob:0.82550 Alpha:0.50098
[MOE_TRACE] Group:0 Prob:0.81936 Alpha:0.50059
[MOE_TRACE] Group:1 Prob:0.33705 Alpha:0.50243
[MOE_TRACE] Group:2 Prob:0.82550 Alpha:0.50098
[MOE_TRACE] Group:0 Prob:0.81936 Alpha:0.50059
[MOE_TRACE] Group:1 Prob:0.33705 Alpha:0.50243
[MOE_TRACE] Group:2 Prob:0.82550 Alpha:0.50098
[MOE_TRACE] Group:0 Prob:0.81936 Alpha:0.50059
[MOE_TRACE] Group:1 Prob:0.33705 Alpha:0.50243
[MOE_TRACE] Group:2 Prob:0.82550 Alpha:0.50098
[MOE_TRACE] Group:0 Prob:0.82136 Alpha:0.50059
[MOE_TRACE] Group:1 Prob:0.35051 Alpha:0.50243
[MOE_TRACE] Group:2 Prob:0.81512 Alpha:0.50098
[MOE_TRACE] Group:0 Prob:0.82136 Alpha:0.50059
[MOE_TRACE] Group:1 Prob:0.35051 Alpha:0.50243
[MOE_TRACE] Group:2 Prob:0.81512 Alpha:0.50098
[MOE_TRACE] Group:0 Prob:0.82136 Alpha:0.50059
[MOE_TRACE] Group:1 Prob:0.35051 Alpha:0.50243
[MOE_TRACE] Group:2 Prob:0.81512 Alpha:0.50098
[MOE_TRACE] Group:0 Prob:0.82136 Alpha:0.50059
[MOE_TRACE] Group:1 Prob:0.35051 Alpha:0.50243
[MOE_TRACE] Group:2 Prob:0.81512 Alpha:0.50098
[MOE_TRACE] Group:0 Prob:0.83010 Alpha:0.50059
[MOE_TRACE] Group:1 Prob:0.34601 Alpha:0.50243
[MOE_TRACE] Group:2 Prob:0.81782 Alpha:0.50098
[MOE_TRACE] Group:0 Prob:0.83010 Alpha:0.50059
[MOE_TRACE] Group:1 Prob:0.34601 Alpha:0.50243
[MOE_TRACE] Group:2 Prob:0.81782 Alpha:0.50098
[MOE_TRACE] Group:0 Prob:0.83010 Alpha:0.50059
[MOE_TRACE] Group:1 Prob:0.34601 Alpha:0.50243
[MOE_TRACE] Group:2 Prob:0.81782 Alpha:0.50098
[MOE_TRACE] Group:0 Prob:0.83010 Alpha:0.50059
[MOE_TRACE] Group:1 Prob:0.34601 Alpha:0.50243
[MOE_TRACE] Group:2 Prob:0.81782 Alpha:0.50098
[MOE_TRACE] Group:0 Prob:0.82107 Alpha:0.50059
[MOE_TRACE] Group:2 Prob:0.82286 Alpha:0.50098
[MOE_TRACE] Group:0 Prob:0.82107 Alpha:0.50059
[MOE_TRACE] Group:0 Prob:0.82107 Alpha:0.50059
[MOE_TRACE] Group:1 Prob:0.33853 Alpha:0.50243
[MOE_TRACE] Group:1 Prob:0.33853 Alpha:0.50243
[MOE_TRACE] Group:2 Prob:0.82136 Alpha:0.50098
[MOE_TRACE] Group:2 Prob:0.82136 Alpha:0.50098
[MOE_TRACE] Group:0 Prob:0.82107 Alpha:0.50059
[MOE_TRACE] Group:1 Prob:0.33853 Alpha:0.50243
[MOE_TRACE] Group:2 Prob:0.82136 Alpha:0.50098
[MOE_TRACE] Group:0 Prob:0.82470 Alpha:0.50059
[MOE_TRACE] Group:1 Prob:0.34895 Alpha:0.50243
[MOE_TRACE] Group:2 Prob:0.81935 Alpha:0.50098
[MOE_TRACE] Group:0 Prob:0.82470 Alpha:0.50059
[MOE_TRACE] Group:1 Prob:0.34895 Alpha:0.50243
[MOE_TRACE] Group:2 Prob:0.82053 Alpha:0.50098
[MOE_TRACE] Group:0 Prob:0.82470 Alpha:0.50059
[MOE_TRACE] Group:1 Prob:0.34895 Alpha:0.50243
[MOE_TRACE] Group:2 Prob:0.82053 Alpha:0.50098
[MOE_TRACE] Group:0 Prob:0.82470 Alpha:0.50059
[MOE_TRACE] Group:1 Prob:0.34895 Alpha:0.50243
[MOE_TRACE] Group:2 Prob:0.82053 Alpha:0.50098
[MOE_TRACE] Group:0 Prob:0.80603 Alpha:0.50059
[MOE_TRACE] Group:0 Prob:0.80603 Alpha:0.50059
[MOE_TRACE] Group:1 Prob:0.34136 Alpha:0.50243
[MOE_TRACE] Group:1 Prob:0.34136 Alpha:0.50243
[MOE_TRACE] Group:2 Prob:0.82241 Alpha:0.50098
[MOE_TRACE] Group:2 Prob:0.82241 Alpha:0.50098
[MOE_TRACE] Group:0 Prob:0.80603 Alpha:0.50059[MOE_TRACE] Group:0 Prob:0.80603 Alpha:0.50059

[MOE_TRACE] Group:1 Prob:0.34136 Alpha:0.50243
[MOE_TRACE] Group:1 Prob:0.34136 Alpha:0.50243
[MOE_TRACE] Group:2 Prob:0.82241 Alpha:0.50098
[MOE_TRACE] Group:2 Prob:0.82241 Alpha:0.50098
[MOE_TRACE] Group:0 Prob:0.81819 Alpha:0.50059
[MOE_TRACE] Group:1 Prob:0.33744 Alpha:0.50243
[MOE_TRACE] Group:2 Prob:0.82812 Alpha:0.50098
[MOE_TRACE] Group:0 Prob:0.81819 Alpha:0.50059
[MOE_TRACE] Group:1 Prob:0.33744 Alpha:0.50243
[MOE_TRACE] Group:2 Prob:0.82812 Alpha:0.50098
[MOE_TRACE] Group:0 Prob:0.81819 Alpha:0.50059
[MOE_TRACE] Group:1 Prob:0.33744 Alpha:0.50243
[MOE_TRACE] Group:2 Prob:0.82812 Alpha:0.50098
[MOE_TRACE] Group:0 Prob:0.81819 Alpha:0.50059
[MOE_TRACE] Group:1 Prob:0.33744 Alpha:0.50243
[MOE_TRACE] Group:2 Prob:0.82812 Alpha:0.50098
[MOE_TRACE] Group:0 Prob:0.81743 Alpha:0.50059
[MOE_TRACE] Group:1 Prob:0.35386 Alpha:0.50243
[MOE_TRACE] Group:2 Prob:0.81871 Alpha:0.50098
[MOE_TRACE] Group:0 Prob:0.81743 Alpha:0.50059
[MOE_TRACE] Group:1 Prob:0.35386 Alpha:0.50243
[MOE_TRACE] Group:2 Prob:0.81871 Alpha:0.50098
[MOE_TRACE] Group:0 Prob:0.81743 Alpha:0.50059
[MOE_TRACE] Group:1 Prob:0.35386 Alpha:0.50243
[MOE_TRACE] Group:2 Prob:0.81871 Alpha:0.50098
[MOE_TRACE] Group:0 Prob:0.81743 Alpha:0.50059
[MOE_TRACE] Group:1 Prob:0.35386 Alpha:0.50243
[MOE_TRACE] Group:2 Prob:0.81871 Alpha:0.50098
[MOE_TRACE] Group:0 Prob:0.82370 Alpha:0.50059
[MOE_TRACE] Group:1 Prob:0.34336 Alpha:0.50243
[MOE_TRACE] Group:2 Prob:0.82227 Alpha:0.50098
[MOE_TRACE] Group:0 Prob:0.82370 Alpha:0.50059
[MOE_TRACE] Group:1 Prob:0.34336 Alpha:0.50243
[MOE_TRACE] Group:2 Prob:0.82227 Alpha:0.50098
[MOE_TRACE] Group:0 Prob:0.82370 Alpha:0.50059
[MOE_TRACE] Group:1 Prob:0.34336 Alpha:0.50243
[MOE_TRACE] Group:2 Prob:0.82227 Alpha:0.50098
[MOE_TRACE] Group:0 Prob:0.82370 Alpha:0.50059
[MOE_TRACE] Group:1 Prob:0.34336 Alpha:0.50243
[MOE_TRACE] Group:2 Prob:0.82227 Alpha:0.50098
[MOE_TRACE] Group:0 Prob:0.81770 Alpha:0.50059
[MOE_TRACE] Group:1 Prob:0.34400 Alpha:0.50243
[MOE_TRACE] Group:2 Prob:0.82261 Alpha:0.50098
[MOE_TRACE] Group:0 Prob:0.81770 Alpha:0.50059
[MOE_TRACE] Group:1 Prob:0.34400 Alpha:0.50243
[MOE_TRACE] Group:2 Prob:0.82261 Alpha:0.50098
[MOE_TRACE] Group:0 Prob:0.81770 Alpha:0.50059
[MOE_TRACE] Group:1 Prob:0.34400 Alpha:0.50243
[MOE_TRACE] Group:2 Prob:0.82261 Alpha:0.50098
[MOE_TRACE] Group:0 Prob:0.81770 Alpha:0.50059
[MOE_TRACE] Group:1 Prob:0.34400 Alpha:0.50243
[MOE_TRACE] Group:2 Prob:0.82261 Alpha:0.50098
[MOE_TRACE] Group:0 Prob:0.82406 Alpha:0.50059
[MOE_TRACE] Group:1 Prob:0.34752 Alpha:0.50243
[MOE_TRACE] Group:2 Prob:0.81867 Alpha:0.50098
[MOE_TRACE] Group:0 Prob:0.82406 Alpha:0.50059
[MOE_TRACE] Group:1 Prob:0.34752 Alpha:0.50243
[MOE_TRACE] Group:2 Prob:0.81867 Alpha:0.50098
[MOE_TRACE] Group:0 Prob:0.82406 Alpha:0.50059
[MOE_TRACE] Group:0 Prob:0.82406 Alpha:0.50059
[MOE_TRACE] Group:1 Prob:0.34752 Alpha:0.50243
[MOE_TRACE] Group:1 Prob:0.34752 Alpha:0.50243
[MOE_TRACE] Group:2 Prob:0.81867 Alpha:0.50098[MOE_TRACE] Group:2 Prob:0.81867 Alpha:0.50098

[MOE_TRACE] Group:0 Prob:0.83142 Alpha:0.50059
[MOE_TRACE] Group:1 Prob:0.34047 Alpha:0.50243
[MOE_TRACE] Group:2 Prob:0.81999 Alpha:0.50098
[MOE_TRACE] Group:0 Prob:0.83142 Alpha:0.50059
[MOE_TRACE] Group:1 Prob:0.34047 Alpha:0.50243
[MOE_TRACE] Group:0 Prob:0.83142 Alpha:0.50059
[MOE_TRACE] Group:0 Prob:0.83142 Alpha:0.50059[MOE_TRACE] Group:2 Prob:0.81999 Alpha:0.50098

[MOE_TRACE] Group:1 Prob:0.34047 Alpha:0.50243
[MOE_TRACE] Group:1 Prob:0.34047 Alpha:0.50243
[MOE_TRACE] Group:2 Prob:0.81999 Alpha:0.50098
[MOE_TRACE] Group:2 Prob:0.81999 Alpha:0.50098
[MOE_TRACE] Group:0 Prob:0.82254 Alpha:0.50059
[MOE_TRACE] Group:1 Prob:0.34687 Alpha:0.50243
[MOE_TRACE] Group:2 Prob:0.82564 Alpha:0.50098
[MOE_TRACE] Group:0 Prob:0.82254 Alpha:0.50059
[MOE_TRACE] Group:1 Prob:0.34687 Alpha:0.50243
[MOE_TRACE] Group:2 Prob:0.82564 Alpha:0.50098
[MOE_TRACE] Group:0 Prob:0.82254 Alpha:0.50059
[MOE_TRACE] Group:1 Prob:0.34687 Alpha:0.50243
[MOE_TRACE] Group:2 Prob:0.82564 Alpha:0.50098
[MOE_TRACE] Group:0 Prob:0.82254 Alpha:0.50059
[MOE_TRACE] Group:1 Prob:0.34687 Alpha:0.50243
[MOE_TRACE] Group:2 Prob:0.82564 Alpha:0.50098
[MOE_TRACE] Group:0 Prob:0.81408 Alpha:0.50059
[MOE_TRACE] Group:1 Prob:0.34622 Alpha:0.50243
[MOE_TRACE] Group:2 Prob:0.81799 Alpha:0.50098
[MOE_TRACE] Group:0 Prob:0.81408 Alpha:0.50059
[MOE_TRACE] Group:1 Prob:0.34622 Alpha:0.50243
[MOE_TRACE] Group:2 Prob:0.81898 Alpha:0.50098
[MOE_TRACE] Group:0 Prob:0.81408 Alpha:0.50059
[MOE_TRACE] Group:1 Prob:0.34622 Alpha:0.50243
[MOE_TRACE] Group:2 Prob:0.81898 Alpha:0.50098
[MOE_TRACE] Group:0 Prob:0.81408 Alpha:0.50059
[MOE_TRACE] Group:1 Prob:0.34622 Alpha:0.50243
[MOE_TRACE] Group:2 Prob:0.81898 Alpha:0.50098
[MOE_TRACE] Group:0 Prob:0.82072 Alpha:0.50059
[MOE_TRACE] Group:1 Prob:0.34451 Alpha:0.50243
[MOE_TRACE] Group:2 Prob:0.82551 Alpha:0.50098
[MOE_TRACE] Group:0 Prob:0.82072 Alpha:0.50059
[MOE_TRACE] Group:1 Prob:0.34451 Alpha:0.50243
[MOE_TRACE] Group:2 Prob:0.81808 Alpha:0.50098
[MOE_TRACE] Group:0 Prob:0.82072 Alpha:0.50059
[MOE_TRACE] Group:1 Prob:0.34451 Alpha:0.50243
[MOE_TRACE] Group:2 Prob:0.81808 Alpha:0.50098
[MOE_TRACE] Group:0 Prob:0.82072 Alpha:0.50059
[MOE_TRACE] Group:1 Prob:0.34451 Alpha:0.50243
[MOE_TRACE] Group:2 Prob:0.81808 Alpha:0.50098
[MOE_TRACE] Group:0 Prob:0.81885 Alpha:0.50059
[MOE_TRACE] Group:1 Prob:0.34652 Alpha:0.50243
[MOE_TRACE] Group:2 Prob:0.82035 Alpha:0.50098
[MOE_TRACE] Group:0 Prob:0.81885 Alpha:0.50059
[MOE_TRACE] Group:1 Prob:0.34652 Alpha:0.50243
[MOE_TRACE] Group:0 Prob:0.81885 Alpha:0.50059[MOE_TRACE] Group:2 Prob:0.82035 Alpha:0.50098

[MOE_TRACE] Group:1 Prob:0.34652 Alpha:0.50243
[MOE_TRACE] Group:2 Prob:0.82035 Alpha:0.50098
[MOE_TRACE] Group:0 Prob:0.81885 Alpha:0.50059
[MOE_TRACE] Group:1 Prob:0.34652 Alpha:0.50243
[MOE_TRACE] Group:2 Prob:0.82035 Alpha:0.50098
[MOE_TRACE] Group:0 Prob:0.83129 Alpha:0.50059
[MOE_TRACE] Group:1 Prob:0.35164 Alpha:0.50243
[MOE_TRACE] Group:0 Prob:0.83129 Alpha:0.50059
[MOE_TRACE] Group:2 Prob:0.82125 Alpha:0.50098
[MOE_TRACE] Group:1 Prob:0.35164 Alpha:0.50243
[MOE_TRACE] Group:2 Prob:0.82125 Alpha:0.50098
[MOE_TRACE] Group:0 Prob:0.83129 Alpha:0.50059
[MOE_TRACE] Group:1 Prob:0.35164 Alpha:0.50243
[MOE_TRACE] Group:2 Prob:0.82125 Alpha:0.50098
[MOE_TRACE] Group:0 Prob:0.83129 Alpha:0.50059
[MOE_TRACE] Group:1 Prob:0.35164 Alpha:0.50243
[MOE_TRACE] Group:2 Prob:0.82125 Alpha:0.50098
[MOE_TRACE] Group:0 Prob:0.82441 Alpha:0.50059
[MOE_TRACE] Group:1 Prob:0.33943 Alpha:0.50243
[MOE_TRACE] Group:2 Prob:0.82108 Alpha:0.50098
[MOE_TRACE] Group:0 Prob:0.82441 Alpha:0.50059
[MOE_TRACE] Group:0 Prob:0.82441 Alpha:0.50059[MOE_TRACE] Group:0 Prob:0.82441 Alpha:0.50059

[MOE_TRACE] Group:1 Prob:0.33943 Alpha:0.50243
[MOE_TRACE] Group:1 Prob:0.33943 Alpha:0.50243
[MOE_TRACE] Group:1 Prob:0.33943 Alpha:0.50243
[MOE_TRACE] Group:2 Prob:0.82108 Alpha:0.50098
[MOE_TRACE] Group:2 Prob:0.82108 Alpha:0.50098[MOE_TRACE] Group:2 Prob:0.82108 Alpha:0.50098

[MOE_TRACE] Group:0 Prob:0.82317 Alpha:0.50059
[MOE_TRACE] Group:1 Prob:0.34409 Alpha:0.50243
[MOE_TRACE] Group:2 Prob:0.81999 Alpha:0.50098
[MOE_TRACE] Group:0 Prob:0.82317 Alpha:0.50059
[MOE_TRACE] Group:0 Prob:0.82317 Alpha:0.50059
[MOE_TRACE] Group:1 Prob:0.34409 Alpha:0.50243
[MOE_TRACE] Group:1 Prob:0.34409 Alpha:0.50243
[MOE_TRACE] Group:2 Prob:0.81999 Alpha:0.50098
[MOE_TRACE] Group:2 Prob:0.81999 Alpha:0.50098
[MOE_TRACE] Group:0 Prob:0.82317 Alpha:0.50059
[MOE_TRACE] Group:1 Prob:0.34409 Alpha:0.50243
[MOE_TRACE] Group:2 Prob:0.81999 Alpha:0.50098
[MOE_TRACE] Group:0 Prob:0.82151 Alpha:0.50059
[MOE_TRACE] Group:1 Prob:0.34751 Alpha:0.50243
[MOE_TRACE] Group:2 Prob:0.81589 Alpha:0.50098
[MOE_TRACE] Group:0 Prob:0.82151 Alpha:0.50059
[MOE_TRACE] Group:1 Prob:0.34751 Alpha:0.50243
[MOE_TRACE] Group:2 Prob:0.83464 Alpha:0.50098
[MOE_TRACE] Group:0 Prob:0.82151 Alpha:0.50059
[MOE_TRACE] Group:1 Prob:0.34751 Alpha:0.50243
[MOE_TRACE] Group:2 Prob:0.83464 Alpha:0.50098
[MOE_TRACE] Group:0 Prob:0.82151 Alpha:0.50059
[MOE_TRACE] Group:1 Prob:0.34751 Alpha:0.50243
[MOE_TRACE] Group:2 Prob:0.83464 Alpha:0.50098
[MOE_TRACE] Group:0 Prob:0.82094 Alpha:0.50059
[MOE_TRACE] Group:1 Prob:0.34340 Alpha:0.50243
[MOE_TRACE] Group:2 Prob:0.82094 Alpha:0.50098
[MOE_TRACE] Group:0 Prob:0.82094 Alpha:0.50059
[MOE_TRACE] Group:1 Prob:0.34340 Alpha:0.50243
[MOE_TRACE] Group:2 Prob:0.82094 Alpha:0.50098
[MOE_TRACE] Group:0 Prob:0.82094 Alpha:0.50059
[MOE_TRACE] Group:1 Prob:0.34340 Alpha:0.50243
[MOE_TRACE] Group:2 Prob:0.82094 Alpha:0.50098
[MOE_TRACE] Group:0 Prob:0.82094 Alpha:0.50059
[MOE_TRACE] Group:1 Prob:0.34340 Alpha:0.50243
[MOE_TRACE] Group:2 Prob:0.82094 Alpha:0.50098
[MOE_TRACE] Group:0 Prob:0.82283 Alpha:0.50059
[MOE_TRACE] Group:1 Prob:0.33895 Alpha:0.50243
[MOE_TRACE] Group:2 Prob:0.82053 Alpha:0.50098
[MOE_TRACE] Group:0 Prob:0.82283 Alpha:0.50059
[MOE_TRACE] Group:1 Prob:0.33895 Alpha:0.50243
[MOE_TRACE] Group:2 Prob:0.82053 Alpha:0.50098
[MOE_TRACE] Group:0 Prob:0.82283 Alpha:0.50059
[MOE_TRACE] Group:1 Prob:0.33895 Alpha:0.50243
[MOE_TRACE] Group:2 Prob:0.82053 Alpha:0.50098
[MOE_TRACE] Group:0 Prob:0.82283 Alpha:0.50059
[MOE_TRACE] Group:1 Prob:0.33895 Alpha:0.50243
[MOE_TRACE] Group:2 Prob:0.82053 Alpha:0.50098
[MOE_TRACE] Group:0 Prob:0.82636 Alpha:0.50059
[MOE_TRACE] Group:1 Prob:0.34140 Alpha:0.50243
[MOE_TRACE] Group:2 Prob:0.82240 Alpha:0.50098
[MOE_TRACE] Group:0 Prob:0.82636 Alpha:0.50059
[MOE_TRACE] Group:1 Prob:0.34140 Alpha:0.50243
[MOE_TRACE] Group:2 Prob:0.82240 Alpha:0.50098
[MOE_TRACE] Group:0 Prob:0.82636 Alpha:0.50059
[MOE_TRACE] Group:1 Prob:0.34140 Alpha:0.50243
[MOE_TRACE] Group:2 Prob:0.82240 Alpha:0.50098
[MOE_TRACE] Group:0 Prob:0.82636 Alpha:0.50059
[MOE_TRACE] Group:1 Prob:0.34140 Alpha:0.50243
[MOE_TRACE] Group:2 Prob:0.82240 Alpha:0.50098
[MOE_TRACE] Group:0 Prob:0.82935 Alpha:0.50059
[MOE_TRACE] Group:1 Prob:0.33165 Alpha:0.50243
[MOE_TRACE] Group:0 Prob:0.82935 Alpha:0.50059
[MOE_TRACE] Group:2 Prob:0.81789 Alpha:0.50098
[MOE_TRACE] Group:1 Prob:0.33165 Alpha:0.50243
[MOE_TRACE] Group:2 Prob:0.81789 Alpha:0.50098
[MOE_TRACE] Group:0 Prob:0.82935 Alpha:0.50059
[MOE_TRACE] Group:1 Prob:0.33165 Alpha:0.50243
[MOE_TRACE] Group:2 Prob:0.81789 Alpha:0.50098
[MOE_TRACE] Group:0 Prob:0.82935 Alpha:0.50059
[MOE_TRACE] Group:1 Prob:0.33165 Alpha:0.50243
[MOE_TRACE] Group:2 Prob:0.81789 Alpha:0.50098
[MOE_TRACE] Group:0 Prob:0.82449 Alpha:0.50059
[MOE_TRACE] Group:1 Prob:0.34383 Alpha:0.50243
[MOE_TRACE] Group:2 Prob:0.82525 Alpha:0.50098
[MOE_TRACE] Group:0 Prob:0.82449 Alpha:0.50059
[MOE_TRACE] Group:1 Prob:0.34383 Alpha:0.50243
[MOE_TRACE] Group:2 Prob:0.82525 Alpha:0.50098
[MOE_TRACE] Group:0 Prob:0.82449 Alpha:0.50059
[MOE_TRACE] Group:1 Prob:0.34383 Alpha:0.50243
[MOE_TRACE] Group:2 Prob:0.82525 Alpha:0.50098
[MOE_TRACE] Group:0 Prob:0.82449 Alpha:0.50059
[MOE_TRACE] Group:1 Prob:0.34383 Alpha:0.50243
[MOE_TRACE] Group:2 Prob:0.82525 Alpha:0.50098
[MOE_TRACE] Group:0 Prob:0.82225 Alpha:0.50059
[MOE_TRACE] Group:1 Prob:0.34048 Alpha:0.50243
[MOE_TRACE] Group:2 Prob:0.82180 Alpha:0.50098
[MOE_TRACE] Group:0 Prob:0.82225 Alpha:0.50059
[MOE_TRACE] Group:1 Prob:0.34048 Alpha:0.50243
[MOE_TRACE] Group:2 Prob:0.81923 Alpha:0.50098
[MOE_TRACE] Group:0 Prob:0.82225 Alpha:0.50059
[MOE_TRACE] Group:1 Prob:0.34048 Alpha:0.50243
[MOE_TRACE] Group:2 Prob:0.81923 Alpha:0.50098
[MOE_TRACE] Group:0 Prob:0.82225 Alpha:0.50059
[MOE_TRACE] Group:1 Prob:0.34048 Alpha:0.50243
[MOE_TRACE] Group:2 Prob:0.81923 Alpha:0.50098
[MOE_TRACE] Group:0 Prob:0.82180 Alpha:0.50059
[MOE_TRACE] Group:1 Prob:0.35080 Alpha:0.50243
[MOE_TRACE] Group:0 Prob:0.82180 Alpha:0.50059
[MOE_TRACE] Group:2 Prob:0.82369 Alpha:0.50098
[MOE_TRACE] Group:1 Prob:0.35080 Alpha:0.50243
[MOE_TRACE] Group:2 Prob:0.82794 Alpha:0.50098
[MOE_TRACE] Group:0 Prob:0.82180 Alpha:0.50059
[MOE_TRACE] Group:1 Prob:0.35080 Alpha:0.50243
[MOE_TRACE] Group:2 Prob:0.82794 Alpha:0.50098
[MOE_TRACE] Group:0 Prob:0.82180 Alpha:0.50059
[MOE_TRACE] Group:1 Prob:0.35080 Alpha:0.50243
[MOE_TRACE] Group:2 Prob:0.82794 Alpha:0.50098
[MOE_TRACE] Group:0 Prob:0.81790 Alpha:0.50059
[MOE_TRACE] Group:1 Prob:0.33437 Alpha:0.50243
[MOE_TRACE] Group:2 Prob:0.82772 Alpha:0.50098
[MOE_TRACE] Group:0 Prob:0.81790 Alpha:0.50059
[MOE_TRACE] Group:0 Prob:0.81790 Alpha:0.50059
[MOE_TRACE] Group:1 Prob:0.33437 Alpha:0.50243
[MOE_TRACE] Group:2 Prob:0.81567 Alpha:0.50098
[MOE_TRACE] Group:1 Prob:0.33437 Alpha:0.50243
[MOE_TRACE] Group:2 Prob:0.81567 Alpha:0.50098
[MOE_TRACE] Group:0 Prob:0.81790 Alpha:0.50059
[MOE_TRACE] Group:1 Prob:0.33437 Alpha:0.50243
[MOE_TRACE] Group:2 Prob:0.81567 Alpha:0.50098
[MOE_TRACE] Group:0 Prob:0.81732 Alpha:0.50059
[MOE_TRACE] Group:1 Prob:0.34938 Alpha:0.50243
[MOE_TRACE] Group:2 Prob:0.82273 Alpha:0.50098
[MOE_TRACE] Group:0 Prob:0.81732 Alpha:0.50059
[MOE_TRACE] Group:1 Prob:0.34938 Alpha:0.50243
[MOE_TRACE] Group:2 Prob:0.82688 Alpha:0.50098
[MOE_TRACE] Group:0 Prob:0.81732 Alpha:0.50059
[MOE_TRACE] Group:1 Prob:0.34938 Alpha:0.50243
[MOE_TRACE] Group:2 Prob:0.82688 Alpha:0.50098
[MOE_TRACE] Group:0 Prob:0.81732 Alpha:0.50059
[MOE_TRACE] Group:1 Prob:0.34938 Alpha:0.50243
[MOE_TRACE] Group:2 Prob:0.82688 Alpha:0.50098
[MOE_TRACE] Group:0 Prob:0.80627 Alpha:0.50059
[MOE_TRACE] Group:0 Prob:0.80627 Alpha:0.50059
[MOE_TRACE] Group:1 Prob:0.34365 Alpha:0.50243
[MOE_TRACE] Group:2 Prob:0.81990 Alpha:0.50098
[MOE_TRACE] Group:1 Prob:0.34365 Alpha:0.50243
[MOE_TRACE] Group:2 Prob:0.81990 Alpha:0.50098
[MOE_TRACE] Group:0 Prob:0.80627 Alpha:0.50059
[MOE_TRACE] Group:1 Prob:0.34365 Alpha:0.50243
[MOE_TRACE] Group:2 Prob:0.81990 Alpha:0.50098
[MOE_TRACE] Group:0 Prob:0.80627 Alpha:0.50059
[MOE_TRACE] Group:1 Prob:0.34365 Alpha:0.50243
[MOE_TRACE] Group:2 Prob:0.81990 Alpha:0.50098
[MOE_TRACE] Group:0 Prob:0.82810 Alpha:0.50059
[MOE_TRACE] Group:1 Prob:0.33477 Alpha:0.50243
[MOE_TRACE] Group:2 Prob:0.81361 Alpha:0.50098
[MOE_TRACE] Group:0 Prob:0.82810 Alpha:0.50059
[MOE_TRACE] Group:1 Prob:0.33477 Alpha:0.50243
[MOE_TRACE] Group:2 Prob:0.81361 Alpha:0.50098
[MOE_TRACE] Group:0 Prob:0.82810 Alpha:0.50059
[MOE_TRACE] Group:1 Prob:0.33477 Alpha:0.50243
[MOE_TRACE] Group:2 Prob:0.81361 Alpha:0.50098
[MOE_TRACE] Group:0 Prob:0.82810 Alpha:0.50059
[MOE_TRACE] Group:1 Prob:0.33477 Alpha:0.50243
[MOE_TRACE] Group:2 Prob:0.81361 Alpha:0.50098
[MOE_TRACE] Group:0 Prob:0.82262 Alpha:0.50059
[MOE_TRACE] Group:1 Prob:0.34120 Alpha:0.50243
[MOE_TRACE] Group:2 Prob:0.82200 Alpha:0.50098
[MOE_TRACE] Group:0 Prob:0.82262 Alpha:0.50059
[MOE_TRACE] Group:1 Prob:0.34120 Alpha:0.50243
[MOE_TRACE] Group:2 Prob:0.81923 Alpha:0.50098
[MOE_TRACE] Group:0 Prob:0.82262 Alpha:0.50059
[MOE_TRACE] Group:1 Prob:0.34120 Alpha:0.50243
[MOE_TRACE] Group:2 Prob:0.81923 Alpha:0.50098
[MOE_TRACE] Group:0 Prob:0.82262 Alpha:0.50059
[MOE_TRACE] Group:1 Prob:0.34120 Alpha:0.50243
[MOE_TRACE] Group:2 Prob:0.81923 Alpha:0.50098
[MOE_TRACE] Group:0 Prob:0.82169 Alpha:0.50059
[MOE_TRACE] Group:1 Prob:0.34634 Alpha:0.50243
[MOE_TRACE] Group:2 Prob:0.81852 Alpha:0.50098
[MOE_TRACE] Group:0 Prob:0.82169 Alpha:0.50059
[MOE_TRACE] Group:1 Prob:0.34634 Alpha:0.50243
[MOE_TRACE] Group:2 Prob:0.82492 Alpha:0.50098
[MOE_TRACE] Group:0 Prob:0.82169 Alpha:0.50059
[MOE_TRACE] Group:0 Prob:0.82169 Alpha:0.50059
[MOE_TRACE] Group:1 Prob:0.34634 Alpha:0.50243
[MOE_TRACE] Group:1 Prob:0.34634 Alpha:0.50243
[MOE_TRACE] Group:2 Prob:0.82492 Alpha:0.50098
[MOE_TRACE] Group:2 Prob:0.82492 Alpha:0.50098
[MOE_TRACE] Group:0 Prob:0.82447 Alpha:0.50059
[MOE_TRACE] Group:1 Prob:0.33172 Alpha:0.50243
[MOE_TRACE] Group:2 Prob:0.81526 Alpha:0.50098
[MOE_TRACE] Group:0 Prob:0.82447 Alpha:0.50059
[MOE_TRACE] Group:1 Prob:0.33172 Alpha:0.50243
[MOE_TRACE] Group:2 Prob:0.81526 Alpha:0.50098
[MOE_TRACE] Group:0 Prob:0.82447 Alpha:0.50059
[MOE_TRACE] Group:1 Prob:0.33172 Alpha:0.50243
[MOE_TRACE] Group:2 Prob:0.81526 Alpha:0.50098
[MOE_TRACE] Group:0 Prob:0.82447 Alpha:0.50059
[MOE_TRACE] Group:1 Prob:0.33172 Alpha:0.50243
[MOE_TRACE] Group:2 Prob:0.81526 Alpha:0.50098
[MOE_TRACE] Group:0 Prob:0.82480 Alpha:0.50059
[MOE_TRACE] Group:1 Prob:0.35290 Alpha:0.50243
[MOE_TRACE] Group:2 Prob:0.81743 Alpha:0.50098
[MOE_TRACE] Group:0 Prob:0.82480 Alpha:0.50059
[MOE_TRACE] Group:1 Prob:0.35290 Alpha:0.50243
[MOE_TRACE] Group:2 Prob:0.81743 Alpha:0.50098
[MOE_TRACE] Group:0 Prob:0.82480 Alpha:0.50059
[MOE_TRACE] Group:1 Prob:0.35290 Alpha:0.50243
[MOE_TRACE] Group:2 Prob:0.81743 Alpha:0.50098
[MOE_TRACE] Group:0 Prob:0.82480 Alpha:0.50059
[MOE_TRACE] Group:1 Prob:0.35290 Alpha:0.50243
[MOE_TRACE] Group:2 Prob:0.81743 Alpha:0.50098
[MOE_TRACE] Group:0 Prob:0.81246 Alpha:0.50059
[MOE_TRACE] Group:1 Prob:0.36578 Alpha:0.50243
[MOE_TRACE] Group:2 Prob:0.82017 Alpha:0.50098
[MOE_TRACE] Group:0 Prob:0.81246 Alpha:0.50059
[MOE_TRACE] Group:1 Prob:0.36578 Alpha:0.50243
[MOE_TRACE] Group:2 Prob:0.82017 Alpha:0.50098
[MOE_TRACE] Group:0 Prob:0.81246 Alpha:0.50059
[MOE_TRACE] Group:1 Prob:0.36578 Alpha:0.50243
[MOE_TRACE] Group:2 Prob:0.82017 Alpha:0.50098
[MOE_TRACE] Group:0 Prob:0.81246 Alpha:0.50059
[MOE_TRACE] Group:1 Prob:0.36578 Alpha:0.50243
[MOE_TRACE] Group:2 Prob:0.82017 Alpha:0.50098
[MOE_TRACE] Group:0 Prob:0.82850 Alpha:0.50059
[MOE_TRACE] Group:1 Prob:0.35090 Alpha:0.50243
[MOE_TRACE] Group:2 Prob:0.82249 Alpha:0.50098
[MOE_TRACE] Group:0 Prob:0.82850 Alpha:0.50059
[MOE_TRACE] Group:1 Prob:0.35090 Alpha:0.50243
[MOE_TRACE] Group:2 Prob:0.81653 Alpha:0.50098
[MOE_TRACE] Group:0 Prob:0.82850 Alpha:0.50059
[MOE_TRACE] Group:1 Prob:0.35090 Alpha:0.50243
[MOE_TRACE] Group:2 Prob:0.81653 Alpha:0.50098
[MOE_TRACE] Group:0 Prob:0.82850 Alpha:0.50059
[MOE_TRACE] Group:1 Prob:0.35090 Alpha:0.50243
[MOE_TRACE] Group:2 Prob:0.81653 Alpha:0.50098
[MOE_TRACE] Group:0 Prob:0.82860 Alpha:0.50059
[MOE_TRACE] Group:1 Prob:0.33712 Alpha:0.50243
[MOE_TRACE] Group:2 Prob:0.81768 Alpha:0.50098
[MOE_TRACE] Group:0 Prob:0.82860 Alpha:0.50059
[MOE_TRACE] Group:1 Prob:0.33712 Alpha:0.50243
[MOE_TRACE] Group:2 Prob:0.81768 Alpha:0.50098
[MOE_TRACE] Group:0 Prob:0.82860 Alpha:0.50059
[MOE_TRACE] Group:1 Prob:0.33712 Alpha:0.50243
[MOE_TRACE] Group:2 Prob:0.81768 Alpha:0.50098
[MOE_TRACE] Group:0 Prob:0.82860 Alpha:0.50059
[MOE_TRACE] Group:1 Prob:0.33712 Alpha:0.50243
[MOE_TRACE] Group:2 Prob:0.81768 Alpha:0.50098
[MOE_TRACE] Group:0 Prob:0.81923 Alpha:0.50059
[MOE_TRACE] Group:1 Prob:0.33350 Alpha:0.50243
[MOE_TRACE] Group:2 Prob:0.82143 Alpha:0.50098
[MOE_TRACE] Group:0 Prob:0.81923 Alpha:0.50059
[MOE_TRACE] Group:1 Prob:0.33350 Alpha:0.50243
[MOE_TRACE] Group:2 Prob:0.82143 Alpha:0.50098
[MOE_TRACE] Group:0 Prob:0.81923 Alpha:0.50059
[MOE_TRACE] Group:1 Prob:0.33350 Alpha:0.50243
[MOE_TRACE] Group:2 Prob:0.82213 Alpha:0.50098
[MOE_TRACE] Group:0 Prob:0.81923 Alpha:0.50059
[MOE_TRACE] Group:1 Prob:0.33350 Alpha:0.50243
[MOE_TRACE] Group:2 Prob:0.82213 Alpha:0.50098
[MOE_TRACE] Group:0 Prob:0.81476 Alpha:0.50059
[MOE_TRACE] Group:1 Prob:0.34043 Alpha:0.50243
[MOE_TRACE] Group:2 Prob:0.82060 Alpha:0.50098
[MOE_TRACE] Group:0 Prob:0.81476 Alpha:0.50059
[MOE_TRACE] Group:1 Prob:0.34043 Alpha:0.50243
[MOE_TRACE] Group:2 Prob:0.82060 Alpha:0.50098
[MOE_TRACE] Group:0 Prob:0.81476 Alpha:0.50059
[MOE_TRACE] Group:1 Prob:0.34043 Alpha:0.50243
[MOE_TRACE] Group:2 Prob:0.82060 Alpha:0.50098
[MOE_TRACE] Group:0 Prob:0.81476 Alpha:0.50059
[MOE_TRACE] Group:1 Prob:0.34043 Alpha:0.50243
[MOE_TRACE] Group:2 Prob:0.82060 Alpha:0.50098
[MOE_TRACE] Group:0 Prob:0.82315 Alpha:0.50059
[MOE_TRACE] Group:1 Prob:0.34199 Alpha:0.50243
[MOE_TRACE] Group:2 Prob:0.82230 Alpha:0.50098
[MOE_TRACE] Group:0 Prob:0.82315 Alpha:0.50059
[MOE_TRACE] Group:1 Prob:0.34199 Alpha:0.50243
[MOE_TRACE] Group:2 Prob:0.82230 Alpha:0.50098
[MOE_TRACE] Group:0 Prob:0.82315 Alpha:0.50059
[MOE_TRACE] Group:1 Prob:0.34199 Alpha:0.50243
[MOE_TRACE] Group:2 Prob:0.81630 Alpha:0.50098
[MOE_TRACE] Group:0 Prob:0.82315 Alpha:0.50059
[MOE_TRACE] Group:1 Prob:0.34199 Alpha:0.50243
[MOE_TRACE] Group:2 Prob:0.81630 Alpha:0.50098
[MOE_TRACE] Group:0 Prob:0.82329 Alpha:0.50059
[MOE_TRACE] Group:0 Prob:0.82329 Alpha:0.50059
[MOE_TRACE] Group:1 Prob:0.34069 Alpha:0.50243
[MOE_TRACE] Group:1 Prob:0.34069 Alpha:0.50243
[MOE_TRACE] Group:2 Prob:0.82276 Alpha:0.50098
[MOE_TRACE] Group:2 Prob:0.82356 Alpha:0.50098
[MOE_TRACE] Group:0 Prob:0.82329 Alpha:0.50059
[MOE_TRACE] Group:1 Prob:0.34069 Alpha:0.50243
[MOE_TRACE] Group:2 Prob:0.82356 Alpha:0.50098
[MOE_TRACE] Group:0 Prob:0.82329 Alpha:0.50059
[MOE_TRACE] Group:1 Prob:0.34069 Alpha:0.50243
[MOE_TRACE] Group:2 Prob:0.82356 Alpha:0.50098
[MOE_TRACE] Group:0 Prob:0.82348 Alpha:0.50059
[MOE_TRACE] Group:0 Prob:0.82348 Alpha:0.50059
[MOE_TRACE] Group:1 Prob:0.34725 Alpha:0.50243
[MOE_TRACE] Group:1 Prob:0.34725 Alpha:0.50243
[MOE_TRACE] Group:2 Prob:0.82056 Alpha:0.50098
[MOE_TRACE] Group:2 Prob:0.82056 Alpha:0.50098
[MOE_TRACE] Group:0 Prob:0.82348 Alpha:0.50059
[MOE_TRACE] Group:1 Prob:0.34725 Alpha:0.50243
[MOE_TRACE] Group:2 Prob:0.82056 Alpha:0.50098
[MOE_TRACE] Group:0 Prob:0.82348 Alpha:0.50059
[MOE_TRACE] Group:1 Prob:0.34725 Alpha:0.50243
[MOE_TRACE] Group:2 Prob:0.82056 Alpha:0.50098
[MOE_TRACE] Group:0 Prob:0.83137 Alpha:0.50059
[MOE_TRACE] Group:1 Prob:0.34706 Alpha:0.50243
[MOE_TRACE] Group:2 Prob:0.81594 Alpha:0.50098
[MOE_TRACE] Group:0 Prob:0.83137 Alpha:0.50059
[MOE_TRACE] Group:1 Prob:0.34706 Alpha:0.50243
[MOE_TRACE] Group:2 Prob:0.81594 Alpha:0.50098
[MOE_TRACE] Group:0 Prob:0.83137 Alpha:0.50059
[MOE_TRACE] Group:1 Prob:0.34706 Alpha:0.50243
[MOE_TRACE] Group:2 Prob:0.81594 Alpha:0.50098
[MOE_TRACE] Group:0 Prob:0.83137 Alpha:0.50059
[MOE_TRACE] Group:1 Prob:0.34706 Alpha:0.50243
[MOE_TRACE] Group:2 Prob:0.81594 Alpha:0.50098
[MOE_TRACE] Group:0 Prob:0.81875 Alpha:0.50059
[MOE_TRACE] Group:1 Prob:0.34075 Alpha:0.50243
[MOE_TRACE] Group:2 Prob:0.81799 Alpha:0.50098
[MOE_TRACE] Group:0 Prob:0.81875 Alpha:0.50059
[MOE_TRACE] Group:1 Prob:0.34075 Alpha:0.50243
[MOE_TRACE] Group:2 Prob:0.81799 Alpha:0.50098
[MOE_TRACE] Group:0 Prob:0.81875 Alpha:0.50059
[MOE_TRACE] Group:1 Prob:0.34075 Alpha:0.50243
[MOE_TRACE] Group:2 Prob:0.81799 Alpha:0.50098
[MOE_TRACE] Group:0 Prob:0.81875 Alpha:0.50059
[MOE_TRACE] Group:1 Prob:0.34075 Alpha:0.50243
[MOE_TRACE] Group:2 Prob:0.81799 Alpha:0.50098
[MOE_TRACE] Group:0 Prob:0.81697 Alpha:0.50059
[MOE_TRACE] Group:1 Prob:0.33881 Alpha:0.50243
[MOE_TRACE] Group:2 Prob:0.82442 Alpha:0.50098
[MOE_TRACE] Group:0 Prob:0.81697 Alpha:0.50059
[MOE_TRACE] Group:1 Prob:0.33881 Alpha:0.50243
[MOE_TRACE] Group:2 Prob:0.82442 Alpha:0.50098
[MOE_TRACE] Group:0 Prob:0.81697 Alpha:0.50059[MOE_TRACE] Group:0 Prob:0.81697 Alpha:0.50059

[MOE_TRACE] Group:1 Prob:0.33881 Alpha:0.50243
[MOE_TRACE] Group:1 Prob:0.33881 Alpha:0.50243
[MOE_TRACE] Group:2 Prob:0.82442 Alpha:0.50098[MOE_TRACE] Group:2 Prob:0.82442 Alpha:0.50098

[MOE_TRACE] Group:0 Prob:0.81822 Alpha:0.50059
[MOE_TRACE] Group:0 Prob:0.81822 Alpha:0.50059
[MOE_TRACE] Group:1 Prob:0.35210 Alpha:0.50243
[MOE_TRACE] Group:1 Prob:0.35210 Alpha:0.50243
[MOE_TRACE] Group:2 Prob:0.81649 Alpha:0.50098[MOE_TRACE] Group:2 Prob:0.81649 Alpha:0.50098

[MOE_TRACE] Group:0 Prob:0.81822 Alpha:0.50059
[MOE_TRACE] Group:1 Prob:0.35210 Alpha:0.50243
[MOE_TRACE] Group:2 Prob:0.81649 Alpha:0.50098
[MOE_TRACE] Group:0 Prob:0.81822 Alpha:0.50059
[MOE_TRACE] Group:1 Prob:0.35210 Alpha:0.50243
[MOE_TRACE] Group:2 Prob:0.81649 Alpha:0.50098
[MOE_TRACE] Group:0 Prob:0.81541 Alpha:0.50059
[MOE_TRACE] Group:0 Prob:0.81541 Alpha:0.50059
[MOE_TRACE] Group:1 Prob:0.34018 Alpha:0.50243
[MOE_TRACE] Group:2 Prob:0.82088 Alpha:0.50098
[MOE_TRACE] Group:1 Prob:0.34018 Alpha:0.50243
[MOE_TRACE] Group:2 Prob:0.82088 Alpha:0.50098
[MOE_TRACE] Group:0 Prob:0.81541 Alpha:0.50059
[MOE_TRACE] Group:1 Prob:0.34018 Alpha:0.50243
[MOE_TRACE] Group:2 Prob:0.82088 Alpha:0.50098
[MOE_TRACE] Group:0 Prob:0.81541 Alpha:0.50059
[MOE_TRACE] Group:1 Prob:0.34018 Alpha:0.50243
[MOE_TRACE] Group:2 Prob:0.82088 Alpha:0.50098
[MOE_TRACE] Group:0 Prob:0.81451 Alpha:0.50059
[MOE_TRACE] Group:1 Prob:0.34924 Alpha:0.50243
[MOE_TRACE] Group:2 Prob:0.81108 Alpha:0.50098
[MOE_TRACE] Group:0 Prob:0.81451 Alpha:0.50059
[MOE_TRACE] Group:1 Prob:0.34924 Alpha:0.50243
[MOE_TRACE] Group:2 Prob:0.81108 Alpha:0.50098
[MOE_TRACE] Group:0 Prob:0.81451 Alpha:0.50059
[MOE_TRACE] Group:1 Prob:0.34924 Alpha:0.50243
[MOE_TRACE] Group:2 Prob:0.81108 Alpha:0.50098
[MOE_TRACE] Group:0 Prob:0.81451 Alpha:0.50059
[MOE_TRACE] Group:1 Prob:0.34924 Alpha:0.50243
[MOE_TRACE] Group:2 Prob:0.81108 Alpha:0.50098
[MOE_TRACE] Group:0 Prob:0.82377 Alpha:0.50059
[MOE_TRACE] Group:1 Prob:0.35214 Alpha:0.50243
[MOE_TRACE] Group:2 Prob:0.82246 Alpha:0.50098
[MOE_TRACE] Group:0 Prob:0.82377 Alpha:0.50059
[MOE_TRACE] Group:1 Prob:0.35214 Alpha:0.50243
[MOE_TRACE] Group:2 Prob:0.82246 Alpha:0.50098
[MOE_TRACE] Group:0 Prob:0.82377 Alpha:0.50059
[MOE_TRACE] Group:1 Prob:0.35214 Alpha:0.50243
[MOE_TRACE] Group:2 Prob:0.81935 Alpha:0.50098
[MOE_TRACE] Group:0 Prob:0.82377 Alpha:0.50059
[MOE_TRACE] Group:1 Prob:0.35214 Alpha:0.50243
[MOE_TRACE] Group:2 Prob:0.81935 Alpha:0.50098
[MOE_TRACE] Group:0 Prob:0.81814 Alpha:0.50059
[MOE_TRACE] Group:1 Prob:0.34456 Alpha:0.50243
[MOE_TRACE] Group:2 Prob:0.82011 Alpha:0.50098
[MOE_TRACE] Group:0 Prob:0.81814 Alpha:0.50059
[MOE_TRACE] Group:1 Prob:0.34456 Alpha:0.50243
[MOE_TRACE] Group:2 Prob:0.82496 Alpha:0.50098
[MOE_TRACE] Group:0 Prob:0.81814 Alpha:0.50059
[MOE_TRACE] Group:1 Prob:0.34456 Alpha:0.50243
[MOE_TRACE] Group:2 Prob:0.82496 Alpha:0.50098
[MOE_TRACE] Group:0 Prob:0.81814 Alpha:0.50059
[MOE_TRACE] Group:1 Prob:0.34456 Alpha:0.50243
[MOE_TRACE] Group:2 Prob:0.82496 Alpha:0.50098
[MOE_TRACE] Group:0 Prob:0.82543 Alpha:0.50059
[MOE_TRACE] Group:1 Prob:0.33931 Alpha:0.50243
[MOE_TRACE] Group:2 Prob:0.81753 Alpha:0.50098
[MOE_TRACE] Group:0 Prob:0.82543 Alpha:0.50059
[MOE_TRACE] Group:1 Prob:0.33931 Alpha:0.50243
[MOE_TRACE] Group:2 Prob:0.81753 Alpha:0.50098
[MOE_TRACE] Group:0 Prob:0.82543 Alpha:0.50059
[MOE_TRACE] Group:1 Prob:0.33931 Alpha:0.50243
[MOE_TRACE] Group:0 Prob:0.82543 Alpha:0.50059[MOE_TRACE] Group:2 Prob:0.81753 Alpha:0.50098

[MOE_TRACE] Group:1 Prob:0.33931 Alpha:0.50243
[MOE_TRACE] Group:2 Prob:0.81753 Alpha:0.50098
[MOE_TRACE] Group:0 Prob:0.82021 Alpha:0.50059[MOE_TRACE] Group:0 Prob:0.82021 Alpha:0.50059

[MOE_TRACE] Group:1 Prob:0.35162 Alpha:0.50243
[MOE_TRACE] Group:1 Prob:0.35162 Alpha:0.50243
[MOE_TRACE] Group:2 Prob:0.81576 Alpha:0.50098
[MOE_TRACE] Group:2 Prob:0.81576 Alpha:0.50098
[MOE_TRACE] Group:0 Prob:0.82021 Alpha:0.50059
[MOE_TRACE] Group:1 Prob:0.35162 Alpha:0.50243
[MOE_TRACE] Group:2 Prob:0.81576 Alpha:0.50098
[MOE_TRACE] Group:0 Prob:0.82021 Alpha:0.50059
[MOE_TRACE] Group:1 Prob:0.35162 Alpha:0.50243
[MOE_TRACE] Group:2 Prob:0.81576 Alpha:0.50098
[MOE_TRACE] Group:0 Prob:0.81489 Alpha:0.50059
[MOE_TRACE] Group:1 Prob:0.34851 Alpha:0.50243
[MOE_TRACE] Group:2 Prob:0.81729 Alpha:0.50098
[MOE_TRACE] Group:0 Prob:0.81489 Alpha:0.50059
[MOE_TRACE] Group:1 Prob:0.34851 Alpha:0.50243
[MOE_TRACE] Group:2 Prob:0.81729 Alpha:0.50098
[MOE_TRACE] Group:0 Prob:0.81489 Alpha:0.50059
[MOE_TRACE] Group:1 Prob:0.34851 Alpha:0.50243
[MOE_TRACE] Group:2 Prob:0.81729 Alpha:0.50098
[MOE_TRACE] Group:0 Prob:0.81489 Alpha:0.50059
[MOE_TRACE] Group:1 Prob:0.34851 Alpha:0.50243
[MOE_TRACE] Group:2 Prob:0.81729 Alpha:0.50098
[MOE_TRACE] Group:0 Prob:0.82837 Alpha:0.50059
[MOE_TRACE] Group:0 Prob:0.82837 Alpha:0.50059
[MOE_TRACE] Group:1 Prob:0.35262 Alpha:0.50243
[MOE_TRACE] Group:1 Prob:0.35262 Alpha:0.50243
[MOE_TRACE] Group:2 Prob:0.82354 Alpha:0.50098
[MOE_TRACE] Group:2 Prob:0.82354 Alpha:0.50098
[MOE_TRACE] Group:0 Prob:0.82837 Alpha:0.50059
[MOE_TRACE] Group:1 Prob:0.35262 Alpha:0.50243
[MOE_TRACE] Group:2 Prob:0.82354 Alpha:0.50098
[MOE_TRACE] Group:0 Prob:0.82837 Alpha:0.50059
[MOE_TRACE] Group:1 Prob:0.35262 Alpha:0.50243
[MOE_TRACE] Group:2 Prob:0.82354 Alpha:0.50098
[MOE_TRACE] Group:0 Prob:0.82455 Alpha:0.50059
[MOE_TRACE] Group:1 Prob:0.34451 Alpha:0.50243
[MOE_TRACE] Group:2 Prob:0.81979 Alpha:0.50098
[MOE_TRACE] Group:0 Prob:0.82455 Alpha:0.50059
[MOE_TRACE] Group:1 Prob:0.34451 Alpha:0.50243
[MOE_TRACE] Group:2 Prob:0.82223 Alpha:0.50098
[MOE_TRACE] Group:0 Prob:0.82455 Alpha:0.50059
[MOE_TRACE] Group:1 Prob:0.34451 Alpha:0.50243
[MOE_TRACE] Group:2 Prob:0.82223 Alpha:0.50098
[MOE_TRACE] Group:0 Prob:0.82455 Alpha:0.50059
[MOE_TRACE] Group:1 Prob:0.34451 Alpha:0.50243
[MOE_TRACE] Group:2 Prob:0.82223 Alpha:0.50098
[MOE_TRACE] Group:0 Prob:0.81952 Alpha:0.50059
[MOE_TRACE] Group:1 Prob:0.33715 Alpha:0.50243
[MOE_TRACE] Group:2 Prob:0.81784 Alpha:0.50098
[MOE_TRACE] Group:0 Prob:0.81952 Alpha:0.50059
[MOE_TRACE] Group:1 Prob:0.33715 Alpha:0.50243
[MOE_TRACE] Group:2 Prob:0.81784 Alpha:0.50098
[MOE_TRACE] Group:0 Prob:0.81952 Alpha:0.50059
[MOE_TRACE] Group:1 Prob:0.33715 Alpha:0.50243
[MOE_TRACE] Group:0 Prob:0.81952 Alpha:0.50059[MOE_TRACE] Group:2 Prob:0.81784 Alpha:0.50098

[MOE_TRACE] Group:1 Prob:0.33715 Alpha:0.50243
[MOE_TRACE] Group:2 Prob:0.81784 Alpha:0.50098
[MOE_TRACE] Group:0 Prob:0.82678 Alpha:0.50059
[MOE_TRACE] Group:1 Prob:0.34926 Alpha:0.50243
[MOE_TRACE] Group:0 Prob:0.82678 Alpha:0.50059
[MOE_TRACE] Group:2 Prob:0.81972 Alpha:0.50098
[MOE_TRACE] Group:1 Prob:0.34926 Alpha:0.50243
[MOE_TRACE] Group:2 Prob:0.81972 Alpha:0.50098
[MOE_TRACE] Group:0 Prob:0.82678 Alpha:0.50059
[MOE_TRACE] Group:1 Prob:0.34926 Alpha:0.50243
[MOE_TRACE] Group:2 Prob:0.81972 Alpha:0.50098
[MOE_TRACE] Group:0 Prob:0.82678 Alpha:0.50059
[MOE_TRACE] Group:1 Prob:0.34926 Alpha:0.50243
[MOE_TRACE] Group:2 Prob:0.81972 Alpha:0.50098
[MOE_TRACE] Group:0 Prob:0.81886 Alpha:0.50059[MOE_TRACE] Group:0 Prob:0.81886 Alpha:0.50059

[MOE_TRACE] Group:1 Prob:0.34944 Alpha:0.50243[MOE_TRACE] Group:1 Prob:0.34944 Alpha:0.50243

[MOE_TRACE] Group:2 Prob:0.82129 Alpha:0.50098
[MOE_TRACE] Group:2 Prob:0.82129 Alpha:0.50098
[MOE_TRACE] Group:0 Prob:0.81886 Alpha:0.50059
[MOE_TRACE] Group:1 Prob:0.34944 Alpha:0.50243
[MOE_TRACE] Group:2 Prob:0.82129 Alpha:0.50098
[MOE_TRACE] Group:0 Prob:0.81886 Alpha:0.50059
[MOE_TRACE] Group:1 Prob:0.34944 Alpha:0.50243
[MOE_TRACE] Group:2 Prob:0.82129 Alpha:0.50098
[MOE_TRACE] Group:0 Prob:0.82840 Alpha:0.50059[MOE_TRACE] Group:0 Prob:0.82840 Alpha:0.50059

[MOE_TRACE] Group:1 Prob:0.34378 Alpha:0.50243[MOE_TRACE] Group:1 Prob:0.34378 Alpha:0.50243

[MOE_TRACE] Group:2 Prob:0.82449 Alpha:0.50098[MOE_TRACE] Group:2 Prob:0.82449 Alpha:0.50098

[MOE_TRACE] Group:0 Prob:0.82840 Alpha:0.50059
[MOE_TRACE] Group:1 Prob:0.34378 Alpha:0.50243
[MOE_TRACE] Group:2 Prob:0.82449 Alpha:0.50098
[MOE_TRACE] Group:0 Prob:0.82840 Alpha:0.50059
[MOE_TRACE] Group:1 Prob:0.34378 Alpha:0.50243
[MOE_TRACE] Group:2 Prob:0.82449 Alpha:0.50098
[MOE_TRACE] Group:0 Prob:0.82941 Alpha:0.50059
[MOE_TRACE] Group:1 Prob:0.34488 Alpha:0.50243
[MOE_TRACE] Group:2 Prob:0.82210 Alpha:0.50098
[MOE_TRACE] Group:0 Prob:0.82941 Alpha:0.50059
[MOE_TRACE] Group:1 Prob:0.34488 Alpha:0.50243
[MOE_TRACE] Group:2 Prob:0.82210 Alpha:0.50098
[MOE_TRACE] Group:0 Prob:0.82941 Alpha:0.50059
[MOE_TRACE] Group:1 Prob:0.34488 Alpha:0.50243
[MOE_TRACE] Group:2 Prob:0.82210 Alpha:0.50098
[MOE_TRACE] Group:0 Prob:0.82941 Alpha:0.50059
[MOE_TRACE] Group:1 Prob:0.34488 Alpha:0.50243
[MOE_TRACE] Group:2 Prob:0.82210 Alpha:0.50098
[MOE_TRACE] Group:0 Prob:0.82653 Alpha:0.50059
[MOE_TRACE] Group:1 Prob:0.34359 Alpha:0.50243
[MOE_TRACE] Group:2 Prob:0.82017 Alpha:0.50098
[MOE_TRACE] Group:0 Prob:0.82653 Alpha:0.50059
[MOE_TRACE] Group:0 Prob:0.82653 Alpha:0.50059
[MOE_TRACE] Group:1 Prob:0.34359 Alpha:0.50243
[MOE_TRACE] Group:1 Prob:0.34359 Alpha:0.50243
[MOE_TRACE] Group:2 Prob:0.82017 Alpha:0.50098[MOE_TRACE] Group:2 Prob:0.82017 Alpha:0.50098

[MOE_TRACE] Group:0 Prob:0.82653 Alpha:0.50059
[MOE_TRACE] Group:1 Prob:0.34359 Alpha:0.50243
[MOE_TRACE] Group:2 Prob:0.82017 Alpha:0.50098
[MOE_TRACE] Group:0 Prob:0.83709 Alpha:0.50059
[MOE_TRACE] Group:1 Prob:0.35701 Alpha:0.50243
[MOE_TRACE] Group:0 Prob:0.83709 Alpha:0.50059
[MOE_TRACE] Group:2 Prob:0.82269 Alpha:0.50098
[MOE_TRACE] Group:1 Prob:0.35701 Alpha:0.50243
[MOE_TRACE] Group:2 Prob:0.82269 Alpha:0.50098
[MOE_TRACE] Group:0 Prob:0.83709 Alpha:0.50059
[MOE_TRACE] Group:1 Prob:0.35701 Alpha:0.50243
[MOE_TRACE] Group:2 Prob:0.82269 Alpha:0.50098
[MOE_TRACE] Group:0 Prob:0.83709 Alpha:0.50059
[MOE_TRACE] Group:1 Prob:0.35701 Alpha:0.50243
[MOE_TRACE] Group:2 Prob:0.82269 Alpha:0.50098
[MOE_TRACE] Group:0 Prob:0.82642 Alpha:0.50059
[MOE_TRACE] Group:1 Prob:0.35009 Alpha:0.50243
[MOE_TRACE] Group:0 Prob:0.82642 Alpha:0.50059[MOE_TRACE] Group:0 Prob:0.82642 Alpha:0.50059

[MOE_TRACE] Group:1 Prob:0.35009 Alpha:0.50243
[MOE_TRACE] Group:2 Prob:0.82272 Alpha:0.50098[MOE_TRACE] Group:1 Prob:0.35009 Alpha:0.50243

[MOE_TRACE] Group:2 Prob:0.82272 Alpha:0.50098[MOE_TRACE] Group:2 Prob:0.82272 Alpha:0.50098

[MOE_TRACE] Group:0 Prob:0.82642 Alpha:0.50059
[MOE_TRACE] Group:1 Prob:0.35009 Alpha:0.50243
[MOE_TRACE] Group:2 Prob:0.81954 Alpha:0.50098
[MOE_TRACE] Group:0 Prob:0.82163 Alpha:0.50059
[MOE_TRACE] Group:1 Prob:0.34460 Alpha:0.50243
[MOE_TRACE] Group:2 Prob:0.81749 Alpha:0.50098
[MOE_TRACE] Group:0 Prob:0.82163 Alpha:0.50059
[MOE_TRACE] Group:1 Prob:0.34460 Alpha:0.50243
[MOE_TRACE] Group:2 Prob:0.81749 Alpha:0.50098
[MOE_TRACE] Group:0 Prob:0.82163 Alpha:0.50059
[MOE_TRACE] Group:1 Prob:0.34460 Alpha:0.50243
[MOE_TRACE] Group:2 Prob:0.81749 Alpha:0.50098
[MOE_TRACE] Group:0 Prob:0.82163 Alpha:0.50059
[MOE_TRACE] Group:1 Prob:0.34460 Alpha:0.50243
[MOE_TRACE] Group:2 Prob:0.81749 Alpha:0.50098
[MOE_TRACE] Group:0 Prob:0.82083 Alpha:0.50059
[MOE_TRACE] Group:1 Prob:0.35073 Alpha:0.50243
[MOE_TRACE] Group:2 Prob:0.82140 Alpha:0.50098
[MOE_TRACE] Group:0 Prob:0.82083 Alpha:0.50059
[MOE_TRACE] Group:1 Prob:0.35073 Alpha:0.50243
[MOE_TRACE] Group:2 Prob:0.82140 Alpha:0.50098
[MOE_TRACE] Group:0 Prob:0.82083 Alpha:0.50059
[MOE_TRACE] Group:0 Prob:0.82083 Alpha:0.50059
[MOE_TRACE] Group:1 Prob:0.35073 Alpha:0.50243
[MOE_TRACE] Group:1 Prob:0.35073 Alpha:0.50243[MOE_TRACE] Group:2 Prob:0.82140 Alpha:0.50098

[MOE_TRACE] Group:2 Prob:0.82140 Alpha:0.50098
[MOE_TRACE] Group:0 Prob:0.83120 Alpha:0.50059
[MOE_TRACE] Group:1 Prob:0.34627 Alpha:0.50243
[MOE_TRACE] Group:2 Prob:0.82069 Alpha:0.50098
[MOE_TRACE] Group:0 Prob:0.83120 Alpha:0.50059
[MOE_TRACE] Group:1 Prob:0.34627 Alpha:0.50243
[MOE_TRACE] Group:2 Prob:0.82069 Alpha:0.50098
[MOE_TRACE] Group:0 Prob:0.83120 Alpha:0.50059
[MOE_TRACE] Group:1 Prob:0.34627 Alpha:0.50243
[MOE_TRACE] Group:2 Prob:0.82069 Alpha:0.50098
[MOE_TRACE] Group:0 Prob:0.83120 Alpha:0.50059
[MOE_TRACE] Group:1 Prob:0.34627 Alpha:0.50243
[MOE_TRACE] Group:2 Prob:0.82069 Alpha:0.50098
[MOE_TRACE] Group:0 Prob:0.82617 Alpha:0.50059
[MOE_TRACE] Group:0 Prob:0.82617 Alpha:0.50059[MOE_TRACE] Group:1 Prob:0.34454 Alpha:0.50243

[MOE_TRACE] Group:0 Prob:0.82617 Alpha:0.50059
[MOE_TRACE] Group:1 Prob:0.34454 Alpha:0.50243
[MOE_TRACE] Group:2 Prob:0.82136 Alpha:0.50098
[MOE_TRACE] Group:1 Prob:0.34454 Alpha:0.50243
[MOE_TRACE] Group:2 Prob:0.82136 Alpha:0.50098
[MOE_TRACE] Group:2 Prob:0.82136 Alpha:0.50098
[MOE_TRACE] Group:0 Prob:0.82617 Alpha:0.50059
[MOE_TRACE] Group:1 Prob:0.34454 Alpha:0.50243
[MOE_TRACE] Group:2 Prob:0.82136 Alpha:0.50098
[MOE_TRACE] Group:0 Prob:0.82761 Alpha:0.50059
[MOE_TRACE] Group:1 Prob:0.34739 Alpha:0.50243
[MOE_TRACE] Group:2 Prob:0.82144 Alpha:0.50098
[MOE_TRACE] Group:0 Prob:0.82761 Alpha:0.50059
[MOE_TRACE] Group:1 Prob:0.34739 Alpha:0.50243
[MOE_TRACE] Group:2 Prob:0.82144 Alpha:0.50098
[MOE_TRACE] Group:0 Prob:0.82761 Alpha:0.50059
[MOE_TRACE] Group:1 Prob:0.34739 Alpha:0.50243
[MOE_TRACE] Group:2 Prob:0.82144 Alpha:0.50098
[MOE_TRACE] Group:0 Prob:0.82761 Alpha:0.50059
[MOE_TRACE] Group:1 Prob:0.34739 Alpha:0.50243
[MOE_TRACE] Group:2 Prob:0.82144 Alpha:0.50098
[MOE_TRACE] Group:0 Prob:0.81621 Alpha:0.50059
[MOE_TRACE] Group:1 Prob:0.35391 Alpha:0.50243
[MOE_TRACE] Group:0 Prob:0.81621 Alpha:0.50059
[MOE_TRACE] Group:2 Prob:0.82223 Alpha:0.50098
[MOE_TRACE] Group:1 Prob:0.35391 Alpha:0.50243
[MOE_TRACE] Group:2 Prob:0.82223 Alpha:0.50098
[MOE_TRACE] Group:0 Prob:0.81621 Alpha:0.50059
[MOE_TRACE] Group:1 Prob:0.35391 Alpha:0.50243
[MOE_TRACE] Group:2 Prob:0.81429 Alpha:0.50098
[MOE_TRACE] Group:0 Prob:0.81621 Alpha:0.50059
[MOE_TRACE] Group:1 Prob:0.35391 Alpha:0.50243
[MOE_TRACE] Group:2 Prob:0.81429 Alpha:0.50098
[MOE_TRACE] Group:0 Prob:0.82678 Alpha:0.50059
[MOE_TRACE] Group:0 Prob:0.82678 Alpha:0.50059
[MOE_TRACE] Group:0 Prob:0.82678 Alpha:0.50059[MOE_TRACE] Group:1 Prob:0.33721 Alpha:0.50243

[MOE_TRACE] Group:1 Prob:0.33721 Alpha:0.50243[MOE_TRACE] Group:2 Prob:0.82350 Alpha:0.50098[MOE_TRACE] Group:1 Prob:0.33721 Alpha:0.50243


[MOE_TRACE] Group:2 Prob:0.82350 Alpha:0.50098
[MOE_TRACE] Group:2 Prob:0.82350 Alpha:0.50098
[MOE_TRACE] Group:0 Prob:0.82678 Alpha:0.50059
[MOE_TRACE] Group:1 Prob:0.33721 Alpha:0.50243
[MOE_TRACE] Group:2 Prob:0.82350 Alpha:0.50098
[MOE_TRACE] Group:0 Prob:0.80848 Alpha:0.50059
[MOE_TRACE] Group:1 Prob:0.34653 Alpha:0.50243
[MOE_TRACE] Group:2 Prob:0.82075 Alpha:0.50098
[MOE_TRACE] Group:0 Prob:0.80848 Alpha:0.50059
[MOE_TRACE] Group:1 Prob:0.34653 Alpha:0.50243
[MOE_TRACE] Group:2 Prob:0.81567 Alpha:0.50098
[MOE_TRACE] Group:0 Prob:0.80848 Alpha:0.50059
[MOE_TRACE] Group:1 Prob:0.34653 Alpha:0.50243
[MOE_TRACE] Group:2 Prob:0.81567 Alpha:0.50098
[MOE_TRACE] Group:0 Prob:0.80848 Alpha:0.50059
[MOE_TRACE] Group:1 Prob:0.34653 Alpha:0.50243
[MOE_TRACE] Group:2 Prob:0.81567 Alpha:0.50098
[MOE_TRACE] Group:0 Prob:0.82505 Alpha:0.50059
[MOE_TRACE] Group:0 Prob:0.82505 Alpha:0.50059
[MOE_TRACE] Group:0 Prob:0.82505 Alpha:0.50059[MOE_TRACE] Group:1 Prob:0.34118 Alpha:0.50243

[MOE_TRACE] Group:1 Prob:0.34118 Alpha:0.50243
[MOE_TRACE] Group:1 Prob:0.34118 Alpha:0.50243
[MOE_TRACE] Group:2 Prob:0.81946 Alpha:0.50098
[MOE_TRACE] Group:2 Prob:0.81946 Alpha:0.50098
[MOE_TRACE] Group:2 Prob:0.81946 Alpha:0.50098
[MOE_TRACE] Group:0 Prob:0.82505 Alpha:0.50059
[MOE_TRACE] Group:1 Prob:0.34118 Alpha:0.50243
[MOE_TRACE] Group:2 Prob:0.81946 Alpha:0.50098
[MOE_TRACE] Group:0 Prob:0.83476 Alpha:0.50059
[MOE_TRACE] Group:0 Prob:0.83476 Alpha:0.50059[MOE_TRACE] Group:1 Prob:0.34162 Alpha:0.50243

[MOE_TRACE] Group:1 Prob:0.34162 Alpha:0.50243
[MOE_TRACE] Group:2 Prob:0.82134 Alpha:0.50098
[MOE_TRACE] Group:2 Prob:0.82134 Alpha:0.50098
[MOE_TRACE] Group:0 Prob:0.83476 Alpha:0.50059
[MOE_TRACE] Group:0 Prob:0.83476 Alpha:0.50059
[MOE_TRACE] Group:1 Prob:0.34162 Alpha:0.50243
[MOE_TRACE] Group:1 Prob:0.34162 Alpha:0.50243
[MOE_TRACE] Group:2 Prob:0.82134 Alpha:0.50098
[MOE_TRACE] Group:2 Prob:0.82134 Alpha:0.50098
[MOE_TRACE] Group:0 Prob:0.82125 Alpha:0.50059
[MOE_TRACE] Group:1 Prob:0.34895 Alpha:0.50243
[MOE_TRACE] Group:2 Prob:0.82094 Alpha:0.50098
[MOE_TRACE] Group:0 Prob:0.82125 Alpha:0.50059
[MOE_TRACE] Group:1 Prob:0.34895 Alpha:0.50243
[MOE_TRACE] Group:2 Prob:0.82094 Alpha:0.50098
[MOE_TRACE] Group:0 Prob:0.82125 Alpha:0.50059
[MOE_TRACE] Group:1 Prob:0.34895 Alpha:0.50243
[MOE_TRACE] Group:2 Prob:0.82094 Alpha:0.50098
[MOE_TRACE] Group:0 Prob:0.82125 Alpha:0.50059
[MOE_TRACE] Group:1 Prob:0.34895 Alpha:0.50243
[MOE_TRACE] Group:2 Prob:0.82094 Alpha:0.50098
	iters: 100, epoch: 10 | loss: 0.3147592
	speed: 4.4350s/iter; left time: 212.8813s
[MOE_TRACE] Group:0 Prob:0.81131 Alpha:0.50059
[MOE_TRACE] Group:0 Prob:0.81131 Alpha:0.50059
[MOE_TRACE] Group:1 Prob:0.34198 Alpha:0.50243
[MOE_TRACE] Group:1 Prob:0.34198 Alpha:0.50243
[MOE_TRACE] Group:2 Prob:0.82468 Alpha:0.50098
[MOE_TRACE] Group:2 Prob:0.82468 Alpha:0.50098
[MOE_TRACE] Group:0 Prob:0.81131 Alpha:0.50059
[MOE_TRACE] Group:1 Prob:0.34198 Alpha:0.50243
[MOE_TRACE] Group:2 Prob:0.82468 Alpha:0.50098
[MOE_TRACE] Group:0 Prob:0.81131 Alpha:0.50059
[MOE_TRACE] Group:1 Prob:0.34198 Alpha:0.50243
[MOE_TRACE] Group:2 Prob:0.82468 Alpha:0.50098
[MOE_TRACE] Group:0 Prob:0.82687 Alpha:0.50059
[MOE_TRACE] Group:1 Prob:0.34008 Alpha:0.50243
[MOE_TRACE] Group:2 Prob:0.81887 Alpha:0.50098
[MOE_TRACE] Group:0 Prob:0.82687 Alpha:0.50059[MOE_TRACE] Group:0 Prob:0.82687 Alpha:0.50059

[MOE_TRACE] Group:1 Prob:0.34008 Alpha:0.50243
[MOE_TRACE] Group:1 Prob:0.34008 Alpha:0.50243
[MOE_TRACE] Group:2 Prob:0.81887 Alpha:0.50098
[MOE_TRACE] Group:2 Prob:0.81887 Alpha:0.50098
[MOE_TRACE] Group:0 Prob:0.82687 Alpha:0.50059
[MOE_TRACE] Group:1 Prob:0.34008 Alpha:0.50243
[MOE_TRACE] Group:2 Prob:0.81887 Alpha:0.50098
[MOE_TRACE] Group:0 Prob:0.82043 Alpha:0.50059
[MOE_TRACE] Group:1 Prob:0.34302 Alpha:0.50243
[MOE_TRACE] Group:2 Prob:0.81882 Alpha:0.50098
[MOE_TRACE] Group:0 Prob:0.82043 Alpha:0.50059
[MOE_TRACE] Group:1 Prob:0.34302 Alpha:0.50243
[MOE_TRACE] Group:2 Prob:0.81882 Alpha:0.50098
[MOE_TRACE] Group:0 Prob:0.82043 Alpha:0.50059
[MOE_TRACE] Group:1 Prob:0.34302 Alpha:0.50243
[MOE_TRACE] Group:2 Prob:0.81882 Alpha:0.50098
[MOE_TRACE] Group:0 Prob:0.82043 Alpha:0.50059
[MOE_TRACE] Group:1 Prob:0.34302 Alpha:0.50243
[MOE_TRACE] Group:2 Prob:0.81882 Alpha:0.50098
[MOE_TRACE] Group:0 Prob:0.82047 Alpha:0.50059
[MOE_TRACE] Group:1 Prob:0.34306 Alpha:0.50243
[MOE_TRACE] Group:2 Prob:0.82532 Alpha:0.50098[MOE_TRACE] Group:0 Prob:0.82047 Alpha:0.50059

[MOE_TRACE] Group:1 Prob:0.34306 Alpha:0.50243
[MOE_TRACE] Group:2 Prob:0.82532 Alpha:0.50098
[MOE_TRACE] Group:0 Prob:0.82047 Alpha:0.50059
[MOE_TRACE] Group:1 Prob:0.34306 Alpha:0.50243
[MOE_TRACE] Group:2 Prob:0.82532 Alpha:0.50098
[MOE_TRACE] Group:0 Prob:0.82047 Alpha:0.50059
[MOE_TRACE] Group:1 Prob:0.34306 Alpha:0.50243
[MOE_TRACE] Group:2 Prob:0.82532 Alpha:0.50098
[MOE_TRACE] Group:0 Prob:0.82526 Alpha:0.50059
[MOE_TRACE] Group:1 Prob:0.34382 Alpha:0.50243
[MOE_TRACE] Group:2 Prob:0.81753 Alpha:0.50098
[MOE_TRACE] Group:0 Prob:0.82526 Alpha:0.50059
[MOE_TRACE] Group:1 Prob:0.34382 Alpha:0.50243
[MOE_TRACE] Group:2 Prob:0.81753 Alpha:0.50098
[MOE_TRACE] Group:0 Prob:0.82526 Alpha:0.50059
[MOE_TRACE] Group:1 Prob:0.34382 Alpha:0.50243
[MOE_TRACE] Group:2 Prob:0.81753 Alpha:0.50098
[MOE_TRACE] Group:0 Prob:0.82526 Alpha:0.50059
[MOE_TRACE] Group:1 Prob:0.34382 Alpha:0.50243
[MOE_TRACE] Group:2 Prob:0.81753 Alpha:0.50098
[MOE_TRACE] Group:0 Prob:0.82585 Alpha:0.50059
[MOE_TRACE] Group:0 Prob:0.82585 Alpha:0.50059
[MOE_TRACE] Group:1 Prob:0.34430 Alpha:0.50243
[MOE_TRACE] Group:2 Prob:0.81496 Alpha:0.50098
[MOE_TRACE] Group:1 Prob:0.34430 Alpha:0.50243
[MOE_TRACE] Group:2 Prob:0.81496 Alpha:0.50098
[MOE_TRACE] Group:0 Prob:0.82585 Alpha:0.50059
[MOE_TRACE] Group:1 Prob:0.34430 Alpha:0.50243
[MOE_TRACE] Group:2 Prob:0.81496 Alpha:0.50098
[MOE_TRACE] Group:0 Prob:0.82585 Alpha:0.50059
[MOE_TRACE] Group:1 Prob:0.34430 Alpha:0.50243
[MOE_TRACE] Group:2 Prob:0.81496 Alpha:0.50098
[MOE_TRACE] Group:0 Prob:0.82526 Alpha:0.50059
[MOE_TRACE] Group:1 Prob:0.35002 Alpha:0.50243
[MOE_TRACE] Group:2 Prob:0.81352 Alpha:0.50098
[MOE_TRACE] Group:0 Prob:0.82526 Alpha:0.50059
[MOE_TRACE] Group:1 Prob:0.35002 Alpha:0.50243
[MOE_TRACE] Group:2 Prob:0.81352 Alpha:0.50098
[MOE_TRACE] Group:0 Prob:0.82526 Alpha:0.50059
[MOE_TRACE] Group:1 Prob:0.35002 Alpha:0.50243
[MOE_TRACE] Group:2 Prob:0.82423 Alpha:0.50098
[MOE_TRACE] Group:0 Prob:0.82526 Alpha:0.50059
[MOE_TRACE] Group:1 Prob:0.35002 Alpha:0.50243
[MOE_TRACE] Group:2 Prob:0.82423 Alpha:0.50098
[MOE_TRACE] Group:0 Prob:0.82331 Alpha:0.50059
[MOE_TRACE] Group:1 Prob:0.34712 Alpha:0.50243
[MOE_TRACE] Group:2 Prob:0.82722 Alpha:0.50098
[MOE_TRACE] Group:0 Prob:0.82331 Alpha:0.50059
[MOE_TRACE] Group:1 Prob:0.34712 Alpha:0.50243
[MOE_TRACE] Group:2 Prob:0.82722 Alpha:0.50098
[MOE_TRACE] Group:0 Prob:0.82331 Alpha:0.50059
[MOE_TRACE] Group:1 Prob:0.34712 Alpha:0.50243
[MOE_TRACE] Group:2 Prob:0.82722 Alpha:0.50098
[MOE_TRACE] Group:0 Prob:0.82331 Alpha:0.50059
[MOE_TRACE] Group:1 Prob:0.34712 Alpha:0.50243
[MOE_TRACE] Group:2 Prob:0.82722 Alpha:0.50098
[MOE_TRACE] Group:0 Prob:0.82240 Alpha:0.50059
[MOE_TRACE] Group:1 Prob:0.35096 Alpha:0.50243
[MOE_TRACE] Group:0 Prob:0.82240 Alpha:0.50059
[MOE_TRACE] Group:2 Prob:0.81897 Alpha:0.50098
[MOE_TRACE] Group:1 Prob:0.35096 Alpha:0.50243
[MOE_TRACE] Group:2 Prob:0.81897 Alpha:0.50098
[MOE_TRACE] Group:0 Prob:0.82240 Alpha:0.50059
[MOE_TRACE] Group:1 Prob:0.35096 Alpha:0.50243
[MOE_TRACE] Group:2 Prob:0.81897 Alpha:0.50098
[MOE_TRACE] Group:0 Prob:0.82240 Alpha:0.50059
[MOE_TRACE] Group:1 Prob:0.35096 Alpha:0.50243
[MOE_TRACE] Group:2 Prob:0.81897 Alpha:0.50098
[MOE_TRACE] Group:0 Prob:0.81340 Alpha:0.50059
[MOE_TRACE] Group:1 Prob:0.34415 Alpha:0.50243
[MOE_TRACE] Group:0 Prob:0.81340 Alpha:0.50059
[MOE_TRACE] Group:2 Prob:0.81861 Alpha:0.50098
[MOE_TRACE] Group:1 Prob:0.34415 Alpha:0.50243
[MOE_TRACE] Group:2 Prob:0.81861 Alpha:0.50098
[MOE_TRACE] Group:0 Prob:0.81340 Alpha:0.50059
[MOE_TRACE] Group:1 Prob:0.34415 Alpha:0.50243
[MOE_TRACE] Group:2 Prob:0.81861 Alpha:0.50098
[MOE_TRACE] Group:0 Prob:0.81340 Alpha:0.50059
[MOE_TRACE] Group:1 Prob:0.34415 Alpha:0.50243
[MOE_TRACE] Group:2 Prob:0.81861 Alpha:0.50098
[MOE_TRACE] Group:0 Prob:0.82198 Alpha:0.50059
[MOE_TRACE] Group:1 Prob:0.33969 Alpha:0.50243
[MOE_TRACE] Group:2 Prob:0.82201 Alpha:0.50098
[MOE_TRACE] Group:0 Prob:0.82198 Alpha:0.50059
[MOE_TRACE] Group:0 Prob:0.82198 Alpha:0.50059
[MOE_TRACE] Group:1 Prob:0.33969 Alpha:0.50243
[MOE_TRACE] Group:1 Prob:0.33969 Alpha:0.50243
[MOE_TRACE] Group:2 Prob:0.82201 Alpha:0.50098
[MOE_TRACE] Group:2 Prob:0.82201 Alpha:0.50098
[MOE_TRACE] Group:0 Prob:0.82198 Alpha:0.50059
[MOE_TRACE] Group:1 Prob:0.33969 Alpha:0.50243
[MOE_TRACE] Group:2 Prob:0.82201 Alpha:0.50098
[MOE_TRACE] Group:0 Prob:0.81761 Alpha:0.50059
[MOE_TRACE] Group:0 Prob:0.81761 Alpha:0.50059
[MOE_TRACE] Group:1 Prob:0.33147 Alpha:0.50243
[MOE_TRACE] Group:1 Prob:0.33147 Alpha:0.50243
[MOE_TRACE] Group:2 Prob:0.81683 Alpha:0.50098
[MOE_TRACE] Group:2 Prob:0.81683 Alpha:0.50098
[MOE_TRACE] Group:0 Prob:0.81761 Alpha:0.50059
[MOE_TRACE] Group:1 Prob:0.33147 Alpha:0.50243
[MOE_TRACE] Group:2 Prob:0.81683 Alpha:0.50098
[MOE_TRACE] Group:0 Prob:0.81761 Alpha:0.50059
[MOE_TRACE] Group:1 Prob:0.33147 Alpha:0.50243
[MOE_TRACE] Group:2 Prob:0.81683 Alpha:0.50098
[MOE_TRACE] Group:0 Prob:0.82021 Alpha:0.50059
[MOE_TRACE] Group:0 Prob:0.82021 Alpha:0.50059
[MOE_TRACE] Group:0 Prob:0.82021 Alpha:0.50059
[MOE_TRACE] Group:1 Prob:0.33896 Alpha:0.50243
[MOE_TRACE] Group:1 Prob:0.33896 Alpha:0.50243
[MOE_TRACE] Group:1 Prob:0.33896 Alpha:0.50243[MOE_TRACE] Group:2 Prob:0.81937 Alpha:0.50098

[MOE_TRACE] Group:2 Prob:0.81937 Alpha:0.50098
[MOE_TRACE] Group:2 Prob:0.81937 Alpha:0.50098
[MOE_TRACE] Group:0 Prob:0.82021 Alpha:0.50059
[MOE_TRACE] Group:1 Prob:0.33896 Alpha:0.50243
[MOE_TRACE] Group:2 Prob:0.81937 Alpha:0.50098
[MOE_TRACE] Group:0 Prob:0.81680 Alpha:0.50059
[MOE_TRACE] Group:1 Prob:0.33950 Alpha:0.50243
[MOE_TRACE] Group:2 Prob:0.82604 Alpha:0.50098
[MOE_TRACE] Group:0 Prob:0.81680 Alpha:0.50059
[MOE_TRACE] Group:1 Prob:0.33950 Alpha:0.50243
[MOE_TRACE] Group:2 Prob:0.81984 Alpha:0.50098
[MOE_TRACE] Group:0 Prob:0.81680 Alpha:0.50059
[MOE_TRACE] Group:1 Prob:0.33950 Alpha:0.50243
[MOE_TRACE] Group:2 Prob:0.81984 Alpha:0.50098
[MOE_TRACE] Group:0 Prob:0.81680 Alpha:0.50059
[MOE_TRACE] Group:1 Prob:0.33950 Alpha:0.50243
[MOE_TRACE] Group:2 Prob:0.81984 Alpha:0.50098
[MOE_TRACE] Group:0 Prob:0.81176 Alpha:0.50059
[MOE_TRACE] Group:1 Prob:0.35239 Alpha:0.50243
[MOE_TRACE] Group:2 Prob:0.81805 Alpha:0.50098
[MOE_TRACE] Group:0 Prob:0.81176 Alpha:0.50059
[MOE_TRACE] Group:1 Prob:0.35239 Alpha:0.50243
[MOE_TRACE] Group:2 Prob:0.81805 Alpha:0.50098
[MOE_TRACE] Group:0 Prob:0.81176 Alpha:0.50059
[MOE_TRACE] Group:1 Prob:0.35239 Alpha:0.50243
[MOE_TRACE] Group:2 Prob:0.81805 Alpha:0.50098
[MOE_TRACE] Group:0 Prob:0.81176 Alpha:0.50059
[MOE_TRACE] Group:1 Prob:0.35239 Alpha:0.50243
[MOE_TRACE] Group:2 Prob:0.81805 Alpha:0.50098
[MOE_TRACE] Group:0 Prob:0.82080 Alpha:0.50059
[MOE_TRACE] Group:1 Prob:0.34383 Alpha:0.50243
[MOE_TRACE] Group:0 Prob:0.82080 Alpha:0.50059
[MOE_TRACE] Group:1 Prob:0.34383 Alpha:0.50243
[MOE_TRACE] Group:2 Prob:0.82390 Alpha:0.50098
[MOE_TRACE] Group:0 Prob:0.82080 Alpha:0.50059
[MOE_TRACE] Group:2 Prob:0.82390 Alpha:0.50098
[MOE_TRACE] Group:1 Prob:0.34383 Alpha:0.50243
[MOE_TRACE] Group:2 Prob:0.82390 Alpha:0.50098
[MOE_TRACE] Group:0 Prob:0.82080 Alpha:0.50059
[MOE_TRACE] Group:1 Prob:0.34383 Alpha:0.50243
[MOE_TRACE] Group:2 Prob:0.82453 Alpha:0.50098
[MOE_TRACE] Group:0 Prob:0.81202 Alpha:0.50059
[MOE_TRACE] Group:0 Prob:0.81202 Alpha:0.50059
[MOE_TRACE] Group:1 Prob:0.35141 Alpha:0.50243
[MOE_TRACE] Group:1 Prob:0.35141 Alpha:0.50243
[MOE_TRACE] Group:2 Prob:0.81749 Alpha:0.50098
[MOE_TRACE] Group:2 Prob:0.81749 Alpha:0.50098
[MOE_TRACE] Group:0 Prob:0.81202 Alpha:0.50059
[MOE_TRACE] Group:1 Prob:0.35141 Alpha:0.50243
[MOE_TRACE] Group:2 Prob:0.81749 Alpha:0.50098
[MOE_TRACE] Group:0 Prob:0.81202 Alpha:0.50059
[MOE_TRACE] Group:1 Prob:0.35141 Alpha:0.50243
[MOE_TRACE] Group:2 Prob:0.81749 Alpha:0.50098
[MOE_TRACE] Group:0 Prob:0.81815 Alpha:0.50059
[MOE_TRACE] Group:1 Prob:0.33378 Alpha:0.50243
[MOE_TRACE] Group:2 Prob:0.82226 Alpha:0.50098
[MOE_TRACE] Group:0 Prob:0.81815 Alpha:0.50059
[MOE_TRACE] Group:1 Prob:0.33378 Alpha:0.50243
[MOE_TRACE] Group:2 Prob:0.82226 Alpha:0.50098
[MOE_TRACE] Group:0 Prob:0.81815 Alpha:0.50059
[MOE_TRACE] Group:1 Prob:0.33378 Alpha:0.50243
[MOE_TRACE] Group:2 Prob:0.82226 Alpha:0.50098
[MOE_TRACE] Group:0 Prob:0.81815 Alpha:0.50059
[MOE_TRACE] Group:1 Prob:0.33378 Alpha:0.50243
[MOE_TRACE] Group:2 Prob:0.82226 Alpha:0.50098
[MOE_TRACE] Group:0 Prob:0.82000 Alpha:0.50059
[MOE_TRACE] Group:1 Prob:0.35153 Alpha:0.50243
[MOE_TRACE] Group:2 Prob:0.82315 Alpha:0.50098
[MOE_TRACE] Group:0 Prob:0.82000 Alpha:0.50059
[MOE_TRACE] Group:1 Prob:0.35153 Alpha:0.50243
[MOE_TRACE] Group:2 Prob:0.82315 Alpha:0.50098
[MOE_TRACE] Group:0 Prob:0.82000 Alpha:0.50059
[MOE_TRACE] Group:0 Prob:0.82000 Alpha:0.50059[MOE_TRACE] Group:1 Prob:0.35153 Alpha:0.50243

[MOE_TRACE] Group:1 Prob:0.35153 Alpha:0.50243[MOE_TRACE] Group:2 Prob:0.82315 Alpha:0.50098

[MOE_TRACE] Group:2 Prob:0.82315 Alpha:0.50098
[MOE_TRACE] Group:0 Prob:0.81271 Alpha:0.50059
[MOE_TRACE] Group:1 Prob:0.34895 Alpha:0.50243
[MOE_TRACE] Group:2 Prob:0.81773 Alpha:0.50098
[MOE_TRACE] Group:0 Prob:0.81271 Alpha:0.50059
[MOE_TRACE] Group:1 Prob:0.34895 Alpha:0.50243
[MOE_TRACE] Group:2 Prob:0.81773 Alpha:0.50098
[MOE_TRACE] Group:0 Prob:0.81271 Alpha:0.50059
[MOE_TRACE] Group:1 Prob:0.34895 Alpha:0.50243
[MOE_TRACE] Group:2 Prob:0.81773 Alpha:0.50098
[MOE_TRACE] Group:0 Prob:0.81271 Alpha:0.50059
[MOE_TRACE] Group:1 Prob:0.34895 Alpha:0.50243
[MOE_TRACE] Group:2 Prob:0.81773 Alpha:0.50098
[MOE_TRACE] Group:0 Prob:0.83412 Alpha:0.50059
[MOE_TRACE] Group:1 Prob:0.33756 Alpha:0.50243
[MOE_TRACE] Group:0 Prob:0.83412 Alpha:0.50059
[MOE_TRACE] Group:2 Prob:0.81783 Alpha:0.50098
[MOE_TRACE] Group:1 Prob:0.33756 Alpha:0.50243
[MOE_TRACE] Group:2 Prob:0.81783 Alpha:0.50098
[MOE_TRACE] Group:0 Prob:0.83412 Alpha:0.50059
[MOE_TRACE] Group:1 Prob:0.33756 Alpha:0.50243
[MOE_TRACE] Group:2 Prob:0.81783 Alpha:0.50098
[MOE_TRACE] Group:0 Prob:0.83412 Alpha:0.50059
[MOE_TRACE] Group:1 Prob:0.33756 Alpha:0.50243
[MOE_TRACE] Group:2 Prob:0.81783 Alpha:0.50098
[MOE_TRACE] Group:0 Prob:0.80970 Alpha:0.50059
[MOE_TRACE] Group:1 Prob:0.33865 Alpha:0.50243
[MOE_TRACE] Group:2 Prob:0.81713 Alpha:0.50098
[MOE_TRACE] Group:0 Prob:0.80970 Alpha:0.50059
[MOE_TRACE] Group:0 Prob:0.80970 Alpha:0.50059
[MOE_TRACE] Group:1 Prob:0.33865 Alpha:0.50243
[MOE_TRACE] Group:1 Prob:0.33865 Alpha:0.50243
[MOE_TRACE] Group:2 Prob:0.81713 Alpha:0.50098
[MOE_TRACE] Group:2 Prob:0.81713 Alpha:0.50098
[MOE_TRACE] Group:0 Prob:0.80970 Alpha:0.50059
[MOE_TRACE] Group:1 Prob:0.33865 Alpha:0.50243
[MOE_TRACE] Group:2 Prob:0.81713 Alpha:0.50098
[MOE_TRACE] Group:0 Prob:0.81695 Alpha:0.50059
[MOE_TRACE] Group:1 Prob:0.33970 Alpha:0.50243
[MOE_TRACE] Group:2 Prob:0.81482 Alpha:0.50098
[MOE_TRACE] Group:0 Prob:0.81695 Alpha:0.50059
[MOE_TRACE] Group:1 Prob:0.33970 Alpha:0.50243
[MOE_TRACE] Group:2 Prob:0.81482 Alpha:0.50098
[MOE_TRACE] Group:0 Prob:0.81695 Alpha:0.50059
[MOE_TRACE] Group:1 Prob:0.33970 Alpha:0.50243
[MOE_TRACE] Group:2 Prob:0.81482 Alpha:0.50098
[MOE_TRACE] Group:0 Prob:0.81695 Alpha:0.50059
[MOE_TRACE] Group:1 Prob:0.33970 Alpha:0.50243
[MOE_TRACE] Group:2 Prob:0.81482 Alpha:0.50098
[MOE_TRACE] Group:0 Prob:0.81661 Alpha:0.50059
[MOE_TRACE] Group:0 Prob:0.81661 Alpha:0.50059
[MOE_TRACE] Group:1 Prob:0.33985 Alpha:0.50243
[MOE_TRACE] Group:1 Prob:0.33985 Alpha:0.50243
[MOE_TRACE] Group:0 Prob:0.81661 Alpha:0.50059
[MOE_TRACE] Group:1 Prob:0.33985 Alpha:0.50243
[MOE_TRACE] Group:0 Prob:0.81661 Alpha:0.50059
[MOE_TRACE] Group:1 Prob:0.33985 Alpha:0.50243
[MOE_TRACE] Group:2 Prob:0.82226 Alpha:0.50098
[MOE_TRACE] Group:0 Prob:0.81335 Alpha:0.50059
[MOE_TRACE] Group:1 Prob:0.34882 Alpha:0.50243
[MOE_TRACE] Group:2 Prob:0.81946 Alpha:0.50098
[MOE_TRACE] Group:0 Prob:0.81335 Alpha:0.50059
[MOE_TRACE] Group:1 Prob:0.34882 Alpha:0.50243
[MOE_TRACE] Group:2 Prob:0.81946 Alpha:0.50098
[MOE_TRACE] Group:0 Prob:0.81335 Alpha:0.50059
[MOE_TRACE] Group:1 Prob:0.34882 Alpha:0.50243
[MOE_TRACE] Group:2 Prob:0.81946 Alpha:0.50098
[MOE_TRACE] Group:0 Prob:0.81335 Alpha:0.50059
[MOE_TRACE] Group:1 Prob:0.34882 Alpha:0.50243
[MOE_TRACE] Group:2 Prob:0.81946 Alpha:0.50098
[MOE_TRACE] Group:0 Prob:0.81218 Alpha:0.50059
[MOE_TRACE] Group:1 Prob:0.34486 Alpha:0.50243
[MOE_TRACE] Group:2 Prob:0.82382 Alpha:0.50098
[MOE_TRACE] Group:0 Prob:0.81218 Alpha:0.50059
[MOE_TRACE] Group:1 Prob:0.34486 Alpha:0.50243
[MOE_TRACE] Group:2 Prob:0.82382 Alpha:0.50098
[MOE_TRACE] Group:0 Prob:0.81218 Alpha:0.50059
[MOE_TRACE] Group:1 Prob:0.34486 Alpha:0.50243
[MOE_TRACE] Group:2 Prob:0.81832 Alpha:0.50098
[MOE_TRACE] Group:0 Prob:0.81218 Alpha:0.50059
[MOE_TRACE] Group:1 Prob:0.34486 Alpha:0.50243
[MOE_TRACE] Group:2 Prob:0.81832 Alpha:0.50098
[MOE_TRACE] Group:0 Prob:0.84017 Alpha:0.50059
[MOE_TRACE] Group:0 Prob:0.84017 Alpha:0.50059
[MOE_TRACE] Group:1 Prob:0.34791 Alpha:0.50243
[MOE_TRACE] Group:0 Prob:0.84017 Alpha:0.50059
[MOE_TRACE] Group:1 Prob:0.34791 Alpha:0.50243
[MOE_TRACE] Group:2 Prob:0.82566 Alpha:0.50098
[MOE_TRACE] Group:1 Prob:0.34791 Alpha:0.50243
[MOE_TRACE] Group:2 Prob:0.82566 Alpha:0.50098
[MOE_TRACE] Group:2 Prob:0.82566 Alpha:0.50098
[MOE_TRACE] Group:0 Prob:0.84017 Alpha:0.50059
[MOE_TRACE] Group:1 Prob:0.34791 Alpha:0.50243
[MOE_TRACE] Group:2 Prob:0.82566 Alpha:0.50098
[MOE_TRACE] Group:0 Prob:0.82157 Alpha:0.50059
[MOE_TRACE] Group:0 Prob:0.82157 Alpha:0.50059
[MOE_TRACE] Group:1 Prob:0.33977 Alpha:0.50243
[MOE_TRACE] Group:1 Prob:0.33977 Alpha:0.50243[MOE_TRACE] Group:2 Prob:0.82531 Alpha:0.50098

[MOE_TRACE] Group:2 Prob:0.82531 Alpha:0.50098
[MOE_TRACE] Group:0 Prob:0.82157 Alpha:0.50059
[MOE_TRACE] Group:1 Prob:0.33977 Alpha:0.50243
[MOE_TRACE] Group:2 Prob:0.82531 Alpha:0.50098
[MOE_TRACE] Group:0 Prob:0.82157 Alpha:0.50059
[MOE_TRACE] Group:1 Prob:0.33977 Alpha:0.50243
[MOE_TRACE] Group:2 Prob:0.82531 Alpha:0.50098
[MOE_TRACE] Group:0 Prob:0.83129 Alpha:0.50059
[MOE_TRACE] Group:1 Prob:0.33391 Alpha:0.50243
[MOE_TRACE] Group:2 Prob:0.82507 Alpha:0.50098
[MOE_TRACE] Group:0 Prob:0.83129 Alpha:0.50059
[MOE_TRACE] Group:1 Prob:0.33391 Alpha:0.50243
[MOE_TRACE] Group:2 Prob:0.82789 Alpha:0.50098
[MOE_TRACE] Group:0 Prob:0.83129 Alpha:0.50059
[MOE_TRACE] Group:1 Prob:0.33391 Alpha:0.50243
[MOE_TRACE] Group:2 Prob:0.82789 Alpha:0.50098
[MOE_TRACE] Group:0 Prob:0.83129 Alpha:0.50059
[MOE_TRACE] Group:1 Prob:0.33391 Alpha:0.50243
[MOE_TRACE] Group:2 Prob:0.82789 Alpha:0.50098
[MOE_TRACE] Group:0 Prob:0.82137 Alpha:0.50059
[MOE_TRACE] Group:0 Prob:0.82137 Alpha:0.50059
[MOE_TRACE] Group:1 Prob:0.34835 Alpha:0.50243
[MOE_TRACE] Group:0 Prob:0.82137 Alpha:0.50059[MOE_TRACE] Group:2 Prob:0.82210 Alpha:0.50098

[MOE_TRACE] Group:1 Prob:0.34835 Alpha:0.50243
[MOE_TRACE] Group:1 Prob:0.34835 Alpha:0.50243
[MOE_TRACE] Group:2 Prob:0.82210 Alpha:0.50098
[MOE_TRACE] Group:2 Prob:0.82210 Alpha:0.50098
[MOE_TRACE] Group:0 Prob:0.82137 Alpha:0.50059
[MOE_TRACE] Group:1 Prob:0.34835 Alpha:0.50243
[MOE_TRACE] Group:2 Prob:0.82210 Alpha:0.50098
[MOE_TRACE] Group:0 Prob:0.82818 Alpha:0.50059
[MOE_TRACE] Group:0 Prob:0.82818 Alpha:0.50059[MOE_TRACE] Group:1 Prob:0.34139 Alpha:0.50243

[MOE_TRACE] Group:1 Prob:0.34139 Alpha:0.50243[MOE_TRACE] Group:2 Prob:0.82641 Alpha:0.50098

[MOE_TRACE] Group:2 Prob:0.82641 Alpha:0.50098
[MOE_TRACE] Group:0 Prob:0.82818 Alpha:0.50059
[MOE_TRACE] Group:1 Prob:0.34139 Alpha:0.50243
[MOE_TRACE] Group:2 Prob:0.82641 Alpha:0.50098
[MOE_TRACE] Group:0 Prob:0.82818 Alpha:0.50059
[MOE_TRACE] Group:1 Prob:0.34139 Alpha:0.50243
[MOE_TRACE] Group:2 Prob:0.82641 Alpha:0.50098
[MOE_TRACE] Group:0 Prob:0.82986 Alpha:0.50059
[MOE_TRACE] Group:1 Prob:0.34180 Alpha:0.50243
[MOE_TRACE] Group:2 Prob:0.82120 Alpha:0.50098
[MOE_TRACE] Group:0 Prob:0.82986 Alpha:0.50059
[MOE_TRACE] Group:1 Prob:0.34180 Alpha:0.50243
[MOE_TRACE] Group:2 Prob:0.82120 Alpha:0.50098
[MOE_TRACE] Group:0 Prob:0.82986 Alpha:0.50059
[MOE_TRACE] Group:1 Prob:0.34180 Alpha:0.50243
[MOE_TRACE] Group:2 Prob:0.82315 Alpha:0.50098
[MOE_TRACE] Group:0 Prob:0.82986 Alpha:0.50059
[MOE_TRACE] Group:1 Prob:0.34180 Alpha:0.50243
[MOE_TRACE] Group:2 Prob:0.82315 Alpha:0.50098
[MOE_TRACE] Group:0 Prob:0.82517 Alpha:0.50059
[MOE_TRACE] Group:1 Prob:0.34624 Alpha:0.50243
[MOE_TRACE] Group:2 Prob:0.82766 Alpha:0.50098
[MOE_TRACE] Group:0 Prob:0.82517 Alpha:0.50059
[MOE_TRACE] Group:1 Prob:0.34624 Alpha:0.50243
[MOE_TRACE] Group:2 Prob:0.82766 Alpha:0.50098
[MOE_TRACE] Group:0 Prob:0.82517 Alpha:0.50059
[MOE_TRACE] Group:1 Prob:0.34624 Alpha:0.50243
[MOE_TRACE] Group:2 Prob:0.82766 Alpha:0.50098
[MOE_TRACE] Group:0 Prob:0.82517 Alpha:0.50059
[MOE_TRACE] Group:1 Prob:0.34624 Alpha:0.50243
[MOE_TRACE] Group:2 Prob:0.82766 Alpha:0.50098
[MOE_TRACE] Group:0 Prob:0.81414 Alpha:0.50059
[MOE_TRACE] Group:1 Prob:0.34338 Alpha:0.50243
[MOE_TRACE] Group:2 Prob:0.82221 Alpha:0.50098
[MOE_TRACE] Group:0 Prob:0.81414 Alpha:0.50059
[MOE_TRACE] Group:1 Prob:0.34338 Alpha:0.50243
[MOE_TRACE] Group:2 Prob:0.82221 Alpha:0.50098[MOE_TRACE] Group:0 Prob:0.81414 Alpha:0.50059

[MOE_TRACE] Group:1 Prob:0.34338 Alpha:0.50243
[MOE_TRACE] Group:2 Prob:0.82221 Alpha:0.50098
[MOE_TRACE] Group:0 Prob:0.81414 Alpha:0.50059
[MOE_TRACE] Group:1 Prob:0.34338 Alpha:0.50243
[MOE_TRACE] Group:2 Prob:0.82221 Alpha:0.50098
[MOE_TRACE] Group:0 Prob:0.81170 Alpha:0.50059
[MOE_TRACE] Group:1 Prob:0.34435 Alpha:0.50243
[MOE_TRACE] Group:2 Prob:0.81698 Alpha:0.50098
[MOE_TRACE] Group:0 Prob:0.81170 Alpha:0.50059
[MOE_TRACE] Group:1 Prob:0.34435 Alpha:0.50243
[MOE_TRACE] Group:2 Prob:0.81698 Alpha:0.50098
[MOE_TRACE] Group:0 Prob:0.81170 Alpha:0.50059
[MOE_TRACE] Group:1 Prob:0.34435 Alpha:0.50243
[MOE_TRACE] Group:0 Prob:0.81170 Alpha:0.50059
[MOE_TRACE] Group:2 Prob:0.81698 Alpha:0.50098
[MOE_TRACE] Group:1 Prob:0.34435 Alpha:0.50243
[MOE_TRACE] Group:2 Prob:0.81698 Alpha:0.50098
[MOE_TRACE] Group:0 Prob:0.83227 Alpha:0.50059
[MOE_TRACE] Group:0 Prob:0.83227 Alpha:0.50059
[MOE_TRACE] Group:0 Prob:0.83227 Alpha:0.50059
[MOE_TRACE] Group:1 Prob:0.34772 Alpha:0.50243
[MOE_TRACE] Group:1 Prob:0.34772 Alpha:0.50243[MOE_TRACE] Group:1 Prob:0.34772 Alpha:0.50243

[MOE_TRACE] Group:2 Prob:0.81911 Alpha:0.50098
[MOE_TRACE] Group:2 Prob:0.81911 Alpha:0.50098
[MOE_TRACE] Group:2 Prob:0.81911 Alpha:0.50098
[MOE_TRACE] Group:0 Prob:0.83227 Alpha:0.50059
[MOE_TRACE] Group:1 Prob:0.34772 Alpha:0.50243
[MOE_TRACE] Group:2 Prob:0.81911 Alpha:0.50098
[MOE_TRACE] Group:0 Prob:0.81720 Alpha:0.50059
[MOE_TRACE] Group:0 Prob:0.81720 Alpha:0.50059
[MOE_TRACE] Group:1 Prob:0.33188 Alpha:0.50243
[MOE_TRACE] Group:1 Prob:0.33188 Alpha:0.50243
[MOE_TRACE] Group:2 Prob:0.81744 Alpha:0.50098
[MOE_TRACE] Group:2 Prob:0.81744 Alpha:0.50098
[MOE_TRACE] Group:0 Prob:0.81720 Alpha:0.50059
[MOE_TRACE] Group:1 Prob:0.33188 Alpha:0.50243
[MOE_TRACE] Group:2 Prob:0.81744 Alpha:0.50098
[MOE_TRACE] Group:0 Prob:0.81720 Alpha:0.50059
[MOE_TRACE] Group:1 Prob:0.33188 Alpha:0.50243
[MOE_TRACE] Group:2 Prob:0.81744 Alpha:0.50098
[MOE_TRACE] Group:0 Prob:0.82309 Alpha:0.50059
[MOE_TRACE] Group:0 Prob:0.82309 Alpha:0.50059
[MOE_TRACE] Group:1 Prob:0.33901 Alpha:0.50243
[MOE_TRACE] Group:1 Prob:0.33901 Alpha:0.50243
[MOE_TRACE] Group:2 Prob:0.81822 Alpha:0.50098
[MOE_TRACE] Group:2 Prob:0.81822 Alpha:0.50098
[MOE_TRACE] Group:0 Prob:0.82309 Alpha:0.50059
[MOE_TRACE] Group:1 Prob:0.33901 Alpha:0.50243
[MOE_TRACE] Group:2 Prob:0.82269 Alpha:0.50098
[MOE_TRACE] Group:0 Prob:0.82309 Alpha:0.50059
[MOE_TRACE] Group:1 Prob:0.33901 Alpha:0.50243
[MOE_TRACE] Group:2 Prob:0.82269 Alpha:0.50098
[MOE_TRACE] Group:0 Prob:0.81557 Alpha:0.50059
[MOE_TRACE] Group:1 Prob:0.35016 Alpha:0.50243
[MOE_TRACE] Group:2 Prob:0.82565 Alpha:0.50098
[MOE_TRACE] Group:0 Prob:0.81557 Alpha:0.50059
[MOE_TRACE] Group:1 Prob:0.35016 Alpha:0.50243
[MOE_TRACE] Group:2 Prob:0.82438 Alpha:0.50098
[MOE_TRACE] Group:0 Prob:0.81557 Alpha:0.50059
[MOE_TRACE] Group:1 Prob:0.35016 Alpha:0.50243
[MOE_TRACE] Group:2 Prob:0.82438 Alpha:0.50098
[MOE_TRACE] Group:0 Prob:0.81557 Alpha:0.50059
[MOE_TRACE] Group:1 Prob:0.35016 Alpha:0.50243
[MOE_TRACE] Group:2 Prob:0.82438 Alpha:0.50098
[MOE_TRACE] Group:0 Prob:0.82569 Alpha:0.50059
[MOE_TRACE] Group:1 Prob:0.33418 Alpha:0.50243
[MOE_TRACE] Group:2 Prob:0.82554 Alpha:0.50098
[MOE_TRACE] Group:0 Prob:0.82569 Alpha:0.50059
[MOE_TRACE] Group:0 Prob:0.82569 Alpha:0.50059
[MOE_TRACE] Group:1 Prob:0.33418 Alpha:0.50243
[MOE_TRACE] Group:1 Prob:0.33418 Alpha:0.50243
[MOE_TRACE] Group:2 Prob:0.82160 Alpha:0.50098
[MOE_TRACE] Group:2 Prob:0.82160 Alpha:0.50098
[MOE_TRACE] Group:0 Prob:0.82569 Alpha:0.50059
[MOE_TRACE] Group:1 Prob:0.33418 Alpha:0.50243
[MOE_TRACE] Group:2 Prob:0.82160 Alpha:0.50098
[MOE_TRACE] Group:0 Prob:0.83068 Alpha:0.50059
[MOE_TRACE] Group:1 Prob:0.34508 Alpha:0.50243
[MOE_TRACE] Group:2 Prob:0.82147 Alpha:0.50098
[MOE_TRACE] Group:0 Prob:0.83068 Alpha:0.50059
[MOE_TRACE] Group:1 Prob:0.34508 Alpha:0.50243
[MOE_TRACE] Group:2 Prob:0.82147 Alpha:0.50098
[MOE_TRACE] Group:0 Prob:0.83068 Alpha:0.50059
[MOE_TRACE] Group:1 Prob:0.34508 Alpha:0.50243
[MOE_TRACE] Group:2 Prob:0.82201 Alpha:0.50098
[MOE_TRACE] Group:0 Prob:0.83068 Alpha:0.50059
[MOE_TRACE] Group:1 Prob:0.34508 Alpha:0.50243
[MOE_TRACE] Group:2 Prob:0.82201 Alpha:0.50098
[MOE_TRACE] Group:0 Prob:0.82173 Alpha:0.50059
[MOE_TRACE] Group:1 Prob:0.34361 Alpha:0.50243
[MOE_TRACE] Group:2 Prob:0.81960 Alpha:0.50098
[MOE_TRACE] Group:0 Prob:0.82173 Alpha:0.50059
[MOE_TRACE] Group:1 Prob:0.34361 Alpha:0.50243
[MOE_TRACE] Group:2 Prob:0.81960 Alpha:0.50098
[MOE_TRACE] Group:0 Prob:0.82173 Alpha:0.50059
[MOE_TRACE] Group:1 Prob:0.34361 Alpha:0.50243[MOE_TRACE] Group:0 Prob:0.82173 Alpha:0.50059

[MOE_TRACE] Group:2 Prob:0.81960 Alpha:0.50098
[MOE_TRACE] Group:1 Prob:0.34361 Alpha:0.50243
[MOE_TRACE] Group:2 Prob:0.81960 Alpha:0.50098
[MOE_TRACE] Group:0 Prob:0.82656 Alpha:0.50059
[MOE_TRACE] Group:1 Prob:0.34398 Alpha:0.50243
[MOE_TRACE] Group:2 Prob:0.81937 Alpha:0.50098
[MOE_TRACE] Group:0 Prob:0.82656 Alpha:0.50059
[MOE_TRACE] Group:1 Prob:0.34398 Alpha:0.50243
[MOE_TRACE] Group:2 Prob:0.82229 Alpha:0.50098
[MOE_TRACE] Group:0 Prob:0.82656 Alpha:0.50059
[MOE_TRACE] Group:1 Prob:0.34398 Alpha:0.50243
[MOE_TRACE] Group:2 Prob:0.82229 Alpha:0.50098
[MOE_TRACE] Group:0 Prob:0.82656 Alpha:0.50059
[MOE_TRACE] Group:1 Prob:0.34398 Alpha:0.50243
[MOE_TRACE] Group:2 Prob:0.82229 Alpha:0.50098
[MOE_TRACE] Group:0 Prob:0.82513 Alpha:0.50059
[MOE_TRACE] Group:1 Prob:0.33823 Alpha:0.50243
[MOE_TRACE] Group:2 Prob:0.82661 Alpha:0.50098
[MOE_TRACE] Group:0 Prob:0.82513 Alpha:0.50059
[MOE_TRACE] Group:1 Prob:0.33823 Alpha:0.50243
[MOE_TRACE] Group:0 Prob:0.82513 Alpha:0.50059
[MOE_TRACE] Group:2 Prob:0.82661 Alpha:0.50098
[MOE_TRACE] Group:1 Prob:0.33823 Alpha:0.50243
[MOE_TRACE] Group:2 Prob:0.82132 Alpha:0.50098
[MOE_TRACE] Group:0 Prob:0.82513 Alpha:0.50059
[MOE_TRACE] Group:1 Prob:0.33823 Alpha:0.50243
[MOE_TRACE] Group:2 Prob:0.82132 Alpha:0.50098
[MOE_TRACE] Group:0 Prob:0.82689 Alpha:0.50059
[MOE_TRACE] Group:1 Prob:0.33623 Alpha:0.50243
[MOE_TRACE] Group:2 Prob:0.82147 Alpha:0.50098
[MOE_TRACE] Group:0 Prob:0.82689 Alpha:0.50059
[MOE_TRACE] Group:1 Prob:0.33623 Alpha:0.50243
[MOE_TRACE] Group:2 Prob:0.82147 Alpha:0.50098
[MOE_TRACE] Group:0 Prob:0.82689 Alpha:0.50059[MOE_TRACE] Group:0 Prob:0.82689 Alpha:0.50059

[MOE_TRACE] Group:1 Prob:0.33623 Alpha:0.50243
[MOE_TRACE] Group:1 Prob:0.33623 Alpha:0.50243
[MOE_TRACE] Group:2 Prob:0.82147 Alpha:0.50098
[MOE_TRACE] Group:2 Prob:0.82147 Alpha:0.50098
[MOE_TRACE] Group:0 Prob:0.81714 Alpha:0.50059
[MOE_TRACE] Group:1 Prob:0.33002 Alpha:0.50243
[MOE_TRACE] Group:2 Prob:0.81806 Alpha:0.50098
[MOE_TRACE] Group:0 Prob:0.81714 Alpha:0.50059
[MOE_TRACE] Group:1 Prob:0.33002 Alpha:0.50243
[MOE_TRACE] Group:2 Prob:0.81806 Alpha:0.50098
[MOE_TRACE] Group:0 Prob:0.81714 Alpha:0.50059
[MOE_TRACE] Group:1 Prob:0.33002 Alpha:0.50243
[MOE_TRACE] Group:2 Prob:0.81741 Alpha:0.50098
[MOE_TRACE] Group:0 Prob:0.81714 Alpha:0.50059
[MOE_TRACE] Group:1 Prob:0.33002 Alpha:0.50243
[MOE_TRACE] Group:2 Prob:0.81741 Alpha:0.50098
[MOE_TRACE] Group:0 Prob:0.81931 Alpha:0.50059
[MOE_TRACE] Group:1 Prob:0.34967 Alpha:0.50244
[MOE_TRACE] Group:0 Prob:0.81931 Alpha:0.50059
[MOE_TRACE] Group:2 Prob:0.81676 Alpha:0.50098
[MOE_TRACE] Group:1 Prob:0.34967 Alpha:0.50244
[MOE_TRACE] Group:2 Prob:0.81676 Alpha:0.50098
[MOE_TRACE] Group:0 Prob:0.81931 Alpha:0.50059
[MOE_TRACE] Group:1 Prob:0.34967 Alpha:0.50244
[MOE_TRACE] Group:2 Prob:0.81676 Alpha:0.50098
[MOE_TRACE] Group:0 Prob:0.81931 Alpha:0.50059
[MOE_TRACE] Group:1 Prob:0.34967 Alpha:0.50244
[MOE_TRACE] Group:2 Prob:0.81676 Alpha:0.50098
Epoch: 10 cost time: 39.05692768096924
Epoch: 10, Steps: 147 | Train Loss: 0.3811353 Vali Loss: 0.2848564 Test Loss: 0.2971249
EarlyStopping counter: 5 out of 3
Early stopping
Updating learning rate to 1.953125e-07
>>>>>>>testing : long_term_forecast_kdd_sub1_144_TLMMoeED_DYG_base_ftM_sl144_ll48_pl96_dm512_nh8_el2_dl1_df512_fc3_ebtimeF_dtTrue_Exp_0<<<<<<<<<<<<<<<<<<<<<<<<<<<<<<<<<
DYG_base
原始数据形状: (108051, 6)
Index(['Bacterial Density', 'Viscosity', 'Alcohol Addition', 'Reducing Sugar',
       'Non Reducing Suger'],
      dtype='object')
test 21515
test shape: (21515, 1, 96, 5) (21515, 1, 96, 5)
test shape: (21515, 96, 5) (21515, 96, 5)
mae:0.3241, mse:0.2978
(21515, 96, 5)
(21515, 96, 5)
