True
2.3.0
True
Args in experiment:
Namespace(activation='gelu', anomaly_ratio=0.25, batch_size=512, c_out=5, channel_independent=1, checkpoints='./checkpoints/', d_ff=512, d_layers=1, d_model=512, data='DYG_base', data_path='DYG_data_3_sub3.csv', dec_in=5, des='Exp', device_ids=[0, 1, 2, 3], devices='0,1,2,3', direction=[0, 0, 0, 1, 1], distil=True, dropout=0.1, e_layers=2, embed='timeF', enc_in=5, enc_out=5, factor=3, features='M', freq='h', gpu=0, inverse=False, is_training=1, itr=1, label_len=48, learning_rate=0.0001, loss='MSE', lradj='type1', mask_rate=0.25, model='TLMMoeED', model_id='kdd_sub3_96', moe_logits_init='{"0": [3.0, -3.0], "1": [0.0, 0.0]}', moving_avg=25, n_heads=8, num_kernels=6, num_workers=10, output_attention=False, p_hidden_dims=[128, 128], p_hidden_layers=2, patience=3, pred_len=96, root_path='./data/DYG/KDD', seasonal_patterns='Monthly', seg_len=12, seq_len=96, target='time', task_name='long_term_forecast', temp=1.0, top_k=5, train_epochs=10, use_amp=True, use_gpu=True, use_multi_gpu=True)
Use GPU: cuda:0
>>> Total Params: 10,351,631
>>> Trainable Params: 10,351,631
>>>>>>>start training : long_term_forecast_kdd_sub3_96_TLMMoeED_DYG_base_ftM_sl96_ll48_pl96_dm512_nh8_el2_dl1_df512_fc3_ebtimeF_dtTrue_Exp_0>>>>>>>>>>>>>>>>>>>>>>>>>>
DYG_base
原始数据形状: (108051, 6)
Index(['Bacterial Density', 'Viscosity', 'Chemical Efficiency', 'pH Online',
       'Total Sugar'],
      dtype='object')
train 75444
DYG_base
原始数据形状: (108051, 6)
Index(['Bacterial Density', 'Viscosity', 'Chemical Efficiency', 'pH Online',
       'Total Sugar'],
      dtype='object')
val 10711
DYG_base
原始数据形状: (108051, 6)
Index(['Bacterial Density', 'Viscosity', 'Chemical Efficiency', 'pH Online',
       'Total Sugar'],
      dtype='object')
test 21515
[MOE_TRACE] Group:0 Prob:0.99753 Alpha:0.00005
[MOE_TRACE] Group:0 Prob:0.99753 Alpha:0.00005[MOE_TRACE] Group:0 Prob:0.99753 Alpha:0.00005

[MOE_TRACE] Group:0 Prob:0.99753 Alpha:0.00005
[MOE_TRACE] Group:1 Prob:0.50005 Alpha:0.00005
[MOE_TRACE] Group:1 Prob:0.50005 Alpha:0.00005[MOE_TRACE] Group:1 Prob:0.50005 Alpha:0.00005

[MOE_TRACE] Group:1 Prob:0.50005 Alpha:0.00005
[MOE_TRACE] Group:0 Prob:0.99753 Alpha:0.00005
[MOE_TRACE] Group:1 Prob:0.50000 Alpha:0.00005
[MOE_TRACE] Group:0 Prob:0.99753 Alpha:0.00005
[MOE_TRACE] Group:1 Prob:0.50000 Alpha:0.00005
[MOE_TRACE] Group:0 Prob:0.99753 Alpha:0.00005
[MOE_TRACE] Group:1 Prob:0.50000 Alpha:0.00005
[MOE_TRACE] Group:0 Prob:0.99753 Alpha:0.00005
[MOE_TRACE] Group:1 Prob:0.50000 Alpha:0.00005
[MOE_TRACE] Group:0 Prob:0.99753 Alpha:0.00005
[MOE_TRACE] Group:1 Prob:0.49995 Alpha:0.00005
[MOE_TRACE] Group:0 Prob:0.99753 Alpha:0.00005[MOE_TRACE] Group:0 Prob:0.99753 Alpha:0.00005[MOE_TRACE] Group:0 Prob:0.99753 Alpha:0.00005


[MOE_TRACE] Group:1 Prob:0.49995 Alpha:0.00005
[MOE_TRACE] Group:1 Prob:0.49995 Alpha:0.00005[MOE_TRACE] Group:1 Prob:0.49995 Alpha:0.00005

[MOE_TRACE] Group:0 Prob:0.99753 Alpha:0.00005
[MOE_TRACE] Group:1 Prob:0.49990 Alpha:0.00005
[MOE_TRACE] Group:0 Prob:0.99753 Alpha:0.00005
[MOE_TRACE] Group:1 Prob:0.49990 Alpha:0.00005
[MOE_TRACE] Group:0 Prob:0.99753 Alpha:0.00005
[MOE_TRACE] Group:1 Prob:0.49990 Alpha:0.00005
[MOE_TRACE] Group:0 Prob:0.99753 Alpha:0.00005
[MOE_TRACE] Group:1 Prob:0.49990 Alpha:0.00005
[MOE_TRACE] Group:0 Prob:0.99753 Alpha:0.00005
[MOE_TRACE] Group:1 Prob:0.49985 Alpha:0.00005
[MOE_TRACE] Group:0 Prob:0.99753 Alpha:0.00005
[MOE_TRACE] Group:1 Prob:0.49985 Alpha:0.00005
[MOE_TRACE] Group:0 Prob:0.99753 Alpha:0.00005
[MOE_TRACE] Group:1 Prob:0.49985 Alpha:0.00005
[MOE_TRACE] Group:0 Prob:0.99753 Alpha:0.00005
[MOE_TRACE] Group:1 Prob:0.49985 Alpha:0.00005
[MOE_TRACE] Group:0 Prob:0.99753 Alpha:0.00005
[MOE_TRACE] Group:1 Prob:0.49981 Alpha:0.00005
[MOE_TRACE] Group:0 Prob:0.99753 Alpha:0.00005
[MOE_TRACE] Group:1 Prob:0.49981 Alpha:0.00005
[MOE_TRACE] Group:0 Prob:0.99753 Alpha:0.00005
[MOE_TRACE] Group:0 Prob:0.99753 Alpha:0.00005
[MOE_TRACE] Group:1 Prob:0.49981 Alpha:0.00005
[MOE_TRACE] Group:1 Prob:0.49981 Alpha:0.00005
[MOE_TRACE] Group:0 Prob:0.99753 Alpha:0.00005
[MOE_TRACE] Group:1 Prob:0.49978 Alpha:0.00005
[MOE_TRACE] Group:0 Prob:0.99753 Alpha:0.00005
[MOE_TRACE] Group:1 Prob:0.49978 Alpha:0.00005
[MOE_TRACE] Group:0 Prob:0.99753 Alpha:0.00005
[MOE_TRACE] Group:1 Prob:0.49978 Alpha:0.00005
[MOE_TRACE] Group:0 Prob:0.99753 Alpha:0.00005
[MOE_TRACE] Group:1 Prob:0.49978 Alpha:0.00005
[MOE_TRACE] Group:0 Prob:0.99753 Alpha:0.00005
[MOE_TRACE] Group:1 Prob:0.49974 Alpha:0.00005
[MOE_TRACE] Group:0 Prob:0.99753 Alpha:0.00005
[MOE_TRACE] Group:1 Prob:0.49974 Alpha:0.00005
[MOE_TRACE] Group:0 Prob:0.99753 Alpha:0.00005
[MOE_TRACE] Group:1 Prob:0.49974 Alpha:0.00005
[MOE_TRACE] Group:0 Prob:0.99753 Alpha:0.00005
[MOE_TRACE] Group:1 Prob:0.49974 Alpha:0.00005
[MOE_TRACE] Group:0 Prob:0.99753 Alpha:0.00005
[MOE_TRACE] Group:1 Prob:0.49971 Alpha:0.00005
[MOE_TRACE] Group:0 Prob:0.99753 Alpha:0.00005
[MOE_TRACE] Group:1 Prob:0.49971 Alpha:0.00005
[MOE_TRACE] Group:0 Prob:0.99753 Alpha:0.00005
[MOE_TRACE] Group:1 Prob:0.49971 Alpha:0.00005
[MOE_TRACE] Group:0 Prob:0.99753 Alpha:0.00005
[MOE_TRACE] Group:1 Prob:0.49971 Alpha:0.00005
[MOE_TRACE] Group:0 Prob:0.99753 Alpha:0.00005
[MOE_TRACE] Group:1 Prob:0.49968 Alpha:0.00005
[MOE_TRACE] Group:0 Prob:0.99753 Alpha:0.00005
[MOE_TRACE] Group:0 Prob:0.99753 Alpha:0.00005[MOE_TRACE] Group:0 Prob:0.99753 Alpha:0.00005

[MOE_TRACE] Group:1 Prob:0.49968 Alpha:0.00005
[MOE_TRACE] Group:1 Prob:0.49968 Alpha:0.00005
[MOE_TRACE] Group:1 Prob:0.49968 Alpha:0.00005
[MOE_TRACE] Group:0 Prob:0.99753 Alpha:0.00005[MOE_TRACE] Group:0 Prob:0.99753 Alpha:0.00005

[MOE_TRACE] Group:1 Prob:0.49966 Alpha:0.00005
[MOE_TRACE] Group:1 Prob:0.49966 Alpha:0.00005
[MOE_TRACE] Group:0 Prob:0.99753 Alpha:0.00005
[MOE_TRACE] Group:1 Prob:0.49966 Alpha:0.00005
[MOE_TRACE] Group:0 Prob:0.99753 Alpha:0.00005
[MOE_TRACE] Group:1 Prob:0.49966 Alpha:0.00005
[MOE_TRACE] Group:0 Prob:0.99753 Alpha:0.00005
[MOE_TRACE] Group:1 Prob:0.49965 Alpha:0.00005
[MOE_TRACE] Group:0 Prob:0.99753 Alpha:0.00005
[MOE_TRACE] Group:1 Prob:0.49965 Alpha:0.00005
[MOE_TRACE] Group:0 Prob:0.99753 Alpha:0.00005
[MOE_TRACE] Group:1 Prob:0.49965 Alpha:0.00005
[MOE_TRACE] Group:0 Prob:0.99753 Alpha:0.00005
[MOE_TRACE] Group:1 Prob:0.49965 Alpha:0.00005
[MOE_TRACE] Group:0 Prob:0.99753 Alpha:0.00005
[MOE_TRACE] Group:1 Prob:0.49963 Alpha:0.00005
[MOE_TRACE] Group:0 Prob:0.99753 Alpha:0.00005
[MOE_TRACE] Group:1 Prob:0.49963 Alpha:0.00005
[MOE_TRACE] Group:0 Prob:0.99753 Alpha:0.00005
[MOE_TRACE] Group:1 Prob:0.49963 Alpha:0.00005
[MOE_TRACE] Group:0 Prob:0.99753 Alpha:0.00005
[MOE_TRACE] Group:1 Prob:0.49963 Alpha:0.00005
[MOE_TRACE] Group:0 Prob:0.99753 Alpha:0.00005
[MOE_TRACE] Group:1 Prob:0.49961 Alpha:0.00005
[MOE_TRACE] Group:0 Prob:0.99753 Alpha:0.00005
[MOE_TRACE] Group:1 Prob:0.49961 Alpha:0.00005
[MOE_TRACE] Group:0 Prob:0.99753 Alpha:0.00005
[MOE_TRACE] Group:1 Prob:0.49961 Alpha:0.00005
[MOE_TRACE] Group:0 Prob:0.99753 Alpha:0.00005
[MOE_TRACE] Group:1 Prob:0.49961 Alpha:0.00005
[MOE_TRACE] Group:0 Prob:0.99753 Alpha:0.00005
[MOE_TRACE] Group:1 Prob:0.49959 Alpha:0.00005
[MOE_TRACE] Group:0 Prob:0.99753 Alpha:0.00005
[MOE_TRACE] Group:1 Prob:0.49959 Alpha:0.00005
[MOE_TRACE] Group:0 Prob:0.99753 Alpha:0.00005
[MOE_TRACE] Group:1 Prob:0.49959 Alpha:0.00005
[MOE_TRACE] Group:0 Prob:0.99753 Alpha:0.00005
[MOE_TRACE] Group:1 Prob:0.49959 Alpha:0.00005
[MOE_TRACE] Group:0 Prob:0.99753 Alpha:0.00005
[MOE_TRACE] Group:1 Prob:0.49958 Alpha:0.00005
[MOE_TRACE] Group:0 Prob:0.99753 Alpha:0.00005
[MOE_TRACE] Group:1 Prob:0.49958 Alpha:0.00005
[MOE_TRACE] Group:0 Prob:0.99753 Alpha:0.00005
[MOE_TRACE] Group:1 Prob:0.49958 Alpha:0.00005
[MOE_TRACE] Group:0 Prob:0.99753 Alpha:0.00005
[MOE_TRACE] Group:1 Prob:0.49958 Alpha:0.00005
[MOE_TRACE] Group:0 Prob:0.99753 Alpha:0.00005
[MOE_TRACE] Group:1 Prob:0.49957 Alpha:0.00005
[MOE_TRACE] Group:0 Prob:0.99753 Alpha:0.00005
[MOE_TRACE] Group:1 Prob:0.49957 Alpha:0.00005
[MOE_TRACE] Group:0 Prob:0.99753 Alpha:0.00005
[MOE_TRACE] Group:1 Prob:0.49957 Alpha:0.00005
[MOE_TRACE] Group:0 Prob:0.99753 Alpha:0.00005
[MOE_TRACE] Group:1 Prob:0.49957 Alpha:0.00005
[MOE_TRACE] Group:0 Prob:0.99753 Alpha:0.00005
[MOE_TRACE] Group:1 Prob:0.49956 Alpha:0.00005
[MOE_TRACE] Group:0 Prob:0.99753 Alpha:0.00005[MOE_TRACE] Group:0 Prob:0.99753 Alpha:0.00005

[MOE_TRACE] Group:1 Prob:0.49956 Alpha:0.00005[MOE_TRACE] Group:1 Prob:0.49956 Alpha:0.00005

[MOE_TRACE] Group:0 Prob:0.99753 Alpha:0.00005
[MOE_TRACE] Group:1 Prob:0.49956 Alpha:0.00005
[MOE_TRACE] Group:0 Prob:0.99753 Alpha:0.00005
[MOE_TRACE] Group:1 Prob:0.49955 Alpha:0.00005
[MOE_TRACE] Group:0 Prob:0.99753 Alpha:0.00005
[MOE_TRACE] Group:1 Prob:0.49955 Alpha:0.00005
[MOE_TRACE] Group:0 Prob:0.99753 Alpha:0.00005
[MOE_TRACE] Group:1 Prob:0.49955 Alpha:0.00005
[MOE_TRACE] Group:0 Prob:0.99753 Alpha:0.00005
[MOE_TRACE] Group:1 Prob:0.49955 Alpha:0.00005
[MOE_TRACE] Group:0 Prob:0.99753 Alpha:0.00005
[MOE_TRACE] Group:1 Prob:0.49954 Alpha:0.00005
[MOE_TRACE] Group:0 Prob:0.99753 Alpha:0.00005
[MOE_TRACE] Group:1 Prob:0.49954 Alpha:0.00005
[MOE_TRACE] Group:0 Prob:0.99753 Alpha:0.00005
[MOE_TRACE] Group:1 Prob:0.49954 Alpha:0.00005
[MOE_TRACE] Group:0 Prob:0.99753 Alpha:0.00005
[MOE_TRACE] Group:1 Prob:0.49954 Alpha:0.00005
[MOE_TRACE] Group:0 Prob:0.99753 Alpha:0.00005
[MOE_TRACE] Group:1 Prob:0.49953 Alpha:0.00005
[MOE_TRACE] Group:0 Prob:0.99753 Alpha:0.00005
[MOE_TRACE] Group:1 Prob:0.49953 Alpha:0.00005
[MOE_TRACE] Group:0 Prob:0.99753 Alpha:0.00005
[MOE_TRACE] Group:1 Prob:0.49953 Alpha:0.00005
[MOE_TRACE] Group:0 Prob:0.99753 Alpha:0.00005
[MOE_TRACE] Group:1 Prob:0.49953 Alpha:0.00005
[MOE_TRACE] Group:0 Prob:0.99753 Alpha:0.00005
[MOE_TRACE] Group:1 Prob:0.49952 Alpha:0.00005
[MOE_TRACE] Group:0 Prob:0.99753 Alpha:0.00005
[MOE_TRACE] Group:1 Prob:0.49952 Alpha:0.00005
[MOE_TRACE] Group:0 Prob:0.99753 Alpha:0.00005
[MOE_TRACE] Group:1 Prob:0.49952 Alpha:0.00005
[MOE_TRACE] Group:0 Prob:0.99753 Alpha:0.00005
[MOE_TRACE] Group:1 Prob:0.49952 Alpha:0.00005
[MOE_TRACE] Group:0 Prob:0.99753 Alpha:0.00005
[MOE_TRACE] Group:1 Prob:0.49952 Alpha:0.00005
[MOE_TRACE] Group:0 Prob:0.99753 Alpha:0.00005
[MOE_TRACE] Group:1 Prob:0.49952 Alpha:0.00005
[MOE_TRACE] Group:0 Prob:0.99753 Alpha:0.00005
[MOE_TRACE] Group:1 Prob:0.49952 Alpha:0.00005
[MOE_TRACE] Group:0 Prob:0.99753 Alpha:0.00005
[MOE_TRACE] Group:1 Prob:0.49952 Alpha:0.00005
[MOE_TRACE] Group:0 Prob:0.99753 Alpha:0.00005
[MOE_TRACE] Group:1 Prob:0.49951 Alpha:0.00005
[MOE_TRACE] Group:0 Prob:0.99753 Alpha:0.00005
[MOE_TRACE] Group:1 Prob:0.49951 Alpha:0.00005
[MOE_TRACE] Group:0 Prob:0.99753 Alpha:0.00005
[MOE_TRACE] Group:1 Prob:0.49951 Alpha:0.00005
[MOE_TRACE] Group:0 Prob:0.99753 Alpha:0.00005
[MOE_TRACE] Group:1 Prob:0.49951 Alpha:0.00005
[MOE_TRACE] Group:0 Prob:0.99753 Alpha:0.00005
[MOE_TRACE] Group:1 Prob:0.49951 Alpha:0.00005
[MOE_TRACE] Group:0 Prob:0.99753 Alpha:0.00005
[MOE_TRACE] Group:1 Prob:0.49951 Alpha:0.00005
[MOE_TRACE] Group:0 Prob:0.99753 Alpha:0.00005
[MOE_TRACE] Group:1 Prob:0.49951 Alpha:0.00005
[MOE_TRACE] Group:0 Prob:0.99753 Alpha:0.00005
[MOE_TRACE] Group:1 Prob:0.49951 Alpha:0.00005
[MOE_TRACE] Group:0 Prob:0.99753 Alpha:0.00005
[MOE_TRACE] Group:1 Prob:0.49952 Alpha:0.00005
[MOE_TRACE] Group:0 Prob:0.99753 Alpha:0.00005
[MOE_TRACE] Group:1 Prob:0.49952 Alpha:0.00005
[MOE_TRACE] Group:0 Prob:0.99753 Alpha:0.00005
[MOE_TRACE] Group:1 Prob:0.49952 Alpha:0.00005
[MOE_TRACE] Group:0 Prob:0.99753 Alpha:0.00005
[MOE_TRACE] Group:1 Prob:0.49952 Alpha:0.00005
[MOE_TRACE] Group:0 Prob:0.99753 Alpha:0.00005
[MOE_TRACE] Group:1 Prob:0.49952 Alpha:0.00005
[MOE_TRACE] Group:0 Prob:0.99753 Alpha:0.00005
[MOE_TRACE] Group:1 Prob:0.49952 Alpha:0.00005
[MOE_TRACE] Group:0 Prob:0.99753 Alpha:0.00005
[MOE_TRACE] Group:1 Prob:0.49952 Alpha:0.00005
[MOE_TRACE] Group:0 Prob:0.99753 Alpha:0.00005
[MOE_TRACE] Group:1 Prob:0.49952 Alpha:0.00005
[MOE_TRACE] Group:0 Prob:0.99753 Alpha:0.00005
[MOE_TRACE] Group:1 Prob:0.49953 Alpha:0.00005
[MOE_TRACE] Group:0 Prob:0.99753 Alpha:0.00005
[MOE_TRACE] Group:1 Prob:0.49953 Alpha:0.00005
[MOE_TRACE] Group:0 Prob:0.99753 Alpha:0.00005
[MOE_TRACE] Group:1 Prob:0.49953 Alpha:0.00005
[MOE_TRACE] Group:0 Prob:0.99753 Alpha:0.00005
[MOE_TRACE] Group:1 Prob:0.49953 Alpha:0.00005
[MOE_TRACE] Group:0 Prob:0.99753 Alpha:0.00005
[MOE_TRACE] Group:1 Prob:0.49953 Alpha:0.00005
[MOE_TRACE] Group:0 Prob:0.99753 Alpha:0.00005
[MOE_TRACE] Group:1 Prob:0.49953 Alpha:0.00005
[MOE_TRACE] Group:0 Prob:0.99753 Alpha:0.00005
[MOE_TRACE] Group:1 Prob:0.49953 Alpha:0.00005
[MOE_TRACE] Group:0 Prob:0.99753 Alpha:0.00005
[MOE_TRACE] Group:1 Prob:0.49953 Alpha:0.00005
[MOE_TRACE] Group:0 Prob:0.99753 Alpha:0.00005
[MOE_TRACE] Group:1 Prob:0.49953 Alpha:0.00005
[MOE_TRACE] Group:0 Prob:0.99753 Alpha:0.00005
[MOE_TRACE] Group:1 Prob:0.49953 Alpha:0.00005
[MOE_TRACE] Group:0 Prob:0.99753 Alpha:0.00005
[MOE_TRACE] Group:1 Prob:0.49953 Alpha:0.00005
[MOE_TRACE] Group:0 Prob:0.99753 Alpha:0.00005
[MOE_TRACE] Group:1 Prob:0.49953 Alpha:0.00005
[MOE_TRACE] Group:0 Prob:0.99753 Alpha:0.00005
[MOE_TRACE] Group:1 Prob:0.49954 Alpha:0.00005
[MOE_TRACE] Group:0 Prob:0.99753 Alpha:0.00005
[MOE_TRACE] Group:1 Prob:0.49954 Alpha:0.00005
[MOE_TRACE] Group:0 Prob:0.99753 Alpha:0.00005
[MOE_TRACE] Group:1 Prob:0.49954 Alpha:0.00005
[MOE_TRACE] Group:0 Prob:0.99753 Alpha:0.00005
[MOE_TRACE] Group:1 Prob:0.49954 Alpha:0.00005
[MOE_TRACE] Group:0 Prob:0.99753 Alpha:0.00005
[MOE_TRACE] Group:1 Prob:0.49955 Alpha:0.00005
[MOE_TRACE] Group:0 Prob:0.99753 Alpha:0.00005
[MOE_TRACE] Group:1 Prob:0.49955 Alpha:0.00005
[MOE_TRACE] Group:0 Prob:0.99753 Alpha:0.00005
[MOE_TRACE] Group:1 Prob:0.49955 Alpha:0.00005
[MOE_TRACE] Group:0 Prob:0.99753 Alpha:0.00005
[MOE_TRACE] Group:1 Prob:0.49955 Alpha:0.00005
[MOE_TRACE] Group:0 Prob:0.99753 Alpha:0.00005
[MOE_TRACE] Group:1 Prob:0.49956 Alpha:0.00005
[MOE_TRACE] Group:0 Prob:0.99753 Alpha:0.00005
[MOE_TRACE] Group:1 Prob:0.49956 Alpha:0.00005
[MOE_TRACE] Group:0 Prob:0.99753 Alpha:0.00005
[MOE_TRACE] Group:1 Prob:0.49956 Alpha:0.00005
[MOE_TRACE] Group:0 Prob:0.99753 Alpha:0.00005
[MOE_TRACE] Group:1 Prob:0.49956 Alpha:0.00005
[MOE_TRACE] Group:0 Prob:0.99753 Alpha:0.00005
[MOE_TRACE] Group:1 Prob:0.49958 Alpha:0.00005
[MOE_TRACE] Group:0 Prob:0.99753 Alpha:0.00005
[MOE_TRACE] Group:1 Prob:0.49958 Alpha:0.00005
[MOE_TRACE] Group:0 Prob:0.99753 Alpha:0.00005
[MOE_TRACE] Group:1 Prob:0.49958 Alpha:0.00005
[MOE_TRACE] Group:0 Prob:0.99753 Alpha:0.00005
[MOE_TRACE] Group:1 Prob:0.49958 Alpha:0.00005
[MOE_TRACE] Group:0 Prob:0.99753 Alpha:0.00005
[MOE_TRACE] Group:1 Prob:0.49959 Alpha:0.00005
[MOE_TRACE] Group:0 Prob:0.99753 Alpha:0.00005
[MOE_TRACE] Group:1 Prob:0.49959 Alpha:0.00005
[MOE_TRACE] Group:0 Prob:0.99753 Alpha:0.00005
[MOE_TRACE] Group:1 Prob:0.49959 Alpha:0.00005
[MOE_TRACE] Group:0 Prob:0.99753 Alpha:0.00005
[MOE_TRACE] Group:1 Prob:0.49959 Alpha:0.00005
[MOE_TRACE] Group:0 Prob:0.99753 Alpha:0.00005
[MOE_TRACE] Group:1 Prob:0.49960 Alpha:0.00005
[MOE_TRACE] Group:0 Prob:0.99753 Alpha:0.00005
[MOE_TRACE] Group:1 Prob:0.49960 Alpha:0.00005
[MOE_TRACE] Group:0 Prob:0.99753 Alpha:0.00005
[MOE_TRACE] Group:1 Prob:0.49960 Alpha:0.00005
[MOE_TRACE] Group:0 Prob:0.99753 Alpha:0.00005
[MOE_TRACE] Group:1 Prob:0.49960 Alpha:0.00005
[MOE_TRACE] Group:0 Prob:0.99753 Alpha:0.00005
[MOE_TRACE] Group:0 Prob:0.99753 Alpha:0.00005[MOE_TRACE] Group:1 Prob:0.49960 Alpha:0.00005

[MOE_TRACE] Group:1 Prob:0.49960 Alpha:0.00005
[MOE_TRACE] Group:0 Prob:0.99753 Alpha:0.00005
[MOE_TRACE] Group:1 Prob:0.49960 Alpha:0.00005
[MOE_TRACE] Group:0 Prob:0.99753 Alpha:0.00005
[MOE_TRACE] Group:1 Prob:0.49960 Alpha:0.00005
[MOE_TRACE] Group:0 Prob:0.99753 Alpha:0.00005
[MOE_TRACE] Group:1 Prob:0.49960 Alpha:0.00005
[MOE_TRACE] Group:0 Prob:0.99753 Alpha:0.00005
[MOE_TRACE] Group:1 Prob:0.49960 Alpha:0.00005
[MOE_TRACE] Group:0 Prob:0.99753 Alpha:0.00005
[MOE_TRACE] Group:1 Prob:0.49960 Alpha:0.00005
[MOE_TRACE] Group:0 Prob:0.99753 Alpha:0.00005
[MOE_TRACE] Group:1 Prob:0.49960 Alpha:0.00005
[MOE_TRACE] Group:0 Prob:0.99753 Alpha:0.00005
[MOE_TRACE] Group:1 Prob:0.49962 Alpha:0.00005
[MOE_TRACE] Group:0 Prob:0.99753 Alpha:0.00005
[MOE_TRACE] Group:0 Prob:0.99753 Alpha:0.00005
[MOE_TRACE] Group:1 Prob:0.49962 Alpha:0.00005
[MOE_TRACE] Group:1 Prob:0.49962 Alpha:0.00005
[MOE_TRACE] Group:0 Prob:0.99753 Alpha:0.00005
[MOE_TRACE] Group:1 Prob:0.49962 Alpha:0.00005
[MOE_TRACE] Group:0 Prob:0.99753 Alpha:0.00005
[MOE_TRACE] Group:1 Prob:0.49963 Alpha:0.00005
[MOE_TRACE] Group:0 Prob:0.99753 Alpha:0.00005
[MOE_TRACE] Group:1 Prob:0.49963 Alpha:0.00005
[MOE_TRACE] Group:0 Prob:0.99753 Alpha:0.00005
[MOE_TRACE] Group:0 Prob:0.99753 Alpha:0.00005[MOE_TRACE] Group:1 Prob:0.49963 Alpha:0.00005

[MOE_TRACE] Group:1 Prob:0.49963 Alpha:0.00005
[MOE_TRACE] Group:0 Prob:0.99753 Alpha:0.00005
[MOE_TRACE] Group:1 Prob:0.49965 Alpha:0.00005
[MOE_TRACE] Group:0 Prob:0.99753 Alpha:0.00005
[MOE_TRACE] Group:1 Prob:0.49965 Alpha:0.00005
[MOE_TRACE] Group:0 Prob:0.99753 Alpha:0.00005
[MOE_TRACE] Group:1 Prob:0.49965 Alpha:0.00005
[MOE_TRACE] Group:0 Prob:0.99753 Alpha:0.00005
[MOE_TRACE] Group:1 Prob:0.49965 Alpha:0.00005
[MOE_TRACE] Group:0 Prob:0.99753 Alpha:0.00005
[MOE_TRACE] Group:1 Prob:0.49967 Alpha:0.00005
[MOE_TRACE] Group:0 Prob:0.99753 Alpha:0.00005
[MOE_TRACE] Group:1 Prob:0.49967 Alpha:0.00005
[MOE_TRACE] Group:0 Prob:0.99753 Alpha:0.00005
[MOE_TRACE] Group:1 Prob:0.49967 Alpha:0.00005
[MOE_TRACE] Group:0 Prob:0.99753 Alpha:0.00005
[MOE_TRACE] Group:1 Prob:0.49967 Alpha:0.00005
[MOE_TRACE] Group:0 Prob:0.99753 Alpha:0.00005
[MOE_TRACE] Group:1 Prob:0.49969 Alpha:0.00005
[MOE_TRACE] Group:0 Prob:0.99753 Alpha:0.00005
[MOE_TRACE] Group:1 Prob:0.49969 Alpha:0.00005
[MOE_TRACE] Group:0 Prob:0.99753 Alpha:0.00005
[MOE_TRACE] Group:1 Prob:0.49969 Alpha:0.00005
[MOE_TRACE] Group:0 Prob:0.99753 Alpha:0.00005
[MOE_TRACE] Group:1 Prob:0.49969 Alpha:0.00005
[MOE_TRACE] Group:0 Prob:0.99753 Alpha:0.00005
[MOE_TRACE] Group:1 Prob:0.49970 Alpha:0.00005
[MOE_TRACE] Group:0 Prob:0.99753 Alpha:0.00005
[MOE_TRACE] Group:1 Prob:0.49970 Alpha:0.00005
[MOE_TRACE] Group:0 Prob:0.99753 Alpha:0.00005
[MOE_TRACE] Group:1 Prob:0.49970 Alpha:0.00005
[MOE_TRACE] Group:0 Prob:0.99753 Alpha:0.00005
[MOE_TRACE] Group:1 Prob:0.49970 Alpha:0.00005
[MOE_TRACE] Group:0 Prob:0.99753 Alpha:0.00005
[MOE_TRACE] Group:1 Prob:0.49971 Alpha:0.00005
[MOE_TRACE] Group:0 Prob:0.99753 Alpha:0.00005
[MOE_TRACE] Group:1 Prob:0.49971 Alpha:0.00005
[MOE_TRACE] Group:0 Prob:0.99753 Alpha:0.00005
[MOE_TRACE] Group:1 Prob:0.49971 Alpha:0.00005
[MOE_TRACE] Group:0 Prob:0.99753 Alpha:0.00005
[MOE_TRACE] Group:1 Prob:0.49971 Alpha:0.00005
[MOE_TRACE] Group:0 Prob:0.99753 Alpha:0.00005
[MOE_TRACE] Group:1 Prob:0.49972 Alpha:0.00005
[MOE_TRACE] Group:0 Prob:0.99753 Alpha:0.00005
[MOE_TRACE] Group:1 Prob:0.49972 Alpha:0.00005
[MOE_TRACE] Group:0 Prob:0.99753 Alpha:0.00005
[MOE_TRACE] Group:1 Prob:0.49972 Alpha:0.00005
[MOE_TRACE] Group:0 Prob:0.99753 Alpha:0.00005
[MOE_TRACE] Group:1 Prob:0.49972 Alpha:0.00005
[MOE_TRACE] Group:0 Prob:0.99753 Alpha:0.00005
[MOE_TRACE] Group:1 Prob:0.49974 Alpha:0.00005
[MOE_TRACE] Group:0 Prob:0.99753 Alpha:0.00005
[MOE_TRACE] Group:1 Prob:0.49974 Alpha:0.00005
[MOE_TRACE] Group:0 Prob:0.99753 Alpha:0.00005
[MOE_TRACE] Group:1 Prob:0.49974 Alpha:0.00005
[MOE_TRACE] Group:0 Prob:0.99753 Alpha:0.00005
[MOE_TRACE] Group:1 Prob:0.49974 Alpha:0.00005
[MOE_TRACE] Group:0 Prob:0.99753 Alpha:0.00005[MOE_TRACE] Group:0 Prob:0.99753 Alpha:0.00005

[MOE_TRACE] Group:1 Prob:0.49976 Alpha:0.00005
[MOE_TRACE] Group:1 Prob:0.49976 Alpha:0.00005
[MOE_TRACE] Group:0 Prob:0.99753 Alpha:0.00005
[MOE_TRACE] Group:1 Prob:0.49976 Alpha:0.00005
[MOE_TRACE] Group:0 Prob:0.99753 Alpha:0.00005
[MOE_TRACE] Group:1 Prob:0.49976 Alpha:0.00005
[MOE_TRACE] Group:0 Prob:0.99753 Alpha:0.00005
[MOE_TRACE] Group:0 Prob:0.99753 Alpha:0.00005[MOE_TRACE] Group:1 Prob:0.49978 Alpha:0.00005

[MOE_TRACE] Group:1 Prob:0.49978 Alpha:0.00005
[MOE_TRACE] Group:0 Prob:0.99753 Alpha:0.00005
[MOE_TRACE] Group:1 Prob:0.49978 Alpha:0.00005
[MOE_TRACE] Group:0 Prob:0.99753 Alpha:0.00005
[MOE_TRACE] Group:1 Prob:0.49978 Alpha:0.00005
[MOE_TRACE] Group:0 Prob:0.99753 Alpha:0.00005
[MOE_TRACE] Group:1 Prob:0.49979 Alpha:0.00005
[MOE_TRACE] Group:0 Prob:0.99753 Alpha:0.00005
[MOE_TRACE] Group:1 Prob:0.49979 Alpha:0.00005
[MOE_TRACE] Group:0 Prob:0.99753 Alpha:0.00005
[MOE_TRACE] Group:1 Prob:0.49979 Alpha:0.00005
[MOE_TRACE] Group:0 Prob:0.99753 Alpha:0.00005
[MOE_TRACE] Group:1 Prob:0.49979 Alpha:0.00005
[MOE_TRACE] Group:0 Prob:0.99753 Alpha:0.00005
[MOE_TRACE] Group:1 Prob:0.49981 Alpha:0.00005
[MOE_TRACE] Group:0 Prob:0.99753 Alpha:0.00005
[MOE_TRACE] Group:1 Prob:0.49981 Alpha:0.00005
[MOE_TRACE] Group:0 Prob:0.99753 Alpha:0.00005
[MOE_TRACE] Group:1 Prob:0.49981 Alpha:0.00005
[MOE_TRACE] Group:0 Prob:0.99753 Alpha:0.00005
[MOE_TRACE] Group:1 Prob:0.49981 Alpha:0.00005
[MOE_TRACE] Group:0 Prob:0.99753 Alpha:0.00005
[MOE_TRACE] Group:1 Prob:0.49981 Alpha:0.00005
[MOE_TRACE] Group:0 Prob:0.99753 Alpha:0.00005
[MOE_TRACE] Group:1 Prob:0.49981 Alpha:0.00005
[MOE_TRACE] Group:0 Prob:0.99753 Alpha:0.00005
[MOE_TRACE] Group:1 Prob:0.49981 Alpha:0.00005
[MOE_TRACE] Group:0 Prob:0.99753 Alpha:0.00005
[MOE_TRACE] Group:1 Prob:0.49981 Alpha:0.00005
[MOE_TRACE] Group:0 Prob:0.99753 Alpha:0.00005
[MOE_TRACE] Group:1 Prob:0.49982 Alpha:0.00005
[MOE_TRACE] Group:0 Prob:0.99753 Alpha:0.00005
[MOE_TRACE] Group:1 Prob:0.49982 Alpha:0.00005
[MOE_TRACE] Group:0 Prob:0.99753 Alpha:0.00005
[MOE_TRACE] Group:1 Prob:0.49982 Alpha:0.00005
[MOE_TRACE] Group:0 Prob:0.99753 Alpha:0.00005
[MOE_TRACE] Group:1 Prob:0.49982 Alpha:0.00005
[MOE_TRACE] Group:0 Prob:0.99753 Alpha:0.00005
[MOE_TRACE] Group:1 Prob:0.49983 Alpha:0.00005
[MOE_TRACE] Group:0 Prob:0.99753 Alpha:0.00005
[MOE_TRACE] Group:1 Prob:0.49983 Alpha:0.00005
[MOE_TRACE] Group:0 Prob:0.99753 Alpha:0.00005
[MOE_TRACE] Group:0 Prob:0.99753 Alpha:0.00005
[MOE_TRACE] Group:1 Prob:0.49983 Alpha:0.00005
[MOE_TRACE] Group:1 Prob:0.49983 Alpha:0.00005
[MOE_TRACE] Group:0 Prob:0.99753 Alpha:0.00005
[MOE_TRACE] Group:1 Prob:0.49984 Alpha:0.00005
[MOE_TRACE] Group:0 Prob:0.99753 Alpha:0.00005
[MOE_TRACE] Group:1 Prob:0.49984 Alpha:0.00005
[MOE_TRACE] Group:0 Prob:0.99753 Alpha:0.00005
[MOE_TRACE] Group:1 Prob:0.49984 Alpha:0.00005
[MOE_TRACE] Group:0 Prob:0.99753 Alpha:0.00005
[MOE_TRACE] Group:1 Prob:0.49984 Alpha:0.00005
[MOE_TRACE] Group:0 Prob:0.99753 Alpha:0.00005
[MOE_TRACE] Group:1 Prob:0.49986 Alpha:0.00005
[MOE_TRACE] Group:0 Prob:0.99753 Alpha:0.00005
[MOE_TRACE] Group:1 Prob:0.49986 Alpha:0.00005
[MOE_TRACE] Group:0 Prob:0.99753 Alpha:0.00005
[MOE_TRACE] Group:1 Prob:0.49986 Alpha:0.00005
[MOE_TRACE] Group:0 Prob:0.99753 Alpha:0.00005
[MOE_TRACE] Group:1 Prob:0.49986 Alpha:0.00005
[MOE_TRACE] Group:0 Prob:0.99753 Alpha:0.00005
[MOE_TRACE] Group:1 Prob:0.49987 Alpha:0.00005
[MOE_TRACE] Group:0 Prob:0.99753 Alpha:0.00005
[MOE_TRACE] Group:1 Prob:0.49987 Alpha:0.00005
[MOE_TRACE] Group:0 Prob:0.99753 Alpha:0.00005
[MOE_TRACE] Group:1 Prob:0.49987 Alpha:0.00005
[MOE_TRACE] Group:0 Prob:0.99753 Alpha:0.00005
[MOE_TRACE] Group:1 Prob:0.49987 Alpha:0.00005
[MOE_TRACE] Group:0 Prob:0.99753 Alpha:0.00005
[MOE_TRACE] Group:1 Prob:0.49987 Alpha:0.00005
[MOE_TRACE] Group:0 Prob:0.99753 Alpha:0.00005
[MOE_TRACE] Group:1 Prob:0.49987 Alpha:0.00005
[MOE_TRACE] Group:0 Prob:0.99753 Alpha:0.00005
[MOE_TRACE] Group:1 Prob:0.49987 Alpha:0.00005
[MOE_TRACE] Group:0 Prob:0.99753 Alpha:0.00005
[MOE_TRACE] Group:1 Prob:0.49987 Alpha:0.00005
[MOE_TRACE] Group:0 Prob:0.99753 Alpha:0.00005
[MOE_TRACE] Group:1 Prob:0.49988 Alpha:0.00005
[MOE_TRACE] Group:0 Prob:0.99753 Alpha:0.00005
[MOE_TRACE] Group:1 Prob:0.49988 Alpha:0.00005
[MOE_TRACE] Group:0 Prob:0.99753 Alpha:0.00005
[MOE_TRACE] Group:1 Prob:0.49988 Alpha:0.00005
[MOE_TRACE] Group:0 Prob:0.99753 Alpha:0.00005
[MOE_TRACE] Group:1 Prob:0.49988 Alpha:0.00005
[MOE_TRACE] Group:0 Prob:0.99753 Alpha:0.00005
[MOE_TRACE] Group:1 Prob:0.49989 Alpha:0.00005
[MOE_TRACE] Group:0 Prob:0.99753 Alpha:0.00005
[MOE_TRACE] Group:1 Prob:0.49989 Alpha:0.00005
[MOE_TRACE] Group:0 Prob:0.99753 Alpha:0.00005
[MOE_TRACE] Group:1 Prob:0.49989 Alpha:0.00005
[MOE_TRACE] Group:0 Prob:0.99753 Alpha:0.00005
[MOE_TRACE] Group:1 Prob:0.49989 Alpha:0.00005
[MOE_TRACE] Group:0 Prob:0.99753 Alpha:0.00005
[MOE_TRACE] Group:1 Prob:0.49990 Alpha:0.00005
[MOE_TRACE] Group:0 Prob:0.99753 Alpha:0.00005
[MOE_TRACE] Group:1 Prob:0.49990 Alpha:0.00005
[MOE_TRACE] Group:0 Prob:0.99753 Alpha:0.00005
[MOE_TRACE] Group:1 Prob:0.49990 Alpha:0.00005
[MOE_TRACE] Group:0 Prob:0.99753 Alpha:0.00005
[MOE_TRACE] Group:1 Prob:0.49990 Alpha:0.00005
[MOE_TRACE] Group:0 Prob:0.99753 Alpha:0.00005
[MOE_TRACE] Group:1 Prob:0.49991 Alpha:0.00005
[MOE_TRACE] Group:0 Prob:0.99753 Alpha:0.00005
[MOE_TRACE] Group:1 Prob:0.49991 Alpha:0.00005
[MOE_TRACE] Group:0 Prob:0.99753 Alpha:0.00005
[MOE_TRACE] Group:1 Prob:0.49991 Alpha:0.00005
[MOE_TRACE] Group:0 Prob:0.99753 Alpha:0.00005
[MOE_TRACE] Group:1 Prob:0.49991 Alpha:0.00005
[MOE_TRACE] Group:0 Prob:0.99753 Alpha:0.00005
[MOE_TRACE] Group:1 Prob:0.49992 Alpha:0.00005
[MOE_TRACE] Group:0 Prob:0.99753 Alpha:0.00005
[MOE_TRACE] Group:1 Prob:0.49992 Alpha:0.00005
[MOE_TRACE] Group:0 Prob:0.99753 Alpha:0.00005
[MOE_TRACE] Group:1 Prob:0.49992 Alpha:0.00005
[MOE_TRACE] Group:0 Prob:0.99753 Alpha:0.00005
[MOE_TRACE] Group:1 Prob:0.49992 Alpha:0.00005
[MOE_TRACE] Group:0 Prob:0.99753 Alpha:0.00005
[MOE_TRACE] Group:1 Prob:0.49993 Alpha:0.00005
[MOE_TRACE] Group:0 Prob:0.99753 Alpha:0.00005
[MOE_TRACE] Group:1 Prob:0.49993 Alpha:0.00005
[MOE_TRACE] Group:0 Prob:0.99753 Alpha:0.00005
[MOE_TRACE] Group:1 Prob:0.49993 Alpha:0.00005
[MOE_TRACE] Group:0 Prob:0.99753 Alpha:0.00005
[MOE_TRACE] Group:1 Prob:0.49993 Alpha:0.00005
[MOE_TRACE] Group:0 Prob:0.99753 Alpha:0.00005
[MOE_TRACE] Group:1 Prob:0.49993 Alpha:0.00005
[MOE_TRACE] Group:0 Prob:0.99753 Alpha:0.00005
[MOE_TRACE] Group:1 Prob:0.49993 Alpha:0.00005
[MOE_TRACE] Group:0 Prob:0.99753 Alpha:0.00005
[MOE_TRACE] Group:1 Prob:0.49993 Alpha:0.00005
[MOE_TRACE] Group:0 Prob:0.99753 Alpha:0.00005
[MOE_TRACE] Group:1 Prob:0.49993 Alpha:0.00005
[MOE_TRACE] Group:0 Prob:0.99753 Alpha:0.00005
[MOE_TRACE] Group:1 Prob:0.49993 Alpha:0.00005
[MOE_TRACE] Group:0 Prob:0.99753 Alpha:0.00005
[MOE_TRACE] Group:1 Prob:0.49993 Alpha:0.00005
[MOE_TRACE] Group:0 Prob:0.99753 Alpha:0.00005
[MOE_TRACE] Group:1 Prob:0.49993 Alpha:0.00005
[MOE_TRACE] Group:0 Prob:0.99753 Alpha:0.00005
[MOE_TRACE] Group:1 Prob:0.49993 Alpha:0.00005
[MOE_TRACE] Group:0 Prob:0.99753 Alpha:0.00005[MOE_TRACE] Group:0 Prob:0.99753 Alpha:0.00005

[MOE_TRACE] Group:1 Prob:0.49994 Alpha:0.00005[MOE_TRACE] Group:1 Prob:0.49994 Alpha:0.00005

[MOE_TRACE] Group:0 Prob:0.99753 Alpha:0.00005
[MOE_TRACE] Group:1 Prob:0.49994 Alpha:0.00005
[MOE_TRACE] Group:0 Prob:0.99753 Alpha:0.00005
[MOE_TRACE] Group:1 Prob:0.49994 Alpha:0.00005
[MOE_TRACE] Group:0 Prob:0.99753 Alpha:0.00005
[MOE_TRACE] Group:1 Prob:0.49995 Alpha:0.00005
[MOE_TRACE] Group:0 Prob:0.99753 Alpha:0.00005[MOE_TRACE] Group:0 Prob:0.99753 Alpha:0.00005

[MOE_TRACE] Group:1 Prob:0.49995 Alpha:0.00005
[MOE_TRACE] Group:1 Prob:0.49995 Alpha:0.00005
[MOE_TRACE] Group:0 Prob:0.99753 Alpha:0.00005
[MOE_TRACE] Group:1 Prob:0.49995 Alpha:0.00005
[MOE_TRACE] Group:0 Prob:0.99753 Alpha:0.00005
[MOE_TRACE] Group:1 Prob:0.49995 Alpha:0.00005
[MOE_TRACE] Group:0 Prob:0.99753 Alpha:0.00005
[MOE_TRACE] Group:1 Prob:0.49995 Alpha:0.00005
[MOE_TRACE] Group:0 Prob:0.99753 Alpha:0.00005
[MOE_TRACE] Group:1 Prob:0.49995 Alpha:0.00005
[MOE_TRACE] Group:0 Prob:0.99753 Alpha:0.00005
[MOE_TRACE] Group:1 Prob:0.49995 Alpha:0.00005
[MOE_TRACE] Group:0 Prob:0.99753 Alpha:0.00005
[MOE_TRACE] Group:1 Prob:0.49996 Alpha:0.00005
[MOE_TRACE] Group:0 Prob:0.99753 Alpha:0.00005
[MOE_TRACE] Group:1 Prob:0.49996 Alpha:0.00005
[MOE_TRACE] Group:0 Prob:0.99753 Alpha:0.00005
[MOE_TRACE] Group:1 Prob:0.49996 Alpha:0.00005
[MOE_TRACE] Group:0 Prob:0.99753 Alpha:0.00005
[MOE_TRACE] Group:1 Prob:0.49996 Alpha:0.00005
[MOE_TRACE] Group:0 Prob:0.99753 Alpha:0.00005
[MOE_TRACE] Group:1 Prob:0.49996 Alpha:0.00005
[MOE_TRACE] Group:0 Prob:0.99753 Alpha:0.00005
[MOE_TRACE] Group:1 Prob:0.49996 Alpha:0.00005
[MOE_TRACE] Group:0 Prob:0.99753 Alpha:0.00005
[MOE_TRACE] Group:1 Prob:0.49996 Alpha:0.00005
[MOE_TRACE] Group:0 Prob:0.99753 Alpha:0.00005
[MOE_TRACE] Group:1 Prob:0.49996 Alpha:0.00005
[MOE_TRACE] Group:0 Prob:0.99753 Alpha:0.00005
[MOE_TRACE] Group:1 Prob:0.49997 Alpha:0.00005
[MOE_TRACE] Group:0 Prob:0.99753 Alpha:0.00005
[MOE_TRACE] Group:1 Prob:0.49997 Alpha:0.00005
[MOE_TRACE] Group:0 Prob:0.99753 Alpha:0.00005
[MOE_TRACE] Group:1 Prob:0.49997 Alpha:0.00005
[MOE_TRACE] Group:0 Prob:0.99753 Alpha:0.00005
[MOE_TRACE] Group:1 Prob:0.49997 Alpha:0.00005
[MOE_TRACE] Group:0 Prob:0.99753 Alpha:0.00005
[MOE_TRACE] Group:1 Prob:0.49997 Alpha:0.00005
[MOE_TRACE] Group:0 Prob:0.99753 Alpha:0.00005
[MOE_TRACE] Group:1 Prob:0.49997 Alpha:0.00005
[MOE_TRACE] Group:0 Prob:0.99753 Alpha:0.00005
[MOE_TRACE] Group:1 Prob:0.49997 Alpha:0.00005
[MOE_TRACE] Group:0 Prob:0.99753 Alpha:0.00005
[MOE_TRACE] Group:1 Prob:0.49997 Alpha:0.00005
[MOE_TRACE] Group:0 Prob:0.99753 Alpha:0.00005
[MOE_TRACE] Group:1 Prob:0.49998 Alpha:0.00005
[MOE_TRACE] Group:0 Prob:0.99753 Alpha:0.00005
[MOE_TRACE] Group:1 Prob:0.49998 Alpha:0.00005
[MOE_TRACE] Group:0 Prob:0.99753 Alpha:0.00005
[MOE_TRACE] Group:1 Prob:0.49998 Alpha:0.00005
[MOE_TRACE] Group:0 Prob:0.99753 Alpha:0.00005
[MOE_TRACE] Group:1 Prob:0.49998 Alpha:0.00005
[MOE_TRACE] Group:0 Prob:0.99753 Alpha:0.00005
[MOE_TRACE] Group:1 Prob:0.49999 Alpha:0.00005
[MOE_TRACE] Group:0 Prob:0.99753 Alpha:0.00005
[MOE_TRACE] Group:1 Prob:0.49999 Alpha:0.00005
[MOE_TRACE] Group:0 Prob:0.99753 Alpha:0.00005
[MOE_TRACE] Group:1 Prob:0.49999 Alpha:0.00005[MOE_TRACE] Group:0 Prob:0.99753 Alpha:0.00005

[MOE_TRACE] Group:1 Prob:0.49999 Alpha:0.00005
[MOE_TRACE] Group:0 Prob:0.99753 Alpha:0.00005
[MOE_TRACE] Group:1 Prob:0.50000 Alpha:0.00005
[MOE_TRACE] Group:0 Prob:0.99753 Alpha:0.00005
[MOE_TRACE] Group:1 Prob:0.50000 Alpha:0.00005
[MOE_TRACE] Group:0 Prob:0.99753 Alpha:0.00005
[MOE_TRACE] Group:1 Prob:0.50000 Alpha:0.00005
[MOE_TRACE] Group:0 Prob:0.99753 Alpha:0.00005
[MOE_TRACE] Group:1 Prob:0.50000 Alpha:0.00005
[MOE_TRACE] Group:0 Prob:0.99753 Alpha:0.00005
[MOE_TRACE] Group:1 Prob:0.50000 Alpha:0.00005
[MOE_TRACE] Group:0 Prob:0.99753 Alpha:0.00005
[MOE_TRACE] Group:1 Prob:0.50000 Alpha:0.00005
[MOE_TRACE] Group:0 Prob:0.99753 Alpha:0.00005
[MOE_TRACE] Group:1 Prob:0.50000 Alpha:0.00005
[MOE_TRACE] Group:0 Prob:0.99753 Alpha:0.00005
[MOE_TRACE] Group:1 Prob:0.50000 Alpha:0.00005
[MOE_TRACE] Group:0 Prob:0.99753 Alpha:0.00005
[MOE_TRACE] Group:1 Prob:0.50000 Alpha:0.00005
[MOE_TRACE] Group:0 Prob:0.99753 Alpha:0.00005
[MOE_TRACE] Group:0 Prob:0.99753 Alpha:0.00005[MOE_TRACE] Group:1 Prob:0.50000 Alpha:0.00005

[MOE_TRACE] Group:1 Prob:0.50000 Alpha:0.00005
[MOE_TRACE] Group:0 Prob:0.99753 Alpha:0.00005
[MOE_TRACE] Group:1 Prob:0.50000 Alpha:0.00005
[MOE_TRACE] Group:0 Prob:0.99753 Alpha:0.00005
[MOE_TRACE] Group:1 Prob:0.50001 Alpha:0.00005
[MOE_TRACE] Group:0 Prob:0.99753 Alpha:0.00005
[MOE_TRACE] Group:1 Prob:0.50001 Alpha:0.00005
[MOE_TRACE] Group:0 Prob:0.99753 Alpha:0.00005
[MOE_TRACE] Group:1 Prob:0.50001 Alpha:0.00005
[MOE_TRACE] Group:0 Prob:0.99753 Alpha:0.00005
[MOE_TRACE] Group:1 Prob:0.50001 Alpha:0.00005
[MOE_TRACE] Group:0 Prob:0.99753 Alpha:0.00005
[MOE_TRACE] Group:1 Prob:0.50001 Alpha:0.00005
[MOE_TRACE] Group:0 Prob:0.99753 Alpha:0.00005
[MOE_TRACE] Group:1 Prob:0.50001 Alpha:0.00005
[MOE_TRACE] Group:0 Prob:0.99753 Alpha:0.00005
[MOE_TRACE] Group:1 Prob:0.50001 Alpha:0.00005
[MOE_TRACE] Group:0 Prob:0.99753 Alpha:0.00005
[MOE_TRACE] Group:1 Prob:0.50001 Alpha:0.00005
[MOE_TRACE] Group:0 Prob:0.99753 Alpha:0.00005
[MOE_TRACE] Group:1 Prob:0.50000 Alpha:0.00005
[MOE_TRACE] Group:0 Prob:0.99753 Alpha:0.00005
[MOE_TRACE] Group:1 Prob:0.50000 Alpha:0.00005
[MOE_TRACE] Group:0 Prob:0.99753 Alpha:0.00005
[MOE_TRACE] Group:1 Prob:0.50000 Alpha:0.00005
[MOE_TRACE] Group:0 Prob:0.99753 Alpha:0.00005
[MOE_TRACE] Group:1 Prob:0.50000 Alpha:0.00005
[MOE_TRACE] Group:0 Prob:0.99753 Alpha:0.00005
[MOE_TRACE] Group:1 Prob:0.50000 Alpha:0.00005
[MOE_TRACE] Group:0 Prob:0.99753 Alpha:0.00005
[MOE_TRACE] Group:1 Prob:0.50000 Alpha:0.00005
[MOE_TRACE] Group:0 Prob:0.99753 Alpha:0.00005
[MOE_TRACE] Group:1 Prob:0.50000 Alpha:0.00005
[MOE_TRACE] Group:0 Prob:0.99753 Alpha:0.00005
[MOE_TRACE] Group:1 Prob:0.50000 Alpha:0.00005
[MOE_TRACE] Group:0 Prob:0.99753 Alpha:0.00005
[MOE_TRACE] Group:1 Prob:0.49999 Alpha:0.00005
[MOE_TRACE] Group:0 Prob:0.99753 Alpha:0.00005
[MOE_TRACE] Group:1 Prob:0.49999 Alpha:0.00005
[MOE_TRACE] Group:0 Prob:0.99753 Alpha:0.00005
[MOE_TRACE] Group:1 Prob:0.49999 Alpha:0.00005
[MOE_TRACE] Group:0 Prob:0.99753 Alpha:0.00005
[MOE_TRACE] Group:1 Prob:0.49999 Alpha:0.00005
[MOE_TRACE] Group:0 Prob:0.99753 Alpha:0.00005
[MOE_TRACE] Group:1 Prob:0.49999 Alpha:0.00005
[MOE_TRACE] Group:0 Prob:0.99753 Alpha:0.00005
[MOE_TRACE] Group:1 Prob:0.49999 Alpha:0.00005
[MOE_TRACE] Group:0 Prob:0.99753 Alpha:0.00005
[MOE_TRACE] Group:1 Prob:0.49999 Alpha:0.00005
[MOE_TRACE] Group:0 Prob:0.99753 Alpha:0.00005
[MOE_TRACE] Group:1 Prob:0.49999 Alpha:0.00005
[MOE_TRACE] Group:0 Prob:0.99753 Alpha:0.00005
[MOE_TRACE] Group:1 Prob:0.49999 Alpha:0.00005
[MOE_TRACE] Group:0 Prob:0.99753 Alpha:0.00005
[MOE_TRACE] Group:1 Prob:0.49999 Alpha:0.00005
[MOE_TRACE] Group:0 Prob:0.99753 Alpha:0.00005
[MOE_TRACE] Group:1 Prob:0.49999 Alpha:0.00005
[MOE_TRACE] Group:0 Prob:0.99753 Alpha:0.00005
[MOE_TRACE] Group:1 Prob:0.49999 Alpha:0.00005
[MOE_TRACE] Group:0 Prob:0.99753 Alpha:0.00005
[MOE_TRACE] Group:1 Prob:0.49999 Alpha:0.00005
[MOE_TRACE] Group:0 Prob:0.99753 Alpha:0.00005
[MOE_TRACE] Group:1 Prob:0.49999 Alpha:0.00005
[MOE_TRACE] Group:0 Prob:0.99753 Alpha:0.00005
[MOE_TRACE] Group:1 Prob:0.49999 Alpha:0.00005
[MOE_TRACE] Group:0 Prob:0.99753 Alpha:0.00005
[MOE_TRACE] Group:1 Prob:0.49999 Alpha:0.00005
[MOE_TRACE] Group:0 Prob:0.99753 Alpha:0.00005
[MOE_TRACE] Group:1 Prob:0.49999 Alpha:0.00005
[MOE_TRACE] Group:0 Prob:0.99753 Alpha:0.00005
[MOE_TRACE] Group:1 Prob:0.49999 Alpha:0.00005
[MOE_TRACE] Group:0 Prob:0.99753 Alpha:0.00005
[MOE_TRACE] Group:1 Prob:0.49999 Alpha:0.00005
[MOE_TRACE] Group:0 Prob:0.99753 Alpha:0.00005
[MOE_TRACE] Group:1 Prob:0.49999 Alpha:0.00005
[MOE_TRACE] Group:0 Prob:0.99753 Alpha:0.00005
[MOE_TRACE] Group:1 Prob:0.49999 Alpha:0.00005
[MOE_TRACE] Group:0 Prob:0.99753 Alpha:0.00005
[MOE_TRACE] Group:1 Prob:0.49999 Alpha:0.00005
[MOE_TRACE] Group:0 Prob:0.99753 Alpha:0.00005
[MOE_TRACE] Group:1 Prob:0.49999 Alpha:0.00005
[MOE_TRACE] Group:0 Prob:0.99753 Alpha:0.00005
[MOE_TRACE] Group:1 Prob:0.49999 Alpha:0.00005
[MOE_TRACE] Group:0 Prob:0.99753 Alpha:0.00005
[MOE_TRACE] Group:1 Prob:0.49998 Alpha:0.00005
[MOE_TRACE] Group:0 Prob:0.99753 Alpha:0.00005
[MOE_TRACE] Group:1 Prob:0.49998 Alpha:0.00005
[MOE_TRACE] Group:0 Prob:0.99753 Alpha:0.00005
[MOE_TRACE] Group:1 Prob:0.49998 Alpha:0.00005
[MOE_TRACE] Group:0 Prob:0.99753 Alpha:0.00005
[MOE_TRACE] Group:1 Prob:0.49998 Alpha:0.00005
[MOE_TRACE] Group:0 Prob:0.99753 Alpha:0.00005
[MOE_TRACE] Group:1 Prob:0.49999 Alpha:0.00005
[MOE_TRACE] Group:0 Prob:0.99753 Alpha:0.00005
[MOE_TRACE] Group:1 Prob:0.49999 Alpha:0.00005
[MOE_TRACE] Group:0 Prob:0.99753 Alpha:0.00005
[MOE_TRACE] Group:1 Prob:0.49999 Alpha:0.00005
[MOE_TRACE] Group:0 Prob:0.99753 Alpha:0.00005
[MOE_TRACE] Group:1 Prob:0.49999 Alpha:0.00005
[MOE_TRACE] Group:0 Prob:0.99753 Alpha:0.00005
[MOE_TRACE] Group:1 Prob:0.49999 Alpha:0.00005
[MOE_TRACE] Group:0 Prob:0.99753 Alpha:0.00005
[MOE_TRACE] Group:1 Prob:0.49999 Alpha:0.00005
[MOE_TRACE] Group:0 Prob:0.99753 Alpha:0.00005
[MOE_TRACE] Group:1 Prob:0.49999 Alpha:0.00005
[MOE_TRACE] Group:0 Prob:0.99753 Alpha:0.00005
[MOE_TRACE] Group:1 Prob:0.49999 Alpha:0.00005
[MOE_TRACE] Group:0 Prob:0.99753 Alpha:0.00005
[MOE_TRACE] Group:1 Prob:0.49999 Alpha:0.00005
[MOE_TRACE] Group:0 Prob:0.99753 Alpha:0.00005
[MOE_TRACE] Group:1 Prob:0.49999 Alpha:0.00005[MOE_TRACE] Group:0 Prob:0.99753 Alpha:0.00005

[MOE_TRACE] Group:1 Prob:0.49999 Alpha:0.00005
[MOE_TRACE] Group:0 Prob:0.99753 Alpha:0.00005
[MOE_TRACE] Group:1 Prob:0.49999 Alpha:0.00005
[MOE_TRACE] Group:0 Prob:0.99753 Alpha:0.00005
[MOE_TRACE] Group:1 Prob:0.49999 Alpha:0.00005
[MOE_TRACE] Group:0 Prob:0.99753 Alpha:0.00005
[MOE_TRACE] Group:0 Prob:0.99753 Alpha:0.00005
[MOE_TRACE] Group:1 Prob:0.49999 Alpha:0.00005
[MOE_TRACE] Group:1 Prob:0.49999 Alpha:0.00005
[MOE_TRACE] Group:0 Prob:0.99753 Alpha:0.00005
[MOE_TRACE] Group:1 Prob:0.49999 Alpha:0.00005
[MOE_TRACE] Group:0 Prob:0.99753 Alpha:0.00005
[MOE_TRACE] Group:1 Prob:0.49999 Alpha:0.00005
[MOE_TRACE] Group:0 Prob:0.99753 Alpha:0.00005
[MOE_TRACE] Group:1 Prob:0.49999 Alpha:0.00005
[MOE_TRACE] Group:0 Prob:0.99753 Alpha:0.00005[MOE_TRACE] Group:0 Prob:0.99753 Alpha:0.00005

[MOE_TRACE] Group:1 Prob:0.49999 Alpha:0.00005
[MOE_TRACE] Group:1 Prob:0.49999 Alpha:0.00005
[MOE_TRACE] Group:0 Prob:0.99753 Alpha:0.00005
[MOE_TRACE] Group:0 Prob:0.99753 Alpha:0.00005
[MOE_TRACE] Group:1 Prob:0.49999 Alpha:0.00005
[MOE_TRACE] Group:1 Prob:0.49999 Alpha:0.00005
[MOE_TRACE] Group:0 Prob:0.99753 Alpha:0.00005[MOE_TRACE] Group:0 Prob:0.99753 Alpha:0.00005

[MOE_TRACE] Group:1 Prob:0.49999 Alpha:0.00005
[MOE_TRACE] Group:1 Prob:0.49999 Alpha:0.00005
[MOE_TRACE] Group:0 Prob:0.99753 Alpha:0.00005
[MOE_TRACE] Group:1 Prob:0.49999 Alpha:0.00005
[MOE_TRACE] Group:0 Prob:0.99753 Alpha:0.00005
[MOE_TRACE] Group:1 Prob:0.49999 Alpha:0.00005
[MOE_TRACE] Group:0 Prob:0.99753 Alpha:0.00005
[MOE_TRACE] Group:1 Prob:0.49999 Alpha:0.00005
[MOE_TRACE] Group:0 Prob:0.99753 Alpha:0.00005
[MOE_TRACE] Group:1 Prob:0.49999 Alpha:0.00005
[MOE_TRACE] Group:0 Prob:0.99753 Alpha:0.00005
[MOE_TRACE] Group:1 Prob:0.49998 Alpha:0.00005
[MOE_TRACE] Group:0 Prob:0.99753 Alpha:0.00005
[MOE_TRACE] Group:1 Prob:0.49998 Alpha:0.00005
[MOE_TRACE] Group:0 Prob:0.99753 Alpha:0.00005
[MOE_TRACE] Group:1 Prob:0.49998 Alpha:0.00005
[MOE_TRACE] Group:0 Prob:0.99753 Alpha:0.00005
[MOE_TRACE] Group:1 Prob:0.49998 Alpha:0.00005
[MOE_TRACE] Group:0 Prob:0.99753 Alpha:0.00005
[MOE_TRACE] Group:0 Prob:0.99753 Alpha:0.00005
[MOE_TRACE] Group:1 Prob:0.49998 Alpha:0.00005
[MOE_TRACE] Group:1 Prob:0.49998 Alpha:0.00005
[MOE_TRACE] Group:0 Prob:0.99753 Alpha:0.00005
[MOE_TRACE] Group:1 Prob:0.49998 Alpha:0.00005
[MOE_TRACE] Group:0 Prob:0.99753 Alpha:0.00005
[MOE_TRACE] Group:1 Prob:0.49998 Alpha:0.00005
[MOE_TRACE] Group:0 Prob:0.99753 Alpha:0.00005
[MOE_TRACE] Group:1 Prob:0.49998 Alpha:0.00005
[MOE_TRACE] Group:0 Prob:0.99753 Alpha:0.00005
[MOE_TRACE] Group:1 Prob:0.49998 Alpha:0.00005
[MOE_TRACE] Group:0 Prob:0.99753 Alpha:0.00005
[MOE_TRACE] Group:1 Prob:0.49998 Alpha:0.00005
[MOE_TRACE] Group:0 Prob:0.99753 Alpha:0.00005
[MOE_TRACE] Group:1 Prob:0.49998 Alpha:0.00005
[MOE_TRACE] Group:0 Prob:0.99753 Alpha:0.00005
[MOE_TRACE] Group:1 Prob:0.49998 Alpha:0.00005
[MOE_TRACE] Group:0 Prob:0.99753 Alpha:0.00005
[MOE_TRACE] Group:1 Prob:0.49998 Alpha:0.00005
[MOE_TRACE] Group:0 Prob:0.99753 Alpha:0.00005
[MOE_TRACE] Group:1 Prob:0.49998 Alpha:0.00005
[MOE_TRACE] Group:0 Prob:0.99753 Alpha:0.00005
[MOE_TRACE] Group:1 Prob:0.49998 Alpha:0.00005
	iters: 100, epoch: 1 | loss: 0.7390934 | Mem: 1835MB(Max:2193MB)
	speed: 0.2327s/iter; left time: 319.0612s
[MOE_TRACE] Group:0 Prob:0.99753 Alpha:0.00005
[MOE_TRACE] Group:1 Prob:0.49998 Alpha:0.00005
[MOE_TRACE] Group:0 Prob:0.99753 Alpha:0.00005
[MOE_TRACE] Group:1 Prob:0.49998 Alpha:0.00005
[MOE_TRACE] Group:0 Prob:0.99753 Alpha:0.00005
[MOE_TRACE] Group:1 Prob:0.49998 Alpha:0.00005
[MOE_TRACE] Group:0 Prob:0.99753 Alpha:0.00005
[MOE_TRACE] Group:1 Prob:0.49998 Alpha:0.00005
[MOE_TRACE] Group:0 Prob:0.99753 Alpha:0.00005
[MOE_TRACE] Group:0 Prob:0.99753 Alpha:0.00005
[MOE_TRACE] Group:1 Prob:0.49999 Alpha:0.00005
[MOE_TRACE] Group:1 Prob:0.49999 Alpha:0.00005
[MOE_TRACE] Group:0 Prob:0.99753 Alpha:0.00005
[MOE_TRACE] Group:1 Prob:0.49999 Alpha:0.00005
[MOE_TRACE] Group:0 Prob:0.99753 Alpha:0.00005
[MOE_TRACE] Group:1 Prob:0.49999 Alpha:0.00005
[MOE_TRACE] Group:0 Prob:0.99753 Alpha:0.00005
[MOE_TRACE] Group:1 Prob:0.50000 Alpha:0.00005
[MOE_TRACE] Group:0 Prob:0.99753 Alpha:0.00005
[MOE_TRACE] Group:1 Prob:0.50000 Alpha:0.00005
[MOE_TRACE] Group:0 Prob:0.99753 Alpha:0.00005
[MOE_TRACE] Group:1 Prob:0.50000 Alpha:0.00005
[MOE_TRACE] Group:0 Prob:0.99753 Alpha:0.00005
[MOE_TRACE] Group:1 Prob:0.50000 Alpha:0.00005
[MOE_TRACE] Group:0 Prob:0.99753 Alpha:0.00005
[MOE_TRACE] Group:1 Prob:0.50000 Alpha:0.00005
[MOE_TRACE] Group:0 Prob:0.99753 Alpha:0.00005
[MOE_TRACE] Group:1 Prob:0.50000 Alpha:0.00005
[MOE_TRACE] Group:0 Prob:0.99753 Alpha:0.00005
[MOE_TRACE] Group:1 Prob:0.50000 Alpha:0.00005
[MOE_TRACE] Group:0 Prob:0.99753 Alpha:0.00005
[MOE_TRACE] Group:1 Prob:0.50000 Alpha:0.00005
[MOE_TRACE] Group:0 Prob:0.99753 Alpha:0.00005
[MOE_TRACE] Group:0 Prob:0.99753 Alpha:0.00005[MOE_TRACE] Group:1 Prob:0.50000 Alpha:0.00005

[MOE_TRACE] Group:1 Prob:0.50000 Alpha:0.00005
[MOE_TRACE] Group:0 Prob:0.99753 Alpha:0.00005
[MOE_TRACE] Group:1 Prob:0.50000 Alpha:0.00005
[MOE_TRACE] Group:0 Prob:0.99753 Alpha:0.00005
[MOE_TRACE] Group:1 Prob:0.50000 Alpha:0.00005
[MOE_TRACE] Group:0 Prob:0.99753 Alpha:0.00005
[MOE_TRACE] Group:1 Prob:0.50000 Alpha:0.00005
[MOE_TRACE] Group:0 Prob:0.99753 Alpha:0.00005
[MOE_TRACE] Group:1 Prob:0.50000 Alpha:0.00005
[MOE_TRACE] Group:0 Prob:0.99753 Alpha:0.00005
[MOE_TRACE] Group:1 Prob:0.50000 Alpha:0.00005
[MOE_TRACE] Group:0 Prob:0.99753 Alpha:0.00005
[MOE_TRACE] Group:1 Prob:0.50000 Alpha:0.00005
[MOE_TRACE] Group:0 Prob:0.99753 Alpha:0.00005
[MOE_TRACE] Group:1 Prob:0.50001 Alpha:0.00005
[MOE_TRACE] Group:0 Prob:0.99753 Alpha:0.00005
[MOE_TRACE] Group:1 Prob:0.50001 Alpha:0.00005
[MOE_TRACE] Group:0 Prob:0.99753 Alpha:0.00005
[MOE_TRACE] Group:1 Prob:0.50001 Alpha:0.00005
[MOE_TRACE] Group:0 Prob:0.99753 Alpha:0.00005
[MOE_TRACE] Group:1 Prob:0.50001 Alpha:0.00005
[MOE_TRACE] Group:0 Prob:0.99753 Alpha:0.00005
[MOE_TRACE] Group:1 Prob:0.50001 Alpha:0.00005
[MOE_TRACE] Group:0 Prob:0.99753 Alpha:0.00005
[MOE_TRACE] Group:1 Prob:0.50001 Alpha:0.00005
[MOE_TRACE] Group:0 Prob:0.99753 Alpha:0.00005
[MOE_TRACE] Group:0 Prob:0.99753 Alpha:0.00005
[MOE_TRACE] Group:1 Prob:0.50001 Alpha:0.00005
[MOE_TRACE] Group:1 Prob:0.50001 Alpha:0.00005
[MOE_TRACE] Group:0 Prob:0.99753 Alpha:0.00005
[MOE_TRACE] Group:1 Prob:0.50001 Alpha:0.00005
[MOE_TRACE] Group:0 Prob:0.99753 Alpha:0.00005
[MOE_TRACE] Group:0 Prob:0.99753 Alpha:0.00005[MOE_TRACE] Group:1 Prob:0.50001 Alpha:0.00005

[MOE_TRACE] Group:1 Prob:0.50001 Alpha:0.00005
[MOE_TRACE] Group:0 Prob:0.99753 Alpha:0.00005
[MOE_TRACE] Group:1 Prob:0.50001 Alpha:0.00005
[MOE_TRACE] Group:0 Prob:0.99753 Alpha:0.00005
[MOE_TRACE] Group:1 Prob:0.50001 Alpha:0.00005
[MOE_TRACE] Group:0 Prob:0.99753 Alpha:0.00005
[MOE_TRACE] Group:1 Prob:0.50001 Alpha:0.00005
[MOE_TRACE] Group:0 Prob:0.99753 Alpha:0.00005
[MOE_TRACE] Group:1 Prob:0.50001 Alpha:0.00005
[MOE_TRACE] Group:0 Prob:0.99753 Alpha:0.00005
[MOE_TRACE] Group:1 Prob:0.50001 Alpha:0.00005
[MOE_TRACE] Group:0 Prob:0.99753 Alpha:0.00005
[MOE_TRACE] Group:1 Prob:0.50001 Alpha:0.00005
[MOE_TRACE] Group:0 Prob:0.99753 Alpha:0.00005
[MOE_TRACE] Group:1 Prob:0.50001 Alpha:0.00005
[MOE_TRACE] Group:0 Prob:0.99753 Alpha:0.00005
[MOE_TRACE] Group:1 Prob:0.50001 Alpha:0.00005
[MOE_TRACE] Group:0 Prob:0.99753 Alpha:0.00005
[MOE_TRACE] Group:1 Prob:0.50001 Alpha:0.00005
[MOE_TRACE] Group:0 Prob:0.99753 Alpha:0.00005
[MOE_TRACE] Group:1 Prob:0.50000 Alpha:0.00005
[MOE_TRACE] Group:0 Prob:0.99753 Alpha:0.00005
[MOE_TRACE] Group:1 Prob:0.50000 Alpha:0.00005
[MOE_TRACE] Group:0 Prob:0.99753 Alpha:0.00005
[MOE_TRACE] Group:1 Prob:0.50000 Alpha:0.00005
[MOE_TRACE] Group:0 Prob:0.99753 Alpha:0.00005
[MOE_TRACE] Group:1 Prob:0.50000 Alpha:0.00005
[MOE_TRACE] Group:0 Prob:0.99753 Alpha:0.00005
[MOE_TRACE] Group:1 Prob:0.49999 Alpha:0.00005
[MOE_TRACE] Group:0 Prob:0.99753 Alpha:0.00005
[MOE_TRACE] Group:1 Prob:0.49999 Alpha:0.00005
[MOE_TRACE] Group:0 Prob:0.99753 Alpha:0.00005
[MOE_TRACE] Group:1 Prob:0.49999 Alpha:0.00005
[MOE_TRACE] Group:0 Prob:0.99753 Alpha:0.00005
[MOE_TRACE] Group:1 Prob:0.49999 Alpha:0.00005
[MOE_TRACE] Group:0 Prob:0.99753 Alpha:0.00005
[MOE_TRACE] Group:1 Prob:0.49998 Alpha:0.00005
[MOE_TRACE] Group:0 Prob:0.99753 Alpha:0.00005
[MOE_TRACE] Group:1 Prob:0.49998 Alpha:0.00005
[MOE_TRACE] Group:0 Prob:0.99753 Alpha:0.00005
[MOE_TRACE] Group:1 Prob:0.49998 Alpha:0.00005
[MOE_TRACE] Group:0 Prob:0.99753 Alpha:0.00005
[MOE_TRACE] Group:1 Prob:0.49998 Alpha:0.00005
[MOE_TRACE] Group:0 Prob:0.99753 Alpha:0.00005
[MOE_TRACE] Group:1 Prob:0.49997 Alpha:0.00005
[MOE_TRACE] Group:0 Prob:0.99753 Alpha:0.00005
[MOE_TRACE] Group:1 Prob:0.49997 Alpha:0.00005
[MOE_TRACE] Group:0 Prob:0.99753 Alpha:0.00005
[MOE_TRACE] Group:1 Prob:0.49997 Alpha:0.00005
[MOE_TRACE] Group:0 Prob:0.99753 Alpha:0.00005
[MOE_TRACE] Group:1 Prob:0.49997 Alpha:0.00005
[MOE_TRACE] Group:0 Prob:0.99753 Alpha:0.00005
[MOE_TRACE] Group:1 Prob:0.49996 Alpha:0.00005
[MOE_TRACE] Group:0 Prob:0.99753 Alpha:0.00005
[MOE_TRACE] Group:1 Prob:0.49996 Alpha:0.00005
[MOE_TRACE] Group:0 Prob:0.99753 Alpha:0.00005
[MOE_TRACE] Group:1 Prob:0.49996 Alpha:0.00005
[MOE_TRACE] Group:0 Prob:0.99753 Alpha:0.00005
[MOE_TRACE] Group:1 Prob:0.49996 Alpha:0.00005
[MOE_TRACE] Group:0 Prob:0.99753 Alpha:0.00005
[MOE_TRACE] Group:1 Prob:0.49996 Alpha:0.00005
[MOE_TRACE] Group:0 Prob:0.99753 Alpha:0.00005
[MOE_TRACE] Group:1 Prob:0.49996 Alpha:0.00005
[MOE_TRACE] Group:0 Prob:0.99753 Alpha:0.00005
[MOE_TRACE] Group:1 Prob:0.49996 Alpha:0.00005
[MOE_TRACE] Group:0 Prob:0.99753 Alpha:0.00005
[MOE_TRACE] Group:1 Prob:0.49996 Alpha:0.00005
[MOE_TRACE] Group:0 Prob:0.99753 Alpha:0.00005
[MOE_TRACE] Group:1 Prob:0.49996 Alpha:0.00005
[MOE_TRACE] Group:0 Prob:0.99753 Alpha:0.00005
[MOE_TRACE] Group:0 Prob:0.99753 Alpha:0.00005
[MOE_TRACE] Group:1 Prob:0.49996 Alpha:0.00005[MOE_TRACE] Group:1 Prob:0.49996 Alpha:0.00005

[MOE_TRACE] Group:0 Prob:0.99753 Alpha:0.00005
[MOE_TRACE] Group:1 Prob:0.49996 Alpha:0.00005
[MOE_TRACE] Group:0 Prob:0.99753 Alpha:0.00005
[MOE_TRACE] Group:1 Prob:0.49994 Alpha:0.00005
[MOE_TRACE] Group:0 Prob:0.99753 Alpha:0.00005
[MOE_TRACE] Group:1 Prob:0.49994 Alpha:0.00005
[MOE_TRACE] Group:0 Prob:0.99753 Alpha:0.00005
[MOE_TRACE] Group:1 Prob:0.49994 Alpha:0.00005
[MOE_TRACE] Group:0 Prob:0.99753 Alpha:0.00005
[MOE_TRACE] Group:1 Prob:0.49994 Alpha:0.00005
[MOE_TRACE] Group:0 Prob:0.99753 Alpha:0.00005
[MOE_TRACE] Group:1 Prob:0.49994 Alpha:0.00005
[MOE_TRACE] Group:0 Prob:0.99753 Alpha:0.00005
[MOE_TRACE] Group:1 Prob:0.49994 Alpha:0.00005
[MOE_TRACE] Group:0 Prob:0.99753 Alpha:0.00005
[MOE_TRACE] Group:1 Prob:0.49994 Alpha:0.00005
[MOE_TRACE] Group:0 Prob:0.99753 Alpha:0.00005
[MOE_TRACE] Group:1 Prob:0.49994 Alpha:0.00005
[MOE_TRACE] Group:0 Prob:0.99753 Alpha:0.00005
[MOE_TRACE] Group:1 Prob:0.49994 Alpha:0.00005
[MOE_TRACE] Group:0 Prob:0.99753 Alpha:0.00005
[MOE_TRACE] Group:1 Prob:0.49994 Alpha:0.00005
[MOE_TRACE] Group:0 Prob:0.99753 Alpha:0.00005
[MOE_TRACE] Group:1 Prob:0.49994 Alpha:0.00005
[MOE_TRACE] Group:0 Prob:0.99753 Alpha:0.00005
[MOE_TRACE] Group:1 Prob:0.49994 Alpha:0.00005
[MOE_TRACE] Group:0 Prob:0.99753 Alpha:0.00005
[MOE_TRACE] Group:1 Prob:0.49993 Alpha:0.00005
[MOE_TRACE] Group:0 Prob:0.99753 Alpha:0.00005
[MOE_TRACE] Group:1 Prob:0.49993 Alpha:0.00005
[MOE_TRACE] Group:0 Prob:0.99753 Alpha:0.00005
[MOE_TRACE] Group:1 Prob:0.49993 Alpha:0.00005
[MOE_TRACE] Group:0 Prob:0.99753 Alpha:0.00005
[MOE_TRACE] Group:1 Prob:0.49993 Alpha:0.00005
[MOE_TRACE] Group:0 Prob:0.99753 Alpha:0.00005[MOE_TRACE] Group:0 Prob:0.99753 Alpha:0.00005

[MOE_TRACE] Group:1 Prob:0.49992 Alpha:0.00005
[MOE_TRACE] Group:1 Prob:0.49992 Alpha:0.00005
[MOE_TRACE] Group:0 Prob:0.99753 Alpha:0.00005
[MOE_TRACE] Group:1 Prob:0.49992 Alpha:0.00005
[MOE_TRACE] Group:0 Prob:0.99753 Alpha:0.00005
[MOE_TRACE] Group:1 Prob:0.49992 Alpha:0.00005
[MOE_TRACE] Group:0 Prob:0.99753 Alpha:0.00005
[MOE_TRACE] Group:1 Prob:0.49991 Alpha:0.00005
[MOE_TRACE] Group:0 Prob:0.99753 Alpha:0.00005
[MOE_TRACE] Group:1 Prob:0.49991 Alpha:0.00005
[MOE_TRACE] Group:0 Prob:0.99753 Alpha:0.00005
[MOE_TRACE] Group:1 Prob:0.49991 Alpha:0.00005
[MOE_TRACE] Group:0 Prob:0.99753 Alpha:0.00005
[MOE_TRACE] Group:1 Prob:0.49991 Alpha:0.00005
[MOE_TRACE] Group:0 Prob:0.99753 Alpha:0.00005
[MOE_TRACE] Group:1 Prob:0.49990 Alpha:0.00005
[MOE_TRACE] Group:0 Prob:0.99753 Alpha:0.00005[MOE_TRACE] Group:0 Prob:0.99753 Alpha:0.00005

[MOE_TRACE] Group:1 Prob:0.49990 Alpha:0.00005[MOE_TRACE] Group:1 Prob:0.49990 Alpha:0.00005

[MOE_TRACE] Group:0 Prob:0.99753 Alpha:0.00005
[MOE_TRACE] Group:1 Prob:0.49990 Alpha:0.00005
[MOE_TRACE] Group:0 Prob:0.99753 Alpha:0.00005
[MOE_TRACE] Group:1 Prob:0.49989 Alpha:0.00005
[MOE_TRACE] Group:0 Prob:0.99753 Alpha:0.00005
[MOE_TRACE] Group:1 Prob:0.49989 Alpha:0.00005
[MOE_TRACE] Group:0 Prob:0.99753 Alpha:0.00005
[MOE_TRACE] Group:1 Prob:0.49989 Alpha:0.00005
[MOE_TRACE] Group:0 Prob:0.99753 Alpha:0.00005
[MOE_TRACE] Group:1 Prob:0.49989 Alpha:0.00005
[MOE_TRACE] Group:0 Prob:0.99753 Alpha:0.00005
[MOE_TRACE] Group:1 Prob:0.49989 Alpha:0.00005
[MOE_TRACE] Group:0 Prob:0.99753 Alpha:0.00005
[MOE_TRACE] Group:1 Prob:0.49989 Alpha:0.00005
[MOE_TRACE] Group:0 Prob:0.99753 Alpha:0.00005
[MOE_TRACE] Group:1 Prob:0.49989 Alpha:0.00005
[MOE_TRACE] Group:0 Prob:0.99753 Alpha:0.00005
[MOE_TRACE] Group:1 Prob:0.49989 Alpha:0.00005
[MOE_TRACE] Group:0 Prob:0.99753 Alpha:0.00005
[MOE_TRACE] Group:1 Prob:0.49989 Alpha:0.00005
[MOE_TRACE] Group:0 Prob:0.99753 Alpha:0.00005
[MOE_TRACE] Group:1 Prob:0.49989 Alpha:0.00005
[MOE_TRACE] Group:0 Prob:0.99753 Alpha:0.00005
[MOE_TRACE] Group:1 Prob:0.49989 Alpha:0.00005
[MOE_TRACE] Group:0 Prob:0.99753 Alpha:0.00005
[MOE_TRACE] Group:1 Prob:0.49989 Alpha:0.00005
[MOE_TRACE] Group:0 Prob:0.99753 Alpha:0.00005
[MOE_TRACE] Group:1 Prob:0.49989 Alpha:0.00005
[MOE_TRACE] Group:0 Prob:0.99753 Alpha:0.00005
[MOE_TRACE] Group:1 Prob:0.49989 Alpha:0.00005
[MOE_TRACE] Group:0 Prob:0.99753 Alpha:0.00005
[MOE_TRACE] Group:1 Prob:0.49989 Alpha:0.00005
[MOE_TRACE] Group:0 Prob:0.99753 Alpha:0.00005
[MOE_TRACE] Group:1 Prob:0.49989 Alpha:0.00005
[MOE_TRACE] Group:0 Prob:0.99753 Alpha:0.00005
[MOE_TRACE] Group:1 Prob:0.49989 Alpha:0.00005
[MOE_TRACE] Group:0 Prob:0.99753 Alpha:0.00005
[MOE_TRACE] Group:1 Prob:0.49989 Alpha:0.00005
[MOE_TRACE] Group:0 Prob:0.99753 Alpha:0.00005
[MOE_TRACE] Group:1 Prob:0.49989 Alpha:0.00005
[MOE_TRACE] Group:0 Prob:0.99753 Alpha:0.00005
[MOE_TRACE] Group:1 Prob:0.49989 Alpha:0.00005
[MOE_TRACE] Group:0 Prob:0.99753 Alpha:0.00005
[MOE_TRACE] Group:1 Prob:0.49988 Alpha:0.00005
[MOE_TRACE] Group:0 Prob:0.99753 Alpha:0.00005
[MOE_TRACE] Group:0 Prob:0.99753 Alpha:0.00005[MOE_TRACE] Group:1 Prob:0.49988 Alpha:0.00005

[MOE_TRACE] Group:1 Prob:0.49988 Alpha:0.00005
[MOE_TRACE] Group:0 Prob:0.99753 Alpha:0.00005
[MOE_TRACE] Group:1 Prob:0.49988 Alpha:0.00005
[MOE_TRACE] Group:0 Prob:0.99753 Alpha:0.00005
[MOE_TRACE] Group:1 Prob:0.49988 Alpha:0.00005
[MOE_TRACE] Group:0 Prob:0.99753 Alpha:0.00005
[MOE_TRACE] Group:1 Prob:0.49988 Alpha:0.00005
[MOE_TRACE] Group:0 Prob:0.99753 Alpha:0.00005
[MOE_TRACE] Group:1 Prob:0.49988 Alpha:0.00005
[MOE_TRACE] Group:0 Prob:0.99753 Alpha:0.00005
[MOE_TRACE] Group:1 Prob:0.49988 Alpha:0.00005
[MOE_TRACE] Group:0 Prob:0.99753 Alpha:0.00005
[MOE_TRACE] Group:0 Prob:0.99753 Alpha:0.00005[MOE_TRACE] Group:1 Prob:0.49987 Alpha:0.00005

[MOE_TRACE] Group:1 Prob:0.49987 Alpha:0.00005
[MOE_TRACE] Group:0 Prob:0.99753 Alpha:0.00005
[MOE_TRACE] Group:1 Prob:0.49987 Alpha:0.00005
[MOE_TRACE] Group:0 Prob:0.99753 Alpha:0.00005
[MOE_TRACE] Group:1 Prob:0.49987 Alpha:0.00005
[MOE_TRACE] Group:0 Prob:0.99753 Alpha:0.00005[MOE_TRACE] Group:0 Prob:0.99753 Alpha:0.00005

[MOE_TRACE] Group:1 Prob:0.49986 Alpha:0.00005[MOE_TRACE] Group:1 Prob:0.49986 Alpha:0.00005

[MOE_TRACE] Group:0 Prob:0.99753 Alpha:0.00005
[MOE_TRACE] Group:1 Prob:0.49986 Alpha:0.00005
[MOE_TRACE] Group:0 Prob:0.99753 Alpha:0.00005
[MOE_TRACE] Group:1 Prob:0.49986 Alpha:0.00005
[MOE_TRACE] Group:0 Prob:0.99753 Alpha:0.00005
[MOE_TRACE] Group:1 Prob:0.49986 Alpha:0.00005
[MOE_TRACE] Group:0 Prob:0.99753 Alpha:0.00005
[MOE_TRACE] Group:1 Prob:0.49986 Alpha:0.00005
[MOE_TRACE] Group:0 Prob:0.99753 Alpha:0.00005
[MOE_TRACE] Group:1 Prob:0.49986 Alpha:0.00005
[MOE_TRACE] Group:0 Prob:0.99753 Alpha:0.00005
[MOE_TRACE] Group:1 Prob:0.49986 Alpha:0.00005
[MOE_TRACE] Group:0 Prob:0.99753 Alpha:0.00005
[MOE_TRACE] Group:0 Prob:0.99753 Alpha:0.00005[MOE_TRACE] Group:1 Prob:0.49986 Alpha:0.00005

[MOE_TRACE] Group:1 Prob:0.49986 Alpha:0.00005
[MOE_TRACE] Group:0 Prob:0.99753 Alpha:0.00005
[MOE_TRACE] Group:1 Prob:0.49986 Alpha:0.00005
[MOE_TRACE] Group:0 Prob:0.99753 Alpha:0.00005
[MOE_TRACE] Group:1 Prob:0.49986 Alpha:0.00005
[MOE_TRACE] Group:0 Prob:0.99753 Alpha:0.00005
[MOE_TRACE] Group:1 Prob:0.49986 Alpha:0.00005
[MOE_TRACE] Group:0 Prob:0.99753 Alpha:0.00005[MOE_TRACE] Group:0 Prob:0.99753 Alpha:0.00005

[MOE_TRACE] Group:1 Prob:0.49986 Alpha:0.00005[MOE_TRACE] Group:1 Prob:0.49986 Alpha:0.00005

[MOE_TRACE] Group:0 Prob:0.99753 Alpha:0.00005
[MOE_TRACE] Group:1 Prob:0.49986 Alpha:0.00005
[MOE_TRACE] Group:0 Prob:0.99753 Alpha:0.00005
[MOE_TRACE] Group:1 Prob:0.49985 Alpha:0.00005
[MOE_TRACE] Group:0 Prob:0.99753 Alpha:0.00005
[MOE_TRACE] Group:1 Prob:0.49985 Alpha:0.00005
[MOE_TRACE] Group:0 Prob:0.99753 Alpha:0.00005
[MOE_TRACE] Group:1 Prob:0.49985 Alpha:0.00005
[MOE_TRACE] Group:0 Prob:0.99753 Alpha:0.00005
[MOE_TRACE] Group:1 Prob:0.49985 Alpha:0.00005
[MOE_TRACE] Group:0 Prob:0.99753 Alpha:0.00005
[MOE_TRACE] Group:1 Prob:0.49985 Alpha:0.00005
[MOE_TRACE] Group:0 Prob:0.99753 Alpha:0.00005
[MOE_TRACE] Group:1 Prob:0.49985 Alpha:0.00005
[MOE_TRACE] Group:0 Prob:0.99753 Alpha:0.00005
[MOE_TRACE] Group:1 Prob:0.49985 Alpha:0.00005
[MOE_TRACE] Group:0 Prob:0.99753 Alpha:0.00005
[MOE_TRACE] Group:1 Prob:0.49985 Alpha:0.00005
[MOE_TRACE] Group:0 Prob:0.99753 Alpha:0.00005
[MOE_TRACE] Group:0 Prob:0.99753 Alpha:0.00005[MOE_TRACE] Group:1 Prob:0.49986 Alpha:0.00005

[MOE_TRACE] Group:1 Prob:0.49986 Alpha:0.00005
[MOE_TRACE] Group:0 Prob:0.99753 Alpha:0.00005
[MOE_TRACE] Group:1 Prob:0.49986 Alpha:0.00005
[MOE_TRACE] Group:0 Prob:0.99753 Alpha:0.00005
[MOE_TRACE] Group:1 Prob:0.49986 Alpha:0.00005
[MOE_TRACE] Group:0 Prob:0.99753 Alpha:0.00005
[MOE_TRACE] Group:0 Prob:0.99753 Alpha:0.00005[MOE_TRACE] Group:1 Prob:0.49985 Alpha:0.00005

[MOE_TRACE] Group:1 Prob:0.49985 Alpha:0.00005
[MOE_TRACE] Group:0 Prob:0.99753 Alpha:0.00005
[MOE_TRACE] Group:1 Prob:0.49985 Alpha:0.00005
[MOE_TRACE] Group:0 Prob:0.99753 Alpha:0.00005
[MOE_TRACE] Group:1 Prob:0.49985 Alpha:0.00005
[MOE_TRACE] Group:0 Prob:0.99753 Alpha:0.00005
[MOE_TRACE] Group:1 Prob:0.49984 Alpha:0.00005
[MOE_TRACE] Group:0 Prob:0.99753 Alpha:0.00005
[MOE_TRACE] Group:1 Prob:0.49984 Alpha:0.00005
[MOE_TRACE] Group:0 Prob:0.99753 Alpha:0.00005
[MOE_TRACE] Group:1 Prob:0.49984 Alpha:0.00005
[MOE_TRACE] Group:0 Prob:0.99753 Alpha:0.00005
[MOE_TRACE] Group:1 Prob:0.49984 Alpha:0.00005
[MOE_TRACE] Group:0 Prob:0.99753 Alpha:0.00005
[MOE_TRACE] Group:0 Prob:0.99753 Alpha:0.00005
[MOE_TRACE] Group:1 Prob:0.49983 Alpha:0.00005
[MOE_TRACE] Group:1 Prob:0.49983 Alpha:0.00005
[MOE_TRACE] Group:0 Prob:0.99753 Alpha:0.00005
[MOE_TRACE] Group:1 Prob:0.49983 Alpha:0.00005
[MOE_TRACE] Group:0 Prob:0.99753 Alpha:0.00005
[MOE_TRACE] Group:1 Prob:0.49983 Alpha:0.00005
[MOE_TRACE] Group:0 Prob:0.99753 Alpha:0.00005
[MOE_TRACE] Group:1 Prob:0.49983 Alpha:0.00005
[MOE_TRACE] Group:0 Prob:0.99753 Alpha:0.00005
[MOE_TRACE] Group:1 Prob:0.49983 Alpha:0.00005
[MOE_TRACE] Group:0 Prob:0.99753 Alpha:0.00005
[MOE_TRACE] Group:1 Prob:0.49983 Alpha:0.00005
[MOE_TRACE] Group:0 Prob:0.99753 Alpha:0.00005
[MOE_TRACE] Group:1 Prob:0.49983 Alpha:0.00005
[MOE_TRACE] Group:0 Prob:0.99753 Alpha:0.00005
[MOE_TRACE] Group:1 Prob:0.49984 Alpha:0.00005
[MOE_TRACE] Group:0 Prob:0.99753 Alpha:0.00005
[MOE_TRACE] Group:1 Prob:0.49984 Alpha:0.00005
[MOE_TRACE] Group:0 Prob:0.99753 Alpha:0.00005
[MOE_TRACE] Group:1 Prob:0.49984 Alpha:0.00005
[MOE_TRACE] Group:0 Prob:0.99753 Alpha:0.00005
[MOE_TRACE] Group:1 Prob:0.49984 Alpha:0.00005
[MOE_TRACE] Group:0 Prob:0.99753 Alpha:0.00005
[MOE_TRACE] Group:1 Prob:0.49984 Alpha:0.00005
[MOE_TRACE] Group:0 Prob:0.99753 Alpha:0.00005
[MOE_TRACE] Group:0 Prob:0.99753 Alpha:0.00005
[MOE_TRACE] Group:1 Prob:0.49984 Alpha:0.00005
[MOE_TRACE] Group:1 Prob:0.49984 Alpha:0.00005
[MOE_TRACE] Group:0 Prob:0.99753 Alpha:0.00005
[MOE_TRACE] Group:1 Prob:0.49984 Alpha:0.00005
[MOE_TRACE] Group:0 Prob:0.99753 Alpha:0.00005
[MOE_TRACE] Group:1 Prob:0.49984 Alpha:0.00005
[MOE_TRACE] Group:0 Prob:0.99753 Alpha:0.00005
[MOE_TRACE] Group:1 Prob:0.49984 Alpha:0.00005
[MOE_TRACE] Group:0 Prob:0.99753 Alpha:0.00005
[MOE_TRACE] Group:1 Prob:0.49984 Alpha:0.00005
[MOE_TRACE] Group:0 Prob:0.99753 Alpha:0.00005
[MOE_TRACE] Group:1 Prob:0.49984 Alpha:0.00005
Epoch: 1 cost time: 32.039230823516846
Epoch: 1, Steps: 147 | Train Loss: 0.6678638 Vali Loss: 0.3271621 Test Loss: 3.9918432
Validation loss decreased (inf --> 0.327162).  Saving model ...
Updating learning rate to 0.0001
[MOE_TRACE] Group:0 Prob:0.99753 Alpha:0.00005
[MOE_TRACE] Group:1 Prob:0.49983 Alpha:0.00005
[MOE_TRACE] Group:0 Prob:0.99753 Alpha:0.00005
[MOE_TRACE] Group:1 Prob:0.49983 Alpha:0.00005
[MOE_TRACE] Group:0 Prob:0.99753 Alpha:0.00005
[MOE_TRACE] Group:1 Prob:0.49983 Alpha:0.00005
[MOE_TRACE] Group:0 Prob:0.99753 Alpha:0.00005
[MOE_TRACE] Group:1 Prob:0.49983 Alpha:0.00005
[MOE_TRACE] Group:1 Prob:0.49984 Alpha:0.00005
[MOE_TRACE] Group:0 Prob:0.99753 Alpha:0.00005
[MOE_TRACE] Group:1 Prob:0.49983 Alpha:0.00005
[MOE_TRACE] Group:0 Prob:0.99753 Alpha:0.00005
[MOE_TRACE] Group:1 Prob:0.49983 Alpha:0.00005
[MOE_TRACE] Group:0 Prob:0.99753 Alpha:0.00005
[MOE_TRACE] Group:1 Prob:0.49983 Alpha:0.00005
[MOE_TRACE] Group:0 Prob:0.99753 Alpha:0.00005
[MOE_TRACE] Group:1 Prob:0.49983 Alpha:0.00005
[MOE_TRACE] Group:0 Prob:0.99753 Alpha:0.00005
[MOE_TRACE] Group:1 Prob:0.49983 Alpha:0.00005
[MOE_TRACE] Group:0 Prob:0.99753 Alpha:0.00005
[MOE_TRACE] Group:1 Prob:0.49983 Alpha:0.00005
[MOE_TRACE] Group:0 Prob:0.99753 Alpha:0.00005
[MOE_TRACE] Group:1 Prob:0.49983 Alpha:0.00005
[MOE_TRACE] Group:0 Prob:0.99753 Alpha:0.00005
[MOE_TRACE] Group:1 Prob:0.49982 Alpha:0.00005
[MOE_TRACE] Group:0 Prob:0.99753 Alpha:0.00005
[MOE_TRACE] Group:1 Prob:0.49982 Alpha:0.00005
[MOE_TRACE] Group:0 Prob:0.99753 Alpha:0.00005
[MOE_TRACE] Group:1 Prob:0.49982 Alpha:0.00005
[MOE_TRACE] Group:0 Prob:0.99753 Alpha:0.00005
[MOE_TRACE] Group:1 Prob:0.49982 Alpha:0.00005
[MOE_TRACE] Group:0 Prob:0.99753 Alpha:0.00005
[MOE_TRACE] Group:0 Prob:0.99753 Alpha:0.00005
[MOE_TRACE] Group:1 Prob:0.49981 Alpha:0.00005
[MOE_TRACE] Group:0 Prob:0.99753 Alpha:0.00005
[MOE_TRACE] Group:1 Prob:0.49981 Alpha:0.00005
[MOE_TRACE] Group:0 Prob:0.99753 Alpha:0.00005
[MOE_TRACE] Group:1 Prob:0.49981 Alpha:0.00005
[MOE_TRACE] Group:0 Prob:0.99753 Alpha:0.00005
[MOE_TRACE] Group:1 Prob:0.49981 Alpha:0.00005
[MOE_TRACE] Group:0 Prob:0.99753 Alpha:0.00005
[MOE_TRACE] Group:1 Prob:0.49981 Alpha:0.00005
[MOE_TRACE] Group:0 Prob:0.99753 Alpha:0.00005
[MOE_TRACE] Group:1 Prob:0.49981 Alpha:0.00005
[MOE_TRACE] Group:0 Prob:0.99753 Alpha:0.00005
[MOE_TRACE] Group:1 Prob:0.49982 Alpha:0.00005
[MOE_TRACE] Group:0 Prob:0.99753 Alpha:0.00005
[MOE_TRACE] Group:1 Prob:0.49982 Alpha:0.00005
[MOE_TRACE] Group:0 Prob:0.99753 Alpha:0.00005
[MOE_TRACE] Group:1 Prob:0.49982 Alpha:0.00005
[MOE_TRACE] Group:0 Prob:0.99753 Alpha:0.00005
[MOE_TRACE] Group:1 Prob:0.49982 Alpha:0.00005
[MOE_TRACE] Group:0 Prob:0.99753 Alpha:0.00005
[MOE_TRACE] Group:1 Prob:0.49982 Alpha:0.00005
[MOE_TRACE] Group:0 Prob:0.99753 Alpha:0.00005
[MOE_TRACE] Group:1 Prob:0.49982 Alpha:0.00005
[MOE_TRACE] Group:0 Prob:0.99753 Alpha:0.00005
[MOE_TRACE] Group:1 Prob:0.49982 Alpha:0.00005
[MOE_TRACE] Group:0 Prob:0.99753 Alpha:0.00005
[MOE_TRACE] Group:1 Prob:0.49982 Alpha:0.00005
[MOE_TRACE] Group:0 Prob:0.99753 Alpha:0.00005
[MOE_TRACE] Group:1 Prob:0.49981 Alpha:0.00005
[MOE_TRACE] Group:0 Prob:0.99753 Alpha:0.00005
[MOE_TRACE] Group:1 Prob:0.49981 Alpha:0.00005
[MOE_TRACE] Group:0 Prob:0.99753 Alpha:0.00005
[MOE_TRACE] Group:1 Prob:0.49981 Alpha:0.00005
[MOE_TRACE] Group:0 Prob:0.99753 Alpha:0.00005
[MOE_TRACE] Group:1 Prob:0.49981 Alpha:0.00005
[MOE_TRACE] Group:0 Prob:0.99753 Alpha:0.00005
[MOE_TRACE] Group:1 Prob:0.49980 Alpha:0.00005
[MOE_TRACE] Group:0 Prob:0.99753 Alpha:0.00005
[MOE_TRACE] Group:1 Prob:0.49980 Alpha:0.00005
[MOE_TRACE] Group:0 Prob:0.99753 Alpha:0.00005
[MOE_TRACE] Group:1 Prob:0.49980 Alpha:0.00005
[MOE_TRACE] Group:0 Prob:0.99753 Alpha:0.00005
[MOE_TRACE] Group:1 Prob:0.49980 Alpha:0.00005
[MOE_TRACE] Group:0 Prob:0.99753 Alpha:0.00005
[MOE_TRACE] Group:0 Prob:0.99753 Alpha:0.00005
[MOE_TRACE] Group:1 Prob:0.49980 Alpha:0.00005
[MOE_TRACE] Group:1 Prob:0.49980 Alpha:0.00005
[MOE_TRACE] Group:0 Prob:0.99753 Alpha:0.00005
[MOE_TRACE] Group:1 Prob:0.49980 Alpha:0.00005
[MOE_TRACE] Group:0 Prob:0.99753 Alpha:0.00005
[MOE_TRACE] Group:1 Prob:0.49980 Alpha:0.00005
[MOE_TRACE] Group:0 Prob:0.99753 Alpha:0.00005
[MOE_TRACE] Group:1 Prob:0.49980 Alpha:0.00005
[MOE_TRACE] Group:0 Prob:0.99753 Alpha:0.00005
[MOE_TRACE] Group:1 Prob:0.49980 Alpha:0.00005
[MOE_TRACE] Group:0 Prob:0.99753 Alpha:0.00005
[MOE_TRACE] Group:1 Prob:0.49980 Alpha:0.00005
[MOE_TRACE] Group:0 Prob:0.99753 Alpha:0.00005
[MOE_TRACE] Group:1 Prob:0.49980 Alpha:0.00005
[MOE_TRACE] Group:0 Prob:0.99753 Alpha:0.00005
[MOE_TRACE] Group:1 Prob:0.49981 Alpha:0.00005
[MOE_TRACE] Group:0 Prob:0.99753 Alpha:0.00005
[MOE_TRACE] Group:1 Prob:0.49981 Alpha:0.00005
[MOE_TRACE] Group:0 Prob:0.99753 Alpha:0.00005
[MOE_TRACE] Group:0 Prob:0.99753 Alpha:0.00005
[MOE_TRACE] Group:1 Prob:0.49981 Alpha:0.00005
[MOE_TRACE] Group:1 Prob:0.49981 Alpha:0.00005
[MOE_TRACE] Group:0 Prob:0.99753 Alpha:0.00005
[MOE_TRACE] Group:0 Prob:0.99753 Alpha:0.00005[MOE_TRACE] Group:1 Prob:0.49981 Alpha:0.00005

[MOE_TRACE] Group:1 Prob:0.49981 Alpha:0.00005
[MOE_TRACE] Group:0 Prob:0.99753 Alpha:0.00005
[MOE_TRACE] Group:1 Prob:0.49981 Alpha:0.00005
[MOE_TRACE] Group:0 Prob:0.99753 Alpha:0.00005
[MOE_TRACE] Group:1 Prob:0.49981 Alpha:0.00005
[MOE_TRACE] Group:0 Prob:0.99753 Alpha:0.00005
[MOE_TRACE] Group:1 Prob:0.49980 Alpha:0.00005
[MOE_TRACE] Group:0 Prob:0.99753 Alpha:0.00005
[MOE_TRACE] Group:1 Prob:0.49980 Alpha:0.00005
[MOE_TRACE] Group:0 Prob:0.99753 Alpha:0.00005
[MOE_TRACE] Group:1 Prob:0.49980 Alpha:0.00005
[MOE_TRACE] Group:0 Prob:0.99753 Alpha:0.00005
[MOE_TRACE] Group:1 Prob:0.49980 Alpha:0.00005
[MOE_TRACE] Group:0 Prob:0.99753 Alpha:0.00005
[MOE_TRACE] Group:1 Prob:0.49979 Alpha:0.00005
[MOE_TRACE] Group:0 Prob:0.99753 Alpha:0.00005
[MOE_TRACE] Group:1 Prob:0.49979 Alpha:0.00005
[MOE_TRACE] Group:0 Prob:0.99753 Alpha:0.00005
[MOE_TRACE] Group:1 Prob:0.49979 Alpha:0.00005
[MOE_TRACE] Group:0 Prob:0.99753 Alpha:0.00005
[MOE_TRACE] Group:1 Prob:0.49979 Alpha:0.00005
[MOE_TRACE] Group:0 Prob:0.99753 Alpha:0.00005
[MOE_TRACE] Group:1 Prob:0.49979 Alpha:0.00005
[MOE_TRACE] Group:0 Prob:0.99753 Alpha:0.00005
[MOE_TRACE] Group:1 Prob:0.49979 Alpha:0.00005
[MOE_TRACE] Group:0 Prob:0.99753 Alpha:0.00005
[MOE_TRACE] Group:0 Prob:0.99753 Alpha:0.00005
[MOE_TRACE] Group:1 Prob:0.49979 Alpha:0.00005
[MOE_TRACE] Group:1 Prob:0.49979 Alpha:0.00005
[MOE_TRACE] Group:0 Prob:0.99753 Alpha:0.00005
[MOE_TRACE] Group:1 Prob:0.49978 Alpha:0.00005
[MOE_TRACE] Group:0 Prob:0.99753 Alpha:0.00005
[MOE_TRACE] Group:1 Prob:0.49978 Alpha:0.00005
[MOE_TRACE] Group:0 Prob:0.99753 Alpha:0.00005
[MOE_TRACE] Group:1 Prob:0.49978 Alpha:0.00005
[MOE_TRACE] Group:0 Prob:0.99753 Alpha:0.00005
[MOE_TRACE] Group:1 Prob:0.49978 Alpha:0.00005
[MOE_TRACE] Group:0 Prob:0.99753 Alpha:0.00005
[MOE_TRACE] Group:1 Prob:0.49977 Alpha:0.00005
[MOE_TRACE] Group:0 Prob:0.99753 Alpha:0.00005
[MOE_TRACE] Group:1 Prob:0.49977 Alpha:0.00005
[MOE_TRACE] Group:0 Prob:0.99753 Alpha:0.00005
[MOE_TRACE] Group:1 Prob:0.49977 Alpha:0.00005
[MOE_TRACE] Group:0 Prob:0.99753 Alpha:0.00005
[MOE_TRACE] Group:1 Prob:0.49977 Alpha:0.00005
[MOE_TRACE] Group:0 Prob:0.99753 Alpha:0.00005
[MOE_TRACE] Group:1 Prob:0.49977 Alpha:0.00005
[MOE_TRACE] Group:0 Prob:0.99753 Alpha:0.00005
[MOE_TRACE] Group:1 Prob:0.49977 Alpha:0.00005
[MOE_TRACE] Group:0 Prob:0.99753 Alpha:0.00005
[MOE_TRACE] Group:1 Prob:0.49977 Alpha:0.00005
[MOE_TRACE] Group:0 Prob:0.99753 Alpha:0.00005
[MOE_TRACE] Group:1 Prob:0.49977 Alpha:0.00005
[MOE_TRACE] Group:0 Prob:0.99753 Alpha:0.00005
[MOE_TRACE] Group:1 Prob:0.49977 Alpha:0.00005
[MOE_TRACE] Group:0 Prob:0.99753 Alpha:0.00005
[MOE_TRACE] Group:1 Prob:0.49977 Alpha:0.00005
[MOE_TRACE] Group:0 Prob:0.99753 Alpha:0.00005
[MOE_TRACE] Group:1 Prob:0.49977 Alpha:0.00005
[MOE_TRACE] Group:0 Prob:0.99753 Alpha:0.00005
[MOE_TRACE] Group:1 Prob:0.49977 Alpha:0.00005
[MOE_TRACE] Group:0 Prob:0.99753 Alpha:0.00005
[MOE_TRACE] Group:1 Prob:0.49978 Alpha:0.00005
[MOE_TRACE] Group:0 Prob:0.99753 Alpha:0.00005
[MOE_TRACE] Group:1 Prob:0.49978 Alpha:0.00005
[MOE_TRACE] Group:0 Prob:0.99753 Alpha:0.00005
[MOE_TRACE] Group:1 Prob:0.49978 Alpha:0.00005
[MOE_TRACE] Group:0 Prob:0.99753 Alpha:0.00005
[MOE_TRACE] Group:1 Prob:0.49978 Alpha:0.00005
[MOE_TRACE] Group:0 Prob:0.99753 Alpha:0.00005
[MOE_TRACE] Group:1 Prob:0.49979 Alpha:0.00005
[MOE_TRACE] Group:0 Prob:0.99753 Alpha:0.00005
[MOE_TRACE] Group:1 Prob:0.49979 Alpha:0.00005
[MOE_TRACE] Group:0 Prob:0.99753 Alpha:0.00005
[MOE_TRACE] Group:1 Prob:0.49979 Alpha:0.00005
[MOE_TRACE] Group:0 Prob:0.99753 Alpha:0.00005
[MOE_TRACE] Group:1 Prob:0.49979 Alpha:0.00005
[MOE_TRACE] Group:0 Prob:0.99753 Alpha:0.00005
[MOE_TRACE] Group:1 Prob:0.49978 Alpha:0.00005
[MOE_TRACE] Group:0 Prob:0.99753 Alpha:0.00005
[MOE_TRACE] Group:1 Prob:0.49978 Alpha:0.00005
[MOE_TRACE] Group:0 Prob:0.99753 Alpha:0.00005
[MOE_TRACE] Group:1 Prob:0.49978 Alpha:0.00005
[MOE_TRACE] Group:0 Prob:0.99753 Alpha:0.00005
[MOE_TRACE] Group:1 Prob:0.49978 Alpha:0.00005
[MOE_TRACE] Group:0 Prob:0.99753 Alpha:0.00005
[MOE_TRACE] Group:1 Prob:0.49977 Alpha:0.00005
[MOE_TRACE] Group:0 Prob:0.99753 Alpha:0.00005
[MOE_TRACE] Group:1 Prob:0.49977 Alpha:0.00005
[MOE_TRACE] Group:0 Prob:0.99753 Alpha:0.00005
[MOE_TRACE] Group:1 Prob:0.49977 Alpha:0.00005
[MOE_TRACE] Group:0 Prob:0.99753 Alpha:0.00005
[MOE_TRACE] Group:1 Prob:0.49977 Alpha:0.00005
[MOE_TRACE] Group:0 Prob:0.99753 Alpha:0.00005
[MOE_TRACE] Group:1 Prob:0.49977 Alpha:0.00005
[MOE_TRACE] Group:0 Prob:0.99753 Alpha:0.00005
[MOE_TRACE] Group:1 Prob:0.49977 Alpha:0.00005
[MOE_TRACE] Group:0 Prob:0.99753 Alpha:0.00005
[MOE_TRACE] Group:1 Prob:0.49977 Alpha:0.00005
[MOE_TRACE] Group:0 Prob:0.99753 Alpha:0.00005
[MOE_TRACE] Group:1 Prob:0.49977 Alpha:0.00005
[MOE_TRACE] Group:0 Prob:0.99753 Alpha:0.00005
[MOE_TRACE] Group:1 Prob:0.49977 Alpha:0.00005
[MOE_TRACE] Group:0 Prob:0.99753 Alpha:0.00005
[MOE_TRACE] Group:1 Prob:0.49977 Alpha:0.00005
[MOE_TRACE] Group:0 Prob:0.99753 Alpha:0.00005
[MOE_TRACE] Group:1 Prob:0.49977 Alpha:0.00005
[MOE_TRACE] Group:0 Prob:0.99753 Alpha:0.00005
[MOE_TRACE] Group:1 Prob:0.49977 Alpha:0.00005
[MOE_TRACE] Group:0 Prob:0.99753 Alpha:0.00005
[MOE_TRACE] Group:1 Prob:0.49977 Alpha:0.00005
[MOE_TRACE] Group:0 Prob:0.99753 Alpha:0.00005
[MOE_TRACE] Group:1 Prob:0.49977 Alpha:0.00005
[MOE_TRACE] Group:0 Prob:0.99753 Alpha:0.00005
[MOE_TRACE] Group:1 Prob:0.49977 Alpha:0.00005
[MOE_TRACE] Group:0 Prob:0.99753 Alpha:0.00005
[MOE_TRACE] Group:1 Prob:0.49977 Alpha:0.00005
[MOE_TRACE] Group:0 Prob:0.99753 Alpha:0.00005
[MOE_TRACE] Group:1 Prob:0.49977 Alpha:0.00005
[MOE_TRACE] Group:0 Prob:0.99753 Alpha:0.00005
[MOE_TRACE] Group:1 Prob:0.49977 Alpha:0.00005
[MOE_TRACE] Group:0 Prob:0.99753 Alpha:0.00005
[MOE_TRACE] Group:1 Prob:0.49977 Alpha:0.00005
[MOE_TRACE] Group:0 Prob:0.99753 Alpha:0.00005
[MOE_TRACE] Group:1 Prob:0.49977 Alpha:0.00005
[MOE_TRACE] Group:0 Prob:0.99753 Alpha:0.00005
[MOE_TRACE] Group:1 Prob:0.49977 Alpha:0.00005
[MOE_TRACE] Group:0 Prob:0.99753 Alpha:0.00005
[MOE_TRACE] Group:1 Prob:0.49977 Alpha:0.00005
[MOE_TRACE] Group:0 Prob:0.99753 Alpha:0.00005
[MOE_TRACE] Group:1 Prob:0.49977 Alpha:0.00005
[MOE_TRACE] Group:0 Prob:0.99753 Alpha:0.00005
[MOE_TRACE] Group:1 Prob:0.49977 Alpha:0.00005
[MOE_TRACE] Group:0 Prob:0.99753 Alpha:0.00005
[MOE_TRACE] Group:1 Prob:0.49977 Alpha:0.00005
[MOE_TRACE] Group:0 Prob:0.99753 Alpha:0.00005
[MOE_TRACE] Group:1 Prob:0.49977 Alpha:0.00005
[MOE_TRACE] Group:0 Prob:0.99753 Alpha:0.00005
[MOE_TRACE] Group:1 Prob:0.49977 Alpha:0.00005
[MOE_TRACE] Group:0 Prob:0.99753 Alpha:0.00005
[MOE_TRACE] Group:1 Prob:0.49977 Alpha:0.00005
[MOE_TRACE] Group:0 Prob:0.99753 Alpha:0.00005
[MOE_TRACE] Group:1 Prob:0.49977 Alpha:0.00005
[MOE_TRACE] Group:0 Prob:0.99753 Alpha:0.00005
[MOE_TRACE] Group:1 Prob:0.49977 Alpha:0.00005
[MOE_TRACE] Group:0 Prob:0.99753 Alpha:0.00005
[MOE_TRACE] Group:1 Prob:0.49977 Alpha:0.00005
[MOE_TRACE] Group:0 Prob:0.99753 Alpha:0.00005
[MOE_TRACE] Group:1 Prob:0.49977 Alpha:0.00005
[MOE_TRACE] Group:0 Prob:0.99753 Alpha:0.00005
[MOE_TRACE] Group:1 Prob:0.49977 Alpha:0.00005
[MOE_TRACE] Group:0 Prob:0.99753 Alpha:0.00005
[MOE_TRACE] Group:1 Prob:0.49977 Alpha:0.00005
[MOE_TRACE] Group:0 Prob:0.99753 Alpha:0.00005
[MOE_TRACE] Group:1 Prob:0.49977 Alpha:0.00005
[MOE_TRACE] Group:0 Prob:0.99753 Alpha:0.00005
[MOE_TRACE] Group:1 Prob:0.49977 Alpha:0.00005
[MOE_TRACE] Group:0 Prob:0.99753 Alpha:0.00005
[MOE_TRACE] Group:1 Prob:0.49977 Alpha:0.00005
[MOE_TRACE] Group:0 Prob:0.99753 Alpha:0.00005
[MOE_TRACE] Group:1 Prob:0.49977 Alpha:0.00005
[MOE_TRACE] Group:0 Prob:0.99753 Alpha:0.00005
[MOE_TRACE] Group:1 Prob:0.49977 Alpha:0.00005
[MOE_TRACE] Group:0 Prob:0.99753 Alpha:0.00005
[MOE_TRACE] Group:1 Prob:0.49977 Alpha:0.00005
[MOE_TRACE] Group:0 Prob:0.99753 Alpha:0.00005
[MOE_TRACE] Group:1 Prob:0.49977 Alpha:0.00005
[MOE_TRACE] Group:0 Prob:0.99753 Alpha:0.00005
[MOE_TRACE] Group:1 Prob:0.49977 Alpha:0.00005
[MOE_TRACE] Group:0 Prob:0.99753 Alpha:0.00005
[MOE_TRACE] Group:1 Prob:0.49977 Alpha:0.00005
[MOE_TRACE] Group:0 Prob:0.99753 Alpha:0.00005
[MOE_TRACE] Group:1 Prob:0.49977 Alpha:0.00005
[MOE_TRACE] Group:0 Prob:0.99753 Alpha:0.00005
[MOE_TRACE] Group:1 Prob:0.49976 Alpha:0.00005
[MOE_TRACE] Group:0 Prob:0.99753 Alpha:0.00005
[MOE_TRACE] Group:1 Prob:0.49976 Alpha:0.00005
[MOE_TRACE] Group:0 Prob:0.99753 Alpha:0.00005
[MOE_TRACE] Group:1 Prob:0.49976 Alpha:0.00005
[MOE_TRACE] Group:0 Prob:0.99753 Alpha:0.00005
[MOE_TRACE] Group:1 Prob:0.49976 Alpha:0.00005
[MOE_TRACE] Group:0 Prob:0.99753 Alpha:0.00005
[MOE_TRACE] Group:1 Prob:0.49976 Alpha:0.00005
[MOE_TRACE] Group:0 Prob:0.99753 Alpha:0.00005
[MOE_TRACE] Group:1 Prob:0.49976 Alpha:0.00005
[MOE_TRACE] Group:0 Prob:0.99753 Alpha:0.00005
[MOE_TRACE] Group:1 Prob:0.49976 Alpha:0.00005
[MOE_TRACE] Group:0 Prob:0.99753 Alpha:0.00005
[MOE_TRACE] Group:1 Prob:0.49976 Alpha:0.00005
[MOE_TRACE] Group:0 Prob:0.99753 Alpha:0.00005
[MOE_TRACE] Group:1 Prob:0.49977 Alpha:0.00005
[MOE_TRACE] Group:0 Prob:0.99753 Alpha:0.00005
[MOE_TRACE] Group:1 Prob:0.49977 Alpha:0.00005
[MOE_TRACE] Group:0 Prob:0.99753 Alpha:0.00005
[MOE_TRACE] Group:1 Prob:0.49977 Alpha:0.00005
[MOE_TRACE] Group:0 Prob:0.99753 Alpha:0.00005
[MOE_TRACE] Group:1 Prob:0.49977 Alpha:0.00005
[MOE_TRACE] Group:0 Prob:0.99753 Alpha:0.00005
[MOE_TRACE] Group:1 Prob:0.49978 Alpha:0.00005
[MOE_TRACE] Group:0 Prob:0.99753 Alpha:0.00005
[MOE_TRACE] Group:1 Prob:0.49978 Alpha:0.00005
[MOE_TRACE] Group:0 Prob:0.99753 Alpha:0.00005
[MOE_TRACE] Group:1 Prob:0.49978 Alpha:0.00005
[MOE_TRACE] Group:0 Prob:0.99753 Alpha:0.00005
[MOE_TRACE] Group:1 Prob:0.49978 Alpha:0.00005
[MOE_TRACE] Group:0 Prob:0.99753 Alpha:0.00005
[MOE_TRACE] Group:1 Prob:0.49977 Alpha:0.00005
[MOE_TRACE] Group:0 Prob:0.99753 Alpha:0.00005
[MOE_TRACE] Group:1 Prob:0.49977 Alpha:0.00005
[MOE_TRACE] Group:0 Prob:0.99753 Alpha:0.00005
[MOE_TRACE] Group:1 Prob:0.49978 Alpha:0.00005
[MOE_TRACE] Group:0 Prob:0.99753 Alpha:0.00005
[MOE_TRACE] Group:1 Prob:0.49978 Alpha:0.00005
[MOE_TRACE] Group:0 Prob:0.99753 Alpha:0.00005
[MOE_TRACE] Group:0 Prob:0.99753 Alpha:0.00005
[MOE_TRACE] Group:1 Prob:0.49976 Alpha:0.00005
[MOE_TRACE] Group:0 Prob:0.99753 Alpha:0.00005
[MOE_TRACE] Group:1 Prob:0.49976 Alpha:0.00005
[MOE_TRACE] Group:0 Prob:0.99753 Alpha:0.00005
[MOE_TRACE] Group:1 Prob:0.49976 Alpha:0.00005
[MOE_TRACE] Group:0 Prob:0.99753 Alpha:0.00005
[MOE_TRACE] Group:1 Prob:0.49975 Alpha:0.00005
[MOE_TRACE] Group:0 Prob:0.99753 Alpha:0.00005
[MOE_TRACE] Group:1 Prob:0.49975 Alpha:0.00005
[MOE_TRACE] Group:0 Prob:0.99753 Alpha:0.00005
[MOE_TRACE] Group:1 Prob:0.49975 Alpha:0.00005
[MOE_TRACE] Group:0 Prob:0.99753 Alpha:0.00005
[MOE_TRACE] Group:1 Prob:0.49975 Alpha:0.00005
[MOE_TRACE] Group:0 Prob:0.99753 Alpha:0.00005
[MOE_TRACE] Group:1 Prob:0.49975 Alpha:0.00005
[MOE_TRACE] Group:0 Prob:0.99753 Alpha:0.00005
[MOE_TRACE] Group:1 Prob:0.49975 Alpha:0.00005
[MOE_TRACE] Group:0 Prob:0.99753 Alpha:0.00005
[MOE_TRACE] Group:1 Prob:0.49975 Alpha:0.00005
[MOE_TRACE] Group:0 Prob:0.99753 Alpha:0.00005
[MOE_TRACE] Group:1 Prob:0.49975 Alpha:0.00005
[MOE_TRACE] Group:0 Prob:0.99753 Alpha:0.00005
[MOE_TRACE] Group:1 Prob:0.49976 Alpha:0.00005
[MOE_TRACE] Group:0 Prob:0.99753 Alpha:0.00005
[MOE_TRACE] Group:1 Prob:0.49976 Alpha:0.00005
[MOE_TRACE] Group:0 Prob:0.99753 Alpha:0.00005
[MOE_TRACE] Group:1 Prob:0.49976 Alpha:0.00005
[MOE_TRACE] Group:0 Prob:0.99753 Alpha:0.00005
[MOE_TRACE] Group:1 Prob:0.49976 Alpha:0.00005
[MOE_TRACE] Group:0 Prob:0.99753 Alpha:0.00005
[MOE_TRACE] Group:1 Prob:0.49974 Alpha:0.00005
[MOE_TRACE] Group:0 Prob:0.99753 Alpha:0.00005
[MOE_TRACE] Group:1 Prob:0.49974 Alpha:0.00005
[MOE_TRACE] Group:0 Prob:0.99753 Alpha:0.00005
[MOE_TRACE] Group:1 Prob:0.49974 Alpha:0.00005
[MOE_TRACE] Group:0 Prob:0.99753 Alpha:0.00005
[MOE_TRACE] Group:1 Prob:0.49974 Alpha:0.00005
[MOE_TRACE] Group:0 Prob:0.99753 Alpha:0.00005
[MOE_TRACE] Group:1 Prob:0.49975 Alpha:0.00005
[MOE_TRACE] Group:0 Prob:0.99753 Alpha:0.00005
[MOE_TRACE] Group:1 Prob:0.49975 Alpha:0.00005
[MOE_TRACE] Group:0 Prob:0.99753 Alpha:0.00005
[MOE_TRACE] Group:1 Prob:0.49975 Alpha:0.00005
[MOE_TRACE] Group:0 Prob:0.99753 Alpha:0.00005
[MOE_TRACE] Group:1 Prob:0.49975 Alpha:0.00005
[MOE_TRACE] Group:0 Prob:0.99753 Alpha:0.00005
[MOE_TRACE] Group:1 Prob:0.49975 Alpha:0.00005
[MOE_TRACE] Group:0 Prob:0.99753 Alpha:0.00005
[MOE_TRACE] Group:1 Prob:0.49975 Alpha:0.00005
[MOE_TRACE] Group:0 Prob:0.99753 Alpha:0.00005
[MOE_TRACE] Group:0 Prob:0.99753 Alpha:0.00005
[MOE_TRACE] Group:1 Prob:0.49975 Alpha:0.00005
[MOE_TRACE] Group:1 Prob:0.49975 Alpha:0.00005
[MOE_TRACE] Group:0 Prob:0.99753 Alpha:0.00005
[MOE_TRACE] Group:1 Prob:0.49975 Alpha:0.00005
[MOE_TRACE] Group:0 Prob:0.99753 Alpha:0.00005
[MOE_TRACE] Group:1 Prob:0.49975 Alpha:0.00005
[MOE_TRACE] Group:0 Prob:0.99753 Alpha:0.00005
[MOE_TRACE] Group:1 Prob:0.49975 Alpha:0.00005
[MOE_TRACE] Group:0 Prob:0.99753 Alpha:0.00005
[MOE_TRACE] Group:1 Prob:0.49975 Alpha:0.00005
[MOE_TRACE] Group:0 Prob:0.99753 Alpha:0.00005
[MOE_TRACE] Group:1 Prob:0.49975 Alpha:0.00005
[MOE_TRACE] Group:0 Prob:0.99753 Alpha:0.00005
[MOE_TRACE] Group:1 Prob:0.49975 Alpha:0.00005
[MOE_TRACE] Group:0 Prob:0.99753 Alpha:0.00005
[MOE_TRACE] Group:0 Prob:0.99753 Alpha:0.00005
[MOE_TRACE] Group:1 Prob:0.49974 Alpha:0.00005
[MOE_TRACE] Group:1 Prob:0.49974 Alpha:0.00005
[MOE_TRACE] Group:0 Prob:0.99753 Alpha:0.00005
[MOE_TRACE] Group:1 Prob:0.49974 Alpha:0.00005
[MOE_TRACE] Group:0 Prob:0.99753 Alpha:0.00005
[MOE_TRACE] Group:1 Prob:0.49973 Alpha:0.00005
[MOE_TRACE] Group:0 Prob:0.99753 Alpha:0.00005
[MOE_TRACE] Group:1 Prob:0.49973 Alpha:0.00005
[MOE_TRACE] Group:0 Prob:0.99753 Alpha:0.00005
[MOE_TRACE] Group:1 Prob:0.49973 Alpha:0.00005
[MOE_TRACE] Group:0 Prob:0.99753 Alpha:0.00005
[MOE_TRACE] Group:1 Prob:0.49973 Alpha:0.00005
[MOE_TRACE] Group:0 Prob:0.99753 Alpha:0.00005[MOE_TRACE] Group:0 Prob:0.99753 Alpha:0.00005

[MOE_TRACE] Group:1 Prob:0.49973 Alpha:0.00005[MOE_TRACE] Group:1 Prob:0.49973 Alpha:0.00005

[MOE_TRACE] Group:0 Prob:0.99753 Alpha:0.00005
[MOE_TRACE] Group:1 Prob:0.49973 Alpha:0.00005
[MOE_TRACE] Group:0 Prob:0.99753 Alpha:0.00005
[MOE_TRACE] Group:1 Prob:0.49973 Alpha:0.00005
[MOE_TRACE] Group:0 Prob:0.99753 Alpha:0.00005
[MOE_TRACE] Group:1 Prob:0.49974 Alpha:0.00005
[MOE_TRACE] Group:0 Prob:0.99753 Alpha:0.00005
[MOE_TRACE] Group:1 Prob:0.49974 Alpha:0.00005
[MOE_TRACE] Group:0 Prob:0.99753 Alpha:0.00005
[MOE_TRACE] Group:1 Prob:0.49974 Alpha:0.00005
[MOE_TRACE] Group:0 Prob:0.99753 Alpha:0.00005
[MOE_TRACE] Group:1 Prob:0.49974 Alpha:0.00005
[MOE_TRACE] Group:0 Prob:0.99753 Alpha:0.00005
[MOE_TRACE] Group:1 Prob:0.49973 Alpha:0.00005
[MOE_TRACE] Group:0 Prob:0.99753 Alpha:0.00005
[MOE_TRACE] Group:1 Prob:0.49973 Alpha:0.00005
[MOE_TRACE] Group:0 Prob:0.99753 Alpha:0.00005
[MOE_TRACE] Group:1 Prob:0.49973 Alpha:0.00005
[MOE_TRACE] Group:0 Prob:0.99753 Alpha:0.00005
[MOE_TRACE] Group:1 Prob:0.49973 Alpha:0.00005
[MOE_TRACE] Group:0 Prob:0.99753 Alpha:0.00005
[MOE_TRACE] Group:1 Prob:0.49973 Alpha:0.00005
[MOE_TRACE] Group:0 Prob:0.99753 Alpha:0.00005
[MOE_TRACE] Group:1 Prob:0.49973 Alpha:0.00005
[MOE_TRACE] Group:0 Prob:0.99753 Alpha:0.00005
[MOE_TRACE] Group:1 Prob:0.49973 Alpha:0.00005
[MOE_TRACE] Group:0 Prob:0.99753 Alpha:0.00005
[MOE_TRACE] Group:1 Prob:0.49973 Alpha:0.00005
[MOE_TRACE] Group:0 Prob:0.99753 Alpha:0.00005
[MOE_TRACE] Group:0 Prob:0.99753 Alpha:0.00005
[MOE_TRACE] Group:1 Prob:0.49973 Alpha:0.00005
[MOE_TRACE] Group:0 Prob:0.99753 Alpha:0.00005
[MOE_TRACE] Group:1 Prob:0.49973 Alpha:0.00005
[MOE_TRACE] Group:1 Prob:0.49973 Alpha:0.00005
[MOE_TRACE] Group:0 Prob:0.99753 Alpha:0.00005
[MOE_TRACE] Group:1 Prob:0.49973 Alpha:0.00005
[MOE_TRACE] Group:0 Prob:0.99753 Alpha:0.00005
[MOE_TRACE] Group:1 Prob:0.49973 Alpha:0.00005
[MOE_TRACE] Group:0 Prob:0.99753 Alpha:0.00005
[MOE_TRACE] Group:1 Prob:0.49973 Alpha:0.00005
[MOE_TRACE] Group:0 Prob:0.99753 Alpha:0.00005[MOE_TRACE] Group:0 Prob:0.99753 Alpha:0.00005

[MOE_TRACE] Group:1 Prob:0.49973 Alpha:0.00005
[MOE_TRACE] Group:1 Prob:0.49973 Alpha:0.00005
[MOE_TRACE] Group:0 Prob:0.99753 Alpha:0.00005
[MOE_TRACE] Group:1 Prob:0.49972 Alpha:0.00005
[MOE_TRACE] Group:0 Prob:0.99753 Alpha:0.00005
[MOE_TRACE] Group:1 Prob:0.49972 Alpha:0.00005
[MOE_TRACE] Group:0 Prob:0.99753 Alpha:0.00005
[MOE_TRACE] Group:1 Prob:0.49972 Alpha:0.00005
[MOE_TRACE] Group:0 Prob:0.99753 Alpha:0.00005
[MOE_TRACE] Group:1 Prob:0.49971 Alpha:0.00005
[MOE_TRACE] Group:0 Prob:0.99753 Alpha:0.00005
[MOE_TRACE] Group:1 Prob:0.49971 Alpha:0.00005
[MOE_TRACE] Group:0 Prob:0.99753 Alpha:0.00005
[MOE_TRACE] Group:1 Prob:0.49971 Alpha:0.00005
[MOE_TRACE] Group:0 Prob:0.99753 Alpha:0.00005
[MOE_TRACE] Group:1 Prob:0.49971 Alpha:0.00005
[MOE_TRACE] Group:0 Prob:0.99753 Alpha:0.00005
[MOE_TRACE] Group:1 Prob:0.49970 Alpha:0.00005
[MOE_TRACE] Group:0 Prob:0.99753 Alpha:0.00005
[MOE_TRACE] Group:1 Prob:0.49970 Alpha:0.00005
[MOE_TRACE] Group:0 Prob:0.99753 Alpha:0.00005
[MOE_TRACE] Group:1 Prob:0.49970 Alpha:0.00005
[MOE_TRACE] Group:0 Prob:0.99753 Alpha:0.00005
[MOE_TRACE] Group:1 Prob:0.49970 Alpha:0.00005
[MOE_TRACE] Group:0 Prob:0.99753 Alpha:0.00005
[MOE_TRACE] Group:1 Prob:0.49970 Alpha:0.00005
[MOE_TRACE] Group:0 Prob:0.99753 Alpha:0.00005
[MOE_TRACE] Group:1 Prob:0.49970 Alpha:0.00005
[MOE_TRACE] Group:0 Prob:0.99753 Alpha:0.00005
[MOE_TRACE] Group:1 Prob:0.49970 Alpha:0.00005
[MOE_TRACE] Group:0 Prob:0.99753 Alpha:0.00005
[MOE_TRACE] Group:1 Prob:0.49970 Alpha:0.00005
[MOE_TRACE] Group:0 Prob:0.99753 Alpha:0.00005
[MOE_TRACE] Group:1 Prob:0.49970 Alpha:0.00005
[MOE_TRACE] Group:0 Prob:0.99753 Alpha:0.00005
[MOE_TRACE] Group:1 Prob:0.49970 Alpha:0.00005
[MOE_TRACE] Group:0 Prob:0.99753 Alpha:0.00005[MOE_TRACE] Group:0 Prob:0.99753 Alpha:0.00005

[MOE_TRACE] Group:1 Prob:0.49970 Alpha:0.00005
[MOE_TRACE] Group:1 Prob:0.49970 Alpha:0.00005
[MOE_TRACE] Group:0 Prob:0.99753 Alpha:0.00005
[MOE_TRACE] Group:1 Prob:0.49970 Alpha:0.00005
[MOE_TRACE] Group:0 Prob:0.99753 Alpha:0.00005
[MOE_TRACE] Group:1 Prob:0.49970 Alpha:0.00005
[MOE_TRACE] Group:0 Prob:0.99753 Alpha:0.00005
[MOE_TRACE] Group:1 Prob:0.49970 Alpha:0.00005
[MOE_TRACE] Group:0 Prob:0.99753 Alpha:0.00005
[MOE_TRACE] Group:1 Prob:0.49970 Alpha:0.00005
[MOE_TRACE] Group:0 Prob:0.99753 Alpha:0.00005
[MOE_TRACE] Group:1 Prob:0.49969 Alpha:0.00005
[MOE_TRACE] Group:0 Prob:0.99753 Alpha:0.00005
[MOE_TRACE] Group:1 Prob:0.49969 Alpha:0.00005
[MOE_TRACE] Group:0 Prob:0.99753 Alpha:0.00005
[MOE_TRACE] Group:1 Prob:0.49969 Alpha:0.00005
[MOE_TRACE] Group:0 Prob:0.99753 Alpha:0.00005
[MOE_TRACE] Group:1 Prob:0.49969 Alpha:0.00005
[MOE_TRACE] Group:0 Prob:0.99753 Alpha:0.00005
[MOE_TRACE] Group:1 Prob:0.49970 Alpha:0.00005
[MOE_TRACE] Group:0 Prob:0.99753 Alpha:0.00005
[MOE_TRACE] Group:1 Prob:0.49970 Alpha:0.00005
[MOE_TRACE] Group:0 Prob:0.99753 Alpha:0.00005
[MOE_TRACE] Group:1 Prob:0.49970 Alpha:0.00005
[MOE_TRACE] Group:0 Prob:0.99753 Alpha:0.00005
[MOE_TRACE] Group:1 Prob:0.49970 Alpha:0.00005
[MOE_TRACE] Group:0 Prob:0.99753 Alpha:0.00005
[MOE_TRACE] Group:0 Prob:0.99753 Alpha:0.00005
[MOE_TRACE] Group:1 Prob:0.49969 Alpha:0.00005
[MOE_TRACE] Group:0 Prob:0.99753 Alpha:0.00005
[MOE_TRACE] Group:1 Prob:0.49969 Alpha:0.00005
[MOE_TRACE] Group:0 Prob:0.99753 Alpha:0.00005
[MOE_TRACE] Group:1 Prob:0.49969 Alpha:0.00005
[MOE_TRACE] Group:0 Prob:0.99753 Alpha:0.00005
[MOE_TRACE] Group:1 Prob:0.49969 Alpha:0.00005
[MOE_TRACE] Group:0 Prob:0.99753 Alpha:0.00005
[MOE_TRACE] Group:0 Prob:0.99753 Alpha:0.00005
[MOE_TRACE] Group:1 Prob:0.49969 Alpha:0.00005
[MOE_TRACE] Group:1 Prob:0.49969 Alpha:0.00005
[MOE_TRACE] Group:0 Prob:0.99753 Alpha:0.00005
[MOE_TRACE] Group:1 Prob:0.49969 Alpha:0.00005
[MOE_TRACE] Group:0 Prob:0.99753 Alpha:0.00005
[MOE_TRACE] Group:1 Prob:0.49967 Alpha:0.00005
[MOE_TRACE] Group:0 Prob:0.99753 Alpha:0.00005
[MOE_TRACE] Group:1 Prob:0.49967 Alpha:0.00005
[MOE_TRACE] Group:0 Prob:0.99753 Alpha:0.00005
[MOE_TRACE] Group:1 Prob:0.49967 Alpha:0.00005
[MOE_TRACE] Group:0 Prob:0.99753 Alpha:0.00005
[MOE_TRACE] Group:1 Prob:0.49967 Alpha:0.00005
[MOE_TRACE] Group:0 Prob:0.99753 Alpha:0.00005
[MOE_TRACE] Group:1 Prob:0.49967 Alpha:0.00005
[MOE_TRACE] Group:0 Prob:0.99753 Alpha:0.00005
[MOE_TRACE] Group:1 Prob:0.49967 Alpha:0.00005
[MOE_TRACE] Group:0 Prob:0.99753 Alpha:0.00005
[MOE_TRACE] Group:1 Prob:0.49967 Alpha:0.00005
[MOE_TRACE] Group:0 Prob:0.99753 Alpha:0.00005
[MOE_TRACE] Group:1 Prob:0.49967 Alpha:0.00005
[MOE_TRACE] Group:0 Prob:0.99753 Alpha:0.00005
[MOE_TRACE] Group:1 Prob:0.49967 Alpha:0.00005
[MOE_TRACE] Group:0 Prob:0.99753 Alpha:0.00005
[MOE_TRACE] Group:1 Prob:0.49967 Alpha:0.00005
[MOE_TRACE] Group:0 Prob:0.99753 Alpha:0.00005
[MOE_TRACE] Group:1 Prob:0.49967 Alpha:0.00005
[MOE_TRACE] Group:0 Prob:0.99753 Alpha:0.00005
[MOE_TRACE] Group:1 Prob:0.49967 Alpha:0.00005
[MOE_TRACE] Group:0 Prob:0.99753 Alpha:0.00005
[MOE_TRACE] Group:0 Prob:0.99753 Alpha:0.00005[MOE_TRACE] Group:0 Prob:0.99753 Alpha:0.00005

[MOE_TRACE] Group:1 Prob:0.49968 Alpha:0.00005
[MOE_TRACE] Group:1 Prob:0.49968 Alpha:0.00005
[MOE_TRACE] Group:1 Prob:0.49968 Alpha:0.00005
[MOE_TRACE] Group:0 Prob:0.99753 Alpha:0.00005
[MOE_TRACE] Group:1 Prob:0.49968 Alpha:0.00005
[MOE_TRACE] Group:0 Prob:0.99753 Alpha:0.00005
[MOE_TRACE] Group:1 Prob:0.49967 Alpha:0.00005
[MOE_TRACE] Group:0 Prob:0.99753 Alpha:0.00005[MOE_TRACE] Group:0 Prob:0.99753 Alpha:0.00005

[MOE_TRACE] Group:1 Prob:0.49967 Alpha:0.00005[MOE_TRACE] Group:1 Prob:0.49967 Alpha:0.00005

[MOE_TRACE] Group:0 Prob:0.99753 Alpha:0.00005
[MOE_TRACE] Group:1 Prob:0.49967 Alpha:0.00005
[MOE_TRACE] Group:0 Prob:0.99753 Alpha:0.00005
[MOE_TRACE] Group:1 Prob:0.49965 Alpha:0.00005
[MOE_TRACE] Group:0 Prob:0.99753 Alpha:0.00005
[MOE_TRACE] Group:1 Prob:0.49965 Alpha:0.00005
[MOE_TRACE] Group:0 Prob:0.99753 Alpha:0.00005
[MOE_TRACE] Group:1 Prob:0.49965 Alpha:0.00005
[MOE_TRACE] Group:0 Prob:0.99753 Alpha:0.00005
[MOE_TRACE] Group:1 Prob:0.49965 Alpha:0.00005
[MOE_TRACE] Group:0 Prob:0.99753 Alpha:0.00005
[MOE_TRACE] Group:1 Prob:0.49964 Alpha:0.00005
[MOE_TRACE] Group:0 Prob:0.99753 Alpha:0.00005
[MOE_TRACE] Group:1 Prob:0.49964 Alpha:0.00005
[MOE_TRACE] Group:0 Prob:0.99753 Alpha:0.00005
[MOE_TRACE] Group:1 Prob:0.49964 Alpha:0.00005
[MOE_TRACE] Group:0 Prob:0.99753 Alpha:0.00005
[MOE_TRACE] Group:1 Prob:0.49964 Alpha:0.00005
[MOE_TRACE] Group:0 Prob:0.99753 Alpha:0.00005
[MOE_TRACE] Group:0 Prob:0.99753 Alpha:0.00005
[MOE_TRACE] Group:1 Prob:0.49964 Alpha:0.00005
[MOE_TRACE] Group:0 Prob:0.99753 Alpha:0.00005
[MOE_TRACE] Group:1 Prob:0.49964 Alpha:0.00005
[MOE_TRACE] Group:0 Prob:0.99753 Alpha:0.00005
[MOE_TRACE] Group:1 Prob:0.49964 Alpha:0.00005
[MOE_TRACE] Group:0 Prob:0.99753 Alpha:0.00005
[MOE_TRACE] Group:0 Prob:0.99753 Alpha:0.00005
[MOE_TRACE] Group:1 Prob:0.49963 Alpha:0.00005[MOE_TRACE] Group:1 Prob:0.49963 Alpha:0.00005

[MOE_TRACE] Group:0 Prob:0.99753 Alpha:0.00005
[MOE_TRACE] Group:1 Prob:0.49963 Alpha:0.00005
[MOE_TRACE] Group:0 Prob:0.99753 Alpha:0.00005
[MOE_TRACE] Group:1 Prob:0.49963 Alpha:0.00005
[MOE_TRACE] Group:0 Prob:0.99753 Alpha:0.00005
[MOE_TRACE] Group:1 Prob:0.49962 Alpha:0.00005
[MOE_TRACE] Group:0 Prob:0.99753 Alpha:0.00005
[MOE_TRACE] Group:1 Prob:0.49962 Alpha:0.00005
[MOE_TRACE] Group:0 Prob:0.99753 Alpha:0.00005
[MOE_TRACE] Group:1 Prob:0.49962 Alpha:0.00005
[MOE_TRACE] Group:0 Prob:0.99753 Alpha:0.00005
[MOE_TRACE] Group:1 Prob:0.49962 Alpha:0.00005
[MOE_TRACE] Group:0 Prob:0.99753 Alpha:0.00005
[MOE_TRACE] Group:1 Prob:0.49963 Alpha:0.00005
[MOE_TRACE] Group:0 Prob:0.99753 Alpha:0.00005
[MOE_TRACE] Group:1 Prob:0.49963 Alpha:0.00005
[MOE_TRACE] Group:0 Prob:0.99753 Alpha:0.00005
[MOE_TRACE] Group:1 Prob:0.49963 Alpha:0.00005
[MOE_TRACE] Group:0 Prob:0.99753 Alpha:0.00005
[MOE_TRACE] Group:1 Prob:0.49963 Alpha:0.00005
[MOE_TRACE] Group:0 Prob:0.99753 Alpha:0.00005
[MOE_TRACE] Group:1 Prob:0.49963 Alpha:0.00005
[MOE_TRACE] Group:0 Prob:0.99753 Alpha:0.00005
[MOE_TRACE] Group:1 Prob:0.49963 Alpha:0.00005
[MOE_TRACE] Group:0 Prob:0.99753 Alpha:0.00005
[MOE_TRACE] Group:1 Prob:0.49963 Alpha:0.00005
[MOE_TRACE] Group:0 Prob:0.99753 Alpha:0.00005
[MOE_TRACE] Group:1 Prob:0.49963 Alpha:0.00005
[MOE_TRACE] Group:0 Prob:0.99753 Alpha:0.00005
[MOE_TRACE] Group:0 Prob:0.99753 Alpha:0.00005[MOE_TRACE] Group:1 Prob:0.49964 Alpha:0.00005

[MOE_TRACE] Group:1 Prob:0.49964 Alpha:0.00005
[MOE_TRACE] Group:0 Prob:0.99753 Alpha:0.00005
[MOE_TRACE] Group:1 Prob:0.49964 Alpha:0.00005
[MOE_TRACE] Group:0 Prob:0.99753 Alpha:0.00005
[MOE_TRACE] Group:1 Prob:0.49964 Alpha:0.00005
[MOE_TRACE] Group:0 Prob:0.99753 Alpha:0.00005
[MOE_TRACE] Group:1 Prob:0.49963 Alpha:0.00005
[MOE_TRACE] Group:0 Prob:0.99753 Alpha:0.00005
[MOE_TRACE] Group:1 Prob:0.49963 Alpha:0.00005
[MOE_TRACE] Group:0 Prob:0.99753 Alpha:0.00005
[MOE_TRACE] Group:1 Prob:0.49963 Alpha:0.00005
[MOE_TRACE] Group:0 Prob:0.99753 Alpha:0.00005
[MOE_TRACE] Group:1 Prob:0.49963 Alpha:0.00005
[MOE_TRACE] Group:0 Prob:0.99753 Alpha:0.00005
[MOE_TRACE] Group:1 Prob:0.49961 Alpha:0.00005
[MOE_TRACE] Group:0 Prob:0.99753 Alpha:0.00005
[MOE_TRACE] Group:1 Prob:0.49961 Alpha:0.00005
[MOE_TRACE] Group:0 Prob:0.99753 Alpha:0.00005[MOE_TRACE] Group:0 Prob:0.99753 Alpha:0.00005

[MOE_TRACE] Group:1 Prob:0.49961 Alpha:0.00005[MOE_TRACE] Group:1 Prob:0.49961 Alpha:0.00005

[MOE_TRACE] Group:0 Prob:0.99753 Alpha:0.00005
[MOE_TRACE] Group:1 Prob:0.49960 Alpha:0.00005
[MOE_TRACE] Group:0 Prob:0.99753 Alpha:0.00005
[MOE_TRACE] Group:1 Prob:0.49960 Alpha:0.00005
[MOE_TRACE] Group:0 Prob:0.99753 Alpha:0.00005
[MOE_TRACE] Group:1 Prob:0.49960 Alpha:0.00005
[MOE_TRACE] Group:0 Prob:0.99753 Alpha:0.00005
[MOE_TRACE] Group:1 Prob:0.49960 Alpha:0.00005
[MOE_TRACE] Group:0 Prob:0.99753 Alpha:0.00005
[MOE_TRACE] Group:1 Prob:0.49959 Alpha:0.00005
[MOE_TRACE] Group:0 Prob:0.99753 Alpha:0.00005
[MOE_TRACE] Group:1 Prob:0.49959 Alpha:0.00005
[MOE_TRACE] Group:0 Prob:0.99753 Alpha:0.00005
[MOE_TRACE] Group:1 Prob:0.49959 Alpha:0.00005
[MOE_TRACE] Group:0 Prob:0.99753 Alpha:0.00005
[MOE_TRACE] Group:1 Prob:0.49959 Alpha:0.00005
[MOE_TRACE] Group:0 Prob:0.99753 Alpha:0.00005
[MOE_TRACE] Group:1 Prob:0.49959 Alpha:0.00005
[MOE_TRACE] Group:0 Prob:0.99753 Alpha:0.00005
[MOE_TRACE] Group:1 Prob:0.49959 Alpha:0.00005
[MOE_TRACE] Group:0 Prob:0.99753 Alpha:0.00005
[MOE_TRACE] Group:1 Prob:0.49959 Alpha:0.00005
[MOE_TRACE] Group:0 Prob:0.99753 Alpha:0.00005
[MOE_TRACE] Group:1 Prob:0.49959 Alpha:0.00005
[MOE_TRACE] Group:0 Prob:0.99753 Alpha:0.00005
[MOE_TRACE] Group:1 Prob:0.49959 Alpha:0.00005
[MOE_TRACE] Group:0 Prob:0.99753 Alpha:0.00005
[MOE_TRACE] Group:1 Prob:0.49959 Alpha:0.00005
[MOE_TRACE] Group:0 Prob:0.99753 Alpha:0.00005
[MOE_TRACE] Group:0 Prob:0.99753 Alpha:0.00005
[MOE_TRACE] Group:1 Prob:0.49959 Alpha:0.00005
[MOE_TRACE] Group:1 Prob:0.49959 Alpha:0.00005
[MOE_TRACE] Group:0 Prob:0.99753 Alpha:0.00005
[MOE_TRACE] Group:1 Prob:0.49958 Alpha:0.00005
[MOE_TRACE] Group:0 Prob:0.99753 Alpha:0.00005
[MOE_TRACE] Group:1 Prob:0.49958 Alpha:0.00005
[MOE_TRACE] Group:0 Prob:0.99753 Alpha:0.00005
[MOE_TRACE] Group:1 Prob:0.49958 Alpha:0.00005
[MOE_TRACE] Group:0 Prob:0.99753 Alpha:0.00005
[MOE_TRACE] Group:1 Prob:0.49958 Alpha:0.00005
[MOE_TRACE] Group:0 Prob:0.99753 Alpha:0.00005
[MOE_TRACE] Group:1 Prob:0.49958 Alpha:0.00005
[MOE_TRACE] Group:0 Prob:0.99753 Alpha:0.00005
[MOE_TRACE] Group:1 Prob:0.49958 Alpha:0.00005
[MOE_TRACE] Group:0 Prob:0.99753 Alpha:0.00005
[MOE_TRACE] Group:1 Prob:0.49958 Alpha:0.00005
[MOE_TRACE] Group:0 Prob:0.99753 Alpha:0.00005
[MOE_TRACE] Group:1 Prob:0.49958 Alpha:0.00005
[MOE_TRACE] Group:0 Prob:0.99753 Alpha:0.00005
[MOE_TRACE] Group:0 Prob:0.99753 Alpha:0.00005[MOE_TRACE] Group:1 Prob:0.49957 Alpha:0.00005

[MOE_TRACE] Group:1 Prob:0.49957 Alpha:0.00005
[MOE_TRACE] Group:0 Prob:0.99753 Alpha:0.00005
[MOE_TRACE] Group:1 Prob:0.49957 Alpha:0.00005
[MOE_TRACE] Group:0 Prob:0.99753 Alpha:0.00005
[MOE_TRACE] Group:1 Prob:0.49957 Alpha:0.00005
[MOE_TRACE] Group:0 Prob:0.99753 Alpha:0.00005
[MOE_TRACE] Group:1 Prob:0.49956 Alpha:0.00005
[MOE_TRACE] Group:0 Prob:0.99753 Alpha:0.00005
[MOE_TRACE] Group:1 Prob:0.49956 Alpha:0.00005
[MOE_TRACE] Group:0 Prob:0.99753 Alpha:0.00005
[MOE_TRACE] Group:1 Prob:0.49956 Alpha:0.00005
[MOE_TRACE] Group:0 Prob:0.99753 Alpha:0.00005
[MOE_TRACE] Group:1 Prob:0.49956 Alpha:0.00005
[MOE_TRACE] Group:0 Prob:0.99753 Alpha:0.00005[MOE_TRACE] Group:0 Prob:0.99753 Alpha:0.00005

[MOE_TRACE] Group:1 Prob:0.49956 Alpha:0.00005
[MOE_TRACE] Group:1 Prob:0.49956 Alpha:0.00005
[MOE_TRACE] Group:0 Prob:0.99753 Alpha:0.00005
[MOE_TRACE] Group:1 Prob:0.49956 Alpha:0.00005
[MOE_TRACE] Group:0 Prob:0.99753 Alpha:0.00005
[MOE_TRACE] Group:1 Prob:0.49956 Alpha:0.00005
[MOE_TRACE] Group:0 Prob:0.99753 Alpha:0.00005
[MOE_TRACE] Group:1 Prob:0.49956 Alpha:0.00005
[MOE_TRACE] Group:0 Prob:0.99753 Alpha:0.00005
[MOE_TRACE] Group:1 Prob:0.49956 Alpha:0.00005
[MOE_TRACE] Group:0 Prob:0.99753 Alpha:0.00005
[MOE_TRACE] Group:1 Prob:0.49956 Alpha:0.00005
[MOE_TRACE] Group:0 Prob:0.99753 Alpha:0.00005
[MOE_TRACE] Group:1 Prob:0.49956 Alpha:0.00005
[MOE_TRACE] Group:0 Prob:0.99753 Alpha:0.00005
[MOE_TRACE] Group:1 Prob:0.49956 Alpha:0.00005
[MOE_TRACE] Group:0 Prob:0.99753 Alpha:0.00005
[MOE_TRACE] Group:1 Prob:0.49956 Alpha:0.00005
[MOE_TRACE] Group:0 Prob:0.99753 Alpha:0.00005
[MOE_TRACE] Group:1 Prob:0.49956 Alpha:0.00005
[MOE_TRACE] Group:0 Prob:0.99753 Alpha:0.00005
[MOE_TRACE] Group:1 Prob:0.49956 Alpha:0.00005
[MOE_TRACE] Group:0 Prob:0.99753 Alpha:0.00005
[MOE_TRACE] Group:1 Prob:0.49955 Alpha:0.00005
[MOE_TRACE] Group:0 Prob:0.99753 Alpha:0.00005
[MOE_TRACE] Group:1 Prob:0.49955 Alpha:0.00005
[MOE_TRACE] Group:0 Prob:0.99753 Alpha:0.00005
[MOE_TRACE] Group:1 Prob:0.49955 Alpha:0.00005
[MOE_TRACE] Group:0 Prob:0.99753 Alpha:0.00005
[MOE_TRACE] Group:1 Prob:0.49955 Alpha:0.00005
[MOE_TRACE] Group:0 Prob:0.99753 Alpha:0.00005
[MOE_TRACE] Group:1 Prob:0.49955 Alpha:0.00005
[MOE_TRACE] Group:0 Prob:0.99753 Alpha:0.00005
[MOE_TRACE] Group:1 Prob:0.49955 Alpha:0.00005
[MOE_TRACE] Group:0 Prob:0.99753 Alpha:0.00005
[MOE_TRACE] Group:1 Prob:0.49955 Alpha:0.00005
[MOE_TRACE] Group:0 Prob:0.99753 Alpha:0.00005
[MOE_TRACE] Group:1 Prob:0.49955 Alpha:0.00005
[MOE_TRACE] Group:0 Prob:0.99753 Alpha:0.00005
[MOE_TRACE] Group:1 Prob:0.49956 Alpha:0.00005
[MOE_TRACE] Group:0 Prob:0.99753 Alpha:0.00005
[MOE_TRACE] Group:1 Prob:0.49956 Alpha:0.00005
[MOE_TRACE] Group:0 Prob:0.99753 Alpha:0.00005
[MOE_TRACE] Group:1 Prob:0.49956 Alpha:0.00005
[MOE_TRACE] Group:0 Prob:0.99753 Alpha:0.00005
[MOE_TRACE] Group:1 Prob:0.49956 Alpha:0.00005
[MOE_TRACE] Group:0 Prob:0.99753 Alpha:0.00005
[MOE_TRACE] Group:0 Prob:0.99753 Alpha:0.00005
[MOE_TRACE] Group:1 Prob:0.49956 Alpha:0.00005
[MOE_TRACE] Group:1 Prob:0.49956 Alpha:0.00005
[MOE_TRACE] Group:0 Prob:0.99753 Alpha:0.00005
[MOE_TRACE] Group:1 Prob:0.49956 Alpha:0.00005
[MOE_TRACE] Group:0 Prob:0.99753 Alpha:0.00005
[MOE_TRACE] Group:1 Prob:0.49956 Alpha:0.00005
[MOE_TRACE] Group:0 Prob:0.99753 Alpha:0.00005
[MOE_TRACE] Group:1 Prob:0.49953 Alpha:0.00005
[MOE_TRACE] Group:0 Prob:0.99753 Alpha:0.00005
[MOE_TRACE] Group:1 Prob:0.49953 Alpha:0.00005
[MOE_TRACE] Group:0 Prob:0.99753 Alpha:0.00005
[MOE_TRACE] Group:1 Prob:0.49953 Alpha:0.00005
[MOE_TRACE] Group:0 Prob:0.99753 Alpha:0.00005
[MOE_TRACE] Group:1 Prob:0.49953 Alpha:0.00005
[MOE_TRACE] Group:0 Prob:0.99753 Alpha:0.00005
[MOE_TRACE] Group:1 Prob:0.49953 Alpha:0.00005
[MOE_TRACE] Group:0 Prob:0.99753 Alpha:0.00005
[MOE_TRACE] Group:1 Prob:0.49953 Alpha:0.00005
[MOE_TRACE] Group:0 Prob:0.99753 Alpha:0.00005
[MOE_TRACE] Group:1 Prob:0.49953 Alpha:0.00005
[MOE_TRACE] Group:0 Prob:0.99753 Alpha:0.00005
[MOE_TRACE] Group:1 Prob:0.49953 Alpha:0.00005
[MOE_TRACE] Group:0 Prob:0.99753 Alpha:0.00005
[MOE_TRACE] Group:1 Prob:0.49954 Alpha:0.00005
[MOE_TRACE] Group:0 Prob:0.99753 Alpha:0.00005
[MOE_TRACE] Group:1 Prob:0.49954 Alpha:0.00005
[MOE_TRACE] Group:0 Prob:0.99753 Alpha:0.00005
[MOE_TRACE] Group:1 Prob:0.49954 Alpha:0.00005
[MOE_TRACE] Group:0 Prob:0.99753 Alpha:0.00005
[MOE_TRACE] Group:1 Prob:0.49954 Alpha:0.00005
	iters: 100, epoch: 2 | loss: 0.4950248 | Mem: 1845MB(Max:2203MB)
	speed: 3.8772s/iter; left time: 4745.7006s
[MOE_TRACE] Group:0 Prob:0.99753 Alpha:0.00005
[MOE_TRACE] Group:1 Prob:0.49955 Alpha:0.00005
[MOE_TRACE] Group:0 Prob:0.99753 Alpha:0.00005
[MOE_TRACE] Group:1 Prob:0.49955 Alpha:0.00005
[MOE_TRACE] Group:0 Prob:0.99753 Alpha:0.00005
[MOE_TRACE] Group:1 Prob:0.49955 Alpha:0.00005
[MOE_TRACE] Group:0 Prob:0.99753 Alpha:0.00005
[MOE_TRACE] Group:1 Prob:0.49955 Alpha:0.00005
[MOE_TRACE] Group:0 Prob:0.99753 Alpha:0.00005
[MOE_TRACE] Group:1 Prob:0.49954 Alpha:0.00005
[MOE_TRACE] Group:0 Prob:0.99753 Alpha:0.00005
[MOE_TRACE] Group:1 Prob:0.49954 Alpha:0.00005
[MOE_TRACE] Group:0 Prob:0.99753 Alpha:0.00005
[MOE_TRACE] Group:1 Prob:0.49954 Alpha:0.00005
[MOE_TRACE] Group:0 Prob:0.99753 Alpha:0.00005
[MOE_TRACE] Group:1 Prob:0.49954 Alpha:0.00005
[MOE_TRACE] Group:0 Prob:0.99753 Alpha:0.00005
[MOE_TRACE] Group:1 Prob:0.49953 Alpha:0.00005
[MOE_TRACE] Group:0 Prob:0.99753 Alpha:0.00005
[MOE_TRACE] Group:1 Prob:0.49953 Alpha:0.00005
[MOE_TRACE] Group:0 Prob:0.99753 Alpha:0.00005
[MOE_TRACE] Group:1 Prob:0.49953 Alpha:0.00005
[MOE_TRACE] Group:0 Prob:0.99753 Alpha:0.00005
[MOE_TRACE] Group:1 Prob:0.49953 Alpha:0.00005
[MOE_TRACE] Group:0 Prob:0.99753 Alpha:0.00005[MOE_TRACE] Group:0 Prob:0.99753 Alpha:0.00005[MOE_TRACE] Group:0 Prob:0.99753 Alpha:0.00005


[MOE_TRACE] Group:1 Prob:0.49954 Alpha:0.00005
[MOE_TRACE] Group:1 Prob:0.49954 Alpha:0.00005
[MOE_TRACE] Group:1 Prob:0.49954 Alpha:0.00005
[MOE_TRACE] Group:0 Prob:0.99753 Alpha:0.00005
[MOE_TRACE] Group:1 Prob:0.49954 Alpha:0.00005
[MOE_TRACE] Group:0 Prob:0.99753 Alpha:0.00005
[MOE_TRACE] Group:1 Prob:0.49954 Alpha:0.00005
[MOE_TRACE] Group:0 Prob:0.99753 Alpha:0.00005
[MOE_TRACE] Group:1 Prob:0.49954 Alpha:0.00005
[MOE_TRACE] Group:0 Prob:0.99753 Alpha:0.00005
[MOE_TRACE] Group:1 Prob:0.49954 Alpha:0.00005
[MOE_TRACE] Group:0 Prob:0.99753 Alpha:0.00005
[MOE_TRACE] Group:1 Prob:0.49954 Alpha:0.00005
[MOE_TRACE] Group:0 Prob:0.99753 Alpha:0.00005
[MOE_TRACE] Group:1 Prob:0.49953 Alpha:0.00005
[MOE_TRACE] Group:0 Prob:0.99753 Alpha:0.00005
[MOE_TRACE] Group:1 Prob:0.49953 Alpha:0.00005
[MOE_TRACE] Group:0 Prob:0.99753 Alpha:0.00005
[MOE_TRACE] Group:1 Prob:0.49953 Alpha:0.00005
[MOE_TRACE] Group:0 Prob:0.99753 Alpha:0.00005
[MOE_TRACE] Group:1 Prob:0.49953 Alpha:0.00005
[MOE_TRACE] Group:0 Prob:0.99753 Alpha:0.00005
[MOE_TRACE] Group:1 Prob:0.49952 Alpha:0.00005
[MOE_TRACE] Group:0 Prob:0.99753 Alpha:0.00005
[MOE_TRACE] Group:1 Prob:0.49952 Alpha:0.00005
[MOE_TRACE] Group:0 Prob:0.99753 Alpha:0.00005
[MOE_TRACE] Group:1 Prob:0.49952 Alpha:0.00005
[MOE_TRACE] Group:0 Prob:0.99753 Alpha:0.00005
[MOE_TRACE] Group:1 Prob:0.49952 Alpha:0.00005
[MOE_TRACE] Group:0 Prob:0.99753 Alpha:0.00005
[MOE_TRACE] Group:1 Prob:0.49953 Alpha:0.00005
[MOE_TRACE] Group:0 Prob:0.99753 Alpha:0.00005
[MOE_TRACE] Group:1 Prob:0.49953 Alpha:0.00005
[MOE_TRACE] Group:0 Prob:0.99753 Alpha:0.00005
[MOE_TRACE] Group:1 Prob:0.49953 Alpha:0.00005
[MOE_TRACE] Group:0 Prob:0.99753 Alpha:0.00005
[MOE_TRACE] Group:1 Prob:0.49953 Alpha:0.00005
[MOE_TRACE] Group:0 Prob:0.99753 Alpha:0.00005
[MOE_TRACE] Group:0 Prob:0.99753 Alpha:0.00005
[MOE_TRACE] Group:0 Prob:0.99753 Alpha:0.00005
[MOE_TRACE] Group:1 Prob:0.49955 Alpha:0.00005[MOE_TRACE] Group:1 Prob:0.49955 Alpha:0.00005[MOE_TRACE] Group:1 Prob:0.49955 Alpha:0.00005


[MOE_TRACE] Group:0 Prob:0.99753 Alpha:0.00005
[MOE_TRACE] Group:1 Prob:0.49955 Alpha:0.00005
[MOE_TRACE] Group:0 Prob:0.99753 Alpha:0.00005
[MOE_TRACE] Group:1 Prob:0.49955 Alpha:0.00005
[MOE_TRACE] Group:0 Prob:0.99753 Alpha:0.00005
[MOE_TRACE] Group:1 Prob:0.49955 Alpha:0.00005
[MOE_TRACE] Group:0 Prob:0.99753 Alpha:0.00005
[MOE_TRACE] Group:1 Prob:0.49955 Alpha:0.00005
[MOE_TRACE] Group:0 Prob:0.99753 Alpha:0.00005
[MOE_TRACE] Group:1 Prob:0.49955 Alpha:0.00005
[MOE_TRACE] Group:0 Prob:0.99753 Alpha:0.00005
[MOE_TRACE] Group:1 Prob:0.49954 Alpha:0.00005
[MOE_TRACE] Group:0 Prob:0.99753 Alpha:0.00005
[MOE_TRACE] Group:1 Prob:0.49954 Alpha:0.00005
[MOE_TRACE] Group:0 Prob:0.99753 Alpha:0.00005
[MOE_TRACE] Group:1 Prob:0.49954 Alpha:0.00005
[MOE_TRACE] Group:0 Prob:0.99753 Alpha:0.00005
[MOE_TRACE] Group:1 Prob:0.49954 Alpha:0.00005
[MOE_TRACE] Group:0 Prob:0.99753 Alpha:0.00005
[MOE_TRACE] Group:1 Prob:0.49953 Alpha:0.00005
[MOE_TRACE] Group:0 Prob:0.99753 Alpha:0.00005
[MOE_TRACE] Group:1 Prob:0.49953 Alpha:0.00005
[MOE_TRACE] Group:0 Prob:0.99753 Alpha:0.00005
[MOE_TRACE] Group:1 Prob:0.49953 Alpha:0.00005
[MOE_TRACE] Group:0 Prob:0.99753 Alpha:0.00005
[MOE_TRACE] Group:1 Prob:0.49953 Alpha:0.00005
[MOE_TRACE] Group:0 Prob:0.99754 Alpha:0.00005
[MOE_TRACE] Group:1 Prob:0.49954 Alpha:0.00005
[MOE_TRACE] Group:0 Prob:0.99754 Alpha:0.00005
[MOE_TRACE] Group:1 Prob:0.49954 Alpha:0.00005
[MOE_TRACE] Group:0 Prob:0.99754 Alpha:0.00005
[MOE_TRACE] Group:1 Prob:0.49954 Alpha:0.00005
[MOE_TRACE] Group:0 Prob:0.99754 Alpha:0.00005
[MOE_TRACE] Group:1 Prob:0.49954 Alpha:0.00005
[MOE_TRACE] Group:0 Prob:0.99754 Alpha:0.00005
[MOE_TRACE] Group:1 Prob:0.49954 Alpha:0.00005
[MOE_TRACE] Group:0 Prob:0.99754 Alpha:0.00005
[MOE_TRACE] Group:1 Prob:0.49954 Alpha:0.00005
[MOE_TRACE] Group:0 Prob:0.99754 Alpha:0.00005
[MOE_TRACE] Group:1 Prob:0.49954 Alpha:0.00005
[MOE_TRACE] Group:0 Prob:0.99754 Alpha:0.00005
[MOE_TRACE] Group:1 Prob:0.49954 Alpha:0.00005
[MOE_TRACE] Group:0 Prob:0.99754 Alpha:0.00005[MOE_TRACE] Group:0 Prob:0.99754 Alpha:0.00005

[MOE_TRACE] Group:1 Prob:0.49954 Alpha:0.00005[MOE_TRACE] Group:1 Prob:0.49954 Alpha:0.00005

[MOE_TRACE] Group:0 Prob:0.99754 Alpha:0.00005
[MOE_TRACE] Group:1 Prob:0.49954 Alpha:0.00005
[MOE_TRACE] Group:0 Prob:0.99754 Alpha:0.00005
[MOE_TRACE] Group:1 Prob:0.49954 Alpha:0.00005
[MOE_TRACE] Group:0 Prob:0.99754 Alpha:0.00005[MOE_TRACE] Group:0 Prob:0.99754 Alpha:0.00005

[MOE_TRACE] Group:0 Prob:0.99754 Alpha:0.00005[MOE_TRACE] Group:1 Prob:0.49952 Alpha:0.00005

[MOE_TRACE] Group:1 Prob:0.49952 Alpha:0.00005
[MOE_TRACE] Group:1 Prob:0.49952 Alpha:0.00005
[MOE_TRACE] Group:0 Prob:0.99754 Alpha:0.00005
[MOE_TRACE] Group:1 Prob:0.49952 Alpha:0.00005
[MOE_TRACE] Group:0 Prob:0.99754 Alpha:0.00005
[MOE_TRACE] Group:1 Prob:0.49952 Alpha:0.00005
[MOE_TRACE] Group:0 Prob:0.99754 Alpha:0.00005
[MOE_TRACE] Group:1 Prob:0.49952 Alpha:0.00005
[MOE_TRACE] Group:0 Prob:0.99754 Alpha:0.00005
[MOE_TRACE] Group:1 Prob:0.49952 Alpha:0.00005
[MOE_TRACE] Group:0 Prob:0.99754 Alpha:0.00005
[MOE_TRACE] Group:1 Prob:0.49952 Alpha:0.00005
[MOE_TRACE] Group:0 Prob:0.99754 Alpha:0.00005
[MOE_TRACE] Group:1 Prob:0.49952 Alpha:0.00005
[MOE_TRACE] Group:0 Prob:0.99754 Alpha:0.00005
[MOE_TRACE] Group:1 Prob:0.49952 Alpha:0.00005
[MOE_TRACE] Group:0 Prob:0.99754 Alpha:0.00005
[MOE_TRACE] Group:1 Prob:0.49952 Alpha:0.00005
[MOE_TRACE] Group:0 Prob:0.99754 Alpha:0.00005
[MOE_TRACE] Group:1 Prob:0.49952 Alpha:0.00005
[MOE_TRACE] Group:0 Prob:0.99754 Alpha:0.00005
[MOE_TRACE] Group:1 Prob:0.49952 Alpha:0.00005
[MOE_TRACE] Group:0 Prob:0.99754 Alpha:0.00005
[MOE_TRACE] Group:1 Prob:0.49952 Alpha:0.00005
[MOE_TRACE] Group:0 Prob:0.99754 Alpha:0.00005
[MOE_TRACE] Group:1 Prob:0.49952 Alpha:0.00005
[MOE_TRACE] Group:0 Prob:0.99754 Alpha:0.00005
[MOE_TRACE] Group:1 Prob:0.49952 Alpha:0.00005
[MOE_TRACE] Group:0 Prob:0.99754 Alpha:0.00005
[MOE_TRACE] Group:1 Prob:0.49952 Alpha:0.00005
[MOE_TRACE] Group:0 Prob:0.99754 Alpha:0.00005
[MOE_TRACE] Group:1 Prob:0.49952 Alpha:0.00005
[MOE_TRACE] Group:0 Prob:0.99754 Alpha:0.00005
[MOE_TRACE] Group:1 Prob:0.49952 Alpha:0.00005
[MOE_TRACE] Group:0 Prob:0.99754 Alpha:0.00005
[MOE_TRACE] Group:1 Prob:0.49952 Alpha:0.00005
[MOE_TRACE] Group:0 Prob:0.99754 Alpha:0.00005
[MOE_TRACE] Group:1 Prob:0.49951 Alpha:0.00005
[MOE_TRACE] Group:0 Prob:0.99754 Alpha:0.00005
[MOE_TRACE] Group:0 Prob:0.99754 Alpha:0.00005
[MOE_TRACE] Group:1 Prob:0.49951 Alpha:0.00005
[MOE_TRACE] Group:1 Prob:0.49951 Alpha:0.00005
[MOE_TRACE] Group:0 Prob:0.99754 Alpha:0.00005
[MOE_TRACE] Group:1 Prob:0.49951 Alpha:0.00005
[MOE_TRACE] Group:0 Prob:0.99754 Alpha:0.00005
[MOE_TRACE] Group:1 Prob:0.49951 Alpha:0.00005
[MOE_TRACE] Group:0 Prob:0.99754 Alpha:0.00005
[MOE_TRACE] Group:1 Prob:0.49951 Alpha:0.00005
[MOE_TRACE] Group:0 Prob:0.99754 Alpha:0.00005
[MOE_TRACE] Group:1 Prob:0.49951 Alpha:0.00005
[MOE_TRACE] Group:0 Prob:0.99754 Alpha:0.00005
[MOE_TRACE] Group:1 Prob:0.49951 Alpha:0.00005
[MOE_TRACE] Group:0 Prob:0.99754 Alpha:0.00005
[MOE_TRACE] Group:1 Prob:0.49952 Alpha:0.00005
[MOE_TRACE] Group:0 Prob:0.99754 Alpha:0.00005
[MOE_TRACE] Group:1 Prob:0.49952 Alpha:0.00005
[MOE_TRACE] Group:0 Prob:0.99754 Alpha:0.00005
[MOE_TRACE] Group:1 Prob:0.49952 Alpha:0.00005
[MOE_TRACE] Group:0 Prob:0.99754 Alpha:0.00005
[MOE_TRACE] Group:1 Prob:0.49952 Alpha:0.00005
[MOE_TRACE] Group:0 Prob:0.99754 Alpha:0.00005
[MOE_TRACE] Group:1 Prob:0.49952 Alpha:0.00005
[MOE_TRACE] Group:0 Prob:0.99754 Alpha:0.00005
[MOE_TRACE] Group:1 Prob:0.49952 Alpha:0.00005
[MOE_TRACE] Group:0 Prob:0.99754 Alpha:0.00005
[MOE_TRACE] Group:1 Prob:0.49952 Alpha:0.00005
[MOE_TRACE] Group:0 Prob:0.99754 Alpha:0.00005
[MOE_TRACE] Group:1 Prob:0.49952 Alpha:0.00005
[MOE_TRACE] Group:0 Prob:0.99754 Alpha:0.00005
[MOE_TRACE] Group:1 Prob:0.49951 Alpha:0.00005
[MOE_TRACE] Group:0 Prob:0.99754 Alpha:0.00005[MOE_TRACE] Group:0 Prob:0.99754 Alpha:0.00005

[MOE_TRACE] Group:1 Prob:0.49951 Alpha:0.00005
[MOE_TRACE] Group:1 Prob:0.49951 Alpha:0.00005
[MOE_TRACE] Group:0 Prob:0.99754 Alpha:0.00005
[MOE_TRACE] Group:1 Prob:0.49951 Alpha:0.00005
[MOE_TRACE] Group:0 Prob:0.99754 Alpha:0.00005
[MOE_TRACE] Group:1 Prob:0.49950 Alpha:0.00005
[MOE_TRACE] Group:0 Prob:0.99754 Alpha:0.00005
[MOE_TRACE] Group:1 Prob:0.49950 Alpha:0.00005
[MOE_TRACE] Group:0 Prob:0.99754 Alpha:0.00005
[MOE_TRACE] Group:1 Prob:0.49950 Alpha:0.00005
[MOE_TRACE] Group:0 Prob:0.99754 Alpha:0.00005
[MOE_TRACE] Group:1 Prob:0.49950 Alpha:0.00005
[MOE_TRACE] Group:0 Prob:0.99754 Alpha:0.00005
[MOE_TRACE] Group:0 Prob:0.99754 Alpha:0.00005
[MOE_TRACE] Group:1 Prob:0.49950 Alpha:0.00005
[MOE_TRACE] Group:0 Prob:0.99754 Alpha:0.00005
[MOE_TRACE] Group:1 Prob:0.49950 Alpha:0.00005
[MOE_TRACE] Group:0 Prob:0.99754 Alpha:0.00005
[MOE_TRACE] Group:1 Prob:0.49950 Alpha:0.00005
[MOE_TRACE] Group:0 Prob:0.99754 Alpha:0.00005
[MOE_TRACE] Group:1 Prob:0.49950 Alpha:0.00005
[MOE_TRACE] Group:0 Prob:0.99754 Alpha:0.00005
[MOE_TRACE] Group:1 Prob:0.49950 Alpha:0.00005
[MOE_TRACE] Group:0 Prob:0.99754 Alpha:0.00005
[MOE_TRACE] Group:1 Prob:0.49950 Alpha:0.00005
[MOE_TRACE] Group:0 Prob:0.99754 Alpha:0.00005
[MOE_TRACE] Group:1 Prob:0.49950 Alpha:0.00005
[MOE_TRACE] Group:0 Prob:0.99754 Alpha:0.00005
[MOE_TRACE] Group:0 Prob:0.99754 Alpha:0.00005
[MOE_TRACE] Group:1 Prob:0.49951 Alpha:0.00005[MOE_TRACE] Group:1 Prob:0.49951 Alpha:0.00005

[MOE_TRACE] Group:0 Prob:0.99754 Alpha:0.00005
[MOE_TRACE] Group:1 Prob:0.49951 Alpha:0.00005
[MOE_TRACE] Group:0 Prob:0.99754 Alpha:0.00005
[MOE_TRACE] Group:1 Prob:0.49951 Alpha:0.00005
[MOE_TRACE] Group:0 Prob:0.99754 Alpha:0.00005
[MOE_TRACE] Group:1 Prob:0.49951 Alpha:0.00005
[MOE_TRACE] Group:0 Prob:0.99754 Alpha:0.00005
[MOE_TRACE] Group:1 Prob:0.49951 Alpha:0.00005
[MOE_TRACE] Group:0 Prob:0.99754 Alpha:0.00005
[MOE_TRACE] Group:1 Prob:0.49951 Alpha:0.00005
[MOE_TRACE] Group:0 Prob:0.99754 Alpha:0.00005
[MOE_TRACE] Group:1 Prob:0.49951 Alpha:0.00005
[MOE_TRACE] Group:0 Prob:0.99754 Alpha:0.00005
[MOE_TRACE] Group:1 Prob:0.49950 Alpha:0.00005
[MOE_TRACE] Group:0 Prob:0.99754 Alpha:0.00005
[MOE_TRACE] Group:1 Prob:0.49950 Alpha:0.00005
[MOE_TRACE] Group:0 Prob:0.99754 Alpha:0.00005
[MOE_TRACE] Group:1 Prob:0.49950 Alpha:0.00005
[MOE_TRACE] Group:0 Prob:0.99754 Alpha:0.00005
[MOE_TRACE] Group:1 Prob:0.49950 Alpha:0.00005
[MOE_TRACE] Group:0 Prob:0.99754 Alpha:0.00005[MOE_TRACE] Group:0 Prob:0.99754 Alpha:0.00005[MOE_TRACE] Group:0 Prob:0.99754 Alpha:0.00005


[MOE_TRACE] Group:0 Prob:0.99754 Alpha:0.00005
[MOE_TRACE] Group:1 Prob:0.49950 Alpha:0.00005
[MOE_TRACE] Group:0 Prob:0.99754 Alpha:0.00005
[MOE_TRACE] Group:1 Prob:0.49950 Alpha:0.00005
[MOE_TRACE] Group:0 Prob:0.99754 Alpha:0.00005
[MOE_TRACE] Group:1 Prob:0.49950 Alpha:0.00005
[MOE_TRACE] Group:0 Prob:0.99754 Alpha:0.00005
[MOE_TRACE] Group:1 Prob:0.49950 Alpha:0.00005
[MOE_TRACE] Group:0 Prob:0.99754 Alpha:0.00005
[MOE_TRACE] Group:1 Prob:0.49950 Alpha:0.00005
[MOE_TRACE] Group:0 Prob:0.99754 Alpha:0.00005
[MOE_TRACE] Group:1 Prob:0.49950 Alpha:0.00005
[MOE_TRACE] Group:0 Prob:0.99754 Alpha:0.00005
[MOE_TRACE] Group:1 Prob:0.49950 Alpha:0.00005
[MOE_TRACE] Group:0 Prob:0.99754 Alpha:0.00005
[MOE_TRACE] Group:0 Prob:0.99754 Alpha:0.00005
[MOE_TRACE] Group:1 Prob:0.49950 Alpha:0.00005
[MOE_TRACE] Group:1 Prob:0.49950 Alpha:0.00005
[MOE_TRACE] Group:0 Prob:0.99754 Alpha:0.00005
[MOE_TRACE] Group:1 Prob:0.49949 Alpha:0.00005
[MOE_TRACE] Group:0 Prob:0.99754 Alpha:0.00005
[MOE_TRACE] Group:1 Prob:0.49949 Alpha:0.00005
[MOE_TRACE] Group:0 Prob:0.99754 Alpha:0.00005
[MOE_TRACE] Group:1 Prob:0.49949 Alpha:0.00005
[MOE_TRACE] Group:0 Prob:0.99754 Alpha:0.00005
[MOE_TRACE] Group:1 Prob:0.49949 Alpha:0.00005
[MOE_TRACE] Group:0 Prob:0.99754 Alpha:0.00005
[MOE_TRACE] Group:1 Prob:0.49947 Alpha:0.00005
[MOE_TRACE] Group:0 Prob:0.99754 Alpha:0.00005
[MOE_TRACE] Group:1 Prob:0.49947 Alpha:0.00005
[MOE_TRACE] Group:0 Prob:0.99754 Alpha:0.00005
[MOE_TRACE] Group:1 Prob:0.49947 Alpha:0.00005
[MOE_TRACE] Group:0 Prob:0.99754 Alpha:0.00005
[MOE_TRACE] Group:1 Prob:0.49947 Alpha:0.00005
[MOE_TRACE] Group:0 Prob:0.99754 Alpha:0.00005
[MOE_TRACE] Group:1 Prob:0.49947 Alpha:0.00005
[MOE_TRACE] Group:0 Prob:0.99754 Alpha:0.00005
[MOE_TRACE] Group:1 Prob:0.49947 Alpha:0.00005
[MOE_TRACE] Group:0 Prob:0.99754 Alpha:0.00005
[MOE_TRACE] Group:1 Prob:0.49947 Alpha:0.00005
[MOE_TRACE] Group:0 Prob:0.99754 Alpha:0.00005
[MOE_TRACE] Group:1 Prob:0.49947 Alpha:0.00005
[MOE_TRACE] Group:0 Prob:0.99754 Alpha:0.00005
[MOE_TRACE] Group:1 Prob:0.49948 Alpha:0.00005
[MOE_TRACE] Group:0 Prob:0.99754 Alpha:0.00005
[MOE_TRACE] Group:1 Prob:0.49948 Alpha:0.00005
[MOE_TRACE] Group:0 Prob:0.99754 Alpha:0.00005
[MOE_TRACE] Group:1 Prob:0.49948 Alpha:0.00005
[MOE_TRACE] Group:0 Prob:0.99754 Alpha:0.00005
[MOE_TRACE] Group:1 Prob:0.49948 Alpha:0.00005
[MOE_TRACE] Group:0 Prob:0.99754 Alpha:0.00005
[MOE_TRACE] Group:0 Prob:0.99754 Alpha:0.00005
[MOE_TRACE] Group:1 Prob:0.49949 Alpha:0.00005
[MOE_TRACE] Group:1 Prob:0.49949 Alpha:0.00005
[MOE_TRACE] Group:0 Prob:0.99754 Alpha:0.00005
[MOE_TRACE] Group:1 Prob:0.49949 Alpha:0.00005
[MOE_TRACE] Group:0 Prob:0.99754 Alpha:0.00005
[MOE_TRACE] Group:1 Prob:0.49949 Alpha:0.00005
[MOE_TRACE] Group:1 Prob:0.49950 Alpha:0.00005
[MOE_TRACE] Group:0 Prob:0.99754 Alpha:0.00005
[MOE_TRACE] Group:1 Prob:0.49950 Alpha:0.00005
[MOE_TRACE] Group:0 Prob:0.99754 Alpha:0.00005
[MOE_TRACE] Group:1 Prob:0.49950 Alpha:0.00005
[MOE_TRACE] Group:0 Prob:0.99754 Alpha:0.00005
[MOE_TRACE] Group:1 Prob:0.49950 Alpha:0.00005
[MOE_TRACE] Group:0 Prob:0.99754 Alpha:0.00005
[MOE_TRACE] Group:0 Prob:0.99754 Alpha:0.00005
[MOE_TRACE] Group:1 Prob:0.49950 Alpha:0.00005
[MOE_TRACE] Group:1 Prob:0.49950 Alpha:0.00005
[MOE_TRACE] Group:0 Prob:0.99754 Alpha:0.00005
[MOE_TRACE] Group:1 Prob:0.49950 Alpha:0.00005
[MOE_TRACE] Group:0 Prob:0.99754 Alpha:0.00005
[MOE_TRACE] Group:1 Prob:0.49950 Alpha:0.00005
[MOE_TRACE] Group:0 Prob:0.99754 Alpha:0.00005
[MOE_TRACE] Group:1 Prob:0.49950 Alpha:0.00005
[MOE_TRACE] Group:0 Prob:0.99754 Alpha:0.00005
[MOE_TRACE] Group:1 Prob:0.49950 Alpha:0.00005
[MOE_TRACE] Group:0 Prob:0.99754 Alpha:0.00005
[MOE_TRACE] Group:1 Prob:0.49950 Alpha:0.00005
[MOE_TRACE] Group:0 Prob:0.99754 Alpha:0.00005
[MOE_TRACE] Group:1 Prob:0.49950 Alpha:0.00005
[MOE_TRACE] Group:0 Prob:0.99754 Alpha:0.00005
[MOE_TRACE] Group:1 Prob:0.49950 Alpha:0.00005
[MOE_TRACE] Group:0 Prob:0.99754 Alpha:0.00005
[MOE_TRACE] Group:1 Prob:0.49950 Alpha:0.00005
[MOE_TRACE] Group:0 Prob:0.99754 Alpha:0.00005
[MOE_TRACE] Group:1 Prob:0.49950 Alpha:0.00005
[MOE_TRACE] Group:0 Prob:0.99754 Alpha:0.00005
[MOE_TRACE] Group:1 Prob:0.49951 Alpha:0.00005
[MOE_TRACE] Group:0 Prob:0.99754 Alpha:0.00005
[MOE_TRACE] Group:1 Prob:0.49951 Alpha:0.00005
[MOE_TRACE] Group:0 Prob:0.99754 Alpha:0.00005
[MOE_TRACE] Group:1 Prob:0.49951 Alpha:0.00005
[MOE_TRACE] Group:0 Prob:0.99754 Alpha:0.00005
[MOE_TRACE] Group:1 Prob:0.49951 Alpha:0.00005
[MOE_TRACE] Group:0 Prob:0.99754 Alpha:0.00005
[MOE_TRACE] Group:1 Prob:0.49951 Alpha:0.00005
[MOE_TRACE] Group:0 Prob:0.99754 Alpha:0.00005
[MOE_TRACE] Group:1 Prob:0.49951 Alpha:0.00005
[MOE_TRACE] Group:0 Prob:0.99754 Alpha:0.00005
[MOE_TRACE] Group:1 Prob:0.49951 Alpha:0.00005
[MOE_TRACE] Group:0 Prob:0.99754 Alpha:0.00005
[MOE_TRACE] Group:1 Prob:0.49951 Alpha:0.00005
[MOE_TRACE] Group:0 Prob:0.99754 Alpha:0.00005
[MOE_TRACE] Group:1 Prob:0.49951 Alpha:0.00005
[MOE_TRACE] Group:0 Prob:0.99754 Alpha:0.00005
[MOE_TRACE] Group:1 Prob:0.49951 Alpha:0.00005
[MOE_TRACE] Group:0 Prob:0.99754 Alpha:0.00005
[MOE_TRACE] Group:1 Prob:0.49951 Alpha:0.00005
[MOE_TRACE] Group:0 Prob:0.99754 Alpha:0.00005
[MOE_TRACE] Group:1 Prob:0.49951 Alpha:0.00005
[MOE_TRACE] Group:0 Prob:0.99754 Alpha:0.00005
[MOE_TRACE] Group:1 Prob:0.49951 Alpha:0.00005
[MOE_TRACE] Group:0 Prob:0.99754 Alpha:0.00005
[MOE_TRACE] Group:1 Prob:0.49951 Alpha:0.00005
[MOE_TRACE] Group:0 Prob:0.99754 Alpha:0.00005
[MOE_TRACE] Group:1 Prob:0.49951 Alpha:0.00005
[MOE_TRACE] Group:0 Prob:0.99754 Alpha:0.00005
[MOE_TRACE] Group:1 Prob:0.49951 Alpha:0.00005
Epoch: 2 cost time: 32.02125120162964
Epoch: 2, Steps: 147 | Train Loss: 0.4975658 Vali Loss: 0.3147401 Test Loss: 3.9613526
Validation loss decreased (0.327162 --> 0.314740).  Saving model ...
Updating learning rate to 5e-05
[MOE_TRACE] Group:0 Prob:0.99754 Alpha:0.00005
[MOE_TRACE] Group:1 Prob:0.49951 Alpha:0.00005
[MOE_TRACE] Group:0 Prob:0.99754 Alpha:0.00005
[MOE_TRACE] Group:1 Prob:0.49951 Alpha:0.00005
[MOE_TRACE] Group:0 Prob:0.99754 Alpha:0.00005
[MOE_TRACE] Group:1 Prob:0.49951 Alpha:0.00005[MOE_TRACE] Group:0 Prob:0.99754 Alpha:0.00005

[MOE_TRACE] Group:1 Prob:0.49951 Alpha:0.00005
[MOE_TRACE] Group:0 Prob:0.99754 Alpha:0.00005
[MOE_TRACE] Group:1 Prob:0.49952 Alpha:0.00005
[MOE_TRACE] Group:0 Prob:0.99754 Alpha:0.00005
[MOE_TRACE] Group:1 Prob:0.49951 Alpha:0.00005
[MOE_TRACE] Group:0 Prob:0.99754 Alpha:0.00005
[MOE_TRACE] Group:0 Prob:0.99754 Alpha:0.00005
[MOE_TRACE] Group:1 Prob:0.49951 Alpha:0.00005
[MOE_TRACE] Group:1 Prob:0.49951 Alpha:0.00005
[MOE_TRACE] Group:0 Prob:0.99754 Alpha:0.00005
[MOE_TRACE] Group:1 Prob:0.49951 Alpha:0.00005
[MOE_TRACE] Group:0 Prob:0.99754 Alpha:0.00005
[MOE_TRACE] Group:1 Prob:0.49952 Alpha:0.00005
[MOE_TRACE] Group:0 Prob:0.99754 Alpha:0.00005
[MOE_TRACE] Group:1 Prob:0.49952 Alpha:0.00005
[MOE_TRACE] Group:0 Prob:0.99754 Alpha:0.00005
[MOE_TRACE] Group:1 Prob:0.49952 Alpha:0.00005
[MOE_TRACE] Group:0 Prob:0.99754 Alpha:0.00005
[MOE_TRACE] Group:1 Prob:0.49951 Alpha:0.00005
[MOE_TRACE] Group:0 Prob:0.99754 Alpha:0.00005
[MOE_TRACE] Group:1 Prob:0.49951 Alpha:0.00005
[MOE_TRACE] Group:0 Prob:0.99754 Alpha:0.00005
[MOE_TRACE] Group:1 Prob:0.49951 Alpha:0.00005
[MOE_TRACE] Group:0 Prob:0.99754 Alpha:0.00005
[MOE_TRACE] Group:1 Prob:0.49951 Alpha:0.00005
[MOE_TRACE] Group:0 Prob:0.99754 Alpha:0.00005
[MOE_TRACE] Group:1 Prob:0.49951 Alpha:0.00005
[MOE_TRACE] Group:0 Prob:0.99754 Alpha:0.00005
[MOE_TRACE] Group:1 Prob:0.49951 Alpha:0.00005
[MOE_TRACE] Group:0 Prob:0.99754 Alpha:0.00005
[MOE_TRACE] Group:1 Prob:0.49951 Alpha:0.00005
[MOE_TRACE] Group:0 Prob:0.99754 Alpha:0.00005
[MOE_TRACE] Group:1 Prob:0.49951 Alpha:0.00005
[MOE_TRACE] Group:0 Prob:0.99754 Alpha:0.00005
[MOE_TRACE] Group:1 Prob:0.49950 Alpha:0.00005
[MOE_TRACE] Group:0 Prob:0.99754 Alpha:0.00005
[MOE_TRACE] Group:1 Prob:0.49950 Alpha:0.00005
[MOE_TRACE] Group:0 Prob:0.99754 Alpha:0.00005
[MOE_TRACE] Group:1 Prob:0.49950 Alpha:0.00005
[MOE_TRACE] Group:0 Prob:0.99754 Alpha:0.00005
[MOE_TRACE] Group:1 Prob:0.49950 Alpha:0.00005
[MOE_TRACE] Group:0 Prob:0.99754 Alpha:0.00005
[MOE_TRACE] Group:1 Prob:0.49950 Alpha:0.00005
[MOE_TRACE] Group:0 Prob:0.99754 Alpha:0.00005
[MOE_TRACE] Group:1 Prob:0.49950 Alpha:0.00005
[MOE_TRACE] Group:0 Prob:0.99754 Alpha:0.00005
[MOE_TRACE] Group:1 Prob:0.49950 Alpha:0.00005
[MOE_TRACE] Group:0 Prob:0.99754 Alpha:0.00005
[MOE_TRACE] Group:1 Prob:0.49949 Alpha:0.00005
[MOE_TRACE] Group:0 Prob:0.99754 Alpha:0.00005
[MOE_TRACE] Group:1 Prob:0.49949 Alpha:0.00005
[MOE_TRACE] Group:0 Prob:0.99754 Alpha:0.00005
[MOE_TRACE] Group:1 Prob:0.49949 Alpha:0.00005
[MOE_TRACE] Group:0 Prob:0.99754 Alpha:0.00005
[MOE_TRACE] Group:1 Prob:0.49949 Alpha:0.00005
[MOE_TRACE] Group:1 Prob:0.49949 Alpha:0.00005
[MOE_TRACE] Group:1 Prob:0.49949 Alpha:0.00005
[MOE_TRACE] Group:0 Prob:0.99754 Alpha:0.00005
[MOE_TRACE] Group:1 Prob:0.49949 Alpha:0.00005
[MOE_TRACE] Group:0 Prob:0.99754 Alpha:0.00005
[MOE_TRACE] Group:1 Prob:0.49949 Alpha:0.00005
[MOE_TRACE] Group:0 Prob:0.99754 Alpha:0.00005[MOE_TRACE] Group:0 Prob:0.99754 Alpha:0.00005

[MOE_TRACE] Group:1 Prob:0.49949 Alpha:0.00005
[MOE_TRACE] Group:1 Prob:0.49949 Alpha:0.00005
[MOE_TRACE] Group:0 Prob:0.99754 Alpha:0.00005
[MOE_TRACE] Group:1 Prob:0.49949 Alpha:0.00005
[MOE_TRACE] Group:0 Prob:0.99754 Alpha:0.00005
[MOE_TRACE] Group:1 Prob:0.49949 Alpha:0.00005
[MOE_TRACE] Group:0 Prob:0.99754 Alpha:0.00005
[MOE_TRACE] Group:1 Prob:0.49949 Alpha:0.00005
[MOE_TRACE] Group:0 Prob:0.99754 Alpha:0.00005
[MOE_TRACE] Group:1 Prob:0.49949 Alpha:0.00005
[MOE_TRACE] Group:0 Prob:0.99754 Alpha:0.00005
[MOE_TRACE] Group:1 Prob:0.49949 Alpha:0.00005
[MOE_TRACE] Group:0 Prob:0.99754 Alpha:0.00005
[MOE_TRACE] Group:1 Prob:0.49949 Alpha:0.00005
[MOE_TRACE] Group:0 Prob:0.99754 Alpha:0.00005
[MOE_TRACE] Group:1 Prob:0.49949 Alpha:0.00005
[MOE_TRACE] Group:0 Prob:0.99754 Alpha:0.00005
[MOE_TRACE] Group:1 Prob:0.49948 Alpha:0.00005
[MOE_TRACE] Group:0 Prob:0.99754 Alpha:0.00005
[MOE_TRACE] Group:1 Prob:0.49948 Alpha:0.00005
[MOE_TRACE] Group:0 Prob:0.99754 Alpha:0.00005
[MOE_TRACE] Group:1 Prob:0.49948 Alpha:0.00005
[MOE_TRACE] Group:0 Prob:0.99754 Alpha:0.00005
[MOE_TRACE] Group:1 Prob:0.49949 Alpha:0.00005
[MOE_TRACE] Group:0 Prob:0.99754 Alpha:0.00005
[MOE_TRACE] Group:1 Prob:0.49949 Alpha:0.00005
[MOE_TRACE] Group:0 Prob:0.99754 Alpha:0.00005
[MOE_TRACE] Group:0 Prob:0.99754 Alpha:0.00005
[MOE_TRACE] Group:1 Prob:0.49949 Alpha:0.00005
[MOE_TRACE] Group:1 Prob:0.49949 Alpha:0.00005
[MOE_TRACE] Group:0 Prob:0.99754 Alpha:0.00005
[MOE_TRACE] Group:1 Prob:0.49949 Alpha:0.00005
[MOE_TRACE] Group:0 Prob:0.99754 Alpha:0.00005
[MOE_TRACE] Group:1 Prob:0.49949 Alpha:0.00005
[MOE_TRACE] Group:0 Prob:0.99754 Alpha:0.00005
[MOE_TRACE] Group:1 Prob:0.49949 Alpha:0.00005
[MOE_TRACE] Group:0 Prob:0.99754 Alpha:0.00005
[MOE_TRACE] Group:1 Prob:0.49949 Alpha:0.00005
[MOE_TRACE] Group:0 Prob:0.99754 Alpha:0.00005
[MOE_TRACE] Group:1 Prob:0.49949 Alpha:0.00005
[MOE_TRACE] Group:0 Prob:0.99754 Alpha:0.00005
[MOE_TRACE] Group:1 Prob:0.49949 Alpha:0.00005
[MOE_TRACE] Group:0 Prob:0.99754 Alpha:0.00005[MOE_TRACE] Group:0 Prob:0.99754 Alpha:0.00005

[MOE_TRACE] Group:1 Prob:0.49949 Alpha:0.00005
[MOE_TRACE] Group:1 Prob:0.49949 Alpha:0.00005
[MOE_TRACE] Group:0 Prob:0.99754 Alpha:0.00005
[MOE_TRACE] Group:1 Prob:0.49949 Alpha:0.00005
[MOE_TRACE] Group:0 Prob:0.99754 Alpha:0.00005
[MOE_TRACE] Group:1 Prob:0.49949 Alpha:0.00005
[MOE_TRACE] Group:0 Prob:0.99754 Alpha:0.00005
[MOE_TRACE] Group:1 Prob:0.49949 Alpha:0.00005
[MOE_TRACE] Group:0 Prob:0.99754 Alpha:0.00005
[MOE_TRACE] Group:1 Prob:0.49949 Alpha:0.00005
[MOE_TRACE] Group:0 Prob:0.99754 Alpha:0.00005
[MOE_TRACE] Group:1 Prob:0.49949 Alpha:0.00005
[MOE_TRACE] Group:0 Prob:0.99754 Alpha:0.00005
[MOE_TRACE] Group:1 Prob:0.49948 Alpha:0.00005
[MOE_TRACE] Group:0 Prob:0.99754 Alpha:0.00005
[MOE_TRACE] Group:1 Prob:0.49948 Alpha:0.00005
[MOE_TRACE] Group:0 Prob:0.99754 Alpha:0.00005
[MOE_TRACE] Group:1 Prob:0.49948 Alpha:0.00005
[MOE_TRACE] Group:0 Prob:0.99754 Alpha:0.00005
[MOE_TRACE] Group:1 Prob:0.49948 Alpha:0.00005
[MOE_TRACE] Group:0 Prob:0.99754 Alpha:0.00005
[MOE_TRACE] Group:1 Prob:0.49948 Alpha:0.00005
[MOE_TRACE] Group:0 Prob:0.99754 Alpha:0.00005
[MOE_TRACE] Group:1 Prob:0.49948 Alpha:0.00005
[MOE_TRACE] Group:0 Prob:0.99754 Alpha:0.00005
[MOE_TRACE] Group:1 Prob:0.49948 Alpha:0.00005
[MOE_TRACE] Group:0 Prob:0.99754 Alpha:0.00005
[MOE_TRACE] Group:1 Prob:0.49948 Alpha:0.00005
[MOE_TRACE] Group:0 Prob:0.99754 Alpha:0.00005
[MOE_TRACE] Group:1 Prob:0.49948 Alpha:0.00005
[MOE_TRACE] Group:0 Prob:0.99754 Alpha:0.00005
[MOE_TRACE] Group:1 Prob:0.49948 Alpha:0.00005
[MOE_TRACE] Group:0 Prob:0.99754 Alpha:0.00005
[MOE_TRACE] Group:1 Prob:0.49948 Alpha:0.00005
[MOE_TRACE] Group:1 Prob:0.49948 Alpha:0.00005
[MOE_TRACE] Group:0 Prob:0.99754 Alpha:0.00005
[MOE_TRACE] Group:1 Prob:0.49948 Alpha:0.00005
[MOE_TRACE] Group:0 Prob:0.99754 Alpha:0.00005
[MOE_TRACE] Group:1 Prob:0.49948 Alpha:0.00005
[MOE_TRACE] Group:0 Prob:0.99754 Alpha:0.00005
[MOE_TRACE] Group:1 Prob:0.49948 Alpha:0.00005
[MOE_TRACE] Group:0 Prob:0.99754 Alpha:0.00005
[MOE_TRACE] Group:1 Prob:0.49948 Alpha:0.00005
[MOE_TRACE] Group:0 Prob:0.99754 Alpha:0.00005
[MOE_TRACE] Group:1 Prob:0.49948 Alpha:0.00005
[MOE_TRACE] Group:0 Prob:0.99754 Alpha:0.00005
[MOE_TRACE] Group:1 Prob:0.49948 Alpha:0.00005
[MOE_TRACE] Group:0 Prob:0.99754 Alpha:0.00005
[MOE_TRACE] Group:1 Prob:0.49948 Alpha:0.00005
[MOE_TRACE] Group:0 Prob:0.99754 Alpha:0.00005
[MOE_TRACE] Group:0 Prob:0.99754 Alpha:0.00005
[MOE_TRACE] Group:1 Prob:0.49948 Alpha:0.00005
[MOE_TRACE] Group:1 Prob:0.49948 Alpha:0.00005
[MOE_TRACE] Group:0 Prob:0.99754 Alpha:0.00005
[MOE_TRACE] Group:1 Prob:0.49948 Alpha:0.00005
[MOE_TRACE] Group:0 Prob:0.99754 Alpha:0.00005
[MOE_TRACE] Group:1 Prob:0.49948 Alpha:0.00005
[MOE_TRACE] Group:0 Prob:0.99754 Alpha:0.00005
[MOE_TRACE] Group:1 Prob:0.49949 Alpha:0.00005
[MOE_TRACE] Group:0 Prob:0.99754 Alpha:0.00005
[MOE_TRACE] Group:1 Prob:0.49949 Alpha:0.00005
[MOE_TRACE] Group:0 Prob:0.99754 Alpha:0.00005
[MOE_TRACE] Group:1 Prob:0.49949 Alpha:0.00005
[MOE_TRACE] Group:0 Prob:0.99754 Alpha:0.00005
[MOE_TRACE] Group:1 Prob:0.49949 Alpha:0.00005
[MOE_TRACE] Group:0 Prob:0.99754 Alpha:0.00005
[MOE_TRACE] Group:0 Prob:0.99754 Alpha:0.00005
[MOE_TRACE] Group:1 Prob:0.49949 Alpha:0.00005
[MOE_TRACE] Group:0 Prob:0.99754 Alpha:0.00005
[MOE_TRACE] Group:1 Prob:0.49949 Alpha:0.00005
[MOE_TRACE] Group:0 Prob:0.99754 Alpha:0.00005
[MOE_TRACE] Group:1 Prob:0.49949 Alpha:0.00005
[MOE_TRACE] Group:0 Prob:0.99754 Alpha:0.00005
[MOE_TRACE] Group:1 Prob:0.49949 Alpha:0.00005
[MOE_TRACE] Group:0 Prob:0.99754 Alpha:0.00005
[MOE_TRACE] Group:1 Prob:0.49949 Alpha:0.00005
[MOE_TRACE] Group:0 Prob:0.99754 Alpha:0.00005
[MOE_TRACE] Group:1 Prob:0.49949 Alpha:0.00005
[MOE_TRACE] Group:0 Prob:0.99754 Alpha:0.00005
[MOE_TRACE] Group:1 Prob:0.49949 Alpha:0.00005
[MOE_TRACE] Group:0 Prob:0.99754 Alpha:0.00005
[MOE_TRACE] Group:1 Prob:0.49950 Alpha:0.00005
[MOE_TRACE] Group:0 Prob:0.99754 Alpha:0.00005
[MOE_TRACE] Group:1 Prob:0.49950 Alpha:0.00005
[MOE_TRACE] Group:0 Prob:0.99754 Alpha:0.00005
[MOE_TRACE] Group:1 Prob:0.49950 Alpha:0.00005
[MOE_TRACE] Group:0 Prob:0.99754 Alpha:0.00005
[MOE_TRACE] Group:1 Prob:0.49950 Alpha:0.00005
[MOE_TRACE] Group:0 Prob:0.99754 Alpha:0.00005
[MOE_TRACE] Group:1 Prob:0.49949 Alpha:0.00005
[MOE_TRACE] Group:0 Prob:0.99754 Alpha:0.00005
[MOE_TRACE] Group:1 Prob:0.49949 Alpha:0.00005
[MOE_TRACE] Group:0 Prob:0.99754 Alpha:0.00005
[MOE_TRACE] Group:1 Prob:0.49949 Alpha:0.00005
[MOE_TRACE] Group:0 Prob:0.99754 Alpha:0.00005
[MOE_TRACE] Group:1 Prob:0.49949 Alpha:0.00005
[MOE_TRACE] Group:0 Prob:0.99754 Alpha:0.00005
[MOE_TRACE] Group:1 Prob:0.49949 Alpha:0.00005
[MOE_TRACE] Group:0 Prob:0.99754 Alpha:0.00005
[MOE_TRACE] Group:1 Prob:0.49949 Alpha:0.00005
[MOE_TRACE] Group:0 Prob:0.99754 Alpha:0.00005
[MOE_TRACE] Group:1 Prob:0.49949 Alpha:0.00005
[MOE_TRACE] Group:0 Prob:0.99754 Alpha:0.00005
[MOE_TRACE] Group:1 Prob:0.49949 Alpha:0.00005
[MOE_TRACE] Group:0 Prob:0.99754 Alpha:0.00005
[MOE_TRACE] Group:1 Prob:0.49948 Alpha:0.00005
[MOE_TRACE] Group:0 Prob:0.99754 Alpha:0.00005
[MOE_TRACE] Group:1 Prob:0.49948 Alpha:0.00005
[MOE_TRACE] Group:0 Prob:0.99754 Alpha:0.00005
[MOE_TRACE] Group:1 Prob:0.49948 Alpha:0.00005
[MOE_TRACE] Group:0 Prob:0.99754 Alpha:0.00005
[MOE_TRACE] Group:1 Prob:0.49948 Alpha:0.00005
[MOE_TRACE] Group:0 Prob:0.99754 Alpha:0.00005
[MOE_TRACE] Group:1 Prob:0.49948 Alpha:0.00005
[MOE_TRACE] Group:0 Prob:0.99754 Alpha:0.00005
[MOE_TRACE] Group:1 Prob:0.49948 Alpha:0.00005
[MOE_TRACE] Group:0 Prob:0.99754 Alpha:0.00005
[MOE_TRACE] Group:1 Prob:0.49948 Alpha:0.00005
[MOE_TRACE] Group:0 Prob:0.99754 Alpha:0.00005
[MOE_TRACE] Group:1 Prob:0.49948 Alpha:0.00005
[MOE_TRACE] Group:0 Prob:0.99754 Alpha:0.00005
[MOE_TRACE] Group:1 Prob:0.49948 Alpha:0.00005
[MOE_TRACE] Group:0 Prob:0.99754 Alpha:0.00005
[MOE_TRACE] Group:1 Prob:0.49948 Alpha:0.00005
[MOE_TRACE] Group:0 Prob:0.99754 Alpha:0.00005
[MOE_TRACE] Group:1 Prob:0.49948 Alpha:0.00005
[MOE_TRACE] Group:0 Prob:0.99754 Alpha:0.00005
[MOE_TRACE] Group:1 Prob:0.49948 Alpha:0.00005
[MOE_TRACE] Group:0 Prob:0.99754 Alpha:0.00005
[MOE_TRACE] Group:1 Prob:0.49948 Alpha:0.00005
[MOE_TRACE] Group:0 Prob:0.99754 Alpha:0.00005
[MOE_TRACE] Group:1 Prob:0.49948 Alpha:0.00005
[MOE_TRACE] Group:0 Prob:0.99754 Alpha:0.00005
[MOE_TRACE] Group:1 Prob:0.49948 Alpha:0.00005
[MOE_TRACE] Group:0 Prob:0.99754 Alpha:0.00005
[MOE_TRACE] Group:1 Prob:0.49948 Alpha:0.00005
[MOE_TRACE] Group:0 Prob:0.99754 Alpha:0.00005
[MOE_TRACE] Group:1 Prob:0.49948 Alpha:0.00005
[MOE_TRACE] Group:0 Prob:0.99754 Alpha:0.00005
[MOE_TRACE] Group:1 Prob:0.49948 Alpha:0.00005
[MOE_TRACE] Group:0 Prob:0.99754 Alpha:0.00005
[MOE_TRACE] Group:1 Prob:0.49948 Alpha:0.00005
[MOE_TRACE] Group:0 Prob:0.99754 Alpha:0.00005
[MOE_TRACE] Group:1 Prob:0.49948 Alpha:0.00005
[MOE_TRACE] Group:0 Prob:0.99754 Alpha:0.00005
[MOE_TRACE] Group:1 Prob:0.49949 Alpha:0.00005
[MOE_TRACE] Group:0 Prob:0.99754 Alpha:0.00005
[MOE_TRACE] Group:1 Prob:0.49949 Alpha:0.00005
[MOE_TRACE] Group:0 Prob:0.99754 Alpha:0.00005
[MOE_TRACE] Group:1 Prob:0.49949 Alpha:0.00005
[MOE_TRACE] Group:0 Prob:0.99754 Alpha:0.00005
[MOE_TRACE] Group:1 Prob:0.49949 Alpha:0.00005
[MOE_TRACE] Group:0 Prob:0.99754 Alpha:0.00005
[MOE_TRACE] Group:1 Prob:0.49949 Alpha:0.00005
[MOE_TRACE] Group:0 Prob:0.99754 Alpha:0.00005
[MOE_TRACE] Group:1 Prob:0.49949 Alpha:0.00005
[MOE_TRACE] Group:0 Prob:0.99754 Alpha:0.00005
[MOE_TRACE] Group:1 Prob:0.49949 Alpha:0.00005
[MOE_TRACE] Group:0 Prob:0.99754 Alpha:0.00005
[MOE_TRACE] Group:1 Prob:0.49949 Alpha:0.00005
[MOE_TRACE] Group:0 Prob:0.99754 Alpha:0.00005
[MOE_TRACE] Group:1 Prob:0.49949 Alpha:0.00005
[MOE_TRACE] Group:0 Prob:0.99754 Alpha:0.00005
[MOE_TRACE] Group:1 Prob:0.49949 Alpha:0.00005
[MOE_TRACE] Group:0 Prob:0.99754 Alpha:0.00005
[MOE_TRACE] Group:1 Prob:0.49949 Alpha:0.00005
[MOE_TRACE] Group:0 Prob:0.99754 Alpha:0.00005
[MOE_TRACE] Group:1 Prob:0.49949 Alpha:0.00005
[MOE_TRACE] Group:0 Prob:0.99754 Alpha:0.00005
[MOE_TRACE] Group:1 Prob:0.49949 Alpha:0.00005
[MOE_TRACE] Group:0 Prob:0.99754 Alpha:0.00005
[MOE_TRACE] Group:1 Prob:0.49949 Alpha:0.00005
[MOE_TRACE] Group:0 Prob:0.99754 Alpha:0.00005
[MOE_TRACE] Group:1 Prob:0.49949 Alpha:0.00005
[MOE_TRACE] Group:0 Prob:0.99754 Alpha:0.00005
[MOE_TRACE] Group:1 Prob:0.49949 Alpha:0.00005
[MOE_TRACE] Group:0 Prob:0.99754 Alpha:0.00005
[MOE_TRACE] Group:1 Prob:0.49949 Alpha:0.00005
[MOE_TRACE] Group:0 Prob:0.99754 Alpha:0.00005
[MOE_TRACE] Group:1 Prob:0.49949 Alpha:0.00005
[MOE_TRACE] Group:0 Prob:0.99754 Alpha:0.00005
[MOE_TRACE] Group:1 Prob:0.49949 Alpha:0.00005
[MOE_TRACE] Group:0 Prob:0.99754 Alpha:0.00005
[MOE_TRACE] Group:1 Prob:0.49949 Alpha:0.00005
[MOE_TRACE] Group:0 Prob:0.99754 Alpha:0.00005
[MOE_TRACE] Group:1 Prob:0.49949 Alpha:0.00005
[MOE_TRACE] Group:0 Prob:0.99754 Alpha:0.00005
[MOE_TRACE] Group:1 Prob:0.49949 Alpha:0.00005
[MOE_TRACE] Group:0 Prob:0.99754 Alpha:0.00005
[MOE_TRACE] Group:1 Prob:0.49949 Alpha:0.00005
[MOE_TRACE] Group:0 Prob:0.99754 Alpha:0.00005
[MOE_TRACE] Group:1 Prob:0.49949 Alpha:0.00005
[MOE_TRACE] Group:0 Prob:0.99754 Alpha:0.00005
[MOE_TRACE] Group:1 Prob:0.49948 Alpha:0.00005
[MOE_TRACE] Group:0 Prob:0.99754 Alpha:0.00005
[MOE_TRACE] Group:0 Prob:0.99754 Alpha:0.00005
[MOE_TRACE] Group:1 Prob:0.49948 Alpha:0.00005
[MOE_TRACE] Group:1 Prob:0.49948 Alpha:0.00005
[MOE_TRACE] Group:0 Prob:0.99754 Alpha:0.00005
[MOE_TRACE] Group:1 Prob:0.49948 Alpha:0.00005
[MOE_TRACE] Group:0 Prob:0.99754 Alpha:0.00005
[MOE_TRACE] Group:1 Prob:0.49948 Alpha:0.00005
[MOE_TRACE] Group:0 Prob:0.99754 Alpha:0.00005
[MOE_TRACE] Group:1 Prob:0.49948 Alpha:0.00005
[MOE_TRACE] Group:0 Prob:0.99754 Alpha:0.00005
[MOE_TRACE] Group:1 Prob:0.49948 Alpha:0.00005
[MOE_TRACE] Group:0 Prob:0.99754 Alpha:0.00005
[MOE_TRACE] Group:1 Prob:0.49948 Alpha:0.00005
[MOE_TRACE] Group:0 Prob:0.99754 Alpha:0.00005
[MOE_TRACE] Group:1 Prob:0.49949 Alpha:0.00005
[MOE_TRACE] Group:0 Prob:0.99754 Alpha:0.00005
[MOE_TRACE] Group:1 Prob:0.49949 Alpha:0.00005
[MOE_TRACE] Group:0 Prob:0.99754 Alpha:0.00005
[MOE_TRACE] Group:1 Prob:0.49949 Alpha:0.00005
[MOE_TRACE] Group:0 Prob:0.99754 Alpha:0.00005
[MOE_TRACE] Group:1 Prob:0.49949 Alpha:0.00005
[MOE_TRACE] Group:0 Prob:0.99754 Alpha:0.00005
[MOE_TRACE] Group:1 Prob:0.49949 Alpha:0.00005
[MOE_TRACE] Group:0 Prob:0.99754 Alpha:0.00005
[MOE_TRACE] Group:1 Prob:0.49949 Alpha:0.00005
[MOE_TRACE] Group:0 Prob:0.99754 Alpha:0.00005
[MOE_TRACE] Group:1 Prob:0.49949 Alpha:0.00005
[MOE_TRACE] Group:0 Prob:0.99754 Alpha:0.00005
[MOE_TRACE] Group:1 Prob:0.49949 Alpha:0.00005
[MOE_TRACE] Group:0 Prob:0.99754 Alpha:0.00005
[MOE_TRACE] Group:1 Prob:0.49948 Alpha:0.00005
[MOE_TRACE] Group:0 Prob:0.99754 Alpha:0.00005
[MOE_TRACE] Group:1 Prob:0.49948 Alpha:0.00005
[MOE_TRACE] Group:0 Prob:0.99754 Alpha:0.00005
[MOE_TRACE] Group:1 Prob:0.49948 Alpha:0.00005
[MOE_TRACE] Group:0 Prob:0.99754 Alpha:0.00005
[MOE_TRACE] Group:1 Prob:0.49948 Alpha:0.00005
[MOE_TRACE] Group:0 Prob:0.99754 Alpha:0.00005
[MOE_TRACE] Group:0 Prob:0.99754 Alpha:0.00005
[MOE_TRACE] Group:1 Prob:0.49949 Alpha:0.00005
[MOE_TRACE] Group:0 Prob:0.99754 Alpha:0.00005
[MOE_TRACE] Group:1 Prob:0.49948 Alpha:0.00005
[MOE_TRACE] Group:0 Prob:0.99754 Alpha:0.00005
[MOE_TRACE] Group:1 Prob:0.49948 Alpha:0.00005
[MOE_TRACE] Group:0 Prob:0.99754 Alpha:0.00005
[MOE_TRACE] Group:0 Prob:0.99754 Alpha:0.00005
[MOE_TRACE] Group:1 Prob:0.49948 Alpha:0.00005
[MOE_TRACE] Group:1 Prob:0.49948 Alpha:0.00005
[MOE_TRACE] Group:0 Prob:0.99754 Alpha:0.00005
[MOE_TRACE] Group:1 Prob:0.49948 Alpha:0.00005
[MOE_TRACE] Group:0 Prob:0.99754 Alpha:0.00005
[MOE_TRACE] Group:1 Prob:0.49948 Alpha:0.00005
[MOE_TRACE] Group:0 Prob:0.99754 Alpha:0.00005
[MOE_TRACE] Group:1 Prob:0.49948 Alpha:0.00005
[MOE_TRACE] Group:0 Prob:0.99754 Alpha:0.00005
[MOE_TRACE] Group:1 Prob:0.49948 Alpha:0.00005
[MOE_TRACE] Group:0 Prob:0.99754 Alpha:0.00005
[MOE_TRACE] Group:1 Prob:0.49948 Alpha:0.00005
[MOE_TRACE] Group:0 Prob:0.99754 Alpha:0.00005
[MOE_TRACE] Group:1 Prob:0.49948 Alpha:0.00005
[MOE_TRACE] Group:0 Prob:0.99754 Alpha:0.00005
[MOE_TRACE] Group:1 Prob:0.49949 Alpha:0.00005
[MOE_TRACE] Group:0 Prob:0.99754 Alpha:0.00005
[MOE_TRACE] Group:0 Prob:0.99754 Alpha:0.00005[MOE_TRACE] Group:1 Prob:0.49949 Alpha:0.00005

[MOE_TRACE] Group:1 Prob:0.49949 Alpha:0.00005
[MOE_TRACE] Group:0 Prob:0.99754 Alpha:0.00005
[MOE_TRACE] Group:1 Prob:0.49949 Alpha:0.00005
[MOE_TRACE] Group:0 Prob:0.99754 Alpha:0.00005
[MOE_TRACE] Group:1 Prob:0.49949 Alpha:0.00005
[MOE_TRACE] Group:0 Prob:0.99754 Alpha:0.00005
[MOE_TRACE] Group:1 Prob:0.49949 Alpha:0.00005
[MOE_TRACE] Group:0 Prob:0.99754 Alpha:0.00005
[MOE_TRACE] Group:1 Prob:0.49949 Alpha:0.00005
[MOE_TRACE] Group:0 Prob:0.99754 Alpha:0.00005
[MOE_TRACE] Group:1 Prob:0.49949 Alpha:0.00005
[MOE_TRACE] Group:0 Prob:0.99754 Alpha:0.00005
[MOE_TRACE] Group:1 Prob:0.49949 Alpha:0.00005
[MOE_TRACE] Group:0 Prob:0.99754 Alpha:0.00005
[MOE_TRACE] Group:1 Prob:0.49949 Alpha:0.00005
[MOE_TRACE] Group:0 Prob:0.99754 Alpha:0.00005
[MOE_TRACE] Group:1 Prob:0.49949 Alpha:0.00005
[MOE_TRACE] Group:0 Prob:0.99754 Alpha:0.00005
[MOE_TRACE] Group:1 Prob:0.49949 Alpha:0.00005
[MOE_TRACE] Group:0 Prob:0.99754 Alpha:0.00005
[MOE_TRACE] Group:1 Prob:0.49948 Alpha:0.00005
[MOE_TRACE] Group:0 Prob:0.99754 Alpha:0.00005
[MOE_TRACE] Group:0 Prob:0.99754 Alpha:0.00005
[MOE_TRACE] Group:1 Prob:0.49948 Alpha:0.00005
[MOE_TRACE] Group:1 Prob:0.49948 Alpha:0.00005
[MOE_TRACE] Group:0 Prob:0.99754 Alpha:0.00005
[MOE_TRACE] Group:1 Prob:0.49948 Alpha:0.00005
[MOE_TRACE] Group:0 Prob:0.99754 Alpha:0.00005
[MOE_TRACE] Group:1 Prob:0.49948 Alpha:0.00005
[MOE_TRACE] Group:0 Prob:0.99754 Alpha:0.00005
[MOE_TRACE] Group:1 Prob:0.49948 Alpha:0.00005
[MOE_TRACE] Group:0 Prob:0.99754 Alpha:0.00005
[MOE_TRACE] Group:1 Prob:0.49948 Alpha:0.00005
[MOE_TRACE] Group:0 Prob:0.99754 Alpha:0.00005
[MOE_TRACE] Group:1 Prob:0.49948 Alpha:0.00005
[MOE_TRACE] Group:0 Prob:0.99754 Alpha:0.00005
[MOE_TRACE] Group:1 Prob:0.49948 Alpha:0.00005
[MOE_TRACE] Group:0 Prob:0.99754 Alpha:0.00005
[MOE_TRACE] Group:1 Prob:0.49949 Alpha:0.00005
[MOE_TRACE] Group:0 Prob:0.99754 Alpha:0.00005
[MOE_TRACE] Group:1 Prob:0.49949 Alpha:0.00005
[MOE_TRACE] Group:0 Prob:0.99754 Alpha:0.00005
[MOE_TRACE] Group:1 Prob:0.49949 Alpha:0.00005
[MOE_TRACE] Group:0 Prob:0.99754 Alpha:0.00005
[MOE_TRACE] Group:1 Prob:0.49949 Alpha:0.00005
[MOE_TRACE] Group:0 Prob:0.99754 Alpha:0.00005
[MOE_TRACE] Group:1 Prob:0.49949 Alpha:0.00005
[MOE_TRACE] Group:0 Prob:0.99754 Alpha:0.00005
[MOE_TRACE] Group:1 Prob:0.49949 Alpha:0.00005
[MOE_TRACE] Group:0 Prob:0.99754 Alpha:0.00005
[MOE_TRACE] Group:1 Prob:0.49949 Alpha:0.00005
[MOE_TRACE] Group:0 Prob:0.99754 Alpha:0.00005
[MOE_TRACE] Group:1 Prob:0.49949 Alpha:0.00005
[MOE_TRACE] Group:0 Prob:0.99754 Alpha:0.00005
[MOE_TRACE] Group:1 Prob:0.49949 Alpha:0.00005
[MOE_TRACE] Group:0 Prob:0.99754 Alpha:0.00005
[MOE_TRACE] Group:1 Prob:0.49949 Alpha:0.00005
[MOE_TRACE] Group:0 Prob:0.99754 Alpha:0.00005
[MOE_TRACE] Group:1 Prob:0.49948 Alpha:0.00005
[MOE_TRACE] Group:0 Prob:0.99754 Alpha:0.00005
[MOE_TRACE] Group:1 Prob:0.49948 Alpha:0.00005
[MOE_TRACE] Group:0 Prob:0.99754 Alpha:0.00005
[MOE_TRACE] Group:1 Prob:0.49948 Alpha:0.00005
[MOE_TRACE] Group:0 Prob:0.99754 Alpha:0.00005
[MOE_TRACE] Group:1 Prob:0.49948 Alpha:0.00005
[MOE_TRACE] Group:0 Prob:0.99754 Alpha:0.00005
[MOE_TRACE] Group:1 Prob:0.49948 Alpha:0.00005
[MOE_TRACE] Group:0 Prob:0.99754 Alpha:0.00005
[MOE_TRACE] Group:1 Prob:0.49948 Alpha:0.00005
[MOE_TRACE] Group:0 Prob:0.99754 Alpha:0.00005
[MOE_TRACE] Group:1 Prob:0.49948 Alpha:0.00005
[MOE_TRACE] Group:0 Prob:0.99754 Alpha:0.00005
[MOE_TRACE] Group:1 Prob:0.49948 Alpha:0.00005
[MOE_TRACE] Group:0 Prob:0.99754 Alpha:0.00005
[MOE_TRACE] Group:1 Prob:0.49948 Alpha:0.00005
[MOE_TRACE] Group:0 Prob:0.99754 Alpha:0.00005
[MOE_TRACE] Group:1 Prob:0.49948 Alpha:0.00005
[MOE_TRACE] Group:0 Prob:0.99754 Alpha:0.00005
[MOE_TRACE] Group:1 Prob:0.49948 Alpha:0.00005
[MOE_TRACE] Group:0 Prob:0.99754 Alpha:0.00005
[MOE_TRACE] Group:1 Prob:0.49948 Alpha:0.00005
[MOE_TRACE] Group:0 Prob:0.99754 Alpha:0.00005
[MOE_TRACE] Group:1 Prob:0.49947 Alpha:0.00005
[MOE_TRACE] Group:0 Prob:0.99754 Alpha:0.00005
[MOE_TRACE] Group:0 Prob:0.99754 Alpha:0.00005[MOE_TRACE] Group:1 Prob:0.49947 Alpha:0.00005

[MOE_TRACE] Group:1 Prob:0.49947 Alpha:0.00005
[MOE_TRACE] Group:0 Prob:0.99754 Alpha:0.00005
[MOE_TRACE] Group:1 Prob:0.49947 Alpha:0.00005
[MOE_TRACE] Group:0 Prob:0.99754 Alpha:0.00005
[MOE_TRACE] Group:1 Prob:0.49946 Alpha:0.00005
[MOE_TRACE] Group:0 Prob:0.99754 Alpha:0.00005
[MOE_TRACE] Group:1 Prob:0.49946 Alpha:0.00005
[MOE_TRACE] Group:0 Prob:0.99754 Alpha:0.00005
[MOE_TRACE] Group:1 Prob:0.49946 Alpha:0.00005
[MOE_TRACE] Group:0 Prob:0.99754 Alpha:0.00005
[MOE_TRACE] Group:1 Prob:0.49946 Alpha:0.00005
[MOE_TRACE] Group:0 Prob:0.99754 Alpha:0.00005
[MOE_TRACE] Group:1 Prob:0.49946 Alpha:0.00005
[MOE_TRACE] Group:0 Prob:0.99754 Alpha:0.00005
[MOE_TRACE] Group:1 Prob:0.49946 Alpha:0.00005
[MOE_TRACE] Group:0 Prob:0.99754 Alpha:0.00005
[MOE_TRACE] Group:1 Prob:0.49946 Alpha:0.00005
[MOE_TRACE] Group:0 Prob:0.99754 Alpha:0.00005
[MOE_TRACE] Group:1 Prob:0.49946 Alpha:0.00005
[MOE_TRACE] Group:0 Prob:0.99754 Alpha:0.00005
[MOE_TRACE] Group:1 Prob:0.49946 Alpha:0.00005
[MOE_TRACE] Group:0 Prob:0.99754 Alpha:0.00005
[MOE_TRACE] Group:0 Prob:0.99754 Alpha:0.00005
[MOE_TRACE] Group:1 Prob:0.49946 Alpha:0.00005
[MOE_TRACE] Group:1 Prob:0.49946 Alpha:0.00005
[MOE_TRACE] Group:0 Prob:0.99754 Alpha:0.00005
[MOE_TRACE] Group:1 Prob:0.49946 Alpha:0.00005
[MOE_TRACE] Group:0 Prob:0.99754 Alpha:0.00005
[MOE_TRACE] Group:1 Prob:0.49946 Alpha:0.00005
[MOE_TRACE] Group:0 Prob:0.99754 Alpha:0.00005
[MOE_TRACE] Group:1 Prob:0.49946 Alpha:0.00005
[MOE_TRACE] Group:0 Prob:0.99754 Alpha:0.00005
[MOE_TRACE] Group:1 Prob:0.49946 Alpha:0.00005
[MOE_TRACE] Group:0 Prob:0.99754 Alpha:0.00005
[MOE_TRACE] Group:1 Prob:0.49946 Alpha:0.00005
[MOE_TRACE] Group:0 Prob:0.99754 Alpha:0.00005
[MOE_TRACE] Group:1 Prob:0.49946 Alpha:0.00005
[MOE_TRACE] Group:0 Prob:0.99754 Alpha:0.00005
[MOE_TRACE] Group:1 Prob:0.49946 Alpha:0.00005
[MOE_TRACE] Group:0 Prob:0.99754 Alpha:0.00005
[MOE_TRACE] Group:1 Prob:0.49946 Alpha:0.00005
[MOE_TRACE] Group:0 Prob:0.99754 Alpha:0.00005
[MOE_TRACE] Group:1 Prob:0.49946 Alpha:0.00005
[MOE_TRACE] Group:0 Prob:0.99754 Alpha:0.00005
[MOE_TRACE] Group:0 Prob:0.99754 Alpha:0.00005
[MOE_TRACE] Group:1 Prob:0.49946 Alpha:0.00005
[MOE_TRACE] Group:0 Prob:0.99754 Alpha:0.00005
[MOE_TRACE] Group:1 Prob:0.49946 Alpha:0.00005
[MOE_TRACE] Group:0 Prob:0.99754 Alpha:0.00005
[MOE_TRACE] Group:1 Prob:0.49946 Alpha:0.00005
[MOE_TRACE] Group:0 Prob:0.99754 Alpha:0.00005
[MOE_TRACE] Group:1 Prob:0.49945 Alpha:0.00005
[MOE_TRACE] Group:0 Prob:0.99754 Alpha:0.00005
[MOE_TRACE] Group:1 Prob:0.49945 Alpha:0.00005
[MOE_TRACE] Group:0 Prob:0.99754 Alpha:0.00005
[MOE_TRACE] Group:1 Prob:0.49945 Alpha:0.00005
[MOE_TRACE] Group:0 Prob:0.99754 Alpha:0.00005
[MOE_TRACE] Group:1 Prob:0.49945 Alpha:0.00005
[MOE_TRACE] Group:0 Prob:0.99754 Alpha:0.00005
[MOE_TRACE] Group:1 Prob:0.49945 Alpha:0.00005
[MOE_TRACE] Group:0 Prob:0.99754 Alpha:0.00005
[MOE_TRACE] Group:1 Prob:0.49945 Alpha:0.00005
[MOE_TRACE] Group:0 Prob:0.99754 Alpha:0.00005
[MOE_TRACE] Group:1 Prob:0.49945 Alpha:0.00005
[MOE_TRACE] Group:0 Prob:0.99754 Alpha:0.00005
[MOE_TRACE] Group:1 Prob:0.49945 Alpha:0.00005
[MOE_TRACE] Group:0 Prob:0.99754 Alpha:0.00005
[MOE_TRACE] Group:1 Prob:0.49945 Alpha:0.00005
[MOE_TRACE] Group:0 Prob:0.99754 Alpha:0.00005
[MOE_TRACE] Group:0 Prob:0.99754 Alpha:0.00005[MOE_TRACE] Group:1 Prob:0.49945 Alpha:0.00005

[MOE_TRACE] Group:1 Prob:0.49945 Alpha:0.00005
[MOE_TRACE] Group:0 Prob:0.99754 Alpha:0.00005
[MOE_TRACE] Group:1 Prob:0.49945 Alpha:0.00005
[MOE_TRACE] Group:0 Prob:0.99754 Alpha:0.00005
[MOE_TRACE] Group:0 Prob:0.99754 Alpha:0.00005
[MOE_TRACE] Group:1 Prob:0.49945 Alpha:0.00005
[MOE_TRACE] Group:1 Prob:0.49945 Alpha:0.00005
[MOE_TRACE] Group:0 Prob:0.99754 Alpha:0.00005
[MOE_TRACE] Group:1 Prob:0.49945 Alpha:0.00005
[MOE_TRACE] Group:0 Prob:0.99754 Alpha:0.00005
[MOE_TRACE] Group:1 Prob:0.49945 Alpha:0.00005
[MOE_TRACE] Group:0 Prob:0.99754 Alpha:0.00005
[MOE_TRACE] Group:1 Prob:0.49946 Alpha:0.00005
[MOE_TRACE] Group:0 Prob:0.99754 Alpha:0.00005
[MOE_TRACE] Group:1 Prob:0.49946 Alpha:0.00005
[MOE_TRACE] Group:0 Prob:0.99754 Alpha:0.00005
[MOE_TRACE] Group:1 Prob:0.49946 Alpha:0.00005
[MOE_TRACE] Group:0 Prob:0.99754 Alpha:0.00005
[MOE_TRACE] Group:1 Prob:0.49946 Alpha:0.00005
[MOE_TRACE] Group:0 Prob:0.99754 Alpha:0.00005
[MOE_TRACE] Group:1 Prob:0.49945 Alpha:0.00005
[MOE_TRACE] Group:0 Prob:0.99754 Alpha:0.00005
[MOE_TRACE] Group:1 Prob:0.49945 Alpha:0.00005
[MOE_TRACE] Group:0 Prob:0.99754 Alpha:0.00005
[MOE_TRACE] Group:1 Prob:0.49945 Alpha:0.00005
[MOE_TRACE] Group:0 Prob:0.99754 Alpha:0.00005
[MOE_TRACE] Group:1 Prob:0.49945 Alpha:0.00005
[MOE_TRACE] Group:0 Prob:0.99754 Alpha:0.00005
[MOE_TRACE] Group:1 Prob:0.49945 Alpha:0.00005
[MOE_TRACE] Group:0 Prob:0.99754 Alpha:0.00005
[MOE_TRACE] Group:1 Prob:0.49945 Alpha:0.00005
[MOE_TRACE] Group:0 Prob:0.99754 Alpha:0.00005
[MOE_TRACE] Group:1 Prob:0.49945 Alpha:0.00005
[MOE_TRACE] Group:0 Prob:0.99754 Alpha:0.00005
[MOE_TRACE] Group:1 Prob:0.49945 Alpha:0.00005
[MOE_TRACE] Group:0 Prob:0.99754 Alpha:0.00005
[MOE_TRACE] Group:1 Prob:0.49946 Alpha:0.00005
[MOE_TRACE] Group:0 Prob:0.99754 Alpha:0.00005
[MOE_TRACE] Group:1 Prob:0.49946 Alpha:0.00005
[MOE_TRACE] Group:0 Prob:0.99754 Alpha:0.00005
[MOE_TRACE] Group:1 Prob:0.49946 Alpha:0.00005
[MOE_TRACE] Group:0 Prob:0.99754 Alpha:0.00005
[MOE_TRACE] Group:1 Prob:0.49946 Alpha:0.00005
[MOE_TRACE] Group:0 Prob:0.99754 Alpha:0.00005
[MOE_TRACE] Group:0 Prob:0.99754 Alpha:0.00005
[MOE_TRACE] Group:1 Prob:0.49946 Alpha:0.00005
[MOE_TRACE] Group:0 Prob:0.99754 Alpha:0.00005
[MOE_TRACE] Group:1 Prob:0.49946 Alpha:0.00005
[MOE_TRACE] Group:0 Prob:0.99754 Alpha:0.00005
[MOE_TRACE] Group:1 Prob:0.49947 Alpha:0.00005
[MOE_TRACE] Group:0 Prob:0.99754 Alpha:0.00005
[MOE_TRACE] Group:1 Prob:0.49947 Alpha:0.00005
[MOE_TRACE] Group:0 Prob:0.99754 Alpha:0.00005
[MOE_TRACE] Group:1 Prob:0.49947 Alpha:0.00005
[MOE_TRACE] Group:0 Prob:0.99754 Alpha:0.00005
[MOE_TRACE] Group:1 Prob:0.49947 Alpha:0.00005
[MOE_TRACE] Group:0 Prob:0.99754 Alpha:0.00005
[MOE_TRACE] Group:1 Prob:0.49948 Alpha:0.00005
[MOE_TRACE] Group:0 Prob:0.99754 Alpha:0.00005
[MOE_TRACE] Group:1 Prob:0.49948 Alpha:0.00005
[MOE_TRACE] Group:0 Prob:0.99754 Alpha:0.00005
[MOE_TRACE] Group:1 Prob:0.49948 Alpha:0.00005
[MOE_TRACE] Group:0 Prob:0.99754 Alpha:0.00005
[MOE_TRACE] Group:1 Prob:0.49948 Alpha:0.00005
[MOE_TRACE] Group:0 Prob:0.99754 Alpha:0.00005
[MOE_TRACE] Group:0 Prob:0.99754 Alpha:0.00005
[MOE_TRACE] Group:1 Prob:0.49947 Alpha:0.00005
[MOE_TRACE] Group:1 Prob:0.49947 Alpha:0.00005
[MOE_TRACE] Group:0 Prob:0.99754 Alpha:0.00005
[MOE_TRACE] Group:1 Prob:0.49947 Alpha:0.00005
[MOE_TRACE] Group:0 Prob:0.99754 Alpha:0.00005
[MOE_TRACE] Group:1 Prob:0.49947 Alpha:0.00005
[MOE_TRACE] Group:0 Prob:0.99754 Alpha:0.00005
[MOE_TRACE] Group:1 Prob:0.49947 Alpha:0.00005
[MOE_TRACE] Group:1 Prob:0.49947 Alpha:0.00005
[MOE_TRACE] Group:0 Prob:0.99754 Alpha:0.00005
[MOE_TRACE] Group:1 Prob:0.49947 Alpha:0.00005
[MOE_TRACE] Group:0 Prob:0.99754 Alpha:0.00005
[MOE_TRACE] Group:1 Prob:0.49947 Alpha:0.00005
[MOE_TRACE] Group:0 Prob:0.99754 Alpha:0.00005
[MOE_TRACE] Group:1 Prob:0.49946 Alpha:0.00005
[MOE_TRACE] Group:0 Prob:0.99754 Alpha:0.00005
[MOE_TRACE] Group:1 Prob:0.49946 Alpha:0.00005
[MOE_TRACE] Group:0 Prob:0.99754 Alpha:0.00005
[MOE_TRACE] Group:1 Prob:0.49946 Alpha:0.00005
[MOE_TRACE] Group:0 Prob:0.99754 Alpha:0.00005
[MOE_TRACE] Group:1 Prob:0.49946 Alpha:0.00005
[MOE_TRACE] Group:0 Prob:0.99754 Alpha:0.00005
[MOE_TRACE] Group:1 Prob:0.49945 Alpha:0.00005
[MOE_TRACE] Group:0 Prob:0.99754 Alpha:0.00005
[MOE_TRACE] Group:1 Prob:0.49945 Alpha:0.00005
[MOE_TRACE] Group:0 Prob:0.99754 Alpha:0.00005
[MOE_TRACE] Group:1 Prob:0.49945 Alpha:0.00005
[MOE_TRACE] Group:0 Prob:0.99754 Alpha:0.00005
[MOE_TRACE] Group:1 Prob:0.49945 Alpha:0.00005
[MOE_TRACE] Group:0 Prob:0.99754 Alpha:0.00005
[MOE_TRACE] Group:1 Prob:0.49945 Alpha:0.00005
[MOE_TRACE] Group:0 Prob:0.99754 Alpha:0.00005
[MOE_TRACE] Group:1 Prob:0.49945 Alpha:0.00005
[MOE_TRACE] Group:0 Prob:0.99754 Alpha:0.00005
[MOE_TRACE] Group:1 Prob:0.49945 Alpha:0.00005
[MOE_TRACE] Group:0 Prob:0.99754 Alpha:0.00005
[MOE_TRACE] Group:1 Prob:0.49945 Alpha:0.00005
[MOE_TRACE] Group:0 Prob:0.99754 Alpha:0.00005
[MOE_TRACE] Group:1 Prob:0.49946 Alpha:0.00005
[MOE_TRACE] Group:0 Prob:0.99754 Alpha:0.00005
[MOE_TRACE] Group:1 Prob:0.49946 Alpha:0.00005
[MOE_TRACE] Group:0 Prob:0.99754 Alpha:0.00005
[MOE_TRACE] Group:1 Prob:0.49946 Alpha:0.00005
[MOE_TRACE] Group:0 Prob:0.99754 Alpha:0.00005
[MOE_TRACE] Group:1 Prob:0.49946 Alpha:0.00005
[MOE_TRACE] Group:0 Prob:0.99754 Alpha:0.00005
[MOE_TRACE] Group:1 Prob:0.49946 Alpha:0.00005
[MOE_TRACE] Group:0 Prob:0.99754 Alpha:0.00005
[MOE_TRACE] Group:1 Prob:0.49946 Alpha:0.00005
[MOE_TRACE] Group:0 Prob:0.99754 Alpha:0.00005
[MOE_TRACE] Group:1 Prob:0.49946 Alpha:0.00005
[MOE_TRACE] Group:0 Prob:0.99754 Alpha:0.00005
[MOE_TRACE] Group:1 Prob:0.49946 Alpha:0.00005
[MOE_TRACE] Group:0 Prob:0.99754 Alpha:0.00005
[MOE_TRACE] Group:0 Prob:0.99754 Alpha:0.00005
[MOE_TRACE] Group:1 Prob:0.49946 Alpha:0.00005
[MOE_TRACE] Group:1 Prob:0.49946 Alpha:0.00005
[MOE_TRACE] Group:0 Prob:0.99754 Alpha:0.00005
[MOE_TRACE] Group:1 Prob:0.49946 Alpha:0.00005
[MOE_TRACE] Group:0 Prob:0.99754 Alpha:0.00005
[MOE_TRACE] Group:1 Prob:0.49946 Alpha:0.00005
[MOE_TRACE] Group:0 Prob:0.99754 Alpha:0.00005
[MOE_TRACE] Group:0 Prob:0.99754 Alpha:0.00005
[MOE_TRACE] Group:1 Prob:0.49946 Alpha:0.00005[MOE_TRACE] Group:1 Prob:0.49946 Alpha:0.00005

[MOE_TRACE] Group:0 Prob:0.99754 Alpha:0.00005
[MOE_TRACE] Group:1 Prob:0.49946 Alpha:0.00005
[MOE_TRACE] Group:0 Prob:0.99754 Alpha:0.00005
[MOE_TRACE] Group:1 Prob:0.49946 Alpha:0.00005
[MOE_TRACE] Group:0 Prob:0.99754 Alpha:0.00005
[MOE_TRACE] Group:0 Prob:0.99754 Alpha:0.00005
[MOE_TRACE] Group:1 Prob:0.49946 Alpha:0.00005
[MOE_TRACE] Group:0 Prob:0.99754 Alpha:0.00005[MOE_TRACE] Group:0 Prob:0.99754 Alpha:0.00005

[MOE_TRACE] Group:1 Prob:0.49946 Alpha:0.00005[MOE_TRACE] Group:1 Prob:0.49946 Alpha:0.00005

[MOE_TRACE] Group:1 Prob:0.49946 Alpha:0.00005
[MOE_TRACE] Group:0 Prob:0.99754 Alpha:0.00005
[MOE_TRACE] Group:1 Prob:0.49946 Alpha:0.00005
[MOE_TRACE] Group:0 Prob:0.99754 Alpha:0.00005
[MOE_TRACE] Group:1 Prob:0.49946 Alpha:0.00005
[MOE_TRACE] Group:0 Prob:0.99754 Alpha:0.00005
[MOE_TRACE] Group:1 Prob:0.49946 Alpha:0.00005
[MOE_TRACE] Group:0 Prob:0.99754 Alpha:0.00005
[MOE_TRACE] Group:1 Prob:0.49946 Alpha:0.00005
[MOE_TRACE] Group:0 Prob:0.99754 Alpha:0.00005
[MOE_TRACE] Group:1 Prob:0.49946 Alpha:0.00005
[MOE_TRACE] Group:0 Prob:0.99754 Alpha:0.00005
[MOE_TRACE] Group:1 Prob:0.49946 Alpha:0.00005
[MOE_TRACE] Group:0 Prob:0.99754 Alpha:0.00005
[MOE_TRACE] Group:1 Prob:0.49946 Alpha:0.00005
[MOE_TRACE] Group:0 Prob:0.99754 Alpha:0.00005
[MOE_TRACE] Group:1 Prob:0.49945 Alpha:0.00005
[MOE_TRACE] Group:0 Prob:0.99754 Alpha:0.00005
[MOE_TRACE] Group:1 Prob:0.49945 Alpha:0.00005
[MOE_TRACE] Group:0 Prob:0.99754 Alpha:0.00005
[MOE_TRACE] Group:1 Prob:0.49945 Alpha:0.00005
[MOE_TRACE] Group:0 Prob:0.99754 Alpha:0.00005
[MOE_TRACE] Group:1 Prob:0.49945 Alpha:0.00005
[MOE_TRACE] Group:0 Prob:0.99754 Alpha:0.00005
[MOE_TRACE] Group:1 Prob:0.49944 Alpha:0.00005
[MOE_TRACE] Group:0 Prob:0.99754 Alpha:0.00005
[MOE_TRACE] Group:1 Prob:0.49944 Alpha:0.00005
[MOE_TRACE] Group:0 Prob:0.99754 Alpha:0.00005
[MOE_TRACE] Group:1 Prob:0.49944 Alpha:0.00005
[MOE_TRACE] Group:0 Prob:0.99754 Alpha:0.00005
[MOE_TRACE] Group:1 Prob:0.49944 Alpha:0.00005
[MOE_TRACE] Group:0 Prob:0.99754 Alpha:0.00005
[MOE_TRACE] Group:1 Prob:0.49944 Alpha:0.00005
[MOE_TRACE] Group:0 Prob:0.99754 Alpha:0.00005
[MOE_TRACE] Group:1 Prob:0.49944 Alpha:0.00005
[MOE_TRACE] Group:0 Prob:0.99754 Alpha:0.00005
[MOE_TRACE] Group:1 Prob:0.49944 Alpha:0.00005
[MOE_TRACE] Group:0 Prob:0.99754 Alpha:0.00005
[MOE_TRACE] Group:1 Prob:0.49944 Alpha:0.00005
[MOE_TRACE] Group:0 Prob:0.99754 Alpha:0.00005
[MOE_TRACE] Group:1 Prob:0.49944 Alpha:0.00005
[MOE_TRACE] Group:0 Prob:0.99754 Alpha:0.00005
[MOE_TRACE] Group:1 Prob:0.49944 Alpha:0.00005
[MOE_TRACE] Group:0 Prob:0.99754 Alpha:0.00005
[MOE_TRACE] Group:0 Prob:0.99754 Alpha:0.00005
[MOE_TRACE] Group:1 Prob:0.49944 Alpha:0.00005
[MOE_TRACE] Group:0 Prob:0.99754 Alpha:0.00005
[MOE_TRACE] Group:1 Prob:0.49944 Alpha:0.00005
[MOE_TRACE] Group:0 Prob:0.99754 Alpha:0.00005
[MOE_TRACE] Group:1 Prob:0.49944 Alpha:0.00005
[MOE_TRACE] Group:0 Prob:0.99754 Alpha:0.00005
[MOE_TRACE] Group:0 Prob:0.99754 Alpha:0.00005
[MOE_TRACE] Group:1 Prob:0.49945 Alpha:0.00005
[MOE_TRACE] Group:0 Prob:0.99754 Alpha:0.00005
[MOE_TRACE] Group:1 Prob:0.49945 Alpha:0.00005
[MOE_TRACE] Group:0 Prob:0.99754 Alpha:0.00005
[MOE_TRACE] Group:1 Prob:0.49945 Alpha:0.00005
[MOE_TRACE] Group:0 Prob:0.99754 Alpha:0.00005
[MOE_TRACE] Group:0 Prob:0.99754 Alpha:0.00005
[MOE_TRACE] Group:1 Prob:0.49945 Alpha:0.00005
[MOE_TRACE] Group:0 Prob:0.99754 Alpha:0.00005
[MOE_TRACE] Group:1 Prob:0.49945 Alpha:0.00005
[MOE_TRACE] Group:0 Prob:0.99754 Alpha:0.00005
[MOE_TRACE] Group:1 Prob:0.49945 Alpha:0.00005
[MOE_TRACE] Group:0 Prob:0.99754 Alpha:0.00005
[MOE_TRACE] Group:1 Prob:0.49944 Alpha:0.00005
[MOE_TRACE] Group:0 Prob:0.99754 Alpha:0.00005
[MOE_TRACE] Group:1 Prob:0.49944 Alpha:0.00005
[MOE_TRACE] Group:0 Prob:0.99754 Alpha:0.00005
[MOE_TRACE] Group:1 Prob:0.49944 Alpha:0.00005
[MOE_TRACE] Group:0 Prob:0.99754 Alpha:0.00005
[MOE_TRACE] Group:1 Prob:0.49944 Alpha:0.00005
[MOE_TRACE] Group:0 Prob:0.99754 Alpha:0.00005
[MOE_TRACE] Group:0 Prob:0.99754 Alpha:0.00005
[MOE_TRACE] Group:1 Prob:0.49943 Alpha:0.00005
[MOE_TRACE] Group:0 Prob:0.99754 Alpha:0.00005
[MOE_TRACE] Group:1 Prob:0.49943 Alpha:0.00005
[MOE_TRACE] Group:0 Prob:0.99754 Alpha:0.00005
[MOE_TRACE] Group:1 Prob:0.49943 Alpha:0.00005
[MOE_TRACE] Group:0 Prob:0.99754 Alpha:0.00005
[MOE_TRACE] Group:1 Prob:0.49942 Alpha:0.00005
[MOE_TRACE] Group:0 Prob:0.99754 Alpha:0.00005
[MOE_TRACE] Group:1 Prob:0.49942 Alpha:0.00005
[MOE_TRACE] Group:0 Prob:0.99754 Alpha:0.00005
[MOE_TRACE] Group:1 Prob:0.49942 Alpha:0.00005
[MOE_TRACE] Group:0 Prob:0.99754 Alpha:0.00005
[MOE_TRACE] Group:1 Prob:0.49942 Alpha:0.00005
[MOE_TRACE] Group:0 Prob:0.99754 Alpha:0.00005[MOE_TRACE] Group:0 Prob:0.99754 Alpha:0.00005

[MOE_TRACE] Group:1 Prob:0.49942 Alpha:0.00005
[MOE_TRACE] Group:1 Prob:0.49942 Alpha:0.00005
[MOE_TRACE] Group:0 Prob:0.99754 Alpha:0.00005
[MOE_TRACE] Group:1 Prob:0.49942 Alpha:0.00005
[MOE_TRACE] Group:0 Prob:0.99754 Alpha:0.00005
[MOE_TRACE] Group:1 Prob:0.49942 Alpha:0.00005
[MOE_TRACE] Group:0 Prob:0.99754 Alpha:0.00005
[MOE_TRACE] Group:0 Prob:0.99754 Alpha:0.00005
[MOE_TRACE] Group:1 Prob:0.49942 Alpha:0.00005
[MOE_TRACE] Group:0 Prob:0.99754 Alpha:0.00005
[MOE_TRACE] Group:1 Prob:0.49942 Alpha:0.00005
[MOE_TRACE] Group:1 Prob:0.49942 Alpha:0.00005
[MOE_TRACE] Group:0 Prob:0.99754 Alpha:0.00005
[MOE_TRACE] Group:1 Prob:0.49942 Alpha:0.00005
	iters: 100, epoch: 3 | loss: 0.4149577 | Mem: 1845MB(Max:2203MB)
	speed: 5.4736s/iter; left time: 5895.0135s
[MOE_TRACE] Group:0 Prob:0.99754 Alpha:0.00005
[MOE_TRACE] Group:1 Prob:0.49942 Alpha:0.00005
[MOE_TRACE] Group:0 Prob:0.99754 Alpha:0.00005
[MOE_TRACE] Group:1 Prob:0.49942 Alpha:0.00005
[MOE_TRACE] Group:0 Prob:0.99754 Alpha:0.00005
[MOE_TRACE] Group:1 Prob:0.49942 Alpha:0.00005
[MOE_TRACE] Group:0 Prob:0.99754 Alpha:0.00005
[MOE_TRACE] Group:1 Prob:0.49942 Alpha:0.00005
[MOE_TRACE] Group:1 Prob:0.49942 Alpha:0.00005
[MOE_TRACE] Group:1 Prob:0.49942 Alpha:0.00005
[MOE_TRACE] Group:0 Prob:0.99754 Alpha:0.00005
[MOE_TRACE] Group:1 Prob:0.49942 Alpha:0.00005
[MOE_TRACE] Group:0 Prob:0.99754 Alpha:0.00005
[MOE_TRACE] Group:1 Prob:0.49942 Alpha:0.00005
[MOE_TRACE] Group:0 Prob:0.99754 Alpha:0.00005
[MOE_TRACE] Group:1 Prob:0.49941 Alpha:0.00005
[MOE_TRACE] Group:0 Prob:0.99754 Alpha:0.00005
[MOE_TRACE] Group:1 Prob:0.49941 Alpha:0.00005
[MOE_TRACE] Group:0 Prob:0.99754 Alpha:0.00005
[MOE_TRACE] Group:1 Prob:0.49941 Alpha:0.00005
[MOE_TRACE] Group:0 Prob:0.99754 Alpha:0.00005
[MOE_TRACE] Group:1 Prob:0.49941 Alpha:0.00005
[MOE_TRACE] Group:0 Prob:0.99754 Alpha:0.00005
[MOE_TRACE] Group:1 Prob:0.49941 Alpha:0.00005
[MOE_TRACE] Group:0 Prob:0.99754 Alpha:0.00005
[MOE_TRACE] Group:1 Prob:0.49941 Alpha:0.00005
[MOE_TRACE] Group:0 Prob:0.99754 Alpha:0.00005
[MOE_TRACE] Group:1 Prob:0.49941 Alpha:0.00005
[MOE_TRACE] Group:0 Prob:0.99754 Alpha:0.00005
[MOE_TRACE] Group:1 Prob:0.49941 Alpha:0.00005
[MOE_TRACE] Group:1 Prob:0.49940 Alpha:0.00005
[MOE_TRACE] Group:0 Prob:0.99754 Alpha:0.00005
[MOE_TRACE] Group:1 Prob:0.49940 Alpha:0.00005
[MOE_TRACE] Group:0 Prob:0.99754 Alpha:0.00005
[MOE_TRACE] Group:1 Prob:0.49940 Alpha:0.00005
[MOE_TRACE] Group:0 Prob:0.99754 Alpha:0.00005
[MOE_TRACE] Group:1 Prob:0.49940 Alpha:0.00005
[MOE_TRACE] Group:0 Prob:0.99754 Alpha:0.00005
[MOE_TRACE] Group:1 Prob:0.49940 Alpha:0.00005
[MOE_TRACE] Group:0 Prob:0.99754 Alpha:0.00005
[MOE_TRACE] Group:1 Prob:0.49940 Alpha:0.00005
[MOE_TRACE] Group:0 Prob:0.99754 Alpha:0.00005
[MOE_TRACE] Group:1 Prob:0.49940 Alpha:0.00005
[MOE_TRACE] Group:0 Prob:0.99754 Alpha:0.00005
[MOE_TRACE] Group:1 Prob:0.49940 Alpha:0.00005
[MOE_TRACE] Group:0 Prob:0.99754 Alpha:0.00005
[MOE_TRACE] Group:1 Prob:0.49940 Alpha:0.00005
[MOE_TRACE] Group:0 Prob:0.99754 Alpha:0.00005
[MOE_TRACE] Group:1 Prob:0.49940 Alpha:0.00005
[MOE_TRACE] Group:0 Prob:0.99754 Alpha:0.00005
[MOE_TRACE] Group:1 Prob:0.49940 Alpha:0.00005
[MOE_TRACE] Group:0 Prob:0.99754 Alpha:0.00005
[MOE_TRACE] Group:1 Prob:0.49940 Alpha:0.00005
[MOE_TRACE] Group:0 Prob:0.99754 Alpha:0.00005[MOE_TRACE] Group:0 Prob:0.99754 Alpha:0.00005

[MOE_TRACE] Group:0 Prob:0.99754 Alpha:0.00005
[MOE_TRACE] Group:1 Prob:0.49940 Alpha:0.00005[MOE_TRACE] Group:1 Prob:0.49940 Alpha:0.00005

[MOE_TRACE] Group:1 Prob:0.49940 Alpha:0.00005
[MOE_TRACE] Group:0 Prob:0.99754 Alpha:0.00005
[MOE_TRACE] Group:1 Prob:0.49940 Alpha:0.00005
[MOE_TRACE] Group:0 Prob:0.99754 Alpha:0.00005
[MOE_TRACE] Group:1 Prob:0.49939 Alpha:0.00005
[MOE_TRACE] Group:0 Prob:0.99754 Alpha:0.00005
[MOE_TRACE] Group:1 Prob:0.49939 Alpha:0.00005
[MOE_TRACE] Group:0 Prob:0.99754 Alpha:0.00005
[MOE_TRACE] Group:1 Prob:0.49939 Alpha:0.00005
[MOE_TRACE] Group:0 Prob:0.99754 Alpha:0.00005
[MOE_TRACE] Group:1 Prob:0.49939 Alpha:0.00005
[MOE_TRACE] Group:0 Prob:0.99754 Alpha:0.00005
[MOE_TRACE] Group:1 Prob:0.49938 Alpha:0.00005
[MOE_TRACE] Group:0 Prob:0.99754 Alpha:0.00005
[MOE_TRACE] Group:1 Prob:0.49938 Alpha:0.00005
[MOE_TRACE] Group:0 Prob:0.99754 Alpha:0.00005
[MOE_TRACE] Group:1 Prob:0.49938 Alpha:0.00005
[MOE_TRACE] Group:0 Prob:0.99754 Alpha:0.00005
[MOE_TRACE] Group:1 Prob:0.49938 Alpha:0.00005
[MOE_TRACE] Group:0 Prob:0.99754 Alpha:0.00005
[MOE_TRACE] Group:1 Prob:0.49938 Alpha:0.00005
[MOE_TRACE] Group:0 Prob:0.99754 Alpha:0.00005
[MOE_TRACE] Group:1 Prob:0.49938 Alpha:0.00005
[MOE_TRACE] Group:0 Prob:0.99754 Alpha:0.00005
[MOE_TRACE] Group:1 Prob:0.49938 Alpha:0.00005
[MOE_TRACE] Group:0 Prob:0.99754 Alpha:0.00005
[MOE_TRACE] Group:1 Prob:0.49938 Alpha:0.00005
[MOE_TRACE] Group:0 Prob:0.99754 Alpha:0.00005
[MOE_TRACE] Group:1 Prob:0.49937 Alpha:0.00005
[MOE_TRACE] Group:0 Prob:0.99754 Alpha:0.00005
[MOE_TRACE] Group:1 Prob:0.49937 Alpha:0.00005
[MOE_TRACE] Group:0 Prob:0.99754 Alpha:0.00005
[MOE_TRACE] Group:1 Prob:0.49937 Alpha:0.00005
[MOE_TRACE] Group:0 Prob:0.99754 Alpha:0.00005
[MOE_TRACE] Group:1 Prob:0.49937 Alpha:0.00005
[MOE_TRACE] Group:0 Prob:0.99754 Alpha:0.00005
[MOE_TRACE] Group:1 Prob:0.49937 Alpha:0.00005
[MOE_TRACE] Group:0 Prob:0.99754 Alpha:0.00005
[MOE_TRACE] Group:1 Prob:0.49937 Alpha:0.00005
[MOE_TRACE] Group:0 Prob:0.99754 Alpha:0.00005
[MOE_TRACE] Group:1 Prob:0.49937 Alpha:0.00005
[MOE_TRACE] Group:0 Prob:0.99754 Alpha:0.00005
[MOE_TRACE] Group:1 Prob:0.49937 Alpha:0.00005
[MOE_TRACE] Group:0 Prob:0.99754 Alpha:0.00005
[MOE_TRACE] Group:1 Prob:0.49937 Alpha:0.00005
[MOE_TRACE] Group:0 Prob:0.99754 Alpha:0.00005
[MOE_TRACE] Group:1 Prob:0.49937 Alpha:0.00005
[MOE_TRACE] Group:0 Prob:0.99754 Alpha:0.00005
[MOE_TRACE] Group:1 Prob:0.49937 Alpha:0.00005
[MOE_TRACE] Group:0 Prob:0.99754 Alpha:0.00005
[MOE_TRACE] Group:1 Prob:0.49937 Alpha:0.00005
[MOE_TRACE] Group:0 Prob:0.99754 Alpha:0.00005
[MOE_TRACE] Group:1 Prob:0.49937 Alpha:0.00005
[MOE_TRACE] Group:0 Prob:0.99754 Alpha:0.00005
[MOE_TRACE] Group:1 Prob:0.49937 Alpha:0.00005
[MOE_TRACE] Group:0 Prob:0.99754 Alpha:0.00005
[MOE_TRACE] Group:1 Prob:0.49937 Alpha:0.00005
[MOE_TRACE] Group:0 Prob:0.99754 Alpha:0.00005
[MOE_TRACE] Group:1 Prob:0.49937 Alpha:0.00005
[MOE_TRACE] Group:0 Prob:0.99754 Alpha:0.00005
[MOE_TRACE] Group:1 Prob:0.49937 Alpha:0.00005
[MOE_TRACE] Group:0 Prob:0.99754 Alpha:0.00005
[MOE_TRACE] Group:1 Prob:0.49937 Alpha:0.00005
[MOE_TRACE] Group:0 Prob:0.99754 Alpha:0.00005
[MOE_TRACE] Group:1 Prob:0.49937 Alpha:0.00005
[MOE_TRACE] Group:0 Prob:0.99754 Alpha:0.00005
[MOE_TRACE] Group:1 Prob:0.49937 Alpha:0.00005
[MOE_TRACE] Group:0 Prob:0.99754 Alpha:0.00005
[MOE_TRACE] Group:1 Prob:0.49937 Alpha:0.00005
[MOE_TRACE] Group:0 Prob:0.99754 Alpha:0.00005
[MOE_TRACE] Group:1 Prob:0.49937 Alpha:0.00005
[MOE_TRACE] Group:0 Prob:0.99754 Alpha:0.00005
[MOE_TRACE] Group:1 Prob:0.49937 Alpha:0.00005
[MOE_TRACE] Group:0 Prob:0.99754 Alpha:0.00005
[MOE_TRACE] Group:1 Prob:0.49937 Alpha:0.00005
[MOE_TRACE] Group:0 Prob:0.99754 Alpha:0.00005
[MOE_TRACE] Group:1 Prob:0.49937 Alpha:0.00005
[MOE_TRACE] Group:0 Prob:0.99754 Alpha:0.00005
[MOE_TRACE] Group:1 Prob:0.49937 Alpha:0.00005
[MOE_TRACE] Group:0 Prob:0.99754 Alpha:0.00005
[MOE_TRACE] Group:1 Prob:0.49937 Alpha:0.00005
[MOE_TRACE] Group:0 Prob:0.99754 Alpha:0.00005
[MOE_TRACE] Group:1 Prob:0.49937 Alpha:0.00005
[MOE_TRACE] Group:0 Prob:0.99754 Alpha:0.00005
[MOE_TRACE] Group:1 Prob:0.49935 Alpha:0.00005
[MOE_TRACE] Group:0 Prob:0.99754 Alpha:0.00005
[MOE_TRACE] Group:1 Prob:0.49935 Alpha:0.00005
[MOE_TRACE] Group:0 Prob:0.99754 Alpha:0.00005
[MOE_TRACE] Group:1 Prob:0.49935 Alpha:0.00005
[MOE_TRACE] Group:0 Prob:0.99754 Alpha:0.00005
[MOE_TRACE] Group:1 Prob:0.49935 Alpha:0.00005
[MOE_TRACE] Group:0 Prob:0.99754 Alpha:0.00005
[MOE_TRACE] Group:1 Prob:0.49935 Alpha:0.00005
[MOE_TRACE] Group:0 Prob:0.99754 Alpha:0.00005
[MOE_TRACE] Group:1 Prob:0.49935 Alpha:0.00005
[MOE_TRACE] Group:0 Prob:0.99754 Alpha:0.00005
[MOE_TRACE] Group:1 Prob:0.49935 Alpha:0.00005
[MOE_TRACE] Group:0 Prob:0.99754 Alpha:0.00005
[MOE_TRACE] Group:1 Prob:0.49935 Alpha:0.00005
[MOE_TRACE] Group:0 Prob:0.99754 Alpha:0.00005
[MOE_TRACE] Group:1 Prob:0.49934 Alpha:0.00005
[MOE_TRACE] Group:0 Prob:0.99754 Alpha:0.00005
[MOE_TRACE] Group:1 Prob:0.49934 Alpha:0.00005
[MOE_TRACE] Group:0 Prob:0.99754 Alpha:0.00005
[MOE_TRACE] Group:1 Prob:0.49934 Alpha:0.00005
[MOE_TRACE] Group:0 Prob:0.99754 Alpha:0.00005
[MOE_TRACE] Group:1 Prob:0.49934 Alpha:0.00005
[MOE_TRACE] Group:0 Prob:0.99754 Alpha:0.00005
[MOE_TRACE] Group:1 Prob:0.49934 Alpha:0.00005
[MOE_TRACE] Group:0 Prob:0.99754 Alpha:0.00005
[MOE_TRACE] Group:1 Prob:0.49934 Alpha:0.00005
[MOE_TRACE] Group:0 Prob:0.99754 Alpha:0.00005
[MOE_TRACE] Group:1 Prob:0.49934 Alpha:0.00005
[MOE_TRACE] Group:0 Prob:0.99754 Alpha:0.00005
[MOE_TRACE] Group:1 Prob:0.49934 Alpha:0.00005
[MOE_TRACE] Group:0 Prob:0.99754 Alpha:0.00005
[MOE_TRACE] Group:1 Prob:0.49934 Alpha:0.00005
[MOE_TRACE] Group:0 Prob:0.99754 Alpha:0.00005
[MOE_TRACE] Group:1 Prob:0.49934 Alpha:0.00005
[MOE_TRACE] Group:0 Prob:0.99754 Alpha:0.00005
[MOE_TRACE] Group:1 Prob:0.49934 Alpha:0.00005
[MOE_TRACE] Group:0 Prob:0.99754 Alpha:0.00005
[MOE_TRACE] Group:1 Prob:0.49934 Alpha:0.00005
[MOE_TRACE] Group:0 Prob:0.99754 Alpha:0.00005
[MOE_TRACE] Group:1 Prob:0.49934 Alpha:0.00005
[MOE_TRACE] Group:0 Prob:0.99754 Alpha:0.00005
[MOE_TRACE] Group:1 Prob:0.49934 Alpha:0.00005
[MOE_TRACE] Group:0 Prob:0.99754 Alpha:0.00005
[MOE_TRACE] Group:1 Prob:0.49934 Alpha:0.00005
[MOE_TRACE] Group:0 Prob:0.99754 Alpha:0.00005
[MOE_TRACE] Group:1 Prob:0.49934 Alpha:0.00005
[MOE_TRACE] Group:0 Prob:0.99754 Alpha:0.00005
[MOE_TRACE] Group:1 Prob:0.49934 Alpha:0.00005
[MOE_TRACE] Group:0 Prob:0.99754 Alpha:0.00005
[MOE_TRACE] Group:1 Prob:0.49934 Alpha:0.00005
[MOE_TRACE] Group:0 Prob:0.99754 Alpha:0.00005
[MOE_TRACE] Group:1 Prob:0.49934 Alpha:0.00005
[MOE_TRACE] Group:0 Prob:0.99754 Alpha:0.00005
[MOE_TRACE] Group:1 Prob:0.49934 Alpha:0.00005
[MOE_TRACE] Group:0 Prob:0.99754 Alpha:0.00005[MOE_TRACE] Group:0 Prob:0.99754 Alpha:0.00005

[MOE_TRACE] Group:1 Prob:0.49934 Alpha:0.00005
[MOE_TRACE] Group:1 Prob:0.49934 Alpha:0.00005
[MOE_TRACE] Group:0 Prob:0.99754 Alpha:0.00005
[MOE_TRACE] Group:1 Prob:0.49934 Alpha:0.00005
[MOE_TRACE] Group:0 Prob:0.99754 Alpha:0.00005
[MOE_TRACE] Group:1 Prob:0.49934 Alpha:0.00005
[MOE_TRACE] Group:0 Prob:0.99754 Alpha:0.00005
[MOE_TRACE] Group:1 Prob:0.49933 Alpha:0.00005
[MOE_TRACE] Group:0 Prob:0.99754 Alpha:0.00005
[MOE_TRACE] Group:1 Prob:0.49933 Alpha:0.00005
[MOE_TRACE] Group:0 Prob:0.99754 Alpha:0.00005
[MOE_TRACE] Group:1 Prob:0.49933 Alpha:0.00005
[MOE_TRACE] Group:0 Prob:0.99754 Alpha:0.00005
[MOE_TRACE] Group:1 Prob:0.49933 Alpha:0.00005
[MOE_TRACE] Group:0 Prob:0.99754 Alpha:0.00005
[MOE_TRACE] Group:1 Prob:0.49932 Alpha:0.00005
[MOE_TRACE] Group:0 Prob:0.99754 Alpha:0.00005
[MOE_TRACE] Group:1 Prob:0.49932 Alpha:0.00005
[MOE_TRACE] Group:0 Prob:0.99754 Alpha:0.00005
[MOE_TRACE] Group:1 Prob:0.49932 Alpha:0.00005
[MOE_TRACE] Group:0 Prob:0.99754 Alpha:0.00005
[MOE_TRACE] Group:1 Prob:0.49932 Alpha:0.00005
[MOE_TRACE] Group:0 Prob:0.99754 Alpha:0.00005
[MOE_TRACE] Group:1 Prob:0.49932 Alpha:0.00005
[MOE_TRACE] Group:0 Prob:0.99754 Alpha:0.00005
[MOE_TRACE] Group:1 Prob:0.49932 Alpha:0.00005
[MOE_TRACE] Group:0 Prob:0.99754 Alpha:0.00005
[MOE_TRACE] Group:1 Prob:0.49932 Alpha:0.00005
[MOE_TRACE] Group:0 Prob:0.99754 Alpha:0.00005
[MOE_TRACE] Group:1 Prob:0.49932 Alpha:0.00005
[MOE_TRACE] Group:0 Prob:0.99754 Alpha:0.00005[MOE_TRACE] Group:0 Prob:0.99754 Alpha:0.00005

[MOE_TRACE] Group:1 Prob:0.49931 Alpha:0.00005
[MOE_TRACE] Group:1 Prob:0.49931 Alpha:0.00005
[MOE_TRACE] Group:0 Prob:0.99754 Alpha:0.00005
[MOE_TRACE] Group:1 Prob:0.49931 Alpha:0.00005
[MOE_TRACE] Group:0 Prob:0.99754 Alpha:0.00005
[MOE_TRACE] Group:1 Prob:0.49931 Alpha:0.00005
[MOE_TRACE] Group:0 Prob:0.99754 Alpha:0.00005
[MOE_TRACE] Group:1 Prob:0.49931 Alpha:0.00005
[MOE_TRACE] Group:0 Prob:0.99754 Alpha:0.00005
[MOE_TRACE] Group:1 Prob:0.49931 Alpha:0.00005
[MOE_TRACE] Group:0 Prob:0.99754 Alpha:0.00005
[MOE_TRACE] Group:1 Prob:0.49931 Alpha:0.00005
[MOE_TRACE] Group:0 Prob:0.99754 Alpha:0.00005
[MOE_TRACE] Group:1 Prob:0.49931 Alpha:0.00005
[MOE_TRACE] Group:0 Prob:0.99754 Alpha:0.00005
[MOE_TRACE] Group:1 Prob:0.49931 Alpha:0.00005
[MOE_TRACE] Group:0 Prob:0.99754 Alpha:0.00005
[MOE_TRACE] Group:1 Prob:0.49931 Alpha:0.00005
[MOE_TRACE] Group:0 Prob:0.99754 Alpha:0.00005
[MOE_TRACE] Group:1 Prob:0.49931 Alpha:0.00005
[MOE_TRACE] Group:0 Prob:0.99754 Alpha:0.00005
[MOE_TRACE] Group:1 Prob:0.49931 Alpha:0.00005
[MOE_TRACE] Group:0 Prob:0.99754 Alpha:0.00005
[MOE_TRACE] Group:1 Prob:0.49932 Alpha:0.00005
[MOE_TRACE] Group:0 Prob:0.99754 Alpha:0.00005
[MOE_TRACE] Group:1 Prob:0.49932 Alpha:0.00005
[MOE_TRACE] Group:0 Prob:0.99754 Alpha:0.00005
[MOE_TRACE] Group:1 Prob:0.49932 Alpha:0.00005
[MOE_TRACE] Group:0 Prob:0.99754 Alpha:0.00005
[MOE_TRACE] Group:1 Prob:0.49932 Alpha:0.00005
[MOE_TRACE] Group:0 Prob:0.99754 Alpha:0.00005
[MOE_TRACE] Group:1 Prob:0.49932 Alpha:0.00005
[MOE_TRACE] Group:0 Prob:0.99754 Alpha:0.00005
[MOE_TRACE] Group:1 Prob:0.49932 Alpha:0.00005
[MOE_TRACE] Group:0 Prob:0.99754 Alpha:0.00005
[MOE_TRACE] Group:1 Prob:0.49932 Alpha:0.00005
[MOE_TRACE] Group:0 Prob:0.99754 Alpha:0.00005
[MOE_TRACE] Group:1 Prob:0.49932 Alpha:0.00005
[MOE_TRACE] Group:0 Prob:0.99754 Alpha:0.00005
[MOE_TRACE] Group:1 Prob:0.49932 Alpha:0.00005
[MOE_TRACE] Group:0 Prob:0.99754 Alpha:0.00005
[MOE_TRACE] Group:1 Prob:0.49932 Alpha:0.00005
[MOE_TRACE] Group:0 Prob:0.99754 Alpha:0.00005
[MOE_TRACE] Group:1 Prob:0.49932 Alpha:0.00005
[MOE_TRACE] Group:0 Prob:0.99754 Alpha:0.00005
[MOE_TRACE] Group:1 Prob:0.49932 Alpha:0.00005
[MOE_TRACE] Group:0 Prob:0.99754 Alpha:0.00005
[MOE_TRACE] Group:1 Prob:0.49932 Alpha:0.00005
[MOE_TRACE] Group:0 Prob:0.99754 Alpha:0.00005
[MOE_TRACE] Group:1 Prob:0.49932 Alpha:0.00005
[MOE_TRACE] Group:0 Prob:0.99754 Alpha:0.00005
[MOE_TRACE] Group:1 Prob:0.49932 Alpha:0.00005
[MOE_TRACE] Group:0 Prob:0.99754 Alpha:0.00005
[MOE_TRACE] Group:1 Prob:0.49932 Alpha:0.00005
[MOE_TRACE] Group:0 Prob:0.99754 Alpha:0.00005
[MOE_TRACE] Group:1 Prob:0.49932 Alpha:0.00005
[MOE_TRACE] Group:0 Prob:0.99754 Alpha:0.00005
[MOE_TRACE] Group:1 Prob:0.49932 Alpha:0.00005
[MOE_TRACE] Group:0 Prob:0.99754 Alpha:0.00005
[MOE_TRACE] Group:1 Prob:0.49932 Alpha:0.00005
[MOE_TRACE] Group:0 Prob:0.99754 Alpha:0.00005
[MOE_TRACE] Group:1 Prob:0.49932 Alpha:0.00005
[MOE_TRACE] Group:0 Prob:0.99754 Alpha:0.00005
[MOE_TRACE] Group:1 Prob:0.49932 Alpha:0.00005
[MOE_TRACE] Group:0 Prob:0.99754 Alpha:0.00005
[MOE_TRACE] Group:1 Prob:0.49932 Alpha:0.00005
[MOE_TRACE] Group:0 Prob:0.99754 Alpha:0.00005
[MOE_TRACE] Group:1 Prob:0.49932 Alpha:0.00005
[MOE_TRACE] Group:0 Prob:0.99754 Alpha:0.00005
[MOE_TRACE] Group:1 Prob:0.49932 Alpha:0.00005
[MOE_TRACE] Group:0 Prob:0.99754 Alpha:0.00005
[MOE_TRACE] Group:1 Prob:0.49931 Alpha:0.00005
[MOE_TRACE] Group:0 Prob:0.99754 Alpha:0.00005
[MOE_TRACE] Group:1 Prob:0.49931 Alpha:0.00005
[MOE_TRACE] Group:0 Prob:0.99754 Alpha:0.00005
[MOE_TRACE] Group:1 Prob:0.49931 Alpha:0.00005
[MOE_TRACE] Group:0 Prob:0.99754 Alpha:0.00005
[MOE_TRACE] Group:1 Prob:0.49931 Alpha:0.00005
[MOE_TRACE] Group:1 Prob:0.49932 Alpha:0.00005
[MOE_TRACE] Group:0 Prob:0.99754 Alpha:0.00005
[MOE_TRACE] Group:1 Prob:0.49932 Alpha:0.00005
[MOE_TRACE] Group:0 Prob:0.99754 Alpha:0.00005
[MOE_TRACE] Group:1 Prob:0.49932 Alpha:0.00005
[MOE_TRACE] Group:0 Prob:0.99754 Alpha:0.00005
[MOE_TRACE] Group:1 Prob:0.49932 Alpha:0.00005
[MOE_TRACE] Group:0 Prob:0.99754 Alpha:0.00005
[MOE_TRACE] Group:0 Prob:0.99754 Alpha:0.00005
[MOE_TRACE] Group:1 Prob:0.49932 Alpha:0.00005
[MOE_TRACE] Group:1 Prob:0.49932 Alpha:0.00005
[MOE_TRACE] Group:0 Prob:0.99754 Alpha:0.00005
[MOE_TRACE] Group:1 Prob:0.49932 Alpha:0.00005
[MOE_TRACE] Group:0 Prob:0.99754 Alpha:0.00005
[MOE_TRACE] Group:1 Prob:0.49932 Alpha:0.00005
[MOE_TRACE] Group:0 Prob:0.99754 Alpha:0.00005
[MOE_TRACE] Group:1 Prob:0.49932 Alpha:0.00005
[MOE_TRACE] Group:0 Prob:0.99754 Alpha:0.00005
[MOE_TRACE] Group:1 Prob:0.49932 Alpha:0.00005
[MOE_TRACE] Group:0 Prob:0.99754 Alpha:0.00005
[MOE_TRACE] Group:1 Prob:0.49932 Alpha:0.00005
[MOE_TRACE] Group:0 Prob:0.99754 Alpha:0.00005
[MOE_TRACE] Group:1 Prob:0.49932 Alpha:0.00005
[MOE_TRACE] Group:1 Prob:0.49932 Alpha:0.00005
[MOE_TRACE] Group:0 Prob:0.99754 Alpha:0.00005
[MOE_TRACE] Group:1 Prob:0.49932 Alpha:0.00005
[MOE_TRACE] Group:0 Prob:0.99754 Alpha:0.00005
[MOE_TRACE] Group:1 Prob:0.49932 Alpha:0.00005
[MOE_TRACE] Group:0 Prob:0.99754 Alpha:0.00005
[MOE_TRACE] Group:1 Prob:0.49932 Alpha:0.00005
[MOE_TRACE] Group:0 Prob:0.99754 Alpha:0.00005
[MOE_TRACE] Group:1 Prob:0.49932 Alpha:0.00005
[MOE_TRACE] Group:0 Prob:0.99754 Alpha:0.00005
[MOE_TRACE] Group:1 Prob:0.49932 Alpha:0.00005
[MOE_TRACE] Group:0 Prob:0.99754 Alpha:0.00005
[MOE_TRACE] Group:1 Prob:0.49932 Alpha:0.00005
[MOE_TRACE] Group:0 Prob:0.99754 Alpha:0.00005
[MOE_TRACE] Group:1 Prob:0.49932 Alpha:0.00005
[MOE_TRACE] Group:0 Prob:0.99754 Alpha:0.00005
[MOE_TRACE] Group:1 Prob:0.49931 Alpha:0.00005
[MOE_TRACE] Group:0 Prob:0.99754 Alpha:0.00005
[MOE_TRACE] Group:1 Prob:0.49931 Alpha:0.00005
[MOE_TRACE] Group:0 Prob:0.99754 Alpha:0.00005
[MOE_TRACE] Group:1 Prob:0.49931 Alpha:0.00005
[MOE_TRACE] Group:0 Prob:0.99754 Alpha:0.00005
[MOE_TRACE] Group:1 Prob:0.49931 Alpha:0.00005
[MOE_TRACE] Group:0 Prob:0.99754 Alpha:0.00005
[MOE_TRACE] Group:1 Prob:0.49931 Alpha:0.00005
[MOE_TRACE] Group:0 Prob:0.99754 Alpha:0.00005
[MOE_TRACE] Group:1 Prob:0.49931 Alpha:0.00005
[MOE_TRACE] Group:0 Prob:0.99754 Alpha:0.00005
[MOE_TRACE] Group:1 Prob:0.49931 Alpha:0.00005
[MOE_TRACE] Group:0 Prob:0.99754 Alpha:0.00005
[MOE_TRACE] Group:1 Prob:0.49931 Alpha:0.00005
[MOE_TRACE] Group:0 Prob:0.99754 Alpha:0.00005
[MOE_TRACE] Group:1 Prob:0.49930 Alpha:0.00005
[MOE_TRACE] Group:0 Prob:0.99754 Alpha:0.00005
[MOE_TRACE] Group:1 Prob:0.49930 Alpha:0.00005
[MOE_TRACE] Group:0 Prob:0.99754 Alpha:0.00005
[MOE_TRACE] Group:1 Prob:0.49930 Alpha:0.00005
[MOE_TRACE] Group:0 Prob:0.99754 Alpha:0.00005
[MOE_TRACE] Group:1 Prob:0.49930 Alpha:0.00005
Epoch: 3 cost time: 32.604058504104614
Epoch: 3, Steps: 147 | Train Loss: 0.4666357 Vali Loss: 0.3019577 Test Loss: 3.9794002
Validation loss decreased (0.314740 --> 0.301958).  Saving model ...
Updating learning rate to 2.5e-05
[MOE_TRACE] Group:0 Prob:0.99754 Alpha:0.00005
[MOE_TRACE] Group:1 Prob:0.49930 Alpha:0.00005
[MOE_TRACE] Group:0 Prob:0.99754 Alpha:0.00005
[MOE_TRACE] Group:1 Prob:0.49930 Alpha:0.00005
[MOE_TRACE] Group:0 Prob:0.99754 Alpha:0.00005
[MOE_TRACE] Group:1 Prob:0.49930 Alpha:0.00005
[MOE_TRACE] Group:0 Prob:0.99754 Alpha:0.00005
[MOE_TRACE] Group:1 Prob:0.49930 Alpha:0.00005
[MOE_TRACE] Group:0 Prob:0.99754 Alpha:0.00005
[MOE_TRACE] Group:1 Prob:0.49930 Alpha:0.00005
[MOE_TRACE] Group:0 Prob:0.99754 Alpha:0.00005
[MOE_TRACE] Group:1 Prob:0.49930 Alpha:0.00005
[MOE_TRACE] Group:0 Prob:0.99754 Alpha:0.00005
[MOE_TRACE] Group:0 Prob:0.99754 Alpha:0.00005
[MOE_TRACE] Group:1 Prob:0.49930 Alpha:0.00005
[MOE_TRACE] Group:1 Prob:0.49930 Alpha:0.00005
[MOE_TRACE] Group:0 Prob:0.99754 Alpha:0.00005
[MOE_TRACE] Group:1 Prob:0.49930 Alpha:0.00005
[MOE_TRACE] Group:0 Prob:0.99754 Alpha:0.00005
[MOE_TRACE] Group:1 Prob:0.49930 Alpha:0.00005
[MOE_TRACE] Group:0 Prob:0.99754 Alpha:0.00005
[MOE_TRACE] Group:1 Prob:0.49930 Alpha:0.00005
[MOE_TRACE] Group:0 Prob:0.99754 Alpha:0.00005
[MOE_TRACE] Group:1 Prob:0.49930 Alpha:0.00005
[MOE_TRACE] Group:0 Prob:0.99754 Alpha:0.00005
[MOE_TRACE] Group:1 Prob:0.49930 Alpha:0.00005
[MOE_TRACE] Group:0 Prob:0.99754 Alpha:0.00005
[MOE_TRACE] Group:0 Prob:0.99754 Alpha:0.00005[MOE_TRACE] Group:1 Prob:0.49930 Alpha:0.00005

[MOE_TRACE] Group:1 Prob:0.49930 Alpha:0.00005
[MOE_TRACE] Group:0 Prob:0.99754 Alpha:0.00005
[MOE_TRACE] Group:1 Prob:0.49930 Alpha:0.00005
[MOE_TRACE] Group:0 Prob:0.99754 Alpha:0.00005
[MOE_TRACE] Group:1 Prob:0.49930 Alpha:0.00005
[MOE_TRACE] Group:0 Prob:0.99754 Alpha:0.00005
[MOE_TRACE] Group:1 Prob:0.49930 Alpha:0.00005
[MOE_TRACE] Group:0 Prob:0.99754 Alpha:0.00005
[MOE_TRACE] Group:1 Prob:0.49930 Alpha:0.00005
[MOE_TRACE] Group:0 Prob:0.99754 Alpha:0.00005
[MOE_TRACE] Group:1 Prob:0.49930 Alpha:0.00005
[MOE_TRACE] Group:0 Prob:0.99754 Alpha:0.00005
[MOE_TRACE] Group:1 Prob:0.49930 Alpha:0.00005
[MOE_TRACE] Group:0 Prob:0.99754 Alpha:0.00005
[MOE_TRACE] Group:1 Prob:0.49930 Alpha:0.00005
[MOE_TRACE] Group:0 Prob:0.99754 Alpha:0.00005
[MOE_TRACE] Group:1 Prob:0.49930 Alpha:0.00005
[MOE_TRACE] Group:0 Prob:0.99754 Alpha:0.00005
[MOE_TRACE] Group:1 Prob:0.49930 Alpha:0.00005
[MOE_TRACE] Group:0 Prob:0.99754 Alpha:0.00005
[MOE_TRACE] Group:1 Prob:0.49930 Alpha:0.00005
[MOE_TRACE] Group:0 Prob:0.99754 Alpha:0.00005
[MOE_TRACE] Group:1 Prob:0.49930 Alpha:0.00005
[MOE_TRACE] Group:0 Prob:0.99754 Alpha:0.00005
[MOE_TRACE] Group:1 Prob:0.49930 Alpha:0.00005
[MOE_TRACE] Group:0 Prob:0.99754 Alpha:0.00005
[MOE_TRACE] Group:1 Prob:0.49930 Alpha:0.00005
[MOE_TRACE] Group:0 Prob:0.99754 Alpha:0.00005
[MOE_TRACE] Group:1 Prob:0.49930 Alpha:0.00005
[MOE_TRACE] Group:0 Prob:0.99754 Alpha:0.00005
[MOE_TRACE] Group:1 Prob:0.49930 Alpha:0.00005
[MOE_TRACE] Group:0 Prob:0.99754 Alpha:0.00005
[MOE_TRACE] Group:1 Prob:0.49930 Alpha:0.00005
[MOE_TRACE] Group:0 Prob:0.99754 Alpha:0.00005
[MOE_TRACE] Group:1 Prob:0.49930 Alpha:0.00005
[MOE_TRACE] Group:0 Prob:0.99754 Alpha:0.00005
[MOE_TRACE] Group:1 Prob:0.49929 Alpha:0.00005
[MOE_TRACE] Group:0 Prob:0.99754 Alpha:0.00005
[MOE_TRACE] Group:0 Prob:0.99754 Alpha:0.00005
[MOE_TRACE] Group:1 Prob:0.49929 Alpha:0.00005
[MOE_TRACE] Group:1 Prob:0.49929 Alpha:0.00005
[MOE_TRACE] Group:0 Prob:0.99754 Alpha:0.00005
[MOE_TRACE] Group:1 Prob:0.49929 Alpha:0.00005
[MOE_TRACE] Group:0 Prob:0.99754 Alpha:0.00005
[MOE_TRACE] Group:0 Prob:0.99754 Alpha:0.00005
[MOE_TRACE] Group:1 Prob:0.49929 Alpha:0.00005
[MOE_TRACE] Group:1 Prob:0.49929 Alpha:0.00005
[MOE_TRACE] Group:0 Prob:0.99754 Alpha:0.00005
[MOE_TRACE] Group:1 Prob:0.49929 Alpha:0.00005
[MOE_TRACE] Group:0 Prob:0.99754 Alpha:0.00005
[MOE_TRACE] Group:1 Prob:0.49929 Alpha:0.00005
[MOE_TRACE] Group:0 Prob:0.99754 Alpha:0.00005
[MOE_TRACE] Group:1 Prob:0.49929 Alpha:0.00005
[MOE_TRACE] Group:0 Prob:0.99754 Alpha:0.00005
[MOE_TRACE] Group:0 Prob:0.99754 Alpha:0.00005
[MOE_TRACE] Group:1 Prob:0.49929 Alpha:0.00005
[MOE_TRACE] Group:1 Prob:0.49929 Alpha:0.00005
[MOE_TRACE] Group:0 Prob:0.99754 Alpha:0.00005
[MOE_TRACE] Group:1 Prob:0.49929 Alpha:0.00005
[MOE_TRACE] Group:0 Prob:0.99754 Alpha:0.00005
[MOE_TRACE] Group:1 Prob:0.49929 Alpha:0.00005
[MOE_TRACE] Group:0 Prob:0.99754 Alpha:0.00005
[MOE_TRACE] Group:1 Prob:0.49929 Alpha:0.00005
[MOE_TRACE] Group:0 Prob:0.99754 Alpha:0.00005
[MOE_TRACE] Group:1 Prob:0.49929 Alpha:0.00005
[MOE_TRACE] Group:0 Prob:0.99754 Alpha:0.00005
[MOE_TRACE] Group:1 Prob:0.49929 Alpha:0.00005
[MOE_TRACE] Group:0 Prob:0.99754 Alpha:0.00005
[MOE_TRACE] Group:1 Prob:0.49929 Alpha:0.00005
[MOE_TRACE] Group:0 Prob:0.99754 Alpha:0.00005
[MOE_TRACE] Group:1 Prob:0.49929 Alpha:0.00005
[MOE_TRACE] Group:0 Prob:0.99754 Alpha:0.00005
[MOE_TRACE] Group:1 Prob:0.49929 Alpha:0.00005
[MOE_TRACE] Group:0 Prob:0.99754 Alpha:0.00005
[MOE_TRACE] Group:1 Prob:0.49929 Alpha:0.00005
[MOE_TRACE] Group:0 Prob:0.99754 Alpha:0.00005
[MOE_TRACE] Group:1 Prob:0.49929 Alpha:0.00005
[MOE_TRACE] Group:0 Prob:0.99754 Alpha:0.00005
[MOE_TRACE] Group:1 Prob:0.49929 Alpha:0.00005
[MOE_TRACE] Group:0 Prob:0.99754 Alpha:0.00005
[MOE_TRACE] Group:1 Prob:0.49929 Alpha:0.00005
[MOE_TRACE] Group:0 Prob:0.99754 Alpha:0.00005
[MOE_TRACE] Group:1 Prob:0.49929 Alpha:0.00005
[MOE_TRACE] Group:0 Prob:0.99754 Alpha:0.00005
[MOE_TRACE] Group:1 Prob:0.49929 Alpha:0.00005
[MOE_TRACE] Group:0 Prob:0.99754 Alpha:0.00005
[MOE_TRACE] Group:1 Prob:0.49929 Alpha:0.00005
[MOE_TRACE] Group:0 Prob:0.99754 Alpha:0.00005
[MOE_TRACE] Group:1 Prob:0.49929 Alpha:0.00005
[MOE_TRACE] Group:0 Prob:0.99754 Alpha:0.00005
[MOE_TRACE] Group:1 Prob:0.49929 Alpha:0.00005
[MOE_TRACE] Group:0 Prob:0.99754 Alpha:0.00005
[MOE_TRACE] Group:1 Prob:0.49929 Alpha:0.00005
[MOE_TRACE] Group:0 Prob:0.99754 Alpha:0.00005
[MOE_TRACE] Group:1 Prob:0.49929 Alpha:0.00005
[MOE_TRACE] Group:0 Prob:0.99754 Alpha:0.00005
[MOE_TRACE] Group:1 Prob:0.49929 Alpha:0.00005
[MOE_TRACE] Group:0 Prob:0.99754 Alpha:0.00005
[MOE_TRACE] Group:1 Prob:0.49929 Alpha:0.00005
[MOE_TRACE] Group:0 Prob:0.99754 Alpha:0.00005
[MOE_TRACE] Group:1 Prob:0.49929 Alpha:0.00005
[MOE_TRACE] Group:0 Prob:0.99754 Alpha:0.00005
[MOE_TRACE] Group:1 Prob:0.49929 Alpha:0.00005
[MOE_TRACE] Group:0 Prob:0.99754 Alpha:0.00005
[MOE_TRACE] Group:1 Prob:0.49929 Alpha:0.00005
[MOE_TRACE] Group:0 Prob:0.99754 Alpha:0.00005
[MOE_TRACE] Group:1 Prob:0.49929 Alpha:0.00005
[MOE_TRACE] Group:0 Prob:0.99754 Alpha:0.00005
[MOE_TRACE] Group:1 Prob:0.49928 Alpha:0.00005
[MOE_TRACE] Group:0 Prob:0.99754 Alpha:0.00005
[MOE_TRACE] Group:1 Prob:0.49928 Alpha:0.00005
[MOE_TRACE] Group:0 Prob:0.99754 Alpha:0.00005[MOE_TRACE] Group:0 Prob:0.99754 Alpha:0.00005

[MOE_TRACE] Group:1 Prob:0.49928 Alpha:0.00005
[MOE_TRACE] Group:1 Prob:0.49928 Alpha:0.00005
[MOE_TRACE] Group:0 Prob:0.99754 Alpha:0.00005
[MOE_TRACE] Group:1 Prob:0.49928 Alpha:0.00005
[MOE_TRACE] Group:0 Prob:0.99754 Alpha:0.00005
[MOE_TRACE] Group:1 Prob:0.49928 Alpha:0.00005
[MOE_TRACE] Group:0 Prob:0.99754 Alpha:0.00005
[MOE_TRACE] Group:1 Prob:0.49928 Alpha:0.00005
[MOE_TRACE] Group:0 Prob:0.99754 Alpha:0.00005
[MOE_TRACE] Group:1 Prob:0.49928 Alpha:0.00005
[MOE_TRACE] Group:0 Prob:0.99754 Alpha:0.00005
[MOE_TRACE] Group:1 Prob:0.49928 Alpha:0.00005
[MOE_TRACE] Group:0 Prob:0.99754 Alpha:0.00005
[MOE_TRACE] Group:1 Prob:0.49928 Alpha:0.00005
[MOE_TRACE] Group:0 Prob:0.99754 Alpha:0.00005
[MOE_TRACE] Group:1 Prob:0.49928 Alpha:0.00005
[MOE_TRACE] Group:0 Prob:0.99754 Alpha:0.00005
[MOE_TRACE] Group:1 Prob:0.49928 Alpha:0.00005
[MOE_TRACE] Group:0 Prob:0.99754 Alpha:0.00005
[MOE_TRACE] Group:1 Prob:0.49928 Alpha:0.00005
[MOE_TRACE] Group:0 Prob:0.99754 Alpha:0.00005
[MOE_TRACE] Group:1 Prob:0.49928 Alpha:0.00005
[MOE_TRACE] Group:0 Prob:0.99754 Alpha:0.00005
[MOE_TRACE] Group:1 Prob:0.49928 Alpha:0.00005
[MOE_TRACE] Group:0 Prob:0.99754 Alpha:0.00005
[MOE_TRACE] Group:1 Prob:0.49928 Alpha:0.00005
[MOE_TRACE] Group:0 Prob:0.99754 Alpha:0.00005
[MOE_TRACE] Group:1 Prob:0.49928 Alpha:0.00005
[MOE_TRACE] Group:0 Prob:0.99754 Alpha:0.00005
[MOE_TRACE] Group:1 Prob:0.49928 Alpha:0.00005
[MOE_TRACE] Group:0 Prob:0.99754 Alpha:0.00005
[MOE_TRACE] Group:1 Prob:0.49928 Alpha:0.00005
[MOE_TRACE] Group:0 Prob:0.99754 Alpha:0.00005
[MOE_TRACE] Group:1 Prob:0.49928 Alpha:0.00005
[MOE_TRACE] Group:0 Prob:0.99754 Alpha:0.00005
[MOE_TRACE] Group:1 Prob:0.49927 Alpha:0.00005
[MOE_TRACE] Group:0 Prob:0.99754 Alpha:0.00005
[MOE_TRACE] Group:1 Prob:0.49928 Alpha:0.00005
[MOE_TRACE] Group:0 Prob:0.99754 Alpha:0.00005
[MOE_TRACE] Group:0 Prob:0.99754 Alpha:0.00005[MOE_TRACE] Group:1 Prob:0.49928 Alpha:0.00005

[MOE_TRACE] Group:1 Prob:0.49928 Alpha:0.00005
[MOE_TRACE] Group:0 Prob:0.99754 Alpha:0.00005
[MOE_TRACE] Group:1 Prob:0.49927 Alpha:0.00005
[MOE_TRACE] Group:0 Prob:0.99754 Alpha:0.00005
[MOE_TRACE] Group:1 Prob:0.49927 Alpha:0.00005
[MOE_TRACE] Group:0 Prob:0.99754 Alpha:0.00005
[MOE_TRACE] Group:1 Prob:0.49927 Alpha:0.00005
[MOE_TRACE] Group:0 Prob:0.99754 Alpha:0.00005
[MOE_TRACE] Group:1 Prob:0.49927 Alpha:0.00005
[MOE_TRACE] Group:0 Prob:0.99754 Alpha:0.00005
[MOE_TRACE] Group:1 Prob:0.49927 Alpha:0.00005
[MOE_TRACE] Group:0 Prob:0.99754 Alpha:0.00005
[MOE_TRACE] Group:1 Prob:0.49927 Alpha:0.00005
[MOE_TRACE] Group:0 Prob:0.99754 Alpha:0.00005
[MOE_TRACE] Group:1 Prob:0.49927 Alpha:0.00005
[MOE_TRACE] Group:0 Prob:0.99754 Alpha:0.00005
[MOE_TRACE] Group:1 Prob:0.49928 Alpha:0.00005
[MOE_TRACE] Group:0 Prob:0.99754 Alpha:0.00005
[MOE_TRACE] Group:1 Prob:0.49928 Alpha:0.00005
[MOE_TRACE] Group:0 Prob:0.99754 Alpha:0.00005
[MOE_TRACE] Group:1 Prob:0.49928 Alpha:0.00005
[MOE_TRACE] Group:0 Prob:0.99754 Alpha:0.00005
[MOE_TRACE] Group:1 Prob:0.49928 Alpha:0.00005
[MOE_TRACE] Group:0 Prob:0.99754 Alpha:0.00005
[MOE_TRACE] Group:1 Prob:0.49928 Alpha:0.00005
[MOE_TRACE] Group:0 Prob:0.99754 Alpha:0.00005
[MOE_TRACE] Group:1 Prob:0.49928 Alpha:0.00005
[MOE_TRACE] Group:0 Prob:0.99754 Alpha:0.00005
[MOE_TRACE] Group:0 Prob:0.99754 Alpha:0.00005
[MOE_TRACE] Group:1 Prob:0.49928 Alpha:0.00005
[MOE_TRACE] Group:1 Prob:0.49928 Alpha:0.00005
[MOE_TRACE] Group:1 Prob:0.49927 Alpha:0.00005
[MOE_TRACE] Group:0 Prob:0.99754 Alpha:0.00005
[MOE_TRACE] Group:1 Prob:0.49927 Alpha:0.00005
[MOE_TRACE] Group:0 Prob:0.99754 Alpha:0.00005
[MOE_TRACE] Group:1 Prob:0.49927 Alpha:0.00005
[MOE_TRACE] Group:0 Prob:0.99754 Alpha:0.00005
[MOE_TRACE] Group:1 Prob:0.49927 Alpha:0.00005
[MOE_TRACE] Group:0 Prob:0.99754 Alpha:0.00005
[MOE_TRACE] Group:1 Prob:0.49927 Alpha:0.00005
[MOE_TRACE] Group:0 Prob:0.99754 Alpha:0.00005
[MOE_TRACE] Group:1 Prob:0.49927 Alpha:0.00005
[MOE_TRACE] Group:0 Prob:0.99754 Alpha:0.00005
[MOE_TRACE] Group:1 Prob:0.49927 Alpha:0.00005
[MOE_TRACE] Group:0 Prob:0.99754 Alpha:0.00005
[MOE_TRACE] Group:1 Prob:0.49927 Alpha:0.00005
[MOE_TRACE] Group:0 Prob:0.99754 Alpha:0.00005
[MOE_TRACE] Group:1 Prob:0.49927 Alpha:0.00005
[MOE_TRACE] Group:0 Prob:0.99754 Alpha:0.00005
[MOE_TRACE] Group:1 Prob:0.49927 Alpha:0.00005
[MOE_TRACE] Group:0 Prob:0.99754 Alpha:0.00005
[MOE_TRACE] Group:1 Prob:0.49927 Alpha:0.00005
[MOE_TRACE] Group:0 Prob:0.99754 Alpha:0.00005
[MOE_TRACE] Group:1 Prob:0.49927 Alpha:0.00005
[MOE_TRACE] Group:0 Prob:0.99754 Alpha:0.00005
[MOE_TRACE] Group:1 Prob:0.49927 Alpha:0.00005
[MOE_TRACE] Group:0 Prob:0.99754 Alpha:0.00005
[MOE_TRACE] Group:1 Prob:0.49927 Alpha:0.00005
[MOE_TRACE] Group:0 Prob:0.99754 Alpha:0.00005
[MOE_TRACE] Group:1 Prob:0.49927 Alpha:0.00005
[MOE_TRACE] Group:0 Prob:0.99754 Alpha:0.00005
[MOE_TRACE] Group:1 Prob:0.49927 Alpha:0.00005
[MOE_TRACE] Group:0 Prob:0.99754 Alpha:0.00005[MOE_TRACE] Group:0 Prob:0.99754 Alpha:0.00005

[MOE_TRACE] Group:1 Prob:0.49927 Alpha:0.00005
[MOE_TRACE] Group:1 Prob:0.49927 Alpha:0.00005
[MOE_TRACE] Group:0 Prob:0.99754 Alpha:0.00005
[MOE_TRACE] Group:1 Prob:0.49927 Alpha:0.00005
[MOE_TRACE] Group:0 Prob:0.99754 Alpha:0.00005
[MOE_TRACE] Group:1 Prob:0.49927 Alpha:0.00005
[MOE_TRACE] Group:0 Prob:0.99754 Alpha:0.00005
[MOE_TRACE] Group:1 Prob:0.49927 Alpha:0.00005
[MOE_TRACE] Group:0 Prob:0.99754 Alpha:0.00005
[MOE_TRACE] Group:1 Prob:0.49927 Alpha:0.00005
[MOE_TRACE] Group:0 Prob:0.99754 Alpha:0.00005
[MOE_TRACE] Group:0 Prob:0.99754 Alpha:0.00005[MOE_TRACE] Group:1 Prob:0.49927 Alpha:0.00005

[MOE_TRACE] Group:1 Prob:0.49927 Alpha:0.00005
[MOE_TRACE] Group:0 Prob:0.99754 Alpha:0.00005
[MOE_TRACE] Group:1 Prob:0.49927 Alpha:0.00005
[MOE_TRACE] Group:0 Prob:0.99754 Alpha:0.00005
[MOE_TRACE] Group:1 Prob:0.49927 Alpha:0.00005
[MOE_TRACE] Group:0 Prob:0.99754 Alpha:0.00005
[MOE_TRACE] Group:1 Prob:0.49927 Alpha:0.00005
[MOE_TRACE] Group:0 Prob:0.99754 Alpha:0.00005
[MOE_TRACE] Group:1 Prob:0.49927 Alpha:0.00005
[MOE_TRACE] Group:0 Prob:0.99754 Alpha:0.00005
[MOE_TRACE] Group:1 Prob:0.49928 Alpha:0.00005
[MOE_TRACE] Group:0 Prob:0.99754 Alpha:0.00005
[MOE_TRACE] Group:1 Prob:0.49928 Alpha:0.00005
[MOE_TRACE] Group:0 Prob:0.99754 Alpha:0.00005
[MOE_TRACE] Group:1 Prob:0.49928 Alpha:0.00005
[MOE_TRACE] Group:0 Prob:0.99754 Alpha:0.00005
[MOE_TRACE] Group:1 Prob:0.49928 Alpha:0.00005
[MOE_TRACE] Group:0 Prob:0.99754 Alpha:0.00005
[MOE_TRACE] Group:1 Prob:0.49928 Alpha:0.00005
[MOE_TRACE] Group:0 Prob:0.99754 Alpha:0.00005
[MOE_TRACE] Group:1 Prob:0.49928 Alpha:0.00005
[MOE_TRACE] Group:0 Prob:0.99754 Alpha:0.00005
[MOE_TRACE] Group:1 Prob:0.49928 Alpha:0.00005
[MOE_TRACE] Group:0 Prob:0.99754 Alpha:0.00005
[MOE_TRACE] Group:1 Prob:0.49928 Alpha:0.00005
[MOE_TRACE] Group:1 Prob:0.49928 Alpha:0.00005
[MOE_TRACE] Group:0 Prob:0.99754 Alpha:0.00005
[MOE_TRACE] Group:1 Prob:0.49928 Alpha:0.00005
[MOE_TRACE] Group:0 Prob:0.99754 Alpha:0.00005
[MOE_TRACE] Group:1 Prob:0.49928 Alpha:0.00005
[MOE_TRACE] Group:0 Prob:0.99754 Alpha:0.00005
[MOE_TRACE] Group:1 Prob:0.49928 Alpha:0.00005
[MOE_TRACE] Group:0 Prob:0.99754 Alpha:0.00005
[MOE_TRACE] Group:1 Prob:0.49928 Alpha:0.00005
[MOE_TRACE] Group:0 Prob:0.99754 Alpha:0.00005
[MOE_TRACE] Group:1 Prob:0.49928 Alpha:0.00005
[MOE_TRACE] Group:0 Prob:0.99754 Alpha:0.00005
[MOE_TRACE] Group:1 Prob:0.49928 Alpha:0.00005
[MOE_TRACE] Group:0 Prob:0.99754 Alpha:0.00005
[MOE_TRACE] Group:1 Prob:0.49928 Alpha:0.00005
[MOE_TRACE] Group:0 Prob:0.99754 Alpha:0.00005
[MOE_TRACE] Group:0 Prob:0.99754 Alpha:0.00005[MOE_TRACE] Group:1 Prob:0.49929 Alpha:0.00005

[MOE_TRACE] Group:1 Prob:0.49929 Alpha:0.00005
[MOE_TRACE] Group:0 Prob:0.99754 Alpha:0.00005
[MOE_TRACE] Group:1 Prob:0.49929 Alpha:0.00005
[MOE_TRACE] Group:0 Prob:0.99754 Alpha:0.00005
[MOE_TRACE] Group:1 Prob:0.49929 Alpha:0.00005
[MOE_TRACE] Group:0 Prob:0.99754 Alpha:0.00005
[MOE_TRACE] Group:1 Prob:0.49929 Alpha:0.00005
[MOE_TRACE] Group:0 Prob:0.99754 Alpha:0.00005
[MOE_TRACE] Group:1 Prob:0.49929 Alpha:0.00005
[MOE_TRACE] Group:0 Prob:0.99754 Alpha:0.00005
[MOE_TRACE] Group:1 Prob:0.49929 Alpha:0.00005
[MOE_TRACE] Group:0 Prob:0.99754 Alpha:0.00005
[MOE_TRACE] Group:1 Prob:0.49929 Alpha:0.00005
[MOE_TRACE] Group:0 Prob:0.99754 Alpha:0.00005
[MOE_TRACE] Group:1 Prob:0.49929 Alpha:0.00005
[MOE_TRACE] Group:0 Prob:0.99754 Alpha:0.00005
[MOE_TRACE] Group:1 Prob:0.49929 Alpha:0.00005
[MOE_TRACE] Group:0 Prob:0.99754 Alpha:0.00005
[MOE_TRACE] Group:1 Prob:0.49929 Alpha:0.00005
[MOE_TRACE] Group:0 Prob:0.99754 Alpha:0.00005
[MOE_TRACE] Group:1 Prob:0.49929 Alpha:0.00005
[MOE_TRACE] Group:0 Prob:0.99754 Alpha:0.00005
[MOE_TRACE] Group:1 Prob:0.49929 Alpha:0.00005
[MOE_TRACE] Group:0 Prob:0.99754 Alpha:0.00005
[MOE_TRACE] Group:1 Prob:0.49929 Alpha:0.00005
[MOE_TRACE] Group:0 Prob:0.99754 Alpha:0.00005
[MOE_TRACE] Group:1 Prob:0.49929 Alpha:0.00005
[MOE_TRACE] Group:0 Prob:0.99754 Alpha:0.00005
[MOE_TRACE] Group:1 Prob:0.49929 Alpha:0.00005
[MOE_TRACE] Group:0 Prob:0.99754 Alpha:0.00005
[MOE_TRACE] Group:0 Prob:0.99754 Alpha:0.00005
[MOE_TRACE] Group:1 Prob:0.49929 Alpha:0.00005
[MOE_TRACE] Group:0 Prob:0.99754 Alpha:0.00005
[MOE_TRACE] Group:1 Prob:0.49929 Alpha:0.00005
[MOE_TRACE] Group:1 Prob:0.49929 Alpha:0.00005
[MOE_TRACE] Group:0 Prob:0.99754 Alpha:0.00005
[MOE_TRACE] Group:1 Prob:0.49929 Alpha:0.00005
[MOE_TRACE] Group:0 Prob:0.99754 Alpha:0.00005
[MOE_TRACE] Group:1 Prob:0.49929 Alpha:0.00005
[MOE_TRACE] Group:0 Prob:0.99754 Alpha:0.00005
[MOE_TRACE] Group:1 Prob:0.49929 Alpha:0.00005
[MOE_TRACE] Group:0 Prob:0.99754 Alpha:0.00005
[MOE_TRACE] Group:1 Prob:0.49929 Alpha:0.00005
[MOE_TRACE] Group:0 Prob:0.99754 Alpha:0.00005
[MOE_TRACE] Group:1 Prob:0.49929 Alpha:0.00005
[MOE_TRACE] Group:0 Prob:0.99754 Alpha:0.00005
[MOE_TRACE] Group:1 Prob:0.49929 Alpha:0.00005
[MOE_TRACE] Group:0 Prob:0.99754 Alpha:0.00005
[MOE_TRACE] Group:1 Prob:0.49929 Alpha:0.00005
[MOE_TRACE] Group:0 Prob:0.99754 Alpha:0.00005
[MOE_TRACE] Group:1 Prob:0.49929 Alpha:0.00005
[MOE_TRACE] Group:0 Prob:0.99754 Alpha:0.00005
[MOE_TRACE] Group:1 Prob:0.49929 Alpha:0.00005
[MOE_TRACE] Group:0 Prob:0.99754 Alpha:0.00005
[MOE_TRACE] Group:1 Prob:0.49929 Alpha:0.00005
[MOE_TRACE] Group:0 Prob:0.99754 Alpha:0.00005
[MOE_TRACE] Group:1 Prob:0.49929 Alpha:0.00005
[MOE_TRACE] Group:0 Prob:0.99754 Alpha:0.00005
[MOE_TRACE] Group:1 Prob:0.49929 Alpha:0.00005
[MOE_TRACE] Group:0 Prob:0.99754 Alpha:0.00005
[MOE_TRACE] Group:1 Prob:0.49929 Alpha:0.00005
[MOE_TRACE] Group:0 Prob:0.99754 Alpha:0.00005
[MOE_TRACE] Group:1 Prob:0.49929 Alpha:0.00005
[MOE_TRACE] Group:0 Prob:0.99754 Alpha:0.00005
[MOE_TRACE] Group:1 Prob:0.49929 Alpha:0.00005
[MOE_TRACE] Group:0 Prob:0.99754 Alpha:0.00005
[MOE_TRACE] Group:1 Prob:0.49929 Alpha:0.00005
[MOE_TRACE] Group:0 Prob:0.99754 Alpha:0.00005
[MOE_TRACE] Group:1 Prob:0.49929 Alpha:0.00005
[MOE_TRACE] Group:0 Prob:0.99754 Alpha:0.00005
[MOE_TRACE] Group:0 Prob:0.99754 Alpha:0.00005
[MOE_TRACE] Group:1 Prob:0.49929 Alpha:0.00005
[MOE_TRACE] Group:1 Prob:0.49929 Alpha:0.00005
[MOE_TRACE] Group:0 Prob:0.99754 Alpha:0.00005
[MOE_TRACE] Group:1 Prob:0.49929 Alpha:0.00005
[MOE_TRACE] Group:0 Prob:0.99754 Alpha:0.00005
[MOE_TRACE] Group:1 Prob:0.49929 Alpha:0.00005
[MOE_TRACE] Group:0 Prob:0.99754 Alpha:0.00005
[MOE_TRACE] Group:1 Prob:0.49929 Alpha:0.00005
[MOE_TRACE] Group:0 Prob:0.99754 Alpha:0.00005
[MOE_TRACE] Group:1 Prob:0.49929 Alpha:0.00005
[MOE_TRACE] Group:0 Prob:0.99754 Alpha:0.00005
[MOE_TRACE] Group:1 Prob:0.49929 Alpha:0.00005
[MOE_TRACE] Group:0 Prob:0.99754 Alpha:0.00005
[MOE_TRACE] Group:1 Prob:0.49929 Alpha:0.00005
[MOE_TRACE] Group:0 Prob:0.99754 Alpha:0.00005
[MOE_TRACE] Group:1 Prob:0.49929 Alpha:0.00005
[MOE_TRACE] Group:0 Prob:0.99754 Alpha:0.00005
[MOE_TRACE] Group:1 Prob:0.49929 Alpha:0.00005
[MOE_TRACE] Group:0 Prob:0.99754 Alpha:0.00005
[MOE_TRACE] Group:1 Prob:0.49929 Alpha:0.00005
[MOE_TRACE] Group:0 Prob:0.99754 Alpha:0.00005
[MOE_TRACE] Group:1 Prob:0.49929 Alpha:0.00005
[MOE_TRACE] Group:0 Prob:0.99754 Alpha:0.00005
[MOE_TRACE] Group:1 Prob:0.49929 Alpha:0.00005
[MOE_TRACE] Group:0 Prob:0.99754 Alpha:0.00005
[MOE_TRACE] Group:1 Prob:0.49929 Alpha:0.00005
[MOE_TRACE] Group:0 Prob:0.99754 Alpha:0.00005
[MOE_TRACE] Group:1 Prob:0.49929 Alpha:0.00005
[MOE_TRACE] Group:0 Prob:0.99754 Alpha:0.00005
[MOE_TRACE] Group:1 Prob:0.49929 Alpha:0.00005
[MOE_TRACE] Group:0 Prob:0.99754 Alpha:0.00005
[MOE_TRACE] Group:1 Prob:0.49928 Alpha:0.00005
[MOE_TRACE] Group:0 Prob:0.99754 Alpha:0.00005
[MOE_TRACE] Group:1 Prob:0.49928 Alpha:0.00005
[MOE_TRACE] Group:0 Prob:0.99754 Alpha:0.00005
[MOE_TRACE] Group:1 Prob:0.49928 Alpha:0.00005
[MOE_TRACE] Group:0 Prob:0.99754 Alpha:0.00005
[MOE_TRACE] Group:1 Prob:0.49928 Alpha:0.00005
[MOE_TRACE] Group:0 Prob:0.99754 Alpha:0.00005
[MOE_TRACE] Group:1 Prob:0.49928 Alpha:0.00005
[MOE_TRACE] Group:0 Prob:0.99754 Alpha:0.00005
[MOE_TRACE] Group:1 Prob:0.49928 Alpha:0.00005
[MOE_TRACE] Group:0 Prob:0.99754 Alpha:0.00005
[MOE_TRACE] Group:1 Prob:0.49928 Alpha:0.00005
[MOE_TRACE] Group:0 Prob:0.99754 Alpha:0.00005
[MOE_TRACE] Group:1 Prob:0.49928 Alpha:0.00005
[MOE_TRACE] Group:0 Prob:0.99754 Alpha:0.00005
[MOE_TRACE] Group:1 Prob:0.49928 Alpha:0.00005
[MOE_TRACE] Group:0 Prob:0.99754 Alpha:0.00005
[MOE_TRACE] Group:1 Prob:0.49928 Alpha:0.00005
[MOE_TRACE] Group:0 Prob:0.99754 Alpha:0.00005
[MOE_TRACE] Group:1 Prob:0.49928 Alpha:0.00005
[MOE_TRACE] Group:0 Prob:0.99754 Alpha:0.00005
[MOE_TRACE] Group:1 Prob:0.49928 Alpha:0.00005
[MOE_TRACE] Group:0 Prob:0.99754 Alpha:0.00005
[MOE_TRACE] Group:1 Prob:0.49928 Alpha:0.00005
[MOE_TRACE] Group:0 Prob:0.99754 Alpha:0.00005
[MOE_TRACE] Group:1 Prob:0.49928 Alpha:0.00005
[MOE_TRACE] Group:0 Prob:0.99754 Alpha:0.00005
[MOE_TRACE] Group:1 Prob:0.49928 Alpha:0.00005
[MOE_TRACE] Group:0 Prob:0.99754 Alpha:0.00005
[MOE_TRACE] Group:1 Prob:0.49928 Alpha:0.00005
[MOE_TRACE] Group:0 Prob:0.99754 Alpha:0.00005
[MOE_TRACE] Group:1 Prob:0.49927 Alpha:0.00005
[MOE_TRACE] Group:0 Prob:0.99754 Alpha:0.00005
[MOE_TRACE] Group:1 Prob:0.49927 Alpha:0.00005
[MOE_TRACE] Group:0 Prob:0.99754 Alpha:0.00005
[MOE_TRACE] Group:1 Prob:0.49927 Alpha:0.00005
[MOE_TRACE] Group:0 Prob:0.99754 Alpha:0.00005
[MOE_TRACE] Group:1 Prob:0.49927 Alpha:0.00005
[MOE_TRACE] Group:0 Prob:0.99754 Alpha:0.00005
[MOE_TRACE] Group:1 Prob:0.49927 Alpha:0.00005
[MOE_TRACE] Group:0 Prob:0.99754 Alpha:0.00005
[MOE_TRACE] Group:1 Prob:0.49927 Alpha:0.00005
[MOE_TRACE] Group:0 Prob:0.99754 Alpha:0.00005
[MOE_TRACE] Group:1 Prob:0.49927 Alpha:0.00005
[MOE_TRACE] Group:0 Prob:0.99754 Alpha:0.00005
[MOE_TRACE] Group:1 Prob:0.49927 Alpha:0.00005
[MOE_TRACE] Group:0 Prob:0.99754 Alpha:0.00005
[MOE_TRACE] Group:1 Prob:0.49927 Alpha:0.00005
[MOE_TRACE] Group:0 Prob:0.99754 Alpha:0.00005
[MOE_TRACE] Group:1 Prob:0.49927 Alpha:0.00005
[MOE_TRACE] Group:0 Prob:0.99754 Alpha:0.00005
[MOE_TRACE] Group:1 Prob:0.49927 Alpha:0.00005
[MOE_TRACE] Group:0 Prob:0.99754 Alpha:0.00005
[MOE_TRACE] Group:1 Prob:0.49927 Alpha:0.00005
[MOE_TRACE] Group:0 Prob:0.99754 Alpha:0.00005
[MOE_TRACE] Group:1 Prob:0.49927 Alpha:0.00005
[MOE_TRACE] Group:0 Prob:0.99754 Alpha:0.00005
[MOE_TRACE] Group:1 Prob:0.49927 Alpha:0.00005
[MOE_TRACE] Group:0 Prob:0.99754 Alpha:0.00005
[MOE_TRACE] Group:1 Prob:0.49927 Alpha:0.00005
[MOE_TRACE] Group:0 Prob:0.99754 Alpha:0.00005
[MOE_TRACE] Group:1 Prob:0.49927 Alpha:0.00005
[MOE_TRACE] Group:0 Prob:0.99754 Alpha:0.00005
[MOE_TRACE] Group:1 Prob:0.49927 Alpha:0.00005
[MOE_TRACE] Group:0 Prob:0.99754 Alpha:0.00005
[MOE_TRACE] Group:1 Prob:0.49927 Alpha:0.00005
[MOE_TRACE] Group:0 Prob:0.99754 Alpha:0.00005
[MOE_TRACE] Group:1 Prob:0.49927 Alpha:0.00005
[MOE_TRACE] Group:0 Prob:0.99754 Alpha:0.00005
[MOE_TRACE] Group:1 Prob:0.49927 Alpha:0.00005
[MOE_TRACE] Group:0 Prob:0.99754 Alpha:0.00005
[MOE_TRACE] Group:1 Prob:0.49927 Alpha:0.00005
[MOE_TRACE] Group:0 Prob:0.99754 Alpha:0.00005
[MOE_TRACE] Group:1 Prob:0.49927 Alpha:0.00005
[MOE_TRACE] Group:0 Prob:0.99754 Alpha:0.00005
[MOE_TRACE] Group:1 Prob:0.49927 Alpha:0.00005
[MOE_TRACE] Group:0 Prob:0.99754 Alpha:0.00005
[MOE_TRACE] Group:1 Prob:0.49927 Alpha:0.00005
[MOE_TRACE] Group:0 Prob:0.99754 Alpha:0.00005
[MOE_TRACE] Group:1 Prob:0.49927 Alpha:0.00005
[MOE_TRACE] Group:0 Prob:0.99754 Alpha:0.00005
[MOE_TRACE] Group:1 Prob:0.49927 Alpha:0.00005
[MOE_TRACE] Group:0 Prob:0.99754 Alpha:0.00005
[MOE_TRACE] Group:1 Prob:0.49927 Alpha:0.00005
[MOE_TRACE] Group:0 Prob:0.99754 Alpha:0.00005
[MOE_TRACE] Group:1 Prob:0.49927 Alpha:0.00005
[MOE_TRACE] Group:0 Prob:0.99754 Alpha:0.00005
[MOE_TRACE] Group:1 Prob:0.49927 Alpha:0.00005
[MOE_TRACE] Group:0 Prob:0.99754 Alpha:0.00005
[MOE_TRACE] Group:1 Prob:0.49927 Alpha:0.00005
[MOE_TRACE] Group:0 Prob:0.99754 Alpha:0.00005
[MOE_TRACE] Group:1 Prob:0.49927 Alpha:0.00005
[MOE_TRACE] Group:0 Prob:0.99754 Alpha:0.00005
[MOE_TRACE] Group:1 Prob:0.49927 Alpha:0.00005
[MOE_TRACE] Group:0 Prob:0.99754 Alpha:0.00005[MOE_TRACE] Group:0 Prob:0.99754 Alpha:0.00005

[MOE_TRACE] Group:1 Prob:0.49926 Alpha:0.00005[MOE_TRACE] Group:1 Prob:0.49926 Alpha:0.00005

[MOE_TRACE] Group:0 Prob:0.99754 Alpha:0.00005
[MOE_TRACE] Group:1 Prob:0.49926 Alpha:0.00005
[MOE_TRACE] Group:0 Prob:0.99754 Alpha:0.00005
[MOE_TRACE] Group:1 Prob:0.49926 Alpha:0.00005
[MOE_TRACE] Group:0 Prob:0.99754 Alpha:0.00005
[MOE_TRACE] Group:1 Prob:0.49926 Alpha:0.00005
[MOE_TRACE] Group:0 Prob:0.99754 Alpha:0.00005
[MOE_TRACE] Group:1 Prob:0.49926 Alpha:0.00005
[MOE_TRACE] Group:0 Prob:0.99754 Alpha:0.00005
[MOE_TRACE] Group:1 Prob:0.49926 Alpha:0.00005
[MOE_TRACE] Group:0 Prob:0.99754 Alpha:0.00005
[MOE_TRACE] Group:1 Prob:0.49926 Alpha:0.00005
[MOE_TRACE] Group:0 Prob:0.99754 Alpha:0.00005
[MOE_TRACE] Group:1 Prob:0.49926 Alpha:0.00005
[MOE_TRACE] Group:0 Prob:0.99754 Alpha:0.00005
[MOE_TRACE] Group:1 Prob:0.49926 Alpha:0.00005
[MOE_TRACE] Group:0 Prob:0.99754 Alpha:0.00005
[MOE_TRACE] Group:1 Prob:0.49926 Alpha:0.00005
[MOE_TRACE] Group:0 Prob:0.99754 Alpha:0.00005
[MOE_TRACE] Group:1 Prob:0.49926 Alpha:0.00005
[MOE_TRACE] Group:0 Prob:0.99754 Alpha:0.00005
[MOE_TRACE] Group:1 Prob:0.49925 Alpha:0.00005
[MOE_TRACE] Group:0 Prob:0.99754 Alpha:0.00005
[MOE_TRACE] Group:1 Prob:0.49925 Alpha:0.00005
[MOE_TRACE] Group:0 Prob:0.99754 Alpha:0.00005
[MOE_TRACE] Group:1 Prob:0.49925 Alpha:0.00005
[MOE_TRACE] Group:0 Prob:0.99754 Alpha:0.00005
[MOE_TRACE] Group:1 Prob:0.49925 Alpha:0.00005
[MOE_TRACE] Group:0 Prob:0.99754 Alpha:0.00005
[MOE_TRACE] Group:1 Prob:0.49925 Alpha:0.00005
[MOE_TRACE] Group:0 Prob:0.99754 Alpha:0.00005
[MOE_TRACE] Group:1 Prob:0.49925 Alpha:0.00005
[MOE_TRACE] Group:0 Prob:0.99754 Alpha:0.00005
[MOE_TRACE] Group:1 Prob:0.49925 Alpha:0.00005
[MOE_TRACE] Group:0 Prob:0.99754 Alpha:0.00005
[MOE_TRACE] Group:1 Prob:0.49925 Alpha:0.00005
[MOE_TRACE] Group:0 Prob:0.99754 Alpha:0.00005
[MOE_TRACE] Group:1 Prob:0.49925 Alpha:0.00005
[MOE_TRACE] Group:0 Prob:0.99754 Alpha:0.00005
[MOE_TRACE] Group:1 Prob:0.49925 Alpha:0.00005
[MOE_TRACE] Group:0 Prob:0.99754 Alpha:0.00005
[MOE_TRACE] Group:1 Prob:0.49925 Alpha:0.00005
[MOE_TRACE] Group:0 Prob:0.99754 Alpha:0.00005
[MOE_TRACE] Group:1 Prob:0.49925 Alpha:0.00005
[MOE_TRACE] Group:0 Prob:0.99754 Alpha:0.00005
[MOE_TRACE] Group:0 Prob:0.99754 Alpha:0.00005
[MOE_TRACE] Group:1 Prob:0.49925 Alpha:0.00005
[MOE_TRACE] Group:1 Prob:0.49925 Alpha:0.00005
[MOE_TRACE] Group:0 Prob:0.99754 Alpha:0.00005
[MOE_TRACE] Group:1 Prob:0.49925 Alpha:0.00005
[MOE_TRACE] Group:0 Prob:0.99754 Alpha:0.00005
[MOE_TRACE] Group:1 Prob:0.49925 Alpha:0.00005
[MOE_TRACE] Group:0 Prob:0.99754 Alpha:0.00005
[MOE_TRACE] Group:1 Prob:0.49925 Alpha:0.00005
[MOE_TRACE] Group:0 Prob:0.99754 Alpha:0.00005
[MOE_TRACE] Group:1 Prob:0.49925 Alpha:0.00005
[MOE_TRACE] Group:0 Prob:0.99754 Alpha:0.00005
[MOE_TRACE] Group:1 Prob:0.49925 Alpha:0.00005
[MOE_TRACE] Group:0 Prob:0.99754 Alpha:0.00005
[MOE_TRACE] Group:1 Prob:0.49925 Alpha:0.00005
[MOE_TRACE] Group:0 Prob:0.99754 Alpha:0.00005
[MOE_TRACE] Group:1 Prob:0.49925 Alpha:0.00005
[MOE_TRACE] Group:0 Prob:0.99754 Alpha:0.00005
[MOE_TRACE] Group:1 Prob:0.49925 Alpha:0.00005
[MOE_TRACE] Group:0 Prob:0.99754 Alpha:0.00005
[MOE_TRACE] Group:1 Prob:0.49925 Alpha:0.00005
[MOE_TRACE] Group:0 Prob:0.99754 Alpha:0.00005
[MOE_TRACE] Group:1 Prob:0.49925 Alpha:0.00005
[MOE_TRACE] Group:0 Prob:0.99754 Alpha:0.00005[MOE_TRACE] Group:0 Prob:0.99754 Alpha:0.00005

[MOE_TRACE] Group:1 Prob:0.49926 Alpha:0.00005
[MOE_TRACE] Group:1 Prob:0.49926 Alpha:0.00005
[MOE_TRACE] Group:0 Prob:0.99754 Alpha:0.00005
[MOE_TRACE] Group:1 Prob:0.49926 Alpha:0.00005
[MOE_TRACE] Group:0 Prob:0.99754 Alpha:0.00005
[MOE_TRACE] Group:1 Prob:0.49926 Alpha:0.00005
[MOE_TRACE] Group:0 Prob:0.99754 Alpha:0.00005
[MOE_TRACE] Group:1 Prob:0.49926 Alpha:0.00005
[MOE_TRACE] Group:0 Prob:0.99754 Alpha:0.00005
[MOE_TRACE] Group:1 Prob:0.49926 Alpha:0.00005
[MOE_TRACE] Group:0 Prob:0.99754 Alpha:0.00005
[MOE_TRACE] Group:1 Prob:0.49926 Alpha:0.00005
[MOE_TRACE] Group:0 Prob:0.99754 Alpha:0.00005
[MOE_TRACE] Group:1 Prob:0.49926 Alpha:0.00005
[MOE_TRACE] Group:0 Prob:0.99754 Alpha:0.00005
[MOE_TRACE] Group:1 Prob:0.49926 Alpha:0.00005
[MOE_TRACE] Group:0 Prob:0.99754 Alpha:0.00005
[MOE_TRACE] Group:1 Prob:0.49926 Alpha:0.00005
[MOE_TRACE] Group:0 Prob:0.99754 Alpha:0.00005
[MOE_TRACE] Group:1 Prob:0.49926 Alpha:0.00005
[MOE_TRACE] Group:0 Prob:0.99754 Alpha:0.00005
[MOE_TRACE] Group:1 Prob:0.49926 Alpha:0.00005
[MOE_TRACE] Group:0 Prob:0.99754 Alpha:0.00005
[MOE_TRACE] Group:1 Prob:0.49925 Alpha:0.00005
[MOE_TRACE] Group:0 Prob:0.99754 Alpha:0.00005
[MOE_TRACE] Group:1 Prob:0.49925 Alpha:0.00005
[MOE_TRACE] Group:0 Prob:0.99754 Alpha:0.00005
[MOE_TRACE] Group:1 Prob:0.49925 Alpha:0.00005
[MOE_TRACE] Group:0 Prob:0.99754 Alpha:0.00005
[MOE_TRACE] Group:1 Prob:0.49925 Alpha:0.00005
[MOE_TRACE] Group:0 Prob:0.99754 Alpha:0.00005
[MOE_TRACE] Group:1 Prob:0.49925 Alpha:0.00005
[MOE_TRACE] Group:0 Prob:0.99754 Alpha:0.00005
[MOE_TRACE] Group:1 Prob:0.49925 Alpha:0.00005
[MOE_TRACE] Group:0 Prob:0.99754 Alpha:0.00005
[MOE_TRACE] Group:1 Prob:0.49925 Alpha:0.00005
[MOE_TRACE] Group:0 Prob:0.99754 Alpha:0.00005
[MOE_TRACE] Group:1 Prob:0.49925 Alpha:0.00005
[MOE_TRACE] Group:0 Prob:0.99754 Alpha:0.00005
[MOE_TRACE] Group:1 Prob:0.49925 Alpha:0.00005
[MOE_TRACE] Group:0 Prob:0.99754 Alpha:0.00005
[MOE_TRACE] Group:1 Prob:0.49925 Alpha:0.00005
[MOE_TRACE] Group:0 Prob:0.99754 Alpha:0.00005
[MOE_TRACE] Group:1 Prob:0.49925 Alpha:0.00005
[MOE_TRACE] Group:0 Prob:0.99754 Alpha:0.00005
[MOE_TRACE] Group:1 Prob:0.49925 Alpha:0.00005
[MOE_TRACE] Group:0 Prob:0.99754 Alpha:0.00005
[MOE_TRACE] Group:1 Prob:0.49925 Alpha:0.00005
[MOE_TRACE] Group:0 Prob:0.99754 Alpha:0.00005
[MOE_TRACE] Group:1 Prob:0.49925 Alpha:0.00005
[MOE_TRACE] Group:0 Prob:0.99754 Alpha:0.00005
[MOE_TRACE] Group:1 Prob:0.49925 Alpha:0.00005
[MOE_TRACE] Group:0 Prob:0.99754 Alpha:0.00005
[MOE_TRACE] Group:1 Prob:0.49925 Alpha:0.00005
[MOE_TRACE] Group:0 Prob:0.99754 Alpha:0.00005
[MOE_TRACE] Group:1 Prob:0.49925 Alpha:0.00005
[MOE_TRACE] Group:0 Prob:0.99754 Alpha:0.00005
[MOE_TRACE] Group:1 Prob:0.49925 Alpha:0.00005
[MOE_TRACE] Group:0 Prob:0.99754 Alpha:0.00005
[MOE_TRACE] Group:1 Prob:0.49925 Alpha:0.00005
[MOE_TRACE] Group:0 Prob:0.99754 Alpha:0.00005
[MOE_TRACE] Group:1 Prob:0.49925 Alpha:0.00005
[MOE_TRACE] Group:0 Prob:0.99754 Alpha:0.00005
[MOE_TRACE] Group:1 Prob:0.49925 Alpha:0.00005
[MOE_TRACE] Group:0 Prob:0.99754 Alpha:0.00005[MOE_TRACE] Group:0 Prob:0.99754 Alpha:0.00005

[MOE_TRACE] Group:1 Prob:0.49925 Alpha:0.00005[MOE_TRACE] Group:1 Prob:0.49925 Alpha:0.00005

[MOE_TRACE] Group:0 Prob:0.99754 Alpha:0.00005
[MOE_TRACE] Group:1 Prob:0.49925 Alpha:0.00005
[MOE_TRACE] Group:0 Prob:0.99754 Alpha:0.00005
[MOE_TRACE] Group:1 Prob:0.49925 Alpha:0.00005
[MOE_TRACE] Group:0 Prob:0.99754 Alpha:0.00005
[MOE_TRACE] Group:1 Prob:0.49925 Alpha:0.00005
[MOE_TRACE] Group:0 Prob:0.99754 Alpha:0.00005
[MOE_TRACE] Group:1 Prob:0.49925 Alpha:0.00005
[MOE_TRACE] Group:0 Prob:0.99754 Alpha:0.00005
[MOE_TRACE] Group:1 Prob:0.49925 Alpha:0.00005
[MOE_TRACE] Group:0 Prob:0.99754 Alpha:0.00005
[MOE_TRACE] Group:1 Prob:0.49925 Alpha:0.00005
[MOE_TRACE] Group:0 Prob:0.99754 Alpha:0.00005
[MOE_TRACE] Group:1 Prob:0.49925 Alpha:0.00005
[MOE_TRACE] Group:0 Prob:0.99754 Alpha:0.00005
[MOE_TRACE] Group:1 Prob:0.49925 Alpha:0.00005
[MOE_TRACE] Group:0 Prob:0.99754 Alpha:0.00005
[MOE_TRACE] Group:1 Prob:0.49925 Alpha:0.00005
[MOE_TRACE] Group:0 Prob:0.99754 Alpha:0.00005
[MOE_TRACE] Group:1 Prob:0.49925 Alpha:0.00005
[MOE_TRACE] Group:0 Prob:0.99754 Alpha:0.00005
[MOE_TRACE] Group:1 Prob:0.49925 Alpha:0.00005
[MOE_TRACE] Group:0 Prob:0.99754 Alpha:0.00005
[MOE_TRACE] Group:1 Prob:0.49925 Alpha:0.00005
[MOE_TRACE] Group:0 Prob:0.99754 Alpha:0.00005
[MOE_TRACE] Group:1 Prob:0.49925 Alpha:0.00005
[MOE_TRACE] Group:0 Prob:0.99754 Alpha:0.00005
[MOE_TRACE] Group:1 Prob:0.49925 Alpha:0.00005
[MOE_TRACE] Group:0 Prob:0.99754 Alpha:0.00005
[MOE_TRACE] Group:1 Prob:0.49925 Alpha:0.00005
[MOE_TRACE] Group:0 Prob:0.99754 Alpha:0.00005
[MOE_TRACE] Group:1 Prob:0.49925 Alpha:0.00005
[MOE_TRACE] Group:0 Prob:0.99754 Alpha:0.00005
[MOE_TRACE] Group:1 Prob:0.49925 Alpha:0.00005
[MOE_TRACE] Group:0 Prob:0.99754 Alpha:0.00005
[MOE_TRACE] Group:1 Prob:0.49925 Alpha:0.00005
[MOE_TRACE] Group:0 Prob:0.99754 Alpha:0.00005
[MOE_TRACE] Group:1 Prob:0.49925 Alpha:0.00005
[MOE_TRACE] Group:0 Prob:0.99754 Alpha:0.00005
[MOE_TRACE] Group:1 Prob:0.49925 Alpha:0.00005
[MOE_TRACE] Group:0 Prob:0.99754 Alpha:0.00005
[MOE_TRACE] Group:1 Prob:0.49925 Alpha:0.00005
[MOE_TRACE] Group:0 Prob:0.99754 Alpha:0.00005
[MOE_TRACE] Group:0 Prob:0.99754 Alpha:0.00005
[MOE_TRACE] Group:1 Prob:0.49924 Alpha:0.00005
[MOE_TRACE] Group:0 Prob:0.99754 Alpha:0.00005[MOE_TRACE] Group:0 Prob:0.99754 Alpha:0.00005

[MOE_TRACE] Group:1 Prob:0.49924 Alpha:0.00005
[MOE_TRACE] Group:1 Prob:0.49924 Alpha:0.00005
[MOE_TRACE] Group:0 Prob:0.99754 Alpha:0.00005
[MOE_TRACE] Group:1 Prob:0.49924 Alpha:0.00005
[MOE_TRACE] Group:0 Prob:0.99754 Alpha:0.00005
[MOE_TRACE] Group:1 Prob:0.49924 Alpha:0.00005
[MOE_TRACE] Group:0 Prob:0.99754 Alpha:0.00005
[MOE_TRACE] Group:1 Prob:0.49924 Alpha:0.00005
[MOE_TRACE] Group:0 Prob:0.99754 Alpha:0.00005
[MOE_TRACE] Group:1 Prob:0.49924 Alpha:0.00005
[MOE_TRACE] Group:0 Prob:0.99754 Alpha:0.00005
[MOE_TRACE] Group:1 Prob:0.49924 Alpha:0.00005
[MOE_TRACE] Group:0 Prob:0.99754 Alpha:0.00005
[MOE_TRACE] Group:1 Prob:0.49924 Alpha:0.00005
[MOE_TRACE] Group:0 Prob:0.99754 Alpha:0.00005
[MOE_TRACE] Group:1 Prob:0.49924 Alpha:0.00005
[MOE_TRACE] Group:0 Prob:0.99754 Alpha:0.00005
[MOE_TRACE] Group:1 Prob:0.49924 Alpha:0.00005
[MOE_TRACE] Group:0 Prob:0.99754 Alpha:0.00005
[MOE_TRACE] Group:1 Prob:0.49924 Alpha:0.00005
[MOE_TRACE] Group:0 Prob:0.99754 Alpha:0.00005
[MOE_TRACE] Group:1 Prob:0.49924 Alpha:0.00005
[MOE_TRACE] Group:0 Prob:0.99754 Alpha:0.00005
[MOE_TRACE] Group:1 Prob:0.49924 Alpha:0.00005
[MOE_TRACE] Group:0 Prob:0.99754 Alpha:0.00005
[MOE_TRACE] Group:1 Prob:0.49924 Alpha:0.00005
[MOE_TRACE] Group:0 Prob:0.99754 Alpha:0.00005
[MOE_TRACE] Group:1 Prob:0.49923 Alpha:0.00005
[MOE_TRACE] Group:0 Prob:0.99754 Alpha:0.00005
[MOE_TRACE] Group:1 Prob:0.49923 Alpha:0.00005
[MOE_TRACE] Group:0 Prob:0.99754 Alpha:0.00005
[MOE_TRACE] Group:1 Prob:0.49923 Alpha:0.00005
[MOE_TRACE] Group:0 Prob:0.99754 Alpha:0.00005
[MOE_TRACE] Group:1 Prob:0.49923 Alpha:0.00005
[MOE_TRACE] Group:0 Prob:0.99754 Alpha:0.00005
[MOE_TRACE] Group:1 Prob:0.49924 Alpha:0.00005
[MOE_TRACE] Group:0 Prob:0.99754 Alpha:0.00005
[MOE_TRACE] Group:0 Prob:0.99754 Alpha:0.00005
[MOE_TRACE] Group:1 Prob:0.49924 Alpha:0.00005
[MOE_TRACE] Group:1 Prob:0.49924 Alpha:0.00005
[MOE_TRACE] Group:0 Prob:0.99754 Alpha:0.00005
[MOE_TRACE] Group:1 Prob:0.49924 Alpha:0.00005
[MOE_TRACE] Group:0 Prob:0.99754 Alpha:0.00005
[MOE_TRACE] Group:1 Prob:0.49924 Alpha:0.00005
[MOE_TRACE] Group:0 Prob:0.99754 Alpha:0.00005
[MOE_TRACE] Group:1 Prob:0.49924 Alpha:0.00005
[MOE_TRACE] Group:0 Prob:0.99754 Alpha:0.00005
[MOE_TRACE] Group:1 Prob:0.49924 Alpha:0.00005
[MOE_TRACE] Group:0 Prob:0.99754 Alpha:0.00005
[MOE_TRACE] Group:1 Prob:0.49924 Alpha:0.00005
[MOE_TRACE] Group:0 Prob:0.99754 Alpha:0.00005
[MOE_TRACE] Group:1 Prob:0.49924 Alpha:0.00005
[MOE_TRACE] Group:0 Prob:0.99754 Alpha:0.00005
[MOE_TRACE] Group:1 Prob:0.49924 Alpha:0.00005
[MOE_TRACE] Group:0 Prob:0.99754 Alpha:0.00005
[MOE_TRACE] Group:1 Prob:0.49924 Alpha:0.00005
[MOE_TRACE] Group:0 Prob:0.99754 Alpha:0.00005
[MOE_TRACE] Group:1 Prob:0.49924 Alpha:0.00005
[MOE_TRACE] Group:0 Prob:0.99754 Alpha:0.00005
[MOE_TRACE] Group:0 Prob:0.99754 Alpha:0.00005
[MOE_TRACE] Group:0 Prob:0.99754 Alpha:0.00005
[MOE_TRACE] Group:1 Prob:0.49924 Alpha:0.00005
[MOE_TRACE] Group:1 Prob:0.49924 Alpha:0.00005
[MOE_TRACE] Group:1 Prob:0.49924 Alpha:0.00005
[MOE_TRACE] Group:0 Prob:0.99754 Alpha:0.00005
[MOE_TRACE] Group:1 Prob:0.49924 Alpha:0.00005
[MOE_TRACE] Group:0 Prob:0.99754 Alpha:0.00005
[MOE_TRACE] Group:1 Prob:0.49924 Alpha:0.00005
[MOE_TRACE] Group:0 Prob:0.99754 Alpha:0.00005
[MOE_TRACE] Group:1 Prob:0.49924 Alpha:0.00005
[MOE_TRACE] Group:0 Prob:0.99754 Alpha:0.00005
[MOE_TRACE] Group:1 Prob:0.49924 Alpha:0.00005
[MOE_TRACE] Group:0 Prob:0.99754 Alpha:0.00005
[MOE_TRACE] Group:1 Prob:0.49924 Alpha:0.00005
[MOE_TRACE] Group:0 Prob:0.99754 Alpha:0.00005
[MOE_TRACE] Group:1 Prob:0.49924 Alpha:0.00005
[MOE_TRACE] Group:0 Prob:0.99754 Alpha:0.00005
[MOE_TRACE] Group:1 Prob:0.49924 Alpha:0.00005
[MOE_TRACE] Group:0 Prob:0.99754 Alpha:0.00005
[MOE_TRACE] Group:1 Prob:0.49924 Alpha:0.00005
[MOE_TRACE] Group:0 Prob:0.99754 Alpha:0.00005
[MOE_TRACE] Group:1 Prob:0.49924 Alpha:0.00005
[MOE_TRACE] Group:0 Prob:0.99754 Alpha:0.00005
[MOE_TRACE] Group:1 Prob:0.49924 Alpha:0.00005
[MOE_TRACE] Group:0 Prob:0.99754 Alpha:0.00005
[MOE_TRACE] Group:1 Prob:0.49924 Alpha:0.00005
[MOE_TRACE] Group:0 Prob:0.99754 Alpha:0.00005
[MOE_TRACE] Group:1 Prob:0.49924 Alpha:0.00005
[MOE_TRACE] Group:0 Prob:0.99754 Alpha:0.00005
[MOE_TRACE] Group:1 Prob:0.49924 Alpha:0.00005
[MOE_TRACE] Group:0 Prob:0.99754 Alpha:0.00005
[MOE_TRACE] Group:1 Prob:0.49924 Alpha:0.00005
[MOE_TRACE] Group:0 Prob:0.99754 Alpha:0.00005
[MOE_TRACE] Group:1 Prob:0.49924 Alpha:0.00005
[MOE_TRACE] Group:0 Prob:0.99754 Alpha:0.00005
[MOE_TRACE] Group:1 Prob:0.49924 Alpha:0.00005
[MOE_TRACE] Group:0 Prob:0.99754 Alpha:0.00005
[MOE_TRACE] Group:1 Prob:0.49924 Alpha:0.00005
[MOE_TRACE] Group:0 Prob:0.99754 Alpha:0.00005
[MOE_TRACE] Group:1 Prob:0.49924 Alpha:0.00005
[MOE_TRACE] Group:0 Prob:0.99754 Alpha:0.00005
[MOE_TRACE] Group:1 Prob:0.49924 Alpha:0.00005
[MOE_TRACE] Group:0 Prob:0.99754 Alpha:0.00005
[MOE_TRACE] Group:1 Prob:0.49924 Alpha:0.00005
[MOE_TRACE] Group:0 Prob:0.99754 Alpha:0.00005
[MOE_TRACE] Group:1 Prob:0.49924 Alpha:0.00005
	iters: 100, epoch: 4 | loss: 0.4623645 | Mem: 1845MB(Max:2203MB)
	speed: 3.6077s/iter; left time: 3355.1525s
[MOE_TRACE] Group:0 Prob:0.99754 Alpha:0.00005
[MOE_TRACE] Group:1 Prob:0.49924 Alpha:0.00005
[MOE_TRACE] Group:0 Prob:0.99754 Alpha:0.00005
[MOE_TRACE] Group:1 Prob:0.49924 Alpha:0.00005
[MOE_TRACE] Group:0 Prob:0.99754 Alpha:0.00005
[MOE_TRACE] Group:1 Prob:0.49924 Alpha:0.00005
[MOE_TRACE] Group:0 Prob:0.99754 Alpha:0.00005
[MOE_TRACE] Group:1 Prob:0.49924 Alpha:0.00005
[MOE_TRACE] Group:0 Prob:0.99754 Alpha:0.00005
[MOE_TRACE] Group:1 Prob:0.49924 Alpha:0.00005
[MOE_TRACE] Group:0 Prob:0.99754 Alpha:0.00005
[MOE_TRACE] Group:1 Prob:0.49924 Alpha:0.00005
[MOE_TRACE] Group:0 Prob:0.99754 Alpha:0.00005
[MOE_TRACE] Group:1 Prob:0.49924 Alpha:0.00005
[MOE_TRACE] Group:0 Prob:0.99754 Alpha:0.00005
[MOE_TRACE] Group:1 Prob:0.49924 Alpha:0.00005
[MOE_TRACE] Group:0 Prob:0.99754 Alpha:0.00005
[MOE_TRACE] Group:1 Prob:0.49924 Alpha:0.00005
[MOE_TRACE] Group:0 Prob:0.99754 Alpha:0.00005
[MOE_TRACE] Group:1 Prob:0.49924 Alpha:0.00005
[MOE_TRACE] Group:0 Prob:0.99754 Alpha:0.00005
[MOE_TRACE] Group:1 Prob:0.49924 Alpha:0.00005
[MOE_TRACE] Group:0 Prob:0.99754 Alpha:0.00005
[MOE_TRACE] Group:1 Prob:0.49924 Alpha:0.00005
[MOE_TRACE] Group:0 Prob:0.99754 Alpha:0.00005
[MOE_TRACE] Group:1 Prob:0.49925 Alpha:0.00005
[MOE_TRACE] Group:0 Prob:0.99754 Alpha:0.00005
[MOE_TRACE] Group:1 Prob:0.49925 Alpha:0.00005
[MOE_TRACE] Group:0 Prob:0.99754 Alpha:0.00005
[MOE_TRACE] Group:1 Prob:0.49925 Alpha:0.00005
[MOE_TRACE] Group:0 Prob:0.99754 Alpha:0.00005
[MOE_TRACE] Group:1 Prob:0.49925 Alpha:0.00005
[MOE_TRACE] Group:0 Prob:0.99754 Alpha:0.00005
[MOE_TRACE] Group:1 Prob:0.49924 Alpha:0.00005
[MOE_TRACE] Group:0 Prob:0.99754 Alpha:0.00005
[MOE_TRACE] Group:1 Prob:0.49924 Alpha:0.00005
[MOE_TRACE] Group:0 Prob:0.99754 Alpha:0.00005
[MOE_TRACE] Group:1 Prob:0.49924 Alpha:0.00005
[MOE_TRACE] Group:0 Prob:0.99754 Alpha:0.00005
[MOE_TRACE] Group:1 Prob:0.49924 Alpha:0.00005
[MOE_TRACE] Group:0 Prob:0.99754 Alpha:0.00005
[MOE_TRACE] Group:1 Prob:0.49924 Alpha:0.00005
[MOE_TRACE] Group:0 Prob:0.99754 Alpha:0.00005
[MOE_TRACE] Group:1 Prob:0.49924 Alpha:0.00005
[MOE_TRACE] Group:0 Prob:0.99754 Alpha:0.00005
[MOE_TRACE] Group:1 Prob:0.49924 Alpha:0.00005
[MOE_TRACE] Group:0 Prob:0.99754 Alpha:0.00005
[MOE_TRACE] Group:1 Prob:0.49924 Alpha:0.00005
[MOE_TRACE] Group:0 Prob:0.99754 Alpha:0.00005
[MOE_TRACE] Group:1 Prob:0.49924 Alpha:0.00005
[MOE_TRACE] Group:0 Prob:0.99754 Alpha:0.00005
[MOE_TRACE] Group:1 Prob:0.49924 Alpha:0.00005
[MOE_TRACE] Group:0 Prob:0.99754 Alpha:0.00005
[MOE_TRACE] Group:1 Prob:0.49924 Alpha:0.00005
[MOE_TRACE] Group:0 Prob:0.99754 Alpha:0.00005
[MOE_TRACE] Group:1 Prob:0.49924 Alpha:0.00005
[MOE_TRACE] Group:0 Prob:0.99754 Alpha:0.00005
[MOE_TRACE] Group:1 Prob:0.49923 Alpha:0.00005
[MOE_TRACE] Group:0 Prob:0.99754 Alpha:0.00005
[MOE_TRACE] Group:1 Prob:0.49923 Alpha:0.00005
[MOE_TRACE] Group:0 Prob:0.99754 Alpha:0.00005
[MOE_TRACE] Group:1 Prob:0.49923 Alpha:0.00005
[MOE_TRACE] Group:0 Prob:0.99754 Alpha:0.00005
[MOE_TRACE] Group:1 Prob:0.49923 Alpha:0.00005
[MOE_TRACE] Group:0 Prob:0.99754 Alpha:0.00005
[MOE_TRACE] Group:1 Prob:0.49923 Alpha:0.00005
[MOE_TRACE] Group:0 Prob:0.99754 Alpha:0.00005
[MOE_TRACE] Group:1 Prob:0.49923 Alpha:0.00005
[MOE_TRACE] Group:0 Prob:0.99754 Alpha:0.00005
[MOE_TRACE] Group:1 Prob:0.49923 Alpha:0.00005
[MOE_TRACE] Group:0 Prob:0.99754 Alpha:0.00005
[MOE_TRACE] Group:1 Prob:0.49923 Alpha:0.00005
[MOE_TRACE] Group:0 Prob:0.99754 Alpha:0.00005
[MOE_TRACE] Group:1 Prob:0.49924 Alpha:0.00005
[MOE_TRACE] Group:0 Prob:0.99754 Alpha:0.00005
[MOE_TRACE] Group:1 Prob:0.49924 Alpha:0.00005
[MOE_TRACE] Group:0 Prob:0.99754 Alpha:0.00005
[MOE_TRACE] Group:1 Prob:0.49924 Alpha:0.00005
[MOE_TRACE] Group:0 Prob:0.99754 Alpha:0.00005
[MOE_TRACE] Group:1 Prob:0.49924 Alpha:0.00005
[MOE_TRACE] Group:0 Prob:0.99754 Alpha:0.00005
[MOE_TRACE] Group:1 Prob:0.49924 Alpha:0.00005
[MOE_TRACE] Group:0 Prob:0.99754 Alpha:0.00005
[MOE_TRACE] Group:1 Prob:0.49924 Alpha:0.00005
[MOE_TRACE] Group:0 Prob:0.99754 Alpha:0.00005
[MOE_TRACE] Group:1 Prob:0.49924 Alpha:0.00005
[MOE_TRACE] Group:0 Prob:0.99754 Alpha:0.00005
[MOE_TRACE] Group:1 Prob:0.49924 Alpha:0.00005
[MOE_TRACE] Group:0 Prob:0.99754 Alpha:0.00005
[MOE_TRACE] Group:1 Prob:0.49924 Alpha:0.00005
[MOE_TRACE] Group:0 Prob:0.99754 Alpha:0.00005
[MOE_TRACE] Group:1 Prob:0.49924 Alpha:0.00005
[MOE_TRACE] Group:0 Prob:0.99754 Alpha:0.00005
[MOE_TRACE] Group:1 Prob:0.49924 Alpha:0.00005
[MOE_TRACE] Group:0 Prob:0.99754 Alpha:0.00005
[MOE_TRACE] Group:1 Prob:0.49924 Alpha:0.00005
[MOE_TRACE] Group:0 Prob:0.99754 Alpha:0.00005
[MOE_TRACE] Group:1 Prob:0.49923 Alpha:0.00005
[MOE_TRACE] Group:0 Prob:0.99754 Alpha:0.00005
[MOE_TRACE] Group:1 Prob:0.49923 Alpha:0.00005
[MOE_TRACE] Group:0 Prob:0.99754 Alpha:0.00005
[MOE_TRACE] Group:1 Prob:0.49923 Alpha:0.00005
[MOE_TRACE] Group:0 Prob:0.99754 Alpha:0.00005
[MOE_TRACE] Group:1 Prob:0.49923 Alpha:0.00005
[MOE_TRACE] Group:0 Prob:0.99754 Alpha:0.00005
[MOE_TRACE] Group:1 Prob:0.49924 Alpha:0.00005
[MOE_TRACE] Group:0 Prob:0.99754 Alpha:0.00005
[MOE_TRACE] Group:1 Prob:0.49924 Alpha:0.00005
[MOE_TRACE] Group:0 Prob:0.99754 Alpha:0.00005
[MOE_TRACE] Group:0 Prob:0.99754 Alpha:0.00005
[MOE_TRACE] Group:1 Prob:0.49924 Alpha:0.00005
[MOE_TRACE] Group:1 Prob:0.49924 Alpha:0.00005
[MOE_TRACE] Group:0 Prob:0.99754 Alpha:0.00005
[MOE_TRACE] Group:1 Prob:0.49923 Alpha:0.00005
[MOE_TRACE] Group:0 Prob:0.99754 Alpha:0.00005[MOE_TRACE] Group:0 Prob:0.99754 Alpha:0.00005

[MOE_TRACE] Group:1 Prob:0.49923 Alpha:0.00005
[MOE_TRACE] Group:1 Prob:0.49923 Alpha:0.00005
[MOE_TRACE] Group:0 Prob:0.99754 Alpha:0.00005
[MOE_TRACE] Group:1 Prob:0.49923 Alpha:0.00005
[MOE_TRACE] Group:0 Prob:0.99754 Alpha:0.00005
[MOE_TRACE] Group:1 Prob:0.49923 Alpha:0.00005
[MOE_TRACE] Group:0 Prob:0.99754 Alpha:0.00005
[MOE_TRACE] Group:1 Prob:0.49923 Alpha:0.00005
[MOE_TRACE] Group:0 Prob:0.99754 Alpha:0.00005
[MOE_TRACE] Group:1 Prob:0.49923 Alpha:0.00005
[MOE_TRACE] Group:0 Prob:0.99754 Alpha:0.00005
[MOE_TRACE] Group:1 Prob:0.49923 Alpha:0.00005
[MOE_TRACE] Group:0 Prob:0.99754 Alpha:0.00005
[MOE_TRACE] Group:1 Prob:0.49923 Alpha:0.00005
[MOE_TRACE] Group:0 Prob:0.99754 Alpha:0.00005
[MOE_TRACE] Group:1 Prob:0.49923 Alpha:0.00005
[MOE_TRACE] Group:0 Prob:0.99754 Alpha:0.00005
[MOE_TRACE] Group:1 Prob:0.49923 Alpha:0.00005
[MOE_TRACE] Group:0 Prob:0.99754 Alpha:0.00005
[MOE_TRACE] Group:1 Prob:0.49923 Alpha:0.00005
[MOE_TRACE] Group:0 Prob:0.99754 Alpha:0.00005
[MOE_TRACE] Group:1 Prob:0.49923 Alpha:0.00005
[MOE_TRACE] Group:0 Prob:0.99754 Alpha:0.00005
[MOE_TRACE] Group:1 Prob:0.49923 Alpha:0.00005
[MOE_TRACE] Group:0 Prob:0.99754 Alpha:0.00005
[MOE_TRACE] Group:1 Prob:0.49923 Alpha:0.00005
[MOE_TRACE] Group:0 Prob:0.99754 Alpha:0.00005
[MOE_TRACE] Group:1 Prob:0.49923 Alpha:0.00005
[MOE_TRACE] Group:0 Prob:0.99754 Alpha:0.00005
[MOE_TRACE] Group:1 Prob:0.49924 Alpha:0.00005
[MOE_TRACE] Group:0 Prob:0.99754 Alpha:0.00005
[MOE_TRACE] Group:0 Prob:0.99754 Alpha:0.00005
[MOE_TRACE] Group:1 Prob:0.49924 Alpha:0.00005
[MOE_TRACE] Group:1 Prob:0.49924 Alpha:0.00005
[MOE_TRACE] Group:0 Prob:0.99754 Alpha:0.00005
[MOE_TRACE] Group:1 Prob:0.49924 Alpha:0.00005
[MOE_TRACE] Group:0 Prob:0.99754 Alpha:0.00005
[MOE_TRACE] Group:1 Prob:0.49924 Alpha:0.00005
[MOE_TRACE] Group:0 Prob:0.99754 Alpha:0.00005
[MOE_TRACE] Group:1 Prob:0.49924 Alpha:0.00005[MOE_TRACE] Group:0 Prob:0.99754 Alpha:0.00005

[MOE_TRACE] Group:1 Prob:0.49924 Alpha:0.00005
[MOE_TRACE] Group:0 Prob:0.99754 Alpha:0.00005
[MOE_TRACE] Group:1 Prob:0.49924 Alpha:0.00005
[MOE_TRACE] Group:0 Prob:0.99754 Alpha:0.00005
[MOE_TRACE] Group:1 Prob:0.49924 Alpha:0.00005[MOE_TRACE] Group:0 Prob:0.99754 Alpha:0.00005

[MOE_TRACE] Group:1 Prob:0.49924 Alpha:0.00005
[MOE_TRACE] Group:0 Prob:0.99754 Alpha:0.00005
[MOE_TRACE] Group:1 Prob:0.49924 Alpha:0.00005
[MOE_TRACE] Group:0 Prob:0.99754 Alpha:0.00005
[MOE_TRACE] Group:1 Prob:0.49924 Alpha:0.00005
[MOE_TRACE] Group:0 Prob:0.99754 Alpha:0.00005
[MOE_TRACE] Group:1 Prob:0.49924 Alpha:0.00005
[MOE_TRACE] Group:0 Prob:0.99754 Alpha:0.00005
[MOE_TRACE] Group:1 Prob:0.49924 Alpha:0.00005
[MOE_TRACE] Group:0 Prob:0.99754 Alpha:0.00005
[MOE_TRACE] Group:1 Prob:0.49924 Alpha:0.00005
[MOE_TRACE] Group:0 Prob:0.99754 Alpha:0.00005
[MOE_TRACE] Group:1 Prob:0.49924 Alpha:0.00005
[MOE_TRACE] Group:0 Prob:0.99754 Alpha:0.00005[MOE_TRACE] Group:0 Prob:0.99754 Alpha:0.00005

[MOE_TRACE] Group:0 Prob:0.99754 Alpha:0.00005
[MOE_TRACE] Group:1 Prob:0.49924 Alpha:0.00005
[MOE_TRACE] Group:1 Prob:0.49924 Alpha:0.00005
[MOE_TRACE] Group:1 Prob:0.49924 Alpha:0.00005
[MOE_TRACE] Group:0 Prob:0.99754 Alpha:0.00005
[MOE_TRACE] Group:1 Prob:0.49924 Alpha:0.00005
[MOE_TRACE] Group:0 Prob:0.99754 Alpha:0.00005
[MOE_TRACE] Group:1 Prob:0.49923 Alpha:0.00005
[MOE_TRACE] Group:0 Prob:0.99754 Alpha:0.00005
[MOE_TRACE] Group:1 Prob:0.49923 Alpha:0.00005
[MOE_TRACE] Group:0 Prob:0.99754 Alpha:0.00005
[MOE_TRACE] Group:1 Prob:0.49923 Alpha:0.00005
[MOE_TRACE] Group:0 Prob:0.99754 Alpha:0.00005
[MOE_TRACE] Group:1 Prob:0.49923 Alpha:0.00005
[MOE_TRACE] Group:0 Prob:0.99754 Alpha:0.00005
[MOE_TRACE] Group:1 Prob:0.49923 Alpha:0.00005
[MOE_TRACE] Group:0 Prob:0.99754 Alpha:0.00005
[MOE_TRACE] Group:0 Prob:0.99754 Alpha:0.00005
[MOE_TRACE] Group:1 Prob:0.49923 Alpha:0.00005
[MOE_TRACE] Group:1 Prob:0.49923 Alpha:0.00005
[MOE_TRACE] Group:0 Prob:0.99754 Alpha:0.00005
[MOE_TRACE] Group:1 Prob:0.49923 Alpha:0.00005
[MOE_TRACE] Group:0 Prob:0.99754 Alpha:0.00005
[MOE_TRACE] Group:1 Prob:0.49922 Alpha:0.00005
[MOE_TRACE] Group:0 Prob:0.99754 Alpha:0.00005
[MOE_TRACE] Group:1 Prob:0.49922 Alpha:0.00005
[MOE_TRACE] Group:0 Prob:0.99754 Alpha:0.00005
[MOE_TRACE] Group:1 Prob:0.49922 Alpha:0.00005
[MOE_TRACE] Group:0 Prob:0.99754 Alpha:0.00005
[MOE_TRACE] Group:1 Prob:0.49922 Alpha:0.00005
[MOE_TRACE] Group:0 Prob:0.99754 Alpha:0.00005
[MOE_TRACE] Group:1 Prob:0.49922 Alpha:0.00005
[MOE_TRACE] Group:0 Prob:0.99754 Alpha:0.00005
[MOE_TRACE] Group:1 Prob:0.49922 Alpha:0.00005
[MOE_TRACE] Group:0 Prob:0.99754 Alpha:0.00005
[MOE_TRACE] Group:1 Prob:0.49922 Alpha:0.00005
[MOE_TRACE] Group:0 Prob:0.99754 Alpha:0.00005
[MOE_TRACE] Group:1 Prob:0.49922 Alpha:0.00005
[MOE_TRACE] Group:0 Prob:0.99754 Alpha:0.00005
[MOE_TRACE] Group:1 Prob:0.49922 Alpha:0.00005
[MOE_TRACE] Group:0 Prob:0.99754 Alpha:0.00005
[MOE_TRACE] Group:1 Prob:0.49922 Alpha:0.00005
[MOE_TRACE] Group:0 Prob:0.99754 Alpha:0.00005
[MOE_TRACE] Group:1 Prob:0.49922 Alpha:0.00005
[MOE_TRACE] Group:0 Prob:0.99754 Alpha:0.00005
[MOE_TRACE] Group:1 Prob:0.49922 Alpha:0.00005
[MOE_TRACE] Group:0 Prob:0.99754 Alpha:0.00005
[MOE_TRACE] Group:1 Prob:0.49923 Alpha:0.00005
[MOE_TRACE] Group:0 Prob:0.99754 Alpha:0.00005
[MOE_TRACE] Group:1 Prob:0.49923 Alpha:0.00005
[MOE_TRACE] Group:0 Prob:0.99754 Alpha:0.00005
[MOE_TRACE] Group:1 Prob:0.49923 Alpha:0.00005
[MOE_TRACE] Group:0 Prob:0.99754 Alpha:0.00005
[MOE_TRACE] Group:1 Prob:0.49923 Alpha:0.00005
[MOE_TRACE] Group:0 Prob:0.99754 Alpha:0.00005
[MOE_TRACE] Group:1 Prob:0.49923 Alpha:0.00005
[MOE_TRACE] Group:0 Prob:0.99754 Alpha:0.00005
[MOE_TRACE] Group:1 Prob:0.49923 Alpha:0.00005
[MOE_TRACE] Group:0 Prob:0.99754 Alpha:0.00005
[MOE_TRACE] Group:1 Prob:0.49923 Alpha:0.00005
[MOE_TRACE] Group:0 Prob:0.99754 Alpha:0.00005
[MOE_TRACE] Group:1 Prob:0.49923 Alpha:0.00005
[MOE_TRACE] Group:0 Prob:0.99754 Alpha:0.00005
[MOE_TRACE] Group:1 Prob:0.49923 Alpha:0.00005
[MOE_TRACE] Group:0 Prob:0.99754 Alpha:0.00005
[MOE_TRACE] Group:1 Prob:0.49923 Alpha:0.00005
[MOE_TRACE] Group:0 Prob:0.99754 Alpha:0.00005
[MOE_TRACE] Group:1 Prob:0.49923 Alpha:0.00005
[MOE_TRACE] Group:0 Prob:0.99754 Alpha:0.00005
[MOE_TRACE] Group:1 Prob:0.49923 Alpha:0.00005
[MOE_TRACE] Group:0 Prob:0.99754 Alpha:0.00005
[MOE_TRACE] Group:1 Prob:0.49923 Alpha:0.00005
[MOE_TRACE] Group:0 Prob:0.99754 Alpha:0.00005
[MOE_TRACE] Group:1 Prob:0.49923 Alpha:0.00005
[MOE_TRACE] Group:0 Prob:0.99754 Alpha:0.00005
[MOE_TRACE] Group:1 Prob:0.49923 Alpha:0.00005
[MOE_TRACE] Group:0 Prob:0.99754 Alpha:0.00005
[MOE_TRACE] Group:1 Prob:0.49923 Alpha:0.00005
[MOE_TRACE] Group:0 Prob:0.99754 Alpha:0.00005
[MOE_TRACE] Group:1 Prob:0.49923 Alpha:0.00005
[MOE_TRACE] Group:0 Prob:0.99754 Alpha:0.00005
[MOE_TRACE] Group:1 Prob:0.49923 Alpha:0.00005
[MOE_TRACE] Group:0 Prob:0.99754 Alpha:0.00005
[MOE_TRACE] Group:1 Prob:0.49923 Alpha:0.00005
[MOE_TRACE] Group:0 Prob:0.99754 Alpha:0.00005
[MOE_TRACE] Group:1 Prob:0.49923 Alpha:0.00005
[MOE_TRACE] Group:0 Prob:0.99754 Alpha:0.00005
[MOE_TRACE] Group:1 Prob:0.49924 Alpha:0.00005
[MOE_TRACE] Group:0 Prob:0.99754 Alpha:0.00005
[MOE_TRACE] Group:1 Prob:0.49924 Alpha:0.00005
[MOE_TRACE] Group:0 Prob:0.99754 Alpha:0.00005
[MOE_TRACE] Group:1 Prob:0.49924 Alpha:0.00005
[MOE_TRACE] Group:0 Prob:0.99754 Alpha:0.00005
[MOE_TRACE] Group:1 Prob:0.49924 Alpha:0.00005
[MOE_TRACE] Group:0 Prob:0.99754 Alpha:0.00005
[MOE_TRACE] Group:1 Prob:0.49924 Alpha:0.00005
[MOE_TRACE] Group:0 Prob:0.99754 Alpha:0.00005
[MOE_TRACE] Group:1 Prob:0.49924 Alpha:0.00005
[MOE_TRACE] Group:0 Prob:0.99754 Alpha:0.00005
[MOE_TRACE] Group:1 Prob:0.49924 Alpha:0.00005
[MOE_TRACE] Group:0 Prob:0.99754 Alpha:0.00005
[MOE_TRACE] Group:1 Prob:0.49924 Alpha:0.00005
[MOE_TRACE] Group:0 Prob:0.99754 Alpha:0.00005
[MOE_TRACE] Group:1 Prob:0.49924 Alpha:0.00005
[MOE_TRACE] Group:0 Prob:0.99754 Alpha:0.00005
[MOE_TRACE] Group:1 Prob:0.49924 Alpha:0.00005
[MOE_TRACE] Group:0 Prob:0.99754 Alpha:0.00005
[MOE_TRACE] Group:1 Prob:0.49924 Alpha:0.00005
[MOE_TRACE] Group:0 Prob:0.99754 Alpha:0.00005
[MOE_TRACE] Group:1 Prob:0.49924 Alpha:0.00005
[MOE_TRACE] Group:0 Prob:0.99754 Alpha:0.00005
[MOE_TRACE] Group:1 Prob:0.49924 Alpha:0.00005
[MOE_TRACE] Group:0 Prob:0.99754 Alpha:0.00005
[MOE_TRACE] Group:1 Prob:0.49924 Alpha:0.00005
[MOE_TRACE] Group:0 Prob:0.99754 Alpha:0.00005
[MOE_TRACE] Group:1 Prob:0.49924 Alpha:0.00005
[MOE_TRACE] Group:0 Prob:0.99754 Alpha:0.00005
[MOE_TRACE] Group:1 Prob:0.49924 Alpha:0.00005
[MOE_TRACE] Group:0 Prob:0.99754 Alpha:0.00005
[MOE_TRACE] Group:0 Prob:0.99754 Alpha:0.00005[MOE_TRACE] Group:1 Prob:0.49924 Alpha:0.00005

[MOE_TRACE] Group:1 Prob:0.49924 Alpha:0.00005
[MOE_TRACE] Group:0 Prob:0.99754 Alpha:0.00005
[MOE_TRACE] Group:1 Prob:0.49924 Alpha:0.00005
[MOE_TRACE] Group:0 Prob:0.99754 Alpha:0.00005
[MOE_TRACE] Group:1 Prob:0.49924 Alpha:0.00005
[MOE_TRACE] Group:0 Prob:0.99754 Alpha:0.00005
[MOE_TRACE] Group:1 Prob:0.49925 Alpha:0.00005
[MOE_TRACE] Group:0 Prob:0.99754 Alpha:0.00005
[MOE_TRACE] Group:1 Prob:0.49925 Alpha:0.00005
[MOE_TRACE] Group:0 Prob:0.99754 Alpha:0.00005
[MOE_TRACE] Group:1 Prob:0.49925 Alpha:0.00005
[MOE_TRACE] Group:0 Prob:0.99754 Alpha:0.00005
[MOE_TRACE] Group:1 Prob:0.49925 Alpha:0.00005
[MOE_TRACE] Group:0 Prob:0.99754 Alpha:0.00005
[MOE_TRACE] Group:1 Prob:0.49925 Alpha:0.00005
[MOE_TRACE] Group:0 Prob:0.99754 Alpha:0.00005
[MOE_TRACE] Group:1 Prob:0.49925 Alpha:0.00005
[MOE_TRACE] Group:0 Prob:0.99754 Alpha:0.00005
[MOE_TRACE] Group:1 Prob:0.49925 Alpha:0.00005
[MOE_TRACE] Group:0 Prob:0.99754 Alpha:0.00005
[MOE_TRACE] Group:1 Prob:0.49925 Alpha:0.00005
[MOE_TRACE] Group:0 Prob:0.99754 Alpha:0.00005
[MOE_TRACE] Group:1 Prob:0.49924 Alpha:0.00005
[MOE_TRACE] Group:0 Prob:0.99754 Alpha:0.00005
[MOE_TRACE] Group:1 Prob:0.49924 Alpha:0.00005
[MOE_TRACE] Group:0 Prob:0.99754 Alpha:0.00005
[MOE_TRACE] Group:1 Prob:0.49924 Alpha:0.00005
[MOE_TRACE] Group:0 Prob:0.99754 Alpha:0.00005
[MOE_TRACE] Group:1 Prob:0.49924 Alpha:0.00005
[MOE_TRACE] Group:0 Prob:0.99754 Alpha:0.00005
[MOE_TRACE] Group:1 Prob:0.49924 Alpha:0.00005
[MOE_TRACE] Group:0 Prob:0.99754 Alpha:0.00005
[MOE_TRACE] Group:1 Prob:0.49924 Alpha:0.00005
[MOE_TRACE] Group:0 Prob:0.99754 Alpha:0.00005
[MOE_TRACE] Group:1 Prob:0.49924 Alpha:0.00005
[MOE_TRACE] Group:0 Prob:0.99754 Alpha:0.00005
[MOE_TRACE] Group:1 Prob:0.49924 Alpha:0.00005
[MOE_TRACE] Group:0 Prob:0.99754 Alpha:0.00005
[MOE_TRACE] Group:1 Prob:0.49924 Alpha:0.00005
[MOE_TRACE] Group:0 Prob:0.99754 Alpha:0.00005
[MOE_TRACE] Group:1 Prob:0.49924 Alpha:0.00005
[MOE_TRACE] Group:0 Prob:0.99754 Alpha:0.00005
[MOE_TRACE] Group:1 Prob:0.49924 Alpha:0.00005
[MOE_TRACE] Group:0 Prob:0.99754 Alpha:0.00005
[MOE_TRACE] Group:1 Prob:0.49924 Alpha:0.00005
[MOE_TRACE] Group:0 Prob:0.99754 Alpha:0.00005[MOE_TRACE] Group:0 Prob:0.99754 Alpha:0.00005

[MOE_TRACE] Group:1 Prob:0.49924 Alpha:0.00005
[MOE_TRACE] Group:1 Prob:0.49924 Alpha:0.00005
[MOE_TRACE] Group:0 Prob:0.99754 Alpha:0.00005
[MOE_TRACE] Group:1 Prob:0.49924 Alpha:0.00005
[MOE_TRACE] Group:0 Prob:0.99754 Alpha:0.00005
[MOE_TRACE] Group:1 Prob:0.49924 Alpha:0.00005
[MOE_TRACE] Group:0 Prob:0.99754 Alpha:0.00005
[MOE_TRACE] Group:1 Prob:0.49923 Alpha:0.00005
[MOE_TRACE] Group:0 Prob:0.99754 Alpha:0.00005
[MOE_TRACE] Group:1 Prob:0.49923 Alpha:0.00005
[MOE_TRACE] Group:0 Prob:0.99754 Alpha:0.00005
[MOE_TRACE] Group:1 Prob:0.49923 Alpha:0.00005
[MOE_TRACE] Group:0 Prob:0.99754 Alpha:0.00005
[MOE_TRACE] Group:1 Prob:0.49923 Alpha:0.00005
[MOE_TRACE] Group:0 Prob:0.99754 Alpha:0.00005
[MOE_TRACE] Group:1 Prob:0.49923 Alpha:0.00005
[MOE_TRACE] Group:0 Prob:0.99754 Alpha:0.00005
[MOE_TRACE] Group:1 Prob:0.49923 Alpha:0.00005
[MOE_TRACE] Group:0 Prob:0.99754 Alpha:0.00005
[MOE_TRACE] Group:1 Prob:0.49923 Alpha:0.00005
[MOE_TRACE] Group:0 Prob:0.99754 Alpha:0.00005
[MOE_TRACE] Group:1 Prob:0.49923 Alpha:0.00005
[MOE_TRACE] Group:0 Prob:0.99754 Alpha:0.00005
[MOE_TRACE] Group:1 Prob:0.49923 Alpha:0.00005
[MOE_TRACE] Group:0 Prob:0.99754 Alpha:0.00005
[MOE_TRACE] Group:1 Prob:0.49923 Alpha:0.00005
[MOE_TRACE] Group:0 Prob:0.99754 Alpha:0.00005
[MOE_TRACE] Group:1 Prob:0.49923 Alpha:0.00005
[MOE_TRACE] Group:0 Prob:0.99754 Alpha:0.00005
[MOE_TRACE] Group:1 Prob:0.49923 Alpha:0.00005
Epoch: 4 cost time: 28.266839504241943
Epoch: 4, Steps: 147 | Train Loss: 0.4542064 Vali Loss: 0.3027429 Test Loss: 4.0288367
EarlyStopping counter: 1 out of 3
Updating learning rate to 1.25e-05
[MOE_TRACE] Group:0 Prob:0.99754 Alpha:0.00005
[MOE_TRACE] Group:1 Prob:0.49923 Alpha:0.00005
[MOE_TRACE] Group:0 Prob:0.99754 Alpha:0.00005
[MOE_TRACE] Group:1 Prob:0.49923 Alpha:0.00005
[MOE_TRACE] Group:0 Prob:0.99754 Alpha:0.00005
[MOE_TRACE] Group:0 Prob:0.99754 Alpha:0.00005[MOE_TRACE] Group:1 Prob:0.49923 Alpha:0.00005

[MOE_TRACE] Group:1 Prob:0.49923 Alpha:0.00005
[MOE_TRACE] Group:0 Prob:0.99754 Alpha:0.00005
[MOE_TRACE] Group:1 Prob:0.49922 Alpha:0.00005
[MOE_TRACE] Group:0 Prob:0.99754 Alpha:0.00005
[MOE_TRACE] Group:1 Prob:0.49922 Alpha:0.00005
[MOE_TRACE] Group:0 Prob:0.99754 Alpha:0.00005
[MOE_TRACE] Group:1 Prob:0.49922 Alpha:0.00005
[MOE_TRACE] Group:0 Prob:0.99754 Alpha:0.00005
[MOE_TRACE] Group:1 Prob:0.49922 Alpha:0.00005
[MOE_TRACE] Group:0 Prob:0.99754 Alpha:0.00005
[MOE_TRACE] Group:1 Prob:0.49922 Alpha:0.00005
[MOE_TRACE] Group:0 Prob:0.99754 Alpha:0.00005
[MOE_TRACE] Group:1 Prob:0.49922 Alpha:0.00005
[MOE_TRACE] Group:0 Prob:0.99754 Alpha:0.00005
[MOE_TRACE] Group:1 Prob:0.49922 Alpha:0.00005
[MOE_TRACE] Group:0 Prob:0.99754 Alpha:0.00005
[MOE_TRACE] Group:1 Prob:0.49922 Alpha:0.00005
[MOE_TRACE] Group:0 Prob:0.99754 Alpha:0.00005
[MOE_TRACE] Group:1 Prob:0.49922 Alpha:0.00005
[MOE_TRACE] Group:0 Prob:0.99754 Alpha:0.00005
[MOE_TRACE] Group:1 Prob:0.49922 Alpha:0.00005
[MOE_TRACE] Group:0 Prob:0.99754 Alpha:0.00005
[MOE_TRACE] Group:1 Prob:0.49922 Alpha:0.00005
[MOE_TRACE] Group:0 Prob:0.99754 Alpha:0.00005
[MOE_TRACE] Group:1 Prob:0.49922 Alpha:0.00005
[MOE_TRACE] Group:0 Prob:0.99754 Alpha:0.00005
[MOE_TRACE] Group:1 Prob:0.49922 Alpha:0.00005
[MOE_TRACE] Group:0 Prob:0.99754 Alpha:0.00005
[MOE_TRACE] Group:1 Prob:0.49922 Alpha:0.00005
[MOE_TRACE] Group:0 Prob:0.99754 Alpha:0.00005
[MOE_TRACE] Group:1 Prob:0.49922 Alpha:0.00005
[MOE_TRACE] Group:0 Prob:0.99754 Alpha:0.00005
[MOE_TRACE] Group:1 Prob:0.49922 Alpha:0.00005
[MOE_TRACE] Group:0 Prob:0.99754 Alpha:0.00005
[MOE_TRACE] Group:1 Prob:0.49922 Alpha:0.00005
[MOE_TRACE] Group:0 Prob:0.99754 Alpha:0.00005
[MOE_TRACE] Group:1 Prob:0.49922 Alpha:0.00005
[MOE_TRACE] Group:0 Prob:0.99754 Alpha:0.00005
[MOE_TRACE] Group:1 Prob:0.49922 Alpha:0.00005
[MOE_TRACE] Group:0 Prob:0.99754 Alpha:0.00005
[MOE_TRACE] Group:1 Prob:0.49922 Alpha:0.00005
[MOE_TRACE] Group:0 Prob:0.99754 Alpha:0.00005
[MOE_TRACE] Group:0 Prob:0.99754 Alpha:0.00005
[MOE_TRACE] Group:1 Prob:0.49923 Alpha:0.00005
[MOE_TRACE] Group:0 Prob:0.99754 Alpha:0.00005
[MOE_TRACE] Group:1 Prob:0.49922 Alpha:0.00005
[MOE_TRACE] Group:0 Prob:0.99754 Alpha:0.00005
[MOE_TRACE] Group:1 Prob:0.49922 Alpha:0.00005
[MOE_TRACE] Group:0 Prob:0.99754 Alpha:0.00005
[MOE_TRACE] Group:1 Prob:0.49922 Alpha:0.00005
[MOE_TRACE] Group:0 Prob:0.99754 Alpha:0.00005
[MOE_TRACE] Group:1 Prob:0.49922 Alpha:0.00005
[MOE_TRACE] Group:0 Prob:0.99754 Alpha:0.00005
[MOE_TRACE] Group:1 Prob:0.49922 Alpha:0.00005
[MOE_TRACE] Group:0 Prob:0.99754 Alpha:0.00005
[MOE_TRACE] Group:1 Prob:0.49922 Alpha:0.00005
[MOE_TRACE] Group:0 Prob:0.99754 Alpha:0.00005
[MOE_TRACE] Group:0 Prob:0.99754 Alpha:0.00005
[MOE_TRACE] Group:1 Prob:0.49922 Alpha:0.00005
[MOE_TRACE] Group:0 Prob:0.99754 Alpha:0.00005
[MOE_TRACE] Group:1 Prob:0.49922 Alpha:0.00005
[MOE_TRACE] Group:0 Prob:0.99754 Alpha:0.00005
[MOE_TRACE] Group:1 Prob:0.49922 Alpha:0.00005
[MOE_TRACE] Group:0 Prob:0.99754 Alpha:0.00005
[MOE_TRACE] Group:1 Prob:0.49923 Alpha:0.00005
[MOE_TRACE] Group:0 Prob:0.99754 Alpha:0.00005
[MOE_TRACE] Group:1 Prob:0.49923 Alpha:0.00005
[MOE_TRACE] Group:0 Prob:0.99754 Alpha:0.00005
[MOE_TRACE] Group:1 Prob:0.49923 Alpha:0.00005
[MOE_TRACE] Group:0 Prob:0.99754 Alpha:0.00005
[MOE_TRACE] Group:1 Prob:0.49923 Alpha:0.00005
[MOE_TRACE] Group:0 Prob:0.99754 Alpha:0.00005
[MOE_TRACE] Group:1 Prob:0.49923 Alpha:0.00005
[MOE_TRACE] Group:0 Prob:0.99754 Alpha:0.00005
[MOE_TRACE] Group:1 Prob:0.49923 Alpha:0.00005
[MOE_TRACE] Group:0 Prob:0.99754 Alpha:0.00005
[MOE_TRACE] Group:1 Prob:0.49923 Alpha:0.00005
[MOE_TRACE] Group:0 Prob:0.99754 Alpha:0.00005
[MOE_TRACE] Group:1 Prob:0.49923 Alpha:0.00005
[MOE_TRACE] Group:0 Prob:0.99754 Alpha:0.00005
[MOE_TRACE] Group:1 Prob:0.49923 Alpha:0.00005
[MOE_TRACE] Group:0 Prob:0.99754 Alpha:0.00005
[MOE_TRACE] Group:1 Prob:0.49923 Alpha:0.00005
[MOE_TRACE] Group:0 Prob:0.99754 Alpha:0.00005
[MOE_TRACE] Group:1 Prob:0.49923 Alpha:0.00005
[MOE_TRACE] Group:0 Prob:0.99754 Alpha:0.00005
[MOE_TRACE] Group:1 Prob:0.49923 Alpha:0.00005
[MOE_TRACE] Group:0 Prob:0.99754 Alpha:0.00005
[MOE_TRACE] Group:1 Prob:0.49923 Alpha:0.00005
[MOE_TRACE] Group:0 Prob:0.99754 Alpha:0.00005
[MOE_TRACE] Group:1 Prob:0.49923 Alpha:0.00005
[MOE_TRACE] Group:0 Prob:0.99754 Alpha:0.00005
[MOE_TRACE] Group:1 Prob:0.49923 Alpha:0.00005
[MOE_TRACE] Group:0 Prob:0.99754 Alpha:0.00005
[MOE_TRACE] Group:1 Prob:0.49923 Alpha:0.00005
[MOE_TRACE] Group:0 Prob:0.99754 Alpha:0.00005
[MOE_TRACE] Group:1 Prob:0.49923 Alpha:0.00005
[MOE_TRACE] Group:0 Prob:0.99754 Alpha:0.00005
[MOE_TRACE] Group:1 Prob:0.49923 Alpha:0.00005
[MOE_TRACE] Group:0 Prob:0.99754 Alpha:0.00005
[MOE_TRACE] Group:1 Prob:0.49923 Alpha:0.00005
[MOE_TRACE] Group:0 Prob:0.99754 Alpha:0.00005
[MOE_TRACE] Group:1 Prob:0.49923 Alpha:0.00005
[MOE_TRACE] Group:0 Prob:0.99754 Alpha:0.00005
[MOE_TRACE] Group:1 Prob:0.49922 Alpha:0.00005
[MOE_TRACE] Group:0 Prob:0.99754 Alpha:0.00005
[MOE_TRACE] Group:1 Prob:0.49922 Alpha:0.00005
[MOE_TRACE] Group:0 Prob:0.99754 Alpha:0.00005
[MOE_TRACE] Group:1 Prob:0.49922 Alpha:0.00005
[MOE_TRACE] Group:0 Prob:0.99754 Alpha:0.00005
[MOE_TRACE] Group:1 Prob:0.49922 Alpha:0.00005
[MOE_TRACE] Group:0 Prob:0.99754 Alpha:0.00005
[MOE_TRACE] Group:1 Prob:0.49923 Alpha:0.00005
[MOE_TRACE] Group:0 Prob:0.99754 Alpha:0.00005
[MOE_TRACE] Group:1 Prob:0.49923 Alpha:0.00005
[MOE_TRACE] Group:0 Prob:0.99754 Alpha:0.00005
[MOE_TRACE] Group:0 Prob:0.99754 Alpha:0.00005[MOE_TRACE] Group:1 Prob:0.49923 Alpha:0.00005

[MOE_TRACE] Group:1 Prob:0.49923 Alpha:0.00005
[MOE_TRACE] Group:0 Prob:0.99754 Alpha:0.00005
[MOE_TRACE] Group:1 Prob:0.49923 Alpha:0.00005
[MOE_TRACE] Group:0 Prob:0.99754 Alpha:0.00005
[MOE_TRACE] Group:1 Prob:0.49923 Alpha:0.00005
[MOE_TRACE] Group:0 Prob:0.99754 Alpha:0.00005[MOE_TRACE] Group:0 Prob:0.99754 Alpha:0.00005

[MOE_TRACE] Group:1 Prob:0.49923 Alpha:0.00005
[MOE_TRACE] Group:1 Prob:0.49923 Alpha:0.00005
[MOE_TRACE] Group:0 Prob:0.99754 Alpha:0.00005
[MOE_TRACE] Group:1 Prob:0.49923 Alpha:0.00005
[MOE_TRACE] Group:0 Prob:0.99754 Alpha:0.00005
[MOE_TRACE] Group:0 Prob:0.99754 Alpha:0.00005[MOE_TRACE] Group:1 Prob:0.49923 Alpha:0.00005

[MOE_TRACE] Group:1 Prob:0.49923 Alpha:0.00005
[MOE_TRACE] Group:0 Prob:0.99754 Alpha:0.00005
[MOE_TRACE] Group:1 Prob:0.49923 Alpha:0.00005
[MOE_TRACE] Group:0 Prob:0.99754 Alpha:0.00005
[MOE_TRACE] Group:1 Prob:0.49923 Alpha:0.00005
[MOE_TRACE] Group:0 Prob:0.99754 Alpha:0.00005
[MOE_TRACE] Group:1 Prob:0.49923 Alpha:0.00005
[MOE_TRACE] Group:0 Prob:0.99754 Alpha:0.00005
[MOE_TRACE] Group:1 Prob:0.49923 Alpha:0.00005
[MOE_TRACE] Group:0 Prob:0.99754 Alpha:0.00005
[MOE_TRACE] Group:1 Prob:0.49923 Alpha:0.00005
[MOE_TRACE] Group:0 Prob:0.99754 Alpha:0.00005
[MOE_TRACE] Group:1 Prob:0.49923 Alpha:0.00005
[MOE_TRACE] Group:0 Prob:0.99754 Alpha:0.00005
[MOE_TRACE] Group:1 Prob:0.49923 Alpha:0.00005
[MOE_TRACE] Group:0 Prob:0.99754 Alpha:0.00005
[MOE_TRACE] Group:1 Prob:0.49923 Alpha:0.00005
[MOE_TRACE] Group:0 Prob:0.99754 Alpha:0.00005
[MOE_TRACE] Group:1 Prob:0.49923 Alpha:0.00005
[MOE_TRACE] Group:0 Prob:0.99754 Alpha:0.00005
[MOE_TRACE] Group:1 Prob:0.49923 Alpha:0.00005
[MOE_TRACE] Group:0 Prob:0.99754 Alpha:0.00005
[MOE_TRACE] Group:1 Prob:0.49923 Alpha:0.00005
[MOE_TRACE] Group:0 Prob:0.99754 Alpha:0.00005
[MOE_TRACE] Group:1 Prob:0.49923 Alpha:0.00005
[MOE_TRACE] Group:0 Prob:0.99754 Alpha:0.00005
[MOE_TRACE] Group:1 Prob:0.49923 Alpha:0.00005
[MOE_TRACE] Group:0 Prob:0.99754 Alpha:0.00005
[MOE_TRACE] Group:1 Prob:0.49923 Alpha:0.00005
[MOE_TRACE] Group:0 Prob:0.99754 Alpha:0.00005
[MOE_TRACE] Group:0 Prob:0.99754 Alpha:0.00005
[MOE_TRACE] Group:1 Prob:0.49923 Alpha:0.00005
[MOE_TRACE] Group:1 Prob:0.49923 Alpha:0.00005
[MOE_TRACE] Group:0 Prob:0.99754 Alpha:0.00005
[MOE_TRACE] Group:1 Prob:0.49923 Alpha:0.00005
[MOE_TRACE] Group:0 Prob:0.99754 Alpha:0.00005
[MOE_TRACE] Group:1 Prob:0.49923 Alpha:0.00005
[MOE_TRACE] Group:1 Prob:0.49923 Alpha:0.00005
[MOE_TRACE] Group:0 Prob:0.99754 Alpha:0.00005
[MOE_TRACE] Group:1 Prob:0.49923 Alpha:0.00005
[MOE_TRACE] Group:0 Prob:0.99754 Alpha:0.00005
[MOE_TRACE] Group:1 Prob:0.49923 Alpha:0.00005
[MOE_TRACE] Group:0 Prob:0.99754 Alpha:0.00005
[MOE_TRACE] Group:0 Prob:0.99754 Alpha:0.00005
[MOE_TRACE] Group:1 Prob:0.49922 Alpha:0.00005
[MOE_TRACE] Group:1 Prob:0.49922 Alpha:0.00005
[MOE_TRACE] Group:0 Prob:0.99754 Alpha:0.00005
[MOE_TRACE] Group:1 Prob:0.49922 Alpha:0.00005
[MOE_TRACE] Group:0 Prob:0.99754 Alpha:0.00005
[MOE_TRACE] Group:1 Prob:0.49922 Alpha:0.00005
[MOE_TRACE] Group:0 Prob:0.99754 Alpha:0.00005
[MOE_TRACE] Group:1 Prob:0.49922 Alpha:0.00005
[MOE_TRACE] Group:0 Prob:0.99754 Alpha:0.00005
[MOE_TRACE] Group:1 Prob:0.49922 Alpha:0.00005
[MOE_TRACE] Group:0 Prob:0.99754 Alpha:0.00005
[MOE_TRACE] Group:1 Prob:0.49922 Alpha:0.00005
[MOE_TRACE] Group:0 Prob:0.99754 Alpha:0.00005
[MOE_TRACE] Group:1 Prob:0.49922 Alpha:0.00005
[MOE_TRACE] Group:0 Prob:0.99754 Alpha:0.00005
[MOE_TRACE] Group:1 Prob:0.49922 Alpha:0.00005
[MOE_TRACE] Group:0 Prob:0.99754 Alpha:0.00005
[MOE_TRACE] Group:1 Prob:0.49922 Alpha:0.00005
[MOE_TRACE] Group:0 Prob:0.99754 Alpha:0.00005
[MOE_TRACE] Group:1 Prob:0.49922 Alpha:0.00005
[MOE_TRACE] Group:0 Prob:0.99754 Alpha:0.00005
[MOE_TRACE] Group:1 Prob:0.49922 Alpha:0.00005
[MOE_TRACE] Group:0 Prob:0.99754 Alpha:0.00005
[MOE_TRACE] Group:1 Prob:0.49922 Alpha:0.00005
[MOE_TRACE] Group:0 Prob:0.99754 Alpha:0.00005
[MOE_TRACE] Group:1 Prob:0.49922 Alpha:0.00005
[MOE_TRACE] Group:0 Prob:0.99754 Alpha:0.00005
[MOE_TRACE] Group:0 Prob:0.99754 Alpha:0.00005[MOE_TRACE] Group:1 Prob:0.49922 Alpha:0.00005

[MOE_TRACE] Group:1 Prob:0.49922 Alpha:0.00005
[MOE_TRACE] Group:0 Prob:0.99754 Alpha:0.00005
[MOE_TRACE] Group:1 Prob:0.49922 Alpha:0.00005
[MOE_TRACE] Group:0 Prob:0.99754 Alpha:0.00005
[MOE_TRACE] Group:1 Prob:0.49922 Alpha:0.00005
[MOE_TRACE] Group:0 Prob:0.99754 Alpha:0.00005
[MOE_TRACE] Group:1 Prob:0.49922 Alpha:0.00005
[MOE_TRACE] Group:0 Prob:0.99754 Alpha:0.00005
[MOE_TRACE] Group:1 Prob:0.49922 Alpha:0.00005
[MOE_TRACE] Group:0 Prob:0.99754 Alpha:0.00005
[MOE_TRACE] Group:1 Prob:0.49922 Alpha:0.00005
[MOE_TRACE] Group:0 Prob:0.99754 Alpha:0.00005
[MOE_TRACE] Group:1 Prob:0.49922 Alpha:0.00005
[MOE_TRACE] Group:0 Prob:0.99754 Alpha:0.00005
[MOE_TRACE] Group:1 Prob:0.49922 Alpha:0.00005
[MOE_TRACE] Group:0 Prob:0.99754 Alpha:0.00005
[MOE_TRACE] Group:1 Prob:0.49922 Alpha:0.00005
[MOE_TRACE] Group:0 Prob:0.99754 Alpha:0.00005
[MOE_TRACE] Group:1 Prob:0.49922 Alpha:0.00005
[MOE_TRACE] Group:0 Prob:0.99754 Alpha:0.00005
[MOE_TRACE] Group:1 Prob:0.49922 Alpha:0.00005
[MOE_TRACE] Group:0 Prob:0.99754 Alpha:0.00005
[MOE_TRACE] Group:1 Prob:0.49922 Alpha:0.00005
[MOE_TRACE] Group:0 Prob:0.99754 Alpha:0.00005
[MOE_TRACE] Group:1 Prob:0.49922 Alpha:0.00005
[MOE_TRACE] Group:0 Prob:0.99754 Alpha:0.00005
[MOE_TRACE] Group:1 Prob:0.49922 Alpha:0.00005
[MOE_TRACE] Group:0 Prob:0.99754 Alpha:0.00005
[MOE_TRACE] Group:1 Prob:0.49922 Alpha:0.00005
[MOE_TRACE] Group:0 Prob:0.99754 Alpha:0.00005
[MOE_TRACE] Group:1 Prob:0.49922 Alpha:0.00005
[MOE_TRACE] Group:0 Prob:0.99754 Alpha:0.00005
[MOE_TRACE] Group:1 Prob:0.49922 Alpha:0.00005
[MOE_TRACE] Group:0 Prob:0.99754 Alpha:0.00005
[MOE_TRACE] Group:1 Prob:0.49922 Alpha:0.00005
[MOE_TRACE] Group:0 Prob:0.99754 Alpha:0.00005
[MOE_TRACE] Group:1 Prob:0.49922 Alpha:0.00005
[MOE_TRACE] Group:0 Prob:0.99754 Alpha:0.00005
[MOE_TRACE] Group:1 Prob:0.49922 Alpha:0.00005
[MOE_TRACE] Group:0 Prob:0.99754 Alpha:0.00005
[MOE_TRACE] Group:1 Prob:0.49922 Alpha:0.00005
[MOE_TRACE] Group:0 Prob:0.99754 Alpha:0.00005[MOE_TRACE] Group:0 Prob:0.99754 Alpha:0.00005

[MOE_TRACE] Group:1 Prob:0.49922 Alpha:0.00005
[MOE_TRACE] Group:1 Prob:0.49922 Alpha:0.00005
[MOE_TRACE] Group:0 Prob:0.99754 Alpha:0.00005
[MOE_TRACE] Group:1 Prob:0.49922 Alpha:0.00005
[MOE_TRACE] Group:0 Prob:0.99754 Alpha:0.00005
[MOE_TRACE] Group:1 Prob:0.49922 Alpha:0.00005
[MOE_TRACE] Group:0 Prob:0.99754 Alpha:0.00005
[MOE_TRACE] Group:1 Prob:0.49922 Alpha:0.00005
[MOE_TRACE] Group:0 Prob:0.99754 Alpha:0.00005
[MOE_TRACE] Group:1 Prob:0.49922 Alpha:0.00005
[MOE_TRACE] Group:0 Prob:0.99754 Alpha:0.00005
[MOE_TRACE] Group:1 Prob:0.49922 Alpha:0.00005
[MOE_TRACE] Group:0 Prob:0.99754 Alpha:0.00005
[MOE_TRACE] Group:1 Prob:0.49922 Alpha:0.00005
[MOE_TRACE] Group:0 Prob:0.99754 Alpha:0.00005
[MOE_TRACE] Group:1 Prob:0.49922 Alpha:0.00005
[MOE_TRACE] Group:0 Prob:0.99754 Alpha:0.00005
[MOE_TRACE] Group:1 Prob:0.49922 Alpha:0.00005
[MOE_TRACE] Group:0 Prob:0.99754 Alpha:0.00005
[MOE_TRACE] Group:1 Prob:0.49922 Alpha:0.00005
[MOE_TRACE] Group:0 Prob:0.99754 Alpha:0.00005
[MOE_TRACE] Group:1 Prob:0.49922 Alpha:0.00005
[MOE_TRACE] Group:0 Prob:0.99754 Alpha:0.00005
[MOE_TRACE] Group:1 Prob:0.49922 Alpha:0.00005
[MOE_TRACE] Group:0 Prob:0.99754 Alpha:0.00005
[MOE_TRACE] Group:1 Prob:0.49922 Alpha:0.00005
[MOE_TRACE] Group:0 Prob:0.99754 Alpha:0.00005
[MOE_TRACE] Group:1 Prob:0.49921 Alpha:0.00005
[MOE_TRACE] Group:0 Prob:0.99754 Alpha:0.00005[MOE_TRACE] Group:0 Prob:0.99754 Alpha:0.00005

[MOE_TRACE] Group:1 Prob:0.49922 Alpha:0.00005
[MOE_TRACE] Group:1 Prob:0.49922 Alpha:0.00005
[MOE_TRACE] Group:0 Prob:0.99754 Alpha:0.00005
[MOE_TRACE] Group:1 Prob:0.49922 Alpha:0.00005
[MOE_TRACE] Group:0 Prob:0.99754 Alpha:0.00005
[MOE_TRACE] Group:1 Prob:0.49921 Alpha:0.00005
[MOE_TRACE] Group:0 Prob:0.99754 Alpha:0.00005
[MOE_TRACE] Group:1 Prob:0.49921 Alpha:0.00005
[MOE_TRACE] Group:0 Prob:0.99754 Alpha:0.00005
[MOE_TRACE] Group:1 Prob:0.49921 Alpha:0.00005
[MOE_TRACE] Group:0 Prob:0.99754 Alpha:0.00005
[MOE_TRACE] Group:1 Prob:0.49921 Alpha:0.00005
[MOE_TRACE] Group:0 Prob:0.99754 Alpha:0.00005
[MOE_TRACE] Group:1 Prob:0.49921 Alpha:0.00005
[MOE_TRACE] Group:0 Prob:0.99754 Alpha:0.00005
[MOE_TRACE] Group:1 Prob:0.49921 Alpha:0.00005
[MOE_TRACE] Group:0 Prob:0.99754 Alpha:0.00005
[MOE_TRACE] Group:0 Prob:0.99754 Alpha:0.00005
[MOE_TRACE] Group:1 Prob:0.49921 Alpha:0.00005
[MOE_TRACE] Group:1 Prob:0.49921 Alpha:0.00005
[MOE_TRACE] Group:0 Prob:0.99754 Alpha:0.00005
[MOE_TRACE] Group:1 Prob:0.49921 Alpha:0.00005
[MOE_TRACE] Group:0 Prob:0.99754 Alpha:0.00005
[MOE_TRACE] Group:1 Prob:0.49921 Alpha:0.00005
[MOE_TRACE] Group:0 Prob:0.99754 Alpha:0.00005
[MOE_TRACE] Group:1 Prob:0.49921 Alpha:0.00005
[MOE_TRACE] Group:0 Prob:0.99754 Alpha:0.00005
[MOE_TRACE] Group:1 Prob:0.49921 Alpha:0.00005
[MOE_TRACE] Group:0 Prob:0.99754 Alpha:0.00005
[MOE_TRACE] Group:1 Prob:0.49921 Alpha:0.00005
[MOE_TRACE] Group:0 Prob:0.99754 Alpha:0.00005
[MOE_TRACE] Group:1 Prob:0.49921 Alpha:0.00005
[MOE_TRACE] Group:0 Prob:0.99754 Alpha:0.00005
[MOE_TRACE] Group:1 Prob:0.49921 Alpha:0.00005
[MOE_TRACE] Group:0 Prob:0.99754 Alpha:0.00005
[MOE_TRACE] Group:1 Prob:0.49921 Alpha:0.00005
[MOE_TRACE] Group:0 Prob:0.99754 Alpha:0.00005
[MOE_TRACE] Group:1 Prob:0.49921 Alpha:0.00005
[MOE_TRACE] Group:0 Prob:0.99754 Alpha:0.00005
[MOE_TRACE] Group:1 Prob:0.49921 Alpha:0.00005
[MOE_TRACE] Group:0 Prob:0.99754 Alpha:0.00005
[MOE_TRACE] Group:1 Prob:0.49921 Alpha:0.00005
[MOE_TRACE] Group:0 Prob:0.99754 Alpha:0.00005
[MOE_TRACE] Group:1 Prob:0.49921 Alpha:0.00005
[MOE_TRACE] Group:0 Prob:0.99754 Alpha:0.00005
[MOE_TRACE] Group:1 Prob:0.49921 Alpha:0.00005
[MOE_TRACE] Group:0 Prob:0.99754 Alpha:0.00005
[MOE_TRACE] Group:1 Prob:0.49921 Alpha:0.00005
[MOE_TRACE] Group:0 Prob:0.99754 Alpha:0.00005
[MOE_TRACE] Group:1 Prob:0.49921 Alpha:0.00005
[MOE_TRACE] Group:0 Prob:0.99754 Alpha:0.00005
[MOE_TRACE] Group:1 Prob:0.49921 Alpha:0.00005
[MOE_TRACE] Group:0 Prob:0.99754 Alpha:0.00005
[MOE_TRACE] Group:1 Prob:0.49921 Alpha:0.00005
[MOE_TRACE] Group:0 Prob:0.99754 Alpha:0.00005
[MOE_TRACE] Group:1 Prob:0.49921 Alpha:0.00005
[MOE_TRACE] Group:0 Prob:0.99754 Alpha:0.00005
[MOE_TRACE] Group:1 Prob:0.49921 Alpha:0.00005
[MOE_TRACE] Group:0 Prob:0.99754 Alpha:0.00005
[MOE_TRACE] Group:1 Prob:0.49921 Alpha:0.00005
[MOE_TRACE] Group:0 Prob:0.99754 Alpha:0.00005
[MOE_TRACE] Group:1 Prob:0.49920 Alpha:0.00005
[MOE_TRACE] Group:0 Prob:0.99754 Alpha:0.00005
[MOE_TRACE] Group:1 Prob:0.49920 Alpha:0.00005
[MOE_TRACE] Group:0 Prob:0.99754 Alpha:0.00005[MOE_TRACE] Group:0 Prob:0.99754 Alpha:0.00005

[MOE_TRACE] Group:1 Prob:0.49920 Alpha:0.00005[MOE_TRACE] Group:1 Prob:0.49920 Alpha:0.00005

[MOE_TRACE] Group:0 Prob:0.99754 Alpha:0.00005
[MOE_TRACE] Group:1 Prob:0.49920 Alpha:0.00005
[MOE_TRACE] Group:0 Prob:0.99754 Alpha:0.00005
[MOE_TRACE] Group:1 Prob:0.49920 Alpha:0.00005
[MOE_TRACE] Group:0 Prob:0.99754 Alpha:0.00005
[MOE_TRACE] Group:1 Prob:0.49920 Alpha:0.00005
[MOE_TRACE] Group:0 Prob:0.99754 Alpha:0.00005
[MOE_TRACE] Group:1 Prob:0.49920 Alpha:0.00005
[MOE_TRACE] Group:1 Prob:0.49920 Alpha:0.00005
[MOE_TRACE] Group:0 Prob:0.99754 Alpha:0.00005
[MOE_TRACE] Group:1 Prob:0.49920 Alpha:0.00005
[MOE_TRACE] Group:0 Prob:0.99754 Alpha:0.00005
[MOE_TRACE] Group:1 Prob:0.49920 Alpha:0.00005
[MOE_TRACE] Group:0 Prob:0.99754 Alpha:0.00005
[MOE_TRACE] Group:1 Prob:0.49920 Alpha:0.00005
[MOE_TRACE] Group:0 Prob:0.99754 Alpha:0.00005
[MOE_TRACE] Group:1 Prob:0.49920 Alpha:0.00005
[MOE_TRACE] Group:0 Prob:0.99754 Alpha:0.00005
[MOE_TRACE] Group:1 Prob:0.49920 Alpha:0.00005
[MOE_TRACE] Group:0 Prob:0.99754 Alpha:0.00005
[MOE_TRACE] Group:1 Prob:0.49920 Alpha:0.00005
[MOE_TRACE] Group:0 Prob:0.99754 Alpha:0.00005
[MOE_TRACE] Group:1 Prob:0.49920 Alpha:0.00005
[MOE_TRACE] Group:0 Prob:0.99754 Alpha:0.00005
[MOE_TRACE] Group:1 Prob:0.49920 Alpha:0.00005
[MOE_TRACE] Group:0 Prob:0.99754 Alpha:0.00005
[MOE_TRACE] Group:1 Prob:0.49920 Alpha:0.00005
[MOE_TRACE] Group:0 Prob:0.99754 Alpha:0.00005
[MOE_TRACE] Group:1 Prob:0.49920 Alpha:0.00005
[MOE_TRACE] Group:0 Prob:0.99754 Alpha:0.00005
[MOE_TRACE] Group:1 Prob:0.49920 Alpha:0.00005
[MOE_TRACE] Group:0 Prob:0.99754 Alpha:0.00005
[MOE_TRACE] Group:1 Prob:0.49920 Alpha:0.00005
[MOE_TRACE] Group:0 Prob:0.99754 Alpha:0.00005
[MOE_TRACE] Group:1 Prob:0.49920 Alpha:0.00005
[MOE_TRACE] Group:0 Prob:0.99754 Alpha:0.00005
[MOE_TRACE] Group:1 Prob:0.49920 Alpha:0.00005
[MOE_TRACE] Group:0 Prob:0.99754 Alpha:0.00005
[MOE_TRACE] Group:1 Prob:0.49920 Alpha:0.00005
[MOE_TRACE] Group:0 Prob:0.99754 Alpha:0.00005
[MOE_TRACE] Group:1 Prob:0.49920 Alpha:0.00005
[MOE_TRACE] Group:0 Prob:0.99754 Alpha:0.00005
[MOE_TRACE] Group:1 Prob:0.49920 Alpha:0.00005
[MOE_TRACE] Group:0 Prob:0.99754 Alpha:0.00005
[MOE_TRACE] Group:1 Prob:0.49920 Alpha:0.00005
[MOE_TRACE] Group:0 Prob:0.99754 Alpha:0.00005
[MOE_TRACE] Group:1 Prob:0.49920 Alpha:0.00005
[MOE_TRACE] Group:0 Prob:0.99754 Alpha:0.00005
[MOE_TRACE] Group:0 Prob:0.99754 Alpha:0.00005
[MOE_TRACE] Group:1 Prob:0.49920 Alpha:0.00005
[MOE_TRACE] Group:1 Prob:0.49920 Alpha:0.00005
[MOE_TRACE] Group:0 Prob:0.99754 Alpha:0.00005
[MOE_TRACE] Group:1 Prob:0.49920 Alpha:0.00005
[MOE_TRACE] Group:0 Prob:0.99754 Alpha:0.00005
[MOE_TRACE] Group:1 Prob:0.49920 Alpha:0.00005
[MOE_TRACE] Group:0 Prob:0.99754 Alpha:0.00005
[MOE_TRACE] Group:1 Prob:0.49920 Alpha:0.00005
[MOE_TRACE] Group:0 Prob:0.99754 Alpha:0.00005
[MOE_TRACE] Group:1 Prob:0.49920 Alpha:0.00005
[MOE_TRACE] Group:0 Prob:0.99754 Alpha:0.00005
[MOE_TRACE] Group:1 Prob:0.49920 Alpha:0.00005
[MOE_TRACE] Group:0 Prob:0.99754 Alpha:0.00005
[MOE_TRACE] Group:1 Prob:0.49920 Alpha:0.00005
[MOE_TRACE] Group:0 Prob:0.99754 Alpha:0.00005
[MOE_TRACE] Group:1 Prob:0.49920 Alpha:0.00005
[MOE_TRACE] Group:0 Prob:0.99754 Alpha:0.00005
[MOE_TRACE] Group:1 Prob:0.49920 Alpha:0.00005
[MOE_TRACE] Group:0 Prob:0.99754 Alpha:0.00005
[MOE_TRACE] Group:1 Prob:0.49920 Alpha:0.00005
[MOE_TRACE] Group:0 Prob:0.99754 Alpha:0.00005
[MOE_TRACE] Group:1 Prob:0.49920 Alpha:0.00005
[MOE_TRACE] Group:0 Prob:0.99754 Alpha:0.00005
[MOE_TRACE] Group:1 Prob:0.49920 Alpha:0.00005
[MOE_TRACE] Group:0 Prob:0.99754 Alpha:0.00005
[MOE_TRACE] Group:1 Prob:0.49920 Alpha:0.00005
[MOE_TRACE] Group:0 Prob:0.99754 Alpha:0.00005
[MOE_TRACE] Group:1 Prob:0.49920 Alpha:0.00005
[MOE_TRACE] Group:0 Prob:0.99754 Alpha:0.00005
[MOE_TRACE] Group:1 Prob:0.49920 Alpha:0.00005
[MOE_TRACE] Group:0 Prob:0.99754 Alpha:0.00005
[MOE_TRACE] Group:1 Prob:0.49920 Alpha:0.00005
[MOE_TRACE] Group:0 Prob:0.99754 Alpha:0.00005
[MOE_TRACE] Group:1 Prob:0.49920 Alpha:0.00005
[MOE_TRACE] Group:0 Prob:0.99754 Alpha:0.00005
[MOE_TRACE] Group:1 Prob:0.49920 Alpha:0.00005
[MOE_TRACE] Group:0 Prob:0.99754 Alpha:0.00005
[MOE_TRACE] Group:1 Prob:0.49920 Alpha:0.00005
[MOE_TRACE] Group:0 Prob:0.99754 Alpha:0.00005
[MOE_TRACE] Group:0 Prob:0.99754 Alpha:0.00005
[MOE_TRACE] Group:1 Prob:0.49920 Alpha:0.00005
[MOE_TRACE] Group:0 Prob:0.99754 Alpha:0.00005
[MOE_TRACE] Group:1 Prob:0.49920 Alpha:0.00005
[MOE_TRACE] Group:0 Prob:0.99754 Alpha:0.00005
[MOE_TRACE] Group:1 Prob:0.49920 Alpha:0.00005
[MOE_TRACE] Group:0 Prob:0.99754 Alpha:0.00005
[MOE_TRACE] Group:1 Prob:0.49920 Alpha:0.00005
[MOE_TRACE] Group:0 Prob:0.99754 Alpha:0.00005
[MOE_TRACE] Group:1 Prob:0.49920 Alpha:0.00005
[MOE_TRACE] Group:0 Prob:0.99754 Alpha:0.00005
[MOE_TRACE] Group:1 Prob:0.49920 Alpha:0.00005
[MOE_TRACE] Group:0 Prob:0.99754 Alpha:0.00005
[MOE_TRACE] Group:1 Prob:0.49921 Alpha:0.00005
[MOE_TRACE] Group:0 Prob:0.99754 Alpha:0.00005
[MOE_TRACE] Group:1 Prob:0.49921 Alpha:0.00005
[MOE_TRACE] Group:0 Prob:0.99754 Alpha:0.00005
[MOE_TRACE] Group:1 Prob:0.49921 Alpha:0.00005
[MOE_TRACE] Group:0 Prob:0.99754 Alpha:0.00005
[MOE_TRACE] Group:1 Prob:0.49921 Alpha:0.00005
[MOE_TRACE] Group:0 Prob:0.99754 Alpha:0.00005
[MOE_TRACE] Group:1 Prob:0.49921 Alpha:0.00005
[MOE_TRACE] Group:0 Prob:0.99754 Alpha:0.00005
[MOE_TRACE] Group:1 Prob:0.49921 Alpha:0.00005
[MOE_TRACE] Group:0 Prob:0.99754 Alpha:0.00005
[MOE_TRACE] Group:1 Prob:0.49921 Alpha:0.00005
[MOE_TRACE] Group:0 Prob:0.99754 Alpha:0.00005
[MOE_TRACE] Group:1 Prob:0.49921 Alpha:0.00005
[MOE_TRACE] Group:0 Prob:0.99754 Alpha:0.00005
[MOE_TRACE] Group:1 Prob:0.49921 Alpha:0.00005
[MOE_TRACE] Group:0 Prob:0.99754 Alpha:0.00005
[MOE_TRACE] Group:1 Prob:0.49921 Alpha:0.00005
[MOE_TRACE] Group:0 Prob:0.99754 Alpha:0.00005
[MOE_TRACE] Group:1 Prob:0.49921 Alpha:0.00005
[MOE_TRACE] Group:0 Prob:0.99754 Alpha:0.00005
[MOE_TRACE] Group:1 Prob:0.49921 Alpha:0.00005
[MOE_TRACE] Group:0 Prob:0.99754 Alpha:0.00005
[MOE_TRACE] Group:1 Prob:0.49920 Alpha:0.00005
[MOE_TRACE] Group:0 Prob:0.99754 Alpha:0.00005
[MOE_TRACE] Group:1 Prob:0.49920 Alpha:0.00005
[MOE_TRACE] Group:0 Prob:0.99754 Alpha:0.00005
[MOE_TRACE] Group:1 Prob:0.49920 Alpha:0.00005
[MOE_TRACE] Group:0 Prob:0.99754 Alpha:0.00005
[MOE_TRACE] Group:1 Prob:0.49920 Alpha:0.00005
[MOE_TRACE] Group:0 Prob:0.99754 Alpha:0.00005
[MOE_TRACE] Group:0 Prob:0.99754 Alpha:0.00005
[MOE_TRACE] Group:1 Prob:0.49920 Alpha:0.00005
[MOE_TRACE] Group:0 Prob:0.99754 Alpha:0.00005
[MOE_TRACE] Group:1 Prob:0.49920 Alpha:0.00005
[MOE_TRACE] Group:0 Prob:0.99754 Alpha:0.00005
[MOE_TRACE] Group:1 Prob:0.49920 Alpha:0.00005
[MOE_TRACE] Group:0 Prob:0.99754 Alpha:0.00005
[MOE_TRACE] Group:1 Prob:0.49920 Alpha:0.00005
[MOE_TRACE] Group:0 Prob:0.99754 Alpha:0.00005
[MOE_TRACE] Group:1 Prob:0.49920 Alpha:0.00005
[MOE_TRACE] Group:0 Prob:0.99754 Alpha:0.00005
[MOE_TRACE] Group:1 Prob:0.49920 Alpha:0.00005
[MOE_TRACE] Group:0 Prob:0.99754 Alpha:0.00005
[MOE_TRACE] Group:1 Prob:0.49920 Alpha:0.00005
[MOE_TRACE] Group:0 Prob:0.99754 Alpha:0.00005
[MOE_TRACE] Group:1 Prob:0.49920 Alpha:0.00005
[MOE_TRACE] Group:0 Prob:0.99754 Alpha:0.00005
[MOE_TRACE] Group:1 Prob:0.49920 Alpha:0.00005
[MOE_TRACE] Group:0 Prob:0.99754 Alpha:0.00005
[MOE_TRACE] Group:1 Prob:0.49920 Alpha:0.00005
[MOE_TRACE] Group:0 Prob:0.99754 Alpha:0.00005
[MOE_TRACE] Group:1 Prob:0.49920 Alpha:0.00005
[MOE_TRACE] Group:0 Prob:0.99754 Alpha:0.00005
[MOE_TRACE] Group:1 Prob:0.49920 Alpha:0.00005
[MOE_TRACE] Group:0 Prob:0.99754 Alpha:0.00005
[MOE_TRACE] Group:1 Prob:0.49920 Alpha:0.00005
[MOE_TRACE] Group:0 Prob:0.99754 Alpha:0.00005
[MOE_TRACE] Group:1 Prob:0.49920 Alpha:0.00005
[MOE_TRACE] Group:0 Prob:0.99754 Alpha:0.00005
[MOE_TRACE] Group:1 Prob:0.49920 Alpha:0.00005
[MOE_TRACE] Group:0 Prob:0.99754 Alpha:0.00005
[MOE_TRACE] Group:1 Prob:0.49920 Alpha:0.00005
[MOE_TRACE] Group:0 Prob:0.99754 Alpha:0.00005
[MOE_TRACE] Group:1 Prob:0.49920 Alpha:0.00005
[MOE_TRACE] Group:0 Prob:0.99754 Alpha:0.00005
[MOE_TRACE] Group:1 Prob:0.49920 Alpha:0.00005
[MOE_TRACE] Group:0 Prob:0.99754 Alpha:0.00005
[MOE_TRACE] Group:1 Prob:0.49920 Alpha:0.00005
[MOE_TRACE] Group:0 Prob:0.99754 Alpha:0.00005
[MOE_TRACE] Group:1 Prob:0.49920 Alpha:0.00005
[MOE_TRACE] Group:0 Prob:0.99754 Alpha:0.00005
[MOE_TRACE] Group:1 Prob:0.49920 Alpha:0.00005
[MOE_TRACE] Group:0 Prob:0.99754 Alpha:0.00005
[MOE_TRACE] Group:1 Prob:0.49920 Alpha:0.00005
[MOE_TRACE] Group:0 Prob:0.99754 Alpha:0.00005
[MOE_TRACE] Group:1 Prob:0.49920 Alpha:0.00005
[MOE_TRACE] Group:0 Prob:0.99754 Alpha:0.00005
[MOE_TRACE] Group:1 Prob:0.49920 Alpha:0.00005
[MOE_TRACE] Group:0 Prob:0.99754 Alpha:0.00005
[MOE_TRACE] Group:1 Prob:0.49920 Alpha:0.00005
[MOE_TRACE] Group:0 Prob:0.99754 Alpha:0.00005
[MOE_TRACE] Group:1 Prob:0.49920 Alpha:0.00005
[MOE_TRACE] Group:0 Prob:0.99754 Alpha:0.00005
[MOE_TRACE] Group:1 Prob:0.49920 Alpha:0.00005
[MOE_TRACE] Group:0 Prob:0.99754 Alpha:0.00005
[MOE_TRACE] Group:1 Prob:0.49920 Alpha:0.00005
[MOE_TRACE] Group:0 Prob:0.99754 Alpha:0.00005
[MOE_TRACE] Group:1 Prob:0.49920 Alpha:0.00005
[MOE_TRACE] Group:0 Prob:0.99754 Alpha:0.00005
[MOE_TRACE] Group:1 Prob:0.49920 Alpha:0.00005
[MOE_TRACE] Group:0 Prob:0.99754 Alpha:0.00005
[MOE_TRACE] Group:1 Prob:0.49920 Alpha:0.00005
[MOE_TRACE] Group:0 Prob:0.99754 Alpha:0.00005
[MOE_TRACE] Group:0 Prob:0.99754 Alpha:0.00005
[MOE_TRACE] Group:1 Prob:0.49920 Alpha:0.00005
[MOE_TRACE] Group:1 Prob:0.49920 Alpha:0.00005
[MOE_TRACE] Group:0 Prob:0.99754 Alpha:0.00005
[MOE_TRACE] Group:1 Prob:0.49920 Alpha:0.00005
[MOE_TRACE] Group:0 Prob:0.99754 Alpha:0.00005
[MOE_TRACE] Group:1 Prob:0.49920 Alpha:0.00005
[MOE_TRACE] Group:0 Prob:0.99754 Alpha:0.00005
[MOE_TRACE] Group:0 Prob:0.99754 Alpha:0.00005
[MOE_TRACE] Group:1 Prob:0.49920 Alpha:0.00005
[MOE_TRACE] Group:0 Prob:0.99754 Alpha:0.00005
[MOE_TRACE] Group:1 Prob:0.49920 Alpha:0.00005
[MOE_TRACE] Group:0 Prob:0.99754 Alpha:0.00005
[MOE_TRACE] Group:1 Prob:0.49920 Alpha:0.00005
[MOE_TRACE] Group:0 Prob:0.99754 Alpha:0.00005
[MOE_TRACE] Group:1 Prob:0.49920 Alpha:0.00005
[MOE_TRACE] Group:0 Prob:0.99754 Alpha:0.00005
[MOE_TRACE] Group:1 Prob:0.49920 Alpha:0.00005
[MOE_TRACE] Group:0 Prob:0.99754 Alpha:0.00005
[MOE_TRACE] Group:1 Prob:0.49920 Alpha:0.00005
[MOE_TRACE] Group:0 Prob:0.99754 Alpha:0.00005
[MOE_TRACE] Group:1 Prob:0.49920 Alpha:0.00005
[MOE_TRACE] Group:0 Prob:0.99754 Alpha:0.00005
[MOE_TRACE] Group:1 Prob:0.49920 Alpha:0.00005
[MOE_TRACE] Group:0 Prob:0.99754 Alpha:0.00005
[MOE_TRACE] Group:1 Prob:0.49920 Alpha:0.00005
[MOE_TRACE] Group:0 Prob:0.99754 Alpha:0.00005
[MOE_TRACE] Group:1 Prob:0.49920 Alpha:0.00005
[MOE_TRACE] Group:0 Prob:0.99754 Alpha:0.00005
[MOE_TRACE] Group:1 Prob:0.49920 Alpha:0.00005
[MOE_TRACE] Group:0 Prob:0.99754 Alpha:0.00005
[MOE_TRACE] Group:1 Prob:0.49920 Alpha:0.00005
[MOE_TRACE] Group:0 Prob:0.99754 Alpha:0.00005
[MOE_TRACE] Group:1 Prob:0.49920 Alpha:0.00005
[MOE_TRACE] Group:0 Prob:0.99754 Alpha:0.00005
[MOE_TRACE] Group:1 Prob:0.49920 Alpha:0.00005
[MOE_TRACE] Group:0 Prob:0.99754 Alpha:0.00005
[MOE_TRACE] Group:1 Prob:0.49920 Alpha:0.00005
[MOE_TRACE] Group:0 Prob:0.99754 Alpha:0.00005
[MOE_TRACE] Group:1 Prob:0.49920 Alpha:0.00005
[MOE_TRACE] Group:0 Prob:0.99754 Alpha:0.00005
[MOE_TRACE] Group:1 Prob:0.49920 Alpha:0.00005
[MOE_TRACE] Group:0 Prob:0.99754 Alpha:0.00005
[MOE_TRACE] Group:1 Prob:0.49920 Alpha:0.00005
[MOE_TRACE] Group:0 Prob:0.99754 Alpha:0.00005
[MOE_TRACE] Group:1 Prob:0.49920 Alpha:0.00005
[MOE_TRACE] Group:0 Prob:0.99754 Alpha:0.00005
[MOE_TRACE] Group:1 Prob:0.49920 Alpha:0.00005
[MOE_TRACE] Group:0 Prob:0.99754 Alpha:0.00005
[MOE_TRACE] Group:1 Prob:0.49920 Alpha:0.00005
[MOE_TRACE] Group:0 Prob:0.99754 Alpha:0.00005
[MOE_TRACE] Group:1 Prob:0.49920 Alpha:0.00005
[MOE_TRACE] Group:0 Prob:0.99754 Alpha:0.00005
[MOE_TRACE] Group:1 Prob:0.49920 Alpha:0.00005
[MOE_TRACE] Group:0 Prob:0.99754 Alpha:0.00005
[MOE_TRACE] Group:1 Prob:0.49920 Alpha:0.00005
[MOE_TRACE] Group:0 Prob:0.99754 Alpha:0.00005
[MOE_TRACE] Group:1 Prob:0.49920 Alpha:0.00005
[MOE_TRACE] Group:0 Prob:0.99754 Alpha:0.00005
[MOE_TRACE] Group:1 Prob:0.49920 Alpha:0.00005
[MOE_TRACE] Group:0 Prob:0.99754 Alpha:0.00005
[MOE_TRACE] Group:1 Prob:0.49920 Alpha:0.00005
[MOE_TRACE] Group:0 Prob:0.99754 Alpha:0.00005
[MOE_TRACE] Group:1 Prob:0.49920 Alpha:0.00005
[MOE_TRACE] Group:0 Prob:0.99754 Alpha:0.00005
[MOE_TRACE] Group:1 Prob:0.49920 Alpha:0.00005
[MOE_TRACE] Group:0 Prob:0.99754 Alpha:0.00005
[MOE_TRACE] Group:1 Prob:0.49920 Alpha:0.00005
[MOE_TRACE] Group:0 Prob:0.99754 Alpha:0.00005
[MOE_TRACE] Group:1 Prob:0.49920 Alpha:0.00005
[MOE_TRACE] Group:0 Prob:0.99754 Alpha:0.00005
[MOE_TRACE] Group:1 Prob:0.49920 Alpha:0.00005
[MOE_TRACE] Group:0 Prob:0.99754 Alpha:0.00005
[MOE_TRACE] Group:1 Prob:0.49920 Alpha:0.00005
[MOE_TRACE] Group:0 Prob:0.99754 Alpha:0.00005
[MOE_TRACE] Group:1 Prob:0.49920 Alpha:0.00005
[MOE_TRACE] Group:0 Prob:0.99754 Alpha:0.00005
[MOE_TRACE] Group:1 Prob:0.49920 Alpha:0.00005
[MOE_TRACE] Group:0 Prob:0.99754 Alpha:0.00005
[MOE_TRACE] Group:1 Prob:0.49920 Alpha:0.00005
[MOE_TRACE] Group:0 Prob:0.99754 Alpha:0.00005
[MOE_TRACE] Group:1 Prob:0.49920 Alpha:0.00005
[MOE_TRACE] Group:0 Prob:0.99754 Alpha:0.00005[MOE_TRACE] Group:0 Prob:0.99754 Alpha:0.00005

[MOE_TRACE] Group:1 Prob:0.49920 Alpha:0.00005
[MOE_TRACE] Group:1 Prob:0.49920 Alpha:0.00005
[MOE_TRACE] Group:0 Prob:0.99754 Alpha:0.00005
[MOE_TRACE] Group:0 Prob:0.99754 Alpha:0.00005
[MOE_TRACE] Group:1 Prob:0.49920 Alpha:0.00005
[MOE_TRACE] Group:1 Prob:0.49920 Alpha:0.00005
[MOE_TRACE] Group:0 Prob:0.99754 Alpha:0.00005
[MOE_TRACE] Group:1 Prob:0.49920 Alpha:0.00005
[MOE_TRACE] Group:0 Prob:0.99754 Alpha:0.00005
[MOE_TRACE] Group:1 Prob:0.49920 Alpha:0.00005
[MOE_TRACE] Group:0 Prob:0.99754 Alpha:0.00005
[MOE_TRACE] Group:1 Prob:0.49920 Alpha:0.00005
[MOE_TRACE] Group:0 Prob:0.99754 Alpha:0.00005
[MOE_TRACE] Group:1 Prob:0.49920 Alpha:0.00005
[MOE_TRACE] Group:0 Prob:0.99754 Alpha:0.00005
[MOE_TRACE] Group:1 Prob:0.49920 Alpha:0.00005
[MOE_TRACE] Group:0 Prob:0.99754 Alpha:0.00005
[MOE_TRACE] Group:1 Prob:0.49920 Alpha:0.00005
[MOE_TRACE] Group:0 Prob:0.99754 Alpha:0.00005
[MOE_TRACE] Group:1 Prob:0.49920 Alpha:0.00005
[MOE_TRACE] Group:0 Prob:0.99754 Alpha:0.00005
[MOE_TRACE] Group:1 Prob:0.49920 Alpha:0.00005
[MOE_TRACE] Group:0 Prob:0.99754 Alpha:0.00005
[MOE_TRACE] Group:1 Prob:0.49920 Alpha:0.00005
[MOE_TRACE] Group:0 Prob:0.99754 Alpha:0.00005
[MOE_TRACE] Group:1 Prob:0.49920 Alpha:0.00005
[MOE_TRACE] Group:0 Prob:0.99754 Alpha:0.00005
[MOE_TRACE] Group:1 Prob:0.49920 Alpha:0.00005
[MOE_TRACE] Group:0 Prob:0.99754 Alpha:0.00005
[MOE_TRACE] Group:1 Prob:0.49920 Alpha:0.00005
[MOE_TRACE] Group:0 Prob:0.99754 Alpha:0.00005
[MOE_TRACE] Group:1 Prob:0.49920 Alpha:0.00005
[MOE_TRACE] Group:0 Prob:0.99754 Alpha:0.00005
[MOE_TRACE] Group:1 Prob:0.49920 Alpha:0.00005
[MOE_TRACE] Group:0 Prob:0.99754 Alpha:0.00005
[MOE_TRACE] Group:1 Prob:0.49920 Alpha:0.00005
[MOE_TRACE] Group:0 Prob:0.99754 Alpha:0.00005
[MOE_TRACE] Group:1 Prob:0.49920 Alpha:0.00005
[MOE_TRACE] Group:0 Prob:0.99754 Alpha:0.00005
[MOE_TRACE] Group:1 Prob:0.49920 Alpha:0.00005
[MOE_TRACE] Group:0 Prob:0.99754 Alpha:0.00005
[MOE_TRACE] Group:1 Prob:0.49920 Alpha:0.00005
[MOE_TRACE] Group:0 Prob:0.99754 Alpha:0.00005
[MOE_TRACE] Group:1 Prob:0.49920 Alpha:0.00005
[MOE_TRACE] Group:0 Prob:0.99754 Alpha:0.00005
[MOE_TRACE] Group:1 Prob:0.49920 Alpha:0.00005
[MOE_TRACE] Group:0 Prob:0.99754 Alpha:0.00005
[MOE_TRACE] Group:1 Prob:0.49920 Alpha:0.00005
[MOE_TRACE] Group:0 Prob:0.99754 Alpha:0.00005
[MOE_TRACE] Group:1 Prob:0.49920 Alpha:0.00005
[MOE_TRACE] Group:0 Prob:0.99754 Alpha:0.00005
[MOE_TRACE] Group:1 Prob:0.49919 Alpha:0.00005
[MOE_TRACE] Group:0 Prob:0.99754 Alpha:0.00005
[MOE_TRACE] Group:1 Prob:0.49919 Alpha:0.00005
[MOE_TRACE] Group:0 Prob:0.99754 Alpha:0.00005
[MOE_TRACE] Group:1 Prob:0.49919 Alpha:0.00005
[MOE_TRACE] Group:0 Prob:0.99754 Alpha:0.00005
[MOE_TRACE] Group:1 Prob:0.49919 Alpha:0.00005
[MOE_TRACE] Group:0 Prob:0.99754 Alpha:0.00005
[MOE_TRACE] Group:1 Prob:0.49920 Alpha:0.00005
[MOE_TRACE] Group:0 Prob:0.99754 Alpha:0.00005
[MOE_TRACE] Group:1 Prob:0.49920 Alpha:0.00005
[MOE_TRACE] Group:0 Prob:0.99754 Alpha:0.00005
[MOE_TRACE] Group:1 Prob:0.49920 Alpha:0.00005
[MOE_TRACE] Group:0 Prob:0.99754 Alpha:0.00005
[MOE_TRACE] Group:1 Prob:0.49920 Alpha:0.00005
[MOE_TRACE] Group:0 Prob:0.99754 Alpha:0.00005
[MOE_TRACE] Group:1 Prob:0.49920 Alpha:0.00005
[MOE_TRACE] Group:0 Prob:0.99754 Alpha:0.00005
[MOE_TRACE] Group:1 Prob:0.49920 Alpha:0.00005
[MOE_TRACE] Group:0 Prob:0.99754 Alpha:0.00005
[MOE_TRACE] Group:1 Prob:0.49920 Alpha:0.00005
[MOE_TRACE] Group:0 Prob:0.99754 Alpha:0.00005
[MOE_TRACE] Group:1 Prob:0.49920 Alpha:0.00005
[MOE_TRACE] Group:0 Prob:0.99754 Alpha:0.00005[MOE_TRACE] Group:0 Prob:0.99754 Alpha:0.00005

[MOE_TRACE] Group:1 Prob:0.49919 Alpha:0.00005[MOE_TRACE] Group:1 Prob:0.49919 Alpha:0.00005

[MOE_TRACE] Group:0 Prob:0.99754 Alpha:0.00005
[MOE_TRACE] Group:1 Prob:0.49919 Alpha:0.00005
[MOE_TRACE] Group:0 Prob:0.99754 Alpha:0.00005
[MOE_TRACE] Group:1 Prob:0.49919 Alpha:0.00005
[MOE_TRACE] Group:0 Prob:0.99754 Alpha:0.00005
[MOE_TRACE] Group:1 Prob:0.49919 Alpha:0.00005
[MOE_TRACE] Group:0 Prob:0.99754 Alpha:0.00005
[MOE_TRACE] Group:1 Prob:0.49919 Alpha:0.00005
[MOE_TRACE] Group:0 Prob:0.99754 Alpha:0.00005
[MOE_TRACE] Group:1 Prob:0.49919 Alpha:0.00005
[MOE_TRACE] Group:0 Prob:0.99754 Alpha:0.00005
[MOE_TRACE] Group:1 Prob:0.49919 Alpha:0.00005
[MOE_TRACE] Group:0 Prob:0.99754 Alpha:0.00005
[MOE_TRACE] Group:1 Prob:0.49919 Alpha:0.00005
[MOE_TRACE] Group:0 Prob:0.99754 Alpha:0.00005
[MOE_TRACE] Group:1 Prob:0.49919 Alpha:0.00005
[MOE_TRACE] Group:0 Prob:0.99754 Alpha:0.00005
[MOE_TRACE] Group:1 Prob:0.49919 Alpha:0.00005
[MOE_TRACE] Group:0 Prob:0.99754 Alpha:0.00005
[MOE_TRACE] Group:1 Prob:0.49919 Alpha:0.00005
[MOE_TRACE] Group:0 Prob:0.99754 Alpha:0.00005
[MOE_TRACE] Group:1 Prob:0.49919 Alpha:0.00005
[MOE_TRACE] Group:0 Prob:0.99754 Alpha:0.00005
[MOE_TRACE] Group:1 Prob:0.49919 Alpha:0.00005
[MOE_TRACE] Group:0 Prob:0.99754 Alpha:0.00005[MOE_TRACE] Group:0 Prob:0.99754 Alpha:0.00005

[MOE_TRACE] Group:1 Prob:0.49919 Alpha:0.00005[MOE_TRACE] Group:1 Prob:0.49919 Alpha:0.00005

[MOE_TRACE] Group:0 Prob:0.99754 Alpha:0.00005
[MOE_TRACE] Group:1 Prob:0.49919 Alpha:0.00005
[MOE_TRACE] Group:0 Prob:0.99754 Alpha:0.00005
[MOE_TRACE] Group:1 Prob:0.49919 Alpha:0.00005
[MOE_TRACE] Group:0 Prob:0.99754 Alpha:0.00005
[MOE_TRACE] Group:1 Prob:0.49919 Alpha:0.00005
[MOE_TRACE] Group:0 Prob:0.99754 Alpha:0.00005
[MOE_TRACE] Group:1 Prob:0.49919 Alpha:0.00005
[MOE_TRACE] Group:0 Prob:0.99754 Alpha:0.00005[MOE_TRACE] Group:0 Prob:0.99754 Alpha:0.00005

[MOE_TRACE] Group:1 Prob:0.49919 Alpha:0.00005
[MOE_TRACE] Group:1 Prob:0.49919 Alpha:0.00005
[MOE_TRACE] Group:0 Prob:0.99754 Alpha:0.00005
[MOE_TRACE] Group:1 Prob:0.49919 Alpha:0.00005
[MOE_TRACE] Group:0 Prob:0.99754 Alpha:0.00005
[MOE_TRACE] Group:1 Prob:0.49919 Alpha:0.00005
[MOE_TRACE] Group:0 Prob:0.99754 Alpha:0.00005
[MOE_TRACE] Group:1 Prob:0.49919 Alpha:0.00005
[MOE_TRACE] Group:0 Prob:0.99754 Alpha:0.00005
[MOE_TRACE] Group:1 Prob:0.49919 Alpha:0.00005
[MOE_TRACE] Group:0 Prob:0.99754 Alpha:0.00005
[MOE_TRACE] Group:1 Prob:0.49919 Alpha:0.00005
[MOE_TRACE] Group:0 Prob:0.99754 Alpha:0.00005
[MOE_TRACE] Group:1 Prob:0.49919 Alpha:0.00005
[MOE_TRACE] Group:0 Prob:0.99754 Alpha:0.00005
[MOE_TRACE] Group:0 Prob:0.99754 Alpha:0.00005
[MOE_TRACE] Group:1 Prob:0.49919 Alpha:0.00005
[MOE_TRACE] Group:0 Prob:0.99754 Alpha:0.00005
[MOE_TRACE] Group:1 Prob:0.49919 Alpha:0.00005
[MOE_TRACE] Group:0 Prob:0.99754 Alpha:0.00005
[MOE_TRACE] Group:1 Prob:0.49919 Alpha:0.00005
[MOE_TRACE] Group:0 Prob:0.99755 Alpha:0.00005
[MOE_TRACE] Group:1 Prob:0.49919 Alpha:0.00005
[MOE_TRACE] Group:0 Prob:0.99755 Alpha:0.00005
[MOE_TRACE] Group:1 Prob:0.49919 Alpha:0.00005
[MOE_TRACE] Group:0 Prob:0.99755 Alpha:0.00005
[MOE_TRACE] Group:1 Prob:0.49919 Alpha:0.00005
[MOE_TRACE] Group:0 Prob:0.99755 Alpha:0.00005
[MOE_TRACE] Group:1 Prob:0.49919 Alpha:0.00005
[MOE_TRACE] Group:0 Prob:0.99755 Alpha:0.00005
[MOE_TRACE] Group:1 Prob:0.49919 Alpha:0.00005
[MOE_TRACE] Group:0 Prob:0.99755 Alpha:0.00005
[MOE_TRACE] Group:1 Prob:0.49919 Alpha:0.00005
[MOE_TRACE] Group:0 Prob:0.99755 Alpha:0.00005
[MOE_TRACE] Group:1 Prob:0.49919 Alpha:0.00005
[MOE_TRACE] Group:0 Prob:0.99755 Alpha:0.00005
[MOE_TRACE] Group:1 Prob:0.49919 Alpha:0.00005
	iters: 100, epoch: 5 | loss: 0.4819147 | Mem: 1845MB(Max:2203MB)
	speed: 5.3931s/iter; left time: 4222.7969s
[MOE_TRACE] Group:0 Prob:0.99755 Alpha:0.00005
[MOE_TRACE] Group:1 Prob:0.49919 Alpha:0.00005
[MOE_TRACE] Group:0 Prob:0.99755 Alpha:0.00005
[MOE_TRACE] Group:1 Prob:0.49918 Alpha:0.00005
[MOE_TRACE] Group:0 Prob:0.99755 Alpha:0.00005
[MOE_TRACE] Group:1 Prob:0.49918 Alpha:0.00005
[MOE_TRACE] Group:0 Prob:0.99755 Alpha:0.00005
[MOE_TRACE] Group:1 Prob:0.49918 Alpha:0.00005
[MOE_TRACE] Group:0 Prob:0.99755 Alpha:0.00005
[MOE_TRACE] Group:1 Prob:0.49919 Alpha:0.00005
[MOE_TRACE] Group:0 Prob:0.99755 Alpha:0.00005
[MOE_TRACE] Group:1 Prob:0.49919 Alpha:0.00005
[MOE_TRACE] Group:0 Prob:0.99755 Alpha:0.00005
[MOE_TRACE] Group:1 Prob:0.49919 Alpha:0.00005
[MOE_TRACE] Group:0 Prob:0.99755 Alpha:0.00005
[MOE_TRACE] Group:1 Prob:0.49919 Alpha:0.00005
[MOE_TRACE] Group:0 Prob:0.99755 Alpha:0.00005
[MOE_TRACE] Group:1 Prob:0.49919 Alpha:0.00005
[MOE_TRACE] Group:0 Prob:0.99755 Alpha:0.00005
[MOE_TRACE] Group:1 Prob:0.49919 Alpha:0.00005
[MOE_TRACE] Group:0 Prob:0.99755 Alpha:0.00005
[MOE_TRACE] Group:1 Prob:0.49919 Alpha:0.00005
[MOE_TRACE] Group:0 Prob:0.99755 Alpha:0.00005
[MOE_TRACE] Group:1 Prob:0.49919 Alpha:0.00005
[MOE_TRACE] Group:0 Prob:0.99755 Alpha:0.00005
[MOE_TRACE] Group:1 Prob:0.49918 Alpha:0.00005
[MOE_TRACE] Group:0 Prob:0.99755 Alpha:0.00005
[MOE_TRACE] Group:1 Prob:0.49918 Alpha:0.00005
[MOE_TRACE] Group:0 Prob:0.99755 Alpha:0.00005
[MOE_TRACE] Group:1 Prob:0.49918 Alpha:0.00005
[MOE_TRACE] Group:0 Prob:0.99755 Alpha:0.00005
[MOE_TRACE] Group:1 Prob:0.49918 Alpha:0.00005
[MOE_TRACE] Group:0 Prob:0.99755 Alpha:0.00005
[MOE_TRACE] Group:1 Prob:0.49918 Alpha:0.00005
[MOE_TRACE] Group:0 Prob:0.99755 Alpha:0.00005
[MOE_TRACE] Group:0 Prob:0.99755 Alpha:0.00005
[MOE_TRACE] Group:1 Prob:0.49918 Alpha:0.00005
[MOE_TRACE] Group:1 Prob:0.49918 Alpha:0.00005
[MOE_TRACE] Group:0 Prob:0.99755 Alpha:0.00005
[MOE_TRACE] Group:1 Prob:0.49918 Alpha:0.00005
[MOE_TRACE] Group:0 Prob:0.99755 Alpha:0.00005
[MOE_TRACE] Group:1 Prob:0.49919 Alpha:0.00005
[MOE_TRACE] Group:0 Prob:0.99755 Alpha:0.00005
[MOE_TRACE] Group:1 Prob:0.49919 Alpha:0.00005
[MOE_TRACE] Group:0 Prob:0.99755 Alpha:0.00005
[MOE_TRACE] Group:1 Prob:0.49919 Alpha:0.00005
[MOE_TRACE] Group:0 Prob:0.99755 Alpha:0.00005
[MOE_TRACE] Group:1 Prob:0.49919 Alpha:0.00005
[MOE_TRACE] Group:0 Prob:0.99755 Alpha:0.00005
[MOE_TRACE] Group:1 Prob:0.49918 Alpha:0.00005
[MOE_TRACE] Group:0 Prob:0.99755 Alpha:0.00005
[MOE_TRACE] Group:1 Prob:0.49918 Alpha:0.00005
[MOE_TRACE] Group:0 Prob:0.99755 Alpha:0.00005
[MOE_TRACE] Group:1 Prob:0.49918 Alpha:0.00005
[MOE_TRACE] Group:0 Prob:0.99755 Alpha:0.00005
[MOE_TRACE] Group:1 Prob:0.49918 Alpha:0.00005
[MOE_TRACE] Group:0 Prob:0.99755 Alpha:0.00005[MOE_TRACE] Group:0 Prob:0.99755 Alpha:0.00005

[MOE_TRACE] Group:1 Prob:0.49919 Alpha:0.00005
[MOE_TRACE] Group:1 Prob:0.49919 Alpha:0.00005
[MOE_TRACE] Group:0 Prob:0.99755 Alpha:0.00005
[MOE_TRACE] Group:1 Prob:0.49919 Alpha:0.00005
[MOE_TRACE] Group:0 Prob:0.99755 Alpha:0.00005
[MOE_TRACE] Group:1 Prob:0.49919 Alpha:0.00005
[MOE_TRACE] Group:0 Prob:0.99755 Alpha:0.00005
[MOE_TRACE] Group:1 Prob:0.49919 Alpha:0.00005
[MOE_TRACE] Group:0 Prob:0.99755 Alpha:0.00005
[MOE_TRACE] Group:1 Prob:0.49919 Alpha:0.00005
[MOE_TRACE] Group:0 Prob:0.99755 Alpha:0.00005
[MOE_TRACE] Group:1 Prob:0.49919 Alpha:0.00005
[MOE_TRACE] Group:0 Prob:0.99755 Alpha:0.00005
[MOE_TRACE] Group:1 Prob:0.49919 Alpha:0.00005
[MOE_TRACE] Group:0 Prob:0.99755 Alpha:0.00005
[MOE_TRACE] Group:1 Prob:0.49919 Alpha:0.00005
[MOE_TRACE] Group:0 Prob:0.99755 Alpha:0.00005
[MOE_TRACE] Group:1 Prob:0.49919 Alpha:0.00005
[MOE_TRACE] Group:0 Prob:0.99755 Alpha:0.00005[MOE_TRACE] Group:0 Prob:0.99755 Alpha:0.00005

[MOE_TRACE] Group:1 Prob:0.49919 Alpha:0.00005
[MOE_TRACE] Group:1 Prob:0.49919 Alpha:0.00005
[MOE_TRACE] Group:0 Prob:0.99755 Alpha:0.00005
[MOE_TRACE] Group:1 Prob:0.49918 Alpha:0.00005
[MOE_TRACE] Group:0 Prob:0.99755 Alpha:0.00005
[MOE_TRACE] Group:1 Prob:0.49918 Alpha:0.00005
[MOE_TRACE] Group:0 Prob:0.99755 Alpha:0.00005
[MOE_TRACE] Group:1 Prob:0.49918 Alpha:0.00005
[MOE_TRACE] Group:0 Prob:0.99755 Alpha:0.00005
[MOE_TRACE] Group:1 Prob:0.49918 Alpha:0.00005
[MOE_TRACE] Group:0 Prob:0.99755 Alpha:0.00005
[MOE_TRACE] Group:1 Prob:0.49919 Alpha:0.00005
[MOE_TRACE] Group:0 Prob:0.99755 Alpha:0.00005
[MOE_TRACE] Group:1 Prob:0.49919 Alpha:0.00005
[MOE_TRACE] Group:0 Prob:0.99755 Alpha:0.00005
[MOE_TRACE] Group:1 Prob:0.49919 Alpha:0.00005
[MOE_TRACE] Group:0 Prob:0.99755 Alpha:0.00005
[MOE_TRACE] Group:1 Prob:0.49919 Alpha:0.00005
[MOE_TRACE] Group:0 Prob:0.99755 Alpha:0.00005[MOE_TRACE] Group:0 Prob:0.99755 Alpha:0.00005

[MOE_TRACE] Group:0 Prob:0.99755 Alpha:0.00005
[MOE_TRACE] Group:1 Prob:0.49919 Alpha:0.00005
[MOE_TRACE] Group:1 Prob:0.49919 Alpha:0.00005
[MOE_TRACE] Group:1 Prob:0.49919 Alpha:0.00005
[MOE_TRACE] Group:0 Prob:0.99755 Alpha:0.00005
[MOE_TRACE] Group:1 Prob:0.49919 Alpha:0.00005
[MOE_TRACE] Group:0 Prob:0.99755 Alpha:0.00005
[MOE_TRACE] Group:1 Prob:0.49918 Alpha:0.00005
[MOE_TRACE] Group:0 Prob:0.99755 Alpha:0.00005
[MOE_TRACE] Group:1 Prob:0.49918 Alpha:0.00005
[MOE_TRACE] Group:0 Prob:0.99755 Alpha:0.00005
[MOE_TRACE] Group:1 Prob:0.49918 Alpha:0.00005
[MOE_TRACE] Group:0 Prob:0.99755 Alpha:0.00005
[MOE_TRACE] Group:1 Prob:0.49918 Alpha:0.00005
[MOE_TRACE] Group:0 Prob:0.99755 Alpha:0.00005
[MOE_TRACE] Group:1 Prob:0.49919 Alpha:0.00005
[MOE_TRACE] Group:0 Prob:0.99755 Alpha:0.00005
[MOE_TRACE] Group:1 Prob:0.49919 Alpha:0.00005
[MOE_TRACE] Group:0 Prob:0.99755 Alpha:0.00005
[MOE_TRACE] Group:1 Prob:0.49919 Alpha:0.00005
[MOE_TRACE] Group:0 Prob:0.99755 Alpha:0.00005
[MOE_TRACE] Group:1 Prob:0.49919 Alpha:0.00005
[MOE_TRACE] Group:0 Prob:0.99755 Alpha:0.00005
[MOE_TRACE] Group:1 Prob:0.49919 Alpha:0.00005
[MOE_TRACE] Group:0 Prob:0.99755 Alpha:0.00005
[MOE_TRACE] Group:1 Prob:0.49919 Alpha:0.00005
[MOE_TRACE] Group:0 Prob:0.99755 Alpha:0.00005
[MOE_TRACE] Group:1 Prob:0.49919 Alpha:0.00005
[MOE_TRACE] Group:0 Prob:0.99755 Alpha:0.00005
[MOE_TRACE] Group:1 Prob:0.49919 Alpha:0.00005
[MOE_TRACE] Group:0 Prob:0.99755 Alpha:0.00005
[MOE_TRACE] Group:1 Prob:0.49919 Alpha:0.00005
[MOE_TRACE] Group:0 Prob:0.99755 Alpha:0.00005
[MOE_TRACE] Group:1 Prob:0.49919 Alpha:0.00005
[MOE_TRACE] Group:0 Prob:0.99755 Alpha:0.00005
[MOE_TRACE] Group:1 Prob:0.49919 Alpha:0.00005
[MOE_TRACE] Group:0 Prob:0.99755 Alpha:0.00005
[MOE_TRACE] Group:1 Prob:0.49919 Alpha:0.00005
[MOE_TRACE] Group:0 Prob:0.99755 Alpha:0.00005
[MOE_TRACE] Group:1 Prob:0.49919 Alpha:0.00005
[MOE_TRACE] Group:0 Prob:0.99755 Alpha:0.00005
[MOE_TRACE] Group:1 Prob:0.49919 Alpha:0.00005
[MOE_TRACE] Group:0 Prob:0.99755 Alpha:0.00005
[MOE_TRACE] Group:1 Prob:0.49919 Alpha:0.00005
[MOE_TRACE] Group:0 Prob:0.99755 Alpha:0.00005
[MOE_TRACE] Group:1 Prob:0.49919 Alpha:0.00005
[MOE_TRACE] Group:0 Prob:0.99755 Alpha:0.00005
[MOE_TRACE] Group:1 Prob:0.49919 Alpha:0.00005
[MOE_TRACE] Group:0 Prob:0.99755 Alpha:0.00005
[MOE_TRACE] Group:1 Prob:0.49919 Alpha:0.00005
[MOE_TRACE] Group:0 Prob:0.99755 Alpha:0.00005
[MOE_TRACE] Group:1 Prob:0.49919 Alpha:0.00005
[MOE_TRACE] Group:0 Prob:0.99755 Alpha:0.00005
[MOE_TRACE] Group:1 Prob:0.49919 Alpha:0.00005
[MOE_TRACE] Group:0 Prob:0.99755 Alpha:0.00005
[MOE_TRACE] Group:0 Prob:0.99755 Alpha:0.00005
[MOE_TRACE] Group:1 Prob:0.49919 Alpha:0.00005
[MOE_TRACE] Group:0 Prob:0.99755 Alpha:0.00005
[MOE_TRACE] Group:1 Prob:0.49919 Alpha:0.00005
[MOE_TRACE] Group:1 Prob:0.49919 Alpha:0.00005
[MOE_TRACE] Group:0 Prob:0.99755 Alpha:0.00005
[MOE_TRACE] Group:1 Prob:0.49919 Alpha:0.00005
[MOE_TRACE] Group:0 Prob:0.99755 Alpha:0.00005
[MOE_TRACE] Group:1 Prob:0.49919 Alpha:0.00005
[MOE_TRACE] Group:0 Prob:0.99755 Alpha:0.00005
[MOE_TRACE] Group:1 Prob:0.49919 Alpha:0.00005
[MOE_TRACE] Group:0 Prob:0.99755 Alpha:0.00005
[MOE_TRACE] Group:1 Prob:0.49919 Alpha:0.00005
[MOE_TRACE] Group:0 Prob:0.99755 Alpha:0.00005
[MOE_TRACE] Group:1 Prob:0.49919 Alpha:0.00005
[MOE_TRACE] Group:0 Prob:0.99755 Alpha:0.00005
[MOE_TRACE] Group:1 Prob:0.49920 Alpha:0.00005
[MOE_TRACE] Group:0 Prob:0.99755 Alpha:0.00005
[MOE_TRACE] Group:1 Prob:0.49920 Alpha:0.00005
[MOE_TRACE] Group:0 Prob:0.99755 Alpha:0.00005
[MOE_TRACE] Group:1 Prob:0.49920 Alpha:0.00005
[MOE_TRACE] Group:0 Prob:0.99755 Alpha:0.00005
[MOE_TRACE] Group:1 Prob:0.49920 Alpha:0.00005
[MOE_TRACE] Group:0 Prob:0.99755 Alpha:0.00005
[MOE_TRACE] Group:0 Prob:0.99755 Alpha:0.00005
[MOE_TRACE] Group:1 Prob:0.49919 Alpha:0.00005
[MOE_TRACE] Group:0 Prob:0.99755 Alpha:0.00005
[MOE_TRACE] Group:1 Prob:0.49919 Alpha:0.00005
[MOE_TRACE] Group:0 Prob:0.99755 Alpha:0.00005
[MOE_TRACE] Group:1 Prob:0.49920 Alpha:0.00005
[MOE_TRACE] Group:0 Prob:0.99755 Alpha:0.00005
[MOE_TRACE] Group:1 Prob:0.49920 Alpha:0.00005
[MOE_TRACE] Group:0 Prob:0.99755 Alpha:0.00005
[MOE_TRACE] Group:1 Prob:0.49920 Alpha:0.00005
[MOE_TRACE] Group:0 Prob:0.99755 Alpha:0.00005
[MOE_TRACE] Group:1 Prob:0.49920 Alpha:0.00005
[MOE_TRACE] Group:0 Prob:0.99755 Alpha:0.00005
[MOE_TRACE] Group:1 Prob:0.49920 Alpha:0.00005
[MOE_TRACE] Group:0 Prob:0.99755 Alpha:0.00005
[MOE_TRACE] Group:1 Prob:0.49920 Alpha:0.00005
[MOE_TRACE] Group:0 Prob:0.99755 Alpha:0.00005
[MOE_TRACE] Group:1 Prob:0.49920 Alpha:0.00005
[MOE_TRACE] Group:0 Prob:0.99755 Alpha:0.00005
[MOE_TRACE] Group:1 Prob:0.49920 Alpha:0.00005
[MOE_TRACE] Group:0 Prob:0.99755 Alpha:0.00005
[MOE_TRACE] Group:1 Prob:0.49920 Alpha:0.00005
[MOE_TRACE] Group:0 Prob:0.99755 Alpha:0.00005
[MOE_TRACE] Group:1 Prob:0.49919 Alpha:0.00005
[MOE_TRACE] Group:0 Prob:0.99755 Alpha:0.00005
[MOE_TRACE] Group:1 Prob:0.49919 Alpha:0.00005
[MOE_TRACE] Group:0 Prob:0.99755 Alpha:0.00005
[MOE_TRACE] Group:1 Prob:0.49919 Alpha:0.00005
[MOE_TRACE] Group:0 Prob:0.99755 Alpha:0.00005
[MOE_TRACE] Group:1 Prob:0.49920 Alpha:0.00005
[MOE_TRACE] Group:0 Prob:0.99755 Alpha:0.00005
[MOE_TRACE] Group:1 Prob:0.49920 Alpha:0.00005
[MOE_TRACE] Group:0 Prob:0.99755 Alpha:0.00005
[MOE_TRACE] Group:1 Prob:0.49920 Alpha:0.00005
[MOE_TRACE] Group:0 Prob:0.99755 Alpha:0.00005
[MOE_TRACE] Group:1 Prob:0.49920 Alpha:0.00005
[MOE_TRACE] Group:0 Prob:0.99755 Alpha:0.00005
[MOE_TRACE] Group:0 Prob:0.99755 Alpha:0.00005[MOE_TRACE] Group:1 Prob:0.49920 Alpha:0.00005

[MOE_TRACE] Group:1 Prob:0.49920 Alpha:0.00005
[MOE_TRACE] Group:0 Prob:0.99755 Alpha:0.00005
[MOE_TRACE] Group:1 Prob:0.49920 Alpha:0.00005
[MOE_TRACE] Group:0 Prob:0.99755 Alpha:0.00005
[MOE_TRACE] Group:1 Prob:0.49920 Alpha:0.00005
[MOE_TRACE] Group:0 Prob:0.99755 Alpha:0.00005
[MOE_TRACE] Group:1 Prob:0.49919 Alpha:0.00005
[MOE_TRACE] Group:0 Prob:0.99755 Alpha:0.00005
[MOE_TRACE] Group:1 Prob:0.49919 Alpha:0.00005
[MOE_TRACE] Group:0 Prob:0.99755 Alpha:0.00005[MOE_TRACE] Group:0 Prob:0.99755 Alpha:0.00005

[MOE_TRACE] Group:1 Prob:0.49919 Alpha:0.00005
[MOE_TRACE] Group:1 Prob:0.49919 Alpha:0.00005
[MOE_TRACE] Group:0 Prob:0.99755 Alpha:0.00005[MOE_TRACE] Group:0 Prob:0.99755 Alpha:0.00005

[MOE_TRACE] Group:1 Prob:0.49919 Alpha:0.00005
[MOE_TRACE] Group:1 Prob:0.49919 Alpha:0.00005
[MOE_TRACE] Group:0 Prob:0.99755 Alpha:0.00005
[MOE_TRACE] Group:0 Prob:0.99755 Alpha:0.00005[MOE_TRACE] Group:1 Prob:0.49919 Alpha:0.00005

[MOE_TRACE] Group:1 Prob:0.49919 Alpha:0.00005
[MOE_TRACE] Group:0 Prob:0.99755 Alpha:0.00005
[MOE_TRACE] Group:1 Prob:0.49919 Alpha:0.00005
[MOE_TRACE] Group:0 Prob:0.99755 Alpha:0.00005
[MOE_TRACE] Group:1 Prob:0.49919 Alpha:0.00005
[MOE_TRACE] Group:0 Prob:0.99755 Alpha:0.00005
[MOE_TRACE] Group:1 Prob:0.49919 Alpha:0.00005
[MOE_TRACE] Group:0 Prob:0.99755 Alpha:0.00005
[MOE_TRACE] Group:1 Prob:0.49919 Alpha:0.00005
[MOE_TRACE] Group:0 Prob:0.99755 Alpha:0.00005
[MOE_TRACE] Group:1 Prob:0.49919 Alpha:0.00005
[MOE_TRACE] Group:0 Prob:0.99755 Alpha:0.00005
[MOE_TRACE] Group:1 Prob:0.49919 Alpha:0.00005
[MOE_TRACE] Group:0 Prob:0.99755 Alpha:0.00005
[MOE_TRACE] Group:1 Prob:0.49919 Alpha:0.00005
[MOE_TRACE] Group:0 Prob:0.99755 Alpha:0.00005
[MOE_TRACE] Group:1 Prob:0.49919 Alpha:0.00005
[MOE_TRACE] Group:0 Prob:0.99755 Alpha:0.00005
[MOE_TRACE] Group:1 Prob:0.49919 Alpha:0.00005
[MOE_TRACE] Group:0 Prob:0.99755 Alpha:0.00005[MOE_TRACE] Group:0 Prob:0.99755 Alpha:0.00005

[MOE_TRACE] Group:1 Prob:0.49919 Alpha:0.00005
[MOE_TRACE] Group:1 Prob:0.49919 Alpha:0.00005
[MOE_TRACE] Group:0 Prob:0.99755 Alpha:0.00005
[MOE_TRACE] Group:1 Prob:0.49919 Alpha:0.00005
[MOE_TRACE] Group:0 Prob:0.99755 Alpha:0.00005
[MOE_TRACE] Group:1 Prob:0.49919 Alpha:0.00005
[MOE_TRACE] Group:0 Prob:0.99755 Alpha:0.00005
[MOE_TRACE] Group:1 Prob:0.49919 Alpha:0.00005
[MOE_TRACE] Group:0 Prob:0.99755 Alpha:0.00005
[MOE_TRACE] Group:1 Prob:0.49919 Alpha:0.00005
[MOE_TRACE] Group:0 Prob:0.99755 Alpha:0.00005
[MOE_TRACE] Group:1 Prob:0.49919 Alpha:0.00005
[MOE_TRACE] Group:0 Prob:0.99755 Alpha:0.00005
[MOE_TRACE] Group:1 Prob:0.49919 Alpha:0.00005
[MOE_TRACE] Group:0 Prob:0.99755 Alpha:0.00005
[MOE_TRACE] Group:1 Prob:0.49919 Alpha:0.00005
[MOE_TRACE] Group:0 Prob:0.99755 Alpha:0.00005
[MOE_TRACE] Group:1 Prob:0.49919 Alpha:0.00005
[MOE_TRACE] Group:0 Prob:0.99755 Alpha:0.00005
[MOE_TRACE] Group:1 Prob:0.49919 Alpha:0.00005
[MOE_TRACE] Group:0 Prob:0.99755 Alpha:0.00005
[MOE_TRACE] Group:1 Prob:0.49919 Alpha:0.00005
[MOE_TRACE] Group:0 Prob:0.99755 Alpha:0.00005
[MOE_TRACE] Group:1 Prob:0.49919 Alpha:0.00005
[MOE_TRACE] Group:0 Prob:0.99755 Alpha:0.00005
[MOE_TRACE] Group:1 Prob:0.49919 Alpha:0.00005
[MOE_TRACE] Group:0 Prob:0.99755 Alpha:0.00005
[MOE_TRACE] Group:1 Prob:0.49919 Alpha:0.00005
[MOE_TRACE] Group:0 Prob:0.99755 Alpha:0.00005
[MOE_TRACE] Group:1 Prob:0.49919 Alpha:0.00005
[MOE_TRACE] Group:0 Prob:0.99755 Alpha:0.00005
[MOE_TRACE] Group:1 Prob:0.49919 Alpha:0.00005
[MOE_TRACE] Group:0 Prob:0.99755 Alpha:0.00005
[MOE_TRACE] Group:1 Prob:0.49919 Alpha:0.00005
[MOE_TRACE] Group:0 Prob:0.99755 Alpha:0.00005
[MOE_TRACE] Group:1 Prob:0.49919 Alpha:0.00005
[MOE_TRACE] Group:0 Prob:0.99755 Alpha:0.00005
[MOE_TRACE] Group:1 Prob:0.49919 Alpha:0.00005
[MOE_TRACE] Group:0 Prob:0.99755 Alpha:0.00005
[MOE_TRACE] Group:1 Prob:0.49919 Alpha:0.00005
[MOE_TRACE] Group:0 Prob:0.99755 Alpha:0.00005
[MOE_TRACE] Group:1 Prob:0.49919 Alpha:0.00005
[MOE_TRACE] Group:0 Prob:0.99755 Alpha:0.00005
[MOE_TRACE] Group:1 Prob:0.49919 Alpha:0.00005
[MOE_TRACE] Group:0 Prob:0.99755 Alpha:0.00005
[MOE_TRACE] Group:1 Prob:0.49919 Alpha:0.00005
[MOE_TRACE] Group:0 Prob:0.99755 Alpha:0.00005
[MOE_TRACE] Group:1 Prob:0.49919 Alpha:0.00005
[MOE_TRACE] Group:0 Prob:0.99755 Alpha:0.00005
[MOE_TRACE] Group:1 Prob:0.49919 Alpha:0.00005
[MOE_TRACE] Group:0 Prob:0.99755 Alpha:0.00005
[MOE_TRACE] Group:1 Prob:0.49919 Alpha:0.00005
[MOE_TRACE] Group:1 Prob:0.49918 Alpha:0.00005
[MOE_TRACE] Group:0 Prob:0.99755 Alpha:0.00005
[MOE_TRACE] Group:1 Prob:0.49918 Alpha:0.00005
[MOE_TRACE] Group:0 Prob:0.99755 Alpha:0.00005
[MOE_TRACE] Group:1 Prob:0.49918 Alpha:0.00005
[MOE_TRACE] Group:0 Prob:0.99755 Alpha:0.00005
[MOE_TRACE] Group:1 Prob:0.49918 Alpha:0.00005
[MOE_TRACE] Group:0 Prob:0.99755 Alpha:0.00005
[MOE_TRACE] Group:1 Prob:0.49918 Alpha:0.00005
[MOE_TRACE] Group:0 Prob:0.99755 Alpha:0.00005
[MOE_TRACE] Group:1 Prob:0.49918 Alpha:0.00005
[MOE_TRACE] Group:0 Prob:0.99755 Alpha:0.00005
[MOE_TRACE] Group:1 Prob:0.49918 Alpha:0.00005
[MOE_TRACE] Group:0 Prob:0.99755 Alpha:0.00005
[MOE_TRACE] Group:1 Prob:0.49918 Alpha:0.00005
[MOE_TRACE] Group:0 Prob:0.99755 Alpha:0.00005
[MOE_TRACE] Group:1 Prob:0.49918 Alpha:0.00005
[MOE_TRACE] Group:0 Prob:0.99755 Alpha:0.00005
[MOE_TRACE] Group:1 Prob:0.49918 Alpha:0.00005
[MOE_TRACE] Group:0 Prob:0.99755 Alpha:0.00005
[MOE_TRACE] Group:1 Prob:0.49918 Alpha:0.00005
[MOE_TRACE] Group:0 Prob:0.99755 Alpha:0.00005
[MOE_TRACE] Group:1 Prob:0.49918 Alpha:0.00005
[MOE_TRACE] Group:1 Prob:0.49918 Alpha:0.00005
[MOE_TRACE] Group:0 Prob:0.99755 Alpha:0.00005
[MOE_TRACE] Group:1 Prob:0.49918 Alpha:0.00005
[MOE_TRACE] Group:0 Prob:0.99755 Alpha:0.00005
[MOE_TRACE] Group:1 Prob:0.49918 Alpha:0.00005
[MOE_TRACE] Group:0 Prob:0.99755 Alpha:0.00005
[MOE_TRACE] Group:1 Prob:0.49918 Alpha:0.00005
[MOE_TRACE] Group:0 Prob:0.99755 Alpha:0.00005[MOE_TRACE] Group:0 Prob:0.99755 Alpha:0.00005

[MOE_TRACE] Group:1 Prob:0.49918 Alpha:0.00005[MOE_TRACE] Group:1 Prob:0.49918 Alpha:0.00005

[MOE_TRACE] Group:0 Prob:0.99755 Alpha:0.00005
[MOE_TRACE] Group:1 Prob:0.49918 Alpha:0.00005
[MOE_TRACE] Group:0 Prob:0.99755 Alpha:0.00005
[MOE_TRACE] Group:1 Prob:0.49918 Alpha:0.00005
[MOE_TRACE] Group:0 Prob:0.99755 Alpha:0.00005[MOE_TRACE] Group:0 Prob:0.99755 Alpha:0.00005

[MOE_TRACE] Group:1 Prob:0.49918 Alpha:0.00005
[MOE_TRACE] Group:1 Prob:0.49918 Alpha:0.00005
[MOE_TRACE] Group:0 Prob:0.99755 Alpha:0.00005
[MOE_TRACE] Group:1 Prob:0.49918 Alpha:0.00005
[MOE_TRACE] Group:0 Prob:0.99755 Alpha:0.00005
[MOE_TRACE] Group:1 Prob:0.49918 Alpha:0.00005
[MOE_TRACE] Group:0 Prob:0.99755 Alpha:0.00005
[MOE_TRACE] Group:1 Prob:0.49918 Alpha:0.00005
[MOE_TRACE] Group:0 Prob:0.99755 Alpha:0.00005
[MOE_TRACE] Group:1 Prob:0.49918 Alpha:0.00005
[MOE_TRACE] Group:0 Prob:0.99755 Alpha:0.00005
[MOE_TRACE] Group:1 Prob:0.49918 Alpha:0.00005
[MOE_TRACE] Group:0 Prob:0.99755 Alpha:0.00005
[MOE_TRACE] Group:1 Prob:0.49918 Alpha:0.00005
[MOE_TRACE] Group:0 Prob:0.99755 Alpha:0.00005
[MOE_TRACE] Group:1 Prob:0.49918 Alpha:0.00005
[MOE_TRACE] Group:0 Prob:0.99755 Alpha:0.00005
[MOE_TRACE] Group:1 Prob:0.49918 Alpha:0.00005
[MOE_TRACE] Group:0 Prob:0.99755 Alpha:0.00005
[MOE_TRACE] Group:1 Prob:0.49918 Alpha:0.00005
[MOE_TRACE] Group:0 Prob:0.99755 Alpha:0.00005
[MOE_TRACE] Group:1 Prob:0.49918 Alpha:0.00005
Epoch: 5 cost time: 33.251524448394775
Epoch: 5, Steps: 147 | Train Loss: 0.4469168 Vali Loss: 0.3043830 Test Loss: 4.0262809
EarlyStopping counter: 2 out of 3
Updating learning rate to 6.25e-06
[MOE_TRACE] Group:0 Prob:0.99755 Alpha:0.00005[MOE_TRACE] Group:0 Prob:0.99755 Alpha:0.00005

[MOE_TRACE] Group:1 Prob:0.49918 Alpha:0.00005
[MOE_TRACE] Group:1 Prob:0.49918 Alpha:0.00005
[MOE_TRACE] Group:0 Prob:0.99755 Alpha:0.00005
[MOE_TRACE] Group:1 Prob:0.49918 Alpha:0.00005
[MOE_TRACE] Group:0 Prob:0.99755 Alpha:0.00005
[MOE_TRACE] Group:1 Prob:0.49918 Alpha:0.00005
[MOE_TRACE] Group:0 Prob:0.99755 Alpha:0.00005
[MOE_TRACE] Group:1 Prob:0.49918 Alpha:0.00005
[MOE_TRACE] Group:0 Prob:0.99755 Alpha:0.00005
[MOE_TRACE] Group:1 Prob:0.49918 Alpha:0.00005
[MOE_TRACE] Group:0 Prob:0.99755 Alpha:0.00005
[MOE_TRACE] Group:1 Prob:0.49918 Alpha:0.00005
[MOE_TRACE] Group:0 Prob:0.99755 Alpha:0.00005
[MOE_TRACE] Group:1 Prob:0.49918 Alpha:0.00005
[MOE_TRACE] Group:0 Prob:0.99755 Alpha:0.00005
[MOE_TRACE] Group:1 Prob:0.49918 Alpha:0.00005
[MOE_TRACE] Group:0 Prob:0.99755 Alpha:0.00005
[MOE_TRACE] Group:1 Prob:0.49918 Alpha:0.00005
[MOE_TRACE] Group:0 Prob:0.99755 Alpha:0.00005
[MOE_TRACE] Group:1 Prob:0.49918 Alpha:0.00005
[MOE_TRACE] Group:0 Prob:0.99755 Alpha:0.00005
[MOE_TRACE] Group:1 Prob:0.49918 Alpha:0.00005
[MOE_TRACE] Group:0 Prob:0.99755 Alpha:0.00005
[MOE_TRACE] Group:1 Prob:0.49918 Alpha:0.00005
[MOE_TRACE] Group:0 Prob:0.99755 Alpha:0.00005
[MOE_TRACE] Group:1 Prob:0.49918 Alpha:0.00005
[MOE_TRACE] Group:0 Prob:0.99755 Alpha:0.00005
[MOE_TRACE] Group:1 Prob:0.49918 Alpha:0.00005
[MOE_TRACE] Group:0 Prob:0.99755 Alpha:0.00005
[MOE_TRACE] Group:1 Prob:0.49918 Alpha:0.00005
[MOE_TRACE] Group:0 Prob:0.99755 Alpha:0.00005
[MOE_TRACE] Group:1 Prob:0.49919 Alpha:0.00005
[MOE_TRACE] Group:0 Prob:0.99755 Alpha:0.00005
[MOE_TRACE] Group:1 Prob:0.49918 Alpha:0.00005
[MOE_TRACE] Group:0 Prob:0.99755 Alpha:0.00005
[MOE_TRACE] Group:1 Prob:0.49918 Alpha:0.00005
[MOE_TRACE] Group:0 Prob:0.99755 Alpha:0.00005
[MOE_TRACE] Group:1 Prob:0.49918 Alpha:0.00005
[MOE_TRACE] Group:0 Prob:0.99755 Alpha:0.00005
[MOE_TRACE] Group:1 Prob:0.49919 Alpha:0.00005
[MOE_TRACE] Group:0 Prob:0.99755 Alpha:0.00005
[MOE_TRACE] Group:1 Prob:0.49919 Alpha:0.00005
[MOE_TRACE] Group:0 Prob:0.99755 Alpha:0.00005
[MOE_TRACE] Group:1 Prob:0.49919 Alpha:0.00005
[MOE_TRACE] Group:0 Prob:0.99755 Alpha:0.00005
[MOE_TRACE] Group:1 Prob:0.49919 Alpha:0.00005
[MOE_TRACE] Group:0 Prob:0.99755 Alpha:0.00005
[MOE_TRACE] Group:1 Prob:0.49918 Alpha:0.00005
[MOE_TRACE] Group:0 Prob:0.99755 Alpha:0.00005
[MOE_TRACE] Group:1 Prob:0.49918 Alpha:0.00005
[MOE_TRACE] Group:0 Prob:0.99755 Alpha:0.00005
[MOE_TRACE] Group:1 Prob:0.49918 Alpha:0.00005
[MOE_TRACE] Group:0 Prob:0.99755 Alpha:0.00005
[MOE_TRACE] Group:1 Prob:0.49918 Alpha:0.00005
[MOE_TRACE] Group:0 Prob:0.99755 Alpha:0.00005
[MOE_TRACE] Group:1 Prob:0.49918 Alpha:0.00005
[MOE_TRACE] Group:0 Prob:0.99755 Alpha:0.00005
[MOE_TRACE] Group:1 Prob:0.49918 Alpha:0.00005
[MOE_TRACE] Group:0 Prob:0.99755 Alpha:0.00005
[MOE_TRACE] Group:1 Prob:0.49918 Alpha:0.00005
[MOE_TRACE] Group:0 Prob:0.99755 Alpha:0.00005
[MOE_TRACE] Group:1 Prob:0.49918 Alpha:0.00005
[MOE_TRACE] Group:0 Prob:0.99755 Alpha:0.00005
[MOE_TRACE] Group:1 Prob:0.49918 Alpha:0.00005
[MOE_TRACE] Group:0 Prob:0.99755 Alpha:0.00005
[MOE_TRACE] Group:1 Prob:0.49918 Alpha:0.00005
[MOE_TRACE] Group:0 Prob:0.99755 Alpha:0.00005
[MOE_TRACE] Group:1 Prob:0.49918 Alpha:0.00005
[MOE_TRACE] Group:0 Prob:0.99755 Alpha:0.00005
[MOE_TRACE] Group:1 Prob:0.49918 Alpha:0.00005
[MOE_TRACE] Group:0 Prob:0.99755 Alpha:0.00005
[MOE_TRACE] Group:0 Prob:0.99755 Alpha:0.00005
[MOE_TRACE] Group:1 Prob:0.49918 Alpha:0.00005
[MOE_TRACE] Group:0 Prob:0.99755 Alpha:0.00005
[MOE_TRACE] Group:1 Prob:0.49918 Alpha:0.00005
[MOE_TRACE] Group:0 Prob:0.99755 Alpha:0.00005
[MOE_TRACE] Group:1 Prob:0.49918 Alpha:0.00005
[MOE_TRACE] Group:0 Prob:0.99755 Alpha:0.00005
[MOE_TRACE] Group:1 Prob:0.49918 Alpha:0.00005
[MOE_TRACE] Group:0 Prob:0.99755 Alpha:0.00005
[MOE_TRACE] Group:1 Prob:0.49918 Alpha:0.00005
[MOE_TRACE] Group:0 Prob:0.99755 Alpha:0.00005
[MOE_TRACE] Group:1 Prob:0.49918 Alpha:0.00005
[MOE_TRACE] Group:0 Prob:0.99755 Alpha:0.00005
[MOE_TRACE] Group:1 Prob:0.49918 Alpha:0.00005
[MOE_TRACE] Group:0 Prob:0.99755 Alpha:0.00005
[MOE_TRACE] Group:1 Prob:0.49918 Alpha:0.00005
[MOE_TRACE] Group:0 Prob:0.99755 Alpha:0.00005
[MOE_TRACE] Group:1 Prob:0.49918 Alpha:0.00005
[MOE_TRACE] Group:0 Prob:0.99755 Alpha:0.00005
[MOE_TRACE] Group:1 Prob:0.49918 Alpha:0.00005
[MOE_TRACE] Group:0 Prob:0.99755 Alpha:0.00005
[MOE_TRACE] Group:1 Prob:0.49918 Alpha:0.00005
[MOE_TRACE] Group:0 Prob:0.99755 Alpha:0.00005
[MOE_TRACE] Group:1 Prob:0.49918 Alpha:0.00005
[MOE_TRACE] Group:0 Prob:0.99755 Alpha:0.00005
[MOE_TRACE] Group:1 Prob:0.49918 Alpha:0.00005
[MOE_TRACE] Group:0 Prob:0.99755 Alpha:0.00005
[MOE_TRACE] Group:1 Prob:0.49918 Alpha:0.00005
[MOE_TRACE] Group:0 Prob:0.99755 Alpha:0.00005
[MOE_TRACE] Group:1 Prob:0.49918 Alpha:0.00005
[MOE_TRACE] Group:0 Prob:0.99755 Alpha:0.00005
[MOE_TRACE] Group:1 Prob:0.49918 Alpha:0.00005
[MOE_TRACE] Group:0 Prob:0.99755 Alpha:0.00005
[MOE_TRACE] Group:1 Prob:0.49918 Alpha:0.00005
[MOE_TRACE] Group:0 Prob:0.99755 Alpha:0.00005
[MOE_TRACE] Group:1 Prob:0.49918 Alpha:0.00005
[MOE_TRACE] Group:0 Prob:0.99755 Alpha:0.00005
[MOE_TRACE] Group:1 Prob:0.49918 Alpha:0.00005
[MOE_TRACE] Group:0 Prob:0.99755 Alpha:0.00005
[MOE_TRACE] Group:1 Prob:0.49919 Alpha:0.00005
[MOE_TRACE] Group:0 Prob:0.99755 Alpha:0.00005
[MOE_TRACE] Group:1 Prob:0.49919 Alpha:0.00005
[MOE_TRACE] Group:0 Prob:0.99755 Alpha:0.00005
[MOE_TRACE] Group:1 Prob:0.49919 Alpha:0.00005
[MOE_TRACE] Group:0 Prob:0.99755 Alpha:0.00005
[MOE_TRACE] Group:1 Prob:0.49919 Alpha:0.00005
[MOE_TRACE] Group:0 Prob:0.99755 Alpha:0.00005
[MOE_TRACE] Group:1 Prob:0.49918 Alpha:0.00005
[MOE_TRACE] Group:0 Prob:0.99755 Alpha:0.00005
[MOE_TRACE] Group:1 Prob:0.49918 Alpha:0.00005
[MOE_TRACE] Group:0 Prob:0.99755 Alpha:0.00005
[MOE_TRACE] Group:1 Prob:0.49918 Alpha:0.00005
[MOE_TRACE] Group:0 Prob:0.99755 Alpha:0.00005
[MOE_TRACE] Group:1 Prob:0.49918 Alpha:0.00005
[MOE_TRACE] Group:0 Prob:0.99755 Alpha:0.00005
[MOE_TRACE] Group:1 Prob:0.49918 Alpha:0.00005
[MOE_TRACE] Group:0 Prob:0.99755 Alpha:0.00005
[MOE_TRACE] Group:1 Prob:0.49918 Alpha:0.00005
[MOE_TRACE] Group:0 Prob:0.99755 Alpha:0.00005
[MOE_TRACE] Group:1 Prob:0.49918 Alpha:0.00005
[MOE_TRACE] Group:0 Prob:0.99755 Alpha:0.00005
[MOE_TRACE] Group:1 Prob:0.49918 Alpha:0.00005
[MOE_TRACE] Group:0 Prob:0.99755 Alpha:0.00005
[MOE_TRACE] Group:1 Prob:0.49918 Alpha:0.00005
[MOE_TRACE] Group:0 Prob:0.99755 Alpha:0.00005
[MOE_TRACE] Group:1 Prob:0.49918 Alpha:0.00005
[MOE_TRACE] Group:0 Prob:0.99755 Alpha:0.00005
[MOE_TRACE] Group:1 Prob:0.49918 Alpha:0.00005
[MOE_TRACE] Group:0 Prob:0.99755 Alpha:0.00005
[MOE_TRACE] Group:1 Prob:0.49918 Alpha:0.00005
[MOE_TRACE] Group:0 Prob:0.99755 Alpha:0.00005
[MOE_TRACE] Group:1 Prob:0.49918 Alpha:0.00005
[MOE_TRACE] Group:0 Prob:0.99755 Alpha:0.00005
[MOE_TRACE] Group:1 Prob:0.49918 Alpha:0.00005
[MOE_TRACE] Group:0 Prob:0.99755 Alpha:0.00005
[MOE_TRACE] Group:1 Prob:0.49918 Alpha:0.00005
[MOE_TRACE] Group:0 Prob:0.99755 Alpha:0.00005
[MOE_TRACE] Group:1 Prob:0.49918 Alpha:0.00005
[MOE_TRACE] Group:0 Prob:0.99755 Alpha:0.00005
[MOE_TRACE] Group:1 Prob:0.49918 Alpha:0.00005
[MOE_TRACE] Group:0 Prob:0.99755 Alpha:0.00005
[MOE_TRACE] Group:1 Prob:0.49918 Alpha:0.00005
[MOE_TRACE] Group:0 Prob:0.99755 Alpha:0.00005
[MOE_TRACE] Group:1 Prob:0.49918 Alpha:0.00005
[MOE_TRACE] Group:0 Prob:0.99755 Alpha:0.00005
[MOE_TRACE] Group:1 Prob:0.49918 Alpha:0.00005
[MOE_TRACE] Group:0 Prob:0.99755 Alpha:0.00005
[MOE_TRACE] Group:1 Prob:0.49918 Alpha:0.00005
[MOE_TRACE] Group:0 Prob:0.99755 Alpha:0.00005
[MOE_TRACE] Group:1 Prob:0.49918 Alpha:0.00005
[MOE_TRACE] Group:0 Prob:0.99755 Alpha:0.00005
[MOE_TRACE] Group:1 Prob:0.49918 Alpha:0.00005
[MOE_TRACE] Group:0 Prob:0.99755 Alpha:0.00005
[MOE_TRACE] Group:1 Prob:0.49918 Alpha:0.00005
[MOE_TRACE] Group:0 Prob:0.99755 Alpha:0.00005
[MOE_TRACE] Group:1 Prob:0.49918 Alpha:0.00005
[MOE_TRACE] Group:0 Prob:0.99755 Alpha:0.00005
[MOE_TRACE] Group:1 Prob:0.49918 Alpha:0.00005
[MOE_TRACE] Group:0 Prob:0.99755 Alpha:0.00005
[MOE_TRACE] Group:1 Prob:0.49918 Alpha:0.00005
[MOE_TRACE] Group:0 Prob:0.99755 Alpha:0.00005
[MOE_TRACE] Group:1 Prob:0.49918 Alpha:0.00005
[MOE_TRACE] Group:0 Prob:0.99755 Alpha:0.00005
[MOE_TRACE] Group:1 Prob:0.49918 Alpha:0.00005
[MOE_TRACE] Group:0 Prob:0.99755 Alpha:0.00005
[MOE_TRACE] Group:1 Prob:0.49918 Alpha:0.00005
[MOE_TRACE] Group:0 Prob:0.99755 Alpha:0.00005
[MOE_TRACE] Group:1 Prob:0.49918 Alpha:0.00005
[MOE_TRACE] Group:0 Prob:0.99755 Alpha:0.00005
[MOE_TRACE] Group:1 Prob:0.49918 Alpha:0.00005
[MOE_TRACE] Group:0 Prob:0.99755 Alpha:0.00005
[MOE_TRACE] Group:1 Prob:0.49918 Alpha:0.00005
[MOE_TRACE] Group:0 Prob:0.99755 Alpha:0.00005
[MOE_TRACE] Group:1 Prob:0.49918 Alpha:0.00005
[MOE_TRACE] Group:0 Prob:0.99755 Alpha:0.00005
[MOE_TRACE] Group:1 Prob:0.49918 Alpha:0.00005
[MOE_TRACE] Group:0 Prob:0.99755 Alpha:0.00005
[MOE_TRACE] Group:1 Prob:0.49918 Alpha:0.00005
[MOE_TRACE] Group:0 Prob:0.99755 Alpha:0.00005
[MOE_TRACE] Group:1 Prob:0.49918 Alpha:0.00005
[MOE_TRACE] Group:0 Prob:0.99755 Alpha:0.00005
[MOE_TRACE] Group:1 Prob:0.49918 Alpha:0.00005
[MOE_TRACE] Group:0 Prob:0.99755 Alpha:0.00005
[MOE_TRACE] Group:1 Prob:0.49918 Alpha:0.00005
[MOE_TRACE] Group:0 Prob:0.99755 Alpha:0.00005
[MOE_TRACE] Group:1 Prob:0.49918 Alpha:0.00005
[MOE_TRACE] Group:0 Prob:0.99755 Alpha:0.00005
[MOE_TRACE] Group:0 Prob:0.99755 Alpha:0.00005
[MOE_TRACE] Group:1 Prob:0.49918 Alpha:0.00005
[MOE_TRACE] Group:0 Prob:0.99755 Alpha:0.00005
[MOE_TRACE] Group:1 Prob:0.49918 Alpha:0.00005
[MOE_TRACE] Group:0 Prob:0.99755 Alpha:0.00005
[MOE_TRACE] Group:1 Prob:0.49918 Alpha:0.00005
[MOE_TRACE] Group:0 Prob:0.99755 Alpha:0.00005
[MOE_TRACE] Group:1 Prob:0.49918 Alpha:0.00005
[MOE_TRACE] Group:0 Prob:0.99755 Alpha:0.00005
[MOE_TRACE] Group:1 Prob:0.49918 Alpha:0.00005
[MOE_TRACE] Group:0 Prob:0.99755 Alpha:0.00005
[MOE_TRACE] Group:1 Prob:0.49918 Alpha:0.00005
[MOE_TRACE] Group:0 Prob:0.99755 Alpha:0.00005
[MOE_TRACE] Group:1 Prob:0.49918 Alpha:0.00005
[MOE_TRACE] Group:0 Prob:0.99755 Alpha:0.00005
[MOE_TRACE] Group:1 Prob:0.49918 Alpha:0.00005
[MOE_TRACE] Group:0 Prob:0.99755 Alpha:0.00005
[MOE_TRACE] Group:1 Prob:0.49918 Alpha:0.00005
[MOE_TRACE] Group:0 Prob:0.99755 Alpha:0.00005
[MOE_TRACE] Group:1 Prob:0.49918 Alpha:0.00005
[MOE_TRACE] Group:0 Prob:0.99755 Alpha:0.00005
[MOE_TRACE] Group:1 Prob:0.49918 Alpha:0.00005
[MOE_TRACE] Group:0 Prob:0.99755 Alpha:0.00005
[MOE_TRACE] Group:0 Prob:0.99755 Alpha:0.00005
[MOE_TRACE] Group:1 Prob:0.49918 Alpha:0.00005
[MOE_TRACE] Group:1 Prob:0.49918 Alpha:0.00005
[MOE_TRACE] Group:0 Prob:0.99755 Alpha:0.00005
[MOE_TRACE] Group:1 Prob:0.49918 Alpha:0.00005
[MOE_TRACE] Group:0 Prob:0.99755 Alpha:0.00005
[MOE_TRACE] Group:1 Prob:0.49918 Alpha:0.00005
[MOE_TRACE] Group:0 Prob:0.99755 Alpha:0.00005
[MOE_TRACE] Group:1 Prob:0.49918 Alpha:0.00005
[MOE_TRACE] Group:0 Prob:0.99755 Alpha:0.00005
[MOE_TRACE] Group:1 Prob:0.49918 Alpha:0.00005
[MOE_TRACE] Group:0 Prob:0.99755 Alpha:0.00005
[MOE_TRACE] Group:1 Prob:0.49918 Alpha:0.00005
[MOE_TRACE] Group:0 Prob:0.99755 Alpha:0.00005
[MOE_TRACE] Group:1 Prob:0.49918 Alpha:0.00005
[MOE_TRACE] Group:0 Prob:0.99755 Alpha:0.00005
[MOE_TRACE] Group:1 Prob:0.49918 Alpha:0.00005
[MOE_TRACE] Group:0 Prob:0.99755 Alpha:0.00005
[MOE_TRACE] Group:0 Prob:0.99755 Alpha:0.00005
[MOE_TRACE] Group:1 Prob:0.49918 Alpha:0.00005
[MOE_TRACE] Group:1 Prob:0.49918 Alpha:0.00005
[MOE_TRACE] Group:0 Prob:0.99755 Alpha:0.00005
[MOE_TRACE] Group:1 Prob:0.49918 Alpha:0.00005
[MOE_TRACE] Group:0 Prob:0.99755 Alpha:0.00005
[MOE_TRACE] Group:1 Prob:0.49917 Alpha:0.00005
[MOE_TRACE] Group:0 Prob:0.99755 Alpha:0.00005
[MOE_TRACE] Group:1 Prob:0.49917 Alpha:0.00005
[MOE_TRACE] Group:0 Prob:0.99755 Alpha:0.00005
[MOE_TRACE] Group:1 Prob:0.49917 Alpha:0.00005
[MOE_TRACE] Group:0 Prob:0.99755 Alpha:0.00005
[MOE_TRACE] Group:1 Prob:0.49917 Alpha:0.00005
[MOE_TRACE] Group:0 Prob:0.99755 Alpha:0.00005
[MOE_TRACE] Group:1 Prob:0.49918 Alpha:0.00005
[MOE_TRACE] Group:0 Prob:0.99755 Alpha:0.00005
[MOE_TRACE] Group:1 Prob:0.49918 Alpha:0.00005
[MOE_TRACE] Group:0 Prob:0.99755 Alpha:0.00005
[MOE_TRACE] Group:1 Prob:0.49918 Alpha:0.00005
[MOE_TRACE] Group:0 Prob:0.99755 Alpha:0.00005
[MOE_TRACE] Group:1 Prob:0.49918 Alpha:0.00005
[MOE_TRACE] Group:0 Prob:0.99755 Alpha:0.00005
[MOE_TRACE] Group:1 Prob:0.49918 Alpha:0.00005
[MOE_TRACE] Group:0 Prob:0.99755 Alpha:0.00005
[MOE_TRACE] Group:0 Prob:0.99755 Alpha:0.00005
[MOE_TRACE] Group:1 Prob:0.49918 Alpha:0.00005
[MOE_TRACE] Group:1 Prob:0.49918 Alpha:0.00005
[MOE_TRACE] Group:0 Prob:0.99755 Alpha:0.00005
[MOE_TRACE] Group:1 Prob:0.49918 Alpha:0.00005
[MOE_TRACE] Group:0 Prob:0.99755 Alpha:0.00005
[MOE_TRACE] Group:1 Prob:0.49918 Alpha:0.00005
[MOE_TRACE] Group:0 Prob:0.99755 Alpha:0.00005
[MOE_TRACE] Group:1 Prob:0.49918 Alpha:0.00005
[MOE_TRACE] Group:0 Prob:0.99755 Alpha:0.00005
[MOE_TRACE] Group:1 Prob:0.49918 Alpha:0.00005
[MOE_TRACE] Group:0 Prob:0.99755 Alpha:0.00005
[MOE_TRACE] Group:1 Prob:0.49918 Alpha:0.00005
[MOE_TRACE] Group:0 Prob:0.99755 Alpha:0.00005
[MOE_TRACE] Group:1 Prob:0.49918 Alpha:0.00005
[MOE_TRACE] Group:0 Prob:0.99755 Alpha:0.00005
[MOE_TRACE] Group:1 Prob:0.49918 Alpha:0.00005
[MOE_TRACE] Group:0 Prob:0.99755 Alpha:0.00005
[MOE_TRACE] Group:1 Prob:0.49918 Alpha:0.00005
[MOE_TRACE] Group:0 Prob:0.99755 Alpha:0.00005
[MOE_TRACE] Group:1 Prob:0.49918 Alpha:0.00005
[MOE_TRACE] Group:0 Prob:0.99755 Alpha:0.00005
[MOE_TRACE] Group:1 Prob:0.49918 Alpha:0.00005
[MOE_TRACE] Group:0 Prob:0.99755 Alpha:0.00005
[MOE_TRACE] Group:1 Prob:0.49918 Alpha:0.00005
[MOE_TRACE] Group:0 Prob:0.99755 Alpha:0.00005
[MOE_TRACE] Group:1 Prob:0.49918 Alpha:0.00005
[MOE_TRACE] Group:0 Prob:0.99755 Alpha:0.00005
[MOE_TRACE] Group:1 Prob:0.49918 Alpha:0.00005
[MOE_TRACE] Group:0 Prob:0.99755 Alpha:0.00005
[MOE_TRACE] Group:1 Prob:0.49918 Alpha:0.00005
[MOE_TRACE] Group:0 Prob:0.99755 Alpha:0.00005
[MOE_TRACE] Group:1 Prob:0.49918 Alpha:0.00005
[MOE_TRACE] Group:0 Prob:0.99755 Alpha:0.00005
[MOE_TRACE] Group:1 Prob:0.49918 Alpha:0.00005
[MOE_TRACE] Group:0 Prob:0.99755 Alpha:0.00005
[MOE_TRACE] Group:1 Prob:0.49918 Alpha:0.00005
[MOE_TRACE] Group:0 Prob:0.99755 Alpha:0.00005
[MOE_TRACE] Group:1 Prob:0.49918 Alpha:0.00005
[MOE_TRACE] Group:0 Prob:0.99755 Alpha:0.00005
[MOE_TRACE] Group:1 Prob:0.49918 Alpha:0.00005
[MOE_TRACE] Group:0 Prob:0.99755 Alpha:0.00005
[MOE_TRACE] Group:1 Prob:0.49918 Alpha:0.00005
[MOE_TRACE] Group:0 Prob:0.99755 Alpha:0.00005
[MOE_TRACE] Group:1 Prob:0.49918 Alpha:0.00005
[MOE_TRACE] Group:0 Prob:0.99755 Alpha:0.00005
[MOE_TRACE] Group:1 Prob:0.49918 Alpha:0.00005
[MOE_TRACE] Group:0 Prob:0.99755 Alpha:0.00005
[MOE_TRACE] Group:1 Prob:0.49918 Alpha:0.00005
[MOE_TRACE] Group:0 Prob:0.99755 Alpha:0.00005
[MOE_TRACE] Group:1 Prob:0.49918 Alpha:0.00005
[MOE_TRACE] Group:0 Prob:0.99755 Alpha:0.00005
[MOE_TRACE] Group:1 Prob:0.49918 Alpha:0.00005
[MOE_TRACE] Group:0 Prob:0.99755 Alpha:0.00005
[MOE_TRACE] Group:1 Prob:0.49918 Alpha:0.00005
[MOE_TRACE] Group:0 Prob:0.99755 Alpha:0.00005
[MOE_TRACE] Group:1 Prob:0.49918 Alpha:0.00005
[MOE_TRACE] Group:0 Prob:0.99755 Alpha:0.00005
[MOE_TRACE] Group:1 Prob:0.49918 Alpha:0.00005
[MOE_TRACE] Group:0 Prob:0.99755 Alpha:0.00005
[MOE_TRACE] Group:1 Prob:0.49918 Alpha:0.00005
[MOE_TRACE] Group:0 Prob:0.99755 Alpha:0.00005[MOE_TRACE] Group:0 Prob:0.99755 Alpha:0.00005

[MOE_TRACE] Group:1 Prob:0.49918 Alpha:0.00005[MOE_TRACE] Group:1 Prob:0.49918 Alpha:0.00005

[MOE_TRACE] Group:0 Prob:0.99755 Alpha:0.00005
[MOE_TRACE] Group:1 Prob:0.49918 Alpha:0.00005
[MOE_TRACE] Group:0 Prob:0.99755 Alpha:0.00005
[MOE_TRACE] Group:1 Prob:0.49918 Alpha:0.00005
[MOE_TRACE] Group:0 Prob:0.99755 Alpha:0.00005
[MOE_TRACE] Group:1 Prob:0.49918 Alpha:0.00005
[MOE_TRACE] Group:0 Prob:0.99755 Alpha:0.00005
[MOE_TRACE] Group:1 Prob:0.49918 Alpha:0.00005
[MOE_TRACE] Group:0 Prob:0.99755 Alpha:0.00005
[MOE_TRACE] Group:1 Prob:0.49918 Alpha:0.00005
[MOE_TRACE] Group:0 Prob:0.99755 Alpha:0.00005
[MOE_TRACE] Group:1 Prob:0.49918 Alpha:0.00005
[MOE_TRACE] Group:0 Prob:0.99755 Alpha:0.00005
[MOE_TRACE] Group:1 Prob:0.49918 Alpha:0.00005
[MOE_TRACE] Group:0 Prob:0.99755 Alpha:0.00005
[MOE_TRACE] Group:1 Prob:0.49918 Alpha:0.00005
[MOE_TRACE] Group:0 Prob:0.99755 Alpha:0.00005
[MOE_TRACE] Group:1 Prob:0.49918 Alpha:0.00005
[MOE_TRACE] Group:0 Prob:0.99755 Alpha:0.00005
[MOE_TRACE] Group:1 Prob:0.49918 Alpha:0.00005
[MOE_TRACE] Group:0 Prob:0.99755 Alpha:0.00005
[MOE_TRACE] Group:1 Prob:0.49918 Alpha:0.00005
[MOE_TRACE] Group:0 Prob:0.99755 Alpha:0.00005
[MOE_TRACE] Group:1 Prob:0.49918 Alpha:0.00005
[MOE_TRACE] Group:0 Prob:0.99755 Alpha:0.00005
[MOE_TRACE] Group:1 Prob:0.49918 Alpha:0.00005
[MOE_TRACE] Group:0 Prob:0.99755 Alpha:0.00005
[MOE_TRACE] Group:1 Prob:0.49918 Alpha:0.00005
[MOE_TRACE] Group:0 Prob:0.99755 Alpha:0.00005
[MOE_TRACE] Group:1 Prob:0.49918 Alpha:0.00005
[MOE_TRACE] Group:0 Prob:0.99755 Alpha:0.00005
[MOE_TRACE] Group:1 Prob:0.49918 Alpha:0.00005
[MOE_TRACE] Group:0 Prob:0.99755 Alpha:0.00005
[MOE_TRACE] Group:1 Prob:0.49918 Alpha:0.00005
[MOE_TRACE] Group:0 Prob:0.99755 Alpha:0.00005
[MOE_TRACE] Group:1 Prob:0.49918 Alpha:0.00005
[MOE_TRACE] Group:0 Prob:0.99755 Alpha:0.00005
[MOE_TRACE] Group:1 Prob:0.49918 Alpha:0.00005
[MOE_TRACE] Group:0 Prob:0.99755 Alpha:0.00005
[MOE_TRACE] Group:1 Prob:0.49918 Alpha:0.00005
[MOE_TRACE] Group:0 Prob:0.99755 Alpha:0.00005
[MOE_TRACE] Group:1 Prob:0.49918 Alpha:0.00005
[MOE_TRACE] Group:0 Prob:0.99755 Alpha:0.00005
[MOE_TRACE] Group:1 Prob:0.49918 Alpha:0.00005
[MOE_TRACE] Group:0 Prob:0.99755 Alpha:0.00005
[MOE_TRACE] Group:1 Prob:0.49918 Alpha:0.00005
[MOE_TRACE] Group:0 Prob:0.99755 Alpha:0.00005
[MOE_TRACE] Group:1 Prob:0.49918 Alpha:0.00005
[MOE_TRACE] Group:0 Prob:0.99755 Alpha:0.00005
[MOE_TRACE] Group:1 Prob:0.49918 Alpha:0.00005
[MOE_TRACE] Group:0 Prob:0.99755 Alpha:0.00005
[MOE_TRACE] Group:1 Prob:0.49918 Alpha:0.00005
[MOE_TRACE] Group:0 Prob:0.99755 Alpha:0.00005
[MOE_TRACE] Group:1 Prob:0.49918 Alpha:0.00005
[MOE_TRACE] Group:0 Prob:0.99755 Alpha:0.00005
[MOE_TRACE] Group:1 Prob:0.49918 Alpha:0.00005
[MOE_TRACE] Group:0 Prob:0.99755 Alpha:0.00005
[MOE_TRACE] Group:1 Prob:0.49918 Alpha:0.00005
[MOE_TRACE] Group:0 Prob:0.99755 Alpha:0.00005
[MOE_TRACE] Group:1 Prob:0.49918 Alpha:0.00005
[MOE_TRACE] Group:0 Prob:0.99755 Alpha:0.00005
[MOE_TRACE] Group:1 Prob:0.49918 Alpha:0.00005
[MOE_TRACE] Group:0 Prob:0.99755 Alpha:0.00005
[MOE_TRACE] Group:1 Prob:0.49918 Alpha:0.00005
[MOE_TRACE] Group:0 Prob:0.99755 Alpha:0.00005
[MOE_TRACE] Group:1 Prob:0.49918 Alpha:0.00005
[MOE_TRACE] Group:0 Prob:0.99755 Alpha:0.00005
[MOE_TRACE] Group:1 Prob:0.49918 Alpha:0.00005
[MOE_TRACE] Group:0 Prob:0.99755 Alpha:0.00005
[MOE_TRACE] Group:1 Prob:0.49918 Alpha:0.00005
[MOE_TRACE] Group:0 Prob:0.99755 Alpha:0.00005
[MOE_TRACE] Group:1 Prob:0.49918 Alpha:0.00005
[MOE_TRACE] Group:0 Prob:0.99755 Alpha:0.00005
[MOE_TRACE] Group:1 Prob:0.49918 Alpha:0.00005
[MOE_TRACE] Group:0 Prob:0.99755 Alpha:0.00005
[MOE_TRACE] Group:1 Prob:0.49918 Alpha:0.00005
[MOE_TRACE] Group:0 Prob:0.99755 Alpha:0.00005
[MOE_TRACE] Group:1 Prob:0.49918 Alpha:0.00005
[MOE_TRACE] Group:0 Prob:0.99755 Alpha:0.00005
[MOE_TRACE] Group:1 Prob:0.49918 Alpha:0.00005
[MOE_TRACE] Group:0 Prob:0.99755 Alpha:0.00005
[MOE_TRACE] Group:1 Prob:0.49918 Alpha:0.00005
[MOE_TRACE] Group:0 Prob:0.99755 Alpha:0.00005
[MOE_TRACE] Group:1 Prob:0.49918 Alpha:0.00005
[MOE_TRACE] Group:0 Prob:0.99755 Alpha:0.00005
[MOE_TRACE] Group:1 Prob:0.49918 Alpha:0.00005
[MOE_TRACE] Group:0 Prob:0.99755 Alpha:0.00005[MOE_TRACE] Group:0 Prob:0.99755 Alpha:0.00005

[MOE_TRACE] Group:1 Prob:0.49918 Alpha:0.00005[MOE_TRACE] Group:1 Prob:0.49918 Alpha:0.00005

[MOE_TRACE] Group:0 Prob:0.99755 Alpha:0.00005
[MOE_TRACE] Group:1 Prob:0.49918 Alpha:0.00005
[MOE_TRACE] Group:1 Prob:0.49918 Alpha:0.00005
[MOE_TRACE] Group:1 Prob:0.49918 Alpha:0.00005
[MOE_TRACE] Group:0 Prob:0.99755 Alpha:0.00005
[MOE_TRACE] Group:1 Prob:0.49918 Alpha:0.00005
[MOE_TRACE] Group:0 Prob:0.99755 Alpha:0.00005
[MOE_TRACE] Group:1 Prob:0.49918 Alpha:0.00005
[MOE_TRACE] Group:0 Prob:0.99755 Alpha:0.00005
[MOE_TRACE] Group:1 Prob:0.49918 Alpha:0.00005
[MOE_TRACE] Group:0 Prob:0.99755 Alpha:0.00005
[MOE_TRACE] Group:1 Prob:0.49918 Alpha:0.00005
[MOE_TRACE] Group:0 Prob:0.99755 Alpha:0.00005
[MOE_TRACE] Group:1 Prob:0.49918 Alpha:0.00005
[MOE_TRACE] Group:0 Prob:0.99755 Alpha:0.00005
[MOE_TRACE] Group:1 Prob:0.49918 Alpha:0.00005
[MOE_TRACE] Group:0 Prob:0.99755 Alpha:0.00005
[MOE_TRACE] Group:1 Prob:0.49918 Alpha:0.00005
[MOE_TRACE] Group:0 Prob:0.99755 Alpha:0.00005
[MOE_TRACE] Group:1 Prob:0.49918 Alpha:0.00005
[MOE_TRACE] Group:0 Prob:0.99755 Alpha:0.00005
[MOE_TRACE] Group:1 Prob:0.49918 Alpha:0.00005
[MOE_TRACE] Group:0 Prob:0.99755 Alpha:0.00005
[MOE_TRACE] Group:1 Prob:0.49918 Alpha:0.00005
[MOE_TRACE] Group:0 Prob:0.99755 Alpha:0.00005
[MOE_TRACE] Group:1 Prob:0.49918 Alpha:0.00005
[MOE_TRACE] Group:0 Prob:0.99755 Alpha:0.00005
[MOE_TRACE] Group:1 Prob:0.49918 Alpha:0.00005
[MOE_TRACE] Group:0 Prob:0.99755 Alpha:0.00005
[MOE_TRACE] Group:0 Prob:0.99755 Alpha:0.00005
[MOE_TRACE] Group:1 Prob:0.49918 Alpha:0.00005
[MOE_TRACE] Group:1 Prob:0.49918 Alpha:0.00005
[MOE_TRACE] Group:0 Prob:0.99755 Alpha:0.00005
[MOE_TRACE] Group:1 Prob:0.49918 Alpha:0.00005
[MOE_TRACE] Group:0 Prob:0.99755 Alpha:0.00005
[MOE_TRACE] Group:1 Prob:0.49918 Alpha:0.00005
[MOE_TRACE] Group:0 Prob:0.99755 Alpha:0.00005
[MOE_TRACE] Group:1 Prob:0.49918 Alpha:0.00005
[MOE_TRACE] Group:0 Prob:0.99755 Alpha:0.00005
[MOE_TRACE] Group:1 Prob:0.49918 Alpha:0.00005
[MOE_TRACE] Group:0 Prob:0.99755 Alpha:0.00005
[MOE_TRACE] Group:1 Prob:0.49918 Alpha:0.00005
[MOE_TRACE] Group:0 Prob:0.99755 Alpha:0.00005[MOE_TRACE] Group:0 Prob:0.99755 Alpha:0.00005

[MOE_TRACE] Group:1 Prob:0.49918 Alpha:0.00005
[MOE_TRACE] Group:0 Prob:0.99755 Alpha:0.00005
[MOE_TRACE] Group:1 Prob:0.49918 Alpha:0.00005
[MOE_TRACE] Group:1 Prob:0.49918 Alpha:0.00005
[MOE_TRACE] Group:0 Prob:0.99755 Alpha:0.00005
[MOE_TRACE] Group:1 Prob:0.49918 Alpha:0.00005
[MOE_TRACE] Group:0 Prob:0.99755 Alpha:0.00005
[MOE_TRACE] Group:1 Prob:0.49918 Alpha:0.00005
[MOE_TRACE] Group:0 Prob:0.99755 Alpha:0.00005
[MOE_TRACE] Group:1 Prob:0.49918 Alpha:0.00005
[MOE_TRACE] Group:0 Prob:0.99755 Alpha:0.00005
[MOE_TRACE] Group:1 Prob:0.49918 Alpha:0.00005
[MOE_TRACE] Group:0 Prob:0.99755 Alpha:0.00005
[MOE_TRACE] Group:1 Prob:0.49918 Alpha:0.00005
[MOE_TRACE] Group:0 Prob:0.99755 Alpha:0.00005
[MOE_TRACE] Group:0 Prob:0.99755 Alpha:0.00005[MOE_TRACE] Group:1 Prob:0.49918 Alpha:0.00005

[MOE_TRACE] Group:1 Prob:0.49918 Alpha:0.00005
[MOE_TRACE] Group:0 Prob:0.99755 Alpha:0.00005
[MOE_TRACE] Group:1 Prob:0.49918 Alpha:0.00005
[MOE_TRACE] Group:0 Prob:0.99755 Alpha:0.00005
[MOE_TRACE] Group:1 Prob:0.49918 Alpha:0.00005
[MOE_TRACE] Group:0 Prob:0.99755 Alpha:0.00005
[MOE_TRACE] Group:1 Prob:0.49918 Alpha:0.00005
[MOE_TRACE] Group:0 Prob:0.99755 Alpha:0.00005
[MOE_TRACE] Group:1 Prob:0.49918 Alpha:0.00005
[MOE_TRACE] Group:0 Prob:0.99755 Alpha:0.00005
[MOE_TRACE] Group:1 Prob:0.49918 Alpha:0.00005
[MOE_TRACE] Group:0 Prob:0.99755 Alpha:0.00005
[MOE_TRACE] Group:1 Prob:0.49918 Alpha:0.00005
[MOE_TRACE] Group:0 Prob:0.99755 Alpha:0.00005
[MOE_TRACE] Group:1 Prob:0.49918 Alpha:0.00005
[MOE_TRACE] Group:0 Prob:0.99755 Alpha:0.00005[MOE_TRACE] Group:0 Prob:0.99755 Alpha:0.00005

[MOE_TRACE] Group:1 Prob:0.49918 Alpha:0.00005
[MOE_TRACE] Group:1 Prob:0.49918 Alpha:0.00005
[MOE_TRACE] Group:0 Prob:0.99755 Alpha:0.00005
[MOE_TRACE] Group:1 Prob:0.49918 Alpha:0.00005
[MOE_TRACE] Group:0 Prob:0.99755 Alpha:0.00005
[MOE_TRACE] Group:1 Prob:0.49918 Alpha:0.00005
[MOE_TRACE] Group:0 Prob:0.99755 Alpha:0.00005
[MOE_TRACE] Group:1 Prob:0.49918 Alpha:0.00005
[MOE_TRACE] Group:0 Prob:0.99755 Alpha:0.00005
[MOE_TRACE] Group:1 Prob:0.49918 Alpha:0.00005
[MOE_TRACE] Group:0 Prob:0.99755 Alpha:0.00005
[MOE_TRACE] Group:1 Prob:0.49918 Alpha:0.00005
[MOE_TRACE] Group:0 Prob:0.99755 Alpha:0.00005
[MOE_TRACE] Group:1 Prob:0.49918 Alpha:0.00005
[MOE_TRACE] Group:0 Prob:0.99755 Alpha:0.00005
[MOE_TRACE] Group:1 Prob:0.49918 Alpha:0.00005
[MOE_TRACE] Group:0 Prob:0.99755 Alpha:0.00005
[MOE_TRACE] Group:1 Prob:0.49918 Alpha:0.00005
[MOE_TRACE] Group:0 Prob:0.99755 Alpha:0.00005
[MOE_TRACE] Group:0 Prob:0.99755 Alpha:0.00005
[MOE_TRACE] Group:1 Prob:0.49918 Alpha:0.00005
[MOE_TRACE] Group:0 Prob:0.99755 Alpha:0.00005
[MOE_TRACE] Group:1 Prob:0.49918 Alpha:0.00005
[MOE_TRACE] Group:0 Prob:0.99755 Alpha:0.00005
[MOE_TRACE] Group:1 Prob:0.49918 Alpha:0.00005
[MOE_TRACE] Group:0 Prob:0.99755 Alpha:0.00005
[MOE_TRACE] Group:1 Prob:0.49918 Alpha:0.00005
[MOE_TRACE] Group:0 Prob:0.99755 Alpha:0.00005
[MOE_TRACE] Group:1 Prob:0.49918 Alpha:0.00005
[MOE_TRACE] Group:0 Prob:0.99755 Alpha:0.00005
[MOE_TRACE] Group:1 Prob:0.49918 Alpha:0.00005
[MOE_TRACE] Group:0 Prob:0.99755 Alpha:0.00005
[MOE_TRACE] Group:1 Prob:0.49918 Alpha:0.00005
[MOE_TRACE] Group:0 Prob:0.99755 Alpha:0.00005
[MOE_TRACE] Group:1 Prob:0.49918 Alpha:0.00005
[MOE_TRACE] Group:0 Prob:0.99755 Alpha:0.00005
[MOE_TRACE] Group:1 Prob:0.49918 Alpha:0.00005
[MOE_TRACE] Group:0 Prob:0.99755 Alpha:0.00005
[MOE_TRACE] Group:1 Prob:0.49918 Alpha:0.00005
[MOE_TRACE] Group:0 Prob:0.99755 Alpha:0.00005
[MOE_TRACE] Group:1 Prob:0.49918 Alpha:0.00005
[MOE_TRACE] Group:0 Prob:0.99755 Alpha:0.00005
[MOE_TRACE] Group:1 Prob:0.49918 Alpha:0.00005
[MOE_TRACE] Group:0 Prob:0.99755 Alpha:0.00005
[MOE_TRACE] Group:1 Prob:0.49918 Alpha:0.00005
[MOE_TRACE] Group:0 Prob:0.99755 Alpha:0.00005
[MOE_TRACE] Group:1 Prob:0.49918 Alpha:0.00005
[MOE_TRACE] Group:0 Prob:0.99755 Alpha:0.00005
[MOE_TRACE] Group:1 Prob:0.49918 Alpha:0.00005
[MOE_TRACE] Group:0 Prob:0.99755 Alpha:0.00005
[MOE_TRACE] Group:0 Prob:0.99755 Alpha:0.00005
[MOE_TRACE] Group:0 Prob:0.99755 Alpha:0.00005
[MOE_TRACE] Group:1 Prob:0.49918 Alpha:0.00005
[MOE_TRACE] Group:0 Prob:0.99755 Alpha:0.00005
[MOE_TRACE] Group:1 Prob:0.49918 Alpha:0.00005
[MOE_TRACE] Group:0 Prob:0.99755 Alpha:0.00005
[MOE_TRACE] Group:0 Prob:0.99755 Alpha:0.00005
[MOE_TRACE] Group:1 Prob:0.49918 Alpha:0.00005
[MOE_TRACE] Group:1 Prob:0.49918 Alpha:0.00005
[MOE_TRACE] Group:0 Prob:0.99755 Alpha:0.00005
[MOE_TRACE] Group:1 Prob:0.49918 Alpha:0.00005
[MOE_TRACE] Group:0 Prob:0.99755 Alpha:0.00005
[MOE_TRACE] Group:1 Prob:0.49918 Alpha:0.00005
[MOE_TRACE] Group:0 Prob:0.99755 Alpha:0.00005
[MOE_TRACE] Group:0 Prob:0.99755 Alpha:0.00005
[MOE_TRACE] Group:1 Prob:0.49918 Alpha:0.00005
[MOE_TRACE] Group:0 Prob:0.99755 Alpha:0.00005
[MOE_TRACE] Group:1 Prob:0.49918 Alpha:0.00005
[MOE_TRACE] Group:0 Prob:0.99755 Alpha:0.00005
[MOE_TRACE] Group:1 Prob:0.49918 Alpha:0.00005
[MOE_TRACE] Group:0 Prob:0.99755 Alpha:0.00005
[MOE_TRACE] Group:1 Prob:0.49918 Alpha:0.00005
[MOE_TRACE] Group:0 Prob:0.99755 Alpha:0.00005
[MOE_TRACE] Group:1 Prob:0.49918 Alpha:0.00005[MOE_TRACE] Group:0 Prob:0.99755 Alpha:0.00005

[MOE_TRACE] Group:1 Prob:0.49918 Alpha:0.00005
[MOE_TRACE] Group:0 Prob:0.99755 Alpha:0.00005
[MOE_TRACE] Group:1 Prob:0.49918 Alpha:0.00005
[MOE_TRACE] Group:0 Prob:0.99755 Alpha:0.00005
[MOE_TRACE] Group:1 Prob:0.49918 Alpha:0.00005
[MOE_TRACE] Group:0 Prob:0.99755 Alpha:0.00005
[MOE_TRACE] Group:1 Prob:0.49918 Alpha:0.00005
[MOE_TRACE] Group:0 Prob:0.99755 Alpha:0.00005
[MOE_TRACE] Group:1 Prob:0.49918 Alpha:0.00005
[MOE_TRACE] Group:0 Prob:0.99755 Alpha:0.00005
[MOE_TRACE] Group:1 Prob:0.49918 Alpha:0.00005
[MOE_TRACE] Group:0 Prob:0.99755 Alpha:0.00005
[MOE_TRACE] Group:1 Prob:0.49918 Alpha:0.00005
[MOE_TRACE] Group:0 Prob:0.99755 Alpha:0.00005
[MOE_TRACE] Group:1 Prob:0.49918 Alpha:0.00005
[MOE_TRACE] Group:0 Prob:0.99755 Alpha:0.00005
[MOE_TRACE] Group:1 Prob:0.49918 Alpha:0.00005
[MOE_TRACE] Group:0 Prob:0.99755 Alpha:0.00005
[MOE_TRACE] Group:1 Prob:0.49918 Alpha:0.00005
[MOE_TRACE] Group:0 Prob:0.99755 Alpha:0.00005
[MOE_TRACE] Group:1 Prob:0.49918 Alpha:0.00005
[MOE_TRACE] Group:0 Prob:0.99755 Alpha:0.00005
[MOE_TRACE] Group:1 Prob:0.49918 Alpha:0.00005
[MOE_TRACE] Group:0 Prob:0.99755 Alpha:0.00005
[MOE_TRACE] Group:1 Prob:0.49918 Alpha:0.00005
[MOE_TRACE] Group:0 Prob:0.99755 Alpha:0.00005
[MOE_TRACE] Group:1 Prob:0.49918 Alpha:0.00005
[MOE_TRACE] Group:0 Prob:0.99755 Alpha:0.00005
[MOE_TRACE] Group:1 Prob:0.49918 Alpha:0.00005
[MOE_TRACE] Group:0 Prob:0.99755 Alpha:0.00005
[MOE_TRACE] Group:1 Prob:0.49918 Alpha:0.00005
[MOE_TRACE] Group:0 Prob:0.99755 Alpha:0.00005
[MOE_TRACE] Group:1 Prob:0.49918 Alpha:0.00005
[MOE_TRACE] Group:0 Prob:0.99755 Alpha:0.00005
[MOE_TRACE] Group:1 Prob:0.49918 Alpha:0.00005
[MOE_TRACE] Group:0 Prob:0.99755 Alpha:0.00005
[MOE_TRACE] Group:1 Prob:0.49918 Alpha:0.00005
[MOE_TRACE] Group:0 Prob:0.99755 Alpha:0.00005
[MOE_TRACE] Group:1 Prob:0.49918 Alpha:0.00005
[MOE_TRACE] Group:0 Prob:0.99755 Alpha:0.00005
[MOE_TRACE] Group:1 Prob:0.49918 Alpha:0.00005
[MOE_TRACE] Group:0 Prob:0.99755 Alpha:0.00005
[MOE_TRACE] Group:1 Prob:0.49918 Alpha:0.00005
[MOE_TRACE] Group:0 Prob:0.99755 Alpha:0.00005
[MOE_TRACE] Group:0 Prob:0.99755 Alpha:0.00005
[MOE_TRACE] Group:1 Prob:0.49918 Alpha:0.00005
[MOE_TRACE] Group:1 Prob:0.49918 Alpha:0.00005
[MOE_TRACE] Group:0 Prob:0.99755 Alpha:0.00005
[MOE_TRACE] Group:1 Prob:0.49918 Alpha:0.00005
[MOE_TRACE] Group:0 Prob:0.99755 Alpha:0.00005
[MOE_TRACE] Group:1 Prob:0.49918 Alpha:0.00005
[MOE_TRACE] Group:0 Prob:0.99755 Alpha:0.00005
[MOE_TRACE] Group:1 Prob:0.49918 Alpha:0.00005
[MOE_TRACE] Group:0 Prob:0.99755 Alpha:0.00005
[MOE_TRACE] Group:1 Prob:0.49918 Alpha:0.00005
[MOE_TRACE] Group:0 Prob:0.99755 Alpha:0.00005
[MOE_TRACE] Group:1 Prob:0.49918 Alpha:0.00005
[MOE_TRACE] Group:0 Prob:0.99755 Alpha:0.00005
[MOE_TRACE] Group:1 Prob:0.49918 Alpha:0.00005
[MOE_TRACE] Group:0 Prob:0.99755 Alpha:0.00005
[MOE_TRACE] Group:1 Prob:0.49918 Alpha:0.00005
[MOE_TRACE] Group:0 Prob:0.99755 Alpha:0.00005
[MOE_TRACE] Group:1 Prob:0.49918 Alpha:0.00005
[MOE_TRACE] Group:0 Prob:0.99755 Alpha:0.00005
[MOE_TRACE] Group:1 Prob:0.49918 Alpha:0.00005
[MOE_TRACE] Group:0 Prob:0.99755 Alpha:0.00005
[MOE_TRACE] Group:1 Prob:0.49918 Alpha:0.00005
[MOE_TRACE] Group:0 Prob:0.99755 Alpha:0.00005
[MOE_TRACE] Group:1 Prob:0.49918 Alpha:0.00005
[MOE_TRACE] Group:0 Prob:0.99755 Alpha:0.00005
[MOE_TRACE] Group:1 Prob:0.49918 Alpha:0.00005
[MOE_TRACE] Group:0 Prob:0.99755 Alpha:0.00005
[MOE_TRACE] Group:1 Prob:0.49918 Alpha:0.00005
[MOE_TRACE] Group:0 Prob:0.99755 Alpha:0.00005
[MOE_TRACE] Group:1 Prob:0.49918 Alpha:0.00005
[MOE_TRACE] Group:0 Prob:0.99755 Alpha:0.00005
[MOE_TRACE] Group:1 Prob:0.49918 Alpha:0.00005
[MOE_TRACE] Group:0 Prob:0.99755 Alpha:0.00005
[MOE_TRACE] Group:1 Prob:0.49918 Alpha:0.00005
[MOE_TRACE] Group:0 Prob:0.99755 Alpha:0.00005
[MOE_TRACE] Group:1 Prob:0.49918 Alpha:0.00005
[MOE_TRACE] Group:0 Prob:0.99755 Alpha:0.00005
[MOE_TRACE] Group:1 Prob:0.49918 Alpha:0.00005
[MOE_TRACE] Group:0 Prob:0.99755 Alpha:0.00005
[MOE_TRACE] Group:1 Prob:0.49918 Alpha:0.00005
[MOE_TRACE] Group:0 Prob:0.99755 Alpha:0.00005
[MOE_TRACE] Group:1 Prob:0.49918 Alpha:0.00005
[MOE_TRACE] Group:0 Prob:0.99755 Alpha:0.00005
[MOE_TRACE] Group:1 Prob:0.49918 Alpha:0.00005
[MOE_TRACE] Group:0 Prob:0.99755 Alpha:0.00005
[MOE_TRACE] Group:1 Prob:0.49918 Alpha:0.00005
[MOE_TRACE] Group:0 Prob:0.99755 Alpha:0.00005
[MOE_TRACE] Group:1 Prob:0.49918 Alpha:0.00005
[MOE_TRACE] Group:0 Prob:0.99755 Alpha:0.00005[MOE_TRACE] Group:0 Prob:0.99755 Alpha:0.00005

[MOE_TRACE] Group:1 Prob:0.49918 Alpha:0.00005
[MOE_TRACE] Group:1 Prob:0.49918 Alpha:0.00005
[MOE_TRACE] Group:0 Prob:0.99755 Alpha:0.00005
[MOE_TRACE] Group:1 Prob:0.49918 Alpha:0.00005
[MOE_TRACE] Group:0 Prob:0.99755 Alpha:0.00005
[MOE_TRACE] Group:1 Prob:0.49918 Alpha:0.00005
[MOE_TRACE] Group:0 Prob:0.99755 Alpha:0.00005
[MOE_TRACE] Group:1 Prob:0.49918 Alpha:0.00005
[MOE_TRACE] Group:0 Prob:0.99755 Alpha:0.00005
[MOE_TRACE] Group:1 Prob:0.49918 Alpha:0.00005
[MOE_TRACE] Group:0 Prob:0.99755 Alpha:0.00005
[MOE_TRACE] Group:1 Prob:0.49918 Alpha:0.00005
[MOE_TRACE] Group:0 Prob:0.99755 Alpha:0.00005
[MOE_TRACE] Group:1 Prob:0.49918 Alpha:0.00005
[MOE_TRACE] Group:0 Prob:0.99755 Alpha:0.00005
[MOE_TRACE] Group:1 Prob:0.49918 Alpha:0.00005
[MOE_TRACE] Group:0 Prob:0.99755 Alpha:0.00005
[MOE_TRACE] Group:1 Prob:0.49918 Alpha:0.00005
[MOE_TRACE] Group:0 Prob:0.99755 Alpha:0.00005
[MOE_TRACE] Group:1 Prob:0.49918 Alpha:0.00005
[MOE_TRACE] Group:0 Prob:0.99755 Alpha:0.00005[MOE_TRACE] Group:0 Prob:0.99755 Alpha:0.00005

[MOE_TRACE] Group:1 Prob:0.49917 Alpha:0.00005
[MOE_TRACE] Group:1 Prob:0.49917 Alpha:0.00005
[MOE_TRACE] Group:0 Prob:0.99755 Alpha:0.00005
[MOE_TRACE] Group:1 Prob:0.49917 Alpha:0.00005
[MOE_TRACE] Group:0 Prob:0.99755 Alpha:0.00005
[MOE_TRACE] Group:1 Prob:0.49917 Alpha:0.00005
[MOE_TRACE] Group:0 Prob:0.99755 Alpha:0.00005
[MOE_TRACE] Group:1 Prob:0.49917 Alpha:0.00005
[MOE_TRACE] Group:0 Prob:0.99755 Alpha:0.00005
[MOE_TRACE] Group:1 Prob:0.49917 Alpha:0.00005
[MOE_TRACE] Group:0 Prob:0.99755 Alpha:0.00005
[MOE_TRACE] Group:1 Prob:0.49917 Alpha:0.00005
[MOE_TRACE] Group:0 Prob:0.99755 Alpha:0.00005
[MOE_TRACE] Group:1 Prob:0.49917 Alpha:0.00005
[MOE_TRACE] Group:0 Prob:0.99755 Alpha:0.00005
[MOE_TRACE] Group:1 Prob:0.49917 Alpha:0.00005
[MOE_TRACE] Group:0 Prob:0.99755 Alpha:0.00005
[MOE_TRACE] Group:1 Prob:0.49917 Alpha:0.00005
[MOE_TRACE] Group:0 Prob:0.99755 Alpha:0.00005
[MOE_TRACE] Group:1 Prob:0.49917 Alpha:0.00005
[MOE_TRACE] Group:0 Prob:0.99755 Alpha:0.00005
[MOE_TRACE] Group:1 Prob:0.49917 Alpha:0.00005
[MOE_TRACE] Group:0 Prob:0.99755 Alpha:0.00005
[MOE_TRACE] Group:1 Prob:0.49917 Alpha:0.00005
[MOE_TRACE] Group:0 Prob:0.99755 Alpha:0.00005
[MOE_TRACE] Group:1 Prob:0.49917 Alpha:0.00005
[MOE_TRACE] Group:0 Prob:0.99755 Alpha:0.00005
[MOE_TRACE] Group:1 Prob:0.49917 Alpha:0.00005
[MOE_TRACE] Group:0 Prob:0.99755 Alpha:0.00005
[MOE_TRACE] Group:1 Prob:0.49917 Alpha:0.00005
[MOE_TRACE] Group:0 Prob:0.99755 Alpha:0.00005
[MOE_TRACE] Group:1 Prob:0.49917 Alpha:0.00005
[MOE_TRACE] Group:0 Prob:0.99755 Alpha:0.00005
[MOE_TRACE] Group:1 Prob:0.49917 Alpha:0.00005
[MOE_TRACE] Group:0 Prob:0.99755 Alpha:0.00005
[MOE_TRACE] Group:1 Prob:0.49917 Alpha:0.00005
[MOE_TRACE] Group:0 Prob:0.99755 Alpha:0.00005
[MOE_TRACE] Group:1 Prob:0.49917 Alpha:0.00005
[MOE_TRACE] Group:0 Prob:0.99755 Alpha:0.00005
[MOE_TRACE] Group:1 Prob:0.49917 Alpha:0.00005
[MOE_TRACE] Group:0 Prob:0.99755 Alpha:0.00005
[MOE_TRACE] Group:1 Prob:0.49917 Alpha:0.00005
[MOE_TRACE] Group:0 Prob:0.99755 Alpha:0.00005
[MOE_TRACE] Group:1 Prob:0.49917 Alpha:0.00005
[MOE_TRACE] Group:0 Prob:0.99755 Alpha:0.00005
[MOE_TRACE] Group:1 Prob:0.49917 Alpha:0.00005
[MOE_TRACE] Group:0 Prob:0.99755 Alpha:0.00005[MOE_TRACE] Group:0 Prob:0.99755 Alpha:0.00005

[MOE_TRACE] Group:1 Prob:0.49917 Alpha:0.00005[MOE_TRACE] Group:1 Prob:0.49917 Alpha:0.00005

[MOE_TRACE] Group:0 Prob:0.99755 Alpha:0.00005
[MOE_TRACE] Group:1 Prob:0.49917 Alpha:0.00005
[MOE_TRACE] Group:0 Prob:0.99755 Alpha:0.00005
[MOE_TRACE] Group:1 Prob:0.49917 Alpha:0.00005
[MOE_TRACE] Group:0 Prob:0.99755 Alpha:0.00005
[MOE_TRACE] Group:1 Prob:0.49917 Alpha:0.00005
[MOE_TRACE] Group:0 Prob:0.99755 Alpha:0.00005
[MOE_TRACE] Group:1 Prob:0.49917 Alpha:0.00005
[MOE_TRACE] Group:0 Prob:0.99755 Alpha:0.00005
[MOE_TRACE] Group:1 Prob:0.49917 Alpha:0.00005
[MOE_TRACE] Group:0 Prob:0.99755 Alpha:0.00005
[MOE_TRACE] Group:1 Prob:0.49917 Alpha:0.00005
[MOE_TRACE] Group:0 Prob:0.99755 Alpha:0.00005
[MOE_TRACE] Group:1 Prob:0.49917 Alpha:0.00005
[MOE_TRACE] Group:0 Prob:0.99755 Alpha:0.00005
[MOE_TRACE] Group:1 Prob:0.49917 Alpha:0.00005
[MOE_TRACE] Group:0 Prob:0.99755 Alpha:0.00005
[MOE_TRACE] Group:1 Prob:0.49917 Alpha:0.00005
[MOE_TRACE] Group:0 Prob:0.99755 Alpha:0.00005
[MOE_TRACE] Group:1 Prob:0.49917 Alpha:0.00005
[MOE_TRACE] Group:0 Prob:0.99755 Alpha:0.00005
[MOE_TRACE] Group:1 Prob:0.49917 Alpha:0.00005
[MOE_TRACE] Group:0 Prob:0.99755 Alpha:0.00005
[MOE_TRACE] Group:1 Prob:0.49917 Alpha:0.00005
[MOE_TRACE] Group:0 Prob:0.99755 Alpha:0.00005
[MOE_TRACE] Group:1 Prob:0.49917 Alpha:0.00005
[MOE_TRACE] Group:0 Prob:0.99755 Alpha:0.00005
[MOE_TRACE] Group:1 Prob:0.49917 Alpha:0.00005
[MOE_TRACE] Group:0 Prob:0.99755 Alpha:0.00005
[MOE_TRACE] Group:1 Prob:0.49917 Alpha:0.00005
[MOE_TRACE] Group:0 Prob:0.99755 Alpha:0.00005
[MOE_TRACE] Group:1 Prob:0.49917 Alpha:0.00005
[MOE_TRACE] Group:0 Prob:0.99755 Alpha:0.00005
[MOE_TRACE] Group:1 Prob:0.49917 Alpha:0.00005
[MOE_TRACE] Group:0 Prob:0.99755 Alpha:0.00005
[MOE_TRACE] Group:1 Prob:0.49917 Alpha:0.00005
[MOE_TRACE] Group:0 Prob:0.99755 Alpha:0.00005
[MOE_TRACE] Group:1 Prob:0.49917 Alpha:0.00005
[MOE_TRACE] Group:0 Prob:0.99755 Alpha:0.00005
[MOE_TRACE] Group:1 Prob:0.49917 Alpha:0.00005
[MOE_TRACE] Group:0 Prob:0.99755 Alpha:0.00005
[MOE_TRACE] Group:1 Prob:0.49917 Alpha:0.00005
[MOE_TRACE] Group:0 Prob:0.99755 Alpha:0.00005
[MOE_TRACE] Group:1 Prob:0.49917 Alpha:0.00005
[MOE_TRACE] Group:0 Prob:0.99755 Alpha:0.00005
[MOE_TRACE] Group:1 Prob:0.49916 Alpha:0.00005
[MOE_TRACE] Group:0 Prob:0.99755 Alpha:0.00005[MOE_TRACE] Group:0 Prob:0.99755 Alpha:0.00005

[MOE_TRACE] Group:1 Prob:0.49916 Alpha:0.00005[MOE_TRACE] Group:1 Prob:0.49916 Alpha:0.00005

[MOE_TRACE] Group:0 Prob:0.99755 Alpha:0.00005
[MOE_TRACE] Group:1 Prob:0.49916 Alpha:0.00005
	iters: 100, epoch: 6 | loss: 0.3009330 | Mem: 1845MB(Max:2203MB)
	speed: 4.5682s/iter; left time: 2905.3482s
[MOE_TRACE] Group:0 Prob:0.99755 Alpha:0.00005
[MOE_TRACE] Group:1 Prob:0.49917 Alpha:0.00005
[MOE_TRACE] Group:0 Prob:0.99755 Alpha:0.00005
[MOE_TRACE] Group:1 Prob:0.49917 Alpha:0.00005
[MOE_TRACE] Group:0 Prob:0.99755 Alpha:0.00005
[MOE_TRACE] Group:1 Prob:0.49917 Alpha:0.00005
[MOE_TRACE] Group:0 Prob:0.99755 Alpha:0.00005
[MOE_TRACE] Group:1 Prob:0.49917 Alpha:0.00005
[MOE_TRACE] Group:0 Prob:0.99755 Alpha:0.00005
[MOE_TRACE] Group:1 Prob:0.49917 Alpha:0.00005
[MOE_TRACE] Group:0 Prob:0.99755 Alpha:0.00005
[MOE_TRACE] Group:1 Prob:0.49917 Alpha:0.00005
[MOE_TRACE] Group:0 Prob:0.99755 Alpha:0.00005
[MOE_TRACE] Group:1 Prob:0.49917 Alpha:0.00005
[MOE_TRACE] Group:0 Prob:0.99755 Alpha:0.00005
[MOE_TRACE] Group:1 Prob:0.49917 Alpha:0.00005
[MOE_TRACE] Group:0 Prob:0.99755 Alpha:0.00005
[MOE_TRACE] Group:1 Prob:0.49917 Alpha:0.00005
[MOE_TRACE] Group:0 Prob:0.99755 Alpha:0.00005
[MOE_TRACE] Group:1 Prob:0.49917 Alpha:0.00005
[MOE_TRACE] Group:0 Prob:0.99755 Alpha:0.00005
[MOE_TRACE] Group:1 Prob:0.49917 Alpha:0.00005
[MOE_TRACE] Group:0 Prob:0.99755 Alpha:0.00005
[MOE_TRACE] Group:1 Prob:0.49917 Alpha:0.00005
[MOE_TRACE] Group:0 Prob:0.99755 Alpha:0.00005
[MOE_TRACE] Group:1 Prob:0.49916 Alpha:0.00005
[MOE_TRACE] Group:0 Prob:0.99755 Alpha:0.00005
[MOE_TRACE] Group:1 Prob:0.49916 Alpha:0.00005
[MOE_TRACE] Group:0 Prob:0.99755 Alpha:0.00005
[MOE_TRACE] Group:1 Prob:0.49916 Alpha:0.00005
[MOE_TRACE] Group:0 Prob:0.99755 Alpha:0.00005
[MOE_TRACE] Group:1 Prob:0.49916 Alpha:0.00005
[MOE_TRACE] Group:0 Prob:0.99755 Alpha:0.00005
[MOE_TRACE] Group:1 Prob:0.49916 Alpha:0.00005
[MOE_TRACE] Group:0 Prob:0.99755 Alpha:0.00005
[MOE_TRACE] Group:1 Prob:0.49916 Alpha:0.00005
[MOE_TRACE] Group:0 Prob:0.99755 Alpha:0.00005
[MOE_TRACE] Group:1 Prob:0.49916 Alpha:0.00005
[MOE_TRACE] Group:0 Prob:0.99755 Alpha:0.00005
[MOE_TRACE] Group:1 Prob:0.49916 Alpha:0.00005
[MOE_TRACE] Group:0 Prob:0.99755 Alpha:0.00005
[MOE_TRACE] Group:1 Prob:0.49916 Alpha:0.00005
[MOE_TRACE] Group:0 Prob:0.99755 Alpha:0.00005
[MOE_TRACE] Group:1 Prob:0.49916 Alpha:0.00005
[MOE_TRACE] Group:0 Prob:0.99755 Alpha:0.00005
[MOE_TRACE] Group:1 Prob:0.49916 Alpha:0.00005
[MOE_TRACE] Group:0 Prob:0.99755 Alpha:0.00005
[MOE_TRACE] Group:1 Prob:0.49916 Alpha:0.00005
[MOE_TRACE] Group:0 Prob:0.99755 Alpha:0.00005
[MOE_TRACE] Group:0 Prob:0.99755 Alpha:0.00005[MOE_TRACE] Group:0 Prob:0.99755 Alpha:0.00005

[MOE_TRACE] Group:1 Prob:0.49916 Alpha:0.00005
[MOE_TRACE] Group:1 Prob:0.49916 Alpha:0.00005[MOE_TRACE] Group:1 Prob:0.49916 Alpha:0.00005

[MOE_TRACE] Group:0 Prob:0.99755 Alpha:0.00005
[MOE_TRACE] Group:1 Prob:0.49916 Alpha:0.00005
[MOE_TRACE] Group:0 Prob:0.99755 Alpha:0.00005
[MOE_TRACE] Group:1 Prob:0.49917 Alpha:0.00005
[MOE_TRACE] Group:0 Prob:0.99755 Alpha:0.00005
[MOE_TRACE] Group:1 Prob:0.49917 Alpha:0.00005
[MOE_TRACE] Group:0 Prob:0.99755 Alpha:0.00005
[MOE_TRACE] Group:1 Prob:0.49917 Alpha:0.00005
[MOE_TRACE] Group:0 Prob:0.99755 Alpha:0.00005
[MOE_TRACE] Group:1 Prob:0.49917 Alpha:0.00005
[MOE_TRACE] Group:0 Prob:0.99755 Alpha:0.00005
[MOE_TRACE] Group:1 Prob:0.49917 Alpha:0.00005
[MOE_TRACE] Group:0 Prob:0.99755 Alpha:0.00005
[MOE_TRACE] Group:1 Prob:0.49917 Alpha:0.00005
[MOE_TRACE] Group:0 Prob:0.99755 Alpha:0.00005
[MOE_TRACE] Group:1 Prob:0.49917 Alpha:0.00005
[MOE_TRACE] Group:0 Prob:0.99755 Alpha:0.00005
[MOE_TRACE] Group:1 Prob:0.49917 Alpha:0.00005
[MOE_TRACE] Group:0 Prob:0.99755 Alpha:0.00005
[MOE_TRACE] Group:1 Prob:0.49917 Alpha:0.00005
[MOE_TRACE] Group:0 Prob:0.99755 Alpha:0.00005
[MOE_TRACE] Group:1 Prob:0.49917 Alpha:0.00005
[MOE_TRACE] Group:0 Prob:0.99755 Alpha:0.00005
[MOE_TRACE] Group:1 Prob:0.49917 Alpha:0.00005
[MOE_TRACE] Group:0 Prob:0.99755 Alpha:0.00005
[MOE_TRACE] Group:1 Prob:0.49917 Alpha:0.00005
[MOE_TRACE] Group:0 Prob:0.99755 Alpha:0.00005
[MOE_TRACE] Group:1 Prob:0.49917 Alpha:0.00005
[MOE_TRACE] Group:0 Prob:0.99755 Alpha:0.00005
[MOE_TRACE] Group:1 Prob:0.49917 Alpha:0.00005
[MOE_TRACE] Group:0 Prob:0.99755 Alpha:0.00005
[MOE_TRACE] Group:1 Prob:0.49917 Alpha:0.00005
[MOE_TRACE] Group:0 Prob:0.99755 Alpha:0.00005
[MOE_TRACE] Group:1 Prob:0.49917 Alpha:0.00005
[MOE_TRACE] Group:0 Prob:0.99755 Alpha:0.00005
[MOE_TRACE] Group:1 Prob:0.49916 Alpha:0.00005
[MOE_TRACE] Group:0 Prob:0.99755 Alpha:0.00005
[MOE_TRACE] Group:1 Prob:0.49916 Alpha:0.00005
[MOE_TRACE] Group:0 Prob:0.99755 Alpha:0.00005
[MOE_TRACE] Group:1 Prob:0.49916 Alpha:0.00005
[MOE_TRACE] Group:0 Prob:0.99755 Alpha:0.00005
[MOE_TRACE] Group:1 Prob:0.49916 Alpha:0.00005
[MOE_TRACE] Group:0 Prob:0.99755 Alpha:0.00005
[MOE_TRACE] Group:1 Prob:0.49917 Alpha:0.00005
[MOE_TRACE] Group:0 Prob:0.99755 Alpha:0.00005
[MOE_TRACE] Group:1 Prob:0.49917 Alpha:0.00005
[MOE_TRACE] Group:0 Prob:0.99755 Alpha:0.00005
[MOE_TRACE] Group:1 Prob:0.49917 Alpha:0.00005
[MOE_TRACE] Group:0 Prob:0.99755 Alpha:0.00005
[MOE_TRACE] Group:1 Prob:0.49917 Alpha:0.00005
[MOE_TRACE] Group:0 Prob:0.99755 Alpha:0.00005
[MOE_TRACE] Group:1 Prob:0.49917 Alpha:0.00005
[MOE_TRACE] Group:0 Prob:0.99755 Alpha:0.00005
[MOE_TRACE] Group:1 Prob:0.49917 Alpha:0.00005
[MOE_TRACE] Group:0 Prob:0.99755 Alpha:0.00005
[MOE_TRACE] Group:1 Prob:0.49917 Alpha:0.00005
[MOE_TRACE] Group:0 Prob:0.99755 Alpha:0.00005
[MOE_TRACE] Group:1 Prob:0.49917 Alpha:0.00005
[MOE_TRACE] Group:0 Prob:0.99755 Alpha:0.00005
[MOE_TRACE] Group:1 Prob:0.49917 Alpha:0.00005
[MOE_TRACE] Group:0 Prob:0.99755 Alpha:0.00005
[MOE_TRACE] Group:1 Prob:0.49917 Alpha:0.00005
[MOE_TRACE] Group:0 Prob:0.99755 Alpha:0.00005
[MOE_TRACE] Group:1 Prob:0.49917 Alpha:0.00005
[MOE_TRACE] Group:0 Prob:0.99755 Alpha:0.00005
[MOE_TRACE] Group:1 Prob:0.49917 Alpha:0.00005
[MOE_TRACE] Group:0 Prob:0.99755 Alpha:0.00005
[MOE_TRACE] Group:1 Prob:0.49917 Alpha:0.00005
[MOE_TRACE] Group:0 Prob:0.99755 Alpha:0.00005
[MOE_TRACE] Group:1 Prob:0.49917 Alpha:0.00005
[MOE_TRACE] Group:0 Prob:0.99755 Alpha:0.00005
[MOE_TRACE] Group:1 Prob:0.49917 Alpha:0.00005
[MOE_TRACE] Group:0 Prob:0.99755 Alpha:0.00005
[MOE_TRACE] Group:1 Prob:0.49917 Alpha:0.00005
[MOE_TRACE] Group:0 Prob:0.99755 Alpha:0.00005
[MOE_TRACE] Group:1 Prob:0.49917 Alpha:0.00005
[MOE_TRACE] Group:0 Prob:0.99755 Alpha:0.00005
[MOE_TRACE] Group:1 Prob:0.49917 Alpha:0.00005
[MOE_TRACE] Group:0 Prob:0.99755 Alpha:0.00005
[MOE_TRACE] Group:1 Prob:0.49917 Alpha:0.00005
[MOE_TRACE] Group:0 Prob:0.99755 Alpha:0.00005
[MOE_TRACE] Group:1 Prob:0.49917 Alpha:0.00005
[MOE_TRACE] Group:0 Prob:0.99755 Alpha:0.00005
[MOE_TRACE] Group:0 Prob:0.99755 Alpha:0.00005
[MOE_TRACE] Group:1 Prob:0.49917 Alpha:0.00005
[MOE_TRACE] Group:1 Prob:0.49917 Alpha:0.00005
[MOE_TRACE] Group:0 Prob:0.99755 Alpha:0.00005
[MOE_TRACE] Group:1 Prob:0.49917 Alpha:0.00005
[MOE_TRACE] Group:0 Prob:0.99755 Alpha:0.00005
[MOE_TRACE] Group:1 Prob:0.49917 Alpha:0.00005
[MOE_TRACE] Group:0 Prob:0.99755 Alpha:0.00005
[MOE_TRACE] Group:1 Prob:0.49917 Alpha:0.00005
[MOE_TRACE] Group:0 Prob:0.99755 Alpha:0.00005
[MOE_TRACE] Group:1 Prob:0.49917 Alpha:0.00005
[MOE_TRACE] Group:0 Prob:0.99755 Alpha:0.00005
[MOE_TRACE] Group:1 Prob:0.49917 Alpha:0.00005
[MOE_TRACE] Group:0 Prob:0.99755 Alpha:0.00005
[MOE_TRACE] Group:1 Prob:0.49917 Alpha:0.00005
[MOE_TRACE] Group:0 Prob:0.99755 Alpha:0.00005
[MOE_TRACE] Group:1 Prob:0.49917 Alpha:0.00005
[MOE_TRACE] Group:0 Prob:0.99755 Alpha:0.00005
[MOE_TRACE] Group:1 Prob:0.49917 Alpha:0.00005
[MOE_TRACE] Group:0 Prob:0.99755 Alpha:0.00005
[MOE_TRACE] Group:0 Prob:0.99755 Alpha:0.00005[MOE_TRACE] Group:1 Prob:0.49917 Alpha:0.00005

[MOE_TRACE] Group:1 Prob:0.49917 Alpha:0.00005
[MOE_TRACE] Group:0 Prob:0.99755 Alpha:0.00005
[MOE_TRACE] Group:1 Prob:0.49917 Alpha:0.00005
[MOE_TRACE] Group:0 Prob:0.99755 Alpha:0.00005
[MOE_TRACE] Group:1 Prob:0.49917 Alpha:0.00005
[MOE_TRACE] Group:0 Prob:0.99755 Alpha:0.00005
[MOE_TRACE] Group:1 Prob:0.49917 Alpha:0.00005
[MOE_TRACE] Group:0 Prob:0.99755 Alpha:0.00005
[MOE_TRACE] Group:1 Prob:0.49917 Alpha:0.00005
[MOE_TRACE] Group:0 Prob:0.99755 Alpha:0.00005
[MOE_TRACE] Group:0 Prob:0.99755 Alpha:0.00005
[MOE_TRACE] Group:0 Prob:0.99755 Alpha:0.00005
[MOE_TRACE] Group:1 Prob:0.49917 Alpha:0.00005
[MOE_TRACE] Group:1 Prob:0.49917 Alpha:0.00005
[MOE_TRACE] Group:1 Prob:0.49917 Alpha:0.00005
[MOE_TRACE] Group:0 Prob:0.99755 Alpha:0.00005
[MOE_TRACE] Group:1 Prob:0.49917 Alpha:0.00005
[MOE_TRACE] Group:0 Prob:0.99755 Alpha:0.00005
[MOE_TRACE] Group:1 Prob:0.49917 Alpha:0.00005
[MOE_TRACE] Group:0 Prob:0.99755 Alpha:0.00005
[MOE_TRACE] Group:0 Prob:0.99755 Alpha:0.00005[MOE_TRACE] Group:1 Prob:0.49917 Alpha:0.00005

[MOE_TRACE] Group:1 Prob:0.49917 Alpha:0.00005
[MOE_TRACE] Group:0 Prob:0.99755 Alpha:0.00005
[MOE_TRACE] Group:1 Prob:0.49917 Alpha:0.00005
[MOE_TRACE] Group:0 Prob:0.99755 Alpha:0.00005
[MOE_TRACE] Group:1 Prob:0.49917 Alpha:0.00005
[MOE_TRACE] Group:0 Prob:0.99755 Alpha:0.00005
[MOE_TRACE] Group:1 Prob:0.49917 Alpha:0.00005
[MOE_TRACE] Group:0 Prob:0.99755 Alpha:0.00005
[MOE_TRACE] Group:1 Prob:0.49917 Alpha:0.00005
[MOE_TRACE] Group:0 Prob:0.99755 Alpha:0.00005
[MOE_TRACE] Group:1 Prob:0.49917 Alpha:0.00005
[MOE_TRACE] Group:0 Prob:0.99755 Alpha:0.00005
[MOE_TRACE] Group:1 Prob:0.49917 Alpha:0.00005
[MOE_TRACE] Group:0 Prob:0.99755 Alpha:0.00005
[MOE_TRACE] Group:1 Prob:0.49917 Alpha:0.00005
[MOE_TRACE] Group:0 Prob:0.99755 Alpha:0.00005
[MOE_TRACE] Group:1 Prob:0.49917 Alpha:0.00005
[MOE_TRACE] Group:0 Prob:0.99755 Alpha:0.00005
[MOE_TRACE] Group:1 Prob:0.49917 Alpha:0.00005
[MOE_TRACE] Group:0 Prob:0.99755 Alpha:0.00005
[MOE_TRACE] Group:1 Prob:0.49916 Alpha:0.00005
[MOE_TRACE] Group:0 Prob:0.99755 Alpha:0.00005
[MOE_TRACE] Group:1 Prob:0.49916 Alpha:0.00005
[MOE_TRACE] Group:0 Prob:0.99755 Alpha:0.00005
[MOE_TRACE] Group:1 Prob:0.49916 Alpha:0.00005
[MOE_TRACE] Group:0 Prob:0.99755 Alpha:0.00005
[MOE_TRACE] Group:1 Prob:0.49916 Alpha:0.00005
[MOE_TRACE] Group:0 Prob:0.99755 Alpha:0.00005
[MOE_TRACE] Group:0 Prob:0.99755 Alpha:0.00005
[MOE_TRACE] Group:1 Prob:0.49916 Alpha:0.00005
[MOE_TRACE] Group:1 Prob:0.49916 Alpha:0.00005
[MOE_TRACE] Group:0 Prob:0.99755 Alpha:0.00005
[MOE_TRACE] Group:1 Prob:0.49916 Alpha:0.00005
[MOE_TRACE] Group:0 Prob:0.99755 Alpha:0.00005
[MOE_TRACE] Group:1 Prob:0.49916 Alpha:0.00005
[MOE_TRACE] Group:0 Prob:0.99755 Alpha:0.00005
[MOE_TRACE] Group:1 Prob:0.49917 Alpha:0.00005
[MOE_TRACE] Group:0 Prob:0.99755 Alpha:0.00005[MOE_TRACE] Group:0 Prob:0.99755 Alpha:0.00005

[MOE_TRACE] Group:1 Prob:0.49917 Alpha:0.00005
[MOE_TRACE] Group:1 Prob:0.49917 Alpha:0.00005
[MOE_TRACE] Group:0 Prob:0.99755 Alpha:0.00005
[MOE_TRACE] Group:1 Prob:0.49917 Alpha:0.00005
[MOE_TRACE] Group:0 Prob:0.99755 Alpha:0.00005
[MOE_TRACE] Group:1 Prob:0.49917 Alpha:0.00005
[MOE_TRACE] Group:0 Prob:0.99755 Alpha:0.00005
[MOE_TRACE] Group:1 Prob:0.49917 Alpha:0.00005
[MOE_TRACE] Group:0 Prob:0.99755 Alpha:0.00005
[MOE_TRACE] Group:1 Prob:0.49917 Alpha:0.00005
[MOE_TRACE] Group:0 Prob:0.99755 Alpha:0.00005
[MOE_TRACE] Group:1 Prob:0.49917 Alpha:0.00005
[MOE_TRACE] Group:0 Prob:0.99755 Alpha:0.00005
[MOE_TRACE] Group:1 Prob:0.49916 Alpha:0.00005
[MOE_TRACE] Group:0 Prob:0.99755 Alpha:0.00005
[MOE_TRACE] Group:0 Prob:0.99755 Alpha:0.00005
[MOE_TRACE] Group:1 Prob:0.49916 Alpha:0.00005
[MOE_TRACE] Group:0 Prob:0.99755 Alpha:0.00005
[MOE_TRACE] Group:1 Prob:0.49916 Alpha:0.00005
[MOE_TRACE] Group:1 Prob:0.49916 Alpha:0.00005
[MOE_TRACE] Group:0 Prob:0.99755 Alpha:0.00005
[MOE_TRACE] Group:1 Prob:0.49916 Alpha:0.00005
[MOE_TRACE] Group:0 Prob:0.99755 Alpha:0.00005
[MOE_TRACE] Group:1 Prob:0.49916 Alpha:0.00005
[MOE_TRACE] Group:0 Prob:0.99755 Alpha:0.00005
[MOE_TRACE] Group:1 Prob:0.49916 Alpha:0.00005
[MOE_TRACE] Group:0 Prob:0.99755 Alpha:0.00005
[MOE_TRACE] Group:1 Prob:0.49916 Alpha:0.00005
[MOE_TRACE] Group:0 Prob:0.99755 Alpha:0.00005
[MOE_TRACE] Group:1 Prob:0.49917 Alpha:0.00005
[MOE_TRACE] Group:0 Prob:0.99755 Alpha:0.00005
[MOE_TRACE] Group:1 Prob:0.49917 Alpha:0.00005
[MOE_TRACE] Group:0 Prob:0.99755 Alpha:0.00005
[MOE_TRACE] Group:1 Prob:0.49917 Alpha:0.00005
[MOE_TRACE] Group:0 Prob:0.99755 Alpha:0.00005
[MOE_TRACE] Group:1 Prob:0.49917 Alpha:0.00005
[MOE_TRACE] Group:0 Prob:0.99755 Alpha:0.00005
[MOE_TRACE] Group:1 Prob:0.49917 Alpha:0.00005
[MOE_TRACE] Group:0 Prob:0.99755 Alpha:0.00005
[MOE_TRACE] Group:1 Prob:0.49917 Alpha:0.00005
[MOE_TRACE] Group:0 Prob:0.99755 Alpha:0.00005
[MOE_TRACE] Group:1 Prob:0.49917 Alpha:0.00005
[MOE_TRACE] Group:0 Prob:0.99755 Alpha:0.00005
[MOE_TRACE] Group:1 Prob:0.49917 Alpha:0.00005
[MOE_TRACE] Group:0 Prob:0.99755 Alpha:0.00005
[MOE_TRACE] Group:1 Prob:0.49916 Alpha:0.00005
[MOE_TRACE] Group:0 Prob:0.99755 Alpha:0.00005
[MOE_TRACE] Group:0 Prob:0.99755 Alpha:0.00005
[MOE_TRACE] Group:1 Prob:0.49916 Alpha:0.00005
[MOE_TRACE] Group:1 Prob:0.49916 Alpha:0.00005
[MOE_TRACE] Group:0 Prob:0.99755 Alpha:0.00005
[MOE_TRACE] Group:1 Prob:0.49916 Alpha:0.00005
[MOE_TRACE] Group:0 Prob:0.99755 Alpha:0.00005
[MOE_TRACE] Group:1 Prob:0.49917 Alpha:0.00005
[MOE_TRACE] Group:0 Prob:0.99755 Alpha:0.00005
[MOE_TRACE] Group:1 Prob:0.49917 Alpha:0.00005
[MOE_TRACE] Group:0 Prob:0.99755 Alpha:0.00005
[MOE_TRACE] Group:1 Prob:0.49917 Alpha:0.00005
[MOE_TRACE] Group:0 Prob:0.99755 Alpha:0.00005
[MOE_TRACE] Group:1 Prob:0.49917 Alpha:0.00005
[MOE_TRACE] Group:0 Prob:0.99755 Alpha:0.00005
[MOE_TRACE] Group:1 Prob:0.49917 Alpha:0.00005
[MOE_TRACE] Group:0 Prob:0.99755 Alpha:0.00005
[MOE_TRACE] Group:1 Prob:0.49917 Alpha:0.00005
[MOE_TRACE] Group:0 Prob:0.99755 Alpha:0.00005
[MOE_TRACE] Group:1 Prob:0.49917 Alpha:0.00005
[MOE_TRACE] Group:0 Prob:0.99755 Alpha:0.00005
[MOE_TRACE] Group:1 Prob:0.49917 Alpha:0.00005
[MOE_TRACE] Group:0 Prob:0.99755 Alpha:0.00005
[MOE_TRACE] Group:1 Prob:0.49916 Alpha:0.00005
[MOE_TRACE] Group:0 Prob:0.99755 Alpha:0.00005
[MOE_TRACE] Group:1 Prob:0.49916 Alpha:0.00005
[MOE_TRACE] Group:0 Prob:0.99755 Alpha:0.00005
[MOE_TRACE] Group:1 Prob:0.49916 Alpha:0.00005
[MOE_TRACE] Group:0 Prob:0.99755 Alpha:0.00005
[MOE_TRACE] Group:1 Prob:0.49916 Alpha:0.00005
[MOE_TRACE] Group:0 Prob:0.99755 Alpha:0.00005[MOE_TRACE] Group:0 Prob:0.99755 Alpha:0.00005

[MOE_TRACE] Group:1 Prob:0.49917 Alpha:0.00005
[MOE_TRACE] Group:1 Prob:0.49917 Alpha:0.00005
[MOE_TRACE] Group:0 Prob:0.99755 Alpha:0.00005
[MOE_TRACE] Group:1 Prob:0.49917 Alpha:0.00005
[MOE_TRACE] Group:0 Prob:0.99755 Alpha:0.00005
[MOE_TRACE] Group:1 Prob:0.49917 Alpha:0.00005
[MOE_TRACE] Group:0 Prob:0.99755 Alpha:0.00005
[MOE_TRACE] Group:1 Prob:0.49917 Alpha:0.00005
[MOE_TRACE] Group:0 Prob:0.99755 Alpha:0.00005
[MOE_TRACE] Group:1 Prob:0.49917 Alpha:0.00005
[MOE_TRACE] Group:0 Prob:0.99755 Alpha:0.00005
[MOE_TRACE] Group:1 Prob:0.49917 Alpha:0.00005
[MOE_TRACE] Group:0 Prob:0.99755 Alpha:0.00005
[MOE_TRACE] Group:1 Prob:0.49917 Alpha:0.00005
[MOE_TRACE] Group:0 Prob:0.99755 Alpha:0.00005
[MOE_TRACE] Group:1 Prob:0.49916 Alpha:0.00005
[MOE_TRACE] Group:0 Prob:0.99755 Alpha:0.00005
[MOE_TRACE] Group:1 Prob:0.49916 Alpha:0.00005
[MOE_TRACE] Group:0 Prob:0.99755 Alpha:0.00005
[MOE_TRACE] Group:1 Prob:0.49916 Alpha:0.00005
[MOE_TRACE] Group:0 Prob:0.99755 Alpha:0.00005
[MOE_TRACE] Group:1 Prob:0.49916 Alpha:0.00005
[MOE_TRACE] Group:0 Prob:0.99755 Alpha:0.00005
[MOE_TRACE] Group:1 Prob:0.49917 Alpha:0.00005
[MOE_TRACE] Group:0 Prob:0.99755 Alpha:0.00005
[MOE_TRACE] Group:0 Prob:0.99755 Alpha:0.00005
[MOE_TRACE] Group:0 Prob:0.99755 Alpha:0.00005
[MOE_TRACE] Group:1 Prob:0.49917 Alpha:0.00005
[MOE_TRACE] Group:0 Prob:0.99755 Alpha:0.00005
[MOE_TRACE] Group:1 Prob:0.49916 Alpha:0.00005
[MOE_TRACE] Group:0 Prob:0.99755 Alpha:0.00005
[MOE_TRACE] Group:1 Prob:0.49916 Alpha:0.00005
[MOE_TRACE] Group:0 Prob:0.99755 Alpha:0.00005
[MOE_TRACE] Group:1 Prob:0.49916 Alpha:0.00005
[MOE_TRACE] Group:0 Prob:0.99755 Alpha:0.00005
[MOE_TRACE] Group:1 Prob:0.49916 Alpha:0.00005
[MOE_TRACE] Group:0 Prob:0.99755 Alpha:0.00005
[MOE_TRACE] Group:1 Prob:0.49916 Alpha:0.00005
[MOE_TRACE] Group:0 Prob:0.99755 Alpha:0.00005
[MOE_TRACE] Group:1 Prob:0.49916 Alpha:0.00005
[MOE_TRACE] Group:0 Prob:0.99755 Alpha:0.00005
[MOE_TRACE] Group:1 Prob:0.49916 Alpha:0.00005
[MOE_TRACE] Group:0 Prob:0.99755 Alpha:0.00005
[MOE_TRACE] Group:1 Prob:0.49916 Alpha:0.00005
[MOE_TRACE] Group:0 Prob:0.99755 Alpha:0.00005
[MOE_TRACE] Group:1 Prob:0.49916 Alpha:0.00005
[MOE_TRACE] Group:0 Prob:0.99755 Alpha:0.00005
[MOE_TRACE] Group:1 Prob:0.49916 Alpha:0.00005
[MOE_TRACE] Group:0 Prob:0.99755 Alpha:0.00005
[MOE_TRACE] Group:1 Prob:0.49916 Alpha:0.00005
[MOE_TRACE] Group:0 Prob:0.99755 Alpha:0.00005
[MOE_TRACE] Group:1 Prob:0.49916 Alpha:0.00005
[MOE_TRACE] Group:0 Prob:0.99755 Alpha:0.00005
[MOE_TRACE] Group:1 Prob:0.49916 Alpha:0.00005
[MOE_TRACE] Group:0 Prob:0.99755 Alpha:0.00005
[MOE_TRACE] Group:1 Prob:0.49916 Alpha:0.00005
[MOE_TRACE] Group:0 Prob:0.99755 Alpha:0.00005
[MOE_TRACE] Group:1 Prob:0.49916 Alpha:0.00005
[MOE_TRACE] Group:0 Prob:0.99755 Alpha:0.00005
[MOE_TRACE] Group:1 Prob:0.49916 Alpha:0.00005
[MOE_TRACE] Group:0 Prob:0.99755 Alpha:0.00005
[MOE_TRACE] Group:1 Prob:0.49916 Alpha:0.00005
[MOE_TRACE] Group:0 Prob:0.99755 Alpha:0.00005
[MOE_TRACE] Group:1 Prob:0.49916 Alpha:0.00005
[MOE_TRACE] Group:0 Prob:0.99755 Alpha:0.00005
[MOE_TRACE] Group:1 Prob:0.49916 Alpha:0.00005
[MOE_TRACE] Group:0 Prob:0.99755 Alpha:0.00005
[MOE_TRACE] Group:1 Prob:0.49916 Alpha:0.00005
[MOE_TRACE] Group:0 Prob:0.99755 Alpha:0.00005[MOE_TRACE] Group:0 Prob:0.99755 Alpha:0.00005

[MOE_TRACE] Group:1 Prob:0.49916 Alpha:0.00005
[MOE_TRACE] Group:1 Prob:0.49916 Alpha:0.00005
[MOE_TRACE] Group:0 Prob:0.99755 Alpha:0.00005
[MOE_TRACE] Group:1 Prob:0.49916 Alpha:0.00005
[MOE_TRACE] Group:0 Prob:0.99755 Alpha:0.00005
[MOE_TRACE] Group:1 Prob:0.49916 Alpha:0.00005
Epoch: 6 cost time: 33.820984840393066
Epoch: 6, Steps: 147 | Train Loss: 0.4430027 Vali Loss: 0.3020428 Test Loss: 4.0344520
EarlyStopping counter: 3 out of 3
Early stopping
Updating learning rate to 3.125e-06
[MOE_TRACE] Group:0 Prob:0.99755 Alpha:0.00005
[MOE_TRACE] Group:1 Prob:0.49916 Alpha:0.00005
[MOE_TRACE] Group:0 Prob:0.99755 Alpha:0.00005
[MOE_TRACE] Group:1 Prob:0.49916 Alpha:0.00005
[MOE_TRACE] Group:0 Prob:0.99755 Alpha:0.00005
[MOE_TRACE] Group:1 Prob:0.49916 Alpha:0.00005
[MOE_TRACE] Group:0 Prob:0.99755 Alpha:0.00005
[MOE_TRACE] Group:1 Prob:0.49916 Alpha:0.00005
[MOE_TRACE] Group:0 Prob:0.99755 Alpha:0.00005
[MOE_TRACE] Group:1 Prob:0.49916 Alpha:0.00005
[MOE_TRACE] Group:0 Prob:0.99755 Alpha:0.00005
[MOE_TRACE] Group:1 Prob:0.49916 Alpha:0.00005
[MOE_TRACE] Group:0 Prob:0.99755 Alpha:0.00005
[MOE_TRACE] Group:1 Prob:0.49916 Alpha:0.00005
[MOE_TRACE] Group:0 Prob:0.99755 Alpha:0.00005
[MOE_TRACE] Group:1 Prob:0.49916 Alpha:0.00005
[MOE_TRACE] Group:0 Prob:0.99755 Alpha:0.00005
[MOE_TRACE] Group:1 Prob:0.49916 Alpha:0.00005
[MOE_TRACE] Group:0 Prob:0.99755 Alpha:0.00005
[MOE_TRACE] Group:1 Prob:0.49916 Alpha:0.00005
[MOE_TRACE] Group:0 Prob:0.99755 Alpha:0.00005
[MOE_TRACE] Group:1 Prob:0.49916 Alpha:0.00005
[MOE_TRACE] Group:0 Prob:0.99755 Alpha:0.00005
[MOE_TRACE] Group:1 Prob:0.49916 Alpha:0.00005
[MOE_TRACE] Group:0 Prob:0.99755 Alpha:0.00005
[MOE_TRACE] Group:1 Prob:0.49916 Alpha:0.00005
[MOE_TRACE] Group:0 Prob:0.99755 Alpha:0.00005
[MOE_TRACE] Group:1 Prob:0.49916 Alpha:0.00005
[MOE_TRACE] Group:0 Prob:0.99755 Alpha:0.00005
[MOE_TRACE] Group:1 Prob:0.49916 Alpha:0.00005
[MOE_TRACE] Group:0 Prob:0.99755 Alpha:0.00005
[MOE_TRACE] Group:1 Prob:0.49916 Alpha:0.00005
[MOE_TRACE] Group:0 Prob:0.99755 Alpha:0.00005
[MOE_TRACE] Group:1 Prob:0.49916 Alpha:0.00005
[MOE_TRACE] Group:0 Prob:0.99755 Alpha:0.00005
[MOE_TRACE] Group:1 Prob:0.49916 Alpha:0.00005
[MOE_TRACE] Group:0 Prob:0.99755 Alpha:0.00005
[MOE_TRACE] Group:1 Prob:0.49916 Alpha:0.00005
[MOE_TRACE] Group:0 Prob:0.99755 Alpha:0.00005
[MOE_TRACE] Group:1 Prob:0.49916 Alpha:0.00005
[MOE_TRACE] Group:0 Prob:0.99755 Alpha:0.00005
[MOE_TRACE] Group:1 Prob:0.49916 Alpha:0.00005
[MOE_TRACE] Group:0 Prob:0.99755 Alpha:0.00005
[MOE_TRACE] Group:1 Prob:0.49916 Alpha:0.00005
[MOE_TRACE] Group:0 Prob:0.99755 Alpha:0.00005
[MOE_TRACE] Group:1 Prob:0.49916 Alpha:0.00005
[MOE_TRACE] Group:0 Prob:0.99755 Alpha:0.00005
[MOE_TRACE] Group:1 Prob:0.49916 Alpha:0.00005
[MOE_TRACE] Group:0 Prob:0.99755 Alpha:0.00005
[MOE_TRACE] Group:1 Prob:0.49916 Alpha:0.00005
[MOE_TRACE] Group:0 Prob:0.99755 Alpha:0.00005
[MOE_TRACE] Group:1 Prob:0.49916 Alpha:0.00005
[MOE_TRACE] Group:0 Prob:0.99755 Alpha:0.00005
[MOE_TRACE] Group:1 Prob:0.49916 Alpha:0.00005
[MOE_TRACE] Group:0 Prob:0.99755 Alpha:0.00005
[MOE_TRACE] Group:1 Prob:0.49916 Alpha:0.00005
[MOE_TRACE] Group:0 Prob:0.99755 Alpha:0.00005
[MOE_TRACE] Group:1 Prob:0.49916 Alpha:0.00005
[MOE_TRACE] Group:0 Prob:0.99755 Alpha:0.00005
[MOE_TRACE] Group:1 Prob:0.49916 Alpha:0.00005
[MOE_TRACE] Group:0 Prob:0.99755 Alpha:0.00005
[MOE_TRACE] Group:1 Prob:0.49916 Alpha:0.00005
[MOE_TRACE] Group:0 Prob:0.99755 Alpha:0.00005
[MOE_TRACE] Group:1 Prob:0.49916 Alpha:0.00005
[MOE_TRACE] Group:0 Prob:0.99755 Alpha:0.00005
[MOE_TRACE] Group:1 Prob:0.49916 Alpha:0.00005
[MOE_TRACE] Group:0 Prob:0.99755 Alpha:0.00005
[MOE_TRACE] Group:1 Prob:0.49916 Alpha:0.00005
[MOE_TRACE] Group:0 Prob:0.99755 Alpha:0.00005
[MOE_TRACE] Group:1 Prob:0.49916 Alpha:0.00005
[MOE_TRACE] Group:0 Prob:0.99755 Alpha:0.00005
[MOE_TRACE] Group:1 Prob:0.49916 Alpha:0.00005
[MOE_TRACE] Group:0 Prob:0.99755 Alpha:0.00005
[MOE_TRACE] Group:1 Prob:0.49916 Alpha:0.00005
[MOE_TRACE] Group:0 Prob:0.99755 Alpha:0.00005
[MOE_TRACE] Group:1 Prob:0.49916 Alpha:0.00005
[MOE_TRACE] Group:0 Prob:0.99755 Alpha:0.00005
[MOE_TRACE] Group:1 Prob:0.49916 Alpha:0.00005
[MOE_TRACE] Group:0 Prob:0.99755 Alpha:0.00005
[MOE_TRACE] Group:1 Prob:0.49916 Alpha:0.00005
[MOE_TRACE] Group:0 Prob:0.99755 Alpha:0.00005
[MOE_TRACE] Group:1 Prob:0.49916 Alpha:0.00005
[MOE_TRACE] Group:0 Prob:0.99755 Alpha:0.00005
[MOE_TRACE] Group:1 Prob:0.49916 Alpha:0.00005
[MOE_TRACE] Group:0 Prob:0.99755 Alpha:0.00005
[MOE_TRACE] Group:1 Prob:0.49916 Alpha:0.00005
[MOE_TRACE] Group:0 Prob:0.99755 Alpha:0.00005
[MOE_TRACE] Group:1 Prob:0.49916 Alpha:0.00005
[MOE_TRACE] Group:0 Prob:0.99755 Alpha:0.00005
[MOE_TRACE] Group:1 Prob:0.49916 Alpha:0.00005
[MOE_TRACE] Group:0 Prob:0.99755 Alpha:0.00005
[MOE_TRACE] Group:1 Prob:0.49916 Alpha:0.00005
[MOE_TRACE] Group:0 Prob:0.99755 Alpha:0.00005
[MOE_TRACE] Group:1 Prob:0.49916 Alpha:0.00005
[MOE_TRACE] Group:0 Prob:0.99755 Alpha:0.00005
[MOE_TRACE] Group:1 Prob:0.49916 Alpha:0.00005
[MOE_TRACE] Group:0 Prob:0.99755 Alpha:0.00005
[MOE_TRACE] Group:1 Prob:0.49916 Alpha:0.00005
[MOE_TRACE] Group:0 Prob:0.99755 Alpha:0.00005
[MOE_TRACE] Group:1 Prob:0.49916 Alpha:0.00005
[MOE_TRACE] Group:0 Prob:0.99755 Alpha:0.00005
[MOE_TRACE] Group:1 Prob:0.49916 Alpha:0.00005
[MOE_TRACE] Group:0 Prob:0.99755 Alpha:0.00005
[MOE_TRACE] Group:1 Prob:0.49916 Alpha:0.00005
[MOE_TRACE] Group:0 Prob:0.99755 Alpha:0.00005
[MOE_TRACE] Group:1 Prob:0.49916 Alpha:0.00005
[MOE_TRACE] Group:0 Prob:0.99755 Alpha:0.00005
[MOE_TRACE] Group:1 Prob:0.49916 Alpha:0.00005
[MOE_TRACE] Group:0 Prob:0.99755 Alpha:0.00005
[MOE_TRACE] Group:1 Prob:0.49916 Alpha:0.00005
[MOE_TRACE] Group:0 Prob:0.99755 Alpha:0.00005
[MOE_TRACE] Group:1 Prob:0.49916 Alpha:0.00005
[MOE_TRACE] Group:0 Prob:0.99755 Alpha:0.00005
[MOE_TRACE] Group:1 Prob:0.49916 Alpha:0.00005
[MOE_TRACE] Group:0 Prob:0.99755 Alpha:0.00005
[MOE_TRACE] Group:1 Prob:0.49916 Alpha:0.00005
[MOE_TRACE] Group:0 Prob:0.99755 Alpha:0.00005
[MOE_TRACE] Group:1 Prob:0.49916 Alpha:0.00005
[MOE_TRACE] Group:0 Prob:0.99755 Alpha:0.00005
[MOE_TRACE] Group:1 Prob:0.49916 Alpha:0.00005
[MOE_TRACE] Group:0 Prob:0.99755 Alpha:0.00005
[MOE_TRACE] Group:1 Prob:0.49916 Alpha:0.00005
[MOE_TRACE] Group:0 Prob:0.99755 Alpha:0.00005
[MOE_TRACE] Group:1 Prob:0.49916 Alpha:0.00005
[MOE_TRACE] Group:0 Prob:0.99755 Alpha:0.00005
[MOE_TRACE] Group:1 Prob:0.49916 Alpha:0.00005
[MOE_TRACE] Group:0 Prob:0.99755 Alpha:0.00005
[MOE_TRACE] Group:1 Prob:0.49916 Alpha:0.00005
[MOE_TRACE] Group:0 Prob:0.99755 Alpha:0.00005
[MOE_TRACE] Group:1 Prob:0.49916 Alpha:0.00005
[MOE_TRACE] Group:0 Prob:0.99755 Alpha:0.00005
[MOE_TRACE] Group:1 Prob:0.49916 Alpha:0.00005
[MOE_TRACE] Group:0 Prob:0.99755 Alpha:0.00005
[MOE_TRACE] Group:0 Prob:0.99755 Alpha:0.00005[MOE_TRACE] Group:1 Prob:0.49916 Alpha:0.00005

[MOE_TRACE] Group:1 Prob:0.49916 Alpha:0.00005
[MOE_TRACE] Group:0 Prob:0.99755 Alpha:0.00005
[MOE_TRACE] Group:1 Prob:0.49916 Alpha:0.00005
[MOE_TRACE] Group:0 Prob:0.99755 Alpha:0.00005
[MOE_TRACE] Group:1 Prob:0.49916 Alpha:0.00005
[MOE_TRACE] Group:0 Prob:0.99755 Alpha:0.00005
[MOE_TRACE] Group:1 Prob:0.49916 Alpha:0.00005
[MOE_TRACE] Group:0 Prob:0.99755 Alpha:0.00005
[MOE_TRACE] Group:1 Prob:0.49916 Alpha:0.00005
[MOE_TRACE] Group:0 Prob:0.99755 Alpha:0.00005
[MOE_TRACE] Group:1 Prob:0.49916 Alpha:0.00005
[MOE_TRACE] Group:0 Prob:0.99755 Alpha:0.00005
[MOE_TRACE] Group:1 Prob:0.49916 Alpha:0.00005
[MOE_TRACE] Group:0 Prob:0.99755 Alpha:0.00005
[MOE_TRACE] Group:1 Prob:0.49916 Alpha:0.00005
[MOE_TRACE] Group:0 Prob:0.99755 Alpha:0.00005
[MOE_TRACE] Group:1 Prob:0.49916 Alpha:0.00005
[MOE_TRACE] Group:0 Prob:0.99755 Alpha:0.00005
[MOE_TRACE] Group:1 Prob:0.49916 Alpha:0.00005
[MOE_TRACE] Group:0 Prob:0.99755 Alpha:0.00005
[MOE_TRACE] Group:1 Prob:0.49916 Alpha:0.00005
[MOE_TRACE] Group:0 Prob:0.99755 Alpha:0.00005
[MOE_TRACE] Group:1 Prob:0.49916 Alpha:0.00005
[MOE_TRACE] Group:0 Prob:0.99755 Alpha:0.00005
[MOE_TRACE] Group:1 Prob:0.49916 Alpha:0.00005
[MOE_TRACE] Group:0 Prob:0.99755 Alpha:0.00005
[MOE_TRACE] Group:1 Prob:0.49916 Alpha:0.00005
[MOE_TRACE] Group:0 Prob:0.99755 Alpha:0.00005
[MOE_TRACE] Group:0 Prob:0.99755 Alpha:0.00005
[MOE_TRACE] Group:1 Prob:0.49916 Alpha:0.00005
[MOE_TRACE] Group:1 Prob:0.49916 Alpha:0.00005
[MOE_TRACE] Group:0 Prob:0.99755 Alpha:0.00005
[MOE_TRACE] Group:1 Prob:0.49916 Alpha:0.00005
[MOE_TRACE] Group:0 Prob:0.99755 Alpha:0.00005
[MOE_TRACE] Group:1 Prob:0.49916 Alpha:0.00005
[MOE_TRACE] Group:0 Prob:0.99755 Alpha:0.00005
[MOE_TRACE] Group:1 Prob:0.49916 Alpha:0.00005
[MOE_TRACE] Group:0 Prob:0.99755 Alpha:0.00005
[MOE_TRACE] Group:1 Prob:0.49916 Alpha:0.00005
[MOE_TRACE] Group:0 Prob:0.99755 Alpha:0.00005
[MOE_TRACE] Group:1 Prob:0.49916 Alpha:0.00005
[MOE_TRACE] Group:0 Prob:0.99755 Alpha:0.00005
[MOE_TRACE] Group:1 Prob:0.49916 Alpha:0.00005
[MOE_TRACE] Group:0 Prob:0.99755 Alpha:0.00005
[MOE_TRACE] Group:1 Prob:0.49916 Alpha:0.00005
[MOE_TRACE] Group:0 Prob:0.99755 Alpha:0.00005
[MOE_TRACE] Group:1 Prob:0.49916 Alpha:0.00005
[MOE_TRACE] Group:0 Prob:0.99755 Alpha:0.00005
[MOE_TRACE] Group:1 Prob:0.49916 Alpha:0.00005
[MOE_TRACE] Group:0 Prob:0.99755 Alpha:0.00005
[MOE_TRACE] Group:1 Prob:0.49916 Alpha:0.00005
[MOE_TRACE] Group:0 Prob:0.99755 Alpha:0.00005
[MOE_TRACE] Group:1 Prob:0.49916 Alpha:0.00005
[MOE_TRACE] Group:0 Prob:0.99755 Alpha:0.00005
[MOE_TRACE] Group:1 Prob:0.49916 Alpha:0.00005
[MOE_TRACE] Group:0 Prob:0.99755 Alpha:0.00005
[MOE_TRACE] Group:1 Prob:0.49916 Alpha:0.00005
[MOE_TRACE] Group:0 Prob:0.99755 Alpha:0.00005
[MOE_TRACE] Group:1 Prob:0.49916 Alpha:0.00005
[MOE_TRACE] Group:0 Prob:0.99755 Alpha:0.00005
[MOE_TRACE] Group:1 Prob:0.49916 Alpha:0.00005
[MOE_TRACE] Group:0 Prob:0.99755 Alpha:0.00005
[MOE_TRACE] Group:1 Prob:0.49916 Alpha:0.00005
[MOE_TRACE] Group:0 Prob:0.99755 Alpha:0.00005
[MOE_TRACE] Group:1 Prob:0.49916 Alpha:0.00005
[MOE_TRACE] Group:0 Prob:0.99755 Alpha:0.00005
[MOE_TRACE] Group:1 Prob:0.49916 Alpha:0.00005
[MOE_TRACE] Group:0 Prob:0.99755 Alpha:0.00005
[MOE_TRACE] Group:1 Prob:0.49916 Alpha:0.00005
[MOE_TRACE] Group:0 Prob:0.99755 Alpha:0.00005
[MOE_TRACE] Group:0 Prob:0.99755 Alpha:0.00005[MOE_TRACE] Group:1 Prob:0.49916 Alpha:0.00005

[MOE_TRACE] Group:1 Prob:0.49916 Alpha:0.00005
[MOE_TRACE] Group:0 Prob:0.99755 Alpha:0.00005
[MOE_TRACE] Group:1 Prob:0.49915 Alpha:0.00005
[MOE_TRACE] Group:0 Prob:0.99755 Alpha:0.00005
[MOE_TRACE] Group:1 Prob:0.49915 Alpha:0.00005
[MOE_TRACE] Group:0 Prob:0.99755 Alpha:0.00005
[MOE_TRACE] Group:1 Prob:0.49915 Alpha:0.00005
[MOE_TRACE] Group:0 Prob:0.99755 Alpha:0.00005
[MOE_TRACE] Group:1 Prob:0.49915 Alpha:0.00005
[MOE_TRACE] Group:0 Prob:0.99755 Alpha:0.00005
[MOE_TRACE] Group:1 Prob:0.49916 Alpha:0.00005
[MOE_TRACE] Group:0 Prob:0.99755 Alpha:0.00005
[MOE_TRACE] Group:1 Prob:0.49916 Alpha:0.00005
[MOE_TRACE] Group:0 Prob:0.99755 Alpha:0.00005
[MOE_TRACE] Group:1 Prob:0.49916 Alpha:0.00005
[MOE_TRACE] Group:0 Prob:0.99755 Alpha:0.00005
[MOE_TRACE] Group:1 Prob:0.49916 Alpha:0.00005
[MOE_TRACE] Group:0 Prob:0.99755 Alpha:0.00005
[MOE_TRACE] Group:1 Prob:0.49915 Alpha:0.00005
[MOE_TRACE] Group:0 Prob:0.99755 Alpha:0.00005
[MOE_TRACE] Group:1 Prob:0.49915 Alpha:0.00005
[MOE_TRACE] Group:0 Prob:0.99755 Alpha:0.00005
[MOE_TRACE] Group:1 Prob:0.49915 Alpha:0.00005
[MOE_TRACE] Group:0 Prob:0.99755 Alpha:0.00005
[MOE_TRACE] Group:1 Prob:0.49915 Alpha:0.00005
[MOE_TRACE] Group:0 Prob:0.99755 Alpha:0.00005
[MOE_TRACE] Group:1 Prob:0.49916 Alpha:0.00005
[MOE_TRACE] Group:0 Prob:0.99755 Alpha:0.00005
[MOE_TRACE] Group:1 Prob:0.49916 Alpha:0.00005
[MOE_TRACE] Group:0 Prob:0.99755 Alpha:0.00005
[MOE_TRACE] Group:1 Prob:0.49916 Alpha:0.00005
[MOE_TRACE] Group:0 Prob:0.99755 Alpha:0.00005
[MOE_TRACE] Group:1 Prob:0.49916 Alpha:0.00005
[MOE_TRACE] Group:0 Prob:0.99755 Alpha:0.00005
[MOE_TRACE] Group:1 Prob:0.49916 Alpha:0.00005
[MOE_TRACE] Group:0 Prob:0.99755 Alpha:0.00005
[MOE_TRACE] Group:0 Prob:0.99755 Alpha:0.00005[MOE_TRACE] Group:1 Prob:0.49916 Alpha:0.00005

[MOE_TRACE] Group:1 Prob:0.49916 Alpha:0.00005
[MOE_TRACE] Group:0 Prob:0.99755 Alpha:0.00005
[MOE_TRACE] Group:1 Prob:0.49916 Alpha:0.00005
[MOE_TRACE] Group:0 Prob:0.99755 Alpha:0.00005
[MOE_TRACE] Group:1 Prob:0.49916 Alpha:0.00005
[MOE_TRACE] Group:0 Prob:0.99755 Alpha:0.00005
[MOE_TRACE] Group:1 Prob:0.49916 Alpha:0.00005
[MOE_TRACE] Group:0 Prob:0.99755 Alpha:0.00005
[MOE_TRACE] Group:1 Prob:0.49916 Alpha:0.00005
[MOE_TRACE] Group:0 Prob:0.99755 Alpha:0.00005
[MOE_TRACE] Group:1 Prob:0.49916 Alpha:0.00005
[MOE_TRACE] Group:0 Prob:0.99755 Alpha:0.00005
[MOE_TRACE] Group:1 Prob:0.49916 Alpha:0.00005
[MOE_TRACE] Group:0 Prob:0.99755 Alpha:0.00005
[MOE_TRACE] Group:1 Prob:0.49916 Alpha:0.00005
[MOE_TRACE] Group:0 Prob:0.99755 Alpha:0.00005
[MOE_TRACE] Group:1 Prob:0.49916 Alpha:0.00005
[MOE_TRACE] Group:0 Prob:0.99755 Alpha:0.00005
[MOE_TRACE] Group:1 Prob:0.49916 Alpha:0.00005
[MOE_TRACE] Group:0 Prob:0.99755 Alpha:0.00005
[MOE_TRACE] Group:1 Prob:0.49916 Alpha:0.00005
[MOE_TRACE] Group:0 Prob:0.99755 Alpha:0.00005
[MOE_TRACE] Group:1 Prob:0.49916 Alpha:0.00005
[MOE_TRACE] Group:0 Prob:0.99755 Alpha:0.00005
[MOE_TRACE] Group:1 Prob:0.49916 Alpha:0.00005
[MOE_TRACE] Group:0 Prob:0.99755 Alpha:0.00005
[MOE_TRACE] Group:1 Prob:0.49916 Alpha:0.00005
[MOE_TRACE] Group:0 Prob:0.99755 Alpha:0.00005
[MOE_TRACE] Group:1 Prob:0.49916 Alpha:0.00005
[MOE_TRACE] Group:0 Prob:0.99755 Alpha:0.00005
[MOE_TRACE] Group:1 Prob:0.49916 Alpha:0.00005
[MOE_TRACE] Group:0 Prob:0.99755 Alpha:0.00005
[MOE_TRACE] Group:1 Prob:0.49916 Alpha:0.00005
[MOE_TRACE] Group:0 Prob:0.99755 Alpha:0.00005
[MOE_TRACE] Group:1 Prob:0.49916 Alpha:0.00005
[MOE_TRACE] Group:0 Prob:0.99755 Alpha:0.00005
[MOE_TRACE] Group:1 Prob:0.49915 Alpha:0.00005
[MOE_TRACE] Group:0 Prob:0.99755 Alpha:0.00005
[MOE_TRACE] Group:0 Prob:0.99755 Alpha:0.00005
[MOE_TRACE] Group:1 Prob:0.49915 Alpha:0.00005
[MOE_TRACE] Group:1 Prob:0.49915 Alpha:0.00005
[MOE_TRACE] Group:0 Prob:0.99755 Alpha:0.00005
[MOE_TRACE] Group:1 Prob:0.49915 Alpha:0.00005
[MOE_TRACE] Group:0 Prob:0.99755 Alpha:0.00005
[MOE_TRACE] Group:1 Prob:0.49915 Alpha:0.00005
[MOE_TRACE] Group:0 Prob:0.99755 Alpha:0.00005
[MOE_TRACE] Group:1 Prob:0.49915 Alpha:0.00005
[MOE_TRACE] Group:0 Prob:0.99755 Alpha:0.00005
[MOE_TRACE] Group:1 Prob:0.49915 Alpha:0.00005
[MOE_TRACE] Group:0 Prob:0.99755 Alpha:0.00005
[MOE_TRACE] Group:1 Prob:0.49915 Alpha:0.00005
[MOE_TRACE] Group:0 Prob:0.99755 Alpha:0.00005
[MOE_TRACE] Group:1 Prob:0.49916 Alpha:0.00005
[MOE_TRACE] Group:0 Prob:0.99755 Alpha:0.00005
[MOE_TRACE] Group:1 Prob:0.49916 Alpha:0.00005
[MOE_TRACE] Group:0 Prob:0.99755 Alpha:0.00005
[MOE_TRACE] Group:1 Prob:0.49916 Alpha:0.00005
[MOE_TRACE] Group:0 Prob:0.99755 Alpha:0.00005
[MOE_TRACE] Group:1 Prob:0.49916 Alpha:0.00005
[MOE_TRACE] Group:0 Prob:0.99755 Alpha:0.00005
[MOE_TRACE] Group:1 Prob:0.49916 Alpha:0.00005
[MOE_TRACE] Group:0 Prob:0.99755 Alpha:0.00005
[MOE_TRACE] Group:1 Prob:0.49916 Alpha:0.00005
[MOE_TRACE] Group:0 Prob:0.99755 Alpha:0.00005
[MOE_TRACE] Group:1 Prob:0.49916 Alpha:0.00005
[MOE_TRACE] Group:0 Prob:0.99755 Alpha:0.00005
[MOE_TRACE] Group:1 Prob:0.49916 Alpha:0.00005
[MOE_TRACE] Group:0 Prob:0.99755 Alpha:0.00005
[MOE_TRACE] Group:1 Prob:0.49916 Alpha:0.00005
[MOE_TRACE] Group:0 Prob:0.99755 Alpha:0.00005
[MOE_TRACE] Group:1 Prob:0.49916 Alpha:0.00005
[MOE_TRACE] Group:0 Prob:0.99755 Alpha:0.00005
[MOE_TRACE] Group:1 Prob:0.49916 Alpha:0.00005
[MOE_TRACE] Group:0 Prob:0.99755 Alpha:0.00005
[MOE_TRACE] Group:1 Prob:0.49916 Alpha:0.00005
[MOE_TRACE] Group:0 Prob:0.99755 Alpha:0.00005
[MOE_TRACE] Group:1 Prob:0.49916 Alpha:0.00005
[MOE_TRACE] Group:0 Prob:0.99755 Alpha:0.00005
[MOE_TRACE] Group:1 Prob:0.49916 Alpha:0.00005
[MOE_TRACE] Group:0 Prob:0.99755 Alpha:0.00005
[MOE_TRACE] Group:1 Prob:0.49916 Alpha:0.00005
[MOE_TRACE] Group:0 Prob:0.99755 Alpha:0.00005
[MOE_TRACE] Group:1 Prob:0.49916 Alpha:0.00005
[MOE_TRACE] Group:1 Prob:0.49916 Alpha:0.00005
[MOE_TRACE] Group:0 Prob:0.99755 Alpha:0.00005
[MOE_TRACE] Group:1 Prob:0.49916 Alpha:0.00005
[MOE_TRACE] Group:0 Prob:0.99755 Alpha:0.00005
[MOE_TRACE] Group:1 Prob:0.49916 Alpha:0.00005
[MOE_TRACE] Group:0 Prob:0.99755 Alpha:0.00005
[MOE_TRACE] Group:1 Prob:0.49916 Alpha:0.00005
[MOE_TRACE] Group:0 Prob:0.99755 Alpha:0.00005
[MOE_TRACE] Group:1 Prob:0.49916 Alpha:0.00005
[MOE_TRACE] Group:0 Prob:0.99755 Alpha:0.00005
[MOE_TRACE] Group:1 Prob:0.49916 Alpha:0.00005
[MOE_TRACE] Group:0 Prob:0.99755 Alpha:0.00005
[MOE_TRACE] Group:1 Prob:0.49916 Alpha:0.00005
[MOE_TRACE] Group:0 Prob:0.99755 Alpha:0.00005
[MOE_TRACE] Group:1 Prob:0.49916 Alpha:0.00005
[MOE_TRACE] Group:0 Prob:0.99755 Alpha:0.00005
[MOE_TRACE] Group:1 Prob:0.49916 Alpha:0.00005
[MOE_TRACE] Group:0 Prob:0.99755 Alpha:0.00005
[MOE_TRACE] Group:1 Prob:0.49916 Alpha:0.00005
[MOE_TRACE] Group:0 Prob:0.99755 Alpha:0.00005
[MOE_TRACE] Group:1 Prob:0.49916 Alpha:0.00005
[MOE_TRACE] Group:0 Prob:0.99755 Alpha:0.00005
[MOE_TRACE] Group:1 Prob:0.49916 Alpha:0.00005
[MOE_TRACE] Group:0 Prob:0.99755 Alpha:0.00005
[MOE_TRACE] Group:1 Prob:0.49916 Alpha:0.00005
[MOE_TRACE] Group:0 Prob:0.99755 Alpha:0.00005
[MOE_TRACE] Group:1 Prob:0.49916 Alpha:0.00005
[MOE_TRACE] Group:0 Prob:0.99755 Alpha:0.00005
[MOE_TRACE] Group:1 Prob:0.49916 Alpha:0.00005
[MOE_TRACE] Group:0 Prob:0.99755 Alpha:0.00005
[MOE_TRACE] Group:1 Prob:0.49916 Alpha:0.00005
[MOE_TRACE] Group:0 Prob:0.99755 Alpha:0.00005
[MOE_TRACE] Group:1 Prob:0.49916 Alpha:0.00005
[MOE_TRACE] Group:0 Prob:0.99755 Alpha:0.00005
[MOE_TRACE] Group:1 Prob:0.49916 Alpha:0.00005
[MOE_TRACE] Group:0 Prob:0.99755 Alpha:0.00005
[MOE_TRACE] Group:1 Prob:0.49916 Alpha:0.00005
[MOE_TRACE] Group:0 Prob:0.99755 Alpha:0.00005
[MOE_TRACE] Group:1 Prob:0.49916 Alpha:0.00005
[MOE_TRACE] Group:0 Prob:0.99755 Alpha:0.00005
[MOE_TRACE] Group:1 Prob:0.49916 Alpha:0.00005
[MOE_TRACE] Group:0 Prob:0.99755 Alpha:0.00005
[MOE_TRACE] Group:1 Prob:0.49916 Alpha:0.00005
[MOE_TRACE] Group:0 Prob:0.99755 Alpha:0.00005
[MOE_TRACE] Group:1 Prob:0.49916 Alpha:0.00005
[MOE_TRACE] Group:0 Prob:0.99755 Alpha:0.00005
[MOE_TRACE] Group:1 Prob:0.49916 Alpha:0.00005
[MOE_TRACE] Group:0 Prob:0.99755 Alpha:0.00005
[MOE_TRACE] Group:1 Prob:0.49916 Alpha:0.00005
[MOE_TRACE] Group:0 Prob:0.99755 Alpha:0.00005
[MOE_TRACE] Group:1 Prob:0.49916 Alpha:0.00005
[MOE_TRACE] Group:0 Prob:0.99755 Alpha:0.00005
[MOE_TRACE] Group:1 Prob:0.49916 Alpha:0.00005
[MOE_TRACE] Group:0 Prob:0.99755 Alpha:0.00005
[MOE_TRACE] Group:1 Prob:0.49916 Alpha:0.00005
[MOE_TRACE] Group:0 Prob:0.99755 Alpha:0.00005
[MOE_TRACE] Group:1 Prob:0.49916 Alpha:0.00005
[MOE_TRACE] Group:0 Prob:0.99755 Alpha:0.00005
[MOE_TRACE] Group:1 Prob:0.49916 Alpha:0.00005
[MOE_TRACE] Group:0 Prob:0.99755 Alpha:0.00005
[MOE_TRACE] Group:1 Prob:0.49916 Alpha:0.00005
[MOE_TRACE] Group:0 Prob:0.99755 Alpha:0.00005
[MOE_TRACE] Group:1 Prob:0.49916 Alpha:0.00005
[MOE_TRACE] Group:0 Prob:0.99755 Alpha:0.00005
[MOE_TRACE] Group:1 Prob:0.49916 Alpha:0.00005
[MOE_TRACE] Group:0 Prob:0.99755 Alpha:0.00005
[MOE_TRACE] Group:1 Prob:0.49916 Alpha:0.00005
[MOE_TRACE] Group:0 Prob:0.99755 Alpha:0.00005
[MOE_TRACE] Group:1 Prob:0.49916 Alpha:0.00005
[MOE_TRACE] Group:0 Prob:0.99755 Alpha:0.00005
[MOE_TRACE] Group:1 Prob:0.49916 Alpha:0.00005
[MOE_TRACE] Group:0 Prob:0.99755 Alpha:0.00005
[MOE_TRACE] Group:1 Prob:0.49916 Alpha:0.00005
[MOE_TRACE] Group:0 Prob:0.99755 Alpha:0.00005
[MOE_TRACE] Group:1 Prob:0.49916 Alpha:0.00005
[MOE_TRACE] Group:0 Prob:0.99755 Alpha:0.00005
[MOE_TRACE] Group:1 Prob:0.49916 Alpha:0.00005
[MOE_TRACE] Group:0 Prob:0.99755 Alpha:0.00005
[MOE_TRACE] Group:1 Prob:0.49916 Alpha:0.00005
[MOE_TRACE] Group:0 Prob:0.99755 Alpha:0.00005[MOE_TRACE] Group:0 Prob:0.99755 Alpha:0.00005

[MOE_TRACE] Group:1 Prob:0.49916 Alpha:0.00005
[MOE_TRACE] Group:1 Prob:0.49916 Alpha:0.00005
[MOE_TRACE] Group:0 Prob:0.99755 Alpha:0.00005
[MOE_TRACE] Group:1 Prob:0.49916 Alpha:0.00005
[MOE_TRACE] Group:0 Prob:0.99755 Alpha:0.00005
[MOE_TRACE] Group:1 Prob:0.49916 Alpha:0.00005
[MOE_TRACE] Group:0 Prob:0.99755 Alpha:0.00005
[MOE_TRACE] Group:1 Prob:0.49916 Alpha:0.00005
[MOE_TRACE] Group:0 Prob:0.99755 Alpha:0.00005
[MOE_TRACE] Group:1 Prob:0.49916 Alpha:0.00005
[MOE_TRACE] Group:0 Prob:0.99755 Alpha:0.00005
[MOE_TRACE] Group:1 Prob:0.49916 Alpha:0.00005
[MOE_TRACE] Group:0 Prob:0.99755 Alpha:0.00005
[MOE_TRACE] Group:1 Prob:0.49916 Alpha:0.00005
[MOE_TRACE] Group:0 Prob:0.99755 Alpha:0.00005
[MOE_TRACE] Group:1 Prob:0.49916 Alpha:0.00005
[MOE_TRACE] Group:0 Prob:0.99755 Alpha:0.00005
[MOE_TRACE] Group:1 Prob:0.49916 Alpha:0.00005
[MOE_TRACE] Group:0 Prob:0.99755 Alpha:0.00005
[MOE_TRACE] Group:1 Prob:0.49916 Alpha:0.00005
[MOE_TRACE] Group:0 Prob:0.99755 Alpha:0.00005
[MOE_TRACE] Group:1 Prob:0.49916 Alpha:0.00005
[MOE_TRACE] Group:0 Prob:0.99755 Alpha:0.00005
[MOE_TRACE] Group:1 Prob:0.49916 Alpha:0.00005
[MOE_TRACE] Group:0 Prob:0.99755 Alpha:0.00005
[MOE_TRACE] Group:1 Prob:0.49916 Alpha:0.00005
[MOE_TRACE] Group:0 Prob:0.99755 Alpha:0.00005
[MOE_TRACE] Group:1 Prob:0.49916 Alpha:0.00005
[MOE_TRACE] Group:0 Prob:0.99755 Alpha:0.00005
[MOE_TRACE] Group:1 Prob:0.49916 Alpha:0.00005
[MOE_TRACE] Group:0 Prob:0.99755 Alpha:0.00005
[MOE_TRACE] Group:1 Prob:0.49916 Alpha:0.00005
[MOE_TRACE] Group:0 Prob:0.99755 Alpha:0.00005
[MOE_TRACE] Group:1 Prob:0.49916 Alpha:0.00005
[MOE_TRACE] Group:0 Prob:0.99755 Alpha:0.00005
[MOE_TRACE] Group:1 Prob:0.49916 Alpha:0.00005
[MOE_TRACE] Group:0 Prob:0.99755 Alpha:0.00005
[MOE_TRACE] Group:1 Prob:0.49916 Alpha:0.00005
[MOE_TRACE] Group:0 Prob:0.99755 Alpha:0.00005
[MOE_TRACE] Group:1 Prob:0.49916 Alpha:0.00005
[MOE_TRACE] Group:0 Prob:0.99755 Alpha:0.00005
[MOE_TRACE] Group:1 Prob:0.49916 Alpha:0.00005
[MOE_TRACE] Group:0 Prob:0.99755 Alpha:0.00005
[MOE_TRACE] Group:1 Prob:0.49916 Alpha:0.00005
[MOE_TRACE] Group:0 Prob:0.99755 Alpha:0.00005
[MOE_TRACE] Group:1 Prob:0.49916 Alpha:0.00005
[MOE_TRACE] Group:0 Prob:0.99755 Alpha:0.00005
[MOE_TRACE] Group:1 Prob:0.49916 Alpha:0.00005
[MOE_TRACE] Group:0 Prob:0.99755 Alpha:0.00005
[MOE_TRACE] Group:1 Prob:0.49916 Alpha:0.00005
[MOE_TRACE] Group:0 Prob:0.99755 Alpha:0.00005
[MOE_TRACE] Group:1 Prob:0.49916 Alpha:0.00005
[MOE_TRACE] Group:0 Prob:0.99755 Alpha:0.00005
[MOE_TRACE] Group:1 Prob:0.49916 Alpha:0.00005
[MOE_TRACE] Group:0 Prob:0.99755 Alpha:0.00005
[MOE_TRACE] Group:1 Prob:0.49916 Alpha:0.00005
[MOE_TRACE] Group:0 Prob:0.99755 Alpha:0.00005
[MOE_TRACE] Group:1 Prob:0.49916 Alpha:0.00005
[MOE_TRACE] Group:0 Prob:0.99755 Alpha:0.00005
[MOE_TRACE] Group:1 Prob:0.49916 Alpha:0.00005
[MOE_TRACE] Group:0 Prob:0.99755 Alpha:0.00005
[MOE_TRACE] Group:1 Prob:0.49916 Alpha:0.00005
[MOE_TRACE] Group:0 Prob:0.99755 Alpha:0.00005
[MOE_TRACE] Group:1 Prob:0.49916 Alpha:0.00005
[MOE_TRACE] Group:0 Prob:0.99755 Alpha:0.00005[MOE_TRACE] Group:0 Prob:0.99755 Alpha:0.00005

[MOE_TRACE] Group:1 Prob:0.49916 Alpha:0.00005
[MOE_TRACE] Group:1 Prob:0.49916 Alpha:0.00005
[MOE_TRACE] Group:0 Prob:0.99755 Alpha:0.00005
[MOE_TRACE] Group:1 Prob:0.49916 Alpha:0.00005
[MOE_TRACE] Group:0 Prob:0.99755 Alpha:0.00005
[MOE_TRACE] Group:1 Prob:0.49916 Alpha:0.00005
[MOE_TRACE] Group:0 Prob:0.99755 Alpha:0.00005
[MOE_TRACE] Group:1 Prob:0.49916 Alpha:0.00005
[MOE_TRACE] Group:0 Prob:0.99755 Alpha:0.00005
[MOE_TRACE] Group:1 Prob:0.49916 Alpha:0.00005
[MOE_TRACE] Group:0 Prob:0.99755 Alpha:0.00005[MOE_TRACE] Group:0 Prob:0.99755 Alpha:0.00005

[MOE_TRACE] Group:1 Prob:0.49916 Alpha:0.00005
[MOE_TRACE] Group:1 Prob:0.49916 Alpha:0.00005
[MOE_TRACE] Group:0 Prob:0.99755 Alpha:0.00005
[MOE_TRACE] Group:1 Prob:0.49916 Alpha:0.00005
[MOE_TRACE] Group:0 Prob:0.99755 Alpha:0.00005
[MOE_TRACE] Group:1 Prob:0.49916 Alpha:0.00005
[MOE_TRACE] Group:0 Prob:0.99755 Alpha:0.00005
[MOE_TRACE] Group:1 Prob:0.49916 Alpha:0.00005
[MOE_TRACE] Group:0 Prob:0.99755 Alpha:0.00005
[MOE_TRACE] Group:1 Prob:0.49916 Alpha:0.00005
[MOE_TRACE] Group:0 Prob:0.99755 Alpha:0.00005
[MOE_TRACE] Group:1 Prob:0.49916 Alpha:0.00005
[MOE_TRACE] Group:0 Prob:0.99755 Alpha:0.00005
[MOE_TRACE] Group:1 Prob:0.49916 Alpha:0.00005
[MOE_TRACE] Group:0 Prob:0.99755 Alpha:0.00005
[MOE_TRACE] Group:1 Prob:0.49916 Alpha:0.00005
[MOE_TRACE] Group:0 Prob:0.99755 Alpha:0.00005
[MOE_TRACE] Group:1 Prob:0.49916 Alpha:0.00005
[MOE_TRACE] Group:0 Prob:0.99755 Alpha:0.00005
[MOE_TRACE] Group:1 Prob:0.49916 Alpha:0.00005
[MOE_TRACE] Group:0 Prob:0.99755 Alpha:0.00005
[MOE_TRACE] Group:1 Prob:0.49916 Alpha:0.00005
[MOE_TRACE] Group:0 Prob:0.99755 Alpha:0.00005
[MOE_TRACE] Group:1 Prob:0.49916 Alpha:0.00005
[MOE_TRACE] Group:0 Prob:0.99755 Alpha:0.00005
[MOE_TRACE] Group:1 Prob:0.49916 Alpha:0.00005
[MOE_TRACE] Group:0 Prob:0.99755 Alpha:0.00005
[MOE_TRACE] Group:1 Prob:0.49916 Alpha:0.00005
[MOE_TRACE] Group:0 Prob:0.99755 Alpha:0.00005
[MOE_TRACE] Group:1 Prob:0.49916 Alpha:0.00005
[MOE_TRACE] Group:0 Prob:0.99755 Alpha:0.00005
[MOE_TRACE] Group:1 Prob:0.49915 Alpha:0.00005
[MOE_TRACE] Group:0 Prob:0.99755 Alpha:0.00005
[MOE_TRACE] Group:1 Prob:0.49915 Alpha:0.00005
[MOE_TRACE] Group:0 Prob:0.99755 Alpha:0.00005
[MOE_TRACE] Group:1 Prob:0.49915 Alpha:0.00005
[MOE_TRACE] Group:0 Prob:0.99755 Alpha:0.00005
[MOE_TRACE] Group:1 Prob:0.49915 Alpha:0.00005
[MOE_TRACE] Group:0 Prob:0.99755 Alpha:0.00005
[MOE_TRACE] Group:1 Prob:0.49916 Alpha:0.00005
[MOE_TRACE] Group:0 Prob:0.99755 Alpha:0.00005
[MOE_TRACE] Group:1 Prob:0.49916 Alpha:0.00005
[MOE_TRACE] Group:0 Prob:0.99755 Alpha:0.00005
[MOE_TRACE] Group:1 Prob:0.49916 Alpha:0.00005
[MOE_TRACE] Group:0 Prob:0.99755 Alpha:0.00005
[MOE_TRACE] Group:1 Prob:0.49916 Alpha:0.00005
[MOE_TRACE] Group:0 Prob:0.99755 Alpha:0.00005
[MOE_TRACE] Group:1 Prob:0.49916 Alpha:0.00005
[MOE_TRACE] Group:0 Prob:0.99755 Alpha:0.00005
[MOE_TRACE] Group:1 Prob:0.49916 Alpha:0.00005
[MOE_TRACE] Group:0 Prob:0.99755 Alpha:0.00005
[MOE_TRACE] Group:1 Prob:0.49916 Alpha:0.00005
[MOE_TRACE] Group:0 Prob:0.99755 Alpha:0.00005
[MOE_TRACE] Group:1 Prob:0.49916 Alpha:0.00005
[MOE_TRACE] Group:0 Prob:0.99755 Alpha:0.00005
[MOE_TRACE] Group:1 Prob:0.49916 Alpha:0.00005
[MOE_TRACE] Group:0 Prob:0.99755 Alpha:0.00005
[MOE_TRACE] Group:1 Prob:0.49916 Alpha:0.00005
[MOE_TRACE] Group:0 Prob:0.99755 Alpha:0.00005
[MOE_TRACE] Group:1 Prob:0.49916 Alpha:0.00005
[MOE_TRACE] Group:0 Prob:0.99755 Alpha:0.00005
[MOE_TRACE] Group:1 Prob:0.49916 Alpha:0.00005
[MOE_TRACE] Group:0 Prob:0.99755 Alpha:0.00005
[MOE_TRACE] Group:1 Prob:0.49916 Alpha:0.00005
[MOE_TRACE] Group:0 Prob:0.99755 Alpha:0.00005
[MOE_TRACE] Group:1 Prob:0.49916 Alpha:0.00005
[MOE_TRACE] Group:0 Prob:0.99755 Alpha:0.00005
[MOE_TRACE] Group:1 Prob:0.49916 Alpha:0.00005
[MOE_TRACE] Group:0 Prob:0.99755 Alpha:0.00005
[MOE_TRACE] Group:1 Prob:0.49916 Alpha:0.00005
[MOE_TRACE] Group:0 Prob:0.99755 Alpha:0.00005
[MOE_TRACE] Group:1 Prob:0.49916 Alpha:0.00005
[MOE_TRACE] Group:0 Prob:0.99755 Alpha:0.00005
[MOE_TRACE] Group:1 Prob:0.49916 Alpha:0.00005
[MOE_TRACE] Group:0 Prob:0.99755 Alpha:0.00005
[MOE_TRACE] Group:1 Prob:0.49916 Alpha:0.00005
[MOE_TRACE] Group:0 Prob:0.99755 Alpha:0.00005
[MOE_TRACE] Group:1 Prob:0.49916 Alpha:0.00005
[MOE_TRACE] Group:0 Prob:0.99755 Alpha:0.00005
[MOE_TRACE] Group:0 Prob:0.99755 Alpha:0.00005
[MOE_TRACE] Group:1 Prob:0.49916 Alpha:0.00005
[MOE_TRACE] Group:0 Prob:0.99755 Alpha:0.00005
[MOE_TRACE] Group:1 Prob:0.49916 Alpha:0.00005
[MOE_TRACE] Group:1 Prob:0.49916 Alpha:0.00005
[MOE_TRACE] Group:0 Prob:0.99755 Alpha:0.00005
[MOE_TRACE] Group:1 Prob:0.49916 Alpha:0.00005
[MOE_TRACE] Group:0 Prob:0.99755 Alpha:0.00005
[MOE_TRACE] Group:1 Prob:0.49916 Alpha:0.00005
[MOE_TRACE] Group:0 Prob:0.99755 Alpha:0.00005
[MOE_TRACE] Group:1 Prob:0.49916 Alpha:0.00005
[MOE_TRACE] Group:0 Prob:0.99755 Alpha:0.00005
[MOE_TRACE] Group:1 Prob:0.49916 Alpha:0.00005
[MOE_TRACE] Group:0 Prob:0.99755 Alpha:0.00005
[MOE_TRACE] Group:1 Prob:0.49916 Alpha:0.00005
[MOE_TRACE] Group:0 Prob:0.99755 Alpha:0.00005
[MOE_TRACE] Group:0 Prob:0.99755 Alpha:0.00005
[MOE_TRACE] Group:1 Prob:0.49916 Alpha:0.00005
[MOE_TRACE] Group:1 Prob:0.49916 Alpha:0.00005
[MOE_TRACE] Group:0 Prob:0.99755 Alpha:0.00005
[MOE_TRACE] Group:1 Prob:0.49916 Alpha:0.00005
[MOE_TRACE] Group:0 Prob:0.99755 Alpha:0.00005
[MOE_TRACE] Group:1 Prob:0.49916 Alpha:0.00005
[MOE_TRACE] Group:0 Prob:0.99755 Alpha:0.00005
[MOE_TRACE] Group:1 Prob:0.49916 Alpha:0.00005
[MOE_TRACE] Group:0 Prob:0.99755 Alpha:0.00005
[MOE_TRACE] Group:0 Prob:0.99755 Alpha:0.00005[MOE_TRACE] Group:1 Prob:0.49916 Alpha:0.00005

[MOE_TRACE] Group:1 Prob:0.49916 Alpha:0.00005
[MOE_TRACE] Group:0 Prob:0.99755 Alpha:0.00005
[MOE_TRACE] Group:1 Prob:0.49916 Alpha:0.00005
[MOE_TRACE] Group:0 Prob:0.99755 Alpha:0.00005
[MOE_TRACE] Group:0 Prob:0.99755 Alpha:0.00005
[MOE_TRACE] Group:1 Prob:0.49916 Alpha:0.00005
[MOE_TRACE] Group:0 Prob:0.99755 Alpha:0.00005
[MOE_TRACE] Group:1 Prob:0.49916 Alpha:0.00005
[MOE_TRACE] Group:0 Prob:0.99755 Alpha:0.00005
[MOE_TRACE] Group:1 Prob:0.49916 Alpha:0.00005
[MOE_TRACE] Group:0 Prob:0.99755 Alpha:0.00005
[MOE_TRACE] Group:1 Prob:0.49916 Alpha:0.00005
[MOE_TRACE] Group:0 Prob:0.99755 Alpha:0.00005
[MOE_TRACE] Group:1 Prob:0.49916 Alpha:0.00005
[MOE_TRACE] Group:0 Prob:0.99755 Alpha:0.00005
[MOE_TRACE] Group:1 Prob:0.49916 Alpha:0.00005
[MOE_TRACE] Group:0 Prob:0.99755 Alpha:0.00005
[MOE_TRACE] Group:1 Prob:0.49916 Alpha:0.00005
[MOE_TRACE] Group:0 Prob:0.99755 Alpha:0.00005
[MOE_TRACE] Group:1 Prob:0.49916 Alpha:0.00005
[MOE_TRACE] Group:0 Prob:0.99755 Alpha:0.00005
[MOE_TRACE] Group:1 Prob:0.49916 Alpha:0.00005
[MOE_TRACE] Group:0 Prob:0.99755 Alpha:0.00005
[MOE_TRACE] Group:1 Prob:0.49916 Alpha:0.00005
[MOE_TRACE] Group:0 Prob:0.99755 Alpha:0.00005
[MOE_TRACE] Group:1 Prob:0.49915 Alpha:0.00005
[MOE_TRACE] Group:0 Prob:0.99755 Alpha:0.00005
[MOE_TRACE] Group:1 Prob:0.49915 Alpha:0.00005
[MOE_TRACE] Group:0 Prob:0.99755 Alpha:0.00005
[MOE_TRACE] Group:1 Prob:0.49915 Alpha:0.00005
[MOE_TRACE] Group:0 Prob:0.99755 Alpha:0.00005
[MOE_TRACE] Group:1 Prob:0.49915 Alpha:0.00005
[MOE_TRACE] Group:0 Prob:0.99755 Alpha:0.00005
[MOE_TRACE] Group:1 Prob:0.49915 Alpha:0.00005
[MOE_TRACE] Group:0 Prob:0.99755 Alpha:0.00005
[MOE_TRACE] Group:1 Prob:0.49916 Alpha:0.00005
[MOE_TRACE] Group:0 Prob:0.99755 Alpha:0.00005[MOE_TRACE] Group:0 Prob:0.99755 Alpha:0.00005

[MOE_TRACE] Group:1 Prob:0.49916 Alpha:0.00005
[MOE_TRACE] Group:1 Prob:0.49916 Alpha:0.00005
[MOE_TRACE] Group:0 Prob:0.99755 Alpha:0.00005
[MOE_TRACE] Group:1 Prob:0.49916 Alpha:0.00005
[MOE_TRACE] Group:0 Prob:0.99755 Alpha:0.00005
[MOE_TRACE] Group:1 Prob:0.49916 Alpha:0.00005
[MOE_TRACE] Group:0 Prob:0.99755 Alpha:0.00005
[MOE_TRACE] Group:1 Prob:0.49916 Alpha:0.00005
[MOE_TRACE] Group:0 Prob:0.99755 Alpha:0.00005
[MOE_TRACE] Group:1 Prob:0.49916 Alpha:0.00005
[MOE_TRACE] Group:0 Prob:0.99755 Alpha:0.00005
[MOE_TRACE] Group:1 Prob:0.49916 Alpha:0.00005
[MOE_TRACE] Group:0 Prob:0.99755 Alpha:0.00005
[MOE_TRACE] Group:1 Prob:0.49916 Alpha:0.00005
[MOE_TRACE] Group:0 Prob:0.99755 Alpha:0.00005
[MOE_TRACE] Group:1 Prob:0.49916 Alpha:0.00005
[MOE_TRACE] Group:0 Prob:0.99755 Alpha:0.00005
[MOE_TRACE] Group:1 Prob:0.49916 Alpha:0.00005
[MOE_TRACE] Group:0 Prob:0.99755 Alpha:0.00005
[MOE_TRACE] Group:0 Prob:0.99755 Alpha:0.00005
[MOE_TRACE] Group:1 Prob:0.49916 Alpha:0.00005
[MOE_TRACE] Group:0 Prob:0.99755 Alpha:0.00005
[MOE_TRACE] Group:1 Prob:0.49916 Alpha:0.00005
[MOE_TRACE] Group:1 Prob:0.49916 Alpha:0.00005
[MOE_TRACE] Group:0 Prob:0.99755 Alpha:0.00005
[MOE_TRACE] Group:1 Prob:0.49916 Alpha:0.00005
[MOE_TRACE] Group:0 Prob:0.99755 Alpha:0.00005
[MOE_TRACE] Group:1 Prob:0.49915 Alpha:0.00005
[MOE_TRACE] Group:0 Prob:0.99755 Alpha:0.00005
[MOE_TRACE] Group:1 Prob:0.49915 Alpha:0.00005
[MOE_TRACE] Group:0 Prob:0.99755 Alpha:0.00005
[MOE_TRACE] Group:1 Prob:0.49915 Alpha:0.00005
[MOE_TRACE] Group:0 Prob:0.99755 Alpha:0.00005
[MOE_TRACE] Group:1 Prob:0.49915 Alpha:0.00005
[MOE_TRACE] Group:0 Prob:0.99755 Alpha:0.00005
[MOE_TRACE] Group:1 Prob:0.49916 Alpha:0.00005
[MOE_TRACE] Group:0 Prob:0.99755 Alpha:0.00005
[MOE_TRACE] Group:1 Prob:0.49916 Alpha:0.00005
[MOE_TRACE] Group:0 Prob:0.99755 Alpha:0.00005
[MOE_TRACE] Group:1 Prob:0.49916 Alpha:0.00005
[MOE_TRACE] Group:0 Prob:0.99755 Alpha:0.00005
[MOE_TRACE] Group:1 Prob:0.49916 Alpha:0.00005
[MOE_TRACE] Group:0 Prob:0.99755 Alpha:0.00005
[MOE_TRACE] Group:1 Prob:0.49916 Alpha:0.00005
[MOE_TRACE] Group:0 Prob:0.99755 Alpha:0.00005
[MOE_TRACE] Group:1 Prob:0.49916 Alpha:0.00005
[MOE_TRACE] Group:0 Prob:0.99755 Alpha:0.00005
[MOE_TRACE] Group:1 Prob:0.49916 Alpha:0.00005
[MOE_TRACE] Group:0 Prob:0.99755 Alpha:0.00005
[MOE_TRACE] Group:1 Prob:0.49916 Alpha:0.00005
[MOE_TRACE] Group:0 Prob:0.99755 Alpha:0.00005
[MOE_TRACE] Group:1 Prob:0.49915 Alpha:0.00005
[MOE_TRACE] Group:0 Prob:0.99755 Alpha:0.00005
[MOE_TRACE] Group:1 Prob:0.49915 Alpha:0.00005
[MOE_TRACE] Group:0 Prob:0.99755 Alpha:0.00005
[MOE_TRACE] Group:1 Prob:0.49915 Alpha:0.00005
[MOE_TRACE] Group:0 Prob:0.99755 Alpha:0.00005
[MOE_TRACE] Group:1 Prob:0.49915 Alpha:0.00005
[MOE_TRACE] Group:0 Prob:0.99755 Alpha:0.00005
[MOE_TRACE] Group:1 Prob:0.49916 Alpha:0.00005
[MOE_TRACE] Group:0 Prob:0.99755 Alpha:0.00005
[MOE_TRACE] Group:1 Prob:0.49916 Alpha:0.00005
[MOE_TRACE] Group:0 Prob:0.99755 Alpha:0.00005
[MOE_TRACE] Group:1 Prob:0.49916 Alpha:0.00005
[MOE_TRACE] Group:0 Prob:0.99755 Alpha:0.00005
[MOE_TRACE] Group:1 Prob:0.49916 Alpha:0.00005
[MOE_TRACE] Group:0 Prob:0.99755 Alpha:0.00005
[MOE_TRACE] Group:1 Prob:0.49916 Alpha:0.00005
[MOE_TRACE] Group:0 Prob:0.99755 Alpha:0.00005
[MOE_TRACE] Group:1 Prob:0.49916 Alpha:0.00005
[MOE_TRACE] Group:0 Prob:0.99755 Alpha:0.00005
[MOE_TRACE] Group:1 Prob:0.49916 Alpha:0.00005
[MOE_TRACE] Group:0 Prob:0.99755 Alpha:0.00005
[MOE_TRACE] Group:1 Prob:0.49916 Alpha:0.00005
[MOE_TRACE] Group:0 Prob:0.99755 Alpha:0.00005
[MOE_TRACE] Group:1 Prob:0.49915 Alpha:0.00005
[MOE_TRACE] Group:0 Prob:0.99755 Alpha:0.00005
[MOE_TRACE] Group:1 Prob:0.49915 Alpha:0.00005
[MOE_TRACE] Group:0 Prob:0.99755 Alpha:0.00005
[MOE_TRACE] Group:0 Prob:0.99755 Alpha:0.00005
[MOE_TRACE] Group:1 Prob:0.49915 Alpha:0.00005
[MOE_TRACE] Group:1 Prob:0.49915 Alpha:0.00005
[MOE_TRACE] Group:0 Prob:0.99755 Alpha:0.00005
[MOE_TRACE] Group:1 Prob:0.49916 Alpha:0.00005
[MOE_TRACE] Group:0 Prob:0.99755 Alpha:0.00005
[MOE_TRACE] Group:1 Prob:0.49916 Alpha:0.00005
[MOE_TRACE] Group:0 Prob:0.99755 Alpha:0.00005
[MOE_TRACE] Group:1 Prob:0.49916 Alpha:0.00005
[MOE_TRACE] Group:0 Prob:0.99755 Alpha:0.00005
[MOE_TRACE] Group:1 Prob:0.49916 Alpha:0.00005
[MOE_TRACE] Group:0 Prob:0.99755 Alpha:0.00005
[MOE_TRACE] Group:1 Prob:0.49916 Alpha:0.00005
[MOE_TRACE] Group:0 Prob:0.99755 Alpha:0.00005[MOE_TRACE] Group:0 Prob:0.99755 Alpha:0.00005

[MOE_TRACE] Group:1 Prob:0.49916 Alpha:0.00005
[MOE_TRACE] Group:1 Prob:0.49916 Alpha:0.00005
[MOE_TRACE] Group:0 Prob:0.99755 Alpha:0.00005
[MOE_TRACE] Group:1 Prob:0.49916 Alpha:0.00005
[MOE_TRACE] Group:0 Prob:0.99755 Alpha:0.00005
[MOE_TRACE] Group:1 Prob:0.49916 Alpha:0.00005
[MOE_TRACE] Group:0 Prob:0.99755 Alpha:0.00005
[MOE_TRACE] Group:1 Prob:0.49916 Alpha:0.00005
[MOE_TRACE] Group:0 Prob:0.99755 Alpha:0.00005
[MOE_TRACE] Group:1 Prob:0.49916 Alpha:0.00005
[MOE_TRACE] Group:0 Prob:0.99755 Alpha:0.00005
[MOE_TRACE] Group:1 Prob:0.49916 Alpha:0.00005
[MOE_TRACE] Group:0 Prob:0.99755 Alpha:0.00005
[MOE_TRACE] Group:1 Prob:0.49915 Alpha:0.00005
[MOE_TRACE] Group:0 Prob:0.99755 Alpha:0.00005
[MOE_TRACE] Group:1 Prob:0.49915 Alpha:0.00005
[MOE_TRACE] Group:0 Prob:0.99755 Alpha:0.00005
[MOE_TRACE] Group:1 Prob:0.49915 Alpha:0.00005
[MOE_TRACE] Group:0 Prob:0.99755 Alpha:0.00005
[MOE_TRACE] Group:1 Prob:0.49915 Alpha:0.00005
[MOE_TRACE] Group:0 Prob:0.99755 Alpha:0.00005
[MOE_TRACE] Group:1 Prob:0.49916 Alpha:0.00005
[MOE_TRACE] Group:0 Prob:0.99755 Alpha:0.00005
[MOE_TRACE] Group:1 Prob:0.49916 Alpha:0.00005
[MOE_TRACE] Group:0 Prob:0.99755 Alpha:0.00005
[MOE_TRACE] Group:1 Prob:0.49916 Alpha:0.00005
[MOE_TRACE] Group:0 Prob:0.99755 Alpha:0.00005
[MOE_TRACE] Group:1 Prob:0.49916 Alpha:0.00005
[MOE_TRACE] Group:0 Prob:0.99755 Alpha:0.00005
[MOE_TRACE] Group:1 Prob:0.49915 Alpha:0.00005
[MOE_TRACE] Group:0 Prob:0.99755 Alpha:0.00005
[MOE_TRACE] Group:1 Prob:0.49915 Alpha:0.00005
[MOE_TRACE] Group:0 Prob:0.99755 Alpha:0.00005
[MOE_TRACE] Group:1 Prob:0.49915 Alpha:0.00005
[MOE_TRACE] Group:0 Prob:0.99755 Alpha:0.00005
[MOE_TRACE] Group:1 Prob:0.49915 Alpha:0.00005
[MOE_TRACE] Group:0 Prob:0.99755 Alpha:0.00005
[MOE_TRACE] Group:1 Prob:0.49916 Alpha:0.00005
[MOE_TRACE] Group:0 Prob:0.99755 Alpha:0.00005
[MOE_TRACE] Group:1 Prob:0.49916 Alpha:0.00005
[MOE_TRACE] Group:0 Prob:0.99755 Alpha:0.00005
[MOE_TRACE] Group:1 Prob:0.49916 Alpha:0.00005
[MOE_TRACE] Group:0 Prob:0.99755 Alpha:0.00005
[MOE_TRACE] Group:1 Prob:0.49916 Alpha:0.00005
[MOE_TRACE] Group:0 Prob:0.99755 Alpha:0.00005
[MOE_TRACE] Group:1 Prob:0.49916 Alpha:0.00005
[MOE_TRACE] Group:0 Prob:0.99755 Alpha:0.00005
[MOE_TRACE] Group:1 Prob:0.49916 Alpha:0.00005
[MOE_TRACE] Group:0 Prob:0.99755 Alpha:0.00005
[MOE_TRACE] Group:1 Prob:0.49916 Alpha:0.00005
[MOE_TRACE] Group:0 Prob:0.99755 Alpha:0.00005
[MOE_TRACE] Group:1 Prob:0.49916 Alpha:0.00005
[MOE_TRACE] Group:0 Prob:0.99755 Alpha:0.00005
[MOE_TRACE] Group:1 Prob:0.49916 Alpha:0.00005
[MOE_TRACE] Group:0 Prob:0.99755 Alpha:0.00005
[MOE_TRACE] Group:1 Prob:0.49915 Alpha:0.00005
[MOE_TRACE] Group:0 Prob:0.99755 Alpha:0.00005
[MOE_TRACE] Group:1 Prob:0.49915 Alpha:0.00005
[MOE_TRACE] Group:0 Prob:0.99755 Alpha:0.00005
[MOE_TRACE] Group:1 Prob:0.49915 Alpha:0.00005
[MOE_TRACE] Group:0 Prob:0.99755 Alpha:0.00005
[MOE_TRACE] Group:1 Prob:0.49916 Alpha:0.00005
[MOE_TRACE] Group:0 Prob:0.99755 Alpha:0.00005
[MOE_TRACE] Group:1 Prob:0.49916 Alpha:0.00005
[MOE_TRACE] Group:0 Prob:0.99755 Alpha:0.00005
[MOE_TRACE] Group:1 Prob:0.49916 Alpha:0.00005
[MOE_TRACE] Group:0 Prob:0.99755 Alpha:0.00005
[MOE_TRACE] Group:1 Prob:0.49916 Alpha:0.00005
	iters: 100, epoch: 7 | loss: 0.4285011 | Mem: 1845MB(Max:2203MB)
	speed: 4.9303s/iter; left time: 2410.9082s
[MOE_TRACE] Group:0 Prob:0.99755 Alpha:0.00005
[MOE_TRACE] Group:1 Prob:0.49915 Alpha:0.00005
[MOE_TRACE] Group:0 Prob:0.99755 Alpha:0.00005
[MOE_TRACE] Group:1 Prob:0.49915 Alpha:0.00005
[MOE_TRACE] Group:0 Prob:0.99755 Alpha:0.00005
[MOE_TRACE] Group:1 Prob:0.49915 Alpha:0.00005
[MOE_TRACE] Group:0 Prob:0.99755 Alpha:0.00005
[MOE_TRACE] Group:1 Prob:0.49915 Alpha:0.00005
[MOE_TRACE] Group:0 Prob:0.99755 Alpha:0.00005
[MOE_TRACE] Group:0 Prob:0.99755 Alpha:0.00005
[MOE_TRACE] Group:1 Prob:0.49915 Alpha:0.00005
[MOE_TRACE] Group:1 Prob:0.49915 Alpha:0.00005
[MOE_TRACE] Group:0 Prob:0.99755 Alpha:0.00005
[MOE_TRACE] Group:1 Prob:0.49915 Alpha:0.00005
[MOE_TRACE] Group:0 Prob:0.99755 Alpha:0.00005
[MOE_TRACE] Group:1 Prob:0.49915 Alpha:0.00005
[MOE_TRACE] Group:0 Prob:0.99755 Alpha:0.00005
[MOE_TRACE] Group:1 Prob:0.49915 Alpha:0.00005
[MOE_TRACE] Group:0 Prob:0.99755 Alpha:0.00005
[MOE_TRACE] Group:1 Prob:0.49915 Alpha:0.00005
[MOE_TRACE] Group:0 Prob:0.99755 Alpha:0.00005
[MOE_TRACE] Group:1 Prob:0.49915 Alpha:0.00005
[MOE_TRACE] Group:0 Prob:0.99755 Alpha:0.00005
[MOE_TRACE] Group:1 Prob:0.49915 Alpha:0.00005
[MOE_TRACE] Group:0 Prob:0.99755 Alpha:0.00005
[MOE_TRACE] Group:1 Prob:0.49915 Alpha:0.00005
[MOE_TRACE] Group:0 Prob:0.99755 Alpha:0.00005
[MOE_TRACE] Group:1 Prob:0.49915 Alpha:0.00005
[MOE_TRACE] Group:0 Prob:0.99755 Alpha:0.00005
[MOE_TRACE] Group:1 Prob:0.49915 Alpha:0.00005
[MOE_TRACE] Group:0 Prob:0.99755 Alpha:0.00005
[MOE_TRACE] Group:1 Prob:0.49915 Alpha:0.00005
[MOE_TRACE] Group:0 Prob:0.99755 Alpha:0.00005
[MOE_TRACE] Group:1 Prob:0.49915 Alpha:0.00005
[MOE_TRACE] Group:0 Prob:0.99755 Alpha:0.00005
[MOE_TRACE] Group:1 Prob:0.49915 Alpha:0.00005
[MOE_TRACE] Group:0 Prob:0.99755 Alpha:0.00005
[MOE_TRACE] Group:1 Prob:0.49915 Alpha:0.00005
[MOE_TRACE] Group:0 Prob:0.99755 Alpha:0.00005
[MOE_TRACE] Group:1 Prob:0.49915 Alpha:0.00005
[MOE_TRACE] Group:0 Prob:0.99755 Alpha:0.00005
[MOE_TRACE] Group:1 Prob:0.49915 Alpha:0.00005
[MOE_TRACE] Group:0 Prob:0.99755 Alpha:0.00005
[MOE_TRACE] Group:1 Prob:0.49915 Alpha:0.00005
[MOE_TRACE] Group:0 Prob:0.99755 Alpha:0.00005
[MOE_TRACE] Group:1 Prob:0.49915 Alpha:0.00005
[MOE_TRACE] Group:0 Prob:0.99755 Alpha:0.00005
[MOE_TRACE] Group:1 Prob:0.49915 Alpha:0.00005
[MOE_TRACE] Group:0 Prob:0.99755 Alpha:0.00005
[MOE_TRACE] Group:1 Prob:0.49915 Alpha:0.00005
[MOE_TRACE] Group:0 Prob:0.99755 Alpha:0.00005
[MOE_TRACE] Group:1 Prob:0.49915 Alpha:0.00005
[MOE_TRACE] Group:0 Prob:0.99755 Alpha:0.00005
[MOE_TRACE] Group:1 Prob:0.49915 Alpha:0.00005
[MOE_TRACE] Group:0 Prob:0.99755 Alpha:0.00005
[MOE_TRACE] Group:1 Prob:0.49915 Alpha:0.00005
[MOE_TRACE] Group:0 Prob:0.99755 Alpha:0.00005
[MOE_TRACE] Group:1 Prob:0.49915 Alpha:0.00005
[MOE_TRACE] Group:0 Prob:0.99755 Alpha:0.00005
[MOE_TRACE] Group:1 Prob:0.49915 Alpha:0.00005
[MOE_TRACE] Group:0 Prob:0.99755 Alpha:0.00005
[MOE_TRACE] Group:1 Prob:0.49915 Alpha:0.00005
[MOE_TRACE] Group:0 Prob:0.99755 Alpha:0.00005
[MOE_TRACE] Group:1 Prob:0.49915 Alpha:0.00005
[MOE_TRACE] Group:0 Prob:0.99755 Alpha:0.00005
[MOE_TRACE] Group:0 Prob:0.99755 Alpha:0.00005
[MOE_TRACE] Group:1 Prob:0.49915 Alpha:0.00005
[MOE_TRACE] Group:1 Prob:0.49915 Alpha:0.00005
[MOE_TRACE] Group:0 Prob:0.99755 Alpha:0.00005
[MOE_TRACE] Group:1 Prob:0.49915 Alpha:0.00005
[MOE_TRACE] Group:0 Prob:0.99755 Alpha:0.00005
[MOE_TRACE] Group:1 Prob:0.49915 Alpha:0.00005
[MOE_TRACE] Group:0 Prob:0.99755 Alpha:0.00005
[MOE_TRACE] Group:1 Prob:0.49915 Alpha:0.00005
[MOE_TRACE] Group:0 Prob:0.99755 Alpha:0.00005
[MOE_TRACE] Group:1 Prob:0.49915 Alpha:0.00005
[MOE_TRACE] Group:0 Prob:0.99755 Alpha:0.00005
[MOE_TRACE] Group:1 Prob:0.49915 Alpha:0.00005
[MOE_TRACE] Group:0 Prob:0.99755 Alpha:0.00005
[MOE_TRACE] Group:1 Prob:0.49915 Alpha:0.00005
[MOE_TRACE] Group:0 Prob:0.99755 Alpha:0.00005
[MOE_TRACE] Group:1 Prob:0.49915 Alpha:0.00005
[MOE_TRACE] Group:0 Prob:0.99755 Alpha:0.00005
[MOE_TRACE] Group:1 Prob:0.49915 Alpha:0.00005
[MOE_TRACE] Group:0 Prob:0.99755 Alpha:0.00005
[MOE_TRACE] Group:1 Prob:0.49915 Alpha:0.00005
[MOE_TRACE] Group:0 Prob:0.99755 Alpha:0.00005
[MOE_TRACE] Group:1 Prob:0.49915 Alpha:0.00005
[MOE_TRACE] Group:0 Prob:0.99755 Alpha:0.00005
[MOE_TRACE] Group:1 Prob:0.49915 Alpha:0.00005
[MOE_TRACE] Group:0 Prob:0.99755 Alpha:0.00005
[MOE_TRACE] Group:1 Prob:0.49915 Alpha:0.00005
[MOE_TRACE] Group:0 Prob:0.99755 Alpha:0.00005
[MOE_TRACE] Group:1 Prob:0.49915 Alpha:0.00005
[MOE_TRACE] Group:0 Prob:0.99755 Alpha:0.00005
[MOE_TRACE] Group:1 Prob:0.49915 Alpha:0.00005
[MOE_TRACE] Group:0 Prob:0.99755 Alpha:0.00005
[MOE_TRACE] Group:1 Prob:0.49915 Alpha:0.00005
[MOE_TRACE] Group:0 Prob:0.99755 Alpha:0.00005
[MOE_TRACE] Group:1 Prob:0.49915 Alpha:0.00005
[MOE_TRACE] Group:0 Prob:0.99755 Alpha:0.00005
[MOE_TRACE] Group:1 Prob:0.49915 Alpha:0.00005
[MOE_TRACE] Group:0 Prob:0.99755 Alpha:0.00005
[MOE_TRACE] Group:1 Prob:0.49915 Alpha:0.00005
[MOE_TRACE] Group:0 Prob:0.99755 Alpha:0.00005
[MOE_TRACE] Group:1 Prob:0.49915 Alpha:0.00005
[MOE_TRACE] Group:0 Prob:0.99755 Alpha:0.00005
[MOE_TRACE] Group:1 Prob:0.49915 Alpha:0.00005
[MOE_TRACE] Group:0 Prob:0.99755 Alpha:0.00005
[MOE_TRACE] Group:1 Prob:0.49915 Alpha:0.00005
[MOE_TRACE] Group:0 Prob:0.99755 Alpha:0.00005
[MOE_TRACE] Group:1 Prob:0.49915 Alpha:0.00005
[MOE_TRACE] Group:0 Prob:0.99755 Alpha:0.00005
[MOE_TRACE] Group:1 Prob:0.49915 Alpha:0.00005
[MOE_TRACE] Group:0 Prob:0.99755 Alpha:0.00005
[MOE_TRACE] Group:1 Prob:0.49915 Alpha:0.00005
[MOE_TRACE] Group:0 Prob:0.99755 Alpha:0.00005[MOE_TRACE] Group:0 Prob:0.99755 Alpha:0.00005

[MOE_TRACE] Group:1 Prob:0.49915 Alpha:0.00005[MOE_TRACE] Group:1 Prob:0.49915 Alpha:0.00005

[MOE_TRACE] Group:0 Prob:0.99755 Alpha:0.00005
[MOE_TRACE] Group:1 Prob:0.49915 Alpha:0.00005
[MOE_TRACE] Group:0 Prob:0.99755 Alpha:0.00005
[MOE_TRACE] Group:0 Prob:0.99755 Alpha:0.00005
[MOE_TRACE] Group:1 Prob:0.49915 Alpha:0.00005
[MOE_TRACE] Group:1 Prob:0.49915 Alpha:0.00005
[MOE_TRACE] Group:0 Prob:0.99755 Alpha:0.00005
[MOE_TRACE] Group:1 Prob:0.49915 Alpha:0.00005
[MOE_TRACE] Group:0 Prob:0.99755 Alpha:0.00005
[MOE_TRACE] Group:1 Prob:0.49915 Alpha:0.00005
[MOE_TRACE] Group:0 Prob:0.99755 Alpha:0.00005
[MOE_TRACE] Group:1 Prob:0.49915 Alpha:0.00005
[MOE_TRACE] Group:0 Prob:0.99755 Alpha:0.00005
[MOE_TRACE] Group:1 Prob:0.49915 Alpha:0.00005
[MOE_TRACE] Group:0 Prob:0.99755 Alpha:0.00005
[MOE_TRACE] Group:1 Prob:0.49915 Alpha:0.00005
[MOE_TRACE] Group:0 Prob:0.99755 Alpha:0.00005
[MOE_TRACE] Group:0 Prob:0.99755 Alpha:0.00005
[MOE_TRACE] Group:1 Prob:0.49915 Alpha:0.00005
[MOE_TRACE] Group:1 Prob:0.49915 Alpha:0.00005
[MOE_TRACE] Group:0 Prob:0.99755 Alpha:0.00005
[MOE_TRACE] Group:1 Prob:0.49915 Alpha:0.00005
[MOE_TRACE] Group:0 Prob:0.99755 Alpha:0.00005
[MOE_TRACE] Group:1 Prob:0.49915 Alpha:0.00005
[MOE_TRACE] Group:0 Prob:0.99755 Alpha:0.00005[MOE_TRACE] Group:0 Prob:0.99755 Alpha:0.00005[MOE_TRACE] Group:0 Prob:0.99755 Alpha:0.00005


[MOE_TRACE] Group:1 Prob:0.49915 Alpha:0.00005
[MOE_TRACE] Group:1 Prob:0.49915 Alpha:0.00005
[MOE_TRACE] Group:1 Prob:0.49915 Alpha:0.00005
[MOE_TRACE] Group:0 Prob:0.99755 Alpha:0.00005
[MOE_TRACE] Group:1 Prob:0.49915 Alpha:0.00005
[MOE_TRACE] Group:0 Prob:0.99755 Alpha:0.00005
[MOE_TRACE] Group:1 Prob:0.49915 Alpha:0.00005
[MOE_TRACE] Group:0 Prob:0.99755 Alpha:0.00005
[MOE_TRACE] Group:1 Prob:0.49915 Alpha:0.00005
[MOE_TRACE] Group:0 Prob:0.99755 Alpha:0.00005
[MOE_TRACE] Group:1 Prob:0.49915 Alpha:0.00005
[MOE_TRACE] Group:0 Prob:0.99755 Alpha:0.00005
[MOE_TRACE] Group:1 Prob:0.49915 Alpha:0.00005
[MOE_TRACE] Group:0 Prob:0.99755 Alpha:0.00005
[MOE_TRACE] Group:1 Prob:0.49915 Alpha:0.00005
[MOE_TRACE] Group:0 Prob:0.99755 Alpha:0.00005
[MOE_TRACE] Group:1 Prob:0.49915 Alpha:0.00005
[MOE_TRACE] Group:0 Prob:0.99755 Alpha:0.00005
[MOE_TRACE] Group:1 Prob:0.49915 Alpha:0.00005
[MOE_TRACE] Group:0 Prob:0.99755 Alpha:0.00005
[MOE_TRACE] Group:1 Prob:0.49915 Alpha:0.00005
[MOE_TRACE] Group:0 Prob:0.99755 Alpha:0.00005
[MOE_TRACE] Group:1 Prob:0.49915 Alpha:0.00005
[MOE_TRACE] Group:0 Prob:0.99755 Alpha:0.00005
[MOE_TRACE] Group:1 Prob:0.49915 Alpha:0.00005
[MOE_TRACE] Group:0 Prob:0.99755 Alpha:0.00005
[MOE_TRACE] Group:1 Prob:0.49915 Alpha:0.00005
[MOE_TRACE] Group:0 Prob:0.99755 Alpha:0.00005
[MOE_TRACE] Group:1 Prob:0.49915 Alpha:0.00005
[MOE_TRACE] Group:0 Prob:0.99755 Alpha:0.00005
[MOE_TRACE] Group:1 Prob:0.49915 Alpha:0.00005
[MOE_TRACE] Group:0 Prob:0.99755 Alpha:0.00005
[MOE_TRACE] Group:1 Prob:0.49915 Alpha:0.00005
[MOE_TRACE] Group:0 Prob:0.99755 Alpha:0.00005
[MOE_TRACE] Group:1 Prob:0.49915 Alpha:0.00005
[MOE_TRACE] Group:0 Prob:0.99755 Alpha:0.00005
[MOE_TRACE] Group:1 Prob:0.49915 Alpha:0.00005
[MOE_TRACE] Group:0 Prob:0.99755 Alpha:0.00005
[MOE_TRACE] Group:1 Prob:0.49915 Alpha:0.00005
[MOE_TRACE] Group:0 Prob:0.99755 Alpha:0.00005
[MOE_TRACE] Group:1 Prob:0.49915 Alpha:0.00005
[MOE_TRACE] Group:0 Prob:0.99755 Alpha:0.00005
[MOE_TRACE] Group:1 Prob:0.49915 Alpha:0.00005
[MOE_TRACE] Group:0 Prob:0.99755 Alpha:0.00005
[MOE_TRACE] Group:1 Prob:0.49915 Alpha:0.00005
[MOE_TRACE] Group:0 Prob:0.99755 Alpha:0.00005
[MOE_TRACE] Group:1 Prob:0.49915 Alpha:0.00005
[MOE_TRACE] Group:0 Prob:0.99755 Alpha:0.00005
[MOE_TRACE] Group:1 Prob:0.49915 Alpha:0.00005
[MOE_TRACE] Group:0 Prob:0.99755 Alpha:0.00005
[MOE_TRACE] Group:1 Prob:0.49915 Alpha:0.00005
[MOE_TRACE] Group:0 Prob:0.99755 Alpha:0.00005
[MOE_TRACE] Group:1 Prob:0.49915 Alpha:0.00005
[MOE_TRACE] Group:0 Prob:0.99755 Alpha:0.00005
[MOE_TRACE] Group:1 Prob:0.49915 Alpha:0.00005
[MOE_TRACE] Group:0 Prob:0.99755 Alpha:0.00005
[MOE_TRACE] Group:1 Prob:0.49915 Alpha:0.00005
[MOE_TRACE] Group:0 Prob:0.99755 Alpha:0.00005
[MOE_TRACE] Group:1 Prob:0.49915 Alpha:0.00005
[MOE_TRACE] Group:0 Prob:0.99755 Alpha:0.00005
[MOE_TRACE] Group:1 Prob:0.49915 Alpha:0.00005
[MOE_TRACE] Group:0 Prob:0.99755 Alpha:0.00005
[MOE_TRACE] Group:1 Prob:0.49915 Alpha:0.00005
[MOE_TRACE] Group:0 Prob:0.99755 Alpha:0.00005
[MOE_TRACE] Group:1 Prob:0.49915 Alpha:0.00005
[MOE_TRACE] Group:0 Prob:0.99755 Alpha:0.00005
[MOE_TRACE] Group:1 Prob:0.49915 Alpha:0.00005
[MOE_TRACE] Group:0 Prob:0.99755 Alpha:0.00005
[MOE_TRACE] Group:1 Prob:0.49915 Alpha:0.00005
[MOE_TRACE] Group:0 Prob:0.99755 Alpha:0.00005
[MOE_TRACE] Group:1 Prob:0.49915 Alpha:0.00005
[MOE_TRACE] Group:0 Prob:0.99755 Alpha:0.00005
[MOE_TRACE] Group:1 Prob:0.49915 Alpha:0.00005
[MOE_TRACE] Group:0 Prob:0.99755 Alpha:0.00005
[MOE_TRACE] Group:1 Prob:0.49915 Alpha:0.00005
[MOE_TRACE] Group:0 Prob:0.99755 Alpha:0.00005
[MOE_TRACE] Group:1 Prob:0.49915 Alpha:0.00005
[MOE_TRACE] Group:0 Prob:0.99755 Alpha:0.00005
[MOE_TRACE] Group:1 Prob:0.49915 Alpha:0.00005
[MOE_TRACE] Group:0 Prob:0.99755 Alpha:0.00005
[MOE_TRACE] Group:1 Prob:0.49914 Alpha:0.00005
[MOE_TRACE] Group:0 Prob:0.99755 Alpha:0.00005
[MOE_TRACE] Group:1 Prob:0.49914 Alpha:0.00005
[MOE_TRACE] Group:0 Prob:0.99755 Alpha:0.00005
[MOE_TRACE] Group:1 Prob:0.49914 Alpha:0.00005
[MOE_TRACE] Group:0 Prob:0.99755 Alpha:0.00005
[MOE_TRACE] Group:1 Prob:0.49914 Alpha:0.00005
[MOE_TRACE] Group:0 Prob:0.99755 Alpha:0.00005
[MOE_TRACE] Group:1 Prob:0.49914 Alpha:0.00005
[MOE_TRACE] Group:0 Prob:0.99755 Alpha:0.00005
[MOE_TRACE] Group:1 Prob:0.49914 Alpha:0.00005
[MOE_TRACE] Group:0 Prob:0.99755 Alpha:0.00005
[MOE_TRACE] Group:1 Prob:0.49914 Alpha:0.00005
[MOE_TRACE] Group:0 Prob:0.99755 Alpha:0.00005
[MOE_TRACE] Group:1 Prob:0.49915 Alpha:0.00005
[MOE_TRACE] Group:0 Prob:0.99755 Alpha:0.00005
[MOE_TRACE] Group:1 Prob:0.49915 Alpha:0.00005
[MOE_TRACE] Group:0 Prob:0.99755 Alpha:0.00005
[MOE_TRACE] Group:1 Prob:0.49915 Alpha:0.00005
[MOE_TRACE] Group:0 Prob:0.99755 Alpha:0.00005
[MOE_TRACE] Group:1 Prob:0.49915 Alpha:0.00005
[MOE_TRACE] Group:0 Prob:0.99755 Alpha:0.00005
[MOE_TRACE] Group:1 Prob:0.49914 Alpha:0.00005
[MOE_TRACE] Group:0 Prob:0.99755 Alpha:0.00005
[MOE_TRACE] Group:1 Prob:0.49914 Alpha:0.00005
[MOE_TRACE] Group:0 Prob:0.99755 Alpha:0.00005
[MOE_TRACE] Group:1 Prob:0.49914 Alpha:0.00005
[MOE_TRACE] Group:0 Prob:0.99755 Alpha:0.00005
[MOE_TRACE] Group:1 Prob:0.49914 Alpha:0.00005
[MOE_TRACE] Group:0 Prob:0.99755 Alpha:0.00005
[MOE_TRACE] Group:0 Prob:0.99755 Alpha:0.00005
[MOE_TRACE] Group:1 Prob:0.49915 Alpha:0.00005
[MOE_TRACE] Group:0 Prob:0.99755 Alpha:0.00005
[MOE_TRACE] Group:1 Prob:0.49915 Alpha:0.00005
[MOE_TRACE] Group:0 Prob:0.99755 Alpha:0.00005
[MOE_TRACE] Group:1 Prob:0.49915 Alpha:0.00005
[MOE_TRACE] Group:0 Prob:0.99755 Alpha:0.00005
[MOE_TRACE] Group:1 Prob:0.49914 Alpha:0.00005
[MOE_TRACE] Group:0 Prob:0.99755 Alpha:0.00005
[MOE_TRACE] Group:1 Prob:0.49914 Alpha:0.00005
[MOE_TRACE] Group:0 Prob:0.99755 Alpha:0.00005
[MOE_TRACE] Group:1 Prob:0.49914 Alpha:0.00005
[MOE_TRACE] Group:0 Prob:0.99755 Alpha:0.00005
[MOE_TRACE] Group:1 Prob:0.49914 Alpha:0.00005
[MOE_TRACE] Group:0 Prob:0.99755 Alpha:0.00005
[MOE_TRACE] Group:1 Prob:0.49914 Alpha:0.00005
[MOE_TRACE] Group:0 Prob:0.99755 Alpha:0.00005
[MOE_TRACE] Group:1 Prob:0.49914 Alpha:0.00005
[MOE_TRACE] Group:0 Prob:0.99755 Alpha:0.00005
[MOE_TRACE] Group:1 Prob:0.49914 Alpha:0.00005
[MOE_TRACE] Group:0 Prob:0.99755 Alpha:0.00005
[MOE_TRACE] Group:1 Prob:0.49914 Alpha:0.00005
[MOE_TRACE] Group:0 Prob:0.99755 Alpha:0.00005
[MOE_TRACE] Group:1 Prob:0.49914 Alpha:0.00005
[MOE_TRACE] Group:0 Prob:0.99755 Alpha:0.00005
[MOE_TRACE] Group:1 Prob:0.49914 Alpha:0.00005
[MOE_TRACE] Group:0 Prob:0.99755 Alpha:0.00005
[MOE_TRACE] Group:1 Prob:0.49914 Alpha:0.00005
[MOE_TRACE] Group:0 Prob:0.99755 Alpha:0.00005
[MOE_TRACE] Group:1 Prob:0.49914 Alpha:0.00005
[MOE_TRACE] Group:0 Prob:0.99755 Alpha:0.00005
[MOE_TRACE] Group:1 Prob:0.49914 Alpha:0.00005
[MOE_TRACE] Group:0 Prob:0.99755 Alpha:0.00005
[MOE_TRACE] Group:1 Prob:0.49914 Alpha:0.00005
[MOE_TRACE] Group:0 Prob:0.99755 Alpha:0.00005
[MOE_TRACE] Group:1 Prob:0.49914 Alpha:0.00005
[MOE_TRACE] Group:0 Prob:0.99755 Alpha:0.00005
[MOE_TRACE] Group:1 Prob:0.49914 Alpha:0.00005
[MOE_TRACE] Group:0 Prob:0.99755 Alpha:0.00005
[MOE_TRACE] Group:1 Prob:0.49914 Alpha:0.00005
[MOE_TRACE] Group:0 Prob:0.99755 Alpha:0.00005
[MOE_TRACE] Group:1 Prob:0.49914 Alpha:0.00005
[MOE_TRACE] Group:0 Prob:0.99755 Alpha:0.00005
[MOE_TRACE] Group:1 Prob:0.49914 Alpha:0.00005
[MOE_TRACE] Group:0 Prob:0.99755 Alpha:0.00005
[MOE_TRACE] Group:1 Prob:0.49914 Alpha:0.00005
[MOE_TRACE] Group:0 Prob:0.99755 Alpha:0.00005
[MOE_TRACE] Group:0 Prob:0.99755 Alpha:0.00005
[MOE_TRACE] Group:0 Prob:0.99755 Alpha:0.00005
[MOE_TRACE] Group:1 Prob:0.49914 Alpha:0.00005[MOE_TRACE] Group:1 Prob:0.49914 Alpha:0.00005

[MOE_TRACE] Group:1 Prob:0.49914 Alpha:0.00005
[MOE_TRACE] Group:0 Prob:0.99755 Alpha:0.00005
[MOE_TRACE] Group:1 Prob:0.49914 Alpha:0.00005
[MOE_TRACE] Group:0 Prob:0.99755 Alpha:0.00005
[MOE_TRACE] Group:1 Prob:0.49914 Alpha:0.00005
[MOE_TRACE] Group:0 Prob:0.99755 Alpha:0.00005
[MOE_TRACE] Group:1 Prob:0.49914 Alpha:0.00005
[MOE_TRACE] Group:0 Prob:0.99755 Alpha:0.00005
[MOE_TRACE] Group:1 Prob:0.49914 Alpha:0.00005
[MOE_TRACE] Group:0 Prob:0.99755 Alpha:0.00005
[MOE_TRACE] Group:1 Prob:0.49914 Alpha:0.00005
[MOE_TRACE] Group:0 Prob:0.99755 Alpha:0.00005
[MOE_TRACE] Group:1 Prob:0.49914 Alpha:0.00005
[MOE_TRACE] Group:0 Prob:0.99755 Alpha:0.00005
[MOE_TRACE] Group:1 Prob:0.49914 Alpha:0.00005
[MOE_TRACE] Group:0 Prob:0.99755 Alpha:0.00005
[MOE_TRACE] Group:1 Prob:0.49914 Alpha:0.00005
[MOE_TRACE] Group:0 Prob:0.99755 Alpha:0.00005
[MOE_TRACE] Group:1 Prob:0.49914 Alpha:0.00005
[MOE_TRACE] Group:0 Prob:0.99755 Alpha:0.00005[MOE_TRACE] Group:0 Prob:0.99755 Alpha:0.00005

[MOE_TRACE] Group:1 Prob:0.49914 Alpha:0.00005
[MOE_TRACE] Group:1 Prob:0.49914 Alpha:0.00005
[MOE_TRACE] Group:0 Prob:0.99755 Alpha:0.00005
[MOE_TRACE] Group:1 Prob:0.49914 Alpha:0.00005
[MOE_TRACE] Group:0 Prob:0.99755 Alpha:0.00005
[MOE_TRACE] Group:1 Prob:0.49914 Alpha:0.00005
[MOE_TRACE] Group:0 Prob:0.99755 Alpha:0.00005
[MOE_TRACE] Group:1 Prob:0.49914 Alpha:0.00005
[MOE_TRACE] Group:0 Prob:0.99755 Alpha:0.00005
[MOE_TRACE] Group:1 Prob:0.49914 Alpha:0.00005
[MOE_TRACE] Group:0 Prob:0.99755 Alpha:0.00005[MOE_TRACE] Group:0 Prob:0.99755 Alpha:0.00005

[MOE_TRACE] Group:1 Prob:0.49914 Alpha:0.00005[MOE_TRACE] Group:1 Prob:0.49914 Alpha:0.00005

[MOE_TRACE] Group:0 Prob:0.99755 Alpha:0.00005
[MOE_TRACE] Group:1 Prob:0.49914 Alpha:0.00005
[MOE_TRACE] Group:0 Prob:0.99755 Alpha:0.00005
[MOE_TRACE] Group:0 Prob:0.99755 Alpha:0.00005
[MOE_TRACE] Group:1 Prob:0.49914 Alpha:0.00005
[MOE_TRACE] Group:1 Prob:0.49914 Alpha:0.00005
[MOE_TRACE] Group:0 Prob:0.99755 Alpha:0.00005
[MOE_TRACE] Group:1 Prob:0.49914 Alpha:0.00005
[MOE_TRACE] Group:0 Prob:0.99755 Alpha:0.00005[MOE_TRACE] Group:0 Prob:0.99755 Alpha:0.00005

[MOE_TRACE] Group:0 Prob:0.99755 Alpha:0.00005
[MOE_TRACE] Group:1 Prob:0.49914 Alpha:0.00005
[MOE_TRACE] Group:1 Prob:0.49914 Alpha:0.00005
[MOE_TRACE] Group:1 Prob:0.49914 Alpha:0.00005
[MOE_TRACE] Group:0 Prob:0.99755 Alpha:0.00005
[MOE_TRACE] Group:1 Prob:0.49914 Alpha:0.00005
[MOE_TRACE] Group:0 Prob:0.99755 Alpha:0.00005
[MOE_TRACE] Group:1 Prob:0.49915 Alpha:0.00005
[MOE_TRACE] Group:0 Prob:0.99755 Alpha:0.00005
[MOE_TRACE] Group:1 Prob:0.49915 Alpha:0.00005
[MOE_TRACE] Group:0 Prob:0.99755 Alpha:0.00005
[MOE_TRACE] Group:1 Prob:0.49915 Alpha:0.00005
[MOE_TRACE] Group:0 Prob:0.99755 Alpha:0.00005
[MOE_TRACE] Group:1 Prob:0.49915 Alpha:0.00005
[MOE_TRACE] Group:0 Prob:0.99755 Alpha:0.00005
[MOE_TRACE] Group:1 Prob:0.49914 Alpha:0.00005
[MOE_TRACE] Group:0 Prob:0.99755 Alpha:0.00005
[MOE_TRACE] Group:1 Prob:0.49914 Alpha:0.00005
[MOE_TRACE] Group:0 Prob:0.99755 Alpha:0.00005
[MOE_TRACE] Group:1 Prob:0.49914 Alpha:0.00005
[MOE_TRACE] Group:0 Prob:0.99755 Alpha:0.00005
[MOE_TRACE] Group:1 Prob:0.49914 Alpha:0.00005
Epoch: 7 cost time: 29.398017406463623
Epoch: 7, Steps: 147 | Train Loss: 0.4412829 Vali Loss: 0.3049735 Test Loss: 4.0437822
EarlyStopping counter: 4 out of 3
Early stopping
Updating learning rate to 1.5625e-06
[MOE_TRACE] Group:0 Prob:0.99755 Alpha:0.00005
[MOE_TRACE] Group:0 Prob:0.99755 Alpha:0.00005[MOE_TRACE] Group:1 Prob:0.49914 Alpha:0.00005[MOE_TRACE] Group:0 Prob:0.99755 Alpha:0.00005


[MOE_TRACE] Group:1 Prob:0.49914 Alpha:0.00005
[MOE_TRACE] Group:1 Prob:0.49914 Alpha:0.00005
[MOE_TRACE] Group:0 Prob:0.99755 Alpha:0.00005
[MOE_TRACE] Group:1 Prob:0.49914 Alpha:0.00005
[MOE_TRACE] Group:1 Prob:0.49914 Alpha:0.00005
[MOE_TRACE] Group:0 Prob:0.99755 Alpha:0.00005
[MOE_TRACE] Group:1 Prob:0.49914 Alpha:0.00005
[MOE_TRACE] Group:0 Prob:0.99755 Alpha:0.00005
[MOE_TRACE] Group:1 Prob:0.49914 Alpha:0.00005
[MOE_TRACE] Group:0 Prob:0.99755 Alpha:0.00005
[MOE_TRACE] Group:1 Prob:0.49914 Alpha:0.00005
[MOE_TRACE] Group:0 Prob:0.99755 Alpha:0.00005
[MOE_TRACE] Group:1 Prob:0.49915 Alpha:0.00005
[MOE_TRACE] Group:0 Prob:0.99755 Alpha:0.00005
[MOE_TRACE] Group:1 Prob:0.49915 Alpha:0.00005
[MOE_TRACE] Group:0 Prob:0.99755 Alpha:0.00005
[MOE_TRACE] Group:1 Prob:0.49915 Alpha:0.00005
[MOE_TRACE] Group:0 Prob:0.99755 Alpha:0.00005
[MOE_TRACE] Group:1 Prob:0.49915 Alpha:0.00005
[MOE_TRACE] Group:0 Prob:0.99755 Alpha:0.00005
[MOE_TRACE] Group:1 Prob:0.49914 Alpha:0.00005
[MOE_TRACE] Group:0 Prob:0.99755 Alpha:0.00005
[MOE_TRACE] Group:1 Prob:0.49914 Alpha:0.00005
[MOE_TRACE] Group:0 Prob:0.99755 Alpha:0.00005
[MOE_TRACE] Group:1 Prob:0.49914 Alpha:0.00005
[MOE_TRACE] Group:0 Prob:0.99755 Alpha:0.00005
[MOE_TRACE] Group:1 Prob:0.49914 Alpha:0.00005
[MOE_TRACE] Group:0 Prob:0.99755 Alpha:0.00005
[MOE_TRACE] Group:1 Prob:0.49914 Alpha:0.00005
[MOE_TRACE] Group:0 Prob:0.99755 Alpha:0.00005
[MOE_TRACE] Group:1 Prob:0.49914 Alpha:0.00005
[MOE_TRACE] Group:0 Prob:0.99755 Alpha:0.00005
[MOE_TRACE] Group:1 Prob:0.49914 Alpha:0.00005
[MOE_TRACE] Group:0 Prob:0.99755 Alpha:0.00005
[MOE_TRACE] Group:1 Prob:0.49914 Alpha:0.00005
[MOE_TRACE] Group:0 Prob:0.99755 Alpha:0.00005
[MOE_TRACE] Group:1 Prob:0.49914 Alpha:0.00005
[MOE_TRACE] Group:0 Prob:0.99755 Alpha:0.00005
[MOE_TRACE] Group:1 Prob:0.49914 Alpha:0.00005
[MOE_TRACE] Group:0 Prob:0.99755 Alpha:0.00005
[MOE_TRACE] Group:1 Prob:0.49915 Alpha:0.00005
[MOE_TRACE] Group:0 Prob:0.99755 Alpha:0.00005
[MOE_TRACE] Group:1 Prob:0.49915 Alpha:0.00005
[MOE_TRACE] Group:0 Prob:0.99755 Alpha:0.00005
[MOE_TRACE] Group:1 Prob:0.49915 Alpha:0.00005
[MOE_TRACE] Group:0 Prob:0.99755 Alpha:0.00005
[MOE_TRACE] Group:1 Prob:0.49914 Alpha:0.00005
[MOE_TRACE] Group:0 Prob:0.99755 Alpha:0.00005
[MOE_TRACE] Group:1 Prob:0.49914 Alpha:0.00005
[MOE_TRACE] Group:0 Prob:0.99755 Alpha:0.00005
[MOE_TRACE] Group:1 Prob:0.49914 Alpha:0.00005
[MOE_TRACE] Group:0 Prob:0.99755 Alpha:0.00005
[MOE_TRACE] Group:1 Prob:0.49915 Alpha:0.00005
[MOE_TRACE] Group:0 Prob:0.99755 Alpha:0.00005
[MOE_TRACE] Group:1 Prob:0.49915 Alpha:0.00005
[MOE_TRACE] Group:0 Prob:0.99755 Alpha:0.00005
[MOE_TRACE] Group:1 Prob:0.49915 Alpha:0.00005
[MOE_TRACE] Group:0 Prob:0.99755 Alpha:0.00005
[MOE_TRACE] Group:1 Prob:0.49915 Alpha:0.00005
[MOE_TRACE] Group:0 Prob:0.99755 Alpha:0.00005
[MOE_TRACE] Group:1 Prob:0.49915 Alpha:0.00005
[MOE_TRACE] Group:0 Prob:0.99755 Alpha:0.00005[MOE_TRACE] Group:0 Prob:0.99755 Alpha:0.00005

[MOE_TRACE] Group:1 Prob:0.49915 Alpha:0.00005
[MOE_TRACE] Group:1 Prob:0.49915 Alpha:0.00005
[MOE_TRACE] Group:0 Prob:0.99755 Alpha:0.00005
[MOE_TRACE] Group:1 Prob:0.49915 Alpha:0.00005
[MOE_TRACE] Group:0 Prob:0.99755 Alpha:0.00005
[MOE_TRACE] Group:1 Prob:0.49914 Alpha:0.00005
[MOE_TRACE] Group:0 Prob:0.99755 Alpha:0.00005
[MOE_TRACE] Group:1 Prob:0.49914 Alpha:0.00005
[MOE_TRACE] Group:0 Prob:0.99755 Alpha:0.00005[MOE_TRACE] Group:0 Prob:0.99755 Alpha:0.00005

[MOE_TRACE] Group:1 Prob:0.49914 Alpha:0.00005
[MOE_TRACE] Group:1 Prob:0.49914 Alpha:0.00005
[MOE_TRACE] Group:0 Prob:0.99755 Alpha:0.00005
[MOE_TRACE] Group:1 Prob:0.49915 Alpha:0.00005
[MOE_TRACE] Group:0 Prob:0.99755 Alpha:0.00005
[MOE_TRACE] Group:1 Prob:0.49915 Alpha:0.00005
[MOE_TRACE] Group:0 Prob:0.99755 Alpha:0.00005
[MOE_TRACE] Group:1 Prob:0.49915 Alpha:0.00005
[MOE_TRACE] Group:0 Prob:0.99755 Alpha:0.00005
[MOE_TRACE] Group:1 Prob:0.49915 Alpha:0.00005
[MOE_TRACE] Group:0 Prob:0.99755 Alpha:0.00005
[MOE_TRACE] Group:1 Prob:0.49915 Alpha:0.00005
[MOE_TRACE] Group:0 Prob:0.99755 Alpha:0.00005
[MOE_TRACE] Group:1 Prob:0.49914 Alpha:0.00005
[MOE_TRACE] Group:0 Prob:0.99755 Alpha:0.00005
[MOE_TRACE] Group:1 Prob:0.49914 Alpha:0.00005
[MOE_TRACE] Group:0 Prob:0.99755 Alpha:0.00005
[MOE_TRACE] Group:1 Prob:0.49914 Alpha:0.00005
[MOE_TRACE] Group:0 Prob:0.99755 Alpha:0.00005
[MOE_TRACE] Group:1 Prob:0.49915 Alpha:0.00005
[MOE_TRACE] Group:0 Prob:0.99755 Alpha:0.00005
[MOE_TRACE] Group:1 Prob:0.49915 Alpha:0.00005[MOE_TRACE] Group:0 Prob:0.99755 Alpha:0.00005

[MOE_TRACE] Group:1 Prob:0.49915 Alpha:0.00005
[MOE_TRACE] Group:0 Prob:0.99755 Alpha:0.00005
[MOE_TRACE] Group:1 Prob:0.49915 Alpha:0.00005
[MOE_TRACE] Group:0 Prob:0.99755 Alpha:0.00005
[MOE_TRACE] Group:1 Prob:0.49914 Alpha:0.00005
[MOE_TRACE] Group:0 Prob:0.99755 Alpha:0.00005
[MOE_TRACE] Group:1 Prob:0.49914 Alpha:0.00005
[MOE_TRACE] Group:0 Prob:0.99755 Alpha:0.00005
[MOE_TRACE] Group:1 Prob:0.49914 Alpha:0.00005
[MOE_TRACE] Group:0 Prob:0.99755 Alpha:0.00005
[MOE_TRACE] Group:1 Prob:0.49914 Alpha:0.00005
[MOE_TRACE] Group:0 Prob:0.99755 Alpha:0.00005
[MOE_TRACE] Group:1 Prob:0.49914 Alpha:0.00005
[MOE_TRACE] Group:0 Prob:0.99755 Alpha:0.00005
[MOE_TRACE] Group:1 Prob:0.49914 Alpha:0.00005
[MOE_TRACE] Group:0 Prob:0.99755 Alpha:0.00005
[MOE_TRACE] Group:1 Prob:0.49914 Alpha:0.00005
[MOE_TRACE] Group:0 Prob:0.99755 Alpha:0.00005
[MOE_TRACE] Group:1 Prob:0.49914 Alpha:0.00005
[MOE_TRACE] Group:0 Prob:0.99755 Alpha:0.00005
[MOE_TRACE] Group:1 Prob:0.49915 Alpha:0.00005
[MOE_TRACE] Group:0 Prob:0.99755 Alpha:0.00005
[MOE_TRACE] Group:1 Prob:0.49914 Alpha:0.00005
[MOE_TRACE] Group:0 Prob:0.99755 Alpha:0.00005
[MOE_TRACE] Group:1 Prob:0.49914 Alpha:0.00005
[MOE_TRACE] Group:0 Prob:0.99755 Alpha:0.00005
[MOE_TRACE] Group:1 Prob:0.49914 Alpha:0.00005
[MOE_TRACE] Group:0 Prob:0.99755 Alpha:0.00005
[MOE_TRACE] Group:0 Prob:0.99755 Alpha:0.00005
[MOE_TRACE] Group:1 Prob:0.49914 Alpha:0.00005
[MOE_TRACE] Group:1 Prob:0.49914 Alpha:0.00005
[MOE_TRACE] Group:0 Prob:0.99755 Alpha:0.00005
[MOE_TRACE] Group:1 Prob:0.49914 Alpha:0.00005
[MOE_TRACE] Group:0 Prob:0.99755 Alpha:0.00005
[MOE_TRACE] Group:1 Prob:0.49914 Alpha:0.00005
[MOE_TRACE] Group:0 Prob:0.99755 Alpha:0.00005
[MOE_TRACE] Group:1 Prob:0.49914 Alpha:0.00005
[MOE_TRACE] Group:0 Prob:0.99755 Alpha:0.00005
[MOE_TRACE] Group:1 Prob:0.49915 Alpha:0.00005
[MOE_TRACE] Group:0 Prob:0.99755 Alpha:0.00005
[MOE_TRACE] Group:1 Prob:0.49915 Alpha:0.00005
[MOE_TRACE] Group:0 Prob:0.99755 Alpha:0.00005
[MOE_TRACE] Group:1 Prob:0.49915 Alpha:0.00005
[MOE_TRACE] Group:0 Prob:0.99755 Alpha:0.00005
[MOE_TRACE] Group:1 Prob:0.49914 Alpha:0.00005
[MOE_TRACE] Group:0 Prob:0.99755 Alpha:0.00005
[MOE_TRACE] Group:1 Prob:0.49914 Alpha:0.00005
[MOE_TRACE] Group:0 Prob:0.99755 Alpha:0.00005
[MOE_TRACE] Group:1 Prob:0.49914 Alpha:0.00005
[MOE_TRACE] Group:0 Prob:0.99755 Alpha:0.00005
[MOE_TRACE] Group:1 Prob:0.49914 Alpha:0.00005
[MOE_TRACE] Group:0 Prob:0.99755 Alpha:0.00005
[MOE_TRACE] Group:1 Prob:0.49914 Alpha:0.00005
[MOE_TRACE] Group:0 Prob:0.99755 Alpha:0.00005
[MOE_TRACE] Group:1 Prob:0.49914 Alpha:0.00005
[MOE_TRACE] Group:0 Prob:0.99755 Alpha:0.00005
[MOE_TRACE] Group:0 Prob:0.99755 Alpha:0.00005
[MOE_TRACE] Group:1 Prob:0.49914 Alpha:0.00005
[MOE_TRACE] Group:1 Prob:0.49914 Alpha:0.00005
[MOE_TRACE] Group:0 Prob:0.99755 Alpha:0.00005
[MOE_TRACE] Group:1 Prob:0.49914 Alpha:0.00005
[MOE_TRACE] Group:0 Prob:0.99755 Alpha:0.00005
[MOE_TRACE] Group:1 Prob:0.49914 Alpha:0.00005
[MOE_TRACE] Group:0 Prob:0.99755 Alpha:0.00005
[MOE_TRACE] Group:1 Prob:0.49914 Alpha:0.00005
[MOE_TRACE] Group:0 Prob:0.99755 Alpha:0.00005
[MOE_TRACE] Group:1 Prob:0.49914 Alpha:0.00005
[MOE_TRACE] Group:0 Prob:0.99755 Alpha:0.00005
[MOE_TRACE] Group:1 Prob:0.49914 Alpha:0.00005
[MOE_TRACE] Group:0 Prob:0.99755 Alpha:0.00005
[MOE_TRACE] Group:1 Prob:0.49914 Alpha:0.00005
[MOE_TRACE] Group:0 Prob:0.99755 Alpha:0.00005
[MOE_TRACE] Group:1 Prob:0.49914 Alpha:0.00005
[MOE_TRACE] Group:0 Prob:0.99755 Alpha:0.00005
[MOE_TRACE] Group:1 Prob:0.49914 Alpha:0.00005
[MOE_TRACE] Group:0 Prob:0.99755 Alpha:0.00005
[MOE_TRACE] Group:1 Prob:0.49914 Alpha:0.00005
[MOE_TRACE] Group:0 Prob:0.99755 Alpha:0.00005
[MOE_TRACE] Group:1 Prob:0.49914 Alpha:0.00005
[MOE_TRACE] Group:0 Prob:0.99755 Alpha:0.00005
[MOE_TRACE] Group:1 Prob:0.49914 Alpha:0.00005
[MOE_TRACE] Group:0 Prob:0.99755 Alpha:0.00005
[MOE_TRACE] Group:1 Prob:0.49914 Alpha:0.00005
[MOE_TRACE] Group:0 Prob:0.99755 Alpha:0.00005
[MOE_TRACE] Group:1 Prob:0.49914 Alpha:0.00005
[MOE_TRACE] Group:0 Prob:0.99755 Alpha:0.00005
[MOE_TRACE] Group:1 Prob:0.49914 Alpha:0.00005
[MOE_TRACE] Group:0 Prob:0.99755 Alpha:0.00005
[MOE_TRACE] Group:1 Prob:0.49914 Alpha:0.00005
[MOE_TRACE] Group:0 Prob:0.99755 Alpha:0.00005
[MOE_TRACE] Group:1 Prob:0.49914 Alpha:0.00005
[MOE_TRACE] Group:0 Prob:0.99755 Alpha:0.00005
[MOE_TRACE] Group:1 Prob:0.49914 Alpha:0.00005
[MOE_TRACE] Group:0 Prob:0.99755 Alpha:0.00005
[MOE_TRACE] Group:1 Prob:0.49914 Alpha:0.00005
[MOE_TRACE] Group:0 Prob:0.99755 Alpha:0.00005
[MOE_TRACE] Group:1 Prob:0.49914 Alpha:0.00005
[MOE_TRACE] Group:0 Prob:0.99755 Alpha:0.00005
[MOE_TRACE] Group:1 Prob:0.49914 Alpha:0.00005
[MOE_TRACE] Group:0 Prob:0.99755 Alpha:0.00005
[MOE_TRACE] Group:1 Prob:0.49914 Alpha:0.00005
[MOE_TRACE] Group:0 Prob:0.99755 Alpha:0.00005
[MOE_TRACE] Group:1 Prob:0.49914 Alpha:0.00005
[MOE_TRACE] Group:0 Prob:0.99755 Alpha:0.00005
[MOE_TRACE] Group:1 Prob:0.49914 Alpha:0.00005
[MOE_TRACE] Group:0 Prob:0.99755 Alpha:0.00005
[MOE_TRACE] Group:1 Prob:0.49914 Alpha:0.00005
[MOE_TRACE] Group:0 Prob:0.99755 Alpha:0.00005
[MOE_TRACE] Group:1 Prob:0.49914 Alpha:0.00005
[MOE_TRACE] Group:0 Prob:0.99755 Alpha:0.00005
[MOE_TRACE] Group:1 Prob:0.49914 Alpha:0.00005
[MOE_TRACE] Group:0 Prob:0.99755 Alpha:0.00005
[MOE_TRACE] Group:1 Prob:0.49914 Alpha:0.00005
[MOE_TRACE] Group:0 Prob:0.99755 Alpha:0.00005
[MOE_TRACE] Group:1 Prob:0.49914 Alpha:0.00005
[MOE_TRACE] Group:0 Prob:0.99755 Alpha:0.00005
[MOE_TRACE] Group:1 Prob:0.49915 Alpha:0.00005
[MOE_TRACE] Group:0 Prob:0.99755 Alpha:0.00005
[MOE_TRACE] Group:1 Prob:0.49915 Alpha:0.00005
[MOE_TRACE] Group:0 Prob:0.99755 Alpha:0.00005
[MOE_TRACE] Group:0 Prob:0.99755 Alpha:0.00005
[MOE_TRACE] Group:1 Prob:0.49915 Alpha:0.00005
[MOE_TRACE] Group:1 Prob:0.49915 Alpha:0.00005
[MOE_TRACE] Group:0 Prob:0.99755 Alpha:0.00005
[MOE_TRACE] Group:1 Prob:0.49914 Alpha:0.00005
[MOE_TRACE] Group:0 Prob:0.99755 Alpha:0.00005
[MOE_TRACE] Group:1 Prob:0.49914 Alpha:0.00005
[MOE_TRACE] Group:0 Prob:0.99755 Alpha:0.00005
[MOE_TRACE] Group:1 Prob:0.49914 Alpha:0.00005
[MOE_TRACE] Group:0 Prob:0.99755 Alpha:0.00005
[MOE_TRACE] Group:1 Prob:0.49914 Alpha:0.00005
[MOE_TRACE] Group:0 Prob:0.99755 Alpha:0.00005
[MOE_TRACE] Group:1 Prob:0.49914 Alpha:0.00005
[MOE_TRACE] Group:0 Prob:0.99755 Alpha:0.00005
[MOE_TRACE] Group:1 Prob:0.49914 Alpha:0.00005
[MOE_TRACE] Group:0 Prob:0.99755 Alpha:0.00005
[MOE_TRACE] Group:1 Prob:0.49914 Alpha:0.00005
[MOE_TRACE] Group:0 Prob:0.99755 Alpha:0.00005
[MOE_TRACE] Group:1 Prob:0.49914 Alpha:0.00005
[MOE_TRACE] Group:0 Prob:0.99755 Alpha:0.00005
[MOE_TRACE] Group:1 Prob:0.49914 Alpha:0.00005
[MOE_TRACE] Group:0 Prob:0.99755 Alpha:0.00005
[MOE_TRACE] Group:1 Prob:0.49914 Alpha:0.00005
[MOE_TRACE] Group:0 Prob:0.99755 Alpha:0.00005
[MOE_TRACE] Group:1 Prob:0.49914 Alpha:0.00005
[MOE_TRACE] Group:0 Prob:0.99755 Alpha:0.00005
[MOE_TRACE] Group:1 Prob:0.49914 Alpha:0.00005
[MOE_TRACE] Group:0 Prob:0.99755 Alpha:0.00005
[MOE_TRACE] Group:1 Prob:0.49914 Alpha:0.00005
[MOE_TRACE] Group:0 Prob:0.99755 Alpha:0.00005
[MOE_TRACE] Group:1 Prob:0.49914 Alpha:0.00005
[MOE_TRACE] Group:0 Prob:0.99755 Alpha:0.00005
[MOE_TRACE] Group:1 Prob:0.49914 Alpha:0.00005
[MOE_TRACE] Group:0 Prob:0.99755 Alpha:0.00005
[MOE_TRACE] Group:1 Prob:0.49914 Alpha:0.00005
[MOE_TRACE] Group:0 Prob:0.99755 Alpha:0.00005
[MOE_TRACE] Group:1 Prob:0.49914 Alpha:0.00005
[MOE_TRACE] Group:0 Prob:0.99755 Alpha:0.00005
[MOE_TRACE] Group:1 Prob:0.49914 Alpha:0.00005
[MOE_TRACE] Group:0 Prob:0.99755 Alpha:0.00005
[MOE_TRACE] Group:1 Prob:0.49914 Alpha:0.00005
[MOE_TRACE] Group:0 Prob:0.99755 Alpha:0.00005
[MOE_TRACE] Group:1 Prob:0.49914 Alpha:0.00005
[MOE_TRACE] Group:0 Prob:0.99755 Alpha:0.00005
[MOE_TRACE] Group:1 Prob:0.49914 Alpha:0.00005
[MOE_TRACE] Group:0 Prob:0.99755 Alpha:0.00005
[MOE_TRACE] Group:1 Prob:0.49914 Alpha:0.00005
[MOE_TRACE] Group:0 Prob:0.99755 Alpha:0.00005
[MOE_TRACE] Group:1 Prob:0.49914 Alpha:0.00005
[MOE_TRACE] Group:0 Prob:0.99755 Alpha:0.00005
[MOE_TRACE] Group:1 Prob:0.49914 Alpha:0.00005
[MOE_TRACE] Group:0 Prob:0.99755 Alpha:0.00005
[MOE_TRACE] Group:1 Prob:0.49914 Alpha:0.00005
[MOE_TRACE] Group:0 Prob:0.99755 Alpha:0.00005
[MOE_TRACE] Group:1 Prob:0.49914 Alpha:0.00005
[MOE_TRACE] Group:0 Prob:0.99755 Alpha:0.00005
[MOE_TRACE] Group:1 Prob:0.49914 Alpha:0.00005
[MOE_TRACE] Group:0 Prob:0.99755 Alpha:0.00005
[MOE_TRACE] Group:1 Prob:0.49914 Alpha:0.00005
[MOE_TRACE] Group:0 Prob:0.99755 Alpha:0.00005
[MOE_TRACE] Group:1 Prob:0.49914 Alpha:0.00005
[MOE_TRACE] Group:0 Prob:0.99755 Alpha:0.00005
[MOE_TRACE] Group:1 Prob:0.49914 Alpha:0.00005
[MOE_TRACE] Group:0 Prob:0.99755 Alpha:0.00005
[MOE_TRACE] Group:1 Prob:0.49914 Alpha:0.00005
[MOE_TRACE] Group:0 Prob:0.99755 Alpha:0.00005
[MOE_TRACE] Group:1 Prob:0.49914 Alpha:0.00005
[MOE_TRACE] Group:0 Prob:0.99755 Alpha:0.00005
[MOE_TRACE] Group:1 Prob:0.49914 Alpha:0.00005
[MOE_TRACE] Group:0 Prob:0.99755 Alpha:0.00005
[MOE_TRACE] Group:1 Prob:0.49914 Alpha:0.00005
[MOE_TRACE] Group:0 Prob:0.99755 Alpha:0.00005
[MOE_TRACE] Group:1 Prob:0.49914 Alpha:0.00005
[MOE_TRACE] Group:0 Prob:0.99755 Alpha:0.00005
[MOE_TRACE] Group:1 Prob:0.49914 Alpha:0.00005
[MOE_TRACE] Group:0 Prob:0.99755 Alpha:0.00005
[MOE_TRACE] Group:0 Prob:0.99755 Alpha:0.00005[MOE_TRACE] Group:1 Prob:0.49914 Alpha:0.00005

[MOE_TRACE] Group:1 Prob:0.49914 Alpha:0.00005
[MOE_TRACE] Group:0 Prob:0.99755 Alpha:0.00005
[MOE_TRACE] Group:1 Prob:0.49914 Alpha:0.00005
[MOE_TRACE] Group:0 Prob:0.99755 Alpha:0.00005
[MOE_TRACE] Group:1 Prob:0.49914 Alpha:0.00005
[MOE_TRACE] Group:0 Prob:0.99755 Alpha:0.00005
[MOE_TRACE] Group:1 Prob:0.49914 Alpha:0.00005
[MOE_TRACE] Group:0 Prob:0.99755 Alpha:0.00005
[MOE_TRACE] Group:0 Prob:0.99755 Alpha:0.00005
[MOE_TRACE] Group:1 Prob:0.49914 Alpha:0.00005
[MOE_TRACE] Group:1 Prob:0.49914 Alpha:0.00005
[MOE_TRACE] Group:0 Prob:0.99755 Alpha:0.00005
[MOE_TRACE] Group:1 Prob:0.49914 Alpha:0.00005
[MOE_TRACE] Group:0 Prob:0.99755 Alpha:0.00005
[MOE_TRACE] Group:1 Prob:0.49914 Alpha:0.00005
[MOE_TRACE] Group:0 Prob:0.99755 Alpha:0.00005
[MOE_TRACE] Group:1 Prob:0.49914 Alpha:0.00005
[MOE_TRACE] Group:0 Prob:0.99755 Alpha:0.00005
[MOE_TRACE] Group:1 Prob:0.49914 Alpha:0.00005
[MOE_TRACE] Group:0 Prob:0.99755 Alpha:0.00005
[MOE_TRACE] Group:1 Prob:0.49914 Alpha:0.00005
[MOE_TRACE] Group:0 Prob:0.99755 Alpha:0.00005
[MOE_TRACE] Group:1 Prob:0.49914 Alpha:0.00005
[MOE_TRACE] Group:0 Prob:0.99755 Alpha:0.00005
[MOE_TRACE] Group:1 Prob:0.49914 Alpha:0.00005
[MOE_TRACE] Group:0 Prob:0.99755 Alpha:0.00005
[MOE_TRACE] Group:1 Prob:0.49914 Alpha:0.00005
[MOE_TRACE] Group:0 Prob:0.99755 Alpha:0.00005
[MOE_TRACE] Group:1 Prob:0.49914 Alpha:0.00005
[MOE_TRACE] Group:0 Prob:0.99755 Alpha:0.00005[MOE_TRACE] Group:0 Prob:0.99755 Alpha:0.00005

[MOE_TRACE] Group:1 Prob:0.49914 Alpha:0.00005
[MOE_TRACE] Group:1 Prob:0.49914 Alpha:0.00005
[MOE_TRACE] Group:0 Prob:0.99755 Alpha:0.00005
[MOE_TRACE] Group:1 Prob:0.49915 Alpha:0.00005
[MOE_TRACE] Group:0 Prob:0.99755 Alpha:0.00005
[MOE_TRACE] Group:1 Prob:0.49915 Alpha:0.00005
[MOE_TRACE] Group:0 Prob:0.99755 Alpha:0.00005
[MOE_TRACE] Group:1 Prob:0.49915 Alpha:0.00005
[MOE_TRACE] Group:0 Prob:0.99755 Alpha:0.00005
[MOE_TRACE] Group:1 Prob:0.49915 Alpha:0.00005
[MOE_TRACE] Group:0 Prob:0.99755 Alpha:0.00005
[MOE_TRACE] Group:1 Prob:0.49915 Alpha:0.00005
[MOE_TRACE] Group:0 Prob:0.99755 Alpha:0.00005
[MOE_TRACE] Group:1 Prob:0.49915 Alpha:0.00005
[MOE_TRACE] Group:0 Prob:0.99755 Alpha:0.00005
[MOE_TRACE] Group:1 Prob:0.49914 Alpha:0.00005
[MOE_TRACE] Group:0 Prob:0.99755 Alpha:0.00005
[MOE_TRACE] Group:1 Prob:0.49914 Alpha:0.00005
[MOE_TRACE] Group:0 Prob:0.99755 Alpha:0.00005
[MOE_TRACE] Group:1 Prob:0.49914 Alpha:0.00005
[MOE_TRACE] Group:0 Prob:0.99755 Alpha:0.00005
[MOE_TRACE] Group:1 Prob:0.49914 Alpha:0.00005
[MOE_TRACE] Group:0 Prob:0.99755 Alpha:0.00005
[MOE_TRACE] Group:1 Prob:0.49914 Alpha:0.00005
[MOE_TRACE] Group:0 Prob:0.99755 Alpha:0.00005
[MOE_TRACE] Group:1 Prob:0.49914 Alpha:0.00005
[MOE_TRACE] Group:0 Prob:0.99755 Alpha:0.00005
[MOE_TRACE] Group:1 Prob:0.49914 Alpha:0.00005
[MOE_TRACE] Group:0 Prob:0.99755 Alpha:0.00005
[MOE_TRACE] Group:1 Prob:0.49914 Alpha:0.00005
[MOE_TRACE] Group:0 Prob:0.99755 Alpha:0.00005
[MOE_TRACE] Group:1 Prob:0.49914 Alpha:0.00005
[MOE_TRACE] Group:0 Prob:0.99755 Alpha:0.00005
[MOE_TRACE] Group:1 Prob:0.49914 Alpha:0.00005
[MOE_TRACE] Group:0 Prob:0.99755 Alpha:0.00005
[MOE_TRACE] Group:1 Prob:0.49914 Alpha:0.00005
[MOE_TRACE] Group:0 Prob:0.99755 Alpha:0.00005
[MOE_TRACE] Group:1 Prob:0.49914 Alpha:0.00005
[MOE_TRACE] Group:0 Prob:0.99755 Alpha:0.00005
[MOE_TRACE] Group:1 Prob:0.49914 Alpha:0.00005
[MOE_TRACE] Group:0 Prob:0.99755 Alpha:0.00005
[MOE_TRACE] Group:1 Prob:0.49914 Alpha:0.00005
[MOE_TRACE] Group:0 Prob:0.99755 Alpha:0.00005
[MOE_TRACE] Group:1 Prob:0.49914 Alpha:0.00005
[MOE_TRACE] Group:0 Prob:0.99755 Alpha:0.00005
[MOE_TRACE] Group:1 Prob:0.49914 Alpha:0.00005
[MOE_TRACE] Group:0 Prob:0.99755 Alpha:0.00005[MOE_TRACE] Group:0 Prob:0.99755 Alpha:0.00005

[MOE_TRACE] Group:1 Prob:0.49914 Alpha:0.00005
[MOE_TRACE] Group:1 Prob:0.49914 Alpha:0.00005
[MOE_TRACE] Group:0 Prob:0.99755 Alpha:0.00005
[MOE_TRACE] Group:0 Prob:0.99755 Alpha:0.00005
[MOE_TRACE] Group:1 Prob:0.49914 Alpha:0.00005
[MOE_TRACE] Group:1 Prob:0.49914 Alpha:0.00005
[MOE_TRACE] Group:0 Prob:0.99755 Alpha:0.00005
[MOE_TRACE] Group:1 Prob:0.49914 Alpha:0.00005
[MOE_TRACE] Group:0 Prob:0.99755 Alpha:0.00005
[MOE_TRACE] Group:1 Prob:0.49914 Alpha:0.00005
[MOE_TRACE] Group:0 Prob:0.99755 Alpha:0.00005
[MOE_TRACE] Group:1 Prob:0.49914 Alpha:0.00005
[MOE_TRACE] Group:0 Prob:0.99755 Alpha:0.00005
[MOE_TRACE] Group:1 Prob:0.49914 Alpha:0.00005
[MOE_TRACE] Group:0 Prob:0.99755 Alpha:0.00005
[MOE_TRACE] Group:1 Prob:0.49914 Alpha:0.00005
[MOE_TRACE] Group:0 Prob:0.99755 Alpha:0.00005
[MOE_TRACE] Group:1 Prob:0.49914 Alpha:0.00005
[MOE_TRACE] Group:0 Prob:0.99755 Alpha:0.00005
[MOE_TRACE] Group:1 Prob:0.49914 Alpha:0.00005
[MOE_TRACE] Group:0 Prob:0.99755 Alpha:0.00005
[MOE_TRACE] Group:1 Prob:0.49914 Alpha:0.00005
[MOE_TRACE] Group:0 Prob:0.99755 Alpha:0.00005
[MOE_TRACE] Group:1 Prob:0.49914 Alpha:0.00005
[MOE_TRACE] Group:0 Prob:0.99755 Alpha:0.00005
[MOE_TRACE] Group:1 Prob:0.49914 Alpha:0.00005
[MOE_TRACE] Group:0 Prob:0.99755 Alpha:0.00005
[MOE_TRACE] Group:1 Prob:0.49914 Alpha:0.00005
[MOE_TRACE] Group:0 Prob:0.99755 Alpha:0.00005
[MOE_TRACE] Group:1 Prob:0.49914 Alpha:0.00005
[MOE_TRACE] Group:0 Prob:0.99755 Alpha:0.00005
[MOE_TRACE] Group:1 Prob:0.49914 Alpha:0.00005
[MOE_TRACE] Group:0 Prob:0.99755 Alpha:0.00005
[MOE_TRACE] Group:1 Prob:0.49914 Alpha:0.00005
[MOE_TRACE] Group:0 Prob:0.99755 Alpha:0.00005
[MOE_TRACE] Group:1 Prob:0.49914 Alpha:0.00005
[MOE_TRACE] Group:0 Prob:0.99755 Alpha:0.00005
[MOE_TRACE] Group:1 Prob:0.49914 Alpha:0.00005
[MOE_TRACE] Group:0 Prob:0.99755 Alpha:0.00005
[MOE_TRACE] Group:1 Prob:0.49914 Alpha:0.00005
[MOE_TRACE] Group:0 Prob:0.99755 Alpha:0.00005
[MOE_TRACE] Group:1 Prob:0.49914 Alpha:0.00005
[MOE_TRACE] Group:0 Prob:0.99755 Alpha:0.00005
[MOE_TRACE] Group:1 Prob:0.49914 Alpha:0.00005
[MOE_TRACE] Group:0 Prob:0.99755 Alpha:0.00005
[MOE_TRACE] Group:1 Prob:0.49914 Alpha:0.00005
[MOE_TRACE] Group:0 Prob:0.99755 Alpha:0.00005
[MOE_TRACE] Group:1 Prob:0.49914 Alpha:0.00005
[MOE_TRACE] Group:0 Prob:0.99755 Alpha:0.00005
[MOE_TRACE] Group:1 Prob:0.49914 Alpha:0.00005
[MOE_TRACE] Group:0 Prob:0.99755 Alpha:0.00005
[MOE_TRACE] Group:1 Prob:0.49914 Alpha:0.00005
[MOE_TRACE] Group:0 Prob:0.99755 Alpha:0.00005
[MOE_TRACE] Group:0 Prob:0.99755 Alpha:0.00005
[MOE_TRACE] Group:1 Prob:0.49914 Alpha:0.00005
[MOE_TRACE] Group:1 Prob:0.49914 Alpha:0.00005
[MOE_TRACE] Group:0 Prob:0.99755 Alpha:0.00005
[MOE_TRACE] Group:1 Prob:0.49914 Alpha:0.00005
[MOE_TRACE] Group:0 Prob:0.99755 Alpha:0.00005
[MOE_TRACE] Group:1 Prob:0.49914 Alpha:0.00005
[MOE_TRACE] Group:0 Prob:0.99755 Alpha:0.00005
[MOE_TRACE] Group:1 Prob:0.49914 Alpha:0.00005
[MOE_TRACE] Group:0 Prob:0.99755 Alpha:0.00005
[MOE_TRACE] Group:1 Prob:0.49914 Alpha:0.00005
[MOE_TRACE] Group:0 Prob:0.99755 Alpha:0.00005
[MOE_TRACE] Group:1 Prob:0.49914 Alpha:0.00005
[MOE_TRACE] Group:0 Prob:0.99755 Alpha:0.00005
[MOE_TRACE] Group:1 Prob:0.49914 Alpha:0.00005
[MOE_TRACE] Group:0 Prob:0.99755 Alpha:0.00005
[MOE_TRACE] Group:1 Prob:0.49914 Alpha:0.00005
[MOE_TRACE] Group:0 Prob:0.99755 Alpha:0.00005
[MOE_TRACE] Group:1 Prob:0.49914 Alpha:0.00005
[MOE_TRACE] Group:0 Prob:0.99755 Alpha:0.00005
[MOE_TRACE] Group:1 Prob:0.49914 Alpha:0.00005
[MOE_TRACE] Group:0 Prob:0.99755 Alpha:0.00005
[MOE_TRACE] Group:1 Prob:0.49914 Alpha:0.00005
[MOE_TRACE] Group:0 Prob:0.99755 Alpha:0.00005
[MOE_TRACE] Group:1 Prob:0.49914 Alpha:0.00005
[MOE_TRACE] Group:0 Prob:0.99755 Alpha:0.00005
[MOE_TRACE] Group:1 Prob:0.49914 Alpha:0.00005
[MOE_TRACE] Group:0 Prob:0.99755 Alpha:0.00005
[MOE_TRACE] Group:1 Prob:0.49914 Alpha:0.00005
[MOE_TRACE] Group:0 Prob:0.99755 Alpha:0.00005
[MOE_TRACE] Group:0 Prob:0.99755 Alpha:0.00005[MOE_TRACE] Group:0 Prob:0.99755 Alpha:0.00005

[MOE_TRACE] Group:1 Prob:0.49914 Alpha:0.00005
[MOE_TRACE] Group:1 Prob:0.49914 Alpha:0.00005
[MOE_TRACE] Group:1 Prob:0.49914 Alpha:0.00005
[MOE_TRACE] Group:0 Prob:0.99755 Alpha:0.00005
[MOE_TRACE] Group:1 Prob:0.49914 Alpha:0.00005
[MOE_TRACE] Group:0 Prob:0.99755 Alpha:0.00005
[MOE_TRACE] Group:1 Prob:0.49914 Alpha:0.00005[MOE_TRACE] Group:0 Prob:0.99755 Alpha:0.00005

[MOE_TRACE] Group:1 Prob:0.49914 Alpha:0.00005
[MOE_TRACE] Group:0 Prob:0.99755 Alpha:0.00005
[MOE_TRACE] Group:1 Prob:0.49914 Alpha:0.00005
[MOE_TRACE] Group:0 Prob:0.99755 Alpha:0.00005
[MOE_TRACE] Group:1 Prob:0.49914 Alpha:0.00005
[MOE_TRACE] Group:0 Prob:0.99755 Alpha:0.00005
[MOE_TRACE] Group:1 Prob:0.49914 Alpha:0.00005
[MOE_TRACE] Group:0 Prob:0.99755 Alpha:0.00005
[MOE_TRACE] Group:0 Prob:0.99755 Alpha:0.00005[MOE_TRACE] Group:1 Prob:0.49914 Alpha:0.00005

[MOE_TRACE] Group:1 Prob:0.49914 Alpha:0.00005
[MOE_TRACE] Group:0 Prob:0.99755 Alpha:0.00005
[MOE_TRACE] Group:1 Prob:0.49914 Alpha:0.00005
[MOE_TRACE] Group:0 Prob:0.99755 Alpha:0.00005
[MOE_TRACE] Group:1 Prob:0.49914 Alpha:0.00005
[MOE_TRACE] Group:0 Prob:0.99755 Alpha:0.00005
[MOE_TRACE] Group:1 Prob:0.49914 Alpha:0.00005
[MOE_TRACE] Group:0 Prob:0.99755 Alpha:0.00005
[MOE_TRACE] Group:0 Prob:0.99755 Alpha:0.00005
[MOE_TRACE] Group:1 Prob:0.49914 Alpha:0.00005
[MOE_TRACE] Group:1 Prob:0.49914 Alpha:0.00005
[MOE_TRACE] Group:0 Prob:0.99755 Alpha:0.00005
[MOE_TRACE] Group:1 Prob:0.49914 Alpha:0.00005
[MOE_TRACE] Group:0 Prob:0.99755 Alpha:0.00005
[MOE_TRACE] Group:1 Prob:0.49914 Alpha:0.00005
[MOE_TRACE] Group:0 Prob:0.99755 Alpha:0.00005
[MOE_TRACE] Group:1 Prob:0.49914 Alpha:0.00005
[MOE_TRACE] Group:0 Prob:0.99755 Alpha:0.00005
[MOE_TRACE] Group:1 Prob:0.49914 Alpha:0.00005
[MOE_TRACE] Group:0 Prob:0.99755 Alpha:0.00005
[MOE_TRACE] Group:1 Prob:0.49914 Alpha:0.00005
[MOE_TRACE] Group:0 Prob:0.99755 Alpha:0.00005
[MOE_TRACE] Group:1 Prob:0.49914 Alpha:0.00005
[MOE_TRACE] Group:0 Prob:0.99755 Alpha:0.00005
[MOE_TRACE] Group:1 Prob:0.49914 Alpha:0.00005
[MOE_TRACE] Group:0 Prob:0.99755 Alpha:0.00005
[MOE_TRACE] Group:1 Prob:0.49914 Alpha:0.00005
[MOE_TRACE] Group:0 Prob:0.99755 Alpha:0.00005
[MOE_TRACE] Group:1 Prob:0.49914 Alpha:0.00005
[MOE_TRACE] Group:0 Prob:0.99755 Alpha:0.00005
[MOE_TRACE] Group:1 Prob:0.49914 Alpha:0.00005
[MOE_TRACE] Group:0 Prob:0.99755 Alpha:0.00005
[MOE_TRACE] Group:1 Prob:0.49914 Alpha:0.00005
[MOE_TRACE] Group:0 Prob:0.99755 Alpha:0.00005
[MOE_TRACE] Group:1 Prob:0.49914 Alpha:0.00005
[MOE_TRACE] Group:0 Prob:0.99755 Alpha:0.00005
[MOE_TRACE] Group:1 Prob:0.49914 Alpha:0.00005
[MOE_TRACE] Group:0 Prob:0.99755 Alpha:0.00005
[MOE_TRACE] Group:1 Prob:0.49914 Alpha:0.00005
[MOE_TRACE] Group:0 Prob:0.99755 Alpha:0.00005
[MOE_TRACE] Group:1 Prob:0.49914 Alpha:0.00005
[MOE_TRACE] Group:0 Prob:0.99755 Alpha:0.00005
[MOE_TRACE] Group:1 Prob:0.49914 Alpha:0.00005
[MOE_TRACE] Group:0 Prob:0.99755 Alpha:0.00005
[MOE_TRACE] Group:1 Prob:0.49914 Alpha:0.00005
[MOE_TRACE] Group:0 Prob:0.99755 Alpha:0.00005
[MOE_TRACE] Group:1 Prob:0.49914 Alpha:0.00005
[MOE_TRACE] Group:0 Prob:0.99755 Alpha:0.00005
[MOE_TRACE] Group:1 Prob:0.49914 Alpha:0.00005
[MOE_TRACE] Group:0 Prob:0.99755 Alpha:0.00005
[MOE_TRACE] Group:1 Prob:0.49914 Alpha:0.00005
[MOE_TRACE] Group:0 Prob:0.99755 Alpha:0.00005
[MOE_TRACE] Group:1 Prob:0.49914 Alpha:0.00005
[MOE_TRACE] Group:0 Prob:0.99755 Alpha:0.00005
[MOE_TRACE] Group:1 Prob:0.49914 Alpha:0.00005
[MOE_TRACE] Group:0 Prob:0.99755 Alpha:0.00005
[MOE_TRACE] Group:1 Prob:0.49914 Alpha:0.00005
[MOE_TRACE] Group:0 Prob:0.99755 Alpha:0.00005
[MOE_TRACE] Group:1 Prob:0.49914 Alpha:0.00005
[MOE_TRACE] Group:0 Prob:0.99755 Alpha:0.00005
[MOE_TRACE] Group:1 Prob:0.49914 Alpha:0.00005
[MOE_TRACE] Group:0 Prob:0.99755 Alpha:0.00005
[MOE_TRACE] Group:0 Prob:0.99755 Alpha:0.00005
[MOE_TRACE] Group:1 Prob:0.49914 Alpha:0.00005
[MOE_TRACE] Group:1 Prob:0.49914 Alpha:0.00005
[MOE_TRACE] Group:0 Prob:0.99755 Alpha:0.00005
[MOE_TRACE] Group:1 Prob:0.49914 Alpha:0.00005
[MOE_TRACE] Group:0 Prob:0.99755 Alpha:0.00005
[MOE_TRACE] Group:1 Prob:0.49914 Alpha:0.00005
[MOE_TRACE] Group:0 Prob:0.99755 Alpha:0.00005
[MOE_TRACE] Group:1 Prob:0.49914 Alpha:0.00005
[MOE_TRACE] Group:0 Prob:0.99755 Alpha:0.00005
[MOE_TRACE] Group:1 Prob:0.49914 Alpha:0.00005
[MOE_TRACE] Group:0 Prob:0.99755 Alpha:0.00005
[MOE_TRACE] Group:1 Prob:0.49914 Alpha:0.00005
[MOE_TRACE] Group:0 Prob:0.99755 Alpha:0.00005
[MOE_TRACE] Group:1 Prob:0.49914 Alpha:0.00005
[MOE_TRACE] Group:0 Prob:0.99755 Alpha:0.00005
[MOE_TRACE] Group:1 Prob:0.49914 Alpha:0.00005
[MOE_TRACE] Group:0 Prob:0.99755 Alpha:0.00005
[MOE_TRACE] Group:1 Prob:0.49914 Alpha:0.00005
[MOE_TRACE] Group:0 Prob:0.99755 Alpha:0.00005
[MOE_TRACE] Group:1 Prob:0.49914 Alpha:0.00005
[MOE_TRACE] Group:0 Prob:0.99755 Alpha:0.00005
[MOE_TRACE] Group:1 Prob:0.49914 Alpha:0.00005
[MOE_TRACE] Group:0 Prob:0.99755 Alpha:0.00005
[MOE_TRACE] Group:1 Prob:0.49914 Alpha:0.00005
[MOE_TRACE] Group:0 Prob:0.99755 Alpha:0.00005
[MOE_TRACE] Group:1 Prob:0.49914 Alpha:0.00005
[MOE_TRACE] Group:0 Prob:0.99755 Alpha:0.00005
[MOE_TRACE] Group:1 Prob:0.49914 Alpha:0.00005
[MOE_TRACE] Group:0 Prob:0.99755 Alpha:0.00005
[MOE_TRACE] Group:1 Prob:0.49914 Alpha:0.00005
[MOE_TRACE] Group:0 Prob:0.99755 Alpha:0.00005
[MOE_TRACE] Group:1 Prob:0.49914 Alpha:0.00005
[MOE_TRACE] Group:0 Prob:0.99755 Alpha:0.00005
[MOE_TRACE] Group:1 Prob:0.49914 Alpha:0.00005
[MOE_TRACE] Group:0 Prob:0.99755 Alpha:0.00005
[MOE_TRACE] Group:1 Prob:0.49914 Alpha:0.00005
[MOE_TRACE] Group:0 Prob:0.99755 Alpha:0.00005
[MOE_TRACE] Group:1 Prob:0.49914 Alpha:0.00005
[MOE_TRACE] Group:0 Prob:0.99755 Alpha:0.00005
[MOE_TRACE] Group:1 Prob:0.49914 Alpha:0.00005
[MOE_TRACE] Group:0 Prob:0.99755 Alpha:0.00005
[MOE_TRACE] Group:1 Prob:0.49914 Alpha:0.00005
[MOE_TRACE] Group:0 Prob:0.99755 Alpha:0.00005
[MOE_TRACE] Group:1 Prob:0.49914 Alpha:0.00005
[MOE_TRACE] Group:0 Prob:0.99755 Alpha:0.00005
[MOE_TRACE] Group:1 Prob:0.49914 Alpha:0.00005
[MOE_TRACE] Group:0 Prob:0.99755 Alpha:0.00005
[MOE_TRACE] Group:1 Prob:0.49914 Alpha:0.00005
[MOE_TRACE] Group:0 Prob:0.99755 Alpha:0.00005
[MOE_TRACE] Group:1 Prob:0.49914 Alpha:0.00005
[MOE_TRACE] Group:0 Prob:0.99755 Alpha:0.00005
[MOE_TRACE] Group:1 Prob:0.49914 Alpha:0.00005
[MOE_TRACE] Group:0 Prob:0.99755 Alpha:0.00005
[MOE_TRACE] Group:1 Prob:0.49914 Alpha:0.00005
[MOE_TRACE] Group:0 Prob:0.99755 Alpha:0.00005
[MOE_TRACE] Group:1 Prob:0.49914 Alpha:0.00005
[MOE_TRACE] Group:0 Prob:0.99755 Alpha:0.00005
[MOE_TRACE] Group:1 Prob:0.49914 Alpha:0.00005
[MOE_TRACE] Group:0 Prob:0.99755 Alpha:0.00005
[MOE_TRACE] Group:1 Prob:0.49914 Alpha:0.00005
[MOE_TRACE] Group:0 Prob:0.99755 Alpha:0.00005
[MOE_TRACE] Group:1 Prob:0.49914 Alpha:0.00005
[MOE_TRACE] Group:0 Prob:0.99755 Alpha:0.00005
[MOE_TRACE] Group:1 Prob:0.49914 Alpha:0.00005
[MOE_TRACE] Group:0 Prob:0.99755 Alpha:0.00005
[MOE_TRACE] Group:1 Prob:0.49914 Alpha:0.00005
[MOE_TRACE] Group:0 Prob:0.99755 Alpha:0.00005
[MOE_TRACE] Group:1 Prob:0.49914 Alpha:0.00005
[MOE_TRACE] Group:0 Prob:0.99755 Alpha:0.00005
[MOE_TRACE] Group:1 Prob:0.49914 Alpha:0.00005
[MOE_TRACE] Group:0 Prob:0.99755 Alpha:0.00005
[MOE_TRACE] Group:1 Prob:0.49914 Alpha:0.00005
[MOE_TRACE] Group:0 Prob:0.99755 Alpha:0.00005
[MOE_TRACE] Group:1 Prob:0.49914 Alpha:0.00005
[MOE_TRACE] Group:0 Prob:0.99755 Alpha:0.00005
[MOE_TRACE] Group:1 Prob:0.49914 Alpha:0.00005
[MOE_TRACE] Group:0 Prob:0.99755 Alpha:0.00005
[MOE_TRACE] Group:1 Prob:0.49914 Alpha:0.00005
[MOE_TRACE] Group:0 Prob:0.99755 Alpha:0.00005
[MOE_TRACE] Group:1 Prob:0.49914 Alpha:0.00005
[MOE_TRACE] Group:0 Prob:0.99755 Alpha:0.00005
[MOE_TRACE] Group:1 Prob:0.49914 Alpha:0.00005
[MOE_TRACE] Group:0 Prob:0.99755 Alpha:0.00005
[MOE_TRACE] Group:1 Prob:0.49914 Alpha:0.00005
[MOE_TRACE] Group:0 Prob:0.99755 Alpha:0.00005
[MOE_TRACE] Group:1 Prob:0.49914 Alpha:0.00005
[MOE_TRACE] Group:0 Prob:0.99755 Alpha:0.00005
[MOE_TRACE] Group:1 Prob:0.49914 Alpha:0.00005
[MOE_TRACE] Group:0 Prob:0.99755 Alpha:0.00005
[MOE_TRACE] Group:1 Prob:0.49914 Alpha:0.00005
[MOE_TRACE] Group:0 Prob:0.99755 Alpha:0.00005
[MOE_TRACE] Group:1 Prob:0.49914 Alpha:0.00005
[MOE_TRACE] Group:0 Prob:0.99755 Alpha:0.00005
[MOE_TRACE] Group:1 Prob:0.49914 Alpha:0.00005
[MOE_TRACE] Group:0 Prob:0.99755 Alpha:0.00005
[MOE_TRACE] Group:1 Prob:0.49914 Alpha:0.00005
[MOE_TRACE] Group:0 Prob:0.99755 Alpha:0.00005
[MOE_TRACE] Group:1 Prob:0.49914 Alpha:0.00005
[MOE_TRACE] Group:0 Prob:0.99755 Alpha:0.00005
[MOE_TRACE] Group:1 Prob:0.49914 Alpha:0.00005
[MOE_TRACE] Group:0 Prob:0.99755 Alpha:0.00005
[MOE_TRACE] Group:1 Prob:0.49914 Alpha:0.00005
[MOE_TRACE] Group:0 Prob:0.99755 Alpha:0.00005
[MOE_TRACE] Group:1 Prob:0.49914 Alpha:0.00005
[MOE_TRACE] Group:0 Prob:0.99755 Alpha:0.00005
[MOE_TRACE] Group:1 Prob:0.49914 Alpha:0.00005
[MOE_TRACE] Group:0 Prob:0.99755 Alpha:0.00005
[MOE_TRACE] Group:1 Prob:0.49914 Alpha:0.00005
[MOE_TRACE] Group:0 Prob:0.99755 Alpha:0.00005
[MOE_TRACE] Group:1 Prob:0.49914 Alpha:0.00005
[MOE_TRACE] Group:0 Prob:0.99755 Alpha:0.00005
[MOE_TRACE] Group:1 Prob:0.49914 Alpha:0.00005
[MOE_TRACE] Group:0 Prob:0.99755 Alpha:0.00005
[MOE_TRACE] Group:1 Prob:0.49914 Alpha:0.00005
[MOE_TRACE] Group:0 Prob:0.99755 Alpha:0.00005
[MOE_TRACE] Group:1 Prob:0.49914 Alpha:0.00005
[MOE_TRACE] Group:0 Prob:0.99755 Alpha:0.00005
[MOE_TRACE] Group:0 Prob:0.99755 Alpha:0.00005
[MOE_TRACE] Group:1 Prob:0.49914 Alpha:0.00005
[MOE_TRACE] Group:1 Prob:0.49914 Alpha:0.00005
[MOE_TRACE] Group:0 Prob:0.99755 Alpha:0.00005
[MOE_TRACE] Group:1 Prob:0.49914 Alpha:0.00005
[MOE_TRACE] Group:0 Prob:0.99755 Alpha:0.00005
[MOE_TRACE] Group:1 Prob:0.49914 Alpha:0.00005
[MOE_TRACE] Group:0 Prob:0.99755 Alpha:0.00005
[MOE_TRACE] Group:1 Prob:0.49914 Alpha:0.00005
[MOE_TRACE] Group:0 Prob:0.99755 Alpha:0.00005
[MOE_TRACE] Group:1 Prob:0.49914 Alpha:0.00005
[MOE_TRACE] Group:0 Prob:0.99755 Alpha:0.00005
[MOE_TRACE] Group:1 Prob:0.49914 Alpha:0.00005
[MOE_TRACE] Group:0 Prob:0.99755 Alpha:0.00005
[MOE_TRACE] Group:1 Prob:0.49914 Alpha:0.00005
[MOE_TRACE] Group:0 Prob:0.99755 Alpha:0.00005
[MOE_TRACE] Group:1 Prob:0.49914 Alpha:0.00005
[MOE_TRACE] Group:0 Prob:0.99755 Alpha:0.00005
[MOE_TRACE] Group:1 Prob:0.49914 Alpha:0.00005
[MOE_TRACE] Group:0 Prob:0.99755 Alpha:0.00005
[MOE_TRACE] Group:1 Prob:0.49914 Alpha:0.00005
[MOE_TRACE] Group:0 Prob:0.99755 Alpha:0.00005
[MOE_TRACE] Group:1 Prob:0.49914 Alpha:0.00005
[MOE_TRACE] Group:0 Prob:0.99755 Alpha:0.00005
[MOE_TRACE] Group:1 Prob:0.49914 Alpha:0.00005
[MOE_TRACE] Group:0 Prob:0.99755 Alpha:0.00005
[MOE_TRACE] Group:1 Prob:0.49914 Alpha:0.00005
[MOE_TRACE] Group:0 Prob:0.99755 Alpha:0.00005
[MOE_TRACE] Group:1 Prob:0.49914 Alpha:0.00005
[MOE_TRACE] Group:0 Prob:0.99755 Alpha:0.00005
[MOE_TRACE] Group:1 Prob:0.49914 Alpha:0.00005
[MOE_TRACE] Group:0 Prob:0.99755 Alpha:0.00005
[MOE_TRACE] Group:1 Prob:0.49914 Alpha:0.00005
[MOE_TRACE] Group:0 Prob:0.99755 Alpha:0.00005
[MOE_TRACE] Group:1 Prob:0.49914 Alpha:0.00005
[MOE_TRACE] Group:0 Prob:0.99755 Alpha:0.00005[MOE_TRACE] Group:0 Prob:0.99755 Alpha:0.00005

[MOE_TRACE] Group:1 Prob:0.49914 Alpha:0.00005
[MOE_TRACE] Group:1 Prob:0.49914 Alpha:0.00005
[MOE_TRACE] Group:0 Prob:0.99755 Alpha:0.00005
[MOE_TRACE] Group:1 Prob:0.49914 Alpha:0.00005
[MOE_TRACE] Group:0 Prob:0.99755 Alpha:0.00005
[MOE_TRACE] Group:1 Prob:0.49914 Alpha:0.00005
[MOE_TRACE] Group:0 Prob:0.99755 Alpha:0.00005
[MOE_TRACE] Group:1 Prob:0.49914 Alpha:0.00005
[MOE_TRACE] Group:0 Prob:0.99755 Alpha:0.00005
[MOE_TRACE] Group:1 Prob:0.49914 Alpha:0.00005
[MOE_TRACE] Group:0 Prob:0.99755 Alpha:0.00005
[MOE_TRACE] Group:1 Prob:0.49914 Alpha:0.00005
[MOE_TRACE] Group:0 Prob:0.99755 Alpha:0.00005
[MOE_TRACE] Group:1 Prob:0.49914 Alpha:0.00005
[MOE_TRACE] Group:0 Prob:0.99755 Alpha:0.00005
[MOE_TRACE] Group:1 Prob:0.49914 Alpha:0.00005
[MOE_TRACE] Group:0 Prob:0.99755 Alpha:0.00005
[MOE_TRACE] Group:1 Prob:0.49914 Alpha:0.00005
[MOE_TRACE] Group:0 Prob:0.99755 Alpha:0.00005
[MOE_TRACE] Group:1 Prob:0.49914 Alpha:0.00005
[MOE_TRACE] Group:0 Prob:0.99755 Alpha:0.00005
[MOE_TRACE] Group:1 Prob:0.49914 Alpha:0.00005
[MOE_TRACE] Group:0 Prob:0.99755 Alpha:0.00005
[MOE_TRACE] Group:1 Prob:0.49914 Alpha:0.00005
[MOE_TRACE] Group:0 Prob:0.99755 Alpha:0.00005
[MOE_TRACE] Group:1 Prob:0.49914 Alpha:0.00005
[MOE_TRACE] Group:0 Prob:0.99755 Alpha:0.00005
[MOE_TRACE] Group:1 Prob:0.49914 Alpha:0.00005
[MOE_TRACE] Group:0 Prob:0.99755 Alpha:0.00005
[MOE_TRACE] Group:1 Prob:0.49914 Alpha:0.00005
[MOE_TRACE] Group:0 Prob:0.99755 Alpha:0.00005
[MOE_TRACE] Group:1 Prob:0.49914 Alpha:0.00005
[MOE_TRACE] Group:0 Prob:0.99755 Alpha:0.00005
[MOE_TRACE] Group:1 Prob:0.49914 Alpha:0.00005
[MOE_TRACE] Group:0 Prob:0.99755 Alpha:0.00005
[MOE_TRACE] Group:1 Prob:0.49914 Alpha:0.00005
[MOE_TRACE] Group:0 Prob:0.99755 Alpha:0.00005
[MOE_TRACE] Group:1 Prob:0.49914 Alpha:0.00005
[MOE_TRACE] Group:0 Prob:0.99755 Alpha:0.00005
[MOE_TRACE] Group:1 Prob:0.49914 Alpha:0.00005
[MOE_TRACE] Group:0 Prob:0.99755 Alpha:0.00005
[MOE_TRACE] Group:1 Prob:0.49914 Alpha:0.00005
[MOE_TRACE] Group:0 Prob:0.99755 Alpha:0.00005
[MOE_TRACE] Group:0 Prob:0.99755 Alpha:0.00005
[MOE_TRACE] Group:1 Prob:0.49913 Alpha:0.00005
[MOE_TRACE] Group:1 Prob:0.49913 Alpha:0.00005
[MOE_TRACE] Group:0 Prob:0.99755 Alpha:0.00005
[MOE_TRACE] Group:1 Prob:0.49913 Alpha:0.00005
[MOE_TRACE] Group:0 Prob:0.99755 Alpha:0.00005
[MOE_TRACE] Group:1 Prob:0.49913 Alpha:0.00005
[MOE_TRACE] Group:0 Prob:0.99755 Alpha:0.00005
[MOE_TRACE] Group:1 Prob:0.49914 Alpha:0.00005
[MOE_TRACE] Group:0 Prob:0.99755 Alpha:0.00005
[MOE_TRACE] Group:1 Prob:0.49914 Alpha:0.00005
[MOE_TRACE] Group:0 Prob:0.99755 Alpha:0.00005
[MOE_TRACE] Group:1 Prob:0.49914 Alpha:0.00005
[MOE_TRACE] Group:0 Prob:0.99755 Alpha:0.00005
[MOE_TRACE] Group:1 Prob:0.49914 Alpha:0.00005
[MOE_TRACE] Group:0 Prob:0.99755 Alpha:0.00005
[MOE_TRACE] Group:1 Prob:0.49913 Alpha:0.00005
[MOE_TRACE] Group:0 Prob:0.99755 Alpha:0.00005
[MOE_TRACE] Group:1 Prob:0.49913 Alpha:0.00005
[MOE_TRACE] Group:0 Prob:0.99755 Alpha:0.00005
[MOE_TRACE] Group:1 Prob:0.49913 Alpha:0.00005
[MOE_TRACE] Group:0 Prob:0.99755 Alpha:0.00005
[MOE_TRACE] Group:1 Prob:0.49913 Alpha:0.00005
[MOE_TRACE] Group:0 Prob:0.99755 Alpha:0.00005
[MOE_TRACE] Group:1 Prob:0.49914 Alpha:0.00005
[MOE_TRACE] Group:0 Prob:0.99755 Alpha:0.00005
[MOE_TRACE] Group:1 Prob:0.49914 Alpha:0.00005
[MOE_TRACE] Group:0 Prob:0.99755 Alpha:0.00005
[MOE_TRACE] Group:1 Prob:0.49914 Alpha:0.00005
[MOE_TRACE] Group:0 Prob:0.99755 Alpha:0.00005
[MOE_TRACE] Group:1 Prob:0.49914 Alpha:0.00005
[MOE_TRACE] Group:0 Prob:0.99755 Alpha:0.00005
[MOE_TRACE] Group:1 Prob:0.49914 Alpha:0.00005
[MOE_TRACE] Group:0 Prob:0.99755 Alpha:0.00005[MOE_TRACE] Group:0 Prob:0.99755 Alpha:0.00005

[MOE_TRACE] Group:1 Prob:0.49914 Alpha:0.00005
[MOE_TRACE] Group:1 Prob:0.49914 Alpha:0.00005
[MOE_TRACE] Group:0 Prob:0.99755 Alpha:0.00005
[MOE_TRACE] Group:1 Prob:0.49914 Alpha:0.00005
[MOE_TRACE] Group:0 Prob:0.99755 Alpha:0.00005
[MOE_TRACE] Group:1 Prob:0.49914 Alpha:0.00005
[MOE_TRACE] Group:0 Prob:0.99755 Alpha:0.00005
[MOE_TRACE] Group:1 Prob:0.49914 Alpha:0.00005
[MOE_TRACE] Group:0 Prob:0.99755 Alpha:0.00005
[MOE_TRACE] Group:1 Prob:0.49914 Alpha:0.00005
[MOE_TRACE] Group:0 Prob:0.99755 Alpha:0.00005
[MOE_TRACE] Group:1 Prob:0.49914 Alpha:0.00005
[MOE_TRACE] Group:0 Prob:0.99755 Alpha:0.00005
[MOE_TRACE] Group:1 Prob:0.49914 Alpha:0.00005
[MOE_TRACE] Group:0 Prob:0.99755 Alpha:0.00005
[MOE_TRACE] Group:1 Prob:0.49914 Alpha:0.00005
[MOE_TRACE] Group:0 Prob:0.99755 Alpha:0.00005
[MOE_TRACE] Group:1 Prob:0.49914 Alpha:0.00005
[MOE_TRACE] Group:0 Prob:0.99755 Alpha:0.00005
[MOE_TRACE] Group:1 Prob:0.49914 Alpha:0.00005
	iters: 100, epoch: 8 | loss: 0.5405298 | Mem: 1845MB(Max:2203MB)
	speed: 4.5321s/iter; left time: 1549.9737s
[MOE_TRACE] Group:0 Prob:0.99755 Alpha:0.00005
[MOE_TRACE] Group:0 Prob:0.99755 Alpha:0.00005
[MOE_TRACE] Group:1 Prob:0.49914 Alpha:0.00005
[MOE_TRACE] Group:1 Prob:0.49914 Alpha:0.00005
[MOE_TRACE] Group:0 Prob:0.99755 Alpha:0.00005
[MOE_TRACE] Group:1 Prob:0.49914 Alpha:0.00005
[MOE_TRACE] Group:0 Prob:0.99755 Alpha:0.00005
[MOE_TRACE] Group:1 Prob:0.49914 Alpha:0.00005
[MOE_TRACE] Group:0 Prob:0.99755 Alpha:0.00005
[MOE_TRACE] Group:1 Prob:0.49914 Alpha:0.00005
[MOE_TRACE] Group:0 Prob:0.99755 Alpha:0.00005
[MOE_TRACE] Group:1 Prob:0.49914 Alpha:0.00005
[MOE_TRACE] Group:0 Prob:0.99755 Alpha:0.00005
[MOE_TRACE] Group:1 Prob:0.49914 Alpha:0.00005
[MOE_TRACE] Group:0 Prob:0.99755 Alpha:0.00005
[MOE_TRACE] Group:1 Prob:0.49914 Alpha:0.00005
[MOE_TRACE] Group:0 Prob:0.99755 Alpha:0.00005
[MOE_TRACE] Group:1 Prob:0.49913 Alpha:0.00005
[MOE_TRACE] Group:0 Prob:0.99755 Alpha:0.00005
[MOE_TRACE] Group:1 Prob:0.49913 Alpha:0.00005
[MOE_TRACE] Group:0 Prob:0.99755 Alpha:0.00005
[MOE_TRACE] Group:1 Prob:0.49913 Alpha:0.00005
[MOE_TRACE] Group:0 Prob:0.99755 Alpha:0.00005
[MOE_TRACE] Group:1 Prob:0.49913 Alpha:0.00005
[MOE_TRACE] Group:0 Prob:0.99755 Alpha:0.00005
[MOE_TRACE] Group:1 Prob:0.49914 Alpha:0.00005
[MOE_TRACE] Group:0 Prob:0.99755 Alpha:0.00005
[MOE_TRACE] Group:1 Prob:0.49913 Alpha:0.00005
[MOE_TRACE] Group:0 Prob:0.99755 Alpha:0.00005
[MOE_TRACE] Group:1 Prob:0.49913 Alpha:0.00005
[MOE_TRACE] Group:0 Prob:0.99755 Alpha:0.00005
[MOE_TRACE] Group:1 Prob:0.49913 Alpha:0.00005
[MOE_TRACE] Group:0 Prob:0.99755 Alpha:0.00005
[MOE_TRACE] Group:1 Prob:0.49913 Alpha:0.00005
[MOE_TRACE] Group:0 Prob:0.99755 Alpha:0.00005
[MOE_TRACE] Group:1 Prob:0.49913 Alpha:0.00005
[MOE_TRACE] Group:0 Prob:0.99755 Alpha:0.00005
[MOE_TRACE] Group:1 Prob:0.49913 Alpha:0.00005
[MOE_TRACE] Group:0 Prob:0.99755 Alpha:0.00005
[MOE_TRACE] Group:1 Prob:0.49913 Alpha:0.00005
[MOE_TRACE] Group:0 Prob:0.99755 Alpha:0.00005
[MOE_TRACE] Group:0 Prob:0.99755 Alpha:0.00005
[MOE_TRACE] Group:0 Prob:0.99755 Alpha:0.00005
[MOE_TRACE] Group:1 Prob:0.49913 Alpha:0.00005[MOE_TRACE] Group:1 Prob:0.49913 Alpha:0.00005

[MOE_TRACE] Group:1 Prob:0.49913 Alpha:0.00005
[MOE_TRACE] Group:0 Prob:0.99755 Alpha:0.00005
[MOE_TRACE] Group:1 Prob:0.49913 Alpha:0.00005
[MOE_TRACE] Group:0 Prob:0.99755 Alpha:0.00005
[MOE_TRACE] Group:1 Prob:0.49913 Alpha:0.00005
[MOE_TRACE] Group:0 Prob:0.99755 Alpha:0.00005
[MOE_TRACE] Group:1 Prob:0.49913 Alpha:0.00005
[MOE_TRACE] Group:0 Prob:0.99755 Alpha:0.00005
[MOE_TRACE] Group:0 Prob:0.99755 Alpha:0.00005
[MOE_TRACE] Group:1 Prob:0.49913 Alpha:0.00005[MOE_TRACE] Group:1 Prob:0.49913 Alpha:0.00005

[MOE_TRACE] Group:0 Prob:0.99755 Alpha:0.00005
[MOE_TRACE] Group:1 Prob:0.49914 Alpha:0.00005
[MOE_TRACE] Group:0 Prob:0.99755 Alpha:0.00005
[MOE_TRACE] Group:1 Prob:0.49914 Alpha:0.00005
[MOE_TRACE] Group:0 Prob:0.99755 Alpha:0.00005
[MOE_TRACE] Group:1 Prob:0.49914 Alpha:0.00005
[MOE_TRACE] Group:0 Prob:0.99755 Alpha:0.00005
[MOE_TRACE] Group:1 Prob:0.49914 Alpha:0.00005
[MOE_TRACE] Group:0 Prob:0.99755 Alpha:0.00005
[MOE_TRACE] Group:1 Prob:0.49913 Alpha:0.00005
[MOE_TRACE] Group:0 Prob:0.99755 Alpha:0.00005
[MOE_TRACE] Group:1 Prob:0.49913 Alpha:0.00005
[MOE_TRACE] Group:0 Prob:0.99755 Alpha:0.00005
[MOE_TRACE] Group:1 Prob:0.49913 Alpha:0.00005
[MOE_TRACE] Group:0 Prob:0.99755 Alpha:0.00005
[MOE_TRACE] Group:1 Prob:0.49913 Alpha:0.00005
[MOE_TRACE] Group:0 Prob:0.99755 Alpha:0.00005
[MOE_TRACE] Group:0 Prob:0.99755 Alpha:0.00005
[MOE_TRACE] Group:1 Prob:0.49913 Alpha:0.00005
[MOE_TRACE] Group:1 Prob:0.49913 Alpha:0.00005
[MOE_TRACE] Group:0 Prob:0.99755 Alpha:0.00005
[MOE_TRACE] Group:1 Prob:0.49913 Alpha:0.00005
[MOE_TRACE] Group:0 Prob:0.99755 Alpha:0.00005
[MOE_TRACE] Group:1 Prob:0.49913 Alpha:0.00005
[MOE_TRACE] Group:0 Prob:0.99755 Alpha:0.00005
[MOE_TRACE] Group:1 Prob:0.49914 Alpha:0.00005
[MOE_TRACE] Group:0 Prob:0.99755 Alpha:0.00005
[MOE_TRACE] Group:1 Prob:0.49914 Alpha:0.00005
[MOE_TRACE] Group:0 Prob:0.99755 Alpha:0.00005
[MOE_TRACE] Group:1 Prob:0.49914 Alpha:0.00005
[MOE_TRACE] Group:0 Prob:0.99755 Alpha:0.00005
[MOE_TRACE] Group:1 Prob:0.49914 Alpha:0.00005
[MOE_TRACE] Group:0 Prob:0.99755 Alpha:0.00005
[MOE_TRACE] Group:1 Prob:0.49913 Alpha:0.00005
[MOE_TRACE] Group:0 Prob:0.99755 Alpha:0.00005
[MOE_TRACE] Group:1 Prob:0.49913 Alpha:0.00005
[MOE_TRACE] Group:0 Prob:0.99755 Alpha:0.00005
[MOE_TRACE] Group:1 Prob:0.49913 Alpha:0.00005
[MOE_TRACE] Group:0 Prob:0.99755 Alpha:0.00005
[MOE_TRACE] Group:1 Prob:0.49913 Alpha:0.00005
[MOE_TRACE] Group:0 Prob:0.99755 Alpha:0.00005
[MOE_TRACE] Group:1 Prob:0.49913 Alpha:0.00005
[MOE_TRACE] Group:0 Prob:0.99755 Alpha:0.00005
[MOE_TRACE] Group:1 Prob:0.49913 Alpha:0.00005
[MOE_TRACE] Group:0 Prob:0.99755 Alpha:0.00005
[MOE_TRACE] Group:1 Prob:0.49913 Alpha:0.00005
[MOE_TRACE] Group:0 Prob:0.99755 Alpha:0.00005
[MOE_TRACE] Group:1 Prob:0.49913 Alpha:0.00005
[MOE_TRACE] Group:1 Prob:0.49914 Alpha:0.00005
[MOE_TRACE] Group:0 Prob:0.99755 Alpha:0.00005
[MOE_TRACE] Group:1 Prob:0.49913 Alpha:0.00005
[MOE_TRACE] Group:0 Prob:0.99755 Alpha:0.00005
[MOE_TRACE] Group:1 Prob:0.49913 Alpha:0.00005
[MOE_TRACE] Group:0 Prob:0.99755 Alpha:0.00005
[MOE_TRACE] Group:1 Prob:0.49913 Alpha:0.00005
[MOE_TRACE] Group:0 Prob:0.99755 Alpha:0.00005
[MOE_TRACE] Group:1 Prob:0.49913 Alpha:0.00005
[MOE_TRACE] Group:0 Prob:0.99755 Alpha:0.00005
[MOE_TRACE] Group:1 Prob:0.49913 Alpha:0.00005
[MOE_TRACE] Group:0 Prob:0.99755 Alpha:0.00005
[MOE_TRACE] Group:1 Prob:0.49913 Alpha:0.00005
[MOE_TRACE] Group:0 Prob:0.99755 Alpha:0.00005
[MOE_TRACE] Group:1 Prob:0.49913 Alpha:0.00005
[MOE_TRACE] Group:0 Prob:0.99755 Alpha:0.00005
[MOE_TRACE] Group:1 Prob:0.49913 Alpha:0.00005
[MOE_TRACE] Group:0 Prob:0.99755 Alpha:0.00005
[MOE_TRACE] Group:1 Prob:0.49913 Alpha:0.00005
[MOE_TRACE] Group:0 Prob:0.99755 Alpha:0.00005
[MOE_TRACE] Group:1 Prob:0.49913 Alpha:0.00005
[MOE_TRACE] Group:0 Prob:0.99755 Alpha:0.00005
[MOE_TRACE] Group:1 Prob:0.49913 Alpha:0.00005
[MOE_TRACE] Group:0 Prob:0.99755 Alpha:0.00005
[MOE_TRACE] Group:1 Prob:0.49913 Alpha:0.00005
[MOE_TRACE] Group:0 Prob:0.99755 Alpha:0.00005
[MOE_TRACE] Group:1 Prob:0.49913 Alpha:0.00005
[MOE_TRACE] Group:0 Prob:0.99755 Alpha:0.00005
[MOE_TRACE] Group:1 Prob:0.49913 Alpha:0.00005
[MOE_TRACE] Group:0 Prob:0.99755 Alpha:0.00005
[MOE_TRACE] Group:1 Prob:0.49913 Alpha:0.00005
[MOE_TRACE] Group:0 Prob:0.99755 Alpha:0.00005
[MOE_TRACE] Group:1 Prob:0.49913 Alpha:0.00005
[MOE_TRACE] Group:0 Prob:0.99755 Alpha:0.00005
[MOE_TRACE] Group:1 Prob:0.49913 Alpha:0.00005
[MOE_TRACE] Group:0 Prob:0.99755 Alpha:0.00005
[MOE_TRACE] Group:1 Prob:0.49913 Alpha:0.00005
[MOE_TRACE] Group:0 Prob:0.99755 Alpha:0.00005
[MOE_TRACE] Group:1 Prob:0.49913 Alpha:0.00005
[MOE_TRACE] Group:0 Prob:0.99755 Alpha:0.00005
[MOE_TRACE] Group:1 Prob:0.49914 Alpha:0.00005
[MOE_TRACE] Group:0 Prob:0.99755 Alpha:0.00005
[MOE_TRACE] Group:1 Prob:0.49914 Alpha:0.00005
[MOE_TRACE] Group:0 Prob:0.99755 Alpha:0.00005
[MOE_TRACE] Group:1 Prob:0.49914 Alpha:0.00005
[MOE_TRACE] Group:0 Prob:0.99755 Alpha:0.00005
[MOE_TRACE] Group:1 Prob:0.49914 Alpha:0.00005
[MOE_TRACE] Group:0 Prob:0.99755 Alpha:0.00005
[MOE_TRACE] Group:1 Prob:0.49914 Alpha:0.00005
[MOE_TRACE] Group:0 Prob:0.99755 Alpha:0.00005
[MOE_TRACE] Group:1 Prob:0.49914 Alpha:0.00005
[MOE_TRACE] Group:0 Prob:0.99755 Alpha:0.00005
[MOE_TRACE] Group:1 Prob:0.49914 Alpha:0.00005
[MOE_TRACE] Group:0 Prob:0.99755 Alpha:0.00005
[MOE_TRACE] Group:1 Prob:0.49914 Alpha:0.00005
[MOE_TRACE] Group:0 Prob:0.99755 Alpha:0.00005
[MOE_TRACE] Group:1 Prob:0.49913 Alpha:0.00005
[MOE_TRACE] Group:0 Prob:0.99755 Alpha:0.00005
[MOE_TRACE] Group:1 Prob:0.49913 Alpha:0.00005
[MOE_TRACE] Group:0 Prob:0.99755 Alpha:0.00005
[MOE_TRACE] Group:1 Prob:0.49913 Alpha:0.00005
[MOE_TRACE] Group:0 Prob:0.99755 Alpha:0.00005
[MOE_TRACE] Group:1 Prob:0.49913 Alpha:0.00005
[MOE_TRACE] Group:0 Prob:0.99755 Alpha:0.00005
[MOE_TRACE] Group:1 Prob:0.49914 Alpha:0.00005
[MOE_TRACE] Group:0 Prob:0.99755 Alpha:0.00005
[MOE_TRACE] Group:1 Prob:0.49914 Alpha:0.00005
[MOE_TRACE] Group:0 Prob:0.99755 Alpha:0.00005
[MOE_TRACE] Group:1 Prob:0.49914 Alpha:0.00005
[MOE_TRACE] Group:0 Prob:0.99755 Alpha:0.00005
[MOE_TRACE] Group:1 Prob:0.49914 Alpha:0.00005
[MOE_TRACE] Group:1 Prob:0.49913 Alpha:0.00005
[MOE_TRACE] Group:0 Prob:0.99755 Alpha:0.00005
[MOE_TRACE] Group:1 Prob:0.49913 Alpha:0.00005
[MOE_TRACE] Group:0 Prob:0.99755 Alpha:0.00005
[MOE_TRACE] Group:1 Prob:0.49913 Alpha:0.00005
[MOE_TRACE] Group:0 Prob:0.99755 Alpha:0.00005
[MOE_TRACE] Group:1 Prob:0.49913 Alpha:0.00005
[MOE_TRACE] Group:0 Prob:0.99755 Alpha:0.00005
[MOE_TRACE] Group:1 Prob:0.49913 Alpha:0.00005
[MOE_TRACE] Group:0 Prob:0.99755 Alpha:0.00005[MOE_TRACE] Group:0 Prob:0.99755 Alpha:0.00005

[MOE_TRACE] Group:1 Prob:0.49913 Alpha:0.00005
[MOE_TRACE] Group:1 Prob:0.49913 Alpha:0.00005
[MOE_TRACE] Group:0 Prob:0.99755 Alpha:0.00005
[MOE_TRACE] Group:1 Prob:0.49913 Alpha:0.00005
[MOE_TRACE] Group:0 Prob:0.99755 Alpha:0.00005[MOE_TRACE] Group:0 Prob:0.99755 Alpha:0.00005

[MOE_TRACE] Group:1 Prob:0.49913 Alpha:0.00005
[MOE_TRACE] Group:1 Prob:0.49913 Alpha:0.00005
[MOE_TRACE] Group:0 Prob:0.99755 Alpha:0.00005
[MOE_TRACE] Group:1 Prob:0.49913 Alpha:0.00005
[MOE_TRACE] Group:0 Prob:0.99755 Alpha:0.00005
[MOE_TRACE] Group:1 Prob:0.49913 Alpha:0.00005
[MOE_TRACE] Group:0 Prob:0.99755 Alpha:0.00005
[MOE_TRACE] Group:1 Prob:0.49913 Alpha:0.00005
[MOE_TRACE] Group:0 Prob:0.99755 Alpha:0.00005
[MOE_TRACE] Group:1 Prob:0.49913 Alpha:0.00005
[MOE_TRACE] Group:0 Prob:0.99755 Alpha:0.00005
[MOE_TRACE] Group:1 Prob:0.49913 Alpha:0.00005
[MOE_TRACE] Group:0 Prob:0.99755 Alpha:0.00005
[MOE_TRACE] Group:1 Prob:0.49913 Alpha:0.00005
[MOE_TRACE] Group:0 Prob:0.99755 Alpha:0.00005
[MOE_TRACE] Group:1 Prob:0.49914 Alpha:0.00005
[MOE_TRACE] Group:0 Prob:0.99755 Alpha:0.00005
[MOE_TRACE] Group:1 Prob:0.49913 Alpha:0.00005
[MOE_TRACE] Group:0 Prob:0.99755 Alpha:0.00005
[MOE_TRACE] Group:1 Prob:0.49913 Alpha:0.00005
[MOE_TRACE] Group:0 Prob:0.99755 Alpha:0.00005
[MOE_TRACE] Group:1 Prob:0.49913 Alpha:0.00005
[MOE_TRACE] Group:0 Prob:0.99755 Alpha:0.00005
[MOE_TRACE] Group:1 Prob:0.49914 Alpha:0.00005
[MOE_TRACE] Group:0 Prob:0.99755 Alpha:0.00005
[MOE_TRACE] Group:1 Prob:0.49914 Alpha:0.00005
[MOE_TRACE] Group:0 Prob:0.99755 Alpha:0.00005
[MOE_TRACE] Group:1 Prob:0.49914 Alpha:0.00005
[MOE_TRACE] Group:0 Prob:0.99755 Alpha:0.00005
[MOE_TRACE] Group:1 Prob:0.49914 Alpha:0.00005
[MOE_TRACE] Group:0 Prob:0.99755 Alpha:0.00005
[MOE_TRACE] Group:1 Prob:0.49914 Alpha:0.00005
[MOE_TRACE] Group:0 Prob:0.99755 Alpha:0.00005
[MOE_TRACE] Group:1 Prob:0.49914 Alpha:0.00005
[MOE_TRACE] Group:0 Prob:0.99755 Alpha:0.00005
[MOE_TRACE] Group:1 Prob:0.49914 Alpha:0.00005
[MOE_TRACE] Group:0 Prob:0.99755 Alpha:0.00005
[MOE_TRACE] Group:1 Prob:0.49914 Alpha:0.00005
[MOE_TRACE] Group:0 Prob:0.99755 Alpha:0.00005
[MOE_TRACE] Group:1 Prob:0.49914 Alpha:0.00005
[MOE_TRACE] Group:0 Prob:0.99755 Alpha:0.00005
[MOE_TRACE] Group:1 Prob:0.49913 Alpha:0.00005
[MOE_TRACE] Group:0 Prob:0.99755 Alpha:0.00005
[MOE_TRACE] Group:1 Prob:0.49913 Alpha:0.00005
[MOE_TRACE] Group:0 Prob:0.99755 Alpha:0.00005
[MOE_TRACE] Group:1 Prob:0.49913 Alpha:0.00005
[MOE_TRACE] Group:0 Prob:0.99755 Alpha:0.00005
[MOE_TRACE] Group:1 Prob:0.49914 Alpha:0.00005
[MOE_TRACE] Group:0 Prob:0.99755 Alpha:0.00005
[MOE_TRACE] Group:1 Prob:0.49914 Alpha:0.00005
[MOE_TRACE] Group:0 Prob:0.99755 Alpha:0.00005
[MOE_TRACE] Group:1 Prob:0.49914 Alpha:0.00005
[MOE_TRACE] Group:0 Prob:0.99755 Alpha:0.00005
[MOE_TRACE] Group:1 Prob:0.49914 Alpha:0.00005
[MOE_TRACE] Group:0 Prob:0.99755 Alpha:0.00005
[MOE_TRACE] Group:1 Prob:0.49913 Alpha:0.00005
[MOE_TRACE] Group:0 Prob:0.99755 Alpha:0.00005
[MOE_TRACE] Group:1 Prob:0.49913 Alpha:0.00005
[MOE_TRACE] Group:0 Prob:0.99755 Alpha:0.00005
[MOE_TRACE] Group:1 Prob:0.49913 Alpha:0.00005
[MOE_TRACE] Group:0 Prob:0.99755 Alpha:0.00005
[MOE_TRACE] Group:1 Prob:0.49913 Alpha:0.00005
[MOE_TRACE] Group:0 Prob:0.99755 Alpha:0.00005[MOE_TRACE] Group:0 Prob:0.99755 Alpha:0.00005[MOE_TRACE] Group:0 Prob:0.99755 Alpha:0.00005


[MOE_TRACE] Group:1 Prob:0.49913 Alpha:0.00005[MOE_TRACE] Group:1 Prob:0.49913 Alpha:0.00005
[MOE_TRACE] Group:1 Prob:0.49913 Alpha:0.00005

[MOE_TRACE] Group:0 Prob:0.99755 Alpha:0.00005
[MOE_TRACE] Group:1 Prob:0.49913 Alpha:0.00005
[MOE_TRACE] Group:0 Prob:0.99755 Alpha:0.00005
[MOE_TRACE] Group:1 Prob:0.49913 Alpha:0.00005
[MOE_TRACE] Group:0 Prob:0.99755 Alpha:0.00005
[MOE_TRACE] Group:1 Prob:0.49913 Alpha:0.00005
[MOE_TRACE] Group:0 Prob:0.99755 Alpha:0.00005
[MOE_TRACE] Group:1 Prob:0.49913 Alpha:0.00005
[MOE_TRACE] Group:0 Prob:0.99755 Alpha:0.00005
[MOE_TRACE] Group:1 Prob:0.49913 Alpha:0.00005
[MOE_TRACE] Group:0 Prob:0.99755 Alpha:0.00005
[MOE_TRACE] Group:1 Prob:0.49914 Alpha:0.00005
[MOE_TRACE] Group:0 Prob:0.99755 Alpha:0.00005
[MOE_TRACE] Group:1 Prob:0.49914 Alpha:0.00005
[MOE_TRACE] Group:0 Prob:0.99755 Alpha:0.00005
[MOE_TRACE] Group:0 Prob:0.99755 Alpha:0.00005
[MOE_TRACE] Group:1 Prob:0.49914 Alpha:0.00005[MOE_TRACE] Group:1 Prob:0.49914 Alpha:0.00005

[MOE_TRACE] Group:0 Prob:0.99755 Alpha:0.00005
[MOE_TRACE] Group:1 Prob:0.49913 Alpha:0.00005
[MOE_TRACE] Group:0 Prob:0.99755 Alpha:0.00005
[MOE_TRACE] Group:1 Prob:0.49913 Alpha:0.00005
[MOE_TRACE] Group:0 Prob:0.99755 Alpha:0.00005
[MOE_TRACE] Group:1 Prob:0.49913 Alpha:0.00005
[MOE_TRACE] Group:0 Prob:0.99755 Alpha:0.00005
[MOE_TRACE] Group:1 Prob:0.49913 Alpha:0.00005
[MOE_TRACE] Group:0 Prob:0.99755 Alpha:0.00005
[MOE_TRACE] Group:1 Prob:0.49914 Alpha:0.00005
[MOE_TRACE] Group:0 Prob:0.99755 Alpha:0.00005[MOE_TRACE] Group:0 Prob:0.99755 Alpha:0.00005

[MOE_TRACE] Group:1 Prob:0.49914 Alpha:0.00005
[MOE_TRACE] Group:1 Prob:0.49914 Alpha:0.00005
[MOE_TRACE] Group:0 Prob:0.99755 Alpha:0.00005
[MOE_TRACE] Group:1 Prob:0.49914 Alpha:0.00005
[MOE_TRACE] Group:0 Prob:0.99755 Alpha:0.00005
[MOE_TRACE] Group:1 Prob:0.49913 Alpha:0.00005
[MOE_TRACE] Group:0 Prob:0.99755 Alpha:0.00005
[MOE_TRACE] Group:1 Prob:0.49913 Alpha:0.00005
[MOE_TRACE] Group:0 Prob:0.99755 Alpha:0.00005
[MOE_TRACE] Group:1 Prob:0.49913 Alpha:0.00005
[MOE_TRACE] Group:0 Prob:0.99755 Alpha:0.00005
[MOE_TRACE] Group:1 Prob:0.49913 Alpha:0.00005
[MOE_TRACE] Group:0 Prob:0.99755 Alpha:0.00005
[MOE_TRACE] Group:1 Prob:0.49913 Alpha:0.00005
[MOE_TRACE] Group:0 Prob:0.99755 Alpha:0.00005
[MOE_TRACE] Group:1 Prob:0.49913 Alpha:0.00005
[MOE_TRACE] Group:0 Prob:0.99755 Alpha:0.00005
[MOE_TRACE] Group:1 Prob:0.49913 Alpha:0.00005
[MOE_TRACE] Group:0 Prob:0.99755 Alpha:0.00005
[MOE_TRACE] Group:1 Prob:0.49913 Alpha:0.00005
[MOE_TRACE] Group:0 Prob:0.99755 Alpha:0.00005
[MOE_TRACE] Group:1 Prob:0.49913 Alpha:0.00005
[MOE_TRACE] Group:0 Prob:0.99755 Alpha:0.00005
[MOE_TRACE] Group:1 Prob:0.49913 Alpha:0.00005
[MOE_TRACE] Group:0 Prob:0.99755 Alpha:0.00005
[MOE_TRACE] Group:1 Prob:0.49913 Alpha:0.00005[MOE_TRACE] Group:0 Prob:0.99755 Alpha:0.00005

[MOE_TRACE] Group:1 Prob:0.49913 Alpha:0.00005
[MOE_TRACE] Group:0 Prob:0.99755 Alpha:0.00005
[MOE_TRACE] Group:1 Prob:0.49913 Alpha:0.00005
[MOE_TRACE] Group:0 Prob:0.99755 Alpha:0.00005
[MOE_TRACE] Group:1 Prob:0.49913 Alpha:0.00005
[MOE_TRACE] Group:0 Prob:0.99755 Alpha:0.00005
[MOE_TRACE] Group:1 Prob:0.49913 Alpha:0.00005
[MOE_TRACE] Group:0 Prob:0.99755 Alpha:0.00005
[MOE_TRACE] Group:1 Prob:0.49913 Alpha:0.00005
[MOE_TRACE] Group:0 Prob:0.99755 Alpha:0.00005
[MOE_TRACE] Group:1 Prob:0.49913 Alpha:0.00005
[MOE_TRACE] Group:0 Prob:0.99755 Alpha:0.00005
[MOE_TRACE] Group:1 Prob:0.49913 Alpha:0.00005
[MOE_TRACE] Group:0 Prob:0.99755 Alpha:0.00005
[MOE_TRACE] Group:1 Prob:0.49913 Alpha:0.00005
[MOE_TRACE] Group:0 Prob:0.99755 Alpha:0.00005
[MOE_TRACE] Group:1 Prob:0.49914 Alpha:0.00005
[MOE_TRACE] Group:0 Prob:0.99755 Alpha:0.00005
[MOE_TRACE] Group:1 Prob:0.49914 Alpha:0.00005
[MOE_TRACE] Group:0 Prob:0.99755 Alpha:0.00005
[MOE_TRACE] Group:1 Prob:0.49914 Alpha:0.00005
[MOE_TRACE] Group:0 Prob:0.99755 Alpha:0.00005
[MOE_TRACE] Group:1 Prob:0.49914 Alpha:0.00005
[MOE_TRACE] Group:0 Prob:0.99755 Alpha:0.00005
[MOE_TRACE] Group:1 Prob:0.49914 Alpha:0.00005
[MOE_TRACE] Group:0 Prob:0.99755 Alpha:0.00005
[MOE_TRACE] Group:1 Prob:0.49914 Alpha:0.00005
[MOE_TRACE] Group:0 Prob:0.99755 Alpha:0.00005
[MOE_TRACE] Group:1 Prob:0.49914 Alpha:0.00005
[MOE_TRACE] Group:0 Prob:0.99755 Alpha:0.00005
[MOE_TRACE] Group:1 Prob:0.49914 Alpha:0.00005
[MOE_TRACE] Group:0 Prob:0.99755 Alpha:0.00005
[MOE_TRACE] Group:1 Prob:0.49914 Alpha:0.00005
[MOE_TRACE] Group:0 Prob:0.99755 Alpha:0.00005
[MOE_TRACE] Group:1 Prob:0.49914 Alpha:0.00005
[MOE_TRACE] Group:0 Prob:0.99755 Alpha:0.00005
[MOE_TRACE] Group:1 Prob:0.49914 Alpha:0.00005
[MOE_TRACE] Group:0 Prob:0.99755 Alpha:0.00005
[MOE_TRACE] Group:1 Prob:0.49914 Alpha:0.00005
[MOE_TRACE] Group:0 Prob:0.99755 Alpha:0.00005
[MOE_TRACE] Group:1 Prob:0.49913 Alpha:0.00005
[MOE_TRACE] Group:0 Prob:0.99755 Alpha:0.00005
[MOE_TRACE] Group:1 Prob:0.49913 Alpha:0.00005
[MOE_TRACE] Group:0 Prob:0.99755 Alpha:0.00005
[MOE_TRACE] Group:1 Prob:0.49913 Alpha:0.00005
[MOE_TRACE] Group:0 Prob:0.99755 Alpha:0.00005
[MOE_TRACE] Group:1 Prob:0.49913 Alpha:0.00005
[MOE_TRACE] Group:0 Prob:0.99755 Alpha:0.00005
[MOE_TRACE] Group:0 Prob:0.99755 Alpha:0.00005[MOE_TRACE] Group:1 Prob:0.49914 Alpha:0.00005

[MOE_TRACE] Group:1 Prob:0.49914 Alpha:0.00005
[MOE_TRACE] Group:0 Prob:0.99755 Alpha:0.00005
[MOE_TRACE] Group:1 Prob:0.49914 Alpha:0.00005
[MOE_TRACE] Group:0 Prob:0.99755 Alpha:0.00005
[MOE_TRACE] Group:1 Prob:0.49914 Alpha:0.00005
Epoch: 8 cost time: 30.44222116470337
Epoch: 8, Steps: 147 | Train Loss: 0.4396894 Vali Loss: 0.3056427 Test Loss: 4.0361958
EarlyStopping counter: 5 out of 3
Early stopping
Updating learning rate to 7.8125e-07
[MOE_TRACE] Group:0 Prob:0.99755 Alpha:0.00005
[MOE_TRACE] Group:1 Prob:0.49914 Alpha:0.00005
[MOE_TRACE] Group:0 Prob:0.99755 Alpha:0.00005
[MOE_TRACE] Group:1 Prob:0.49914 Alpha:0.00005
[MOE_TRACE] Group:0 Prob:0.99755 Alpha:0.00005
[MOE_TRACE] Group:1 Prob:0.49914 Alpha:0.00005
[MOE_TRACE] Group:0 Prob:0.99755 Alpha:0.00005
[MOE_TRACE] Group:1 Prob:0.49914 Alpha:0.00005
[MOE_TRACE] Group:0 Prob:0.99755 Alpha:0.00005
[MOE_TRACE] Group:1 Prob:0.49913 Alpha:0.00005
[MOE_TRACE] Group:0 Prob:0.99755 Alpha:0.00005
[MOE_TRACE] Group:1 Prob:0.49913 Alpha:0.00005
[MOE_TRACE] Group:0 Prob:0.99755 Alpha:0.00005
[MOE_TRACE] Group:1 Prob:0.49913 Alpha:0.00005
[MOE_TRACE] Group:0 Prob:0.99755 Alpha:0.00005
[MOE_TRACE] Group:1 Prob:0.49913 Alpha:0.00005
[MOE_TRACE] Group:0 Prob:0.99755 Alpha:0.00005
[MOE_TRACE] Group:1 Prob:0.49913 Alpha:0.00005
[MOE_TRACE] Group:0 Prob:0.99755 Alpha:0.00005
[MOE_TRACE] Group:1 Prob:0.49913 Alpha:0.00005
[MOE_TRACE] Group:0 Prob:0.99755 Alpha:0.00005
[MOE_TRACE] Group:1 Prob:0.49913 Alpha:0.00005
[MOE_TRACE] Group:0 Prob:0.99755 Alpha:0.00005
[MOE_TRACE] Group:1 Prob:0.49913 Alpha:0.00005
[MOE_TRACE] Group:0 Prob:0.99755 Alpha:0.00005
[MOE_TRACE] Group:1 Prob:0.49914 Alpha:0.00005
[MOE_TRACE] Group:0 Prob:0.99755 Alpha:0.00005
[MOE_TRACE] Group:1 Prob:0.49914 Alpha:0.00005
[MOE_TRACE] Group:0 Prob:0.99755 Alpha:0.00005
[MOE_TRACE] Group:1 Prob:0.49914 Alpha:0.00005
[MOE_TRACE] Group:0 Prob:0.99755 Alpha:0.00005
[MOE_TRACE] Group:1 Prob:0.49914 Alpha:0.00005
[MOE_TRACE] Group:0 Prob:0.99755 Alpha:0.00005
[MOE_TRACE] Group:1 Prob:0.49913 Alpha:0.00005
[MOE_TRACE] Group:0 Prob:0.99755 Alpha:0.00005
[MOE_TRACE] Group:1 Prob:0.49913 Alpha:0.00005
[MOE_TRACE] Group:0 Prob:0.99755 Alpha:0.00005
[MOE_TRACE] Group:1 Prob:0.49913 Alpha:0.00005
[MOE_TRACE] Group:0 Prob:0.99755 Alpha:0.00005
[MOE_TRACE] Group:1 Prob:0.49913 Alpha:0.00005
[MOE_TRACE] Group:0 Prob:0.99755 Alpha:0.00005
[MOE_TRACE] Group:1 Prob:0.49914 Alpha:0.00005
[MOE_TRACE] Group:0 Prob:0.99755 Alpha:0.00005
[MOE_TRACE] Group:1 Prob:0.49914 Alpha:0.00005
[MOE_TRACE] Group:0 Prob:0.99755 Alpha:0.00005
[MOE_TRACE] Group:1 Prob:0.49914 Alpha:0.00005
[MOE_TRACE] Group:0 Prob:0.99755 Alpha:0.00005
[MOE_TRACE] Group:1 Prob:0.49914 Alpha:0.00005
[MOE_TRACE] Group:0 Prob:0.99755 Alpha:0.00005
[MOE_TRACE] Group:1 Prob:0.49913 Alpha:0.00005
[MOE_TRACE] Group:0 Prob:0.99755 Alpha:0.00005[MOE_TRACE] Group:0 Prob:0.99755 Alpha:0.00005

[MOE_TRACE] Group:1 Prob:0.49913 Alpha:0.00005
[MOE_TRACE] Group:1 Prob:0.49913 Alpha:0.00005
[MOE_TRACE] Group:0 Prob:0.99755 Alpha:0.00005
[MOE_TRACE] Group:1 Prob:0.49913 Alpha:0.00005
[MOE_TRACE] Group:0 Prob:0.99755 Alpha:0.00005
[MOE_TRACE] Group:0 Prob:0.99755 Alpha:0.00005
[MOE_TRACE] Group:1 Prob:0.49913 Alpha:0.00005
[MOE_TRACE] Group:1 Prob:0.49913 Alpha:0.00005
[MOE_TRACE] Group:0 Prob:0.99755 Alpha:0.00005
[MOE_TRACE] Group:1 Prob:0.49913 Alpha:0.00005
[MOE_TRACE] Group:0 Prob:0.99755 Alpha:0.00005
[MOE_TRACE] Group:1 Prob:0.49913 Alpha:0.00005
[MOE_TRACE] Group:0 Prob:0.99755 Alpha:0.00005
[MOE_TRACE] Group:1 Prob:0.49913 Alpha:0.00005
[MOE_TRACE] Group:0 Prob:0.99755 Alpha:0.00005
[MOE_TRACE] Group:1 Prob:0.49913 Alpha:0.00005
[MOE_TRACE] Group:0 Prob:0.99755 Alpha:0.00005
[MOE_TRACE] Group:1 Prob:0.49913 Alpha:0.00005
[MOE_TRACE] Group:0 Prob:0.99755 Alpha:0.00005
[MOE_TRACE] Group:1 Prob:0.49913 Alpha:0.00005
[MOE_TRACE] Group:0 Prob:0.99755 Alpha:0.00005
[MOE_TRACE] Group:1 Prob:0.49913 Alpha:0.00005
[MOE_TRACE] Group:0 Prob:0.99755 Alpha:0.00005
[MOE_TRACE] Group:1 Prob:0.49913 Alpha:0.00005
[MOE_TRACE] Group:0 Prob:0.99755 Alpha:0.00005
[MOE_TRACE] Group:1 Prob:0.49913 Alpha:0.00005
[MOE_TRACE] Group:0 Prob:0.99755 Alpha:0.00005
[MOE_TRACE] Group:1 Prob:0.49913 Alpha:0.00005
[MOE_TRACE] Group:0 Prob:0.99755 Alpha:0.00005
[MOE_TRACE] Group:1 Prob:0.49913 Alpha:0.00005
[MOE_TRACE] Group:0 Prob:0.99755 Alpha:0.00005
[MOE_TRACE] Group:1 Prob:0.49913 Alpha:0.00005
[MOE_TRACE] Group:0 Prob:0.99755 Alpha:0.00005
[MOE_TRACE] Group:1 Prob:0.49913 Alpha:0.00005
[MOE_TRACE] Group:0 Prob:0.99755 Alpha:0.00005
[MOE_TRACE] Group:1 Prob:0.49913 Alpha:0.00005
[MOE_TRACE] Group:0 Prob:0.99755 Alpha:0.00005
[MOE_TRACE] Group:1 Prob:0.49914 Alpha:0.00005
[MOE_TRACE] Group:0 Prob:0.99755 Alpha:0.00005
[MOE_TRACE] Group:1 Prob:0.49914 Alpha:0.00005
[MOE_TRACE] Group:0 Prob:0.99755 Alpha:0.00005
[MOE_TRACE] Group:1 Prob:0.49914 Alpha:0.00005
[MOE_TRACE] Group:0 Prob:0.99755 Alpha:0.00005
[MOE_TRACE] Group:1 Prob:0.49914 Alpha:0.00005
[MOE_TRACE] Group:0 Prob:0.99755 Alpha:0.00005
[MOE_TRACE] Group:1 Prob:0.49914 Alpha:0.00005
[MOE_TRACE] Group:0 Prob:0.99755 Alpha:0.00005
[MOE_TRACE] Group:1 Prob:0.49914 Alpha:0.00005
[MOE_TRACE] Group:0 Prob:0.99755 Alpha:0.00005
[MOE_TRACE] Group:1 Prob:0.49914 Alpha:0.00005
[MOE_TRACE] Group:0 Prob:0.99755 Alpha:0.00005
[MOE_TRACE] Group:1 Prob:0.49914 Alpha:0.00005
[MOE_TRACE] Group:0 Prob:0.99755 Alpha:0.00005
[MOE_TRACE] Group:1 Prob:0.49913 Alpha:0.00005
[MOE_TRACE] Group:0 Prob:0.99755 Alpha:0.00005
[MOE_TRACE] Group:1 Prob:0.49913 Alpha:0.00005
[MOE_TRACE] Group:0 Prob:0.99755 Alpha:0.00005
[MOE_TRACE] Group:1 Prob:0.49913 Alpha:0.00005
[MOE_TRACE] Group:0 Prob:0.99755 Alpha:0.00005
[MOE_TRACE] Group:1 Prob:0.49913 Alpha:0.00005
[MOE_TRACE] Group:0 Prob:0.99755 Alpha:0.00005
[MOE_TRACE] Group:1 Prob:0.49913 Alpha:0.00005
[MOE_TRACE] Group:0 Prob:0.99755 Alpha:0.00005
[MOE_TRACE] Group:1 Prob:0.49913 Alpha:0.00005
[MOE_TRACE] Group:0 Prob:0.99755 Alpha:0.00005
[MOE_TRACE] Group:1 Prob:0.49913 Alpha:0.00005
[MOE_TRACE] Group:0 Prob:0.99755 Alpha:0.00005
[MOE_TRACE] Group:1 Prob:0.49913 Alpha:0.00005
[MOE_TRACE] Group:0 Prob:0.99755 Alpha:0.00005
[MOE_TRACE] Group:1 Prob:0.49913 Alpha:0.00005
[MOE_TRACE] Group:0 Prob:0.99755 Alpha:0.00005
[MOE_TRACE] Group:1 Prob:0.49913 Alpha:0.00005
[MOE_TRACE] Group:0 Prob:0.99755 Alpha:0.00005
[MOE_TRACE] Group:1 Prob:0.49913 Alpha:0.00005
[MOE_TRACE] Group:0 Prob:0.99755 Alpha:0.00005
[MOE_TRACE] Group:1 Prob:0.49913 Alpha:0.00005
[MOE_TRACE] Group:0 Prob:0.99755 Alpha:0.00005
[MOE_TRACE] Group:1 Prob:0.49913 Alpha:0.00005
[MOE_TRACE] Group:0 Prob:0.99755 Alpha:0.00005
[MOE_TRACE] Group:1 Prob:0.49913 Alpha:0.00005
[MOE_TRACE] Group:0 Prob:0.99755 Alpha:0.00005
[MOE_TRACE] Group:1 Prob:0.49913 Alpha:0.00005
[MOE_TRACE] Group:0 Prob:0.99755 Alpha:0.00005
[MOE_TRACE] Group:1 Prob:0.49913 Alpha:0.00005
[MOE_TRACE] Group:0 Prob:0.99755 Alpha:0.00005
[MOE_TRACE] Group:1 Prob:0.49914 Alpha:0.00005
[MOE_TRACE] Group:0 Prob:0.99755 Alpha:0.00005
[MOE_TRACE] Group:1 Prob:0.49914 Alpha:0.00005
[MOE_TRACE] Group:0 Prob:0.99755 Alpha:0.00005
[MOE_TRACE] Group:1 Prob:0.49914 Alpha:0.00005
[MOE_TRACE] Group:0 Prob:0.99755 Alpha:0.00005
[MOE_TRACE] Group:1 Prob:0.49914 Alpha:0.00005
[MOE_TRACE] Group:0 Prob:0.99755 Alpha:0.00005
[MOE_TRACE] Group:1 Prob:0.49913 Alpha:0.00005
[MOE_TRACE] Group:0 Prob:0.99755 Alpha:0.00005
[MOE_TRACE] Group:1 Prob:0.49913 Alpha:0.00005
[MOE_TRACE] Group:0 Prob:0.99755 Alpha:0.00005
[MOE_TRACE] Group:1 Prob:0.49913 Alpha:0.00005
[MOE_TRACE] Group:0 Prob:0.99755 Alpha:0.00005
[MOE_TRACE] Group:1 Prob:0.49913 Alpha:0.00005
[MOE_TRACE] Group:0 Prob:0.99755 Alpha:0.00005
[MOE_TRACE] Group:1 Prob:0.49913 Alpha:0.00005
[MOE_TRACE] Group:0 Prob:0.99755 Alpha:0.00005
[MOE_TRACE] Group:1 Prob:0.49913 Alpha:0.00005[MOE_TRACE] Group:0 Prob:0.99755 Alpha:0.00005

[MOE_TRACE] Group:1 Prob:0.49913 Alpha:0.00005
[MOE_TRACE] Group:0 Prob:0.99755 Alpha:0.00005
[MOE_TRACE] Group:1 Prob:0.49913 Alpha:0.00005
[MOE_TRACE] Group:0 Prob:0.99755 Alpha:0.00005
[MOE_TRACE] Group:1 Prob:0.49914 Alpha:0.00005
[MOE_TRACE] Group:0 Prob:0.99755 Alpha:0.00005
[MOE_TRACE] Group:1 Prob:0.49914 Alpha:0.00005
[MOE_TRACE] Group:0 Prob:0.99755 Alpha:0.00005
[MOE_TRACE] Group:1 Prob:0.49914 Alpha:0.00005
[MOE_TRACE] Group:0 Prob:0.99755 Alpha:0.00005
[MOE_TRACE] Group:1 Prob:0.49914 Alpha:0.00005
[MOE_TRACE] Group:0 Prob:0.99755 Alpha:0.00005
[MOE_TRACE] Group:1 Prob:0.49913 Alpha:0.00005
[MOE_TRACE] Group:0 Prob:0.99755 Alpha:0.00005
[MOE_TRACE] Group:1 Prob:0.49913 Alpha:0.00005
[MOE_TRACE] Group:0 Prob:0.99755 Alpha:0.00005
[MOE_TRACE] Group:1 Prob:0.49913 Alpha:0.00005
[MOE_TRACE] Group:0 Prob:0.99755 Alpha:0.00005
[MOE_TRACE] Group:1 Prob:0.49913 Alpha:0.00005
[MOE_TRACE] Group:0 Prob:0.99755 Alpha:0.00005
[MOE_TRACE] Group:1 Prob:0.49913 Alpha:0.00005
[MOE_TRACE] Group:0 Prob:0.99755 Alpha:0.00005
[MOE_TRACE] Group:1 Prob:0.49913 Alpha:0.00005
[MOE_TRACE] Group:0 Prob:0.99755 Alpha:0.00005
[MOE_TRACE] Group:1 Prob:0.49913 Alpha:0.00005
[MOE_TRACE] Group:0 Prob:0.99755 Alpha:0.00005
[MOE_TRACE] Group:1 Prob:0.49913 Alpha:0.00005
[MOE_TRACE] Group:1 Prob:0.49913 Alpha:0.00005
[MOE_TRACE] Group:0 Prob:0.99755 Alpha:0.00005
[MOE_TRACE] Group:1 Prob:0.49913 Alpha:0.00005
[MOE_TRACE] Group:0 Prob:0.99755 Alpha:0.00005
[MOE_TRACE] Group:1 Prob:0.49913 Alpha:0.00005
[MOE_TRACE] Group:0 Prob:0.99755 Alpha:0.00005
[MOE_TRACE] Group:1 Prob:0.49913 Alpha:0.00005
[MOE_TRACE] Group:0 Prob:0.99755 Alpha:0.00005
[MOE_TRACE] Group:0 Prob:0.99755 Alpha:0.00005[MOE_TRACE] Group:1 Prob:0.49913 Alpha:0.00005

[MOE_TRACE] Group:1 Prob:0.49913 Alpha:0.00005
[MOE_TRACE] Group:0 Prob:0.99755 Alpha:0.00005
[MOE_TRACE] Group:1 Prob:0.49913 Alpha:0.00005
[MOE_TRACE] Group:0 Prob:0.99755 Alpha:0.00005
[MOE_TRACE] Group:1 Prob:0.49913 Alpha:0.00005
[MOE_TRACE] Group:0 Prob:0.99755 Alpha:0.00005
[MOE_TRACE] Group:1 Prob:0.49913 Alpha:0.00005
[MOE_TRACE] Group:0 Prob:0.99755 Alpha:0.00005
[MOE_TRACE] Group:1 Prob:0.49913 Alpha:0.00005
[MOE_TRACE] Group:0 Prob:0.99755 Alpha:0.00005
[MOE_TRACE] Group:1 Prob:0.49913 Alpha:0.00005
[MOE_TRACE] Group:0 Prob:0.99755 Alpha:0.00005
[MOE_TRACE] Group:1 Prob:0.49913 Alpha:0.00005
[MOE_TRACE] Group:0 Prob:0.99755 Alpha:0.00005
[MOE_TRACE] Group:1 Prob:0.49914 Alpha:0.00005
[MOE_TRACE] Group:0 Prob:0.99755 Alpha:0.00005
[MOE_TRACE] Group:1 Prob:0.49914 Alpha:0.00005
[MOE_TRACE] Group:0 Prob:0.99755 Alpha:0.00005
[MOE_TRACE] Group:1 Prob:0.49914 Alpha:0.00005
[MOE_TRACE] Group:0 Prob:0.99755 Alpha:0.00005
[MOE_TRACE] Group:1 Prob:0.49914 Alpha:0.00005
[MOE_TRACE] Group:0 Prob:0.99755 Alpha:0.00005
[MOE_TRACE] Group:1 Prob:0.49913 Alpha:0.00005
[MOE_TRACE] Group:0 Prob:0.99755 Alpha:0.00005
[MOE_TRACE] Group:1 Prob:0.49913 Alpha:0.00005
[MOE_TRACE] Group:0 Prob:0.99755 Alpha:0.00005
[MOE_TRACE] Group:1 Prob:0.49913 Alpha:0.00005
[MOE_TRACE] Group:0 Prob:0.99755 Alpha:0.00005
[MOE_TRACE] Group:1 Prob:0.49913 Alpha:0.00005
[MOE_TRACE] Group:0 Prob:0.99755 Alpha:0.00005
[MOE_TRACE] Group:1 Prob:0.49913 Alpha:0.00005
[MOE_TRACE] Group:0 Prob:0.99755 Alpha:0.00005
[MOE_TRACE] Group:1 Prob:0.49913 Alpha:0.00005
[MOE_TRACE] Group:0 Prob:0.99755 Alpha:0.00005
[MOE_TRACE] Group:1 Prob:0.49913 Alpha:0.00005
[MOE_TRACE] Group:0 Prob:0.99755 Alpha:0.00005
[MOE_TRACE] Group:1 Prob:0.49913 Alpha:0.00005
[MOE_TRACE] Group:0 Prob:0.99755 Alpha:0.00005
[MOE_TRACE] Group:1 Prob:0.49914 Alpha:0.00005
[MOE_TRACE] Group:0 Prob:0.99755 Alpha:0.00005
[MOE_TRACE] Group:1 Prob:0.49914 Alpha:0.00005
[MOE_TRACE] Group:0 Prob:0.99755 Alpha:0.00005
[MOE_TRACE] Group:1 Prob:0.49914 Alpha:0.00005
[MOE_TRACE] Group:0 Prob:0.99755 Alpha:0.00005
[MOE_TRACE] Group:1 Prob:0.49914 Alpha:0.00005
[MOE_TRACE] Group:0 Prob:0.99755 Alpha:0.00005
[MOE_TRACE] Group:1 Prob:0.49913 Alpha:0.00005
[MOE_TRACE] Group:0 Prob:0.99755 Alpha:0.00005
[MOE_TRACE] Group:1 Prob:0.49913 Alpha:0.00005
[MOE_TRACE] Group:0 Prob:0.99755 Alpha:0.00005
[MOE_TRACE] Group:1 Prob:0.49913 Alpha:0.00005
[MOE_TRACE] Group:0 Prob:0.99755 Alpha:0.00005
[MOE_TRACE] Group:1 Prob:0.49913 Alpha:0.00005
[MOE_TRACE] Group:0 Prob:0.99755 Alpha:0.00005
[MOE_TRACE] Group:1 Prob:0.49914 Alpha:0.00005
[MOE_TRACE] Group:0 Prob:0.99755 Alpha:0.00005
[MOE_TRACE] Group:1 Prob:0.49914 Alpha:0.00005
[MOE_TRACE] Group:0 Prob:0.99755 Alpha:0.00005
[MOE_TRACE] Group:1 Prob:0.49914 Alpha:0.00005
[MOE_TRACE] Group:0 Prob:0.99755 Alpha:0.00005
[MOE_TRACE] Group:1 Prob:0.49914 Alpha:0.00005
[MOE_TRACE] Group:0 Prob:0.99755 Alpha:0.00005
[MOE_TRACE] Group:1 Prob:0.49913 Alpha:0.00005
[MOE_TRACE] Group:0 Prob:0.99755 Alpha:0.00005
[MOE_TRACE] Group:1 Prob:0.49913 Alpha:0.00005
[MOE_TRACE] Group:0 Prob:0.99755 Alpha:0.00005
[MOE_TRACE] Group:1 Prob:0.49913 Alpha:0.00005
[MOE_TRACE] Group:0 Prob:0.99755 Alpha:0.00005
[MOE_TRACE] Group:1 Prob:0.49913 Alpha:0.00005
[MOE_TRACE] Group:0 Prob:0.99755 Alpha:0.00005
[MOE_TRACE] Group:1 Prob:0.49914 Alpha:0.00005
[MOE_TRACE] Group:0 Prob:0.99755 Alpha:0.00005
[MOE_TRACE] Group:1 Prob:0.49914 Alpha:0.00005
[MOE_TRACE] Group:0 Prob:0.99755 Alpha:0.00005
[MOE_TRACE] Group:1 Prob:0.49914 Alpha:0.00005
[MOE_TRACE] Group:0 Prob:0.99755 Alpha:0.00005
[MOE_TRACE] Group:1 Prob:0.49914 Alpha:0.00005
[MOE_TRACE] Group:0 Prob:0.99755 Alpha:0.00005
[MOE_TRACE] Group:1 Prob:0.49914 Alpha:0.00005
[MOE_TRACE] Group:0 Prob:0.99755 Alpha:0.00005
[MOE_TRACE] Group:1 Prob:0.49914 Alpha:0.00005
[MOE_TRACE] Group:0 Prob:0.99755 Alpha:0.00005
[MOE_TRACE] Group:1 Prob:0.49914 Alpha:0.00005
[MOE_TRACE] Group:0 Prob:0.99755 Alpha:0.00005
[MOE_TRACE] Group:1 Prob:0.49914 Alpha:0.00005
[MOE_TRACE] Group:0 Prob:0.99755 Alpha:0.00005
[MOE_TRACE] Group:1 Prob:0.49913 Alpha:0.00005
[MOE_TRACE] Group:0 Prob:0.99755 Alpha:0.00005
[MOE_TRACE] Group:1 Prob:0.49913 Alpha:0.00005
[MOE_TRACE] Group:0 Prob:0.99755 Alpha:0.00005
[MOE_TRACE] Group:1 Prob:0.49913 Alpha:0.00005
[MOE_TRACE] Group:0 Prob:0.99755 Alpha:0.00005
[MOE_TRACE] Group:1 Prob:0.49913 Alpha:0.00005
[MOE_TRACE] Group:0 Prob:0.99755 Alpha:0.00005
[MOE_TRACE] Group:1 Prob:0.49913 Alpha:0.00005
[MOE_TRACE] Group:0 Prob:0.99755 Alpha:0.00005
[MOE_TRACE] Group:1 Prob:0.49913 Alpha:0.00005
[MOE_TRACE] Group:0 Prob:0.99755 Alpha:0.00005
[MOE_TRACE] Group:1 Prob:0.49913 Alpha:0.00005
[MOE_TRACE] Group:0 Prob:0.99755 Alpha:0.00005
[MOE_TRACE] Group:1 Prob:0.49913 Alpha:0.00005
[MOE_TRACE] Group:0 Prob:0.99755 Alpha:0.00005
[MOE_TRACE] Group:1 Prob:0.49914 Alpha:0.00005
[MOE_TRACE] Group:0 Prob:0.99755 Alpha:0.00005
[MOE_TRACE] Group:1 Prob:0.49914 Alpha:0.00005
[MOE_TRACE] Group:0 Prob:0.99755 Alpha:0.00005
[MOE_TRACE] Group:1 Prob:0.49914 Alpha:0.00005
[MOE_TRACE] Group:0 Prob:0.99755 Alpha:0.00005
[MOE_TRACE] Group:1 Prob:0.49914 Alpha:0.00005
[MOE_TRACE] Group:0 Prob:0.99755 Alpha:0.00005
[MOE_TRACE] Group:1 Prob:0.49913 Alpha:0.00005
[MOE_TRACE] Group:0 Prob:0.99755 Alpha:0.00005
[MOE_TRACE] Group:1 Prob:0.49913 Alpha:0.00005
[MOE_TRACE] Group:0 Prob:0.99755 Alpha:0.00005
[MOE_TRACE] Group:1 Prob:0.49913 Alpha:0.00005
[MOE_TRACE] Group:0 Prob:0.99755 Alpha:0.00005
[MOE_TRACE] Group:1 Prob:0.49913 Alpha:0.00005
[MOE_TRACE] Group:0 Prob:0.99755 Alpha:0.00005
[MOE_TRACE] Group:1 Prob:0.49914 Alpha:0.00005
[MOE_TRACE] Group:0 Prob:0.99755 Alpha:0.00005
[MOE_TRACE] Group:1 Prob:0.49914 Alpha:0.00005
[MOE_TRACE] Group:0 Prob:0.99755 Alpha:0.00005
[MOE_TRACE] Group:1 Prob:0.49914 Alpha:0.00005
[MOE_TRACE] Group:0 Prob:0.99755 Alpha:0.00005
[MOE_TRACE] Group:1 Prob:0.49914 Alpha:0.00005
[MOE_TRACE] Group:0 Prob:0.99755 Alpha:0.00005
[MOE_TRACE] Group:1 Prob:0.49914 Alpha:0.00005
[MOE_TRACE] Group:0 Prob:0.99755 Alpha:0.00005
[MOE_TRACE] Group:1 Prob:0.49914 Alpha:0.00005
[MOE_TRACE] Group:0 Prob:0.99755 Alpha:0.00005
[MOE_TRACE] Group:1 Prob:0.49914 Alpha:0.00005
[MOE_TRACE] Group:0 Prob:0.99755 Alpha:0.00005
[MOE_TRACE] Group:1 Prob:0.49913 Alpha:0.00005
[MOE_TRACE] Group:0 Prob:0.99755 Alpha:0.00005
[MOE_TRACE] Group:1 Prob:0.49914 Alpha:0.00005
[MOE_TRACE] Group:0 Prob:0.99755 Alpha:0.00005
[MOE_TRACE] Group:1 Prob:0.49914 Alpha:0.00005
[MOE_TRACE] Group:0 Prob:0.99755 Alpha:0.00005
[MOE_TRACE] Group:1 Prob:0.49914 Alpha:0.00005
[MOE_TRACE] Group:0 Prob:0.99755 Alpha:0.00005
[MOE_TRACE] Group:1 Prob:0.49913 Alpha:0.00005
[MOE_TRACE] Group:0 Prob:0.99755 Alpha:0.00005
[MOE_TRACE] Group:1 Prob:0.49913 Alpha:0.00005
[MOE_TRACE] Group:0 Prob:0.99755 Alpha:0.00005
[MOE_TRACE] Group:1 Prob:0.49913 Alpha:0.00005
[MOE_TRACE] Group:0 Prob:0.99755 Alpha:0.00005
[MOE_TRACE] Group:1 Prob:0.49913 Alpha:0.00005
[MOE_TRACE] Group:0 Prob:0.99755 Alpha:0.00005
[MOE_TRACE] Group:1 Prob:0.49913 Alpha:0.00005
[MOE_TRACE] Group:0 Prob:0.99755 Alpha:0.00005
[MOE_TRACE] Group:1 Prob:0.49913 Alpha:0.00005
[MOE_TRACE] Group:0 Prob:0.99755 Alpha:0.00005
[MOE_TRACE] Group:1 Prob:0.49913 Alpha:0.00005
[MOE_TRACE] Group:0 Prob:0.99755 Alpha:0.00005
[MOE_TRACE] Group:1 Prob:0.49913 Alpha:0.00005
[MOE_TRACE] Group:0 Prob:0.99755 Alpha:0.00005
[MOE_TRACE] Group:1 Prob:0.49913 Alpha:0.00005
[MOE_TRACE] Group:0 Prob:0.99755 Alpha:0.00005
[MOE_TRACE] Group:1 Prob:0.49913 Alpha:0.00005
[MOE_TRACE] Group:0 Prob:0.99755 Alpha:0.00005
[MOE_TRACE] Group:1 Prob:0.49913 Alpha:0.00005
[MOE_TRACE] Group:0 Prob:0.99755 Alpha:0.00005
[MOE_TRACE] Group:1 Prob:0.49913 Alpha:0.00005
[MOE_TRACE] Group:0 Prob:0.99755 Alpha:0.00005
[MOE_TRACE] Group:1 Prob:0.49914 Alpha:0.00005
[MOE_TRACE] Group:0 Prob:0.99755 Alpha:0.00005
[MOE_TRACE] Group:1 Prob:0.49914 Alpha:0.00005
[MOE_TRACE] Group:0 Prob:0.99755 Alpha:0.00005
[MOE_TRACE] Group:1 Prob:0.49914 Alpha:0.00005
[MOE_TRACE] Group:0 Prob:0.99755 Alpha:0.00005
[MOE_TRACE] Group:1 Prob:0.49914 Alpha:0.00005
[MOE_TRACE] Group:0 Prob:0.99755 Alpha:0.00005
[MOE_TRACE] Group:1 Prob:0.49914 Alpha:0.00005
[MOE_TRACE] Group:0 Prob:0.99755 Alpha:0.00005
[MOE_TRACE] Group:1 Prob:0.49914 Alpha:0.00005
[MOE_TRACE] Group:0 Prob:0.99755 Alpha:0.00005
[MOE_TRACE] Group:1 Prob:0.49914 Alpha:0.00005
[MOE_TRACE] Group:0 Prob:0.99755 Alpha:0.00005
[MOE_TRACE] Group:1 Prob:0.49914 Alpha:0.00005
[MOE_TRACE] Group:0 Prob:0.99755 Alpha:0.00005
[MOE_TRACE] Group:1 Prob:0.49914 Alpha:0.00005
[MOE_TRACE] Group:0 Prob:0.99755 Alpha:0.00005
[MOE_TRACE] Group:1 Prob:0.49914 Alpha:0.00005
[MOE_TRACE] Group:0 Prob:0.99755 Alpha:0.00005
[MOE_TRACE] Group:1 Prob:0.49914 Alpha:0.00005
[MOE_TRACE] Group:0 Prob:0.99755 Alpha:0.00005
[MOE_TRACE] Group:1 Prob:0.49914 Alpha:0.00005
[MOE_TRACE] Group:0 Prob:0.99755 Alpha:0.00005
[MOE_TRACE] Group:1 Prob:0.49913 Alpha:0.00005
[MOE_TRACE] Group:0 Prob:0.99755 Alpha:0.00005
[MOE_TRACE] Group:1 Prob:0.49913 Alpha:0.00005
[MOE_TRACE] Group:0 Prob:0.99755 Alpha:0.00005
[MOE_TRACE] Group:1 Prob:0.49913 Alpha:0.00005
[MOE_TRACE] Group:0 Prob:0.99755 Alpha:0.00005
[MOE_TRACE] Group:1 Prob:0.49913 Alpha:0.00005
[MOE_TRACE] Group:0 Prob:0.99755 Alpha:0.00005
[MOE_TRACE] Group:1 Prob:0.49914 Alpha:0.00005
[MOE_TRACE] Group:0 Prob:0.99755 Alpha:0.00005
[MOE_TRACE] Group:1 Prob:0.49914 Alpha:0.00005
[MOE_TRACE] Group:0 Prob:0.99755 Alpha:0.00005
[MOE_TRACE] Group:1 Prob:0.49914 Alpha:0.00005
[MOE_TRACE] Group:0 Prob:0.99755 Alpha:0.00005
[MOE_TRACE] Group:1 Prob:0.49914 Alpha:0.00005
[MOE_TRACE] Group:0 Prob:0.99755 Alpha:0.00005
[MOE_TRACE] Group:1 Prob:0.49913 Alpha:0.00005
[MOE_TRACE] Group:0 Prob:0.99755 Alpha:0.00005
[MOE_TRACE] Group:1 Prob:0.49914 Alpha:0.00005
[MOE_TRACE] Group:0 Prob:0.99755 Alpha:0.00005
[MOE_TRACE] Group:1 Prob:0.49914 Alpha:0.00005
[MOE_TRACE] Group:0 Prob:0.99755 Alpha:0.00005
[MOE_TRACE] Group:1 Prob:0.49914 Alpha:0.00005
[MOE_TRACE] Group:0 Prob:0.99755 Alpha:0.00005
[MOE_TRACE] Group:1 Prob:0.49914 Alpha:0.00005
[MOE_TRACE] Group:0 Prob:0.99755 Alpha:0.00005
[MOE_TRACE] Group:1 Prob:0.49914 Alpha:0.00005
[MOE_TRACE] Group:0 Prob:0.99755 Alpha:0.00005
[MOE_TRACE] Group:1 Prob:0.49914 Alpha:0.00005
[MOE_TRACE] Group:0 Prob:0.99755 Alpha:0.00005
[MOE_TRACE] Group:1 Prob:0.49914 Alpha:0.00005
[MOE_TRACE] Group:0 Prob:0.99755 Alpha:0.00005
[MOE_TRACE] Group:1 Prob:0.49913 Alpha:0.00005
[MOE_TRACE] Group:0 Prob:0.99755 Alpha:0.00005
[MOE_TRACE] Group:1 Prob:0.49913 Alpha:0.00005
[MOE_TRACE] Group:0 Prob:0.99755 Alpha:0.00005
[MOE_TRACE] Group:1 Prob:0.49913 Alpha:0.00005
[MOE_TRACE] Group:0 Prob:0.99755 Alpha:0.00005
[MOE_TRACE] Group:1 Prob:0.49913 Alpha:0.00005
[MOE_TRACE] Group:0 Prob:0.99755 Alpha:0.00005
[MOE_TRACE] Group:1 Prob:0.49913 Alpha:0.00005
[MOE_TRACE] Group:0 Prob:0.99755 Alpha:0.00005
[MOE_TRACE] Group:1 Prob:0.49913 Alpha:0.00005
[MOE_TRACE] Group:0 Prob:0.99755 Alpha:0.00005
[MOE_TRACE] Group:1 Prob:0.49913 Alpha:0.00005
[MOE_TRACE] Group:0 Prob:0.99755 Alpha:0.00005
[MOE_TRACE] Group:1 Prob:0.49913 Alpha:0.00005
[MOE_TRACE] Group:0 Prob:0.99755 Alpha:0.00005
[MOE_TRACE] Group:1 Prob:0.49914 Alpha:0.00005
[MOE_TRACE] Group:0 Prob:0.99755 Alpha:0.00005
[MOE_TRACE] Group:1 Prob:0.49914 Alpha:0.00005
[MOE_TRACE] Group:0 Prob:0.99755 Alpha:0.00005
[MOE_TRACE] Group:1 Prob:0.49914 Alpha:0.00005
[MOE_TRACE] Group:0 Prob:0.99755 Alpha:0.00005
[MOE_TRACE] Group:1 Prob:0.49914 Alpha:0.00005
[MOE_TRACE] Group:0 Prob:0.99755 Alpha:0.00005
[MOE_TRACE] Group:1 Prob:0.49913 Alpha:0.00005
[MOE_TRACE] Group:0 Prob:0.99755 Alpha:0.00005
[MOE_TRACE] Group:1 Prob:0.49914 Alpha:0.00005
[MOE_TRACE] Group:0 Prob:0.99755 Alpha:0.00005
[MOE_TRACE] Group:1 Prob:0.49914 Alpha:0.00005
[MOE_TRACE] Group:0 Prob:0.99755 Alpha:0.00005
[MOE_TRACE] Group:1 Prob:0.49914 Alpha:0.00005
[MOE_TRACE] Group:0 Prob:0.99755 Alpha:0.00005
[MOE_TRACE] Group:1 Prob:0.49914 Alpha:0.00005
[MOE_TRACE] Group:0 Prob:0.99755 Alpha:0.00005
[MOE_TRACE] Group:1 Prob:0.49914 Alpha:0.00005
[MOE_TRACE] Group:0 Prob:0.99755 Alpha:0.00005
[MOE_TRACE] Group:1 Prob:0.49914 Alpha:0.00005
[MOE_TRACE] Group:0 Prob:0.99755 Alpha:0.00005
[MOE_TRACE] Group:1 Prob:0.49914 Alpha:0.00005
[MOE_TRACE] Group:0 Prob:0.99755 Alpha:0.00005
[MOE_TRACE] Group:1 Prob:0.49914 Alpha:0.00005
[MOE_TRACE] Group:0 Prob:0.99755 Alpha:0.00005
[MOE_TRACE] Group:1 Prob:0.49914 Alpha:0.00005
[MOE_TRACE] Group:0 Prob:0.99755 Alpha:0.00005
[MOE_TRACE] Group:1 Prob:0.49914 Alpha:0.00005
[MOE_TRACE] Group:0 Prob:0.99755 Alpha:0.00005
[MOE_TRACE] Group:1 Prob:0.49914 Alpha:0.00005
[MOE_TRACE] Group:0 Prob:0.99755 Alpha:0.00005
[MOE_TRACE] Group:1 Prob:0.49914 Alpha:0.00005
[MOE_TRACE] Group:0 Prob:0.99755 Alpha:0.00005
[MOE_TRACE] Group:1 Prob:0.49914 Alpha:0.00005
[MOE_TRACE] Group:0 Prob:0.99755 Alpha:0.00005
[MOE_TRACE] Group:1 Prob:0.49914 Alpha:0.00005
[MOE_TRACE] Group:0 Prob:0.99755 Alpha:0.00005
[MOE_TRACE] Group:1 Prob:0.49914 Alpha:0.00005
[MOE_TRACE] Group:0 Prob:0.99755 Alpha:0.00005
[MOE_TRACE] Group:1 Prob:0.49913 Alpha:0.00005
[MOE_TRACE] Group:0 Prob:0.99755 Alpha:0.00005
[MOE_TRACE] Group:1 Prob:0.49913 Alpha:0.00005
[MOE_TRACE] Group:0 Prob:0.99755 Alpha:0.00005
[MOE_TRACE] Group:1 Prob:0.49913 Alpha:0.00005
[MOE_TRACE] Group:0 Prob:0.99755 Alpha:0.00005
[MOE_TRACE] Group:1 Prob:0.49913 Alpha:0.00005
[MOE_TRACE] Group:0 Prob:0.99755 Alpha:0.00005
[MOE_TRACE] Group:1 Prob:0.49913 Alpha:0.00005
[MOE_TRACE] Group:0 Prob:0.99755 Alpha:0.00005
[MOE_TRACE] Group:1 Prob:0.49913 Alpha:0.00005
[MOE_TRACE] Group:0 Prob:0.99755 Alpha:0.00005
[MOE_TRACE] Group:1 Prob:0.49913 Alpha:0.00005
[MOE_TRACE] Group:0 Prob:0.99755 Alpha:0.00005
[MOE_TRACE] Group:1 Prob:0.49913 Alpha:0.00005
[MOE_TRACE] Group:0 Prob:0.99755 Alpha:0.00005
[MOE_TRACE] Group:1 Prob:0.49914 Alpha:0.00005
[MOE_TRACE] Group:0 Prob:0.99755 Alpha:0.00005
[MOE_TRACE] Group:1 Prob:0.49914 Alpha:0.00005
[MOE_TRACE] Group:0 Prob:0.99755 Alpha:0.00005
[MOE_TRACE] Group:1 Prob:0.49914 Alpha:0.00005
[MOE_TRACE] Group:0 Prob:0.99755 Alpha:0.00005
[MOE_TRACE] Group:1 Prob:0.49914 Alpha:0.00005
[MOE_TRACE] Group:0 Prob:0.99755 Alpha:0.00005
[MOE_TRACE] Group:1 Prob:0.49914 Alpha:0.00005
[MOE_TRACE] Group:0 Prob:0.99755 Alpha:0.00005
[MOE_TRACE] Group:1 Prob:0.49914 Alpha:0.00005
[MOE_TRACE] Group:0 Prob:0.99755 Alpha:0.00005
[MOE_TRACE] Group:1 Prob:0.49914 Alpha:0.00005
[MOE_TRACE] Group:0 Prob:0.99755 Alpha:0.00005
[MOE_TRACE] Group:1 Prob:0.49914 Alpha:0.00005
[MOE_TRACE] Group:0 Prob:0.99755 Alpha:0.00005
[MOE_TRACE] Group:1 Prob:0.49913 Alpha:0.00005
[MOE_TRACE] Group:0 Prob:0.99755 Alpha:0.00005
[MOE_TRACE] Group:1 Prob:0.49913 Alpha:0.00005
[MOE_TRACE] Group:0 Prob:0.99755 Alpha:0.00005
[MOE_TRACE] Group:1 Prob:0.49913 Alpha:0.00005
[MOE_TRACE] Group:0 Prob:0.99755 Alpha:0.00005
[MOE_TRACE] Group:1 Prob:0.49913 Alpha:0.00005
[MOE_TRACE] Group:0 Prob:0.99755 Alpha:0.00005
[MOE_TRACE] Group:1 Prob:0.49914 Alpha:0.00005
[MOE_TRACE] Group:0 Prob:0.99755 Alpha:0.00005
[MOE_TRACE] Group:1 Prob:0.49914 Alpha:0.00005
[MOE_TRACE] Group:0 Prob:0.99755 Alpha:0.00005
[MOE_TRACE] Group:1 Prob:0.49914 Alpha:0.00005
[MOE_TRACE] Group:0 Prob:0.99755 Alpha:0.00005
[MOE_TRACE] Group:1 Prob:0.49914 Alpha:0.00005
[MOE_TRACE] Group:0 Prob:0.99755 Alpha:0.00005
[MOE_TRACE] Group:1 Prob:0.49913 Alpha:0.00005
[MOE_TRACE] Group:0 Prob:0.99755 Alpha:0.00005
[MOE_TRACE] Group:1 Prob:0.49913 Alpha:0.00005
[MOE_TRACE] Group:0 Prob:0.99755 Alpha:0.00005
[MOE_TRACE] Group:1 Prob:0.49913 Alpha:0.00005
[MOE_TRACE] Group:0 Prob:0.99755 Alpha:0.00005
[MOE_TRACE] Group:1 Prob:0.49913 Alpha:0.00005
[MOE_TRACE] Group:0 Prob:0.99755 Alpha:0.00005
[MOE_TRACE] Group:1 Prob:0.49913 Alpha:0.00005
[MOE_TRACE] Group:0 Prob:0.99755 Alpha:0.00005
[MOE_TRACE] Group:1 Prob:0.49913 Alpha:0.00005
[MOE_TRACE] Group:0 Prob:0.99755 Alpha:0.00005
[MOE_TRACE] Group:1 Prob:0.49913 Alpha:0.00005
[MOE_TRACE] Group:0 Prob:0.99755 Alpha:0.00005
[MOE_TRACE] Group:1 Prob:0.49913 Alpha:0.00005
[MOE_TRACE] Group:0 Prob:0.99755 Alpha:0.00005
[MOE_TRACE] Group:1 Prob:0.49913 Alpha:0.00005
[MOE_TRACE] Group:0 Prob:0.99755 Alpha:0.00005
[MOE_TRACE] Group:1 Prob:0.49913 Alpha:0.00005
[MOE_TRACE] Group:0 Prob:0.99755 Alpha:0.00005
[MOE_TRACE] Group:1 Prob:0.49913 Alpha:0.00005
[MOE_TRACE] Group:0 Prob:0.99755 Alpha:0.00005
[MOE_TRACE] Group:1 Prob:0.49913 Alpha:0.00005
[MOE_TRACE] Group:0 Prob:0.99755 Alpha:0.00005
[MOE_TRACE] Group:1 Prob:0.49914 Alpha:0.00005
[MOE_TRACE] Group:0 Prob:0.99755 Alpha:0.00005
[MOE_TRACE] Group:1 Prob:0.49913 Alpha:0.00005
[MOE_TRACE] Group:0 Prob:0.99755 Alpha:0.00005
[MOE_TRACE] Group:1 Prob:0.49913 Alpha:0.00005
[MOE_TRACE] Group:0 Prob:0.99755 Alpha:0.00005
[MOE_TRACE] Group:1 Prob:0.49913 Alpha:0.00005
[MOE_TRACE] Group:0 Prob:0.99755 Alpha:0.00005
[MOE_TRACE] Group:1 Prob:0.49913 Alpha:0.00005
[MOE_TRACE] Group:0 Prob:0.99755 Alpha:0.00005
[MOE_TRACE] Group:1 Prob:0.49913 Alpha:0.00005
[MOE_TRACE] Group:0 Prob:0.99755 Alpha:0.00005
[MOE_TRACE] Group:1 Prob:0.49913 Alpha:0.00005
[MOE_TRACE] Group:0 Prob:0.99755 Alpha:0.00005
[MOE_TRACE] Group:1 Prob:0.49913 Alpha:0.00005
[MOE_TRACE] Group:0 Prob:0.99755 Alpha:0.00005
[MOE_TRACE] Group:0 Prob:0.99755 Alpha:0.00005[MOE_TRACE] Group:1 Prob:0.49913 Alpha:0.00005

[MOE_TRACE] Group:1 Prob:0.49913 Alpha:0.00005
[MOE_TRACE] Group:0 Prob:0.99755 Alpha:0.00005
[MOE_TRACE] Group:1 Prob:0.49913 Alpha:0.00005
[MOE_TRACE] Group:0 Prob:0.99755 Alpha:0.00005
[MOE_TRACE] Group:1 Prob:0.49913 Alpha:0.00005
[MOE_TRACE] Group:0 Prob:0.99755 Alpha:0.00005
[MOE_TRACE] Group:1 Prob:0.49913 Alpha:0.00005
[MOE_TRACE] Group:0 Prob:0.99755 Alpha:0.00005
[MOE_TRACE] Group:1 Prob:0.49913 Alpha:0.00005
[MOE_TRACE] Group:0 Prob:0.99755 Alpha:0.00005
[MOE_TRACE] Group:1 Prob:0.49913 Alpha:0.00005
[MOE_TRACE] Group:0 Prob:0.99755 Alpha:0.00005
[MOE_TRACE] Group:1 Prob:0.49913 Alpha:0.00005
[MOE_TRACE] Group:0 Prob:0.99755 Alpha:0.00005
[MOE_TRACE] Group:1 Prob:0.49913 Alpha:0.00005
[MOE_TRACE] Group:0 Prob:0.99755 Alpha:0.00005
[MOE_TRACE] Group:1 Prob:0.49913 Alpha:0.00005
[MOE_TRACE] Group:0 Prob:0.99755 Alpha:0.00005
[MOE_TRACE] Group:1 Prob:0.49913 Alpha:0.00005
[MOE_TRACE] Group:0 Prob:0.99755 Alpha:0.00005
[MOE_TRACE] Group:1 Prob:0.49913 Alpha:0.00005
[MOE_TRACE] Group:0 Prob:0.99755 Alpha:0.00005
[MOE_TRACE] Group:1 Prob:0.49913 Alpha:0.00005
[MOE_TRACE] Group:0 Prob:0.99755 Alpha:0.00005
[MOE_TRACE] Group:1 Prob:0.49914 Alpha:0.00005
[MOE_TRACE] Group:0 Prob:0.99755 Alpha:0.00005
[MOE_TRACE] Group:1 Prob:0.49914 Alpha:0.00005
[MOE_TRACE] Group:0 Prob:0.99755 Alpha:0.00005
[MOE_TRACE] Group:1 Prob:0.49914 Alpha:0.00005
[MOE_TRACE] Group:0 Prob:0.99755 Alpha:0.00005
[MOE_TRACE] Group:1 Prob:0.49914 Alpha:0.00005
[MOE_TRACE] Group:0 Prob:0.99755 Alpha:0.00005[MOE_TRACE] Group:0 Prob:0.99755 Alpha:0.00005

[MOE_TRACE] Group:1 Prob:0.49914 Alpha:0.00005
[MOE_TRACE] Group:1 Prob:0.49914 Alpha:0.00005
[MOE_TRACE] Group:0 Prob:0.99755 Alpha:0.00005
[MOE_TRACE] Group:1 Prob:0.49914 Alpha:0.00005
[MOE_TRACE] Group:0 Prob:0.99755 Alpha:0.00005
[MOE_TRACE] Group:1 Prob:0.49913 Alpha:0.00005
[MOE_TRACE] Group:0 Prob:0.99755 Alpha:0.00005
[MOE_TRACE] Group:1 Prob:0.49913 Alpha:0.00005
[MOE_TRACE] Group:0 Prob:0.99755 Alpha:0.00005
[MOE_TRACE] Group:1 Prob:0.49913 Alpha:0.00005
[MOE_TRACE] Group:0 Prob:0.99755 Alpha:0.00005
[MOE_TRACE] Group:1 Prob:0.49913 Alpha:0.00005
[MOE_TRACE] Group:0 Prob:0.99755 Alpha:0.00005
[MOE_TRACE] Group:1 Prob:0.49914 Alpha:0.00005
[MOE_TRACE] Group:0 Prob:0.99755 Alpha:0.00005
[MOE_TRACE] Group:1 Prob:0.49914 Alpha:0.00005
[MOE_TRACE] Group:0 Prob:0.99755 Alpha:0.00005
[MOE_TRACE] Group:1 Prob:0.49914 Alpha:0.00005
[MOE_TRACE] Group:0 Prob:0.99755 Alpha:0.00005
[MOE_TRACE] Group:1 Prob:0.49914 Alpha:0.00005
[MOE_TRACE] Group:0 Prob:0.99755 Alpha:0.00005
[MOE_TRACE] Group:1 Prob:0.49913 Alpha:0.00005
[MOE_TRACE] Group:0 Prob:0.99755 Alpha:0.00005
[MOE_TRACE] Group:1 Prob:0.49913 Alpha:0.00005
[MOE_TRACE] Group:0 Prob:0.99755 Alpha:0.00005
[MOE_TRACE] Group:1 Prob:0.49913 Alpha:0.00005
[MOE_TRACE] Group:0 Prob:0.99755 Alpha:0.00005
[MOE_TRACE] Group:1 Prob:0.49913 Alpha:0.00005
[MOE_TRACE] Group:0 Prob:0.99755 Alpha:0.00005
[MOE_TRACE] Group:1 Prob:0.49913 Alpha:0.00005
[MOE_TRACE] Group:0 Prob:0.99755 Alpha:0.00005
[MOE_TRACE] Group:1 Prob:0.49913 Alpha:0.00005
[MOE_TRACE] Group:0 Prob:0.99755 Alpha:0.00005
[MOE_TRACE] Group:1 Prob:0.49913 Alpha:0.00005
[MOE_TRACE] Group:0 Prob:0.99755 Alpha:0.00005
[MOE_TRACE] Group:1 Prob:0.49913 Alpha:0.00005
[MOE_TRACE] Group:0 Prob:0.99755 Alpha:0.00005
[MOE_TRACE] Group:1 Prob:0.49913 Alpha:0.00005
[MOE_TRACE] Group:0 Prob:0.99755 Alpha:0.00005
[MOE_TRACE] Group:1 Prob:0.49913 Alpha:0.00005
[MOE_TRACE] Group:0 Prob:0.99755 Alpha:0.00005
[MOE_TRACE] Group:1 Prob:0.49913 Alpha:0.00005
[MOE_TRACE] Group:0 Prob:0.99755 Alpha:0.00005
[MOE_TRACE] Group:1 Prob:0.49913 Alpha:0.00005
[MOE_TRACE] Group:0 Prob:0.99755 Alpha:0.00005
[MOE_TRACE] Group:1 Prob:0.49913 Alpha:0.00005
[MOE_TRACE] Group:0 Prob:0.99755 Alpha:0.00005
[MOE_TRACE] Group:1 Prob:0.49913 Alpha:0.00005
[MOE_TRACE] Group:0 Prob:0.99755 Alpha:0.00005
[MOE_TRACE] Group:1 Prob:0.49913 Alpha:0.00005
[MOE_TRACE] Group:0 Prob:0.99755 Alpha:0.00005
[MOE_TRACE] Group:1 Prob:0.49913 Alpha:0.00005
[MOE_TRACE] Group:0 Prob:0.99755 Alpha:0.00005
[MOE_TRACE] Group:1 Prob:0.49913 Alpha:0.00005
[MOE_TRACE] Group:0 Prob:0.99755 Alpha:0.00005[MOE_TRACE] Group:0 Prob:0.99755 Alpha:0.00005

[MOE_TRACE] Group:1 Prob:0.49913 Alpha:0.00005[MOE_TRACE] Group:1 Prob:0.49913 Alpha:0.00005

[MOE_TRACE] Group:0 Prob:0.99755 Alpha:0.00005
[MOE_TRACE] Group:1 Prob:0.49913 Alpha:0.00005
[MOE_TRACE] Group:0 Prob:0.99755 Alpha:0.00005
[MOE_TRACE] Group:1 Prob:0.49913 Alpha:0.00005
[MOE_TRACE] Group:0 Prob:0.99755 Alpha:0.00005
[MOE_TRACE] Group:1 Prob:0.49913 Alpha:0.00005
[MOE_TRACE] Group:0 Prob:0.99755 Alpha:0.00005
[MOE_TRACE] Group:1 Prob:0.49913 Alpha:0.00005
[MOE_TRACE] Group:0 Prob:0.99755 Alpha:0.00005
[MOE_TRACE] Group:1 Prob:0.49913 Alpha:0.00005
[MOE_TRACE] Group:0 Prob:0.99755 Alpha:0.00005
[MOE_TRACE] Group:1 Prob:0.49913 Alpha:0.00005
[MOE_TRACE] Group:0 Prob:0.99755 Alpha:0.00005
[MOE_TRACE] Group:1 Prob:0.49913 Alpha:0.00005
[MOE_TRACE] Group:0 Prob:0.99755 Alpha:0.00005
[MOE_TRACE] Group:1 Prob:0.49913 Alpha:0.00005
[MOE_TRACE] Group:0 Prob:0.99755 Alpha:0.00005
[MOE_TRACE] Group:1 Prob:0.49913 Alpha:0.00005
[MOE_TRACE] Group:0 Prob:0.99755 Alpha:0.00005
[MOE_TRACE] Group:1 Prob:0.49913 Alpha:0.00005
[MOE_TRACE] Group:0 Prob:0.99755 Alpha:0.00005
[MOE_TRACE] Group:1 Prob:0.49913 Alpha:0.00005
[MOE_TRACE] Group:0 Prob:0.99755 Alpha:0.00005
[MOE_TRACE] Group:1 Prob:0.49913 Alpha:0.00005
[MOE_TRACE] Group:0 Prob:0.99755 Alpha:0.00005[MOE_TRACE] Group:0 Prob:0.99755 Alpha:0.00005

[MOE_TRACE] Group:1 Prob:0.49913 Alpha:0.00005
[MOE_TRACE] Group:1 Prob:0.49913 Alpha:0.00005
[MOE_TRACE] Group:0 Prob:0.99755 Alpha:0.00005
[MOE_TRACE] Group:1 Prob:0.49913 Alpha:0.00005
[MOE_TRACE] Group:0 Prob:0.99755 Alpha:0.00005
[MOE_TRACE] Group:1 Prob:0.49913 Alpha:0.00005
[MOE_TRACE] Group:0 Prob:0.99755 Alpha:0.00005
[MOE_TRACE] Group:1 Prob:0.49913 Alpha:0.00005
[MOE_TRACE] Group:0 Prob:0.99755 Alpha:0.00005
[MOE_TRACE] Group:1 Prob:0.49913 Alpha:0.00005
[MOE_TRACE] Group:0 Prob:0.99755 Alpha:0.00005
[MOE_TRACE] Group:0 Prob:0.99755 Alpha:0.00005
[MOE_TRACE] Group:1 Prob:0.49913 Alpha:0.00005
[MOE_TRACE] Group:1 Prob:0.49913 Alpha:0.00005
[MOE_TRACE] Group:0 Prob:0.99755 Alpha:0.00005
[MOE_TRACE] Group:1 Prob:0.49913 Alpha:0.00005
[MOE_TRACE] Group:0 Prob:0.99755 Alpha:0.00005
[MOE_TRACE] Group:1 Prob:0.49913 Alpha:0.00005
[MOE_TRACE] Group:0 Prob:0.99755 Alpha:0.00005
[MOE_TRACE] Group:1 Prob:0.49913 Alpha:0.00005
[MOE_TRACE] Group:0 Prob:0.99755 Alpha:0.00005
[MOE_TRACE] Group:1 Prob:0.49913 Alpha:0.00005
[MOE_TRACE] Group:0 Prob:0.99755 Alpha:0.00005
[MOE_TRACE] Group:1 Prob:0.49913 Alpha:0.00005
[MOE_TRACE] Group:0 Prob:0.99755 Alpha:0.00005
[MOE_TRACE] Group:1 Prob:0.49913 Alpha:0.00005
[MOE_TRACE] Group:0 Prob:0.99755 Alpha:0.00005
[MOE_TRACE] Group:1 Prob:0.49913 Alpha:0.00005
[MOE_TRACE] Group:0 Prob:0.99755 Alpha:0.00005
[MOE_TRACE] Group:1 Prob:0.49913 Alpha:0.00005
[MOE_TRACE] Group:0 Prob:0.99755 Alpha:0.00005
[MOE_TRACE] Group:1 Prob:0.49913 Alpha:0.00005
[MOE_TRACE] Group:0 Prob:0.99755 Alpha:0.00005
[MOE_TRACE] Group:1 Prob:0.49913 Alpha:0.00005
[MOE_TRACE] Group:0 Prob:0.99755 Alpha:0.00005
[MOE_TRACE] Group:1 Prob:0.49913 Alpha:0.00005
[MOE_TRACE] Group:0 Prob:0.99755 Alpha:0.00005
[MOE_TRACE] Group:1 Prob:0.49913 Alpha:0.00005
[MOE_TRACE] Group:0 Prob:0.99755 Alpha:0.00005
[MOE_TRACE] Group:1 Prob:0.49913 Alpha:0.00005
[MOE_TRACE] Group:0 Prob:0.99755 Alpha:0.00005
[MOE_TRACE] Group:1 Prob:0.49913 Alpha:0.00005
[MOE_TRACE] Group:0 Prob:0.99755 Alpha:0.00005
[MOE_TRACE] Group:1 Prob:0.49913 Alpha:0.00005
[MOE_TRACE] Group:0 Prob:0.99755 Alpha:0.00005
[MOE_TRACE] Group:1 Prob:0.49913 Alpha:0.00005
[MOE_TRACE] Group:0 Prob:0.99755 Alpha:0.00005
[MOE_TRACE] Group:1 Prob:0.49913 Alpha:0.00005
[MOE_TRACE] Group:0 Prob:0.99755 Alpha:0.00005
[MOE_TRACE] Group:1 Prob:0.49913 Alpha:0.00005
[MOE_TRACE] Group:0 Prob:0.99755 Alpha:0.00005
[MOE_TRACE] Group:1 Prob:0.49913 Alpha:0.00005
[MOE_TRACE] Group:0 Prob:0.99755 Alpha:0.00005
[MOE_TRACE] Group:1 Prob:0.49913 Alpha:0.00005
[MOE_TRACE] Group:0 Prob:0.99755 Alpha:0.00005
[MOE_TRACE] Group:1 Prob:0.49913 Alpha:0.00005
[MOE_TRACE] Group:0 Prob:0.99755 Alpha:0.00005
[MOE_TRACE] Group:1 Prob:0.49913 Alpha:0.00005
[MOE_TRACE] Group:0 Prob:0.99755 Alpha:0.00005
[MOE_TRACE] Group:1 Prob:0.49913 Alpha:0.00005
[MOE_TRACE] Group:0 Prob:0.99755 Alpha:0.00005
[MOE_TRACE] Group:1 Prob:0.49913 Alpha:0.00005
[MOE_TRACE] Group:0 Prob:0.99755 Alpha:0.00005
[MOE_TRACE] Group:1 Prob:0.49913 Alpha:0.00005
[MOE_TRACE] Group:0 Prob:0.99755 Alpha:0.00005
[MOE_TRACE] Group:1 Prob:0.49914 Alpha:0.00005
[MOE_TRACE] Group:0 Prob:0.99755 Alpha:0.00005
[MOE_TRACE] Group:1 Prob:0.49914 Alpha:0.00005
[MOE_TRACE] Group:0 Prob:0.99755 Alpha:0.00005
[MOE_TRACE] Group:1 Prob:0.49914 Alpha:0.00005
[MOE_TRACE] Group:0 Prob:0.99755 Alpha:0.00005
[MOE_TRACE] Group:1 Prob:0.49913 Alpha:0.00005
[MOE_TRACE] Group:0 Prob:0.99755 Alpha:0.00005
[MOE_TRACE] Group:1 Prob:0.49913 Alpha:0.00005
[MOE_TRACE] Group:0 Prob:0.99755 Alpha:0.00005
[MOE_TRACE] Group:1 Prob:0.49913 Alpha:0.00005
[MOE_TRACE] Group:0 Prob:0.99755 Alpha:0.00005
[MOE_TRACE] Group:1 Prob:0.49913 Alpha:0.00005
[MOE_TRACE] Group:0 Prob:0.99755 Alpha:0.00005
[MOE_TRACE] Group:1 Prob:0.49913 Alpha:0.00005
[MOE_TRACE] Group:0 Prob:0.99755 Alpha:0.00005
[MOE_TRACE] Group:1 Prob:0.49913 Alpha:0.00005
[MOE_TRACE] Group:0 Prob:0.99755 Alpha:0.00005
[MOE_TRACE] Group:1 Prob:0.49913 Alpha:0.00005
[MOE_TRACE] Group:0 Prob:0.99755 Alpha:0.00005
[MOE_TRACE] Group:1 Prob:0.49913 Alpha:0.00005
[MOE_TRACE] Group:0 Prob:0.99755 Alpha:0.00005
[MOE_TRACE] Group:1 Prob:0.49913 Alpha:0.00005
[MOE_TRACE] Group:0 Prob:0.99755 Alpha:0.00005
[MOE_TRACE] Group:1 Prob:0.49913 Alpha:0.00005
[MOE_TRACE] Group:0 Prob:0.99755 Alpha:0.00005
[MOE_TRACE] Group:1 Prob:0.49913 Alpha:0.00005
[MOE_TRACE] Group:0 Prob:0.99755 Alpha:0.00005
[MOE_TRACE] Group:1 Prob:0.49913 Alpha:0.00005
[MOE_TRACE] Group:0 Prob:0.99755 Alpha:0.00005
[MOE_TRACE] Group:1 Prob:0.49913 Alpha:0.00005
[MOE_TRACE] Group:0 Prob:0.99755 Alpha:0.00005
[MOE_TRACE] Group:1 Prob:0.49913 Alpha:0.00005
[MOE_TRACE] Group:0 Prob:0.99755 Alpha:0.00005
[MOE_TRACE] Group:1 Prob:0.49913 Alpha:0.00005
[MOE_TRACE] Group:0 Prob:0.99755 Alpha:0.00005
[MOE_TRACE] Group:1 Prob:0.49913 Alpha:0.00005
[MOE_TRACE] Group:1 Prob:0.49913 Alpha:0.00005
[MOE_TRACE] Group:0 Prob:0.99755 Alpha:0.00005
[MOE_TRACE] Group:1 Prob:0.49913 Alpha:0.00005
[MOE_TRACE] Group:0 Prob:0.99755 Alpha:0.00005
[MOE_TRACE] Group:1 Prob:0.49913 Alpha:0.00005
[MOE_TRACE] Group:0 Prob:0.99755 Alpha:0.00005
[MOE_TRACE] Group:1 Prob:0.49913 Alpha:0.00005
[MOE_TRACE] Group:0 Prob:0.99755 Alpha:0.00005
[MOE_TRACE] Group:1 Prob:0.49913 Alpha:0.00005
[MOE_TRACE] Group:0 Prob:0.99755 Alpha:0.00005
[MOE_TRACE] Group:1 Prob:0.49913 Alpha:0.00005
[MOE_TRACE] Group:0 Prob:0.99755 Alpha:0.00005
[MOE_TRACE] Group:1 Prob:0.49913 Alpha:0.00005
[MOE_TRACE] Group:0 Prob:0.99755 Alpha:0.00005
[MOE_TRACE] Group:1 Prob:0.49913 Alpha:0.00005
	iters: 100, epoch: 9 | loss: 0.3636787 | Mem: 1845MB(Max:2203MB)
	speed: 3.6159s/iter; left time: 705.1096s
[MOE_TRACE] Group:0 Prob:0.99755 Alpha:0.00005
[MOE_TRACE] Group:1 Prob:0.49914 Alpha:0.00005
[MOE_TRACE] Group:0 Prob:0.99755 Alpha:0.00005
[MOE_TRACE] Group:1 Prob:0.49914 Alpha:0.00005
[MOE_TRACE] Group:0 Prob:0.99755 Alpha:0.00005[MOE_TRACE] Group:0 Prob:0.99755 Alpha:0.00005

[MOE_TRACE] Group:1 Prob:0.49914 Alpha:0.00005
[MOE_TRACE] Group:1 Prob:0.49914 Alpha:0.00005
[MOE_TRACE] Group:0 Prob:0.99755 Alpha:0.00005
[MOE_TRACE] Group:1 Prob:0.49913 Alpha:0.00005
[MOE_TRACE] Group:0 Prob:0.99755 Alpha:0.00005
[MOE_TRACE] Group:1 Prob:0.49913 Alpha:0.00005
[MOE_TRACE] Group:0 Prob:0.99755 Alpha:0.00005
[MOE_TRACE] Group:1 Prob:0.49913 Alpha:0.00005
[MOE_TRACE] Group:0 Prob:0.99755 Alpha:0.00005
[MOE_TRACE] Group:1 Prob:0.49913 Alpha:0.00005
[MOE_TRACE] Group:0 Prob:0.99755 Alpha:0.00005
[MOE_TRACE] Group:1 Prob:0.49914 Alpha:0.00005
[MOE_TRACE] Group:0 Prob:0.99755 Alpha:0.00005
[MOE_TRACE] Group:1 Prob:0.49914 Alpha:0.00005
[MOE_TRACE] Group:0 Prob:0.99755 Alpha:0.00005
[MOE_TRACE] Group:1 Prob:0.49914 Alpha:0.00005
[MOE_TRACE] Group:0 Prob:0.99755 Alpha:0.00005
[MOE_TRACE] Group:1 Prob:0.49914 Alpha:0.00005
[MOE_TRACE] Group:0 Prob:0.99755 Alpha:0.00005
[MOE_TRACE] Group:1 Prob:0.49913 Alpha:0.00005
[MOE_TRACE] Group:0 Prob:0.99755 Alpha:0.00005
[MOE_TRACE] Group:1 Prob:0.49913 Alpha:0.00005
[MOE_TRACE] Group:0 Prob:0.99755 Alpha:0.00005
[MOE_TRACE] Group:1 Prob:0.49913 Alpha:0.00005
[MOE_TRACE] Group:0 Prob:0.99755 Alpha:0.00005
[MOE_TRACE] Group:1 Prob:0.49913 Alpha:0.00005
[MOE_TRACE] Group:0 Prob:0.99755 Alpha:0.00005
[MOE_TRACE] Group:1 Prob:0.49913 Alpha:0.00005
[MOE_TRACE] Group:0 Prob:0.99755 Alpha:0.00005
[MOE_TRACE] Group:1 Prob:0.49913 Alpha:0.00005
[MOE_TRACE] Group:0 Prob:0.99755 Alpha:0.00005
[MOE_TRACE] Group:1 Prob:0.49913 Alpha:0.00005
[MOE_TRACE] Group:0 Prob:0.99755 Alpha:0.00005
[MOE_TRACE] Group:1 Prob:0.49913 Alpha:0.00005
[MOE_TRACE] Group:0 Prob:0.99755 Alpha:0.00005
[MOE_TRACE] Group:1 Prob:0.49913 Alpha:0.00005
[MOE_TRACE] Group:0 Prob:0.99755 Alpha:0.00005
[MOE_TRACE] Group:1 Prob:0.49913 Alpha:0.00005
[MOE_TRACE] Group:0 Prob:0.99755 Alpha:0.00005
[MOE_TRACE] Group:1 Prob:0.49913 Alpha:0.00005
[MOE_TRACE] Group:0 Prob:0.99755 Alpha:0.00005
[MOE_TRACE] Group:1 Prob:0.49913 Alpha:0.00005
[MOE_TRACE] Group:0 Prob:0.99755 Alpha:0.00005
[MOE_TRACE] Group:1 Prob:0.49913 Alpha:0.00005
[MOE_TRACE] Group:0 Prob:0.99755 Alpha:0.00005
[MOE_TRACE] Group:1 Prob:0.49913 Alpha:0.00005
[MOE_TRACE] Group:0 Prob:0.99755 Alpha:0.00005
[MOE_TRACE] Group:1 Prob:0.49913 Alpha:0.00005
[MOE_TRACE] Group:0 Prob:0.99755 Alpha:0.00005
[MOE_TRACE] Group:1 Prob:0.49913 Alpha:0.00005
[MOE_TRACE] Group:0 Prob:0.99755 Alpha:0.00005
[MOE_TRACE] Group:1 Prob:0.49913 Alpha:0.00005
[MOE_TRACE] Group:0 Prob:0.99755 Alpha:0.00005
[MOE_TRACE] Group:1 Prob:0.49913 Alpha:0.00005
[MOE_TRACE] Group:0 Prob:0.99755 Alpha:0.00005
[MOE_TRACE] Group:1 Prob:0.49913 Alpha:0.00005
[MOE_TRACE] Group:0 Prob:0.99755 Alpha:0.00005
[MOE_TRACE] Group:1 Prob:0.49913 Alpha:0.00005
[MOE_TRACE] Group:0 Prob:0.99755 Alpha:0.00005
[MOE_TRACE] Group:1 Prob:0.49913 Alpha:0.00005
[MOE_TRACE] Group:0 Prob:0.99755 Alpha:0.00005
[MOE_TRACE] Group:1 Prob:0.49913 Alpha:0.00005
[MOE_TRACE] Group:0 Prob:0.99755 Alpha:0.00005
[MOE_TRACE] Group:1 Prob:0.49913 Alpha:0.00005
[MOE_TRACE] Group:0 Prob:0.99755 Alpha:0.00005
[MOE_TRACE] Group:1 Prob:0.49913 Alpha:0.00005
[MOE_TRACE] Group:0 Prob:0.99755 Alpha:0.00005
[MOE_TRACE] Group:1 Prob:0.49913 Alpha:0.00005
[MOE_TRACE] Group:0 Prob:0.99755 Alpha:0.00005
[MOE_TRACE] Group:0 Prob:0.99755 Alpha:0.00005
[MOE_TRACE] Group:1 Prob:0.49913 Alpha:0.00005[MOE_TRACE] Group:1 Prob:0.49913 Alpha:0.00005

[MOE_TRACE] Group:0 Prob:0.99755 Alpha:0.00005
[MOE_TRACE] Group:1 Prob:0.49913 Alpha:0.00005
[MOE_TRACE] Group:0 Prob:0.99755 Alpha:0.00005
[MOE_TRACE] Group:1 Prob:0.49913 Alpha:0.00005
[MOE_TRACE] Group:0 Prob:0.99755 Alpha:0.00005
[MOE_TRACE] Group:1 Prob:0.49913 Alpha:0.00005
[MOE_TRACE] Group:0 Prob:0.99755 Alpha:0.00005
[MOE_TRACE] Group:1 Prob:0.49913 Alpha:0.00005
[MOE_TRACE] Group:0 Prob:0.99755 Alpha:0.00005
[MOE_TRACE] Group:1 Prob:0.49913 Alpha:0.00005
[MOE_TRACE] Group:0 Prob:0.99755 Alpha:0.00005[MOE_TRACE] Group:0 Prob:0.99755 Alpha:0.00005

[MOE_TRACE] Group:1 Prob:0.49913 Alpha:0.00005
[MOE_TRACE] Group:1 Prob:0.49913 Alpha:0.00005
[MOE_TRACE] Group:0 Prob:0.99755 Alpha:0.00005
[MOE_TRACE] Group:1 Prob:0.49913 Alpha:0.00005
[MOE_TRACE] Group:0 Prob:0.99755 Alpha:0.00005
[MOE_TRACE] Group:1 Prob:0.49913 Alpha:0.00005
[MOE_TRACE] Group:0 Prob:0.99755 Alpha:0.00005
[MOE_TRACE] Group:1 Prob:0.49913 Alpha:0.00005
[MOE_TRACE] Group:0 Prob:0.99755 Alpha:0.00005
[MOE_TRACE] Group:1 Prob:0.49913 Alpha:0.00005
[MOE_TRACE] Group:0 Prob:0.99755 Alpha:0.00005
[MOE_TRACE] Group:1 Prob:0.49913 Alpha:0.00005
[MOE_TRACE] Group:0 Prob:0.99755 Alpha:0.00005
[MOE_TRACE] Group:1 Prob:0.49913 Alpha:0.00005
[MOE_TRACE] Group:0 Prob:0.99755 Alpha:0.00005
[MOE_TRACE] Group:1 Prob:0.49913 Alpha:0.00005
[MOE_TRACE] Group:0 Prob:0.99755 Alpha:0.00005
[MOE_TRACE] Group:1 Prob:0.49913 Alpha:0.00005
[MOE_TRACE] Group:0 Prob:0.99755 Alpha:0.00005
[MOE_TRACE] Group:1 Prob:0.49913 Alpha:0.00005
[MOE_TRACE] Group:0 Prob:0.99755 Alpha:0.00005
[MOE_TRACE] Group:1 Prob:0.49913 Alpha:0.00005
[MOE_TRACE] Group:0 Prob:0.99755 Alpha:0.00005
[MOE_TRACE] Group:1 Prob:0.49913 Alpha:0.00005
[MOE_TRACE] Group:0 Prob:0.99755 Alpha:0.00005
[MOE_TRACE] Group:1 Prob:0.49913 Alpha:0.00005
[MOE_TRACE] Group:0 Prob:0.99755 Alpha:0.00005
[MOE_TRACE] Group:1 Prob:0.49913 Alpha:0.00005
[MOE_TRACE] Group:0 Prob:0.99755 Alpha:0.00005
[MOE_TRACE] Group:1 Prob:0.49913 Alpha:0.00005
[MOE_TRACE] Group:0 Prob:0.99755 Alpha:0.00005
[MOE_TRACE] Group:1 Prob:0.49913 Alpha:0.00005
[MOE_TRACE] Group:0 Prob:0.99755 Alpha:0.00005
[MOE_TRACE] Group:1 Prob:0.49913 Alpha:0.00005
[MOE_TRACE] Group:0 Prob:0.99755 Alpha:0.00005
[MOE_TRACE] Group:1 Prob:0.49913 Alpha:0.00005
[MOE_TRACE] Group:0 Prob:0.99755 Alpha:0.00005
[MOE_TRACE] Group:1 Prob:0.49913 Alpha:0.00005
[MOE_TRACE] Group:0 Prob:0.99755 Alpha:0.00005
[MOE_TRACE] Group:1 Prob:0.49913 Alpha:0.00005
[MOE_TRACE] Group:0 Prob:0.99755 Alpha:0.00005
[MOE_TRACE] Group:1 Prob:0.49913 Alpha:0.00005
[MOE_TRACE] Group:0 Prob:0.99755 Alpha:0.00005
[MOE_TRACE] Group:1 Prob:0.49913 Alpha:0.00005
[MOE_TRACE] Group:0 Prob:0.99755 Alpha:0.00005
[MOE_TRACE] Group:1 Prob:0.49913 Alpha:0.00005
[MOE_TRACE] Group:0 Prob:0.99755 Alpha:0.00005
[MOE_TRACE] Group:1 Prob:0.49913 Alpha:0.00005
[MOE_TRACE] Group:0 Prob:0.99755 Alpha:0.00005
[MOE_TRACE] Group:1 Prob:0.49913 Alpha:0.00005
[MOE_TRACE] Group:0 Prob:0.99755 Alpha:0.00005[MOE_TRACE] Group:0 Prob:0.99755 Alpha:0.00005

[MOE_TRACE] Group:1 Prob:0.49913 Alpha:0.00005
[MOE_TRACE] Group:1 Prob:0.49913 Alpha:0.00005
[MOE_TRACE] Group:0 Prob:0.99755 Alpha:0.00005
[MOE_TRACE] Group:1 Prob:0.49913 Alpha:0.00005
[MOE_TRACE] Group:0 Prob:0.99755 Alpha:0.00005
[MOE_TRACE] Group:1 Prob:0.49913 Alpha:0.00005
[MOE_TRACE] Group:0 Prob:0.99755 Alpha:0.00005
[MOE_TRACE] Group:1 Prob:0.49913 Alpha:0.00005
[MOE_TRACE] Group:0 Prob:0.99755 Alpha:0.00005
[MOE_TRACE] Group:1 Prob:0.49913 Alpha:0.00005
[MOE_TRACE] Group:0 Prob:0.99755 Alpha:0.00005
[MOE_TRACE] Group:1 Prob:0.49913 Alpha:0.00005
[MOE_TRACE] Group:0 Prob:0.99755 Alpha:0.00005
[MOE_TRACE] Group:1 Prob:0.49913 Alpha:0.00005
[MOE_TRACE] Group:0 Prob:0.99755 Alpha:0.00005
[MOE_TRACE] Group:1 Prob:0.49913 Alpha:0.00005
[MOE_TRACE] Group:0 Prob:0.99755 Alpha:0.00005
[MOE_TRACE] Group:1 Prob:0.49913 Alpha:0.00005
[MOE_TRACE] Group:0 Prob:0.99755 Alpha:0.00005
[MOE_TRACE] Group:1 Prob:0.49913 Alpha:0.00005
[MOE_TRACE] Group:0 Prob:0.99755 Alpha:0.00005
[MOE_TRACE] Group:1 Prob:0.49913 Alpha:0.00005
[MOE_TRACE] Group:0 Prob:0.99755 Alpha:0.00005
[MOE_TRACE] Group:1 Prob:0.49913 Alpha:0.00005
[MOE_TRACE] Group:0 Prob:0.99755 Alpha:0.00005
[MOE_TRACE] Group:1 Prob:0.49913 Alpha:0.00005
[MOE_TRACE] Group:0 Prob:0.99755 Alpha:0.00005
[MOE_TRACE] Group:1 Prob:0.49913 Alpha:0.00005
[MOE_TRACE] Group:0 Prob:0.99755 Alpha:0.00005
[MOE_TRACE] Group:1 Prob:0.49913 Alpha:0.00005
[MOE_TRACE] Group:0 Prob:0.99755 Alpha:0.00005
[MOE_TRACE] Group:1 Prob:0.49913 Alpha:0.00005
[MOE_TRACE] Group:0 Prob:0.99755 Alpha:0.00005
[MOE_TRACE] Group:1 Prob:0.49913 Alpha:0.00005
[MOE_TRACE] Group:0 Prob:0.99755 Alpha:0.00005
[MOE_TRACE] Group:1 Prob:0.49913 Alpha:0.00005[MOE_TRACE] Group:0 Prob:0.99755 Alpha:0.00005

[MOE_TRACE] Group:1 Prob:0.49913 Alpha:0.00005
[MOE_TRACE] Group:0 Prob:0.99755 Alpha:0.00005
[MOE_TRACE] Group:1 Prob:0.49913 Alpha:0.00005
[MOE_TRACE] Group:0 Prob:0.99755 Alpha:0.00005
[MOE_TRACE] Group:1 Prob:0.49913 Alpha:0.00005
[MOE_TRACE] Group:0 Prob:0.99755 Alpha:0.00005
[MOE_TRACE] Group:1 Prob:0.49913 Alpha:0.00005
[MOE_TRACE] Group:0 Prob:0.99755 Alpha:0.00005
[MOE_TRACE] Group:1 Prob:0.49913 Alpha:0.00005
[MOE_TRACE] Group:0 Prob:0.99755 Alpha:0.00005
[MOE_TRACE] Group:1 Prob:0.49913 Alpha:0.00005
[MOE_TRACE] Group:0 Prob:0.99755 Alpha:0.00005
[MOE_TRACE] Group:1 Prob:0.49913 Alpha:0.00005
[MOE_TRACE] Group:0 Prob:0.99755 Alpha:0.00005
[MOE_TRACE] Group:0 Prob:0.99755 Alpha:0.00005[MOE_TRACE] Group:1 Prob:0.49913 Alpha:0.00005

[MOE_TRACE] Group:1 Prob:0.49913 Alpha:0.00005
[MOE_TRACE] Group:0 Prob:0.99755 Alpha:0.00005
[MOE_TRACE] Group:1 Prob:0.49913 Alpha:0.00005
[MOE_TRACE] Group:0 Prob:0.99755 Alpha:0.00005
[MOE_TRACE] Group:1 Prob:0.49913 Alpha:0.00005
[MOE_TRACE] Group:0 Prob:0.99755 Alpha:0.00005
[MOE_TRACE] Group:1 Prob:0.49914 Alpha:0.00005
[MOE_TRACE] Group:0 Prob:0.99755 Alpha:0.00005[MOE_TRACE] Group:0 Prob:0.99755 Alpha:0.00005
[MOE_TRACE] Group:0 Prob:0.99755 Alpha:0.00005

[MOE_TRACE] Group:1 Prob:0.49914 Alpha:0.00005[MOE_TRACE] Group:1 Prob:0.49914 Alpha:0.00005[MOE_TRACE] Group:1 Prob:0.49914 Alpha:0.00005


[MOE_TRACE] Group:0 Prob:0.99755 Alpha:0.00005[MOE_TRACE] Group:0 Prob:0.99755 Alpha:0.00005

[MOE_TRACE] Group:1 Prob:0.49913 Alpha:0.00005[MOE_TRACE] Group:1 Prob:0.49913 Alpha:0.00005

[MOE_TRACE] Group:0 Prob:0.99755 Alpha:0.00005
[MOE_TRACE] Group:1 Prob:0.49913 Alpha:0.00005
[MOE_TRACE] Group:0 Prob:0.99755 Alpha:0.00005
[MOE_TRACE] Group:1 Prob:0.49913 Alpha:0.00005
[MOE_TRACE] Group:0 Prob:0.99755 Alpha:0.00005
[MOE_TRACE] Group:1 Prob:0.49913 Alpha:0.00005
[MOE_TRACE] Group:0 Prob:0.99755 Alpha:0.00005
[MOE_TRACE] Group:1 Prob:0.49913 Alpha:0.00005
[MOE_TRACE] Group:0 Prob:0.99755 Alpha:0.00005
[MOE_TRACE] Group:1 Prob:0.49913 Alpha:0.00005
[MOE_TRACE] Group:0 Prob:0.99755 Alpha:0.00005
[MOE_TRACE] Group:1 Prob:0.49913 Alpha:0.00005
[MOE_TRACE] Group:0 Prob:0.99755 Alpha:0.00005
[MOE_TRACE] Group:1 Prob:0.49913 Alpha:0.00005
[MOE_TRACE] Group:0 Prob:0.99755 Alpha:0.00005
[MOE_TRACE] Group:1 Prob:0.49913 Alpha:0.00005
[MOE_TRACE] Group:0 Prob:0.99755 Alpha:0.00005
[MOE_TRACE] Group:1 Prob:0.49913 Alpha:0.00005
[MOE_TRACE] Group:0 Prob:0.99755 Alpha:0.00005
[MOE_TRACE] Group:1 Prob:0.49913 Alpha:0.00005
[MOE_TRACE] Group:0 Prob:0.99755 Alpha:0.00005
[MOE_TRACE] Group:1 Prob:0.49913 Alpha:0.00005
[MOE_TRACE] Group:0 Prob:0.99755 Alpha:0.00005
[MOE_TRACE] Group:1 Prob:0.49913 Alpha:0.00005
[MOE_TRACE] Group:0 Prob:0.99755 Alpha:0.00005
[MOE_TRACE] Group:1 Prob:0.49913 Alpha:0.00005
[MOE_TRACE] Group:0 Prob:0.99755 Alpha:0.00005
[MOE_TRACE] Group:1 Prob:0.49913 Alpha:0.00005
[MOE_TRACE] Group:0 Prob:0.99755 Alpha:0.00005
[MOE_TRACE] Group:1 Prob:0.49913 Alpha:0.00005
[MOE_TRACE] Group:0 Prob:0.99755 Alpha:0.00005
[MOE_TRACE] Group:1 Prob:0.49913 Alpha:0.00005
[MOE_TRACE] Group:0 Prob:0.99755 Alpha:0.00005
[MOE_TRACE] Group:0 Prob:0.99755 Alpha:0.00005[MOE_TRACE] Group:1 Prob:0.49913 Alpha:0.00005

[MOE_TRACE] Group:1 Prob:0.49913 Alpha:0.00005
[MOE_TRACE] Group:0 Prob:0.99755 Alpha:0.00005
[MOE_TRACE] Group:1 Prob:0.49913 Alpha:0.00005
[MOE_TRACE] Group:0 Prob:0.99755 Alpha:0.00005
[MOE_TRACE] Group:1 Prob:0.49913 Alpha:0.00005
[MOE_TRACE] Group:0 Prob:0.99755 Alpha:0.00005
[MOE_TRACE] Group:1 Prob:0.49913 Alpha:0.00005
[MOE_TRACE] Group:0 Prob:0.99755 Alpha:0.00005
[MOE_TRACE] Group:1 Prob:0.49913 Alpha:0.00005
[MOE_TRACE] Group:0 Prob:0.99755 Alpha:0.00005
[MOE_TRACE] Group:1 Prob:0.49913 Alpha:0.00005
[MOE_TRACE] Group:0 Prob:0.99755 Alpha:0.00005
[MOE_TRACE] Group:1 Prob:0.49913 Alpha:0.00005
[MOE_TRACE] Group:0 Prob:0.99755 Alpha:0.00005
[MOE_TRACE] Group:1 Prob:0.49913 Alpha:0.00005
[MOE_TRACE] Group:0 Prob:0.99755 Alpha:0.00005
[MOE_TRACE] Group:1 Prob:0.49913 Alpha:0.00005
[MOE_TRACE] Group:0 Prob:0.99755 Alpha:0.00005
[MOE_TRACE] Group:1 Prob:0.49913 Alpha:0.00005
[MOE_TRACE] Group:0 Prob:0.99755 Alpha:0.00005
[MOE_TRACE] Group:1 Prob:0.49913 Alpha:0.00005
[MOE_TRACE] Group:0 Prob:0.99755 Alpha:0.00005
[MOE_TRACE] Group:1 Prob:0.49913 Alpha:0.00005
[MOE_TRACE] Group:0 Prob:0.99755 Alpha:0.00005
[MOE_TRACE] Group:1 Prob:0.49913 Alpha:0.00005
[MOE_TRACE] Group:0 Prob:0.99755 Alpha:0.00005
[MOE_TRACE] Group:1 Prob:0.49913 Alpha:0.00005
[MOE_TRACE] Group:0 Prob:0.99755 Alpha:0.00005
[MOE_TRACE] Group:1 Prob:0.49913 Alpha:0.00005
[MOE_TRACE] Group:0 Prob:0.99755 Alpha:0.00005
[MOE_TRACE] Group:1 Prob:0.49913 Alpha:0.00005
[MOE_TRACE] Group:0 Prob:0.99755 Alpha:0.00005
[MOE_TRACE] Group:1 Prob:0.49913 Alpha:0.00005
[MOE_TRACE] Group:0 Prob:0.99755 Alpha:0.00005
[MOE_TRACE] Group:1 Prob:0.49913 Alpha:0.00005
[MOE_TRACE] Group:0 Prob:0.99755 Alpha:0.00005
[MOE_TRACE] Group:1 Prob:0.49913 Alpha:0.00005[MOE_TRACE] Group:0 Prob:0.99755 Alpha:0.00005

[MOE_TRACE] Group:1 Prob:0.49913 Alpha:0.00005
[MOE_TRACE] Group:0 Prob:0.99755 Alpha:0.00005
[MOE_TRACE] Group:1 Prob:0.49913 Alpha:0.00005
[MOE_TRACE] Group:0 Prob:0.99755 Alpha:0.00005[MOE_TRACE] Group:0 Prob:0.99755 Alpha:0.00005

[MOE_TRACE] Group:1 Prob:0.49913 Alpha:0.00005
[MOE_TRACE] Group:1 Prob:0.49913 Alpha:0.00005
[MOE_TRACE] Group:0 Prob:0.99755 Alpha:0.00005
[MOE_TRACE] Group:1 Prob:0.49913 Alpha:0.00005
[MOE_TRACE] Group:0 Prob:0.99755 Alpha:0.00005
[MOE_TRACE] Group:1 Prob:0.49913 Alpha:0.00005
[MOE_TRACE] Group:0 Prob:0.99755 Alpha:0.00005
[MOE_TRACE] Group:1 Prob:0.49913 Alpha:0.00005
[MOE_TRACE] Group:0 Prob:0.99755 Alpha:0.00005
[MOE_TRACE] Group:1 Prob:0.49913 Alpha:0.00005
[MOE_TRACE] Group:0 Prob:0.99755 Alpha:0.00005
[MOE_TRACE] Group:1 Prob:0.49913 Alpha:0.00005
[MOE_TRACE] Group:0 Prob:0.99755 Alpha:0.00005
[MOE_TRACE] Group:1 Prob:0.49913 Alpha:0.00005
[MOE_TRACE] Group:0 Prob:0.99755 Alpha:0.00005
[MOE_TRACE] Group:1 Prob:0.49913 Alpha:0.00005
[MOE_TRACE] Group:0 Prob:0.99755 Alpha:0.00005
[MOE_TRACE] Group:1 Prob:0.49913 Alpha:0.00005
[MOE_TRACE] Group:0 Prob:0.99755 Alpha:0.00005
[MOE_TRACE] Group:1 Prob:0.49913 Alpha:0.00005
[MOE_TRACE] Group:0 Prob:0.99755 Alpha:0.00005
[MOE_TRACE] Group:1 Prob:0.49913 Alpha:0.00005
[MOE_TRACE] Group:0 Prob:0.99755 Alpha:0.00005
[MOE_TRACE] Group:1 Prob:0.49913 Alpha:0.00005
[MOE_TRACE] Group:0 Prob:0.99755 Alpha:0.00005
[MOE_TRACE] Group:1 Prob:0.49913 Alpha:0.00005
[MOE_TRACE] Group:0 Prob:0.99755 Alpha:0.00005
[MOE_TRACE] Group:1 Prob:0.49913 Alpha:0.00005
[MOE_TRACE] Group:0 Prob:0.99755 Alpha:0.00005
[MOE_TRACE] Group:1 Prob:0.49913 Alpha:0.00005
[MOE_TRACE] Group:0 Prob:0.99755 Alpha:0.00005
[MOE_TRACE] Group:1 Prob:0.49913 Alpha:0.00005
[MOE_TRACE] Group:0 Prob:0.99755 Alpha:0.00005
[MOE_TRACE] Group:1 Prob:0.49913 Alpha:0.00005
[MOE_TRACE] Group:0 Prob:0.99755 Alpha:0.00005
[MOE_TRACE] Group:1 Prob:0.49913 Alpha:0.00005
[MOE_TRACE] Group:0 Prob:0.99755 Alpha:0.00005
[MOE_TRACE] Group:1 Prob:0.49913 Alpha:0.00005
[MOE_TRACE] Group:0 Prob:0.99755 Alpha:0.00005
[MOE_TRACE] Group:1 Prob:0.49913 Alpha:0.00005
[MOE_TRACE] Group:0 Prob:0.99755 Alpha:0.00005[MOE_TRACE] Group:0 Prob:0.99755 Alpha:0.00005

[MOE_TRACE] Group:1 Prob:0.49913 Alpha:0.00005[MOE_TRACE] Group:1 Prob:0.49913 Alpha:0.00005

[MOE_TRACE] Group:0 Prob:0.99755 Alpha:0.00005
[MOE_TRACE] Group:1 Prob:0.49913 Alpha:0.00005
[MOE_TRACE] Group:0 Prob:0.99755 Alpha:0.00005
[MOE_TRACE] Group:1 Prob:0.49913 Alpha:0.00005
[MOE_TRACE] Group:0 Prob:0.99755 Alpha:0.00005
[MOE_TRACE] Group:1 Prob:0.49913 Alpha:0.00005
[MOE_TRACE] Group:0 Prob:0.99755 Alpha:0.00005
[MOE_TRACE] Group:1 Prob:0.49913 Alpha:0.00005
[MOE_TRACE] Group:0 Prob:0.99755 Alpha:0.00005
[MOE_TRACE] Group:1 Prob:0.49913 Alpha:0.00005
[MOE_TRACE] Group:0 Prob:0.99755 Alpha:0.00005
[MOE_TRACE] Group:1 Prob:0.49913 Alpha:0.00005
[MOE_TRACE] Group:0 Prob:0.99755 Alpha:0.00005
[MOE_TRACE] Group:1 Prob:0.49913 Alpha:0.00005
[MOE_TRACE] Group:0 Prob:0.99755 Alpha:0.00005
[MOE_TRACE] Group:1 Prob:0.49913 Alpha:0.00005
[MOE_TRACE] Group:0 Prob:0.99755 Alpha:0.00005
[MOE_TRACE] Group:1 Prob:0.49913 Alpha:0.00005
[MOE_TRACE] Group:0 Prob:0.99755 Alpha:0.00005
[MOE_TRACE] Group:1 Prob:0.49913 Alpha:0.00005
[MOE_TRACE] Group:0 Prob:0.99755 Alpha:0.00005
[MOE_TRACE] Group:1 Prob:0.49913 Alpha:0.00005
[MOE_TRACE] Group:0 Prob:0.99755 Alpha:0.00005
[MOE_TRACE] Group:1 Prob:0.49913 Alpha:0.00005
[MOE_TRACE] Group:0 Prob:0.99755 Alpha:0.00005
[MOE_TRACE] Group:1 Prob:0.49913 Alpha:0.00005
[MOE_TRACE] Group:0 Prob:0.99755 Alpha:0.00005
[MOE_TRACE] Group:1 Prob:0.49913 Alpha:0.00005
[MOE_TRACE] Group:0 Prob:0.99755 Alpha:0.00005
[MOE_TRACE] Group:1 Prob:0.49913 Alpha:0.00005
[MOE_TRACE] Group:0 Prob:0.99755 Alpha:0.00005
[MOE_TRACE] Group:1 Prob:0.49913 Alpha:0.00005
[MOE_TRACE] Group:0 Prob:0.99755 Alpha:0.00005
[MOE_TRACE] Group:1 Prob:0.49913 Alpha:0.00005
[MOE_TRACE] Group:0 Prob:0.99755 Alpha:0.00005
[MOE_TRACE] Group:1 Prob:0.49913 Alpha:0.00005
[MOE_TRACE] Group:0 Prob:0.99755 Alpha:0.00005
[MOE_TRACE] Group:1 Prob:0.49913 Alpha:0.00005
[MOE_TRACE] Group:0 Prob:0.99755 Alpha:0.00005
[MOE_TRACE] Group:1 Prob:0.49913 Alpha:0.00005
[MOE_TRACE] Group:0 Prob:0.99755 Alpha:0.00005
[MOE_TRACE] Group:1 Prob:0.49913 Alpha:0.00005
Epoch: 9 cost time: 29.10343098640442
Epoch: 9, Steps: 147 | Train Loss: 0.4396424 Vali Loss: 0.3054792 Test Loss: 4.0370426
EarlyStopping counter: 6 out of 3
Early stopping
Updating learning rate to 3.90625e-07
[MOE_TRACE] Group:0 Prob:0.99755 Alpha:0.00005
[MOE_TRACE] Group:1 Prob:0.49913 Alpha:0.00005
[MOE_TRACE] Group:0 Prob:0.99755 Alpha:0.00005
[MOE_TRACE] Group:1 Prob:0.49913 Alpha:0.00005
[MOE_TRACE] Group:0 Prob:0.99755 Alpha:0.00005
[MOE_TRACE] Group:1 Prob:0.49913 Alpha:0.00005
[MOE_TRACE] Group:0 Prob:0.99755 Alpha:0.00005
[MOE_TRACE] Group:1 Prob:0.49913 Alpha:0.00005
[MOE_TRACE] Group:0 Prob:0.99755 Alpha:0.00005
[MOE_TRACE] Group:1 Prob:0.49913 Alpha:0.00005
[MOE_TRACE] Group:0 Prob:0.99755 Alpha:0.00005
[MOE_TRACE] Group:1 Prob:0.49913 Alpha:0.00005
[MOE_TRACE] Group:0 Prob:0.99755 Alpha:0.00005
[MOE_TRACE] Group:1 Prob:0.49913 Alpha:0.00005
[MOE_TRACE] Group:0 Prob:0.99755 Alpha:0.00005
[MOE_TRACE] Group:1 Prob:0.49913 Alpha:0.00005
[MOE_TRACE] Group:0 Prob:0.99755 Alpha:0.00005
[MOE_TRACE] Group:1 Prob:0.49913 Alpha:0.00005
[MOE_TRACE] Group:0 Prob:0.99755 Alpha:0.00005
[MOE_TRACE] Group:1 Prob:0.49913 Alpha:0.00005
[MOE_TRACE] Group:0 Prob:0.99755 Alpha:0.00005
[MOE_TRACE] Group:1 Prob:0.49913 Alpha:0.00005
[MOE_TRACE] Group:0 Prob:0.99755 Alpha:0.00005
[MOE_TRACE] Group:1 Prob:0.49913 Alpha:0.00005
[MOE_TRACE] Group:0 Prob:0.99755 Alpha:0.00005
[MOE_TRACE] Group:1 Prob:0.49913 Alpha:0.00005
[MOE_TRACE] Group:0 Prob:0.99755 Alpha:0.00005
[MOE_TRACE] Group:1 Prob:0.49913 Alpha:0.00005
[MOE_TRACE] Group:0 Prob:0.99755 Alpha:0.00005
[MOE_TRACE] Group:1 Prob:0.49913 Alpha:0.00005
[MOE_TRACE] Group:0 Prob:0.99755 Alpha:0.00005
[MOE_TRACE] Group:1 Prob:0.49913 Alpha:0.00005
[MOE_TRACE] Group:0 Prob:0.99755 Alpha:0.00005
[MOE_TRACE] Group:1 Prob:0.49913 Alpha:0.00005
[MOE_TRACE] Group:0 Prob:0.99755 Alpha:0.00005
[MOE_TRACE] Group:1 Prob:0.49913 Alpha:0.00005
[MOE_TRACE] Group:0 Prob:0.99755 Alpha:0.00005
[MOE_TRACE] Group:1 Prob:0.49913 Alpha:0.00005
[MOE_TRACE] Group:0 Prob:0.99755 Alpha:0.00005
[MOE_TRACE] Group:1 Prob:0.49913 Alpha:0.00005
[MOE_TRACE] Group:0 Prob:0.99755 Alpha:0.00005
[MOE_TRACE] Group:1 Prob:0.49913 Alpha:0.00005
[MOE_TRACE] Group:0 Prob:0.99755 Alpha:0.00005
[MOE_TRACE] Group:1 Prob:0.49913 Alpha:0.00005
[MOE_TRACE] Group:0 Prob:0.99755 Alpha:0.00005
[MOE_TRACE] Group:1 Prob:0.49913 Alpha:0.00005
[MOE_TRACE] Group:0 Prob:0.99755 Alpha:0.00005
[MOE_TRACE] Group:1 Prob:0.49913 Alpha:0.00005
[MOE_TRACE] Group:0 Prob:0.99755 Alpha:0.00005
[MOE_TRACE] Group:1 Prob:0.49913 Alpha:0.00005
[MOE_TRACE] Group:0 Prob:0.99755 Alpha:0.00005
[MOE_TRACE] Group:1 Prob:0.49913 Alpha:0.00005
[MOE_TRACE] Group:0 Prob:0.99755 Alpha:0.00005
[MOE_TRACE] Group:1 Prob:0.49913 Alpha:0.00005
[MOE_TRACE] Group:0 Prob:0.99755 Alpha:0.00005
[MOE_TRACE] Group:1 Prob:0.49913 Alpha:0.00005
[MOE_TRACE] Group:0 Prob:0.99755 Alpha:0.00005
[MOE_TRACE] Group:1 Prob:0.49913 Alpha:0.00005
[MOE_TRACE] Group:0 Prob:0.99755 Alpha:0.00005
[MOE_TRACE] Group:1 Prob:0.49913 Alpha:0.00005
[MOE_TRACE] Group:0 Prob:0.99755 Alpha:0.00005
[MOE_TRACE] Group:1 Prob:0.49913 Alpha:0.00005
[MOE_TRACE] Group:0 Prob:0.99755 Alpha:0.00005
[MOE_TRACE] Group:1 Prob:0.49913 Alpha:0.00005
[MOE_TRACE] Group:0 Prob:0.99755 Alpha:0.00005
[MOE_TRACE] Group:1 Prob:0.49913 Alpha:0.00005
[MOE_TRACE] Group:0 Prob:0.99755 Alpha:0.00005
[MOE_TRACE] Group:1 Prob:0.49913 Alpha:0.00005
[MOE_TRACE] Group:0 Prob:0.99755 Alpha:0.00005
[MOE_TRACE] Group:1 Prob:0.49913 Alpha:0.00005
[MOE_TRACE] Group:0 Prob:0.99755 Alpha:0.00005
[MOE_TRACE] Group:1 Prob:0.49913 Alpha:0.00005
[MOE_TRACE] Group:0 Prob:0.99755 Alpha:0.00005
[MOE_TRACE] Group:1 Prob:0.49913 Alpha:0.00005
[MOE_TRACE] Group:0 Prob:0.99755 Alpha:0.00005
[MOE_TRACE] Group:1 Prob:0.49913 Alpha:0.00005
[MOE_TRACE] Group:0 Prob:0.99755 Alpha:0.00005
[MOE_TRACE] Group:1 Prob:0.49913 Alpha:0.00005
[MOE_TRACE] Group:0 Prob:0.99755 Alpha:0.00005
[MOE_TRACE] Group:1 Prob:0.49913 Alpha:0.00005
[MOE_TRACE] Group:0 Prob:0.99755 Alpha:0.00005
[MOE_TRACE] Group:1 Prob:0.49913 Alpha:0.00005
[MOE_TRACE] Group:0 Prob:0.99755 Alpha:0.00005
[MOE_TRACE] Group:1 Prob:0.49913 Alpha:0.00005
[MOE_TRACE] Group:0 Prob:0.99755 Alpha:0.00005
[MOE_TRACE] Group:1 Prob:0.49913 Alpha:0.00005
[MOE_TRACE] Group:0 Prob:0.99755 Alpha:0.00005
[MOE_TRACE] Group:1 Prob:0.49913 Alpha:0.00005
[MOE_TRACE] Group:0 Prob:0.99755 Alpha:0.00005
[MOE_TRACE] Group:1 Prob:0.49913 Alpha:0.00005
[MOE_TRACE] Group:0 Prob:0.99755 Alpha:0.00005
[MOE_TRACE] Group:1 Prob:0.49913 Alpha:0.00005
[MOE_TRACE] Group:0 Prob:0.99755 Alpha:0.00005[MOE_TRACE] Group:0 Prob:0.99755 Alpha:0.00005

[MOE_TRACE] Group:1 Prob:0.49913 Alpha:0.00005
[MOE_TRACE] Group:1 Prob:0.49913 Alpha:0.00005
[MOE_TRACE] Group:0 Prob:0.99755 Alpha:0.00005
[MOE_TRACE] Group:1 Prob:0.49913 Alpha:0.00005
[MOE_TRACE] Group:0 Prob:0.99755 Alpha:0.00005
[MOE_TRACE] Group:1 Prob:0.49913 Alpha:0.00005
[MOE_TRACE] Group:0 Prob:0.99755 Alpha:0.00005
[MOE_TRACE] Group:1 Prob:0.49913 Alpha:0.00005
[MOE_TRACE] Group:0 Prob:0.99755 Alpha:0.00005
[MOE_TRACE] Group:1 Prob:0.49913 Alpha:0.00005
[MOE_TRACE] Group:0 Prob:0.99755 Alpha:0.00005
[MOE_TRACE] Group:1 Prob:0.49913 Alpha:0.00005
[MOE_TRACE] Group:0 Prob:0.99755 Alpha:0.00005
[MOE_TRACE] Group:1 Prob:0.49913 Alpha:0.00005
[MOE_TRACE] Group:0 Prob:0.99755 Alpha:0.00005
[MOE_TRACE] Group:1 Prob:0.49913 Alpha:0.00005
[MOE_TRACE] Group:0 Prob:0.99755 Alpha:0.00005
[MOE_TRACE] Group:1 Prob:0.49913 Alpha:0.00005
[MOE_TRACE] Group:0 Prob:0.99755 Alpha:0.00005
[MOE_TRACE] Group:0 Prob:0.99755 Alpha:0.00005
[MOE_TRACE] Group:1 Prob:0.49913 Alpha:0.00005
[MOE_TRACE] Group:0 Prob:0.99755 Alpha:0.00005
[MOE_TRACE] Group:1 Prob:0.49913 Alpha:0.00005
[MOE_TRACE] Group:0 Prob:0.99755 Alpha:0.00005
[MOE_TRACE] Group:1 Prob:0.49913 Alpha:0.00005
[MOE_TRACE] Group:0 Prob:0.99755 Alpha:0.00005
[MOE_TRACE] Group:1 Prob:0.49913 Alpha:0.00005
[MOE_TRACE] Group:0 Prob:0.99755 Alpha:0.00005
[MOE_TRACE] Group:1 Prob:0.49913 Alpha:0.00005
[MOE_TRACE] Group:0 Prob:0.99755 Alpha:0.00005
[MOE_TRACE] Group:1 Prob:0.49913 Alpha:0.00005
[MOE_TRACE] Group:0 Prob:0.99755 Alpha:0.00005
[MOE_TRACE] Group:1 Prob:0.49913 Alpha:0.00005
[MOE_TRACE] Group:0 Prob:0.99755 Alpha:0.00005
[MOE_TRACE] Group:1 Prob:0.49913 Alpha:0.00005
[MOE_TRACE] Group:0 Prob:0.99755 Alpha:0.00005
[MOE_TRACE] Group:1 Prob:0.49913 Alpha:0.00005
[MOE_TRACE] Group:0 Prob:0.99755 Alpha:0.00005
[MOE_TRACE] Group:1 Prob:0.49913 Alpha:0.00005
[MOE_TRACE] Group:0 Prob:0.99755 Alpha:0.00005
[MOE_TRACE] Group:1 Prob:0.49913 Alpha:0.00005
[MOE_TRACE] Group:0 Prob:0.99755 Alpha:0.00005
[MOE_TRACE] Group:1 Prob:0.49913 Alpha:0.00005
[MOE_TRACE] Group:0 Prob:0.99755 Alpha:0.00005
[MOE_TRACE] Group:1 Prob:0.49913 Alpha:0.00005
[MOE_TRACE] Group:0 Prob:0.99755 Alpha:0.00005
[MOE_TRACE] Group:1 Prob:0.49913 Alpha:0.00005
[MOE_TRACE] Group:0 Prob:0.99755 Alpha:0.00005
[MOE_TRACE] Group:1 Prob:0.49913 Alpha:0.00005
[MOE_TRACE] Group:0 Prob:0.99755 Alpha:0.00005
[MOE_TRACE] Group:1 Prob:0.49913 Alpha:0.00005
[MOE_TRACE] Group:0 Prob:0.99755 Alpha:0.00005
[MOE_TRACE] Group:1 Prob:0.49913 Alpha:0.00005
[MOE_TRACE] Group:0 Prob:0.99755 Alpha:0.00005
[MOE_TRACE] Group:0 Prob:0.99755 Alpha:0.00005
[MOE_TRACE] Group:1 Prob:0.49913 Alpha:0.00005
[MOE_TRACE] Group:1 Prob:0.49913 Alpha:0.00005
[MOE_TRACE] Group:0 Prob:0.99755 Alpha:0.00005
[MOE_TRACE] Group:1 Prob:0.49913 Alpha:0.00005
[MOE_TRACE] Group:0 Prob:0.99755 Alpha:0.00005
[MOE_TRACE] Group:1 Prob:0.49913 Alpha:0.00005
[MOE_TRACE] Group:0 Prob:0.99755 Alpha:0.00005
[MOE_TRACE] Group:1 Prob:0.49913 Alpha:0.00005
[MOE_TRACE] Group:0 Prob:0.99755 Alpha:0.00005
[MOE_TRACE] Group:1 Prob:0.49913 Alpha:0.00005
[MOE_TRACE] Group:0 Prob:0.99755 Alpha:0.00005
[MOE_TRACE] Group:1 Prob:0.49913 Alpha:0.00005
[MOE_TRACE] Group:0 Prob:0.99755 Alpha:0.00005
[MOE_TRACE] Group:1 Prob:0.49913 Alpha:0.00005
[MOE_TRACE] Group:0 Prob:0.99755 Alpha:0.00005
[MOE_TRACE] Group:1 Prob:0.49913 Alpha:0.00005
[MOE_TRACE] Group:0 Prob:0.99755 Alpha:0.00005
[MOE_TRACE] Group:1 Prob:0.49913 Alpha:0.00005
[MOE_TRACE] Group:0 Prob:0.99755 Alpha:0.00005
[MOE_TRACE] Group:1 Prob:0.49913 Alpha:0.00005
[MOE_TRACE] Group:0 Prob:0.99755 Alpha:0.00005
[MOE_TRACE] Group:0 Prob:0.99755 Alpha:0.00005
[MOE_TRACE] Group:1 Prob:0.49913 Alpha:0.00005
[MOE_TRACE] Group:1 Prob:0.49913 Alpha:0.00005
[MOE_TRACE] Group:0 Prob:0.99755 Alpha:0.00005
[MOE_TRACE] Group:1 Prob:0.49913 Alpha:0.00005
[MOE_TRACE] Group:0 Prob:0.99755 Alpha:0.00005
[MOE_TRACE] Group:1 Prob:0.49913 Alpha:0.00005
[MOE_TRACE] Group:0 Prob:0.99755 Alpha:0.00005
[MOE_TRACE] Group:1 Prob:0.49913 Alpha:0.00005
[MOE_TRACE] Group:0 Prob:0.99755 Alpha:0.00005
[MOE_TRACE] Group:1 Prob:0.49913 Alpha:0.00005
[MOE_TRACE] Group:0 Prob:0.99755 Alpha:0.00005
[MOE_TRACE] Group:1 Prob:0.49913 Alpha:0.00005
[MOE_TRACE] Group:0 Prob:0.99755 Alpha:0.00005
[MOE_TRACE] Group:1 Prob:0.49913 Alpha:0.00005
[MOE_TRACE] Group:0 Prob:0.99755 Alpha:0.00005
[MOE_TRACE] Group:1 Prob:0.49913 Alpha:0.00005
[MOE_TRACE] Group:0 Prob:0.99755 Alpha:0.00005
[MOE_TRACE] Group:1 Prob:0.49913 Alpha:0.00005
[MOE_TRACE] Group:0 Prob:0.99755 Alpha:0.00005
[MOE_TRACE] Group:1 Prob:0.49913 Alpha:0.00005
[MOE_TRACE] Group:0 Prob:0.99755 Alpha:0.00005
[MOE_TRACE] Group:1 Prob:0.49913 Alpha:0.00005
[MOE_TRACE] Group:0 Prob:0.99755 Alpha:0.00005
[MOE_TRACE] Group:1 Prob:0.49913 Alpha:0.00005
[MOE_TRACE] Group:0 Prob:0.99755 Alpha:0.00005
[MOE_TRACE] Group:1 Prob:0.49913 Alpha:0.00005
[MOE_TRACE] Group:0 Prob:0.99755 Alpha:0.00005
[MOE_TRACE] Group:1 Prob:0.49913 Alpha:0.00005
[MOE_TRACE] Group:0 Prob:0.99755 Alpha:0.00005
[MOE_TRACE] Group:1 Prob:0.49913 Alpha:0.00005
[MOE_TRACE] Group:0 Prob:0.99755 Alpha:0.00005
[MOE_TRACE] Group:1 Prob:0.49913 Alpha:0.00005
[MOE_TRACE] Group:0 Prob:0.99755 Alpha:0.00005
[MOE_TRACE] Group:1 Prob:0.49913 Alpha:0.00005
[MOE_TRACE] Group:0 Prob:0.99755 Alpha:0.00005
[MOE_TRACE] Group:1 Prob:0.49913 Alpha:0.00005
[MOE_TRACE] Group:0 Prob:0.99755 Alpha:0.00005
[MOE_TRACE] Group:1 Prob:0.49913 Alpha:0.00005
[MOE_TRACE] Group:0 Prob:0.99755 Alpha:0.00005
[MOE_TRACE] Group:1 Prob:0.49913 Alpha:0.00005
[MOE_TRACE] Group:0 Prob:0.99755 Alpha:0.00005
[MOE_TRACE] Group:1 Prob:0.49913 Alpha:0.00005
[MOE_TRACE] Group:0 Prob:0.99755 Alpha:0.00005
[MOE_TRACE] Group:1 Prob:0.49913 Alpha:0.00005
[MOE_TRACE] Group:0 Prob:0.99755 Alpha:0.00005
[MOE_TRACE] Group:1 Prob:0.49913 Alpha:0.00005
[MOE_TRACE] Group:0 Prob:0.99755 Alpha:0.00005
[MOE_TRACE] Group:1 Prob:0.49913 Alpha:0.00005
[MOE_TRACE] Group:0 Prob:0.99755 Alpha:0.00005
[MOE_TRACE] Group:1 Prob:0.49913 Alpha:0.00005
[MOE_TRACE] Group:0 Prob:0.99755 Alpha:0.00005
[MOE_TRACE] Group:1 Prob:0.49913 Alpha:0.00005
[MOE_TRACE] Group:0 Prob:0.99755 Alpha:0.00005
[MOE_TRACE] Group:1 Prob:0.49913 Alpha:0.00005
[MOE_TRACE] Group:0 Prob:0.99755 Alpha:0.00005
[MOE_TRACE] Group:1 Prob:0.49913 Alpha:0.00005
[MOE_TRACE] Group:0 Prob:0.99755 Alpha:0.00005
[MOE_TRACE] Group:1 Prob:0.49913 Alpha:0.00005
[MOE_TRACE] Group:0 Prob:0.99755 Alpha:0.00005
[MOE_TRACE] Group:1 Prob:0.49913 Alpha:0.00005
[MOE_TRACE] Group:0 Prob:0.99755 Alpha:0.00005
[MOE_TRACE] Group:1 Prob:0.49913 Alpha:0.00005
[MOE_TRACE] Group:0 Prob:0.99755 Alpha:0.00005
[MOE_TRACE] Group:1 Prob:0.49913 Alpha:0.00005
[MOE_TRACE] Group:0 Prob:0.99755 Alpha:0.00005
[MOE_TRACE] Group:1 Prob:0.49913 Alpha:0.00005
[MOE_TRACE] Group:0 Prob:0.99755 Alpha:0.00005
[MOE_TRACE] Group:1 Prob:0.49913 Alpha:0.00005
[MOE_TRACE] Group:0 Prob:0.99755 Alpha:0.00005
[MOE_TRACE] Group:1 Prob:0.49913 Alpha:0.00005
[MOE_TRACE] Group:0 Prob:0.99755 Alpha:0.00005
[MOE_TRACE] Group:1 Prob:0.49913 Alpha:0.00005
[MOE_TRACE] Group:0 Prob:0.99755 Alpha:0.00005
[MOE_TRACE] Group:1 Prob:0.49913 Alpha:0.00005
[MOE_TRACE] Group:0 Prob:0.99755 Alpha:0.00005
[MOE_TRACE] Group:1 Prob:0.49913 Alpha:0.00005
[MOE_TRACE] Group:0 Prob:0.99755 Alpha:0.00005
[MOE_TRACE] Group:1 Prob:0.49913 Alpha:0.00005
[MOE_TRACE] Group:0 Prob:0.99755 Alpha:0.00005[MOE_TRACE] Group:0 Prob:0.99755 Alpha:0.00005[MOE_TRACE] Group:0 Prob:0.99755 Alpha:0.00005


[MOE_TRACE] Group:1 Prob:0.49913 Alpha:0.00005
[MOE_TRACE] Group:1 Prob:0.49913 Alpha:0.00005
[MOE_TRACE] Group:1 Prob:0.49913 Alpha:0.00005
[MOE_TRACE] Group:0 Prob:0.99755 Alpha:0.00005
[MOE_TRACE] Group:0 Prob:0.99755 Alpha:0.00005
[MOE_TRACE] Group:1 Prob:0.49913 Alpha:0.00005
[MOE_TRACE] Group:1 Prob:0.49913 Alpha:0.00005
[MOE_TRACE] Group:0 Prob:0.99755 Alpha:0.00005
[MOE_TRACE] Group:1 Prob:0.49913 Alpha:0.00005
[MOE_TRACE] Group:0 Prob:0.99755 Alpha:0.00005
[MOE_TRACE] Group:1 Prob:0.49913 Alpha:0.00005
[MOE_TRACE] Group:0 Prob:0.99755 Alpha:0.00005
[MOE_TRACE] Group:1 Prob:0.49913 Alpha:0.00005
[MOE_TRACE] Group:0 Prob:0.99755 Alpha:0.00005
[MOE_TRACE] Group:0 Prob:0.99755 Alpha:0.00005
[MOE_TRACE] Group:1 Prob:0.49913 Alpha:0.00005
[MOE_TRACE] Group:1 Prob:0.49913 Alpha:0.00005
[MOE_TRACE] Group:0 Prob:0.99755 Alpha:0.00005
[MOE_TRACE] Group:1 Prob:0.49913 Alpha:0.00005
[MOE_TRACE] Group:0 Prob:0.99755 Alpha:0.00005
[MOE_TRACE] Group:1 Prob:0.49913 Alpha:0.00005
[MOE_TRACE] Group:0 Prob:0.99755 Alpha:0.00005
[MOE_TRACE] Group:1 Prob:0.49913 Alpha:0.00005
[MOE_TRACE] Group:0 Prob:0.99755 Alpha:0.00005
[MOE_TRACE] Group:1 Prob:0.49913 Alpha:0.00005
[MOE_TRACE] Group:0 Prob:0.99755 Alpha:0.00005
[MOE_TRACE] Group:1 Prob:0.49913 Alpha:0.00005
[MOE_TRACE] Group:0 Prob:0.99755 Alpha:0.00005
[MOE_TRACE] Group:1 Prob:0.49913 Alpha:0.00005
[MOE_TRACE] Group:0 Prob:0.99755 Alpha:0.00005
[MOE_TRACE] Group:0 Prob:0.99755 Alpha:0.00005
[MOE_TRACE] Group:1 Prob:0.49913 Alpha:0.00005
[MOE_TRACE] Group:0 Prob:0.99755 Alpha:0.00005
[MOE_TRACE] Group:1 Prob:0.49913 Alpha:0.00005
[MOE_TRACE] Group:0 Prob:0.99755 Alpha:0.00005
[MOE_TRACE] Group:1 Prob:0.49913 Alpha:0.00005
[MOE_TRACE] Group:0 Prob:0.99755 Alpha:0.00005
[MOE_TRACE] Group:1 Prob:0.49913 Alpha:0.00005
[MOE_TRACE] Group:0 Prob:0.99755 Alpha:0.00005
[MOE_TRACE] Group:1 Prob:0.49913 Alpha:0.00005
[MOE_TRACE] Group:0 Prob:0.99755 Alpha:0.00005
[MOE_TRACE] Group:1 Prob:0.49913 Alpha:0.00005
[MOE_TRACE] Group:0 Prob:0.99755 Alpha:0.00005
[MOE_TRACE] Group:1 Prob:0.49913 Alpha:0.00005
[MOE_TRACE] Group:0 Prob:0.99755 Alpha:0.00005
[MOE_TRACE] Group:1 Prob:0.49913 Alpha:0.00005
[MOE_TRACE] Group:0 Prob:0.99755 Alpha:0.00005
[MOE_TRACE] Group:1 Prob:0.49913 Alpha:0.00005
[MOE_TRACE] Group:0 Prob:0.99755 Alpha:0.00005
[MOE_TRACE] Group:1 Prob:0.49913 Alpha:0.00005
[MOE_TRACE] Group:0 Prob:0.99755 Alpha:0.00005
[MOE_TRACE] Group:1 Prob:0.49913 Alpha:0.00005
[MOE_TRACE] Group:0 Prob:0.99755 Alpha:0.00005
[MOE_TRACE] Group:1 Prob:0.49913 Alpha:0.00005
[MOE_TRACE] Group:0 Prob:0.99755 Alpha:0.00005
[MOE_TRACE] Group:1 Prob:0.49913 Alpha:0.00005
[MOE_TRACE] Group:0 Prob:0.99755 Alpha:0.00005
[MOE_TRACE] Group:1 Prob:0.49913 Alpha:0.00005
[MOE_TRACE] Group:0 Prob:0.99755 Alpha:0.00005
[MOE_TRACE] Group:0 Prob:0.99755 Alpha:0.00005
[MOE_TRACE] Group:1 Prob:0.49913 Alpha:0.00005
[MOE_TRACE] Group:1 Prob:0.49913 Alpha:0.00005
[MOE_TRACE] Group:0 Prob:0.99755 Alpha:0.00005
[MOE_TRACE] Group:1 Prob:0.49913 Alpha:0.00005
[MOE_TRACE] Group:0 Prob:0.99755 Alpha:0.00005
[MOE_TRACE] Group:0 Prob:0.99755 Alpha:0.00005
[MOE_TRACE] Group:1 Prob:0.49913 Alpha:0.00005
[MOE_TRACE] Group:1 Prob:0.49913 Alpha:0.00005
[MOE_TRACE] Group:0 Prob:0.99755 Alpha:0.00005
[MOE_TRACE] Group:0 Prob:0.99755 Alpha:0.00005
[MOE_TRACE] Group:1 Prob:0.49913 Alpha:0.00005
[MOE_TRACE] Group:1 Prob:0.49913 Alpha:0.00005
[MOE_TRACE] Group:0 Prob:0.99755 Alpha:0.00005
[MOE_TRACE] Group:1 Prob:0.49913 Alpha:0.00005
[MOE_TRACE] Group:0 Prob:0.99755 Alpha:0.00005[MOE_TRACE] Group:0 Prob:0.99755 Alpha:0.00005

[MOE_TRACE] Group:1 Prob:0.49913 Alpha:0.00005
[MOE_TRACE] Group:1 Prob:0.49913 Alpha:0.00005
[MOE_TRACE] Group:0 Prob:0.99755 Alpha:0.00005
[MOE_TRACE] Group:1 Prob:0.49913 Alpha:0.00005
[MOE_TRACE] Group:0 Prob:0.99755 Alpha:0.00005
[MOE_TRACE] Group:1 Prob:0.49913 Alpha:0.00005
[MOE_TRACE] Group:0 Prob:0.99755 Alpha:0.00005
[MOE_TRACE] Group:1 Prob:0.49913 Alpha:0.00005
[MOE_TRACE] Group:0 Prob:0.99755 Alpha:0.00005
[MOE_TRACE] Group:1 Prob:0.49913 Alpha:0.00005
[MOE_TRACE] Group:0 Prob:0.99755 Alpha:0.00005
[MOE_TRACE] Group:1 Prob:0.49913 Alpha:0.00005
[MOE_TRACE] Group:0 Prob:0.99755 Alpha:0.00005
[MOE_TRACE] Group:1 Prob:0.49913 Alpha:0.00005
[MOE_TRACE] Group:0 Prob:0.99755 Alpha:0.00005
[MOE_TRACE] Group:1 Prob:0.49913 Alpha:0.00005
[MOE_TRACE] Group:0 Prob:0.99755 Alpha:0.00005
[MOE_TRACE] Group:1 Prob:0.49913 Alpha:0.00005
[MOE_TRACE] Group:0 Prob:0.99755 Alpha:0.00005
[MOE_TRACE] Group:1 Prob:0.49913 Alpha:0.00005
[MOE_TRACE] Group:0 Prob:0.99755 Alpha:0.00005
[MOE_TRACE] Group:1 Prob:0.49913 Alpha:0.00005
[MOE_TRACE] Group:0 Prob:0.99755 Alpha:0.00005
[MOE_TRACE] Group:1 Prob:0.49913 Alpha:0.00005
[MOE_TRACE] Group:0 Prob:0.99755 Alpha:0.00005
[MOE_TRACE] Group:1 Prob:0.49913 Alpha:0.00005
[MOE_TRACE] Group:0 Prob:0.99755 Alpha:0.00005
[MOE_TRACE] Group:1 Prob:0.49913 Alpha:0.00005
[MOE_TRACE] Group:0 Prob:0.99755 Alpha:0.00005
[MOE_TRACE] Group:1 Prob:0.49913 Alpha:0.00005
[MOE_TRACE] Group:0 Prob:0.99755 Alpha:0.00005
[MOE_TRACE] Group:1 Prob:0.49913 Alpha:0.00005
[MOE_TRACE] Group:0 Prob:0.99755 Alpha:0.00005
[MOE_TRACE] Group:1 Prob:0.49913 Alpha:0.00005
[MOE_TRACE] Group:0 Prob:0.99755 Alpha:0.00005
[MOE_TRACE] Group:1 Prob:0.49913 Alpha:0.00005
[MOE_TRACE] Group:0 Prob:0.99755 Alpha:0.00005
[MOE_TRACE] Group:1 Prob:0.49913 Alpha:0.00005
[MOE_TRACE] Group:0 Prob:0.99755 Alpha:0.00005
[MOE_TRACE] Group:1 Prob:0.49913 Alpha:0.00005
[MOE_TRACE] Group:0 Prob:0.99755 Alpha:0.00005
[MOE_TRACE] Group:1 Prob:0.49913 Alpha:0.00005
[MOE_TRACE] Group:0 Prob:0.99755 Alpha:0.00005
[MOE_TRACE] Group:1 Prob:0.49913 Alpha:0.00005
[MOE_TRACE] Group:0 Prob:0.99755 Alpha:0.00005
[MOE_TRACE] Group:1 Prob:0.49913 Alpha:0.00005
[MOE_TRACE] Group:0 Prob:0.99755 Alpha:0.00005
[MOE_TRACE] Group:1 Prob:0.49913 Alpha:0.00005
[MOE_TRACE] Group:0 Prob:0.99755 Alpha:0.00005
[MOE_TRACE] Group:1 Prob:0.49913 Alpha:0.00005
[MOE_TRACE] Group:0 Prob:0.99755 Alpha:0.00005
[MOE_TRACE] Group:1 Prob:0.49913 Alpha:0.00005
[MOE_TRACE] Group:0 Prob:0.99755 Alpha:0.00005
[MOE_TRACE] Group:0 Prob:0.99755 Alpha:0.00005
[MOE_TRACE] Group:1 Prob:0.49913 Alpha:0.00005
[MOE_TRACE] Group:1 Prob:0.49913 Alpha:0.00005
[MOE_TRACE] Group:0 Prob:0.99755 Alpha:0.00005
[MOE_TRACE] Group:1 Prob:0.49913 Alpha:0.00005
[MOE_TRACE] Group:0 Prob:0.99755 Alpha:0.00005
[MOE_TRACE] Group:1 Prob:0.49913 Alpha:0.00005
[MOE_TRACE] Group:0 Prob:0.99755 Alpha:0.00005
[MOE_TRACE] Group:1 Prob:0.49913 Alpha:0.00005
[MOE_TRACE] Group:0 Prob:0.99755 Alpha:0.00005
[MOE_TRACE] Group:1 Prob:0.49913 Alpha:0.00005
[MOE_TRACE] Group:0 Prob:0.99755 Alpha:0.00005
[MOE_TRACE] Group:1 Prob:0.49913 Alpha:0.00005
[MOE_TRACE] Group:0 Prob:0.99755 Alpha:0.00005
[MOE_TRACE] Group:1 Prob:0.49913 Alpha:0.00005
[MOE_TRACE] Group:0 Prob:0.99755 Alpha:0.00005
[MOE_TRACE] Group:1 Prob:0.49913 Alpha:0.00005
[MOE_TRACE] Group:0 Prob:0.99755 Alpha:0.00005
[MOE_TRACE] Group:0 Prob:0.99755 Alpha:0.00005
[MOE_TRACE] Group:1 Prob:0.49913 Alpha:0.00005
[MOE_TRACE] Group:1 Prob:0.49913 Alpha:0.00005
[MOE_TRACE] Group:0 Prob:0.99755 Alpha:0.00005
[MOE_TRACE] Group:1 Prob:0.49913 Alpha:0.00005
[MOE_TRACE] Group:0 Prob:0.99755 Alpha:0.00005
[MOE_TRACE] Group:1 Prob:0.49913 Alpha:0.00005
[MOE_TRACE] Group:0 Prob:0.99755 Alpha:0.00005
[MOE_TRACE] Group:1 Prob:0.49913 Alpha:0.00005
[MOE_TRACE] Group:0 Prob:0.99755 Alpha:0.00005
[MOE_TRACE] Group:1 Prob:0.49913 Alpha:0.00005
[MOE_TRACE] Group:0 Prob:0.99755 Alpha:0.00005
[MOE_TRACE] Group:1 Prob:0.49913 Alpha:0.00005
[MOE_TRACE] Group:0 Prob:0.99755 Alpha:0.00005
[MOE_TRACE] Group:1 Prob:0.49913 Alpha:0.00005
[MOE_TRACE] Group:0 Prob:0.99755 Alpha:0.00005
[MOE_TRACE] Group:1 Prob:0.49913 Alpha:0.00005
[MOE_TRACE] Group:0 Prob:0.99755 Alpha:0.00005
[MOE_TRACE] Group:1 Prob:0.49913 Alpha:0.00005
[MOE_TRACE] Group:0 Prob:0.99755 Alpha:0.00005
[MOE_TRACE] Group:1 Prob:0.49913 Alpha:0.00005
[MOE_TRACE] Group:0 Prob:0.99755 Alpha:0.00005
[MOE_TRACE] Group:1 Prob:0.49913 Alpha:0.00005
[MOE_TRACE] Group:0 Prob:0.99755 Alpha:0.00005
[MOE_TRACE] Group:1 Prob:0.49913 Alpha:0.00005
[MOE_TRACE] Group:0 Prob:0.99755 Alpha:0.00005
[MOE_TRACE] Group:1 Prob:0.49913 Alpha:0.00005
[MOE_TRACE] Group:0 Prob:0.99755 Alpha:0.00005
[MOE_TRACE] Group:1 Prob:0.49913 Alpha:0.00005
[MOE_TRACE] Group:0 Prob:0.99755 Alpha:0.00005
[MOE_TRACE] Group:1 Prob:0.49913 Alpha:0.00005
[MOE_TRACE] Group:0 Prob:0.99755 Alpha:0.00005
[MOE_TRACE] Group:1 Prob:0.49913 Alpha:0.00005
[MOE_TRACE] Group:0 Prob:0.99755 Alpha:0.00005
[MOE_TRACE] Group:1 Prob:0.49913 Alpha:0.00005
[MOE_TRACE] Group:0 Prob:0.99755 Alpha:0.00005
[MOE_TRACE] Group:1 Prob:0.49913 Alpha:0.00005
[MOE_TRACE] Group:0 Prob:0.99755 Alpha:0.00005
[MOE_TRACE] Group:1 Prob:0.49913 Alpha:0.00005
[MOE_TRACE] Group:0 Prob:0.99755 Alpha:0.00005
[MOE_TRACE] Group:1 Prob:0.49913 Alpha:0.00005
[MOE_TRACE] Group:0 Prob:0.99755 Alpha:0.00005
[MOE_TRACE] Group:1 Prob:0.49913 Alpha:0.00005
[MOE_TRACE] Group:0 Prob:0.99755 Alpha:0.00005
[MOE_TRACE] Group:1 Prob:0.49913 Alpha:0.00005
[MOE_TRACE] Group:0 Prob:0.99755 Alpha:0.00005
[MOE_TRACE] Group:1 Prob:0.49913 Alpha:0.00005
[MOE_TRACE] Group:0 Prob:0.99755 Alpha:0.00005
[MOE_TRACE] Group:1 Prob:0.49913 Alpha:0.00005[MOE_TRACE] Group:0 Prob:0.99755 Alpha:0.00005

[MOE_TRACE] Group:1 Prob:0.49913 Alpha:0.00005
[MOE_TRACE] Group:0 Prob:0.99755 Alpha:0.00005
[MOE_TRACE] Group:1 Prob:0.49913 Alpha:0.00005
[MOE_TRACE] Group:0 Prob:0.99755 Alpha:0.00005
[MOE_TRACE] Group:1 Prob:0.49913 Alpha:0.00005
[MOE_TRACE] Group:0 Prob:0.99755 Alpha:0.00005
[MOE_TRACE] Group:0 Prob:0.99755 Alpha:0.00005[MOE_TRACE] Group:1 Prob:0.49913 Alpha:0.00005

[MOE_TRACE] Group:1 Prob:0.49913 Alpha:0.00005
[MOE_TRACE] Group:0 Prob:0.99755 Alpha:0.00005
[MOE_TRACE] Group:1 Prob:0.49913 Alpha:0.00005
[MOE_TRACE] Group:0 Prob:0.99755 Alpha:0.00005
[MOE_TRACE] Group:1 Prob:0.49913 Alpha:0.00005
[MOE_TRACE] Group:0 Prob:0.99755 Alpha:0.00005
[MOE_TRACE] Group:1 Prob:0.49913 Alpha:0.00005
[MOE_TRACE] Group:0 Prob:0.99755 Alpha:0.00005
[MOE_TRACE] Group:1 Prob:0.49913 Alpha:0.00005
[MOE_TRACE] Group:0 Prob:0.99755 Alpha:0.00005
[MOE_TRACE] Group:1 Prob:0.49913 Alpha:0.00005
[MOE_TRACE] Group:0 Prob:0.99755 Alpha:0.00005
[MOE_TRACE] Group:1 Prob:0.49913 Alpha:0.00005
[MOE_TRACE] Group:0 Prob:0.99755 Alpha:0.00005
[MOE_TRACE] Group:1 Prob:0.49913 Alpha:0.00005
[MOE_TRACE] Group:0 Prob:0.99755 Alpha:0.00005
[MOE_TRACE] Group:1 Prob:0.49913 Alpha:0.00005
[MOE_TRACE] Group:0 Prob:0.99755 Alpha:0.00005
[MOE_TRACE] Group:1 Prob:0.49913 Alpha:0.00005
[MOE_TRACE] Group:0 Prob:0.99755 Alpha:0.00005
[MOE_TRACE] Group:1 Prob:0.49913 Alpha:0.00005
[MOE_TRACE] Group:0 Prob:0.99755 Alpha:0.00005
[MOE_TRACE] Group:1 Prob:0.49913 Alpha:0.00005
[MOE_TRACE] Group:0 Prob:0.99755 Alpha:0.00005
[MOE_TRACE] Group:1 Prob:0.49913 Alpha:0.00005
[MOE_TRACE] Group:0 Prob:0.99755 Alpha:0.00005
[MOE_TRACE] Group:1 Prob:0.49913 Alpha:0.00005
[MOE_TRACE] Group:0 Prob:0.99755 Alpha:0.00005
[MOE_TRACE] Group:1 Prob:0.49913 Alpha:0.00005
[MOE_TRACE] Group:0 Prob:0.99755 Alpha:0.00005
[MOE_TRACE] Group:1 Prob:0.49913 Alpha:0.00005
[MOE_TRACE] Group:0 Prob:0.99755 Alpha:0.00005
[MOE_TRACE] Group:1 Prob:0.49913 Alpha:0.00005
[MOE_TRACE] Group:0 Prob:0.99755 Alpha:0.00005
[MOE_TRACE] Group:1 Prob:0.49913 Alpha:0.00005
[MOE_TRACE] Group:0 Prob:0.99755 Alpha:0.00005
[MOE_TRACE] Group:1 Prob:0.49913 Alpha:0.00005
[MOE_TRACE] Group:0 Prob:0.99755 Alpha:0.00005
[MOE_TRACE] Group:1 Prob:0.49913 Alpha:0.00005
[MOE_TRACE] Group:0 Prob:0.99755 Alpha:0.00005
[MOE_TRACE] Group:1 Prob:0.49913 Alpha:0.00005
[MOE_TRACE] Group:0 Prob:0.99755 Alpha:0.00005
[MOE_TRACE] Group:1 Prob:0.49913 Alpha:0.00005
[MOE_TRACE] Group:0 Prob:0.99755 Alpha:0.00005
[MOE_TRACE] Group:1 Prob:0.49913 Alpha:0.00005
[MOE_TRACE] Group:0 Prob:0.99755 Alpha:0.00005
[MOE_TRACE] Group:1 Prob:0.49913 Alpha:0.00005
[MOE_TRACE] Group:0 Prob:0.99755 Alpha:0.00005
[MOE_TRACE] Group:1 Prob:0.49913 Alpha:0.00005
[MOE_TRACE] Group:0 Prob:0.99755 Alpha:0.00005
[MOE_TRACE] Group:1 Prob:0.49913 Alpha:0.00005
[MOE_TRACE] Group:0 Prob:0.99755 Alpha:0.00005
[MOE_TRACE] Group:1 Prob:0.49913 Alpha:0.00005
[MOE_TRACE] Group:0 Prob:0.99755 Alpha:0.00005
[MOE_TRACE] Group:1 Prob:0.49913 Alpha:0.00005
[MOE_TRACE] Group:0 Prob:0.99755 Alpha:0.00005
[MOE_TRACE] Group:1 Prob:0.49913 Alpha:0.00005
[MOE_TRACE] Group:0 Prob:0.99755 Alpha:0.00005
[MOE_TRACE] Group:1 Prob:0.49913 Alpha:0.00005
[MOE_TRACE] Group:0 Prob:0.99755 Alpha:0.00005
[MOE_TRACE] Group:0 Prob:0.99755 Alpha:0.00005
[MOE_TRACE] Group:1 Prob:0.49913 Alpha:0.00005
[MOE_TRACE] Group:1 Prob:0.49913 Alpha:0.00005
[MOE_TRACE] Group:0 Prob:0.99755 Alpha:0.00005
[MOE_TRACE] Group:1 Prob:0.49913 Alpha:0.00005
[MOE_TRACE] Group:0 Prob:0.99755 Alpha:0.00005
[MOE_TRACE] Group:1 Prob:0.49913 Alpha:0.00005
[MOE_TRACE] Group:0 Prob:0.99755 Alpha:0.00005
[MOE_TRACE] Group:1 Prob:0.49913 Alpha:0.00005[MOE_TRACE] Group:0 Prob:0.99755 Alpha:0.00005

[MOE_TRACE] Group:1 Prob:0.49913 Alpha:0.00005
[MOE_TRACE] Group:0 Prob:0.99755 Alpha:0.00005
[MOE_TRACE] Group:1 Prob:0.49913 Alpha:0.00005
[MOE_TRACE] Group:0 Prob:0.99755 Alpha:0.00005
[MOE_TRACE] Group:1 Prob:0.49913 Alpha:0.00005
[MOE_TRACE] Group:0 Prob:0.99755 Alpha:0.00005
[MOE_TRACE] Group:1 Prob:0.49913 Alpha:0.00005
[MOE_TRACE] Group:0 Prob:0.99755 Alpha:0.00005
[MOE_TRACE] Group:1 Prob:0.49913 Alpha:0.00005
[MOE_TRACE] Group:0 Prob:0.99755 Alpha:0.00005
[MOE_TRACE] Group:1 Prob:0.49913 Alpha:0.00005
[MOE_TRACE] Group:0 Prob:0.99755 Alpha:0.00005
[MOE_TRACE] Group:1 Prob:0.49913 Alpha:0.00005
[MOE_TRACE] Group:0 Prob:0.99755 Alpha:0.00005
[MOE_TRACE] Group:1 Prob:0.49913 Alpha:0.00005
[MOE_TRACE] Group:0 Prob:0.99755 Alpha:0.00005
[MOE_TRACE] Group:1 Prob:0.49913 Alpha:0.00005
[MOE_TRACE] Group:0 Prob:0.99755 Alpha:0.00005
[MOE_TRACE] Group:1 Prob:0.49913 Alpha:0.00005
[MOE_TRACE] Group:0 Prob:0.99755 Alpha:0.00005
[MOE_TRACE] Group:1 Prob:0.49913 Alpha:0.00005
[MOE_TRACE] Group:0 Prob:0.99755 Alpha:0.00005
[MOE_TRACE] Group:1 Prob:0.49913 Alpha:0.00005
[MOE_TRACE] Group:0 Prob:0.99755 Alpha:0.00005
[MOE_TRACE] Group:1 Prob:0.49913 Alpha:0.00005
[MOE_TRACE] Group:0 Prob:0.99755 Alpha:0.00005
[MOE_TRACE] Group:1 Prob:0.49913 Alpha:0.00005
[MOE_TRACE] Group:0 Prob:0.99755 Alpha:0.00005
[MOE_TRACE] Group:1 Prob:0.49913 Alpha:0.00005
[MOE_TRACE] Group:0 Prob:0.99755 Alpha:0.00005
[MOE_TRACE] Group:1 Prob:0.49913 Alpha:0.00005
[MOE_TRACE] Group:0 Prob:0.99755 Alpha:0.00005
[MOE_TRACE] Group:1 Prob:0.49913 Alpha:0.00005
[MOE_TRACE] Group:0 Prob:0.99755 Alpha:0.00005
[MOE_TRACE] Group:1 Prob:0.49913 Alpha:0.00005
[MOE_TRACE] Group:0 Prob:0.99755 Alpha:0.00005
[MOE_TRACE] Group:1 Prob:0.49913 Alpha:0.00005
[MOE_TRACE] Group:0 Prob:0.99755 Alpha:0.00005
[MOE_TRACE] Group:1 Prob:0.49913 Alpha:0.00005
[MOE_TRACE] Group:0 Prob:0.99755 Alpha:0.00005
[MOE_TRACE] Group:1 Prob:0.49913 Alpha:0.00005
[MOE_TRACE] Group:0 Prob:0.99755 Alpha:0.00005
[MOE_TRACE] Group:1 Prob:0.49913 Alpha:0.00005
[MOE_TRACE] Group:0 Prob:0.99755 Alpha:0.00005
[MOE_TRACE] Group:1 Prob:0.49913 Alpha:0.00005
[MOE_TRACE] Group:0 Prob:0.99755 Alpha:0.00005
[MOE_TRACE] Group:1 Prob:0.49913 Alpha:0.00005
[MOE_TRACE] Group:0 Prob:0.99755 Alpha:0.00005
[MOE_TRACE] Group:1 Prob:0.49913 Alpha:0.00005
[MOE_TRACE] Group:0 Prob:0.99755 Alpha:0.00005
[MOE_TRACE] Group:1 Prob:0.49913 Alpha:0.00005
[MOE_TRACE] Group:0 Prob:0.99755 Alpha:0.00005
[MOE_TRACE] Group:1 Prob:0.49913 Alpha:0.00005
[MOE_TRACE] Group:0 Prob:0.99755 Alpha:0.00005
[MOE_TRACE] Group:1 Prob:0.49913 Alpha:0.00005
[MOE_TRACE] Group:0 Prob:0.99755 Alpha:0.00005
[MOE_TRACE] Group:1 Prob:0.49913 Alpha:0.00005
[MOE_TRACE] Group:0 Prob:0.99755 Alpha:0.00005
[MOE_TRACE] Group:1 Prob:0.49913 Alpha:0.00005
[MOE_TRACE] Group:0 Prob:0.99755 Alpha:0.00005
[MOE_TRACE] Group:1 Prob:0.49913 Alpha:0.00005
[MOE_TRACE] Group:0 Prob:0.99755 Alpha:0.00005
[MOE_TRACE] Group:1 Prob:0.49913 Alpha:0.00005
[MOE_TRACE] Group:0 Prob:0.99755 Alpha:0.00005
[MOE_TRACE] Group:1 Prob:0.49913 Alpha:0.00005
[MOE_TRACE] Group:0 Prob:0.99755 Alpha:0.00005
[MOE_TRACE] Group:1 Prob:0.49913 Alpha:0.00005
[MOE_TRACE] Group:0 Prob:0.99755 Alpha:0.00005
[MOE_TRACE] Group:1 Prob:0.49913 Alpha:0.00005
[MOE_TRACE] Group:0 Prob:0.99755 Alpha:0.00005
[MOE_TRACE] Group:1 Prob:0.49913 Alpha:0.00005
[MOE_TRACE] Group:0 Prob:0.99755 Alpha:0.00005
[MOE_TRACE] Group:1 Prob:0.49913 Alpha:0.00005
[MOE_TRACE] Group:0 Prob:0.99755 Alpha:0.00005
[MOE_TRACE] Group:1 Prob:0.49913 Alpha:0.00005
[MOE_TRACE] Group:0 Prob:0.99755 Alpha:0.00005
[MOE_TRACE] Group:1 Prob:0.49913 Alpha:0.00005
[MOE_TRACE] Group:0 Prob:0.99755 Alpha:0.00005
[MOE_TRACE] Group:1 Prob:0.49913 Alpha:0.00005
[MOE_TRACE] Group:0 Prob:0.99755 Alpha:0.00005
[MOE_TRACE] Group:1 Prob:0.49913 Alpha:0.00005
[MOE_TRACE] Group:0 Prob:0.99755 Alpha:0.00005
[MOE_TRACE] Group:1 Prob:0.49913 Alpha:0.00005
[MOE_TRACE] Group:0 Prob:0.99755 Alpha:0.00005
[MOE_TRACE] Group:1 Prob:0.49913 Alpha:0.00005
[MOE_TRACE] Group:0 Prob:0.99755 Alpha:0.00005
[MOE_TRACE] Group:1 Prob:0.49913 Alpha:0.00005
[MOE_TRACE] Group:0 Prob:0.99755 Alpha:0.00005
[MOE_TRACE] Group:1 Prob:0.49913 Alpha:0.00005
[MOE_TRACE] Group:0 Prob:0.99755 Alpha:0.00005
[MOE_TRACE] Group:1 Prob:0.49913 Alpha:0.00005
[MOE_TRACE] Group:0 Prob:0.99755 Alpha:0.00005
[MOE_TRACE] Group:1 Prob:0.49913 Alpha:0.00005
[MOE_TRACE] Group:0 Prob:0.99755 Alpha:0.00005[MOE_TRACE] Group:0 Prob:0.99755 Alpha:0.00005

[MOE_TRACE] Group:1 Prob:0.49913 Alpha:0.00005
[MOE_TRACE] Group:1 Prob:0.49913 Alpha:0.00005
[MOE_TRACE] Group:0 Prob:0.99755 Alpha:0.00005
[MOE_TRACE] Group:1 Prob:0.49913 Alpha:0.00005
[MOE_TRACE] Group:0 Prob:0.99755 Alpha:0.00005
[MOE_TRACE] Group:1 Prob:0.49913 Alpha:0.00005
[MOE_TRACE] Group:0 Prob:0.99755 Alpha:0.00005
[MOE_TRACE] Group:1 Prob:0.49913 Alpha:0.00005
[MOE_TRACE] Group:0 Prob:0.99755 Alpha:0.00005
[MOE_TRACE] Group:1 Prob:0.49913 Alpha:0.00005
[MOE_TRACE] Group:0 Prob:0.99755 Alpha:0.00005
[MOE_TRACE] Group:1 Prob:0.49913 Alpha:0.00005
[MOE_TRACE] Group:0 Prob:0.99755 Alpha:0.00005
[MOE_TRACE] Group:1 Prob:0.49913 Alpha:0.00005
[MOE_TRACE] Group:0 Prob:0.99755 Alpha:0.00005
[MOE_TRACE] Group:1 Prob:0.49913 Alpha:0.00005
[MOE_TRACE] Group:0 Prob:0.99755 Alpha:0.00005
[MOE_TRACE] Group:0 Prob:0.99755 Alpha:0.00005
[MOE_TRACE] Group:1 Prob:0.49913 Alpha:0.00005
[MOE_TRACE] Group:1 Prob:0.49913 Alpha:0.00005
[MOE_TRACE] Group:0 Prob:0.99755 Alpha:0.00005
[MOE_TRACE] Group:1 Prob:0.49913 Alpha:0.00005
[MOE_TRACE] Group:0 Prob:0.99755 Alpha:0.00005
[MOE_TRACE] Group:1 Prob:0.49913 Alpha:0.00005
[MOE_TRACE] Group:0 Prob:0.99755 Alpha:0.00005
[MOE_TRACE] Group:1 Prob:0.49913 Alpha:0.00005
[MOE_TRACE] Group:0 Prob:0.99755 Alpha:0.00005
[MOE_TRACE] Group:1 Prob:0.49913 Alpha:0.00005
[MOE_TRACE] Group:0 Prob:0.99755 Alpha:0.00005
[MOE_TRACE] Group:1 Prob:0.49913 Alpha:0.00005
[MOE_TRACE] Group:0 Prob:0.99755 Alpha:0.00005
[MOE_TRACE] Group:1 Prob:0.49913 Alpha:0.00005
[MOE_TRACE] Group:0 Prob:0.99755 Alpha:0.00005
[MOE_TRACE] Group:1 Prob:0.49913 Alpha:0.00005
[MOE_TRACE] Group:0 Prob:0.99755 Alpha:0.00005
[MOE_TRACE] Group:1 Prob:0.49913 Alpha:0.00005
[MOE_TRACE] Group:0 Prob:0.99755 Alpha:0.00005
[MOE_TRACE] Group:1 Prob:0.49913 Alpha:0.00005
[MOE_TRACE] Group:0 Prob:0.99755 Alpha:0.00005
[MOE_TRACE] Group:1 Prob:0.49913 Alpha:0.00005
[MOE_TRACE] Group:0 Prob:0.99755 Alpha:0.00005
[MOE_TRACE] Group:1 Prob:0.49913 Alpha:0.00005
[MOE_TRACE] Group:0 Prob:0.99755 Alpha:0.00005
[MOE_TRACE] Group:1 Prob:0.49913 Alpha:0.00005
[MOE_TRACE] Group:0 Prob:0.99755 Alpha:0.00005
[MOE_TRACE] Group:1 Prob:0.49913 Alpha:0.00005
[MOE_TRACE] Group:0 Prob:0.99755 Alpha:0.00005
[MOE_TRACE] Group:1 Prob:0.49913 Alpha:0.00005
[MOE_TRACE] Group:0 Prob:0.99755 Alpha:0.00005
[MOE_TRACE] Group:1 Prob:0.49913 Alpha:0.00005
[MOE_TRACE] Group:0 Prob:0.99755 Alpha:0.00005
[MOE_TRACE] Group:1 Prob:0.49913 Alpha:0.00005
[MOE_TRACE] Group:0 Prob:0.99755 Alpha:0.00005[MOE_TRACE] Group:0 Prob:0.99755 Alpha:0.00005

[MOE_TRACE] Group:1 Prob:0.49913 Alpha:0.00005
[MOE_TRACE] Group:1 Prob:0.49913 Alpha:0.00005
[MOE_TRACE] Group:0 Prob:0.99755 Alpha:0.00005
[MOE_TRACE] Group:1 Prob:0.49913 Alpha:0.00005
[MOE_TRACE] Group:0 Prob:0.99755 Alpha:0.00005
[MOE_TRACE] Group:1 Prob:0.49913 Alpha:0.00005
[MOE_TRACE] Group:0 Prob:0.99755 Alpha:0.00005
[MOE_TRACE] Group:1 Prob:0.49913 Alpha:0.00005
[MOE_TRACE] Group:0 Prob:0.99755 Alpha:0.00005
[MOE_TRACE] Group:1 Prob:0.49913 Alpha:0.00005
[MOE_TRACE] Group:0 Prob:0.99755 Alpha:0.00005
[MOE_TRACE] Group:1 Prob:0.49913 Alpha:0.00005
[MOE_TRACE] Group:0 Prob:0.99755 Alpha:0.00005
[MOE_TRACE] Group:1 Prob:0.49913 Alpha:0.00005
[MOE_TRACE] Group:0 Prob:0.99755 Alpha:0.00005
[MOE_TRACE] Group:1 Prob:0.49913 Alpha:0.00005
[MOE_TRACE] Group:0 Prob:0.99755 Alpha:0.00005
[MOE_TRACE] Group:1 Prob:0.49913 Alpha:0.00005
[MOE_TRACE] Group:0 Prob:0.99755 Alpha:0.00005
[MOE_TRACE] Group:1 Prob:0.49913 Alpha:0.00005
[MOE_TRACE] Group:0 Prob:0.99755 Alpha:0.00005
[MOE_TRACE] Group:1 Prob:0.49913 Alpha:0.00005
[MOE_TRACE] Group:0 Prob:0.99755 Alpha:0.00005
[MOE_TRACE] Group:1 Prob:0.49913 Alpha:0.00005
[MOE_TRACE] Group:0 Prob:0.99755 Alpha:0.00005[MOE_TRACE] Group:0 Prob:0.99755 Alpha:0.00005

[MOE_TRACE] Group:1 Prob:0.49913 Alpha:0.00005
[MOE_TRACE] Group:1 Prob:0.49913 Alpha:0.00005
[MOE_TRACE] Group:0 Prob:0.99755 Alpha:0.00005
[MOE_TRACE] Group:1 Prob:0.49913 Alpha:0.00005
[MOE_TRACE] Group:0 Prob:0.99755 Alpha:0.00005
[MOE_TRACE] Group:1 Prob:0.49913 Alpha:0.00005
[MOE_TRACE] Group:0 Prob:0.99755 Alpha:0.00005
[MOE_TRACE] Group:1 Prob:0.49913 Alpha:0.00005
[MOE_TRACE] Group:0 Prob:0.99755 Alpha:0.00005
[MOE_TRACE] Group:1 Prob:0.49913 Alpha:0.00005
[MOE_TRACE] Group:0 Prob:0.99755 Alpha:0.00005
[MOE_TRACE] Group:1 Prob:0.49913 Alpha:0.00005
[MOE_TRACE] Group:0 Prob:0.99755 Alpha:0.00005
[MOE_TRACE] Group:1 Prob:0.49913 Alpha:0.00005
[MOE_TRACE] Group:0 Prob:0.99755 Alpha:0.00005
[MOE_TRACE] Group:1 Prob:0.49913 Alpha:0.00005
[MOE_TRACE] Group:0 Prob:0.99755 Alpha:0.00005
[MOE_TRACE] Group:1 Prob:0.49913 Alpha:0.00005
[MOE_TRACE] Group:0 Prob:0.99755 Alpha:0.00005
[MOE_TRACE] Group:1 Prob:0.49913 Alpha:0.00005
[MOE_TRACE] Group:0 Prob:0.99755 Alpha:0.00005
[MOE_TRACE] Group:1 Prob:0.49913 Alpha:0.00005
[MOE_TRACE] Group:0 Prob:0.99755 Alpha:0.00005[MOE_TRACE] Group:0 Prob:0.99755 Alpha:0.00005

[MOE_TRACE] Group:1 Prob:0.49913 Alpha:0.00005
[MOE_TRACE] Group:1 Prob:0.49913 Alpha:0.00005
[MOE_TRACE] Group:0 Prob:0.99755 Alpha:0.00005
[MOE_TRACE] Group:1 Prob:0.49913 Alpha:0.00005
[MOE_TRACE] Group:0 Prob:0.99755 Alpha:0.00005
[MOE_TRACE] Group:1 Prob:0.49913 Alpha:0.00005
[MOE_TRACE] Group:0 Prob:0.99755 Alpha:0.00005
[MOE_TRACE] Group:0 Prob:0.99755 Alpha:0.00005
[MOE_TRACE] Group:1 Prob:0.49913 Alpha:0.00005
[MOE_TRACE] Group:1 Prob:0.49913 Alpha:0.00005
[MOE_TRACE] Group:0 Prob:0.99755 Alpha:0.00005
[MOE_TRACE] Group:1 Prob:0.49913 Alpha:0.00005
[MOE_TRACE] Group:0 Prob:0.99755 Alpha:0.00005
[MOE_TRACE] Group:1 Prob:0.49913 Alpha:0.00005
[MOE_TRACE] Group:0 Prob:0.99755 Alpha:0.00005
[MOE_TRACE] Group:1 Prob:0.49913 Alpha:0.00005
[MOE_TRACE] Group:0 Prob:0.99755 Alpha:0.00005[MOE_TRACE] Group:0 Prob:0.99755 Alpha:0.00005

[MOE_TRACE] Group:1 Prob:0.49913 Alpha:0.00005
[MOE_TRACE] Group:1 Prob:0.49913 Alpha:0.00005
[MOE_TRACE] Group:0 Prob:0.99755 Alpha:0.00005
[MOE_TRACE] Group:1 Prob:0.49913 Alpha:0.00005
[MOE_TRACE] Group:0 Prob:0.99755 Alpha:0.00005
[MOE_TRACE] Group:1 Prob:0.49913 Alpha:0.00005
[MOE_TRACE] Group:0 Prob:0.99755 Alpha:0.00005
[MOE_TRACE] Group:1 Prob:0.49913 Alpha:0.00005
[MOE_TRACE] Group:0 Prob:0.99755 Alpha:0.00005
[MOE_TRACE] Group:1 Prob:0.49913 Alpha:0.00005
[MOE_TRACE] Group:0 Prob:0.99755 Alpha:0.00005
[MOE_TRACE] Group:1 Prob:0.49913 Alpha:0.00005
[MOE_TRACE] Group:0 Prob:0.99755 Alpha:0.00005
[MOE_TRACE] Group:1 Prob:0.49913 Alpha:0.00005
[MOE_TRACE] Group:0 Prob:0.99755 Alpha:0.00005
[MOE_TRACE] Group:1 Prob:0.49913 Alpha:0.00005
[MOE_TRACE] Group:0 Prob:0.99755 Alpha:0.00005
[MOE_TRACE] Group:1 Prob:0.49913 Alpha:0.00005
[MOE_TRACE] Group:0 Prob:0.99755 Alpha:0.00005
[MOE_TRACE] Group:1 Prob:0.49913 Alpha:0.00005
[MOE_TRACE] Group:0 Prob:0.99755 Alpha:0.00005
[MOE_TRACE] Group:1 Prob:0.49913 Alpha:0.00005
[MOE_TRACE] Group:0 Prob:0.99755 Alpha:0.00005
[MOE_TRACE] Group:1 Prob:0.49913 Alpha:0.00005
[MOE_TRACE] Group:0 Prob:0.99755 Alpha:0.00005
[MOE_TRACE] Group:1 Prob:0.49913 Alpha:0.00005
[MOE_TRACE] Group:0 Prob:0.99755 Alpha:0.00005
[MOE_TRACE] Group:1 Prob:0.49913 Alpha:0.00005
[MOE_TRACE] Group:0 Prob:0.99755 Alpha:0.00005
[MOE_TRACE] Group:1 Prob:0.49913 Alpha:0.00005
[MOE_TRACE] Group:0 Prob:0.99755 Alpha:0.00005
[MOE_TRACE] Group:1 Prob:0.49913 Alpha:0.00005
[MOE_TRACE] Group:0 Prob:0.99755 Alpha:0.00005
[MOE_TRACE] Group:1 Prob:0.49913 Alpha:0.00005
[MOE_TRACE] Group:0 Prob:0.99755 Alpha:0.00005
[MOE_TRACE] Group:1 Prob:0.49913 Alpha:0.00005
[MOE_TRACE] Group:0 Prob:0.99755 Alpha:0.00005
[MOE_TRACE] Group:1 Prob:0.49913 Alpha:0.00005
[MOE_TRACE] Group:0 Prob:0.99755 Alpha:0.00005
[MOE_TRACE] Group:1 Prob:0.49913 Alpha:0.00005
[MOE_TRACE] Group:0 Prob:0.99755 Alpha:0.00005
[MOE_TRACE] Group:1 Prob:0.49913 Alpha:0.00005
[MOE_TRACE] Group:0 Prob:0.99755 Alpha:0.00005
[MOE_TRACE] Group:1 Prob:0.49913 Alpha:0.00005
[MOE_TRACE] Group:0 Prob:0.99755 Alpha:0.00005
[MOE_TRACE] Group:1 Prob:0.49913 Alpha:0.00005
[MOE_TRACE] Group:0 Prob:0.99755 Alpha:0.00005
[MOE_TRACE] Group:1 Prob:0.49913 Alpha:0.00005
[MOE_TRACE] Group:0 Prob:0.99755 Alpha:0.00005
[MOE_TRACE] Group:1 Prob:0.49913 Alpha:0.00005
	iters: 100, epoch: 10 | loss: 0.4937952 | Mem: 1845MB(Max:2203MB)
	speed: 5.4750s/iter; left time: 262.7986s
[MOE_TRACE] Group:0 Prob:0.99755 Alpha:0.00005
[MOE_TRACE] Group:1 Prob:0.49913 Alpha:0.00005
[MOE_TRACE] Group:0 Prob:0.99755 Alpha:0.00005
[MOE_TRACE] Group:1 Prob:0.49913 Alpha:0.00005
[MOE_TRACE] Group:0 Prob:0.99755 Alpha:0.00005
[MOE_TRACE] Group:1 Prob:0.49913 Alpha:0.00005
[MOE_TRACE] Group:0 Prob:0.99755 Alpha:0.00005
[MOE_TRACE] Group:1 Prob:0.49913 Alpha:0.00005
[MOE_TRACE] Group:0 Prob:0.99755 Alpha:0.00005
[MOE_TRACE] Group:1 Prob:0.49913 Alpha:0.00005
[MOE_TRACE] Group:0 Prob:0.99755 Alpha:0.00005
[MOE_TRACE] Group:1 Prob:0.49913 Alpha:0.00005
[MOE_TRACE] Group:0 Prob:0.99755 Alpha:0.00005
[MOE_TRACE] Group:0 Prob:0.99755 Alpha:0.00005
[MOE_TRACE] Group:1 Prob:0.49913 Alpha:0.00005
[MOE_TRACE] Group:1 Prob:0.49913 Alpha:0.00005
[MOE_TRACE] Group:0 Prob:0.99755 Alpha:0.00005
[MOE_TRACE] Group:1 Prob:0.49913 Alpha:0.00005
[MOE_TRACE] Group:0 Prob:0.99755 Alpha:0.00005
[MOE_TRACE] Group:1 Prob:0.49913 Alpha:0.00005
[MOE_TRACE] Group:0 Prob:0.99755 Alpha:0.00005
[MOE_TRACE] Group:1 Prob:0.49913 Alpha:0.00005
[MOE_TRACE] Group:0 Prob:0.99755 Alpha:0.00005
[MOE_TRACE] Group:1 Prob:0.49913 Alpha:0.00005
[MOE_TRACE] Group:0 Prob:0.99755 Alpha:0.00005
[MOE_TRACE] Group:1 Prob:0.49913 Alpha:0.00005
[MOE_TRACE] Group:0 Prob:0.99755 Alpha:0.00005
[MOE_TRACE] Group:1 Prob:0.49913 Alpha:0.00005
[MOE_TRACE] Group:0 Prob:0.99755 Alpha:0.00005
[MOE_TRACE] Group:1 Prob:0.49913 Alpha:0.00005
[MOE_TRACE] Group:0 Prob:0.99755 Alpha:0.00005
[MOE_TRACE] Group:1 Prob:0.49913 Alpha:0.00005
[MOE_TRACE] Group:0 Prob:0.99755 Alpha:0.00005
[MOE_TRACE] Group:0 Prob:0.99755 Alpha:0.00005
[MOE_TRACE] Group:1 Prob:0.49913 Alpha:0.00005
[MOE_TRACE] Group:0 Prob:0.99755 Alpha:0.00005
[MOE_TRACE] Group:1 Prob:0.49913 Alpha:0.00005
[MOE_TRACE] Group:0 Prob:0.99755 Alpha:0.00005
[MOE_TRACE] Group:1 Prob:0.49913 Alpha:0.00005
[MOE_TRACE] Group:0 Prob:0.99755 Alpha:0.00005
[MOE_TRACE] Group:1 Prob:0.49913 Alpha:0.00005
[MOE_TRACE] Group:0 Prob:0.99755 Alpha:0.00005
[MOE_TRACE] Group:1 Prob:0.49913 Alpha:0.00005
[MOE_TRACE] Group:0 Prob:0.99755 Alpha:0.00005
[MOE_TRACE] Group:1 Prob:0.49913 Alpha:0.00005
[MOE_TRACE] Group:0 Prob:0.99755 Alpha:0.00005
[MOE_TRACE] Group:1 Prob:0.49913 Alpha:0.00005
[MOE_TRACE] Group:0 Prob:0.99755 Alpha:0.00005
[MOE_TRACE] Group:1 Prob:0.49913 Alpha:0.00005
[MOE_TRACE] Group:0 Prob:0.99755 Alpha:0.00005
[MOE_TRACE] Group:1 Prob:0.49913 Alpha:0.00005
[MOE_TRACE] Group:0 Prob:0.99755 Alpha:0.00005
[MOE_TRACE] Group:1 Prob:0.49913 Alpha:0.00005
[MOE_TRACE] Group:0 Prob:0.99755 Alpha:0.00005
[MOE_TRACE] Group:1 Prob:0.49913 Alpha:0.00005
[MOE_TRACE] Group:0 Prob:0.99755 Alpha:0.00005
[MOE_TRACE] Group:1 Prob:0.49913 Alpha:0.00005
[MOE_TRACE] Group:0 Prob:0.99755 Alpha:0.00005
[MOE_TRACE] Group:1 Prob:0.49913 Alpha:0.00005
[MOE_TRACE] Group:0 Prob:0.99755 Alpha:0.00005
[MOE_TRACE] Group:1 Prob:0.49913 Alpha:0.00005
[MOE_TRACE] Group:0 Prob:0.99755 Alpha:0.00005
[MOE_TRACE] Group:1 Prob:0.49913 Alpha:0.00005
[MOE_TRACE] Group:0 Prob:0.99755 Alpha:0.00005
[MOE_TRACE] Group:1 Prob:0.49913 Alpha:0.00005
[MOE_TRACE] Group:0 Prob:0.99755 Alpha:0.00005
[MOE_TRACE] Group:1 Prob:0.49913 Alpha:0.00005
[MOE_TRACE] Group:0 Prob:0.99755 Alpha:0.00005
[MOE_TRACE] Group:1 Prob:0.49913 Alpha:0.00005
[MOE_TRACE] Group:0 Prob:0.99755 Alpha:0.00005
[MOE_TRACE] Group:1 Prob:0.49913 Alpha:0.00005
[MOE_TRACE] Group:0 Prob:0.99755 Alpha:0.00005[MOE_TRACE] Group:0 Prob:0.99755 Alpha:0.00005

[MOE_TRACE] Group:1 Prob:0.49913 Alpha:0.00005[MOE_TRACE] Group:1 Prob:0.49913 Alpha:0.00005

[MOE_TRACE] Group:0 Prob:0.99755 Alpha:0.00005
[MOE_TRACE] Group:1 Prob:0.49913 Alpha:0.00005
[MOE_TRACE] Group:0 Prob:0.99755 Alpha:0.00005
[MOE_TRACE] Group:1 Prob:0.49913 Alpha:0.00005
[MOE_TRACE] Group:0 Prob:0.99755 Alpha:0.00005
[MOE_TRACE] Group:1 Prob:0.49913 Alpha:0.00005
[MOE_TRACE] Group:0 Prob:0.99755 Alpha:0.00005
[MOE_TRACE] Group:1 Prob:0.49913 Alpha:0.00005
[MOE_TRACE] Group:0 Prob:0.99755 Alpha:0.00005
[MOE_TRACE] Group:1 Prob:0.49913 Alpha:0.00005
[MOE_TRACE] Group:0 Prob:0.99755 Alpha:0.00005
[MOE_TRACE] Group:1 Prob:0.49913 Alpha:0.00005
[MOE_TRACE] Group:0 Prob:0.99755 Alpha:0.00005
[MOE_TRACE] Group:1 Prob:0.49913 Alpha:0.00005
[MOE_TRACE] Group:0 Prob:0.99755 Alpha:0.00005
[MOE_TRACE] Group:1 Prob:0.49913 Alpha:0.00005
[MOE_TRACE] Group:0 Prob:0.99755 Alpha:0.00005
[MOE_TRACE] Group:1 Prob:0.49913 Alpha:0.00005
[MOE_TRACE] Group:0 Prob:0.99755 Alpha:0.00005
[MOE_TRACE] Group:1 Prob:0.49913 Alpha:0.00005
[MOE_TRACE] Group:0 Prob:0.99755 Alpha:0.00005
[MOE_TRACE] Group:1 Prob:0.49913 Alpha:0.00005
[MOE_TRACE] Group:0 Prob:0.99755 Alpha:0.00005
[MOE_TRACE] Group:1 Prob:0.49913 Alpha:0.00005
[MOE_TRACE] Group:0 Prob:0.99755 Alpha:0.00005
[MOE_TRACE] Group:1 Prob:0.49913 Alpha:0.00005
[MOE_TRACE] Group:0 Prob:0.99755 Alpha:0.00005
[MOE_TRACE] Group:1 Prob:0.49913 Alpha:0.00005
[MOE_TRACE] Group:0 Prob:0.99755 Alpha:0.00005
[MOE_TRACE] Group:1 Prob:0.49913 Alpha:0.00005
[MOE_TRACE] Group:0 Prob:0.99755 Alpha:0.00005
[MOE_TRACE] Group:1 Prob:0.49913 Alpha:0.00005
[MOE_TRACE] Group:0 Prob:0.99755 Alpha:0.00005
[MOE_TRACE] Group:1 Prob:0.49913 Alpha:0.00005
[MOE_TRACE] Group:0 Prob:0.99755 Alpha:0.00005
[MOE_TRACE] Group:1 Prob:0.49913 Alpha:0.00005
[MOE_TRACE] Group:0 Prob:0.99755 Alpha:0.00005
[MOE_TRACE] Group:1 Prob:0.49913 Alpha:0.00005
[MOE_TRACE] Group:0 Prob:0.99755 Alpha:0.00005
[MOE_TRACE] Group:1 Prob:0.49913 Alpha:0.00005
[MOE_TRACE] Group:0 Prob:0.99755 Alpha:0.00005
[MOE_TRACE] Group:1 Prob:0.49913 Alpha:0.00005
[MOE_TRACE] Group:0 Prob:0.99755 Alpha:0.00005
[MOE_TRACE] Group:1 Prob:0.49913 Alpha:0.00005
[MOE_TRACE] Group:0 Prob:0.99755 Alpha:0.00005
[MOE_TRACE] Group:1 Prob:0.49913 Alpha:0.00005
[MOE_TRACE] Group:0 Prob:0.99755 Alpha:0.00005
[MOE_TRACE] Group:1 Prob:0.49913 Alpha:0.00005
[MOE_TRACE] Group:0 Prob:0.99755 Alpha:0.00005
[MOE_TRACE] Group:1 Prob:0.49913 Alpha:0.00005
[MOE_TRACE] Group:0 Prob:0.99755 Alpha:0.00005
[MOE_TRACE] Group:1 Prob:0.49913 Alpha:0.00005
[MOE_TRACE] Group:0 Prob:0.99755 Alpha:0.00005
[MOE_TRACE] Group:1 Prob:0.49913 Alpha:0.00005
[MOE_TRACE] Group:0 Prob:0.99755 Alpha:0.00005
[MOE_TRACE] Group:1 Prob:0.49913 Alpha:0.00005
[MOE_TRACE] Group:0 Prob:0.99755 Alpha:0.00005
[MOE_TRACE] Group:1 Prob:0.49913 Alpha:0.00005
[MOE_TRACE] Group:0 Prob:0.99755 Alpha:0.00005
[MOE_TRACE] Group:1 Prob:0.49913 Alpha:0.00005
[MOE_TRACE] Group:0 Prob:0.99755 Alpha:0.00005
[MOE_TRACE] Group:1 Prob:0.49913 Alpha:0.00005
[MOE_TRACE] Group:0 Prob:0.99755 Alpha:0.00005
[MOE_TRACE] Group:1 Prob:0.49913 Alpha:0.00005
[MOE_TRACE] Group:0 Prob:0.99755 Alpha:0.00005
[MOE_TRACE] Group:1 Prob:0.49913 Alpha:0.00005
[MOE_TRACE] Group:0 Prob:0.99755 Alpha:0.00005
[MOE_TRACE] Group:1 Prob:0.49913 Alpha:0.00005
[MOE_TRACE] Group:0 Prob:0.99755 Alpha:0.00005
[MOE_TRACE] Group:0 Prob:0.99755 Alpha:0.00005
[MOE_TRACE] Group:0 Prob:0.99755 Alpha:0.00005
[MOE_TRACE] Group:1 Prob:0.49913 Alpha:0.00005
[MOE_TRACE] Group:0 Prob:0.99755 Alpha:0.00005
[MOE_TRACE] Group:1 Prob:0.49913 Alpha:0.00005
[MOE_TRACE] Group:0 Prob:0.99755 Alpha:0.00005
[MOE_TRACE] Group:1 Prob:0.49913 Alpha:0.00005
[MOE_TRACE] Group:0 Prob:0.99755 Alpha:0.00005
[MOE_TRACE] Group:1 Prob:0.49913 Alpha:0.00005
[MOE_TRACE] Group:0 Prob:0.99755 Alpha:0.00005
[MOE_TRACE] Group:1 Prob:0.49913 Alpha:0.00005
[MOE_TRACE] Group:0 Prob:0.99755 Alpha:0.00005
[MOE_TRACE] Group:1 Prob:0.49913 Alpha:0.00005
[MOE_TRACE] Group:0 Prob:0.99755 Alpha:0.00005
[MOE_TRACE] Group:1 Prob:0.49913 Alpha:0.00005
[MOE_TRACE] Group:0 Prob:0.99755 Alpha:0.00005
[MOE_TRACE] Group:1 Prob:0.49913 Alpha:0.00005
[MOE_TRACE] Group:0 Prob:0.99755 Alpha:0.00005
[MOE_TRACE] Group:1 Prob:0.49913 Alpha:0.00005
[MOE_TRACE] Group:0 Prob:0.99755 Alpha:0.00005
[MOE_TRACE] Group:0 Prob:0.99755 Alpha:0.00005
[MOE_TRACE] Group:1 Prob:0.49913 Alpha:0.00005
[MOE_TRACE] Group:1 Prob:0.49913 Alpha:0.00005
[MOE_TRACE] Group:0 Prob:0.99755 Alpha:0.00005
[MOE_TRACE] Group:1 Prob:0.49913 Alpha:0.00005
[MOE_TRACE] Group:0 Prob:0.99755 Alpha:0.00005
[MOE_TRACE] Group:1 Prob:0.49913 Alpha:0.00005
[MOE_TRACE] Group:0 Prob:0.99755 Alpha:0.00005
[MOE_TRACE] Group:0 Prob:0.99755 Alpha:0.00005
[MOE_TRACE] Group:1 Prob:0.49913 Alpha:0.00005
[MOE_TRACE] Group:1 Prob:0.49913 Alpha:0.00005
[MOE_TRACE] Group:0 Prob:0.99755 Alpha:0.00005
[MOE_TRACE] Group:1 Prob:0.49913 Alpha:0.00005
[MOE_TRACE] Group:0 Prob:0.99755 Alpha:0.00005
[MOE_TRACE] Group:1 Prob:0.49913 Alpha:0.00005
[MOE_TRACE] Group:0 Prob:0.99755 Alpha:0.00005
[MOE_TRACE] Group:1 Prob:0.49913 Alpha:0.00005
[MOE_TRACE] Group:0 Prob:0.99755 Alpha:0.00005
[MOE_TRACE] Group:1 Prob:0.49913 Alpha:0.00005
[MOE_TRACE] Group:0 Prob:0.99755 Alpha:0.00005
[MOE_TRACE] Group:0 Prob:0.99755 Alpha:0.00005[MOE_TRACE] Group:1 Prob:0.49913 Alpha:0.00005

[MOE_TRACE] Group:1 Prob:0.49913 Alpha:0.00005
[MOE_TRACE] Group:0 Prob:0.99755 Alpha:0.00005
[MOE_TRACE] Group:1 Prob:0.49913 Alpha:0.00005
[MOE_TRACE] Group:0 Prob:0.99755 Alpha:0.00005
[MOE_TRACE] Group:1 Prob:0.49913 Alpha:0.00005
[MOE_TRACE] Group:0 Prob:0.99755 Alpha:0.00005
[MOE_TRACE] Group:1 Prob:0.49913 Alpha:0.00005
[MOE_TRACE] Group:0 Prob:0.99755 Alpha:0.00005
[MOE_TRACE] Group:1 Prob:0.49913 Alpha:0.00005
[MOE_TRACE] Group:0 Prob:0.99755 Alpha:0.00005
[MOE_TRACE] Group:1 Prob:0.49913 Alpha:0.00005
[MOE_TRACE] Group:0 Prob:0.99755 Alpha:0.00005
[MOE_TRACE] Group:1 Prob:0.49913 Alpha:0.00005
[MOE_TRACE] Group:0 Prob:0.99755 Alpha:0.00005
[MOE_TRACE] Group:1 Prob:0.49913 Alpha:0.00005
[MOE_TRACE] Group:0 Prob:0.99755 Alpha:0.00005
[MOE_TRACE] Group:1 Prob:0.49913 Alpha:0.00005
[MOE_TRACE] Group:0 Prob:0.99755 Alpha:0.00005[MOE_TRACE] Group:0 Prob:0.99755 Alpha:0.00005

[MOE_TRACE] Group:1 Prob:0.49913 Alpha:0.00005
[MOE_TRACE] Group:1 Prob:0.49913 Alpha:0.00005
[MOE_TRACE] Group:0 Prob:0.99755 Alpha:0.00005
[MOE_TRACE] Group:1 Prob:0.49913 Alpha:0.00005
[MOE_TRACE] Group:0 Prob:0.99755 Alpha:0.00005
[MOE_TRACE] Group:1 Prob:0.49913 Alpha:0.00005
[MOE_TRACE] Group:0 Prob:0.99755 Alpha:0.00005
[MOE_TRACE] Group:1 Prob:0.49913 Alpha:0.00005
[MOE_TRACE] Group:0 Prob:0.99755 Alpha:0.00005
[MOE_TRACE] Group:1 Prob:0.49913 Alpha:0.00005
[MOE_TRACE] Group:0 Prob:0.99755 Alpha:0.00005
[MOE_TRACE] Group:1 Prob:0.49913 Alpha:0.00005
[MOE_TRACE] Group:0 Prob:0.99755 Alpha:0.00005
[MOE_TRACE] Group:1 Prob:0.49913 Alpha:0.00005
[MOE_TRACE] Group:0 Prob:0.99755 Alpha:0.00005
[MOE_TRACE] Group:1 Prob:0.49913 Alpha:0.00005
[MOE_TRACE] Group:0 Prob:0.99755 Alpha:0.00005
[MOE_TRACE] Group:1 Prob:0.49913 Alpha:0.00005
[MOE_TRACE] Group:0 Prob:0.99755 Alpha:0.00005
[MOE_TRACE] Group:1 Prob:0.49913 Alpha:0.00005
[MOE_TRACE] Group:0 Prob:0.99755 Alpha:0.00005
[MOE_TRACE] Group:1 Prob:0.49913 Alpha:0.00005
[MOE_TRACE] Group:0 Prob:0.99755 Alpha:0.00005
[MOE_TRACE] Group:1 Prob:0.49913 Alpha:0.00005
[MOE_TRACE] Group:0 Prob:0.99755 Alpha:0.00005
[MOE_TRACE] Group:1 Prob:0.49913 Alpha:0.00005
[MOE_TRACE] Group:0 Prob:0.99755 Alpha:0.00005
[MOE_TRACE] Group:1 Prob:0.49913 Alpha:0.00005
[MOE_TRACE] Group:0 Prob:0.99755 Alpha:0.00005
[MOE_TRACE] Group:1 Prob:0.49913 Alpha:0.00005
[MOE_TRACE] Group:0 Prob:0.99755 Alpha:0.00005
[MOE_TRACE] Group:1 Prob:0.49913 Alpha:0.00005
[MOE_TRACE] Group:0 Prob:0.99755 Alpha:0.00005
[MOE_TRACE] Group:1 Prob:0.49913 Alpha:0.00005
[MOE_TRACE] Group:0 Prob:0.99755 Alpha:0.00005
[MOE_TRACE] Group:1 Prob:0.49913 Alpha:0.00005
[MOE_TRACE] Group:0 Prob:0.99755 Alpha:0.00005
[MOE_TRACE] Group:1 Prob:0.49913 Alpha:0.00005
[MOE_TRACE] Group:0 Prob:0.99755 Alpha:0.00005
[MOE_TRACE] Group:1 Prob:0.49913 Alpha:0.00005
[MOE_TRACE] Group:0 Prob:0.99755 Alpha:0.00005[MOE_TRACE] Group:0 Prob:0.99755 Alpha:0.00005

[MOE_TRACE] Group:1 Prob:0.49913 Alpha:0.00005[MOE_TRACE] Group:1 Prob:0.49913 Alpha:0.00005

[MOE_TRACE] Group:0 Prob:0.99755 Alpha:0.00005
[MOE_TRACE] Group:1 Prob:0.49913 Alpha:0.00005
[MOE_TRACE] Group:0 Prob:0.99755 Alpha:0.00005
[MOE_TRACE] Group:1 Prob:0.49913 Alpha:0.00005
[MOE_TRACE] Group:0 Prob:0.99755 Alpha:0.00005
[MOE_TRACE] Group:1 Prob:0.49913 Alpha:0.00005
[MOE_TRACE] Group:0 Prob:0.99755 Alpha:0.00005
[MOE_TRACE] Group:1 Prob:0.49913 Alpha:0.00005
[MOE_TRACE] Group:0 Prob:0.99755 Alpha:0.00005
[MOE_TRACE] Group:1 Prob:0.49913 Alpha:0.00005
[MOE_TRACE] Group:0 Prob:0.99755 Alpha:0.00005
[MOE_TRACE] Group:1 Prob:0.49913 Alpha:0.00005
[MOE_TRACE] Group:0 Prob:0.99755 Alpha:0.00005
[MOE_TRACE] Group:1 Prob:0.49913 Alpha:0.00005
[MOE_TRACE] Group:0 Prob:0.99755 Alpha:0.00005
[MOE_TRACE] Group:1 Prob:0.49913 Alpha:0.00005
[MOE_TRACE] Group:0 Prob:0.99755 Alpha:0.00005
[MOE_TRACE] Group:1 Prob:0.49913 Alpha:0.00005
[MOE_TRACE] Group:0 Prob:0.99755 Alpha:0.00005
[MOE_TRACE] Group:1 Prob:0.49913 Alpha:0.00005
[MOE_TRACE] Group:0 Prob:0.99755 Alpha:0.00005
[MOE_TRACE] Group:1 Prob:0.49913 Alpha:0.00005
[MOE_TRACE] Group:0 Prob:0.99755 Alpha:0.00005
[MOE_TRACE] Group:1 Prob:0.49913 Alpha:0.00005
[MOE_TRACE] Group:0 Prob:0.99755 Alpha:0.00005
[MOE_TRACE] Group:1 Prob:0.49913 Alpha:0.00005
[MOE_TRACE] Group:0 Prob:0.99755 Alpha:0.00005
[MOE_TRACE] Group:1 Prob:0.49913 Alpha:0.00005
[MOE_TRACE] Group:0 Prob:0.99755 Alpha:0.00005
[MOE_TRACE] Group:1 Prob:0.49913 Alpha:0.00005
[MOE_TRACE] Group:0 Prob:0.99755 Alpha:0.00005
[MOE_TRACE] Group:1 Prob:0.49913 Alpha:0.00005
[MOE_TRACE] Group:0 Prob:0.99755 Alpha:0.00005
[MOE_TRACE] Group:1 Prob:0.49913 Alpha:0.00005
[MOE_TRACE] Group:0 Prob:0.99755 Alpha:0.00005
[MOE_TRACE] Group:1 Prob:0.49913 Alpha:0.00005
[MOE_TRACE] Group:0 Prob:0.99755 Alpha:0.00005
[MOE_TRACE] Group:1 Prob:0.49913 Alpha:0.00005
[MOE_TRACE] Group:0 Prob:0.99755 Alpha:0.00005
[MOE_TRACE] Group:1 Prob:0.49913 Alpha:0.00005
[MOE_TRACE] Group:0 Prob:0.99755 Alpha:0.00005
[MOE_TRACE] Group:1 Prob:0.49913 Alpha:0.00005
[MOE_TRACE] Group:0 Prob:0.99755 Alpha:0.00005
[MOE_TRACE] Group:1 Prob:0.49913 Alpha:0.00005
[MOE_TRACE] Group:0 Prob:0.99755 Alpha:0.00005
[MOE_TRACE] Group:1 Prob:0.49913 Alpha:0.00005
[MOE_TRACE] Group:0 Prob:0.99755 Alpha:0.00005
[MOE_TRACE] Group:1 Prob:0.49913 Alpha:0.00005
[MOE_TRACE] Group:0 Prob:0.99755 Alpha:0.00005
[MOE_TRACE] Group:1 Prob:0.49913 Alpha:0.00005
[MOE_TRACE] Group:0 Prob:0.99755 Alpha:0.00005
[MOE_TRACE] Group:1 Prob:0.49913 Alpha:0.00005
[MOE_TRACE] Group:0 Prob:0.99755 Alpha:0.00005[MOE_TRACE] Group:0 Prob:0.99755 Alpha:0.00005

[MOE_TRACE] Group:1 Prob:0.49913 Alpha:0.00005
[MOE_TRACE] Group:1 Prob:0.49913 Alpha:0.00005
[MOE_TRACE] Group:0 Prob:0.99755 Alpha:0.00005
[MOE_TRACE] Group:1 Prob:0.49913 Alpha:0.00005
[MOE_TRACE] Group:0 Prob:0.99755 Alpha:0.00005
[MOE_TRACE] Group:1 Prob:0.49913 Alpha:0.00005
[MOE_TRACE] Group:0 Prob:0.99755 Alpha:0.00005
[MOE_TRACE] Group:1 Prob:0.49913 Alpha:0.00005
[MOE_TRACE] Group:0 Prob:0.99755 Alpha:0.00005
[MOE_TRACE] Group:1 Prob:0.49913 Alpha:0.00005
[MOE_TRACE] Group:0 Prob:0.99755 Alpha:0.00005
[MOE_TRACE] Group:1 Prob:0.49913 Alpha:0.00005
[MOE_TRACE] Group:0 Prob:0.99755 Alpha:0.00005
[MOE_TRACE] Group:1 Prob:0.49913 Alpha:0.00005
[MOE_TRACE] Group:0 Prob:0.99755 Alpha:0.00005
[MOE_TRACE] Group:1 Prob:0.49913 Alpha:0.00005
[MOE_TRACE] Group:0 Prob:0.99755 Alpha:0.00005
[MOE_TRACE] Group:1 Prob:0.49913 Alpha:0.00005
[MOE_TRACE] Group:0 Prob:0.99755 Alpha:0.00005
[MOE_TRACE] Group:1 Prob:0.49913 Alpha:0.00005
[MOE_TRACE] Group:0 Prob:0.99755 Alpha:0.00005
[MOE_TRACE] Group:0 Prob:0.99755 Alpha:0.00005
[MOE_TRACE] Group:0 Prob:0.99755 Alpha:0.00005[MOE_TRACE] Group:1 Prob:0.49913 Alpha:0.00005

[MOE_TRACE] Group:1 Prob:0.49913 Alpha:0.00005
[MOE_TRACE] Group:1 Prob:0.49913 Alpha:0.00005
[MOE_TRACE] Group:0 Prob:0.99755 Alpha:0.00005
[MOE_TRACE] Group:1 Prob:0.49913 Alpha:0.00005
[MOE_TRACE] Group:0 Prob:0.99755 Alpha:0.00005
[MOE_TRACE] Group:1 Prob:0.49913 Alpha:0.00005
[MOE_TRACE] Group:0 Prob:0.99755 Alpha:0.00005
[MOE_TRACE] Group:1 Prob:0.49913 Alpha:0.00005
[MOE_TRACE] Group:0 Prob:0.99755 Alpha:0.00005
[MOE_TRACE] Group:0 Prob:0.99755 Alpha:0.00005
[MOE_TRACE] Group:1 Prob:0.49913 Alpha:0.00005
[MOE_TRACE] Group:1 Prob:0.49913 Alpha:0.00005
[MOE_TRACE] Group:0 Prob:0.99755 Alpha:0.00005
[MOE_TRACE] Group:1 Prob:0.49913 Alpha:0.00005
[MOE_TRACE] Group:0 Prob:0.99755 Alpha:0.00005
[MOE_TRACE] Group:1 Prob:0.49913 Alpha:0.00005
[MOE_TRACE] Group:0 Prob:0.99755 Alpha:0.00005
[MOE_TRACE] Group:1 Prob:0.49913 Alpha:0.00005
[MOE_TRACE] Group:0 Prob:0.99755 Alpha:0.00005
[MOE_TRACE] Group:1 Prob:0.49913 Alpha:0.00005
[MOE_TRACE] Group:0 Prob:0.99755 Alpha:0.00005
[MOE_TRACE] Group:1 Prob:0.49913 Alpha:0.00005
[MOE_TRACE] Group:0 Prob:0.99755 Alpha:0.00005
[MOE_TRACE] Group:1 Prob:0.49913 Alpha:0.00005
[MOE_TRACE] Group:0 Prob:0.99755 Alpha:0.00005
[MOE_TRACE] Group:1 Prob:0.49913 Alpha:0.00005
[MOE_TRACE] Group:0 Prob:0.99755 Alpha:0.00005
[MOE_TRACE] Group:1 Prob:0.49913 Alpha:0.00005
[MOE_TRACE] Group:0 Prob:0.99755 Alpha:0.00005
[MOE_TRACE] Group:1 Prob:0.49913 Alpha:0.00005
[MOE_TRACE] Group:0 Prob:0.99755 Alpha:0.00005
[MOE_TRACE] Group:1 Prob:0.49913 Alpha:0.00005
[MOE_TRACE] Group:0 Prob:0.99755 Alpha:0.00005
[MOE_TRACE] Group:1 Prob:0.49913 Alpha:0.00005
[MOE_TRACE] Group:0 Prob:0.99755 Alpha:0.00005
[MOE_TRACE] Group:1 Prob:0.49913 Alpha:0.00005
[MOE_TRACE] Group:0 Prob:0.99755 Alpha:0.00005
[MOE_TRACE] Group:1 Prob:0.49913 Alpha:0.00005
[MOE_TRACE] Group:0 Prob:0.99755 Alpha:0.00005
[MOE_TRACE] Group:1 Prob:0.49913 Alpha:0.00005
[MOE_TRACE] Group:0 Prob:0.99755 Alpha:0.00005
[MOE_TRACE] Group:1 Prob:0.49913 Alpha:0.00005
[MOE_TRACE] Group:0 Prob:0.99755 Alpha:0.00005
[MOE_TRACE] Group:1 Prob:0.49913 Alpha:0.00005
Epoch: 10 cost time: 30.937402963638306
Epoch: 10, Steps: 147 | Train Loss: 0.4386479 Vali Loss: 0.3054644 Test Loss: 4.0378475
EarlyStopping counter: 7 out of 3
Early stopping
Updating learning rate to 1.953125e-07
>>>>>>> Training Total Time: 4649.31 seconds <<<<<<<
>>>>>>>testing : long_term_forecast_kdd_sub3_96_TLMMoeED_DYG_base_ftM_sl96_ll48_pl96_dm512_nh8_el2_dl1_df512_fc3_ebtimeF_dtTrue_Exp_0<<<<<<<<<<<<<<<<<<<<<<<<<<<<<<<<<
DYG_base
原始数据形状: (108051, 6)
Index(['Bacterial Density', 'Viscosity', 'Chemical Efficiency', 'pH Online',
       'Total Sugar'],
      dtype='object')
test 21515
test shape: (21515, 1, 96, 5) (21515, 1, 96, 5)
test shape: (21515, 96, 5) (21515, 96, 5)
mae:0.4566, mse:3.9794
>>>>>>> Test Total Time: 475.21 seconds <<<<<<<
(21515, 96, 5)
(21515, 96, 5)
