True
2.3.0
True
Args in experiment:
Namespace(activation='gelu', anomaly_ratio=0.25, batch_size=512, c_out=5, channel_independent=1, checkpoints='./checkpoints/', d_ff=512, d_layers=1, d_model=512, data='DYG_base', data_path='DYG_data_3_sub1.csv', dec_in=5, des='Exp', device_ids=[0, 1, 2, 3], devices='0,1,2,3', direction=[1, 1, 2, 0, 0], distil=True, dropout=0.1, e_layers=2, embed='timeF', enc_in=5, enc_out=5, factor=3, features='M', freq='h', gpu=0, inverse=False, is_training=1, itr=1, label_len=48, learning_rate=0.0001, loss='MSE', lradj='type1', mask_rate=0.25, model='TLMMoeED', model_id='kdd_sub1_528', moe_logits_init='{"0": [5.0, -5.0], "1": [0.0, 0.0], "2": [5.0, -5.0]}', moving_avg=25, n_heads=8, num_kernels=6, num_workers=10, output_attention=False, p_hidden_dims=[128, 128], p_hidden_layers=2, patience=3, pred_len=96, root_path='./data/DYG/KDD', seasonal_patterns='Monthly', seg_len=12, seq_len=528, target='zs', task_name='long_term_forecast', top_k=5, train_epochs=10, use_amp=True, use_gpu=True, use_multi_gpu=True)
Use GPU: cuda:0
>>>>>>>start training : long_term_forecast_kdd_sub1_528_TLMMoeED_DYG_base_ftM_sl528_ll48_pl96_dm512_nh8_el2_dl1_df512_fc3_ebtimeF_dtTrue_Exp_0>>>>>>>>>>>>>>>>>>>>>>>>>>
DYG_base
原始数据形状: (108051, 6)
Index(['Bacterial Density', 'Viscosity', 'Alcohol Addition', 'Reducing Sugar',
       'Non Reducing Suger'],
      dtype='object')
train 75012
DYG_base
原始数据形状: (108051, 6)
Index(['Bacterial Density', 'Viscosity', 'Alcohol Addition', 'Reducing Sugar',
       'Non Reducing Suger'],
      dtype='object')
val 10711
DYG_base
原始数据形状: (108051, 6)
Index(['Bacterial Density', 'Viscosity', 'Alcohol Addition', 'Reducing Sugar',
       'Non Reducing Suger'],
      dtype='object')
test 21515
[MOE_TRACE] Group:0 Prob:0.93657 Alpha:0.50000
[MOE_TRACE] Group:0 Prob:0.93657 Alpha:0.50000
[MOE_TRACE] Group:0 Prob:0.93657 Alpha:0.50000
[MOE_TRACE] Group:1 Prob:0.68523 Alpha:0.50000
[MOE_TRACE] Group:1 Prob:0.68523 Alpha:0.50000
[MOE_TRACE] Group:1 Prob:0.68523 Alpha:0.50000
[MOE_TRACE] Group:2 Prob:0.99455 Alpha:0.50000
[MOE_TRACE] Group:2 Prob:0.99455 Alpha:0.50000
[MOE_TRACE] Group:2 Prob:0.99455 Alpha:0.50000
[MOE_TRACE] Group:0 Prob:0.93657 Alpha:0.50000
[MOE_TRACE] Group:1 Prob:0.68523 Alpha:0.50000
[MOE_TRACE] Group:2 Prob:0.99455 Alpha:0.50000
[MOE_TRACE] Group:0 Prob:0.94159 Alpha:0.49997
[MOE_TRACE] Group:0 Prob:0.94159 Alpha:0.49997
[MOE_TRACE] Group:1 Prob:0.70047 Alpha:0.50002
[MOE_TRACE] Group:1 Prob:0.70047 Alpha:0.50002
[MOE_TRACE] Group:2 Prob:0.99477 Alpha:0.49998
[MOE_TRACE] Group:2 Prob:0.99477 Alpha:0.49998
[MOE_TRACE] Group:0 Prob:0.94159 Alpha:0.49997
[MOE_TRACE] Group:1 Prob:0.70047 Alpha:0.50002
[MOE_TRACE] Group:2 Prob:0.99477 Alpha:0.49998
[MOE_TRACE] Group:0 Prob:0.94159 Alpha:0.49997
[MOE_TRACE] Group:1 Prob:0.70047 Alpha:0.50002
[MOE_TRACE] Group:2 Prob:0.99477 Alpha:0.49998
[MOE_TRACE] Group:0 Prob:0.94422 Alpha:0.49996
[MOE_TRACE] Group:0 Prob:0.94422 Alpha:0.49996
[MOE_TRACE] Group:0 Prob:0.94422 Alpha:0.49996
[MOE_TRACE] Group:1 Prob:0.70394 Alpha:0.50003
[MOE_TRACE] Group:1 Prob:0.70394 Alpha:0.50003
[MOE_TRACE] Group:0 Prob:0.94422 Alpha:0.49996
[MOE_TRACE] Group:1 Prob:0.70394 Alpha:0.50003
[MOE_TRACE] Group:2 Prob:0.99514 Alpha:0.49995
[MOE_TRACE] Group:2 Prob:0.99514 Alpha:0.49995
[MOE_TRACE] Group:2 Prob:0.99514 Alpha:0.49995
[MOE_TRACE] Group:1 Prob:0.70394 Alpha:0.50003
[MOE_TRACE] Group:2 Prob:0.99514 Alpha:0.49995
[MOE_TRACE] Group:0 Prob:0.94526 Alpha:0.49995
[MOE_TRACE] Group:1 Prob:0.70329 Alpha:0.50003
[MOE_TRACE] Group:2 Prob:0.99521 Alpha:0.49994
[MOE_TRACE] Group:0 Prob:0.94526 Alpha:0.49995
[MOE_TRACE] Group:1 Prob:0.70329 Alpha:0.50003
[MOE_TRACE] Group:0 Prob:0.94526 Alpha:0.49995[MOE_TRACE] Group:2 Prob:0.99521 Alpha:0.49994

[MOE_TRACE] Group:1 Prob:0.70329 Alpha:0.50003
[MOE_TRACE] Group:2 Prob:0.99521 Alpha:0.49994
[MOE_TRACE] Group:0 Prob:0.94526 Alpha:0.49995
[MOE_TRACE] Group:1 Prob:0.70329 Alpha:0.50003
[MOE_TRACE] Group:2 Prob:0.99521 Alpha:0.49994
[MOE_TRACE] Group:0 Prob:0.94689 Alpha:0.49994
[MOE_TRACE] Group:0 Prob:0.94689 Alpha:0.49994
[MOE_TRACE] Group:0 Prob:0.94689 Alpha:0.49994
[MOE_TRACE] Group:1 Prob:0.69653 Alpha:0.50002
[MOE_TRACE] Group:1 Prob:0.69653 Alpha:0.50002
[MOE_TRACE] Group:1 Prob:0.69653 Alpha:0.50002
[MOE_TRACE] Group:0 Prob:0.94689 Alpha:0.49994
[MOE_TRACE] Group:2 Prob:0.99545 Alpha:0.49993
[MOE_TRACE] Group:2 Prob:0.99545 Alpha:0.49993
[MOE_TRACE] Group:2 Prob:0.99545 Alpha:0.49993
[MOE_TRACE] Group:1 Prob:0.69653 Alpha:0.50002
[MOE_TRACE] Group:2 Prob:0.99545 Alpha:0.49993
[MOE_TRACE] Group:0 Prob:0.94716 Alpha:0.49993
[MOE_TRACE] Group:0 Prob:0.94716 Alpha:0.49993
[MOE_TRACE] Group:0 Prob:0.94716 Alpha:0.49993
[MOE_TRACE] Group:1 Prob:0.69199 Alpha:0.50002
[MOE_TRACE] Group:0 Prob:0.94716 Alpha:0.49993
[MOE_TRACE] Group:1 Prob:0.69199 Alpha:0.50002
[MOE_TRACE] Group:1 Prob:0.69199 Alpha:0.50002
[MOE_TRACE] Group:2 Prob:0.99559 Alpha:0.49992
[MOE_TRACE] Group:2 Prob:0.99559 Alpha:0.49992
[MOE_TRACE] Group:1 Prob:0.69199 Alpha:0.50002
[MOE_TRACE] Group:2 Prob:0.99559 Alpha:0.49992
[MOE_TRACE] Group:2 Prob:0.99559 Alpha:0.49992
[MOE_TRACE] Group:0 Prob:0.94910 Alpha:0.49993
[MOE_TRACE] Group:1 Prob:0.68901 Alpha:0.50001[MOE_TRACE] Group:0 Prob:0.94910 Alpha:0.49993

[MOE_TRACE] Group:0 Prob:0.94910 Alpha:0.49993[MOE_TRACE] Group:1 Prob:0.68901 Alpha:0.50001

[MOE_TRACE] Group:1 Prob:0.68901 Alpha:0.50001
[MOE_TRACE] Group:2 Prob:0.99581 Alpha:0.49991
[MOE_TRACE] Group:2 Prob:0.99581 Alpha:0.49991[MOE_TRACE] Group:2 Prob:0.99581 Alpha:0.49991

[MOE_TRACE] Group:0 Prob:0.94910 Alpha:0.49993
[MOE_TRACE] Group:1 Prob:0.68901 Alpha:0.50001
[MOE_TRACE] Group:2 Prob:0.99581 Alpha:0.49991
[MOE_TRACE] Group:0 Prob:0.94972 Alpha:0.49992
[MOE_TRACE] Group:0 Prob:0.94972 Alpha:0.49992
[MOE_TRACE] Group:0 Prob:0.94972 Alpha:0.49992
[MOE_TRACE] Group:1 Prob:0.67977 Alpha:0.50000
[MOE_TRACE] Group:1 Prob:0.67977 Alpha:0.50000
[MOE_TRACE] Group:1 Prob:0.67977 Alpha:0.50000
[MOE_TRACE] Group:0 Prob:0.94972 Alpha:0.49992
[MOE_TRACE] Group:2 Prob:0.99593 Alpha:0.49990
[MOE_TRACE] Group:2 Prob:0.99593 Alpha:0.49990
[MOE_TRACE] Group:2 Prob:0.99593 Alpha:0.49990
[MOE_TRACE] Group:1 Prob:0.67977 Alpha:0.50000
[MOE_TRACE] Group:2 Prob:0.99593 Alpha:0.49990
[MOE_TRACE] Group:0 Prob:0.94988 Alpha:0.49992
[MOE_TRACE] Group:1 Prob:0.67383 Alpha:0.49999
[MOE_TRACE] Group:0 Prob:0.94988 Alpha:0.49992
[MOE_TRACE] Group:1 Prob:0.67383 Alpha:0.49999
[MOE_TRACE] Group:0 Prob:0.94988 Alpha:0.49992
[MOE_TRACE] Group:1 Prob:0.67383 Alpha:0.49999
[MOE_TRACE] Group:2 Prob:0.99604 Alpha:0.49989[MOE_TRACE] Group:2 Prob:0.99604 Alpha:0.49989
[MOE_TRACE] Group:2 Prob:0.99604 Alpha:0.49989

[MOE_TRACE] Group:0 Prob:0.94988 Alpha:0.49992
[MOE_TRACE] Group:1 Prob:0.67383 Alpha:0.49999
[MOE_TRACE] Group:2 Prob:0.99604 Alpha:0.49989
[MOE_TRACE] Group:0 Prob:0.95030 Alpha:0.49992
[MOE_TRACE] Group:1 Prob:0.66515 Alpha:0.49998
[MOE_TRACE] Group:2 Prob:0.99617 Alpha:0.49988
[MOE_TRACE] Group:0 Prob:0.95030 Alpha:0.49992[MOE_TRACE] Group:0 Prob:0.95030 Alpha:0.49992

[MOE_TRACE] Group:0 Prob:0.95030 Alpha:0.49992
[MOE_TRACE] Group:1 Prob:0.66515 Alpha:0.49998
[MOE_TRACE] Group:1 Prob:0.66515 Alpha:0.49998
[MOE_TRACE] Group:2 Prob:0.99617 Alpha:0.49988
[MOE_TRACE] Group:2 Prob:0.99617 Alpha:0.49988[MOE_TRACE] Group:1 Prob:0.66515 Alpha:0.49998

[MOE_TRACE] Group:2 Prob:0.99617 Alpha:0.49988
[MOE_TRACE] Group:0 Prob:0.94935 Alpha:0.49992
[MOE_TRACE] Group:0 Prob:0.94935 Alpha:0.49992
[MOE_TRACE] Group:1 Prob:0.65740 Alpha:0.49997
[MOE_TRACE] Group:1 Prob:0.65740 Alpha:0.49997[MOE_TRACE] Group:0 Prob:0.94935 Alpha:0.49992[MOE_TRACE] Group:2 Prob:0.99628 Alpha:0.49986


[MOE_TRACE] Group:2 Prob:0.99628 Alpha:0.49986[MOE_TRACE] Group:1 Prob:0.65740 Alpha:0.49997

[MOE_TRACE] Group:2 Prob:0.99628 Alpha:0.49986
[MOE_TRACE] Group:0 Prob:0.94935 Alpha:0.49992
[MOE_TRACE] Group:1 Prob:0.65740 Alpha:0.49997
[MOE_TRACE] Group:2 Prob:0.99628 Alpha:0.49986
[MOE_TRACE] Group:0 Prob:0.95072 Alpha:0.49992
[MOE_TRACE] Group:0 Prob:0.95072 Alpha:0.49992
[MOE_TRACE] Group:0 Prob:0.95072 Alpha:0.49992[MOE_TRACE] Group:1 Prob:0.65026 Alpha:0.49996

[MOE_TRACE] Group:1 Prob:0.65026 Alpha:0.49996
[MOE_TRACE] Group:2 Prob:0.99642 Alpha:0.49985
[MOE_TRACE] Group:1 Prob:0.65026 Alpha:0.49996
[MOE_TRACE] Group:2 Prob:0.99642 Alpha:0.49985
[MOE_TRACE] Group:2 Prob:0.99642 Alpha:0.49985
[MOE_TRACE] Group:0 Prob:0.95072 Alpha:0.49992
[MOE_TRACE] Group:1 Prob:0.65026 Alpha:0.49996
[MOE_TRACE] Group:2 Prob:0.99642 Alpha:0.49985
[MOE_TRACE] Group:0 Prob:0.94886 Alpha:0.49993
[MOE_TRACE] Group:1 Prob:0.64024 Alpha:0.49995
[MOE_TRACE] Group:0 Prob:0.94886 Alpha:0.49993
[MOE_TRACE] Group:0 Prob:0.94886 Alpha:0.49993[MOE_TRACE] Group:1 Prob:0.64024 Alpha:0.49995

[MOE_TRACE] Group:1 Prob:0.64024 Alpha:0.49995
[MOE_TRACE] Group:2 Prob:0.99654 Alpha:0.49984
[MOE_TRACE] Group:2 Prob:0.99654 Alpha:0.49984[MOE_TRACE] Group:2 Prob:0.99654 Alpha:0.49984

[MOE_TRACE] Group:0 Prob:0.94886 Alpha:0.49993
[MOE_TRACE] Group:1 Prob:0.64024 Alpha:0.49995
[MOE_TRACE] Group:2 Prob:0.99654 Alpha:0.49984
[MOE_TRACE] Group:0 Prob:0.94974 Alpha:0.49993
[MOE_TRACE] Group:1 Prob:0.63646 Alpha:0.49995
[MOE_TRACE] Group:2 Prob:0.99662 Alpha:0.49983
[MOE_TRACE] Group:0 Prob:0.94974 Alpha:0.49993
[MOE_TRACE] Group:1 Prob:0.63646 Alpha:0.49995
[MOE_TRACE] Group:2 Prob:0.99662 Alpha:0.49983
[MOE_TRACE] Group:0 Prob:0.94974 Alpha:0.49993
[MOE_TRACE] Group:1 Prob:0.63646 Alpha:0.49995
[MOE_TRACE] Group:2 Prob:0.99662 Alpha:0.49983
[MOE_TRACE] Group:0 Prob:0.94974 Alpha:0.49993
[MOE_TRACE] Group:1 Prob:0.63646 Alpha:0.49995
[MOE_TRACE] Group:2 Prob:0.99662 Alpha:0.49983
[MOE_TRACE] Group:0 Prob:0.94817 Alpha:0.49992
[MOE_TRACE] Group:0 Prob:0.94817 Alpha:0.49992
[MOE_TRACE] Group:1 Prob:0.63452 Alpha:0.49994
[MOE_TRACE] Group:2 Prob:0.99670 Alpha:0.49983
[MOE_TRACE] Group:1 Prob:0.63452 Alpha:0.49994
[MOE_TRACE] Group:2 Prob:0.99670 Alpha:0.49983
[MOE_TRACE] Group:0 Prob:0.94817 Alpha:0.49992
[MOE_TRACE] Group:1 Prob:0.63452 Alpha:0.49994
[MOE_TRACE] Group:2 Prob:0.99670 Alpha:0.49983
[MOE_TRACE] Group:0 Prob:0.94817 Alpha:0.49992
[MOE_TRACE] Group:1 Prob:0.63452 Alpha:0.49994
[MOE_TRACE] Group:2 Prob:0.99670 Alpha:0.49983
[MOE_TRACE] Group:0 Prob:0.94978 Alpha:0.49992
[MOE_TRACE] Group:0 Prob:0.94978 Alpha:0.49992
[MOE_TRACE] Group:0 Prob:0.94978 Alpha:0.49992
[MOE_TRACE] Group:0 Prob:0.94978 Alpha:0.49992
[MOE_TRACE] Group:1 Prob:0.62980 Alpha:0.49994[MOE_TRACE] Group:1 Prob:0.62980 Alpha:0.49994

[MOE_TRACE] Group:1 Prob:0.62980 Alpha:0.49994
[MOE_TRACE] Group:1 Prob:0.62980 Alpha:0.49994
[MOE_TRACE] Group:2 Prob:0.99673 Alpha:0.49982
[MOE_TRACE] Group:2 Prob:0.99673 Alpha:0.49982[MOE_TRACE] Group:2 Prob:0.99673 Alpha:0.49982

[MOE_TRACE] Group:2 Prob:0.99673 Alpha:0.49982
[MOE_TRACE] Group:0 Prob:0.94980 Alpha:0.49992
[MOE_TRACE] Group:0 Prob:0.94980 Alpha:0.49992
[MOE_TRACE] Group:0 Prob:0.94980 Alpha:0.49992
[MOE_TRACE] Group:0 Prob:0.94980 Alpha:0.49992
[MOE_TRACE] Group:1 Prob:0.63237 Alpha:0.49993
[MOE_TRACE] Group:1 Prob:0.63237 Alpha:0.49993[MOE_TRACE] Group:1 Prob:0.63237 Alpha:0.49993

[MOE_TRACE] Group:2 Prob:0.99679 Alpha:0.49982[MOE_TRACE] Group:1 Prob:0.63237 Alpha:0.49993

[MOE_TRACE] Group:2 Prob:0.99679 Alpha:0.49982
[MOE_TRACE] Group:2 Prob:0.99679 Alpha:0.49982
[MOE_TRACE] Group:2 Prob:0.99679 Alpha:0.49982
[MOE_TRACE] Group:0 Prob:0.94954 Alpha:0.49992
[MOE_TRACE] Group:0 Prob:0.94954 Alpha:0.49992
[MOE_TRACE] Group:0 Prob:0.94954 Alpha:0.49992
[MOE_TRACE] Group:1 Prob:0.63155 Alpha:0.49993
[MOE_TRACE] Group:1 Prob:0.63155 Alpha:0.49993
[MOE_TRACE] Group:1 Prob:0.63155 Alpha:0.49993
[MOE_TRACE] Group:0 Prob:0.94954 Alpha:0.49992
[MOE_TRACE] Group:2 Prob:0.99683 Alpha:0.49982
[MOE_TRACE] Group:2 Prob:0.99683 Alpha:0.49982
[MOE_TRACE] Group:2 Prob:0.99683 Alpha:0.49982
[MOE_TRACE] Group:1 Prob:0.63155 Alpha:0.49993
[MOE_TRACE] Group:2 Prob:0.99683 Alpha:0.49982
[MOE_TRACE] Group:0 Prob:0.94975 Alpha:0.49992
[MOE_TRACE] Group:1 Prob:0.63305 Alpha:0.49993
[MOE_TRACE] Group:0 Prob:0.94975 Alpha:0.49992
[MOE_TRACE] Group:2 Prob:0.99687 Alpha:0.49981
[MOE_TRACE] Group:1 Prob:0.63305 Alpha:0.49993
[MOE_TRACE] Group:2 Prob:0.99687 Alpha:0.49981
[MOE_TRACE] Group:0 Prob:0.94975 Alpha:0.49992[MOE_TRACE] Group:0 Prob:0.94975 Alpha:0.49992

[MOE_TRACE] Group:1 Prob:0.63305 Alpha:0.49993
[MOE_TRACE] Group:1 Prob:0.63305 Alpha:0.49993
[MOE_TRACE] Group:2 Prob:0.99687 Alpha:0.49981
[MOE_TRACE] Group:2 Prob:0.99687 Alpha:0.49981
[MOE_TRACE] Group:0 Prob:0.94920 Alpha:0.49992
[MOE_TRACE] Group:0 Prob:0.94920 Alpha:0.49992
[MOE_TRACE] Group:0 Prob:0.94920 Alpha:0.49992
[MOE_TRACE] Group:1 Prob:0.63212 Alpha:0.49993
[MOE_TRACE] Group:1 Prob:0.63212 Alpha:0.49993
[MOE_TRACE] Group:1 Prob:0.63212 Alpha:0.49993
[MOE_TRACE] Group:2 Prob:0.99692 Alpha:0.49981[MOE_TRACE] Group:2 Prob:0.99692 Alpha:0.49981

[MOE_TRACE] Group:2 Prob:0.99692 Alpha:0.49981
[MOE_TRACE] Group:0 Prob:0.94920 Alpha:0.49992
[MOE_TRACE] Group:1 Prob:0.63212 Alpha:0.49993
[MOE_TRACE] Group:2 Prob:0.99692 Alpha:0.49981
[MOE_TRACE] Group:0 Prob:0.95108 Alpha:0.49992[MOE_TRACE] Group:0 Prob:0.95108 Alpha:0.49992

[MOE_TRACE] Group:1 Prob:0.62799 Alpha:0.49992
[MOE_TRACE] Group:1 Prob:0.62799 Alpha:0.49992
[MOE_TRACE] Group:2 Prob:0.99692 Alpha:0.49980
[MOE_TRACE] Group:2 Prob:0.99692 Alpha:0.49980
[MOE_TRACE] Group:0 Prob:0.95108 Alpha:0.49992
[MOE_TRACE] Group:1 Prob:0.62799 Alpha:0.49992
[MOE_TRACE] Group:0 Prob:0.95108 Alpha:0.49992[MOE_TRACE] Group:2 Prob:0.99692 Alpha:0.49980

[MOE_TRACE] Group:1 Prob:0.62799 Alpha:0.49992
[MOE_TRACE] Group:2 Prob:0.99692 Alpha:0.49980
[MOE_TRACE] Group:0 Prob:0.95086 Alpha:0.49992
[MOE_TRACE] Group:0 Prob:0.95086 Alpha:0.49992
[MOE_TRACE] Group:0 Prob:0.95086 Alpha:0.49992
[MOE_TRACE] Group:1 Prob:0.62646 Alpha:0.49992
[MOE_TRACE] Group:1 Prob:0.62646 Alpha:0.49992
[MOE_TRACE] Group:1 Prob:0.62646 Alpha:0.49992
[MOE_TRACE] Group:0 Prob:0.95086 Alpha:0.49992
[MOE_TRACE] Group:2 Prob:0.99693 Alpha:0.49980[MOE_TRACE] Group:2 Prob:0.99693 Alpha:0.49980

[MOE_TRACE] Group:2 Prob:0.99693 Alpha:0.49980
[MOE_TRACE] Group:1 Prob:0.62646 Alpha:0.49992
[MOE_TRACE] Group:2 Prob:0.99693 Alpha:0.49980
[MOE_TRACE] Group:0 Prob:0.95022 Alpha:0.49992[MOE_TRACE] Group:0 Prob:0.95022 Alpha:0.49992

[MOE_TRACE] Group:0 Prob:0.95022 Alpha:0.49992
[MOE_TRACE] Group:1 Prob:0.62257 Alpha:0.49992[MOE_TRACE] Group:0 Prob:0.95022 Alpha:0.49992[MOE_TRACE] Group:1 Prob:0.62257 Alpha:0.49992
[MOE_TRACE] Group:1 Prob:0.62257 Alpha:0.49992


[MOE_TRACE] Group:1 Prob:0.62257 Alpha:0.49992
[MOE_TRACE] Group:2 Prob:0.99695 Alpha:0.49980[MOE_TRACE] Group:2 Prob:0.99695 Alpha:0.49980

[MOE_TRACE] Group:2 Prob:0.99695 Alpha:0.49980
[MOE_TRACE] Group:2 Prob:0.99695 Alpha:0.49980
[MOE_TRACE] Group:0 Prob:0.94820 Alpha:0.49993
[MOE_TRACE] Group:1 Prob:0.61875 Alpha:0.49991
[MOE_TRACE] Group:2 Prob:0.99697 Alpha:0.49980
[MOE_TRACE] Group:0 Prob:0.94820 Alpha:0.49993[MOE_TRACE] Group:0 Prob:0.94820 Alpha:0.49993

[MOE_TRACE] Group:0 Prob:0.94820 Alpha:0.49993
[MOE_TRACE] Group:1 Prob:0.61875 Alpha:0.49991
[MOE_TRACE] Group:1 Prob:0.61875 Alpha:0.49991
[MOE_TRACE] Group:1 Prob:0.61875 Alpha:0.49991
[MOE_TRACE] Group:2 Prob:0.99697 Alpha:0.49980
[MOE_TRACE] Group:2 Prob:0.99697 Alpha:0.49980
[MOE_TRACE] Group:2 Prob:0.99697 Alpha:0.49980
[MOE_TRACE] Group:0 Prob:0.94908 Alpha:0.49993
[MOE_TRACE] Group:1 Prob:0.61719 Alpha:0.49991
[MOE_TRACE] Group:0 Prob:0.94908 Alpha:0.49993[MOE_TRACE] Group:0 Prob:0.94908 Alpha:0.49993

[MOE_TRACE] Group:1 Prob:0.61719 Alpha:0.49991
[MOE_TRACE] Group:1 Prob:0.61719 Alpha:0.49991
[MOE_TRACE] Group:2 Prob:0.99700 Alpha:0.49980
[MOE_TRACE] Group:0 Prob:0.94908 Alpha:0.49993
[MOE_TRACE] Group:2 Prob:0.99700 Alpha:0.49980
[MOE_TRACE] Group:2 Prob:0.99700 Alpha:0.49980[MOE_TRACE] Group:1 Prob:0.61719 Alpha:0.49991

[MOE_TRACE] Group:2 Prob:0.99700 Alpha:0.49980
[MOE_TRACE] Group:0 Prob:0.94818 Alpha:0.49993[MOE_TRACE] Group:0 Prob:0.94818 Alpha:0.49993

[MOE_TRACE] Group:0 Prob:0.94818 Alpha:0.49993
[MOE_TRACE] Group:1 Prob:0.61266 Alpha:0.49991
[MOE_TRACE] Group:1 Prob:0.61266 Alpha:0.49991
[MOE_TRACE] Group:1 Prob:0.61266 Alpha:0.49991
[MOE_TRACE] Group:0 Prob:0.94818 Alpha:0.49993
[MOE_TRACE] Group:2 Prob:0.99704 Alpha:0.49979
[MOE_TRACE] Group:2 Prob:0.99704 Alpha:0.49979
[MOE_TRACE] Group:2 Prob:0.99704 Alpha:0.49979
[MOE_TRACE] Group:1 Prob:0.61266 Alpha:0.49991
[MOE_TRACE] Group:2 Prob:0.99704 Alpha:0.49979
[MOE_TRACE] Group:0 Prob:0.94836 Alpha:0.49993
[MOE_TRACE] Group:1 Prob:0.61049 Alpha:0.49991
[MOE_TRACE] Group:0 Prob:0.94836 Alpha:0.49993
[MOE_TRACE] Group:0 Prob:0.94836 Alpha:0.49993
[MOE_TRACE] Group:0 Prob:0.94836 Alpha:0.49993[MOE_TRACE] Group:2 Prob:0.99707 Alpha:0.49979

[MOE_TRACE] Group:1 Prob:0.61049 Alpha:0.49991
[MOE_TRACE] Group:1 Prob:0.61049 Alpha:0.49991
[MOE_TRACE] Group:2 Prob:0.99707 Alpha:0.49979
[MOE_TRACE] Group:2 Prob:0.99707 Alpha:0.49979[MOE_TRACE] Group:1 Prob:0.61049 Alpha:0.49991
[MOE_TRACE] Group:2 Prob:0.99707 Alpha:0.49979

[MOE_TRACE] Group:0 Prob:0.94872 Alpha:0.49993
[MOE_TRACE] Group:1 Prob:0.61339 Alpha:0.49991
[MOE_TRACE] Group:2 Prob:0.99707 Alpha:0.49979
[MOE_TRACE] Group:0 Prob:0.94872 Alpha:0.49993
[MOE_TRACE] Group:1 Prob:0.61339 Alpha:0.49991
[MOE_TRACE] Group:2 Prob:0.99707 Alpha:0.49979
[MOE_TRACE] Group:0 Prob:0.94872 Alpha:0.49993
[MOE_TRACE] Group:1 Prob:0.61339 Alpha:0.49991
[MOE_TRACE] Group:0 Prob:0.94872 Alpha:0.49993
[MOE_TRACE] Group:2 Prob:0.99707 Alpha:0.49979
[MOE_TRACE] Group:1 Prob:0.61339 Alpha:0.49991
[MOE_TRACE] Group:2 Prob:0.99707 Alpha:0.49979
[MOE_TRACE] Group:0 Prob:0.94927 Alpha:0.49993
[MOE_TRACE] Group:0 Prob:0.94927 Alpha:0.49993
[MOE_TRACE] Group:1 Prob:0.61425 Alpha:0.49991
[MOE_TRACE] Group:0 Prob:0.94927 Alpha:0.49993
[MOE_TRACE] Group:1 Prob:0.61425 Alpha:0.49991
[MOE_TRACE] Group:0 Prob:0.94927 Alpha:0.49993
[MOE_TRACE] Group:2 Prob:0.99709 Alpha:0.49979
[MOE_TRACE] Group:1 Prob:0.61425 Alpha:0.49991
[MOE_TRACE] Group:2 Prob:0.99709 Alpha:0.49979
[MOE_TRACE] Group:2 Prob:0.99709 Alpha:0.49979
[MOE_TRACE] Group:1 Prob:0.61425 Alpha:0.49991
[MOE_TRACE] Group:2 Prob:0.99709 Alpha:0.49979
[MOE_TRACE] Group:0 Prob:0.94961 Alpha:0.49993
[MOE_TRACE] Group:0 Prob:0.94961 Alpha:0.49993
[MOE_TRACE] Group:0 Prob:0.94961 Alpha:0.49993
[MOE_TRACE] Group:1 Prob:0.61352 Alpha:0.49990
[MOE_TRACE] Group:1 Prob:0.61352 Alpha:0.49990
[MOE_TRACE] Group:0 Prob:0.94961 Alpha:0.49993[MOE_TRACE] Group:1 Prob:0.61352 Alpha:0.49990
[MOE_TRACE] Group:2 Prob:0.99705 Alpha:0.49979

[MOE_TRACE] Group:2 Prob:0.99705 Alpha:0.49979[MOE_TRACE] Group:2 Prob:0.99705 Alpha:0.49979

[MOE_TRACE] Group:1 Prob:0.61352 Alpha:0.49990
[MOE_TRACE] Group:2 Prob:0.99705 Alpha:0.49979
[MOE_TRACE] Group:0 Prob:0.94950 Alpha:0.49993
[MOE_TRACE] Group:1 Prob:0.61156 Alpha:0.49990
[MOE_TRACE] Group:0 Prob:0.94950 Alpha:0.49993
[MOE_TRACE] Group:2 Prob:0.99708 Alpha:0.49979
[MOE_TRACE] Group:1 Prob:0.61156 Alpha:0.49990
[MOE_TRACE] Group:2 Prob:0.99708 Alpha:0.49979
[MOE_TRACE] Group:0 Prob:0.94950 Alpha:0.49993
[MOE_TRACE] Group:1 Prob:0.61156 Alpha:0.49990
[MOE_TRACE] Group:2 Prob:0.99708 Alpha:0.49979
[MOE_TRACE] Group:0 Prob:0.94950 Alpha:0.49993
[MOE_TRACE] Group:1 Prob:0.61156 Alpha:0.49990
[MOE_TRACE] Group:2 Prob:0.99708 Alpha:0.49979
[MOE_TRACE] Group:0 Prob:0.94731 Alpha:0.49993
[MOE_TRACE] Group:0 Prob:0.94731 Alpha:0.49993
[MOE_TRACE] Group:0 Prob:0.94731 Alpha:0.49993
[MOE_TRACE] Group:1 Prob:0.60955 Alpha:0.49990
[MOE_TRACE] Group:0 Prob:0.94731 Alpha:0.49993
[MOE_TRACE] Group:1 Prob:0.60955 Alpha:0.49990
[MOE_TRACE] Group:1 Prob:0.60955 Alpha:0.49990
[MOE_TRACE] Group:2 Prob:0.99704 Alpha:0.49979
[MOE_TRACE] Group:2 Prob:0.99704 Alpha:0.49979
[MOE_TRACE] Group:2 Prob:0.99704 Alpha:0.49979
[MOE_TRACE] Group:1 Prob:0.60955 Alpha:0.49990
[MOE_TRACE] Group:2 Prob:0.99704 Alpha:0.49979
[MOE_TRACE] Group:0 Prob:0.94816 Alpha:0.49993
[MOE_TRACE] Group:0 Prob:0.94816 Alpha:0.49993
[MOE_TRACE] Group:1 Prob:0.61023 Alpha:0.49990
[MOE_TRACE] Group:1 Prob:0.61023 Alpha:0.49990
[MOE_TRACE] Group:0 Prob:0.94816 Alpha:0.49993
[MOE_TRACE] Group:1 Prob:0.61023 Alpha:0.49990
[MOE_TRACE] Group:0 Prob:0.94816 Alpha:0.49993
[MOE_TRACE] Group:1 Prob:0.61023 Alpha:0.49990
[MOE_TRACE] Group:2 Prob:0.99707 Alpha:0.49978
[MOE_TRACE] Group:0 Prob:0.94698 Alpha:0.49993
[MOE_TRACE] Group:0 Prob:0.94698 Alpha:0.49993[MOE_TRACE] Group:0 Prob:0.94698 Alpha:0.49993[MOE_TRACE] Group:1 Prob:0.60941 Alpha:0.49990


[MOE_TRACE] Group:2 Prob:0.99710 Alpha:0.49978
[MOE_TRACE] Group:1 Prob:0.60941 Alpha:0.49990[MOE_TRACE] Group:1 Prob:0.60941 Alpha:0.49990

[MOE_TRACE] Group:2 Prob:0.99710 Alpha:0.49978[MOE_TRACE] Group:0 Prob:0.94698 Alpha:0.49993
[MOE_TRACE] Group:2 Prob:0.99710 Alpha:0.49978

[MOE_TRACE] Group:1 Prob:0.60941 Alpha:0.49990
[MOE_TRACE] Group:2 Prob:0.99710 Alpha:0.49978
[MOE_TRACE] Group:0 Prob:0.94820 Alpha:0.49993
[MOE_TRACE] Group:0 Prob:0.94820 Alpha:0.49993
[MOE_TRACE] Group:0 Prob:0.94820 Alpha:0.49993
[MOE_TRACE] Group:1 Prob:0.60771 Alpha:0.49990
[MOE_TRACE] Group:1 Prob:0.60771 Alpha:0.49990
[MOE_TRACE] Group:1 Prob:0.60771 Alpha:0.49990
[MOE_TRACE] Group:2 Prob:0.99712 Alpha:0.49978
[MOE_TRACE] Group:2 Prob:0.99712 Alpha:0.49978
[MOE_TRACE] Group:2 Prob:0.99712 Alpha:0.49978
[MOE_TRACE] Group:0 Prob:0.94820 Alpha:0.49993
[MOE_TRACE] Group:1 Prob:0.60771 Alpha:0.49990
[MOE_TRACE] Group:2 Prob:0.99712 Alpha:0.49978
[MOE_TRACE] Group:0 Prob:0.94755 Alpha:0.49993
[MOE_TRACE] Group:0 Prob:0.94755 Alpha:0.49993
[MOE_TRACE] Group:0 Prob:0.94755 Alpha:0.49993
[MOE_TRACE] Group:0 Prob:0.94755 Alpha:0.49993[MOE_TRACE] Group:1 Prob:0.60334 Alpha:0.49990

[MOE_TRACE] Group:1 Prob:0.60334 Alpha:0.49990
[MOE_TRACE] Group:2 Prob:0.99715 Alpha:0.49978
[MOE_TRACE] Group:2 Prob:0.99715 Alpha:0.49978
[MOE_TRACE] Group:1 Prob:0.60334 Alpha:0.49990
[MOE_TRACE] Group:2 Prob:0.99715 Alpha:0.49978
[MOE_TRACE] Group:1 Prob:0.60334 Alpha:0.49990
[MOE_TRACE] Group:2 Prob:0.99715 Alpha:0.49978
[MOE_TRACE] Group:0 Prob:0.94709 Alpha:0.49994
[MOE_TRACE] Group:1 Prob:0.60226 Alpha:0.49990
[MOE_TRACE] Group:0 Prob:0.94709 Alpha:0.49994
[MOE_TRACE] Group:2 Prob:0.99716 Alpha:0.49978
[MOE_TRACE] Group:1 Prob:0.60226 Alpha:0.49990
[MOE_TRACE] Group:2 Prob:0.99716 Alpha:0.49978
[MOE_TRACE] Group:0 Prob:0.94709 Alpha:0.49994
[MOE_TRACE] Group:0 Prob:0.94709 Alpha:0.49994[MOE_TRACE] Group:1 Prob:0.60226 Alpha:0.49990

[MOE_TRACE] Group:1 Prob:0.60226 Alpha:0.49990[MOE_TRACE] Group:2 Prob:0.99716 Alpha:0.49978

[MOE_TRACE] Group:2 Prob:0.99716 Alpha:0.49978
[MOE_TRACE] Group:0 Prob:0.94576 Alpha:0.49994
[MOE_TRACE] Group:0 Prob:0.94576 Alpha:0.49994
[MOE_TRACE] Group:0 Prob:0.94576 Alpha:0.49994
[MOE_TRACE] Group:1 Prob:0.59936 Alpha:0.49990
[MOE_TRACE] Group:1 Prob:0.59936 Alpha:0.49990
[MOE_TRACE] Group:1 Prob:0.59936 Alpha:0.49990
[MOE_TRACE] Group:2 Prob:0.99714 Alpha:0.49978
[MOE_TRACE] Group:2 Prob:0.99714 Alpha:0.49978
[MOE_TRACE] Group:2 Prob:0.99714 Alpha:0.49978
[MOE_TRACE] Group:0 Prob:0.94576 Alpha:0.49994
[MOE_TRACE] Group:1 Prob:0.59936 Alpha:0.49990
[MOE_TRACE] Group:2 Prob:0.99714 Alpha:0.49978
[MOE_TRACE] Group:0 Prob:0.94528 Alpha:0.49995[MOE_TRACE] Group:0 Prob:0.94528 Alpha:0.49995

[MOE_TRACE] Group:0 Prob:0.94528 Alpha:0.49995
[MOE_TRACE] Group:0 Prob:0.94528 Alpha:0.49995
[MOE_TRACE] Group:1 Prob:0.59961 Alpha:0.49990[MOE_TRACE] Group:1 Prob:0.59961 Alpha:0.49990

[MOE_TRACE] Group:1 Prob:0.59961 Alpha:0.49990
[MOE_TRACE] Group:1 Prob:0.59961 Alpha:0.49990
[MOE_TRACE] Group:2 Prob:0.99717 Alpha:0.49978
[MOE_TRACE] Group:2 Prob:0.99717 Alpha:0.49978
[MOE_TRACE] Group:2 Prob:0.99717 Alpha:0.49978
[MOE_TRACE] Group:2 Prob:0.99717 Alpha:0.49978
[MOE_TRACE] Group:0 Prob:0.94630 Alpha:0.49995
[MOE_TRACE] Group:1 Prob:0.60419 Alpha:0.49990
[MOE_TRACE] Group:2 Prob:0.99718 Alpha:0.49977
[MOE_TRACE] Group:0 Prob:0.94630 Alpha:0.49995
[MOE_TRACE] Group:0 Prob:0.94630 Alpha:0.49995
[MOE_TRACE] Group:0 Prob:0.94630 Alpha:0.49995[MOE_TRACE] Group:1 Prob:0.60419 Alpha:0.49990

[MOE_TRACE] Group:2 Prob:0.99718 Alpha:0.49977
[MOE_TRACE] Group:1 Prob:0.60419 Alpha:0.49990
[MOE_TRACE] Group:1 Prob:0.60419 Alpha:0.49990
[MOE_TRACE] Group:2 Prob:0.99718 Alpha:0.49977
[MOE_TRACE] Group:2 Prob:0.99718 Alpha:0.49977
[MOE_TRACE] Group:0 Prob:0.94384 Alpha:0.49995
[MOE_TRACE] Group:0 Prob:0.94384 Alpha:0.49995
[MOE_TRACE] Group:1 Prob:0.60431 Alpha:0.49990
[MOE_TRACE] Group:1 Prob:0.60431 Alpha:0.49990
[MOE_TRACE] Group:0 Prob:0.94384 Alpha:0.49995
[MOE_TRACE] Group:0 Prob:0.94384 Alpha:0.49995
[MOE_TRACE] Group:2 Prob:0.99722 Alpha:0.49977
[MOE_TRACE] Group:2 Prob:0.99722 Alpha:0.49977
[MOE_TRACE] Group:1 Prob:0.60431 Alpha:0.49990
[MOE_TRACE] Group:2 Prob:0.99722 Alpha:0.49977
[MOE_TRACE] Group:1 Prob:0.60431 Alpha:0.49990
[MOE_TRACE] Group:2 Prob:0.99722 Alpha:0.49977
[MOE_TRACE] Group:0 Prob:0.94396 Alpha:0.49996
[MOE_TRACE] Group:0 Prob:0.94396 Alpha:0.49996
[MOE_TRACE] Group:0 Prob:0.94396 Alpha:0.49996
[MOE_TRACE] Group:1 Prob:0.60233 Alpha:0.49990
[MOE_TRACE] Group:1 Prob:0.60233 Alpha:0.49990
[MOE_TRACE] Group:1 Prob:0.60233 Alpha:0.49990
[MOE_TRACE] Group:2 Prob:0.99720 Alpha:0.49977
[MOE_TRACE] Group:2 Prob:0.99720 Alpha:0.49977[MOE_TRACE] Group:2 Prob:0.99720 Alpha:0.49977

[MOE_TRACE] Group:0 Prob:0.94396 Alpha:0.49996
[MOE_TRACE] Group:1 Prob:0.60233 Alpha:0.49990
[MOE_TRACE] Group:2 Prob:0.99720 Alpha:0.49977
[MOE_TRACE] Group:0 Prob:0.94248 Alpha:0.49996
[MOE_TRACE] Group:1 Prob:0.60470 Alpha:0.49990
[MOE_TRACE] Group:0 Prob:0.94248 Alpha:0.49996[MOE_TRACE] Group:0 Prob:0.94248 Alpha:0.49996

[MOE_TRACE] Group:1 Prob:0.60470 Alpha:0.49990
[MOE_TRACE] Group:1 Prob:0.60470 Alpha:0.49990
[MOE_TRACE] Group:0 Prob:0.94248 Alpha:0.49996
[MOE_TRACE] Group:1 Prob:0.60470 Alpha:0.49990
[MOE_TRACE] Group:2 Prob:0.99719 Alpha:0.49977
[MOE_TRACE] Group:0 Prob:0.94413 Alpha:0.49997
[MOE_TRACE] Group:0 Prob:0.94413 Alpha:0.49997
[MOE_TRACE] Group:0 Prob:0.94413 Alpha:0.49997
[MOE_TRACE] Group:0 Prob:0.94413 Alpha:0.49997[MOE_TRACE] Group:1 Prob:0.60508 Alpha:0.49990

[MOE_TRACE] Group:1 Prob:0.60508 Alpha:0.49990[MOE_TRACE] Group:1 Prob:0.60508 Alpha:0.49990

[MOE_TRACE] Group:1 Prob:0.60508 Alpha:0.49990[MOE_TRACE] Group:2 Prob:0.99719 Alpha:0.49977

[MOE_TRACE] Group:2 Prob:0.99719 Alpha:0.49977
[MOE_TRACE] Group:2 Prob:0.99719 Alpha:0.49977
[MOE_TRACE] Group:2 Prob:0.99719 Alpha:0.49977
[MOE_TRACE] Group:0 Prob:0.94309 Alpha:0.49997
[MOE_TRACE] Group:1 Prob:0.60630 Alpha:0.49991
[MOE_TRACE] Group:2 Prob:0.99722 Alpha:0.49977
[MOE_TRACE] Group:0 Prob:0.94309 Alpha:0.49997
[MOE_TRACE] Group:0 Prob:0.94309 Alpha:0.49997[MOE_TRACE] Group:1 Prob:0.60630 Alpha:0.49991

[MOE_TRACE] Group:1 Prob:0.60630 Alpha:0.49991
[MOE_TRACE] Group:2 Prob:0.99722 Alpha:0.49977
[MOE_TRACE] Group:2 Prob:0.99722 Alpha:0.49977
[MOE_TRACE] Group:0 Prob:0.94309 Alpha:0.49997
[MOE_TRACE] Group:1 Prob:0.60630 Alpha:0.49991
[MOE_TRACE] Group:2 Prob:0.99722 Alpha:0.49977
[MOE_TRACE] Group:0 Prob:0.94116 Alpha:0.49998
[MOE_TRACE] Group:0 Prob:0.94116 Alpha:0.49998
[MOE_TRACE] Group:0 Prob:0.94116 Alpha:0.49998
[MOE_TRACE] Group:1 Prob:0.60428 Alpha:0.49991
[MOE_TRACE] Group:1 Prob:0.60428 Alpha:0.49991
[MOE_TRACE] Group:0 Prob:0.94116 Alpha:0.49998[MOE_TRACE] Group:2 Prob:0.99724 Alpha:0.49977[MOE_TRACE] Group:1 Prob:0.60428 Alpha:0.49991
[MOE_TRACE] Group:2 Prob:0.99724 Alpha:0.49977


[MOE_TRACE] Group:2 Prob:0.99724 Alpha:0.49977
[MOE_TRACE] Group:1 Prob:0.60428 Alpha:0.49991
[MOE_TRACE] Group:2 Prob:0.99724 Alpha:0.49977
[MOE_TRACE] Group:0 Prob:0.94162 Alpha:0.49998
[MOE_TRACE] Group:1 Prob:0.60835 Alpha:0.49991
[MOE_TRACE] Group:2 Prob:0.99722 Alpha:0.49977
[MOE_TRACE] Group:0 Prob:0.94162 Alpha:0.49998
[MOE_TRACE] Group:0 Prob:0.94162 Alpha:0.49998
[MOE_TRACE] Group:1 Prob:0.60835 Alpha:0.49991
[MOE_TRACE] Group:0 Prob:0.94162 Alpha:0.49998
[MOE_TRACE] Group:1 Prob:0.60835 Alpha:0.49991
[MOE_TRACE] Group:2 Prob:0.99722 Alpha:0.49977
[MOE_TRACE] Group:2 Prob:0.99722 Alpha:0.49977
[MOE_TRACE] Group:1 Prob:0.60835 Alpha:0.49991
[MOE_TRACE] Group:2 Prob:0.99722 Alpha:0.49977
[MOE_TRACE] Group:0 Prob:0.93735 Alpha:0.49999
[MOE_TRACE] Group:0 Prob:0.93735 Alpha:0.49999
[MOE_TRACE] Group:1 Prob:0.60581 Alpha:0.49991
[MOE_TRACE] Group:1 Prob:0.60581 Alpha:0.49991
[MOE_TRACE] Group:2 Prob:0.99722 Alpha:0.49977
[MOE_TRACE] Group:2 Prob:0.99722 Alpha:0.49977
[MOE_TRACE] Group:0 Prob:0.93735 Alpha:0.49999
[MOE_TRACE] Group:1 Prob:0.60581 Alpha:0.49991
[MOE_TRACE] Group:2 Prob:0.99722 Alpha:0.49977
[MOE_TRACE] Group:0 Prob:0.93735 Alpha:0.49999
[MOE_TRACE] Group:1 Prob:0.60581 Alpha:0.49991
[MOE_TRACE] Group:2 Prob:0.99722 Alpha:0.49977
[MOE_TRACE] Group:0 Prob:0.93517 Alpha:0.50000
[MOE_TRACE] Group:0 Prob:0.93517 Alpha:0.50000
[MOE_TRACE] Group:0 Prob:0.93517 Alpha:0.50000[MOE_TRACE] Group:1 Prob:0.61297 Alpha:0.49991

[MOE_TRACE] Group:0 Prob:0.93517 Alpha:0.50000[MOE_TRACE] Group:1 Prob:0.61297 Alpha:0.49991

[MOE_TRACE] Group:1 Prob:0.61297 Alpha:0.49991
[MOE_TRACE] Group:2 Prob:0.99721 Alpha:0.49977
[MOE_TRACE] Group:2 Prob:0.99721 Alpha:0.49977
[MOE_TRACE] Group:2 Prob:0.99721 Alpha:0.49977[MOE_TRACE] Group:1 Prob:0.61297 Alpha:0.49991

[MOE_TRACE] Group:2 Prob:0.99721 Alpha:0.49977
[MOE_TRACE] Group:0 Prob:0.93547 Alpha:0.50000
[MOE_TRACE] Group:0 Prob:0.93547 Alpha:0.50000
[MOE_TRACE] Group:0 Prob:0.93547 Alpha:0.50000
[MOE_TRACE] Group:1 Prob:0.61157 Alpha:0.49991
[MOE_TRACE] Group:1 Prob:0.61157 Alpha:0.49991
[MOE_TRACE] Group:0 Prob:0.93547 Alpha:0.50000
[MOE_TRACE] Group:1 Prob:0.61157 Alpha:0.49991
[MOE_TRACE] Group:2 Prob:0.99721 Alpha:0.49977
[MOE_TRACE] Group:2 Prob:0.99721 Alpha:0.49977
[MOE_TRACE] Group:1 Prob:0.61157 Alpha:0.49991
[MOE_TRACE] Group:2 Prob:0.99721 Alpha:0.49977
[MOE_TRACE] Group:2 Prob:0.99721 Alpha:0.49977
[MOE_TRACE] Group:0 Prob:0.93671 Alpha:0.50000
[MOE_TRACE] Group:0 Prob:0.93671 Alpha:0.50000
[MOE_TRACE] Group:1 Prob:0.61234 Alpha:0.49991
[MOE_TRACE] Group:1 Prob:0.61234 Alpha:0.49991
[MOE_TRACE] Group:2 Prob:0.99721 Alpha:0.49977
[MOE_TRACE] Group:2 Prob:0.99721 Alpha:0.49977
[MOE_TRACE] Group:0 Prob:0.93671 Alpha:0.50000
[MOE_TRACE] Group:0 Prob:0.93671 Alpha:0.50000[MOE_TRACE] Group:1 Prob:0.61234 Alpha:0.49991

[MOE_TRACE] Group:1 Prob:0.61234 Alpha:0.49991
[MOE_TRACE] Group:2 Prob:0.99721 Alpha:0.49977
[MOE_TRACE] Group:2 Prob:0.99721 Alpha:0.49977
[MOE_TRACE] Group:0 Prob:0.93480 Alpha:0.50001
[MOE_TRACE] Group:0 Prob:0.93480 Alpha:0.50001[MOE_TRACE] Group:0 Prob:0.93480 Alpha:0.50001

[MOE_TRACE] Group:1 Prob:0.61378 Alpha:0.49991
[MOE_TRACE] Group:1 Prob:0.61378 Alpha:0.49991[MOE_TRACE] Group:1 Prob:0.61378 Alpha:0.49991

[MOE_TRACE] Group:0 Prob:0.93480 Alpha:0.50001
[MOE_TRACE] Group:1 Prob:0.61378 Alpha:0.49991
[MOE_TRACE] Group:2 Prob:0.99720 Alpha:0.49977
[MOE_TRACE] Group:0 Prob:0.93360 Alpha:0.50002
[MOE_TRACE] Group:0 Prob:0.93360 Alpha:0.50002[MOE_TRACE] Group:1 Prob:0.61178 Alpha:0.49991

[MOE_TRACE] Group:0 Prob:0.93360 Alpha:0.50002
[MOE_TRACE] Group:1 Prob:0.61178 Alpha:0.49991
[MOE_TRACE] Group:1 Prob:0.61178 Alpha:0.49991
[MOE_TRACE] Group:2 Prob:0.99717 Alpha:0.49977
[MOE_TRACE] Group:0 Prob:0.93360 Alpha:0.50002
[MOE_TRACE] Group:2 Prob:0.99717 Alpha:0.49977
[MOE_TRACE] Group:2 Prob:0.99717 Alpha:0.49977
[MOE_TRACE] Group:1 Prob:0.61178 Alpha:0.49991
[MOE_TRACE] Group:2 Prob:0.99717 Alpha:0.49977
[MOE_TRACE] Group:0 Prob:0.93485 Alpha:0.50003
[MOE_TRACE] Group:0 Prob:0.93485 Alpha:0.50003
[MOE_TRACE] Group:0 Prob:0.93485 Alpha:0.50003
[MOE_TRACE] Group:0 Prob:0.93485 Alpha:0.50003[MOE_TRACE] Group:1 Prob:0.61210 Alpha:0.49991

[MOE_TRACE] Group:1 Prob:0.61210 Alpha:0.49991[MOE_TRACE] Group:1 Prob:0.61210 Alpha:0.49991

[MOE_TRACE] Group:1 Prob:0.61210 Alpha:0.49991
[MOE_TRACE] Group:2 Prob:0.99718 Alpha:0.49977
[MOE_TRACE] Group:2 Prob:0.99718 Alpha:0.49977[MOE_TRACE] Group:2 Prob:0.99718 Alpha:0.49977

[MOE_TRACE] Group:2 Prob:0.99718 Alpha:0.49977
[MOE_TRACE] Group:0 Prob:0.93082 Alpha:0.50002
[MOE_TRACE] Group:0 Prob:0.93082 Alpha:0.50002
[MOE_TRACE] Group:0 Prob:0.93082 Alpha:0.50002[MOE_TRACE] Group:1 Prob:0.61595 Alpha:0.49991

[MOE_TRACE] Group:1 Prob:0.61595 Alpha:0.49991
[MOE_TRACE] Group:2 Prob:0.99718 Alpha:0.49977
[MOE_TRACE] Group:1 Prob:0.61595 Alpha:0.49991
[MOE_TRACE] Group:2 Prob:0.99718 Alpha:0.49977
[MOE_TRACE] Group:2 Prob:0.99718 Alpha:0.49977
[MOE_TRACE] Group:0 Prob:0.93082 Alpha:0.50002
[MOE_TRACE] Group:1 Prob:0.61595 Alpha:0.49991
[MOE_TRACE] Group:2 Prob:0.99718 Alpha:0.49977
[MOE_TRACE] Group:0 Prob:0.93143 Alpha:0.50002
[MOE_TRACE] Group:0 Prob:0.93143 Alpha:0.50002
[MOE_TRACE] Group:0 Prob:0.93143 Alpha:0.50002[MOE_TRACE] Group:1 Prob:0.61753 Alpha:0.49991

[MOE_TRACE] Group:1 Prob:0.61753 Alpha:0.49991
[MOE_TRACE] Group:1 Prob:0.61753 Alpha:0.49991
[MOE_TRACE] Group:0 Prob:0.93143 Alpha:0.50002
[MOE_TRACE] Group:2 Prob:0.99718 Alpha:0.49977[MOE_TRACE] Group:2 Prob:0.99718 Alpha:0.49977[MOE_TRACE] Group:2 Prob:0.99718 Alpha:0.49977


[MOE_TRACE] Group:1 Prob:0.61753 Alpha:0.49991
[MOE_TRACE] Group:2 Prob:0.99718 Alpha:0.49977
[MOE_TRACE] Group:0 Prob:0.93108 Alpha:0.50003
[MOE_TRACE] Group:1 Prob:0.61776 Alpha:0.49991
[MOE_TRACE] Group:0 Prob:0.93108 Alpha:0.50003[MOE_TRACE] Group:0 Prob:0.93108 Alpha:0.50003

[MOE_TRACE] Group:0 Prob:0.93108 Alpha:0.50003[MOE_TRACE] Group:1 Prob:0.61776 Alpha:0.49991[MOE_TRACE] Group:2 Prob:0.99712 Alpha:0.49978


[MOE_TRACE] Group:1 Prob:0.61776 Alpha:0.49991
[MOE_TRACE] Group:1 Prob:0.61776 Alpha:0.49991
[MOE_TRACE] Group:2 Prob:0.99712 Alpha:0.49978
[MOE_TRACE] Group:2 Prob:0.99712 Alpha:0.49978
[MOE_TRACE] Group:2 Prob:0.99712 Alpha:0.49978
[MOE_TRACE] Group:0 Prob:0.92814 Alpha:0.50004
[MOE_TRACE] Group:1 Prob:0.61544 Alpha:0.49991
[MOE_TRACE] Group:0 Prob:0.92814 Alpha:0.50004
[MOE_TRACE] Group:2 Prob:0.99710 Alpha:0.49978
[MOE_TRACE] Group:1 Prob:0.61544 Alpha:0.49991
[MOE_TRACE] Group:2 Prob:0.99710 Alpha:0.49978
[MOE_TRACE] Group:0 Prob:0.92814 Alpha:0.50004
[MOE_TRACE] Group:1 Prob:0.61544 Alpha:0.49991
[MOE_TRACE] Group:2 Prob:0.99710 Alpha:0.49978
[MOE_TRACE] Group:0 Prob:0.92814 Alpha:0.50004
[MOE_TRACE] Group:1 Prob:0.61544 Alpha:0.49991
[MOE_TRACE] Group:2 Prob:0.99710 Alpha:0.49978
[MOE_TRACE] Group:0 Prob:0.92844 Alpha:0.50004
[MOE_TRACE] Group:1 Prob:0.61477 Alpha:0.49991
[MOE_TRACE] Group:2 Prob:0.99713 Alpha:0.49978
[MOE_TRACE] Group:0 Prob:0.92844 Alpha:0.50004
[MOE_TRACE] Group:1 Prob:0.61477 Alpha:0.49991
[MOE_TRACE] Group:0 Prob:0.92844 Alpha:0.50004[MOE_TRACE] Group:2 Prob:0.99713 Alpha:0.49978[MOE_TRACE] Group:0 Prob:0.92844 Alpha:0.50004


[MOE_TRACE] Group:1 Prob:0.61477 Alpha:0.49991[MOE_TRACE] Group:1 Prob:0.61477 Alpha:0.49991

[MOE_TRACE] Group:2 Prob:0.99713 Alpha:0.49978[MOE_TRACE] Group:2 Prob:0.99713 Alpha:0.49978

[MOE_TRACE] Group:0 Prob:0.92907 Alpha:0.50004[MOE_TRACE] Group:0 Prob:0.92907 Alpha:0.50004

[MOE_TRACE] Group:0 Prob:0.92907 Alpha:0.50004
[MOE_TRACE] Group:1 Prob:0.61579 Alpha:0.49991
[MOE_TRACE] Group:1 Prob:0.61579 Alpha:0.49991
[MOE_TRACE] Group:1 Prob:0.61579 Alpha:0.49991
[MOE_TRACE] Group:2 Prob:0.99716 Alpha:0.49977
[MOE_TRACE] Group:0 Prob:0.92907 Alpha:0.50004
[MOE_TRACE] Group:2 Prob:0.99716 Alpha:0.49977
[MOE_TRACE] Group:2 Prob:0.99716 Alpha:0.49977
[MOE_TRACE] Group:1 Prob:0.61579 Alpha:0.49991
[MOE_TRACE] Group:2 Prob:0.99716 Alpha:0.49977
[MOE_TRACE] Group:0 Prob:0.92786 Alpha:0.50004
[MOE_TRACE] Group:0 Prob:0.92786 Alpha:0.50004[MOE_TRACE] Group:0 Prob:0.92786 Alpha:0.50004
[MOE_TRACE] Group:1 Prob:0.61548 Alpha:0.49991

[MOE_TRACE] Group:1 Prob:0.61548 Alpha:0.49991[MOE_TRACE] Group:1 Prob:0.61548 Alpha:0.49991

[MOE_TRACE] Group:0 Prob:0.92786 Alpha:0.50004
[MOE_TRACE] Group:2 Prob:0.99715 Alpha:0.49977
[MOE_TRACE] Group:2 Prob:0.99715 Alpha:0.49977[MOE_TRACE] Group:1 Prob:0.61548 Alpha:0.49991

[MOE_TRACE] Group:2 Prob:0.99715 Alpha:0.49977
[MOE_TRACE] Group:2 Prob:0.99715 Alpha:0.49977
[MOE_TRACE] Group:0 Prob:0.92769 Alpha:0.50005[MOE_TRACE] Group:0 Prob:0.92769 Alpha:0.50005

[MOE_TRACE] Group:0 Prob:0.92769 Alpha:0.50005[MOE_TRACE] Group:1 Prob:0.61446 Alpha:0.49991[MOE_TRACE] Group:1 Prob:0.61446 Alpha:0.49991


[MOE_TRACE] Group:1 Prob:0.61446 Alpha:0.49991[MOE_TRACE] Group:2 Prob:0.99715 Alpha:0.49977
[MOE_TRACE] Group:2 Prob:0.99715 Alpha:0.49977

[MOE_TRACE] Group:0 Prob:0.92769 Alpha:0.50005[MOE_TRACE] Group:2 Prob:0.99715 Alpha:0.49977

[MOE_TRACE] Group:1 Prob:0.61446 Alpha:0.49991
[MOE_TRACE] Group:2 Prob:0.99715 Alpha:0.49977
[MOE_TRACE] Group:0 Prob:0.92632 Alpha:0.50006
[MOE_TRACE] Group:0 Prob:0.92632 Alpha:0.50006
[MOE_TRACE] Group:0 Prob:0.92632 Alpha:0.50006
[MOE_TRACE] Group:0 Prob:0.92632 Alpha:0.50006
[MOE_TRACE] Group:1 Prob:0.61366 Alpha:0.49991
[MOE_TRACE] Group:1 Prob:0.61366 Alpha:0.49991
[MOE_TRACE] Group:1 Prob:0.61366 Alpha:0.49991
[MOE_TRACE] Group:2 Prob:0.99715 Alpha:0.49977[MOE_TRACE] Group:2 Prob:0.99715 Alpha:0.49977

[MOE_TRACE] Group:2 Prob:0.99715 Alpha:0.49977[MOE_TRACE] Group:1 Prob:0.61366 Alpha:0.49991

[MOE_TRACE] Group:2 Prob:0.99715 Alpha:0.49977
[MOE_TRACE] Group:0 Prob:0.92780 Alpha:0.50006
[MOE_TRACE] Group:1 Prob:0.60883 Alpha:0.49991
[MOE_TRACE] Group:2 Prob:0.99717 Alpha:0.49977
[MOE_TRACE] Group:0 Prob:0.92780 Alpha:0.50006
[MOE_TRACE] Group:0 Prob:0.92780 Alpha:0.50006
[MOE_TRACE] Group:1 Prob:0.60883 Alpha:0.49991
[MOE_TRACE] Group:1 Prob:0.60883 Alpha:0.49991
[MOE_TRACE] Group:0 Prob:0.92780 Alpha:0.50006
[MOE_TRACE] Group:2 Prob:0.99717 Alpha:0.49977
[MOE_TRACE] Group:2 Prob:0.99717 Alpha:0.49977
[MOE_TRACE] Group:1 Prob:0.60883 Alpha:0.49991
[MOE_TRACE] Group:2 Prob:0.99717 Alpha:0.49977
[MOE_TRACE] Group:0 Prob:0.92548 Alpha:0.50006[MOE_TRACE] Group:0 Prob:0.92548 Alpha:0.50006

[MOE_TRACE] Group:0 Prob:0.92548 Alpha:0.50006
[MOE_TRACE] Group:1 Prob:0.61293 Alpha:0.49991[MOE_TRACE] Group:1 Prob:0.61293 Alpha:0.49991

[MOE_TRACE] Group:1 Prob:0.61293 Alpha:0.49991
[MOE_TRACE] Group:2 Prob:0.99720 Alpha:0.49977
[MOE_TRACE] Group:2 Prob:0.99720 Alpha:0.49977
[MOE_TRACE] Group:0 Prob:0.92548 Alpha:0.50006[MOE_TRACE] Group:2 Prob:0.99720 Alpha:0.49977

[MOE_TRACE] Group:1 Prob:0.61293 Alpha:0.49991
[MOE_TRACE] Group:2 Prob:0.99720 Alpha:0.49977
[MOE_TRACE] Group:0 Prob:0.92548 Alpha:0.50006[MOE_TRACE] Group:0 Prob:0.92548 Alpha:0.50006

[MOE_TRACE] Group:0 Prob:0.92548 Alpha:0.50006
[MOE_TRACE] Group:0 Prob:0.92548 Alpha:0.50006
[MOE_TRACE] Group:1 Prob:0.61249 Alpha:0.49991[MOE_TRACE] Group:1 Prob:0.61249 Alpha:0.49991
[MOE_TRACE] Group:1 Prob:0.61249 Alpha:0.49991[MOE_TRACE] Group:1 Prob:0.61249 Alpha:0.49991


[MOE_TRACE] Group:2 Prob:0.99719 Alpha:0.49976[MOE_TRACE] Group:2 Prob:0.99719 Alpha:0.49976[MOE_TRACE] Group:2 Prob:0.99719 Alpha:0.49976


[MOE_TRACE] Group:2 Prob:0.99719 Alpha:0.49976
[MOE_TRACE] Group:0 Prob:0.92422 Alpha:0.50007
[MOE_TRACE] Group:0 Prob:0.92422 Alpha:0.50007
[MOE_TRACE] Group:1 Prob:0.60957 Alpha:0.49991
[MOE_TRACE] Group:1 Prob:0.60957 Alpha:0.49991
[MOE_TRACE] Group:0 Prob:0.92422 Alpha:0.50007
[MOE_TRACE] Group:1 Prob:0.60957 Alpha:0.49991
[MOE_TRACE] Group:0 Prob:0.92422 Alpha:0.50007
[MOE_TRACE] Group:1 Prob:0.60957 Alpha:0.49991
[MOE_TRACE] Group:2 Prob:0.99718 Alpha:0.49976
[MOE_TRACE] Group:0 Prob:0.92521 Alpha:0.50007[MOE_TRACE] Group:0 Prob:0.92521 Alpha:0.50007

[MOE_TRACE] Group:1 Prob:0.60942 Alpha:0.49991
[MOE_TRACE] Group:1 Prob:0.60942 Alpha:0.49991
[MOE_TRACE] Group:0 Prob:0.92521 Alpha:0.50007
[MOE_TRACE] Group:1 Prob:0.60942 Alpha:0.49991
[MOE_TRACE] Group:0 Prob:0.92521 Alpha:0.50007
[MOE_TRACE] Group:1 Prob:0.60942 Alpha:0.49991
[MOE_TRACE] Group:2 Prob:0.99722 Alpha:0.49976
[MOE_TRACE] Group:0 Prob:0.92216 Alpha:0.50008
[MOE_TRACE] Group:0 Prob:0.92216 Alpha:0.50008
[MOE_TRACE] Group:1 Prob:0.60592 Alpha:0.49991
[MOE_TRACE] Group:0 Prob:0.92216 Alpha:0.50008
[MOE_TRACE] Group:1 Prob:0.60592 Alpha:0.49991
[MOE_TRACE] Group:2 Prob:0.99723 Alpha:0.49976
[MOE_TRACE] Group:2 Prob:0.99723 Alpha:0.49976
[MOE_TRACE] Group:1 Prob:0.60592 Alpha:0.49991
[MOE_TRACE] Group:2 Prob:0.99723 Alpha:0.49976
[MOE_TRACE] Group:0 Prob:0.92216 Alpha:0.50008
[MOE_TRACE] Group:1 Prob:0.60592 Alpha:0.49991
[MOE_TRACE] Group:2 Prob:0.99723 Alpha:0.49976
[MOE_TRACE] Group:0 Prob:0.92034 Alpha:0.50009
[MOE_TRACE] Group:0 Prob:0.92034 Alpha:0.50009[MOE_TRACE] Group:0 Prob:0.92034 Alpha:0.50009

[MOE_TRACE] Group:1 Prob:0.60179 Alpha:0.49991
[MOE_TRACE] Group:1 Prob:0.60179 Alpha:0.49991
[MOE_TRACE] Group:1 Prob:0.60179 Alpha:0.49991
[MOE_TRACE] Group:2 Prob:0.99717 Alpha:0.49976
[MOE_TRACE] Group:2 Prob:0.99717 Alpha:0.49976
[MOE_TRACE] Group:2 Prob:0.99717 Alpha:0.49976
[MOE_TRACE] Group:0 Prob:0.92034 Alpha:0.50009
[MOE_TRACE] Group:1 Prob:0.60179 Alpha:0.49991
[MOE_TRACE] Group:2 Prob:0.99717 Alpha:0.49976
[MOE_TRACE] Group:0 Prob:0.91917 Alpha:0.50010
[MOE_TRACE] Group:1 Prob:0.60197 Alpha:0.49991
[MOE_TRACE] Group:0 Prob:0.91917 Alpha:0.50010
[MOE_TRACE] Group:2 Prob:0.99721 Alpha:0.49976
[MOE_TRACE] Group:1 Prob:0.60197 Alpha:0.49991
[MOE_TRACE] Group:0 Prob:0.91917 Alpha:0.50010
[MOE_TRACE] Group:1 Prob:0.60197 Alpha:0.49991
[MOE_TRACE] Group:2 Prob:0.99721 Alpha:0.49976
[MOE_TRACE] Group:2 Prob:0.99721 Alpha:0.49976
[MOE_TRACE] Group:0 Prob:0.91917 Alpha:0.50010
[MOE_TRACE] Group:1 Prob:0.60197 Alpha:0.49991
[MOE_TRACE] Group:2 Prob:0.99721 Alpha:0.49976
[MOE_TRACE] Group:0 Prob:0.91939 Alpha:0.50009[MOE_TRACE] Group:0 Prob:0.91939 Alpha:0.50009

[MOE_TRACE] Group:1 Prob:0.60815 Alpha:0.49991[MOE_TRACE] Group:1 Prob:0.60815 Alpha:0.49991
[MOE_TRACE] Group:0 Prob:0.91939 Alpha:0.50009

[MOE_TRACE] Group:2 Prob:0.99720 Alpha:0.49976
[MOE_TRACE] Group:2 Prob:0.99720 Alpha:0.49976[MOE_TRACE] Group:1 Prob:0.60815 Alpha:0.49991

[MOE_TRACE] Group:2 Prob:0.99720 Alpha:0.49976
[MOE_TRACE] Group:0 Prob:0.91939 Alpha:0.50009
[MOE_TRACE] Group:1 Prob:0.60815 Alpha:0.49991
[MOE_TRACE] Group:2 Prob:0.99720 Alpha:0.49976
[MOE_TRACE] Group:0 Prob:0.92143 Alpha:0.50009[MOE_TRACE] Group:0 Prob:0.92143 Alpha:0.50009

[MOE_TRACE] Group:0 Prob:0.92143 Alpha:0.50009
[MOE_TRACE] Group:1 Prob:0.60601 Alpha:0.49991[MOE_TRACE] Group:1 Prob:0.60601 Alpha:0.49991

[MOE_TRACE] Group:1 Prob:0.60601 Alpha:0.49991
[MOE_TRACE] Group:2 Prob:0.99719 Alpha:0.49976
[MOE_TRACE] Group:2 Prob:0.99719 Alpha:0.49976
[MOE_TRACE] Group:2 Prob:0.99719 Alpha:0.49976
[MOE_TRACE] Group:0 Prob:0.92143 Alpha:0.50009
[MOE_TRACE] Group:1 Prob:0.60601 Alpha:0.49991
[MOE_TRACE] Group:2 Prob:0.99719 Alpha:0.49976
[MOE_TRACE] Group:0 Prob:0.91881 Alpha:0.50010
[MOE_TRACE] Group:0 Prob:0.91881 Alpha:0.50010[MOE_TRACE] Group:1 Prob:0.60117 Alpha:0.49991

[MOE_TRACE] Group:1 Prob:0.60117 Alpha:0.49991[MOE_TRACE] Group:2 Prob:0.99723 Alpha:0.49976

[MOE_TRACE] Group:2 Prob:0.99723 Alpha:0.49976
[MOE_TRACE] Group:0 Prob:0.91881 Alpha:0.50010
[MOE_TRACE] Group:1 Prob:0.60117 Alpha:0.49991
[MOE_TRACE] Group:2 Prob:0.99723 Alpha:0.49976
[MOE_TRACE] Group:0 Prob:0.91881 Alpha:0.50010
[MOE_TRACE] Group:1 Prob:0.60117 Alpha:0.49991
[MOE_TRACE] Group:2 Prob:0.99723 Alpha:0.49976
[MOE_TRACE] Group:0 Prob:0.91471 Alpha:0.50012[MOE_TRACE] Group:0 Prob:0.91471 Alpha:0.50012

[MOE_TRACE] Group:1 Prob:0.60050 Alpha:0.49991
[MOE_TRACE] Group:1 Prob:0.60050 Alpha:0.49991
[MOE_TRACE] Group:0 Prob:0.91471 Alpha:0.50012
[MOE_TRACE] Group:1 Prob:0.60050 Alpha:0.49991
[MOE_TRACE] Group:2 Prob:0.99719 Alpha:0.49976
[MOE_TRACE] Group:0 Prob:0.91471 Alpha:0.50012
[MOE_TRACE] Group:1 Prob:0.60050 Alpha:0.49991
[MOE_TRACE] Group:2 Prob:0.99719 Alpha:0.49976
[MOE_TRACE] Group:0 Prob:0.91632 Alpha:0.50012[MOE_TRACE] Group:0 Prob:0.91632 Alpha:0.50012

[MOE_TRACE] Group:1 Prob:0.60139 Alpha:0.49991[MOE_TRACE] Group:1 Prob:0.60139 Alpha:0.49991

[MOE_TRACE] Group:0 Prob:0.91632 Alpha:0.50012
[MOE_TRACE] Group:2 Prob:0.99724 Alpha:0.49976
[MOE_TRACE] Group:2 Prob:0.99724 Alpha:0.49976
[MOE_TRACE] Group:1 Prob:0.60139 Alpha:0.49991
[MOE_TRACE] Group:2 Prob:0.99724 Alpha:0.49976
[MOE_TRACE] Group:0 Prob:0.91632 Alpha:0.50012
[MOE_TRACE] Group:1 Prob:0.60139 Alpha:0.49991
[MOE_TRACE] Group:2 Prob:0.99724 Alpha:0.49976
[MOE_TRACE] Group:0 Prob:0.91526 Alpha:0.50012
[MOE_TRACE] Group:1 Prob:0.60163 Alpha:0.49991
[MOE_TRACE] Group:0 Prob:0.91526 Alpha:0.50012
[MOE_TRACE] Group:2 Prob:0.99725 Alpha:0.49976
[MOE_TRACE] Group:1 Prob:0.60163 Alpha:0.49991
[MOE_TRACE] Group:2 Prob:0.99725 Alpha:0.49976
[MOE_TRACE] Group:0 Prob:0.91526 Alpha:0.50012
[MOE_TRACE] Group:1 Prob:0.60163 Alpha:0.49991
[MOE_TRACE] Group:2 Prob:0.99725 Alpha:0.49976
[MOE_TRACE] Group:0 Prob:0.91526 Alpha:0.50012
[MOE_TRACE] Group:1 Prob:0.60163 Alpha:0.49991
[MOE_TRACE] Group:2 Prob:0.99725 Alpha:0.49976
[MOE_TRACE] Group:0 Prob:0.91437 Alpha:0.50012
[MOE_TRACE] Group:0 Prob:0.91437 Alpha:0.50012
[MOE_TRACE] Group:0 Prob:0.91437 Alpha:0.50012
[MOE_TRACE] Group:1 Prob:0.60768 Alpha:0.49991
[MOE_TRACE] Group:1 Prob:0.60768 Alpha:0.49991[MOE_TRACE] Group:1 Prob:0.60768 Alpha:0.49991

[MOE_TRACE] Group:2 Prob:0.99730 Alpha:0.49975
[MOE_TRACE] Group:2 Prob:0.99730 Alpha:0.49975
[MOE_TRACE] Group:2 Prob:0.99730 Alpha:0.49975
[MOE_TRACE] Group:0 Prob:0.91437 Alpha:0.50012
[MOE_TRACE] Group:1 Prob:0.60768 Alpha:0.49991
[MOE_TRACE] Group:2 Prob:0.99730 Alpha:0.49975
[MOE_TRACE] Group:0 Prob:0.91156 Alpha:0.50012
[MOE_TRACE] Group:0 Prob:0.91156 Alpha:0.50012
[MOE_TRACE] Group:1 Prob:0.60008 Alpha:0.49991
[MOE_TRACE] Group:1 Prob:0.60008 Alpha:0.49991
[MOE_TRACE] Group:0 Prob:0.91156 Alpha:0.50012
[MOE_TRACE] Group:2 Prob:0.99724 Alpha:0.49975
[MOE_TRACE] Group:2 Prob:0.99724 Alpha:0.49975
[MOE_TRACE] Group:1 Prob:0.60008 Alpha:0.49991
[MOE_TRACE] Group:2 Prob:0.99724 Alpha:0.49975
[MOE_TRACE] Group:0 Prob:0.91156 Alpha:0.50012
[MOE_TRACE] Group:1 Prob:0.60008 Alpha:0.49991
[MOE_TRACE] Group:2 Prob:0.99724 Alpha:0.49975
[MOE_TRACE] Group:0 Prob:0.91260 Alpha:0.50013
[MOE_TRACE] Group:0 Prob:0.91260 Alpha:0.50013
[MOE_TRACE] Group:0 Prob:0.91260 Alpha:0.50013
[MOE_TRACE] Group:1 Prob:0.59599 Alpha:0.49991[MOE_TRACE] Group:1 Prob:0.59599 Alpha:0.49991[MOE_TRACE] Group:1 Prob:0.59599 Alpha:0.49991


[MOE_TRACE] Group:2 Prob:0.99724 Alpha:0.49975[MOE_TRACE] Group:2 Prob:0.99724 Alpha:0.49975

[MOE_TRACE] Group:2 Prob:0.99724 Alpha:0.49975
[MOE_TRACE] Group:0 Prob:0.91260 Alpha:0.50013
[MOE_TRACE] Group:1 Prob:0.59599 Alpha:0.49991
[MOE_TRACE] Group:2 Prob:0.99724 Alpha:0.49975
[MOE_TRACE] Group:0 Prob:0.91127 Alpha:0.50015
[MOE_TRACE] Group:0 Prob:0.91127 Alpha:0.50015
[MOE_TRACE] Group:1 Prob:0.59868 Alpha:0.49991
[MOE_TRACE] Group:0 Prob:0.91127 Alpha:0.50015
[MOE_TRACE] Group:1 Prob:0.59868 Alpha:0.49991
[MOE_TRACE] Group:2 Prob:0.99724 Alpha:0.49975
[MOE_TRACE] Group:1 Prob:0.59868 Alpha:0.49991
[MOE_TRACE] Group:2 Prob:0.99724 Alpha:0.49975
[MOE_TRACE] Group:2 Prob:0.99724 Alpha:0.49975
[MOE_TRACE] Group:0 Prob:0.91127 Alpha:0.50015
[MOE_TRACE] Group:1 Prob:0.59868 Alpha:0.49991
[MOE_TRACE] Group:2 Prob:0.99724 Alpha:0.49975
[MOE_TRACE] Group:0 Prob:0.90990 Alpha:0.50015
[MOE_TRACE] Group:0 Prob:0.90990 Alpha:0.50015
[MOE_TRACE] Group:0 Prob:0.90990 Alpha:0.50015
[MOE_TRACE] Group:1 Prob:0.59651 Alpha:0.49991
[MOE_TRACE] Group:1 Prob:0.59651 Alpha:0.49991
[MOE_TRACE] Group:2 Prob:0.99723 Alpha:0.49975
[MOE_TRACE] Group:2 Prob:0.99723 Alpha:0.49975
[MOE_TRACE] Group:1 Prob:0.59651 Alpha:0.49991
[MOE_TRACE] Group:2 Prob:0.99723 Alpha:0.49975
[MOE_TRACE] Group:0 Prob:0.90990 Alpha:0.50015
[MOE_TRACE] Group:1 Prob:0.59651 Alpha:0.49991
[MOE_TRACE] Group:2 Prob:0.99723 Alpha:0.49975
[MOE_TRACE] Group:0 Prob:0.91026 Alpha:0.50014
[MOE_TRACE] Group:1 Prob:0.59956 Alpha:0.49991
[MOE_TRACE] Group:2 Prob:0.99726 Alpha:0.49975
[MOE_TRACE] Group:0 Prob:0.91026 Alpha:0.50014
[MOE_TRACE] Group:0 Prob:0.91026 Alpha:0.50014
[MOE_TRACE] Group:1 Prob:0.59956 Alpha:0.49991
[MOE_TRACE] Group:1 Prob:0.59956 Alpha:0.49991
[MOE_TRACE] Group:2 Prob:0.99726 Alpha:0.49975
[MOE_TRACE] Group:2 Prob:0.99726 Alpha:0.49975
[MOE_TRACE] Group:0 Prob:0.91026 Alpha:0.50014
[MOE_TRACE] Group:1 Prob:0.59956 Alpha:0.49991
[MOE_TRACE] Group:2 Prob:0.99726 Alpha:0.49975
[MOE_TRACE] Group:0 Prob:0.91023 Alpha:0.50015[MOE_TRACE] Group:0 Prob:0.91023 Alpha:0.50015

[MOE_TRACE] Group:0 Prob:0.91023 Alpha:0.50015
[MOE_TRACE] Group:1 Prob:0.59913 Alpha:0.49991
[MOE_TRACE] Group:1 Prob:0.59913 Alpha:0.49991
[MOE_TRACE] Group:1 Prob:0.59913 Alpha:0.49991
[MOE_TRACE] Group:2 Prob:0.99722 Alpha:0.49976
[MOE_TRACE] Group:2 Prob:0.99722 Alpha:0.49976
[MOE_TRACE] Group:2 Prob:0.99722 Alpha:0.49976
[MOE_TRACE] Group:0 Prob:0.91023 Alpha:0.50015
[MOE_TRACE] Group:1 Prob:0.59913 Alpha:0.49991
[MOE_TRACE] Group:2 Prob:0.99722 Alpha:0.49976
[MOE_TRACE] Group:0 Prob:0.90775 Alpha:0.50016
[MOE_TRACE] Group:1 Prob:0.59461 Alpha:0.49991
[MOE_TRACE] Group:2 Prob:0.99719 Alpha:0.49976
[MOE_TRACE] Group:0 Prob:0.90775 Alpha:0.50016
[MOE_TRACE] Group:1 Prob:0.59461 Alpha:0.49991
[MOE_TRACE] Group:2 Prob:0.99719 Alpha:0.49976
[MOE_TRACE] Group:0 Prob:0.90775 Alpha:0.50016
[MOE_TRACE] Group:1 Prob:0.59461 Alpha:0.49991
[MOE_TRACE] Group:2 Prob:0.99719 Alpha:0.49976
[MOE_TRACE] Group:0 Prob:0.90775 Alpha:0.50016
[MOE_TRACE] Group:1 Prob:0.59461 Alpha:0.49991
[MOE_TRACE] Group:2 Prob:0.99719 Alpha:0.49976
[MOE_TRACE] Group:0 Prob:0.90175 Alpha:0.50017
[MOE_TRACE] Group:1 Prob:0.59428 Alpha:0.49991
[MOE_TRACE] Group:0 Prob:0.90175 Alpha:0.50017[MOE_TRACE] Group:0 Prob:0.90175 Alpha:0.50017

[MOE_TRACE] Group:1 Prob:0.59428 Alpha:0.49991
[MOE_TRACE] Group:2 Prob:0.99716 Alpha:0.49976
[MOE_TRACE] Group:1 Prob:0.59428 Alpha:0.49991
[MOE_TRACE] Group:2 Prob:0.99716 Alpha:0.49976
[MOE_TRACE] Group:0 Prob:0.90175 Alpha:0.50017
[MOE_TRACE] Group:1 Prob:0.59428 Alpha:0.49991
[MOE_TRACE] Group:2 Prob:0.99716 Alpha:0.49976
[MOE_TRACE] Group:0 Prob:0.90447 Alpha:0.50017
[MOE_TRACE] Group:0 Prob:0.90447 Alpha:0.50017
[MOE_TRACE] Group:1 Prob:0.59858 Alpha:0.49991
[MOE_TRACE] Group:0 Prob:0.90447 Alpha:0.50017
[MOE_TRACE] Group:1 Prob:0.59858 Alpha:0.49991
[MOE_TRACE] Group:2 Prob:0.99715 Alpha:0.49976
[MOE_TRACE] Group:2 Prob:0.99715 Alpha:0.49976
[MOE_TRACE] Group:1 Prob:0.59858 Alpha:0.49991
[MOE_TRACE] Group:2 Prob:0.99715 Alpha:0.49976
[MOE_TRACE] Group:0 Prob:0.90447 Alpha:0.50017
[MOE_TRACE] Group:1 Prob:0.59858 Alpha:0.49991
[MOE_TRACE] Group:2 Prob:0.99715 Alpha:0.49976
[MOE_TRACE] Group:0 Prob:0.90506 Alpha:0.50017[MOE_TRACE] Group:0 Prob:0.90506 Alpha:0.50017

[MOE_TRACE] Group:0 Prob:0.90506 Alpha:0.50017
[MOE_TRACE] Group:0 Prob:0.90506 Alpha:0.50017
[MOE_TRACE] Group:1 Prob:0.59460 Alpha:0.49991
[MOE_TRACE] Group:2 Prob:0.99717 Alpha:0.49976
[MOE_TRACE] Group:0 Prob:0.90350 Alpha:0.50018[MOE_TRACE] Group:0 Prob:0.90350 Alpha:0.50018

[MOE_TRACE] Group:1 Prob:0.59315 Alpha:0.49991[MOE_TRACE] Group:1 Prob:0.59315 Alpha:0.49991

[MOE_TRACE] Group:2 Prob:0.99718 Alpha:0.49976
[MOE_TRACE] Group:2 Prob:0.99718 Alpha:0.49976
[MOE_TRACE] Group:0 Prob:0.90350 Alpha:0.50018
[MOE_TRACE] Group:1 Prob:0.59315 Alpha:0.49991
[MOE_TRACE] Group:2 Prob:0.99718 Alpha:0.49976
[MOE_TRACE] Group:0 Prob:0.90350 Alpha:0.50018
[MOE_TRACE] Group:1 Prob:0.59315 Alpha:0.49991
[MOE_TRACE] Group:2 Prob:0.99718 Alpha:0.49976
[MOE_TRACE] Group:0 Prob:0.90117 Alpha:0.50018
[MOE_TRACE] Group:1 Prob:0.59613 Alpha:0.49991
[MOE_TRACE] Group:0 Prob:0.90117 Alpha:0.50018
[MOE_TRACE] Group:1 Prob:0.59613 Alpha:0.49991
[MOE_TRACE] Group:0 Prob:0.90117 Alpha:0.50018
[MOE_TRACE] Group:1 Prob:0.59613 Alpha:0.49991
[MOE_TRACE] Group:0 Prob:0.90117 Alpha:0.50018
[MOE_TRACE] Group:1 Prob:0.59613 Alpha:0.49991
[MOE_TRACE] Group:2 Prob:0.99715 Alpha:0.49976
[MOE_TRACE] Group:0 Prob:0.90038 Alpha:0.50018
[MOE_TRACE] Group:0 Prob:0.90038 Alpha:0.50018
[MOE_TRACE] Group:1 Prob:0.59368 Alpha:0.49991
[MOE_TRACE] Group:1 Prob:0.59368 Alpha:0.49991
[MOE_TRACE] Group:0 Prob:0.90038 Alpha:0.50018
[MOE_TRACE] Group:1 Prob:0.59368 Alpha:0.49991
[MOE_TRACE] Group:0 Prob:0.90038 Alpha:0.50018
[MOE_TRACE] Group:1 Prob:0.59368 Alpha:0.49991
[MOE_TRACE] Group:2 Prob:0.99713 Alpha:0.49977
[MOE_TRACE] Group:0 Prob:0.89849 Alpha:0.50019[MOE_TRACE] Group:0 Prob:0.89849 Alpha:0.50019

[MOE_TRACE] Group:1 Prob:0.58523 Alpha:0.49991
[MOE_TRACE] Group:0 Prob:0.89849 Alpha:0.50019[MOE_TRACE] Group:1 Prob:0.58523 Alpha:0.49991

[MOE_TRACE] Group:2 Prob:0.99710 Alpha:0.49977
[MOE_TRACE] Group:2 Prob:0.99710 Alpha:0.49977
[MOE_TRACE] Group:1 Prob:0.58523 Alpha:0.49991
[MOE_TRACE] Group:2 Prob:0.99710 Alpha:0.49977
[MOE_TRACE] Group:0 Prob:0.89849 Alpha:0.50019
[MOE_TRACE] Group:1 Prob:0.58523 Alpha:0.49991
[MOE_TRACE] Group:2 Prob:0.99710 Alpha:0.49977
[MOE_TRACE] Group:0 Prob:0.89755 Alpha:0.50020[MOE_TRACE] Group:0 Prob:0.89755 Alpha:0.50020
[MOE_TRACE] Group:0 Prob:0.89755 Alpha:0.50020

[MOE_TRACE] Group:1 Prob:0.58734 Alpha:0.49991[MOE_TRACE] Group:1 Prob:0.58734 Alpha:0.49991

[MOE_TRACE] Group:1 Prob:0.58734 Alpha:0.49991
[MOE_TRACE] Group:2 Prob:0.99712 Alpha:0.49976[MOE_TRACE] Group:2 Prob:0.99712 Alpha:0.49976

[MOE_TRACE] Group:2 Prob:0.99712 Alpha:0.49976
[MOE_TRACE] Group:0 Prob:0.89755 Alpha:0.50020
[MOE_TRACE] Group:1 Prob:0.58734 Alpha:0.49991
[MOE_TRACE] Group:2 Prob:0.99712 Alpha:0.49976
[MOE_TRACE] Group:0 Prob:0.89967 Alpha:0.50019[MOE_TRACE] Group:0 Prob:0.89967 Alpha:0.50019[MOE_TRACE] Group:0 Prob:0.89967 Alpha:0.50019


[MOE_TRACE] Group:1 Prob:0.59233 Alpha:0.49991[MOE_TRACE] Group:1 Prob:0.59233 Alpha:0.49991[MOE_TRACE] Group:1 Prob:0.59233 Alpha:0.49991


[MOE_TRACE] Group:2 Prob:0.99717 Alpha:0.49976[MOE_TRACE] Group:2 Prob:0.99717 Alpha:0.49976

[MOE_TRACE] Group:2 Prob:0.99717 Alpha:0.49976
[MOE_TRACE] Group:0 Prob:0.89967 Alpha:0.50019
[MOE_TRACE] Group:1 Prob:0.59233 Alpha:0.49991
[MOE_TRACE] Group:2 Prob:0.99717 Alpha:0.49976
[MOE_TRACE] Group:0 Prob:0.89732 Alpha:0.50019
[MOE_TRACE] Group:0 Prob:0.89732 Alpha:0.50019
[MOE_TRACE] Group:0 Prob:0.89732 Alpha:0.50019
[MOE_TRACE] Group:1 Prob:0.59217 Alpha:0.49991[MOE_TRACE] Group:1 Prob:0.59217 Alpha:0.49991

[MOE_TRACE] Group:1 Prob:0.59217 Alpha:0.49991
[MOE_TRACE] Group:2 Prob:0.99714 Alpha:0.49976
[MOE_TRACE] Group:2 Prob:0.99714 Alpha:0.49976
[MOE_TRACE] Group:2 Prob:0.99714 Alpha:0.49976
[MOE_TRACE] Group:0 Prob:0.89732 Alpha:0.50019
[MOE_TRACE] Group:1 Prob:0.59217 Alpha:0.49991
[MOE_TRACE] Group:2 Prob:0.99714 Alpha:0.49976
[MOE_TRACE] Group:0 Prob:0.89895 Alpha:0.50020
[MOE_TRACE] Group:1 Prob:0.59077 Alpha:0.49991
[MOE_TRACE] Group:2 Prob:0.99708 Alpha:0.49977
[MOE_TRACE] Group:0 Prob:0.89895 Alpha:0.50020
[MOE_TRACE] Group:1 Prob:0.59077 Alpha:0.49991
[MOE_TRACE] Group:2 Prob:0.99708 Alpha:0.49977
[MOE_TRACE] Group:0 Prob:0.89895 Alpha:0.50020
[MOE_TRACE] Group:1 Prob:0.59077 Alpha:0.49991
[MOE_TRACE] Group:2 Prob:0.99708 Alpha:0.49977
[MOE_TRACE] Group:0 Prob:0.89895 Alpha:0.50020
[MOE_TRACE] Group:1 Prob:0.59077 Alpha:0.49991
[MOE_TRACE] Group:2 Prob:0.99708 Alpha:0.49977
[MOE_TRACE] Group:0 Prob:0.89831 Alpha:0.50021
[MOE_TRACE] Group:0 Prob:0.89831 Alpha:0.50021
[MOE_TRACE] Group:0 Prob:0.89831 Alpha:0.50021
[MOE_TRACE] Group:1 Prob:0.59149 Alpha:0.49991
[MOE_TRACE] Group:2 Prob:0.99703 Alpha:0.49977
[MOE_TRACE] Group:0 Prob:0.89311 Alpha:0.50021[MOE_TRACE] Group:0 Prob:0.89311 Alpha:0.50021

[MOE_TRACE] Group:1 Prob:0.58567 Alpha:0.49992
[MOE_TRACE] Group:2 Prob:0.99700 Alpha:0.49978
[MOE_TRACE] Group:1 Prob:0.58567 Alpha:0.49992
[MOE_TRACE] Group:2 Prob:0.99700 Alpha:0.49978[MOE_TRACE] Group:0 Prob:0.89311 Alpha:0.50021

[MOE_TRACE] Group:1 Prob:0.58567 Alpha:0.49992
[MOE_TRACE] Group:2 Prob:0.99700 Alpha:0.49978
[MOE_TRACE] Group:0 Prob:0.89311 Alpha:0.50021
[MOE_TRACE] Group:1 Prob:0.58567 Alpha:0.49992
[MOE_TRACE] Group:2 Prob:0.99700 Alpha:0.49978
[MOE_TRACE] Group:0 Prob:0.89767 Alpha:0.50021[MOE_TRACE] Group:0 Prob:0.89767 Alpha:0.50021

[MOE_TRACE] Group:1 Prob:0.59069 Alpha:0.49992
[MOE_TRACE] Group:1 Prob:0.59069 Alpha:0.49992
[MOE_TRACE] Group:2 Prob:0.99701 Alpha:0.49978[MOE_TRACE] Group:2 Prob:0.99701 Alpha:0.49978

[MOE_TRACE] Group:0 Prob:0.89767 Alpha:0.50021
[MOE_TRACE] Group:1 Prob:0.59069 Alpha:0.49992
[MOE_TRACE] Group:2 Prob:0.99701 Alpha:0.49978
[MOE_TRACE] Group:0 Prob:0.89767 Alpha:0.50021
[MOE_TRACE] Group:1 Prob:0.59069 Alpha:0.49992
[MOE_TRACE] Group:2 Prob:0.99701 Alpha:0.49978
[MOE_TRACE] Group:0 Prob:0.89571 Alpha:0.50021
[MOE_TRACE] Group:0 Prob:0.89571 Alpha:0.50021[MOE_TRACE] Group:1 Prob:0.58540 Alpha:0.49991[MOE_TRACE] Group:0 Prob:0.89571 Alpha:0.50021


[MOE_TRACE] Group:1 Prob:0.58540 Alpha:0.49991
[MOE_TRACE] Group:1 Prob:0.58540 Alpha:0.49991
[MOE_TRACE] Group:2 Prob:0.99703 Alpha:0.49978
[MOE_TRACE] Group:2 Prob:0.99703 Alpha:0.49978[MOE_TRACE] Group:2 Prob:0.99703 Alpha:0.49978

[MOE_TRACE] Group:0 Prob:0.89571 Alpha:0.50021
[MOE_TRACE] Group:1 Prob:0.58540 Alpha:0.49991
[MOE_TRACE] Group:2 Prob:0.99703 Alpha:0.49978
	iters: 100, epoch: 1 | loss: 0.3113349
	speed: 0.8255s/iter; left time: 1123.4594s
[MOE_TRACE] Group:0 Prob:0.89506 Alpha:0.50021
[MOE_TRACE] Group:0 Prob:0.89506 Alpha:0.50021
[MOE_TRACE] Group:0 Prob:0.89506 Alpha:0.50021
[MOE_TRACE] Group:1 Prob:0.58231 Alpha:0.49991
[MOE_TRACE] Group:1 Prob:0.58231 Alpha:0.49991
[MOE_TRACE] Group:2 Prob:0.99704 Alpha:0.49977[MOE_TRACE] Group:1 Prob:0.58231 Alpha:0.49991

[MOE_TRACE] Group:2 Prob:0.99704 Alpha:0.49977
[MOE_TRACE] Group:2 Prob:0.99704 Alpha:0.49977
[MOE_TRACE] Group:0 Prob:0.89506 Alpha:0.50021
[MOE_TRACE] Group:1 Prob:0.58231 Alpha:0.49991
[MOE_TRACE] Group:2 Prob:0.99704 Alpha:0.49977
[MOE_TRACE] Group:0 Prob:0.89505 Alpha:0.50021[MOE_TRACE] Group:0 Prob:0.89505 Alpha:0.50021

[MOE_TRACE] Group:1 Prob:0.57584 Alpha:0.49991
[MOE_TRACE] Group:1 Prob:0.57584 Alpha:0.49991
[MOE_TRACE] Group:0 Prob:0.89505 Alpha:0.50021
[MOE_TRACE] Group:1 Prob:0.57584 Alpha:0.49991
[MOE_TRACE] Group:0 Prob:0.89505 Alpha:0.50021
[MOE_TRACE] Group:1 Prob:0.57584 Alpha:0.49991
[MOE_TRACE] Group:2 Prob:0.99706 Alpha:0.49977
[MOE_TRACE] Group:0 Prob:0.89669 Alpha:0.50020
[MOE_TRACE] Group:0 Prob:0.89669 Alpha:0.50020
[MOE_TRACE] Group:0 Prob:0.89669 Alpha:0.50020
[MOE_TRACE] Group:1 Prob:0.57599 Alpha:0.49991
[MOE_TRACE] Group:1 Prob:0.57599 Alpha:0.49991
[MOE_TRACE] Group:1 Prob:0.57599 Alpha:0.49991
[MOE_TRACE] Group:2 Prob:0.99702 Alpha:0.49977
[MOE_TRACE] Group:2 Prob:0.99702 Alpha:0.49977
[MOE_TRACE] Group:2 Prob:0.99702 Alpha:0.49977
[MOE_TRACE] Group:0 Prob:0.89669 Alpha:0.50020
[MOE_TRACE] Group:1 Prob:0.57599 Alpha:0.49991
[MOE_TRACE] Group:2 Prob:0.99702 Alpha:0.49977
[MOE_TRACE] Group:0 Prob:0.89541 Alpha:0.50021
[MOE_TRACE] Group:1 Prob:0.56540 Alpha:0.49990
[MOE_TRACE] Group:0 Prob:0.89541 Alpha:0.50021
[MOE_TRACE] Group:2 Prob:0.99693 Alpha:0.49978
[MOE_TRACE] Group:1 Prob:0.56540 Alpha:0.49990
[MOE_TRACE] Group:2 Prob:0.99693 Alpha:0.49978
[MOE_TRACE] Group:0 Prob:0.89541 Alpha:0.50021
[MOE_TRACE] Group:1 Prob:0.56540 Alpha:0.49990
[MOE_TRACE] Group:2 Prob:0.99693 Alpha:0.49978
[MOE_TRACE] Group:0 Prob:0.89541 Alpha:0.50021
[MOE_TRACE] Group:1 Prob:0.56540 Alpha:0.49990
[MOE_TRACE] Group:2 Prob:0.99693 Alpha:0.49978
[MOE_TRACE] Group:0 Prob:0.89543 Alpha:0.50021
[MOE_TRACE] Group:1 Prob:0.56659 Alpha:0.49990
[MOE_TRACE] Group:2 Prob:0.99688 Alpha:0.49978
[MOE_TRACE] Group:0 Prob:0.89543 Alpha:0.50021
[MOE_TRACE] Group:1 Prob:0.56659 Alpha:0.49990
[MOE_TRACE] Group:2 Prob:0.99688 Alpha:0.49978
[MOE_TRACE] Group:0 Prob:0.89543 Alpha:0.50021
[MOE_TRACE] Group:1 Prob:0.56659 Alpha:0.49990
[MOE_TRACE] Group:2 Prob:0.99688 Alpha:0.49978
[MOE_TRACE] Group:0 Prob:0.89543 Alpha:0.50021
[MOE_TRACE] Group:1 Prob:0.56659 Alpha:0.49990
[MOE_TRACE] Group:2 Prob:0.99688 Alpha:0.49978
[MOE_TRACE] Group:0 Prob:0.89443 Alpha:0.50022
[MOE_TRACE] Group:0 Prob:0.89443 Alpha:0.50022
[MOE_TRACE] Group:1 Prob:0.56635 Alpha:0.49990
[MOE_TRACE] Group:0 Prob:0.89443 Alpha:0.50022
[MOE_TRACE] Group:2 Prob:0.99694 Alpha:0.49978
[MOE_TRACE] Group:1 Prob:0.56635 Alpha:0.49990
[MOE_TRACE] Group:1 Prob:0.56635 Alpha:0.49990
[MOE_TRACE] Group:2 Prob:0.99694 Alpha:0.49978
[MOE_TRACE] Group:2 Prob:0.99694 Alpha:0.49978
[MOE_TRACE] Group:0 Prob:0.89443 Alpha:0.50022
[MOE_TRACE] Group:1 Prob:0.56635 Alpha:0.49990
[MOE_TRACE] Group:2 Prob:0.99694 Alpha:0.49978
[MOE_TRACE] Group:0 Prob:0.89285 Alpha:0.50022
[MOE_TRACE] Group:0 Prob:0.89285 Alpha:0.50022
[MOE_TRACE] Group:0 Prob:0.89285 Alpha:0.50022
[MOE_TRACE] Group:1 Prob:0.56484 Alpha:0.49990
[MOE_TRACE] Group:1 Prob:0.56484 Alpha:0.49990[MOE_TRACE] Group:1 Prob:0.56484 Alpha:0.49990

[MOE_TRACE] Group:2 Prob:0.99691 Alpha:0.49978
[MOE_TRACE] Group:2 Prob:0.99691 Alpha:0.49978
[MOE_TRACE] Group:2 Prob:0.99691 Alpha:0.49978
[MOE_TRACE] Group:0 Prob:0.89285 Alpha:0.50022
[MOE_TRACE] Group:1 Prob:0.56484 Alpha:0.49990
[MOE_TRACE] Group:2 Prob:0.99691 Alpha:0.49978
[MOE_TRACE] Group:0 Prob:0.89121 Alpha:0.50022
[MOE_TRACE] Group:1 Prob:0.55712 Alpha:0.49990
[MOE_TRACE] Group:0 Prob:0.89121 Alpha:0.50022
[MOE_TRACE] Group:0 Prob:0.89121 Alpha:0.50022
[MOE_TRACE] Group:1 Prob:0.55712 Alpha:0.49990[MOE_TRACE] Group:1 Prob:0.55712 Alpha:0.49990

[MOE_TRACE] Group:2 Prob:0.99696 Alpha:0.49978
[MOE_TRACE] Group:2 Prob:0.99696 Alpha:0.49978
[MOE_TRACE] Group:2 Prob:0.99696 Alpha:0.49978
[MOE_TRACE] Group:0 Prob:0.89121 Alpha:0.50022
[MOE_TRACE] Group:1 Prob:0.55712 Alpha:0.49990
[MOE_TRACE] Group:2 Prob:0.99696 Alpha:0.49978
[MOE_TRACE] Group:0 Prob:0.88845 Alpha:0.50022
[MOE_TRACE] Group:1 Prob:0.55395 Alpha:0.49989
[MOE_TRACE] Group:0 Prob:0.88845 Alpha:0.50022
[MOE_TRACE] Group:1 Prob:0.55395 Alpha:0.49989
[MOE_TRACE] Group:0 Prob:0.88845 Alpha:0.50022
[MOE_TRACE] Group:2 Prob:0.99697 Alpha:0.49978
[MOE_TRACE] Group:1 Prob:0.55395 Alpha:0.49989
[MOE_TRACE] Group:2 Prob:0.99697 Alpha:0.49978
[MOE_TRACE] Group:0 Prob:0.88845 Alpha:0.50022
[MOE_TRACE] Group:1 Prob:0.55395 Alpha:0.49989
[MOE_TRACE] Group:2 Prob:0.99697 Alpha:0.49978
[MOE_TRACE] Group:0 Prob:0.89290 Alpha:0.50023
[MOE_TRACE] Group:0 Prob:0.89290 Alpha:0.50023
[MOE_TRACE] Group:1 Prob:0.55227 Alpha:0.49989[MOE_TRACE] Group:1 Prob:0.55227 Alpha:0.49989

[MOE_TRACE] Group:0 Prob:0.89290 Alpha:0.50023
[MOE_TRACE] Group:2 Prob:0.99700 Alpha:0.49978
[MOE_TRACE] Group:1 Prob:0.55227 Alpha:0.49989[MOE_TRACE] Group:2 Prob:0.99700 Alpha:0.49978

[MOE_TRACE] Group:2 Prob:0.99700 Alpha:0.49978
[MOE_TRACE] Group:0 Prob:0.89290 Alpha:0.50023
[MOE_TRACE] Group:1 Prob:0.55227 Alpha:0.49989
[MOE_TRACE] Group:2 Prob:0.99700 Alpha:0.49978
[MOE_TRACE] Group:0 Prob:0.89001 Alpha:0.50023
[MOE_TRACE] Group:0 Prob:0.89001 Alpha:0.50023[MOE_TRACE] Group:0 Prob:0.89001 Alpha:0.50023

[MOE_TRACE] Group:1 Prob:0.54673 Alpha:0.49989
[MOE_TRACE] Group:2 Prob:0.99699 Alpha:0.49978
[MOE_TRACE] Group:1 Prob:0.54673 Alpha:0.49989
[MOE_TRACE] Group:1 Prob:0.54673 Alpha:0.49989
[MOE_TRACE] Group:2 Prob:0.99699 Alpha:0.49978
[MOE_TRACE] Group:2 Prob:0.99699 Alpha:0.49978
[MOE_TRACE] Group:0 Prob:0.89001 Alpha:0.50023
[MOE_TRACE] Group:1 Prob:0.54673 Alpha:0.49989
[MOE_TRACE] Group:2 Prob:0.99699 Alpha:0.49978
[MOE_TRACE] Group:0 Prob:0.88989 Alpha:0.50023
[MOE_TRACE] Group:0 Prob:0.88989 Alpha:0.50023
[MOE_TRACE] Group:0 Prob:0.88989 Alpha:0.50023
[MOE_TRACE] Group:1 Prob:0.54498 Alpha:0.49989
[MOE_TRACE] Group:1 Prob:0.54498 Alpha:0.49989
[MOE_TRACE] Group:1 Prob:0.54498 Alpha:0.49989
[MOE_TRACE] Group:2 Prob:0.99694 Alpha:0.49978
[MOE_TRACE] Group:2 Prob:0.99694 Alpha:0.49978
[MOE_TRACE] Group:2 Prob:0.99694 Alpha:0.49978
[MOE_TRACE] Group:0 Prob:0.88989 Alpha:0.50023
[MOE_TRACE] Group:1 Prob:0.54498 Alpha:0.49989
[MOE_TRACE] Group:2 Prob:0.99694 Alpha:0.49978
[MOE_TRACE] Group:0 Prob:0.89106 Alpha:0.50024
[MOE_TRACE] Group:0 Prob:0.89106 Alpha:0.50024
[MOE_TRACE] Group:1 Prob:0.53989 Alpha:0.49989[MOE_TRACE] Group:0 Prob:0.89106 Alpha:0.50024

[MOE_TRACE] Group:1 Prob:0.53989 Alpha:0.49989
[MOE_TRACE] Group:2 Prob:0.99700 Alpha:0.49978
[MOE_TRACE] Group:1 Prob:0.53989 Alpha:0.49989
[MOE_TRACE] Group:2 Prob:0.99700 Alpha:0.49978
[MOE_TRACE] Group:2 Prob:0.99700 Alpha:0.49978
[MOE_TRACE] Group:0 Prob:0.89106 Alpha:0.50024
[MOE_TRACE] Group:1 Prob:0.53989 Alpha:0.49989
[MOE_TRACE] Group:2 Prob:0.99700 Alpha:0.49978
[MOE_TRACE] Group:0 Prob:0.88985 Alpha:0.50024
[MOE_TRACE] Group:0 Prob:0.88985 Alpha:0.50024
[MOE_TRACE] Group:0 Prob:0.88985 Alpha:0.50024
[MOE_TRACE] Group:1 Prob:0.53843 Alpha:0.49989
[MOE_TRACE] Group:1 Prob:0.53843 Alpha:0.49989[MOE_TRACE] Group:1 Prob:0.53843 Alpha:0.49989

[MOE_TRACE] Group:2 Prob:0.99700 Alpha:0.49978
[MOE_TRACE] Group:2 Prob:0.99700 Alpha:0.49978
[MOE_TRACE] Group:2 Prob:0.99700 Alpha:0.49978
[MOE_TRACE] Group:0 Prob:0.88985 Alpha:0.50024
[MOE_TRACE] Group:1 Prob:0.53843 Alpha:0.49989
[MOE_TRACE] Group:2 Prob:0.99700 Alpha:0.49978
[MOE_TRACE] Group:0 Prob:0.88752 Alpha:0.50024
[MOE_TRACE] Group:0 Prob:0.88752 Alpha:0.50024
[MOE_TRACE] Group:0 Prob:0.88752 Alpha:0.50024[MOE_TRACE] Group:1 Prob:0.53539 Alpha:0.49988

[MOE_TRACE] Group:1 Prob:0.53539 Alpha:0.49988
[MOE_TRACE] Group:1 Prob:0.53539 Alpha:0.49988
[MOE_TRACE] Group:2 Prob:0.99697 Alpha:0.49978
[MOE_TRACE] Group:2 Prob:0.99697 Alpha:0.49978
[MOE_TRACE] Group:2 Prob:0.99697 Alpha:0.49978
[MOE_TRACE] Group:0 Prob:0.88752 Alpha:0.50024
[MOE_TRACE] Group:1 Prob:0.53539 Alpha:0.49988
[MOE_TRACE] Group:2 Prob:0.99697 Alpha:0.49978
[MOE_TRACE] Group:0 Prob:0.88697 Alpha:0.50024
[MOE_TRACE] Group:0 Prob:0.88697 Alpha:0.50024
[MOE_TRACE] Group:1 Prob:0.53184 Alpha:0.49988[MOE_TRACE] Group:1 Prob:0.53184 Alpha:0.49988

[MOE_TRACE] Group:0 Prob:0.88697 Alpha:0.50024
[MOE_TRACE] Group:1 Prob:0.53184 Alpha:0.49988
[MOE_TRACE] Group:0 Prob:0.88697 Alpha:0.50024
[MOE_TRACE] Group:1 Prob:0.53184 Alpha:0.49988
[MOE_TRACE] Group:2 Prob:0.99697 Alpha:0.49978
[MOE_TRACE] Group:0 Prob:0.88565 Alpha:0.50024[MOE_TRACE] Group:0 Prob:0.88565 Alpha:0.50024

[MOE_TRACE] Group:1 Prob:0.52763 Alpha:0.49988[MOE_TRACE] Group:1 Prob:0.52763 Alpha:0.49988

[MOE_TRACE] Group:2 Prob:0.99693 Alpha:0.49978
[MOE_TRACE] Group:2 Prob:0.99693 Alpha:0.49978
[MOE_TRACE] Group:0 Prob:0.88565 Alpha:0.50024
[MOE_TRACE] Group:1 Prob:0.52763 Alpha:0.49988
[MOE_TRACE] Group:2 Prob:0.99693 Alpha:0.49978
[MOE_TRACE] Group:0 Prob:0.88565 Alpha:0.50024
[MOE_TRACE] Group:1 Prob:0.52763 Alpha:0.49988
[MOE_TRACE] Group:2 Prob:0.99693 Alpha:0.49978
[MOE_TRACE] Group:0 Prob:0.88620 Alpha:0.50025
[MOE_TRACE] Group:1 Prob:0.52884 Alpha:0.49988
[MOE_TRACE] Group:2 Prob:0.99691 Alpha:0.49978
[MOE_TRACE] Group:0 Prob:0.88222 Alpha:0.50025
[MOE_TRACE] Group:0 Prob:0.88222 Alpha:0.50025
[MOE_TRACE] Group:0 Prob:0.88222 Alpha:0.50025
[MOE_TRACE] Group:0 Prob:0.88222 Alpha:0.50025
[MOE_TRACE] Group:1 Prob:0.51627 Alpha:0.49988
[MOE_TRACE] Group:2 Prob:0.99696 Alpha:0.49978
[MOE_TRACE] Group:0 Prob:0.88562 Alpha:0.50026[MOE_TRACE] Group:0 Prob:0.88562 Alpha:0.50026

[MOE_TRACE] Group:1 Prob:0.51924 Alpha:0.49988
[MOE_TRACE] Group:1 Prob:0.51924 Alpha:0.49988
[MOE_TRACE] Group:0 Prob:0.88562 Alpha:0.50026
[MOE_TRACE] Group:1 Prob:0.51924 Alpha:0.49988
[MOE_TRACE] Group:0 Prob:0.88562 Alpha:0.50026
[MOE_TRACE] Group:1 Prob:0.51924 Alpha:0.49988
[MOE_TRACE] Group:2 Prob:0.99692 Alpha:0.49978
[MOE_TRACE] Group:0 Prob:0.88498 Alpha:0.50026[MOE_TRACE] Group:0 Prob:0.88498 Alpha:0.50026

[MOE_TRACE] Group:1 Prob:0.52243 Alpha:0.49988
[MOE_TRACE] Group:1 Prob:0.52243 Alpha:0.49988
[MOE_TRACE] Group:0 Prob:0.88498 Alpha:0.50026
[MOE_TRACE] Group:1 Prob:0.52243 Alpha:0.49988
[MOE_TRACE] Group:2 Prob:0.99690 Alpha:0.49978
[MOE_TRACE] Group:0 Prob:0.88498 Alpha:0.50026
[MOE_TRACE] Group:1 Prob:0.52243 Alpha:0.49988
[MOE_TRACE] Group:2 Prob:0.99690 Alpha:0.49978
[MOE_TRACE] Group:0 Prob:0.87967 Alpha:0.50026
[MOE_TRACE] Group:0 Prob:0.87967 Alpha:0.50026
[MOE_TRACE] Group:1 Prob:0.51102 Alpha:0.49988
[MOE_TRACE] Group:1 Prob:0.51102 Alpha:0.49988[MOE_TRACE] Group:2 Prob:0.99690 Alpha:0.49978

[MOE_TRACE] Group:2 Prob:0.99690 Alpha:0.49978
[MOE_TRACE] Group:0 Prob:0.87967 Alpha:0.50026
[MOE_TRACE] Group:1 Prob:0.51102 Alpha:0.49988
[MOE_TRACE] Group:2 Prob:0.99690 Alpha:0.49978
[MOE_TRACE] Group:0 Prob:0.87967 Alpha:0.50026
[MOE_TRACE] Group:1 Prob:0.51102 Alpha:0.49988
[MOE_TRACE] Group:2 Prob:0.99690 Alpha:0.49978
[MOE_TRACE] Group:0 Prob:0.88341 Alpha:0.50026
[MOE_TRACE] Group:1 Prob:0.51199 Alpha:0.49988
[MOE_TRACE] Group:2 Prob:0.99689 Alpha:0.49979
[MOE_TRACE] Group:0 Prob:0.88341 Alpha:0.50026
[MOE_TRACE] Group:0 Prob:0.88341 Alpha:0.50026[MOE_TRACE] Group:1 Prob:0.51199 Alpha:0.49988

[MOE_TRACE] Group:1 Prob:0.51199 Alpha:0.49988
[MOE_TRACE] Group:2 Prob:0.99689 Alpha:0.49979
[MOE_TRACE] Group:2 Prob:0.99689 Alpha:0.49979
[MOE_TRACE] Group:0 Prob:0.88341 Alpha:0.50026
[MOE_TRACE] Group:1 Prob:0.51199 Alpha:0.49988
[MOE_TRACE] Group:2 Prob:0.99689 Alpha:0.49979
[MOE_TRACE] Group:0 Prob:0.88279 Alpha:0.50026[MOE_TRACE] Group:0 Prob:0.88279 Alpha:0.50026[MOE_TRACE] Group:0 Prob:0.88279 Alpha:0.50026


[MOE_TRACE] Group:1 Prob:0.50635 Alpha:0.49988[MOE_TRACE] Group:1 Prob:0.50635 Alpha:0.49988

[MOE_TRACE] Group:1 Prob:0.50635 Alpha:0.49988
[MOE_TRACE] Group:2 Prob:0.99687 Alpha:0.49979
[MOE_TRACE] Group:2 Prob:0.99687 Alpha:0.49979
[MOE_TRACE] Group:2 Prob:0.99687 Alpha:0.49979
[MOE_TRACE] Group:0 Prob:0.88279 Alpha:0.50026
[MOE_TRACE] Group:1 Prob:0.50635 Alpha:0.49988
[MOE_TRACE] Group:2 Prob:0.99687 Alpha:0.49979
[MOE_TRACE] Group:0 Prob:0.88629 Alpha:0.50026
[MOE_TRACE] Group:0 Prob:0.88629 Alpha:0.50026
[MOE_TRACE] Group:0 Prob:0.88629 Alpha:0.50026
[MOE_TRACE] Group:1 Prob:0.50246 Alpha:0.49988
[MOE_TRACE] Group:2 Prob:0.99685 Alpha:0.49979
[MOE_TRACE] Group:1 Prob:0.50246 Alpha:0.49988
[MOE_TRACE] Group:1 Prob:0.50246 Alpha:0.49988
[MOE_TRACE] Group:2 Prob:0.99685 Alpha:0.49979
[MOE_TRACE] Group:2 Prob:0.99685 Alpha:0.49979
[MOE_TRACE] Group:0 Prob:0.88629 Alpha:0.50026
[MOE_TRACE] Group:1 Prob:0.50246 Alpha:0.49988
[MOE_TRACE] Group:2 Prob:0.99685 Alpha:0.49979
[MOE_TRACE] Group:0 Prob:0.88329 Alpha:0.50026
[MOE_TRACE] Group:1 Prob:0.49687 Alpha:0.49988
[MOE_TRACE] Group:2 Prob:0.99681 Alpha:0.49979
[MOE_TRACE] Group:0 Prob:0.88329 Alpha:0.50026
[MOE_TRACE] Group:1 Prob:0.49687 Alpha:0.49988
[MOE_TRACE] Group:2 Prob:0.99681 Alpha:0.49979
[MOE_TRACE] Group:0 Prob:0.88329 Alpha:0.50026
[MOE_TRACE] Group:1 Prob:0.49687 Alpha:0.49988
[MOE_TRACE] Group:2 Prob:0.99681 Alpha:0.49979
[MOE_TRACE] Group:0 Prob:0.88329 Alpha:0.50026
[MOE_TRACE] Group:1 Prob:0.49687 Alpha:0.49988
[MOE_TRACE] Group:2 Prob:0.99681 Alpha:0.49979
[MOE_TRACE] Group:0 Prob:0.88601 Alpha:0.50026
[MOE_TRACE] Group:0 Prob:0.88601 Alpha:0.50026
[MOE_TRACE] Group:0 Prob:0.88601 Alpha:0.50026
[MOE_TRACE] Group:1 Prob:0.49899 Alpha:0.49988
[MOE_TRACE] Group:1 Prob:0.49899 Alpha:0.49988
[MOE_TRACE] Group:2 Prob:0.99685 Alpha:0.49979
[MOE_TRACE] Group:1 Prob:0.49899 Alpha:0.49988
[MOE_TRACE] Group:2 Prob:0.99685 Alpha:0.49979
[MOE_TRACE] Group:2 Prob:0.99685 Alpha:0.49979
[MOE_TRACE] Group:0 Prob:0.88601 Alpha:0.50026
[MOE_TRACE] Group:1 Prob:0.49899 Alpha:0.49988
[MOE_TRACE] Group:2 Prob:0.99685 Alpha:0.49979
[MOE_TRACE] Group:0 Prob:0.88395 Alpha:0.50026[MOE_TRACE] Group:0 Prob:0.88395 Alpha:0.50026

[MOE_TRACE] Group:1 Prob:0.50392 Alpha:0.49989
[MOE_TRACE] Group:1 Prob:0.50392 Alpha:0.49989
[MOE_TRACE] Group:2 Prob:0.99684 Alpha:0.49979
[MOE_TRACE] Group:2 Prob:0.99684 Alpha:0.49979
[MOE_TRACE] Group:0 Prob:0.88395 Alpha:0.50026
[MOE_TRACE] Group:1 Prob:0.50392 Alpha:0.49989
[MOE_TRACE] Group:0 Prob:0.88121 Alpha:0.50026
[MOE_TRACE] Group:1 Prob:0.50377 Alpha:0.49989
[MOE_TRACE] Group:2 Prob:0.99683 Alpha:0.49979
[MOE_TRACE] Group:0 Prob:0.87818 Alpha:0.50027[MOE_TRACE] Group:0 Prob:0.87818 Alpha:0.50027

[MOE_TRACE] Group:0 Prob:0.87818 Alpha:0.50027
[MOE_TRACE] Group:1 Prob:0.49920 Alpha:0.49989
[MOE_TRACE] Group:1 Prob:0.49920 Alpha:0.49989
[MOE_TRACE] Group:1 Prob:0.49920 Alpha:0.49989
[MOE_TRACE] Group:2 Prob:0.99689 Alpha:0.49979
[MOE_TRACE] Group:2 Prob:0.99689 Alpha:0.49979
[MOE_TRACE] Group:2 Prob:0.99689 Alpha:0.49979
[MOE_TRACE] Group:0 Prob:0.87818 Alpha:0.50027
[MOE_TRACE] Group:1 Prob:0.49920 Alpha:0.49989
[MOE_TRACE] Group:2 Prob:0.99689 Alpha:0.49979
[MOE_TRACE] Group:0 Prob:0.88077 Alpha:0.50027
[MOE_TRACE] Group:0 Prob:0.88077 Alpha:0.50027
[MOE_TRACE] Group:1 Prob:0.49670 Alpha:0.49988
[MOE_TRACE] Group:1 Prob:0.49670 Alpha:0.49988
[MOE_TRACE] Group:0 Prob:0.88077 Alpha:0.50027
[MOE_TRACE] Group:1 Prob:0.49670 Alpha:0.49988
[MOE_TRACE] Group:2 Prob:0.99686 Alpha:0.49978
[MOE_TRACE] Group:2 Prob:0.99686 Alpha:0.49978
[MOE_TRACE] Group:2 Prob:0.99686 Alpha:0.49978
[MOE_TRACE] Group:0 Prob:0.88077 Alpha:0.50027
[MOE_TRACE] Group:1 Prob:0.49670 Alpha:0.49988
[MOE_TRACE] Group:2 Prob:0.99686 Alpha:0.49978
[MOE_TRACE] Group:0 Prob:0.88126 Alpha:0.50027
[MOE_TRACE] Group:1 Prob:0.49418 Alpha:0.49989
[MOE_TRACE] Group:2 Prob:0.99688 Alpha:0.49979
[MOE_TRACE] Group:0 Prob:0.88126 Alpha:0.50027
[MOE_TRACE] Group:1 Prob:0.49418 Alpha:0.49989
[MOE_TRACE] Group:2 Prob:0.99688 Alpha:0.49979
[MOE_TRACE] Group:0 Prob:0.88126 Alpha:0.50027
[MOE_TRACE] Group:1 Prob:0.49418 Alpha:0.49989
[MOE_TRACE] Group:2 Prob:0.99688 Alpha:0.49979
[MOE_TRACE] Group:0 Prob:0.88126 Alpha:0.50027
[MOE_TRACE] Group:1 Prob:0.49418 Alpha:0.49989
[MOE_TRACE] Group:2 Prob:0.99688 Alpha:0.49979
[MOE_TRACE] Group:0 Prob:0.88438 Alpha:0.50027[MOE_TRACE] Group:0 Prob:0.88438 Alpha:0.50027

[MOE_TRACE] Group:0 Prob:0.88438 Alpha:0.50027
[MOE_TRACE] Group:1 Prob:0.50141 Alpha:0.49989
[MOE_TRACE] Group:0 Prob:0.88438 Alpha:0.50027
[MOE_TRACE] Group:1 Prob:0.50141 Alpha:0.49989
[MOE_TRACE] Group:2 Prob:0.99681 Alpha:0.49979
[MOE_TRACE] Group:0 Prob:0.88022 Alpha:0.50028[MOE_TRACE] Group:0 Prob:0.88022 Alpha:0.50028

[MOE_TRACE] Group:1 Prob:0.49214 Alpha:0.49989
[MOE_TRACE] Group:1 Prob:0.49214 Alpha:0.49989
[MOE_TRACE] Group:2 Prob:0.99685 Alpha:0.49979
[MOE_TRACE] Group:2 Prob:0.99685 Alpha:0.49979
[MOE_TRACE] Group:0 Prob:0.88022 Alpha:0.50028
[MOE_TRACE] Group:1 Prob:0.49214 Alpha:0.49989
[MOE_TRACE] Group:2 Prob:0.99685 Alpha:0.49979
[MOE_TRACE] Group:0 Prob:0.88022 Alpha:0.50028
[MOE_TRACE] Group:1 Prob:0.49214 Alpha:0.49989
[MOE_TRACE] Group:2 Prob:0.99685 Alpha:0.49979
[MOE_TRACE] Group:0 Prob:0.88240 Alpha:0.50027[MOE_TRACE] Group:0 Prob:0.88240 Alpha:0.50027

[MOE_TRACE] Group:0 Prob:0.88240 Alpha:0.50027
[MOE_TRACE] Group:1 Prob:0.48270 Alpha:0.49989
[MOE_TRACE] Group:1 Prob:0.48270 Alpha:0.49989
[MOE_TRACE] Group:1 Prob:0.48270 Alpha:0.49989
[MOE_TRACE] Group:2 Prob:0.99685 Alpha:0.49979
[MOE_TRACE] Group:2 Prob:0.99685 Alpha:0.49979
[MOE_TRACE] Group:2 Prob:0.99685 Alpha:0.49979
[MOE_TRACE] Group:0 Prob:0.88240 Alpha:0.50027
[MOE_TRACE] Group:1 Prob:0.48270 Alpha:0.49989
[MOE_TRACE] Group:2 Prob:0.99685 Alpha:0.49979
[MOE_TRACE] Group:0 Prob:0.88135 Alpha:0.50027
[MOE_TRACE] Group:0 Prob:0.88135 Alpha:0.50027
[MOE_TRACE] Group:1 Prob:0.48173 Alpha:0.49989
[MOE_TRACE] Group:1 Prob:0.48173 Alpha:0.49989
[MOE_TRACE] Group:2 Prob:0.99682 Alpha:0.49979
[MOE_TRACE] Group:2 Prob:0.99682 Alpha:0.49979
[MOE_TRACE] Group:0 Prob:0.88135 Alpha:0.50027
[MOE_TRACE] Group:1 Prob:0.48173 Alpha:0.49989
[MOE_TRACE] Group:2 Prob:0.99682 Alpha:0.49979
[MOE_TRACE] Group:0 Prob:0.88135 Alpha:0.50027
[MOE_TRACE] Group:1 Prob:0.48173 Alpha:0.49989
[MOE_TRACE] Group:2 Prob:0.99682 Alpha:0.49979
[MOE_TRACE] Group:0 Prob:0.88299 Alpha:0.50027
[MOE_TRACE] Group:0 Prob:0.88299 Alpha:0.50027
[MOE_TRACE] Group:1 Prob:0.48415 Alpha:0.49989
[MOE_TRACE] Group:1 Prob:0.48415 Alpha:0.49989
[MOE_TRACE] Group:2 Prob:0.99681 Alpha:0.49979
[MOE_TRACE] Group:2 Prob:0.99681 Alpha:0.49979
[MOE_TRACE] Group:0 Prob:0.88299 Alpha:0.50027
[MOE_TRACE] Group:1 Prob:0.48415 Alpha:0.49989
[MOE_TRACE] Group:2 Prob:0.99681 Alpha:0.49979
[MOE_TRACE] Group:0 Prob:0.88299 Alpha:0.50027
[MOE_TRACE] Group:1 Prob:0.48415 Alpha:0.49989
[MOE_TRACE] Group:2 Prob:0.99681 Alpha:0.49979
[MOE_TRACE] Group:0 Prob:0.87572 Alpha:0.50028
[MOE_TRACE] Group:0 Prob:0.87572 Alpha:0.50028
[MOE_TRACE] Group:0 Prob:0.87879 Alpha:0.50028
[MOE_TRACE] Group:0 Prob:0.87879 Alpha:0.50028
[MOE_TRACE] Group:1 Prob:0.48417 Alpha:0.49989
[MOE_TRACE] Group:2 Prob:0.99680 Alpha:0.49979
[MOE_TRACE] Group:0 Prob:0.87772 Alpha:0.50028
[MOE_TRACE] Group:0 Prob:0.87772 Alpha:0.50028
[MOE_TRACE] Group:1 Prob:0.47484 Alpha:0.49989
[MOE_TRACE] Group:0 Prob:0.87772 Alpha:0.50028
[MOE_TRACE] Group:1 Prob:0.47484 Alpha:0.49989
[MOE_TRACE] Group:1 Prob:0.47484 Alpha:0.49989
[MOE_TRACE] Group:0 Prob:0.87772 Alpha:0.50028
[MOE_TRACE] Group:1 Prob:0.47484 Alpha:0.49989
[MOE_TRACE] Group:2 Prob:0.99683 Alpha:0.49979
[MOE_TRACE] Group:0 Prob:0.88196 Alpha:0.50027
[MOE_TRACE] Group:1 Prob:0.48679 Alpha:0.49989
[MOE_TRACE] Group:2 Prob:0.99670 Alpha:0.49980
[MOE_TRACE] Group:0 Prob:0.88196 Alpha:0.50027
[MOE_TRACE] Group:1 Prob:0.48679 Alpha:0.49989
[MOE_TRACE] Group:2 Prob:0.99670 Alpha:0.49980
[MOE_TRACE] Group:0 Prob:0.88196 Alpha:0.50027
[MOE_TRACE] Group:1 Prob:0.48679 Alpha:0.49989
[MOE_TRACE] Group:2 Prob:0.99670 Alpha:0.49980
[MOE_TRACE] Group:0 Prob:0.88196 Alpha:0.50027
[MOE_TRACE] Group:1 Prob:0.48679 Alpha:0.49989
[MOE_TRACE] Group:2 Prob:0.99670 Alpha:0.49980
[MOE_TRACE] Group:0 Prob:0.88143 Alpha:0.50027
[MOE_TRACE] Group:0 Prob:0.88143 Alpha:0.50027
[MOE_TRACE] Group:0 Prob:0.88143 Alpha:0.50027
[MOE_TRACE] Group:1 Prob:0.47935 Alpha:0.49989
[MOE_TRACE] Group:1 Prob:0.47935 Alpha:0.49989
[MOE_TRACE] Group:1 Prob:0.47935 Alpha:0.49989
[MOE_TRACE] Group:2 Prob:0.99676 Alpha:0.49980
[MOE_TRACE] Group:2 Prob:0.99676 Alpha:0.49980
[MOE_TRACE] Group:2 Prob:0.99676 Alpha:0.49980
[MOE_TRACE] Group:0 Prob:0.88143 Alpha:0.50027
[MOE_TRACE] Group:1 Prob:0.47935 Alpha:0.49989
[MOE_TRACE] Group:2 Prob:0.99676 Alpha:0.49980
[MOE_TRACE] Group:0 Prob:0.88022 Alpha:0.50028[MOE_TRACE] Group:0 Prob:0.88022 Alpha:0.50028

[MOE_TRACE] Group:1 Prob:0.47773 Alpha:0.49989[MOE_TRACE] Group:1 Prob:0.47773 Alpha:0.49989

[MOE_TRACE] Group:0 Prob:0.88022 Alpha:0.50028
[MOE_TRACE] Group:2 Prob:0.99682 Alpha:0.49979[MOE_TRACE] Group:2 Prob:0.99682 Alpha:0.49979

[MOE_TRACE] Group:1 Prob:0.47773 Alpha:0.49989
[MOE_TRACE] Group:2 Prob:0.99682 Alpha:0.49979
[MOE_TRACE] Group:0 Prob:0.88022 Alpha:0.50028
[MOE_TRACE] Group:1 Prob:0.47773 Alpha:0.49989
[MOE_TRACE] Group:2 Prob:0.99682 Alpha:0.49979
[MOE_TRACE] Group:0 Prob:0.88001 Alpha:0.50028[MOE_TRACE] Group:0 Prob:0.88001 Alpha:0.50028

[MOE_TRACE] Group:0 Prob:0.88001 Alpha:0.50028
[MOE_TRACE] Group:1 Prob:0.48314 Alpha:0.49990[MOE_TRACE] Group:1 Prob:0.48314 Alpha:0.49990

[MOE_TRACE] Group:1 Prob:0.48314 Alpha:0.49990
[MOE_TRACE] Group:2 Prob:0.99688 Alpha:0.49979[MOE_TRACE] Group:2 Prob:0.99688 Alpha:0.49979

[MOE_TRACE] Group:2 Prob:0.99688 Alpha:0.49979
[MOE_TRACE] Group:0 Prob:0.88001 Alpha:0.50028
[MOE_TRACE] Group:1 Prob:0.48314 Alpha:0.49990
[MOE_TRACE] Group:2 Prob:0.99688 Alpha:0.49979
[MOE_TRACE] Group:0 Prob:0.88053 Alpha:0.50027
[MOE_TRACE] Group:0 Prob:0.88053 Alpha:0.50027
[MOE_TRACE] Group:1 Prob:0.47438 Alpha:0.49991
[MOE_TRACE] Group:0 Prob:0.88053 Alpha:0.50027
[MOE_TRACE] Group:1 Prob:0.47438 Alpha:0.49991
[MOE_TRACE] Group:2 Prob:0.99687 Alpha:0.49979
[MOE_TRACE] Group:1 Prob:0.47438 Alpha:0.49991
[MOE_TRACE] Group:2 Prob:0.99687 Alpha:0.49979
[MOE_TRACE] Group:2 Prob:0.99687 Alpha:0.49979
[MOE_TRACE] Group:0 Prob:0.88053 Alpha:0.50027
[MOE_TRACE] Group:1 Prob:0.47438 Alpha:0.49991
[MOE_TRACE] Group:2 Prob:0.99687 Alpha:0.49979
[MOE_TRACE] Group:0 Prob:0.88175 Alpha:0.50027
[MOE_TRACE] Group:0 Prob:0.88175 Alpha:0.50027
[MOE_TRACE] Group:0 Prob:0.88175 Alpha:0.50027
[MOE_TRACE] Group:1 Prob:0.48000 Alpha:0.49991
[MOE_TRACE] Group:1 Prob:0.48000 Alpha:0.49991[MOE_TRACE] Group:1 Prob:0.48000 Alpha:0.49991

[MOE_TRACE] Group:2 Prob:0.99684 Alpha:0.49979
[MOE_TRACE] Group:2 Prob:0.99684 Alpha:0.49979
[MOE_TRACE] Group:2 Prob:0.99684 Alpha:0.49979
[MOE_TRACE] Group:0 Prob:0.88175 Alpha:0.50027
[MOE_TRACE] Group:1 Prob:0.48000 Alpha:0.49991
[MOE_TRACE] Group:2 Prob:0.99684 Alpha:0.49979
[MOE_TRACE] Group:0 Prob:0.87939 Alpha:0.50027
[MOE_TRACE] Group:0 Prob:0.87939 Alpha:0.50027
[MOE_TRACE] Group:0 Prob:0.87939 Alpha:0.50027
[MOE_TRACE] Group:1 Prob:0.47299 Alpha:0.49990
[MOE_TRACE] Group:0 Prob:0.87939 Alpha:0.50027
[MOE_TRACE] Group:1 Prob:0.47299 Alpha:0.49990
[MOE_TRACE] Group:2 Prob:0.99688 Alpha:0.49979
[MOE_TRACE] Group:0 Prob:0.88148 Alpha:0.50027
[MOE_TRACE] Group:0 Prob:0.88148 Alpha:0.50027
[MOE_TRACE] Group:0 Prob:0.88148 Alpha:0.50027
[MOE_TRACE] Group:1 Prob:0.47751 Alpha:0.49990
[MOE_TRACE] Group:0 Prob:0.88148 Alpha:0.50027
[MOE_TRACE] Group:1 Prob:0.47751 Alpha:0.49990
[MOE_TRACE] Group:2 Prob:0.99691 Alpha:0.49978
Epoch: 1 cost time: 120.90600371360779
Epoch: 1, Steps: 146 | Train Loss: 0.6243354 Vali Loss: 0.3030031 Test Loss: 0.2900358
Validation loss decreased (inf --> 0.303003).  Saving model ...
Updating learning rate to 0.0001
[MOE_TRACE] Group:0 Prob:0.87995 Alpha:0.50027
[MOE_TRACE] Group:0 Prob:0.87995 Alpha:0.50027
[MOE_TRACE] Group:0 Prob:0.87995 Alpha:0.50027
[MOE_TRACE] Group:1 Prob:0.46983 Alpha:0.49990
[MOE_TRACE] Group:1 Prob:0.46983 Alpha:0.49990
[MOE_TRACE] Group:1 Prob:0.46983 Alpha:0.49990
[MOE_TRACE] Group:2 Prob:0.99690 Alpha:0.49979
[MOE_TRACE] Group:2 Prob:0.99690 Alpha:0.49979
[MOE_TRACE] Group:2 Prob:0.99690 Alpha:0.49979
[MOE_TRACE] Group:0 Prob:0.87995 Alpha:0.50027
[MOE_TRACE] Group:1 Prob:0.46983 Alpha:0.49990
[MOE_TRACE] Group:2 Prob:0.99690 Alpha:0.49979
[MOE_TRACE] Group:0 Prob:0.88536 Alpha:0.50027
[MOE_TRACE] Group:0 Prob:0.88536 Alpha:0.50027
[MOE_TRACE] Group:1 Prob:0.47612 Alpha:0.49991
[MOE_TRACE] Group:1 Prob:0.47612 Alpha:0.49991
[MOE_TRACE] Group:0 Prob:0.88536 Alpha:0.50027
[MOE_TRACE] Group:2 Prob:0.99684 Alpha:0.49979[MOE_TRACE] Group:2 Prob:0.99684 Alpha:0.49979

[MOE_TRACE] Group:1 Prob:0.47612 Alpha:0.49991
[MOE_TRACE] Group:2 Prob:0.99684 Alpha:0.49979
[MOE_TRACE] Group:0 Prob:0.88536 Alpha:0.50027
[MOE_TRACE] Group:1 Prob:0.47612 Alpha:0.49991
[MOE_TRACE] Group:2 Prob:0.99684 Alpha:0.49979
[MOE_TRACE] Group:0 Prob:0.87666 Alpha:0.50027[MOE_TRACE] Group:0 Prob:0.87666 Alpha:0.50027[MOE_TRACE] Group:0 Prob:0.87666 Alpha:0.50027


[MOE_TRACE] Group:1 Prob:0.47229 Alpha:0.49991
[MOE_TRACE] Group:1 Prob:0.47229 Alpha:0.49991
[MOE_TRACE] Group:1 Prob:0.47229 Alpha:0.49991
[MOE_TRACE] Group:2 Prob:0.99682 Alpha:0.49979
[MOE_TRACE] Group:2 Prob:0.99682 Alpha:0.49979
[MOE_TRACE] Group:2 Prob:0.99682 Alpha:0.49979
[MOE_TRACE] Group:0 Prob:0.87666 Alpha:0.50027
[MOE_TRACE] Group:1 Prob:0.47229 Alpha:0.49991
[MOE_TRACE] Group:2 Prob:0.99682 Alpha:0.49979
[MOE_TRACE] Group:0 Prob:0.87784 Alpha:0.50028
[MOE_TRACE] Group:1 Prob:0.47186 Alpha:0.49991
[MOE_TRACE] Group:0 Prob:0.87784 Alpha:0.50028
[MOE_TRACE] Group:1 Prob:0.47186 Alpha:0.49991
[MOE_TRACE] Group:2 Prob:0.99690 Alpha:0.49979
[MOE_TRACE] Group:2 Prob:0.99690 Alpha:0.49979
[MOE_TRACE] Group:0 Prob:0.87784 Alpha:0.50028
[MOE_TRACE] Group:1 Prob:0.47186 Alpha:0.49991
[MOE_TRACE] Group:2 Prob:0.99688 Alpha:0.49979
[MOE_TRACE] Group:0 Prob:0.87784 Alpha:0.50028
[MOE_TRACE] Group:1 Prob:0.47186 Alpha:0.49991
[MOE_TRACE] Group:2 Prob:0.99688 Alpha:0.49979
[MOE_TRACE] Group:0 Prob:0.88440 Alpha:0.50028
[MOE_TRACE] Group:0 Prob:0.88440 Alpha:0.50028
[MOE_TRACE] Group:0 Prob:0.88440 Alpha:0.50028[MOE_TRACE] Group:1 Prob:0.46641 Alpha:0.49991

[MOE_TRACE] Group:1 Prob:0.46641 Alpha:0.49991
[MOE_TRACE] Group:1 Prob:0.46641 Alpha:0.49991
[MOE_TRACE] Group:2 Prob:0.99691 Alpha:0.49979
[MOE_TRACE] Group:2 Prob:0.99691 Alpha:0.49979
[MOE_TRACE] Group:2 Prob:0.99691 Alpha:0.49979
[MOE_TRACE] Group:0 Prob:0.88440 Alpha:0.50028
[MOE_TRACE] Group:1 Prob:0.46641 Alpha:0.49991
[MOE_TRACE] Group:2 Prob:0.99691 Alpha:0.49979
[MOE_TRACE] Group:0 Prob:0.88167 Alpha:0.50027
[MOE_TRACE] Group:0 Prob:0.88167 Alpha:0.50027
[MOE_TRACE] Group:0 Prob:0.88167 Alpha:0.50027
[MOE_TRACE] Group:1 Prob:0.46666 Alpha:0.49991
[MOE_TRACE] Group:1 Prob:0.46666 Alpha:0.49991
[MOE_TRACE] Group:1 Prob:0.46666 Alpha:0.49991
[MOE_TRACE] Group:2 Prob:0.99683 Alpha:0.49979
[MOE_TRACE] Group:2 Prob:0.99683 Alpha:0.49979
[MOE_TRACE] Group:2 Prob:0.99683 Alpha:0.49979
[MOE_TRACE] Group:0 Prob:0.88167 Alpha:0.50027
[MOE_TRACE] Group:1 Prob:0.46666 Alpha:0.49991
[MOE_TRACE] Group:2 Prob:0.99683 Alpha:0.49979
[MOE_TRACE] Group:0 Prob:0.87997 Alpha:0.50027[MOE_TRACE] Group:0 Prob:0.87997 Alpha:0.50027
[MOE_TRACE] Group:0 Prob:0.87997 Alpha:0.50027

[MOE_TRACE] Group:1 Prob:0.46081 Alpha:0.49991[MOE_TRACE] Group:1 Prob:0.46081 Alpha:0.49991

[MOE_TRACE] Group:1 Prob:0.46081 Alpha:0.49991
[MOE_TRACE] Group:0 Prob:0.87997 Alpha:0.50027
[MOE_TRACE] Group:1 Prob:0.46081 Alpha:0.49991
[MOE_TRACE] Group:2 Prob:0.99679 Alpha:0.49979
[MOE_TRACE] Group:0 Prob:0.88087 Alpha:0.50028
[MOE_TRACE] Group:0 Prob:0.88087 Alpha:0.50028
[MOE_TRACE] Group:0 Prob:0.88087 Alpha:0.50028
[MOE_TRACE] Group:1 Prob:0.45823 Alpha:0.49991
[MOE_TRACE] Group:1 Prob:0.45823 Alpha:0.49991[MOE_TRACE] Group:1 Prob:0.45823 Alpha:0.49991

[MOE_TRACE] Group:2 Prob:0.99666 Alpha:0.49980
[MOE_TRACE] Group:2 Prob:0.99666 Alpha:0.49980
[MOE_TRACE] Group:2 Prob:0.99666 Alpha:0.49980
[MOE_TRACE] Group:0 Prob:0.88087 Alpha:0.50028
[MOE_TRACE] Group:1 Prob:0.45823 Alpha:0.49991
[MOE_TRACE] Group:2 Prob:0.99666 Alpha:0.49980
[MOE_TRACE] Group:0 Prob:0.88033 Alpha:0.50028
[MOE_TRACE] Group:0 Prob:0.88033 Alpha:0.50028
[MOE_TRACE] Group:0 Prob:0.88033 Alpha:0.50028[MOE_TRACE] Group:1 Prob:0.46111 Alpha:0.49991

[MOE_TRACE] Group:1 Prob:0.46111 Alpha:0.49991
[MOE_TRACE] Group:2 Prob:0.99662 Alpha:0.49981
[MOE_TRACE] Group:1 Prob:0.46111 Alpha:0.49991
[MOE_TRACE] Group:2 Prob:0.99662 Alpha:0.49981
[MOE_TRACE] Group:2 Prob:0.99662 Alpha:0.49981
[MOE_TRACE] Group:0 Prob:0.88033 Alpha:0.50028
[MOE_TRACE] Group:1 Prob:0.46111 Alpha:0.49991
[MOE_TRACE] Group:2 Prob:0.99662 Alpha:0.49981
[MOE_TRACE] Group:0 Prob:0.88309 Alpha:0.50027[MOE_TRACE] Group:0 Prob:0.88309 Alpha:0.50027[MOE_TRACE] Group:0 Prob:0.88309 Alpha:0.50027


[MOE_TRACE] Group:1 Prob:0.46014 Alpha:0.49992
[MOE_TRACE] Group:1 Prob:0.46014 Alpha:0.49992
[MOE_TRACE] Group:1 Prob:0.46014 Alpha:0.49992
[MOE_TRACE] Group:2 Prob:0.99661 Alpha:0.49980
[MOE_TRACE] Group:2 Prob:0.99661 Alpha:0.49980
[MOE_TRACE] Group:2 Prob:0.99661 Alpha:0.49980
[MOE_TRACE] Group:0 Prob:0.88309 Alpha:0.50027
[MOE_TRACE] Group:1 Prob:0.46014 Alpha:0.49992
[MOE_TRACE] Group:2 Prob:0.99661 Alpha:0.49980
[MOE_TRACE] Group:0 Prob:0.88323 Alpha:0.50027
[MOE_TRACE] Group:1 Prob:0.46482 Alpha:0.49993
[MOE_TRACE] Group:0 Prob:0.88323 Alpha:0.50027[MOE_TRACE] Group:0 Prob:0.88323 Alpha:0.50027

[MOE_TRACE] Group:2 Prob:0.99672 Alpha:0.49980
[MOE_TRACE] Group:1 Prob:0.46482 Alpha:0.49993
[MOE_TRACE] Group:1 Prob:0.46482 Alpha:0.49993
[MOE_TRACE] Group:2 Prob:0.99672 Alpha:0.49980
[MOE_TRACE] Group:2 Prob:0.99672 Alpha:0.49980
[MOE_TRACE] Group:0 Prob:0.88323 Alpha:0.50027
[MOE_TRACE] Group:1 Prob:0.46482 Alpha:0.49993
[MOE_TRACE] Group:2 Prob:0.99672 Alpha:0.49980
[MOE_TRACE] Group:0 Prob:0.88265 Alpha:0.50028
[MOE_TRACE] Group:0 Prob:0.88265 Alpha:0.50028[MOE_TRACE] Group:0 Prob:0.88265 Alpha:0.50028

[MOE_TRACE] Group:1 Prob:0.45608 Alpha:0.49994[MOE_TRACE] Group:1 Prob:0.45608 Alpha:0.49994

[MOE_TRACE] Group:1 Prob:0.45608 Alpha:0.49994
[MOE_TRACE] Group:2 Prob:0.99671 Alpha:0.49980
[MOE_TRACE] Group:2 Prob:0.99671 Alpha:0.49980
[MOE_TRACE] Group:2 Prob:0.99671 Alpha:0.49980
[MOE_TRACE] Group:0 Prob:0.88265 Alpha:0.50028
[MOE_TRACE] Group:1 Prob:0.45608 Alpha:0.49994
[MOE_TRACE] Group:2 Prob:0.99671 Alpha:0.49980
[MOE_TRACE] Group:0 Prob:0.87933 Alpha:0.50028[MOE_TRACE] Group:0 Prob:0.87933 Alpha:0.50028

[MOE_TRACE] Group:1 Prob:0.45508 Alpha:0.49994
[MOE_TRACE] Group:1 Prob:0.45508 Alpha:0.49994
[MOE_TRACE] Group:2 Prob:0.99680 Alpha:0.49979
[MOE_TRACE] Group:2 Prob:0.99680 Alpha:0.49979
[MOE_TRACE] Group:0 Prob:0.87933 Alpha:0.50028
[MOE_TRACE] Group:1 Prob:0.45508 Alpha:0.49994
[MOE_TRACE] Group:2 Prob:0.99680 Alpha:0.49979
[MOE_TRACE] Group:0 Prob:0.87933 Alpha:0.50028
[MOE_TRACE] Group:1 Prob:0.45508 Alpha:0.49994
[MOE_TRACE] Group:2 Prob:0.99680 Alpha:0.49979
[MOE_TRACE] Group:0 Prob:0.88279 Alpha:0.50028
[MOE_TRACE] Group:1 Prob:0.45964 Alpha:0.49994
[MOE_TRACE] Group:0 Prob:0.88279 Alpha:0.50028
[MOE_TRACE] Group:2 Prob:0.99673 Alpha:0.49980
[MOE_TRACE] Group:1 Prob:0.45964 Alpha:0.49994
[MOE_TRACE] Group:2 Prob:0.99673 Alpha:0.49980
[MOE_TRACE] Group:0 Prob:0.88279 Alpha:0.50028
[MOE_TRACE] Group:1 Prob:0.45964 Alpha:0.49994
[MOE_TRACE] Group:2 Prob:0.99673 Alpha:0.49980
[MOE_TRACE] Group:0 Prob:0.88279 Alpha:0.50028
[MOE_TRACE] Group:1 Prob:0.45964 Alpha:0.49994
[MOE_TRACE] Group:2 Prob:0.99673 Alpha:0.49980
[MOE_TRACE] Group:0 Prob:0.88604 Alpha:0.50028
[MOE_TRACE] Group:1 Prob:0.46213 Alpha:0.49994
[MOE_TRACE] Group:0 Prob:0.88604 Alpha:0.50028
[MOE_TRACE] Group:0 Prob:0.88604 Alpha:0.50028
[MOE_TRACE] Group:1 Prob:0.46213 Alpha:0.49994
[MOE_TRACE] Group:1 Prob:0.46213 Alpha:0.49994
[MOE_TRACE] Group:2 Prob:0.99670 Alpha:0.49980[MOE_TRACE] Group:2 Prob:0.99670 Alpha:0.49980

[MOE_TRACE] Group:0 Prob:0.88604 Alpha:0.50028
[MOE_TRACE] Group:1 Prob:0.46213 Alpha:0.49994
[MOE_TRACE] Group:2 Prob:0.99670 Alpha:0.49980
[MOE_TRACE] Group:0 Prob:0.88236 Alpha:0.50028
[MOE_TRACE] Group:1 Prob:0.45755 Alpha:0.49994
[MOE_TRACE] Group:0 Prob:0.88236 Alpha:0.50028
[MOE_TRACE] Group:2 Prob:0.99672 Alpha:0.49980
[MOE_TRACE] Group:1 Prob:0.45755 Alpha:0.49994
[MOE_TRACE] Group:0 Prob:0.88236 Alpha:0.50028
[MOE_TRACE] Group:1 Prob:0.45755 Alpha:0.49994
[MOE_TRACE] Group:2 Prob:0.99671 Alpha:0.49980
[MOE_TRACE] Group:2 Prob:0.99671 Alpha:0.49980
[MOE_TRACE] Group:0 Prob:0.88236 Alpha:0.50028
[MOE_TRACE] Group:1 Prob:0.45755 Alpha:0.49994
[MOE_TRACE] Group:2 Prob:0.99671 Alpha:0.49980
[MOE_TRACE] Group:0 Prob:0.87840 Alpha:0.50029[MOE_TRACE] Group:0 Prob:0.87840 Alpha:0.50029

[MOE_TRACE] Group:0 Prob:0.87840 Alpha:0.50029
[MOE_TRACE] Group:1 Prob:0.45982 Alpha:0.49994
[MOE_TRACE] Group:0 Prob:0.87840 Alpha:0.50029
[MOE_TRACE] Group:1 Prob:0.45982 Alpha:0.49994
[MOE_TRACE] Group:2 Prob:0.99673 Alpha:0.49980
[MOE_TRACE] Group:0 Prob:0.88052 Alpha:0.50029
[MOE_TRACE] Group:1 Prob:0.45878 Alpha:0.49993
[MOE_TRACE] Group:2 Prob:0.99672 Alpha:0.49980
[MOE_TRACE] Group:0 Prob:0.88052 Alpha:0.50029
[MOE_TRACE] Group:0 Prob:0.88052 Alpha:0.50029
[MOE_TRACE] Group:1 Prob:0.45878 Alpha:0.49993
[MOE_TRACE] Group:2 Prob:0.99672 Alpha:0.49980
[MOE_TRACE] Group:1 Prob:0.45878 Alpha:0.49993
[MOE_TRACE] Group:2 Prob:0.99672 Alpha:0.49980
[MOE_TRACE] Group:0 Prob:0.88052 Alpha:0.50029
[MOE_TRACE] Group:1 Prob:0.45878 Alpha:0.49993
[MOE_TRACE] Group:2 Prob:0.99672 Alpha:0.49980
[MOE_TRACE] Group:0 Prob:0.87904 Alpha:0.50028
[MOE_TRACE] Group:0 Prob:0.87904 Alpha:0.50028
[MOE_TRACE] Group:0 Prob:0.87904 Alpha:0.50028
[MOE_TRACE] Group:1 Prob:0.45119 Alpha:0.49994[MOE_TRACE] Group:1 Prob:0.45119 Alpha:0.49994

[MOE_TRACE] Group:1 Prob:0.45119 Alpha:0.49994
[MOE_TRACE] Group:2 Prob:0.99673 Alpha:0.49980
[MOE_TRACE] Group:2 Prob:0.99673 Alpha:0.49980
[MOE_TRACE] Group:2 Prob:0.99673 Alpha:0.49980
[MOE_TRACE] Group:0 Prob:0.87904 Alpha:0.50028
[MOE_TRACE] Group:1 Prob:0.45119 Alpha:0.49994
[MOE_TRACE] Group:2 Prob:0.99673 Alpha:0.49980
[MOE_TRACE] Group:0 Prob:0.88618 Alpha:0.50028
[MOE_TRACE] Group:1 Prob:0.46670 Alpha:0.49995
[MOE_TRACE] Group:0 Prob:0.88618 Alpha:0.50028
[MOE_TRACE] Group:1 Prob:0.46670 Alpha:0.49995
[MOE_TRACE] Group:0 Prob:0.88618 Alpha:0.50028
[MOE_TRACE] Group:1 Prob:0.46670 Alpha:0.49995
[MOE_TRACE] Group:2 Prob:0.99674 Alpha:0.49980[MOE_TRACE] Group:2 Prob:0.99674 Alpha:0.49980[MOE_TRACE] Group:2 Prob:0.99674 Alpha:0.49980


[MOE_TRACE] Group:0 Prob:0.88618 Alpha:0.50028
[MOE_TRACE] Group:1 Prob:0.46670 Alpha:0.49995
[MOE_TRACE] Group:2 Prob:0.99674 Alpha:0.49980
[MOE_TRACE] Group:0 Prob:0.88145 Alpha:0.50027
[MOE_TRACE] Group:1 Prob:0.47156 Alpha:0.49995[MOE_TRACE] Group:0 Prob:0.88145 Alpha:0.50027

[MOE_TRACE] Group:1 Prob:0.47156 Alpha:0.49995
[MOE_TRACE] Group:0 Prob:0.88145 Alpha:0.50027
[MOE_TRACE] Group:1 Prob:0.47156 Alpha:0.49995
[MOE_TRACE] Group:2 Prob:0.99678 Alpha:0.49979
[MOE_TRACE] Group:0 Prob:0.88145 Alpha:0.50027
[MOE_TRACE] Group:1 Prob:0.47156 Alpha:0.49995
[MOE_TRACE] Group:2 Prob:0.99678 Alpha:0.49979
[MOE_TRACE] Group:0 Prob:0.87988 Alpha:0.50028[MOE_TRACE] Group:0 Prob:0.87988 Alpha:0.50028

[MOE_TRACE] Group:0 Prob:0.87988 Alpha:0.50028
[MOE_TRACE] Group:1 Prob:0.46190 Alpha:0.49995[MOE_TRACE] Group:1 Prob:0.46190 Alpha:0.49995

[MOE_TRACE] Group:1 Prob:0.46190 Alpha:0.49995
[MOE_TRACE] Group:2 Prob:0.99687 Alpha:0.49979
[MOE_TRACE] Group:2 Prob:0.99687 Alpha:0.49979
[MOE_TRACE] Group:2 Prob:0.99687 Alpha:0.49979
[MOE_TRACE] Group:0 Prob:0.87988 Alpha:0.50028
[MOE_TRACE] Group:1 Prob:0.46190 Alpha:0.49995
[MOE_TRACE] Group:2 Prob:0.99687 Alpha:0.49979
[MOE_TRACE] Group:0 Prob:0.88372 Alpha:0.50028
[MOE_TRACE] Group:1 Prob:0.46465 Alpha:0.49995
[MOE_TRACE] Group:2 Prob:0.99688 Alpha:0.49978
[MOE_TRACE] Group:0 Prob:0.88372 Alpha:0.50028
[MOE_TRACE] Group:1 Prob:0.46465 Alpha:0.49995
[MOE_TRACE] Group:0 Prob:0.88372 Alpha:0.50028
[MOE_TRACE] Group:1 Prob:0.46465 Alpha:0.49995
[MOE_TRACE] Group:2 Prob:0.99688 Alpha:0.49978
[MOE_TRACE] Group:2 Prob:0.99688 Alpha:0.49978
[MOE_TRACE] Group:0 Prob:0.88372 Alpha:0.50028
[MOE_TRACE] Group:1 Prob:0.46465 Alpha:0.49995
[MOE_TRACE] Group:2 Prob:0.99688 Alpha:0.49978
[MOE_TRACE] Group:0 Prob:0.88412 Alpha:0.50027
[MOE_TRACE] Group:1 Prob:0.47080 Alpha:0.49995
[MOE_TRACE] Group:0 Prob:0.88412 Alpha:0.50027
[MOE_TRACE] Group:0 Prob:0.88412 Alpha:0.50027
[MOE_TRACE] Group:1 Prob:0.47080 Alpha:0.49995
[MOE_TRACE] Group:1 Prob:0.47080 Alpha:0.49995
[MOE_TRACE] Group:2 Prob:0.99687 Alpha:0.49979
[MOE_TRACE] Group:2 Prob:0.99687 Alpha:0.49979
[MOE_TRACE] Group:0 Prob:0.88412 Alpha:0.50027
[MOE_TRACE] Group:1 Prob:0.47080 Alpha:0.49995
[MOE_TRACE] Group:2 Prob:0.99687 Alpha:0.49979
[MOE_TRACE] Group:0 Prob:0.88143 Alpha:0.50027
[MOE_TRACE] Group:0 Prob:0.88143 Alpha:0.50027[MOE_TRACE] Group:0 Prob:0.88143 Alpha:0.50027

[MOE_TRACE] Group:1 Prob:0.45217 Alpha:0.49995
[MOE_TRACE] Group:1 Prob:0.45217 Alpha:0.49995
[MOE_TRACE] Group:2 Prob:0.99679 Alpha:0.49979
[MOE_TRACE] Group:2 Prob:0.99679 Alpha:0.49979
[MOE_TRACE] Group:1 Prob:0.45217 Alpha:0.49995
[MOE_TRACE] Group:2 Prob:0.99679 Alpha:0.49979
[MOE_TRACE] Group:0 Prob:0.88143 Alpha:0.50027
[MOE_TRACE] Group:1 Prob:0.45217 Alpha:0.49995
[MOE_TRACE] Group:2 Prob:0.99679 Alpha:0.49979
[MOE_TRACE] Group:0 Prob:0.88363 Alpha:0.50027
[MOE_TRACE] Group:1 Prob:0.46664 Alpha:0.49995
[MOE_TRACE] Group:2 Prob:0.99679 Alpha:0.49979
[MOE_TRACE] Group:0 Prob:0.88363 Alpha:0.50027
[MOE_TRACE] Group:0 Prob:0.88363 Alpha:0.50027
[MOE_TRACE] Group:1 Prob:0.46664 Alpha:0.49995
[MOE_TRACE] Group:2 Prob:0.99679 Alpha:0.49979
[MOE_TRACE] Group:1 Prob:0.46664 Alpha:0.49995
[MOE_TRACE] Group:2 Prob:0.99679 Alpha:0.49979
[MOE_TRACE] Group:0 Prob:0.88363 Alpha:0.50027
[MOE_TRACE] Group:1 Prob:0.46664 Alpha:0.49995
[MOE_TRACE] Group:2 Prob:0.99679 Alpha:0.49979
[MOE_TRACE] Group:0 Prob:0.88716 Alpha:0.50027
[MOE_TRACE] Group:1 Prob:0.45341 Alpha:0.49996[MOE_TRACE] Group:0 Prob:0.88716 Alpha:0.50027

[MOE_TRACE] Group:1 Prob:0.45341 Alpha:0.49996
[MOE_TRACE] Group:0 Prob:0.88716 Alpha:0.50027
[MOE_TRACE] Group:1 Prob:0.45341 Alpha:0.49996
[MOE_TRACE] Group:2 Prob:0.99681 Alpha:0.49979
[MOE_TRACE] Group:0 Prob:0.88716 Alpha:0.50027
[MOE_TRACE] Group:1 Prob:0.45341 Alpha:0.49996
[MOE_TRACE] Group:2 Prob:0.99681 Alpha:0.49979
[MOE_TRACE] Group:0 Prob:0.88340 Alpha:0.50026
[MOE_TRACE] Group:1 Prob:0.45983 Alpha:0.49996
[MOE_TRACE] Group:2 Prob:0.99690 Alpha:0.49978
[MOE_TRACE] Group:0 Prob:0.88340 Alpha:0.50026
[MOE_TRACE] Group:0 Prob:0.88340 Alpha:0.50026
[MOE_TRACE] Group:1 Prob:0.45983 Alpha:0.49996
[MOE_TRACE] Group:0 Prob:0.88340 Alpha:0.50026[MOE_TRACE] Group:1 Prob:0.45983 Alpha:0.49996

[MOE_TRACE] Group:2 Prob:0.99690 Alpha:0.49978
[MOE_TRACE] Group:1 Prob:0.45983 Alpha:0.49996
[MOE_TRACE] Group:2 Prob:0.99690 Alpha:0.49978
[MOE_TRACE] Group:2 Prob:0.99690 Alpha:0.49978
[MOE_TRACE] Group:0 Prob:0.88581 Alpha:0.50026
[MOE_TRACE] Group:0 Prob:0.88581 Alpha:0.50026
[MOE_TRACE] Group:0 Prob:0.88581 Alpha:0.50026
[MOE_TRACE] Group:1 Prob:0.45644 Alpha:0.49997
[MOE_TRACE] Group:0 Prob:0.88581 Alpha:0.50026
[MOE_TRACE] Group:1 Prob:0.45644 Alpha:0.49997
[MOE_TRACE] Group:2 Prob:0.99697 Alpha:0.49978
[MOE_TRACE] Group:0 Prob:0.88712 Alpha:0.50026
[MOE_TRACE] Group:0 Prob:0.88712 Alpha:0.50026
[MOE_TRACE] Group:1 Prob:0.45422 Alpha:0.49998
[MOE_TRACE] Group:1 Prob:0.45422 Alpha:0.49998
[MOE_TRACE] Group:0 Prob:0.88712 Alpha:0.50026
[MOE_TRACE] Group:2 Prob:0.99699 Alpha:0.49977
[MOE_TRACE] Group:2 Prob:0.99699 Alpha:0.49977
[MOE_TRACE] Group:1 Prob:0.45422 Alpha:0.49998
[MOE_TRACE] Group:2 Prob:0.99699 Alpha:0.49977
[MOE_TRACE] Group:0 Prob:0.88712 Alpha:0.50026
[MOE_TRACE] Group:1 Prob:0.45422 Alpha:0.49998
[MOE_TRACE] Group:2 Prob:0.99699 Alpha:0.49977
[MOE_TRACE] Group:0 Prob:0.88557 Alpha:0.50026
[MOE_TRACE] Group:0 Prob:0.88557 Alpha:0.50026
[MOE_TRACE] Group:1 Prob:0.46239 Alpha:0.49999
[MOE_TRACE] Group:0 Prob:0.88557 Alpha:0.50026
[MOE_TRACE] Group:1 Prob:0.46239 Alpha:0.49999
[MOE_TRACE] Group:2 Prob:0.99691 Alpha:0.49977
[MOE_TRACE] Group:1 Prob:0.46239 Alpha:0.49999
[MOE_TRACE] Group:2 Prob:0.99691 Alpha:0.49977
[MOE_TRACE] Group:2 Prob:0.99691 Alpha:0.49977
[MOE_TRACE] Group:0 Prob:0.88557 Alpha:0.50026
[MOE_TRACE] Group:1 Prob:0.46239 Alpha:0.49999
[MOE_TRACE] Group:2 Prob:0.99691 Alpha:0.49977
[MOE_TRACE] Group:0 Prob:0.88564 Alpha:0.50026
[MOE_TRACE] Group:1 Prob:0.45524 Alpha:0.50000
[MOE_TRACE] Group:2 Prob:0.99699 Alpha:0.49978
[MOE_TRACE] Group:0 Prob:0.88564 Alpha:0.50026
[MOE_TRACE] Group:0 Prob:0.88564 Alpha:0.50026
[MOE_TRACE] Group:1 Prob:0.45524 Alpha:0.50000
[MOE_TRACE] Group:1 Prob:0.45524 Alpha:0.50000[MOE_TRACE] Group:2 Prob:0.99699 Alpha:0.49978

[MOE_TRACE] Group:2 Prob:0.99699 Alpha:0.49978
[MOE_TRACE] Group:0 Prob:0.88564 Alpha:0.50026
[MOE_TRACE] Group:1 Prob:0.45524 Alpha:0.50000
[MOE_TRACE] Group:2 Prob:0.99699 Alpha:0.49978
[MOE_TRACE] Group:0 Prob:0.88677 Alpha:0.50027
[MOE_TRACE] Group:0 Prob:0.88677 Alpha:0.50027
[MOE_TRACE] Group:1 Prob:0.45462 Alpha:0.50000
[MOE_TRACE] Group:1 Prob:0.45462 Alpha:0.50000
[MOE_TRACE] Group:0 Prob:0.88677 Alpha:0.50027
[MOE_TRACE] Group:1 Prob:0.45462 Alpha:0.50000
[MOE_TRACE] Group:0 Prob:0.88677 Alpha:0.50027
[MOE_TRACE] Group:1 Prob:0.45462 Alpha:0.50000
[MOE_TRACE] Group:2 Prob:0.99691 Alpha:0.49978
[MOE_TRACE] Group:0 Prob:0.88443 Alpha:0.50026
[MOE_TRACE] Group:0 Prob:0.88443 Alpha:0.50026[MOE_TRACE] Group:1 Prob:0.45414 Alpha:0.50001

[MOE_TRACE] Group:0 Prob:0.88443 Alpha:0.50026
[MOE_TRACE] Group:2 Prob:0.99683 Alpha:0.49979[MOE_TRACE] Group:1 Prob:0.45414 Alpha:0.50001

[MOE_TRACE] Group:1 Prob:0.45414 Alpha:0.50001
[MOE_TRACE] Group:2 Prob:0.99683 Alpha:0.49979
[MOE_TRACE] Group:2 Prob:0.99683 Alpha:0.49979
[MOE_TRACE] Group:0 Prob:0.88443 Alpha:0.50026
[MOE_TRACE] Group:1 Prob:0.45414 Alpha:0.50001
[MOE_TRACE] Group:2 Prob:0.99683 Alpha:0.49979
[MOE_TRACE] Group:0 Prob:0.88842 Alpha:0.50026
[MOE_TRACE] Group:0 Prob:0.88842 Alpha:0.50026
[MOE_TRACE] Group:1 Prob:0.46601 Alpha:0.50001
[MOE_TRACE] Group:2 Prob:0.99686 Alpha:0.49978
[MOE_TRACE] Group:1 Prob:0.46601 Alpha:0.50001
[MOE_TRACE] Group:0 Prob:0.88842 Alpha:0.50026
[MOE_TRACE] Group:2 Prob:0.99686 Alpha:0.49978
[MOE_TRACE] Group:1 Prob:0.46601 Alpha:0.50001
[MOE_TRACE] Group:0 Prob:0.88842 Alpha:0.50026
[MOE_TRACE] Group:2 Prob:0.99686 Alpha:0.49978
[MOE_TRACE] Group:1 Prob:0.46601 Alpha:0.50001
[MOE_TRACE] Group:2 Prob:0.99686 Alpha:0.49978
[MOE_TRACE] Group:0 Prob:0.88576 Alpha:0.50025
[MOE_TRACE] Group:0 Prob:0.88576 Alpha:0.50025
[MOE_TRACE] Group:1 Prob:0.45543 Alpha:0.50002
[MOE_TRACE] Group:2 Prob:0.99689 Alpha:0.49978
[MOE_TRACE] Group:0 Prob:0.88576 Alpha:0.50025[MOE_TRACE] Group:1 Prob:0.45543 Alpha:0.50002

[MOE_TRACE] Group:2 Prob:0.99689 Alpha:0.49978
[MOE_TRACE] Group:1 Prob:0.45543 Alpha:0.50002
[MOE_TRACE] Group:2 Prob:0.99689 Alpha:0.49978
[MOE_TRACE] Group:0 Prob:0.88576 Alpha:0.50025
[MOE_TRACE] Group:1 Prob:0.45543 Alpha:0.50002
[MOE_TRACE] Group:2 Prob:0.99689 Alpha:0.49978
[MOE_TRACE] Group:0 Prob:0.88749 Alpha:0.50026
[MOE_TRACE] Group:1 Prob:0.45050 Alpha:0.50003
[MOE_TRACE] Group:0 Prob:0.88749 Alpha:0.50026
[MOE_TRACE] Group:0 Prob:0.88749 Alpha:0.50026
[MOE_TRACE] Group:2 Prob:0.99693 Alpha:0.49978
[MOE_TRACE] Group:1 Prob:0.45050 Alpha:0.50003[MOE_TRACE] Group:1 Prob:0.45050 Alpha:0.50003

[MOE_TRACE] Group:2 Prob:0.99693 Alpha:0.49978
[MOE_TRACE] Group:2 Prob:0.99693 Alpha:0.49978
[MOE_TRACE] Group:0 Prob:0.88749 Alpha:0.50026
[MOE_TRACE] Group:1 Prob:0.45050 Alpha:0.50003
[MOE_TRACE] Group:2 Prob:0.99693 Alpha:0.49978
[MOE_TRACE] Group:0 Prob:0.88608 Alpha:0.50026
[MOE_TRACE] Group:0 Prob:0.88608 Alpha:0.50026
[MOE_TRACE] Group:0 Prob:0.88608 Alpha:0.50026
[MOE_TRACE] Group:1 Prob:0.45366 Alpha:0.50004
[MOE_TRACE] Group:1 Prob:0.45366 Alpha:0.50004
[MOE_TRACE] Group:1 Prob:0.45366 Alpha:0.50004
[MOE_TRACE] Group:2 Prob:0.99686 Alpha:0.49978[MOE_TRACE] Group:2 Prob:0.99686 Alpha:0.49978

[MOE_TRACE] Group:2 Prob:0.99686 Alpha:0.49978
[MOE_TRACE] Group:0 Prob:0.88608 Alpha:0.50026
[MOE_TRACE] Group:1 Prob:0.45366 Alpha:0.50004
[MOE_TRACE] Group:2 Prob:0.99686 Alpha:0.49978
[MOE_TRACE] Group:0 Prob:0.89022 Alpha:0.50026
[MOE_TRACE] Group:0 Prob:0.89022 Alpha:0.50026[MOE_TRACE] Group:0 Prob:0.89022 Alpha:0.50026

[MOE_TRACE] Group:1 Prob:0.44467 Alpha:0.50004
[MOE_TRACE] Group:1 Prob:0.44467 Alpha:0.50004
[MOE_TRACE] Group:1 Prob:0.44467 Alpha:0.50004
[MOE_TRACE] Group:2 Prob:0.99681 Alpha:0.49979
[MOE_TRACE] Group:2 Prob:0.99681 Alpha:0.49979
[MOE_TRACE] Group:2 Prob:0.99681 Alpha:0.49979
[MOE_TRACE] Group:0 Prob:0.89022 Alpha:0.50026
[MOE_TRACE] Group:1 Prob:0.44467 Alpha:0.50004
[MOE_TRACE] Group:2 Prob:0.99681 Alpha:0.49979
[MOE_TRACE] Group:0 Prob:0.88397 Alpha:0.50026
[MOE_TRACE] Group:0 Prob:0.88397 Alpha:0.50026
[MOE_TRACE] Group:0 Prob:0.88397 Alpha:0.50026
[MOE_TRACE] Group:1 Prob:0.44081 Alpha:0.50004
[MOE_TRACE] Group:1 Prob:0.44081 Alpha:0.50004[MOE_TRACE] Group:1 Prob:0.44081 Alpha:0.50004

[MOE_TRACE] Group:2 Prob:0.99677 Alpha:0.49979
[MOE_TRACE] Group:2 Prob:0.99677 Alpha:0.49979
[MOE_TRACE] Group:2 Prob:0.99677 Alpha:0.49979
[MOE_TRACE] Group:0 Prob:0.88397 Alpha:0.50026
[MOE_TRACE] Group:1 Prob:0.44081 Alpha:0.50004
[MOE_TRACE] Group:2 Prob:0.99677 Alpha:0.49979
[MOE_TRACE] Group:0 Prob:0.88863 Alpha:0.50026
[MOE_TRACE] Group:0 Prob:0.88863 Alpha:0.50026
[MOE_TRACE] Group:0 Prob:0.88863 Alpha:0.50026
[MOE_TRACE] Group:1 Prob:0.44376 Alpha:0.50005
[MOE_TRACE] Group:1 Prob:0.44376 Alpha:0.50005
[MOE_TRACE] Group:2 Prob:0.99677 Alpha:0.49979
[MOE_TRACE] Group:1 Prob:0.44376 Alpha:0.50005
[MOE_TRACE] Group:2 Prob:0.99677 Alpha:0.49979
[MOE_TRACE] Group:2 Prob:0.99677 Alpha:0.49979
[MOE_TRACE] Group:0 Prob:0.88863 Alpha:0.50026
[MOE_TRACE] Group:1 Prob:0.44376 Alpha:0.50005
[MOE_TRACE] Group:2 Prob:0.99677 Alpha:0.49979
[MOE_TRACE] Group:0 Prob:0.88734 Alpha:0.50027
[MOE_TRACE] Group:1 Prob:0.44714 Alpha:0.50006
[MOE_TRACE] Group:0 Prob:0.88734 Alpha:0.50027
[MOE_TRACE] Group:1 Prob:0.44714 Alpha:0.50006
[MOE_TRACE] Group:0 Prob:0.88734 Alpha:0.50027
[MOE_TRACE] Group:1 Prob:0.44714 Alpha:0.50006
[MOE_TRACE] Group:0 Prob:0.88734 Alpha:0.50027
[MOE_TRACE] Group:1 Prob:0.44714 Alpha:0.50006
[MOE_TRACE] Group:2 Prob:0.99686 Alpha:0.49979
[MOE_TRACE] Group:0 Prob:0.88627 Alpha:0.50027[MOE_TRACE] Group:0 Prob:0.88627 Alpha:0.50027

[MOE_TRACE] Group:0 Prob:0.88627 Alpha:0.50027
[MOE_TRACE] Group:1 Prob:0.44596 Alpha:0.50006[MOE_TRACE] Group:1 Prob:0.44596 Alpha:0.50006
[MOE_TRACE] Group:1 Prob:0.44596 Alpha:0.50006

[MOE_TRACE] Group:2 Prob:0.99682 Alpha:0.49978
[MOE_TRACE] Group:2 Prob:0.99682 Alpha:0.49978[MOE_TRACE] Group:2 Prob:0.99682 Alpha:0.49978

[MOE_TRACE] Group:0 Prob:0.88627 Alpha:0.50027
[MOE_TRACE] Group:1 Prob:0.44596 Alpha:0.50006
[MOE_TRACE] Group:2 Prob:0.99682 Alpha:0.49978
[MOE_TRACE] Group:0 Prob:0.88855 Alpha:0.50027
[MOE_TRACE] Group:0 Prob:0.88855 Alpha:0.50027
[MOE_TRACE] Group:1 Prob:0.45157 Alpha:0.50007
[MOE_TRACE] Group:1 Prob:0.45157 Alpha:0.50007
[MOE_TRACE] Group:0 Prob:0.88855 Alpha:0.50027
[MOE_TRACE] Group:2 Prob:0.99690 Alpha:0.49978
[MOE_TRACE] Group:2 Prob:0.99690 Alpha:0.49978
[MOE_TRACE] Group:1 Prob:0.45157 Alpha:0.50007
[MOE_TRACE] Group:2 Prob:0.99690 Alpha:0.49978
[MOE_TRACE] Group:0 Prob:0.88855 Alpha:0.50027
[MOE_TRACE] Group:1 Prob:0.45157 Alpha:0.50007
[MOE_TRACE] Group:2 Prob:0.99690 Alpha:0.49978
[MOE_TRACE] Group:0 Prob:0.88698 Alpha:0.50026
[MOE_TRACE] Group:0 Prob:0.88698 Alpha:0.50026
[MOE_TRACE] Group:0 Prob:0.88698 Alpha:0.50026
[MOE_TRACE] Group:1 Prob:0.44544 Alpha:0.50008
[MOE_TRACE] Group:1 Prob:0.44544 Alpha:0.50008
[MOE_TRACE] Group:1 Prob:0.44544 Alpha:0.50008
[MOE_TRACE] Group:2 Prob:0.99684 Alpha:0.49979
[MOE_TRACE] Group:2 Prob:0.99684 Alpha:0.49979
[MOE_TRACE] Group:2 Prob:0.99684 Alpha:0.49979
[MOE_TRACE] Group:0 Prob:0.88698 Alpha:0.50026
[MOE_TRACE] Group:1 Prob:0.44544 Alpha:0.50008
[MOE_TRACE] Group:2 Prob:0.99684 Alpha:0.49979
[MOE_TRACE] Group:0 Prob:0.88699 Alpha:0.50027
[MOE_TRACE] Group:0 Prob:0.88699 Alpha:0.50027
[MOE_TRACE] Group:1 Prob:0.45172 Alpha:0.50008
[MOE_TRACE] Group:2 Prob:0.99676 Alpha:0.49979
[MOE_TRACE] Group:1 Prob:0.45172 Alpha:0.50008
[MOE_TRACE] Group:0 Prob:0.88699 Alpha:0.50027
[MOE_TRACE] Group:2 Prob:0.99676 Alpha:0.49979
[MOE_TRACE] Group:1 Prob:0.45172 Alpha:0.50008
[MOE_TRACE] Group:2 Prob:0.99676 Alpha:0.49979
[MOE_TRACE] Group:0 Prob:0.88699 Alpha:0.50027
[MOE_TRACE] Group:1 Prob:0.45172 Alpha:0.50008
[MOE_TRACE] Group:2 Prob:0.99676 Alpha:0.49979
[MOE_TRACE] Group:0 Prob:0.88631 Alpha:0.50027
[MOE_TRACE] Group:1 Prob:0.45104 Alpha:0.50008
[MOE_TRACE] Group:0 Prob:0.88631 Alpha:0.50027
[MOE_TRACE] Group:0 Prob:0.88631 Alpha:0.50027[MOE_TRACE] Group:1 Prob:0.45104 Alpha:0.50008
[MOE_TRACE] Group:2 Prob:0.99676 Alpha:0.49979

[MOE_TRACE] Group:1 Prob:0.45104 Alpha:0.50008[MOE_TRACE] Group:2 Prob:0.99676 Alpha:0.49979

[MOE_TRACE] Group:2 Prob:0.99676 Alpha:0.49979
[MOE_TRACE] Group:0 Prob:0.88631 Alpha:0.50027
[MOE_TRACE] Group:1 Prob:0.45104 Alpha:0.50008
[MOE_TRACE] Group:2 Prob:0.99676 Alpha:0.49979
[MOE_TRACE] Group:0 Prob:0.88420 Alpha:0.50027
[MOE_TRACE] Group:1 Prob:0.44306 Alpha:0.50007
[MOE_TRACE] Group:0 Prob:0.88420 Alpha:0.50027
[MOE_TRACE] Group:1 Prob:0.44306 Alpha:0.50007
[MOE_TRACE] Group:0 Prob:0.88420 Alpha:0.50027
[MOE_TRACE] Group:1 Prob:0.44306 Alpha:0.50007
[MOE_TRACE] Group:2 Prob:0.99675 Alpha:0.49979
[MOE_TRACE] Group:0 Prob:0.88420 Alpha:0.50027
[MOE_TRACE] Group:1 Prob:0.44306 Alpha:0.50007
[MOE_TRACE] Group:2 Prob:0.99675 Alpha:0.49979
[MOE_TRACE] Group:0 Prob:0.88679 Alpha:0.50027
[MOE_TRACE] Group:1 Prob:0.43985 Alpha:0.50007
[MOE_TRACE] Group:2 Prob:0.99678 Alpha:0.49979
[MOE_TRACE] Group:0 Prob:0.88679 Alpha:0.50027
[MOE_TRACE] Group:0 Prob:0.88679 Alpha:0.50027[MOE_TRACE] Group:1 Prob:0.43985 Alpha:0.50007

[MOE_TRACE] Group:1 Prob:0.43985 Alpha:0.50007
[MOE_TRACE] Group:2 Prob:0.99678 Alpha:0.49979
[MOE_TRACE] Group:2 Prob:0.99678 Alpha:0.49979
[MOE_TRACE] Group:0 Prob:0.88679 Alpha:0.50027
[MOE_TRACE] Group:1 Prob:0.43985 Alpha:0.50007
[MOE_TRACE] Group:2 Prob:0.99678 Alpha:0.49979
[MOE_TRACE] Group:0 Prob:0.88618 Alpha:0.50027
[MOE_TRACE] Group:1 Prob:0.44460 Alpha:0.50008
[MOE_TRACE] Group:2 Prob:0.99674 Alpha:0.49979
[MOE_TRACE] Group:0 Prob:0.88618 Alpha:0.50027
[MOE_TRACE] Group:0 Prob:0.88618 Alpha:0.50027
[MOE_TRACE] Group:1 Prob:0.44460 Alpha:0.50008
[MOE_TRACE] Group:1 Prob:0.44460 Alpha:0.50008
[MOE_TRACE] Group:2 Prob:0.99674 Alpha:0.49979
[MOE_TRACE] Group:2 Prob:0.99674 Alpha:0.49979
[MOE_TRACE] Group:0 Prob:0.88618 Alpha:0.50027
[MOE_TRACE] Group:1 Prob:0.44460 Alpha:0.50008
[MOE_TRACE] Group:2 Prob:0.99674 Alpha:0.49979
[MOE_TRACE] Group:0 Prob:0.88733 Alpha:0.50026
[MOE_TRACE] Group:0 Prob:0.88733 Alpha:0.50026
[MOE_TRACE] Group:1 Prob:0.44003 Alpha:0.50009
[MOE_TRACE] Group:1 Prob:0.44003 Alpha:0.50009
[MOE_TRACE] Group:0 Prob:0.88733 Alpha:0.50026
[MOE_TRACE] Group:1 Prob:0.44003 Alpha:0.50009
[MOE_TRACE] Group:0 Prob:0.88733 Alpha:0.50026
[MOE_TRACE] Group:1 Prob:0.44003 Alpha:0.50009
[MOE_TRACE] Group:2 Prob:0.99675 Alpha:0.49980
[MOE_TRACE] Group:0 Prob:0.89112 Alpha:0.50026
[MOE_TRACE] Group:0 Prob:0.89112 Alpha:0.50026
[MOE_TRACE] Group:0 Prob:0.89112 Alpha:0.50026
[MOE_TRACE] Group:1 Prob:0.44693 Alpha:0.50010
[MOE_TRACE] Group:1 Prob:0.44693 Alpha:0.50010
[MOE_TRACE] Group:2 Prob:0.99673 Alpha:0.49980
[MOE_TRACE] Group:1 Prob:0.44693 Alpha:0.50010[MOE_TRACE] Group:2 Prob:0.99673 Alpha:0.49980

[MOE_TRACE] Group:2 Prob:0.99673 Alpha:0.49980
[MOE_TRACE] Group:0 Prob:0.89112 Alpha:0.50026
[MOE_TRACE] Group:1 Prob:0.44693 Alpha:0.50010
[MOE_TRACE] Group:2 Prob:0.99673 Alpha:0.49980
[MOE_TRACE] Group:0 Prob:0.89166 Alpha:0.50025
[MOE_TRACE] Group:0 Prob:0.89166 Alpha:0.50025
[MOE_TRACE] Group:1 Prob:0.44265 Alpha:0.50010
[MOE_TRACE] Group:1 Prob:0.44265 Alpha:0.50010
[MOE_TRACE] Group:2 Prob:0.99677 Alpha:0.49979
[MOE_TRACE] Group:2 Prob:0.99677 Alpha:0.49979
[MOE_TRACE] Group:0 Prob:0.89166 Alpha:0.50025
[MOE_TRACE] Group:1 Prob:0.44265 Alpha:0.50010
[MOE_TRACE] Group:2 Prob:0.99673 Alpha:0.49979
[MOE_TRACE] Group:0 Prob:0.89166 Alpha:0.50025
[MOE_TRACE] Group:1 Prob:0.44265 Alpha:0.50010
[MOE_TRACE] Group:2 Prob:0.99673 Alpha:0.49979
[MOE_TRACE] Group:0 Prob:0.88957 Alpha:0.50025
[MOE_TRACE] Group:0 Prob:0.88957 Alpha:0.50025
[MOE_TRACE] Group:0 Prob:0.88957 Alpha:0.50025
[MOE_TRACE] Group:1 Prob:0.43644 Alpha:0.50011
[MOE_TRACE] Group:2 Prob:0.99679 Alpha:0.49978
[MOE_TRACE] Group:1 Prob:0.43644 Alpha:0.50011
[MOE_TRACE] Group:1 Prob:0.43644 Alpha:0.50011
[MOE_TRACE] Group:2 Prob:0.99679 Alpha:0.49978
[MOE_TRACE] Group:2 Prob:0.99679 Alpha:0.49978
[MOE_TRACE] Group:0 Prob:0.88957 Alpha:0.50025
[MOE_TRACE] Group:1 Prob:0.43644 Alpha:0.50011
[MOE_TRACE] Group:2 Prob:0.99679 Alpha:0.49978
[MOE_TRACE] Group:0 Prob:0.89241 Alpha:0.50025[MOE_TRACE] Group:0 Prob:0.89241 Alpha:0.50025

[MOE_TRACE] Group:1 Prob:0.43722 Alpha:0.50011
[MOE_TRACE] Group:1 Prob:0.43722 Alpha:0.50011
[MOE_TRACE] Group:2 Prob:0.99684 Alpha:0.49978
[MOE_TRACE] Group:2 Prob:0.99684 Alpha:0.49978
[MOE_TRACE] Group:0 Prob:0.89241 Alpha:0.50025
[MOE_TRACE] Group:1 Prob:0.43722 Alpha:0.50011
[MOE_TRACE] Group:2 Prob:0.99684 Alpha:0.49978
[MOE_TRACE] Group:0 Prob:0.89241 Alpha:0.50025
[MOE_TRACE] Group:1 Prob:0.43722 Alpha:0.50011
[MOE_TRACE] Group:2 Prob:0.99684 Alpha:0.49978
[MOE_TRACE] Group:0 Prob:0.89152 Alpha:0.50024
[MOE_TRACE] Group:1 Prob:0.43482 Alpha:0.50012
[MOE_TRACE] Group:0 Prob:0.89152 Alpha:0.50024
[MOE_TRACE] Group:1 Prob:0.43482 Alpha:0.50012
[MOE_TRACE] Group:0 Prob:0.89152 Alpha:0.50024
[MOE_TRACE] Group:1 Prob:0.43482 Alpha:0.50012
[MOE_TRACE] Group:0 Prob:0.89152 Alpha:0.50024
[MOE_TRACE] Group:1 Prob:0.43482 Alpha:0.50012
[MOE_TRACE] Group:2 Prob:0.99688 Alpha:0.49978
[MOE_TRACE] Group:0 Prob:0.89445 Alpha:0.50024
[MOE_TRACE] Group:0 Prob:0.89445 Alpha:0.50024
[MOE_TRACE] Group:0 Prob:0.89445 Alpha:0.50024
[MOE_TRACE] Group:1 Prob:0.43935 Alpha:0.50013
[MOE_TRACE] Group:1 Prob:0.43935 Alpha:0.50013
[MOE_TRACE] Group:2 Prob:0.99685 Alpha:0.49978
[MOE_TRACE] Group:1 Prob:0.43935 Alpha:0.50013
[MOE_TRACE] Group:2 Prob:0.99685 Alpha:0.49978[MOE_TRACE] Group:0 Prob:0.89445 Alpha:0.50024

[MOE_TRACE] Group:2 Prob:0.99685 Alpha:0.49978
[MOE_TRACE] Group:1 Prob:0.43935 Alpha:0.50013
[MOE_TRACE] Group:2 Prob:0.99685 Alpha:0.49978
[MOE_TRACE] Group:0 Prob:0.89141 Alpha:0.50024
[MOE_TRACE] Group:1 Prob:0.43154 Alpha:0.50014
[MOE_TRACE] Group:2 Prob:0.99678 Alpha:0.49978
[MOE_TRACE] Group:0 Prob:0.89141 Alpha:0.50024
[MOE_TRACE] Group:0 Prob:0.89141 Alpha:0.50024
[MOE_TRACE] Group:1 Prob:0.43154 Alpha:0.50014
[MOE_TRACE] Group:1 Prob:0.43154 Alpha:0.50014
[MOE_TRACE] Group:2 Prob:0.99679 Alpha:0.49978
[MOE_TRACE] Group:2 Prob:0.99679 Alpha:0.49978
[MOE_TRACE] Group:0 Prob:0.89141 Alpha:0.50024
[MOE_TRACE] Group:1 Prob:0.43154 Alpha:0.50014
[MOE_TRACE] Group:2 Prob:0.99679 Alpha:0.49978
[MOE_TRACE] Group:0 Prob:0.89401 Alpha:0.50024
[MOE_TRACE] Group:0 Prob:0.89401 Alpha:0.50024[MOE_TRACE] Group:1 Prob:0.43648 Alpha:0.50014

[MOE_TRACE] Group:1 Prob:0.43648 Alpha:0.50014[MOE_TRACE] Group:2 Prob:0.99682 Alpha:0.49978

[MOE_TRACE] Group:2 Prob:0.99682 Alpha:0.49978
[MOE_TRACE] Group:0 Prob:0.89401 Alpha:0.50024
[MOE_TRACE] Group:1 Prob:0.43648 Alpha:0.50014
[MOE_TRACE] Group:2 Prob:0.99682 Alpha:0.49978
[MOE_TRACE] Group:0 Prob:0.89401 Alpha:0.50024
[MOE_TRACE] Group:1 Prob:0.43648 Alpha:0.50014
[MOE_TRACE] Group:2 Prob:0.99682 Alpha:0.49978
[MOE_TRACE] Group:0 Prob:0.89573 Alpha:0.50024
[MOE_TRACE] Group:0 Prob:0.89573 Alpha:0.50024
[MOE_TRACE] Group:0 Prob:0.89573 Alpha:0.50024
[MOE_TRACE] Group:1 Prob:0.43299 Alpha:0.50014
[MOE_TRACE] Group:1 Prob:0.43299 Alpha:0.50014
[MOE_TRACE] Group:1 Prob:0.43299 Alpha:0.50014
[MOE_TRACE] Group:2 Prob:0.99688 Alpha:0.49978
[MOE_TRACE] Group:2 Prob:0.99688 Alpha:0.49978
[MOE_TRACE] Group:2 Prob:0.99688 Alpha:0.49978
[MOE_TRACE] Group:0 Prob:0.89573 Alpha:0.50024
[MOE_TRACE] Group:1 Prob:0.43299 Alpha:0.50014
[MOE_TRACE] Group:2 Prob:0.99688 Alpha:0.49978
[MOE_TRACE] Group:0 Prob:0.89523 Alpha:0.50024
[MOE_TRACE] Group:0 Prob:0.89523 Alpha:0.50024[MOE_TRACE] Group:0 Prob:0.89523 Alpha:0.50024

[MOE_TRACE] Group:1 Prob:0.42965 Alpha:0.50014
[MOE_TRACE] Group:1 Prob:0.42965 Alpha:0.50014
[MOE_TRACE] Group:1 Prob:0.42965 Alpha:0.50014
[MOE_TRACE] Group:2 Prob:0.99688 Alpha:0.49978
[MOE_TRACE] Group:2 Prob:0.99688 Alpha:0.49978
[MOE_TRACE] Group:2 Prob:0.99688 Alpha:0.49978
[MOE_TRACE] Group:0 Prob:0.89523 Alpha:0.50024
[MOE_TRACE] Group:1 Prob:0.42965 Alpha:0.50014
[MOE_TRACE] Group:2 Prob:0.99688 Alpha:0.49978
[MOE_TRACE] Group:0 Prob:0.89676 Alpha:0.50023[MOE_TRACE] Group:0 Prob:0.89676 Alpha:0.50023

[MOE_TRACE] Group:0 Prob:0.89676 Alpha:0.50023
[MOE_TRACE] Group:0 Prob:0.89676 Alpha:0.50023[MOE_TRACE] Group:1 Prob:0.43449 Alpha:0.50015

[MOE_TRACE] Group:1 Prob:0.43449 Alpha:0.50015
[MOE_TRACE] Group:1 Prob:0.43449 Alpha:0.50015
[MOE_TRACE] Group:1 Prob:0.43449 Alpha:0.50015
[MOE_TRACE] Group:2 Prob:0.99687 Alpha:0.49978[MOE_TRACE] Group:2 Prob:0.99687 Alpha:0.49978

[MOE_TRACE] Group:2 Prob:0.99687 Alpha:0.49978
[MOE_TRACE] Group:2 Prob:0.99687 Alpha:0.49978
[MOE_TRACE] Group:0 Prob:0.89737 Alpha:0.50023
[MOE_TRACE] Group:1 Prob:0.43874 Alpha:0.50016
[MOE_TRACE] Group:0 Prob:0.89737 Alpha:0.50023
[MOE_TRACE] Group:2 Prob:0.99677 Alpha:0.49978
[MOE_TRACE] Group:0 Prob:0.89737 Alpha:0.50023
[MOE_TRACE] Group:1 Prob:0.43874 Alpha:0.50016
[MOE_TRACE] Group:1 Prob:0.43874 Alpha:0.50016
[MOE_TRACE] Group:2 Prob:0.99677 Alpha:0.49978
[MOE_TRACE] Group:2 Prob:0.99677 Alpha:0.49978
[MOE_TRACE] Group:0 Prob:0.89737 Alpha:0.50023
[MOE_TRACE] Group:1 Prob:0.43874 Alpha:0.50016
[MOE_TRACE] Group:2 Prob:0.99677 Alpha:0.49978
[MOE_TRACE] Group:0 Prob:0.89433 Alpha:0.50024
[MOE_TRACE] Group:0 Prob:0.89433 Alpha:0.50024
[MOE_TRACE] Group:0 Prob:0.89433 Alpha:0.50024
[MOE_TRACE] Group:1 Prob:0.44042 Alpha:0.50016
[MOE_TRACE] Group:1 Prob:0.44042 Alpha:0.50016
[MOE_TRACE] Group:1 Prob:0.44042 Alpha:0.50016
[MOE_TRACE] Group:2 Prob:0.99675 Alpha:0.49979
[MOE_TRACE] Group:2 Prob:0.99675 Alpha:0.49979
[MOE_TRACE] Group:0 Prob:0.89433 Alpha:0.50024
[MOE_TRACE] Group:2 Prob:0.99675 Alpha:0.49979
[MOE_TRACE] Group:1 Prob:0.44042 Alpha:0.50016
[MOE_TRACE] Group:2 Prob:0.99675 Alpha:0.49979
[MOE_TRACE] Group:0 Prob:0.89100 Alpha:0.50024
[MOE_TRACE] Group:0 Prob:0.89100 Alpha:0.50024[MOE_TRACE] Group:0 Prob:0.89100 Alpha:0.50024

[MOE_TRACE] Group:1 Prob:0.42082 Alpha:0.50017
[MOE_TRACE] Group:1 Prob:0.42082 Alpha:0.50017
[MOE_TRACE] Group:1 Prob:0.42082 Alpha:0.50017
[MOE_TRACE] Group:2 Prob:0.99665 Alpha:0.49979
[MOE_TRACE] Group:2 Prob:0.99665 Alpha:0.49979
[MOE_TRACE] Group:2 Prob:0.99665 Alpha:0.49979
[MOE_TRACE] Group:0 Prob:0.89100 Alpha:0.50024
[MOE_TRACE] Group:1 Prob:0.42082 Alpha:0.50017
[MOE_TRACE] Group:2 Prob:0.99665 Alpha:0.49979
[MOE_TRACE] Group:0 Prob:0.89503 Alpha:0.50024
[MOE_TRACE] Group:0 Prob:0.89503 Alpha:0.50024
[MOE_TRACE] Group:0 Prob:0.89503 Alpha:0.50024
[MOE_TRACE] Group:1 Prob:0.43997 Alpha:0.50018
[MOE_TRACE] Group:2 Prob:0.99669 Alpha:0.49980
[MOE_TRACE] Group:1 Prob:0.43997 Alpha:0.50018
[MOE_TRACE] Group:2 Prob:0.99669 Alpha:0.49980
[MOE_TRACE] Group:1 Prob:0.43997 Alpha:0.50018
[MOE_TRACE] Group:2 Prob:0.99669 Alpha:0.49980
[MOE_TRACE] Group:0 Prob:0.89503 Alpha:0.50024
[MOE_TRACE] Group:1 Prob:0.43997 Alpha:0.50018
[MOE_TRACE] Group:2 Prob:0.99669 Alpha:0.49980
[MOE_TRACE] Group:0 Prob:0.89300 Alpha:0.50024[MOE_TRACE] Group:0 Prob:0.89300 Alpha:0.50024

[MOE_TRACE] Group:0 Prob:0.89300 Alpha:0.50024
[MOE_TRACE] Group:1 Prob:0.43329 Alpha:0.50018
[MOE_TRACE] Group:1 Prob:0.43329 Alpha:0.50018
[MOE_TRACE] Group:1 Prob:0.43329 Alpha:0.50018
[MOE_TRACE] Group:2 Prob:0.99660 Alpha:0.49980
[MOE_TRACE] Group:2 Prob:0.99660 Alpha:0.49980
[MOE_TRACE] Group:2 Prob:0.99660 Alpha:0.49980
[MOE_TRACE] Group:0 Prob:0.89300 Alpha:0.50024
[MOE_TRACE] Group:1 Prob:0.43329 Alpha:0.50018
[MOE_TRACE] Group:2 Prob:0.99660 Alpha:0.49980
[MOE_TRACE] Group:0 Prob:0.89443 Alpha:0.50024
[MOE_TRACE] Group:0 Prob:0.89443 Alpha:0.50024
[MOE_TRACE] Group:1 Prob:0.42353 Alpha:0.50017[MOE_TRACE] Group:1 Prob:0.42353 Alpha:0.50017

[MOE_TRACE] Group:0 Prob:0.89443 Alpha:0.50024
[MOE_TRACE] Group:2 Prob:0.99662 Alpha:0.49980
[MOE_TRACE] Group:2 Prob:0.99662 Alpha:0.49980
[MOE_TRACE] Group:1 Prob:0.42353 Alpha:0.50017
[MOE_TRACE] Group:2 Prob:0.99662 Alpha:0.49980
[MOE_TRACE] Group:0 Prob:0.89443 Alpha:0.50024
[MOE_TRACE] Group:1 Prob:0.42353 Alpha:0.50017
[MOE_TRACE] Group:2 Prob:0.99662 Alpha:0.49980
[MOE_TRACE] Group:0 Prob:0.89242 Alpha:0.50024
[MOE_TRACE] Group:0 Prob:0.89242 Alpha:0.50024
[MOE_TRACE] Group:0 Prob:0.89242 Alpha:0.50024
[MOE_TRACE] Group:1 Prob:0.43480 Alpha:0.50018[MOE_TRACE] Group:1 Prob:0.43480 Alpha:0.50018

[MOE_TRACE] Group:1 Prob:0.43480 Alpha:0.50018
[MOE_TRACE] Group:2 Prob:0.99665 Alpha:0.49979
[MOE_TRACE] Group:2 Prob:0.99665 Alpha:0.49979
[MOE_TRACE] Group:2 Prob:0.99665 Alpha:0.49979
[MOE_TRACE] Group:0 Prob:0.89242 Alpha:0.50024
[MOE_TRACE] Group:1 Prob:0.43480 Alpha:0.50018
[MOE_TRACE] Group:2 Prob:0.99665 Alpha:0.49979
[MOE_TRACE] Group:0 Prob:0.89389 Alpha:0.50024
[MOE_TRACE] Group:0 Prob:0.89389 Alpha:0.50024
[MOE_TRACE] Group:1 Prob:0.42869 Alpha:0.50018
[MOE_TRACE] Group:0 Prob:0.89389 Alpha:0.50024
[MOE_TRACE] Group:1 Prob:0.42869 Alpha:0.50018
[MOE_TRACE] Group:2 Prob:0.99661 Alpha:0.49980
[MOE_TRACE] Group:1 Prob:0.42869 Alpha:0.50018
[MOE_TRACE] Group:2 Prob:0.99661 Alpha:0.49980
[MOE_TRACE] Group:0 Prob:0.89389 Alpha:0.50024
[MOE_TRACE] Group:2 Prob:0.99661 Alpha:0.49980
[MOE_TRACE] Group:1 Prob:0.42869 Alpha:0.50018
[MOE_TRACE] Group:2 Prob:0.99661 Alpha:0.49980
[MOE_TRACE] Group:0 Prob:0.89153 Alpha:0.50025
[MOE_TRACE] Group:0 Prob:0.89153 Alpha:0.50025
[MOE_TRACE] Group:0 Prob:0.89153 Alpha:0.50025
[MOE_TRACE] Group:1 Prob:0.42507 Alpha:0.50018
[MOE_TRACE] Group:1 Prob:0.42507 Alpha:0.50018
[MOE_TRACE] Group:1 Prob:0.42507 Alpha:0.50018
[MOE_TRACE] Group:2 Prob:0.99654 Alpha:0.49980
[MOE_TRACE] Group:2 Prob:0.99654 Alpha:0.49980
[MOE_TRACE] Group:2 Prob:0.99654 Alpha:0.49980
[MOE_TRACE] Group:0 Prob:0.89153 Alpha:0.50025
[MOE_TRACE] Group:1 Prob:0.42507 Alpha:0.50018
[MOE_TRACE] Group:2 Prob:0.99654 Alpha:0.49980
[MOE_TRACE] Group:0 Prob:0.89148 Alpha:0.50025[MOE_TRACE] Group:0 Prob:0.89148 Alpha:0.50025

[MOE_TRACE] Group:1 Prob:0.41794 Alpha:0.50018[MOE_TRACE] Group:1 Prob:0.41794 Alpha:0.50018

[MOE_TRACE] Group:0 Prob:0.89148 Alpha:0.50025
[MOE_TRACE] Group:2 Prob:0.99650 Alpha:0.49981
[MOE_TRACE] Group:2 Prob:0.99650 Alpha:0.49981
[MOE_TRACE] Group:1 Prob:0.41794 Alpha:0.50018
[MOE_TRACE] Group:2 Prob:0.99650 Alpha:0.49981
[MOE_TRACE] Group:0 Prob:0.89148 Alpha:0.50025
[MOE_TRACE] Group:1 Prob:0.41794 Alpha:0.50018
[MOE_TRACE] Group:2 Prob:0.99650 Alpha:0.49981
[MOE_TRACE] Group:0 Prob:0.88878 Alpha:0.50026
[MOE_TRACE] Group:1 Prob:0.43144 Alpha:0.50019
[MOE_TRACE] Group:2 Prob:0.99635 Alpha:0.49981
[MOE_TRACE] Group:0 Prob:0.88878 Alpha:0.50026
[MOE_TRACE] Group:0 Prob:0.88878 Alpha:0.50026
[MOE_TRACE] Group:1 Prob:0.43144 Alpha:0.50019
[MOE_TRACE] Group:2 Prob:0.99635 Alpha:0.49981
[MOE_TRACE] Group:1 Prob:0.43144 Alpha:0.50019
[MOE_TRACE] Group:2 Prob:0.99635 Alpha:0.49981
[MOE_TRACE] Group:0 Prob:0.88878 Alpha:0.50026
[MOE_TRACE] Group:1 Prob:0.43144 Alpha:0.50019
[MOE_TRACE] Group:2 Prob:0.99635 Alpha:0.49981
[MOE_TRACE] Group:0 Prob:0.89206 Alpha:0.50026
[MOE_TRACE] Group:0 Prob:0.89206 Alpha:0.50026[MOE_TRACE] Group:1 Prob:0.42814 Alpha:0.50019

[MOE_TRACE] Group:0 Prob:0.89206 Alpha:0.50026
[MOE_TRACE] Group:2 Prob:0.99641 Alpha:0.49982
[MOE_TRACE] Group:1 Prob:0.42814 Alpha:0.50019
[MOE_TRACE] Group:1 Prob:0.42814 Alpha:0.50019
[MOE_TRACE] Group:2 Prob:0.99641 Alpha:0.49982
[MOE_TRACE] Group:2 Prob:0.99641 Alpha:0.49982
[MOE_TRACE] Group:0 Prob:0.89206 Alpha:0.50026
[MOE_TRACE] Group:1 Prob:0.42814 Alpha:0.50019
[MOE_TRACE] Group:2 Prob:0.99641 Alpha:0.49982
[MOE_TRACE] Group:0 Prob:0.89218 Alpha:0.50025
[MOE_TRACE] Group:0 Prob:0.89218 Alpha:0.50025
[MOE_TRACE] Group:0 Prob:0.89218 Alpha:0.50025
[MOE_TRACE] Group:1 Prob:0.42610 Alpha:0.50020
[MOE_TRACE] Group:1 Prob:0.42610 Alpha:0.50020
[MOE_TRACE] Group:1 Prob:0.42610 Alpha:0.50020
[MOE_TRACE] Group:2 Prob:0.99635 Alpha:0.49982
[MOE_TRACE] Group:0 Prob:0.89218 Alpha:0.50025[MOE_TRACE] Group:2 Prob:0.99635 Alpha:0.49982

[MOE_TRACE] Group:2 Prob:0.99635 Alpha:0.49982
[MOE_TRACE] Group:1 Prob:0.42610 Alpha:0.50020
[MOE_TRACE] Group:2 Prob:0.99635 Alpha:0.49982
[MOE_TRACE] Group:0 Prob:0.88862 Alpha:0.50025[MOE_TRACE] Group:0 Prob:0.88862 Alpha:0.50025

[MOE_TRACE] Group:1 Prob:0.41664 Alpha:0.50022
[MOE_TRACE] Group:1 Prob:0.41664 Alpha:0.50022
[MOE_TRACE] Group:0 Prob:0.88862 Alpha:0.50025
[MOE_TRACE] Group:1 Prob:0.41664 Alpha:0.50022
[MOE_TRACE] Group:0 Prob:0.88862 Alpha:0.50025
[MOE_TRACE] Group:1 Prob:0.41664 Alpha:0.50022
[MOE_TRACE] Group:2 Prob:0.99627 Alpha:0.49982
[MOE_TRACE] Group:0 Prob:0.89205 Alpha:0.50025
[MOE_TRACE] Group:0 Prob:0.89205 Alpha:0.50025
[MOE_TRACE] Group:0 Prob:0.89205 Alpha:0.50025
[MOE_TRACE] Group:1 Prob:0.43759 Alpha:0.50023
[MOE_TRACE] Group:1 Prob:0.43759 Alpha:0.50023[MOE_TRACE] Group:1 Prob:0.43759 Alpha:0.50023

[MOE_TRACE] Group:2 Prob:0.99628 Alpha:0.49982
[MOE_TRACE] Group:2 Prob:0.99628 Alpha:0.49982[MOE_TRACE] Group:2 Prob:0.99628 Alpha:0.49982

[MOE_TRACE] Group:0 Prob:0.89205 Alpha:0.50025
[MOE_TRACE] Group:1 Prob:0.43759 Alpha:0.50023
[MOE_TRACE] Group:2 Prob:0.99628 Alpha:0.49982
[MOE_TRACE] Group:0 Prob:0.89089 Alpha:0.50026
[MOE_TRACE] Group:0 Prob:0.89089 Alpha:0.50026
[MOE_TRACE] Group:1 Prob:0.42147 Alpha:0.50024
[MOE_TRACE] Group:0 Prob:0.89089 Alpha:0.50026[MOE_TRACE] Group:2 Prob:0.99619 Alpha:0.49983[MOE_TRACE] Group:1 Prob:0.42147 Alpha:0.50024


[MOE_TRACE] Group:2 Prob:0.99619 Alpha:0.49983
[MOE_TRACE] Group:1 Prob:0.42147 Alpha:0.50024
[MOE_TRACE] Group:2 Prob:0.99619 Alpha:0.49983
[MOE_TRACE] Group:0 Prob:0.89089 Alpha:0.50026
[MOE_TRACE] Group:1 Prob:0.42147 Alpha:0.50024
[MOE_TRACE] Group:2 Prob:0.99619 Alpha:0.49983
[MOE_TRACE] Group:0 Prob:0.88825 Alpha:0.50026
[MOE_TRACE] Group:1 Prob:0.42181 Alpha:0.50024
[MOE_TRACE] Group:2 Prob:0.99631 Alpha:0.49983
[MOE_TRACE] Group:0 Prob:0.88825 Alpha:0.50026
[MOE_TRACE] Group:1 Prob:0.42181 Alpha:0.50024
[MOE_TRACE] Group:0 Prob:0.88825 Alpha:0.50026[MOE_TRACE] Group:2 Prob:0.99631 Alpha:0.49983

[MOE_TRACE] Group:1 Prob:0.42181 Alpha:0.50024
[MOE_TRACE] Group:2 Prob:0.99631 Alpha:0.49983
[MOE_TRACE] Group:0 Prob:0.88825 Alpha:0.50026
[MOE_TRACE] Group:1 Prob:0.42181 Alpha:0.50024
[MOE_TRACE] Group:2 Prob:0.99631 Alpha:0.49983
[MOE_TRACE] Group:0 Prob:0.88740 Alpha:0.50026
[MOE_TRACE] Group:0 Prob:0.88740 Alpha:0.50026
[MOE_TRACE] Group:0 Prob:0.88740 Alpha:0.50026
[MOE_TRACE] Group:1 Prob:0.41778 Alpha:0.50025
[MOE_TRACE] Group:1 Prob:0.41778 Alpha:0.50025
[MOE_TRACE] Group:1 Prob:0.41778 Alpha:0.50025
[MOE_TRACE] Group:2 Prob:0.99621 Alpha:0.49983
[MOE_TRACE] Group:2 Prob:0.99621 Alpha:0.49983
[MOE_TRACE] Group:2 Prob:0.99621 Alpha:0.49983
[MOE_TRACE] Group:0 Prob:0.88740 Alpha:0.50026
[MOE_TRACE] Group:1 Prob:0.41778 Alpha:0.50025
[MOE_TRACE] Group:2 Prob:0.99621 Alpha:0.49983
[MOE_TRACE] Group:0 Prob:0.88794 Alpha:0.50025
[MOE_TRACE] Group:0 Prob:0.88794 Alpha:0.50025
[MOE_TRACE] Group:0 Prob:0.88794 Alpha:0.50025
[MOE_TRACE] Group:1 Prob:0.42378 Alpha:0.50025
[MOE_TRACE] Group:1 Prob:0.42378 Alpha:0.50025
[MOE_TRACE] Group:1 Prob:0.42378 Alpha:0.50025
[MOE_TRACE] Group:2 Prob:0.99628 Alpha:0.49982
[MOE_TRACE] Group:2 Prob:0.99628 Alpha:0.49982
[MOE_TRACE] Group:2 Prob:0.99628 Alpha:0.49982
[MOE_TRACE] Group:0 Prob:0.88794 Alpha:0.50025
[MOE_TRACE] Group:1 Prob:0.42378 Alpha:0.50025
[MOE_TRACE] Group:2 Prob:0.99628 Alpha:0.49982
[MOE_TRACE] Group:0 Prob:0.88624 Alpha:0.50025
[MOE_TRACE] Group:0 Prob:0.88624 Alpha:0.50025[MOE_TRACE] Group:0 Prob:0.88624 Alpha:0.50025

[MOE_TRACE] Group:1 Prob:0.41558 Alpha:0.50026
[MOE_TRACE] Group:1 Prob:0.41558 Alpha:0.50026
[MOE_TRACE] Group:1 Prob:0.41558 Alpha:0.50026
[MOE_TRACE] Group:2 Prob:0.99633 Alpha:0.49982
[MOE_TRACE] Group:2 Prob:0.99633 Alpha:0.49982
[MOE_TRACE] Group:2 Prob:0.99633 Alpha:0.49982
[MOE_TRACE] Group:0 Prob:0.88624 Alpha:0.50025
[MOE_TRACE] Group:1 Prob:0.41558 Alpha:0.50026
[MOE_TRACE] Group:2 Prob:0.99633 Alpha:0.49982
[MOE_TRACE] Group:0 Prob:0.88339 Alpha:0.50026
[MOE_TRACE] Group:1 Prob:0.41712 Alpha:0.50027
[MOE_TRACE] Group:0 Prob:0.88339 Alpha:0.50026
[MOE_TRACE] Group:2 Prob:0.99628 Alpha:0.49982
[MOE_TRACE] Group:1 Prob:0.41712 Alpha:0.50027
[MOE_TRACE] Group:2 Prob:0.99639 Alpha:0.49982
[MOE_TRACE] Group:0 Prob:0.88339 Alpha:0.50026
[MOE_TRACE] Group:1 Prob:0.41712 Alpha:0.50027
[MOE_TRACE] Group:2 Prob:0.99639 Alpha:0.49982
[MOE_TRACE] Group:0 Prob:0.88339 Alpha:0.50026
[MOE_TRACE] Group:1 Prob:0.41712 Alpha:0.50027
[MOE_TRACE] Group:2 Prob:0.99639 Alpha:0.49982
[MOE_TRACE] Group:0 Prob:0.88905 Alpha:0.50025[MOE_TRACE] Group:0 Prob:0.88905 Alpha:0.50025

[MOE_TRACE] Group:1 Prob:0.41466 Alpha:0.50028
[MOE_TRACE] Group:1 Prob:0.41466 Alpha:0.50028
[MOE_TRACE] Group:0 Prob:0.88905 Alpha:0.50025
[MOE_TRACE] Group:1 Prob:0.41466 Alpha:0.50028
[MOE_TRACE] Group:2 Prob:0.99627 Alpha:0.49982
[MOE_TRACE] Group:0 Prob:0.88905 Alpha:0.50025
[MOE_TRACE] Group:1 Prob:0.41466 Alpha:0.50028
[MOE_TRACE] Group:2 Prob:0.99627 Alpha:0.49982
[MOE_TRACE] Group:0 Prob:0.88874 Alpha:0.50025
[MOE_TRACE] Group:1 Prob:0.41143 Alpha:0.50028
[MOE_TRACE] Group:0 Prob:0.88874 Alpha:0.50025
[MOE_TRACE] Group:1 Prob:0.41143 Alpha:0.50028
[MOE_TRACE] Group:2 Prob:0.99621 Alpha:0.49983
[MOE_TRACE] Group:0 Prob:0.88874 Alpha:0.50025
[MOE_TRACE] Group:1 Prob:0.41143 Alpha:0.50028
[MOE_TRACE] Group:2 Prob:0.99621 Alpha:0.49983
[MOE_TRACE] Group:0 Prob:0.88874 Alpha:0.50025
[MOE_TRACE] Group:1 Prob:0.41143 Alpha:0.50028
[MOE_TRACE] Group:2 Prob:0.99621 Alpha:0.49983
[MOE_TRACE] Group:0 Prob:0.88707 Alpha:0.50026
[MOE_TRACE] Group:1 Prob:0.41477 Alpha:0.50028
[MOE_TRACE] Group:0 Prob:0.88707 Alpha:0.50026[MOE_TRACE] Group:2 Prob:0.99612 Alpha:0.49983

[MOE_TRACE] Group:0 Prob:0.88707 Alpha:0.50026
[MOE_TRACE] Group:1 Prob:0.41477 Alpha:0.50028
[MOE_TRACE] Group:1 Prob:0.41477 Alpha:0.50028
[MOE_TRACE] Group:2 Prob:0.99612 Alpha:0.49983
[MOE_TRACE] Group:2 Prob:0.99612 Alpha:0.49983
[MOE_TRACE] Group:0 Prob:0.88707 Alpha:0.50026
[MOE_TRACE] Group:1 Prob:0.41477 Alpha:0.50028
[MOE_TRACE] Group:2 Prob:0.99612 Alpha:0.49983
[MOE_TRACE] Group:0 Prob:0.88484 Alpha:0.50027
[MOE_TRACE] Group:1 Prob:0.41242 Alpha:0.50027
[MOE_TRACE] Group:0 Prob:0.88484 Alpha:0.50027
[MOE_TRACE] Group:0 Prob:0.88484 Alpha:0.50027
[MOE_TRACE] Group:1 Prob:0.41242 Alpha:0.50027
[MOE_TRACE] Group:1 Prob:0.41242 Alpha:0.50027
[MOE_TRACE] Group:2 Prob:0.99614 Alpha:0.49983
[MOE_TRACE] Group:2 Prob:0.99614 Alpha:0.49983
[MOE_TRACE] Group:0 Prob:0.88484 Alpha:0.50027
[MOE_TRACE] Group:1 Prob:0.41242 Alpha:0.50027
[MOE_TRACE] Group:2 Prob:0.99614 Alpha:0.49983
[MOE_TRACE] Group:0 Prob:0.88377 Alpha:0.50027
[MOE_TRACE] Group:0 Prob:0.88377 Alpha:0.50027
[MOE_TRACE] Group:0 Prob:0.88377 Alpha:0.50027
[MOE_TRACE] Group:1 Prob:0.40450 Alpha:0.50028
[MOE_TRACE] Group:1 Prob:0.40450 Alpha:0.50028[MOE_TRACE] Group:1 Prob:0.40450 Alpha:0.50028

[MOE_TRACE] Group:2 Prob:0.99619 Alpha:0.49983
[MOE_TRACE] Group:2 Prob:0.99619 Alpha:0.49983
[MOE_TRACE] Group:2 Prob:0.99619 Alpha:0.49983
[MOE_TRACE] Group:0 Prob:0.88377 Alpha:0.50027
[MOE_TRACE] Group:1 Prob:0.40450 Alpha:0.50028
[MOE_TRACE] Group:2 Prob:0.99619 Alpha:0.49983
[MOE_TRACE] Group:0 Prob:0.88683 Alpha:0.50028
[MOE_TRACE] Group:1 Prob:0.42474 Alpha:0.50029
[MOE_TRACE] Group:0 Prob:0.88683 Alpha:0.50028
[MOE_TRACE] Group:1 Prob:0.42474 Alpha:0.50029
[MOE_TRACE] Group:0 Prob:0.88683 Alpha:0.50028
[MOE_TRACE] Group:1 Prob:0.42474 Alpha:0.50029
[MOE_TRACE] Group:2 Prob:0.99613 Alpha:0.49983
[MOE_TRACE] Group:2 Prob:0.99613 Alpha:0.49983
[MOE_TRACE] Group:0 Prob:0.88683 Alpha:0.50028
[MOE_TRACE] Group:1 Prob:0.42474 Alpha:0.50029
[MOE_TRACE] Group:2 Prob:0.99613 Alpha:0.49983
[MOE_TRACE] Group:0 Prob:0.88495 Alpha:0.50028
[MOE_TRACE] Group:0 Prob:0.88495 Alpha:0.50028
[MOE_TRACE] Group:1 Prob:0.40991 Alpha:0.50030
[MOE_TRACE] Group:0 Prob:0.88495 Alpha:0.50028
[MOE_TRACE] Group:2 Prob:0.99610 Alpha:0.49983
[MOE_TRACE] Group:1 Prob:0.40991 Alpha:0.50030
[MOE_TRACE] Group:1 Prob:0.40991 Alpha:0.50030
[MOE_TRACE] Group:2 Prob:0.99610 Alpha:0.49983
[MOE_TRACE] Group:2 Prob:0.99610 Alpha:0.49983
[MOE_TRACE] Group:0 Prob:0.88495 Alpha:0.50028
[MOE_TRACE] Group:1 Prob:0.40991 Alpha:0.50030
[MOE_TRACE] Group:2 Prob:0.99610 Alpha:0.49983
[MOE_TRACE] Group:0 Prob:0.88178 Alpha:0.50028[MOE_TRACE] Group:0 Prob:0.88178 Alpha:0.50028

[MOE_TRACE] Group:0 Prob:0.88178 Alpha:0.50028
[MOE_TRACE] Group:1 Prob:0.40614 Alpha:0.50031
[MOE_TRACE] Group:1 Prob:0.40614 Alpha:0.50031
[MOE_TRACE] Group:1 Prob:0.40614 Alpha:0.50031
[MOE_TRACE] Group:2 Prob:0.99613 Alpha:0.49983
[MOE_TRACE] Group:2 Prob:0.99613 Alpha:0.49983[MOE_TRACE] Group:2 Prob:0.99613 Alpha:0.49983

[MOE_TRACE] Group:0 Prob:0.88178 Alpha:0.50028
[MOE_TRACE] Group:1 Prob:0.40614 Alpha:0.50031
[MOE_TRACE] Group:2 Prob:0.99613 Alpha:0.49983
[MOE_TRACE] Group:0 Prob:0.88158 Alpha:0.50028
[MOE_TRACE] Group:0 Prob:0.88158 Alpha:0.50028
[MOE_TRACE] Group:0 Prob:0.88158 Alpha:0.50028
[MOE_TRACE] Group:1 Prob:0.41222 Alpha:0.50032
[MOE_TRACE] Group:1 Prob:0.41222 Alpha:0.50032
[MOE_TRACE] Group:1 Prob:0.41222 Alpha:0.50032
[MOE_TRACE] Group:2 Prob:0.99602 Alpha:0.49983
[MOE_TRACE] Group:2 Prob:0.99602 Alpha:0.49983
[MOE_TRACE] Group:2 Prob:0.99602 Alpha:0.49983
[MOE_TRACE] Group:0 Prob:0.88158 Alpha:0.50028
[MOE_TRACE] Group:1 Prob:0.41222 Alpha:0.50032
[MOE_TRACE] Group:2 Prob:0.99602 Alpha:0.49983
[MOE_TRACE] Group:0 Prob:0.88179 Alpha:0.50028
[MOE_TRACE] Group:0 Prob:0.88179 Alpha:0.50028
[MOE_TRACE] Group:0 Prob:0.88179 Alpha:0.50028
[MOE_TRACE] Group:1 Prob:0.40908 Alpha:0.50033
[MOE_TRACE] Group:1 Prob:0.40908 Alpha:0.50033
[MOE_TRACE] Group:1 Prob:0.40908 Alpha:0.50033
[MOE_TRACE] Group:2 Prob:0.99616 Alpha:0.49983
[MOE_TRACE] Group:2 Prob:0.99616 Alpha:0.49983
[MOE_TRACE] Group:2 Prob:0.99616 Alpha:0.49983
[MOE_TRACE] Group:0 Prob:0.88179 Alpha:0.50028
[MOE_TRACE] Group:1 Prob:0.40908 Alpha:0.50033
[MOE_TRACE] Group:2 Prob:0.99616 Alpha:0.49983
[MOE_TRACE] Group:0 Prob:0.87947 Alpha:0.50029
[MOE_TRACE] Group:0 Prob:0.87947 Alpha:0.50029
[MOE_TRACE] Group:1 Prob:0.42100 Alpha:0.50034
[MOE_TRACE] Group:1 Prob:0.42100 Alpha:0.50034
[MOE_TRACE] Group:2 Prob:0.99599 Alpha:0.49983
[MOE_TRACE] Group:2 Prob:0.99599 Alpha:0.49983
[MOE_TRACE] Group:0 Prob:0.87947 Alpha:0.50029
[MOE_TRACE] Group:1 Prob:0.42100 Alpha:0.50034
[MOE_TRACE] Group:2 Prob:0.99599 Alpha:0.49983
[MOE_TRACE] Group:0 Prob:0.87947 Alpha:0.50029
[MOE_TRACE] Group:1 Prob:0.42100 Alpha:0.50034
[MOE_TRACE] Group:2 Prob:0.99599 Alpha:0.49983
[MOE_TRACE] Group:0 Prob:0.87876 Alpha:0.50028
[MOE_TRACE] Group:1 Prob:0.41140 Alpha:0.50033
[MOE_TRACE] Group:2 Prob:0.99605 Alpha:0.49984
[MOE_TRACE] Group:0 Prob:0.87876 Alpha:0.50028
[MOE_TRACE] Group:1 Prob:0.41140 Alpha:0.50033
[MOE_TRACE] Group:2 Prob:0.99605 Alpha:0.49984
[MOE_TRACE] Group:0 Prob:0.87876 Alpha:0.50028
[MOE_TRACE] Group:1 Prob:0.41140 Alpha:0.50033
[MOE_TRACE] Group:2 Prob:0.99605 Alpha:0.49984
[MOE_TRACE] Group:0 Prob:0.87876 Alpha:0.50028
[MOE_TRACE] Group:1 Prob:0.41140 Alpha:0.50033
[MOE_TRACE] Group:2 Prob:0.99605 Alpha:0.49984
[MOE_TRACE] Group:0 Prob:0.88855 Alpha:0.50028
[MOE_TRACE] Group:0 Prob:0.88855 Alpha:0.50028
[MOE_TRACE] Group:1 Prob:0.40939 Alpha:0.50032
[MOE_TRACE] Group:0 Prob:0.88855 Alpha:0.50028
[MOE_TRACE] Group:1 Prob:0.40939 Alpha:0.50032
[MOE_TRACE] Group:2 Prob:0.99598 Alpha:0.49984
[MOE_TRACE] Group:1 Prob:0.40939 Alpha:0.50032
[MOE_TRACE] Group:2 Prob:0.99598 Alpha:0.49984
[MOE_TRACE] Group:2 Prob:0.99598 Alpha:0.49984
[MOE_TRACE] Group:0 Prob:0.88855 Alpha:0.50028
[MOE_TRACE] Group:1 Prob:0.40939 Alpha:0.50032
[MOE_TRACE] Group:2 Prob:0.99598 Alpha:0.49984
[MOE_TRACE] Group:0 Prob:0.88617 Alpha:0.50028[MOE_TRACE] Group:0 Prob:0.88617 Alpha:0.50028

[MOE_TRACE] Group:1 Prob:0.40767 Alpha:0.50032
[MOE_TRACE] Group:1 Prob:0.40767 Alpha:0.50032
[MOE_TRACE] Group:0 Prob:0.88617 Alpha:0.50028
[MOE_TRACE] Group:1 Prob:0.40767 Alpha:0.50032
[MOE_TRACE] Group:2 Prob:0.99607 Alpha:0.49984
[MOE_TRACE] Group:0 Prob:0.88617 Alpha:0.50028
[MOE_TRACE] Group:1 Prob:0.40767 Alpha:0.50032
[MOE_TRACE] Group:2 Prob:0.99607 Alpha:0.49984
[MOE_TRACE] Group:0 Prob:0.88596 Alpha:0.50028
[MOE_TRACE] Group:1 Prob:0.40534 Alpha:0.50033
[MOE_TRACE] Group:2 Prob:0.99593 Alpha:0.49984
[MOE_TRACE] Group:0 Prob:0.88596 Alpha:0.50028[MOE_TRACE] Group:0 Prob:0.88596 Alpha:0.50028

[MOE_TRACE] Group:0 Prob:0.88596 Alpha:0.50028[MOE_TRACE] Group:1 Prob:0.40534 Alpha:0.50033

[MOE_TRACE] Group:1 Prob:0.40534 Alpha:0.50033
[MOE_TRACE] Group:1 Prob:0.40534 Alpha:0.50033
[MOE_TRACE] Group:2 Prob:0.99593 Alpha:0.49984
[MOE_TRACE] Group:2 Prob:0.99593 Alpha:0.49984
[MOE_TRACE] Group:2 Prob:0.99593 Alpha:0.49984
[MOE_TRACE] Group:0 Prob:0.88929 Alpha:0.50026
[MOE_TRACE] Group:0 Prob:0.88929 Alpha:0.50026
[MOE_TRACE] Group:1 Prob:0.40480 Alpha:0.50033
[MOE_TRACE] Group:1 Prob:0.40480 Alpha:0.50033
[MOE_TRACE] Group:2 Prob:0.99599 Alpha:0.49984
[MOE_TRACE] Group:0 Prob:0.88929 Alpha:0.50026
[MOE_TRACE] Group:2 Prob:0.99599 Alpha:0.49984
[MOE_TRACE] Group:1 Prob:0.40480 Alpha:0.50033
[MOE_TRACE] Group:2 Prob:0.99599 Alpha:0.49984
[MOE_TRACE] Group:0 Prob:0.88929 Alpha:0.50026
[MOE_TRACE] Group:1 Prob:0.40480 Alpha:0.50033
[MOE_TRACE] Group:2 Prob:0.99599 Alpha:0.49984
[MOE_TRACE] Group:0 Prob:0.89371 Alpha:0.50024
[MOE_TRACE] Group:1 Prob:0.40356 Alpha:0.50033
[MOE_TRACE] Group:2 Prob:0.99597 Alpha:0.49983
[MOE_TRACE] Group:0 Prob:0.89371 Alpha:0.50024
[MOE_TRACE] Group:0 Prob:0.89371 Alpha:0.50024
[MOE_TRACE] Group:1 Prob:0.40356 Alpha:0.50033
[MOE_TRACE] Group:1 Prob:0.40356 Alpha:0.50033
[MOE_TRACE] Group:2 Prob:0.99597 Alpha:0.49983
[MOE_TRACE] Group:2 Prob:0.99597 Alpha:0.49983
[MOE_TRACE] Group:0 Prob:0.89371 Alpha:0.50024
[MOE_TRACE] Group:1 Prob:0.40356 Alpha:0.50033
[MOE_TRACE] Group:2 Prob:0.99597 Alpha:0.49983
	iters: 100, epoch: 2 | loss: 0.5639922
	speed: 5.2143s/iter; left time: 6335.3683s
[MOE_TRACE] Group:0 Prob:0.89245 Alpha:0.50024
[MOE_TRACE] Group:0 Prob:0.89245 Alpha:0.50024
[MOE_TRACE] Group:1 Prob:0.40458 Alpha:0.50034
[MOE_TRACE] Group:0 Prob:0.89245 Alpha:0.50024
[MOE_TRACE] Group:2 Prob:0.99624 Alpha:0.49982
[MOE_TRACE] Group:1 Prob:0.40458 Alpha:0.50034
[MOE_TRACE] Group:1 Prob:0.40458 Alpha:0.50034
[MOE_TRACE] Group:2 Prob:0.99624 Alpha:0.49982
[MOE_TRACE] Group:2 Prob:0.99624 Alpha:0.49982
[MOE_TRACE] Group:0 Prob:0.89245 Alpha:0.50024
[MOE_TRACE] Group:1 Prob:0.40458 Alpha:0.50034
[MOE_TRACE] Group:2 Prob:0.99624 Alpha:0.49982
[MOE_TRACE] Group:0 Prob:0.89326 Alpha:0.50024
[MOE_TRACE] Group:0 Prob:0.89326 Alpha:0.50024
[MOE_TRACE] Group:1 Prob:0.39154 Alpha:0.50034
[MOE_TRACE] Group:0 Prob:0.89326 Alpha:0.50024
[MOE_TRACE] Group:1 Prob:0.39154 Alpha:0.50034
[MOE_TRACE] Group:2 Prob:0.99636 Alpha:0.49981
[MOE_TRACE] Group:0 Prob:0.89326 Alpha:0.50024
[MOE_TRACE] Group:1 Prob:0.39154 Alpha:0.50034
[MOE_TRACE] Group:2 Prob:0.99636 Alpha:0.49981
[MOE_TRACE] Group:0 Prob:0.89688 Alpha:0.50023
[MOE_TRACE] Group:0 Prob:0.89688 Alpha:0.50023
[MOE_TRACE] Group:1 Prob:0.40457 Alpha:0.50034
[MOE_TRACE] Group:0 Prob:0.89688 Alpha:0.50023
[MOE_TRACE] Group:1 Prob:0.40457 Alpha:0.50034
[MOE_TRACE] Group:2 Prob:0.99632 Alpha:0.49981
[MOE_TRACE] Group:1 Prob:0.40457 Alpha:0.50034
[MOE_TRACE] Group:2 Prob:0.99632 Alpha:0.49981
[MOE_TRACE] Group:2 Prob:0.99632 Alpha:0.49981
[MOE_TRACE] Group:0 Prob:0.89688 Alpha:0.50023
[MOE_TRACE] Group:1 Prob:0.40457 Alpha:0.50034
[MOE_TRACE] Group:2 Prob:0.99632 Alpha:0.49981
[MOE_TRACE] Group:0 Prob:0.89822 Alpha:0.50023
[MOE_TRACE] Group:1 Prob:0.41006 Alpha:0.50034
[MOE_TRACE] Group:0 Prob:0.89822 Alpha:0.50023
[MOE_TRACE] Group:2 Prob:0.99647 Alpha:0.49980
[MOE_TRACE] Group:1 Prob:0.41006 Alpha:0.50034
[MOE_TRACE] Group:0 Prob:0.89822 Alpha:0.50023
[MOE_TRACE] Group:2 Prob:0.99647 Alpha:0.49980
[MOE_TRACE] Group:1 Prob:0.41006 Alpha:0.50034
[MOE_TRACE] Group:2 Prob:0.99647 Alpha:0.49980
[MOE_TRACE] Group:0 Prob:0.89822 Alpha:0.50023
[MOE_TRACE] Group:1 Prob:0.41006 Alpha:0.50034
[MOE_TRACE] Group:2 Prob:0.99647 Alpha:0.49980
[MOE_TRACE] Group:0 Prob:0.89940 Alpha:0.50023
[MOE_TRACE] Group:0 Prob:0.89940 Alpha:0.50023
[MOE_TRACE] Group:0 Prob:0.89940 Alpha:0.50023
[MOE_TRACE] Group:1 Prob:0.40965 Alpha:0.50033[MOE_TRACE] Group:1 Prob:0.40965 Alpha:0.50033

[MOE_TRACE] Group:1 Prob:0.40965 Alpha:0.50033
[MOE_TRACE] Group:2 Prob:0.99653 Alpha:0.49979
[MOE_TRACE] Group:2 Prob:0.99653 Alpha:0.49979
[MOE_TRACE] Group:2 Prob:0.99653 Alpha:0.49979
[MOE_TRACE] Group:0 Prob:0.89940 Alpha:0.50023
[MOE_TRACE] Group:1 Prob:0.40965 Alpha:0.50033
[MOE_TRACE] Group:2 Prob:0.99653 Alpha:0.49979
[MOE_TRACE] Group:0 Prob:0.89539 Alpha:0.50023[MOE_TRACE] Group:0 Prob:0.89539 Alpha:0.50023
[MOE_TRACE] Group:0 Prob:0.89539 Alpha:0.50023

[MOE_TRACE] Group:1 Prob:0.39855 Alpha:0.50033
[MOE_TRACE] Group:1 Prob:0.39855 Alpha:0.50033[MOE_TRACE] Group:1 Prob:0.39855 Alpha:0.50033

[MOE_TRACE] Group:2 Prob:0.99652 Alpha:0.49979[MOE_TRACE] Group:2 Prob:0.99652 Alpha:0.49979

[MOE_TRACE] Group:2 Prob:0.99652 Alpha:0.49979
[MOE_TRACE] Group:0 Prob:0.89539 Alpha:0.50023
[MOE_TRACE] Group:1 Prob:0.39855 Alpha:0.50033
[MOE_TRACE] Group:2 Prob:0.99652 Alpha:0.49979
[MOE_TRACE] Group:0 Prob:0.89582 Alpha:0.50023
[MOE_TRACE] Group:1 Prob:0.40478 Alpha:0.50033
[MOE_TRACE] Group:2 Prob:0.99646 Alpha:0.49980
[MOE_TRACE] Group:0 Prob:0.89582 Alpha:0.50023
[MOE_TRACE] Group:1 Prob:0.40478 Alpha:0.50033
[MOE_TRACE] Group:2 Prob:0.99646 Alpha:0.49980
[MOE_TRACE] Group:0 Prob:0.89582 Alpha:0.50023
[MOE_TRACE] Group:1 Prob:0.40478 Alpha:0.50033
[MOE_TRACE] Group:2 Prob:0.99646 Alpha:0.49980
[MOE_TRACE] Group:0 Prob:0.89582 Alpha:0.50023
[MOE_TRACE] Group:1 Prob:0.40478 Alpha:0.50033
[MOE_TRACE] Group:2 Prob:0.99646 Alpha:0.49980
[MOE_TRACE] Group:0 Prob:0.89469 Alpha:0.50022
[MOE_TRACE] Group:0 Prob:0.89469 Alpha:0.50022
[MOE_TRACE] Group:1 Prob:0.39355 Alpha:0.50034
[MOE_TRACE] Group:0 Prob:0.89469 Alpha:0.50022
[MOE_TRACE] Group:1 Prob:0.39355 Alpha:0.50034
[MOE_TRACE] Group:1 Prob:0.39355 Alpha:0.50034
[MOE_TRACE] Group:0 Prob:0.89469 Alpha:0.50022
[MOE_TRACE] Group:1 Prob:0.39355 Alpha:0.50034
[MOE_TRACE] Group:2 Prob:0.99632 Alpha:0.49981
[MOE_TRACE] Group:0 Prob:0.89843 Alpha:0.50022
[MOE_TRACE] Group:1 Prob:0.38699 Alpha:0.50034
[MOE_TRACE] Group:0 Prob:0.89843 Alpha:0.50022
[MOE_TRACE] Group:0 Prob:0.89843 Alpha:0.50022[MOE_TRACE] Group:2 Prob:0.99636 Alpha:0.49981

[MOE_TRACE] Group:1 Prob:0.38699 Alpha:0.50034
[MOE_TRACE] Group:1 Prob:0.38699 Alpha:0.50034
[MOE_TRACE] Group:2 Prob:0.99636 Alpha:0.49981
[MOE_TRACE] Group:2 Prob:0.99636 Alpha:0.49981
[MOE_TRACE] Group:0 Prob:0.89843 Alpha:0.50022
[MOE_TRACE] Group:1 Prob:0.38699 Alpha:0.50034
[MOE_TRACE] Group:2 Prob:0.99636 Alpha:0.49981
[MOE_TRACE] Group:0 Prob:0.89299 Alpha:0.50023[MOE_TRACE] Group:0 Prob:0.89299 Alpha:0.50023

[MOE_TRACE] Group:1 Prob:0.39423 Alpha:0.50034
[MOE_TRACE] Group:0 Prob:0.89299 Alpha:0.50023
[MOE_TRACE] Group:1 Prob:0.39423 Alpha:0.50034
[MOE_TRACE] Group:1 Prob:0.39423 Alpha:0.50034
[MOE_TRACE] Group:0 Prob:0.89299 Alpha:0.50023
[MOE_TRACE] Group:1 Prob:0.39423 Alpha:0.50034
[MOE_TRACE] Group:2 Prob:0.99642 Alpha:0.49981
[MOE_TRACE] Group:0 Prob:0.89612 Alpha:0.50024
[MOE_TRACE] Group:0 Prob:0.89612 Alpha:0.50024
[MOE_TRACE] Group:1 Prob:0.40270 Alpha:0.50034[MOE_TRACE] Group:0 Prob:0.89612 Alpha:0.50024

[MOE_TRACE] Group:1 Prob:0.40270 Alpha:0.50034
[MOE_TRACE] Group:1 Prob:0.40270 Alpha:0.50034
[MOE_TRACE] Group:2 Prob:0.99631 Alpha:0.49981
[MOE_TRACE] Group:2 Prob:0.99631 Alpha:0.49981
[MOE_TRACE] Group:2 Prob:0.99631 Alpha:0.49981
[MOE_TRACE] Group:0 Prob:0.89612 Alpha:0.50024
[MOE_TRACE] Group:1 Prob:0.40270 Alpha:0.50034
[MOE_TRACE] Group:2 Prob:0.99631 Alpha:0.49981
[MOE_TRACE] Group:0 Prob:0.89316 Alpha:0.50024
[MOE_TRACE] Group:0 Prob:0.89316 Alpha:0.50024
[MOE_TRACE] Group:0 Prob:0.89316 Alpha:0.50024[MOE_TRACE] Group:1 Prob:0.39234 Alpha:0.50033

[MOE_TRACE] Group:1 Prob:0.39234 Alpha:0.50033
[MOE_TRACE] Group:1 Prob:0.39234 Alpha:0.50033[MOE_TRACE] Group:2 Prob:0.99615 Alpha:0.49982[MOE_TRACE] Group:2 Prob:0.99615 Alpha:0.49982


[MOE_TRACE] Group:2 Prob:0.99615 Alpha:0.49982
[MOE_TRACE] Group:0 Prob:0.89316 Alpha:0.50024
[MOE_TRACE] Group:1 Prob:0.39234 Alpha:0.50033
[MOE_TRACE] Group:2 Prob:0.99615 Alpha:0.49982
[MOE_TRACE] Group:0 Prob:0.89210 Alpha:0.50024
[MOE_TRACE] Group:0 Prob:0.89210 Alpha:0.50024
[MOE_TRACE] Group:0 Prob:0.89210 Alpha:0.50024
[MOE_TRACE] Group:1 Prob:0.39465 Alpha:0.50033
[MOE_TRACE] Group:1 Prob:0.39465 Alpha:0.50033
[MOE_TRACE] Group:1 Prob:0.39465 Alpha:0.50033
[MOE_TRACE] Group:2 Prob:0.99626 Alpha:0.49982
[MOE_TRACE] Group:2 Prob:0.99626 Alpha:0.49982
[MOE_TRACE] Group:2 Prob:0.99626 Alpha:0.49982
[MOE_TRACE] Group:0 Prob:0.89210 Alpha:0.50024
[MOE_TRACE] Group:1 Prob:0.39465 Alpha:0.50033
[MOE_TRACE] Group:2 Prob:0.99626 Alpha:0.49982
[MOE_TRACE] Group:0 Prob:0.88931 Alpha:0.50025[MOE_TRACE] Group:0 Prob:0.88931 Alpha:0.50025

[MOE_TRACE] Group:0 Prob:0.88931 Alpha:0.50025
[MOE_TRACE] Group:1 Prob:0.39875 Alpha:0.50034
[MOE_TRACE] Group:1 Prob:0.39875 Alpha:0.50034
[MOE_TRACE] Group:2 Prob:0.99639 Alpha:0.49981[MOE_TRACE] Group:1 Prob:0.39875 Alpha:0.50034

[MOE_TRACE] Group:2 Prob:0.99639 Alpha:0.49981
[MOE_TRACE] Group:2 Prob:0.99639 Alpha:0.49981
[MOE_TRACE] Group:0 Prob:0.88931 Alpha:0.50025
[MOE_TRACE] Group:1 Prob:0.39875 Alpha:0.50034
[MOE_TRACE] Group:2 Prob:0.99639 Alpha:0.49981
[MOE_TRACE] Group:0 Prob:0.88514 Alpha:0.50026
[MOE_TRACE] Group:0 Prob:0.88514 Alpha:0.50026
[MOE_TRACE] Group:0 Prob:0.88514 Alpha:0.50026
[MOE_TRACE] Group:1 Prob:0.40553 Alpha:0.50033
[MOE_TRACE] Group:1 Prob:0.40553 Alpha:0.50033
[MOE_TRACE] Group:1 Prob:0.40553 Alpha:0.50033
[MOE_TRACE] Group:2 Prob:0.99633 Alpha:0.49980
[MOE_TRACE] Group:2 Prob:0.99633 Alpha:0.49980
[MOE_TRACE] Group:2 Prob:0.99633 Alpha:0.49980
[MOE_TRACE] Group:0 Prob:0.88514 Alpha:0.50026
[MOE_TRACE] Group:1 Prob:0.40553 Alpha:0.50033
[MOE_TRACE] Group:2 Prob:0.99633 Alpha:0.49980
[MOE_TRACE] Group:0 Prob:0.88458 Alpha:0.50025[MOE_TRACE] Group:0 Prob:0.88458 Alpha:0.50025

[MOE_TRACE] Group:0 Prob:0.88458 Alpha:0.50025
[MOE_TRACE] Group:1 Prob:0.40657 Alpha:0.50033
[MOE_TRACE] Group:1 Prob:0.40657 Alpha:0.50033
[MOE_TRACE] Group:1 Prob:0.40657 Alpha:0.50033
[MOE_TRACE] Group:2 Prob:0.99634 Alpha:0.49981
[MOE_TRACE] Group:2 Prob:0.99634 Alpha:0.49981
[MOE_TRACE] Group:2 Prob:0.99634 Alpha:0.49981
[MOE_TRACE] Group:0 Prob:0.88458 Alpha:0.50025
[MOE_TRACE] Group:1 Prob:0.40657 Alpha:0.50033
[MOE_TRACE] Group:2 Prob:0.99634 Alpha:0.49981
[MOE_TRACE] Group:0 Prob:0.89028 Alpha:0.50024
[MOE_TRACE] Group:0 Prob:0.89028 Alpha:0.50024[MOE_TRACE] Group:1 Prob:0.39223 Alpha:0.50032

[MOE_TRACE] Group:0 Prob:0.89028 Alpha:0.50024
[MOE_TRACE] Group:2 Prob:0.99635 Alpha:0.49981[MOE_TRACE] Group:1 Prob:0.39223 Alpha:0.50032
[MOE_TRACE] Group:1 Prob:0.39223 Alpha:0.50032

[MOE_TRACE] Group:2 Prob:0.99635 Alpha:0.49981
[MOE_TRACE] Group:2 Prob:0.99635 Alpha:0.49981
[MOE_TRACE] Group:0 Prob:0.89028 Alpha:0.50024
[MOE_TRACE] Group:1 Prob:0.39223 Alpha:0.50032
[MOE_TRACE] Group:2 Prob:0.99635 Alpha:0.49981
[MOE_TRACE] Group:0 Prob:0.88981 Alpha:0.50024
[MOE_TRACE] Group:0 Prob:0.88981 Alpha:0.50024
[MOE_TRACE] Group:1 Prob:0.38407 Alpha:0.50032[MOE_TRACE] Group:1 Prob:0.38407 Alpha:0.50032

[MOE_TRACE] Group:0 Prob:0.88981 Alpha:0.50024
[MOE_TRACE] Group:2 Prob:0.99623 Alpha:0.49981[MOE_TRACE] Group:2 Prob:0.99623 Alpha:0.49981

[MOE_TRACE] Group:1 Prob:0.38407 Alpha:0.50032
[MOE_TRACE] Group:2 Prob:0.99623 Alpha:0.49981
[MOE_TRACE] Group:0 Prob:0.88981 Alpha:0.50024
[MOE_TRACE] Group:1 Prob:0.38407 Alpha:0.50032
[MOE_TRACE] Group:2 Prob:0.99623 Alpha:0.49981
[MOE_TRACE] Group:0 Prob:0.89002 Alpha:0.50025[MOE_TRACE] Group:0 Prob:0.89002 Alpha:0.50025

[MOE_TRACE] Group:1 Prob:0.39261 Alpha:0.50033[MOE_TRACE] Group:0 Prob:0.89002 Alpha:0.50025

[MOE_TRACE] Group:1 Prob:0.39261 Alpha:0.50033
[MOE_TRACE] Group:2 Prob:0.99634 Alpha:0.49981
[MOE_TRACE] Group:1 Prob:0.39261 Alpha:0.50033
[MOE_TRACE] Group:2 Prob:0.99634 Alpha:0.49981
[MOE_TRACE] Group:2 Prob:0.99634 Alpha:0.49981
[MOE_TRACE] Group:0 Prob:0.89002 Alpha:0.50025
[MOE_TRACE] Group:1 Prob:0.39261 Alpha:0.50033
[MOE_TRACE] Group:2 Prob:0.99634 Alpha:0.49981
[MOE_TRACE] Group:0 Prob:0.89035 Alpha:0.50025
[MOE_TRACE] Group:0 Prob:0.89035 Alpha:0.50025
[MOE_TRACE] Group:0 Prob:0.89035 Alpha:0.50025
[MOE_TRACE] Group:1 Prob:0.39488 Alpha:0.50033
[MOE_TRACE] Group:1 Prob:0.39488 Alpha:0.50033
[MOE_TRACE] Group:1 Prob:0.39488 Alpha:0.50033
[MOE_TRACE] Group:2 Prob:0.99625 Alpha:0.49981
[MOE_TRACE] Group:2 Prob:0.99625 Alpha:0.49981
[MOE_TRACE] Group:2 Prob:0.99625 Alpha:0.49981
[MOE_TRACE] Group:0 Prob:0.89035 Alpha:0.50025
[MOE_TRACE] Group:1 Prob:0.39488 Alpha:0.50033
[MOE_TRACE] Group:2 Prob:0.99625 Alpha:0.49981
[MOE_TRACE] Group:0 Prob:0.88768 Alpha:0.50024
[MOE_TRACE] Group:0 Prob:0.88768 Alpha:0.50024
[MOE_TRACE] Group:0 Prob:0.88768 Alpha:0.50024
[MOE_TRACE] Group:1 Prob:0.39419 Alpha:0.50034[MOE_TRACE] Group:1 Prob:0.39419 Alpha:0.50034

[MOE_TRACE] Group:1 Prob:0.39419 Alpha:0.50034
[MOE_TRACE] Group:2 Prob:0.99632 Alpha:0.49980
[MOE_TRACE] Group:2 Prob:0.99632 Alpha:0.49980
[MOE_TRACE] Group:2 Prob:0.99632 Alpha:0.49980
[MOE_TRACE] Group:0 Prob:0.88768 Alpha:0.50024
[MOE_TRACE] Group:1 Prob:0.39419 Alpha:0.50034
[MOE_TRACE] Group:2 Prob:0.99632 Alpha:0.49980
[MOE_TRACE] Group:0 Prob:0.89183 Alpha:0.50023
[MOE_TRACE] Group:0 Prob:0.89183 Alpha:0.50023
[MOE_TRACE] Group:0 Prob:0.89183 Alpha:0.50023
[MOE_TRACE] Group:1 Prob:0.39588 Alpha:0.50035
[MOE_TRACE] Group:1 Prob:0.39588 Alpha:0.50035
[MOE_TRACE] Group:2 Prob:0.99639 Alpha:0.49980[MOE_TRACE] Group:1 Prob:0.39588 Alpha:0.50035

[MOE_TRACE] Group:2 Prob:0.99639 Alpha:0.49980
[MOE_TRACE] Group:2 Prob:0.99639 Alpha:0.49980
[MOE_TRACE] Group:0 Prob:0.89183 Alpha:0.50023
[MOE_TRACE] Group:1 Prob:0.39588 Alpha:0.50035
[MOE_TRACE] Group:2 Prob:0.99639 Alpha:0.49980
[MOE_TRACE] Group:0 Prob:0.89728 Alpha:0.50023
[MOE_TRACE] Group:0 Prob:0.89728 Alpha:0.50023
[MOE_TRACE] Group:0 Prob:0.89728 Alpha:0.50023
[MOE_TRACE] Group:1 Prob:0.40109 Alpha:0.50035
[MOE_TRACE] Group:1 Prob:0.40109 Alpha:0.50035
[MOE_TRACE] Group:1 Prob:0.40109 Alpha:0.50035
[MOE_TRACE] Group:2 Prob:0.99652 Alpha:0.49979
[MOE_TRACE] Group:2 Prob:0.99652 Alpha:0.49979
[MOE_TRACE] Group:0 Prob:0.89728 Alpha:0.50023
[MOE_TRACE] Group:1 Prob:0.40109 Alpha:0.50035
[MOE_TRACE] Group:2 Prob:0.99652 Alpha:0.49979
[MOE_TRACE] Group:2 Prob:0.99652 Alpha:0.49979
[MOE_TRACE] Group:0 Prob:0.89379 Alpha:0.50023[MOE_TRACE] Group:0 Prob:0.89379 Alpha:0.50023

[MOE_TRACE] Group:0 Prob:0.89379 Alpha:0.50023
[MOE_TRACE] Group:1 Prob:0.38999 Alpha:0.50036
[MOE_TRACE] Group:1 Prob:0.38999 Alpha:0.50036
[MOE_TRACE] Group:1 Prob:0.38999 Alpha:0.50036
[MOE_TRACE] Group:2 Prob:0.99660 Alpha:0.49979
[MOE_TRACE] Group:2 Prob:0.99660 Alpha:0.49979
[MOE_TRACE] Group:2 Prob:0.99660 Alpha:0.49979
[MOE_TRACE] Group:0 Prob:0.89379 Alpha:0.50023
[MOE_TRACE] Group:1 Prob:0.38999 Alpha:0.50036
[MOE_TRACE] Group:2 Prob:0.99660 Alpha:0.49979
[MOE_TRACE] Group:0 Prob:0.89465 Alpha:0.50023[MOE_TRACE] Group:0 Prob:0.89465 Alpha:0.50023
[MOE_TRACE] Group:0 Prob:0.89465 Alpha:0.50023

[MOE_TRACE] Group:1 Prob:0.39000 Alpha:0.50036
[MOE_TRACE] Group:1 Prob:0.39000 Alpha:0.50036
[MOE_TRACE] Group:1 Prob:0.39000 Alpha:0.50036
[MOE_TRACE] Group:2 Prob:0.99661 Alpha:0.49979
[MOE_TRACE] Group:2 Prob:0.99661 Alpha:0.49979
[MOE_TRACE] Group:2 Prob:0.99661 Alpha:0.49979
[MOE_TRACE] Group:0 Prob:0.89465 Alpha:0.50023
[MOE_TRACE] Group:1 Prob:0.39000 Alpha:0.50036
[MOE_TRACE] Group:2 Prob:0.99661 Alpha:0.49979
[MOE_TRACE] Group:0 Prob:0.89457 Alpha:0.50023
[MOE_TRACE] Group:0 Prob:0.89457 Alpha:0.50023
[MOE_TRACE] Group:0 Prob:0.89457 Alpha:0.50023
[MOE_TRACE] Group:1 Prob:0.38343 Alpha:0.50036
[MOE_TRACE] Group:1 Prob:0.38343 Alpha:0.50036
[MOE_TRACE] Group:1 Prob:0.38343 Alpha:0.50036
[MOE_TRACE] Group:2 Prob:0.99663 Alpha:0.49979
[MOE_TRACE] Group:2 Prob:0.99663 Alpha:0.49979
[MOE_TRACE] Group:0 Prob:0.89457 Alpha:0.50023
[MOE_TRACE] Group:2 Prob:0.99663 Alpha:0.49979
[MOE_TRACE] Group:1 Prob:0.38343 Alpha:0.50036
[MOE_TRACE] Group:2 Prob:0.99663 Alpha:0.49979
[MOE_TRACE] Group:0 Prob:0.89452 Alpha:0.50022
[MOE_TRACE] Group:1 Prob:0.39483 Alpha:0.50037
[MOE_TRACE] Group:2 Prob:0.99649 Alpha:0.49979
[MOE_TRACE] Group:0 Prob:0.89452 Alpha:0.50022
[MOE_TRACE] Group:1 Prob:0.39483 Alpha:0.50037
[MOE_TRACE] Group:0 Prob:0.89452 Alpha:0.50022
[MOE_TRACE] Group:2 Prob:0.99649 Alpha:0.49979
[MOE_TRACE] Group:1 Prob:0.39483 Alpha:0.50037
[MOE_TRACE] Group:2 Prob:0.99649 Alpha:0.49979
[MOE_TRACE] Group:0 Prob:0.89452 Alpha:0.50022
[MOE_TRACE] Group:1 Prob:0.39483 Alpha:0.50037
[MOE_TRACE] Group:2 Prob:0.99649 Alpha:0.49979
[MOE_TRACE] Group:0 Prob:0.89543 Alpha:0.50022
[MOE_TRACE] Group:0 Prob:0.89543 Alpha:0.50022
[MOE_TRACE] Group:1 Prob:0.37712 Alpha:0.50037
[MOE_TRACE] Group:2 Prob:0.99655 Alpha:0.49979
[MOE_TRACE] Group:1 Prob:0.37712 Alpha:0.50037
[MOE_TRACE] Group:0 Prob:0.89543 Alpha:0.50022
[MOE_TRACE] Group:2 Prob:0.99655 Alpha:0.49979
[MOE_TRACE] Group:1 Prob:0.37712 Alpha:0.50037
[MOE_TRACE] Group:2 Prob:0.99655 Alpha:0.49979
[MOE_TRACE] Group:0 Prob:0.89543 Alpha:0.50022
[MOE_TRACE] Group:1 Prob:0.37712 Alpha:0.50037
[MOE_TRACE] Group:2 Prob:0.99655 Alpha:0.49979
[MOE_TRACE] Group:0 Prob:0.89689 Alpha:0.50022[MOE_TRACE] Group:0 Prob:0.89689 Alpha:0.50022

[MOE_TRACE] Group:1 Prob:0.37850 Alpha:0.50038
[MOE_TRACE] Group:1 Prob:0.37850 Alpha:0.50038
[MOE_TRACE] Group:0 Prob:0.89689 Alpha:0.50022
[MOE_TRACE] Group:2 Prob:0.99650 Alpha:0.49979
[MOE_TRACE] Group:2 Prob:0.99650 Alpha:0.49979
[MOE_TRACE] Group:1 Prob:0.37850 Alpha:0.50038
[MOE_TRACE] Group:2 Prob:0.99650 Alpha:0.49979
[MOE_TRACE] Group:0 Prob:0.89689 Alpha:0.50022
[MOE_TRACE] Group:1 Prob:0.37850 Alpha:0.50038
[MOE_TRACE] Group:2 Prob:0.99650 Alpha:0.49979
[MOE_TRACE] Group:0 Prob:0.89194 Alpha:0.50022
[MOE_TRACE] Group:0 Prob:0.89194 Alpha:0.50022
[MOE_TRACE] Group:0 Prob:0.89194 Alpha:0.50022
[MOE_TRACE] Group:1 Prob:0.37717 Alpha:0.50038
[MOE_TRACE] Group:1 Prob:0.37717 Alpha:0.50038
[MOE_TRACE] Group:1 Prob:0.37717 Alpha:0.50038
[MOE_TRACE] Group:2 Prob:0.99654 Alpha:0.49979
[MOE_TRACE] Group:2 Prob:0.99654 Alpha:0.49979
[MOE_TRACE] Group:2 Prob:0.99654 Alpha:0.49979
[MOE_TRACE] Group:0 Prob:0.89194 Alpha:0.50022
[MOE_TRACE] Group:1 Prob:0.37717 Alpha:0.50038
[MOE_TRACE] Group:2 Prob:0.99654 Alpha:0.49979
[MOE_TRACE] Group:0 Prob:0.89602 Alpha:0.50022
[MOE_TRACE] Group:0 Prob:0.89602 Alpha:0.50022[MOE_TRACE] Group:0 Prob:0.89602 Alpha:0.50022

[MOE_TRACE] Group:1 Prob:0.37142 Alpha:0.50039
[MOE_TRACE] Group:1 Prob:0.37142 Alpha:0.50039
[MOE_TRACE] Group:1 Prob:0.37142 Alpha:0.50039
[MOE_TRACE] Group:2 Prob:0.99641 Alpha:0.49979
[MOE_TRACE] Group:2 Prob:0.99641 Alpha:0.49979
[MOE_TRACE] Group:2 Prob:0.99641 Alpha:0.49979
[MOE_TRACE] Group:0 Prob:0.89602 Alpha:0.50022
[MOE_TRACE] Group:1 Prob:0.37142 Alpha:0.50039
[MOE_TRACE] Group:2 Prob:0.99641 Alpha:0.49979
[MOE_TRACE] Group:0 Prob:0.89481 Alpha:0.50023
[MOE_TRACE] Group:0 Prob:0.89481 Alpha:0.50023
[MOE_TRACE] Group:0 Prob:0.89481 Alpha:0.50023
[MOE_TRACE] Group:1 Prob:0.38340 Alpha:0.50039
[MOE_TRACE] Group:1 Prob:0.38340 Alpha:0.50039
[MOE_TRACE] Group:1 Prob:0.38340 Alpha:0.50039[MOE_TRACE] Group:2 Prob:0.99649 Alpha:0.49979

[MOE_TRACE] Group:2 Prob:0.99649 Alpha:0.49979
[MOE_TRACE] Group:0 Prob:0.89481 Alpha:0.50023
[MOE_TRACE] Group:2 Prob:0.99649 Alpha:0.49979
[MOE_TRACE] Group:1 Prob:0.38340 Alpha:0.50039
[MOE_TRACE] Group:2 Prob:0.99649 Alpha:0.49979
[MOE_TRACE] Group:0 Prob:0.89354 Alpha:0.50023
[MOE_TRACE] Group:1 Prob:0.37344 Alpha:0.50039
[MOE_TRACE] Group:0 Prob:0.89354 Alpha:0.50023
[MOE_TRACE] Group:0 Prob:0.89354 Alpha:0.50023
[MOE_TRACE] Group:2 Prob:0.99638 Alpha:0.49979
[MOE_TRACE] Group:1 Prob:0.37344 Alpha:0.50039
[MOE_TRACE] Group:1 Prob:0.37344 Alpha:0.50039
[MOE_TRACE] Group:2 Prob:0.99638 Alpha:0.49979
[MOE_TRACE] Group:2 Prob:0.99638 Alpha:0.49979
[MOE_TRACE] Group:0 Prob:0.89354 Alpha:0.50023
[MOE_TRACE] Group:1 Prob:0.37344 Alpha:0.50039
[MOE_TRACE] Group:2 Prob:0.99638 Alpha:0.49979
[MOE_TRACE] Group:0 Prob:0.89478 Alpha:0.50024
[MOE_TRACE] Group:1 Prob:0.39433 Alpha:0.50039
[MOE_TRACE] Group:0 Prob:0.89478 Alpha:0.50024
[MOE_TRACE] Group:2 Prob:0.99642 Alpha:0.49979
[MOE_TRACE] Group:0 Prob:0.89478 Alpha:0.50024
[MOE_TRACE] Group:1 Prob:0.39433 Alpha:0.50039
[MOE_TRACE] Group:1 Prob:0.39433 Alpha:0.50039
[MOE_TRACE] Group:2 Prob:0.99642 Alpha:0.49979
[MOE_TRACE] Group:2 Prob:0.99642 Alpha:0.49979
[MOE_TRACE] Group:0 Prob:0.89478 Alpha:0.50024
[MOE_TRACE] Group:1 Prob:0.39433 Alpha:0.50039
[MOE_TRACE] Group:2 Prob:0.99642 Alpha:0.49979
[MOE_TRACE] Group:0 Prob:0.89430 Alpha:0.50024
[MOE_TRACE] Group:1 Prob:0.39231 Alpha:0.50039
[MOE_TRACE] Group:2 Prob:0.99652 Alpha:0.49979
[MOE_TRACE] Group:0 Prob:0.89430 Alpha:0.50024
[MOE_TRACE] Group:1 Prob:0.39231 Alpha:0.50039
[MOE_TRACE] Group:2 Prob:0.99652 Alpha:0.49979
[MOE_TRACE] Group:0 Prob:0.89430 Alpha:0.50024
[MOE_TRACE] Group:1 Prob:0.39231 Alpha:0.50039
[MOE_TRACE] Group:2 Prob:0.99652 Alpha:0.49979
[MOE_TRACE] Group:0 Prob:0.89430 Alpha:0.50024
[MOE_TRACE] Group:1 Prob:0.39231 Alpha:0.50039
[MOE_TRACE] Group:2 Prob:0.99652 Alpha:0.49979
[MOE_TRACE] Group:0 Prob:0.89551 Alpha:0.50024
[MOE_TRACE] Group:0 Prob:0.89551 Alpha:0.50024
[MOE_TRACE] Group:1 Prob:0.37718 Alpha:0.50041
[MOE_TRACE] Group:1 Prob:0.37718 Alpha:0.50041
[MOE_TRACE] Group:0 Prob:0.89551 Alpha:0.50024
[MOE_TRACE] Group:2 Prob:0.99649 Alpha:0.49979
[MOE_TRACE] Group:2 Prob:0.99649 Alpha:0.49979
[MOE_TRACE] Group:1 Prob:0.37718 Alpha:0.50041
[MOE_TRACE] Group:0 Prob:0.89551 Alpha:0.50024
[MOE_TRACE] Group:2 Prob:0.99649 Alpha:0.49979
[MOE_TRACE] Group:1 Prob:0.37718 Alpha:0.50041
[MOE_TRACE] Group:2 Prob:0.99649 Alpha:0.49979
[MOE_TRACE] Group:0 Prob:0.89617 Alpha:0.50023
[MOE_TRACE] Group:0 Prob:0.89617 Alpha:0.50023[MOE_TRACE] Group:0 Prob:0.89617 Alpha:0.50023

[MOE_TRACE] Group:1 Prob:0.37444 Alpha:0.50042
[MOE_TRACE] Group:1 Prob:0.37444 Alpha:0.50042
[MOE_TRACE] Group:1 Prob:0.37444 Alpha:0.50042
[MOE_TRACE] Group:0 Prob:0.89617 Alpha:0.50023
[MOE_TRACE] Group:1 Prob:0.37444 Alpha:0.50042
[MOE_TRACE] Group:2 Prob:0.99638 Alpha:0.49979
[MOE_TRACE] Group:0 Prob:0.89708 Alpha:0.50023
[MOE_TRACE] Group:0 Prob:0.89708 Alpha:0.50023
[MOE_TRACE] Group:0 Prob:0.89708 Alpha:0.50023
[MOE_TRACE] Group:1 Prob:0.38369 Alpha:0.50043
[MOE_TRACE] Group:1 Prob:0.38369 Alpha:0.50043
[MOE_TRACE] Group:1 Prob:0.38369 Alpha:0.50043
[MOE_TRACE] Group:2 Prob:0.99642 Alpha:0.49979[MOE_TRACE] Group:2 Prob:0.99642 Alpha:0.49979

[MOE_TRACE] Group:2 Prob:0.99642 Alpha:0.49979
[MOE_TRACE] Group:0 Prob:0.89708 Alpha:0.50023
[MOE_TRACE] Group:1 Prob:0.38369 Alpha:0.50043
[MOE_TRACE] Group:2 Prob:0.99642 Alpha:0.49979
[MOE_TRACE] Group:0 Prob:0.89571 Alpha:0.50023
[MOE_TRACE] Group:0 Prob:0.89571 Alpha:0.50023
[MOE_TRACE] Group:1 Prob:0.36881 Alpha:0.50044
[MOE_TRACE] Group:2 Prob:0.99644 Alpha:0.49979
[MOE_TRACE] Group:0 Prob:0.89493 Alpha:0.50023
[MOE_TRACE] Group:0 Prob:0.89493 Alpha:0.50023[MOE_TRACE] Group:0 Prob:0.89493 Alpha:0.50023[MOE_TRACE] Group:1 Prob:0.37050 Alpha:0.50045


[MOE_TRACE] Group:2 Prob:0.99642 Alpha:0.49979[MOE_TRACE] Group:1 Prob:0.37050 Alpha:0.50045

[MOE_TRACE] Group:1 Prob:0.37050 Alpha:0.50045
[MOE_TRACE] Group:2 Prob:0.99642 Alpha:0.49979
[MOE_TRACE] Group:2 Prob:0.99642 Alpha:0.49979
[MOE_TRACE] Group:0 Prob:0.89493 Alpha:0.50023
[MOE_TRACE] Group:1 Prob:0.37050 Alpha:0.50045
[MOE_TRACE] Group:2 Prob:0.99642 Alpha:0.49979
[MOE_TRACE] Group:0 Prob:0.89448 Alpha:0.50023
[MOE_TRACE] Group:0 Prob:0.89448 Alpha:0.50023
[MOE_TRACE] Group:0 Prob:0.89448 Alpha:0.50023
[MOE_TRACE] Group:1 Prob:0.36447 Alpha:0.50045
[MOE_TRACE] Group:1 Prob:0.36447 Alpha:0.50045
[MOE_TRACE] Group:1 Prob:0.36447 Alpha:0.50045
[MOE_TRACE] Group:2 Prob:0.99637 Alpha:0.49980
[MOE_TRACE] Group:2 Prob:0.99637 Alpha:0.49980
[MOE_TRACE] Group:2 Prob:0.99637 Alpha:0.49980[MOE_TRACE] Group:0 Prob:0.89448 Alpha:0.50023

[MOE_TRACE] Group:1 Prob:0.36447 Alpha:0.50045
[MOE_TRACE] Group:2 Prob:0.99637 Alpha:0.49980
[MOE_TRACE] Group:0 Prob:0.89511 Alpha:0.50023
[MOE_TRACE] Group:0 Prob:0.89511 Alpha:0.50023
[MOE_TRACE] Group:1 Prob:0.36158 Alpha:0.50046
[MOE_TRACE] Group:1 Prob:0.36158 Alpha:0.50046
[MOE_TRACE] Group:0 Prob:0.89511 Alpha:0.50023
[MOE_TRACE] Group:2 Prob:0.99643 Alpha:0.49979
[MOE_TRACE] Group:1 Prob:0.36158 Alpha:0.50046
[MOE_TRACE] Group:2 Prob:0.99643 Alpha:0.49979
[MOE_TRACE] Group:2 Prob:0.99643 Alpha:0.49979
[MOE_TRACE] Group:0 Prob:0.89511 Alpha:0.50023
[MOE_TRACE] Group:1 Prob:0.36158 Alpha:0.50046
[MOE_TRACE] Group:2 Prob:0.99643 Alpha:0.49979
[MOE_TRACE] Group:0 Prob:0.89717 Alpha:0.50024
[MOE_TRACE] Group:1 Prob:0.38305 Alpha:0.50046
[MOE_TRACE] Group:0 Prob:0.89717 Alpha:0.50024
[MOE_TRACE] Group:0 Prob:0.89717 Alpha:0.50024
[MOE_TRACE] Group:2 Prob:0.99654 Alpha:0.49979
[MOE_TRACE] Group:1 Prob:0.38305 Alpha:0.50046
[MOE_TRACE] Group:1 Prob:0.38305 Alpha:0.50046
[MOE_TRACE] Group:2 Prob:0.99654 Alpha:0.49979
[MOE_TRACE] Group:2 Prob:0.99654 Alpha:0.49979
[MOE_TRACE] Group:0 Prob:0.89717 Alpha:0.50024
[MOE_TRACE] Group:1 Prob:0.38305 Alpha:0.50046
[MOE_TRACE] Group:2 Prob:0.99654 Alpha:0.49979
[MOE_TRACE] Group:0 Prob:0.89330 Alpha:0.50024
[MOE_TRACE] Group:0 Prob:0.89330 Alpha:0.50024[MOE_TRACE] Group:1 Prob:0.38137 Alpha:0.50046

[MOE_TRACE] Group:0 Prob:0.89330 Alpha:0.50024
[MOE_TRACE] Group:1 Prob:0.38137 Alpha:0.50046[MOE_TRACE] Group:2 Prob:0.99644 Alpha:0.49979

[MOE_TRACE] Group:1 Prob:0.38137 Alpha:0.50046
[MOE_TRACE] Group:2 Prob:0.99644 Alpha:0.49979
[MOE_TRACE] Group:2 Prob:0.99644 Alpha:0.49979
[MOE_TRACE] Group:0 Prob:0.89330 Alpha:0.50024
[MOE_TRACE] Group:1 Prob:0.38137 Alpha:0.50046
[MOE_TRACE] Group:2 Prob:0.99644 Alpha:0.49979
[MOE_TRACE] Group:0 Prob:0.89111 Alpha:0.50024
[MOE_TRACE] Group:0 Prob:0.89111 Alpha:0.50024[MOE_TRACE] Group:1 Prob:0.37364 Alpha:0.50047

[MOE_TRACE] Group:1 Prob:0.37364 Alpha:0.50047[MOE_TRACE] Group:2 Prob:0.99636 Alpha:0.49980

[MOE_TRACE] Group:0 Prob:0.89111 Alpha:0.50024
[MOE_TRACE] Group:2 Prob:0.99636 Alpha:0.49980
[MOE_TRACE] Group:1 Prob:0.37364 Alpha:0.50047
[MOE_TRACE] Group:2 Prob:0.99636 Alpha:0.49980
[MOE_TRACE] Group:0 Prob:0.89111 Alpha:0.50024
[MOE_TRACE] Group:1 Prob:0.37364 Alpha:0.50047
[MOE_TRACE] Group:2 Prob:0.99636 Alpha:0.49980
[MOE_TRACE] Group:0 Prob:0.89125 Alpha:0.50024
[MOE_TRACE] Group:1 Prob:0.36677 Alpha:0.50048
[MOE_TRACE] Group:0 Prob:0.89125 Alpha:0.50024
[MOE_TRACE] Group:1 Prob:0.36677 Alpha:0.50048
[MOE_TRACE] Group:0 Prob:0.89125 Alpha:0.50024
[MOE_TRACE] Group:1 Prob:0.36677 Alpha:0.50048
[MOE_TRACE] Group:2 Prob:0.99642 Alpha:0.49980
[MOE_TRACE] Group:0 Prob:0.89125 Alpha:0.50024
[MOE_TRACE] Group:1 Prob:0.36677 Alpha:0.50048
[MOE_TRACE] Group:2 Prob:0.99642 Alpha:0.49980
Epoch: 2 cost time: 105.66455912590027
Epoch: 2, Steps: 146 | Train Loss: 0.4436156 Vali Loss: 0.3010184 Test Loss: 0.2849857
Validation loss decreased (0.303003 --> 0.301018).  Saving model ...
Updating learning rate to 5e-05
[MOE_TRACE] Group:0 Prob:0.89569 Alpha:0.50024[MOE_TRACE] Group:0 Prob:0.89569 Alpha:0.50024

[MOE_TRACE] Group:0 Prob:0.89569 Alpha:0.50024
[MOE_TRACE] Group:1 Prob:0.36724 Alpha:0.50049[MOE_TRACE] Group:1 Prob:0.36724 Alpha:0.50049

[MOE_TRACE] Group:1 Prob:0.36724 Alpha:0.50049
[MOE_TRACE] Group:2 Prob:0.99642 Alpha:0.49980[MOE_TRACE] Group:2 Prob:0.99642 Alpha:0.49980
[MOE_TRACE] Group:2 Prob:0.99642 Alpha:0.49980

[MOE_TRACE] Group:0 Prob:0.89569 Alpha:0.50024
[MOE_TRACE] Group:1 Prob:0.36724 Alpha:0.50049
[MOE_TRACE] Group:2 Prob:0.99642 Alpha:0.49980
[MOE_TRACE] Group:0 Prob:0.89384 Alpha:0.50024
[MOE_TRACE] Group:0 Prob:0.89384 Alpha:0.50024
[MOE_TRACE] Group:0 Prob:0.89384 Alpha:0.50024
[MOE_TRACE] Group:1 Prob:0.36732 Alpha:0.50049
[MOE_TRACE] Group:1 Prob:0.36732 Alpha:0.50049
[MOE_TRACE] Group:1 Prob:0.36732 Alpha:0.50049
[MOE_TRACE] Group:2 Prob:0.99638 Alpha:0.49980
[MOE_TRACE] Group:2 Prob:0.99638 Alpha:0.49980
[MOE_TRACE] Group:2 Prob:0.99638 Alpha:0.49980
[MOE_TRACE] Group:0 Prob:0.89384 Alpha:0.50024
[MOE_TRACE] Group:1 Prob:0.36732 Alpha:0.50049
[MOE_TRACE] Group:2 Prob:0.99638 Alpha:0.49980
[MOE_TRACE] Group:0 Prob:0.89380 Alpha:0.50024
[MOE_TRACE] Group:0 Prob:0.89380 Alpha:0.50024
[MOE_TRACE] Group:0 Prob:0.89380 Alpha:0.50024
[MOE_TRACE] Group:1 Prob:0.36360 Alpha:0.50049
[MOE_TRACE] Group:1 Prob:0.36360 Alpha:0.50049
[MOE_TRACE] Group:2 Prob:0.99640 Alpha:0.49980
[MOE_TRACE] Group:1 Prob:0.36360 Alpha:0.50049
[MOE_TRACE] Group:2 Prob:0.99640 Alpha:0.49980
[MOE_TRACE] Group:2 Prob:0.99640 Alpha:0.49980
[MOE_TRACE] Group:0 Prob:0.89380 Alpha:0.50024
[MOE_TRACE] Group:1 Prob:0.36360 Alpha:0.50049
[MOE_TRACE] Group:2 Prob:0.99640 Alpha:0.49980
[MOE_TRACE] Group:0 Prob:0.88902 Alpha:0.50024
[MOE_TRACE] Group:0 Prob:0.88902 Alpha:0.50024
[MOE_TRACE] Group:1 Prob:0.34754 Alpha:0.50049
[MOE_TRACE] Group:0 Prob:0.88902 Alpha:0.50024
[MOE_TRACE] Group:2 Prob:0.99633 Alpha:0.49980
[MOE_TRACE] Group:1 Prob:0.34754 Alpha:0.50049
[MOE_TRACE] Group:1 Prob:0.34754 Alpha:0.50049
[MOE_TRACE] Group:2 Prob:0.99633 Alpha:0.49980
[MOE_TRACE] Group:2 Prob:0.99633 Alpha:0.49980
[MOE_TRACE] Group:0 Prob:0.88902 Alpha:0.50024
[MOE_TRACE] Group:1 Prob:0.34754 Alpha:0.50049
[MOE_TRACE] Group:2 Prob:0.99633 Alpha:0.49980
[MOE_TRACE] Group:0 Prob:0.89300 Alpha:0.50024
[MOE_TRACE] Group:0 Prob:0.89300 Alpha:0.50024
[MOE_TRACE] Group:1 Prob:0.36168 Alpha:0.50049
[MOE_TRACE] Group:1 Prob:0.36168 Alpha:0.50049
[MOE_TRACE] Group:0 Prob:0.89300 Alpha:0.50024
[MOE_TRACE] Group:2 Prob:0.99628 Alpha:0.49980
[MOE_TRACE] Group:2 Prob:0.99628 Alpha:0.49980
[MOE_TRACE] Group:1 Prob:0.36168 Alpha:0.50049
[MOE_TRACE] Group:2 Prob:0.99628 Alpha:0.49980
[MOE_TRACE] Group:0 Prob:0.89300 Alpha:0.50024
[MOE_TRACE] Group:1 Prob:0.36168 Alpha:0.50049
[MOE_TRACE] Group:2 Prob:0.99628 Alpha:0.49980
[MOE_TRACE] Group:0 Prob:0.89438 Alpha:0.50024
[MOE_TRACE] Group:0 Prob:0.89438 Alpha:0.50024
[MOE_TRACE] Group:1 Prob:0.34991 Alpha:0.50049
[MOE_TRACE] Group:1 Prob:0.34991 Alpha:0.50049
[MOE_TRACE] Group:2 Prob:0.99630 Alpha:0.49981
[MOE_TRACE] Group:2 Prob:0.99630 Alpha:0.49981
[MOE_TRACE] Group:0 Prob:0.89438 Alpha:0.50024
[MOE_TRACE] Group:1 Prob:0.34991 Alpha:0.50049
[MOE_TRACE] Group:2 Prob:0.99627 Alpha:0.49981
[MOE_TRACE] Group:0 Prob:0.89438 Alpha:0.50024
[MOE_TRACE] Group:1 Prob:0.34991 Alpha:0.50049
[MOE_TRACE] Group:2 Prob:0.99627 Alpha:0.49981
[MOE_TRACE] Group:0 Prob:0.89075 Alpha:0.50024
[MOE_TRACE] Group:0 Prob:0.89075 Alpha:0.50024
[MOE_TRACE] Group:0 Prob:0.89075 Alpha:0.50024
[MOE_TRACE] Group:1 Prob:0.36773 Alpha:0.50049
[MOE_TRACE] Group:1 Prob:0.36773 Alpha:0.50049
[MOE_TRACE] Group:2 Prob:0.99632 Alpha:0.49981
[MOE_TRACE] Group:2 Prob:0.99632 Alpha:0.49981
[MOE_TRACE] Group:1 Prob:0.36773 Alpha:0.50049
[MOE_TRACE] Group:2 Prob:0.99632 Alpha:0.49981
[MOE_TRACE] Group:0 Prob:0.89075 Alpha:0.50024
[MOE_TRACE] Group:1 Prob:0.36773 Alpha:0.50049
[MOE_TRACE] Group:2 Prob:0.99632 Alpha:0.49981
[MOE_TRACE] Group:0 Prob:0.88994 Alpha:0.50024
[MOE_TRACE] Group:1 Prob:0.36696 Alpha:0.50050
[MOE_TRACE] Group:2 Prob:0.99624 Alpha:0.49980
[MOE_TRACE] Group:0 Prob:0.88994 Alpha:0.50024
[MOE_TRACE] Group:0 Prob:0.88994 Alpha:0.50024
[MOE_TRACE] Group:1 Prob:0.36696 Alpha:0.50050
[MOE_TRACE] Group:1 Prob:0.36696 Alpha:0.50050
[MOE_TRACE] Group:2 Prob:0.99624 Alpha:0.49980
[MOE_TRACE] Group:2 Prob:0.99624 Alpha:0.49980
[MOE_TRACE] Group:0 Prob:0.88994 Alpha:0.50024
[MOE_TRACE] Group:1 Prob:0.36696 Alpha:0.50050
[MOE_TRACE] Group:2 Prob:0.99624 Alpha:0.49980
[MOE_TRACE] Group:0 Prob:0.88834 Alpha:0.50025
[MOE_TRACE] Group:1 Prob:0.36185 Alpha:0.50050
[MOE_TRACE] Group:0 Prob:0.88834 Alpha:0.50025
[MOE_TRACE] Group:1 Prob:0.36185 Alpha:0.50050
[MOE_TRACE] Group:0 Prob:0.88834 Alpha:0.50025
[MOE_TRACE] Group:2 Prob:0.99631 Alpha:0.49980
[MOE_TRACE] Group:1 Prob:0.36185 Alpha:0.50050
[MOE_TRACE] Group:2 Prob:0.99631 Alpha:0.49980
[MOE_TRACE] Group:0 Prob:0.88834 Alpha:0.50025
[MOE_TRACE] Group:1 Prob:0.36185 Alpha:0.50050
[MOE_TRACE] Group:2 Prob:0.99631 Alpha:0.49980
[MOE_TRACE] Group:0 Prob:0.88983 Alpha:0.50025[MOE_TRACE] Group:0 Prob:0.88983 Alpha:0.50025

[MOE_TRACE] Group:0 Prob:0.88983 Alpha:0.50025
[MOE_TRACE] Group:1 Prob:0.36522 Alpha:0.50051[MOE_TRACE] Group:1 Prob:0.36522 Alpha:0.50051

[MOE_TRACE] Group:1 Prob:0.36522 Alpha:0.50051
[MOE_TRACE] Group:0 Prob:0.88983 Alpha:0.50025
[MOE_TRACE] Group:1 Prob:0.36522 Alpha:0.50051
[MOE_TRACE] Group:2 Prob:0.99628 Alpha:0.49980
[MOE_TRACE] Group:0 Prob:0.89083 Alpha:0.50025[MOE_TRACE] Group:0 Prob:0.89083 Alpha:0.50025[MOE_TRACE] Group:0 Prob:0.89083 Alpha:0.50025


[MOE_TRACE] Group:1 Prob:0.36502 Alpha:0.50051
[MOE_TRACE] Group:1 Prob:0.36502 Alpha:0.50051
[MOE_TRACE] Group:1 Prob:0.36502 Alpha:0.50051
[MOE_TRACE] Group:2 Prob:0.99618 Alpha:0.49981
[MOE_TRACE] Group:2 Prob:0.99618 Alpha:0.49981
[MOE_TRACE] Group:2 Prob:0.99618 Alpha:0.49981
[MOE_TRACE] Group:0 Prob:0.89083 Alpha:0.50025
[MOE_TRACE] Group:1 Prob:0.36502 Alpha:0.50051
[MOE_TRACE] Group:2 Prob:0.99618 Alpha:0.49981
[MOE_TRACE] Group:0 Prob:0.88705 Alpha:0.50025
[MOE_TRACE] Group:1 Prob:0.36229 Alpha:0.50051
[MOE_TRACE] Group:0 Prob:0.88705 Alpha:0.50025
[MOE_TRACE] Group:1 Prob:0.36229 Alpha:0.50051
[MOE_TRACE] Group:0 Prob:0.88705 Alpha:0.50025
[MOE_TRACE] Group:1 Prob:0.36229 Alpha:0.50051
[MOE_TRACE] Group:0 Prob:0.88705 Alpha:0.50025
[MOE_TRACE] Group:1 Prob:0.36229 Alpha:0.50051
[MOE_TRACE] Group:2 Prob:0.99618 Alpha:0.49981
[MOE_TRACE] Group:0 Prob:0.88994 Alpha:0.50025
[MOE_TRACE] Group:0 Prob:0.88994 Alpha:0.50025
[MOE_TRACE] Group:0 Prob:0.88994 Alpha:0.50025
[MOE_TRACE] Group:1 Prob:0.36039 Alpha:0.50051[MOE_TRACE] Group:1 Prob:0.36039 Alpha:0.50051

[MOE_TRACE] Group:1 Prob:0.36039 Alpha:0.50051
[MOE_TRACE] Group:2 Prob:0.99609 Alpha:0.49981
[MOE_TRACE] Group:2 Prob:0.99609 Alpha:0.49981
[MOE_TRACE] Group:2 Prob:0.99609 Alpha:0.49981
[MOE_TRACE] Group:0 Prob:0.88994 Alpha:0.50025
[MOE_TRACE] Group:1 Prob:0.36039 Alpha:0.50051
[MOE_TRACE] Group:2 Prob:0.99609 Alpha:0.49981
[MOE_TRACE] Group:0 Prob:0.89250 Alpha:0.50025[MOE_TRACE] Group:0 Prob:0.89250 Alpha:0.50025

[MOE_TRACE] Group:0 Prob:0.89250 Alpha:0.50025
[MOE_TRACE] Group:1 Prob:0.37778 Alpha:0.50051
[MOE_TRACE] Group:0 Prob:0.89250 Alpha:0.50025
[MOE_TRACE] Group:1 Prob:0.37778 Alpha:0.50051
[MOE_TRACE] Group:2 Prob:0.99610 Alpha:0.49981
[MOE_TRACE] Group:0 Prob:0.89098 Alpha:0.50025
[MOE_TRACE] Group:0 Prob:0.89098 Alpha:0.50025
[MOE_TRACE] Group:1 Prob:0.35836 Alpha:0.50052
[MOE_TRACE] Group:1 Prob:0.35836 Alpha:0.50052
[MOE_TRACE] Group:0 Prob:0.89098 Alpha:0.50025
[MOE_TRACE] Group:2 Prob:0.99613 Alpha:0.49981
[MOE_TRACE] Group:2 Prob:0.99613 Alpha:0.49981
[MOE_TRACE] Group:1 Prob:0.35836 Alpha:0.50052
[MOE_TRACE] Group:2 Prob:0.99613 Alpha:0.49981
[MOE_TRACE] Group:0 Prob:0.89098 Alpha:0.50025
[MOE_TRACE] Group:1 Prob:0.35836 Alpha:0.50052
[MOE_TRACE] Group:2 Prob:0.99613 Alpha:0.49981
[MOE_TRACE] Group:0 Prob:0.89020 Alpha:0.50025
[MOE_TRACE] Group:0 Prob:0.89020 Alpha:0.50025
[MOE_TRACE] Group:0 Prob:0.89020 Alpha:0.50025
[MOE_TRACE] Group:1 Prob:0.36618 Alpha:0.50052
[MOE_TRACE] Group:0 Prob:0.89020 Alpha:0.50025
[MOE_TRACE] Group:1 Prob:0.36618 Alpha:0.50052
[MOE_TRACE] Group:2 Prob:0.99616 Alpha:0.49981
[MOE_TRACE] Group:0 Prob:0.89088 Alpha:0.50025
[MOE_TRACE] Group:0 Prob:0.89088 Alpha:0.50025
[MOE_TRACE] Group:0 Prob:0.89088 Alpha:0.50025
[MOE_TRACE] Group:1 Prob:0.35755 Alpha:0.50052
[MOE_TRACE] Group:1 Prob:0.35755 Alpha:0.50052[MOE_TRACE] Group:1 Prob:0.35755 Alpha:0.50052

[MOE_TRACE] Group:2 Prob:0.99605 Alpha:0.49982
[MOE_TRACE] Group:2 Prob:0.99605 Alpha:0.49982
[MOE_TRACE] Group:2 Prob:0.99605 Alpha:0.49982
[MOE_TRACE] Group:0 Prob:0.89088 Alpha:0.50025
[MOE_TRACE] Group:1 Prob:0.35755 Alpha:0.50052
[MOE_TRACE] Group:2 Prob:0.99605 Alpha:0.49982
[MOE_TRACE] Group:0 Prob:0.88634 Alpha:0.50025
[MOE_TRACE] Group:0 Prob:0.88634 Alpha:0.50025
[MOE_TRACE] Group:1 Prob:0.35289 Alpha:0.50052
[MOE_TRACE] Group:0 Prob:0.88634 Alpha:0.50025
[MOE_TRACE] Group:1 Prob:0.35289 Alpha:0.50052
[MOE_TRACE] Group:0 Prob:0.88634 Alpha:0.50025
[MOE_TRACE] Group:1 Prob:0.35289 Alpha:0.50052
[MOE_TRACE] Group:2 Prob:0.99587 Alpha:0.49982
[MOE_TRACE] Group:0 Prob:0.89281 Alpha:0.50025
[MOE_TRACE] Group:0 Prob:0.89281 Alpha:0.50025
[MOE_TRACE] Group:0 Prob:0.89281 Alpha:0.50025
[MOE_TRACE] Group:1 Prob:0.36334 Alpha:0.50053
[MOE_TRACE] Group:2 Prob:0.99592 Alpha:0.49983
[MOE_TRACE] Group:1 Prob:0.36334 Alpha:0.50053
[MOE_TRACE] Group:1 Prob:0.36334 Alpha:0.50053
[MOE_TRACE] Group:2 Prob:0.99592 Alpha:0.49983
[MOE_TRACE] Group:2 Prob:0.99592 Alpha:0.49983
[MOE_TRACE] Group:0 Prob:0.89281 Alpha:0.50025
[MOE_TRACE] Group:1 Prob:0.36334 Alpha:0.50053
[MOE_TRACE] Group:2 Prob:0.99592 Alpha:0.49983
[MOE_TRACE] Group:0 Prob:0.88869 Alpha:0.50025
[MOE_TRACE] Group:0 Prob:0.88869 Alpha:0.50025[MOE_TRACE] Group:0 Prob:0.88869 Alpha:0.50025

[MOE_TRACE] Group:1 Prob:0.35728 Alpha:0.50053
[MOE_TRACE] Group:1 Prob:0.35728 Alpha:0.50053
[MOE_TRACE] Group:0 Prob:0.88869 Alpha:0.50025
[MOE_TRACE] Group:1 Prob:0.35728 Alpha:0.50053
[MOE_TRACE] Group:2 Prob:0.99600 Alpha:0.49983
[MOE_TRACE] Group:0 Prob:0.88888 Alpha:0.50025
[MOE_TRACE] Group:0 Prob:0.88888 Alpha:0.50025
[MOE_TRACE] Group:0 Prob:0.88888 Alpha:0.50025
[MOE_TRACE] Group:1 Prob:0.35861 Alpha:0.50053
[MOE_TRACE] Group:1 Prob:0.35861 Alpha:0.50053
[MOE_TRACE] Group:1 Prob:0.35861 Alpha:0.50053
[MOE_TRACE] Group:2 Prob:0.99594 Alpha:0.49982
[MOE_TRACE] Group:2 Prob:0.99594 Alpha:0.49982
[MOE_TRACE] Group:2 Prob:0.99594 Alpha:0.49982
[MOE_TRACE] Group:0 Prob:0.88888 Alpha:0.50025
[MOE_TRACE] Group:1 Prob:0.35861 Alpha:0.50053
[MOE_TRACE] Group:2 Prob:0.99594 Alpha:0.49982
[MOE_TRACE] Group:0 Prob:0.89119 Alpha:0.50025[MOE_TRACE] Group:0 Prob:0.89119 Alpha:0.50025

[MOE_TRACE] Group:0 Prob:0.89119 Alpha:0.50025
[MOE_TRACE] Group:1 Prob:0.34726 Alpha:0.50054
[MOE_TRACE] Group:1 Prob:0.34726 Alpha:0.50054
[MOE_TRACE] Group:1 Prob:0.34726 Alpha:0.50054
[MOE_TRACE] Group:2 Prob:0.99591 Alpha:0.49983
[MOE_TRACE] Group:2 Prob:0.99591 Alpha:0.49983
[MOE_TRACE] Group:2 Prob:0.99591 Alpha:0.49983
[MOE_TRACE] Group:0 Prob:0.89119 Alpha:0.50025
[MOE_TRACE] Group:1 Prob:0.34726 Alpha:0.50054
[MOE_TRACE] Group:2 Prob:0.99591 Alpha:0.49983
[MOE_TRACE] Group:0 Prob:0.88842 Alpha:0.50025
[MOE_TRACE] Group:0 Prob:0.88842 Alpha:0.50025[MOE_TRACE] Group:0 Prob:0.88842 Alpha:0.50025

[MOE_TRACE] Group:1 Prob:0.36232 Alpha:0.50054[MOE_TRACE] Group:1 Prob:0.36232 Alpha:0.50054

[MOE_TRACE] Group:1 Prob:0.36232 Alpha:0.50054
[MOE_TRACE] Group:2 Prob:0.99593 Alpha:0.49983[MOE_TRACE] Group:2 Prob:0.99593 Alpha:0.49983

[MOE_TRACE] Group:2 Prob:0.99593 Alpha:0.49983
[MOE_TRACE] Group:0 Prob:0.88842 Alpha:0.50025
[MOE_TRACE] Group:1 Prob:0.36232 Alpha:0.50054
[MOE_TRACE] Group:2 Prob:0.99593 Alpha:0.49983
[MOE_TRACE] Group:0 Prob:0.89348 Alpha:0.50025
[MOE_TRACE] Group:0 Prob:0.89348 Alpha:0.50025
[MOE_TRACE] Group:1 Prob:0.36006 Alpha:0.50055
[MOE_TRACE] Group:2 Prob:0.99580 Alpha:0.49983
[MOE_TRACE] Group:0 Prob:0.89348 Alpha:0.50025
[MOE_TRACE] Group:1 Prob:0.36006 Alpha:0.50055
[MOE_TRACE] Group:2 Prob:0.99580 Alpha:0.49983
[MOE_TRACE] Group:1 Prob:0.36006 Alpha:0.50055
[MOE_TRACE] Group:2 Prob:0.99580 Alpha:0.49983
[MOE_TRACE] Group:0 Prob:0.89348 Alpha:0.50025
[MOE_TRACE] Group:1 Prob:0.36006 Alpha:0.50055
[MOE_TRACE] Group:2 Prob:0.99580 Alpha:0.49983
[MOE_TRACE] Group:0 Prob:0.88993 Alpha:0.50025
[MOE_TRACE] Group:0 Prob:0.88993 Alpha:0.50025
[MOE_TRACE] Group:0 Prob:0.88993 Alpha:0.50025
[MOE_TRACE] Group:1 Prob:0.35335 Alpha:0.50055
[MOE_TRACE] Group:1 Prob:0.35335 Alpha:0.50055
[MOE_TRACE] Group:1 Prob:0.35335 Alpha:0.50055
[MOE_TRACE] Group:2 Prob:0.99573 Alpha:0.49984
[MOE_TRACE] Group:2 Prob:0.99573 Alpha:0.49984
[MOE_TRACE] Group:2 Prob:0.99573 Alpha:0.49984
[MOE_TRACE] Group:0 Prob:0.88993 Alpha:0.50025
[MOE_TRACE] Group:1 Prob:0.35335 Alpha:0.50055
[MOE_TRACE] Group:2 Prob:0.99573 Alpha:0.49984
[MOE_TRACE] Group:0 Prob:0.89234 Alpha:0.50025
[MOE_TRACE] Group:0 Prob:0.89234 Alpha:0.50025
[MOE_TRACE] Group:1 Prob:0.37099 Alpha:0.50056
[MOE_TRACE] Group:0 Prob:0.89234 Alpha:0.50025[MOE_TRACE] Group:1 Prob:0.37099 Alpha:0.50056

[MOE_TRACE] Group:1 Prob:0.37099 Alpha:0.50056
[MOE_TRACE] Group:0 Prob:0.89234 Alpha:0.50025
[MOE_TRACE] Group:1 Prob:0.37099 Alpha:0.50056
[MOE_TRACE] Group:2 Prob:0.99583 Alpha:0.49984
[MOE_TRACE] Group:0 Prob:0.88792 Alpha:0.50026
[MOE_TRACE] Group:0 Prob:0.88792 Alpha:0.50026[MOE_TRACE] Group:0 Prob:0.88792 Alpha:0.50026[MOE_TRACE] Group:1 Prob:0.35946 Alpha:0.50057


[MOE_TRACE] Group:1 Prob:0.35946 Alpha:0.50057
[MOE_TRACE] Group:1 Prob:0.35946 Alpha:0.50057
[MOE_TRACE] Group:0 Prob:0.88792 Alpha:0.50026
[MOE_TRACE] Group:1 Prob:0.35946 Alpha:0.50057
[MOE_TRACE] Group:2 Prob:0.99574 Alpha:0.49984
[MOE_TRACE] Group:0 Prob:0.88903 Alpha:0.50026[MOE_TRACE] Group:0 Prob:0.88903 Alpha:0.50026

[MOE_TRACE] Group:1 Prob:0.35143 Alpha:0.50057
[MOE_TRACE] Group:1 Prob:0.35143 Alpha:0.50057
[MOE_TRACE] Group:0 Prob:0.88903 Alpha:0.50026
[MOE_TRACE] Group:1 Prob:0.35143 Alpha:0.50057
[MOE_TRACE] Group:0 Prob:0.88903 Alpha:0.50026
[MOE_TRACE] Group:1 Prob:0.35143 Alpha:0.50057
[MOE_TRACE] Group:2 Prob:0.99579 Alpha:0.49984
[MOE_TRACE] Group:0 Prob:0.88819 Alpha:0.50026
[MOE_TRACE] Group:0 Prob:0.88819 Alpha:0.50026
[MOE_TRACE] Group:0 Prob:0.88819 Alpha:0.50026
[MOE_TRACE] Group:1 Prob:0.36327 Alpha:0.50058
[MOE_TRACE] Group:1 Prob:0.36327 Alpha:0.50058
[MOE_TRACE] Group:1 Prob:0.36327 Alpha:0.50058
[MOE_TRACE] Group:2 Prob:0.99562 Alpha:0.49985
[MOE_TRACE] Group:2 Prob:0.99562 Alpha:0.49985
[MOE_TRACE] Group:2 Prob:0.99562 Alpha:0.49985
[MOE_TRACE] Group:0 Prob:0.88819 Alpha:0.50026
[MOE_TRACE] Group:1 Prob:0.36327 Alpha:0.50058
[MOE_TRACE] Group:2 Prob:0.99562 Alpha:0.49985
[MOE_TRACE] Group:0 Prob:0.88953 Alpha:0.50026[MOE_TRACE] Group:0 Prob:0.88953 Alpha:0.50026

[MOE_TRACE] Group:1 Prob:0.35605 Alpha:0.50059
[MOE_TRACE] Group:1 Prob:0.35605 Alpha:0.50059
[MOE_TRACE] Group:2 Prob:0.99531 Alpha:0.49986
[MOE_TRACE] Group:2 Prob:0.99531 Alpha:0.49986
[MOE_TRACE] Group:0 Prob:0.88953 Alpha:0.50026
[MOE_TRACE] Group:1 Prob:0.35605 Alpha:0.50059
[MOE_TRACE] Group:2 Prob:0.99531 Alpha:0.49986
[MOE_TRACE] Group:0 Prob:0.88953 Alpha:0.50026
[MOE_TRACE] Group:1 Prob:0.35605 Alpha:0.50059
[MOE_TRACE] Group:2 Prob:0.99531 Alpha:0.49986
[MOE_TRACE] Group:0 Prob:0.88558 Alpha:0.50026
[MOE_TRACE] Group:0 Prob:0.88558 Alpha:0.50026
[MOE_TRACE] Group:1 Prob:0.34745 Alpha:0.50059
[MOE_TRACE] Group:0 Prob:0.88558 Alpha:0.50026
[MOE_TRACE] Group:1 Prob:0.34745 Alpha:0.50059
[MOE_TRACE] Group:2 Prob:0.99529 Alpha:0.49986
[MOE_TRACE] Group:1 Prob:0.34745 Alpha:0.50059
[MOE_TRACE] Group:2 Prob:0.99529 Alpha:0.49986
[MOE_TRACE] Group:2 Prob:0.99529 Alpha:0.49986
[MOE_TRACE] Group:0 Prob:0.88558 Alpha:0.50026
[MOE_TRACE] Group:1 Prob:0.34745 Alpha:0.50059
[MOE_TRACE] Group:2 Prob:0.99529 Alpha:0.49986
[MOE_TRACE] Group:0 Prob:0.88788 Alpha:0.50026
[MOE_TRACE] Group:0 Prob:0.88788 Alpha:0.50026
[MOE_TRACE] Group:0 Prob:0.88788 Alpha:0.50026
[MOE_TRACE] Group:1 Prob:0.34559 Alpha:0.50060
[MOE_TRACE] Group:1 Prob:0.34559 Alpha:0.50060
[MOE_TRACE] Group:1 Prob:0.34559 Alpha:0.50060
[MOE_TRACE] Group:2 Prob:0.99533 Alpha:0.49986
[MOE_TRACE] Group:2 Prob:0.99533 Alpha:0.49986
[MOE_TRACE] Group:2 Prob:0.99533 Alpha:0.49986
[MOE_TRACE] Group:0 Prob:0.88788 Alpha:0.50026
[MOE_TRACE] Group:1 Prob:0.34559 Alpha:0.50060
[MOE_TRACE] Group:2 Prob:0.99533 Alpha:0.49986
[MOE_TRACE] Group:0 Prob:0.88491 Alpha:0.50026
[MOE_TRACE] Group:1 Prob:0.33046 Alpha:0.50060
[MOE_TRACE] Group:2 Prob:0.99532 Alpha:0.49986
[MOE_TRACE] Group:0 Prob:0.88491 Alpha:0.50026
[MOE_TRACE] Group:0 Prob:0.88491 Alpha:0.50026
[MOE_TRACE] Group:1 Prob:0.33046 Alpha:0.50060
[MOE_TRACE] Group:1 Prob:0.33046 Alpha:0.50060
[MOE_TRACE] Group:2 Prob:0.99532 Alpha:0.49986
[MOE_TRACE] Group:2 Prob:0.99532 Alpha:0.49986
[MOE_TRACE] Group:0 Prob:0.88491 Alpha:0.50026
[MOE_TRACE] Group:1 Prob:0.33046 Alpha:0.50060
[MOE_TRACE] Group:2 Prob:0.99532 Alpha:0.49986
[MOE_TRACE] Group:0 Prob:0.88472 Alpha:0.50026
[MOE_TRACE] Group:0 Prob:0.88472 Alpha:0.50026
[MOE_TRACE] Group:0 Prob:0.88472 Alpha:0.50026
[MOE_TRACE] Group:1 Prob:0.35701 Alpha:0.50061
[MOE_TRACE] Group:2 Prob:0.99539 Alpha:0.49986
[MOE_TRACE] Group:1 Prob:0.35701 Alpha:0.50061
[MOE_TRACE] Group:1 Prob:0.35701 Alpha:0.50061
[MOE_TRACE] Group:2 Prob:0.99539 Alpha:0.49986
[MOE_TRACE] Group:2 Prob:0.99539 Alpha:0.49986
[MOE_TRACE] Group:0 Prob:0.88472 Alpha:0.50026
[MOE_TRACE] Group:1 Prob:0.35701 Alpha:0.50061
[MOE_TRACE] Group:2 Prob:0.99539 Alpha:0.49986
[MOE_TRACE] Group:0 Prob:0.88265 Alpha:0.50026
[MOE_TRACE] Group:0 Prob:0.88265 Alpha:0.50026[MOE_TRACE] Group:1 Prob:0.34901 Alpha:0.50061

[MOE_TRACE] Group:0 Prob:0.88265 Alpha:0.50026
[MOE_TRACE] Group:1 Prob:0.34901 Alpha:0.50061
[MOE_TRACE] Group:2 Prob:0.99547 Alpha:0.49986[MOE_TRACE] Group:1 Prob:0.34901 Alpha:0.50061

[MOE_TRACE] Group:2 Prob:0.99547 Alpha:0.49986
[MOE_TRACE] Group:2 Prob:0.99547 Alpha:0.49986
[MOE_TRACE] Group:0 Prob:0.88265 Alpha:0.50026
[MOE_TRACE] Group:1 Prob:0.34901 Alpha:0.50061
[MOE_TRACE] Group:2 Prob:0.99547 Alpha:0.49986
[MOE_TRACE] Group:0 Prob:0.88436 Alpha:0.50026
[MOE_TRACE] Group:0 Prob:0.88436 Alpha:0.50026
[MOE_TRACE] Group:1 Prob:0.36699 Alpha:0.50061
[MOE_TRACE] Group:0 Prob:0.88436 Alpha:0.50026
[MOE_TRACE] Group:1 Prob:0.36699 Alpha:0.50061
[MOE_TRACE] Group:2 Prob:0.99544 Alpha:0.49986
[MOE_TRACE] Group:0 Prob:0.88436 Alpha:0.50026
[MOE_TRACE] Group:1 Prob:0.36699 Alpha:0.50061
[MOE_TRACE] Group:2 Prob:0.99544 Alpha:0.49986
[MOE_TRACE] Group:0 Prob:0.88719 Alpha:0.50026
[MOE_TRACE] Group:0 Prob:0.88719 Alpha:0.50026
[MOE_TRACE] Group:1 Prob:0.36545 Alpha:0.50061
[MOE_TRACE] Group:0 Prob:0.88719 Alpha:0.50026
[MOE_TRACE] Group:1 Prob:0.36545 Alpha:0.50061
[MOE_TRACE] Group:2 Prob:0.99532 Alpha:0.49986
[MOE_TRACE] Group:1 Prob:0.36545 Alpha:0.50061
[MOE_TRACE] Group:2 Prob:0.99532 Alpha:0.49986
[MOE_TRACE] Group:2 Prob:0.99532 Alpha:0.49986
[MOE_TRACE] Group:0 Prob:0.88719 Alpha:0.50026
[MOE_TRACE] Group:1 Prob:0.36545 Alpha:0.50061
[MOE_TRACE] Group:2 Prob:0.99532 Alpha:0.49986
[MOE_TRACE] Group:0 Prob:0.89091 Alpha:0.50026[MOE_TRACE] Group:0 Prob:0.89091 Alpha:0.50026

[MOE_TRACE] Group:0 Prob:0.89091 Alpha:0.50026
[MOE_TRACE] Group:1 Prob:0.36318 Alpha:0.50061
[MOE_TRACE] Group:1 Prob:0.36318 Alpha:0.50061
[MOE_TRACE] Group:1 Prob:0.36318 Alpha:0.50061
[MOE_TRACE] Group:2 Prob:0.99527 Alpha:0.49986
[MOE_TRACE] Group:2 Prob:0.99527 Alpha:0.49986
[MOE_TRACE] Group:2 Prob:0.99527 Alpha:0.49986
[MOE_TRACE] Group:0 Prob:0.89091 Alpha:0.50026
[MOE_TRACE] Group:1 Prob:0.36318 Alpha:0.50061
[MOE_TRACE] Group:2 Prob:0.99527 Alpha:0.49986
[MOE_TRACE] Group:0 Prob:0.88782 Alpha:0.50026
[MOE_TRACE] Group:1 Prob:0.33829 Alpha:0.50062
[MOE_TRACE] Group:0 Prob:0.88782 Alpha:0.50026
[MOE_TRACE] Group:0 Prob:0.88782 Alpha:0.50026
[MOE_TRACE] Group:1 Prob:0.33829 Alpha:0.50062[MOE_TRACE] Group:1 Prob:0.33829 Alpha:0.50062

[MOE_TRACE] Group:2 Prob:0.99538 Alpha:0.49985
[MOE_TRACE] Group:2 Prob:0.99538 Alpha:0.49985
[MOE_TRACE] Group:0 Prob:0.88782 Alpha:0.50026
[MOE_TRACE] Group:1 Prob:0.33829 Alpha:0.50062
[MOE_TRACE] Group:2 Prob:0.99538 Alpha:0.49985
[MOE_TRACE] Group:0 Prob:0.88839 Alpha:0.50026[MOE_TRACE] Group:0 Prob:0.88839 Alpha:0.50026

[MOE_TRACE] Group:0 Prob:0.88839 Alpha:0.50026
[MOE_TRACE] Group:1 Prob:0.35029 Alpha:0.50062
[MOE_TRACE] Group:1 Prob:0.35029 Alpha:0.50062
[MOE_TRACE] Group:1 Prob:0.35029 Alpha:0.50062
[MOE_TRACE] Group:2 Prob:0.99551 Alpha:0.49985
[MOE_TRACE] Group:2 Prob:0.99551 Alpha:0.49985
[MOE_TRACE] Group:2 Prob:0.99551 Alpha:0.49985
[MOE_TRACE] Group:0 Prob:0.88839 Alpha:0.50026
[MOE_TRACE] Group:1 Prob:0.35029 Alpha:0.50062
[MOE_TRACE] Group:2 Prob:0.99551 Alpha:0.49985
[MOE_TRACE] Group:0 Prob:0.89090 Alpha:0.50026
[MOE_TRACE] Group:0 Prob:0.89090 Alpha:0.50026
[MOE_TRACE] Group:1 Prob:0.34403 Alpha:0.50062
[MOE_TRACE] Group:0 Prob:0.89090 Alpha:0.50026
[MOE_TRACE] Group:1 Prob:0.34403 Alpha:0.50062
[MOE_TRACE] Group:2 Prob:0.99539 Alpha:0.49986
[MOE_TRACE] Group:0 Prob:0.89090 Alpha:0.50026
[MOE_TRACE] Group:1 Prob:0.34403 Alpha:0.50062
[MOE_TRACE] Group:2 Prob:0.99539 Alpha:0.49986
[MOE_TRACE] Group:0 Prob:0.89006 Alpha:0.50026
[MOE_TRACE] Group:0 Prob:0.89006 Alpha:0.50026
[MOE_TRACE] Group:0 Prob:0.89006 Alpha:0.50026
[MOE_TRACE] Group:1 Prob:0.35124 Alpha:0.50063
[MOE_TRACE] Group:0 Prob:0.89006 Alpha:0.50026
[MOE_TRACE] Group:1 Prob:0.35124 Alpha:0.50063
[MOE_TRACE] Group:2 Prob:0.99538 Alpha:0.49986
[MOE_TRACE] Group:0 Prob:0.89122 Alpha:0.50026
[MOE_TRACE] Group:1 Prob:0.33671 Alpha:0.50063
[MOE_TRACE] Group:0 Prob:0.89122 Alpha:0.50026
[MOE_TRACE] Group:1 Prob:0.33671 Alpha:0.50063
[MOE_TRACE] Group:0 Prob:0.89122 Alpha:0.50026
[MOE_TRACE] Group:1 Prob:0.33671 Alpha:0.50063
[MOE_TRACE] Group:2 Prob:0.99523 Alpha:0.49987
[MOE_TRACE] Group:0 Prob:0.89122 Alpha:0.50026
[MOE_TRACE] Group:1 Prob:0.33671 Alpha:0.50063
[MOE_TRACE] Group:2 Prob:0.99523 Alpha:0.49987
[MOE_TRACE] Group:0 Prob:0.89089 Alpha:0.50026
[MOE_TRACE] Group:1 Prob:0.35176 Alpha:0.50064
[MOE_TRACE] Group:0 Prob:0.89089 Alpha:0.50026
[MOE_TRACE] Group:2 Prob:0.99521 Alpha:0.49987
[MOE_TRACE] Group:0 Prob:0.89089 Alpha:0.50026
[MOE_TRACE] Group:1 Prob:0.35176 Alpha:0.50064
[MOE_TRACE] Group:1 Prob:0.35176 Alpha:0.50064
[MOE_TRACE] Group:2 Prob:0.99521 Alpha:0.49987
[MOE_TRACE] Group:0 Prob:0.89089 Alpha:0.50026
[MOE_TRACE] Group:2 Prob:0.99521 Alpha:0.49987
[MOE_TRACE] Group:1 Prob:0.35176 Alpha:0.50064
[MOE_TRACE] Group:2 Prob:0.99521 Alpha:0.49987
[MOE_TRACE] Group:0 Prob:0.88829 Alpha:0.50026
[MOE_TRACE] Group:0 Prob:0.88829 Alpha:0.50026
[MOE_TRACE] Group:1 Prob:0.34357 Alpha:0.50064
[MOE_TRACE] Group:1 Prob:0.34357 Alpha:0.50064
[MOE_TRACE] Group:2 Prob:0.99528 Alpha:0.49986[MOE_TRACE] Group:0 Prob:0.88829 Alpha:0.50026

[MOE_TRACE] Group:1 Prob:0.34357 Alpha:0.50064[MOE_TRACE] Group:2 Prob:0.99528 Alpha:0.49986

[MOE_TRACE] Group:2 Prob:0.99528 Alpha:0.49986
[MOE_TRACE] Group:0 Prob:0.88829 Alpha:0.50026
[MOE_TRACE] Group:1 Prob:0.34357 Alpha:0.50064
[MOE_TRACE] Group:2 Prob:0.99528 Alpha:0.49986
[MOE_TRACE] Group:0 Prob:0.88718 Alpha:0.50026
[MOE_TRACE] Group:0 Prob:0.88718 Alpha:0.50026
[MOE_TRACE] Group:1 Prob:0.33609 Alpha:0.50065
[MOE_TRACE] Group:0 Prob:0.88718 Alpha:0.50026
[MOE_TRACE] Group:1 Prob:0.33609 Alpha:0.50065
[MOE_TRACE] Group:1 Prob:0.33609 Alpha:0.50065
[MOE_TRACE] Group:0 Prob:0.88718 Alpha:0.50026
[MOE_TRACE] Group:1 Prob:0.33609 Alpha:0.50065
[MOE_TRACE] Group:2 Prob:0.99519 Alpha:0.49986
[MOE_TRACE] Group:0 Prob:0.88590 Alpha:0.50026
[MOE_TRACE] Group:1 Prob:0.33673 Alpha:0.50066
[MOE_TRACE] Group:0 Prob:0.88590 Alpha:0.50026
[MOE_TRACE] Group:0 Prob:0.88590 Alpha:0.50026
[MOE_TRACE] Group:2 Prob:0.99529 Alpha:0.49986
[MOE_TRACE] Group:1 Prob:0.33673 Alpha:0.50066
[MOE_TRACE] Group:2 Prob:0.99529 Alpha:0.49986
[MOE_TRACE] Group:1 Prob:0.33673 Alpha:0.50066
[MOE_TRACE] Group:2 Prob:0.99529 Alpha:0.49986
[MOE_TRACE] Group:0 Prob:0.88590 Alpha:0.50026
[MOE_TRACE] Group:1 Prob:0.33673 Alpha:0.50066
[MOE_TRACE] Group:2 Prob:0.99529 Alpha:0.49986
[MOE_TRACE] Group:0 Prob:0.88929 Alpha:0.50026
[MOE_TRACE] Group:0 Prob:0.88929 Alpha:0.50026
[MOE_TRACE] Group:0 Prob:0.88929 Alpha:0.50026
[MOE_TRACE] Group:1 Prob:0.35154 Alpha:0.50067
[MOE_TRACE] Group:1 Prob:0.35154 Alpha:0.50067
[MOE_TRACE] Group:2 Prob:0.99528 Alpha:0.49986
[MOE_TRACE] Group:1 Prob:0.35154 Alpha:0.50067[MOE_TRACE] Group:2 Prob:0.99528 Alpha:0.49986

[MOE_TRACE] Group:2 Prob:0.99528 Alpha:0.49986
[MOE_TRACE] Group:0 Prob:0.88929 Alpha:0.50026
[MOE_TRACE] Group:1 Prob:0.35154 Alpha:0.50067
[MOE_TRACE] Group:2 Prob:0.99528 Alpha:0.49986
[MOE_TRACE] Group:0 Prob:0.89127 Alpha:0.50026[MOE_TRACE] Group:0 Prob:0.89127 Alpha:0.50026

[MOE_TRACE] Group:0 Prob:0.89127 Alpha:0.50026
[MOE_TRACE] Group:1 Prob:0.33688 Alpha:0.50067
[MOE_TRACE] Group:1 Prob:0.33688 Alpha:0.50067
[MOE_TRACE] Group:2 Prob:0.99530 Alpha:0.49986
[MOE_TRACE] Group:1 Prob:0.33688 Alpha:0.50067
[MOE_TRACE] Group:2 Prob:0.99530 Alpha:0.49986
[MOE_TRACE] Group:2 Prob:0.99530 Alpha:0.49986
[MOE_TRACE] Group:0 Prob:0.89127 Alpha:0.50026
[MOE_TRACE] Group:1 Prob:0.33688 Alpha:0.50067
[MOE_TRACE] Group:2 Prob:0.99530 Alpha:0.49986
[MOE_TRACE] Group:0 Prob:0.88843 Alpha:0.50026
[MOE_TRACE] Group:0 Prob:0.88843 Alpha:0.50026
[MOE_TRACE] Group:0 Prob:0.88843 Alpha:0.50026
[MOE_TRACE] Group:1 Prob:0.33278 Alpha:0.50067
[MOE_TRACE] Group:1 Prob:0.33278 Alpha:0.50067[MOE_TRACE] Group:1 Prob:0.33278 Alpha:0.50067

[MOE_TRACE] Group:2 Prob:0.99540 Alpha:0.49986
[MOE_TRACE] Group:2 Prob:0.99540 Alpha:0.49986
[MOE_TRACE] Group:2 Prob:0.99540 Alpha:0.49986
[MOE_TRACE] Group:0 Prob:0.88843 Alpha:0.50026
[MOE_TRACE] Group:1 Prob:0.33278 Alpha:0.50067
[MOE_TRACE] Group:2 Prob:0.99540 Alpha:0.49986
[MOE_TRACE] Group:0 Prob:0.88977 Alpha:0.50026
[MOE_TRACE] Group:0 Prob:0.88977 Alpha:0.50026
[MOE_TRACE] Group:0 Prob:0.88977 Alpha:0.50026
[MOE_TRACE] Group:1 Prob:0.33288 Alpha:0.50067
[MOE_TRACE] Group:1 Prob:0.33288 Alpha:0.50067
[MOE_TRACE] Group:1 Prob:0.33288 Alpha:0.50067
[MOE_TRACE] Group:2 Prob:0.99547 Alpha:0.49985
[MOE_TRACE] Group:2 Prob:0.99547 Alpha:0.49985
[MOE_TRACE] Group:2 Prob:0.99547 Alpha:0.49985
[MOE_TRACE] Group:0 Prob:0.88977 Alpha:0.50026
[MOE_TRACE] Group:1 Prob:0.33288 Alpha:0.50067
[MOE_TRACE] Group:2 Prob:0.99547 Alpha:0.49985
[MOE_TRACE] Group:0 Prob:0.89146 Alpha:0.50026
[MOE_TRACE] Group:0 Prob:0.89146 Alpha:0.50026
[MOE_TRACE] Group:0 Prob:0.89146 Alpha:0.50026
[MOE_TRACE] Group:1 Prob:0.34210 Alpha:0.50068
[MOE_TRACE] Group:1 Prob:0.34210 Alpha:0.50068[MOE_TRACE] Group:1 Prob:0.34210 Alpha:0.50068

[MOE_TRACE] Group:2 Prob:0.99544 Alpha:0.49985
[MOE_TRACE] Group:2 Prob:0.99544 Alpha:0.49985
[MOE_TRACE] Group:2 Prob:0.99544 Alpha:0.49985
[MOE_TRACE] Group:0 Prob:0.89146 Alpha:0.50026
[MOE_TRACE] Group:1 Prob:0.34210 Alpha:0.50068
[MOE_TRACE] Group:2 Prob:0.99544 Alpha:0.49985
[MOE_TRACE] Group:0 Prob:0.88808 Alpha:0.50026[MOE_TRACE] Group:0 Prob:0.88808 Alpha:0.50026

[MOE_TRACE] Group:0 Prob:0.88808 Alpha:0.50026
[MOE_TRACE] Group:1 Prob:0.34899 Alpha:0.50068
[MOE_TRACE] Group:1 Prob:0.34899 Alpha:0.50068
[MOE_TRACE] Group:1 Prob:0.34899 Alpha:0.50068
[MOE_TRACE] Group:2 Prob:0.99550 Alpha:0.49985
[MOE_TRACE] Group:2 Prob:0.99550 Alpha:0.49985
[MOE_TRACE] Group:0 Prob:0.88808 Alpha:0.50026[MOE_TRACE] Group:2 Prob:0.99550 Alpha:0.49985

[MOE_TRACE] Group:1 Prob:0.34899 Alpha:0.50068
[MOE_TRACE] Group:2 Prob:0.99550 Alpha:0.49985
[MOE_TRACE] Group:0 Prob:0.89103 Alpha:0.50026[MOE_TRACE] Group:0 Prob:0.89103 Alpha:0.50026

[MOE_TRACE] Group:0 Prob:0.89103 Alpha:0.50026
[MOE_TRACE] Group:1 Prob:0.34060 Alpha:0.50068
[MOE_TRACE] Group:1 Prob:0.34060 Alpha:0.50068
[MOE_TRACE] Group:1 Prob:0.34060 Alpha:0.50068
[MOE_TRACE] Group:0 Prob:0.89103 Alpha:0.50026
[MOE_TRACE] Group:1 Prob:0.34060 Alpha:0.50068
[MOE_TRACE] Group:2 Prob:0.99538 Alpha:0.49986
[MOE_TRACE] Group:0 Prob:0.89360 Alpha:0.50025
[MOE_TRACE] Group:0 Prob:0.89360 Alpha:0.50025
[MOE_TRACE] Group:0 Prob:0.89360 Alpha:0.50025
[MOE_TRACE] Group:1 Prob:0.33814 Alpha:0.50068
[MOE_TRACE] Group:1 Prob:0.33814 Alpha:0.50068
[MOE_TRACE] Group:1 Prob:0.33814 Alpha:0.50068
[MOE_TRACE] Group:2 Prob:0.99530 Alpha:0.49986
[MOE_TRACE] Group:2 Prob:0.99530 Alpha:0.49986
[MOE_TRACE] Group:2 Prob:0.99530 Alpha:0.49986
[MOE_TRACE] Group:0 Prob:0.89360 Alpha:0.50025
[MOE_TRACE] Group:1 Prob:0.33814 Alpha:0.50068
[MOE_TRACE] Group:2 Prob:0.99530 Alpha:0.49986
[MOE_TRACE] Group:0 Prob:0.88747 Alpha:0.50025
[MOE_TRACE] Group:0 Prob:0.88747 Alpha:0.50025
[MOE_TRACE] Group:0 Prob:0.88747 Alpha:0.50025
[MOE_TRACE] Group:1 Prob:0.34134 Alpha:0.50069
[MOE_TRACE] Group:1 Prob:0.34134 Alpha:0.50069
[MOE_TRACE] Group:1 Prob:0.34134 Alpha:0.50069
[MOE_TRACE] Group:2 Prob:0.99536 Alpha:0.49986
[MOE_TRACE] Group:2 Prob:0.99536 Alpha:0.49986
[MOE_TRACE] Group:2 Prob:0.99536 Alpha:0.49986
[MOE_TRACE] Group:0 Prob:0.88747 Alpha:0.50025
[MOE_TRACE] Group:1 Prob:0.34134 Alpha:0.50069
[MOE_TRACE] Group:2 Prob:0.99536 Alpha:0.49986
[MOE_TRACE] Group:0 Prob:0.88794 Alpha:0.50025[MOE_TRACE] Group:0 Prob:0.88794 Alpha:0.50025

[MOE_TRACE] Group:0 Prob:0.88794 Alpha:0.50025
[MOE_TRACE] Group:1 Prob:0.34949 Alpha:0.50069
[MOE_TRACE] Group:1 Prob:0.34949 Alpha:0.50069
[MOE_TRACE] Group:2 Prob:0.99534 Alpha:0.49986
[MOE_TRACE] Group:1 Prob:0.34949 Alpha:0.50069[MOE_TRACE] Group:2 Prob:0.99534 Alpha:0.49986

[MOE_TRACE] Group:2 Prob:0.99534 Alpha:0.49986
[MOE_TRACE] Group:0 Prob:0.88794 Alpha:0.50025
[MOE_TRACE] Group:1 Prob:0.34949 Alpha:0.50069
[MOE_TRACE] Group:2 Prob:0.99534 Alpha:0.49986
[MOE_TRACE] Group:0 Prob:0.88715 Alpha:0.50025
[MOE_TRACE] Group:1 Prob:0.33901 Alpha:0.50069
[MOE_TRACE] Group:0 Prob:0.88715 Alpha:0.50025
[MOE_TRACE] Group:1 Prob:0.33901 Alpha:0.50069
[MOE_TRACE] Group:0 Prob:0.88715 Alpha:0.50025
[MOE_TRACE] Group:1 Prob:0.33901 Alpha:0.50069
[MOE_TRACE] Group:0 Prob:0.88715 Alpha:0.50025
[MOE_TRACE] Group:1 Prob:0.33901 Alpha:0.50069
[MOE_TRACE] Group:2 Prob:0.99524 Alpha:0.49986
[MOE_TRACE] Group:0 Prob:0.89085 Alpha:0.50025
[MOE_TRACE] Group:0 Prob:0.89085 Alpha:0.50025
[MOE_TRACE] Group:0 Prob:0.89085 Alpha:0.50025
[MOE_TRACE] Group:1 Prob:0.34440 Alpha:0.50069
[MOE_TRACE] Group:1 Prob:0.34440 Alpha:0.50069
[MOE_TRACE] Group:1 Prob:0.34440 Alpha:0.50069
[MOE_TRACE] Group:2 Prob:0.99530 Alpha:0.49986
[MOE_TRACE] Group:2 Prob:0.99530 Alpha:0.49986
[MOE_TRACE] Group:0 Prob:0.89085 Alpha:0.50025[MOE_TRACE] Group:2 Prob:0.99530 Alpha:0.49986

[MOE_TRACE] Group:1 Prob:0.34440 Alpha:0.50069
[MOE_TRACE] Group:2 Prob:0.99530 Alpha:0.49986
[MOE_TRACE] Group:0 Prob:0.89367 Alpha:0.50025
[MOE_TRACE] Group:1 Prob:0.34491 Alpha:0.50069
[MOE_TRACE] Group:2 Prob:0.99518 Alpha:0.49987
[MOE_TRACE] Group:0 Prob:0.89367 Alpha:0.50025
[MOE_TRACE] Group:0 Prob:0.89367 Alpha:0.50025
[MOE_TRACE] Group:1 Prob:0.34491 Alpha:0.50069
[MOE_TRACE] Group:1 Prob:0.34491 Alpha:0.50069
[MOE_TRACE] Group:2 Prob:0.99518 Alpha:0.49987
[MOE_TRACE] Group:2 Prob:0.99518 Alpha:0.49987
[MOE_TRACE] Group:0 Prob:0.89367 Alpha:0.50025
[MOE_TRACE] Group:1 Prob:0.34491 Alpha:0.50069
[MOE_TRACE] Group:2 Prob:0.99518 Alpha:0.49987
[MOE_TRACE] Group:0 Prob:0.89071 Alpha:0.50025
[MOE_TRACE] Group:0 Prob:0.89071 Alpha:0.50025[MOE_TRACE] Group:0 Prob:0.89071 Alpha:0.50025

[MOE_TRACE] Group:1 Prob:0.32554 Alpha:0.50070
[MOE_TRACE] Group:1 Prob:0.32554 Alpha:0.50070
[MOE_TRACE] Group:1 Prob:0.32554 Alpha:0.50070
[MOE_TRACE] Group:2 Prob:0.99512 Alpha:0.49987
[MOE_TRACE] Group:2 Prob:0.99512 Alpha:0.49987
[MOE_TRACE] Group:2 Prob:0.99512 Alpha:0.49987
[MOE_TRACE] Group:0 Prob:0.89071 Alpha:0.50025
[MOE_TRACE] Group:1 Prob:0.32554 Alpha:0.50070
[MOE_TRACE] Group:2 Prob:0.99512 Alpha:0.49987
[MOE_TRACE] Group:0 Prob:0.89109 Alpha:0.50025
[MOE_TRACE] Group:0 Prob:0.89109 Alpha:0.50025
[MOE_TRACE] Group:1 Prob:0.32198 Alpha:0.50070
[MOE_TRACE] Group:1 Prob:0.32198 Alpha:0.50070
[MOE_TRACE] Group:0 Prob:0.89109 Alpha:0.50025
[MOE_TRACE] Group:2 Prob:0.99526 Alpha:0.49986
[MOE_TRACE] Group:2 Prob:0.99526 Alpha:0.49986
[MOE_TRACE] Group:1 Prob:0.32198 Alpha:0.50070
[MOE_TRACE] Group:2 Prob:0.99526 Alpha:0.49986
[MOE_TRACE] Group:0 Prob:0.89109 Alpha:0.50025
[MOE_TRACE] Group:1 Prob:0.32198 Alpha:0.50070
[MOE_TRACE] Group:2 Prob:0.99526 Alpha:0.49986
[MOE_TRACE] Group:0 Prob:0.89300 Alpha:0.50025
[MOE_TRACE] Group:0 Prob:0.89300 Alpha:0.50025
[MOE_TRACE] Group:0 Prob:0.89300 Alpha:0.50025
[MOE_TRACE] Group:1 Prob:0.31567 Alpha:0.50071
[MOE_TRACE] Group:2 Prob:0.99532 Alpha:0.49986
[MOE_TRACE] Group:1 Prob:0.31567 Alpha:0.50071
[MOE_TRACE] Group:1 Prob:0.31567 Alpha:0.50071
[MOE_TRACE] Group:2 Prob:0.99532 Alpha:0.49986
[MOE_TRACE] Group:2 Prob:0.99532 Alpha:0.49986
[MOE_TRACE] Group:0 Prob:0.89300 Alpha:0.50025
[MOE_TRACE] Group:1 Prob:0.31567 Alpha:0.50071
[MOE_TRACE] Group:2 Prob:0.99532 Alpha:0.49986
[MOE_TRACE] Group:0 Prob:0.88815 Alpha:0.50026
[MOE_TRACE] Group:0 Prob:0.88815 Alpha:0.50026
[MOE_TRACE] Group:1 Prob:0.32871 Alpha:0.50071
[MOE_TRACE] Group:0 Prob:0.88815 Alpha:0.50026
[MOE_TRACE] Group:2 Prob:0.99515 Alpha:0.49987
[MOE_TRACE] Group:1 Prob:0.32871 Alpha:0.50071
[MOE_TRACE] Group:1 Prob:0.32871 Alpha:0.50071
[MOE_TRACE] Group:2 Prob:0.99515 Alpha:0.49987
[MOE_TRACE] Group:2 Prob:0.99515 Alpha:0.49987
[MOE_TRACE] Group:0 Prob:0.88815 Alpha:0.50026
[MOE_TRACE] Group:1 Prob:0.32871 Alpha:0.50071
[MOE_TRACE] Group:2 Prob:0.99515 Alpha:0.49987
[MOE_TRACE] Group:0 Prob:0.88798 Alpha:0.50026[MOE_TRACE] Group:0 Prob:0.88798 Alpha:0.50026

[MOE_TRACE] Group:1 Prob:0.33141 Alpha:0.50071
[MOE_TRACE] Group:1 Prob:0.33141 Alpha:0.50071
[MOE_TRACE] Group:0 Prob:0.88798 Alpha:0.50026
[MOE_TRACE] Group:1 Prob:0.33141 Alpha:0.50071
[MOE_TRACE] Group:2 Prob:0.99495 Alpha:0.49988
[MOE_TRACE] Group:0 Prob:0.88798 Alpha:0.50026
[MOE_TRACE] Group:1 Prob:0.33141 Alpha:0.50071
[MOE_TRACE] Group:2 Prob:0.99495 Alpha:0.49988
[MOE_TRACE] Group:0 Prob:0.89365 Alpha:0.50026
[MOE_TRACE] Group:0 Prob:0.89365 Alpha:0.50026
[MOE_TRACE] Group:1 Prob:0.32750 Alpha:0.50071[MOE_TRACE] Group:0 Prob:0.89365 Alpha:0.50026

[MOE_TRACE] Group:1 Prob:0.32750 Alpha:0.50071
[MOE_TRACE] Group:1 Prob:0.32750 Alpha:0.50071
[MOE_TRACE] Group:2 Prob:0.99507 Alpha:0.49988
[MOE_TRACE] Group:2 Prob:0.99507 Alpha:0.49988
[MOE_TRACE] Group:2 Prob:0.99507 Alpha:0.49988
[MOE_TRACE] Group:0 Prob:0.89365 Alpha:0.50026
[MOE_TRACE] Group:1 Prob:0.32750 Alpha:0.50071
[MOE_TRACE] Group:2 Prob:0.99507 Alpha:0.49988
[MOE_TRACE] Group:0 Prob:0.88970 Alpha:0.50026
[MOE_TRACE] Group:1 Prob:0.33290 Alpha:0.50071
[MOE_TRACE] Group:2 Prob:0.99506 Alpha:0.49988
[MOE_TRACE] Group:0 Prob:0.88970 Alpha:0.50026
[MOE_TRACE] Group:1 Prob:0.33290 Alpha:0.50071
[MOE_TRACE] Group:0 Prob:0.88970 Alpha:0.50026
[MOE_TRACE] Group:2 Prob:0.99506 Alpha:0.49988
[MOE_TRACE] Group:1 Prob:0.33290 Alpha:0.50071
[MOE_TRACE] Group:2 Prob:0.99506 Alpha:0.49988
[MOE_TRACE] Group:0 Prob:0.88970 Alpha:0.50026
[MOE_TRACE] Group:1 Prob:0.33290 Alpha:0.50071
[MOE_TRACE] Group:2 Prob:0.99506 Alpha:0.49988
[MOE_TRACE] Group:0 Prob:0.89168 Alpha:0.50026[MOE_TRACE] Group:0 Prob:0.89168 Alpha:0.50026

[MOE_TRACE] Group:1 Prob:0.33606 Alpha:0.50071
[MOE_TRACE] Group:1 Prob:0.33606 Alpha:0.50071
[MOE_TRACE] Group:2 Prob:0.99511 Alpha:0.49987
[MOE_TRACE] Group:2 Prob:0.99511 Alpha:0.49987
[MOE_TRACE] Group:0 Prob:0.89168 Alpha:0.50026
[MOE_TRACE] Group:1 Prob:0.33606 Alpha:0.50071
[MOE_TRACE] Group:2 Prob:0.99511 Alpha:0.49987
[MOE_TRACE] Group:0 Prob:0.89168 Alpha:0.50026
[MOE_TRACE] Group:1 Prob:0.33606 Alpha:0.50071
[MOE_TRACE] Group:2 Prob:0.99511 Alpha:0.49987
[MOE_TRACE] Group:0 Prob:0.88838 Alpha:0.50026
[MOE_TRACE] Group:0 Prob:0.88838 Alpha:0.50026
[MOE_TRACE] Group:1 Prob:0.32757 Alpha:0.50071
[MOE_TRACE] Group:0 Prob:0.88838 Alpha:0.50026
[MOE_TRACE] Group:1 Prob:0.32757 Alpha:0.50071[MOE_TRACE] Group:2 Prob:0.99499 Alpha:0.49988

[MOE_TRACE] Group:1 Prob:0.32757 Alpha:0.50071
[MOE_TRACE] Group:2 Prob:0.99499 Alpha:0.49988
[MOE_TRACE] Group:2 Prob:0.99499 Alpha:0.49988
[MOE_TRACE] Group:0 Prob:0.88838 Alpha:0.50026
[MOE_TRACE] Group:1 Prob:0.32757 Alpha:0.50071
[MOE_TRACE] Group:2 Prob:0.99499 Alpha:0.49988
[MOE_TRACE] Group:0 Prob:0.88693 Alpha:0.50027
[MOE_TRACE] Group:0 Prob:0.88693 Alpha:0.50027
[MOE_TRACE] Group:1 Prob:0.33269 Alpha:0.50071
[MOE_TRACE] Group:0 Prob:0.88693 Alpha:0.50027[MOE_TRACE] Group:1 Prob:0.33269 Alpha:0.50071

[MOE_TRACE] Group:2 Prob:0.99494 Alpha:0.49988
[MOE_TRACE] Group:2 Prob:0.99494 Alpha:0.49988
[MOE_TRACE] Group:1 Prob:0.33269 Alpha:0.50071
[MOE_TRACE] Group:2 Prob:0.99494 Alpha:0.49988
[MOE_TRACE] Group:0 Prob:0.88693 Alpha:0.50027
[MOE_TRACE] Group:1 Prob:0.33269 Alpha:0.50071
[MOE_TRACE] Group:2 Prob:0.99494 Alpha:0.49988
[MOE_TRACE] Group:0 Prob:0.88818 Alpha:0.50027[MOE_TRACE] Group:0 Prob:0.88818 Alpha:0.50027

[MOE_TRACE] Group:0 Prob:0.88818 Alpha:0.50027
[MOE_TRACE] Group:1 Prob:0.31565 Alpha:0.50072
[MOE_TRACE] Group:1 Prob:0.31565 Alpha:0.50072
[MOE_TRACE] Group:1 Prob:0.31565 Alpha:0.50072
[MOE_TRACE] Group:2 Prob:0.99500 Alpha:0.49988[MOE_TRACE] Group:2 Prob:0.99500 Alpha:0.49988

[MOE_TRACE] Group:2 Prob:0.99500 Alpha:0.49988
[MOE_TRACE] Group:0 Prob:0.88818 Alpha:0.50027
[MOE_TRACE] Group:1 Prob:0.31565 Alpha:0.50072
[MOE_TRACE] Group:2 Prob:0.99500 Alpha:0.49988
[MOE_TRACE] Group:0 Prob:0.89157 Alpha:0.50027[MOE_TRACE] Group:0 Prob:0.89157 Alpha:0.50027

[MOE_TRACE] Group:1 Prob:0.33395 Alpha:0.50072
[MOE_TRACE] Group:0 Prob:0.89157 Alpha:0.50027
[MOE_TRACE] Group:1 Prob:0.33395 Alpha:0.50072
[MOE_TRACE] Group:2 Prob:0.99493 Alpha:0.49988
[MOE_TRACE] Group:1 Prob:0.33395 Alpha:0.50072
[MOE_TRACE] Group:2 Prob:0.99493 Alpha:0.49988
[MOE_TRACE] Group:2 Prob:0.99493 Alpha:0.49988
[MOE_TRACE] Group:0 Prob:0.89157 Alpha:0.50027
[MOE_TRACE] Group:1 Prob:0.33395 Alpha:0.50072
[MOE_TRACE] Group:2 Prob:0.99493 Alpha:0.49988
[MOE_TRACE] Group:0 Prob:0.88660 Alpha:0.50027
[MOE_TRACE] Group:0 Prob:0.88660 Alpha:0.50027
[MOE_TRACE] Group:0 Prob:0.88660 Alpha:0.50027
[MOE_TRACE] Group:1 Prob:0.32886 Alpha:0.50072
[MOE_TRACE] Group:1 Prob:0.32886 Alpha:0.50072
[MOE_TRACE] Group:1 Prob:0.32886 Alpha:0.50072
[MOE_TRACE] Group:2 Prob:0.99484 Alpha:0.49988[MOE_TRACE] Group:2 Prob:0.99484 Alpha:0.49988

[MOE_TRACE] Group:2 Prob:0.99484 Alpha:0.49988
[MOE_TRACE] Group:0 Prob:0.88660 Alpha:0.50027
[MOE_TRACE] Group:1 Prob:0.32886 Alpha:0.50072
[MOE_TRACE] Group:2 Prob:0.99484 Alpha:0.49988
[MOE_TRACE] Group:0 Prob:0.88507 Alpha:0.50027
[MOE_TRACE] Group:0 Prob:0.88507 Alpha:0.50027
[MOE_TRACE] Group:1 Prob:0.32764 Alpha:0.50072
[MOE_TRACE] Group:1 Prob:0.32764 Alpha:0.50072
[MOE_TRACE] Group:0 Prob:0.88507 Alpha:0.50027
[MOE_TRACE] Group:2 Prob:0.99473 Alpha:0.49989
[MOE_TRACE] Group:2 Prob:0.99473 Alpha:0.49989
[MOE_TRACE] Group:1 Prob:0.32764 Alpha:0.50072
[MOE_TRACE] Group:2 Prob:0.99473 Alpha:0.49989
[MOE_TRACE] Group:0 Prob:0.88507 Alpha:0.50027
[MOE_TRACE] Group:1 Prob:0.32764 Alpha:0.50072
[MOE_TRACE] Group:2 Prob:0.99473 Alpha:0.49989
[MOE_TRACE] Group:0 Prob:0.89111 Alpha:0.50027
[MOE_TRACE] Group:0 Prob:0.89111 Alpha:0.50027
[MOE_TRACE] Group:0 Prob:0.89111 Alpha:0.50027
[MOE_TRACE] Group:1 Prob:0.32547 Alpha:0.50073
[MOE_TRACE] Group:1 Prob:0.32547 Alpha:0.50073
[MOE_TRACE] Group:1 Prob:0.32547 Alpha:0.50073
[MOE_TRACE] Group:2 Prob:0.99461 Alpha:0.49989
[MOE_TRACE] Group:2 Prob:0.99461 Alpha:0.49989
[MOE_TRACE] Group:2 Prob:0.99461 Alpha:0.49989
[MOE_TRACE] Group:0 Prob:0.89111 Alpha:0.50027
[MOE_TRACE] Group:1 Prob:0.32547 Alpha:0.50073
[MOE_TRACE] Group:2 Prob:0.99461 Alpha:0.49989
[MOE_TRACE] Group:0 Prob:0.88845 Alpha:0.50027
[MOE_TRACE] Group:0 Prob:0.88845 Alpha:0.50027
[MOE_TRACE] Group:1 Prob:0.33330 Alpha:0.50073
[MOE_TRACE] Group:1 Prob:0.33330 Alpha:0.50073
[MOE_TRACE] Group:0 Prob:0.88845 Alpha:0.50027
[MOE_TRACE] Group:1 Prob:0.33330 Alpha:0.50073
[MOE_TRACE] Group:0 Prob:0.88845 Alpha:0.50027
[MOE_TRACE] Group:1 Prob:0.33330 Alpha:0.50073
[MOE_TRACE] Group:2 Prob:0.99453 Alpha:0.49990
[MOE_TRACE] Group:0 Prob:0.89171 Alpha:0.50026
[MOE_TRACE] Group:1 Prob:0.32249 Alpha:0.50074
[MOE_TRACE] Group:0 Prob:0.89171 Alpha:0.50026
[MOE_TRACE] Group:1 Prob:0.32249 Alpha:0.50074
[MOE_TRACE] Group:0 Prob:0.89171 Alpha:0.50026
[MOE_TRACE] Group:1 Prob:0.32249 Alpha:0.50074
[MOE_TRACE] Group:0 Prob:0.89171 Alpha:0.50026
[MOE_TRACE] Group:1 Prob:0.32249 Alpha:0.50074
[MOE_TRACE] Group:2 Prob:0.99463 Alpha:0.49990
[MOE_TRACE] Group:0 Prob:0.89209 Alpha:0.50026
[MOE_TRACE] Group:0 Prob:0.89209 Alpha:0.50026
[MOE_TRACE] Group:1 Prob:0.32114 Alpha:0.50074
[MOE_TRACE] Group:1 Prob:0.32114 Alpha:0.50074
[MOE_TRACE] Group:2 Prob:0.99473 Alpha:0.49989
[MOE_TRACE] Group:0 Prob:0.89209 Alpha:0.50026
[MOE_TRACE] Group:2 Prob:0.99473 Alpha:0.49989
[MOE_TRACE] Group:1 Prob:0.32114 Alpha:0.50074
[MOE_TRACE] Group:2 Prob:0.99473 Alpha:0.49989
[MOE_TRACE] Group:0 Prob:0.89209 Alpha:0.50026
[MOE_TRACE] Group:1 Prob:0.32114 Alpha:0.50074
[MOE_TRACE] Group:2 Prob:0.99473 Alpha:0.49989
[MOE_TRACE] Group:0 Prob:0.89043 Alpha:0.50027
[MOE_TRACE] Group:1 Prob:0.33322 Alpha:0.50074
[MOE_TRACE] Group:0 Prob:0.89043 Alpha:0.50027
[MOE_TRACE] Group:1 Prob:0.33322 Alpha:0.50074
[MOE_TRACE] Group:0 Prob:0.89043 Alpha:0.50027
[MOE_TRACE] Group:1 Prob:0.33322 Alpha:0.50074
[MOE_TRACE] Group:0 Prob:0.89043 Alpha:0.50027
[MOE_TRACE] Group:1 Prob:0.33322 Alpha:0.50074
[MOE_TRACE] Group:2 Prob:0.99457 Alpha:0.49990
[MOE_TRACE] Group:0 Prob:0.88826 Alpha:0.50026
[MOE_TRACE] Group:0 Prob:0.88826 Alpha:0.50026
[MOE_TRACE] Group:0 Prob:0.88826 Alpha:0.50026
[MOE_TRACE] Group:1 Prob:0.32683 Alpha:0.50075
[MOE_TRACE] Group:1 Prob:0.32683 Alpha:0.50075
[MOE_TRACE] Group:1 Prob:0.32683 Alpha:0.50075
[MOE_TRACE] Group:2 Prob:0.99449 Alpha:0.49991
[MOE_TRACE] Group:2 Prob:0.99449 Alpha:0.49991
[MOE_TRACE] Group:0 Prob:0.88826 Alpha:0.50026
[MOE_TRACE] Group:2 Prob:0.99449 Alpha:0.49991
[MOE_TRACE] Group:1 Prob:0.32683 Alpha:0.50075
[MOE_TRACE] Group:2 Prob:0.99449 Alpha:0.49991
[MOE_TRACE] Group:0 Prob:0.89085 Alpha:0.50026
[MOE_TRACE] Group:0 Prob:0.89085 Alpha:0.50026
[MOE_TRACE] Group:1 Prob:0.33045 Alpha:0.50076[MOE_TRACE] Group:0 Prob:0.89085 Alpha:0.50026

[MOE_TRACE] Group:1 Prob:0.33045 Alpha:0.50076
[MOE_TRACE] Group:2 Prob:0.99431 Alpha:0.49991[MOE_TRACE] Group:1 Prob:0.33045 Alpha:0.50076

[MOE_TRACE] Group:2 Prob:0.99431 Alpha:0.49991
[MOE_TRACE] Group:2 Prob:0.99431 Alpha:0.49991
[MOE_TRACE] Group:0 Prob:0.89085 Alpha:0.50026
[MOE_TRACE] Group:1 Prob:0.33045 Alpha:0.50076
[MOE_TRACE] Group:2 Prob:0.99431 Alpha:0.49991
[MOE_TRACE] Group:0 Prob:0.88586 Alpha:0.50027
[MOE_TRACE] Group:0 Prob:0.88586 Alpha:0.50027
[MOE_TRACE] Group:0 Prob:0.88586 Alpha:0.50027
[MOE_TRACE] Group:1 Prob:0.30810 Alpha:0.50076
[MOE_TRACE] Group:1 Prob:0.30810 Alpha:0.50076
[MOE_TRACE] Group:1 Prob:0.30810 Alpha:0.50076
[MOE_TRACE] Group:2 Prob:0.99433 Alpha:0.49991
[MOE_TRACE] Group:2 Prob:0.99433 Alpha:0.49991
[MOE_TRACE] Group:2 Prob:0.99433 Alpha:0.49991
[MOE_TRACE] Group:0 Prob:0.88586 Alpha:0.50027
[MOE_TRACE] Group:1 Prob:0.30810 Alpha:0.50076
[MOE_TRACE] Group:2 Prob:0.99433 Alpha:0.49991
[MOE_TRACE] Group:0 Prob:0.89426 Alpha:0.50027
[MOE_TRACE] Group:0 Prob:0.89426 Alpha:0.50027
[MOE_TRACE] Group:0 Prob:0.89426 Alpha:0.50027
[MOE_TRACE] Group:1 Prob:0.33774 Alpha:0.50077
[MOE_TRACE] Group:1 Prob:0.33774 Alpha:0.50077
[MOE_TRACE] Group:1 Prob:0.33774 Alpha:0.50077
[MOE_TRACE] Group:2 Prob:0.99448 Alpha:0.49991
[MOE_TRACE] Group:2 Prob:0.99448 Alpha:0.49991
[MOE_TRACE] Group:2 Prob:0.99448 Alpha:0.49991
[MOE_TRACE] Group:0 Prob:0.89426 Alpha:0.50027
[MOE_TRACE] Group:1 Prob:0.33774 Alpha:0.50077
[MOE_TRACE] Group:2 Prob:0.99448 Alpha:0.49991
[MOE_TRACE] Group:0 Prob:0.88881 Alpha:0.50028
[MOE_TRACE] Group:0 Prob:0.88881 Alpha:0.50028[MOE_TRACE] Group:1 Prob:0.33695 Alpha:0.50078

[MOE_TRACE] Group:0 Prob:0.88881 Alpha:0.50028
[MOE_TRACE] Group:2 Prob:0.99442 Alpha:0.49990
[MOE_TRACE] Group:1 Prob:0.33695 Alpha:0.50078
[MOE_TRACE] Group:2 Prob:0.99442 Alpha:0.49990
[MOE_TRACE] Group:1 Prob:0.33695 Alpha:0.50078
[MOE_TRACE] Group:2 Prob:0.99442 Alpha:0.49990
[MOE_TRACE] Group:0 Prob:0.88881 Alpha:0.50028
[MOE_TRACE] Group:1 Prob:0.33695 Alpha:0.50078
[MOE_TRACE] Group:2 Prob:0.99442 Alpha:0.49990
[MOE_TRACE] Group:0 Prob:0.88719 Alpha:0.50028[MOE_TRACE] Group:0 Prob:0.88719 Alpha:0.50028[MOE_TRACE] Group:0 Prob:0.88719 Alpha:0.50028


[MOE_TRACE] Group:1 Prob:0.32108 Alpha:0.50079
[MOE_TRACE] Group:1 Prob:0.32108 Alpha:0.50079
[MOE_TRACE] Group:2 Prob:0.99441 Alpha:0.49990
[MOE_TRACE] Group:2 Prob:0.99441 Alpha:0.49990
[MOE_TRACE] Group:1 Prob:0.32108 Alpha:0.50079
[MOE_TRACE] Group:2 Prob:0.99441 Alpha:0.49990
[MOE_TRACE] Group:0 Prob:0.88719 Alpha:0.50028
[MOE_TRACE] Group:1 Prob:0.32108 Alpha:0.50079
[MOE_TRACE] Group:2 Prob:0.99441 Alpha:0.49990
[MOE_TRACE] Group:0 Prob:0.88458 Alpha:0.50028
[MOE_TRACE] Group:0 Prob:0.88458 Alpha:0.50028
[MOE_TRACE] Group:0 Prob:0.88458 Alpha:0.50028
[MOE_TRACE] Group:1 Prob:0.31852 Alpha:0.50080
[MOE_TRACE] Group:1 Prob:0.31852 Alpha:0.50080
[MOE_TRACE] Group:0 Prob:0.88458 Alpha:0.50028
[MOE_TRACE] Group:1 Prob:0.31852 Alpha:0.50080
[MOE_TRACE] Group:2 Prob:0.99435 Alpha:0.49991
[MOE_TRACE] Group:0 Prob:0.88648 Alpha:0.50028
[MOE_TRACE] Group:0 Prob:0.88648 Alpha:0.50028
[MOE_TRACE] Group:0 Prob:0.88648 Alpha:0.50028
[MOE_TRACE] Group:1 Prob:0.31918 Alpha:0.50080
[MOE_TRACE] Group:1 Prob:0.31918 Alpha:0.50080
[MOE_TRACE] Group:2 Prob:0.99424 Alpha:0.49991
[MOE_TRACE] Group:2 Prob:0.99424 Alpha:0.49991
[MOE_TRACE] Group:1 Prob:0.31918 Alpha:0.50080
[MOE_TRACE] Group:2 Prob:0.99424 Alpha:0.49991
[MOE_TRACE] Group:0 Prob:0.88648 Alpha:0.50028
[MOE_TRACE] Group:1 Prob:0.31918 Alpha:0.50080
[MOE_TRACE] Group:2 Prob:0.99424 Alpha:0.49991
[MOE_TRACE] Group:0 Prob:0.88299 Alpha:0.50029
[MOE_TRACE] Group:1 Prob:0.33599 Alpha:0.50081
[MOE_TRACE] Group:0 Prob:0.88299 Alpha:0.50029
[MOE_TRACE] Group:0 Prob:0.88299 Alpha:0.50029
[MOE_TRACE] Group:2 Prob:0.99410 Alpha:0.49992
[MOE_TRACE] Group:1 Prob:0.33599 Alpha:0.50081
[MOE_TRACE] Group:2 Prob:0.99410 Alpha:0.49992
[MOE_TRACE] Group:1 Prob:0.33599 Alpha:0.50081
[MOE_TRACE] Group:2 Prob:0.99410 Alpha:0.49992
[MOE_TRACE] Group:0 Prob:0.88299 Alpha:0.50029
[MOE_TRACE] Group:1 Prob:0.33599 Alpha:0.50081
[MOE_TRACE] Group:2 Prob:0.99410 Alpha:0.49992
[MOE_TRACE] Group:0 Prob:0.88525 Alpha:0.50029[MOE_TRACE] Group:0 Prob:0.88525 Alpha:0.50029[MOE_TRACE] Group:0 Prob:0.88525 Alpha:0.50029


[MOE_TRACE] Group:1 Prob:0.32086 Alpha:0.50081
[MOE_TRACE] Group:1 Prob:0.32086 Alpha:0.50081
[MOE_TRACE] Group:1 Prob:0.32086 Alpha:0.50081
[MOE_TRACE] Group:0 Prob:0.88525 Alpha:0.50029
[MOE_TRACE] Group:1 Prob:0.32086 Alpha:0.50081
[MOE_TRACE] Group:2 Prob:0.99402 Alpha:0.49992
[MOE_TRACE] Group:0 Prob:0.88637 Alpha:0.50029[MOE_TRACE] Group:0 Prob:0.88637 Alpha:0.50029

[MOE_TRACE] Group:0 Prob:0.88637 Alpha:0.50029
[MOE_TRACE] Group:1 Prob:0.31716 Alpha:0.50081
[MOE_TRACE] Group:1 Prob:0.31716 Alpha:0.50081
[MOE_TRACE] Group:1 Prob:0.31716 Alpha:0.50081
[MOE_TRACE] Group:2 Prob:0.99394 Alpha:0.49993
[MOE_TRACE] Group:2 Prob:0.99394 Alpha:0.49993
[MOE_TRACE] Group:2 Prob:0.99394 Alpha:0.49993
[MOE_TRACE] Group:0 Prob:0.88637 Alpha:0.50029
[MOE_TRACE] Group:1 Prob:0.31716 Alpha:0.50081
[MOE_TRACE] Group:2 Prob:0.99394 Alpha:0.49993
[MOE_TRACE] Group:0 Prob:0.88211 Alpha:0.50029[MOE_TRACE] Group:0 Prob:0.88211 Alpha:0.50029

[MOE_TRACE] Group:1 Prob:0.31866 Alpha:0.50081[MOE_TRACE] Group:0 Prob:0.88211 Alpha:0.50029

[MOE_TRACE] Group:1 Prob:0.31866 Alpha:0.50081
[MOE_TRACE] Group:2 Prob:0.99385 Alpha:0.49993
[MOE_TRACE] Group:1 Prob:0.31866 Alpha:0.50081
[MOE_TRACE] Group:2 Prob:0.99385 Alpha:0.49993[MOE_TRACE] Group:2 Prob:0.99385 Alpha:0.49993

[MOE_TRACE] Group:0 Prob:0.88211 Alpha:0.50029
[MOE_TRACE] Group:1 Prob:0.31866 Alpha:0.50081
[MOE_TRACE] Group:2 Prob:0.99385 Alpha:0.49993
[MOE_TRACE] Group:0 Prob:0.88332 Alpha:0.50029
[MOE_TRACE] Group:0 Prob:0.88332 Alpha:0.50029
[MOE_TRACE] Group:0 Prob:0.88332 Alpha:0.50029
[MOE_TRACE] Group:1 Prob:0.32954 Alpha:0.50082
[MOE_TRACE] Group:1 Prob:0.32954 Alpha:0.50082
[MOE_TRACE] Group:1 Prob:0.32954 Alpha:0.50082
[MOE_TRACE] Group:2 Prob:0.99383 Alpha:0.49993
[MOE_TRACE] Group:2 Prob:0.99383 Alpha:0.49993
[MOE_TRACE] Group:2 Prob:0.99383 Alpha:0.49993
[MOE_TRACE] Group:0 Prob:0.88332 Alpha:0.50029
[MOE_TRACE] Group:1 Prob:0.32954 Alpha:0.50082
[MOE_TRACE] Group:2 Prob:0.99383 Alpha:0.49993
[MOE_TRACE] Group:0 Prob:0.88236 Alpha:0.50029[MOE_TRACE] Group:0 Prob:0.88236 Alpha:0.50029

[MOE_TRACE] Group:1 Prob:0.32918 Alpha:0.50083
[MOE_TRACE] Group:1 Prob:0.32918 Alpha:0.50083[MOE_TRACE] Group:0 Prob:0.88236 Alpha:0.50029

[MOE_TRACE] Group:2 Prob:0.99386 Alpha:0.49993
[MOE_TRACE] Group:2 Prob:0.99386 Alpha:0.49993
[MOE_TRACE] Group:1 Prob:0.32918 Alpha:0.50083
[MOE_TRACE] Group:2 Prob:0.99386 Alpha:0.49993
[MOE_TRACE] Group:0 Prob:0.88236 Alpha:0.50029
[MOE_TRACE] Group:1 Prob:0.32918 Alpha:0.50083
[MOE_TRACE] Group:2 Prob:0.99386 Alpha:0.49993
[MOE_TRACE] Group:0 Prob:0.88626 Alpha:0.50029
[MOE_TRACE] Group:0 Prob:0.88626 Alpha:0.50029
[MOE_TRACE] Group:1 Prob:0.32068 Alpha:0.50083
[MOE_TRACE] Group:1 Prob:0.32068 Alpha:0.50083
[MOE_TRACE] Group:0 Prob:0.88626 Alpha:0.50029
[MOE_TRACE] Group:2 Prob:0.99378 Alpha:0.49994
[MOE_TRACE] Group:2 Prob:0.99378 Alpha:0.49994
[MOE_TRACE] Group:1 Prob:0.32068 Alpha:0.50083
[MOE_TRACE] Group:2 Prob:0.99378 Alpha:0.49994
[MOE_TRACE] Group:0 Prob:0.88626 Alpha:0.50029
[MOE_TRACE] Group:1 Prob:0.32068 Alpha:0.50083
[MOE_TRACE] Group:2 Prob:0.99378 Alpha:0.49994
[MOE_TRACE] Group:0 Prob:0.88487 Alpha:0.50029
[MOE_TRACE] Group:1 Prob:0.32799 Alpha:0.50084[MOE_TRACE] Group:0 Prob:0.88487 Alpha:0.50029

[MOE_TRACE] Group:2 Prob:0.99358 Alpha:0.49995
[MOE_TRACE] Group:1 Prob:0.32799 Alpha:0.50084
[MOE_TRACE] Group:0 Prob:0.88487 Alpha:0.50029
[MOE_TRACE] Group:2 Prob:0.99358 Alpha:0.49995
[MOE_TRACE] Group:1 Prob:0.32799 Alpha:0.50084
[MOE_TRACE] Group:0 Prob:0.88487 Alpha:0.50029[MOE_TRACE] Group:2 Prob:0.99358 Alpha:0.49995

[MOE_TRACE] Group:1 Prob:0.32799 Alpha:0.50084
[MOE_TRACE] Group:2 Prob:0.99358 Alpha:0.49995
[MOE_TRACE] Group:0 Prob:0.88484 Alpha:0.50029
[MOE_TRACE] Group:0 Prob:0.88484 Alpha:0.50029
[MOE_TRACE] Group:0 Prob:0.88484 Alpha:0.50029
[MOE_TRACE] Group:1 Prob:0.32439 Alpha:0.50085
[MOE_TRACE] Group:1 Prob:0.32439 Alpha:0.50085
[MOE_TRACE] Group:1 Prob:0.32439 Alpha:0.50085
[MOE_TRACE] Group:2 Prob:0.99320 Alpha:0.49996
[MOE_TRACE] Group:2 Prob:0.99320 Alpha:0.49996
[MOE_TRACE] Group:2 Prob:0.99320 Alpha:0.49996
[MOE_TRACE] Group:0 Prob:0.88484 Alpha:0.50029
[MOE_TRACE] Group:1 Prob:0.32439 Alpha:0.50085
[MOE_TRACE] Group:2 Prob:0.99320 Alpha:0.49996
[MOE_TRACE] Group:0 Prob:0.88348 Alpha:0.50029
[MOE_TRACE] Group:1 Prob:0.31407 Alpha:0.50085
[MOE_TRACE] Group:0 Prob:0.88348 Alpha:0.50029
[MOE_TRACE] Group:0 Prob:0.88348 Alpha:0.50029
[MOE_TRACE] Group:1 Prob:0.31407 Alpha:0.50085
[MOE_TRACE] Group:2 Prob:0.99310 Alpha:0.49996
[MOE_TRACE] Group:1 Prob:0.31407 Alpha:0.50085
[MOE_TRACE] Group:2 Prob:0.99310 Alpha:0.49996
[MOE_TRACE] Group:2 Prob:0.99310 Alpha:0.49996
[MOE_TRACE] Group:0 Prob:0.88348 Alpha:0.50029
[MOE_TRACE] Group:1 Prob:0.31407 Alpha:0.50085
[MOE_TRACE] Group:2 Prob:0.99310 Alpha:0.49996
[MOE_TRACE] Group:0 Prob:0.88106 Alpha:0.50030
[MOE_TRACE] Group:1 Prob:0.32867 Alpha:0.50084
[MOE_TRACE] Group:0 Prob:0.88106 Alpha:0.50030
[MOE_TRACE] Group:0 Prob:0.88106 Alpha:0.50030
[MOE_TRACE] Group:1 Prob:0.32867 Alpha:0.50084
[MOE_TRACE] Group:1 Prob:0.32867 Alpha:0.50084
[MOE_TRACE] Group:2 Prob:0.99289 Alpha:0.49997
[MOE_TRACE] Group:2 Prob:0.99289 Alpha:0.49997
[MOE_TRACE] Group:0 Prob:0.88106 Alpha:0.50030
[MOE_TRACE] Group:1 Prob:0.32867 Alpha:0.50084
[MOE_TRACE] Group:2 Prob:0.99289 Alpha:0.49997
[MOE_TRACE] Group:0 Prob:0.88319 Alpha:0.50030
[MOE_TRACE] Group:1 Prob:0.30984 Alpha:0.50084
[MOE_TRACE] Group:0 Prob:0.88319 Alpha:0.50030
[MOE_TRACE] Group:1 Prob:0.30984 Alpha:0.50084
[MOE_TRACE] Group:0 Prob:0.88319 Alpha:0.50030
[MOE_TRACE] Group:2 Prob:0.99296 Alpha:0.49997
[MOE_TRACE] Group:1 Prob:0.30984 Alpha:0.50084
[MOE_TRACE] Group:2 Prob:0.99296 Alpha:0.49997
[MOE_TRACE] Group:0 Prob:0.88319 Alpha:0.50030
[MOE_TRACE] Group:1 Prob:0.30984 Alpha:0.50084
[MOE_TRACE] Group:2 Prob:0.99296 Alpha:0.49997
[MOE_TRACE] Group:0 Prob:0.87886 Alpha:0.50030[MOE_TRACE] Group:0 Prob:0.87886 Alpha:0.50030

[MOE_TRACE] Group:0 Prob:0.87886 Alpha:0.50030
[MOE_TRACE] Group:1 Prob:0.31855 Alpha:0.50084
[MOE_TRACE] Group:1 Prob:0.31855 Alpha:0.50084
[MOE_TRACE] Group:1 Prob:0.31855 Alpha:0.50084
[MOE_TRACE] Group:2 Prob:0.99270 Alpha:0.49998
[MOE_TRACE] Group:2 Prob:0.99270 Alpha:0.49998
[MOE_TRACE] Group:0 Prob:0.87886 Alpha:0.50030[MOE_TRACE] Group:2 Prob:0.99270 Alpha:0.49998

[MOE_TRACE] Group:1 Prob:0.31855 Alpha:0.50084
[MOE_TRACE] Group:2 Prob:0.99270 Alpha:0.49998
	iters: 100, epoch: 3 | loss: 0.2968742
	speed: 5.2268s/iter; left time: 5587.4716s
[MOE_TRACE] Group:0 Prob:0.88418 Alpha:0.50030[MOE_TRACE] Group:0 Prob:0.88418 Alpha:0.50030

[MOE_TRACE] Group:1 Prob:0.31727 Alpha:0.50084
[MOE_TRACE] Group:1 Prob:0.31727 Alpha:0.50084
[MOE_TRACE] Group:0 Prob:0.88418 Alpha:0.50030
[MOE_TRACE] Group:1 Prob:0.31727 Alpha:0.50084
[MOE_TRACE] Group:2 Prob:0.99245 Alpha:0.49998
[MOE_TRACE] Group:0 Prob:0.88418 Alpha:0.50030
[MOE_TRACE] Group:1 Prob:0.31727 Alpha:0.50084
[MOE_TRACE] Group:2 Prob:0.99245 Alpha:0.49998
[MOE_TRACE] Group:0 Prob:0.88239 Alpha:0.50030
[MOE_TRACE] Group:1 Prob:0.32319 Alpha:0.50084
[MOE_TRACE] Group:0 Prob:0.88239 Alpha:0.50030
[MOE_TRACE] Group:0 Prob:0.88239 Alpha:0.50030
[MOE_TRACE] Group:1 Prob:0.32319 Alpha:0.50084
[MOE_TRACE] Group:2 Prob:0.99241 Alpha:0.49998
[MOE_TRACE] Group:1 Prob:0.32319 Alpha:0.50084
[MOE_TRACE] Group:2 Prob:0.99241 Alpha:0.49998
[MOE_TRACE] Group:0 Prob:0.88239 Alpha:0.50030
[MOE_TRACE] Group:1 Prob:0.32319 Alpha:0.50084
[MOE_TRACE] Group:2 Prob:0.99241 Alpha:0.49998
[MOE_TRACE] Group:0 Prob:0.88263 Alpha:0.50031
[MOE_TRACE] Group:0 Prob:0.88263 Alpha:0.50031
[MOE_TRACE] Group:1 Prob:0.32217 Alpha:0.50084
[MOE_TRACE] Group:1 Prob:0.32217 Alpha:0.50084
[MOE_TRACE] Group:2 Prob:0.99235 Alpha:0.49998
[MOE_TRACE] Group:2 Prob:0.99235 Alpha:0.49998
[MOE_TRACE] Group:0 Prob:0.88263 Alpha:0.50031
[MOE_TRACE] Group:1 Prob:0.32217 Alpha:0.50084
[MOE_TRACE] Group:2 Prob:0.99235 Alpha:0.49998
[MOE_TRACE] Group:0 Prob:0.88263 Alpha:0.50031
[MOE_TRACE] Group:1 Prob:0.32217 Alpha:0.50084
[MOE_TRACE] Group:2 Prob:0.99235 Alpha:0.49998
[MOE_TRACE] Group:0 Prob:0.88179 Alpha:0.50031
[MOE_TRACE] Group:0 Prob:0.88179 Alpha:0.50031[MOE_TRACE] Group:0 Prob:0.88179 Alpha:0.50031

[MOE_TRACE] Group:1 Prob:0.31830 Alpha:0.50085
[MOE_TRACE] Group:1 Prob:0.31830 Alpha:0.50085
[MOE_TRACE] Group:1 Prob:0.31830 Alpha:0.50085
[MOE_TRACE] Group:2 Prob:0.99238 Alpha:0.49999
[MOE_TRACE] Group:2 Prob:0.99238 Alpha:0.49999
[MOE_TRACE] Group:2 Prob:0.99238 Alpha:0.49999
[MOE_TRACE] Group:0 Prob:0.88179 Alpha:0.50031
[MOE_TRACE] Group:1 Prob:0.31830 Alpha:0.50085
[MOE_TRACE] Group:2 Prob:0.99238 Alpha:0.49999
[MOE_TRACE] Group:0 Prob:0.88017 Alpha:0.50031[MOE_TRACE] Group:0 Prob:0.88017 Alpha:0.50031

[MOE_TRACE] Group:0 Prob:0.88017 Alpha:0.50031
[MOE_TRACE] Group:1 Prob:0.32199 Alpha:0.50085
[MOE_TRACE] Group:2 Prob:0.99214 Alpha:0.49999[MOE_TRACE] Group:1 Prob:0.32199 Alpha:0.50085

[MOE_TRACE] Group:1 Prob:0.32199 Alpha:0.50085
[MOE_TRACE] Group:2 Prob:0.99214 Alpha:0.49999
[MOE_TRACE] Group:2 Prob:0.99214 Alpha:0.49999
[MOE_TRACE] Group:0 Prob:0.88017 Alpha:0.50031
[MOE_TRACE] Group:1 Prob:0.32199 Alpha:0.50085
[MOE_TRACE] Group:2 Prob:0.99214 Alpha:0.49999
[MOE_TRACE] Group:0 Prob:0.87924 Alpha:0.50032
[MOE_TRACE] Group:0 Prob:0.87924 Alpha:0.50032
[MOE_TRACE] Group:1 Prob:0.32222 Alpha:0.50085
[MOE_TRACE] Group:0 Prob:0.87924 Alpha:0.50032[MOE_TRACE] Group:1 Prob:0.32222 Alpha:0.50085

[MOE_TRACE] Group:2 Prob:0.99200 Alpha:0.49999[MOE_TRACE] Group:1 Prob:0.32222 Alpha:0.50085[MOE_TRACE] Group:2 Prob:0.99200 Alpha:0.49999


[MOE_TRACE] Group:2 Prob:0.99200 Alpha:0.49999
[MOE_TRACE] Group:0 Prob:0.87924 Alpha:0.50032
[MOE_TRACE] Group:1 Prob:0.32222 Alpha:0.50085
[MOE_TRACE] Group:2 Prob:0.99200 Alpha:0.49999
[MOE_TRACE] Group:0 Prob:0.88210 Alpha:0.50032
[MOE_TRACE] Group:0 Prob:0.88210 Alpha:0.50032
[MOE_TRACE] Group:0 Prob:0.88210 Alpha:0.50032
[MOE_TRACE] Group:1 Prob:0.31378 Alpha:0.50086
[MOE_TRACE] Group:0 Prob:0.88210 Alpha:0.50032
[MOE_TRACE] Group:1 Prob:0.31378 Alpha:0.50086
[MOE_TRACE] Group:2 Prob:0.99208 Alpha:0.49999
[MOE_TRACE] Group:0 Prob:0.87603 Alpha:0.50031
[MOE_TRACE] Group:0 Prob:0.87603 Alpha:0.50031
[MOE_TRACE] Group:1 Prob:0.32548 Alpha:0.50086
[MOE_TRACE] Group:0 Prob:0.87603 Alpha:0.50031[MOE_TRACE] Group:1 Prob:0.32548 Alpha:0.50086
[MOE_TRACE] Group:2 Prob:0.99227 Alpha:0.49999

[MOE_TRACE] Group:1 Prob:0.32548 Alpha:0.50086
[MOE_TRACE] Group:2 Prob:0.99227 Alpha:0.49999
[MOE_TRACE] Group:2 Prob:0.99227 Alpha:0.49999
[MOE_TRACE] Group:0 Prob:0.87603 Alpha:0.50031
[MOE_TRACE] Group:1 Prob:0.32548 Alpha:0.50086
[MOE_TRACE] Group:2 Prob:0.99227 Alpha:0.49999
[MOE_TRACE] Group:0 Prob:0.87838 Alpha:0.50031
[MOE_TRACE] Group:0 Prob:0.87838 Alpha:0.50031
[MOE_TRACE] Group:0 Prob:0.87838 Alpha:0.50031
[MOE_TRACE] Group:1 Prob:0.32335 Alpha:0.50086
[MOE_TRACE] Group:1 Prob:0.32335 Alpha:0.50086
[MOE_TRACE] Group:1 Prob:0.32335 Alpha:0.50086
[MOE_TRACE] Group:2 Prob:0.99216 Alpha:0.49999
[MOE_TRACE] Group:2 Prob:0.99216 Alpha:0.49999
[MOE_TRACE] Group:0 Prob:0.87838 Alpha:0.50031
[MOE_TRACE] Group:2 Prob:0.99216 Alpha:0.49999
[MOE_TRACE] Group:1 Prob:0.32335 Alpha:0.50086
[MOE_TRACE] Group:2 Prob:0.99216 Alpha:0.49999
[MOE_TRACE] Group:0 Prob:0.88065 Alpha:0.50031
[MOE_TRACE] Group:0 Prob:0.88065 Alpha:0.50031
[MOE_TRACE] Group:0 Prob:0.88065 Alpha:0.50031
[MOE_TRACE] Group:1 Prob:0.32666 Alpha:0.50086
[MOE_TRACE] Group:1 Prob:0.32666 Alpha:0.50086
[MOE_TRACE] Group:2 Prob:0.99195 Alpha:0.49999
[MOE_TRACE] Group:1 Prob:0.32666 Alpha:0.50086
[MOE_TRACE] Group:2 Prob:0.99195 Alpha:0.49999
[MOE_TRACE] Group:2 Prob:0.99195 Alpha:0.49999
[MOE_TRACE] Group:0 Prob:0.88065 Alpha:0.50031
[MOE_TRACE] Group:1 Prob:0.32666 Alpha:0.50086
[MOE_TRACE] Group:2 Prob:0.99195 Alpha:0.49999
[MOE_TRACE] Group:0 Prob:0.88123 Alpha:0.50032
[MOE_TRACE] Group:0 Prob:0.88123 Alpha:0.50032
[MOE_TRACE] Group:1 Prob:0.33181 Alpha:0.50086[MOE_TRACE] Group:0 Prob:0.88123 Alpha:0.50032

[MOE_TRACE] Group:1 Prob:0.33181 Alpha:0.50086
[MOE_TRACE] Group:2 Prob:0.99198 Alpha:0.49999
[MOE_TRACE] Group:1 Prob:0.33181 Alpha:0.50086
[MOE_TRACE] Group:2 Prob:0.99198 Alpha:0.49999
[MOE_TRACE] Group:2 Prob:0.99198 Alpha:0.49999
[MOE_TRACE] Group:0 Prob:0.88123 Alpha:0.50032
[MOE_TRACE] Group:1 Prob:0.33181 Alpha:0.50086
[MOE_TRACE] Group:2 Prob:0.99198 Alpha:0.49999
[MOE_TRACE] Group:0 Prob:0.87843 Alpha:0.50032[MOE_TRACE] Group:0 Prob:0.87843 Alpha:0.50032

[MOE_TRACE] Group:1 Prob:0.31416 Alpha:0.50086
[MOE_TRACE] Group:1 Prob:0.31416 Alpha:0.50086
[MOE_TRACE] Group:0 Prob:0.87843 Alpha:0.50032
[MOE_TRACE] Group:1 Prob:0.31416 Alpha:0.50086
[MOE_TRACE] Group:2 Prob:0.99184 Alpha:0.49999
[MOE_TRACE] Group:0 Prob:0.87843 Alpha:0.50032
[MOE_TRACE] Group:1 Prob:0.31416 Alpha:0.50086
[MOE_TRACE] Group:2 Prob:0.99184 Alpha:0.49999
[MOE_TRACE] Group:0 Prob:0.87996 Alpha:0.50032
[MOE_TRACE] Group:1 Prob:0.31240 Alpha:0.50087
[MOE_TRACE] Group:0 Prob:0.87996 Alpha:0.50032
[MOE_TRACE] Group:1 Prob:0.31240 Alpha:0.50087
[MOE_TRACE] Group:0 Prob:0.87996 Alpha:0.50032
[MOE_TRACE] Group:1 Prob:0.31240 Alpha:0.50087
[MOE_TRACE] Group:0 Prob:0.87996 Alpha:0.50032
[MOE_TRACE] Group:1 Prob:0.31240 Alpha:0.50087
[MOE_TRACE] Group:2 Prob:0.99199 Alpha:0.49999
[MOE_TRACE] Group:0 Prob:0.87773 Alpha:0.50032
[MOE_TRACE] Group:0 Prob:0.87773 Alpha:0.50032
[MOE_TRACE] Group:0 Prob:0.87773 Alpha:0.50032
[MOE_TRACE] Group:1 Prob:0.31026 Alpha:0.50087
[MOE_TRACE] Group:1 Prob:0.31026 Alpha:0.50087
[MOE_TRACE] Group:2 Prob:0.99209 Alpha:0.50000[MOE_TRACE] Group:1 Prob:0.31026 Alpha:0.50087

[MOE_TRACE] Group:2 Prob:0.99209 Alpha:0.50000
[MOE_TRACE] Group:2 Prob:0.99209 Alpha:0.50000
[MOE_TRACE] Group:0 Prob:0.87773 Alpha:0.50032
[MOE_TRACE] Group:1 Prob:0.31026 Alpha:0.50087
[MOE_TRACE] Group:2 Prob:0.99209 Alpha:0.50000
[MOE_TRACE] Group:0 Prob:0.88026 Alpha:0.50032
[MOE_TRACE] Group:0 Prob:0.88026 Alpha:0.50032
[MOE_TRACE] Group:0 Prob:0.88026 Alpha:0.50032
[MOE_TRACE] Group:1 Prob:0.30847 Alpha:0.50088
[MOE_TRACE] Group:1 Prob:0.30847 Alpha:0.50088
[MOE_TRACE] Group:1 Prob:0.30847 Alpha:0.50088
[MOE_TRACE] Group:2 Prob:0.99202 Alpha:0.50000
[MOE_TRACE] Group:2 Prob:0.99202 Alpha:0.50000
[MOE_TRACE] Group:2 Prob:0.99202 Alpha:0.50000
[MOE_TRACE] Group:0 Prob:0.88026 Alpha:0.50032
[MOE_TRACE] Group:1 Prob:0.30847 Alpha:0.50088
[MOE_TRACE] Group:2 Prob:0.99202 Alpha:0.50000
[MOE_TRACE] Group:0 Prob:0.87707 Alpha:0.50032
[MOE_TRACE] Group:1 Prob:0.30527 Alpha:0.50088
[MOE_TRACE] Group:0 Prob:0.87707 Alpha:0.50032[MOE_TRACE] Group:0 Prob:0.87707 Alpha:0.50032

[MOE_TRACE] Group:2 Prob:0.99204 Alpha:0.50000[MOE_TRACE] Group:1 Prob:0.30527 Alpha:0.50088

[MOE_TRACE] Group:1 Prob:0.30527 Alpha:0.50088
[MOE_TRACE] Group:2 Prob:0.99204 Alpha:0.50000
[MOE_TRACE] Group:2 Prob:0.99204 Alpha:0.50000
[MOE_TRACE] Group:0 Prob:0.87707 Alpha:0.50032
[MOE_TRACE] Group:1 Prob:0.30527 Alpha:0.50088
[MOE_TRACE] Group:2 Prob:0.99204 Alpha:0.50000
[MOE_TRACE] Group:0 Prob:0.87969 Alpha:0.50032
[MOE_TRACE] Group:1 Prob:0.31317 Alpha:0.50088
[MOE_TRACE] Group:0 Prob:0.87969 Alpha:0.50032
[MOE_TRACE] Group:0 Prob:0.87969 Alpha:0.50032
[MOE_TRACE] Group:2 Prob:0.99185 Alpha:0.50000
[MOE_TRACE] Group:1 Prob:0.31317 Alpha:0.50088
[MOE_TRACE] Group:1 Prob:0.31317 Alpha:0.50088
[MOE_TRACE] Group:0 Prob:0.87969 Alpha:0.50032[MOE_TRACE] Group:2 Prob:0.99185 Alpha:0.50000
[MOE_TRACE] Group:2 Prob:0.99185 Alpha:0.50000

[MOE_TRACE] Group:1 Prob:0.31317 Alpha:0.50088
[MOE_TRACE] Group:2 Prob:0.99185 Alpha:0.50000
[MOE_TRACE] Group:0 Prob:0.88130 Alpha:0.50032
[MOE_TRACE] Group:0 Prob:0.88130 Alpha:0.50032
[MOE_TRACE] Group:1 Prob:0.30202 Alpha:0.50088
[MOE_TRACE] Group:0 Prob:0.88130 Alpha:0.50032
[MOE_TRACE] Group:1 Prob:0.30202 Alpha:0.50088[MOE_TRACE] Group:2 Prob:0.99214 Alpha:0.49999

[MOE_TRACE] Group:1 Prob:0.30202 Alpha:0.50088
[MOE_TRACE] Group:2 Prob:0.99214 Alpha:0.49999
[MOE_TRACE] Group:2 Prob:0.99214 Alpha:0.49999
[MOE_TRACE] Group:0 Prob:0.88130 Alpha:0.50032
[MOE_TRACE] Group:1 Prob:0.30202 Alpha:0.50088
[MOE_TRACE] Group:2 Prob:0.99214 Alpha:0.49999
[MOE_TRACE] Group:0 Prob:0.87950 Alpha:0.50033
[MOE_TRACE] Group:0 Prob:0.87950 Alpha:0.50033
[MOE_TRACE] Group:0 Prob:0.87950 Alpha:0.50033
[MOE_TRACE] Group:1 Prob:0.30649 Alpha:0.50088
[MOE_TRACE] Group:1 Prob:0.30649 Alpha:0.50088
[MOE_TRACE] Group:1 Prob:0.30649 Alpha:0.50088
[MOE_TRACE] Group:2 Prob:0.99219 Alpha:0.49999
[MOE_TRACE] Group:2 Prob:0.99219 Alpha:0.49999
[MOE_TRACE] Group:2 Prob:0.99219 Alpha:0.49999
[MOE_TRACE] Group:0 Prob:0.87950 Alpha:0.50033
[MOE_TRACE] Group:1 Prob:0.30649 Alpha:0.50088
[MOE_TRACE] Group:2 Prob:0.99219 Alpha:0.49999
[MOE_TRACE] Group:0 Prob:0.87733 Alpha:0.50032
[MOE_TRACE] Group:1 Prob:0.30885 Alpha:0.50088
[MOE_TRACE] Group:0 Prob:0.87733 Alpha:0.50032
[MOE_TRACE] Group:1 Prob:0.30885 Alpha:0.50088
[MOE_TRACE] Group:0 Prob:0.87733 Alpha:0.50032
[MOE_TRACE] Group:1 Prob:0.30885 Alpha:0.50088
[MOE_TRACE] Group:2 Prob:0.99186 Alpha:0.50000
[MOE_TRACE] Group:0 Prob:0.87733 Alpha:0.50032
[MOE_TRACE] Group:1 Prob:0.30885 Alpha:0.50088
[MOE_TRACE] Group:2 Prob:0.99186 Alpha:0.50000
[MOE_TRACE] Group:0 Prob:0.87712 Alpha:0.50033
[MOE_TRACE] Group:0 Prob:0.87712 Alpha:0.50033
[MOE_TRACE] Group:0 Prob:0.87712 Alpha:0.50033
[MOE_TRACE] Group:1 Prob:0.30218 Alpha:0.50089
[MOE_TRACE] Group:1 Prob:0.30218 Alpha:0.50089
[MOE_TRACE] Group:2 Prob:0.99145 Alpha:0.50001
[MOE_TRACE] Group:1 Prob:0.30218 Alpha:0.50089
[MOE_TRACE] Group:2 Prob:0.99145 Alpha:0.50001
[MOE_TRACE] Group:2 Prob:0.99145 Alpha:0.50001
[MOE_TRACE] Group:0 Prob:0.87712 Alpha:0.50033
[MOE_TRACE] Group:1 Prob:0.30218 Alpha:0.50089
[MOE_TRACE] Group:2 Prob:0.99145 Alpha:0.50001
[MOE_TRACE] Group:0 Prob:0.87318 Alpha:0.50032
[MOE_TRACE] Group:0 Prob:0.87318 Alpha:0.50032
[MOE_TRACE] Group:0 Prob:0.87318 Alpha:0.50032
[MOE_TRACE] Group:1 Prob:0.31135 Alpha:0.50089
[MOE_TRACE] Group:1 Prob:0.31135 Alpha:0.50089
[MOE_TRACE] Group:2 Prob:0.99119 Alpha:0.50002[MOE_TRACE] Group:1 Prob:0.31135 Alpha:0.50089[MOE_TRACE] Group:2 Prob:0.99119 Alpha:0.50002


[MOE_TRACE] Group:2 Prob:0.99119 Alpha:0.50002
[MOE_TRACE] Group:0 Prob:0.87318 Alpha:0.50032
[MOE_TRACE] Group:1 Prob:0.31135 Alpha:0.50089
[MOE_TRACE] Group:2 Prob:0.99119 Alpha:0.50002
[MOE_TRACE] Group:0 Prob:0.87899 Alpha:0.50032
[MOE_TRACE] Group:0 Prob:0.87899 Alpha:0.50032[MOE_TRACE] Group:0 Prob:0.87899 Alpha:0.50032

[MOE_TRACE] Group:1 Prob:0.30469 Alpha:0.50089
[MOE_TRACE] Group:1 Prob:0.30469 Alpha:0.50089
[MOE_TRACE] Group:1 Prob:0.30469 Alpha:0.50089
[MOE_TRACE] Group:2 Prob:0.99150 Alpha:0.50002
[MOE_TRACE] Group:0 Prob:0.87899 Alpha:0.50032
[MOE_TRACE] Group:2 Prob:0.99150 Alpha:0.50002
[MOE_TRACE] Group:2 Prob:0.99150 Alpha:0.50002
[MOE_TRACE] Group:1 Prob:0.30469 Alpha:0.50089
[MOE_TRACE] Group:2 Prob:0.99150 Alpha:0.50002
[MOE_TRACE] Group:0 Prob:0.87744 Alpha:0.50032
[MOE_TRACE] Group:0 Prob:0.87744 Alpha:0.50032
[MOE_TRACE] Group:1 Prob:0.30267 Alpha:0.50089
[MOE_TRACE] Group:1 Prob:0.30267 Alpha:0.50089
[MOE_TRACE] Group:0 Prob:0.87744 Alpha:0.50032
[MOE_TRACE] Group:2 Prob:0.99139 Alpha:0.50002
[MOE_TRACE] Group:2 Prob:0.99139 Alpha:0.50002
[MOE_TRACE] Group:1 Prob:0.30267 Alpha:0.50089
[MOE_TRACE] Group:2 Prob:0.99139 Alpha:0.50002[MOE_TRACE] Group:0 Prob:0.87744 Alpha:0.50032

[MOE_TRACE] Group:1 Prob:0.30267 Alpha:0.50089
[MOE_TRACE] Group:2 Prob:0.99139 Alpha:0.50002
[MOE_TRACE] Group:0 Prob:0.87821 Alpha:0.50032
[MOE_TRACE] Group:0 Prob:0.87821 Alpha:0.50032
[MOE_TRACE] Group:0 Prob:0.87821 Alpha:0.50032
[MOE_TRACE] Group:1 Prob:0.30395 Alpha:0.50089
[MOE_TRACE] Group:1 Prob:0.30395 Alpha:0.50089
[MOE_TRACE] Group:1 Prob:0.30395 Alpha:0.50089
[MOE_TRACE] Group:2 Prob:0.99096 Alpha:0.50003
[MOE_TRACE] Group:2 Prob:0.99096 Alpha:0.50003
[MOE_TRACE] Group:2 Prob:0.99096 Alpha:0.50003
[MOE_TRACE] Group:0 Prob:0.87821 Alpha:0.50032
[MOE_TRACE] Group:1 Prob:0.30395 Alpha:0.50089
[MOE_TRACE] Group:2 Prob:0.99096 Alpha:0.50003
[MOE_TRACE] Group:0 Prob:0.87963 Alpha:0.50033[MOE_TRACE] Group:0 Prob:0.87963 Alpha:0.50033

[MOE_TRACE] Group:1 Prob:0.30881 Alpha:0.50089
[MOE_TRACE] Group:1 Prob:0.30881 Alpha:0.50089[MOE_TRACE] Group:0 Prob:0.87963 Alpha:0.50033

[MOE_TRACE] Group:2 Prob:0.99096 Alpha:0.50003
[MOE_TRACE] Group:2 Prob:0.99096 Alpha:0.50003
[MOE_TRACE] Group:1 Prob:0.30881 Alpha:0.50089
[MOE_TRACE] Group:2 Prob:0.99096 Alpha:0.50003
[MOE_TRACE] Group:0 Prob:0.87963 Alpha:0.50033
[MOE_TRACE] Group:1 Prob:0.30881 Alpha:0.50089
[MOE_TRACE] Group:2 Prob:0.99096 Alpha:0.50003
[MOE_TRACE] Group:0 Prob:0.88136 Alpha:0.50033
[MOE_TRACE] Group:0 Prob:0.88136 Alpha:0.50033
[MOE_TRACE] Group:0 Prob:0.88136 Alpha:0.50033
[MOE_TRACE] Group:1 Prob:0.30010 Alpha:0.50089
[MOE_TRACE] Group:1 Prob:0.30010 Alpha:0.50089
[MOE_TRACE] Group:1 Prob:0.30010 Alpha:0.50089
[MOE_TRACE] Group:2 Prob:0.99115 Alpha:0.50002
[MOE_TRACE] Group:2 Prob:0.99115 Alpha:0.50002
[MOE_TRACE] Group:2 Prob:0.99115 Alpha:0.50002
[MOE_TRACE] Group:0 Prob:0.88136 Alpha:0.50033
[MOE_TRACE] Group:1 Prob:0.30010 Alpha:0.50089
[MOE_TRACE] Group:2 Prob:0.99115 Alpha:0.50002
[MOE_TRACE] Group:0 Prob:0.87983 Alpha:0.50032
[MOE_TRACE] Group:1 Prob:0.29330 Alpha:0.50089[MOE_TRACE] Group:0 Prob:0.87983 Alpha:0.50032

[MOE_TRACE] Group:1 Prob:0.29330 Alpha:0.50089
[MOE_TRACE] Group:0 Prob:0.87983 Alpha:0.50032
[MOE_TRACE] Group:1 Prob:0.29330 Alpha:0.50089
[MOE_TRACE] Group:2 Prob:0.99163 Alpha:0.50001
[MOE_TRACE] Group:0 Prob:0.87983 Alpha:0.50032
[MOE_TRACE] Group:1 Prob:0.29330 Alpha:0.50089
[MOE_TRACE] Group:2 Prob:0.99163 Alpha:0.50001
[MOE_TRACE] Group:0 Prob:0.88265 Alpha:0.50032
[MOE_TRACE] Group:1 Prob:0.30276 Alpha:0.50089[MOE_TRACE] Group:0 Prob:0.88265 Alpha:0.50032[MOE_TRACE] Group:0 Prob:0.88265 Alpha:0.50032


[MOE_TRACE] Group:2 Prob:0.99163 Alpha:0.50001[MOE_TRACE] Group:1 Prob:0.30276 Alpha:0.50089

[MOE_TRACE] Group:1 Prob:0.30276 Alpha:0.50089
[MOE_TRACE] Group:2 Prob:0.99163 Alpha:0.50001
[MOE_TRACE] Group:2 Prob:0.99163 Alpha:0.50001
[MOE_TRACE] Group:0 Prob:0.88265 Alpha:0.50032
[MOE_TRACE] Group:1 Prob:0.30276 Alpha:0.50089
[MOE_TRACE] Group:2 Prob:0.99163 Alpha:0.50001
[MOE_TRACE] Group:0 Prob:0.87719 Alpha:0.50032
[MOE_TRACE] Group:0 Prob:0.87719 Alpha:0.50032
[MOE_TRACE] Group:1 Prob:0.30333 Alpha:0.50090
[MOE_TRACE] Group:1 Prob:0.30333 Alpha:0.50090
[MOE_TRACE] Group:0 Prob:0.87719 Alpha:0.50032
[MOE_TRACE] Group:2 Prob:0.99137 Alpha:0.50001
[MOE_TRACE] Group:2 Prob:0.99137 Alpha:0.50001
[MOE_TRACE] Group:1 Prob:0.30333 Alpha:0.50090
[MOE_TRACE] Group:2 Prob:0.99137 Alpha:0.50001
[MOE_TRACE] Group:0 Prob:0.87719 Alpha:0.50032
[MOE_TRACE] Group:1 Prob:0.30333 Alpha:0.50090
[MOE_TRACE] Group:2 Prob:0.99137 Alpha:0.50001
[MOE_TRACE] Group:0 Prob:0.87742 Alpha:0.50032
[MOE_TRACE] Group:0 Prob:0.87742 Alpha:0.50032
[MOE_TRACE] Group:0 Prob:0.87742 Alpha:0.50032
[MOE_TRACE] Group:1 Prob:0.29364 Alpha:0.50090
[MOE_TRACE] Group:1 Prob:0.29364 Alpha:0.50090
[MOE_TRACE] Group:2 Prob:0.99117 Alpha:0.50001
[MOE_TRACE] Group:1 Prob:0.29364 Alpha:0.50090
[MOE_TRACE] Group:2 Prob:0.99117 Alpha:0.50001
[MOE_TRACE] Group:2 Prob:0.99117 Alpha:0.50001
[MOE_TRACE] Group:0 Prob:0.87742 Alpha:0.50032
[MOE_TRACE] Group:1 Prob:0.29364 Alpha:0.50090
[MOE_TRACE] Group:2 Prob:0.99117 Alpha:0.50001
[MOE_TRACE] Group:0 Prob:0.87854 Alpha:0.50032
[MOE_TRACE] Group:0 Prob:0.87854 Alpha:0.50032
[MOE_TRACE] Group:1 Prob:0.28874 Alpha:0.50090
[MOE_TRACE] Group:0 Prob:0.87854 Alpha:0.50032
[MOE_TRACE] Group:2 Prob:0.99138 Alpha:0.50001[MOE_TRACE] Group:1 Prob:0.28874 Alpha:0.50090

[MOE_TRACE] Group:1 Prob:0.28874 Alpha:0.50090
[MOE_TRACE] Group:2 Prob:0.99138 Alpha:0.50001
[MOE_TRACE] Group:2 Prob:0.99138 Alpha:0.50001
[MOE_TRACE] Group:0 Prob:0.87854 Alpha:0.50032
[MOE_TRACE] Group:1 Prob:0.28874 Alpha:0.50090
[MOE_TRACE] Group:2 Prob:0.99138 Alpha:0.50001
[MOE_TRACE] Group:0 Prob:0.88105 Alpha:0.50032[MOE_TRACE] Group:0 Prob:0.88105 Alpha:0.50032

[MOE_TRACE] Group:0 Prob:0.88105 Alpha:0.50032
[MOE_TRACE] Group:1 Prob:0.29796 Alpha:0.50090
[MOE_TRACE] Group:1 Prob:0.29796 Alpha:0.50090
[MOE_TRACE] Group:1 Prob:0.29796 Alpha:0.50090
[MOE_TRACE] Group:2 Prob:0.99136 Alpha:0.50001[MOE_TRACE] Group:2 Prob:0.99136 Alpha:0.50001

[MOE_TRACE] Group:2 Prob:0.99136 Alpha:0.50001
[MOE_TRACE] Group:0 Prob:0.88105 Alpha:0.50032
[MOE_TRACE] Group:1 Prob:0.29796 Alpha:0.50090
[MOE_TRACE] Group:2 Prob:0.99136 Alpha:0.50001
[MOE_TRACE] Group:0 Prob:0.88038 Alpha:0.50032
[MOE_TRACE] Group:0 Prob:0.88038 Alpha:0.50032
[MOE_TRACE] Group:1 Prob:0.29691 Alpha:0.50090
[MOE_TRACE] Group:1 Prob:0.29691 Alpha:0.50090
[MOE_TRACE] Group:0 Prob:0.88038 Alpha:0.50032
[MOE_TRACE] Group:1 Prob:0.29691 Alpha:0.50090
[MOE_TRACE] Group:0 Prob:0.88038 Alpha:0.50032
[MOE_TRACE] Group:1 Prob:0.29691 Alpha:0.50090
[MOE_TRACE] Group:2 Prob:0.99161 Alpha:0.50001
[MOE_TRACE] Group:0 Prob:0.88164 Alpha:0.50032
[MOE_TRACE] Group:0 Prob:0.88164 Alpha:0.50032[MOE_TRACE] Group:1 Prob:0.30107 Alpha:0.50091

[MOE_TRACE] Group:1 Prob:0.30107 Alpha:0.50091
[MOE_TRACE] Group:0 Prob:0.88164 Alpha:0.50032
[MOE_TRACE] Group:1 Prob:0.30107 Alpha:0.50091
[MOE_TRACE] Group:0 Prob:0.88164 Alpha:0.50032
[MOE_TRACE] Group:1 Prob:0.30107 Alpha:0.50091
[MOE_TRACE] Group:2 Prob:0.99140 Alpha:0.50001
[MOE_TRACE] Group:0 Prob:0.87892 Alpha:0.50032[MOE_TRACE] Group:0 Prob:0.87892 Alpha:0.50032

[MOE_TRACE] Group:1 Prob:0.29215 Alpha:0.50091[MOE_TRACE] Group:1 Prob:0.29215 Alpha:0.50091

[MOE_TRACE] Group:0 Prob:0.87892 Alpha:0.50032
[MOE_TRACE] Group:1 Prob:0.29215 Alpha:0.50091
[MOE_TRACE] Group:2 Prob:0.99146 Alpha:0.50002
[MOE_TRACE] Group:0 Prob:0.87892 Alpha:0.50032
[MOE_TRACE] Group:1 Prob:0.29215 Alpha:0.50091
[MOE_TRACE] Group:2 Prob:0.99146 Alpha:0.50002
[MOE_TRACE] Group:0 Prob:0.88068 Alpha:0.50032[MOE_TRACE] Group:0 Prob:0.88068 Alpha:0.50032

[MOE_TRACE] Group:0 Prob:0.88068 Alpha:0.50032
[MOE_TRACE] Group:1 Prob:0.29743 Alpha:0.50091
[MOE_TRACE] Group:1 Prob:0.29743 Alpha:0.50091
[MOE_TRACE] Group:2 Prob:0.99123 Alpha:0.50002
[MOE_TRACE] Group:1 Prob:0.29743 Alpha:0.50091
[MOE_TRACE] Group:2 Prob:0.99123 Alpha:0.50002
[MOE_TRACE] Group:2 Prob:0.99123 Alpha:0.50002
[MOE_TRACE] Group:0 Prob:0.88068 Alpha:0.50032
[MOE_TRACE] Group:1 Prob:0.29743 Alpha:0.50091
[MOE_TRACE] Group:2 Prob:0.99123 Alpha:0.50002
[MOE_TRACE] Group:0 Prob:0.87933 Alpha:0.50032[MOE_TRACE] Group:0 Prob:0.87933 Alpha:0.50032

[MOE_TRACE] Group:0 Prob:0.87933 Alpha:0.50032
[MOE_TRACE] Group:1 Prob:0.29555 Alpha:0.50092
[MOE_TRACE] Group:1 Prob:0.29555 Alpha:0.50092
[MOE_TRACE] Group:1 Prob:0.29555 Alpha:0.50092
[MOE_TRACE] Group:2 Prob:0.99138 Alpha:0.50001
[MOE_TRACE] Group:2 Prob:0.99138 Alpha:0.50001
[MOE_TRACE] Group:2 Prob:0.99138 Alpha:0.50001
[MOE_TRACE] Group:0 Prob:0.87933 Alpha:0.50032
[MOE_TRACE] Group:1 Prob:0.29555 Alpha:0.50092
[MOE_TRACE] Group:2 Prob:0.99138 Alpha:0.50001
[MOE_TRACE] Group:0 Prob:0.87693 Alpha:0.50032
[MOE_TRACE] Group:1 Prob:0.29130 Alpha:0.50092[MOE_TRACE] Group:0 Prob:0.87693 Alpha:0.50032

[MOE_TRACE] Group:1 Prob:0.29130 Alpha:0.50092
[MOE_TRACE] Group:0 Prob:0.87693 Alpha:0.50032
[MOE_TRACE] Group:1 Prob:0.29130 Alpha:0.50092
[MOE_TRACE] Group:0 Prob:0.87693 Alpha:0.50032
[MOE_TRACE] Group:1 Prob:0.29130 Alpha:0.50092
[MOE_TRACE] Group:2 Prob:0.99153 Alpha:0.50002
[MOE_TRACE] Group:0 Prob:0.88088 Alpha:0.50032
[MOE_TRACE] Group:0 Prob:0.88088 Alpha:0.50032
[MOE_TRACE] Group:0 Prob:0.88088 Alpha:0.50032
[MOE_TRACE] Group:1 Prob:0.27602 Alpha:0.50093
[MOE_TRACE] Group:1 Prob:0.27602 Alpha:0.50093
[MOE_TRACE] Group:1 Prob:0.27602 Alpha:0.50093
[MOE_TRACE] Group:2 Prob:0.99117 Alpha:0.50002
[MOE_TRACE] Group:2 Prob:0.99117 Alpha:0.50002
[MOE_TRACE] Group:2 Prob:0.99117 Alpha:0.50002
[MOE_TRACE] Group:0 Prob:0.88088 Alpha:0.50032
[MOE_TRACE] Group:1 Prob:0.27602 Alpha:0.50093
[MOE_TRACE] Group:2 Prob:0.99117 Alpha:0.50002
[MOE_TRACE] Group:0 Prob:0.88000 Alpha:0.50032
[MOE_TRACE] Group:1 Prob:0.29606 Alpha:0.50093
[MOE_TRACE] Group:0 Prob:0.88000 Alpha:0.50032
[MOE_TRACE] Group:2 Prob:0.99116 Alpha:0.50002
[MOE_TRACE] Group:0 Prob:0.88000 Alpha:0.50032
[MOE_TRACE] Group:1 Prob:0.29606 Alpha:0.50093[MOE_TRACE] Group:1 Prob:0.29606 Alpha:0.50093

[MOE_TRACE] Group:2 Prob:0.99116 Alpha:0.50002
[MOE_TRACE] Group:2 Prob:0.99116 Alpha:0.50002
[MOE_TRACE] Group:0 Prob:0.88000 Alpha:0.50032
[MOE_TRACE] Group:1 Prob:0.29606 Alpha:0.50093
[MOE_TRACE] Group:2 Prob:0.99116 Alpha:0.50002
[MOE_TRACE] Group:0 Prob:0.87852 Alpha:0.50033
[MOE_TRACE] Group:1 Prob:0.29885 Alpha:0.50094
[MOE_TRACE] Group:2 Prob:0.99092 Alpha:0.50002
[MOE_TRACE] Group:0 Prob:0.87852 Alpha:0.50033
[MOE_TRACE] Group:0 Prob:0.87852 Alpha:0.50033
[MOE_TRACE] Group:1 Prob:0.29885 Alpha:0.50094
[MOE_TRACE] Group:1 Prob:0.29885 Alpha:0.50094
[MOE_TRACE] Group:2 Prob:0.99092 Alpha:0.50002
[MOE_TRACE] Group:2 Prob:0.99092 Alpha:0.50002
[MOE_TRACE] Group:0 Prob:0.87852 Alpha:0.50033
[MOE_TRACE] Group:1 Prob:0.29885 Alpha:0.50094
[MOE_TRACE] Group:2 Prob:0.99092 Alpha:0.50002
[MOE_TRACE] Group:0 Prob:0.88012 Alpha:0.50033
[MOE_TRACE] Group:1 Prob:0.28344 Alpha:0.50094
[MOE_TRACE] Group:0 Prob:0.88012 Alpha:0.50033
[MOE_TRACE] Group:0 Prob:0.88012 Alpha:0.50033
[MOE_TRACE] Group:2 Prob:0.99127 Alpha:0.50002
[MOE_TRACE] Group:1 Prob:0.28344 Alpha:0.50094
[MOE_TRACE] Group:1 Prob:0.28344 Alpha:0.50094
[MOE_TRACE] Group:2 Prob:0.99127 Alpha:0.50002
[MOE_TRACE] Group:2 Prob:0.99127 Alpha:0.50002
[MOE_TRACE] Group:0 Prob:0.88012 Alpha:0.50033
[MOE_TRACE] Group:1 Prob:0.28344 Alpha:0.50094
[MOE_TRACE] Group:2 Prob:0.99127 Alpha:0.50002
[MOE_TRACE] Group:0 Prob:0.87689 Alpha:0.50033
[MOE_TRACE] Group:0 Prob:0.87689 Alpha:0.50033
[MOE_TRACE] Group:0 Prob:0.87689 Alpha:0.50033
[MOE_TRACE] Group:1 Prob:0.28500 Alpha:0.50095
[MOE_TRACE] Group:1 Prob:0.28500 Alpha:0.50095
[MOE_TRACE] Group:1 Prob:0.28500 Alpha:0.50095
[MOE_TRACE] Group:2 Prob:0.99148 Alpha:0.50001
[MOE_TRACE] Group:2 Prob:0.99148 Alpha:0.50001
[MOE_TRACE] Group:2 Prob:0.99148 Alpha:0.50001
[MOE_TRACE] Group:0 Prob:0.87689 Alpha:0.50033
[MOE_TRACE] Group:1 Prob:0.28500 Alpha:0.50095
[MOE_TRACE] Group:2 Prob:0.99148 Alpha:0.50001
[MOE_TRACE] Group:0 Prob:0.88021 Alpha:0.50033
[MOE_TRACE] Group:0 Prob:0.88021 Alpha:0.50033
[MOE_TRACE] Group:1 Prob:0.26771 Alpha:0.50096[MOE_TRACE] Group:1 Prob:0.26771 Alpha:0.50096

[MOE_TRACE] Group:0 Prob:0.88021 Alpha:0.50033
[MOE_TRACE] Group:2 Prob:0.99165 Alpha:0.50001
[MOE_TRACE] Group:1 Prob:0.26771 Alpha:0.50096
[MOE_TRACE] Group:2 Prob:0.99165 Alpha:0.50001
[MOE_TRACE] Group:2 Prob:0.99165 Alpha:0.50001
[MOE_TRACE] Group:0 Prob:0.88021 Alpha:0.50033
[MOE_TRACE] Group:1 Prob:0.26771 Alpha:0.50096
[MOE_TRACE] Group:2 Prob:0.99165 Alpha:0.50001
[MOE_TRACE] Group:0 Prob:0.87817 Alpha:0.50033
[MOE_TRACE] Group:1 Prob:0.28117 Alpha:0.50097
[MOE_TRACE] Group:0 Prob:0.87817 Alpha:0.50033
[MOE_TRACE] Group:0 Prob:0.87817 Alpha:0.50033
[MOE_TRACE] Group:2 Prob:0.99171 Alpha:0.50001
[MOE_TRACE] Group:1 Prob:0.28117 Alpha:0.50097
[MOE_TRACE] Group:1 Prob:0.28117 Alpha:0.50097
[MOE_TRACE] Group:2 Prob:0.99171 Alpha:0.50001
[MOE_TRACE] Group:2 Prob:0.99171 Alpha:0.50001
[MOE_TRACE] Group:0 Prob:0.87817 Alpha:0.50033
[MOE_TRACE] Group:1 Prob:0.28117 Alpha:0.50097
[MOE_TRACE] Group:2 Prob:0.99171 Alpha:0.50001
Epoch: 3 cost time: 107.11111831665039
Epoch: 3, Steps: 146 | Train Loss: 0.4116753 Vali Loss: 0.3220704 Test Loss: 0.3081257
EarlyStopping counter: 1 out of 3
Updating learning rate to 2.5e-05
[MOE_TRACE] Group:0 Prob:0.87964 Alpha:0.50033[MOE_TRACE] Group:0 Prob:0.87964 Alpha:0.50033[MOE_TRACE] Group:0 Prob:0.87964 Alpha:0.50033


[MOE_TRACE] Group:1 Prob:0.28062 Alpha:0.50098[MOE_TRACE] Group:1 Prob:0.28062 Alpha:0.50098

[MOE_TRACE] Group:1 Prob:0.28062 Alpha:0.50098
[MOE_TRACE] Group:0 Prob:0.87964 Alpha:0.50033
[MOE_TRACE] Group:1 Prob:0.28062 Alpha:0.50098
[MOE_TRACE] Group:2 Prob:0.99174 Alpha:0.50001
[MOE_TRACE] Group:0 Prob:0.87819 Alpha:0.50033
[MOE_TRACE] Group:0 Prob:0.87819 Alpha:0.50033
[MOE_TRACE] Group:0 Prob:0.87819 Alpha:0.50033
[MOE_TRACE] Group:1 Prob:0.30133 Alpha:0.50098
[MOE_TRACE] Group:1 Prob:0.30133 Alpha:0.50098
[MOE_TRACE] Group:1 Prob:0.30133 Alpha:0.50098
[MOE_TRACE] Group:0 Prob:0.87819 Alpha:0.50033
[MOE_TRACE] Group:1 Prob:0.30133 Alpha:0.50098
[MOE_TRACE] Group:2 Prob:0.99166 Alpha:0.50001
[MOE_TRACE] Group:0 Prob:0.88110 Alpha:0.50033[MOE_TRACE] Group:0 Prob:0.88110 Alpha:0.50033[MOE_TRACE] Group:0 Prob:0.88110 Alpha:0.50033


[MOE_TRACE] Group:1 Prob:0.28159 Alpha:0.50098[MOE_TRACE] Group:1 Prob:0.28159 Alpha:0.50098

[MOE_TRACE] Group:1 Prob:0.28159 Alpha:0.50098
[MOE_TRACE] Group:0 Prob:0.88110 Alpha:0.50033
[MOE_TRACE] Group:1 Prob:0.28159 Alpha:0.50098
[MOE_TRACE] Group:2 Prob:0.99144 Alpha:0.50001
[MOE_TRACE] Group:0 Prob:0.87926 Alpha:0.50033
[MOE_TRACE] Group:0 Prob:0.87926 Alpha:0.50033
[MOE_TRACE] Group:0 Prob:0.87926 Alpha:0.50033
[MOE_TRACE] Group:1 Prob:0.29717 Alpha:0.50098
[MOE_TRACE] Group:0 Prob:0.87926 Alpha:0.50033
[MOE_TRACE] Group:1 Prob:0.29717 Alpha:0.50098
[MOE_TRACE] Group:2 Prob:0.99174 Alpha:0.50001
[MOE_TRACE] Group:0 Prob:0.87783 Alpha:0.50033[MOE_TRACE] Group:0 Prob:0.87783 Alpha:0.50033

[MOE_TRACE] Group:1 Prob:0.29540 Alpha:0.50098[MOE_TRACE] Group:1 Prob:0.29540 Alpha:0.50098

[MOE_TRACE] Group:0 Prob:0.87783 Alpha:0.50033
[MOE_TRACE] Group:1 Prob:0.29540 Alpha:0.50098
[MOE_TRACE] Group:2 Prob:0.99133 Alpha:0.50001
[MOE_TRACE] Group:0 Prob:0.87783 Alpha:0.50033
[MOE_TRACE] Group:1 Prob:0.29540 Alpha:0.50098
[MOE_TRACE] Group:2 Prob:0.99133 Alpha:0.50001
[MOE_TRACE] Group:0 Prob:0.87637 Alpha:0.50033
[MOE_TRACE] Group:1 Prob:0.29293 Alpha:0.50098
[MOE_TRACE] Group:0 Prob:0.87637 Alpha:0.50033
[MOE_TRACE] Group:1 Prob:0.29293 Alpha:0.50098
[MOE_TRACE] Group:0 Prob:0.87637 Alpha:0.50033
[MOE_TRACE] Group:1 Prob:0.29293 Alpha:0.50098
[MOE_TRACE] Group:2 Prob:0.99168 Alpha:0.50001
[MOE_TRACE] Group:0 Prob:0.87637 Alpha:0.50033
[MOE_TRACE] Group:1 Prob:0.29293 Alpha:0.50098
[MOE_TRACE] Group:2 Prob:0.99168 Alpha:0.50001
[MOE_TRACE] Group:0 Prob:0.87842 Alpha:0.50033
[MOE_TRACE] Group:0 Prob:0.87842 Alpha:0.50033
[MOE_TRACE] Group:0 Prob:0.87842 Alpha:0.50033
[MOE_TRACE] Group:1 Prob:0.28394 Alpha:0.50098
[MOE_TRACE] Group:1 Prob:0.28394 Alpha:0.50098
[MOE_TRACE] Group:1 Prob:0.28394 Alpha:0.50098
[MOE_TRACE] Group:2 Prob:0.99153 Alpha:0.50001
[MOE_TRACE] Group:2 Prob:0.99153 Alpha:0.50001
[MOE_TRACE] Group:2 Prob:0.99153 Alpha:0.50001
[MOE_TRACE] Group:0 Prob:0.87842 Alpha:0.50033
[MOE_TRACE] Group:1 Prob:0.28394 Alpha:0.50098
[MOE_TRACE] Group:2 Prob:0.99153 Alpha:0.50001
[MOE_TRACE] Group:0 Prob:0.88083 Alpha:0.50034
[MOE_TRACE] Group:1 Prob:0.28512 Alpha:0.50099
[MOE_TRACE] Group:0 Prob:0.88083 Alpha:0.50034
[MOE_TRACE] Group:1 Prob:0.28512 Alpha:0.50099
[MOE_TRACE] Group:0 Prob:0.88083 Alpha:0.50034
[MOE_TRACE] Group:1 Prob:0.28512 Alpha:0.50099
[MOE_TRACE] Group:2 Prob:0.99155 Alpha:0.50001
[MOE_TRACE] Group:0 Prob:0.88083 Alpha:0.50034
[MOE_TRACE] Group:1 Prob:0.28512 Alpha:0.50099
[MOE_TRACE] Group:2 Prob:0.99155 Alpha:0.50001
[MOE_TRACE] Group:0 Prob:0.87985 Alpha:0.50034
[MOE_TRACE] Group:0 Prob:0.87985 Alpha:0.50034
[MOE_TRACE] Group:1 Prob:0.28107 Alpha:0.50099
[MOE_TRACE] Group:0 Prob:0.87985 Alpha:0.50034
[MOE_TRACE] Group:1 Prob:0.28107 Alpha:0.50099
[MOE_TRACE] Group:2 Prob:0.99130 Alpha:0.50002
[MOE_TRACE] Group:1 Prob:0.28107 Alpha:0.50099
[MOE_TRACE] Group:2 Prob:0.99130 Alpha:0.50002
[MOE_TRACE] Group:2 Prob:0.99130 Alpha:0.50002
[MOE_TRACE] Group:0 Prob:0.87985 Alpha:0.50034
[MOE_TRACE] Group:1 Prob:0.28107 Alpha:0.50099
[MOE_TRACE] Group:2 Prob:0.99130 Alpha:0.50002
[MOE_TRACE] Group:0 Prob:0.87804 Alpha:0.50033
[MOE_TRACE] Group:0 Prob:0.87804 Alpha:0.50033
[MOE_TRACE] Group:0 Prob:0.87804 Alpha:0.50033
[MOE_TRACE] Group:1 Prob:0.29142 Alpha:0.50099
[MOE_TRACE] Group:1 Prob:0.29142 Alpha:0.50099
[MOE_TRACE] Group:1 Prob:0.29142 Alpha:0.50099
[MOE_TRACE] Group:2 Prob:0.99112 Alpha:0.50002
[MOE_TRACE] Group:2 Prob:0.99112 Alpha:0.50002
[MOE_TRACE] Group:2 Prob:0.99112 Alpha:0.50002
[MOE_TRACE] Group:0 Prob:0.87804 Alpha:0.50033
[MOE_TRACE] Group:1 Prob:0.29142 Alpha:0.50099
[MOE_TRACE] Group:2 Prob:0.99112 Alpha:0.50002
[MOE_TRACE] Group:0 Prob:0.87879 Alpha:0.50033
[MOE_TRACE] Group:0 Prob:0.87879 Alpha:0.50033[MOE_TRACE] Group:0 Prob:0.87879 Alpha:0.50033

[MOE_TRACE] Group:0 Prob:0.87879 Alpha:0.50033
[MOE_TRACE] Group:1 Prob:0.29454 Alpha:0.50099
[MOE_TRACE] Group:2 Prob:0.99088 Alpha:0.50002
[MOE_TRACE] Group:0 Prob:0.88012 Alpha:0.50033
[MOE_TRACE] Group:1 Prob:0.28899 Alpha:0.50100
[MOE_TRACE] Group:0 Prob:0.88012 Alpha:0.50033
[MOE_TRACE] Group:1 Prob:0.28899 Alpha:0.50100
[MOE_TRACE] Group:0 Prob:0.88012 Alpha:0.50033
[MOE_TRACE] Group:1 Prob:0.28899 Alpha:0.50100
[MOE_TRACE] Group:2 Prob:0.99094 Alpha:0.50002
[MOE_TRACE] Group:0 Prob:0.88012 Alpha:0.50033
[MOE_TRACE] Group:1 Prob:0.28899 Alpha:0.50100
[MOE_TRACE] Group:2 Prob:0.99094 Alpha:0.50002
[MOE_TRACE] Group:0 Prob:0.88225 Alpha:0.50033
[MOE_TRACE] Group:1 Prob:0.27696 Alpha:0.50100
[MOE_TRACE] Group:0 Prob:0.88225 Alpha:0.50033[MOE_TRACE] Group:0 Prob:0.88225 Alpha:0.50033

[MOE_TRACE] Group:2 Prob:0.99120 Alpha:0.50002
[MOE_TRACE] Group:1 Prob:0.27696 Alpha:0.50100
[MOE_TRACE] Group:1 Prob:0.27696 Alpha:0.50100
[MOE_TRACE] Group:0 Prob:0.88225 Alpha:0.50033
[MOE_TRACE] Group:2 Prob:0.99120 Alpha:0.50002
[MOE_TRACE] Group:2 Prob:0.99120 Alpha:0.50002
[MOE_TRACE] Group:1 Prob:0.27696 Alpha:0.50100
[MOE_TRACE] Group:2 Prob:0.99120 Alpha:0.50002
[MOE_TRACE] Group:0 Prob:0.88123 Alpha:0.50033
[MOE_TRACE] Group:0 Prob:0.88123 Alpha:0.50033[MOE_TRACE] Group:1 Prob:0.28239 Alpha:0.50100

[MOE_TRACE] Group:0 Prob:0.88123 Alpha:0.50033
[MOE_TRACE] Group:1 Prob:0.28239 Alpha:0.50100
[MOE_TRACE] Group:1 Prob:0.28239 Alpha:0.50100
[MOE_TRACE] Group:2 Prob:0.99112 Alpha:0.50003
[MOE_TRACE] Group:2 Prob:0.99112 Alpha:0.50003
[MOE_TRACE] Group:2 Prob:0.99112 Alpha:0.50003
[MOE_TRACE] Group:0 Prob:0.88123 Alpha:0.50033
[MOE_TRACE] Group:1 Prob:0.28239 Alpha:0.50100
[MOE_TRACE] Group:2 Prob:0.99112 Alpha:0.50003
[MOE_TRACE] Group:0 Prob:0.87847 Alpha:0.50034
[MOE_TRACE] Group:0 Prob:0.87847 Alpha:0.50034[MOE_TRACE] Group:1 Prob:0.27942 Alpha:0.50100

[MOE_TRACE] Group:0 Prob:0.87847 Alpha:0.50034
[MOE_TRACE] Group:1 Prob:0.27942 Alpha:0.50100
[MOE_TRACE] Group:1 Prob:0.27942 Alpha:0.50100
[MOE_TRACE] Group:0 Prob:0.87847 Alpha:0.50034
[MOE_TRACE] Group:1 Prob:0.27942 Alpha:0.50100
[MOE_TRACE] Group:2 Prob:0.99074 Alpha:0.50003
[MOE_TRACE] Group:0 Prob:0.88201 Alpha:0.50034
[MOE_TRACE] Group:0 Prob:0.88201 Alpha:0.50034
[MOE_TRACE] Group:0 Prob:0.88201 Alpha:0.50034
[MOE_TRACE] Group:1 Prob:0.27410 Alpha:0.50100
[MOE_TRACE] Group:1 Prob:0.27410 Alpha:0.50100[MOE_TRACE] Group:1 Prob:0.27410 Alpha:0.50100

[MOE_TRACE] Group:2 Prob:0.99068 Alpha:0.50003
[MOE_TRACE] Group:2 Prob:0.99068 Alpha:0.50003
[MOE_TRACE] Group:2 Prob:0.99068 Alpha:0.50003
[MOE_TRACE] Group:0 Prob:0.88201 Alpha:0.50034
[MOE_TRACE] Group:1 Prob:0.27410 Alpha:0.50100
[MOE_TRACE] Group:2 Prob:0.99068 Alpha:0.50003
[MOE_TRACE] Group:0 Prob:0.87403 Alpha:0.50034[MOE_TRACE] Group:0 Prob:0.87403 Alpha:0.50034
[MOE_TRACE] Group:0 Prob:0.87403 Alpha:0.50034

[MOE_TRACE] Group:1 Prob:0.28244 Alpha:0.50100
[MOE_TRACE] Group:1 Prob:0.28244 Alpha:0.50100
[MOE_TRACE] Group:1 Prob:0.28244 Alpha:0.50100
[MOE_TRACE] Group:2 Prob:0.99072 Alpha:0.50003
[MOE_TRACE] Group:2 Prob:0.99072 Alpha:0.50003
[MOE_TRACE] Group:2 Prob:0.99072 Alpha:0.50003
[MOE_TRACE] Group:0 Prob:0.87403 Alpha:0.50034
[MOE_TRACE] Group:1 Prob:0.28244 Alpha:0.50100
[MOE_TRACE] Group:2 Prob:0.99072 Alpha:0.50003
[MOE_TRACE] Group:0 Prob:0.87490 Alpha:0.50034
[MOE_TRACE] Group:0 Prob:0.87490 Alpha:0.50034
[MOE_TRACE] Group:0 Prob:0.87490 Alpha:0.50034
[MOE_TRACE] Group:1 Prob:0.27712 Alpha:0.50100
[MOE_TRACE] Group:1 Prob:0.27712 Alpha:0.50100
[MOE_TRACE] Group:2 Prob:0.99058 Alpha:0.50004
[MOE_TRACE] Group:1 Prob:0.27712 Alpha:0.50100
[MOE_TRACE] Group:2 Prob:0.99058 Alpha:0.50004
[MOE_TRACE] Group:2 Prob:0.99058 Alpha:0.50004
[MOE_TRACE] Group:0 Prob:0.87490 Alpha:0.50034
[MOE_TRACE] Group:1 Prob:0.27712 Alpha:0.50100
[MOE_TRACE] Group:2 Prob:0.99058 Alpha:0.50004
[MOE_TRACE] Group:0 Prob:0.87553 Alpha:0.50035
[MOE_TRACE] Group:0 Prob:0.87553 Alpha:0.50035
[MOE_TRACE] Group:1 Prob:0.29322 Alpha:0.50100
[MOE_TRACE] Group:1 Prob:0.29322 Alpha:0.50100
[MOE_TRACE] Group:0 Prob:0.87553 Alpha:0.50035
[MOE_TRACE] Group:1 Prob:0.29322 Alpha:0.50100
[MOE_TRACE] Group:0 Prob:0.87553 Alpha:0.50035
[MOE_TRACE] Group:1 Prob:0.29322 Alpha:0.50100
[MOE_TRACE] Group:2 Prob:0.99051 Alpha:0.50004
[MOE_TRACE] Group:0 Prob:0.87584 Alpha:0.50034
[MOE_TRACE] Group:0 Prob:0.87584 Alpha:0.50034
[MOE_TRACE] Group:0 Prob:0.87584 Alpha:0.50034
[MOE_TRACE] Group:1 Prob:0.27427 Alpha:0.50100
[MOE_TRACE] Group:1 Prob:0.27427 Alpha:0.50100
[MOE_TRACE] Group:1 Prob:0.27427 Alpha:0.50100
[MOE_TRACE] Group:2 Prob:0.99059 Alpha:0.50004
[MOE_TRACE] Group:2 Prob:0.99059 Alpha:0.50004
[MOE_TRACE] Group:2 Prob:0.99059 Alpha:0.50004
[MOE_TRACE] Group:0 Prob:0.87584 Alpha:0.50034
[MOE_TRACE] Group:1 Prob:0.27427 Alpha:0.50100
[MOE_TRACE] Group:2 Prob:0.99059 Alpha:0.50004
[MOE_TRACE] Group:0 Prob:0.87558 Alpha:0.50034
[MOE_TRACE] Group:1 Prob:0.27338 Alpha:0.50100
[MOE_TRACE] Group:0 Prob:0.87558 Alpha:0.50034
[MOE_TRACE] Group:1 Prob:0.27338 Alpha:0.50100
[MOE_TRACE] Group:0 Prob:0.87558 Alpha:0.50034
[MOE_TRACE] Group:1 Prob:0.27338 Alpha:0.50100
[MOE_TRACE] Group:2 Prob:0.99076 Alpha:0.50004
[MOE_TRACE] Group:0 Prob:0.87558 Alpha:0.50034
[MOE_TRACE] Group:1 Prob:0.27338 Alpha:0.50100
[MOE_TRACE] Group:2 Prob:0.99076 Alpha:0.50004
[MOE_TRACE] Group:0 Prob:0.87331 Alpha:0.50034
[MOE_TRACE] Group:0 Prob:0.87331 Alpha:0.50034
[MOE_TRACE] Group:0 Prob:0.87331 Alpha:0.50034
[MOE_TRACE] Group:1 Prob:0.27887 Alpha:0.50101
[MOE_TRACE] Group:1 Prob:0.27887 Alpha:0.50101
[MOE_TRACE] Group:2 Prob:0.99085 Alpha:0.50003
[MOE_TRACE] Group:1 Prob:0.27887 Alpha:0.50101
[MOE_TRACE] Group:2 Prob:0.99085 Alpha:0.50003
[MOE_TRACE] Group:2 Prob:0.99085 Alpha:0.50003
[MOE_TRACE] Group:0 Prob:0.87331 Alpha:0.50034
[MOE_TRACE] Group:1 Prob:0.27887 Alpha:0.50101
[MOE_TRACE] Group:2 Prob:0.99085 Alpha:0.50003
[MOE_TRACE] Group:0 Prob:0.87632 Alpha:0.50034
[MOE_TRACE] Group:1 Prob:0.27819 Alpha:0.50101
[MOE_TRACE] Group:0 Prob:0.87632 Alpha:0.50034
[MOE_TRACE] Group:0 Prob:0.87632 Alpha:0.50034
[MOE_TRACE] Group:1 Prob:0.27819 Alpha:0.50101
[MOE_TRACE] Group:1 Prob:0.27819 Alpha:0.50101
[MOE_TRACE] Group:0 Prob:0.87632 Alpha:0.50034
[MOE_TRACE] Group:1 Prob:0.27819 Alpha:0.50101
[MOE_TRACE] Group:2 Prob:0.99055 Alpha:0.50003
[MOE_TRACE] Group:0 Prob:0.87428 Alpha:0.50034
[MOE_TRACE] Group:1 Prob:0.27721 Alpha:0.50101
[MOE_TRACE] Group:2 Prob:0.99071 Alpha:0.50004
[MOE_TRACE] Group:0 Prob:0.87428 Alpha:0.50034
[MOE_TRACE] Group:1 Prob:0.27721 Alpha:0.50101
[MOE_TRACE] Group:0 Prob:0.87428 Alpha:0.50034
[MOE_TRACE] Group:2 Prob:0.99071 Alpha:0.50004
[MOE_TRACE] Group:0 Prob:0.87428 Alpha:0.50034[MOE_TRACE] Group:1 Prob:0.27721 Alpha:0.50101

[MOE_TRACE] Group:1 Prob:0.27721 Alpha:0.50101
[MOE_TRACE] Group:2 Prob:0.99071 Alpha:0.50004
[MOE_TRACE] Group:2 Prob:0.99071 Alpha:0.50004
[MOE_TRACE] Group:0 Prob:0.87712 Alpha:0.50034
[MOE_TRACE] Group:1 Prob:0.28128 Alpha:0.50102
[MOE_TRACE] Group:0 Prob:0.87712 Alpha:0.50034
[MOE_TRACE] Group:0 Prob:0.87712 Alpha:0.50034
[MOE_TRACE] Group:1 Prob:0.28128 Alpha:0.50102
[MOE_TRACE] Group:2 Prob:0.99053 Alpha:0.50004
[MOE_TRACE] Group:1 Prob:0.28128 Alpha:0.50102
[MOE_TRACE] Group:2 Prob:0.99053 Alpha:0.50004
[MOE_TRACE] Group:0 Prob:0.87712 Alpha:0.50034
[MOE_TRACE] Group:1 Prob:0.28128 Alpha:0.50102
[MOE_TRACE] Group:2 Prob:0.99053 Alpha:0.50004
[MOE_TRACE] Group:0 Prob:0.87237 Alpha:0.50034
[MOE_TRACE] Group:1 Prob:0.28041 Alpha:0.50102
[MOE_TRACE] Group:0 Prob:0.87237 Alpha:0.50034[MOE_TRACE] Group:0 Prob:0.87237 Alpha:0.50034

[MOE_TRACE] Group:2 Prob:0.99046 Alpha:0.50004
[MOE_TRACE] Group:1 Prob:0.28041 Alpha:0.50102
[MOE_TRACE] Group:1 Prob:0.28041 Alpha:0.50102
[MOE_TRACE] Group:2 Prob:0.99046 Alpha:0.50004
[MOE_TRACE] Group:2 Prob:0.99046 Alpha:0.50004
[MOE_TRACE] Group:0 Prob:0.87237 Alpha:0.50034
[MOE_TRACE] Group:1 Prob:0.28041 Alpha:0.50102
[MOE_TRACE] Group:2 Prob:0.99046 Alpha:0.50004
[MOE_TRACE] Group:0 Prob:0.87362 Alpha:0.50034
[MOE_TRACE] Group:1 Prob:0.26932 Alpha:0.50102
[MOE_TRACE] Group:2 Prob:0.99020 Alpha:0.50005
[MOE_TRACE] Group:0 Prob:0.87362 Alpha:0.50034
[MOE_TRACE] Group:0 Prob:0.87362 Alpha:0.50034
[MOE_TRACE] Group:1 Prob:0.26932 Alpha:0.50102
[MOE_TRACE] Group:1 Prob:0.26932 Alpha:0.50102
[MOE_TRACE] Group:2 Prob:0.99019 Alpha:0.50005
[MOE_TRACE] Group:2 Prob:0.99019 Alpha:0.50005
[MOE_TRACE] Group:0 Prob:0.87362 Alpha:0.50034
[MOE_TRACE] Group:1 Prob:0.26932 Alpha:0.50102
[MOE_TRACE] Group:2 Prob:0.99019 Alpha:0.50005
[MOE_TRACE] Group:0 Prob:0.88032 Alpha:0.50034[MOE_TRACE] Group:0 Prob:0.88032 Alpha:0.50034

[MOE_TRACE] Group:1 Prob:0.28055 Alpha:0.50102
[MOE_TRACE] Group:1 Prob:0.28055 Alpha:0.50102
[MOE_TRACE] Group:0 Prob:0.88032 Alpha:0.50034
[MOE_TRACE] Group:1 Prob:0.28055 Alpha:0.50102
[MOE_TRACE] Group:2 Prob:0.99001 Alpha:0.50005
[MOE_TRACE] Group:0 Prob:0.88032 Alpha:0.50034
[MOE_TRACE] Group:1 Prob:0.28055 Alpha:0.50102
[MOE_TRACE] Group:2 Prob:0.99001 Alpha:0.50005
[MOE_TRACE] Group:0 Prob:0.87922 Alpha:0.50034
[MOE_TRACE] Group:0 Prob:0.87922 Alpha:0.50034
[MOE_TRACE] Group:1 Prob:0.28744 Alpha:0.50102
[MOE_TRACE] Group:1 Prob:0.28744 Alpha:0.50102
[MOE_TRACE] Group:0 Prob:0.87922 Alpha:0.50034
[MOE_TRACE] Group:2 Prob:0.99007 Alpha:0.50005[MOE_TRACE] Group:2 Prob:0.99007 Alpha:0.50005

[MOE_TRACE] Group:1 Prob:0.28744 Alpha:0.50102
[MOE_TRACE] Group:2 Prob:0.99007 Alpha:0.50005
[MOE_TRACE] Group:0 Prob:0.87922 Alpha:0.50034
[MOE_TRACE] Group:1 Prob:0.28744 Alpha:0.50102
[MOE_TRACE] Group:2 Prob:0.99007 Alpha:0.50005
[MOE_TRACE] Group:0 Prob:0.87582 Alpha:0.50034
[MOE_TRACE] Group:0 Prob:0.87582 Alpha:0.50034
[MOE_TRACE] Group:0 Prob:0.87582 Alpha:0.50034
[MOE_TRACE] Group:1 Prob:0.27764 Alpha:0.50103
[MOE_TRACE] Group:2 Prob:0.99016 Alpha:0.50006
[MOE_TRACE] Group:0 Prob:0.87620 Alpha:0.50034
[MOE_TRACE] Group:1 Prob:0.28739 Alpha:0.50103
[MOE_TRACE] Group:0 Prob:0.87620 Alpha:0.50034
[MOE_TRACE] Group:1 Prob:0.28739 Alpha:0.50103
[MOE_TRACE] Group:0 Prob:0.87620 Alpha:0.50034
[MOE_TRACE] Group:1 Prob:0.28739 Alpha:0.50103
[MOE_TRACE] Group:2 Prob:0.98953 Alpha:0.50006
[MOE_TRACE] Group:0 Prob:0.87620 Alpha:0.50034
[MOE_TRACE] Group:1 Prob:0.28739 Alpha:0.50103
[MOE_TRACE] Group:2 Prob:0.98953 Alpha:0.50006
[MOE_TRACE] Group:0 Prob:0.87592 Alpha:0.50035
[MOE_TRACE] Group:1 Prob:0.27839 Alpha:0.50103
[MOE_TRACE] Group:0 Prob:0.87592 Alpha:0.50035
[MOE_TRACE] Group:0 Prob:0.87592 Alpha:0.50035
[MOE_TRACE] Group:1 Prob:0.27839 Alpha:0.50103
[MOE_TRACE] Group:1 Prob:0.27839 Alpha:0.50103
[MOE_TRACE] Group:2 Prob:0.98963 Alpha:0.50006
[MOE_TRACE] Group:2 Prob:0.98963 Alpha:0.50006
[MOE_TRACE] Group:0 Prob:0.87592 Alpha:0.50035
[MOE_TRACE] Group:1 Prob:0.27839 Alpha:0.50103
[MOE_TRACE] Group:2 Prob:0.98963 Alpha:0.50006
[MOE_TRACE] Group:0 Prob:0.87617 Alpha:0.50035[MOE_TRACE] Group:0 Prob:0.87617 Alpha:0.50035

[MOE_TRACE] Group:0 Prob:0.87617 Alpha:0.50035
[MOE_TRACE] Group:1 Prob:0.26945 Alpha:0.50103
[MOE_TRACE] Group:1 Prob:0.26945 Alpha:0.50103
[MOE_TRACE] Group:1 Prob:0.26945 Alpha:0.50103
[MOE_TRACE] Group:2 Prob:0.98940 Alpha:0.50006
[MOE_TRACE] Group:2 Prob:0.98940 Alpha:0.50006[MOE_TRACE] Group:2 Prob:0.98940 Alpha:0.50006

[MOE_TRACE] Group:0 Prob:0.87617 Alpha:0.50035
[MOE_TRACE] Group:1 Prob:0.26945 Alpha:0.50103
[MOE_TRACE] Group:2 Prob:0.98940 Alpha:0.50006
[MOE_TRACE] Group:0 Prob:0.87443 Alpha:0.50035
[MOE_TRACE] Group:0 Prob:0.87443 Alpha:0.50035
[MOE_TRACE] Group:0 Prob:0.87443 Alpha:0.50035
[MOE_TRACE] Group:1 Prob:0.27887 Alpha:0.50103
[MOE_TRACE] Group:0 Prob:0.87443 Alpha:0.50035
[MOE_TRACE] Group:1 Prob:0.27887 Alpha:0.50103
[MOE_TRACE] Group:2 Prob:0.98954 Alpha:0.50007
[MOE_TRACE] Group:0 Prob:0.87670 Alpha:0.50035
[MOE_TRACE] Group:0 Prob:0.87670 Alpha:0.50035[MOE_TRACE] Group:0 Prob:0.87670 Alpha:0.50035

[MOE_TRACE] Group:1 Prob:0.27331 Alpha:0.50103
[MOE_TRACE] Group:1 Prob:0.27331 Alpha:0.50103
[MOE_TRACE] Group:1 Prob:0.27331 Alpha:0.50103
[MOE_TRACE] Group:2 Prob:0.98932 Alpha:0.50007
[MOE_TRACE] Group:2 Prob:0.98932 Alpha:0.50007
[MOE_TRACE] Group:2 Prob:0.98932 Alpha:0.50007
[MOE_TRACE] Group:0 Prob:0.87670 Alpha:0.50035
[MOE_TRACE] Group:1 Prob:0.27331 Alpha:0.50103
[MOE_TRACE] Group:2 Prob:0.98932 Alpha:0.50007
[MOE_TRACE] Group:0 Prob:0.87205 Alpha:0.50035
[MOE_TRACE] Group:0 Prob:0.87205 Alpha:0.50035
[MOE_TRACE] Group:0 Prob:0.87205 Alpha:0.50035
[MOE_TRACE] Group:1 Prob:0.27315 Alpha:0.50103
[MOE_TRACE] Group:2 Prob:0.98903 Alpha:0.50008
[MOE_TRACE] Group:1 Prob:0.27315 Alpha:0.50103
[MOE_TRACE] Group:1 Prob:0.27315 Alpha:0.50103
[MOE_TRACE] Group:2 Prob:0.98903 Alpha:0.50008
[MOE_TRACE] Group:2 Prob:0.98903 Alpha:0.50008
[MOE_TRACE] Group:0 Prob:0.87205 Alpha:0.50035
[MOE_TRACE] Group:1 Prob:0.27315 Alpha:0.50103
[MOE_TRACE] Group:2 Prob:0.98903 Alpha:0.50008
[MOE_TRACE] Group:0 Prob:0.87107 Alpha:0.50035
[MOE_TRACE] Group:1 Prob:0.25958 Alpha:0.50104
[MOE_TRACE] Group:0 Prob:0.87107 Alpha:0.50035
[MOE_TRACE] Group:0 Prob:0.87107 Alpha:0.50035
[MOE_TRACE] Group:1 Prob:0.25958 Alpha:0.50104
[MOE_TRACE] Group:1 Prob:0.25958 Alpha:0.50104
[MOE_TRACE] Group:2 Prob:0.98907 Alpha:0.50008
[MOE_TRACE] Group:2 Prob:0.98907 Alpha:0.50008
[MOE_TRACE] Group:0 Prob:0.87107 Alpha:0.50035
[MOE_TRACE] Group:1 Prob:0.25958 Alpha:0.50104
[MOE_TRACE] Group:2 Prob:0.98907 Alpha:0.50008
[MOE_TRACE] Group:0 Prob:0.87264 Alpha:0.50035
[MOE_TRACE] Group:1 Prob:0.27140 Alpha:0.50104
[MOE_TRACE] Group:0 Prob:0.87264 Alpha:0.50035
[MOE_TRACE] Group:1 Prob:0.27140 Alpha:0.50104
[MOE_TRACE] Group:0 Prob:0.87264 Alpha:0.50035
[MOE_TRACE] Group:1 Prob:0.27140 Alpha:0.50104
[MOE_TRACE] Group:0 Prob:0.87264 Alpha:0.50035
[MOE_TRACE] Group:1 Prob:0.27140 Alpha:0.50104
[MOE_TRACE] Group:2 Prob:0.98871 Alpha:0.50008
[MOE_TRACE] Group:0 Prob:0.87411 Alpha:0.50036
[MOE_TRACE] Group:1 Prob:0.26691 Alpha:0.50105
[MOE_TRACE] Group:0 Prob:0.87411 Alpha:0.50036
[MOE_TRACE] Group:0 Prob:0.87411 Alpha:0.50036
[MOE_TRACE] Group:1 Prob:0.26691 Alpha:0.50105
[MOE_TRACE] Group:1 Prob:0.26691 Alpha:0.50105
[MOE_TRACE] Group:0 Prob:0.87411 Alpha:0.50036
[MOE_TRACE] Group:1 Prob:0.26691 Alpha:0.50105
[MOE_TRACE] Group:2 Prob:0.98871 Alpha:0.50009
[MOE_TRACE] Group:0 Prob:0.87245 Alpha:0.50036
[MOE_TRACE] Group:0 Prob:0.87245 Alpha:0.50036
[MOE_TRACE] Group:1 Prob:0.27034 Alpha:0.50105
[MOE_TRACE] Group:1 Prob:0.27034 Alpha:0.50105
[MOE_TRACE] Group:2 Prob:0.98847 Alpha:0.50009
[MOE_TRACE] Group:0 Prob:0.87245 Alpha:0.50036
[MOE_TRACE] Group:2 Prob:0.98847 Alpha:0.50009
[MOE_TRACE] Group:1 Prob:0.27034 Alpha:0.50105
[MOE_TRACE] Group:2 Prob:0.98847 Alpha:0.50009
[MOE_TRACE] Group:0 Prob:0.87245 Alpha:0.50036
[MOE_TRACE] Group:1 Prob:0.27034 Alpha:0.50105
[MOE_TRACE] Group:2 Prob:0.98847 Alpha:0.50009
[MOE_TRACE] Group:0 Prob:0.87510 Alpha:0.50036
[MOE_TRACE] Group:1 Prob:0.28049 Alpha:0.50106
[MOE_TRACE] Group:0 Prob:0.87510 Alpha:0.50036
[MOE_TRACE] Group:1 Prob:0.28049 Alpha:0.50106
[MOE_TRACE] Group:0 Prob:0.87510 Alpha:0.50036
[MOE_TRACE] Group:1 Prob:0.28049 Alpha:0.50106
[MOE_TRACE] Group:0 Prob:0.87510 Alpha:0.50036
[MOE_TRACE] Group:1 Prob:0.28049 Alpha:0.50106
[MOE_TRACE] Group:2 Prob:0.98819 Alpha:0.50010
[MOE_TRACE] Group:0 Prob:0.87376 Alpha:0.50036[MOE_TRACE] Group:0 Prob:0.87376 Alpha:0.50036

[MOE_TRACE] Group:0 Prob:0.87376 Alpha:0.50036
[MOE_TRACE] Group:1 Prob:0.28866 Alpha:0.50107
[MOE_TRACE] Group:1 Prob:0.28866 Alpha:0.50107
[MOE_TRACE] Group:1 Prob:0.28866 Alpha:0.50107
[MOE_TRACE] Group:2 Prob:0.98779 Alpha:0.50010
[MOE_TRACE] Group:2 Prob:0.98779 Alpha:0.50010
[MOE_TRACE] Group:2 Prob:0.98779 Alpha:0.50010
[MOE_TRACE] Group:0 Prob:0.87376 Alpha:0.50036
[MOE_TRACE] Group:1 Prob:0.28866 Alpha:0.50107
[MOE_TRACE] Group:2 Prob:0.98779 Alpha:0.50010
[MOE_TRACE] Group:0 Prob:0.87615 Alpha:0.50036[MOE_TRACE] Group:0 Prob:0.87615 Alpha:0.50036

[MOE_TRACE] Group:0 Prob:0.87615 Alpha:0.50036
[MOE_TRACE] Group:1 Prob:0.27974 Alpha:0.50107
[MOE_TRACE] Group:1 Prob:0.27974 Alpha:0.50107
[MOE_TRACE] Group:1 Prob:0.27974 Alpha:0.50107
[MOE_TRACE] Group:2 Prob:0.98757 Alpha:0.50011
[MOE_TRACE] Group:2 Prob:0.98757 Alpha:0.50011
[MOE_TRACE] Group:2 Prob:0.98757 Alpha:0.50011
[MOE_TRACE] Group:0 Prob:0.87615 Alpha:0.50036
[MOE_TRACE] Group:1 Prob:0.27974 Alpha:0.50107
[MOE_TRACE] Group:2 Prob:0.98757 Alpha:0.50011
[MOE_TRACE] Group:0 Prob:0.87237 Alpha:0.50036[MOE_TRACE] Group:0 Prob:0.87237 Alpha:0.50036

[MOE_TRACE] Group:1 Prob:0.29383 Alpha:0.50107
[MOE_TRACE] Group:1 Prob:0.29383 Alpha:0.50107
[MOE_TRACE] Group:0 Prob:0.87237 Alpha:0.50036
[MOE_TRACE] Group:2 Prob:0.98726 Alpha:0.50011
[MOE_TRACE] Group:2 Prob:0.98726 Alpha:0.50011
[MOE_TRACE] Group:1 Prob:0.29383 Alpha:0.50107
[MOE_TRACE] Group:2 Prob:0.98726 Alpha:0.50011
[MOE_TRACE] Group:0 Prob:0.87237 Alpha:0.50036
[MOE_TRACE] Group:1 Prob:0.29383 Alpha:0.50107
[MOE_TRACE] Group:2 Prob:0.98726 Alpha:0.50011
[MOE_TRACE] Group:0 Prob:0.87377 Alpha:0.50036
[MOE_TRACE] Group:0 Prob:0.87377 Alpha:0.50036
[MOE_TRACE] Group:1 Prob:0.29694 Alpha:0.50108
[MOE_TRACE] Group:0 Prob:0.87377 Alpha:0.50036
[MOE_TRACE] Group:1 Prob:0.29694 Alpha:0.50108
[MOE_TRACE] Group:2 Prob:0.98720 Alpha:0.50011[MOE_TRACE] Group:1 Prob:0.29694 Alpha:0.50108

[MOE_TRACE] Group:2 Prob:0.98720 Alpha:0.50011[MOE_TRACE] Group:2 Prob:0.98720 Alpha:0.50011

[MOE_TRACE] Group:0 Prob:0.87377 Alpha:0.50036
[MOE_TRACE] Group:1 Prob:0.29694 Alpha:0.50108
[MOE_TRACE] Group:2 Prob:0.98720 Alpha:0.50011
[MOE_TRACE] Group:0 Prob:0.87073 Alpha:0.50036[MOE_TRACE] Group:0 Prob:0.87073 Alpha:0.50036

[MOE_TRACE] Group:0 Prob:0.87073 Alpha:0.50036
[MOE_TRACE] Group:1 Prob:0.27472 Alpha:0.50108
[MOE_TRACE] Group:1 Prob:0.27472 Alpha:0.50108
[MOE_TRACE] Group:1 Prob:0.27472 Alpha:0.50108
[MOE_TRACE] Group:2 Prob:0.98718 Alpha:0.50012
[MOE_TRACE] Group:2 Prob:0.98718 Alpha:0.50012
[MOE_TRACE] Group:2 Prob:0.98718 Alpha:0.50012
[MOE_TRACE] Group:0 Prob:0.87073 Alpha:0.50036
[MOE_TRACE] Group:1 Prob:0.27472 Alpha:0.50108
[MOE_TRACE] Group:2 Prob:0.98718 Alpha:0.50012
[MOE_TRACE] Group:0 Prob:0.87172 Alpha:0.50036
[MOE_TRACE] Group:0 Prob:0.87172 Alpha:0.50036[MOE_TRACE] Group:1 Prob:0.28794 Alpha:0.50109

[MOE_TRACE] Group:1 Prob:0.28794 Alpha:0.50109
[MOE_TRACE] Group:0 Prob:0.87172 Alpha:0.50036
[MOE_TRACE] Group:1 Prob:0.28794 Alpha:0.50109
[MOE_TRACE] Group:0 Prob:0.87172 Alpha:0.50036
[MOE_TRACE] Group:1 Prob:0.28794 Alpha:0.50109
[MOE_TRACE] Group:2 Prob:0.98717 Alpha:0.50012
[MOE_TRACE] Group:0 Prob:0.87376 Alpha:0.50036
[MOE_TRACE] Group:1 Prob:0.27054 Alpha:0.50109
[MOE_TRACE] Group:0 Prob:0.87376 Alpha:0.50036
[MOE_TRACE] Group:1 Prob:0.27054 Alpha:0.50109
[MOE_TRACE] Group:0 Prob:0.87376 Alpha:0.50036
[MOE_TRACE] Group:1 Prob:0.27054 Alpha:0.50109
[MOE_TRACE] Group:0 Prob:0.87376 Alpha:0.50036
[MOE_TRACE] Group:1 Prob:0.27054 Alpha:0.50109
[MOE_TRACE] Group:2 Prob:0.98665 Alpha:0.50013
[MOE_TRACE] Group:0 Prob:0.87203 Alpha:0.50036
[MOE_TRACE] Group:0 Prob:0.87203 Alpha:0.50036
[MOE_TRACE] Group:1 Prob:0.27853 Alpha:0.50110
[MOE_TRACE] Group:0 Prob:0.87203 Alpha:0.50036
[MOE_TRACE] Group:1 Prob:0.27853 Alpha:0.50110
[MOE_TRACE] Group:2 Prob:0.98624 Alpha:0.50014
[MOE_TRACE] Group:1 Prob:0.27853 Alpha:0.50110
[MOE_TRACE] Group:2 Prob:0.98624 Alpha:0.50014
[MOE_TRACE] Group:2 Prob:0.98624 Alpha:0.50014
[MOE_TRACE] Group:0 Prob:0.87203 Alpha:0.50036
[MOE_TRACE] Group:1 Prob:0.27853 Alpha:0.50110
[MOE_TRACE] Group:2 Prob:0.98624 Alpha:0.50014
[MOE_TRACE] Group:0 Prob:0.87353 Alpha:0.50036
[MOE_TRACE] Group:1 Prob:0.27507 Alpha:0.50110
[MOE_TRACE] Group:0 Prob:0.87353 Alpha:0.50036
[MOE_TRACE] Group:1 Prob:0.27507 Alpha:0.50110
[MOE_TRACE] Group:0 Prob:0.87353 Alpha:0.50036
[MOE_TRACE] Group:2 Prob:0.98630 Alpha:0.50014
[MOE_TRACE] Group:1 Prob:0.27507 Alpha:0.50110
[MOE_TRACE] Group:2 Prob:0.98630 Alpha:0.50014
[MOE_TRACE] Group:0 Prob:0.87353 Alpha:0.50036
[MOE_TRACE] Group:1 Prob:0.27507 Alpha:0.50110
[MOE_TRACE] Group:2 Prob:0.98630 Alpha:0.50014
[MOE_TRACE] Group:0 Prob:0.87127 Alpha:0.50036
[MOE_TRACE] Group:0 Prob:0.87127 Alpha:0.50036
[MOE_TRACE] Group:0 Prob:0.87127 Alpha:0.50036
[MOE_TRACE] Group:1 Prob:0.27469 Alpha:0.50111
[MOE_TRACE] Group:1 Prob:0.27469 Alpha:0.50111
[MOE_TRACE] Group:1 Prob:0.27469 Alpha:0.50111[MOE_TRACE] Group:2 Prob:0.98591 Alpha:0.50015

[MOE_TRACE] Group:2 Prob:0.98591 Alpha:0.50015
[MOE_TRACE] Group:2 Prob:0.98591 Alpha:0.50015
[MOE_TRACE] Group:0 Prob:0.87127 Alpha:0.50036
[MOE_TRACE] Group:1 Prob:0.27469 Alpha:0.50111
[MOE_TRACE] Group:2 Prob:0.98591 Alpha:0.50015
[MOE_TRACE] Group:0 Prob:0.87097 Alpha:0.50036
[MOE_TRACE] Group:0 Prob:0.87097 Alpha:0.50036[MOE_TRACE] Group:0 Prob:0.87097 Alpha:0.50036

[MOE_TRACE] Group:1 Prob:0.27887 Alpha:0.50111
[MOE_TRACE] Group:1 Prob:0.27887 Alpha:0.50111
[MOE_TRACE] Group:1 Prob:0.27887 Alpha:0.50111
[MOE_TRACE] Group:2 Prob:0.98545 Alpha:0.50015
[MOE_TRACE] Group:2 Prob:0.98545 Alpha:0.50015[MOE_TRACE] Group:2 Prob:0.98545 Alpha:0.50015

[MOE_TRACE] Group:0 Prob:0.87097 Alpha:0.50036
[MOE_TRACE] Group:1 Prob:0.27887 Alpha:0.50111
[MOE_TRACE] Group:2 Prob:0.98545 Alpha:0.50015
[MOE_TRACE] Group:0 Prob:0.87372 Alpha:0.50036
[MOE_TRACE] Group:0 Prob:0.87372 Alpha:0.50036
[MOE_TRACE] Group:0 Prob:0.87372 Alpha:0.50036
[MOE_TRACE] Group:1 Prob:0.26865 Alpha:0.50111
[MOE_TRACE] Group:1 Prob:0.26865 Alpha:0.50111
[MOE_TRACE] Group:1 Prob:0.26865 Alpha:0.50111
[MOE_TRACE] Group:2 Prob:0.98559 Alpha:0.50016
[MOE_TRACE] Group:2 Prob:0.98559 Alpha:0.50016
[MOE_TRACE] Group:2 Prob:0.98559 Alpha:0.50016
[MOE_TRACE] Group:0 Prob:0.87372 Alpha:0.50036
[MOE_TRACE] Group:1 Prob:0.26865 Alpha:0.50111
[MOE_TRACE] Group:2 Prob:0.98559 Alpha:0.50016
[MOE_TRACE] Group:0 Prob:0.87142 Alpha:0.50037
[MOE_TRACE] Group:1 Prob:0.27352 Alpha:0.50112
[MOE_TRACE] Group:0 Prob:0.87142 Alpha:0.50037
[MOE_TRACE] Group:1 Prob:0.27352 Alpha:0.50112
[MOE_TRACE] Group:0 Prob:0.87142 Alpha:0.50037
[MOE_TRACE] Group:1 Prob:0.27352 Alpha:0.50112
[MOE_TRACE] Group:0 Prob:0.87142 Alpha:0.50037
[MOE_TRACE] Group:1 Prob:0.27352 Alpha:0.50112
[MOE_TRACE] Group:2 Prob:0.98455 Alpha:0.50017
[MOE_TRACE] Group:0 Prob:0.86818 Alpha:0.50037
[MOE_TRACE] Group:1 Prob:0.27413 Alpha:0.50112
[MOE_TRACE] Group:0 Prob:0.86818 Alpha:0.50037
[MOE_TRACE] Group:0 Prob:0.86818 Alpha:0.50037
[MOE_TRACE] Group:1 Prob:0.27413 Alpha:0.50112[MOE_TRACE] Group:1 Prob:0.27413 Alpha:0.50112

[MOE_TRACE] Group:2 Prob:0.98403 Alpha:0.50017
[MOE_TRACE] Group:2 Prob:0.98403 Alpha:0.50017
[MOE_TRACE] Group:0 Prob:0.86818 Alpha:0.50037
[MOE_TRACE] Group:1 Prob:0.27413 Alpha:0.50112
[MOE_TRACE] Group:2 Prob:0.98403 Alpha:0.50017
[MOE_TRACE] Group:0 Prob:0.87075 Alpha:0.50037
[MOE_TRACE] Group:0 Prob:0.87075 Alpha:0.50037
[MOE_TRACE] Group:0 Prob:0.87075 Alpha:0.50037
[MOE_TRACE] Group:1 Prob:0.27194 Alpha:0.50112
[MOE_TRACE] Group:1 Prob:0.27194 Alpha:0.50112
[MOE_TRACE] Group:2 Prob:0.98416 Alpha:0.50018
[MOE_TRACE] Group:1 Prob:0.27194 Alpha:0.50112[MOE_TRACE] Group:2 Prob:0.98416 Alpha:0.50018

[MOE_TRACE] Group:2 Prob:0.98416 Alpha:0.50018
[MOE_TRACE] Group:0 Prob:0.87075 Alpha:0.50037
[MOE_TRACE] Group:1 Prob:0.27194 Alpha:0.50112
[MOE_TRACE] Group:2 Prob:0.98416 Alpha:0.50018
[MOE_TRACE] Group:0 Prob:0.87033 Alpha:0.50037
[MOE_TRACE] Group:0 Prob:0.87033 Alpha:0.50037
[MOE_TRACE] Group:1 Prob:0.27404 Alpha:0.50113
[MOE_TRACE] Group:0 Prob:0.87033 Alpha:0.50037
[MOE_TRACE] Group:1 Prob:0.27404 Alpha:0.50113
[MOE_TRACE] Group:1 Prob:0.27404 Alpha:0.50113
[MOE_TRACE] Group:0 Prob:0.87033 Alpha:0.50037
[MOE_TRACE] Group:1 Prob:0.27404 Alpha:0.50113
[MOE_TRACE] Group:2 Prob:0.98336 Alpha:0.50019
[MOE_TRACE] Group:0 Prob:0.86888 Alpha:0.50037[MOE_TRACE] Group:0 Prob:0.86888 Alpha:0.50037

[MOE_TRACE] Group:0 Prob:0.86888 Alpha:0.50037
[MOE_TRACE] Group:1 Prob:0.26881 Alpha:0.50113[MOE_TRACE] Group:1 Prob:0.26881 Alpha:0.50113

[MOE_TRACE] Group:1 Prob:0.26881 Alpha:0.50113
[MOE_TRACE] Group:0 Prob:0.86888 Alpha:0.50037
[MOE_TRACE] Group:1 Prob:0.26881 Alpha:0.50113
[MOE_TRACE] Group:2 Prob:0.98242 Alpha:0.50020
[MOE_TRACE] Group:0 Prob:0.87146 Alpha:0.50037
[MOE_TRACE] Group:0 Prob:0.87146 Alpha:0.50037
[MOE_TRACE] Group:0 Prob:0.87146 Alpha:0.50037
[MOE_TRACE] Group:1 Prob:0.27189 Alpha:0.50113
[MOE_TRACE] Group:1 Prob:0.27189 Alpha:0.50113[MOE_TRACE] Group:2 Prob:0.98230 Alpha:0.50020[MOE_TRACE] Group:1 Prob:0.27189 Alpha:0.50113


[MOE_TRACE] Group:2 Prob:0.98230 Alpha:0.50020
[MOE_TRACE] Group:2 Prob:0.98230 Alpha:0.50020
[MOE_TRACE] Group:0 Prob:0.87146 Alpha:0.50037
[MOE_TRACE] Group:1 Prob:0.27189 Alpha:0.50113
[MOE_TRACE] Group:2 Prob:0.98230 Alpha:0.50020
[MOE_TRACE] Group:0 Prob:0.86848 Alpha:0.50037
[MOE_TRACE] Group:0 Prob:0.86848 Alpha:0.50037
[MOE_TRACE] Group:1 Prob:0.26534 Alpha:0.50113
[MOE_TRACE] Group:0 Prob:0.86848 Alpha:0.50037
[MOE_TRACE] Group:1 Prob:0.26534 Alpha:0.50113
[MOE_TRACE] Group:0 Prob:0.86848 Alpha:0.50037
[MOE_TRACE] Group:1 Prob:0.26534 Alpha:0.50113
[MOE_TRACE] Group:2 Prob:0.98180 Alpha:0.50021
[MOE_TRACE] Group:0 Prob:0.87009 Alpha:0.50038
[MOE_TRACE] Group:0 Prob:0.87009 Alpha:0.50038
[MOE_TRACE] Group:1 Prob:0.26112 Alpha:0.50113
[MOE_TRACE] Group:1 Prob:0.26112 Alpha:0.50113
[MOE_TRACE] Group:0 Prob:0.87009 Alpha:0.50038
[MOE_TRACE] Group:1 Prob:0.26112 Alpha:0.50113
[MOE_TRACE] Group:0 Prob:0.87009 Alpha:0.50038
[MOE_TRACE] Group:1 Prob:0.26112 Alpha:0.50113
[MOE_TRACE] Group:2 Prob:0.98131 Alpha:0.50022
[MOE_TRACE] Group:0 Prob:0.87349 Alpha:0.50038
[MOE_TRACE] Group:1 Prob:0.27452 Alpha:0.50114
[MOE_TRACE] Group:0 Prob:0.87349 Alpha:0.50038
[MOE_TRACE] Group:1 Prob:0.27452 Alpha:0.50114
[MOE_TRACE] Group:0 Prob:0.87349 Alpha:0.50038
[MOE_TRACE] Group:1 Prob:0.27452 Alpha:0.50114
[MOE_TRACE] Group:0 Prob:0.87349 Alpha:0.50038
[MOE_TRACE] Group:1 Prob:0.27452 Alpha:0.50114
[MOE_TRACE] Group:2 Prob:0.98096 Alpha:0.50023
[MOE_TRACE] Group:0 Prob:0.87036 Alpha:0.50038
[MOE_TRACE] Group:0 Prob:0.87036 Alpha:0.50038
[MOE_TRACE] Group:0 Prob:0.87036 Alpha:0.50038[MOE_TRACE] Group:1 Prob:0.26499 Alpha:0.50114[MOE_TRACE] Group:1 Prob:0.26499 Alpha:0.50114

[MOE_TRACE] Group:2 Prob:0.98021 Alpha:0.50023[MOE_TRACE] Group:2 Prob:0.98021 Alpha:0.50023


[MOE_TRACE] Group:1 Prob:0.26499 Alpha:0.50114
[MOE_TRACE] Group:2 Prob:0.98021 Alpha:0.50023
[MOE_TRACE] Group:0 Prob:0.87036 Alpha:0.50038
[MOE_TRACE] Group:1 Prob:0.26499 Alpha:0.50114
[MOE_TRACE] Group:2 Prob:0.98021 Alpha:0.50023
[MOE_TRACE] Group:0 Prob:0.86712 Alpha:0.50038
[MOE_TRACE] Group:0 Prob:0.86712 Alpha:0.50038
[MOE_TRACE] Group:1 Prob:0.27067 Alpha:0.50115
[MOE_TRACE] Group:0 Prob:0.86712 Alpha:0.50038
[MOE_TRACE] Group:2 Prob:0.98012 Alpha:0.50024
[MOE_TRACE] Group:1 Prob:0.27067 Alpha:0.50115
[MOE_TRACE] Group:1 Prob:0.27067 Alpha:0.50115
[MOE_TRACE] Group:2 Prob:0.98012 Alpha:0.50024
[MOE_TRACE] Group:2 Prob:0.98012 Alpha:0.50024
[MOE_TRACE] Group:0 Prob:0.86712 Alpha:0.50038
[MOE_TRACE] Group:1 Prob:0.27067 Alpha:0.50115
[MOE_TRACE] Group:2 Prob:0.98012 Alpha:0.50024
[MOE_TRACE] Group:0 Prob:0.87128 Alpha:0.50038
[MOE_TRACE] Group:0 Prob:0.87128 Alpha:0.50038
[MOE_TRACE] Group:1 Prob:0.25922 Alpha:0.50115
[MOE_TRACE] Group:0 Prob:0.87128 Alpha:0.50038
[MOE_TRACE] Group:2 Prob:0.98058 Alpha:0.50024
[MOE_TRACE] Group:1 Prob:0.25922 Alpha:0.50115
[MOE_TRACE] Group:1 Prob:0.25922 Alpha:0.50115
[MOE_TRACE] Group:2 Prob:0.98058 Alpha:0.50024[MOE_TRACE] Group:2 Prob:0.98058 Alpha:0.50024

[MOE_TRACE] Group:0 Prob:0.87128 Alpha:0.50038
[MOE_TRACE] Group:1 Prob:0.25922 Alpha:0.50115
[MOE_TRACE] Group:2 Prob:0.98058 Alpha:0.50024
[MOE_TRACE] Group:0 Prob:0.86921 Alpha:0.50038
[MOE_TRACE] Group:0 Prob:0.86921 Alpha:0.50038[MOE_TRACE] Group:0 Prob:0.86921 Alpha:0.50038

[MOE_TRACE] Group:1 Prob:0.27225 Alpha:0.50115
[MOE_TRACE] Group:1 Prob:0.27225 Alpha:0.50115
[MOE_TRACE] Group:1 Prob:0.27225 Alpha:0.50115
[MOE_TRACE] Group:2 Prob:0.97918 Alpha:0.50025
[MOE_TRACE] Group:2 Prob:0.97918 Alpha:0.50025
[MOE_TRACE] Group:2 Prob:0.97918 Alpha:0.50025
[MOE_TRACE] Group:0 Prob:0.86921 Alpha:0.50038
[MOE_TRACE] Group:1 Prob:0.27225 Alpha:0.50115
[MOE_TRACE] Group:2 Prob:0.97918 Alpha:0.50025
[MOE_TRACE] Group:0 Prob:0.86819 Alpha:0.50038
[MOE_TRACE] Group:0 Prob:0.86819 Alpha:0.50038
[MOE_TRACE] Group:1 Prob:0.26471 Alpha:0.50116
[MOE_TRACE] Group:0 Prob:0.86819 Alpha:0.50038
[MOE_TRACE] Group:1 Prob:0.26471 Alpha:0.50116
[MOE_TRACE] Group:2 Prob:0.97872 Alpha:0.50025
[MOE_TRACE] Group:1 Prob:0.26471 Alpha:0.50116
[MOE_TRACE] Group:2 Prob:0.97872 Alpha:0.50025
[MOE_TRACE] Group:2 Prob:0.97872 Alpha:0.50025
[MOE_TRACE] Group:0 Prob:0.86819 Alpha:0.50038
[MOE_TRACE] Group:1 Prob:0.26471 Alpha:0.50116
[MOE_TRACE] Group:2 Prob:0.97872 Alpha:0.50025
[MOE_TRACE] Group:0 Prob:0.86712 Alpha:0.50038[MOE_TRACE] Group:0 Prob:0.86712 Alpha:0.50038

[MOE_TRACE] Group:0 Prob:0.86712 Alpha:0.50038
[MOE_TRACE] Group:1 Prob:0.27288 Alpha:0.50116
[MOE_TRACE] Group:2 Prob:0.97915 Alpha:0.50025
[MOE_TRACE] Group:0 Prob:0.86881 Alpha:0.50038[MOE_TRACE] Group:0 Prob:0.86881 Alpha:0.50038

[MOE_TRACE] Group:1 Prob:0.25434 Alpha:0.50116
[MOE_TRACE] Group:1 Prob:0.25434 Alpha:0.50116
[MOE_TRACE] Group:0 Prob:0.86881 Alpha:0.50038
[MOE_TRACE] Group:1 Prob:0.25434 Alpha:0.50116
[MOE_TRACE] Group:2 Prob:0.97914 Alpha:0.50025
[MOE_TRACE] Group:0 Prob:0.86881 Alpha:0.50038
[MOE_TRACE] Group:1 Prob:0.25434 Alpha:0.50116
[MOE_TRACE] Group:2 Prob:0.97914 Alpha:0.50025
[MOE_TRACE] Group:0 Prob:0.87049 Alpha:0.50039
[MOE_TRACE] Group:0 Prob:0.87049 Alpha:0.50039
[MOE_TRACE] Group:1 Prob:0.26234 Alpha:0.50117
[MOE_TRACE] Group:2 Prob:0.97842 Alpha:0.50026
[MOE_TRACE] Group:1 Prob:0.26234 Alpha:0.50117
[MOE_TRACE] Group:0 Prob:0.87049 Alpha:0.50039
[MOE_TRACE] Group:2 Prob:0.97842 Alpha:0.50026
[MOE_TRACE] Group:1 Prob:0.26234 Alpha:0.50117
[MOE_TRACE] Group:2 Prob:0.97842 Alpha:0.50026
[MOE_TRACE] Group:0 Prob:0.87049 Alpha:0.50039
[MOE_TRACE] Group:1 Prob:0.26234 Alpha:0.50117
[MOE_TRACE] Group:2 Prob:0.97842 Alpha:0.50026
[MOE_TRACE] Group:0 Prob:0.86909 Alpha:0.50039
[MOE_TRACE] Group:0 Prob:0.86909 Alpha:0.50039
[MOE_TRACE] Group:1 Prob:0.27829 Alpha:0.50117
[MOE_TRACE] Group:0 Prob:0.86909 Alpha:0.50039
[MOE_TRACE] Group:2 Prob:0.97689 Alpha:0.50027
[MOE_TRACE] Group:1 Prob:0.27829 Alpha:0.50117
[MOE_TRACE] Group:1 Prob:0.27829 Alpha:0.50117
[MOE_TRACE] Group:2 Prob:0.97689 Alpha:0.50027
[MOE_TRACE] Group:2 Prob:0.97689 Alpha:0.50027
[MOE_TRACE] Group:0 Prob:0.86909 Alpha:0.50039
[MOE_TRACE] Group:1 Prob:0.27829 Alpha:0.50117
[MOE_TRACE] Group:2 Prob:0.97689 Alpha:0.50027
[MOE_TRACE] Group:0 Prob:0.86617 Alpha:0.50039
[MOE_TRACE] Group:0 Prob:0.86617 Alpha:0.50039
[MOE_TRACE] Group:0 Prob:0.86617 Alpha:0.50039
[MOE_TRACE] Group:1 Prob:0.27690 Alpha:0.50117
[MOE_TRACE] Group:1 Prob:0.27690 Alpha:0.50117
[MOE_TRACE] Group:1 Prob:0.27690 Alpha:0.50117
[MOE_TRACE] Group:2 Prob:0.97704 Alpha:0.50027[MOE_TRACE] Group:2 Prob:0.97704 Alpha:0.50027

[MOE_TRACE] Group:0 Prob:0.86617 Alpha:0.50039
[MOE_TRACE] Group:1 Prob:0.27690 Alpha:0.50117
[MOE_TRACE] Group:2 Prob:0.97704 Alpha:0.50027
[MOE_TRACE] Group:2 Prob:0.97704 Alpha:0.50027
[MOE_TRACE] Group:0 Prob:0.86486 Alpha:0.50039[MOE_TRACE] Group:0 Prob:0.86486 Alpha:0.50039

[MOE_TRACE] Group:0 Prob:0.86486 Alpha:0.50039
[MOE_TRACE] Group:1 Prob:0.27947 Alpha:0.50117
[MOE_TRACE] Group:1 Prob:0.27947 Alpha:0.50117
[MOE_TRACE] Group:1 Prob:0.27947 Alpha:0.50117
[MOE_TRACE] Group:2 Prob:0.97792 Alpha:0.50027
[MOE_TRACE] Group:2 Prob:0.97792 Alpha:0.50027
[MOE_TRACE] Group:2 Prob:0.97792 Alpha:0.50027
[MOE_TRACE] Group:0 Prob:0.86486 Alpha:0.50039
[MOE_TRACE] Group:1 Prob:0.27947 Alpha:0.50117
[MOE_TRACE] Group:2 Prob:0.97792 Alpha:0.50027
[MOE_TRACE] Group:0 Prob:0.86336 Alpha:0.50039
[MOE_TRACE] Group:0 Prob:0.86336 Alpha:0.50039
[MOE_TRACE] Group:1 Prob:0.26590 Alpha:0.50117
[MOE_TRACE] Group:1 Prob:0.26590 Alpha:0.50117
[MOE_TRACE] Group:0 Prob:0.86336 Alpha:0.50039[MOE_TRACE] Group:2 Prob:0.97709 Alpha:0.50028

[MOE_TRACE] Group:2 Prob:0.97709 Alpha:0.50028
[MOE_TRACE] Group:1 Prob:0.26590 Alpha:0.50117
[MOE_TRACE] Group:2 Prob:0.97709 Alpha:0.50028
[MOE_TRACE] Group:0 Prob:0.86336 Alpha:0.50039
[MOE_TRACE] Group:1 Prob:0.26590 Alpha:0.50117
[MOE_TRACE] Group:2 Prob:0.97709 Alpha:0.50028
[MOE_TRACE] Group:0 Prob:0.86854 Alpha:0.50039
[MOE_TRACE] Group:1 Prob:0.25383 Alpha:0.50117
[MOE_TRACE] Group:0 Prob:0.86854 Alpha:0.50039
[MOE_TRACE] Group:2 Prob:0.97635 Alpha:0.50028
[MOE_TRACE] Group:0 Prob:0.86854 Alpha:0.50039
[MOE_TRACE] Group:1 Prob:0.25383 Alpha:0.50117
[MOE_TRACE] Group:2 Prob:0.97635 Alpha:0.50028
[MOE_TRACE] Group:1 Prob:0.25383 Alpha:0.50117
[MOE_TRACE] Group:2 Prob:0.97635 Alpha:0.50028
[MOE_TRACE] Group:0 Prob:0.86854 Alpha:0.50039
[MOE_TRACE] Group:1 Prob:0.25383 Alpha:0.50117
[MOE_TRACE] Group:2 Prob:0.97635 Alpha:0.50028
[MOE_TRACE] Group:0 Prob:0.86369 Alpha:0.50040
[MOE_TRACE] Group:1 Prob:0.26258 Alpha:0.50118
[MOE_TRACE] Group:2 Prob:0.97558 Alpha:0.50029
[MOE_TRACE] Group:0 Prob:0.86369 Alpha:0.50040
[MOE_TRACE] Group:0 Prob:0.86369 Alpha:0.50040
[MOE_TRACE] Group:1 Prob:0.26258 Alpha:0.50118
[MOE_TRACE] Group:1 Prob:0.26258 Alpha:0.50118
[MOE_TRACE] Group:2 Prob:0.97558 Alpha:0.50029
[MOE_TRACE] Group:2 Prob:0.97558 Alpha:0.50029
[MOE_TRACE] Group:0 Prob:0.86369 Alpha:0.50040
[MOE_TRACE] Group:1 Prob:0.26258 Alpha:0.50118
[MOE_TRACE] Group:2 Prob:0.97558 Alpha:0.50029
[MOE_TRACE] Group:0 Prob:0.86517 Alpha:0.50040
[MOE_TRACE] Group:0 Prob:0.86517 Alpha:0.50040
[MOE_TRACE] Group:1 Prob:0.26389 Alpha:0.50118
[MOE_TRACE] Group:1 Prob:0.26389 Alpha:0.50118
[MOE_TRACE] Group:0 Prob:0.86517 Alpha:0.50040
[MOE_TRACE] Group:1 Prob:0.26389 Alpha:0.50118
[MOE_TRACE] Group:2 Prob:0.97479 Alpha:0.50030
[MOE_TRACE] Group:0 Prob:0.86517 Alpha:0.50040
[MOE_TRACE] Group:1 Prob:0.26389 Alpha:0.50118
[MOE_TRACE] Group:2 Prob:0.97479 Alpha:0.50030
[MOE_TRACE] Group:0 Prob:0.86647 Alpha:0.50040
[MOE_TRACE] Group:0 Prob:0.86647 Alpha:0.50040
[MOE_TRACE] Group:1 Prob:0.25114 Alpha:0.50118[MOE_TRACE] Group:1 Prob:0.25114 Alpha:0.50118

[MOE_TRACE] Group:2 Prob:0.97443 Alpha:0.50030
[MOE_TRACE] Group:0 Prob:0.86647 Alpha:0.50040[MOE_TRACE] Group:2 Prob:0.97443 Alpha:0.50030

[MOE_TRACE] Group:1 Prob:0.25114 Alpha:0.50118
[MOE_TRACE] Group:2 Prob:0.97443 Alpha:0.50030
[MOE_TRACE] Group:0 Prob:0.86647 Alpha:0.50040
[MOE_TRACE] Group:1 Prob:0.25114 Alpha:0.50118
[MOE_TRACE] Group:2 Prob:0.97443 Alpha:0.50030
[MOE_TRACE] Group:0 Prob:0.87056 Alpha:0.50039
[MOE_TRACE] Group:1 Prob:0.27919 Alpha:0.50119
[MOE_TRACE] Group:0 Prob:0.87056 Alpha:0.50039
[MOE_TRACE] Group:1 Prob:0.27919 Alpha:0.50119
[MOE_TRACE] Group:0 Prob:0.87056 Alpha:0.50039
[MOE_TRACE] Group:1 Prob:0.27919 Alpha:0.50119
[MOE_TRACE] Group:0 Prob:0.87056 Alpha:0.50039
[MOE_TRACE] Group:1 Prob:0.27919 Alpha:0.50119
[MOE_TRACE] Group:2 Prob:0.97483 Alpha:0.50030
[MOE_TRACE] Group:0 Prob:0.86351 Alpha:0.50039[MOE_TRACE] Group:0 Prob:0.86351 Alpha:0.50039

[MOE_TRACE] Group:0 Prob:0.86351 Alpha:0.50039
[MOE_TRACE] Group:1 Prob:0.27250 Alpha:0.50119
[MOE_TRACE] Group:1 Prob:0.27250 Alpha:0.50119
[MOE_TRACE] Group:1 Prob:0.27250 Alpha:0.50119
[MOE_TRACE] Group:2 Prob:0.97380 Alpha:0.50031
[MOE_TRACE] Group:2 Prob:0.97380 Alpha:0.50031[MOE_TRACE] Group:2 Prob:0.97380 Alpha:0.50031

[MOE_TRACE] Group:0 Prob:0.86351 Alpha:0.50039
[MOE_TRACE] Group:1 Prob:0.27250 Alpha:0.50119
[MOE_TRACE] Group:2 Prob:0.97380 Alpha:0.50031
[MOE_TRACE] Group:0 Prob:0.86798 Alpha:0.50039[MOE_TRACE] Group:0 Prob:0.86798 Alpha:0.50039

[MOE_TRACE] Group:1 Prob:0.25522 Alpha:0.50119[MOE_TRACE] Group:1 Prob:0.25522 Alpha:0.50119

[MOE_TRACE] Group:0 Prob:0.86798 Alpha:0.50039
[MOE_TRACE] Group:2 Prob:0.97308 Alpha:0.50032[MOE_TRACE] Group:2 Prob:0.97308 Alpha:0.50032

[MOE_TRACE] Group:1 Prob:0.25522 Alpha:0.50119
[MOE_TRACE] Group:2 Prob:0.97308 Alpha:0.50032
[MOE_TRACE] Group:0 Prob:0.86798 Alpha:0.50039
[MOE_TRACE] Group:1 Prob:0.25522 Alpha:0.50119
[MOE_TRACE] Group:2 Prob:0.97308 Alpha:0.50032
[MOE_TRACE] Group:0 Prob:0.86608 Alpha:0.50039
[MOE_TRACE] Group:0 Prob:0.86608 Alpha:0.50039
[MOE_TRACE] Group:0 Prob:0.86608 Alpha:0.50039
[MOE_TRACE] Group:1 Prob:0.26088 Alpha:0.50120[MOE_TRACE] Group:1 Prob:0.26088 Alpha:0.50120

[MOE_TRACE] Group:1 Prob:0.26088 Alpha:0.50120
[MOE_TRACE] Group:2 Prob:0.97249 Alpha:0.50032
[MOE_TRACE] Group:2 Prob:0.97249 Alpha:0.50032
[MOE_TRACE] Group:2 Prob:0.97249 Alpha:0.50032
[MOE_TRACE] Group:0 Prob:0.86608 Alpha:0.50039
[MOE_TRACE] Group:1 Prob:0.26088 Alpha:0.50120
[MOE_TRACE] Group:2 Prob:0.97249 Alpha:0.50032
[MOE_TRACE] Group:0 Prob:0.86408 Alpha:0.50039
[MOE_TRACE] Group:1 Prob:0.25971 Alpha:0.50120
[MOE_TRACE] Group:0 Prob:0.86408 Alpha:0.50039
[MOE_TRACE] Group:1 Prob:0.25971 Alpha:0.50120
[MOE_TRACE] Group:2 Prob:0.97196 Alpha:0.50033
[MOE_TRACE] Group:0 Prob:0.86408 Alpha:0.50039
[MOE_TRACE] Group:1 Prob:0.25971 Alpha:0.50120
[MOE_TRACE] Group:2 Prob:0.97196 Alpha:0.50033
[MOE_TRACE] Group:0 Prob:0.86408 Alpha:0.50039
[MOE_TRACE] Group:1 Prob:0.25971 Alpha:0.50120
[MOE_TRACE] Group:2 Prob:0.97196 Alpha:0.50033
[MOE_TRACE] Group:0 Prob:0.86853 Alpha:0.50039
[MOE_TRACE] Group:1 Prob:0.27418 Alpha:0.50120
[MOE_TRACE] Group:0 Prob:0.86853 Alpha:0.50039
[MOE_TRACE] Group:2 Prob:0.97253 Alpha:0.50033
[MOE_TRACE] Group:0 Prob:0.86853 Alpha:0.50039
[MOE_TRACE] Group:1 Prob:0.27418 Alpha:0.50120
[MOE_TRACE] Group:2 Prob:0.97253 Alpha:0.50033
[MOE_TRACE] Group:1 Prob:0.27418 Alpha:0.50120
[MOE_TRACE] Group:0 Prob:0.86853 Alpha:0.50039
[MOE_TRACE] Group:2 Prob:0.97253 Alpha:0.50033
[MOE_TRACE] Group:1 Prob:0.27418 Alpha:0.50120
[MOE_TRACE] Group:2 Prob:0.97253 Alpha:0.50033
[MOE_TRACE] Group:0 Prob:0.87102 Alpha:0.50039
[MOE_TRACE] Group:1 Prob:0.25743 Alpha:0.50121
[MOE_TRACE] Group:0 Prob:0.87102 Alpha:0.50039
[MOE_TRACE] Group:0 Prob:0.87102 Alpha:0.50039
[MOE_TRACE] Group:2 Prob:0.97226 Alpha:0.50033
[MOE_TRACE] Group:1 Prob:0.25743 Alpha:0.50121[MOE_TRACE] Group:1 Prob:0.25743 Alpha:0.50121

[MOE_TRACE] Group:2 Prob:0.97226 Alpha:0.50033[MOE_TRACE] Group:2 Prob:0.97226 Alpha:0.50033

[MOE_TRACE] Group:0 Prob:0.87102 Alpha:0.50039
[MOE_TRACE] Group:1 Prob:0.25743 Alpha:0.50121
[MOE_TRACE] Group:2 Prob:0.97226 Alpha:0.50033
[MOE_TRACE] Group:0 Prob:0.86958 Alpha:0.50039
[MOE_TRACE] Group:0 Prob:0.86958 Alpha:0.50039
[MOE_TRACE] Group:1 Prob:0.25827 Alpha:0.50121
[MOE_TRACE] Group:2 Prob:0.97054 Alpha:0.50034
[MOE_TRACE] Group:2 Prob:0.97054 Alpha:0.50034
[MOE_TRACE] Group:0 Prob:0.86958 Alpha:0.50039
[MOE_TRACE] Group:1 Prob:0.25827 Alpha:0.50121
[MOE_TRACE] Group:2 Prob:0.97032 Alpha:0.50034
[MOE_TRACE] Group:0 Prob:0.86958 Alpha:0.50039
[MOE_TRACE] Group:1 Prob:0.25827 Alpha:0.50121
[MOE_TRACE] Group:2 Prob:0.97032 Alpha:0.50034
[MOE_TRACE] Group:0 Prob:0.86708 Alpha:0.50039[MOE_TRACE] Group:0 Prob:0.86708 Alpha:0.50039

[MOE_TRACE] Group:1 Prob:0.27123 Alpha:0.50121
[MOE_TRACE] Group:1 Prob:0.27123 Alpha:0.50121
[MOE_TRACE] Group:0 Prob:0.86708 Alpha:0.50039
[MOE_TRACE] Group:1 Prob:0.27123 Alpha:0.50121
[MOE_TRACE] Group:0 Prob:0.86708 Alpha:0.50039
[MOE_TRACE] Group:1 Prob:0.27123 Alpha:0.50121
[MOE_TRACE] Group:2 Prob:0.97007 Alpha:0.50035
[MOE_TRACE] Group:0 Prob:0.86978 Alpha:0.50039
[MOE_TRACE] Group:0 Prob:0.86978 Alpha:0.50039
[MOE_TRACE] Group:0 Prob:0.86978 Alpha:0.50039
[MOE_TRACE] Group:1 Prob:0.26002 Alpha:0.50121
[MOE_TRACE] Group:1 Prob:0.26002 Alpha:0.50121
[MOE_TRACE] Group:2 Prob:0.96831 Alpha:0.50036
[MOE_TRACE] Group:1 Prob:0.26002 Alpha:0.50121
[MOE_TRACE] Group:2 Prob:0.96831 Alpha:0.50036
[MOE_TRACE] Group:2 Prob:0.96831 Alpha:0.50036
[MOE_TRACE] Group:0 Prob:0.86978 Alpha:0.50039
[MOE_TRACE] Group:1 Prob:0.26002 Alpha:0.50121
[MOE_TRACE] Group:2 Prob:0.96831 Alpha:0.50036
[MOE_TRACE] Group:0 Prob:0.86486 Alpha:0.50039
[MOE_TRACE] Group:0 Prob:0.86486 Alpha:0.50039
[MOE_TRACE] Group:0 Prob:0.86486 Alpha:0.50039
[MOE_TRACE] Group:1 Prob:0.26883 Alpha:0.50121[MOE_TRACE] Group:1 Prob:0.26883 Alpha:0.50121

[MOE_TRACE] Group:1 Prob:0.26883 Alpha:0.50121
[MOE_TRACE] Group:2 Prob:0.96801 Alpha:0.50037
[MOE_TRACE] Group:2 Prob:0.96801 Alpha:0.50037
[MOE_TRACE] Group:2 Prob:0.96801 Alpha:0.50037
[MOE_TRACE] Group:0 Prob:0.86486 Alpha:0.50039
[MOE_TRACE] Group:1 Prob:0.26883 Alpha:0.50121
[MOE_TRACE] Group:2 Prob:0.96801 Alpha:0.50037
[MOE_TRACE] Group:0 Prob:0.85999 Alpha:0.50040[MOE_TRACE] Group:0 Prob:0.85999 Alpha:0.50040
[MOE_TRACE] Group:0 Prob:0.85999 Alpha:0.50040

[MOE_TRACE] Group:1 Prob:0.25666 Alpha:0.50122
[MOE_TRACE] Group:1 Prob:0.25666 Alpha:0.50122
[MOE_TRACE] Group:1 Prob:0.25666 Alpha:0.50122
[MOE_TRACE] Group:2 Prob:0.96800 Alpha:0.50038
[MOE_TRACE] Group:2 Prob:0.96800 Alpha:0.50038
[MOE_TRACE] Group:2 Prob:0.96800 Alpha:0.50038
[MOE_TRACE] Group:0 Prob:0.85999 Alpha:0.50040
[MOE_TRACE] Group:1 Prob:0.25666 Alpha:0.50122
[MOE_TRACE] Group:2 Prob:0.96800 Alpha:0.50038
[MOE_TRACE] Group:0 Prob:0.86430 Alpha:0.50040
[MOE_TRACE] Group:0 Prob:0.86430 Alpha:0.50040
[MOE_TRACE] Group:0 Prob:0.86430 Alpha:0.50040
[MOE_TRACE] Group:1 Prob:0.24842 Alpha:0.50122
[MOE_TRACE] Group:1 Prob:0.24842 Alpha:0.50122
[MOE_TRACE] Group:1 Prob:0.24842 Alpha:0.50122
[MOE_TRACE] Group:2 Prob:0.96745 Alpha:0.50038
[MOE_TRACE] Group:2 Prob:0.96745 Alpha:0.50038
[MOE_TRACE] Group:2 Prob:0.96745 Alpha:0.50038
[MOE_TRACE] Group:0 Prob:0.86430 Alpha:0.50040
[MOE_TRACE] Group:1 Prob:0.24842 Alpha:0.50122
[MOE_TRACE] Group:2 Prob:0.96745 Alpha:0.50038
[MOE_TRACE] Group:0 Prob:0.86453 Alpha:0.50040
[MOE_TRACE] Group:0 Prob:0.86453 Alpha:0.50040
[MOE_TRACE] Group:1 Prob:0.26195 Alpha:0.50122
[MOE_TRACE] Group:0 Prob:0.86453 Alpha:0.50040[MOE_TRACE] Group:1 Prob:0.26195 Alpha:0.50122

[MOE_TRACE] Group:1 Prob:0.26195 Alpha:0.50122
[MOE_TRACE] Group:0 Prob:0.86453 Alpha:0.50040
[MOE_TRACE] Group:1 Prob:0.26195 Alpha:0.50122
[MOE_TRACE] Group:2 Prob:0.96550 Alpha:0.50039
[MOE_TRACE] Group:0 Prob:0.86739 Alpha:0.50040
[MOE_TRACE] Group:1 Prob:0.26035 Alpha:0.50123
[MOE_TRACE] Group:0 Prob:0.86739 Alpha:0.50040
[MOE_TRACE] Group:1 Prob:0.26035 Alpha:0.50123
[MOE_TRACE] Group:0 Prob:0.86739 Alpha:0.50040
[MOE_TRACE] Group:1 Prob:0.26035 Alpha:0.50123
[MOE_TRACE] Group:2 Prob:0.96484 Alpha:0.50039
[MOE_TRACE] Group:0 Prob:0.86739 Alpha:0.50040
[MOE_TRACE] Group:1 Prob:0.26035 Alpha:0.50123
[MOE_TRACE] Group:2 Prob:0.96484 Alpha:0.50039
[MOE_TRACE] Group:0 Prob:0.86519 Alpha:0.50040
[MOE_TRACE] Group:0 Prob:0.86519 Alpha:0.50040
[MOE_TRACE] Group:0 Prob:0.86519 Alpha:0.50040
[MOE_TRACE] Group:1 Prob:0.25029 Alpha:0.50123
[MOE_TRACE] Group:1 Prob:0.25029 Alpha:0.50123[MOE_TRACE] Group:1 Prob:0.25029 Alpha:0.50123

[MOE_TRACE] Group:2 Prob:0.96338 Alpha:0.50040
[MOE_TRACE] Group:2 Prob:0.96338 Alpha:0.50040
[MOE_TRACE] Group:2 Prob:0.96338 Alpha:0.50040
[MOE_TRACE] Group:0 Prob:0.86519 Alpha:0.50040
[MOE_TRACE] Group:1 Prob:0.25029 Alpha:0.50123
[MOE_TRACE] Group:2 Prob:0.96338 Alpha:0.50040
[MOE_TRACE] Group:0 Prob:0.86700 Alpha:0.50040
[MOE_TRACE] Group:0 Prob:0.86700 Alpha:0.50040
[MOE_TRACE] Group:1 Prob:0.25483 Alpha:0.50124
[MOE_TRACE] Group:1 Prob:0.25483 Alpha:0.50124
[MOE_TRACE] Group:0 Prob:0.86700 Alpha:0.50040
[MOE_TRACE] Group:2 Prob:0.96279 Alpha:0.50041
[MOE_TRACE] Group:2 Prob:0.96279 Alpha:0.50041
[MOE_TRACE] Group:1 Prob:0.25483 Alpha:0.50124
[MOE_TRACE] Group:2 Prob:0.96279 Alpha:0.50041
[MOE_TRACE] Group:0 Prob:0.86700 Alpha:0.50040
[MOE_TRACE] Group:1 Prob:0.25483 Alpha:0.50124
[MOE_TRACE] Group:2 Prob:0.96279 Alpha:0.50041
[MOE_TRACE] Group:0 Prob:0.86774 Alpha:0.50040
[MOE_TRACE] Group:0 Prob:0.86774 Alpha:0.50040
[MOE_TRACE] Group:0 Prob:0.86774 Alpha:0.50040
[MOE_TRACE] Group:1 Prob:0.25875 Alpha:0.50125[MOE_TRACE] Group:1 Prob:0.25875 Alpha:0.50125

[MOE_TRACE] Group:1 Prob:0.25875 Alpha:0.50125
[MOE_TRACE] Group:0 Prob:0.86774 Alpha:0.50040
[MOE_TRACE] Group:1 Prob:0.25875 Alpha:0.50125
[MOE_TRACE] Group:2 Prob:0.96199 Alpha:0.50042
[MOE_TRACE] Group:0 Prob:0.86457 Alpha:0.50039
[MOE_TRACE] Group:0 Prob:0.86457 Alpha:0.50039
[MOE_TRACE] Group:0 Prob:0.86457 Alpha:0.50039
[MOE_TRACE] Group:1 Prob:0.25849 Alpha:0.50125
[MOE_TRACE] Group:1 Prob:0.25849 Alpha:0.50125[MOE_TRACE] Group:1 Prob:0.25849 Alpha:0.50125

[MOE_TRACE] Group:2 Prob:0.96175 Alpha:0.50042
[MOE_TRACE] Group:2 Prob:0.96175 Alpha:0.50042
[MOE_TRACE] Group:2 Prob:0.96175 Alpha:0.50042
[MOE_TRACE] Group:0 Prob:0.86457 Alpha:0.50039
[MOE_TRACE] Group:1 Prob:0.25849 Alpha:0.50125
[MOE_TRACE] Group:2 Prob:0.96175 Alpha:0.50042
[MOE_TRACE] Group:0 Prob:0.86812 Alpha:0.50039[MOE_TRACE] Group:0 Prob:0.86812 Alpha:0.50039

[MOE_TRACE] Group:1 Prob:0.25727 Alpha:0.50125[MOE_TRACE] Group:1 Prob:0.25727 Alpha:0.50125

[MOE_TRACE] Group:0 Prob:0.86812 Alpha:0.50039
[MOE_TRACE] Group:1 Prob:0.25727 Alpha:0.50125
[MOE_TRACE] Group:0 Prob:0.86812 Alpha:0.50039
[MOE_TRACE] Group:1 Prob:0.25727 Alpha:0.50125
[MOE_TRACE] Group:2 Prob:0.96263 Alpha:0.50042
[MOE_TRACE] Group:0 Prob:0.86534 Alpha:0.50039
[MOE_TRACE] Group:0 Prob:0.86534 Alpha:0.50039
[MOE_TRACE] Group:1 Prob:0.23900 Alpha:0.50126
[MOE_TRACE] Group:1 Prob:0.23900 Alpha:0.50126
[MOE_TRACE] Group:2 Prob:0.96199 Alpha:0.50042
[MOE_TRACE] Group:0 Prob:0.86534 Alpha:0.50039
[MOE_TRACE] Group:2 Prob:0.96199 Alpha:0.50042
[MOE_TRACE] Group:1 Prob:0.23900 Alpha:0.50126
[MOE_TRACE] Group:2 Prob:0.96199 Alpha:0.50042
[MOE_TRACE] Group:0 Prob:0.86534 Alpha:0.50039
[MOE_TRACE] Group:1 Prob:0.23900 Alpha:0.50126
[MOE_TRACE] Group:2 Prob:0.96199 Alpha:0.50042
[MOE_TRACE] Group:0 Prob:0.86519 Alpha:0.50040[MOE_TRACE] Group:0 Prob:0.86519 Alpha:0.50040

[MOE_TRACE] Group:1 Prob:0.25530 Alpha:0.50126[MOE_TRACE] Group:1 Prob:0.25530 Alpha:0.50126

[MOE_TRACE] Group:0 Prob:0.86519 Alpha:0.50040
[MOE_TRACE] Group:1 Prob:0.25530 Alpha:0.50126
[MOE_TRACE] Group:0 Prob:0.86519 Alpha:0.50040
[MOE_TRACE] Group:1 Prob:0.25530 Alpha:0.50126
[MOE_TRACE] Group:2 Prob:0.96100 Alpha:0.50043
	iters: 100, epoch: 4 | loss: 0.4429681
	speed: 5.2155s/iter; left time: 4813.9495s
[MOE_TRACE] Group:0 Prob:0.86337 Alpha:0.50040
[MOE_TRACE] Group:0 Prob:0.86337 Alpha:0.50040
[MOE_TRACE] Group:1 Prob:0.25791 Alpha:0.50126
[MOE_TRACE] Group:0 Prob:0.86337 Alpha:0.50040[MOE_TRACE] Group:1 Prob:0.25791 Alpha:0.50126

[MOE_TRACE] Group:2 Prob:0.96007 Alpha:0.50043
[MOE_TRACE] Group:1 Prob:0.25791 Alpha:0.50126
[MOE_TRACE] Group:2 Prob:0.96007 Alpha:0.50043
[MOE_TRACE] Group:2 Prob:0.96007 Alpha:0.50043
[MOE_TRACE] Group:0 Prob:0.86337 Alpha:0.50040
[MOE_TRACE] Group:1 Prob:0.25791 Alpha:0.50126
[MOE_TRACE] Group:2 Prob:0.96007 Alpha:0.50043
[MOE_TRACE] Group:0 Prob:0.86220 Alpha:0.50040
[MOE_TRACE] Group:0 Prob:0.86220 Alpha:0.50040[MOE_TRACE] Group:0 Prob:0.86220 Alpha:0.50040

[MOE_TRACE] Group:1 Prob:0.24989 Alpha:0.50127[MOE_TRACE] Group:1 Prob:0.24989 Alpha:0.50127

[MOE_TRACE] Group:1 Prob:0.24989 Alpha:0.50127
[MOE_TRACE] Group:2 Prob:0.95828 Alpha:0.50044
[MOE_TRACE] Group:2 Prob:0.95828 Alpha:0.50044
[MOE_TRACE] Group:2 Prob:0.95828 Alpha:0.50044
[MOE_TRACE] Group:0 Prob:0.86220 Alpha:0.50040
[MOE_TRACE] Group:1 Prob:0.24989 Alpha:0.50127
[MOE_TRACE] Group:2 Prob:0.95828 Alpha:0.50044
[MOE_TRACE] Group:0 Prob:0.86076 Alpha:0.50040
[MOE_TRACE] Group:1 Prob:0.25165 Alpha:0.50127
[MOE_TRACE] Group:0 Prob:0.86076 Alpha:0.50040
[MOE_TRACE] Group:0 Prob:0.86076 Alpha:0.50040
[MOE_TRACE] Group:1 Prob:0.25165 Alpha:0.50127
[MOE_TRACE] Group:1 Prob:0.25165 Alpha:0.50127
[MOE_TRACE] Group:2 Prob:0.95668 Alpha:0.50045
[MOE_TRACE] Group:2 Prob:0.95668 Alpha:0.50045
[MOE_TRACE] Group:0 Prob:0.86076 Alpha:0.50040
[MOE_TRACE] Group:1 Prob:0.25165 Alpha:0.50127
[MOE_TRACE] Group:2 Prob:0.95668 Alpha:0.50045
[MOE_TRACE] Group:0 Prob:0.86475 Alpha:0.50040
[MOE_TRACE] Group:0 Prob:0.86475 Alpha:0.50040
[MOE_TRACE] Group:1 Prob:0.24575 Alpha:0.50127
[MOE_TRACE] Group:1 Prob:0.24575 Alpha:0.50127
[MOE_TRACE] Group:2 Prob:0.95690 Alpha:0.50045
[MOE_TRACE] Group:0 Prob:0.86475 Alpha:0.50040
[MOE_TRACE] Group:2 Prob:0.95690 Alpha:0.50045
[MOE_TRACE] Group:1 Prob:0.24575 Alpha:0.50127
[MOE_TRACE] Group:2 Prob:0.95690 Alpha:0.50045
[MOE_TRACE] Group:0 Prob:0.86475 Alpha:0.50040
[MOE_TRACE] Group:1 Prob:0.24575 Alpha:0.50127
[MOE_TRACE] Group:2 Prob:0.95690 Alpha:0.50045
[MOE_TRACE] Group:0 Prob:0.87076 Alpha:0.50040
[MOE_TRACE] Group:1 Prob:0.25799 Alpha:0.50127
[MOE_TRACE] Group:0 Prob:0.87076 Alpha:0.50040
[MOE_TRACE] Group:1 Prob:0.25799 Alpha:0.50127
[MOE_TRACE] Group:0 Prob:0.87076 Alpha:0.50040
[MOE_TRACE] Group:1 Prob:0.25799 Alpha:0.50127
[MOE_TRACE] Group:2 Prob:0.95707 Alpha:0.50045
[MOE_TRACE] Group:0 Prob:0.87076 Alpha:0.50040
[MOE_TRACE] Group:1 Prob:0.25799 Alpha:0.50127
[MOE_TRACE] Group:2 Prob:0.95707 Alpha:0.50045
[MOE_TRACE] Group:0 Prob:0.86294 Alpha:0.50040[MOE_TRACE] Group:0 Prob:0.86294 Alpha:0.50040

[MOE_TRACE] Group:1 Prob:0.25091 Alpha:0.50127
[MOE_TRACE] Group:1 Prob:0.25091 Alpha:0.50127
[MOE_TRACE] Group:0 Prob:0.86294 Alpha:0.50040
[MOE_TRACE] Group:2 Prob:0.95599 Alpha:0.50045
[MOE_TRACE] Group:2 Prob:0.95599 Alpha:0.50045
[MOE_TRACE] Group:1 Prob:0.25091 Alpha:0.50127
[MOE_TRACE] Group:2 Prob:0.95599 Alpha:0.50045
[MOE_TRACE] Group:0 Prob:0.86294 Alpha:0.50040
[MOE_TRACE] Group:1 Prob:0.25091 Alpha:0.50127
[MOE_TRACE] Group:2 Prob:0.95599 Alpha:0.50045
[MOE_TRACE] Group:0 Prob:0.86614 Alpha:0.50040
[MOE_TRACE] Group:0 Prob:0.86614 Alpha:0.50040
[MOE_TRACE] Group:1 Prob:0.26329 Alpha:0.50128
[MOE_TRACE] Group:1 Prob:0.26329 Alpha:0.50128
[MOE_TRACE] Group:0 Prob:0.86614 Alpha:0.50040
[MOE_TRACE] Group:1 Prob:0.26329 Alpha:0.50128
[MOE_TRACE] Group:2 Prob:0.95669 Alpha:0.50045
[MOE_TRACE] Group:0 Prob:0.86614 Alpha:0.50040
[MOE_TRACE] Group:1 Prob:0.26329 Alpha:0.50128
[MOE_TRACE] Group:2 Prob:0.95669 Alpha:0.50045
[MOE_TRACE] Group:0 Prob:0.86495 Alpha:0.50040[MOE_TRACE] Group:0 Prob:0.86495 Alpha:0.50040

[MOE_TRACE] Group:1 Prob:0.24739 Alpha:0.50128
[MOE_TRACE] Group:0 Prob:0.86495 Alpha:0.50040[MOE_TRACE] Group:1 Prob:0.24739 Alpha:0.50128

[MOE_TRACE] Group:2 Prob:0.95723 Alpha:0.50045
[MOE_TRACE] Group:2 Prob:0.95723 Alpha:0.50045
[MOE_TRACE] Group:1 Prob:0.24739 Alpha:0.50128
[MOE_TRACE] Group:2 Prob:0.95723 Alpha:0.50045
[MOE_TRACE] Group:0 Prob:0.86495 Alpha:0.50040
[MOE_TRACE] Group:1 Prob:0.24739 Alpha:0.50128
[MOE_TRACE] Group:2 Prob:0.95723 Alpha:0.50045
[MOE_TRACE] Group:0 Prob:0.86291 Alpha:0.50040[MOE_TRACE] Group:0 Prob:0.86291 Alpha:0.50040[MOE_TRACE] Group:0 Prob:0.86291 Alpha:0.50040


[MOE_TRACE] Group:1 Prob:0.24742 Alpha:0.50129
[MOE_TRACE] Group:1 Prob:0.24742 Alpha:0.50129[MOE_TRACE] Group:1 Prob:0.24742 Alpha:0.50129

[MOE_TRACE] Group:2 Prob:0.95850 Alpha:0.50044
[MOE_TRACE] Group:2 Prob:0.95850 Alpha:0.50044
[MOE_TRACE] Group:2 Prob:0.95850 Alpha:0.50044
[MOE_TRACE] Group:0 Prob:0.86291 Alpha:0.50040
[MOE_TRACE] Group:1 Prob:0.24742 Alpha:0.50129
[MOE_TRACE] Group:2 Prob:0.95850 Alpha:0.50044
[MOE_TRACE] Group:0 Prob:0.87052 Alpha:0.50040
[MOE_TRACE] Group:1 Prob:0.25576 Alpha:0.50129
[MOE_TRACE] Group:0 Prob:0.87052 Alpha:0.50040
[MOE_TRACE] Group:0 Prob:0.87052 Alpha:0.50040
[MOE_TRACE] Group:1 Prob:0.25576 Alpha:0.50129
[MOE_TRACE] Group:1 Prob:0.25576 Alpha:0.50129
[MOE_TRACE] Group:0 Prob:0.87052 Alpha:0.50040
[MOE_TRACE] Group:1 Prob:0.25576 Alpha:0.50129
[MOE_TRACE] Group:2 Prob:0.95976 Alpha:0.50044
[MOE_TRACE] Group:0 Prob:0.86661 Alpha:0.50039[MOE_TRACE] Group:0 Prob:0.86661 Alpha:0.50039

[MOE_TRACE] Group:0 Prob:0.86661 Alpha:0.50039
[MOE_TRACE] Group:1 Prob:0.25205 Alpha:0.50130
[MOE_TRACE] Group:1 Prob:0.25205 Alpha:0.50130[MOE_TRACE] Group:1 Prob:0.25205 Alpha:0.50130

[MOE_TRACE] Group:2 Prob:0.96042 Alpha:0.50043
[MOE_TRACE] Group:2 Prob:0.96042 Alpha:0.50043[MOE_TRACE] Group:2 Prob:0.96042 Alpha:0.50043

[MOE_TRACE] Group:0 Prob:0.86661 Alpha:0.50039
[MOE_TRACE] Group:1 Prob:0.25205 Alpha:0.50130
[MOE_TRACE] Group:2 Prob:0.96042 Alpha:0.50043
[MOE_TRACE] Group:0 Prob:0.86692 Alpha:0.50039
[MOE_TRACE] Group:0 Prob:0.86692 Alpha:0.50039
[MOE_TRACE] Group:1 Prob:0.24561 Alpha:0.50130
[MOE_TRACE] Group:0 Prob:0.86692 Alpha:0.50039
[MOE_TRACE] Group:2 Prob:0.95919 Alpha:0.50043
[MOE_TRACE] Group:1 Prob:0.24561 Alpha:0.50130
[MOE_TRACE] Group:1 Prob:0.24561 Alpha:0.50130
[MOE_TRACE] Group:0 Prob:0.86692 Alpha:0.50039
[MOE_TRACE] Group:2 Prob:0.95919 Alpha:0.50043
[MOE_TRACE] Group:2 Prob:0.95919 Alpha:0.50043
[MOE_TRACE] Group:1 Prob:0.24561 Alpha:0.50130
[MOE_TRACE] Group:2 Prob:0.95919 Alpha:0.50043
[MOE_TRACE] Group:0 Prob:0.86629 Alpha:0.50039
[MOE_TRACE] Group:0 Prob:0.86629 Alpha:0.50039
[MOE_TRACE] Group:0 Prob:0.86629 Alpha:0.50039
[MOE_TRACE] Group:1 Prob:0.25271 Alpha:0.50131
[MOE_TRACE] Group:1 Prob:0.25271 Alpha:0.50131
[MOE_TRACE] Group:1 Prob:0.25271 Alpha:0.50131
[MOE_TRACE] Group:2 Prob:0.96073 Alpha:0.50043
[MOE_TRACE] Group:2 Prob:0.96073 Alpha:0.50043
[MOE_TRACE] Group:2 Prob:0.96073 Alpha:0.50043
[MOE_TRACE] Group:0 Prob:0.86629 Alpha:0.50039
[MOE_TRACE] Group:1 Prob:0.25271 Alpha:0.50131
[MOE_TRACE] Group:2 Prob:0.96073 Alpha:0.50043
[MOE_TRACE] Group:0 Prob:0.86641 Alpha:0.50040
[MOE_TRACE] Group:1 Prob:0.24390 Alpha:0.50131
[MOE_TRACE] Group:0 Prob:0.86641 Alpha:0.50040
[MOE_TRACE] Group:1 Prob:0.24390 Alpha:0.50131
[MOE_TRACE] Group:0 Prob:0.86641 Alpha:0.50040
[MOE_TRACE] Group:1 Prob:0.24390 Alpha:0.50131
[MOE_TRACE] Group:0 Prob:0.86641 Alpha:0.50040
[MOE_TRACE] Group:1 Prob:0.24390 Alpha:0.50131
[MOE_TRACE] Group:2 Prob:0.95945 Alpha:0.50043
[MOE_TRACE] Group:0 Prob:0.86365 Alpha:0.50040
[MOE_TRACE] Group:1 Prob:0.24566 Alpha:0.50131
[MOE_TRACE] Group:0 Prob:0.86365 Alpha:0.50040
[MOE_TRACE] Group:0 Prob:0.86365 Alpha:0.50040
[MOE_TRACE] Group:2 Prob:0.95937 Alpha:0.50044
[MOE_TRACE] Group:1 Prob:0.24566 Alpha:0.50131
[MOE_TRACE] Group:1 Prob:0.24566 Alpha:0.50131
[MOE_TRACE] Group:2 Prob:0.95937 Alpha:0.50044
[MOE_TRACE] Group:0 Prob:0.86365 Alpha:0.50040
[MOE_TRACE] Group:2 Prob:0.95937 Alpha:0.50044
[MOE_TRACE] Group:1 Prob:0.24566 Alpha:0.50131
[MOE_TRACE] Group:2 Prob:0.95937 Alpha:0.50044
[MOE_TRACE] Group:0 Prob:0.86704 Alpha:0.50040
[MOE_TRACE] Group:0 Prob:0.86704 Alpha:0.50040
[MOE_TRACE] Group:0 Prob:0.86704 Alpha:0.50040
[MOE_TRACE] Group:1 Prob:0.26627 Alpha:0.50131[MOE_TRACE] Group:1 Prob:0.26627 Alpha:0.50131[MOE_TRACE] Group:1 Prob:0.26627 Alpha:0.50131


[MOE_TRACE] Group:2 Prob:0.95825 Alpha:0.50044
[MOE_TRACE] Group:2 Prob:0.95825 Alpha:0.50044
[MOE_TRACE] Group:2 Prob:0.95825 Alpha:0.50044
[MOE_TRACE] Group:0 Prob:0.86704 Alpha:0.50040
[MOE_TRACE] Group:1 Prob:0.26627 Alpha:0.50131
[MOE_TRACE] Group:2 Prob:0.95825 Alpha:0.50044
[MOE_TRACE] Group:0 Prob:0.86567 Alpha:0.50040[MOE_TRACE] Group:0 Prob:0.86567 Alpha:0.50040

[MOE_TRACE] Group:1 Prob:0.25296 Alpha:0.50131
[MOE_TRACE] Group:1 Prob:0.25296 Alpha:0.50131
[MOE_TRACE] Group:2 Prob:0.95762 Alpha:0.50044
[MOE_TRACE] Group:2 Prob:0.95762 Alpha:0.50044[MOE_TRACE] Group:0 Prob:0.86567 Alpha:0.50040

[MOE_TRACE] Group:1 Prob:0.25296 Alpha:0.50131
[MOE_TRACE] Group:2 Prob:0.95762 Alpha:0.50044
[MOE_TRACE] Group:0 Prob:0.86567 Alpha:0.50040
[MOE_TRACE] Group:1 Prob:0.25296 Alpha:0.50131
[MOE_TRACE] Group:2 Prob:0.95762 Alpha:0.50044
[MOE_TRACE] Group:0 Prob:0.86493 Alpha:0.50040
[MOE_TRACE] Group:0 Prob:0.86493 Alpha:0.50040[MOE_TRACE] Group:0 Prob:0.86493 Alpha:0.50040

[MOE_TRACE] Group:1 Prob:0.26351 Alpha:0.50132
[MOE_TRACE] Group:1 Prob:0.26351 Alpha:0.50132[MOE_TRACE] Group:1 Prob:0.26351 Alpha:0.50132

[MOE_TRACE] Group:2 Prob:0.95710 Alpha:0.50045
[MOE_TRACE] Group:2 Prob:0.95710 Alpha:0.50045[MOE_TRACE] Group:2 Prob:0.95710 Alpha:0.50045

[MOE_TRACE] Group:0 Prob:0.86493 Alpha:0.50040
[MOE_TRACE] Group:1 Prob:0.26351 Alpha:0.50132
[MOE_TRACE] Group:2 Prob:0.95710 Alpha:0.50045
[MOE_TRACE] Group:0 Prob:0.86560 Alpha:0.50041
[MOE_TRACE] Group:0 Prob:0.86560 Alpha:0.50041
[MOE_TRACE] Group:0 Prob:0.86560 Alpha:0.50041
[MOE_TRACE] Group:1 Prob:0.25073 Alpha:0.50132
[MOE_TRACE] Group:0 Prob:0.86560 Alpha:0.50041
[MOE_TRACE] Group:1 Prob:0.25073 Alpha:0.50132
[MOE_TRACE] Group:2 Prob:0.95675 Alpha:0.50045
[MOE_TRACE] Group:0 Prob:0.86216 Alpha:0.50041
[MOE_TRACE] Group:1 Prob:0.25385 Alpha:0.50132
[MOE_TRACE] Group:0 Prob:0.86216 Alpha:0.50041
[MOE_TRACE] Group:1 Prob:0.25385 Alpha:0.50132
[MOE_TRACE] Group:0 Prob:0.86216 Alpha:0.50041
[MOE_TRACE] Group:2 Prob:0.95726 Alpha:0.50046
[MOE_TRACE] Group:1 Prob:0.25385 Alpha:0.50132
[MOE_TRACE] Group:2 Prob:0.95726 Alpha:0.50046
[MOE_TRACE] Group:0 Prob:0.86216 Alpha:0.50041
[MOE_TRACE] Group:1 Prob:0.25385 Alpha:0.50132
[MOE_TRACE] Group:2 Prob:0.95726 Alpha:0.50046
[MOE_TRACE] Group:0 Prob:0.86558 Alpha:0.50041
[MOE_TRACE] Group:0 Prob:0.86558 Alpha:0.50041
[MOE_TRACE] Group:0 Prob:0.86558 Alpha:0.50041
[MOE_TRACE] Group:0 Prob:0.86558 Alpha:0.50041
[MOE_TRACE] Group:1 Prob:0.23483 Alpha:0.50133
[MOE_TRACE] Group:2 Prob:0.95596 Alpha:0.50046
[MOE_TRACE] Group:0 Prob:0.86244 Alpha:0.50041
[MOE_TRACE] Group:0 Prob:0.86244 Alpha:0.50041
[MOE_TRACE] Group:0 Prob:0.86244 Alpha:0.50041
[MOE_TRACE] Group:1 Prob:0.25265 Alpha:0.50133
[MOE_TRACE] Group:1 Prob:0.25265 Alpha:0.50133
[MOE_TRACE] Group:1 Prob:0.25265 Alpha:0.50133
[MOE_TRACE] Group:0 Prob:0.86244 Alpha:0.50041
[MOE_TRACE] Group:1 Prob:0.25265 Alpha:0.50133
[MOE_TRACE] Group:2 Prob:0.95678 Alpha:0.50046
[MOE_TRACE] Group:0 Prob:0.86493 Alpha:0.50041
[MOE_TRACE] Group:0 Prob:0.86493 Alpha:0.50041
[MOE_TRACE] Group:0 Prob:0.86493 Alpha:0.50041
[MOE_TRACE] Group:1 Prob:0.25387 Alpha:0.50133
[MOE_TRACE] Group:1 Prob:0.25387 Alpha:0.50133
[MOE_TRACE] Group:2 Prob:0.95585 Alpha:0.50047
[MOE_TRACE] Group:1 Prob:0.25387 Alpha:0.50133
[MOE_TRACE] Group:2 Prob:0.95585 Alpha:0.50047
[MOE_TRACE] Group:2 Prob:0.95585 Alpha:0.50047
[MOE_TRACE] Group:0 Prob:0.86493 Alpha:0.50041
[MOE_TRACE] Group:1 Prob:0.25387 Alpha:0.50133
[MOE_TRACE] Group:2 Prob:0.95585 Alpha:0.50047
[MOE_TRACE] Group:0 Prob:0.86616 Alpha:0.50041
[MOE_TRACE] Group:0 Prob:0.86616 Alpha:0.50041[MOE_TRACE] Group:0 Prob:0.86616 Alpha:0.50041

[MOE_TRACE] Group:1 Prob:0.24377 Alpha:0.50134
[MOE_TRACE] Group:1 Prob:0.24377 Alpha:0.50134
[MOE_TRACE] Group:1 Prob:0.24377 Alpha:0.50134
[MOE_TRACE] Group:0 Prob:0.86616 Alpha:0.50041
[MOE_TRACE] Group:1 Prob:0.24377 Alpha:0.50134
[MOE_TRACE] Group:2 Prob:0.95427 Alpha:0.50047
[MOE_TRACE] Group:0 Prob:0.86403 Alpha:0.50042
[MOE_TRACE] Group:0 Prob:0.86403 Alpha:0.50042
[MOE_TRACE] Group:0 Prob:0.86403 Alpha:0.50042
[MOE_TRACE] Group:1 Prob:0.26005 Alpha:0.50134
[MOE_TRACE] Group:1 Prob:0.26005 Alpha:0.50134
[MOE_TRACE] Group:2 Prob:0.95223 Alpha:0.50048
[MOE_TRACE] Group:1 Prob:0.26005 Alpha:0.50134
[MOE_TRACE] Group:2 Prob:0.95223 Alpha:0.50048
[MOE_TRACE] Group:2 Prob:0.95223 Alpha:0.50048
[MOE_TRACE] Group:0 Prob:0.86403 Alpha:0.50042
[MOE_TRACE] Group:1 Prob:0.26005 Alpha:0.50134
[MOE_TRACE] Group:2 Prob:0.95223 Alpha:0.50048
[MOE_TRACE] Group:0 Prob:0.86273 Alpha:0.50042
[MOE_TRACE] Group:0 Prob:0.86273 Alpha:0.50042
[MOE_TRACE] Group:1 Prob:0.24946 Alpha:0.50134
[MOE_TRACE] Group:1 Prob:0.24946 Alpha:0.50134
[MOE_TRACE] Group:0 Prob:0.86273 Alpha:0.50042
[MOE_TRACE] Group:1 Prob:0.24946 Alpha:0.50134
[MOE_TRACE] Group:2 Prob:0.95092 Alpha:0.50049
[MOE_TRACE] Group:0 Prob:0.86273 Alpha:0.50042
[MOE_TRACE] Group:1 Prob:0.24946 Alpha:0.50134
[MOE_TRACE] Group:2 Prob:0.95092 Alpha:0.50049
[MOE_TRACE] Group:0 Prob:0.86260 Alpha:0.50042
[MOE_TRACE] Group:1 Prob:0.24483 Alpha:0.50135
[MOE_TRACE] Group:0 Prob:0.86260 Alpha:0.50042
[MOE_TRACE] Group:0 Prob:0.86260 Alpha:0.50042
[MOE_TRACE] Group:2 Prob:0.95135 Alpha:0.50050
[MOE_TRACE] Group:1 Prob:0.24483 Alpha:0.50135
[MOE_TRACE] Group:1 Prob:0.24483 Alpha:0.50135
[MOE_TRACE] Group:2 Prob:0.95135 Alpha:0.50050
[MOE_TRACE] Group:2 Prob:0.95135 Alpha:0.50050
[MOE_TRACE] Group:0 Prob:0.86260 Alpha:0.50042
[MOE_TRACE] Group:1 Prob:0.24483 Alpha:0.50135
[MOE_TRACE] Group:2 Prob:0.95135 Alpha:0.50050
[MOE_TRACE] Group:0 Prob:0.86286 Alpha:0.50042
[MOE_TRACE] Group:0 Prob:0.86286 Alpha:0.50042
[MOE_TRACE] Group:0 Prob:0.86286 Alpha:0.50042
[MOE_TRACE] Group:1 Prob:0.24801 Alpha:0.50135
[MOE_TRACE] Group:1 Prob:0.24801 Alpha:0.50135[MOE_TRACE] Group:1 Prob:0.24801 Alpha:0.50135

[MOE_TRACE] Group:2 Prob:0.94942 Alpha:0.50050
[MOE_TRACE] Group:2 Prob:0.94942 Alpha:0.50050
[MOE_TRACE] Group:2 Prob:0.94942 Alpha:0.50050
[MOE_TRACE] Group:0 Prob:0.86286 Alpha:0.50042
[MOE_TRACE] Group:1 Prob:0.24801 Alpha:0.50135
[MOE_TRACE] Group:2 Prob:0.94942 Alpha:0.50050
[MOE_TRACE] Group:0 Prob:0.85953 Alpha:0.50042
[MOE_TRACE] Group:0 Prob:0.85953 Alpha:0.50042
[MOE_TRACE] Group:0 Prob:0.85953 Alpha:0.50042
[MOE_TRACE] Group:1 Prob:0.23043 Alpha:0.50135
[MOE_TRACE] Group:1 Prob:0.23043 Alpha:0.50135
[MOE_TRACE] Group:1 Prob:0.23043 Alpha:0.50135
[MOE_TRACE] Group:2 Prob:0.94756 Alpha:0.50051
[MOE_TRACE] Group:0 Prob:0.85953 Alpha:0.50042
[MOE_TRACE] Group:2 Prob:0.94756 Alpha:0.50051
[MOE_TRACE] Group:2 Prob:0.94756 Alpha:0.50051
[MOE_TRACE] Group:1 Prob:0.23043 Alpha:0.50135
[MOE_TRACE] Group:2 Prob:0.94756 Alpha:0.50051
[MOE_TRACE] Group:0 Prob:0.86220 Alpha:0.50042
[MOE_TRACE] Group:0 Prob:0.86220 Alpha:0.50042
[MOE_TRACE] Group:1 Prob:0.25035 Alpha:0.50136
[MOE_TRACE] Group:0 Prob:0.86220 Alpha:0.50042
[MOE_TRACE] Group:1 Prob:0.25035 Alpha:0.50136[MOE_TRACE] Group:2 Prob:0.94682 Alpha:0.50051

[MOE_TRACE] Group:2 Prob:0.94682 Alpha:0.50051
[MOE_TRACE] Group:1 Prob:0.25035 Alpha:0.50136
[MOE_TRACE] Group:2 Prob:0.94682 Alpha:0.50051
[MOE_TRACE] Group:0 Prob:0.86220 Alpha:0.50042
[MOE_TRACE] Group:1 Prob:0.25035 Alpha:0.50136
[MOE_TRACE] Group:2 Prob:0.94682 Alpha:0.50051
[MOE_TRACE] Group:0 Prob:0.86504 Alpha:0.50042
[MOE_TRACE] Group:1 Prob:0.25488 Alpha:0.50136
[MOE_TRACE] Group:0 Prob:0.86504 Alpha:0.50042
[MOE_TRACE] Group:1 Prob:0.25488 Alpha:0.50136
[MOE_TRACE] Group:0 Prob:0.86504 Alpha:0.50042
[MOE_TRACE] Group:1 Prob:0.25488 Alpha:0.50136
[MOE_TRACE] Group:2 Prob:0.94690 Alpha:0.50052
[MOE_TRACE] Group:0 Prob:0.86504 Alpha:0.50042
[MOE_TRACE] Group:1 Prob:0.25488 Alpha:0.50136
[MOE_TRACE] Group:2 Prob:0.94690 Alpha:0.50052
[MOE_TRACE] Group:0 Prob:0.86242 Alpha:0.50042
[MOE_TRACE] Group:0 Prob:0.86242 Alpha:0.50042[MOE_TRACE] Group:1 Prob:0.26186 Alpha:0.50137

[MOE_TRACE] Group:0 Prob:0.86242 Alpha:0.50042
[MOE_TRACE] Group:1 Prob:0.26186 Alpha:0.50137[MOE_TRACE] Group:2 Prob:0.94664 Alpha:0.50052

[MOE_TRACE] Group:1 Prob:0.26186 Alpha:0.50137
[MOE_TRACE] Group:2 Prob:0.94664 Alpha:0.50052
[MOE_TRACE] Group:2 Prob:0.94664 Alpha:0.50052
[MOE_TRACE] Group:0 Prob:0.86242 Alpha:0.50042
[MOE_TRACE] Group:1 Prob:0.26186 Alpha:0.50137
[MOE_TRACE] Group:2 Prob:0.94664 Alpha:0.50052
[MOE_TRACE] Group:0 Prob:0.86809 Alpha:0.50042
[MOE_TRACE] Group:1 Prob:0.25932 Alpha:0.50137
[MOE_TRACE] Group:0 Prob:0.86809 Alpha:0.50042
[MOE_TRACE] Group:1 Prob:0.25932 Alpha:0.50137
[MOE_TRACE] Group:0 Prob:0.86809 Alpha:0.50042
[MOE_TRACE] Group:1 Prob:0.25932 Alpha:0.50137
[MOE_TRACE] Group:2 Prob:0.94557 Alpha:0.50053
[MOE_TRACE] Group:0 Prob:0.86809 Alpha:0.50042
[MOE_TRACE] Group:1 Prob:0.25932 Alpha:0.50137
[MOE_TRACE] Group:2 Prob:0.94557 Alpha:0.50053
[MOE_TRACE] Group:0 Prob:0.86272 Alpha:0.50042[MOE_TRACE] Group:0 Prob:0.86272 Alpha:0.50042

[MOE_TRACE] Group:0 Prob:0.86272 Alpha:0.50042
[MOE_TRACE] Group:1 Prob:0.25790 Alpha:0.50137
[MOE_TRACE] Group:1 Prob:0.25790 Alpha:0.50137
[MOE_TRACE] Group:1 Prob:0.25790 Alpha:0.50137
[MOE_TRACE] Group:2 Prob:0.94476 Alpha:0.50053
[MOE_TRACE] Group:2 Prob:0.94476 Alpha:0.50053[MOE_TRACE] Group:2 Prob:0.94476 Alpha:0.50053

[MOE_TRACE] Group:0 Prob:0.86272 Alpha:0.50042
[MOE_TRACE] Group:1 Prob:0.25790 Alpha:0.50137
[MOE_TRACE] Group:2 Prob:0.94476 Alpha:0.50053
[MOE_TRACE] Group:0 Prob:0.86637 Alpha:0.50042
[MOE_TRACE] Group:0 Prob:0.86637 Alpha:0.50042
[MOE_TRACE] Group:0 Prob:0.86637 Alpha:0.50042
[MOE_TRACE] Group:1 Prob:0.26574 Alpha:0.50137
[MOE_TRACE] Group:1 Prob:0.26574 Alpha:0.50137
[MOE_TRACE] Group:1 Prob:0.26574 Alpha:0.50137
[MOE_TRACE] Group:2 Prob:0.94270 Alpha:0.50054
[MOE_TRACE] Group:2 Prob:0.94270 Alpha:0.50054
[MOE_TRACE] Group:2 Prob:0.94270 Alpha:0.50054
[MOE_TRACE] Group:0 Prob:0.86637 Alpha:0.50042
[MOE_TRACE] Group:1 Prob:0.26574 Alpha:0.50137
[MOE_TRACE] Group:2 Prob:0.94270 Alpha:0.50054
[MOE_TRACE] Group:0 Prob:0.86124 Alpha:0.50042
[MOE_TRACE] Group:1 Prob:0.25523 Alpha:0.50138
[MOE_TRACE] Group:0 Prob:0.86124 Alpha:0.50042
[MOE_TRACE] Group:2 Prob:0.94214 Alpha:0.50055
[MOE_TRACE] Group:1 Prob:0.25523 Alpha:0.50138
[MOE_TRACE] Group:0 Prob:0.86124 Alpha:0.50042
[MOE_TRACE] Group:2 Prob:0.94214 Alpha:0.50055
[MOE_TRACE] Group:1 Prob:0.25523 Alpha:0.50138
[MOE_TRACE] Group:2 Prob:0.94214 Alpha:0.50055
[MOE_TRACE] Group:0 Prob:0.86124 Alpha:0.50042
[MOE_TRACE] Group:1 Prob:0.25523 Alpha:0.50138
[MOE_TRACE] Group:2 Prob:0.94214 Alpha:0.50055
[MOE_TRACE] Group:0 Prob:0.85989 Alpha:0.50042
[MOE_TRACE] Group:0 Prob:0.85989 Alpha:0.50042[MOE_TRACE] Group:1 Prob:0.23623 Alpha:0.50138

[MOE_TRACE] Group:1 Prob:0.23623 Alpha:0.50138
[MOE_TRACE] Group:0 Prob:0.85989 Alpha:0.50042
[MOE_TRACE] Group:1 Prob:0.23623 Alpha:0.50138
[MOE_TRACE] Group:0 Prob:0.85989 Alpha:0.50042
[MOE_TRACE] Group:1 Prob:0.23623 Alpha:0.50138
[MOE_TRACE] Group:2 Prob:0.94176 Alpha:0.50055
[MOE_TRACE] Group:0 Prob:0.86447 Alpha:0.50042
[MOE_TRACE] Group:0 Prob:0.86447 Alpha:0.50042
[MOE_TRACE] Group:1 Prob:0.26569 Alpha:0.50138
[MOE_TRACE] Group:1 Prob:0.26569 Alpha:0.50138
[MOE_TRACE] Group:2 Prob:0.94481 Alpha:0.50054
[MOE_TRACE] Group:0 Prob:0.86447 Alpha:0.50042
[MOE_TRACE] Group:1 Prob:0.26569 Alpha:0.50138
[MOE_TRACE] Group:2 Prob:0.94481 Alpha:0.50054
[MOE_TRACE] Group:2 Prob:0.94481 Alpha:0.50054
[MOE_TRACE] Group:0 Prob:0.86447 Alpha:0.50042
[MOE_TRACE] Group:1 Prob:0.26569 Alpha:0.50138
[MOE_TRACE] Group:2 Prob:0.94481 Alpha:0.50054
[MOE_TRACE] Group:0 Prob:0.86874 Alpha:0.50042
[MOE_TRACE] Group:0 Prob:0.86874 Alpha:0.50042
[MOE_TRACE] Group:0 Prob:0.86874 Alpha:0.50042
[MOE_TRACE] Group:1 Prob:0.27172 Alpha:0.50139
[MOE_TRACE] Group:1 Prob:0.27172 Alpha:0.50139
[MOE_TRACE] Group:0 Prob:0.86874 Alpha:0.50042
[MOE_TRACE] Group:1 Prob:0.27172 Alpha:0.50139
[MOE_TRACE] Group:2 Prob:0.94320 Alpha:0.50054
[MOE_TRACE] Group:0 Prob:0.86072 Alpha:0.50042
[MOE_TRACE] Group:0 Prob:0.86072 Alpha:0.50042
[MOE_TRACE] Group:0 Prob:0.86072 Alpha:0.50042
[MOE_TRACE] Group:1 Prob:0.25351 Alpha:0.50139
[MOE_TRACE] Group:1 Prob:0.25351 Alpha:0.50139
[MOE_TRACE] Group:1 Prob:0.25351 Alpha:0.50139
[MOE_TRACE] Group:2 Prob:0.94243 Alpha:0.50053
[MOE_TRACE] Group:2 Prob:0.94243 Alpha:0.50053
[MOE_TRACE] Group:2 Prob:0.94243 Alpha:0.50053
[MOE_TRACE] Group:0 Prob:0.86072 Alpha:0.50042
[MOE_TRACE] Group:1 Prob:0.25351 Alpha:0.50139
[MOE_TRACE] Group:2 Prob:0.94243 Alpha:0.50053
[MOE_TRACE] Group:0 Prob:0.86822 Alpha:0.50042
[MOE_TRACE] Group:0 Prob:0.86822 Alpha:0.50042
[MOE_TRACE] Group:1 Prob:0.23831 Alpha:0.50139[MOE_TRACE] Group:1 Prob:0.23831 Alpha:0.50139

[MOE_TRACE] Group:0 Prob:0.86822 Alpha:0.50042
[MOE_TRACE] Group:2 Prob:0.94702 Alpha:0.50053
[MOE_TRACE] Group:2 Prob:0.94702 Alpha:0.50053
[MOE_TRACE] Group:1 Prob:0.23831 Alpha:0.50139
[MOE_TRACE] Group:2 Prob:0.94702 Alpha:0.50053
[MOE_TRACE] Group:0 Prob:0.86822 Alpha:0.50042
[MOE_TRACE] Group:1 Prob:0.23831 Alpha:0.50139
[MOE_TRACE] Group:2 Prob:0.94702 Alpha:0.50053
[MOE_TRACE] Group:0 Prob:0.86278 Alpha:0.50042
[MOE_TRACE] Group:0 Prob:0.86278 Alpha:0.50042
[MOE_TRACE] Group:1 Prob:0.25088 Alpha:0.50140
[MOE_TRACE] Group:0 Prob:0.86278 Alpha:0.50042
[MOE_TRACE] Group:2 Prob:0.94501 Alpha:0.50052
[MOE_TRACE] Group:1 Prob:0.25088 Alpha:0.50140
[MOE_TRACE] Group:1 Prob:0.25088 Alpha:0.50140
[MOE_TRACE] Group:2 Prob:0.94501 Alpha:0.50052[MOE_TRACE] Group:2 Prob:0.94501 Alpha:0.50052

[MOE_TRACE] Group:0 Prob:0.86278 Alpha:0.50042
[MOE_TRACE] Group:1 Prob:0.25088 Alpha:0.50140
[MOE_TRACE] Group:2 Prob:0.94501 Alpha:0.50052
[MOE_TRACE] Group:0 Prob:0.86394 Alpha:0.50042
[MOE_TRACE] Group:0 Prob:0.86394 Alpha:0.50042
[MOE_TRACE] Group:0 Prob:0.86394 Alpha:0.50042
[MOE_TRACE] Group:1 Prob:0.24622 Alpha:0.50140
[MOE_TRACE] Group:1 Prob:0.24622 Alpha:0.50140
[MOE_TRACE] Group:1 Prob:0.24622 Alpha:0.50140
[MOE_TRACE] Group:2 Prob:0.94659 Alpha:0.50052
[MOE_TRACE] Group:2 Prob:0.94659 Alpha:0.50052
[MOE_TRACE] Group:2 Prob:0.94659 Alpha:0.50052
[MOE_TRACE] Group:0 Prob:0.86394 Alpha:0.50042
[MOE_TRACE] Group:1 Prob:0.24622 Alpha:0.50140
[MOE_TRACE] Group:2 Prob:0.94659 Alpha:0.50052
[MOE_TRACE] Group:0 Prob:0.86468 Alpha:0.50042
[MOE_TRACE] Group:0 Prob:0.86468 Alpha:0.50042
[MOE_TRACE] Group:1 Prob:0.25515 Alpha:0.50140
[MOE_TRACE] Group:0 Prob:0.86468 Alpha:0.50042[MOE_TRACE] Group:1 Prob:0.25515 Alpha:0.50140

[MOE_TRACE] Group:1 Prob:0.25515 Alpha:0.50140
[MOE_TRACE] Group:0 Prob:0.86468 Alpha:0.50042
[MOE_TRACE] Group:1 Prob:0.25515 Alpha:0.50140
[MOE_TRACE] Group:2 Prob:0.94652 Alpha:0.50052
[MOE_TRACE] Group:0 Prob:0.86506 Alpha:0.50042
[MOE_TRACE] Group:0 Prob:0.86506 Alpha:0.50042
[MOE_TRACE] Group:0 Prob:0.86506 Alpha:0.50042
[MOE_TRACE] Group:1 Prob:0.24987 Alpha:0.50141
[MOE_TRACE] Group:1 Prob:0.24987 Alpha:0.50141
[MOE_TRACE] Group:1 Prob:0.24987 Alpha:0.50141
[MOE_TRACE] Group:2 Prob:0.94753 Alpha:0.50052
[MOE_TRACE] Group:2 Prob:0.94753 Alpha:0.50052
[MOE_TRACE] Group:2 Prob:0.94753 Alpha:0.50052
[MOE_TRACE] Group:0 Prob:0.86506 Alpha:0.50042
[MOE_TRACE] Group:1 Prob:0.24987 Alpha:0.50141
[MOE_TRACE] Group:2 Prob:0.94753 Alpha:0.50052
[MOE_TRACE] Group:0 Prob:0.86664 Alpha:0.50042
[MOE_TRACE] Group:0 Prob:0.86664 Alpha:0.50042[MOE_TRACE] Group:1 Prob:0.24844 Alpha:0.50141

[MOE_TRACE] Group:1 Prob:0.24844 Alpha:0.50141
[MOE_TRACE] Group:0 Prob:0.86664 Alpha:0.50042
[MOE_TRACE] Group:1 Prob:0.24844 Alpha:0.50141
[MOE_TRACE] Group:2 Prob:0.94626 Alpha:0.50052
[MOE_TRACE] Group:0 Prob:0.86664 Alpha:0.50042
[MOE_TRACE] Group:1 Prob:0.24844 Alpha:0.50141
[MOE_TRACE] Group:2 Prob:0.94626 Alpha:0.50052
Epoch: 4 cost time: 107.87196898460388
Epoch: 4, Steps: 146 | Train Loss: 0.3906774 Vali Loss: 0.3204400 Test Loss: 0.3475519
EarlyStopping counter: 2 out of 3
Updating learning rate to 1.25e-05
[MOE_TRACE] Group:0 Prob:0.86322 Alpha:0.50042
[MOE_TRACE] Group:1 Prob:0.23926 Alpha:0.50141
[MOE_TRACE] Group:0 Prob:0.86322 Alpha:0.50042
[MOE_TRACE] Group:1 Prob:0.23926 Alpha:0.50141
[MOE_TRACE] Group:0 Prob:0.86322 Alpha:0.50042
[MOE_TRACE] Group:1 Prob:0.23926 Alpha:0.50141
[MOE_TRACE] Group:2 Prob:0.94577 Alpha:0.50052
[MOE_TRACE] Group:0 Prob:0.86322 Alpha:0.50042
[MOE_TRACE] Group:1 Prob:0.23926 Alpha:0.50141
[MOE_TRACE] Group:2 Prob:0.94577 Alpha:0.50052
[MOE_TRACE] Group:0 Prob:0.86034 Alpha:0.50042[MOE_TRACE] Group:0 Prob:0.86034 Alpha:0.50042

[MOE_TRACE] Group:0 Prob:0.86034 Alpha:0.50042
[MOE_TRACE] Group:1 Prob:0.23073 Alpha:0.50141[MOE_TRACE] Group:1 Prob:0.23073 Alpha:0.50141

[MOE_TRACE] Group:1 Prob:0.23073 Alpha:0.50141
[MOE_TRACE] Group:2 Prob:0.94633 Alpha:0.50052
[MOE_TRACE] Group:2 Prob:0.94633 Alpha:0.50052
[MOE_TRACE] Group:2 Prob:0.94633 Alpha:0.50052
[MOE_TRACE] Group:0 Prob:0.86034 Alpha:0.50042
[MOE_TRACE] Group:1 Prob:0.23073 Alpha:0.50141
[MOE_TRACE] Group:2 Prob:0.94633 Alpha:0.50052
[MOE_TRACE] Group:0 Prob:0.86292 Alpha:0.50042
[MOE_TRACE] Group:0 Prob:0.86292 Alpha:0.50042[MOE_TRACE] Group:0 Prob:0.86292 Alpha:0.50042

[MOE_TRACE] Group:1 Prob:0.25802 Alpha:0.50141
[MOE_TRACE] Group:1 Prob:0.25802 Alpha:0.50141[MOE_TRACE] Group:1 Prob:0.25802 Alpha:0.50141

[MOE_TRACE] Group:2 Prob:0.94672 Alpha:0.50052
[MOE_TRACE] Group:2 Prob:0.94672 Alpha:0.50052
[MOE_TRACE] Group:2 Prob:0.94672 Alpha:0.50052
[MOE_TRACE] Group:0 Prob:0.86292 Alpha:0.50042
[MOE_TRACE] Group:1 Prob:0.25802 Alpha:0.50141
[MOE_TRACE] Group:2 Prob:0.94672 Alpha:0.50052
[MOE_TRACE] Group:0 Prob:0.86058 Alpha:0.50042
[MOE_TRACE] Group:1 Prob:0.25929 Alpha:0.50142
[MOE_TRACE] Group:0 Prob:0.86058 Alpha:0.50042
[MOE_TRACE] Group:1 Prob:0.25929 Alpha:0.50142
[MOE_TRACE] Group:2 Prob:0.94776 Alpha:0.50052
[MOE_TRACE] Group:2 Prob:0.94570 Alpha:0.50052
[MOE_TRACE] Group:0 Prob:0.86058 Alpha:0.50042
[MOE_TRACE] Group:1 Prob:0.25929 Alpha:0.50142
[MOE_TRACE] Group:2 Prob:0.94570 Alpha:0.50052
[MOE_TRACE] Group:0 Prob:0.86058 Alpha:0.50042
[MOE_TRACE] Group:1 Prob:0.25929 Alpha:0.50142
[MOE_TRACE] Group:2 Prob:0.94570 Alpha:0.50052
[MOE_TRACE] Group:0 Prob:0.86161 Alpha:0.50042
[MOE_TRACE] Group:0 Prob:0.86161 Alpha:0.50042
[MOE_TRACE] Group:0 Prob:0.86161 Alpha:0.50042
[MOE_TRACE] Group:1 Prob:0.26556 Alpha:0.50142
[MOE_TRACE] Group:1 Prob:0.26556 Alpha:0.50142
[MOE_TRACE] Group:1 Prob:0.26556 Alpha:0.50142
[MOE_TRACE] Group:2 Prob:0.94635 Alpha:0.50052
[MOE_TRACE] Group:2 Prob:0.94635 Alpha:0.50052
[MOE_TRACE] Group:2 Prob:0.94635 Alpha:0.50052
[MOE_TRACE] Group:0 Prob:0.86161 Alpha:0.50042
[MOE_TRACE] Group:1 Prob:0.26556 Alpha:0.50142
[MOE_TRACE] Group:2 Prob:0.94635 Alpha:0.50052
[MOE_TRACE] Group:0 Prob:0.86451 Alpha:0.50042
[MOE_TRACE] Group:0 Prob:0.86451 Alpha:0.50042[MOE_TRACE] Group:1 Prob:0.24898 Alpha:0.50142

[MOE_TRACE] Group:0 Prob:0.86451 Alpha:0.50042
[MOE_TRACE] Group:1 Prob:0.24898 Alpha:0.50142
[MOE_TRACE] Group:2 Prob:0.94570 Alpha:0.50053
[MOE_TRACE] Group:2 Prob:0.94570 Alpha:0.50053
[MOE_TRACE] Group:1 Prob:0.24898 Alpha:0.50142
[MOE_TRACE] Group:2 Prob:0.94570 Alpha:0.50053
[MOE_TRACE] Group:0 Prob:0.86451 Alpha:0.50042
[MOE_TRACE] Group:1 Prob:0.24898 Alpha:0.50142
[MOE_TRACE] Group:2 Prob:0.94570 Alpha:0.50053
[MOE_TRACE] Group:0 Prob:0.86224 Alpha:0.50042
[MOE_TRACE] Group:1 Prob:0.27447 Alpha:0.50142
[MOE_TRACE] Group:2 Prob:0.94568 Alpha:0.50053
[MOE_TRACE] Group:0 Prob:0.86224 Alpha:0.50042
[MOE_TRACE] Group:0 Prob:0.86224 Alpha:0.50042
[MOE_TRACE] Group:1 Prob:0.27447 Alpha:0.50142
[MOE_TRACE] Group:1 Prob:0.27447 Alpha:0.50142
[MOE_TRACE] Group:2 Prob:0.94568 Alpha:0.50053
[MOE_TRACE] Group:2 Prob:0.94568 Alpha:0.50053
[MOE_TRACE] Group:0 Prob:0.86224 Alpha:0.50042
[MOE_TRACE] Group:1 Prob:0.27447 Alpha:0.50142
[MOE_TRACE] Group:2 Prob:0.94568 Alpha:0.50053
[MOE_TRACE] Group:0 Prob:0.86154 Alpha:0.50042[MOE_TRACE] Group:0 Prob:0.86154 Alpha:0.50042[MOE_TRACE] Group:0 Prob:0.86154 Alpha:0.50042


[MOE_TRACE] Group:1 Prob:0.25744 Alpha:0.50142
[MOE_TRACE] Group:1 Prob:0.25744 Alpha:0.50142[MOE_TRACE] Group:1 Prob:0.25744 Alpha:0.50142

[MOE_TRACE] Group:2 Prob:0.94390 Alpha:0.50053
[MOE_TRACE] Group:2 Prob:0.94390 Alpha:0.50053
[MOE_TRACE] Group:2 Prob:0.94390 Alpha:0.50053
[MOE_TRACE] Group:0 Prob:0.86154 Alpha:0.50042
[MOE_TRACE] Group:1 Prob:0.25744 Alpha:0.50142
[MOE_TRACE] Group:2 Prob:0.94390 Alpha:0.50053
[MOE_TRACE] Group:0 Prob:0.86219 Alpha:0.50042
[MOE_TRACE] Group:1 Prob:0.25325 Alpha:0.50142
[MOE_TRACE] Group:2 Prob:0.94608 Alpha:0.50053
[MOE_TRACE] Group:0 Prob:0.86219 Alpha:0.50042
[MOE_TRACE] Group:0 Prob:0.86219 Alpha:0.50042
[MOE_TRACE] Group:1 Prob:0.25325 Alpha:0.50142
[MOE_TRACE] Group:1 Prob:0.25325 Alpha:0.50142
[MOE_TRACE] Group:0 Prob:0.86219 Alpha:0.50042[MOE_TRACE] Group:2 Prob:0.94608 Alpha:0.50053

[MOE_TRACE] Group:2 Prob:0.94608 Alpha:0.50053
[MOE_TRACE] Group:1 Prob:0.25325 Alpha:0.50142
[MOE_TRACE] Group:2 Prob:0.94608 Alpha:0.50053
[MOE_TRACE] Group:0 Prob:0.86356 Alpha:0.50042[MOE_TRACE] Group:0 Prob:0.86356 Alpha:0.50042

[MOE_TRACE] Group:1 Prob:0.24630 Alpha:0.50143[MOE_TRACE] Group:0 Prob:0.86356 Alpha:0.50042

[MOE_TRACE] Group:1 Prob:0.24630 Alpha:0.50143
[MOE_TRACE] Group:1 Prob:0.24630 Alpha:0.50143
[MOE_TRACE] Group:2 Prob:0.94503 Alpha:0.50053
[MOE_TRACE] Group:2 Prob:0.94503 Alpha:0.50053
[MOE_TRACE] Group:2 Prob:0.94503 Alpha:0.50053
[MOE_TRACE] Group:0 Prob:0.86356 Alpha:0.50042
[MOE_TRACE] Group:1 Prob:0.24630 Alpha:0.50143
[MOE_TRACE] Group:2 Prob:0.94503 Alpha:0.50053
[MOE_TRACE] Group:0 Prob:0.86963 Alpha:0.50042
[MOE_TRACE] Group:0 Prob:0.86963 Alpha:0.50042
[MOE_TRACE] Group:1 Prob:0.25428 Alpha:0.50143
[MOE_TRACE] Group:0 Prob:0.86963 Alpha:0.50042
[MOE_TRACE] Group:1 Prob:0.25428 Alpha:0.50143
[MOE_TRACE] Group:1 Prob:0.25428 Alpha:0.50143
[MOE_TRACE] Group:0 Prob:0.86963 Alpha:0.50042
[MOE_TRACE] Group:1 Prob:0.25428 Alpha:0.50143
[MOE_TRACE] Group:2 Prob:0.94570 Alpha:0.50053
[MOE_TRACE] Group:0 Prob:0.86193 Alpha:0.50042[MOE_TRACE] Group:0 Prob:0.86193 Alpha:0.50042

[MOE_TRACE] Group:0 Prob:0.86193 Alpha:0.50042
[MOE_TRACE] Group:1 Prob:0.24310 Alpha:0.50143
[MOE_TRACE] Group:1 Prob:0.24310 Alpha:0.50143
[MOE_TRACE] Group:1 Prob:0.24310 Alpha:0.50143
[MOE_TRACE] Group:0 Prob:0.86193 Alpha:0.50042
[MOE_TRACE] Group:1 Prob:0.24310 Alpha:0.50143
[MOE_TRACE] Group:2 Prob:0.94541 Alpha:0.50053
[MOE_TRACE] Group:0 Prob:0.86997 Alpha:0.50042
[MOE_TRACE] Group:0 Prob:0.86997 Alpha:0.50042
[MOE_TRACE] Group:0 Prob:0.86997 Alpha:0.50042
[MOE_TRACE] Group:1 Prob:0.25915 Alpha:0.50143
[MOE_TRACE] Group:1 Prob:0.25915 Alpha:0.50143
[MOE_TRACE] Group:2 Prob:0.94367 Alpha:0.50053
[MOE_TRACE] Group:2 Prob:0.94367 Alpha:0.50053
[MOE_TRACE] Group:1 Prob:0.25915 Alpha:0.50143
[MOE_TRACE] Group:2 Prob:0.94367 Alpha:0.50053
[MOE_TRACE] Group:0 Prob:0.86997 Alpha:0.50042
[MOE_TRACE] Group:1 Prob:0.25915 Alpha:0.50143
[MOE_TRACE] Group:2 Prob:0.94367 Alpha:0.50053
[MOE_TRACE] Group:0 Prob:0.86623 Alpha:0.50042[MOE_TRACE] Group:0 Prob:0.86623 Alpha:0.50042

[MOE_TRACE] Group:0 Prob:0.86623 Alpha:0.50042
[MOE_TRACE] Group:1 Prob:0.25633 Alpha:0.50143
[MOE_TRACE] Group:1 Prob:0.25633 Alpha:0.50143
[MOE_TRACE] Group:1 Prob:0.25633 Alpha:0.50143
[MOE_TRACE] Group:2 Prob:0.94560 Alpha:0.50053
[MOE_TRACE] Group:2 Prob:0.94560 Alpha:0.50053
[MOE_TRACE] Group:2 Prob:0.94560 Alpha:0.50053
[MOE_TRACE] Group:0 Prob:0.86623 Alpha:0.50042
[MOE_TRACE] Group:1 Prob:0.25633 Alpha:0.50143
[MOE_TRACE] Group:2 Prob:0.94560 Alpha:0.50053
[MOE_TRACE] Group:0 Prob:0.86338 Alpha:0.50042
[MOE_TRACE] Group:0 Prob:0.86338 Alpha:0.50042
[MOE_TRACE] Group:1 Prob:0.24480 Alpha:0.50143
[MOE_TRACE] Group:0 Prob:0.86338 Alpha:0.50042
[MOE_TRACE] Group:1 Prob:0.24480 Alpha:0.50143
[MOE_TRACE] Group:2 Prob:0.94298 Alpha:0.50054
[MOE_TRACE] Group:1 Prob:0.24480 Alpha:0.50143
[MOE_TRACE] Group:2 Prob:0.94298 Alpha:0.50054
[MOE_TRACE] Group:2 Prob:0.94298 Alpha:0.50054
[MOE_TRACE] Group:0 Prob:0.86338 Alpha:0.50042
[MOE_TRACE] Group:1 Prob:0.24480 Alpha:0.50143
[MOE_TRACE] Group:2 Prob:0.94298 Alpha:0.50054
[MOE_TRACE] Group:0 Prob:0.86209 Alpha:0.50042
[MOE_TRACE] Group:0 Prob:0.86209 Alpha:0.50042
[MOE_TRACE] Group:0 Prob:0.86209 Alpha:0.50042
[MOE_TRACE] Group:1 Prob:0.24809 Alpha:0.50143
[MOE_TRACE] Group:1 Prob:0.24809 Alpha:0.50143
[MOE_TRACE] Group:1 Prob:0.24809 Alpha:0.50143
[MOE_TRACE] Group:2 Prob:0.94437 Alpha:0.50054
[MOE_TRACE] Group:2 Prob:0.94437 Alpha:0.50054
[MOE_TRACE] Group:2 Prob:0.94437 Alpha:0.50054
[MOE_TRACE] Group:0 Prob:0.86209 Alpha:0.50042
[MOE_TRACE] Group:1 Prob:0.24809 Alpha:0.50143
[MOE_TRACE] Group:2 Prob:0.94437 Alpha:0.50054
[MOE_TRACE] Group:0 Prob:0.86259 Alpha:0.50042
[MOE_TRACE] Group:0 Prob:0.86259 Alpha:0.50042
[MOE_TRACE] Group:0 Prob:0.86259 Alpha:0.50042
[MOE_TRACE] Group:1 Prob:0.24914 Alpha:0.50144
[MOE_TRACE] Group:1 Prob:0.24914 Alpha:0.50144
[MOE_TRACE] Group:1 Prob:0.24914 Alpha:0.50144
[MOE_TRACE] Group:2 Prob:0.94286 Alpha:0.50054
[MOE_TRACE] Group:2 Prob:0.94286 Alpha:0.50054
[MOE_TRACE] Group:2 Prob:0.94286 Alpha:0.50054
[MOE_TRACE] Group:0 Prob:0.86259 Alpha:0.50042
[MOE_TRACE] Group:1 Prob:0.24914 Alpha:0.50144
[MOE_TRACE] Group:2 Prob:0.94286 Alpha:0.50054
[MOE_TRACE] Group:0 Prob:0.86162 Alpha:0.50042
[MOE_TRACE] Group:0 Prob:0.86162 Alpha:0.50042
[MOE_TRACE] Group:0 Prob:0.86162 Alpha:0.50042
[MOE_TRACE] Group:1 Prob:0.25488 Alpha:0.50144[MOE_TRACE] Group:1 Prob:0.25488 Alpha:0.50144

[MOE_TRACE] Group:1 Prob:0.25488 Alpha:0.50144
[MOE_TRACE] Group:2 Prob:0.94343 Alpha:0.50054
[MOE_TRACE] Group:2 Prob:0.94343 Alpha:0.50054
[MOE_TRACE] Group:2 Prob:0.94343 Alpha:0.50054
[MOE_TRACE] Group:0 Prob:0.86162 Alpha:0.50042
[MOE_TRACE] Group:1 Prob:0.25488 Alpha:0.50144
[MOE_TRACE] Group:2 Prob:0.94343 Alpha:0.50054
[MOE_TRACE] Group:0 Prob:0.86287 Alpha:0.50043
[MOE_TRACE] Group:0 Prob:0.86287 Alpha:0.50043
[MOE_TRACE] Group:0 Prob:0.86287 Alpha:0.50043
[MOE_TRACE] Group:1 Prob:0.25437 Alpha:0.50144
[MOE_TRACE] Group:1 Prob:0.25437 Alpha:0.50144
[MOE_TRACE] Group:2 Prob:0.94309 Alpha:0.50054
[MOE_TRACE] Group:1 Prob:0.25437 Alpha:0.50144
[MOE_TRACE] Group:2 Prob:0.94309 Alpha:0.50054
[MOE_TRACE] Group:2 Prob:0.94309 Alpha:0.50054
[MOE_TRACE] Group:0 Prob:0.86287 Alpha:0.50043
[MOE_TRACE] Group:1 Prob:0.25437 Alpha:0.50144
[MOE_TRACE] Group:2 Prob:0.94309 Alpha:0.50054
[MOE_TRACE] Group:0 Prob:0.86015 Alpha:0.50043
[MOE_TRACE] Group:0 Prob:0.86015 Alpha:0.50043
[MOE_TRACE] Group:0 Prob:0.86015 Alpha:0.50043
[MOE_TRACE] Group:1 Prob:0.24532 Alpha:0.50144
[MOE_TRACE] Group:1 Prob:0.24532 Alpha:0.50144
[MOE_TRACE] Group:1 Prob:0.24532 Alpha:0.50144
[MOE_TRACE] Group:2 Prob:0.94268 Alpha:0.50054
[MOE_TRACE] Group:2 Prob:0.94268 Alpha:0.50054
[MOE_TRACE] Group:2 Prob:0.94268 Alpha:0.50054
[MOE_TRACE] Group:0 Prob:0.86015 Alpha:0.50043
[MOE_TRACE] Group:1 Prob:0.24532 Alpha:0.50144
[MOE_TRACE] Group:2 Prob:0.94268 Alpha:0.50054
[MOE_TRACE] Group:0 Prob:0.86354 Alpha:0.50043
[MOE_TRACE] Group:0 Prob:0.86354 Alpha:0.50043[MOE_TRACE] Group:0 Prob:0.86354 Alpha:0.50043

[MOE_TRACE] Group:1 Prob:0.24420 Alpha:0.50144
[MOE_TRACE] Group:1 Prob:0.24420 Alpha:0.50144
[MOE_TRACE] Group:1 Prob:0.24420 Alpha:0.50144
[MOE_TRACE] Group:2 Prob:0.94489 Alpha:0.50054
[MOE_TRACE] Group:2 Prob:0.94489 Alpha:0.50054
[MOE_TRACE] Group:2 Prob:0.94489 Alpha:0.50054
[MOE_TRACE] Group:0 Prob:0.86354 Alpha:0.50043
[MOE_TRACE] Group:1 Prob:0.24420 Alpha:0.50144
[MOE_TRACE] Group:2 Prob:0.94489 Alpha:0.50054
[MOE_TRACE] Group:0 Prob:0.85984 Alpha:0.50043
[MOE_TRACE] Group:0 Prob:0.85984 Alpha:0.50043
[MOE_TRACE] Group:0 Prob:0.85984 Alpha:0.50043
[MOE_TRACE] Group:1 Prob:0.24754 Alpha:0.50144
[MOE_TRACE] Group:1 Prob:0.24754 Alpha:0.50144
[MOE_TRACE] Group:1 Prob:0.24754 Alpha:0.50144
[MOE_TRACE] Group:2 Prob:0.94329 Alpha:0.50054
[MOE_TRACE] Group:2 Prob:0.94329 Alpha:0.50054
[MOE_TRACE] Group:2 Prob:0.94329 Alpha:0.50054
[MOE_TRACE] Group:0 Prob:0.85984 Alpha:0.50043
[MOE_TRACE] Group:1 Prob:0.24754 Alpha:0.50144
[MOE_TRACE] Group:2 Prob:0.94329 Alpha:0.50054
[MOE_TRACE] Group:0 Prob:0.86115 Alpha:0.50044
[MOE_TRACE] Group:0 Prob:0.86115 Alpha:0.50044
[MOE_TRACE] Group:0 Prob:0.86115 Alpha:0.50044
[MOE_TRACE] Group:1 Prob:0.24269 Alpha:0.50144
[MOE_TRACE] Group:1 Prob:0.24269 Alpha:0.50144
[MOE_TRACE] Group:2 Prob:0.94495 Alpha:0.50054
[MOE_TRACE] Group:1 Prob:0.24269 Alpha:0.50144
[MOE_TRACE] Group:2 Prob:0.94495 Alpha:0.50054
[MOE_TRACE] Group:2 Prob:0.94495 Alpha:0.50054
[MOE_TRACE] Group:0 Prob:0.86115 Alpha:0.50044
[MOE_TRACE] Group:1 Prob:0.24269 Alpha:0.50144
[MOE_TRACE] Group:2 Prob:0.94495 Alpha:0.50054
[MOE_TRACE] Group:0 Prob:0.86070 Alpha:0.50044
[MOE_TRACE] Group:0 Prob:0.86070 Alpha:0.50044
[MOE_TRACE] Group:0 Prob:0.86070 Alpha:0.50044[MOE_TRACE] Group:1 Prob:0.24950 Alpha:0.50145
[MOE_TRACE] Group:1 Prob:0.24950 Alpha:0.50145

[MOE_TRACE] Group:1 Prob:0.24950 Alpha:0.50145[MOE_TRACE] Group:2 Prob:0.94143 Alpha:0.50054

[MOE_TRACE] Group:2 Prob:0.94143 Alpha:0.50054
[MOE_TRACE] Group:2 Prob:0.94143 Alpha:0.50054
[MOE_TRACE] Group:0 Prob:0.86070 Alpha:0.50044
[MOE_TRACE] Group:1 Prob:0.24950 Alpha:0.50145
[MOE_TRACE] Group:2 Prob:0.94143 Alpha:0.50054
[MOE_TRACE] Group:0 Prob:0.86173 Alpha:0.50044
[MOE_TRACE] Group:0 Prob:0.86173 Alpha:0.50044[MOE_TRACE] Group:1 Prob:0.24982 Alpha:0.50145
[MOE_TRACE] Group:2 Prob:0.94168 Alpha:0.50055
[MOE_TRACE] Group:0 Prob:0.86173 Alpha:0.50044

[MOE_TRACE] Group:1 Prob:0.24982 Alpha:0.50145
[MOE_TRACE] Group:1 Prob:0.24982 Alpha:0.50145
[MOE_TRACE] Group:2 Prob:0.94168 Alpha:0.50055[MOE_TRACE] Group:0 Prob:0.86173 Alpha:0.50044
[MOE_TRACE] Group:2 Prob:0.94168 Alpha:0.50055

[MOE_TRACE] Group:1 Prob:0.24982 Alpha:0.50145
[MOE_TRACE] Group:2 Prob:0.94168 Alpha:0.50055
[MOE_TRACE] Group:0 Prob:0.86227 Alpha:0.50044[MOE_TRACE] Group:0 Prob:0.86227 Alpha:0.50044

[MOE_TRACE] Group:1 Prob:0.23669 Alpha:0.50145
[MOE_TRACE] Group:2 Prob:0.94072 Alpha:0.50055
[MOE_TRACE] Group:0 Prob:0.86227 Alpha:0.50044
[MOE_TRACE] Group:1 Prob:0.23669 Alpha:0.50145
[MOE_TRACE] Group:1 Prob:0.23669 Alpha:0.50145
[MOE_TRACE] Group:2 Prob:0.94072 Alpha:0.50055
[MOE_TRACE] Group:2 Prob:0.94072 Alpha:0.50055
[MOE_TRACE] Group:0 Prob:0.86227 Alpha:0.50044
[MOE_TRACE] Group:1 Prob:0.23669 Alpha:0.50145
[MOE_TRACE] Group:2 Prob:0.94072 Alpha:0.50055
[MOE_TRACE] Group:0 Prob:0.85980 Alpha:0.50044
[MOE_TRACE] Group:0 Prob:0.85980 Alpha:0.50044
[MOE_TRACE] Group:1 Prob:0.23046 Alpha:0.50146
[MOE_TRACE] Group:0 Prob:0.85980 Alpha:0.50044
[MOE_TRACE] Group:1 Prob:0.23046 Alpha:0.50146
[MOE_TRACE] Group:2 Prob:0.93877 Alpha:0.50055
[MOE_TRACE] Group:1 Prob:0.23046 Alpha:0.50146
[MOE_TRACE] Group:2 Prob:0.93877 Alpha:0.50055
[MOE_TRACE] Group:0 Prob:0.85980 Alpha:0.50044
[MOE_TRACE] Group:2 Prob:0.93877 Alpha:0.50055
[MOE_TRACE] Group:1 Prob:0.23046 Alpha:0.50146
[MOE_TRACE] Group:2 Prob:0.93877 Alpha:0.50055
[MOE_TRACE] Group:0 Prob:0.86243 Alpha:0.50044
[MOE_TRACE] Group:0 Prob:0.86243 Alpha:0.50044
[MOE_TRACE] Group:0 Prob:0.86243 Alpha:0.50044
[MOE_TRACE] Group:1 Prob:0.24529 Alpha:0.50146
[MOE_TRACE] Group:1 Prob:0.24529 Alpha:0.50146
[MOE_TRACE] Group:1 Prob:0.24529 Alpha:0.50146[MOE_TRACE] Group:2 Prob:0.94004 Alpha:0.50056

[MOE_TRACE] Group:2 Prob:0.94004 Alpha:0.50056
[MOE_TRACE] Group:2 Prob:0.94004 Alpha:0.50056
[MOE_TRACE] Group:0 Prob:0.86243 Alpha:0.50044
[MOE_TRACE] Group:1 Prob:0.24529 Alpha:0.50146
[MOE_TRACE] Group:2 Prob:0.94004 Alpha:0.50056
[MOE_TRACE] Group:0 Prob:0.86019 Alpha:0.50044
[MOE_TRACE] Group:0 Prob:0.86019 Alpha:0.50044
[MOE_TRACE] Group:0 Prob:0.86019 Alpha:0.50044
[MOE_TRACE] Group:1 Prob:0.25134 Alpha:0.50147
[MOE_TRACE] Group:1 Prob:0.25134 Alpha:0.50147
[MOE_TRACE] Group:1 Prob:0.25134 Alpha:0.50147
[MOE_TRACE] Group:2 Prob:0.93815 Alpha:0.50056
[MOE_TRACE] Group:2 Prob:0.93815 Alpha:0.50056
[MOE_TRACE] Group:2 Prob:0.93815 Alpha:0.50056
[MOE_TRACE] Group:0 Prob:0.86019 Alpha:0.50044
[MOE_TRACE] Group:1 Prob:0.25134 Alpha:0.50147
[MOE_TRACE] Group:2 Prob:0.93815 Alpha:0.50056
[MOE_TRACE] Group:0 Prob:0.85632 Alpha:0.50044[MOE_TRACE] Group:0 Prob:0.85632 Alpha:0.50044

[MOE_TRACE] Group:0 Prob:0.85632 Alpha:0.50044
[MOE_TRACE] Group:1 Prob:0.24212 Alpha:0.50147
[MOE_TRACE] Group:1 Prob:0.24212 Alpha:0.50147
[MOE_TRACE] Group:1 Prob:0.24212 Alpha:0.50147
[MOE_TRACE] Group:0 Prob:0.85632 Alpha:0.50044
[MOE_TRACE] Group:1 Prob:0.24212 Alpha:0.50147
[MOE_TRACE] Group:2 Prob:0.93677 Alpha:0.50056
[MOE_TRACE] Group:0 Prob:0.85777 Alpha:0.50044
[MOE_TRACE] Group:0 Prob:0.85777 Alpha:0.50044
[MOE_TRACE] Group:0 Prob:0.85777 Alpha:0.50044
[MOE_TRACE] Group:1 Prob:0.25878 Alpha:0.50147
[MOE_TRACE] Group:1 Prob:0.25878 Alpha:0.50147
[MOE_TRACE] Group:1 Prob:0.25878 Alpha:0.50147
[MOE_TRACE] Group:2 Prob:0.93867 Alpha:0.50056
[MOE_TRACE] Group:0 Prob:0.85777 Alpha:0.50044[MOE_TRACE] Group:2 Prob:0.93867 Alpha:0.50056

[MOE_TRACE] Group:2 Prob:0.93867 Alpha:0.50056
[MOE_TRACE] Group:1 Prob:0.25878 Alpha:0.50147
[MOE_TRACE] Group:2 Prob:0.93867 Alpha:0.50056
[MOE_TRACE] Group:0 Prob:0.85764 Alpha:0.50044
[MOE_TRACE] Group:0 Prob:0.85764 Alpha:0.50044
[MOE_TRACE] Group:0 Prob:0.85764 Alpha:0.50044
[MOE_TRACE] Group:1 Prob:0.24039 Alpha:0.50148
[MOE_TRACE] Group:1 Prob:0.24039 Alpha:0.50148
[MOE_TRACE] Group:1 Prob:0.24039 Alpha:0.50148
[MOE_TRACE] Group:2 Prob:0.93845 Alpha:0.50057
[MOE_TRACE] Group:2 Prob:0.93845 Alpha:0.50057
[MOE_TRACE] Group:2 Prob:0.93845 Alpha:0.50057
[MOE_TRACE] Group:0 Prob:0.85764 Alpha:0.50044
[MOE_TRACE] Group:1 Prob:0.24039 Alpha:0.50148
[MOE_TRACE] Group:2 Prob:0.93845 Alpha:0.50057
[MOE_TRACE] Group:0 Prob:0.86069 Alpha:0.50044
[MOE_TRACE] Group:1 Prob:0.25929 Alpha:0.50148
[MOE_TRACE] Group:0 Prob:0.86069 Alpha:0.50044[MOE_TRACE] Group:0 Prob:0.86069 Alpha:0.50044

[MOE_TRACE] Group:2 Prob:0.93743 Alpha:0.50057
[MOE_TRACE] Group:1 Prob:0.25929 Alpha:0.50148[MOE_TRACE] Group:1 Prob:0.25929 Alpha:0.50148

[MOE_TRACE] Group:2 Prob:0.93743 Alpha:0.50057
[MOE_TRACE] Group:2 Prob:0.93743 Alpha:0.50057
[MOE_TRACE] Group:0 Prob:0.86069 Alpha:0.50044
[MOE_TRACE] Group:1 Prob:0.25929 Alpha:0.50148
[MOE_TRACE] Group:2 Prob:0.93743 Alpha:0.50057
[MOE_TRACE] Group:0 Prob:0.85982 Alpha:0.50044
[MOE_TRACE] Group:0 Prob:0.85982 Alpha:0.50044
[MOE_TRACE] Group:1 Prob:0.25993 Alpha:0.50148
[MOE_TRACE] Group:1 Prob:0.25993 Alpha:0.50148
[MOE_TRACE] Group:0 Prob:0.85982 Alpha:0.50044
[MOE_TRACE] Group:2 Prob:0.93804 Alpha:0.50057
[MOE_TRACE] Group:2 Prob:0.93804 Alpha:0.50057
[MOE_TRACE] Group:1 Prob:0.25993 Alpha:0.50148
[MOE_TRACE] Group:0 Prob:0.85982 Alpha:0.50044
[MOE_TRACE] Group:2 Prob:0.93804 Alpha:0.50057
[MOE_TRACE] Group:1 Prob:0.25993 Alpha:0.50148
[MOE_TRACE] Group:2 Prob:0.93804 Alpha:0.50057
[MOE_TRACE] Group:0 Prob:0.85730 Alpha:0.50044
[MOE_TRACE] Group:0 Prob:0.85730 Alpha:0.50044[MOE_TRACE] Group:0 Prob:0.85730 Alpha:0.50044

[MOE_TRACE] Group:1 Prob:0.24003 Alpha:0.50148
[MOE_TRACE] Group:1 Prob:0.24003 Alpha:0.50148
[MOE_TRACE] Group:1 Prob:0.24003 Alpha:0.50148
[MOE_TRACE] Group:2 Prob:0.93629 Alpha:0.50057
[MOE_TRACE] Group:2 Prob:0.93629 Alpha:0.50057
[MOE_TRACE] Group:2 Prob:0.93629 Alpha:0.50057
[MOE_TRACE] Group:0 Prob:0.85730 Alpha:0.50044
[MOE_TRACE] Group:1 Prob:0.24003 Alpha:0.50148
[MOE_TRACE] Group:2 Prob:0.93629 Alpha:0.50057
[MOE_TRACE] Group:0 Prob:0.85835 Alpha:0.50044[MOE_TRACE] Group:0 Prob:0.85835 Alpha:0.50044

[MOE_TRACE] Group:0 Prob:0.85835 Alpha:0.50044
[MOE_TRACE] Group:1 Prob:0.24353 Alpha:0.50148
[MOE_TRACE] Group:1 Prob:0.24353 Alpha:0.50148[MOE_TRACE] Group:1 Prob:0.24353 Alpha:0.50148

[MOE_TRACE] Group:2 Prob:0.93727 Alpha:0.50058
[MOE_TRACE] Group:2 Prob:0.93727 Alpha:0.50058
[MOE_TRACE] Group:2 Prob:0.93727 Alpha:0.50058
[MOE_TRACE] Group:0 Prob:0.85835 Alpha:0.50044
[MOE_TRACE] Group:1 Prob:0.24353 Alpha:0.50148
[MOE_TRACE] Group:2 Prob:0.93727 Alpha:0.50058
[MOE_TRACE] Group:0 Prob:0.86247 Alpha:0.50044
[MOE_TRACE] Group:1 Prob:0.23595 Alpha:0.50149
[MOE_TRACE] Group:0 Prob:0.86247 Alpha:0.50044
[MOE_TRACE] Group:1 Prob:0.23595 Alpha:0.50149
[MOE_TRACE] Group:0 Prob:0.86247 Alpha:0.50044
[MOE_TRACE] Group:1 Prob:0.23595 Alpha:0.50149
[MOE_TRACE] Group:2 Prob:0.93401 Alpha:0.50058
[MOE_TRACE] Group:0 Prob:0.86247 Alpha:0.50044
[MOE_TRACE] Group:1 Prob:0.23595 Alpha:0.50149
[MOE_TRACE] Group:2 Prob:0.93401 Alpha:0.50058
[MOE_TRACE] Group:0 Prob:0.86216 Alpha:0.50044[MOE_TRACE] Group:0 Prob:0.86216 Alpha:0.50044

[MOE_TRACE] Group:1 Prob:0.25274 Alpha:0.50149
[MOE_TRACE] Group:1 Prob:0.25274 Alpha:0.50149
[MOE_TRACE] Group:0 Prob:0.86216 Alpha:0.50044
[MOE_TRACE] Group:1 Prob:0.25274 Alpha:0.50149
[MOE_TRACE] Group:2 Prob:0.93518 Alpha:0.50058
[MOE_TRACE] Group:0 Prob:0.86216 Alpha:0.50044
[MOE_TRACE] Group:1 Prob:0.25274 Alpha:0.50149
[MOE_TRACE] Group:2 Prob:0.93518 Alpha:0.50058
[MOE_TRACE] Group:0 Prob:0.85805 Alpha:0.50044[MOE_TRACE] Group:0 Prob:0.85805 Alpha:0.50044

[MOE_TRACE] Group:1 Prob:0.25488 Alpha:0.50149
[MOE_TRACE] Group:2 Prob:0.93302 Alpha:0.50059
[MOE_TRACE] Group:0 Prob:0.85805 Alpha:0.50044
[MOE_TRACE] Group:1 Prob:0.25488 Alpha:0.50149
[MOE_TRACE] Group:1 Prob:0.25488 Alpha:0.50149
[MOE_TRACE] Group:2 Prob:0.93302 Alpha:0.50059
[MOE_TRACE] Group:2 Prob:0.93302 Alpha:0.50059
[MOE_TRACE] Group:0 Prob:0.85805 Alpha:0.50044
[MOE_TRACE] Group:1 Prob:0.25488 Alpha:0.50149
[MOE_TRACE] Group:2 Prob:0.93302 Alpha:0.50059
[MOE_TRACE] Group:0 Prob:0.85806 Alpha:0.50044
[MOE_TRACE] Group:1 Prob:0.25583 Alpha:0.50149
[MOE_TRACE] Group:2 Prob:0.93356 Alpha:0.50059
[MOE_TRACE] Group:0 Prob:0.85806 Alpha:0.50044
[MOE_TRACE] Group:0 Prob:0.85806 Alpha:0.50044
[MOE_TRACE] Group:1 Prob:0.25583 Alpha:0.50149
[MOE_TRACE] Group:1 Prob:0.25583 Alpha:0.50149
[MOE_TRACE] Group:2 Prob:0.93356 Alpha:0.50059
[MOE_TRACE] Group:2 Prob:0.93356 Alpha:0.50059
[MOE_TRACE] Group:0 Prob:0.85806 Alpha:0.50044
[MOE_TRACE] Group:1 Prob:0.25583 Alpha:0.50149
[MOE_TRACE] Group:2 Prob:0.93356 Alpha:0.50059
[MOE_TRACE] Group:0 Prob:0.85797 Alpha:0.50044[MOE_TRACE] Group:0 Prob:0.85797 Alpha:0.50044

[MOE_TRACE] Group:0 Prob:0.85797 Alpha:0.50044
[MOE_TRACE] Group:1 Prob:0.24597 Alpha:0.50149
[MOE_TRACE] Group:1 Prob:0.24597 Alpha:0.50149
[MOE_TRACE] Group:1 Prob:0.24597 Alpha:0.50149
[MOE_TRACE] Group:2 Prob:0.93500 Alpha:0.50059
[MOE_TRACE] Group:2 Prob:0.93500 Alpha:0.50059
[MOE_TRACE] Group:2 Prob:0.93500 Alpha:0.50059
[MOE_TRACE] Group:0 Prob:0.85797 Alpha:0.50044
[MOE_TRACE] Group:1 Prob:0.24597 Alpha:0.50149
[MOE_TRACE] Group:2 Prob:0.93500 Alpha:0.50059
[MOE_TRACE] Group:0 Prob:0.85837 Alpha:0.50044[MOE_TRACE] Group:0 Prob:0.85837 Alpha:0.50044

[MOE_TRACE] Group:1 Prob:0.25510 Alpha:0.50150
[MOE_TRACE] Group:1 Prob:0.25510 Alpha:0.50150
[MOE_TRACE] Group:2 Prob:0.93073 Alpha:0.50060
[MOE_TRACE] Group:0 Prob:0.85837 Alpha:0.50044
[MOE_TRACE] Group:2 Prob:0.93073 Alpha:0.50060
[MOE_TRACE] Group:1 Prob:0.25510 Alpha:0.50150
[MOE_TRACE] Group:2 Prob:0.93073 Alpha:0.50060
[MOE_TRACE] Group:0 Prob:0.85837 Alpha:0.50044
[MOE_TRACE] Group:1 Prob:0.25510 Alpha:0.50150
[MOE_TRACE] Group:2 Prob:0.93073 Alpha:0.50060
[MOE_TRACE] Group:0 Prob:0.85108 Alpha:0.50044
[MOE_TRACE] Group:0 Prob:0.85108 Alpha:0.50044
[MOE_TRACE] Group:0 Prob:0.85108 Alpha:0.50044
[MOE_TRACE] Group:1 Prob:0.24707 Alpha:0.50150
[MOE_TRACE] Group:1 Prob:0.24707 Alpha:0.50150
[MOE_TRACE] Group:1 Prob:0.24707 Alpha:0.50150
[MOE_TRACE] Group:2 Prob:0.93029 Alpha:0.50060
[MOE_TRACE] Group:2 Prob:0.93029 Alpha:0.50060
[MOE_TRACE] Group:2 Prob:0.93029 Alpha:0.50060
[MOE_TRACE] Group:0 Prob:0.85108 Alpha:0.50044
[MOE_TRACE] Group:1 Prob:0.24707 Alpha:0.50150
[MOE_TRACE] Group:2 Prob:0.93029 Alpha:0.50060
[MOE_TRACE] Group:0 Prob:0.85532 Alpha:0.50044
[MOE_TRACE] Group:0 Prob:0.85532 Alpha:0.50044
[MOE_TRACE] Group:1 Prob:0.24327 Alpha:0.50150[MOE_TRACE] Group:1 Prob:0.24327 Alpha:0.50150

[MOE_TRACE] Group:0 Prob:0.85532 Alpha:0.50044
[MOE_TRACE] Group:2 Prob:0.93219 Alpha:0.50060[MOE_TRACE] Group:2 Prob:0.93219 Alpha:0.50060

[MOE_TRACE] Group:1 Prob:0.24327 Alpha:0.50150
[MOE_TRACE] Group:2 Prob:0.93219 Alpha:0.50060
[MOE_TRACE] Group:0 Prob:0.85532 Alpha:0.50044
[MOE_TRACE] Group:1 Prob:0.24327 Alpha:0.50150
[MOE_TRACE] Group:2 Prob:0.93219 Alpha:0.50060
[MOE_TRACE] Group:0 Prob:0.85607 Alpha:0.50044[MOE_TRACE] Group:0 Prob:0.85607 Alpha:0.50044
[MOE_TRACE] Group:0 Prob:0.85607 Alpha:0.50044

[MOE_TRACE] Group:1 Prob:0.24816 Alpha:0.50150
[MOE_TRACE] Group:1 Prob:0.24816 Alpha:0.50150
[MOE_TRACE] Group:1 Prob:0.24816 Alpha:0.50150
[MOE_TRACE] Group:2 Prob:0.93175 Alpha:0.50060
[MOE_TRACE] Group:2 Prob:0.93175 Alpha:0.50060
[MOE_TRACE] Group:2 Prob:0.93175 Alpha:0.50060
[MOE_TRACE] Group:0 Prob:0.85607 Alpha:0.50044
[MOE_TRACE] Group:1 Prob:0.24816 Alpha:0.50150
[MOE_TRACE] Group:2 Prob:0.93175 Alpha:0.50060
[MOE_TRACE] Group:0 Prob:0.85924 Alpha:0.50044
[MOE_TRACE] Group:0 Prob:0.85924 Alpha:0.50044
[MOE_TRACE] Group:0 Prob:0.85924 Alpha:0.50044
[MOE_TRACE] Group:1 Prob:0.24956 Alpha:0.50151
[MOE_TRACE] Group:1 Prob:0.24956 Alpha:0.50151
[MOE_TRACE] Group:2 Prob:0.93092 Alpha:0.50060
[MOE_TRACE] Group:2 Prob:0.93092 Alpha:0.50060
[MOE_TRACE] Group:1 Prob:0.24956 Alpha:0.50151
[MOE_TRACE] Group:2 Prob:0.93092 Alpha:0.50060
[MOE_TRACE] Group:0 Prob:0.85924 Alpha:0.50044
[MOE_TRACE] Group:1 Prob:0.24956 Alpha:0.50151
[MOE_TRACE] Group:2 Prob:0.93092 Alpha:0.50060
[MOE_TRACE] Group:0 Prob:0.85968 Alpha:0.50044[MOE_TRACE] Group:0 Prob:0.85968 Alpha:0.50044

[MOE_TRACE] Group:0 Prob:0.85968 Alpha:0.50044
[MOE_TRACE] Group:1 Prob:0.24654 Alpha:0.50151
[MOE_TRACE] Group:1 Prob:0.24654 Alpha:0.50151[MOE_TRACE] Group:1 Prob:0.24654 Alpha:0.50151

[MOE_TRACE] Group:2 Prob:0.93278 Alpha:0.50059
[MOE_TRACE] Group:2 Prob:0.93278 Alpha:0.50059
[MOE_TRACE] Group:2 Prob:0.93278 Alpha:0.50059
[MOE_TRACE] Group:0 Prob:0.85968 Alpha:0.50044
[MOE_TRACE] Group:1 Prob:0.24654 Alpha:0.50151
[MOE_TRACE] Group:2 Prob:0.93278 Alpha:0.50059
[MOE_TRACE] Group:0 Prob:0.86390 Alpha:0.50044
[MOE_TRACE] Group:0 Prob:0.86390 Alpha:0.50044[MOE_TRACE] Group:0 Prob:0.86390 Alpha:0.50044

[MOE_TRACE] Group:1 Prob:0.24662 Alpha:0.50151[MOE_TRACE] Group:1 Prob:0.24662 Alpha:0.50151[MOE_TRACE] Group:1 Prob:0.24662 Alpha:0.50151


[MOE_TRACE] Group:2 Prob:0.93395 Alpha:0.50059
[MOE_TRACE] Group:2 Prob:0.93395 Alpha:0.50059[MOE_TRACE] Group:2 Prob:0.93395 Alpha:0.50059

[MOE_TRACE] Group:0 Prob:0.86390 Alpha:0.50044
[MOE_TRACE] Group:1 Prob:0.24662 Alpha:0.50151
[MOE_TRACE] Group:2 Prob:0.93395 Alpha:0.50059
[MOE_TRACE] Group:0 Prob:0.85797 Alpha:0.50044
[MOE_TRACE] Group:1 Prob:0.23754 Alpha:0.50151
[MOE_TRACE] Group:0 Prob:0.85797 Alpha:0.50044
[MOE_TRACE] Group:0 Prob:0.85797 Alpha:0.50044
[MOE_TRACE] Group:2 Prob:0.93205 Alpha:0.50060
[MOE_TRACE] Group:1 Prob:0.23754 Alpha:0.50151
[MOE_TRACE] Group:1 Prob:0.23754 Alpha:0.50151
[MOE_TRACE] Group:2 Prob:0.93205 Alpha:0.50060
[MOE_TRACE] Group:2 Prob:0.93205 Alpha:0.50060
[MOE_TRACE] Group:0 Prob:0.85797 Alpha:0.50044
[MOE_TRACE] Group:1 Prob:0.23754 Alpha:0.50151
[MOE_TRACE] Group:2 Prob:0.93205 Alpha:0.50060
[MOE_TRACE] Group:0 Prob:0.86197 Alpha:0.50044
[MOE_TRACE] Group:0 Prob:0.86197 Alpha:0.50044
[MOE_TRACE] Group:1 Prob:0.25112 Alpha:0.50151
[MOE_TRACE] Group:0 Prob:0.86197 Alpha:0.50044
[MOE_TRACE] Group:1 Prob:0.25112 Alpha:0.50151
[MOE_TRACE] Group:2 Prob:0.93431 Alpha:0.50060
[MOE_TRACE] Group:1 Prob:0.25112 Alpha:0.50151
[MOE_TRACE] Group:2 Prob:0.93431 Alpha:0.50060
[MOE_TRACE] Group:0 Prob:0.86197 Alpha:0.50044
[MOE_TRACE] Group:2 Prob:0.93431 Alpha:0.50060
[MOE_TRACE] Group:1 Prob:0.25112 Alpha:0.50151
[MOE_TRACE] Group:2 Prob:0.93431 Alpha:0.50060
[MOE_TRACE] Group:0 Prob:0.85931 Alpha:0.50044
[MOE_TRACE] Group:0 Prob:0.85931 Alpha:0.50044
[MOE_TRACE] Group:0 Prob:0.85931 Alpha:0.50044
[MOE_TRACE] Group:1 Prob:0.25347 Alpha:0.50152
[MOE_TRACE] Group:1 Prob:0.25347 Alpha:0.50152
[MOE_TRACE] Group:2 Prob:0.92905 Alpha:0.50060
[MOE_TRACE] Group:1 Prob:0.25347 Alpha:0.50152
[MOE_TRACE] Group:0 Prob:0.85931 Alpha:0.50044[MOE_TRACE] Group:2 Prob:0.92905 Alpha:0.50060

[MOE_TRACE] Group:2 Prob:0.92905 Alpha:0.50060
[MOE_TRACE] Group:1 Prob:0.25347 Alpha:0.50152
[MOE_TRACE] Group:2 Prob:0.92905 Alpha:0.50060
[MOE_TRACE] Group:0 Prob:0.85763 Alpha:0.50044
[MOE_TRACE] Group:0 Prob:0.85763 Alpha:0.50044
[MOE_TRACE] Group:0 Prob:0.85763 Alpha:0.50044
[MOE_TRACE] Group:1 Prob:0.24204 Alpha:0.50152
[MOE_TRACE] Group:1 Prob:0.24204 Alpha:0.50152
[MOE_TRACE] Group:1 Prob:0.24204 Alpha:0.50152
[MOE_TRACE] Group:2 Prob:0.93151 Alpha:0.50060
[MOE_TRACE] Group:2 Prob:0.93151 Alpha:0.50060
[MOE_TRACE] Group:2 Prob:0.93151 Alpha:0.50060
[MOE_TRACE] Group:0 Prob:0.85763 Alpha:0.50044
[MOE_TRACE] Group:1 Prob:0.24204 Alpha:0.50152
[MOE_TRACE] Group:2 Prob:0.93151 Alpha:0.50060
[MOE_TRACE] Group:0 Prob:0.85653 Alpha:0.50044
[MOE_TRACE] Group:0 Prob:0.85653 Alpha:0.50044[MOE_TRACE] Group:1 Prob:0.25022 Alpha:0.50152

[MOE_TRACE] Group:0 Prob:0.85653 Alpha:0.50044
[MOE_TRACE] Group:1 Prob:0.25022 Alpha:0.50152[MOE_TRACE] Group:1 Prob:0.25022 Alpha:0.50152

[MOE_TRACE] Group:2 Prob:0.93153 Alpha:0.50060
[MOE_TRACE] Group:2 Prob:0.93153 Alpha:0.50060
[MOE_TRACE] Group:2 Prob:0.93153 Alpha:0.50060
[MOE_TRACE] Group:0 Prob:0.85653 Alpha:0.50044
[MOE_TRACE] Group:1 Prob:0.25022 Alpha:0.50152
[MOE_TRACE] Group:2 Prob:0.93153 Alpha:0.50060
[MOE_TRACE] Group:0 Prob:0.86020 Alpha:0.50044
[MOE_TRACE] Group:0 Prob:0.86020 Alpha:0.50044
[MOE_TRACE] Group:0 Prob:0.86020 Alpha:0.50044[MOE_TRACE] Group:1 Prob:0.24700 Alpha:0.50152

[MOE_TRACE] Group:1 Prob:0.24700 Alpha:0.50152
[MOE_TRACE] Group:2 Prob:0.93121 Alpha:0.50060
[MOE_TRACE] Group:1 Prob:0.24700 Alpha:0.50152
[MOE_TRACE] Group:2 Prob:0.93121 Alpha:0.50060
[MOE_TRACE] Group:0 Prob:0.86020 Alpha:0.50044[MOE_TRACE] Group:2 Prob:0.93121 Alpha:0.50060

[MOE_TRACE] Group:1 Prob:0.24700 Alpha:0.50152
[MOE_TRACE] Group:2 Prob:0.93121 Alpha:0.50060
[MOE_TRACE] Group:0 Prob:0.85984 Alpha:0.50044
[MOE_TRACE] Group:1 Prob:0.24290 Alpha:0.50152
[MOE_TRACE] Group:0 Prob:0.85984 Alpha:0.50044
[MOE_TRACE] Group:1 Prob:0.24290 Alpha:0.50152
[MOE_TRACE] Group:0 Prob:0.85984 Alpha:0.50044
[MOE_TRACE] Group:1 Prob:0.24290 Alpha:0.50152
[MOE_TRACE] Group:2 Prob:0.93107 Alpha:0.50060
[MOE_TRACE] Group:0 Prob:0.85984 Alpha:0.50044
[MOE_TRACE] Group:1 Prob:0.24290 Alpha:0.50152
[MOE_TRACE] Group:2 Prob:0.93107 Alpha:0.50060
[MOE_TRACE] Group:0 Prob:0.85460 Alpha:0.50044
[MOE_TRACE] Group:0 Prob:0.85460 Alpha:0.50044
[MOE_TRACE] Group:1 Prob:0.23762 Alpha:0.50152[MOE_TRACE] Group:1 Prob:0.23762 Alpha:0.50152

[MOE_TRACE] Group:0 Prob:0.85460 Alpha:0.50044
[MOE_TRACE] Group:2 Prob:0.92834 Alpha:0.50060
[MOE_TRACE] Group:2 Prob:0.92834 Alpha:0.50060
[MOE_TRACE] Group:1 Prob:0.23762 Alpha:0.50152
[MOE_TRACE] Group:2 Prob:0.92834 Alpha:0.50060
[MOE_TRACE] Group:0 Prob:0.85460 Alpha:0.50044
[MOE_TRACE] Group:1 Prob:0.23762 Alpha:0.50152
[MOE_TRACE] Group:2 Prob:0.92834 Alpha:0.50060
[MOE_TRACE] Group:0 Prob:0.85645 Alpha:0.50044
[MOE_TRACE] Group:1 Prob:0.24330 Alpha:0.50152
[MOE_TRACE] Group:0 Prob:0.85645 Alpha:0.50044
[MOE_TRACE] Group:0 Prob:0.85645 Alpha:0.50044
[MOE_TRACE] Group:2 Prob:0.92946 Alpha:0.50061
[MOE_TRACE] Group:1 Prob:0.24330 Alpha:0.50152
[MOE_TRACE] Group:1 Prob:0.24330 Alpha:0.50152
[MOE_TRACE] Group:2 Prob:0.92946 Alpha:0.50061
[MOE_TRACE] Group:2 Prob:0.92946 Alpha:0.50061
[MOE_TRACE] Group:0 Prob:0.85645 Alpha:0.50044
[MOE_TRACE] Group:1 Prob:0.24330 Alpha:0.50152
[MOE_TRACE] Group:2 Prob:0.92946 Alpha:0.50061
[MOE_TRACE] Group:0 Prob:0.85898 Alpha:0.50044
[MOE_TRACE] Group:1 Prob:0.23223 Alpha:0.50152
[MOE_TRACE] Group:0 Prob:0.85898 Alpha:0.50044
[MOE_TRACE] Group:0 Prob:0.85898 Alpha:0.50044
[MOE_TRACE] Group:2 Prob:0.92947 Alpha:0.50061
[MOE_TRACE] Group:1 Prob:0.23223 Alpha:0.50152
[MOE_TRACE] Group:1 Prob:0.23223 Alpha:0.50152
[MOE_TRACE] Group:2 Prob:0.92947 Alpha:0.50061
[MOE_TRACE] Group:2 Prob:0.92947 Alpha:0.50061
[MOE_TRACE] Group:0 Prob:0.85898 Alpha:0.50044
[MOE_TRACE] Group:1 Prob:0.23223 Alpha:0.50152
[MOE_TRACE] Group:2 Prob:0.92947 Alpha:0.50061
[MOE_TRACE] Group:0 Prob:0.85971 Alpha:0.50044
[MOE_TRACE] Group:0 Prob:0.85971 Alpha:0.50044
[MOE_TRACE] Group:0 Prob:0.85971 Alpha:0.50044
[MOE_TRACE] Group:1 Prob:0.23548 Alpha:0.50152
[MOE_TRACE] Group:1 Prob:0.23548 Alpha:0.50152
[MOE_TRACE] Group:2 Prob:0.93098 Alpha:0.50061
[MOE_TRACE] Group:2 Prob:0.93098 Alpha:0.50061
[MOE_TRACE] Group:1 Prob:0.23548 Alpha:0.50152
[MOE_TRACE] Group:2 Prob:0.93098 Alpha:0.50061
[MOE_TRACE] Group:0 Prob:0.85971 Alpha:0.50044
[MOE_TRACE] Group:1 Prob:0.23548 Alpha:0.50152
[MOE_TRACE] Group:2 Prob:0.93098 Alpha:0.50061
[MOE_TRACE] Group:0 Prob:0.85186 Alpha:0.50044
[MOE_TRACE] Group:1 Prob:0.24939 Alpha:0.50152
[MOE_TRACE] Group:0 Prob:0.85186 Alpha:0.50044
[MOE_TRACE] Group:2 Prob:0.92779 Alpha:0.50061[MOE_TRACE] Group:0 Prob:0.85186 Alpha:0.50044

[MOE_TRACE] Group:1 Prob:0.24939 Alpha:0.50152
[MOE_TRACE] Group:1 Prob:0.24939 Alpha:0.50152
[MOE_TRACE] Group:2 Prob:0.92779 Alpha:0.50061
[MOE_TRACE] Group:2 Prob:0.92779 Alpha:0.50061
[MOE_TRACE] Group:0 Prob:0.85186 Alpha:0.50044
[MOE_TRACE] Group:1 Prob:0.24939 Alpha:0.50152
[MOE_TRACE] Group:2 Prob:0.92779 Alpha:0.50061
[MOE_TRACE] Group:0 Prob:0.85638 Alpha:0.50044
[MOE_TRACE] Group:1 Prob:0.23790 Alpha:0.50152
[MOE_TRACE] Group:0 Prob:0.85638 Alpha:0.50044
[MOE_TRACE] Group:1 Prob:0.23790 Alpha:0.50152
[MOE_TRACE] Group:0 Prob:0.85638 Alpha:0.50044
[MOE_TRACE] Group:2 Prob:0.92799 Alpha:0.50061
[MOE_TRACE] Group:1 Prob:0.23790 Alpha:0.50152
[MOE_TRACE] Group:2 Prob:0.92799 Alpha:0.50061
[MOE_TRACE] Group:0 Prob:0.85638 Alpha:0.50044
[MOE_TRACE] Group:1 Prob:0.23790 Alpha:0.50152
[MOE_TRACE] Group:2 Prob:0.92799 Alpha:0.50061
[MOE_TRACE] Group:0 Prob:0.85931 Alpha:0.50045[MOE_TRACE] Group:0 Prob:0.85931 Alpha:0.50045

[MOE_TRACE] Group:1 Prob:0.22488 Alpha:0.50152
[MOE_TRACE] Group:0 Prob:0.85931 Alpha:0.50045
[MOE_TRACE] Group:1 Prob:0.22488 Alpha:0.50152
[MOE_TRACE] Group:2 Prob:0.92932 Alpha:0.50060
[MOE_TRACE] Group:2 Prob:0.92932 Alpha:0.50060
[MOE_TRACE] Group:1 Prob:0.22488 Alpha:0.50152
[MOE_TRACE] Group:2 Prob:0.92932 Alpha:0.50060
[MOE_TRACE] Group:0 Prob:0.85931 Alpha:0.50045
[MOE_TRACE] Group:1 Prob:0.22488 Alpha:0.50152
[MOE_TRACE] Group:2 Prob:0.92932 Alpha:0.50060
[MOE_TRACE] Group:0 Prob:0.85829 Alpha:0.50045
[MOE_TRACE] Group:0 Prob:0.85829 Alpha:0.50045
[MOE_TRACE] Group:0 Prob:0.85829 Alpha:0.50045
[MOE_TRACE] Group:1 Prob:0.24417 Alpha:0.50153
[MOE_TRACE] Group:1 Prob:0.24417 Alpha:0.50153
[MOE_TRACE] Group:1 Prob:0.24417 Alpha:0.50153
[MOE_TRACE] Group:0 Prob:0.85829 Alpha:0.50045[MOE_TRACE] Group:2 Prob:0.92919 Alpha:0.50060

[MOE_TRACE] Group:2 Prob:0.92919 Alpha:0.50060
[MOE_TRACE] Group:1 Prob:0.24417 Alpha:0.50153
[MOE_TRACE] Group:2 Prob:0.92919 Alpha:0.50060
[MOE_TRACE] Group:2 Prob:0.92919 Alpha:0.50060
[MOE_TRACE] Group:0 Prob:0.85957 Alpha:0.50045
[MOE_TRACE] Group:0 Prob:0.85957 Alpha:0.50045[MOE_TRACE] Group:0 Prob:0.85957 Alpha:0.50045

[MOE_TRACE] Group:1 Prob:0.23064 Alpha:0.50153
[MOE_TRACE] Group:1 Prob:0.23064 Alpha:0.50153[MOE_TRACE] Group:1 Prob:0.23064 Alpha:0.50153

[MOE_TRACE] Group:0 Prob:0.85957 Alpha:0.50045[MOE_TRACE] Group:2 Prob:0.93073 Alpha:0.50060

[MOE_TRACE] Group:2 Prob:0.93073 Alpha:0.50060
[MOE_TRACE] Group:2 Prob:0.93073 Alpha:0.50060
[MOE_TRACE] Group:1 Prob:0.23064 Alpha:0.50153
[MOE_TRACE] Group:2 Prob:0.93073 Alpha:0.50060
[MOE_TRACE] Group:0 Prob:0.85757 Alpha:0.50045[MOE_TRACE] Group:0 Prob:0.85757 Alpha:0.50045

[MOE_TRACE] Group:0 Prob:0.85757 Alpha:0.50045
[MOE_TRACE] Group:1 Prob:0.25640 Alpha:0.50153[MOE_TRACE] Group:1 Prob:0.25640 Alpha:0.50153

[MOE_TRACE] Group:1 Prob:0.25640 Alpha:0.50153
[MOE_TRACE] Group:0 Prob:0.85757 Alpha:0.50045
[MOE_TRACE] Group:1 Prob:0.25640 Alpha:0.50153
[MOE_TRACE] Group:2 Prob:0.92960 Alpha:0.50060
[MOE_TRACE] Group:0 Prob:0.85697 Alpha:0.50045
[MOE_TRACE] Group:0 Prob:0.85697 Alpha:0.50045
[MOE_TRACE] Group:0 Prob:0.85697 Alpha:0.50045
[MOE_TRACE] Group:1 Prob:0.23858 Alpha:0.50153
[MOE_TRACE] Group:1 Prob:0.23858 Alpha:0.50153
[MOE_TRACE] Group:1 Prob:0.23858 Alpha:0.50153
[MOE_TRACE] Group:2 Prob:0.92793 Alpha:0.50060
[MOE_TRACE] Group:2 Prob:0.92793 Alpha:0.50060
[MOE_TRACE] Group:2 Prob:0.92793 Alpha:0.50060
[MOE_TRACE] Group:0 Prob:0.85697 Alpha:0.50045
[MOE_TRACE] Group:1 Prob:0.23858 Alpha:0.50153
[MOE_TRACE] Group:2 Prob:0.92793 Alpha:0.50060
[MOE_TRACE] Group:0 Prob:0.86049 Alpha:0.50045
[MOE_TRACE] Group:0 Prob:0.86049 Alpha:0.50045[MOE_TRACE] Group:0 Prob:0.86049 Alpha:0.50045

[MOE_TRACE] Group:1 Prob:0.24459 Alpha:0.50154
[MOE_TRACE] Group:1 Prob:0.24459 Alpha:0.50154
[MOE_TRACE] Group:0 Prob:0.86049 Alpha:0.50045
[MOE_TRACE] Group:1 Prob:0.24459 Alpha:0.50154
[MOE_TRACE] Group:2 Prob:0.92977 Alpha:0.50060
[MOE_TRACE] Group:0 Prob:0.86482 Alpha:0.50045
[MOE_TRACE] Group:0 Prob:0.86482 Alpha:0.50045
[MOE_TRACE] Group:1 Prob:0.25868 Alpha:0.50154
[MOE_TRACE] Group:0 Prob:0.86482 Alpha:0.50045
[MOE_TRACE] Group:1 Prob:0.25868 Alpha:0.50154
[MOE_TRACE] Group:2 Prob:0.92874 Alpha:0.50060
[MOE_TRACE] Group:1 Prob:0.25868 Alpha:0.50154
[MOE_TRACE] Group:2 Prob:0.92874 Alpha:0.50060
[MOE_TRACE] Group:2 Prob:0.92874 Alpha:0.50060
[MOE_TRACE] Group:0 Prob:0.86482 Alpha:0.50045
[MOE_TRACE] Group:1 Prob:0.25868 Alpha:0.50154
[MOE_TRACE] Group:2 Prob:0.92874 Alpha:0.50060
[MOE_TRACE] Group:0 Prob:0.86101 Alpha:0.50045
[MOE_TRACE] Group:0 Prob:0.86101 Alpha:0.50045
[MOE_TRACE] Group:0 Prob:0.86101 Alpha:0.50045
[MOE_TRACE] Group:1 Prob:0.23848 Alpha:0.50154
[MOE_TRACE] Group:1 Prob:0.23848 Alpha:0.50154
[MOE_TRACE] Group:1 Prob:0.23848 Alpha:0.50154[MOE_TRACE] Group:2 Prob:0.93188 Alpha:0.50060

[MOE_TRACE] Group:0 Prob:0.86101 Alpha:0.50045[MOE_TRACE] Group:2 Prob:0.93188 Alpha:0.50060
[MOE_TRACE] Group:2 Prob:0.93188 Alpha:0.50060

[MOE_TRACE] Group:1 Prob:0.23848 Alpha:0.50154
[MOE_TRACE] Group:2 Prob:0.93188 Alpha:0.50060
[MOE_TRACE] Group:0 Prob:0.85615 Alpha:0.50045
[MOE_TRACE] Group:0 Prob:0.85615 Alpha:0.50045
[MOE_TRACE] Group:0 Prob:0.85615 Alpha:0.50045
[MOE_TRACE] Group:1 Prob:0.24381 Alpha:0.50154
[MOE_TRACE] Group:1 Prob:0.24381 Alpha:0.50154
[MOE_TRACE] Group:1 Prob:0.24381 Alpha:0.50154
[MOE_TRACE] Group:2 Prob:0.92967 Alpha:0.50060
[MOE_TRACE] Group:2 Prob:0.92967 Alpha:0.50060[MOE_TRACE] Group:2 Prob:0.92967 Alpha:0.50060

[MOE_TRACE] Group:0 Prob:0.85615 Alpha:0.50045
[MOE_TRACE] Group:1 Prob:0.24381 Alpha:0.50154
[MOE_TRACE] Group:2 Prob:0.92967 Alpha:0.50060
[MOE_TRACE] Group:0 Prob:0.85788 Alpha:0.50045
[MOE_TRACE] Group:0 Prob:0.85788 Alpha:0.50045
[MOE_TRACE] Group:1 Prob:0.23806 Alpha:0.50155
[MOE_TRACE] Group:1 Prob:0.23806 Alpha:0.50155
[MOE_TRACE] Group:2 Prob:0.93009 Alpha:0.50060
[MOE_TRACE] Group:0 Prob:0.85788 Alpha:0.50045
[MOE_TRACE] Group:2 Prob:0.93009 Alpha:0.50060[MOE_TRACE] Group:1 Prob:0.23806 Alpha:0.50155

[MOE_TRACE] Group:2 Prob:0.93009 Alpha:0.50060
[MOE_TRACE] Group:0 Prob:0.85788 Alpha:0.50045
[MOE_TRACE] Group:1 Prob:0.23806 Alpha:0.50155
[MOE_TRACE] Group:2 Prob:0.93009 Alpha:0.50060
[MOE_TRACE] Group:0 Prob:0.85743 Alpha:0.50045
[MOE_TRACE] Group:0 Prob:0.85743 Alpha:0.50045
[MOE_TRACE] Group:0 Prob:0.85743 Alpha:0.50045
[MOE_TRACE] Group:1 Prob:0.22946 Alpha:0.50155
[MOE_TRACE] Group:1 Prob:0.22946 Alpha:0.50155
[MOE_TRACE] Group:1 Prob:0.22946 Alpha:0.50155
[MOE_TRACE] Group:2 Prob:0.92775 Alpha:0.50060
[MOE_TRACE] Group:2 Prob:0.92775 Alpha:0.50060
[MOE_TRACE] Group:2 Prob:0.92775 Alpha:0.50060
[MOE_TRACE] Group:0 Prob:0.85743 Alpha:0.50045
[MOE_TRACE] Group:1 Prob:0.22946 Alpha:0.50155
[MOE_TRACE] Group:2 Prob:0.92775 Alpha:0.50060
[MOE_TRACE] Group:0 Prob:0.85880 Alpha:0.50045
[MOE_TRACE] Group:0 Prob:0.85880 Alpha:0.50045
[MOE_TRACE] Group:0 Prob:0.85880 Alpha:0.50045
[MOE_TRACE] Group:1 Prob:0.24061 Alpha:0.50155
[MOE_TRACE] Group:1 Prob:0.24061 Alpha:0.50155
[MOE_TRACE] Group:2 Prob:0.93013 Alpha:0.50060
[MOE_TRACE] Group:2 Prob:0.93013 Alpha:0.50060[MOE_TRACE] Group:1 Prob:0.24061 Alpha:0.50155

[MOE_TRACE] Group:2 Prob:0.93013 Alpha:0.50060
[MOE_TRACE] Group:0 Prob:0.85880 Alpha:0.50045
[MOE_TRACE] Group:1 Prob:0.24061 Alpha:0.50155
[MOE_TRACE] Group:2 Prob:0.93013 Alpha:0.50060
[MOE_TRACE] Group:0 Prob:0.85689 Alpha:0.50045[MOE_TRACE] Group:0 Prob:0.85689 Alpha:0.50045

[MOE_TRACE] Group:0 Prob:0.85689 Alpha:0.50045
[MOE_TRACE] Group:1 Prob:0.24410 Alpha:0.50155
[MOE_TRACE] Group:0 Prob:0.85689 Alpha:0.50045
[MOE_TRACE] Group:1 Prob:0.24410 Alpha:0.50155
[MOE_TRACE] Group:2 Prob:0.92926 Alpha:0.50060
[MOE_TRACE] Group:0 Prob:0.85890 Alpha:0.50045
[MOE_TRACE] Group:0 Prob:0.85890 Alpha:0.50045
[MOE_TRACE] Group:1 Prob:0.23439 Alpha:0.50155
[MOE_TRACE] Group:0 Prob:0.85890 Alpha:0.50045[MOE_TRACE] Group:2 Prob:0.93051 Alpha:0.50061[MOE_TRACE] Group:1 Prob:0.23439 Alpha:0.50155


[MOE_TRACE] Group:2 Prob:0.93051 Alpha:0.50061
[MOE_TRACE] Group:1 Prob:0.23439 Alpha:0.50155
[MOE_TRACE] Group:0 Prob:0.85890 Alpha:0.50045
[MOE_TRACE] Group:2 Prob:0.93051 Alpha:0.50061
[MOE_TRACE] Group:1 Prob:0.23439 Alpha:0.50155
[MOE_TRACE] Group:2 Prob:0.93051 Alpha:0.50061
[MOE_TRACE] Group:0 Prob:0.85416 Alpha:0.50045[MOE_TRACE] Group:0 Prob:0.85416 Alpha:0.50045

[MOE_TRACE] Group:0 Prob:0.85416 Alpha:0.50045
[MOE_TRACE] Group:1 Prob:0.24287 Alpha:0.50156
[MOE_TRACE] Group:1 Prob:0.24287 Alpha:0.50156
[MOE_TRACE] Group:1 Prob:0.24287 Alpha:0.50156
[MOE_TRACE] Group:2 Prob:0.92877 Alpha:0.50061
[MOE_TRACE] Group:2 Prob:0.92877 Alpha:0.50061
[MOE_TRACE] Group:2 Prob:0.92877 Alpha:0.50061
[MOE_TRACE] Group:0 Prob:0.85416 Alpha:0.50045
[MOE_TRACE] Group:1 Prob:0.24287 Alpha:0.50156
[MOE_TRACE] Group:2 Prob:0.92877 Alpha:0.50061
[MOE_TRACE] Group:0 Prob:0.85757 Alpha:0.50045
[MOE_TRACE] Group:0 Prob:0.85757 Alpha:0.50045
[MOE_TRACE] Group:0 Prob:0.85757 Alpha:0.50045
[MOE_TRACE] Group:1 Prob:0.25164 Alpha:0.50156
[MOE_TRACE] Group:1 Prob:0.25164 Alpha:0.50156
[MOE_TRACE] Group:1 Prob:0.25164 Alpha:0.50156
[MOE_TRACE] Group:2 Prob:0.92904 Alpha:0.50061
[MOE_TRACE] Group:2 Prob:0.92904 Alpha:0.50061
[MOE_TRACE] Group:2 Prob:0.92904 Alpha:0.50061
[MOE_TRACE] Group:0 Prob:0.85757 Alpha:0.50045
[MOE_TRACE] Group:1 Prob:0.25164 Alpha:0.50156
[MOE_TRACE] Group:2 Prob:0.92904 Alpha:0.50061
[MOE_TRACE] Group:0 Prob:0.86084 Alpha:0.50045[MOE_TRACE] Group:0 Prob:0.86084 Alpha:0.50045

[MOE_TRACE] Group:0 Prob:0.86084 Alpha:0.50045
[MOE_TRACE] Group:1 Prob:0.24479 Alpha:0.50156
[MOE_TRACE] Group:1 Prob:0.24479 Alpha:0.50156
[MOE_TRACE] Group:1 Prob:0.24479 Alpha:0.50156
[MOE_TRACE] Group:0 Prob:0.86084 Alpha:0.50045
[MOE_TRACE] Group:1 Prob:0.24479 Alpha:0.50156
[MOE_TRACE] Group:2 Prob:0.92949 Alpha:0.50061
[MOE_TRACE] Group:0 Prob:0.85450 Alpha:0.50045
[MOE_TRACE] Group:0 Prob:0.85450 Alpha:0.50045
[MOE_TRACE] Group:0 Prob:0.85450 Alpha:0.50045
[MOE_TRACE] Group:1 Prob:0.23925 Alpha:0.50157
[MOE_TRACE] Group:1 Prob:0.23925 Alpha:0.50157
[MOE_TRACE] Group:1 Prob:0.23925 Alpha:0.50157
[MOE_TRACE] Group:2 Prob:0.92969 Alpha:0.50061
[MOE_TRACE] Group:0 Prob:0.85450 Alpha:0.50045
[MOE_TRACE] Group:2 Prob:0.92969 Alpha:0.50061
[MOE_TRACE] Group:2 Prob:0.92969 Alpha:0.50061
[MOE_TRACE] Group:1 Prob:0.23925 Alpha:0.50157
[MOE_TRACE] Group:2 Prob:0.92969 Alpha:0.50061
[MOE_TRACE] Group:0 Prob:0.86253 Alpha:0.50045
[MOE_TRACE] Group:0 Prob:0.86253 Alpha:0.50045
[MOE_TRACE] Group:0 Prob:0.86253 Alpha:0.50045
[MOE_TRACE] Group:1 Prob:0.23352 Alpha:0.50157
[MOE_TRACE] Group:1 Prob:0.23352 Alpha:0.50157
[MOE_TRACE] Group:1 Prob:0.23352 Alpha:0.50157
[MOE_TRACE] Group:2 Prob:0.92959 Alpha:0.50061
[MOE_TRACE] Group:2 Prob:0.92959 Alpha:0.50061
[MOE_TRACE] Group:2 Prob:0.92959 Alpha:0.50061
[MOE_TRACE] Group:0 Prob:0.86253 Alpha:0.50045
[MOE_TRACE] Group:1 Prob:0.23352 Alpha:0.50157
[MOE_TRACE] Group:2 Prob:0.92959 Alpha:0.50061
[MOE_TRACE] Group:0 Prob:0.86165 Alpha:0.50045
[MOE_TRACE] Group:0 Prob:0.86165 Alpha:0.50045
[MOE_TRACE] Group:0 Prob:0.86165 Alpha:0.50045
[MOE_TRACE] Group:1 Prob:0.25032 Alpha:0.50157
[MOE_TRACE] Group:1 Prob:0.25032 Alpha:0.50157
[MOE_TRACE] Group:1 Prob:0.25032 Alpha:0.50157
[MOE_TRACE] Group:2 Prob:0.93033 Alpha:0.50061
[MOE_TRACE] Group:2 Prob:0.93033 Alpha:0.50061[MOE_TRACE] Group:2 Prob:0.93033 Alpha:0.50061

[MOE_TRACE] Group:0 Prob:0.86165 Alpha:0.50045
[MOE_TRACE] Group:1 Prob:0.25032 Alpha:0.50157
[MOE_TRACE] Group:2 Prob:0.93033 Alpha:0.50061
[MOE_TRACE] Group:0 Prob:0.85961 Alpha:0.50045
[MOE_TRACE] Group:0 Prob:0.85961 Alpha:0.50045
[MOE_TRACE] Group:1 Prob:0.23662 Alpha:0.50157
[MOE_TRACE] Group:1 Prob:0.23662 Alpha:0.50157
[MOE_TRACE] Group:0 Prob:0.85961 Alpha:0.50045
[MOE_TRACE] Group:2 Prob:0.92756 Alpha:0.50061
[MOE_TRACE] Group:2 Prob:0.92756 Alpha:0.50061
[MOE_TRACE] Group:1 Prob:0.23662 Alpha:0.50157
[MOE_TRACE] Group:0 Prob:0.85961 Alpha:0.50045[MOE_TRACE] Group:2 Prob:0.92756 Alpha:0.50061

[MOE_TRACE] Group:1 Prob:0.23662 Alpha:0.50157
[MOE_TRACE] Group:2 Prob:0.92756 Alpha:0.50061
[MOE_TRACE] Group:0 Prob:0.85369 Alpha:0.50045[MOE_TRACE] Group:0 Prob:0.85369 Alpha:0.50045

[MOE_TRACE] Group:1 Prob:0.23778 Alpha:0.50157
[MOE_TRACE] Group:1 Prob:0.23778 Alpha:0.50157
[MOE_TRACE] Group:0 Prob:0.85369 Alpha:0.50045
[MOE_TRACE] Group:2 Prob:0.92715 Alpha:0.50061
[MOE_TRACE] Group:2 Prob:0.92715 Alpha:0.50061
[MOE_TRACE] Group:1 Prob:0.23778 Alpha:0.50157
[MOE_TRACE] Group:0 Prob:0.85369 Alpha:0.50045[MOE_TRACE] Group:2 Prob:0.92715 Alpha:0.50061

[MOE_TRACE] Group:1 Prob:0.23778 Alpha:0.50157
[MOE_TRACE] Group:2 Prob:0.92715 Alpha:0.50061
[MOE_TRACE] Group:0 Prob:0.86019 Alpha:0.50045[MOE_TRACE] Group:0 Prob:0.86019 Alpha:0.50045

[MOE_TRACE] Group:0 Prob:0.86019 Alpha:0.50045[MOE_TRACE] Group:1 Prob:0.24911 Alpha:0.50158
[MOE_TRACE] Group:1 Prob:0.24911 Alpha:0.50158

[MOE_TRACE] Group:1 Prob:0.24911 Alpha:0.50158
[MOE_TRACE] Group:2 Prob:0.92915 Alpha:0.50061[MOE_TRACE] Group:2 Prob:0.92915 Alpha:0.50061

[MOE_TRACE] Group:2 Prob:0.92915 Alpha:0.50061
[MOE_TRACE] Group:0 Prob:0.86019 Alpha:0.50045
[MOE_TRACE] Group:1 Prob:0.24911 Alpha:0.50158
[MOE_TRACE] Group:2 Prob:0.92915 Alpha:0.50061
[MOE_TRACE] Group:0 Prob:0.85427 Alpha:0.50045[MOE_TRACE] Group:0 Prob:0.85427 Alpha:0.50045
[MOE_TRACE] Group:0 Prob:0.85427 Alpha:0.50045

[MOE_TRACE] Group:1 Prob:0.24229 Alpha:0.50158[MOE_TRACE] Group:1 Prob:0.24229 Alpha:0.50158[MOE_TRACE] Group:1 Prob:0.24229 Alpha:0.50158


[MOE_TRACE] Group:2 Prob:0.93042 Alpha:0.50061[MOE_TRACE] Group:2 Prob:0.93042 Alpha:0.50061

[MOE_TRACE] Group:2 Prob:0.93042 Alpha:0.50061
[MOE_TRACE] Group:0 Prob:0.85427 Alpha:0.50045
[MOE_TRACE] Group:1 Prob:0.24229 Alpha:0.50158
[MOE_TRACE] Group:2 Prob:0.93042 Alpha:0.50061
[MOE_TRACE] Group:0 Prob:0.85666 Alpha:0.50045
[MOE_TRACE] Group:1 Prob:0.25164 Alpha:0.50158
[MOE_TRACE] Group:0 Prob:0.85666 Alpha:0.50045
[MOE_TRACE] Group:0 Prob:0.85666 Alpha:0.50045
[MOE_TRACE] Group:2 Prob:0.93171 Alpha:0.50061
[MOE_TRACE] Group:1 Prob:0.25164 Alpha:0.50158
[MOE_TRACE] Group:1 Prob:0.25164 Alpha:0.50158
[MOE_TRACE] Group:2 Prob:0.93171 Alpha:0.50061
[MOE_TRACE] Group:2 Prob:0.93171 Alpha:0.50061
[MOE_TRACE] Group:0 Prob:0.85666 Alpha:0.50045
[MOE_TRACE] Group:1 Prob:0.25164 Alpha:0.50158
[MOE_TRACE] Group:2 Prob:0.93171 Alpha:0.50061
[MOE_TRACE] Group:0 Prob:0.85546 Alpha:0.50045
[MOE_TRACE] Group:1 Prob:0.24075 Alpha:0.50158
[MOE_TRACE] Group:0 Prob:0.85546 Alpha:0.50045
[MOE_TRACE] Group:0 Prob:0.85546 Alpha:0.50045
[MOE_TRACE] Group:1 Prob:0.24075 Alpha:0.50158
[MOE_TRACE] Group:2 Prob:0.93097 Alpha:0.50061
[MOE_TRACE] Group:1 Prob:0.24075 Alpha:0.50158
[MOE_TRACE] Group:2 Prob:0.93097 Alpha:0.50061
[MOE_TRACE] Group:0 Prob:0.85546 Alpha:0.50045
[MOE_TRACE] Group:1 Prob:0.24075 Alpha:0.50158
[MOE_TRACE] Group:2 Prob:0.93097 Alpha:0.50061
[MOE_TRACE] Group:0 Prob:0.85469 Alpha:0.50045
[MOE_TRACE] Group:1 Prob:0.24256 Alpha:0.50159
[MOE_TRACE] Group:0 Prob:0.85469 Alpha:0.50045
[MOE_TRACE] Group:2 Prob:0.92837 Alpha:0.50061
[MOE_TRACE] Group:0 Prob:0.85469 Alpha:0.50045
[MOE_TRACE] Group:1 Prob:0.24256 Alpha:0.50159
[MOE_TRACE] Group:1 Prob:0.24256 Alpha:0.50159
[MOE_TRACE] Group:2 Prob:0.92837 Alpha:0.50061
[MOE_TRACE] Group:2 Prob:0.92837 Alpha:0.50061
[MOE_TRACE] Group:0 Prob:0.85469 Alpha:0.50045
[MOE_TRACE] Group:1 Prob:0.24256 Alpha:0.50159
[MOE_TRACE] Group:2 Prob:0.92837 Alpha:0.50061
[MOE_TRACE] Group:0 Prob:0.85797 Alpha:0.50045
[MOE_TRACE] Group:0 Prob:0.85797 Alpha:0.50045
[MOE_TRACE] Group:0 Prob:0.85797 Alpha:0.50045
[MOE_TRACE] Group:1 Prob:0.23437 Alpha:0.50159[MOE_TRACE] Group:1 Prob:0.23437 Alpha:0.50159

[MOE_TRACE] Group:1 Prob:0.23437 Alpha:0.50159
[MOE_TRACE] Group:2 Prob:0.93006 Alpha:0.50061
[MOE_TRACE] Group:2 Prob:0.93006 Alpha:0.50061
[MOE_TRACE] Group:2 Prob:0.93006 Alpha:0.50061
[MOE_TRACE] Group:0 Prob:0.85797 Alpha:0.50045
[MOE_TRACE] Group:1 Prob:0.23437 Alpha:0.50159
[MOE_TRACE] Group:2 Prob:0.93006 Alpha:0.50061
[MOE_TRACE] Group:0 Prob:0.85582 Alpha:0.50045
[MOE_TRACE] Group:1 Prob:0.23061 Alpha:0.50159
[MOE_TRACE] Group:0 Prob:0.85582 Alpha:0.50045
[MOE_TRACE] Group:0 Prob:0.85582 Alpha:0.50045
[MOE_TRACE] Group:1 Prob:0.23061 Alpha:0.50159
[MOE_TRACE] Group:2 Prob:0.92996 Alpha:0.50061
[MOE_TRACE] Group:1 Prob:0.23061 Alpha:0.50159
[MOE_TRACE] Group:2 Prob:0.92996 Alpha:0.50061
[MOE_TRACE] Group:0 Prob:0.85582 Alpha:0.50045
[MOE_TRACE] Group:1 Prob:0.23061 Alpha:0.50159
[MOE_TRACE] Group:2 Prob:0.92996 Alpha:0.50061
[MOE_TRACE] Group:0 Prob:0.85733 Alpha:0.50045
[MOE_TRACE] Group:1 Prob:0.24187 Alpha:0.50159
[MOE_TRACE] Group:0 Prob:0.85733 Alpha:0.50045
[MOE_TRACE] Group:0 Prob:0.85733 Alpha:0.50045
[MOE_TRACE] Group:2 Prob:0.92930 Alpha:0.50061
[MOE_TRACE] Group:1 Prob:0.24187 Alpha:0.50159
[MOE_TRACE] Group:1 Prob:0.24187 Alpha:0.50159
[MOE_TRACE] Group:0 Prob:0.85733 Alpha:0.50045[MOE_TRACE] Group:2 Prob:0.92930 Alpha:0.50061

[MOE_TRACE] Group:2 Prob:0.92930 Alpha:0.50061
[MOE_TRACE] Group:1 Prob:0.24187 Alpha:0.50159
[MOE_TRACE] Group:2 Prob:0.92930 Alpha:0.50061
[MOE_TRACE] Group:0 Prob:0.86026 Alpha:0.50045
[MOE_TRACE] Group:1 Prob:0.22681 Alpha:0.50159
[MOE_TRACE] Group:0 Prob:0.86026 Alpha:0.50045
[MOE_TRACE] Group:0 Prob:0.86026 Alpha:0.50045
[MOE_TRACE] Group:2 Prob:0.92795 Alpha:0.50061
[MOE_TRACE] Group:1 Prob:0.22681 Alpha:0.50159
[MOE_TRACE] Group:1 Prob:0.22681 Alpha:0.50159
[MOE_TRACE] Group:2 Prob:0.92795 Alpha:0.50061
[MOE_TRACE] Group:2 Prob:0.92795 Alpha:0.50061
[MOE_TRACE] Group:0 Prob:0.86026 Alpha:0.50045
[MOE_TRACE] Group:1 Prob:0.22681 Alpha:0.50159
[MOE_TRACE] Group:2 Prob:0.92795 Alpha:0.50061
[MOE_TRACE] Group:0 Prob:0.84919 Alpha:0.50045[MOE_TRACE] Group:0 Prob:0.84919 Alpha:0.50045

[MOE_TRACE] Group:0 Prob:0.84919 Alpha:0.50045
[MOE_TRACE] Group:1 Prob:0.23208 Alpha:0.50159
[MOE_TRACE] Group:0 Prob:0.84919 Alpha:0.50045
[MOE_TRACE] Group:1 Prob:0.23208 Alpha:0.50159
[MOE_TRACE] Group:2 Prob:0.92883 Alpha:0.50061
[MOE_TRACE] Group:0 Prob:0.85354 Alpha:0.50046
[MOE_TRACE] Group:0 Prob:0.85354 Alpha:0.50046
[MOE_TRACE] Group:1 Prob:0.25311 Alpha:0.50160
[MOE_TRACE] Group:0 Prob:0.85354 Alpha:0.50046
[MOE_TRACE] Group:1 Prob:0.25311 Alpha:0.50160
[MOE_TRACE] Group:2 Prob:0.92889 Alpha:0.50061
[MOE_TRACE] Group:1 Prob:0.25311 Alpha:0.50160
[MOE_TRACE] Group:2 Prob:0.92889 Alpha:0.50061
[MOE_TRACE] Group:2 Prob:0.92889 Alpha:0.50061
[MOE_TRACE] Group:0 Prob:0.85354 Alpha:0.50046
[MOE_TRACE] Group:1 Prob:0.25311 Alpha:0.50160
[MOE_TRACE] Group:2 Prob:0.92889 Alpha:0.50061
[MOE_TRACE] Group:0 Prob:0.85761 Alpha:0.50046[MOE_TRACE] Group:0 Prob:0.85761 Alpha:0.50046
[MOE_TRACE] Group:0 Prob:0.85761 Alpha:0.50046

[MOE_TRACE] Group:1 Prob:0.25143 Alpha:0.50160
[MOE_TRACE] Group:1 Prob:0.25143 Alpha:0.50160
[MOE_TRACE] Group:1 Prob:0.25143 Alpha:0.50160
[MOE_TRACE] Group:2 Prob:0.92723 Alpha:0.50061
[MOE_TRACE] Group:2 Prob:0.92723 Alpha:0.50061
[MOE_TRACE] Group:2 Prob:0.92723 Alpha:0.50061
[MOE_TRACE] Group:0 Prob:0.85761 Alpha:0.50046
[MOE_TRACE] Group:1 Prob:0.25143 Alpha:0.50160
[MOE_TRACE] Group:2 Prob:0.92723 Alpha:0.50061
[MOE_TRACE] Group:0 Prob:0.86002 Alpha:0.50046
[MOE_TRACE] Group:1 Prob:0.24735 Alpha:0.50160
[MOE_TRACE] Group:0 Prob:0.86002 Alpha:0.50046
[MOE_TRACE] Group:0 Prob:0.86002 Alpha:0.50046
[MOE_TRACE] Group:1 Prob:0.24735 Alpha:0.50160
[MOE_TRACE] Group:2 Prob:0.92904 Alpha:0.50061
[MOE_TRACE] Group:2 Prob:0.92904 Alpha:0.50061
[MOE_TRACE] Group:1 Prob:0.24735 Alpha:0.50160
[MOE_TRACE] Group:0 Prob:0.86002 Alpha:0.50046[MOE_TRACE] Group:2 Prob:0.92904 Alpha:0.50061

[MOE_TRACE] Group:1 Prob:0.24735 Alpha:0.50160
[MOE_TRACE] Group:2 Prob:0.92904 Alpha:0.50061
[MOE_TRACE] Group:0 Prob:0.85919 Alpha:0.50046
[MOE_TRACE] Group:1 Prob:0.25356 Alpha:0.50160
[MOE_TRACE] Group:0 Prob:0.85919 Alpha:0.50046
[MOE_TRACE] Group:0 Prob:0.85919 Alpha:0.50046
[MOE_TRACE] Group:1 Prob:0.25356 Alpha:0.50160
[MOE_TRACE] Group:1 Prob:0.25356 Alpha:0.50160
[MOE_TRACE] Group:2 Prob:0.93091 Alpha:0.50061[MOE_TRACE] Group:2 Prob:0.93091 Alpha:0.50061[MOE_TRACE] Group:2 Prob:0.93091 Alpha:0.50061


[MOE_TRACE] Group:0 Prob:0.85919 Alpha:0.50046
[MOE_TRACE] Group:1 Prob:0.25356 Alpha:0.50160
[MOE_TRACE] Group:2 Prob:0.93091 Alpha:0.50061
[MOE_TRACE] Group:0 Prob:0.85978 Alpha:0.50046
[MOE_TRACE] Group:0 Prob:0.85978 Alpha:0.50046
[MOE_TRACE] Group:0 Prob:0.85978 Alpha:0.50046
[MOE_TRACE] Group:1 Prob:0.24313 Alpha:0.50160[MOE_TRACE] Group:1 Prob:0.24313 Alpha:0.50160

[MOE_TRACE] Group:2 Prob:0.92831 Alpha:0.50061
[MOE_TRACE] Group:2 Prob:0.92831 Alpha:0.50061
[MOE_TRACE] Group:1 Prob:0.24313 Alpha:0.50160
[MOE_TRACE] Group:2 Prob:0.92831 Alpha:0.50061
[MOE_TRACE] Group:0 Prob:0.85978 Alpha:0.50046
[MOE_TRACE] Group:1 Prob:0.24313 Alpha:0.50160
[MOE_TRACE] Group:2 Prob:0.92831 Alpha:0.50061
[MOE_TRACE] Group:0 Prob:0.85187 Alpha:0.50045
[MOE_TRACE] Group:0 Prob:0.85187 Alpha:0.50045
[MOE_TRACE] Group:1 Prob:0.24387 Alpha:0.50160
[MOE_TRACE] Group:1 Prob:0.24387 Alpha:0.50160
[MOE_TRACE] Group:0 Prob:0.85187 Alpha:0.50045
[MOE_TRACE] Group:1 Prob:0.24387 Alpha:0.50160
[MOE_TRACE] Group:2 Prob:0.92831 Alpha:0.50061
[MOE_TRACE] Group:0 Prob:0.85187 Alpha:0.50045
[MOE_TRACE] Group:1 Prob:0.24387 Alpha:0.50160
[MOE_TRACE] Group:2 Prob:0.92831 Alpha:0.50061
[MOE_TRACE] Group:0 Prob:0.85467 Alpha:0.50045
[MOE_TRACE] Group:1 Prob:0.24060 Alpha:0.50160
[MOE_TRACE] Group:0 Prob:0.85467 Alpha:0.50045
[MOE_TRACE] Group:0 Prob:0.85467 Alpha:0.50045
[MOE_TRACE] Group:2 Prob:0.92670 Alpha:0.50062
[MOE_TRACE] Group:1 Prob:0.24060 Alpha:0.50160
[MOE_TRACE] Group:1 Prob:0.24060 Alpha:0.50160
[MOE_TRACE] Group:2 Prob:0.92670 Alpha:0.50062
[MOE_TRACE] Group:2 Prob:0.92670 Alpha:0.50062
[MOE_TRACE] Group:0 Prob:0.85467 Alpha:0.50045
[MOE_TRACE] Group:1 Prob:0.24060 Alpha:0.50160
[MOE_TRACE] Group:2 Prob:0.92670 Alpha:0.50062
	iters: 100, epoch: 5 | loss: 0.4631011
	speed: 5.1644s/iter; left time: 4012.7282s
[MOE_TRACE] Group:0 Prob:0.85728 Alpha:0.50045
[MOE_TRACE] Group:0 Prob:0.85728 Alpha:0.50045
[MOE_TRACE] Group:0 Prob:0.85728 Alpha:0.50045
[MOE_TRACE] Group:1 Prob:0.24569 Alpha:0.50161
[MOE_TRACE] Group:1 Prob:0.24569 Alpha:0.50161[MOE_TRACE] Group:1 Prob:0.24569 Alpha:0.50161

[MOE_TRACE] Group:2 Prob:0.92764 Alpha:0.50062
[MOE_TRACE] Group:2 Prob:0.92764 Alpha:0.50062
[MOE_TRACE] Group:2 Prob:0.92764 Alpha:0.50062
[MOE_TRACE] Group:0 Prob:0.85728 Alpha:0.50045
[MOE_TRACE] Group:1 Prob:0.24569 Alpha:0.50161
[MOE_TRACE] Group:2 Prob:0.92764 Alpha:0.50062
[MOE_TRACE] Group:0 Prob:0.85983 Alpha:0.50045
[MOE_TRACE] Group:0 Prob:0.85983 Alpha:0.50045
[MOE_TRACE] Group:0 Prob:0.85983 Alpha:0.50045
[MOE_TRACE] Group:1 Prob:0.22865 Alpha:0.50161
[MOE_TRACE] Group:2 Prob:0.92731 Alpha:0.50061
[MOE_TRACE] Group:1 Prob:0.22865 Alpha:0.50161
[MOE_TRACE] Group:1 Prob:0.22865 Alpha:0.50161
[MOE_TRACE] Group:2 Prob:0.92731 Alpha:0.50061
[MOE_TRACE] Group:2 Prob:0.92731 Alpha:0.50061
[MOE_TRACE] Group:0 Prob:0.85983 Alpha:0.50045
[MOE_TRACE] Group:1 Prob:0.22865 Alpha:0.50161
[MOE_TRACE] Group:2 Prob:0.92731 Alpha:0.50061
[MOE_TRACE] Group:0 Prob:0.85218 Alpha:0.50045
[MOE_TRACE] Group:0 Prob:0.85218 Alpha:0.50045
[MOE_TRACE] Group:1 Prob:0.24104 Alpha:0.50161[MOE_TRACE] Group:1 Prob:0.24104 Alpha:0.50161

[MOE_TRACE] Group:0 Prob:0.85218 Alpha:0.50045
[MOE_TRACE] Group:2 Prob:0.92862 Alpha:0.50061
[MOE_TRACE] Group:2 Prob:0.92862 Alpha:0.50061
[MOE_TRACE] Group:1 Prob:0.24104 Alpha:0.50161
[MOE_TRACE] Group:2 Prob:0.92862 Alpha:0.50061
[MOE_TRACE] Group:0 Prob:0.85218 Alpha:0.50045
[MOE_TRACE] Group:1 Prob:0.24104 Alpha:0.50161
[MOE_TRACE] Group:2 Prob:0.92862 Alpha:0.50061
[MOE_TRACE] Group:0 Prob:0.85605 Alpha:0.50046[MOE_TRACE] Group:0 Prob:0.85605 Alpha:0.50046

[MOE_TRACE] Group:0 Prob:0.85605 Alpha:0.50046
[MOE_TRACE] Group:1 Prob:0.24459 Alpha:0.50161
[MOE_TRACE] Group:1 Prob:0.24459 Alpha:0.50161
[MOE_TRACE] Group:1 Prob:0.24459 Alpha:0.50161
[MOE_TRACE] Group:2 Prob:0.92860 Alpha:0.50061
[MOE_TRACE] Group:2 Prob:0.92860 Alpha:0.50061[MOE_TRACE] Group:2 Prob:0.92860 Alpha:0.50061

[MOE_TRACE] Group:0 Prob:0.85605 Alpha:0.50046
[MOE_TRACE] Group:1 Prob:0.24459 Alpha:0.50161
[MOE_TRACE] Group:2 Prob:0.92860 Alpha:0.50061
[MOE_TRACE] Group:0 Prob:0.85497 Alpha:0.50046[MOE_TRACE] Group:0 Prob:0.85497 Alpha:0.50046

[MOE_TRACE] Group:1 Prob:0.24479 Alpha:0.50161[MOE_TRACE] Group:1 Prob:0.24479 Alpha:0.50161

[MOE_TRACE] Group:0 Prob:0.85497 Alpha:0.50046
[MOE_TRACE] Group:2 Prob:0.92761 Alpha:0.50061[MOE_TRACE] Group:2 Prob:0.92761 Alpha:0.50061

[MOE_TRACE] Group:1 Prob:0.24479 Alpha:0.50161
[MOE_TRACE] Group:2 Prob:0.92761 Alpha:0.50061
[MOE_TRACE] Group:0 Prob:0.85497 Alpha:0.50046
[MOE_TRACE] Group:1 Prob:0.24479 Alpha:0.50161
[MOE_TRACE] Group:2 Prob:0.92761 Alpha:0.50061
[MOE_TRACE] Group:0 Prob:0.86051 Alpha:0.50046[MOE_TRACE] Group:0 Prob:0.86051 Alpha:0.50046

[MOE_TRACE] Group:0 Prob:0.86051 Alpha:0.50046
[MOE_TRACE] Group:1 Prob:0.23988 Alpha:0.50161
[MOE_TRACE] Group:1 Prob:0.23988 Alpha:0.50161
[MOE_TRACE] Group:2 Prob:0.93053 Alpha:0.50061
[MOE_TRACE] Group:2 Prob:0.93053 Alpha:0.50061[MOE_TRACE] Group:1 Prob:0.23988 Alpha:0.50161

[MOE_TRACE] Group:2 Prob:0.93053 Alpha:0.50061
[MOE_TRACE] Group:0 Prob:0.86051 Alpha:0.50046
[MOE_TRACE] Group:1 Prob:0.23988 Alpha:0.50161
[MOE_TRACE] Group:2 Prob:0.93053 Alpha:0.50061
[MOE_TRACE] Group:0 Prob:0.85613 Alpha:0.50046
[MOE_TRACE] Group:0 Prob:0.85613 Alpha:0.50046
[MOE_TRACE] Group:1 Prob:0.23452 Alpha:0.50161
[MOE_TRACE] Group:0 Prob:0.85613 Alpha:0.50046
[MOE_TRACE] Group:1 Prob:0.23452 Alpha:0.50161
[MOE_TRACE] Group:2 Prob:0.92789 Alpha:0.50061
[MOE_TRACE] Group:1 Prob:0.23452 Alpha:0.50161
[MOE_TRACE] Group:2 Prob:0.92789 Alpha:0.50061
[MOE_TRACE] Group:2 Prob:0.92789 Alpha:0.50061
[MOE_TRACE] Group:0 Prob:0.85613 Alpha:0.50046
[MOE_TRACE] Group:1 Prob:0.23452 Alpha:0.50161
[MOE_TRACE] Group:2 Prob:0.92789 Alpha:0.50061
[MOE_TRACE] Group:0 Prob:0.85696 Alpha:0.50046
[MOE_TRACE] Group:0 Prob:0.85696 Alpha:0.50046[MOE_TRACE] Group:1 Prob:0.23855 Alpha:0.50161

[MOE_TRACE] Group:2 Prob:0.92809 Alpha:0.50061
[MOE_TRACE] Group:1 Prob:0.23855 Alpha:0.50161[MOE_TRACE] Group:0 Prob:0.85696 Alpha:0.50046

[MOE_TRACE] Group:1 Prob:0.23855 Alpha:0.50161[MOE_TRACE] Group:2 Prob:0.92809 Alpha:0.50061

[MOE_TRACE] Group:2 Prob:0.92809 Alpha:0.50061
[MOE_TRACE] Group:0 Prob:0.85696 Alpha:0.50046
[MOE_TRACE] Group:1 Prob:0.23855 Alpha:0.50161
[MOE_TRACE] Group:2 Prob:0.92809 Alpha:0.50061
[MOE_TRACE] Group:0 Prob:0.85644 Alpha:0.50046
[MOE_TRACE] Group:0 Prob:0.85644 Alpha:0.50046
[MOE_TRACE] Group:1 Prob:0.23540 Alpha:0.50161
[MOE_TRACE] Group:1 Prob:0.23540 Alpha:0.50161
[MOE_TRACE] Group:0 Prob:0.85644 Alpha:0.50046
[MOE_TRACE] Group:1 Prob:0.23540 Alpha:0.50161
[MOE_TRACE] Group:2 Prob:0.92684 Alpha:0.50062
[MOE_TRACE] Group:0 Prob:0.85644 Alpha:0.50046
[MOE_TRACE] Group:1 Prob:0.23540 Alpha:0.50161
[MOE_TRACE] Group:2 Prob:0.92684 Alpha:0.50062
[MOE_TRACE] Group:0 Prob:0.85501 Alpha:0.50046
[MOE_TRACE] Group:0 Prob:0.85501 Alpha:0.50046
[MOE_TRACE] Group:1 Prob:0.24803 Alpha:0.50161
[MOE_TRACE] Group:1 Prob:0.24803 Alpha:0.50161
[MOE_TRACE] Group:2 Prob:0.92472 Alpha:0.50062
[MOE_TRACE] Group:2 Prob:0.92472 Alpha:0.50062
[MOE_TRACE] Group:0 Prob:0.85501 Alpha:0.50046
[MOE_TRACE] Group:1 Prob:0.24803 Alpha:0.50161
[MOE_TRACE] Group:2 Prob:0.92472 Alpha:0.50062
[MOE_TRACE] Group:0 Prob:0.85501 Alpha:0.50046
[MOE_TRACE] Group:1 Prob:0.24803 Alpha:0.50161
[MOE_TRACE] Group:2 Prob:0.92472 Alpha:0.50062
[MOE_TRACE] Group:0 Prob:0.85569 Alpha:0.50046[MOE_TRACE] Group:0 Prob:0.85569 Alpha:0.50046

[MOE_TRACE] Group:0 Prob:0.85569 Alpha:0.50046
[MOE_TRACE] Group:1 Prob:0.23219 Alpha:0.50162
[MOE_TRACE] Group:1 Prob:0.23219 Alpha:0.50162
[MOE_TRACE] Group:1 Prob:0.23219 Alpha:0.50162
[MOE_TRACE] Group:2 Prob:0.92526 Alpha:0.50062
[MOE_TRACE] Group:2 Prob:0.92526 Alpha:0.50062
[MOE_TRACE] Group:2 Prob:0.92526 Alpha:0.50062
[MOE_TRACE] Group:0 Prob:0.85569 Alpha:0.50046
[MOE_TRACE] Group:1 Prob:0.23219 Alpha:0.50162
[MOE_TRACE] Group:2 Prob:0.92526 Alpha:0.50062
[MOE_TRACE] Group:0 Prob:0.85424 Alpha:0.50046[MOE_TRACE] Group:0 Prob:0.85424 Alpha:0.50046

[MOE_TRACE] Group:1 Prob:0.24249 Alpha:0.50162[MOE_TRACE] Group:1 Prob:0.24249 Alpha:0.50162
[MOE_TRACE] Group:0 Prob:0.85424 Alpha:0.50046

[MOE_TRACE] Group:2 Prob:0.92483 Alpha:0.50062[MOE_TRACE] Group:2 Prob:0.92483 Alpha:0.50062

[MOE_TRACE] Group:1 Prob:0.24249 Alpha:0.50162
[MOE_TRACE] Group:2 Prob:0.92483 Alpha:0.50062
[MOE_TRACE] Group:0 Prob:0.85424 Alpha:0.50046
[MOE_TRACE] Group:1 Prob:0.24249 Alpha:0.50162
[MOE_TRACE] Group:2 Prob:0.92483 Alpha:0.50062
[MOE_TRACE] Group:0 Prob:0.85101 Alpha:0.50046
[MOE_TRACE] Group:1 Prob:0.23155 Alpha:0.50162
[MOE_TRACE] Group:2 Prob:0.92485 Alpha:0.50063
[MOE_TRACE] Group:0 Prob:0.85101 Alpha:0.50046[MOE_TRACE] Group:0 Prob:0.85101 Alpha:0.50046

[MOE_TRACE] Group:1 Prob:0.23155 Alpha:0.50162
[MOE_TRACE] Group:1 Prob:0.23155 Alpha:0.50162
[MOE_TRACE] Group:2 Prob:0.92485 Alpha:0.50063
[MOE_TRACE] Group:2 Prob:0.92485 Alpha:0.50063
[MOE_TRACE] Group:0 Prob:0.85101 Alpha:0.50046
[MOE_TRACE] Group:1 Prob:0.23155 Alpha:0.50162
[MOE_TRACE] Group:2 Prob:0.92485 Alpha:0.50063
[MOE_TRACE] Group:0 Prob:0.85586 Alpha:0.50046
[MOE_TRACE] Group:0 Prob:0.85586 Alpha:0.50046
[MOE_TRACE] Group:1 Prob:0.23543 Alpha:0.50162
[MOE_TRACE] Group:0 Prob:0.85586 Alpha:0.50046
[MOE_TRACE] Group:1 Prob:0.23543 Alpha:0.50162
[MOE_TRACE] Group:1 Prob:0.23543 Alpha:0.50162
[MOE_TRACE] Group:2 Prob:0.92501 Alpha:0.50063
[MOE_TRACE] Group:2 Prob:0.92501 Alpha:0.50063
[MOE_TRACE] Group:2 Prob:0.92501 Alpha:0.50063
[MOE_TRACE] Group:0 Prob:0.85586 Alpha:0.50046
[MOE_TRACE] Group:1 Prob:0.23543 Alpha:0.50162
[MOE_TRACE] Group:2 Prob:0.92501 Alpha:0.50063
[MOE_TRACE] Group:0 Prob:0.85442 Alpha:0.50046
[MOE_TRACE] Group:0 Prob:0.85442 Alpha:0.50046
[MOE_TRACE] Group:1 Prob:0.23414 Alpha:0.50163
[MOE_TRACE] Group:0 Prob:0.85442 Alpha:0.50046
[MOE_TRACE] Group:1 Prob:0.23414 Alpha:0.50163
[MOE_TRACE] Group:2 Prob:0.92566 Alpha:0.50063
[MOE_TRACE] Group:1 Prob:0.23414 Alpha:0.50163
[MOE_TRACE] Group:2 Prob:0.92566 Alpha:0.50063
[MOE_TRACE] Group:2 Prob:0.92566 Alpha:0.50063
[MOE_TRACE] Group:0 Prob:0.85442 Alpha:0.50046
[MOE_TRACE] Group:1 Prob:0.23414 Alpha:0.50163
[MOE_TRACE] Group:2 Prob:0.92566 Alpha:0.50063
[MOE_TRACE] Group:0 Prob:0.85308 Alpha:0.50046
[MOE_TRACE] Group:0 Prob:0.85308 Alpha:0.50046
[MOE_TRACE] Group:0 Prob:0.85308 Alpha:0.50046
[MOE_TRACE] Group:1 Prob:0.24462 Alpha:0.50163
[MOE_TRACE] Group:1 Prob:0.24462 Alpha:0.50163
[MOE_TRACE] Group:2 Prob:0.92478 Alpha:0.50063
[MOE_TRACE] Group:1 Prob:0.24462 Alpha:0.50163
[MOE_TRACE] Group:2 Prob:0.92478 Alpha:0.50063
[MOE_TRACE] Group:2 Prob:0.92478 Alpha:0.50063
[MOE_TRACE] Group:0 Prob:0.85308 Alpha:0.50046
[MOE_TRACE] Group:1 Prob:0.24462 Alpha:0.50163
[MOE_TRACE] Group:2 Prob:0.92478 Alpha:0.50063
[MOE_TRACE] Group:0 Prob:0.85277 Alpha:0.50046[MOE_TRACE] Group:0 Prob:0.85277 Alpha:0.50046
[MOE_TRACE] Group:0 Prob:0.85277 Alpha:0.50046

[MOE_TRACE] Group:1 Prob:0.24066 Alpha:0.50163
[MOE_TRACE] Group:1 Prob:0.24066 Alpha:0.50163
[MOE_TRACE] Group:1 Prob:0.24066 Alpha:0.50163
[MOE_TRACE] Group:2 Prob:0.92243 Alpha:0.50063
[MOE_TRACE] Group:2 Prob:0.92243 Alpha:0.50063
[MOE_TRACE] Group:2 Prob:0.92243 Alpha:0.50063
[MOE_TRACE] Group:0 Prob:0.85277 Alpha:0.50046
[MOE_TRACE] Group:1 Prob:0.24066 Alpha:0.50163
[MOE_TRACE] Group:2 Prob:0.92243 Alpha:0.50063
[MOE_TRACE] Group:0 Prob:0.85652 Alpha:0.50046
[MOE_TRACE] Group:0 Prob:0.85652 Alpha:0.50046
[MOE_TRACE] Group:0 Prob:0.85652 Alpha:0.50046
[MOE_TRACE] Group:1 Prob:0.23582 Alpha:0.50163
[MOE_TRACE] Group:2 Prob:0.92421 Alpha:0.50063[MOE_TRACE] Group:1 Prob:0.23582 Alpha:0.50163

[MOE_TRACE] Group:1 Prob:0.23582 Alpha:0.50163
[MOE_TRACE] Group:2 Prob:0.92421 Alpha:0.50063
[MOE_TRACE] Group:2 Prob:0.92421 Alpha:0.50063
[MOE_TRACE] Group:0 Prob:0.85652 Alpha:0.50046
[MOE_TRACE] Group:1 Prob:0.23582 Alpha:0.50163
[MOE_TRACE] Group:2 Prob:0.92421 Alpha:0.50063
[MOE_TRACE] Group:0 Prob:0.85214 Alpha:0.50046
[MOE_TRACE] Group:0 Prob:0.85214 Alpha:0.50046
[MOE_TRACE] Group:0 Prob:0.85214 Alpha:0.50046
[MOE_TRACE] Group:1 Prob:0.22576 Alpha:0.50164
[MOE_TRACE] Group:1 Prob:0.22576 Alpha:0.50164
[MOE_TRACE] Group:1 Prob:0.22576 Alpha:0.50164
[MOE_TRACE] Group:2 Prob:0.92339 Alpha:0.50063
[MOE_TRACE] Group:2 Prob:0.92339 Alpha:0.50063
[MOE_TRACE] Group:2 Prob:0.92339 Alpha:0.50063
[MOE_TRACE] Group:0 Prob:0.85214 Alpha:0.50046
[MOE_TRACE] Group:1 Prob:0.22576 Alpha:0.50164
[MOE_TRACE] Group:2 Prob:0.92339 Alpha:0.50063
[MOE_TRACE] Group:0 Prob:0.85639 Alpha:0.50046
[MOE_TRACE] Group:0 Prob:0.85639 Alpha:0.50046
[MOE_TRACE] Group:1 Prob:0.24272 Alpha:0.50164
[MOE_TRACE] Group:0 Prob:0.85639 Alpha:0.50046
[MOE_TRACE] Group:1 Prob:0.24272 Alpha:0.50164
[MOE_TRACE] Group:2 Prob:0.92565 Alpha:0.50063
[MOE_TRACE] Group:1 Prob:0.24272 Alpha:0.50164[MOE_TRACE] Group:2 Prob:0.92565 Alpha:0.50063

[MOE_TRACE] Group:2 Prob:0.92565 Alpha:0.50063
[MOE_TRACE] Group:0 Prob:0.85639 Alpha:0.50046
[MOE_TRACE] Group:1 Prob:0.24272 Alpha:0.50164
[MOE_TRACE] Group:2 Prob:0.92565 Alpha:0.50063
[MOE_TRACE] Group:0 Prob:0.84769 Alpha:0.50047
[MOE_TRACE] Group:0 Prob:0.84769 Alpha:0.50047
[MOE_TRACE] Group:1 Prob:0.22804 Alpha:0.50164
[MOE_TRACE] Group:2 Prob:0.92453 Alpha:0.50063
[MOE_TRACE] Group:1 Prob:0.22804 Alpha:0.50164
[MOE_TRACE] Group:0 Prob:0.84769 Alpha:0.50047
[MOE_TRACE] Group:2 Prob:0.92453 Alpha:0.50063
[MOE_TRACE] Group:1 Prob:0.22804 Alpha:0.50164
[MOE_TRACE] Group:2 Prob:0.92453 Alpha:0.50063
[MOE_TRACE] Group:0 Prob:0.84769 Alpha:0.50047
[MOE_TRACE] Group:1 Prob:0.22804 Alpha:0.50164
[MOE_TRACE] Group:2 Prob:0.92453 Alpha:0.50063
[MOE_TRACE] Group:0 Prob:0.85129 Alpha:0.50047
[MOE_TRACE] Group:1 Prob:0.23541 Alpha:0.50164
[MOE_TRACE] Group:2 Prob:0.92576 Alpha:0.50063
[MOE_TRACE] Group:0 Prob:0.85129 Alpha:0.50047
[MOE_TRACE] Group:0 Prob:0.85129 Alpha:0.50047
[MOE_TRACE] Group:1 Prob:0.23541 Alpha:0.50164
[MOE_TRACE] Group:1 Prob:0.23541 Alpha:0.50164
[MOE_TRACE] Group:2 Prob:0.92576 Alpha:0.50063
[MOE_TRACE] Group:2 Prob:0.92576 Alpha:0.50063
[MOE_TRACE] Group:0 Prob:0.85129 Alpha:0.50047
[MOE_TRACE] Group:1 Prob:0.23541 Alpha:0.50164
[MOE_TRACE] Group:2 Prob:0.92576 Alpha:0.50063
[MOE_TRACE] Group:0 Prob:0.85737 Alpha:0.50047[MOE_TRACE] Group:0 Prob:0.85737 Alpha:0.50047

[MOE_TRACE] Group:1 Prob:0.22653 Alpha:0.50164
[MOE_TRACE] Group:1 Prob:0.22653 Alpha:0.50164
[MOE_TRACE] Group:0 Prob:0.85737 Alpha:0.50047
[MOE_TRACE] Group:2 Prob:0.92512 Alpha:0.50063
[MOE_TRACE] Group:2 Prob:0.92512 Alpha:0.50063
[MOE_TRACE] Group:1 Prob:0.22653 Alpha:0.50164
[MOE_TRACE] Group:2 Prob:0.92512 Alpha:0.50063
[MOE_TRACE] Group:0 Prob:0.85737 Alpha:0.50047
[MOE_TRACE] Group:1 Prob:0.22653 Alpha:0.50164
[MOE_TRACE] Group:2 Prob:0.92512 Alpha:0.50063
[MOE_TRACE] Group:0 Prob:0.85689 Alpha:0.50047
[MOE_TRACE] Group:0 Prob:0.85689 Alpha:0.50047
[MOE_TRACE] Group:0 Prob:0.85689 Alpha:0.50047[MOE_TRACE] Group:1 Prob:0.23842 Alpha:0.50164

[MOE_TRACE] Group:1 Prob:0.23842 Alpha:0.50164
[MOE_TRACE] Group:2 Prob:0.92532 Alpha:0.50064
[MOE_TRACE] Group:1 Prob:0.23842 Alpha:0.50164
[MOE_TRACE] Group:2 Prob:0.92532 Alpha:0.50064
[MOE_TRACE] Group:0 Prob:0.85689 Alpha:0.50047
[MOE_TRACE] Group:2 Prob:0.92532 Alpha:0.50064
[MOE_TRACE] Group:1 Prob:0.23842 Alpha:0.50164
[MOE_TRACE] Group:2 Prob:0.92532 Alpha:0.50064
[MOE_TRACE] Group:0 Prob:0.85147 Alpha:0.50046[MOE_TRACE] Group:0 Prob:0.85147 Alpha:0.50046

[MOE_TRACE] Group:0 Prob:0.85147 Alpha:0.50046
[MOE_TRACE] Group:1 Prob:0.23437 Alpha:0.50165
[MOE_TRACE] Group:2 Prob:0.92283 Alpha:0.50064[MOE_TRACE] Group:1 Prob:0.23437 Alpha:0.50165

[MOE_TRACE] Group:1 Prob:0.23437 Alpha:0.50165
[MOE_TRACE] Group:2 Prob:0.92283 Alpha:0.50064
[MOE_TRACE] Group:2 Prob:0.92283 Alpha:0.50064
[MOE_TRACE] Group:0 Prob:0.85147 Alpha:0.50046
[MOE_TRACE] Group:1 Prob:0.23437 Alpha:0.50165
[MOE_TRACE] Group:2 Prob:0.92283 Alpha:0.50064
[MOE_TRACE] Group:0 Prob:0.85306 Alpha:0.50046
[MOE_TRACE] Group:1 Prob:0.23663 Alpha:0.50165
[MOE_TRACE] Group:2 Prob:0.92275 Alpha:0.50064
[MOE_TRACE] Group:0 Prob:0.85306 Alpha:0.50046
[MOE_TRACE] Group:0 Prob:0.85306 Alpha:0.50046
[MOE_TRACE] Group:1 Prob:0.23663 Alpha:0.50165
[MOE_TRACE] Group:1 Prob:0.23663 Alpha:0.50165
[MOE_TRACE] Group:2 Prob:0.92275 Alpha:0.50064
[MOE_TRACE] Group:2 Prob:0.92275 Alpha:0.50064
[MOE_TRACE] Group:0 Prob:0.85306 Alpha:0.50046
[MOE_TRACE] Group:1 Prob:0.23663 Alpha:0.50165
[MOE_TRACE] Group:2 Prob:0.92275 Alpha:0.50064
[MOE_TRACE] Group:0 Prob:0.85453 Alpha:0.50047
[MOE_TRACE] Group:0 Prob:0.85453 Alpha:0.50047[MOE_TRACE] Group:1 Prob:0.23392 Alpha:0.50165
[MOE_TRACE] Group:0 Prob:0.85453 Alpha:0.50047

[MOE_TRACE] Group:1 Prob:0.23392 Alpha:0.50165
[MOE_TRACE] Group:2 Prob:0.92261 Alpha:0.50064
[MOE_TRACE] Group:1 Prob:0.23392 Alpha:0.50165
[MOE_TRACE] Group:2 Prob:0.92261 Alpha:0.50064
[MOE_TRACE] Group:2 Prob:0.92261 Alpha:0.50064
[MOE_TRACE] Group:0 Prob:0.85453 Alpha:0.50047
[MOE_TRACE] Group:1 Prob:0.23392 Alpha:0.50165
[MOE_TRACE] Group:2 Prob:0.92261 Alpha:0.50064
[MOE_TRACE] Group:0 Prob:0.85098 Alpha:0.50047
[MOE_TRACE] Group:0 Prob:0.85098 Alpha:0.50047
[MOE_TRACE] Group:0 Prob:0.85098 Alpha:0.50047[MOE_TRACE] Group:1 Prob:0.24680 Alpha:0.50165

[MOE_TRACE] Group:1 Prob:0.24680 Alpha:0.50165
[MOE_TRACE] Group:2 Prob:0.92317 Alpha:0.50064
[MOE_TRACE] Group:1 Prob:0.24680 Alpha:0.50165
[MOE_TRACE] Group:2 Prob:0.92317 Alpha:0.50064
[MOE_TRACE] Group:0 Prob:0.85098 Alpha:0.50047
[MOE_TRACE] Group:2 Prob:0.92317 Alpha:0.50064
[MOE_TRACE] Group:1 Prob:0.24680 Alpha:0.50165
[MOE_TRACE] Group:2 Prob:0.92317 Alpha:0.50064
[MOE_TRACE] Group:0 Prob:0.85429 Alpha:0.50047
[MOE_TRACE] Group:0 Prob:0.85429 Alpha:0.50047
[MOE_TRACE] Group:0 Prob:0.85429 Alpha:0.50047
[MOE_TRACE] Group:1 Prob:0.25155 Alpha:0.50166
[MOE_TRACE] Group:1 Prob:0.25155 Alpha:0.50166
[MOE_TRACE] Group:1 Prob:0.25155 Alpha:0.50166[MOE_TRACE] Group:2 Prob:0.92363 Alpha:0.50064

[MOE_TRACE] Group:2 Prob:0.92363 Alpha:0.50064
[MOE_TRACE] Group:2 Prob:0.92363 Alpha:0.50064
[MOE_TRACE] Group:0 Prob:0.85429 Alpha:0.50047
[MOE_TRACE] Group:1 Prob:0.25155 Alpha:0.50166
[MOE_TRACE] Group:2 Prob:0.92363 Alpha:0.50064
[MOE_TRACE] Group:0 Prob:0.85545 Alpha:0.50047[MOE_TRACE] Group:0 Prob:0.85545 Alpha:0.50047

[MOE_TRACE] Group:1 Prob:0.22573 Alpha:0.50166
[MOE_TRACE] Group:1 Prob:0.22573 Alpha:0.50166
[MOE_TRACE] Group:0 Prob:0.85545 Alpha:0.50047
[MOE_TRACE] Group:2 Prob:0.92150 Alpha:0.50064
[MOE_TRACE] Group:2 Prob:0.92150 Alpha:0.50064
[MOE_TRACE] Group:1 Prob:0.22573 Alpha:0.50166
[MOE_TRACE] Group:2 Prob:0.92150 Alpha:0.50064
[MOE_TRACE] Group:0 Prob:0.85545 Alpha:0.50047
[MOE_TRACE] Group:1 Prob:0.22573 Alpha:0.50166
[MOE_TRACE] Group:2 Prob:0.92150 Alpha:0.50064
[MOE_TRACE] Group:0 Prob:0.85674 Alpha:0.50047[MOE_TRACE] Group:0 Prob:0.85674 Alpha:0.50047
[MOE_TRACE] Group:0 Prob:0.85674 Alpha:0.50047

[MOE_TRACE] Group:1 Prob:0.22364 Alpha:0.50166
[MOE_TRACE] Group:1 Prob:0.22364 Alpha:0.50166
[MOE_TRACE] Group:2 Prob:0.92104 Alpha:0.50064[MOE_TRACE] Group:1 Prob:0.22364 Alpha:0.50166

[MOE_TRACE] Group:2 Prob:0.92104 Alpha:0.50064
[MOE_TRACE] Group:2 Prob:0.92104 Alpha:0.50064
[MOE_TRACE] Group:0 Prob:0.85674 Alpha:0.50047
[MOE_TRACE] Group:1 Prob:0.22364 Alpha:0.50166
[MOE_TRACE] Group:2 Prob:0.92104 Alpha:0.50064
[MOE_TRACE] Group:0 Prob:0.85412 Alpha:0.50047
[MOE_TRACE] Group:0 Prob:0.85412 Alpha:0.50047
[MOE_TRACE] Group:0 Prob:0.85412 Alpha:0.50047
[MOE_TRACE] Group:1 Prob:0.23100 Alpha:0.50166
[MOE_TRACE] Group:0 Prob:0.85412 Alpha:0.50047
[MOE_TRACE] Group:1 Prob:0.23100 Alpha:0.50166
[MOE_TRACE] Group:2 Prob:0.92114 Alpha:0.50065
[MOE_TRACE] Group:0 Prob:0.85447 Alpha:0.50047
[MOE_TRACE] Group:0 Prob:0.85447 Alpha:0.50047
[MOE_TRACE] Group:1 Prob:0.23021 Alpha:0.50167
[MOE_TRACE] Group:1 Prob:0.23021 Alpha:0.50167
[MOE_TRACE] Group:0 Prob:0.85447 Alpha:0.50047
[MOE_TRACE] Group:2 Prob:0.92124 Alpha:0.50065
[MOE_TRACE] Group:2 Prob:0.92124 Alpha:0.50065
[MOE_TRACE] Group:1 Prob:0.23021 Alpha:0.50167
[MOE_TRACE] Group:2 Prob:0.92124 Alpha:0.50065
[MOE_TRACE] Group:0 Prob:0.85447 Alpha:0.50047
[MOE_TRACE] Group:1 Prob:0.23021 Alpha:0.50167
[MOE_TRACE] Group:2 Prob:0.92124 Alpha:0.50065
[MOE_TRACE] Group:0 Prob:0.85072 Alpha:0.50047[MOE_TRACE] Group:0 Prob:0.85072 Alpha:0.50047

[MOE_TRACE] Group:1 Prob:0.23434 Alpha:0.50167
[MOE_TRACE] Group:1 Prob:0.23434 Alpha:0.50167
[MOE_TRACE] Group:0 Prob:0.85072 Alpha:0.50047
[MOE_TRACE] Group:1 Prob:0.23434 Alpha:0.50167
[MOE_TRACE] Group:2 Prob:0.91823 Alpha:0.50065
[MOE_TRACE] Group:0 Prob:0.85072 Alpha:0.50047
[MOE_TRACE] Group:1 Prob:0.23434 Alpha:0.50167
[MOE_TRACE] Group:2 Prob:0.91823 Alpha:0.50065
[MOE_TRACE] Group:0 Prob:0.85113 Alpha:0.50047
[MOE_TRACE] Group:0 Prob:0.85113 Alpha:0.50047
[MOE_TRACE] Group:1 Prob:0.22223 Alpha:0.50167
[MOE_TRACE] Group:1 Prob:0.22223 Alpha:0.50167
[MOE_TRACE] Group:0 Prob:0.85113 Alpha:0.50047[MOE_TRACE] Group:2 Prob:0.92080 Alpha:0.50065

[MOE_TRACE] Group:2 Prob:0.92080 Alpha:0.50065
[MOE_TRACE] Group:1 Prob:0.22223 Alpha:0.50167
[MOE_TRACE] Group:0 Prob:0.85113 Alpha:0.50047
[MOE_TRACE] Group:2 Prob:0.92080 Alpha:0.50065
[MOE_TRACE] Group:1 Prob:0.22223 Alpha:0.50167
[MOE_TRACE] Group:2 Prob:0.92080 Alpha:0.50065
[MOE_TRACE] Group:0 Prob:0.85711 Alpha:0.50047
[MOE_TRACE] Group:1 Prob:0.25433 Alpha:0.50167
[MOE_TRACE] Group:0 Prob:0.85711 Alpha:0.50047
[MOE_TRACE] Group:0 Prob:0.85711 Alpha:0.50047
[MOE_TRACE] Group:1 Prob:0.25433 Alpha:0.50167
[MOE_TRACE] Group:1 Prob:0.25433 Alpha:0.50167
[MOE_TRACE] Group:2 Prob:0.92123 Alpha:0.50065
[MOE_TRACE] Group:2 Prob:0.92123 Alpha:0.50065
[MOE_TRACE] Group:0 Prob:0.85711 Alpha:0.50047
[MOE_TRACE] Group:1 Prob:0.25433 Alpha:0.50167
[MOE_TRACE] Group:2 Prob:0.92123 Alpha:0.50065
[MOE_TRACE] Group:0 Prob:0.84989 Alpha:0.50047
[MOE_TRACE] Group:1 Prob:0.22913 Alpha:0.50168
[MOE_TRACE] Group:0 Prob:0.84989 Alpha:0.50047
[MOE_TRACE] Group:1 Prob:0.22913 Alpha:0.50168
[MOE_TRACE] Group:0 Prob:0.84989 Alpha:0.50047
[MOE_TRACE] Group:1 Prob:0.22913 Alpha:0.50168
[MOE_TRACE] Group:2 Prob:0.91920 Alpha:0.50065
[MOE_TRACE] Group:0 Prob:0.84989 Alpha:0.50047
[MOE_TRACE] Group:1 Prob:0.22913 Alpha:0.50168
[MOE_TRACE] Group:2 Prob:0.91920 Alpha:0.50065
[MOE_TRACE] Group:0 Prob:0.85276 Alpha:0.50047
[MOE_TRACE] Group:0 Prob:0.85276 Alpha:0.50047
[MOE_TRACE] Group:0 Prob:0.85276 Alpha:0.50047
[MOE_TRACE] Group:1 Prob:0.23670 Alpha:0.50168
[MOE_TRACE] Group:1 Prob:0.23670 Alpha:0.50168
[MOE_TRACE] Group:1 Prob:0.23670 Alpha:0.50168
[MOE_TRACE] Group:2 Prob:0.92074 Alpha:0.50065
[MOE_TRACE] Group:0 Prob:0.85276 Alpha:0.50047
[MOE_TRACE] Group:2 Prob:0.92074 Alpha:0.50065
[MOE_TRACE] Group:2 Prob:0.92074 Alpha:0.50065
[MOE_TRACE] Group:1 Prob:0.23670 Alpha:0.50168
[MOE_TRACE] Group:2 Prob:0.92074 Alpha:0.50065
[MOE_TRACE] Group:0 Prob:0.84817 Alpha:0.50047
[MOE_TRACE] Group:0 Prob:0.84817 Alpha:0.50047
[MOE_TRACE] Group:1 Prob:0.24816 Alpha:0.50168
[MOE_TRACE] Group:0 Prob:0.84817 Alpha:0.50047
[MOE_TRACE] Group:1 Prob:0.24816 Alpha:0.50168
[MOE_TRACE] Group:2 Prob:0.92072 Alpha:0.50065
[MOE_TRACE] Group:1 Prob:0.24816 Alpha:0.50168
[MOE_TRACE] Group:2 Prob:0.92072 Alpha:0.50065
[MOE_TRACE] Group:0 Prob:0.84817 Alpha:0.50047
[MOE_TRACE] Group:2 Prob:0.92072 Alpha:0.50065
[MOE_TRACE] Group:1 Prob:0.24816 Alpha:0.50168
[MOE_TRACE] Group:2 Prob:0.92072 Alpha:0.50065
[MOE_TRACE] Group:0 Prob:0.84746 Alpha:0.50047
[MOE_TRACE] Group:0 Prob:0.84746 Alpha:0.50047
[MOE_TRACE] Group:0 Prob:0.84746 Alpha:0.50047
[MOE_TRACE] Group:1 Prob:0.23297 Alpha:0.50168
[MOE_TRACE] Group:1 Prob:0.23297 Alpha:0.50168
[MOE_TRACE] Group:1 Prob:0.23297 Alpha:0.50168
[MOE_TRACE] Group:2 Prob:0.91746 Alpha:0.50065
[MOE_TRACE] Group:2 Prob:0.91746 Alpha:0.50065
[MOE_TRACE] Group:2 Prob:0.91746 Alpha:0.50065
[MOE_TRACE] Group:0 Prob:0.84746 Alpha:0.50047
[MOE_TRACE] Group:1 Prob:0.23297 Alpha:0.50168
[MOE_TRACE] Group:2 Prob:0.91746 Alpha:0.50065
[MOE_TRACE] Group:0 Prob:0.85625 Alpha:0.50047
[MOE_TRACE] Group:0 Prob:0.85625 Alpha:0.50047
[MOE_TRACE] Group:0 Prob:0.85625 Alpha:0.50047[MOE_TRACE] Group:1 Prob:0.24597 Alpha:0.50168

[MOE_TRACE] Group:1 Prob:0.24597 Alpha:0.50168
[MOE_TRACE] Group:2 Prob:0.91704 Alpha:0.50065
[MOE_TRACE] Group:1 Prob:0.24597 Alpha:0.50168
[MOE_TRACE] Group:2 Prob:0.91704 Alpha:0.50065
[MOE_TRACE] Group:0 Prob:0.85625 Alpha:0.50047
[MOE_TRACE] Group:2 Prob:0.91704 Alpha:0.50065
[MOE_TRACE] Group:1 Prob:0.24597 Alpha:0.50168
[MOE_TRACE] Group:2 Prob:0.91704 Alpha:0.50065
[MOE_TRACE] Group:0 Prob:0.85465 Alpha:0.50047
[MOE_TRACE] Group:0 Prob:0.85465 Alpha:0.50047
[MOE_TRACE] Group:0 Prob:0.85465 Alpha:0.50047
[MOE_TRACE] Group:1 Prob:0.22531 Alpha:0.50169[MOE_TRACE] Group:1 Prob:0.22531 Alpha:0.50169

[MOE_TRACE] Group:1 Prob:0.22531 Alpha:0.50169
[MOE_TRACE] Group:2 Prob:0.92027 Alpha:0.50065
[MOE_TRACE] Group:2 Prob:0.92027 Alpha:0.50065
[MOE_TRACE] Group:2 Prob:0.92027 Alpha:0.50065
[MOE_TRACE] Group:0 Prob:0.85465 Alpha:0.50047
[MOE_TRACE] Group:1 Prob:0.22531 Alpha:0.50169
[MOE_TRACE] Group:2 Prob:0.92027 Alpha:0.50065
[MOE_TRACE] Group:0 Prob:0.84912 Alpha:0.50047[MOE_TRACE] Group:0 Prob:0.84912 Alpha:0.50047

[MOE_TRACE] Group:0 Prob:0.84912 Alpha:0.50047
[MOE_TRACE] Group:1 Prob:0.23155 Alpha:0.50169
[MOE_TRACE] Group:2 Prob:0.91692 Alpha:0.50066[MOE_TRACE] Group:1 Prob:0.23155 Alpha:0.50169

[MOE_TRACE] Group:1 Prob:0.23155 Alpha:0.50169
[MOE_TRACE] Group:2 Prob:0.91692 Alpha:0.50066
[MOE_TRACE] Group:2 Prob:0.91692 Alpha:0.50066
[MOE_TRACE] Group:0 Prob:0.84912 Alpha:0.50047
[MOE_TRACE] Group:1 Prob:0.23155 Alpha:0.50169
[MOE_TRACE] Group:2 Prob:0.91692 Alpha:0.50066
[MOE_TRACE] Group:0 Prob:0.85082 Alpha:0.50047
[MOE_TRACE] Group:0 Prob:0.85082 Alpha:0.50047
[MOE_TRACE] Group:0 Prob:0.85082 Alpha:0.50047
[MOE_TRACE] Group:1 Prob:0.23672 Alpha:0.50169
[MOE_TRACE] Group:1 Prob:0.23672 Alpha:0.50169
[MOE_TRACE] Group:1 Prob:0.23672 Alpha:0.50169
[MOE_TRACE] Group:2 Prob:0.91660 Alpha:0.50066
[MOE_TRACE] Group:2 Prob:0.91660 Alpha:0.50066
[MOE_TRACE] Group:2 Prob:0.91660 Alpha:0.50066
[MOE_TRACE] Group:0 Prob:0.85082 Alpha:0.50047
[MOE_TRACE] Group:1 Prob:0.23672 Alpha:0.50169
[MOE_TRACE] Group:2 Prob:0.91660 Alpha:0.50066
[MOE_TRACE] Group:0 Prob:0.85197 Alpha:0.50047[MOE_TRACE] Group:0 Prob:0.85197 Alpha:0.50047

[MOE_TRACE] Group:1 Prob:0.24413 Alpha:0.50169
[MOE_TRACE] Group:1 Prob:0.24413 Alpha:0.50169
[MOE_TRACE] Group:2 Prob:0.91663 Alpha:0.50066
[MOE_TRACE] Group:2 Prob:0.91663 Alpha:0.50066
[MOE_TRACE] Group:0 Prob:0.85197 Alpha:0.50047
[MOE_TRACE] Group:1 Prob:0.24413 Alpha:0.50169
[MOE_TRACE] Group:2 Prob:0.91663 Alpha:0.50066
[MOE_TRACE] Group:0 Prob:0.85197 Alpha:0.50047
[MOE_TRACE] Group:1 Prob:0.24413 Alpha:0.50169
[MOE_TRACE] Group:2 Prob:0.91663 Alpha:0.50066
[MOE_TRACE] Group:0 Prob:0.85342 Alpha:0.50047
[MOE_TRACE] Group:1 Prob:0.23583 Alpha:0.50169
[MOE_TRACE] Group:0 Prob:0.85342 Alpha:0.50047
[MOE_TRACE] Group:0 Prob:0.85342 Alpha:0.50047
[MOE_TRACE] Group:2 Prob:0.91722 Alpha:0.50066
[MOE_TRACE] Group:1 Prob:0.23583 Alpha:0.50169
[MOE_TRACE] Group:1 Prob:0.23583 Alpha:0.50169
[MOE_TRACE] Group:2 Prob:0.91722 Alpha:0.50066
[MOE_TRACE] Group:0 Prob:0.85342 Alpha:0.50047
[MOE_TRACE] Group:2 Prob:0.91722 Alpha:0.50066
[MOE_TRACE] Group:1 Prob:0.23583 Alpha:0.50169
[MOE_TRACE] Group:2 Prob:0.91722 Alpha:0.50066
Epoch: 5 cost time: 104.4738335609436
Epoch: 5, Steps: 146 | Train Loss: 0.3749021 Vali Loss: 0.3224476 Test Loss: 0.3540052
EarlyStopping counter: 3 out of 3
Early stopping
Updating learning rate to 6.25e-06
[MOE_TRACE] Group:0 Prob:0.85227 Alpha:0.50047[MOE_TRACE] Group:0 Prob:0.85227 Alpha:0.50047

[MOE_TRACE] Group:0 Prob:0.85227 Alpha:0.50047
[MOE_TRACE] Group:1 Prob:0.22567 Alpha:0.50169
[MOE_TRACE] Group:1 Prob:0.22567 Alpha:0.50169
[MOE_TRACE] Group:1 Prob:0.22567 Alpha:0.50169
[MOE_TRACE] Group:2 Prob:0.91868 Alpha:0.50066
[MOE_TRACE] Group:2 Prob:0.91868 Alpha:0.50066
[MOE_TRACE] Group:2 Prob:0.91868 Alpha:0.50066
[MOE_TRACE] Group:0 Prob:0.85227 Alpha:0.50047
[MOE_TRACE] Group:1 Prob:0.22567 Alpha:0.50169
[MOE_TRACE] Group:2 Prob:0.91868 Alpha:0.50066
[MOE_TRACE] Group:0 Prob:0.85228 Alpha:0.50047
[MOE_TRACE] Group:0 Prob:0.85228 Alpha:0.50047
[MOE_TRACE] Group:1 Prob:0.22967 Alpha:0.50169
[MOE_TRACE] Group:0 Prob:0.85228 Alpha:0.50047
[MOE_TRACE] Group:1 Prob:0.22967 Alpha:0.50169
[MOE_TRACE] Group:0 Prob:0.85228 Alpha:0.50047
[MOE_TRACE] Group:1 Prob:0.22967 Alpha:0.50169
[MOE_TRACE] Group:2 Prob:0.91794 Alpha:0.50066
[MOE_TRACE] Group:0 Prob:0.85227 Alpha:0.50047
[MOE_TRACE] Group:0 Prob:0.85227 Alpha:0.50047
[MOE_TRACE] Group:0 Prob:0.85227 Alpha:0.50047
[MOE_TRACE] Group:1 Prob:0.24457 Alpha:0.50169
[MOE_TRACE] Group:0 Prob:0.85227 Alpha:0.50047
[MOE_TRACE] Group:1 Prob:0.24457 Alpha:0.50169
[MOE_TRACE] Group:2 Prob:0.91925 Alpha:0.50066
[MOE_TRACE] Group:0 Prob:0.85190 Alpha:0.50048
[MOE_TRACE] Group:0 Prob:0.85190 Alpha:0.50048
[MOE_TRACE] Group:1 Prob:0.22595 Alpha:0.50169
[MOE_TRACE] Group:0 Prob:0.85190 Alpha:0.50048
[MOE_TRACE] Group:2 Prob:0.91738 Alpha:0.50066[MOE_TRACE] Group:1 Prob:0.22595 Alpha:0.50169
[MOE_TRACE] Group:1 Prob:0.22595 Alpha:0.50169

[MOE_TRACE] Group:2 Prob:0.91738 Alpha:0.50066
[MOE_TRACE] Group:2 Prob:0.91738 Alpha:0.50066
[MOE_TRACE] Group:0 Prob:0.85190 Alpha:0.50048
[MOE_TRACE] Group:1 Prob:0.22595 Alpha:0.50169
[MOE_TRACE] Group:2 Prob:0.91738 Alpha:0.50066
[MOE_TRACE] Group:0 Prob:0.85092 Alpha:0.50048
[MOE_TRACE] Group:0 Prob:0.85092 Alpha:0.50048
[MOE_TRACE] Group:1 Prob:0.23899 Alpha:0.50169
[MOE_TRACE] Group:1 Prob:0.23899 Alpha:0.50169
[MOE_TRACE] Group:0 Prob:0.85092 Alpha:0.50048
[MOE_TRACE] Group:1 Prob:0.23899 Alpha:0.50169
[MOE_TRACE] Group:0 Prob:0.85092 Alpha:0.50048
[MOE_TRACE] Group:1 Prob:0.23899 Alpha:0.50169
[MOE_TRACE] Group:2 Prob:0.91898 Alpha:0.50066
[MOE_TRACE] Group:0 Prob:0.85205 Alpha:0.50048
[MOE_TRACE] Group:0 Prob:0.85205 Alpha:0.50048
[MOE_TRACE] Group:0 Prob:0.85205 Alpha:0.50048
[MOE_TRACE] Group:1 Prob:0.23230 Alpha:0.50169
[MOE_TRACE] Group:2 Prob:0.91934 Alpha:0.50065
[MOE_TRACE] Group:0 Prob:0.85034 Alpha:0.50048
[MOE_TRACE] Group:0 Prob:0.85034 Alpha:0.50048[MOE_TRACE] Group:0 Prob:0.85034 Alpha:0.50048

[MOE_TRACE] Group:1 Prob:0.23438 Alpha:0.50169
[MOE_TRACE] Group:1 Prob:0.23438 Alpha:0.50169
[MOE_TRACE] Group:1 Prob:0.23438 Alpha:0.50169
[MOE_TRACE] Group:0 Prob:0.85034 Alpha:0.50048
[MOE_TRACE] Group:1 Prob:0.23438 Alpha:0.50169
[MOE_TRACE] Group:2 Prob:0.91889 Alpha:0.50065
[MOE_TRACE] Group:0 Prob:0.84663 Alpha:0.50048
[MOE_TRACE] Group:1 Prob:0.24809 Alpha:0.50169
[MOE_TRACE] Group:0 Prob:0.84663 Alpha:0.50048
[MOE_TRACE] Group:1 Prob:0.24809 Alpha:0.50169
[MOE_TRACE] Group:0 Prob:0.84663 Alpha:0.50048
[MOE_TRACE] Group:1 Prob:0.24809 Alpha:0.50169
[MOE_TRACE] Group:2 Prob:0.91715 Alpha:0.50065
[MOE_TRACE] Group:0 Prob:0.84663 Alpha:0.50048
[MOE_TRACE] Group:1 Prob:0.24809 Alpha:0.50169
[MOE_TRACE] Group:2 Prob:0.91715 Alpha:0.50065
[MOE_TRACE] Group:0 Prob:0.85350 Alpha:0.50048[MOE_TRACE] Group:0 Prob:0.85350 Alpha:0.50048
[MOE_TRACE] Group:0 Prob:0.85350 Alpha:0.50048

[MOE_TRACE] Group:1 Prob:0.23392 Alpha:0.50170
[MOE_TRACE] Group:1 Prob:0.23392 Alpha:0.50170
[MOE_TRACE] Group:1 Prob:0.23392 Alpha:0.50170
[MOE_TRACE] Group:0 Prob:0.85350 Alpha:0.50048
[MOE_TRACE] Group:1 Prob:0.23392 Alpha:0.50170
[MOE_TRACE] Group:2 Prob:0.91907 Alpha:0.50065
[MOE_TRACE] Group:0 Prob:0.84934 Alpha:0.50048
[MOE_TRACE] Group:1 Prob:0.22770 Alpha:0.50170
[MOE_TRACE] Group:0 Prob:0.84934 Alpha:0.50048
[MOE_TRACE] Group:1 Prob:0.22770 Alpha:0.50170
[MOE_TRACE] Group:0 Prob:0.84934 Alpha:0.50048
[MOE_TRACE] Group:1 Prob:0.22770 Alpha:0.50170
[MOE_TRACE] Group:0 Prob:0.84934 Alpha:0.50048
[MOE_TRACE] Group:1 Prob:0.22770 Alpha:0.50170
[MOE_TRACE] Group:2 Prob:0.91966 Alpha:0.50065
[MOE_TRACE] Group:0 Prob:0.85196 Alpha:0.50048
[MOE_TRACE] Group:0 Prob:0.85196 Alpha:0.50048
[MOE_TRACE] Group:0 Prob:0.85196 Alpha:0.50048
[MOE_TRACE] Group:1 Prob:0.23464 Alpha:0.50170
[MOE_TRACE] Group:1 Prob:0.23464 Alpha:0.50170
[MOE_TRACE] Group:1 Prob:0.23464 Alpha:0.50170
[MOE_TRACE] Group:2 Prob:0.91919 Alpha:0.50065
[MOE_TRACE] Group:2 Prob:0.91919 Alpha:0.50065
[MOE_TRACE] Group:2 Prob:0.91919 Alpha:0.50065
[MOE_TRACE] Group:0 Prob:0.85196 Alpha:0.50048
[MOE_TRACE] Group:1 Prob:0.23464 Alpha:0.50170
[MOE_TRACE] Group:2 Prob:0.91919 Alpha:0.50065
[MOE_TRACE] Group:0 Prob:0.85183 Alpha:0.50048
[MOE_TRACE] Group:0 Prob:0.85183 Alpha:0.50048
[MOE_TRACE] Group:0 Prob:0.85183 Alpha:0.50048
[MOE_TRACE] Group:1 Prob:0.23649 Alpha:0.50170[MOE_TRACE] Group:1 Prob:0.23649 Alpha:0.50170

[MOE_TRACE] Group:1 Prob:0.23649 Alpha:0.50170
[MOE_TRACE] Group:2 Prob:0.92052 Alpha:0.50065
[MOE_TRACE] Group:2 Prob:0.92052 Alpha:0.50065[MOE_TRACE] Group:2 Prob:0.92052 Alpha:0.50065

[MOE_TRACE] Group:0 Prob:0.85183 Alpha:0.50048
[MOE_TRACE] Group:1 Prob:0.23649 Alpha:0.50170
[MOE_TRACE] Group:2 Prob:0.92052 Alpha:0.50065
[MOE_TRACE] Group:0 Prob:0.84787 Alpha:0.50048
[MOE_TRACE] Group:0 Prob:0.84787 Alpha:0.50048
[MOE_TRACE] Group:0 Prob:0.84787 Alpha:0.50048
[MOE_TRACE] Group:1 Prob:0.22723 Alpha:0.50170
[MOE_TRACE] Group:1 Prob:0.22723 Alpha:0.50170
[MOE_TRACE] Group:2 Prob:0.91939 Alpha:0.50065
[MOE_TRACE] Group:2 Prob:0.91939 Alpha:0.50065
[MOE_TRACE] Group:1 Prob:0.22723 Alpha:0.50170
[MOE_TRACE] Group:2 Prob:0.91939 Alpha:0.50065
[MOE_TRACE] Group:0 Prob:0.84787 Alpha:0.50048
[MOE_TRACE] Group:1 Prob:0.22723 Alpha:0.50170
[MOE_TRACE] Group:2 Prob:0.91939 Alpha:0.50065
[MOE_TRACE] Group:0 Prob:0.85284 Alpha:0.50048
[MOE_TRACE] Group:1 Prob:0.24282 Alpha:0.50170
[MOE_TRACE] Group:0 Prob:0.85284 Alpha:0.50048
[MOE_TRACE] Group:0 Prob:0.85284 Alpha:0.50048
[MOE_TRACE] Group:1 Prob:0.24282 Alpha:0.50170
[MOE_TRACE] Group:1 Prob:0.24282 Alpha:0.50170
[MOE_TRACE] Group:2 Prob:0.92165 Alpha:0.50065[MOE_TRACE] Group:2 Prob:0.92165 Alpha:0.50065

[MOE_TRACE] Group:0 Prob:0.85284 Alpha:0.50048
[MOE_TRACE] Group:1 Prob:0.24282 Alpha:0.50170
[MOE_TRACE] Group:2 Prob:0.92165 Alpha:0.50065
[MOE_TRACE] Group:0 Prob:0.84821 Alpha:0.50048
[MOE_TRACE] Group:0 Prob:0.84821 Alpha:0.50048
[MOE_TRACE] Group:0 Prob:0.84821 Alpha:0.50048
[MOE_TRACE] Group:1 Prob:0.23934 Alpha:0.50170
[MOE_TRACE] Group:1 Prob:0.23934 Alpha:0.50170
[MOE_TRACE] Group:1 Prob:0.23934 Alpha:0.50170
[MOE_TRACE] Group:0 Prob:0.84821 Alpha:0.50048
[MOE_TRACE] Group:1 Prob:0.23934 Alpha:0.50170
[MOE_TRACE] Group:2 Prob:0.91955 Alpha:0.50065
[MOE_TRACE] Group:0 Prob:0.84588 Alpha:0.50048
[MOE_TRACE] Group:1 Prob:0.23631 Alpha:0.50170
[MOE_TRACE] Group:0 Prob:0.84588 Alpha:0.50048
[MOE_TRACE] Group:1 Prob:0.23631 Alpha:0.50170
[MOE_TRACE] Group:0 Prob:0.84588 Alpha:0.50048
[MOE_TRACE] Group:1 Prob:0.23631 Alpha:0.50170
[MOE_TRACE] Group:2 Prob:0.91881 Alpha:0.50064
[MOE_TRACE] Group:0 Prob:0.84588 Alpha:0.50048
[MOE_TRACE] Group:1 Prob:0.23631 Alpha:0.50170
[MOE_TRACE] Group:2 Prob:0.91881 Alpha:0.50064
[MOE_TRACE] Group:0 Prob:0.84931 Alpha:0.50048
[MOE_TRACE] Group:0 Prob:0.84931 Alpha:0.50048
[MOE_TRACE] Group:1 Prob:0.24690 Alpha:0.50170
[MOE_TRACE] Group:1 Prob:0.24690 Alpha:0.50170
[MOE_TRACE] Group:0 Prob:0.84931 Alpha:0.50048
[MOE_TRACE] Group:1 Prob:0.24690 Alpha:0.50170
[MOE_TRACE] Group:2 Prob:0.92264 Alpha:0.50064
[MOE_TRACE] Group:0 Prob:0.84931 Alpha:0.50048
[MOE_TRACE] Group:1 Prob:0.24690 Alpha:0.50170
[MOE_TRACE] Group:2 Prob:0.92264 Alpha:0.50064
[MOE_TRACE] Group:0 Prob:0.84800 Alpha:0.50048
[MOE_TRACE] Group:1 Prob:0.24020 Alpha:0.50170
[MOE_TRACE] Group:0 Prob:0.84800 Alpha:0.50048
[MOE_TRACE] Group:1 Prob:0.24020 Alpha:0.50170
[MOE_TRACE] Group:0 Prob:0.84800 Alpha:0.50048
[MOE_TRACE] Group:1 Prob:0.24020 Alpha:0.50170
[MOE_TRACE] Group:0 Prob:0.84800 Alpha:0.50048
[MOE_TRACE] Group:1 Prob:0.24020 Alpha:0.50170
[MOE_TRACE] Group:2 Prob:0.91848 Alpha:0.50064
[MOE_TRACE] Group:0 Prob:0.85154 Alpha:0.50048
[MOE_TRACE] Group:0 Prob:0.85154 Alpha:0.50048
[MOE_TRACE] Group:0 Prob:0.85154 Alpha:0.50048
[MOE_TRACE] Group:1 Prob:0.23184 Alpha:0.50171
[MOE_TRACE] Group:0 Prob:0.85154 Alpha:0.50048
[MOE_TRACE] Group:1 Prob:0.23184 Alpha:0.50171
[MOE_TRACE] Group:2 Prob:0.92152 Alpha:0.50064
[MOE_TRACE] Group:0 Prob:0.84594 Alpha:0.50048
[MOE_TRACE] Group:0 Prob:0.84594 Alpha:0.50048
[MOE_TRACE] Group:0 Prob:0.84594 Alpha:0.50048
[MOE_TRACE] Group:1 Prob:0.23976 Alpha:0.50171[MOE_TRACE] Group:1 Prob:0.23976 Alpha:0.50171

[MOE_TRACE] Group:1 Prob:0.23976 Alpha:0.50171
[MOE_TRACE] Group:2 Prob:0.92082 Alpha:0.50064
[MOE_TRACE] Group:2 Prob:0.92082 Alpha:0.50064
[MOE_TRACE] Group:2 Prob:0.92082 Alpha:0.50064
[MOE_TRACE] Group:0 Prob:0.84594 Alpha:0.50048
[MOE_TRACE] Group:1 Prob:0.23976 Alpha:0.50171
[MOE_TRACE] Group:2 Prob:0.92082 Alpha:0.50064
[MOE_TRACE] Group:0 Prob:0.85208 Alpha:0.50048
[MOE_TRACE] Group:0 Prob:0.85208 Alpha:0.50048[MOE_TRACE] Group:0 Prob:0.85208 Alpha:0.50048

[MOE_TRACE] Group:1 Prob:0.24107 Alpha:0.50171
[MOE_TRACE] Group:1 Prob:0.24107 Alpha:0.50171[MOE_TRACE] Group:1 Prob:0.24107 Alpha:0.50171

[MOE_TRACE] Group:2 Prob:0.92084 Alpha:0.50064
[MOE_TRACE] Group:2 Prob:0.92084 Alpha:0.50064
[MOE_TRACE] Group:2 Prob:0.92084 Alpha:0.50064
[MOE_TRACE] Group:0 Prob:0.85208 Alpha:0.50048
[MOE_TRACE] Group:1 Prob:0.24107 Alpha:0.50171
[MOE_TRACE] Group:2 Prob:0.92084 Alpha:0.50064
[MOE_TRACE] Group:0 Prob:0.84433 Alpha:0.50048[MOE_TRACE] Group:0 Prob:0.84433 Alpha:0.50048

[MOE_TRACE] Group:0 Prob:0.84433 Alpha:0.50048[MOE_TRACE] Group:1 Prob:0.23945 Alpha:0.50171[MOE_TRACE] Group:1 Prob:0.23945 Alpha:0.50171


[MOE_TRACE] Group:1 Prob:0.23945 Alpha:0.50171
[MOE_TRACE] Group:0 Prob:0.84433 Alpha:0.50048
[MOE_TRACE] Group:1 Prob:0.23945 Alpha:0.50171
[MOE_TRACE] Group:2 Prob:0.91890 Alpha:0.50064
[MOE_TRACE] Group:0 Prob:0.85389 Alpha:0.50048
[MOE_TRACE] Group:0 Prob:0.85389 Alpha:0.50048
[MOE_TRACE] Group:0 Prob:0.85389 Alpha:0.50048
[MOE_TRACE] Group:1 Prob:0.23161 Alpha:0.50171[MOE_TRACE] Group:1 Prob:0.23161 Alpha:0.50171

[MOE_TRACE] Group:1 Prob:0.23161 Alpha:0.50171
[MOE_TRACE] Group:2 Prob:0.92160 Alpha:0.50064
[MOE_TRACE] Group:2 Prob:0.92160 Alpha:0.50064[MOE_TRACE] Group:2 Prob:0.92160 Alpha:0.50064

[MOE_TRACE] Group:0 Prob:0.85389 Alpha:0.50048
[MOE_TRACE] Group:1 Prob:0.23161 Alpha:0.50171
[MOE_TRACE] Group:2 Prob:0.92160 Alpha:0.50064
[MOE_TRACE] Group:0 Prob:0.85005 Alpha:0.50048
[MOE_TRACE] Group:1 Prob:0.24059 Alpha:0.50171[MOE_TRACE] Group:0 Prob:0.85005 Alpha:0.50048

[MOE_TRACE] Group:1 Prob:0.24059 Alpha:0.50171
[MOE_TRACE] Group:0 Prob:0.85005 Alpha:0.50048
[MOE_TRACE] Group:1 Prob:0.24059 Alpha:0.50171
[MOE_TRACE] Group:2 Prob:0.91937 Alpha:0.50065
[MOE_TRACE] Group:0 Prob:0.85005 Alpha:0.50048
[MOE_TRACE] Group:1 Prob:0.24059 Alpha:0.50171
[MOE_TRACE] Group:2 Prob:0.91937 Alpha:0.50065
[MOE_TRACE] Group:0 Prob:0.84886 Alpha:0.50048[MOE_TRACE] Group:0 Prob:0.84886 Alpha:0.50048[MOE_TRACE] Group:0 Prob:0.84886 Alpha:0.50048


[MOE_TRACE] Group:1 Prob:0.21590 Alpha:0.50171[MOE_TRACE] Group:1 Prob:0.21590 Alpha:0.50171[MOE_TRACE] Group:1 Prob:0.21590 Alpha:0.50171


[MOE_TRACE] Group:0 Prob:0.84886 Alpha:0.50048
[MOE_TRACE] Group:1 Prob:0.21590 Alpha:0.50171
[MOE_TRACE] Group:2 Prob:0.91913 Alpha:0.50065
[MOE_TRACE] Group:0 Prob:0.84773 Alpha:0.50048[MOE_TRACE] Group:0 Prob:0.84773 Alpha:0.50048

[MOE_TRACE] Group:0 Prob:0.84773 Alpha:0.50048
[MOE_TRACE] Group:1 Prob:0.23447 Alpha:0.50171[MOE_TRACE] Group:1 Prob:0.23447 Alpha:0.50171

[MOE_TRACE] Group:2 Prob:0.91871 Alpha:0.50065
[MOE_TRACE] Group:2 Prob:0.91871 Alpha:0.50065
[MOE_TRACE] Group:1 Prob:0.23447 Alpha:0.50171
[MOE_TRACE] Group:2 Prob:0.91871 Alpha:0.50065
[MOE_TRACE] Group:0 Prob:0.84773 Alpha:0.50048
[MOE_TRACE] Group:1 Prob:0.23447 Alpha:0.50171
[MOE_TRACE] Group:2 Prob:0.91871 Alpha:0.50065
[MOE_TRACE] Group:0 Prob:0.85232 Alpha:0.50048[MOE_TRACE] Group:0 Prob:0.85232 Alpha:0.50048

[MOE_TRACE] Group:0 Prob:0.85232 Alpha:0.50048
[MOE_TRACE] Group:1 Prob:0.23887 Alpha:0.50171
[MOE_TRACE] Group:1 Prob:0.23887 Alpha:0.50171
[MOE_TRACE] Group:2 Prob:0.91878 Alpha:0.50065[MOE_TRACE] Group:2 Prob:0.91878 Alpha:0.50065

[MOE_TRACE] Group:1 Prob:0.23887 Alpha:0.50171
[MOE_TRACE] Group:2 Prob:0.91878 Alpha:0.50065
[MOE_TRACE] Group:0 Prob:0.85232 Alpha:0.50048
[MOE_TRACE] Group:1 Prob:0.23887 Alpha:0.50171
[MOE_TRACE] Group:2 Prob:0.91878 Alpha:0.50065
[MOE_TRACE] Group:0 Prob:0.84993 Alpha:0.50048
[MOE_TRACE] Group:0 Prob:0.84993 Alpha:0.50048
[MOE_TRACE] Group:0 Prob:0.84993 Alpha:0.50048
[MOE_TRACE] Group:1 Prob:0.22618 Alpha:0.50172
[MOE_TRACE] Group:1 Prob:0.22618 Alpha:0.50172
[MOE_TRACE] Group:1 Prob:0.22618 Alpha:0.50172
[MOE_TRACE] Group:2 Prob:0.91950 Alpha:0.50065
[MOE_TRACE] Group:2 Prob:0.91950 Alpha:0.50065
[MOE_TRACE] Group:2 Prob:0.91950 Alpha:0.50065
[MOE_TRACE] Group:0 Prob:0.84993 Alpha:0.50048
[MOE_TRACE] Group:1 Prob:0.22618 Alpha:0.50172
[MOE_TRACE] Group:2 Prob:0.91950 Alpha:0.50065
[MOE_TRACE] Group:0 Prob:0.84950 Alpha:0.50048[MOE_TRACE] Group:0 Prob:0.84950 Alpha:0.50048

[MOE_TRACE] Group:0 Prob:0.84950 Alpha:0.50048
[MOE_TRACE] Group:1 Prob:0.22210 Alpha:0.50172
[MOE_TRACE] Group:1 Prob:0.22210 Alpha:0.50172
[MOE_TRACE] Group:1 Prob:0.22210 Alpha:0.50172
[MOE_TRACE] Group:2 Prob:0.92035 Alpha:0.50065
[MOE_TRACE] Group:2 Prob:0.92035 Alpha:0.50065
[MOE_TRACE] Group:2 Prob:0.92035 Alpha:0.50065
[MOE_TRACE] Group:0 Prob:0.84950 Alpha:0.50048
[MOE_TRACE] Group:1 Prob:0.22210 Alpha:0.50172
[MOE_TRACE] Group:2 Prob:0.92035 Alpha:0.50065
[MOE_TRACE] Group:0 Prob:0.85151 Alpha:0.50048
[MOE_TRACE] Group:1 Prob:0.22991 Alpha:0.50172
[MOE_TRACE] Group:0 Prob:0.85151 Alpha:0.50048
[MOE_TRACE] Group:0 Prob:0.85151 Alpha:0.50048
[MOE_TRACE] Group:1 Prob:0.22991 Alpha:0.50172[MOE_TRACE] Group:1 Prob:0.22991 Alpha:0.50172

[MOE_TRACE] Group:0 Prob:0.85151 Alpha:0.50048
[MOE_TRACE] Group:1 Prob:0.22991 Alpha:0.50172
[MOE_TRACE] Group:2 Prob:0.91925 Alpha:0.50065
[MOE_TRACE] Group:0 Prob:0.85437 Alpha:0.50048
[MOE_TRACE] Group:1 Prob:0.22807 Alpha:0.50172
[MOE_TRACE] Group:0 Prob:0.85437 Alpha:0.50048
[MOE_TRACE] Group:1 Prob:0.22807 Alpha:0.50172
[MOE_TRACE] Group:0 Prob:0.85437 Alpha:0.50048
[MOE_TRACE] Group:1 Prob:0.22807 Alpha:0.50172
[MOE_TRACE] Group:2 Prob:0.91846 Alpha:0.50065
[MOE_TRACE] Group:0 Prob:0.85437 Alpha:0.50048
[MOE_TRACE] Group:1 Prob:0.22807 Alpha:0.50172
[MOE_TRACE] Group:2 Prob:0.91846 Alpha:0.50065
[MOE_TRACE] Group:0 Prob:0.85235 Alpha:0.50048
[MOE_TRACE] Group:0 Prob:0.85235 Alpha:0.50048
[MOE_TRACE] Group:0 Prob:0.85235 Alpha:0.50048
[MOE_TRACE] Group:1 Prob:0.23479 Alpha:0.50172
[MOE_TRACE] Group:1 Prob:0.23479 Alpha:0.50172
[MOE_TRACE] Group:2 Prob:0.92137 Alpha:0.50065
[MOE_TRACE] Group:1 Prob:0.23479 Alpha:0.50172
[MOE_TRACE] Group:2 Prob:0.92137 Alpha:0.50065
[MOE_TRACE] Group:0 Prob:0.85235 Alpha:0.50048
[MOE_TRACE] Group:2 Prob:0.92137 Alpha:0.50065
[MOE_TRACE] Group:1 Prob:0.23479 Alpha:0.50172
[MOE_TRACE] Group:2 Prob:0.92137 Alpha:0.50065
[MOE_TRACE] Group:0 Prob:0.84795 Alpha:0.50048
[MOE_TRACE] Group:0 Prob:0.84795 Alpha:0.50048
[MOE_TRACE] Group:0 Prob:0.84795 Alpha:0.50048
[MOE_TRACE] Group:1 Prob:0.22778 Alpha:0.50172
[MOE_TRACE] Group:1 Prob:0.22778 Alpha:0.50172
[MOE_TRACE] Group:1 Prob:0.22778 Alpha:0.50172
[MOE_TRACE] Group:2 Prob:0.91983 Alpha:0.50065
[MOE_TRACE] Group:2 Prob:0.91983 Alpha:0.50065
[MOE_TRACE] Group:2 Prob:0.91983 Alpha:0.50065
[MOE_TRACE] Group:0 Prob:0.84795 Alpha:0.50048
[MOE_TRACE] Group:1 Prob:0.22778 Alpha:0.50172
[MOE_TRACE] Group:2 Prob:0.91983 Alpha:0.50065
[MOE_TRACE] Group:0 Prob:0.84649 Alpha:0.50048
[MOE_TRACE] Group:0 Prob:0.84649 Alpha:0.50048
[MOE_TRACE] Group:0 Prob:0.84649 Alpha:0.50048
[MOE_TRACE] Group:1 Prob:0.22986 Alpha:0.50172
[MOE_TRACE] Group:1 Prob:0.22986 Alpha:0.50172
[MOE_TRACE] Group:1 Prob:0.22986 Alpha:0.50172
[MOE_TRACE] Group:2 Prob:0.91907 Alpha:0.50065
[MOE_TRACE] Group:2 Prob:0.91907 Alpha:0.50065
[MOE_TRACE] Group:2 Prob:0.91907 Alpha:0.50065
[MOE_TRACE] Group:0 Prob:0.84649 Alpha:0.50048
[MOE_TRACE] Group:1 Prob:0.22986 Alpha:0.50172
[MOE_TRACE] Group:2 Prob:0.91907 Alpha:0.50065
[MOE_TRACE] Group:0 Prob:0.85296 Alpha:0.50048
[MOE_TRACE] Group:1 Prob:0.22842 Alpha:0.50172
[MOE_TRACE] Group:0 Prob:0.85296 Alpha:0.50048
[MOE_TRACE] Group:2 Prob:0.91778 Alpha:0.50065
[MOE_TRACE] Group:0 Prob:0.85296 Alpha:0.50048
[MOE_TRACE] Group:1 Prob:0.22842 Alpha:0.50172
[MOE_TRACE] Group:1 Prob:0.22842 Alpha:0.50172
[MOE_TRACE] Group:2 Prob:0.91778 Alpha:0.50065
[MOE_TRACE] Group:2 Prob:0.91778 Alpha:0.50065
[MOE_TRACE] Group:0 Prob:0.85296 Alpha:0.50048
[MOE_TRACE] Group:1 Prob:0.22842 Alpha:0.50172
[MOE_TRACE] Group:2 Prob:0.91778 Alpha:0.50065
[MOE_TRACE] Group:0 Prob:0.85029 Alpha:0.50048
[MOE_TRACE] Group:0 Prob:0.85029 Alpha:0.50048
[MOE_TRACE] Group:0 Prob:0.85029 Alpha:0.50048
[MOE_TRACE] Group:1 Prob:0.24144 Alpha:0.50172
[MOE_TRACE] Group:1 Prob:0.24144 Alpha:0.50172
[MOE_TRACE] Group:1 Prob:0.24144 Alpha:0.50172
[MOE_TRACE] Group:0 Prob:0.85029 Alpha:0.50048
[MOE_TRACE] Group:1 Prob:0.24144 Alpha:0.50172
[MOE_TRACE] Group:2 Prob:0.91675 Alpha:0.50065
[MOE_TRACE] Group:0 Prob:0.84795 Alpha:0.50048
[MOE_TRACE] Group:1 Prob:0.22556 Alpha:0.50172
[MOE_TRACE] Group:0 Prob:0.84795 Alpha:0.50048
[MOE_TRACE] Group:2 Prob:0.91787 Alpha:0.50066
[MOE_TRACE] Group:0 Prob:0.84795 Alpha:0.50048
[MOE_TRACE] Group:1 Prob:0.22556 Alpha:0.50172
[MOE_TRACE] Group:1 Prob:0.22556 Alpha:0.50172
[MOE_TRACE] Group:2 Prob:0.91787 Alpha:0.50066
[MOE_TRACE] Group:2 Prob:0.91787 Alpha:0.50066
[MOE_TRACE] Group:0 Prob:0.84795 Alpha:0.50048
[MOE_TRACE] Group:1 Prob:0.22556 Alpha:0.50172
[MOE_TRACE] Group:2 Prob:0.91787 Alpha:0.50066
[MOE_TRACE] Group:0 Prob:0.84659 Alpha:0.50048
[MOE_TRACE] Group:0 Prob:0.84659 Alpha:0.50048
[MOE_TRACE] Group:0 Prob:0.84659 Alpha:0.50048
[MOE_TRACE] Group:0 Prob:0.84659 Alpha:0.50048
[MOE_TRACE] Group:1 Prob:0.23894 Alpha:0.50172
[MOE_TRACE] Group:2 Prob:0.91755 Alpha:0.50066
[MOE_TRACE] Group:0 Prob:0.85320 Alpha:0.50048
[MOE_TRACE] Group:1 Prob:0.22461 Alpha:0.50172
[MOE_TRACE] Group:0 Prob:0.85320 Alpha:0.50048
[MOE_TRACE] Group:0 Prob:0.85320 Alpha:0.50048
[MOE_TRACE] Group:2 Prob:0.91760 Alpha:0.50066
[MOE_TRACE] Group:1 Prob:0.22461 Alpha:0.50172
[MOE_TRACE] Group:1 Prob:0.22461 Alpha:0.50172
[MOE_TRACE] Group:2 Prob:0.91760 Alpha:0.50066
[MOE_TRACE] Group:2 Prob:0.91760 Alpha:0.50066
[MOE_TRACE] Group:0 Prob:0.85320 Alpha:0.50048
[MOE_TRACE] Group:1 Prob:0.22461 Alpha:0.50172
[MOE_TRACE] Group:2 Prob:0.91760 Alpha:0.50066
[MOE_TRACE] Group:0 Prob:0.84929 Alpha:0.50048
[MOE_TRACE] Group:0 Prob:0.84929 Alpha:0.50048
[MOE_TRACE] Group:1 Prob:0.22038 Alpha:0.50172
[MOE_TRACE] Group:0 Prob:0.84929 Alpha:0.50048
[MOE_TRACE] Group:2 Prob:0.91644 Alpha:0.50066
[MOE_TRACE] Group:1 Prob:0.22038 Alpha:0.50172
[MOE_TRACE] Group:1 Prob:0.22038 Alpha:0.50172
[MOE_TRACE] Group:2 Prob:0.91644 Alpha:0.50066
[MOE_TRACE] Group:2 Prob:0.91644 Alpha:0.50066
[MOE_TRACE] Group:0 Prob:0.84929 Alpha:0.50048
[MOE_TRACE] Group:1 Prob:0.22038 Alpha:0.50172
[MOE_TRACE] Group:2 Prob:0.91644 Alpha:0.50066
[MOE_TRACE] Group:0 Prob:0.84466 Alpha:0.50048
[MOE_TRACE] Group:0 Prob:0.84466 Alpha:0.50048
[MOE_TRACE] Group:1 Prob:0.23334 Alpha:0.50172
[MOE_TRACE] Group:0 Prob:0.84466 Alpha:0.50048
[MOE_TRACE] Group:1 Prob:0.23334 Alpha:0.50172
[MOE_TRACE] Group:2 Prob:0.91796 Alpha:0.50066
[MOE_TRACE] Group:1 Prob:0.23334 Alpha:0.50172
[MOE_TRACE] Group:2 Prob:0.91796 Alpha:0.50066
[MOE_TRACE] Group:0 Prob:0.84466 Alpha:0.50048
[MOE_TRACE] Group:2 Prob:0.91796 Alpha:0.50066
[MOE_TRACE] Group:1 Prob:0.23334 Alpha:0.50172
[MOE_TRACE] Group:2 Prob:0.91796 Alpha:0.50066
[MOE_TRACE] Group:0 Prob:0.85361 Alpha:0.50048[MOE_TRACE] Group:0 Prob:0.85361 Alpha:0.50048

[MOE_TRACE] Group:1 Prob:0.23760 Alpha:0.50172
[MOE_TRACE] Group:1 Prob:0.23760 Alpha:0.50172
[MOE_TRACE] Group:0 Prob:0.85361 Alpha:0.50048
[MOE_TRACE] Group:1 Prob:0.23760 Alpha:0.50172
[MOE_TRACE] Group:0 Prob:0.85361 Alpha:0.50048
[MOE_TRACE] Group:1 Prob:0.23760 Alpha:0.50172
[MOE_TRACE] Group:2 Prob:0.91634 Alpha:0.50066
[MOE_TRACE] Group:0 Prob:0.84869 Alpha:0.50048
[MOE_TRACE] Group:0 Prob:0.84869 Alpha:0.50048
[MOE_TRACE] Group:1 Prob:0.22830 Alpha:0.50173
[MOE_TRACE] Group:1 Prob:0.22830 Alpha:0.50173
[MOE_TRACE] Group:2 Prob:0.91579 Alpha:0.50066[MOE_TRACE] Group:0 Prob:0.84869 Alpha:0.50048

[MOE_TRACE] Group:2 Prob:0.91579 Alpha:0.50066
[MOE_TRACE] Group:1 Prob:0.22830 Alpha:0.50173
[MOE_TRACE] Group:2 Prob:0.91579 Alpha:0.50066
[MOE_TRACE] Group:0 Prob:0.84869 Alpha:0.50048
[MOE_TRACE] Group:1 Prob:0.22830 Alpha:0.50173
[MOE_TRACE] Group:2 Prob:0.91579 Alpha:0.50066
[MOE_TRACE] Group:0 Prob:0.84996 Alpha:0.50048
[MOE_TRACE] Group:0 Prob:0.84996 Alpha:0.50048
[MOE_TRACE] Group:1 Prob:0.23758 Alpha:0.50173
[MOE_TRACE] Group:1 Prob:0.23758 Alpha:0.50173
[MOE_TRACE] Group:2 Prob:0.91625 Alpha:0.50066
[MOE_TRACE] Group:0 Prob:0.84996 Alpha:0.50048[MOE_TRACE] Group:2 Prob:0.91625 Alpha:0.50066

[MOE_TRACE] Group:1 Prob:0.23758 Alpha:0.50173
[MOE_TRACE] Group:2 Prob:0.91625 Alpha:0.50066
[MOE_TRACE] Group:0 Prob:0.84996 Alpha:0.50048
[MOE_TRACE] Group:1 Prob:0.23758 Alpha:0.50173
[MOE_TRACE] Group:2 Prob:0.91625 Alpha:0.50066
[MOE_TRACE] Group:0 Prob:0.85177 Alpha:0.50048[MOE_TRACE] Group:0 Prob:0.85177 Alpha:0.50048

[MOE_TRACE] Group:1 Prob:0.23151 Alpha:0.50173
[MOE_TRACE] Group:1 Prob:0.23151 Alpha:0.50173
[MOE_TRACE] Group:0 Prob:0.85177 Alpha:0.50048
[MOE_TRACE] Group:2 Prob:0.91561 Alpha:0.50066
[MOE_TRACE] Group:2 Prob:0.91561 Alpha:0.50066
[MOE_TRACE] Group:1 Prob:0.23151 Alpha:0.50173
[MOE_TRACE] Group:2 Prob:0.91561 Alpha:0.50066
[MOE_TRACE] Group:0 Prob:0.85177 Alpha:0.50048
[MOE_TRACE] Group:1 Prob:0.23151 Alpha:0.50173
[MOE_TRACE] Group:2 Prob:0.91561 Alpha:0.50066
[MOE_TRACE] Group:0 Prob:0.85327 Alpha:0.50048
[MOE_TRACE] Group:0 Prob:0.85327 Alpha:0.50048
[MOE_TRACE] Group:1 Prob:0.23374 Alpha:0.50173
[MOE_TRACE] Group:1 Prob:0.23374 Alpha:0.50173
[MOE_TRACE] Group:0 Prob:0.85327 Alpha:0.50048
[MOE_TRACE] Group:2 Prob:0.91671 Alpha:0.50066
[MOE_TRACE] Group:2 Prob:0.91671 Alpha:0.50066
[MOE_TRACE] Group:1 Prob:0.23374 Alpha:0.50173
[MOE_TRACE] Group:2 Prob:0.91671 Alpha:0.50066
[MOE_TRACE] Group:0 Prob:0.85327 Alpha:0.50048
[MOE_TRACE] Group:1 Prob:0.23374 Alpha:0.50173
[MOE_TRACE] Group:2 Prob:0.91671 Alpha:0.50066
[MOE_TRACE] Group:0 Prob:0.84745 Alpha:0.50048
[MOE_TRACE] Group:0 Prob:0.84745 Alpha:0.50048[MOE_TRACE] Group:0 Prob:0.84745 Alpha:0.50048

[MOE_TRACE] Group:1 Prob:0.22268 Alpha:0.50173[MOE_TRACE] Group:1 Prob:0.22268 Alpha:0.50173

[MOE_TRACE] Group:1 Prob:0.22268 Alpha:0.50173
[MOE_TRACE] Group:2 Prob:0.91581 Alpha:0.50067
[MOE_TRACE] Group:2 Prob:0.91581 Alpha:0.50067
[MOE_TRACE] Group:2 Prob:0.91581 Alpha:0.50067
[MOE_TRACE] Group:0 Prob:0.84745 Alpha:0.50048
[MOE_TRACE] Group:1 Prob:0.22268 Alpha:0.50173
[MOE_TRACE] Group:2 Prob:0.91581 Alpha:0.50067
[MOE_TRACE] Group:0 Prob:0.85181 Alpha:0.50048
[MOE_TRACE] Group:0 Prob:0.85181 Alpha:0.50048
[MOE_TRACE] Group:0 Prob:0.85181 Alpha:0.50048
[MOE_TRACE] Group:1 Prob:0.23793 Alpha:0.50173
[MOE_TRACE] Group:1 Prob:0.23793 Alpha:0.50173[MOE_TRACE] Group:1 Prob:0.23793 Alpha:0.50173

[MOE_TRACE] Group:2 Prob:0.91634 Alpha:0.50067
[MOE_TRACE] Group:2 Prob:0.91634 Alpha:0.50067
[MOE_TRACE] Group:2 Prob:0.91634 Alpha:0.50067
[MOE_TRACE] Group:0 Prob:0.85181 Alpha:0.50048
[MOE_TRACE] Group:1 Prob:0.23793 Alpha:0.50173
[MOE_TRACE] Group:2 Prob:0.91634 Alpha:0.50067
[MOE_TRACE] Group:0 Prob:0.84782 Alpha:0.50048
[MOE_TRACE] Group:0 Prob:0.84782 Alpha:0.50048
[MOE_TRACE] Group:0 Prob:0.84782 Alpha:0.50048
[MOE_TRACE] Group:1 Prob:0.21513 Alpha:0.50173
[MOE_TRACE] Group:1 Prob:0.21513 Alpha:0.50173
[MOE_TRACE] Group:1 Prob:0.21513 Alpha:0.50173
[MOE_TRACE] Group:0 Prob:0.84782 Alpha:0.50048[MOE_TRACE] Group:2 Prob:0.91676 Alpha:0.50067
[MOE_TRACE] Group:2 Prob:0.91676 Alpha:0.50067

[MOE_TRACE] Group:2 Prob:0.91676 Alpha:0.50067
[MOE_TRACE] Group:1 Prob:0.21513 Alpha:0.50173
[MOE_TRACE] Group:2 Prob:0.91676 Alpha:0.50067
[MOE_TRACE] Group:0 Prob:0.85292 Alpha:0.50048
[MOE_TRACE] Group:1 Prob:0.22541 Alpha:0.50173
[MOE_TRACE] Group:0 Prob:0.85292 Alpha:0.50048
[MOE_TRACE] Group:2 Prob:0.91761 Alpha:0.50067
[MOE_TRACE] Group:1 Prob:0.22541 Alpha:0.50173
[MOE_TRACE] Group:0 Prob:0.85292 Alpha:0.50048
[MOE_TRACE] Group:1 Prob:0.22541 Alpha:0.50173
[MOE_TRACE] Group:2 Prob:0.91761 Alpha:0.50067[MOE_TRACE] Group:2 Prob:0.91761 Alpha:0.50067

[MOE_TRACE] Group:0 Prob:0.85292 Alpha:0.50048
[MOE_TRACE] Group:1 Prob:0.22541 Alpha:0.50173
[MOE_TRACE] Group:2 Prob:0.91761 Alpha:0.50067
[MOE_TRACE] Group:0 Prob:0.84866 Alpha:0.50048
[MOE_TRACE] Group:0 Prob:0.84866 Alpha:0.50048
[MOE_TRACE] Group:0 Prob:0.84866 Alpha:0.50048
[MOE_TRACE] Group:1 Prob:0.22449 Alpha:0.50173
[MOE_TRACE] Group:1 Prob:0.22449 Alpha:0.50173
[MOE_TRACE] Group:1 Prob:0.22449 Alpha:0.50173
[MOE_TRACE] Group:2 Prob:0.91487 Alpha:0.50067
[MOE_TRACE] Group:2 Prob:0.91487 Alpha:0.50067
[MOE_TRACE] Group:2 Prob:0.91487 Alpha:0.50067
[MOE_TRACE] Group:0 Prob:0.84866 Alpha:0.50048
[MOE_TRACE] Group:1 Prob:0.22449 Alpha:0.50173
[MOE_TRACE] Group:2 Prob:0.91487 Alpha:0.50067
[MOE_TRACE] Group:0 Prob:0.85258 Alpha:0.50048
[MOE_TRACE] Group:0 Prob:0.85258 Alpha:0.50048
[MOE_TRACE] Group:0 Prob:0.85258 Alpha:0.50048
[MOE_TRACE] Group:1 Prob:0.24388 Alpha:0.50173
[MOE_TRACE] Group:1 Prob:0.24388 Alpha:0.50173
[MOE_TRACE] Group:1 Prob:0.24388 Alpha:0.50173
[MOE_TRACE] Group:2 Prob:0.91465 Alpha:0.50067
[MOE_TRACE] Group:2 Prob:0.91465 Alpha:0.50067
[MOE_TRACE] Group:2 Prob:0.91465 Alpha:0.50067
[MOE_TRACE] Group:0 Prob:0.85258 Alpha:0.50048
[MOE_TRACE] Group:1 Prob:0.24388 Alpha:0.50173
[MOE_TRACE] Group:2 Prob:0.91465 Alpha:0.50067
[MOE_TRACE] Group:0 Prob:0.85569 Alpha:0.50048[MOE_TRACE] Group:0 Prob:0.85569 Alpha:0.50048[MOE_TRACE] Group:0 Prob:0.85569 Alpha:0.50048


[MOE_TRACE] Group:1 Prob:0.23402 Alpha:0.50173
[MOE_TRACE] Group:1 Prob:0.23402 Alpha:0.50173
[MOE_TRACE] Group:1 Prob:0.23402 Alpha:0.50173
[MOE_TRACE] Group:0 Prob:0.85569 Alpha:0.50048
[MOE_TRACE] Group:1 Prob:0.23402 Alpha:0.50173
[MOE_TRACE] Group:2 Prob:0.91355 Alpha:0.50067
[MOE_TRACE] Group:0 Prob:0.84949 Alpha:0.50048
[MOE_TRACE] Group:1 Prob:0.23208 Alpha:0.50173
[MOE_TRACE] Group:0 Prob:0.84949 Alpha:0.50048
[MOE_TRACE] Group:0 Prob:0.84949 Alpha:0.50048
[MOE_TRACE] Group:1 Prob:0.23208 Alpha:0.50173
[MOE_TRACE] Group:1 Prob:0.23208 Alpha:0.50173
[MOE_TRACE] Group:2 Prob:0.91525 Alpha:0.50067
[MOE_TRACE] Group:2 Prob:0.91525 Alpha:0.50067
[MOE_TRACE] Group:0 Prob:0.84949 Alpha:0.50048
[MOE_TRACE] Group:1 Prob:0.23208 Alpha:0.50173
[MOE_TRACE] Group:2 Prob:0.91525 Alpha:0.50067
[MOE_TRACE] Group:0 Prob:0.84506 Alpha:0.50048
[MOE_TRACE] Group:0 Prob:0.84506 Alpha:0.50048
[MOE_TRACE] Group:1 Prob:0.22755 Alpha:0.50173
[MOE_TRACE] Group:0 Prob:0.84506 Alpha:0.50048
[MOE_TRACE] Group:1 Prob:0.22755 Alpha:0.50173
[MOE_TRACE] Group:2 Prob:0.91389 Alpha:0.50067
[MOE_TRACE] Group:1 Prob:0.22755 Alpha:0.50173
[MOE_TRACE] Group:2 Prob:0.91389 Alpha:0.50067
[MOE_TRACE] Group:2 Prob:0.91389 Alpha:0.50067
[MOE_TRACE] Group:0 Prob:0.84506 Alpha:0.50048
[MOE_TRACE] Group:1 Prob:0.22755 Alpha:0.50173
[MOE_TRACE] Group:2 Prob:0.91389 Alpha:0.50067
[MOE_TRACE] Group:0 Prob:0.85092 Alpha:0.50048
[MOE_TRACE] Group:0 Prob:0.85092 Alpha:0.50048
[MOE_TRACE] Group:0 Prob:0.85092 Alpha:0.50048
[MOE_TRACE] Group:1 Prob:0.22254 Alpha:0.50173
[MOE_TRACE] Group:1 Prob:0.22254 Alpha:0.50173
[MOE_TRACE] Group:1 Prob:0.22254 Alpha:0.50173
[MOE_TRACE] Group:2 Prob:0.91491 Alpha:0.50067
[MOE_TRACE] Group:2 Prob:0.91491 Alpha:0.50067
[MOE_TRACE] Group:0 Prob:0.85092 Alpha:0.50048
[MOE_TRACE] Group:2 Prob:0.91491 Alpha:0.50067
[MOE_TRACE] Group:1 Prob:0.22254 Alpha:0.50173
[MOE_TRACE] Group:2 Prob:0.91491 Alpha:0.50067
[MOE_TRACE] Group:0 Prob:0.84638 Alpha:0.50048
[MOE_TRACE] Group:0 Prob:0.84638 Alpha:0.50048
[MOE_TRACE] Group:1 Prob:0.22778 Alpha:0.50174
[MOE_TRACE] Group:1 Prob:0.22778 Alpha:0.50174
[MOE_TRACE] Group:0 Prob:0.84638 Alpha:0.50048
[MOE_TRACE] Group:2 Prob:0.91423 Alpha:0.50067
[MOE_TRACE] Group:2 Prob:0.91423 Alpha:0.50067
[MOE_TRACE] Group:1 Prob:0.22778 Alpha:0.50174
[MOE_TRACE] Group:2 Prob:0.91423 Alpha:0.50067
[MOE_TRACE] Group:0 Prob:0.84638 Alpha:0.50048
[MOE_TRACE] Group:1 Prob:0.22778 Alpha:0.50174
[MOE_TRACE] Group:2 Prob:0.91423 Alpha:0.50067
[MOE_TRACE] Group:0 Prob:0.84798 Alpha:0.50048[MOE_TRACE] Group:0 Prob:0.84798 Alpha:0.50048

[MOE_TRACE] Group:0 Prob:0.84798 Alpha:0.50048
[MOE_TRACE] Group:1 Prob:0.22898 Alpha:0.50174
[MOE_TRACE] Group:1 Prob:0.22898 Alpha:0.50174
[MOE_TRACE] Group:2 Prob:0.91400 Alpha:0.50067
[MOE_TRACE] Group:2 Prob:0.91400 Alpha:0.50067
[MOE_TRACE] Group:1 Prob:0.22898 Alpha:0.50174
[MOE_TRACE] Group:2 Prob:0.91400 Alpha:0.50067
[MOE_TRACE] Group:0 Prob:0.84798 Alpha:0.50048
[MOE_TRACE] Group:1 Prob:0.22898 Alpha:0.50174
[MOE_TRACE] Group:2 Prob:0.91400 Alpha:0.50067
[MOE_TRACE] Group:0 Prob:0.84894 Alpha:0.50048
[MOE_TRACE] Group:0 Prob:0.84894 Alpha:0.50048
[MOE_TRACE] Group:0 Prob:0.84894 Alpha:0.50048
[MOE_TRACE] Group:1 Prob:0.21484 Alpha:0.50174
[MOE_TRACE] Group:1 Prob:0.21484 Alpha:0.50174[MOE_TRACE] Group:1 Prob:0.21484 Alpha:0.50174

[MOE_TRACE] Group:2 Prob:0.91361 Alpha:0.50067
[MOE_TRACE] Group:2 Prob:0.91361 Alpha:0.50067
[MOE_TRACE] Group:2 Prob:0.91361 Alpha:0.50067
[MOE_TRACE] Group:0 Prob:0.84894 Alpha:0.50048
[MOE_TRACE] Group:1 Prob:0.21484 Alpha:0.50174
[MOE_TRACE] Group:2 Prob:0.91361 Alpha:0.50067
[MOE_TRACE] Group:0 Prob:0.85001 Alpha:0.50048
[MOE_TRACE] Group:0 Prob:0.85001 Alpha:0.50048
[MOE_TRACE] Group:0 Prob:0.85001 Alpha:0.50048
[MOE_TRACE] Group:1 Prob:0.23627 Alpha:0.50174
[MOE_TRACE] Group:1 Prob:0.23627 Alpha:0.50174[MOE_TRACE] Group:1 Prob:0.23627 Alpha:0.50174

[MOE_TRACE] Group:2 Prob:0.91435 Alpha:0.50067
[MOE_TRACE] Group:2 Prob:0.91435 Alpha:0.50067
[MOE_TRACE] Group:2 Prob:0.91435 Alpha:0.50067
[MOE_TRACE] Group:0 Prob:0.85001 Alpha:0.50048
[MOE_TRACE] Group:1 Prob:0.23627 Alpha:0.50174
[MOE_TRACE] Group:2 Prob:0.91435 Alpha:0.50067
[MOE_TRACE] Group:0 Prob:0.85021 Alpha:0.50048[MOE_TRACE] Group:0 Prob:0.85021 Alpha:0.50048

[MOE_TRACE] Group:0 Prob:0.85021 Alpha:0.50048
[MOE_TRACE] Group:1 Prob:0.21993 Alpha:0.50174[MOE_TRACE] Group:1 Prob:0.21993 Alpha:0.50174

[MOE_TRACE] Group:1 Prob:0.21993 Alpha:0.50174
[MOE_TRACE] Group:2 Prob:0.91334 Alpha:0.50067
[MOE_TRACE] Group:2 Prob:0.91334 Alpha:0.50067
[MOE_TRACE] Group:2 Prob:0.91334 Alpha:0.50067
[MOE_TRACE] Group:0 Prob:0.85021 Alpha:0.50048
[MOE_TRACE] Group:1 Prob:0.21993 Alpha:0.50174
[MOE_TRACE] Group:2 Prob:0.91334 Alpha:0.50067
[MOE_TRACE] Group:0 Prob:0.84689 Alpha:0.50048
[MOE_TRACE] Group:0 Prob:0.84689 Alpha:0.50048
[MOE_TRACE] Group:0 Prob:0.84689 Alpha:0.50048
[MOE_TRACE] Group:1 Prob:0.22534 Alpha:0.50174
[MOE_TRACE] Group:1 Prob:0.22534 Alpha:0.50174[MOE_TRACE] Group:1 Prob:0.22534 Alpha:0.50174

[MOE_TRACE] Group:2 Prob:0.91261 Alpha:0.50067
[MOE_TRACE] Group:2 Prob:0.91261 Alpha:0.50067
[MOE_TRACE] Group:2 Prob:0.91261 Alpha:0.50067
[MOE_TRACE] Group:0 Prob:0.84689 Alpha:0.50048
[MOE_TRACE] Group:1 Prob:0.22534 Alpha:0.50174
[MOE_TRACE] Group:2 Prob:0.91261 Alpha:0.50067
[MOE_TRACE] Group:0 Prob:0.85138 Alpha:0.50048
[MOE_TRACE] Group:0 Prob:0.85138 Alpha:0.50048
[MOE_TRACE] Group:0 Prob:0.85138 Alpha:0.50048
[MOE_TRACE] Group:1 Prob:0.22522 Alpha:0.50174
[MOE_TRACE] Group:1 Prob:0.22522 Alpha:0.50174
[MOE_TRACE] Group:1 Prob:0.22522 Alpha:0.50174
[MOE_TRACE] Group:2 Prob:0.91711 Alpha:0.50067
[MOE_TRACE] Group:2 Prob:0.91711 Alpha:0.50067
[MOE_TRACE] Group:2 Prob:0.91711 Alpha:0.50067
[MOE_TRACE] Group:0 Prob:0.85138 Alpha:0.50048
[MOE_TRACE] Group:1 Prob:0.22522 Alpha:0.50174
[MOE_TRACE] Group:2 Prob:0.91711 Alpha:0.50067
[MOE_TRACE] Group:0 Prob:0.84347 Alpha:0.50048
[MOE_TRACE] Group:0 Prob:0.84347 Alpha:0.50048
[MOE_TRACE] Group:1 Prob:0.23943 Alpha:0.50174
[MOE_TRACE] Group:1 Prob:0.23943 Alpha:0.50174
[MOE_TRACE] Group:0 Prob:0.84347 Alpha:0.50048
[MOE_TRACE] Group:2 Prob:0.91456 Alpha:0.50067
[MOE_TRACE] Group:2 Prob:0.91456 Alpha:0.50067
[MOE_TRACE] Group:1 Prob:0.23943 Alpha:0.50174
[MOE_TRACE] Group:2 Prob:0.91456 Alpha:0.50067
[MOE_TRACE] Group:0 Prob:0.84347 Alpha:0.50048
[MOE_TRACE] Group:1 Prob:0.23943 Alpha:0.50174
[MOE_TRACE] Group:2 Prob:0.91456 Alpha:0.50067
[MOE_TRACE] Group:0 Prob:0.84832 Alpha:0.50048
[MOE_TRACE] Group:1 Prob:0.21825 Alpha:0.50174
[MOE_TRACE] Group:0 Prob:0.84832 Alpha:0.50048
[MOE_TRACE] Group:0 Prob:0.84832 Alpha:0.50048
[MOE_TRACE] Group:2 Prob:0.91684 Alpha:0.50067
[MOE_TRACE] Group:1 Prob:0.21825 Alpha:0.50174
[MOE_TRACE] Group:1 Prob:0.21825 Alpha:0.50174
[MOE_TRACE] Group:2 Prob:0.91684 Alpha:0.50067
[MOE_TRACE] Group:2 Prob:0.91684 Alpha:0.50067
[MOE_TRACE] Group:0 Prob:0.84832 Alpha:0.50048
[MOE_TRACE] Group:1 Prob:0.21825 Alpha:0.50174
[MOE_TRACE] Group:2 Prob:0.91684 Alpha:0.50067
[MOE_TRACE] Group:0 Prob:0.84704 Alpha:0.50048[MOE_TRACE] Group:0 Prob:0.84704 Alpha:0.50048

[MOE_TRACE] Group:0 Prob:0.84704 Alpha:0.50048
[MOE_TRACE] Group:1 Prob:0.22331 Alpha:0.50174
[MOE_TRACE] Group:1 Prob:0.22331 Alpha:0.50174
[MOE_TRACE] Group:2 Prob:0.91280 Alpha:0.50067[MOE_TRACE] Group:1 Prob:0.22331 Alpha:0.50174[MOE_TRACE] Group:2 Prob:0.91280 Alpha:0.50067


[MOE_TRACE] Group:2 Prob:0.91280 Alpha:0.50067
[MOE_TRACE] Group:0 Prob:0.84704 Alpha:0.50048
[MOE_TRACE] Group:1 Prob:0.22331 Alpha:0.50174
[MOE_TRACE] Group:2 Prob:0.91280 Alpha:0.50067
[MOE_TRACE] Group:0 Prob:0.85031 Alpha:0.50048
[MOE_TRACE] Group:0 Prob:0.85031 Alpha:0.50048
[MOE_TRACE] Group:0 Prob:0.85031 Alpha:0.50048
[MOE_TRACE] Group:1 Prob:0.23799 Alpha:0.50174
[MOE_TRACE] Group:1 Prob:0.23799 Alpha:0.50174
[MOE_TRACE] Group:2 Prob:0.91297 Alpha:0.50067
[MOE_TRACE] Group:1 Prob:0.23799 Alpha:0.50174
[MOE_TRACE] Group:2 Prob:0.91297 Alpha:0.50067
[MOE_TRACE] Group:2 Prob:0.91297 Alpha:0.50067
[MOE_TRACE] Group:0 Prob:0.85031 Alpha:0.50048
[MOE_TRACE] Group:1 Prob:0.23799 Alpha:0.50174
[MOE_TRACE] Group:2 Prob:0.91297 Alpha:0.50067
[MOE_TRACE] Group:0 Prob:0.84503 Alpha:0.50048
[MOE_TRACE] Group:0 Prob:0.84503 Alpha:0.50048
[MOE_TRACE] Group:0 Prob:0.84503 Alpha:0.50048
[MOE_TRACE] Group:1 Prob:0.23231 Alpha:0.50174
[MOE_TRACE] Group:1 Prob:0.23231 Alpha:0.50174
[MOE_TRACE] Group:0 Prob:0.84503 Alpha:0.50048
[MOE_TRACE] Group:1 Prob:0.23231 Alpha:0.50174
[MOE_TRACE] Group:2 Prob:0.91345 Alpha:0.50067
[MOE_TRACE] Group:0 Prob:0.85048 Alpha:0.50048
[MOE_TRACE] Group:0 Prob:0.85048 Alpha:0.50048
[MOE_TRACE] Group:0 Prob:0.85048 Alpha:0.50048
[MOE_TRACE] Group:1 Prob:0.23023 Alpha:0.50175
[MOE_TRACE] Group:1 Prob:0.23023 Alpha:0.50175
[MOE_TRACE] Group:2 Prob:0.91393 Alpha:0.50067
[MOE_TRACE] Group:1 Prob:0.23023 Alpha:0.50175[MOE_TRACE] Group:2 Prob:0.91393 Alpha:0.50067

[MOE_TRACE] Group:2 Prob:0.91393 Alpha:0.50067
[MOE_TRACE] Group:0 Prob:0.85048 Alpha:0.50048
[MOE_TRACE] Group:1 Prob:0.23023 Alpha:0.50175
[MOE_TRACE] Group:2 Prob:0.91393 Alpha:0.50067
[MOE_TRACE] Group:0 Prob:0.84950 Alpha:0.50049
[MOE_TRACE] Group:0 Prob:0.84950 Alpha:0.50049
[MOE_TRACE] Group:1 Prob:0.23360 Alpha:0.50175
[MOE_TRACE] Group:0 Prob:0.84950 Alpha:0.50049
[MOE_TRACE] Group:1 Prob:0.23360 Alpha:0.50175
[MOE_TRACE] Group:2 Prob:0.91411 Alpha:0.50067
[MOE_TRACE] Group:2 Prob:0.91411 Alpha:0.50067
[MOE_TRACE] Group:1 Prob:0.23360 Alpha:0.50175
[MOE_TRACE] Group:2 Prob:0.91411 Alpha:0.50067
[MOE_TRACE] Group:0 Prob:0.84950 Alpha:0.50049
[MOE_TRACE] Group:1 Prob:0.23360 Alpha:0.50175
[MOE_TRACE] Group:2 Prob:0.91411 Alpha:0.50067
[MOE_TRACE] Group:0 Prob:0.85091 Alpha:0.50049
[MOE_TRACE] Group:0 Prob:0.85091 Alpha:0.50049
[MOE_TRACE] Group:0 Prob:0.85091 Alpha:0.50049
[MOE_TRACE] Group:1 Prob:0.24052 Alpha:0.50175[MOE_TRACE] Group:1 Prob:0.24052 Alpha:0.50175

[MOE_TRACE] Group:2 Prob:0.91535 Alpha:0.50067[MOE_TRACE] Group:2 Prob:0.91535 Alpha:0.50067

[MOE_TRACE] Group:1 Prob:0.24052 Alpha:0.50175
[MOE_TRACE] Group:2 Prob:0.91535 Alpha:0.50067
[MOE_TRACE] Group:0 Prob:0.85091 Alpha:0.50049
[MOE_TRACE] Group:1 Prob:0.24052 Alpha:0.50175
[MOE_TRACE] Group:2 Prob:0.91535 Alpha:0.50067
[MOE_TRACE] Group:0 Prob:0.85366 Alpha:0.50049[MOE_TRACE] Group:0 Prob:0.85366 Alpha:0.50049

[MOE_TRACE] Group:1 Prob:0.23154 Alpha:0.50175[MOE_TRACE] Group:0 Prob:0.85366 Alpha:0.50049
[MOE_TRACE] Group:1 Prob:0.23154 Alpha:0.50175

[MOE_TRACE] Group:2 Prob:0.91613 Alpha:0.50067
[MOE_TRACE] Group:2 Prob:0.91613 Alpha:0.50067
[MOE_TRACE] Group:1 Prob:0.23154 Alpha:0.50175
[MOE_TRACE] Group:2 Prob:0.91613 Alpha:0.50067
[MOE_TRACE] Group:0 Prob:0.85366 Alpha:0.50049
[MOE_TRACE] Group:1 Prob:0.23154 Alpha:0.50175
[MOE_TRACE] Group:2 Prob:0.91613 Alpha:0.50067
[MOE_TRACE] Group:0 Prob:0.84695 Alpha:0.50049
[MOE_TRACE] Group:0 Prob:0.84695 Alpha:0.50049
[MOE_TRACE] Group:0 Prob:0.84695 Alpha:0.50049
[MOE_TRACE] Group:1 Prob:0.23209 Alpha:0.50175
[MOE_TRACE] Group:1 Prob:0.23209 Alpha:0.50175
[MOE_TRACE] Group:1 Prob:0.23209 Alpha:0.50175
[MOE_TRACE] Group:0 Prob:0.84695 Alpha:0.50049
[MOE_TRACE] Group:1 Prob:0.23209 Alpha:0.50175
[MOE_TRACE] Group:2 Prob:0.91405 Alpha:0.50067
[MOE_TRACE] Group:0 Prob:0.84837 Alpha:0.50049
[MOE_TRACE] Group:0 Prob:0.84837 Alpha:0.50049
[MOE_TRACE] Group:1 Prob:0.22325 Alpha:0.50175
[MOE_TRACE] Group:0 Prob:0.84837 Alpha:0.50049
[MOE_TRACE] Group:2 Prob:0.91437 Alpha:0.50067
[MOE_TRACE] Group:1 Prob:0.22325 Alpha:0.50175
[MOE_TRACE] Group:1 Prob:0.22325 Alpha:0.50175
[MOE_TRACE] Group:2 Prob:0.91437 Alpha:0.50067
[MOE_TRACE] Group:2 Prob:0.91437 Alpha:0.50067
[MOE_TRACE] Group:0 Prob:0.84837 Alpha:0.50049
[MOE_TRACE] Group:1 Prob:0.22325 Alpha:0.50175
[MOE_TRACE] Group:2 Prob:0.91437 Alpha:0.50067
[MOE_TRACE] Group:0 Prob:0.84989 Alpha:0.50049[MOE_TRACE] Group:0 Prob:0.84989 Alpha:0.50049

[MOE_TRACE] Group:1 Prob:0.23869 Alpha:0.50176
[MOE_TRACE] Group:1 Prob:0.23869 Alpha:0.50176
[MOE_TRACE] Group:0 Prob:0.84989 Alpha:0.50049
[MOE_TRACE] Group:2 Prob:0.91626 Alpha:0.50067
[MOE_TRACE] Group:2 Prob:0.91626 Alpha:0.50067
[MOE_TRACE] Group:1 Prob:0.23869 Alpha:0.50176
[MOE_TRACE] Group:2 Prob:0.91626 Alpha:0.50067
[MOE_TRACE] Group:0 Prob:0.84989 Alpha:0.50049
[MOE_TRACE] Group:1 Prob:0.23869 Alpha:0.50176
[MOE_TRACE] Group:2 Prob:0.91626 Alpha:0.50067
[MOE_TRACE] Group:0 Prob:0.84525 Alpha:0.50049
[MOE_TRACE] Group:0 Prob:0.84525 Alpha:0.50049
[MOE_TRACE] Group:0 Prob:0.84525 Alpha:0.50049
[MOE_TRACE] Group:1 Prob:0.22114 Alpha:0.50176
[MOE_TRACE] Group:1 Prob:0.22114 Alpha:0.50176
[MOE_TRACE] Group:1 Prob:0.22114 Alpha:0.50176
[MOE_TRACE] Group:2 Prob:0.91362 Alpha:0.50067
[MOE_TRACE] Group:2 Prob:0.91362 Alpha:0.50067
[MOE_TRACE] Group:2 Prob:0.91362 Alpha:0.50067
[MOE_TRACE] Group:0 Prob:0.84525 Alpha:0.50049
[MOE_TRACE] Group:1 Prob:0.22114 Alpha:0.50176
[MOE_TRACE] Group:2 Prob:0.91362 Alpha:0.50067
[MOE_TRACE] Group:0 Prob:0.84372 Alpha:0.50049
[MOE_TRACE] Group:0 Prob:0.84372 Alpha:0.50049
[MOE_TRACE] Group:0 Prob:0.84372 Alpha:0.50049
[MOE_TRACE] Group:1 Prob:0.22075 Alpha:0.50176
[MOE_TRACE] Group:1 Prob:0.22075 Alpha:0.50176
[MOE_TRACE] Group:2 Prob:0.91485 Alpha:0.50067
[MOE_TRACE] Group:1 Prob:0.22075 Alpha:0.50176
[MOE_TRACE] Group:2 Prob:0.91485 Alpha:0.50067
[MOE_TRACE] Group:2 Prob:0.91485 Alpha:0.50067
[MOE_TRACE] Group:0 Prob:0.84372 Alpha:0.50049
[MOE_TRACE] Group:1 Prob:0.22075 Alpha:0.50176
[MOE_TRACE] Group:2 Prob:0.91485 Alpha:0.50067
[MOE_TRACE] Group:0 Prob:0.84880 Alpha:0.50049
[MOE_TRACE] Group:0 Prob:0.84880 Alpha:0.50049
[MOE_TRACE] Group:1 Prob:0.23319 Alpha:0.50176
[MOE_TRACE] Group:0 Prob:0.84880 Alpha:0.50049
[MOE_TRACE] Group:1 Prob:0.23319 Alpha:0.50176
[MOE_TRACE] Group:1 Prob:0.23319 Alpha:0.50176
[MOE_TRACE] Group:2 Prob:0.91230 Alpha:0.50067
[MOE_TRACE] Group:2 Prob:0.91230 Alpha:0.50067
[MOE_TRACE] Group:2 Prob:0.91230 Alpha:0.50067
[MOE_TRACE] Group:0 Prob:0.84880 Alpha:0.50049
[MOE_TRACE] Group:1 Prob:0.23319 Alpha:0.50176
[MOE_TRACE] Group:2 Prob:0.91230 Alpha:0.50067
[MOE_TRACE] Group:0 Prob:0.84406 Alpha:0.50049
[MOE_TRACE] Group:0 Prob:0.84406 Alpha:0.50049
[MOE_TRACE] Group:1 Prob:0.22157 Alpha:0.50176
[MOE_TRACE] Group:1 Prob:0.22157 Alpha:0.50176
[MOE_TRACE] Group:0 Prob:0.84406 Alpha:0.50049
[MOE_TRACE] Group:2 Prob:0.91254 Alpha:0.50067
[MOE_TRACE] Group:2 Prob:0.91254 Alpha:0.50067
[MOE_TRACE] Group:1 Prob:0.22157 Alpha:0.50176
[MOE_TRACE] Group:2 Prob:0.91254 Alpha:0.50067
[MOE_TRACE] Group:0 Prob:0.84406 Alpha:0.50049
[MOE_TRACE] Group:1 Prob:0.22157 Alpha:0.50176
[MOE_TRACE] Group:2 Prob:0.91254 Alpha:0.50067
[MOE_TRACE] Group:0 Prob:0.84980 Alpha:0.50049
[MOE_TRACE] Group:0 Prob:0.84980 Alpha:0.50049
[MOE_TRACE] Group:1 Prob:0.24023 Alpha:0.50176
[MOE_TRACE] Group:1 Prob:0.24023 Alpha:0.50176
[MOE_TRACE] Group:0 Prob:0.84980 Alpha:0.50049[MOE_TRACE] Group:2 Prob:0.91294 Alpha:0.50067

[MOE_TRACE] Group:2 Prob:0.91294 Alpha:0.50067
[MOE_TRACE] Group:1 Prob:0.24023 Alpha:0.50176
[MOE_TRACE] Group:2 Prob:0.91294 Alpha:0.50067
[MOE_TRACE] Group:0 Prob:0.84980 Alpha:0.50049
[MOE_TRACE] Group:1 Prob:0.24023 Alpha:0.50176
[MOE_TRACE] Group:2 Prob:0.91294 Alpha:0.50067
[MOE_TRACE] Group:0 Prob:0.84999 Alpha:0.50049
[MOE_TRACE] Group:0 Prob:0.84999 Alpha:0.50049
[MOE_TRACE] Group:1 Prob:0.22642 Alpha:0.50176
[MOE_TRACE] Group:0 Prob:0.84999 Alpha:0.50049
[MOE_TRACE] Group:2 Prob:0.91267 Alpha:0.50067
[MOE_TRACE] Group:1 Prob:0.22642 Alpha:0.50176
[MOE_TRACE] Group:1 Prob:0.22642 Alpha:0.50176
[MOE_TRACE] Group:2 Prob:0.91267 Alpha:0.50067
[MOE_TRACE] Group:2 Prob:0.91267 Alpha:0.50067
[MOE_TRACE] Group:0 Prob:0.84999 Alpha:0.50049
[MOE_TRACE] Group:1 Prob:0.22642 Alpha:0.50176
[MOE_TRACE] Group:2 Prob:0.91267 Alpha:0.50067
[MOE_TRACE] Group:0 Prob:0.84622 Alpha:0.50049[MOE_TRACE] Group:0 Prob:0.84622 Alpha:0.50049

[MOE_TRACE] Group:1 Prob:0.23021 Alpha:0.50177[MOE_TRACE] Group:1 Prob:0.23021 Alpha:0.50177

[MOE_TRACE] Group:2 Prob:0.91579 Alpha:0.50068
[MOE_TRACE] Group:2 Prob:0.91579 Alpha:0.50068[MOE_TRACE] Group:0 Prob:0.84622 Alpha:0.50049

[MOE_TRACE] Group:1 Prob:0.23021 Alpha:0.50177
[MOE_TRACE] Group:2 Prob:0.91579 Alpha:0.50068
[MOE_TRACE] Group:0 Prob:0.84622 Alpha:0.50049
[MOE_TRACE] Group:1 Prob:0.23021 Alpha:0.50177
[MOE_TRACE] Group:2 Prob:0.91579 Alpha:0.50068
[MOE_TRACE] Group:0 Prob:0.85083 Alpha:0.50049
[MOE_TRACE] Group:1 Prob:0.24412 Alpha:0.50177
[MOE_TRACE] Group:0 Prob:0.85083 Alpha:0.50049
[MOE_TRACE] Group:1 Prob:0.24412 Alpha:0.50177
[MOE_TRACE] Group:2 Prob:0.91600 Alpha:0.50068
[MOE_TRACE] Group:0 Prob:0.85083 Alpha:0.50049
[MOE_TRACE] Group:1 Prob:0.24412 Alpha:0.50177
[MOE_TRACE] Group:2 Prob:0.91600 Alpha:0.50068
[MOE_TRACE] Group:0 Prob:0.85083 Alpha:0.50049
[MOE_TRACE] Group:1 Prob:0.24412 Alpha:0.50177
[MOE_TRACE] Group:2 Prob:0.91600 Alpha:0.50068
[MOE_TRACE] Group:0 Prob:0.85151 Alpha:0.50049
[MOE_TRACE] Group:0 Prob:0.85151 Alpha:0.50049
[MOE_TRACE] Group:0 Prob:0.85151 Alpha:0.50049
[MOE_TRACE] Group:1 Prob:0.22122 Alpha:0.50177
[MOE_TRACE] Group:2 Prob:0.91282 Alpha:0.50068
[MOE_TRACE] Group:1 Prob:0.22122 Alpha:0.50177
[MOE_TRACE] Group:1 Prob:0.22122 Alpha:0.50177
[MOE_TRACE] Group:2 Prob:0.91282 Alpha:0.50068
[MOE_TRACE] Group:2 Prob:0.91282 Alpha:0.50068
[MOE_TRACE] Group:0 Prob:0.85151 Alpha:0.50049
[MOE_TRACE] Group:1 Prob:0.22122 Alpha:0.50177
[MOE_TRACE] Group:2 Prob:0.91282 Alpha:0.50068
[MOE_TRACE] Group:0 Prob:0.84506 Alpha:0.50049
[MOE_TRACE] Group:1 Prob:0.21982 Alpha:0.50177
[MOE_TRACE] Group:0 Prob:0.84506 Alpha:0.50049[MOE_TRACE] Group:0 Prob:0.84506 Alpha:0.50049

[MOE_TRACE] Group:2 Prob:0.91359 Alpha:0.50068
[MOE_TRACE] Group:1 Prob:0.21982 Alpha:0.50177
[MOE_TRACE] Group:1 Prob:0.21982 Alpha:0.50177
[MOE_TRACE] Group:2 Prob:0.91359 Alpha:0.50068
[MOE_TRACE] Group:2 Prob:0.91359 Alpha:0.50068
[MOE_TRACE] Group:0 Prob:0.84506 Alpha:0.50049
[MOE_TRACE] Group:1 Prob:0.21982 Alpha:0.50177
[MOE_TRACE] Group:2 Prob:0.91359 Alpha:0.50068
[MOE_TRACE] Group:0 Prob:0.85037 Alpha:0.50049
[MOE_TRACE] Group:1 Prob:0.23855 Alpha:0.50177
[MOE_TRACE] Group:2 Prob:0.91281 Alpha:0.50068
[MOE_TRACE] Group:0 Prob:0.85037 Alpha:0.50049[MOE_TRACE] Group:0 Prob:0.85037 Alpha:0.50049

[MOE_TRACE] Group:1 Prob:0.23855 Alpha:0.50177
[MOE_TRACE] Group:1 Prob:0.23855 Alpha:0.50177
[MOE_TRACE] Group:2 Prob:0.91381 Alpha:0.50068
[MOE_TRACE] Group:2 Prob:0.91381 Alpha:0.50068
[MOE_TRACE] Group:0 Prob:0.85037 Alpha:0.50049
[MOE_TRACE] Group:1 Prob:0.23855 Alpha:0.50177
[MOE_TRACE] Group:2 Prob:0.91381 Alpha:0.50068
[MOE_TRACE] Group:0 Prob:0.84280 Alpha:0.50049
[MOE_TRACE] Group:1 Prob:0.23468 Alpha:0.50177
[MOE_TRACE] Group:0 Prob:0.84280 Alpha:0.50049
[MOE_TRACE] Group:0 Prob:0.84280 Alpha:0.50049
[MOE_TRACE] Group:1 Prob:0.23468 Alpha:0.50177
[MOE_TRACE] Group:2 Prob:0.91179 Alpha:0.50068[MOE_TRACE] Group:1 Prob:0.23468 Alpha:0.50177

[MOE_TRACE] Group:2 Prob:0.91179 Alpha:0.50068
[MOE_TRACE] Group:2 Prob:0.91179 Alpha:0.50068
[MOE_TRACE] Group:0 Prob:0.84280 Alpha:0.50049
[MOE_TRACE] Group:1 Prob:0.23468 Alpha:0.50177
[MOE_TRACE] Group:2 Prob:0.91179 Alpha:0.50068
[MOE_TRACE] Group:0 Prob:0.84284 Alpha:0.50049[MOE_TRACE] Group:0 Prob:0.84284 Alpha:0.50049

[MOE_TRACE] Group:0 Prob:0.84284 Alpha:0.50049
[MOE_TRACE] Group:1 Prob:0.22815 Alpha:0.50177
[MOE_TRACE] Group:1 Prob:0.22815 Alpha:0.50177
[MOE_TRACE] Group:1 Prob:0.22815 Alpha:0.50177
[MOE_TRACE] Group:2 Prob:0.91139 Alpha:0.50068
[MOE_TRACE] Group:2 Prob:0.91139 Alpha:0.50068
[MOE_TRACE] Group:2 Prob:0.91139 Alpha:0.50068
[MOE_TRACE] Group:0 Prob:0.84284 Alpha:0.50049
[MOE_TRACE] Group:1 Prob:0.22815 Alpha:0.50177
[MOE_TRACE] Group:2 Prob:0.91139 Alpha:0.50068
[MOE_TRACE] Group:0 Prob:0.85105 Alpha:0.50049
[MOE_TRACE] Group:0 Prob:0.85105 Alpha:0.50049
[MOE_TRACE] Group:1 Prob:0.22393 Alpha:0.50177[MOE_TRACE] Group:1 Prob:0.22393 Alpha:0.50177

[MOE_TRACE] Group:0 Prob:0.85105 Alpha:0.50049
[MOE_TRACE] Group:2 Prob:0.91298 Alpha:0.50068
[MOE_TRACE] Group:1 Prob:0.22393 Alpha:0.50177
[MOE_TRACE] Group:2 Prob:0.91298 Alpha:0.50068
[MOE_TRACE] Group:2 Prob:0.91298 Alpha:0.50068
[MOE_TRACE] Group:0 Prob:0.85105 Alpha:0.50049
[MOE_TRACE] Group:1 Prob:0.22393 Alpha:0.50177
[MOE_TRACE] Group:2 Prob:0.91298 Alpha:0.50068
[MOE_TRACE] Group:0 Prob:0.85310 Alpha:0.50049
[MOE_TRACE] Group:1 Prob:0.22961 Alpha:0.50177
[MOE_TRACE] Group:0 Prob:0.85310 Alpha:0.50049
[MOE_TRACE] Group:2 Prob:0.91514 Alpha:0.50068
[MOE_TRACE] Group:0 Prob:0.85310 Alpha:0.50049
[MOE_TRACE] Group:1 Prob:0.22961 Alpha:0.50177
[MOE_TRACE] Group:1 Prob:0.22961 Alpha:0.50177
[MOE_TRACE] Group:2 Prob:0.91514 Alpha:0.50068
[MOE_TRACE] Group:2 Prob:0.91514 Alpha:0.50068
[MOE_TRACE] Group:0 Prob:0.85310 Alpha:0.50049
[MOE_TRACE] Group:1 Prob:0.22961 Alpha:0.50177
[MOE_TRACE] Group:2 Prob:0.91514 Alpha:0.50068
[MOE_TRACE] Group:0 Prob:0.84390 Alpha:0.50049
[MOE_TRACE] Group:0 Prob:0.84390 Alpha:0.50049
[MOE_TRACE] Group:0 Prob:0.84390 Alpha:0.50049
[MOE_TRACE] Group:1 Prob:0.22526 Alpha:0.50177
[MOE_TRACE] Group:1 Prob:0.22526 Alpha:0.50177
[MOE_TRACE] Group:1 Prob:0.22526 Alpha:0.50177
[MOE_TRACE] Group:2 Prob:0.91498 Alpha:0.50068
[MOE_TRACE] Group:2 Prob:0.91498 Alpha:0.50068
[MOE_TRACE] Group:2 Prob:0.91498 Alpha:0.50068
[MOE_TRACE] Group:0 Prob:0.84390 Alpha:0.50049
[MOE_TRACE] Group:1 Prob:0.22526 Alpha:0.50177
[MOE_TRACE] Group:2 Prob:0.91498 Alpha:0.50068
[MOE_TRACE] Group:0 Prob:0.85270 Alpha:0.50049
[MOE_TRACE] Group:0 Prob:0.85270 Alpha:0.50049
[MOE_TRACE] Group:0 Prob:0.85270 Alpha:0.50049
[MOE_TRACE] Group:1 Prob:0.23573 Alpha:0.50177
[MOE_TRACE] Group:1 Prob:0.23573 Alpha:0.50177
[MOE_TRACE] Group:2 Prob:0.91572 Alpha:0.50068
[MOE_TRACE] Group:1 Prob:0.23573 Alpha:0.50177
[MOE_TRACE] Group:2 Prob:0.91572 Alpha:0.50068
[MOE_TRACE] Group:2 Prob:0.91572 Alpha:0.50068
[MOE_TRACE] Group:0 Prob:0.85270 Alpha:0.50049
[MOE_TRACE] Group:1 Prob:0.23573 Alpha:0.50177
[MOE_TRACE] Group:2 Prob:0.91572 Alpha:0.50068
[MOE_TRACE] Group:0 Prob:0.84577 Alpha:0.50049
[MOE_TRACE] Group:0 Prob:0.84577 Alpha:0.50049
[MOE_TRACE] Group:1 Prob:0.22420 Alpha:0.50177
[MOE_TRACE] Group:0 Prob:0.84577 Alpha:0.50049
[MOE_TRACE] Group:1 Prob:0.22420 Alpha:0.50177
[MOE_TRACE] Group:2 Prob:0.91160 Alpha:0.50068
[MOE_TRACE] Group:1 Prob:0.22420 Alpha:0.50177
[MOE_TRACE] Group:2 Prob:0.91160 Alpha:0.50068
[MOE_TRACE] Group:2 Prob:0.91160 Alpha:0.50068
[MOE_TRACE] Group:0 Prob:0.84577 Alpha:0.50049
[MOE_TRACE] Group:1 Prob:0.22420 Alpha:0.50177
[MOE_TRACE] Group:2 Prob:0.91160 Alpha:0.50068
[MOE_TRACE] Group:0 Prob:0.84726 Alpha:0.50049[MOE_TRACE] Group:0 Prob:0.84726 Alpha:0.50049

[MOE_TRACE] Group:0 Prob:0.84726 Alpha:0.50049
[MOE_TRACE] Group:1 Prob:0.23483 Alpha:0.50178
[MOE_TRACE] Group:0 Prob:0.84726 Alpha:0.50049
[MOE_TRACE] Group:1 Prob:0.23483 Alpha:0.50178
[MOE_TRACE] Group:2 Prob:0.91096 Alpha:0.50068
[MOE_TRACE] Group:0 Prob:0.84196 Alpha:0.50049
[MOE_TRACE] Group:0 Prob:0.84196 Alpha:0.50049
[MOE_TRACE] Group:0 Prob:0.84196 Alpha:0.50049
[MOE_TRACE] Group:1 Prob:0.22481 Alpha:0.50178
[MOE_TRACE] Group:1 Prob:0.22481 Alpha:0.50178
[MOE_TRACE] Group:2 Prob:0.91115 Alpha:0.50068
[MOE_TRACE] Group:1 Prob:0.22481 Alpha:0.50178
[MOE_TRACE] Group:2 Prob:0.91115 Alpha:0.50068
[MOE_TRACE] Group:0 Prob:0.84196 Alpha:0.50049[MOE_TRACE] Group:2 Prob:0.91115 Alpha:0.50068

[MOE_TRACE] Group:1 Prob:0.22481 Alpha:0.50178
[MOE_TRACE] Group:2 Prob:0.91115 Alpha:0.50068
[MOE_TRACE] Group:0 Prob:0.84458 Alpha:0.50049
[MOE_TRACE] Group:1 Prob:0.23035 Alpha:0.50178
[MOE_TRACE] Group:0 Prob:0.84458 Alpha:0.50049
[MOE_TRACE] Group:0 Prob:0.84458 Alpha:0.50049
[MOE_TRACE] Group:1 Prob:0.23035 Alpha:0.50178
[MOE_TRACE] Group:1 Prob:0.23035 Alpha:0.50178
[MOE_TRACE] Group:2 Prob:0.91049 Alpha:0.50068
[MOE_TRACE] Group:2 Prob:0.91049 Alpha:0.50068
[MOE_TRACE] Group:0 Prob:0.84458 Alpha:0.50049
[MOE_TRACE] Group:1 Prob:0.23035 Alpha:0.50178
[MOE_TRACE] Group:2 Prob:0.91049 Alpha:0.50068
[MOE_TRACE] Group:0 Prob:0.84787 Alpha:0.50049
[MOE_TRACE] Group:0 Prob:0.84787 Alpha:0.50049
[MOE_TRACE] Group:0 Prob:0.84787 Alpha:0.50049
[MOE_TRACE] Group:1 Prob:0.21950 Alpha:0.50178
[MOE_TRACE] Group:1 Prob:0.21950 Alpha:0.50178
[MOE_TRACE] Group:1 Prob:0.21950 Alpha:0.50178
[MOE_TRACE] Group:2 Prob:0.90703 Alpha:0.50068
[MOE_TRACE] Group:2 Prob:0.90703 Alpha:0.50068
[MOE_TRACE] Group:2 Prob:0.90703 Alpha:0.50068
[MOE_TRACE] Group:0 Prob:0.84787 Alpha:0.50049
[MOE_TRACE] Group:1 Prob:0.21950 Alpha:0.50178
[MOE_TRACE] Group:2 Prob:0.90703 Alpha:0.50068
[MOE_TRACE] Group:0 Prob:0.84536 Alpha:0.50049
[MOE_TRACE] Group:0 Prob:0.84536 Alpha:0.50049
[MOE_TRACE] Group:1 Prob:0.21566 Alpha:0.50178
[MOE_TRACE] Group:0 Prob:0.84536 Alpha:0.50049
[MOE_TRACE] Group:2 Prob:0.91063 Alpha:0.50068
[MOE_TRACE] Group:1 Prob:0.21566 Alpha:0.50178
[MOE_TRACE] Group:2 Prob:0.91063 Alpha:0.50068
[MOE_TRACE] Group:1 Prob:0.21566 Alpha:0.50178
[MOE_TRACE] Group:2 Prob:0.91063 Alpha:0.50068
[MOE_TRACE] Group:0 Prob:0.84536 Alpha:0.50049
[MOE_TRACE] Group:1 Prob:0.21566 Alpha:0.50178
[MOE_TRACE] Group:2 Prob:0.91063 Alpha:0.50068
[MOE_TRACE] Group:0 Prob:0.84602 Alpha:0.50049[MOE_TRACE] Group:0 Prob:0.84602 Alpha:0.50049

[MOE_TRACE] Group:0 Prob:0.84602 Alpha:0.50049
[MOE_TRACE] Group:1 Prob:0.23164 Alpha:0.50178[MOE_TRACE] Group:1 Prob:0.23164 Alpha:0.50178

[MOE_TRACE] Group:1 Prob:0.23164 Alpha:0.50178
[MOE_TRACE] Group:2 Prob:0.90977 Alpha:0.50069
[MOE_TRACE] Group:2 Prob:0.90977 Alpha:0.50069
[MOE_TRACE] Group:2 Prob:0.90977 Alpha:0.50069
[MOE_TRACE] Group:0 Prob:0.84602 Alpha:0.50049
[MOE_TRACE] Group:1 Prob:0.23164 Alpha:0.50178
[MOE_TRACE] Group:2 Prob:0.90977 Alpha:0.50069
[MOE_TRACE] Group:0 Prob:0.84917 Alpha:0.50049[MOE_TRACE] Group:0 Prob:0.84917 Alpha:0.50049

[MOE_TRACE] Group:1 Prob:0.23222 Alpha:0.50179
[MOE_TRACE] Group:1 Prob:0.23222 Alpha:0.50179
[MOE_TRACE] Group:0 Prob:0.84917 Alpha:0.50049
[MOE_TRACE] Group:1 Prob:0.23222 Alpha:0.50179
[MOE_TRACE] Group:2 Prob:0.91146 Alpha:0.50068
[MOE_TRACE] Group:0 Prob:0.84917 Alpha:0.50049
[MOE_TRACE] Group:1 Prob:0.23222 Alpha:0.50179
[MOE_TRACE] Group:2 Prob:0.91146 Alpha:0.50068
	iters: 100, epoch: 6 | loss: 0.3584735
	speed: 5.1490s/iter; left time: 3249.0281s
[MOE_TRACE] Group:0 Prob:0.84530 Alpha:0.50049[MOE_TRACE] Group:0 Prob:0.84530 Alpha:0.50049

[MOE_TRACE] Group:1 Prob:0.22427 Alpha:0.50179
[MOE_TRACE] Group:1 Prob:0.22427 Alpha:0.50179
[MOE_TRACE] Group:0 Prob:0.84530 Alpha:0.50049
[MOE_TRACE] Group:1 Prob:0.22427 Alpha:0.50179
[MOE_TRACE] Group:2 Prob:0.90815 Alpha:0.50068
[MOE_TRACE] Group:0 Prob:0.84530 Alpha:0.50049
[MOE_TRACE] Group:1 Prob:0.22427 Alpha:0.50179
[MOE_TRACE] Group:2 Prob:0.90815 Alpha:0.50068
[MOE_TRACE] Group:0 Prob:0.84435 Alpha:0.50049
[MOE_TRACE] Group:0 Prob:0.84435 Alpha:0.50049
[MOE_TRACE] Group:1 Prob:0.22599 Alpha:0.50179
[MOE_TRACE] Group:0 Prob:0.84435 Alpha:0.50049
[MOE_TRACE] Group:1 Prob:0.22599 Alpha:0.50179
[MOE_TRACE] Group:2 Prob:0.90959 Alpha:0.50068
[MOE_TRACE] Group:1 Prob:0.22599 Alpha:0.50179
[MOE_TRACE] Group:2 Prob:0.90959 Alpha:0.50068
[MOE_TRACE] Group:2 Prob:0.90959 Alpha:0.50068
[MOE_TRACE] Group:0 Prob:0.84435 Alpha:0.50049
[MOE_TRACE] Group:1 Prob:0.22599 Alpha:0.50179
[MOE_TRACE] Group:2 Prob:0.90959 Alpha:0.50068
[MOE_TRACE] Group:0 Prob:0.84672 Alpha:0.50049
[MOE_TRACE] Group:0 Prob:0.84672 Alpha:0.50049
[MOE_TRACE] Group:1 Prob:0.23348 Alpha:0.50179
[MOE_TRACE] Group:0 Prob:0.84672 Alpha:0.50049
[MOE_TRACE] Group:1 Prob:0.23348 Alpha:0.50179
[MOE_TRACE] Group:2 Prob:0.91421 Alpha:0.50068
[MOE_TRACE] Group:1 Prob:0.23348 Alpha:0.50179
[MOE_TRACE] Group:2 Prob:0.91421 Alpha:0.50068
[MOE_TRACE] Group:0 Prob:0.84672 Alpha:0.50049[MOE_TRACE] Group:2 Prob:0.91421 Alpha:0.50068

[MOE_TRACE] Group:1 Prob:0.23348 Alpha:0.50179
[MOE_TRACE] Group:2 Prob:0.91421 Alpha:0.50068
[MOE_TRACE] Group:0 Prob:0.85185 Alpha:0.50049
[MOE_TRACE] Group:1 Prob:0.22539 Alpha:0.50179
[MOE_TRACE] Group:0 Prob:0.85185 Alpha:0.50049
[MOE_TRACE] Group:0 Prob:0.85185 Alpha:0.50049
[MOE_TRACE] Group:2 Prob:0.91087 Alpha:0.50068
[MOE_TRACE] Group:1 Prob:0.22539 Alpha:0.50179
[MOE_TRACE] Group:1 Prob:0.22539 Alpha:0.50179
[MOE_TRACE] Group:2 Prob:0.91087 Alpha:0.50068
[MOE_TRACE] Group:2 Prob:0.91087 Alpha:0.50068
[MOE_TRACE] Group:0 Prob:0.85185 Alpha:0.50049
[MOE_TRACE] Group:1 Prob:0.22539 Alpha:0.50179
[MOE_TRACE] Group:2 Prob:0.91087 Alpha:0.50068
[MOE_TRACE] Group:0 Prob:0.84849 Alpha:0.50049
[MOE_TRACE] Group:1 Prob:0.23416 Alpha:0.50179
[MOE_TRACE] Group:0 Prob:0.84849 Alpha:0.50049
[MOE_TRACE] Group:2 Prob:0.91228 Alpha:0.50068
[MOE_TRACE] Group:0 Prob:0.84849 Alpha:0.50049
[MOE_TRACE] Group:1 Prob:0.23416 Alpha:0.50179
[MOE_TRACE] Group:1 Prob:0.23416 Alpha:0.50179
[MOE_TRACE] Group:2 Prob:0.91228 Alpha:0.50068
[MOE_TRACE] Group:2 Prob:0.91228 Alpha:0.50068
[MOE_TRACE] Group:0 Prob:0.84849 Alpha:0.50049
[MOE_TRACE] Group:1 Prob:0.23416 Alpha:0.50179
[MOE_TRACE] Group:2 Prob:0.91228 Alpha:0.50068
[MOE_TRACE] Group:0 Prob:0.84789 Alpha:0.50049
[MOE_TRACE] Group:0 Prob:0.84789 Alpha:0.50049
[MOE_TRACE] Group:0 Prob:0.84789 Alpha:0.50049
[MOE_TRACE] Group:1 Prob:0.21565 Alpha:0.50180
[MOE_TRACE] Group:1 Prob:0.21565 Alpha:0.50180
[MOE_TRACE] Group:1 Prob:0.21565 Alpha:0.50180
[MOE_TRACE] Group:2 Prob:0.91428 Alpha:0.50068
[MOE_TRACE] Group:2 Prob:0.91428 Alpha:0.50068[MOE_TRACE] Group:2 Prob:0.91428 Alpha:0.50068

[MOE_TRACE] Group:0 Prob:0.84789 Alpha:0.50049
[MOE_TRACE] Group:1 Prob:0.21565 Alpha:0.50180
[MOE_TRACE] Group:2 Prob:0.91428 Alpha:0.50068
[MOE_TRACE] Group:0 Prob:0.84790 Alpha:0.50049
[MOE_TRACE] Group:1 Prob:0.23145 Alpha:0.50180
[MOE_TRACE] Group:0 Prob:0.84790 Alpha:0.50049
[MOE_TRACE] Group:1 Prob:0.23145 Alpha:0.50180
[MOE_TRACE] Group:0 Prob:0.84790 Alpha:0.50049
[MOE_TRACE] Group:1 Prob:0.23145 Alpha:0.50180
[MOE_TRACE] Group:2 Prob:0.91173 Alpha:0.50068
[MOE_TRACE] Group:0 Prob:0.84790 Alpha:0.50049
[MOE_TRACE] Group:1 Prob:0.23145 Alpha:0.50180
[MOE_TRACE] Group:2 Prob:0.91173 Alpha:0.50068
[MOE_TRACE] Group:0 Prob:0.84626 Alpha:0.50049
[MOE_TRACE] Group:0 Prob:0.84626 Alpha:0.50049
[MOE_TRACE] Group:1 Prob:0.20176 Alpha:0.50180
[MOE_TRACE] Group:1 Prob:0.20176 Alpha:0.50180
[MOE_TRACE] Group:2 Prob:0.91306 Alpha:0.50068
[MOE_TRACE] Group:2 Prob:0.91306 Alpha:0.50068
[MOE_TRACE] Group:0 Prob:0.84626 Alpha:0.50049
[MOE_TRACE] Group:1 Prob:0.20176 Alpha:0.50180
[MOE_TRACE] Group:2 Prob:0.91306 Alpha:0.50068
[MOE_TRACE] Group:0 Prob:0.84626 Alpha:0.50049
[MOE_TRACE] Group:1 Prob:0.20176 Alpha:0.50180
[MOE_TRACE] Group:2 Prob:0.91306 Alpha:0.50068
[MOE_TRACE] Group:0 Prob:0.85278 Alpha:0.50049
[MOE_TRACE] Group:0 Prob:0.85278 Alpha:0.50049
[MOE_TRACE] Group:1 Prob:0.22389 Alpha:0.50180
[MOE_TRACE] Group:1 Prob:0.22389 Alpha:0.50180
[MOE_TRACE] Group:0 Prob:0.85278 Alpha:0.50049
[MOE_TRACE] Group:2 Prob:0.91118 Alpha:0.50069
[MOE_TRACE] Group:2 Prob:0.91118 Alpha:0.50069
[MOE_TRACE] Group:1 Prob:0.22389 Alpha:0.50180
[MOE_TRACE] Group:2 Prob:0.91118 Alpha:0.50069
[MOE_TRACE] Group:0 Prob:0.85278 Alpha:0.50049
[MOE_TRACE] Group:1 Prob:0.22389 Alpha:0.50180
[MOE_TRACE] Group:2 Prob:0.91118 Alpha:0.50069
[MOE_TRACE] Group:0 Prob:0.85312 Alpha:0.50049
[MOE_TRACE] Group:1 Prob:0.22642 Alpha:0.50180
[MOE_TRACE] Group:0 Prob:0.85312 Alpha:0.50049
[MOE_TRACE] Group:2 Prob:0.91357 Alpha:0.50069
[MOE_TRACE] Group:0 Prob:0.85312 Alpha:0.50049
[MOE_TRACE] Group:1 Prob:0.22642 Alpha:0.50180
[MOE_TRACE] Group:1 Prob:0.22642 Alpha:0.50180
[MOE_TRACE] Group:2 Prob:0.91357 Alpha:0.50069
[MOE_TRACE] Group:0 Prob:0.85312 Alpha:0.50049
[MOE_TRACE] Group:2 Prob:0.91357 Alpha:0.50069
[MOE_TRACE] Group:1 Prob:0.22642 Alpha:0.50180
[MOE_TRACE] Group:2 Prob:0.91357 Alpha:0.50069
[MOE_TRACE] Group:0 Prob:0.84501 Alpha:0.50050
[MOE_TRACE] Group:0 Prob:0.84501 Alpha:0.50050
[MOE_TRACE] Group:0 Prob:0.84501 Alpha:0.50050
[MOE_TRACE] Group:1 Prob:0.22975 Alpha:0.50180
[MOE_TRACE] Group:1 Prob:0.22975 Alpha:0.50180
[MOE_TRACE] Group:2 Prob:0.91098 Alpha:0.50069
[MOE_TRACE] Group:1 Prob:0.22975 Alpha:0.50180[MOE_TRACE] Group:2 Prob:0.91098 Alpha:0.50069

[MOE_TRACE] Group:2 Prob:0.91098 Alpha:0.50069
[MOE_TRACE] Group:0 Prob:0.84501 Alpha:0.50050
[MOE_TRACE] Group:1 Prob:0.22975 Alpha:0.50180
[MOE_TRACE] Group:2 Prob:0.91098 Alpha:0.50069
[MOE_TRACE] Group:0 Prob:0.84718 Alpha:0.50050
[MOE_TRACE] Group:0 Prob:0.84718 Alpha:0.50050
[MOE_TRACE] Group:0 Prob:0.84718 Alpha:0.50050
[MOE_TRACE] Group:1 Prob:0.22179 Alpha:0.50180
[MOE_TRACE] Group:1 Prob:0.22179 Alpha:0.50180[MOE_TRACE] Group:1 Prob:0.22179 Alpha:0.50180

[MOE_TRACE] Group:2 Prob:0.90764 Alpha:0.50069
[MOE_TRACE] Group:2 Prob:0.90764 Alpha:0.50069
[MOE_TRACE] Group:2 Prob:0.90764 Alpha:0.50069
[MOE_TRACE] Group:0 Prob:0.84718 Alpha:0.50050
[MOE_TRACE] Group:1 Prob:0.22179 Alpha:0.50180
[MOE_TRACE] Group:2 Prob:0.90764 Alpha:0.50069
[MOE_TRACE] Group:0 Prob:0.84822 Alpha:0.50050
[MOE_TRACE] Group:0 Prob:0.84822 Alpha:0.50050
[MOE_TRACE] Group:0 Prob:0.84822 Alpha:0.50050
[MOE_TRACE] Group:1 Prob:0.22596 Alpha:0.50180
[MOE_TRACE] Group:1 Prob:0.22596 Alpha:0.50180
[MOE_TRACE] Group:1 Prob:0.22596 Alpha:0.50180
[MOE_TRACE] Group:2 Prob:0.91074 Alpha:0.50069
[MOE_TRACE] Group:2 Prob:0.91074 Alpha:0.50069
[MOE_TRACE] Group:0 Prob:0.84822 Alpha:0.50050[MOE_TRACE] Group:2 Prob:0.91074 Alpha:0.50069

[MOE_TRACE] Group:1 Prob:0.22596 Alpha:0.50180
[MOE_TRACE] Group:2 Prob:0.91074 Alpha:0.50069
[MOE_TRACE] Group:0 Prob:0.84538 Alpha:0.50050
[MOE_TRACE] Group:0 Prob:0.84538 Alpha:0.50050[MOE_TRACE] Group:0 Prob:0.84538 Alpha:0.50050

[MOE_TRACE] Group:1 Prob:0.22250 Alpha:0.50180
[MOE_TRACE] Group:1 Prob:0.22250 Alpha:0.50180
[MOE_TRACE] Group:1 Prob:0.22250 Alpha:0.50180
[MOE_TRACE] Group:2 Prob:0.91156 Alpha:0.50069
[MOE_TRACE] Group:2 Prob:0.91156 Alpha:0.50069
[MOE_TRACE] Group:2 Prob:0.91156 Alpha:0.50069
[MOE_TRACE] Group:0 Prob:0.84538 Alpha:0.50050
[MOE_TRACE] Group:1 Prob:0.22250 Alpha:0.50180
[MOE_TRACE] Group:2 Prob:0.91156 Alpha:0.50069
[MOE_TRACE] Group:0 Prob:0.84254 Alpha:0.50050
[MOE_TRACE] Group:0 Prob:0.84254 Alpha:0.50050
[MOE_TRACE] Group:0 Prob:0.84254 Alpha:0.50050
[MOE_TRACE] Group:1 Prob:0.22079 Alpha:0.50181[MOE_TRACE] Group:1 Prob:0.22079 Alpha:0.50181

[MOE_TRACE] Group:1 Prob:0.22079 Alpha:0.50181
[MOE_TRACE] Group:2 Prob:0.90947 Alpha:0.50069
[MOE_TRACE] Group:2 Prob:0.90947 Alpha:0.50069
[MOE_TRACE] Group:2 Prob:0.90947 Alpha:0.50069
[MOE_TRACE] Group:0 Prob:0.84254 Alpha:0.50050
[MOE_TRACE] Group:1 Prob:0.22079 Alpha:0.50181
[MOE_TRACE] Group:2 Prob:0.90947 Alpha:0.50069
[MOE_TRACE] Group:0 Prob:0.84933 Alpha:0.50050[MOE_TRACE] Group:0 Prob:0.84933 Alpha:0.50050

[MOE_TRACE] Group:1 Prob:0.22753 Alpha:0.50181
[MOE_TRACE] Group:1 Prob:0.22753 Alpha:0.50181
[MOE_TRACE] Group:0 Prob:0.84933 Alpha:0.50050
[MOE_TRACE] Group:2 Prob:0.91110 Alpha:0.50069
[MOE_TRACE] Group:2 Prob:0.91110 Alpha:0.50069
[MOE_TRACE] Group:1 Prob:0.22753 Alpha:0.50181
[MOE_TRACE] Group:2 Prob:0.91110 Alpha:0.50069
[MOE_TRACE] Group:0 Prob:0.84933 Alpha:0.50050
[MOE_TRACE] Group:1 Prob:0.22753 Alpha:0.50181
[MOE_TRACE] Group:2 Prob:0.91110 Alpha:0.50069
[MOE_TRACE] Group:0 Prob:0.84351 Alpha:0.50050
[MOE_TRACE] Group:0 Prob:0.84351 Alpha:0.50050
[MOE_TRACE] Group:0 Prob:0.84351 Alpha:0.50050
[MOE_TRACE] Group:1 Prob:0.21981 Alpha:0.50181
[MOE_TRACE] Group:1 Prob:0.21981 Alpha:0.50181
[MOE_TRACE] Group:1 Prob:0.21981 Alpha:0.50181
[MOE_TRACE] Group:2 Prob:0.90969 Alpha:0.50069[MOE_TRACE] Group:2 Prob:0.90969 Alpha:0.50069

[MOE_TRACE] Group:2 Prob:0.90969 Alpha:0.50069
[MOE_TRACE] Group:0 Prob:0.84351 Alpha:0.50050
[MOE_TRACE] Group:1 Prob:0.21981 Alpha:0.50181
[MOE_TRACE] Group:2 Prob:0.90969 Alpha:0.50069
[MOE_TRACE] Group:0 Prob:0.84899 Alpha:0.50050
[MOE_TRACE] Group:0 Prob:0.84899 Alpha:0.50050
[MOE_TRACE] Group:0 Prob:0.84899 Alpha:0.50050
[MOE_TRACE] Group:1 Prob:0.23000 Alpha:0.50181
[MOE_TRACE] Group:1 Prob:0.23000 Alpha:0.50181
[MOE_TRACE] Group:1 Prob:0.23000 Alpha:0.50181
[MOE_TRACE] Group:2 Prob:0.90929 Alpha:0.50069[MOE_TRACE] Group:2 Prob:0.90929 Alpha:0.50069

[MOE_TRACE] Group:2 Prob:0.90929 Alpha:0.50069
[MOE_TRACE] Group:0 Prob:0.84899 Alpha:0.50050
[MOE_TRACE] Group:1 Prob:0.23000 Alpha:0.50181
[MOE_TRACE] Group:2 Prob:0.90929 Alpha:0.50069
[MOE_TRACE] Group:0 Prob:0.85078 Alpha:0.50050
[MOE_TRACE] Group:0 Prob:0.85078 Alpha:0.50050
[MOE_TRACE] Group:0 Prob:0.85078 Alpha:0.50050[MOE_TRACE] Group:1 Prob:0.21885 Alpha:0.50181

[MOE_TRACE] Group:1 Prob:0.21885 Alpha:0.50181
[MOE_TRACE] Group:2 Prob:0.91032 Alpha:0.50069
[MOE_TRACE] Group:1 Prob:0.21885 Alpha:0.50181
[MOE_TRACE] Group:0 Prob:0.85078 Alpha:0.50050
[MOE_TRACE] Group:2 Prob:0.91032 Alpha:0.50069[MOE_TRACE] Group:2 Prob:0.91032 Alpha:0.50069

[MOE_TRACE] Group:1 Prob:0.21885 Alpha:0.50181
[MOE_TRACE] Group:2 Prob:0.91032 Alpha:0.50069
[MOE_TRACE] Group:0 Prob:0.85008 Alpha:0.50050[MOE_TRACE] Group:0 Prob:0.85008 Alpha:0.50050

[MOE_TRACE] Group:1 Prob:0.24268 Alpha:0.50181
[MOE_TRACE] Group:1 Prob:0.24268 Alpha:0.50181
[MOE_TRACE] Group:0 Prob:0.85008 Alpha:0.50050
[MOE_TRACE] Group:2 Prob:0.91308 Alpha:0.50069
[MOE_TRACE] Group:2 Prob:0.91308 Alpha:0.50069
[MOE_TRACE] Group:1 Prob:0.24268 Alpha:0.50181
[MOE_TRACE] Group:2 Prob:0.91308 Alpha:0.50069
[MOE_TRACE] Group:0 Prob:0.85008 Alpha:0.50050
[MOE_TRACE] Group:1 Prob:0.24268 Alpha:0.50181
[MOE_TRACE] Group:2 Prob:0.91308 Alpha:0.50069
[MOE_TRACE] Group:0 Prob:0.85379 Alpha:0.50050
[MOE_TRACE] Group:0 Prob:0.85379 Alpha:0.50050
[MOE_TRACE] Group:0 Prob:0.85379 Alpha:0.50050
[MOE_TRACE] Group:1 Prob:0.23482 Alpha:0.50181
[MOE_TRACE] Group:1 Prob:0.23482 Alpha:0.50181
[MOE_TRACE] Group:1 Prob:0.23482 Alpha:0.50181
[MOE_TRACE] Group:2 Prob:0.90760 Alpha:0.50069
[MOE_TRACE] Group:2 Prob:0.90760 Alpha:0.50069
[MOE_TRACE] Group:2 Prob:0.90760 Alpha:0.50069
[MOE_TRACE] Group:0 Prob:0.85379 Alpha:0.50050
[MOE_TRACE] Group:1 Prob:0.23482 Alpha:0.50181
[MOE_TRACE] Group:2 Prob:0.90760 Alpha:0.50069
[MOE_TRACE] Group:0 Prob:0.85038 Alpha:0.50050
[MOE_TRACE] Group:0 Prob:0.85038 Alpha:0.50050
[MOE_TRACE] Group:1 Prob:0.22791 Alpha:0.50181
[MOE_TRACE] Group:0 Prob:0.85038 Alpha:0.50050
[MOE_TRACE] Group:1 Prob:0.22791 Alpha:0.50181
[MOE_TRACE] Group:2 Prob:0.91074 Alpha:0.50069
[MOE_TRACE] Group:1 Prob:0.22791 Alpha:0.50181
[MOE_TRACE] Group:2 Prob:0.91074 Alpha:0.50069
[MOE_TRACE] Group:0 Prob:0.85038 Alpha:0.50050
[MOE_TRACE] Group:2 Prob:0.91074 Alpha:0.50069
[MOE_TRACE] Group:1 Prob:0.22791 Alpha:0.50181
[MOE_TRACE] Group:2 Prob:0.91074 Alpha:0.50069
[MOE_TRACE] Group:0 Prob:0.84763 Alpha:0.50050
[MOE_TRACE] Group:1 Prob:0.22263 Alpha:0.50181
[MOE_TRACE] Group:2 Prob:0.90935 Alpha:0.50069
[MOE_TRACE] Group:0 Prob:0.84763 Alpha:0.50050
[MOE_TRACE] Group:0 Prob:0.84763 Alpha:0.50050
[MOE_TRACE] Group:1 Prob:0.22263 Alpha:0.50181
[MOE_TRACE] Group:1 Prob:0.22263 Alpha:0.50181
[MOE_TRACE] Group:2 Prob:0.90935 Alpha:0.50069
[MOE_TRACE] Group:2 Prob:0.90935 Alpha:0.50069
[MOE_TRACE] Group:0 Prob:0.84763 Alpha:0.50050
[MOE_TRACE] Group:1 Prob:0.22263 Alpha:0.50181
[MOE_TRACE] Group:2 Prob:0.90935 Alpha:0.50069
[MOE_TRACE] Group:0 Prob:0.84494 Alpha:0.50050[MOE_TRACE] Group:0 Prob:0.84494 Alpha:0.50050

[MOE_TRACE] Group:1 Prob:0.22552 Alpha:0.50181
[MOE_TRACE] Group:1 Prob:0.22552 Alpha:0.50181
[MOE_TRACE] Group:0 Prob:0.84494 Alpha:0.50050
[MOE_TRACE] Group:2 Prob:0.90949 Alpha:0.50069
[MOE_TRACE] Group:2 Prob:0.90949 Alpha:0.50069
[MOE_TRACE] Group:1 Prob:0.22552 Alpha:0.50181
[MOE_TRACE] Group:0 Prob:0.84494 Alpha:0.50050
[MOE_TRACE] Group:2 Prob:0.90949 Alpha:0.50069
[MOE_TRACE] Group:1 Prob:0.22552 Alpha:0.50181
[MOE_TRACE] Group:2 Prob:0.90949 Alpha:0.50069
[MOE_TRACE] Group:0 Prob:0.84606 Alpha:0.50050
[MOE_TRACE] Group:0 Prob:0.84606 Alpha:0.50050
[MOE_TRACE] Group:1 Prob:0.22188 Alpha:0.50181
[MOE_TRACE] Group:1 Prob:0.22188 Alpha:0.50181
[MOE_TRACE] Group:0 Prob:0.84606 Alpha:0.50050
[MOE_TRACE] Group:2 Prob:0.90892 Alpha:0.50069
[MOE_TRACE] Group:2 Prob:0.90892 Alpha:0.50069
[MOE_TRACE] Group:1 Prob:0.22188 Alpha:0.50181
[MOE_TRACE] Group:2 Prob:0.90892 Alpha:0.50069
[MOE_TRACE] Group:0 Prob:0.84606 Alpha:0.50050
[MOE_TRACE] Group:1 Prob:0.22188 Alpha:0.50181
[MOE_TRACE] Group:2 Prob:0.90892 Alpha:0.50069
[MOE_TRACE] Group:0 Prob:0.84159 Alpha:0.50050
[MOE_TRACE] Group:0 Prob:0.84159 Alpha:0.50050
[MOE_TRACE] Group:0 Prob:0.84159 Alpha:0.50050
[MOE_TRACE] Group:1 Prob:0.22572 Alpha:0.50181
[MOE_TRACE] Group:1 Prob:0.22572 Alpha:0.50181
[MOE_TRACE] Group:1 Prob:0.22572 Alpha:0.50181
[MOE_TRACE] Group:2 Prob:0.90586 Alpha:0.50069
[MOE_TRACE] Group:2 Prob:0.90586 Alpha:0.50069
[MOE_TRACE] Group:2 Prob:0.90586 Alpha:0.50069
[MOE_TRACE] Group:0 Prob:0.84159 Alpha:0.50050
[MOE_TRACE] Group:1 Prob:0.22572 Alpha:0.50181
[MOE_TRACE] Group:2 Prob:0.90586 Alpha:0.50069
[MOE_TRACE] Group:0 Prob:0.84362 Alpha:0.50050
[MOE_TRACE] Group:1 Prob:0.22557 Alpha:0.50181
[MOE_TRACE] Group:2 Prob:0.90811 Alpha:0.50069
[MOE_TRACE] Group:0 Prob:0.84362 Alpha:0.50050
[MOE_TRACE] Group:0 Prob:0.84362 Alpha:0.50050
[MOE_TRACE] Group:1 Prob:0.22557 Alpha:0.50181
[MOE_TRACE] Group:2 Prob:0.90811 Alpha:0.50069[MOE_TRACE] Group:1 Prob:0.22557 Alpha:0.50181

[MOE_TRACE] Group:2 Prob:0.90811 Alpha:0.50069
[MOE_TRACE] Group:0 Prob:0.84362 Alpha:0.50050
[MOE_TRACE] Group:1 Prob:0.22557 Alpha:0.50181
[MOE_TRACE] Group:2 Prob:0.90811 Alpha:0.50069
[MOE_TRACE] Group:0 Prob:0.84542 Alpha:0.50050[MOE_TRACE] Group:0 Prob:0.84542 Alpha:0.50050

[MOE_TRACE] Group:1 Prob:0.20659 Alpha:0.50181
[MOE_TRACE] Group:1 Prob:0.20659 Alpha:0.50181
[MOE_TRACE] Group:0 Prob:0.84542 Alpha:0.50050
[MOE_TRACE] Group:1 Prob:0.20659 Alpha:0.50181
[MOE_TRACE] Group:2 Prob:0.91024 Alpha:0.50069
[MOE_TRACE] Group:0 Prob:0.84542 Alpha:0.50050
[MOE_TRACE] Group:1 Prob:0.20659 Alpha:0.50181
[MOE_TRACE] Group:2 Prob:0.91024 Alpha:0.50069
[MOE_TRACE] Group:0 Prob:0.84595 Alpha:0.50050[MOE_TRACE] Group:0 Prob:0.84595 Alpha:0.50050

[MOE_TRACE] Group:0 Prob:0.84595 Alpha:0.50050
[MOE_TRACE] Group:1 Prob:0.21430 Alpha:0.50181[MOE_TRACE] Group:1 Prob:0.21430 Alpha:0.50181

[MOE_TRACE] Group:1 Prob:0.21430 Alpha:0.50181
[MOE_TRACE] Group:2 Prob:0.91039 Alpha:0.50069
[MOE_TRACE] Group:2 Prob:0.91039 Alpha:0.50069
[MOE_TRACE] Group:2 Prob:0.91039 Alpha:0.50069
[MOE_TRACE] Group:0 Prob:0.84595 Alpha:0.50050
[MOE_TRACE] Group:1 Prob:0.21430 Alpha:0.50181
[MOE_TRACE] Group:2 Prob:0.91039 Alpha:0.50069
[MOE_TRACE] Group:0 Prob:0.84601 Alpha:0.50050[MOE_TRACE] Group:0 Prob:0.84601 Alpha:0.50050

[MOE_TRACE] Group:0 Prob:0.84601 Alpha:0.50050
[MOE_TRACE] Group:1 Prob:0.22835 Alpha:0.50181
[MOE_TRACE] Group:1 Prob:0.22835 Alpha:0.50181
[MOE_TRACE] Group:1 Prob:0.22835 Alpha:0.50181
[MOE_TRACE] Group:2 Prob:0.90558 Alpha:0.50069
[MOE_TRACE] Group:2 Prob:0.90558 Alpha:0.50069
[MOE_TRACE] Group:2 Prob:0.90558 Alpha:0.50069
[MOE_TRACE] Group:0 Prob:0.84601 Alpha:0.50050
[MOE_TRACE] Group:1 Prob:0.22835 Alpha:0.50181
[MOE_TRACE] Group:2 Prob:0.90558 Alpha:0.50069
[MOE_TRACE] Group:0 Prob:0.84282 Alpha:0.50050
[MOE_TRACE] Group:0 Prob:0.84282 Alpha:0.50050
[MOE_TRACE] Group:1 Prob:0.21373 Alpha:0.50181
[MOE_TRACE] Group:1 Prob:0.21373 Alpha:0.50181
[MOE_TRACE] Group:0 Prob:0.84282 Alpha:0.50050
[MOE_TRACE] Group:1 Prob:0.21373 Alpha:0.50181
[MOE_TRACE] Group:2 Prob:0.90960 Alpha:0.50069
[MOE_TRACE] Group:0 Prob:0.84282 Alpha:0.50050
[MOE_TRACE] Group:1 Prob:0.21373 Alpha:0.50181
[MOE_TRACE] Group:2 Prob:0.90960 Alpha:0.50069
[MOE_TRACE] Group:0 Prob:0.84728 Alpha:0.50050
[MOE_TRACE] Group:0 Prob:0.84728 Alpha:0.50050[MOE_TRACE] Group:1 Prob:0.23273 Alpha:0.50182

[MOE_TRACE] Group:0 Prob:0.84728 Alpha:0.50050
[MOE_TRACE] Group:2 Prob:0.90791 Alpha:0.50070
[MOE_TRACE] Group:1 Prob:0.23273 Alpha:0.50182
[MOE_TRACE] Group:1 Prob:0.23273 Alpha:0.50182
[MOE_TRACE] Group:2 Prob:0.90791 Alpha:0.50070
[MOE_TRACE] Group:2 Prob:0.90791 Alpha:0.50070
[MOE_TRACE] Group:0 Prob:0.84728 Alpha:0.50050
[MOE_TRACE] Group:1 Prob:0.23273 Alpha:0.50182
[MOE_TRACE] Group:2 Prob:0.90791 Alpha:0.50070
[MOE_TRACE] Group:0 Prob:0.85202 Alpha:0.50050[MOE_TRACE] Group:0 Prob:0.85202 Alpha:0.50050[MOE_TRACE] Group:0 Prob:0.85202 Alpha:0.50050


[MOE_TRACE] Group:1 Prob:0.22814 Alpha:0.50182
[MOE_TRACE] Group:1 Prob:0.22814 Alpha:0.50182
[MOE_TRACE] Group:1 Prob:0.22814 Alpha:0.50182
[MOE_TRACE] Group:0 Prob:0.85202 Alpha:0.50050
[MOE_TRACE] Group:1 Prob:0.22814 Alpha:0.50182
[MOE_TRACE] Group:2 Prob:0.90831 Alpha:0.50070
[MOE_TRACE] Group:0 Prob:0.84979 Alpha:0.50050[MOE_TRACE] Group:0 Prob:0.84979 Alpha:0.50050

[MOE_TRACE] Group:1 Prob:0.21328 Alpha:0.50182
[MOE_TRACE] Group:1 Prob:0.21328 Alpha:0.50182
[MOE_TRACE] Group:2 Prob:0.90828 Alpha:0.50070
[MOE_TRACE] Group:0 Prob:0.84979 Alpha:0.50050
[MOE_TRACE] Group:2 Prob:0.90828 Alpha:0.50070
[MOE_TRACE] Group:1 Prob:0.21328 Alpha:0.50182
[MOE_TRACE] Group:2 Prob:0.90828 Alpha:0.50070
[MOE_TRACE] Group:0 Prob:0.84979 Alpha:0.50050
[MOE_TRACE] Group:1 Prob:0.21328 Alpha:0.50182
[MOE_TRACE] Group:2 Prob:0.90828 Alpha:0.50070
[MOE_TRACE] Group:0 Prob:0.84468 Alpha:0.50050
[MOE_TRACE] Group:1 Prob:0.22420 Alpha:0.50182
[MOE_TRACE] Group:2 Prob:0.90912 Alpha:0.50070
[MOE_TRACE] Group:0 Prob:0.84468 Alpha:0.50050
[MOE_TRACE] Group:0 Prob:0.84468 Alpha:0.50050
[MOE_TRACE] Group:1 Prob:0.22420 Alpha:0.50182
[MOE_TRACE] Group:1 Prob:0.22420 Alpha:0.50182
[MOE_TRACE] Group:2 Prob:0.90912 Alpha:0.50070
[MOE_TRACE] Group:2 Prob:0.90912 Alpha:0.50070
[MOE_TRACE] Group:0 Prob:0.84468 Alpha:0.50050
[MOE_TRACE] Group:1 Prob:0.22420 Alpha:0.50182
[MOE_TRACE] Group:2 Prob:0.90912 Alpha:0.50070
[MOE_TRACE] Group:0 Prob:0.84427 Alpha:0.50050
[MOE_TRACE] Group:0 Prob:0.84427 Alpha:0.50050
[MOE_TRACE] Group:0 Prob:0.84427 Alpha:0.50050
[MOE_TRACE] Group:1 Prob:0.21962 Alpha:0.50182
[MOE_TRACE] Group:1 Prob:0.21962 Alpha:0.50182[MOE_TRACE] Group:1 Prob:0.21962 Alpha:0.50182

[MOE_TRACE] Group:2 Prob:0.90402 Alpha:0.50070
[MOE_TRACE] Group:2 Prob:0.90402 Alpha:0.50070
[MOE_TRACE] Group:2 Prob:0.90402 Alpha:0.50070
[MOE_TRACE] Group:0 Prob:0.84427 Alpha:0.50050
[MOE_TRACE] Group:1 Prob:0.21962 Alpha:0.50182
[MOE_TRACE] Group:2 Prob:0.90402 Alpha:0.50070
[MOE_TRACE] Group:0 Prob:0.84860 Alpha:0.50050
[MOE_TRACE] Group:0 Prob:0.84860 Alpha:0.50050[MOE_TRACE] Group:0 Prob:0.84860 Alpha:0.50050

[MOE_TRACE] Group:1 Prob:0.23197 Alpha:0.50182
[MOE_TRACE] Group:1 Prob:0.23197 Alpha:0.50182
[MOE_TRACE] Group:1 Prob:0.23197 Alpha:0.50182
[MOE_TRACE] Group:2 Prob:0.90639 Alpha:0.50070
[MOE_TRACE] Group:2 Prob:0.90639 Alpha:0.50070
[MOE_TRACE] Group:2 Prob:0.90639 Alpha:0.50070
[MOE_TRACE] Group:0 Prob:0.84860 Alpha:0.50050
[MOE_TRACE] Group:1 Prob:0.23197 Alpha:0.50182
[MOE_TRACE] Group:2 Prob:0.90639 Alpha:0.50070
[MOE_TRACE] Group:0 Prob:0.84688 Alpha:0.50050[MOE_TRACE] Group:0 Prob:0.84688 Alpha:0.50050

[MOE_TRACE] Group:0 Prob:0.84688 Alpha:0.50050
[MOE_TRACE] Group:1 Prob:0.23910 Alpha:0.50182
[MOE_TRACE] Group:1 Prob:0.23910 Alpha:0.50182
[MOE_TRACE] Group:1 Prob:0.23910 Alpha:0.50182
[MOE_TRACE] Group:2 Prob:0.90610 Alpha:0.50070[MOE_TRACE] Group:0 Prob:0.84688 Alpha:0.50050

[MOE_TRACE] Group:2 Prob:0.90610 Alpha:0.50070
[MOE_TRACE] Group:2 Prob:0.90610 Alpha:0.50070
[MOE_TRACE] Group:1 Prob:0.23910 Alpha:0.50182
[MOE_TRACE] Group:2 Prob:0.90610 Alpha:0.50070
[MOE_TRACE] Group:0 Prob:0.84753 Alpha:0.50050
[MOE_TRACE] Group:0 Prob:0.84753 Alpha:0.50050
[MOE_TRACE] Group:1 Prob:0.23480 Alpha:0.50182
[MOE_TRACE] Group:1 Prob:0.23480 Alpha:0.50182
[MOE_TRACE] Group:0 Prob:0.84753 Alpha:0.50050
[MOE_TRACE] Group:2 Prob:0.90617 Alpha:0.50070
[MOE_TRACE] Group:2 Prob:0.90617 Alpha:0.50070
[MOE_TRACE] Group:1 Prob:0.23480 Alpha:0.50182
[MOE_TRACE] Group:2 Prob:0.90617 Alpha:0.50070
[MOE_TRACE] Group:0 Prob:0.84753 Alpha:0.50050
[MOE_TRACE] Group:1 Prob:0.23480 Alpha:0.50182
[MOE_TRACE] Group:2 Prob:0.90617 Alpha:0.50070
[MOE_TRACE] Group:0 Prob:0.84141 Alpha:0.50050
[MOE_TRACE] Group:0 Prob:0.84141 Alpha:0.50050
[MOE_TRACE] Group:0 Prob:0.84141 Alpha:0.50050
[MOE_TRACE] Group:1 Prob:0.22410 Alpha:0.50182
[MOE_TRACE] Group:2 Prob:0.90823 Alpha:0.50070[MOE_TRACE] Group:1 Prob:0.22410 Alpha:0.50182

[MOE_TRACE] Group:1 Prob:0.22410 Alpha:0.50182
[MOE_TRACE] Group:2 Prob:0.90823 Alpha:0.50070
[MOE_TRACE] Group:2 Prob:0.90823 Alpha:0.50070
[MOE_TRACE] Group:0 Prob:0.84141 Alpha:0.50050
[MOE_TRACE] Group:1 Prob:0.22410 Alpha:0.50182
[MOE_TRACE] Group:2 Prob:0.90823 Alpha:0.50070
[MOE_TRACE] Group:0 Prob:0.84799 Alpha:0.50050
[MOE_TRACE] Group:1 Prob:0.22099 Alpha:0.50183
[MOE_TRACE] Group:0 Prob:0.84799 Alpha:0.50050
[MOE_TRACE] Group:0 Prob:0.84799 Alpha:0.50050
[MOE_TRACE] Group:2 Prob:0.90680 Alpha:0.50070
[MOE_TRACE] Group:1 Prob:0.22099 Alpha:0.50183
[MOE_TRACE] Group:1 Prob:0.22099 Alpha:0.50183
[MOE_TRACE] Group:2 Prob:0.90680 Alpha:0.50070[MOE_TRACE] Group:0 Prob:0.84799 Alpha:0.50050

[MOE_TRACE] Group:2 Prob:0.90680 Alpha:0.50070
[MOE_TRACE] Group:1 Prob:0.22099 Alpha:0.50183
[MOE_TRACE] Group:2 Prob:0.90680 Alpha:0.50070
[MOE_TRACE] Group:0 Prob:0.84983 Alpha:0.50050
[MOE_TRACE] Group:0 Prob:0.84983 Alpha:0.50050
[MOE_TRACE] Group:0 Prob:0.84983 Alpha:0.50050
[MOE_TRACE] Group:1 Prob:0.22943 Alpha:0.50183
[MOE_TRACE] Group:1 Prob:0.22943 Alpha:0.50183
[MOE_TRACE] Group:1 Prob:0.22943 Alpha:0.50183
[MOE_TRACE] Group:2 Prob:0.90637 Alpha:0.50070
[MOE_TRACE] Group:2 Prob:0.90637 Alpha:0.50070
[MOE_TRACE] Group:2 Prob:0.90637 Alpha:0.50070
[MOE_TRACE] Group:0 Prob:0.84983 Alpha:0.50050
[MOE_TRACE] Group:1 Prob:0.22943 Alpha:0.50183
[MOE_TRACE] Group:2 Prob:0.90637 Alpha:0.50070
[MOE_TRACE] Group:0 Prob:0.84556 Alpha:0.50050
[MOE_TRACE] Group:0 Prob:0.84556 Alpha:0.50050
[MOE_TRACE] Group:1 Prob:0.22234 Alpha:0.50183[MOE_TRACE] Group:1 Prob:0.22234 Alpha:0.50183

[MOE_TRACE] Group:0 Prob:0.84556 Alpha:0.50050
[MOE_TRACE] Group:2 Prob:0.90517 Alpha:0.50070[MOE_TRACE] Group:2 Prob:0.90517 Alpha:0.50070

[MOE_TRACE] Group:1 Prob:0.22234 Alpha:0.50183
[MOE_TRACE] Group:2 Prob:0.90517 Alpha:0.50070
[MOE_TRACE] Group:0 Prob:0.84556 Alpha:0.50050
[MOE_TRACE] Group:1 Prob:0.22234 Alpha:0.50183
[MOE_TRACE] Group:2 Prob:0.90517 Alpha:0.50070
[MOE_TRACE] Group:0 Prob:0.84381 Alpha:0.50050
[MOE_TRACE] Group:0 Prob:0.84381 Alpha:0.50050
[MOE_TRACE] Group:0 Prob:0.84381 Alpha:0.50050
[MOE_TRACE] Group:1 Prob:0.23277 Alpha:0.50183
[MOE_TRACE] Group:1 Prob:0.23277 Alpha:0.50183[MOE_TRACE] Group:1 Prob:0.23277 Alpha:0.50183

[MOE_TRACE] Group:2 Prob:0.90618 Alpha:0.50070[MOE_TRACE] Group:2 Prob:0.90618 Alpha:0.50070

[MOE_TRACE] Group:2 Prob:0.90618 Alpha:0.50070
[MOE_TRACE] Group:0 Prob:0.84381 Alpha:0.50050
[MOE_TRACE] Group:1 Prob:0.23277 Alpha:0.50183
[MOE_TRACE] Group:2 Prob:0.90618 Alpha:0.50070
[MOE_TRACE] Group:0 Prob:0.84937 Alpha:0.50050
[MOE_TRACE] Group:0 Prob:0.84937 Alpha:0.50050
[MOE_TRACE] Group:1 Prob:0.23131 Alpha:0.50183
[MOE_TRACE] Group:0 Prob:0.84937 Alpha:0.50050
[MOE_TRACE] Group:1 Prob:0.23131 Alpha:0.50183
[MOE_TRACE] Group:2 Prob:0.90678 Alpha:0.50070
[MOE_TRACE] Group:1 Prob:0.23131 Alpha:0.50183
[MOE_TRACE] Group:2 Prob:0.90678 Alpha:0.50070
[MOE_TRACE] Group:2 Prob:0.90678 Alpha:0.50070
[MOE_TRACE] Group:0 Prob:0.84937 Alpha:0.50050
[MOE_TRACE] Group:1 Prob:0.23131 Alpha:0.50183
[MOE_TRACE] Group:2 Prob:0.90678 Alpha:0.50070
[MOE_TRACE] Group:0 Prob:0.84402 Alpha:0.50050[MOE_TRACE] Group:0 Prob:0.84402 Alpha:0.50050

[MOE_TRACE] Group:1 Prob:0.23818 Alpha:0.50184
[MOE_TRACE] Group:1 Prob:0.23818 Alpha:0.50184
[MOE_TRACE] Group:0 Prob:0.84402 Alpha:0.50050
[MOE_TRACE] Group:2 Prob:0.90474 Alpha:0.50070
[MOE_TRACE] Group:2 Prob:0.90474 Alpha:0.50070
[MOE_TRACE] Group:1 Prob:0.23818 Alpha:0.50184
[MOE_TRACE] Group:2 Prob:0.90474 Alpha:0.50070
[MOE_TRACE] Group:0 Prob:0.84402 Alpha:0.50050
[MOE_TRACE] Group:1 Prob:0.23818 Alpha:0.50184
[MOE_TRACE] Group:2 Prob:0.90474 Alpha:0.50070
Epoch: 6 cost time: 106.85760402679443
Epoch: 6, Steps: 146 | Train Loss: 0.3625458 Vali Loss: 0.3249030 Test Loss: 0.3657973
EarlyStopping counter: 4 out of 3
Early stopping
Updating learning rate to 3.125e-06
[MOE_TRACE] Group:0 Prob:0.84720 Alpha:0.50050
[MOE_TRACE] Group:0 Prob:0.84720 Alpha:0.50050
[MOE_TRACE] Group:0 Prob:0.84720 Alpha:0.50050
[MOE_TRACE] Group:1 Prob:0.22276 Alpha:0.50184[MOE_TRACE] Group:1 Prob:0.22276 Alpha:0.50184

[MOE_TRACE] Group:1 Prob:0.22276 Alpha:0.50184
[MOE_TRACE] Group:0 Prob:0.84720 Alpha:0.50050
[MOE_TRACE] Group:1 Prob:0.22276 Alpha:0.50184
[MOE_TRACE] Group:2 Prob:0.90832 Alpha:0.50070
[MOE_TRACE] Group:0 Prob:0.84453 Alpha:0.50050
[MOE_TRACE] Group:1 Prob:0.22226 Alpha:0.50184
[MOE_TRACE] Group:0 Prob:0.84453 Alpha:0.50050
[MOE_TRACE] Group:1 Prob:0.22226 Alpha:0.50184
[MOE_TRACE] Group:0 Prob:0.84453 Alpha:0.50050
[MOE_TRACE] Group:1 Prob:0.22226 Alpha:0.50184
[MOE_TRACE] Group:2 Prob:0.90533 Alpha:0.50070
[MOE_TRACE] Group:0 Prob:0.84453 Alpha:0.50050
[MOE_TRACE] Group:1 Prob:0.22226 Alpha:0.50184
[MOE_TRACE] Group:2 Prob:0.90533 Alpha:0.50070
[MOE_TRACE] Group:0 Prob:0.84676 Alpha:0.50050[MOE_TRACE] Group:0 Prob:0.84676 Alpha:0.50050

[MOE_TRACE] Group:0 Prob:0.84676 Alpha:0.50050
[MOE_TRACE] Group:1 Prob:0.23157 Alpha:0.50184
[MOE_TRACE] Group:1 Prob:0.23157 Alpha:0.50184
[MOE_TRACE] Group:2 Prob:0.90771 Alpha:0.50070
[MOE_TRACE] Group:1 Prob:0.23157 Alpha:0.50184
[MOE_TRACE] Group:2 Prob:0.90771 Alpha:0.50070
[MOE_TRACE] Group:2 Prob:0.90771 Alpha:0.50070
[MOE_TRACE] Group:0 Prob:0.84676 Alpha:0.50050
[MOE_TRACE] Group:1 Prob:0.23157 Alpha:0.50184
[MOE_TRACE] Group:2 Prob:0.90771 Alpha:0.50070
[MOE_TRACE] Group:0 Prob:0.84803 Alpha:0.50050[MOE_TRACE] Group:0 Prob:0.84803 Alpha:0.50050

[MOE_TRACE] Group:0 Prob:0.84803 Alpha:0.50050
[MOE_TRACE] Group:1 Prob:0.22945 Alpha:0.50184
[MOE_TRACE] Group:1 Prob:0.22945 Alpha:0.50184
[MOE_TRACE] Group:1 Prob:0.22945 Alpha:0.50184
[MOE_TRACE] Group:2 Prob:0.90820 Alpha:0.50070
[MOE_TRACE] Group:2 Prob:0.90820 Alpha:0.50070
[MOE_TRACE] Group:2 Prob:0.90820 Alpha:0.50070
[MOE_TRACE] Group:0 Prob:0.84803 Alpha:0.50050
[MOE_TRACE] Group:1 Prob:0.22945 Alpha:0.50184
[MOE_TRACE] Group:2 Prob:0.90820 Alpha:0.50070
[MOE_TRACE] Group:0 Prob:0.84092 Alpha:0.50050[MOE_TRACE] Group:0 Prob:0.84092 Alpha:0.50050

[MOE_TRACE] Group:1 Prob:0.22472 Alpha:0.50184[MOE_TRACE] Group:1 Prob:0.22472 Alpha:0.50184

[MOE_TRACE] Group:0 Prob:0.84092 Alpha:0.50050
[MOE_TRACE] Group:1 Prob:0.22472 Alpha:0.50184
[MOE_TRACE] Group:0 Prob:0.84092 Alpha:0.50050
[MOE_TRACE] Group:1 Prob:0.22472 Alpha:0.50184
[MOE_TRACE] Group:2 Prob:0.90833 Alpha:0.50070
[MOE_TRACE] Group:0 Prob:0.84354 Alpha:0.50050[MOE_TRACE] Group:0 Prob:0.84354 Alpha:0.50050

[MOE_TRACE] Group:1 Prob:0.22412 Alpha:0.50184[MOE_TRACE] Group:1 Prob:0.22412 Alpha:0.50184

[MOE_TRACE] Group:0 Prob:0.84354 Alpha:0.50050
[MOE_TRACE] Group:2 Prob:0.90878 Alpha:0.50070
[MOE_TRACE] Group:2 Prob:0.90878 Alpha:0.50070
[MOE_TRACE] Group:1 Prob:0.22412 Alpha:0.50184
[MOE_TRACE] Group:2 Prob:0.90878 Alpha:0.50070
[MOE_TRACE] Group:0 Prob:0.84354 Alpha:0.50050
[MOE_TRACE] Group:1 Prob:0.22412 Alpha:0.50184
[MOE_TRACE] Group:2 Prob:0.90878 Alpha:0.50070
[MOE_TRACE] Group:0 Prob:0.84336 Alpha:0.50050[MOE_TRACE] Group:0 Prob:0.84336 Alpha:0.50050

[MOE_TRACE] Group:1 Prob:0.22825 Alpha:0.50184
[MOE_TRACE] Group:1 Prob:0.22825 Alpha:0.50184
[MOE_TRACE] Group:0 Prob:0.84336 Alpha:0.50050
[MOE_TRACE] Group:2 Prob:0.90886 Alpha:0.50070
[MOE_TRACE] Group:2 Prob:0.90886 Alpha:0.50070
[MOE_TRACE] Group:1 Prob:0.22825 Alpha:0.50184
[MOE_TRACE] Group:2 Prob:0.90886 Alpha:0.50070
[MOE_TRACE] Group:0 Prob:0.84336 Alpha:0.50050
[MOE_TRACE] Group:1 Prob:0.22825 Alpha:0.50184
[MOE_TRACE] Group:2 Prob:0.90886 Alpha:0.50070
[MOE_TRACE] Group:0 Prob:0.84182 Alpha:0.50050
[MOE_TRACE] Group:0 Prob:0.84182 Alpha:0.50050
[MOE_TRACE] Group:0 Prob:0.84182 Alpha:0.50050
[MOE_TRACE] Group:1 Prob:0.22997 Alpha:0.50184
[MOE_TRACE] Group:1 Prob:0.22997 Alpha:0.50184[MOE_TRACE] Group:1 Prob:0.22997 Alpha:0.50184

[MOE_TRACE] Group:2 Prob:0.90589 Alpha:0.50070
[MOE_TRACE] Group:2 Prob:0.90589 Alpha:0.50070
[MOE_TRACE] Group:2 Prob:0.90589 Alpha:0.50070
[MOE_TRACE] Group:0 Prob:0.84182 Alpha:0.50050
[MOE_TRACE] Group:1 Prob:0.22997 Alpha:0.50184
[MOE_TRACE] Group:2 Prob:0.90589 Alpha:0.50070
[MOE_TRACE] Group:0 Prob:0.84406 Alpha:0.50050
[MOE_TRACE] Group:0 Prob:0.84406 Alpha:0.50050
[MOE_TRACE] Group:0 Prob:0.84406 Alpha:0.50050
[MOE_TRACE] Group:1 Prob:0.22552 Alpha:0.50184
[MOE_TRACE] Group:1 Prob:0.22552 Alpha:0.50184
[MOE_TRACE] Group:0 Prob:0.84406 Alpha:0.50050
[MOE_TRACE] Group:1 Prob:0.22552 Alpha:0.50184
[MOE_TRACE] Group:2 Prob:0.91041 Alpha:0.50070
[MOE_TRACE] Group:0 Prob:0.84199 Alpha:0.50050
[MOE_TRACE] Group:0 Prob:0.84199 Alpha:0.50050
[MOE_TRACE] Group:0 Prob:0.84199 Alpha:0.50050
[MOE_TRACE] Group:1 Prob:0.22757 Alpha:0.50185
[MOE_TRACE] Group:1 Prob:0.22757 Alpha:0.50185
[MOE_TRACE] Group:2 Prob:0.90662 Alpha:0.50070
[MOE_TRACE] Group:1 Prob:0.22757 Alpha:0.50185
[MOE_TRACE] Group:2 Prob:0.90662 Alpha:0.50070
[MOE_TRACE] Group:2 Prob:0.90662 Alpha:0.50070
[MOE_TRACE] Group:0 Prob:0.84199 Alpha:0.50050
[MOE_TRACE] Group:1 Prob:0.22757 Alpha:0.50185
[MOE_TRACE] Group:2 Prob:0.90662 Alpha:0.50070
[MOE_TRACE] Group:0 Prob:0.85046 Alpha:0.50050[MOE_TRACE] Group:0 Prob:0.85046 Alpha:0.50050

[MOE_TRACE] Group:1 Prob:0.22813 Alpha:0.50185
[MOE_TRACE] Group:1 Prob:0.22813 Alpha:0.50185
[MOE_TRACE] Group:0 Prob:0.85046 Alpha:0.50050
[MOE_TRACE] Group:2 Prob:0.90716 Alpha:0.50070
[MOE_TRACE] Group:2 Prob:0.90716 Alpha:0.50070
[MOE_TRACE] Group:1 Prob:0.22813 Alpha:0.50185
[MOE_TRACE] Group:2 Prob:0.90716 Alpha:0.50070
[MOE_TRACE] Group:0 Prob:0.85046 Alpha:0.50050
[MOE_TRACE] Group:1 Prob:0.22813 Alpha:0.50185
[MOE_TRACE] Group:2 Prob:0.90716 Alpha:0.50070
[MOE_TRACE] Group:0 Prob:0.84216 Alpha:0.50050
[MOE_TRACE] Group:1 Prob:0.22288 Alpha:0.50185
[MOE_TRACE] Group:0 Prob:0.84216 Alpha:0.50050
[MOE_TRACE] Group:0 Prob:0.84216 Alpha:0.50050
[MOE_TRACE] Group:1 Prob:0.22288 Alpha:0.50185
[MOE_TRACE] Group:1 Prob:0.22288 Alpha:0.50185
[MOE_TRACE] Group:2 Prob:0.90742 Alpha:0.50070
[MOE_TRACE] Group:2 Prob:0.90742 Alpha:0.50070
[MOE_TRACE] Group:0 Prob:0.84216 Alpha:0.50050
[MOE_TRACE] Group:1 Prob:0.22288 Alpha:0.50185
[MOE_TRACE] Group:2 Prob:0.90742 Alpha:0.50070
[MOE_TRACE] Group:0 Prob:0.84347 Alpha:0.50050[MOE_TRACE] Group:0 Prob:0.84347 Alpha:0.50050

[MOE_TRACE] Group:0 Prob:0.84347 Alpha:0.50050
[MOE_TRACE] Group:1 Prob:0.23187 Alpha:0.50185
[MOE_TRACE] Group:1 Prob:0.23187 Alpha:0.50185
[MOE_TRACE] Group:1 Prob:0.23187 Alpha:0.50185
[MOE_TRACE] Group:2 Prob:0.90720 Alpha:0.50070
[MOE_TRACE] Group:2 Prob:0.90720 Alpha:0.50070
[MOE_TRACE] Group:2 Prob:0.90720 Alpha:0.50070
[MOE_TRACE] Group:0 Prob:0.84347 Alpha:0.50050
[MOE_TRACE] Group:1 Prob:0.23187 Alpha:0.50185
[MOE_TRACE] Group:2 Prob:0.90720 Alpha:0.50070
[MOE_TRACE] Group:0 Prob:0.84545 Alpha:0.50050
[MOE_TRACE] Group:1 Prob:0.22660 Alpha:0.50185
[MOE_TRACE] Group:0 Prob:0.84545 Alpha:0.50050
[MOE_TRACE] Group:0 Prob:0.84545 Alpha:0.50050
[MOE_TRACE] Group:2 Prob:0.90717 Alpha:0.50070
[MOE_TRACE] Group:1 Prob:0.22660 Alpha:0.50185
[MOE_TRACE] Group:1 Prob:0.22660 Alpha:0.50185
[MOE_TRACE] Group:2 Prob:0.90717 Alpha:0.50070
[MOE_TRACE] Group:2 Prob:0.90717 Alpha:0.50070
[MOE_TRACE] Group:0 Prob:0.84545 Alpha:0.50050
[MOE_TRACE] Group:1 Prob:0.22660 Alpha:0.50185
[MOE_TRACE] Group:2 Prob:0.90717 Alpha:0.50070
[MOE_TRACE] Group:0 Prob:0.84379 Alpha:0.50050
[MOE_TRACE] Group:0 Prob:0.84379 Alpha:0.50050
[MOE_TRACE] Group:0 Prob:0.84379 Alpha:0.50050
[MOE_TRACE] Group:1 Prob:0.23032 Alpha:0.50185
[MOE_TRACE] Group:1 Prob:0.23032 Alpha:0.50185
[MOE_TRACE] Group:2 Prob:0.90679 Alpha:0.50070
[MOE_TRACE] Group:1 Prob:0.23032 Alpha:0.50185
[MOE_TRACE] Group:2 Prob:0.90679 Alpha:0.50070
[MOE_TRACE] Group:2 Prob:0.90679 Alpha:0.50070
[MOE_TRACE] Group:0 Prob:0.84379 Alpha:0.50050
[MOE_TRACE] Group:1 Prob:0.23032 Alpha:0.50185
[MOE_TRACE] Group:2 Prob:0.90679 Alpha:0.50070
[MOE_TRACE] Group:0 Prob:0.84666 Alpha:0.50050
[MOE_TRACE] Group:1 Prob:0.22741 Alpha:0.50185[MOE_TRACE] Group:0 Prob:0.84666 Alpha:0.50050

[MOE_TRACE] Group:0 Prob:0.84666 Alpha:0.50050
[MOE_TRACE] Group:1 Prob:0.22741 Alpha:0.50185
[MOE_TRACE] Group:1 Prob:0.22741 Alpha:0.50185
[MOE_TRACE] Group:0 Prob:0.84666 Alpha:0.50050
[MOE_TRACE] Group:1 Prob:0.22741 Alpha:0.50185
[MOE_TRACE] Group:2 Prob:0.90794 Alpha:0.50070
[MOE_TRACE] Group:0 Prob:0.83945 Alpha:0.50050[MOE_TRACE] Group:0 Prob:0.83945 Alpha:0.50050

[MOE_TRACE] Group:1 Prob:0.22989 Alpha:0.50185
[MOE_TRACE] Group:1 Prob:0.22989 Alpha:0.50185
[MOE_TRACE] Group:0 Prob:0.83945 Alpha:0.50050
[MOE_TRACE] Group:2 Prob:0.90495 Alpha:0.50070[MOE_TRACE] Group:2 Prob:0.90495 Alpha:0.50070

[MOE_TRACE] Group:1 Prob:0.22989 Alpha:0.50185
[MOE_TRACE] Group:2 Prob:0.90495 Alpha:0.50070
[MOE_TRACE] Group:0 Prob:0.83945 Alpha:0.50050
[MOE_TRACE] Group:1 Prob:0.22989 Alpha:0.50185
[MOE_TRACE] Group:2 Prob:0.90495 Alpha:0.50070
[MOE_TRACE] Group:0 Prob:0.84793 Alpha:0.50050[MOE_TRACE] Group:0 Prob:0.84793 Alpha:0.50050

[MOE_TRACE] Group:1 Prob:0.23146 Alpha:0.50185
[MOE_TRACE] Group:1 Prob:0.23146 Alpha:0.50185
[MOE_TRACE] Group:0 Prob:0.84793 Alpha:0.50050
[MOE_TRACE] Group:2 Prob:0.90754 Alpha:0.50070
[MOE_TRACE] Group:2 Prob:0.90754 Alpha:0.50070
[MOE_TRACE] Group:1 Prob:0.23146 Alpha:0.50185
[MOE_TRACE] Group:2 Prob:0.90754 Alpha:0.50070
[MOE_TRACE] Group:0 Prob:0.84793 Alpha:0.50050
[MOE_TRACE] Group:1 Prob:0.23146 Alpha:0.50185
[MOE_TRACE] Group:2 Prob:0.90754 Alpha:0.50070
[MOE_TRACE] Group:0 Prob:0.84512 Alpha:0.50050
[MOE_TRACE] Group:0 Prob:0.84512 Alpha:0.50050
[MOE_TRACE] Group:0 Prob:0.84512 Alpha:0.50050
[MOE_TRACE] Group:1 Prob:0.22949 Alpha:0.50185[MOE_TRACE] Group:1 Prob:0.22949 Alpha:0.50185

[MOE_TRACE] Group:1 Prob:0.22949 Alpha:0.50185
[MOE_TRACE] Group:2 Prob:0.90590 Alpha:0.50070
[MOE_TRACE] Group:2 Prob:0.90590 Alpha:0.50070
[MOE_TRACE] Group:2 Prob:0.90590 Alpha:0.50070
[MOE_TRACE] Group:0 Prob:0.84512 Alpha:0.50050
[MOE_TRACE] Group:1 Prob:0.22949 Alpha:0.50185
[MOE_TRACE] Group:2 Prob:0.90590 Alpha:0.50070
[MOE_TRACE] Group:0 Prob:0.84536 Alpha:0.50050
[MOE_TRACE] Group:0 Prob:0.84536 Alpha:0.50050
[MOE_TRACE] Group:0 Prob:0.84536 Alpha:0.50050
[MOE_TRACE] Group:1 Prob:0.22800 Alpha:0.50185
[MOE_TRACE] Group:1 Prob:0.22800 Alpha:0.50185
[MOE_TRACE] Group:2 Prob:0.90552 Alpha:0.50070
[MOE_TRACE] Group:1 Prob:0.22800 Alpha:0.50185
[MOE_TRACE] Group:2 Prob:0.90552 Alpha:0.50070
[MOE_TRACE] Group:2 Prob:0.90552 Alpha:0.50070
[MOE_TRACE] Group:0 Prob:0.84536 Alpha:0.50050
[MOE_TRACE] Group:1 Prob:0.22800 Alpha:0.50185
[MOE_TRACE] Group:2 Prob:0.90552 Alpha:0.50070
[MOE_TRACE] Group:0 Prob:0.84601 Alpha:0.50050
[MOE_TRACE] Group:0 Prob:0.84601 Alpha:0.50050[MOE_TRACE] Group:1 Prob:0.21216 Alpha:0.50185

[MOE_TRACE] Group:0 Prob:0.84601 Alpha:0.50050
[MOE_TRACE] Group:2 Prob:0.90812 Alpha:0.50070
[MOE_TRACE] Group:1 Prob:0.21216 Alpha:0.50185[MOE_TRACE] Group:1 Prob:0.21216 Alpha:0.50185

[MOE_TRACE] Group:2 Prob:0.90812 Alpha:0.50070
[MOE_TRACE] Group:2 Prob:0.90812 Alpha:0.50070
[MOE_TRACE] Group:0 Prob:0.84601 Alpha:0.50050
[MOE_TRACE] Group:1 Prob:0.21216 Alpha:0.50185
[MOE_TRACE] Group:2 Prob:0.90812 Alpha:0.50070
[MOE_TRACE] Group:0 Prob:0.84598 Alpha:0.50050
[MOE_TRACE] Group:0 Prob:0.84598 Alpha:0.50050
[MOE_TRACE] Group:1 Prob:0.23792 Alpha:0.50185
[MOE_TRACE] Group:1 Prob:0.23792 Alpha:0.50185
[MOE_TRACE] Group:2 Prob:0.90849 Alpha:0.50070
[MOE_TRACE] Group:0 Prob:0.84598 Alpha:0.50050
[MOE_TRACE] Group:2 Prob:0.90849 Alpha:0.50070
[MOE_TRACE] Group:1 Prob:0.23792 Alpha:0.50185
[MOE_TRACE] Group:2 Prob:0.90849 Alpha:0.50070
[MOE_TRACE] Group:0 Prob:0.84598 Alpha:0.50050
[MOE_TRACE] Group:1 Prob:0.23792 Alpha:0.50185
[MOE_TRACE] Group:2 Prob:0.90849 Alpha:0.50070
[MOE_TRACE] Group:0 Prob:0.84861 Alpha:0.50050
[MOE_TRACE] Group:0 Prob:0.84861 Alpha:0.50050
[MOE_TRACE] Group:1 Prob:0.25469 Alpha:0.50185
[MOE_TRACE] Group:1 Prob:0.25469 Alpha:0.50185
[MOE_TRACE] Group:0 Prob:0.84861 Alpha:0.50050
[MOE_TRACE] Group:1 Prob:0.25469 Alpha:0.50185
[MOE_TRACE] Group:2 Prob:0.90818 Alpha:0.50070
[MOE_TRACE] Group:0 Prob:0.84861 Alpha:0.50050
[MOE_TRACE] Group:1 Prob:0.25469 Alpha:0.50185
[MOE_TRACE] Group:2 Prob:0.90818 Alpha:0.50070
[MOE_TRACE] Group:0 Prob:0.84694 Alpha:0.50050
[MOE_TRACE] Group:0 Prob:0.84694 Alpha:0.50050
[MOE_TRACE] Group:0 Prob:0.84694 Alpha:0.50050
[MOE_TRACE] Group:1 Prob:0.23377 Alpha:0.50185[MOE_TRACE] Group:1 Prob:0.23377 Alpha:0.50185

[MOE_TRACE] Group:1 Prob:0.23377 Alpha:0.50185
[MOE_TRACE] Group:2 Prob:0.90524 Alpha:0.50070[MOE_TRACE] Group:2 Prob:0.90524 Alpha:0.50070
[MOE_TRACE] Group:2 Prob:0.90524 Alpha:0.50070

[MOE_TRACE] Group:0 Prob:0.84694 Alpha:0.50050
[MOE_TRACE] Group:1 Prob:0.23377 Alpha:0.50185
[MOE_TRACE] Group:2 Prob:0.90524 Alpha:0.50070
[MOE_TRACE] Group:0 Prob:0.84444 Alpha:0.50050
[MOE_TRACE] Group:0 Prob:0.84444 Alpha:0.50050
[MOE_TRACE] Group:1 Prob:0.22871 Alpha:0.50185
[MOE_TRACE] Group:1 Prob:0.22871 Alpha:0.50185
[MOE_TRACE] Group:0 Prob:0.84444 Alpha:0.50050
[MOE_TRACE] Group:1 Prob:0.22871 Alpha:0.50185
[MOE_TRACE] Group:0 Prob:0.84444 Alpha:0.50050
[MOE_TRACE] Group:1 Prob:0.22871 Alpha:0.50185
[MOE_TRACE] Group:2 Prob:0.90757 Alpha:0.50070
[MOE_TRACE] Group:0 Prob:0.84745 Alpha:0.50050
[MOE_TRACE] Group:1 Prob:0.21377 Alpha:0.50185
[MOE_TRACE] Group:0 Prob:0.84745 Alpha:0.50050
[MOE_TRACE] Group:2 Prob:0.90937 Alpha:0.50070
[MOE_TRACE] Group:1 Prob:0.21377 Alpha:0.50185
[MOE_TRACE] Group:0 Prob:0.84745 Alpha:0.50050
[MOE_TRACE] Group:2 Prob:0.90937 Alpha:0.50070
[MOE_TRACE] Group:1 Prob:0.21377 Alpha:0.50185
[MOE_TRACE] Group:2 Prob:0.90937 Alpha:0.50070
[MOE_TRACE] Group:0 Prob:0.84745 Alpha:0.50050
[MOE_TRACE] Group:1 Prob:0.21377 Alpha:0.50185
[MOE_TRACE] Group:2 Prob:0.90937 Alpha:0.50070
[MOE_TRACE] Group:0 Prob:0.84565 Alpha:0.50050[MOE_TRACE] Group:0 Prob:0.84565 Alpha:0.50050

[MOE_TRACE] Group:1 Prob:0.22501 Alpha:0.50185
[MOE_TRACE] Group:2 Prob:0.90876 Alpha:0.50070
[MOE_TRACE] Group:1 Prob:0.22501 Alpha:0.50185
[MOE_TRACE] Group:0 Prob:0.84565 Alpha:0.50050
[MOE_TRACE] Group:2 Prob:0.90876 Alpha:0.50070
[MOE_TRACE] Group:1 Prob:0.22501 Alpha:0.50185
[MOE_TRACE] Group:2 Prob:0.90876 Alpha:0.50070
[MOE_TRACE] Group:0 Prob:0.84565 Alpha:0.50050
[MOE_TRACE] Group:1 Prob:0.22501 Alpha:0.50185
[MOE_TRACE] Group:2 Prob:0.90876 Alpha:0.50070
[MOE_TRACE] Group:0 Prob:0.84481 Alpha:0.50050
[MOE_TRACE] Group:0 Prob:0.84481 Alpha:0.50050
[MOE_TRACE] Group:0 Prob:0.84481 Alpha:0.50050
[MOE_TRACE] Group:1 Prob:0.23136 Alpha:0.50185
[MOE_TRACE] Group:0 Prob:0.84481 Alpha:0.50050
[MOE_TRACE] Group:1 Prob:0.23136 Alpha:0.50185
[MOE_TRACE] Group:2 Prob:0.90758 Alpha:0.50070
[MOE_TRACE] Group:0 Prob:0.84360 Alpha:0.50050
[MOE_TRACE] Group:0 Prob:0.84360 Alpha:0.50050
[MOE_TRACE] Group:0 Prob:0.84360 Alpha:0.50050
[MOE_TRACE] Group:0 Prob:0.84360 Alpha:0.50050
[MOE_TRACE] Group:1 Prob:0.22435 Alpha:0.50186
[MOE_TRACE] Group:2 Prob:0.90717 Alpha:0.50070
[MOE_TRACE] Group:0 Prob:0.84594 Alpha:0.50050
[MOE_TRACE] Group:1 Prob:0.23499 Alpha:0.50186
[MOE_TRACE] Group:0 Prob:0.84594 Alpha:0.50050
[MOE_TRACE] Group:0 Prob:0.84594 Alpha:0.50050
[MOE_TRACE] Group:2 Prob:0.90746 Alpha:0.50070
[MOE_TRACE] Group:1 Prob:0.23499 Alpha:0.50186
[MOE_TRACE] Group:1 Prob:0.23499 Alpha:0.50186
[MOE_TRACE] Group:2 Prob:0.90746 Alpha:0.50070
[MOE_TRACE] Group:2 Prob:0.90746 Alpha:0.50070
[MOE_TRACE] Group:0 Prob:0.84594 Alpha:0.50050
[MOE_TRACE] Group:1 Prob:0.23499 Alpha:0.50186
[MOE_TRACE] Group:2 Prob:0.90746 Alpha:0.50070
[MOE_TRACE] Group:0 Prob:0.84747 Alpha:0.50050[MOE_TRACE] Group:0 Prob:0.84747 Alpha:0.50050

[MOE_TRACE] Group:0 Prob:0.84747 Alpha:0.50050
[MOE_TRACE] Group:1 Prob:0.22704 Alpha:0.50186
[MOE_TRACE] Group:1 Prob:0.22704 Alpha:0.50186[MOE_TRACE] Group:1 Prob:0.22704 Alpha:0.50186

[MOE_TRACE] Group:2 Prob:0.90739 Alpha:0.50070
[MOE_TRACE] Group:2 Prob:0.90739 Alpha:0.50070
[MOE_TRACE] Group:2 Prob:0.90739 Alpha:0.50070
[MOE_TRACE] Group:0 Prob:0.84747 Alpha:0.50050
[MOE_TRACE] Group:1 Prob:0.22704 Alpha:0.50186
[MOE_TRACE] Group:2 Prob:0.90739 Alpha:0.50070
[MOE_TRACE] Group:0 Prob:0.84237 Alpha:0.50050[MOE_TRACE] Group:0 Prob:0.84237 Alpha:0.50050

[MOE_TRACE] Group:1 Prob:0.22363 Alpha:0.50186
[MOE_TRACE] Group:1 Prob:0.22363 Alpha:0.50186
[MOE_TRACE] Group:0 Prob:0.84237 Alpha:0.50050
[MOE_TRACE] Group:2 Prob:0.90747 Alpha:0.50070
[MOE_TRACE] Group:2 Prob:0.90747 Alpha:0.50070
[MOE_TRACE] Group:1 Prob:0.22363 Alpha:0.50186
[MOE_TRACE] Group:2 Prob:0.90747 Alpha:0.50070
[MOE_TRACE] Group:0 Prob:0.84237 Alpha:0.50050
[MOE_TRACE] Group:1 Prob:0.22363 Alpha:0.50186
[MOE_TRACE] Group:2 Prob:0.90747 Alpha:0.50070
[MOE_TRACE] Group:0 Prob:0.84049 Alpha:0.50050
[MOE_TRACE] Group:0 Prob:0.84049 Alpha:0.50050
[MOE_TRACE] Group:0 Prob:0.84049 Alpha:0.50050
[MOE_TRACE] Group:1 Prob:0.22797 Alpha:0.50186
[MOE_TRACE] Group:1 Prob:0.22797 Alpha:0.50186
[MOE_TRACE] Group:2 Prob:0.91030 Alpha:0.50070
[MOE_TRACE] Group:2 Prob:0.91030 Alpha:0.50070
[MOE_TRACE] Group:1 Prob:0.22797 Alpha:0.50186
[MOE_TRACE] Group:2 Prob:0.91030 Alpha:0.50070
[MOE_TRACE] Group:0 Prob:0.84049 Alpha:0.50050
[MOE_TRACE] Group:1 Prob:0.22797 Alpha:0.50186
[MOE_TRACE] Group:2 Prob:0.91030 Alpha:0.50070
[MOE_TRACE] Group:0 Prob:0.84661 Alpha:0.50050
[MOE_TRACE] Group:0 Prob:0.84661 Alpha:0.50050
[MOE_TRACE] Group:0 Prob:0.84661 Alpha:0.50050
[MOE_TRACE] Group:1 Prob:0.23739 Alpha:0.50186
[MOE_TRACE] Group:0 Prob:0.84661 Alpha:0.50050
[MOE_TRACE] Group:1 Prob:0.23739 Alpha:0.50186
[MOE_TRACE] Group:2 Prob:0.90886 Alpha:0.50070
[MOE_TRACE] Group:0 Prob:0.84752 Alpha:0.50050
[MOE_TRACE] Group:0 Prob:0.84752 Alpha:0.50050
[MOE_TRACE] Group:1 Prob:0.21415 Alpha:0.50186
[MOE_TRACE] Group:1 Prob:0.21415 Alpha:0.50186
[MOE_TRACE] Group:0 Prob:0.84752 Alpha:0.50050
[MOE_TRACE] Group:2 Prob:0.90884 Alpha:0.50070
[MOE_TRACE] Group:2 Prob:0.90884 Alpha:0.50070
[MOE_TRACE] Group:1 Prob:0.21415 Alpha:0.50186
[MOE_TRACE] Group:2 Prob:0.90884 Alpha:0.50070
[MOE_TRACE] Group:0 Prob:0.84752 Alpha:0.50050
[MOE_TRACE] Group:1 Prob:0.21415 Alpha:0.50186
[MOE_TRACE] Group:2 Prob:0.90884 Alpha:0.50070
[MOE_TRACE] Group:0 Prob:0.84429 Alpha:0.50050[MOE_TRACE] Group:0 Prob:0.84429 Alpha:0.50050[MOE_TRACE] Group:0 Prob:0.84429 Alpha:0.50050


[MOE_TRACE] Group:1 Prob:0.23281 Alpha:0.50186[MOE_TRACE] Group:1 Prob:0.23281 Alpha:0.50186
[MOE_TRACE] Group:1 Prob:0.23281 Alpha:0.50186

[MOE_TRACE] Group:0 Prob:0.84429 Alpha:0.50050
[MOE_TRACE] Group:1 Prob:0.23281 Alpha:0.50186
[MOE_TRACE] Group:2 Prob:0.90936 Alpha:0.50070
[MOE_TRACE] Group:0 Prob:0.84608 Alpha:0.50050
[MOE_TRACE] Group:0 Prob:0.84608 Alpha:0.50050
[MOE_TRACE] Group:1 Prob:0.22403 Alpha:0.50186
[MOE_TRACE] Group:0 Prob:0.84608 Alpha:0.50050
[MOE_TRACE] Group:1 Prob:0.22403 Alpha:0.50186
[MOE_TRACE] Group:2 Prob:0.90972 Alpha:0.50070
[MOE_TRACE] Group:1 Prob:0.22403 Alpha:0.50186
[MOE_TRACE] Group:2 Prob:0.90972 Alpha:0.50070
[MOE_TRACE] Group:2 Prob:0.90972 Alpha:0.50070
[MOE_TRACE] Group:0 Prob:0.84608 Alpha:0.50050
[MOE_TRACE] Group:1 Prob:0.22403 Alpha:0.50186
[MOE_TRACE] Group:2 Prob:0.90972 Alpha:0.50070
[MOE_TRACE] Group:0 Prob:0.84468 Alpha:0.50050
[MOE_TRACE] Group:0 Prob:0.84468 Alpha:0.50050
[MOE_TRACE] Group:0 Prob:0.84468 Alpha:0.50050
[MOE_TRACE] Group:1 Prob:0.22037 Alpha:0.50186[MOE_TRACE] Group:1 Prob:0.22037 Alpha:0.50186

[MOE_TRACE] Group:1 Prob:0.22037 Alpha:0.50186
[MOE_TRACE] Group:2 Prob:0.90577 Alpha:0.50070
[MOE_TRACE] Group:2 Prob:0.90577 Alpha:0.50070
[MOE_TRACE] Group:2 Prob:0.90577 Alpha:0.50070
[MOE_TRACE] Group:0 Prob:0.84468 Alpha:0.50050
[MOE_TRACE] Group:1 Prob:0.22037 Alpha:0.50186
[MOE_TRACE] Group:2 Prob:0.90577 Alpha:0.50070
[MOE_TRACE] Group:0 Prob:0.84401 Alpha:0.50050
[MOE_TRACE] Group:0 Prob:0.84401 Alpha:0.50050
[MOE_TRACE] Group:0 Prob:0.84401 Alpha:0.50050
[MOE_TRACE] Group:1 Prob:0.22118 Alpha:0.50186
[MOE_TRACE] Group:1 Prob:0.22118 Alpha:0.50186
[MOE_TRACE] Group:1 Prob:0.22118 Alpha:0.50186
[MOE_TRACE] Group:2 Prob:0.90644 Alpha:0.50070
[MOE_TRACE] Group:2 Prob:0.90644 Alpha:0.50070
[MOE_TRACE] Group:2 Prob:0.90644 Alpha:0.50070
[MOE_TRACE] Group:0 Prob:0.84401 Alpha:0.50050
[MOE_TRACE] Group:1 Prob:0.22118 Alpha:0.50186
[MOE_TRACE] Group:2 Prob:0.90644 Alpha:0.50070
[MOE_TRACE] Group:0 Prob:0.84731 Alpha:0.50050
[MOE_TRACE] Group:0 Prob:0.84731 Alpha:0.50050
[MOE_TRACE] Group:1 Prob:0.22252 Alpha:0.50186
[MOE_TRACE] Group:0 Prob:0.84731 Alpha:0.50050
[MOE_TRACE] Group:1 Prob:0.22252 Alpha:0.50186
[MOE_TRACE] Group:2 Prob:0.90565 Alpha:0.50070
[MOE_TRACE] Group:1 Prob:0.22252 Alpha:0.50186
[MOE_TRACE] Group:2 Prob:0.90565 Alpha:0.50070
[MOE_TRACE] Group:2 Prob:0.90565 Alpha:0.50070
[MOE_TRACE] Group:0 Prob:0.84731 Alpha:0.50050
[MOE_TRACE] Group:1 Prob:0.22252 Alpha:0.50186
[MOE_TRACE] Group:2 Prob:0.90565 Alpha:0.50070
[MOE_TRACE] Group:0 Prob:0.84727 Alpha:0.50050
[MOE_TRACE] Group:0 Prob:0.84727 Alpha:0.50050
[MOE_TRACE] Group:1 Prob:0.23636 Alpha:0.50186
[MOE_TRACE] Group:1 Prob:0.23636 Alpha:0.50186
[MOE_TRACE] Group:0 Prob:0.84727 Alpha:0.50050
[MOE_TRACE] Group:2 Prob:0.90389 Alpha:0.50070
[MOE_TRACE] Group:1 Prob:0.23636 Alpha:0.50186
[MOE_TRACE] Group:2 Prob:0.90389 Alpha:0.50070
[MOE_TRACE] Group:2 Prob:0.90389 Alpha:0.50070
[MOE_TRACE] Group:0 Prob:0.84727 Alpha:0.50050
[MOE_TRACE] Group:1 Prob:0.23636 Alpha:0.50186
[MOE_TRACE] Group:2 Prob:0.90389 Alpha:0.50070
[MOE_TRACE] Group:0 Prob:0.84021 Alpha:0.50050[MOE_TRACE] Group:0 Prob:0.84021 Alpha:0.50050

[MOE_TRACE] Group:1 Prob:0.21445 Alpha:0.50186
[MOE_TRACE] Group:1 Prob:0.21445 Alpha:0.50186
[MOE_TRACE] Group:0 Prob:0.84021 Alpha:0.50050
[MOE_TRACE] Group:2 Prob:0.90712 Alpha:0.50070
[MOE_TRACE] Group:2 Prob:0.90712 Alpha:0.50070
[MOE_TRACE] Group:1 Prob:0.21445 Alpha:0.50186
[MOE_TRACE] Group:2 Prob:0.90712 Alpha:0.50070
[MOE_TRACE] Group:0 Prob:0.84021 Alpha:0.50050
[MOE_TRACE] Group:1 Prob:0.21445 Alpha:0.50186
[MOE_TRACE] Group:2 Prob:0.90712 Alpha:0.50070
[MOE_TRACE] Group:0 Prob:0.84247 Alpha:0.50051[MOE_TRACE] Group:0 Prob:0.84247 Alpha:0.50051

[MOE_TRACE] Group:1 Prob:0.23419 Alpha:0.50186[MOE_TRACE] Group:1 Prob:0.23419 Alpha:0.50186

[MOE_TRACE] Group:2 Prob:0.90785 Alpha:0.50070
[MOE_TRACE] Group:2 Prob:0.90785 Alpha:0.50070
[MOE_TRACE] Group:0 Prob:0.84247 Alpha:0.50051
[MOE_TRACE] Group:1 Prob:0.23419 Alpha:0.50186
[MOE_TRACE] Group:2 Prob:0.90785 Alpha:0.50070
[MOE_TRACE] Group:0 Prob:0.84247 Alpha:0.50051
[MOE_TRACE] Group:1 Prob:0.23419 Alpha:0.50186
[MOE_TRACE] Group:2 Prob:0.90785 Alpha:0.50070
[MOE_TRACE] Group:0 Prob:0.84702 Alpha:0.50051
[MOE_TRACE] Group:0 Prob:0.84702 Alpha:0.50051
[MOE_TRACE] Group:1 Prob:0.22895 Alpha:0.50186[MOE_TRACE] Group:0 Prob:0.84702 Alpha:0.50051

[MOE_TRACE] Group:1 Prob:0.22895 Alpha:0.50186
[MOE_TRACE] Group:2 Prob:0.90916 Alpha:0.50070
[MOE_TRACE] Group:1 Prob:0.22895 Alpha:0.50186
[MOE_TRACE] Group:2 Prob:0.90916 Alpha:0.50070
[MOE_TRACE] Group:2 Prob:0.90916 Alpha:0.50070
[MOE_TRACE] Group:0 Prob:0.84702 Alpha:0.50051
[MOE_TRACE] Group:1 Prob:0.22895 Alpha:0.50186
[MOE_TRACE] Group:2 Prob:0.90916 Alpha:0.50070
[MOE_TRACE] Group:0 Prob:0.84165 Alpha:0.50051
[MOE_TRACE] Group:1 Prob:0.23781 Alpha:0.50186
[MOE_TRACE] Group:0 Prob:0.84165 Alpha:0.50051[MOE_TRACE] Group:0 Prob:0.84165 Alpha:0.50051

[MOE_TRACE] Group:1 Prob:0.23781 Alpha:0.50186
[MOE_TRACE] Group:2 Prob:0.90863 Alpha:0.50070
[MOE_TRACE] Group:1 Prob:0.23781 Alpha:0.50186
[MOE_TRACE] Group:2 Prob:0.90863 Alpha:0.50070
[MOE_TRACE] Group:2 Prob:0.90863 Alpha:0.50070
[MOE_TRACE] Group:0 Prob:0.84165 Alpha:0.50051
[MOE_TRACE] Group:1 Prob:0.23781 Alpha:0.50186
[MOE_TRACE] Group:2 Prob:0.90863 Alpha:0.50070
[MOE_TRACE] Group:0 Prob:0.84052 Alpha:0.50051
[MOE_TRACE] Group:0 Prob:0.84052 Alpha:0.50051
[MOE_TRACE] Group:1 Prob:0.23494 Alpha:0.50186
[MOE_TRACE] Group:1 Prob:0.23494 Alpha:0.50186
[MOE_TRACE] Group:0 Prob:0.84052 Alpha:0.50051
[MOE_TRACE] Group:1 Prob:0.23494 Alpha:0.50186
[MOE_TRACE] Group:0 Prob:0.84052 Alpha:0.50051
[MOE_TRACE] Group:1 Prob:0.23494 Alpha:0.50186
[MOE_TRACE] Group:2 Prob:0.90664 Alpha:0.50070
[MOE_TRACE] Group:0 Prob:0.84539 Alpha:0.50051
[MOE_TRACE] Group:0 Prob:0.84539 Alpha:0.50051[MOE_TRACE] Group:0 Prob:0.84539 Alpha:0.50051

[MOE_TRACE] Group:1 Prob:0.21700 Alpha:0.50186[MOE_TRACE] Group:1 Prob:0.21700 Alpha:0.50186

[MOE_TRACE] Group:1 Prob:0.21700 Alpha:0.50186
[MOE_TRACE] Group:2 Prob:0.90509 Alpha:0.50070
[MOE_TRACE] Group:2 Prob:0.90509 Alpha:0.50070
[MOE_TRACE] Group:2 Prob:0.90509 Alpha:0.50070
[MOE_TRACE] Group:0 Prob:0.84539 Alpha:0.50051
[MOE_TRACE] Group:1 Prob:0.21700 Alpha:0.50186
[MOE_TRACE] Group:2 Prob:0.90509 Alpha:0.50070
[MOE_TRACE] Group:0 Prob:0.84246 Alpha:0.50051
[MOE_TRACE] Group:0 Prob:0.84246 Alpha:0.50051
[MOE_TRACE] Group:0 Prob:0.84246 Alpha:0.50051
[MOE_TRACE] Group:1 Prob:0.23371 Alpha:0.50186[MOE_TRACE] Group:1 Prob:0.23371 Alpha:0.50186

[MOE_TRACE] Group:1 Prob:0.23371 Alpha:0.50186
[MOE_TRACE] Group:2 Prob:0.90637 Alpha:0.50070
[MOE_TRACE] Group:2 Prob:0.90637 Alpha:0.50070
[MOE_TRACE] Group:2 Prob:0.90637 Alpha:0.50070
[MOE_TRACE] Group:0 Prob:0.84246 Alpha:0.50051
[MOE_TRACE] Group:1 Prob:0.23371 Alpha:0.50186
[MOE_TRACE] Group:2 Prob:0.90637 Alpha:0.50070
[MOE_TRACE] Group:0 Prob:0.84469 Alpha:0.50051
[MOE_TRACE] Group:0 Prob:0.84469 Alpha:0.50051
[MOE_TRACE] Group:1 Prob:0.24642 Alpha:0.50186
[MOE_TRACE] Group:2 Prob:0.90583 Alpha:0.50070
[MOE_TRACE] Group:0 Prob:0.84469 Alpha:0.50051
[MOE_TRACE] Group:1 Prob:0.24642 Alpha:0.50186
[MOE_TRACE] Group:1 Prob:0.24642 Alpha:0.50186
[MOE_TRACE] Group:2 Prob:0.90583 Alpha:0.50070
[MOE_TRACE] Group:2 Prob:0.90583 Alpha:0.50070
[MOE_TRACE] Group:0 Prob:0.84469 Alpha:0.50051
[MOE_TRACE] Group:1 Prob:0.24642 Alpha:0.50186
[MOE_TRACE] Group:2 Prob:0.90583 Alpha:0.50070
[MOE_TRACE] Group:0 Prob:0.84618 Alpha:0.50051
[MOE_TRACE] Group:0 Prob:0.84618 Alpha:0.50051[MOE_TRACE] Group:1 Prob:0.22524 Alpha:0.50186

[MOE_TRACE] Group:2 Prob:0.90826 Alpha:0.50070[MOE_TRACE] Group:1 Prob:0.22524 Alpha:0.50186

[MOE_TRACE] Group:2 Prob:0.90826 Alpha:0.50070
[MOE_TRACE] Group:0 Prob:0.84618 Alpha:0.50051
[MOE_TRACE] Group:1 Prob:0.22524 Alpha:0.50186
[MOE_TRACE] Group:2 Prob:0.90826 Alpha:0.50070
[MOE_TRACE] Group:0 Prob:0.84618 Alpha:0.50051
[MOE_TRACE] Group:1 Prob:0.22524 Alpha:0.50186
[MOE_TRACE] Group:2 Prob:0.90826 Alpha:0.50070
[MOE_TRACE] Group:0 Prob:0.84333 Alpha:0.50051
[MOE_TRACE] Group:1 Prob:0.20797 Alpha:0.50187
[MOE_TRACE] Group:0 Prob:0.84333 Alpha:0.50051
[MOE_TRACE] Group:1 Prob:0.20797 Alpha:0.50187
[MOE_TRACE] Group:2 Prob:0.90688 Alpha:0.50070
[MOE_TRACE] Group:0 Prob:0.84333 Alpha:0.50051
[MOE_TRACE] Group:1 Prob:0.20797 Alpha:0.50187
[MOE_TRACE] Group:2 Prob:0.90688 Alpha:0.50070
[MOE_TRACE] Group:0 Prob:0.84333 Alpha:0.50051
[MOE_TRACE] Group:1 Prob:0.20797 Alpha:0.50187
[MOE_TRACE] Group:2 Prob:0.90688 Alpha:0.50070
[MOE_TRACE] Group:0 Prob:0.84385 Alpha:0.50051
[MOE_TRACE] Group:0 Prob:0.84385 Alpha:0.50051
[MOE_TRACE] Group:0 Prob:0.84385 Alpha:0.50051
[MOE_TRACE] Group:1 Prob:0.22896 Alpha:0.50187
[MOE_TRACE] Group:1 Prob:0.22896 Alpha:0.50187
[MOE_TRACE] Group:1 Prob:0.22896 Alpha:0.50187
[MOE_TRACE] Group:2 Prob:0.90589 Alpha:0.50071
[MOE_TRACE] Group:2 Prob:0.90589 Alpha:0.50071
[MOE_TRACE] Group:2 Prob:0.90589 Alpha:0.50071
[MOE_TRACE] Group:0 Prob:0.84385 Alpha:0.50051
[MOE_TRACE] Group:1 Prob:0.22896 Alpha:0.50187
[MOE_TRACE] Group:2 Prob:0.90589 Alpha:0.50071
[MOE_TRACE] Group:0 Prob:0.84725 Alpha:0.50051
[MOE_TRACE] Group:0 Prob:0.84725 Alpha:0.50051
[MOE_TRACE] Group:0 Prob:0.84725 Alpha:0.50051
[MOE_TRACE] Group:1 Prob:0.22295 Alpha:0.50187
[MOE_TRACE] Group:0 Prob:0.84725 Alpha:0.50051
[MOE_TRACE] Group:1 Prob:0.22295 Alpha:0.50187
[MOE_TRACE] Group:2 Prob:0.90511 Alpha:0.50071
[MOE_TRACE] Group:0 Prob:0.84474 Alpha:0.50051[MOE_TRACE] Group:0 Prob:0.84474 Alpha:0.50051

[MOE_TRACE] Group:0 Prob:0.84474 Alpha:0.50051
[MOE_TRACE] Group:1 Prob:0.21637 Alpha:0.50187
[MOE_TRACE] Group:0 Prob:0.84474 Alpha:0.50051
[MOE_TRACE] Group:1 Prob:0.21637 Alpha:0.50187
[MOE_TRACE] Group:2 Prob:0.90780 Alpha:0.50071
[MOE_TRACE] Group:0 Prob:0.84777 Alpha:0.50051
[MOE_TRACE] Group:0 Prob:0.84777 Alpha:0.50051
[MOE_TRACE] Group:0 Prob:0.84777 Alpha:0.50051
[MOE_TRACE] Group:1 Prob:0.22679 Alpha:0.50187[MOE_TRACE] Group:1 Prob:0.22679 Alpha:0.50187

[MOE_TRACE] Group:2 Prob:0.90404 Alpha:0.50071
[MOE_TRACE] Group:1 Prob:0.22679 Alpha:0.50187
[MOE_TRACE] Group:2 Prob:0.90404 Alpha:0.50071
[MOE_TRACE] Group:2 Prob:0.90404 Alpha:0.50071
[MOE_TRACE] Group:0 Prob:0.84777 Alpha:0.50051
[MOE_TRACE] Group:1 Prob:0.22679 Alpha:0.50187
[MOE_TRACE] Group:2 Prob:0.90404 Alpha:0.50071
[MOE_TRACE] Group:0 Prob:0.84567 Alpha:0.50051
[MOE_TRACE] Group:0 Prob:0.84567 Alpha:0.50051
[MOE_TRACE] Group:1 Prob:0.21763 Alpha:0.50187[MOE_TRACE] Group:1 Prob:0.21763 Alpha:0.50187

[MOE_TRACE] Group:0 Prob:0.84567 Alpha:0.50051
[MOE_TRACE] Group:2 Prob:0.90296 Alpha:0.50071[MOE_TRACE] Group:2 Prob:0.90296 Alpha:0.50071

[MOE_TRACE] Group:1 Prob:0.21763 Alpha:0.50187
[MOE_TRACE] Group:2 Prob:0.90296 Alpha:0.50071
[MOE_TRACE] Group:0 Prob:0.84567 Alpha:0.50051
[MOE_TRACE] Group:1 Prob:0.21763 Alpha:0.50187
[MOE_TRACE] Group:2 Prob:0.90296 Alpha:0.50071
[MOE_TRACE] Group:0 Prob:0.84685 Alpha:0.50051
[MOE_TRACE] Group:0 Prob:0.84685 Alpha:0.50051
[MOE_TRACE] Group:0 Prob:0.84685 Alpha:0.50051
[MOE_TRACE] Group:1 Prob:0.23248 Alpha:0.50187[MOE_TRACE] Group:1 Prob:0.23248 Alpha:0.50187

[MOE_TRACE] Group:1 Prob:0.23248 Alpha:0.50187
[MOE_TRACE] Group:2 Prob:0.90736 Alpha:0.50071
[MOE_TRACE] Group:2 Prob:0.90736 Alpha:0.50071
[MOE_TRACE] Group:2 Prob:0.90736 Alpha:0.50071
[MOE_TRACE] Group:0 Prob:0.84685 Alpha:0.50051
[MOE_TRACE] Group:1 Prob:0.23248 Alpha:0.50187
[MOE_TRACE] Group:2 Prob:0.90736 Alpha:0.50071
[MOE_TRACE] Group:0 Prob:0.84053 Alpha:0.50051
[MOE_TRACE] Group:0 Prob:0.84053 Alpha:0.50051
[MOE_TRACE] Group:1 Prob:0.22251 Alpha:0.50187
[MOE_TRACE] Group:1 Prob:0.22251 Alpha:0.50187
[MOE_TRACE] Group:0 Prob:0.84053 Alpha:0.50051
[MOE_TRACE] Group:2 Prob:0.90304 Alpha:0.50071
[MOE_TRACE] Group:1 Prob:0.22251 Alpha:0.50187
[MOE_TRACE] Group:2 Prob:0.90304 Alpha:0.50071
[MOE_TRACE] Group:2 Prob:0.90304 Alpha:0.50071
[MOE_TRACE] Group:0 Prob:0.84053 Alpha:0.50051
[MOE_TRACE] Group:1 Prob:0.22251 Alpha:0.50187
[MOE_TRACE] Group:2 Prob:0.90304 Alpha:0.50071
[MOE_TRACE] Group:0 Prob:0.84696 Alpha:0.50051
[MOE_TRACE] Group:0 Prob:0.84696 Alpha:0.50051
[MOE_TRACE] Group:1 Prob:0.22814 Alpha:0.50187
[MOE_TRACE] Group:1 Prob:0.22814 Alpha:0.50187
[MOE_TRACE] Group:2 Prob:0.90396 Alpha:0.50071
[MOE_TRACE] Group:0 Prob:0.84696 Alpha:0.50051
[MOE_TRACE] Group:2 Prob:0.90396 Alpha:0.50071
[MOE_TRACE] Group:1 Prob:0.22814 Alpha:0.50187
[MOE_TRACE] Group:2 Prob:0.90396 Alpha:0.50071
[MOE_TRACE] Group:0 Prob:0.84696 Alpha:0.50051
[MOE_TRACE] Group:1 Prob:0.22814 Alpha:0.50187
[MOE_TRACE] Group:2 Prob:0.90396 Alpha:0.50071
[MOE_TRACE] Group:0 Prob:0.84211 Alpha:0.50051
[MOE_TRACE] Group:0 Prob:0.84211 Alpha:0.50051
[MOE_TRACE] Group:1 Prob:0.22376 Alpha:0.50187
[MOE_TRACE] Group:0 Prob:0.84211 Alpha:0.50051
[MOE_TRACE] Group:1 Prob:0.22376 Alpha:0.50187
[MOE_TRACE] Group:2 Prob:0.90588 Alpha:0.50071
[MOE_TRACE] Group:1 Prob:0.22376 Alpha:0.50187
[MOE_TRACE] Group:2 Prob:0.90588 Alpha:0.50071
[MOE_TRACE] Group:2 Prob:0.90588 Alpha:0.50071
[MOE_TRACE] Group:0 Prob:0.84211 Alpha:0.50051
[MOE_TRACE] Group:1 Prob:0.22376 Alpha:0.50187
[MOE_TRACE] Group:2 Prob:0.90588 Alpha:0.50071
[MOE_TRACE] Group:0 Prob:0.84610 Alpha:0.50051[MOE_TRACE] Group:0 Prob:0.84610 Alpha:0.50051

[MOE_TRACE] Group:1 Prob:0.22817 Alpha:0.50187
[MOE_TRACE] Group:0 Prob:0.84610 Alpha:0.50051[MOE_TRACE] Group:1 Prob:0.22817 Alpha:0.50187

[MOE_TRACE] Group:2 Prob:0.90544 Alpha:0.50071
[MOE_TRACE] Group:2 Prob:0.90544 Alpha:0.50071
[MOE_TRACE] Group:1 Prob:0.22817 Alpha:0.50187
[MOE_TRACE] Group:2 Prob:0.90544 Alpha:0.50071
[MOE_TRACE] Group:0 Prob:0.84610 Alpha:0.50051
[MOE_TRACE] Group:1 Prob:0.22817 Alpha:0.50187
[MOE_TRACE] Group:2 Prob:0.90544 Alpha:0.50071
[MOE_TRACE] Group:0 Prob:0.84101 Alpha:0.50051[MOE_TRACE] Group:0 Prob:0.84101 Alpha:0.50051

[MOE_TRACE] Group:0 Prob:0.84101 Alpha:0.50051
[MOE_TRACE] Group:1 Prob:0.23087 Alpha:0.50187
[MOE_TRACE] Group:1 Prob:0.23087 Alpha:0.50187
[MOE_TRACE] Group:1 Prob:0.23087 Alpha:0.50187
[MOE_TRACE] Group:2 Prob:0.90508 Alpha:0.50071
[MOE_TRACE] Group:2 Prob:0.90508 Alpha:0.50071
[MOE_TRACE] Group:2 Prob:0.90508 Alpha:0.50071
[MOE_TRACE] Group:0 Prob:0.84101 Alpha:0.50051
[MOE_TRACE] Group:1 Prob:0.23087 Alpha:0.50187
[MOE_TRACE] Group:2 Prob:0.90508 Alpha:0.50071
[MOE_TRACE] Group:0 Prob:0.84536 Alpha:0.50051[MOE_TRACE] Group:0 Prob:0.84536 Alpha:0.50051

[MOE_TRACE] Group:0 Prob:0.84536 Alpha:0.50051
[MOE_TRACE] Group:1 Prob:0.22435 Alpha:0.50187[MOE_TRACE] Group:1 Prob:0.22435 Alpha:0.50187

[MOE_TRACE] Group:1 Prob:0.22435 Alpha:0.50187
[MOE_TRACE] Group:2 Prob:0.90928 Alpha:0.50071[MOE_TRACE] Group:2 Prob:0.90928 Alpha:0.50071

[MOE_TRACE] Group:2 Prob:0.90928 Alpha:0.50071
[MOE_TRACE] Group:0 Prob:0.84536 Alpha:0.50051
[MOE_TRACE] Group:1 Prob:0.22435 Alpha:0.50187
[MOE_TRACE] Group:2 Prob:0.90928 Alpha:0.50071
[MOE_TRACE] Group:0 Prob:0.84896 Alpha:0.50051
[MOE_TRACE] Group:1 Prob:0.22664 Alpha:0.50187
[MOE_TRACE] Group:2 Prob:0.90467 Alpha:0.50071
[MOE_TRACE] Group:0 Prob:0.84896 Alpha:0.50051
[MOE_TRACE] Group:0 Prob:0.84896 Alpha:0.50051
[MOE_TRACE] Group:1 Prob:0.22664 Alpha:0.50187
[MOE_TRACE] Group:1 Prob:0.22664 Alpha:0.50187
[MOE_TRACE] Group:2 Prob:0.90467 Alpha:0.50071
[MOE_TRACE] Group:2 Prob:0.90467 Alpha:0.50071
[MOE_TRACE] Group:0 Prob:0.84896 Alpha:0.50051
[MOE_TRACE] Group:1 Prob:0.22664 Alpha:0.50187
[MOE_TRACE] Group:2 Prob:0.90467 Alpha:0.50071
[MOE_TRACE] Group:0 Prob:0.84051 Alpha:0.50051
[MOE_TRACE] Group:0 Prob:0.84051 Alpha:0.50051
[MOE_TRACE] Group:1 Prob:0.21625 Alpha:0.50187
[MOE_TRACE] Group:0 Prob:0.84051 Alpha:0.50051
[MOE_TRACE] Group:1 Prob:0.21625 Alpha:0.50187
[MOE_TRACE] Group:2 Prob:0.90728 Alpha:0.50071
[MOE_TRACE] Group:1 Prob:0.21625 Alpha:0.50187
[MOE_TRACE] Group:2 Prob:0.90728 Alpha:0.50071
[MOE_TRACE] Group:2 Prob:0.90728 Alpha:0.50071
[MOE_TRACE] Group:0 Prob:0.84051 Alpha:0.50051
[MOE_TRACE] Group:1 Prob:0.21625 Alpha:0.50187
[MOE_TRACE] Group:2 Prob:0.90728 Alpha:0.50071
[MOE_TRACE] Group:0 Prob:0.84475 Alpha:0.50051[MOE_TRACE] Group:0 Prob:0.84475 Alpha:0.50051

[MOE_TRACE] Group:1 Prob:0.22788 Alpha:0.50187
[MOE_TRACE] Group:1 Prob:0.22788 Alpha:0.50187
[MOE_TRACE] Group:0 Prob:0.84475 Alpha:0.50051
[MOE_TRACE] Group:1 Prob:0.22788 Alpha:0.50187
[MOE_TRACE] Group:2 Prob:0.90605 Alpha:0.50071
[MOE_TRACE] Group:0 Prob:0.84475 Alpha:0.50051
[MOE_TRACE] Group:1 Prob:0.22788 Alpha:0.50187
[MOE_TRACE] Group:2 Prob:0.90605 Alpha:0.50071
[MOE_TRACE] Group:0 Prob:0.84224 Alpha:0.50051
[MOE_TRACE] Group:0 Prob:0.84224 Alpha:0.50051
[MOE_TRACE] Group:0 Prob:0.84224 Alpha:0.50051
[MOE_TRACE] Group:1 Prob:0.23592 Alpha:0.50187
[MOE_TRACE] Group:1 Prob:0.23592 Alpha:0.50187
[MOE_TRACE] Group:1 Prob:0.23592 Alpha:0.50187
[MOE_TRACE] Group:2 Prob:0.90715 Alpha:0.50071
[MOE_TRACE] Group:2 Prob:0.90715 Alpha:0.50071
[MOE_TRACE] Group:2 Prob:0.90715 Alpha:0.50071
[MOE_TRACE] Group:0 Prob:0.84224 Alpha:0.50051
[MOE_TRACE] Group:1 Prob:0.23592 Alpha:0.50187
[MOE_TRACE] Group:2 Prob:0.90715 Alpha:0.50071
[MOE_TRACE] Group:0 Prob:0.83696 Alpha:0.50051
[MOE_TRACE] Group:1 Prob:0.21094 Alpha:0.50187
[MOE_TRACE] Group:2 Prob:0.90613 Alpha:0.50071
[MOE_TRACE] Group:0 Prob:0.83696 Alpha:0.50051
[MOE_TRACE] Group:0 Prob:0.83696 Alpha:0.50051
[MOE_TRACE] Group:1 Prob:0.21094 Alpha:0.50187
[MOE_TRACE] Group:1 Prob:0.21094 Alpha:0.50187
[MOE_TRACE] Group:2 Prob:0.90613 Alpha:0.50071
[MOE_TRACE] Group:2 Prob:0.90613 Alpha:0.50071
[MOE_TRACE] Group:0 Prob:0.83696 Alpha:0.50051
[MOE_TRACE] Group:1 Prob:0.21094 Alpha:0.50187
[MOE_TRACE] Group:2 Prob:0.90613 Alpha:0.50071
[MOE_TRACE] Group:0 Prob:0.84801 Alpha:0.50051
[MOE_TRACE] Group:1 Prob:0.22521 Alpha:0.50187
[MOE_TRACE] Group:0 Prob:0.84801 Alpha:0.50051
[MOE_TRACE] Group:0 Prob:0.84801 Alpha:0.50051
[MOE_TRACE] Group:1 Prob:0.22521 Alpha:0.50187
[MOE_TRACE] Group:2 Prob:0.90372 Alpha:0.50071
[MOE_TRACE] Group:1 Prob:0.22521 Alpha:0.50187
[MOE_TRACE] Group:2 Prob:0.90372 Alpha:0.50071
[MOE_TRACE] Group:0 Prob:0.84801 Alpha:0.50051
[MOE_TRACE] Group:1 Prob:0.22521 Alpha:0.50187
[MOE_TRACE] Group:2 Prob:0.90372 Alpha:0.50071
[MOE_TRACE] Group:0 Prob:0.84943 Alpha:0.50051
[MOE_TRACE] Group:0 Prob:0.84943 Alpha:0.50051
[MOE_TRACE] Group:1 Prob:0.21601 Alpha:0.50187
[MOE_TRACE] Group:0 Prob:0.84943 Alpha:0.50051
[MOE_TRACE] Group:1 Prob:0.21601 Alpha:0.50187
[MOE_TRACE] Group:2 Prob:0.90707 Alpha:0.50071
[MOE_TRACE] Group:1 Prob:0.21601 Alpha:0.50187
[MOE_TRACE] Group:2 Prob:0.90707 Alpha:0.50071
[MOE_TRACE] Group:2 Prob:0.90707 Alpha:0.50071
[MOE_TRACE] Group:0 Prob:0.84943 Alpha:0.50051
[MOE_TRACE] Group:1 Prob:0.21601 Alpha:0.50187
[MOE_TRACE] Group:2 Prob:0.90707 Alpha:0.50071
[MOE_TRACE] Group:0 Prob:0.84153 Alpha:0.50051
[MOE_TRACE] Group:0 Prob:0.84153 Alpha:0.50051
[MOE_TRACE] Group:0 Prob:0.84153 Alpha:0.50051
[MOE_TRACE] Group:1 Prob:0.22404 Alpha:0.50187
[MOE_TRACE] Group:1 Prob:0.22404 Alpha:0.50187
[MOE_TRACE] Group:1 Prob:0.22404 Alpha:0.50187
[MOE_TRACE] Group:2 Prob:0.90555 Alpha:0.50071
[MOE_TRACE] Group:2 Prob:0.90555 Alpha:0.50071
[MOE_TRACE] Group:2 Prob:0.90555 Alpha:0.50071
[MOE_TRACE] Group:0 Prob:0.84153 Alpha:0.50051
[MOE_TRACE] Group:1 Prob:0.22404 Alpha:0.50187
[MOE_TRACE] Group:2 Prob:0.90555 Alpha:0.50071
[MOE_TRACE] Group:0 Prob:0.84493 Alpha:0.50051[MOE_TRACE] Group:0 Prob:0.84493 Alpha:0.50051

[MOE_TRACE] Group:0 Prob:0.84493 Alpha:0.50051
[MOE_TRACE] Group:1 Prob:0.21283 Alpha:0.50187
[MOE_TRACE] Group:1 Prob:0.21283 Alpha:0.50187
[MOE_TRACE] Group:1 Prob:0.21283 Alpha:0.50187
[MOE_TRACE] Group:2 Prob:0.90403 Alpha:0.50071
[MOE_TRACE] Group:2 Prob:0.90403 Alpha:0.50071
[MOE_TRACE] Group:2 Prob:0.90403 Alpha:0.50071
[MOE_TRACE] Group:0 Prob:0.84493 Alpha:0.50051
[MOE_TRACE] Group:1 Prob:0.21283 Alpha:0.50187
[MOE_TRACE] Group:2 Prob:0.90403 Alpha:0.50071
[MOE_TRACE] Group:0 Prob:0.84276 Alpha:0.50051
[MOE_TRACE] Group:0 Prob:0.84276 Alpha:0.50051
[MOE_TRACE] Group:1 Prob:0.23020 Alpha:0.50187[MOE_TRACE] Group:1 Prob:0.23020 Alpha:0.50187

[MOE_TRACE] Group:0 Prob:0.84276 Alpha:0.50051
[MOE_TRACE] Group:2 Prob:0.90476 Alpha:0.50071[MOE_TRACE] Group:2 Prob:0.90476 Alpha:0.50071

[MOE_TRACE] Group:1 Prob:0.23020 Alpha:0.50187
[MOE_TRACE] Group:2 Prob:0.90476 Alpha:0.50071
[MOE_TRACE] Group:0 Prob:0.84276 Alpha:0.50051
[MOE_TRACE] Group:1 Prob:0.23020 Alpha:0.50187
[MOE_TRACE] Group:2 Prob:0.90476 Alpha:0.50071
[MOE_TRACE] Group:0 Prob:0.84474 Alpha:0.50051
[MOE_TRACE] Group:1 Prob:0.22975 Alpha:0.50187
[MOE_TRACE] Group:0 Prob:0.84474 Alpha:0.50051
[MOE_TRACE] Group:0 Prob:0.84474 Alpha:0.50051
[MOE_TRACE] Group:1 Prob:0.22975 Alpha:0.50187
[MOE_TRACE] Group:2 Prob:0.90367 Alpha:0.50071
[MOE_TRACE] Group:1 Prob:0.22975 Alpha:0.50187
[MOE_TRACE] Group:2 Prob:0.90367 Alpha:0.50071
[MOE_TRACE] Group:0 Prob:0.84474 Alpha:0.50051
[MOE_TRACE] Group:1 Prob:0.22975 Alpha:0.50187
[MOE_TRACE] Group:2 Prob:0.90367 Alpha:0.50071
[MOE_TRACE] Group:0 Prob:0.84741 Alpha:0.50051
[MOE_TRACE] Group:0 Prob:0.84741 Alpha:0.50051
[MOE_TRACE] Group:0 Prob:0.84741 Alpha:0.50051
[MOE_TRACE] Group:1 Prob:0.23391 Alpha:0.50187
[MOE_TRACE] Group:1 Prob:0.23391 Alpha:0.50187
[MOE_TRACE] Group:1 Prob:0.23391 Alpha:0.50187
[MOE_TRACE] Group:2 Prob:0.90485 Alpha:0.50071
[MOE_TRACE] Group:2 Prob:0.90485 Alpha:0.50071
[MOE_TRACE] Group:0 Prob:0.84741 Alpha:0.50051
[MOE_TRACE] Group:2 Prob:0.90485 Alpha:0.50071
[MOE_TRACE] Group:1 Prob:0.23391 Alpha:0.50187
[MOE_TRACE] Group:2 Prob:0.90485 Alpha:0.50071
[MOE_TRACE] Group:0 Prob:0.84284 Alpha:0.50051
[MOE_TRACE] Group:0 Prob:0.84284 Alpha:0.50051
[MOE_TRACE] Group:1 Prob:0.23464 Alpha:0.50187[MOE_TRACE] Group:1 Prob:0.23464 Alpha:0.50187
[MOE_TRACE] Group:0 Prob:0.84284 Alpha:0.50051

[MOE_TRACE] Group:2 Prob:0.90552 Alpha:0.50071
[MOE_TRACE] Group:2 Prob:0.90552 Alpha:0.50071[MOE_TRACE] Group:1 Prob:0.23464 Alpha:0.50187

[MOE_TRACE] Group:2 Prob:0.90552 Alpha:0.50071
[MOE_TRACE] Group:0 Prob:0.84284 Alpha:0.50051
[MOE_TRACE] Group:1 Prob:0.23464 Alpha:0.50187
[MOE_TRACE] Group:2 Prob:0.90552 Alpha:0.50071
[MOE_TRACE] Group:0 Prob:0.84620 Alpha:0.50051[MOE_TRACE] Group:0 Prob:0.84620 Alpha:0.50051

[MOE_TRACE] Group:1 Prob:0.21301 Alpha:0.50188
[MOE_TRACE] Group:0 Prob:0.84620 Alpha:0.50051[MOE_TRACE] Group:1 Prob:0.21301 Alpha:0.50188

[MOE_TRACE] Group:2 Prob:0.90249 Alpha:0.50071
[MOE_TRACE] Group:1 Prob:0.21301 Alpha:0.50188
[MOE_TRACE] Group:2 Prob:0.90249 Alpha:0.50071
[MOE_TRACE] Group:2 Prob:0.90249 Alpha:0.50071
[MOE_TRACE] Group:0 Prob:0.84620 Alpha:0.50051
[MOE_TRACE] Group:1 Prob:0.21301 Alpha:0.50188
[MOE_TRACE] Group:2 Prob:0.90249 Alpha:0.50071
[MOE_TRACE] Group:0 Prob:0.84598 Alpha:0.50051
[MOE_TRACE] Group:0 Prob:0.84598 Alpha:0.50051
[MOE_TRACE] Group:0 Prob:0.84598 Alpha:0.50051
[MOE_TRACE] Group:1 Prob:0.21226 Alpha:0.50188
[MOE_TRACE] Group:1 Prob:0.21226 Alpha:0.50188
[MOE_TRACE] Group:1 Prob:0.21226 Alpha:0.50188
[MOE_TRACE] Group:2 Prob:0.90621 Alpha:0.50071
[MOE_TRACE] Group:2 Prob:0.90621 Alpha:0.50071
[MOE_TRACE] Group:2 Prob:0.90621 Alpha:0.50071
[MOE_TRACE] Group:0 Prob:0.84598 Alpha:0.50051
[MOE_TRACE] Group:1 Prob:0.21226 Alpha:0.50188
[MOE_TRACE] Group:2 Prob:0.90621 Alpha:0.50071
[MOE_TRACE] Group:0 Prob:0.84229 Alpha:0.50051[MOE_TRACE] Group:0 Prob:0.84229 Alpha:0.50051
[MOE_TRACE] Group:0 Prob:0.84229 Alpha:0.50051

[MOE_TRACE] Group:1 Prob:0.21586 Alpha:0.50188
[MOE_TRACE] Group:1 Prob:0.21586 Alpha:0.50188
[MOE_TRACE] Group:1 Prob:0.21586 Alpha:0.50188
[MOE_TRACE] Group:2 Prob:0.90429 Alpha:0.50071
[MOE_TRACE] Group:2 Prob:0.90429 Alpha:0.50071
[MOE_TRACE] Group:2 Prob:0.90429 Alpha:0.50071
[MOE_TRACE] Group:0 Prob:0.84229 Alpha:0.50051
[MOE_TRACE] Group:1 Prob:0.21586 Alpha:0.50188
[MOE_TRACE] Group:2 Prob:0.90429 Alpha:0.50071
[MOE_TRACE] Group:0 Prob:0.84292 Alpha:0.50051
[MOE_TRACE] Group:0 Prob:0.84292 Alpha:0.50051
[MOE_TRACE] Group:0 Prob:0.84292 Alpha:0.50051
[MOE_TRACE] Group:1 Prob:0.21968 Alpha:0.50188
[MOE_TRACE] Group:1 Prob:0.21968 Alpha:0.50188
[MOE_TRACE] Group:2 Prob:0.90673 Alpha:0.50071
[MOE_TRACE] Group:1 Prob:0.21968 Alpha:0.50188
[MOE_TRACE] Group:2 Prob:0.90673 Alpha:0.50071
[MOE_TRACE] Group:2 Prob:0.90673 Alpha:0.50071
[MOE_TRACE] Group:0 Prob:0.84292 Alpha:0.50051
[MOE_TRACE] Group:1 Prob:0.21968 Alpha:0.50188
[MOE_TRACE] Group:2 Prob:0.90673 Alpha:0.50071
[MOE_TRACE] Group:0 Prob:0.84439 Alpha:0.50051
[MOE_TRACE] Group:0 Prob:0.84439 Alpha:0.50051
[MOE_TRACE] Group:0 Prob:0.84439 Alpha:0.50051[MOE_TRACE] Group:1 Prob:0.23097 Alpha:0.50188

[MOE_TRACE] Group:1 Prob:0.23097 Alpha:0.50188
[MOE_TRACE] Group:1 Prob:0.23097 Alpha:0.50188
[MOE_TRACE] Group:2 Prob:0.90679 Alpha:0.50071
[MOE_TRACE] Group:2 Prob:0.90679 Alpha:0.50071
[MOE_TRACE] Group:2 Prob:0.90679 Alpha:0.50071
[MOE_TRACE] Group:0 Prob:0.84439 Alpha:0.50051
[MOE_TRACE] Group:1 Prob:0.23097 Alpha:0.50188
[MOE_TRACE] Group:2 Prob:0.90679 Alpha:0.50071
[MOE_TRACE] Group:0 Prob:0.83754 Alpha:0.50051
[MOE_TRACE] Group:0 Prob:0.83754 Alpha:0.50051
[MOE_TRACE] Group:0 Prob:0.83754 Alpha:0.50051
[MOE_TRACE] Group:1 Prob:0.21604 Alpha:0.50188
[MOE_TRACE] Group:1 Prob:0.21604 Alpha:0.50188
[MOE_TRACE] Group:1 Prob:0.21604 Alpha:0.50188
[MOE_TRACE] Group:2 Prob:0.90106 Alpha:0.50071
[MOE_TRACE] Group:2 Prob:0.90106 Alpha:0.50071
[MOE_TRACE] Group:2 Prob:0.90106 Alpha:0.50071
[MOE_TRACE] Group:0 Prob:0.83754 Alpha:0.50051
[MOE_TRACE] Group:1 Prob:0.21604 Alpha:0.50188
[MOE_TRACE] Group:2 Prob:0.90106 Alpha:0.50071
[MOE_TRACE] Group:0 Prob:0.84167 Alpha:0.50051[MOE_TRACE] Group:0 Prob:0.84167 Alpha:0.50051

[MOE_TRACE] Group:1 Prob:0.22580 Alpha:0.50188[MOE_TRACE] Group:1 Prob:0.22580 Alpha:0.50188

[MOE_TRACE] Group:2 Prob:0.90286 Alpha:0.50071
[MOE_TRACE] Group:0 Prob:0.84167 Alpha:0.50051[MOE_TRACE] Group:2 Prob:0.90286 Alpha:0.50071

[MOE_TRACE] Group:1 Prob:0.22580 Alpha:0.50188
[MOE_TRACE] Group:2 Prob:0.90286 Alpha:0.50071
[MOE_TRACE] Group:0 Prob:0.84167 Alpha:0.50051
[MOE_TRACE] Group:1 Prob:0.22580 Alpha:0.50188
[MOE_TRACE] Group:2 Prob:0.90286 Alpha:0.50071
[MOE_TRACE] Group:0 Prob:0.83949 Alpha:0.50051
[MOE_TRACE] Group:0 Prob:0.83949 Alpha:0.50051
[MOE_TRACE] Group:1 Prob:0.21890 Alpha:0.50188[MOE_TRACE] Group:1 Prob:0.21890 Alpha:0.50188
[MOE_TRACE] Group:0 Prob:0.83949 Alpha:0.50051

[MOE_TRACE] Group:2 Prob:0.90642 Alpha:0.50071
[MOE_TRACE] Group:2 Prob:0.90642 Alpha:0.50071[MOE_TRACE] Group:1 Prob:0.21890 Alpha:0.50188

[MOE_TRACE] Group:2 Prob:0.90642 Alpha:0.50071
[MOE_TRACE] Group:0 Prob:0.83949 Alpha:0.50051
[MOE_TRACE] Group:1 Prob:0.21890 Alpha:0.50188
[MOE_TRACE] Group:2 Prob:0.90642 Alpha:0.50071
[MOE_TRACE] Group:0 Prob:0.84326 Alpha:0.50051[MOE_TRACE] Group:0 Prob:0.84326 Alpha:0.50051

[MOE_TRACE] Group:0 Prob:0.84326 Alpha:0.50051
[MOE_TRACE] Group:1 Prob:0.21780 Alpha:0.50188[MOE_TRACE] Group:1 Prob:0.21780 Alpha:0.50188

[MOE_TRACE] Group:1 Prob:0.21780 Alpha:0.50188[MOE_TRACE] Group:2 Prob:0.90619 Alpha:0.50071[MOE_TRACE] Group:2 Prob:0.90619 Alpha:0.50071


[MOE_TRACE] Group:2 Prob:0.90619 Alpha:0.50071
[MOE_TRACE] Group:0 Prob:0.84326 Alpha:0.50051
[MOE_TRACE] Group:1 Prob:0.21780 Alpha:0.50188
[MOE_TRACE] Group:2 Prob:0.90619 Alpha:0.50071
[MOE_TRACE] Group:0 Prob:0.84517 Alpha:0.50051
[MOE_TRACE] Group:1 Prob:0.22009 Alpha:0.50188
[MOE_TRACE] Group:0 Prob:0.84517 Alpha:0.50051
[MOE_TRACE] Group:2 Prob:0.90449 Alpha:0.50071
[MOE_TRACE] Group:0 Prob:0.84517 Alpha:0.50051
[MOE_TRACE] Group:1 Prob:0.22009 Alpha:0.50188
[MOE_TRACE] Group:1 Prob:0.22009 Alpha:0.50188
[MOE_TRACE] Group:2 Prob:0.90449 Alpha:0.50071
[MOE_TRACE] Group:2 Prob:0.90449 Alpha:0.50071
[MOE_TRACE] Group:0 Prob:0.84517 Alpha:0.50051
[MOE_TRACE] Group:1 Prob:0.22009 Alpha:0.50188
[MOE_TRACE] Group:2 Prob:0.90449 Alpha:0.50071
[MOE_TRACE] Group:0 Prob:0.84532 Alpha:0.50051
[MOE_TRACE] Group:1 Prob:0.24662 Alpha:0.50188
[MOE_TRACE] Group:0 Prob:0.84532 Alpha:0.50051[MOE_TRACE] Group:0 Prob:0.84532 Alpha:0.50051

[MOE_TRACE] Group:1 Prob:0.24662 Alpha:0.50188
[MOE_TRACE] Group:1 Prob:0.24662 Alpha:0.50188
[MOE_TRACE] Group:2 Prob:0.90674 Alpha:0.50071
[MOE_TRACE] Group:2 Prob:0.90674 Alpha:0.50071
[MOE_TRACE] Group:2 Prob:0.90674 Alpha:0.50071
[MOE_TRACE] Group:0 Prob:0.84532 Alpha:0.50051
[MOE_TRACE] Group:1 Prob:0.24662 Alpha:0.50188
[MOE_TRACE] Group:2 Prob:0.90674 Alpha:0.50071
[MOE_TRACE] Group:0 Prob:0.84150 Alpha:0.50051
[MOE_TRACE] Group:0 Prob:0.84150 Alpha:0.50051
[MOE_TRACE] Group:0 Prob:0.84150 Alpha:0.50051
[MOE_TRACE] Group:1 Prob:0.23267 Alpha:0.50188
[MOE_TRACE] Group:1 Prob:0.23267 Alpha:0.50188
[MOE_TRACE] Group:1 Prob:0.23267 Alpha:0.50188
[MOE_TRACE] Group:2 Prob:0.90389 Alpha:0.50071
[MOE_TRACE] Group:2 Prob:0.90389 Alpha:0.50071
[MOE_TRACE] Group:2 Prob:0.90389 Alpha:0.50071
[MOE_TRACE] Group:0 Prob:0.84150 Alpha:0.50051
[MOE_TRACE] Group:1 Prob:0.23267 Alpha:0.50188
[MOE_TRACE] Group:2 Prob:0.90389 Alpha:0.50071
[MOE_TRACE] Group:0 Prob:0.84554 Alpha:0.50051
[MOE_TRACE] Group:0 Prob:0.84554 Alpha:0.50051
[MOE_TRACE] Group:0 Prob:0.84554 Alpha:0.50051
[MOE_TRACE] Group:1 Prob:0.21576 Alpha:0.50188
[MOE_TRACE] Group:1 Prob:0.21576 Alpha:0.50188
[MOE_TRACE] Group:2 Prob:0.90367 Alpha:0.50071
[MOE_TRACE] Group:1 Prob:0.21576 Alpha:0.50188
[MOE_TRACE] Group:2 Prob:0.90367 Alpha:0.50071
[MOE_TRACE] Group:0 Prob:0.84554 Alpha:0.50051
[MOE_TRACE] Group:2 Prob:0.90367 Alpha:0.50071
[MOE_TRACE] Group:1 Prob:0.21576 Alpha:0.50188
[MOE_TRACE] Group:2 Prob:0.90367 Alpha:0.50071
[MOE_TRACE] Group:0 Prob:0.84328 Alpha:0.50051[MOE_TRACE] Group:0 Prob:0.84328 Alpha:0.50051

[MOE_TRACE] Group:0 Prob:0.84328 Alpha:0.50051
[MOE_TRACE] Group:1 Prob:0.23134 Alpha:0.50188
[MOE_TRACE] Group:1 Prob:0.23134 Alpha:0.50188
[MOE_TRACE] Group:1 Prob:0.23134 Alpha:0.50188
[MOE_TRACE] Group:2 Prob:0.90552 Alpha:0.50071
[MOE_TRACE] Group:2 Prob:0.90552 Alpha:0.50071
[MOE_TRACE] Group:2 Prob:0.90552 Alpha:0.50071
[MOE_TRACE] Group:0 Prob:0.84328 Alpha:0.50051
[MOE_TRACE] Group:1 Prob:0.23134 Alpha:0.50188
[MOE_TRACE] Group:2 Prob:0.90552 Alpha:0.50071
[MOE_TRACE] Group:0 Prob:0.83945 Alpha:0.50051
[MOE_TRACE] Group:0 Prob:0.83945 Alpha:0.50051
[MOE_TRACE] Group:0 Prob:0.83945 Alpha:0.50051
[MOE_TRACE] Group:0 Prob:0.83945 Alpha:0.50051
[MOE_TRACE] Group:1 Prob:0.21978 Alpha:0.50188
[MOE_TRACE] Group:2 Prob:0.90434 Alpha:0.50071
[MOE_TRACE] Group:0 Prob:0.84444 Alpha:0.50051
[MOE_TRACE] Group:0 Prob:0.84444 Alpha:0.50051
[MOE_TRACE] Group:0 Prob:0.84444 Alpha:0.50051
[MOE_TRACE] Group:1 Prob:0.22283 Alpha:0.50188
[MOE_TRACE] Group:1 Prob:0.22283 Alpha:0.50188
[MOE_TRACE] Group:2 Prob:0.90238 Alpha:0.50071
[MOE_TRACE] Group:1 Prob:0.22283 Alpha:0.50188
[MOE_TRACE] Group:2 Prob:0.90238 Alpha:0.50071
[MOE_TRACE] Group:2 Prob:0.90238 Alpha:0.50071
[MOE_TRACE] Group:0 Prob:0.84444 Alpha:0.50051
[MOE_TRACE] Group:1 Prob:0.22283 Alpha:0.50188
[MOE_TRACE] Group:2 Prob:0.90238 Alpha:0.50071
[MOE_TRACE] Group:0 Prob:0.84386 Alpha:0.50051
[MOE_TRACE] Group:0 Prob:0.84386 Alpha:0.50051[MOE_TRACE] Group:1 Prob:0.22707 Alpha:0.50188

[MOE_TRACE] Group:0 Prob:0.84386 Alpha:0.50051
[MOE_TRACE] Group:1 Prob:0.22707 Alpha:0.50188
[MOE_TRACE] Group:1 Prob:0.22707 Alpha:0.50188
[MOE_TRACE] Group:0 Prob:0.84386 Alpha:0.50051
[MOE_TRACE] Group:1 Prob:0.22707 Alpha:0.50188
[MOE_TRACE] Group:2 Prob:0.90494 Alpha:0.50071
[MOE_TRACE] Group:0 Prob:0.83895 Alpha:0.50051
[MOE_TRACE] Group:0 Prob:0.83895 Alpha:0.50051
[MOE_TRACE] Group:0 Prob:0.83895 Alpha:0.50051
[MOE_TRACE] Group:1 Prob:0.22229 Alpha:0.50189
[MOE_TRACE] Group:1 Prob:0.22229 Alpha:0.50189
[MOE_TRACE] Group:1 Prob:0.22229 Alpha:0.50189
[MOE_TRACE] Group:2 Prob:0.90311 Alpha:0.50071
[MOE_TRACE] Group:2 Prob:0.90311 Alpha:0.50071
[MOE_TRACE] Group:2 Prob:0.90311 Alpha:0.50071
[MOE_TRACE] Group:0 Prob:0.83895 Alpha:0.50051
[MOE_TRACE] Group:1 Prob:0.22229 Alpha:0.50189
[MOE_TRACE] Group:2 Prob:0.90311 Alpha:0.50071
[MOE_TRACE] Group:0 Prob:0.84527 Alpha:0.50051
[MOE_TRACE] Group:0 Prob:0.84527 Alpha:0.50051
[MOE_TRACE] Group:0 Prob:0.84527 Alpha:0.50051
[MOE_TRACE] Group:1 Prob:0.22308 Alpha:0.50189
[MOE_TRACE] Group:1 Prob:0.22308 Alpha:0.50189
[MOE_TRACE] Group:1 Prob:0.22308 Alpha:0.50189
[MOE_TRACE] Group:2 Prob:0.90462 Alpha:0.50071
[MOE_TRACE] Group:2 Prob:0.90462 Alpha:0.50071
[MOE_TRACE] Group:2 Prob:0.90462 Alpha:0.50071
[MOE_TRACE] Group:0 Prob:0.84527 Alpha:0.50051
[MOE_TRACE] Group:1 Prob:0.22308 Alpha:0.50189
[MOE_TRACE] Group:2 Prob:0.90462 Alpha:0.50071
[MOE_TRACE] Group:0 Prob:0.84662 Alpha:0.50051
[MOE_TRACE] Group:0 Prob:0.84662 Alpha:0.50051
[MOE_TRACE] Group:0 Prob:0.84662 Alpha:0.50051
[MOE_TRACE] Group:1 Prob:0.22316 Alpha:0.50189
[MOE_TRACE] Group:1 Prob:0.22316 Alpha:0.50189
[MOE_TRACE] Group:1 Prob:0.22316 Alpha:0.50189
[MOE_TRACE] Group:2 Prob:0.90542 Alpha:0.50071
[MOE_TRACE] Group:2 Prob:0.90542 Alpha:0.50071
[MOE_TRACE] Group:2 Prob:0.90542 Alpha:0.50071
[MOE_TRACE] Group:0 Prob:0.84662 Alpha:0.50051
[MOE_TRACE] Group:1 Prob:0.22316 Alpha:0.50189
[MOE_TRACE] Group:2 Prob:0.90542 Alpha:0.50071
[MOE_TRACE] Group:0 Prob:0.84662 Alpha:0.50051
[MOE_TRACE] Group:1 Prob:0.22086 Alpha:0.50189
[MOE_TRACE] Group:0 Prob:0.84662 Alpha:0.50051
[MOE_TRACE] Group:0 Prob:0.84662 Alpha:0.50051
[MOE_TRACE] Group:2 Prob:0.90753 Alpha:0.50071
[MOE_TRACE] Group:1 Prob:0.22086 Alpha:0.50189
[MOE_TRACE] Group:1 Prob:0.22086 Alpha:0.50189
[MOE_TRACE] Group:2 Prob:0.90753 Alpha:0.50071
[MOE_TRACE] Group:0 Prob:0.84662 Alpha:0.50051
[MOE_TRACE] Group:2 Prob:0.90753 Alpha:0.50071
[MOE_TRACE] Group:1 Prob:0.22086 Alpha:0.50189
[MOE_TRACE] Group:2 Prob:0.90753 Alpha:0.50071
[MOE_TRACE] Group:0 Prob:0.84580 Alpha:0.50051[MOE_TRACE] Group:0 Prob:0.84580 Alpha:0.50051

[MOE_TRACE] Group:0 Prob:0.84580 Alpha:0.50051
[MOE_TRACE] Group:1 Prob:0.23125 Alpha:0.50189
[MOE_TRACE] Group:1 Prob:0.23125 Alpha:0.50189
[MOE_TRACE] Group:1 Prob:0.23125 Alpha:0.50189
[MOE_TRACE] Group:2 Prob:0.90722 Alpha:0.50071
[MOE_TRACE] Group:2 Prob:0.90722 Alpha:0.50071
[MOE_TRACE] Group:2 Prob:0.90722 Alpha:0.50071
[MOE_TRACE] Group:0 Prob:0.84580 Alpha:0.50051
[MOE_TRACE] Group:1 Prob:0.23125 Alpha:0.50189
[MOE_TRACE] Group:2 Prob:0.90722 Alpha:0.50071
[MOE_TRACE] Group:0 Prob:0.84851 Alpha:0.50051
[MOE_TRACE] Group:0 Prob:0.84851 Alpha:0.50051
[MOE_TRACE] Group:0 Prob:0.84851 Alpha:0.50051
[MOE_TRACE] Group:1 Prob:0.22561 Alpha:0.50189
[MOE_TRACE] Group:1 Prob:0.22561 Alpha:0.50189
[MOE_TRACE] Group:1 Prob:0.22561 Alpha:0.50189
[MOE_TRACE] Group:2 Prob:0.90750 Alpha:0.50071
[MOE_TRACE] Group:2 Prob:0.90750 Alpha:0.50071
[MOE_TRACE] Group:2 Prob:0.90750 Alpha:0.50071
[MOE_TRACE] Group:0 Prob:0.84851 Alpha:0.50051
[MOE_TRACE] Group:1 Prob:0.22561 Alpha:0.50189
[MOE_TRACE] Group:2 Prob:0.90750 Alpha:0.50071
[MOE_TRACE] Group:0 Prob:0.84813 Alpha:0.50051
[MOE_TRACE] Group:0 Prob:0.84813 Alpha:0.50051
[MOE_TRACE] Group:1 Prob:0.23961 Alpha:0.50189
[MOE_TRACE] Group:1 Prob:0.23961 Alpha:0.50189
[MOE_TRACE] Group:0 Prob:0.84813 Alpha:0.50051
[MOE_TRACE] Group:2 Prob:0.90481 Alpha:0.50071
[MOE_TRACE] Group:2 Prob:0.90481 Alpha:0.50071
[MOE_TRACE] Group:1 Prob:0.23961 Alpha:0.50189
[MOE_TRACE] Group:0 Prob:0.84813 Alpha:0.50051[MOE_TRACE] Group:2 Prob:0.90481 Alpha:0.50071

[MOE_TRACE] Group:1 Prob:0.23961 Alpha:0.50189
[MOE_TRACE] Group:2 Prob:0.90481 Alpha:0.50071
	iters: 100, epoch: 7 | loss: 0.3056194
	speed: 5.1684s/iter; left time: 2506.6964s
[MOE_TRACE] Group:0 Prob:0.84289 Alpha:0.50051[MOE_TRACE] Group:0 Prob:0.84289 Alpha:0.50051

[MOE_TRACE] Group:0 Prob:0.84289 Alpha:0.50051
[MOE_TRACE] Group:1 Prob:0.22394 Alpha:0.50189
[MOE_TRACE] Group:1 Prob:0.22394 Alpha:0.50189
[MOE_TRACE] Group:1 Prob:0.22394 Alpha:0.50189
[MOE_TRACE] Group:2 Prob:0.90391 Alpha:0.50071
[MOE_TRACE] Group:2 Prob:0.90391 Alpha:0.50071
[MOE_TRACE] Group:0 Prob:0.84289 Alpha:0.50051
[MOE_TRACE] Group:2 Prob:0.90391 Alpha:0.50071
[MOE_TRACE] Group:1 Prob:0.22394 Alpha:0.50189
[MOE_TRACE] Group:2 Prob:0.90391 Alpha:0.50071
[MOE_TRACE] Group:0 Prob:0.84246 Alpha:0.50051
[MOE_TRACE] Group:0 Prob:0.84246 Alpha:0.50051
[MOE_TRACE] Group:0 Prob:0.84246 Alpha:0.50051
[MOE_TRACE] Group:1 Prob:0.22547 Alpha:0.50189
[MOE_TRACE] Group:1 Prob:0.22547 Alpha:0.50189
[MOE_TRACE] Group:1 Prob:0.22547 Alpha:0.50189
[MOE_TRACE] Group:2 Prob:0.90481 Alpha:0.50071
[MOE_TRACE] Group:2 Prob:0.90481 Alpha:0.50071[MOE_TRACE] Group:2 Prob:0.90481 Alpha:0.50071

[MOE_TRACE] Group:0 Prob:0.84246 Alpha:0.50051
[MOE_TRACE] Group:1 Prob:0.22547 Alpha:0.50189
[MOE_TRACE] Group:2 Prob:0.90481 Alpha:0.50071
[MOE_TRACE] Group:0 Prob:0.84359 Alpha:0.50051
[MOE_TRACE] Group:0 Prob:0.84359 Alpha:0.50051
[MOE_TRACE] Group:0 Prob:0.84359 Alpha:0.50051
[MOE_TRACE] Group:1 Prob:0.21366 Alpha:0.50189
[MOE_TRACE] Group:0 Prob:0.84359 Alpha:0.50051[MOE_TRACE] Group:1 Prob:0.21366 Alpha:0.50189

[MOE_TRACE] Group:1 Prob:0.21366 Alpha:0.50189
[MOE_TRACE] Group:1 Prob:0.21366 Alpha:0.50189
[MOE_TRACE] Group:2 Prob:0.90268 Alpha:0.50071[MOE_TRACE] Group:2 Prob:0.90268 Alpha:0.50071

[MOE_TRACE] Group:2 Prob:0.90268 Alpha:0.50071
[MOE_TRACE] Group:2 Prob:0.90268 Alpha:0.50071
[MOE_TRACE] Group:0 Prob:0.84692 Alpha:0.50051[MOE_TRACE] Group:0 Prob:0.84692 Alpha:0.50051

[MOE_TRACE] Group:0 Prob:0.84692 Alpha:0.50051
[MOE_TRACE] Group:1 Prob:0.22249 Alpha:0.50189
[MOE_TRACE] Group:1 Prob:0.22249 Alpha:0.50189
[MOE_TRACE] Group:1 Prob:0.22249 Alpha:0.50189
[MOE_TRACE] Group:2 Prob:0.90644 Alpha:0.50071
[MOE_TRACE] Group:2 Prob:0.90644 Alpha:0.50071
[MOE_TRACE] Group:2 Prob:0.90644 Alpha:0.50071
[MOE_TRACE] Group:0 Prob:0.84692 Alpha:0.50051
[MOE_TRACE] Group:1 Prob:0.22249 Alpha:0.50189
[MOE_TRACE] Group:2 Prob:0.90644 Alpha:0.50071
[MOE_TRACE] Group:0 Prob:0.83660 Alpha:0.50051
[MOE_TRACE] Group:0 Prob:0.83660 Alpha:0.50051
[MOE_TRACE] Group:1 Prob:0.22215 Alpha:0.50189
[MOE_TRACE] Group:1 Prob:0.22215 Alpha:0.50189
[MOE_TRACE] Group:0 Prob:0.83660 Alpha:0.50051
[MOE_TRACE] Group:2 Prob:0.90493 Alpha:0.50071
[MOE_TRACE] Group:2 Prob:0.90493 Alpha:0.50071
[MOE_TRACE] Group:1 Prob:0.22215 Alpha:0.50189
[MOE_TRACE] Group:2 Prob:0.90493 Alpha:0.50071
[MOE_TRACE] Group:0 Prob:0.83660 Alpha:0.50051
[MOE_TRACE] Group:1 Prob:0.22215 Alpha:0.50189
[MOE_TRACE] Group:2 Prob:0.90493 Alpha:0.50071
[MOE_TRACE] Group:0 Prob:0.84400 Alpha:0.50051
[MOE_TRACE] Group:0 Prob:0.84400 Alpha:0.50051
[MOE_TRACE] Group:0 Prob:0.84400 Alpha:0.50051
[MOE_TRACE] Group:1 Prob:0.21394 Alpha:0.50189
[MOE_TRACE] Group:1 Prob:0.21394 Alpha:0.50189
[MOE_TRACE] Group:2 Prob:0.90529 Alpha:0.50071
[MOE_TRACE] Group:1 Prob:0.21394 Alpha:0.50189
[MOE_TRACE] Group:2 Prob:0.90529 Alpha:0.50071
[MOE_TRACE] Group:2 Prob:0.90529 Alpha:0.50071
[MOE_TRACE] Group:0 Prob:0.84400 Alpha:0.50051
[MOE_TRACE] Group:1 Prob:0.21394 Alpha:0.50189
[MOE_TRACE] Group:2 Prob:0.90529 Alpha:0.50071
[MOE_TRACE] Group:0 Prob:0.83680 Alpha:0.50051
[MOE_TRACE] Group:0 Prob:0.83680 Alpha:0.50051
[MOE_TRACE] Group:0 Prob:0.83680 Alpha:0.50051
[MOE_TRACE] Group:1 Prob:0.21552 Alpha:0.50189
[MOE_TRACE] Group:1 Prob:0.21552 Alpha:0.50189
[MOE_TRACE] Group:1 Prob:0.21552 Alpha:0.50189
[MOE_TRACE] Group:2 Prob:0.90348 Alpha:0.50071
[MOE_TRACE] Group:0 Prob:0.83680 Alpha:0.50051
[MOE_TRACE] Group:2 Prob:0.90348 Alpha:0.50071
[MOE_TRACE] Group:2 Prob:0.90348 Alpha:0.50071[MOE_TRACE] Group:1 Prob:0.21552 Alpha:0.50189

[MOE_TRACE] Group:2 Prob:0.90348 Alpha:0.50071
[MOE_TRACE] Group:0 Prob:0.84107 Alpha:0.50051[MOE_TRACE] Group:0 Prob:0.84107 Alpha:0.50051

[MOE_TRACE] Group:0 Prob:0.84107 Alpha:0.50051
[MOE_TRACE] Group:1 Prob:0.22742 Alpha:0.50189[MOE_TRACE] Group:1 Prob:0.22742 Alpha:0.50189

[MOE_TRACE] Group:1 Prob:0.22742 Alpha:0.50189
[MOE_TRACE] Group:2 Prob:0.90364 Alpha:0.50071
[MOE_TRACE] Group:2 Prob:0.90364 Alpha:0.50071
[MOE_TRACE] Group:2 Prob:0.90364 Alpha:0.50071
[MOE_TRACE] Group:0 Prob:0.84107 Alpha:0.50051
[MOE_TRACE] Group:1 Prob:0.22742 Alpha:0.50189
[MOE_TRACE] Group:2 Prob:0.90364 Alpha:0.50071
[MOE_TRACE] Group:0 Prob:0.83921 Alpha:0.50051
[MOE_TRACE] Group:1 Prob:0.22326 Alpha:0.50189
[MOE_TRACE] Group:0 Prob:0.83921 Alpha:0.50051
[MOE_TRACE] Group:2 Prob:0.90202 Alpha:0.50071
[MOE_TRACE] Group:0 Prob:0.83921 Alpha:0.50051[MOE_TRACE] Group:1 Prob:0.22326 Alpha:0.50189

[MOE_TRACE] Group:1 Prob:0.22326 Alpha:0.50189[MOE_TRACE] Group:2 Prob:0.90202 Alpha:0.50071

[MOE_TRACE] Group:2 Prob:0.90202 Alpha:0.50071
[MOE_TRACE] Group:0 Prob:0.83921 Alpha:0.50051
[MOE_TRACE] Group:1 Prob:0.22326 Alpha:0.50189
[MOE_TRACE] Group:2 Prob:0.90202 Alpha:0.50071
[MOE_TRACE] Group:0 Prob:0.84302 Alpha:0.50051
[MOE_TRACE] Group:0 Prob:0.84302 Alpha:0.50051
[MOE_TRACE] Group:0 Prob:0.84302 Alpha:0.50051
[MOE_TRACE] Group:1 Prob:0.22414 Alpha:0.50189
[MOE_TRACE] Group:1 Prob:0.22414 Alpha:0.50189
[MOE_TRACE] Group:1 Prob:0.22414 Alpha:0.50189
[MOE_TRACE] Group:2 Prob:0.90571 Alpha:0.50071
[MOE_TRACE] Group:0 Prob:0.84302 Alpha:0.50051[MOE_TRACE] Group:2 Prob:0.90571 Alpha:0.50071

[MOE_TRACE] Group:2 Prob:0.90571 Alpha:0.50071
[MOE_TRACE] Group:1 Prob:0.22414 Alpha:0.50189
[MOE_TRACE] Group:2 Prob:0.90571 Alpha:0.50071
[MOE_TRACE] Group:0 Prob:0.84506 Alpha:0.50051
[MOE_TRACE] Group:0 Prob:0.84506 Alpha:0.50051
[MOE_TRACE] Group:1 Prob:0.21620 Alpha:0.50189
[MOE_TRACE] Group:1 Prob:0.21620 Alpha:0.50189
[MOE_TRACE] Group:0 Prob:0.84506 Alpha:0.50051
[MOE_TRACE] Group:1 Prob:0.21620 Alpha:0.50189
[MOE_TRACE] Group:0 Prob:0.84506 Alpha:0.50051
[MOE_TRACE] Group:1 Prob:0.21620 Alpha:0.50189
[MOE_TRACE] Group:2 Prob:0.90360 Alpha:0.50071
[MOE_TRACE] Group:0 Prob:0.84795 Alpha:0.50051
[MOE_TRACE] Group:1 Prob:0.23556 Alpha:0.50189
[MOE_TRACE] Group:0 Prob:0.84795 Alpha:0.50051
[MOE_TRACE] Group:0 Prob:0.84795 Alpha:0.50051
[MOE_TRACE] Group:2 Prob:0.90316 Alpha:0.50071
[MOE_TRACE] Group:1 Prob:0.23556 Alpha:0.50189
[MOE_TRACE] Group:1 Prob:0.23556 Alpha:0.50189
[MOE_TRACE] Group:2 Prob:0.90316 Alpha:0.50071
[MOE_TRACE] Group:2 Prob:0.90316 Alpha:0.50071
[MOE_TRACE] Group:0 Prob:0.84795 Alpha:0.50051
[MOE_TRACE] Group:1 Prob:0.23556 Alpha:0.50189
[MOE_TRACE] Group:2 Prob:0.90316 Alpha:0.50071
[MOE_TRACE] Group:0 Prob:0.84672 Alpha:0.50051
[MOE_TRACE] Group:0 Prob:0.84672 Alpha:0.50051[MOE_TRACE] Group:0 Prob:0.84672 Alpha:0.50051

[MOE_TRACE] Group:1 Prob:0.21623 Alpha:0.50189[MOE_TRACE] Group:1 Prob:0.21623 Alpha:0.50189[MOE_TRACE] Group:1 Prob:0.21623 Alpha:0.50189


[MOE_TRACE] Group:0 Prob:0.84672 Alpha:0.50051
[MOE_TRACE] Group:1 Prob:0.21623 Alpha:0.50189
[MOE_TRACE] Group:2 Prob:0.90368 Alpha:0.50071
[MOE_TRACE] Group:0 Prob:0.84566 Alpha:0.50051
[MOE_TRACE] Group:1 Prob:0.23048 Alpha:0.50189
[MOE_TRACE] Group:0 Prob:0.84566 Alpha:0.50051
[MOE_TRACE] Group:1 Prob:0.23048 Alpha:0.50189
[MOE_TRACE] Group:0 Prob:0.84566 Alpha:0.50051
[MOE_TRACE] Group:1 Prob:0.23048 Alpha:0.50189
[MOE_TRACE] Group:2 Prob:0.90439 Alpha:0.50071
[MOE_TRACE] Group:0 Prob:0.84566 Alpha:0.50051
[MOE_TRACE] Group:1 Prob:0.23048 Alpha:0.50189
[MOE_TRACE] Group:2 Prob:0.90439 Alpha:0.50071
[MOE_TRACE] Group:0 Prob:0.84092 Alpha:0.50051
[MOE_TRACE] Group:1 Prob:0.22383 Alpha:0.50189
[MOE_TRACE] Group:0 Prob:0.84092 Alpha:0.50051
[MOE_TRACE] Group:0 Prob:0.84092 Alpha:0.50051
[MOE_TRACE] Group:1 Prob:0.22383 Alpha:0.50189
[MOE_TRACE] Group:1 Prob:0.22383 Alpha:0.50189
[MOE_TRACE] Group:0 Prob:0.84092 Alpha:0.50051
[MOE_TRACE] Group:1 Prob:0.22383 Alpha:0.50189
[MOE_TRACE] Group:2 Prob:0.90499 Alpha:0.50071
[MOE_TRACE] Group:0 Prob:0.84224 Alpha:0.50051
[MOE_TRACE] Group:1 Prob:0.22035 Alpha:0.50189
[MOE_TRACE] Group:0 Prob:0.84224 Alpha:0.50051
[MOE_TRACE] Group:2 Prob:0.90190 Alpha:0.50071
[MOE_TRACE] Group:1 Prob:0.22035 Alpha:0.50189
[MOE_TRACE] Group:0 Prob:0.84224 Alpha:0.50051
[MOE_TRACE] Group:2 Prob:0.90190 Alpha:0.50071
[MOE_TRACE] Group:1 Prob:0.22035 Alpha:0.50189
[MOE_TRACE] Group:2 Prob:0.90190 Alpha:0.50071
[MOE_TRACE] Group:0 Prob:0.84224 Alpha:0.50051
[MOE_TRACE] Group:1 Prob:0.22035 Alpha:0.50189
[MOE_TRACE] Group:2 Prob:0.90190 Alpha:0.50071
[MOE_TRACE] Group:0 Prob:0.84761 Alpha:0.50051
[MOE_TRACE] Group:0 Prob:0.84761 Alpha:0.50051
[MOE_TRACE] Group:0 Prob:0.84761 Alpha:0.50051
[MOE_TRACE] Group:1 Prob:0.22522 Alpha:0.50189
[MOE_TRACE] Group:2 Prob:0.90416 Alpha:0.50071
[MOE_TRACE] Group:0 Prob:0.84170 Alpha:0.50051
[MOE_TRACE] Group:0 Prob:0.84170 Alpha:0.50051[MOE_TRACE] Group:0 Prob:0.84170 Alpha:0.50051

[MOE_TRACE] Group:1 Prob:0.21931 Alpha:0.50190
[MOE_TRACE] Group:1 Prob:0.21931 Alpha:0.50190
[MOE_TRACE] Group:2 Prob:0.90370 Alpha:0.50072
[MOE_TRACE] Group:2 Prob:0.90370 Alpha:0.50072
[MOE_TRACE] Group:1 Prob:0.21931 Alpha:0.50190
[MOE_TRACE] Group:2 Prob:0.90370 Alpha:0.50072
[MOE_TRACE] Group:0 Prob:0.84170 Alpha:0.50051
[MOE_TRACE] Group:1 Prob:0.21931 Alpha:0.50190
[MOE_TRACE] Group:2 Prob:0.90370 Alpha:0.50072
[MOE_TRACE] Group:0 Prob:0.84252 Alpha:0.50051
[MOE_TRACE] Group:0 Prob:0.84252 Alpha:0.50051
[MOE_TRACE] Group:1 Prob:0.22686 Alpha:0.50190
[MOE_TRACE] Group:1 Prob:0.22686 Alpha:0.50190
[MOE_TRACE] Group:0 Prob:0.84252 Alpha:0.50051
[MOE_TRACE] Group:2 Prob:0.90362 Alpha:0.50072
[MOE_TRACE] Group:2 Prob:0.90362 Alpha:0.50072
[MOE_TRACE] Group:1 Prob:0.22686 Alpha:0.50190
[MOE_TRACE] Group:2 Prob:0.90362 Alpha:0.50072
[MOE_TRACE] Group:0 Prob:0.84252 Alpha:0.50051
[MOE_TRACE] Group:1 Prob:0.22686 Alpha:0.50190
[MOE_TRACE] Group:2 Prob:0.90362 Alpha:0.50072
[MOE_TRACE] Group:0 Prob:0.84597 Alpha:0.50051
[MOE_TRACE] Group:0 Prob:0.84597 Alpha:0.50051
[MOE_TRACE] Group:0 Prob:0.84597 Alpha:0.50051
[MOE_TRACE] Group:1 Prob:0.22298 Alpha:0.50190
[MOE_TRACE] Group:1 Prob:0.22298 Alpha:0.50190
[MOE_TRACE] Group:2 Prob:0.90253 Alpha:0.50072[MOE_TRACE] Group:1 Prob:0.22298 Alpha:0.50190[MOE_TRACE] Group:2 Prob:0.90253 Alpha:0.50072


[MOE_TRACE] Group:0 Prob:0.84597 Alpha:0.50051
[MOE_TRACE] Group:2 Prob:0.90253 Alpha:0.50072
[MOE_TRACE] Group:1 Prob:0.22298 Alpha:0.50190
[MOE_TRACE] Group:2 Prob:0.90253 Alpha:0.50072
[MOE_TRACE] Group:0 Prob:0.84306 Alpha:0.50051
[MOE_TRACE] Group:1 Prob:0.22684 Alpha:0.50190
[MOE_TRACE] Group:0 Prob:0.84306 Alpha:0.50051
[MOE_TRACE] Group:0 Prob:0.84306 Alpha:0.50051
[MOE_TRACE] Group:1 Prob:0.22684 Alpha:0.50190
[MOE_TRACE] Group:1 Prob:0.22684 Alpha:0.50190
[MOE_TRACE] Group:2 Prob:0.90613 Alpha:0.50072
[MOE_TRACE] Group:2 Prob:0.90613 Alpha:0.50072
[MOE_TRACE] Group:0 Prob:0.84306 Alpha:0.50051
[MOE_TRACE] Group:1 Prob:0.22684 Alpha:0.50190
[MOE_TRACE] Group:2 Prob:0.90613 Alpha:0.50072
[MOE_TRACE] Group:0 Prob:0.84275 Alpha:0.50051
[MOE_TRACE] Group:0 Prob:0.84275 Alpha:0.50051
[MOE_TRACE] Group:0 Prob:0.84275 Alpha:0.50051
[MOE_TRACE] Group:1 Prob:0.22120 Alpha:0.50190
[MOE_TRACE] Group:1 Prob:0.22120 Alpha:0.50190
[MOE_TRACE] Group:1 Prob:0.22120 Alpha:0.50190
[MOE_TRACE] Group:2 Prob:0.90524 Alpha:0.50072
[MOE_TRACE] Group:2 Prob:0.90524 Alpha:0.50072[MOE_TRACE] Group:2 Prob:0.90524 Alpha:0.50072

[MOE_TRACE] Group:0 Prob:0.84275 Alpha:0.50051
[MOE_TRACE] Group:1 Prob:0.22120 Alpha:0.50190
[MOE_TRACE] Group:2 Prob:0.90524 Alpha:0.50072
[MOE_TRACE] Group:0 Prob:0.84206 Alpha:0.50051[MOE_TRACE] Group:0 Prob:0.84206 Alpha:0.50051
[MOE_TRACE] Group:0 Prob:0.84206 Alpha:0.50051

[MOE_TRACE] Group:1 Prob:0.22777 Alpha:0.50190[MOE_TRACE] Group:1 Prob:0.22777 Alpha:0.50190

[MOE_TRACE] Group:1 Prob:0.22777 Alpha:0.50190
[MOE_TRACE] Group:2 Prob:0.90285 Alpha:0.50072
[MOE_TRACE] Group:2 Prob:0.90285 Alpha:0.50072
[MOE_TRACE] Group:2 Prob:0.90285 Alpha:0.50072
[MOE_TRACE] Group:0 Prob:0.84206 Alpha:0.50051
[MOE_TRACE] Group:1 Prob:0.22777 Alpha:0.50190
[MOE_TRACE] Group:2 Prob:0.90285 Alpha:0.50072
[MOE_TRACE] Group:0 Prob:0.84106 Alpha:0.50051
[MOE_TRACE] Group:0 Prob:0.84106 Alpha:0.50051
[MOE_TRACE] Group:0 Prob:0.84106 Alpha:0.50051
[MOE_TRACE] Group:1 Prob:0.22313 Alpha:0.50190
[MOE_TRACE] Group:1 Prob:0.22313 Alpha:0.50190
[MOE_TRACE] Group:1 Prob:0.22313 Alpha:0.50190
[MOE_TRACE] Group:2 Prob:0.90118 Alpha:0.50072
[MOE_TRACE] Group:2 Prob:0.90118 Alpha:0.50072
[MOE_TRACE] Group:2 Prob:0.90118 Alpha:0.50072
[MOE_TRACE] Group:0 Prob:0.84106 Alpha:0.50051
[MOE_TRACE] Group:1 Prob:0.22313 Alpha:0.50190
[MOE_TRACE] Group:2 Prob:0.90118 Alpha:0.50072
[MOE_TRACE] Group:0 Prob:0.84461 Alpha:0.50051[MOE_TRACE] Group:0 Prob:0.84461 Alpha:0.50051

[MOE_TRACE] Group:1 Prob:0.23245 Alpha:0.50190
[MOE_TRACE] Group:1 Prob:0.23245 Alpha:0.50190
[MOE_TRACE] Group:0 Prob:0.84461 Alpha:0.50051
[MOE_TRACE] Group:2 Prob:0.89944 Alpha:0.50072[MOE_TRACE] Group:2 Prob:0.89944 Alpha:0.50072

[MOE_TRACE] Group:1 Prob:0.23245 Alpha:0.50190
[MOE_TRACE] Group:2 Prob:0.89944 Alpha:0.50072
[MOE_TRACE] Group:0 Prob:0.84461 Alpha:0.50051
[MOE_TRACE] Group:1 Prob:0.23245 Alpha:0.50190
[MOE_TRACE] Group:2 Prob:0.89944 Alpha:0.50072
[MOE_TRACE] Group:0 Prob:0.84452 Alpha:0.50051
[MOE_TRACE] Group:0 Prob:0.84452 Alpha:0.50051
[MOE_TRACE] Group:0 Prob:0.84452 Alpha:0.50051
[MOE_TRACE] Group:1 Prob:0.22401 Alpha:0.50190
[MOE_TRACE] Group:0 Prob:0.84452 Alpha:0.50051
[MOE_TRACE] Group:1 Prob:0.22401 Alpha:0.50190
[MOE_TRACE] Group:2 Prob:0.90361 Alpha:0.50072
[MOE_TRACE] Group:1 Prob:0.22401 Alpha:0.50190
[MOE_TRACE] Group:1 Prob:0.22401 Alpha:0.50190[MOE_TRACE] Group:2 Prob:0.90361 Alpha:0.50072

[MOE_TRACE] Group:2 Prob:0.90361 Alpha:0.50072[MOE_TRACE] Group:2 Prob:0.90361 Alpha:0.50072

[MOE_TRACE] Group:0 Prob:0.83617 Alpha:0.50051[MOE_TRACE] Group:0 Prob:0.83617 Alpha:0.50051
[MOE_TRACE] Group:0 Prob:0.83617 Alpha:0.50051

[MOE_TRACE] Group:1 Prob:0.23224 Alpha:0.50190
[MOE_TRACE] Group:1 Prob:0.23224 Alpha:0.50190
[MOE_TRACE] Group:1 Prob:0.23224 Alpha:0.50190
[MOE_TRACE] Group:2 Prob:0.90321 Alpha:0.50072
[MOE_TRACE] Group:2 Prob:0.90321 Alpha:0.50072
[MOE_TRACE] Group:2 Prob:0.90321 Alpha:0.50072
[MOE_TRACE] Group:0 Prob:0.83617 Alpha:0.50051
[MOE_TRACE] Group:1 Prob:0.23224 Alpha:0.50190
[MOE_TRACE] Group:2 Prob:0.90321 Alpha:0.50072
[MOE_TRACE] Group:0 Prob:0.84101 Alpha:0.50051
[MOE_TRACE] Group:0 Prob:0.84101 Alpha:0.50051
[MOE_TRACE] Group:1 Prob:0.22044 Alpha:0.50190
[MOE_TRACE] Group:1 Prob:0.22044 Alpha:0.50190
[MOE_TRACE] Group:0 Prob:0.84101 Alpha:0.50051
[MOE_TRACE] Group:2 Prob:0.90166 Alpha:0.50072
[MOE_TRACE] Group:2 Prob:0.90166 Alpha:0.50072
[MOE_TRACE] Group:0 Prob:0.84101 Alpha:0.50051
[MOE_TRACE] Group:1 Prob:0.22044 Alpha:0.50190
[MOE_TRACE] Group:1 Prob:0.22044 Alpha:0.50190
[MOE_TRACE] Group:2 Prob:0.90166 Alpha:0.50072
[MOE_TRACE] Group:2 Prob:0.90166 Alpha:0.50072
[MOE_TRACE] Group:0 Prob:0.84487 Alpha:0.50051
[MOE_TRACE] Group:0 Prob:0.84487 Alpha:0.50051
[MOE_TRACE] Group:0 Prob:0.84487 Alpha:0.50051
[MOE_TRACE] Group:1 Prob:0.20995 Alpha:0.50190
[MOE_TRACE] Group:1 Prob:0.20995 Alpha:0.50190
[MOE_TRACE] Group:1 Prob:0.20995 Alpha:0.50190[MOE_TRACE] Group:2 Prob:0.90225 Alpha:0.50072

[MOE_TRACE] Group:2 Prob:0.90225 Alpha:0.50072
[MOE_TRACE] Group:2 Prob:0.90225 Alpha:0.50072
[MOE_TRACE] Group:0 Prob:0.84487 Alpha:0.50051
[MOE_TRACE] Group:1 Prob:0.20995 Alpha:0.50190
[MOE_TRACE] Group:2 Prob:0.90225 Alpha:0.50072
[MOE_TRACE] Group:0 Prob:0.84243 Alpha:0.50051
[MOE_TRACE] Group:0 Prob:0.84243 Alpha:0.50051
[MOE_TRACE] Group:0 Prob:0.84243 Alpha:0.50051
[MOE_TRACE] Group:1 Prob:0.22502 Alpha:0.50190
[MOE_TRACE] Group:1 Prob:0.22502 Alpha:0.50190
[MOE_TRACE] Group:0 Prob:0.84243 Alpha:0.50051
[MOE_TRACE] Group:2 Prob:0.90517 Alpha:0.50072
[MOE_TRACE] Group:1 Prob:0.22502 Alpha:0.50190
[MOE_TRACE] Group:1 Prob:0.22502 Alpha:0.50190
[MOE_TRACE] Group:2 Prob:0.90517 Alpha:0.50072
[MOE_TRACE] Group:2 Prob:0.90517 Alpha:0.50072[MOE_TRACE] Group:2 Prob:0.90517 Alpha:0.50072

[MOE_TRACE] Group:0 Prob:0.83985 Alpha:0.50051
[MOE_TRACE] Group:0 Prob:0.83985 Alpha:0.50051
[MOE_TRACE] Group:1 Prob:0.22077 Alpha:0.50190
[MOE_TRACE] Group:0 Prob:0.83985 Alpha:0.50051
[MOE_TRACE] Group:2 Prob:0.90179 Alpha:0.50072
[MOE_TRACE] Group:1 Prob:0.22077 Alpha:0.50190
[MOE_TRACE] Group:1 Prob:0.22077 Alpha:0.50190
[MOE_TRACE] Group:2 Prob:0.90179 Alpha:0.50072
[MOE_TRACE] Group:2 Prob:0.90179 Alpha:0.50072
[MOE_TRACE] Group:0 Prob:0.83985 Alpha:0.50051
[MOE_TRACE] Group:1 Prob:0.22077 Alpha:0.50190
[MOE_TRACE] Group:2 Prob:0.90179 Alpha:0.50072
[MOE_TRACE] Group:0 Prob:0.83943 Alpha:0.50051
[MOE_TRACE] Group:0 Prob:0.83943 Alpha:0.50051
[MOE_TRACE] Group:1 Prob:0.22267 Alpha:0.50190
[MOE_TRACE] Group:0 Prob:0.83943 Alpha:0.50051
[MOE_TRACE] Group:1 Prob:0.22267 Alpha:0.50190
[MOE_TRACE] Group:0 Prob:0.83943 Alpha:0.50051
[MOE_TRACE] Group:1 Prob:0.22267 Alpha:0.50190
[MOE_TRACE] Group:2 Prob:0.90392 Alpha:0.50072
[MOE_TRACE] Group:0 Prob:0.83835 Alpha:0.50051
[MOE_TRACE] Group:1 Prob:0.22433 Alpha:0.50190
[MOE_TRACE] Group:0 Prob:0.83835 Alpha:0.50051
[MOE_TRACE] Group:1 Prob:0.22433 Alpha:0.50190[MOE_TRACE] Group:2 Prob:0.90054 Alpha:0.50072[MOE_TRACE] Group:0 Prob:0.83835 Alpha:0.50051


[MOE_TRACE] Group:2 Prob:0.90054 Alpha:0.50072[MOE_TRACE] Group:1 Prob:0.22433 Alpha:0.50190

[MOE_TRACE] Group:2 Prob:0.90054 Alpha:0.50072
[MOE_TRACE] Group:0 Prob:0.83835 Alpha:0.50051
[MOE_TRACE] Group:1 Prob:0.22433 Alpha:0.50190
[MOE_TRACE] Group:2 Prob:0.90054 Alpha:0.50072
[MOE_TRACE] Group:0 Prob:0.83762 Alpha:0.50051
[MOE_TRACE] Group:0 Prob:0.83762 Alpha:0.50051
[MOE_TRACE] Group:0 Prob:0.83762 Alpha:0.50051
[MOE_TRACE] Group:1 Prob:0.23075 Alpha:0.50190
[MOE_TRACE] Group:1 Prob:0.23075 Alpha:0.50190
[MOE_TRACE] Group:1 Prob:0.23075 Alpha:0.50190
[MOE_TRACE] Group:2 Prob:0.90452 Alpha:0.50072
[MOE_TRACE] Group:2 Prob:0.90452 Alpha:0.50072
[MOE_TRACE] Group:0 Prob:0.83762 Alpha:0.50051
[MOE_TRACE] Group:1 Prob:0.23075 Alpha:0.50190
[MOE_TRACE] Group:2 Prob:0.90452 Alpha:0.50072
[MOE_TRACE] Group:2 Prob:0.90452 Alpha:0.50072
[MOE_TRACE] Group:0 Prob:0.84051 Alpha:0.50051
[MOE_TRACE] Group:1 Prob:0.22874 Alpha:0.50191
[MOE_TRACE] Group:0 Prob:0.84051 Alpha:0.50051
[MOE_TRACE] Group:1 Prob:0.22874 Alpha:0.50191
[MOE_TRACE] Group:0 Prob:0.84051 Alpha:0.50051
[MOE_TRACE] Group:1 Prob:0.22874 Alpha:0.50191
[MOE_TRACE] Group:2 Prob:0.90352 Alpha:0.50072
[MOE_TRACE] Group:0 Prob:0.84051 Alpha:0.50051
[MOE_TRACE] Group:1 Prob:0.22874 Alpha:0.50191
[MOE_TRACE] Group:2 Prob:0.90352 Alpha:0.50072
[MOE_TRACE] Group:0 Prob:0.84212 Alpha:0.50051
[MOE_TRACE] Group:1 Prob:0.23604 Alpha:0.50191
[MOE_TRACE] Group:2 Prob:0.90257 Alpha:0.50072
[MOE_TRACE] Group:0 Prob:0.84212 Alpha:0.50051
[MOE_TRACE] Group:0 Prob:0.84212 Alpha:0.50051
[MOE_TRACE] Group:1 Prob:0.23604 Alpha:0.50191
[MOE_TRACE] Group:1 Prob:0.23604 Alpha:0.50191
[MOE_TRACE] Group:2 Prob:0.90257 Alpha:0.50072
[MOE_TRACE] Group:0 Prob:0.84212 Alpha:0.50051
[MOE_TRACE] Group:1 Prob:0.23604 Alpha:0.50191
[MOE_TRACE] Group:2 Prob:0.90257 Alpha:0.50072
[MOE_TRACE] Group:2 Prob:0.90257 Alpha:0.50072
[MOE_TRACE] Group:0 Prob:0.84527 Alpha:0.50051
[MOE_TRACE] Group:0 Prob:0.84527 Alpha:0.50051
[MOE_TRACE] Group:0 Prob:0.84527 Alpha:0.50051
[MOE_TRACE] Group:1 Prob:0.23067 Alpha:0.50191
[MOE_TRACE] Group:1 Prob:0.23067 Alpha:0.50191
[MOE_TRACE] Group:1 Prob:0.23067 Alpha:0.50191
[MOE_TRACE] Group:2 Prob:0.90225 Alpha:0.50072
[MOE_TRACE] Group:0 Prob:0.84527 Alpha:0.50051
[MOE_TRACE] Group:1 Prob:0.23067 Alpha:0.50191
[MOE_TRACE] Group:2 Prob:0.90225 Alpha:0.50072
[MOE_TRACE] Group:2 Prob:0.90225 Alpha:0.50072[MOE_TRACE] Group:2 Prob:0.90225 Alpha:0.50072

[MOE_TRACE] Group:0 Prob:0.84094 Alpha:0.50051
[MOE_TRACE] Group:1 Prob:0.22800 Alpha:0.50191
[MOE_TRACE] Group:0 Prob:0.84094 Alpha:0.50051
[MOE_TRACE] Group:1 Prob:0.22800 Alpha:0.50191
[MOE_TRACE] Group:0 Prob:0.84094 Alpha:0.50051
[MOE_TRACE] Group:1 Prob:0.22800 Alpha:0.50191
[MOE_TRACE] Group:0 Prob:0.84094 Alpha:0.50051
[MOE_TRACE] Group:1 Prob:0.22800 Alpha:0.50191
[MOE_TRACE] Group:2 Prob:0.90232 Alpha:0.50072
[MOE_TRACE] Group:0 Prob:0.84329 Alpha:0.50051
[MOE_TRACE] Group:0 Prob:0.84329 Alpha:0.50051
[MOE_TRACE] Group:1 Prob:0.22638 Alpha:0.50191
[MOE_TRACE] Group:1 Prob:0.22638 Alpha:0.50191
[MOE_TRACE] Group:0 Prob:0.84329 Alpha:0.50051
[MOE_TRACE] Group:1 Prob:0.22638 Alpha:0.50191
[MOE_TRACE] Group:0 Prob:0.84329 Alpha:0.50051
[MOE_TRACE] Group:1 Prob:0.22638 Alpha:0.50191
[MOE_TRACE] Group:2 Prob:0.90363 Alpha:0.50072
[MOE_TRACE] Group:0 Prob:0.83972 Alpha:0.50051
[MOE_TRACE] Group:0 Prob:0.83972 Alpha:0.50051
[MOE_TRACE] Group:0 Prob:0.83972 Alpha:0.50051
[MOE_TRACE] Group:1 Prob:0.21342 Alpha:0.50191
[MOE_TRACE] Group:1 Prob:0.21342 Alpha:0.50191
[MOE_TRACE] Group:1 Prob:0.21342 Alpha:0.50191
[MOE_TRACE] Group:2 Prob:0.90442 Alpha:0.50072
[MOE_TRACE] Group:0 Prob:0.83972 Alpha:0.50051
[MOE_TRACE] Group:1 Prob:0.21342 Alpha:0.50191
[MOE_TRACE] Group:2 Prob:0.90442 Alpha:0.50072[MOE_TRACE] Group:2 Prob:0.90442 Alpha:0.50072
[MOE_TRACE] Group:2 Prob:0.90442 Alpha:0.50072

[MOE_TRACE] Group:0 Prob:0.83936 Alpha:0.50051
[MOE_TRACE] Group:0 Prob:0.83936 Alpha:0.50051
[MOE_TRACE] Group:0 Prob:0.83936 Alpha:0.50051
[MOE_TRACE] Group:1 Prob:0.21483 Alpha:0.50191
[MOE_TRACE] Group:1 Prob:0.21483 Alpha:0.50191
[MOE_TRACE] Group:1 Prob:0.21483 Alpha:0.50191
[MOE_TRACE] Group:2 Prob:0.90468 Alpha:0.50072
[MOE_TRACE] Group:2 Prob:0.90468 Alpha:0.50072
[MOE_TRACE] Group:2 Prob:0.90468 Alpha:0.50072
[MOE_TRACE] Group:0 Prob:0.83936 Alpha:0.50051
[MOE_TRACE] Group:1 Prob:0.21483 Alpha:0.50191
[MOE_TRACE] Group:2 Prob:0.90468 Alpha:0.50072
[MOE_TRACE] Group:0 Prob:0.84935 Alpha:0.50051
[MOE_TRACE] Group:0 Prob:0.84935 Alpha:0.50051
[MOE_TRACE] Group:1 Prob:0.22831 Alpha:0.50191
[MOE_TRACE] Group:0 Prob:0.84935 Alpha:0.50051
[MOE_TRACE] Group:1 Prob:0.22831 Alpha:0.50191
[MOE_TRACE] Group:1 Prob:0.22831 Alpha:0.50191
[MOE_TRACE] Group:2 Prob:0.90427 Alpha:0.50072
[MOE_TRACE] Group:2 Prob:0.90427 Alpha:0.50072
[MOE_TRACE] Group:2 Prob:0.90427 Alpha:0.50072
[MOE_TRACE] Group:0 Prob:0.84935 Alpha:0.50051
[MOE_TRACE] Group:1 Prob:0.22831 Alpha:0.50191
[MOE_TRACE] Group:2 Prob:0.90427 Alpha:0.50072
[MOE_TRACE] Group:0 Prob:0.83738 Alpha:0.50051
[MOE_TRACE] Group:0 Prob:0.83738 Alpha:0.50051
[MOE_TRACE] Group:0 Prob:0.83738 Alpha:0.50051
[MOE_TRACE] Group:1 Prob:0.21897 Alpha:0.50191
[MOE_TRACE] Group:1 Prob:0.21897 Alpha:0.50191
[MOE_TRACE] Group:1 Prob:0.21897 Alpha:0.50191
[MOE_TRACE] Group:2 Prob:0.90243 Alpha:0.50072
[MOE_TRACE] Group:2 Prob:0.90243 Alpha:0.50072
[MOE_TRACE] Group:2 Prob:0.90243 Alpha:0.50072
[MOE_TRACE] Group:0 Prob:0.83738 Alpha:0.50051
[MOE_TRACE] Group:1 Prob:0.21897 Alpha:0.50191
[MOE_TRACE] Group:2 Prob:0.90243 Alpha:0.50072
[MOE_TRACE] Group:0 Prob:0.84559 Alpha:0.50051
[MOE_TRACE] Group:0 Prob:0.84559 Alpha:0.50051
[MOE_TRACE] Group:0 Prob:0.84559 Alpha:0.50051
[MOE_TRACE] Group:1 Prob:0.24532 Alpha:0.50191
[MOE_TRACE] Group:1 Prob:0.24532 Alpha:0.50191
[MOE_TRACE] Group:1 Prob:0.24532 Alpha:0.50191
[MOE_TRACE] Group:0 Prob:0.84559 Alpha:0.50051
[MOE_TRACE] Group:1 Prob:0.24532 Alpha:0.50191
[MOE_TRACE] Group:2 Prob:0.90276 Alpha:0.50072
[MOE_TRACE] Group:0 Prob:0.84370 Alpha:0.50051[MOE_TRACE] Group:0 Prob:0.84370 Alpha:0.50051

[MOE_TRACE] Group:0 Prob:0.84370 Alpha:0.50051
[MOE_TRACE] Group:1 Prob:0.22266 Alpha:0.50191
[MOE_TRACE] Group:1 Prob:0.22266 Alpha:0.50191
[MOE_TRACE] Group:1 Prob:0.22266 Alpha:0.50191
[MOE_TRACE] Group:2 Prob:0.90222 Alpha:0.50072
[MOE_TRACE] Group:2 Prob:0.90222 Alpha:0.50072
[MOE_TRACE] Group:0 Prob:0.84370 Alpha:0.50051
[MOE_TRACE] Group:1 Prob:0.22266 Alpha:0.50191
[MOE_TRACE] Group:2 Prob:0.90222 Alpha:0.50072
[MOE_TRACE] Group:2 Prob:0.90222 Alpha:0.50072
[MOE_TRACE] Group:0 Prob:0.85032 Alpha:0.50051
[MOE_TRACE] Group:0 Prob:0.85032 Alpha:0.50051
[MOE_TRACE] Group:0 Prob:0.85032 Alpha:0.50051
[MOE_TRACE] Group:1 Prob:0.24433 Alpha:0.50191
[MOE_TRACE] Group:0 Prob:0.85032 Alpha:0.50051
[MOE_TRACE] Group:1 Prob:0.24433 Alpha:0.50191
[MOE_TRACE] Group:2 Prob:0.90217 Alpha:0.50072
Epoch: 7 cost time: 109.40728950500488
Epoch: 7, Steps: 146 | Train Loss: 0.3575377 Vali Loss: 0.3306942 Test Loss: 0.3543778
EarlyStopping counter: 5 out of 3
Early stopping
Updating learning rate to 1.5625e-06
[MOE_TRACE] Group:0 Prob:0.84033 Alpha:0.50051
[MOE_TRACE] Group:0 Prob:0.84033 Alpha:0.50051
[MOE_TRACE] Group:0 Prob:0.84033 Alpha:0.50051
[MOE_TRACE] Group:1 Prob:0.21964 Alpha:0.50191
[MOE_TRACE] Group:1 Prob:0.21964 Alpha:0.50191
[MOE_TRACE] Group:1 Prob:0.21964 Alpha:0.50191
[MOE_TRACE] Group:2 Prob:0.90213 Alpha:0.50072
[MOE_TRACE] Group:2 Prob:0.90213 Alpha:0.50072
[MOE_TRACE] Group:2 Prob:0.90213 Alpha:0.50072
[MOE_TRACE] Group:0 Prob:0.84033 Alpha:0.50051
[MOE_TRACE] Group:1 Prob:0.21964 Alpha:0.50191
[MOE_TRACE] Group:2 Prob:0.90213 Alpha:0.50072
[MOE_TRACE] Group:0 Prob:0.84803 Alpha:0.50051[MOE_TRACE] Group:0 Prob:0.84803 Alpha:0.50051[MOE_TRACE] Group:0 Prob:0.84803 Alpha:0.50051


[MOE_TRACE] Group:1 Prob:0.22827 Alpha:0.50191
[MOE_TRACE] Group:1 Prob:0.22827 Alpha:0.50191
[MOE_TRACE] Group:1 Prob:0.22827 Alpha:0.50191
[MOE_TRACE] Group:2 Prob:0.90267 Alpha:0.50072
[MOE_TRACE] Group:2 Prob:0.90267 Alpha:0.50072
[MOE_TRACE] Group:2 Prob:0.90267 Alpha:0.50072
[MOE_TRACE] Group:0 Prob:0.84803 Alpha:0.50051
[MOE_TRACE] Group:1 Prob:0.22827 Alpha:0.50191
[MOE_TRACE] Group:2 Prob:0.90267 Alpha:0.50072
[MOE_TRACE] Group:0 Prob:0.84088 Alpha:0.50051
[MOE_TRACE] Group:0 Prob:0.84088 Alpha:0.50051
[MOE_TRACE] Group:0 Prob:0.84088 Alpha:0.50051
[MOE_TRACE] Group:1 Prob:0.22699 Alpha:0.50191[MOE_TRACE] Group:1 Prob:0.22699 Alpha:0.50191

[MOE_TRACE] Group:1 Prob:0.22699 Alpha:0.50191
[MOE_TRACE] Group:0 Prob:0.84088 Alpha:0.50051
[MOE_TRACE] Group:1 Prob:0.22699 Alpha:0.50191
[MOE_TRACE] Group:2 Prob:0.90232 Alpha:0.50072
[MOE_TRACE] Group:0 Prob:0.84557 Alpha:0.50051[MOE_TRACE] Group:0 Prob:0.84557 Alpha:0.50051[MOE_TRACE] Group:0 Prob:0.84557 Alpha:0.50051


[MOE_TRACE] Group:1 Prob:0.22717 Alpha:0.50191[MOE_TRACE] Group:1 Prob:0.22717 Alpha:0.50191[MOE_TRACE] Group:1 Prob:0.22717 Alpha:0.50191


[MOE_TRACE] Group:2 Prob:0.90279 Alpha:0.50072[MOE_TRACE] Group:2 Prob:0.90279 Alpha:0.50072
[MOE_TRACE] Group:2 Prob:0.90279 Alpha:0.50072

[MOE_TRACE] Group:0 Prob:0.84557 Alpha:0.50051
[MOE_TRACE] Group:1 Prob:0.22717 Alpha:0.50191
[MOE_TRACE] Group:2 Prob:0.90279 Alpha:0.50072
[MOE_TRACE] Group:0 Prob:0.84178 Alpha:0.50051[MOE_TRACE] Group:0 Prob:0.84178 Alpha:0.50051

[MOE_TRACE] Group:1 Prob:0.21924 Alpha:0.50191
[MOE_TRACE] Group:1 Prob:0.21924 Alpha:0.50191
[MOE_TRACE] Group:0 Prob:0.84178 Alpha:0.50051
[MOE_TRACE] Group:1 Prob:0.21924 Alpha:0.50191
[MOE_TRACE] Group:0 Prob:0.84178 Alpha:0.50051
[MOE_TRACE] Group:1 Prob:0.21924 Alpha:0.50191
[MOE_TRACE] Group:2 Prob:0.90254 Alpha:0.50072
[MOE_TRACE] Group:0 Prob:0.84267 Alpha:0.50051
[MOE_TRACE] Group:1 Prob:0.21857 Alpha:0.50191
[MOE_TRACE] Group:2 Prob:0.90662 Alpha:0.50072
[MOE_TRACE] Group:0 Prob:0.84267 Alpha:0.50051
[MOE_TRACE] Group:1 Prob:0.21857 Alpha:0.50191
[MOE_TRACE] Group:2 Prob:0.90662 Alpha:0.50072
[MOE_TRACE] Group:0 Prob:0.84267 Alpha:0.50051
[MOE_TRACE] Group:1 Prob:0.21857 Alpha:0.50191
[MOE_TRACE] Group:2 Prob:0.90662 Alpha:0.50072
[MOE_TRACE] Group:0 Prob:0.84267 Alpha:0.50051
[MOE_TRACE] Group:1 Prob:0.21857 Alpha:0.50191
[MOE_TRACE] Group:2 Prob:0.90662 Alpha:0.50072
[MOE_TRACE] Group:0 Prob:0.84800 Alpha:0.50051
[MOE_TRACE] Group:1 Prob:0.21900 Alpha:0.50191
[MOE_TRACE] Group:0 Prob:0.84800 Alpha:0.50051
[MOE_TRACE] Group:1 Prob:0.21900 Alpha:0.50191
[MOE_TRACE] Group:0 Prob:0.84800 Alpha:0.50051
[MOE_TRACE] Group:2 Prob:0.90345 Alpha:0.50072
[MOE_TRACE] Group:1 Prob:0.21900 Alpha:0.50191
[MOE_TRACE] Group:0 Prob:0.84800 Alpha:0.50051[MOE_TRACE] Group:2 Prob:0.90345 Alpha:0.50072

[MOE_TRACE] Group:1 Prob:0.21900 Alpha:0.50191
[MOE_TRACE] Group:2 Prob:0.90345 Alpha:0.50072
[MOE_TRACE] Group:0 Prob:0.83870 Alpha:0.50051[MOE_TRACE] Group:0 Prob:0.83870 Alpha:0.50051

[MOE_TRACE] Group:1 Prob:0.21699 Alpha:0.50191
[MOE_TRACE] Group:0 Prob:0.83870 Alpha:0.50051[MOE_TRACE] Group:1 Prob:0.21699 Alpha:0.50191

[MOE_TRACE] Group:2 Prob:0.90175 Alpha:0.50072
[MOE_TRACE] Group:1 Prob:0.21699 Alpha:0.50191
[MOE_TRACE] Group:2 Prob:0.90175 Alpha:0.50072
[MOE_TRACE] Group:2 Prob:0.90175 Alpha:0.50072
[MOE_TRACE] Group:0 Prob:0.83870 Alpha:0.50051
[MOE_TRACE] Group:1 Prob:0.21699 Alpha:0.50191
[MOE_TRACE] Group:2 Prob:0.90175 Alpha:0.50072
[MOE_TRACE] Group:0 Prob:0.83854 Alpha:0.50051[MOE_TRACE] Group:0 Prob:0.83854 Alpha:0.50051[MOE_TRACE] Group:0 Prob:0.83854 Alpha:0.50051


[MOE_TRACE] Group:1 Prob:0.22087 Alpha:0.50191
[MOE_TRACE] Group:1 Prob:0.22087 Alpha:0.50191
[MOE_TRACE] Group:1 Prob:0.22087 Alpha:0.50191
[MOE_TRACE] Group:2 Prob:0.90206 Alpha:0.50072
[MOE_TRACE] Group:2 Prob:0.90206 Alpha:0.50072
[MOE_TRACE] Group:2 Prob:0.90206 Alpha:0.50072
[MOE_TRACE] Group:0 Prob:0.83854 Alpha:0.50051
[MOE_TRACE] Group:1 Prob:0.22087 Alpha:0.50191
[MOE_TRACE] Group:2 Prob:0.90206 Alpha:0.50072
[MOE_TRACE] Group:0 Prob:0.84444 Alpha:0.50051
[MOE_TRACE] Group:1 Prob:0.22701 Alpha:0.50191
[MOE_TRACE] Group:0 Prob:0.84444 Alpha:0.50051
[MOE_TRACE] Group:0 Prob:0.84444 Alpha:0.50051
[MOE_TRACE] Group:1 Prob:0.22701 Alpha:0.50191
[MOE_TRACE] Group:1 Prob:0.22701 Alpha:0.50191
[MOE_TRACE] Group:2 Prob:0.90175 Alpha:0.50072
[MOE_TRACE] Group:2 Prob:0.90175 Alpha:0.50072
[MOE_TRACE] Group:0 Prob:0.84444 Alpha:0.50051
[MOE_TRACE] Group:1 Prob:0.22701 Alpha:0.50191
[MOE_TRACE] Group:2 Prob:0.90175 Alpha:0.50072
[MOE_TRACE] Group:0 Prob:0.83713 Alpha:0.50051
[MOE_TRACE] Group:0 Prob:0.83713 Alpha:0.50051
[MOE_TRACE] Group:0 Prob:0.83713 Alpha:0.50051
[MOE_TRACE] Group:1 Prob:0.21651 Alpha:0.50191
[MOE_TRACE] Group:1 Prob:0.21651 Alpha:0.50191
[MOE_TRACE] Group:1 Prob:0.21651 Alpha:0.50191
[MOE_TRACE] Group:0 Prob:0.83713 Alpha:0.50051
[MOE_TRACE] Group:2 Prob:0.90234 Alpha:0.50072[MOE_TRACE] Group:2 Prob:0.90234 Alpha:0.50072

[MOE_TRACE] Group:1 Prob:0.21651 Alpha:0.50191
[MOE_TRACE] Group:2 Prob:0.90234 Alpha:0.50072
[MOE_TRACE] Group:2 Prob:0.90234 Alpha:0.50072
[MOE_TRACE] Group:0 Prob:0.83926 Alpha:0.50051
[MOE_TRACE] Group:0 Prob:0.83926 Alpha:0.50051
[MOE_TRACE] Group:0 Prob:0.83926 Alpha:0.50051
[MOE_TRACE] Group:1 Prob:0.22318 Alpha:0.50191
[MOE_TRACE] Group:1 Prob:0.22318 Alpha:0.50191
[MOE_TRACE] Group:1 Prob:0.22318 Alpha:0.50191
[MOE_TRACE] Group:2 Prob:0.90492 Alpha:0.50072[MOE_TRACE] Group:2 Prob:0.90492 Alpha:0.50072

[MOE_TRACE] Group:2 Prob:0.90492 Alpha:0.50072
[MOE_TRACE] Group:0 Prob:0.83926 Alpha:0.50051
[MOE_TRACE] Group:1 Prob:0.22318 Alpha:0.50191
[MOE_TRACE] Group:2 Prob:0.90492 Alpha:0.50072
[MOE_TRACE] Group:0 Prob:0.84247 Alpha:0.50051
[MOE_TRACE] Group:1 Prob:0.22667 Alpha:0.50191
[MOE_TRACE] Group:2 Prob:0.90350 Alpha:0.50072
[MOE_TRACE] Group:0 Prob:0.84247 Alpha:0.50051
[MOE_TRACE] Group:0 Prob:0.84247 Alpha:0.50051
[MOE_TRACE] Group:1 Prob:0.22667 Alpha:0.50191
[MOE_TRACE] Group:1 Prob:0.22667 Alpha:0.50191
[MOE_TRACE] Group:2 Prob:0.90235 Alpha:0.50072
[MOE_TRACE] Group:2 Prob:0.90235 Alpha:0.50072
[MOE_TRACE] Group:0 Prob:0.84247 Alpha:0.50051
[MOE_TRACE] Group:1 Prob:0.22667 Alpha:0.50191
[MOE_TRACE] Group:2 Prob:0.90235 Alpha:0.50072
[MOE_TRACE] Group:0 Prob:0.83725 Alpha:0.50051[MOE_TRACE] Group:0 Prob:0.83725 Alpha:0.50051

[MOE_TRACE] Group:0 Prob:0.83725 Alpha:0.50051
[MOE_TRACE] Group:1 Prob:0.23117 Alpha:0.50191
[MOE_TRACE] Group:1 Prob:0.23117 Alpha:0.50191
[MOE_TRACE] Group:1 Prob:0.23117 Alpha:0.50191
[MOE_TRACE] Group:2 Prob:0.90165 Alpha:0.50072
[MOE_TRACE] Group:2 Prob:0.90165 Alpha:0.50072
[MOE_TRACE] Group:2 Prob:0.90165 Alpha:0.50072
[MOE_TRACE] Group:0 Prob:0.83725 Alpha:0.50051
[MOE_TRACE] Group:1 Prob:0.23117 Alpha:0.50191
[MOE_TRACE] Group:2 Prob:0.90165 Alpha:0.50072
[MOE_TRACE] Group:0 Prob:0.84605 Alpha:0.50051[MOE_TRACE] Group:0 Prob:0.84605 Alpha:0.50051[MOE_TRACE] Group:0 Prob:0.84605 Alpha:0.50051


[MOE_TRACE] Group:1 Prob:0.21025 Alpha:0.50191[MOE_TRACE] Group:1 Prob:0.21025 Alpha:0.50191

[MOE_TRACE] Group:1 Prob:0.21025 Alpha:0.50191
[MOE_TRACE] Group:2 Prob:0.90371 Alpha:0.50072
[MOE_TRACE] Group:2 Prob:0.90371 Alpha:0.50072
[MOE_TRACE] Group:2 Prob:0.90371 Alpha:0.50072
[MOE_TRACE] Group:0 Prob:0.84605 Alpha:0.50051
[MOE_TRACE] Group:1 Prob:0.21025 Alpha:0.50191
[MOE_TRACE] Group:2 Prob:0.90371 Alpha:0.50072
[MOE_TRACE] Group:0 Prob:0.84273 Alpha:0.50051
[MOE_TRACE] Group:0 Prob:0.84273 Alpha:0.50051[MOE_TRACE] Group:0 Prob:0.84273 Alpha:0.50051

[MOE_TRACE] Group:1 Prob:0.22188 Alpha:0.50191
[MOE_TRACE] Group:1 Prob:0.22188 Alpha:0.50191
[MOE_TRACE] Group:1 Prob:0.22188 Alpha:0.50191
[MOE_TRACE] Group:2 Prob:0.90389 Alpha:0.50072
[MOE_TRACE] Group:2 Prob:0.90389 Alpha:0.50072
[MOE_TRACE] Group:2 Prob:0.90389 Alpha:0.50072
[MOE_TRACE] Group:0 Prob:0.84273 Alpha:0.50051
[MOE_TRACE] Group:1 Prob:0.22188 Alpha:0.50191
[MOE_TRACE] Group:2 Prob:0.90389 Alpha:0.50072
[MOE_TRACE] Group:0 Prob:0.84711 Alpha:0.50051
[MOE_TRACE] Group:0 Prob:0.84711 Alpha:0.50051
[MOE_TRACE] Group:0 Prob:0.84711 Alpha:0.50051
[MOE_TRACE] Group:1 Prob:0.22248 Alpha:0.50191
[MOE_TRACE] Group:1 Prob:0.22248 Alpha:0.50191
[MOE_TRACE] Group:1 Prob:0.22248 Alpha:0.50191
[MOE_TRACE] Group:2 Prob:0.90209 Alpha:0.50072
[MOE_TRACE] Group:2 Prob:0.90209 Alpha:0.50072
[MOE_TRACE] Group:0 Prob:0.84711 Alpha:0.50051[MOE_TRACE] Group:2 Prob:0.90209 Alpha:0.50072

[MOE_TRACE] Group:1 Prob:0.22248 Alpha:0.50191
[MOE_TRACE] Group:2 Prob:0.90209 Alpha:0.50072
[MOE_TRACE] Group:0 Prob:0.83953 Alpha:0.50051
[MOE_TRACE] Group:0 Prob:0.83953 Alpha:0.50051
[MOE_TRACE] Group:1 Prob:0.21360 Alpha:0.50192
[MOE_TRACE] Group:1 Prob:0.21360 Alpha:0.50192
[MOE_TRACE] Group:0 Prob:0.83953 Alpha:0.50051
[MOE_TRACE] Group:2 Prob:0.90272 Alpha:0.50072
[MOE_TRACE] Group:2 Prob:0.90272 Alpha:0.50072
[MOE_TRACE] Group:1 Prob:0.21360 Alpha:0.50192
[MOE_TRACE] Group:2 Prob:0.90272 Alpha:0.50072[MOE_TRACE] Group:0 Prob:0.83953 Alpha:0.50051

[MOE_TRACE] Group:1 Prob:0.21360 Alpha:0.50192
[MOE_TRACE] Group:2 Prob:0.90272 Alpha:0.50072
[MOE_TRACE] Group:0 Prob:0.84319 Alpha:0.50051
[MOE_TRACE] Group:0 Prob:0.84319 Alpha:0.50051
[MOE_TRACE] Group:0 Prob:0.84319 Alpha:0.50051
[MOE_TRACE] Group:1 Prob:0.23257 Alpha:0.50192
[MOE_TRACE] Group:1 Prob:0.23257 Alpha:0.50192
[MOE_TRACE] Group:1 Prob:0.23257 Alpha:0.50192
[MOE_TRACE] Group:2 Prob:0.90419 Alpha:0.50072
[MOE_TRACE] Group:0 Prob:0.84319 Alpha:0.50051
[MOE_TRACE] Group:2 Prob:0.90419 Alpha:0.50072[MOE_TRACE] Group:2 Prob:0.90419 Alpha:0.50072

[MOE_TRACE] Group:1 Prob:0.23257 Alpha:0.50192
[MOE_TRACE] Group:2 Prob:0.90419 Alpha:0.50072
[MOE_TRACE] Group:0 Prob:0.84858 Alpha:0.50051[MOE_TRACE] Group:0 Prob:0.84858 Alpha:0.50051

[MOE_TRACE] Group:1 Prob:0.21881 Alpha:0.50192[MOE_TRACE] Group:1 Prob:0.21881 Alpha:0.50192

[MOE_TRACE] Group:0 Prob:0.84858 Alpha:0.50051
[MOE_TRACE] Group:2 Prob:0.90551 Alpha:0.50072
[MOE_TRACE] Group:2 Prob:0.90551 Alpha:0.50072
[MOE_TRACE] Group:1 Prob:0.21881 Alpha:0.50192
[MOE_TRACE] Group:2 Prob:0.90551 Alpha:0.50072
[MOE_TRACE] Group:0 Prob:0.84858 Alpha:0.50051
[MOE_TRACE] Group:1 Prob:0.21881 Alpha:0.50192
[MOE_TRACE] Group:2 Prob:0.90551 Alpha:0.50072
[MOE_TRACE] Group:0 Prob:0.83931 Alpha:0.50051
[MOE_TRACE] Group:0 Prob:0.83931 Alpha:0.50051
[MOE_TRACE] Group:0 Prob:0.83931 Alpha:0.50051
[MOE_TRACE] Group:1 Prob:0.22431 Alpha:0.50192
[MOE_TRACE] Group:1 Prob:0.22431 Alpha:0.50192
[MOE_TRACE] Group:1 Prob:0.22431 Alpha:0.50192
[MOE_TRACE] Group:2 Prob:0.90141 Alpha:0.50072
[MOE_TRACE] Group:2 Prob:0.90141 Alpha:0.50072
[MOE_TRACE] Group:0 Prob:0.83931 Alpha:0.50051
[MOE_TRACE] Group:2 Prob:0.90141 Alpha:0.50072
[MOE_TRACE] Group:1 Prob:0.22431 Alpha:0.50192
[MOE_TRACE] Group:2 Prob:0.90141 Alpha:0.50072
[MOE_TRACE] Group:0 Prob:0.84171 Alpha:0.50051[MOE_TRACE] Group:0 Prob:0.84171 Alpha:0.50051

[MOE_TRACE] Group:1 Prob:0.22624 Alpha:0.50192
[MOE_TRACE] Group:1 Prob:0.22624 Alpha:0.50192
[MOE_TRACE] Group:0 Prob:0.84171 Alpha:0.50051
[MOE_TRACE] Group:1 Prob:0.22624 Alpha:0.50192
[MOE_TRACE] Group:2 Prob:0.90512 Alpha:0.50072
[MOE_TRACE] Group:0 Prob:0.84171 Alpha:0.50051
[MOE_TRACE] Group:1 Prob:0.22624 Alpha:0.50192
[MOE_TRACE] Group:2 Prob:0.90512 Alpha:0.50072
[MOE_TRACE] Group:0 Prob:0.84011 Alpha:0.50051
[MOE_TRACE] Group:0 Prob:0.84011 Alpha:0.50051
[MOE_TRACE] Group:0 Prob:0.84011 Alpha:0.50051
[MOE_TRACE] Group:1 Prob:0.21618 Alpha:0.50192
[MOE_TRACE] Group:1 Prob:0.21618 Alpha:0.50192
[MOE_TRACE] Group:2 Prob:0.90250 Alpha:0.50072[MOE_TRACE] Group:2 Prob:0.90250 Alpha:0.50072
[MOE_TRACE] Group:1 Prob:0.21618 Alpha:0.50192

[MOE_TRACE] Group:2 Prob:0.90250 Alpha:0.50072
[MOE_TRACE] Group:0 Prob:0.84011 Alpha:0.50051
[MOE_TRACE] Group:1 Prob:0.21618 Alpha:0.50192
[MOE_TRACE] Group:2 Prob:0.90250 Alpha:0.50072
[MOE_TRACE] Group:0 Prob:0.83679 Alpha:0.50051[MOE_TRACE] Group:0 Prob:0.83679 Alpha:0.50051

[MOE_TRACE] Group:0 Prob:0.83679 Alpha:0.50051
[MOE_TRACE] Group:1 Prob:0.21935 Alpha:0.50192[MOE_TRACE] Group:1 Prob:0.21935 Alpha:0.50192

[MOE_TRACE] Group:1 Prob:0.21935 Alpha:0.50192
[MOE_TRACE] Group:2 Prob:0.90149 Alpha:0.50072
[MOE_TRACE] Group:2 Prob:0.90149 Alpha:0.50072[MOE_TRACE] Group:2 Prob:0.90149 Alpha:0.50072

[MOE_TRACE] Group:0 Prob:0.83679 Alpha:0.50051
[MOE_TRACE] Group:1 Prob:0.21935 Alpha:0.50192
[MOE_TRACE] Group:2 Prob:0.90149 Alpha:0.50072
[MOE_TRACE] Group:0 Prob:0.84960 Alpha:0.50051
[MOE_TRACE] Group:1 Prob:0.22705 Alpha:0.50192
[MOE_TRACE] Group:0 Prob:0.84960 Alpha:0.50051
[MOE_TRACE] Group:0 Prob:0.84960 Alpha:0.50051
[MOE_TRACE] Group:1 Prob:0.22705 Alpha:0.50192
[MOE_TRACE] Group:2 Prob:0.90615 Alpha:0.50072
[MOE_TRACE] Group:1 Prob:0.22705 Alpha:0.50192
[MOE_TRACE] Group:2 Prob:0.90615 Alpha:0.50072
[MOE_TRACE] Group:2 Prob:0.90615 Alpha:0.50072
[MOE_TRACE] Group:0 Prob:0.84960 Alpha:0.50051
[MOE_TRACE] Group:1 Prob:0.22705 Alpha:0.50192
[MOE_TRACE] Group:2 Prob:0.90615 Alpha:0.50072
[MOE_TRACE] Group:0 Prob:0.84300 Alpha:0.50051
[MOE_TRACE] Group:0 Prob:0.84300 Alpha:0.50051
[MOE_TRACE] Group:0 Prob:0.84300 Alpha:0.50051
[MOE_TRACE] Group:1 Prob:0.22601 Alpha:0.50192
[MOE_TRACE] Group:1 Prob:0.22601 Alpha:0.50192
[MOE_TRACE] Group:2 Prob:0.90220 Alpha:0.50072
[MOE_TRACE] Group:1 Prob:0.22601 Alpha:0.50192
[MOE_TRACE] Group:2 Prob:0.90220 Alpha:0.50072
[MOE_TRACE] Group:2 Prob:0.90220 Alpha:0.50072
[MOE_TRACE] Group:0 Prob:0.84300 Alpha:0.50051
[MOE_TRACE] Group:1 Prob:0.22601 Alpha:0.50192
[MOE_TRACE] Group:2 Prob:0.90220 Alpha:0.50072
[MOE_TRACE] Group:0 Prob:0.84282 Alpha:0.50051
[MOE_TRACE] Group:0 Prob:0.84282 Alpha:0.50051
[MOE_TRACE] Group:0 Prob:0.84282 Alpha:0.50051
[MOE_TRACE] Group:1 Prob:0.21172 Alpha:0.50192
[MOE_TRACE] Group:1 Prob:0.21172 Alpha:0.50192
[MOE_TRACE] Group:1 Prob:0.21172 Alpha:0.50192
[MOE_TRACE] Group:2 Prob:0.90223 Alpha:0.50072
[MOE_TRACE] Group:2 Prob:0.90223 Alpha:0.50072
[MOE_TRACE] Group:2 Prob:0.90223 Alpha:0.50072
[MOE_TRACE] Group:0 Prob:0.84282 Alpha:0.50051
[MOE_TRACE] Group:1 Prob:0.21172 Alpha:0.50192
[MOE_TRACE] Group:2 Prob:0.90223 Alpha:0.50072
[MOE_TRACE] Group:0 Prob:0.84260 Alpha:0.50051
[MOE_TRACE] Group:0 Prob:0.84260 Alpha:0.50051
[MOE_TRACE] Group:1 Prob:0.21924 Alpha:0.50192
[MOE_TRACE] Group:0 Prob:0.84260 Alpha:0.50051
[MOE_TRACE] Group:1 Prob:0.21924 Alpha:0.50192
[MOE_TRACE] Group:2 Prob:0.90327 Alpha:0.50072
[MOE_TRACE] Group:1 Prob:0.21924 Alpha:0.50192
[MOE_TRACE] Group:2 Prob:0.90327 Alpha:0.50072
[MOE_TRACE] Group:2 Prob:0.90327 Alpha:0.50072
[MOE_TRACE] Group:0 Prob:0.84260 Alpha:0.50051
[MOE_TRACE] Group:1 Prob:0.21924 Alpha:0.50192
[MOE_TRACE] Group:2 Prob:0.90327 Alpha:0.50072
[MOE_TRACE] Group:0 Prob:0.83992 Alpha:0.50051
[MOE_TRACE] Group:0 Prob:0.83992 Alpha:0.50051
[MOE_TRACE] Group:0 Prob:0.83992 Alpha:0.50051
[MOE_TRACE] Group:1 Prob:0.21640 Alpha:0.50192
[MOE_TRACE] Group:0 Prob:0.83992 Alpha:0.50051[MOE_TRACE] Group:1 Prob:0.21640 Alpha:0.50192

[MOE_TRACE] Group:2 Prob:0.90264 Alpha:0.50072
[MOE_TRACE] Group:1 Prob:0.21640 Alpha:0.50192
[MOE_TRACE] Group:1 Prob:0.21640 Alpha:0.50192
[MOE_TRACE] Group:2 Prob:0.90264 Alpha:0.50072
[MOE_TRACE] Group:2 Prob:0.90264 Alpha:0.50072[MOE_TRACE] Group:2 Prob:0.90264 Alpha:0.50072

[MOE_TRACE] Group:0 Prob:0.84053 Alpha:0.50051
[MOE_TRACE] Group:0 Prob:0.84053 Alpha:0.50051
[MOE_TRACE] Group:0 Prob:0.84053 Alpha:0.50051
[MOE_TRACE] Group:1 Prob:0.21780 Alpha:0.50192
[MOE_TRACE] Group:1 Prob:0.21780 Alpha:0.50192
[MOE_TRACE] Group:1 Prob:0.21780 Alpha:0.50192
[MOE_TRACE] Group:2 Prob:0.90304 Alpha:0.50072
[MOE_TRACE] Group:2 Prob:0.90304 Alpha:0.50072
[MOE_TRACE] Group:2 Prob:0.90304 Alpha:0.50072
[MOE_TRACE] Group:0 Prob:0.84053 Alpha:0.50051
[MOE_TRACE] Group:1 Prob:0.21780 Alpha:0.50192
[MOE_TRACE] Group:2 Prob:0.90304 Alpha:0.50072
[MOE_TRACE] Group:0 Prob:0.84353 Alpha:0.50051
[MOE_TRACE] Group:1 Prob:0.23486 Alpha:0.50192
[MOE_TRACE] Group:0 Prob:0.84353 Alpha:0.50051
[MOE_TRACE] Group:2 Prob:0.90291 Alpha:0.50072
[MOE_TRACE] Group:0 Prob:0.84353 Alpha:0.50051
[MOE_TRACE] Group:1 Prob:0.23486 Alpha:0.50192
[MOE_TRACE] Group:1 Prob:0.23486 Alpha:0.50192
[MOE_TRACE] Group:2 Prob:0.90291 Alpha:0.50072
[MOE_TRACE] Group:2 Prob:0.90291 Alpha:0.50072
[MOE_TRACE] Group:0 Prob:0.84353 Alpha:0.50051
[MOE_TRACE] Group:1 Prob:0.23486 Alpha:0.50192
[MOE_TRACE] Group:2 Prob:0.90291 Alpha:0.50072
[MOE_TRACE] Group:0 Prob:0.84236 Alpha:0.50051
[MOE_TRACE] Group:1 Prob:0.22788 Alpha:0.50192
[MOE_TRACE] Group:0 Prob:0.84236 Alpha:0.50051
[MOE_TRACE] Group:2 Prob:0.90420 Alpha:0.50072
[MOE_TRACE] Group:0 Prob:0.84236 Alpha:0.50051
[MOE_TRACE] Group:1 Prob:0.22788 Alpha:0.50192
[MOE_TRACE] Group:1 Prob:0.22788 Alpha:0.50192
[MOE_TRACE] Group:2 Prob:0.90420 Alpha:0.50072
[MOE_TRACE] Group:2 Prob:0.90420 Alpha:0.50072
[MOE_TRACE] Group:0 Prob:0.84236 Alpha:0.50051
[MOE_TRACE] Group:1 Prob:0.22788 Alpha:0.50192
[MOE_TRACE] Group:2 Prob:0.90420 Alpha:0.50072
[MOE_TRACE] Group:0 Prob:0.84325 Alpha:0.50051
[MOE_TRACE] Group:0 Prob:0.84325 Alpha:0.50051
[MOE_TRACE] Group:0 Prob:0.84325 Alpha:0.50051
[MOE_TRACE] Group:1 Prob:0.24467 Alpha:0.50192
[MOE_TRACE] Group:1 Prob:0.24467 Alpha:0.50192
[MOE_TRACE] Group:1 Prob:0.24467 Alpha:0.50192
[MOE_TRACE] Group:2 Prob:0.90600 Alpha:0.50072
[MOE_TRACE] Group:2 Prob:0.90600 Alpha:0.50072
[MOE_TRACE] Group:2 Prob:0.90600 Alpha:0.50072
[MOE_TRACE] Group:0 Prob:0.84325 Alpha:0.50051
[MOE_TRACE] Group:1 Prob:0.24467 Alpha:0.50192
[MOE_TRACE] Group:2 Prob:0.90600 Alpha:0.50072
[MOE_TRACE] Group:0 Prob:0.84215 Alpha:0.50051
[MOE_TRACE] Group:1 Prob:0.22712 Alpha:0.50192
[MOE_TRACE] Group:0 Prob:0.84215 Alpha:0.50051
[MOE_TRACE] Group:0 Prob:0.84215 Alpha:0.50051
[MOE_TRACE] Group:2 Prob:0.90224 Alpha:0.50072
[MOE_TRACE] Group:1 Prob:0.22712 Alpha:0.50192
[MOE_TRACE] Group:1 Prob:0.22712 Alpha:0.50192
[MOE_TRACE] Group:2 Prob:0.90224 Alpha:0.50072
[MOE_TRACE] Group:2 Prob:0.90224 Alpha:0.50072
[MOE_TRACE] Group:0 Prob:0.84215 Alpha:0.50051
[MOE_TRACE] Group:1 Prob:0.22712 Alpha:0.50192
[MOE_TRACE] Group:2 Prob:0.90224 Alpha:0.50072
[MOE_TRACE] Group:0 Prob:0.84050 Alpha:0.50051[MOE_TRACE] Group:0 Prob:0.84050 Alpha:0.50051
[MOE_TRACE] Group:0 Prob:0.84050 Alpha:0.50051

[MOE_TRACE] Group:1 Prob:0.22414 Alpha:0.50192
[MOE_TRACE] Group:1 Prob:0.22414 Alpha:0.50192
[MOE_TRACE] Group:2 Prob:0.90098 Alpha:0.50072
[MOE_TRACE] Group:2 Prob:0.90098 Alpha:0.50072
[MOE_TRACE] Group:1 Prob:0.22414 Alpha:0.50192
[MOE_TRACE] Group:2 Prob:0.90098 Alpha:0.50072
[MOE_TRACE] Group:0 Prob:0.84050 Alpha:0.50051
[MOE_TRACE] Group:1 Prob:0.22414 Alpha:0.50192
[MOE_TRACE] Group:2 Prob:0.90098 Alpha:0.50072
[MOE_TRACE] Group:0 Prob:0.84653 Alpha:0.50051
[MOE_TRACE] Group:0 Prob:0.84653 Alpha:0.50051
[MOE_TRACE] Group:0 Prob:0.84653 Alpha:0.50051
[MOE_TRACE] Group:1 Prob:0.20893 Alpha:0.50192
[MOE_TRACE] Group:1 Prob:0.20893 Alpha:0.50192
[MOE_TRACE] Group:1 Prob:0.20893 Alpha:0.50192
[MOE_TRACE] Group:2 Prob:0.90326 Alpha:0.50072
[MOE_TRACE] Group:2 Prob:0.90326 Alpha:0.50072
[MOE_TRACE] Group:2 Prob:0.90326 Alpha:0.50072
[MOE_TRACE] Group:0 Prob:0.84653 Alpha:0.50051
[MOE_TRACE] Group:1 Prob:0.20893 Alpha:0.50192
[MOE_TRACE] Group:2 Prob:0.90326 Alpha:0.50072
[MOE_TRACE] Group:0 Prob:0.83606 Alpha:0.50051
[MOE_TRACE] Group:0 Prob:0.83606 Alpha:0.50051[MOE_TRACE] Group:1 Prob:0.23390 Alpha:0.50192
[MOE_TRACE] Group:0 Prob:0.83606 Alpha:0.50051

[MOE_TRACE] Group:1 Prob:0.23390 Alpha:0.50192
[MOE_TRACE] Group:2 Prob:0.90458 Alpha:0.50072
[MOE_TRACE] Group:1 Prob:0.23390 Alpha:0.50192
[MOE_TRACE] Group:2 Prob:0.90458 Alpha:0.50072
[MOE_TRACE] Group:2 Prob:0.90458 Alpha:0.50072
[MOE_TRACE] Group:0 Prob:0.83606 Alpha:0.50051
[MOE_TRACE] Group:1 Prob:0.23390 Alpha:0.50192
[MOE_TRACE] Group:2 Prob:0.90458 Alpha:0.50072
[MOE_TRACE] Group:0 Prob:0.84232 Alpha:0.50051
[MOE_TRACE] Group:1 Prob:0.21852 Alpha:0.50192
[MOE_TRACE] Group:0 Prob:0.84232 Alpha:0.50051
[MOE_TRACE] Group:0 Prob:0.84232 Alpha:0.50051
[MOE_TRACE] Group:1 Prob:0.21852 Alpha:0.50192
[MOE_TRACE] Group:1 Prob:0.21852 Alpha:0.50192
[MOE_TRACE] Group:2 Prob:0.90411 Alpha:0.50072
[MOE_TRACE] Group:2 Prob:0.90411 Alpha:0.50072
[MOE_TRACE] Group:0 Prob:0.84232 Alpha:0.50051
[MOE_TRACE] Group:1 Prob:0.21852 Alpha:0.50192
[MOE_TRACE] Group:2 Prob:0.90411 Alpha:0.50072
[MOE_TRACE] Group:0 Prob:0.84715 Alpha:0.50051[MOE_TRACE] Group:0 Prob:0.84715 Alpha:0.50051

[MOE_TRACE] Group:1 Prob:0.22177 Alpha:0.50192[MOE_TRACE] Group:1 Prob:0.22177 Alpha:0.50192

[MOE_TRACE] Group:2 Prob:0.90231 Alpha:0.50072
[MOE_TRACE] Group:2 Prob:0.90231 Alpha:0.50072
[MOE_TRACE] Group:0 Prob:0.84715 Alpha:0.50051
[MOE_TRACE] Group:1 Prob:0.22177 Alpha:0.50192
[MOE_TRACE] Group:2 Prob:0.90231 Alpha:0.50072
[MOE_TRACE] Group:0 Prob:0.84715 Alpha:0.50051
[MOE_TRACE] Group:1 Prob:0.22177 Alpha:0.50192
[MOE_TRACE] Group:2 Prob:0.90231 Alpha:0.50072
[MOE_TRACE] Group:0 Prob:0.84126 Alpha:0.50051
[MOE_TRACE] Group:0 Prob:0.84126 Alpha:0.50051[MOE_TRACE] Group:0 Prob:0.84126 Alpha:0.50051

[MOE_TRACE] Group:1 Prob:0.23465 Alpha:0.50192
[MOE_TRACE] Group:1 Prob:0.23465 Alpha:0.50192
[MOE_TRACE] Group:1 Prob:0.23465 Alpha:0.50192
[MOE_TRACE] Group:2 Prob:0.90604 Alpha:0.50072[MOE_TRACE] Group:2 Prob:0.90604 Alpha:0.50072[MOE_TRACE] Group:2 Prob:0.90604 Alpha:0.50072


[MOE_TRACE] Group:0 Prob:0.84126 Alpha:0.50051
[MOE_TRACE] Group:1 Prob:0.23465 Alpha:0.50192
[MOE_TRACE] Group:2 Prob:0.90604 Alpha:0.50072
[MOE_TRACE] Group:0 Prob:0.84284 Alpha:0.50051
[MOE_TRACE] Group:0 Prob:0.84284 Alpha:0.50051
[MOE_TRACE] Group:1 Prob:0.21515 Alpha:0.50192
[MOE_TRACE] Group:1 Prob:0.21515 Alpha:0.50192
[MOE_TRACE] Group:0 Prob:0.84284 Alpha:0.50051
[MOE_TRACE] Group:2 Prob:0.90561 Alpha:0.50072
[MOE_TRACE] Group:1 Prob:0.21515 Alpha:0.50192[MOE_TRACE] Group:2 Prob:0.90561 Alpha:0.50072

[MOE_TRACE] Group:0 Prob:0.84284 Alpha:0.50051
[MOE_TRACE] Group:1 Prob:0.21515 Alpha:0.50192
[MOE_TRACE] Group:2 Prob:0.90561 Alpha:0.50072
[MOE_TRACE] Group:2 Prob:0.90561 Alpha:0.50072
[MOE_TRACE] Group:0 Prob:0.84046 Alpha:0.50051[MOE_TRACE] Group:0 Prob:0.84046 Alpha:0.50051

[MOE_TRACE] Group:0 Prob:0.84046 Alpha:0.50051
[MOE_TRACE] Group:1 Prob:0.22805 Alpha:0.50192
[MOE_TRACE] Group:1 Prob:0.22805 Alpha:0.50192[MOE_TRACE] Group:1 Prob:0.22805 Alpha:0.50192

[MOE_TRACE] Group:2 Prob:0.90156 Alpha:0.50072
[MOE_TRACE] Group:2 Prob:0.90156 Alpha:0.50072
[MOE_TRACE] Group:2 Prob:0.90156 Alpha:0.50072
[MOE_TRACE] Group:0 Prob:0.84046 Alpha:0.50051
[MOE_TRACE] Group:1 Prob:0.22805 Alpha:0.50192
[MOE_TRACE] Group:2 Prob:0.90156 Alpha:0.50072
[MOE_TRACE] Group:0 Prob:0.83869 Alpha:0.50051
[MOE_TRACE] Group:1 Prob:0.22299 Alpha:0.50192[MOE_TRACE] Group:0 Prob:0.83869 Alpha:0.50051

[MOE_TRACE] Group:0 Prob:0.83869 Alpha:0.50051
[MOE_TRACE] Group:2 Prob:0.90065 Alpha:0.50072
[MOE_TRACE] Group:1 Prob:0.22299 Alpha:0.50192[MOE_TRACE] Group:1 Prob:0.22299 Alpha:0.50192

[MOE_TRACE] Group:2 Prob:0.90065 Alpha:0.50072
[MOE_TRACE] Group:2 Prob:0.90065 Alpha:0.50072
[MOE_TRACE] Group:0 Prob:0.83869 Alpha:0.50051
[MOE_TRACE] Group:1 Prob:0.22299 Alpha:0.50192
[MOE_TRACE] Group:2 Prob:0.90065 Alpha:0.50072
[MOE_TRACE] Group:0 Prob:0.84626 Alpha:0.50051
[MOE_TRACE] Group:0 Prob:0.84626 Alpha:0.50051
[MOE_TRACE] Group:0 Prob:0.84626 Alpha:0.50051
[MOE_TRACE] Group:0 Prob:0.84626 Alpha:0.50051
[MOE_TRACE] Group:1 Prob:0.24262 Alpha:0.50192
[MOE_TRACE] Group:2 Prob:0.90241 Alpha:0.50072
[MOE_TRACE] Group:0 Prob:0.84164 Alpha:0.50051
[MOE_TRACE] Group:1 Prob:0.22067 Alpha:0.50192
[MOE_TRACE] Group:0 Prob:0.84164 Alpha:0.50051
[MOE_TRACE] Group:0 Prob:0.84164 Alpha:0.50051
[MOE_TRACE] Group:1 Prob:0.22067 Alpha:0.50192
[MOE_TRACE] Group:1 Prob:0.22067 Alpha:0.50192
[MOE_TRACE] Group:2 Prob:0.90232 Alpha:0.50072
[MOE_TRACE] Group:2 Prob:0.90232 Alpha:0.50072
[MOE_TRACE] Group:0 Prob:0.84164 Alpha:0.50051
[MOE_TRACE] Group:1 Prob:0.22067 Alpha:0.50192
[MOE_TRACE] Group:2 Prob:0.90232 Alpha:0.50072
[MOE_TRACE] Group:0 Prob:0.83925 Alpha:0.50051
[MOE_TRACE] Group:0 Prob:0.83925 Alpha:0.50051
[MOE_TRACE] Group:0 Prob:0.83925 Alpha:0.50051
[MOE_TRACE] Group:1 Prob:0.21186 Alpha:0.50192
[MOE_TRACE] Group:1 Prob:0.21186 Alpha:0.50192
[MOE_TRACE] Group:1 Prob:0.21186 Alpha:0.50192
[MOE_TRACE] Group:2 Prob:0.90350 Alpha:0.50072
[MOE_TRACE] Group:2 Prob:0.90350 Alpha:0.50072
[MOE_TRACE] Group:2 Prob:0.90350 Alpha:0.50072
[MOE_TRACE] Group:0 Prob:0.83925 Alpha:0.50051
[MOE_TRACE] Group:1 Prob:0.21186 Alpha:0.50192
[MOE_TRACE] Group:2 Prob:0.90350 Alpha:0.50072
[MOE_TRACE] Group:0 Prob:0.84644 Alpha:0.50051
[MOE_TRACE] Group:0 Prob:0.84644 Alpha:0.50051
[MOE_TRACE] Group:0 Prob:0.84644 Alpha:0.50051
[MOE_TRACE] Group:1 Prob:0.21249 Alpha:0.50192
[MOE_TRACE] Group:1 Prob:0.21249 Alpha:0.50192
[MOE_TRACE] Group:1 Prob:0.21249 Alpha:0.50192
[MOE_TRACE] Group:2 Prob:0.90404 Alpha:0.50072
[MOE_TRACE] Group:2 Prob:0.90404 Alpha:0.50072
[MOE_TRACE] Group:2 Prob:0.90404 Alpha:0.50072
[MOE_TRACE] Group:0 Prob:0.84644 Alpha:0.50051
[MOE_TRACE] Group:1 Prob:0.21249 Alpha:0.50192
[MOE_TRACE] Group:2 Prob:0.90404 Alpha:0.50072
[MOE_TRACE] Group:0 Prob:0.84498 Alpha:0.50051
[MOE_TRACE] Group:0 Prob:0.84498 Alpha:0.50051
[MOE_TRACE] Group:0 Prob:0.84498 Alpha:0.50051
[MOE_TRACE] Group:1 Prob:0.20203 Alpha:0.50192
[MOE_TRACE] Group:1 Prob:0.20203 Alpha:0.50192
[MOE_TRACE] Group:1 Prob:0.20203 Alpha:0.50192
[MOE_TRACE] Group:2 Prob:0.90246 Alpha:0.50072
[MOE_TRACE] Group:0 Prob:0.84498 Alpha:0.50051
[MOE_TRACE] Group:2 Prob:0.90246 Alpha:0.50072
[MOE_TRACE] Group:2 Prob:0.90246 Alpha:0.50072
[MOE_TRACE] Group:1 Prob:0.20203 Alpha:0.50192
[MOE_TRACE] Group:2 Prob:0.90246 Alpha:0.50072
[MOE_TRACE] Group:0 Prob:0.84547 Alpha:0.50051
[MOE_TRACE] Group:1 Prob:0.22604 Alpha:0.50192
[MOE_TRACE] Group:0 Prob:0.84547 Alpha:0.50051
[MOE_TRACE] Group:1 Prob:0.22604 Alpha:0.50192
[MOE_TRACE] Group:0 Prob:0.84547 Alpha:0.50051
[MOE_TRACE] Group:2 Prob:0.90278 Alpha:0.50072
[MOE_TRACE] Group:1 Prob:0.22604 Alpha:0.50192
[MOE_TRACE] Group:2 Prob:0.90278 Alpha:0.50072
[MOE_TRACE] Group:0 Prob:0.84547 Alpha:0.50051
[MOE_TRACE] Group:1 Prob:0.22604 Alpha:0.50192
[MOE_TRACE] Group:2 Prob:0.90278 Alpha:0.50072
[MOE_TRACE] Group:0 Prob:0.84159 Alpha:0.50051
[MOE_TRACE] Group:0 Prob:0.84159 Alpha:0.50051
[MOE_TRACE] Group:0 Prob:0.84159 Alpha:0.50051
[MOE_TRACE] Group:1 Prob:0.22183 Alpha:0.50192
[MOE_TRACE] Group:1 Prob:0.22183 Alpha:0.50192
[MOE_TRACE] Group:1 Prob:0.22183 Alpha:0.50192
[MOE_TRACE] Group:0 Prob:0.84159 Alpha:0.50051
[MOE_TRACE] Group:1 Prob:0.22183 Alpha:0.50192
[MOE_TRACE] Group:2 Prob:0.90375 Alpha:0.50072
[MOE_TRACE] Group:2 Prob:0.90375 Alpha:0.50072
[MOE_TRACE] Group:2 Prob:0.90375 Alpha:0.50072
[MOE_TRACE] Group:2 Prob:0.90375 Alpha:0.50072
[MOE_TRACE] Group:0 Prob:0.84159 Alpha:0.50051
[MOE_TRACE] Group:0 Prob:0.84159 Alpha:0.50051
[MOE_TRACE] Group:1 Prob:0.21795 Alpha:0.50192[MOE_TRACE] Group:0 Prob:0.84159 Alpha:0.50051

[MOE_TRACE] Group:1 Prob:0.21795 Alpha:0.50192[MOE_TRACE] Group:2 Prob:0.90156 Alpha:0.50072[MOE_TRACE] Group:1 Prob:0.21795 Alpha:0.50192


[MOE_TRACE] Group:2 Prob:0.90156 Alpha:0.50072
[MOE_TRACE] Group:2 Prob:0.90156 Alpha:0.50072
[MOE_TRACE] Group:0 Prob:0.84159 Alpha:0.50051
[MOE_TRACE] Group:1 Prob:0.21795 Alpha:0.50192
[MOE_TRACE] Group:2 Prob:0.90156 Alpha:0.50072
[MOE_TRACE] Group:0 Prob:0.83939 Alpha:0.50051[MOE_TRACE] Group:0 Prob:0.83939 Alpha:0.50051
[MOE_TRACE] Group:0 Prob:0.83939 Alpha:0.50051

[MOE_TRACE] Group:1 Prob:0.21804 Alpha:0.50192[MOE_TRACE] Group:1 Prob:0.21804 Alpha:0.50192

[MOE_TRACE] Group:1 Prob:0.21804 Alpha:0.50192
[MOE_TRACE] Group:2 Prob:0.90185 Alpha:0.50072
[MOE_TRACE] Group:2 Prob:0.90185 Alpha:0.50072
[MOE_TRACE] Group:2 Prob:0.90185 Alpha:0.50072
[MOE_TRACE] Group:0 Prob:0.83939 Alpha:0.50051
[MOE_TRACE] Group:1 Prob:0.21804 Alpha:0.50192
[MOE_TRACE] Group:2 Prob:0.90185 Alpha:0.50072
[MOE_TRACE] Group:0 Prob:0.84323 Alpha:0.50051
[MOE_TRACE] Group:1 Prob:0.22934 Alpha:0.50192
[MOE_TRACE] Group:0 Prob:0.84323 Alpha:0.50051
[MOE_TRACE] Group:1 Prob:0.22934 Alpha:0.50192
[MOE_TRACE] Group:0 Prob:0.84323 Alpha:0.50051
[MOE_TRACE] Group:2 Prob:0.90119 Alpha:0.50072
[MOE_TRACE] Group:1 Prob:0.22934 Alpha:0.50192
[MOE_TRACE] Group:2 Prob:0.90119 Alpha:0.50072
[MOE_TRACE] Group:0 Prob:0.84323 Alpha:0.50051
[MOE_TRACE] Group:1 Prob:0.22934 Alpha:0.50192
[MOE_TRACE] Group:2 Prob:0.90119 Alpha:0.50072
[MOE_TRACE] Group:0 Prob:0.84724 Alpha:0.50051
[MOE_TRACE] Group:0 Prob:0.84724 Alpha:0.50051
[MOE_TRACE] Group:1 Prob:0.22476 Alpha:0.50192
[MOE_TRACE] Group:0 Prob:0.84724 Alpha:0.50051
[MOE_TRACE] Group:1 Prob:0.22476 Alpha:0.50192
[MOE_TRACE] Group:2 Prob:0.90509 Alpha:0.50072
[MOE_TRACE] Group:1 Prob:0.22476 Alpha:0.50192
[MOE_TRACE] Group:2 Prob:0.90509 Alpha:0.50072
[MOE_TRACE] Group:2 Prob:0.90509 Alpha:0.50072
[MOE_TRACE] Group:0 Prob:0.84724 Alpha:0.50051
[MOE_TRACE] Group:1 Prob:0.22476 Alpha:0.50192
[MOE_TRACE] Group:2 Prob:0.90509 Alpha:0.50072
[MOE_TRACE] Group:0 Prob:0.84057 Alpha:0.50051
[MOE_TRACE] Group:0 Prob:0.84057 Alpha:0.50051
[MOE_TRACE] Group:0 Prob:0.84057 Alpha:0.50051
[MOE_TRACE] Group:1 Prob:0.22507 Alpha:0.50192
[MOE_TRACE] Group:1 Prob:0.22507 Alpha:0.50192
[MOE_TRACE] Group:2 Prob:0.90536 Alpha:0.50072
[MOE_TRACE] Group:1 Prob:0.22507 Alpha:0.50192
[MOE_TRACE] Group:2 Prob:0.90536 Alpha:0.50072[MOE_TRACE] Group:2 Prob:0.90536 Alpha:0.50072

[MOE_TRACE] Group:0 Prob:0.84057 Alpha:0.50051
[MOE_TRACE] Group:1 Prob:0.22507 Alpha:0.50192
[MOE_TRACE] Group:2 Prob:0.90536 Alpha:0.50072
[MOE_TRACE] Group:0 Prob:0.84098 Alpha:0.50051
[MOE_TRACE] Group:2 Prob:0.90300 Alpha:0.50072
[MOE_TRACE] Group:0 Prob:0.83836 Alpha:0.50051[MOE_TRACE] Group:0 Prob:0.83836 Alpha:0.50051

[MOE_TRACE] Group:1 Prob:0.21122 Alpha:0.50192
[MOE_TRACE] Group:1 Prob:0.21122 Alpha:0.50192
[MOE_TRACE] Group:0 Prob:0.83836 Alpha:0.50051
[MOE_TRACE] Group:2 Prob:0.90008 Alpha:0.50072
[MOE_TRACE] Group:2 Prob:0.90008 Alpha:0.50072
[MOE_TRACE] Group:1 Prob:0.21122 Alpha:0.50192
[MOE_TRACE] Group:2 Prob:0.90008 Alpha:0.50072
[MOE_TRACE] Group:0 Prob:0.84033 Alpha:0.50051
[MOE_TRACE] Group:0 Prob:0.84033 Alpha:0.50051
[MOE_TRACE] Group:1 Prob:0.21515 Alpha:0.50192[MOE_TRACE] Group:1 Prob:0.21515 Alpha:0.50192

[MOE_TRACE] Group:0 Prob:0.84033 Alpha:0.50051
[MOE_TRACE] Group:2 Prob:0.89988 Alpha:0.50072[MOE_TRACE] Group:2 Prob:0.89988 Alpha:0.50072

[MOE_TRACE] Group:1 Prob:0.21515 Alpha:0.50192
[MOE_TRACE] Group:0 Prob:0.84033 Alpha:0.50051
[MOE_TRACE] Group:2 Prob:0.89988 Alpha:0.50072
[MOE_TRACE] Group:1 Prob:0.21515 Alpha:0.50192
[MOE_TRACE] Group:2 Prob:0.89988 Alpha:0.50072
[MOE_TRACE] Group:0 Prob:0.84371 Alpha:0.50052
[MOE_TRACE] Group:0 Prob:0.84371 Alpha:0.50052
[MOE_TRACE] Group:0 Prob:0.84371 Alpha:0.50052
[MOE_TRACE] Group:1 Prob:0.24064 Alpha:0.50192
[MOE_TRACE] Group:1 Prob:0.24064 Alpha:0.50192
[MOE_TRACE] Group:1 Prob:0.24064 Alpha:0.50192[MOE_TRACE] Group:2 Prob:0.90283 Alpha:0.50072

[MOE_TRACE] Group:2 Prob:0.90283 Alpha:0.50072
[MOE_TRACE] Group:2 Prob:0.90283 Alpha:0.50072
[MOE_TRACE] Group:0 Prob:0.84371 Alpha:0.50052
[MOE_TRACE] Group:1 Prob:0.24064 Alpha:0.50192
[MOE_TRACE] Group:2 Prob:0.90283 Alpha:0.50072
[MOE_TRACE] Group:0 Prob:0.84258 Alpha:0.50052
[MOE_TRACE] Group:0 Prob:0.84258 Alpha:0.50052
[MOE_TRACE] Group:0 Prob:0.84258 Alpha:0.50052
[MOE_TRACE] Group:1 Prob:0.22770 Alpha:0.50192
[MOE_TRACE] Group:1 Prob:0.22770 Alpha:0.50192
[MOE_TRACE] Group:1 Prob:0.22770 Alpha:0.50192
[MOE_TRACE] Group:2 Prob:0.90164 Alpha:0.50072
[MOE_TRACE] Group:2 Prob:0.90164 Alpha:0.50072
[MOE_TRACE] Group:2 Prob:0.90164 Alpha:0.50072
[MOE_TRACE] Group:0 Prob:0.84258 Alpha:0.50052
[MOE_TRACE] Group:1 Prob:0.22770 Alpha:0.50192
[MOE_TRACE] Group:2 Prob:0.90164 Alpha:0.50072
[MOE_TRACE] Group:0 Prob:0.84374 Alpha:0.50052
[MOE_TRACE] Group:0 Prob:0.84374 Alpha:0.50052
[MOE_TRACE] Group:0 Prob:0.84374 Alpha:0.50052
[MOE_TRACE] Group:1 Prob:0.23054 Alpha:0.50192
[MOE_TRACE] Group:0 Prob:0.84374 Alpha:0.50052
[MOE_TRACE] Group:1 Prob:0.23054 Alpha:0.50192
[MOE_TRACE] Group:2 Prob:0.90422 Alpha:0.50072
[MOE_TRACE] Group:0 Prob:0.84203 Alpha:0.50052
[MOE_TRACE] Group:1 Prob:0.22514 Alpha:0.50192
[MOE_TRACE] Group:2 Prob:0.90139 Alpha:0.50072
[MOE_TRACE] Group:0 Prob:0.84203 Alpha:0.50052[MOE_TRACE] Group:0 Prob:0.84203 Alpha:0.50052

[MOE_TRACE] Group:1 Prob:0.22514 Alpha:0.50192
[MOE_TRACE] Group:1 Prob:0.22514 Alpha:0.50192
[MOE_TRACE] Group:2 Prob:0.90139 Alpha:0.50072
[MOE_TRACE] Group:2 Prob:0.90139 Alpha:0.50072
[MOE_TRACE] Group:0 Prob:0.84203 Alpha:0.50052
[MOE_TRACE] Group:1 Prob:0.22514 Alpha:0.50192
[MOE_TRACE] Group:2 Prob:0.90139 Alpha:0.50072
[MOE_TRACE] Group:0 Prob:0.84150 Alpha:0.50052[MOE_TRACE] Group:0 Prob:0.84150 Alpha:0.50052

[MOE_TRACE] Group:1 Prob:0.23163 Alpha:0.50192[MOE_TRACE] Group:1 Prob:0.23163 Alpha:0.50192

[MOE_TRACE] Group:2 Prob:0.90018 Alpha:0.50072[MOE_TRACE] Group:2 Prob:0.90018 Alpha:0.50072

[MOE_TRACE] Group:0 Prob:0.84150 Alpha:0.50052
[MOE_TRACE] Group:1 Prob:0.23163 Alpha:0.50192
[MOE_TRACE] Group:2 Prob:0.90018 Alpha:0.50072
[MOE_TRACE] Group:0 Prob:0.84150 Alpha:0.50052
[MOE_TRACE] Group:1 Prob:0.23163 Alpha:0.50192
[MOE_TRACE] Group:2 Prob:0.90018 Alpha:0.50072
[MOE_TRACE] Group:0 Prob:0.84692 Alpha:0.50052
[MOE_TRACE] Group:0 Prob:0.84692 Alpha:0.50052
[MOE_TRACE] Group:0 Prob:0.84692 Alpha:0.50052
[MOE_TRACE] Group:1 Prob:0.23294 Alpha:0.50192
[MOE_TRACE] Group:1 Prob:0.23294 Alpha:0.50192
[MOE_TRACE] Group:1 Prob:0.23294 Alpha:0.50192
[MOE_TRACE] Group:2 Prob:0.90226 Alpha:0.50072[MOE_TRACE] Group:2 Prob:0.90226 Alpha:0.50072

[MOE_TRACE] Group:2 Prob:0.90226 Alpha:0.50072
[MOE_TRACE] Group:0 Prob:0.84692 Alpha:0.50052
[MOE_TRACE] Group:1 Prob:0.23294 Alpha:0.50192
[MOE_TRACE] Group:2 Prob:0.90226 Alpha:0.50072
[MOE_TRACE] Group:0 Prob:0.84926 Alpha:0.50052[MOE_TRACE] Group:0 Prob:0.84926 Alpha:0.50052
[MOE_TRACE] Group:0 Prob:0.84926 Alpha:0.50052

[MOE_TRACE] Group:1 Prob:0.23516 Alpha:0.50192
[MOE_TRACE] Group:2 Prob:0.90293 Alpha:0.50072
[MOE_TRACE] Group:1 Prob:0.23516 Alpha:0.50192[MOE_TRACE] Group:1 Prob:0.23516 Alpha:0.50192

[MOE_TRACE] Group:2 Prob:0.90293 Alpha:0.50072
[MOE_TRACE] Group:2 Prob:0.90293 Alpha:0.50072
[MOE_TRACE] Group:0 Prob:0.84926 Alpha:0.50052
[MOE_TRACE] Group:1 Prob:0.23516 Alpha:0.50192
[MOE_TRACE] Group:2 Prob:0.90293 Alpha:0.50072
[MOE_TRACE] Group:0 Prob:0.84174 Alpha:0.50052
[MOE_TRACE] Group:0 Prob:0.84174 Alpha:0.50052
[MOE_TRACE] Group:1 Prob:0.22528 Alpha:0.50192
[MOE_TRACE] Group:1 Prob:0.22528 Alpha:0.50192
[MOE_TRACE] Group:0 Prob:0.84174 Alpha:0.50052
[MOE_TRACE] Group:2 Prob:0.90213 Alpha:0.50072
[MOE_TRACE] Group:2 Prob:0.90213 Alpha:0.50072
[MOE_TRACE] Group:1 Prob:0.22528 Alpha:0.50192
[MOE_TRACE] Group:2 Prob:0.90213 Alpha:0.50072
[MOE_TRACE] Group:0 Prob:0.84174 Alpha:0.50052
[MOE_TRACE] Group:1 Prob:0.22528 Alpha:0.50192
[MOE_TRACE] Group:2 Prob:0.90213 Alpha:0.50072
[MOE_TRACE] Group:0 Prob:0.84211 Alpha:0.50052[MOE_TRACE] Group:0 Prob:0.84211 Alpha:0.50052

[MOE_TRACE] Group:1 Prob:0.22087 Alpha:0.50192[MOE_TRACE] Group:1 Prob:0.22087 Alpha:0.50192

[MOE_TRACE] Group:0 Prob:0.84211 Alpha:0.50052
[MOE_TRACE] Group:2 Prob:0.90115 Alpha:0.50072
[MOE_TRACE] Group:2 Prob:0.90115 Alpha:0.50072
[MOE_TRACE] Group:1 Prob:0.22087 Alpha:0.50192
[MOE_TRACE] Group:2 Prob:0.90115 Alpha:0.50072
[MOE_TRACE] Group:0 Prob:0.84211 Alpha:0.50052
[MOE_TRACE] Group:1 Prob:0.22087 Alpha:0.50192
[MOE_TRACE] Group:2 Prob:0.90115 Alpha:0.50072
[MOE_TRACE] Group:0 Prob:0.84325 Alpha:0.50052
[MOE_TRACE] Group:0 Prob:0.84325 Alpha:0.50052
[MOE_TRACE] Group:0 Prob:0.84325 Alpha:0.50052
[MOE_TRACE] Group:1 Prob:0.22331 Alpha:0.50192
[MOE_TRACE] Group:1 Prob:0.22331 Alpha:0.50192
[MOE_TRACE] Group:1 Prob:0.22331 Alpha:0.50192
[MOE_TRACE] Group:2 Prob:0.90082 Alpha:0.50072
[MOE_TRACE] Group:2 Prob:0.90082 Alpha:0.50072
[MOE_TRACE] Group:2 Prob:0.90082 Alpha:0.50072
[MOE_TRACE] Group:0 Prob:0.84325 Alpha:0.50052
[MOE_TRACE] Group:1 Prob:0.22331 Alpha:0.50192
[MOE_TRACE] Group:2 Prob:0.90082 Alpha:0.50072
[MOE_TRACE] Group:0 Prob:0.84133 Alpha:0.50052
[MOE_TRACE] Group:0 Prob:0.84133 Alpha:0.50052
[MOE_TRACE] Group:1 Prob:0.23519 Alpha:0.50192
[MOE_TRACE] Group:1 Prob:0.23519 Alpha:0.50192
[MOE_TRACE] Group:0 Prob:0.84133 Alpha:0.50052
[MOE_TRACE] Group:1 Prob:0.23519 Alpha:0.50192
[MOE_TRACE] Group:0 Prob:0.84133 Alpha:0.50052
[MOE_TRACE] Group:1 Prob:0.23519 Alpha:0.50192
[MOE_TRACE] Group:2 Prob:0.89943 Alpha:0.50072
[MOE_TRACE] Group:0 Prob:0.84226 Alpha:0.50052
[MOE_TRACE] Group:1 Prob:0.22537 Alpha:0.50192
[MOE_TRACE] Group:0 Prob:0.84226 Alpha:0.50052
[MOE_TRACE] Group:2 Prob:0.90038 Alpha:0.50072
[MOE_TRACE] Group:0 Prob:0.84226 Alpha:0.50052
[MOE_TRACE] Group:1 Prob:0.22537 Alpha:0.50192
[MOE_TRACE] Group:1 Prob:0.22537 Alpha:0.50192
[MOE_TRACE] Group:2 Prob:0.90038 Alpha:0.50072
[MOE_TRACE] Group:2 Prob:0.90038 Alpha:0.50072
[MOE_TRACE] Group:0 Prob:0.84226 Alpha:0.50052
[MOE_TRACE] Group:1 Prob:0.22537 Alpha:0.50192
[MOE_TRACE] Group:2 Prob:0.90038 Alpha:0.50072
[MOE_TRACE] Group:0 Prob:0.84202 Alpha:0.50051
[MOE_TRACE] Group:0 Prob:0.84202 Alpha:0.50051[MOE_TRACE] Group:1 Prob:0.22457 Alpha:0.50192

[MOE_TRACE] Group:1 Prob:0.22457 Alpha:0.50192
[MOE_TRACE] Group:0 Prob:0.84202 Alpha:0.50051
[MOE_TRACE] Group:1 Prob:0.22457 Alpha:0.50192
[MOE_TRACE] Group:0 Prob:0.84202 Alpha:0.50051
[MOE_TRACE] Group:1 Prob:0.22457 Alpha:0.50192
[MOE_TRACE] Group:2 Prob:0.90103 Alpha:0.50072
[MOE_TRACE] Group:0 Prob:0.84289 Alpha:0.50052
[MOE_TRACE] Group:0 Prob:0.84289 Alpha:0.50052
[MOE_TRACE] Group:0 Prob:0.84289 Alpha:0.50052
[MOE_TRACE] Group:1 Prob:0.23119 Alpha:0.50192
[MOE_TRACE] Group:1 Prob:0.23119 Alpha:0.50192
[MOE_TRACE] Group:1 Prob:0.23119 Alpha:0.50192
[MOE_TRACE] Group:2 Prob:0.90142 Alpha:0.50072
[MOE_TRACE] Group:2 Prob:0.90142 Alpha:0.50072
[MOE_TRACE] Group:2 Prob:0.90142 Alpha:0.50072
[MOE_TRACE] Group:0 Prob:0.84289 Alpha:0.50052
[MOE_TRACE] Group:1 Prob:0.23119 Alpha:0.50192
[MOE_TRACE] Group:2 Prob:0.90142 Alpha:0.50072
[MOE_TRACE] Group:0 Prob:0.84438 Alpha:0.50052
[MOE_TRACE] Group:0 Prob:0.84438 Alpha:0.50052
[MOE_TRACE] Group:1 Prob:0.21684 Alpha:0.50192
[MOE_TRACE] Group:0 Prob:0.84438 Alpha:0.50052
[MOE_TRACE] Group:1 Prob:0.21684 Alpha:0.50192
[MOE_TRACE] Group:2 Prob:0.90200 Alpha:0.50072
[MOE_TRACE] Group:1 Prob:0.21684 Alpha:0.50192
[MOE_TRACE] Group:2 Prob:0.90200 Alpha:0.50072
[MOE_TRACE] Group:2 Prob:0.90200 Alpha:0.50072
[MOE_TRACE] Group:0 Prob:0.84438 Alpha:0.50052
[MOE_TRACE] Group:1 Prob:0.21684 Alpha:0.50192
[MOE_TRACE] Group:2 Prob:0.90200 Alpha:0.50072
[MOE_TRACE] Group:0 Prob:0.84040 Alpha:0.50052[MOE_TRACE] Group:0 Prob:0.84040 Alpha:0.50052

[MOE_TRACE] Group:0 Prob:0.84040 Alpha:0.50052
[MOE_TRACE] Group:1 Prob:0.22307 Alpha:0.50192
[MOE_TRACE] Group:1 Prob:0.22307 Alpha:0.50192
[MOE_TRACE] Group:1 Prob:0.22307 Alpha:0.50192
[MOE_TRACE] Group:2 Prob:0.90327 Alpha:0.50072
[MOE_TRACE] Group:2 Prob:0.90327 Alpha:0.50072
[MOE_TRACE] Group:2 Prob:0.90327 Alpha:0.50072
[MOE_TRACE] Group:0 Prob:0.84040 Alpha:0.50052
[MOE_TRACE] Group:1 Prob:0.22307 Alpha:0.50192
[MOE_TRACE] Group:2 Prob:0.90327 Alpha:0.50072
[MOE_TRACE] Group:0 Prob:0.84057 Alpha:0.50052
[MOE_TRACE] Group:0 Prob:0.84057 Alpha:0.50052
[MOE_TRACE] Group:0 Prob:0.84057 Alpha:0.50052
[MOE_TRACE] Group:1 Prob:0.22369 Alpha:0.50192
[MOE_TRACE] Group:1 Prob:0.22369 Alpha:0.50192
[MOE_TRACE] Group:1 Prob:0.22369 Alpha:0.50192
[MOE_TRACE] Group:2 Prob:0.90091 Alpha:0.50072
[MOE_TRACE] Group:2 Prob:0.90091 Alpha:0.50072
[MOE_TRACE] Group:2 Prob:0.90091 Alpha:0.50072
[MOE_TRACE] Group:0 Prob:0.84057 Alpha:0.50052
[MOE_TRACE] Group:1 Prob:0.22369 Alpha:0.50192
[MOE_TRACE] Group:2 Prob:0.90091 Alpha:0.50072
[MOE_TRACE] Group:0 Prob:0.84193 Alpha:0.50052[MOE_TRACE] Group:0 Prob:0.84193 Alpha:0.50052
[MOE_TRACE] Group:0 Prob:0.84193 Alpha:0.50052

[MOE_TRACE] Group:1 Prob:0.22539 Alpha:0.50192[MOE_TRACE] Group:1 Prob:0.22539 Alpha:0.50192

[MOE_TRACE] Group:1 Prob:0.22539 Alpha:0.50192
[MOE_TRACE] Group:2 Prob:0.90139 Alpha:0.50072[MOE_TRACE] Group:2 Prob:0.90139 Alpha:0.50072

[MOE_TRACE] Group:2 Prob:0.90139 Alpha:0.50072
[MOE_TRACE] Group:0 Prob:0.84193 Alpha:0.50052
[MOE_TRACE] Group:1 Prob:0.22539 Alpha:0.50192
[MOE_TRACE] Group:2 Prob:0.90139 Alpha:0.50072
[MOE_TRACE] Group:0 Prob:0.84269 Alpha:0.50052
[MOE_TRACE] Group:1 Prob:0.22087 Alpha:0.50192
[MOE_TRACE] Group:0 Prob:0.84269 Alpha:0.50052
[MOE_TRACE] Group:1 Prob:0.22087 Alpha:0.50192
[MOE_TRACE] Group:0 Prob:0.84269 Alpha:0.50052
[MOE_TRACE] Group:1 Prob:0.22087 Alpha:0.50192
[MOE_TRACE] Group:2 Prob:0.90555 Alpha:0.50072
[MOE_TRACE] Group:0 Prob:0.84269 Alpha:0.50052
[MOE_TRACE] Group:1 Prob:0.22087 Alpha:0.50192
[MOE_TRACE] Group:2 Prob:0.90555 Alpha:0.50072
[MOE_TRACE] Group:0 Prob:0.84453 Alpha:0.50052
[MOE_TRACE] Group:1 Prob:0.22773 Alpha:0.50192
[MOE_TRACE] Group:0 Prob:0.84453 Alpha:0.50052
[MOE_TRACE] Group:2 Prob:0.90200 Alpha:0.50072
[MOE_TRACE] Group:1 Prob:0.22773 Alpha:0.50192[MOE_TRACE] Group:0 Prob:0.84453 Alpha:0.50052

[MOE_TRACE] Group:2 Prob:0.90200 Alpha:0.50072
[MOE_TRACE] Group:1 Prob:0.22773 Alpha:0.50192
[MOE_TRACE] Group:2 Prob:0.90200 Alpha:0.50072
[MOE_TRACE] Group:0 Prob:0.84453 Alpha:0.50052
[MOE_TRACE] Group:1 Prob:0.22773 Alpha:0.50192
[MOE_TRACE] Group:2 Prob:0.90200 Alpha:0.50072
[MOE_TRACE] Group:0 Prob:0.84784 Alpha:0.50052
[MOE_TRACE] Group:0 Prob:0.84784 Alpha:0.50052
[MOE_TRACE] Group:0 Prob:0.84784 Alpha:0.50052
[MOE_TRACE] Group:1 Prob:0.22027 Alpha:0.50192
[MOE_TRACE] Group:1 Prob:0.22027 Alpha:0.50192
[MOE_TRACE] Group:1 Prob:0.22027 Alpha:0.50192
[MOE_TRACE] Group:2 Prob:0.90209 Alpha:0.50072
[MOE_TRACE] Group:0 Prob:0.84784 Alpha:0.50052
[MOE_TRACE] Group:2 Prob:0.90209 Alpha:0.50072[MOE_TRACE] Group:2 Prob:0.90209 Alpha:0.50072

[MOE_TRACE] Group:1 Prob:0.22027 Alpha:0.50192
[MOE_TRACE] Group:2 Prob:0.90209 Alpha:0.50072
[MOE_TRACE] Group:0 Prob:0.83725 Alpha:0.50052
[MOE_TRACE] Group:0 Prob:0.83725 Alpha:0.50052
[MOE_TRACE] Group:0 Prob:0.83725 Alpha:0.50052
[MOE_TRACE] Group:1 Prob:0.22035 Alpha:0.50192
[MOE_TRACE] Group:1 Prob:0.22035 Alpha:0.50192
[MOE_TRACE] Group:1 Prob:0.22035 Alpha:0.50192
[MOE_TRACE] Group:2 Prob:0.90301 Alpha:0.50072
[MOE_TRACE] Group:2 Prob:0.90301 Alpha:0.50072
[MOE_TRACE] Group:2 Prob:0.90301 Alpha:0.50072
[MOE_TRACE] Group:0 Prob:0.83725 Alpha:0.50052
[MOE_TRACE] Group:1 Prob:0.22035 Alpha:0.50192
[MOE_TRACE] Group:2 Prob:0.90301 Alpha:0.50072
[MOE_TRACE] Group:0 Prob:0.84373 Alpha:0.50052
[MOE_TRACE] Group:1 Prob:0.23365 Alpha:0.50192
[MOE_TRACE] Group:0 Prob:0.84373 Alpha:0.50052
[MOE_TRACE] Group:0 Prob:0.84373 Alpha:0.50052
[MOE_TRACE] Group:2 Prob:0.90082 Alpha:0.50072
[MOE_TRACE] Group:1 Prob:0.23365 Alpha:0.50192
[MOE_TRACE] Group:1 Prob:0.23365 Alpha:0.50192
[MOE_TRACE] Group:0 Prob:0.84373 Alpha:0.50052
[MOE_TRACE] Group:2 Prob:0.90082 Alpha:0.50072
[MOE_TRACE] Group:2 Prob:0.90082 Alpha:0.50072[MOE_TRACE] Group:1 Prob:0.23365 Alpha:0.50192

[MOE_TRACE] Group:2 Prob:0.90082 Alpha:0.50072
[MOE_TRACE] Group:0 Prob:0.84337 Alpha:0.50052
[MOE_TRACE] Group:1 Prob:0.22274 Alpha:0.50192
[MOE_TRACE] Group:0 Prob:0.84337 Alpha:0.50052[MOE_TRACE] Group:0 Prob:0.84337 Alpha:0.50052

[MOE_TRACE] Group:2 Prob:0.90444 Alpha:0.50072
[MOE_TRACE] Group:1 Prob:0.22274 Alpha:0.50192
[MOE_TRACE] Group:1 Prob:0.22274 Alpha:0.50192
[MOE_TRACE] Group:2 Prob:0.90444 Alpha:0.50072
[MOE_TRACE] Group:2 Prob:0.90444 Alpha:0.50072
[MOE_TRACE] Group:0 Prob:0.84337 Alpha:0.50052
[MOE_TRACE] Group:1 Prob:0.22274 Alpha:0.50192
[MOE_TRACE] Group:2 Prob:0.90444 Alpha:0.50072
[MOE_TRACE] Group:0 Prob:0.84596 Alpha:0.50052[MOE_TRACE] Group:0 Prob:0.84596 Alpha:0.50052

[MOE_TRACE] Group:0 Prob:0.84596 Alpha:0.50052
[MOE_TRACE] Group:1 Prob:0.22223 Alpha:0.50193
[MOE_TRACE] Group:2 Prob:0.90222 Alpha:0.50072
[MOE_TRACE] Group:1 Prob:0.22223 Alpha:0.50193[MOE_TRACE] Group:1 Prob:0.22223 Alpha:0.50193

[MOE_TRACE] Group:2 Prob:0.90222 Alpha:0.50072
[MOE_TRACE] Group:2 Prob:0.90222 Alpha:0.50072
[MOE_TRACE] Group:0 Prob:0.84596 Alpha:0.50052
[MOE_TRACE] Group:1 Prob:0.22223 Alpha:0.50193
[MOE_TRACE] Group:2 Prob:0.90222 Alpha:0.50072
[MOE_TRACE] Group:0 Prob:0.84109 Alpha:0.50052
[MOE_TRACE] Group:0 Prob:0.84109 Alpha:0.50052
[MOE_TRACE] Group:0 Prob:0.84109 Alpha:0.50052
[MOE_TRACE] Group:1 Prob:0.21533 Alpha:0.50193
[MOE_TRACE] Group:1 Prob:0.21533 Alpha:0.50193
[MOE_TRACE] Group:2 Prob:0.89876 Alpha:0.50072
[MOE_TRACE] Group:1 Prob:0.21533 Alpha:0.50193
[MOE_TRACE] Group:0 Prob:0.84109 Alpha:0.50052
[MOE_TRACE] Group:2 Prob:0.89876 Alpha:0.50072
[MOE_TRACE] Group:2 Prob:0.89876 Alpha:0.50072
[MOE_TRACE] Group:1 Prob:0.21533 Alpha:0.50193
[MOE_TRACE] Group:2 Prob:0.89876 Alpha:0.50072
[MOE_TRACE] Group:0 Prob:0.84409 Alpha:0.50052
[MOE_TRACE] Group:0 Prob:0.84409 Alpha:0.50052
[MOE_TRACE] Group:1 Prob:0.25172 Alpha:0.50193
[MOE_TRACE] Group:1 Prob:0.25172 Alpha:0.50193
[MOE_TRACE] Group:0 Prob:0.84409 Alpha:0.50052
[MOE_TRACE] Group:1 Prob:0.25172 Alpha:0.50193
[MOE_TRACE] Group:0 Prob:0.84409 Alpha:0.50052
[MOE_TRACE] Group:1 Prob:0.25172 Alpha:0.50193
[MOE_TRACE] Group:2 Prob:0.90065 Alpha:0.50072
[MOE_TRACE] Group:0 Prob:0.84510 Alpha:0.50051
[MOE_TRACE] Group:0 Prob:0.84510 Alpha:0.50051
[MOE_TRACE] Group:0 Prob:0.84510 Alpha:0.50051
[MOE_TRACE] Group:1 Prob:0.23267 Alpha:0.50193
[MOE_TRACE] Group:1 Prob:0.23267 Alpha:0.50193
[MOE_TRACE] Group:1 Prob:0.23267 Alpha:0.50193
[MOE_TRACE] Group:2 Prob:0.90259 Alpha:0.50072
[MOE_TRACE] Group:2 Prob:0.90259 Alpha:0.50072
[MOE_TRACE] Group:2 Prob:0.90259 Alpha:0.50072
[MOE_TRACE] Group:0 Prob:0.84510 Alpha:0.50051
[MOE_TRACE] Group:1 Prob:0.23267 Alpha:0.50193
[MOE_TRACE] Group:2 Prob:0.90259 Alpha:0.50072
[MOE_TRACE] Group:0 Prob:0.84132 Alpha:0.50051
[MOE_TRACE] Group:0 Prob:0.84132 Alpha:0.50051
[MOE_TRACE] Group:0 Prob:0.84132 Alpha:0.50051
[MOE_TRACE] Group:1 Prob:0.23852 Alpha:0.50193
[MOE_TRACE] Group:1 Prob:0.23852 Alpha:0.50193
[MOE_TRACE] Group:1 Prob:0.23852 Alpha:0.50193
[MOE_TRACE] Group:2 Prob:0.90190 Alpha:0.50072
[MOE_TRACE] Group:2 Prob:0.90190 Alpha:0.50072
[MOE_TRACE] Group:2 Prob:0.90190 Alpha:0.50072
[MOE_TRACE] Group:0 Prob:0.84132 Alpha:0.50051
[MOE_TRACE] Group:1 Prob:0.23852 Alpha:0.50193
[MOE_TRACE] Group:2 Prob:0.90190 Alpha:0.50072
[MOE_TRACE] Group:0 Prob:0.84069 Alpha:0.50051
[MOE_TRACE] Group:0 Prob:0.84069 Alpha:0.50051
[MOE_TRACE] Group:0 Prob:0.84069 Alpha:0.50051
[MOE_TRACE] Group:1 Prob:0.22586 Alpha:0.50193
[MOE_TRACE] Group:1 Prob:0.22586 Alpha:0.50193
[MOE_TRACE] Group:1 Prob:0.22586 Alpha:0.50193
[MOE_TRACE] Group:2 Prob:0.90180 Alpha:0.50072
[MOE_TRACE] Group:0 Prob:0.84069 Alpha:0.50051[MOE_TRACE] Group:2 Prob:0.90180 Alpha:0.50072

[MOE_TRACE] Group:2 Prob:0.90180 Alpha:0.50072
[MOE_TRACE] Group:1 Prob:0.22586 Alpha:0.50193
[MOE_TRACE] Group:2 Prob:0.90180 Alpha:0.50072
[MOE_TRACE] Group:0 Prob:0.84463 Alpha:0.50051[MOE_TRACE] Group:0 Prob:0.84463 Alpha:0.50051

[MOE_TRACE] Group:1 Prob:0.21414 Alpha:0.50193
[MOE_TRACE] Group:1 Prob:0.21414 Alpha:0.50193
[MOE_TRACE] Group:2 Prob:0.90168 Alpha:0.50072
[MOE_TRACE] Group:2 Prob:0.90168 Alpha:0.50072[MOE_TRACE] Group:0 Prob:0.84463 Alpha:0.50051

[MOE_TRACE] Group:1 Prob:0.21414 Alpha:0.50193
[MOE_TRACE] Group:2 Prob:0.90168 Alpha:0.50072
[MOE_TRACE] Group:0 Prob:0.84463 Alpha:0.50051
[MOE_TRACE] Group:1 Prob:0.21414 Alpha:0.50193
[MOE_TRACE] Group:2 Prob:0.90168 Alpha:0.50072
[MOE_TRACE] Group:0 Prob:0.84281 Alpha:0.50051
[MOE_TRACE] Group:0 Prob:0.84281 Alpha:0.50051
[MOE_TRACE] Group:0 Prob:0.84281 Alpha:0.50051
[MOE_TRACE] Group:1 Prob:0.22171 Alpha:0.50193[MOE_TRACE] Group:1 Prob:0.22171 Alpha:0.50193

[MOE_TRACE] Group:2 Prob:0.89785 Alpha:0.50072[MOE_TRACE] Group:2 Prob:0.89785 Alpha:0.50072
[MOE_TRACE] Group:1 Prob:0.22171 Alpha:0.50193

[MOE_TRACE] Group:2 Prob:0.89785 Alpha:0.50072
[MOE_TRACE] Group:0 Prob:0.84281 Alpha:0.50051
[MOE_TRACE] Group:1 Prob:0.22171 Alpha:0.50193
[MOE_TRACE] Group:2 Prob:0.89785 Alpha:0.50072
[MOE_TRACE] Group:0 Prob:0.83903 Alpha:0.50051
[MOE_TRACE] Group:0 Prob:0.83903 Alpha:0.50051
[MOE_TRACE] Group:0 Prob:0.83903 Alpha:0.50051
[MOE_TRACE] Group:1 Prob:0.22341 Alpha:0.50193[MOE_TRACE] Group:1 Prob:0.22341 Alpha:0.50193

[MOE_TRACE] Group:1 Prob:0.22341 Alpha:0.50193
[MOE_TRACE] Group:2 Prob:0.90093 Alpha:0.50072
[MOE_TRACE] Group:2 Prob:0.90093 Alpha:0.50072
[MOE_TRACE] Group:2 Prob:0.90093 Alpha:0.50072
[MOE_TRACE] Group:0 Prob:0.83903 Alpha:0.50051
[MOE_TRACE] Group:1 Prob:0.22341 Alpha:0.50193
[MOE_TRACE] Group:2 Prob:0.90093 Alpha:0.50072
[MOE_TRACE] Group:0 Prob:0.83764 Alpha:0.50051
[MOE_TRACE] Group:1 Prob:0.21606 Alpha:0.50193
[MOE_TRACE] Group:0 Prob:0.83764 Alpha:0.50051
[MOE_TRACE] Group:2 Prob:0.90082 Alpha:0.50072
[MOE_TRACE] Group:0 Prob:0.83764 Alpha:0.50051
[MOE_TRACE] Group:1 Prob:0.21606 Alpha:0.50193
[MOE_TRACE] Group:1 Prob:0.21606 Alpha:0.50193
[MOE_TRACE] Group:2 Prob:0.90082 Alpha:0.50072
[MOE_TRACE] Group:2 Prob:0.90082 Alpha:0.50072
[MOE_TRACE] Group:0 Prob:0.83764 Alpha:0.50051
[MOE_TRACE] Group:1 Prob:0.21606 Alpha:0.50193
[MOE_TRACE] Group:2 Prob:0.90082 Alpha:0.50072
[MOE_TRACE] Group:0 Prob:0.84208 Alpha:0.50051[MOE_TRACE] Group:0 Prob:0.84208 Alpha:0.50051

[MOE_TRACE] Group:0 Prob:0.84208 Alpha:0.50051
[MOE_TRACE] Group:1 Prob:0.21018 Alpha:0.50193[MOE_TRACE] Group:1 Prob:0.21018 Alpha:0.50193
[MOE_TRACE] Group:1 Prob:0.21018 Alpha:0.50193

[MOE_TRACE] Group:0 Prob:0.84208 Alpha:0.50051
[MOE_TRACE] Group:2 Prob:0.90218 Alpha:0.50072
[MOE_TRACE] Group:2 Prob:0.90218 Alpha:0.50072[MOE_TRACE] Group:2 Prob:0.90218 Alpha:0.50072
[MOE_TRACE] Group:1 Prob:0.21018 Alpha:0.50193

[MOE_TRACE] Group:2 Prob:0.90218 Alpha:0.50072
[MOE_TRACE] Group:0 Prob:0.84195 Alpha:0.50051
[MOE_TRACE] Group:0 Prob:0.84195 Alpha:0.50051
[MOE_TRACE] Group:0 Prob:0.84195 Alpha:0.50051
[MOE_TRACE] Group:1 Prob:0.21002 Alpha:0.50193
[MOE_TRACE] Group:1 Prob:0.21002 Alpha:0.50193
[MOE_TRACE] Group:1 Prob:0.21002 Alpha:0.50193
[MOE_TRACE] Group:2 Prob:0.90100 Alpha:0.50072
[MOE_TRACE] Group:2 Prob:0.90100 Alpha:0.50072
[MOE_TRACE] Group:2 Prob:0.90100 Alpha:0.50072
[MOE_TRACE] Group:0 Prob:0.84195 Alpha:0.50051
[MOE_TRACE] Group:1 Prob:0.21002 Alpha:0.50193
[MOE_TRACE] Group:2 Prob:0.90100 Alpha:0.50072
[MOE_TRACE] Group:0 Prob:0.83737 Alpha:0.50052
[MOE_TRACE] Group:0 Prob:0.83737 Alpha:0.50052
[MOE_TRACE] Group:0 Prob:0.83737 Alpha:0.50052
[MOE_TRACE] Group:1 Prob:0.21389 Alpha:0.50193
[MOE_TRACE] Group:1 Prob:0.21389 Alpha:0.50193[MOE_TRACE] Group:1 Prob:0.21389 Alpha:0.50193

[MOE_TRACE] Group:2 Prob:0.90407 Alpha:0.50072
[MOE_TRACE] Group:2 Prob:0.90407 Alpha:0.50072
[MOE_TRACE] Group:2 Prob:0.90407 Alpha:0.50072
[MOE_TRACE] Group:0 Prob:0.83737 Alpha:0.50052
[MOE_TRACE] Group:1 Prob:0.21389 Alpha:0.50193
[MOE_TRACE] Group:2 Prob:0.90407 Alpha:0.50072
[MOE_TRACE] Group:0 Prob:0.83793 Alpha:0.50052
[MOE_TRACE] Group:0 Prob:0.83793 Alpha:0.50052
[MOE_TRACE] Group:1 Prob:0.22664 Alpha:0.50193[MOE_TRACE] Group:1 Prob:0.22664 Alpha:0.50193

[MOE_TRACE] Group:0 Prob:0.83793 Alpha:0.50052
[MOE_TRACE] Group:2 Prob:0.90120 Alpha:0.50072
[MOE_TRACE] Group:2 Prob:0.90120 Alpha:0.50072
[MOE_TRACE] Group:1 Prob:0.22664 Alpha:0.50193
[MOE_TRACE] Group:2 Prob:0.90120 Alpha:0.50072
[MOE_TRACE] Group:0 Prob:0.83793 Alpha:0.50052
[MOE_TRACE] Group:1 Prob:0.22664 Alpha:0.50193
[MOE_TRACE] Group:2 Prob:0.90120 Alpha:0.50072
[MOE_TRACE] Group:0 Prob:0.84515 Alpha:0.50052[MOE_TRACE] Group:0 Prob:0.84515 Alpha:0.50052

[MOE_TRACE] Group:0 Prob:0.84515 Alpha:0.50052
[MOE_TRACE] Group:1 Prob:0.22412 Alpha:0.50193[MOE_TRACE] Group:1 Prob:0.22412 Alpha:0.50193

[MOE_TRACE] Group:2 Prob:0.90025 Alpha:0.50072[MOE_TRACE] Group:2 Prob:0.90025 Alpha:0.50072

[MOE_TRACE] Group:1 Prob:0.22412 Alpha:0.50193
[MOE_TRACE] Group:2 Prob:0.90025 Alpha:0.50072
[MOE_TRACE] Group:0 Prob:0.84515 Alpha:0.50052
[MOE_TRACE] Group:1 Prob:0.22412 Alpha:0.50193
[MOE_TRACE] Group:2 Prob:0.90025 Alpha:0.50072
[MOE_TRACE] Group:0 Prob:0.84650 Alpha:0.50052
[MOE_TRACE] Group:0 Prob:0.84650 Alpha:0.50052
[MOE_TRACE] Group:1 Prob:0.22257 Alpha:0.50193
[MOE_TRACE] Group:1 Prob:0.22257 Alpha:0.50193
[MOE_TRACE] Group:0 Prob:0.84650 Alpha:0.50052
[MOE_TRACE] Group:1 Prob:0.22257 Alpha:0.50193
[MOE_TRACE] Group:2 Prob:0.90118 Alpha:0.50072
[MOE_TRACE] Group:0 Prob:0.84650 Alpha:0.50052
[MOE_TRACE] Group:1 Prob:0.22257 Alpha:0.50193
[MOE_TRACE] Group:2 Prob:0.90118 Alpha:0.50072
[MOE_TRACE] Group:0 Prob:0.83856 Alpha:0.50052
[MOE_TRACE] Group:1 Prob:0.23276 Alpha:0.50193
[MOE_TRACE] Group:0 Prob:0.83856 Alpha:0.50052
[MOE_TRACE] Group:1 Prob:0.23276 Alpha:0.50193
[MOE_TRACE] Group:0 Prob:0.83856 Alpha:0.50052
[MOE_TRACE] Group:1 Prob:0.23276 Alpha:0.50193
[MOE_TRACE] Group:2 Prob:0.90168 Alpha:0.50072
[MOE_TRACE] Group:0 Prob:0.83856 Alpha:0.50052
[MOE_TRACE] Group:1 Prob:0.23276 Alpha:0.50193
[MOE_TRACE] Group:2 Prob:0.90168 Alpha:0.50072
[MOE_TRACE] Group:0 Prob:0.84101 Alpha:0.50052
[MOE_TRACE] Group:1 Prob:0.21163 Alpha:0.50193
[MOE_TRACE] Group:0 Prob:0.84101 Alpha:0.50052
[MOE_TRACE] Group:0 Prob:0.84101 Alpha:0.50052
[MOE_TRACE] Group:1 Prob:0.21163 Alpha:0.50193
[MOE_TRACE] Group:2 Prob:0.90280 Alpha:0.50072
[MOE_TRACE] Group:2 Prob:0.90280 Alpha:0.50072
[MOE_TRACE] Group:1 Prob:0.21163 Alpha:0.50193
[MOE_TRACE] Group:0 Prob:0.84101 Alpha:0.50052[MOE_TRACE] Group:2 Prob:0.90280 Alpha:0.50072

[MOE_TRACE] Group:1 Prob:0.21163 Alpha:0.50193
[MOE_TRACE] Group:2 Prob:0.90280 Alpha:0.50072
[MOE_TRACE] Group:0 Prob:0.83998 Alpha:0.50052[MOE_TRACE] Group:0 Prob:0.83998 Alpha:0.50052

[MOE_TRACE] Group:1 Prob:0.22178 Alpha:0.50193
[MOE_TRACE] Group:0 Prob:0.83998 Alpha:0.50052[MOE_TRACE] Group:1 Prob:0.22178 Alpha:0.50193

[MOE_TRACE] Group:2 Prob:0.90110 Alpha:0.50072
[MOE_TRACE] Group:2 Prob:0.90110 Alpha:0.50072[MOE_TRACE] Group:1 Prob:0.22178 Alpha:0.50193

[MOE_TRACE] Group:2 Prob:0.90110 Alpha:0.50072
[MOE_TRACE] Group:0 Prob:0.83998 Alpha:0.50052
[MOE_TRACE] Group:1 Prob:0.22178 Alpha:0.50193
[MOE_TRACE] Group:2 Prob:0.90110 Alpha:0.50072
	iters: 100, epoch: 8 | loss: 0.2531020
	speed: 5.3209s/iter; left time: 1803.7918s
[MOE_TRACE] Group:0 Prob:0.83801 Alpha:0.50052
[MOE_TRACE] Group:0 Prob:0.83801 Alpha:0.50052
[MOE_TRACE] Group:1 Prob:0.22437 Alpha:0.50193
[MOE_TRACE] Group:0 Prob:0.83801 Alpha:0.50052[MOE_TRACE] Group:1 Prob:0.22437 Alpha:0.50193

[MOE_TRACE] Group:2 Prob:0.89959 Alpha:0.50072
[MOE_TRACE] Group:1 Prob:0.22437 Alpha:0.50193
[MOE_TRACE] Group:2 Prob:0.89959 Alpha:0.50072
[MOE_TRACE] Group:2 Prob:0.89959 Alpha:0.50072
[MOE_TRACE] Group:0 Prob:0.83801 Alpha:0.50052
[MOE_TRACE] Group:1 Prob:0.22437 Alpha:0.50193
[MOE_TRACE] Group:2 Prob:0.89959 Alpha:0.50072
[MOE_TRACE] Group:0 Prob:0.84465 Alpha:0.50052
[MOE_TRACE] Group:1 Prob:0.21594 Alpha:0.50193
[MOE_TRACE] Group:2 Prob:0.89978 Alpha:0.50072
[MOE_TRACE] Group:0 Prob:0.84465 Alpha:0.50052
[MOE_TRACE] Group:0 Prob:0.84465 Alpha:0.50052
[MOE_TRACE] Group:1 Prob:0.21594 Alpha:0.50193
[MOE_TRACE] Group:1 Prob:0.21594 Alpha:0.50193
[MOE_TRACE] Group:2 Prob:0.89978 Alpha:0.50072
[MOE_TRACE] Group:0 Prob:0.84465 Alpha:0.50052
[MOE_TRACE] Group:2 Prob:0.89978 Alpha:0.50072
[MOE_TRACE] Group:1 Prob:0.21594 Alpha:0.50193
[MOE_TRACE] Group:2 Prob:0.89978 Alpha:0.50072
[MOE_TRACE] Group:0 Prob:0.84154 Alpha:0.50052[MOE_TRACE] Group:0 Prob:0.84154 Alpha:0.50052

[MOE_TRACE] Group:0 Prob:0.84154 Alpha:0.50052
[MOE_TRACE] Group:1 Prob:0.22487 Alpha:0.50193
[MOE_TRACE] Group:1 Prob:0.22487 Alpha:0.50193
[MOE_TRACE] Group:1 Prob:0.22487 Alpha:0.50193
[MOE_TRACE] Group:2 Prob:0.90332 Alpha:0.50072
[MOE_TRACE] Group:2 Prob:0.90332 Alpha:0.50072
[MOE_TRACE] Group:2 Prob:0.90332 Alpha:0.50072
[MOE_TRACE] Group:0 Prob:0.84154 Alpha:0.50052
[MOE_TRACE] Group:1 Prob:0.22487 Alpha:0.50193
[MOE_TRACE] Group:2 Prob:0.90332 Alpha:0.50072
[MOE_TRACE] Group:0 Prob:0.84316 Alpha:0.50052
[MOE_TRACE] Group:1 Prob:0.21741 Alpha:0.50193
[MOE_TRACE] Group:0 Prob:0.84316 Alpha:0.50052[MOE_TRACE] Group:2 Prob:0.90314 Alpha:0.50072

[MOE_TRACE] Group:0 Prob:0.84316 Alpha:0.50052
[MOE_TRACE] Group:1 Prob:0.21741 Alpha:0.50193
[MOE_TRACE] Group:1 Prob:0.21741 Alpha:0.50193
[MOE_TRACE] Group:2 Prob:0.90314 Alpha:0.50072
[MOE_TRACE] Group:2 Prob:0.90314 Alpha:0.50072
[MOE_TRACE] Group:0 Prob:0.84316 Alpha:0.50052
[MOE_TRACE] Group:1 Prob:0.21741 Alpha:0.50193
[MOE_TRACE] Group:2 Prob:0.90314 Alpha:0.50072
[MOE_TRACE] Group:0 Prob:0.84100 Alpha:0.50052
[MOE_TRACE] Group:1 Prob:0.22351 Alpha:0.50193
[MOE_TRACE] Group:2 Prob:0.89875 Alpha:0.50072
[MOE_TRACE] Group:0 Prob:0.84100 Alpha:0.50052
[MOE_TRACE] Group:0 Prob:0.84100 Alpha:0.50052
[MOE_TRACE] Group:1 Prob:0.22351 Alpha:0.50193
[MOE_TRACE] Group:1 Prob:0.22351 Alpha:0.50193
[MOE_TRACE] Group:2 Prob:0.89875 Alpha:0.50072
[MOE_TRACE] Group:2 Prob:0.89875 Alpha:0.50072
[MOE_TRACE] Group:0 Prob:0.84100 Alpha:0.50052
[MOE_TRACE] Group:1 Prob:0.22351 Alpha:0.50193
[MOE_TRACE] Group:2 Prob:0.89875 Alpha:0.50072
[MOE_TRACE] Group:0 Prob:0.84285 Alpha:0.50052
[MOE_TRACE] Group:0 Prob:0.84285 Alpha:0.50052
[MOE_TRACE] Group:0 Prob:0.84285 Alpha:0.50052
[MOE_TRACE] Group:1 Prob:0.22121 Alpha:0.50193
[MOE_TRACE] Group:1 Prob:0.22121 Alpha:0.50193
[MOE_TRACE] Group:1 Prob:0.22121 Alpha:0.50193
[MOE_TRACE] Group:2 Prob:0.90276 Alpha:0.50072
[MOE_TRACE] Group:2 Prob:0.90276 Alpha:0.50072
[MOE_TRACE] Group:2 Prob:0.90276 Alpha:0.50072
[MOE_TRACE] Group:0 Prob:0.84285 Alpha:0.50052
[MOE_TRACE] Group:1 Prob:0.22121 Alpha:0.50193
[MOE_TRACE] Group:2 Prob:0.90276 Alpha:0.50072
[MOE_TRACE] Group:0 Prob:0.84789 Alpha:0.50052
[MOE_TRACE] Group:0 Prob:0.84789 Alpha:0.50052
[MOE_TRACE] Group:0 Prob:0.84789 Alpha:0.50052
[MOE_TRACE] Group:1 Prob:0.22464 Alpha:0.50193
[MOE_TRACE] Group:1 Prob:0.22464 Alpha:0.50193
[MOE_TRACE] Group:1 Prob:0.22464 Alpha:0.50193
[MOE_TRACE] Group:2 Prob:0.90262 Alpha:0.50072[MOE_TRACE] Group:2 Prob:0.90262 Alpha:0.50072

[MOE_TRACE] Group:0 Prob:0.84789 Alpha:0.50052
[MOE_TRACE] Group:2 Prob:0.90262 Alpha:0.50072
[MOE_TRACE] Group:1 Prob:0.22464 Alpha:0.50193
[MOE_TRACE] Group:2 Prob:0.90262 Alpha:0.50072
[MOE_TRACE] Group:0 Prob:0.84548 Alpha:0.50052
[MOE_TRACE] Group:1 Prob:0.21179 Alpha:0.50193
[MOE_TRACE] Group:0 Prob:0.84548 Alpha:0.50052
[MOE_TRACE] Group:0 Prob:0.84548 Alpha:0.50052
[MOE_TRACE] Group:2 Prob:0.90285 Alpha:0.50072
[MOE_TRACE] Group:1 Prob:0.21179 Alpha:0.50193
[MOE_TRACE] Group:1 Prob:0.21179 Alpha:0.50193
[MOE_TRACE] Group:2 Prob:0.90285 Alpha:0.50072[MOE_TRACE] Group:2 Prob:0.90285 Alpha:0.50072

[MOE_TRACE] Group:0 Prob:0.84548 Alpha:0.50052
[MOE_TRACE] Group:1 Prob:0.21179 Alpha:0.50193
[MOE_TRACE] Group:2 Prob:0.90285 Alpha:0.50072
[MOE_TRACE] Group:0 Prob:0.84458 Alpha:0.50052
[MOE_TRACE] Group:1 Prob:0.20427 Alpha:0.50193[MOE_TRACE] Group:0 Prob:0.84458 Alpha:0.50052
[MOE_TRACE] Group:0 Prob:0.84458 Alpha:0.50052

[MOE_TRACE] Group:2 Prob:0.90339 Alpha:0.50072[MOE_TRACE] Group:1 Prob:0.20427 Alpha:0.50193

[MOE_TRACE] Group:1 Prob:0.20427 Alpha:0.50193
[MOE_TRACE] Group:2 Prob:0.90339 Alpha:0.50072
[MOE_TRACE] Group:2 Prob:0.90339 Alpha:0.50072
[MOE_TRACE] Group:0 Prob:0.84458 Alpha:0.50052
[MOE_TRACE] Group:1 Prob:0.20427 Alpha:0.50193
[MOE_TRACE] Group:2 Prob:0.90339 Alpha:0.50072
[MOE_TRACE] Group:0 Prob:0.84407 Alpha:0.50052
[MOE_TRACE] Group:0 Prob:0.84407 Alpha:0.50052
[MOE_TRACE] Group:0 Prob:0.84407 Alpha:0.50052
[MOE_TRACE] Group:1 Prob:0.21955 Alpha:0.50193
[MOE_TRACE] Group:1 Prob:0.21955 Alpha:0.50193
[MOE_TRACE] Group:1 Prob:0.21955 Alpha:0.50193
[MOE_TRACE] Group:2 Prob:0.90370 Alpha:0.50072
[MOE_TRACE] Group:2 Prob:0.90370 Alpha:0.50072[MOE_TRACE] Group:2 Prob:0.90370 Alpha:0.50072

[MOE_TRACE] Group:0 Prob:0.84407 Alpha:0.50052
[MOE_TRACE] Group:1 Prob:0.21955 Alpha:0.50193
[MOE_TRACE] Group:2 Prob:0.90370 Alpha:0.50072
[MOE_TRACE] Group:0 Prob:0.84078 Alpha:0.50052[MOE_TRACE] Group:0 Prob:0.84078 Alpha:0.50052

[MOE_TRACE] Group:1 Prob:0.23147 Alpha:0.50193
[MOE_TRACE] Group:1 Prob:0.23147 Alpha:0.50193
[MOE_TRACE] Group:0 Prob:0.84078 Alpha:0.50052
[MOE_TRACE] Group:2 Prob:0.90388 Alpha:0.50072
[MOE_TRACE] Group:2 Prob:0.90388 Alpha:0.50072
[MOE_TRACE] Group:1 Prob:0.23147 Alpha:0.50193
[MOE_TRACE] Group:2 Prob:0.90388 Alpha:0.50072
[MOE_TRACE] Group:0 Prob:0.84078 Alpha:0.50052
[MOE_TRACE] Group:1 Prob:0.23147 Alpha:0.50193
[MOE_TRACE] Group:2 Prob:0.90388 Alpha:0.50072
[MOE_TRACE] Group:0 Prob:0.84391 Alpha:0.50052
[MOE_TRACE] Group:0 Prob:0.84391 Alpha:0.50052
[MOE_TRACE] Group:0 Prob:0.84391 Alpha:0.50052
[MOE_TRACE] Group:1 Prob:0.22609 Alpha:0.50193
[MOE_TRACE] Group:1 Prob:0.22609 Alpha:0.50193
[MOE_TRACE] Group:1 Prob:0.22609 Alpha:0.50193
[MOE_TRACE] Group:2 Prob:0.89934 Alpha:0.50072[MOE_TRACE] Group:2 Prob:0.89934 Alpha:0.50072

[MOE_TRACE] Group:0 Prob:0.84391 Alpha:0.50052
[MOE_TRACE] Group:1 Prob:0.22609 Alpha:0.50193
[MOE_TRACE] Group:2 Prob:0.89934 Alpha:0.50072
[MOE_TRACE] Group:2 Prob:0.89934 Alpha:0.50072
[MOE_TRACE] Group:0 Prob:0.84328 Alpha:0.50052[MOE_TRACE] Group:0 Prob:0.84328 Alpha:0.50052

[MOE_TRACE] Group:0 Prob:0.84328 Alpha:0.50052
[MOE_TRACE] Group:1 Prob:0.22357 Alpha:0.50193
[MOE_TRACE] Group:1 Prob:0.22357 Alpha:0.50193
[MOE_TRACE] Group:1 Prob:0.22357 Alpha:0.50193
[MOE_TRACE] Group:2 Prob:0.90408 Alpha:0.50072
[MOE_TRACE] Group:2 Prob:0.90408 Alpha:0.50072
[MOE_TRACE] Group:2 Prob:0.90408 Alpha:0.50072
[MOE_TRACE] Group:0 Prob:0.84328 Alpha:0.50052
[MOE_TRACE] Group:1 Prob:0.22357 Alpha:0.50193
[MOE_TRACE] Group:2 Prob:0.90408 Alpha:0.50072
[MOE_TRACE] Group:0 Prob:0.83731 Alpha:0.50052
[MOE_TRACE] Group:1 Prob:0.22625 Alpha:0.50193
[MOE_TRACE] Group:0 Prob:0.83731 Alpha:0.50052
[MOE_TRACE] Group:1 Prob:0.22625 Alpha:0.50193
[MOE_TRACE] Group:0 Prob:0.83731 Alpha:0.50052
[MOE_TRACE] Group:1 Prob:0.22625 Alpha:0.50193
[MOE_TRACE] Group:2 Prob:0.90089 Alpha:0.50072
[MOE_TRACE] Group:0 Prob:0.83731 Alpha:0.50052
[MOE_TRACE] Group:1 Prob:0.22625 Alpha:0.50193
[MOE_TRACE] Group:2 Prob:0.90089 Alpha:0.50072
[MOE_TRACE] Group:0 Prob:0.83870 Alpha:0.50052
[MOE_TRACE] Group:0 Prob:0.83870 Alpha:0.50052
[MOE_TRACE] Group:0 Prob:0.83870 Alpha:0.50052
[MOE_TRACE] Group:1 Prob:0.22205 Alpha:0.50193[MOE_TRACE] Group:1 Prob:0.22205 Alpha:0.50193

[MOE_TRACE] Group:1 Prob:0.22205 Alpha:0.50193
[MOE_TRACE] Group:2 Prob:0.90313 Alpha:0.50072
[MOE_TRACE] Group:2 Prob:0.90313 Alpha:0.50072
[MOE_TRACE] Group:2 Prob:0.90313 Alpha:0.50072
[MOE_TRACE] Group:0 Prob:0.83870 Alpha:0.50052
[MOE_TRACE] Group:1 Prob:0.22205 Alpha:0.50193
[MOE_TRACE] Group:2 Prob:0.90313 Alpha:0.50072
[MOE_TRACE] Group:0 Prob:0.84273 Alpha:0.50052
[MOE_TRACE] Group:1 Prob:0.22466 Alpha:0.50193
[MOE_TRACE] Group:0 Prob:0.84273 Alpha:0.50052
[MOE_TRACE] Group:1 Prob:0.22466 Alpha:0.50193
[MOE_TRACE] Group:0 Prob:0.84273 Alpha:0.50052
[MOE_TRACE] Group:1 Prob:0.22466 Alpha:0.50193
[MOE_TRACE] Group:2 Prob:0.90082 Alpha:0.50072
[MOE_TRACE] Group:0 Prob:0.84273 Alpha:0.50052
[MOE_TRACE] Group:1 Prob:0.22466 Alpha:0.50193
[MOE_TRACE] Group:2 Prob:0.90082 Alpha:0.50072
[MOE_TRACE] Group:0 Prob:0.84043 Alpha:0.50052[MOE_TRACE] Group:0 Prob:0.84043 Alpha:0.50052

[MOE_TRACE] Group:0 Prob:0.84043 Alpha:0.50052
[MOE_TRACE] Group:1 Prob:0.22248 Alpha:0.50194
[MOE_TRACE] Group:1 Prob:0.22248 Alpha:0.50194
[MOE_TRACE] Group:1 Prob:0.22248 Alpha:0.50194
[MOE_TRACE] Group:2 Prob:0.90158 Alpha:0.50072
[MOE_TRACE] Group:2 Prob:0.90158 Alpha:0.50072
[MOE_TRACE] Group:2 Prob:0.90158 Alpha:0.50072
[MOE_TRACE] Group:0 Prob:0.84043 Alpha:0.50052
[MOE_TRACE] Group:1 Prob:0.22248 Alpha:0.50194
[MOE_TRACE] Group:2 Prob:0.90158 Alpha:0.50072
[MOE_TRACE] Group:0 Prob:0.84305 Alpha:0.50052
[MOE_TRACE] Group:1 Prob:0.22249 Alpha:0.50194
[MOE_TRACE] Group:0 Prob:0.84305 Alpha:0.50052
[MOE_TRACE] Group:1 Prob:0.22249 Alpha:0.50194
[MOE_TRACE] Group:0 Prob:0.84305 Alpha:0.50052
[MOE_TRACE] Group:1 Prob:0.22249 Alpha:0.50194
[MOE_TRACE] Group:2 Prob:0.89913 Alpha:0.50072
[MOE_TRACE] Group:0 Prob:0.84305 Alpha:0.50052
[MOE_TRACE] Group:1 Prob:0.22249 Alpha:0.50194
[MOE_TRACE] Group:2 Prob:0.89913 Alpha:0.50072
[MOE_TRACE] Group:0 Prob:0.83425 Alpha:0.50052
[MOE_TRACE] Group:0 Prob:0.83425 Alpha:0.50052
[MOE_TRACE] Group:0 Prob:0.83425 Alpha:0.50052
[MOE_TRACE] Group:1 Prob:0.21780 Alpha:0.50194
[MOE_TRACE] Group:1 Prob:0.21780 Alpha:0.50194
[MOE_TRACE] Group:1 Prob:0.21780 Alpha:0.50194
[MOE_TRACE] Group:2 Prob:0.90265 Alpha:0.50072
[MOE_TRACE] Group:2 Prob:0.90265 Alpha:0.50072
[MOE_TRACE] Group:2 Prob:0.90265 Alpha:0.50072
[MOE_TRACE] Group:0 Prob:0.83425 Alpha:0.50052
[MOE_TRACE] Group:1 Prob:0.21780 Alpha:0.50194
[MOE_TRACE] Group:2 Prob:0.90265 Alpha:0.50072
[MOE_TRACE] Group:0 Prob:0.83538 Alpha:0.50052
[MOE_TRACE] Group:0 Prob:0.83538 Alpha:0.50052
[MOE_TRACE] Group:0 Prob:0.83538 Alpha:0.50052
[MOE_TRACE] Group:1 Prob:0.22354 Alpha:0.50194
[MOE_TRACE] Group:1 Prob:0.22354 Alpha:0.50194
[MOE_TRACE] Group:1 Prob:0.22354 Alpha:0.50194
[MOE_TRACE] Group:0 Prob:0.83538 Alpha:0.50052
[MOE_TRACE] Group:1 Prob:0.22354 Alpha:0.50194
[MOE_TRACE] Group:2 Prob:0.89996 Alpha:0.50072
[MOE_TRACE] Group:0 Prob:0.83964 Alpha:0.50052
[MOE_TRACE] Group:0 Prob:0.83964 Alpha:0.50052
[MOE_TRACE] Group:1 Prob:0.22602 Alpha:0.50194
[MOE_TRACE] Group:0 Prob:0.83964 Alpha:0.50052
[MOE_TRACE] Group:1 Prob:0.22602 Alpha:0.50194
[MOE_TRACE] Group:0 Prob:0.83964 Alpha:0.50052
[MOE_TRACE] Group:1 Prob:0.22602 Alpha:0.50194
[MOE_TRACE] Group:2 Prob:0.89890 Alpha:0.50072
[MOE_TRACE] Group:0 Prob:0.84739 Alpha:0.50052
[MOE_TRACE] Group:1 Prob:0.22978 Alpha:0.50194
[MOE_TRACE] Group:0 Prob:0.84739 Alpha:0.50052
[MOE_TRACE] Group:1 Prob:0.22978 Alpha:0.50194
[MOE_TRACE] Group:0 Prob:0.84739 Alpha:0.50052
[MOE_TRACE] Group:1 Prob:0.22978 Alpha:0.50194
[MOE_TRACE] Group:2 Prob:0.89863 Alpha:0.50072
[MOE_TRACE] Group:0 Prob:0.84739 Alpha:0.50052
[MOE_TRACE] Group:1 Prob:0.22978 Alpha:0.50194
[MOE_TRACE] Group:2 Prob:0.89863 Alpha:0.50072
[MOE_TRACE] Group:0 Prob:0.83780 Alpha:0.50052
[MOE_TRACE] Group:0 Prob:0.83780 Alpha:0.50052
[MOE_TRACE] Group:1 Prob:0.23963 Alpha:0.50194
[MOE_TRACE] Group:1 Prob:0.23963 Alpha:0.50194
[MOE_TRACE] Group:2 Prob:0.90155 Alpha:0.50072
[MOE_TRACE] Group:0 Prob:0.83780 Alpha:0.50052
[MOE_TRACE] Group:2 Prob:0.90155 Alpha:0.50072
[MOE_TRACE] Group:1 Prob:0.23963 Alpha:0.50194
[MOE_TRACE] Group:2 Prob:0.90155 Alpha:0.50072
[MOE_TRACE] Group:0 Prob:0.83780 Alpha:0.50052
[MOE_TRACE] Group:1 Prob:0.23963 Alpha:0.50194
[MOE_TRACE] Group:2 Prob:0.90155 Alpha:0.50072
[MOE_TRACE] Group:0 Prob:0.83821 Alpha:0.50052
[MOE_TRACE] Group:0 Prob:0.83821 Alpha:0.50052
[MOE_TRACE] Group:0 Prob:0.83821 Alpha:0.50052
[MOE_TRACE] Group:1 Prob:0.20565 Alpha:0.50194
[MOE_TRACE] Group:1 Prob:0.20565 Alpha:0.50194
[MOE_TRACE] Group:2 Prob:0.89975 Alpha:0.50072
[MOE_TRACE] Group:1 Prob:0.20565 Alpha:0.50194
[MOE_TRACE] Group:2 Prob:0.89975 Alpha:0.50072
[MOE_TRACE] Group:2 Prob:0.89975 Alpha:0.50072
[MOE_TRACE] Group:0 Prob:0.83821 Alpha:0.50052
[MOE_TRACE] Group:1 Prob:0.20565 Alpha:0.50194
[MOE_TRACE] Group:2 Prob:0.89975 Alpha:0.50072
[MOE_TRACE] Group:0 Prob:0.84380 Alpha:0.50052
[MOE_TRACE] Group:0 Prob:0.84380 Alpha:0.50052
[MOE_TRACE] Group:1 Prob:0.22549 Alpha:0.50194
[MOE_TRACE] Group:2 Prob:0.90358 Alpha:0.50072[MOE_TRACE] Group:1 Prob:0.22549 Alpha:0.50194

[MOE_TRACE] Group:0 Prob:0.84380 Alpha:0.50052
[MOE_TRACE] Group:2 Prob:0.90358 Alpha:0.50072
[MOE_TRACE] Group:1 Prob:0.22549 Alpha:0.50194
[MOE_TRACE] Group:2 Prob:0.90358 Alpha:0.50072
[MOE_TRACE] Group:0 Prob:0.84380 Alpha:0.50052
[MOE_TRACE] Group:1 Prob:0.22549 Alpha:0.50194
[MOE_TRACE] Group:2 Prob:0.90358 Alpha:0.50072
[MOE_TRACE] Group:0 Prob:0.84020 Alpha:0.50052
[MOE_TRACE] Group:0 Prob:0.84020 Alpha:0.50052
[MOE_TRACE] Group:1 Prob:0.21828 Alpha:0.50194
[MOE_TRACE] Group:0 Prob:0.84020 Alpha:0.50052[MOE_TRACE] Group:1 Prob:0.21828 Alpha:0.50194

[MOE_TRACE] Group:1 Prob:0.21828 Alpha:0.50194
[MOE_TRACE] Group:0 Prob:0.84020 Alpha:0.50052
[MOE_TRACE] Group:1 Prob:0.21828 Alpha:0.50194
[MOE_TRACE] Group:2 Prob:0.90246 Alpha:0.50072
[MOE_TRACE] Group:0 Prob:0.83836 Alpha:0.50052
[MOE_TRACE] Group:0 Prob:0.83836 Alpha:0.50052
[MOE_TRACE] Group:1 Prob:0.21601 Alpha:0.50194
[MOE_TRACE] Group:0 Prob:0.83836 Alpha:0.50052
[MOE_TRACE] Group:1 Prob:0.21601 Alpha:0.50194
[MOE_TRACE] Group:2 Prob:0.90186 Alpha:0.50072
[MOE_TRACE] Group:1 Prob:0.21601 Alpha:0.50194
[MOE_TRACE] Group:2 Prob:0.90186 Alpha:0.50072
[MOE_TRACE] Group:2 Prob:0.90186 Alpha:0.50072
[MOE_TRACE] Group:0 Prob:0.83836 Alpha:0.50052
[MOE_TRACE] Group:1 Prob:0.21601 Alpha:0.50194
[MOE_TRACE] Group:2 Prob:0.90186 Alpha:0.50072
[MOE_TRACE] Group:0 Prob:0.84381 Alpha:0.50052
[MOE_TRACE] Group:0 Prob:0.84381 Alpha:0.50052
[MOE_TRACE] Group:1 Prob:0.22083 Alpha:0.50194
[MOE_TRACE] Group:0 Prob:0.84381 Alpha:0.50052
[MOE_TRACE] Group:1 Prob:0.22083 Alpha:0.50194[MOE_TRACE] Group:2 Prob:0.90158 Alpha:0.50072

[MOE_TRACE] Group:1 Prob:0.22083 Alpha:0.50194
[MOE_TRACE] Group:2 Prob:0.90158 Alpha:0.50072[MOE_TRACE] Group:2 Prob:0.90158 Alpha:0.50072

[MOE_TRACE] Group:0 Prob:0.84381 Alpha:0.50052
[MOE_TRACE] Group:1 Prob:0.22083 Alpha:0.50194
[MOE_TRACE] Group:2 Prob:0.90158 Alpha:0.50072
[MOE_TRACE] Group:0 Prob:0.84275 Alpha:0.50052
[MOE_TRACE] Group:1 Prob:0.22238 Alpha:0.50194
[MOE_TRACE] Group:2 Prob:0.90233 Alpha:0.50072
[MOE_TRACE] Group:0 Prob:0.84275 Alpha:0.50052
[MOE_TRACE] Group:1 Prob:0.22238 Alpha:0.50194
[MOE_TRACE] Group:0 Prob:0.84275 Alpha:0.50052
[MOE_TRACE] Group:2 Prob:0.90233 Alpha:0.50072
[MOE_TRACE] Group:1 Prob:0.22238 Alpha:0.50194
[MOE_TRACE] Group:2 Prob:0.90233 Alpha:0.50072
[MOE_TRACE] Group:0 Prob:0.84275 Alpha:0.50052
[MOE_TRACE] Group:1 Prob:0.22238 Alpha:0.50194
[MOE_TRACE] Group:2 Prob:0.90233 Alpha:0.50072
[MOE_TRACE] Group:0 Prob:0.83731 Alpha:0.50052
[MOE_TRACE] Group:0 Prob:0.83731 Alpha:0.50052
[MOE_TRACE] Group:0 Prob:0.83731 Alpha:0.50052
[MOE_TRACE] Group:1 Prob:0.22731 Alpha:0.50194
[MOE_TRACE] Group:1 Prob:0.22731 Alpha:0.50194
[MOE_TRACE] Group:1 Prob:0.22731 Alpha:0.50194
[MOE_TRACE] Group:2 Prob:0.90011 Alpha:0.50072
[MOE_TRACE] Group:2 Prob:0.90011 Alpha:0.50072
[MOE_TRACE] Group:2 Prob:0.90011 Alpha:0.50072
[MOE_TRACE] Group:0 Prob:0.83731 Alpha:0.50052
[MOE_TRACE] Group:1 Prob:0.22731 Alpha:0.50194
[MOE_TRACE] Group:2 Prob:0.90011 Alpha:0.50072
[MOE_TRACE] Group:0 Prob:0.83621 Alpha:0.50052
[MOE_TRACE] Group:0 Prob:0.83621 Alpha:0.50052
[MOE_TRACE] Group:0 Prob:0.83621 Alpha:0.50052
[MOE_TRACE] Group:1 Prob:0.21924 Alpha:0.50194
[MOE_TRACE] Group:0 Prob:0.83621 Alpha:0.50052
[MOE_TRACE] Group:1 Prob:0.21924 Alpha:0.50194
[MOE_TRACE] Group:2 Prob:0.89854 Alpha:0.50072
[MOE_TRACE] Group:0 Prob:0.83770 Alpha:0.50052[MOE_TRACE] Group:0 Prob:0.83770 Alpha:0.50052

[MOE_TRACE] Group:0 Prob:0.83770 Alpha:0.50052
[MOE_TRACE] Group:1 Prob:0.21864 Alpha:0.50194
[MOE_TRACE] Group:1 Prob:0.21864 Alpha:0.50194
[MOE_TRACE] Group:1 Prob:0.21864 Alpha:0.50194
[MOE_TRACE] Group:2 Prob:0.90024 Alpha:0.50072
[MOE_TRACE] Group:2 Prob:0.90024 Alpha:0.50072
[MOE_TRACE] Group:2 Prob:0.90024 Alpha:0.50072
[MOE_TRACE] Group:0 Prob:0.83770 Alpha:0.50052
[MOE_TRACE] Group:1 Prob:0.21864 Alpha:0.50194
[MOE_TRACE] Group:2 Prob:0.90024 Alpha:0.50072
[MOE_TRACE] Group:0 Prob:0.84162 Alpha:0.50052
[MOE_TRACE] Group:0 Prob:0.84162 Alpha:0.50052
[MOE_TRACE] Group:1 Prob:0.22408 Alpha:0.50194
[MOE_TRACE] Group:1 Prob:0.22408 Alpha:0.50194
[MOE_TRACE] Group:0 Prob:0.84162 Alpha:0.50052
[MOE_TRACE] Group:1 Prob:0.22408 Alpha:0.50194
[MOE_TRACE] Group:0 Prob:0.84162 Alpha:0.50052
[MOE_TRACE] Group:1 Prob:0.22408 Alpha:0.50194
[MOE_TRACE] Group:2 Prob:0.90300 Alpha:0.50072
[MOE_TRACE] Group:0 Prob:0.84460 Alpha:0.50052
[MOE_TRACE] Group:1 Prob:0.23392 Alpha:0.50194
[MOE_TRACE] Group:0 Prob:0.84460 Alpha:0.50052
[MOE_TRACE] Group:0 Prob:0.84460 Alpha:0.50052
[MOE_TRACE] Group:2 Prob:0.90211 Alpha:0.50072
[MOE_TRACE] Group:1 Prob:0.23392 Alpha:0.50194
[MOE_TRACE] Group:1 Prob:0.23392 Alpha:0.50194
[MOE_TRACE] Group:2 Prob:0.90211 Alpha:0.50072
[MOE_TRACE] Group:2 Prob:0.90211 Alpha:0.50072
[MOE_TRACE] Group:0 Prob:0.84460 Alpha:0.50052
[MOE_TRACE] Group:1 Prob:0.23392 Alpha:0.50194
[MOE_TRACE] Group:2 Prob:0.90211 Alpha:0.50072
[MOE_TRACE] Group:0 Prob:0.83927 Alpha:0.50052
[MOE_TRACE] Group:0 Prob:0.83927 Alpha:0.50052
[MOE_TRACE] Group:0 Prob:0.83927 Alpha:0.50052
[MOE_TRACE] Group:1 Prob:0.22636 Alpha:0.50194
[MOE_TRACE] Group:1 Prob:0.22636 Alpha:0.50194
[MOE_TRACE] Group:2 Prob:0.90141 Alpha:0.50072
[MOE_TRACE] Group:1 Prob:0.22636 Alpha:0.50194
[MOE_TRACE] Group:2 Prob:0.90141 Alpha:0.50072
[MOE_TRACE] Group:2 Prob:0.90141 Alpha:0.50072
[MOE_TRACE] Group:0 Prob:0.83927 Alpha:0.50052
[MOE_TRACE] Group:1 Prob:0.22636 Alpha:0.50194
[MOE_TRACE] Group:2 Prob:0.90141 Alpha:0.50072
[MOE_TRACE] Group:0 Prob:0.83421 Alpha:0.50052
[MOE_TRACE] Group:1 Prob:0.23135 Alpha:0.50194
[MOE_TRACE] Group:0 Prob:0.83421 Alpha:0.50052
[MOE_TRACE] Group:1 Prob:0.23135 Alpha:0.50194
[MOE_TRACE] Group:0 Prob:0.83421 Alpha:0.50052
[MOE_TRACE] Group:1 Prob:0.23135 Alpha:0.50194
[MOE_TRACE] Group:2 Prob:0.89673 Alpha:0.50072
[MOE_TRACE] Group:0 Prob:0.83421 Alpha:0.50052
[MOE_TRACE] Group:1 Prob:0.23135 Alpha:0.50194
[MOE_TRACE] Group:2 Prob:0.89673 Alpha:0.50072
[MOE_TRACE] Group:0 Prob:0.84682 Alpha:0.50052
[MOE_TRACE] Group:1 Prob:0.22684 Alpha:0.50194
[MOE_TRACE] Group:0 Prob:0.84682 Alpha:0.50052
[MOE_TRACE] Group:1 Prob:0.22684 Alpha:0.50194
[MOE_TRACE] Group:0 Prob:0.84682 Alpha:0.50052
[MOE_TRACE] Group:1 Prob:0.22684 Alpha:0.50194
[MOE_TRACE] Group:0 Prob:0.84682 Alpha:0.50052
[MOE_TRACE] Group:1 Prob:0.22684 Alpha:0.50194
[MOE_TRACE] Group:2 Prob:0.90225 Alpha:0.50072
[MOE_TRACE] Group:0 Prob:0.84415 Alpha:0.50052
[MOE_TRACE] Group:0 Prob:0.84415 Alpha:0.50052
[MOE_TRACE] Group:1 Prob:0.24123 Alpha:0.50194
[MOE_TRACE] Group:0 Prob:0.84415 Alpha:0.50052
[MOE_TRACE] Group:1 Prob:0.24123 Alpha:0.50194
[MOE_TRACE] Group:2 Prob:0.90320 Alpha:0.50072
[MOE_TRACE] Group:1 Prob:0.24123 Alpha:0.50194[MOE_TRACE] Group:2 Prob:0.90320 Alpha:0.50072

[MOE_TRACE] Group:2 Prob:0.90320 Alpha:0.50072
[MOE_TRACE] Group:0 Prob:0.84415 Alpha:0.50052
[MOE_TRACE] Group:1 Prob:0.24123 Alpha:0.50194
[MOE_TRACE] Group:2 Prob:0.90320 Alpha:0.50072
[MOE_TRACE] Group:0 Prob:0.84074 Alpha:0.50052[MOE_TRACE] Group:0 Prob:0.84074 Alpha:0.50052[MOE_TRACE] Group:0 Prob:0.84074 Alpha:0.50052


[MOE_TRACE] Group:1 Prob:0.21430 Alpha:0.50194[MOE_TRACE] Group:1 Prob:0.21430 Alpha:0.50194

[MOE_TRACE] Group:1 Prob:0.21430 Alpha:0.50194
[MOE_TRACE] Group:2 Prob:0.90081 Alpha:0.50072[MOE_TRACE] Group:2 Prob:0.90081 Alpha:0.50072

[MOE_TRACE] Group:2 Prob:0.90081 Alpha:0.50072
[MOE_TRACE] Group:0 Prob:0.84074 Alpha:0.50052
[MOE_TRACE] Group:1 Prob:0.21430 Alpha:0.50194
[MOE_TRACE] Group:2 Prob:0.90081 Alpha:0.50072
[MOE_TRACE] Group:0 Prob:0.83820 Alpha:0.50052
[MOE_TRACE] Group:1 Prob:0.21151 Alpha:0.50194
[MOE_TRACE] Group:0 Prob:0.83820 Alpha:0.50052
[MOE_TRACE] Group:1 Prob:0.21151 Alpha:0.50194
[MOE_TRACE] Group:0 Prob:0.83820 Alpha:0.50052
[MOE_TRACE] Group:1 Prob:0.21151 Alpha:0.50194
[MOE_TRACE] Group:0 Prob:0.83820 Alpha:0.50052
[MOE_TRACE] Group:1 Prob:0.21151 Alpha:0.50194
[MOE_TRACE] Group:2 Prob:0.89833 Alpha:0.50072
[MOE_TRACE] Group:0 Prob:0.84294 Alpha:0.50052
[MOE_TRACE] Group:0 Prob:0.84294 Alpha:0.50052
[MOE_TRACE] Group:1 Prob:0.21218 Alpha:0.50194
[MOE_TRACE] Group:0 Prob:0.84294 Alpha:0.50052
[MOE_TRACE] Group:1 Prob:0.21218 Alpha:0.50194
[MOE_TRACE] Group:0 Prob:0.84294 Alpha:0.50052
[MOE_TRACE] Group:1 Prob:0.21218 Alpha:0.50194
[MOE_TRACE] Group:2 Prob:0.90390 Alpha:0.50072
[MOE_TRACE] Group:0 Prob:0.84486 Alpha:0.50052
[MOE_TRACE] Group:0 Prob:0.84486 Alpha:0.50052
[MOE_TRACE] Group:1 Prob:0.21578 Alpha:0.50194
[MOE_TRACE] Group:1 Prob:0.21578 Alpha:0.50194
[MOE_TRACE] Group:0 Prob:0.84486 Alpha:0.50052
[MOE_TRACE] Group:2 Prob:0.90456 Alpha:0.50072
[MOE_TRACE] Group:2 Prob:0.90456 Alpha:0.50072
[MOE_TRACE] Group:1 Prob:0.21578 Alpha:0.50194
[MOE_TRACE] Group:2 Prob:0.90456 Alpha:0.50072
[MOE_TRACE] Group:0 Prob:0.84486 Alpha:0.50052
[MOE_TRACE] Group:1 Prob:0.21578 Alpha:0.50194
[MOE_TRACE] Group:2 Prob:0.90456 Alpha:0.50072
[MOE_TRACE] Group:0 Prob:0.84103 Alpha:0.50052
[MOE_TRACE] Group:1 Prob:0.21951 Alpha:0.50194
[MOE_TRACE] Group:0 Prob:0.84103 Alpha:0.50052
[MOE_TRACE] Group:1 Prob:0.21951 Alpha:0.50194
[MOE_TRACE] Group:0 Prob:0.84103 Alpha:0.50052
[MOE_TRACE] Group:2 Prob:0.90039 Alpha:0.50073
[MOE_TRACE] Group:1 Prob:0.21951 Alpha:0.50194
[MOE_TRACE] Group:2 Prob:0.90039 Alpha:0.50073
[MOE_TRACE] Group:0 Prob:0.84103 Alpha:0.50052
[MOE_TRACE] Group:1 Prob:0.21951 Alpha:0.50194
[MOE_TRACE] Group:2 Prob:0.90039 Alpha:0.50073
[MOE_TRACE] Group:0 Prob:0.84011 Alpha:0.50052
[MOE_TRACE] Group:0 Prob:0.84011 Alpha:0.50052
[MOE_TRACE] Group:0 Prob:0.84011 Alpha:0.50052
[MOE_TRACE] Group:1 Prob:0.22783 Alpha:0.50194
[MOE_TRACE] Group:2 Prob:0.90043 Alpha:0.50073
[MOE_TRACE] Group:0 Prob:0.84198 Alpha:0.50052
[MOE_TRACE] Group:0 Prob:0.84198 Alpha:0.50052
[MOE_TRACE] Group:1 Prob:0.24091 Alpha:0.50194
[MOE_TRACE] Group:0 Prob:0.84198 Alpha:0.50052
[MOE_TRACE] Group:1 Prob:0.24091 Alpha:0.50194
[MOE_TRACE] Group:2 Prob:0.90102 Alpha:0.50073
[MOE_TRACE] Group:1 Prob:0.24091 Alpha:0.50194
[MOE_TRACE] Group:2 Prob:0.90102 Alpha:0.50073
[MOE_TRACE] Group:2 Prob:0.90102 Alpha:0.50073
[MOE_TRACE] Group:0 Prob:0.84198 Alpha:0.50052
[MOE_TRACE] Group:1 Prob:0.24091 Alpha:0.50194
[MOE_TRACE] Group:2 Prob:0.90102 Alpha:0.50073
[MOE_TRACE] Group:0 Prob:0.83991 Alpha:0.50052
[MOE_TRACE] Group:1 Prob:0.21920 Alpha:0.50194
[MOE_TRACE] Group:0 Prob:0.83991 Alpha:0.50052
[MOE_TRACE] Group:1 Prob:0.21920 Alpha:0.50194
[MOE_TRACE] Group:2 Prob:0.90037 Alpha:0.50073
[MOE_TRACE] Group:0 Prob:0.83991 Alpha:0.50052
[MOE_TRACE] Group:1 Prob:0.21920 Alpha:0.50194
[MOE_TRACE] Group:2 Prob:0.90037 Alpha:0.50073
[MOE_TRACE] Group:0 Prob:0.83991 Alpha:0.50052
[MOE_TRACE] Group:1 Prob:0.21920 Alpha:0.50194
[MOE_TRACE] Group:2 Prob:0.90037 Alpha:0.50073
Epoch: 8 cost time: 108.37325024604797
Epoch: 8, Steps: 146 | Train Loss: 0.3538467 Vali Loss: 0.3276915 Test Loss: 0.3601787
EarlyStopping counter: 6 out of 3
Early stopping
Updating learning rate to 7.8125e-07
[MOE_TRACE] Group:0 Prob:0.84284 Alpha:0.50052
[MOE_TRACE] Group:0 Prob:0.84284 Alpha:0.50052
[MOE_TRACE] Group:0 Prob:0.84284 Alpha:0.50052
[MOE_TRACE] Group:1 Prob:0.22149 Alpha:0.50194[MOE_TRACE] Group:1 Prob:0.22149 Alpha:0.50194

[MOE_TRACE] Group:1 Prob:0.22149 Alpha:0.50194
[MOE_TRACE] Group:2 Prob:0.90038 Alpha:0.50073
[MOE_TRACE] Group:2 Prob:0.90038 Alpha:0.50073
[MOE_TRACE] Group:2 Prob:0.90038 Alpha:0.50073
[MOE_TRACE] Group:0 Prob:0.84284 Alpha:0.50052
[MOE_TRACE] Group:1 Prob:0.22149 Alpha:0.50194
[MOE_TRACE] Group:2 Prob:0.90038 Alpha:0.50073
[MOE_TRACE] Group:0 Prob:0.84417 Alpha:0.50052[MOE_TRACE] Group:0 Prob:0.84417 Alpha:0.50052

[MOE_TRACE] Group:1 Prob:0.23729 Alpha:0.50194[MOE_TRACE] Group:1 Prob:0.23729 Alpha:0.50194

[MOE_TRACE] Group:0 Prob:0.84417 Alpha:0.50052
[MOE_TRACE] Group:1 Prob:0.23729 Alpha:0.50194
[MOE_TRACE] Group:0 Prob:0.84417 Alpha:0.50052
[MOE_TRACE] Group:1 Prob:0.23729 Alpha:0.50194
[MOE_TRACE] Group:2 Prob:0.90143 Alpha:0.50073
[MOE_TRACE] Group:0 Prob:0.84179 Alpha:0.50052
[MOE_TRACE] Group:0 Prob:0.84179 Alpha:0.50052
[MOE_TRACE] Group:1 Prob:0.22557 Alpha:0.50194
[MOE_TRACE] Group:0 Prob:0.84179 Alpha:0.50052
[MOE_TRACE] Group:1 Prob:0.22557 Alpha:0.50194
[MOE_TRACE] Group:0 Prob:0.84179 Alpha:0.50052
[MOE_TRACE] Group:1 Prob:0.22557 Alpha:0.50194
[MOE_TRACE] Group:2 Prob:0.90004 Alpha:0.50073
[MOE_TRACE] Group:0 Prob:0.83713 Alpha:0.50052[MOE_TRACE] Group:0 Prob:0.83713 Alpha:0.50052

[MOE_TRACE] Group:0 Prob:0.83713 Alpha:0.50052
[MOE_TRACE] Group:1 Prob:0.23963 Alpha:0.50194
[MOE_TRACE] Group:1 Prob:0.23963 Alpha:0.50194
[MOE_TRACE] Group:1 Prob:0.23963 Alpha:0.50194
[MOE_TRACE] Group:2 Prob:0.89908 Alpha:0.50073
[MOE_TRACE] Group:2 Prob:0.89908 Alpha:0.50073[MOE_TRACE] Group:2 Prob:0.89908 Alpha:0.50073

[MOE_TRACE] Group:0 Prob:0.83713 Alpha:0.50052
[MOE_TRACE] Group:1 Prob:0.23963 Alpha:0.50194
[MOE_TRACE] Group:2 Prob:0.89908 Alpha:0.50073
[MOE_TRACE] Group:0 Prob:0.84161 Alpha:0.50052[MOE_TRACE] Group:0 Prob:0.84161 Alpha:0.50052

[MOE_TRACE] Group:0 Prob:0.84161 Alpha:0.50052
[MOE_TRACE] Group:0 Prob:0.84161 Alpha:0.50052
[MOE_TRACE] Group:1 Prob:0.22974 Alpha:0.50194
[MOE_TRACE] Group:2 Prob:0.90338 Alpha:0.50073
[MOE_TRACE] Group:0 Prob:0.84331 Alpha:0.50052[MOE_TRACE] Group:0 Prob:0.84331 Alpha:0.50052[MOE_TRACE] Group:0 Prob:0.84331 Alpha:0.50052


[MOE_TRACE] Group:1 Prob:0.22679 Alpha:0.50194
[MOE_TRACE] Group:1 Prob:0.22679 Alpha:0.50194
[MOE_TRACE] Group:1 Prob:0.22679 Alpha:0.50194
[MOE_TRACE] Group:2 Prob:0.90038 Alpha:0.50073
[MOE_TRACE] Group:2 Prob:0.90038 Alpha:0.50073
[MOE_TRACE] Group:2 Prob:0.90038 Alpha:0.50073
[MOE_TRACE] Group:0 Prob:0.84331 Alpha:0.50052
[MOE_TRACE] Group:1 Prob:0.22679 Alpha:0.50194
[MOE_TRACE] Group:2 Prob:0.90038 Alpha:0.50073
[MOE_TRACE] Group:0 Prob:0.83638 Alpha:0.50052
[MOE_TRACE] Group:0 Prob:0.83638 Alpha:0.50052
[MOE_TRACE] Group:1 Prob:0.22891 Alpha:0.50194
[MOE_TRACE] Group:1 Prob:0.22891 Alpha:0.50194
[MOE_TRACE] Group:2 Prob:0.89841 Alpha:0.50073
[MOE_TRACE] Group:2 Prob:0.89841 Alpha:0.50073
[MOE_TRACE] Group:0 Prob:0.83638 Alpha:0.50052
[MOE_TRACE] Group:1 Prob:0.22891 Alpha:0.50194
[MOE_TRACE] Group:2 Prob:0.90082 Alpha:0.50073
[MOE_TRACE] Group:0 Prob:0.83638 Alpha:0.50052
[MOE_TRACE] Group:1 Prob:0.22891 Alpha:0.50194
[MOE_TRACE] Group:2 Prob:0.90082 Alpha:0.50073
[MOE_TRACE] Group:0 Prob:0.84155 Alpha:0.50052
[MOE_TRACE] Group:0 Prob:0.84155 Alpha:0.50052
[MOE_TRACE] Group:0 Prob:0.84155 Alpha:0.50052
[MOE_TRACE] Group:1 Prob:0.22617 Alpha:0.50194
[MOE_TRACE] Group:1 Prob:0.22617 Alpha:0.50194
[MOE_TRACE] Group:1 Prob:0.22617 Alpha:0.50194
[MOE_TRACE] Group:2 Prob:0.89737 Alpha:0.50073
[MOE_TRACE] Group:2 Prob:0.89737 Alpha:0.50073
[MOE_TRACE] Group:2 Prob:0.89737 Alpha:0.50073
[MOE_TRACE] Group:0 Prob:0.84155 Alpha:0.50052
[MOE_TRACE] Group:1 Prob:0.22617 Alpha:0.50194
[MOE_TRACE] Group:2 Prob:0.89737 Alpha:0.50073
[MOE_TRACE] Group:0 Prob:0.84289 Alpha:0.50052[MOE_TRACE] Group:0 Prob:0.84289 Alpha:0.50052

[MOE_TRACE] Group:0 Prob:0.84289 Alpha:0.50052
[MOE_TRACE] Group:1 Prob:0.20917 Alpha:0.50194
[MOE_TRACE] Group:1 Prob:0.20917 Alpha:0.50194
[MOE_TRACE] Group:1 Prob:0.20917 Alpha:0.50194
[MOE_TRACE] Group:2 Prob:0.90167 Alpha:0.50073
[MOE_TRACE] Group:2 Prob:0.90167 Alpha:0.50073
[MOE_TRACE] Group:2 Prob:0.90167 Alpha:0.50073
[MOE_TRACE] Group:0 Prob:0.84289 Alpha:0.50052
[MOE_TRACE] Group:1 Prob:0.20917 Alpha:0.50194
[MOE_TRACE] Group:2 Prob:0.90167 Alpha:0.50073
[MOE_TRACE] Group:0 Prob:0.83879 Alpha:0.50052[MOE_TRACE] Group:0 Prob:0.83879 Alpha:0.50052[MOE_TRACE] Group:0 Prob:0.83879 Alpha:0.50052


[MOE_TRACE] Group:1 Prob:0.22894 Alpha:0.50194
[MOE_TRACE] Group:1 Prob:0.22894 Alpha:0.50194
[MOE_TRACE] Group:1 Prob:0.22894 Alpha:0.50194
[MOE_TRACE] Group:2 Prob:0.89908 Alpha:0.50073
[MOE_TRACE] Group:2 Prob:0.89908 Alpha:0.50073
[MOE_TRACE] Group:2 Prob:0.89908 Alpha:0.50073
[MOE_TRACE] Group:0 Prob:0.83879 Alpha:0.50052
[MOE_TRACE] Group:1 Prob:0.22894 Alpha:0.50194
[MOE_TRACE] Group:2 Prob:0.89908 Alpha:0.50073
[MOE_TRACE] Group:0 Prob:0.83681 Alpha:0.50052[MOE_TRACE] Group:0 Prob:0.83681 Alpha:0.50052[MOE_TRACE] Group:0 Prob:0.83681 Alpha:0.50052


[MOE_TRACE] Group:1 Prob:0.22215 Alpha:0.50194
[MOE_TRACE] Group:1 Prob:0.22215 Alpha:0.50194
[MOE_TRACE] Group:1 Prob:0.22215 Alpha:0.50194
[MOE_TRACE] Group:2 Prob:0.89982 Alpha:0.50073
[MOE_TRACE] Group:2 Prob:0.89982 Alpha:0.50073
[MOE_TRACE] Group:2 Prob:0.89982 Alpha:0.50073
[MOE_TRACE] Group:0 Prob:0.83681 Alpha:0.50052
[MOE_TRACE] Group:1 Prob:0.22215 Alpha:0.50194
[MOE_TRACE] Group:2 Prob:0.89982 Alpha:0.50073
[MOE_TRACE] Group:0 Prob:0.83868 Alpha:0.50052[MOE_TRACE] Group:0 Prob:0.83868 Alpha:0.50052[MOE_TRACE] Group:0 Prob:0.83868 Alpha:0.50052


[MOE_TRACE] Group:1 Prob:0.22055 Alpha:0.50194
[MOE_TRACE] Group:1 Prob:0.22055 Alpha:0.50194
[MOE_TRACE] Group:1 Prob:0.22055 Alpha:0.50194
[MOE_TRACE] Group:2 Prob:0.90231 Alpha:0.50073
[MOE_TRACE] Group:2 Prob:0.90231 Alpha:0.50073
[MOE_TRACE] Group:2 Prob:0.90231 Alpha:0.50073
[MOE_TRACE] Group:0 Prob:0.83868 Alpha:0.50052
[MOE_TRACE] Group:1 Prob:0.22055 Alpha:0.50194
[MOE_TRACE] Group:2 Prob:0.90231 Alpha:0.50073
[MOE_TRACE] Group:0 Prob:0.84074 Alpha:0.50052[MOE_TRACE] Group:0 Prob:0.84074 Alpha:0.50052
[MOE_TRACE] Group:0 Prob:0.84074 Alpha:0.50052

[MOE_TRACE] Group:1 Prob:0.22062 Alpha:0.50194
[MOE_TRACE] Group:1 Prob:0.22062 Alpha:0.50194
[MOE_TRACE] Group:1 Prob:0.22062 Alpha:0.50194
[MOE_TRACE] Group:2 Prob:0.90152 Alpha:0.50073
[MOE_TRACE] Group:2 Prob:0.90152 Alpha:0.50073
[MOE_TRACE] Group:2 Prob:0.90152 Alpha:0.50073
[MOE_TRACE] Group:0 Prob:0.84074 Alpha:0.50052
[MOE_TRACE] Group:1 Prob:0.22062 Alpha:0.50194
[MOE_TRACE] Group:2 Prob:0.90152 Alpha:0.50073
[MOE_TRACE] Group:0 Prob:0.83967 Alpha:0.50052
[MOE_TRACE] Group:1 Prob:0.22349 Alpha:0.50195
[MOE_TRACE] Group:0 Prob:0.83967 Alpha:0.50052
[MOE_TRACE] Group:0 Prob:0.83967 Alpha:0.50052
[MOE_TRACE] Group:2 Prob:0.89889 Alpha:0.50073
[MOE_TRACE] Group:1 Prob:0.22349 Alpha:0.50195
[MOE_TRACE] Group:1 Prob:0.22349 Alpha:0.50195
[MOE_TRACE] Group:2 Prob:0.89889 Alpha:0.50073
[MOE_TRACE] Group:0 Prob:0.83967 Alpha:0.50052
[MOE_TRACE] Group:2 Prob:0.89889 Alpha:0.50073
[MOE_TRACE] Group:1 Prob:0.22349 Alpha:0.50195
[MOE_TRACE] Group:2 Prob:0.89889 Alpha:0.50073
[MOE_TRACE] Group:0 Prob:0.84138 Alpha:0.50052
[MOE_TRACE] Group:0 Prob:0.84138 Alpha:0.50052
[MOE_TRACE] Group:1 Prob:0.22673 Alpha:0.50195
[MOE_TRACE] Group:0 Prob:0.84138 Alpha:0.50052
[MOE_TRACE] Group:1 Prob:0.22673 Alpha:0.50195[MOE_TRACE] Group:2 Prob:0.90301 Alpha:0.50073

[MOE_TRACE] Group:1 Prob:0.22673 Alpha:0.50195
[MOE_TRACE] Group:2 Prob:0.90301 Alpha:0.50073
[MOE_TRACE] Group:2 Prob:0.90301 Alpha:0.50073
[MOE_TRACE] Group:0 Prob:0.84138 Alpha:0.50052
[MOE_TRACE] Group:1 Prob:0.22673 Alpha:0.50195
[MOE_TRACE] Group:2 Prob:0.90301 Alpha:0.50073
[MOE_TRACE] Group:0 Prob:0.84206 Alpha:0.50052
[MOE_TRACE] Group:0 Prob:0.84206 Alpha:0.50052
[MOE_TRACE] Group:0 Prob:0.84206 Alpha:0.50052
[MOE_TRACE] Group:1 Prob:0.21633 Alpha:0.50195
[MOE_TRACE] Group:1 Prob:0.21633 Alpha:0.50195
[MOE_TRACE] Group:1 Prob:0.21633 Alpha:0.50195
[MOE_TRACE] Group:2 Prob:0.90068 Alpha:0.50073
[MOE_TRACE] Group:2 Prob:0.90068 Alpha:0.50073[MOE_TRACE] Group:2 Prob:0.90068 Alpha:0.50073

[MOE_TRACE] Group:0 Prob:0.84206 Alpha:0.50052
[MOE_TRACE] Group:1 Prob:0.21633 Alpha:0.50195
[MOE_TRACE] Group:2 Prob:0.90068 Alpha:0.50073
[MOE_TRACE] Group:0 Prob:0.83761 Alpha:0.50052
[MOE_TRACE] Group:0 Prob:0.83761 Alpha:0.50052[MOE_TRACE] Group:0 Prob:0.83761 Alpha:0.50052

[MOE_TRACE] Group:1 Prob:0.23630 Alpha:0.50195
[MOE_TRACE] Group:1 Prob:0.23630 Alpha:0.50195[MOE_TRACE] Group:1 Prob:0.23630 Alpha:0.50195

[MOE_TRACE] Group:2 Prob:0.89908 Alpha:0.50073
[MOE_TRACE] Group:2 Prob:0.89908 Alpha:0.50073
[MOE_TRACE] Group:2 Prob:0.89908 Alpha:0.50073
[MOE_TRACE] Group:0 Prob:0.83761 Alpha:0.50052
[MOE_TRACE] Group:1 Prob:0.23630 Alpha:0.50195
[MOE_TRACE] Group:2 Prob:0.89908 Alpha:0.50073
[MOE_TRACE] Group:0 Prob:0.84089 Alpha:0.50052[MOE_TRACE] Group:0 Prob:0.84089 Alpha:0.50052
[MOE_TRACE] Group:0 Prob:0.84089 Alpha:0.50052

[MOE_TRACE] Group:1 Prob:0.23050 Alpha:0.50195
[MOE_TRACE] Group:1 Prob:0.23050 Alpha:0.50195
[MOE_TRACE] Group:1 Prob:0.23050 Alpha:0.50195
[MOE_TRACE] Group:2 Prob:0.90375 Alpha:0.50073
[MOE_TRACE] Group:2 Prob:0.90375 Alpha:0.50073
[MOE_TRACE] Group:2 Prob:0.90375 Alpha:0.50073
[MOE_TRACE] Group:0 Prob:0.84089 Alpha:0.50052
[MOE_TRACE] Group:1 Prob:0.23050 Alpha:0.50195
[MOE_TRACE] Group:2 Prob:0.90375 Alpha:0.50073
[MOE_TRACE] Group:0 Prob:0.84705 Alpha:0.50052[MOE_TRACE] Group:0 Prob:0.84705 Alpha:0.50052

[MOE_TRACE] Group:0 Prob:0.84705 Alpha:0.50052
[MOE_TRACE] Group:1 Prob:0.23245 Alpha:0.50195
[MOE_TRACE] Group:1 Prob:0.23245 Alpha:0.50195[MOE_TRACE] Group:1 Prob:0.23245 Alpha:0.50195

[MOE_TRACE] Group:2 Prob:0.90390 Alpha:0.50073
[MOE_TRACE] Group:2 Prob:0.90390 Alpha:0.50073[MOE_TRACE] Group:2 Prob:0.90390 Alpha:0.50073

[MOE_TRACE] Group:0 Prob:0.84705 Alpha:0.50052
[MOE_TRACE] Group:1 Prob:0.23245 Alpha:0.50195
[MOE_TRACE] Group:2 Prob:0.90390 Alpha:0.50073
[MOE_TRACE] Group:0 Prob:0.83982 Alpha:0.50052
[MOE_TRACE] Group:0 Prob:0.83982 Alpha:0.50052[MOE_TRACE] Group:0 Prob:0.83982 Alpha:0.50052

[MOE_TRACE] Group:1 Prob:0.22918 Alpha:0.50195
[MOE_TRACE] Group:1 Prob:0.22918 Alpha:0.50195
[MOE_TRACE] Group:2 Prob:0.90009 Alpha:0.50073
[MOE_TRACE] Group:1 Prob:0.22918 Alpha:0.50195
[MOE_TRACE] Group:2 Prob:0.90009 Alpha:0.50073
[MOE_TRACE] Group:2 Prob:0.90009 Alpha:0.50073
[MOE_TRACE] Group:0 Prob:0.83982 Alpha:0.50052
[MOE_TRACE] Group:1 Prob:0.22918 Alpha:0.50195
[MOE_TRACE] Group:2 Prob:0.90009 Alpha:0.50073
[MOE_TRACE] Group:0 Prob:0.83945 Alpha:0.50052
[MOE_TRACE] Group:0 Prob:0.83945 Alpha:0.50052
[MOE_TRACE] Group:0 Prob:0.83945 Alpha:0.50052
[MOE_TRACE] Group:1 Prob:0.22496 Alpha:0.50195
[MOE_TRACE] Group:1 Prob:0.22496 Alpha:0.50195
[MOE_TRACE] Group:1 Prob:0.22496 Alpha:0.50195
[MOE_TRACE] Group:2 Prob:0.89874 Alpha:0.50073
[MOE_TRACE] Group:2 Prob:0.89874 Alpha:0.50073
[MOE_TRACE] Group:2 Prob:0.89874 Alpha:0.50073
[MOE_TRACE] Group:0 Prob:0.83945 Alpha:0.50052
[MOE_TRACE] Group:1 Prob:0.22496 Alpha:0.50195
[MOE_TRACE] Group:2 Prob:0.89874 Alpha:0.50073
[MOE_TRACE] Group:0 Prob:0.84582 Alpha:0.50052[MOE_TRACE] Group:0 Prob:0.84582 Alpha:0.50052

[MOE_TRACE] Group:0 Prob:0.84582 Alpha:0.50052
[MOE_TRACE] Group:1 Prob:0.23379 Alpha:0.50195
[MOE_TRACE] Group:1 Prob:0.23379 Alpha:0.50195
[MOE_TRACE] Group:1 Prob:0.23379 Alpha:0.50195
[MOE_TRACE] Group:2 Prob:0.90031 Alpha:0.50073
[MOE_TRACE] Group:2 Prob:0.90031 Alpha:0.50073
[MOE_TRACE] Group:2 Prob:0.90031 Alpha:0.50073
[MOE_TRACE] Group:0 Prob:0.84582 Alpha:0.50052
[MOE_TRACE] Group:1 Prob:0.23379 Alpha:0.50195
[MOE_TRACE] Group:2 Prob:0.90031 Alpha:0.50073
[MOE_TRACE] Group:0 Prob:0.84279 Alpha:0.50052[MOE_TRACE] Group:0 Prob:0.84279 Alpha:0.50052

[MOE_TRACE] Group:0 Prob:0.84279 Alpha:0.50052
[MOE_TRACE] Group:1 Prob:0.23883 Alpha:0.50195[MOE_TRACE] Group:1 Prob:0.23883 Alpha:0.50195
[MOE_TRACE] Group:1 Prob:0.23883 Alpha:0.50195

[MOE_TRACE] Group:2 Prob:0.89923 Alpha:0.50073[MOE_TRACE] Group:2 Prob:0.89923 Alpha:0.50073

[MOE_TRACE] Group:2 Prob:0.89923 Alpha:0.50073
[MOE_TRACE] Group:0 Prob:0.84279 Alpha:0.50052
[MOE_TRACE] Group:1 Prob:0.23883 Alpha:0.50195
[MOE_TRACE] Group:2 Prob:0.89923 Alpha:0.50073
[MOE_TRACE] Group:0 Prob:0.83907 Alpha:0.50052[MOE_TRACE] Group:0 Prob:0.83907 Alpha:0.50052[MOE_TRACE] Group:0 Prob:0.83907 Alpha:0.50052


[MOE_TRACE] Group:1 Prob:0.21985 Alpha:0.50195
[MOE_TRACE] Group:1 Prob:0.21985 Alpha:0.50195
[MOE_TRACE] Group:1 Prob:0.21985 Alpha:0.50195
[MOE_TRACE] Group:2 Prob:0.90145 Alpha:0.50073
[MOE_TRACE] Group:2 Prob:0.90145 Alpha:0.50073
[MOE_TRACE] Group:2 Prob:0.90145 Alpha:0.50073
[MOE_TRACE] Group:0 Prob:0.83907 Alpha:0.50052
[MOE_TRACE] Group:1 Prob:0.21985 Alpha:0.50195
[MOE_TRACE] Group:2 Prob:0.90145 Alpha:0.50073
[MOE_TRACE] Group:0 Prob:0.84610 Alpha:0.50052
[MOE_TRACE] Group:0 Prob:0.84610 Alpha:0.50052
[MOE_TRACE] Group:0 Prob:0.84610 Alpha:0.50052
[MOE_TRACE] Group:1 Prob:0.22059 Alpha:0.50195
[MOE_TRACE] Group:1 Prob:0.22059 Alpha:0.50195
[MOE_TRACE] Group:1 Prob:0.22059 Alpha:0.50195
[MOE_TRACE] Group:2 Prob:0.90173 Alpha:0.50073
[MOE_TRACE] Group:2 Prob:0.90173 Alpha:0.50073
[MOE_TRACE] Group:2 Prob:0.90173 Alpha:0.50073
[MOE_TRACE] Group:0 Prob:0.84610 Alpha:0.50052
[MOE_TRACE] Group:1 Prob:0.22059 Alpha:0.50195
[MOE_TRACE] Group:2 Prob:0.90173 Alpha:0.50073
[MOE_TRACE] Group:0 Prob:0.84292 Alpha:0.50052
[MOE_TRACE] Group:1 Prob:0.21545 Alpha:0.50195[MOE_TRACE] Group:0 Prob:0.84292 Alpha:0.50052

[MOE_TRACE] Group:0 Prob:0.84292 Alpha:0.50052
[MOE_TRACE] Group:2 Prob:0.90071 Alpha:0.50073
[MOE_TRACE] Group:1 Prob:0.21545 Alpha:0.50195
[MOE_TRACE] Group:1 Prob:0.21545 Alpha:0.50195
[MOE_TRACE] Group:2 Prob:0.90071 Alpha:0.50073
[MOE_TRACE] Group:2 Prob:0.90071 Alpha:0.50073
[MOE_TRACE] Group:0 Prob:0.84292 Alpha:0.50052
[MOE_TRACE] Group:1 Prob:0.21545 Alpha:0.50195
[MOE_TRACE] Group:2 Prob:0.90071 Alpha:0.50073
[MOE_TRACE] Group:0 Prob:0.84255 Alpha:0.50052
[MOE_TRACE] Group:1 Prob:0.21874 Alpha:0.50195
[MOE_TRACE] Group:0 Prob:0.84146 Alpha:0.50052[MOE_TRACE] Group:0 Prob:0.84146 Alpha:0.50052

[MOE_TRACE] Group:1 Prob:0.21874 Alpha:0.50195[MOE_TRACE] Group:1 Prob:0.21874 Alpha:0.50195

[MOE_TRACE] Group:2 Prob:0.90080 Alpha:0.50073
[MOE_TRACE] Group:2 Prob:0.90080 Alpha:0.50073
[MOE_TRACE] Group:0 Prob:0.84146 Alpha:0.50052
[MOE_TRACE] Group:1 Prob:0.21874 Alpha:0.50195
[MOE_TRACE] Group:2 Prob:0.90080 Alpha:0.50073
[MOE_TRACE] Group:0 Prob:0.84254 Alpha:0.50052
[MOE_TRACE] Group:1 Prob:0.23494 Alpha:0.50195
[MOE_TRACE] Group:0 Prob:0.84254 Alpha:0.50052
[MOE_TRACE] Group:1 Prob:0.23494 Alpha:0.50195
[MOE_TRACE] Group:2 Prob:0.89843 Alpha:0.50073
[MOE_TRACE] Group:0 Prob:0.84254 Alpha:0.50052
[MOE_TRACE] Group:1 Prob:0.23494 Alpha:0.50195
[MOE_TRACE] Group:2 Prob:0.89843 Alpha:0.50073
[MOE_TRACE] Group:0 Prob:0.84254 Alpha:0.50052
[MOE_TRACE] Group:1 Prob:0.23494 Alpha:0.50195
[MOE_TRACE] Group:2 Prob:0.89843 Alpha:0.50073
[MOE_TRACE] Group:0 Prob:0.83984 Alpha:0.50052
[MOE_TRACE] Group:1 Prob:0.21756 Alpha:0.50195
[MOE_TRACE] Group:0 Prob:0.83984 Alpha:0.50052
[MOE_TRACE] Group:1 Prob:0.21756 Alpha:0.50195
[MOE_TRACE] Group:0 Prob:0.83984 Alpha:0.50052
[MOE_TRACE] Group:1 Prob:0.21756 Alpha:0.50195
[MOE_TRACE] Group:2 Prob:0.90152 Alpha:0.50073
[MOE_TRACE] Group:0 Prob:0.83984 Alpha:0.50052
[MOE_TRACE] Group:1 Prob:0.21756 Alpha:0.50195
[MOE_TRACE] Group:2 Prob:0.90152 Alpha:0.50073
[MOE_TRACE] Group:0 Prob:0.84299 Alpha:0.50052
[MOE_TRACE] Group:0 Prob:0.84299 Alpha:0.50052
[MOE_TRACE] Group:1 Prob:0.22775 Alpha:0.50195
[MOE_TRACE] Group:0 Prob:0.84299 Alpha:0.50052[MOE_TRACE] Group:2 Prob:0.89939 Alpha:0.50073

[MOE_TRACE] Group:1 Prob:0.22775 Alpha:0.50195
[MOE_TRACE] Group:1 Prob:0.22775 Alpha:0.50195
[MOE_TRACE] Group:2 Prob:0.89939 Alpha:0.50073
[MOE_TRACE] Group:2 Prob:0.89939 Alpha:0.50073
[MOE_TRACE] Group:0 Prob:0.84299 Alpha:0.50052
[MOE_TRACE] Group:1 Prob:0.22775 Alpha:0.50195
[MOE_TRACE] Group:2 Prob:0.89939 Alpha:0.50073
[MOE_TRACE] Group:0 Prob:0.84234 Alpha:0.50052[MOE_TRACE] Group:0 Prob:0.84234 Alpha:0.50052[MOE_TRACE] Group:0 Prob:0.84234 Alpha:0.50052


[MOE_TRACE] Group:1 Prob:0.22438 Alpha:0.50195[MOE_TRACE] Group:1 Prob:0.22438 Alpha:0.50195

[MOE_TRACE] Group:1 Prob:0.22438 Alpha:0.50195
[MOE_TRACE] Group:2 Prob:0.90082 Alpha:0.50073
[MOE_TRACE] Group:2 Prob:0.90082 Alpha:0.50073
[MOE_TRACE] Group:2 Prob:0.90082 Alpha:0.50073
[MOE_TRACE] Group:0 Prob:0.84234 Alpha:0.50052
[MOE_TRACE] Group:1 Prob:0.22438 Alpha:0.50195
[MOE_TRACE] Group:2 Prob:0.90082 Alpha:0.50073
[MOE_TRACE] Group:0 Prob:0.84622 Alpha:0.50052
[MOE_TRACE] Group:1 Prob:0.23584 Alpha:0.50195
[MOE_TRACE] Group:0 Prob:0.84622 Alpha:0.50052
[MOE_TRACE] Group:2 Prob:0.89958 Alpha:0.50073
[MOE_TRACE] Group:1 Prob:0.23584 Alpha:0.50195
[MOE_TRACE] Group:0 Prob:0.84622 Alpha:0.50052
[MOE_TRACE] Group:2 Prob:0.89958 Alpha:0.50073[MOE_TRACE] Group:1 Prob:0.23584 Alpha:0.50195

[MOE_TRACE] Group:2 Prob:0.89958 Alpha:0.50073
[MOE_TRACE] Group:0 Prob:0.84622 Alpha:0.50052
[MOE_TRACE] Group:1 Prob:0.23584 Alpha:0.50195
[MOE_TRACE] Group:2 Prob:0.89958 Alpha:0.50073
[MOE_TRACE] Group:0 Prob:0.84352 Alpha:0.50052
[MOE_TRACE] Group:1 Prob:0.22454 Alpha:0.50195
[MOE_TRACE] Group:0 Prob:0.84352 Alpha:0.50052
[MOE_TRACE] Group:1 Prob:0.22454 Alpha:0.50195
[MOE_TRACE] Group:0 Prob:0.84352 Alpha:0.50052
[MOE_TRACE] Group:1 Prob:0.22454 Alpha:0.50195
[MOE_TRACE] Group:0 Prob:0.84352 Alpha:0.50052
[MOE_TRACE] Group:1 Prob:0.22454 Alpha:0.50195
[MOE_TRACE] Group:2 Prob:0.89949 Alpha:0.50073
[MOE_TRACE] Group:0 Prob:0.83854 Alpha:0.50052
[MOE_TRACE] Group:0 Prob:0.83854 Alpha:0.50052
[MOE_TRACE] Group:0 Prob:0.83854 Alpha:0.50052
[MOE_TRACE] Group:1 Prob:0.22607 Alpha:0.50195
[MOE_TRACE] Group:1 Prob:0.22607 Alpha:0.50195
[MOE_TRACE] Group:1 Prob:0.22607 Alpha:0.50195
[MOE_TRACE] Group:2 Prob:0.90256 Alpha:0.50073
[MOE_TRACE] Group:2 Prob:0.90256 Alpha:0.50073
[MOE_TRACE] Group:0 Prob:0.83854 Alpha:0.50052[MOE_TRACE] Group:2 Prob:0.90256 Alpha:0.50073

[MOE_TRACE] Group:1 Prob:0.22607 Alpha:0.50195
[MOE_TRACE] Group:2 Prob:0.90256 Alpha:0.50073
[MOE_TRACE] Group:0 Prob:0.84326 Alpha:0.50052[MOE_TRACE] Group:0 Prob:0.84326 Alpha:0.50052
[MOE_TRACE] Group:0 Prob:0.84326 Alpha:0.50052

[MOE_TRACE] Group:1 Prob:0.20665 Alpha:0.50195
[MOE_TRACE] Group:1 Prob:0.20665 Alpha:0.50195
[MOE_TRACE] Group:1 Prob:0.20665 Alpha:0.50195
[MOE_TRACE] Group:2 Prob:0.89926 Alpha:0.50073
[MOE_TRACE] Group:2 Prob:0.89926 Alpha:0.50073
[MOE_TRACE] Group:2 Prob:0.89926 Alpha:0.50073
[MOE_TRACE] Group:0 Prob:0.84326 Alpha:0.50052
[MOE_TRACE] Group:1 Prob:0.20665 Alpha:0.50195
[MOE_TRACE] Group:2 Prob:0.89926 Alpha:0.50073
[MOE_TRACE] Group:0 Prob:0.84538 Alpha:0.50052[MOE_TRACE] Group:0 Prob:0.84538 Alpha:0.50052

[MOE_TRACE] Group:0 Prob:0.84538 Alpha:0.50052
[MOE_TRACE] Group:1 Prob:0.22512 Alpha:0.50195
[MOE_TRACE] Group:1 Prob:0.22512 Alpha:0.50195
[MOE_TRACE] Group:1 Prob:0.22512 Alpha:0.50195
[MOE_TRACE] Group:2 Prob:0.89890 Alpha:0.50073
[MOE_TRACE] Group:2 Prob:0.89890 Alpha:0.50073
[MOE_TRACE] Group:2 Prob:0.89890 Alpha:0.50073
[MOE_TRACE] Group:0 Prob:0.84538 Alpha:0.50052
[MOE_TRACE] Group:1 Prob:0.22512 Alpha:0.50195
[MOE_TRACE] Group:2 Prob:0.89890 Alpha:0.50073
[MOE_TRACE] Group:0 Prob:0.83643 Alpha:0.50052
[MOE_TRACE] Group:1 Prob:0.21254 Alpha:0.50195
[MOE_TRACE] Group:0 Prob:0.83643 Alpha:0.50052
[MOE_TRACE] Group:0 Prob:0.83643 Alpha:0.50052
[MOE_TRACE] Group:1 Prob:0.21254 Alpha:0.50195
[MOE_TRACE] Group:2 Prob:0.90274 Alpha:0.50073
[MOE_TRACE] Group:1 Prob:0.21254 Alpha:0.50195
[MOE_TRACE] Group:2 Prob:0.90274 Alpha:0.50073
[MOE_TRACE] Group:0 Prob:0.83643 Alpha:0.50052
[MOE_TRACE] Group:1 Prob:0.21254 Alpha:0.50195
[MOE_TRACE] Group:2 Prob:0.90274 Alpha:0.50073
[MOE_TRACE] Group:0 Prob:0.83929 Alpha:0.50052
[MOE_TRACE] Group:0 Prob:0.83929 Alpha:0.50052
[MOE_TRACE] Group:0 Prob:0.83929 Alpha:0.50052
[MOE_TRACE] Group:1 Prob:0.22847 Alpha:0.50195
[MOE_TRACE] Group:1 Prob:0.22847 Alpha:0.50195
[MOE_TRACE] Group:1 Prob:0.22847 Alpha:0.50195
[MOE_TRACE] Group:2 Prob:0.90202 Alpha:0.50073
[MOE_TRACE] Group:2 Prob:0.90202 Alpha:0.50073
[MOE_TRACE] Group:2 Prob:0.90202 Alpha:0.50073
[MOE_TRACE] Group:0 Prob:0.83929 Alpha:0.50052
[MOE_TRACE] Group:1 Prob:0.22847 Alpha:0.50195
[MOE_TRACE] Group:2 Prob:0.90202 Alpha:0.50073
[MOE_TRACE] Group:0 Prob:0.84231 Alpha:0.50052
[MOE_TRACE] Group:0 Prob:0.84231 Alpha:0.50052
[MOE_TRACE] Group:0 Prob:0.84231 Alpha:0.50052
[MOE_TRACE] Group:1 Prob:0.22145 Alpha:0.50195[MOE_TRACE] Group:1 Prob:0.22145 Alpha:0.50195

[MOE_TRACE] Group:1 Prob:0.22145 Alpha:0.50195
[MOE_TRACE] Group:2 Prob:0.90218 Alpha:0.50073
[MOE_TRACE] Group:2 Prob:0.90218 Alpha:0.50073
[MOE_TRACE] Group:2 Prob:0.90218 Alpha:0.50073
[MOE_TRACE] Group:0 Prob:0.84231 Alpha:0.50052
[MOE_TRACE] Group:1 Prob:0.22145 Alpha:0.50195
[MOE_TRACE] Group:2 Prob:0.90218 Alpha:0.50073
[MOE_TRACE] Group:0 Prob:0.84116 Alpha:0.50052
[MOE_TRACE] Group:1 Prob:0.23894 Alpha:0.50195[MOE_TRACE] Group:0 Prob:0.84116 Alpha:0.50052[MOE_TRACE] Group:0 Prob:0.84116 Alpha:0.50052


[MOE_TRACE] Group:1 Prob:0.23894 Alpha:0.50195[MOE_TRACE] Group:2 Prob:0.89956 Alpha:0.50073

[MOE_TRACE] Group:1 Prob:0.23894 Alpha:0.50195
[MOE_TRACE] Group:2 Prob:0.89956 Alpha:0.50073
[MOE_TRACE] Group:2 Prob:0.89956 Alpha:0.50073
[MOE_TRACE] Group:0 Prob:0.84116 Alpha:0.50052
[MOE_TRACE] Group:1 Prob:0.23894 Alpha:0.50195
[MOE_TRACE] Group:2 Prob:0.89956 Alpha:0.50073
[MOE_TRACE] Group:0 Prob:0.84586 Alpha:0.50052
[MOE_TRACE] Group:1 Prob:0.22593 Alpha:0.50195
[MOE_TRACE] Group:0 Prob:0.84586 Alpha:0.50052
[MOE_TRACE] Group:1 Prob:0.22593 Alpha:0.50195
[MOE_TRACE] Group:0 Prob:0.84586 Alpha:0.50052
[MOE_TRACE] Group:1 Prob:0.22593 Alpha:0.50195
[MOE_TRACE] Group:0 Prob:0.84586 Alpha:0.50052
[MOE_TRACE] Group:1 Prob:0.22593 Alpha:0.50195
[MOE_TRACE] Group:2 Prob:0.89917 Alpha:0.50073
[MOE_TRACE] Group:0 Prob:0.83501 Alpha:0.50052
[MOE_TRACE] Group:0 Prob:0.83501 Alpha:0.50052[MOE_TRACE] Group:1 Prob:0.20455 Alpha:0.50195

[MOE_TRACE] Group:1 Prob:0.20455 Alpha:0.50195
[MOE_TRACE] Group:0 Prob:0.83501 Alpha:0.50052
[MOE_TRACE] Group:1 Prob:0.20455 Alpha:0.50195
[MOE_TRACE] Group:0 Prob:0.83501 Alpha:0.50052
[MOE_TRACE] Group:1 Prob:0.20455 Alpha:0.50195
[MOE_TRACE] Group:2 Prob:0.89827 Alpha:0.50073
[MOE_TRACE] Group:0 Prob:0.84495 Alpha:0.50052[MOE_TRACE] Group:0 Prob:0.84495 Alpha:0.50052

[MOE_TRACE] Group:1 Prob:0.23923 Alpha:0.50195
[MOE_TRACE] Group:1 Prob:0.23923 Alpha:0.50195
[MOE_TRACE] Group:0 Prob:0.84495 Alpha:0.50052
[MOE_TRACE] Group:2 Prob:0.89887 Alpha:0.50073
[MOE_TRACE] Group:2 Prob:0.89887 Alpha:0.50073
[MOE_TRACE] Group:1 Prob:0.23923 Alpha:0.50195
[MOE_TRACE] Group:2 Prob:0.89887 Alpha:0.50073
[MOE_TRACE] Group:0 Prob:0.84495 Alpha:0.50052
[MOE_TRACE] Group:1 Prob:0.23923 Alpha:0.50195
[MOE_TRACE] Group:2 Prob:0.89887 Alpha:0.50073
[MOE_TRACE] Group:0 Prob:0.83930 Alpha:0.50052
[MOE_TRACE] Group:0 Prob:0.83930 Alpha:0.50052
[MOE_TRACE] Group:1 Prob:0.21884 Alpha:0.50195
[MOE_TRACE] Group:1 Prob:0.21884 Alpha:0.50195
[MOE_TRACE] Group:0 Prob:0.83930 Alpha:0.50052
[MOE_TRACE] Group:2 Prob:0.89733 Alpha:0.50073
[MOE_TRACE] Group:2 Prob:0.89733 Alpha:0.50073
[MOE_TRACE] Group:1 Prob:0.21884 Alpha:0.50195
[MOE_TRACE] Group:2 Prob:0.89733 Alpha:0.50073
[MOE_TRACE] Group:0 Prob:0.83930 Alpha:0.50052
[MOE_TRACE] Group:1 Prob:0.21884 Alpha:0.50195
[MOE_TRACE] Group:2 Prob:0.89733 Alpha:0.50073
[MOE_TRACE] Group:0 Prob:0.84586 Alpha:0.50052[MOE_TRACE] Group:0 Prob:0.84586 Alpha:0.50052

[MOE_TRACE] Group:1 Prob:0.22415 Alpha:0.50195
[MOE_TRACE] Group:0 Prob:0.84586 Alpha:0.50052
[MOE_TRACE] Group:1 Prob:0.22415 Alpha:0.50195
[MOE_TRACE] Group:2 Prob:0.89880 Alpha:0.50073
[MOE_TRACE] Group:2 Prob:0.89880 Alpha:0.50073
[MOE_TRACE] Group:1 Prob:0.22415 Alpha:0.50195
[MOE_TRACE] Group:2 Prob:0.89880 Alpha:0.50073
[MOE_TRACE] Group:0 Prob:0.84586 Alpha:0.50052
[MOE_TRACE] Group:1 Prob:0.22415 Alpha:0.50195
[MOE_TRACE] Group:2 Prob:0.89880 Alpha:0.50073
[MOE_TRACE] Group:0 Prob:0.84274 Alpha:0.50052[MOE_TRACE] Group:0 Prob:0.84274 Alpha:0.50052

[MOE_TRACE] Group:0 Prob:0.84274 Alpha:0.50052
[MOE_TRACE] Group:1 Prob:0.21683 Alpha:0.50195
[MOE_TRACE] Group:1 Prob:0.21683 Alpha:0.50195
[MOE_TRACE] Group:1 Prob:0.21683 Alpha:0.50195
[MOE_TRACE] Group:2 Prob:0.89712 Alpha:0.50073
[MOE_TRACE] Group:2 Prob:0.89712 Alpha:0.50073
[MOE_TRACE] Group:2 Prob:0.89712 Alpha:0.50073
[MOE_TRACE] Group:0 Prob:0.84274 Alpha:0.50052
[MOE_TRACE] Group:1 Prob:0.21683 Alpha:0.50195
[MOE_TRACE] Group:2 Prob:0.89712 Alpha:0.50073
[MOE_TRACE] Group:0 Prob:0.84244 Alpha:0.50052
[MOE_TRACE] Group:1 Prob:0.21136 Alpha:0.50195
[MOE_TRACE] Group:0 Prob:0.84244 Alpha:0.50052
[MOE_TRACE] Group:0 Prob:0.84244 Alpha:0.50052
[MOE_TRACE] Group:1 Prob:0.21136 Alpha:0.50195
[MOE_TRACE] Group:1 Prob:0.21136 Alpha:0.50195
[MOE_TRACE] Group:2 Prob:0.90304 Alpha:0.50073
[MOE_TRACE] Group:2 Prob:0.90304 Alpha:0.50073
[MOE_TRACE] Group:0 Prob:0.84244 Alpha:0.50052
[MOE_TRACE] Group:1 Prob:0.21136 Alpha:0.50195
[MOE_TRACE] Group:2 Prob:0.90304 Alpha:0.50073
[MOE_TRACE] Group:0 Prob:0.83454 Alpha:0.50052
[MOE_TRACE] Group:0 Prob:0.83454 Alpha:0.50052
[MOE_TRACE] Group:0 Prob:0.83454 Alpha:0.50052
[MOE_TRACE] Group:1 Prob:0.22053 Alpha:0.50195
[MOE_TRACE] Group:2 Prob:0.89900 Alpha:0.50073
[MOE_TRACE] Group:1 Prob:0.22053 Alpha:0.50195
[MOE_TRACE] Group:1 Prob:0.22053 Alpha:0.50195
[MOE_TRACE] Group:2 Prob:0.89900 Alpha:0.50073
[MOE_TRACE] Group:2 Prob:0.89900 Alpha:0.50073
[MOE_TRACE] Group:0 Prob:0.83454 Alpha:0.50052
[MOE_TRACE] Group:1 Prob:0.22053 Alpha:0.50195
[MOE_TRACE] Group:2 Prob:0.89900 Alpha:0.50073
[MOE_TRACE] Group:0 Prob:0.84118 Alpha:0.50052[MOE_TRACE] Group:0 Prob:0.84118 Alpha:0.50052

[MOE_TRACE] Group:0 Prob:0.84118 Alpha:0.50052
[MOE_TRACE] Group:1 Prob:0.22439 Alpha:0.50195
[MOE_TRACE] Group:1 Prob:0.22439 Alpha:0.50195
[MOE_TRACE] Group:2 Prob:0.90237 Alpha:0.50073
[MOE_TRACE] Group:2 Prob:0.90237 Alpha:0.50073
[MOE_TRACE] Group:1 Prob:0.22439 Alpha:0.50195
[MOE_TRACE] Group:2 Prob:0.90237 Alpha:0.50073
[MOE_TRACE] Group:0 Prob:0.84118 Alpha:0.50052
[MOE_TRACE] Group:1 Prob:0.22439 Alpha:0.50195
[MOE_TRACE] Group:2 Prob:0.90237 Alpha:0.50073
[MOE_TRACE] Group:0 Prob:0.83638 Alpha:0.50052[MOE_TRACE] Group:0 Prob:0.83638 Alpha:0.50052

[MOE_TRACE] Group:0 Prob:0.83638 Alpha:0.50052
[MOE_TRACE] Group:1 Prob:0.21580 Alpha:0.50195
[MOE_TRACE] Group:1 Prob:0.21580 Alpha:0.50195
[MOE_TRACE] Group:1 Prob:0.21580 Alpha:0.50195
[MOE_TRACE] Group:2 Prob:0.89948 Alpha:0.50073
[MOE_TRACE] Group:2 Prob:0.89948 Alpha:0.50073
[MOE_TRACE] Group:2 Prob:0.89948 Alpha:0.50073
[MOE_TRACE] Group:0 Prob:0.83638 Alpha:0.50052
[MOE_TRACE] Group:1 Prob:0.21580 Alpha:0.50195
[MOE_TRACE] Group:2 Prob:0.89948 Alpha:0.50073
[MOE_TRACE] Group:0 Prob:0.83598 Alpha:0.50052
[MOE_TRACE] Group:0 Prob:0.83598 Alpha:0.50052
[MOE_TRACE] Group:1 Prob:0.22273 Alpha:0.50195
[MOE_TRACE] Group:0 Prob:0.83598 Alpha:0.50052
[MOE_TRACE] Group:1 Prob:0.22273 Alpha:0.50195
[MOE_TRACE] Group:0 Prob:0.83598 Alpha:0.50052
[MOE_TRACE] Group:1 Prob:0.22273 Alpha:0.50195
[MOE_TRACE] Group:2 Prob:0.89721 Alpha:0.50073
[MOE_TRACE] Group:0 Prob:0.84324 Alpha:0.50052[MOE_TRACE] Group:0 Prob:0.84324 Alpha:0.50052
[MOE_TRACE] Group:0 Prob:0.84324 Alpha:0.50052

[MOE_TRACE] Group:1 Prob:0.22115 Alpha:0.50195[MOE_TRACE] Group:1 Prob:0.22115 Alpha:0.50195
[MOE_TRACE] Group:1 Prob:0.22115 Alpha:0.50195

[MOE_TRACE] Group:2 Prob:0.90214 Alpha:0.50073
[MOE_TRACE] Group:2 Prob:0.90214 Alpha:0.50073
[MOE_TRACE] Group:2 Prob:0.90214 Alpha:0.50073
[MOE_TRACE] Group:0 Prob:0.84324 Alpha:0.50052
[MOE_TRACE] Group:1 Prob:0.22115 Alpha:0.50195
[MOE_TRACE] Group:2 Prob:0.90214 Alpha:0.50073
[MOE_TRACE] Group:0 Prob:0.83946 Alpha:0.50052[MOE_TRACE] Group:0 Prob:0.83946 Alpha:0.50052
[MOE_TRACE] Group:0 Prob:0.83946 Alpha:0.50052

[MOE_TRACE] Group:1 Prob:0.20904 Alpha:0.50195
[MOE_TRACE] Group:1 Prob:0.20904 Alpha:0.50195
[MOE_TRACE] Group:1 Prob:0.20904 Alpha:0.50195
[MOE_TRACE] Group:2 Prob:0.90182 Alpha:0.50073
[MOE_TRACE] Group:2 Prob:0.90182 Alpha:0.50073
[MOE_TRACE] Group:2 Prob:0.90182 Alpha:0.50073
[MOE_TRACE] Group:0 Prob:0.83946 Alpha:0.50052
[MOE_TRACE] Group:1 Prob:0.20904 Alpha:0.50195
[MOE_TRACE] Group:2 Prob:0.90182 Alpha:0.50073
[MOE_TRACE] Group:0 Prob:0.84258 Alpha:0.50052
[MOE_TRACE] Group:0 Prob:0.84258 Alpha:0.50052
[MOE_TRACE] Group:0 Prob:0.84258 Alpha:0.50052
[MOE_TRACE] Group:1 Prob:0.22438 Alpha:0.50195
[MOE_TRACE] Group:1 Prob:0.22438 Alpha:0.50195
[MOE_TRACE] Group:1 Prob:0.22438 Alpha:0.50195
[MOE_TRACE] Group:2 Prob:0.90091 Alpha:0.50073
[MOE_TRACE] Group:2 Prob:0.90091 Alpha:0.50073[MOE_TRACE] Group:2 Prob:0.90091 Alpha:0.50073

[MOE_TRACE] Group:0 Prob:0.84258 Alpha:0.50052
[MOE_TRACE] Group:1 Prob:0.22438 Alpha:0.50195
[MOE_TRACE] Group:2 Prob:0.90091 Alpha:0.50073
[MOE_TRACE] Group:0 Prob:0.84265 Alpha:0.50052
[MOE_TRACE] Group:1 Prob:0.22148 Alpha:0.50195
[MOE_TRACE] Group:0 Prob:0.84265 Alpha:0.50052
[MOE_TRACE] Group:1 Prob:0.22148 Alpha:0.50195
[MOE_TRACE] Group:0 Prob:0.84265 Alpha:0.50052
[MOE_TRACE] Group:1 Prob:0.22148 Alpha:0.50195
[MOE_TRACE] Group:2 Prob:0.90366 Alpha:0.50073
[MOE_TRACE] Group:0 Prob:0.84265 Alpha:0.50052
[MOE_TRACE] Group:1 Prob:0.22148 Alpha:0.50195
[MOE_TRACE] Group:2 Prob:0.90366 Alpha:0.50073
[MOE_TRACE] Group:0 Prob:0.84238 Alpha:0.50052[MOE_TRACE] Group:0 Prob:0.84238 Alpha:0.50052

[MOE_TRACE] Group:1 Prob:0.22388 Alpha:0.50195
[MOE_TRACE] Group:0 Prob:0.84238 Alpha:0.50052
[MOE_TRACE] Group:1 Prob:0.22388 Alpha:0.50195
[MOE_TRACE] Group:2 Prob:0.89912 Alpha:0.50073
[MOE_TRACE] Group:1 Prob:0.22388 Alpha:0.50195
[MOE_TRACE] Group:2 Prob:0.89912 Alpha:0.50073
[MOE_TRACE] Group:2 Prob:0.89912 Alpha:0.50073
[MOE_TRACE] Group:0 Prob:0.84238 Alpha:0.50052
[MOE_TRACE] Group:1 Prob:0.22388 Alpha:0.50195
[MOE_TRACE] Group:2 Prob:0.89912 Alpha:0.50073
[MOE_TRACE] Group:0 Prob:0.83931 Alpha:0.50052[MOE_TRACE] Group:0 Prob:0.83931 Alpha:0.50052

[MOE_TRACE] Group:1 Prob:0.23266 Alpha:0.50195
[MOE_TRACE] Group:1 Prob:0.23266 Alpha:0.50195
[MOE_TRACE] Group:2 Prob:0.89856 Alpha:0.50073
[MOE_TRACE] Group:0 Prob:0.83931 Alpha:0.50052
[MOE_TRACE] Group:2 Prob:0.89856 Alpha:0.50073
[MOE_TRACE] Group:1 Prob:0.23266 Alpha:0.50195
[MOE_TRACE] Group:0 Prob:0.83931 Alpha:0.50052
[MOE_TRACE] Group:2 Prob:0.89856 Alpha:0.50073
[MOE_TRACE] Group:1 Prob:0.23266 Alpha:0.50195
[MOE_TRACE] Group:2 Prob:0.89856 Alpha:0.50073
[MOE_TRACE] Group:0 Prob:0.83942 Alpha:0.50052
[MOE_TRACE] Group:0 Prob:0.83942 Alpha:0.50052[MOE_TRACE] Group:1 Prob:0.22019 Alpha:0.50195[MOE_TRACE] Group:0 Prob:0.83942 Alpha:0.50052


[MOE_TRACE] Group:1 Prob:0.22019 Alpha:0.50195
[MOE_TRACE] Group:1 Prob:0.22019 Alpha:0.50195
[MOE_TRACE] Group:0 Prob:0.83942 Alpha:0.50052
[MOE_TRACE] Group:1 Prob:0.22019 Alpha:0.50195
[MOE_TRACE] Group:2 Prob:0.90356 Alpha:0.50073
[MOE_TRACE] Group:0 Prob:0.83560 Alpha:0.50052
[MOE_TRACE] Group:0 Prob:0.83560 Alpha:0.50052
[MOE_TRACE] Group:0 Prob:0.83560 Alpha:0.50052
[MOE_TRACE] Group:1 Prob:0.22346 Alpha:0.50195
[MOE_TRACE] Group:1 Prob:0.22346 Alpha:0.50195
[MOE_TRACE] Group:1 Prob:0.22346 Alpha:0.50195
[MOE_TRACE] Group:2 Prob:0.89993 Alpha:0.50073
[MOE_TRACE] Group:2 Prob:0.89993 Alpha:0.50073
[MOE_TRACE] Group:2 Prob:0.89993 Alpha:0.50073
[MOE_TRACE] Group:0 Prob:0.83560 Alpha:0.50052
[MOE_TRACE] Group:1 Prob:0.22346 Alpha:0.50195
[MOE_TRACE] Group:2 Prob:0.89993 Alpha:0.50073
[MOE_TRACE] Group:0 Prob:0.84438 Alpha:0.50052
[MOE_TRACE] Group:0 Prob:0.84438 Alpha:0.50052
[MOE_TRACE] Group:1 Prob:0.21111 Alpha:0.50195
[MOE_TRACE] Group:1 Prob:0.21111 Alpha:0.50195
[MOE_TRACE] Group:0 Prob:0.84438 Alpha:0.50052
[MOE_TRACE] Group:1 Prob:0.21111 Alpha:0.50195
[MOE_TRACE] Group:0 Prob:0.84438 Alpha:0.50052
[MOE_TRACE] Group:1 Prob:0.21111 Alpha:0.50195
[MOE_TRACE] Group:2 Prob:0.90202 Alpha:0.50073
[MOE_TRACE] Group:0 Prob:0.83995 Alpha:0.50052
[MOE_TRACE] Group:0 Prob:0.83995 Alpha:0.50052
[MOE_TRACE] Group:0 Prob:0.83995 Alpha:0.50052
[MOE_TRACE] Group:1 Prob:0.22760 Alpha:0.50195
[MOE_TRACE] Group:1 Prob:0.22760 Alpha:0.50195
[MOE_TRACE] Group:1 Prob:0.22760 Alpha:0.50195
[MOE_TRACE] Group:0 Prob:0.83995 Alpha:0.50052
[MOE_TRACE] Group:1 Prob:0.22760 Alpha:0.50195
[MOE_TRACE] Group:2 Prob:0.90375 Alpha:0.50073
[MOE_TRACE] Group:0 Prob:0.84361 Alpha:0.50052
[MOE_TRACE] Group:0 Prob:0.84361 Alpha:0.50052[MOE_TRACE] Group:1 Prob:0.21735 Alpha:0.50195

[MOE_TRACE] Group:0 Prob:0.84361 Alpha:0.50052
[MOE_TRACE] Group:1 Prob:0.21735 Alpha:0.50195[MOE_TRACE] Group:2 Prob:0.89899 Alpha:0.50073

[MOE_TRACE] Group:1 Prob:0.21735 Alpha:0.50195
[MOE_TRACE] Group:2 Prob:0.89899 Alpha:0.50073
[MOE_TRACE] Group:2 Prob:0.89899 Alpha:0.50073
[MOE_TRACE] Group:0 Prob:0.84361 Alpha:0.50052
[MOE_TRACE] Group:1 Prob:0.21735 Alpha:0.50195
[MOE_TRACE] Group:2 Prob:0.89899 Alpha:0.50073
[MOE_TRACE] Group:0 Prob:0.83618 Alpha:0.50052
[MOE_TRACE] Group:0 Prob:0.83618 Alpha:0.50052
[MOE_TRACE] Group:0 Prob:0.83618 Alpha:0.50052
[MOE_TRACE] Group:1 Prob:0.22639 Alpha:0.50195
[MOE_TRACE] Group:1 Prob:0.22639 Alpha:0.50195
[MOE_TRACE] Group:1 Prob:0.22639 Alpha:0.50195
[MOE_TRACE] Group:2 Prob:0.90025 Alpha:0.50073
[MOE_TRACE] Group:2 Prob:0.90025 Alpha:0.50073
[MOE_TRACE] Group:2 Prob:0.90025 Alpha:0.50073
[MOE_TRACE] Group:0 Prob:0.83618 Alpha:0.50052
[MOE_TRACE] Group:1 Prob:0.22639 Alpha:0.50195
[MOE_TRACE] Group:2 Prob:0.90025 Alpha:0.50073
[MOE_TRACE] Group:0 Prob:0.84061 Alpha:0.50052
[MOE_TRACE] Group:1 Prob:0.20950 Alpha:0.50195
[MOE_TRACE] Group:0 Prob:0.84061 Alpha:0.50052[MOE_TRACE] Group:0 Prob:0.84061 Alpha:0.50052

[MOE_TRACE] Group:2 Prob:0.89603 Alpha:0.50073
[MOE_TRACE] Group:1 Prob:0.20950 Alpha:0.50195
[MOE_TRACE] Group:1 Prob:0.20950 Alpha:0.50195
[MOE_TRACE] Group:2 Prob:0.89603 Alpha:0.50073
[MOE_TRACE] Group:2 Prob:0.89603 Alpha:0.50073
[MOE_TRACE] Group:0 Prob:0.84061 Alpha:0.50052
[MOE_TRACE] Group:1 Prob:0.20950 Alpha:0.50195
[MOE_TRACE] Group:2 Prob:0.89603 Alpha:0.50073
[MOE_TRACE] Group:0 Prob:0.83859 Alpha:0.50052[MOE_TRACE] Group:0 Prob:0.83859 Alpha:0.50052

[MOE_TRACE] Group:0 Prob:0.83859 Alpha:0.50052
[MOE_TRACE] Group:1 Prob:0.22008 Alpha:0.50195
[MOE_TRACE] Group:1 Prob:0.22008 Alpha:0.50195
[MOE_TRACE] Group:1 Prob:0.22008 Alpha:0.50195
[MOE_TRACE] Group:2 Prob:0.89781 Alpha:0.50073
[MOE_TRACE] Group:2 Prob:0.89781 Alpha:0.50073
[MOE_TRACE] Group:2 Prob:0.89781 Alpha:0.50073
[MOE_TRACE] Group:0 Prob:0.83859 Alpha:0.50052
[MOE_TRACE] Group:1 Prob:0.22008 Alpha:0.50195
[MOE_TRACE] Group:2 Prob:0.89781 Alpha:0.50073
[MOE_TRACE] Group:0 Prob:0.83600 Alpha:0.50052
[MOE_TRACE] Group:0 Prob:0.83600 Alpha:0.50052
[MOE_TRACE] Group:0 Prob:0.83600 Alpha:0.50052
[MOE_TRACE] Group:1 Prob:0.22951 Alpha:0.50195
[MOE_TRACE] Group:1 Prob:0.22951 Alpha:0.50195
[MOE_TRACE] Group:1 Prob:0.22951 Alpha:0.50195
[MOE_TRACE] Group:2 Prob:0.89858 Alpha:0.50073
[MOE_TRACE] Group:2 Prob:0.89858 Alpha:0.50073
[MOE_TRACE] Group:2 Prob:0.89858 Alpha:0.50073
[MOE_TRACE] Group:0 Prob:0.83600 Alpha:0.50052
[MOE_TRACE] Group:1 Prob:0.22951 Alpha:0.50195
[MOE_TRACE] Group:2 Prob:0.89858 Alpha:0.50073
[MOE_TRACE] Group:0 Prob:0.83949 Alpha:0.50052
[MOE_TRACE] Group:0 Prob:0.83949 Alpha:0.50052
[MOE_TRACE] Group:0 Prob:0.83949 Alpha:0.50052
[MOE_TRACE] Group:1 Prob:0.23796 Alpha:0.50195
[MOE_TRACE] Group:1 Prob:0.23796 Alpha:0.50195[MOE_TRACE] Group:1 Prob:0.23796 Alpha:0.50195

[MOE_TRACE] Group:2 Prob:0.89906 Alpha:0.50073
[MOE_TRACE] Group:2 Prob:0.89906 Alpha:0.50073[MOE_TRACE] Group:2 Prob:0.89906 Alpha:0.50073

[MOE_TRACE] Group:0 Prob:0.83949 Alpha:0.50052
[MOE_TRACE] Group:1 Prob:0.23796 Alpha:0.50195
[MOE_TRACE] Group:2 Prob:0.89906 Alpha:0.50073
[MOE_TRACE] Group:0 Prob:0.84044 Alpha:0.50052
[MOE_TRACE] Group:0 Prob:0.84044 Alpha:0.50052
[MOE_TRACE] Group:0 Prob:0.84044 Alpha:0.50052
[MOE_TRACE] Group:1 Prob:0.22473 Alpha:0.50195
[MOE_TRACE] Group:2 Prob:0.90105 Alpha:0.50073
[MOE_TRACE] Group:1 Prob:0.22473 Alpha:0.50195
[MOE_TRACE] Group:1 Prob:0.22473 Alpha:0.50195
[MOE_TRACE] Group:2 Prob:0.90105 Alpha:0.50073
[MOE_TRACE] Group:2 Prob:0.90105 Alpha:0.50073
[MOE_TRACE] Group:0 Prob:0.84044 Alpha:0.50052
[MOE_TRACE] Group:1 Prob:0.22473 Alpha:0.50195
[MOE_TRACE] Group:2 Prob:0.90105 Alpha:0.50073
[MOE_TRACE] Group:0 Prob:0.84175 Alpha:0.50052[MOE_TRACE] Group:0 Prob:0.84175 Alpha:0.50052[MOE_TRACE] Group:0 Prob:0.84175 Alpha:0.50052


[MOE_TRACE] Group:1 Prob:0.22819 Alpha:0.50195[MOE_TRACE] Group:1 Prob:0.22819 Alpha:0.50195

[MOE_TRACE] Group:1 Prob:0.22819 Alpha:0.50195
[MOE_TRACE] Group:2 Prob:0.89844 Alpha:0.50073
[MOE_TRACE] Group:2 Prob:0.89844 Alpha:0.50073
[MOE_TRACE] Group:2 Prob:0.89844 Alpha:0.50073
[MOE_TRACE] Group:0 Prob:0.84175 Alpha:0.50052
[MOE_TRACE] Group:1 Prob:0.22819 Alpha:0.50195
[MOE_TRACE] Group:2 Prob:0.89844 Alpha:0.50073
[MOE_TRACE] Group:0 Prob:0.84136 Alpha:0.50052[MOE_TRACE] Group:0 Prob:0.84136 Alpha:0.50052

[MOE_TRACE] Group:0 Prob:0.84136 Alpha:0.50052
[MOE_TRACE] Group:1 Prob:0.22993 Alpha:0.50195
[MOE_TRACE] Group:1 Prob:0.22993 Alpha:0.50195
[MOE_TRACE] Group:1 Prob:0.22993 Alpha:0.50195
[MOE_TRACE] Group:2 Prob:0.89949 Alpha:0.50073
[MOE_TRACE] Group:2 Prob:0.89949 Alpha:0.50073
[MOE_TRACE] Group:2 Prob:0.89949 Alpha:0.50073
[MOE_TRACE] Group:0 Prob:0.84136 Alpha:0.50052
[MOE_TRACE] Group:1 Prob:0.22993 Alpha:0.50195
[MOE_TRACE] Group:2 Prob:0.89949 Alpha:0.50073
[MOE_TRACE] Group:0 Prob:0.84584 Alpha:0.50052[MOE_TRACE] Group:0 Prob:0.84584 Alpha:0.50052

[MOE_TRACE] Group:1 Prob:0.22691 Alpha:0.50195
[MOE_TRACE] Group:0 Prob:0.84584 Alpha:0.50052[MOE_TRACE] Group:1 Prob:0.22691 Alpha:0.50195

[MOE_TRACE] Group:2 Prob:0.90148 Alpha:0.50073
[MOE_TRACE] Group:2 Prob:0.90148 Alpha:0.50073
[MOE_TRACE] Group:1 Prob:0.22691 Alpha:0.50195
[MOE_TRACE] Group:2 Prob:0.90148 Alpha:0.50073
[MOE_TRACE] Group:0 Prob:0.84584 Alpha:0.50052
[MOE_TRACE] Group:1 Prob:0.22691 Alpha:0.50195
[MOE_TRACE] Group:2 Prob:0.90148 Alpha:0.50073
[MOE_TRACE] Group:0 Prob:0.84129 Alpha:0.50052[MOE_TRACE] Group:0 Prob:0.84129 Alpha:0.50052

[MOE_TRACE] Group:0 Prob:0.84129 Alpha:0.50052
[MOE_TRACE] Group:1 Prob:0.23501 Alpha:0.50195
[MOE_TRACE] Group:1 Prob:0.23501 Alpha:0.50195
[MOE_TRACE] Group:1 Prob:0.23501 Alpha:0.50195
[MOE_TRACE] Group:2 Prob:0.90101 Alpha:0.50073
[MOE_TRACE] Group:2 Prob:0.90101 Alpha:0.50073
[MOE_TRACE] Group:2 Prob:0.90101 Alpha:0.50073
[MOE_TRACE] Group:0 Prob:0.84129 Alpha:0.50052
[MOE_TRACE] Group:1 Prob:0.23501 Alpha:0.50195
[MOE_TRACE] Group:2 Prob:0.90101 Alpha:0.50073
[MOE_TRACE] Group:0 Prob:0.84028 Alpha:0.50052
[MOE_TRACE] Group:0 Prob:0.84028 Alpha:0.50052
[MOE_TRACE] Group:1 Prob:0.21477 Alpha:0.50195
[MOE_TRACE] Group:0 Prob:0.84028 Alpha:0.50052
[MOE_TRACE] Group:2 Prob:0.90003 Alpha:0.50073
[MOE_TRACE] Group:1 Prob:0.21477 Alpha:0.50195[MOE_TRACE] Group:1 Prob:0.21477 Alpha:0.50195

[MOE_TRACE] Group:2 Prob:0.90003 Alpha:0.50073
[MOE_TRACE] Group:2 Prob:0.90003 Alpha:0.50073
[MOE_TRACE] Group:0 Prob:0.84028 Alpha:0.50052
[MOE_TRACE] Group:1 Prob:0.21477 Alpha:0.50195
[MOE_TRACE] Group:2 Prob:0.90003 Alpha:0.50073
[MOE_TRACE] Group:0 Prob:0.84101 Alpha:0.50052
[MOE_TRACE] Group:0 Prob:0.84101 Alpha:0.50052[MOE_TRACE] Group:0 Prob:0.84101 Alpha:0.50052

[MOE_TRACE] Group:1 Prob:0.21784 Alpha:0.50195
[MOE_TRACE] Group:1 Prob:0.21784 Alpha:0.50195
[MOE_TRACE] Group:1 Prob:0.21784 Alpha:0.50195
[MOE_TRACE] Group:0 Prob:0.84101 Alpha:0.50052
[MOE_TRACE] Group:1 Prob:0.21784 Alpha:0.50195
[MOE_TRACE] Group:2 Prob:0.89928 Alpha:0.50073
[MOE_TRACE] Group:0 Prob:0.83298 Alpha:0.50052[MOE_TRACE] Group:0 Prob:0.83298 Alpha:0.50052[MOE_TRACE] Group:0 Prob:0.83298 Alpha:0.50052


[MOE_TRACE] Group:1 Prob:0.22201 Alpha:0.50195
[MOE_TRACE] Group:1 Prob:0.22201 Alpha:0.50195
[MOE_TRACE] Group:1 Prob:0.22201 Alpha:0.50195
[MOE_TRACE] Group:2 Prob:0.90241 Alpha:0.50073
[MOE_TRACE] Group:2 Prob:0.90241 Alpha:0.50073
[MOE_TRACE] Group:2 Prob:0.90241 Alpha:0.50073
[MOE_TRACE] Group:0 Prob:0.83298 Alpha:0.50052
[MOE_TRACE] Group:1 Prob:0.22201 Alpha:0.50195
[MOE_TRACE] Group:2 Prob:0.90241 Alpha:0.50073
[MOE_TRACE] Group:0 Prob:0.84344 Alpha:0.50052[MOE_TRACE] Group:0 Prob:0.84344 Alpha:0.50052

[MOE_TRACE] Group:0 Prob:0.84344 Alpha:0.50052
[MOE_TRACE] Group:1 Prob:0.22533 Alpha:0.50195
[MOE_TRACE] Group:1 Prob:0.22533 Alpha:0.50195
[MOE_TRACE] Group:1 Prob:0.22533 Alpha:0.50195
[MOE_TRACE] Group:2 Prob:0.89958 Alpha:0.50073
[MOE_TRACE] Group:2 Prob:0.89958 Alpha:0.50073
[MOE_TRACE] Group:2 Prob:0.89958 Alpha:0.50073
[MOE_TRACE] Group:0 Prob:0.84344 Alpha:0.50052
[MOE_TRACE] Group:1 Prob:0.22533 Alpha:0.50195
[MOE_TRACE] Group:2 Prob:0.89958 Alpha:0.50073
[MOE_TRACE] Group:0 Prob:0.84151 Alpha:0.50052
[MOE_TRACE] Group:0 Prob:0.84151 Alpha:0.50052
[MOE_TRACE] Group:0 Prob:0.84151 Alpha:0.50052
[MOE_TRACE] Group:1 Prob:0.23162 Alpha:0.50195
[MOE_TRACE] Group:1 Prob:0.23162 Alpha:0.50195
[MOE_TRACE] Group:2 Prob:0.89983 Alpha:0.50073
[MOE_TRACE] Group:1 Prob:0.23162 Alpha:0.50195
[MOE_TRACE] Group:2 Prob:0.89983 Alpha:0.50073
[MOE_TRACE] Group:2 Prob:0.89983 Alpha:0.50073
[MOE_TRACE] Group:0 Prob:0.84151 Alpha:0.50052
[MOE_TRACE] Group:1 Prob:0.23162 Alpha:0.50195
[MOE_TRACE] Group:2 Prob:0.89983 Alpha:0.50073
[MOE_TRACE] Group:0 Prob:0.83705 Alpha:0.50052[MOE_TRACE] Group:0 Prob:0.83705 Alpha:0.50052[MOE_TRACE] Group:0 Prob:0.83705 Alpha:0.50052


[MOE_TRACE] Group:1 Prob:0.22799 Alpha:0.50195
[MOE_TRACE] Group:1 Prob:0.22799 Alpha:0.50195
[MOE_TRACE] Group:1 Prob:0.22799 Alpha:0.50195
[MOE_TRACE] Group:2 Prob:0.89852 Alpha:0.50073
[MOE_TRACE] Group:2 Prob:0.89852 Alpha:0.50073
[MOE_TRACE] Group:2 Prob:0.89852 Alpha:0.50073
[MOE_TRACE] Group:0 Prob:0.83705 Alpha:0.50052
[MOE_TRACE] Group:1 Prob:0.22799 Alpha:0.50195
[MOE_TRACE] Group:2 Prob:0.89852 Alpha:0.50073
[MOE_TRACE] Group:0 Prob:0.84474 Alpha:0.50052[MOE_TRACE] Group:0 Prob:0.84474 Alpha:0.50052[MOE_TRACE] Group:0 Prob:0.84474 Alpha:0.50052


[MOE_TRACE] Group:1 Prob:0.23166 Alpha:0.50195
[MOE_TRACE] Group:1 Prob:0.23166 Alpha:0.50195
[MOE_TRACE] Group:1 Prob:0.23166 Alpha:0.50195
[MOE_TRACE] Group:2 Prob:0.89913 Alpha:0.50073
[MOE_TRACE] Group:2 Prob:0.89913 Alpha:0.50073
[MOE_TRACE] Group:2 Prob:0.89913 Alpha:0.50073
[MOE_TRACE] Group:0 Prob:0.84474 Alpha:0.50052
[MOE_TRACE] Group:1 Prob:0.23166 Alpha:0.50195
[MOE_TRACE] Group:2 Prob:0.89913 Alpha:0.50073
[MOE_TRACE] Group:0 Prob:0.83788 Alpha:0.50052
[MOE_TRACE] Group:1 Prob:0.22315 Alpha:0.50195
[MOE_TRACE] Group:0 Prob:0.83788 Alpha:0.50052
[MOE_TRACE] Group:1 Prob:0.22315 Alpha:0.50195
[MOE_TRACE] Group:0 Prob:0.83788 Alpha:0.50052
[MOE_TRACE] Group:1 Prob:0.22315 Alpha:0.50195
[MOE_TRACE] Group:0 Prob:0.83788 Alpha:0.50052
[MOE_TRACE] Group:1 Prob:0.22315 Alpha:0.50195
[MOE_TRACE] Group:2 Prob:0.89788 Alpha:0.50073
[MOE_TRACE] Group:0 Prob:0.84195 Alpha:0.50052
[MOE_TRACE] Group:1 Prob:0.23166 Alpha:0.50195
[MOE_TRACE] Group:0 Prob:0.84195 Alpha:0.50052
[MOE_TRACE] Group:0 Prob:0.84195 Alpha:0.50052
[MOE_TRACE] Group:1 Prob:0.23166 Alpha:0.50195
[MOE_TRACE] Group:1 Prob:0.23166 Alpha:0.50195
[MOE_TRACE] Group:2 Prob:0.89955 Alpha:0.50073
[MOE_TRACE] Group:2 Prob:0.89955 Alpha:0.50073
[MOE_TRACE] Group:2 Prob:0.89955 Alpha:0.50073
[MOE_TRACE] Group:0 Prob:0.84195 Alpha:0.50052
[MOE_TRACE] Group:1 Prob:0.23166 Alpha:0.50195
[MOE_TRACE] Group:2 Prob:0.89955 Alpha:0.50073
[MOE_TRACE] Group:0 Prob:0.83496 Alpha:0.50052[MOE_TRACE] Group:0 Prob:0.83496 Alpha:0.50052[MOE_TRACE] Group:0 Prob:0.83496 Alpha:0.50052


[MOE_TRACE] Group:1 Prob:0.22129 Alpha:0.50195
[MOE_TRACE] Group:1 Prob:0.22129 Alpha:0.50195
[MOE_TRACE] Group:1 Prob:0.22129 Alpha:0.50195
[MOE_TRACE] Group:2 Prob:0.89848 Alpha:0.50073
[MOE_TRACE] Group:2 Prob:0.89848 Alpha:0.50073
[MOE_TRACE] Group:2 Prob:0.89848 Alpha:0.50073
[MOE_TRACE] Group:0 Prob:0.83496 Alpha:0.50052
[MOE_TRACE] Group:1 Prob:0.22129 Alpha:0.50195
[MOE_TRACE] Group:2 Prob:0.89848 Alpha:0.50073
[MOE_TRACE] Group:0 Prob:0.83977 Alpha:0.50052[MOE_TRACE] Group:0 Prob:0.83977 Alpha:0.50052

[MOE_TRACE] Group:0 Prob:0.83977 Alpha:0.50052
[MOE_TRACE] Group:1 Prob:0.22176 Alpha:0.50195[MOE_TRACE] Group:1 Prob:0.22176 Alpha:0.50195

[MOE_TRACE] Group:1 Prob:0.22176 Alpha:0.50195
[MOE_TRACE] Group:0 Prob:0.83977 Alpha:0.50052[MOE_TRACE] Group:2 Prob:0.90087 Alpha:0.50073

[MOE_TRACE] Group:2 Prob:0.90087 Alpha:0.50073[MOE_TRACE] Group:2 Prob:0.90087 Alpha:0.50073

[MOE_TRACE] Group:1 Prob:0.22176 Alpha:0.50195
[MOE_TRACE] Group:2 Prob:0.90087 Alpha:0.50073
[MOE_TRACE] Group:0 Prob:0.84312 Alpha:0.50052
[MOE_TRACE] Group:0 Prob:0.84312 Alpha:0.50052
[MOE_TRACE] Group:0 Prob:0.84312 Alpha:0.50052
[MOE_TRACE] Group:1 Prob:0.21507 Alpha:0.50195
[MOE_TRACE] Group:1 Prob:0.21507 Alpha:0.50195
[MOE_TRACE] Group:1 Prob:0.21507 Alpha:0.50195
[MOE_TRACE] Group:2 Prob:0.89816 Alpha:0.50073
[MOE_TRACE] Group:2 Prob:0.89816 Alpha:0.50073
[MOE_TRACE] Group:2 Prob:0.89816 Alpha:0.50073
[MOE_TRACE] Group:0 Prob:0.84312 Alpha:0.50052
[MOE_TRACE] Group:1 Prob:0.21507 Alpha:0.50195
[MOE_TRACE] Group:2 Prob:0.89816 Alpha:0.50073
[MOE_TRACE] Group:0 Prob:0.84150 Alpha:0.50052
[MOE_TRACE] Group:0 Prob:0.84150 Alpha:0.50052
[MOE_TRACE] Group:0 Prob:0.84150 Alpha:0.50052
[MOE_TRACE] Group:1 Prob:0.22362 Alpha:0.50195
[MOE_TRACE] Group:1 Prob:0.22362 Alpha:0.50195
[MOE_TRACE] Group:1 Prob:0.22362 Alpha:0.50195
[MOE_TRACE] Group:2 Prob:0.90212 Alpha:0.50073
[MOE_TRACE] Group:2 Prob:0.90212 Alpha:0.50073
[MOE_TRACE] Group:2 Prob:0.90212 Alpha:0.50073
[MOE_TRACE] Group:0 Prob:0.84150 Alpha:0.50052
[MOE_TRACE] Group:1 Prob:0.22362 Alpha:0.50195
[MOE_TRACE] Group:2 Prob:0.90212 Alpha:0.50073
[MOE_TRACE] Group:0 Prob:0.84429 Alpha:0.50052[MOE_TRACE] Group:0 Prob:0.84429 Alpha:0.50052

[MOE_TRACE] Group:0 Prob:0.84429 Alpha:0.50052
[MOE_TRACE] Group:1 Prob:0.21164 Alpha:0.50195
[MOE_TRACE] Group:1 Prob:0.21164 Alpha:0.50195
[MOE_TRACE] Group:1 Prob:0.21164 Alpha:0.50195
[MOE_TRACE] Group:2 Prob:0.90055 Alpha:0.50073
[MOE_TRACE] Group:2 Prob:0.90055 Alpha:0.50073
[MOE_TRACE] Group:2 Prob:0.90055 Alpha:0.50073
[MOE_TRACE] Group:0 Prob:0.84429 Alpha:0.50052
[MOE_TRACE] Group:1 Prob:0.21164 Alpha:0.50195
[MOE_TRACE] Group:2 Prob:0.90055 Alpha:0.50073
[MOE_TRACE] Group:0 Prob:0.84292 Alpha:0.50052[MOE_TRACE] Group:0 Prob:0.84292 Alpha:0.50052[MOE_TRACE] Group:0 Prob:0.84292 Alpha:0.50052


[MOE_TRACE] Group:1 Prob:0.22671 Alpha:0.50195
[MOE_TRACE] Group:1 Prob:0.22671 Alpha:0.50195
[MOE_TRACE] Group:1 Prob:0.22671 Alpha:0.50195
[MOE_TRACE] Group:2 Prob:0.89876 Alpha:0.50073
[MOE_TRACE] Group:2 Prob:0.89876 Alpha:0.50073
[MOE_TRACE] Group:2 Prob:0.89876 Alpha:0.50073
[MOE_TRACE] Group:0 Prob:0.84292 Alpha:0.50052
[MOE_TRACE] Group:1 Prob:0.22671 Alpha:0.50195
[MOE_TRACE] Group:2 Prob:0.89876 Alpha:0.50073
[MOE_TRACE] Group:0 Prob:0.83954 Alpha:0.50052[MOE_TRACE] Group:0 Prob:0.83954 Alpha:0.50052[MOE_TRACE] Group:0 Prob:0.83954 Alpha:0.50052


[MOE_TRACE] Group:1 Prob:0.21513 Alpha:0.50195
[MOE_TRACE] Group:1 Prob:0.21513 Alpha:0.50195[MOE_TRACE] Group:1 Prob:0.21513 Alpha:0.50195

[MOE_TRACE] Group:2 Prob:0.90030 Alpha:0.50073
[MOE_TRACE] Group:2 Prob:0.90030 Alpha:0.50073
[MOE_TRACE] Group:2 Prob:0.90030 Alpha:0.50073
[MOE_TRACE] Group:0 Prob:0.83954 Alpha:0.50052
[MOE_TRACE] Group:1 Prob:0.21513 Alpha:0.50195
[MOE_TRACE] Group:2 Prob:0.90030 Alpha:0.50073
[MOE_TRACE] Group:0 Prob:0.83909 Alpha:0.50052
[MOE_TRACE] Group:0 Prob:0.83909 Alpha:0.50052
[MOE_TRACE] Group:0 Prob:0.83909 Alpha:0.50052
[MOE_TRACE] Group:1 Prob:0.22947 Alpha:0.50195
[MOE_TRACE] Group:1 Prob:0.22947 Alpha:0.50195
[MOE_TRACE] Group:2 Prob:0.89647 Alpha:0.50073
[MOE_TRACE] Group:1 Prob:0.22947 Alpha:0.50195
[MOE_TRACE] Group:2 Prob:0.89647 Alpha:0.50073
[MOE_TRACE] Group:2 Prob:0.89647 Alpha:0.50073
[MOE_TRACE] Group:0 Prob:0.83909 Alpha:0.50052
[MOE_TRACE] Group:1 Prob:0.22947 Alpha:0.50195
[MOE_TRACE] Group:2 Prob:0.89647 Alpha:0.50073
[MOE_TRACE] Group:0 Prob:0.84019 Alpha:0.50052
[MOE_TRACE] Group:1 Prob:0.22601 Alpha:0.50195
[MOE_TRACE] Group:0 Prob:0.84019 Alpha:0.50052[MOE_TRACE] Group:0 Prob:0.84019 Alpha:0.50052

[MOE_TRACE] Group:2 Prob:0.89814 Alpha:0.50073
[MOE_TRACE] Group:1 Prob:0.22601 Alpha:0.50195
[MOE_TRACE] Group:1 Prob:0.22601 Alpha:0.50195
[MOE_TRACE] Group:2 Prob:0.89814 Alpha:0.50073
[MOE_TRACE] Group:2 Prob:0.89814 Alpha:0.50073
[MOE_TRACE] Group:0 Prob:0.84019 Alpha:0.50052
[MOE_TRACE] Group:1 Prob:0.22601 Alpha:0.50195
[MOE_TRACE] Group:2 Prob:0.89814 Alpha:0.50073
[MOE_TRACE] Group:0 Prob:0.83431 Alpha:0.50052
[MOE_TRACE] Group:0 Prob:0.83431 Alpha:0.50052
[MOE_TRACE] Group:0 Prob:0.83431 Alpha:0.50052[MOE_TRACE] Group:1 Prob:0.21123 Alpha:0.50195

[MOE_TRACE] Group:1 Prob:0.21123 Alpha:0.50195
[MOE_TRACE] Group:2 Prob:0.89589 Alpha:0.50073
[MOE_TRACE] Group:2 Prob:0.89589 Alpha:0.50073
[MOE_TRACE] Group:1 Prob:0.21123 Alpha:0.50195
[MOE_TRACE] Group:2 Prob:0.89589 Alpha:0.50073
[MOE_TRACE] Group:0 Prob:0.83431 Alpha:0.50052
[MOE_TRACE] Group:1 Prob:0.21123 Alpha:0.50195
[MOE_TRACE] Group:2 Prob:0.89589 Alpha:0.50073
[MOE_TRACE] Group:0 Prob:0.83918 Alpha:0.50052
[MOE_TRACE] Group:0 Prob:0.83918 Alpha:0.50052
[MOE_TRACE] Group:0 Prob:0.83918 Alpha:0.50052
[MOE_TRACE] Group:1 Prob:0.21558 Alpha:0.50195
[MOE_TRACE] Group:1 Prob:0.21558 Alpha:0.50195
[MOE_TRACE] Group:2 Prob:0.89832 Alpha:0.50073[MOE_TRACE] Group:1 Prob:0.21558 Alpha:0.50195

[MOE_TRACE] Group:2 Prob:0.89832 Alpha:0.50073
[MOE_TRACE] Group:2 Prob:0.89832 Alpha:0.50073
[MOE_TRACE] Group:0 Prob:0.83918 Alpha:0.50052
[MOE_TRACE] Group:1 Prob:0.21558 Alpha:0.50195
[MOE_TRACE] Group:2 Prob:0.89832 Alpha:0.50073
[MOE_TRACE] Group:0 Prob:0.84023 Alpha:0.50052
[MOE_TRACE] Group:0 Prob:0.84023 Alpha:0.50052
[MOE_TRACE] Group:0 Prob:0.84023 Alpha:0.50052
[MOE_TRACE] Group:1 Prob:0.22152 Alpha:0.50195
[MOE_TRACE] Group:1 Prob:0.22152 Alpha:0.50195
[MOE_TRACE] Group:1 Prob:0.22152 Alpha:0.50195
[MOE_TRACE] Group:2 Prob:0.90004 Alpha:0.50073
[MOE_TRACE] Group:2 Prob:0.90004 Alpha:0.50073
[MOE_TRACE] Group:2 Prob:0.90004 Alpha:0.50073
[MOE_TRACE] Group:0 Prob:0.84023 Alpha:0.50052
[MOE_TRACE] Group:1 Prob:0.22152 Alpha:0.50195
[MOE_TRACE] Group:2 Prob:0.90004 Alpha:0.50073
[MOE_TRACE] Group:0 Prob:0.84157 Alpha:0.50052
[MOE_TRACE] Group:0 Prob:0.84157 Alpha:0.50052
[MOE_TRACE] Group:0 Prob:0.84157 Alpha:0.50052
[MOE_TRACE] Group:1 Prob:0.23469 Alpha:0.50195[MOE_TRACE] Group:1 Prob:0.23469 Alpha:0.50195

[MOE_TRACE] Group:1 Prob:0.23469 Alpha:0.50195
[MOE_TRACE] Group:2 Prob:0.89783 Alpha:0.50073
[MOE_TRACE] Group:2 Prob:0.89783 Alpha:0.50073
[MOE_TRACE] Group:2 Prob:0.89783 Alpha:0.50073
[MOE_TRACE] Group:0 Prob:0.84157 Alpha:0.50052
[MOE_TRACE] Group:1 Prob:0.23469 Alpha:0.50195
[MOE_TRACE] Group:2 Prob:0.89783 Alpha:0.50073
[MOE_TRACE] Group:0 Prob:0.83904 Alpha:0.50052
[MOE_TRACE] Group:0 Prob:0.83904 Alpha:0.50052
[MOE_TRACE] Group:0 Prob:0.83904 Alpha:0.50052
[MOE_TRACE] Group:1 Prob:0.20840 Alpha:0.50195
[MOE_TRACE] Group:2 Prob:0.89852 Alpha:0.50073
[MOE_TRACE] Group:1 Prob:0.20840 Alpha:0.50195
[MOE_TRACE] Group:1 Prob:0.20840 Alpha:0.50195
[MOE_TRACE] Group:2 Prob:0.89852 Alpha:0.50073
[MOE_TRACE] Group:2 Prob:0.89852 Alpha:0.50073
[MOE_TRACE] Group:0 Prob:0.83904 Alpha:0.50052
[MOE_TRACE] Group:1 Prob:0.20840 Alpha:0.50195
[MOE_TRACE] Group:2 Prob:0.89852 Alpha:0.50073
[MOE_TRACE] Group:0 Prob:0.84115 Alpha:0.50052[MOE_TRACE] Group:0 Prob:0.84115 Alpha:0.50052

[MOE_TRACE] Group:0 Prob:0.84115 Alpha:0.50052
[MOE_TRACE] Group:1 Prob:0.23725 Alpha:0.50195
[MOE_TRACE] Group:1 Prob:0.23725 Alpha:0.50195
[MOE_TRACE] Group:1 Prob:0.23725 Alpha:0.50195
[MOE_TRACE] Group:2 Prob:0.89960 Alpha:0.50073
[MOE_TRACE] Group:2 Prob:0.89960 Alpha:0.50073
[MOE_TRACE] Group:2 Prob:0.89960 Alpha:0.50073
[MOE_TRACE] Group:0 Prob:0.84115 Alpha:0.50052
[MOE_TRACE] Group:1 Prob:0.23725 Alpha:0.50195
[MOE_TRACE] Group:2 Prob:0.89960 Alpha:0.50073
[MOE_TRACE] Group:0 Prob:0.84139 Alpha:0.50052
[MOE_TRACE] Group:0 Prob:0.84139 Alpha:0.50052[MOE_TRACE] Group:1 Prob:0.23579 Alpha:0.50195
[MOE_TRACE] Group:0 Prob:0.84139 Alpha:0.50052

[MOE_TRACE] Group:1 Prob:0.23579 Alpha:0.50195
[MOE_TRACE] Group:1 Prob:0.23579 Alpha:0.50195[MOE_TRACE] Group:2 Prob:0.89957 Alpha:0.50073

[MOE_TRACE] Group:2 Prob:0.89957 Alpha:0.50073
[MOE_TRACE] Group:2 Prob:0.89957 Alpha:0.50073
[MOE_TRACE] Group:0 Prob:0.84139 Alpha:0.50052
[MOE_TRACE] Group:1 Prob:0.23579 Alpha:0.50195
[MOE_TRACE] Group:2 Prob:0.89957 Alpha:0.50073
[MOE_TRACE] Group:0 Prob:0.83427 Alpha:0.50052
[MOE_TRACE] Group:0 Prob:0.83427 Alpha:0.50052
[MOE_TRACE] Group:0 Prob:0.83427 Alpha:0.50052
[MOE_TRACE] Group:1 Prob:0.21667 Alpha:0.50195
[MOE_TRACE] Group:1 Prob:0.21667 Alpha:0.50195
[MOE_TRACE] Group:1 Prob:0.21667 Alpha:0.50195
[MOE_TRACE] Group:2 Prob:0.89781 Alpha:0.50073
[MOE_TRACE] Group:2 Prob:0.89781 Alpha:0.50073
[MOE_TRACE] Group:2 Prob:0.89781 Alpha:0.50073
[MOE_TRACE] Group:0 Prob:0.83427 Alpha:0.50052
[MOE_TRACE] Group:1 Prob:0.21667 Alpha:0.50195
[MOE_TRACE] Group:2 Prob:0.89781 Alpha:0.50073
[MOE_TRACE] Group:0 Prob:0.84003 Alpha:0.50052[MOE_TRACE] Group:0 Prob:0.84003 Alpha:0.50052

[MOE_TRACE] Group:0 Prob:0.84003 Alpha:0.50052
[MOE_TRACE] Group:1 Prob:0.22683 Alpha:0.50195
[MOE_TRACE] Group:1 Prob:0.22683 Alpha:0.50195[MOE_TRACE] Group:1 Prob:0.22683 Alpha:0.50195

[MOE_TRACE] Group:2 Prob:0.89881 Alpha:0.50073
[MOE_TRACE] Group:2 Prob:0.89881 Alpha:0.50073
[MOE_TRACE] Group:2 Prob:0.89881 Alpha:0.50073
[MOE_TRACE] Group:0 Prob:0.84003 Alpha:0.50052
[MOE_TRACE] Group:1 Prob:0.22683 Alpha:0.50195
[MOE_TRACE] Group:2 Prob:0.89881 Alpha:0.50073
[MOE_TRACE] Group:0 Prob:0.84308 Alpha:0.50052
[MOE_TRACE] Group:0 Prob:0.84308 Alpha:0.50052
[MOE_TRACE] Group:0 Prob:0.84308 Alpha:0.50052
[MOE_TRACE] Group:1 Prob:0.22992 Alpha:0.50195
[MOE_TRACE] Group:1 Prob:0.22992 Alpha:0.50195[MOE_TRACE] Group:1 Prob:0.22992 Alpha:0.50195

[MOE_TRACE] Group:2 Prob:0.90244 Alpha:0.50073
[MOE_TRACE] Group:2 Prob:0.90244 Alpha:0.50073[MOE_TRACE] Group:2 Prob:0.90244 Alpha:0.50073

[MOE_TRACE] Group:0 Prob:0.84308 Alpha:0.50052
[MOE_TRACE] Group:1 Prob:0.22992 Alpha:0.50195
[MOE_TRACE] Group:2 Prob:0.90244 Alpha:0.50073
	iters: 100, epoch: 9 | loss: 0.3092606
	speed: 5.5706s/iter; left time: 1075.1187s
[MOE_TRACE] Group:0 Prob:0.84037 Alpha:0.50052
[MOE_TRACE] Group:0 Prob:0.84037 Alpha:0.50052[MOE_TRACE] Group:1 Prob:0.22203 Alpha:0.50195

[MOE_TRACE] Group:0 Prob:0.84037 Alpha:0.50052
[MOE_TRACE] Group:1 Prob:0.22203 Alpha:0.50195
[MOE_TRACE] Group:2 Prob:0.89940 Alpha:0.50073
[MOE_TRACE] Group:2 Prob:0.89940 Alpha:0.50073
[MOE_TRACE] Group:1 Prob:0.22203 Alpha:0.50195
[MOE_TRACE] Group:2 Prob:0.89940 Alpha:0.50073
[MOE_TRACE] Group:0 Prob:0.84037 Alpha:0.50052
[MOE_TRACE] Group:1 Prob:0.22203 Alpha:0.50195
[MOE_TRACE] Group:2 Prob:0.89940 Alpha:0.50073
[MOE_TRACE] Group:0 Prob:0.84725 Alpha:0.50052
[MOE_TRACE] Group:0 Prob:0.84725 Alpha:0.50052
[MOE_TRACE] Group:0 Prob:0.84725 Alpha:0.50052
[MOE_TRACE] Group:1 Prob:0.20516 Alpha:0.50195[MOE_TRACE] Group:1 Prob:0.20516 Alpha:0.50195

[MOE_TRACE] Group:1 Prob:0.20516 Alpha:0.50195
[MOE_TRACE] Group:2 Prob:0.89979 Alpha:0.50073
[MOE_TRACE] Group:2 Prob:0.89979 Alpha:0.50073
[MOE_TRACE] Group:2 Prob:0.89979 Alpha:0.50073
[MOE_TRACE] Group:0 Prob:0.84725 Alpha:0.50052
[MOE_TRACE] Group:1 Prob:0.20516 Alpha:0.50195
[MOE_TRACE] Group:2 Prob:0.89979 Alpha:0.50073
[MOE_TRACE] Group:0 Prob:0.84628 Alpha:0.50052[MOE_TRACE] Group:0 Prob:0.84628 Alpha:0.50052

[MOE_TRACE] Group:0 Prob:0.84628 Alpha:0.50052
[MOE_TRACE] Group:1 Prob:0.22914 Alpha:0.50195
[MOE_TRACE] Group:1 Prob:0.22914 Alpha:0.50195
[MOE_TRACE] Group:1 Prob:0.22914 Alpha:0.50195
[MOE_TRACE] Group:2 Prob:0.89913 Alpha:0.50073
[MOE_TRACE] Group:2 Prob:0.89913 Alpha:0.50073
[MOE_TRACE] Group:0 Prob:0.84628 Alpha:0.50052
[MOE_TRACE] Group:2 Prob:0.89913 Alpha:0.50073
[MOE_TRACE] Group:1 Prob:0.22914 Alpha:0.50195
[MOE_TRACE] Group:2 Prob:0.89913 Alpha:0.50073
[MOE_TRACE] Group:0 Prob:0.83865 Alpha:0.50052
[MOE_TRACE] Group:0 Prob:0.83865 Alpha:0.50052
[MOE_TRACE] Group:0 Prob:0.83865 Alpha:0.50052
[MOE_TRACE] Group:1 Prob:0.22461 Alpha:0.50195[MOE_TRACE] Group:1 Prob:0.22461 Alpha:0.50195

[MOE_TRACE] Group:2 Prob:0.90044 Alpha:0.50073
[MOE_TRACE] Group:1 Prob:0.22461 Alpha:0.50195
[MOE_TRACE] Group:2 Prob:0.90044 Alpha:0.50073
[MOE_TRACE] Group:2 Prob:0.90044 Alpha:0.50073
[MOE_TRACE] Group:0 Prob:0.83865 Alpha:0.50052
[MOE_TRACE] Group:1 Prob:0.22461 Alpha:0.50195
[MOE_TRACE] Group:2 Prob:0.90044 Alpha:0.50073
[MOE_TRACE] Group:0 Prob:0.83495 Alpha:0.50052[MOE_TRACE] Group:0 Prob:0.83495 Alpha:0.50052[MOE_TRACE] Group:0 Prob:0.83495 Alpha:0.50052


[MOE_TRACE] Group:1 Prob:0.22647 Alpha:0.50195
[MOE_TRACE] Group:1 Prob:0.22647 Alpha:0.50195[MOE_TRACE] Group:1 Prob:0.22647 Alpha:0.50195

[MOE_TRACE] Group:2 Prob:0.89993 Alpha:0.50073
[MOE_TRACE] Group:2 Prob:0.89993 Alpha:0.50073
[MOE_TRACE] Group:2 Prob:0.89993 Alpha:0.50073
[MOE_TRACE] Group:0 Prob:0.83495 Alpha:0.50052
[MOE_TRACE] Group:1 Prob:0.22647 Alpha:0.50195
[MOE_TRACE] Group:2 Prob:0.89993 Alpha:0.50073
[MOE_TRACE] Group:0 Prob:0.84061 Alpha:0.50052
[MOE_TRACE] Group:0 Prob:0.84061 Alpha:0.50052[MOE_TRACE] Group:0 Prob:0.84061 Alpha:0.50052

[MOE_TRACE] Group:1 Prob:0.20271 Alpha:0.50195
[MOE_TRACE] Group:1 Prob:0.20271 Alpha:0.50195
[MOE_TRACE] Group:1 Prob:0.20271 Alpha:0.50195
[MOE_TRACE] Group:2 Prob:0.89782 Alpha:0.50073[MOE_TRACE] Group:2 Prob:0.89782 Alpha:0.50073

[MOE_TRACE] Group:2 Prob:0.89782 Alpha:0.50073
[MOE_TRACE] Group:0 Prob:0.84061 Alpha:0.50052
[MOE_TRACE] Group:1 Prob:0.20271 Alpha:0.50195
[MOE_TRACE] Group:2 Prob:0.89782 Alpha:0.50073
[MOE_TRACE] Group:0 Prob:0.84190 Alpha:0.50052
[MOE_TRACE] Group:0 Prob:0.84190 Alpha:0.50052
[MOE_TRACE] Group:0 Prob:0.84190 Alpha:0.50052
[MOE_TRACE] Group:1 Prob:0.21991 Alpha:0.50195
[MOE_TRACE] Group:1 Prob:0.21991 Alpha:0.50195
[MOE_TRACE] Group:2 Prob:0.90191 Alpha:0.50073
[MOE_TRACE] Group:1 Prob:0.21991 Alpha:0.50195
[MOE_TRACE] Group:2 Prob:0.90191 Alpha:0.50073
[MOE_TRACE] Group:2 Prob:0.90191 Alpha:0.50073
[MOE_TRACE] Group:0 Prob:0.84190 Alpha:0.50052
[MOE_TRACE] Group:1 Prob:0.21991 Alpha:0.50195
[MOE_TRACE] Group:2 Prob:0.90191 Alpha:0.50073
[MOE_TRACE] Group:0 Prob:0.83435 Alpha:0.50052
[MOE_TRACE] Group:0 Prob:0.83435 Alpha:0.50052
[MOE_TRACE] Group:0 Prob:0.83435 Alpha:0.50052
[MOE_TRACE] Group:1 Prob:0.21732 Alpha:0.50195
[MOE_TRACE] Group:1 Prob:0.21732 Alpha:0.50195
[MOE_TRACE] Group:1 Prob:0.21732 Alpha:0.50195
[MOE_TRACE] Group:2 Prob:0.89633 Alpha:0.50073
[MOE_TRACE] Group:2 Prob:0.89633 Alpha:0.50073
[MOE_TRACE] Group:2 Prob:0.89633 Alpha:0.50073
[MOE_TRACE] Group:0 Prob:0.83435 Alpha:0.50052
[MOE_TRACE] Group:1 Prob:0.21732 Alpha:0.50195
[MOE_TRACE] Group:2 Prob:0.89633 Alpha:0.50073
[MOE_TRACE] Group:0 Prob:0.84294 Alpha:0.50052
[MOE_TRACE] Group:0 Prob:0.84294 Alpha:0.50052
[MOE_TRACE] Group:1 Prob:0.21524 Alpha:0.50195
[MOE_TRACE] Group:1 Prob:0.21524 Alpha:0.50195
[MOE_TRACE] Group:0 Prob:0.84294 Alpha:0.50052
[MOE_TRACE] Group:2 Prob:0.89866 Alpha:0.50073[MOE_TRACE] Group:2 Prob:0.89866 Alpha:0.50073

[MOE_TRACE] Group:1 Prob:0.21524 Alpha:0.50195
[MOE_TRACE] Group:0 Prob:0.84294 Alpha:0.50052
[MOE_TRACE] Group:2 Prob:0.89866 Alpha:0.50073
[MOE_TRACE] Group:1 Prob:0.21524 Alpha:0.50195
[MOE_TRACE] Group:2 Prob:0.89866 Alpha:0.50073
[MOE_TRACE] Group:0 Prob:0.84732 Alpha:0.50052
[MOE_TRACE] Group:1 Prob:0.21974 Alpha:0.50195
[MOE_TRACE] Group:0 Prob:0.84732 Alpha:0.50052
[MOE_TRACE] Group:1 Prob:0.21974 Alpha:0.50195
[MOE_TRACE] Group:0 Prob:0.84732 Alpha:0.50052
[MOE_TRACE] Group:1 Prob:0.21974 Alpha:0.50195
[MOE_TRACE] Group:2 Prob:0.89968 Alpha:0.50073
[MOE_TRACE] Group:0 Prob:0.84732 Alpha:0.50052
[MOE_TRACE] Group:1 Prob:0.21974 Alpha:0.50195
[MOE_TRACE] Group:2 Prob:0.89968 Alpha:0.50073
[MOE_TRACE] Group:0 Prob:0.84696 Alpha:0.50052
[MOE_TRACE] Group:0 Prob:0.84696 Alpha:0.50052
[MOE_TRACE] Group:1 Prob:0.22838 Alpha:0.50195
[MOE_TRACE] Group:0 Prob:0.84696 Alpha:0.50052
[MOE_TRACE] Group:1 Prob:0.22838 Alpha:0.50195
[MOE_TRACE] Group:2 Prob:0.90088 Alpha:0.50073[MOE_TRACE] Group:1 Prob:0.22838 Alpha:0.50195

[MOE_TRACE] Group:2 Prob:0.90088 Alpha:0.50073
[MOE_TRACE] Group:2 Prob:0.90088 Alpha:0.50073
[MOE_TRACE] Group:0 Prob:0.84696 Alpha:0.50052
[MOE_TRACE] Group:1 Prob:0.22838 Alpha:0.50195
[MOE_TRACE] Group:2 Prob:0.90088 Alpha:0.50073
[MOE_TRACE] Group:0 Prob:0.84226 Alpha:0.50052[MOE_TRACE] Group:0 Prob:0.84226 Alpha:0.50052

[MOE_TRACE] Group:0 Prob:0.84226 Alpha:0.50052
[MOE_TRACE] Group:1 Prob:0.21209 Alpha:0.50195
[MOE_TRACE] Group:1 Prob:0.21209 Alpha:0.50195
[MOE_TRACE] Group:1 Prob:0.21209 Alpha:0.50195
[MOE_TRACE] Group:2 Prob:0.90140 Alpha:0.50073
[MOE_TRACE] Group:2 Prob:0.90140 Alpha:0.50073
[MOE_TRACE] Group:2 Prob:0.90140 Alpha:0.50073
[MOE_TRACE] Group:0 Prob:0.84226 Alpha:0.50052
[MOE_TRACE] Group:1 Prob:0.21209 Alpha:0.50195
[MOE_TRACE] Group:2 Prob:0.90140 Alpha:0.50073
[MOE_TRACE] Group:0 Prob:0.84161 Alpha:0.50052[MOE_TRACE] Group:0 Prob:0.84161 Alpha:0.50052

[MOE_TRACE] Group:0 Prob:0.84161 Alpha:0.50052
[MOE_TRACE] Group:1 Prob:0.23185 Alpha:0.50195
[MOE_TRACE] Group:1 Prob:0.23185 Alpha:0.50195[MOE_TRACE] Group:1 Prob:0.23185 Alpha:0.50195

[MOE_TRACE] Group:2 Prob:0.89752 Alpha:0.50073[MOE_TRACE] Group:2 Prob:0.89752 Alpha:0.50073
[MOE_TRACE] Group:2 Prob:0.89752 Alpha:0.50073

[MOE_TRACE] Group:0 Prob:0.84161 Alpha:0.50052
[MOE_TRACE] Group:1 Prob:0.23185 Alpha:0.50195
[MOE_TRACE] Group:2 Prob:0.89752 Alpha:0.50073
[MOE_TRACE] Group:0 Prob:0.83716 Alpha:0.50052[MOE_TRACE] Group:0 Prob:0.83716 Alpha:0.50052[MOE_TRACE] Group:0 Prob:0.83716 Alpha:0.50052


[MOE_TRACE] Group:1 Prob:0.22681 Alpha:0.50196
[MOE_TRACE] Group:1 Prob:0.22681 Alpha:0.50196
[MOE_TRACE] Group:1 Prob:0.22681 Alpha:0.50196
[MOE_TRACE] Group:2 Prob:0.89933 Alpha:0.50073
[MOE_TRACE] Group:2 Prob:0.89933 Alpha:0.50073
[MOE_TRACE] Group:2 Prob:0.89933 Alpha:0.50073
[MOE_TRACE] Group:0 Prob:0.83716 Alpha:0.50052
[MOE_TRACE] Group:1 Prob:0.22681 Alpha:0.50196
[MOE_TRACE] Group:2 Prob:0.89933 Alpha:0.50073
[MOE_TRACE] Group:0 Prob:0.84692 Alpha:0.50052
[MOE_TRACE] Group:1 Prob:0.23184 Alpha:0.50196
[MOE_TRACE] Group:0 Prob:0.84692 Alpha:0.50052
[MOE_TRACE] Group:0 Prob:0.84692 Alpha:0.50052
[MOE_TRACE] Group:1 Prob:0.23184 Alpha:0.50196
[MOE_TRACE] Group:1 Prob:0.23184 Alpha:0.50196
[MOE_TRACE] Group:2 Prob:0.89913 Alpha:0.50073
[MOE_TRACE] Group:2 Prob:0.89913 Alpha:0.50073
[MOE_TRACE] Group:2 Prob:0.89913 Alpha:0.50073
[MOE_TRACE] Group:0 Prob:0.84692 Alpha:0.50052
[MOE_TRACE] Group:1 Prob:0.23184 Alpha:0.50196
[MOE_TRACE] Group:2 Prob:0.89913 Alpha:0.50073
[MOE_TRACE] Group:0 Prob:0.83958 Alpha:0.50052
[MOE_TRACE] Group:0 Prob:0.83958 Alpha:0.50052
[MOE_TRACE] Group:1 Prob:0.21548 Alpha:0.50196
[MOE_TRACE] Group:1 Prob:0.21548 Alpha:0.50196
[MOE_TRACE] Group:0 Prob:0.83958 Alpha:0.50052
[MOE_TRACE] Group:2 Prob:0.89914 Alpha:0.50073
[MOE_TRACE] Group:2 Prob:0.89914 Alpha:0.50073
[MOE_TRACE] Group:1 Prob:0.21548 Alpha:0.50196
[MOE_TRACE] Group:2 Prob:0.89914 Alpha:0.50073
[MOE_TRACE] Group:0 Prob:0.83958 Alpha:0.50052
[MOE_TRACE] Group:1 Prob:0.21548 Alpha:0.50196
[MOE_TRACE] Group:2 Prob:0.89914 Alpha:0.50073
[MOE_TRACE] Group:0 Prob:0.83842 Alpha:0.50052
[MOE_TRACE] Group:0 Prob:0.83842 Alpha:0.50052[MOE_TRACE] Group:1 Prob:0.21202 Alpha:0.50196[MOE_TRACE] Group:0 Prob:0.83842 Alpha:0.50052


[MOE_TRACE] Group:2 Prob:0.90071 Alpha:0.50073
[MOE_TRACE] Group:1 Prob:0.21202 Alpha:0.50196
[MOE_TRACE] Group:1 Prob:0.21202 Alpha:0.50196
[MOE_TRACE] Group:2 Prob:0.90071 Alpha:0.50073
[MOE_TRACE] Group:2 Prob:0.90071 Alpha:0.50073
[MOE_TRACE] Group:0 Prob:0.83842 Alpha:0.50052
[MOE_TRACE] Group:1 Prob:0.21202 Alpha:0.50196
[MOE_TRACE] Group:2 Prob:0.90071 Alpha:0.50073
[MOE_TRACE] Group:0 Prob:0.84225 Alpha:0.50052[MOE_TRACE] Group:0 Prob:0.84225 Alpha:0.50052[MOE_TRACE] Group:0 Prob:0.84225 Alpha:0.50052


[MOE_TRACE] Group:1 Prob:0.22572 Alpha:0.50196
[MOE_TRACE] Group:1 Prob:0.22572 Alpha:0.50196
[MOE_TRACE] Group:1 Prob:0.22572 Alpha:0.50196
[MOE_TRACE] Group:2 Prob:0.89824 Alpha:0.50073[MOE_TRACE] Group:2 Prob:0.89824 Alpha:0.50073

[MOE_TRACE] Group:2 Prob:0.89824 Alpha:0.50073
[MOE_TRACE] Group:0 Prob:0.84225 Alpha:0.50052
[MOE_TRACE] Group:1 Prob:0.22572 Alpha:0.50196
[MOE_TRACE] Group:2 Prob:0.89824 Alpha:0.50073
[MOE_TRACE] Group:0 Prob:0.84019 Alpha:0.50052[MOE_TRACE] Group:0 Prob:0.84019 Alpha:0.50052

[MOE_TRACE] Group:1 Prob:0.22149 Alpha:0.50196
[MOE_TRACE] Group:1 Prob:0.22149 Alpha:0.50196
[MOE_TRACE] Group:0 Prob:0.84019 Alpha:0.50052
[MOE_TRACE] Group:1 Prob:0.22149 Alpha:0.50196
[MOE_TRACE] Group:2 Prob:0.89931 Alpha:0.50073
[MOE_TRACE] Group:0 Prob:0.84019 Alpha:0.50052
[MOE_TRACE] Group:1 Prob:0.22149 Alpha:0.50196
[MOE_TRACE] Group:2 Prob:0.89931 Alpha:0.50073
[MOE_TRACE] Group:0 Prob:0.84021 Alpha:0.50052
[MOE_TRACE] Group:1 Prob:0.22172 Alpha:0.50196
[MOE_TRACE] Group:2 Prob:0.89866 Alpha:0.50073
[MOE_TRACE] Group:0 Prob:0.84021 Alpha:0.50052
[MOE_TRACE] Group:0 Prob:0.84021 Alpha:0.50052
[MOE_TRACE] Group:1 Prob:0.22172 Alpha:0.50196
[MOE_TRACE] Group:1 Prob:0.22172 Alpha:0.50196
[MOE_TRACE] Group:2 Prob:0.89866 Alpha:0.50073
[MOE_TRACE] Group:2 Prob:0.89866 Alpha:0.50073
[MOE_TRACE] Group:0 Prob:0.84021 Alpha:0.50052
[MOE_TRACE] Group:1 Prob:0.22172 Alpha:0.50196
[MOE_TRACE] Group:2 Prob:0.89866 Alpha:0.50073
[MOE_TRACE] Group:0 Prob:0.83951 Alpha:0.50052
[MOE_TRACE] Group:0 Prob:0.83951 Alpha:0.50052
[MOE_TRACE] Group:1 Prob:0.23338 Alpha:0.50196
[MOE_TRACE] Group:0 Prob:0.83951 Alpha:0.50052[MOE_TRACE] Group:2 Prob:0.90039 Alpha:0.50073

[MOE_TRACE] Group:1 Prob:0.23338 Alpha:0.50196
[MOE_TRACE] Group:1 Prob:0.23338 Alpha:0.50196
[MOE_TRACE] Group:2 Prob:0.90039 Alpha:0.50073
[MOE_TRACE] Group:2 Prob:0.90039 Alpha:0.50073
[MOE_TRACE] Group:0 Prob:0.83951 Alpha:0.50052
[MOE_TRACE] Group:1 Prob:0.23338 Alpha:0.50196
[MOE_TRACE] Group:2 Prob:0.90039 Alpha:0.50073
[MOE_TRACE] Group:0 Prob:0.84078 Alpha:0.50052[MOE_TRACE] Group:0 Prob:0.84078 Alpha:0.50052

[MOE_TRACE] Group:0 Prob:0.84078 Alpha:0.50052
[MOE_TRACE] Group:1 Prob:0.22657 Alpha:0.50196
[MOE_TRACE] Group:1 Prob:0.22657 Alpha:0.50196
[MOE_TRACE] Group:1 Prob:0.22657 Alpha:0.50196
[MOE_TRACE] Group:2 Prob:0.90056 Alpha:0.50073
[MOE_TRACE] Group:2 Prob:0.90056 Alpha:0.50073
[MOE_TRACE] Group:2 Prob:0.90056 Alpha:0.50073
[MOE_TRACE] Group:0 Prob:0.84078 Alpha:0.50052
[MOE_TRACE] Group:1 Prob:0.22657 Alpha:0.50196
[MOE_TRACE] Group:2 Prob:0.90056 Alpha:0.50073
[MOE_TRACE] Group:0 Prob:0.84072 Alpha:0.50052
[MOE_TRACE] Group:1 Prob:0.23483 Alpha:0.50196
[MOE_TRACE] Group:0 Prob:0.84072 Alpha:0.50052
[MOE_TRACE] Group:1 Prob:0.23483 Alpha:0.50196
[MOE_TRACE] Group:0 Prob:0.84072 Alpha:0.50052
[MOE_TRACE] Group:1 Prob:0.23483 Alpha:0.50196
[MOE_TRACE] Group:2 Prob:0.89780 Alpha:0.50073
[MOE_TRACE] Group:0 Prob:0.84072 Alpha:0.50052
[MOE_TRACE] Group:1 Prob:0.23483 Alpha:0.50196
[MOE_TRACE] Group:2 Prob:0.89780 Alpha:0.50073
[MOE_TRACE] Group:0 Prob:0.84256 Alpha:0.50052
[MOE_TRACE] Group:0 Prob:0.84256 Alpha:0.50052
[MOE_TRACE] Group:0 Prob:0.84256 Alpha:0.50052
[MOE_TRACE] Group:1 Prob:0.23322 Alpha:0.50196[MOE_TRACE] Group:1 Prob:0.23322 Alpha:0.50196

[MOE_TRACE] Group:1 Prob:0.23322 Alpha:0.50196
[MOE_TRACE] Group:2 Prob:0.89766 Alpha:0.50073
[MOE_TRACE] Group:2 Prob:0.89766 Alpha:0.50073
[MOE_TRACE] Group:2 Prob:0.89766 Alpha:0.50073
[MOE_TRACE] Group:0 Prob:0.84256 Alpha:0.50052
[MOE_TRACE] Group:1 Prob:0.23322 Alpha:0.50196
[MOE_TRACE] Group:2 Prob:0.89766 Alpha:0.50073
[MOE_TRACE] Group:0 Prob:0.84327 Alpha:0.50052[MOE_TRACE] Group:0 Prob:0.84327 Alpha:0.50052[MOE_TRACE] Group:0 Prob:0.84327 Alpha:0.50052


[MOE_TRACE] Group:1 Prob:0.23026 Alpha:0.50196
[MOE_TRACE] Group:1 Prob:0.23026 Alpha:0.50196
[MOE_TRACE] Group:1 Prob:0.23026 Alpha:0.50196
[MOE_TRACE] Group:2 Prob:0.89977 Alpha:0.50073
[MOE_TRACE] Group:2 Prob:0.89977 Alpha:0.50073[MOE_TRACE] Group:2 Prob:0.89977 Alpha:0.50073

[MOE_TRACE] Group:0 Prob:0.84327 Alpha:0.50052
[MOE_TRACE] Group:1 Prob:0.23026 Alpha:0.50196
[MOE_TRACE] Group:2 Prob:0.89977 Alpha:0.50073
[MOE_TRACE] Group:0 Prob:0.84273 Alpha:0.50052
[MOE_TRACE] Group:0 Prob:0.84273 Alpha:0.50052
[MOE_TRACE] Group:0 Prob:0.84273 Alpha:0.50052
[MOE_TRACE] Group:1 Prob:0.22652 Alpha:0.50196
[MOE_TRACE] Group:1 Prob:0.22652 Alpha:0.50196[MOE_TRACE] Group:1 Prob:0.22652 Alpha:0.50196
[MOE_TRACE] Group:2 Prob:0.90017 Alpha:0.50073

[MOE_TRACE] Group:2 Prob:0.90017 Alpha:0.50073[MOE_TRACE] Group:2 Prob:0.90017 Alpha:0.50073

[MOE_TRACE] Group:0 Prob:0.84273 Alpha:0.50052
[MOE_TRACE] Group:1 Prob:0.22652 Alpha:0.50196
[MOE_TRACE] Group:2 Prob:0.90017 Alpha:0.50073
[MOE_TRACE] Group:0 Prob:0.84262 Alpha:0.50052
[MOE_TRACE] Group:0 Prob:0.84262 Alpha:0.50052
[MOE_TRACE] Group:0 Prob:0.84262 Alpha:0.50052
[MOE_TRACE] Group:1 Prob:0.21883 Alpha:0.50196
[MOE_TRACE] Group:1 Prob:0.21883 Alpha:0.50196
[MOE_TRACE] Group:0 Prob:0.84262 Alpha:0.50052
[MOE_TRACE] Group:1 Prob:0.21883 Alpha:0.50196
[MOE_TRACE] Group:2 Prob:0.89763 Alpha:0.50073
[MOE_TRACE] Group:0 Prob:0.83962 Alpha:0.50052[MOE_TRACE] Group:0 Prob:0.83962 Alpha:0.50052

[MOE_TRACE] Group:1 Prob:0.23253 Alpha:0.50196
[MOE_TRACE] Group:1 Prob:0.23253 Alpha:0.50196
[MOE_TRACE] Group:0 Prob:0.83962 Alpha:0.50052
[MOE_TRACE] Group:1 Prob:0.23253 Alpha:0.50196
[MOE_TRACE] Group:0 Prob:0.83962 Alpha:0.50052
[MOE_TRACE] Group:1 Prob:0.23253 Alpha:0.50196
[MOE_TRACE] Group:2 Prob:0.89801 Alpha:0.50073
[MOE_TRACE] Group:0 Prob:0.84056 Alpha:0.50052
[MOE_TRACE] Group:0 Prob:0.84056 Alpha:0.50052
[MOE_TRACE] Group:1 Prob:0.21536 Alpha:0.50196
[MOE_TRACE] Group:1 Prob:0.21536 Alpha:0.50196
[MOE_TRACE] Group:0 Prob:0.84056 Alpha:0.50052
[MOE_TRACE] Group:2 Prob:0.90014 Alpha:0.50073
[MOE_TRACE] Group:2 Prob:0.90014 Alpha:0.50073
[MOE_TRACE] Group:1 Prob:0.21536 Alpha:0.50196
[MOE_TRACE] Group:2 Prob:0.90014 Alpha:0.50073
[MOE_TRACE] Group:0 Prob:0.84056 Alpha:0.50052
[MOE_TRACE] Group:1 Prob:0.21536 Alpha:0.50196
[MOE_TRACE] Group:2 Prob:0.90014 Alpha:0.50073
[MOE_TRACE] Group:0 Prob:0.84221 Alpha:0.50052
[MOE_TRACE] Group:0 Prob:0.84221 Alpha:0.50052
[MOE_TRACE] Group:0 Prob:0.84221 Alpha:0.50052
[MOE_TRACE] Group:1 Prob:0.22062 Alpha:0.50196
[MOE_TRACE] Group:1 Prob:0.22062 Alpha:0.50196
[MOE_TRACE] Group:1 Prob:0.22062 Alpha:0.50196[MOE_TRACE] Group:2 Prob:0.90058 Alpha:0.50073

[MOE_TRACE] Group:2 Prob:0.90058 Alpha:0.50073
[MOE_TRACE] Group:2 Prob:0.90058 Alpha:0.50073
[MOE_TRACE] Group:0 Prob:0.84221 Alpha:0.50052
[MOE_TRACE] Group:1 Prob:0.22062 Alpha:0.50196
[MOE_TRACE] Group:2 Prob:0.90058 Alpha:0.50073
[MOE_TRACE] Group:0 Prob:0.83759 Alpha:0.50052
[MOE_TRACE] Group:1 Prob:0.22892 Alpha:0.50196[MOE_TRACE] Group:0 Prob:0.83759 Alpha:0.50052

[MOE_TRACE] Group:0 Prob:0.83759 Alpha:0.50052
[MOE_TRACE] Group:2 Prob:0.90012 Alpha:0.50073
[MOE_TRACE] Group:1 Prob:0.22892 Alpha:0.50196
[MOE_TRACE] Group:1 Prob:0.22892 Alpha:0.50196
[MOE_TRACE] Group:2 Prob:0.90012 Alpha:0.50073
[MOE_TRACE] Group:2 Prob:0.90012 Alpha:0.50073
[MOE_TRACE] Group:0 Prob:0.83759 Alpha:0.50052
[MOE_TRACE] Group:1 Prob:0.22892 Alpha:0.50196
[MOE_TRACE] Group:2 Prob:0.90012 Alpha:0.50073
[MOE_TRACE] Group:0 Prob:0.84044 Alpha:0.50052
[MOE_TRACE] Group:0 Prob:0.84044 Alpha:0.50052
[MOE_TRACE] Group:1 Prob:0.21490 Alpha:0.50196
[MOE_TRACE] Group:1 Prob:0.21490 Alpha:0.50196
[MOE_TRACE] Group:0 Prob:0.84044 Alpha:0.50052
[MOE_TRACE] Group:2 Prob:0.89501 Alpha:0.50073
[MOE_TRACE] Group:2 Prob:0.89501 Alpha:0.50073
[MOE_TRACE] Group:1 Prob:0.21490 Alpha:0.50196
[MOE_TRACE] Group:2 Prob:0.89501 Alpha:0.50073
[MOE_TRACE] Group:0 Prob:0.84044 Alpha:0.50052
[MOE_TRACE] Group:1 Prob:0.21490 Alpha:0.50196
[MOE_TRACE] Group:2 Prob:0.89501 Alpha:0.50073
[MOE_TRACE] Group:0 Prob:0.84207 Alpha:0.50052
[MOE_TRACE] Group:1 Prob:0.21522 Alpha:0.50196
[MOE_TRACE] Group:0 Prob:0.84207 Alpha:0.50052
[MOE_TRACE] Group:1 Prob:0.21522 Alpha:0.50196
[MOE_TRACE] Group:0 Prob:0.84207 Alpha:0.50052
[MOE_TRACE] Group:1 Prob:0.21522 Alpha:0.50196
[MOE_TRACE] Group:2 Prob:0.89974 Alpha:0.50073
[MOE_TRACE] Group:0 Prob:0.84207 Alpha:0.50052
[MOE_TRACE] Group:1 Prob:0.21522 Alpha:0.50196
[MOE_TRACE] Group:2 Prob:0.89974 Alpha:0.50073
[MOE_TRACE] Group:0 Prob:0.83450 Alpha:0.50052
[MOE_TRACE] Group:1 Prob:0.20179 Alpha:0.50196
[MOE_TRACE] Group:0 Prob:0.83450 Alpha:0.50052
[MOE_TRACE] Group:2 Prob:0.90021 Alpha:0.50073[MOE_TRACE] Group:1 Prob:0.20179 Alpha:0.50196

[MOE_TRACE] Group:2 Prob:0.90021 Alpha:0.50073
[MOE_TRACE] Group:0 Prob:0.83450 Alpha:0.50052
[MOE_TRACE] Group:1 Prob:0.20179 Alpha:0.50196
[MOE_TRACE] Group:2 Prob:0.90021 Alpha:0.50073
[MOE_TRACE] Group:0 Prob:0.83450 Alpha:0.50052
[MOE_TRACE] Group:1 Prob:0.20179 Alpha:0.50196
[MOE_TRACE] Group:2 Prob:0.90021 Alpha:0.50073
[MOE_TRACE] Group:0 Prob:0.84029 Alpha:0.50052[MOE_TRACE] Group:0 Prob:0.84029 Alpha:0.50052
[MOE_TRACE] Group:0 Prob:0.84029 Alpha:0.50052

[MOE_TRACE] Group:1 Prob:0.23258 Alpha:0.50196
[MOE_TRACE] Group:1 Prob:0.23258 Alpha:0.50196
[MOE_TRACE] Group:1 Prob:0.23258 Alpha:0.50196
[MOE_TRACE] Group:2 Prob:0.89802 Alpha:0.50073
[MOE_TRACE] Group:2 Prob:0.89802 Alpha:0.50073
[MOE_TRACE] Group:2 Prob:0.89802 Alpha:0.50073
[MOE_TRACE] Group:0 Prob:0.84029 Alpha:0.50052
[MOE_TRACE] Group:1 Prob:0.23258 Alpha:0.50196
[MOE_TRACE] Group:2 Prob:0.89802 Alpha:0.50073
[MOE_TRACE] Group:0 Prob:0.84018 Alpha:0.50052
[MOE_TRACE] Group:0 Prob:0.84018 Alpha:0.50052
[MOE_TRACE] Group:1 Prob:0.20744 Alpha:0.50196
[MOE_TRACE] Group:1 Prob:0.20744 Alpha:0.50196
[MOE_TRACE] Group:0 Prob:0.84018 Alpha:0.50052
[MOE_TRACE] Group:1 Prob:0.20744 Alpha:0.50196
[MOE_TRACE] Group:0 Prob:0.84018 Alpha:0.50052
[MOE_TRACE] Group:1 Prob:0.20744 Alpha:0.50196
[MOE_TRACE] Group:2 Prob:0.89889 Alpha:0.50073
[MOE_TRACE] Group:0 Prob:0.84359 Alpha:0.50052[MOE_TRACE] Group:0 Prob:0.84359 Alpha:0.50052

[MOE_TRACE] Group:1 Prob:0.22571 Alpha:0.50196[MOE_TRACE] Group:1 Prob:0.22571 Alpha:0.50196
[MOE_TRACE] Group:0 Prob:0.84359 Alpha:0.50052

[MOE_TRACE] Group:2 Prob:0.90070 Alpha:0.50073
[MOE_TRACE] Group:2 Prob:0.90070 Alpha:0.50073
[MOE_TRACE] Group:1 Prob:0.22571 Alpha:0.50196
[MOE_TRACE] Group:2 Prob:0.90070 Alpha:0.50073
[MOE_TRACE] Group:0 Prob:0.84359 Alpha:0.50052
[MOE_TRACE] Group:1 Prob:0.22571 Alpha:0.50196
[MOE_TRACE] Group:2 Prob:0.90070 Alpha:0.50073
[MOE_TRACE] Group:0 Prob:0.83770 Alpha:0.50052
[MOE_TRACE] Group:0 Prob:0.83770 Alpha:0.50052
[MOE_TRACE] Group:1 Prob:0.22367 Alpha:0.50196
[MOE_TRACE] Group:1 Prob:0.22367 Alpha:0.50196
[MOE_TRACE] Group:0 Prob:0.83770 Alpha:0.50052
[MOE_TRACE] Group:1 Prob:0.22367 Alpha:0.50196
[MOE_TRACE] Group:2 Prob:0.89946 Alpha:0.50073
[MOE_TRACE] Group:2 Prob:0.89946 Alpha:0.50073
[MOE_TRACE] Group:2 Prob:0.89946 Alpha:0.50073
[MOE_TRACE] Group:0 Prob:0.83770 Alpha:0.50052
[MOE_TRACE] Group:1 Prob:0.22367 Alpha:0.50196
[MOE_TRACE] Group:2 Prob:0.89946 Alpha:0.50073
[MOE_TRACE] Group:0 Prob:0.84006 Alpha:0.50052[MOE_TRACE] Group:0 Prob:0.84006 Alpha:0.50052

[MOE_TRACE] Group:0 Prob:0.84006 Alpha:0.50052
[MOE_TRACE] Group:1 Prob:0.21296 Alpha:0.50196[MOE_TRACE] Group:1 Prob:0.21296 Alpha:0.50196

[MOE_TRACE] Group:1 Prob:0.21296 Alpha:0.50196
[MOE_TRACE] Group:2 Prob:0.89888 Alpha:0.50073[MOE_TRACE] Group:2 Prob:0.89888 Alpha:0.50073

[MOE_TRACE] Group:2 Prob:0.89888 Alpha:0.50073
[MOE_TRACE] Group:0 Prob:0.84006 Alpha:0.50052
[MOE_TRACE] Group:1 Prob:0.21296 Alpha:0.50196
[MOE_TRACE] Group:2 Prob:0.89888 Alpha:0.50073
[MOE_TRACE] Group:0 Prob:0.84477 Alpha:0.50052
[MOE_TRACE] Group:1 Prob:0.22835 Alpha:0.50196
[MOE_TRACE] Group:0 Prob:0.84477 Alpha:0.50052
[MOE_TRACE] Group:0 Prob:0.84477 Alpha:0.50052
[MOE_TRACE] Group:2 Prob:0.90056 Alpha:0.50073
[MOE_TRACE] Group:1 Prob:0.22835 Alpha:0.50196
[MOE_TRACE] Group:1 Prob:0.22835 Alpha:0.50196
[MOE_TRACE] Group:2 Prob:0.90056 Alpha:0.50073
[MOE_TRACE] Group:2 Prob:0.90056 Alpha:0.50073
[MOE_TRACE] Group:0 Prob:0.84477 Alpha:0.50052
[MOE_TRACE] Group:1 Prob:0.22835 Alpha:0.50196
[MOE_TRACE] Group:2 Prob:0.90056 Alpha:0.50073
[MOE_TRACE] Group:0 Prob:0.84258 Alpha:0.50052[MOE_TRACE] Group:0 Prob:0.84258 Alpha:0.50052

[MOE_TRACE] Group:1 Prob:0.22425 Alpha:0.50196[MOE_TRACE] Group:1 Prob:0.22425 Alpha:0.50196

[MOE_TRACE] Group:0 Prob:0.84258 Alpha:0.50052
[MOE_TRACE] Group:1 Prob:0.22425 Alpha:0.50196
[MOE_TRACE] Group:2 Prob:0.89880 Alpha:0.50073
[MOE_TRACE] Group:0 Prob:0.84258 Alpha:0.50052
[MOE_TRACE] Group:1 Prob:0.22425 Alpha:0.50196
[MOE_TRACE] Group:2 Prob:0.89880 Alpha:0.50073
[MOE_TRACE] Group:0 Prob:0.83798 Alpha:0.50052[MOE_TRACE] Group:0 Prob:0.83798 Alpha:0.50052

[MOE_TRACE] Group:0 Prob:0.83798 Alpha:0.50052
[MOE_TRACE] Group:1 Prob:0.21613 Alpha:0.50196
[MOE_TRACE] Group:1 Prob:0.21613 Alpha:0.50196
[MOE_TRACE] Group:1 Prob:0.21613 Alpha:0.50196
[MOE_TRACE] Group:0 Prob:0.83798 Alpha:0.50052
[MOE_TRACE] Group:1 Prob:0.21613 Alpha:0.50196
[MOE_TRACE] Group:2 Prob:0.90098 Alpha:0.50073
[MOE_TRACE] Group:0 Prob:0.84316 Alpha:0.50052
[MOE_TRACE] Group:0 Prob:0.84316 Alpha:0.50052
[MOE_TRACE] Group:1 Prob:0.22411 Alpha:0.50196
[MOE_TRACE] Group:0 Prob:0.84316 Alpha:0.50052
[MOE_TRACE] Group:1 Prob:0.22411 Alpha:0.50196[MOE_TRACE] Group:2 Prob:0.90020 Alpha:0.50073

[MOE_TRACE] Group:1 Prob:0.22411 Alpha:0.50196
[MOE_TRACE] Group:2 Prob:0.90020 Alpha:0.50073
[MOE_TRACE] Group:2 Prob:0.90020 Alpha:0.50073
[MOE_TRACE] Group:0 Prob:0.84316 Alpha:0.50052
[MOE_TRACE] Group:1 Prob:0.22411 Alpha:0.50196
[MOE_TRACE] Group:2 Prob:0.90020 Alpha:0.50073
[MOE_TRACE] Group:0 Prob:0.84138 Alpha:0.50052
[MOE_TRACE] Group:1 Prob:0.22449 Alpha:0.50196
[MOE_TRACE] Group:0 Prob:0.84138 Alpha:0.50052
[MOE_TRACE] Group:1 Prob:0.22449 Alpha:0.50196
[MOE_TRACE] Group:0 Prob:0.84138 Alpha:0.50052
[MOE_TRACE] Group:1 Prob:0.22449 Alpha:0.50196
[MOE_TRACE] Group:2 Prob:0.89744 Alpha:0.50073
[MOE_TRACE] Group:0 Prob:0.84138 Alpha:0.50052
[MOE_TRACE] Group:1 Prob:0.22449 Alpha:0.50196
[MOE_TRACE] Group:2 Prob:0.89744 Alpha:0.50073
[MOE_TRACE] Group:0 Prob:0.84196 Alpha:0.50052
[MOE_TRACE] Group:0 Prob:0.84196 Alpha:0.50052
[MOE_TRACE] Group:0 Prob:0.84196 Alpha:0.50052
[MOE_TRACE] Group:1 Prob:0.21508 Alpha:0.50196[MOE_TRACE] Group:1 Prob:0.21508 Alpha:0.50196

[MOE_TRACE] Group:1 Prob:0.21508 Alpha:0.50196[MOE_TRACE] Group:2 Prob:0.89638 Alpha:0.50073

[MOE_TRACE] Group:2 Prob:0.89638 Alpha:0.50073
[MOE_TRACE] Group:2 Prob:0.89638 Alpha:0.50073
[MOE_TRACE] Group:0 Prob:0.84196 Alpha:0.50052
[MOE_TRACE] Group:1 Prob:0.21508 Alpha:0.50196
[MOE_TRACE] Group:2 Prob:0.89638 Alpha:0.50073
[MOE_TRACE] Group:0 Prob:0.83962 Alpha:0.50052
[MOE_TRACE] Group:1 Prob:0.20978 Alpha:0.50196
[MOE_TRACE] Group:0 Prob:0.83962 Alpha:0.50052
[MOE_TRACE] Group:1 Prob:0.20978 Alpha:0.50196
[MOE_TRACE] Group:0 Prob:0.83962 Alpha:0.50052
[MOE_TRACE] Group:1 Prob:0.20978 Alpha:0.50196
[MOE_TRACE] Group:0 Prob:0.83962 Alpha:0.50052
[MOE_TRACE] Group:1 Prob:0.20978 Alpha:0.50196
[MOE_TRACE] Group:2 Prob:0.89945 Alpha:0.50073
Epoch: 9 cost time: 103.82593202590942
Epoch: 9, Steps: 146 | Train Loss: 0.3525331 Vali Loss: 0.3280983 Test Loss: 0.3608263
EarlyStopping counter: 7 out of 3
Early stopping
Updating learning rate to 3.90625e-07
[MOE_TRACE] Group:0 Prob:0.84435 Alpha:0.50052[MOE_TRACE] Group:0 Prob:0.84435 Alpha:0.50052

[MOE_TRACE] Group:0 Prob:0.84435 Alpha:0.50052
[MOE_TRACE] Group:1 Prob:0.21507 Alpha:0.50196
[MOE_TRACE] Group:1 Prob:0.21507 Alpha:0.50196
[MOE_TRACE] Group:1 Prob:0.21507 Alpha:0.50196
[MOE_TRACE] Group:2 Prob:0.89773 Alpha:0.50073
[MOE_TRACE] Group:2 Prob:0.89773 Alpha:0.50073
[MOE_TRACE] Group:2 Prob:0.89773 Alpha:0.50073
[MOE_TRACE] Group:0 Prob:0.84435 Alpha:0.50052
[MOE_TRACE] Group:1 Prob:0.21507 Alpha:0.50196
[MOE_TRACE] Group:2 Prob:0.89773 Alpha:0.50073
[MOE_TRACE] Group:0 Prob:0.84009 Alpha:0.50052
[MOE_TRACE] Group:1 Prob:0.21773 Alpha:0.50196
[MOE_TRACE] Group:0 Prob:0.84009 Alpha:0.50052[MOE_TRACE] Group:0 Prob:0.84009 Alpha:0.50052

[MOE_TRACE] Group:2 Prob:0.90009 Alpha:0.50073
[MOE_TRACE] Group:1 Prob:0.21773 Alpha:0.50196
[MOE_TRACE] Group:1 Prob:0.21773 Alpha:0.50196
[MOE_TRACE] Group:2 Prob:0.90009 Alpha:0.50073
[MOE_TRACE] Group:2 Prob:0.90009 Alpha:0.50073
[MOE_TRACE] Group:0 Prob:0.84009 Alpha:0.50052
[MOE_TRACE] Group:1 Prob:0.21773 Alpha:0.50196
[MOE_TRACE] Group:2 Prob:0.90009 Alpha:0.50073
[MOE_TRACE] Group:0 Prob:0.84661 Alpha:0.50052
[MOE_TRACE] Group:0 Prob:0.84661 Alpha:0.50052
[MOE_TRACE] Group:0 Prob:0.84661 Alpha:0.50052
[MOE_TRACE] Group:1 Prob:0.21076 Alpha:0.50196
[MOE_TRACE] Group:1 Prob:0.21076 Alpha:0.50196
[MOE_TRACE] Group:1 Prob:0.21076 Alpha:0.50196
[MOE_TRACE] Group:2 Prob:0.90171 Alpha:0.50073
[MOE_TRACE] Group:2 Prob:0.90171 Alpha:0.50073
[MOE_TRACE] Group:2 Prob:0.90171 Alpha:0.50073
[MOE_TRACE] Group:0 Prob:0.84661 Alpha:0.50052
[MOE_TRACE] Group:1 Prob:0.21076 Alpha:0.50196
[MOE_TRACE] Group:2 Prob:0.90171 Alpha:0.50073
[MOE_TRACE] Group:0 Prob:0.84479 Alpha:0.50052[MOE_TRACE] Group:0 Prob:0.84479 Alpha:0.50052

[MOE_TRACE] Group:1 Prob:0.22501 Alpha:0.50196[MOE_TRACE] Group:1 Prob:0.22501 Alpha:0.50196

[MOE_TRACE] Group:0 Prob:0.84479 Alpha:0.50052
[MOE_TRACE] Group:2 Prob:0.90036 Alpha:0.50073
[MOE_TRACE] Group:2 Prob:0.90036 Alpha:0.50073
[MOE_TRACE] Group:1 Prob:0.22501 Alpha:0.50196
[MOE_TRACE] Group:2 Prob:0.90036 Alpha:0.50073
[MOE_TRACE] Group:0 Prob:0.84479 Alpha:0.50052
[MOE_TRACE] Group:1 Prob:0.22501 Alpha:0.50196
[MOE_TRACE] Group:2 Prob:0.90036 Alpha:0.50073
[MOE_TRACE] Group:0 Prob:0.84800 Alpha:0.50052[MOE_TRACE] Group:0 Prob:0.84800 Alpha:0.50052[MOE_TRACE] Group:0 Prob:0.84800 Alpha:0.50052


[MOE_TRACE] Group:1 Prob:0.23844 Alpha:0.50196
[MOE_TRACE] Group:1 Prob:0.23844 Alpha:0.50196[MOE_TRACE] Group:1 Prob:0.23844 Alpha:0.50196

[MOE_TRACE] Group:2 Prob:0.89998 Alpha:0.50073
[MOE_TRACE] Group:2 Prob:0.89998 Alpha:0.50073
[MOE_TRACE] Group:2 Prob:0.89998 Alpha:0.50073
[MOE_TRACE] Group:0 Prob:0.84800 Alpha:0.50052
[MOE_TRACE] Group:1 Prob:0.23844 Alpha:0.50196
[MOE_TRACE] Group:2 Prob:0.89998 Alpha:0.50073
[MOE_TRACE] Group:0 Prob:0.83972 Alpha:0.50052
[MOE_TRACE] Group:1 Prob:0.21961 Alpha:0.50196
[MOE_TRACE] Group:2 Prob:0.89995 Alpha:0.50073
[MOE_TRACE] Group:0 Prob:0.83972 Alpha:0.50052[MOE_TRACE] Group:0 Prob:0.83972 Alpha:0.50052

[MOE_TRACE] Group:1 Prob:0.21961 Alpha:0.50196[MOE_TRACE] Group:1 Prob:0.21961 Alpha:0.50196

[MOE_TRACE] Group:2 Prob:0.89995 Alpha:0.50073
[MOE_TRACE] Group:2 Prob:0.89995 Alpha:0.50073
[MOE_TRACE] Group:0 Prob:0.83972 Alpha:0.50052
[MOE_TRACE] Group:1 Prob:0.21961 Alpha:0.50196
[MOE_TRACE] Group:2 Prob:0.89995 Alpha:0.50073
[MOE_TRACE] Group:0 Prob:0.84469 Alpha:0.50052[MOE_TRACE] Group:0 Prob:0.84469 Alpha:0.50052
[MOE_TRACE] Group:0 Prob:0.84469 Alpha:0.50052

[MOE_TRACE] Group:1 Prob:0.21324 Alpha:0.50196
[MOE_TRACE] Group:1 Prob:0.21324 Alpha:0.50196
[MOE_TRACE] Group:1 Prob:0.21324 Alpha:0.50196
[MOE_TRACE] Group:2 Prob:0.89821 Alpha:0.50073
[MOE_TRACE] Group:2 Prob:0.89821 Alpha:0.50073
[MOE_TRACE] Group:2 Prob:0.89821 Alpha:0.50073
[MOE_TRACE] Group:0 Prob:0.84469 Alpha:0.50052
[MOE_TRACE] Group:1 Prob:0.21324 Alpha:0.50196
[MOE_TRACE] Group:2 Prob:0.89821 Alpha:0.50073
[MOE_TRACE] Group:0 Prob:0.83858 Alpha:0.50052[MOE_TRACE] Group:0 Prob:0.83858 Alpha:0.50052[MOE_TRACE] Group:0 Prob:0.83858 Alpha:0.50052


[MOE_TRACE] Group:1 Prob:0.22590 Alpha:0.50196
[MOE_TRACE] Group:1 Prob:0.22590 Alpha:0.50196
[MOE_TRACE] Group:2 Prob:0.90014 Alpha:0.50073
[MOE_TRACE] Group:1 Prob:0.22590 Alpha:0.50196
[MOE_TRACE] Group:2 Prob:0.90014 Alpha:0.50073
[MOE_TRACE] Group:2 Prob:0.90014 Alpha:0.50073
[MOE_TRACE] Group:0 Prob:0.83858 Alpha:0.50052
[MOE_TRACE] Group:1 Prob:0.22590 Alpha:0.50196
[MOE_TRACE] Group:2 Prob:0.90014 Alpha:0.50073
[MOE_TRACE] Group:0 Prob:0.83726 Alpha:0.50052[MOE_TRACE] Group:0 Prob:0.83726 Alpha:0.50052

[MOE_TRACE] Group:1 Prob:0.22675 Alpha:0.50196
[MOE_TRACE] Group:1 Prob:0.22675 Alpha:0.50196
[MOE_TRACE] Group:0 Prob:0.83726 Alpha:0.50052
[MOE_TRACE] Group:1 Prob:0.22675 Alpha:0.50196
[MOE_TRACE] Group:0 Prob:0.83726 Alpha:0.50052
[MOE_TRACE] Group:1 Prob:0.22675 Alpha:0.50196
[MOE_TRACE] Group:2 Prob:0.90051 Alpha:0.50073
[MOE_TRACE] Group:0 Prob:0.84120 Alpha:0.50052
[MOE_TRACE] Group:1 Prob:0.22729 Alpha:0.50196
[MOE_TRACE] Group:0 Prob:0.84120 Alpha:0.50052
[MOE_TRACE] Group:0 Prob:0.84120 Alpha:0.50052
[MOE_TRACE] Group:1 Prob:0.22729 Alpha:0.50196
[MOE_TRACE] Group:1 Prob:0.22729 Alpha:0.50196[MOE_TRACE] Group:2 Prob:0.89889 Alpha:0.50073

[MOE_TRACE] Group:2 Prob:0.89889 Alpha:0.50073
[MOE_TRACE] Group:0 Prob:0.84120 Alpha:0.50052
[MOE_TRACE] Group:1 Prob:0.22729 Alpha:0.50196
[MOE_TRACE] Group:2 Prob:0.89889 Alpha:0.50073
[MOE_TRACE] Group:0 Prob:0.83560 Alpha:0.50052[MOE_TRACE] Group:0 Prob:0.83560 Alpha:0.50052

[MOE_TRACE] Group:0 Prob:0.83560 Alpha:0.50052[MOE_TRACE] Group:1 Prob:0.21890 Alpha:0.50196

[MOE_TRACE] Group:1 Prob:0.21890 Alpha:0.50196
[MOE_TRACE] Group:2 Prob:0.89881 Alpha:0.50073
[MOE_TRACE] Group:2 Prob:0.89881 Alpha:0.50073
[MOE_TRACE] Group:1 Prob:0.21890 Alpha:0.50196
[MOE_TRACE] Group:2 Prob:0.89881 Alpha:0.50073
[MOE_TRACE] Group:0 Prob:0.83560 Alpha:0.50052
[MOE_TRACE] Group:1 Prob:0.21890 Alpha:0.50196
[MOE_TRACE] Group:2 Prob:0.89881 Alpha:0.50073
[MOE_TRACE] Group:0 Prob:0.84031 Alpha:0.50052[MOE_TRACE] Group:0 Prob:0.84031 Alpha:0.50052
[MOE_TRACE] Group:0 Prob:0.84031 Alpha:0.50052

[MOE_TRACE] Group:1 Prob:0.23999 Alpha:0.50196
[MOE_TRACE] Group:1 Prob:0.23999 Alpha:0.50196
[MOE_TRACE] Group:1 Prob:0.23999 Alpha:0.50196
[MOE_TRACE] Group:2 Prob:0.89736 Alpha:0.50073
[MOE_TRACE] Group:2 Prob:0.89736 Alpha:0.50073
[MOE_TRACE] Group:2 Prob:0.89736 Alpha:0.50073
[MOE_TRACE] Group:0 Prob:0.84031 Alpha:0.50052
[MOE_TRACE] Group:1 Prob:0.23999 Alpha:0.50196
[MOE_TRACE] Group:2 Prob:0.89736 Alpha:0.50073
[MOE_TRACE] Group:0 Prob:0.83857 Alpha:0.50052
[MOE_TRACE] Group:0 Prob:0.83857 Alpha:0.50052
[MOE_TRACE] Group:1 Prob:0.21494 Alpha:0.50196
[MOE_TRACE] Group:1 Prob:0.21494 Alpha:0.50196
[MOE_TRACE] Group:0 Prob:0.83857 Alpha:0.50052
[MOE_TRACE] Group:1 Prob:0.21494 Alpha:0.50196
[MOE_TRACE] Group:0 Prob:0.83857 Alpha:0.50052
[MOE_TRACE] Group:1 Prob:0.21494 Alpha:0.50196
[MOE_TRACE] Group:2 Prob:0.89949 Alpha:0.50073
[MOE_TRACE] Group:0 Prob:0.84187 Alpha:0.50052[MOE_TRACE] Group:0 Prob:0.84187 Alpha:0.50052[MOE_TRACE] Group:0 Prob:0.84187 Alpha:0.50052


[MOE_TRACE] Group:1 Prob:0.22766 Alpha:0.50196
[MOE_TRACE] Group:1 Prob:0.22766 Alpha:0.50196
[MOE_TRACE] Group:1 Prob:0.22766 Alpha:0.50196
[MOE_TRACE] Group:2 Prob:0.89796 Alpha:0.50073
[MOE_TRACE] Group:2 Prob:0.89796 Alpha:0.50073
[MOE_TRACE] Group:2 Prob:0.89796 Alpha:0.50073
[MOE_TRACE] Group:0 Prob:0.84187 Alpha:0.50052
[MOE_TRACE] Group:1 Prob:0.22766 Alpha:0.50196
[MOE_TRACE] Group:2 Prob:0.89796 Alpha:0.50073
[MOE_TRACE] Group:0 Prob:0.84593 Alpha:0.50052[MOE_TRACE] Group:0 Prob:0.84593 Alpha:0.50052[MOE_TRACE] Group:0 Prob:0.84593 Alpha:0.50052


[MOE_TRACE] Group:1 Prob:0.21684 Alpha:0.50196[MOE_TRACE] Group:1 Prob:0.21684 Alpha:0.50196

[MOE_TRACE] Group:1 Prob:0.21684 Alpha:0.50196
[MOE_TRACE] Group:2 Prob:0.90078 Alpha:0.50073
[MOE_TRACE] Group:2 Prob:0.90078 Alpha:0.50073
[MOE_TRACE] Group:2 Prob:0.90078 Alpha:0.50073
[MOE_TRACE] Group:0 Prob:0.84593 Alpha:0.50052
[MOE_TRACE] Group:1 Prob:0.21684 Alpha:0.50196
[MOE_TRACE] Group:2 Prob:0.90078 Alpha:0.50073
[MOE_TRACE] Group:0 Prob:0.84002 Alpha:0.50052
[MOE_TRACE] Group:0 Prob:0.84002 Alpha:0.50052
[MOE_TRACE] Group:0 Prob:0.84002 Alpha:0.50052
[MOE_TRACE] Group:1 Prob:0.22059 Alpha:0.50196
[MOE_TRACE] Group:1 Prob:0.22059 Alpha:0.50196
[MOE_TRACE] Group:1 Prob:0.22059 Alpha:0.50196
[MOE_TRACE] Group:2 Prob:0.90020 Alpha:0.50073
[MOE_TRACE] Group:2 Prob:0.90020 Alpha:0.50073
[MOE_TRACE] Group:2 Prob:0.90020 Alpha:0.50073
[MOE_TRACE] Group:0 Prob:0.84002 Alpha:0.50052
[MOE_TRACE] Group:1 Prob:0.22059 Alpha:0.50196
[MOE_TRACE] Group:2 Prob:0.90020 Alpha:0.50073
[MOE_TRACE] Group:0 Prob:0.83962 Alpha:0.50052
[MOE_TRACE] Group:1 Prob:0.21501 Alpha:0.50196
[MOE_TRACE] Group:0 Prob:0.83962 Alpha:0.50052
[MOE_TRACE] Group:0 Prob:0.83962 Alpha:0.50052
[MOE_TRACE] Group:1 Prob:0.21501 Alpha:0.50196
[MOE_TRACE] Group:2 Prob:0.89845 Alpha:0.50073
[MOE_TRACE] Group:2 Prob:0.89845 Alpha:0.50073
[MOE_TRACE] Group:1 Prob:0.21501 Alpha:0.50196
[MOE_TRACE] Group:2 Prob:0.89845 Alpha:0.50073
[MOE_TRACE] Group:0 Prob:0.83962 Alpha:0.50052
[MOE_TRACE] Group:1 Prob:0.21501 Alpha:0.50196
[MOE_TRACE] Group:2 Prob:0.89845 Alpha:0.50073
[MOE_TRACE] Group:0 Prob:0.84152 Alpha:0.50052[MOE_TRACE] Group:0 Prob:0.84152 Alpha:0.50052
[MOE_TRACE] Group:0 Prob:0.84152 Alpha:0.50052

[MOE_TRACE] Group:1 Prob:0.22124 Alpha:0.50196
[MOE_TRACE] Group:1 Prob:0.22124 Alpha:0.50196
[MOE_TRACE] Group:1 Prob:0.22124 Alpha:0.50196
[MOE_TRACE] Group:2 Prob:0.89873 Alpha:0.50073
[MOE_TRACE] Group:2 Prob:0.89873 Alpha:0.50073
[MOE_TRACE] Group:2 Prob:0.89873 Alpha:0.50073
[MOE_TRACE] Group:0 Prob:0.84152 Alpha:0.50052
[MOE_TRACE] Group:1 Prob:0.22124 Alpha:0.50196
[MOE_TRACE] Group:2 Prob:0.89873 Alpha:0.50073
[MOE_TRACE] Group:0 Prob:0.84696 Alpha:0.50052[MOE_TRACE] Group:0 Prob:0.84696 Alpha:0.50052

[MOE_TRACE] Group:0 Prob:0.84696 Alpha:0.50052
[MOE_TRACE] Group:1 Prob:0.22676 Alpha:0.50196[MOE_TRACE] Group:1 Prob:0.22676 Alpha:0.50196

[MOE_TRACE] Group:1 Prob:0.22676 Alpha:0.50196
[MOE_TRACE] Group:2 Prob:0.90153 Alpha:0.50073
[MOE_TRACE] Group:2 Prob:0.90153 Alpha:0.50073
[MOE_TRACE] Group:2 Prob:0.90153 Alpha:0.50073
[MOE_TRACE] Group:0 Prob:0.84696 Alpha:0.50052
[MOE_TRACE] Group:1 Prob:0.22676 Alpha:0.50196
[MOE_TRACE] Group:2 Prob:0.90153 Alpha:0.50073
[MOE_TRACE] Group:0 Prob:0.84174 Alpha:0.50052[MOE_TRACE] Group:0 Prob:0.84174 Alpha:0.50052[MOE_TRACE] Group:0 Prob:0.84174 Alpha:0.50052


[MOE_TRACE] Group:1 Prob:0.23543 Alpha:0.50196
[MOE_TRACE] Group:1 Prob:0.23543 Alpha:0.50196
[MOE_TRACE] Group:2 Prob:0.89735 Alpha:0.50073
[MOE_TRACE] Group:2 Prob:0.89735 Alpha:0.50073
[MOE_TRACE] Group:1 Prob:0.23543 Alpha:0.50196
[MOE_TRACE] Group:2 Prob:0.89735 Alpha:0.50073
[MOE_TRACE] Group:0 Prob:0.84174 Alpha:0.50052
[MOE_TRACE] Group:1 Prob:0.23543 Alpha:0.50196
[MOE_TRACE] Group:2 Prob:0.89735 Alpha:0.50073
[MOE_TRACE] Group:0 Prob:0.83850 Alpha:0.50052[MOE_TRACE] Group:0 Prob:0.83850 Alpha:0.50052[MOE_TRACE] Group:0 Prob:0.83850 Alpha:0.50052


[MOE_TRACE] Group:1 Prob:0.22042 Alpha:0.50196[MOE_TRACE] Group:1 Prob:0.22042 Alpha:0.50196

[MOE_TRACE] Group:1 Prob:0.22042 Alpha:0.50196
[MOE_TRACE] Group:2 Prob:0.90144 Alpha:0.50073
[MOE_TRACE] Group:2 Prob:0.90144 Alpha:0.50073
[MOE_TRACE] Group:2 Prob:0.90144 Alpha:0.50073
[MOE_TRACE] Group:0 Prob:0.83850 Alpha:0.50052
[MOE_TRACE] Group:1 Prob:0.22042 Alpha:0.50196
[MOE_TRACE] Group:2 Prob:0.90144 Alpha:0.50073
[MOE_TRACE] Group:0 Prob:0.83927 Alpha:0.50052[MOE_TRACE] Group:0 Prob:0.83927 Alpha:0.50052

[MOE_TRACE] Group:0 Prob:0.83927 Alpha:0.50052
[MOE_TRACE] Group:1 Prob:0.22272 Alpha:0.50196
[MOE_TRACE] Group:1 Prob:0.22272 Alpha:0.50196
[MOE_TRACE] Group:1 Prob:0.22272 Alpha:0.50196
[MOE_TRACE] Group:2 Prob:0.89880 Alpha:0.50073
[MOE_TRACE] Group:2 Prob:0.89880 Alpha:0.50073
[MOE_TRACE] Group:2 Prob:0.89880 Alpha:0.50073
[MOE_TRACE] Group:0 Prob:0.83927 Alpha:0.50052
[MOE_TRACE] Group:1 Prob:0.22272 Alpha:0.50196
[MOE_TRACE] Group:2 Prob:0.89880 Alpha:0.50073
[MOE_TRACE] Group:0 Prob:0.83718 Alpha:0.50052[MOE_TRACE] Group:0 Prob:0.83718 Alpha:0.50052
[MOE_TRACE] Group:0 Prob:0.83718 Alpha:0.50052

[MOE_TRACE] Group:1 Prob:0.21465 Alpha:0.50196[MOE_TRACE] Group:1 Prob:0.21465 Alpha:0.50196

[MOE_TRACE] Group:1 Prob:0.21465 Alpha:0.50196
[MOE_TRACE] Group:2 Prob:0.89914 Alpha:0.50073
[MOE_TRACE] Group:2 Prob:0.89914 Alpha:0.50073
[MOE_TRACE] Group:2 Prob:0.89914 Alpha:0.50073
[MOE_TRACE] Group:0 Prob:0.83718 Alpha:0.50052
[MOE_TRACE] Group:1 Prob:0.21465 Alpha:0.50196
[MOE_TRACE] Group:2 Prob:0.89914 Alpha:0.50073
[MOE_TRACE] Group:0 Prob:0.84272 Alpha:0.50052
[MOE_TRACE] Group:0 Prob:0.84272 Alpha:0.50052[MOE_TRACE] Group:0 Prob:0.84272 Alpha:0.50052

[MOE_TRACE] Group:1 Prob:0.22319 Alpha:0.50196
[MOE_TRACE] Group:1 Prob:0.22319 Alpha:0.50196
[MOE_TRACE] Group:1 Prob:0.22319 Alpha:0.50196
[MOE_TRACE] Group:2 Prob:0.90013 Alpha:0.50073
[MOE_TRACE] Group:2 Prob:0.90013 Alpha:0.50073[MOE_TRACE] Group:2 Prob:0.90013 Alpha:0.50073

[MOE_TRACE] Group:0 Prob:0.84272 Alpha:0.50052
[MOE_TRACE] Group:1 Prob:0.22319 Alpha:0.50196
[MOE_TRACE] Group:2 Prob:0.90013 Alpha:0.50073
[MOE_TRACE] Group:0 Prob:0.84286 Alpha:0.50052
[MOE_TRACE] Group:0 Prob:0.84286 Alpha:0.50052
[MOE_TRACE] Group:0 Prob:0.84286 Alpha:0.50052[MOE_TRACE] Group:1 Prob:0.21432 Alpha:0.50196

[MOE_TRACE] Group:1 Prob:0.21432 Alpha:0.50196
[MOE_TRACE] Group:2 Prob:0.90081 Alpha:0.50073
[MOE_TRACE] Group:1 Prob:0.21432 Alpha:0.50196
[MOE_TRACE] Group:2 Prob:0.90081 Alpha:0.50073
[MOE_TRACE] Group:2 Prob:0.90081 Alpha:0.50073
[MOE_TRACE] Group:0 Prob:0.84286 Alpha:0.50052
[MOE_TRACE] Group:1 Prob:0.21432 Alpha:0.50196
[MOE_TRACE] Group:2 Prob:0.90081 Alpha:0.50073
[MOE_TRACE] Group:0 Prob:0.84179 Alpha:0.50052[MOE_TRACE] Group:0 Prob:0.84179 Alpha:0.50052

[MOE_TRACE] Group:0 Prob:0.84179 Alpha:0.50052
[MOE_TRACE] Group:1 Prob:0.23489 Alpha:0.50196[MOE_TRACE] Group:1 Prob:0.23489 Alpha:0.50196
[MOE_TRACE] Group:1 Prob:0.23489 Alpha:0.50196

[MOE_TRACE] Group:2 Prob:0.90054 Alpha:0.50073[MOE_TRACE] Group:2 Prob:0.90054 Alpha:0.50073

[MOE_TRACE] Group:2 Prob:0.90054 Alpha:0.50073
[MOE_TRACE] Group:0 Prob:0.84179 Alpha:0.50052
[MOE_TRACE] Group:1 Prob:0.23489 Alpha:0.50196
[MOE_TRACE] Group:2 Prob:0.90054 Alpha:0.50073
[MOE_TRACE] Group:0 Prob:0.83994 Alpha:0.50052[MOE_TRACE] Group:0 Prob:0.83994 Alpha:0.50052

[MOE_TRACE] Group:0 Prob:0.83994 Alpha:0.50052[MOE_TRACE] Group:1 Prob:0.21204 Alpha:0.50196

[MOE_TRACE] Group:1 Prob:0.21204 Alpha:0.50196
[MOE_TRACE] Group:2 Prob:0.89878 Alpha:0.50073
[MOE_TRACE] Group:1 Prob:0.21204 Alpha:0.50196
[MOE_TRACE] Group:2 Prob:0.89878 Alpha:0.50073
[MOE_TRACE] Group:2 Prob:0.89878 Alpha:0.50073
[MOE_TRACE] Group:0 Prob:0.83994 Alpha:0.50052
[MOE_TRACE] Group:1 Prob:0.21204 Alpha:0.50196
[MOE_TRACE] Group:2 Prob:0.89878 Alpha:0.50073
[MOE_TRACE] Group:0 Prob:0.84096 Alpha:0.50052[MOE_TRACE] Group:0 Prob:0.84096 Alpha:0.50052

[MOE_TRACE] Group:0 Prob:0.84096 Alpha:0.50052
[MOE_TRACE] Group:1 Prob:0.22186 Alpha:0.50196
[MOE_TRACE] Group:1 Prob:0.22186 Alpha:0.50196
[MOE_TRACE] Group:1 Prob:0.22186 Alpha:0.50196
[MOE_TRACE] Group:2 Prob:0.89791 Alpha:0.50073
[MOE_TRACE] Group:2 Prob:0.89791 Alpha:0.50073
[MOE_TRACE] Group:2 Prob:0.89791 Alpha:0.50073
[MOE_TRACE] Group:0 Prob:0.84096 Alpha:0.50052
[MOE_TRACE] Group:1 Prob:0.22186 Alpha:0.50196
[MOE_TRACE] Group:2 Prob:0.89791 Alpha:0.50073
[MOE_TRACE] Group:0 Prob:0.83640 Alpha:0.50052
[MOE_TRACE] Group:0 Prob:0.83640 Alpha:0.50052
[MOE_TRACE] Group:1 Prob:0.22322 Alpha:0.50196
[MOE_TRACE] Group:0 Prob:0.83640 Alpha:0.50052
[MOE_TRACE] Group:1 Prob:0.22322 Alpha:0.50196
[MOE_TRACE] Group:2 Prob:0.89619 Alpha:0.50073
[MOE_TRACE] Group:1 Prob:0.22322 Alpha:0.50196
[MOE_TRACE] Group:2 Prob:0.89619 Alpha:0.50073
[MOE_TRACE] Group:2 Prob:0.89619 Alpha:0.50073
[MOE_TRACE] Group:0 Prob:0.83640 Alpha:0.50052
[MOE_TRACE] Group:1 Prob:0.22322 Alpha:0.50196
[MOE_TRACE] Group:2 Prob:0.89619 Alpha:0.50073
[MOE_TRACE] Group:0 Prob:0.84202 Alpha:0.50052[MOE_TRACE] Group:0 Prob:0.84202 Alpha:0.50052

[MOE_TRACE] Group:1 Prob:0.23387 Alpha:0.50196
[MOE_TRACE] Group:1 Prob:0.23387 Alpha:0.50196
[MOE_TRACE] Group:0 Prob:0.84202 Alpha:0.50052
[MOE_TRACE] Group:2 Prob:0.89619 Alpha:0.50073
[MOE_TRACE] Group:2 Prob:0.89619 Alpha:0.50073
[MOE_TRACE] Group:1 Prob:0.23387 Alpha:0.50196
[MOE_TRACE] Group:2 Prob:0.89619 Alpha:0.50073
[MOE_TRACE] Group:0 Prob:0.84202 Alpha:0.50052
[MOE_TRACE] Group:1 Prob:0.23387 Alpha:0.50196
[MOE_TRACE] Group:2 Prob:0.89619 Alpha:0.50073
[MOE_TRACE] Group:0 Prob:0.83809 Alpha:0.50052[MOE_TRACE] Group:0 Prob:0.83809 Alpha:0.50052[MOE_TRACE] Group:0 Prob:0.83809 Alpha:0.50052


[MOE_TRACE] Group:1 Prob:0.22193 Alpha:0.50196
[MOE_TRACE] Group:1 Prob:0.22193 Alpha:0.50196[MOE_TRACE] Group:1 Prob:0.22193 Alpha:0.50196

[MOE_TRACE] Group:2 Prob:0.89632 Alpha:0.50073
[MOE_TRACE] Group:2 Prob:0.89632 Alpha:0.50073[MOE_TRACE] Group:2 Prob:0.89632 Alpha:0.50073

[MOE_TRACE] Group:0 Prob:0.83809 Alpha:0.50052
[MOE_TRACE] Group:1 Prob:0.22193 Alpha:0.50196
[MOE_TRACE] Group:2 Prob:0.89632 Alpha:0.50073
[MOE_TRACE] Group:0 Prob:0.83585 Alpha:0.50052
[MOE_TRACE] Group:0 Prob:0.83585 Alpha:0.50052[MOE_TRACE] Group:1 Prob:0.21942 Alpha:0.50196[MOE_TRACE] Group:0 Prob:0.83585 Alpha:0.50052


[MOE_TRACE] Group:1 Prob:0.21942 Alpha:0.50196[MOE_TRACE] Group:2 Prob:0.89785 Alpha:0.50073

[MOE_TRACE] Group:1 Prob:0.21942 Alpha:0.50196
[MOE_TRACE] Group:2 Prob:0.89785 Alpha:0.50073
[MOE_TRACE] Group:2 Prob:0.89785 Alpha:0.50073
[MOE_TRACE] Group:0 Prob:0.83585 Alpha:0.50052
[MOE_TRACE] Group:1 Prob:0.21942 Alpha:0.50196
[MOE_TRACE] Group:2 Prob:0.89785 Alpha:0.50073
[MOE_TRACE] Group:0 Prob:0.84010 Alpha:0.50052[MOE_TRACE] Group:0 Prob:0.84010 Alpha:0.50052
[MOE_TRACE] Group:0 Prob:0.84010 Alpha:0.50052

[MOE_TRACE] Group:1 Prob:0.22315 Alpha:0.50196[MOE_TRACE] Group:1 Prob:0.22315 Alpha:0.50196

[MOE_TRACE] Group:1 Prob:0.22315 Alpha:0.50196
[MOE_TRACE] Group:2 Prob:0.89570 Alpha:0.50073
[MOE_TRACE] Group:2 Prob:0.89570 Alpha:0.50073
[MOE_TRACE] Group:2 Prob:0.89570 Alpha:0.50073
[MOE_TRACE] Group:0 Prob:0.84010 Alpha:0.50052
[MOE_TRACE] Group:1 Prob:0.22315 Alpha:0.50196
[MOE_TRACE] Group:2 Prob:0.89570 Alpha:0.50073
[MOE_TRACE] Group:0 Prob:0.83523 Alpha:0.50052
[MOE_TRACE] Group:1 Prob:0.21646 Alpha:0.50196[MOE_TRACE] Group:0 Prob:0.83523 Alpha:0.50052[MOE_TRACE] Group:0 Prob:0.83523 Alpha:0.50052


[MOE_TRACE] Group:2 Prob:0.89833 Alpha:0.50073
[MOE_TRACE] Group:1 Prob:0.21646 Alpha:0.50196
[MOE_TRACE] Group:1 Prob:0.21646 Alpha:0.50196
[MOE_TRACE] Group:2 Prob:0.89833 Alpha:0.50073
[MOE_TRACE] Group:2 Prob:0.89833 Alpha:0.50073
[MOE_TRACE] Group:0 Prob:0.83523 Alpha:0.50052
[MOE_TRACE] Group:1 Prob:0.21646 Alpha:0.50196
[MOE_TRACE] Group:2 Prob:0.89833 Alpha:0.50073
[MOE_TRACE] Group:0 Prob:0.84116 Alpha:0.50052[MOE_TRACE] Group:0 Prob:0.84116 Alpha:0.50052[MOE_TRACE] Group:0 Prob:0.84116 Alpha:0.50052


[MOE_TRACE] Group:1 Prob:0.21645 Alpha:0.50196
[MOE_TRACE] Group:1 Prob:0.21645 Alpha:0.50196
[MOE_TRACE] Group:1 Prob:0.21645 Alpha:0.50196
[MOE_TRACE] Group:2 Prob:0.90004 Alpha:0.50073
[MOE_TRACE] Group:2 Prob:0.90004 Alpha:0.50073
[MOE_TRACE] Group:2 Prob:0.90004 Alpha:0.50073
[MOE_TRACE] Group:0 Prob:0.84116 Alpha:0.50052
[MOE_TRACE] Group:1 Prob:0.21645 Alpha:0.50196
[MOE_TRACE] Group:2 Prob:0.90004 Alpha:0.50073
[MOE_TRACE] Group:0 Prob:0.84417 Alpha:0.50052[MOE_TRACE] Group:0 Prob:0.84417 Alpha:0.50052

[MOE_TRACE] Group:0 Prob:0.84417 Alpha:0.50052
[MOE_TRACE] Group:1 Prob:0.21493 Alpha:0.50196
[MOE_TRACE] Group:1 Prob:0.21493 Alpha:0.50196
[MOE_TRACE] Group:1 Prob:0.21493 Alpha:0.50196
[MOE_TRACE] Group:0 Prob:0.84417 Alpha:0.50052
[MOE_TRACE] Group:1 Prob:0.21493 Alpha:0.50196
[MOE_TRACE] Group:2 Prob:0.89994 Alpha:0.50073
[MOE_TRACE] Group:0 Prob:0.84379 Alpha:0.50052
[MOE_TRACE] Group:0 Prob:0.84379 Alpha:0.50052[MOE_TRACE] Group:0 Prob:0.84379 Alpha:0.50052

[MOE_TRACE] Group:1 Prob:0.22152 Alpha:0.50196
[MOE_TRACE] Group:1 Prob:0.22152 Alpha:0.50196
[MOE_TRACE] Group:1 Prob:0.22152 Alpha:0.50196[MOE_TRACE] Group:2 Prob:0.89669 Alpha:0.50073

[MOE_TRACE] Group:2 Prob:0.89669 Alpha:0.50073
[MOE_TRACE] Group:2 Prob:0.89669 Alpha:0.50073
[MOE_TRACE] Group:0 Prob:0.84379 Alpha:0.50052
[MOE_TRACE] Group:1 Prob:0.22152 Alpha:0.50196
[MOE_TRACE] Group:2 Prob:0.89669 Alpha:0.50073
[MOE_TRACE] Group:0 Prob:0.83996 Alpha:0.50052
[MOE_TRACE] Group:0 Prob:0.83996 Alpha:0.50052
[MOE_TRACE] Group:1 Prob:0.22773 Alpha:0.50196
[MOE_TRACE] Group:1 Prob:0.22773 Alpha:0.50196
[MOE_TRACE] Group:0 Prob:0.83996 Alpha:0.50052
[MOE_TRACE] Group:2 Prob:0.89847 Alpha:0.50073
[MOE_TRACE] Group:2 Prob:0.89847 Alpha:0.50073
[MOE_TRACE] Group:1 Prob:0.22773 Alpha:0.50196
[MOE_TRACE] Group:2 Prob:0.89847 Alpha:0.50073
[MOE_TRACE] Group:0 Prob:0.83996 Alpha:0.50052
[MOE_TRACE] Group:1 Prob:0.22773 Alpha:0.50196
[MOE_TRACE] Group:2 Prob:0.89847 Alpha:0.50073
[MOE_TRACE] Group:0 Prob:0.84103 Alpha:0.50052[MOE_TRACE] Group:0 Prob:0.84103 Alpha:0.50052

[MOE_TRACE] Group:0 Prob:0.84103 Alpha:0.50052
[MOE_TRACE] Group:1 Prob:0.22327 Alpha:0.50196
[MOE_TRACE] Group:1 Prob:0.22327 Alpha:0.50196
[MOE_TRACE] Group:1 Prob:0.22327 Alpha:0.50196
[MOE_TRACE] Group:2 Prob:0.89974 Alpha:0.50073
[MOE_TRACE] Group:2 Prob:0.89974 Alpha:0.50073
[MOE_TRACE] Group:2 Prob:0.89974 Alpha:0.50073
[MOE_TRACE] Group:0 Prob:0.84103 Alpha:0.50052
[MOE_TRACE] Group:1 Prob:0.22327 Alpha:0.50196
[MOE_TRACE] Group:2 Prob:0.89974 Alpha:0.50073
[MOE_TRACE] Group:0 Prob:0.83821 Alpha:0.50052
[MOE_TRACE] Group:0 Prob:0.83821 Alpha:0.50052[MOE_TRACE] Group:0 Prob:0.83821 Alpha:0.50052

[MOE_TRACE] Group:1 Prob:0.23363 Alpha:0.50196[MOE_TRACE] Group:1 Prob:0.23363 Alpha:0.50196

[MOE_TRACE] Group:1 Prob:0.23363 Alpha:0.50196
[MOE_TRACE] Group:2 Prob:0.89925 Alpha:0.50073
[MOE_TRACE] Group:2 Prob:0.89925 Alpha:0.50073
[MOE_TRACE] Group:2 Prob:0.89925 Alpha:0.50073
[MOE_TRACE] Group:0 Prob:0.83821 Alpha:0.50052
[MOE_TRACE] Group:1 Prob:0.23363 Alpha:0.50196
[MOE_TRACE] Group:2 Prob:0.89925 Alpha:0.50073
[MOE_TRACE] Group:0 Prob:0.84251 Alpha:0.50052
[MOE_TRACE] Group:1 Prob:0.22519 Alpha:0.50196
[MOE_TRACE] Group:0 Prob:0.84251 Alpha:0.50052[MOE_TRACE] Group:0 Prob:0.84251 Alpha:0.50052

[MOE_TRACE] Group:2 Prob:0.89873 Alpha:0.50073
[MOE_TRACE] Group:1 Prob:0.22519 Alpha:0.50196
[MOE_TRACE] Group:1 Prob:0.22519 Alpha:0.50196
[MOE_TRACE] Group:2 Prob:0.89873 Alpha:0.50073
[MOE_TRACE] Group:2 Prob:0.89873 Alpha:0.50073
[MOE_TRACE] Group:0 Prob:0.84251 Alpha:0.50052
[MOE_TRACE] Group:1 Prob:0.22519 Alpha:0.50196
[MOE_TRACE] Group:2 Prob:0.89873 Alpha:0.50073
[MOE_TRACE] Group:0 Prob:0.84016 Alpha:0.50052
[MOE_TRACE] Group:0 Prob:0.84016 Alpha:0.50052
[MOE_TRACE] Group:0 Prob:0.84016 Alpha:0.50052
[MOE_TRACE] Group:1 Prob:0.22558 Alpha:0.50196[MOE_TRACE] Group:1 Prob:0.22558 Alpha:0.50196

[MOE_TRACE] Group:1 Prob:0.22558 Alpha:0.50196
[MOE_TRACE] Group:2 Prob:0.89849 Alpha:0.50073
[MOE_TRACE] Group:2 Prob:0.89849 Alpha:0.50073
[MOE_TRACE] Group:2 Prob:0.89849 Alpha:0.50073
[MOE_TRACE] Group:0 Prob:0.84016 Alpha:0.50052
[MOE_TRACE] Group:1 Prob:0.22558 Alpha:0.50196
[MOE_TRACE] Group:2 Prob:0.89849 Alpha:0.50073
[MOE_TRACE] Group:0 Prob:0.84113 Alpha:0.50052[MOE_TRACE] Group:0 Prob:0.84113 Alpha:0.50052

[MOE_TRACE] Group:0 Prob:0.84113 Alpha:0.50052
[MOE_TRACE] Group:1 Prob:0.20829 Alpha:0.50196
[MOE_TRACE] Group:1 Prob:0.20829 Alpha:0.50196
[MOE_TRACE] Group:2 Prob:0.89799 Alpha:0.50073
[MOE_TRACE] Group:1 Prob:0.20829 Alpha:0.50196[MOE_TRACE] Group:2 Prob:0.89799 Alpha:0.50073

[MOE_TRACE] Group:2 Prob:0.89799 Alpha:0.50073
[MOE_TRACE] Group:0 Prob:0.84113 Alpha:0.50052
[MOE_TRACE] Group:1 Prob:0.20829 Alpha:0.50196
[MOE_TRACE] Group:2 Prob:0.89799 Alpha:0.50073
[MOE_TRACE] Group:0 Prob:0.84127 Alpha:0.50052
[MOE_TRACE] Group:1 Prob:0.21998 Alpha:0.50196
[MOE_TRACE] Group:0 Prob:0.84127 Alpha:0.50052
[MOE_TRACE] Group:0 Prob:0.84127 Alpha:0.50052
[MOE_TRACE] Group:1 Prob:0.21998 Alpha:0.50196
[MOE_TRACE] Group:1 Prob:0.21998 Alpha:0.50196
[MOE_TRACE] Group:0 Prob:0.84127 Alpha:0.50052
[MOE_TRACE] Group:1 Prob:0.21998 Alpha:0.50196
[MOE_TRACE] Group:2 Prob:0.90199 Alpha:0.50073
[MOE_TRACE] Group:0 Prob:0.84169 Alpha:0.50052
[MOE_TRACE] Group:1 Prob:0.22780 Alpha:0.50196
[MOE_TRACE] Group:0 Prob:0.84169 Alpha:0.50052
[MOE_TRACE] Group:0 Prob:0.84169 Alpha:0.50052
[MOE_TRACE] Group:1 Prob:0.22780 Alpha:0.50196
[MOE_TRACE] Group:1 Prob:0.22780 Alpha:0.50196
[MOE_TRACE] Group:2 Prob:0.89990 Alpha:0.50073
[MOE_TRACE] Group:2 Prob:0.89990 Alpha:0.50073
[MOE_TRACE] Group:0 Prob:0.84169 Alpha:0.50052
[MOE_TRACE] Group:1 Prob:0.22780 Alpha:0.50196
[MOE_TRACE] Group:2 Prob:0.89990 Alpha:0.50073
[MOE_TRACE] Group:0 Prob:0.83494 Alpha:0.50052
[MOE_TRACE] Group:1 Prob:0.23492 Alpha:0.50196
[MOE_TRACE] Group:0 Prob:0.83494 Alpha:0.50052
[MOE_TRACE] Group:1 Prob:0.23492 Alpha:0.50196
[MOE_TRACE] Group:0 Prob:0.83494 Alpha:0.50052
[MOE_TRACE] Group:1 Prob:0.23492 Alpha:0.50196
[MOE_TRACE] Group:2 Prob:0.89717 Alpha:0.50073
[MOE_TRACE] Group:0 Prob:0.83494 Alpha:0.50052
[MOE_TRACE] Group:1 Prob:0.23492 Alpha:0.50196
[MOE_TRACE] Group:2 Prob:0.89717 Alpha:0.50073
[MOE_TRACE] Group:0 Prob:0.83855 Alpha:0.50052
[MOE_TRACE] Group:0 Prob:0.83855 Alpha:0.50052
[MOE_TRACE] Group:0 Prob:0.83855 Alpha:0.50052
[MOE_TRACE] Group:1 Prob:0.21431 Alpha:0.50196
[MOE_TRACE] Group:1 Prob:0.21431 Alpha:0.50196
[MOE_TRACE] Group:2 Prob:0.89888 Alpha:0.50073
[MOE_TRACE] Group:1 Prob:0.21431 Alpha:0.50196
[MOE_TRACE] Group:2 Prob:0.89888 Alpha:0.50073
[MOE_TRACE] Group:2 Prob:0.89888 Alpha:0.50073
[MOE_TRACE] Group:0 Prob:0.83855 Alpha:0.50052
[MOE_TRACE] Group:1 Prob:0.21431 Alpha:0.50196
[MOE_TRACE] Group:2 Prob:0.89888 Alpha:0.50073
[MOE_TRACE] Group:0 Prob:0.84194 Alpha:0.50052
[MOE_TRACE] Group:0 Prob:0.84194 Alpha:0.50052
[MOE_TRACE] Group:1 Prob:0.22490 Alpha:0.50196
[MOE_TRACE] Group:1 Prob:0.22490 Alpha:0.50196
[MOE_TRACE] Group:0 Prob:0.84194 Alpha:0.50052
[MOE_TRACE] Group:2 Prob:0.89841 Alpha:0.50073
[MOE_TRACE] Group:2 Prob:0.89841 Alpha:0.50073
[MOE_TRACE] Group:1 Prob:0.22490 Alpha:0.50196
[MOE_TRACE] Group:2 Prob:0.89841 Alpha:0.50073
[MOE_TRACE] Group:0 Prob:0.84194 Alpha:0.50052
[MOE_TRACE] Group:1 Prob:0.22490 Alpha:0.50196
[MOE_TRACE] Group:2 Prob:0.89841 Alpha:0.50073
[MOE_TRACE] Group:0 Prob:0.83909 Alpha:0.50052[MOE_TRACE] Group:0 Prob:0.83909 Alpha:0.50052[MOE_TRACE] Group:0 Prob:0.83909 Alpha:0.50052


[MOE_TRACE] Group:1 Prob:0.22445 Alpha:0.50196[MOE_TRACE] Group:1 Prob:0.22445 Alpha:0.50196[MOE_TRACE] Group:1 Prob:0.22445 Alpha:0.50196


[MOE_TRACE] Group:2 Prob:0.89780 Alpha:0.50073
[MOE_TRACE] Group:2 Prob:0.89780 Alpha:0.50073
[MOE_TRACE] Group:2 Prob:0.89780 Alpha:0.50073
[MOE_TRACE] Group:0 Prob:0.83909 Alpha:0.50052
[MOE_TRACE] Group:1 Prob:0.22445 Alpha:0.50196
[MOE_TRACE] Group:2 Prob:0.89780 Alpha:0.50073
[MOE_TRACE] Group:0 Prob:0.84679 Alpha:0.50052[MOE_TRACE] Group:0 Prob:0.84679 Alpha:0.50052[MOE_TRACE] Group:0 Prob:0.84679 Alpha:0.50052


[MOE_TRACE] Group:1 Prob:0.23395 Alpha:0.50196[MOE_TRACE] Group:1 Prob:0.23395 Alpha:0.50196
[MOE_TRACE] Group:1 Prob:0.23395 Alpha:0.50196

[MOE_TRACE] Group:2 Prob:0.89807 Alpha:0.50073
[MOE_TRACE] Group:2 Prob:0.89807 Alpha:0.50073
[MOE_TRACE] Group:2 Prob:0.89807 Alpha:0.50073
[MOE_TRACE] Group:0 Prob:0.84679 Alpha:0.50052
[MOE_TRACE] Group:1 Prob:0.23395 Alpha:0.50196
[MOE_TRACE] Group:2 Prob:0.89807 Alpha:0.50073
[MOE_TRACE] Group:0 Prob:0.84303 Alpha:0.50052
[MOE_TRACE] Group:0 Prob:0.84303 Alpha:0.50052
[MOE_TRACE] Group:1 Prob:0.22309 Alpha:0.50196[MOE_TRACE] Group:0 Prob:0.84303 Alpha:0.50052

[MOE_TRACE] Group:1 Prob:0.22309 Alpha:0.50196
[MOE_TRACE] Group:2 Prob:0.90048 Alpha:0.50073
[MOE_TRACE] Group:1 Prob:0.22309 Alpha:0.50196
[MOE_TRACE] Group:2 Prob:0.90048 Alpha:0.50073
[MOE_TRACE] Group:2 Prob:0.90048 Alpha:0.50073
[MOE_TRACE] Group:0 Prob:0.84303 Alpha:0.50052
[MOE_TRACE] Group:1 Prob:0.22309 Alpha:0.50196
[MOE_TRACE] Group:2 Prob:0.90048 Alpha:0.50073
[MOE_TRACE] Group:0 Prob:0.84004 Alpha:0.50052
[MOE_TRACE] Group:1 Prob:0.20802 Alpha:0.50196
[MOE_TRACE] Group:0 Prob:0.84004 Alpha:0.50052[MOE_TRACE] Group:0 Prob:0.84004 Alpha:0.50052

[MOE_TRACE] Group:2 Prob:0.89739 Alpha:0.50073
[MOE_TRACE] Group:1 Prob:0.20802 Alpha:0.50196
[MOE_TRACE] Group:1 Prob:0.20802 Alpha:0.50196
[MOE_TRACE] Group:2 Prob:0.89739 Alpha:0.50073
[MOE_TRACE] Group:2 Prob:0.89739 Alpha:0.50073
[MOE_TRACE] Group:0 Prob:0.84004 Alpha:0.50052
[MOE_TRACE] Group:1 Prob:0.20802 Alpha:0.50196
[MOE_TRACE] Group:2 Prob:0.89739 Alpha:0.50073
[MOE_TRACE] Group:0 Prob:0.84015 Alpha:0.50052
[MOE_TRACE] Group:1 Prob:0.23330 Alpha:0.50196
[MOE_TRACE] Group:0 Prob:0.84015 Alpha:0.50052[MOE_TRACE] Group:0 Prob:0.84015 Alpha:0.50052

[MOE_TRACE] Group:2 Prob:0.90112 Alpha:0.50073
[MOE_TRACE] Group:1 Prob:0.23330 Alpha:0.50196[MOE_TRACE] Group:1 Prob:0.23330 Alpha:0.50196

[MOE_TRACE] Group:2 Prob:0.90112 Alpha:0.50073[MOE_TRACE] Group:2 Prob:0.90112 Alpha:0.50073

[MOE_TRACE] Group:0 Prob:0.84015 Alpha:0.50052
[MOE_TRACE] Group:1 Prob:0.23330 Alpha:0.50196
[MOE_TRACE] Group:2 Prob:0.90112 Alpha:0.50073
[MOE_TRACE] Group:0 Prob:0.83989 Alpha:0.50052
[MOE_TRACE] Group:0 Prob:0.83989 Alpha:0.50052
[MOE_TRACE] Group:0 Prob:0.83989 Alpha:0.50052
[MOE_TRACE] Group:1 Prob:0.23113 Alpha:0.50196
[MOE_TRACE] Group:1 Prob:0.23113 Alpha:0.50196
[MOE_TRACE] Group:2 Prob:0.89870 Alpha:0.50073
[MOE_TRACE] Group:1 Prob:0.23113 Alpha:0.50196
[MOE_TRACE] Group:2 Prob:0.89870 Alpha:0.50073
[MOE_TRACE] Group:2 Prob:0.89870 Alpha:0.50073
[MOE_TRACE] Group:0 Prob:0.83989 Alpha:0.50052
[MOE_TRACE] Group:1 Prob:0.23113 Alpha:0.50196
[MOE_TRACE] Group:2 Prob:0.89870 Alpha:0.50073
[MOE_TRACE] Group:0 Prob:0.84420 Alpha:0.50052
[MOE_TRACE] Group:0 Prob:0.84420 Alpha:0.50052
[MOE_TRACE] Group:0 Prob:0.84420 Alpha:0.50052
[MOE_TRACE] Group:1 Prob:0.23983 Alpha:0.50196[MOE_TRACE] Group:1 Prob:0.23983 Alpha:0.50196

[MOE_TRACE] Group:2 Prob:0.90063 Alpha:0.50073
[MOE_TRACE] Group:1 Prob:0.23983 Alpha:0.50196
[MOE_TRACE] Group:2 Prob:0.90063 Alpha:0.50073
[MOE_TRACE] Group:2 Prob:0.90063 Alpha:0.50073
[MOE_TRACE] Group:0 Prob:0.84420 Alpha:0.50052
[MOE_TRACE] Group:1 Prob:0.23983 Alpha:0.50196
[MOE_TRACE] Group:2 Prob:0.90063 Alpha:0.50073
[MOE_TRACE] Group:0 Prob:0.84083 Alpha:0.50052[MOE_TRACE] Group:0 Prob:0.84083 Alpha:0.50052

[MOE_TRACE] Group:1 Prob:0.21553 Alpha:0.50196
[MOE_TRACE] Group:1 Prob:0.21553 Alpha:0.50196
[MOE_TRACE] Group:2 Prob:0.89950 Alpha:0.50073[MOE_TRACE] Group:2 Prob:0.89950 Alpha:0.50073

[MOE_TRACE] Group:0 Prob:0.84083 Alpha:0.50052
[MOE_TRACE] Group:1 Prob:0.21553 Alpha:0.50196
[MOE_TRACE] Group:2 Prob:0.89950 Alpha:0.50073
[MOE_TRACE] Group:0 Prob:0.84083 Alpha:0.50052
[MOE_TRACE] Group:1 Prob:0.21553 Alpha:0.50196
[MOE_TRACE] Group:2 Prob:0.89950 Alpha:0.50073
[MOE_TRACE] Group:0 Prob:0.84162 Alpha:0.50052
[MOE_TRACE] Group:0 Prob:0.84162 Alpha:0.50052
[MOE_TRACE] Group:1 Prob:0.21094 Alpha:0.50196
[MOE_TRACE] Group:0 Prob:0.84162 Alpha:0.50052[MOE_TRACE] Group:1 Prob:0.21094 Alpha:0.50196

[MOE_TRACE] Group:2 Prob:0.89781 Alpha:0.50073
[MOE_TRACE] Group:1 Prob:0.21094 Alpha:0.50196[MOE_TRACE] Group:2 Prob:0.89781 Alpha:0.50073

[MOE_TRACE] Group:2 Prob:0.89781 Alpha:0.50073
[MOE_TRACE] Group:0 Prob:0.84162 Alpha:0.50052
[MOE_TRACE] Group:1 Prob:0.21094 Alpha:0.50196
[MOE_TRACE] Group:2 Prob:0.89781 Alpha:0.50073
[MOE_TRACE] Group:0 Prob:0.83894 Alpha:0.50052
[MOE_TRACE] Group:0 Prob:0.83894 Alpha:0.50052
[MOE_TRACE] Group:0 Prob:0.83894 Alpha:0.50052
[MOE_TRACE] Group:1 Prob:0.21040 Alpha:0.50196
[MOE_TRACE] Group:1 Prob:0.21040 Alpha:0.50196
[MOE_TRACE] Group:1 Prob:0.21040 Alpha:0.50196
[MOE_TRACE] Group:2 Prob:0.89512 Alpha:0.50073
[MOE_TRACE] Group:2 Prob:0.89512 Alpha:0.50073
[MOE_TRACE] Group:2 Prob:0.89512 Alpha:0.50073
[MOE_TRACE] Group:0 Prob:0.83894 Alpha:0.50052
[MOE_TRACE] Group:1 Prob:0.21040 Alpha:0.50196
[MOE_TRACE] Group:2 Prob:0.89512 Alpha:0.50073
[MOE_TRACE] Group:0 Prob:0.83855 Alpha:0.50052
[MOE_TRACE] Group:0 Prob:0.83855 Alpha:0.50052
[MOE_TRACE] Group:0 Prob:0.83855 Alpha:0.50052
[MOE_TRACE] Group:1 Prob:0.21158 Alpha:0.50196
[MOE_TRACE] Group:1 Prob:0.21158 Alpha:0.50196
[MOE_TRACE] Group:1 Prob:0.21158 Alpha:0.50196
[MOE_TRACE] Group:2 Prob:0.90013 Alpha:0.50073
[MOE_TRACE] Group:2 Prob:0.90013 Alpha:0.50073[MOE_TRACE] Group:2 Prob:0.90013 Alpha:0.50073

[MOE_TRACE] Group:0 Prob:0.83855 Alpha:0.50052
[MOE_TRACE] Group:1 Prob:0.21158 Alpha:0.50196
[MOE_TRACE] Group:2 Prob:0.90013 Alpha:0.50073
[MOE_TRACE] Group:0 Prob:0.83939 Alpha:0.50052
[MOE_TRACE] Group:0 Prob:0.83939 Alpha:0.50052
[MOE_TRACE] Group:0 Prob:0.83939 Alpha:0.50052
[MOE_TRACE] Group:1 Prob:0.22183 Alpha:0.50196
[MOE_TRACE] Group:1 Prob:0.22183 Alpha:0.50196[MOE_TRACE] Group:2 Prob:0.89887 Alpha:0.50073

[MOE_TRACE] Group:1 Prob:0.22183 Alpha:0.50196
[MOE_TRACE] Group:2 Prob:0.89887 Alpha:0.50073
[MOE_TRACE] Group:2 Prob:0.89887 Alpha:0.50073
[MOE_TRACE] Group:0 Prob:0.83939 Alpha:0.50052
[MOE_TRACE] Group:1 Prob:0.22183 Alpha:0.50196
[MOE_TRACE] Group:2 Prob:0.89887 Alpha:0.50073
[MOE_TRACE] Group:0 Prob:0.83794 Alpha:0.50052
[MOE_TRACE] Group:0 Prob:0.83794 Alpha:0.50052[MOE_TRACE] Group:0 Prob:0.83794 Alpha:0.50052

[MOE_TRACE] Group:1 Prob:0.22394 Alpha:0.50196
[MOE_TRACE] Group:1 Prob:0.22394 Alpha:0.50196
[MOE_TRACE] Group:1 Prob:0.22394 Alpha:0.50196
[MOE_TRACE] Group:2 Prob:0.89846 Alpha:0.50073[MOE_TRACE] Group:2 Prob:0.89846 Alpha:0.50073

[MOE_TRACE] Group:2 Prob:0.89846 Alpha:0.50073
[MOE_TRACE] Group:0 Prob:0.83794 Alpha:0.50052
[MOE_TRACE] Group:1 Prob:0.22394 Alpha:0.50196
[MOE_TRACE] Group:2 Prob:0.89846 Alpha:0.50073
[MOE_TRACE] Group:0 Prob:0.83947 Alpha:0.50052[MOE_TRACE] Group:0 Prob:0.83947 Alpha:0.50052[MOE_TRACE] Group:0 Prob:0.83947 Alpha:0.50052


[MOE_TRACE] Group:1 Prob:0.24383 Alpha:0.50196
[MOE_TRACE] Group:1 Prob:0.24383 Alpha:0.50196[MOE_TRACE] Group:1 Prob:0.24383 Alpha:0.50196

[MOE_TRACE] Group:2 Prob:0.89777 Alpha:0.50073[MOE_TRACE] Group:2 Prob:0.89777 Alpha:0.50073

[MOE_TRACE] Group:2 Prob:0.89777 Alpha:0.50073
[MOE_TRACE] Group:0 Prob:0.83947 Alpha:0.50052
[MOE_TRACE] Group:1 Prob:0.24383 Alpha:0.50196
[MOE_TRACE] Group:2 Prob:0.89777 Alpha:0.50073
[MOE_TRACE] Group:0 Prob:0.84199 Alpha:0.50052
[MOE_TRACE] Group:0 Prob:0.84199 Alpha:0.50052[MOE_TRACE] Group:0 Prob:0.84199 Alpha:0.50052

[MOE_TRACE] Group:1 Prob:0.22277 Alpha:0.50196
[MOE_TRACE] Group:1 Prob:0.22277 Alpha:0.50196[MOE_TRACE] Group:1 Prob:0.22277 Alpha:0.50196

[MOE_TRACE] Group:2 Prob:0.90001 Alpha:0.50073
[MOE_TRACE] Group:2 Prob:0.90001 Alpha:0.50073[MOE_TRACE] Group:2 Prob:0.90001 Alpha:0.50073

[MOE_TRACE] Group:0 Prob:0.84199 Alpha:0.50052
[MOE_TRACE] Group:1 Prob:0.22277 Alpha:0.50196
[MOE_TRACE] Group:2 Prob:0.90001 Alpha:0.50073
[MOE_TRACE] Group:0 Prob:0.84131 Alpha:0.50052[MOE_TRACE] Group:0 Prob:0.84131 Alpha:0.50052

[MOE_TRACE] Group:0 Prob:0.84131 Alpha:0.50052
[MOE_TRACE] Group:1 Prob:0.21560 Alpha:0.50196
[MOE_TRACE] Group:1 Prob:0.21560 Alpha:0.50196
[MOE_TRACE] Group:1 Prob:0.21560 Alpha:0.50196
[MOE_TRACE] Group:2 Prob:0.89963 Alpha:0.50073
[MOE_TRACE] Group:2 Prob:0.89963 Alpha:0.50073
[MOE_TRACE] Group:2 Prob:0.89963 Alpha:0.50073
[MOE_TRACE] Group:0 Prob:0.84131 Alpha:0.50052
[MOE_TRACE] Group:1 Prob:0.21560 Alpha:0.50196
[MOE_TRACE] Group:2 Prob:0.89963 Alpha:0.50073
[MOE_TRACE] Group:0 Prob:0.83651 Alpha:0.50052
[MOE_TRACE] Group:0 Prob:0.83651 Alpha:0.50052
[MOE_TRACE] Group:0 Prob:0.83651 Alpha:0.50052[MOE_TRACE] Group:1 Prob:0.23152 Alpha:0.50196

[MOE_TRACE] Group:1 Prob:0.23152 Alpha:0.50196
[MOE_TRACE] Group:2 Prob:0.90050 Alpha:0.50073
[MOE_TRACE] Group:1 Prob:0.23152 Alpha:0.50196
[MOE_TRACE] Group:2 Prob:0.90050 Alpha:0.50073
[MOE_TRACE] Group:2 Prob:0.90050 Alpha:0.50073
[MOE_TRACE] Group:0 Prob:0.83651 Alpha:0.50052
[MOE_TRACE] Group:1 Prob:0.23152 Alpha:0.50196
[MOE_TRACE] Group:2 Prob:0.90050 Alpha:0.50073
[MOE_TRACE] Group:0 Prob:0.83792 Alpha:0.50052
[MOE_TRACE] Group:0 Prob:0.83792 Alpha:0.50052[MOE_TRACE] Group:1 Prob:0.22157 Alpha:0.50196

[MOE_TRACE] Group:0 Prob:0.83792 Alpha:0.50052
[MOE_TRACE] Group:1 Prob:0.22157 Alpha:0.50196
[MOE_TRACE] Group:2 Prob:0.89716 Alpha:0.50073
[MOE_TRACE] Group:1 Prob:0.22157 Alpha:0.50196
[MOE_TRACE] Group:2 Prob:0.89716 Alpha:0.50073
[MOE_TRACE] Group:2 Prob:0.89716 Alpha:0.50073
[MOE_TRACE] Group:0 Prob:0.83792 Alpha:0.50052
[MOE_TRACE] Group:1 Prob:0.22157 Alpha:0.50196
[MOE_TRACE] Group:2 Prob:0.89716 Alpha:0.50073
[MOE_TRACE] Group:0 Prob:0.83986 Alpha:0.50052
[MOE_TRACE] Group:0 Prob:0.83986 Alpha:0.50052
[MOE_TRACE] Group:0 Prob:0.83986 Alpha:0.50052
[MOE_TRACE] Group:1 Prob:0.21965 Alpha:0.50196
[MOE_TRACE] Group:1 Prob:0.21965 Alpha:0.50196
[MOE_TRACE] Group:1 Prob:0.21965 Alpha:0.50196
[MOE_TRACE] Group:2 Prob:0.90007 Alpha:0.50073
[MOE_TRACE] Group:2 Prob:0.90007 Alpha:0.50073
[MOE_TRACE] Group:2 Prob:0.90007 Alpha:0.50073
[MOE_TRACE] Group:0 Prob:0.83986 Alpha:0.50052
[MOE_TRACE] Group:1 Prob:0.21965 Alpha:0.50196
[MOE_TRACE] Group:2 Prob:0.90007 Alpha:0.50073
[MOE_TRACE] Group:0 Prob:0.84110 Alpha:0.50052[MOE_TRACE] Group:0 Prob:0.84110 Alpha:0.50052

[MOE_TRACE] Group:0 Prob:0.84110 Alpha:0.50052
[MOE_TRACE] Group:1 Prob:0.22392 Alpha:0.50196
[MOE_TRACE] Group:1 Prob:0.22392 Alpha:0.50196
[MOE_TRACE] Group:1 Prob:0.22392 Alpha:0.50196
[MOE_TRACE] Group:2 Prob:0.90091 Alpha:0.50073
[MOE_TRACE] Group:2 Prob:0.90091 Alpha:0.50073
[MOE_TRACE] Group:2 Prob:0.90091 Alpha:0.50073
[MOE_TRACE] Group:0 Prob:0.84110 Alpha:0.50052
[MOE_TRACE] Group:1 Prob:0.22392 Alpha:0.50196
[MOE_TRACE] Group:2 Prob:0.90091 Alpha:0.50073
[MOE_TRACE] Group:0 Prob:0.83962 Alpha:0.50052
[MOE_TRACE] Group:0 Prob:0.83962 Alpha:0.50052
[MOE_TRACE] Group:1 Prob:0.21745 Alpha:0.50196
[MOE_TRACE] Group:0 Prob:0.83962 Alpha:0.50052
[MOE_TRACE] Group:1 Prob:0.21745 Alpha:0.50196
[MOE_TRACE] Group:2 Prob:0.89929 Alpha:0.50073
[MOE_TRACE] Group:1 Prob:0.21745 Alpha:0.50196
[MOE_TRACE] Group:2 Prob:0.89929 Alpha:0.50073
[MOE_TRACE] Group:2 Prob:0.89929 Alpha:0.50073
[MOE_TRACE] Group:0 Prob:0.83962 Alpha:0.50052
[MOE_TRACE] Group:1 Prob:0.21745 Alpha:0.50196
[MOE_TRACE] Group:2 Prob:0.89929 Alpha:0.50073
[MOE_TRACE] Group:0 Prob:0.83673 Alpha:0.50052
[MOE_TRACE] Group:0 Prob:0.83673 Alpha:0.50052[MOE_TRACE] Group:0 Prob:0.83673 Alpha:0.50052

[MOE_TRACE] Group:1 Prob:0.22604 Alpha:0.50196
[MOE_TRACE] Group:1 Prob:0.22604 Alpha:0.50196
[MOE_TRACE] Group:1 Prob:0.22604 Alpha:0.50196
[MOE_TRACE] Group:2 Prob:0.90152 Alpha:0.50073
[MOE_TRACE] Group:2 Prob:0.90152 Alpha:0.50073
[MOE_TRACE] Group:2 Prob:0.90152 Alpha:0.50073
[MOE_TRACE] Group:0 Prob:0.83673 Alpha:0.50052
[MOE_TRACE] Group:1 Prob:0.22604 Alpha:0.50196
[MOE_TRACE] Group:2 Prob:0.90152 Alpha:0.50073
[MOE_TRACE] Group:0 Prob:0.83444 Alpha:0.50052[MOE_TRACE] Group:0 Prob:0.83444 Alpha:0.50052[MOE_TRACE] Group:0 Prob:0.83444 Alpha:0.50052


[MOE_TRACE] Group:1 Prob:0.20853 Alpha:0.50196[MOE_TRACE] Group:1 Prob:0.20853 Alpha:0.50196

[MOE_TRACE] Group:1 Prob:0.20853 Alpha:0.50196
[MOE_TRACE] Group:2 Prob:0.89980 Alpha:0.50073
[MOE_TRACE] Group:2 Prob:0.89980 Alpha:0.50073[MOE_TRACE] Group:2 Prob:0.89980 Alpha:0.50073

[MOE_TRACE] Group:0 Prob:0.83444 Alpha:0.50052
[MOE_TRACE] Group:1 Prob:0.20853 Alpha:0.50196
[MOE_TRACE] Group:2 Prob:0.89980 Alpha:0.50073
[MOE_TRACE] Group:0 Prob:0.84087 Alpha:0.50052
[MOE_TRACE] Group:0 Prob:0.84087 Alpha:0.50052
[MOE_TRACE] Group:0 Prob:0.84087 Alpha:0.50052
[MOE_TRACE] Group:1 Prob:0.22922 Alpha:0.50196
[MOE_TRACE] Group:1 Prob:0.22922 Alpha:0.50196
[MOE_TRACE] Group:2 Prob:0.89917 Alpha:0.50073
[MOE_TRACE] Group:1 Prob:0.22922 Alpha:0.50196
[MOE_TRACE] Group:2 Prob:0.89917 Alpha:0.50073
[MOE_TRACE] Group:2 Prob:0.89917 Alpha:0.50073
[MOE_TRACE] Group:0 Prob:0.84087 Alpha:0.50052
[MOE_TRACE] Group:1 Prob:0.22922 Alpha:0.50196
[MOE_TRACE] Group:2 Prob:0.89917 Alpha:0.50073
[MOE_TRACE] Group:0 Prob:0.84197 Alpha:0.50052[MOE_TRACE] Group:0 Prob:0.84197 Alpha:0.50052

[MOE_TRACE] Group:0 Prob:0.84197 Alpha:0.50052
[MOE_TRACE] Group:1 Prob:0.21994 Alpha:0.50196
[MOE_TRACE] Group:1 Prob:0.21994 Alpha:0.50196
[MOE_TRACE] Group:2 Prob:0.89894 Alpha:0.50073[MOE_TRACE] Group:1 Prob:0.21994 Alpha:0.50196

[MOE_TRACE] Group:2 Prob:0.89894 Alpha:0.50073[MOE_TRACE] Group:2 Prob:0.89894 Alpha:0.50073

[MOE_TRACE] Group:0 Prob:0.84197 Alpha:0.50052
[MOE_TRACE] Group:1 Prob:0.21994 Alpha:0.50196
[MOE_TRACE] Group:2 Prob:0.89894 Alpha:0.50073
[MOE_TRACE] Group:0 Prob:0.84245 Alpha:0.50052
[MOE_TRACE] Group:0 Prob:0.84245 Alpha:0.50052
[MOE_TRACE] Group:0 Prob:0.84245 Alpha:0.50052
[MOE_TRACE] Group:1 Prob:0.22217 Alpha:0.50196
[MOE_TRACE] Group:1 Prob:0.22217 Alpha:0.50196[MOE_TRACE] Group:1 Prob:0.22217 Alpha:0.50196

[MOE_TRACE] Group:2 Prob:0.90151 Alpha:0.50073
[MOE_TRACE] Group:2 Prob:0.90151 Alpha:0.50073
[MOE_TRACE] Group:2 Prob:0.90151 Alpha:0.50073
[MOE_TRACE] Group:0 Prob:0.84245 Alpha:0.50052
[MOE_TRACE] Group:1 Prob:0.22217 Alpha:0.50196
[MOE_TRACE] Group:2 Prob:0.90151 Alpha:0.50073
[MOE_TRACE] Group:0 Prob:0.83653 Alpha:0.50052
[MOE_TRACE] Group:0 Prob:0.83653 Alpha:0.50052[MOE_TRACE] Group:1 Prob:0.22300 Alpha:0.50196

[MOE_TRACE] Group:0 Prob:0.83653 Alpha:0.50052
[MOE_TRACE] Group:2 Prob:0.89797 Alpha:0.50073
[MOE_TRACE] Group:1 Prob:0.22300 Alpha:0.50196
[MOE_TRACE] Group:1 Prob:0.22300 Alpha:0.50196
[MOE_TRACE] Group:2 Prob:0.89797 Alpha:0.50073
[MOE_TRACE] Group:2 Prob:0.89797 Alpha:0.50073
[MOE_TRACE] Group:0 Prob:0.83653 Alpha:0.50052
[MOE_TRACE] Group:1 Prob:0.22300 Alpha:0.50196
[MOE_TRACE] Group:2 Prob:0.89797 Alpha:0.50073
[MOE_TRACE] Group:0 Prob:0.84179 Alpha:0.50052[MOE_TRACE] Group:0 Prob:0.84179 Alpha:0.50052[MOE_TRACE] Group:0 Prob:0.84179 Alpha:0.50052


[MOE_TRACE] Group:1 Prob:0.23519 Alpha:0.50196[MOE_TRACE] Group:1 Prob:0.23519 Alpha:0.50196[MOE_TRACE] Group:1 Prob:0.23519 Alpha:0.50196


[MOE_TRACE] Group:2 Prob:0.89695 Alpha:0.50073[MOE_TRACE] Group:2 Prob:0.89695 Alpha:0.50073

[MOE_TRACE] Group:2 Prob:0.89695 Alpha:0.50073
[MOE_TRACE] Group:0 Prob:0.84179 Alpha:0.50052
[MOE_TRACE] Group:1 Prob:0.23519 Alpha:0.50196
[MOE_TRACE] Group:2 Prob:0.89695 Alpha:0.50073
[MOE_TRACE] Group:0 Prob:0.84302 Alpha:0.50052
[MOE_TRACE] Group:0 Prob:0.84302 Alpha:0.50052[MOE_TRACE] Group:1 Prob:0.22238 Alpha:0.50196

[MOE_TRACE] Group:0 Prob:0.84302 Alpha:0.50052
[MOE_TRACE] Group:2 Prob:0.89715 Alpha:0.50073
[MOE_TRACE] Group:1 Prob:0.22238 Alpha:0.50196
[MOE_TRACE] Group:1 Prob:0.22238 Alpha:0.50196
[MOE_TRACE] Group:2 Prob:0.89715 Alpha:0.50073
[MOE_TRACE] Group:2 Prob:0.89715 Alpha:0.50073
[MOE_TRACE] Group:0 Prob:0.84302 Alpha:0.50052
[MOE_TRACE] Group:1 Prob:0.22238 Alpha:0.50196
[MOE_TRACE] Group:2 Prob:0.89715 Alpha:0.50073
[MOE_TRACE] Group:0 Prob:0.84105 Alpha:0.50052
[MOE_TRACE] Group:0 Prob:0.84105 Alpha:0.50052[MOE_TRACE] Group:0 Prob:0.84105 Alpha:0.50052

[MOE_TRACE] Group:1 Prob:0.21653 Alpha:0.50196
[MOE_TRACE] Group:1 Prob:0.21653 Alpha:0.50196[MOE_TRACE] Group:1 Prob:0.21653 Alpha:0.50196

[MOE_TRACE] Group:2 Prob:0.90122 Alpha:0.50073
[MOE_TRACE] Group:2 Prob:0.90122 Alpha:0.50073
[MOE_TRACE] Group:2 Prob:0.90122 Alpha:0.50073
[MOE_TRACE] Group:0 Prob:0.84105 Alpha:0.50052
[MOE_TRACE] Group:1 Prob:0.21653 Alpha:0.50196
[MOE_TRACE] Group:2 Prob:0.90122 Alpha:0.50073
[MOE_TRACE] Group:0 Prob:0.84243 Alpha:0.50052
[MOE_TRACE] Group:0 Prob:0.84243 Alpha:0.50052
[MOE_TRACE] Group:0 Prob:0.84243 Alpha:0.50052
[MOE_TRACE] Group:1 Prob:0.21953 Alpha:0.50196[MOE_TRACE] Group:1 Prob:0.21953 Alpha:0.50196
[MOE_TRACE] Group:1 Prob:0.21953 Alpha:0.50196

[MOE_TRACE] Group:2 Prob:0.89775 Alpha:0.50073
[MOE_TRACE] Group:2 Prob:0.89775 Alpha:0.50073
[MOE_TRACE] Group:2 Prob:0.89775 Alpha:0.50073
[MOE_TRACE] Group:0 Prob:0.84243 Alpha:0.50052
[MOE_TRACE] Group:1 Prob:0.21953 Alpha:0.50196
[MOE_TRACE] Group:2 Prob:0.89775 Alpha:0.50073
[MOE_TRACE] Group:0 Prob:0.83486 Alpha:0.50052
[MOE_TRACE] Group:0 Prob:0.83486 Alpha:0.50052
[MOE_TRACE] Group:1 Prob:0.20981 Alpha:0.50196
[MOE_TRACE] Group:1 Prob:0.20981 Alpha:0.50196
[MOE_TRACE] Group:0 Prob:0.83486 Alpha:0.50052
[MOE_TRACE] Group:2 Prob:0.89711 Alpha:0.50073
[MOE_TRACE] Group:2 Prob:0.89711 Alpha:0.50073
[MOE_TRACE] Group:1 Prob:0.20981 Alpha:0.50196
[MOE_TRACE] Group:2 Prob:0.89711 Alpha:0.50073
[MOE_TRACE] Group:0 Prob:0.83486 Alpha:0.50052
[MOE_TRACE] Group:1 Prob:0.20981 Alpha:0.50196
[MOE_TRACE] Group:2 Prob:0.89711 Alpha:0.50073
[MOE_TRACE] Group:0 Prob:0.84031 Alpha:0.50052[MOE_TRACE] Group:0 Prob:0.84031 Alpha:0.50052[MOE_TRACE] Group:0 Prob:0.84031 Alpha:0.50052


[MOE_TRACE] Group:1 Prob:0.23318 Alpha:0.50196
[MOE_TRACE] Group:1 Prob:0.23318 Alpha:0.50196
[MOE_TRACE] Group:1 Prob:0.23318 Alpha:0.50196
[MOE_TRACE] Group:2 Prob:0.90062 Alpha:0.50073
[MOE_TRACE] Group:2 Prob:0.90062 Alpha:0.50073
[MOE_TRACE] Group:2 Prob:0.90062 Alpha:0.50073
[MOE_TRACE] Group:0 Prob:0.84031 Alpha:0.50052
[MOE_TRACE] Group:1 Prob:0.23318 Alpha:0.50196
[MOE_TRACE] Group:2 Prob:0.90062 Alpha:0.50073
[MOE_TRACE] Group:0 Prob:0.83925 Alpha:0.50052
[MOE_TRACE] Group:0 Prob:0.83925 Alpha:0.50052
[MOE_TRACE] Group:1 Prob:0.22525 Alpha:0.50196
[MOE_TRACE] Group:1 Prob:0.22525 Alpha:0.50196
[MOE_TRACE] Group:0 Prob:0.83925 Alpha:0.50052
[MOE_TRACE] Group:2 Prob:0.90185 Alpha:0.50073
[MOE_TRACE] Group:2 Prob:0.90185 Alpha:0.50073
[MOE_TRACE] Group:1 Prob:0.22525 Alpha:0.50196
[MOE_TRACE] Group:2 Prob:0.90185 Alpha:0.50073
[MOE_TRACE] Group:0 Prob:0.83925 Alpha:0.50052
[MOE_TRACE] Group:1 Prob:0.22525 Alpha:0.50196
[MOE_TRACE] Group:2 Prob:0.90185 Alpha:0.50073
[MOE_TRACE] Group:0 Prob:0.84123 Alpha:0.50052
[MOE_TRACE] Group:1 Prob:0.22416 Alpha:0.50196
[MOE_TRACE] Group:0 Prob:0.84123 Alpha:0.50052
[MOE_TRACE] Group:1 Prob:0.22416 Alpha:0.50196
[MOE_TRACE] Group:0 Prob:0.84123 Alpha:0.50052
[MOE_TRACE] Group:1 Prob:0.22416 Alpha:0.50196
[MOE_TRACE] Group:0 Prob:0.84123 Alpha:0.50052
[MOE_TRACE] Group:1 Prob:0.22416 Alpha:0.50196
[MOE_TRACE] Group:2 Prob:0.89746 Alpha:0.50073
[MOE_TRACE] Group:0 Prob:0.84284 Alpha:0.50052
[MOE_TRACE] Group:1 Prob:0.22987 Alpha:0.50196
[MOE_TRACE] Group:0 Prob:0.84284 Alpha:0.50052
[MOE_TRACE] Group:0 Prob:0.84284 Alpha:0.50052[MOE_TRACE] Group:1 Prob:0.22987 Alpha:0.50196

[MOE_TRACE] Group:2 Prob:0.89889 Alpha:0.50073[MOE_TRACE] Group:1 Prob:0.22987 Alpha:0.50196

[MOE_TRACE] Group:2 Prob:0.89889 Alpha:0.50073
[MOE_TRACE] Group:2 Prob:0.89889 Alpha:0.50073
[MOE_TRACE] Group:0 Prob:0.84284 Alpha:0.50052
[MOE_TRACE] Group:1 Prob:0.22987 Alpha:0.50196
[MOE_TRACE] Group:2 Prob:0.89889 Alpha:0.50073
[MOE_TRACE] Group:0 Prob:0.84236 Alpha:0.50052[MOE_TRACE] Group:0 Prob:0.84236 Alpha:0.50052[MOE_TRACE] Group:0 Prob:0.84236 Alpha:0.50052


[MOE_TRACE] Group:1 Prob:0.20924 Alpha:0.50196
[MOE_TRACE] Group:1 Prob:0.20924 Alpha:0.50196[MOE_TRACE] Group:1 Prob:0.20924 Alpha:0.50196

[MOE_TRACE] Group:2 Prob:0.90139 Alpha:0.50073
[MOE_TRACE] Group:2 Prob:0.90139 Alpha:0.50073
[MOE_TRACE] Group:2 Prob:0.90139 Alpha:0.50073
[MOE_TRACE] Group:0 Prob:0.84236 Alpha:0.50052
[MOE_TRACE] Group:1 Prob:0.20924 Alpha:0.50196
[MOE_TRACE] Group:2 Prob:0.90139 Alpha:0.50073
[MOE_TRACE] Group:0 Prob:0.84000 Alpha:0.50052[MOE_TRACE] Group:0 Prob:0.84000 Alpha:0.50052[MOE_TRACE] Group:0 Prob:0.84000 Alpha:0.50052


[MOE_TRACE] Group:1 Prob:0.23752 Alpha:0.50196
[MOE_TRACE] Group:1 Prob:0.23752 Alpha:0.50196
[MOE_TRACE] Group:1 Prob:0.23752 Alpha:0.50196
[MOE_TRACE] Group:2 Prob:0.89879 Alpha:0.50073
[MOE_TRACE] Group:2 Prob:0.89879 Alpha:0.50073
[MOE_TRACE] Group:2 Prob:0.89879 Alpha:0.50073
[MOE_TRACE] Group:0 Prob:0.84000 Alpha:0.50052
[MOE_TRACE] Group:1 Prob:0.23752 Alpha:0.50196
[MOE_TRACE] Group:2 Prob:0.89879 Alpha:0.50073
[MOE_TRACE] Group:0 Prob:0.83874 Alpha:0.50052
[MOE_TRACE] Group:1 Prob:0.23329 Alpha:0.50196
[MOE_TRACE] Group:0 Prob:0.83874 Alpha:0.50052[MOE_TRACE] Group:0 Prob:0.83874 Alpha:0.50052

[MOE_TRACE] Group:2 Prob:0.90020 Alpha:0.50073
[MOE_TRACE] Group:1 Prob:0.23329 Alpha:0.50196
[MOE_TRACE] Group:1 Prob:0.23329 Alpha:0.50196
[MOE_TRACE] Group:2 Prob:0.90020 Alpha:0.50073
[MOE_TRACE] Group:2 Prob:0.90020 Alpha:0.50073
[MOE_TRACE] Group:0 Prob:0.83874 Alpha:0.50052
[MOE_TRACE] Group:1 Prob:0.23329 Alpha:0.50196
[MOE_TRACE] Group:2 Prob:0.90020 Alpha:0.50073
[MOE_TRACE] Group:0 Prob:0.84366 Alpha:0.50052[MOE_TRACE] Group:0 Prob:0.84366 Alpha:0.50052[MOE_TRACE] Group:0 Prob:0.84366 Alpha:0.50052


[MOE_TRACE] Group:1 Prob:0.22552 Alpha:0.50196
[MOE_TRACE] Group:1 Prob:0.22552 Alpha:0.50196[MOE_TRACE] Group:1 Prob:0.22552 Alpha:0.50196

[MOE_TRACE] Group:2 Prob:0.89891 Alpha:0.50073
[MOE_TRACE] Group:2 Prob:0.89891 Alpha:0.50073
[MOE_TRACE] Group:2 Prob:0.89891 Alpha:0.50073
[MOE_TRACE] Group:0 Prob:0.84366 Alpha:0.50052
[MOE_TRACE] Group:1 Prob:0.22552 Alpha:0.50196
[MOE_TRACE] Group:2 Prob:0.89891 Alpha:0.50073
[MOE_TRACE] Group:0 Prob:0.83661 Alpha:0.50052[MOE_TRACE] Group:0 Prob:0.83661 Alpha:0.50052

[MOE_TRACE] Group:0 Prob:0.83661 Alpha:0.50052
[MOE_TRACE] Group:1 Prob:0.21045 Alpha:0.50196
[MOE_TRACE] Group:1 Prob:0.21045 Alpha:0.50196
[MOE_TRACE] Group:1 Prob:0.21045 Alpha:0.50196
[MOE_TRACE] Group:2 Prob:0.89904 Alpha:0.50073
[MOE_TRACE] Group:2 Prob:0.89904 Alpha:0.50073
[MOE_TRACE] Group:2 Prob:0.89904 Alpha:0.50073
[MOE_TRACE] Group:0 Prob:0.83661 Alpha:0.50052
[MOE_TRACE] Group:1 Prob:0.21045 Alpha:0.50196
[MOE_TRACE] Group:2 Prob:0.89904 Alpha:0.50073
[MOE_TRACE] Group:0 Prob:0.84379 Alpha:0.50052
[MOE_TRACE] Group:0 Prob:0.84379 Alpha:0.50052[MOE_TRACE] Group:0 Prob:0.84379 Alpha:0.50052

[MOE_TRACE] Group:1 Prob:0.21836 Alpha:0.50196
[MOE_TRACE] Group:1 Prob:0.21836 Alpha:0.50196
[MOE_TRACE] Group:1 Prob:0.21836 Alpha:0.50196
[MOE_TRACE] Group:2 Prob:0.89841 Alpha:0.50073
[MOE_TRACE] Group:2 Prob:0.89841 Alpha:0.50073
[MOE_TRACE] Group:2 Prob:0.89841 Alpha:0.50073
[MOE_TRACE] Group:0 Prob:0.84379 Alpha:0.50052
[MOE_TRACE] Group:1 Prob:0.21836 Alpha:0.50196
[MOE_TRACE] Group:2 Prob:0.89841 Alpha:0.50073
[MOE_TRACE] Group:0 Prob:0.83851 Alpha:0.50052
[MOE_TRACE] Group:0 Prob:0.83851 Alpha:0.50052
[MOE_TRACE] Group:0 Prob:0.83851 Alpha:0.50052
[MOE_TRACE] Group:1 Prob:0.21944 Alpha:0.50196
[MOE_TRACE] Group:1 Prob:0.21944 Alpha:0.50196
[MOE_TRACE] Group:2 Prob:0.89969 Alpha:0.50073
[MOE_TRACE] Group:2 Prob:0.89969 Alpha:0.50073[MOE_TRACE] Group:1 Prob:0.21944 Alpha:0.50196

[MOE_TRACE] Group:2 Prob:0.89969 Alpha:0.50073
[MOE_TRACE] Group:0 Prob:0.83851 Alpha:0.50052
[MOE_TRACE] Group:1 Prob:0.21944 Alpha:0.50196
[MOE_TRACE] Group:2 Prob:0.89969 Alpha:0.50073
[MOE_TRACE] Group:0 Prob:0.83968 Alpha:0.50052
[MOE_TRACE] Group:0 Prob:0.83968 Alpha:0.50052
[MOE_TRACE] Group:1 Prob:0.22923 Alpha:0.50196[MOE_TRACE] Group:0 Prob:0.83968 Alpha:0.50052

[MOE_TRACE] Group:1 Prob:0.22923 Alpha:0.50196
[MOE_TRACE] Group:1 Prob:0.22923 Alpha:0.50196
[MOE_TRACE] Group:2 Prob:0.90059 Alpha:0.50073
[MOE_TRACE] Group:2 Prob:0.90059 Alpha:0.50073
[MOE_TRACE] Group:2 Prob:0.90059 Alpha:0.50073
[MOE_TRACE] Group:0 Prob:0.83968 Alpha:0.50052
[MOE_TRACE] Group:1 Prob:0.22923 Alpha:0.50196
[MOE_TRACE] Group:2 Prob:0.90059 Alpha:0.50073
[MOE_TRACE] Group:0 Prob:0.84238 Alpha:0.50052[MOE_TRACE] Group:0 Prob:0.84238 Alpha:0.50052

[MOE_TRACE] Group:0 Prob:0.84238 Alpha:0.50052
[MOE_TRACE] Group:1 Prob:0.22565 Alpha:0.50197
[MOE_TRACE] Group:1 Prob:0.22565 Alpha:0.50197
[MOE_TRACE] Group:1 Prob:0.22565 Alpha:0.50197
[MOE_TRACE] Group:2 Prob:0.89995 Alpha:0.50073
[MOE_TRACE] Group:2 Prob:0.89995 Alpha:0.50073
[MOE_TRACE] Group:2 Prob:0.89995 Alpha:0.50073
[MOE_TRACE] Group:0 Prob:0.84238 Alpha:0.50052
[MOE_TRACE] Group:1 Prob:0.22565 Alpha:0.50197
[MOE_TRACE] Group:2 Prob:0.89995 Alpha:0.50073
[MOE_TRACE] Group:0 Prob:0.83655 Alpha:0.50052[MOE_TRACE] Group:0 Prob:0.83655 Alpha:0.50052
[MOE_TRACE] Group:0 Prob:0.83655 Alpha:0.50052

[MOE_TRACE] Group:1 Prob:0.21273 Alpha:0.50197[MOE_TRACE] Group:1 Prob:0.21273 Alpha:0.50197[MOE_TRACE] Group:1 Prob:0.21273 Alpha:0.50197


[MOE_TRACE] Group:2 Prob:0.90034 Alpha:0.50073
[MOE_TRACE] Group:2 Prob:0.90034 Alpha:0.50073[MOE_TRACE] Group:2 Prob:0.90034 Alpha:0.50073

[MOE_TRACE] Group:0 Prob:0.83655 Alpha:0.50052
[MOE_TRACE] Group:1 Prob:0.21273 Alpha:0.50197
[MOE_TRACE] Group:2 Prob:0.90034 Alpha:0.50073
[MOE_TRACE] Group:0 Prob:0.84151 Alpha:0.50052[MOE_TRACE] Group:0 Prob:0.84151 Alpha:0.50052[MOE_TRACE] Group:0 Prob:0.84151 Alpha:0.50052


[MOE_TRACE] Group:1 Prob:0.22215 Alpha:0.50197[MOE_TRACE] Group:1 Prob:0.22215 Alpha:0.50197
[MOE_TRACE] Group:1 Prob:0.22215 Alpha:0.50197

[MOE_TRACE] Group:2 Prob:0.89644 Alpha:0.50073[MOE_TRACE] Group:2 Prob:0.89644 Alpha:0.50073[MOE_TRACE] Group:2 Prob:0.89644 Alpha:0.50073


[MOE_TRACE] Group:0 Prob:0.84151 Alpha:0.50052
[MOE_TRACE] Group:1 Prob:0.22215 Alpha:0.50197
[MOE_TRACE] Group:2 Prob:0.89644 Alpha:0.50073
[MOE_TRACE] Group:0 Prob:0.83724 Alpha:0.50052
[MOE_TRACE] Group:0 Prob:0.83724 Alpha:0.50052
[MOE_TRACE] Group:0 Prob:0.83724 Alpha:0.50052
[MOE_TRACE] Group:1 Prob:0.22879 Alpha:0.50197
[MOE_TRACE] Group:1 Prob:0.22879 Alpha:0.50197
[MOE_TRACE] Group:1 Prob:0.22879 Alpha:0.50197
[MOE_TRACE] Group:2 Prob:0.89932 Alpha:0.50073
[MOE_TRACE] Group:2 Prob:0.89932 Alpha:0.50073
[MOE_TRACE] Group:2 Prob:0.89932 Alpha:0.50073
[MOE_TRACE] Group:0 Prob:0.83724 Alpha:0.50052
[MOE_TRACE] Group:1 Prob:0.22879 Alpha:0.50197
[MOE_TRACE] Group:2 Prob:0.89932 Alpha:0.50073
[MOE_TRACE] Group:0 Prob:0.83503 Alpha:0.50052
[MOE_TRACE] Group:0 Prob:0.83503 Alpha:0.50052
[MOE_TRACE] Group:0 Prob:0.83503 Alpha:0.50052
[MOE_TRACE] Group:1 Prob:0.21534 Alpha:0.50197[MOE_TRACE] Group:1 Prob:0.21534 Alpha:0.50197
[MOE_TRACE] Group:1 Prob:0.21534 Alpha:0.50197

[MOE_TRACE] Group:2 Prob:0.89881 Alpha:0.50073
[MOE_TRACE] Group:2 Prob:0.89881 Alpha:0.50073
[MOE_TRACE] Group:2 Prob:0.89881 Alpha:0.50073
[MOE_TRACE] Group:0 Prob:0.83503 Alpha:0.50052
[MOE_TRACE] Group:1 Prob:0.21534 Alpha:0.50197
[MOE_TRACE] Group:2 Prob:0.89881 Alpha:0.50073
[MOE_TRACE] Group:0 Prob:0.84478 Alpha:0.50052
[MOE_TRACE] Group:1 Prob:0.21954 Alpha:0.50197
[MOE_TRACE] Group:0 Prob:0.84478 Alpha:0.50052[MOE_TRACE] Group:0 Prob:0.84478 Alpha:0.50052

[MOE_TRACE] Group:2 Prob:0.90056 Alpha:0.50073
[MOE_TRACE] Group:1 Prob:0.21954 Alpha:0.50197
[MOE_TRACE] Group:1 Prob:0.21954 Alpha:0.50197
[MOE_TRACE] Group:2 Prob:0.90056 Alpha:0.50073
[MOE_TRACE] Group:2 Prob:0.90056 Alpha:0.50073
[MOE_TRACE] Group:0 Prob:0.84478 Alpha:0.50052
[MOE_TRACE] Group:1 Prob:0.21954 Alpha:0.50197
[MOE_TRACE] Group:2 Prob:0.90056 Alpha:0.50073
[MOE_TRACE] Group:0 Prob:0.84242 Alpha:0.50052[MOE_TRACE] Group:0 Prob:0.84242 Alpha:0.50052

[MOE_TRACE] Group:1 Prob:0.20866 Alpha:0.50197[MOE_TRACE] Group:1 Prob:0.20866 Alpha:0.50197

[MOE_TRACE] Group:0 Prob:0.84242 Alpha:0.50052
[MOE_TRACE] Group:2 Prob:0.89805 Alpha:0.50073
[MOE_TRACE] Group:2 Prob:0.89805 Alpha:0.50073
[MOE_TRACE] Group:1 Prob:0.20866 Alpha:0.50197
[MOE_TRACE] Group:2 Prob:0.89805 Alpha:0.50073
[MOE_TRACE] Group:0 Prob:0.84242 Alpha:0.50052
[MOE_TRACE] Group:1 Prob:0.20866 Alpha:0.50197
[MOE_TRACE] Group:2 Prob:0.89805 Alpha:0.50073
[MOE_TRACE] Group:0 Prob:0.83706 Alpha:0.50052[MOE_TRACE] Group:0 Prob:0.83706 Alpha:0.50052

[MOE_TRACE] Group:0 Prob:0.83706 Alpha:0.50052
[MOE_TRACE] Group:1 Prob:0.20956 Alpha:0.50197
[MOE_TRACE] Group:1 Prob:0.20956 Alpha:0.50197
[MOE_TRACE] Group:1 Prob:0.20956 Alpha:0.50197[MOE_TRACE] Group:2 Prob:0.90246 Alpha:0.50073

[MOE_TRACE] Group:2 Prob:0.90246 Alpha:0.50073
[MOE_TRACE] Group:2 Prob:0.90246 Alpha:0.50073
[MOE_TRACE] Group:0 Prob:0.83706 Alpha:0.50052
[MOE_TRACE] Group:1 Prob:0.20956 Alpha:0.50197
[MOE_TRACE] Group:2 Prob:0.90246 Alpha:0.50073
	iters: 100, epoch: 10 | loss: 0.4670039
	speed: 6.4413s/iter; left time: 302.7413s
[MOE_TRACE] Group:0 Prob:0.83987 Alpha:0.50052
[MOE_TRACE] Group:0 Prob:0.83987 Alpha:0.50052
[MOE_TRACE] Group:0 Prob:0.83987 Alpha:0.50052
[MOE_TRACE] Group:1 Prob:0.22207 Alpha:0.50197
[MOE_TRACE] Group:1 Prob:0.22207 Alpha:0.50197
[MOE_TRACE] Group:1 Prob:0.22207 Alpha:0.50197
[MOE_TRACE] Group:2 Prob:0.89755 Alpha:0.50073
[MOE_TRACE] Group:2 Prob:0.89755 Alpha:0.50073
[MOE_TRACE] Group:2 Prob:0.89755 Alpha:0.50073
[MOE_TRACE] Group:0 Prob:0.83987 Alpha:0.50052
[MOE_TRACE] Group:1 Prob:0.22207 Alpha:0.50197
[MOE_TRACE] Group:2 Prob:0.89755 Alpha:0.50073
[MOE_TRACE] Group:0 Prob:0.84042 Alpha:0.50052
[MOE_TRACE] Group:0 Prob:0.84042 Alpha:0.50052[MOE_TRACE] Group:0 Prob:0.84042 Alpha:0.50052

[MOE_TRACE] Group:1 Prob:0.22301 Alpha:0.50197
[MOE_TRACE] Group:1 Prob:0.22301 Alpha:0.50197
[MOE_TRACE] Group:1 Prob:0.22301 Alpha:0.50197
[MOE_TRACE] Group:2 Prob:0.89809 Alpha:0.50073
[MOE_TRACE] Group:2 Prob:0.89809 Alpha:0.50073
[MOE_TRACE] Group:2 Prob:0.89809 Alpha:0.50073
[MOE_TRACE] Group:0 Prob:0.84042 Alpha:0.50052
[MOE_TRACE] Group:1 Prob:0.22301 Alpha:0.50197
[MOE_TRACE] Group:2 Prob:0.89809 Alpha:0.50073
[MOE_TRACE] Group:0 Prob:0.84058 Alpha:0.50052[MOE_TRACE] Group:0 Prob:0.84058 Alpha:0.50052

[MOE_TRACE] Group:1 Prob:0.21007 Alpha:0.50197
[MOE_TRACE] Group:0 Prob:0.84058 Alpha:0.50052
[MOE_TRACE] Group:1 Prob:0.21007 Alpha:0.50197
[MOE_TRACE] Group:2 Prob:0.90013 Alpha:0.50073
[MOE_TRACE] Group:1 Prob:0.21007 Alpha:0.50197
[MOE_TRACE] Group:2 Prob:0.90013 Alpha:0.50073
[MOE_TRACE] Group:2 Prob:0.90013 Alpha:0.50073
[MOE_TRACE] Group:0 Prob:0.84058 Alpha:0.50052
[MOE_TRACE] Group:1 Prob:0.21007 Alpha:0.50197
[MOE_TRACE] Group:2 Prob:0.90013 Alpha:0.50073
[MOE_TRACE] Group:0 Prob:0.83532 Alpha:0.50052[MOE_TRACE] Group:0 Prob:0.83532 Alpha:0.50052[MOE_TRACE] Group:0 Prob:0.83532 Alpha:0.50052


[MOE_TRACE] Group:1 Prob:0.22843 Alpha:0.50197
[MOE_TRACE] Group:1 Prob:0.22843 Alpha:0.50197
[MOE_TRACE] Group:1 Prob:0.22843 Alpha:0.50197
[MOE_TRACE] Group:2 Prob:0.89905 Alpha:0.50073
[MOE_TRACE] Group:2 Prob:0.89905 Alpha:0.50073
[MOE_TRACE] Group:2 Prob:0.89905 Alpha:0.50073
[MOE_TRACE] Group:0 Prob:0.83532 Alpha:0.50052
[MOE_TRACE] Group:1 Prob:0.22843 Alpha:0.50197
[MOE_TRACE] Group:2 Prob:0.89905 Alpha:0.50073
[MOE_TRACE] Group:0 Prob:0.83792 Alpha:0.50052
[MOE_TRACE] Group:1 Prob:0.23197 Alpha:0.50197
[MOE_TRACE] Group:0 Prob:0.83792 Alpha:0.50052
[MOE_TRACE] Group:0 Prob:0.83792 Alpha:0.50052
[MOE_TRACE] Group:1 Prob:0.23197 Alpha:0.50197[MOE_TRACE] Group:1 Prob:0.23197 Alpha:0.50197

[MOE_TRACE] Group:2 Prob:0.89766 Alpha:0.50073
[MOE_TRACE] Group:2 Prob:0.89766 Alpha:0.50073
[MOE_TRACE] Group:0 Prob:0.83792 Alpha:0.50052
[MOE_TRACE] Group:1 Prob:0.23197 Alpha:0.50197
[MOE_TRACE] Group:2 Prob:0.89766 Alpha:0.50073
[MOE_TRACE] Group:0 Prob:0.84004 Alpha:0.50052
[MOE_TRACE] Group:0 Prob:0.84004 Alpha:0.50052
[MOE_TRACE] Group:1 Prob:0.23175 Alpha:0.50197
[MOE_TRACE] Group:0 Prob:0.84004 Alpha:0.50052
[MOE_TRACE] Group:1 Prob:0.23175 Alpha:0.50197
[MOE_TRACE] Group:1 Prob:0.23175 Alpha:0.50197
[MOE_TRACE] Group:0 Prob:0.84004 Alpha:0.50052
[MOE_TRACE] Group:1 Prob:0.23175 Alpha:0.50197
[MOE_TRACE] Group:2 Prob:0.89917 Alpha:0.50073
[MOE_TRACE] Group:0 Prob:0.84128 Alpha:0.50052[MOE_TRACE] Group:0 Prob:0.84128 Alpha:0.50052[MOE_TRACE] Group:0 Prob:0.84128 Alpha:0.50052


[MOE_TRACE] Group:1 Prob:0.22078 Alpha:0.50197
[MOE_TRACE] Group:1 Prob:0.22078 Alpha:0.50197
[MOE_TRACE] Group:1 Prob:0.22078 Alpha:0.50197
[MOE_TRACE] Group:2 Prob:0.90169 Alpha:0.50073
[MOE_TRACE] Group:2 Prob:0.90169 Alpha:0.50073
[MOE_TRACE] Group:2 Prob:0.90169 Alpha:0.50073
[MOE_TRACE] Group:0 Prob:0.84128 Alpha:0.50052
[MOE_TRACE] Group:1 Prob:0.22078 Alpha:0.50197
[MOE_TRACE] Group:2 Prob:0.90169 Alpha:0.50073
[MOE_TRACE] Group:0 Prob:0.84320 Alpha:0.50052[MOE_TRACE] Group:0 Prob:0.84320 Alpha:0.50052

[MOE_TRACE] Group:1 Prob:0.23495 Alpha:0.50197[MOE_TRACE] Group:1 Prob:0.23495 Alpha:0.50197

[MOE_TRACE] Group:0 Prob:0.84320 Alpha:0.50052
[MOE_TRACE] Group:2 Prob:0.90176 Alpha:0.50073[MOE_TRACE] Group:2 Prob:0.90176 Alpha:0.50073

[MOE_TRACE] Group:1 Prob:0.23495 Alpha:0.50197
[MOE_TRACE] Group:2 Prob:0.90176 Alpha:0.50073
[MOE_TRACE] Group:0 Prob:0.84320 Alpha:0.50052
[MOE_TRACE] Group:1 Prob:0.23495 Alpha:0.50197
[MOE_TRACE] Group:2 Prob:0.90176 Alpha:0.50073
[MOE_TRACE] Group:0 Prob:0.83938 Alpha:0.50052
[MOE_TRACE] Group:0 Prob:0.83938 Alpha:0.50052[MOE_TRACE] Group:0 Prob:0.83938 Alpha:0.50052

[MOE_TRACE] Group:1 Prob:0.22053 Alpha:0.50197
[MOE_TRACE] Group:2 Prob:0.89791 Alpha:0.50073
[MOE_TRACE] Group:1 Prob:0.22053 Alpha:0.50197
[MOE_TRACE] Group:1 Prob:0.22053 Alpha:0.50197
[MOE_TRACE] Group:2 Prob:0.89791 Alpha:0.50073[MOE_TRACE] Group:2 Prob:0.89791 Alpha:0.50073

[MOE_TRACE] Group:0 Prob:0.83938 Alpha:0.50052
[MOE_TRACE] Group:1 Prob:0.22053 Alpha:0.50197
[MOE_TRACE] Group:2 Prob:0.89791 Alpha:0.50073
[MOE_TRACE] Group:0 Prob:0.83951 Alpha:0.50052[MOE_TRACE] Group:0 Prob:0.83951 Alpha:0.50052
[MOE_TRACE] Group:0 Prob:0.83951 Alpha:0.50052

[MOE_TRACE] Group:1 Prob:0.20563 Alpha:0.50197
[MOE_TRACE] Group:1 Prob:0.20563 Alpha:0.50197
[MOE_TRACE] Group:1 Prob:0.20563 Alpha:0.50197
[MOE_TRACE] Group:2 Prob:0.90000 Alpha:0.50073
[MOE_TRACE] Group:2 Prob:0.90000 Alpha:0.50073
[MOE_TRACE] Group:2 Prob:0.90000 Alpha:0.50073
[MOE_TRACE] Group:0 Prob:0.83951 Alpha:0.50052
[MOE_TRACE] Group:1 Prob:0.20563 Alpha:0.50197
[MOE_TRACE] Group:2 Prob:0.90000 Alpha:0.50073
[MOE_TRACE] Group:0 Prob:0.84328 Alpha:0.50052
[MOE_TRACE] Group:1 Prob:0.23271 Alpha:0.50197
[MOE_TRACE] Group:0 Prob:0.84328 Alpha:0.50052
[MOE_TRACE] Group:2 Prob:0.89816 Alpha:0.50073
[MOE_TRACE] Group:1 Prob:0.23271 Alpha:0.50197
[MOE_TRACE] Group:0 Prob:0.84328 Alpha:0.50052
[MOE_TRACE] Group:2 Prob:0.89816 Alpha:0.50073
[MOE_TRACE] Group:1 Prob:0.23271 Alpha:0.50197
[MOE_TRACE] Group:2 Prob:0.89655 Alpha:0.50073
[MOE_TRACE] Group:0 Prob:0.84328 Alpha:0.50052
[MOE_TRACE] Group:1 Prob:0.23271 Alpha:0.50197
[MOE_TRACE] Group:2 Prob:0.89655 Alpha:0.50073
[MOE_TRACE] Group:0 Prob:0.83823 Alpha:0.50052
[MOE_TRACE] Group:0 Prob:0.83823 Alpha:0.50052
[MOE_TRACE] Group:0 Prob:0.83823 Alpha:0.50052
[MOE_TRACE] Group:1 Prob:0.22809 Alpha:0.50197[MOE_TRACE] Group:1 Prob:0.22809 Alpha:0.50197

[MOE_TRACE] Group:1 Prob:0.22809 Alpha:0.50197
[MOE_TRACE] Group:2 Prob:0.89896 Alpha:0.50073
[MOE_TRACE] Group:2 Prob:0.89896 Alpha:0.50073
[MOE_TRACE] Group:2 Prob:0.89896 Alpha:0.50073
[MOE_TRACE] Group:0 Prob:0.83823 Alpha:0.50052
[MOE_TRACE] Group:1 Prob:0.22809 Alpha:0.50197
[MOE_TRACE] Group:2 Prob:0.89896 Alpha:0.50073
[MOE_TRACE] Group:0 Prob:0.83894 Alpha:0.50052
[MOE_TRACE] Group:0 Prob:0.83894 Alpha:0.50052
[MOE_TRACE] Group:0 Prob:0.83894 Alpha:0.50052
[MOE_TRACE] Group:1 Prob:0.22270 Alpha:0.50197
[MOE_TRACE] Group:1 Prob:0.22270 Alpha:0.50197
[MOE_TRACE] Group:1 Prob:0.22270 Alpha:0.50197
[MOE_TRACE] Group:2 Prob:0.90056 Alpha:0.50073
[MOE_TRACE] Group:2 Prob:0.90056 Alpha:0.50073
[MOE_TRACE] Group:2 Prob:0.90056 Alpha:0.50073
[MOE_TRACE] Group:0 Prob:0.83894 Alpha:0.50052
[MOE_TRACE] Group:1 Prob:0.22270 Alpha:0.50197
[MOE_TRACE] Group:2 Prob:0.90056 Alpha:0.50073
[MOE_TRACE] Group:0 Prob:0.84050 Alpha:0.50052[MOE_TRACE] Group:0 Prob:0.84050 Alpha:0.50052

[MOE_TRACE] Group:0 Prob:0.84050 Alpha:0.50052
[MOE_TRACE] Group:1 Prob:0.21622 Alpha:0.50197[MOE_TRACE] Group:1 Prob:0.21622 Alpha:0.50197

[MOE_TRACE] Group:1 Prob:0.21622 Alpha:0.50197
[MOE_TRACE] Group:2 Prob:0.90071 Alpha:0.50073
[MOE_TRACE] Group:2 Prob:0.90071 Alpha:0.50073
[MOE_TRACE] Group:2 Prob:0.90071 Alpha:0.50073
[MOE_TRACE] Group:0 Prob:0.84050 Alpha:0.50052
[MOE_TRACE] Group:1 Prob:0.21622 Alpha:0.50197
[MOE_TRACE] Group:2 Prob:0.90071 Alpha:0.50073
[MOE_TRACE] Group:0 Prob:0.84072 Alpha:0.50052[MOE_TRACE] Group:0 Prob:0.84072 Alpha:0.50052
[MOE_TRACE] Group:0 Prob:0.84072 Alpha:0.50052

[MOE_TRACE] Group:1 Prob:0.23110 Alpha:0.50197
[MOE_TRACE] Group:1 Prob:0.23110 Alpha:0.50197
[MOE_TRACE] Group:1 Prob:0.23110 Alpha:0.50197
[MOE_TRACE] Group:2 Prob:0.90066 Alpha:0.50073
[MOE_TRACE] Group:2 Prob:0.90066 Alpha:0.50073
[MOE_TRACE] Group:2 Prob:0.90066 Alpha:0.50073
[MOE_TRACE] Group:0 Prob:0.84072 Alpha:0.50052
[MOE_TRACE] Group:1 Prob:0.23110 Alpha:0.50197
[MOE_TRACE] Group:2 Prob:0.90066 Alpha:0.50073
[MOE_TRACE] Group:0 Prob:0.83920 Alpha:0.50052
[MOE_TRACE] Group:0 Prob:0.83920 Alpha:0.50052
[MOE_TRACE] Group:0 Prob:0.83920 Alpha:0.50052
[MOE_TRACE] Group:1 Prob:0.22044 Alpha:0.50197
[MOE_TRACE] Group:1 Prob:0.22044 Alpha:0.50197[MOE_TRACE] Group:1 Prob:0.22044 Alpha:0.50197

[MOE_TRACE] Group:2 Prob:0.89792 Alpha:0.50073
[MOE_TRACE] Group:2 Prob:0.89792 Alpha:0.50073[MOE_TRACE] Group:2 Prob:0.89792 Alpha:0.50073

[MOE_TRACE] Group:0 Prob:0.83920 Alpha:0.50052
[MOE_TRACE] Group:1 Prob:0.22044 Alpha:0.50197
[MOE_TRACE] Group:2 Prob:0.89792 Alpha:0.50073
[MOE_TRACE] Group:0 Prob:0.83900 Alpha:0.50052[MOE_TRACE] Group:0 Prob:0.83900 Alpha:0.50052[MOE_TRACE] Group:0 Prob:0.83900 Alpha:0.50052


[MOE_TRACE] Group:1 Prob:0.22355 Alpha:0.50197
[MOE_TRACE] Group:1 Prob:0.22355 Alpha:0.50197[MOE_TRACE] Group:1 Prob:0.22355 Alpha:0.50197

[MOE_TRACE] Group:2 Prob:0.89432 Alpha:0.50073
[MOE_TRACE] Group:2 Prob:0.89432 Alpha:0.50073
[MOE_TRACE] Group:2 Prob:0.89432 Alpha:0.50073
[MOE_TRACE] Group:0 Prob:0.83900 Alpha:0.50052
[MOE_TRACE] Group:1 Prob:0.22355 Alpha:0.50197
[MOE_TRACE] Group:2 Prob:0.89432 Alpha:0.50073
[MOE_TRACE] Group:0 Prob:0.83988 Alpha:0.50052
[MOE_TRACE] Group:0 Prob:0.83988 Alpha:0.50052
[MOE_TRACE] Group:1 Prob:0.23915 Alpha:0.50197
[MOE_TRACE] Group:1 Prob:0.23915 Alpha:0.50197
[MOE_TRACE] Group:0 Prob:0.83988 Alpha:0.50052
[MOE_TRACE] Group:2 Prob:0.90097 Alpha:0.50073
[MOE_TRACE] Group:2 Prob:0.90097 Alpha:0.50073
[MOE_TRACE] Group:1 Prob:0.23915 Alpha:0.50197
[MOE_TRACE] Group:2 Prob:0.90097 Alpha:0.50073
[MOE_TRACE] Group:0 Prob:0.83988 Alpha:0.50052
[MOE_TRACE] Group:1 Prob:0.23915 Alpha:0.50197
[MOE_TRACE] Group:2 Prob:0.90097 Alpha:0.50073
[MOE_TRACE] Group:0 Prob:0.84467 Alpha:0.50052[MOE_TRACE] Group:0 Prob:0.84467 Alpha:0.50052

[MOE_TRACE] Group:0 Prob:0.84467 Alpha:0.50052
[MOE_TRACE] Group:1 Prob:0.22720 Alpha:0.50197
[MOE_TRACE] Group:1 Prob:0.22720 Alpha:0.50197
[MOE_TRACE] Group:1 Prob:0.22720 Alpha:0.50197
[MOE_TRACE] Group:2 Prob:0.89949 Alpha:0.50073
[MOE_TRACE] Group:2 Prob:0.89949 Alpha:0.50073
[MOE_TRACE] Group:2 Prob:0.89949 Alpha:0.50073
[MOE_TRACE] Group:0 Prob:0.84467 Alpha:0.50052
[MOE_TRACE] Group:1 Prob:0.22720 Alpha:0.50197
[MOE_TRACE] Group:2 Prob:0.89949 Alpha:0.50073
[MOE_TRACE] Group:0 Prob:0.84264 Alpha:0.50052
[MOE_TRACE] Group:0 Prob:0.84264 Alpha:0.50052
[MOE_TRACE] Group:0 Prob:0.84264 Alpha:0.50052
[MOE_TRACE] Group:1 Prob:0.20947 Alpha:0.50197
[MOE_TRACE] Group:1 Prob:0.20947 Alpha:0.50197
[MOE_TRACE] Group:1 Prob:0.20947 Alpha:0.50197
[MOE_TRACE] Group:2 Prob:0.89997 Alpha:0.50073
[MOE_TRACE] Group:2 Prob:0.89997 Alpha:0.50073[MOE_TRACE] Group:2 Prob:0.89997 Alpha:0.50073

[MOE_TRACE] Group:0 Prob:0.84264 Alpha:0.50052
[MOE_TRACE] Group:1 Prob:0.20947 Alpha:0.50197
[MOE_TRACE] Group:2 Prob:0.89997 Alpha:0.50073
[MOE_TRACE] Group:0 Prob:0.83951 Alpha:0.50052[MOE_TRACE] Group:0 Prob:0.83951 Alpha:0.50052[MOE_TRACE] Group:0 Prob:0.83951 Alpha:0.50052


[MOE_TRACE] Group:1 Prob:0.23472 Alpha:0.50197[MOE_TRACE] Group:1 Prob:0.23472 Alpha:0.50197
[MOE_TRACE] Group:1 Prob:0.23472 Alpha:0.50197

[MOE_TRACE] Group:2 Prob:0.89740 Alpha:0.50073
[MOE_TRACE] Group:2 Prob:0.89740 Alpha:0.50073[MOE_TRACE] Group:2 Prob:0.89740 Alpha:0.50073

[MOE_TRACE] Group:0 Prob:0.83951 Alpha:0.50052
[MOE_TRACE] Group:1 Prob:0.23472 Alpha:0.50197
[MOE_TRACE] Group:2 Prob:0.89740 Alpha:0.50073
[MOE_TRACE] Group:0 Prob:0.84080 Alpha:0.50052[MOE_TRACE] Group:0 Prob:0.84080 Alpha:0.50052

[MOE_TRACE] Group:0 Prob:0.84080 Alpha:0.50052
[MOE_TRACE] Group:1 Prob:0.23795 Alpha:0.50197
[MOE_TRACE] Group:1 Prob:0.23795 Alpha:0.50197
[MOE_TRACE] Group:1 Prob:0.23795 Alpha:0.50197
[MOE_TRACE] Group:2 Prob:0.89864 Alpha:0.50073
[MOE_TRACE] Group:2 Prob:0.89864 Alpha:0.50073
[MOE_TRACE] Group:2 Prob:0.89864 Alpha:0.50073
[MOE_TRACE] Group:0 Prob:0.84080 Alpha:0.50052
[MOE_TRACE] Group:1 Prob:0.23795 Alpha:0.50197
[MOE_TRACE] Group:2 Prob:0.89864 Alpha:0.50073
[MOE_TRACE] Group:0 Prob:0.84080 Alpha:0.50052
[MOE_TRACE] Group:0 Prob:0.84080 Alpha:0.50052
[MOE_TRACE] Group:1 Prob:0.22392 Alpha:0.50197
[MOE_TRACE] Group:0 Prob:0.84080 Alpha:0.50052
[MOE_TRACE] Group:1 Prob:0.22392 Alpha:0.50197
[MOE_TRACE] Group:2 Prob:0.89854 Alpha:0.50073
[MOE_TRACE] Group:1 Prob:0.22392 Alpha:0.50197
[MOE_TRACE] Group:2 Prob:0.89854 Alpha:0.50073
[MOE_TRACE] Group:2 Prob:0.89854 Alpha:0.50073
[MOE_TRACE] Group:0 Prob:0.84080 Alpha:0.50052
[MOE_TRACE] Group:1 Prob:0.22392 Alpha:0.50197
[MOE_TRACE] Group:2 Prob:0.89854 Alpha:0.50073
[MOE_TRACE] Group:0 Prob:0.83657 Alpha:0.50052
[MOE_TRACE] Group:1 Prob:0.21205 Alpha:0.50197
[MOE_TRACE] Group:0 Prob:0.83657 Alpha:0.50052
[MOE_TRACE] Group:0 Prob:0.83657 Alpha:0.50052
[MOE_TRACE] Group:1 Prob:0.21205 Alpha:0.50197
[MOE_TRACE] Group:1 Prob:0.21205 Alpha:0.50197
[MOE_TRACE] Group:2 Prob:0.89802 Alpha:0.50073
[MOE_TRACE] Group:2 Prob:0.89802 Alpha:0.50073
[MOE_TRACE] Group:0 Prob:0.83657 Alpha:0.50052
[MOE_TRACE] Group:1 Prob:0.21205 Alpha:0.50197
[MOE_TRACE] Group:2 Prob:0.89802 Alpha:0.50073
[MOE_TRACE] Group:0 Prob:0.83614 Alpha:0.50052
[MOE_TRACE] Group:0 Prob:0.83614 Alpha:0.50052
[MOE_TRACE] Group:1 Prob:0.22285 Alpha:0.50197
[MOE_TRACE] Group:1 Prob:0.22285 Alpha:0.50197
[MOE_TRACE] Group:2 Prob:0.89625 Alpha:0.50073
[MOE_TRACE] Group:0 Prob:0.83614 Alpha:0.50052[MOE_TRACE] Group:2 Prob:0.89625 Alpha:0.50073

[MOE_TRACE] Group:1 Prob:0.22285 Alpha:0.50197
[MOE_TRACE] Group:2 Prob:0.89625 Alpha:0.50073
[MOE_TRACE] Group:0 Prob:0.83614 Alpha:0.50052
[MOE_TRACE] Group:1 Prob:0.22285 Alpha:0.50197
[MOE_TRACE] Group:2 Prob:0.89625 Alpha:0.50073
[MOE_TRACE] Group:0 Prob:0.83920 Alpha:0.50052[MOE_TRACE] Group:0 Prob:0.83920 Alpha:0.50052

[MOE_TRACE] Group:0 Prob:0.83920 Alpha:0.50052
[MOE_TRACE] Group:1 Prob:0.22435 Alpha:0.50197
[MOE_TRACE] Group:2 Prob:0.89812 Alpha:0.50073
[MOE_TRACE] Group:1 Prob:0.22435 Alpha:0.50197[MOE_TRACE] Group:1 Prob:0.22435 Alpha:0.50197

[MOE_TRACE] Group:2 Prob:0.89812 Alpha:0.50073
[MOE_TRACE] Group:2 Prob:0.89812 Alpha:0.50073
[MOE_TRACE] Group:0 Prob:0.83920 Alpha:0.50052
[MOE_TRACE] Group:1 Prob:0.22435 Alpha:0.50197
[MOE_TRACE] Group:2 Prob:0.89812 Alpha:0.50073
[MOE_TRACE] Group:0 Prob:0.83787 Alpha:0.50052[MOE_TRACE] Group:0 Prob:0.83787 Alpha:0.50052[MOE_TRACE] Group:0 Prob:0.83787 Alpha:0.50052


[MOE_TRACE] Group:1 Prob:0.21374 Alpha:0.50197[MOE_TRACE] Group:1 Prob:0.21374 Alpha:0.50197

[MOE_TRACE] Group:1 Prob:0.21374 Alpha:0.50197
[MOE_TRACE] Group:2 Prob:0.89649 Alpha:0.50073
[MOE_TRACE] Group:2 Prob:0.89649 Alpha:0.50073
[MOE_TRACE] Group:2 Prob:0.89649 Alpha:0.50073
[MOE_TRACE] Group:0 Prob:0.83787 Alpha:0.50052
[MOE_TRACE] Group:1 Prob:0.21374 Alpha:0.50197
[MOE_TRACE] Group:2 Prob:0.89649 Alpha:0.50073
[MOE_TRACE] Group:0 Prob:0.84681 Alpha:0.50052
[MOE_TRACE] Group:0 Prob:0.84681 Alpha:0.50052
[MOE_TRACE] Group:0 Prob:0.84681 Alpha:0.50052
[MOE_TRACE] Group:1 Prob:0.22084 Alpha:0.50197
[MOE_TRACE] Group:1 Prob:0.22084 Alpha:0.50197
[MOE_TRACE] Group:2 Prob:0.89964 Alpha:0.50073
[MOE_TRACE] Group:1 Prob:0.22084 Alpha:0.50197
[MOE_TRACE] Group:2 Prob:0.89964 Alpha:0.50073
[MOE_TRACE] Group:2 Prob:0.89964 Alpha:0.50073
[MOE_TRACE] Group:0 Prob:0.84681 Alpha:0.50052
[MOE_TRACE] Group:1 Prob:0.22084 Alpha:0.50197
[MOE_TRACE] Group:2 Prob:0.89964 Alpha:0.50073
[MOE_TRACE] Group:0 Prob:0.84130 Alpha:0.50052
[MOE_TRACE] Group:0 Prob:0.84130 Alpha:0.50052
[MOE_TRACE] Group:0 Prob:0.84130 Alpha:0.50052
[MOE_TRACE] Group:1 Prob:0.21655 Alpha:0.50197
[MOE_TRACE] Group:1 Prob:0.21655 Alpha:0.50197
[MOE_TRACE] Group:1 Prob:0.21655 Alpha:0.50197
[MOE_TRACE] Group:2 Prob:0.89724 Alpha:0.50073[MOE_TRACE] Group:2 Prob:0.89724 Alpha:0.50073

[MOE_TRACE] Group:2 Prob:0.89724 Alpha:0.50073
[MOE_TRACE] Group:0 Prob:0.84130 Alpha:0.50052
[MOE_TRACE] Group:1 Prob:0.21655 Alpha:0.50197
[MOE_TRACE] Group:2 Prob:0.89724 Alpha:0.50073
[MOE_TRACE] Group:0 Prob:0.83546 Alpha:0.50052[MOE_TRACE] Group:0 Prob:0.83546 Alpha:0.50052
[MOE_TRACE] Group:0 Prob:0.83546 Alpha:0.50052

[MOE_TRACE] Group:1 Prob:0.22654 Alpha:0.50197
[MOE_TRACE] Group:1 Prob:0.22654 Alpha:0.50197[MOE_TRACE] Group:1 Prob:0.22654 Alpha:0.50197

[MOE_TRACE] Group:2 Prob:0.89683 Alpha:0.50073
[MOE_TRACE] Group:2 Prob:0.89683 Alpha:0.50073
[MOE_TRACE] Group:2 Prob:0.89683 Alpha:0.50073
[MOE_TRACE] Group:0 Prob:0.83546 Alpha:0.50052
[MOE_TRACE] Group:1 Prob:0.22654 Alpha:0.50197
[MOE_TRACE] Group:2 Prob:0.89683 Alpha:0.50073
[MOE_TRACE] Group:0 Prob:0.84354 Alpha:0.50052[MOE_TRACE] Group:0 Prob:0.84354 Alpha:0.50052[MOE_TRACE] Group:0 Prob:0.84354 Alpha:0.50052


[MOE_TRACE] Group:1 Prob:0.21415 Alpha:0.50197
[MOE_TRACE] Group:1 Prob:0.21415 Alpha:0.50197
[MOE_TRACE] Group:1 Prob:0.21415 Alpha:0.50197
[MOE_TRACE] Group:2 Prob:0.89676 Alpha:0.50073[MOE_TRACE] Group:2 Prob:0.89676 Alpha:0.50073

[MOE_TRACE] Group:2 Prob:0.89676 Alpha:0.50073
[MOE_TRACE] Group:0 Prob:0.84354 Alpha:0.50052
[MOE_TRACE] Group:1 Prob:0.21415 Alpha:0.50197
[MOE_TRACE] Group:2 Prob:0.89676 Alpha:0.50073
[MOE_TRACE] Group:0 Prob:0.84139 Alpha:0.50052[MOE_TRACE] Group:0 Prob:0.84139 Alpha:0.50052[MOE_TRACE] Group:0 Prob:0.84139 Alpha:0.50052


[MOE_TRACE] Group:1 Prob:0.22499 Alpha:0.50197[MOE_TRACE] Group:1 Prob:0.22499 Alpha:0.50197

[MOE_TRACE] Group:1 Prob:0.22499 Alpha:0.50197
[MOE_TRACE] Group:2 Prob:0.89973 Alpha:0.50073
[MOE_TRACE] Group:2 Prob:0.89973 Alpha:0.50073[MOE_TRACE] Group:2 Prob:0.89973 Alpha:0.50073

[MOE_TRACE] Group:0 Prob:0.84139 Alpha:0.50052
[MOE_TRACE] Group:1 Prob:0.22499 Alpha:0.50197
[MOE_TRACE] Group:2 Prob:0.89973 Alpha:0.50073
[MOE_TRACE] Group:0 Prob:0.83801 Alpha:0.50052[MOE_TRACE] Group:0 Prob:0.83801 Alpha:0.50052

[MOE_TRACE] Group:0 Prob:0.83801 Alpha:0.50052
[MOE_TRACE] Group:1 Prob:0.21659 Alpha:0.50197
[MOE_TRACE] Group:1 Prob:0.21659 Alpha:0.50197
[MOE_TRACE] Group:1 Prob:0.21659 Alpha:0.50197
[MOE_TRACE] Group:2 Prob:0.89573 Alpha:0.50073
[MOE_TRACE] Group:2 Prob:0.89573 Alpha:0.50073
[MOE_TRACE] Group:2 Prob:0.89573 Alpha:0.50073
[MOE_TRACE] Group:0 Prob:0.83801 Alpha:0.50052
[MOE_TRACE] Group:1 Prob:0.21659 Alpha:0.50197
[MOE_TRACE] Group:2 Prob:0.89573 Alpha:0.50073
[MOE_TRACE] Group:0 Prob:0.83821 Alpha:0.50052[MOE_TRACE] Group:0 Prob:0.83821 Alpha:0.50052

[MOE_TRACE] Group:0 Prob:0.83821 Alpha:0.50052
[MOE_TRACE] Group:1 Prob:0.22217 Alpha:0.50197
[MOE_TRACE] Group:1 Prob:0.22217 Alpha:0.50197
[MOE_TRACE] Group:1 Prob:0.22217 Alpha:0.50197
[MOE_TRACE] Group:2 Prob:0.89837 Alpha:0.50073
[MOE_TRACE] Group:2 Prob:0.89837 Alpha:0.50073
[MOE_TRACE] Group:2 Prob:0.89837 Alpha:0.50073
[MOE_TRACE] Group:0 Prob:0.83821 Alpha:0.50052
[MOE_TRACE] Group:1 Prob:0.22217 Alpha:0.50197
[MOE_TRACE] Group:2 Prob:0.89837 Alpha:0.50073
[MOE_TRACE] Group:0 Prob:0.83829 Alpha:0.50052[MOE_TRACE] Group:0 Prob:0.83829 Alpha:0.50052[MOE_TRACE] Group:0 Prob:0.83829 Alpha:0.50052


[MOE_TRACE] Group:1 Prob:0.22526 Alpha:0.50197[MOE_TRACE] Group:1 Prob:0.22526 Alpha:0.50197[MOE_TRACE] Group:1 Prob:0.22526 Alpha:0.50197


[MOE_TRACE] Group:2 Prob:0.89838 Alpha:0.50073[MOE_TRACE] Group:2 Prob:0.89838 Alpha:0.50073

[MOE_TRACE] Group:2 Prob:0.89838 Alpha:0.50073
[MOE_TRACE] Group:0 Prob:0.83829 Alpha:0.50052
[MOE_TRACE] Group:1 Prob:0.22526 Alpha:0.50197
[MOE_TRACE] Group:2 Prob:0.89838 Alpha:0.50073
[MOE_TRACE] Group:0 Prob:0.83739 Alpha:0.50052
[MOE_TRACE] Group:1 Prob:0.22407 Alpha:0.50197
[MOE_TRACE] Group:0 Prob:0.83739 Alpha:0.50052[MOE_TRACE] Group:0 Prob:0.83739 Alpha:0.50052

[MOE_TRACE] Group:2 Prob:0.89930 Alpha:0.50073
[MOE_TRACE] Group:1 Prob:0.22407 Alpha:0.50197
[MOE_TRACE] Group:1 Prob:0.22407 Alpha:0.50197
[MOE_TRACE] Group:2 Prob:0.89930 Alpha:0.50073
[MOE_TRACE] Group:2 Prob:0.89930 Alpha:0.50073
[MOE_TRACE] Group:0 Prob:0.83739 Alpha:0.50052
[MOE_TRACE] Group:1 Prob:0.22407 Alpha:0.50197
[MOE_TRACE] Group:2 Prob:0.89930 Alpha:0.50073
[MOE_TRACE] Group:0 Prob:0.84071 Alpha:0.50052[MOE_TRACE] Group:0 Prob:0.84071 Alpha:0.50052[MOE_TRACE] Group:0 Prob:0.84071 Alpha:0.50052


[MOE_TRACE] Group:1 Prob:0.21731 Alpha:0.50197[MOE_TRACE] Group:1 Prob:0.21731 Alpha:0.50197

[MOE_TRACE] Group:1 Prob:0.21731 Alpha:0.50197
[MOE_TRACE] Group:2 Prob:0.89835 Alpha:0.50073
[MOE_TRACE] Group:2 Prob:0.89835 Alpha:0.50073
[MOE_TRACE] Group:2 Prob:0.89835 Alpha:0.50073
[MOE_TRACE] Group:0 Prob:0.84071 Alpha:0.50052
[MOE_TRACE] Group:1 Prob:0.21731 Alpha:0.50197
[MOE_TRACE] Group:2 Prob:0.89835 Alpha:0.50073
[MOE_TRACE] Group:0 Prob:0.83588 Alpha:0.50052[MOE_TRACE] Group:0 Prob:0.83588 Alpha:0.50052

[MOE_TRACE] Group:0 Prob:0.83588 Alpha:0.50052
[MOE_TRACE] Group:1 Prob:0.22444 Alpha:0.50197
[MOE_TRACE] Group:1 Prob:0.22444 Alpha:0.50197
[MOE_TRACE] Group:1 Prob:0.22444 Alpha:0.50197
[MOE_TRACE] Group:2 Prob:0.89905 Alpha:0.50073
[MOE_TRACE] Group:2 Prob:0.89905 Alpha:0.50073
[MOE_TRACE] Group:2 Prob:0.89905 Alpha:0.50073
[MOE_TRACE] Group:0 Prob:0.83588 Alpha:0.50052
[MOE_TRACE] Group:1 Prob:0.22444 Alpha:0.50197
[MOE_TRACE] Group:2 Prob:0.89905 Alpha:0.50073
[MOE_TRACE] Group:0 Prob:0.84096 Alpha:0.50052[MOE_TRACE] Group:0 Prob:0.84096 Alpha:0.50052

[MOE_TRACE] Group:0 Prob:0.84096 Alpha:0.50052[MOE_TRACE] Group:1 Prob:0.24227 Alpha:0.50197

[MOE_TRACE] Group:1 Prob:0.24227 Alpha:0.50197
[MOE_TRACE] Group:2 Prob:0.89828 Alpha:0.50073
[MOE_TRACE] Group:1 Prob:0.24227 Alpha:0.50197
[MOE_TRACE] Group:2 Prob:0.89828 Alpha:0.50073
[MOE_TRACE] Group:2 Prob:0.89828 Alpha:0.50073
[MOE_TRACE] Group:0 Prob:0.84096 Alpha:0.50052
[MOE_TRACE] Group:1 Prob:0.24227 Alpha:0.50197
[MOE_TRACE] Group:2 Prob:0.89828 Alpha:0.50073
[MOE_TRACE] Group:0 Prob:0.83908 Alpha:0.50052
[MOE_TRACE] Group:0 Prob:0.83908 Alpha:0.50052
[MOE_TRACE] Group:0 Prob:0.83908 Alpha:0.50052[MOE_TRACE] Group:1 Prob:0.23262 Alpha:0.50197

[MOE_TRACE] Group:1 Prob:0.23262 Alpha:0.50197
[MOE_TRACE] Group:1 Prob:0.23262 Alpha:0.50197
[MOE_TRACE] Group:2 Prob:0.89720 Alpha:0.50073
[MOE_TRACE] Group:2 Prob:0.89720 Alpha:0.50073
[MOE_TRACE] Group:2 Prob:0.89720 Alpha:0.50073
[MOE_TRACE] Group:0 Prob:0.83908 Alpha:0.50052
[MOE_TRACE] Group:1 Prob:0.23262 Alpha:0.50197
[MOE_TRACE] Group:2 Prob:0.89720 Alpha:0.50073
[MOE_TRACE] Group:0 Prob:0.83521 Alpha:0.50052
[MOE_TRACE] Group:0 Prob:0.83521 Alpha:0.50052[MOE_TRACE] Group:0 Prob:0.83521 Alpha:0.50052

[MOE_TRACE] Group:1 Prob:0.22305 Alpha:0.50197
[MOE_TRACE] Group:1 Prob:0.22305 Alpha:0.50197
[MOE_TRACE] Group:2 Prob:0.89885 Alpha:0.50073
[MOE_TRACE] Group:1 Prob:0.22305 Alpha:0.50197
[MOE_TRACE] Group:2 Prob:0.89885 Alpha:0.50073
[MOE_TRACE] Group:2 Prob:0.89885 Alpha:0.50073
[MOE_TRACE] Group:0 Prob:0.83521 Alpha:0.50052
[MOE_TRACE] Group:1 Prob:0.22305 Alpha:0.50197
[MOE_TRACE] Group:2 Prob:0.89885 Alpha:0.50073
[MOE_TRACE] Group:0 Prob:0.83530 Alpha:0.50052
[MOE_TRACE] Group:0 Prob:0.83530 Alpha:0.50052
[MOE_TRACE] Group:0 Prob:0.83530 Alpha:0.50052
[MOE_TRACE] Group:1 Prob:0.22310 Alpha:0.50197
[MOE_TRACE] Group:1 Prob:0.22310 Alpha:0.50197
[MOE_TRACE] Group:1 Prob:0.22310 Alpha:0.50197
[MOE_TRACE] Group:2 Prob:0.89733 Alpha:0.50073
[MOE_TRACE] Group:2 Prob:0.89733 Alpha:0.50073
[MOE_TRACE] Group:2 Prob:0.89733 Alpha:0.50073
[MOE_TRACE] Group:0 Prob:0.83530 Alpha:0.50052
[MOE_TRACE] Group:1 Prob:0.22310 Alpha:0.50197
[MOE_TRACE] Group:2 Prob:0.89733 Alpha:0.50073
[MOE_TRACE] Group:0 Prob:0.84177 Alpha:0.50052[MOE_TRACE] Group:0 Prob:0.84177 Alpha:0.50052

[MOE_TRACE] Group:1 Prob:0.21599 Alpha:0.50197[MOE_TRACE] Group:1 Prob:0.21599 Alpha:0.50197
[MOE_TRACE] Group:0 Prob:0.84177 Alpha:0.50052

[MOE_TRACE] Group:2 Prob:0.90035 Alpha:0.50073
[MOE_TRACE] Group:2 Prob:0.90035 Alpha:0.50073
[MOE_TRACE] Group:1 Prob:0.21599 Alpha:0.50197
[MOE_TRACE] Group:0 Prob:0.84177 Alpha:0.50052
[MOE_TRACE] Group:2 Prob:0.90035 Alpha:0.50073
[MOE_TRACE] Group:1 Prob:0.21599 Alpha:0.50197
[MOE_TRACE] Group:2 Prob:0.90035 Alpha:0.50073
[MOE_TRACE] Group:0 Prob:0.84331 Alpha:0.50052[MOE_TRACE] Group:0 Prob:0.84331 Alpha:0.50052

[MOE_TRACE] Group:1 Prob:0.21995 Alpha:0.50197
[MOE_TRACE] Group:0 Prob:0.84331 Alpha:0.50052
[MOE_TRACE] Group:1 Prob:0.21995 Alpha:0.50197
[MOE_TRACE] Group:2 Prob:0.89847 Alpha:0.50073
[MOE_TRACE] Group:1 Prob:0.21995 Alpha:0.50197
[MOE_TRACE] Group:2 Prob:0.89847 Alpha:0.50073
[MOE_TRACE] Group:2 Prob:0.89847 Alpha:0.50073
[MOE_TRACE] Group:0 Prob:0.84331 Alpha:0.50052
[MOE_TRACE] Group:1 Prob:0.21995 Alpha:0.50197
[MOE_TRACE] Group:2 Prob:0.89847 Alpha:0.50073
[MOE_TRACE] Group:0 Prob:0.84059 Alpha:0.50052[MOE_TRACE] Group:0 Prob:0.84059 Alpha:0.50052
[MOE_TRACE] Group:0 Prob:0.84059 Alpha:0.50052

[MOE_TRACE] Group:1 Prob:0.21807 Alpha:0.50197[MOE_TRACE] Group:1 Prob:0.21807 Alpha:0.50197

[MOE_TRACE] Group:1 Prob:0.21807 Alpha:0.50197
[MOE_TRACE] Group:2 Prob:0.89627 Alpha:0.50073[MOE_TRACE] Group:2 Prob:0.89627 Alpha:0.50073

[MOE_TRACE] Group:2 Prob:0.89627 Alpha:0.50073
[MOE_TRACE] Group:0 Prob:0.84059 Alpha:0.50052
[MOE_TRACE] Group:1 Prob:0.21807 Alpha:0.50197
[MOE_TRACE] Group:2 Prob:0.89627 Alpha:0.50073
[MOE_TRACE] Group:0 Prob:0.84789 Alpha:0.50052
[MOE_TRACE] Group:0 Prob:0.84789 Alpha:0.50052
[MOE_TRACE] Group:0 Prob:0.84789 Alpha:0.50052
[MOE_TRACE] Group:1 Prob:0.22593 Alpha:0.50197[MOE_TRACE] Group:1 Prob:0.22593 Alpha:0.50197
[MOE_TRACE] Group:1 Prob:0.22593 Alpha:0.50197

[MOE_TRACE] Group:2 Prob:0.90086 Alpha:0.50073
[MOE_TRACE] Group:2 Prob:0.90086 Alpha:0.50073
[MOE_TRACE] Group:2 Prob:0.90086 Alpha:0.50073
[MOE_TRACE] Group:0 Prob:0.84789 Alpha:0.50052
[MOE_TRACE] Group:1 Prob:0.22593 Alpha:0.50197
[MOE_TRACE] Group:2 Prob:0.90086 Alpha:0.50073
Epoch: 10 cost time: 100.71609950065613
Epoch: 10, Steps: 146 | Train Loss: 0.3508399 Vali Loss: 0.3281423 Test Loss: 0.3593963
EarlyStopping counter: 8 out of 3
Early stopping
Updating learning rate to 1.953125e-07
>>>>>>>testing : long_term_forecast_kdd_sub1_528_TLMMoeED_DYG_base_ftM_sl528_ll48_pl96_dm512_nh8_el2_dl1_df512_fc3_ebtimeF_dtTrue_Exp_0<<<<<<<<<<<<<<<<<<<<<<<<<<<<<<<<<
DYG_base
原始数据形状: (108051, 6)
Index(['Bacterial Density', 'Viscosity', 'Alcohol Addition', 'Reducing Sugar',
       'Non Reducing Suger'],
      dtype='object')
test 21515
test shape: (21515, 1, 96, 5) (21515, 1, 96, 5)
test shape: (21515, 96, 5) (21515, 96, 5)
mae:0.3230, mse:0.2850
(21515, 96, 5)
(21515, 96, 5)
