True
2.3.0
True
Args in experiment:
Namespace(activation='gelu', anomaly_ratio=0.25, batch_size=512, c_out=5, channel_independent=1, checkpoints='./checkpoints/', d_ff=512, d_layers=1, d_model=1024, data='DYG_base', data_path='DYG_data_3_sub2.csv', dec_in=5, des='Hes', device_ids=[1, 2, 3, 4], devices='1,2,3,4', direction=[1, 1, 2, 0, 2], distil=True, dropout=0.1, e_layers=2, embed='timeF', enc_in=5, enc_out=5, factor=3, features='M', freq='h', gpu=1, inverse=False, is_training=1, itr=1, label_len=48, learning_rate=0.0001, loss='MSE', lradj='type1', mask_rate=0.25, model='HGI', model_id='kdd_sub2_96', moe_logits_init='{\n    "0": {0: 0.0, 1: 0.0, 2: 0.0},  \n    "1": {0: 0.0, 1: 0.0, 2: 0.0},  \n    "2": {0: 0.0, 1: 0.0, 2: 0.0},  \n    "3": {0: 0.0, 1: 0.0, 2: 0.0},  \n    "4": {0: 0.0, 1: 0.0, 2: 0.0}\n}', moving_avg=25, n_heads=8, num_kernels=6, num_workers=10, output_attention=False, p_hidden_dims=[128, 128], p_hidden_layers=2, patience=3, pred_len=96, root_path='./data/DYG/KDD', seasonal_patterns='Monthly', seg_len=12, seq_len=96, target='temp10', task_name='long_term_forecast', temp=10.0, top_k=5, train_epochs=10, use_amp=True, use_gpu=True, use_multi_gpu=True)
Use GPU: cuda:1
>>>>>>>start training : long_term_forecast_kdd_sub2_96_HGI_DYG_base_ftM_sl96_ll48_pl96_dm1024_nh8_el2_dl1_df512_fc3_ebtimeF_dtTrue_Hes_0>>>>>>>>>>>>>>>>>>>>>>>>>>
DYG_base
原始数据形状: (108051, 6)
Index(['Viscosity', 'Chemical Efficiency', 'DO Value', 'pH Online',
       'Air Flow'],
      dtype='object')
train 75444
DYG_base
原始数据形状: (108051, 6)
Index(['Viscosity', 'Chemical Efficiency', 'DO Value', 'pH Online',
       'Air Flow'],
      dtype='object')
val 10711
DYG_base
原始数据形状: (108051, 6)
Index(['Viscosity', 'Chemical Efficiency', 'DO Value', 'pH Online',
       'Air Flow'],
      dtype='object')
test 21515
[TopoTrace Step 0] v0:G0[0.333,0.333,0.333] | v1:G0[0.333,0.333,0.333] | v2:G0[0.333,0.333,0.333] | v3:G0[0.333,0.333,0.333] | v4:G0[0.333,0.333,0.333]
[TopoTrace Step 0] v0:G0[0.333,0.333,0.333] | v1:G0[0.333,0.333,0.333] | v2:G0[0.333,0.333,0.333] | v3:G0[0.333,0.333,0.333] | v4:G0[0.333,0.333,0.333]
[TopoTrace Step 0] v0:G0[0.333,0.333,0.333] | v1:G0[0.333,0.333,0.333] | v2:G0[0.333,0.333,0.333] | v3:G0[0.333,0.333,0.333] | v4:G0[0.333,0.333,0.333]
[TopoTrace Step 0] v0:G0[0.333,0.333,0.333] | v1:G0[0.333,0.333,0.333] | v2:G0[0.333,0.333,0.333] | v3:G0[0.333,0.333,0.333] | v4:G0[0.333,0.333,0.333]
[TopoTrace Step 0] v0:G0[0.333,0.333,0.333] | v1:G2[0.333,0.333,0.333] | v2:G1[0.333,0.333,0.333] | v3:G0[0.333,0.333,0.333] | v4:G0[0.333,0.333,0.333]
[TopoTrace Step 0] v0:G0[0.333,0.333,0.333] | v1:G2[0.333,0.333,0.333] | v2:G1[0.333,0.333,0.333] | v3:G0[0.333,0.333,0.333] | v4:G0[0.333,0.333,0.333]
[TopoTrace Step 0] v0:G0[0.333,0.333,0.333] | v1:G2[0.333,0.333,0.333] | v2:G1[0.333,0.333,0.333] | v3:G0[0.333,0.333,0.333] | v4:G0[0.333,0.333,0.333]
[TopoTrace Step 0] v0:G0[0.333,0.333,0.333] | v1:G2[0.333,0.333,0.333] | v2:G1[0.333,0.333,0.333] | v3:G0[0.333,0.333,0.333] | v4:G0[0.333,0.333,0.333]
[TopoTrace Step 0] v0:G0[0.333,0.333,0.333] | v1:G2[0.333,0.333,0.333] | v2:G1[0.333,0.333,0.333] | v3:G0[0.333,0.333,0.333] | v4:G0[0.333,0.333,0.333]
[TopoTrace Step 0] v0:G0[0.333,0.333,0.333] | v1:G2[0.333,0.333,0.333] | v2:G1[0.333,0.333,0.333] | v3:G0[0.333,0.333,0.333] | v4:G0[0.333,0.333,0.333]
[TopoTrace Step 0] v0:G0[0.333,0.333,0.333] | v1:G2[0.333,0.333,0.333] | v2:G1[0.333,0.333,0.333] | v3:G0[0.333,0.333,0.333] | v4:G0[0.333,0.333,0.333][TopoTrace Step 0] v0:G0[0.333,0.333,0.333] | v1:G2[0.333,0.333,0.333] | v2:G1[0.333,0.333,0.333] | v3:G0[0.333,0.333,0.333] | v4:G0[0.333,0.333,0.333]

[TopoTrace Step 0] v0:G0[0.333,0.333,0.333] | v1:G2[0.333,0.333,0.333] | v2:G1[0.333,0.333,0.333] | v3:G0[0.333,0.333,0.333] | v4:G0[0.333,0.333,0.333]
[TopoTrace Step 0] v0:G0[0.333,0.333,0.333] | v1:G2[0.333,0.333,0.333] | v2:G1[0.333,0.333,0.333] | v3:G0[0.333,0.333,0.333] | v4:G0[0.333,0.333,0.333]
[TopoTrace Step 0] v0:G0[0.333,0.333,0.333] | v1:G2[0.333,0.333,0.333] | v2:G1[0.333,0.333,0.333] | v3:G0[0.333,0.333,0.333] | v4:G0[0.333,0.333,0.333][TopoTrace Step 0] v0:G0[0.333,0.333,0.333] | v1:G2[0.333,0.333,0.333] | v2:G1[0.333,0.333,0.333] | v3:G0[0.333,0.333,0.333] | v4:G0[0.333,0.333,0.333]

[TopoTrace Step 0] v0:G0[0.333,0.333,0.333] | v1:G2[0.333,0.333,0.333] | v2:G1[0.333,0.333,0.333] | v3:G1[0.333,0.333,0.333] | v4:G0[0.333,0.333,0.333]
[TopoTrace Step 0] v0:G0[0.333,0.333,0.333] | v1:G2[0.333,0.333,0.333] | v2:G1[0.333,0.333,0.333] | v3:G1[0.333,0.333,0.333] | v4:G0[0.333,0.333,0.333]
[TopoTrace Step 0] v0:G0[0.333,0.333,0.333] | v1:G2[0.333,0.333,0.333] | v2:G1[0.333,0.333,0.333] | v3:G1[0.333,0.333,0.333] | v4:G0[0.333,0.333,0.333]
[TopoTrace Step 0] v0:G0[0.333,0.333,0.333] | v1:G2[0.333,0.333,0.333] | v2:G1[0.333,0.333,0.333] | v3:G1[0.333,0.333,0.333] | v4:G0[0.333,0.333,0.333]
[TopoTrace Step 0] v0:G0[0.333,0.333,0.333] | v1:G2[0.333,0.333,0.333] | v2:G1[0.333,0.334,0.333] | v3:G1[0.333,0.333,0.333] | v4:G0[0.333,0.333,0.333]
[TopoTrace Step 0] v0:G0[0.333,0.333,0.333] | v1:G2[0.333,0.333,0.333] | v2:G1[0.333,0.334,0.333] | v3:G1[0.333,0.333,0.333] | v4:G0[0.333,0.333,0.333]
[TopoTrace Step 0] v0:G0[0.333,0.333,0.333] | v1:G2[0.333,0.333,0.333] | v2:G1[0.333,0.334,0.333] | v3:G1[0.333,0.333,0.333] | v4:G0[0.333,0.333,0.333][TopoTrace Step 0] v0:G0[0.333,0.333,0.333] | v1:G2[0.333,0.333,0.333] | v2:G1[0.333,0.334,0.333] | v3:G1[0.333,0.333,0.333] | v4:G0[0.333,0.333,0.333]

[TopoTrace Step 0] v0:G0[0.333,0.333,0.333] | v1:G2[0.333,0.333,0.333] | v2:G1[0.333,0.334,0.333] | v3:G1[0.333,0.333,0.333] | v4:G0[0.333,0.333,0.333]
[TopoTrace Step 0] v0:G0[0.333,0.333,0.333] | v1:G2[0.333,0.333,0.333] | v2:G1[0.333,0.334,0.333] | v3:G1[0.333,0.333,0.333] | v4:G0[0.333,0.333,0.333]
[TopoTrace Step 0] v0:G0[0.333,0.333,0.333] | v1:G2[0.333,0.333,0.333] | v2:G1[0.333,0.334,0.333] | v3:G1[0.333,0.333,0.333] | v4:G0[0.333,0.333,0.333][TopoTrace Step 0] v0:G0[0.333,0.333,0.333] | v1:G2[0.333,0.333,0.333] | v2:G1[0.333,0.334,0.333] | v3:G1[0.333,0.333,0.333] | v4:G0[0.333,0.333,0.333]

[TopoTrace Step 0] v0:G0[0.333,0.333,0.333] | v1:G2[0.333,0.333,0.333] | v2:G1[0.333,0.334,0.333] | v3:G1[0.333,0.333,0.333] | v4:G0[0.334,0.333,0.333]
[TopoTrace Step 0] v0:G0[0.333,0.333,0.333] | v1:G2[0.333,0.333,0.333] | v2:G1[0.333,0.334,0.333] | v3:G1[0.333,0.333,0.333] | v4:G0[0.334,0.333,0.333]
[TopoTrace Step 0] v0:G0[0.333,0.333,0.333] | v1:G2[0.333,0.333,0.333] | v2:G1[0.333,0.334,0.333] | v3:G1[0.333,0.333,0.333] | v4:G0[0.334,0.333,0.333]
[TopoTrace Step 0] v0:G0[0.333,0.333,0.333] | v1:G2[0.333,0.333,0.333] | v2:G1[0.333,0.334,0.333] | v3:G1[0.333,0.333,0.333] | v4:G0[0.334,0.333,0.333]
[TopoTrace Step 0] v0:G0[0.333,0.333,0.333] | v1:G2[0.333,0.333,0.333] | v2:G1[0.333,0.334,0.333] | v3:G1[0.333,0.333,0.333] | v4:G0[0.334,0.333,0.333]
[TopoTrace Step 0] v0:G0[0.333,0.333,0.333] | v1:G2[0.333,0.333,0.333] | v2:G1[0.333,0.334,0.333] | v3:G1[0.333,0.333,0.333] | v4:G0[0.334,0.333,0.333]
[TopoTrace Step 0] v0:G0[0.333,0.333,0.333] | v1:G2[0.333,0.333,0.333] | v2:G1[0.333,0.334,0.333] | v3:G1[0.333,0.333,0.333] | v4:G0[0.334,0.333,0.333][TopoTrace Step 0] v0:G0[0.333,0.333,0.333] | v1:G2[0.333,0.333,0.333] | v2:G1[0.333,0.334,0.333] | v3:G1[0.333,0.333,0.333] | v4:G0[0.334,0.333,0.333]

[TopoTrace Step 0] v0:G0[0.333,0.333,0.333] | v1:G2[0.333,0.333,0.333] | v2:G1[0.333,0.334,0.333] | v3:G1[0.333,0.333,0.333] | v4:G0[0.334,0.333,0.333]
[TopoTrace Step 0] v0:G0[0.333,0.333,0.333] | v1:G2[0.333,0.333,0.333] | v2:G1[0.333,0.334,0.333] | v3:G1[0.333,0.333,0.333] | v4:G0[0.334,0.333,0.333]
[TopoTrace Step 0] v0:G0[0.333,0.333,0.333] | v1:G2[0.333,0.333,0.333] | v2:G1[0.333,0.334,0.333] | v3:G1[0.333,0.333,0.333] | v4:G0[0.334,0.333,0.333][TopoTrace Step 0] v0:G0[0.333,0.333,0.333] | v1:G2[0.333,0.333,0.333] | v2:G1[0.333,0.334,0.333] | v3:G1[0.333,0.333,0.333] | v4:G0[0.334,0.333,0.333]

[TopoTrace Step 0] v0:G0[0.333,0.333,0.333] | v1:G2[0.333,0.333,0.333] | v2:G1[0.333,0.334,0.333] | v3:G1[0.333,0.333,0.333] | v4:G0[0.334,0.333,0.333]
[TopoTrace Step 0] v0:G0[0.333,0.333,0.333] | v1:G2[0.333,0.333,0.333] | v2:G1[0.333,0.334,0.333] | v3:G1[0.333,0.333,0.333] | v4:G0[0.334,0.333,0.333]
[TopoTrace Step 0] v0:G0[0.333,0.333,0.333] | v1:G2[0.333,0.333,0.333] | v2:G1[0.333,0.334,0.333] | v3:G1[0.333,0.333,0.333] | v4:G0[0.334,0.333,0.333][TopoTrace Step 0] v0:G0[0.333,0.333,0.333] | v1:G2[0.333,0.333,0.333] | v2:G1[0.333,0.334,0.333] | v3:G1[0.333,0.333,0.333] | v4:G0[0.334,0.333,0.333]

[TopoTrace Step 0] v0:G2[0.333,0.333,0.333] | v1:G2[0.333,0.333,0.334] | v2:G1[0.333,0.334,0.333] | v3:G1[0.333,0.333,0.333] | v4:G0[0.334,0.333,0.333]
[TopoTrace Step 0] v0:G2[0.333,0.333,0.333] | v1:G2[0.333,0.333,0.334] | v2:G1[0.333,0.334,0.333] | v3:G1[0.333,0.333,0.333] | v4:G0[0.334,0.333,0.333]
[TopoTrace Step 0] v0:G2[0.333,0.333,0.333] | v1:G2[0.333,0.333,0.334] | v2:G1[0.333,0.334,0.333] | v3:G1[0.333,0.333,0.333] | v4:G0[0.334,0.333,0.333][TopoTrace Step 0] v0:G2[0.333,0.333,0.333] | v1:G2[0.333,0.333,0.334] | v2:G1[0.333,0.334,0.333] | v3:G1[0.333,0.333,0.333] | v4:G0[0.334,0.333,0.333]

[TopoTrace Step 0] v0:G0[0.333,0.333,0.333] | v1:G2[0.333,0.333,0.334] | v2:G1[0.333,0.334,0.333] | v3:G1[0.333,0.333,0.333] | v4:G0[0.334,0.333,0.333]
[TopoTrace Step 0] v0:G0[0.333,0.333,0.333] | v1:G2[0.333,0.333,0.334] | v2:G1[0.333,0.334,0.333] | v3:G1[0.333,0.333,0.333] | v4:G0[0.334,0.333,0.333]
[TopoTrace Step 0] v0:G0[0.333,0.333,0.333] | v1:G2[0.333,0.333,0.334] | v2:G1[0.333,0.334,0.333] | v3:G1[0.333,0.333,0.333] | v4:G0[0.334,0.333,0.333][TopoTrace Step 0] v0:G0[0.333,0.333,0.333] | v1:G2[0.333,0.333,0.334] | v2:G1[0.333,0.334,0.333] | v3:G1[0.333,0.333,0.333] | v4:G0[0.334,0.333,0.333]

[TopoTrace Step 0] v0:G0[0.333,0.333,0.333] | v1:G2[0.333,0.333,0.334] | v2:G1[0.333,0.334,0.333] | v3:G1[0.333,0.333,0.333] | v4:G0[0.334,0.333,0.333]
[TopoTrace Step 0] v0:G0[0.333,0.333,0.333] | v1:G2[0.333,0.333,0.334] | v2:G1[0.333,0.334,0.333] | v3:G1[0.333,0.333,0.333] | v4:G0[0.334,0.333,0.333]
[TopoTrace Step 0] v0:G0[0.333,0.333,0.333] | v1:G2[0.333,0.333,0.334] | v2:G1[0.333,0.334,0.333] | v3:G1[0.333,0.333,0.333] | v4:G0[0.334,0.333,0.333]
[TopoTrace Step 0] v0:G0[0.333,0.333,0.333] | v1:G2[0.333,0.333,0.334] | v2:G1[0.333,0.334,0.333] | v3:G1[0.333,0.333,0.333] | v4:G0[0.334,0.333,0.333]
[TopoTrace Step 0] v0:G0[0.333,0.333,0.333] | v1:G2[0.333,0.333,0.334] | v2:G1[0.333,0.334,0.333] | v3:G1[0.333,0.333,0.333] | v4:G0[0.334,0.333,0.333]
[TopoTrace Step 0] v0:G0[0.333,0.333,0.333] | v1:G2[0.333,0.333,0.334] | v2:G1[0.333,0.334,0.333] | v3:G1[0.333,0.333,0.333] | v4:G0[0.334,0.333,0.333]
[TopoTrace Step 0] v0:G0[0.333,0.333,0.333] | v1:G2[0.333,0.333,0.334] | v2:G1[0.333,0.334,0.333] | v3:G1[0.333,0.333,0.333] | v4:G0[0.334,0.333,0.333]
[TopoTrace Step 0] v0:G0[0.333,0.333,0.333] | v1:G2[0.333,0.333,0.334] | v2:G1[0.333,0.334,0.333] | v3:G1[0.333,0.333,0.333] | v4:G0[0.334,0.333,0.333]
[TopoTrace Step 0] v0:G0[0.333,0.333,0.333] | v1:G2[0.333,0.333,0.334] | v2:G1[0.333,0.334,0.333] | v3:G1[0.333,0.333,0.333] | v4:G0[0.334,0.333,0.333]
[TopoTrace Step 0] v0:G0[0.333,0.333,0.333] | v1:G2[0.333,0.333,0.334] | v2:G1[0.333,0.334,0.333] | v3:G1[0.333,0.333,0.333] | v4:G0[0.334,0.333,0.333]
[TopoTrace Step 0] v0:G0[0.333,0.333,0.333] | v1:G2[0.333,0.333,0.334] | v2:G1[0.333,0.334,0.333] | v3:G1[0.333,0.333,0.333] | v4:G0[0.334,0.333,0.333]
[TopoTrace Step 0] v0:G0[0.333,0.333,0.333] | v1:G2[0.333,0.333,0.334] | v2:G1[0.333,0.334,0.333] | v3:G1[0.333,0.333,0.333] | v4:G0[0.334,0.333,0.333]
[TopoTrace Step 0] v0:G0[0.333,0.333,0.333] | v1:G2[0.333,0.333,0.334] | v2:G1[0.333,0.334,0.333] | v3:G1[0.333,0.333,0.333] | v4:G0[0.334,0.333,0.333]
[TopoTrace Step 0] v0:G0[0.333,0.333,0.333] | v1:G2[0.333,0.333,0.334] | v2:G1[0.333,0.334,0.333] | v3:G1[0.333,0.333,0.333] | v4:G0[0.334,0.333,0.333]
[TopoTrace Step 0] v0:G0[0.333,0.333,0.333] | v1:G2[0.333,0.333,0.334] | v2:G1[0.333,0.334,0.333] | v3:G1[0.333,0.333,0.333] | v4:G0[0.334,0.333,0.333][TopoTrace Step 0] v0:G0[0.333,0.333,0.333] | v1:G2[0.333,0.333,0.334] | v2:G1[0.333,0.334,0.333] | v3:G1[0.333,0.333,0.333] | v4:G0[0.334,0.333,0.333]

[TopoTrace Step 0] v0:G0[0.333,0.333,0.333] | v1:G2[0.333,0.333,0.334] | v2:G1[0.333,0.334,0.333] | v3:G1[0.333,0.333,0.333] | v4:G0[0.334,0.333,0.333]
[TopoTrace Step 0] v0:G0[0.333,0.333,0.333] | v1:G2[0.333,0.333,0.334] | v2:G1[0.333,0.334,0.333] | v3:G1[0.333,0.333,0.333] | v4:G0[0.334,0.333,0.333]
[TopoTrace Step 0] v0:G0[0.333,0.333,0.333] | v1:G2[0.333,0.333,0.334] | v2:G1[0.333,0.334,0.333] | v3:G1[0.333,0.333,0.333] | v4:G0[0.334,0.333,0.333]
[TopoTrace Step 0] v0:G0[0.333,0.333,0.333] | v1:G2[0.333,0.333,0.334] | v2:G1[0.333,0.334,0.333] | v3:G1[0.333,0.333,0.333] | v4:G0[0.334,0.333,0.333]
[TopoTrace Step 0] v0:G0[0.333,0.333,0.333] | v1:G2[0.333,0.333,0.334] | v2:G1[0.333,0.334,0.333] | v3:G1[0.333,0.333,0.333] | v4:G0[0.334,0.333,0.333]
[TopoTrace Step 0] v0:G0[0.333,0.333,0.333] | v1:G2[0.333,0.333,0.334] | v2:G1[0.333,0.334,0.333] | v3:G1[0.333,0.333,0.333] | v4:G0[0.334,0.333,0.333]
[TopoTrace Step 0] v0:G0[0.333,0.333,0.333] | v1:G2[0.333,0.333,0.334] | v2:G1[0.333,0.334,0.333] | v3:G1[0.333,0.333,0.333] | v4:G0[0.334,0.333,0.333][TopoTrace Step 0] v0:G0[0.333,0.333,0.333] | v1:G2[0.333,0.333,0.334] | v2:G1[0.333,0.334,0.333] | v3:G1[0.333,0.333,0.333] | v4:G0[0.334,0.333,0.333]

[TopoTrace Step 0] v0:G0[0.333,0.333,0.333] | v1:G2[0.333,0.333,0.334] | v2:G1[0.333,0.334,0.333] | v3:G1[0.333,0.333,0.333] | v4:G0[0.334,0.333,0.333]
[TopoTrace Step 0] v0:G0[0.333,0.333,0.333] | v1:G2[0.333,0.333,0.334] | v2:G1[0.333,0.334,0.333] | v3:G1[0.333,0.333,0.333] | v4:G0[0.334,0.333,0.333]
[TopoTrace Step 0] v0:G0[0.333,0.333,0.333] | v1:G2[0.333,0.333,0.334] | v2:G1[0.333,0.334,0.333] | v3:G1[0.333,0.333,0.333] | v4:G0[0.334,0.333,0.333][TopoTrace Step 0] v0:G0[0.333,0.333,0.333] | v1:G2[0.333,0.333,0.334] | v2:G1[0.333,0.334,0.333] | v3:G1[0.333,0.333,0.333] | v4:G0[0.334,0.333,0.333]

[TopoTrace Step 0] v0:G0[0.333,0.333,0.333] | v1:G2[0.333,0.333,0.334] | v2:G1[0.333,0.334,0.333] | v3:G1[0.333,0.333,0.333] | v4:G0[0.334,0.333,0.333]
[TopoTrace Step 0] v0:G0[0.333,0.333,0.333] | v1:G2[0.333,0.333,0.334] | v2:G1[0.333,0.334,0.333] | v3:G1[0.333,0.333,0.333] | v4:G0[0.334,0.333,0.333]
[TopoTrace Step 0] v0:G0[0.333,0.333,0.333] | v1:G2[0.333,0.333,0.334] | v2:G1[0.333,0.334,0.333] | v3:G1[0.333,0.333,0.333] | v4:G0[0.334,0.333,0.333][TopoTrace Step 0] v0:G0[0.333,0.333,0.333] | v1:G2[0.333,0.333,0.334] | v2:G1[0.333,0.334,0.333] | v3:G1[0.333,0.333,0.333] | v4:G0[0.334,0.333,0.333]

[TopoTrace Step 0] v0:G0[0.333,0.333,0.333] | v1:G2[0.333,0.333,0.334] | v2:G1[0.333,0.334,0.333] | v3:G1[0.333,0.333,0.333] | v4:G0[0.334,0.333,0.333]
[TopoTrace Step 0] v0:G0[0.333,0.333,0.333] | v1:G2[0.333,0.333,0.334] | v2:G1[0.333,0.334,0.333] | v3:G1[0.333,0.333,0.333] | v4:G0[0.334,0.333,0.333]
[TopoTrace Step 0] v0:G0[0.333,0.333,0.333] | v1:G2[0.333,0.333,0.334] | v2:G1[0.333,0.334,0.333] | v3:G1[0.333,0.333,0.333] | v4:G0[0.334,0.333,0.333][TopoTrace Step 0] v0:G0[0.333,0.333,0.333] | v1:G2[0.333,0.333,0.334] | v2:G1[0.333,0.334,0.333] | v3:G1[0.333,0.333,0.333] | v4:G0[0.334,0.333,0.333]

[TopoTrace Step 0] v0:G0[0.333,0.333,0.333] | v1:G2[0.333,0.333,0.334] | v2:G1[0.333,0.334,0.333] | v3:G1[0.333,0.333,0.333] | v4:G0[0.334,0.333,0.333]
[TopoTrace Step 0] v0:G0[0.333,0.333,0.333] | v1:G2[0.333,0.333,0.334] | v2:G1[0.333,0.334,0.333] | v3:G1[0.333,0.333,0.333] | v4:G0[0.334,0.333,0.333]
[TopoTrace Step 0] v0:G0[0.333,0.333,0.333] | v1:G2[0.333,0.333,0.334] | v2:G1[0.333,0.334,0.333] | v3:G1[0.333,0.333,0.333] | v4:G0[0.334,0.333,0.333]
[TopoTrace Step 0] v0:G0[0.333,0.333,0.333] | v1:G2[0.333,0.333,0.334] | v2:G1[0.333,0.334,0.333] | v3:G1[0.333,0.333,0.333] | v4:G0[0.334,0.333,0.333]
[TopoTrace Step 0] v0:G0[0.334,0.333,0.333] | v1:G2[0.333,0.333,0.334] | v2:G1[0.333,0.334,0.333] | v3:G1[0.333,0.334,0.333] | v4:G0[0.334,0.333,0.333]
[TopoTrace Step 0] v0:G0[0.334,0.333,0.333] | v1:G2[0.333,0.333,0.334] | v2:G1[0.333,0.334,0.333] | v3:G1[0.333,0.334,0.333] | v4:G0[0.334,0.333,0.333]
[TopoTrace Step 0] v0:G0[0.334,0.333,0.333] | v1:G2[0.333,0.333,0.334] | v2:G1[0.333,0.334,0.333] | v3:G1[0.333,0.334,0.333] | v4:G0[0.334,0.333,0.333]
[TopoTrace Step 0] v0:G0[0.334,0.333,0.333] | v1:G2[0.333,0.333,0.334] | v2:G1[0.333,0.334,0.333] | v3:G1[0.333,0.334,0.333] | v4:G0[0.334,0.333,0.333]
[TopoTrace Step 0] v0:G0[0.334,0.333,0.333] | v1:G2[0.333,0.333,0.334] | v2:G1[0.333,0.334,0.333] | v3:G1[0.333,0.334,0.333] | v4:G0[0.334,0.333,0.333]
[TopoTrace Step 0] v0:G0[0.334,0.333,0.333] | v1:G2[0.333,0.333,0.334] | v2:G1[0.333,0.334,0.333] | v3:G1[0.333,0.334,0.333] | v4:G0[0.334,0.333,0.333]
[TopoTrace Step 0] v0:G0[0.334,0.333,0.333] | v1:G2[0.333,0.333,0.334] | v2:G1[0.333,0.334,0.333] | v3:G1[0.333,0.334,0.333] | v4:G0[0.334,0.333,0.333][TopoTrace Step 0] v0:G0[0.334,0.333,0.333] | v1:G2[0.333,0.333,0.334] | v2:G1[0.333,0.334,0.333] | v3:G1[0.333,0.334,0.333] | v4:G0[0.334,0.333,0.333]

[TopoTrace Step 0] v0:G0[0.334,0.333,0.333] | v1:G2[0.333,0.333,0.334] | v2:G1[0.333,0.334,0.333] | v3:G1[0.333,0.334,0.333] | v4:G0[0.334,0.333,0.333]
[TopoTrace Step 0] v0:G0[0.334,0.333,0.333] | v1:G2[0.333,0.333,0.334] | v2:G1[0.333,0.334,0.333] | v3:G1[0.333,0.334,0.333] | v4:G0[0.334,0.333,0.333]
[TopoTrace Step 0] v0:G0[0.334,0.333,0.333] | v1:G2[0.333,0.333,0.334] | v2:G1[0.333,0.334,0.333] | v3:G1[0.333,0.334,0.333] | v4:G0[0.334,0.333,0.333][TopoTrace Step 0] v0:G0[0.334,0.333,0.333] | v1:G2[0.333,0.333,0.334] | v2:G1[0.333,0.334,0.333] | v3:G1[0.333,0.334,0.333] | v4:G0[0.334,0.333,0.333]

[TopoTrace Step 0] v0:G0[0.334,0.333,0.333] | v1:G2[0.333,0.333,0.334] | v2:G1[0.333,0.334,0.333] | v3:G1[0.333,0.334,0.333] | v4:G0[0.334,0.333,0.333]
[TopoTrace Step 0] v0:G0[0.334,0.333,0.333] | v1:G2[0.333,0.333,0.334] | v2:G1[0.333,0.334,0.333] | v3:G1[0.333,0.334,0.333] | v4:G0[0.334,0.333,0.333]
[TopoTrace Step 0] v0:G0[0.334,0.333,0.333] | v1:G2[0.333,0.333,0.334] | v2:G1[0.333,0.334,0.333] | v3:G1[0.333,0.334,0.333] | v4:G0[0.334,0.333,0.333][TopoTrace Step 0] v0:G0[0.334,0.333,0.333] | v1:G2[0.333,0.333,0.334] | v2:G1[0.333,0.334,0.333] | v3:G1[0.333,0.334,0.333] | v4:G0[0.334,0.333,0.333]

[TopoTrace Step 0] v0:G0[0.334,0.333,0.333] | v1:G2[0.333,0.333,0.334] | v2:G1[0.333,0.334,0.333] | v3:G1[0.333,0.334,0.333] | v4:G0[0.334,0.333,0.333]
[TopoTrace Step 0] v0:G0[0.334,0.333,0.333] | v1:G2[0.333,0.333,0.334] | v2:G1[0.333,0.334,0.333] | v3:G1[0.333,0.334,0.333] | v4:G0[0.334,0.333,0.333]
[TopoTrace Step 0] v0:G0[0.334,0.333,0.333] | v1:G2[0.333,0.333,0.334] | v2:G1[0.333,0.334,0.333] | v3:G1[0.333,0.334,0.333] | v4:G0[0.334,0.333,0.333]
[TopoTrace Step 0] v0:G0[0.334,0.333,0.333] | v1:G2[0.333,0.333,0.334] | v2:G1[0.333,0.334,0.333] | v3:G1[0.333,0.334,0.333] | v4:G0[0.334,0.333,0.333]
[TopoTrace Step 0] v0:G0[0.334,0.333,0.333] | v1:G2[0.333,0.333,0.334] | v2:G1[0.333,0.334,0.333] | v3:G1[0.333,0.334,0.333] | v4:G0[0.334,0.333,0.333]
[TopoTrace Step 0] v0:G0[0.334,0.333,0.333] | v1:G2[0.333,0.333,0.334] | v2:G1[0.333,0.334,0.333] | v3:G1[0.333,0.334,0.333] | v4:G0[0.334,0.333,0.333]
[TopoTrace Step 0] v0:G0[0.334,0.333,0.333] | v1:G2[0.333,0.333,0.334] | v2:G1[0.333,0.334,0.333] | v3:G1[0.333,0.334,0.333] | v4:G0[0.334,0.333,0.333][TopoTrace Step 0] v0:G0[0.334,0.333,0.333] | v1:G2[0.333,0.333,0.334] | v2:G1[0.333,0.334,0.333] | v3:G1[0.333,0.334,0.333] | v4:G0[0.334,0.333,0.333]

[TopoTrace Step 0] v0:G0[0.334,0.333,0.333] | v1:G2[0.333,0.333,0.334] | v2:G1[0.333,0.334,0.333] | v3:G1[0.333,0.334,0.333] | v4:G0[0.334,0.333,0.333]
[TopoTrace Step 0] v0:G0[0.334,0.333,0.333] | v1:G2[0.333,0.333,0.334] | v2:G1[0.333,0.334,0.333] | v3:G1[0.333,0.334,0.333] | v4:G0[0.334,0.333,0.333]
[TopoTrace Step 0] v0:G0[0.334,0.333,0.333] | v1:G2[0.333,0.333,0.334] | v2:G1[0.333,0.334,0.333] | v3:G1[0.333,0.334,0.333] | v4:G0[0.334,0.333,0.333]
[TopoTrace Step 0] v0:G0[0.334,0.333,0.333] | v1:G2[0.333,0.333,0.334] | v2:G1[0.333,0.334,0.333] | v3:G1[0.333,0.334,0.333] | v4:G0[0.334,0.333,0.333]
[TopoTrace Step 0] v0:G0[0.334,0.333,0.333] | v1:G2[0.333,0.333,0.334] | v2:G1[0.333,0.334,0.333] | v3:G1[0.333,0.334,0.333] | v4:G0[0.334,0.333,0.333]
[TopoTrace Step 0] v0:G0[0.334,0.333,0.333] | v1:G2[0.333,0.333,0.334] | v2:G1[0.333,0.334,0.333] | v3:G1[0.333,0.334,0.333] | v4:G0[0.334,0.333,0.333]
[TopoTrace Step 0] v0:G0[0.334,0.333,0.333] | v1:G2[0.333,0.333,0.334] | v2:G1[0.333,0.334,0.333] | v3:G1[0.333,0.334,0.333] | v4:G0[0.334,0.333,0.333][TopoTrace Step 0] v0:G0[0.334,0.333,0.333] | v1:G2[0.333,0.333,0.334] | v2:G1[0.333,0.334,0.333] | v3:G1[0.333,0.334,0.333] | v4:G0[0.334,0.333,0.333]

[TopoTrace Step 0] v0:G0[0.334,0.333,0.333] | v1:G2[0.333,0.333,0.334] | v2:G1[0.333,0.334,0.333] | v3:G1[0.333,0.334,0.333] | v4:G0[0.334,0.333,0.333]
[TopoTrace Step 0] v0:G0[0.334,0.333,0.333] | v1:G2[0.333,0.333,0.334] | v2:G1[0.333,0.334,0.333] | v3:G1[0.333,0.334,0.333] | v4:G0[0.334,0.333,0.333]
[TopoTrace Step 0] v0:G0[0.334,0.333,0.333] | v1:G2[0.333,0.333,0.334] | v2:G1[0.333,0.334,0.333] | v3:G1[0.333,0.334,0.333] | v4:G0[0.334,0.333,0.333]
[TopoTrace Step 0] v0:G0[0.334,0.333,0.333] | v1:G2[0.333,0.333,0.334] | v2:G1[0.333,0.334,0.333] | v3:G1[0.333,0.334,0.333] | v4:G0[0.334,0.333,0.333]
[TopoTrace Step 0] v0:G0[0.334,0.333,0.333] | v1:G2[0.333,0.333,0.334] | v2:G1[0.333,0.334,0.333] | v3:G1[0.333,0.334,0.333] | v4:G0[0.334,0.333,0.333]
[TopoTrace Step 0] v0:G0[0.334,0.333,0.333] | v1:G2[0.333,0.333,0.334] | v2:G1[0.333,0.334,0.333] | v3:G1[0.333,0.334,0.333] | v4:G0[0.334,0.333,0.333]
[TopoTrace Step 0] v0:G0[0.334,0.333,0.333] | v1:G2[0.333,0.333,0.334] | v2:G1[0.333,0.334,0.333] | v3:G1[0.333,0.334,0.333] | v4:G0[0.334,0.333,0.333]
[TopoTrace Step 0] v0:G0[0.334,0.333,0.333] | v1:G2[0.333,0.333,0.334] | v2:G1[0.333,0.334,0.333] | v3:G1[0.333,0.334,0.333] | v4:G0[0.334,0.333,0.333]
[TopoTrace Step 0] v0:G0[0.334,0.333,0.333] | v1:G2[0.333,0.333,0.334] | v2:G1[0.333,0.334,0.333] | v3:G1[0.333,0.334,0.333] | v4:G0[0.334,0.333,0.333]
[TopoTrace Step 0] v0:G0[0.334,0.333,0.333] | v1:G2[0.333,0.333,0.334] | v2:G1[0.333,0.334,0.333] | v3:G1[0.333,0.334,0.333] | v4:G0[0.334,0.333,0.333]
[TopoTrace Step 0] v0:G0[0.334,0.333,0.333] | v1:G2[0.333,0.333,0.334] | v2:G1[0.333,0.334,0.333] | v3:G1[0.333,0.334,0.333] | v4:G0[0.334,0.333,0.333]
[TopoTrace Step 0] v0:G0[0.334,0.333,0.333] | v1:G2[0.333,0.333,0.334] | v2:G1[0.333,0.334,0.333] | v3:G1[0.333,0.334,0.333] | v4:G0[0.334,0.333,0.333]
[TopoTrace Step 0] v0:G0[0.334,0.333,0.333] | v1:G2[0.333,0.333,0.334] | v2:G1[0.333,0.334,0.333] | v3:G1[0.333,0.334,0.333] | v4:G0[0.334,0.333,0.333]
[TopoTrace Step 0] v0:G0[0.334,0.333,0.333] | v1:G2[0.333,0.333,0.334] | v2:G1[0.333,0.334,0.333] | v3:G1[0.333,0.334,0.333] | v4:G0[0.334,0.333,0.333]
[TopoTrace Step 0] v0:G0[0.334,0.333,0.333] | v1:G2[0.333,0.333,0.334] | v2:G1[0.333,0.334,0.333] | v3:G1[0.333,0.334,0.333] | v4:G0[0.334,0.333,0.333]
[TopoTrace Step 0] v0:G0[0.334,0.333,0.333] | v1:G2[0.333,0.333,0.334] | v2:G1[0.333,0.334,0.333] | v3:G1[0.333,0.334,0.333] | v4:G0[0.334,0.333,0.333]
[TopoTrace Step 0] v0:G0[0.334,0.333,0.333] | v1:G2[0.333,0.333,0.334] | v2:G1[0.333,0.334,0.333] | v3:G1[0.333,0.334,0.333] | v4:G0[0.334,0.333,0.333]
[TopoTrace Step 0] v0:G0[0.334,0.333,0.333] | v1:G2[0.333,0.333,0.334] | v2:G1[0.333,0.334,0.333] | v3:G1[0.333,0.334,0.333] | v4:G0[0.334,0.333,0.333]
[TopoTrace Step 0] v0:G0[0.334,0.333,0.333] | v1:G2[0.333,0.333,0.334] | v2:G1[0.333,0.334,0.333] | v3:G1[0.333,0.334,0.333] | v4:G0[0.334,0.333,0.333][TopoTrace Step 0] v0:G0[0.334,0.333,0.333] | v1:G2[0.333,0.333,0.334] | v2:G1[0.333,0.334,0.333] | v3:G1[0.333,0.334,0.333] | v4:G0[0.334,0.333,0.333]

[TopoTrace Step 0] v0:G0[0.334,0.333,0.333] | v1:G2[0.333,0.333,0.334] | v2:G1[0.333,0.334,0.333] | v3:G1[0.333,0.334,0.333] | v4:G0[0.334,0.333,0.333]
[TopoTrace Step 0] v0:G0[0.334,0.333,0.333] | v1:G2[0.333,0.333,0.334] | v2:G1[0.333,0.334,0.333] | v3:G1[0.333,0.334,0.333] | v4:G0[0.334,0.333,0.333]
[TopoTrace Step 0] v0:G0[0.334,0.333,0.333] | v1:G2[0.333,0.333,0.334] | v2:G1[0.333,0.334,0.333] | v3:G1[0.333,0.334,0.333] | v4:G0[0.334,0.333,0.333][TopoTrace Step 0] v0:G0[0.334,0.333,0.333] | v1:G2[0.333,0.333,0.334] | v2:G1[0.333,0.334,0.333] | v3:G1[0.333,0.334,0.333] | v4:G0[0.334,0.333,0.333]

[TopoTrace Step 0] v0:G0[0.334,0.333,0.333] | v1:G2[0.333,0.333,0.334] | v2:G1[0.333,0.334,0.333] | v3:G1[0.333,0.333,0.333] | v4:G0[0.334,0.333,0.333]
[TopoTrace Step 0] v0:G0[0.334,0.333,0.333] | v1:G2[0.333,0.333,0.334] | v2:G1[0.333,0.334,0.333] | v3:G1[0.333,0.333,0.333] | v4:G0[0.334,0.333,0.333]
[TopoTrace Step 0] v0:G0[0.334,0.333,0.333] | v1:G2[0.333,0.333,0.334] | v2:G1[0.333,0.334,0.333] | v3:G1[0.333,0.333,0.333] | v4:G0[0.334,0.333,0.333]
[TopoTrace Step 0] v0:G0[0.334,0.333,0.333] | v1:G2[0.333,0.333,0.334] | v2:G1[0.333,0.334,0.333] | v3:G1[0.333,0.333,0.333] | v4:G0[0.334,0.333,0.333]
[TopoTrace Step 0] v0:G0[0.334,0.333,0.333] | v1:G2[0.333,0.333,0.334] | v2:G1[0.333,0.334,0.333] | v3:G1[0.333,0.333,0.333] | v4:G0[0.334,0.333,0.333]
[TopoTrace Step 0] v0:G0[0.334,0.333,0.333] | v1:G2[0.333,0.333,0.334] | v2:G1[0.333,0.334,0.333] | v3:G1[0.333,0.333,0.333] | v4:G0[0.334,0.333,0.333]
[TopoTrace Step 0] v0:G0[0.334,0.333,0.333] | v1:G2[0.333,0.333,0.334] | v2:G1[0.333,0.334,0.333] | v3:G1[0.333,0.333,0.333] | v4:G0[0.334,0.333,0.333][TopoTrace Step 0] v0:G0[0.334,0.333,0.333] | v1:G2[0.333,0.333,0.334] | v2:G1[0.333,0.334,0.333] | v3:G1[0.333,0.333,0.333] | v4:G0[0.334,0.333,0.333]

[TopoTrace Step 0] v0:G0[0.334,0.333,0.333] | v1:G2[0.333,0.333,0.334] | v2:G1[0.333,0.334,0.333] | v3:G1[0.333,0.333,0.333] | v4:G0[0.334,0.333,0.333]
[TopoTrace Step 0] v0:G0[0.334,0.333,0.333] | v1:G2[0.333,0.333,0.334] | v2:G1[0.333,0.334,0.333] | v3:G1[0.333,0.333,0.333] | v4:G0[0.334,0.333,0.333]
[TopoTrace Step 0] v0:G0[0.334,0.333,0.333] | v1:G2[0.333,0.333,0.334] | v2:G1[0.333,0.334,0.333] | v3:G1[0.333,0.333,0.333] | v4:G0[0.334,0.333,0.333][TopoTrace Step 0] v0:G0[0.334,0.333,0.333] | v1:G2[0.333,0.333,0.334] | v2:G1[0.333,0.334,0.333] | v3:G1[0.333,0.333,0.333] | v4:G0[0.334,0.333,0.333]

[TopoTrace Step 0] v0:G0[0.334,0.333,0.333] | v1:G2[0.333,0.333,0.334] | v2:G1[0.333,0.334,0.333] | v3:G1[0.333,0.333,0.333] | v4:G0[0.334,0.333,0.333]
[TopoTrace Step 0] v0:G0[0.334,0.333,0.333] | v1:G2[0.333,0.333,0.334] | v2:G1[0.333,0.334,0.333] | v3:G1[0.333,0.333,0.333] | v4:G0[0.334,0.333,0.333]
[TopoTrace Step 0] v0:G0[0.334,0.333,0.333] | v1:G2[0.333,0.333,0.334] | v2:G1[0.333,0.334,0.333] | v3:G1[0.333,0.333,0.333] | v4:G0[0.334,0.333,0.333]
[TopoTrace Step 0] v0:G0[0.334,0.333,0.333] | v1:G2[0.333,0.333,0.334] | v2:G1[0.333,0.334,0.333] | v3:G1[0.333,0.333,0.333] | v4:G0[0.334,0.333,0.333]
[TopoTrace Step 0] v0:G0[0.333,0.333,0.333] | v1:G2[0.333,0.333,0.334] | v2:G1[0.333,0.334,0.333] | v3:G1[0.333,0.333,0.333] | v4:G0[0.334,0.333,0.333]
[TopoTrace Step 0] v0:G0[0.333,0.333,0.333] | v1:G2[0.333,0.333,0.334] | v2:G1[0.333,0.334,0.333] | v3:G1[0.333,0.333,0.333] | v4:G0[0.334,0.333,0.333]
[TopoTrace Step 0] v0:G0[0.333,0.333,0.333] | v1:G2[0.333,0.333,0.334] | v2:G1[0.333,0.334,0.333] | v3:G1[0.333,0.333,0.333] | v4:G0[0.334,0.333,0.333][TopoTrace Step 0] v0:G0[0.333,0.333,0.333] | v1:G2[0.333,0.333,0.334] | v2:G1[0.333,0.334,0.333] | v3:G1[0.333,0.333,0.333] | v4:G0[0.334,0.333,0.333]

[TopoTrace Step 0] v0:G0[0.333,0.333,0.333] | v1:G2[0.333,0.333,0.334] | v2:G1[0.333,0.334,0.333] | v3:G1[0.333,0.333,0.333] | v4:G0[0.334,0.333,0.333]
[TopoTrace Step 0] v0:G0[0.333,0.333,0.333] | v1:G2[0.333,0.333,0.334] | v2:G1[0.333,0.334,0.333] | v3:G1[0.333,0.333,0.333] | v4:G0[0.334,0.333,0.333]
[TopoTrace Step 0] v0:G0[0.333,0.333,0.333] | v1:G2[0.333,0.333,0.334] | v2:G1[0.333,0.334,0.333] | v3:G1[0.333,0.333,0.333] | v4:G0[0.334,0.333,0.333]
[TopoTrace Step 0] v0:G0[0.333,0.333,0.333] | v1:G2[0.333,0.333,0.334] | v2:G1[0.333,0.334,0.333] | v3:G1[0.333,0.333,0.333] | v4:G0[0.334,0.333,0.333]
[TopoTrace Step 0] v0:G0[0.333,0.333,0.333] | v1:G2[0.333,0.333,0.334] | v2:G1[0.333,0.334,0.333] | v3:G1[0.333,0.333,0.333] | v4:G0[0.334,0.333,0.333]
[TopoTrace Step 0] v0:G0[0.333,0.333,0.333] | v1:G2[0.333,0.333,0.334] | v2:G1[0.333,0.334,0.333] | v3:G1[0.333,0.333,0.333] | v4:G0[0.334,0.333,0.333]
[TopoTrace Step 0] v0:G0[0.333,0.333,0.333] | v1:G2[0.333,0.333,0.334] | v2:G1[0.333,0.334,0.333] | v3:G1[0.333,0.333,0.333] | v4:G0[0.334,0.333,0.333]
[TopoTrace Step 0] v0:G0[0.333,0.333,0.333] | v1:G2[0.333,0.333,0.334] | v2:G1[0.333,0.334,0.333] | v3:G1[0.333,0.333,0.333] | v4:G0[0.334,0.333,0.333]
[TopoTrace Step 0] v0:G0[0.333,0.333,0.333] | v1:G2[0.333,0.333,0.334] | v2:G1[0.333,0.334,0.333] | v3:G0[0.333,0.333,0.333] | v4:G0[0.334,0.333,0.333]
[TopoTrace Step 0] v0:G0[0.333,0.333,0.333] | v1:G2[0.333,0.333,0.334] | v2:G1[0.333,0.334,0.333] | v3:G0[0.333,0.333,0.333] | v4:G0[0.334,0.333,0.333]
[TopoTrace Step 0] v0:G0[0.333,0.333,0.333] | v1:G2[0.333,0.333,0.334] | v2:G1[0.333,0.334,0.333] | v3:G0[0.333,0.333,0.333] | v4:G0[0.334,0.333,0.333]
[TopoTrace Step 0] v0:G0[0.333,0.333,0.333] | v1:G2[0.333,0.333,0.334] | v2:G1[0.333,0.334,0.333] | v3:G0[0.333,0.333,0.333] | v4:G0[0.334,0.333,0.333]
[TopoTrace Step 0] v0:G0[0.333,0.333,0.333] | v1:G2[0.333,0.333,0.334] | v2:G1[0.333,0.334,0.333] | v3:G0[0.333,0.333,0.333] | v4:G0[0.334,0.333,0.333]
[TopoTrace Step 0] v0:G0[0.333,0.333,0.333] | v1:G2[0.333,0.333,0.334] | v2:G1[0.333,0.334,0.333] | v3:G0[0.333,0.333,0.333] | v4:G0[0.334,0.333,0.333]
[TopoTrace Step 0] v0:G0[0.333,0.333,0.333] | v1:G2[0.333,0.333,0.334] | v2:G1[0.333,0.334,0.333] | v3:G0[0.333,0.333,0.333] | v4:G0[0.334,0.333,0.333][TopoTrace Step 0] v0:G0[0.333,0.333,0.333] | v1:G2[0.333,0.333,0.334] | v2:G1[0.333,0.334,0.333] | v3:G0[0.333,0.333,0.333] | v4:G0[0.334,0.333,0.333]

[TopoTrace Step 0] v0:G0[0.333,0.333,0.333] | v1:G2[0.333,0.333,0.334] | v2:G1[0.333,0.334,0.333] | v3:G0[0.333,0.333,0.333] | v4:G0[0.334,0.333,0.333]
[TopoTrace Step 0] v0:G0[0.333,0.333,0.333] | v1:G2[0.333,0.333,0.334] | v2:G1[0.333,0.334,0.333] | v3:G0[0.333,0.333,0.333] | v4:G0[0.334,0.333,0.333]
[TopoTrace Step 0] v0:G0[0.333,0.333,0.333] | v1:G2[0.333,0.333,0.334] | v2:G1[0.333,0.334,0.333] | v3:G0[0.333,0.333,0.333] | v4:G0[0.334,0.333,0.333][TopoTrace Step 0] v0:G0[0.333,0.333,0.333] | v1:G2[0.333,0.333,0.334] | v2:G1[0.333,0.334,0.333] | v3:G0[0.333,0.333,0.333] | v4:G0[0.334,0.333,0.333]

[TopoTrace Step 0] v0:G0[0.333,0.333,0.333] | v1:G2[0.333,0.333,0.334] | v2:G1[0.333,0.334,0.333] | v3:G0[0.333,0.333,0.333] | v4:G0[0.334,0.333,0.333]
[TopoTrace Step 0] v0:G0[0.333,0.333,0.333] | v1:G2[0.333,0.333,0.334] | v2:G1[0.333,0.334,0.333] | v3:G0[0.333,0.333,0.333] | v4:G0[0.334,0.333,0.333]
[TopoTrace Step 0] v0:G0[0.333,0.333,0.333] | v1:G2[0.333,0.333,0.334] | v2:G1[0.333,0.334,0.333] | v3:G0[0.333,0.333,0.333] | v4:G0[0.334,0.333,0.333]
[TopoTrace Step 0] v0:G0[0.333,0.333,0.333] | v1:G2[0.333,0.333,0.334] | v2:G1[0.333,0.334,0.333] | v3:G0[0.333,0.333,0.333] | v4:G0[0.334,0.333,0.333]
[TopoTrace Step 0] v0:G0[0.333,0.333,0.333] | v1:G2[0.333,0.333,0.334] | v2:G1[0.333,0.334,0.333] | v3:G0[0.333,0.333,0.333] | v4:G0[0.334,0.333,0.333]
[TopoTrace Step 0] v0:G0[0.333,0.333,0.333] | v1:G2[0.333,0.333,0.334] | v2:G1[0.333,0.334,0.333] | v3:G0[0.333,0.333,0.333] | v4:G0[0.334,0.333,0.333]
[TopoTrace Step 0] v0:G0[0.333,0.333,0.333] | v1:G2[0.333,0.333,0.334] | v2:G1[0.333,0.334,0.333] | v3:G0[0.333,0.333,0.333] | v4:G0[0.334,0.333,0.333][TopoTrace Step 0] v0:G0[0.333,0.333,0.333] | v1:G2[0.333,0.333,0.334] | v2:G1[0.333,0.334,0.333] | v3:G0[0.333,0.333,0.333] | v4:G0[0.334,0.333,0.333]

[TopoTrace Step 0] v0:G0[0.333,0.333,0.333] | v1:G2[0.333,0.333,0.334] | v2:G1[0.333,0.334,0.333] | v3:G0[0.333,0.333,0.333] | v4:G0[0.334,0.333,0.333]
[TopoTrace Step 0] v0:G0[0.333,0.333,0.333] | v1:G2[0.333,0.333,0.334] | v2:G1[0.333,0.334,0.333] | v3:G0[0.333,0.333,0.333] | v4:G0[0.334,0.333,0.333]
[TopoTrace Step 0] v0:G0[0.333,0.333,0.333] | v1:G2[0.333,0.333,0.334] | v2:G1[0.333,0.334,0.333] | v3:G0[0.333,0.333,0.333] | v4:G0[0.334,0.333,0.333]
[TopoTrace Step 0] v0:G0[0.333,0.333,0.333] | v1:G2[0.333,0.333,0.334] | v2:G1[0.333,0.334,0.333] | v3:G0[0.333,0.333,0.333] | v4:G0[0.334,0.333,0.333]
[TopoTrace Step 0] v0:G0[0.333,0.333,0.333] | v1:G2[0.333,0.333,0.334] | v2:G1[0.333,0.334,0.333] | v3:G0[0.333,0.333,0.333] | v4:G0[0.334,0.333,0.333]
[TopoTrace Step 0] v0:G0[0.333,0.333,0.333] | v1:G2[0.333,0.333,0.334] | v2:G1[0.333,0.334,0.333] | v3:G0[0.333,0.333,0.333] | v4:G0[0.334,0.333,0.333]
[TopoTrace Step 0] v0:G0[0.333,0.333,0.333] | v1:G2[0.333,0.333,0.334] | v2:G1[0.333,0.334,0.333] | v3:G0[0.333,0.333,0.333] | v4:G0[0.334,0.333,0.333]
[TopoTrace Step 0] v0:G0[0.333,0.333,0.333] | v1:G2[0.333,0.333,0.334] | v2:G1[0.333,0.334,0.333] | v3:G0[0.333,0.333,0.333] | v4:G0[0.334,0.333,0.333]
[TopoTrace Step 0] v0:G0[0.333,0.333,0.333] | v1:G2[0.333,0.333,0.334] | v2:G1[0.333,0.334,0.333] | v3:G0[0.333,0.333,0.333] | v4:G0[0.334,0.333,0.333]
[TopoTrace Step 0] v0:G0[0.333,0.333,0.333] | v1:G2[0.333,0.333,0.334] | v2:G1[0.333,0.334,0.333] | v3:G0[0.333,0.333,0.333] | v4:G0[0.334,0.333,0.333]
[TopoTrace Step 0] v0:G0[0.333,0.333,0.333] | v1:G2[0.333,0.333,0.334] | v2:G1[0.333,0.334,0.333] | v3:G0[0.333,0.333,0.333] | v4:G0[0.334,0.333,0.333][TopoTrace Step 0] v0:G0[0.333,0.333,0.333] | v1:G2[0.333,0.333,0.334] | v2:G1[0.333,0.334,0.333] | v3:G0[0.333,0.333,0.333] | v4:G0[0.334,0.333,0.333]

[TopoTrace Step 0] v0:G0[0.333,0.333,0.333] | v1:G2[0.333,0.333,0.334] | v2:G1[0.333,0.334,0.333] | v3:G0[0.333,0.333,0.333] | v4:G0[0.334,0.333,0.333]
[TopoTrace Step 0] v0:G0[0.333,0.333,0.333] | v1:G2[0.333,0.333,0.334] | v2:G1[0.333,0.334,0.333] | v3:G0[0.333,0.333,0.333] | v4:G0[0.334,0.333,0.333]
[TopoTrace Step 0] v0:G0[0.333,0.333,0.333] | v1:G2[0.333,0.333,0.334] | v2:G1[0.333,0.334,0.333] | v3:G0[0.333,0.333,0.333] | v4:G0[0.334,0.333,0.333][TopoTrace Step 0] v0:G0[0.333,0.333,0.333] | v1:G2[0.333,0.333,0.334] | v2:G1[0.333,0.334,0.333] | v3:G0[0.333,0.333,0.333] | v4:G0[0.334,0.333,0.333]

[TopoTrace Step 0] v0:G0[0.333,0.333,0.333] | v1:G2[0.333,0.333,0.334] | v2:G1[0.333,0.334,0.333] | v3:G0[0.333,0.333,0.333] | v4:G0[0.334,0.333,0.333]
[TopoTrace Step 0] v0:G0[0.333,0.333,0.333] | v1:G2[0.333,0.333,0.334] | v2:G1[0.333,0.334,0.333] | v3:G0[0.333,0.333,0.333] | v4:G0[0.334,0.333,0.333]
[TopoTrace Step 0] v0:G0[0.333,0.333,0.333] | v1:G2[0.333,0.333,0.334] | v2:G1[0.333,0.334,0.333] | v3:G0[0.333,0.333,0.333] | v4:G0[0.334,0.333,0.333][TopoTrace Step 0] v0:G0[0.333,0.333,0.333] | v1:G2[0.333,0.333,0.334] | v2:G1[0.333,0.334,0.333] | v3:G0[0.333,0.333,0.333] | v4:G0[0.334,0.333,0.333]

[TopoTrace Step 0] v0:G0[0.333,0.333,0.333] | v1:G2[0.333,0.333,0.334] | v2:G1[0.333,0.334,0.333] | v3:G0[0.333,0.333,0.333] | v4:G0[0.334,0.333,0.333]
[TopoTrace Step 0] v0:G0[0.333,0.333,0.333] | v1:G2[0.333,0.333,0.334] | v2:G1[0.333,0.334,0.333] | v3:G0[0.333,0.333,0.333] | v4:G0[0.334,0.333,0.333]
[TopoTrace Step 0] v0:G0[0.333,0.333,0.333] | v1:G2[0.333,0.333,0.334] | v2:G1[0.333,0.334,0.333] | v3:G0[0.333,0.333,0.333] | v4:G0[0.334,0.333,0.333]
[TopoTrace Step 0] v0:G0[0.333,0.333,0.333] | v1:G2[0.333,0.333,0.334] | v2:G1[0.333,0.334,0.333] | v3:G0[0.333,0.333,0.333] | v4:G0[0.334,0.333,0.333]
[TopoTrace Step 0] v0:G0[0.333,0.333,0.333] | v1:G2[0.333,0.333,0.334] | v2:G1[0.333,0.334,0.333] | v3:G0[0.333,0.333,0.333] | v4:G0[0.334,0.333,0.333]
[TopoTrace Step 0] v0:G0[0.333,0.333,0.333] | v1:G2[0.333,0.333,0.334] | v2:G1[0.333,0.334,0.333] | v3:G0[0.333,0.333,0.333] | v4:G0[0.334,0.333,0.333]
[TopoTrace Step 0] v0:G0[0.333,0.333,0.333] | v1:G2[0.333,0.333,0.334] | v2:G1[0.333,0.334,0.333] | v3:G0[0.333,0.333,0.333] | v4:G0[0.334,0.333,0.333]
[TopoTrace Step 0] v0:G0[0.333,0.333,0.333] | v1:G2[0.333,0.333,0.334] | v2:G1[0.333,0.334,0.333] | v3:G0[0.333,0.333,0.333] | v4:G0[0.334,0.333,0.333]
[TopoTrace Step 0] v0:G0[0.333,0.333,0.333] | v1:G2[0.333,0.333,0.334] | v2:G1[0.333,0.334,0.333] | v3:G0[0.333,0.333,0.333] | v4:G0[0.334,0.333,0.333]
[TopoTrace Step 0] v0:G0[0.333,0.333,0.333] | v1:G2[0.333,0.333,0.334] | v2:G1[0.333,0.334,0.333] | v3:G0[0.333,0.333,0.333] | v4:G0[0.334,0.333,0.333]
[TopoTrace Step 0] v0:G0[0.333,0.333,0.333] | v1:G2[0.333,0.333,0.334] | v2:G1[0.333,0.334,0.333] | v3:G0[0.333,0.333,0.333] | v4:G0[0.334,0.333,0.333][TopoTrace Step 0] v0:G0[0.333,0.333,0.333] | v1:G2[0.333,0.333,0.334] | v2:G1[0.333,0.334,0.333] | v3:G0[0.333,0.333,0.333] | v4:G0[0.334,0.333,0.333]

[TopoTrace Step 0] v0:G0[0.333,0.333,0.333] | v1:G2[0.333,0.333,0.334] | v2:G1[0.333,0.334,0.333] | v3:G0[0.333,0.333,0.333] | v4:G0[0.334,0.333,0.333]
[TopoTrace Step 0] v0:G0[0.333,0.333,0.333] | v1:G2[0.333,0.333,0.334] | v2:G1[0.333,0.334,0.333] | v3:G0[0.333,0.333,0.333] | v4:G0[0.334,0.333,0.333]
[TopoTrace Step 0] v0:G0[0.333,0.333,0.333] | v1:G2[0.333,0.333,0.334] | v2:G1[0.333,0.334,0.333] | v3:G0[0.333,0.333,0.333] | v4:G0[0.334,0.333,0.333][TopoTrace Step 0] v0:G0[0.333,0.333,0.333] | v1:G2[0.333,0.333,0.334] | v2:G1[0.333,0.334,0.333] | v3:G0[0.333,0.333,0.333] | v4:G0[0.334,0.333,0.333]

[TopoTrace Step 0] v0:G0[0.333,0.333,0.333] | v1:G2[0.333,0.333,0.334] | v2:G1[0.333,0.334,0.333] | v3:G0[0.333,0.333,0.333] | v4:G0[0.334,0.333,0.333]
[TopoTrace Step 0] v0:G0[0.333,0.333,0.333] | v1:G2[0.333,0.333,0.334] | v2:G1[0.333,0.334,0.333] | v3:G0[0.333,0.333,0.333] | v4:G0[0.334,0.333,0.333]
[TopoTrace Step 0] v0:G0[0.333,0.333,0.333] | v1:G2[0.333,0.333,0.334] | v2:G1[0.333,0.334,0.333] | v3:G0[0.333,0.333,0.333] | v4:G0[0.334,0.333,0.333][TopoTrace Step 0] v0:G0[0.333,0.333,0.333] | v1:G2[0.333,0.333,0.334] | v2:G1[0.333,0.334,0.333] | v3:G0[0.333,0.333,0.333] | v4:G0[0.334,0.333,0.333]

[TopoTrace Step 0] v0:G0[0.334,0.333,0.333] | v1:G2[0.333,0.333,0.334] | v2:G1[0.333,0.334,0.333] | v3:G0[0.333,0.333,0.333] | v4:G0[0.334,0.333,0.333]
[TopoTrace Step 0] v0:G0[0.334,0.333,0.333] | v1:G2[0.333,0.333,0.334] | v2:G1[0.333,0.334,0.333] | v3:G0[0.333,0.333,0.333] | v4:G0[0.334,0.333,0.333]
[TopoTrace Step 0] v0:G0[0.334,0.333,0.333] | v1:G2[0.333,0.333,0.334] | v2:G1[0.333,0.334,0.333] | v3:G0[0.333,0.333,0.333] | v4:G0[0.334,0.333,0.333][TopoTrace Step 0] v0:G0[0.334,0.333,0.333] | v1:G2[0.333,0.333,0.334] | v2:G1[0.333,0.334,0.333] | v3:G0[0.333,0.333,0.333] | v4:G0[0.334,0.333,0.333]

[TopoTrace Step 0] v0:G0[0.334,0.333,0.333] | v1:G2[0.333,0.333,0.334] | v2:G1[0.333,0.334,0.333] | v3:G0[0.333,0.333,0.333] | v4:G0[0.334,0.333,0.333]
[TopoTrace Step 0] v0:G0[0.334,0.333,0.333] | v1:G2[0.333,0.333,0.334] | v2:G1[0.333,0.334,0.333] | v3:G0[0.333,0.333,0.333] | v4:G0[0.334,0.333,0.333]
[TopoTrace Step 0] v0:G0[0.334,0.333,0.333] | v1:G2[0.333,0.333,0.334] | v2:G1[0.333,0.334,0.333] | v3:G0[0.333,0.333,0.333] | v4:G0[0.334,0.333,0.333][TopoTrace Step 0] v0:G0[0.334,0.333,0.333] | v1:G2[0.333,0.333,0.334] | v2:G1[0.333,0.334,0.333] | v3:G0[0.333,0.333,0.333] | v4:G0[0.334,0.333,0.333]

[TopoTrace Step 0] v0:G0[0.334,0.333,0.333] | v1:G2[0.333,0.333,0.334] | v2:G1[0.333,0.334,0.333] | v3:G0[0.333,0.333,0.333] | v4:G0[0.334,0.333,0.333]
[TopoTrace Step 0] v0:G0[0.334,0.333,0.333] | v1:G2[0.333,0.333,0.334] | v2:G1[0.333,0.334,0.333] | v3:G0[0.333,0.333,0.333] | v4:G0[0.334,0.333,0.333]
[TopoTrace Step 0] v0:G0[0.334,0.333,0.333] | v1:G2[0.333,0.333,0.334] | v2:G1[0.333,0.334,0.333] | v3:G0[0.333,0.333,0.333] | v4:G0[0.334,0.333,0.333]
[TopoTrace Step 0] v0:G0[0.334,0.333,0.333] | v1:G2[0.333,0.333,0.334] | v2:G1[0.333,0.334,0.333] | v3:G0[0.333,0.333,0.333] | v4:G0[0.334,0.333,0.333]
[TopoTrace Step 0] v0:G0[0.334,0.333,0.333] | v1:G2[0.333,0.333,0.334] | v2:G1[0.333,0.334,0.333] | v3:G0[0.333,0.333,0.333] | v4:G0[0.334,0.333,0.333]
[TopoTrace Step 0] v0:G0[0.334,0.333,0.333] | v1:G2[0.333,0.333,0.334] | v2:G1[0.333,0.334,0.333] | v3:G0[0.333,0.333,0.333] | v4:G0[0.334,0.333,0.333]
[TopoTrace Step 0] v0:G0[0.334,0.333,0.333] | v1:G2[0.333,0.333,0.334] | v2:G1[0.333,0.334,0.333] | v3:G0[0.333,0.333,0.333] | v4:G0[0.334,0.333,0.333][TopoTrace Step 0] v0:G0[0.334,0.333,0.333] | v1:G2[0.333,0.333,0.334] | v2:G1[0.333,0.334,0.333] | v3:G0[0.333,0.333,0.333] | v4:G0[0.334,0.333,0.333]

[TopoTrace Step 0] v0:G0[0.334,0.333,0.333] | v1:G2[0.333,0.333,0.334] | v2:G1[0.333,0.334,0.333] | v3:G0[0.333,0.333,0.333] | v4:G0[0.334,0.333,0.333]
[TopoTrace Step 0] v0:G0[0.334,0.333,0.333] | v1:G2[0.333,0.333,0.334] | v2:G1[0.333,0.334,0.333] | v3:G0[0.333,0.333,0.333] | v4:G0[0.334,0.333,0.333]
[TopoTrace Step 0] v0:G0[0.334,0.333,0.333] | v1:G2[0.333,0.333,0.334] | v2:G1[0.333,0.334,0.333] | v3:G0[0.333,0.333,0.333] | v4:G0[0.334,0.333,0.333][TopoTrace Step 0] v0:G0[0.334,0.333,0.333] | v1:G2[0.333,0.333,0.334] | v2:G1[0.333,0.334,0.333] | v3:G0[0.333,0.333,0.333] | v4:G0[0.334,0.333,0.333]

[TopoTrace Step 0] v0:G0[0.334,0.333,0.333] | v1:G2[0.333,0.333,0.334] | v2:G1[0.333,0.334,0.333] | v3:G0[0.333,0.333,0.333] | v4:G0[0.334,0.333,0.333]
[TopoTrace Step 0] v0:G0[0.334,0.333,0.333] | v1:G2[0.333,0.333,0.334] | v2:G1[0.333,0.334,0.333] | v3:G0[0.333,0.333,0.333] | v4:G0[0.334,0.333,0.333]
[TopoTrace Step 0] v0:G0[0.334,0.333,0.333] | v1:G2[0.333,0.333,0.334] | v2:G1[0.333,0.334,0.333] | v3:G0[0.333,0.333,0.333] | v4:G0[0.334,0.333,0.333][TopoTrace Step 0] v0:G0[0.334,0.333,0.333] | v1:G2[0.333,0.333,0.334] | v2:G1[0.333,0.334,0.333] | v3:G0[0.333,0.333,0.333] | v4:G0[0.334,0.333,0.333]

[TopoTrace Step 0] v0:G0[0.334,0.333,0.333] | v1:G2[0.333,0.333,0.334] | v2:G1[0.333,0.334,0.333] | v3:G0[0.333,0.333,0.333] | v4:G0[0.334,0.333,0.333]
[TopoTrace Step 0] v0:G0[0.334,0.333,0.333] | v1:G2[0.333,0.333,0.334] | v2:G1[0.333,0.334,0.333] | v3:G0[0.333,0.333,0.333] | v4:G0[0.334,0.333,0.333]
[TopoTrace Step 0] v0:G0[0.334,0.333,0.333] | v1:G2[0.333,0.333,0.334] | v2:G1[0.333,0.334,0.333] | v3:G0[0.333,0.333,0.333] | v4:G0[0.334,0.333,0.333]
[TopoTrace Step 0] v0:G0[0.334,0.333,0.333] | v1:G2[0.333,0.333,0.334] | v2:G1[0.333,0.334,0.333] | v3:G0[0.333,0.333,0.333] | v4:G0[0.334,0.333,0.333]
[TopoTrace Step 0] v0:G0[0.334,0.333,0.333] | v1:G2[0.333,0.333,0.334] | v2:G1[0.333,0.334,0.333] | v3:G0[0.333,0.333,0.333] | v4:G0[0.334,0.333,0.333]
[TopoTrace Step 0] v0:G0[0.334,0.333,0.333] | v1:G2[0.333,0.333,0.334] | v2:G1[0.333,0.334,0.333] | v3:G0[0.333,0.333,0.333] | v4:G0[0.334,0.333,0.333]
[TopoTrace Step 0] v0:G0[0.334,0.333,0.333] | v1:G2[0.333,0.333,0.334] | v2:G1[0.333,0.334,0.333] | v3:G0[0.333,0.333,0.333] | v4:G0[0.334,0.333,0.333][TopoTrace Step 0] v0:G0[0.334,0.333,0.333] | v1:G2[0.333,0.333,0.334] | v2:G1[0.333,0.334,0.333] | v3:G0[0.333,0.333,0.333] | v4:G0[0.334,0.333,0.333]

[TopoTrace Step 0] v0:G0[0.334,0.333,0.333] | v1:G2[0.333,0.333,0.334] | v2:G1[0.333,0.334,0.333] | v3:G0[0.333,0.333,0.333] | v4:G0[0.334,0.333,0.333]
[TopoTrace Step 0] v0:G0[0.334,0.333,0.333] | v1:G2[0.333,0.333,0.334] | v2:G1[0.333,0.334,0.333] | v3:G0[0.333,0.333,0.333] | v4:G0[0.334,0.333,0.333]
[TopoTrace Step 0] v0:G0[0.334,0.333,0.333] | v1:G2[0.333,0.333,0.334] | v2:G1[0.333,0.334,0.333] | v3:G0[0.333,0.333,0.333] | v4:G0[0.334,0.333,0.333][TopoTrace Step 0] v0:G0[0.334,0.333,0.333] | v1:G2[0.333,0.333,0.334] | v2:G1[0.333,0.334,0.333] | v3:G0[0.333,0.333,0.333] | v4:G0[0.334,0.333,0.333]

[TopoTrace Step 0] v0:G0[0.333,0.333,0.333] | v1:G2[0.333,0.333,0.334] | v2:G1[0.333,0.334,0.333] | v3:G0[0.333,0.333,0.333] | v4:G0[0.334,0.333,0.333]
[TopoTrace Step 0] v0:G0[0.333,0.333,0.333] | v1:G2[0.333,0.333,0.334] | v2:G1[0.333,0.334,0.333] | v3:G0[0.333,0.333,0.333] | v4:G0[0.334,0.333,0.333]
[TopoTrace Step 0] v0:G0[0.333,0.333,0.333] | v1:G2[0.333,0.333,0.334] | v2:G1[0.333,0.334,0.333] | v3:G0[0.333,0.333,0.333] | v4:G0[0.334,0.333,0.333]
[TopoTrace Step 0] v0:G0[0.333,0.333,0.333] | v1:G2[0.333,0.333,0.334] | v2:G1[0.333,0.334,0.333] | v3:G0[0.333,0.333,0.333] | v4:G0[0.334,0.333,0.333]
[TopoTrace Step 0] v0:G0[0.333,0.333,0.333] | v1:G2[0.333,0.333,0.334] | v2:G1[0.333,0.334,0.333] | v3:G0[0.333,0.333,0.333] | v4:G0[0.334,0.333,0.333]
[TopoTrace Step 0] v0:G0[0.333,0.333,0.333] | v1:G2[0.333,0.333,0.334] | v2:G1[0.333,0.334,0.333] | v3:G0[0.333,0.333,0.333] | v4:G0[0.334,0.333,0.333]
[TopoTrace Step 0] v0:G0[0.333,0.333,0.333] | v1:G2[0.333,0.333,0.334] | v2:G1[0.333,0.334,0.333] | v3:G0[0.333,0.333,0.333] | v4:G0[0.334,0.333,0.333]
[TopoTrace Step 0] v0:G0[0.333,0.333,0.333] | v1:G2[0.333,0.333,0.334] | v2:G1[0.333,0.334,0.333] | v3:G0[0.333,0.333,0.333] | v4:G0[0.334,0.333,0.333]
[TopoTrace Step 0] v0:G2[0.333,0.333,0.333] | v1:G2[0.333,0.333,0.334] | v2:G1[0.333,0.334,0.333] | v3:G0[0.333,0.333,0.333] | v4:G0[0.334,0.333,0.333]
[TopoTrace Step 0] v0:G2[0.333,0.333,0.333] | v1:G2[0.333,0.333,0.334] | v2:G1[0.333,0.334,0.333] | v3:G0[0.333,0.333,0.333] | v4:G0[0.334,0.333,0.333]
[TopoTrace Step 0] v0:G2[0.333,0.333,0.333] | v1:G2[0.333,0.333,0.334] | v2:G1[0.333,0.334,0.333] | v3:G0[0.333,0.333,0.333] | v4:G0[0.334,0.333,0.333]
[TopoTrace Step 0] v0:G2[0.333,0.333,0.333] | v1:G2[0.333,0.333,0.334] | v2:G1[0.333,0.334,0.333] | v3:G0[0.333,0.333,0.333] | v4:G0[0.334,0.333,0.333]
[TopoTrace Step 0] v0:G2[0.333,0.333,0.334] | v1:G2[0.333,0.333,0.334] | v2:G1[0.333,0.334,0.333] | v3:G0[0.333,0.333,0.333] | v4:G0[0.334,0.333,0.333]
[TopoTrace Step 0] v0:G2[0.333,0.333,0.334] | v1:G2[0.333,0.333,0.334] | v2:G1[0.333,0.334,0.333] | v3:G0[0.333,0.333,0.333] | v4:G0[0.334,0.333,0.333]
[TopoTrace Step 0] v0:G2[0.333,0.333,0.334] | v1:G2[0.333,0.333,0.334] | v2:G1[0.333,0.334,0.333] | v3:G0[0.333,0.333,0.333] | v4:G0[0.334,0.333,0.333][TopoTrace Step 0] v0:G2[0.333,0.333,0.334] | v1:G2[0.333,0.333,0.334] | v2:G1[0.333,0.334,0.333] | v3:G0[0.333,0.333,0.333] | v4:G0[0.334,0.333,0.333]

[TopoTrace Step 0] v0:G2[0.333,0.333,0.334] | v1:G2[0.333,0.333,0.334] | v2:G1[0.333,0.334,0.333] | v3:G0[0.333,0.333,0.333] | v4:G0[0.334,0.333,0.333]
[TopoTrace Step 0] v0:G2[0.333,0.333,0.334] | v1:G2[0.333,0.333,0.334] | v2:G1[0.333,0.334,0.333] | v3:G0[0.333,0.333,0.333] | v4:G0[0.334,0.333,0.333]
[TopoTrace Step 0] v0:G2[0.333,0.333,0.334] | v1:G2[0.333,0.333,0.334] | v2:G1[0.333,0.334,0.333] | v3:G0[0.333,0.333,0.333] | v4:G0[0.334,0.333,0.333][TopoTrace Step 0] v0:G2[0.333,0.333,0.334] | v1:G2[0.333,0.333,0.334] | v2:G1[0.333,0.334,0.333] | v3:G0[0.333,0.333,0.333] | v4:G0[0.334,0.333,0.333]

[TopoTrace Step 0] v0:G2[0.333,0.333,0.334] | v1:G2[0.333,0.333,0.334] | v2:G1[0.333,0.334,0.333] | v3:G0[0.333,0.333,0.333] | v4:G0[0.334,0.333,0.333]
[TopoTrace Step 0] v0:G2[0.333,0.333,0.334] | v1:G2[0.333,0.333,0.334] | v2:G1[0.333,0.334,0.333] | v3:G0[0.333,0.333,0.333] | v4:G0[0.334,0.333,0.333]
[TopoTrace Step 0] v0:G2[0.333,0.333,0.334] | v1:G2[0.333,0.333,0.334] | v2:G1[0.333,0.334,0.333] | v3:G0[0.333,0.333,0.333] | v4:G0[0.334,0.333,0.333][TopoTrace Step 0] v0:G2[0.333,0.333,0.334] | v1:G2[0.333,0.333,0.334] | v2:G1[0.333,0.334,0.333] | v3:G0[0.333,0.333,0.333] | v4:G0[0.334,0.333,0.333]

[TopoTrace Step 0] v0:G2[0.333,0.333,0.334] | v1:G2[0.333,0.333,0.334] | v2:G1[0.333,0.334,0.333] | v3:G0[0.333,0.333,0.333] | v4:G0[0.334,0.333,0.333]
[TopoTrace Step 0] v0:G2[0.333,0.333,0.334] | v1:G2[0.333,0.333,0.334] | v2:G1[0.333,0.334,0.333] | v3:G0[0.333,0.333,0.333] | v4:G0[0.334,0.333,0.333]
[TopoTrace Step 0] v0:G2[0.333,0.333,0.334] | v1:G2[0.333,0.333,0.334] | v2:G1[0.333,0.334,0.333] | v3:G0[0.333,0.333,0.333] | v4:G0[0.334,0.333,0.333][TopoTrace Step 0] v0:G2[0.333,0.333,0.334] | v1:G2[0.333,0.333,0.334] | v2:G1[0.333,0.334,0.333] | v3:G0[0.333,0.333,0.333] | v4:G0[0.334,0.333,0.333]

[TopoTrace Step 0] v0:G2[0.333,0.333,0.334] | v1:G2[0.333,0.333,0.334] | v2:G1[0.333,0.334,0.333] | v3:G0[0.333,0.333,0.333] | v4:G0[0.334,0.333,0.333]
[TopoTrace Step 0] v0:G2[0.333,0.333,0.334] | v1:G2[0.333,0.333,0.334] | v2:G1[0.333,0.334,0.333] | v3:G0[0.333,0.333,0.333] | v4:G0[0.334,0.333,0.333]
[TopoTrace Step 0] v0:G2[0.333,0.333,0.334] | v1:G2[0.333,0.333,0.334] | v2:G1[0.333,0.334,0.333] | v3:G0[0.333,0.333,0.333] | v4:G0[0.334,0.333,0.333][TopoTrace Step 0] v0:G2[0.333,0.333,0.334] | v1:G2[0.333,0.333,0.334] | v2:G1[0.333,0.334,0.333] | v3:G0[0.333,0.333,0.333] | v4:G0[0.334,0.333,0.333]

[TopoTrace Step 0] v0:G2[0.333,0.333,0.334] | v1:G2[0.333,0.333,0.334] | v2:G1[0.333,0.334,0.333] | v3:G0[0.333,0.333,0.333] | v4:G0[0.334,0.333,0.333]
[TopoTrace Step 0] v0:G2[0.333,0.333,0.334] | v1:G2[0.333,0.333,0.334] | v2:G1[0.333,0.334,0.333] | v3:G0[0.333,0.333,0.333] | v4:G0[0.334,0.333,0.333]
[TopoTrace Step 0] v0:G2[0.333,0.333,0.334] | v1:G2[0.333,0.333,0.334] | v2:G1[0.333,0.334,0.333] | v3:G0[0.333,0.333,0.333] | v4:G0[0.334,0.333,0.333][TopoTrace Step 0] v0:G2[0.333,0.333,0.334] | v1:G2[0.333,0.333,0.334] | v2:G1[0.333,0.334,0.333] | v3:G0[0.333,0.333,0.333] | v4:G0[0.334,0.333,0.333]

[TopoTrace Step 0] v0:G2[0.333,0.333,0.334] | v1:G2[0.333,0.333,0.334] | v2:G1[0.333,0.334,0.333] | v3:G0[0.333,0.333,0.333] | v4:G0[0.334,0.333,0.333]
[TopoTrace Step 0] v0:G2[0.333,0.333,0.334] | v1:G2[0.333,0.333,0.334] | v2:G1[0.333,0.334,0.333] | v3:G0[0.333,0.333,0.333] | v4:G0[0.334,0.333,0.333]
[TopoTrace Step 0] v0:G2[0.333,0.333,0.334] | v1:G2[0.333,0.333,0.334] | v2:G1[0.333,0.334,0.333] | v3:G0[0.333,0.333,0.333] | v4:G0[0.334,0.333,0.333][TopoTrace Step 0] v0:G2[0.333,0.333,0.334] | v1:G2[0.333,0.333,0.334] | v2:G1[0.333,0.334,0.333] | v3:G0[0.333,0.333,0.333] | v4:G0[0.334,0.333,0.333]

[TopoTrace Step 0] v0:G2[0.333,0.333,0.334] | v1:G2[0.333,0.333,0.334] | v2:G1[0.333,0.334,0.333] | v3:G0[0.333,0.333,0.333] | v4:G0[0.334,0.333,0.333]
[TopoTrace Step 0] v0:G2[0.333,0.333,0.334] | v1:G2[0.333,0.333,0.334] | v2:G1[0.333,0.334,0.333] | v3:G0[0.333,0.333,0.333] | v4:G0[0.334,0.333,0.333]
[TopoTrace Step 0] v0:G2[0.333,0.333,0.334] | v1:G2[0.333,0.333,0.334] | v2:G1[0.333,0.334,0.333] | v3:G0[0.333,0.333,0.333] | v4:G0[0.334,0.333,0.333]
[TopoTrace Step 0] v0:G2[0.333,0.333,0.334] | v1:G2[0.333,0.333,0.334] | v2:G1[0.333,0.334,0.333] | v3:G0[0.333,0.333,0.333] | v4:G0[0.334,0.333,0.333]
[TopoTrace Step 0] v0:G2[0.333,0.333,0.334] | v1:G2[0.333,0.333,0.334] | v2:G1[0.333,0.334,0.333] | v3:G0[0.333,0.333,0.333] | v4:G0[0.334,0.333,0.333]
[TopoTrace Step 0] v0:G2[0.333,0.333,0.334] | v1:G2[0.333,0.333,0.334] | v2:G1[0.333,0.334,0.333] | v3:G0[0.333,0.333,0.333] | v4:G0[0.334,0.333,0.333]
[TopoTrace Step 0] v0:G2[0.333,0.333,0.334] | v1:G2[0.333,0.333,0.334] | v2:G1[0.333,0.334,0.333] | v3:G0[0.333,0.333,0.333] | v4:G0[0.334,0.333,0.333][TopoTrace Step 0] v0:G2[0.333,0.333,0.334] | v1:G2[0.333,0.333,0.334] | v2:G1[0.333,0.334,0.333] | v3:G0[0.333,0.333,0.333] | v4:G0[0.334,0.333,0.333]

[TopoTrace Step 0] v0:G2[0.333,0.333,0.334] | v1:G2[0.333,0.333,0.334] | v2:G1[0.333,0.334,0.333] | v3:G0[0.333,0.333,0.333] | v4:G0[0.334,0.333,0.333]
[TopoTrace Step 0] v0:G2[0.333,0.333,0.334] | v1:G2[0.333,0.333,0.334] | v2:G1[0.333,0.334,0.333] | v3:G0[0.333,0.333,0.333] | v4:G0[0.334,0.333,0.333]
[TopoTrace Step 0] v0:G2[0.333,0.333,0.334] | v1:G2[0.333,0.333,0.334] | v2:G1[0.333,0.334,0.333] | v3:G0[0.333,0.333,0.333] | v4:G0[0.334,0.333,0.333]
[TopoTrace Step 0] v0:G2[0.333,0.333,0.334] | v1:G2[0.333,0.333,0.334] | v2:G1[0.333,0.334,0.333] | v3:G0[0.333,0.333,0.333] | v4:G0[0.334,0.333,0.333]
[TopoTrace Step 0] v0:G2[0.333,0.333,0.334] | v1:G2[0.333,0.333,0.334] | v2:G1[0.333,0.334,0.333] | v3:G0[0.334,0.333,0.333] | v4:G0[0.334,0.333,0.333]
[TopoTrace Step 0] v0:G2[0.333,0.333,0.334] | v1:G2[0.333,0.333,0.334] | v2:G1[0.333,0.334,0.333] | v3:G0[0.334,0.333,0.333] | v4:G0[0.334,0.333,0.333]
[TopoTrace Step 0] v0:G2[0.333,0.333,0.334] | v1:G2[0.333,0.333,0.334] | v2:G1[0.333,0.334,0.333] | v3:G0[0.334,0.333,0.333] | v4:G0[0.334,0.333,0.333][TopoTrace Step 0] v0:G2[0.333,0.333,0.334] | v1:G2[0.333,0.333,0.334] | v2:G1[0.333,0.334,0.333] | v3:G0[0.334,0.333,0.333] | v4:G0[0.334,0.333,0.333]

[TopoTrace Step 0] v0:G2[0.333,0.333,0.334] | v1:G2[0.333,0.333,0.334] | v2:G1[0.333,0.334,0.333] | v3:G0[0.334,0.333,0.333] | v4:G0[0.334,0.333,0.333]
[TopoTrace Step 0] v0:G2[0.333,0.333,0.334] | v1:G2[0.333,0.333,0.334] | v2:G1[0.333,0.334,0.333] | v3:G0[0.334,0.333,0.333] | v4:G0[0.334,0.333,0.333]
[TopoTrace Step 0] v0:G2[0.333,0.333,0.334] | v1:G2[0.333,0.333,0.334] | v2:G1[0.333,0.334,0.333] | v3:G0[0.334,0.333,0.333] | v4:G0[0.334,0.333,0.333]
[TopoTrace Step 0] v0:G2[0.333,0.333,0.334] | v1:G2[0.333,0.333,0.334] | v2:G1[0.333,0.334,0.333] | v3:G0[0.334,0.333,0.333] | v4:G0[0.334,0.333,0.333]
[TopoTrace Step 0] v0:G2[0.333,0.333,0.334] | v1:G2[0.333,0.333,0.334] | v2:G1[0.333,0.334,0.333] | v3:G0[0.334,0.333,0.333] | v4:G0[0.334,0.333,0.333]
[TopoTrace Step 0] v0:G2[0.333,0.333,0.334] | v1:G2[0.333,0.333,0.334] | v2:G1[0.333,0.334,0.333] | v3:G0[0.334,0.333,0.333] | v4:G0[0.334,0.333,0.333][TopoTrace Step 0] v0:G2[0.333,0.333,0.334] | v1:G2[0.333,0.333,0.334] | v2:G1[0.333,0.334,0.333] | v3:G0[0.334,0.333,0.333] | v4:G0[0.334,0.333,0.333]

[TopoTrace Step 0] v0:G2[0.333,0.333,0.334] | v1:G2[0.333,0.333,0.334] | v2:G1[0.333,0.334,0.333] | v3:G0[0.334,0.333,0.333] | v4:G0[0.334,0.333,0.333]
[TopoTrace Step 0] v0:G2[0.333,0.333,0.334] | v1:G2[0.333,0.333,0.334] | v2:G1[0.333,0.334,0.333] | v3:G0[0.334,0.333,0.333] | v4:G0[0.334,0.333,0.333]
[TopoTrace Step 0] v0:G2[0.333,0.333,0.334] | v1:G2[0.333,0.333,0.334] | v2:G1[0.333,0.334,0.333] | v3:G0[0.334,0.333,0.333] | v4:G0[0.334,0.333,0.333]
[TopoTrace Step 0] v0:G2[0.333,0.333,0.334] | v1:G2[0.333,0.333,0.334] | v2:G1[0.333,0.334,0.333] | v3:G0[0.334,0.333,0.333] | v4:G0[0.334,0.333,0.333][TopoTrace Step 0] v0:G2[0.333,0.333,0.334] | v1:G2[0.333,0.333,0.334] | v2:G1[0.333,0.334,0.333] | v3:G0[0.334,0.333,0.333] | v4:G0[0.334,0.333,0.333]

[TopoTrace Step 0] v0:G2[0.333,0.333,0.334] | v1:G2[0.333,0.333,0.334] | v2:G1[0.333,0.334,0.333] | v3:G0[0.334,0.333,0.333] | v4:G0[0.334,0.333,0.333]
[TopoTrace Step 0] v0:G2[0.333,0.333,0.334] | v1:G2[0.333,0.333,0.334] | v2:G1[0.333,0.334,0.333] | v3:G0[0.334,0.333,0.333] | v4:G0[0.334,0.333,0.333]
[TopoTrace Step 0] v0:G2[0.333,0.333,0.334] | v1:G2[0.333,0.333,0.334] | v2:G1[0.333,0.334,0.333] | v3:G0[0.334,0.333,0.333] | v4:G0[0.334,0.333,0.333][TopoTrace Step 0] v0:G2[0.333,0.333,0.334] | v1:G2[0.333,0.333,0.334] | v2:G1[0.333,0.334,0.333] | v3:G0[0.334,0.333,0.333] | v4:G0[0.334,0.333,0.333]

[TopoTrace Step 0] v0:G2[0.333,0.333,0.334] | v1:G2[0.333,0.333,0.334] | v2:G1[0.333,0.334,0.333] | v3:G0[0.334,0.333,0.333] | v4:G0[0.334,0.333,0.333]
[TopoTrace Step 0] v0:G2[0.333,0.333,0.334] | v1:G2[0.333,0.333,0.334] | v2:G1[0.333,0.334,0.333] | v3:G0[0.334,0.333,0.333] | v4:G0[0.334,0.333,0.333]
[TopoTrace Step 0] v0:G2[0.333,0.333,0.334] | v1:G2[0.333,0.333,0.334] | v2:G1[0.333,0.334,0.333] | v3:G0[0.334,0.333,0.333] | v4:G0[0.334,0.333,0.333]
[TopoTrace Step 0] v0:G2[0.333,0.333,0.334] | v1:G2[0.333,0.333,0.334] | v2:G1[0.333,0.334,0.333] | v3:G0[0.334,0.333,0.333] | v4:G0[0.334,0.333,0.333]
[TopoTrace Step 0] v0:G2[0.333,0.333,0.334] | v1:G2[0.333,0.333,0.334] | v2:G1[0.333,0.334,0.333] | v3:G0[0.334,0.333,0.333] | v4:G0[0.334,0.333,0.333]
[TopoTrace Step 0] v0:G2[0.333,0.333,0.334] | v1:G2[0.333,0.333,0.334] | v2:G1[0.333,0.334,0.333] | v3:G0[0.334,0.333,0.333] | v4:G0[0.334,0.333,0.333]
[TopoTrace Step 0] v0:G2[0.333,0.333,0.334] | v1:G2[0.333,0.333,0.334] | v2:G1[0.333,0.334,0.333] | v3:G0[0.334,0.333,0.333] | v4:G0[0.334,0.333,0.333][TopoTrace Step 0] v0:G2[0.333,0.333,0.334] | v1:G2[0.333,0.333,0.334] | v2:G1[0.333,0.334,0.333] | v3:G0[0.334,0.333,0.333] | v4:G0[0.334,0.333,0.333]

[TopoTrace Step 0] v0:G2[0.333,0.333,0.334] | v1:G2[0.333,0.333,0.334] | v2:G1[0.333,0.334,0.333] | v3:G0[0.334,0.333,0.333] | v4:G0[0.334,0.333,0.333]
[TopoTrace Step 0] v0:G2[0.333,0.333,0.334] | v1:G2[0.333,0.333,0.334] | v2:G1[0.333,0.334,0.333] | v3:G0[0.334,0.333,0.333] | v4:G0[0.334,0.333,0.333]
[TopoTrace Step 0] v0:G2[0.333,0.333,0.334] | v1:G2[0.333,0.333,0.334] | v2:G1[0.333,0.334,0.333] | v3:G0[0.334,0.333,0.333] | v4:G0[0.334,0.333,0.333]
[TopoTrace Step 0] v0:G2[0.333,0.333,0.334] | v1:G2[0.333,0.333,0.334] | v2:G1[0.333,0.334,0.333] | v3:G0[0.334,0.333,0.333] | v4:G0[0.334,0.333,0.333]
[TopoTrace Step 0] v0:G2[0.333,0.333,0.334] | v1:G2[0.333,0.333,0.334] | v2:G1[0.333,0.334,0.333] | v3:G0[0.334,0.333,0.333] | v4:G0[0.334,0.333,0.333]
[TopoTrace Step 0] v0:G2[0.333,0.333,0.334] | v1:G2[0.333,0.333,0.334] | v2:G1[0.333,0.334,0.333] | v3:G0[0.334,0.333,0.333] | v4:G0[0.334,0.333,0.333]
[TopoTrace Step 0] v0:G2[0.333,0.333,0.334] | v1:G2[0.333,0.333,0.334] | v2:G1[0.333,0.334,0.333] | v3:G0[0.334,0.333,0.333] | v4:G0[0.334,0.333,0.333]
[TopoTrace Step 0] v0:G2[0.333,0.333,0.334] | v1:G2[0.333,0.333,0.334] | v2:G1[0.333,0.334,0.333] | v3:G0[0.334,0.333,0.333] | v4:G0[0.334,0.333,0.333]
[TopoTrace Step 0] v0:G2[0.333,0.333,0.334] | v1:G2[0.333,0.333,0.334] | v2:G1[0.333,0.334,0.333] | v3:G0[0.334,0.333,0.333] | v4:G0[0.334,0.333,0.333]
[TopoTrace Step 0] v0:G2[0.333,0.333,0.334] | v1:G2[0.333,0.333,0.334] | v2:G1[0.333,0.334,0.333] | v3:G0[0.334,0.333,0.333] | v4:G0[0.334,0.333,0.333]
[TopoTrace Step 0] v0:G2[0.333,0.333,0.334] | v1:G2[0.333,0.333,0.334] | v2:G1[0.333,0.334,0.333] | v3:G0[0.334,0.333,0.333] | v4:G0[0.334,0.333,0.333]
[TopoTrace Step 0] v0:G2[0.333,0.333,0.334] | v1:G2[0.333,0.333,0.334] | v2:G1[0.333,0.334,0.333] | v3:G0[0.334,0.333,0.333] | v4:G0[0.334,0.333,0.333]
[TopoTrace Step 0] v0:G2[0.333,0.333,0.334] | v1:G2[0.333,0.333,0.334] | v2:G1[0.333,0.334,0.333] | v3:G0[0.334,0.333,0.333] | v4:G0[0.334,0.333,0.333]
[TopoTrace Step 0] v0:G2[0.333,0.333,0.334] | v1:G2[0.333,0.333,0.334] | v2:G1[0.333,0.334,0.333] | v3:G0[0.334,0.333,0.333] | v4:G0[0.334,0.333,0.333]
[TopoTrace Step 0] v0:G2[0.333,0.333,0.334] | v1:G2[0.333,0.333,0.334] | v2:G1[0.333,0.334,0.333] | v3:G0[0.334,0.333,0.333] | v4:G0[0.334,0.333,0.333]
[TopoTrace Step 0] v0:G2[0.333,0.333,0.334] | v1:G2[0.333,0.333,0.334] | v2:G1[0.333,0.334,0.333] | v3:G0[0.334,0.333,0.333] | v4:G0[0.334,0.333,0.333]
[TopoTrace Step 0] v0:G2[0.333,0.333,0.334] | v1:G2[0.333,0.333,0.334] | v2:G1[0.333,0.334,0.333] | v3:G0[0.334,0.333,0.333] | v4:G0[0.334,0.333,0.333]
[TopoTrace Step 0] v0:G2[0.333,0.333,0.334] | v1:G2[0.333,0.333,0.334] | v2:G1[0.333,0.334,0.333] | v3:G0[0.334,0.333,0.333] | v4:G0[0.334,0.333,0.333]
[TopoTrace Step 0] v0:G2[0.333,0.333,0.334] | v1:G2[0.333,0.333,0.334] | v2:G1[0.333,0.334,0.333] | v3:G0[0.334,0.333,0.333] | v4:G0[0.334,0.333,0.333]
[TopoTrace Step 0] v0:G2[0.333,0.333,0.334] | v1:G2[0.333,0.333,0.334] | v2:G1[0.333,0.334,0.333] | v3:G0[0.334,0.333,0.333] | v4:G0[0.334,0.333,0.333]
[TopoTrace Step 0] v0:G2[0.333,0.333,0.334] | v1:G2[0.333,0.333,0.334] | v2:G1[0.333,0.334,0.333] | v3:G0[0.334,0.333,0.333] | v4:G0[0.334,0.333,0.333]
[TopoTrace Step 0] v0:G2[0.333,0.333,0.334] | v1:G2[0.333,0.333,0.334] | v2:G1[0.333,0.334,0.333] | v3:G0[0.334,0.333,0.333] | v4:G0[0.334,0.333,0.333]
[TopoTrace Step 0] v0:G2[0.333,0.333,0.334] | v1:G2[0.333,0.333,0.334] | v2:G1[0.333,0.334,0.333] | v3:G0[0.334,0.333,0.333] | v4:G0[0.334,0.333,0.333]
[TopoTrace Step 0] v0:G2[0.333,0.333,0.334] | v1:G2[0.333,0.333,0.334] | v2:G1[0.333,0.334,0.333] | v3:G0[0.334,0.333,0.333] | v4:G0[0.334,0.333,0.333]
[TopoTrace Step 0] v0:G2[0.333,0.333,0.334] | v1:G2[0.333,0.333,0.334] | v2:G1[0.333,0.334,0.333] | v3:G0[0.333,0.333,0.333] | v4:G0[0.334,0.333,0.333]
[TopoTrace Step 0] v0:G2[0.333,0.333,0.334] | v1:G2[0.333,0.333,0.334] | v2:G1[0.333,0.334,0.333] | v3:G0[0.333,0.333,0.333] | v4:G0[0.334,0.333,0.333]
[TopoTrace Step 0] v0:G2[0.333,0.333,0.334] | v1:G2[0.333,0.333,0.334] | v2:G1[0.333,0.334,0.333] | v3:G0[0.333,0.333,0.333] | v4:G0[0.334,0.333,0.333]
[TopoTrace Step 0] v0:G2[0.333,0.333,0.334] | v1:G2[0.333,0.333,0.334] | v2:G1[0.333,0.334,0.333] | v3:G0[0.333,0.333,0.333] | v4:G0[0.334,0.333,0.333]
[TopoTrace Step 0] v0:G2[0.333,0.333,0.334] | v1:G2[0.333,0.333,0.334] | v2:G1[0.333,0.334,0.333] | v3:G0[0.333,0.333,0.333] | v4:G0[0.334,0.333,0.333]
[TopoTrace Step 0] v0:G2[0.333,0.333,0.334] | v1:G2[0.333,0.333,0.334] | v2:G1[0.333,0.334,0.333] | v3:G0[0.333,0.333,0.333] | v4:G0[0.334,0.333,0.333]
[TopoTrace Step 0] v0:G2[0.333,0.333,0.334] | v1:G2[0.333,0.333,0.334] | v2:G1[0.333,0.334,0.333] | v3:G0[0.333,0.333,0.333] | v4:G0[0.334,0.333,0.333][TopoTrace Step 0] v0:G2[0.333,0.333,0.334] | v1:G2[0.333,0.333,0.334] | v2:G1[0.333,0.334,0.333] | v3:G0[0.333,0.333,0.333] | v4:G0[0.334,0.333,0.333]

[TopoTrace Step 0] v0:G2[0.333,0.333,0.334] | v1:G2[0.333,0.333,0.334] | v2:G1[0.333,0.334,0.333] | v3:G0[0.333,0.333,0.333] | v4:G0[0.334,0.333,0.333]
[TopoTrace Step 0] v0:G2[0.333,0.333,0.334] | v1:G2[0.333,0.333,0.334] | v2:G1[0.333,0.334,0.333] | v3:G0[0.333,0.333,0.333] | v4:G0[0.334,0.333,0.333]
[TopoTrace Step 0] v0:G2[0.333,0.333,0.334] | v1:G2[0.333,0.333,0.334] | v2:G1[0.333,0.334,0.333] | v3:G0[0.333,0.333,0.333] | v4:G0[0.334,0.333,0.333][TopoTrace Step 0] v0:G2[0.333,0.333,0.334] | v1:G2[0.333,0.333,0.334] | v2:G1[0.333,0.334,0.333] | v3:G0[0.333,0.333,0.333] | v4:G0[0.334,0.333,0.333]

[TopoTrace Step 0] v0:G2[0.333,0.333,0.334] | v1:G2[0.333,0.333,0.334] | v2:G1[0.333,0.334,0.333] | v3:G0[0.333,0.333,0.333] | v4:G0[0.333,0.333,0.333]
[TopoTrace Step 0] v0:G2[0.333,0.333,0.334] | v1:G2[0.333,0.333,0.334] | v2:G1[0.333,0.334,0.333] | v3:G0[0.333,0.333,0.333] | v4:G0[0.333,0.333,0.333]
[TopoTrace Step 0] v0:G2[0.333,0.333,0.334] | v1:G2[0.333,0.333,0.334] | v2:G1[0.333,0.334,0.333] | v3:G0[0.333,0.333,0.333] | v4:G0[0.333,0.333,0.333]
[TopoTrace Step 0] v0:G2[0.333,0.333,0.334] | v1:G2[0.333,0.333,0.334] | v2:G1[0.333,0.334,0.333] | v3:G0[0.333,0.333,0.333] | v4:G0[0.333,0.333,0.333]
[TopoTrace Step 0] v0:G2[0.333,0.333,0.334] | v1:G2[0.333,0.333,0.334] | v2:G1[0.333,0.334,0.333] | v3:G0[0.333,0.333,0.333] | v4:G0[0.333,0.333,0.333]
[TopoTrace Step 0] v0:G2[0.333,0.333,0.334] | v1:G2[0.333,0.333,0.334] | v2:G1[0.333,0.334,0.333] | v3:G0[0.333,0.333,0.333] | v4:G0[0.333,0.333,0.333]
[TopoTrace Step 0] v0:G2[0.333,0.333,0.334] | v1:G2[0.333,0.333,0.334] | v2:G1[0.333,0.334,0.333] | v3:G0[0.333,0.333,0.333] | v4:G0[0.333,0.333,0.333][TopoTrace Step 0] v0:G2[0.333,0.333,0.334] | v1:G2[0.333,0.333,0.334] | v2:G1[0.333,0.334,0.333] | v3:G0[0.333,0.333,0.333] | v4:G0[0.333,0.333,0.333]

[TopoTrace Step 0] v0:G2[0.333,0.333,0.334] | v1:G2[0.333,0.333,0.334] | v2:G1[0.333,0.334,0.333] | v3:G0[0.333,0.333,0.333] | v4:G0[0.333,0.333,0.333]
[TopoTrace Step 0] v0:G2[0.333,0.333,0.334] | v1:G2[0.333,0.333,0.334] | v2:G1[0.333,0.334,0.333] | v3:G0[0.333,0.333,0.333] | v4:G0[0.333,0.333,0.333]
[TopoTrace Step 0] v0:G2[0.333,0.333,0.334] | v1:G2[0.333,0.333,0.334] | v2:G1[0.333,0.334,0.333] | v3:G0[0.333,0.333,0.333] | v4:G0[0.333,0.333,0.333][TopoTrace Step 0] v0:G2[0.333,0.333,0.334] | v1:G2[0.333,0.333,0.334] | v2:G1[0.333,0.334,0.333] | v3:G0[0.333,0.333,0.333] | v4:G0[0.333,0.333,0.333]

	iters: 100, epoch: 1 | loss: 0.4187662
	speed: 0.1063s/iter; left time: 145.8028s
[TopoTrace Step 0] v0:G2[0.333,0.333,0.334] | v1:G2[0.333,0.333,0.334] | v2:G1[0.333,0.334,0.333] | v3:G0[0.334,0.333,0.333] | v4:G0[0.333,0.333,0.333]
[TopoTrace Step 0] v0:G2[0.333,0.333,0.334] | v1:G2[0.333,0.333,0.334] | v2:G1[0.333,0.334,0.333] | v3:G0[0.334,0.333,0.333] | v4:G0[0.333,0.333,0.333]
[TopoTrace Step 0] v0:G2[0.333,0.333,0.334] | v1:G2[0.333,0.333,0.334] | v2:G1[0.333,0.334,0.333] | v3:G0[0.334,0.333,0.333] | v4:G0[0.333,0.333,0.333]
[TopoTrace Step 0] v0:G2[0.333,0.333,0.334] | v1:G2[0.333,0.333,0.334] | v2:G1[0.333,0.334,0.333] | v3:G0[0.334,0.333,0.333] | v4:G0[0.333,0.333,0.333]
[TopoTrace Step 0] v0:G2[0.333,0.333,0.334] | v1:G2[0.333,0.333,0.334] | v2:G1[0.333,0.334,0.333] | v3:G0[0.334,0.333,0.333] | v4:G0[0.333,0.333,0.333]
[TopoTrace Step 0] v0:G2[0.333,0.333,0.334] | v1:G2[0.333,0.333,0.334] | v2:G1[0.333,0.334,0.333] | v3:G0[0.334,0.333,0.333] | v4:G0[0.333,0.333,0.333]
[TopoTrace Step 0] v0:G2[0.333,0.333,0.334] | v1:G2[0.333,0.333,0.334] | v2:G1[0.333,0.334,0.333] | v3:G0[0.334,0.333,0.333] | v4:G0[0.333,0.333,0.333][TopoTrace Step 0] v0:G2[0.333,0.333,0.334] | v1:G2[0.333,0.333,0.334] | v2:G1[0.333,0.334,0.333] | v3:G0[0.334,0.333,0.333] | v4:G0[0.333,0.333,0.333]

[TopoTrace Step 0] v0:G2[0.333,0.333,0.334] | v1:G2[0.333,0.333,0.334] | v2:G1[0.333,0.334,0.333] | v3:G0[0.334,0.333,0.333] | v4:G0[0.333,0.333,0.333]
[TopoTrace Step 0] v0:G2[0.333,0.333,0.334] | v1:G2[0.333,0.333,0.334] | v2:G1[0.333,0.334,0.333] | v3:G0[0.334,0.333,0.333] | v4:G0[0.333,0.333,0.333]
[TopoTrace Step 0] v0:G2[0.333,0.333,0.334] | v1:G2[0.333,0.333,0.334] | v2:G1[0.333,0.334,0.333] | v3:G0[0.334,0.333,0.333] | v4:G0[0.333,0.333,0.333][TopoTrace Step 0] v0:G2[0.333,0.333,0.334] | v1:G2[0.333,0.333,0.334] | v2:G1[0.333,0.334,0.333] | v3:G0[0.334,0.333,0.333] | v4:G0[0.333,0.333,0.333]

[TopoTrace Step 0] v0:G2[0.333,0.333,0.334] | v1:G2[0.333,0.333,0.334] | v2:G1[0.333,0.334,0.333] | v3:G0[0.334,0.333,0.333] | v4:G0[0.333,0.333,0.333]
[TopoTrace Step 0] v0:G2[0.333,0.333,0.334] | v1:G2[0.333,0.333,0.334] | v2:G1[0.333,0.334,0.333] | v3:G0[0.334,0.333,0.333] | v4:G0[0.333,0.333,0.333]
[TopoTrace Step 0] v0:G2[0.333,0.333,0.334] | v1:G2[0.333,0.333,0.334] | v2:G1[0.333,0.334,0.333] | v3:G0[0.334,0.333,0.333] | v4:G0[0.333,0.333,0.333]
[TopoTrace Step 0] v0:G2[0.333,0.333,0.334] | v1:G2[0.333,0.333,0.334] | v2:G1[0.333,0.334,0.333] | v3:G0[0.334,0.333,0.333] | v4:G0[0.333,0.333,0.333]
[TopoTrace Step 0] v0:G2[0.333,0.333,0.334] | v1:G2[0.333,0.333,0.334] | v2:G1[0.333,0.334,0.333] | v3:G0[0.334,0.333,0.333] | v4:G0[0.333,0.333,0.333]
[TopoTrace Step 0] v0:G2[0.333,0.333,0.334] | v1:G2[0.333,0.333,0.334] | v2:G1[0.333,0.334,0.333] | v3:G0[0.334,0.333,0.333] | v4:G0[0.333,0.333,0.333]
[TopoTrace Step 0] v0:G2[0.333,0.333,0.334] | v1:G2[0.333,0.333,0.334] | v2:G1[0.333,0.334,0.333] | v3:G0[0.334,0.333,0.333] | v4:G0[0.333,0.333,0.333]
[TopoTrace Step 0] v0:G2[0.333,0.333,0.334] | v1:G2[0.333,0.333,0.334] | v2:G1[0.333,0.334,0.333] | v3:G0[0.334,0.333,0.333] | v4:G0[0.333,0.333,0.333]
[TopoTrace Step 0] v0:G2[0.333,0.333,0.334] | v1:G2[0.333,0.333,0.334] | v2:G1[0.333,0.334,0.333] | v3:G0[0.334,0.333,0.333] | v4:G0[0.333,0.333,0.333]
[TopoTrace Step 0] v0:G2[0.333,0.333,0.334] | v1:G2[0.333,0.333,0.334] | v2:G1[0.333,0.334,0.333] | v3:G0[0.334,0.333,0.333] | v4:G0[0.333,0.333,0.333]
[TopoTrace Step 0] v0:G2[0.333,0.333,0.334] | v1:G2[0.333,0.333,0.334] | v2:G1[0.333,0.334,0.333] | v3:G0[0.334,0.333,0.333] | v4:G0[0.333,0.333,0.333][TopoTrace Step 0] v0:G2[0.333,0.333,0.334] | v1:G2[0.333,0.333,0.334] | v2:G1[0.333,0.334,0.333] | v3:G0[0.334,0.333,0.333] | v4:G0[0.333,0.333,0.333]

[TopoTrace Step 0] v0:G2[0.333,0.333,0.334] | v1:G2[0.333,0.333,0.334] | v2:G1[0.333,0.334,0.333] | v3:G0[0.334,0.333,0.333] | v4:G0[0.333,0.333,0.333]
[TopoTrace Step 0] v0:G2[0.333,0.333,0.334] | v1:G2[0.333,0.333,0.334] | v2:G1[0.333,0.334,0.333] | v3:G0[0.334,0.333,0.333] | v4:G0[0.333,0.333,0.333]
[TopoTrace Step 0] v0:G2[0.333,0.333,0.334] | v1:G2[0.333,0.333,0.334] | v2:G1[0.333,0.334,0.333] | v3:G0[0.334,0.333,0.333] | v4:G0[0.333,0.333,0.333]
[TopoTrace Step 0] v0:G2[0.333,0.333,0.334] | v1:G2[0.333,0.333,0.334] | v2:G1[0.333,0.334,0.333] | v3:G0[0.334,0.333,0.333] | v4:G0[0.333,0.333,0.333]
[TopoTrace Step 0] v0:G2[0.333,0.333,0.334] | v1:G2[0.333,0.333,0.334] | v2:G1[0.333,0.334,0.333] | v3:G0[0.334,0.333,0.333] | v4:G0[0.333,0.333,0.333]
[TopoTrace Step 0] v0:G2[0.333,0.333,0.334] | v1:G2[0.333,0.333,0.334] | v2:G1[0.333,0.334,0.333] | v3:G0[0.334,0.333,0.333] | v4:G0[0.333,0.333,0.333][TopoTrace Step 0] v0:G2[0.333,0.333,0.334] | v1:G2[0.333,0.333,0.334] | v2:G1[0.333,0.334,0.333] | v3:G0[0.334,0.333,0.333] | v4:G0[0.333,0.333,0.333]

[TopoTrace Step 0] v0:G2[0.333,0.333,0.334] | v1:G2[0.333,0.333,0.334] | v2:G1[0.333,0.334,0.333] | v3:G0[0.334,0.333,0.333] | v4:G0[0.333,0.333,0.333]
[TopoTrace Step 0] v0:G2[0.333,0.333,0.334] | v1:G2[0.333,0.333,0.334] | v2:G1[0.333,0.334,0.333] | v3:G0[0.334,0.333,0.333] | v4:G0[0.333,0.333,0.333]
[TopoTrace Step 0] v0:G2[0.333,0.333,0.334] | v1:G2[0.333,0.333,0.334] | v2:G1[0.333,0.334,0.333] | v3:G0[0.334,0.333,0.333] | v4:G0[0.333,0.333,0.333]
[TopoTrace Step 0] v0:G2[0.333,0.333,0.334] | v1:G2[0.333,0.333,0.334] | v2:G1[0.333,0.334,0.333] | v3:G0[0.334,0.333,0.333] | v4:G0[0.333,0.333,0.333][TopoTrace Step 0] v0:G2[0.333,0.333,0.334] | v1:G2[0.333,0.333,0.334] | v2:G1[0.333,0.334,0.333] | v3:G0[0.334,0.333,0.333] | v4:G0[0.333,0.333,0.333]

[TopoTrace Step 0] v0:G2[0.333,0.333,0.334] | v1:G2[0.333,0.333,0.334] | v2:G1[0.333,0.334,0.333] | v3:G0[0.334,0.333,0.333] | v4:G0[0.333,0.333,0.333]
[TopoTrace Step 0] v0:G2[0.333,0.333,0.334] | v1:G2[0.333,0.333,0.334] | v2:G1[0.333,0.334,0.333] | v3:G0[0.334,0.333,0.333] | v4:G0[0.333,0.333,0.333]
[TopoTrace Step 0] v0:G2[0.333,0.333,0.334] | v1:G2[0.333,0.333,0.334] | v2:G1[0.333,0.334,0.333] | v3:G0[0.334,0.333,0.333] | v4:G0[0.333,0.333,0.333]
[TopoTrace Step 0] v0:G2[0.333,0.333,0.334] | v1:G2[0.333,0.333,0.334] | v2:G1[0.333,0.334,0.333] | v3:G0[0.334,0.333,0.333] | v4:G0[0.333,0.333,0.333]
[TopoTrace Step 0] v0:G2[0.333,0.333,0.334] | v1:G2[0.333,0.333,0.334] | v2:G1[0.333,0.334,0.333] | v3:G0[0.334,0.333,0.333] | v4:G2[0.333,0.333,0.333]
[TopoTrace Step 0] v0:G2[0.333,0.333,0.334] | v1:G2[0.333,0.333,0.334] | v2:G1[0.333,0.334,0.333] | v3:G0[0.334,0.333,0.333] | v4:G2[0.333,0.333,0.333]
[TopoTrace Step 0] v0:G2[0.333,0.333,0.334] | v1:G2[0.333,0.333,0.334] | v2:G1[0.333,0.334,0.333] | v3:G0[0.334,0.333,0.333] | v4:G2[0.333,0.333,0.333][TopoTrace Step 0] v0:G2[0.333,0.333,0.334] | v1:G2[0.333,0.333,0.334] | v2:G1[0.333,0.334,0.333] | v3:G0[0.334,0.333,0.333] | v4:G2[0.333,0.333,0.333]

[TopoTrace Step 0] v0:G2[0.333,0.333,0.334] | v1:G2[0.333,0.333,0.334] | v2:G1[0.333,0.334,0.333] | v3:G0[0.334,0.333,0.333] | v4:G2[0.333,0.333,0.333]
[TopoTrace Step 0] v0:G2[0.333,0.333,0.334] | v1:G2[0.333,0.333,0.334] | v2:G1[0.333,0.334,0.333] | v3:G0[0.334,0.333,0.333] | v4:G2[0.333,0.333,0.333]
[TopoTrace Step 0] v0:G2[0.333,0.333,0.334] | v1:G2[0.333,0.333,0.334] | v2:G1[0.333,0.334,0.333] | v3:G0[0.334,0.333,0.333] | v4:G2[0.333,0.333,0.333]
[TopoTrace Step 0] v0:G2[0.333,0.333,0.334] | v1:G2[0.333,0.333,0.334] | v2:G1[0.333,0.334,0.333] | v3:G0[0.334,0.333,0.333] | v4:G2[0.333,0.333,0.333]
[TopoTrace Step 0] v0:G2[0.333,0.333,0.334] | v1:G2[0.333,0.333,0.334] | v2:G1[0.333,0.334,0.333] | v3:G0[0.334,0.333,0.333] | v4:G2[0.333,0.333,0.333]
[TopoTrace Step 0] v0:G2[0.333,0.333,0.334] | v1:G2[0.333,0.333,0.334] | v2:G1[0.333,0.334,0.333] | v3:G0[0.334,0.333,0.333] | v4:G2[0.333,0.333,0.333]
[TopoTrace Step 0] v0:G2[0.333,0.333,0.334] | v1:G2[0.333,0.333,0.334] | v2:G1[0.333,0.334,0.333] | v3:G0[0.334,0.333,0.333] | v4:G2[0.333,0.333,0.333][TopoTrace Step 0] v0:G2[0.333,0.333,0.334] | v1:G2[0.333,0.333,0.334] | v2:G1[0.333,0.334,0.333] | v3:G0[0.334,0.333,0.333] | v4:G2[0.333,0.333,0.333]

[TopoTrace Step 0] v0:G2[0.333,0.333,0.334] | v1:G2[0.333,0.333,0.334] | v2:G1[0.333,0.334,0.333] | v3:G0[0.334,0.333,0.333] | v4:G2[0.333,0.333,0.333]
[TopoTrace Step 0] v0:G2[0.333,0.333,0.334] | v1:G2[0.333,0.333,0.334] | v2:G1[0.333,0.334,0.333] | v3:G0[0.334,0.333,0.333] | v4:G2[0.333,0.333,0.333]
[TopoTrace Step 0] v0:G2[0.333,0.333,0.334] | v1:G2[0.333,0.333,0.334] | v2:G1[0.333,0.334,0.333] | v3:G0[0.334,0.333,0.333] | v4:G2[0.333,0.333,0.333][TopoTrace Step 0] v0:G2[0.333,0.333,0.334] | v1:G2[0.333,0.333,0.334] | v2:G1[0.333,0.334,0.333] | v3:G0[0.334,0.333,0.333] | v4:G2[0.333,0.333,0.333]

[TopoTrace Step 0] v0:G2[0.333,0.333,0.334] | v1:G2[0.333,0.333,0.334] | v2:G1[0.333,0.334,0.333] | v3:G0[0.334,0.333,0.333] | v4:G2[0.333,0.333,0.333]
[TopoTrace Step 0] v0:G2[0.333,0.333,0.334] | v1:G2[0.333,0.333,0.334] | v2:G1[0.333,0.334,0.333] | v3:G0[0.334,0.333,0.333] | v4:G2[0.333,0.333,0.333]
[TopoTrace Step 0] v0:G2[0.333,0.333,0.334] | v1:G2[0.333,0.333,0.334] | v2:G1[0.333,0.334,0.333] | v3:G0[0.334,0.333,0.333] | v4:G2[0.333,0.333,0.333]
[TopoTrace Step 0] v0:G2[0.333,0.333,0.334] | v1:G2[0.333,0.333,0.334] | v2:G1[0.333,0.334,0.333] | v3:G0[0.334,0.333,0.333] | v4:G2[0.333,0.333,0.333]
[TopoTrace Step 0] v0:G2[0.333,0.333,0.334] | v1:G2[0.333,0.333,0.334] | v2:G1[0.333,0.334,0.333] | v3:G0[0.334,0.333,0.333] | v4:G2[0.333,0.333,0.333]
[TopoTrace Step 0] v0:G2[0.333,0.333,0.334] | v1:G2[0.333,0.333,0.334] | v2:G1[0.333,0.334,0.333] | v3:G0[0.334,0.333,0.333] | v4:G2[0.333,0.333,0.333]
[TopoTrace Step 0] v0:G2[0.333,0.333,0.334] | v1:G2[0.333,0.333,0.334] | v2:G1[0.333,0.334,0.333] | v3:G0[0.334,0.333,0.333] | v4:G2[0.333,0.333,0.333][TopoTrace Step 0] v0:G2[0.333,0.333,0.334] | v1:G2[0.333,0.333,0.334] | v2:G1[0.333,0.334,0.333] | v3:G0[0.334,0.333,0.333] | v4:G2[0.333,0.333,0.333]

[TopoTrace Step 0] v0:G2[0.333,0.333,0.334] | v1:G2[0.333,0.333,0.334] | v2:G1[0.333,0.334,0.333] | v3:G0[0.334,0.333,0.333] | v4:G2[0.333,0.333,0.333]
[TopoTrace Step 0] v0:G2[0.333,0.333,0.334] | v1:G2[0.333,0.333,0.334] | v2:G1[0.333,0.334,0.333] | v3:G0[0.334,0.333,0.333] | v4:G2[0.333,0.333,0.333]
[TopoTrace Step 0] v0:G2[0.333,0.333,0.334] | v1:G2[0.333,0.333,0.334] | v2:G1[0.333,0.334,0.333] | v3:G0[0.334,0.333,0.333] | v4:G2[0.333,0.333,0.333][TopoTrace Step 0] v0:G2[0.333,0.333,0.334] | v1:G2[0.333,0.333,0.334] | v2:G1[0.333,0.334,0.333] | v3:G0[0.334,0.333,0.333] | v4:G2[0.333,0.333,0.333]

[TopoTrace Step 0] v0:G2[0.333,0.333,0.334] | v1:G2[0.333,0.333,0.334] | v2:G1[0.333,0.334,0.333] | v3:G0[0.334,0.333,0.333] | v4:G2[0.333,0.333,0.333]
[TopoTrace Step 0] v0:G2[0.333,0.333,0.334] | v1:G2[0.333,0.333,0.334] | v2:G1[0.333,0.334,0.333] | v3:G0[0.334,0.333,0.333] | v4:G2[0.333,0.333,0.333]
[TopoTrace Step 0] v0:G2[0.333,0.333,0.334] | v1:G2[0.333,0.333,0.334] | v2:G1[0.333,0.334,0.333] | v3:G0[0.334,0.333,0.333] | v4:G2[0.333,0.333,0.333]
[TopoTrace Step 0] v0:G2[0.333,0.333,0.334] | v1:G2[0.333,0.333,0.334] | v2:G1[0.333,0.334,0.333] | v3:G0[0.334,0.333,0.333] | v4:G2[0.333,0.333,0.333]
[TopoTrace Step 0] v0:G2[0.333,0.333,0.334] | v1:G2[0.333,0.333,0.334] | v2:G1[0.333,0.334,0.333] | v3:G0[0.334,0.333,0.333] | v4:G2[0.333,0.333,0.333]
[TopoTrace Step 0] v0:G2[0.333,0.333,0.334] | v1:G2[0.333,0.333,0.334] | v2:G1[0.333,0.334,0.333] | v3:G0[0.334,0.333,0.333] | v4:G2[0.333,0.333,0.333]
[TopoTrace Step 0] v0:G2[0.333,0.333,0.334] | v1:G2[0.333,0.333,0.334] | v2:G1[0.333,0.334,0.333] | v3:G0[0.334,0.333,0.333] | v4:G2[0.333,0.333,0.333]
[TopoTrace Step 0] v0:G2[0.333,0.333,0.334] | v1:G2[0.333,0.333,0.334] | v2:G1[0.333,0.334,0.333] | v3:G0[0.334,0.333,0.333] | v4:G2[0.333,0.333,0.333]
[TopoTrace Step 0] v0:G2[0.333,0.333,0.334] | v1:G2[0.333,0.333,0.334] | v2:G1[0.333,0.334,0.333] | v3:G0[0.334,0.333,0.333] | v4:G2[0.333,0.333,0.333]
[TopoTrace Step 0] v0:G2[0.333,0.333,0.334] | v1:G2[0.333,0.333,0.334] | v2:G1[0.333,0.334,0.333] | v3:G0[0.334,0.333,0.333] | v4:G2[0.333,0.333,0.333]
[TopoTrace Step 0] v0:G2[0.333,0.333,0.334] | v1:G2[0.333,0.333,0.334] | v2:G1[0.333,0.334,0.333] | v3:G0[0.334,0.333,0.333] | v4:G2[0.333,0.333,0.333][TopoTrace Step 0] v0:G2[0.333,0.333,0.334] | v1:G2[0.333,0.333,0.334] | v2:G1[0.333,0.334,0.333] | v3:G0[0.334,0.333,0.333] | v4:G2[0.333,0.333,0.333]

[TopoTrace Step 0] v0:G2[0.333,0.333,0.334] | v1:G2[0.333,0.333,0.334] | v2:G1[0.333,0.334,0.333] | v3:G0[0.334,0.333,0.333] | v4:G2[0.333,0.333,0.333]
[TopoTrace Step 0] v0:G2[0.333,0.333,0.334] | v1:G2[0.333,0.333,0.334] | v2:G1[0.333,0.334,0.333] | v3:G0[0.334,0.333,0.333] | v4:G2[0.333,0.333,0.333]
[TopoTrace Step 0] v0:G2[0.333,0.333,0.334] | v1:G2[0.333,0.333,0.334] | v2:G1[0.333,0.334,0.333] | v3:G0[0.334,0.333,0.333] | v4:G2[0.333,0.333,0.333]
[TopoTrace Step 0] v0:G2[0.333,0.333,0.334] | v1:G2[0.333,0.333,0.334] | v2:G1[0.333,0.334,0.333] | v3:G0[0.334,0.333,0.333] | v4:G2[0.333,0.333,0.333]
[TopoTrace Step 0] v0:G2[0.333,0.333,0.334] | v1:G2[0.333,0.333,0.334] | v2:G1[0.333,0.334,0.333] | v3:G0[0.334,0.333,0.333] | v4:G2[0.333,0.333,0.333]
[TopoTrace Step 0] v0:G2[0.333,0.333,0.334] | v1:G2[0.333,0.333,0.334] | v2:G1[0.333,0.334,0.333] | v3:G0[0.334,0.333,0.333] | v4:G2[0.333,0.333,0.333]
[TopoTrace Step 0] v0:G2[0.333,0.333,0.334] | v1:G2[0.333,0.333,0.334] | v2:G1[0.333,0.334,0.333] | v3:G0[0.334,0.333,0.333] | v4:G2[0.333,0.333,0.333]
[TopoTrace Step 0] v0:G2[0.333,0.333,0.334] | v1:G2[0.333,0.333,0.334] | v2:G1[0.333,0.334,0.333] | v3:G0[0.334,0.333,0.333] | v4:G2[0.333,0.333,0.333]
[TopoTrace Step 0] v0:G2[0.333,0.333,0.334] | v1:G2[0.333,0.333,0.334] | v2:G1[0.333,0.334,0.333] | v3:G0[0.334,0.333,0.333] | v4:G2[0.333,0.333,0.333]
[TopoTrace Step 0] v0:G2[0.333,0.333,0.334] | v1:G2[0.333,0.333,0.334] | v2:G1[0.333,0.334,0.333] | v3:G0[0.334,0.333,0.333] | v4:G2[0.333,0.333,0.333]
[TopoTrace Step 0] v0:G2[0.333,0.333,0.334] | v1:G2[0.333,0.333,0.334] | v2:G1[0.333,0.334,0.333] | v3:G0[0.334,0.333,0.333] | v4:G2[0.333,0.333,0.333][TopoTrace Step 0] v0:G2[0.333,0.333,0.334] | v1:G2[0.333,0.333,0.334] | v2:G1[0.333,0.334,0.333] | v3:G0[0.334,0.333,0.333] | v4:G2[0.333,0.333,0.333]

[TopoTrace Step 0] v0:G2[0.333,0.333,0.334] | v1:G2[0.333,0.333,0.334] | v2:G1[0.333,0.334,0.333] | v3:G0[0.334,0.333,0.333] | v4:G2[0.333,0.333,0.333]
[TopoTrace Step 0] v0:G2[0.333,0.333,0.334] | v1:G2[0.333,0.333,0.334] | v2:G1[0.333,0.334,0.333] | v3:G0[0.334,0.333,0.333] | v4:G2[0.333,0.333,0.333]
[TopoTrace Step 0] v0:G2[0.333,0.333,0.334] | v1:G2[0.333,0.333,0.334] | v2:G1[0.333,0.334,0.333] | v3:G0[0.334,0.333,0.333] | v4:G2[0.333,0.333,0.333]
[TopoTrace Step 0] v0:G2[0.333,0.333,0.334] | v1:G2[0.333,0.333,0.334] | v2:G1[0.333,0.334,0.333] | v3:G0[0.334,0.333,0.333] | v4:G2[0.333,0.333,0.333]
[TopoTrace Step 0] v0:G2[0.333,0.333,0.334] | v1:G2[0.333,0.333,0.334] | v2:G1[0.333,0.334,0.333] | v3:G0[0.334,0.333,0.333] | v4:G2[0.333,0.333,0.333]
[TopoTrace Step 0] v0:G2[0.333,0.333,0.334] | v1:G2[0.333,0.333,0.334] | v2:G1[0.333,0.334,0.333] | v3:G0[0.334,0.333,0.333] | v4:G2[0.333,0.333,0.333]
[TopoTrace Step 0] v0:G2[0.333,0.333,0.334] | v1:G2[0.333,0.333,0.334] | v2:G1[0.333,0.334,0.333] | v3:G0[0.334,0.333,0.333] | v4:G2[0.333,0.333,0.333]
[TopoTrace Step 0] v0:G2[0.333,0.333,0.334] | v1:G2[0.333,0.333,0.334] | v2:G1[0.333,0.334,0.333] | v3:G0[0.334,0.333,0.333] | v4:G2[0.333,0.333,0.333]
[TopoTrace Step 0] v0:G2[0.333,0.333,0.334] | v1:G2[0.333,0.333,0.334] | v2:G1[0.333,0.334,0.333] | v3:G0[0.334,0.333,0.333] | v4:G2[0.333,0.333,0.333]
[TopoTrace Step 0] v0:G2[0.333,0.333,0.334] | v1:G2[0.333,0.333,0.334] | v2:G1[0.333,0.334,0.333] | v3:G0[0.334,0.333,0.333] | v4:G2[0.333,0.333,0.333]
[TopoTrace Step 0] v0:G2[0.333,0.333,0.334] | v1:G2[0.333,0.333,0.334] | v2:G1[0.333,0.334,0.333] | v3:G0[0.334,0.333,0.333] | v4:G2[0.333,0.333,0.333][TopoTrace Step 0] v0:G2[0.333,0.333,0.334] | v1:G2[0.333,0.333,0.334] | v2:G1[0.333,0.334,0.333] | v3:G0[0.334,0.333,0.333] | v4:G2[0.333,0.333,0.333]

[TopoTrace Step 0] v0:G2[0.333,0.333,0.334] | v1:G2[0.333,0.333,0.334] | v2:G1[0.333,0.334,0.333] | v3:G0[0.334,0.333,0.333] | v4:G2[0.333,0.333,0.333]
[TopoTrace Step 0] v0:G2[0.333,0.333,0.334] | v1:G2[0.333,0.333,0.334] | v2:G1[0.333,0.334,0.333] | v3:G0[0.334,0.333,0.333] | v4:G2[0.333,0.333,0.333]
[TopoTrace Step 0] v0:G2[0.333,0.333,0.334] | v1:G2[0.333,0.333,0.334] | v2:G1[0.333,0.334,0.333] | v3:G0[0.334,0.333,0.333] | v4:G2[0.333,0.333,0.333]
[TopoTrace Step 0] v0:G2[0.333,0.333,0.334] | v1:G2[0.333,0.333,0.334] | v2:G1[0.333,0.334,0.333] | v3:G0[0.334,0.333,0.333] | v4:G2[0.333,0.333,0.333]
[TopoTrace Step 0] v0:G2[0.333,0.333,0.334] | v1:G2[0.333,0.333,0.333] | v2:G1[0.333,0.334,0.333] | v3:G0[0.334,0.333,0.333] | v4:G2[0.333,0.333,0.333]
[TopoTrace Step 0] v0:G2[0.333,0.333,0.334] | v1:G2[0.333,0.333,0.333] | v2:G1[0.333,0.334,0.333] | v3:G0[0.334,0.333,0.333] | v4:G2[0.333,0.333,0.333]
[TopoTrace Step 0] v0:G2[0.333,0.333,0.334] | v1:G2[0.333,0.333,0.333] | v2:G1[0.333,0.334,0.333] | v3:G0[0.334,0.333,0.333] | v4:G2[0.333,0.333,0.333][TopoTrace Step 0] v0:G2[0.333,0.333,0.334] | v1:G2[0.333,0.333,0.333] | v2:G1[0.333,0.334,0.333] | v3:G0[0.334,0.333,0.333] | v4:G2[0.333,0.333,0.333]

[TopoTrace Step 0] v0:G2[0.333,0.333,0.334] | v1:G0[0.333,0.333,0.333] | v2:G1[0.333,0.334,0.333] | v3:G0[0.334,0.333,0.333] | v4:G2[0.333,0.333,0.333]
[TopoTrace Step 0] v0:G2[0.333,0.333,0.334] | v1:G0[0.333,0.333,0.333] | v2:G1[0.333,0.334,0.333] | v3:G0[0.334,0.333,0.333] | v4:G2[0.333,0.333,0.333]
[TopoTrace Step 0] v0:G2[0.333,0.333,0.334] | v1:G0[0.333,0.333,0.333] | v2:G1[0.333,0.334,0.333] | v3:G0[0.334,0.333,0.333] | v4:G2[0.333,0.333,0.333][TopoTrace Step 0] v0:G2[0.333,0.333,0.334] | v1:G0[0.333,0.333,0.333] | v2:G1[0.333,0.334,0.333] | v3:G0[0.334,0.333,0.333] | v4:G2[0.333,0.333,0.333]

[TopoTrace Step 0] v0:G2[0.333,0.333,0.334] | v1:G0[0.334,0.333,0.333] | v2:G1[0.333,0.334,0.333] | v3:G0[0.334,0.333,0.333] | v4:G2[0.333,0.333,0.333]
[TopoTrace Step 0] v0:G2[0.333,0.333,0.334] | v1:G0[0.334,0.333,0.333] | v2:G1[0.333,0.334,0.333] | v3:G0[0.334,0.333,0.333] | v4:G2[0.333,0.333,0.333]
[TopoTrace Step 0] v0:G2[0.333,0.333,0.334] | v1:G0[0.334,0.333,0.333] | v2:G1[0.333,0.334,0.333] | v3:G0[0.334,0.333,0.333] | v4:G2[0.333,0.333,0.333][TopoTrace Step 0] v0:G2[0.333,0.333,0.334] | v1:G0[0.334,0.333,0.333] | v2:G1[0.333,0.334,0.333] | v3:G0[0.334,0.333,0.333] | v4:G2[0.333,0.333,0.333]

[TopoTrace Step 0] v0:G2[0.333,0.333,0.334] | v1:G0[0.334,0.333,0.333] | v2:G1[0.333,0.334,0.333] | v3:G0[0.334,0.333,0.333] | v4:G2[0.333,0.333,0.333]
[TopoTrace Step 0] v0:G2[0.333,0.333,0.334] | v1:G0[0.334,0.333,0.333] | v2:G1[0.333,0.334,0.333] | v3:G0[0.334,0.333,0.333] | v4:G2[0.333,0.333,0.333]
[TopoTrace Step 0] v0:G2[0.333,0.333,0.334] | v1:G0[0.334,0.333,0.333] | v2:G1[0.333,0.334,0.333] | v3:G0[0.334,0.333,0.333] | v4:G2[0.333,0.333,0.333]
[TopoTrace Step 0] v0:G2[0.333,0.333,0.334] | v1:G0[0.334,0.333,0.333] | v2:G1[0.333,0.334,0.333] | v3:G0[0.334,0.333,0.333] | v4:G2[0.333,0.333,0.333]
[TopoTrace Step 0] v0:G2[0.333,0.333,0.334] | v1:G0[0.334,0.333,0.333] | v2:G1[0.333,0.334,0.333] | v3:G0[0.334,0.333,0.333] | v4:G2[0.333,0.333,0.333]
[TopoTrace Step 0] v0:G2[0.333,0.333,0.334] | v1:G0[0.334,0.333,0.333] | v2:G1[0.333,0.334,0.333] | v3:G0[0.334,0.333,0.333] | v4:G2[0.333,0.333,0.333]
[TopoTrace Step 0] v0:G2[0.333,0.333,0.334] | v1:G0[0.334,0.333,0.333] | v2:G1[0.333,0.334,0.333] | v3:G0[0.334,0.333,0.333] | v4:G2[0.333,0.333,0.333][TopoTrace Step 0] v0:G2[0.333,0.333,0.334] | v1:G0[0.334,0.333,0.333] | v2:G1[0.333,0.334,0.333] | v3:G0[0.334,0.333,0.333] | v4:G2[0.333,0.333,0.333]

[TopoTrace Step 0] v0:G2[0.333,0.333,0.334] | v1:G0[0.334,0.333,0.333] | v2:G1[0.333,0.334,0.333] | v3:G0[0.334,0.333,0.333] | v4:G2[0.333,0.333,0.333]
[TopoTrace Step 0] v0:G2[0.333,0.333,0.334] | v1:G0[0.334,0.333,0.333] | v2:G1[0.333,0.334,0.333] | v3:G0[0.334,0.333,0.333] | v4:G2[0.333,0.333,0.333]
[TopoTrace Step 0] v0:G2[0.333,0.333,0.334] | v1:G0[0.334,0.333,0.333] | v2:G1[0.333,0.334,0.333] | v3:G0[0.334,0.333,0.333] | v4:G2[0.333,0.333,0.333]
[TopoTrace Step 0] v0:G2[0.333,0.333,0.334] | v1:G0[0.334,0.333,0.333] | v2:G1[0.333,0.334,0.333] | v3:G0[0.334,0.333,0.333] | v4:G2[0.333,0.333,0.333]
[TopoTrace Step 0] v0:G2[0.333,0.333,0.334] | v1:G0[0.334,0.333,0.333] | v2:G1[0.334,0.334,0.333] | v3:G0[0.334,0.333,0.333] | v4:G2[0.333,0.333,0.334]
[TopoTrace Step 0] v0:G2[0.333,0.333,0.334] | v1:G0[0.334,0.333,0.333] | v2:G1[0.334,0.334,0.333] | v3:G0[0.334,0.333,0.333] | v4:G2[0.333,0.333,0.334]
[TopoTrace Step 0] v0:G2[0.333,0.333,0.334] | v1:G0[0.334,0.333,0.333] | v2:G1[0.334,0.334,0.333] | v3:G0[0.334,0.333,0.333] | v4:G2[0.333,0.333,0.334][TopoTrace Step 0] v0:G2[0.333,0.333,0.334] | v1:G0[0.334,0.333,0.333] | v2:G1[0.334,0.334,0.333] | v3:G0[0.334,0.333,0.333] | v4:G2[0.333,0.333,0.334]

[TopoTrace Step 0] v0:G2[0.333,0.333,0.334] | v1:G0[0.334,0.333,0.333] | v2:G1[0.334,0.334,0.333] | v3:G0[0.334,0.333,0.333] | v4:G2[0.333,0.333,0.334]
[TopoTrace Step 0] v0:G2[0.333,0.333,0.334] | v1:G0[0.334,0.333,0.333] | v2:G1[0.334,0.334,0.333] | v3:G0[0.334,0.333,0.333] | v4:G2[0.333,0.333,0.334]
[TopoTrace Step 0] v0:G2[0.333,0.333,0.334] | v1:G0[0.334,0.333,0.333] | v2:G1[0.334,0.334,0.333] | v3:G0[0.334,0.333,0.333] | v4:G2[0.333,0.333,0.334]
[TopoTrace Step 0] v0:G2[0.333,0.333,0.334] | v1:G0[0.334,0.333,0.333] | v2:G1[0.334,0.334,0.333] | v3:G0[0.334,0.333,0.333] | v4:G2[0.333,0.333,0.334]
[TopoTrace Step 0] v0:G2[0.333,0.333,0.334] | v1:G0[0.334,0.333,0.333] | v2:G1[0.334,0.334,0.333] | v3:G0[0.334,0.333,0.333] | v4:G2[0.333,0.333,0.334]
[TopoTrace Step 0] v0:G2[0.333,0.333,0.334] | v1:G0[0.334,0.333,0.333] | v2:G1[0.334,0.334,0.333] | v3:G0[0.334,0.333,0.333] | v4:G2[0.333,0.333,0.334]
[TopoTrace Step 0] v0:G2[0.333,0.333,0.334] | v1:G0[0.334,0.333,0.333] | v2:G1[0.334,0.334,0.333] | v3:G0[0.334,0.333,0.333] | v4:G2[0.333,0.333,0.334][TopoTrace Step 0] v0:G2[0.333,0.333,0.334] | v1:G0[0.334,0.333,0.333] | v2:G1[0.334,0.334,0.333] | v3:G0[0.334,0.333,0.333] | v4:G2[0.333,0.333,0.334]

[TopoTrace Step 0] v0:G2[0.333,0.333,0.334] | v1:G0[0.334,0.333,0.333] | v2:G1[0.334,0.334,0.333] | v3:G0[0.334,0.333,0.333] | v4:G2[0.333,0.333,0.334]
[TopoTrace Step 0] v0:G2[0.333,0.333,0.334] | v1:G0[0.334,0.333,0.333] | v2:G1[0.334,0.334,0.333] | v3:G0[0.334,0.333,0.333] | v4:G2[0.333,0.333,0.334]
[TopoTrace Step 0] v0:G2[0.333,0.333,0.334] | v1:G0[0.334,0.333,0.333] | v2:G1[0.334,0.334,0.333] | v3:G0[0.334,0.333,0.333] | v4:G2[0.333,0.333,0.334]
[TopoTrace Step 0] v0:G2[0.333,0.333,0.334] | v1:G0[0.334,0.333,0.333] | v2:G1[0.334,0.334,0.333] | v3:G0[0.334,0.333,0.333] | v4:G2[0.333,0.333,0.334]
[TopoTrace Step 0] v0:G2[0.333,0.333,0.334] | v1:G0[0.334,0.333,0.333] | v2:G1[0.334,0.334,0.333] | v3:G0[0.334,0.333,0.333] | v4:G2[0.333,0.333,0.334]
[TopoTrace Step 0] v0:G2[0.333,0.333,0.334] | v1:G0[0.334,0.333,0.333] | v2:G1[0.334,0.334,0.333] | v3:G0[0.334,0.333,0.333] | v4:G2[0.333,0.333,0.334]
[TopoTrace Step 0] v0:G2[0.333,0.333,0.334] | v1:G0[0.334,0.333,0.333] | v2:G1[0.334,0.334,0.333] | v3:G0[0.334,0.333,0.333] | v4:G2[0.333,0.333,0.334][TopoTrace Step 0] v0:G2[0.333,0.333,0.334] | v1:G0[0.334,0.333,0.333] | v2:G1[0.334,0.334,0.333] | v3:G0[0.334,0.333,0.333] | v4:G2[0.333,0.333,0.334]

[TopoTrace Step 0] v0:G2[0.333,0.333,0.334] | v1:G0[0.334,0.333,0.333] | v2:G1[0.334,0.334,0.333] | v3:G0[0.334,0.333,0.333] | v4:G2[0.333,0.333,0.334]
[TopoTrace Step 0] v0:G2[0.333,0.333,0.334] | v1:G0[0.334,0.333,0.333] | v2:G1[0.334,0.334,0.333] | v3:G0[0.334,0.333,0.333] | v4:G2[0.333,0.333,0.334]
[TopoTrace Step 0] v0:G2[0.333,0.333,0.334] | v1:G0[0.334,0.333,0.333] | v2:G1[0.334,0.334,0.333] | v3:G0[0.334,0.333,0.333] | v4:G2[0.333,0.333,0.334]
[TopoTrace Step 0] v0:G2[0.333,0.333,0.334] | v1:G0[0.334,0.333,0.333] | v2:G1[0.334,0.334,0.333] | v3:G0[0.334,0.333,0.333] | v4:G2[0.333,0.333,0.334]
[TopoTrace Step 0] v0:G2[0.333,0.333,0.334] | v1:G0[0.334,0.333,0.333] | v2:G1[0.334,0.334,0.333] | v3:G0[0.334,0.333,0.333] | v4:G2[0.333,0.333,0.334]
[TopoTrace Step 0] v0:G2[0.333,0.333,0.334] | v1:G0[0.334,0.333,0.333] | v2:G1[0.334,0.334,0.333] | v3:G0[0.334,0.333,0.333] | v4:G2[0.333,0.333,0.334]
[TopoTrace Step 0] v0:G2[0.333,0.333,0.334] | v1:G0[0.334,0.333,0.333] | v2:G1[0.334,0.334,0.333] | v3:G0[0.334,0.333,0.333] | v4:G2[0.333,0.333,0.334]
[TopoTrace Step 0] v0:G2[0.333,0.333,0.334] | v1:G0[0.334,0.333,0.333] | v2:G1[0.334,0.334,0.333] | v3:G0[0.334,0.333,0.333] | v4:G2[0.333,0.333,0.334]
[TopoTrace Step 0] v0:G2[0.333,0.333,0.334] | v1:G0[0.334,0.333,0.333] | v2:G1[0.334,0.334,0.333] | v3:G0[0.334,0.333,0.333] | v4:G2[0.333,0.333,0.334]
[TopoTrace Step 0] v0:G2[0.333,0.333,0.334] | v1:G0[0.334,0.333,0.333] | v2:G1[0.334,0.334,0.333] | v3:G0[0.334,0.333,0.333] | v4:G2[0.333,0.333,0.334]
[TopoTrace Step 0] v0:G2[0.333,0.333,0.334] | v1:G0[0.334,0.333,0.333] | v2:G1[0.334,0.334,0.333] | v3:G0[0.334,0.333,0.333] | v4:G2[0.333,0.333,0.334][TopoTrace Step 0] v0:G2[0.333,0.333,0.334] | v1:G0[0.334,0.333,0.333] | v2:G1[0.334,0.334,0.333] | v3:G0[0.334,0.333,0.333] | v4:G2[0.333,0.333,0.334]

[TopoTrace Step 0] v0:G2[0.333,0.333,0.334] | v1:G0[0.334,0.333,0.333] | v2:G1[0.334,0.334,0.333] | v3:G0[0.334,0.333,0.333] | v4:G2[0.333,0.333,0.334]
[TopoTrace Step 0] v0:G2[0.333,0.333,0.334] | v1:G0[0.334,0.333,0.333] | v2:G1[0.334,0.334,0.333] | v3:G0[0.334,0.333,0.333] | v4:G2[0.333,0.333,0.334]
[TopoTrace Step 0] v0:G2[0.333,0.333,0.334] | v1:G0[0.334,0.333,0.333] | v2:G1[0.334,0.334,0.333] | v3:G0[0.334,0.333,0.333] | v4:G2[0.333,0.333,0.334]
[TopoTrace Step 0] v0:G2[0.333,0.333,0.334] | v1:G0[0.334,0.333,0.333] | v2:G1[0.334,0.334,0.333] | v3:G0[0.334,0.333,0.333] | v4:G2[0.333,0.333,0.334]
[TopoTrace Step 0] v0:G2[0.333,0.333,0.334] | v1:G0[0.334,0.333,0.333] | v2:G1[0.334,0.334,0.333] | v3:G0[0.334,0.333,0.333] | v4:G2[0.333,0.333,0.334]
[TopoTrace Step 0] v0:G2[0.333,0.333,0.334] | v1:G0[0.334,0.333,0.333] | v2:G1[0.334,0.334,0.333] | v3:G0[0.334,0.333,0.333] | v4:G2[0.333,0.333,0.334]
[TopoTrace Step 0] v0:G2[0.333,0.333,0.334] | v1:G0[0.334,0.333,0.333] | v2:G1[0.334,0.334,0.333] | v3:G0[0.334,0.333,0.333] | v4:G2[0.333,0.333,0.334]
[TopoTrace Step 0] v0:G2[0.333,0.333,0.334] | v1:G0[0.334,0.333,0.333] | v2:G1[0.334,0.334,0.333] | v3:G0[0.334,0.333,0.333] | v4:G2[0.333,0.333,0.334]
[TopoTrace Step 0] v0:G2[0.333,0.333,0.334] | v1:G0[0.334,0.333,0.333] | v2:G1[0.334,0.334,0.333] | v3:G0[0.334,0.333,0.333] | v4:G2[0.333,0.333,0.334]
[TopoTrace Step 0] v0:G2[0.333,0.333,0.334] | v1:G0[0.334,0.333,0.333] | v2:G1[0.334,0.334,0.333] | v3:G0[0.334,0.333,0.333] | v4:G2[0.333,0.333,0.334]
[TopoTrace Step 0] v0:G2[0.333,0.333,0.334] | v1:G0[0.334,0.333,0.333] | v2:G1[0.334,0.334,0.333] | v3:G0[0.334,0.333,0.333] | v4:G2[0.333,0.333,0.334]
[TopoTrace Step 0] v0:G2[0.333,0.333,0.334] | v1:G0[0.334,0.333,0.333] | v2:G1[0.334,0.334,0.333] | v3:G0[0.334,0.333,0.333] | v4:G2[0.333,0.333,0.334]
[TopoTrace Step 0] v0:G2[0.333,0.333,0.334] | v1:G0[0.334,0.333,0.333] | v2:G1[0.334,0.334,0.333] | v3:G0[0.334,0.333,0.333] | v4:G2[0.333,0.333,0.334]
[TopoTrace Step 0] v0:G2[0.333,0.333,0.334] | v1:G0[0.334,0.333,0.333] | v2:G1[0.334,0.334,0.333] | v3:G0[0.334,0.333,0.333] | v4:G2[0.333,0.333,0.334][TopoTrace Step 0] v0:G2[0.333,0.333,0.334] | v1:G0[0.334,0.333,0.333] | v2:G1[0.334,0.334,0.333] | v3:G0[0.334,0.333,0.333] | v4:G2[0.333,0.333,0.334]

[TopoTrace Step 0] v0:G2[0.333,0.333,0.334] | v1:G0[0.334,0.333,0.333] | v2:G1[0.334,0.334,0.333] | v3:G0[0.334,0.333,0.333] | v4:G2[0.333,0.333,0.334]
[TopoTrace Step 0] v0:G2[0.333,0.333,0.334] | v1:G0[0.334,0.333,0.333] | v2:G1[0.334,0.334,0.333] | v3:G0[0.334,0.333,0.333] | v4:G2[0.333,0.333,0.334]
[TopoTrace Step 0] v0:G2[0.333,0.333,0.334] | v1:G0[0.334,0.333,0.333] | v2:G1[0.334,0.334,0.333] | v3:G0[0.334,0.333,0.333] | v4:G2[0.333,0.333,0.334]
[TopoTrace Step 0] v0:G2[0.333,0.333,0.334] | v1:G0[0.334,0.333,0.333] | v2:G1[0.334,0.334,0.333] | v3:G0[0.334,0.333,0.333] | v4:G2[0.333,0.333,0.334][TopoTrace Step 0] v0:G2[0.333,0.333,0.334] | v1:G0[0.334,0.333,0.333] | v2:G1[0.334,0.334,0.333] | v3:G0[0.334,0.333,0.333] | v4:G2[0.333,0.333,0.334]

[TopoTrace Step 0] v0:G2[0.333,0.333,0.334] | v1:G0[0.334,0.333,0.333] | v2:G1[0.334,0.334,0.333] | v3:G0[0.334,0.333,0.333] | v4:G2[0.333,0.333,0.334]
[TopoTrace Step 0] v0:G2[0.333,0.333,0.334] | v1:G0[0.334,0.333,0.333] | v2:G1[0.334,0.334,0.333] | v3:G0[0.334,0.333,0.333] | v4:G2[0.333,0.333,0.334]
[TopoTrace Step 0] v0:G2[0.333,0.333,0.334] | v1:G0[0.334,0.333,0.333] | v2:G1[0.334,0.334,0.333] | v3:G0[0.334,0.333,0.333] | v4:G2[0.333,0.333,0.334][TopoTrace Step 0] v0:G2[0.333,0.333,0.334] | v1:G0[0.334,0.333,0.333] | v2:G1[0.334,0.334,0.333] | v3:G0[0.334,0.333,0.333] | v4:G2[0.333,0.333,0.334]

Epoch: 1 cost time: 14.703809261322021
Epoch: 1, Steps: 147 | Train Loss: 0.5252102 Vali Loss: 0.4159594 Test Loss: 4.0658431
Validation loss decreased (inf --> 0.415959).  Saving model ...
Updating learning rate to 0.0001
[TopoTrace Step 0] v0:G2[0.333,0.333,0.334] | v1:G0[0.334,0.333,0.333] | v2:G1[0.334,0.334,0.333] | v3:G0[0.334,0.333,0.333] | v4:G2[0.333,0.333,0.334]
[TopoTrace Step 0] v0:G2[0.333,0.333,0.334] | v1:G0[0.334,0.333,0.333] | v2:G1[0.334,0.334,0.333] | v3:G0[0.334,0.333,0.333] | v4:G2[0.333,0.333,0.334]
[TopoTrace Step 0] v0:G2[0.333,0.333,0.334] | v1:G0[0.334,0.333,0.333] | v2:G1[0.334,0.334,0.333] | v3:G0[0.334,0.333,0.333] | v4:G2[0.333,0.333,0.334][TopoTrace Step 0] v0:G2[0.333,0.333,0.334] | v1:G0[0.334,0.333,0.333] | v2:G1[0.334,0.334,0.333] | v3:G0[0.334,0.333,0.333] | v4:G2[0.333,0.333,0.334]

[TopoTrace Step 0] v0:G2[0.333,0.333,0.334] | v1:G0[0.334,0.333,0.333] | v2:G1[0.334,0.334,0.333] | v3:G0[0.334,0.333,0.333] | v4:G2[0.333,0.333,0.334]
[TopoTrace Step 0] v0:G2[0.333,0.333,0.334] | v1:G0[0.334,0.333,0.333] | v2:G1[0.334,0.334,0.333] | v3:G0[0.334,0.333,0.333] | v4:G2[0.333,0.333,0.334]
[TopoTrace Step 0] v0:G2[0.333,0.333,0.334] | v1:G0[0.334,0.333,0.333] | v2:G1[0.334,0.334,0.333] | v3:G0[0.334,0.333,0.333] | v4:G2[0.333,0.333,0.334][TopoTrace Step 0] v0:G2[0.333,0.333,0.334] | v1:G0[0.334,0.333,0.333] | v2:G1[0.334,0.334,0.333] | v3:G0[0.334,0.333,0.333] | v4:G2[0.333,0.333,0.334]

[TopoTrace Step 0] v0:G2[0.333,0.333,0.334] | v1:G0[0.334,0.333,0.333] | v2:G1[0.334,0.334,0.333] | v3:G0[0.334,0.333,0.333] | v4:G2[0.333,0.333,0.334]
[TopoTrace Step 0] v0:G2[0.333,0.333,0.334] | v1:G0[0.334,0.333,0.333] | v2:G1[0.334,0.334,0.333] | v3:G0[0.334,0.333,0.333] | v4:G2[0.333,0.333,0.334]
[TopoTrace Step 0] v0:G2[0.333,0.333,0.334] | v1:G0[0.334,0.333,0.333] | v2:G1[0.334,0.334,0.333] | v3:G0[0.334,0.333,0.333] | v4:G2[0.333,0.333,0.334]
[TopoTrace Step 0] v0:G2[0.333,0.333,0.334] | v1:G0[0.334,0.333,0.333] | v2:G1[0.334,0.334,0.333] | v3:G0[0.334,0.333,0.333] | v4:G2[0.333,0.333,0.334]
[TopoTrace Step 0] v0:G2[0.333,0.333,0.334] | v1:G0[0.334,0.333,0.333] | v2:G1[0.334,0.334,0.333] | v3:G0[0.334,0.333,0.333] | v4:G2[0.333,0.333,0.334]
[TopoTrace Step 0] v0:G2[0.333,0.333,0.334] | v1:G0[0.334,0.333,0.333] | v2:G1[0.334,0.334,0.333] | v3:G0[0.334,0.333,0.333] | v4:G2[0.333,0.333,0.334]
[TopoTrace Step 0] v0:G2[0.333,0.333,0.334] | v1:G0[0.334,0.333,0.333] | v2:G1[0.334,0.334,0.333] | v3:G0[0.334,0.333,0.333] | v4:G2[0.333,0.333,0.334]
[TopoTrace Step 0] v0:G2[0.333,0.333,0.334] | v1:G0[0.334,0.333,0.333] | v2:G1[0.334,0.334,0.333] | v3:G0[0.334,0.333,0.333] | v4:G2[0.333,0.333,0.334]
[TopoTrace Step 0] v0:G2[0.333,0.333,0.334] | v1:G0[0.334,0.333,0.333] | v2:G0[0.334,0.334,0.333] | v3:G0[0.334,0.333,0.333] | v4:G2[0.333,0.333,0.334]
[TopoTrace Step 0] v0:G2[0.333,0.333,0.334] | v1:G0[0.334,0.333,0.333] | v2:G0[0.334,0.334,0.333] | v3:G0[0.334,0.333,0.333] | v4:G2[0.333,0.333,0.334][TopoTrace Step 0] v0:G2[0.333,0.333,0.334] | v1:G0[0.334,0.333,0.333] | v2:G0[0.334,0.334,0.333] | v3:G0[0.334,0.333,0.333] | v4:G2[0.333,0.333,0.334]

[TopoTrace Step 0] v0:G2[0.333,0.333,0.334] | v1:G0[0.334,0.333,0.333] | v2:G0[0.334,0.334,0.333] | v3:G0[0.334,0.333,0.333] | v4:G2[0.333,0.333,0.334]
[TopoTrace Step 0] v0:G2[0.333,0.333,0.334] | v1:G0[0.334,0.333,0.333] | v2:G0[0.334,0.334,0.333] | v3:G0[0.334,0.333,0.333] | v4:G2[0.333,0.333,0.334]
[TopoTrace Step 0] v0:G2[0.333,0.333,0.334] | v1:G0[0.334,0.333,0.333] | v2:G0[0.334,0.334,0.333] | v3:G0[0.334,0.333,0.333] | v4:G2[0.333,0.333,0.334]
[TopoTrace Step 0] v0:G2[0.333,0.333,0.334] | v1:G0[0.334,0.333,0.333] | v2:G0[0.334,0.334,0.333] | v3:G0[0.334,0.333,0.333] | v4:G2[0.333,0.333,0.334][TopoTrace Step 0] v0:G2[0.333,0.333,0.334] | v1:G0[0.334,0.333,0.333] | v2:G0[0.334,0.334,0.333] | v3:G0[0.334,0.333,0.333] | v4:G2[0.333,0.333,0.334]

[TopoTrace Step 0] v0:G2[0.333,0.333,0.334] | v1:G0[0.334,0.333,0.333] | v2:G0[0.334,0.334,0.333] | v3:G0[0.334,0.333,0.333] | v4:G2[0.333,0.333,0.334]
[TopoTrace Step 0] v0:G2[0.333,0.333,0.334] | v1:G0[0.334,0.333,0.333] | v2:G0[0.334,0.334,0.333] | v3:G0[0.334,0.333,0.333] | v4:G2[0.333,0.333,0.334]
[TopoTrace Step 0] v0:G2[0.333,0.333,0.334] | v1:G0[0.334,0.333,0.333] | v2:G0[0.334,0.334,0.333] | v3:G0[0.334,0.333,0.333] | v4:G2[0.333,0.333,0.334][TopoTrace Step 0] v0:G2[0.333,0.333,0.334] | v1:G0[0.334,0.333,0.333] | v2:G0[0.334,0.334,0.333] | v3:G0[0.334,0.333,0.333] | v4:G2[0.333,0.333,0.334]

[TopoTrace Step 0] v0:G2[0.333,0.333,0.334] | v1:G0[0.334,0.333,0.333] | v2:G0[0.334,0.334,0.333] | v3:G0[0.334,0.333,0.333] | v4:G2[0.333,0.333,0.334]
[TopoTrace Step 0] v0:G2[0.333,0.333,0.334] | v1:G0[0.334,0.333,0.333] | v2:G0[0.334,0.334,0.333] | v3:G0[0.334,0.333,0.333] | v4:G2[0.333,0.333,0.334]
[TopoTrace Step 0] v0:G2[0.333,0.333,0.334] | v1:G0[0.334,0.333,0.333] | v2:G0[0.334,0.334,0.333] | v3:G0[0.334,0.333,0.333] | v4:G2[0.333,0.333,0.334]
[TopoTrace Step 0] v0:G2[0.333,0.333,0.334] | v1:G0[0.334,0.333,0.333] | v2:G0[0.334,0.334,0.333] | v3:G0[0.334,0.333,0.333] | v4:G2[0.333,0.333,0.334]
[TopoTrace Step 0] v0:G2[0.333,0.333,0.334] | v1:G0[0.334,0.333,0.333] | v2:G0[0.334,0.334,0.333] | v3:G0[0.334,0.333,0.333] | v4:G2[0.333,0.333,0.334]
[TopoTrace Step 0] v0:G2[0.333,0.333,0.334] | v1:G0[0.334,0.333,0.333] | v2:G0[0.334,0.334,0.333] | v3:G0[0.334,0.333,0.333] | v4:G2[0.333,0.333,0.334]
[TopoTrace Step 0] v0:G2[0.333,0.333,0.334] | v1:G0[0.334,0.333,0.333] | v2:G0[0.334,0.334,0.333] | v3:G0[0.334,0.333,0.333] | v4:G2[0.333,0.333,0.334]
[TopoTrace Step 0] v0:G2[0.333,0.333,0.334] | v1:G0[0.334,0.333,0.333] | v2:G0[0.334,0.334,0.333] | v3:G0[0.334,0.333,0.333] | v4:G2[0.333,0.333,0.334]
[TopoTrace Step 0] v0:G2[0.333,0.333,0.334] | v1:G0[0.334,0.333,0.333] | v2:G0[0.334,0.334,0.333] | v3:G0[0.334,0.333,0.333] | v4:G2[0.333,0.333,0.334]
[TopoTrace Step 0] v0:G2[0.333,0.333,0.334] | v1:G0[0.334,0.333,0.333] | v2:G0[0.334,0.334,0.333] | v3:G0[0.334,0.333,0.333] | v4:G2[0.333,0.333,0.334]
[TopoTrace Step 0] v0:G2[0.333,0.333,0.334] | v1:G0[0.334,0.333,0.333] | v2:G0[0.334,0.334,0.333] | v3:G0[0.334,0.333,0.333] | v4:G2[0.333,0.333,0.334][TopoTrace Step 0] v0:G2[0.333,0.333,0.334] | v1:G0[0.334,0.333,0.333] | v2:G0[0.334,0.334,0.333] | v3:G0[0.334,0.333,0.333] | v4:G2[0.333,0.333,0.334]

[TopoTrace Step 0] v0:G2[0.333,0.333,0.334] | v1:G0[0.334,0.333,0.333] | v2:G0[0.334,0.334,0.333] | v3:G0[0.334,0.333,0.333] | v4:G2[0.333,0.333,0.334]
[TopoTrace Step 0] v0:G2[0.333,0.333,0.334] | v1:G0[0.334,0.333,0.333] | v2:G0[0.334,0.334,0.333] | v3:G0[0.334,0.333,0.333] | v4:G2[0.333,0.333,0.334]
[TopoTrace Step 0] v0:G2[0.333,0.333,0.334] | v1:G0[0.334,0.333,0.333] | v2:G0[0.334,0.334,0.333] | v3:G0[0.334,0.333,0.333] | v4:G2[0.333,0.333,0.334]
[TopoTrace Step 0] v0:G2[0.333,0.333,0.334] | v1:G0[0.334,0.333,0.333] | v2:G0[0.334,0.334,0.333] | v3:G0[0.334,0.333,0.333] | v4:G2[0.333,0.333,0.334]
[TopoTrace Step 0] v0:G2[0.333,0.333,0.334] | v1:G0[0.334,0.333,0.333] | v2:G0[0.334,0.334,0.333] | v3:G0[0.334,0.333,0.333] | v4:G2[0.333,0.333,0.334]
[TopoTrace Step 0] v0:G2[0.333,0.333,0.334] | v1:G0[0.334,0.333,0.333] | v2:G0[0.334,0.334,0.333] | v3:G0[0.334,0.333,0.333] | v4:G2[0.333,0.333,0.334]
[TopoTrace Step 0] v0:G2[0.333,0.333,0.334] | v1:G0[0.334,0.333,0.333] | v2:G0[0.334,0.334,0.333] | v3:G0[0.334,0.333,0.333] | v4:G2[0.333,0.333,0.334][TopoTrace Step 0] v0:G2[0.333,0.333,0.334] | v1:G0[0.334,0.333,0.333] | v2:G0[0.334,0.334,0.333] | v3:G0[0.334,0.333,0.333] | v4:G2[0.333,0.333,0.334]

[TopoTrace Step 0] v0:G2[0.333,0.333,0.334] | v1:G0[0.334,0.333,0.333] | v2:G0[0.334,0.334,0.333] | v3:G0[0.334,0.333,0.333] | v4:G2[0.333,0.333,0.334]
[TopoTrace Step 0] v0:G2[0.333,0.333,0.334] | v1:G0[0.334,0.333,0.333] | v2:G0[0.334,0.334,0.333] | v3:G0[0.334,0.333,0.333] | v4:G2[0.333,0.333,0.334]
[TopoTrace Step 0] v0:G2[0.333,0.333,0.334] | v1:G0[0.334,0.333,0.333] | v2:G0[0.334,0.334,0.333] | v3:G0[0.334,0.333,0.333] | v4:G2[0.333,0.333,0.334][TopoTrace Step 0] v0:G2[0.333,0.333,0.334] | v1:G0[0.334,0.333,0.333] | v2:G0[0.334,0.334,0.333] | v3:G0[0.334,0.333,0.333] | v4:G2[0.333,0.333,0.334]

[TopoTrace Step 0] v0:G2[0.333,0.333,0.334] | v1:G0[0.334,0.333,0.333] | v2:G0[0.334,0.334,0.333] | v3:G0[0.334,0.333,0.333] | v4:G2[0.333,0.333,0.334]
[TopoTrace Step 0] v0:G2[0.333,0.333,0.334] | v1:G0[0.334,0.333,0.333] | v2:G0[0.334,0.334,0.333] | v3:G0[0.334,0.333,0.333] | v4:G2[0.333,0.333,0.334]
[TopoTrace Step 0] v0:G2[0.333,0.333,0.334] | v1:G0[0.334,0.333,0.333] | v2:G0[0.334,0.334,0.333] | v3:G0[0.334,0.333,0.333] | v4:G2[0.333,0.333,0.334]
[TopoTrace Step 0] v0:G2[0.333,0.333,0.334] | v1:G0[0.334,0.333,0.333] | v2:G0[0.334,0.334,0.333] | v3:G0[0.334,0.333,0.333] | v4:G2[0.333,0.333,0.334]
[TopoTrace Step 0] v0:G2[0.333,0.333,0.334] | v1:G0[0.334,0.333,0.333] | v2:G0[0.334,0.334,0.333] | v3:G0[0.334,0.333,0.333] | v4:G2[0.333,0.333,0.334]
[TopoTrace Step 0] v0:G2[0.333,0.333,0.334] | v1:G0[0.334,0.333,0.333] | v2:G0[0.334,0.334,0.333] | v3:G0[0.334,0.333,0.333] | v4:G2[0.333,0.333,0.334]
[TopoTrace Step 0] v0:G2[0.333,0.333,0.334] | v1:G0[0.334,0.333,0.333] | v2:G0[0.334,0.334,0.333] | v3:G0[0.334,0.333,0.333] | v4:G2[0.333,0.333,0.334]
[TopoTrace Step 0] v0:G2[0.333,0.333,0.334] | v1:G0[0.334,0.333,0.333] | v2:G0[0.334,0.334,0.333] | v3:G0[0.334,0.333,0.333] | v4:G2[0.333,0.333,0.334]
[TopoTrace Step 0] v0:G2[0.333,0.333,0.334] | v1:G0[0.334,0.333,0.333] | v2:G0[0.334,0.334,0.333] | v3:G0[0.334,0.333,0.333] | v4:G2[0.333,0.333,0.334]
[TopoTrace Step 0] v0:G2[0.333,0.333,0.334] | v1:G0[0.334,0.333,0.333] | v2:G0[0.334,0.334,0.333] | v3:G0[0.334,0.333,0.333] | v4:G2[0.333,0.333,0.334]
[TopoTrace Step 0] v0:G2[0.333,0.333,0.334] | v1:G0[0.334,0.333,0.333] | v2:G0[0.334,0.334,0.333] | v3:G0[0.334,0.333,0.333] | v4:G2[0.333,0.333,0.334][TopoTrace Step 0] v0:G2[0.333,0.333,0.334] | v1:G0[0.334,0.333,0.333] | v2:G0[0.334,0.334,0.333] | v3:G0[0.334,0.333,0.333] | v4:G2[0.333,0.333,0.334]

[TopoTrace Step 0] v0:G2[0.333,0.333,0.334] | v1:G0[0.334,0.333,0.333] | v2:G0[0.334,0.334,0.333] | v3:G0[0.334,0.333,0.333] | v4:G2[0.333,0.333,0.334]
[TopoTrace Step 0] v0:G2[0.333,0.333,0.334] | v1:G0[0.334,0.333,0.333] | v2:G0[0.334,0.334,0.333] | v3:G0[0.334,0.333,0.333] | v4:G2[0.333,0.333,0.334]
[TopoTrace Step 0] v0:G2[0.333,0.333,0.334] | v1:G0[0.334,0.333,0.333] | v2:G0[0.334,0.334,0.333] | v3:G0[0.334,0.333,0.333] | v4:G2[0.333,0.333,0.334]
[TopoTrace Step 0] v0:G2[0.333,0.333,0.334] | v1:G0[0.334,0.333,0.333] | v2:G0[0.334,0.334,0.333] | v3:G0[0.334,0.333,0.333] | v4:G2[0.333,0.333,0.334]
[TopoTrace Step 0] v0:G2[0.333,0.333,0.334] | v1:G0[0.334,0.333,0.333] | v2:G0[0.334,0.334,0.333] | v3:G0[0.334,0.333,0.333] | v4:G2[0.333,0.333,0.334]
[TopoTrace Step 0] v0:G2[0.333,0.333,0.334] | v1:G0[0.334,0.333,0.333] | v2:G0[0.334,0.334,0.333] | v3:G0[0.334,0.333,0.333] | v4:G2[0.333,0.333,0.334]
[TopoTrace Step 0] v0:G2[0.333,0.333,0.334] | v1:G0[0.334,0.333,0.333] | v2:G0[0.334,0.334,0.333] | v3:G0[0.334,0.333,0.333] | v4:G2[0.333,0.333,0.334][TopoTrace Step 0] v0:G2[0.333,0.333,0.334] | v1:G0[0.334,0.333,0.333] | v2:G0[0.334,0.334,0.333] | v3:G0[0.334,0.333,0.333] | v4:G2[0.333,0.333,0.334]

[TopoTrace Step 0] v0:G2[0.333,0.333,0.334] | v1:G0[0.334,0.333,0.333] | v2:G0[0.334,0.334,0.333] | v3:G0[0.334,0.333,0.333] | v4:G2[0.333,0.333,0.334]
[TopoTrace Step 0] v0:G2[0.333,0.333,0.334] | v1:G0[0.334,0.333,0.333] | v2:G0[0.334,0.334,0.333] | v3:G0[0.334,0.333,0.333] | v4:G2[0.333,0.333,0.334]
[TopoTrace Step 0] v0:G2[0.333,0.333,0.334] | v1:G0[0.334,0.333,0.333] | v2:G0[0.334,0.334,0.333] | v3:G0[0.334,0.333,0.333] | v4:G2[0.333,0.333,0.334][TopoTrace Step 0] v0:G2[0.333,0.333,0.334] | v1:G0[0.334,0.333,0.333] | v2:G0[0.334,0.334,0.333] | v3:G0[0.334,0.333,0.333] | v4:G2[0.333,0.333,0.334]

[TopoTrace Step 0] v0:G2[0.333,0.333,0.334] | v1:G0[0.334,0.333,0.333] | v2:G0[0.334,0.334,0.333] | v3:G0[0.334,0.333,0.333] | v4:G2[0.333,0.333,0.334]
[TopoTrace Step 0] v0:G2[0.333,0.333,0.334] | v1:G0[0.334,0.333,0.333] | v2:G0[0.334,0.334,0.333] | v3:G0[0.334,0.333,0.333] | v4:G2[0.333,0.333,0.334]
[TopoTrace Step 0] v0:G2[0.333,0.333,0.334] | v1:G0[0.334,0.333,0.333] | v2:G0[0.334,0.334,0.333] | v3:G0[0.334,0.333,0.333] | v4:G2[0.333,0.333,0.334]
[TopoTrace Step 0] v0:G2[0.333,0.333,0.334] | v1:G0[0.334,0.333,0.333] | v2:G0[0.334,0.334,0.333] | v3:G0[0.334,0.333,0.333] | v4:G2[0.333,0.333,0.334]
[TopoTrace Step 0] v0:G2[0.333,0.333,0.334] | v1:G0[0.334,0.333,0.333] | v2:G0[0.334,0.334,0.333] | v3:G0[0.334,0.333,0.333] | v4:G2[0.333,0.333,0.334]
[TopoTrace Step 0] v0:G2[0.333,0.333,0.334] | v1:G0[0.334,0.333,0.333] | v2:G0[0.334,0.334,0.333] | v3:G0[0.334,0.333,0.333] | v4:G2[0.333,0.333,0.334]
[TopoTrace Step 0] v0:G2[0.333,0.333,0.334] | v1:G0[0.334,0.333,0.333] | v2:G0[0.334,0.334,0.333] | v3:G0[0.334,0.333,0.333] | v4:G2[0.333,0.333,0.334][TopoTrace Step 0] v0:G2[0.333,0.333,0.334] | v1:G0[0.334,0.333,0.333] | v2:G0[0.334,0.334,0.333] | v3:G0[0.334,0.333,0.333] | v4:G2[0.333,0.333,0.334]

[TopoTrace Step 0] v0:G2[0.333,0.333,0.334] | v1:G0[0.334,0.333,0.333] | v2:G0[0.334,0.334,0.333] | v3:G0[0.334,0.333,0.333] | v4:G2[0.333,0.333,0.334]
[TopoTrace Step 0] v0:G2[0.333,0.333,0.334] | v1:G0[0.334,0.333,0.333] | v2:G0[0.334,0.334,0.333] | v3:G0[0.334,0.333,0.333] | v4:G2[0.333,0.333,0.334]
[TopoTrace Step 0] v0:G2[0.333,0.333,0.334] | v1:G0[0.334,0.333,0.333] | v2:G0[0.334,0.334,0.333] | v3:G0[0.334,0.333,0.333] | v4:G2[0.333,0.333,0.334]
[TopoTrace Step 0] v0:G2[0.333,0.333,0.334] | v1:G0[0.334,0.333,0.333] | v2:G0[0.334,0.334,0.333] | v3:G0[0.334,0.333,0.333] | v4:G2[0.333,0.333,0.334]
[TopoTrace Step 0] v0:G2[0.333,0.333,0.334] | v1:G0[0.334,0.333,0.333] | v2:G0[0.334,0.334,0.333] | v3:G0[0.334,0.333,0.333] | v4:G2[0.333,0.333,0.334]
[TopoTrace Step 0] v0:G2[0.333,0.333,0.334] | v1:G0[0.334,0.333,0.333] | v2:G0[0.334,0.334,0.333] | v3:G0[0.334,0.333,0.333] | v4:G2[0.333,0.333,0.334]
[TopoTrace Step 0] v0:G2[0.333,0.333,0.334] | v1:G0[0.334,0.333,0.333] | v2:G0[0.334,0.334,0.333] | v3:G0[0.334,0.333,0.333] | v4:G2[0.333,0.333,0.334]
[TopoTrace Step 0] v0:G2[0.333,0.333,0.334] | v1:G0[0.334,0.333,0.333] | v2:G0[0.334,0.334,0.333] | v3:G0[0.334,0.333,0.333] | v4:G2[0.333,0.333,0.334]
[TopoTrace Step 0] v0:G2[0.333,0.333,0.334] | v1:G0[0.334,0.333,0.333] | v2:G0[0.334,0.334,0.333] | v3:G0[0.334,0.333,0.333] | v4:G2[0.333,0.333,0.334]
[TopoTrace Step 0] v0:G2[0.333,0.333,0.334] | v1:G0[0.334,0.333,0.333] | v2:G0[0.334,0.334,0.333] | v3:G0[0.334,0.333,0.333] | v4:G2[0.333,0.333,0.334]
[TopoTrace Step 0] v0:G2[0.333,0.333,0.334] | v1:G0[0.334,0.333,0.333] | v2:G0[0.334,0.334,0.333] | v3:G0[0.334,0.333,0.333] | v4:G2[0.333,0.333,0.334]
[TopoTrace Step 0] v0:G2[0.333,0.333,0.334] | v1:G0[0.334,0.333,0.333] | v2:G0[0.334,0.334,0.333] | v3:G0[0.334,0.333,0.333] | v4:G2[0.333,0.333,0.334]
[TopoTrace Step 0] v0:G2[0.333,0.333,0.334] | v1:G0[0.334,0.333,0.333] | v2:G0[0.334,0.334,0.333] | v3:G0[0.334,0.333,0.333] | v4:G2[0.333,0.333,0.334]
[TopoTrace Step 0] v0:G2[0.333,0.333,0.334] | v1:G0[0.334,0.333,0.333] | v2:G0[0.334,0.334,0.333] | v3:G0[0.334,0.333,0.333] | v4:G2[0.333,0.333,0.334]
[TopoTrace Step 0] v0:G2[0.333,0.333,0.334] | v1:G0[0.334,0.333,0.333] | v2:G0[0.334,0.334,0.333] | v3:G0[0.334,0.333,0.333] | v4:G2[0.333,0.333,0.334][TopoTrace Step 0] v0:G2[0.333,0.333,0.334] | v1:G0[0.334,0.333,0.333] | v2:G0[0.334,0.334,0.333] | v3:G0[0.334,0.333,0.333] | v4:G2[0.333,0.333,0.334]

[TopoTrace Step 0] v0:G2[0.333,0.333,0.334] | v1:G0[0.334,0.333,0.333] | v2:G0[0.334,0.333,0.333] | v3:G0[0.334,0.333,0.333] | v4:G2[0.333,0.333,0.334]
[TopoTrace Step 0] v0:G2[0.333,0.333,0.334] | v1:G0[0.334,0.333,0.333] | v2:G0[0.334,0.333,0.333] | v3:G0[0.334,0.333,0.333] | v4:G2[0.333,0.333,0.334]
[TopoTrace Step 0] v0:G2[0.333,0.333,0.334] | v1:G0[0.334,0.333,0.333] | v2:G0[0.334,0.333,0.333] | v3:G0[0.334,0.333,0.333] | v4:G2[0.333,0.333,0.334][TopoTrace Step 0] v0:G2[0.333,0.333,0.334] | v1:G0[0.334,0.333,0.333] | v2:G0[0.334,0.333,0.333] | v3:G0[0.334,0.333,0.333] | v4:G2[0.333,0.333,0.334]

[TopoTrace Step 0] v0:G2[0.333,0.333,0.334] | v1:G0[0.334,0.333,0.333] | v2:G0[0.334,0.333,0.333] | v3:G0[0.334,0.333,0.333] | v4:G2[0.333,0.333,0.334]
[TopoTrace Step 0] v0:G2[0.333,0.333,0.334] | v1:G0[0.334,0.333,0.333] | v2:G0[0.334,0.333,0.333] | v3:G0[0.334,0.333,0.333] | v4:G2[0.333,0.333,0.334]
[TopoTrace Step 0] v0:G2[0.333,0.333,0.334] | v1:G0[0.334,0.333,0.333] | v2:G0[0.334,0.333,0.333] | v3:G0[0.334,0.333,0.333] | v4:G2[0.333,0.333,0.334][TopoTrace Step 0] v0:G2[0.333,0.333,0.334] | v1:G0[0.334,0.333,0.333] | v2:G0[0.334,0.333,0.333] | v3:G0[0.334,0.333,0.333] | v4:G2[0.333,0.333,0.334]

[TopoTrace Step 0] v0:G2[0.333,0.333,0.334] | v1:G0[0.334,0.333,0.333] | v2:G0[0.334,0.333,0.333] | v3:G0[0.334,0.333,0.333] | v4:G2[0.333,0.333,0.334]
[TopoTrace Step 0] v0:G2[0.333,0.333,0.334] | v1:G0[0.334,0.333,0.333] | v2:G0[0.334,0.333,0.333] | v3:G0[0.334,0.333,0.333] | v4:G2[0.333,0.333,0.334]
[TopoTrace Step 0] v0:G2[0.333,0.333,0.334] | v1:G0[0.334,0.333,0.333] | v2:G0[0.334,0.333,0.333] | v3:G0[0.334,0.333,0.333] | v4:G2[0.333,0.333,0.334][TopoTrace Step 0] v0:G2[0.333,0.333,0.334] | v1:G0[0.334,0.333,0.333] | v2:G0[0.334,0.333,0.333] | v3:G0[0.334,0.333,0.333] | v4:G2[0.333,0.333,0.334]

[TopoTrace Step 0] v0:G2[0.333,0.333,0.334] | v1:G0[0.334,0.333,0.333] | v2:G0[0.334,0.333,0.333] | v3:G0[0.334,0.333,0.333] | v4:G2[0.333,0.333,0.334]
[TopoTrace Step 0] v0:G2[0.333,0.333,0.334] | v1:G0[0.334,0.333,0.333] | v2:G0[0.334,0.333,0.333] | v3:G0[0.334,0.333,0.333] | v4:G2[0.333,0.333,0.334]
[TopoTrace Step 0] v0:G2[0.333,0.333,0.334] | v1:G0[0.334,0.333,0.333] | v2:G0[0.334,0.333,0.333] | v3:G0[0.334,0.333,0.333] | v4:G2[0.333,0.333,0.334][TopoTrace Step 0] v0:G2[0.333,0.333,0.334] | v1:G0[0.334,0.333,0.333] | v2:G0[0.334,0.333,0.333] | v3:G0[0.334,0.333,0.333] | v4:G2[0.333,0.333,0.334]

[TopoTrace Step 0] v0:G2[0.333,0.333,0.334] | v1:G0[0.334,0.333,0.333] | v2:G0[0.334,0.333,0.333] | v3:G0[0.334,0.333,0.333] | v4:G2[0.333,0.333,0.334]
[TopoTrace Step 0] v0:G2[0.333,0.333,0.334] | v1:G0[0.334,0.333,0.333] | v2:G0[0.334,0.333,0.333] | v3:G0[0.334,0.333,0.333] | v4:G2[0.333,0.333,0.334]
[TopoTrace Step 0] v0:G2[0.333,0.333,0.334] | v1:G0[0.334,0.333,0.333] | v2:G0[0.334,0.333,0.333] | v3:G0[0.334,0.333,0.333] | v4:G2[0.333,0.333,0.334][TopoTrace Step 0] v0:G2[0.333,0.333,0.334] | v1:G0[0.334,0.333,0.333] | v2:G0[0.334,0.333,0.333] | v3:G0[0.334,0.333,0.333] | v4:G2[0.333,0.333,0.334]

[TopoTrace Step 0] v0:G2[0.333,0.333,0.334] | v1:G0[0.334,0.333,0.333] | v2:G0[0.334,0.333,0.333] | v3:G0[0.334,0.333,0.333] | v4:G2[0.333,0.333,0.334]
[TopoTrace Step 0] v0:G2[0.333,0.333,0.334] | v1:G0[0.334,0.333,0.333] | v2:G0[0.334,0.333,0.333] | v3:G0[0.334,0.333,0.333] | v4:G2[0.333,0.333,0.334]
[TopoTrace Step 0] v0:G2[0.333,0.333,0.334] | v1:G0[0.334,0.333,0.333] | v2:G0[0.334,0.333,0.333] | v3:G0[0.334,0.333,0.333] | v4:G2[0.333,0.333,0.334][TopoTrace Step 0] v0:G2[0.333,0.333,0.334] | v1:G0[0.334,0.333,0.333] | v2:G0[0.334,0.333,0.333] | v3:G0[0.334,0.333,0.333] | v4:G2[0.333,0.333,0.334]

[TopoTrace Step 0] v0:G2[0.333,0.333,0.334] | v1:G0[0.334,0.333,0.333] | v2:G0[0.334,0.333,0.333] | v3:G0[0.334,0.333,0.333] | v4:G2[0.333,0.333,0.334]
[TopoTrace Step 0] v0:G2[0.333,0.333,0.334] | v1:G0[0.334,0.333,0.333] | v2:G0[0.334,0.333,0.333] | v3:G0[0.334,0.333,0.333] | v4:G2[0.333,0.333,0.334]
[TopoTrace Step 0] v0:G2[0.333,0.333,0.334] | v1:G0[0.334,0.333,0.333] | v2:G0[0.334,0.333,0.333] | v3:G0[0.334,0.333,0.333] | v4:G2[0.333,0.333,0.334]
[TopoTrace Step 0] v0:G2[0.333,0.333,0.334] | v1:G0[0.334,0.333,0.333] | v2:G0[0.334,0.333,0.333] | v3:G0[0.334,0.333,0.333] | v4:G2[0.333,0.333,0.334]
[TopoTrace Step 0] v0:G2[0.333,0.333,0.334] | v1:G0[0.334,0.333,0.333] | v2:G0[0.334,0.333,0.333] | v3:G0[0.334,0.333,0.333] | v4:G2[0.333,0.333,0.334]
[TopoTrace Step 0] v0:G2[0.333,0.333,0.334] | v1:G0[0.334,0.333,0.333] | v2:G0[0.334,0.333,0.333] | v3:G0[0.334,0.333,0.333] | v4:G2[0.333,0.333,0.334]
[TopoTrace Step 0] v0:G2[0.333,0.333,0.334] | v1:G0[0.334,0.333,0.333] | v2:G0[0.334,0.333,0.333] | v3:G0[0.334,0.333,0.333] | v4:G2[0.333,0.333,0.334]
[TopoTrace Step 0] v0:G2[0.333,0.333,0.334] | v1:G0[0.334,0.333,0.333] | v2:G0[0.334,0.333,0.333] | v3:G0[0.334,0.333,0.333] | v4:G2[0.333,0.333,0.334]
[TopoTrace Step 0] v0:G2[0.333,0.333,0.334] | v1:G0[0.334,0.333,0.333] | v2:G0[0.334,0.333,0.333] | v3:G0[0.334,0.333,0.333] | v4:G2[0.333,0.333,0.334]
[TopoTrace Step 0] v0:G2[0.333,0.333,0.334] | v1:G0[0.334,0.333,0.333] | v2:G0[0.334,0.333,0.333] | v3:G0[0.334,0.333,0.333] | v4:G2[0.333,0.333,0.334]
[TopoTrace Step 0] v0:G2[0.333,0.333,0.334] | v1:G0[0.334,0.333,0.333] | v2:G0[0.334,0.333,0.333] | v3:G0[0.334,0.333,0.333] | v4:G2[0.333,0.333,0.334]
[TopoTrace Step 0] v0:G2[0.333,0.333,0.334] | v1:G0[0.334,0.333,0.333] | v2:G0[0.334,0.333,0.333] | v3:G0[0.334,0.333,0.333] | v4:G2[0.333,0.333,0.334]
[TopoTrace Step 0] v0:G2[0.333,0.333,0.334] | v1:G0[0.334,0.333,0.333] | v2:G0[0.334,0.333,0.333] | v3:G0[0.334,0.333,0.333] | v4:G2[0.333,0.333,0.334]
[TopoTrace Step 0] v0:G2[0.333,0.333,0.334] | v1:G0[0.334,0.333,0.333] | v2:G0[0.334,0.333,0.333] | v3:G0[0.334,0.333,0.333] | v4:G2[0.333,0.333,0.334]
[TopoTrace Step 0] v0:G2[0.333,0.333,0.334] | v1:G0[0.334,0.333,0.333] | v2:G0[0.334,0.333,0.333] | v3:G0[0.334,0.333,0.333] | v4:G2[0.333,0.333,0.334][TopoTrace Step 0] v0:G2[0.333,0.333,0.334] | v1:G0[0.334,0.333,0.333] | v2:G0[0.334,0.333,0.333] | v3:G0[0.334,0.333,0.333] | v4:G2[0.333,0.333,0.334]

[TopoTrace Step 0] v0:G2[0.333,0.333,0.334] | v1:G0[0.334,0.333,0.333] | v2:G0[0.334,0.333,0.333] | v3:G0[0.334,0.333,0.333] | v4:G2[0.333,0.333,0.334]
[TopoTrace Step 0] v0:G2[0.333,0.333,0.334] | v1:G0[0.334,0.333,0.333] | v2:G0[0.334,0.333,0.333] | v3:G0[0.334,0.333,0.333] | v4:G2[0.333,0.333,0.334]
[TopoTrace Step 0] v0:G2[0.333,0.333,0.334] | v1:G0[0.334,0.333,0.333] | v2:G0[0.334,0.333,0.333] | v3:G0[0.334,0.333,0.333] | v4:G2[0.333,0.333,0.334]
[TopoTrace Step 0] v0:G2[0.333,0.333,0.334] | v1:G0[0.334,0.333,0.333] | v2:G0[0.334,0.333,0.333] | v3:G0[0.334,0.333,0.333] | v4:G2[0.333,0.333,0.334]
[TopoTrace Step 0] v0:G2[0.333,0.333,0.334] | v1:G0[0.334,0.333,0.333] | v2:G0[0.334,0.333,0.333] | v3:G0[0.334,0.333,0.333] | v4:G2[0.333,0.333,0.334]
[TopoTrace Step 0] v0:G2[0.333,0.333,0.334] | v1:G0[0.334,0.333,0.333] | v2:G0[0.334,0.333,0.333] | v3:G0[0.334,0.333,0.333] | v4:G2[0.333,0.333,0.334]
[TopoTrace Step 0] v0:G2[0.333,0.333,0.334] | v1:G0[0.334,0.333,0.333] | v2:G0[0.334,0.333,0.333] | v3:G0[0.334,0.333,0.333] | v4:G2[0.333,0.333,0.334]
[TopoTrace Step 0] v0:G2[0.333,0.333,0.334] | v1:G0[0.334,0.333,0.333] | v2:G0[0.334,0.333,0.333] | v3:G0[0.334,0.333,0.333] | v4:G2[0.333,0.333,0.334]
[TopoTrace Step 0] v0:G2[0.333,0.333,0.334] | v1:G0[0.334,0.333,0.333] | v2:G0[0.334,0.333,0.333] | v3:G0[0.334,0.333,0.333] | v4:G2[0.333,0.333,0.334]
[TopoTrace Step 0] v0:G2[0.333,0.333,0.334] | v1:G0[0.334,0.333,0.333] | v2:G0[0.334,0.333,0.333] | v3:G0[0.334,0.333,0.333] | v4:G2[0.333,0.333,0.334]
[TopoTrace Step 0] v0:G2[0.333,0.333,0.334] | v1:G0[0.334,0.333,0.333] | v2:G0[0.334,0.333,0.333] | v3:G0[0.334,0.333,0.333] | v4:G2[0.333,0.333,0.334][TopoTrace Step 0] v0:G2[0.333,0.333,0.334] | v1:G0[0.334,0.333,0.333] | v2:G0[0.334,0.333,0.333] | v3:G0[0.334,0.333,0.333] | v4:G2[0.333,0.333,0.334]

[TopoTrace Step 0] v0:G2[0.333,0.333,0.334] | v1:G0[0.334,0.333,0.333] | v2:G0[0.334,0.333,0.333] | v3:G0[0.334,0.333,0.333] | v4:G2[0.333,0.333,0.334]
[TopoTrace Step 0] v0:G2[0.333,0.333,0.334] | v1:G0[0.334,0.333,0.333] | v2:G0[0.334,0.333,0.333] | v3:G0[0.334,0.333,0.333] | v4:G2[0.333,0.333,0.334]
[TopoTrace Step 0] v0:G2[0.333,0.333,0.334] | v1:G0[0.334,0.333,0.333] | v2:G0[0.334,0.333,0.333] | v3:G0[0.334,0.333,0.333] | v4:G2[0.333,0.333,0.334]
[TopoTrace Step 0] v0:G2[0.333,0.333,0.334] | v1:G0[0.334,0.333,0.333] | v2:G0[0.334,0.333,0.333] | v3:G0[0.334,0.333,0.333] | v4:G2[0.333,0.333,0.334]
[TopoTrace Step 0] v0:G2[0.333,0.333,0.334] | v1:G0[0.334,0.333,0.333] | v2:G0[0.334,0.333,0.333] | v3:G0[0.334,0.333,0.333] | v4:G2[0.333,0.333,0.334]
[TopoTrace Step 0] v0:G2[0.333,0.333,0.334] | v1:G0[0.334,0.333,0.333] | v2:G0[0.334,0.333,0.333] | v3:G0[0.334,0.333,0.333] | v4:G2[0.333,0.333,0.334]
[TopoTrace Step 0] v0:G2[0.333,0.333,0.334] | v1:G0[0.334,0.333,0.333] | v2:G0[0.334,0.333,0.333] | v3:G0[0.334,0.333,0.333] | v4:G2[0.333,0.333,0.334][TopoTrace Step 0] v0:G2[0.333,0.333,0.334] | v1:G0[0.334,0.333,0.333] | v2:G0[0.334,0.333,0.333] | v3:G0[0.334,0.333,0.333] | v4:G2[0.333,0.333,0.334]

[TopoTrace Step 0] v0:G2[0.333,0.333,0.334] | v1:G0[0.334,0.333,0.333] | v2:G0[0.334,0.333,0.333] | v3:G0[0.334,0.333,0.333] | v4:G2[0.333,0.333,0.334]
[TopoTrace Step 0] v0:G2[0.333,0.333,0.334] | v1:G0[0.334,0.333,0.333] | v2:G0[0.334,0.333,0.333] | v3:G0[0.334,0.333,0.333] | v4:G2[0.333,0.333,0.334]
[TopoTrace Step 0] v0:G2[0.333,0.333,0.334] | v1:G0[0.334,0.333,0.333] | v2:G0[0.334,0.333,0.333] | v3:G0[0.334,0.333,0.333] | v4:G2[0.333,0.333,0.334]
[TopoTrace Step 0] v0:G2[0.333,0.333,0.334] | v1:G0[0.334,0.333,0.333] | v2:G0[0.334,0.333,0.333] | v3:G0[0.334,0.333,0.333] | v4:G2[0.333,0.333,0.334]
[TopoTrace Step 0] v0:G2[0.333,0.333,0.334] | v1:G0[0.334,0.333,0.333] | v2:G0[0.334,0.333,0.333] | v3:G0[0.334,0.333,0.333] | v4:G2[0.333,0.333,0.334]
[TopoTrace Step 0] v0:G2[0.333,0.333,0.334] | v1:G0[0.334,0.333,0.333] | v2:G0[0.334,0.333,0.333] | v3:G0[0.334,0.333,0.333] | v4:G2[0.333,0.333,0.334]
[TopoTrace Step 0] v0:G2[0.333,0.333,0.334] | v1:G0[0.334,0.333,0.333] | v2:G0[0.334,0.333,0.333] | v3:G0[0.334,0.333,0.333] | v4:G2[0.333,0.333,0.334][TopoTrace Step 0] v0:G2[0.333,0.333,0.334] | v1:G0[0.334,0.333,0.333] | v2:G0[0.334,0.333,0.333] | v3:G0[0.334,0.333,0.333] | v4:G2[0.333,0.333,0.334]

[TopoTrace Step 0] v0:G2[0.333,0.333,0.334] | v1:G0[0.334,0.333,0.333] | v2:G0[0.334,0.333,0.333] | v3:G0[0.334,0.333,0.333] | v4:G2[0.333,0.333,0.334]
[TopoTrace Step 0] v0:G2[0.333,0.333,0.334] | v1:G0[0.334,0.333,0.333] | v2:G0[0.334,0.333,0.333] | v3:G0[0.334,0.333,0.333] | v4:G2[0.333,0.333,0.334]
[TopoTrace Step 0] v0:G2[0.333,0.333,0.334] | v1:G0[0.334,0.333,0.333] | v2:G0[0.334,0.333,0.333] | v3:G0[0.334,0.333,0.333] | v4:G2[0.333,0.333,0.334][TopoTrace Step 0] v0:G2[0.333,0.333,0.334] | v1:G0[0.334,0.333,0.333] | v2:G0[0.334,0.333,0.333] | v3:G0[0.334,0.333,0.333] | v4:G2[0.333,0.333,0.334]

[TopoTrace Step 0] v0:G2[0.333,0.333,0.334] | v1:G0[0.334,0.333,0.333] | v2:G0[0.334,0.333,0.333] | v3:G0[0.334,0.333,0.333] | v4:G2[0.333,0.333,0.334]
[TopoTrace Step 0] v0:G2[0.333,0.333,0.334] | v1:G0[0.334,0.333,0.333] | v2:G0[0.334,0.333,0.333] | v3:G0[0.334,0.333,0.333] | v4:G2[0.333,0.333,0.334]
[TopoTrace Step 0] v0:G2[0.333,0.333,0.334] | v1:G0[0.334,0.333,0.333] | v2:G0[0.334,0.333,0.333] | v3:G0[0.334,0.333,0.333] | v4:G2[0.333,0.333,0.334][TopoTrace Step 0] v0:G2[0.333,0.333,0.334] | v1:G0[0.334,0.333,0.333] | v2:G0[0.334,0.333,0.333] | v3:G0[0.334,0.333,0.333] | v4:G2[0.333,0.333,0.334]

[TopoTrace Step 0] v0:G2[0.333,0.333,0.334] | v1:G0[0.334,0.333,0.333] | v2:G0[0.334,0.334,0.333] | v3:G0[0.334,0.333,0.333] | v4:G2[0.333,0.333,0.334]
[TopoTrace Step 0] v0:G2[0.333,0.333,0.334] | v1:G0[0.334,0.333,0.333] | v2:G0[0.334,0.334,0.333] | v3:G0[0.334,0.333,0.333] | v4:G2[0.333,0.333,0.334]
[TopoTrace Step 0] v0:G2[0.333,0.333,0.334] | v1:G0[0.334,0.333,0.333] | v2:G0[0.334,0.334,0.333] | v3:G0[0.334,0.333,0.333] | v4:G2[0.333,0.333,0.334][TopoTrace Step 0] v0:G2[0.333,0.333,0.334] | v1:G0[0.334,0.333,0.333] | v2:G0[0.334,0.334,0.333] | v3:G0[0.334,0.333,0.333] | v4:G2[0.333,0.333,0.334]

[TopoTrace Step 0] v0:G2[0.333,0.333,0.334] | v1:G0[0.334,0.333,0.333] | v2:G0[0.334,0.334,0.333] | v3:G0[0.334,0.333,0.333] | v4:G2[0.333,0.333,0.334]
[TopoTrace Step 0] v0:G2[0.333,0.333,0.334] | v1:G0[0.334,0.333,0.333] | v2:G0[0.334,0.334,0.333] | v3:G0[0.334,0.333,0.333] | v4:G2[0.333,0.333,0.334]
[TopoTrace Step 0] v0:G2[0.333,0.333,0.334] | v1:G0[0.334,0.333,0.333] | v2:G0[0.334,0.334,0.333] | v3:G0[0.334,0.333,0.333] | v4:G2[0.333,0.333,0.334]
[TopoTrace Step 0] v0:G2[0.333,0.333,0.334] | v1:G0[0.334,0.333,0.333] | v2:G0[0.334,0.334,0.333] | v3:G0[0.334,0.333,0.333] | v4:G2[0.333,0.333,0.334]
[TopoTrace Step 0] v0:G2[0.333,0.333,0.334] | v1:G0[0.334,0.333,0.333] | v2:G0[0.334,0.334,0.333] | v3:G0[0.334,0.333,0.333] | v4:G2[0.333,0.333,0.334]
[TopoTrace Step 0] v0:G2[0.333,0.333,0.334] | v1:G0[0.334,0.333,0.333] | v2:G0[0.334,0.334,0.333] | v3:G0[0.334,0.333,0.333] | v4:G2[0.333,0.333,0.334]
[TopoTrace Step 0] v0:G2[0.333,0.333,0.334] | v1:G0[0.334,0.333,0.333] | v2:G0[0.334,0.334,0.333] | v3:G0[0.334,0.333,0.333] | v4:G2[0.333,0.333,0.334]
[TopoTrace Step 0] v0:G2[0.333,0.333,0.334] | v1:G0[0.334,0.333,0.333] | v2:G0[0.334,0.334,0.333] | v3:G0[0.334,0.333,0.333] | v4:G2[0.333,0.333,0.334]
[TopoTrace Step 0] v0:G2[0.333,0.333,0.334] | v1:G0[0.334,0.333,0.333] | v2:G0[0.334,0.334,0.333] | v3:G0[0.334,0.333,0.333] | v4:G2[0.333,0.333,0.334]
[TopoTrace Step 0] v0:G2[0.333,0.333,0.334] | v1:G0[0.334,0.333,0.333] | v2:G0[0.334,0.334,0.333] | v3:G0[0.334,0.333,0.333] | v4:G2[0.333,0.333,0.334]
[TopoTrace Step 0] v0:G2[0.333,0.333,0.334] | v1:G0[0.334,0.333,0.333] | v2:G0[0.334,0.334,0.333] | v3:G0[0.334,0.333,0.333] | v4:G2[0.333,0.333,0.334][TopoTrace Step 0] v0:G2[0.333,0.333,0.334] | v1:G0[0.334,0.333,0.333] | v2:G0[0.334,0.334,0.333] | v3:G0[0.334,0.333,0.333] | v4:G2[0.333,0.333,0.334]

[TopoTrace Step 0] v0:G2[0.333,0.333,0.334] | v1:G0[0.334,0.333,0.333] | v2:G0[0.334,0.334,0.333] | v3:G0[0.334,0.333,0.333] | v4:G2[0.333,0.333,0.334]
[TopoTrace Step 0] v0:G2[0.333,0.333,0.334] | v1:G0[0.334,0.333,0.333] | v2:G0[0.334,0.334,0.333] | v3:G0[0.334,0.333,0.333] | v4:G2[0.333,0.333,0.334]
[TopoTrace Step 0] v0:G2[0.333,0.333,0.334] | v1:G0[0.334,0.333,0.333] | v2:G0[0.334,0.334,0.333] | v3:G0[0.334,0.333,0.333] | v4:G2[0.333,0.333,0.334][TopoTrace Step 0] v0:G2[0.333,0.333,0.334] | v1:G0[0.334,0.333,0.333] | v2:G0[0.334,0.334,0.333] | v3:G0[0.334,0.333,0.333] | v4:G2[0.333,0.333,0.334]

[TopoTrace Step 0] v0:G2[0.333,0.333,0.334] | v1:G0[0.334,0.333,0.333] | v2:G0[0.334,0.334,0.332] | v3:G0[0.333,0.333,0.333] | v4:G2[0.333,0.333,0.334]
[TopoTrace Step 0] v0:G2[0.333,0.333,0.334] | v1:G0[0.334,0.333,0.333] | v2:G0[0.334,0.334,0.332] | v3:G0[0.333,0.333,0.333] | v4:G2[0.333,0.333,0.334]
[TopoTrace Step 0] v0:G2[0.333,0.333,0.334] | v1:G0[0.334,0.333,0.333] | v2:G0[0.334,0.334,0.332] | v3:G0[0.333,0.333,0.333] | v4:G2[0.333,0.333,0.334]
[TopoTrace Step 0] v0:G2[0.333,0.333,0.334] | v1:G0[0.334,0.333,0.333] | v2:G0[0.334,0.334,0.332] | v3:G0[0.333,0.333,0.333] | v4:G2[0.333,0.333,0.334]
[TopoTrace Step 0] v0:G2[0.333,0.333,0.334] | v1:G0[0.334,0.333,0.333] | v2:G0[0.334,0.334,0.332] | v3:G0[0.333,0.333,0.333] | v4:G2[0.333,0.333,0.334]
[TopoTrace Step 0] v0:G2[0.333,0.333,0.334] | v1:G0[0.334,0.333,0.333] | v2:G0[0.334,0.334,0.332] | v3:G0[0.333,0.333,0.333] | v4:G2[0.333,0.333,0.334]
[TopoTrace Step 0] v0:G2[0.333,0.333,0.334] | v1:G0[0.334,0.333,0.333] | v2:G0[0.334,0.334,0.332] | v3:G0[0.333,0.333,0.333] | v4:G2[0.333,0.333,0.334][TopoTrace Step 0] v0:G2[0.333,0.333,0.334] | v1:G0[0.334,0.333,0.333] | v2:G0[0.334,0.334,0.332] | v3:G0[0.333,0.333,0.333] | v4:G2[0.333,0.333,0.334]

[TopoTrace Step 0] v0:G2[0.333,0.333,0.334] | v1:G0[0.334,0.333,0.333] | v2:G0[0.334,0.334,0.332] | v3:G0[0.333,0.333,0.333] | v4:G2[0.333,0.333,0.334]
[TopoTrace Step 0] v0:G2[0.333,0.333,0.334] | v1:G0[0.334,0.333,0.333] | v2:G0[0.334,0.334,0.332] | v3:G0[0.333,0.333,0.333] | v4:G2[0.333,0.333,0.334]
[TopoTrace Step 0] v0:G2[0.333,0.333,0.334] | v1:G0[0.334,0.333,0.333] | v2:G0[0.334,0.334,0.332] | v3:G0[0.333,0.333,0.333] | v4:G2[0.333,0.333,0.334]
[TopoTrace Step 0] v0:G2[0.333,0.333,0.334] | v1:G0[0.334,0.333,0.333] | v2:G0[0.334,0.334,0.332] | v3:G0[0.333,0.333,0.333] | v4:G2[0.333,0.333,0.334]
[TopoTrace Step 0] v0:G2[0.333,0.333,0.334] | v1:G0[0.334,0.333,0.333] | v2:G0[0.334,0.334,0.332] | v3:G0[0.333,0.333,0.333] | v4:G2[0.333,0.333,0.334]
[TopoTrace Step 0] v0:G2[0.333,0.333,0.334] | v1:G0[0.334,0.333,0.333] | v2:G0[0.334,0.334,0.332] | v3:G0[0.333,0.333,0.333] | v4:G2[0.333,0.333,0.334]
[TopoTrace Step 0] v0:G2[0.333,0.333,0.334] | v1:G0[0.334,0.333,0.333] | v2:G0[0.334,0.334,0.332] | v3:G0[0.333,0.333,0.333] | v4:G2[0.333,0.333,0.334]
[TopoTrace Step 0] v0:G2[0.333,0.333,0.334] | v1:G0[0.334,0.333,0.333] | v2:G0[0.334,0.334,0.332] | v3:G0[0.333,0.333,0.333] | v4:G2[0.333,0.333,0.334]
[TopoTrace Step 0] v0:G2[0.333,0.333,0.334] | v1:G0[0.334,0.333,0.333] | v2:G0[0.334,0.334,0.332] | v3:G0[0.333,0.333,0.333] | v4:G2[0.333,0.333,0.334]
[TopoTrace Step 0] v0:G2[0.333,0.333,0.334] | v1:G0[0.334,0.333,0.333] | v2:G0[0.334,0.334,0.332] | v3:G0[0.333,0.333,0.333] | v4:G2[0.333,0.333,0.334]
[TopoTrace Step 0] v0:G2[0.333,0.333,0.334] | v1:G0[0.334,0.333,0.333] | v2:G0[0.334,0.334,0.332] | v3:G0[0.333,0.333,0.333] | v4:G2[0.333,0.333,0.334][TopoTrace Step 0] v0:G2[0.333,0.333,0.334] | v1:G0[0.334,0.333,0.333] | v2:G0[0.334,0.334,0.332] | v3:G0[0.333,0.333,0.333] | v4:G2[0.333,0.333,0.334]

[TopoTrace Step 0] v0:G2[0.333,0.333,0.334] | v1:G0[0.334,0.333,0.333] | v2:G0[0.334,0.334,0.332] | v3:G0[0.333,0.333,0.333] | v4:G2[0.333,0.333,0.334]
[TopoTrace Step 0] v0:G2[0.333,0.333,0.334] | v1:G0[0.334,0.333,0.333] | v2:G0[0.334,0.334,0.332] | v3:G0[0.333,0.333,0.333] | v4:G2[0.333,0.333,0.334]
[TopoTrace Step 0] v0:G2[0.333,0.333,0.334] | v1:G0[0.334,0.333,0.333] | v2:G0[0.334,0.334,0.332] | v3:G0[0.333,0.333,0.333] | v4:G2[0.333,0.333,0.334]
[TopoTrace Step 0] v0:G2[0.333,0.333,0.334] | v1:G0[0.334,0.333,0.333] | v2:G0[0.334,0.334,0.332] | v3:G0[0.333,0.333,0.333] | v4:G2[0.333,0.333,0.334]
[TopoTrace Step 0] v0:G2[0.333,0.333,0.334] | v1:G0[0.334,0.333,0.333] | v2:G0[0.334,0.334,0.332] | v3:G0[0.333,0.333,0.333] | v4:G2[0.333,0.333,0.334]
[TopoTrace Step 0] v0:G2[0.333,0.333,0.334] | v1:G0[0.334,0.333,0.333] | v2:G0[0.334,0.334,0.332] | v3:G0[0.333,0.333,0.333] | v4:G2[0.333,0.333,0.334]
[TopoTrace Step 0] v0:G2[0.333,0.333,0.334] | v1:G0[0.334,0.333,0.333] | v2:G0[0.334,0.334,0.332] | v3:G0[0.333,0.333,0.333] | v4:G2[0.333,0.333,0.334]
[TopoTrace Step 0] v0:G2[0.333,0.333,0.334] | v1:G0[0.334,0.333,0.333] | v2:G0[0.334,0.334,0.332] | v3:G0[0.333,0.333,0.333] | v4:G2[0.333,0.333,0.334]
[TopoTrace Step 0] v0:G2[0.333,0.333,0.334] | v1:G0[0.334,0.333,0.333] | v2:G0[0.334,0.334,0.332] | v3:G0[0.333,0.333,0.333] | v4:G2[0.333,0.333,0.334]
[TopoTrace Step 0] v0:G2[0.333,0.333,0.334] | v1:G0[0.334,0.333,0.333] | v2:G0[0.334,0.334,0.332] | v3:G0[0.333,0.333,0.333] | v4:G2[0.333,0.333,0.334]
[TopoTrace Step 0] v0:G2[0.333,0.333,0.334] | v1:G0[0.334,0.333,0.333] | v2:G0[0.334,0.334,0.332] | v3:G0[0.333,0.333,0.333] | v4:G2[0.333,0.333,0.334][TopoTrace Step 0] v0:G2[0.333,0.333,0.334] | v1:G0[0.334,0.333,0.333] | v2:G0[0.334,0.334,0.332] | v3:G0[0.333,0.333,0.333] | v4:G2[0.333,0.333,0.334]

[TopoTrace Step 0] v0:G2[0.333,0.333,0.334] | v1:G0[0.334,0.333,0.333] | v2:G0[0.334,0.334,0.333] | v3:G0[0.333,0.333,0.333] | v4:G2[0.333,0.333,0.334]
[TopoTrace Step 0] v0:G2[0.333,0.333,0.334] | v1:G0[0.334,0.333,0.333] | v2:G0[0.334,0.334,0.333] | v3:G0[0.333,0.333,0.333] | v4:G2[0.333,0.333,0.334]
[TopoTrace Step 0] v0:G2[0.333,0.333,0.334] | v1:G0[0.334,0.333,0.333] | v2:G0[0.334,0.334,0.333] | v3:G0[0.333,0.333,0.333] | v4:G2[0.333,0.333,0.334][TopoTrace Step 0] v0:G2[0.333,0.333,0.334] | v1:G0[0.334,0.333,0.333] | v2:G0[0.334,0.334,0.333] | v3:G0[0.333,0.333,0.333] | v4:G2[0.333,0.333,0.334]

[TopoTrace Step 0] v0:G2[0.333,0.333,0.334] | v1:G0[0.334,0.333,0.333] | v2:G0[0.334,0.334,0.333] | v3:G0[0.333,0.333,0.333] | v4:G2[0.333,0.333,0.334]
[TopoTrace Step 0] v0:G2[0.333,0.333,0.334] | v1:G0[0.334,0.333,0.333] | v2:G0[0.334,0.334,0.333] | v3:G0[0.333,0.333,0.333] | v4:G2[0.333,0.333,0.334]
[TopoTrace Step 0] v0:G2[0.333,0.333,0.334] | v1:G0[0.334,0.333,0.333] | v2:G0[0.334,0.334,0.333] | v3:G0[0.333,0.333,0.333] | v4:G2[0.333,0.333,0.334]
[TopoTrace Step 0] v0:G2[0.333,0.333,0.334] | v1:G0[0.334,0.333,0.333] | v2:G0[0.334,0.334,0.333] | v3:G0[0.333,0.333,0.333] | v4:G2[0.333,0.333,0.334]
[TopoTrace Step 0] v0:G2[0.333,0.333,0.334] | v1:G0[0.334,0.333,0.333] | v2:G0[0.334,0.334,0.333] | v3:G0[0.333,0.333,0.333] | v4:G2[0.333,0.333,0.334]
[TopoTrace Step 0] v0:G2[0.333,0.333,0.334] | v1:G0[0.334,0.333,0.333] | v2:G0[0.334,0.334,0.333] | v3:G0[0.333,0.333,0.333] | v4:G2[0.333,0.333,0.334]
[TopoTrace Step 0] v0:G2[0.333,0.333,0.334] | v1:G0[0.334,0.333,0.333] | v2:G0[0.334,0.334,0.333] | v3:G0[0.333,0.333,0.333] | v4:G2[0.333,0.333,0.334][TopoTrace Step 0] v0:G2[0.333,0.333,0.334] | v1:G0[0.334,0.333,0.333] | v2:G0[0.334,0.334,0.333] | v3:G0[0.333,0.333,0.333] | v4:G2[0.333,0.333,0.334]

[TopoTrace Step 0] v0:G2[0.333,0.333,0.334] | v1:G0[0.334,0.333,0.333] | v2:G0[0.334,0.334,0.333] | v3:G0[0.333,0.333,0.333] | v4:G2[0.333,0.333,0.334]
[TopoTrace Step 0] v0:G2[0.333,0.333,0.334] | v1:G0[0.334,0.333,0.333] | v2:G0[0.334,0.334,0.333] | v3:G0[0.333,0.333,0.333] | v4:G2[0.333,0.333,0.334]
[TopoTrace Step 0] v0:G2[0.333,0.333,0.334] | v1:G0[0.334,0.333,0.333] | v2:G0[0.334,0.334,0.333] | v3:G0[0.333,0.333,0.333] | v4:G2[0.333,0.333,0.334][TopoTrace Step 0] v0:G2[0.333,0.333,0.334] | v1:G0[0.334,0.333,0.333] | v2:G0[0.334,0.334,0.333] | v3:G0[0.333,0.333,0.333] | v4:G2[0.333,0.333,0.334]

[TopoTrace Step 0] v0:G2[0.333,0.333,0.334] | v1:G0[0.334,0.333,0.333] | v2:G0[0.334,0.334,0.333] | v3:G0[0.333,0.333,0.333] | v4:G2[0.333,0.333,0.334]
[TopoTrace Step 0] v0:G2[0.333,0.333,0.334] | v1:G0[0.334,0.333,0.333] | v2:G0[0.334,0.334,0.333] | v3:G0[0.333,0.333,0.333] | v4:G2[0.333,0.333,0.334]
[TopoTrace Step 0] v0:G2[0.333,0.333,0.334] | v1:G0[0.334,0.333,0.333] | v2:G0[0.334,0.334,0.333] | v3:G0[0.333,0.333,0.333] | v4:G2[0.333,0.333,0.334][TopoTrace Step 0] v0:G2[0.333,0.333,0.334] | v1:G0[0.334,0.333,0.333] | v2:G0[0.334,0.334,0.333] | v3:G0[0.333,0.333,0.333] | v4:G2[0.333,0.333,0.334]

[TopoTrace Step 0] v0:G2[0.333,0.333,0.334] | v1:G0[0.334,0.333,0.333] | v2:G0[0.334,0.334,0.333] | v3:G0[0.333,0.333,0.333] | v4:G2[0.333,0.333,0.334]
[TopoTrace Step 0] v0:G2[0.333,0.333,0.334] | v1:G0[0.334,0.333,0.333] | v2:G0[0.334,0.334,0.333] | v3:G0[0.333,0.333,0.333] | v4:G2[0.333,0.333,0.334]
[TopoTrace Step 0] v0:G2[0.333,0.333,0.334] | v1:G0[0.334,0.333,0.333] | v2:G0[0.334,0.334,0.333] | v3:G0[0.333,0.333,0.333] | v4:G2[0.333,0.333,0.334]
[TopoTrace Step 0] v0:G2[0.333,0.333,0.334] | v1:G0[0.334,0.333,0.333] | v2:G0[0.334,0.334,0.333] | v3:G0[0.333,0.333,0.333] | v4:G2[0.333,0.333,0.334]
[TopoTrace Step 0] v0:G2[0.333,0.333,0.334] | v1:G0[0.334,0.333,0.333] | v2:G0[0.334,0.334,0.333] | v3:G0[0.333,0.333,0.333] | v4:G2[0.333,0.333,0.334]
[TopoTrace Step 0] v0:G2[0.333,0.333,0.334] | v1:G0[0.334,0.333,0.333] | v2:G0[0.334,0.334,0.333] | v3:G0[0.333,0.333,0.333] | v4:G2[0.333,0.333,0.334]
[TopoTrace Step 0] v0:G2[0.333,0.333,0.334] | v1:G0[0.334,0.333,0.333] | v2:G0[0.334,0.334,0.333] | v3:G0[0.333,0.333,0.333] | v4:G2[0.333,0.333,0.334][TopoTrace Step 0] v0:G2[0.333,0.333,0.334] | v1:G0[0.334,0.333,0.333] | v2:G0[0.334,0.334,0.333] | v3:G0[0.333,0.333,0.333] | v4:G2[0.333,0.333,0.334]

[TopoTrace Step 0] v0:G2[0.333,0.333,0.334] | v1:G0[0.334,0.333,0.333] | v2:G0[0.334,0.334,0.333] | v3:G0[0.333,0.333,0.333] | v4:G2[0.333,0.333,0.334]
[TopoTrace Step 0] v0:G2[0.333,0.333,0.334] | v1:G0[0.334,0.333,0.333] | v2:G0[0.334,0.334,0.333] | v3:G0[0.333,0.333,0.333] | v4:G2[0.333,0.333,0.334]
[TopoTrace Step 0] v0:G2[0.333,0.333,0.334] | v1:G0[0.334,0.333,0.333] | v2:G0[0.334,0.334,0.333] | v3:G0[0.333,0.333,0.333] | v4:G2[0.333,0.333,0.334]
[TopoTrace Step 0] v0:G2[0.333,0.333,0.334] | v1:G0[0.334,0.333,0.333] | v2:G0[0.334,0.334,0.333] | v3:G0[0.333,0.333,0.333] | v4:G2[0.333,0.333,0.334]
[TopoTrace Step 0] v0:G2[0.333,0.333,0.334] | v1:G0[0.334,0.333,0.333] | v2:G0[0.334,0.334,0.333] | v3:G0[0.333,0.333,0.333] | v4:G2[0.333,0.333,0.334]
[TopoTrace Step 0] v0:G2[0.333,0.333,0.334] | v1:G0[0.334,0.333,0.333] | v2:G0[0.334,0.334,0.333] | v3:G0[0.333,0.333,0.333] | v4:G2[0.333,0.333,0.334]
[TopoTrace Step 0] v0:G2[0.333,0.333,0.334] | v1:G0[0.334,0.333,0.333] | v2:G0[0.334,0.334,0.333] | v3:G0[0.333,0.333,0.333] | v4:G2[0.333,0.333,0.334][TopoTrace Step 0] v0:G2[0.333,0.333,0.334] | v1:G0[0.334,0.333,0.333] | v2:G0[0.334,0.334,0.333] | v3:G0[0.333,0.333,0.333] | v4:G2[0.333,0.333,0.334]

[TopoTrace Step 0] v0:G2[0.333,0.333,0.334] | v1:G0[0.334,0.333,0.333] | v2:G0[0.334,0.334,0.333] | v3:G0[0.333,0.333,0.333] | v4:G2[0.333,0.333,0.334]
[TopoTrace Step 0] v0:G2[0.333,0.333,0.334] | v1:G0[0.334,0.333,0.333] | v2:G0[0.334,0.334,0.333] | v3:G0[0.333,0.333,0.333] | v4:G2[0.333,0.333,0.334]
[TopoTrace Step 0] v0:G2[0.333,0.333,0.334] | v1:G0[0.334,0.333,0.333] | v2:G0[0.334,0.334,0.333] | v3:G0[0.333,0.333,0.333] | v4:G2[0.333,0.333,0.334]
[TopoTrace Step 0] v0:G2[0.333,0.333,0.334] | v1:G0[0.334,0.333,0.333] | v2:G0[0.334,0.334,0.333] | v3:G0[0.333,0.333,0.333] | v4:G2[0.333,0.333,0.334]
[TopoTrace Step 0] v0:G2[0.333,0.333,0.334] | v1:G0[0.334,0.333,0.333] | v2:G0[0.334,0.334,0.333] | v3:G0[0.333,0.333,0.333] | v4:G2[0.333,0.333,0.334]
[TopoTrace Step 0] v0:G2[0.333,0.333,0.334] | v1:G0[0.334,0.333,0.333] | v2:G0[0.334,0.334,0.333] | v3:G0[0.333,0.333,0.333] | v4:G2[0.333,0.333,0.334]
[TopoTrace Step 0] v0:G2[0.333,0.333,0.334] | v1:G0[0.334,0.333,0.333] | v2:G0[0.334,0.334,0.333] | v3:G0[0.333,0.333,0.333] | v4:G2[0.333,0.333,0.334]
[TopoTrace Step 0] v0:G2[0.333,0.333,0.334] | v1:G0[0.334,0.333,0.333] | v2:G0[0.334,0.334,0.333] | v3:G0[0.333,0.333,0.333] | v4:G2[0.333,0.333,0.334]
[TopoTrace Step 0] v0:G2[0.333,0.333,0.334] | v1:G0[0.334,0.333,0.333] | v2:G0[0.334,0.334,0.333] | v3:G0[0.333,0.333,0.333] | v4:G2[0.333,0.333,0.334]
[TopoTrace Step 0] v0:G2[0.333,0.333,0.334] | v1:G0[0.334,0.333,0.333] | v2:G0[0.334,0.334,0.333] | v3:G0[0.333,0.333,0.333] | v4:G2[0.333,0.333,0.334]
[TopoTrace Step 0] v0:G2[0.333,0.333,0.334] | v1:G0[0.334,0.333,0.333] | v2:G0[0.334,0.334,0.333] | v3:G0[0.333,0.333,0.333] | v4:G2[0.333,0.333,0.334][TopoTrace Step 0] v0:G2[0.333,0.333,0.334] | v1:G0[0.334,0.333,0.333] | v2:G0[0.334,0.334,0.333] | v3:G0[0.333,0.333,0.333] | v4:G2[0.333,0.333,0.334]

[TopoTrace Step 0] v0:G2[0.333,0.333,0.334] | v1:G0[0.334,0.333,0.333] | v2:G0[0.334,0.334,0.333] | v3:G0[0.333,0.333,0.333] | v4:G2[0.333,0.333,0.334]
[TopoTrace Step 0] v0:G2[0.333,0.333,0.334] | v1:G0[0.334,0.333,0.333] | v2:G0[0.334,0.334,0.333] | v3:G0[0.333,0.333,0.333] | v4:G2[0.333,0.333,0.334]
[TopoTrace Step 0] v0:G2[0.333,0.333,0.334] | v1:G0[0.334,0.333,0.333] | v2:G0[0.334,0.334,0.333] | v3:G0[0.333,0.333,0.333] | v4:G2[0.333,0.333,0.334][TopoTrace Step 0] v0:G2[0.333,0.333,0.334] | v1:G0[0.334,0.333,0.333] | v2:G0[0.334,0.334,0.333] | v3:G0[0.333,0.333,0.333] | v4:G2[0.333,0.333,0.334]

[TopoTrace Step 0] v0:G2[0.333,0.333,0.334] | v1:G0[0.334,0.333,0.333] | v2:G0[0.334,0.334,0.333] | v3:G0[0.333,0.333,0.333] | v4:G2[0.333,0.333,0.334]
[TopoTrace Step 0] v0:G2[0.333,0.333,0.334] | v1:G0[0.334,0.333,0.333] | v2:G0[0.334,0.334,0.333] | v3:G0[0.333,0.333,0.333] | v4:G2[0.333,0.333,0.334]
[TopoTrace Step 0] v0:G2[0.333,0.333,0.334] | v1:G0[0.334,0.333,0.333] | v2:G0[0.334,0.334,0.333] | v3:G0[0.333,0.333,0.333] | v4:G2[0.333,0.333,0.334]
[TopoTrace Step 0] v0:G2[0.333,0.333,0.334] | v1:G0[0.334,0.333,0.333] | v2:G0[0.334,0.334,0.333] | v3:G0[0.333,0.333,0.333] | v4:G2[0.333,0.333,0.334]
[TopoTrace Step 0] v0:G2[0.333,0.333,0.334] | v1:G0[0.334,0.333,0.333] | v2:G0[0.334,0.334,0.333] | v3:G0[0.333,0.333,0.333] | v4:G2[0.333,0.333,0.334]
[TopoTrace Step 0] v0:G2[0.333,0.333,0.334] | v1:G0[0.334,0.333,0.333] | v2:G0[0.334,0.334,0.333] | v3:G0[0.333,0.333,0.333] | v4:G2[0.333,0.333,0.334]
[TopoTrace Step 0] v0:G2[0.333,0.333,0.334] | v1:G0[0.334,0.333,0.333] | v2:G0[0.334,0.334,0.333] | v3:G0[0.333,0.333,0.333] | v4:G2[0.333,0.333,0.334]
[TopoTrace Step 0] v0:G2[0.333,0.333,0.334] | v1:G0[0.334,0.333,0.333] | v2:G0[0.334,0.334,0.333] | v3:G0[0.333,0.333,0.333] | v4:G2[0.333,0.333,0.334]
[TopoTrace Step 0] v0:G2[0.333,0.333,0.334] | v1:G0[0.334,0.333,0.333] | v2:G0[0.334,0.334,0.333] | v3:G0[0.333,0.333,0.333] | v4:G2[0.333,0.333,0.334]
[TopoTrace Step 0] v0:G2[0.333,0.333,0.334] | v1:G0[0.334,0.333,0.333] | v2:G0[0.334,0.334,0.333] | v3:G0[0.333,0.333,0.333] | v4:G2[0.333,0.333,0.334]
[TopoTrace Step 0] v0:G2[0.333,0.333,0.334] | v1:G0[0.334,0.333,0.333] | v2:G0[0.334,0.334,0.333] | v3:G0[0.333,0.333,0.333] | v4:G2[0.333,0.333,0.334]
[TopoTrace Step 0] v0:G2[0.333,0.333,0.334] | v1:G0[0.334,0.333,0.333] | v2:G0[0.334,0.334,0.333] | v3:G0[0.333,0.333,0.333] | v4:G2[0.333,0.333,0.334]
[TopoTrace Step 0] v0:G2[0.333,0.333,0.334] | v1:G0[0.334,0.333,0.333] | v2:G0[0.334,0.334,0.333] | v3:G0[0.333,0.333,0.333] | v4:G2[0.333,0.333,0.334]
[TopoTrace Step 0] v0:G2[0.333,0.333,0.334] | v1:G0[0.334,0.333,0.333] | v2:G0[0.334,0.334,0.333] | v3:G0[0.333,0.333,0.333] | v4:G2[0.333,0.333,0.334]
[TopoTrace Step 0] v0:G2[0.333,0.333,0.334] | v1:G0[0.334,0.333,0.333] | v2:G0[0.334,0.334,0.333] | v3:G0[0.333,0.333,0.333] | v4:G2[0.333,0.333,0.334]
[TopoTrace Step 0] v0:G2[0.333,0.333,0.334] | v1:G0[0.334,0.333,0.333] | v2:G0[0.334,0.334,0.333] | v3:G0[0.333,0.333,0.333] | v4:G2[0.333,0.333,0.334]
[TopoTrace Step 0] v0:G2[0.333,0.333,0.334] | v1:G0[0.334,0.333,0.333] | v2:G0[0.334,0.334,0.333] | v3:G0[0.333,0.333,0.333] | v4:G2[0.333,0.333,0.334]
[TopoTrace Step 0] v0:G2[0.333,0.333,0.334] | v1:G0[0.334,0.333,0.333] | v2:G0[0.334,0.334,0.333] | v3:G0[0.333,0.333,0.333] | v4:G2[0.333,0.333,0.334]
[TopoTrace Step 0] v0:G2[0.333,0.333,0.334] | v1:G0[0.334,0.333,0.333] | v2:G0[0.334,0.334,0.333] | v3:G0[0.333,0.333,0.333] | v4:G2[0.333,0.333,0.334][TopoTrace Step 0] v0:G2[0.333,0.333,0.334] | v1:G0[0.334,0.333,0.333] | v2:G0[0.334,0.334,0.333] | v3:G0[0.333,0.333,0.333] | v4:G2[0.333,0.333,0.334]

[TopoTrace Step 0] v0:G2[0.333,0.333,0.334] | v1:G0[0.334,0.333,0.333] | v2:G0[0.334,0.334,0.333] | v3:G0[0.333,0.333,0.333] | v4:G2[0.333,0.333,0.334]
[TopoTrace Step 0] v0:G2[0.333,0.333,0.334] | v1:G0[0.334,0.333,0.333] | v2:G0[0.334,0.334,0.333] | v3:G0[0.333,0.333,0.333] | v4:G2[0.333,0.333,0.334]
[TopoTrace Step 0] v0:G2[0.333,0.333,0.334] | v1:G0[0.334,0.333,0.333] | v2:G0[0.334,0.334,0.333] | v3:G0[0.333,0.333,0.333] | v4:G2[0.333,0.333,0.334]
[TopoTrace Step 0] v0:G2[0.333,0.333,0.334] | v1:G0[0.334,0.333,0.333] | v2:G0[0.334,0.334,0.333] | v3:G0[0.333,0.333,0.333] | v4:G2[0.333,0.333,0.334]
[TopoTrace Step 0] v0:G2[0.333,0.333,0.334] | v1:G0[0.334,0.333,0.333] | v2:G0[0.334,0.334,0.333] | v3:G0[0.333,0.333,0.333] | v4:G2[0.333,0.333,0.334]
[TopoTrace Step 0] v0:G2[0.333,0.333,0.334] | v1:G0[0.334,0.333,0.333] | v2:G0[0.334,0.334,0.333] | v3:G0[0.333,0.333,0.333] | v4:G2[0.333,0.333,0.334]
[TopoTrace Step 0] v0:G2[0.333,0.333,0.334] | v1:G0[0.334,0.333,0.333] | v2:G0[0.334,0.334,0.333] | v3:G0[0.333,0.333,0.333] | v4:G2[0.333,0.333,0.334]
[TopoTrace Step 0] v0:G2[0.333,0.333,0.334] | v1:G0[0.334,0.333,0.333] | v2:G0[0.334,0.334,0.333] | v3:G0[0.333,0.333,0.333] | v4:G2[0.333,0.333,0.334]
[TopoTrace Step 0] v0:G2[0.333,0.333,0.334] | v1:G0[0.334,0.333,0.333] | v2:G0[0.334,0.334,0.333] | v3:G0[0.333,0.333,0.333] | v4:G2[0.333,0.333,0.334]
[TopoTrace Step 0] v0:G2[0.333,0.333,0.334] | v1:G0[0.334,0.333,0.333] | v2:G0[0.334,0.334,0.333] | v3:G0[0.333,0.333,0.333] | v4:G2[0.333,0.333,0.334]
[TopoTrace Step 0] v0:G2[0.333,0.333,0.334] | v1:G0[0.334,0.333,0.333] | v2:G0[0.334,0.334,0.333] | v3:G0[0.333,0.333,0.333] | v4:G2[0.333,0.333,0.334]
[TopoTrace Step 0] v0:G2[0.333,0.333,0.334] | v1:G0[0.334,0.333,0.333] | v2:G0[0.334,0.334,0.333] | v3:G0[0.333,0.333,0.333] | v4:G2[0.333,0.333,0.334]
[TopoTrace Step 0] v0:G2[0.333,0.333,0.334] | v1:G0[0.334,0.333,0.333] | v2:G0[0.334,0.334,0.332] | v3:G0[0.333,0.333,0.333] | v4:G2[0.333,0.333,0.334]
[TopoTrace Step 0] v0:G2[0.333,0.333,0.334] | v1:G0[0.334,0.333,0.333] | v2:G0[0.334,0.334,0.332] | v3:G0[0.333,0.333,0.333] | v4:G2[0.333,0.333,0.334]
[TopoTrace Step 0] v0:G2[0.333,0.333,0.334] | v1:G0[0.334,0.333,0.333] | v2:G0[0.334,0.334,0.332] | v3:G0[0.333,0.333,0.333] | v4:G2[0.333,0.333,0.334][TopoTrace Step 0] v0:G2[0.333,0.333,0.334] | v1:G0[0.334,0.333,0.333] | v2:G0[0.334,0.334,0.332] | v3:G0[0.333,0.333,0.333] | v4:G2[0.333,0.333,0.334]

[TopoTrace Step 0] v0:G2[0.333,0.333,0.334] | v1:G0[0.334,0.333,0.333] | v2:G0[0.334,0.334,0.332] | v3:G0[0.333,0.333,0.333] | v4:G2[0.333,0.333,0.334]
[TopoTrace Step 0] v0:G2[0.333,0.333,0.334] | v1:G0[0.334,0.333,0.333] | v2:G0[0.334,0.334,0.332] | v3:G0[0.333,0.333,0.333] | v4:G2[0.333,0.333,0.334]
[TopoTrace Step 0] v0:G2[0.333,0.333,0.334] | v1:G0[0.334,0.333,0.333] | v2:G0[0.334,0.334,0.332] | v3:G0[0.333,0.333,0.333] | v4:G2[0.333,0.333,0.334]
[TopoTrace Step 0] v0:G2[0.333,0.333,0.334] | v1:G0[0.334,0.333,0.333] | v2:G0[0.334,0.334,0.332] | v3:G0[0.333,0.333,0.333] | v4:G2[0.333,0.333,0.334]
[TopoTrace Step 0] v0:G2[0.333,0.333,0.334] | v1:G0[0.334,0.333,0.333] | v2:G0[0.334,0.334,0.332] | v3:G1[0.333,0.333,0.333] | v4:G2[0.333,0.333,0.334]
[TopoTrace Step 0] v0:G2[0.333,0.333,0.334] | v1:G0[0.334,0.333,0.333] | v2:G0[0.334,0.334,0.332] | v3:G1[0.333,0.333,0.333] | v4:G2[0.333,0.333,0.334]
[TopoTrace Step 0] v0:G2[0.333,0.333,0.334] | v1:G0[0.334,0.333,0.333] | v2:G0[0.334,0.334,0.332] | v3:G1[0.333,0.333,0.333] | v4:G2[0.333,0.333,0.334]
[TopoTrace Step 0] v0:G2[0.333,0.333,0.334] | v1:G0[0.334,0.333,0.333] | v2:G0[0.334,0.334,0.332] | v3:G1[0.333,0.333,0.333] | v4:G2[0.333,0.333,0.334]
[TopoTrace Step 0] v0:G2[0.333,0.333,0.334] | v1:G0[0.334,0.333,0.333] | v2:G0[0.334,0.334,0.332] | v3:G1[0.333,0.333,0.333] | v4:G2[0.333,0.333,0.334]
[TopoTrace Step 0] v0:G2[0.333,0.333,0.334] | v1:G0[0.334,0.333,0.333] | v2:G0[0.334,0.334,0.332] | v3:G1[0.333,0.333,0.333] | v4:G2[0.333,0.333,0.334]
[TopoTrace Step 0] v0:G2[0.333,0.333,0.334] | v1:G0[0.334,0.333,0.333] | v2:G0[0.334,0.334,0.332] | v3:G1[0.333,0.333,0.333] | v4:G2[0.333,0.333,0.334][TopoTrace Step 0] v0:G2[0.333,0.333,0.334] | v1:G0[0.334,0.333,0.333] | v2:G0[0.334,0.334,0.332] | v3:G1[0.333,0.333,0.333] | v4:G2[0.333,0.333,0.334]

[TopoTrace Step 0] v0:G2[0.333,0.333,0.334] | v1:G0[0.334,0.333,0.333] | v2:G0[0.334,0.334,0.332] | v3:G1[0.333,0.333,0.333] | v4:G2[0.333,0.333,0.334]
[TopoTrace Step 0] v0:G2[0.333,0.333,0.334] | v1:G0[0.334,0.333,0.333] | v2:G0[0.334,0.334,0.332] | v3:G1[0.333,0.333,0.333] | v4:G2[0.333,0.333,0.334]
[TopoTrace Step 0] v0:G2[0.333,0.333,0.334] | v1:G0[0.334,0.333,0.333] | v2:G0[0.334,0.334,0.332] | v3:G1[0.333,0.333,0.333] | v4:G2[0.333,0.333,0.334]
[TopoTrace Step 0] v0:G2[0.333,0.333,0.334] | v1:G0[0.334,0.333,0.333] | v2:G0[0.334,0.334,0.332] | v3:G1[0.333,0.333,0.333] | v4:G2[0.333,0.333,0.334]
[TopoTrace Step 0] v0:G2[0.333,0.333,0.334] | v1:G0[0.334,0.333,0.333] | v2:G0[0.334,0.334,0.332] | v3:G1[0.333,0.333,0.333] | v4:G2[0.333,0.333,0.334]
[TopoTrace Step 0] v0:G2[0.333,0.333,0.334] | v1:G0[0.334,0.333,0.333] | v2:G0[0.334,0.334,0.332] | v3:G1[0.333,0.333,0.333] | v4:G2[0.333,0.333,0.334]
[TopoTrace Step 0] v0:G2[0.333,0.333,0.334] | v1:G0[0.334,0.333,0.333] | v2:G0[0.334,0.334,0.332] | v3:G1[0.333,0.333,0.333] | v4:G2[0.333,0.333,0.334]
[TopoTrace Step 0] v0:G2[0.333,0.333,0.334] | v1:G0[0.334,0.333,0.333] | v2:G0[0.334,0.334,0.332] | v3:G1[0.333,0.333,0.333] | v4:G2[0.333,0.333,0.334]
[TopoTrace Step 0] v0:G2[0.333,0.333,0.334] | v1:G0[0.334,0.333,0.333] | v2:G0[0.334,0.334,0.332] | v3:G1[0.333,0.333,0.333] | v4:G2[0.333,0.333,0.334]
[TopoTrace Step 0] v0:G2[0.333,0.333,0.334] | v1:G0[0.334,0.333,0.333] | v2:G0[0.334,0.334,0.332] | v3:G1[0.333,0.333,0.333] | v4:G2[0.333,0.333,0.334]
[TopoTrace Step 0] v0:G2[0.333,0.333,0.334] | v1:G0[0.334,0.333,0.333] | v2:G0[0.334,0.334,0.332] | v3:G1[0.333,0.333,0.333] | v4:G2[0.333,0.333,0.334]
[TopoTrace Step 0] v0:G2[0.333,0.333,0.334] | v1:G0[0.334,0.333,0.333] | v2:G0[0.334,0.334,0.332] | v3:G1[0.333,0.333,0.333] | v4:G2[0.333,0.333,0.334]
[TopoTrace Step 0] v0:G2[0.333,0.333,0.334] | v1:G0[0.334,0.333,0.333] | v2:G0[0.334,0.334,0.332] | v3:G1[0.333,0.333,0.333] | v4:G2[0.333,0.333,0.334]
[TopoTrace Step 0] v0:G2[0.333,0.333,0.334] | v1:G0[0.334,0.333,0.333] | v2:G0[0.334,0.334,0.332] | v3:G1[0.333,0.333,0.333] | v4:G2[0.333,0.333,0.334]
[TopoTrace Step 0] v0:G2[0.333,0.333,0.334] | v1:G0[0.334,0.333,0.333] | v2:G0[0.334,0.334,0.332] | v3:G1[0.333,0.333,0.333] | v4:G2[0.333,0.333,0.334]
[TopoTrace Step 0] v0:G2[0.333,0.333,0.334] | v1:G0[0.334,0.333,0.333] | v2:G0[0.334,0.334,0.332] | v3:G1[0.333,0.333,0.333] | v4:G2[0.333,0.333,0.334]
[TopoTrace Step 0] v0:G2[0.333,0.333,0.334] | v1:G0[0.334,0.333,0.333] | v2:G0[0.334,0.334,0.332] | v3:G1[0.333,0.333,0.333] | v4:G2[0.333,0.333,0.334]
[TopoTrace Step 0] v0:G2[0.333,0.333,0.334] | v1:G0[0.334,0.333,0.333] | v2:G0[0.334,0.334,0.332] | v3:G1[0.333,0.333,0.333] | v4:G2[0.333,0.333,0.334]
[TopoTrace Step 0] v0:G2[0.333,0.333,0.334] | v1:G0[0.334,0.333,0.333] | v2:G0[0.334,0.334,0.332] | v3:G1[0.333,0.333,0.333] | v4:G2[0.333,0.333,0.334]
[TopoTrace Step 0] v0:G2[0.333,0.333,0.334] | v1:G0[0.334,0.333,0.333] | v2:G0[0.334,0.334,0.332] | v3:G1[0.333,0.333,0.333] | v4:G2[0.333,0.333,0.334]
[TopoTrace Step 0] v0:G2[0.333,0.333,0.334] | v1:G0[0.334,0.333,0.333] | v2:G0[0.334,0.334,0.332] | v3:G0[0.333,0.333,0.333] | v4:G2[0.333,0.333,0.334]
[TopoTrace Step 0] v0:G2[0.333,0.333,0.334] | v1:G0[0.334,0.333,0.333] | v2:G0[0.334,0.334,0.332] | v3:G0[0.333,0.333,0.333] | v4:G2[0.333,0.333,0.334]
[TopoTrace Step 0] v0:G2[0.333,0.333,0.334] | v1:G0[0.334,0.333,0.333] | v2:G0[0.334,0.334,0.332] | v3:G0[0.333,0.333,0.333] | v4:G2[0.333,0.333,0.334][TopoTrace Step 0] v0:G2[0.333,0.333,0.334] | v1:G0[0.334,0.333,0.333] | v2:G0[0.334,0.334,0.332] | v3:G0[0.333,0.333,0.333] | v4:G2[0.333,0.333,0.334]

[TopoTrace Step 0] v0:G2[0.333,0.333,0.334] | v1:G0[0.334,0.333,0.333] | v2:G0[0.334,0.334,0.332] | v3:G0[0.333,0.333,0.333] | v4:G2[0.333,0.333,0.334]
[TopoTrace Step 0] v0:G2[0.333,0.333,0.334] | v1:G0[0.334,0.333,0.333] | v2:G0[0.334,0.334,0.332] | v3:G0[0.333,0.333,0.333] | v4:G2[0.333,0.333,0.334]
[TopoTrace Step 0] v0:G2[0.333,0.333,0.334] | v1:G0[0.334,0.333,0.333] | v2:G0[0.334,0.334,0.332] | v3:G0[0.333,0.333,0.333] | v4:G2[0.333,0.333,0.334][TopoTrace Step 0] v0:G2[0.333,0.333,0.334] | v1:G0[0.334,0.333,0.333] | v2:G0[0.334,0.334,0.332] | v3:G0[0.333,0.333,0.333] | v4:G2[0.333,0.333,0.334]

[TopoTrace Step 0] v0:G2[0.333,0.333,0.334] | v1:G0[0.334,0.333,0.333] | v2:G0[0.334,0.334,0.332] | v3:G0[0.333,0.333,0.333] | v4:G2[0.333,0.333,0.334]
[TopoTrace Step 0] v0:G2[0.333,0.333,0.334] | v1:G0[0.334,0.333,0.333] | v2:G0[0.334,0.334,0.332] | v3:G0[0.333,0.333,0.333] | v4:G2[0.333,0.333,0.334]
[TopoTrace Step 0] v0:G2[0.333,0.333,0.334] | v1:G0[0.334,0.333,0.333] | v2:G0[0.334,0.334,0.332] | v3:G0[0.333,0.333,0.333] | v4:G2[0.333,0.333,0.334][TopoTrace Step 0] v0:G2[0.333,0.333,0.334] | v1:G0[0.334,0.333,0.333] | v2:G0[0.334,0.334,0.332] | v3:G0[0.333,0.333,0.333] | v4:G2[0.333,0.333,0.334]

[TopoTrace Step 0] v0:G2[0.333,0.333,0.334] | v1:G0[0.334,0.333,0.333] | v2:G0[0.334,0.334,0.332] | v3:G0[0.333,0.333,0.333] | v4:G2[0.333,0.333,0.334]
[TopoTrace Step 0] v0:G2[0.333,0.333,0.334] | v1:G0[0.334,0.333,0.333] | v2:G0[0.334,0.334,0.332] | v3:G0[0.333,0.333,0.333] | v4:G2[0.333,0.333,0.334]
[TopoTrace Step 0] v0:G2[0.333,0.333,0.334] | v1:G0[0.334,0.333,0.333] | v2:G0[0.334,0.334,0.332] | v3:G0[0.333,0.333,0.333] | v4:G2[0.333,0.333,0.334]
[TopoTrace Step 0] v0:G2[0.333,0.333,0.334] | v1:G0[0.334,0.333,0.333] | v2:G0[0.334,0.334,0.332] | v3:G0[0.333,0.333,0.333] | v4:G2[0.333,0.333,0.334]
[TopoTrace Step 0] v0:G2[0.333,0.333,0.334] | v1:G0[0.334,0.333,0.333] | v2:G0[0.334,0.334,0.332] | v3:G0[0.333,0.333,0.333] | v4:G2[0.333,0.333,0.334]
[TopoTrace Step 0] v0:G2[0.333,0.333,0.334] | v1:G0[0.334,0.333,0.333] | v2:G0[0.334,0.334,0.332] | v3:G0[0.333,0.333,0.333] | v4:G2[0.333,0.333,0.334]
[TopoTrace Step 0] v0:G2[0.333,0.333,0.334] | v1:G0[0.334,0.333,0.333] | v2:G0[0.334,0.334,0.332] | v3:G0[0.333,0.333,0.333] | v4:G2[0.333,0.333,0.334][TopoTrace Step 0] v0:G2[0.333,0.333,0.334] | v1:G0[0.334,0.333,0.333] | v2:G0[0.334,0.334,0.332] | v3:G0[0.333,0.333,0.333] | v4:G2[0.333,0.333,0.334]

[TopoTrace Step 0] v0:G2[0.333,0.333,0.334] | v1:G0[0.334,0.333,0.333] | v2:G0[0.334,0.334,0.332] | v3:G0[0.333,0.333,0.333] | v4:G2[0.333,0.333,0.334]
[TopoTrace Step 0] v0:G2[0.333,0.333,0.334] | v1:G0[0.334,0.333,0.333] | v2:G0[0.334,0.334,0.332] | v3:G0[0.333,0.333,0.333] | v4:G2[0.333,0.333,0.334]
[TopoTrace Step 0] v0:G2[0.333,0.333,0.334] | v1:G0[0.334,0.333,0.333] | v2:G0[0.334,0.334,0.332] | v3:G0[0.333,0.333,0.333] | v4:G2[0.333,0.333,0.334][TopoTrace Step 0] v0:G2[0.333,0.333,0.334] | v1:G0[0.334,0.333,0.333] | v2:G0[0.334,0.334,0.332] | v3:G0[0.333,0.333,0.333] | v4:G2[0.333,0.333,0.334]

[TopoTrace Step 0] v0:G2[0.333,0.333,0.334] | v1:G0[0.334,0.333,0.333] | v2:G0[0.334,0.334,0.332] | v3:G0[0.333,0.333,0.333] | v4:G2[0.333,0.333,0.334]
[TopoTrace Step 0] v0:G2[0.333,0.333,0.334] | v1:G0[0.334,0.333,0.333] | v2:G0[0.334,0.334,0.332] | v3:G0[0.333,0.333,0.333] | v4:G2[0.333,0.333,0.334]
[TopoTrace Step 0] v0:G2[0.333,0.333,0.334] | v1:G0[0.334,0.333,0.333] | v2:G0[0.334,0.334,0.332] | v3:G0[0.333,0.333,0.333] | v4:G2[0.333,0.333,0.334]
[TopoTrace Step 0] v0:G2[0.333,0.333,0.334] | v1:G0[0.334,0.333,0.333] | v2:G0[0.334,0.334,0.332] | v3:G0[0.333,0.333,0.333] | v4:G2[0.333,0.333,0.334]
[TopoTrace Step 0] v0:G2[0.333,0.333,0.334] | v1:G0[0.334,0.333,0.333] | v2:G0[0.334,0.334,0.332] | v3:G0[0.333,0.333,0.333] | v4:G2[0.333,0.333,0.334]
[TopoTrace Step 0] v0:G2[0.333,0.333,0.334] | v1:G0[0.334,0.333,0.333] | v2:G0[0.334,0.334,0.332] | v3:G0[0.333,0.333,0.333] | v4:G2[0.333,0.333,0.334]
[TopoTrace Step 0] v0:G2[0.333,0.333,0.334] | v1:G0[0.334,0.333,0.333] | v2:G0[0.334,0.334,0.332] | v3:G0[0.333,0.333,0.333] | v4:G2[0.333,0.333,0.334][TopoTrace Step 0] v0:G2[0.333,0.333,0.334] | v1:G0[0.334,0.333,0.333] | v2:G0[0.334,0.334,0.332] | v3:G0[0.333,0.333,0.333] | v4:G2[0.333,0.333,0.334]

[TopoTrace Step 0] v0:G2[0.333,0.333,0.334] | v1:G0[0.334,0.333,0.333] | v2:G0[0.334,0.334,0.332] | v3:G0[0.333,0.333,0.333] | v4:G2[0.333,0.333,0.334]
[TopoTrace Step 0] v0:G2[0.333,0.333,0.334] | v1:G0[0.334,0.333,0.333] | v2:G0[0.334,0.334,0.332] | v3:G0[0.333,0.333,0.333] | v4:G2[0.333,0.333,0.334]
[TopoTrace Step 0] v0:G2[0.333,0.333,0.334] | v1:G0[0.334,0.333,0.333] | v2:G0[0.334,0.334,0.332] | v3:G0[0.333,0.333,0.333] | v4:G2[0.333,0.333,0.334][TopoTrace Step 0] v0:G2[0.333,0.333,0.334] | v1:G0[0.334,0.333,0.333] | v2:G0[0.334,0.334,0.332] | v3:G0[0.333,0.333,0.333] | v4:G2[0.333,0.333,0.334]

[TopoTrace Step 0] v0:G2[0.333,0.333,0.334] | v1:G0[0.334,0.333,0.333] | v2:G0[0.334,0.334,0.332] | v3:G0[0.333,0.333,0.333] | v4:G2[0.333,0.333,0.334]
[TopoTrace Step 0] v0:G2[0.333,0.333,0.334] | v1:G0[0.334,0.333,0.333] | v2:G0[0.334,0.334,0.332] | v3:G0[0.333,0.333,0.333] | v4:G2[0.333,0.333,0.334]
[TopoTrace Step 0] v0:G2[0.333,0.333,0.334] | v1:G0[0.334,0.333,0.333] | v2:G0[0.334,0.334,0.332] | v3:G0[0.333,0.333,0.333] | v4:G2[0.333,0.333,0.334]
[TopoTrace Step 0] v0:G2[0.333,0.333,0.334] | v1:G0[0.334,0.333,0.333] | v2:G0[0.334,0.334,0.332] | v3:G0[0.333,0.333,0.333] | v4:G2[0.333,0.333,0.334]
[TopoTrace Step 0] v0:G2[0.333,0.333,0.334] | v1:G0[0.334,0.333,0.333] | v2:G0[0.334,0.334,0.332] | v3:G0[0.333,0.333,0.333] | v4:G2[0.333,0.333,0.334]
[TopoTrace Step 0] v0:G2[0.333,0.333,0.334] | v1:G0[0.334,0.333,0.333] | v2:G0[0.334,0.334,0.332] | v3:G0[0.333,0.333,0.333] | v4:G2[0.333,0.333,0.334]
[TopoTrace Step 0] v0:G2[0.333,0.333,0.334] | v1:G0[0.334,0.333,0.333] | v2:G0[0.334,0.334,0.332] | v3:G0[0.333,0.333,0.333] | v4:G2[0.333,0.333,0.334]
[TopoTrace Step 0] v0:G2[0.333,0.333,0.334] | v1:G0[0.334,0.333,0.333] | v2:G0[0.334,0.334,0.332] | v3:G0[0.333,0.333,0.333] | v4:G2[0.333,0.333,0.334]
[TopoTrace Step 0] v0:G2[0.333,0.333,0.334] | v1:G0[0.334,0.333,0.333] | v2:G0[0.334,0.334,0.332] | v3:G0[0.333,0.333,0.333] | v4:G2[0.333,0.333,0.334]
[TopoTrace Step 0] v0:G2[0.333,0.333,0.334] | v1:G0[0.334,0.333,0.333] | v2:G0[0.334,0.334,0.332] | v3:G0[0.333,0.333,0.333] | v4:G2[0.333,0.333,0.334]
[TopoTrace Step 0] v0:G2[0.333,0.333,0.334] | v1:G0[0.334,0.333,0.333] | v2:G0[0.334,0.334,0.332] | v3:G0[0.333,0.333,0.333] | v4:G2[0.333,0.333,0.334][TopoTrace Step 0] v0:G2[0.333,0.333,0.334] | v1:G0[0.334,0.333,0.333] | v2:G0[0.334,0.334,0.332] | v3:G0[0.333,0.333,0.333] | v4:G2[0.333,0.333,0.334]

[TopoTrace Step 0] v0:G2[0.333,0.333,0.334] | v1:G0[0.334,0.333,0.333] | v2:G0[0.334,0.334,0.332] | v3:G0[0.333,0.333,0.333] | v4:G2[0.333,0.333,0.334]
[TopoTrace Step 0] v0:G2[0.333,0.333,0.334] | v1:G0[0.334,0.333,0.333] | v2:G0[0.334,0.334,0.332] | v3:G0[0.333,0.333,0.333] | v4:G2[0.333,0.333,0.334]
[TopoTrace Step 0] v0:G2[0.333,0.333,0.334] | v1:G0[0.334,0.333,0.333] | v2:G0[0.334,0.334,0.332] | v3:G0[0.333,0.333,0.333] | v4:G2[0.333,0.333,0.334]
[TopoTrace Step 0] v0:G2[0.333,0.333,0.334] | v1:G0[0.334,0.333,0.333] | v2:G0[0.334,0.334,0.332] | v3:G0[0.333,0.333,0.333] | v4:G2[0.333,0.333,0.334]
	iters: 100, epoch: 2 | loss: 0.3591429
	speed: 2.3927s/iter; left time: 2928.6569s
[TopoTrace Step 0] v0:G2[0.333,0.333,0.334] | v1:G0[0.334,0.333,0.333] | v2:G0[0.334,0.334,0.332] | v3:G0[0.333,0.333,0.333] | v4:G2[0.333,0.333,0.334]
[TopoTrace Step 0] v0:G2[0.333,0.333,0.334] | v1:G0[0.334,0.333,0.333] | v2:G0[0.334,0.334,0.332] | v3:G0[0.333,0.333,0.333] | v4:G2[0.333,0.333,0.334]
[TopoTrace Step 0] v0:G2[0.333,0.333,0.334] | v1:G0[0.334,0.333,0.333] | v2:G0[0.334,0.334,0.332] | v3:G0[0.333,0.333,0.333] | v4:G2[0.333,0.333,0.334]
[TopoTrace Step 0] v0:G2[0.333,0.333,0.334] | v1:G0[0.334,0.333,0.333] | v2:G0[0.334,0.334,0.332] | v3:G0[0.333,0.333,0.333] | v4:G2[0.333,0.333,0.334]
[TopoTrace Step 0] v0:G2[0.333,0.333,0.334] | v1:G0[0.334,0.333,0.333] | v2:G0[0.334,0.334,0.332] | v3:G0[0.333,0.333,0.333] | v4:G2[0.333,0.333,0.334]
[TopoTrace Step 0] v0:G2[0.333,0.333,0.334] | v1:G0[0.334,0.333,0.333] | v2:G0[0.334,0.334,0.332] | v3:G0[0.333,0.333,0.333] | v4:G2[0.333,0.333,0.334]
[TopoTrace Step 0] v0:G2[0.333,0.333,0.334] | v1:G0[0.334,0.333,0.333] | v2:G0[0.334,0.334,0.332] | v3:G0[0.333,0.333,0.333] | v4:G2[0.333,0.333,0.334][TopoTrace Step 0] v0:G2[0.333,0.333,0.334] | v1:G0[0.334,0.333,0.333] | v2:G0[0.334,0.334,0.332] | v3:G0[0.333,0.333,0.333] | v4:G2[0.333,0.333,0.334]

[TopoTrace Step 0] v0:G2[0.333,0.333,0.334] | v1:G0[0.334,0.333,0.333] | v2:G0[0.334,0.334,0.332] | v3:G0[0.333,0.333,0.333] | v4:G2[0.333,0.333,0.334]
[TopoTrace Step 0] v0:G2[0.333,0.333,0.334] | v1:G0[0.334,0.333,0.333] | v2:G0[0.334,0.334,0.332] | v3:G0[0.333,0.333,0.333] | v4:G2[0.333,0.333,0.334]
[TopoTrace Step 0] v0:G2[0.333,0.333,0.334] | v1:G0[0.334,0.333,0.333] | v2:G0[0.334,0.334,0.332] | v3:G0[0.333,0.333,0.333] | v4:G2[0.333,0.333,0.334][TopoTrace Step 0] v0:G2[0.333,0.333,0.334] | v1:G0[0.334,0.333,0.333] | v2:G0[0.334,0.334,0.332] | v3:G0[0.333,0.333,0.333] | v4:G2[0.333,0.333,0.334]

[TopoTrace Step 0] v0:G2[0.333,0.333,0.334] | v1:G0[0.334,0.333,0.333] | v2:G0[0.334,0.334,0.332] | v3:G0[0.333,0.333,0.333] | v4:G2[0.333,0.333,0.334]
[TopoTrace Step 0] v0:G2[0.333,0.333,0.334] | v1:G0[0.334,0.333,0.333] | v2:G0[0.334,0.334,0.332] | v3:G0[0.333,0.333,0.333] | v4:G2[0.333,0.333,0.334]
[TopoTrace Step 0] v0:G2[0.333,0.333,0.334] | v1:G0[0.334,0.333,0.333] | v2:G0[0.334,0.334,0.332] | v3:G0[0.333,0.333,0.333] | v4:G2[0.333,0.333,0.334]
[TopoTrace Step 0] v0:G2[0.333,0.333,0.334] | v1:G0[0.334,0.333,0.333] | v2:G0[0.334,0.334,0.332] | v3:G0[0.333,0.333,0.333] | v4:G2[0.333,0.333,0.334]
[TopoTrace Step 0] v0:G2[0.333,0.333,0.334] | v1:G0[0.334,0.333,0.333] | v2:G0[0.334,0.334,0.332] | v3:G0[0.333,0.333,0.333] | v4:G2[0.333,0.333,0.334]
[TopoTrace Step 0] v0:G2[0.333,0.333,0.334] | v1:G0[0.334,0.333,0.333] | v2:G0[0.334,0.334,0.332] | v3:G0[0.333,0.333,0.333] | v4:G2[0.333,0.333,0.334]
[TopoTrace Step 0] v0:G2[0.333,0.333,0.334] | v1:G0[0.334,0.333,0.333] | v2:G0[0.334,0.334,0.332] | v3:G0[0.333,0.333,0.333] | v4:G2[0.333,0.333,0.334][TopoTrace Step 0] v0:G2[0.333,0.333,0.334] | v1:G0[0.334,0.333,0.333] | v2:G0[0.334,0.334,0.332] | v3:G0[0.333,0.333,0.333] | v4:G2[0.333,0.333,0.334]

[TopoTrace Step 0] v0:G2[0.333,0.333,0.334] | v1:G0[0.334,0.333,0.333] | v2:G0[0.334,0.334,0.332] | v3:G0[0.333,0.333,0.333] | v4:G2[0.333,0.333,0.334]
[TopoTrace Step 0] v0:G2[0.333,0.333,0.334] | v1:G0[0.334,0.333,0.333] | v2:G0[0.334,0.334,0.332] | v3:G0[0.333,0.333,0.333] | v4:G2[0.333,0.333,0.334]
[TopoTrace Step 0] v0:G2[0.333,0.333,0.334] | v1:G0[0.334,0.333,0.333] | v2:G0[0.334,0.334,0.332] | v3:G0[0.333,0.333,0.333] | v4:G2[0.333,0.333,0.334][TopoTrace Step 0] v0:G2[0.333,0.333,0.334] | v1:G0[0.334,0.333,0.333] | v2:G0[0.334,0.334,0.332] | v3:G0[0.333,0.333,0.333] | v4:G2[0.333,0.333,0.334]

[TopoTrace Step 0] v0:G2[0.333,0.333,0.334] | v1:G0[0.334,0.333,0.333] | v2:G0[0.334,0.334,0.332] | v3:G0[0.333,0.333,0.333] | v4:G2[0.333,0.333,0.334]
[TopoTrace Step 0] v0:G2[0.333,0.333,0.334] | v1:G0[0.334,0.333,0.333] | v2:G0[0.334,0.334,0.332] | v3:G0[0.333,0.333,0.333] | v4:G2[0.333,0.333,0.334]
[TopoTrace Step 0] v0:G2[0.333,0.333,0.334] | v1:G0[0.334,0.333,0.333] | v2:G0[0.334,0.334,0.332] | v3:G0[0.333,0.333,0.333] | v4:G2[0.333,0.333,0.334][TopoTrace Step 0] v0:G2[0.333,0.333,0.334] | v1:G0[0.334,0.333,0.333] | v2:G0[0.334,0.334,0.332] | v3:G0[0.333,0.333,0.333] | v4:G2[0.333,0.333,0.334]

[TopoTrace Step 0] v0:G2[0.333,0.333,0.334] | v1:G0[0.334,0.333,0.333] | v2:G0[0.334,0.334,0.332] | v3:G0[0.333,0.333,0.333] | v4:G2[0.333,0.333,0.334]
[TopoTrace Step 0] v0:G2[0.333,0.333,0.334] | v1:G0[0.334,0.333,0.333] | v2:G0[0.334,0.334,0.332] | v3:G0[0.333,0.333,0.333] | v4:G2[0.333,0.333,0.334]
[TopoTrace Step 0] v0:G2[0.333,0.333,0.334] | v1:G0[0.334,0.333,0.333] | v2:G0[0.334,0.334,0.332] | v3:G0[0.333,0.333,0.333] | v4:G2[0.333,0.333,0.334]
[TopoTrace Step 0] v0:G2[0.333,0.333,0.334] | v1:G0[0.334,0.333,0.333] | v2:G0[0.334,0.334,0.332] | v3:G0[0.333,0.333,0.333] | v4:G2[0.333,0.333,0.334]
[TopoTrace Step 0] v0:G2[0.333,0.333,0.334] | v1:G0[0.334,0.333,0.333] | v2:G0[0.334,0.334,0.332] | v3:G0[0.333,0.333,0.333] | v4:G2[0.333,0.333,0.334]
[TopoTrace Step 0] v0:G2[0.333,0.333,0.334] | v1:G0[0.334,0.333,0.333] | v2:G0[0.334,0.334,0.332] | v3:G0[0.333,0.333,0.333] | v4:G2[0.333,0.333,0.334]
[TopoTrace Step 0] v0:G2[0.333,0.333,0.334] | v1:G0[0.334,0.333,0.333] | v2:G0[0.334,0.334,0.332] | v3:G0[0.333,0.333,0.333] | v4:G2[0.333,0.333,0.334]
[TopoTrace Step 0] v0:G2[0.333,0.333,0.334] | v1:G0[0.334,0.333,0.333] | v2:G0[0.334,0.334,0.332] | v3:G0[0.333,0.333,0.333] | v4:G2[0.333,0.333,0.334]
[TopoTrace Step 0] v0:G2[0.333,0.333,0.334] | v1:G0[0.334,0.333,0.333] | v2:G0[0.334,0.334,0.332] | v3:G0[0.333,0.333,0.333] | v4:G2[0.333,0.333,0.334]
[TopoTrace Step 0] v0:G2[0.333,0.333,0.334] | v1:G0[0.334,0.333,0.333] | v2:G0[0.334,0.334,0.332] | v3:G0[0.333,0.333,0.333] | v4:G2[0.333,0.333,0.334]
[TopoTrace Step 0] v0:G2[0.333,0.333,0.334] | v1:G0[0.334,0.333,0.333] | v2:G0[0.334,0.334,0.332] | v3:G0[0.333,0.333,0.333] | v4:G2[0.333,0.333,0.334]
[TopoTrace Step 0] v0:G2[0.333,0.333,0.334] | v1:G0[0.334,0.333,0.333] | v2:G0[0.334,0.334,0.332] | v3:G0[0.333,0.333,0.333] | v4:G2[0.333,0.333,0.334]
[TopoTrace Step 0] v0:G2[0.333,0.333,0.334] | v1:G0[0.334,0.333,0.333] | v2:G0[0.334,0.334,0.332] | v3:G0[0.333,0.333,0.333] | v4:G2[0.333,0.333,0.334]
[TopoTrace Step 0] v0:G2[0.333,0.333,0.334] | v1:G0[0.334,0.333,0.333] | v2:G0[0.334,0.334,0.332] | v3:G0[0.333,0.333,0.333] | v4:G2[0.333,0.333,0.334]
[TopoTrace Step 0] v0:G2[0.333,0.333,0.334] | v1:G0[0.334,0.333,0.333] | v2:G0[0.334,0.334,0.332] | v3:G0[0.333,0.333,0.333] | v4:G2[0.333,0.333,0.334][TopoTrace Step 0] v0:G2[0.333,0.333,0.334] | v1:G0[0.334,0.333,0.333] | v2:G0[0.334,0.334,0.332] | v3:G0[0.333,0.333,0.333] | v4:G2[0.333,0.333,0.334]

[TopoTrace Step 0] v0:G2[0.333,0.333,0.334] | v1:G0[0.334,0.333,0.333] | v2:G0[0.334,0.334,0.332] | v3:G0[0.333,0.333,0.333] | v4:G2[0.333,0.333,0.334]
[TopoTrace Step 0] v0:G2[0.333,0.333,0.334] | v1:G0[0.334,0.333,0.333] | v2:G0[0.334,0.334,0.332] | v3:G0[0.333,0.333,0.333] | v4:G2[0.333,0.333,0.334]
[TopoTrace Step 0] v0:G2[0.333,0.333,0.334] | v1:G0[0.334,0.333,0.333] | v2:G0[0.334,0.334,0.332] | v3:G0[0.333,0.333,0.333] | v4:G2[0.333,0.333,0.334][TopoTrace Step 0] v0:G2[0.333,0.333,0.334] | v1:G0[0.334,0.333,0.333] | v2:G0[0.334,0.334,0.332] | v3:G0[0.333,0.333,0.333] | v4:G2[0.333,0.333,0.334]

[TopoTrace Step 0] v0:G2[0.333,0.333,0.334] | v1:G0[0.334,0.333,0.333] | v2:G0[0.334,0.334,0.332] | v3:G0[0.333,0.333,0.333] | v4:G2[0.333,0.333,0.334]
[TopoTrace Step 0] v0:G2[0.333,0.333,0.334] | v1:G0[0.334,0.333,0.333] | v2:G0[0.334,0.334,0.332] | v3:G0[0.333,0.333,0.333] | v4:G2[0.333,0.333,0.334]
[TopoTrace Step 0] v0:G2[0.333,0.333,0.334] | v1:G0[0.334,0.333,0.333] | v2:G0[0.334,0.334,0.332] | v3:G0[0.333,0.333,0.333] | v4:G2[0.333,0.333,0.334][TopoTrace Step 0] v0:G2[0.333,0.333,0.334] | v1:G0[0.334,0.333,0.333] | v2:G0[0.334,0.334,0.332] | v3:G0[0.333,0.333,0.333] | v4:G2[0.333,0.333,0.334]

[TopoTrace Step 0] v0:G2[0.333,0.333,0.334] | v1:G0[0.334,0.333,0.333] | v2:G0[0.334,0.334,0.332] | v3:G0[0.333,0.333,0.333] | v4:G2[0.333,0.333,0.334]
[TopoTrace Step 0] v0:G2[0.333,0.333,0.334] | v1:G0[0.334,0.333,0.333] | v2:G0[0.334,0.334,0.332] | v3:G0[0.333,0.333,0.333] | v4:G2[0.333,0.333,0.334]
[TopoTrace Step 0] v0:G2[0.333,0.333,0.334] | v1:G0[0.334,0.333,0.333] | v2:G0[0.334,0.334,0.332] | v3:G0[0.333,0.333,0.333] | v4:G2[0.333,0.333,0.334][TopoTrace Step 0] v0:G2[0.333,0.333,0.334] | v1:G0[0.334,0.333,0.333] | v2:G0[0.334,0.334,0.332] | v3:G0[0.333,0.333,0.333] | v4:G2[0.333,0.333,0.334]

[TopoTrace Step 0] v0:G2[0.333,0.333,0.334] | v1:G0[0.334,0.333,0.333] | v2:G0[0.334,0.334,0.332] | v3:G0[0.333,0.333,0.333] | v4:G2[0.333,0.333,0.334]
[TopoTrace Step 0] v0:G2[0.333,0.333,0.334] | v1:G0[0.334,0.333,0.333] | v2:G0[0.334,0.334,0.332] | v3:G0[0.333,0.333,0.333] | v4:G2[0.333,0.333,0.334]
[TopoTrace Step 0] v0:G2[0.333,0.333,0.334] | v1:G0[0.334,0.333,0.333] | v2:G0[0.334,0.334,0.332] | v3:G0[0.333,0.333,0.333] | v4:G2[0.333,0.333,0.334][TopoTrace Step 0] v0:G2[0.333,0.333,0.334] | v1:G0[0.334,0.333,0.333] | v2:G0[0.334,0.334,0.332] | v3:G0[0.333,0.333,0.333] | v4:G2[0.333,0.333,0.334]

[TopoTrace Step 0] v0:G2[0.333,0.333,0.334] | v1:G0[0.334,0.333,0.333] | v2:G0[0.334,0.334,0.332] | v3:G0[0.333,0.333,0.333] | v4:G2[0.333,0.333,0.334]
[TopoTrace Step 0] v0:G2[0.333,0.333,0.334] | v1:G0[0.334,0.333,0.333] | v2:G0[0.334,0.334,0.332] | v3:G0[0.333,0.333,0.333] | v4:G2[0.333,0.333,0.334]
[TopoTrace Step 0] v0:G2[0.333,0.333,0.334] | v1:G0[0.334,0.333,0.333] | v2:G0[0.334,0.334,0.332] | v3:G0[0.333,0.333,0.333] | v4:G2[0.333,0.333,0.334]
[TopoTrace Step 0] v0:G2[0.333,0.333,0.334] | v1:G0[0.334,0.333,0.333] | v2:G0[0.334,0.334,0.332] | v3:G0[0.333,0.333,0.333] | v4:G2[0.333,0.333,0.334]
[TopoTrace Step 0] v0:G2[0.333,0.333,0.334] | v1:G0[0.334,0.333,0.333] | v2:G0[0.334,0.334,0.332] | v3:G0[0.333,0.333,0.333] | v4:G2[0.333,0.333,0.334]
[TopoTrace Step 0] v0:G2[0.333,0.333,0.334] | v1:G0[0.334,0.333,0.333] | v2:G0[0.334,0.334,0.332] | v3:G0[0.333,0.333,0.333] | v4:G2[0.333,0.333,0.334]
[TopoTrace Step 0] v0:G2[0.333,0.333,0.334] | v1:G0[0.334,0.333,0.333] | v2:G0[0.334,0.334,0.332] | v3:G0[0.333,0.333,0.333] | v4:G2[0.333,0.333,0.334]
[TopoTrace Step 0] v0:G2[0.333,0.333,0.334] | v1:G0[0.334,0.333,0.333] | v2:G0[0.334,0.334,0.332] | v3:G0[0.333,0.333,0.333] | v4:G2[0.333,0.333,0.334]
[TopoTrace Step 0] v0:G2[0.333,0.333,0.334] | v1:G0[0.334,0.333,0.333] | v2:G0[0.334,0.334,0.332] | v3:G0[0.333,0.333,0.333] | v4:G2[0.333,0.333,0.334]
[TopoTrace Step 0] v0:G2[0.333,0.333,0.334] | v1:G0[0.334,0.333,0.333] | v2:G0[0.334,0.334,0.332] | v3:G0[0.333,0.333,0.333] | v4:G2[0.333,0.333,0.334]
[TopoTrace Step 0] v0:G2[0.333,0.333,0.334] | v1:G0[0.334,0.333,0.333] | v2:G0[0.334,0.334,0.332] | v3:G0[0.333,0.333,0.333] | v4:G2[0.333,0.333,0.334]
[TopoTrace Step 0] v0:G2[0.333,0.333,0.334] | v1:G0[0.334,0.333,0.333] | v2:G0[0.334,0.334,0.332] | v3:G0[0.333,0.333,0.333] | v4:G2[0.333,0.333,0.334]
[TopoTrace Step 0] v0:G2[0.333,0.333,0.334] | v1:G0[0.334,0.333,0.333] | v2:G0[0.334,0.334,0.332] | v3:G0[0.333,0.333,0.333] | v4:G2[0.333,0.333,0.334]
[TopoTrace Step 0] v0:G2[0.333,0.333,0.334] | v1:G0[0.334,0.333,0.333] | v2:G0[0.334,0.334,0.332] | v3:G0[0.333,0.333,0.333] | v4:G2[0.333,0.333,0.334]
[TopoTrace Step 0] v0:G2[0.333,0.333,0.334] | v1:G0[0.334,0.333,0.333] | v2:G0[0.334,0.334,0.332] | v3:G0[0.333,0.333,0.333] | v4:G2[0.333,0.333,0.334]
[TopoTrace Step 0] v0:G2[0.333,0.333,0.334] | v1:G0[0.334,0.333,0.333] | v2:G0[0.334,0.334,0.332] | v3:G0[0.333,0.333,0.333] | v4:G2[0.333,0.333,0.334]
[TopoTrace Step 0] v0:G2[0.333,0.333,0.334] | v1:G0[0.334,0.333,0.333] | v2:G0[0.334,0.334,0.332] | v3:G0[0.333,0.333,0.333] | v4:G2[0.333,0.333,0.334]
[TopoTrace Step 0] v0:G2[0.333,0.333,0.334] | v1:G0[0.334,0.333,0.333] | v2:G0[0.334,0.334,0.332] | v3:G0[0.333,0.333,0.333] | v4:G2[0.333,0.333,0.334]
[TopoTrace Step 0] v0:G2[0.333,0.333,0.334] | v1:G0[0.334,0.333,0.333] | v2:G0[0.334,0.334,0.332] | v3:G0[0.333,0.333,0.333] | v4:G2[0.333,0.333,0.334][TopoTrace Step 0] v0:G2[0.333,0.333,0.334] | v1:G0[0.334,0.333,0.333] | v2:G0[0.334,0.334,0.332] | v3:G0[0.333,0.333,0.333] | v4:G2[0.333,0.333,0.334]

[TopoTrace Step 0] v0:G2[0.333,0.333,0.334] | v1:G0[0.334,0.333,0.333] | v2:G0[0.334,0.333,0.332] | v3:G0[0.333,0.333,0.333] | v4:G2[0.333,0.333,0.334]
[TopoTrace Step 0] v0:G2[0.333,0.333,0.334] | v1:G0[0.334,0.333,0.333] | v2:G0[0.334,0.333,0.332] | v3:G0[0.333,0.333,0.333] | v4:G2[0.333,0.333,0.334]
[TopoTrace Step 0] v0:G2[0.333,0.333,0.334] | v1:G0[0.334,0.333,0.333] | v2:G0[0.334,0.333,0.332] | v3:G0[0.333,0.333,0.333] | v4:G2[0.333,0.333,0.334]
[TopoTrace Step 0] v0:G2[0.333,0.333,0.334] | v1:G0[0.334,0.333,0.333] | v2:G0[0.334,0.333,0.332] | v3:G0[0.333,0.333,0.333] | v4:G2[0.333,0.333,0.334]
[TopoTrace Step 0] v0:G2[0.333,0.333,0.334] | v1:G0[0.334,0.333,0.333] | v2:G0[0.334,0.333,0.332] | v3:G1[0.333,0.333,0.333] | v4:G2[0.333,0.333,0.334]
[TopoTrace Step 0] v0:G2[0.333,0.333,0.334] | v1:G0[0.334,0.333,0.333] | v2:G0[0.334,0.333,0.332] | v3:G1[0.333,0.333,0.333] | v4:G2[0.333,0.333,0.334]
[TopoTrace Step 0] v0:G2[0.333,0.333,0.334] | v1:G0[0.334,0.333,0.333] | v2:G0[0.334,0.333,0.332] | v3:G1[0.333,0.333,0.333] | v4:G2[0.333,0.333,0.334][TopoTrace Step 0] v0:G2[0.333,0.333,0.334] | v1:G0[0.334,0.333,0.333] | v2:G0[0.334,0.333,0.332] | v3:G1[0.333,0.333,0.333] | v4:G2[0.333,0.333,0.334]

[TopoTrace Step 0] v0:G2[0.333,0.333,0.334] | v1:G0[0.334,0.333,0.333] | v2:G0[0.334,0.333,0.332] | v3:G2[0.333,0.333,0.333] | v4:G2[0.333,0.333,0.334]
[TopoTrace Step 0] v0:G2[0.333,0.333,0.334] | v1:G0[0.334,0.333,0.333] | v2:G0[0.334,0.333,0.332] | v3:G2[0.333,0.333,0.333] | v4:G2[0.333,0.333,0.334]
[TopoTrace Step 0] v0:G2[0.333,0.333,0.334] | v1:G0[0.334,0.333,0.333] | v2:G0[0.334,0.333,0.332] | v3:G2[0.333,0.333,0.333] | v4:G2[0.333,0.333,0.334][TopoTrace Step 0] v0:G2[0.333,0.333,0.334] | v1:G0[0.334,0.333,0.333] | v2:G0[0.334,0.333,0.332] | v3:G2[0.333,0.333,0.333] | v4:G2[0.333,0.333,0.334]

[TopoTrace Step 0] v0:G2[0.333,0.333,0.334] | v1:G0[0.334,0.333,0.333] | v2:G0[0.334,0.333,0.332] | v3:G2[0.333,0.333,0.333] | v4:G2[0.333,0.333,0.334]
[TopoTrace Step 0] v0:G2[0.333,0.333,0.334] | v1:G0[0.334,0.333,0.333] | v2:G0[0.334,0.333,0.332] | v3:G2[0.333,0.333,0.333] | v4:G2[0.333,0.333,0.334]
[TopoTrace Step 0] v0:G2[0.333,0.333,0.334] | v1:G0[0.334,0.333,0.333] | v2:G0[0.334,0.333,0.332] | v3:G2[0.333,0.333,0.333] | v4:G2[0.333,0.333,0.334]
[TopoTrace Step 0] v0:G2[0.333,0.333,0.334] | v1:G0[0.334,0.333,0.333] | v2:G0[0.334,0.333,0.332] | v3:G2[0.333,0.333,0.333] | v4:G2[0.333,0.333,0.334]
[TopoTrace Step 0] v0:G2[0.333,0.333,0.334] | v1:G0[0.334,0.333,0.333] | v2:G0[0.334,0.333,0.332] | v3:G2[0.333,0.333,0.333] | v4:G2[0.333,0.333,0.334]
[TopoTrace Step 0] v0:G2[0.333,0.333,0.334] | v1:G0[0.334,0.333,0.333] | v2:G0[0.334,0.333,0.332] | v3:G2[0.333,0.333,0.333] | v4:G2[0.333,0.333,0.334]
[TopoTrace Step 0] v0:G2[0.333,0.333,0.334] | v1:G0[0.334,0.333,0.333] | v2:G0[0.334,0.333,0.332] | v3:G2[0.333,0.333,0.333] | v4:G2[0.333,0.333,0.334]
[TopoTrace Step 0] v0:G2[0.333,0.333,0.334] | v1:G0[0.334,0.333,0.333] | v2:G0[0.334,0.333,0.332] | v3:G2[0.333,0.333,0.333] | v4:G2[0.333,0.333,0.334]
[TopoTrace Step 0] v0:G2[0.333,0.333,0.334] | v1:G0[0.334,0.333,0.333] | v2:G0[0.334,0.333,0.332] | v3:G2[0.333,0.333,0.333] | v4:G2[0.333,0.333,0.334]
[TopoTrace Step 0] v0:G2[0.333,0.333,0.334] | v1:G0[0.334,0.333,0.333] | v2:G0[0.334,0.333,0.332] | v3:G2[0.333,0.333,0.333] | v4:G2[0.333,0.333,0.334]
[TopoTrace Step 0] v0:G2[0.333,0.333,0.334] | v1:G0[0.334,0.333,0.333] | v2:G0[0.334,0.333,0.332] | v3:G2[0.333,0.333,0.333] | v4:G2[0.333,0.333,0.334][TopoTrace Step 0] v0:G2[0.333,0.333,0.334] | v1:G0[0.334,0.333,0.333] | v2:G0[0.334,0.333,0.332] | v3:G2[0.333,0.333,0.333] | v4:G2[0.333,0.333,0.334]

[TopoTrace Step 0] v0:G2[0.333,0.333,0.334] | v1:G0[0.334,0.333,0.333] | v2:G0[0.334,0.333,0.332] | v3:G2[0.333,0.333,0.333] | v4:G2[0.333,0.333,0.334]
[TopoTrace Step 0] v0:G2[0.333,0.333,0.334] | v1:G0[0.334,0.333,0.333] | v2:G0[0.334,0.333,0.332] | v3:G2[0.333,0.333,0.333] | v4:G2[0.333,0.333,0.334]
[TopoTrace Step 0] v0:G2[0.333,0.333,0.334] | v1:G0[0.334,0.333,0.333] | v2:G0[0.334,0.333,0.332] | v3:G2[0.333,0.333,0.333] | v4:G2[0.333,0.333,0.334]
[TopoTrace Step 0] v0:G2[0.333,0.333,0.334] | v1:G0[0.334,0.333,0.333] | v2:G0[0.334,0.333,0.332] | v3:G2[0.333,0.333,0.333] | v4:G2[0.333,0.333,0.334]
[TopoTrace Step 0] v0:G2[0.333,0.333,0.334] | v1:G0[0.334,0.333,0.333] | v2:G0[0.334,0.333,0.332] | v3:G2[0.333,0.333,0.333] | v4:G2[0.333,0.333,0.334]
[TopoTrace Step 0] v0:G2[0.333,0.333,0.334] | v1:G0[0.334,0.333,0.333] | v2:G0[0.334,0.333,0.332] | v3:G2[0.333,0.333,0.333] | v4:G2[0.333,0.333,0.334]
[TopoTrace Step 0] v0:G2[0.333,0.333,0.334] | v1:G0[0.334,0.333,0.333] | v2:G0[0.334,0.333,0.332] | v3:G2[0.333,0.333,0.333] | v4:G2[0.333,0.333,0.334]
[TopoTrace Step 0] v0:G2[0.333,0.333,0.334] | v1:G0[0.334,0.333,0.333] | v2:G0[0.334,0.333,0.332] | v3:G2[0.333,0.333,0.333] | v4:G2[0.333,0.333,0.334]
[TopoTrace Step 0] v0:G2[0.333,0.333,0.334] | v1:G0[0.334,0.333,0.333] | v2:G0[0.334,0.333,0.332] | v3:G2[0.333,0.333,0.333] | v4:G2[0.333,0.333,0.334]
[TopoTrace Step 0] v0:G2[0.333,0.333,0.334] | v1:G0[0.334,0.333,0.333] | v2:G0[0.334,0.333,0.332] | v3:G2[0.333,0.333,0.333] | v4:G2[0.333,0.333,0.334]
[TopoTrace Step 0] v0:G2[0.333,0.333,0.334] | v1:G0[0.334,0.333,0.333] | v2:G0[0.334,0.333,0.332] | v3:G2[0.333,0.333,0.333] | v4:G2[0.333,0.333,0.334]
[TopoTrace Step 0] v0:G2[0.333,0.333,0.334] | v1:G0[0.334,0.333,0.333] | v2:G0[0.334,0.333,0.332] | v3:G2[0.333,0.333,0.333] | v4:G2[0.333,0.333,0.334]
[TopoTrace Step 0] v0:G2[0.333,0.333,0.334] | v1:G0[0.334,0.333,0.333] | v2:G0[0.334,0.333,0.332] | v3:G2[0.333,0.333,0.333] | v4:G2[0.333,0.333,0.334]
[TopoTrace Step 0] v0:G2[0.333,0.333,0.334] | v1:G0[0.334,0.333,0.333] | v2:G0[0.334,0.333,0.332] | v3:G2[0.333,0.333,0.333] | v4:G2[0.333,0.333,0.334]
[TopoTrace Step 0] v0:G2[0.333,0.333,0.334] | v1:G0[0.334,0.333,0.333] | v2:G0[0.334,0.333,0.332] | v3:G2[0.333,0.333,0.333] | v4:G2[0.333,0.333,0.334]
[TopoTrace Step 0] v0:G2[0.333,0.333,0.334] | v1:G0[0.334,0.333,0.333] | v2:G0[0.334,0.333,0.332] | v3:G2[0.333,0.333,0.333] | v4:G2[0.333,0.333,0.334]
[TopoTrace Step 0] v0:G2[0.333,0.333,0.334] | v1:G0[0.334,0.333,0.333] | v2:G0[0.334,0.333,0.332] | v3:G2[0.333,0.333,0.333] | v4:G2[0.333,0.333,0.334]
[TopoTrace Step 0] v0:G2[0.333,0.333,0.334] | v1:G0[0.334,0.333,0.333] | v2:G0[0.334,0.333,0.332] | v3:G2[0.333,0.333,0.333] | v4:G2[0.333,0.333,0.334]
[TopoTrace Step 0] v0:G2[0.333,0.333,0.334] | v1:G0[0.334,0.333,0.333] | v2:G0[0.334,0.333,0.332] | v3:G2[0.333,0.333,0.333] | v4:G2[0.333,0.333,0.334]
[TopoTrace Step 0] v0:G2[0.333,0.333,0.334] | v1:G0[0.334,0.333,0.333] | v2:G0[0.334,0.333,0.332] | v3:G2[0.333,0.333,0.333] | v4:G2[0.333,0.333,0.334]
[TopoTrace Step 0] v0:G2[0.333,0.333,0.334] | v1:G0[0.334,0.333,0.333] | v2:G0[0.334,0.333,0.332] | v3:G2[0.333,0.333,0.333] | v4:G2[0.333,0.333,0.334]
[TopoTrace Step 0] v0:G2[0.333,0.333,0.334] | v1:G0[0.334,0.333,0.333] | v2:G0[0.334,0.333,0.332] | v3:G2[0.333,0.333,0.333] | v4:G2[0.333,0.333,0.334]
[TopoTrace Step 0] v0:G2[0.333,0.333,0.334] | v1:G0[0.334,0.333,0.333] | v2:G0[0.334,0.333,0.332] | v3:G2[0.333,0.333,0.333] | v4:G2[0.333,0.333,0.334][TopoTrace Step 0] v0:G2[0.333,0.333,0.334] | v1:G0[0.334,0.333,0.333] | v2:G0[0.334,0.333,0.332] | v3:G2[0.333,0.333,0.333] | v4:G2[0.333,0.333,0.334]

[TopoTrace Step 0] v0:G2[0.333,0.333,0.334] | v1:G0[0.334,0.333,0.333] | v2:G0[0.334,0.333,0.332] | v3:G2[0.333,0.333,0.333] | v4:G2[0.333,0.333,0.334]
[TopoTrace Step 0] v0:G2[0.333,0.333,0.334] | v1:G0[0.334,0.333,0.333] | v2:G0[0.334,0.333,0.332] | v3:G2[0.333,0.333,0.333] | v4:G2[0.333,0.333,0.334]
[TopoTrace Step 0] v0:G2[0.333,0.333,0.334] | v1:G0[0.334,0.333,0.333] | v2:G0[0.334,0.333,0.332] | v3:G2[0.333,0.333,0.333] | v4:G2[0.333,0.333,0.334]
[TopoTrace Step 0] v0:G2[0.333,0.333,0.334] | v1:G0[0.334,0.333,0.333] | v2:G0[0.334,0.333,0.332] | v3:G2[0.333,0.333,0.333] | v4:G2[0.333,0.333,0.334]
[TopoTrace Step 0] v0:G2[0.333,0.333,0.334] | v1:G0[0.334,0.333,0.333] | v2:G0[0.334,0.333,0.332] | v3:G2[0.333,0.333,0.333] | v4:G2[0.333,0.333,0.334]
[TopoTrace Step 0] v0:G2[0.333,0.333,0.334] | v1:G0[0.334,0.333,0.333] | v2:G0[0.334,0.333,0.332] | v3:G2[0.333,0.333,0.333] | v4:G2[0.333,0.333,0.334]
[TopoTrace Step 0] v0:G2[0.333,0.333,0.334] | v1:G0[0.334,0.333,0.333] | v2:G0[0.334,0.333,0.332] | v3:G2[0.333,0.333,0.333] | v4:G2[0.333,0.333,0.334]
[TopoTrace Step 0] v0:G2[0.333,0.333,0.334] | v1:G0[0.334,0.333,0.333] | v2:G0[0.334,0.333,0.332] | v3:G2[0.333,0.333,0.333] | v4:G2[0.333,0.333,0.334]
[TopoTrace Step 0] v0:G2[0.333,0.333,0.334] | v1:G0[0.334,0.333,0.333] | v2:G0[0.334,0.333,0.332] | v3:G2[0.333,0.333,0.333] | v4:G2[0.333,0.333,0.334]
[TopoTrace Step 0] v0:G2[0.333,0.333,0.334] | v1:G0[0.334,0.333,0.333] | v2:G0[0.334,0.333,0.332] | v3:G2[0.333,0.333,0.333] | v4:G2[0.333,0.333,0.334]
[TopoTrace Step 0] v0:G2[0.333,0.333,0.334] | v1:G0[0.334,0.333,0.333] | v2:G0[0.334,0.333,0.332] | v3:G2[0.333,0.333,0.333] | v4:G2[0.333,0.333,0.334]
[TopoTrace Step 0] v0:G2[0.333,0.333,0.334] | v1:G0[0.334,0.333,0.333] | v2:G0[0.334,0.333,0.332] | v3:G2[0.333,0.333,0.333] | v4:G2[0.333,0.333,0.334]
[TopoTrace Step 0] v0:G2[0.333,0.333,0.334] | v1:G0[0.334,0.333,0.333] | v2:G0[0.334,0.333,0.332] | v3:G2[0.333,0.333,0.333] | v4:G2[0.333,0.333,0.334]
[TopoTrace Step 0] v0:G2[0.333,0.333,0.334] | v1:G0[0.334,0.333,0.333] | v2:G0[0.334,0.333,0.332] | v3:G2[0.333,0.333,0.333] | v4:G2[0.333,0.333,0.334]
[TopoTrace Step 0] v0:G2[0.333,0.333,0.334] | v1:G0[0.334,0.333,0.333] | v2:G0[0.334,0.333,0.332] | v3:G2[0.333,0.333,0.333] | v4:G2[0.333,0.333,0.334]
[TopoTrace Step 0] v0:G2[0.333,0.333,0.334] | v1:G0[0.334,0.333,0.333] | v2:G0[0.334,0.333,0.332] | v3:G2[0.333,0.333,0.333] | v4:G2[0.333,0.333,0.334]
[TopoTrace Step 0] v0:G2[0.333,0.333,0.334] | v1:G0[0.334,0.333,0.333] | v2:G0[0.334,0.333,0.332] | v3:G2[0.333,0.333,0.333] | v4:G2[0.333,0.333,0.334]
[TopoTrace Step 0] v0:G2[0.333,0.333,0.334] | v1:G0[0.334,0.333,0.333] | v2:G0[0.334,0.333,0.332] | v3:G2[0.333,0.333,0.333] | v4:G2[0.333,0.333,0.334]
[TopoTrace Step 0] v0:G2[0.333,0.333,0.334] | v1:G0[0.334,0.333,0.333] | v2:G0[0.334,0.333,0.332] | v3:G2[0.333,0.333,0.333] | v4:G2[0.333,0.333,0.334]
[TopoTrace Step 0] v0:G2[0.333,0.333,0.334] | v1:G0[0.334,0.333,0.333] | v2:G0[0.334,0.333,0.332] | v3:G2[0.333,0.333,0.333] | v4:G2[0.333,0.333,0.334]
[TopoTrace Step 0] v0:G2[0.333,0.333,0.334] | v1:G0[0.334,0.333,0.333] | v2:G0[0.334,0.333,0.332] | v3:G2[0.333,0.333,0.333] | v4:G2[0.333,0.333,0.334]
[TopoTrace Step 0] v0:G2[0.333,0.333,0.334] | v1:G0[0.334,0.333,0.333] | v2:G0[0.334,0.333,0.332] | v3:G2[0.333,0.333,0.333] | v4:G2[0.333,0.333,0.334]
[TopoTrace Step 0] v0:G2[0.333,0.333,0.334] | v1:G0[0.334,0.333,0.333] | v2:G0[0.334,0.333,0.332] | v3:G2[0.333,0.333,0.333] | v4:G2[0.333,0.333,0.334]
[TopoTrace Step 0] v0:G2[0.333,0.333,0.334] | v1:G0[0.334,0.333,0.333] | v2:G0[0.334,0.333,0.332] | v3:G2[0.333,0.333,0.333] | v4:G2[0.333,0.333,0.334]
[TopoTrace Step 0] v0:G2[0.333,0.333,0.334] | v1:G0[0.334,0.333,0.333] | v2:G0[0.334,0.333,0.332] | v3:G2[0.333,0.333,0.333] | v4:G2[0.333,0.333,0.334]
[TopoTrace Step 0] v0:G2[0.333,0.333,0.334] | v1:G0[0.334,0.333,0.333] | v2:G0[0.334,0.333,0.332] | v3:G2[0.333,0.333,0.333] | v4:G2[0.333,0.333,0.334]
[TopoTrace Step 0] v0:G2[0.333,0.333,0.334] | v1:G0[0.334,0.333,0.333] | v2:G0[0.334,0.333,0.332] | v3:G2[0.333,0.333,0.333] | v4:G2[0.333,0.333,0.334]
[TopoTrace Step 0] v0:G2[0.333,0.333,0.334] | v1:G0[0.334,0.333,0.333] | v2:G0[0.334,0.333,0.332] | v3:G2[0.333,0.333,0.333] | v4:G2[0.333,0.333,0.334]
[TopoTrace Step 0] v0:G2[0.333,0.333,0.334] | v1:G0[0.334,0.333,0.333] | v2:G0[0.334,0.333,0.332] | v3:G2[0.333,0.333,0.333] | v4:G2[0.333,0.333,0.334]
[TopoTrace Step 0] v0:G2[0.333,0.333,0.334] | v1:G0[0.334,0.333,0.333] | v2:G0[0.334,0.333,0.332] | v3:G2[0.333,0.333,0.333] | v4:G2[0.333,0.333,0.334]
[TopoTrace Step 0] v0:G2[0.333,0.333,0.334] | v1:G0[0.334,0.333,0.333] | v2:G0[0.334,0.333,0.332] | v3:G2[0.333,0.333,0.333] | v4:G2[0.333,0.333,0.334]
[TopoTrace Step 0] v0:G2[0.333,0.333,0.334] | v1:G0[0.334,0.333,0.333] | v2:G0[0.334,0.333,0.332] | v3:G2[0.333,0.333,0.333] | v4:G2[0.333,0.333,0.334]
[TopoTrace Step 0] v0:G2[0.333,0.333,0.334] | v1:G0[0.334,0.333,0.333] | v2:G0[0.334,0.333,0.332] | v3:G2[0.333,0.333,0.333] | v4:G2[0.333,0.333,0.334]
[TopoTrace Step 0] v0:G2[0.333,0.333,0.334] | v1:G0[0.334,0.333,0.333] | v2:G0[0.334,0.333,0.332] | v3:G2[0.333,0.333,0.333] | v4:G2[0.333,0.333,0.334]
[TopoTrace Step 0] v0:G2[0.333,0.333,0.334] | v1:G0[0.334,0.333,0.333] | v2:G0[0.334,0.333,0.332] | v3:G2[0.333,0.333,0.333] | v4:G2[0.333,0.333,0.334][TopoTrace Step 0] v0:G2[0.333,0.333,0.334] | v1:G0[0.334,0.333,0.333] | v2:G0[0.334,0.333,0.332] | v3:G2[0.333,0.333,0.333] | v4:G2[0.333,0.333,0.334]

[TopoTrace Step 0] v0:G2[0.333,0.333,0.334] | v1:G0[0.334,0.333,0.333] | v2:G0[0.334,0.333,0.332] | v3:G2[0.333,0.333,0.333] | v4:G2[0.333,0.333,0.334]
[TopoTrace Step 0] v0:G2[0.333,0.333,0.334] | v1:G0[0.334,0.333,0.333] | v2:G0[0.334,0.333,0.332] | v3:G2[0.333,0.333,0.333] | v4:G2[0.333,0.333,0.334]
[TopoTrace Step 0] v0:G2[0.333,0.333,0.334] | v1:G0[0.334,0.333,0.333] | v2:G0[0.334,0.333,0.332] | v3:G2[0.333,0.333,0.333] | v4:G2[0.333,0.333,0.334]
[TopoTrace Step 0] v0:G2[0.333,0.333,0.334] | v1:G0[0.334,0.333,0.333] | v2:G0[0.334,0.333,0.332] | v3:G2[0.333,0.333,0.333] | v4:G2[0.333,0.333,0.334]
[TopoTrace Step 0] v0:G2[0.333,0.333,0.334] | v1:G0[0.334,0.333,0.333] | v2:G0[0.334,0.333,0.332] | v3:G2[0.333,0.333,0.333] | v4:G2[0.333,0.333,0.334]
[TopoTrace Step 0] v0:G2[0.333,0.333,0.334] | v1:G0[0.334,0.333,0.333] | v2:G0[0.334,0.333,0.332] | v3:G2[0.333,0.333,0.333] | v4:G2[0.333,0.333,0.334]
[TopoTrace Step 0] v0:G2[0.333,0.333,0.334] | v1:G0[0.334,0.333,0.333] | v2:G0[0.334,0.333,0.332] | v3:G2[0.333,0.333,0.333] | v4:G2[0.333,0.333,0.334][TopoTrace Step 0] v0:G2[0.333,0.333,0.334] | v1:G0[0.334,0.333,0.333] | v2:G0[0.334,0.333,0.332] | v3:G2[0.333,0.333,0.333] | v4:G2[0.333,0.333,0.334]

[TopoTrace Step 0] v0:G2[0.333,0.333,0.334] | v1:G0[0.334,0.333,0.333] | v2:G0[0.334,0.333,0.332] | v3:G2[0.333,0.333,0.333] | v4:G2[0.333,0.333,0.334]
[TopoTrace Step 0] v0:G2[0.333,0.333,0.334] | v1:G0[0.334,0.333,0.333] | v2:G0[0.334,0.333,0.332] | v3:G2[0.333,0.333,0.333] | v4:G2[0.333,0.333,0.334]
[TopoTrace Step 0] v0:G2[0.333,0.333,0.334] | v1:G0[0.334,0.333,0.333] | v2:G0[0.334,0.333,0.332] | v3:G2[0.333,0.333,0.333] | v4:G2[0.333,0.333,0.334][TopoTrace Step 0] v0:G2[0.333,0.333,0.334] | v1:G0[0.334,0.333,0.333] | v2:G0[0.334,0.333,0.332] | v3:G2[0.333,0.333,0.333] | v4:G2[0.333,0.333,0.334]

[TopoTrace Step 0] v0:G2[0.333,0.333,0.334] | v1:G0[0.334,0.333,0.333] | v2:G0[0.334,0.333,0.332] | v3:G2[0.333,0.333,0.333] | v4:G2[0.333,0.333,0.334]
[TopoTrace Step 0] v0:G2[0.333,0.333,0.334] | v1:G0[0.334,0.333,0.333] | v2:G0[0.334,0.333,0.332] | v3:G2[0.333,0.333,0.333] | v4:G2[0.333,0.333,0.334]
[TopoTrace Step 0] v0:G2[0.333,0.333,0.334] | v1:G0[0.334,0.333,0.333] | v2:G0[0.334,0.333,0.332] | v3:G2[0.333,0.333,0.333] | v4:G2[0.333,0.333,0.334]
[TopoTrace Step 0] v0:G2[0.333,0.333,0.334] | v1:G0[0.334,0.333,0.333] | v2:G0[0.334,0.333,0.332] | v3:G2[0.333,0.333,0.333] | v4:G2[0.333,0.333,0.334]
[TopoTrace Step 0] v0:G2[0.333,0.333,0.334] | v1:G0[0.334,0.333,0.333] | v2:G0[0.334,0.333,0.332] | v3:G2[0.333,0.333,0.333] | v4:G2[0.333,0.333,0.334]
[TopoTrace Step 0] v0:G2[0.333,0.333,0.334] | v1:G0[0.334,0.333,0.333] | v2:G0[0.334,0.333,0.332] | v3:G2[0.333,0.333,0.333] | v4:G2[0.333,0.333,0.334]
[TopoTrace Step 0] v0:G2[0.333,0.333,0.334] | v1:G0[0.334,0.333,0.333] | v2:G0[0.334,0.333,0.332] | v3:G2[0.333,0.333,0.333] | v4:G2[0.333,0.333,0.334][TopoTrace Step 0] v0:G2[0.333,0.333,0.334] | v1:G0[0.334,0.333,0.333] | v2:G0[0.334,0.333,0.332] | v3:G2[0.333,0.333,0.333] | v4:G2[0.333,0.333,0.334]

[TopoTrace Step 0] v0:G2[0.333,0.333,0.334] | v1:G0[0.334,0.333,0.333] | v2:G0[0.334,0.333,0.332] | v3:G2[0.333,0.333,0.333] | v4:G2[0.333,0.333,0.334]
[TopoTrace Step 0] v0:G2[0.333,0.333,0.334] | v1:G0[0.334,0.333,0.333] | v2:G0[0.334,0.333,0.332] | v3:G2[0.333,0.333,0.333] | v4:G2[0.333,0.333,0.334]
[TopoTrace Step 0] v0:G2[0.333,0.333,0.334] | v1:G0[0.334,0.333,0.333] | v2:G0[0.334,0.333,0.332] | v3:G2[0.333,0.333,0.333] | v4:G2[0.333,0.333,0.334][TopoTrace Step 0] v0:G2[0.333,0.333,0.334] | v1:G0[0.334,0.333,0.333] | v2:G0[0.334,0.333,0.332] | v3:G2[0.333,0.333,0.333] | v4:G2[0.333,0.333,0.334]

Epoch: 2 cost time: 14.428773164749146
Epoch: 2, Steps: 147 | Train Loss: 0.3990814 Vali Loss: 0.4060442 Test Loss: 3.8832541
Validation loss decreased (0.415959 --> 0.406044).  Saving model ...
Updating learning rate to 5e-05
[TopoTrace Step 0] v0:G2[0.333,0.333,0.334] | v1:G0[0.334,0.333,0.333] | v2:G0[0.334,0.333,0.332] | v3:G2[0.333,0.333,0.333] | v4:G2[0.333,0.333,0.334]
[TopoTrace Step 0] v0:G2[0.333,0.333,0.334] | v1:G0[0.334,0.333,0.333] | v2:G0[0.334,0.333,0.332] | v3:G2[0.333,0.333,0.333] | v4:G2[0.333,0.333,0.334]
[TopoTrace Step 0] v0:G2[0.333,0.333,0.334] | v1:G0[0.334,0.333,0.333] | v2:G0[0.334,0.333,0.332] | v3:G2[0.333,0.333,0.333] | v4:G2[0.333,0.333,0.334]
[TopoTrace Step 0] v0:G2[0.333,0.333,0.334] | v1:G0[0.334,0.333,0.333] | v2:G0[0.334,0.333,0.332] | v3:G2[0.333,0.333,0.333] | v4:G2[0.333,0.333,0.334]
[TopoTrace Step 0] v0:G2[0.333,0.333,0.334] | v1:G0[0.334,0.333,0.333] | v2:G0[0.334,0.333,0.332] | v3:G2[0.333,0.333,0.333] | v4:G2[0.333,0.333,0.334]
[TopoTrace Step 0] v0:G2[0.333,0.333,0.334] | v1:G0[0.334,0.333,0.333] | v2:G0[0.334,0.333,0.332] | v3:G2[0.333,0.333,0.333] | v4:G2[0.333,0.333,0.334]
[TopoTrace Step 0] v0:G2[0.333,0.333,0.334] | v1:G0[0.334,0.333,0.333] | v2:G0[0.334,0.333,0.332] | v3:G2[0.333,0.333,0.333] | v4:G2[0.333,0.333,0.334]
[TopoTrace Step 0] v0:G2[0.333,0.333,0.334] | v1:G0[0.334,0.333,0.333] | v2:G0[0.334,0.333,0.332] | v3:G2[0.333,0.333,0.333] | v4:G2[0.333,0.333,0.334]
[TopoTrace Step 0] v0:G2[0.333,0.333,0.334] | v1:G0[0.334,0.333,0.333] | v2:G0[0.334,0.333,0.332] | v3:G2[0.333,0.333,0.333] | v4:G2[0.333,0.333,0.334]
[TopoTrace Step 0] v0:G2[0.333,0.333,0.334] | v1:G0[0.334,0.333,0.333] | v2:G0[0.334,0.333,0.332] | v3:G2[0.333,0.333,0.333] | v4:G2[0.333,0.333,0.334]
[TopoTrace Step 0] v0:G2[0.333,0.333,0.334] | v1:G0[0.334,0.333,0.333] | v2:G0[0.334,0.333,0.332] | v3:G2[0.333,0.333,0.333] | v4:G2[0.333,0.333,0.334]
[TopoTrace Step 0] v0:G2[0.333,0.333,0.334] | v1:G0[0.334,0.333,0.333] | v2:G0[0.334,0.333,0.332] | v3:G2[0.333,0.333,0.333] | v4:G2[0.333,0.333,0.334]
[TopoTrace Step 0] v0:G2[0.333,0.333,0.334] | v1:G0[0.334,0.333,0.333] | v2:G0[0.334,0.333,0.332] | v3:G2[0.333,0.333,0.333] | v4:G2[0.333,0.333,0.334]
[TopoTrace Step 0] v0:G2[0.333,0.333,0.334] | v1:G0[0.334,0.333,0.333] | v2:G0[0.334,0.333,0.332] | v3:G2[0.333,0.333,0.333] | v4:G2[0.333,0.333,0.334]
[TopoTrace Step 0] v0:G2[0.333,0.333,0.334] | v1:G0[0.334,0.333,0.333] | v2:G0[0.334,0.333,0.332] | v3:G2[0.333,0.333,0.333] | v4:G2[0.333,0.333,0.334]
[TopoTrace Step 0] v0:G2[0.333,0.333,0.334] | v1:G0[0.334,0.333,0.333] | v2:G0[0.334,0.333,0.332] | v3:G2[0.333,0.333,0.333] | v4:G2[0.333,0.333,0.334]
[TopoTrace Step 0] v0:G2[0.333,0.333,0.334] | v1:G0[0.334,0.333,0.333] | v2:G0[0.334,0.333,0.332] | v3:G2[0.333,0.333,0.333] | v4:G2[0.333,0.333,0.334]
[TopoTrace Step 0] v0:G2[0.333,0.333,0.334] | v1:G0[0.334,0.333,0.333] | v2:G0[0.334,0.333,0.332] | v3:G2[0.333,0.333,0.333] | v4:G2[0.333,0.333,0.334]
[TopoTrace Step 0] v0:G2[0.333,0.333,0.334] | v1:G0[0.334,0.333,0.333] | v2:G0[0.334,0.333,0.332] | v3:G2[0.333,0.333,0.333] | v4:G2[0.333,0.333,0.334][TopoTrace Step 0] v0:G2[0.333,0.333,0.334] | v1:G0[0.334,0.333,0.333] | v2:G0[0.334,0.333,0.332] | v3:G2[0.333,0.333,0.333] | v4:G2[0.333,0.333,0.334]

[TopoTrace Step 0] v0:G2[0.333,0.333,0.334] | v1:G0[0.334,0.333,0.333] | v2:G0[0.334,0.333,0.332] | v3:G2[0.333,0.333,0.333] | v4:G2[0.333,0.333,0.334]
[TopoTrace Step 0] v0:G2[0.333,0.333,0.334] | v1:G0[0.334,0.333,0.333] | v2:G0[0.334,0.333,0.332] | v3:G2[0.333,0.333,0.333] | v4:G2[0.333,0.333,0.334]
[TopoTrace Step 0] v0:G2[0.333,0.333,0.334] | v1:G0[0.334,0.333,0.333] | v2:G0[0.334,0.333,0.332] | v3:G2[0.333,0.333,0.333] | v4:G2[0.333,0.333,0.334]
[TopoTrace Step 0] v0:G2[0.333,0.333,0.334] | v1:G0[0.334,0.333,0.333] | v2:G0[0.334,0.333,0.332] | v3:G2[0.333,0.333,0.333] | v4:G2[0.333,0.333,0.334]
[TopoTrace Step 0] v0:G2[0.333,0.333,0.334] | v1:G0[0.334,0.333,0.333] | v2:G0[0.334,0.333,0.332] | v3:G2[0.333,0.333,0.333] | v4:G2[0.333,0.333,0.334]
[TopoTrace Step 0] v0:G2[0.333,0.333,0.334] | v1:G0[0.334,0.333,0.333] | v2:G0[0.334,0.333,0.332] | v3:G2[0.333,0.333,0.333] | v4:G2[0.333,0.333,0.334]
[TopoTrace Step 0] v0:G2[0.333,0.333,0.334] | v1:G0[0.334,0.333,0.333] | v2:G0[0.334,0.333,0.332] | v3:G2[0.333,0.333,0.333] | v4:G2[0.333,0.333,0.334]
[TopoTrace Step 0] v0:G2[0.333,0.333,0.334] | v1:G0[0.334,0.333,0.333] | v2:G0[0.334,0.333,0.332] | v3:G2[0.333,0.333,0.333] | v4:G2[0.333,0.333,0.334]
[TopoTrace Step 0] v0:G2[0.333,0.333,0.334] | v1:G0[0.334,0.333,0.333] | v2:G0[0.334,0.333,0.332] | v3:G2[0.333,0.333,0.333] | v4:G2[0.333,0.333,0.334]
[TopoTrace Step 0] v0:G2[0.333,0.333,0.334] | v1:G0[0.334,0.333,0.333] | v2:G0[0.334,0.333,0.332] | v3:G2[0.333,0.333,0.333] | v4:G2[0.333,0.333,0.334]
[TopoTrace Step 0] v0:G2[0.333,0.333,0.334] | v1:G0[0.334,0.333,0.333] | v2:G0[0.334,0.333,0.332] | v3:G2[0.333,0.333,0.333] | v4:G2[0.333,0.333,0.334]
[TopoTrace Step 0] v0:G2[0.333,0.333,0.334] | v1:G0[0.334,0.333,0.333] | v2:G0[0.334,0.333,0.332] | v3:G2[0.333,0.333,0.333] | v4:G2[0.333,0.333,0.334]
[TopoTrace Step 0] v0:G2[0.333,0.333,0.334] | v1:G0[0.334,0.333,0.333] | v2:G0[0.334,0.333,0.332] | v3:G2[0.333,0.333,0.333] | v4:G2[0.333,0.333,0.334]
[TopoTrace Step 0] v0:G2[0.333,0.333,0.334] | v1:G0[0.334,0.333,0.333] | v2:G0[0.334,0.333,0.332] | v3:G2[0.333,0.333,0.333] | v4:G2[0.333,0.333,0.334]
[TopoTrace Step 0] v0:G2[0.333,0.333,0.334] | v1:G0[0.334,0.333,0.333] | v2:G0[0.334,0.333,0.332] | v3:G2[0.333,0.333,0.333] | v4:G2[0.333,0.333,0.334]
[TopoTrace Step 0] v0:G2[0.333,0.333,0.334] | v1:G0[0.334,0.333,0.333] | v2:G0[0.334,0.333,0.332] | v3:G2[0.333,0.333,0.333] | v4:G2[0.333,0.333,0.334]
[TopoTrace Step 0] v0:G2[0.333,0.333,0.334] | v1:G0[0.334,0.333,0.333] | v2:G0[0.334,0.333,0.332] | v3:G2[0.333,0.333,0.333] | v4:G2[0.333,0.333,0.334]
[TopoTrace Step 0] v0:G2[0.333,0.333,0.334] | v1:G0[0.334,0.333,0.333] | v2:G0[0.334,0.333,0.332] | v3:G2[0.333,0.333,0.333] | v4:G2[0.333,0.333,0.334]
[TopoTrace Step 0] v0:G2[0.333,0.333,0.334] | v1:G0[0.334,0.333,0.333] | v2:G0[0.334,0.333,0.332] | v3:G2[0.333,0.333,0.333] | v4:G2[0.333,0.333,0.334]
[TopoTrace Step 0] v0:G2[0.333,0.333,0.334] | v1:G0[0.334,0.333,0.333] | v2:G0[0.334,0.333,0.332] | v3:G2[0.333,0.333,0.333] | v4:G2[0.333,0.333,0.334]
[TopoTrace Step 0] v0:G2[0.333,0.333,0.334] | v1:G0[0.334,0.333,0.333] | v2:G0[0.334,0.333,0.332] | v3:G2[0.333,0.333,0.333] | v4:G2[0.333,0.333,0.334]
[TopoTrace Step 0] v0:G2[0.333,0.333,0.334] | v1:G0[0.334,0.333,0.333] | v2:G0[0.334,0.333,0.332] | v3:G2[0.333,0.333,0.333] | v4:G2[0.333,0.333,0.334]
[TopoTrace Step 0] v0:G2[0.333,0.333,0.334] | v1:G0[0.334,0.333,0.333] | v2:G0[0.334,0.333,0.332] | v3:G2[0.333,0.333,0.333] | v4:G2[0.333,0.333,0.334][TopoTrace Step 0] v0:G2[0.333,0.333,0.334] | v1:G0[0.334,0.333,0.333] | v2:G0[0.334,0.333,0.332] | v3:G2[0.333,0.333,0.333] | v4:G2[0.333,0.333,0.334]

[TopoTrace Step 0] v0:G2[0.333,0.333,0.334] | v1:G0[0.334,0.333,0.333] | v2:G0[0.334,0.333,0.332] | v3:G2[0.333,0.333,0.333] | v4:G2[0.333,0.333,0.334]
[TopoTrace Step 0] v0:G2[0.333,0.333,0.334] | v1:G0[0.334,0.333,0.333] | v2:G0[0.334,0.333,0.332] | v3:G2[0.333,0.333,0.333] | v4:G2[0.333,0.333,0.334]
[TopoTrace Step 0] v0:G2[0.333,0.333,0.334] | v1:G0[0.334,0.333,0.333] | v2:G0[0.334,0.333,0.332] | v3:G2[0.333,0.333,0.333] | v4:G2[0.333,0.333,0.334][TopoTrace Step 0] v0:G2[0.333,0.333,0.334] | v1:G0[0.334,0.333,0.333] | v2:G0[0.334,0.333,0.332] | v3:G2[0.333,0.333,0.333] | v4:G2[0.333,0.333,0.334]

[TopoTrace Step 0] v0:G2[0.333,0.333,0.334] | v1:G0[0.334,0.333,0.333] | v2:G0[0.334,0.333,0.332] | v3:G2[0.333,0.333,0.333] | v4:G2[0.333,0.333,0.334]
[TopoTrace Step 0] v0:G2[0.333,0.333,0.334] | v1:G0[0.334,0.333,0.333] | v2:G0[0.334,0.333,0.332] | v3:G2[0.333,0.333,0.333] | v4:G2[0.333,0.333,0.334]
[TopoTrace Step 0] v0:G2[0.333,0.333,0.334] | v1:G0[0.334,0.333,0.333] | v2:G0[0.334,0.333,0.332] | v3:G2[0.333,0.333,0.333] | v4:G2[0.333,0.333,0.334]
[TopoTrace Step 0] v0:G2[0.333,0.333,0.334] | v1:G0[0.334,0.333,0.333] | v2:G0[0.334,0.333,0.332] | v3:G2[0.333,0.333,0.333] | v4:G2[0.333,0.333,0.334]
[TopoTrace Step 0] v0:G2[0.333,0.333,0.334] | v1:G0[0.334,0.333,0.333] | v2:G0[0.334,0.333,0.332] | v3:G2[0.333,0.333,0.333] | v4:G2[0.333,0.333,0.334]
[TopoTrace Step 0] v0:G2[0.333,0.333,0.334] | v1:G0[0.334,0.333,0.333] | v2:G0[0.334,0.333,0.332] | v3:G2[0.333,0.333,0.333] | v4:G2[0.333,0.333,0.334]
[TopoTrace Step 0] v0:G2[0.333,0.333,0.334] | v1:G0[0.334,0.333,0.333] | v2:G0[0.334,0.333,0.332] | v3:G2[0.333,0.333,0.333] | v4:G2[0.333,0.333,0.334][TopoTrace Step 0] v0:G2[0.333,0.333,0.334] | v1:G0[0.334,0.333,0.333] | v2:G0[0.334,0.333,0.332] | v3:G2[0.333,0.333,0.333] | v4:G2[0.333,0.333,0.334]

[TopoTrace Step 0] v0:G2[0.333,0.333,0.334] | v1:G0[0.334,0.333,0.333] | v2:G0[0.334,0.333,0.332] | v3:G2[0.333,0.333,0.333] | v4:G2[0.333,0.333,0.334]
[TopoTrace Step 0] v0:G2[0.333,0.333,0.334] | v1:G0[0.334,0.333,0.333] | v2:G0[0.334,0.333,0.332] | v3:G2[0.333,0.333,0.333] | v4:G2[0.333,0.333,0.334]
[TopoTrace Step 0] v0:G2[0.333,0.333,0.334] | v1:G0[0.334,0.333,0.333] | v2:G0[0.334,0.333,0.332] | v3:G2[0.333,0.333,0.333] | v4:G2[0.333,0.333,0.334]
[TopoTrace Step 0] v0:G2[0.333,0.333,0.334] | v1:G0[0.334,0.333,0.333] | v2:G0[0.334,0.333,0.332] | v3:G2[0.333,0.333,0.333] | v4:G2[0.333,0.333,0.334]
[TopoTrace Step 0] v0:G2[0.333,0.333,0.334] | v1:G0[0.334,0.333,0.333] | v2:G0[0.334,0.333,0.332] | v3:G2[0.333,0.333,0.333] | v4:G2[0.333,0.333,0.334]
[TopoTrace Step 0] v0:G2[0.333,0.333,0.334] | v1:G0[0.334,0.333,0.333] | v2:G0[0.334,0.333,0.332] | v3:G2[0.333,0.333,0.333] | v4:G2[0.333,0.333,0.334]
[TopoTrace Step 0] v0:G2[0.333,0.333,0.334] | v1:G0[0.334,0.333,0.333] | v2:G0[0.334,0.333,0.332] | v3:G2[0.333,0.333,0.333] | v4:G2[0.333,0.333,0.334]
[TopoTrace Step 0] v0:G2[0.333,0.333,0.334] | v1:G0[0.334,0.333,0.333] | v2:G0[0.334,0.333,0.332] | v3:G2[0.333,0.333,0.333] | v4:G2[0.333,0.333,0.334]
[TopoTrace Step 0] v0:G2[0.333,0.333,0.334] | v1:G0[0.334,0.333,0.333] | v2:G0[0.334,0.333,0.332] | v3:G2[0.333,0.333,0.333] | v4:G2[0.333,0.333,0.334]
[TopoTrace Step 0] v0:G2[0.333,0.333,0.334] | v1:G0[0.334,0.333,0.333] | v2:G0[0.334,0.333,0.332] | v3:G2[0.333,0.333,0.333] | v4:G2[0.333,0.333,0.334]
[TopoTrace Step 0] v0:G2[0.333,0.333,0.334] | v1:G0[0.334,0.333,0.333] | v2:G0[0.334,0.333,0.332] | v3:G2[0.333,0.333,0.333] | v4:G2[0.333,0.333,0.334][TopoTrace Step 0] v0:G2[0.333,0.333,0.334] | v1:G0[0.334,0.333,0.333] | v2:G0[0.334,0.333,0.332] | v3:G2[0.333,0.333,0.333] | v4:G2[0.333,0.333,0.334]

[TopoTrace Step 0] v0:G2[0.333,0.333,0.334] | v1:G0[0.334,0.333,0.333] | v2:G0[0.334,0.333,0.332] | v3:G2[0.333,0.333,0.333] | v4:G2[0.333,0.333,0.334]
[TopoTrace Step 0] v0:G2[0.333,0.333,0.334] | v1:G0[0.334,0.333,0.333] | v2:G0[0.334,0.333,0.332] | v3:G2[0.333,0.333,0.333] | v4:G2[0.333,0.333,0.334]
[TopoTrace Step 0] v0:G2[0.333,0.333,0.334] | v1:G0[0.334,0.333,0.333] | v2:G0[0.334,0.333,0.332] | v3:G2[0.333,0.333,0.333] | v4:G2[0.333,0.333,0.334]
[TopoTrace Step 0] v0:G2[0.333,0.333,0.334] | v1:G0[0.334,0.333,0.333] | v2:G0[0.334,0.333,0.332] | v3:G2[0.333,0.333,0.333] | v4:G2[0.333,0.333,0.334]
[TopoTrace Step 0] v0:G2[0.333,0.333,0.334] | v1:G0[0.334,0.333,0.333] | v2:G0[0.334,0.333,0.332] | v3:G2[0.333,0.333,0.333] | v4:G2[0.333,0.333,0.334]
[TopoTrace Step 0] v0:G2[0.333,0.333,0.334] | v1:G0[0.334,0.333,0.333] | v2:G0[0.334,0.333,0.332] | v3:G2[0.333,0.333,0.333] | v4:G2[0.333,0.333,0.334]
[TopoTrace Step 0] v0:G2[0.333,0.333,0.334] | v1:G0[0.334,0.333,0.333] | v2:G0[0.334,0.333,0.332] | v3:G2[0.333,0.333,0.333] | v4:G2[0.333,0.333,0.334][TopoTrace Step 0] v0:G2[0.333,0.333,0.334] | v1:G0[0.334,0.333,0.333] | v2:G0[0.334,0.333,0.332] | v3:G2[0.333,0.333,0.333] | v4:G2[0.333,0.333,0.334]

[TopoTrace Step 0] v0:G2[0.333,0.333,0.334] | v1:G0[0.334,0.333,0.333] | v2:G0[0.334,0.333,0.332] | v3:G2[0.333,0.333,0.333] | v4:G2[0.333,0.333,0.334]
[TopoTrace Step 0] v0:G2[0.333,0.333,0.334] | v1:G0[0.334,0.333,0.333] | v2:G0[0.334,0.333,0.332] | v3:G2[0.333,0.333,0.333] | v4:G2[0.333,0.333,0.334]
[TopoTrace Step 0] v0:G2[0.333,0.333,0.334] | v1:G0[0.334,0.333,0.333] | v2:G0[0.334,0.333,0.332] | v3:G2[0.333,0.333,0.333] | v4:G2[0.333,0.333,0.334][TopoTrace Step 0] v0:G2[0.333,0.333,0.334] | v1:G0[0.334,0.333,0.333] | v2:G0[0.334,0.333,0.332] | v3:G2[0.333,0.333,0.333] | v4:G2[0.333,0.333,0.334]

[TopoTrace Step 0] v0:G2[0.333,0.333,0.334] | v1:G0[0.334,0.333,0.333] | v2:G0[0.334,0.333,0.332] | v3:G2[0.333,0.333,0.333] | v4:G2[0.333,0.333,0.334]
[TopoTrace Step 0] v0:G2[0.333,0.333,0.334] | v1:G0[0.334,0.333,0.333] | v2:G0[0.334,0.333,0.332] | v3:G2[0.333,0.333,0.333] | v4:G2[0.333,0.333,0.334]
[TopoTrace Step 0] v0:G2[0.333,0.333,0.334] | v1:G0[0.334,0.333,0.333] | v2:G0[0.334,0.333,0.332] | v3:G2[0.333,0.333,0.333] | v4:G2[0.333,0.333,0.334][TopoTrace Step 0] v0:G2[0.333,0.333,0.334] | v1:G0[0.334,0.333,0.333] | v2:G0[0.334,0.333,0.332] | v3:G2[0.333,0.333,0.333] | v4:G2[0.333,0.333,0.334]

[TopoTrace Step 0] v0:G2[0.333,0.333,0.334] | v1:G0[0.334,0.333,0.333] | v2:G0[0.334,0.333,0.332] | v3:G2[0.333,0.333,0.333] | v4:G2[0.333,0.333,0.334]
[TopoTrace Step 0] v0:G2[0.333,0.333,0.334] | v1:G0[0.334,0.333,0.333] | v2:G0[0.334,0.333,0.332] | v3:G2[0.333,0.333,0.333] | v4:G2[0.333,0.333,0.334]
[TopoTrace Step 0] v0:G2[0.333,0.333,0.334] | v1:G0[0.334,0.333,0.333] | v2:G0[0.334,0.333,0.332] | v3:G2[0.333,0.333,0.333] | v4:G2[0.333,0.333,0.334][TopoTrace Step 0] v0:G2[0.333,0.333,0.334] | v1:G0[0.334,0.333,0.333] | v2:G0[0.334,0.333,0.332] | v3:G2[0.333,0.333,0.333] | v4:G2[0.333,0.333,0.334]

[TopoTrace Step 0] v0:G2[0.333,0.333,0.334] | v1:G0[0.334,0.333,0.333] | v2:G0[0.334,0.333,0.332] | v3:G2[0.333,0.333,0.334] | v4:G2[0.333,0.333,0.334]
[TopoTrace Step 0] v0:G2[0.333,0.333,0.334] | v1:G0[0.334,0.333,0.333] | v2:G0[0.334,0.333,0.332] | v3:G2[0.333,0.333,0.334] | v4:G2[0.333,0.333,0.334]
[TopoTrace Step 0] v0:G2[0.333,0.333,0.334] | v1:G0[0.334,0.333,0.333] | v2:G0[0.334,0.333,0.332] | v3:G2[0.333,0.333,0.334] | v4:G2[0.333,0.333,0.334]
[TopoTrace Step 0] v0:G2[0.333,0.333,0.334] | v1:G0[0.334,0.333,0.333] | v2:G0[0.334,0.333,0.332] | v3:G2[0.333,0.333,0.334] | v4:G2[0.333,0.333,0.334]
[TopoTrace Step 0] v0:G2[0.333,0.333,0.334] | v1:G0[0.334,0.333,0.333] | v2:G0[0.334,0.333,0.332] | v3:G2[0.333,0.333,0.334] | v4:G2[0.333,0.333,0.334]
[TopoTrace Step 0] v0:G2[0.333,0.333,0.334] | v1:G0[0.334,0.333,0.333] | v2:G0[0.334,0.333,0.332] | v3:G2[0.333,0.333,0.334] | v4:G2[0.333,0.333,0.334]
[TopoTrace Step 0] v0:G2[0.333,0.333,0.334] | v1:G0[0.334,0.333,0.333] | v2:G0[0.334,0.333,0.332] | v3:G2[0.333,0.333,0.334] | v4:G2[0.333,0.333,0.334]
[TopoTrace Step 0] v0:G2[0.333,0.333,0.334] | v1:G0[0.334,0.333,0.333] | v2:G0[0.334,0.333,0.332] | v3:G2[0.333,0.333,0.334] | v4:G2[0.333,0.333,0.334]
[TopoTrace Step 0] v0:G2[0.333,0.333,0.334] | v1:G0[0.334,0.333,0.333] | v2:G0[0.334,0.333,0.332] | v3:G2[0.333,0.333,0.334] | v4:G2[0.333,0.333,0.334]
[TopoTrace Step 0] v0:G2[0.333,0.333,0.334] | v1:G0[0.334,0.333,0.333] | v2:G0[0.334,0.333,0.332] | v3:G2[0.333,0.333,0.334] | v4:G2[0.333,0.333,0.334]
[TopoTrace Step 0] v0:G2[0.333,0.333,0.334] | v1:G0[0.334,0.333,0.333] | v2:G0[0.334,0.333,0.332] | v3:G2[0.333,0.333,0.334] | v4:G2[0.333,0.333,0.334]
[TopoTrace Step 0] v0:G2[0.333,0.333,0.334] | v1:G0[0.334,0.333,0.333] | v2:G0[0.334,0.333,0.332] | v3:G2[0.333,0.333,0.334] | v4:G2[0.333,0.333,0.334]
[TopoTrace Step 0] v0:G2[0.333,0.333,0.334] | v1:G0[0.334,0.333,0.333] | v2:G0[0.334,0.333,0.332] | v3:G2[0.333,0.333,0.334] | v4:G2[0.333,0.333,0.334]
[TopoTrace Step 0] v0:G2[0.333,0.333,0.334] | v1:G0[0.334,0.333,0.333] | v2:G0[0.334,0.333,0.332] | v3:G2[0.333,0.333,0.334] | v4:G2[0.333,0.333,0.334]
[TopoTrace Step 0] v0:G2[0.333,0.333,0.334] | v1:G0[0.334,0.333,0.333] | v2:G0[0.334,0.333,0.332] | v3:G2[0.333,0.333,0.334] | v4:G2[0.333,0.333,0.334][TopoTrace Step 0] v0:G2[0.333,0.333,0.334] | v1:G0[0.334,0.333,0.333] | v2:G0[0.334,0.333,0.332] | v3:G2[0.333,0.333,0.334] | v4:G2[0.333,0.333,0.334]

[TopoTrace Step 0] v0:G2[0.333,0.333,0.334] | v1:G0[0.334,0.333,0.333] | v2:G0[0.334,0.333,0.332] | v3:G2[0.333,0.333,0.334] | v4:G2[0.333,0.333,0.334]
[TopoTrace Step 0] v0:G2[0.333,0.333,0.334] | v1:G0[0.334,0.333,0.333] | v2:G0[0.334,0.333,0.332] | v3:G2[0.333,0.333,0.334] | v4:G2[0.333,0.333,0.334]
[TopoTrace Step 0] v0:G2[0.333,0.333,0.334] | v1:G0[0.334,0.333,0.333] | v2:G0[0.334,0.333,0.332] | v3:G2[0.333,0.333,0.334] | v4:G2[0.333,0.333,0.334][TopoTrace Step 0] v0:G2[0.333,0.333,0.334] | v1:G0[0.334,0.333,0.333] | v2:G0[0.334,0.333,0.332] | v3:G2[0.333,0.333,0.334] | v4:G2[0.333,0.333,0.334]

[TopoTrace Step 0] v0:G2[0.333,0.333,0.334] | v1:G0[0.334,0.333,0.333] | v2:G0[0.334,0.333,0.332] | v3:G2[0.333,0.333,0.334] | v4:G2[0.333,0.333,0.334]
[TopoTrace Step 0] v0:G2[0.333,0.333,0.334] | v1:G0[0.334,0.333,0.333] | v2:G0[0.334,0.333,0.332] | v3:G2[0.333,0.333,0.334] | v4:G2[0.333,0.333,0.334]
[TopoTrace Step 0] v0:G2[0.333,0.333,0.334] | v1:G0[0.334,0.333,0.333] | v2:G0[0.334,0.333,0.332] | v3:G2[0.333,0.333,0.334] | v4:G2[0.333,0.333,0.334][TopoTrace Step 0] v0:G2[0.333,0.333,0.334] | v1:G0[0.334,0.333,0.333] | v2:G0[0.334,0.333,0.332] | v3:G2[0.333,0.333,0.334] | v4:G2[0.333,0.333,0.334]

[TopoTrace Step 0] v0:G2[0.333,0.333,0.334] | v1:G0[0.334,0.333,0.333] | v2:G0[0.334,0.333,0.332] | v3:G2[0.333,0.333,0.334] | v4:G2[0.333,0.333,0.334]
[TopoTrace Step 0] v0:G2[0.333,0.333,0.334] | v1:G0[0.334,0.333,0.333] | v2:G0[0.334,0.333,0.332] | v3:G2[0.333,0.333,0.334] | v4:G2[0.333,0.333,0.334]
[TopoTrace Step 0] v0:G2[0.333,0.333,0.334] | v1:G0[0.334,0.333,0.333] | v2:G0[0.334,0.333,0.332] | v3:G2[0.333,0.333,0.334] | v4:G2[0.333,0.333,0.334]
[TopoTrace Step 0] v0:G2[0.333,0.333,0.334] | v1:G0[0.334,0.333,0.333] | v2:G0[0.334,0.333,0.332] | v3:G2[0.333,0.333,0.334] | v4:G2[0.333,0.333,0.334]
[TopoTrace Step 0] v0:G2[0.333,0.333,0.334] | v1:G0[0.334,0.333,0.333] | v2:G0[0.334,0.333,0.332] | v3:G2[0.333,0.333,0.334] | v4:G2[0.333,0.333,0.334]
[TopoTrace Step 0] v0:G2[0.333,0.333,0.334] | v1:G0[0.334,0.333,0.333] | v2:G0[0.334,0.333,0.332] | v3:G2[0.333,0.333,0.334] | v4:G2[0.333,0.333,0.334]
[TopoTrace Step 0] v0:G2[0.333,0.333,0.334] | v1:G0[0.334,0.333,0.333] | v2:G0[0.334,0.333,0.332] | v3:G2[0.333,0.333,0.334] | v4:G2[0.333,0.333,0.334][TopoTrace Step 0] v0:G2[0.333,0.333,0.334] | v1:G0[0.334,0.333,0.333] | v2:G0[0.334,0.333,0.332] | v3:G2[0.333,0.333,0.334] | v4:G2[0.333,0.333,0.334]

[TopoTrace Step 0] v0:G2[0.333,0.333,0.334] | v1:G0[0.334,0.333,0.333] | v2:G0[0.334,0.333,0.332] | v3:G2[0.333,0.333,0.334] | v4:G2[0.333,0.333,0.334]
[TopoTrace Step 0] v0:G2[0.333,0.333,0.334] | v1:G0[0.334,0.333,0.333] | v2:G0[0.334,0.333,0.332] | v3:G2[0.333,0.333,0.334] | v4:G2[0.333,0.333,0.334]
[TopoTrace Step 0] v0:G2[0.333,0.333,0.334] | v1:G0[0.334,0.333,0.333] | v2:G0[0.334,0.333,0.332] | v3:G2[0.333,0.333,0.334] | v4:G2[0.333,0.333,0.334]
[TopoTrace Step 0] v0:G2[0.333,0.333,0.334] | v1:G0[0.334,0.333,0.333] | v2:G0[0.334,0.333,0.332] | v3:G2[0.333,0.333,0.334] | v4:G2[0.333,0.333,0.334]
[TopoTrace Step 0] v0:G2[0.333,0.333,0.334] | v1:G0[0.334,0.333,0.333] | v2:G0[0.334,0.333,0.332] | v3:G2[0.333,0.333,0.334] | v4:G2[0.333,0.333,0.334]
[TopoTrace Step 0] v0:G2[0.333,0.333,0.334] | v1:G0[0.334,0.333,0.333] | v2:G0[0.334,0.333,0.332] | v3:G2[0.333,0.333,0.334] | v4:G2[0.333,0.333,0.334]
[TopoTrace Step 0] v0:G2[0.333,0.333,0.334] | v1:G0[0.334,0.333,0.333] | v2:G0[0.334,0.333,0.332] | v3:G2[0.333,0.333,0.334] | v4:G2[0.333,0.333,0.334][TopoTrace Step 0] v0:G2[0.333,0.333,0.334] | v1:G0[0.334,0.333,0.333] | v2:G0[0.334,0.333,0.332] | v3:G2[0.333,0.333,0.334] | v4:G2[0.333,0.333,0.334]

[TopoTrace Step 0] v0:G2[0.333,0.333,0.334] | v1:G0[0.334,0.333,0.333] | v2:G0[0.334,0.333,0.332] | v3:G2[0.333,0.333,0.334] | v4:G2[0.333,0.333,0.334]
[TopoTrace Step 0] v0:G2[0.333,0.333,0.334] | v1:G0[0.334,0.333,0.333] | v2:G0[0.334,0.333,0.332] | v3:G2[0.333,0.333,0.334] | v4:G2[0.333,0.333,0.334]
[TopoTrace Step 0] v0:G2[0.333,0.333,0.334] | v1:G0[0.334,0.333,0.333] | v2:G0[0.334,0.333,0.332] | v3:G2[0.333,0.333,0.334] | v4:G2[0.333,0.333,0.334][TopoTrace Step 0] v0:G2[0.333,0.333,0.334] | v1:G0[0.334,0.333,0.333] | v2:G0[0.334,0.333,0.332] | v3:G2[0.333,0.333,0.334] | v4:G2[0.333,0.333,0.334]

[TopoTrace Step 0] v0:G2[0.333,0.333,0.334] | v1:G0[0.334,0.333,0.333] | v2:G0[0.334,0.333,0.332] | v3:G2[0.333,0.333,0.334] | v4:G2[0.333,0.333,0.334]
[TopoTrace Step 0] v0:G2[0.333,0.333,0.334] | v1:G0[0.334,0.333,0.333] | v2:G0[0.334,0.333,0.332] | v3:G2[0.333,0.333,0.334] | v4:G2[0.333,0.333,0.334]
[TopoTrace Step 0] v0:G2[0.333,0.333,0.334] | v1:G0[0.334,0.333,0.333] | v2:G0[0.334,0.333,0.332] | v3:G2[0.333,0.333,0.334] | v4:G2[0.333,0.333,0.334]
[TopoTrace Step 0] v0:G2[0.333,0.333,0.334] | v1:G0[0.334,0.333,0.333] | v2:G0[0.334,0.333,0.332] | v3:G2[0.333,0.333,0.334] | v4:G2[0.333,0.333,0.334]
[TopoTrace Step 0] v0:G2[0.333,0.333,0.334] | v1:G0[0.334,0.333,0.333] | v2:G0[0.334,0.333,0.332] | v3:G2[0.333,0.333,0.334] | v4:G2[0.333,0.333,0.334]
[TopoTrace Step 0] v0:G2[0.333,0.333,0.334] | v1:G0[0.334,0.333,0.333] | v2:G0[0.334,0.333,0.332] | v3:G2[0.333,0.333,0.334] | v4:G2[0.333,0.333,0.334]
[TopoTrace Step 0] v0:G2[0.333,0.333,0.334] | v1:G0[0.334,0.333,0.333] | v2:G0[0.334,0.333,0.332] | v3:G2[0.333,0.333,0.334] | v4:G2[0.333,0.333,0.334][TopoTrace Step 0] v0:G2[0.333,0.333,0.334] | v1:G0[0.334,0.333,0.333] | v2:G0[0.334,0.333,0.332] | v3:G2[0.333,0.333,0.334] | v4:G2[0.333,0.333,0.334]

[TopoTrace Step 0] v0:G2[0.333,0.333,0.334] | v1:G0[0.334,0.333,0.333] | v2:G0[0.334,0.333,0.332] | v3:G2[0.333,0.333,0.334] | v4:G2[0.333,0.333,0.334]
[TopoTrace Step 0] v0:G2[0.333,0.333,0.334] | v1:G0[0.334,0.333,0.333] | v2:G0[0.334,0.333,0.332] | v3:G2[0.333,0.333,0.334] | v4:G2[0.333,0.333,0.334]
[TopoTrace Step 0] v0:G2[0.333,0.333,0.334] | v1:G0[0.334,0.333,0.333] | v2:G0[0.334,0.333,0.332] | v3:G2[0.333,0.333,0.334] | v4:G2[0.333,0.333,0.334]
[TopoTrace Step 0] v0:G2[0.333,0.333,0.334] | v1:G0[0.334,0.333,0.333] | v2:G0[0.334,0.333,0.332] | v3:G2[0.333,0.333,0.334] | v4:G2[0.333,0.333,0.334]
[TopoTrace Step 0] v0:G2[0.333,0.333,0.334] | v1:G0[0.334,0.333,0.333] | v2:G0[0.334,0.333,0.332] | v3:G2[0.333,0.333,0.334] | v4:G2[0.333,0.333,0.334]
[TopoTrace Step 0] v0:G2[0.333,0.333,0.334] | v1:G0[0.334,0.333,0.333] | v2:G0[0.334,0.333,0.332] | v3:G2[0.333,0.333,0.334] | v4:G2[0.333,0.333,0.334]
[TopoTrace Step 0] v0:G2[0.333,0.333,0.334] | v1:G0[0.334,0.333,0.333] | v2:G0[0.334,0.333,0.332] | v3:G2[0.333,0.333,0.334] | v4:G2[0.333,0.333,0.334]
[TopoTrace Step 0] v0:G2[0.333,0.333,0.334] | v1:G0[0.334,0.333,0.333] | v2:G0[0.334,0.333,0.332] | v3:G2[0.333,0.333,0.334] | v4:G2[0.333,0.333,0.334]
[TopoTrace Step 0] v0:G2[0.333,0.333,0.334] | v1:G0[0.334,0.333,0.333] | v2:G0[0.334,0.333,0.332] | v3:G2[0.333,0.333,0.334] | v4:G2[0.333,0.333,0.334]
[TopoTrace Step 0] v0:G2[0.333,0.333,0.334] | v1:G0[0.334,0.333,0.333] | v2:G0[0.334,0.333,0.332] | v3:G2[0.333,0.333,0.334] | v4:G2[0.333,0.333,0.334]
[TopoTrace Step 0] v0:G2[0.333,0.333,0.334] | v1:G0[0.334,0.333,0.333] | v2:G0[0.334,0.333,0.332] | v3:G2[0.333,0.333,0.334] | v4:G2[0.333,0.333,0.334][TopoTrace Step 0] v0:G2[0.333,0.333,0.334] | v1:G0[0.334,0.333,0.333] | v2:G0[0.334,0.333,0.332] | v3:G2[0.333,0.333,0.334] | v4:G2[0.333,0.333,0.334]

[TopoTrace Step 0] v0:G2[0.333,0.333,0.334] | v1:G0[0.334,0.333,0.333] | v2:G0[0.334,0.333,0.332] | v3:G2[0.333,0.333,0.334] | v4:G2[0.333,0.333,0.334]
[TopoTrace Step 0] v0:G2[0.333,0.333,0.334] | v1:G0[0.334,0.333,0.333] | v2:G0[0.334,0.333,0.332] | v3:G2[0.333,0.333,0.334] | v4:G2[0.333,0.333,0.334]
[TopoTrace Step 0] v0:G2[0.333,0.333,0.334] | v1:G0[0.334,0.333,0.333] | v2:G0[0.334,0.333,0.332] | v3:G2[0.333,0.333,0.334] | v4:G2[0.333,0.333,0.334]
[TopoTrace Step 0] v0:G2[0.333,0.333,0.334] | v1:G0[0.334,0.333,0.333] | v2:G0[0.334,0.333,0.332] | v3:G2[0.333,0.333,0.334] | v4:G2[0.333,0.333,0.334]
[TopoTrace Step 0] v0:G2[0.333,0.333,0.334] | v1:G0[0.334,0.333,0.333] | v2:G0[0.334,0.333,0.332] | v3:G2[0.333,0.333,0.334] | v4:G2[0.333,0.333,0.334]
[TopoTrace Step 0] v0:G2[0.333,0.333,0.334] | v1:G0[0.334,0.333,0.333] | v2:G0[0.334,0.333,0.332] | v3:G2[0.333,0.333,0.334] | v4:G2[0.333,0.333,0.334]
[TopoTrace Step 0] v0:G2[0.333,0.333,0.334] | v1:G0[0.334,0.333,0.333] | v2:G0[0.334,0.333,0.332] | v3:G2[0.333,0.333,0.334] | v4:G2[0.333,0.333,0.334]
[TopoTrace Step 0] v0:G2[0.333,0.333,0.334] | v1:G0[0.334,0.333,0.333] | v2:G0[0.334,0.333,0.332] | v3:G2[0.333,0.333,0.334] | v4:G2[0.333,0.333,0.334]
[TopoTrace Step 0] v0:G2[0.333,0.333,0.334] | v1:G0[0.334,0.333,0.333] | v2:G0[0.334,0.333,0.332] | v3:G2[0.333,0.333,0.334] | v4:G2[0.333,0.333,0.334]
[TopoTrace Step 0] v0:G2[0.333,0.333,0.334] | v1:G0[0.334,0.333,0.333] | v2:G0[0.334,0.333,0.332] | v3:G2[0.333,0.333,0.334] | v4:G2[0.333,0.333,0.334]
[TopoTrace Step 0] v0:G2[0.333,0.333,0.334] | v1:G0[0.334,0.333,0.333] | v2:G0[0.334,0.333,0.332] | v3:G2[0.333,0.333,0.334] | v4:G2[0.333,0.333,0.334][TopoTrace Step 0] v0:G2[0.333,0.333,0.334] | v1:G0[0.334,0.333,0.333] | v2:G0[0.334,0.333,0.332] | v3:G2[0.333,0.333,0.334] | v4:G2[0.333,0.333,0.334]

[TopoTrace Step 0] v0:G2[0.333,0.333,0.334] | v1:G0[0.334,0.333,0.333] | v2:G0[0.334,0.333,0.332] | v3:G2[0.333,0.333,0.334] | v4:G2[0.333,0.333,0.334]
[TopoTrace Step 0] v0:G2[0.333,0.333,0.334] | v1:G0[0.334,0.333,0.333] | v2:G0[0.334,0.333,0.332] | v3:G2[0.333,0.333,0.334] | v4:G2[0.333,0.333,0.334]
[TopoTrace Step 0] v0:G2[0.333,0.333,0.334] | v1:G0[0.334,0.333,0.333] | v2:G0[0.334,0.333,0.332] | v3:G2[0.333,0.333,0.334] | v4:G2[0.333,0.333,0.334]
[TopoTrace Step 0] v0:G2[0.333,0.333,0.334] | v1:G0[0.334,0.333,0.333] | v2:G0[0.334,0.333,0.332] | v3:G2[0.333,0.333,0.334] | v4:G2[0.333,0.333,0.334]
[TopoTrace Step 0] v0:G2[0.333,0.333,0.334] | v1:G0[0.334,0.333,0.333] | v2:G0[0.334,0.333,0.332] | v3:G2[0.333,0.333,0.334] | v4:G2[0.333,0.333,0.334]
[TopoTrace Step 0] v0:G2[0.333,0.333,0.334] | v1:G0[0.334,0.333,0.333] | v2:G0[0.334,0.333,0.332] | v3:G2[0.333,0.333,0.334] | v4:G2[0.333,0.333,0.334]
[TopoTrace Step 0] v0:G2[0.333,0.333,0.334] | v1:G0[0.334,0.333,0.333] | v2:G0[0.334,0.333,0.332] | v3:G2[0.333,0.333,0.334] | v4:G2[0.333,0.333,0.334][TopoTrace Step 0] v0:G2[0.333,0.333,0.334] | v1:G0[0.334,0.333,0.333] | v2:G0[0.334,0.333,0.332] | v3:G2[0.333,0.333,0.334] | v4:G2[0.333,0.333,0.334]

[TopoTrace Step 0] v0:G2[0.333,0.333,0.334] | v1:G0[0.334,0.333,0.333] | v2:G0[0.334,0.333,0.332] | v3:G2[0.333,0.333,0.334] | v4:G2[0.333,0.333,0.334]
[TopoTrace Step 0] v0:G2[0.333,0.333,0.334] | v1:G0[0.334,0.333,0.333] | v2:G0[0.334,0.333,0.332] | v3:G2[0.333,0.333,0.334] | v4:G2[0.333,0.333,0.334]
[TopoTrace Step 0] v0:G2[0.333,0.333,0.334] | v1:G0[0.334,0.333,0.333] | v2:G0[0.334,0.333,0.332] | v3:G2[0.333,0.333,0.334] | v4:G2[0.333,0.333,0.334]
[TopoTrace Step 0] v0:G2[0.333,0.333,0.334] | v1:G0[0.334,0.333,0.333] | v2:G0[0.334,0.333,0.332] | v3:G2[0.333,0.333,0.334] | v4:G2[0.333,0.333,0.334]
[TopoTrace Step 0] v0:G2[0.333,0.333,0.334] | v1:G0[0.334,0.333,0.333] | v2:G0[0.334,0.333,0.332] | v3:G2[0.333,0.333,0.334] | v4:G2[0.333,0.333,0.334]
[TopoTrace Step 0] v0:G2[0.333,0.333,0.334] | v1:G0[0.334,0.333,0.333] | v2:G0[0.334,0.333,0.332] | v3:G2[0.333,0.333,0.334] | v4:G2[0.333,0.333,0.334]
[TopoTrace Step 0] v0:G2[0.333,0.333,0.334] | v1:G0[0.334,0.333,0.333] | v2:G0[0.334,0.333,0.332] | v3:G2[0.333,0.333,0.334] | v4:G2[0.333,0.333,0.334]
[TopoTrace Step 0] v0:G2[0.333,0.333,0.334] | v1:G0[0.334,0.333,0.333] | v2:G0[0.334,0.333,0.332] | v3:G2[0.333,0.333,0.334] | v4:G2[0.333,0.333,0.334]
[TopoTrace Step 0] v0:G2[0.333,0.333,0.334] | v1:G0[0.334,0.333,0.333] | v2:G0[0.334,0.333,0.332] | v3:G2[0.333,0.333,0.334] | v4:G2[0.333,0.333,0.334]
[TopoTrace Step 0] v0:G2[0.333,0.333,0.334] | v1:G0[0.334,0.333,0.333] | v2:G0[0.334,0.333,0.332] | v3:G2[0.333,0.333,0.334] | v4:G2[0.333,0.333,0.334]
[TopoTrace Step 0] v0:G2[0.333,0.333,0.334] | v1:G0[0.334,0.333,0.333] | v2:G0[0.334,0.333,0.332] | v3:G2[0.333,0.333,0.334] | v4:G2[0.333,0.333,0.334][TopoTrace Step 0] v0:G2[0.333,0.333,0.334] | v1:G0[0.334,0.333,0.333] | v2:G0[0.334,0.333,0.332] | v3:G2[0.333,0.333,0.334] | v4:G2[0.333,0.333,0.334]

[TopoTrace Step 0] v0:G2[0.333,0.333,0.334] | v1:G0[0.334,0.333,0.333] | v2:G0[0.334,0.333,0.332] | v3:G2[0.333,0.333,0.334] | v4:G2[0.333,0.333,0.334]
[TopoTrace Step 0] v0:G2[0.333,0.333,0.334] | v1:G0[0.334,0.333,0.333] | v2:G0[0.334,0.333,0.332] | v3:G2[0.333,0.333,0.334] | v4:G2[0.333,0.333,0.334]
[TopoTrace Step 0] v0:G2[0.333,0.333,0.334] | v1:G0[0.334,0.333,0.333] | v2:G0[0.334,0.333,0.332] | v3:G2[0.333,0.333,0.334] | v4:G2[0.333,0.333,0.334]
[TopoTrace Step 0] v0:G2[0.333,0.333,0.334] | v1:G0[0.334,0.333,0.333] | v2:G0[0.334,0.333,0.332] | v3:G2[0.333,0.333,0.334] | v4:G2[0.333,0.333,0.334]
[TopoTrace Step 0] v0:G2[0.333,0.333,0.334] | v1:G0[0.334,0.333,0.333] | v2:G0[0.334,0.333,0.332] | v3:G2[0.333,0.333,0.334] | v4:G2[0.333,0.333,0.334]
[TopoTrace Step 0] v0:G2[0.333,0.333,0.334] | v1:G0[0.334,0.333,0.333] | v2:G0[0.334,0.333,0.332] | v3:G2[0.333,0.333,0.334] | v4:G2[0.333,0.333,0.334]
[TopoTrace Step 0] v0:G2[0.333,0.333,0.334] | v1:G0[0.334,0.333,0.333] | v2:G0[0.334,0.333,0.332] | v3:G2[0.333,0.333,0.334] | v4:G2[0.333,0.333,0.334]
[TopoTrace Step 0] v0:G2[0.333,0.333,0.334] | v1:G0[0.334,0.333,0.333] | v2:G0[0.334,0.333,0.332] | v3:G2[0.333,0.333,0.334] | v4:G2[0.333,0.333,0.334]
[TopoTrace Step 0] v0:G2[0.333,0.333,0.334] | v1:G0[0.334,0.333,0.333] | v2:G0[0.334,0.333,0.332] | v3:G2[0.333,0.333,0.334] | v4:G2[0.333,0.333,0.334]
[TopoTrace Step 0] v0:G2[0.333,0.333,0.334] | v1:G0[0.334,0.333,0.333] | v2:G0[0.334,0.333,0.332] | v3:G2[0.333,0.333,0.334] | v4:G2[0.333,0.333,0.334]
[TopoTrace Step 0] v0:G2[0.333,0.333,0.334] | v1:G0[0.334,0.333,0.333] | v2:G0[0.334,0.333,0.332] | v3:G2[0.333,0.333,0.334] | v4:G2[0.333,0.333,0.334][TopoTrace Step 0] v0:G2[0.333,0.333,0.334] | v1:G0[0.334,0.333,0.333] | v2:G0[0.334,0.333,0.332] | v3:G2[0.333,0.333,0.334] | v4:G2[0.333,0.333,0.334]

[TopoTrace Step 0] v0:G2[0.333,0.333,0.334] | v1:G0[0.334,0.333,0.333] | v2:G0[0.334,0.333,0.332] | v3:G2[0.333,0.333,0.334] | v4:G2[0.333,0.333,0.334]
[TopoTrace Step 0] v0:G2[0.333,0.333,0.334] | v1:G0[0.334,0.333,0.333] | v2:G0[0.334,0.333,0.332] | v3:G2[0.333,0.333,0.334] | v4:G2[0.333,0.333,0.334]
[TopoTrace Step 0] v0:G2[0.333,0.333,0.334] | v1:G0[0.334,0.333,0.333] | v2:G0[0.334,0.333,0.332] | v3:G2[0.333,0.333,0.334] | v4:G2[0.333,0.333,0.334][TopoTrace Step 0] v0:G2[0.333,0.333,0.334] | v1:G0[0.334,0.333,0.333] | v2:G0[0.334,0.333,0.332] | v3:G2[0.333,0.333,0.334] | v4:G2[0.333,0.333,0.334]

[TopoTrace Step 0] v0:G2[0.333,0.333,0.334] | v1:G0[0.334,0.333,0.333] | v2:G0[0.334,0.333,0.332] | v3:G2[0.333,0.333,0.334] | v4:G2[0.333,0.333,0.334]
[TopoTrace Step 0] v0:G2[0.333,0.333,0.334] | v1:G0[0.334,0.333,0.333] | v2:G0[0.334,0.333,0.332] | v3:G2[0.333,0.333,0.334] | v4:G2[0.333,0.333,0.334]
[TopoTrace Step 0] v0:G2[0.333,0.333,0.334] | v1:G0[0.334,0.333,0.333] | v2:G0[0.334,0.333,0.332] | v3:G2[0.333,0.333,0.334] | v4:G2[0.333,0.333,0.334]
[TopoTrace Step 0] v0:G2[0.333,0.333,0.334] | v1:G0[0.334,0.333,0.333] | v2:G0[0.334,0.333,0.332] | v3:G2[0.333,0.333,0.334] | v4:G2[0.333,0.333,0.334]
[TopoTrace Step 0] v0:G2[0.333,0.333,0.334] | v1:G0[0.334,0.333,0.333] | v2:G0[0.334,0.333,0.332] | v3:G2[0.333,0.333,0.334] | v4:G2[0.333,0.333,0.334]
[TopoTrace Step 0] v0:G2[0.333,0.333,0.334] | v1:G0[0.334,0.333,0.333] | v2:G0[0.334,0.333,0.332] | v3:G2[0.333,0.333,0.334] | v4:G2[0.333,0.333,0.334]
[TopoTrace Step 0] v0:G2[0.333,0.333,0.334] | v1:G0[0.334,0.333,0.333] | v2:G0[0.334,0.333,0.332] | v3:G2[0.333,0.333,0.334] | v4:G2[0.333,0.333,0.334]
[TopoTrace Step 0] v0:G2[0.333,0.333,0.334] | v1:G0[0.334,0.333,0.333] | v2:G0[0.334,0.333,0.332] | v3:G2[0.333,0.333,0.334] | v4:G2[0.333,0.333,0.334]
[TopoTrace Step 0] v0:G2[0.333,0.333,0.334] | v1:G0[0.334,0.333,0.333] | v2:G0[0.334,0.333,0.332] | v3:G2[0.333,0.333,0.334] | v4:G2[0.333,0.333,0.334]
[TopoTrace Step 0] v0:G2[0.333,0.333,0.334] | v1:G0[0.334,0.333,0.333] | v2:G0[0.334,0.333,0.332] | v3:G2[0.333,0.333,0.334] | v4:G2[0.333,0.333,0.334]
[TopoTrace Step 0] v0:G2[0.333,0.333,0.334] | v1:G0[0.334,0.333,0.333] | v2:G0[0.334,0.333,0.332] | v3:G2[0.333,0.333,0.334] | v4:G2[0.333,0.333,0.334]
[TopoTrace Step 0] v0:G2[0.333,0.333,0.334] | v1:G0[0.334,0.333,0.333] | v2:G0[0.334,0.333,0.332] | v3:G2[0.333,0.333,0.334] | v4:G2[0.333,0.333,0.334]
[TopoTrace Step 0] v0:G2[0.333,0.333,0.334] | v1:G0[0.334,0.333,0.333] | v2:G0[0.334,0.333,0.332] | v3:G2[0.333,0.333,0.334] | v4:G2[0.333,0.333,0.334]
[TopoTrace Step 0] v0:G2[0.333,0.333,0.334] | v1:G0[0.334,0.333,0.333] | v2:G0[0.334,0.333,0.332] | v3:G2[0.333,0.333,0.334] | v4:G2[0.333,0.333,0.334]
[TopoTrace Step 0] v0:G2[0.333,0.333,0.334] | v1:G0[0.334,0.333,0.333] | v2:G0[0.334,0.333,0.332] | v3:G2[0.333,0.333,0.334] | v4:G2[0.333,0.333,0.334]
[TopoTrace Step 0] v0:G2[0.333,0.333,0.334] | v1:G0[0.334,0.333,0.333] | v2:G0[0.334,0.333,0.332] | v3:G2[0.333,0.333,0.334] | v4:G2[0.333,0.333,0.334]
[TopoTrace Step 0] v0:G2[0.333,0.333,0.334] | v1:G0[0.334,0.333,0.333] | v2:G0[0.334,0.333,0.332] | v3:G2[0.333,0.333,0.334] | v4:G2[0.333,0.333,0.334]
[TopoTrace Step 0] v0:G2[0.333,0.333,0.334] | v1:G0[0.334,0.333,0.333] | v2:G0[0.334,0.333,0.332] | v3:G2[0.333,0.333,0.334] | v4:G2[0.333,0.333,0.334]
[TopoTrace Step 0] v0:G2[0.333,0.333,0.334] | v1:G0[0.334,0.333,0.333] | v2:G0[0.334,0.333,0.332] | v3:G2[0.333,0.333,0.334] | v4:G2[0.333,0.333,0.334]
[TopoTrace Step 0] v0:G2[0.333,0.333,0.334] | v1:G0[0.334,0.333,0.333] | v2:G0[0.334,0.333,0.332] | v3:G2[0.333,0.333,0.334] | v4:G2[0.333,0.333,0.334]
[TopoTrace Step 0] v0:G2[0.333,0.333,0.334] | v1:G0[0.334,0.333,0.333] | v2:G0[0.334,0.333,0.332] | v3:G2[0.333,0.333,0.334] | v4:G2[0.333,0.333,0.334]
[TopoTrace Step 0] v0:G2[0.333,0.333,0.334] | v1:G0[0.334,0.333,0.333] | v2:G0[0.334,0.333,0.332] | v3:G2[0.333,0.333,0.334] | v4:G2[0.333,0.333,0.334]
[TopoTrace Step 0] v0:G2[0.333,0.333,0.334] | v1:G0[0.334,0.333,0.333] | v2:G0[0.334,0.333,0.332] | v3:G2[0.333,0.333,0.334] | v4:G2[0.333,0.333,0.334][TopoTrace Step 0] v0:G2[0.333,0.333,0.334] | v1:G0[0.334,0.333,0.333] | v2:G0[0.334,0.333,0.332] | v3:G2[0.333,0.333,0.334] | v4:G2[0.333,0.333,0.334]

[TopoTrace Step 0] v0:G2[0.333,0.333,0.334] | v1:G0[0.334,0.333,0.333] | v2:G0[0.334,0.333,0.332] | v3:G2[0.333,0.333,0.334] | v4:G2[0.333,0.333,0.334]
[TopoTrace Step 0] v0:G2[0.333,0.333,0.334] | v1:G0[0.334,0.333,0.333] | v2:G0[0.334,0.333,0.332] | v3:G2[0.333,0.333,0.334] | v4:G2[0.333,0.333,0.334]
[TopoTrace Step 0] v0:G2[0.333,0.333,0.334] | v1:G0[0.334,0.333,0.333] | v2:G0[0.334,0.333,0.332] | v3:G2[0.333,0.333,0.334] | v4:G2[0.333,0.333,0.334][TopoTrace Step 0] v0:G2[0.333,0.333,0.334] | v1:G0[0.334,0.333,0.333] | v2:G0[0.334,0.333,0.332] | v3:G2[0.333,0.333,0.334] | v4:G2[0.333,0.333,0.334]

[TopoTrace Step 0] v0:G2[0.333,0.333,0.334] | v1:G0[0.334,0.333,0.333] | v2:G0[0.334,0.333,0.332] | v3:G2[0.333,0.333,0.334] | v4:G2[0.333,0.333,0.334]
[TopoTrace Step 0] v0:G2[0.333,0.333,0.334] | v1:G0[0.334,0.333,0.333] | v2:G0[0.334,0.333,0.332] | v3:G2[0.333,0.333,0.334] | v4:G2[0.333,0.333,0.334]
[TopoTrace Step 0] v0:G2[0.333,0.333,0.334] | v1:G0[0.334,0.333,0.333] | v2:G0[0.334,0.333,0.332] | v3:G2[0.333,0.333,0.334] | v4:G2[0.333,0.333,0.334][TopoTrace Step 0] v0:G2[0.333,0.333,0.334] | v1:G0[0.334,0.333,0.333] | v2:G0[0.334,0.333,0.332] | v3:G2[0.333,0.333,0.334] | v4:G2[0.333,0.333,0.334]

[TopoTrace Step 0] v0:G2[0.333,0.333,0.334] | v1:G0[0.334,0.333,0.333] | v2:G0[0.334,0.333,0.332] | v3:G2[0.333,0.333,0.334] | v4:G2[0.333,0.333,0.334]
[TopoTrace Step 0] v0:G2[0.333,0.333,0.334] | v1:G0[0.334,0.333,0.333] | v2:G0[0.334,0.333,0.332] | v3:G2[0.333,0.333,0.334] | v4:G2[0.333,0.333,0.334]
[TopoTrace Step 0] v0:G2[0.333,0.333,0.334] | v1:G0[0.334,0.333,0.333] | v2:G0[0.334,0.333,0.332] | v3:G2[0.333,0.333,0.334] | v4:G2[0.333,0.333,0.334]
[TopoTrace Step 0] v0:G2[0.333,0.333,0.334] | v1:G0[0.334,0.333,0.333] | v2:G0[0.334,0.333,0.332] | v3:G2[0.333,0.333,0.334] | v4:G2[0.333,0.333,0.334]
[TopoTrace Step 0] v0:G2[0.333,0.333,0.334] | v1:G0[0.334,0.333,0.333] | v2:G0[0.334,0.333,0.332] | v3:G2[0.333,0.333,0.334] | v4:G2[0.333,0.333,0.334]
[TopoTrace Step 0] v0:G2[0.333,0.333,0.334] | v1:G0[0.334,0.333,0.333] | v2:G0[0.334,0.333,0.332] | v3:G2[0.333,0.333,0.334] | v4:G2[0.333,0.333,0.334]
[TopoTrace Step 0] v0:G2[0.333,0.333,0.334] | v1:G0[0.334,0.333,0.333] | v2:G0[0.334,0.333,0.332] | v3:G2[0.333,0.333,0.334] | v4:G2[0.333,0.333,0.334][TopoTrace Step 0] v0:G2[0.333,0.333,0.334] | v1:G0[0.334,0.333,0.333] | v2:G0[0.334,0.333,0.332] | v3:G2[0.333,0.333,0.334] | v4:G2[0.333,0.333,0.334]

[TopoTrace Step 0] v0:G2[0.333,0.333,0.334] | v1:G0[0.334,0.333,0.333] | v2:G0[0.334,0.333,0.332] | v3:G2[0.333,0.333,0.334] | v4:G2[0.333,0.333,0.334]
[TopoTrace Step 0] v0:G2[0.333,0.333,0.334] | v1:G0[0.334,0.333,0.333] | v2:G0[0.334,0.333,0.332] | v3:G2[0.333,0.333,0.334] | v4:G2[0.333,0.333,0.334]
[TopoTrace Step 0] v0:G2[0.333,0.333,0.334] | v1:G0[0.334,0.333,0.333] | v2:G0[0.334,0.333,0.332] | v3:G2[0.333,0.333,0.334] | v4:G2[0.333,0.333,0.334][TopoTrace Step 0] v0:G2[0.333,0.333,0.334] | v1:G0[0.334,0.333,0.333] | v2:G0[0.334,0.333,0.332] | v3:G2[0.333,0.333,0.334] | v4:G2[0.333,0.333,0.334]

[TopoTrace Step 0] v0:G2[0.333,0.333,0.334] | v1:G0[0.334,0.333,0.333] | v2:G0[0.334,0.333,0.332] | v3:G2[0.333,0.333,0.334] | v4:G2[0.333,0.333,0.334]
[TopoTrace Step 0] v0:G2[0.333,0.333,0.334] | v1:G0[0.334,0.333,0.333] | v2:G0[0.334,0.333,0.332] | v3:G2[0.333,0.333,0.334] | v4:G2[0.333,0.333,0.334]
[TopoTrace Step 0] v0:G2[0.333,0.333,0.334] | v1:G0[0.334,0.333,0.333] | v2:G0[0.334,0.333,0.332] | v3:G2[0.333,0.333,0.334] | v4:G2[0.333,0.333,0.334][TopoTrace Step 0] v0:G2[0.333,0.333,0.334] | v1:G0[0.334,0.333,0.333] | v2:G0[0.334,0.333,0.332] | v3:G2[0.333,0.333,0.334] | v4:G2[0.333,0.333,0.334]

[TopoTrace Step 0] v0:G2[0.333,0.333,0.334] | v1:G0[0.334,0.333,0.333] | v2:G0[0.334,0.333,0.332] | v3:G2[0.333,0.333,0.334] | v4:G2[0.333,0.333,0.334]
[TopoTrace Step 0] v0:G2[0.333,0.333,0.334] | v1:G0[0.334,0.333,0.333] | v2:G0[0.334,0.333,0.332] | v3:G2[0.333,0.333,0.334] | v4:G2[0.333,0.333,0.334]
[TopoTrace Step 0] v0:G2[0.333,0.333,0.334] | v1:G0[0.334,0.333,0.333] | v2:G0[0.334,0.333,0.332] | v3:G2[0.333,0.333,0.334] | v4:G2[0.333,0.333,0.334][TopoTrace Step 0] v0:G2[0.333,0.333,0.334] | v1:G0[0.334,0.333,0.333] | v2:G0[0.334,0.333,0.332] | v3:G2[0.333,0.333,0.334] | v4:G2[0.333,0.333,0.334]

[TopoTrace Step 0] v0:G2[0.333,0.333,0.334] | v1:G0[0.334,0.333,0.333] | v2:G0[0.334,0.333,0.332] | v3:G2[0.333,0.333,0.334] | v4:G2[0.333,0.333,0.334]
[TopoTrace Step 0] v0:G2[0.333,0.333,0.334] | v1:G0[0.334,0.333,0.333] | v2:G0[0.334,0.333,0.332] | v3:G2[0.333,0.333,0.334] | v4:G2[0.333,0.333,0.334]
[TopoTrace Step 0] v0:G2[0.333,0.333,0.334] | v1:G0[0.334,0.333,0.333] | v2:G0[0.334,0.333,0.332] | v3:G2[0.333,0.333,0.334] | v4:G2[0.333,0.333,0.334]
[TopoTrace Step 0] v0:G2[0.333,0.333,0.334] | v1:G0[0.334,0.333,0.333] | v2:G0[0.334,0.333,0.332] | v3:G2[0.333,0.333,0.334] | v4:G2[0.333,0.333,0.334]
[TopoTrace Step 0] v0:G2[0.333,0.333,0.334] | v1:G0[0.334,0.333,0.333] | v2:G0[0.334,0.333,0.332] | v3:G2[0.333,0.333,0.334] | v4:G2[0.333,0.333,0.334]
[TopoTrace Step 0] v0:G2[0.333,0.333,0.334] | v1:G0[0.334,0.333,0.333] | v2:G0[0.334,0.333,0.332] | v3:G2[0.333,0.333,0.334] | v4:G2[0.333,0.333,0.334]
[TopoTrace Step 0] v0:G2[0.333,0.333,0.334] | v1:G0[0.334,0.333,0.333] | v2:G0[0.334,0.333,0.332] | v3:G2[0.333,0.333,0.334] | v4:G2[0.333,0.333,0.334][TopoTrace Step 0] v0:G2[0.333,0.333,0.334] | v1:G0[0.334,0.333,0.333] | v2:G0[0.334,0.333,0.332] | v3:G2[0.333,0.333,0.334] | v4:G2[0.333,0.333,0.334]

[TopoTrace Step 0] v0:G2[0.333,0.333,0.334] | v1:G0[0.334,0.333,0.333] | v2:G0[0.334,0.333,0.332] | v3:G2[0.333,0.333,0.334] | v4:G2[0.333,0.333,0.334]
[TopoTrace Step 0] v0:G2[0.333,0.333,0.334] | v1:G0[0.334,0.333,0.333] | v2:G0[0.334,0.333,0.332] | v3:G2[0.333,0.333,0.334] | v4:G2[0.333,0.333,0.334]
[TopoTrace Step 0] v0:G2[0.333,0.333,0.334] | v1:G0[0.334,0.333,0.333] | v2:G0[0.334,0.333,0.332] | v3:G2[0.333,0.333,0.334] | v4:G2[0.333,0.333,0.334][TopoTrace Step 0] v0:G2[0.333,0.333,0.334] | v1:G0[0.334,0.333,0.333] | v2:G0[0.334,0.333,0.332] | v3:G2[0.333,0.333,0.334] | v4:G2[0.333,0.333,0.334]

[TopoTrace Step 0] v0:G2[0.333,0.333,0.334] | v1:G0[0.334,0.333,0.333] | v2:G0[0.334,0.333,0.332] | v3:G2[0.333,0.333,0.334] | v4:G2[0.333,0.333,0.334]
[TopoTrace Step 0] v0:G2[0.333,0.333,0.334] | v1:G0[0.334,0.333,0.333] | v2:G0[0.334,0.333,0.332] | v3:G2[0.333,0.333,0.334] | v4:G2[0.333,0.333,0.334]
[TopoTrace Step 0] v0:G2[0.333,0.333,0.334] | v1:G0[0.334,0.333,0.333] | v2:G0[0.334,0.333,0.332] | v3:G2[0.333,0.333,0.334] | v4:G2[0.333,0.333,0.334]
[TopoTrace Step 0] v0:G2[0.333,0.333,0.334] | v1:G0[0.334,0.333,0.333] | v2:G0[0.334,0.333,0.332] | v3:G2[0.333,0.333,0.334] | v4:G2[0.333,0.333,0.334]
[TopoTrace Step 0] v0:G2[0.333,0.333,0.334] | v1:G0[0.334,0.333,0.333] | v2:G0[0.334,0.333,0.332] | v3:G2[0.333,0.333,0.334] | v4:G2[0.333,0.333,0.334]
[TopoTrace Step 0] v0:G2[0.333,0.333,0.334] | v1:G0[0.334,0.333,0.333] | v2:G0[0.334,0.333,0.332] | v3:G2[0.333,0.333,0.334] | v4:G2[0.333,0.333,0.334]
[TopoTrace Step 0] v0:G2[0.333,0.333,0.334] | v1:G0[0.334,0.333,0.333] | v2:G0[0.334,0.333,0.332] | v3:G2[0.333,0.333,0.334] | v4:G2[0.333,0.333,0.334][TopoTrace Step 0] v0:G2[0.333,0.333,0.334] | v1:G0[0.334,0.333,0.333] | v2:G0[0.334,0.333,0.332] | v3:G2[0.333,0.333,0.334] | v4:G2[0.333,0.333,0.334]

[TopoTrace Step 0] v0:G2[0.333,0.333,0.334] | v1:G0[0.334,0.333,0.333] | v2:G0[0.334,0.333,0.332] | v3:G2[0.333,0.333,0.334] | v4:G2[0.333,0.333,0.334]
[TopoTrace Step 0] v0:G2[0.333,0.333,0.334] | v1:G0[0.334,0.333,0.333] | v2:G0[0.334,0.333,0.332] | v3:G2[0.333,0.333,0.334] | v4:G2[0.333,0.333,0.334]
[TopoTrace Step 0] v0:G2[0.333,0.333,0.334] | v1:G0[0.334,0.333,0.333] | v2:G0[0.334,0.333,0.332] | v3:G2[0.333,0.333,0.334] | v4:G2[0.333,0.333,0.334][TopoTrace Step 0] v0:G2[0.333,0.333,0.334] | v1:G0[0.334,0.333,0.333] | v2:G0[0.334,0.333,0.332] | v3:G2[0.333,0.333,0.334] | v4:G2[0.333,0.333,0.334]

[TopoTrace Step 0] v0:G2[0.333,0.333,0.334] | v1:G0[0.334,0.333,0.333] | v2:G0[0.334,0.333,0.332] | v3:G2[0.333,0.333,0.334] | v4:G2[0.333,0.333,0.334]
[TopoTrace Step 0] v0:G2[0.333,0.333,0.334] | v1:G0[0.334,0.333,0.333] | v2:G0[0.334,0.333,0.332] | v3:G2[0.333,0.333,0.334] | v4:G2[0.333,0.333,0.334]
[TopoTrace Step 0] v0:G2[0.333,0.333,0.334] | v1:G0[0.334,0.333,0.333] | v2:G0[0.334,0.333,0.332] | v3:G2[0.333,0.333,0.334] | v4:G2[0.333,0.333,0.334]
[TopoTrace Step 0] v0:G2[0.333,0.333,0.334] | v1:G0[0.334,0.333,0.333] | v2:G0[0.334,0.333,0.332] | v3:G2[0.333,0.333,0.334] | v4:G2[0.333,0.333,0.334]
[TopoTrace Step 0] v0:G2[0.333,0.333,0.334] | v1:G0[0.334,0.333,0.333] | v2:G0[0.334,0.333,0.332] | v3:G2[0.333,0.333,0.334] | v4:G2[0.333,0.333,0.334]
[TopoTrace Step 0] v0:G2[0.333,0.333,0.334] | v1:G0[0.334,0.333,0.333] | v2:G0[0.334,0.333,0.332] | v3:G2[0.333,0.333,0.334] | v4:G2[0.333,0.333,0.334]
[TopoTrace Step 0] v0:G2[0.333,0.333,0.334] | v1:G0[0.334,0.333,0.333] | v2:G0[0.334,0.333,0.332] | v3:G2[0.333,0.333,0.334] | v4:G2[0.333,0.333,0.334][TopoTrace Step 0] v0:G2[0.333,0.333,0.334] | v1:G0[0.334,0.333,0.333] | v2:G0[0.334,0.333,0.332] | v3:G2[0.333,0.333,0.334] | v4:G2[0.333,0.333,0.334]

[TopoTrace Step 0] v0:G2[0.333,0.333,0.334] | v1:G0[0.334,0.333,0.333] | v2:G0[0.334,0.333,0.332] | v3:G2[0.333,0.333,0.334] | v4:G2[0.333,0.333,0.334]
[TopoTrace Step 0] v0:G2[0.333,0.333,0.334] | v1:G0[0.334,0.333,0.333] | v2:G0[0.334,0.333,0.332] | v3:G2[0.333,0.333,0.334] | v4:G2[0.333,0.333,0.334]
[TopoTrace Step 0] v0:G2[0.333,0.333,0.334] | v1:G0[0.334,0.333,0.333] | v2:G0[0.334,0.333,0.332] | v3:G2[0.333,0.333,0.334] | v4:G2[0.333,0.333,0.334][TopoTrace Step 0] v0:G2[0.333,0.333,0.334] | v1:G0[0.334,0.333,0.333] | v2:G0[0.334,0.333,0.332] | v3:G2[0.333,0.333,0.334] | v4:G2[0.333,0.333,0.334]

[TopoTrace Step 0] v0:G2[0.333,0.333,0.334] | v1:G0[0.334,0.333,0.333] | v2:G0[0.334,0.333,0.332] | v3:G2[0.333,0.333,0.334] | v4:G2[0.333,0.333,0.334]
[TopoTrace Step 0] v0:G2[0.333,0.333,0.334] | v1:G0[0.334,0.333,0.333] | v2:G0[0.334,0.333,0.332] | v3:G2[0.333,0.333,0.334] | v4:G2[0.333,0.333,0.334]
[TopoTrace Step 0] v0:G2[0.333,0.333,0.334] | v1:G0[0.334,0.333,0.333] | v2:G0[0.334,0.333,0.332] | v3:G2[0.333,0.333,0.334] | v4:G2[0.333,0.333,0.334][TopoTrace Step 0] v0:G2[0.333,0.333,0.334] | v1:G0[0.334,0.333,0.333] | v2:G0[0.334,0.333,0.332] | v3:G2[0.333,0.333,0.334] | v4:G2[0.333,0.333,0.334]

[TopoTrace Step 0] v0:G2[0.333,0.333,0.334] | v1:G0[0.334,0.333,0.333] | v2:G0[0.334,0.333,0.332] | v3:G2[0.333,0.333,0.334] | v4:G2[0.333,0.333,0.334]
[TopoTrace Step 0] v0:G2[0.333,0.333,0.334] | v1:G0[0.334,0.333,0.333] | v2:G0[0.334,0.333,0.332] | v3:G2[0.333,0.333,0.334] | v4:G2[0.333,0.333,0.334]
[TopoTrace Step 0] v0:G2[0.333,0.333,0.334] | v1:G0[0.334,0.333,0.333] | v2:G0[0.334,0.333,0.332] | v3:G2[0.333,0.333,0.334] | v4:G2[0.333,0.333,0.334]
[TopoTrace Step 0] v0:G2[0.333,0.333,0.334] | v1:G0[0.334,0.333,0.333] | v2:G0[0.334,0.333,0.332] | v3:G2[0.333,0.333,0.334] | v4:G2[0.333,0.333,0.334]
[TopoTrace Step 0] v0:G2[0.333,0.333,0.334] | v1:G0[0.334,0.333,0.333] | v2:G0[0.334,0.333,0.332] | v3:G2[0.333,0.333,0.334] | v4:G2[0.333,0.333,0.334]
[TopoTrace Step 0] v0:G2[0.333,0.333,0.334] | v1:G0[0.334,0.333,0.333] | v2:G0[0.334,0.333,0.332] | v3:G2[0.333,0.333,0.334] | v4:G2[0.333,0.333,0.334]
[TopoTrace Step 0] v0:G2[0.333,0.333,0.334] | v1:G0[0.334,0.333,0.333] | v2:G0[0.334,0.333,0.332] | v3:G2[0.333,0.333,0.334] | v4:G2[0.333,0.333,0.334]
[TopoTrace Step 0] v0:G2[0.333,0.333,0.334] | v1:G0[0.334,0.333,0.333] | v2:G0[0.334,0.333,0.332] | v3:G2[0.333,0.333,0.334] | v4:G2[0.333,0.333,0.334]
[TopoTrace Step 0] v0:G2[0.333,0.333,0.334] | v1:G0[0.334,0.333,0.333] | v2:G0[0.334,0.333,0.332] | v3:G2[0.333,0.333,0.334] | v4:G2[0.333,0.333,0.334]
[TopoTrace Step 0] v0:G2[0.333,0.333,0.334] | v1:G0[0.334,0.333,0.333] | v2:G0[0.334,0.333,0.332] | v3:G2[0.333,0.333,0.334] | v4:G2[0.333,0.333,0.334]
[TopoTrace Step 0] v0:G2[0.333,0.333,0.334] | v1:G0[0.334,0.333,0.333] | v2:G0[0.334,0.333,0.332] | v3:G2[0.333,0.333,0.334] | v4:G2[0.333,0.333,0.334][TopoTrace Step 0] v0:G2[0.333,0.333,0.334] | v1:G0[0.334,0.333,0.333] | v2:G0[0.334,0.333,0.332] | v3:G2[0.333,0.333,0.334] | v4:G2[0.333,0.333,0.334]

[TopoTrace Step 0] v0:G2[0.333,0.333,0.334] | v1:G0[0.334,0.333,0.333] | v2:G0[0.334,0.333,0.332] | v3:G2[0.333,0.333,0.334] | v4:G2[0.333,0.333,0.334]
[TopoTrace Step 0] v0:G2[0.333,0.333,0.334] | v1:G0[0.334,0.333,0.333] | v2:G0[0.334,0.333,0.332] | v3:G2[0.333,0.333,0.334] | v4:G2[0.333,0.333,0.334]
[TopoTrace Step 0] v0:G2[0.333,0.333,0.334] | v1:G0[0.334,0.333,0.333] | v2:G0[0.334,0.333,0.332] | v3:G2[0.333,0.333,0.334] | v4:G2[0.333,0.333,0.334][TopoTrace Step 0] v0:G2[0.333,0.333,0.334] | v1:G0[0.334,0.333,0.333] | v2:G0[0.334,0.333,0.332] | v3:G2[0.333,0.333,0.334] | v4:G2[0.333,0.333,0.334]

[TopoTrace Step 0] v0:G2[0.333,0.333,0.334] | v1:G0[0.334,0.333,0.333] | v2:G0[0.334,0.333,0.332] | v3:G2[0.333,0.333,0.334] | v4:G2[0.333,0.333,0.334]
[TopoTrace Step 0] v0:G2[0.333,0.333,0.334] | v1:G0[0.334,0.333,0.333] | v2:G0[0.334,0.333,0.332] | v3:G2[0.333,0.333,0.334] | v4:G2[0.333,0.333,0.334]
[TopoTrace Step 0] v0:G2[0.333,0.333,0.334] | v1:G0[0.334,0.333,0.333] | v2:G0[0.334,0.333,0.332] | v3:G2[0.333,0.333,0.334] | v4:G2[0.333,0.333,0.334][TopoTrace Step 0] v0:G2[0.333,0.333,0.334] | v1:G0[0.334,0.333,0.333] | v2:G0[0.334,0.333,0.332] | v3:G2[0.333,0.333,0.334] | v4:G2[0.333,0.333,0.334]

[TopoTrace Step 0] v0:G2[0.333,0.333,0.334] | v1:G0[0.334,0.333,0.333] | v2:G0[0.334,0.333,0.332] | v3:G2[0.333,0.333,0.334] | v4:G2[0.333,0.333,0.334]
[TopoTrace Step 0] v0:G2[0.333,0.333,0.334] | v1:G0[0.334,0.333,0.333] | v2:G0[0.334,0.333,0.332] | v3:G2[0.333,0.333,0.334] | v4:G2[0.333,0.333,0.334]
[TopoTrace Step 0] v0:G2[0.333,0.333,0.334] | v1:G0[0.334,0.333,0.333] | v2:G0[0.334,0.333,0.332] | v3:G2[0.333,0.333,0.334] | v4:G2[0.333,0.333,0.334]
[TopoTrace Step 0] v0:G2[0.333,0.333,0.334] | v1:G0[0.334,0.333,0.333] | v2:G0[0.334,0.333,0.332] | v3:G2[0.333,0.333,0.334] | v4:G2[0.333,0.333,0.334]
[TopoTrace Step 0] v0:G2[0.333,0.333,0.334] | v1:G0[0.334,0.333,0.333] | v2:G0[0.334,0.333,0.332] | v3:G2[0.333,0.333,0.334] | v4:G2[0.333,0.333,0.334]
[TopoTrace Step 0] v0:G2[0.333,0.333,0.334] | v1:G0[0.334,0.333,0.333] | v2:G0[0.334,0.333,0.332] | v3:G2[0.333,0.333,0.334] | v4:G2[0.333,0.333,0.334]
[TopoTrace Step 0] v0:G2[0.333,0.333,0.334] | v1:G0[0.334,0.333,0.333] | v2:G0[0.334,0.333,0.332] | v3:G2[0.333,0.333,0.334] | v4:G2[0.333,0.333,0.334][TopoTrace Step 0] v0:G2[0.333,0.333,0.334] | v1:G0[0.334,0.333,0.333] | v2:G0[0.334,0.333,0.332] | v3:G2[0.333,0.333,0.334] | v4:G2[0.333,0.333,0.334]

[TopoTrace Step 0] v0:G2[0.333,0.333,0.334] | v1:G0[0.334,0.333,0.333] | v2:G0[0.334,0.333,0.332] | v3:G2[0.333,0.333,0.334] | v4:G2[0.333,0.333,0.334]
[TopoTrace Step 0] v0:G2[0.333,0.333,0.334] | v1:G0[0.334,0.333,0.333] | v2:G0[0.334,0.333,0.332] | v3:G2[0.333,0.333,0.334] | v4:G2[0.333,0.333,0.334]
[TopoTrace Step 0] v0:G2[0.333,0.333,0.334] | v1:G0[0.334,0.333,0.333] | v2:G0[0.334,0.333,0.332] | v3:G2[0.333,0.333,0.334] | v4:G2[0.333,0.333,0.334][TopoTrace Step 0] v0:G2[0.333,0.333,0.334] | v1:G0[0.334,0.333,0.333] | v2:G0[0.334,0.333,0.332] | v3:G2[0.333,0.333,0.334] | v4:G2[0.333,0.333,0.334]

[TopoTrace Step 0] v0:G2[0.333,0.333,0.334] | v1:G0[0.334,0.333,0.333] | v2:G0[0.334,0.333,0.332] | v3:G2[0.333,0.333,0.334] | v4:G2[0.333,0.333,0.334]
[TopoTrace Step 0] v0:G2[0.333,0.333,0.334] | v1:G0[0.334,0.333,0.333] | v2:G0[0.334,0.333,0.332] | v3:G2[0.333,0.333,0.334] | v4:G2[0.333,0.333,0.334]
[TopoTrace Step 0] v0:G2[0.333,0.333,0.334] | v1:G0[0.334,0.333,0.333] | v2:G0[0.334,0.333,0.332] | v3:G2[0.333,0.333,0.334] | v4:G2[0.333,0.333,0.334]
[TopoTrace Step 0] v0:G2[0.333,0.333,0.334] | v1:G0[0.334,0.333,0.333] | v2:G0[0.334,0.333,0.332] | v3:G2[0.333,0.333,0.334] | v4:G2[0.333,0.333,0.334]
[TopoTrace Step 0] v0:G2[0.333,0.333,0.334] | v1:G0[0.334,0.333,0.333] | v2:G0[0.334,0.333,0.332] | v3:G2[0.333,0.333,0.334] | v4:G2[0.333,0.333,0.334]
[TopoTrace Step 0] v0:G2[0.333,0.333,0.334] | v1:G0[0.334,0.333,0.333] | v2:G0[0.334,0.333,0.332] | v3:G2[0.333,0.333,0.334] | v4:G2[0.333,0.333,0.334]
[TopoTrace Step 0] v0:G2[0.333,0.333,0.334] | v1:G0[0.334,0.333,0.333] | v2:G0[0.334,0.333,0.332] | v3:G2[0.333,0.333,0.334] | v4:G2[0.333,0.333,0.334]
[TopoTrace Step 0] v0:G2[0.333,0.333,0.334] | v1:G0[0.334,0.333,0.333] | v2:G0[0.334,0.333,0.332] | v3:G2[0.333,0.333,0.334] | v4:G2[0.333,0.333,0.334]
[TopoTrace Step 0] v0:G2[0.333,0.333,0.334] | v1:G0[0.334,0.333,0.333] | v2:G0[0.334,0.333,0.332] | v3:G2[0.333,0.333,0.334] | v4:G2[0.333,0.333,0.334]
[TopoTrace Step 0] v0:G2[0.333,0.333,0.334] | v1:G0[0.334,0.333,0.333] | v2:G0[0.334,0.333,0.332] | v3:G2[0.333,0.333,0.334] | v4:G2[0.333,0.333,0.334]
[TopoTrace Step 0] v0:G2[0.333,0.333,0.334] | v1:G0[0.334,0.333,0.333] | v2:G0[0.334,0.333,0.332] | v3:G2[0.333,0.333,0.334] | v4:G2[0.333,0.333,0.334][TopoTrace Step 0] v0:G2[0.333,0.333,0.334] | v1:G0[0.334,0.333,0.333] | v2:G0[0.334,0.333,0.332] | v3:G2[0.333,0.333,0.334] | v4:G2[0.333,0.333,0.334]

[TopoTrace Step 0] v0:G2[0.333,0.333,0.334] | v1:G0[0.334,0.333,0.333] | v2:G0[0.334,0.333,0.332] | v3:G2[0.333,0.333,0.334] | v4:G2[0.333,0.333,0.334]
[TopoTrace Step 0] v0:G2[0.333,0.333,0.334] | v1:G0[0.334,0.333,0.333] | v2:G0[0.334,0.333,0.332] | v3:G2[0.333,0.333,0.334] | v4:G2[0.333,0.333,0.334]
[TopoTrace Step 0] v0:G2[0.333,0.333,0.334] | v1:G0[0.334,0.333,0.333] | v2:G0[0.334,0.333,0.332] | v3:G2[0.333,0.333,0.334] | v4:G2[0.333,0.333,0.334]
[TopoTrace Step 0] v0:G2[0.333,0.333,0.334] | v1:G0[0.334,0.333,0.333] | v2:G0[0.334,0.333,0.332] | v3:G2[0.333,0.333,0.334] | v4:G2[0.333,0.333,0.334]
[TopoTrace Step 0] v0:G2[0.333,0.333,0.334] | v1:G0[0.334,0.333,0.333] | v2:G0[0.334,0.333,0.332] | v3:G2[0.333,0.333,0.334] | v4:G2[0.333,0.333,0.334]
[TopoTrace Step 0] v0:G2[0.333,0.333,0.334] | v1:G0[0.334,0.333,0.333] | v2:G0[0.334,0.333,0.332] | v3:G2[0.333,0.333,0.334] | v4:G2[0.333,0.333,0.334]
[TopoTrace Step 0] v0:G2[0.333,0.333,0.334] | v1:G0[0.334,0.333,0.333] | v2:G0[0.334,0.333,0.332] | v3:G2[0.333,0.333,0.334] | v4:G2[0.333,0.333,0.334]
[TopoTrace Step 0] v0:G2[0.333,0.333,0.334] | v1:G0[0.334,0.333,0.333] | v2:G0[0.334,0.333,0.332] | v3:G2[0.333,0.333,0.334] | v4:G2[0.333,0.333,0.334]
[TopoTrace Step 0] v0:G2[0.333,0.333,0.334] | v1:G0[0.334,0.333,0.333] | v2:G0[0.334,0.333,0.332] | v3:G2[0.333,0.333,0.334] | v4:G2[0.333,0.333,0.334]
[TopoTrace Step 0] v0:G2[0.333,0.333,0.334] | v1:G0[0.334,0.333,0.333] | v2:G0[0.334,0.333,0.332] | v3:G2[0.333,0.333,0.334] | v4:G2[0.333,0.333,0.334]
[TopoTrace Step 0] v0:G2[0.333,0.333,0.334] | v1:G0[0.334,0.333,0.333] | v2:G0[0.334,0.333,0.332] | v3:G2[0.333,0.333,0.334] | v4:G2[0.333,0.333,0.334]
[TopoTrace Step 0] v0:G2[0.333,0.333,0.334] | v1:G0[0.334,0.333,0.333] | v2:G0[0.334,0.333,0.332] | v3:G2[0.333,0.333,0.334] | v4:G2[0.333,0.333,0.334]
[TopoTrace Step 0] v0:G2[0.333,0.333,0.334] | v1:G0[0.334,0.333,0.333] | v2:G0[0.334,0.333,0.332] | v3:G2[0.333,0.333,0.334] | v4:G2[0.333,0.333,0.334]
[TopoTrace Step 0] v0:G2[0.333,0.333,0.334] | v1:G0[0.334,0.333,0.333] | v2:G0[0.334,0.333,0.332] | v3:G2[0.333,0.333,0.334] | v4:G2[0.333,0.333,0.334]
[TopoTrace Step 0] v0:G2[0.333,0.333,0.334] | v1:G0[0.334,0.333,0.333] | v2:G0[0.334,0.333,0.332] | v3:G2[0.333,0.333,0.334] | v4:G2[0.333,0.333,0.334][TopoTrace Step 0] v0:G2[0.333,0.333,0.334] | v1:G0[0.334,0.333,0.333] | v2:G0[0.334,0.333,0.332] | v3:G2[0.333,0.333,0.334] | v4:G2[0.333,0.333,0.334]

[TopoTrace Step 0] v0:G2[0.333,0.333,0.334] | v1:G0[0.334,0.333,0.333] | v2:G0[0.334,0.333,0.332] | v3:G2[0.333,0.333,0.334] | v4:G2[0.333,0.333,0.334]
[TopoTrace Step 0] v0:G2[0.333,0.333,0.334] | v1:G0[0.334,0.333,0.333] | v2:G0[0.334,0.333,0.332] | v3:G2[0.333,0.333,0.334] | v4:G2[0.333,0.333,0.334]
[TopoTrace Step 0] v0:G2[0.333,0.333,0.334] | v1:G0[0.334,0.333,0.333] | v2:G0[0.334,0.333,0.332] | v3:G2[0.333,0.333,0.334] | v4:G2[0.333,0.333,0.334][TopoTrace Step 0] v0:G2[0.333,0.333,0.334] | v1:G0[0.334,0.333,0.333] | v2:G0[0.334,0.333,0.332] | v3:G2[0.333,0.333,0.334] | v4:G2[0.333,0.333,0.334]

[TopoTrace Step 0] v0:G2[0.333,0.333,0.334] | v1:G0[0.334,0.333,0.333] | v2:G0[0.334,0.333,0.332] | v3:G2[0.333,0.333,0.334] | v4:G2[0.333,0.333,0.334]
[TopoTrace Step 0] v0:G2[0.333,0.333,0.334] | v1:G0[0.334,0.333,0.333] | v2:G0[0.334,0.333,0.332] | v3:G2[0.333,0.333,0.334] | v4:G2[0.333,0.333,0.334]
[TopoTrace Step 0] v0:G2[0.333,0.333,0.334] | v1:G0[0.334,0.333,0.333] | v2:G0[0.334,0.333,0.332] | v3:G2[0.333,0.333,0.334] | v4:G2[0.333,0.333,0.334]
[TopoTrace Step 0] v0:G2[0.333,0.333,0.334] | v1:G0[0.334,0.333,0.333] | v2:G0[0.334,0.333,0.332] | v3:G2[0.333,0.333,0.334] | v4:G2[0.333,0.333,0.334]
[TopoTrace Step 0] v0:G2[0.333,0.333,0.334] | v1:G0[0.334,0.333,0.333] | v2:G0[0.334,0.333,0.332] | v3:G2[0.333,0.333,0.334] | v4:G2[0.333,0.333,0.334]
[TopoTrace Step 0] v0:G2[0.333,0.333,0.334] | v1:G0[0.334,0.333,0.333] | v2:G0[0.334,0.333,0.332] | v3:G2[0.333,0.333,0.334] | v4:G2[0.333,0.333,0.334]
[TopoTrace Step 0] v0:G2[0.333,0.333,0.334] | v1:G0[0.334,0.333,0.333] | v2:G0[0.334,0.333,0.332] | v3:G2[0.333,0.333,0.334] | v4:G2[0.333,0.333,0.334][TopoTrace Step 0] v0:G2[0.333,0.333,0.334] | v1:G0[0.334,0.333,0.333] | v2:G0[0.334,0.333,0.332] | v3:G2[0.333,0.333,0.334] | v4:G2[0.333,0.333,0.334]

[TopoTrace Step 0] v0:G2[0.333,0.333,0.334] | v1:G0[0.334,0.333,0.333] | v2:G0[0.334,0.333,0.332] | v3:G2[0.333,0.333,0.334] | v4:G2[0.333,0.333,0.334]
[TopoTrace Step 0] v0:G2[0.333,0.333,0.334] | v1:G0[0.334,0.333,0.333] | v2:G0[0.334,0.333,0.332] | v3:G2[0.333,0.333,0.334] | v4:G2[0.333,0.333,0.334]
[TopoTrace Step 0] v0:G2[0.333,0.333,0.334] | v1:G0[0.334,0.333,0.333] | v2:G0[0.334,0.333,0.332] | v3:G2[0.333,0.333,0.334] | v4:G2[0.333,0.333,0.334][TopoTrace Step 0] v0:G2[0.333,0.333,0.334] | v1:G0[0.334,0.333,0.333] | v2:G0[0.334,0.333,0.332] | v3:G2[0.333,0.333,0.334] | v4:G2[0.333,0.333,0.334]

[TopoTrace Step 0] v0:G2[0.333,0.333,0.334] | v1:G0[0.334,0.333,0.333] | v2:G0[0.334,0.333,0.332] | v3:G2[0.333,0.333,0.334] | v4:G2[0.333,0.333,0.334]
[TopoTrace Step 0] v0:G2[0.333,0.333,0.334] | v1:G0[0.334,0.333,0.333] | v2:G0[0.334,0.333,0.332] | v3:G2[0.333,0.333,0.334] | v4:G2[0.333,0.333,0.334]
[TopoTrace Step 0] v0:G2[0.333,0.333,0.334] | v1:G0[0.334,0.333,0.333] | v2:G0[0.334,0.333,0.332] | v3:G2[0.333,0.333,0.334] | v4:G2[0.333,0.333,0.334][TopoTrace Step 0] v0:G2[0.333,0.333,0.334] | v1:G0[0.334,0.333,0.333] | v2:G0[0.334,0.333,0.332] | v3:G2[0.333,0.333,0.334] | v4:G2[0.333,0.333,0.334]

[TopoTrace Step 0] v0:G2[0.333,0.333,0.334] | v1:G0[0.334,0.333,0.333] | v2:G0[0.334,0.333,0.332] | v3:G2[0.333,0.333,0.334] | v4:G2[0.333,0.333,0.334]
[TopoTrace Step 0] v0:G2[0.333,0.333,0.334] | v1:G0[0.334,0.333,0.333] | v2:G0[0.334,0.333,0.332] | v3:G2[0.333,0.333,0.334] | v4:G2[0.333,0.333,0.334]
[TopoTrace Step 0] v0:G2[0.333,0.333,0.334] | v1:G0[0.334,0.333,0.333] | v2:G0[0.334,0.333,0.332] | v3:G2[0.333,0.333,0.334] | v4:G2[0.333,0.333,0.334][TopoTrace Step 0] v0:G2[0.333,0.333,0.334] | v1:G0[0.334,0.333,0.333] | v2:G0[0.334,0.333,0.332] | v3:G2[0.333,0.333,0.334] | v4:G2[0.333,0.333,0.334]

[TopoTrace Step 0] v0:G2[0.333,0.333,0.334] | v1:G0[0.334,0.333,0.333] | v2:G0[0.334,0.333,0.332] | v3:G2[0.333,0.333,0.334] | v4:G2[0.333,0.333,0.334]
[TopoTrace Step 0] v0:G2[0.333,0.333,0.334] | v1:G0[0.334,0.333,0.333] | v2:G0[0.334,0.333,0.332] | v3:G2[0.333,0.333,0.334] | v4:G2[0.333,0.333,0.334]
[TopoTrace Step 0] v0:G2[0.333,0.333,0.334] | v1:G0[0.334,0.333,0.333] | v2:G0[0.334,0.333,0.332] | v3:G2[0.333,0.333,0.334] | v4:G2[0.333,0.333,0.334][TopoTrace Step 0] v0:G2[0.333,0.333,0.334] | v1:G0[0.334,0.333,0.333] | v2:G0[0.334,0.333,0.332] | v3:G2[0.333,0.333,0.334] | v4:G2[0.333,0.333,0.334]

[TopoTrace Step 0] v0:G2[0.333,0.333,0.334] | v1:G0[0.334,0.333,0.333] | v2:G0[0.334,0.333,0.332] | v3:G2[0.333,0.333,0.334] | v4:G2[0.333,0.333,0.334]
[TopoTrace Step 0] v0:G2[0.333,0.333,0.334] | v1:G0[0.334,0.333,0.333] | v2:G0[0.334,0.333,0.332] | v3:G2[0.333,0.333,0.334] | v4:G2[0.333,0.333,0.334]
[TopoTrace Step 0] v0:G2[0.333,0.333,0.334] | v1:G0[0.334,0.333,0.333] | v2:G0[0.334,0.333,0.332] | v3:G2[0.333,0.333,0.334] | v4:G2[0.333,0.333,0.334][TopoTrace Step 0] v0:G2[0.333,0.333,0.334] | v1:G0[0.334,0.333,0.333] | v2:G0[0.334,0.333,0.332] | v3:G2[0.333,0.333,0.334] | v4:G2[0.333,0.333,0.334]

[TopoTrace Step 0] v0:G2[0.333,0.333,0.334] | v1:G0[0.334,0.333,0.333] | v2:G0[0.334,0.333,0.332] | v3:G2[0.333,0.333,0.334] | v4:G2[0.333,0.333,0.334]
[TopoTrace Step 0] v0:G2[0.333,0.333,0.334] | v1:G0[0.334,0.333,0.333] | v2:G0[0.334,0.333,0.332] | v3:G2[0.333,0.333,0.334] | v4:G2[0.333,0.333,0.334]
[TopoTrace Step 0] v0:G2[0.333,0.333,0.334] | v1:G0[0.334,0.333,0.333] | v2:G0[0.334,0.333,0.332] | v3:G2[0.333,0.333,0.334] | v4:G2[0.333,0.333,0.334]
[TopoTrace Step 0] v0:G2[0.333,0.333,0.334] | v1:G0[0.334,0.333,0.333] | v2:G0[0.334,0.333,0.332] | v3:G2[0.333,0.333,0.334] | v4:G2[0.333,0.333,0.334]
[TopoTrace Step 0] v0:G2[0.333,0.333,0.334] | v1:G0[0.334,0.333,0.333] | v2:G0[0.334,0.333,0.332] | v3:G2[0.333,0.333,0.334] | v4:G2[0.333,0.333,0.334]
[TopoTrace Step 0] v0:G2[0.333,0.333,0.334] | v1:G0[0.334,0.333,0.333] | v2:G0[0.334,0.333,0.332] | v3:G2[0.333,0.333,0.334] | v4:G2[0.333,0.333,0.334]
[TopoTrace Step 0] v0:G2[0.333,0.333,0.334] | v1:G0[0.334,0.333,0.333] | v2:G0[0.334,0.333,0.332] | v3:G2[0.333,0.333,0.334] | v4:G2[0.333,0.333,0.334][TopoTrace Step 0] v0:G2[0.333,0.333,0.334] | v1:G0[0.334,0.333,0.333] | v2:G0[0.334,0.333,0.332] | v3:G2[0.333,0.333,0.334] | v4:G2[0.333,0.333,0.334]

[TopoTrace Step 0] v0:G2[0.333,0.333,0.334] | v1:G0[0.334,0.333,0.333] | v2:G0[0.334,0.333,0.332] | v3:G2[0.333,0.333,0.334] | v4:G2[0.333,0.333,0.334]
[TopoTrace Step 0] v0:G2[0.333,0.333,0.334] | v1:G0[0.334,0.333,0.333] | v2:G0[0.334,0.333,0.332] | v3:G2[0.333,0.333,0.334] | v4:G2[0.333,0.333,0.334]
[TopoTrace Step 0] v0:G2[0.333,0.333,0.334] | v1:G0[0.334,0.333,0.333] | v2:G0[0.334,0.333,0.332] | v3:G2[0.333,0.333,0.334] | v4:G2[0.333,0.333,0.334][TopoTrace Step 0] v0:G2[0.333,0.333,0.334] | v1:G0[0.334,0.333,0.333] | v2:G0[0.334,0.333,0.332] | v3:G2[0.333,0.333,0.334] | v4:G2[0.333,0.333,0.334]

[TopoTrace Step 0] v0:G2[0.333,0.333,0.334] | v1:G0[0.334,0.333,0.333] | v2:G0[0.334,0.333,0.332] | v3:G2[0.333,0.333,0.334] | v4:G2[0.333,0.333,0.334]
[TopoTrace Step 0] v0:G2[0.333,0.333,0.334] | v1:G0[0.334,0.333,0.333] | v2:G0[0.334,0.333,0.332] | v3:G2[0.333,0.333,0.334] | v4:G2[0.333,0.333,0.334]
[TopoTrace Step 0] v0:G2[0.333,0.333,0.334] | v1:G0[0.334,0.333,0.333] | v2:G0[0.334,0.333,0.332] | v3:G2[0.333,0.333,0.334] | v4:G2[0.333,0.333,0.334][TopoTrace Step 0] v0:G2[0.333,0.333,0.334] | v1:G0[0.334,0.333,0.333] | v2:G0[0.334,0.333,0.332] | v3:G2[0.333,0.333,0.334] | v4:G2[0.333,0.333,0.334]

	iters: 100, epoch: 3 | loss: 0.3640161
	speed: 2.4729s/iter; left time: 2663.2682s
[TopoTrace Step 0] v0:G2[0.333,0.333,0.334] | v1:G0[0.334,0.333,0.333] | v2:G0[0.334,0.333,0.332] | v3:G2[0.333,0.333,0.334] | v4:G2[0.333,0.333,0.334]
[TopoTrace Step 0] v0:G2[0.333,0.333,0.334] | v1:G0[0.334,0.333,0.333] | v2:G0[0.334,0.333,0.332] | v3:G2[0.333,0.333,0.334] | v4:G2[0.333,0.333,0.334]
[TopoTrace Step 0] v0:G2[0.333,0.333,0.334] | v1:G0[0.334,0.333,0.333] | v2:G0[0.334,0.333,0.332] | v3:G2[0.333,0.333,0.334] | v4:G2[0.333,0.333,0.334]
[TopoTrace Step 0] v0:G2[0.333,0.333,0.334] | v1:G0[0.334,0.333,0.333] | v2:G0[0.334,0.333,0.332] | v3:G2[0.333,0.333,0.334] | v4:G2[0.333,0.333,0.334]
[TopoTrace Step 0] v0:G2[0.333,0.333,0.334] | v1:G0[0.334,0.333,0.333] | v2:G0[0.334,0.333,0.332] | v3:G2[0.333,0.333,0.334] | v4:G2[0.333,0.333,0.334]
[TopoTrace Step 0] v0:G2[0.333,0.333,0.334] | v1:G0[0.334,0.333,0.333] | v2:G0[0.334,0.333,0.332] | v3:G2[0.333,0.333,0.334] | v4:G2[0.333,0.333,0.334]
[TopoTrace Step 0] v0:G2[0.333,0.333,0.334] | v1:G0[0.334,0.333,0.333] | v2:G0[0.334,0.333,0.332] | v3:G2[0.333,0.333,0.334] | v4:G2[0.333,0.333,0.334][TopoTrace Step 0] v0:G2[0.333,0.333,0.334] | v1:G0[0.334,0.333,0.333] | v2:G0[0.334,0.333,0.332] | v3:G2[0.333,0.333,0.334] | v4:G2[0.333,0.333,0.334]

[TopoTrace Step 0] v0:G2[0.333,0.333,0.334] | v1:G0[0.334,0.333,0.333] | v2:G0[0.334,0.333,0.332] | v3:G2[0.333,0.333,0.334] | v4:G2[0.333,0.333,0.334]
[TopoTrace Step 0] v0:G2[0.333,0.333,0.334] | v1:G0[0.334,0.333,0.333] | v2:G0[0.334,0.333,0.332] | v3:G2[0.333,0.333,0.334] | v4:G2[0.333,0.333,0.334]
[TopoTrace Step 0] v0:G2[0.333,0.333,0.334] | v1:G0[0.334,0.333,0.333] | v2:G0[0.334,0.333,0.332] | v3:G2[0.333,0.333,0.334] | v4:G2[0.333,0.333,0.334][TopoTrace Step 0] v0:G2[0.333,0.333,0.334] | v1:G0[0.334,0.333,0.333] | v2:G0[0.334,0.333,0.332] | v3:G2[0.333,0.333,0.334] | v4:G2[0.333,0.333,0.334]

[TopoTrace Step 0] v0:G2[0.333,0.333,0.334] | v1:G0[0.334,0.333,0.333] | v2:G0[0.334,0.333,0.332] | v3:G2[0.333,0.333,0.334] | v4:G2[0.333,0.333,0.334]
[TopoTrace Step 0] v0:G2[0.333,0.333,0.334] | v1:G0[0.334,0.333,0.333] | v2:G0[0.334,0.333,0.332] | v3:G2[0.333,0.333,0.334] | v4:G2[0.333,0.333,0.334]
[TopoTrace Step 0] v0:G2[0.333,0.333,0.334] | v1:G0[0.334,0.333,0.333] | v2:G0[0.334,0.333,0.332] | v3:G2[0.333,0.333,0.334] | v4:G2[0.333,0.333,0.334]
[TopoTrace Step 0] v0:G2[0.333,0.333,0.334] | v1:G0[0.334,0.333,0.333] | v2:G0[0.334,0.333,0.332] | v3:G2[0.333,0.333,0.334] | v4:G2[0.333,0.333,0.334]
[TopoTrace Step 0] v0:G2[0.333,0.333,0.334] | v1:G0[0.334,0.333,0.333] | v2:G0[0.334,0.333,0.332] | v3:G2[0.333,0.333,0.334] | v4:G2[0.333,0.333,0.334]
[TopoTrace Step 0] v0:G2[0.333,0.333,0.334] | v1:G0[0.334,0.333,0.333] | v2:G0[0.334,0.333,0.332] | v3:G2[0.333,0.333,0.334] | v4:G2[0.333,0.333,0.334]
[TopoTrace Step 0] v0:G2[0.333,0.333,0.334] | v1:G0[0.334,0.333,0.333] | v2:G0[0.334,0.333,0.332] | v3:G2[0.333,0.333,0.334] | v4:G2[0.333,0.333,0.334]
[TopoTrace Step 0] v0:G2[0.333,0.333,0.334] | v1:G0[0.334,0.333,0.333] | v2:G0[0.334,0.333,0.332] | v3:G2[0.333,0.333,0.334] | v4:G2[0.333,0.333,0.334]
[TopoTrace Step 0] v0:G2[0.333,0.333,0.334] | v1:G0[0.334,0.333,0.333] | v2:G0[0.334,0.333,0.332] | v3:G2[0.333,0.333,0.334] | v4:G2[0.333,0.333,0.334]
[TopoTrace Step 0] v0:G2[0.333,0.333,0.334] | v1:G0[0.334,0.333,0.333] | v2:G0[0.334,0.333,0.332] | v3:G2[0.333,0.333,0.334] | v4:G2[0.333,0.333,0.334]
[TopoTrace Step 0] v0:G2[0.333,0.333,0.334] | v1:G0[0.334,0.333,0.333] | v2:G0[0.334,0.333,0.332] | v3:G2[0.333,0.333,0.334] | v4:G2[0.333,0.333,0.334][TopoTrace Step 0] v0:G2[0.333,0.333,0.334] | v1:G0[0.334,0.333,0.333] | v2:G0[0.334,0.333,0.332] | v3:G2[0.333,0.333,0.334] | v4:G2[0.333,0.333,0.334]

[TopoTrace Step 0] v0:G2[0.333,0.333,0.334] | v1:G0[0.334,0.333,0.333] | v2:G0[0.334,0.333,0.332] | v3:G2[0.333,0.333,0.334] | v4:G2[0.333,0.333,0.334]
[TopoTrace Step 0] v0:G2[0.333,0.333,0.334] | v1:G0[0.334,0.333,0.333] | v2:G0[0.334,0.333,0.332] | v3:G2[0.333,0.333,0.334] | v4:G2[0.333,0.333,0.334]
[TopoTrace Step 0] v0:G2[0.333,0.333,0.334] | v1:G0[0.334,0.333,0.333] | v2:G0[0.334,0.333,0.332] | v3:G2[0.333,0.333,0.334] | v4:G2[0.333,0.333,0.334][TopoTrace Step 0] v0:G2[0.333,0.333,0.334] | v1:G0[0.334,0.333,0.333] | v2:G0[0.334,0.333,0.332] | v3:G2[0.333,0.333,0.334] | v4:G2[0.333,0.333,0.334]

[TopoTrace Step 0] v0:G2[0.333,0.333,0.334] | v1:G0[0.334,0.333,0.333] | v2:G0[0.334,0.333,0.332] | v3:G2[0.333,0.333,0.334] | v4:G2[0.333,0.333,0.334]
[TopoTrace Step 0] v0:G2[0.333,0.333,0.334] | v1:G0[0.334,0.333,0.333] | v2:G0[0.334,0.333,0.332] | v3:G2[0.333,0.333,0.334] | v4:G2[0.333,0.333,0.334]
[TopoTrace Step 0] v0:G2[0.333,0.333,0.334] | v1:G0[0.334,0.333,0.333] | v2:G0[0.334,0.333,0.332] | v3:G2[0.333,0.333,0.334] | v4:G2[0.333,0.333,0.334][TopoTrace Step 0] v0:G2[0.333,0.333,0.334] | v1:G0[0.334,0.333,0.333] | v2:G0[0.334,0.333,0.332] | v3:G2[0.333,0.333,0.334] | v4:G2[0.333,0.333,0.334]

[TopoTrace Step 0] v0:G2[0.333,0.333,0.334] | v1:G0[0.334,0.333,0.333] | v2:G0[0.334,0.333,0.332] | v3:G2[0.333,0.333,0.334] | v4:G2[0.333,0.333,0.334]
[TopoTrace Step 0] v0:G2[0.333,0.333,0.334] | v1:G0[0.334,0.333,0.333] | v2:G0[0.334,0.333,0.332] | v3:G2[0.333,0.333,0.334] | v4:G2[0.333,0.333,0.334]
[TopoTrace Step 0] v0:G2[0.333,0.333,0.334] | v1:G0[0.334,0.333,0.333] | v2:G0[0.334,0.333,0.332] | v3:G2[0.333,0.333,0.334] | v4:G2[0.333,0.333,0.334]
[TopoTrace Step 0] v0:G2[0.333,0.333,0.334] | v1:G0[0.334,0.333,0.333] | v2:G0[0.334,0.333,0.332] | v3:G2[0.333,0.333,0.334] | v4:G2[0.333,0.333,0.334]
[TopoTrace Step 0] v0:G2[0.333,0.333,0.334] | v1:G0[0.334,0.333,0.333] | v2:G0[0.334,0.333,0.332] | v3:G2[0.333,0.333,0.334] | v4:G2[0.333,0.333,0.334]
[TopoTrace Step 0] v0:G2[0.333,0.333,0.334] | v1:G0[0.334,0.333,0.333] | v2:G0[0.334,0.333,0.332] | v3:G2[0.333,0.333,0.334] | v4:G2[0.333,0.333,0.334]
[TopoTrace Step 0] v0:G2[0.333,0.333,0.334] | v1:G0[0.334,0.333,0.333] | v2:G0[0.334,0.333,0.332] | v3:G2[0.333,0.333,0.334] | v4:G2[0.333,0.333,0.334][TopoTrace Step 0] v0:G2[0.333,0.333,0.334] | v1:G0[0.334,0.333,0.333] | v2:G0[0.334,0.333,0.332] | v3:G2[0.333,0.333,0.334] | v4:G2[0.333,0.333,0.334]

[TopoTrace Step 0] v0:G2[0.333,0.333,0.334] | v1:G0[0.334,0.333,0.333] | v2:G0[0.334,0.333,0.332] | v3:G2[0.333,0.333,0.334] | v4:G2[0.333,0.333,0.334]
[TopoTrace Step 0] v0:G2[0.333,0.333,0.334] | v1:G0[0.334,0.333,0.333] | v2:G0[0.334,0.333,0.332] | v3:G2[0.333,0.333,0.334] | v4:G2[0.333,0.333,0.334]
[TopoTrace Step 0] v0:G2[0.333,0.333,0.334] | v1:G0[0.334,0.333,0.333] | v2:G0[0.334,0.333,0.332] | v3:G2[0.333,0.333,0.334] | v4:G2[0.333,0.333,0.334][TopoTrace Step 0] v0:G2[0.333,0.333,0.334] | v1:G0[0.334,0.333,0.333] | v2:G0[0.334,0.333,0.332] | v3:G2[0.333,0.333,0.334] | v4:G2[0.333,0.333,0.334]

[TopoTrace Step 0] v0:G2[0.333,0.333,0.334] | v1:G0[0.334,0.333,0.333] | v2:G0[0.334,0.333,0.332] | v3:G2[0.333,0.333,0.334] | v4:G2[0.333,0.333,0.334]
[TopoTrace Step 0] v0:G2[0.333,0.333,0.334] | v1:G0[0.334,0.333,0.333] | v2:G0[0.334,0.333,0.332] | v3:G2[0.333,0.333,0.334] | v4:G2[0.333,0.333,0.334]
[TopoTrace Step 0] v0:G2[0.333,0.333,0.334] | v1:G0[0.334,0.333,0.333] | v2:G0[0.334,0.333,0.332] | v3:G2[0.333,0.333,0.334] | v4:G2[0.333,0.333,0.334][TopoTrace Step 0] v0:G2[0.333,0.333,0.334] | v1:G0[0.334,0.333,0.333] | v2:G0[0.334,0.333,0.332] | v3:G2[0.333,0.333,0.334] | v4:G2[0.333,0.333,0.334]

[TopoTrace Step 0] v0:G2[0.333,0.333,0.334] | v1:G0[0.334,0.333,0.333] | v2:G0[0.334,0.333,0.332] | v3:G2[0.333,0.333,0.334] | v4:G2[0.333,0.333,0.334]
[TopoTrace Step 0] v0:G2[0.333,0.333,0.334] | v1:G0[0.334,0.333,0.333] | v2:G0[0.334,0.333,0.332] | v3:G2[0.333,0.333,0.334] | v4:G2[0.333,0.333,0.334]
[TopoTrace Step 0] v0:G2[0.333,0.333,0.334] | v1:G0[0.334,0.333,0.333] | v2:G0[0.334,0.333,0.332] | v3:G2[0.333,0.333,0.334] | v4:G2[0.333,0.333,0.334]
[TopoTrace Step 0] v0:G2[0.333,0.333,0.334] | v1:G0[0.334,0.333,0.333] | v2:G0[0.334,0.333,0.332] | v3:G2[0.333,0.333,0.334] | v4:G2[0.333,0.333,0.334]
[TopoTrace Step 0] v0:G2[0.333,0.333,0.334] | v1:G0[0.334,0.333,0.333] | v2:G0[0.334,0.333,0.332] | v3:G2[0.333,0.333,0.334] | v4:G2[0.333,0.333,0.334]
[TopoTrace Step 0] v0:G2[0.333,0.333,0.334] | v1:G0[0.334,0.333,0.333] | v2:G0[0.334,0.333,0.332] | v3:G2[0.333,0.333,0.334] | v4:G2[0.333,0.333,0.334]
[TopoTrace Step 0] v0:G2[0.333,0.333,0.334] | v1:G0[0.334,0.333,0.333] | v2:G0[0.334,0.333,0.332] | v3:G2[0.333,0.333,0.334] | v4:G2[0.333,0.333,0.334][TopoTrace Step 0] v0:G2[0.333,0.333,0.334] | v1:G0[0.334,0.333,0.333] | v2:G0[0.334,0.333,0.332] | v3:G2[0.333,0.333,0.334] | v4:G2[0.333,0.333,0.334]

[TopoTrace Step 0] v0:G2[0.333,0.333,0.334] | v1:G0[0.334,0.333,0.333] | v2:G0[0.334,0.333,0.332] | v3:G2[0.333,0.333,0.334] | v4:G2[0.333,0.333,0.334]
[TopoTrace Step 0] v0:G2[0.333,0.333,0.334] | v1:G0[0.334,0.333,0.333] | v2:G0[0.334,0.333,0.332] | v3:G2[0.333,0.333,0.334] | v4:G2[0.333,0.333,0.334]
[TopoTrace Step 0] v0:G2[0.333,0.333,0.334] | v1:G0[0.334,0.333,0.333] | v2:G0[0.334,0.333,0.332] | v3:G2[0.333,0.333,0.334] | v4:G2[0.333,0.333,0.334]
[TopoTrace Step 0] v0:G2[0.333,0.333,0.334] | v1:G0[0.334,0.333,0.333] | v2:G0[0.334,0.333,0.332] | v3:G2[0.333,0.333,0.334] | v4:G2[0.333,0.333,0.334]
[TopoTrace Step 0] v0:G2[0.333,0.333,0.334] | v1:G0[0.334,0.333,0.333] | v2:G0[0.334,0.333,0.332] | v3:G2[0.333,0.333,0.334] | v4:G2[0.333,0.333,0.334]
[TopoTrace Step 0] v0:G2[0.333,0.333,0.334] | v1:G0[0.334,0.333,0.333] | v2:G0[0.334,0.333,0.332] | v3:G2[0.333,0.333,0.334] | v4:G2[0.333,0.333,0.334]
[TopoTrace Step 0] v0:G2[0.333,0.333,0.334] | v1:G0[0.334,0.333,0.333] | v2:G0[0.334,0.333,0.332] | v3:G2[0.333,0.333,0.334] | v4:G2[0.333,0.333,0.334]
[TopoTrace Step 0] v0:G2[0.333,0.333,0.334] | v1:G0[0.334,0.333,0.333] | v2:G0[0.334,0.333,0.332] | v3:G2[0.333,0.333,0.334] | v4:G2[0.333,0.333,0.334]
[TopoTrace Step 0] v0:G2[0.333,0.333,0.334] | v1:G0[0.334,0.333,0.333] | v2:G0[0.334,0.333,0.332] | v3:G2[0.333,0.333,0.334] | v4:G2[0.333,0.333,0.334]
[TopoTrace Step 0] v0:G2[0.333,0.333,0.334] | v1:G0[0.334,0.333,0.333] | v2:G0[0.334,0.333,0.332] | v3:G2[0.333,0.333,0.334] | v4:G2[0.333,0.333,0.334]
[TopoTrace Step 0] v0:G2[0.333,0.333,0.334] | v1:G0[0.334,0.333,0.333] | v2:G0[0.334,0.333,0.332] | v3:G2[0.333,0.333,0.334] | v4:G2[0.333,0.333,0.334]
[TopoTrace Step 0] v0:G2[0.333,0.333,0.334] | v1:G0[0.334,0.333,0.333] | v2:G0[0.334,0.333,0.332] | v3:G2[0.333,0.333,0.334] | v4:G2[0.333,0.333,0.334]
[TopoTrace Step 0] v0:G2[0.333,0.333,0.334] | v1:G0[0.334,0.333,0.333] | v2:G0[0.334,0.333,0.332] | v3:G2[0.333,0.333,0.334] | v4:G2[0.333,0.333,0.334]
[TopoTrace Step 0] v0:G2[0.333,0.333,0.334] | v1:G0[0.334,0.333,0.333] | v2:G0[0.334,0.333,0.332] | v3:G2[0.333,0.333,0.334] | v4:G2[0.333,0.333,0.334]
[TopoTrace Step 0] v0:G2[0.333,0.333,0.334] | v1:G0[0.334,0.333,0.333] | v2:G0[0.334,0.333,0.332] | v3:G2[0.333,0.333,0.334] | v4:G2[0.333,0.333,0.334]
[TopoTrace Step 0] v0:G2[0.333,0.333,0.334] | v1:G0[0.334,0.333,0.333] | v2:G0[0.334,0.333,0.332] | v3:G2[0.333,0.333,0.334] | v4:G2[0.333,0.333,0.334]
[TopoTrace Step 0] v0:G2[0.333,0.333,0.334] | v1:G0[0.334,0.333,0.333] | v2:G0[0.334,0.333,0.332] | v3:G2[0.333,0.333,0.334] | v4:G2[0.333,0.333,0.334]
[TopoTrace Step 0] v0:G2[0.333,0.333,0.334] | v1:G0[0.334,0.333,0.333] | v2:G0[0.334,0.333,0.332] | v3:G2[0.333,0.333,0.334] | v4:G2[0.333,0.333,0.334]
[TopoTrace Step 0] v0:G2[0.333,0.333,0.334] | v1:G0[0.334,0.333,0.333] | v2:G0[0.334,0.333,0.332] | v3:G2[0.333,0.333,0.334] | v4:G2[0.333,0.333,0.334]
[TopoTrace Step 0] v0:G2[0.333,0.333,0.334] | v1:G0[0.334,0.333,0.333] | v2:G0[0.334,0.333,0.332] | v3:G2[0.333,0.333,0.334] | v4:G2[0.333,0.333,0.334]
[TopoTrace Step 0] v0:G2[0.333,0.333,0.334] | v1:G0[0.334,0.333,0.333] | v2:G0[0.334,0.333,0.332] | v3:G2[0.333,0.333,0.334] | v4:G2[0.333,0.333,0.334]
[TopoTrace Step 0] v0:G2[0.333,0.333,0.334] | v1:G0[0.334,0.333,0.333] | v2:G0[0.334,0.333,0.332] | v3:G2[0.333,0.333,0.334] | v4:G2[0.333,0.333,0.334]
[TopoTrace Step 0] v0:G2[0.333,0.333,0.334] | v1:G0[0.334,0.333,0.333] | v2:G0[0.334,0.333,0.332] | v3:G2[0.333,0.333,0.334] | v4:G2[0.333,0.333,0.334]
[TopoTrace Step 0] v0:G2[0.333,0.333,0.334] | v1:G0[0.334,0.333,0.333] | v2:G0[0.334,0.333,0.332] | v3:G2[0.333,0.333,0.334] | v4:G2[0.333,0.333,0.334]
[TopoTrace Step 0] v0:G2[0.333,0.333,0.334] | v1:G0[0.334,0.333,0.333] | v2:G0[0.334,0.333,0.332] | v3:G2[0.333,0.333,0.334] | v4:G2[0.333,0.333,0.334]
[TopoTrace Step 0] v0:G2[0.333,0.333,0.334] | v1:G0[0.334,0.333,0.333] | v2:G0[0.334,0.333,0.332] | v3:G2[0.333,0.333,0.334] | v4:G2[0.333,0.333,0.334]
[TopoTrace Step 0] v0:G2[0.333,0.333,0.334] | v1:G0[0.334,0.333,0.333] | v2:G0[0.334,0.333,0.332] | v3:G2[0.333,0.333,0.334] | v4:G2[0.333,0.333,0.334]
[TopoTrace Step 0] v0:G2[0.333,0.333,0.334] | v1:G0[0.334,0.333,0.333] | v2:G0[0.334,0.333,0.332] | v3:G2[0.333,0.333,0.334] | v4:G2[0.333,0.333,0.334]
[TopoTrace Step 0] v0:G2[0.333,0.333,0.334] | v1:G0[0.334,0.333,0.333] | v2:G0[0.334,0.333,0.332] | v3:G2[0.333,0.333,0.334] | v4:G2[0.333,0.333,0.334]
[TopoTrace Step 0] v0:G2[0.333,0.333,0.334] | v1:G0[0.334,0.333,0.333] | v2:G0[0.334,0.333,0.332] | v3:G2[0.333,0.333,0.334] | v4:G2[0.333,0.333,0.334]
[TopoTrace Step 0] v0:G2[0.333,0.333,0.334] | v1:G0[0.334,0.333,0.333] | v2:G0[0.334,0.333,0.332] | v3:G2[0.333,0.333,0.334] | v4:G2[0.333,0.333,0.334]
[TopoTrace Step 0] v0:G2[0.333,0.333,0.334] | v1:G0[0.334,0.333,0.333] | v2:G0[0.334,0.333,0.332] | v3:G2[0.333,0.333,0.334] | v4:G2[0.333,0.333,0.334]
[TopoTrace Step 0] v0:G2[0.333,0.333,0.334] | v1:G0[0.334,0.333,0.333] | v2:G0[0.334,0.333,0.332] | v3:G2[0.333,0.333,0.334] | v4:G2[0.333,0.333,0.334]
[TopoTrace Step 0] v0:G2[0.333,0.333,0.334] | v1:G0[0.334,0.333,0.333] | v2:G0[0.334,0.333,0.332] | v3:G2[0.333,0.333,0.334] | v4:G2[0.333,0.333,0.334]
[TopoTrace Step 0] v0:G2[0.333,0.333,0.334] | v1:G0[0.334,0.333,0.333] | v2:G0[0.334,0.333,0.332] | v3:G2[0.333,0.333,0.334] | v4:G2[0.333,0.333,0.334][TopoTrace Step 0] v0:G2[0.333,0.333,0.334] | v1:G0[0.334,0.333,0.333] | v2:G0[0.334,0.333,0.332] | v3:G2[0.333,0.333,0.334] | v4:G2[0.333,0.333,0.334]

[TopoTrace Step 0] v0:G2[0.333,0.333,0.334] | v1:G0[0.334,0.333,0.333] | v2:G0[0.334,0.333,0.332] | v3:G2[0.333,0.333,0.334] | v4:G2[0.333,0.333,0.334]
[TopoTrace Step 0] v0:G2[0.333,0.333,0.334] | v1:G0[0.334,0.333,0.333] | v2:G0[0.334,0.333,0.332] | v3:G2[0.333,0.333,0.334] | v4:G2[0.333,0.333,0.334]
[TopoTrace Step 0] v0:G2[0.333,0.333,0.334] | v1:G0[0.334,0.333,0.333] | v2:G0[0.334,0.333,0.332] | v3:G2[0.333,0.333,0.334] | v4:G2[0.333,0.333,0.334][TopoTrace Step 0] v0:G2[0.333,0.333,0.334] | v1:G0[0.334,0.333,0.333] | v2:G0[0.334,0.333,0.332] | v3:G2[0.333,0.333,0.334] | v4:G2[0.333,0.333,0.334]

[TopoTrace Step 0] v0:G2[0.333,0.333,0.334] | v1:G0[0.334,0.333,0.333] | v2:G0[0.334,0.333,0.332] | v3:G2[0.333,0.333,0.334] | v4:G2[0.333,0.333,0.334]
[TopoTrace Step 0] v0:G2[0.333,0.333,0.334] | v1:G0[0.334,0.333,0.333] | v2:G0[0.334,0.333,0.332] | v3:G2[0.333,0.333,0.334] | v4:G2[0.333,0.333,0.334]
[TopoTrace Step 0] v0:G2[0.333,0.333,0.334] | v1:G0[0.334,0.333,0.333] | v2:G0[0.334,0.333,0.332] | v3:G2[0.333,0.333,0.334] | v4:G2[0.333,0.333,0.334]
[TopoTrace Step 0] v0:G2[0.333,0.333,0.334] | v1:G0[0.334,0.333,0.333] | v2:G0[0.334,0.333,0.332] | v3:G2[0.333,0.333,0.334] | v4:G2[0.333,0.333,0.334]
[TopoTrace Step 0] v0:G2[0.333,0.333,0.334] | v1:G0[0.334,0.333,0.333] | v2:G0[0.334,0.333,0.332] | v3:G2[0.333,0.333,0.334] | v4:G2[0.333,0.333,0.334]
[TopoTrace Step 0] v0:G2[0.333,0.333,0.334] | v1:G0[0.334,0.333,0.333] | v2:G0[0.334,0.333,0.332] | v3:G2[0.333,0.333,0.334] | v4:G2[0.333,0.333,0.334]
[TopoTrace Step 0] v0:G2[0.333,0.333,0.334] | v1:G0[0.334,0.333,0.333] | v2:G0[0.334,0.333,0.332] | v3:G2[0.333,0.333,0.334] | v4:G2[0.333,0.333,0.334]
[TopoTrace Step 0] v0:G2[0.333,0.333,0.334] | v1:G0[0.334,0.333,0.333] | v2:G0[0.334,0.333,0.332] | v3:G2[0.333,0.333,0.334] | v4:G2[0.333,0.333,0.334]
[TopoTrace Step 0] v0:G2[0.333,0.333,0.334] | v1:G0[0.334,0.333,0.333] | v2:G0[0.334,0.333,0.332] | v3:G2[0.333,0.333,0.334] | v4:G2[0.333,0.333,0.334]
[TopoTrace Step 0] v0:G2[0.333,0.333,0.334] | v1:G0[0.334,0.333,0.333] | v2:G0[0.334,0.333,0.332] | v3:G2[0.333,0.333,0.334] | v4:G2[0.333,0.333,0.334]
[TopoTrace Step 0] v0:G2[0.333,0.333,0.334] | v1:G0[0.334,0.333,0.333] | v2:G0[0.334,0.333,0.332] | v3:G2[0.333,0.333,0.334] | v4:G2[0.333,0.333,0.334]
[TopoTrace Step 0] v0:G2[0.333,0.333,0.334] | v1:G0[0.334,0.333,0.333] | v2:G0[0.334,0.333,0.332] | v3:G2[0.333,0.333,0.334] | v4:G2[0.333,0.333,0.334]
[TopoTrace Step 0] v0:G2[0.333,0.333,0.334] | v1:G0[0.334,0.333,0.333] | v2:G0[0.334,0.333,0.332] | v3:G2[0.333,0.333,0.334] | v4:G2[0.333,0.333,0.334]
[TopoTrace Step 0] v0:G2[0.333,0.333,0.334] | v1:G0[0.334,0.333,0.333] | v2:G0[0.334,0.333,0.332] | v3:G2[0.333,0.333,0.334] | v4:G2[0.333,0.333,0.334]
[TopoTrace Step 0] v0:G2[0.333,0.333,0.334] | v1:G0[0.334,0.333,0.333] | v2:G0[0.334,0.333,0.332] | v3:G2[0.333,0.333,0.334] | v4:G2[0.333,0.333,0.334][TopoTrace Step 0] v0:G2[0.333,0.333,0.334] | v1:G0[0.334,0.333,0.333] | v2:G0[0.334,0.333,0.332] | v3:G2[0.333,0.333,0.334] | v4:G2[0.333,0.333,0.334]

[TopoTrace Step 0] v0:G2[0.333,0.333,0.334] | v1:G0[0.334,0.333,0.333] | v2:G0[0.334,0.333,0.332] | v3:G2[0.333,0.333,0.334] | v4:G2[0.333,0.333,0.334]
[TopoTrace Step 0] v0:G2[0.333,0.333,0.334] | v1:G0[0.334,0.333,0.333] | v2:G0[0.334,0.333,0.332] | v3:G2[0.333,0.333,0.334] | v4:G2[0.333,0.333,0.334]
[TopoTrace Step 0] v0:G2[0.333,0.333,0.334] | v1:G0[0.334,0.333,0.333] | v2:G0[0.334,0.333,0.332] | v3:G2[0.333,0.333,0.334] | v4:G2[0.333,0.333,0.334][TopoTrace Step 0] v0:G2[0.333,0.333,0.334] | v1:G0[0.334,0.333,0.333] | v2:G0[0.334,0.333,0.332] | v3:G2[0.333,0.333,0.334] | v4:G2[0.333,0.333,0.334]

[TopoTrace Step 0] v0:G2[0.333,0.333,0.334] | v1:G0[0.334,0.333,0.333] | v2:G0[0.334,0.333,0.332] | v3:G2[0.333,0.333,0.334] | v4:G2[0.333,0.333,0.334]
[TopoTrace Step 0] v0:G2[0.333,0.333,0.334] | v1:G0[0.334,0.333,0.333] | v2:G0[0.334,0.333,0.332] | v3:G2[0.333,0.333,0.334] | v4:G2[0.333,0.333,0.334]
[TopoTrace Step 0] v0:G2[0.333,0.333,0.334] | v1:G0[0.334,0.333,0.333] | v2:G0[0.334,0.333,0.332] | v3:G2[0.333,0.333,0.334] | v4:G2[0.333,0.333,0.334]
[TopoTrace Step 0] v0:G2[0.333,0.333,0.334] | v1:G0[0.334,0.333,0.333] | v2:G0[0.334,0.333,0.332] | v3:G2[0.333,0.333,0.334] | v4:G2[0.333,0.333,0.334]
[TopoTrace Step 0] v0:G2[0.333,0.333,0.334] | v1:G0[0.334,0.333,0.333] | v2:G0[0.334,0.333,0.332] | v3:G2[0.333,0.333,0.334] | v4:G2[0.333,0.333,0.334]
[TopoTrace Step 0] v0:G2[0.333,0.333,0.334] | v1:G0[0.334,0.333,0.333] | v2:G0[0.334,0.333,0.332] | v3:G2[0.333,0.333,0.334] | v4:G2[0.333,0.333,0.334]
[TopoTrace Step 0] v0:G2[0.333,0.333,0.334] | v1:G0[0.334,0.333,0.333] | v2:G0[0.334,0.333,0.332] | v3:G2[0.333,0.333,0.334] | v4:G2[0.333,0.333,0.334][TopoTrace Step 0] v0:G2[0.333,0.333,0.334] | v1:G0[0.334,0.333,0.333] | v2:G0[0.334,0.333,0.332] | v3:G2[0.333,0.333,0.334] | v4:G2[0.333,0.333,0.334]

[TopoTrace Step 0] v0:G2[0.333,0.333,0.334] | v1:G0[0.334,0.333,0.333] | v2:G0[0.334,0.333,0.332] | v3:G2[0.333,0.333,0.334] | v4:G2[0.333,0.333,0.334]
[TopoTrace Step 0] v0:G2[0.333,0.333,0.334] | v1:G0[0.334,0.333,0.333] | v2:G0[0.334,0.333,0.332] | v3:G2[0.333,0.333,0.334] | v4:G2[0.333,0.333,0.334]
[TopoTrace Step 0] v0:G2[0.333,0.333,0.334] | v1:G0[0.334,0.333,0.333] | v2:G0[0.334,0.333,0.332] | v3:G2[0.333,0.333,0.334] | v4:G2[0.333,0.333,0.334]
[TopoTrace Step 0] v0:G2[0.333,0.333,0.334] | v1:G0[0.334,0.333,0.333] | v2:G0[0.334,0.333,0.332] | v3:G2[0.333,0.333,0.334] | v4:G2[0.333,0.333,0.334]
[TopoTrace Step 0] v0:G2[0.333,0.333,0.334] | v1:G0[0.334,0.333,0.333] | v2:G0[0.334,0.333,0.332] | v3:G2[0.333,0.333,0.334] | v4:G2[0.332,0.333,0.334]
[TopoTrace Step 0] v0:G2[0.333,0.333,0.334] | v1:G0[0.334,0.333,0.333] | v2:G0[0.334,0.333,0.332] | v3:G2[0.333,0.333,0.334] | v4:G2[0.332,0.333,0.334]
[TopoTrace Step 0] v0:G2[0.333,0.333,0.334] | v1:G0[0.334,0.333,0.333] | v2:G0[0.334,0.333,0.332] | v3:G2[0.333,0.333,0.334] | v4:G2[0.332,0.333,0.334]
[TopoTrace Step 0] v0:G2[0.333,0.333,0.334] | v1:G0[0.334,0.333,0.333] | v2:G0[0.334,0.333,0.332] | v3:G2[0.333,0.333,0.334] | v4:G2[0.332,0.333,0.334]
[TopoTrace Step 0] v0:G2[0.333,0.333,0.334] | v1:G0[0.334,0.333,0.333] | v2:G0[0.334,0.333,0.332] | v3:G2[0.333,0.333,0.334] | v4:G2[0.332,0.333,0.334]
[TopoTrace Step 0] v0:G2[0.333,0.333,0.334] | v1:G0[0.334,0.333,0.333] | v2:G0[0.334,0.333,0.332] | v3:G2[0.333,0.333,0.334] | v4:G2[0.332,0.333,0.334]
[TopoTrace Step 0] v0:G2[0.333,0.333,0.334] | v1:G0[0.334,0.333,0.333] | v2:G0[0.334,0.333,0.332] | v3:G2[0.333,0.333,0.334] | v4:G2[0.332,0.333,0.334][TopoTrace Step 0] v0:G2[0.333,0.333,0.334] | v1:G0[0.334,0.333,0.333] | v2:G0[0.334,0.333,0.332] | v3:G2[0.333,0.333,0.334] | v4:G2[0.332,0.333,0.334]

[TopoTrace Step 0] v0:G2[0.333,0.333,0.334] | v1:G0[0.334,0.333,0.333] | v2:G0[0.334,0.333,0.332] | v3:G2[0.333,0.333,0.334] | v4:G2[0.332,0.333,0.334]
[TopoTrace Step 0] v0:G2[0.333,0.333,0.334] | v1:G0[0.334,0.333,0.333] | v2:G0[0.334,0.333,0.332] | v3:G2[0.333,0.333,0.334] | v4:G2[0.332,0.333,0.334]
[TopoTrace Step 0] v0:G2[0.333,0.333,0.334] | v1:G0[0.334,0.333,0.333] | v2:G0[0.334,0.333,0.332] | v3:G2[0.333,0.333,0.334] | v4:G2[0.332,0.333,0.334]
[TopoTrace Step 0] v0:G2[0.333,0.333,0.334] | v1:G0[0.334,0.333,0.333] | v2:G0[0.334,0.333,0.332] | v3:G2[0.333,0.333,0.334] | v4:G2[0.332,0.333,0.334]
[TopoTrace Step 0] v0:G2[0.333,0.333,0.334] | v1:G0[0.334,0.333,0.333] | v2:G0[0.334,0.333,0.332] | v3:G2[0.333,0.333,0.334] | v4:G2[0.332,0.333,0.334]
[TopoTrace Step 0] v0:G2[0.333,0.333,0.334] | v1:G0[0.334,0.333,0.333] | v2:G0[0.334,0.333,0.332] | v3:G2[0.333,0.333,0.334] | v4:G2[0.332,0.333,0.334]
[TopoTrace Step 0] v0:G2[0.333,0.333,0.334] | v1:G0[0.334,0.333,0.333] | v2:G0[0.334,0.333,0.332] | v3:G2[0.333,0.333,0.334] | v4:G2[0.332,0.333,0.334][TopoTrace Step 0] v0:G2[0.333,0.333,0.334] | v1:G0[0.334,0.333,0.333] | v2:G0[0.334,0.333,0.332] | v3:G2[0.333,0.333,0.334] | v4:G2[0.332,0.333,0.334]

[TopoTrace Step 0] v0:G2[0.333,0.333,0.334] | v1:G0[0.334,0.333,0.333] | v2:G0[0.334,0.333,0.332] | v3:G2[0.333,0.333,0.334] | v4:G2[0.332,0.333,0.334]
[TopoTrace Step 0] v0:G2[0.333,0.333,0.334] | v1:G0[0.334,0.333,0.333] | v2:G0[0.334,0.333,0.332] | v3:G2[0.333,0.333,0.334] | v4:G2[0.332,0.333,0.334]
[TopoTrace Step 0] v0:G2[0.333,0.333,0.334] | v1:G0[0.334,0.333,0.333] | v2:G0[0.334,0.333,0.332] | v3:G2[0.333,0.333,0.334] | v4:G2[0.332,0.333,0.334][TopoTrace Step 0] v0:G2[0.333,0.333,0.334] | v1:G0[0.334,0.333,0.333] | v2:G0[0.334,0.333,0.332] | v3:G2[0.333,0.333,0.334] | v4:G2[0.332,0.333,0.334]

[TopoTrace Step 0] v0:G2[0.333,0.333,0.334] | v1:G0[0.334,0.333,0.333] | v2:G0[0.334,0.333,0.332] | v3:G2[0.333,0.333,0.334] | v4:G2[0.332,0.333,0.334]
[TopoTrace Step 0] v0:G2[0.333,0.333,0.334] | v1:G0[0.334,0.333,0.333] | v2:G0[0.334,0.333,0.332] | v3:G2[0.333,0.333,0.334] | v4:G2[0.332,0.333,0.334]
[TopoTrace Step 0] v0:G2[0.333,0.333,0.334] | v1:G0[0.334,0.333,0.333] | v2:G0[0.334,0.333,0.332] | v3:G2[0.333,0.333,0.334] | v4:G2[0.332,0.333,0.334]
[TopoTrace Step 0] v0:G2[0.333,0.333,0.334] | v1:G0[0.334,0.333,0.333] | v2:G0[0.334,0.333,0.332] | v3:G2[0.333,0.333,0.334] | v4:G2[0.332,0.333,0.334]
[TopoTrace Step 0] v0:G2[0.333,0.333,0.334] | v1:G0[0.334,0.333,0.333] | v2:G0[0.334,0.333,0.332] | v3:G2[0.333,0.333,0.334] | v4:G2[0.332,0.333,0.334]
[TopoTrace Step 0] v0:G2[0.333,0.333,0.334] | v1:G0[0.334,0.333,0.333] | v2:G0[0.334,0.333,0.332] | v3:G2[0.333,0.333,0.334] | v4:G2[0.332,0.333,0.334]
[TopoTrace Step 0] v0:G2[0.333,0.333,0.334] | v1:G0[0.334,0.333,0.333] | v2:G0[0.334,0.333,0.332] | v3:G2[0.333,0.333,0.334] | v4:G2[0.332,0.333,0.334]
[TopoTrace Step 0] v0:G2[0.333,0.333,0.334] | v1:G0[0.334,0.333,0.333] | v2:G0[0.334,0.333,0.332] | v3:G2[0.333,0.333,0.334] | v4:G2[0.332,0.333,0.334]
[TopoTrace Step 0] v0:G2[0.333,0.333,0.334] | v1:G0[0.334,0.333,0.333] | v2:G0[0.334,0.333,0.332] | v3:G2[0.333,0.333,0.334] | v4:G2[0.332,0.333,0.334]
[TopoTrace Step 0] v0:G2[0.333,0.333,0.334] | v1:G0[0.334,0.333,0.333] | v2:G0[0.334,0.333,0.332] | v3:G2[0.333,0.333,0.334] | v4:G2[0.332,0.333,0.334]
[TopoTrace Step 0] v0:G2[0.333,0.333,0.334] | v1:G0[0.334,0.333,0.333] | v2:G0[0.334,0.333,0.332] | v3:G2[0.333,0.333,0.334] | v4:G2[0.332,0.333,0.334][TopoTrace Step 0] v0:G2[0.333,0.333,0.334] | v1:G0[0.334,0.333,0.333] | v2:G0[0.334,0.333,0.332] | v3:G2[0.333,0.333,0.334] | v4:G2[0.332,0.333,0.334]

[TopoTrace Step 0] v0:G2[0.333,0.333,0.334] | v1:G0[0.334,0.333,0.333] | v2:G0[0.334,0.333,0.332] | v3:G2[0.333,0.333,0.334] | v4:G2[0.332,0.333,0.334]
[TopoTrace Step 0] v0:G2[0.333,0.333,0.334] | v1:G0[0.334,0.333,0.333] | v2:G0[0.334,0.333,0.332] | v3:G2[0.333,0.333,0.334] | v4:G2[0.332,0.333,0.334]
[TopoTrace Step 0] v0:G2[0.333,0.333,0.334] | v1:G0[0.334,0.333,0.333] | v2:G0[0.334,0.333,0.332] | v3:G2[0.333,0.333,0.334] | v4:G2[0.332,0.333,0.334]
[TopoTrace Step 0] v0:G2[0.333,0.333,0.334] | v1:G0[0.334,0.333,0.333] | v2:G0[0.334,0.333,0.332] | v3:G2[0.333,0.333,0.334] | v4:G2[0.332,0.333,0.334]
[TopoTrace Step 0] v0:G2[0.333,0.333,0.334] | v1:G0[0.334,0.333,0.333] | v2:G0[0.334,0.333,0.332] | v3:G2[0.333,0.333,0.334] | v4:G2[0.332,0.333,0.334]
[TopoTrace Step 0] v0:G2[0.333,0.333,0.334] | v1:G0[0.334,0.333,0.333] | v2:G0[0.334,0.333,0.332] | v3:G2[0.333,0.333,0.334] | v4:G2[0.332,0.333,0.334]
[TopoTrace Step 0] v0:G2[0.333,0.333,0.334] | v1:G0[0.334,0.333,0.333] | v2:G0[0.334,0.333,0.332] | v3:G2[0.333,0.333,0.334] | v4:G2[0.332,0.333,0.334][TopoTrace Step 0] v0:G2[0.333,0.333,0.334] | v1:G0[0.334,0.333,0.333] | v2:G0[0.334,0.333,0.332] | v3:G2[0.333,0.333,0.334] | v4:G2[0.332,0.333,0.334]

[TopoTrace Step 0] v0:G2[0.333,0.333,0.334] | v1:G0[0.334,0.333,0.333] | v2:G0[0.334,0.333,0.332] | v3:G2[0.333,0.333,0.334] | v4:G2[0.332,0.333,0.334]
[TopoTrace Step 0] v0:G2[0.333,0.333,0.334] | v1:G0[0.334,0.333,0.333] | v2:G0[0.334,0.333,0.332] | v3:G2[0.333,0.333,0.334] | v4:G2[0.332,0.333,0.334]
[TopoTrace Step 0] v0:G2[0.333,0.333,0.334] | v1:G0[0.334,0.333,0.333] | v2:G0[0.334,0.333,0.332] | v3:G2[0.333,0.333,0.334] | v4:G2[0.332,0.333,0.334][TopoTrace Step 0] v0:G2[0.333,0.333,0.334] | v1:G0[0.334,0.333,0.333] | v2:G0[0.334,0.333,0.332] | v3:G2[0.333,0.333,0.334] | v4:G2[0.332,0.333,0.334]

[TopoTrace Step 0] v0:G2[0.333,0.333,0.334] | v1:G0[0.334,0.333,0.333] | v2:G0[0.334,0.333,0.332] | v3:G2[0.333,0.333,0.334] | v4:G2[0.332,0.333,0.334]
[TopoTrace Step 0] v0:G2[0.333,0.333,0.334] | v1:G0[0.334,0.333,0.333] | v2:G0[0.334,0.333,0.332] | v3:G2[0.333,0.333,0.334] | v4:G2[0.332,0.333,0.334]
[TopoTrace Step 0] v0:G2[0.333,0.333,0.334] | v1:G0[0.334,0.333,0.333] | v2:G0[0.334,0.333,0.332] | v3:G2[0.333,0.333,0.334] | v4:G2[0.332,0.333,0.334]
[TopoTrace Step 0] v0:G2[0.333,0.333,0.334] | v1:G0[0.334,0.333,0.333] | v2:G0[0.334,0.333,0.332] | v3:G2[0.333,0.333,0.334] | v4:G2[0.332,0.333,0.334]
[TopoTrace Step 0] v0:G2[0.333,0.333,0.334] | v1:G0[0.334,0.333,0.333] | v2:G0[0.334,0.333,0.332] | v3:G2[0.333,0.333,0.334] | v4:G2[0.332,0.333,0.334]
[TopoTrace Step 0] v0:G2[0.333,0.333,0.334] | v1:G0[0.334,0.333,0.333] | v2:G0[0.334,0.333,0.332] | v3:G2[0.333,0.333,0.334] | v4:G2[0.332,0.333,0.334]
[TopoTrace Step 0] v0:G2[0.333,0.333,0.334] | v1:G0[0.334,0.333,0.333] | v2:G0[0.334,0.333,0.332] | v3:G2[0.333,0.333,0.334] | v4:G2[0.332,0.333,0.334]
[TopoTrace Step 0] v0:G2[0.333,0.333,0.334] | v1:G0[0.334,0.333,0.333] | v2:G0[0.334,0.333,0.332] | v3:G2[0.333,0.333,0.334] | v4:G2[0.332,0.333,0.334]
[TopoTrace Step 0] v0:G2[0.333,0.333,0.334] | v1:G0[0.334,0.333,0.333] | v2:G0[0.334,0.333,0.332] | v3:G2[0.333,0.333,0.334] | v4:G2[0.332,0.333,0.334]
[TopoTrace Step 0] v0:G2[0.333,0.333,0.334] | v1:G0[0.334,0.333,0.333] | v2:G0[0.334,0.333,0.332] | v3:G2[0.333,0.333,0.334] | v4:G2[0.332,0.333,0.334]
[TopoTrace Step 0] v0:G2[0.333,0.333,0.334] | v1:G0[0.334,0.333,0.333] | v2:G0[0.334,0.333,0.332] | v3:G2[0.333,0.333,0.334] | v4:G2[0.332,0.333,0.334]
[TopoTrace Step 0] v0:G2[0.333,0.333,0.334] | v1:G0[0.334,0.333,0.333] | v2:G0[0.334,0.333,0.332] | v3:G2[0.333,0.333,0.334] | v4:G2[0.332,0.333,0.334]
[TopoTrace Step 0] v0:G2[0.333,0.333,0.334] | v1:G0[0.334,0.333,0.333] | v2:G0[0.334,0.333,0.332] | v3:G2[0.333,0.333,0.334] | v4:G2[0.332,0.333,0.334]
[TopoTrace Step 0] v0:G2[0.333,0.333,0.334] | v1:G0[0.334,0.333,0.333] | v2:G0[0.334,0.333,0.332] | v3:G2[0.333,0.333,0.334] | v4:G2[0.332,0.333,0.334]
[TopoTrace Step 0] v0:G2[0.333,0.333,0.334] | v1:G0[0.334,0.333,0.333] | v2:G0[0.334,0.333,0.332] | v3:G2[0.333,0.333,0.334] | v4:G2[0.332,0.333,0.334][TopoTrace Step 0] v0:G2[0.333,0.333,0.334] | v1:G0[0.334,0.333,0.333] | v2:G0[0.334,0.333,0.332] | v3:G2[0.333,0.333,0.334] | v4:G2[0.332,0.333,0.334]

Epoch: 3 cost time: 13.605743169784546
Epoch: 3, Steps: 147 | Train Loss: 0.3772684 Vali Loss: 0.4025987 Test Loss: 4.0512652
Validation loss decreased (0.406044 --> 0.402599).  Saving model ...
Updating learning rate to 2.5e-05
[TopoTrace Step 0] v0:G2[0.333,0.333,0.334] | v1:G0[0.334,0.333,0.333] | v2:G0[0.334,0.333,0.332] | v3:G2[0.333,0.333,0.334] | v4:G2[0.332,0.333,0.334]
[TopoTrace Step 0] v0:G2[0.333,0.333,0.334] | v1:G0[0.334,0.333,0.333] | v2:G0[0.334,0.333,0.332] | v3:G2[0.333,0.333,0.334] | v4:G2[0.332,0.333,0.334][TopoTrace Step 0] v0:G2[0.333,0.333,0.334] | v1:G0[0.334,0.333,0.333] | v2:G0[0.334,0.333,0.332] | v3:G2[0.333,0.333,0.334] | v4:G2[0.332,0.333,0.334][TopoTrace Step 0] v0:G2[0.333,0.333,0.334] | v1:G0[0.334,0.333,0.333] | v2:G0[0.334,0.333,0.332] | v3:G2[0.333,0.333,0.334] | v4:G2[0.332,0.333,0.334]


[TopoTrace Step 0] v0:G2[0.333,0.333,0.334] | v1:G0[0.334,0.333,0.333] | v2:G0[0.334,0.333,0.332] | v3:G2[0.333,0.333,0.334] | v4:G2[0.332,0.333,0.334]
[TopoTrace Step 0] v0:G2[0.333,0.333,0.334] | v1:G0[0.334,0.333,0.333] | v2:G0[0.334,0.333,0.332] | v3:G2[0.333,0.333,0.334] | v4:G2[0.332,0.333,0.334]
[TopoTrace Step 0] v0:G2[0.333,0.333,0.334] | v1:G0[0.334,0.333,0.333] | v2:G0[0.334,0.333,0.332] | v3:G2[0.333,0.333,0.334] | v4:G2[0.332,0.333,0.334][TopoTrace Step 0] v0:G2[0.333,0.333,0.334] | v1:G0[0.334,0.333,0.333] | v2:G0[0.334,0.333,0.332] | v3:G2[0.333,0.333,0.334] | v4:G2[0.332,0.333,0.334]

[TopoTrace Step 0] v0:G2[0.333,0.333,0.334] | v1:G0[0.334,0.333,0.333] | v2:G0[0.334,0.333,0.332] | v3:G2[0.333,0.333,0.334] | v4:G2[0.332,0.333,0.334]
[TopoTrace Step 0] v0:G2[0.333,0.333,0.334] | v1:G0[0.334,0.333,0.333] | v2:G0[0.334,0.333,0.332] | v3:G2[0.333,0.333,0.334] | v4:G2[0.332,0.333,0.334]
[TopoTrace Step 0] v0:G2[0.333,0.333,0.334] | v1:G0[0.334,0.333,0.333] | v2:G0[0.334,0.333,0.332] | v3:G2[0.333,0.333,0.334] | v4:G2[0.332,0.333,0.334][TopoTrace Step 0] v0:G2[0.333,0.333,0.334] | v1:G0[0.334,0.333,0.333] | v2:G0[0.334,0.333,0.332] | v3:G2[0.333,0.333,0.334] | v4:G2[0.332,0.333,0.334]

[TopoTrace Step 0] v0:G2[0.333,0.333,0.334] | v1:G0[0.334,0.333,0.333] | v2:G0[0.334,0.333,0.332] | v3:G2[0.333,0.333,0.334] | v4:G2[0.332,0.333,0.334]
[TopoTrace Step 0] v0:G2[0.333,0.333,0.334] | v1:G0[0.334,0.333,0.333] | v2:G0[0.334,0.333,0.332] | v3:G2[0.333,0.333,0.334] | v4:G2[0.332,0.333,0.334]
[TopoTrace Step 0] v0:G2[0.333,0.333,0.334] | v1:G0[0.334,0.333,0.333] | v2:G0[0.334,0.333,0.332] | v3:G2[0.333,0.333,0.334] | v4:G2[0.332,0.333,0.334][TopoTrace Step 0] v0:G2[0.333,0.333,0.334] | v1:G0[0.334,0.333,0.333] | v2:G0[0.334,0.333,0.332] | v3:G2[0.333,0.333,0.334] | v4:G2[0.332,0.333,0.334]

[TopoTrace Step 0] v0:G2[0.333,0.333,0.334] | v1:G0[0.334,0.333,0.333] | v2:G0[0.334,0.333,0.332] | v3:G2[0.333,0.333,0.334] | v4:G2[0.332,0.333,0.334]
[TopoTrace Step 0] v0:G2[0.333,0.333,0.334] | v1:G0[0.334,0.333,0.333] | v2:G0[0.334,0.333,0.332] | v3:G2[0.333,0.333,0.334] | v4:G2[0.332,0.333,0.334]
[TopoTrace Step 0] v0:G2[0.333,0.333,0.334] | v1:G0[0.334,0.333,0.333] | v2:G0[0.334,0.333,0.332] | v3:G2[0.333,0.333,0.334] | v4:G2[0.332,0.333,0.334][TopoTrace Step 0] v0:G2[0.333,0.333,0.334] | v1:G0[0.334,0.333,0.333] | v2:G0[0.334,0.333,0.332] | v3:G2[0.333,0.333,0.334] | v4:G2[0.332,0.333,0.334]

[TopoTrace Step 0] v0:G2[0.333,0.333,0.334] | v1:G0[0.334,0.333,0.333] | v2:G0[0.334,0.333,0.332] | v3:G2[0.333,0.333,0.334] | v4:G2[0.332,0.333,0.334]
[TopoTrace Step 0] v0:G2[0.333,0.333,0.334] | v1:G0[0.334,0.333,0.333] | v2:G0[0.334,0.333,0.332] | v3:G2[0.333,0.333,0.334] | v4:G2[0.332,0.333,0.334]
[TopoTrace Step 0] v0:G2[0.333,0.333,0.334] | v1:G0[0.334,0.333,0.333] | v2:G0[0.334,0.333,0.332] | v3:G2[0.333,0.333,0.334] | v4:G2[0.332,0.333,0.334][TopoTrace Step 0] v0:G2[0.333,0.333,0.334] | v1:G0[0.334,0.333,0.333] | v2:G0[0.334,0.333,0.332] | v3:G2[0.333,0.333,0.334] | v4:G2[0.332,0.333,0.334]

[TopoTrace Step 0] v0:G2[0.333,0.333,0.334] | v1:G0[0.334,0.333,0.333] | v2:G0[0.334,0.333,0.332] | v3:G2[0.333,0.333,0.334] | v4:G2[0.332,0.333,0.334]
[TopoTrace Step 0] v0:G2[0.333,0.333,0.334] | v1:G0[0.334,0.333,0.333] | v2:G0[0.334,0.333,0.332] | v3:G2[0.333,0.333,0.334] | v4:G2[0.332,0.333,0.334]
[TopoTrace Step 0] v0:G2[0.333,0.333,0.334] | v1:G0[0.334,0.333,0.333] | v2:G0[0.334,0.333,0.332] | v3:G2[0.333,0.333,0.334] | v4:G2[0.332,0.333,0.334][TopoTrace Step 0] v0:G2[0.333,0.333,0.334] | v1:G0[0.334,0.333,0.333] | v2:G0[0.334,0.333,0.332] | v3:G2[0.333,0.333,0.334] | v4:G2[0.332,0.333,0.334]

[TopoTrace Step 0] v0:G2[0.333,0.333,0.334] | v1:G0[0.334,0.333,0.333] | v2:G0[0.334,0.333,0.332] | v3:G2[0.333,0.333,0.334] | v4:G2[0.332,0.333,0.334]
[TopoTrace Step 0] v0:G2[0.333,0.333,0.334] | v1:G0[0.334,0.333,0.333] | v2:G0[0.334,0.333,0.332] | v3:G2[0.333,0.333,0.334] | v4:G2[0.332,0.333,0.334]
[TopoTrace Step 0] v0:G2[0.333,0.333,0.334] | v1:G0[0.334,0.333,0.333] | v2:G0[0.334,0.333,0.332] | v3:G2[0.333,0.333,0.334] | v4:G2[0.332,0.333,0.334]
[TopoTrace Step 0] v0:G2[0.333,0.333,0.334] | v1:G0[0.334,0.333,0.333] | v2:G0[0.334,0.333,0.332] | v3:G2[0.333,0.333,0.334] | v4:G2[0.332,0.333,0.334]
[TopoTrace Step 0] v0:G2[0.333,0.333,0.334] | v1:G0[0.334,0.333,0.333] | v2:G0[0.334,0.333,0.332] | v3:G2[0.333,0.333,0.334] | v4:G2[0.332,0.333,0.334]
[TopoTrace Step 0] v0:G2[0.333,0.333,0.334] | v1:G0[0.334,0.333,0.333] | v2:G0[0.334,0.333,0.332] | v3:G2[0.333,0.333,0.334] | v4:G2[0.332,0.333,0.334]
[TopoTrace Step 0] v0:G2[0.333,0.333,0.334] | v1:G0[0.334,0.333,0.333] | v2:G0[0.334,0.333,0.332] | v3:G2[0.333,0.333,0.334] | v4:G2[0.332,0.333,0.334]
[TopoTrace Step 0] v0:G2[0.333,0.333,0.334] | v1:G0[0.334,0.333,0.333] | v2:G0[0.334,0.333,0.332] | v3:G2[0.333,0.333,0.334] | v4:G2[0.332,0.333,0.334]
[TopoTrace Step 0] v0:G2[0.333,0.333,0.334] | v1:G0[0.334,0.333,0.333] | v2:G0[0.334,0.333,0.332] | v3:G2[0.333,0.333,0.334] | v4:G2[0.332,0.333,0.334]
[TopoTrace Step 0] v0:G2[0.333,0.333,0.334] | v1:G0[0.334,0.333,0.333] | v2:G0[0.334,0.333,0.332] | v3:G2[0.333,0.333,0.334] | v4:G2[0.332,0.333,0.334]
[TopoTrace Step 0] v0:G2[0.333,0.333,0.334] | v1:G0[0.334,0.333,0.333] | v2:G0[0.334,0.333,0.332] | v3:G2[0.333,0.333,0.334] | v4:G2[0.332,0.333,0.334]
[TopoTrace Step 0] v0:G2[0.333,0.333,0.334] | v1:G0[0.334,0.333,0.333] | v2:G0[0.334,0.333,0.332] | v3:G2[0.333,0.333,0.334] | v4:G2[0.332,0.333,0.334]
[TopoTrace Step 0] v0:G2[0.333,0.333,0.334] | v1:G0[0.334,0.333,0.333] | v2:G0[0.334,0.333,0.332] | v3:G2[0.333,0.333,0.334] | v4:G2[0.332,0.333,0.334]
[TopoTrace Step 0] v0:G2[0.333,0.333,0.334] | v1:G0[0.334,0.333,0.333] | v2:G0[0.334,0.333,0.332] | v3:G2[0.333,0.333,0.334] | v4:G2[0.332,0.333,0.334]
[TopoTrace Step 0] v0:G2[0.333,0.333,0.334] | v1:G0[0.334,0.333,0.333] | v2:G0[0.334,0.333,0.332] | v3:G2[0.333,0.333,0.334] | v4:G2[0.332,0.333,0.334]
[TopoTrace Step 0] v0:G2[0.333,0.333,0.334] | v1:G0[0.334,0.333,0.333] | v2:G0[0.334,0.333,0.332] | v3:G2[0.333,0.333,0.334] | v4:G2[0.332,0.333,0.334]
[TopoTrace Step 0] v0:G2[0.333,0.333,0.334] | v1:G0[0.334,0.333,0.333] | v2:G0[0.334,0.333,0.332] | v3:G2[0.333,0.333,0.334] | v4:G2[0.332,0.333,0.334]
[TopoTrace Step 0] v0:G2[0.333,0.333,0.334] | v1:G0[0.334,0.333,0.333] | v2:G0[0.334,0.333,0.332] | v3:G2[0.333,0.333,0.334] | v4:G2[0.332,0.333,0.334]
[TopoTrace Step 0] v0:G2[0.333,0.333,0.334] | v1:G0[0.334,0.333,0.333] | v2:G0[0.334,0.333,0.332] | v3:G2[0.333,0.333,0.334] | v4:G2[0.332,0.333,0.334]
[TopoTrace Step 0] v0:G2[0.333,0.333,0.334] | v1:G0[0.334,0.333,0.333] | v2:G0[0.334,0.333,0.332] | v3:G2[0.333,0.333,0.334] | v4:G2[0.332,0.333,0.334]
[TopoTrace Step 0] v0:G2[0.333,0.333,0.334] | v1:G0[0.334,0.333,0.333] | v2:G0[0.334,0.333,0.332] | v3:G2[0.333,0.333,0.334] | v4:G2[0.332,0.333,0.334]
[TopoTrace Step 0] v0:G2[0.333,0.333,0.334] | v1:G0[0.334,0.333,0.333] | v2:G0[0.334,0.333,0.332] | v3:G2[0.333,0.333,0.334] | v4:G2[0.332,0.333,0.334]
[TopoTrace Step 0] v0:G2[0.333,0.333,0.334] | v1:G0[0.334,0.333,0.333] | v2:G0[0.334,0.333,0.332] | v3:G2[0.333,0.333,0.334] | v4:G2[0.332,0.333,0.334][TopoTrace Step 0] v0:G2[0.333,0.333,0.334] | v1:G0[0.334,0.333,0.333] | v2:G0[0.334,0.333,0.332] | v3:G2[0.333,0.333,0.334] | v4:G2[0.332,0.333,0.334]

[TopoTrace Step 0] v0:G2[0.333,0.333,0.334] | v1:G0[0.334,0.333,0.333] | v2:G0[0.334,0.333,0.332] | v3:G2[0.333,0.333,0.334] | v4:G2[0.332,0.333,0.334]
[TopoTrace Step 0] v0:G2[0.333,0.333,0.334] | v1:G0[0.334,0.333,0.333] | v2:G0[0.334,0.333,0.332] | v3:G2[0.333,0.333,0.334] | v4:G2[0.332,0.333,0.334]
[TopoTrace Step 0] v0:G2[0.333,0.333,0.334] | v1:G0[0.334,0.333,0.333] | v2:G0[0.334,0.333,0.332] | v3:G2[0.333,0.333,0.334] | v4:G2[0.332,0.333,0.334]
[TopoTrace Step 0] v0:G2[0.333,0.333,0.334] | v1:G0[0.334,0.333,0.333] | v2:G0[0.334,0.333,0.332] | v3:G2[0.333,0.333,0.334] | v4:G2[0.332,0.333,0.334]
[TopoTrace Step 0] v0:G2[0.333,0.333,0.334] | v1:G0[0.334,0.333,0.333] | v2:G0[0.334,0.333,0.332] | v3:G2[0.333,0.333,0.334] | v4:G2[0.332,0.333,0.334]
[TopoTrace Step 0] v0:G2[0.333,0.333,0.334] | v1:G0[0.334,0.333,0.333] | v2:G0[0.334,0.333,0.332] | v3:G2[0.333,0.333,0.334] | v4:G2[0.332,0.333,0.334]
[TopoTrace Step 0] v0:G2[0.333,0.333,0.334] | v1:G0[0.334,0.333,0.333] | v2:G0[0.334,0.333,0.332] | v3:G2[0.333,0.333,0.334] | v4:G2[0.332,0.333,0.334]
[TopoTrace Step 0] v0:G2[0.333,0.333,0.334] | v1:G0[0.334,0.333,0.333] | v2:G0[0.334,0.333,0.332] | v3:G2[0.333,0.333,0.334] | v4:G2[0.332,0.333,0.334]
[TopoTrace Step 0] v0:G2[0.333,0.333,0.334] | v1:G0[0.334,0.333,0.333] | v2:G0[0.334,0.333,0.332] | v3:G2[0.333,0.333,0.334] | v4:G2[0.332,0.333,0.334]
[TopoTrace Step 0] v0:G2[0.333,0.333,0.334] | v1:G0[0.334,0.333,0.333] | v2:G0[0.334,0.333,0.332] | v3:G2[0.333,0.333,0.334] | v4:G2[0.332,0.333,0.334]
[TopoTrace Step 0] v0:G2[0.333,0.333,0.334] | v1:G0[0.334,0.333,0.333] | v2:G0[0.334,0.333,0.332] | v3:G2[0.333,0.333,0.334] | v4:G2[0.332,0.333,0.334]
[TopoTrace Step 0] v0:G2[0.333,0.333,0.334] | v1:G0[0.334,0.333,0.333] | v2:G0[0.334,0.333,0.332] | v3:G2[0.333,0.333,0.334] | v4:G2[0.332,0.333,0.334]
[TopoTrace Step 0] v0:G2[0.333,0.333,0.334] | v1:G0[0.334,0.333,0.333] | v2:G0[0.334,0.333,0.332] | v3:G2[0.333,0.333,0.334] | v4:G2[0.332,0.333,0.334]
[TopoTrace Step 0] v0:G2[0.333,0.333,0.334] | v1:G0[0.334,0.333,0.333] | v2:G0[0.334,0.333,0.332] | v3:G2[0.333,0.333,0.334] | v4:G2[0.332,0.333,0.334]
[TopoTrace Step 0] v0:G2[0.333,0.333,0.334] | v1:G0[0.334,0.333,0.333] | v2:G0[0.334,0.333,0.332] | v3:G2[0.333,0.333,0.334] | v4:G2[0.332,0.333,0.334]
[TopoTrace Step 0] v0:G2[0.333,0.333,0.334] | v1:G0[0.334,0.333,0.333] | v2:G0[0.334,0.333,0.332] | v3:G2[0.333,0.333,0.334] | v4:G2[0.332,0.333,0.334]
[TopoTrace Step 0] v0:G2[0.333,0.333,0.334] | v1:G0[0.334,0.333,0.333] | v2:G0[0.334,0.333,0.332] | v3:G2[0.333,0.333,0.334] | v4:G2[0.332,0.333,0.334]
[TopoTrace Step 0] v0:G2[0.333,0.333,0.334] | v1:G0[0.334,0.333,0.333] | v2:G0[0.334,0.333,0.332] | v3:G2[0.333,0.333,0.334] | v4:G2[0.332,0.333,0.334]
[TopoTrace Step 0] v0:G2[0.333,0.333,0.334] | v1:G0[0.334,0.333,0.333] | v2:G0[0.334,0.333,0.332] | v3:G2[0.333,0.333,0.334] | v4:G2[0.332,0.333,0.334]
[TopoTrace Step 0] v0:G2[0.333,0.333,0.334] | v1:G0[0.334,0.333,0.333] | v2:G0[0.334,0.333,0.332] | v3:G2[0.333,0.333,0.334] | v4:G2[0.332,0.333,0.334]
[TopoTrace Step 0] v0:G2[0.333,0.333,0.334] | v1:G0[0.334,0.333,0.333] | v2:G0[0.334,0.333,0.332] | v3:G2[0.333,0.333,0.334] | v4:G2[0.332,0.333,0.334]
[TopoTrace Step 0] v0:G2[0.333,0.333,0.334] | v1:G0[0.334,0.333,0.333] | v2:G0[0.334,0.333,0.332] | v3:G2[0.333,0.333,0.334] | v4:G2[0.332,0.333,0.334]
[TopoTrace Step 0] v0:G2[0.333,0.333,0.334] | v1:G0[0.334,0.333,0.333] | v2:G0[0.334,0.333,0.332] | v3:G2[0.333,0.333,0.334] | v4:G2[0.332,0.333,0.334][TopoTrace Step 0] v0:G2[0.333,0.333,0.334] | v1:G0[0.334,0.333,0.333] | v2:G0[0.334,0.333,0.332] | v3:G2[0.333,0.333,0.334] | v4:G2[0.332,0.333,0.334]

[TopoTrace Step 0] v0:G2[0.333,0.333,0.334] | v1:G0[0.334,0.333,0.333] | v2:G0[0.334,0.333,0.332] | v3:G2[0.333,0.333,0.334] | v4:G2[0.332,0.333,0.334]
[TopoTrace Step 0] v0:G2[0.333,0.333,0.334] | v1:G0[0.334,0.333,0.333] | v2:G0[0.334,0.333,0.332] | v3:G2[0.333,0.333,0.334] | v4:G2[0.332,0.333,0.334]
[TopoTrace Step 0] v0:G2[0.333,0.333,0.334] | v1:G0[0.334,0.333,0.333] | v2:G0[0.334,0.333,0.332] | v3:G2[0.333,0.333,0.334] | v4:G2[0.332,0.333,0.334][TopoTrace Step 0] v0:G2[0.333,0.333,0.334] | v1:G0[0.334,0.333,0.333] | v2:G0[0.334,0.333,0.332] | v3:G2[0.333,0.333,0.334] | v4:G2[0.332,0.333,0.334]

[TopoTrace Step 0] v0:G2[0.333,0.333,0.334] | v1:G0[0.334,0.333,0.333] | v2:G0[0.334,0.333,0.332] | v3:G2[0.333,0.333,0.334] | v4:G2[0.332,0.333,0.334]
[TopoTrace Step 0] v0:G2[0.333,0.333,0.334] | v1:G0[0.334,0.333,0.333] | v2:G0[0.334,0.333,0.332] | v3:G2[0.333,0.333,0.334] | v4:G2[0.332,0.333,0.334]
[TopoTrace Step 0] v0:G2[0.333,0.333,0.334] | v1:G0[0.334,0.333,0.333] | v2:G0[0.334,0.333,0.332] | v3:G2[0.333,0.333,0.334] | v4:G2[0.332,0.333,0.334][TopoTrace Step 0] v0:G2[0.333,0.333,0.334] | v1:G0[0.334,0.333,0.333] | v2:G0[0.334,0.333,0.332] | v3:G2[0.333,0.333,0.334] | v4:G2[0.332,0.333,0.334]

[TopoTrace Step 0] v0:G2[0.333,0.333,0.334] | v1:G0[0.334,0.333,0.333] | v2:G0[0.334,0.333,0.332] | v3:G2[0.333,0.333,0.334] | v4:G2[0.332,0.333,0.334]
[TopoTrace Step 0] v0:G2[0.333,0.333,0.334] | v1:G0[0.334,0.333,0.333] | v2:G0[0.334,0.333,0.332] | v3:G2[0.333,0.333,0.334] | v4:G2[0.332,0.333,0.334]
[TopoTrace Step 0] v0:G2[0.333,0.333,0.334] | v1:G0[0.334,0.333,0.333] | v2:G0[0.334,0.333,0.332] | v3:G2[0.333,0.333,0.334] | v4:G2[0.332,0.333,0.334][TopoTrace Step 0] v0:G2[0.333,0.333,0.334] | v1:G0[0.334,0.333,0.333] | v2:G0[0.334,0.333,0.332] | v3:G2[0.333,0.333,0.334] | v4:G2[0.332,0.333,0.334]

[TopoTrace Step 0] v0:G2[0.333,0.333,0.334] | v1:G0[0.334,0.333,0.333] | v2:G0[0.334,0.333,0.332] | v3:G2[0.333,0.333,0.334] | v4:G2[0.332,0.333,0.334]
[TopoTrace Step 0] v0:G2[0.333,0.333,0.334] | v1:G0[0.334,0.333,0.333] | v2:G0[0.334,0.333,0.332] | v3:G2[0.333,0.333,0.334] | v4:G2[0.332,0.333,0.334]
[TopoTrace Step 0] v0:G2[0.333,0.333,0.334] | v1:G0[0.334,0.333,0.333] | v2:G0[0.334,0.333,0.332] | v3:G2[0.333,0.333,0.334] | v4:G2[0.332,0.333,0.334][TopoTrace Step 0] v0:G2[0.333,0.333,0.334] | v1:G0[0.334,0.333,0.333] | v2:G0[0.334,0.333,0.332] | v3:G2[0.333,0.333,0.334] | v4:G2[0.332,0.333,0.334]

[TopoTrace Step 0] v0:G2[0.333,0.333,0.334] | v1:G0[0.334,0.333,0.333] | v2:G0[0.334,0.333,0.332] | v3:G2[0.333,0.333,0.334] | v4:G2[0.332,0.333,0.334]
[TopoTrace Step 0] v0:G2[0.333,0.333,0.334] | v1:G0[0.334,0.333,0.333] | v2:G0[0.334,0.333,0.332] | v3:G2[0.333,0.333,0.334] | v4:G2[0.332,0.333,0.334]
[TopoTrace Step 0] v0:G2[0.333,0.333,0.334] | v1:G0[0.334,0.333,0.333] | v2:G0[0.334,0.333,0.332] | v3:G2[0.333,0.333,0.334] | v4:G2[0.332,0.333,0.334]
[TopoTrace Step 0] v0:G2[0.333,0.333,0.334] | v1:G0[0.334,0.333,0.333] | v2:G0[0.334,0.333,0.332] | v3:G2[0.333,0.333,0.334] | v4:G2[0.332,0.333,0.334]
[TopoTrace Step 0] v0:G2[0.333,0.333,0.334] | v1:G0[0.334,0.333,0.333] | v2:G0[0.334,0.333,0.332] | v3:G2[0.333,0.333,0.334] | v4:G2[0.332,0.333,0.334]
[TopoTrace Step 0] v0:G2[0.333,0.333,0.334] | v1:G0[0.334,0.333,0.333] | v2:G0[0.334,0.333,0.332] | v3:G2[0.333,0.333,0.334] | v4:G2[0.332,0.333,0.334]
[TopoTrace Step 0] v0:G2[0.333,0.333,0.334] | v1:G0[0.334,0.333,0.333] | v2:G0[0.334,0.333,0.332] | v3:G2[0.333,0.333,0.334] | v4:G2[0.332,0.333,0.334]
[TopoTrace Step 0] v0:G2[0.333,0.333,0.334] | v1:G0[0.334,0.333,0.333] | v2:G0[0.334,0.333,0.332] | v3:G2[0.333,0.333,0.334] | v4:G2[0.332,0.333,0.334]
[TopoTrace Step 0] v0:G2[0.333,0.333,0.334] | v1:G0[0.334,0.333,0.333] | v2:G0[0.334,0.333,0.332] | v3:G2[0.333,0.333,0.334] | v4:G2[0.332,0.333,0.334]
[TopoTrace Step 0] v0:G2[0.333,0.333,0.334] | v1:G0[0.334,0.333,0.333] | v2:G0[0.334,0.333,0.332] | v3:G2[0.333,0.333,0.334] | v4:G2[0.332,0.333,0.334]
[TopoTrace Step 0] v0:G2[0.333,0.333,0.334] | v1:G0[0.334,0.333,0.333] | v2:G0[0.334,0.333,0.332] | v3:G2[0.333,0.333,0.334] | v4:G2[0.332,0.333,0.334][TopoTrace Step 0] v0:G2[0.333,0.333,0.334] | v1:G0[0.334,0.333,0.333] | v2:G0[0.334,0.333,0.332] | v3:G2[0.333,0.333,0.334] | v4:G2[0.332,0.333,0.334]

[TopoTrace Step 0] v0:G2[0.333,0.333,0.334] | v1:G0[0.334,0.333,0.333] | v2:G0[0.334,0.333,0.332] | v3:G2[0.333,0.333,0.334] | v4:G2[0.332,0.333,0.334]
[TopoTrace Step 0] v0:G2[0.333,0.333,0.334] | v1:G0[0.334,0.333,0.333] | v2:G0[0.334,0.333,0.332] | v3:G2[0.333,0.333,0.334] | v4:G2[0.332,0.333,0.334]
[TopoTrace Step 0] v0:G2[0.333,0.333,0.334] | v1:G0[0.334,0.333,0.333] | v2:G0[0.334,0.333,0.332] | v3:G2[0.333,0.333,0.334] | v4:G2[0.332,0.333,0.334]
[TopoTrace Step 0] v0:G2[0.333,0.333,0.334] | v1:G0[0.334,0.333,0.333] | v2:G0[0.334,0.333,0.332] | v3:G2[0.333,0.333,0.334] | v4:G2[0.332,0.333,0.334]
[TopoTrace Step 0] v0:G2[0.333,0.333,0.334] | v1:G0[0.334,0.333,0.333] | v2:G0[0.334,0.333,0.332] | v3:G2[0.333,0.333,0.334] | v4:G2[0.332,0.333,0.334]
[TopoTrace Step 0] v0:G2[0.333,0.333,0.334] | v1:G0[0.334,0.333,0.333] | v2:G0[0.334,0.333,0.332] | v3:G2[0.333,0.333,0.334] | v4:G2[0.332,0.333,0.334]
[TopoTrace Step 0] v0:G2[0.333,0.333,0.334] | v1:G0[0.334,0.333,0.333] | v2:G0[0.334,0.333,0.332] | v3:G2[0.333,0.333,0.334] | v4:G2[0.332,0.333,0.334]
[TopoTrace Step 0] v0:G2[0.333,0.333,0.334] | v1:G0[0.334,0.333,0.333] | v2:G0[0.334,0.333,0.332] | v3:G2[0.333,0.333,0.334] | v4:G2[0.332,0.333,0.334]
[TopoTrace Step 0] v0:G2[0.333,0.333,0.334] | v1:G0[0.334,0.333,0.333] | v2:G0[0.334,0.333,0.332] | v3:G2[0.333,0.333,0.334] | v4:G2[0.332,0.333,0.334]
[TopoTrace Step 0] v0:G2[0.333,0.333,0.334] | v1:G0[0.334,0.333,0.333] | v2:G0[0.334,0.333,0.332] | v3:G2[0.333,0.333,0.334] | v4:G2[0.332,0.333,0.334]
[TopoTrace Step 0] v0:G2[0.333,0.333,0.334] | v1:G0[0.334,0.333,0.333] | v2:G0[0.334,0.333,0.332] | v3:G2[0.333,0.333,0.334] | v4:G2[0.332,0.333,0.334]
[TopoTrace Step 0] v0:G2[0.333,0.333,0.334] | v1:G0[0.334,0.333,0.333] | v2:G0[0.334,0.333,0.332] | v3:G2[0.333,0.333,0.334] | v4:G2[0.332,0.333,0.334]
[TopoTrace Step 0] v0:G2[0.333,0.333,0.334] | v1:G0[0.334,0.333,0.333] | v2:G0[0.334,0.333,0.332] | v3:G2[0.333,0.333,0.334] | v4:G2[0.332,0.333,0.334]
[TopoTrace Step 0] v0:G2[0.333,0.333,0.334] | v1:G0[0.334,0.333,0.333] | v2:G0[0.334,0.333,0.332] | v3:G2[0.333,0.333,0.334] | v4:G2[0.332,0.333,0.334]
[TopoTrace Step 0] v0:G2[0.333,0.333,0.334] | v1:G0[0.334,0.333,0.333] | v2:G0[0.334,0.333,0.332] | v3:G2[0.333,0.333,0.334] | v4:G2[0.332,0.333,0.334][TopoTrace Step 0] v0:G2[0.333,0.333,0.334] | v1:G0[0.334,0.333,0.333] | v2:G0[0.334,0.333,0.332] | v3:G2[0.333,0.333,0.334] | v4:G2[0.332,0.333,0.334]

[TopoTrace Step 0] v0:G2[0.333,0.333,0.334] | v1:G0[0.334,0.333,0.333] | v2:G0[0.334,0.333,0.332] | v3:G2[0.333,0.333,0.334] | v4:G2[0.332,0.333,0.334]
[TopoTrace Step 0] v0:G2[0.333,0.333,0.334] | v1:G0[0.334,0.333,0.333] | v2:G0[0.334,0.333,0.332] | v3:G2[0.333,0.333,0.334] | v4:G2[0.332,0.333,0.334]
[TopoTrace Step 0] v0:G2[0.333,0.333,0.334] | v1:G0[0.334,0.333,0.333] | v2:G0[0.334,0.333,0.332] | v3:G2[0.333,0.333,0.334] | v4:G2[0.332,0.333,0.334][TopoTrace Step 0] v0:G2[0.333,0.333,0.334] | v1:G0[0.334,0.333,0.333] | v2:G0[0.334,0.333,0.332] | v3:G2[0.333,0.333,0.334] | v4:G2[0.332,0.333,0.334]

[TopoTrace Step 0] v0:G2[0.333,0.333,0.334] | v1:G0[0.334,0.333,0.333] | v2:G0[0.334,0.333,0.332] | v3:G2[0.333,0.333,0.334] | v4:G2[0.332,0.333,0.334]
[TopoTrace Step 0] v0:G2[0.333,0.333,0.334] | v1:G0[0.334,0.333,0.333] | v2:G0[0.334,0.333,0.332] | v3:G2[0.333,0.333,0.334] | v4:G2[0.332,0.333,0.334]
[TopoTrace Step 0] v0:G2[0.333,0.333,0.334] | v1:G0[0.334,0.333,0.333] | v2:G0[0.334,0.333,0.332] | v3:G2[0.333,0.333,0.334] | v4:G2[0.332,0.333,0.334][TopoTrace Step 0] v0:G2[0.333,0.333,0.334] | v1:G0[0.334,0.333,0.333] | v2:G0[0.334,0.333,0.332] | v3:G2[0.333,0.333,0.334] | v4:G2[0.332,0.333,0.334]

[TopoTrace Step 0] v0:G2[0.333,0.333,0.334] | v1:G0[0.334,0.333,0.333] | v2:G0[0.334,0.333,0.332] | v3:G2[0.333,0.333,0.334] | v4:G2[0.332,0.333,0.334]
[TopoTrace Step 0] v0:G2[0.333,0.333,0.334] | v1:G0[0.334,0.333,0.333] | v2:G0[0.334,0.333,0.332] | v3:G2[0.333,0.333,0.334] | v4:G2[0.332,0.333,0.334]
[TopoTrace Step 0] v0:G2[0.333,0.333,0.334] | v1:G0[0.334,0.333,0.333] | v2:G0[0.334,0.333,0.332] | v3:G2[0.333,0.333,0.334] | v4:G2[0.332,0.333,0.334][TopoTrace Step 0] v0:G2[0.333,0.333,0.334] | v1:G0[0.334,0.333,0.333] | v2:G0[0.334,0.333,0.332] | v3:G2[0.333,0.333,0.334] | v4:G2[0.332,0.333,0.334]

[TopoTrace Step 0] v0:G2[0.333,0.333,0.334] | v1:G0[0.334,0.333,0.333] | v2:G0[0.334,0.333,0.332] | v3:G2[0.333,0.333,0.334] | v4:G2[0.332,0.333,0.334]
[TopoTrace Step 0] v0:G2[0.333,0.333,0.334] | v1:G0[0.334,0.333,0.333] | v2:G0[0.334,0.333,0.332] | v3:G2[0.333,0.333,0.334] | v4:G2[0.332,0.333,0.334]
[TopoTrace Step 0] v0:G2[0.333,0.333,0.334] | v1:G0[0.334,0.333,0.333] | v2:G0[0.334,0.333,0.332] | v3:G2[0.333,0.333,0.334] | v4:G2[0.332,0.333,0.334]
[TopoTrace Step 0] v0:G2[0.333,0.333,0.334] | v1:G0[0.334,0.333,0.333] | v2:G0[0.334,0.333,0.332] | v3:G2[0.333,0.333,0.334] | v4:G2[0.332,0.333,0.334]
[TopoTrace Step 0] v0:G2[0.333,0.333,0.334] | v1:G0[0.334,0.333,0.333] | v2:G0[0.334,0.333,0.332] | v3:G2[0.333,0.333,0.334] | v4:G2[0.332,0.333,0.334]
[TopoTrace Step 0] v0:G2[0.333,0.333,0.334] | v1:G0[0.334,0.333,0.333] | v2:G0[0.334,0.333,0.332] | v3:G2[0.333,0.333,0.334] | v4:G2[0.332,0.333,0.334]
[TopoTrace Step 0] v0:G2[0.333,0.333,0.334] | v1:G0[0.334,0.333,0.333] | v2:G0[0.334,0.333,0.332] | v3:G2[0.333,0.333,0.334] | v4:G2[0.332,0.333,0.334][TopoTrace Step 0] v0:G2[0.333,0.333,0.334] | v1:G0[0.334,0.333,0.333] | v2:G0[0.334,0.333,0.332] | v3:G2[0.333,0.333,0.334] | v4:G2[0.332,0.333,0.334]

[TopoTrace Step 0] v0:G2[0.333,0.333,0.334] | v1:G0[0.334,0.333,0.333] | v2:G0[0.334,0.333,0.332] | v3:G2[0.333,0.333,0.334] | v4:G2[0.332,0.333,0.334]
[TopoTrace Step 0] v0:G2[0.333,0.333,0.334] | v1:G0[0.334,0.333,0.333] | v2:G0[0.334,0.333,0.332] | v3:G2[0.333,0.333,0.334] | v4:G2[0.332,0.333,0.334]
[TopoTrace Step 0] v0:G2[0.333,0.333,0.334] | v1:G0[0.334,0.333,0.333] | v2:G0[0.334,0.333,0.332] | v3:G2[0.333,0.333,0.334] | v4:G2[0.332,0.333,0.334]
[TopoTrace Step 0] v0:G2[0.333,0.333,0.334] | v1:G0[0.334,0.333,0.333] | v2:G0[0.334,0.333,0.332] | v3:G2[0.333,0.333,0.334] | v4:G2[0.332,0.333,0.334]
[TopoTrace Step 0] v0:G2[0.333,0.333,0.334] | v1:G0[0.334,0.333,0.333] | v2:G0[0.334,0.333,0.332] | v3:G2[0.333,0.333,0.334] | v4:G2[0.332,0.333,0.334]
[TopoTrace Step 0] v0:G2[0.333,0.333,0.334] | v1:G0[0.334,0.333,0.333] | v2:G0[0.334,0.333,0.332] | v3:G2[0.333,0.333,0.334] | v4:G2[0.332,0.333,0.334]
[TopoTrace Step 0] v0:G2[0.333,0.333,0.334] | v1:G0[0.334,0.333,0.333] | v2:G0[0.334,0.333,0.332] | v3:G2[0.333,0.333,0.334] | v4:G2[0.332,0.333,0.334]
[TopoTrace Step 0] v0:G2[0.333,0.333,0.334] | v1:G0[0.334,0.333,0.333] | v2:G0[0.334,0.333,0.332] | v3:G2[0.333,0.333,0.334] | v4:G2[0.332,0.333,0.334]
[TopoTrace Step 0] v0:G2[0.333,0.333,0.334] | v1:G0[0.334,0.333,0.333] | v2:G0[0.334,0.333,0.332] | v3:G2[0.333,0.333,0.334] | v4:G2[0.332,0.333,0.334]
[TopoTrace Step 0] v0:G2[0.333,0.333,0.334] | v1:G0[0.334,0.333,0.333] | v2:G0[0.334,0.333,0.332] | v3:G2[0.333,0.333,0.334] | v4:G2[0.332,0.333,0.334]
[TopoTrace Step 0] v0:G2[0.333,0.333,0.334] | v1:G0[0.334,0.333,0.333] | v2:G0[0.334,0.333,0.332] | v3:G2[0.333,0.333,0.334] | v4:G2[0.332,0.333,0.334][TopoTrace Step 0] v0:G2[0.333,0.333,0.334] | v1:G0[0.334,0.333,0.333] | v2:G0[0.334,0.333,0.332] | v3:G2[0.333,0.333,0.334] | v4:G2[0.332,0.333,0.334]

[TopoTrace Step 0] v0:G2[0.333,0.333,0.334] | v1:G0[0.334,0.333,0.333] | v2:G0[0.334,0.333,0.332] | v3:G2[0.333,0.333,0.334] | v4:G2[0.332,0.333,0.334]
[TopoTrace Step 0] v0:G2[0.333,0.333,0.334] | v1:G0[0.334,0.333,0.333] | v2:G0[0.334,0.333,0.332] | v3:G2[0.333,0.333,0.334] | v4:G2[0.332,0.333,0.334]
[TopoTrace Step 0] v0:G2[0.333,0.333,0.334] | v1:G0[0.334,0.333,0.333] | v2:G0[0.334,0.333,0.332] | v3:G2[0.333,0.333,0.334] | v4:G2[0.332,0.333,0.334][TopoTrace Step 0] v0:G2[0.333,0.333,0.334] | v1:G0[0.334,0.333,0.333] | v2:G0[0.334,0.333,0.332] | v3:G2[0.333,0.333,0.334] | v4:G2[0.332,0.333,0.334]

[TopoTrace Step 0] v0:G2[0.333,0.333,0.334] | v1:G0[0.334,0.333,0.333] | v2:G0[0.334,0.333,0.332] | v3:G2[0.333,0.333,0.334] | v4:G2[0.332,0.333,0.334]
[TopoTrace Step 0] v0:G2[0.333,0.333,0.334] | v1:G0[0.334,0.333,0.333] | v2:G0[0.334,0.333,0.332] | v3:G2[0.333,0.333,0.334] | v4:G2[0.332,0.333,0.334]
[TopoTrace Step 0] v0:G2[0.333,0.333,0.334] | v1:G0[0.334,0.333,0.333] | v2:G0[0.334,0.333,0.332] | v3:G2[0.333,0.333,0.334] | v4:G2[0.332,0.333,0.334]
[TopoTrace Step 0] v0:G2[0.333,0.333,0.334] | v1:G0[0.334,0.333,0.333] | v2:G0[0.334,0.333,0.332] | v3:G2[0.333,0.333,0.334] | v4:G2[0.332,0.333,0.334]
[TopoTrace Step 0] v0:G2[0.333,0.333,0.334] | v1:G0[0.334,0.333,0.333] | v2:G0[0.334,0.333,0.332] | v3:G2[0.333,0.333,0.334] | v4:G2[0.332,0.333,0.334]
[TopoTrace Step 0] v0:G2[0.333,0.333,0.334] | v1:G0[0.334,0.333,0.333] | v2:G0[0.334,0.333,0.332] | v3:G2[0.333,0.333,0.334] | v4:G2[0.332,0.333,0.334]
[TopoTrace Step 0] v0:G2[0.333,0.333,0.334] | v1:G0[0.334,0.333,0.333] | v2:G0[0.334,0.333,0.332] | v3:G2[0.333,0.333,0.334] | v4:G2[0.332,0.333,0.334][TopoTrace Step 0] v0:G2[0.333,0.333,0.334] | v1:G0[0.334,0.333,0.333] | v2:G0[0.334,0.333,0.332] | v3:G2[0.333,0.333,0.334] | v4:G2[0.332,0.333,0.334]

[TopoTrace Step 0] v0:G2[0.333,0.333,0.334] | v1:G0[0.334,0.333,0.333] | v2:G0[0.334,0.333,0.332] | v3:G2[0.333,0.333,0.334] | v4:G2[0.332,0.333,0.334]
[TopoTrace Step 0] v0:G2[0.333,0.333,0.334] | v1:G0[0.334,0.333,0.333] | v2:G0[0.334,0.333,0.332] | v3:G2[0.333,0.333,0.334] | v4:G2[0.332,0.333,0.334]
[TopoTrace Step 0] v0:G2[0.333,0.333,0.334] | v1:G0[0.334,0.333,0.333] | v2:G0[0.334,0.333,0.332] | v3:G2[0.333,0.333,0.334] | v4:G2[0.332,0.333,0.334][TopoTrace Step 0] v0:G2[0.333,0.333,0.334] | v1:G0[0.334,0.333,0.333] | v2:G0[0.334,0.333,0.332] | v3:G2[0.333,0.333,0.334] | v4:G2[0.332,0.333,0.334]

[TopoTrace Step 0] v0:G2[0.333,0.333,0.334] | v1:G0[0.334,0.333,0.333] | v2:G0[0.334,0.333,0.332] | v3:G2[0.333,0.333,0.334] | v4:G2[0.332,0.333,0.334]
[TopoTrace Step 0] v0:G2[0.333,0.333,0.334] | v1:G0[0.334,0.333,0.333] | v2:G0[0.334,0.333,0.332] | v3:G2[0.333,0.333,0.334] | v4:G2[0.332,0.333,0.334]
[TopoTrace Step 0] v0:G2[0.333,0.333,0.334] | v1:G0[0.334,0.333,0.333] | v2:G0[0.334,0.333,0.332] | v3:G2[0.333,0.333,0.334] | v4:G2[0.332,0.333,0.334][TopoTrace Step 0] v0:G2[0.333,0.333,0.334] | v1:G0[0.334,0.333,0.333] | v2:G0[0.334,0.333,0.332] | v3:G2[0.333,0.333,0.334] | v4:G2[0.332,0.333,0.334]

[TopoTrace Step 0] v0:G2[0.333,0.333,0.334] | v1:G0[0.334,0.333,0.333] | v2:G0[0.334,0.333,0.332] | v3:G2[0.333,0.333,0.334] | v4:G2[0.332,0.333,0.334]
[TopoTrace Step 0] v0:G2[0.333,0.333,0.334] | v1:G0[0.334,0.333,0.333] | v2:G0[0.334,0.333,0.332] | v3:G2[0.333,0.333,0.334] | v4:G2[0.332,0.333,0.334]
[TopoTrace Step 0] v0:G2[0.333,0.333,0.334] | v1:G0[0.334,0.333,0.333] | v2:G0[0.334,0.333,0.332] | v3:G2[0.333,0.333,0.334] | v4:G2[0.332,0.333,0.334][TopoTrace Step 0] v0:G2[0.333,0.333,0.334] | v1:G0[0.334,0.333,0.333] | v2:G0[0.334,0.333,0.332] | v3:G2[0.333,0.333,0.334] | v4:G2[0.332,0.333,0.334]

[TopoTrace Step 0] v0:G2[0.333,0.333,0.334] | v1:G0[0.334,0.333,0.333] | v2:G0[0.334,0.333,0.332] | v3:G2[0.333,0.333,0.334] | v4:G2[0.332,0.333,0.334]
[TopoTrace Step 0] v0:G2[0.333,0.333,0.334] | v1:G0[0.334,0.333,0.333] | v2:G0[0.334,0.333,0.332] | v3:G2[0.333,0.333,0.334] | v4:G2[0.332,0.333,0.334]
[TopoTrace Step 0] v0:G2[0.333,0.333,0.334] | v1:G0[0.334,0.333,0.333] | v2:G0[0.334,0.333,0.332] | v3:G2[0.333,0.333,0.334] | v4:G2[0.332,0.333,0.334][TopoTrace Step 0] v0:G2[0.333,0.333,0.334] | v1:G0[0.334,0.333,0.333] | v2:G0[0.334,0.333,0.332] | v3:G2[0.333,0.333,0.334] | v4:G2[0.332,0.333,0.334]

[TopoTrace Step 0] v0:G2[0.333,0.333,0.334] | v1:G0[0.334,0.333,0.333] | v2:G0[0.334,0.333,0.332] | v3:G2[0.333,0.333,0.334] | v4:G2[0.332,0.333,0.334]
[TopoTrace Step 0] v0:G2[0.333,0.333,0.334] | v1:G0[0.334,0.333,0.333] | v2:G0[0.334,0.333,0.332] | v3:G2[0.333,0.333,0.334] | v4:G2[0.332,0.333,0.334]
[TopoTrace Step 0] v0:G2[0.333,0.333,0.334] | v1:G0[0.334,0.333,0.333] | v2:G0[0.334,0.333,0.332] | v3:G2[0.333,0.333,0.334] | v4:G2[0.332,0.333,0.334]
[TopoTrace Step 0] v0:G2[0.333,0.333,0.334] | v1:G0[0.334,0.333,0.333] | v2:G0[0.334,0.333,0.332] | v3:G2[0.333,0.333,0.334] | v4:G2[0.332,0.333,0.334]
[TopoTrace Step 0] v0:G2[0.333,0.333,0.334] | v1:G0[0.334,0.333,0.333] | v2:G0[0.334,0.333,0.332] | v3:G2[0.333,0.333,0.334] | v4:G2[0.332,0.333,0.334]
[TopoTrace Step 0] v0:G2[0.333,0.333,0.334] | v1:G0[0.334,0.333,0.333] | v2:G0[0.334,0.333,0.332] | v3:G2[0.333,0.333,0.334] | v4:G2[0.332,0.333,0.334]
[TopoTrace Step 0] v0:G2[0.333,0.333,0.334] | v1:G0[0.334,0.333,0.333] | v2:G0[0.334,0.333,0.332] | v3:G2[0.333,0.333,0.334] | v4:G2[0.332,0.333,0.334][TopoTrace Step 0] v0:G2[0.333,0.333,0.334] | v1:G0[0.334,0.333,0.333] | v2:G0[0.334,0.333,0.332] | v3:G2[0.333,0.333,0.334] | v4:G2[0.332,0.333,0.334]

[TopoTrace Step 0] v0:G2[0.333,0.333,0.334] | v1:G0[0.334,0.333,0.333] | v2:G0[0.334,0.333,0.332] | v3:G2[0.333,0.333,0.334] | v4:G2[0.332,0.333,0.334]
[TopoTrace Step 0] v0:G2[0.333,0.333,0.334] | v1:G0[0.334,0.333,0.333] | v2:G0[0.334,0.333,0.332] | v3:G2[0.333,0.333,0.334] | v4:G2[0.332,0.333,0.334]
[TopoTrace Step 0] v0:G2[0.333,0.333,0.334] | v1:G0[0.334,0.333,0.333] | v2:G0[0.334,0.333,0.332] | v3:G2[0.333,0.333,0.334] | v4:G2[0.332,0.333,0.334][TopoTrace Step 0] v0:G2[0.333,0.333,0.334] | v1:G0[0.334,0.333,0.333] | v2:G0[0.334,0.333,0.332] | v3:G2[0.333,0.333,0.334] | v4:G2[0.332,0.333,0.334]

[TopoTrace Step 0] v0:G2[0.333,0.333,0.334] | v1:G0[0.334,0.333,0.333] | v2:G0[0.334,0.333,0.332] | v3:G2[0.333,0.333,0.334] | v4:G2[0.332,0.333,0.334]
[TopoTrace Step 0] v0:G2[0.333,0.333,0.334] | v1:G0[0.334,0.333,0.333] | v2:G0[0.334,0.333,0.332] | v3:G2[0.333,0.333,0.334] | v4:G2[0.332,0.333,0.334]
[TopoTrace Step 0] v0:G2[0.333,0.333,0.334] | v1:G0[0.334,0.333,0.333] | v2:G0[0.334,0.333,0.332] | v3:G2[0.333,0.333,0.334] | v4:G2[0.332,0.333,0.334][TopoTrace Step 0] v0:G2[0.333,0.333,0.334] | v1:G0[0.334,0.333,0.333] | v2:G0[0.334,0.333,0.332] | v3:G2[0.333,0.333,0.334] | v4:G2[0.332,0.333,0.334]

[TopoTrace Step 0] v0:G2[0.333,0.333,0.334] | v1:G0[0.334,0.333,0.333] | v2:G0[0.334,0.333,0.332] | v3:G2[0.333,0.333,0.334] | v4:G2[0.332,0.333,0.334]
[TopoTrace Step 0] v0:G2[0.333,0.333,0.334] | v1:G0[0.334,0.333,0.333] | v2:G0[0.334,0.333,0.332] | v3:G2[0.333,0.333,0.334] | v4:G2[0.332,0.333,0.334]
[TopoTrace Step 0] v0:G2[0.333,0.333,0.334] | v1:G0[0.334,0.333,0.333] | v2:G0[0.334,0.333,0.332] | v3:G2[0.333,0.333,0.334] | v4:G2[0.332,0.333,0.334][TopoTrace Step 0] v0:G2[0.333,0.333,0.334] | v1:G0[0.334,0.333,0.333] | v2:G0[0.334,0.333,0.332] | v3:G2[0.333,0.333,0.334] | v4:G2[0.332,0.333,0.334]

[TopoTrace Step 0] v0:G2[0.333,0.333,0.334] | v1:G0[0.334,0.333,0.333] | v2:G0[0.334,0.333,0.332] | v3:G2[0.333,0.333,0.334] | v4:G2[0.332,0.333,0.334]
[TopoTrace Step 0] v0:G2[0.333,0.333,0.334] | v1:G0[0.334,0.333,0.333] | v2:G0[0.334,0.333,0.332] | v3:G2[0.333,0.333,0.334] | v4:G2[0.332,0.333,0.334]
[TopoTrace Step 0] v0:G2[0.333,0.333,0.334] | v1:G0[0.334,0.333,0.333] | v2:G0[0.334,0.333,0.332] | v3:G2[0.333,0.333,0.334] | v4:G2[0.332,0.333,0.334][TopoTrace Step 0] v0:G2[0.333,0.333,0.334] | v1:G0[0.334,0.333,0.333] | v2:G0[0.334,0.333,0.332] | v3:G2[0.333,0.333,0.334] | v4:G2[0.332,0.333,0.334]

[TopoTrace Step 0] v0:G2[0.333,0.333,0.334] | v1:G0[0.334,0.333,0.333] | v2:G0[0.334,0.333,0.332] | v3:G2[0.333,0.333,0.334] | v4:G2[0.332,0.333,0.334]
[TopoTrace Step 0] v0:G2[0.333,0.333,0.334] | v1:G0[0.334,0.333,0.333] | v2:G0[0.334,0.333,0.332] | v3:G2[0.333,0.333,0.334] | v4:G2[0.332,0.333,0.334]
[TopoTrace Step 0] v0:G2[0.333,0.333,0.334] | v1:G0[0.334,0.333,0.333] | v2:G0[0.334,0.333,0.332] | v3:G2[0.333,0.333,0.334] | v4:G2[0.332,0.333,0.334]
[TopoTrace Step 0] v0:G2[0.333,0.333,0.334] | v1:G0[0.334,0.333,0.333] | v2:G0[0.334,0.333,0.332] | v3:G2[0.333,0.333,0.334] | v4:G2[0.332,0.333,0.334]
[TopoTrace Step 0] v0:G2[0.333,0.333,0.334] | v1:G0[0.334,0.333,0.333] | v2:G0[0.334,0.333,0.332] | v3:G2[0.333,0.333,0.334] | v4:G2[0.332,0.333,0.334]
[TopoTrace Step 0] v0:G2[0.333,0.333,0.334] | v1:G0[0.334,0.333,0.333] | v2:G0[0.334,0.333,0.332] | v3:G2[0.333,0.333,0.334] | v4:G2[0.332,0.333,0.334]
[TopoTrace Step 0] v0:G2[0.333,0.333,0.334] | v1:G0[0.334,0.333,0.333] | v2:G0[0.334,0.333,0.332] | v3:G2[0.333,0.333,0.334] | v4:G2[0.332,0.333,0.334][TopoTrace Step 0] v0:G2[0.333,0.333,0.334] | v1:G0[0.334,0.333,0.333] | v2:G0[0.334,0.333,0.332] | v3:G2[0.333,0.333,0.334] | v4:G2[0.332,0.333,0.334]

[TopoTrace Step 0] v0:G2[0.333,0.333,0.334] | v1:G0[0.334,0.333,0.333] | v2:G0[0.334,0.333,0.332] | v3:G2[0.333,0.333,0.334] | v4:G2[0.332,0.333,0.334]
[TopoTrace Step 0] v0:G2[0.333,0.333,0.334] | v1:G0[0.334,0.333,0.333] | v2:G0[0.334,0.333,0.332] | v3:G2[0.333,0.333,0.334] | v4:G2[0.332,0.333,0.334]
[TopoTrace Step 0] v0:G2[0.333,0.333,0.334] | v1:G0[0.334,0.333,0.333] | v2:G0[0.334,0.333,0.332] | v3:G2[0.333,0.333,0.334] | v4:G2[0.332,0.333,0.334][TopoTrace Step 0] v0:G2[0.333,0.333,0.334] | v1:G0[0.334,0.333,0.333] | v2:G0[0.334,0.333,0.332] | v3:G2[0.333,0.333,0.334] | v4:G2[0.332,0.333,0.334]

[TopoTrace Step 0] v0:G2[0.333,0.333,0.334] | v1:G0[0.334,0.333,0.333] | v2:G0[0.334,0.333,0.332] | v3:G2[0.333,0.333,0.334] | v4:G2[0.332,0.333,0.334]
[TopoTrace Step 0] v0:G2[0.333,0.333,0.334] | v1:G0[0.334,0.333,0.333] | v2:G0[0.334,0.333,0.332] | v3:G2[0.333,0.333,0.334] | v4:G2[0.332,0.333,0.334]
[TopoTrace Step 0] v0:G2[0.333,0.333,0.334] | v1:G0[0.334,0.333,0.333] | v2:G0[0.334,0.333,0.332] | v3:G2[0.333,0.333,0.334] | v4:G2[0.332,0.333,0.334]
[TopoTrace Step 0] v0:G2[0.333,0.333,0.334] | v1:G0[0.334,0.333,0.333] | v2:G0[0.334,0.333,0.332] | v3:G2[0.333,0.333,0.334] | v4:G2[0.332,0.333,0.334]
[TopoTrace Step 0] v0:G2[0.333,0.333,0.334] | v1:G0[0.334,0.333,0.333] | v2:G0[0.334,0.333,0.332] | v3:G2[0.333,0.333,0.334] | v4:G2[0.332,0.333,0.334]
[TopoTrace Step 0] v0:G2[0.333,0.333,0.334] | v1:G0[0.334,0.333,0.333] | v2:G0[0.334,0.333,0.332] | v3:G2[0.333,0.333,0.334] | v4:G2[0.332,0.333,0.334]
[TopoTrace Step 0] v0:G2[0.333,0.333,0.334] | v1:G0[0.334,0.333,0.333] | v2:G0[0.334,0.333,0.332] | v3:G2[0.333,0.333,0.334] | v4:G2[0.332,0.333,0.334][TopoTrace Step 0] v0:G2[0.333,0.333,0.334] | v1:G0[0.334,0.333,0.333] | v2:G0[0.334,0.333,0.332] | v3:G2[0.333,0.333,0.334] | v4:G2[0.332,0.333,0.334]

[TopoTrace Step 0] v0:G2[0.333,0.333,0.334] | v1:G0[0.334,0.333,0.333] | v2:G0[0.334,0.333,0.332] | v3:G2[0.333,0.333,0.334] | v4:G2[0.332,0.333,0.334]
[TopoTrace Step 0] v0:G2[0.333,0.333,0.334] | v1:G0[0.334,0.333,0.333] | v2:G0[0.334,0.333,0.332] | v3:G2[0.333,0.333,0.334] | v4:G2[0.332,0.333,0.334]
[TopoTrace Step 0] v0:G2[0.333,0.333,0.334] | v1:G0[0.334,0.333,0.333] | v2:G0[0.334,0.333,0.332] | v3:G2[0.333,0.333,0.334] | v4:G2[0.332,0.333,0.334]
[TopoTrace Step 0] v0:G2[0.333,0.333,0.334] | v1:G0[0.334,0.333,0.333] | v2:G0[0.334,0.333,0.332] | v3:G2[0.333,0.333,0.334] | v4:G2[0.332,0.333,0.334]
[TopoTrace Step 0] v0:G2[0.333,0.333,0.334] | v1:G0[0.334,0.333,0.333] | v2:G0[0.334,0.333,0.332] | v3:G2[0.333,0.333,0.334] | v4:G2[0.332,0.333,0.334]
[TopoTrace Step 0] v0:G2[0.333,0.333,0.334] | v1:G0[0.334,0.333,0.333] | v2:G0[0.334,0.333,0.332] | v3:G2[0.333,0.333,0.334] | v4:G2[0.332,0.333,0.334]
[TopoTrace Step 0] v0:G2[0.333,0.333,0.334] | v1:G0[0.334,0.333,0.333] | v2:G0[0.334,0.333,0.332] | v3:G2[0.333,0.333,0.334] | v4:G2[0.332,0.333,0.334]
[TopoTrace Step 0] v0:G2[0.333,0.333,0.334] | v1:G0[0.334,0.333,0.333] | v2:G0[0.334,0.333,0.332] | v3:G2[0.333,0.333,0.334] | v4:G2[0.332,0.333,0.334]
[TopoTrace Step 0] v0:G2[0.333,0.333,0.334] | v1:G0[0.334,0.333,0.333] | v2:G0[0.334,0.333,0.332] | v3:G2[0.333,0.333,0.334] | v4:G2[0.332,0.333,0.334]
[TopoTrace Step 0] v0:G2[0.333,0.333,0.334] | v1:G0[0.334,0.333,0.333] | v2:G0[0.334,0.333,0.332] | v3:G2[0.333,0.333,0.334] | v4:G2[0.332,0.333,0.334]
[TopoTrace Step 0] v0:G2[0.333,0.333,0.334] | v1:G0[0.334,0.333,0.333] | v2:G0[0.334,0.333,0.332] | v3:G2[0.333,0.333,0.334] | v4:G2[0.332,0.333,0.334][TopoTrace Step 0] v0:G2[0.333,0.333,0.334] | v1:G0[0.334,0.333,0.333] | v2:G0[0.334,0.333,0.332] | v3:G2[0.333,0.333,0.334] | v4:G2[0.332,0.333,0.334]

[TopoTrace Step 0] v0:G2[0.333,0.333,0.334] | v1:G0[0.334,0.333,0.333] | v2:G0[0.334,0.333,0.332] | v3:G2[0.333,0.333,0.334] | v4:G2[0.332,0.333,0.334]
[TopoTrace Step 0] v0:G2[0.333,0.333,0.334] | v1:G0[0.334,0.333,0.333] | v2:G0[0.334,0.333,0.332] | v3:G2[0.333,0.333,0.334] | v4:G2[0.332,0.333,0.334]
[TopoTrace Step 0] v0:G2[0.333,0.333,0.334] | v1:G0[0.334,0.333,0.333] | v2:G0[0.334,0.333,0.332] | v3:G2[0.333,0.333,0.334] | v4:G2[0.332,0.333,0.334][TopoTrace Step 0] v0:G2[0.333,0.333,0.334] | v1:G0[0.334,0.333,0.333] | v2:G0[0.334,0.333,0.332] | v3:G2[0.333,0.333,0.334] | v4:G2[0.332,0.333,0.334]

[TopoTrace Step 0] v0:G2[0.333,0.333,0.334] | v1:G0[0.334,0.333,0.333] | v2:G0[0.334,0.333,0.332] | v3:G2[0.333,0.333,0.334] | v4:G2[0.332,0.333,0.334]
[TopoTrace Step 0] v0:G2[0.333,0.333,0.334] | v1:G0[0.334,0.333,0.333] | v2:G0[0.334,0.333,0.332] | v3:G2[0.333,0.333,0.334] | v4:G2[0.332,0.333,0.334]
[TopoTrace Step 0] v0:G2[0.333,0.333,0.334] | v1:G0[0.334,0.333,0.333] | v2:G0[0.334,0.333,0.332] | v3:G2[0.333,0.333,0.334] | v4:G2[0.332,0.333,0.334]
[TopoTrace Step 0] v0:G2[0.333,0.333,0.334] | v1:G0[0.334,0.333,0.333] | v2:G0[0.334,0.333,0.332] | v3:G2[0.333,0.333,0.334] | v4:G2[0.332,0.333,0.334]
[TopoTrace Step 0] v0:G2[0.333,0.333,0.334] | v1:G0[0.334,0.333,0.333] | v2:G0[0.334,0.333,0.332] | v3:G2[0.333,0.333,0.334] | v4:G2[0.332,0.333,0.334]
[TopoTrace Step 0] v0:G2[0.333,0.333,0.334] | v1:G0[0.334,0.333,0.333] | v2:G0[0.334,0.333,0.332] | v3:G2[0.333,0.333,0.334] | v4:G2[0.332,0.333,0.334]
[TopoTrace Step 0] v0:G2[0.333,0.333,0.334] | v1:G0[0.334,0.333,0.333] | v2:G0[0.334,0.333,0.332] | v3:G2[0.333,0.333,0.334] | v4:G2[0.332,0.333,0.334]
[TopoTrace Step 0] v0:G2[0.333,0.333,0.334] | v1:G0[0.334,0.333,0.333] | v2:G0[0.334,0.333,0.332] | v3:G2[0.333,0.333,0.334] | v4:G2[0.332,0.333,0.334]
[TopoTrace Step 0] v0:G2[0.333,0.333,0.334] | v1:G0[0.334,0.333,0.333] | v2:G0[0.334,0.333,0.332] | v3:G2[0.333,0.333,0.334] | v4:G2[0.332,0.333,0.334]
[TopoTrace Step 0] v0:G2[0.333,0.333,0.334] | v1:G0[0.334,0.333,0.333] | v2:G0[0.334,0.333,0.332] | v3:G2[0.333,0.333,0.334] | v4:G2[0.332,0.333,0.334]
[TopoTrace Step 0] v0:G2[0.333,0.333,0.334] | v1:G0[0.334,0.333,0.333] | v2:G0[0.334,0.333,0.332] | v3:G2[0.333,0.333,0.334] | v4:G2[0.332,0.333,0.334]
[TopoTrace Step 0] v0:G2[0.333,0.333,0.334] | v1:G0[0.334,0.333,0.333] | v2:G0[0.334,0.333,0.332] | v3:G2[0.333,0.333,0.334] | v4:G2[0.332,0.333,0.334]
[TopoTrace Step 0] v0:G2[0.333,0.333,0.334] | v1:G0[0.334,0.333,0.333] | v2:G0[0.334,0.333,0.332] | v3:G2[0.333,0.333,0.334] | v4:G2[0.332,0.333,0.334]
[TopoTrace Step 0] v0:G2[0.333,0.333,0.334] | v1:G0[0.334,0.333,0.333] | v2:G0[0.334,0.333,0.332] | v3:G2[0.333,0.333,0.334] | v4:G2[0.332,0.333,0.334]
[TopoTrace Step 0] v0:G2[0.333,0.333,0.334] | v1:G0[0.334,0.333,0.333] | v2:G0[0.334,0.333,0.332] | v3:G2[0.333,0.333,0.334] | v4:G2[0.332,0.333,0.334]
[TopoTrace Step 0] v0:G2[0.333,0.333,0.334] | v1:G0[0.334,0.333,0.333] | v2:G0[0.334,0.333,0.332] | v3:G2[0.333,0.333,0.334] | v4:G2[0.332,0.333,0.334]
[TopoTrace Step 0] v0:G2[0.333,0.333,0.334] | v1:G0[0.334,0.333,0.333] | v2:G0[0.334,0.333,0.332] | v3:G2[0.333,0.333,0.334] | v4:G2[0.332,0.333,0.334]
[TopoTrace Step 0] v0:G2[0.333,0.333,0.334] | v1:G0[0.334,0.333,0.333] | v2:G0[0.334,0.333,0.332] | v3:G2[0.333,0.333,0.334] | v4:G2[0.332,0.333,0.334]
[TopoTrace Step 0] v0:G2[0.333,0.333,0.334] | v1:G0[0.334,0.333,0.333] | v2:G0[0.334,0.333,0.332] | v3:G2[0.333,0.333,0.334] | v4:G2[0.332,0.333,0.334]
[TopoTrace Step 0] v0:G2[0.333,0.333,0.334] | v1:G0[0.334,0.333,0.333] | v2:G0[0.334,0.333,0.332] | v3:G2[0.333,0.333,0.334] | v4:G2[0.332,0.333,0.334]
[TopoTrace Step 0] v0:G2[0.333,0.333,0.334] | v1:G0[0.334,0.333,0.333] | v2:G0[0.334,0.333,0.332] | v3:G2[0.333,0.333,0.334] | v4:G2[0.332,0.333,0.334]
[TopoTrace Step 0] v0:G2[0.333,0.333,0.334] | v1:G0[0.334,0.333,0.333] | v2:G0[0.334,0.333,0.332] | v3:G2[0.333,0.333,0.334] | v4:G2[0.332,0.333,0.334]
[TopoTrace Step 0] v0:G2[0.333,0.333,0.334] | v1:G0[0.334,0.333,0.333] | v2:G0[0.334,0.333,0.332] | v3:G2[0.333,0.333,0.334] | v4:G2[0.332,0.333,0.334]
[TopoTrace Step 0] v0:G2[0.333,0.333,0.334] | v1:G0[0.334,0.333,0.333] | v2:G0[0.334,0.333,0.332] | v3:G2[0.333,0.333,0.334] | v4:G2[0.332,0.333,0.334]
[TopoTrace Step 0] v0:G2[0.333,0.333,0.334] | v1:G0[0.334,0.333,0.333] | v2:G0[0.334,0.333,0.332] | v3:G2[0.333,0.333,0.334] | v4:G2[0.332,0.333,0.334]
[TopoTrace Step 0] v0:G2[0.333,0.333,0.334] | v1:G0[0.334,0.333,0.333] | v2:G0[0.334,0.333,0.332] | v3:G2[0.333,0.333,0.334] | v4:G2[0.332,0.333,0.334]
[TopoTrace Step 0] v0:G2[0.333,0.333,0.334] | v1:G0[0.334,0.333,0.333] | v2:G0[0.334,0.333,0.332] | v3:G2[0.333,0.333,0.334] | v4:G2[0.332,0.333,0.334]
[TopoTrace Step 0] v0:G2[0.333,0.333,0.334] | v1:G0[0.334,0.333,0.333] | v2:G0[0.334,0.333,0.332] | v3:G2[0.333,0.333,0.334] | v4:G2[0.332,0.333,0.334]
[TopoTrace Step 0] v0:G2[0.333,0.333,0.334] | v1:G0[0.334,0.333,0.333] | v2:G0[0.334,0.333,0.332] | v3:G2[0.333,0.333,0.334] | v4:G2[0.332,0.333,0.334]
[TopoTrace Step 0] v0:G2[0.333,0.333,0.334] | v1:G0[0.334,0.333,0.333] | v2:G0[0.334,0.333,0.332] | v3:G2[0.333,0.333,0.334] | v4:G2[0.332,0.333,0.334]
[TopoTrace Step 0] v0:G2[0.333,0.333,0.334] | v1:G0[0.334,0.333,0.333] | v2:G0[0.334,0.333,0.332] | v3:G2[0.333,0.333,0.334] | v4:G2[0.332,0.333,0.334][TopoTrace Step 0] v0:G2[0.333,0.333,0.334] | v1:G0[0.334,0.333,0.333] | v2:G0[0.334,0.333,0.332] | v3:G2[0.333,0.333,0.334] | v4:G2[0.332,0.333,0.334]

[TopoTrace Step 0] v0:G2[0.333,0.333,0.334] | v1:G0[0.334,0.333,0.333] | v2:G0[0.334,0.333,0.332] | v3:G2[0.333,0.333,0.334] | v4:G2[0.332,0.333,0.334]
[TopoTrace Step 0] v0:G2[0.333,0.333,0.334] | v1:G0[0.334,0.333,0.333] | v2:G0[0.334,0.333,0.332] | v3:G2[0.333,0.333,0.334] | v4:G2[0.332,0.333,0.334]
[TopoTrace Step 0] v0:G2[0.333,0.333,0.334] | v1:G0[0.334,0.333,0.333] | v2:G0[0.334,0.333,0.332] | v3:G2[0.333,0.333,0.334] | v4:G2[0.332,0.333,0.334]
[TopoTrace Step 0] v0:G2[0.333,0.333,0.334] | v1:G0[0.334,0.333,0.333] | v2:G0[0.334,0.333,0.332] | v3:G2[0.333,0.333,0.334] | v4:G2[0.332,0.333,0.334]
[TopoTrace Step 0] v0:G2[0.333,0.333,0.334] | v1:G0[0.334,0.333,0.333] | v2:G0[0.334,0.333,0.332] | v3:G2[0.333,0.333,0.334] | v4:G2[0.332,0.333,0.334]
[TopoTrace Step 0] v0:G2[0.333,0.333,0.334] | v1:G0[0.334,0.333,0.333] | v2:G0[0.334,0.333,0.332] | v3:G2[0.333,0.333,0.334] | v4:G2[0.332,0.333,0.334]
[TopoTrace Step 0] v0:G2[0.333,0.333,0.334] | v1:G0[0.334,0.333,0.333] | v2:G0[0.334,0.333,0.332] | v3:G2[0.333,0.333,0.334] | v4:G2[0.332,0.333,0.334]
[TopoTrace Step 0] v0:G2[0.333,0.333,0.334] | v1:G0[0.334,0.333,0.333] | v2:G0[0.334,0.333,0.332] | v3:G2[0.333,0.333,0.334] | v4:G2[0.332,0.333,0.334]
[TopoTrace Step 0] v0:G2[0.333,0.333,0.334] | v1:G0[0.334,0.333,0.333] | v2:G0[0.334,0.333,0.332] | v3:G2[0.333,0.333,0.334] | v4:G2[0.332,0.333,0.334]
[TopoTrace Step 0] v0:G2[0.333,0.333,0.334] | v1:G0[0.334,0.333,0.333] | v2:G0[0.334,0.333,0.332] | v3:G2[0.333,0.333,0.334] | v4:G2[0.332,0.333,0.334]
[TopoTrace Step 0] v0:G2[0.333,0.333,0.334] | v1:G0[0.334,0.333,0.333] | v2:G0[0.334,0.333,0.332] | v3:G2[0.333,0.333,0.334] | v4:G2[0.332,0.333,0.334]
[TopoTrace Step 0] v0:G2[0.333,0.333,0.334] | v1:G0[0.334,0.333,0.333] | v2:G0[0.334,0.333,0.332] | v3:G2[0.333,0.333,0.334] | v4:G2[0.332,0.333,0.334]
[TopoTrace Step 0] v0:G2[0.333,0.333,0.334] | v1:G0[0.334,0.333,0.333] | v2:G0[0.334,0.333,0.332] | v3:G2[0.333,0.333,0.334] | v4:G2[0.332,0.333,0.334]
[TopoTrace Step 0] v0:G2[0.333,0.333,0.334] | v1:G0[0.334,0.333,0.333] | v2:G0[0.334,0.333,0.332] | v3:G2[0.333,0.333,0.334] | v4:G2[0.332,0.333,0.334]
[TopoTrace Step 0] v0:G2[0.333,0.333,0.334] | v1:G0[0.334,0.333,0.333] | v2:G0[0.334,0.333,0.332] | v3:G2[0.333,0.333,0.334] | v4:G2[0.332,0.333,0.334]
[TopoTrace Step 0] v0:G2[0.333,0.333,0.334] | v1:G0[0.334,0.333,0.333] | v2:G0[0.334,0.333,0.332] | v3:G2[0.333,0.333,0.334] | v4:G2[0.332,0.333,0.334]
[TopoTrace Step 0] v0:G2[0.333,0.333,0.334] | v1:G0[0.334,0.333,0.333] | v2:G0[0.334,0.333,0.332] | v3:G2[0.333,0.333,0.334] | v4:G2[0.332,0.333,0.334]
[TopoTrace Step 0] v0:G2[0.333,0.333,0.334] | v1:G0[0.334,0.333,0.333] | v2:G0[0.334,0.333,0.332] | v3:G2[0.333,0.333,0.334] | v4:G2[0.332,0.333,0.334]
[TopoTrace Step 0] v0:G2[0.333,0.333,0.334] | v1:G0[0.334,0.333,0.333] | v2:G0[0.334,0.333,0.332] | v3:G2[0.333,0.333,0.334] | v4:G2[0.332,0.333,0.334]
[TopoTrace Step 0] v0:G2[0.333,0.333,0.334] | v1:G0[0.334,0.333,0.333] | v2:G0[0.334,0.333,0.332] | v3:G2[0.333,0.333,0.334] | v4:G2[0.332,0.333,0.334]
[TopoTrace Step 0] v0:G2[0.333,0.333,0.334] | v1:G0[0.334,0.333,0.333] | v2:G0[0.334,0.333,0.332] | v3:G2[0.333,0.333,0.334] | v4:G2[0.332,0.333,0.334]
[TopoTrace Step 0] v0:G2[0.333,0.333,0.334] | v1:G0[0.334,0.333,0.333] | v2:G0[0.334,0.333,0.332] | v3:G2[0.333,0.333,0.334] | v4:G2[0.332,0.333,0.334]
[TopoTrace Step 0] v0:G2[0.333,0.333,0.334] | v1:G0[0.334,0.333,0.333] | v2:G0[0.334,0.333,0.332] | v3:G2[0.333,0.333,0.334] | v4:G2[0.332,0.333,0.334][TopoTrace Step 0] v0:G2[0.333,0.333,0.334] | v1:G0[0.334,0.333,0.333] | v2:G0[0.334,0.333,0.332] | v3:G2[0.333,0.333,0.334] | v4:G2[0.332,0.333,0.334]

[TopoTrace Step 0] v0:G2[0.333,0.333,0.334] | v1:G0[0.334,0.333,0.333] | v2:G0[0.334,0.333,0.332] | v3:G2[0.333,0.333,0.334] | v4:G2[0.332,0.333,0.334]
[TopoTrace Step 0] v0:G2[0.333,0.333,0.334] | v1:G0[0.334,0.333,0.333] | v2:G0[0.334,0.333,0.332] | v3:G2[0.333,0.333,0.334] | v4:G2[0.332,0.333,0.334]
[TopoTrace Step 0] v0:G2[0.333,0.333,0.334] | v1:G0[0.334,0.333,0.333] | v2:G0[0.334,0.333,0.332] | v3:G2[0.333,0.333,0.334] | v4:G2[0.332,0.333,0.334][TopoTrace Step 0] v0:G2[0.333,0.333,0.334] | v1:G0[0.334,0.333,0.333] | v2:G0[0.334,0.333,0.332] | v3:G2[0.333,0.333,0.334] | v4:G2[0.332,0.333,0.334]

[TopoTrace Step 0] v0:G2[0.333,0.333,0.334] | v1:G0[0.334,0.333,0.333] | v2:G0[0.334,0.333,0.332] | v3:G2[0.333,0.333,0.334] | v4:G2[0.332,0.333,0.334]
[TopoTrace Step 0] v0:G2[0.333,0.333,0.334] | v1:G0[0.334,0.333,0.333] | v2:G0[0.334,0.333,0.332] | v3:G2[0.333,0.333,0.334] | v4:G2[0.332,0.333,0.334]
[TopoTrace Step 0] v0:G2[0.333,0.333,0.334] | v1:G0[0.334,0.333,0.333] | v2:G0[0.334,0.333,0.332] | v3:G2[0.333,0.333,0.334] | v4:G2[0.332,0.333,0.334][TopoTrace Step 0] v0:G2[0.333,0.333,0.334] | v1:G0[0.334,0.333,0.333] | v2:G0[0.334,0.333,0.332] | v3:G2[0.333,0.333,0.334] | v4:G2[0.332,0.333,0.334]

[TopoTrace Step 0] v0:G2[0.333,0.333,0.334] | v1:G0[0.334,0.333,0.333] | v2:G0[0.334,0.333,0.332] | v3:G2[0.333,0.333,0.334] | v4:G2[0.332,0.333,0.334]
[TopoTrace Step 0] v0:G2[0.333,0.333,0.334] | v1:G0[0.334,0.333,0.333] | v2:G0[0.334,0.333,0.332] | v3:G2[0.333,0.333,0.334] | v4:G2[0.332,0.333,0.334]
[TopoTrace Step 0] v0:G2[0.333,0.333,0.334] | v1:G0[0.334,0.333,0.333] | v2:G0[0.334,0.333,0.332] | v3:G2[0.333,0.333,0.334] | v4:G2[0.332,0.333,0.334]
[TopoTrace Step 0] v0:G2[0.333,0.333,0.334] | v1:G0[0.334,0.333,0.333] | v2:G0[0.334,0.333,0.332] | v3:G2[0.333,0.333,0.334] | v4:G2[0.332,0.333,0.334]
[TopoTrace Step 0] v0:G2[0.333,0.333,0.334] | v1:G0[0.334,0.333,0.333] | v2:G0[0.334,0.333,0.332] | v3:G2[0.333,0.333,0.334] | v4:G2[0.332,0.333,0.334]
[TopoTrace Step 0] v0:G2[0.333,0.333,0.334] | v1:G0[0.334,0.333,0.333] | v2:G0[0.334,0.333,0.332] | v3:G2[0.333,0.333,0.334] | v4:G2[0.332,0.333,0.334]
[TopoTrace Step 0] v0:G2[0.333,0.333,0.334] | v1:G0[0.334,0.333,0.333] | v2:G0[0.334,0.333,0.332] | v3:G2[0.333,0.333,0.334] | v4:G2[0.332,0.333,0.334][TopoTrace Step 0] v0:G2[0.333,0.333,0.334] | v1:G0[0.334,0.333,0.333] | v2:G0[0.334,0.333,0.332] | v3:G2[0.333,0.333,0.334] | v4:G2[0.332,0.333,0.334]

[TopoTrace Step 0] v0:G2[0.333,0.333,0.334] | v1:G0[0.334,0.333,0.333] | v2:G0[0.334,0.333,0.332] | v3:G2[0.333,0.333,0.334] | v4:G2[0.332,0.333,0.334]
[TopoTrace Step 0] v0:G2[0.333,0.333,0.334] | v1:G0[0.334,0.333,0.333] | v2:G0[0.334,0.333,0.332] | v3:G2[0.333,0.333,0.334] | v4:G2[0.332,0.333,0.334]
[TopoTrace Step 0] v0:G2[0.333,0.333,0.334] | v1:G0[0.334,0.333,0.333] | v2:G0[0.334,0.333,0.332] | v3:G2[0.333,0.333,0.334] | v4:G2[0.332,0.333,0.334][TopoTrace Step 0] v0:G2[0.333,0.333,0.334] | v1:G0[0.334,0.333,0.333] | v2:G0[0.334,0.333,0.332] | v3:G2[0.333,0.333,0.334] | v4:G2[0.332,0.333,0.334]

[TopoTrace Step 0] v0:G2[0.333,0.333,0.334] | v1:G0[0.334,0.333,0.333] | v2:G0[0.334,0.333,0.332] | v3:G2[0.333,0.333,0.334] | v4:G2[0.332,0.333,0.334]
[TopoTrace Step 0] v0:G2[0.333,0.333,0.334] | v1:G0[0.334,0.333,0.333] | v2:G0[0.334,0.333,0.332] | v3:G2[0.333,0.333,0.334] | v4:G2[0.332,0.333,0.334]
[TopoTrace Step 0] v0:G2[0.333,0.333,0.334] | v1:G0[0.334,0.333,0.333] | v2:G0[0.334,0.333,0.332] | v3:G2[0.333,0.333,0.334] | v4:G2[0.332,0.333,0.334][TopoTrace Step 0] v0:G2[0.333,0.333,0.334] | v1:G0[0.334,0.333,0.333] | v2:G0[0.334,0.333,0.332] | v3:G2[0.333,0.333,0.334] | v4:G2[0.332,0.333,0.334]

[TopoTrace Step 0] v0:G2[0.333,0.333,0.334] | v1:G0[0.334,0.333,0.333] | v2:G0[0.334,0.333,0.332] | v3:G2[0.333,0.333,0.334] | v4:G2[0.332,0.333,0.334]
[TopoTrace Step 0] v0:G2[0.333,0.333,0.334] | v1:G0[0.334,0.333,0.333] | v2:G0[0.334,0.333,0.332] | v3:G2[0.333,0.333,0.334] | v4:G2[0.332,0.333,0.334]
[TopoTrace Step 0] v0:G2[0.333,0.333,0.334] | v1:G0[0.334,0.333,0.333] | v2:G0[0.334,0.333,0.332] | v3:G2[0.333,0.333,0.334] | v4:G2[0.332,0.333,0.334][TopoTrace Step 0] v0:G2[0.333,0.333,0.334] | v1:G0[0.334,0.333,0.333] | v2:G0[0.334,0.333,0.332] | v3:G2[0.333,0.333,0.334] | v4:G2[0.332,0.333,0.334]

[TopoTrace Step 0] v0:G2[0.333,0.333,0.334] | v1:G0[0.334,0.333,0.333] | v2:G0[0.334,0.333,0.332] | v3:G2[0.333,0.333,0.334] | v4:G2[0.332,0.333,0.334]
[TopoTrace Step 0] v0:G2[0.333,0.333,0.334] | v1:G0[0.334,0.333,0.333] | v2:G0[0.334,0.333,0.332] | v3:G2[0.333,0.333,0.334] | v4:G2[0.332,0.333,0.334]
[TopoTrace Step 0] v0:G2[0.333,0.333,0.334] | v1:G0[0.334,0.333,0.333] | v2:G0[0.334,0.333,0.332] | v3:G2[0.333,0.333,0.334] | v4:G2[0.332,0.333,0.334][TopoTrace Step 0] v0:G2[0.333,0.333,0.334] | v1:G0[0.334,0.333,0.333] | v2:G0[0.334,0.333,0.332] | v3:G2[0.333,0.333,0.334] | v4:G2[0.332,0.333,0.334]

[TopoTrace Step 0] v0:G2[0.333,0.333,0.334] | v1:G0[0.334,0.333,0.333] | v2:G0[0.334,0.333,0.332] | v3:G2[0.333,0.333,0.334] | v4:G2[0.332,0.333,0.334]
[TopoTrace Step 0] v0:G2[0.333,0.333,0.334] | v1:G0[0.334,0.333,0.333] | v2:G0[0.334,0.333,0.332] | v3:G2[0.333,0.333,0.334] | v4:G2[0.332,0.333,0.334]
[TopoTrace Step 0] v0:G2[0.333,0.333,0.334] | v1:G0[0.334,0.333,0.333] | v2:G0[0.334,0.333,0.332] | v3:G2[0.333,0.333,0.334] | v4:G2[0.332,0.333,0.334][TopoTrace Step 0] v0:G2[0.333,0.333,0.334] | v1:G0[0.334,0.333,0.333] | v2:G0[0.334,0.333,0.332] | v3:G2[0.333,0.333,0.334] | v4:G2[0.332,0.333,0.334]

[TopoTrace Step 0] v0:G2[0.333,0.333,0.334] | v1:G0[0.334,0.333,0.333] | v2:G0[0.334,0.333,0.332] | v3:G2[0.333,0.333,0.334] | v4:G2[0.332,0.333,0.334]
[TopoTrace Step 0] v0:G2[0.333,0.333,0.334] | v1:G0[0.334,0.333,0.333] | v2:G0[0.334,0.333,0.332] | v3:G2[0.333,0.333,0.334] | v4:G2[0.332,0.333,0.334]
[TopoTrace Step 0] v0:G2[0.333,0.333,0.334] | v1:G0[0.334,0.333,0.333] | v2:G0[0.334,0.333,0.332] | v3:G2[0.333,0.333,0.334] | v4:G2[0.332,0.333,0.334]
[TopoTrace Step 0] v0:G2[0.333,0.333,0.334] | v1:G0[0.334,0.333,0.333] | v2:G0[0.334,0.333,0.332] | v3:G2[0.333,0.333,0.334] | v4:G2[0.332,0.333,0.334]
[TopoTrace Step 0] v0:G2[0.333,0.333,0.334] | v1:G0[0.334,0.333,0.333] | v2:G0[0.334,0.333,0.332] | v3:G2[0.333,0.333,0.334] | v4:G2[0.332,0.333,0.334]
[TopoTrace Step 0] v0:G2[0.333,0.333,0.334] | v1:G0[0.334,0.333,0.333] | v2:G0[0.334,0.333,0.332] | v3:G2[0.333,0.333,0.334] | v4:G2[0.332,0.333,0.334]
[TopoTrace Step 0] v0:G2[0.333,0.333,0.334] | v1:G0[0.334,0.333,0.333] | v2:G0[0.334,0.333,0.332] | v3:G2[0.333,0.333,0.334] | v4:G2[0.332,0.333,0.334][TopoTrace Step 0] v0:G2[0.333,0.333,0.334] | v1:G0[0.334,0.333,0.333] | v2:G0[0.334,0.333,0.332] | v3:G2[0.333,0.333,0.334] | v4:G2[0.332,0.333,0.334]

[TopoTrace Step 0] v0:G2[0.333,0.333,0.334] | v1:G0[0.334,0.333,0.333] | v2:G0[0.334,0.333,0.332] | v3:G2[0.333,0.333,0.334] | v4:G2[0.332,0.333,0.334]
[TopoTrace Step 0] v0:G2[0.333,0.333,0.334] | v1:G0[0.334,0.333,0.333] | v2:G0[0.334,0.333,0.332] | v3:G2[0.333,0.333,0.334] | v4:G2[0.332,0.333,0.334]
[TopoTrace Step 0] v0:G2[0.333,0.333,0.334] | v1:G0[0.334,0.333,0.333] | v2:G0[0.334,0.333,0.332] | v3:G2[0.333,0.333,0.334] | v4:G2[0.332,0.333,0.334][TopoTrace Step 0] v0:G2[0.333,0.333,0.334] | v1:G0[0.334,0.333,0.333] | v2:G0[0.334,0.333,0.332] | v3:G2[0.333,0.333,0.334] | v4:G2[0.332,0.333,0.334]

[TopoTrace Step 0] v0:G2[0.333,0.333,0.334] | v1:G0[0.334,0.333,0.333] | v2:G0[0.334,0.333,0.332] | v3:G2[0.333,0.333,0.334] | v4:G2[0.332,0.333,0.334]
[TopoTrace Step 0] v0:G2[0.333,0.333,0.334] | v1:G0[0.334,0.333,0.333] | v2:G0[0.334,0.333,0.332] | v3:G2[0.333,0.333,0.334] | v4:G2[0.332,0.333,0.334]
[TopoTrace Step 0] v0:G2[0.333,0.333,0.334] | v1:G0[0.334,0.333,0.333] | v2:G0[0.334,0.333,0.332] | v3:G2[0.333,0.333,0.334] | v4:G2[0.332,0.333,0.334]
[TopoTrace Step 0] v0:G2[0.333,0.333,0.334] | v1:G0[0.334,0.333,0.333] | v2:G0[0.334,0.333,0.332] | v3:G2[0.333,0.333,0.334] | v4:G2[0.332,0.333,0.334]
[TopoTrace Step 0] v0:G2[0.333,0.333,0.334] | v1:G0[0.334,0.333,0.333] | v2:G0[0.334,0.333,0.332] | v3:G2[0.333,0.333,0.334] | v4:G2[0.332,0.333,0.334]
[TopoTrace Step 0] v0:G2[0.333,0.333,0.334] | v1:G0[0.334,0.333,0.333] | v2:G0[0.334,0.333,0.332] | v3:G2[0.333,0.333,0.334] | v4:G2[0.332,0.333,0.334]
[TopoTrace Step 0] v0:G2[0.333,0.333,0.334] | v1:G0[0.334,0.333,0.333] | v2:G0[0.334,0.333,0.332] | v3:G2[0.333,0.333,0.334] | v4:G2[0.332,0.333,0.334]
[TopoTrace Step 0] v0:G2[0.333,0.333,0.334] | v1:G0[0.334,0.333,0.333] | v2:G0[0.334,0.333,0.332] | v3:G2[0.333,0.333,0.334] | v4:G2[0.332,0.333,0.334]
[TopoTrace Step 0] v0:G2[0.333,0.333,0.334] | v1:G0[0.334,0.333,0.333] | v2:G0[0.334,0.333,0.332] | v3:G2[0.333,0.333,0.334] | v4:G2[0.332,0.333,0.334]
[TopoTrace Step 0] v0:G2[0.333,0.333,0.334] | v1:G0[0.334,0.333,0.333] | v2:G0[0.334,0.333,0.332] | v3:G2[0.333,0.333,0.334] | v4:G2[0.332,0.333,0.334]
[TopoTrace Step 0] v0:G2[0.333,0.333,0.334] | v1:G0[0.334,0.333,0.333] | v2:G0[0.334,0.333,0.332] | v3:G2[0.333,0.333,0.334] | v4:G2[0.332,0.333,0.334]
[TopoTrace Step 0] v0:G2[0.333,0.333,0.334] | v1:G0[0.334,0.333,0.333] | v2:G0[0.334,0.333,0.332] | v3:G2[0.333,0.333,0.334] | v4:G2[0.332,0.333,0.334]
[TopoTrace Step 0] v0:G2[0.333,0.333,0.334] | v1:G0[0.334,0.333,0.333] | v2:G0[0.334,0.333,0.332] | v3:G2[0.333,0.333,0.334] | v4:G2[0.332,0.333,0.334]
[TopoTrace Step 0] v0:G2[0.333,0.333,0.334] | v1:G0[0.334,0.333,0.333] | v2:G0[0.334,0.333,0.332] | v3:G2[0.333,0.333,0.334] | v4:G2[0.332,0.333,0.334]
[TopoTrace Step 0] v0:G2[0.333,0.333,0.334] | v1:G0[0.334,0.333,0.333] | v2:G0[0.334,0.333,0.332] | v3:G2[0.333,0.333,0.334] | v4:G2[0.332,0.333,0.334]
[TopoTrace Step 0] v0:G2[0.333,0.333,0.334] | v1:G0[0.334,0.333,0.333] | v2:G0[0.334,0.333,0.332] | v3:G2[0.333,0.333,0.334] | v4:G2[0.332,0.333,0.334]
[TopoTrace Step 0] v0:G2[0.333,0.333,0.334] | v1:G0[0.334,0.333,0.333] | v2:G0[0.334,0.333,0.332] | v3:G2[0.333,0.333,0.334] | v4:G2[0.332,0.333,0.334]
[TopoTrace Step 0] v0:G2[0.333,0.333,0.334] | v1:G0[0.334,0.333,0.333] | v2:G0[0.334,0.333,0.332] | v3:G2[0.333,0.333,0.334] | v4:G2[0.332,0.333,0.334]
[TopoTrace Step 0] v0:G2[0.333,0.333,0.334] | v1:G0[0.334,0.333,0.333] | v2:G0[0.334,0.333,0.332] | v3:G2[0.333,0.333,0.334] | v4:G2[0.332,0.333,0.334][TopoTrace Step 0] v0:G2[0.333,0.333,0.334] | v1:G0[0.334,0.333,0.333] | v2:G0[0.334,0.333,0.332] | v3:G2[0.333,0.333,0.334] | v4:G2[0.332,0.333,0.334]

[TopoTrace Step 0] v0:G2[0.333,0.333,0.334] | v1:G0[0.334,0.333,0.333] | v2:G0[0.334,0.333,0.332] | v3:G2[0.333,0.333,0.334] | v4:G2[0.332,0.333,0.334]
[TopoTrace Step 0] v0:G2[0.333,0.333,0.334] | v1:G0[0.334,0.333,0.333] | v2:G0[0.334,0.333,0.332] | v3:G2[0.333,0.333,0.334] | v4:G2[0.332,0.333,0.334]
[TopoTrace Step 0] v0:G2[0.333,0.333,0.334] | v1:G0[0.334,0.333,0.333] | v2:G0[0.334,0.333,0.332] | v3:G2[0.333,0.333,0.334] | v4:G2[0.332,0.333,0.334][TopoTrace Step 0] v0:G2[0.333,0.333,0.334] | v1:G0[0.334,0.333,0.333] | v2:G0[0.334,0.333,0.332] | v3:G2[0.333,0.333,0.334] | v4:G2[0.332,0.333,0.334]

[TopoTrace Step 0] v0:G2[0.333,0.333,0.334] | v1:G0[0.334,0.333,0.333] | v2:G0[0.334,0.333,0.332] | v3:G2[0.333,0.333,0.334] | v4:G2[0.332,0.333,0.334]
[TopoTrace Step 0] v0:G2[0.333,0.333,0.334] | v1:G0[0.334,0.333,0.333] | v2:G0[0.334,0.333,0.332] | v3:G2[0.333,0.333,0.334] | v4:G2[0.332,0.333,0.334]
[TopoTrace Step 0] v0:G2[0.333,0.333,0.334] | v1:G0[0.334,0.333,0.333] | v2:G0[0.334,0.333,0.332] | v3:G2[0.333,0.333,0.334] | v4:G2[0.332,0.333,0.334]
[TopoTrace Step 0] v0:G2[0.333,0.333,0.334] | v1:G0[0.334,0.333,0.333] | v2:G0[0.334,0.333,0.332] | v3:G2[0.333,0.333,0.334] | v4:G2[0.332,0.333,0.334]
[TopoTrace Step 0] v0:G2[0.333,0.333,0.334] | v1:G0[0.334,0.333,0.333] | v2:G0[0.334,0.333,0.332] | v3:G2[0.333,0.333,0.334] | v4:G2[0.332,0.333,0.334]
[TopoTrace Step 0] v0:G2[0.333,0.333,0.334] | v1:G0[0.334,0.333,0.333] | v2:G0[0.334,0.333,0.332] | v3:G2[0.333,0.333,0.334] | v4:G2[0.332,0.333,0.334]
[TopoTrace Step 0] v0:G2[0.333,0.333,0.334] | v1:G0[0.334,0.333,0.333] | v2:G0[0.334,0.333,0.332] | v3:G2[0.333,0.333,0.334] | v4:G2[0.332,0.333,0.334]
[TopoTrace Step 0] v0:G2[0.333,0.333,0.334] | v1:G0[0.334,0.333,0.333] | v2:G0[0.334,0.333,0.332] | v3:G2[0.333,0.333,0.334] | v4:G2[0.332,0.333,0.334]
[TopoTrace Step 0] v0:G2[0.333,0.333,0.334] | v1:G0[0.334,0.333,0.333] | v2:G0[0.334,0.333,0.332] | v3:G2[0.333,0.333,0.334] | v4:G2[0.332,0.333,0.334]
[TopoTrace Step 0] v0:G2[0.333,0.333,0.334] | v1:G0[0.334,0.333,0.333] | v2:G0[0.334,0.333,0.332] | v3:G2[0.333,0.333,0.334] | v4:G2[0.332,0.333,0.334]
[TopoTrace Step 0] v0:G2[0.333,0.333,0.334] | v1:G0[0.334,0.333,0.333] | v2:G0[0.334,0.333,0.332] | v3:G2[0.333,0.333,0.334] | v4:G2[0.332,0.333,0.334]
[TopoTrace Step 0] v0:G2[0.333,0.333,0.334] | v1:G0[0.334,0.333,0.333] | v2:G0[0.334,0.333,0.332] | v3:G2[0.333,0.333,0.334] | v4:G2[0.332,0.333,0.334]
[TopoTrace Step 0] v0:G2[0.333,0.333,0.334] | v1:G0[0.334,0.333,0.333] | v2:G0[0.334,0.333,0.332] | v3:G2[0.333,0.333,0.334] | v4:G2[0.332,0.333,0.334]
[TopoTrace Step 0] v0:G2[0.333,0.333,0.334] | v1:G0[0.334,0.333,0.333] | v2:G0[0.334,0.333,0.332] | v3:G2[0.333,0.333,0.334] | v4:G2[0.332,0.333,0.334]
[TopoTrace Step 0] v0:G2[0.333,0.333,0.334] | v1:G0[0.334,0.333,0.333] | v2:G0[0.334,0.333,0.332] | v3:G2[0.333,0.333,0.334] | v4:G2[0.332,0.333,0.334][TopoTrace Step 0] v0:G2[0.333,0.333,0.334] | v1:G0[0.334,0.333,0.333] | v2:G0[0.334,0.333,0.332] | v3:G2[0.333,0.333,0.334] | v4:G2[0.332,0.333,0.334]

[TopoTrace Step 0] v0:G2[0.333,0.333,0.334] | v1:G0[0.334,0.333,0.333] | v2:G0[0.334,0.333,0.332] | v3:G2[0.333,0.333,0.334] | v4:G2[0.332,0.333,0.334]
[TopoTrace Step 0] v0:G2[0.333,0.333,0.334] | v1:G0[0.334,0.333,0.333] | v2:G0[0.334,0.333,0.332] | v3:G2[0.333,0.333,0.334] | v4:G2[0.332,0.333,0.334]
[TopoTrace Step 0] v0:G2[0.333,0.333,0.334] | v1:G0[0.334,0.333,0.333] | v2:G0[0.334,0.333,0.332] | v3:G2[0.333,0.333,0.334] | v4:G2[0.332,0.333,0.334]
[TopoTrace Step 0] v0:G2[0.333,0.333,0.334] | v1:G0[0.334,0.333,0.333] | v2:G0[0.334,0.333,0.332] | v3:G2[0.333,0.333,0.334] | v4:G2[0.332,0.333,0.334]
[TopoTrace Step 0] v0:G2[0.333,0.333,0.334] | v1:G0[0.334,0.333,0.333] | v2:G0[0.334,0.333,0.332] | v3:G2[0.333,0.333,0.334] | v4:G2[0.332,0.333,0.334]
[TopoTrace Step 0] v0:G2[0.333,0.333,0.334] | v1:G0[0.334,0.333,0.333] | v2:G0[0.334,0.333,0.332] | v3:G2[0.333,0.333,0.334] | v4:G2[0.332,0.333,0.334]
[TopoTrace Step 0] v0:G2[0.333,0.333,0.334] | v1:G0[0.334,0.333,0.333] | v2:G0[0.334,0.333,0.332] | v3:G2[0.333,0.333,0.334] | v4:G2[0.332,0.333,0.334]
[TopoTrace Step 0] v0:G2[0.333,0.333,0.334] | v1:G0[0.334,0.333,0.333] | v2:G0[0.334,0.333,0.332] | v3:G2[0.333,0.333,0.334] | v4:G2[0.332,0.333,0.334]
[TopoTrace Step 0] v0:G2[0.333,0.333,0.334] | v1:G0[0.334,0.333,0.333] | v2:G0[0.334,0.333,0.332] | v3:G2[0.333,0.333,0.334] | v4:G2[0.332,0.333,0.334]
[TopoTrace Step 0] v0:G2[0.333,0.333,0.334] | v1:G0[0.334,0.333,0.333] | v2:G0[0.334,0.333,0.332] | v3:G2[0.333,0.333,0.334] | v4:G2[0.332,0.333,0.334]
[TopoTrace Step 0] v0:G2[0.333,0.333,0.334] | v1:G0[0.334,0.333,0.333] | v2:G0[0.334,0.333,0.332] | v3:G2[0.333,0.333,0.334] | v4:G2[0.332,0.333,0.334]
[TopoTrace Step 0] v0:G2[0.333,0.333,0.334] | v1:G0[0.334,0.333,0.333] | v2:G0[0.334,0.333,0.332] | v3:G2[0.333,0.333,0.334] | v4:G2[0.332,0.333,0.334]
[TopoTrace Step 0] v0:G2[0.333,0.333,0.334] | v1:G0[0.334,0.333,0.333] | v2:G0[0.334,0.333,0.332] | v3:G2[0.333,0.333,0.334] | v4:G2[0.332,0.333,0.334]
[TopoTrace Step 0] v0:G2[0.333,0.333,0.334] | v1:G0[0.334,0.333,0.333] | v2:G0[0.334,0.333,0.332] | v3:G2[0.333,0.333,0.334] | v4:G2[0.332,0.333,0.334]
[TopoTrace Step 0] v0:G2[0.333,0.333,0.334] | v1:G0[0.334,0.333,0.333] | v2:G0[0.334,0.333,0.332] | v3:G2[0.333,0.333,0.334] | v4:G2[0.332,0.333,0.334]
[TopoTrace Step 0] v0:G2[0.333,0.333,0.334] | v1:G0[0.334,0.333,0.333] | v2:G0[0.334,0.333,0.332] | v3:G2[0.333,0.333,0.334] | v4:G2[0.332,0.333,0.334]
	iters: 100, epoch: 4 | loss: 0.3586020
	speed: 2.4987s/iter; left time: 2323.8125s
[TopoTrace Step 0] v0:G2[0.333,0.333,0.334] | v1:G0[0.334,0.333,0.333] | v2:G0[0.334,0.333,0.332] | v3:G2[0.333,0.333,0.334] | v4:G2[0.332,0.333,0.334]
[TopoTrace Step 0] v0:G2[0.333,0.333,0.334] | v1:G0[0.334,0.333,0.333] | v2:G0[0.334,0.333,0.332] | v3:G2[0.333,0.333,0.334] | v4:G2[0.332,0.333,0.334]
[TopoTrace Step 0] v0:G2[0.333,0.333,0.334] | v1:G0[0.334,0.333,0.333] | v2:G0[0.334,0.333,0.332] | v3:G2[0.333,0.333,0.334] | v4:G2[0.332,0.333,0.334][TopoTrace Step 0] v0:G2[0.333,0.333,0.334] | v1:G0[0.334,0.333,0.333] | v2:G0[0.334,0.333,0.332] | v3:G2[0.333,0.333,0.334] | v4:G2[0.332,0.333,0.334]

[TopoTrace Step 0] v0:G2[0.333,0.333,0.334] | v1:G0[0.334,0.333,0.333] | v2:G0[0.334,0.333,0.332] | v3:G2[0.333,0.333,0.334] | v4:G2[0.332,0.333,0.334]
[TopoTrace Step 0] v0:G2[0.333,0.333,0.334] | v1:G0[0.334,0.333,0.333] | v2:G0[0.334,0.333,0.332] | v3:G2[0.333,0.333,0.334] | v4:G2[0.332,0.333,0.334]
[TopoTrace Step 0] v0:G2[0.333,0.333,0.334] | v1:G0[0.334,0.333,0.333] | v2:G0[0.334,0.333,0.332] | v3:G2[0.333,0.333,0.334] | v4:G2[0.332,0.333,0.334]
[TopoTrace Step 0] v0:G2[0.333,0.333,0.334] | v1:G0[0.334,0.333,0.333] | v2:G0[0.334,0.333,0.332] | v3:G2[0.333,0.333,0.334] | v4:G2[0.332,0.333,0.334]
[TopoTrace Step 0] v0:G2[0.333,0.333,0.334] | v1:G0[0.334,0.333,0.333] | v2:G0[0.334,0.333,0.332] | v3:G2[0.333,0.333,0.334] | v4:G2[0.332,0.333,0.334]
[TopoTrace Step 0] v0:G2[0.333,0.333,0.334] | v1:G0[0.334,0.333,0.333] | v2:G0[0.334,0.333,0.332] | v3:G2[0.333,0.333,0.334] | v4:G2[0.332,0.333,0.334]
[TopoTrace Step 0] v0:G2[0.333,0.333,0.334] | v1:G0[0.334,0.333,0.333] | v2:G0[0.334,0.333,0.332] | v3:G2[0.333,0.333,0.334] | v4:G2[0.332,0.333,0.334]
[TopoTrace Step 0] v0:G2[0.333,0.333,0.334] | v1:G0[0.334,0.333,0.333] | v2:G0[0.334,0.333,0.332] | v3:G2[0.333,0.333,0.334] | v4:G2[0.332,0.333,0.334]
[TopoTrace Step 0] v0:G2[0.333,0.333,0.334] | v1:G0[0.334,0.333,0.333] | v2:G0[0.334,0.333,0.332] | v3:G2[0.333,0.333,0.334] | v4:G2[0.332,0.333,0.334]
[TopoTrace Step 0] v0:G2[0.333,0.333,0.334] | v1:G0[0.334,0.333,0.333] | v2:G0[0.334,0.333,0.332] | v3:G2[0.333,0.333,0.334] | v4:G2[0.332,0.333,0.334]
[TopoTrace Step 0] v0:G2[0.333,0.333,0.334] | v1:G0[0.334,0.333,0.333] | v2:G0[0.334,0.333,0.332] | v3:G2[0.333,0.333,0.334] | v4:G2[0.332,0.333,0.334]
[TopoTrace Step 0] v0:G2[0.333,0.333,0.334] | v1:G0[0.334,0.333,0.333] | v2:G0[0.334,0.333,0.332] | v3:G2[0.333,0.333,0.334] | v4:G2[0.332,0.333,0.334]
[TopoTrace Step 0] v0:G2[0.333,0.333,0.334] | v1:G0[0.334,0.333,0.333] | v2:G0[0.334,0.333,0.332] | v3:G2[0.333,0.333,0.334] | v4:G2[0.332,0.333,0.334]
[TopoTrace Step 0] v0:G2[0.333,0.333,0.334] | v1:G0[0.334,0.333,0.333] | v2:G0[0.334,0.333,0.332] | v3:G2[0.333,0.333,0.334] | v4:G2[0.332,0.333,0.334]
[TopoTrace Step 0] v0:G2[0.333,0.333,0.334] | v1:G0[0.334,0.333,0.333] | v2:G0[0.334,0.333,0.332] | v3:G2[0.333,0.333,0.334] | v4:G2[0.332,0.333,0.334]
[TopoTrace Step 0] v0:G2[0.333,0.333,0.334] | v1:G0[0.334,0.333,0.333] | v2:G0[0.334,0.333,0.332] | v3:G2[0.333,0.333,0.334] | v4:G2[0.332,0.333,0.334]
[TopoTrace Step 0] v0:G2[0.333,0.333,0.334] | v1:G0[0.334,0.333,0.333] | v2:G0[0.334,0.333,0.332] | v3:G2[0.333,0.333,0.334] | v4:G2[0.332,0.333,0.334]
[TopoTrace Step 0] v0:G2[0.333,0.333,0.334] | v1:G0[0.334,0.333,0.333] | v2:G0[0.334,0.333,0.332] | v3:G2[0.333,0.333,0.334] | v4:G2[0.332,0.333,0.334]
[TopoTrace Step 0] v0:G2[0.333,0.333,0.334] | v1:G0[0.334,0.333,0.333] | v2:G0[0.334,0.333,0.332] | v3:G2[0.333,0.333,0.334] | v4:G2[0.332,0.333,0.334]
[TopoTrace Step 0] v0:G2[0.333,0.333,0.334] | v1:G0[0.334,0.333,0.333] | v2:G0[0.334,0.333,0.332] | v3:G2[0.333,0.333,0.334] | v4:G2[0.332,0.333,0.334]
[TopoTrace Step 0] v0:G2[0.333,0.333,0.334] | v1:G0[0.334,0.333,0.333] | v2:G0[0.334,0.333,0.332] | v3:G2[0.333,0.333,0.334] | v4:G2[0.332,0.333,0.334]
[TopoTrace Step 0] v0:G2[0.333,0.333,0.334] | v1:G0[0.334,0.333,0.333] | v2:G0[0.334,0.333,0.332] | v3:G2[0.333,0.333,0.334] | v4:G2[0.332,0.333,0.334]
[TopoTrace Step 0] v0:G2[0.333,0.333,0.334] | v1:G0[0.334,0.333,0.333] | v2:G0[0.334,0.333,0.332] | v3:G2[0.333,0.333,0.334] | v4:G2[0.332,0.333,0.334][TopoTrace Step 0] v0:G2[0.333,0.333,0.334] | v1:G0[0.334,0.333,0.333] | v2:G0[0.334,0.333,0.332] | v3:G2[0.333,0.333,0.334] | v4:G2[0.332,0.333,0.334]

[TopoTrace Step 0] v0:G2[0.333,0.333,0.334] | v1:G0[0.334,0.333,0.333] | v2:G0[0.334,0.333,0.332] | v3:G2[0.333,0.333,0.334] | v4:G2[0.332,0.333,0.334]
[TopoTrace Step 0] v0:G2[0.333,0.333,0.334] | v1:G0[0.334,0.333,0.333] | v2:G0[0.334,0.333,0.332] | v3:G2[0.333,0.333,0.334] | v4:G2[0.332,0.333,0.334]
[TopoTrace Step 0] v0:G2[0.333,0.333,0.334] | v1:G0[0.334,0.333,0.333] | v2:G0[0.334,0.333,0.332] | v3:G2[0.333,0.333,0.334] | v4:G2[0.332,0.333,0.334]
[TopoTrace Step 0] v0:G2[0.333,0.333,0.334] | v1:G0[0.334,0.333,0.333] | v2:G0[0.334,0.333,0.332] | v3:G2[0.333,0.333,0.334] | v4:G2[0.332,0.333,0.334]
[TopoTrace Step 0] v0:G2[0.333,0.333,0.334] | v1:G0[0.334,0.333,0.333] | v2:G0[0.334,0.333,0.332] | v3:G2[0.333,0.333,0.334] | v4:G2[0.332,0.333,0.334]
[TopoTrace Step 0] v0:G2[0.333,0.333,0.334] | v1:G0[0.334,0.333,0.333] | v2:G0[0.334,0.333,0.332] | v3:G2[0.333,0.333,0.334] | v4:G2[0.332,0.333,0.334]
[TopoTrace Step 0] v0:G2[0.333,0.333,0.334] | v1:G0[0.334,0.333,0.333] | v2:G0[0.334,0.333,0.332] | v3:G2[0.333,0.333,0.334] | v4:G2[0.332,0.333,0.334][TopoTrace Step 0] v0:G2[0.333,0.333,0.334] | v1:G0[0.334,0.333,0.333] | v2:G0[0.334,0.333,0.332] | v3:G2[0.333,0.333,0.334] | v4:G2[0.332,0.333,0.334]

[TopoTrace Step 0] v0:G2[0.333,0.333,0.334] | v1:G0[0.334,0.333,0.333] | v2:G0[0.334,0.333,0.332] | v3:G2[0.333,0.333,0.334] | v4:G2[0.332,0.333,0.334]
[TopoTrace Step 0] v0:G2[0.333,0.333,0.334] | v1:G0[0.334,0.333,0.333] | v2:G0[0.334,0.333,0.332] | v3:G2[0.333,0.333,0.334] | v4:G2[0.332,0.333,0.334]
[TopoTrace Step 0] v0:G2[0.333,0.333,0.334] | v1:G0[0.334,0.333,0.333] | v2:G0[0.334,0.333,0.332] | v3:G2[0.333,0.333,0.334] | v4:G2[0.332,0.333,0.334][TopoTrace Step 0] v0:G2[0.333,0.333,0.334] | v1:G0[0.334,0.333,0.333] | v2:G0[0.334,0.333,0.332] | v3:G2[0.333,0.333,0.334] | v4:G2[0.332,0.333,0.334]

[TopoTrace Step 0] v0:G2[0.333,0.333,0.334] | v1:G0[0.334,0.333,0.333] | v2:G0[0.334,0.333,0.332] | v3:G2[0.333,0.333,0.334] | v4:G2[0.332,0.333,0.334]
[TopoTrace Step 0] v0:G2[0.333,0.333,0.334] | v1:G0[0.334,0.333,0.333] | v2:G0[0.334,0.333,0.332] | v3:G2[0.333,0.333,0.334] | v4:G2[0.332,0.333,0.334]
[TopoTrace Step 0] v0:G2[0.333,0.333,0.334] | v1:G0[0.334,0.333,0.333] | v2:G0[0.334,0.333,0.332] | v3:G2[0.333,0.333,0.334] | v4:G2[0.332,0.333,0.334]
[TopoTrace Step 0] v0:G2[0.333,0.333,0.334] | v1:G0[0.334,0.333,0.333] | v2:G0[0.334,0.333,0.332] | v3:G2[0.333,0.333,0.334] | v4:G2[0.332,0.333,0.334]
[TopoTrace Step 0] v0:G2[0.333,0.333,0.334] | v1:G0[0.334,0.333,0.333] | v2:G0[0.334,0.333,0.332] | v3:G2[0.333,0.333,0.334] | v4:G2[0.332,0.333,0.334]
[TopoTrace Step 0] v0:G2[0.333,0.333,0.334] | v1:G0[0.334,0.333,0.333] | v2:G0[0.334,0.333,0.332] | v3:G2[0.333,0.333,0.334] | v4:G2[0.332,0.333,0.334]
[TopoTrace Step 0] v0:G2[0.333,0.333,0.334] | v1:G0[0.334,0.333,0.333] | v2:G0[0.334,0.333,0.332] | v3:G2[0.333,0.333,0.334] | v4:G2[0.332,0.333,0.334]
[TopoTrace Step 0] v0:G2[0.333,0.333,0.334] | v1:G0[0.334,0.333,0.333] | v2:G0[0.334,0.333,0.332] | v3:G2[0.333,0.333,0.334] | v4:G2[0.332,0.333,0.334]
[TopoTrace Step 0] v0:G2[0.333,0.333,0.334] | v1:G0[0.334,0.333,0.333] | v2:G0[0.334,0.333,0.332] | v3:G2[0.333,0.333,0.334] | v4:G2[0.332,0.333,0.334]
[TopoTrace Step 0] v0:G2[0.333,0.333,0.334] | v1:G0[0.334,0.333,0.333] | v2:G0[0.334,0.333,0.332] | v3:G2[0.333,0.333,0.334] | v4:G2[0.332,0.333,0.334]
[TopoTrace Step 0] v0:G2[0.333,0.333,0.334] | v1:G0[0.334,0.333,0.333] | v2:G0[0.334,0.333,0.332] | v3:G2[0.333,0.333,0.334] | v4:G2[0.332,0.333,0.334][TopoTrace Step 0] v0:G2[0.333,0.333,0.334] | v1:G0[0.334,0.333,0.333] | v2:G0[0.334,0.333,0.332] | v3:G2[0.333,0.333,0.334] | v4:G2[0.332,0.333,0.334]

[TopoTrace Step 0] v0:G2[0.333,0.333,0.334] | v1:G0[0.334,0.333,0.333] | v2:G0[0.334,0.333,0.332] | v3:G2[0.333,0.333,0.334] | v4:G2[0.332,0.333,0.334]
[TopoTrace Step 0] v0:G2[0.333,0.333,0.334] | v1:G0[0.334,0.333,0.333] | v2:G0[0.334,0.333,0.332] | v3:G2[0.333,0.333,0.334] | v4:G2[0.332,0.333,0.334]
[TopoTrace Step 0] v0:G2[0.333,0.333,0.334] | v1:G0[0.334,0.333,0.333] | v2:G0[0.334,0.333,0.332] | v3:G2[0.333,0.333,0.334] | v4:G2[0.332,0.333,0.334][TopoTrace Step 0] v0:G2[0.333,0.333,0.334] | v1:G0[0.334,0.333,0.333] | v2:G0[0.334,0.333,0.332] | v3:G2[0.333,0.333,0.334] | v4:G2[0.332,0.333,0.334]

[TopoTrace Step 0] v0:G2[0.333,0.333,0.334] | v1:G0[0.334,0.333,0.333] | v2:G0[0.334,0.333,0.332] | v3:G2[0.333,0.333,0.334] | v4:G2[0.332,0.333,0.334]
[TopoTrace Step 0] v0:G2[0.333,0.333,0.334] | v1:G0[0.334,0.333,0.333] | v2:G0[0.334,0.333,0.332] | v3:G2[0.333,0.333,0.334] | v4:G2[0.332,0.333,0.334]
[TopoTrace Step 0] v0:G2[0.333,0.333,0.334] | v1:G0[0.334,0.333,0.333] | v2:G0[0.334,0.333,0.332] | v3:G2[0.333,0.333,0.334] | v4:G2[0.332,0.333,0.334][TopoTrace Step 0] v0:G2[0.333,0.333,0.334] | v1:G0[0.334,0.333,0.333] | v2:G0[0.334,0.333,0.332] | v3:G2[0.333,0.333,0.334] | v4:G2[0.332,0.333,0.334]

[TopoTrace Step 0] v0:G2[0.333,0.333,0.334] | v1:G0[0.334,0.333,0.333] | v2:G0[0.334,0.333,0.332] | v3:G2[0.333,0.333,0.334] | v4:G2[0.332,0.333,0.334]
[TopoTrace Step 0] v0:G2[0.333,0.333,0.334] | v1:G0[0.334,0.333,0.333] | v2:G0[0.334,0.333,0.332] | v3:G2[0.333,0.333,0.334] | v4:G2[0.332,0.333,0.334]
[TopoTrace Step 0] v0:G2[0.333,0.333,0.334] | v1:G0[0.334,0.333,0.333] | v2:G0[0.334,0.333,0.332] | v3:G2[0.333,0.333,0.334] | v4:G2[0.332,0.333,0.334][TopoTrace Step 0] v0:G2[0.333,0.333,0.334] | v1:G0[0.334,0.333,0.333] | v2:G0[0.334,0.333,0.332] | v3:G2[0.333,0.333,0.334] | v4:G2[0.332,0.333,0.334]

[TopoTrace Step 0] v0:G2[0.333,0.333,0.334] | v1:G0[0.334,0.333,0.333] | v2:G0[0.334,0.333,0.332] | v3:G2[0.333,0.333,0.334] | v4:G2[0.332,0.333,0.334]
[TopoTrace Step 0] v0:G2[0.333,0.333,0.334] | v1:G0[0.334,0.333,0.333] | v2:G0[0.334,0.333,0.332] | v3:G2[0.333,0.333,0.334] | v4:G2[0.332,0.333,0.334]
[TopoTrace Step 0] v0:G2[0.333,0.333,0.334] | v1:G0[0.334,0.333,0.333] | v2:G0[0.334,0.333,0.332] | v3:G2[0.333,0.333,0.334] | v4:G2[0.332,0.333,0.334][TopoTrace Step 0] v0:G2[0.333,0.333,0.334] | v1:G0[0.334,0.333,0.333] | v2:G0[0.334,0.333,0.332] | v3:G2[0.333,0.333,0.334] | v4:G2[0.332,0.333,0.334]

[TopoTrace Step 0] v0:G2[0.333,0.333,0.334] | v1:G0[0.334,0.333,0.333] | v2:G0[0.334,0.333,0.332] | v3:G2[0.333,0.333,0.334] | v4:G2[0.332,0.333,0.334]
[TopoTrace Step 0] v0:G2[0.333,0.333,0.334] | v1:G0[0.334,0.333,0.333] | v2:G0[0.334,0.333,0.332] | v3:G2[0.333,0.333,0.334] | v4:G2[0.332,0.333,0.334]
[TopoTrace Step 0] v0:G2[0.333,0.333,0.334] | v1:G0[0.334,0.333,0.333] | v2:G0[0.334,0.333,0.332] | v3:G2[0.333,0.333,0.334] | v4:G2[0.332,0.333,0.334]
[TopoTrace Step 0] v0:G2[0.333,0.333,0.334] | v1:G0[0.334,0.333,0.333] | v2:G0[0.334,0.333,0.332] | v3:G2[0.333,0.333,0.334] | v4:G2[0.332,0.333,0.334]
[TopoTrace Step 0] v0:G2[0.333,0.333,0.334] | v1:G0[0.334,0.333,0.333] | v2:G0[0.334,0.333,0.332] | v3:G2[0.333,0.333,0.334] | v4:G2[0.332,0.333,0.334]
[TopoTrace Step 0] v0:G2[0.333,0.333,0.334] | v1:G0[0.334,0.333,0.333] | v2:G0[0.334,0.333,0.332] | v3:G2[0.333,0.333,0.334] | v4:G2[0.332,0.333,0.334]
[TopoTrace Step 0] v0:G2[0.333,0.333,0.334] | v1:G0[0.334,0.333,0.333] | v2:G0[0.334,0.333,0.332] | v3:G2[0.333,0.333,0.334] | v4:G2[0.332,0.333,0.334]
[TopoTrace Step 0] v0:G2[0.333,0.333,0.334] | v1:G0[0.334,0.333,0.333] | v2:G0[0.334,0.333,0.332] | v3:G2[0.333,0.333,0.334] | v4:G2[0.332,0.333,0.334]
[TopoTrace Step 0] v0:G2[0.333,0.333,0.334] | v1:G0[0.334,0.333,0.333] | v2:G0[0.334,0.333,0.332] | v3:G2[0.333,0.333,0.334] | v4:G2[0.332,0.333,0.334]
[TopoTrace Step 0] v0:G2[0.333,0.333,0.334] | v1:G0[0.334,0.333,0.333] | v2:G0[0.334,0.333,0.332] | v3:G2[0.333,0.333,0.334] | v4:G2[0.332,0.333,0.334]
[TopoTrace Step 0] v0:G2[0.333,0.333,0.334] | v1:G0[0.334,0.333,0.333] | v2:G0[0.334,0.333,0.332] | v3:G2[0.333,0.333,0.334] | v4:G2[0.332,0.333,0.334][TopoTrace Step 0] v0:G2[0.333,0.333,0.334] | v1:G0[0.334,0.333,0.333] | v2:G0[0.334,0.333,0.332] | v3:G2[0.333,0.333,0.334] | v4:G2[0.332,0.333,0.334]

[TopoTrace Step 0] v0:G2[0.333,0.333,0.334] | v1:G0[0.334,0.333,0.333] | v2:G0[0.334,0.333,0.332] | v3:G2[0.333,0.333,0.334] | v4:G2[0.332,0.333,0.334]
[TopoTrace Step 0] v0:G2[0.333,0.333,0.334] | v1:G0[0.334,0.333,0.333] | v2:G0[0.334,0.333,0.332] | v3:G2[0.333,0.333,0.334] | v4:G2[0.332,0.333,0.334]
[TopoTrace Step 0] v0:G2[0.333,0.333,0.334] | v1:G0[0.334,0.333,0.333] | v2:G0[0.334,0.333,0.332] | v3:G2[0.333,0.333,0.334] | v4:G2[0.332,0.333,0.334][TopoTrace Step 0] v0:G2[0.333,0.333,0.334] | v1:G0[0.334,0.333,0.333] | v2:G0[0.334,0.333,0.332] | v3:G2[0.333,0.333,0.334] | v4:G2[0.332,0.333,0.334]

[TopoTrace Step 0] v0:G2[0.333,0.333,0.334] | v1:G0[0.334,0.333,0.333] | v2:G0[0.334,0.333,0.332] | v3:G2[0.333,0.333,0.334] | v4:G2[0.332,0.333,0.334]
[TopoTrace Step 0] v0:G2[0.333,0.333,0.334] | v1:G0[0.334,0.333,0.333] | v2:G0[0.334,0.333,0.332] | v3:G2[0.333,0.333,0.334] | v4:G2[0.332,0.333,0.334]
[TopoTrace Step 0] v0:G2[0.333,0.333,0.334] | v1:G0[0.334,0.333,0.333] | v2:G0[0.334,0.333,0.332] | v3:G2[0.333,0.333,0.334] | v4:G2[0.332,0.333,0.334]
[TopoTrace Step 0] v0:G2[0.333,0.333,0.334] | v1:G0[0.334,0.333,0.333] | v2:G0[0.334,0.333,0.332] | v3:G2[0.333,0.333,0.334] | v4:G2[0.332,0.333,0.334]
[TopoTrace Step 0] v0:G2[0.333,0.333,0.334] | v1:G0[0.334,0.333,0.333] | v2:G0[0.334,0.333,0.332] | v3:G2[0.333,0.333,0.334] | v4:G2[0.332,0.333,0.334]
[TopoTrace Step 0] v0:G2[0.333,0.333,0.334] | v1:G0[0.334,0.333,0.333] | v2:G0[0.334,0.333,0.332] | v3:G2[0.333,0.333,0.334] | v4:G2[0.332,0.333,0.334]
[TopoTrace Step 0] v0:G2[0.333,0.333,0.334] | v1:G0[0.334,0.333,0.333] | v2:G0[0.334,0.333,0.332] | v3:G2[0.333,0.333,0.334] | v4:G2[0.332,0.333,0.334][TopoTrace Step 0] v0:G2[0.333,0.333,0.334] | v1:G0[0.334,0.333,0.333] | v2:G0[0.334,0.333,0.332] | v3:G2[0.333,0.333,0.334] | v4:G2[0.332,0.333,0.334]

[TopoTrace Step 0] v0:G2[0.333,0.333,0.334] | v1:G0[0.334,0.333,0.333] | v2:G0[0.334,0.333,0.332] | v3:G2[0.333,0.333,0.334] | v4:G2[0.332,0.333,0.334]
[TopoTrace Step 0] v0:G2[0.333,0.333,0.334] | v1:G0[0.334,0.333,0.333] | v2:G0[0.334,0.333,0.332] | v3:G2[0.333,0.333,0.334] | v4:G2[0.332,0.333,0.334]
[TopoTrace Step 0] v0:G2[0.333,0.333,0.334] | v1:G0[0.334,0.333,0.333] | v2:G0[0.334,0.333,0.332] | v3:G2[0.333,0.333,0.334] | v4:G2[0.332,0.333,0.334]
[TopoTrace Step 0] v0:G2[0.333,0.333,0.334] | v1:G0[0.334,0.333,0.333] | v2:G0[0.334,0.333,0.332] | v3:G2[0.333,0.333,0.334] | v4:G2[0.332,0.333,0.334]
[TopoTrace Step 0] v0:G2[0.333,0.333,0.334] | v1:G0[0.334,0.333,0.333] | v2:G0[0.334,0.333,0.332] | v3:G2[0.333,0.333,0.334] | v4:G2[0.332,0.333,0.334]
[TopoTrace Step 0] v0:G2[0.333,0.333,0.334] | v1:G0[0.334,0.333,0.333] | v2:G0[0.334,0.333,0.332] | v3:G2[0.333,0.333,0.334] | v4:G2[0.332,0.333,0.334]
[TopoTrace Step 0] v0:G2[0.333,0.333,0.334] | v1:G0[0.334,0.333,0.333] | v2:G0[0.334,0.333,0.332] | v3:G2[0.333,0.333,0.334] | v4:G2[0.332,0.333,0.334]
[TopoTrace Step 0] v0:G2[0.333,0.333,0.334] | v1:G0[0.334,0.333,0.333] | v2:G0[0.334,0.333,0.332] | v3:G2[0.333,0.333,0.334] | v4:G2[0.332,0.333,0.334]
[TopoTrace Step 0] v0:G2[0.333,0.333,0.334] | v1:G0[0.334,0.333,0.333] | v2:G0[0.334,0.333,0.332] | v3:G2[0.333,0.333,0.334] | v4:G2[0.332,0.333,0.334]
[TopoTrace Step 0] v0:G2[0.333,0.333,0.334] | v1:G0[0.334,0.333,0.333] | v2:G0[0.334,0.333,0.332] | v3:G2[0.333,0.333,0.334] | v4:G2[0.332,0.333,0.334]
[TopoTrace Step 0] v0:G2[0.333,0.333,0.334] | v1:G0[0.334,0.333,0.333] | v2:G0[0.334,0.333,0.332] | v3:G2[0.333,0.333,0.334] | v4:G2[0.332,0.333,0.334][TopoTrace Step 0] v0:G2[0.333,0.333,0.334] | v1:G0[0.334,0.333,0.333] | v2:G0[0.334,0.333,0.332] | v3:G2[0.333,0.333,0.334] | v4:G2[0.332,0.333,0.334]

[TopoTrace Step 0] v0:G2[0.333,0.333,0.334] | v1:G0[0.334,0.333,0.333] | v2:G0[0.334,0.333,0.332] | v3:G2[0.333,0.333,0.334] | v4:G2[0.332,0.333,0.334]
[TopoTrace Step 0] v0:G2[0.333,0.333,0.334] | v1:G0[0.334,0.333,0.333] | v2:G0[0.334,0.333,0.332] | v3:G2[0.333,0.333,0.334] | v4:G2[0.332,0.333,0.334]
[TopoTrace Step 0] v0:G2[0.333,0.333,0.334] | v1:G0[0.334,0.333,0.333] | v2:G0[0.334,0.333,0.332] | v3:G2[0.333,0.333,0.334] | v4:G2[0.332,0.333,0.334]
[TopoTrace Step 0] v0:G2[0.333,0.333,0.334] | v1:G0[0.334,0.333,0.333] | v2:G0[0.334,0.333,0.332] | v3:G2[0.333,0.333,0.334] | v4:G2[0.332,0.333,0.334]
[TopoTrace Step 0] v0:G2[0.333,0.333,0.334] | v1:G0[0.334,0.333,0.333] | v2:G0[0.334,0.333,0.332] | v3:G2[0.333,0.333,0.334] | v4:G2[0.332,0.333,0.334]
[TopoTrace Step 0] v0:G2[0.333,0.333,0.334] | v1:G0[0.334,0.333,0.333] | v2:G0[0.334,0.333,0.332] | v3:G2[0.333,0.333,0.334] | v4:G2[0.332,0.333,0.334]
[TopoTrace Step 0] v0:G2[0.333,0.333,0.334] | v1:G0[0.334,0.333,0.333] | v2:G0[0.334,0.333,0.332] | v3:G2[0.333,0.333,0.334] | v4:G2[0.332,0.333,0.334]
[TopoTrace Step 0] v0:G2[0.333,0.333,0.334] | v1:G0[0.334,0.333,0.333] | v2:G0[0.334,0.333,0.332] | v3:G2[0.333,0.333,0.334] | v4:G2[0.332,0.333,0.334]
[TopoTrace Step 0] v0:G2[0.333,0.333,0.334] | v1:G0[0.334,0.333,0.333] | v2:G0[0.334,0.333,0.332] | v3:G2[0.333,0.333,0.334] | v4:G2[0.332,0.333,0.334]
[TopoTrace Step 0] v0:G2[0.333,0.333,0.334] | v1:G0[0.334,0.333,0.333] | v2:G0[0.334,0.333,0.332] | v3:G2[0.333,0.333,0.334] | v4:G2[0.332,0.333,0.334]
[TopoTrace Step 0] v0:G2[0.333,0.333,0.334] | v1:G0[0.334,0.333,0.333] | v2:G0[0.334,0.333,0.332] | v3:G2[0.333,0.333,0.334] | v4:G2[0.332,0.333,0.334]
[TopoTrace Step 0] v0:G2[0.333,0.333,0.334] | v1:G0[0.334,0.333,0.333] | v2:G0[0.334,0.333,0.332] | v3:G2[0.333,0.333,0.334] | v4:G2[0.332,0.333,0.334]
[TopoTrace Step 0] v0:G2[0.333,0.333,0.334] | v1:G0[0.334,0.333,0.333] | v2:G0[0.334,0.333,0.332] | v3:G2[0.333,0.333,0.334] | v4:G2[0.332,0.333,0.334]
[TopoTrace Step 0] v0:G2[0.333,0.333,0.334] | v1:G0[0.334,0.333,0.333] | v2:G0[0.334,0.333,0.332] | v3:G2[0.333,0.333,0.334] | v4:G2[0.332,0.333,0.334]
[TopoTrace Step 0] v0:G2[0.333,0.333,0.334] | v1:G0[0.334,0.333,0.333] | v2:G0[0.334,0.333,0.332] | v3:G2[0.333,0.333,0.334] | v4:G2[0.332,0.333,0.334]
[TopoTrace Step 0] v0:G2[0.333,0.333,0.334] | v1:G0[0.334,0.333,0.333] | v2:G0[0.334,0.333,0.332] | v3:G2[0.333,0.333,0.334] | v4:G2[0.332,0.333,0.334]
[TopoTrace Step 0] v0:G2[0.333,0.333,0.334] | v1:G0[0.334,0.333,0.333] | v2:G0[0.334,0.333,0.332] | v3:G2[0.333,0.333,0.334] | v4:G2[0.332,0.333,0.334]
[TopoTrace Step 0] v0:G2[0.333,0.333,0.334] | v1:G0[0.334,0.333,0.333] | v2:G0[0.334,0.333,0.332] | v3:G2[0.333,0.333,0.334] | v4:G2[0.332,0.333,0.334]
[TopoTrace Step 0] v0:G2[0.333,0.333,0.334] | v1:G0[0.334,0.333,0.333] | v2:G0[0.334,0.333,0.332] | v3:G2[0.333,0.333,0.334] | v4:G2[0.332,0.333,0.334]
[TopoTrace Step 0] v0:G2[0.333,0.333,0.334] | v1:G0[0.334,0.333,0.333] | v2:G0[0.334,0.333,0.332] | v3:G2[0.333,0.333,0.334] | v4:G2[0.332,0.333,0.334]
[TopoTrace Step 0] v0:G2[0.333,0.333,0.334] | v1:G0[0.334,0.333,0.333] | v2:G0[0.334,0.333,0.332] | v3:G2[0.333,0.333,0.334] | v4:G2[0.332,0.333,0.334]
[TopoTrace Step 0] v0:G2[0.333,0.333,0.334] | v1:G0[0.334,0.333,0.333] | v2:G0[0.334,0.333,0.332] | v3:G2[0.333,0.333,0.334] | v4:G2[0.332,0.333,0.334]
[TopoTrace Step 0] v0:G2[0.333,0.333,0.334] | v1:G0[0.334,0.333,0.333] | v2:G0[0.334,0.333,0.332] | v3:G2[0.333,0.333,0.334] | v4:G2[0.332,0.333,0.334]
[TopoTrace Step 0] v0:G2[0.333,0.333,0.334] | v1:G0[0.334,0.333,0.333] | v2:G0[0.334,0.333,0.332] | v3:G2[0.333,0.333,0.334] | v4:G2[0.332,0.333,0.334]
[TopoTrace Step 0] v0:G2[0.333,0.333,0.334] | v1:G0[0.334,0.333,0.333] | v2:G0[0.334,0.333,0.332] | v3:G2[0.333,0.333,0.334] | v4:G2[0.332,0.333,0.334]
[TopoTrace Step 0] v0:G2[0.333,0.333,0.334] | v1:G0[0.334,0.333,0.333] | v2:G0[0.334,0.333,0.332] | v3:G2[0.333,0.333,0.334] | v4:G2[0.332,0.333,0.334]
[TopoTrace Step 0] v0:G2[0.333,0.333,0.334] | v1:G0[0.334,0.333,0.333] | v2:G0[0.334,0.333,0.332] | v3:G2[0.333,0.333,0.334] | v4:G2[0.332,0.333,0.334]
[TopoTrace Step 0] v0:G2[0.333,0.333,0.334] | v1:G0[0.334,0.333,0.333] | v2:G0[0.334,0.333,0.332] | v3:G2[0.333,0.333,0.334] | v4:G2[0.332,0.333,0.334]
[TopoTrace Step 0] v0:G2[0.333,0.333,0.334] | v1:G0[0.334,0.333,0.333] | v2:G0[0.334,0.333,0.332] | v3:G2[0.333,0.333,0.334] | v4:G2[0.332,0.333,0.334]
[TopoTrace Step 0] v0:G2[0.333,0.333,0.334] | v1:G0[0.334,0.333,0.333] | v2:G0[0.334,0.333,0.332] | v3:G2[0.333,0.333,0.334] | v4:G2[0.332,0.333,0.334]
[TopoTrace Step 0] v0:G2[0.333,0.333,0.334] | v1:G0[0.334,0.333,0.333] | v2:G0[0.334,0.333,0.332] | v3:G2[0.333,0.333,0.334] | v4:G2[0.332,0.333,0.334][TopoTrace Step 0] v0:G2[0.333,0.333,0.334] | v1:G0[0.334,0.333,0.333] | v2:G0[0.334,0.333,0.332] | v3:G2[0.333,0.333,0.334] | v4:G2[0.332,0.333,0.334]

[TopoTrace Step 0] v0:G2[0.333,0.333,0.334] | v1:G0[0.334,0.333,0.333] | v2:G0[0.334,0.333,0.332] | v3:G2[0.333,0.333,0.334] | v4:G2[0.332,0.333,0.334]
[TopoTrace Step 0] v0:G2[0.333,0.333,0.334] | v1:G0[0.334,0.333,0.333] | v2:G0[0.334,0.333,0.332] | v3:G2[0.333,0.333,0.334] | v4:G2[0.332,0.333,0.334]
[TopoTrace Step 0] v0:G2[0.333,0.333,0.334] | v1:G0[0.334,0.333,0.333] | v2:G0[0.334,0.333,0.332] | v3:G2[0.333,0.333,0.334] | v4:G2[0.332,0.333,0.334][TopoTrace Step 0] v0:G2[0.333,0.333,0.334] | v1:G0[0.334,0.333,0.333] | v2:G0[0.334,0.333,0.332] | v3:G2[0.333,0.333,0.334] | v4:G2[0.332,0.333,0.334]

[TopoTrace Step 0] v0:G2[0.333,0.333,0.334] | v1:G0[0.334,0.333,0.333] | v2:G0[0.334,0.333,0.332] | v3:G2[0.333,0.333,0.334] | v4:G2[0.332,0.333,0.334]
[TopoTrace Step 0] v0:G2[0.333,0.333,0.334] | v1:G0[0.334,0.333,0.333] | v2:G0[0.334,0.333,0.332] | v3:G2[0.333,0.333,0.334] | v4:G2[0.332,0.333,0.334]
[TopoTrace Step 0] v0:G2[0.333,0.333,0.334] | v1:G0[0.334,0.333,0.333] | v2:G0[0.334,0.333,0.332] | v3:G2[0.333,0.333,0.334] | v4:G2[0.332,0.333,0.334]
[TopoTrace Step 0] v0:G2[0.333,0.333,0.334] | v1:G0[0.334,0.333,0.333] | v2:G0[0.334,0.333,0.332] | v3:G2[0.333,0.333,0.334] | v4:G2[0.332,0.333,0.334]
[TopoTrace Step 0] v0:G2[0.333,0.333,0.334] | v1:G0[0.334,0.333,0.333] | v2:G0[0.334,0.333,0.332] | v3:G2[0.333,0.333,0.334] | v4:G2[0.332,0.333,0.334]
[TopoTrace Step 0] v0:G2[0.333,0.333,0.334] | v1:G0[0.334,0.333,0.333] | v2:G0[0.334,0.333,0.332] | v3:G2[0.333,0.333,0.334] | v4:G2[0.332,0.333,0.334]
[TopoTrace Step 0] v0:G2[0.333,0.333,0.334] | v1:G0[0.334,0.333,0.333] | v2:G0[0.334,0.333,0.332] | v3:G2[0.333,0.333,0.334] | v4:G2[0.332,0.333,0.334]
[TopoTrace Step 0] v0:G2[0.333,0.333,0.334] | v1:G0[0.334,0.333,0.333] | v2:G0[0.334,0.333,0.332] | v3:G2[0.333,0.333,0.334] | v4:G2[0.332,0.333,0.334]
[TopoTrace Step 0] v0:G2[0.333,0.333,0.334] | v1:G0[0.334,0.333,0.333] | v2:G0[0.334,0.333,0.332] | v3:G2[0.333,0.333,0.334] | v4:G2[0.332,0.333,0.334]
[TopoTrace Step 0] v0:G2[0.333,0.333,0.334] | v1:G0[0.334,0.333,0.333] | v2:G0[0.334,0.333,0.332] | v3:G2[0.333,0.333,0.334] | v4:G2[0.332,0.333,0.334]
[TopoTrace Step 0] v0:G2[0.333,0.333,0.334] | v1:G0[0.334,0.333,0.333] | v2:G0[0.334,0.333,0.332] | v3:G2[0.333,0.333,0.334] | v4:G2[0.332,0.333,0.334]
[TopoTrace Step 0] v0:G2[0.333,0.333,0.334] | v1:G0[0.334,0.333,0.333] | v2:G0[0.334,0.333,0.332] | v3:G2[0.333,0.333,0.334] | v4:G2[0.332,0.333,0.334]
[TopoTrace Step 0] v0:G2[0.333,0.333,0.334] | v1:G0[0.334,0.333,0.333] | v2:G0[0.334,0.333,0.332] | v3:G2[0.333,0.333,0.334] | v4:G2[0.332,0.333,0.334]
[TopoTrace Step 0] v0:G2[0.333,0.333,0.334] | v1:G0[0.334,0.333,0.333] | v2:G0[0.334,0.333,0.332] | v3:G2[0.333,0.333,0.334] | v4:G2[0.332,0.333,0.334]
[TopoTrace Step 0] v0:G2[0.333,0.333,0.334] | v1:G0[0.334,0.333,0.333] | v2:G0[0.334,0.333,0.332] | v3:G2[0.333,0.333,0.334] | v4:G2[0.332,0.333,0.334]
[TopoTrace Step 0] v0:G2[0.333,0.333,0.334] | v1:G0[0.334,0.333,0.333] | v2:G0[0.334,0.333,0.332] | v3:G2[0.333,0.333,0.334] | v4:G2[0.332,0.333,0.334]
[TopoTrace Step 0] v0:G2[0.333,0.333,0.334] | v1:G0[0.334,0.333,0.333] | v2:G0[0.334,0.333,0.332] | v3:G2[0.333,0.333,0.334] | v4:G2[0.332,0.333,0.334]
[TopoTrace Step 0] v0:G2[0.333,0.333,0.334] | v1:G0[0.334,0.333,0.333] | v2:G0[0.334,0.333,0.332] | v3:G2[0.333,0.333,0.334] | v4:G2[0.332,0.333,0.334]
[TopoTrace Step 0] v0:G2[0.333,0.333,0.334] | v1:G0[0.334,0.333,0.333] | v2:G0[0.334,0.333,0.332] | v3:G2[0.333,0.333,0.334] | v4:G2[0.332,0.333,0.334][TopoTrace Step 0] v0:G2[0.333,0.333,0.334] | v1:G0[0.334,0.333,0.333] | v2:G0[0.334,0.333,0.332] | v3:G2[0.333,0.333,0.334] | v4:G2[0.332,0.333,0.334]

[TopoTrace Step 0] v0:G2[0.333,0.333,0.334] | v1:G0[0.334,0.333,0.333] | v2:G0[0.334,0.333,0.332] | v3:G2[0.333,0.333,0.334] | v4:G2[0.332,0.333,0.334]
[TopoTrace Step 0] v0:G2[0.333,0.333,0.334] | v1:G0[0.334,0.333,0.333] | v2:G0[0.334,0.333,0.332] | v3:G2[0.333,0.333,0.334] | v4:G2[0.332,0.333,0.334]
[TopoTrace Step 0] v0:G2[0.333,0.333,0.334] | v1:G0[0.334,0.333,0.333] | v2:G0[0.334,0.333,0.332] | v3:G2[0.333,0.333,0.334] | v4:G2[0.332,0.333,0.334][TopoTrace Step 0] v0:G2[0.333,0.333,0.334] | v1:G0[0.334,0.333,0.333] | v2:G0[0.334,0.333,0.332] | v3:G2[0.333,0.333,0.334] | v4:G2[0.332,0.333,0.334]

[TopoTrace Step 0] v0:G2[0.333,0.333,0.334] | v1:G0[0.334,0.333,0.333] | v2:G0[0.334,0.333,0.332] | v3:G2[0.333,0.333,0.334] | v4:G2[0.332,0.333,0.334]
[TopoTrace Step 0] v0:G2[0.333,0.333,0.334] | v1:G0[0.334,0.333,0.333] | v2:G0[0.334,0.333,0.332] | v3:G2[0.333,0.333,0.334] | v4:G2[0.332,0.333,0.334]
[TopoTrace Step 0] v0:G2[0.333,0.333,0.334] | v1:G0[0.334,0.333,0.333] | v2:G0[0.334,0.333,0.332] | v3:G2[0.333,0.333,0.334] | v4:G2[0.332,0.333,0.334][TopoTrace Step 0] v0:G2[0.333,0.333,0.334] | v1:G0[0.334,0.333,0.333] | v2:G0[0.334,0.333,0.332] | v3:G2[0.333,0.333,0.334] | v4:G2[0.332,0.333,0.334]

[TopoTrace Step 0] v0:G2[0.333,0.333,0.334] | v1:G0[0.334,0.333,0.333] | v2:G0[0.334,0.333,0.332] | v3:G2[0.333,0.333,0.334] | v4:G2[0.332,0.333,0.334]
[TopoTrace Step 0] v0:G2[0.333,0.333,0.334] | v1:G0[0.334,0.333,0.333] | v2:G0[0.334,0.333,0.332] | v3:G2[0.333,0.333,0.334] | v4:G2[0.332,0.333,0.334]
[TopoTrace Step 0] v0:G2[0.333,0.333,0.334] | v1:G0[0.334,0.333,0.333] | v2:G0[0.334,0.333,0.332] | v3:G2[0.333,0.333,0.334] | v4:G2[0.332,0.333,0.334][TopoTrace Step 0] v0:G2[0.333,0.333,0.334] | v1:G0[0.334,0.333,0.333] | v2:G0[0.334,0.333,0.332] | v3:G2[0.333,0.333,0.334] | v4:G2[0.332,0.333,0.334]

[TopoTrace Step 0] v0:G2[0.333,0.333,0.334] | v1:G0[0.334,0.333,0.333] | v2:G0[0.334,0.333,0.332] | v3:G2[0.333,0.333,0.334] | v4:G2[0.332,0.333,0.334]
[TopoTrace Step 0] v0:G2[0.333,0.333,0.334] | v1:G0[0.334,0.333,0.333] | v2:G0[0.334,0.333,0.332] | v3:G2[0.333,0.333,0.334] | v4:G2[0.332,0.333,0.334]
[TopoTrace Step 0] v0:G2[0.333,0.333,0.334] | v1:G0[0.334,0.333,0.333] | v2:G0[0.334,0.333,0.332] | v3:G2[0.333,0.333,0.334] | v4:G2[0.332,0.333,0.334]
[TopoTrace Step 0] v0:G2[0.333,0.333,0.334] | v1:G0[0.334,0.333,0.333] | v2:G0[0.334,0.333,0.332] | v3:G2[0.333,0.333,0.334] | v4:G2[0.332,0.333,0.334]
[TopoTrace Step 0] v0:G2[0.333,0.333,0.334] | v1:G0[0.334,0.333,0.333] | v2:G0[0.334,0.333,0.332] | v3:G2[0.333,0.333,0.334] | v4:G2[0.332,0.333,0.334]
[TopoTrace Step 0] v0:G2[0.333,0.333,0.334] | v1:G0[0.334,0.333,0.333] | v2:G0[0.334,0.333,0.332] | v3:G2[0.333,0.333,0.334] | v4:G2[0.332,0.333,0.334]
[TopoTrace Step 0] v0:G2[0.333,0.333,0.334] | v1:G0[0.334,0.333,0.333] | v2:G0[0.334,0.333,0.332] | v3:G2[0.333,0.333,0.334] | v4:G2[0.332,0.333,0.334][TopoTrace Step 0] v0:G2[0.333,0.333,0.334] | v1:G0[0.334,0.333,0.333] | v2:G0[0.334,0.333,0.332] | v3:G2[0.333,0.333,0.334] | v4:G2[0.332,0.333,0.334]

[TopoTrace Step 0] v0:G2[0.333,0.333,0.334] | v1:G0[0.334,0.333,0.333] | v2:G0[0.334,0.333,0.332] | v3:G2[0.333,0.333,0.334] | v4:G2[0.332,0.333,0.334]
[TopoTrace Step 0] v0:G2[0.333,0.333,0.334] | v1:G0[0.334,0.333,0.333] | v2:G0[0.334,0.333,0.332] | v3:G2[0.333,0.333,0.334] | v4:G2[0.332,0.333,0.334]
[TopoTrace Step 0] v0:G2[0.333,0.333,0.334] | v1:G0[0.334,0.333,0.333] | v2:G0[0.334,0.333,0.332] | v3:G2[0.333,0.333,0.334] | v4:G2[0.332,0.333,0.334][TopoTrace Step 0] v0:G2[0.333,0.333,0.334] | v1:G0[0.334,0.333,0.333] | v2:G0[0.334,0.333,0.332] | v3:G2[0.333,0.333,0.334] | v4:G2[0.332,0.333,0.334]

[TopoTrace Step 0] v0:G2[0.333,0.333,0.334] | v1:G0[0.334,0.333,0.333] | v2:G0[0.334,0.333,0.332] | v3:G2[0.333,0.333,0.334] | v4:G2[0.332,0.333,0.334]
[TopoTrace Step 0] v0:G2[0.333,0.333,0.334] | v1:G0[0.334,0.333,0.333] | v2:G0[0.334,0.333,0.332] | v3:G2[0.333,0.333,0.334] | v4:G2[0.332,0.333,0.334]
[TopoTrace Step 0] v0:G2[0.333,0.333,0.334] | v1:G0[0.334,0.333,0.333] | v2:G0[0.334,0.333,0.332] | v3:G2[0.333,0.333,0.334] | v4:G2[0.332,0.333,0.334][TopoTrace Step 0] v0:G2[0.333,0.333,0.334] | v1:G0[0.334,0.333,0.333] | v2:G0[0.334,0.333,0.332] | v3:G2[0.333,0.333,0.334] | v4:G2[0.332,0.333,0.334]

Epoch: 4 cost time: 16.310394525527954
Epoch: 4, Steps: 147 | Train Loss: 0.3678761 Vali Loss: 0.4024092 Test Loss: 4.0609956
Validation loss decreased (0.402599 --> 0.402409).  Saving model ...
Updating learning rate to 1.25e-05
[TopoTrace Step 0] v0:G2[0.333,0.333,0.334] | v1:G0[0.334,0.333,0.333] | v2:G0[0.334,0.333,0.332] | v3:G2[0.333,0.333,0.334] | v4:G2[0.332,0.333,0.334]
[TopoTrace Step 0] v0:G2[0.333,0.333,0.334] | v1:G0[0.334,0.333,0.333] | v2:G0[0.334,0.333,0.332] | v3:G2[0.333,0.333,0.334] | v4:G2[0.332,0.333,0.334][TopoTrace Step 0] v0:G2[0.333,0.333,0.334] | v1:G0[0.334,0.333,0.333] | v2:G0[0.334,0.333,0.332] | v3:G2[0.333,0.333,0.334] | v4:G2[0.332,0.333,0.334][TopoTrace Step 0] v0:G2[0.333,0.333,0.334] | v1:G0[0.334,0.333,0.333] | v2:G0[0.334,0.333,0.332] | v3:G2[0.333,0.333,0.334] | v4:G2[0.332,0.333,0.334]


[TopoTrace Step 0] v0:G2[0.333,0.333,0.334] | v1:G0[0.334,0.333,0.333] | v2:G0[0.334,0.333,0.332] | v3:G2[0.333,0.333,0.334] | v4:G2[0.332,0.333,0.334]
[TopoTrace Step 0] v0:G2[0.333,0.333,0.334] | v1:G0[0.334,0.333,0.333] | v2:G0[0.334,0.333,0.332] | v3:G2[0.333,0.333,0.334] | v4:G2[0.332,0.333,0.334]
[TopoTrace Step 0] v0:G2[0.333,0.333,0.334] | v1:G0[0.334,0.333,0.333] | v2:G0[0.334,0.333,0.332] | v3:G2[0.333,0.333,0.334] | v4:G2[0.332,0.333,0.334]
[TopoTrace Step 0] v0:G2[0.333,0.333,0.334] | v1:G0[0.334,0.333,0.333] | v2:G0[0.334,0.333,0.332] | v3:G2[0.333,0.333,0.334] | v4:G2[0.332,0.333,0.334]
[TopoTrace Step 0] v0:G2[0.333,0.333,0.334] | v1:G0[0.334,0.333,0.333] | v2:G0[0.334,0.333,0.332] | v3:G2[0.333,0.333,0.334] | v4:G2[0.332,0.333,0.334]
[TopoTrace Step 0] v0:G2[0.333,0.333,0.334] | v1:G0[0.334,0.333,0.333] | v2:G0[0.334,0.333,0.332] | v3:G2[0.333,0.333,0.334] | v4:G2[0.332,0.333,0.334]
[TopoTrace Step 0] v0:G2[0.333,0.333,0.334] | v1:G0[0.334,0.333,0.333] | v2:G0[0.334,0.333,0.332] | v3:G2[0.333,0.333,0.334] | v4:G2[0.332,0.333,0.334]
[TopoTrace Step 0] v0:G2[0.333,0.333,0.334] | v1:G0[0.334,0.333,0.333] | v2:G0[0.334,0.333,0.332] | v3:G2[0.333,0.333,0.334] | v4:G2[0.332,0.333,0.334]
[TopoTrace Step 0] v0:G2[0.333,0.333,0.334] | v1:G0[0.334,0.333,0.333] | v2:G0[0.334,0.333,0.332] | v3:G2[0.333,0.333,0.334] | v4:G2[0.332,0.333,0.334]
[TopoTrace Step 0] v0:G2[0.333,0.333,0.334] | v1:G0[0.334,0.333,0.333] | v2:G0[0.334,0.333,0.332] | v3:G2[0.333,0.333,0.334] | v4:G2[0.332,0.333,0.334]
[TopoTrace Step 0] v0:G2[0.333,0.333,0.334] | v1:G0[0.334,0.333,0.333] | v2:G0[0.334,0.333,0.332] | v3:G2[0.333,0.333,0.334] | v4:G2[0.332,0.333,0.334]
[TopoTrace Step 0] v0:G2[0.333,0.333,0.334] | v1:G0[0.334,0.333,0.333] | v2:G0[0.334,0.333,0.332] | v3:G2[0.333,0.333,0.334] | v4:G2[0.332,0.333,0.334]
[TopoTrace Step 0] v0:G2[0.333,0.333,0.334] | v1:G0[0.334,0.333,0.333] | v2:G0[0.334,0.333,0.332] | v3:G2[0.333,0.333,0.334] | v4:G2[0.332,0.333,0.334]
[TopoTrace Step 0] v0:G2[0.333,0.333,0.334] | v1:G0[0.334,0.333,0.333] | v2:G0[0.334,0.333,0.332] | v3:G2[0.333,0.333,0.334] | v4:G2[0.332,0.333,0.334]
[TopoTrace Step 0] v0:G2[0.333,0.333,0.334] | v1:G0[0.334,0.333,0.333] | v2:G0[0.334,0.333,0.332] | v3:G2[0.333,0.333,0.334] | v4:G2[0.332,0.333,0.334]
[TopoTrace Step 0] v0:G2[0.333,0.333,0.334] | v1:G0[0.334,0.333,0.333] | v2:G0[0.334,0.333,0.332] | v3:G2[0.333,0.333,0.334] | v4:G2[0.332,0.333,0.334]
[TopoTrace Step 0] v0:G2[0.333,0.333,0.334] | v1:G0[0.334,0.333,0.333] | v2:G0[0.334,0.333,0.332] | v3:G2[0.333,0.333,0.334] | v4:G2[0.332,0.333,0.334]
[TopoTrace Step 0] v0:G2[0.333,0.333,0.334] | v1:G0[0.334,0.333,0.333] | v2:G0[0.334,0.333,0.332] | v3:G2[0.333,0.333,0.334] | v4:G2[0.332,0.333,0.334]
[TopoTrace Step 0] v0:G2[0.333,0.333,0.334] | v1:G0[0.334,0.333,0.333] | v2:G0[0.334,0.333,0.332] | v3:G2[0.333,0.333,0.334] | v4:G2[0.332,0.333,0.334]
[TopoTrace Step 0] v0:G2[0.333,0.333,0.334] | v1:G0[0.334,0.333,0.333] | v2:G0[0.334,0.333,0.332] | v3:G2[0.333,0.333,0.334] | v4:G2[0.332,0.333,0.334]
[TopoTrace Step 0] v0:G2[0.333,0.333,0.334] | v1:G0[0.334,0.333,0.333] | v2:G0[0.334,0.333,0.332] | v3:G2[0.333,0.333,0.334] | v4:G2[0.332,0.333,0.334]
[TopoTrace Step 0] v0:G2[0.333,0.333,0.334] | v1:G0[0.334,0.333,0.333] | v2:G0[0.334,0.333,0.332] | v3:G2[0.333,0.333,0.334] | v4:G2[0.332,0.333,0.334]
[TopoTrace Step 0] v0:G2[0.333,0.333,0.334] | v1:G0[0.334,0.333,0.333] | v2:G0[0.334,0.333,0.332] | v3:G2[0.333,0.333,0.334] | v4:G2[0.332,0.333,0.334][TopoTrace Step 0] v0:G2[0.333,0.333,0.334] | v1:G0[0.334,0.333,0.333] | v2:G0[0.334,0.333,0.332] | v3:G2[0.333,0.333,0.334] | v4:G2[0.332,0.333,0.334]

[TopoTrace Step 0] v0:G2[0.333,0.333,0.334] | v1:G0[0.334,0.333,0.333] | v2:G0[0.334,0.333,0.332] | v3:G2[0.333,0.333,0.334] | v4:G2[0.332,0.333,0.334]
[TopoTrace Step 0] v0:G2[0.333,0.333,0.334] | v1:G0[0.334,0.333,0.333] | v2:G0[0.334,0.333,0.332] | v3:G2[0.333,0.333,0.334] | v4:G2[0.332,0.333,0.334]
[TopoTrace Step 0] v0:G2[0.333,0.333,0.334] | v1:G0[0.334,0.333,0.333] | v2:G0[0.334,0.333,0.332] | v3:G2[0.333,0.333,0.334] | v4:G2[0.332,0.333,0.334]
[TopoTrace Step 0] v0:G2[0.333,0.333,0.334] | v1:G0[0.334,0.333,0.333] | v2:G0[0.334,0.333,0.332] | v3:G2[0.333,0.333,0.334] | v4:G2[0.332,0.333,0.334]
[TopoTrace Step 0] v0:G2[0.333,0.333,0.334] | v1:G0[0.334,0.333,0.333] | v2:G0[0.334,0.333,0.332] | v3:G2[0.333,0.333,0.334] | v4:G2[0.332,0.333,0.334]
[TopoTrace Step 0] v0:G2[0.333,0.333,0.334] | v1:G0[0.334,0.333,0.333] | v2:G0[0.334,0.333,0.332] | v3:G2[0.333,0.333,0.334] | v4:G2[0.332,0.333,0.334]
[TopoTrace Step 0] v0:G2[0.333,0.333,0.334] | v1:G0[0.334,0.333,0.333] | v2:G0[0.334,0.333,0.332] | v3:G2[0.333,0.333,0.334] | v4:G2[0.332,0.333,0.334]
[TopoTrace Step 0] v0:G2[0.333,0.333,0.334] | v1:G0[0.334,0.333,0.333] | v2:G0[0.334,0.333,0.332] | v3:G2[0.333,0.333,0.334] | v4:G2[0.332,0.333,0.334]
[TopoTrace Step 0] v0:G2[0.333,0.333,0.334] | v1:G0[0.334,0.333,0.333] | v2:G0[0.334,0.333,0.332] | v3:G2[0.333,0.333,0.334] | v4:G2[0.332,0.333,0.334]
[TopoTrace Step 0] v0:G2[0.333,0.333,0.334] | v1:G0[0.334,0.333,0.333] | v2:G0[0.334,0.333,0.332] | v3:G2[0.333,0.333,0.334] | v4:G2[0.332,0.333,0.334]
[TopoTrace Step 0] v0:G2[0.333,0.333,0.334] | v1:G0[0.334,0.333,0.333] | v2:G0[0.334,0.333,0.332] | v3:G2[0.333,0.333,0.334] | v4:G2[0.332,0.333,0.334][TopoTrace Step 0] v0:G2[0.333,0.333,0.334] | v1:G0[0.334,0.333,0.333] | v2:G0[0.334,0.333,0.332] | v3:G2[0.333,0.333,0.334] | v4:G2[0.332,0.333,0.334]

[TopoTrace Step 0] v0:G2[0.333,0.333,0.334] | v1:G0[0.334,0.333,0.333] | v2:G0[0.334,0.333,0.332] | v3:G2[0.333,0.333,0.334] | v4:G2[0.332,0.333,0.334]
[TopoTrace Step 0] v0:G2[0.333,0.333,0.334] | v1:G0[0.334,0.333,0.333] | v2:G0[0.334,0.333,0.332] | v3:G2[0.333,0.333,0.334] | v4:G2[0.332,0.333,0.334]
[TopoTrace Step 0] v0:G2[0.333,0.333,0.334] | v1:G0[0.334,0.333,0.333] | v2:G0[0.334,0.333,0.332] | v3:G2[0.333,0.333,0.334] | v4:G2[0.332,0.333,0.334][TopoTrace Step 0] v0:G2[0.333,0.333,0.334] | v1:G0[0.334,0.333,0.333] | v2:G0[0.334,0.333,0.332] | v3:G2[0.333,0.333,0.334] | v4:G2[0.332,0.333,0.334]

[TopoTrace Step 0] v0:G2[0.333,0.333,0.334] | v1:G0[0.334,0.333,0.333] | v2:G0[0.334,0.333,0.332] | v3:G2[0.333,0.333,0.334] | v4:G2[0.332,0.333,0.334]
[TopoTrace Step 0] v0:G2[0.333,0.333,0.334] | v1:G0[0.334,0.333,0.333] | v2:G0[0.334,0.333,0.332] | v3:G2[0.333,0.333,0.334] | v4:G2[0.332,0.333,0.334]
[TopoTrace Step 0] v0:G2[0.333,0.333,0.334] | v1:G0[0.334,0.333,0.333] | v2:G0[0.334,0.333,0.332] | v3:G2[0.333,0.333,0.334] | v4:G2[0.332,0.333,0.334][TopoTrace Step 0] v0:G2[0.333,0.333,0.334] | v1:G0[0.334,0.333,0.333] | v2:G0[0.334,0.333,0.332] | v3:G2[0.333,0.333,0.334] | v4:G2[0.332,0.333,0.334]

[TopoTrace Step 0] v0:G2[0.333,0.333,0.334] | v1:G0[0.334,0.333,0.333] | v2:G0[0.334,0.333,0.332] | v3:G2[0.333,0.333,0.334] | v4:G2[0.332,0.333,0.334]
[TopoTrace Step 0] v0:G2[0.333,0.333,0.334] | v1:G0[0.334,0.333,0.333] | v2:G0[0.334,0.333,0.332] | v3:G2[0.333,0.333,0.334] | v4:G2[0.332,0.333,0.334]
[TopoTrace Step 0] v0:G2[0.333,0.333,0.334] | v1:G0[0.334,0.333,0.333] | v2:G0[0.334,0.333,0.332] | v3:G2[0.333,0.333,0.334] | v4:G2[0.332,0.333,0.334]
[TopoTrace Step 0] v0:G2[0.333,0.333,0.334] | v1:G0[0.334,0.333,0.333] | v2:G0[0.334,0.333,0.332] | v3:G2[0.333,0.333,0.334] | v4:G2[0.332,0.333,0.334]
[TopoTrace Step 0] v0:G2[0.333,0.333,0.334] | v1:G0[0.334,0.333,0.333] | v2:G0[0.334,0.333,0.332] | v3:G2[0.333,0.333,0.334] | v4:G2[0.332,0.333,0.334]
[TopoTrace Step 0] v0:G2[0.333,0.333,0.334] | v1:G0[0.334,0.333,0.333] | v2:G0[0.334,0.333,0.332] | v3:G2[0.333,0.333,0.334] | v4:G2[0.332,0.333,0.334]
[TopoTrace Step 0] v0:G2[0.333,0.333,0.334] | v1:G0[0.334,0.333,0.333] | v2:G0[0.334,0.333,0.332] | v3:G2[0.333,0.333,0.334] | v4:G2[0.332,0.333,0.334]
[TopoTrace Step 0] v0:G2[0.333,0.333,0.334] | v1:G0[0.334,0.333,0.333] | v2:G0[0.334,0.333,0.332] | v3:G2[0.333,0.333,0.334] | v4:G2[0.332,0.333,0.334]
[TopoTrace Step 0] v0:G2[0.333,0.333,0.334] | v1:G0[0.334,0.333,0.333] | v2:G0[0.334,0.333,0.332] | v3:G2[0.333,0.333,0.334] | v4:G2[0.332,0.333,0.334]
[TopoTrace Step 0] v0:G2[0.333,0.333,0.334] | v1:G0[0.334,0.333,0.333] | v2:G0[0.334,0.333,0.332] | v3:G2[0.333,0.333,0.334] | v4:G2[0.332,0.333,0.334]
[TopoTrace Step 0] v0:G2[0.333,0.333,0.334] | v1:G0[0.334,0.333,0.333] | v2:G0[0.334,0.333,0.332] | v3:G2[0.333,0.333,0.334] | v4:G2[0.332,0.333,0.334][TopoTrace Step 0] v0:G2[0.333,0.333,0.334] | v1:G0[0.334,0.333,0.333] | v2:G0[0.334,0.333,0.332] | v3:G2[0.333,0.333,0.334] | v4:G2[0.332,0.333,0.334]

[TopoTrace Step 0] v0:G2[0.333,0.333,0.334] | v1:G0[0.334,0.333,0.333] | v2:G0[0.334,0.333,0.332] | v3:G2[0.333,0.333,0.334] | v4:G2[0.332,0.333,0.334]
[TopoTrace Step 0] v0:G2[0.333,0.333,0.334] | v1:G0[0.334,0.333,0.333] | v2:G0[0.334,0.333,0.332] | v3:G2[0.333,0.333,0.334] | v4:G2[0.332,0.333,0.334]
[TopoTrace Step 0] v0:G2[0.333,0.333,0.334] | v1:G0[0.334,0.333,0.333] | v2:G0[0.334,0.333,0.332] | v3:G2[0.333,0.333,0.334] | v4:G2[0.332,0.333,0.334]
[TopoTrace Step 0] v0:G2[0.333,0.333,0.334] | v1:G0[0.334,0.333,0.333] | v2:G0[0.334,0.333,0.332] | v3:G2[0.333,0.333,0.334] | v4:G2[0.332,0.333,0.334]
[TopoTrace Step 0] v0:G2[0.333,0.333,0.334] | v1:G0[0.334,0.333,0.333] | v2:G0[0.334,0.333,0.332] | v3:G2[0.333,0.333,0.334] | v4:G2[0.332,0.333,0.334]
[TopoTrace Step 0] v0:G2[0.333,0.333,0.334] | v1:G0[0.334,0.333,0.333] | v2:G0[0.334,0.333,0.332] | v3:G2[0.333,0.333,0.334] | v4:G2[0.332,0.333,0.334]
[TopoTrace Step 0] v0:G2[0.333,0.333,0.334] | v1:G0[0.334,0.333,0.333] | v2:G0[0.334,0.333,0.332] | v3:G2[0.333,0.333,0.334] | v4:G2[0.332,0.333,0.334][TopoTrace Step 0] v0:G2[0.333,0.333,0.334] | v1:G0[0.334,0.333,0.333] | v2:G0[0.334,0.333,0.332] | v3:G2[0.333,0.333,0.334] | v4:G2[0.332,0.333,0.334]

[TopoTrace Step 0] v0:G2[0.333,0.333,0.334] | v1:G0[0.334,0.333,0.333] | v2:G0[0.334,0.333,0.332] | v3:G2[0.333,0.333,0.334] | v4:G2[0.332,0.333,0.334]
[TopoTrace Step 0] v0:G2[0.333,0.333,0.334] | v1:G0[0.334,0.333,0.333] | v2:G0[0.334,0.333,0.332] | v3:G2[0.333,0.333,0.334] | v4:G2[0.332,0.333,0.334]
[TopoTrace Step 0] v0:G2[0.333,0.333,0.334] | v1:G0[0.334,0.333,0.333] | v2:G0[0.334,0.333,0.332] | v3:G2[0.333,0.333,0.334] | v4:G2[0.332,0.333,0.334][TopoTrace Step 0] v0:G2[0.333,0.333,0.334] | v1:G0[0.334,0.333,0.333] | v2:G0[0.334,0.333,0.332] | v3:G2[0.333,0.333,0.334] | v4:G2[0.332,0.333,0.334]

[TopoTrace Step 0] v0:G2[0.333,0.333,0.334] | v1:G0[0.334,0.333,0.333] | v2:G0[0.334,0.333,0.332] | v3:G2[0.333,0.333,0.334] | v4:G2[0.332,0.333,0.334]
[TopoTrace Step 0] v0:G2[0.333,0.333,0.334] | v1:G0[0.334,0.333,0.333] | v2:G0[0.334,0.333,0.332] | v3:G2[0.333,0.333,0.334] | v4:G2[0.332,0.333,0.334]
[TopoTrace Step 0] v0:G2[0.333,0.333,0.334] | v1:G0[0.334,0.333,0.333] | v2:G0[0.334,0.333,0.332] | v3:G2[0.333,0.333,0.334] | v4:G2[0.332,0.333,0.334][TopoTrace Step 0] v0:G2[0.333,0.333,0.334] | v1:G0[0.334,0.333,0.333] | v2:G0[0.334,0.333,0.332] | v3:G2[0.333,0.333,0.334] | v4:G2[0.332,0.333,0.334]

[TopoTrace Step 0] v0:G2[0.333,0.333,0.334] | v1:G0[0.334,0.333,0.333] | v2:G0[0.334,0.333,0.332] | v3:G2[0.333,0.333,0.334] | v4:G2[0.332,0.333,0.334]
[TopoTrace Step 0] v0:G2[0.333,0.333,0.334] | v1:G0[0.334,0.333,0.333] | v2:G0[0.334,0.333,0.332] | v3:G2[0.333,0.333,0.334] | v4:G2[0.332,0.333,0.334]
[TopoTrace Step 0] v0:G2[0.333,0.333,0.334] | v1:G0[0.334,0.333,0.333] | v2:G0[0.334,0.333,0.332] | v3:G2[0.333,0.333,0.334] | v4:G2[0.332,0.333,0.334]
[TopoTrace Step 0] v0:G2[0.333,0.333,0.334] | v1:G0[0.334,0.333,0.333] | v2:G0[0.334,0.333,0.332] | v3:G2[0.333,0.333,0.334] | v4:G2[0.332,0.333,0.334]
[TopoTrace Step 0] v0:G2[0.333,0.333,0.334] | v1:G0[0.334,0.333,0.333] | v2:G0[0.334,0.333,0.332] | v3:G2[0.333,0.333,0.334] | v4:G2[0.332,0.333,0.334]
[TopoTrace Step 0] v0:G2[0.333,0.333,0.334] | v1:G0[0.334,0.333,0.333] | v2:G0[0.334,0.333,0.332] | v3:G2[0.333,0.333,0.334] | v4:G2[0.332,0.333,0.334]
[TopoTrace Step 0] v0:G2[0.333,0.333,0.334] | v1:G0[0.334,0.333,0.333] | v2:G0[0.334,0.333,0.332] | v3:G2[0.333,0.333,0.334] | v4:G2[0.332,0.333,0.334][TopoTrace Step 0] v0:G2[0.333,0.333,0.334] | v1:G0[0.334,0.333,0.333] | v2:G0[0.334,0.333,0.332] | v3:G2[0.333,0.333,0.334] | v4:G2[0.332,0.333,0.334]

[TopoTrace Step 0] v0:G2[0.333,0.333,0.334] | v1:G0[0.334,0.333,0.333] | v2:G0[0.334,0.333,0.332] | v3:G2[0.333,0.333,0.334] | v4:G2[0.332,0.333,0.334]
[TopoTrace Step 0] v0:G2[0.333,0.333,0.334] | v1:G0[0.334,0.333,0.333] | v2:G0[0.334,0.333,0.332] | v3:G2[0.333,0.333,0.334] | v4:G2[0.332,0.333,0.334]
[TopoTrace Step 0] v0:G2[0.333,0.333,0.334] | v1:G0[0.334,0.333,0.333] | v2:G0[0.334,0.333,0.332] | v3:G2[0.333,0.333,0.334] | v4:G2[0.332,0.333,0.334][TopoTrace Step 0] v0:G2[0.333,0.333,0.334] | v1:G0[0.334,0.333,0.333] | v2:G0[0.334,0.333,0.332] | v3:G2[0.333,0.333,0.334] | v4:G2[0.332,0.333,0.334]

[TopoTrace Step 0] v0:G2[0.333,0.333,0.334] | v1:G0[0.334,0.333,0.333] | v2:G0[0.334,0.333,0.332] | v3:G2[0.333,0.333,0.334] | v4:G2[0.332,0.333,0.334]
[TopoTrace Step 0] v0:G2[0.333,0.333,0.334] | v1:G0[0.334,0.333,0.333] | v2:G0[0.334,0.333,0.332] | v3:G2[0.333,0.333,0.334] | v4:G2[0.332,0.333,0.334]
[TopoTrace Step 0] v0:G2[0.333,0.333,0.334] | v1:G0[0.334,0.333,0.333] | v2:G0[0.334,0.333,0.332] | v3:G2[0.333,0.333,0.334] | v4:G2[0.332,0.333,0.334][TopoTrace Step 0] v0:G2[0.333,0.333,0.334] | v1:G0[0.334,0.333,0.333] | v2:G0[0.334,0.333,0.332] | v3:G2[0.333,0.333,0.334] | v4:G2[0.332,0.333,0.334]

[TopoTrace Step 0] v0:G2[0.333,0.333,0.334] | v1:G0[0.334,0.333,0.333] | v2:G0[0.334,0.333,0.332] | v3:G2[0.333,0.333,0.334] | v4:G2[0.332,0.333,0.334]
[TopoTrace Step 0] v0:G2[0.333,0.333,0.334] | v1:G0[0.334,0.333,0.333] | v2:G0[0.334,0.333,0.332] | v3:G2[0.333,0.333,0.334] | v4:G2[0.332,0.333,0.334]
[TopoTrace Step 0] v0:G2[0.333,0.333,0.334] | v1:G0[0.334,0.333,0.333] | v2:G0[0.334,0.333,0.332] | v3:G2[0.333,0.333,0.334] | v4:G2[0.332,0.333,0.334][TopoTrace Step 0] v0:G2[0.333,0.333,0.334] | v1:G0[0.334,0.333,0.333] | v2:G0[0.334,0.333,0.332] | v3:G2[0.333,0.333,0.334] | v4:G2[0.332,0.333,0.334]

[TopoTrace Step 0] v0:G2[0.333,0.333,0.334] | v1:G0[0.334,0.333,0.333] | v2:G0[0.334,0.333,0.332] | v3:G2[0.333,0.333,0.334] | v4:G2[0.332,0.333,0.334]
[TopoTrace Step 0] v0:G2[0.333,0.333,0.334] | v1:G0[0.334,0.333,0.333] | v2:G0[0.334,0.333,0.332] | v3:G2[0.333,0.333,0.334] | v4:G2[0.332,0.333,0.334]
[TopoTrace Step 0] v0:G2[0.333,0.333,0.334] | v1:G0[0.334,0.333,0.333] | v2:G0[0.334,0.333,0.332] | v3:G2[0.333,0.333,0.334] | v4:G2[0.332,0.333,0.334][TopoTrace Step 0] v0:G2[0.333,0.333,0.334] | v1:G0[0.334,0.333,0.333] | v2:G0[0.334,0.333,0.332] | v3:G2[0.333,0.333,0.334] | v4:G2[0.332,0.333,0.334]

[TopoTrace Step 0] v0:G2[0.333,0.333,0.334] | v1:G0[0.334,0.333,0.333] | v2:G0[0.334,0.333,0.332] | v3:G2[0.333,0.333,0.334] | v4:G2[0.332,0.333,0.334]
[TopoTrace Step 0] v0:G2[0.333,0.333,0.334] | v1:G0[0.334,0.333,0.333] | v2:G0[0.334,0.333,0.332] | v3:G2[0.333,0.333,0.334] | v4:G2[0.332,0.333,0.334]
[TopoTrace Step 0] v0:G2[0.333,0.333,0.334] | v1:G0[0.334,0.333,0.333] | v2:G0[0.334,0.333,0.332] | v3:G2[0.333,0.333,0.334] | v4:G2[0.332,0.333,0.334][TopoTrace Step 0] v0:G2[0.333,0.333,0.334] | v1:G0[0.334,0.333,0.333] | v2:G0[0.334,0.333,0.332] | v3:G2[0.333,0.333,0.334] | v4:G2[0.332,0.333,0.334]

[TopoTrace Step 0] v0:G2[0.333,0.333,0.334] | v1:G0[0.334,0.333,0.333] | v2:G0[0.334,0.333,0.332] | v3:G2[0.333,0.333,0.334] | v4:G2[0.332,0.333,0.334]
[TopoTrace Step 0] v0:G2[0.333,0.333,0.334] | v1:G0[0.334,0.333,0.333] | v2:G0[0.334,0.333,0.332] | v3:G2[0.333,0.333,0.334] | v4:G2[0.332,0.333,0.334][TopoTrace Step 0] v0:G2[0.333,0.333,0.334] | v1:G0[0.334,0.333,0.333] | v2:G0[0.334,0.333,0.332] | v3:G2[0.333,0.333,0.334] | v4:G2[0.332,0.333,0.334]
[TopoTrace Step 0] v0:G2[0.333,0.333,0.334] | v1:G0[0.334,0.333,0.333] | v2:G0[0.334,0.333,0.332] | v3:G2[0.333,0.333,0.334] | v4:G2[0.332,0.333,0.334]

[TopoTrace Step 0] v0:G2[0.333,0.333,0.334] | v1:G0[0.334,0.333,0.333] | v2:G0[0.334,0.333,0.332] | v3:G2[0.333,0.333,0.334] | v4:G2[0.332,0.333,0.334]
[TopoTrace Step 0] v0:G2[0.333,0.333,0.334] | v1:G0[0.334,0.333,0.333] | v2:G0[0.334,0.333,0.332] | v3:G2[0.333,0.333,0.334] | v4:G2[0.332,0.333,0.334]
[TopoTrace Step 0] v0:G2[0.333,0.333,0.334] | v1:G0[0.334,0.333,0.333] | v2:G0[0.334,0.333,0.332] | v3:G2[0.333,0.333,0.334] | v4:G2[0.332,0.333,0.334]
[TopoTrace Step 0] v0:G2[0.333,0.333,0.334] | v1:G0[0.334,0.333,0.333] | v2:G0[0.334,0.333,0.332] | v3:G2[0.333,0.333,0.334] | v4:G2[0.332,0.333,0.334]
[TopoTrace Step 0] v0:G2[0.333,0.333,0.334] | v1:G0[0.334,0.333,0.333] | v2:G0[0.334,0.333,0.332] | v3:G2[0.333,0.333,0.334] | v4:G2[0.332,0.333,0.334]
[TopoTrace Step 0] v0:G2[0.333,0.333,0.334] | v1:G0[0.334,0.333,0.333] | v2:G0[0.334,0.333,0.332] | v3:G2[0.333,0.333,0.334] | v4:G2[0.332,0.333,0.334]
[TopoTrace Step 0] v0:G2[0.333,0.333,0.334] | v1:G0[0.334,0.333,0.333] | v2:G0[0.334,0.333,0.332] | v3:G2[0.333,0.333,0.334] | v4:G2[0.332,0.333,0.334][TopoTrace Step 0] v0:G2[0.333,0.333,0.334] | v1:G0[0.334,0.333,0.333] | v2:G0[0.334,0.333,0.332] | v3:G2[0.333,0.333,0.334] | v4:G2[0.332,0.333,0.334]

[TopoTrace Step 0] v0:G2[0.333,0.333,0.334] | v1:G0[0.334,0.333,0.333] | v2:G0[0.334,0.333,0.332] | v3:G2[0.333,0.333,0.334] | v4:G2[0.332,0.333,0.334]
[TopoTrace Step 0] v0:G2[0.333,0.333,0.334] | v1:G0[0.334,0.333,0.333] | v2:G0[0.334,0.333,0.332] | v3:G2[0.333,0.333,0.334] | v4:G2[0.332,0.333,0.334]
[TopoTrace Step 0] v0:G2[0.333,0.333,0.334] | v1:G0[0.334,0.333,0.333] | v2:G0[0.334,0.333,0.332] | v3:G2[0.333,0.333,0.334] | v4:G2[0.332,0.333,0.334][TopoTrace Step 0] v0:G2[0.333,0.333,0.334] | v1:G0[0.334,0.333,0.333] | v2:G0[0.334,0.333,0.332] | v3:G2[0.333,0.333,0.334] | v4:G2[0.332,0.333,0.334]

[TopoTrace Step 0] v0:G2[0.333,0.333,0.334] | v1:G0[0.334,0.333,0.333] | v2:G0[0.334,0.333,0.332] | v3:G2[0.333,0.333,0.334] | v4:G2[0.332,0.333,0.334]
[TopoTrace Step 0] v0:G2[0.333,0.333,0.334] | v1:G0[0.334,0.333,0.333] | v2:G0[0.334,0.333,0.332] | v3:G2[0.333,0.333,0.334] | v4:G2[0.332,0.333,0.334]
[TopoTrace Step 0] v0:G2[0.333,0.333,0.334] | v1:G0[0.334,0.333,0.333] | v2:G0[0.334,0.333,0.332] | v3:G2[0.333,0.333,0.334] | v4:G2[0.332,0.333,0.334][TopoTrace Step 0] v0:G2[0.333,0.333,0.334] | v1:G0[0.334,0.333,0.333] | v2:G0[0.334,0.333,0.332] | v3:G2[0.333,0.333,0.334] | v4:G2[0.332,0.333,0.334]

[TopoTrace Step 0] v0:G2[0.333,0.333,0.334] | v1:G0[0.334,0.333,0.333] | v2:G0[0.334,0.333,0.332] | v3:G2[0.333,0.333,0.334] | v4:G2[0.332,0.333,0.334]
[TopoTrace Step 0] v0:G2[0.333,0.333,0.334] | v1:G0[0.334,0.333,0.333] | v2:G0[0.334,0.333,0.332] | v3:G2[0.333,0.333,0.334] | v4:G2[0.332,0.333,0.334]
[TopoTrace Step 0] v0:G2[0.333,0.333,0.334] | v1:G0[0.334,0.333,0.333] | v2:G0[0.334,0.333,0.332] | v3:G2[0.333,0.333,0.334] | v4:G2[0.332,0.333,0.334]
[TopoTrace Step 0] v0:G2[0.333,0.333,0.334] | v1:G0[0.334,0.333,0.333] | v2:G0[0.334,0.333,0.332] | v3:G2[0.333,0.333,0.334] | v4:G2[0.332,0.333,0.334]
[TopoTrace Step 0] v0:G2[0.333,0.333,0.334] | v1:G0[0.334,0.333,0.333] | v2:G0[0.334,0.333,0.332] | v3:G2[0.333,0.333,0.334] | v4:G2[0.332,0.333,0.334]
[TopoTrace Step 0] v0:G2[0.333,0.333,0.334] | v1:G0[0.334,0.333,0.333] | v2:G0[0.334,0.333,0.332] | v3:G2[0.333,0.333,0.334] | v4:G2[0.332,0.333,0.334]
[TopoTrace Step 0] v0:G2[0.333,0.333,0.334] | v1:G0[0.334,0.333,0.333] | v2:G0[0.334,0.333,0.332] | v3:G2[0.333,0.333,0.334] | v4:G2[0.332,0.333,0.334][TopoTrace Step 0] v0:G2[0.333,0.333,0.334] | v1:G0[0.334,0.333,0.333] | v2:G0[0.334,0.333,0.332] | v3:G2[0.333,0.333,0.334] | v4:G2[0.332,0.333,0.334]

[TopoTrace Step 0] v0:G2[0.333,0.333,0.334] | v1:G0[0.334,0.333,0.333] | v2:G0[0.334,0.333,0.332] | v3:G2[0.333,0.333,0.334] | v4:G2[0.332,0.333,0.334]
[TopoTrace Step 0] v0:G2[0.333,0.333,0.334] | v1:G0[0.334,0.333,0.333] | v2:G0[0.334,0.333,0.332] | v3:G2[0.333,0.333,0.334] | v4:G2[0.332,0.333,0.334]
[TopoTrace Step 0] v0:G2[0.333,0.333,0.334] | v1:G0[0.334,0.333,0.333] | v2:G0[0.334,0.333,0.332] | v3:G2[0.333,0.333,0.334] | v4:G2[0.332,0.333,0.334][TopoTrace Step 0] v0:G2[0.333,0.333,0.334] | v1:G0[0.334,0.333,0.333] | v2:G0[0.334,0.333,0.332] | v3:G2[0.333,0.333,0.334] | v4:G2[0.332,0.333,0.334]

[TopoTrace Step 0] v0:G2[0.333,0.333,0.334] | v1:G0[0.334,0.333,0.333] | v2:G0[0.334,0.333,0.332] | v3:G2[0.333,0.333,0.334] | v4:G2[0.332,0.333,0.334]
[TopoTrace Step 0] v0:G2[0.333,0.333,0.334] | v1:G0[0.334,0.333,0.333] | v2:G0[0.334,0.333,0.332] | v3:G2[0.333,0.333,0.334] | v4:G2[0.332,0.333,0.334]
[TopoTrace Step 0] v0:G2[0.333,0.333,0.334] | v1:G0[0.334,0.333,0.333] | v2:G0[0.334,0.333,0.332] | v3:G2[0.333,0.333,0.334] | v4:G2[0.332,0.333,0.334][TopoTrace Step 0] v0:G2[0.333,0.333,0.334] | v1:G0[0.334,0.333,0.333] | v2:G0[0.334,0.333,0.332] | v3:G2[0.333,0.333,0.334] | v4:G2[0.332,0.333,0.334]

[TopoTrace Step 0] v0:G2[0.333,0.333,0.334] | v1:G0[0.334,0.333,0.333] | v2:G0[0.334,0.333,0.332] | v3:G2[0.333,0.333,0.334] | v4:G2[0.332,0.333,0.334]
[TopoTrace Step 0] v0:G2[0.333,0.333,0.334] | v1:G0[0.334,0.333,0.333] | v2:G0[0.334,0.333,0.332] | v3:G2[0.333,0.333,0.334] | v4:G2[0.332,0.333,0.334]
[TopoTrace Step 0] v0:G2[0.333,0.333,0.334] | v1:G0[0.334,0.333,0.333] | v2:G0[0.334,0.333,0.332] | v3:G2[0.333,0.333,0.334] | v4:G2[0.332,0.333,0.334]
[TopoTrace Step 0] v0:G2[0.333,0.333,0.334] | v1:G0[0.334,0.333,0.333] | v2:G0[0.334,0.333,0.332] | v3:G2[0.333,0.333,0.334] | v4:G2[0.332,0.333,0.334]
[TopoTrace Step 0] v0:G2[0.333,0.333,0.334] | v1:G0[0.334,0.333,0.333] | v2:G0[0.334,0.333,0.332] | v3:G2[0.333,0.333,0.334] | v4:G2[0.332,0.333,0.334]
[TopoTrace Step 0] v0:G2[0.333,0.333,0.334] | v1:G0[0.334,0.333,0.333] | v2:G0[0.334,0.333,0.332] | v3:G2[0.333,0.333,0.334] | v4:G2[0.332,0.333,0.334]
[TopoTrace Step 0] v0:G2[0.333,0.333,0.334] | v1:G0[0.334,0.333,0.333] | v2:G0[0.334,0.333,0.332] | v3:G2[0.333,0.333,0.334] | v4:G2[0.332,0.333,0.334][TopoTrace Step 0] v0:G2[0.333,0.333,0.334] | v1:G0[0.334,0.333,0.333] | v2:G0[0.334,0.333,0.332] | v3:G2[0.333,0.333,0.334] | v4:G2[0.332,0.333,0.334]

[TopoTrace Step 0] v0:G2[0.333,0.333,0.334] | v1:G0[0.334,0.333,0.333] | v2:G0[0.334,0.333,0.332] | v3:G2[0.333,0.333,0.334] | v4:G2[0.332,0.333,0.334]
[TopoTrace Step 0] v0:G2[0.333,0.333,0.334] | v1:G0[0.334,0.333,0.333] | v2:G0[0.334,0.333,0.332] | v3:G2[0.333,0.333,0.334] | v4:G2[0.332,0.333,0.334]
[TopoTrace Step 0] v0:G2[0.333,0.333,0.334] | v1:G0[0.334,0.333,0.333] | v2:G0[0.334,0.333,0.332] | v3:G2[0.333,0.333,0.334] | v4:G2[0.332,0.333,0.334][TopoTrace Step 0] v0:G2[0.333,0.333,0.334] | v1:G0[0.334,0.333,0.333] | v2:G0[0.334,0.333,0.332] | v3:G2[0.333,0.333,0.334] | v4:G2[0.332,0.333,0.334]

[TopoTrace Step 0] v0:G2[0.333,0.333,0.334] | v1:G0[0.334,0.333,0.333] | v2:G0[0.334,0.333,0.332] | v3:G2[0.333,0.333,0.334] | v4:G2[0.332,0.333,0.334]
[TopoTrace Step 0] v0:G2[0.333,0.333,0.334] | v1:G0[0.334,0.333,0.333] | v2:G0[0.334,0.333,0.332] | v3:G2[0.333,0.333,0.334] | v4:G2[0.332,0.333,0.334]
[TopoTrace Step 0] v0:G2[0.333,0.333,0.334] | v1:G0[0.334,0.333,0.333] | v2:G0[0.334,0.333,0.332] | v3:G2[0.333,0.333,0.334] | v4:G2[0.332,0.333,0.334]
[TopoTrace Step 0] v0:G2[0.333,0.333,0.334] | v1:G0[0.334,0.333,0.333] | v2:G0[0.334,0.333,0.332] | v3:G2[0.333,0.333,0.334] | v4:G2[0.332,0.333,0.334]
[TopoTrace Step 0] v0:G2[0.333,0.333,0.334] | v1:G0[0.334,0.333,0.333] | v2:G0[0.334,0.333,0.332] | v3:G2[0.333,0.333,0.334] | v4:G2[0.332,0.333,0.334]
[TopoTrace Step 0] v0:G2[0.333,0.333,0.334] | v1:G0[0.334,0.333,0.333] | v2:G0[0.334,0.333,0.332] | v3:G2[0.333,0.333,0.334] | v4:G2[0.332,0.333,0.334]
[TopoTrace Step 0] v0:G2[0.333,0.333,0.334] | v1:G0[0.334,0.333,0.333] | v2:G0[0.334,0.333,0.332] | v3:G2[0.333,0.333,0.334] | v4:G2[0.332,0.333,0.334]
[TopoTrace Step 0] v0:G2[0.333,0.333,0.334] | v1:G0[0.334,0.333,0.333] | v2:G0[0.334,0.333,0.332] | v3:G2[0.333,0.333,0.334] | v4:G2[0.332,0.333,0.334]
[TopoTrace Step 0] v0:G2[0.333,0.333,0.334] | v1:G0[0.334,0.333,0.333] | v2:G0[0.334,0.333,0.332] | v3:G2[0.333,0.333,0.334] | v4:G2[0.332,0.333,0.334]
[TopoTrace Step 0] v0:G2[0.333,0.333,0.334] | v1:G0[0.334,0.333,0.333] | v2:G0[0.334,0.333,0.332] | v3:G2[0.333,0.333,0.334] | v4:G2[0.332,0.333,0.334]
[TopoTrace Step 0] v0:G2[0.333,0.333,0.334] | v1:G0[0.334,0.333,0.333] | v2:G0[0.334,0.333,0.332] | v3:G2[0.333,0.333,0.334] | v4:G2[0.332,0.333,0.334]
[TopoTrace Step 0] v0:G2[0.333,0.333,0.334] | v1:G0[0.334,0.333,0.333] | v2:G0[0.334,0.333,0.332] | v3:G2[0.333,0.333,0.334] | v4:G2[0.332,0.333,0.334]
[TopoTrace Step 0] v0:G2[0.333,0.333,0.334] | v1:G0[0.334,0.333,0.333] | v2:G0[0.334,0.333,0.332] | v3:G2[0.333,0.333,0.334] | v4:G2[0.332,0.333,0.334]
[TopoTrace Step 0] v0:G2[0.333,0.333,0.334] | v1:G0[0.334,0.333,0.333] | v2:G0[0.334,0.333,0.332] | v3:G2[0.333,0.333,0.334] | v4:G2[0.332,0.333,0.334]
[TopoTrace Step 0] v0:G2[0.333,0.333,0.334] | v1:G0[0.334,0.333,0.333] | v2:G0[0.334,0.333,0.332] | v3:G2[0.333,0.333,0.334] | v4:G2[0.332,0.333,0.334][TopoTrace Step 0] v0:G2[0.333,0.333,0.334] | v1:G0[0.334,0.333,0.333] | v2:G0[0.334,0.333,0.332] | v3:G2[0.333,0.333,0.334] | v4:G2[0.332,0.333,0.334]

[TopoTrace Step 0] v0:G2[0.333,0.333,0.334] | v1:G0[0.334,0.333,0.333] | v2:G0[0.334,0.333,0.332] | v3:G2[0.333,0.333,0.334] | v4:G2[0.332,0.333,0.334]
[TopoTrace Step 0] v0:G2[0.333,0.333,0.334] | v1:G0[0.334,0.333,0.333] | v2:G0[0.334,0.333,0.332] | v3:G2[0.333,0.333,0.334] | v4:G2[0.332,0.333,0.334]
[TopoTrace Step 0] v0:G2[0.333,0.333,0.334] | v1:G0[0.334,0.333,0.333] | v2:G0[0.334,0.333,0.332] | v3:G2[0.333,0.333,0.334] | v4:G2[0.332,0.333,0.334]
[TopoTrace Step 0] v0:G2[0.333,0.333,0.334] | v1:G0[0.334,0.333,0.333] | v2:G0[0.334,0.333,0.332] | v3:G2[0.333,0.333,0.334] | v4:G2[0.332,0.333,0.334]
[TopoTrace Step 0] v0:G2[0.333,0.333,0.334] | v1:G0[0.334,0.333,0.333] | v2:G0[0.334,0.333,0.332] | v3:G2[0.333,0.333,0.334] | v4:G2[0.332,0.333,0.334]
[TopoTrace Step 0] v0:G2[0.333,0.333,0.334] | v1:G0[0.334,0.333,0.333] | v2:G0[0.334,0.333,0.332] | v3:G2[0.333,0.333,0.334] | v4:G2[0.332,0.333,0.334]
[TopoTrace Step 0] v0:G2[0.333,0.333,0.334] | v1:G0[0.334,0.333,0.333] | v2:G0[0.334,0.333,0.332] | v3:G2[0.333,0.333,0.334] | v4:G2[0.332,0.333,0.334]
[TopoTrace Step 0] v0:G2[0.333,0.333,0.334] | v1:G0[0.334,0.333,0.333] | v2:G0[0.334,0.333,0.332] | v3:G2[0.333,0.333,0.334] | v4:G2[0.332,0.333,0.334]
[TopoTrace Step 0] v0:G2[0.333,0.333,0.334] | v1:G0[0.334,0.333,0.333] | v2:G0[0.334,0.333,0.332] | v3:G2[0.333,0.333,0.334] | v4:G2[0.332,0.333,0.334]
[TopoTrace Step 0] v0:G2[0.333,0.333,0.334] | v1:G0[0.334,0.333,0.333] | v2:G0[0.334,0.333,0.332] | v3:G2[0.333,0.333,0.334] | v4:G2[0.332,0.333,0.334]
[TopoTrace Step 0] v0:G2[0.333,0.333,0.334] | v1:G0[0.334,0.333,0.333] | v2:G0[0.334,0.333,0.332] | v3:G2[0.333,0.333,0.334] | v4:G2[0.332,0.333,0.334]
[TopoTrace Step 0] v0:G2[0.333,0.333,0.334] | v1:G0[0.334,0.333,0.333] | v2:G0[0.334,0.333,0.332] | v3:G2[0.333,0.333,0.334] | v4:G2[0.332,0.333,0.334]
[TopoTrace Step 0] v0:G2[0.333,0.333,0.334] | v1:G0[0.334,0.333,0.333] | v2:G0[0.334,0.333,0.332] | v3:G2[0.333,0.333,0.334] | v4:G2[0.332,0.333,0.334]
[TopoTrace Step 0] v0:G2[0.333,0.333,0.334] | v1:G0[0.334,0.333,0.333] | v2:G0[0.334,0.333,0.332] | v3:G2[0.333,0.333,0.334] | v4:G2[0.332,0.333,0.334]
[TopoTrace Step 0] v0:G2[0.333,0.333,0.334] | v1:G0[0.334,0.333,0.333] | v2:G0[0.334,0.333,0.332] | v3:G2[0.333,0.333,0.334] | v4:G2[0.332,0.333,0.334][TopoTrace Step 0] v0:G2[0.333,0.333,0.334] | v1:G0[0.334,0.333,0.333] | v2:G0[0.334,0.333,0.332] | v3:G2[0.333,0.333,0.334] | v4:G2[0.332,0.333,0.334]

[TopoTrace Step 0] v0:G2[0.333,0.333,0.334] | v1:G0[0.334,0.333,0.333] | v2:G0[0.334,0.333,0.332] | v3:G2[0.333,0.333,0.334] | v4:G2[0.332,0.333,0.334]
[TopoTrace Step 0] v0:G2[0.333,0.333,0.334] | v1:G0[0.334,0.333,0.333] | v2:G0[0.334,0.333,0.332] | v3:G2[0.333,0.333,0.334] | v4:G2[0.332,0.333,0.334]
[TopoTrace Step 0] v0:G2[0.333,0.333,0.334] | v1:G0[0.334,0.333,0.333] | v2:G0[0.334,0.333,0.332] | v3:G2[0.333,0.333,0.334] | v4:G2[0.332,0.333,0.334]
[TopoTrace Step 0] v0:G2[0.333,0.333,0.334] | v1:G0[0.334,0.333,0.333] | v2:G0[0.334,0.333,0.332] | v3:G2[0.333,0.333,0.334] | v4:G2[0.332,0.333,0.334]
[TopoTrace Step 0] v0:G2[0.333,0.333,0.334] | v1:G0[0.334,0.333,0.333] | v2:G0[0.334,0.333,0.332] | v3:G2[0.333,0.333,0.334] | v4:G2[0.332,0.333,0.334]
[TopoTrace Step 0] v0:G2[0.333,0.333,0.334] | v1:G0[0.334,0.333,0.333] | v2:G0[0.334,0.333,0.332] | v3:G2[0.333,0.333,0.334] | v4:G2[0.332,0.333,0.334]
[TopoTrace Step 0] v0:G2[0.333,0.333,0.334] | v1:G0[0.334,0.333,0.333] | v2:G0[0.334,0.333,0.332] | v3:G2[0.333,0.333,0.334] | v4:G2[0.332,0.333,0.334][TopoTrace Step 0] v0:G2[0.333,0.333,0.334] | v1:G0[0.334,0.333,0.333] | v2:G0[0.334,0.333,0.332] | v3:G2[0.333,0.333,0.334] | v4:G2[0.332,0.333,0.334]

[TopoTrace Step 0] v0:G2[0.333,0.333,0.334] | v1:G0[0.334,0.333,0.333] | v2:G0[0.334,0.333,0.332] | v3:G2[0.333,0.333,0.334] | v4:G2[0.332,0.333,0.334]
[TopoTrace Step 0] v0:G2[0.333,0.333,0.334] | v1:G0[0.334,0.333,0.333] | v2:G0[0.334,0.333,0.332] | v3:G2[0.333,0.333,0.334] | v4:G2[0.332,0.333,0.334]
[TopoTrace Step 0] v0:G2[0.333,0.333,0.334] | v1:G0[0.334,0.333,0.333] | v2:G0[0.334,0.333,0.332] | v3:G2[0.333,0.333,0.334] | v4:G2[0.332,0.333,0.334]
[TopoTrace Step 0] v0:G2[0.333,0.333,0.334] | v1:G0[0.334,0.333,0.333] | v2:G0[0.334,0.333,0.332] | v3:G2[0.333,0.333,0.334] | v4:G2[0.332,0.333,0.334]
[TopoTrace Step 0] v0:G2[0.333,0.333,0.334] | v1:G0[0.334,0.333,0.333] | v2:G0[0.334,0.333,0.332] | v3:G2[0.333,0.333,0.334] | v4:G2[0.332,0.333,0.334]
[TopoTrace Step 0] v0:G2[0.333,0.333,0.334] | v1:G0[0.334,0.333,0.333] | v2:G0[0.334,0.333,0.332] | v3:G2[0.333,0.333,0.334] | v4:G2[0.332,0.333,0.334]
[TopoTrace Step 0] v0:G2[0.333,0.333,0.334] | v1:G0[0.334,0.333,0.333] | v2:G0[0.334,0.333,0.332] | v3:G2[0.333,0.333,0.334] | v4:G2[0.332,0.333,0.334]
[TopoTrace Step 0] v0:G2[0.333,0.333,0.334] | v1:G0[0.334,0.333,0.333] | v2:G0[0.334,0.333,0.332] | v3:G2[0.333,0.333,0.334] | v4:G2[0.332,0.333,0.334]
[TopoTrace Step 0] v0:G2[0.333,0.333,0.334] | v1:G0[0.334,0.333,0.333] | v2:G0[0.334,0.333,0.332] | v3:G2[0.333,0.333,0.334] | v4:G2[0.332,0.333,0.334]
[TopoTrace Step 0] v0:G2[0.333,0.333,0.334] | v1:G0[0.334,0.333,0.333] | v2:G0[0.334,0.333,0.332] | v3:G2[0.333,0.333,0.334] | v4:G2[0.332,0.333,0.334]
[TopoTrace Step 0] v0:G2[0.333,0.333,0.334] | v1:G0[0.334,0.333,0.333] | v2:G0[0.334,0.333,0.332] | v3:G2[0.333,0.333,0.334] | v4:G2[0.332,0.333,0.334]
[TopoTrace Step 0] v0:G2[0.333,0.333,0.334] | v1:G0[0.334,0.333,0.333] | v2:G0[0.334,0.333,0.332] | v3:G2[0.333,0.333,0.334] | v4:G2[0.332,0.333,0.334]
[TopoTrace Step 0] v0:G2[0.333,0.333,0.334] | v1:G0[0.334,0.333,0.333] | v2:G0[0.334,0.333,0.332] | v3:G2[0.333,0.333,0.334] | v4:G2[0.332,0.333,0.334]
[TopoTrace Step 0] v0:G2[0.333,0.333,0.334] | v1:G0[0.334,0.333,0.333] | v2:G0[0.334,0.333,0.332] | v3:G2[0.333,0.333,0.334] | v4:G2[0.332,0.333,0.334]
[TopoTrace Step 0] v0:G2[0.333,0.333,0.334] | v1:G0[0.334,0.333,0.333] | v2:G0[0.334,0.333,0.332] | v3:G2[0.333,0.333,0.334] | v4:G2[0.332,0.333,0.334]
[TopoTrace Step 0] v0:G2[0.333,0.333,0.334] | v1:G0[0.334,0.333,0.333] | v2:G0[0.334,0.333,0.332] | v3:G2[0.333,0.333,0.334] | v4:G2[0.332,0.333,0.334]
[TopoTrace Step 0] v0:G2[0.333,0.333,0.334] | v1:G0[0.334,0.333,0.333] | v2:G0[0.334,0.333,0.332] | v3:G2[0.333,0.333,0.334] | v4:G2[0.332,0.333,0.334]
[TopoTrace Step 0] v0:G2[0.333,0.333,0.334] | v1:G0[0.334,0.333,0.333] | v2:G0[0.334,0.333,0.332] | v3:G2[0.333,0.333,0.334] | v4:G2[0.332,0.333,0.334]
[TopoTrace Step 0] v0:G2[0.333,0.333,0.334] | v1:G0[0.334,0.333,0.333] | v2:G0[0.334,0.333,0.332] | v3:G2[0.333,0.333,0.334] | v4:G2[0.332,0.333,0.334][TopoTrace Step 0] v0:G2[0.333,0.333,0.334] | v1:G0[0.334,0.333,0.333] | v2:G0[0.334,0.333,0.332] | v3:G2[0.333,0.333,0.334] | v4:G2[0.332,0.333,0.334]

[TopoTrace Step 0] v0:G2[0.333,0.333,0.334] | v1:G0[0.334,0.333,0.333] | v2:G0[0.334,0.333,0.332] | v3:G2[0.333,0.333,0.334] | v4:G2[0.332,0.333,0.334]
[TopoTrace Step 0] v0:G2[0.333,0.333,0.334] | v1:G0[0.334,0.333,0.333] | v2:G0[0.334,0.333,0.332] | v3:G2[0.333,0.333,0.334] | v4:G2[0.332,0.333,0.334]
[TopoTrace Step 0] v0:G2[0.333,0.333,0.334] | v1:G0[0.334,0.333,0.333] | v2:G0[0.334,0.333,0.332] | v3:G2[0.333,0.333,0.334] | v4:G2[0.332,0.333,0.334][TopoTrace Step 0] v0:G2[0.333,0.333,0.334] | v1:G0[0.334,0.333,0.333] | v2:G0[0.334,0.333,0.332] | v3:G2[0.333,0.333,0.334] | v4:G2[0.332,0.333,0.334]

[TopoTrace Step 0] v0:G2[0.333,0.333,0.334] | v1:G0[0.334,0.333,0.333] | v2:G0[0.334,0.333,0.332] | v3:G2[0.333,0.333,0.334] | v4:G2[0.332,0.333,0.334]
[TopoTrace Step 0] v0:G2[0.333,0.333,0.334] | v1:G0[0.334,0.333,0.333] | v2:G0[0.334,0.333,0.332] | v3:G2[0.333,0.333,0.334] | v4:G2[0.332,0.333,0.334]
[TopoTrace Step 0] v0:G2[0.333,0.333,0.334] | v1:G0[0.334,0.333,0.333] | v2:G0[0.334,0.333,0.332] | v3:G2[0.333,0.333,0.334] | v4:G2[0.332,0.333,0.334]
[TopoTrace Step 0] v0:G2[0.333,0.333,0.334] | v1:G0[0.334,0.333,0.333] | v2:G0[0.334,0.333,0.332] | v3:G2[0.333,0.333,0.334] | v4:G2[0.332,0.333,0.334]
[TopoTrace Step 0] v0:G2[0.333,0.333,0.334] | v1:G0[0.334,0.333,0.333] | v2:G0[0.334,0.333,0.332] | v3:G2[0.333,0.333,0.334] | v4:G2[0.332,0.333,0.334]
[TopoTrace Step 0] v0:G2[0.333,0.333,0.334] | v1:G0[0.334,0.333,0.333] | v2:G0[0.334,0.333,0.332] | v3:G2[0.333,0.333,0.334] | v4:G2[0.332,0.333,0.334]
[TopoTrace Step 0] v0:G2[0.333,0.333,0.334] | v1:G0[0.334,0.333,0.333] | v2:G0[0.334,0.333,0.332] | v3:G2[0.333,0.333,0.334] | v4:G2[0.332,0.333,0.334][TopoTrace Step 0] v0:G2[0.333,0.333,0.334] | v1:G0[0.334,0.333,0.333] | v2:G0[0.334,0.333,0.332] | v3:G2[0.333,0.333,0.334] | v4:G2[0.332,0.333,0.334]

[TopoTrace Step 0] v0:G2[0.333,0.333,0.334] | v1:G0[0.334,0.333,0.333] | v2:G0[0.334,0.333,0.332] | v3:G2[0.333,0.333,0.334] | v4:G2[0.332,0.333,0.334]
[TopoTrace Step 0] v0:G2[0.333,0.333,0.334] | v1:G0[0.334,0.333,0.333] | v2:G0[0.334,0.333,0.332] | v3:G2[0.333,0.333,0.334] | v4:G2[0.332,0.333,0.334]
[TopoTrace Step 0] v0:G2[0.333,0.333,0.334] | v1:G0[0.334,0.333,0.333] | v2:G0[0.334,0.333,0.332] | v3:G2[0.333,0.333,0.334] | v4:G2[0.332,0.333,0.334]
[TopoTrace Step 0] v0:G2[0.333,0.333,0.334] | v1:G0[0.334,0.333,0.333] | v2:G0[0.334,0.333,0.332] | v3:G2[0.333,0.333,0.334] | v4:G2[0.332,0.333,0.334]
[TopoTrace Step 0] v0:G2[0.333,0.333,0.334] | v1:G0[0.334,0.333,0.333] | v2:G0[0.334,0.333,0.332] | v3:G2[0.333,0.333,0.334] | v4:G2[0.332,0.333,0.334]
[TopoTrace Step 0] v0:G2[0.333,0.333,0.334] | v1:G0[0.334,0.333,0.333] | v2:G0[0.334,0.333,0.332] | v3:G2[0.333,0.333,0.334] | v4:G2[0.332,0.333,0.334]
[TopoTrace Step 0] v0:G2[0.333,0.333,0.334] | v1:G0[0.334,0.333,0.333] | v2:G0[0.334,0.333,0.332] | v3:G2[0.333,0.333,0.334] | v4:G2[0.332,0.333,0.334]
[TopoTrace Step 0] v0:G2[0.333,0.333,0.334] | v1:G0[0.334,0.333,0.333] | v2:G0[0.334,0.333,0.332] | v3:G2[0.333,0.333,0.334] | v4:G2[0.332,0.333,0.334]
[TopoTrace Step 0] v0:G2[0.333,0.333,0.334] | v1:G0[0.334,0.333,0.333] | v2:G0[0.334,0.333,0.332] | v3:G2[0.333,0.333,0.334] | v4:G2[0.332,0.333,0.334]
[TopoTrace Step 0] v0:G2[0.333,0.333,0.334] | v1:G0[0.334,0.333,0.333] | v2:G0[0.334,0.333,0.332] | v3:G2[0.333,0.333,0.334] | v4:G2[0.332,0.333,0.334]
[TopoTrace Step 0] v0:G2[0.333,0.333,0.334] | v1:G0[0.334,0.333,0.333] | v2:G0[0.334,0.333,0.332] | v3:G2[0.333,0.333,0.334] | v4:G2[0.332,0.333,0.334]
[TopoTrace Step 0] v0:G2[0.333,0.333,0.334] | v1:G0[0.334,0.333,0.333] | v2:G0[0.334,0.333,0.332] | v3:G2[0.333,0.333,0.334] | v4:G2[0.332,0.333,0.334]
[TopoTrace Step 0] v0:G2[0.333,0.333,0.334] | v1:G0[0.334,0.333,0.333] | v2:G0[0.334,0.333,0.332] | v3:G2[0.333,0.333,0.334] | v4:G2[0.332,0.333,0.334]
[TopoTrace Step 0] v0:G2[0.333,0.333,0.334] | v1:G0[0.334,0.333,0.333] | v2:G0[0.334,0.333,0.332] | v3:G2[0.333,0.333,0.334] | v4:G2[0.332,0.333,0.334][TopoTrace Step 0] v0:G2[0.333,0.333,0.334] | v1:G0[0.334,0.333,0.333] | v2:G0[0.334,0.333,0.332] | v3:G2[0.333,0.333,0.334] | v4:G2[0.332,0.333,0.334]
[TopoTrace Step 0] v0:G2[0.333,0.333,0.334] | v1:G0[0.334,0.333,0.333] | v2:G0[0.334,0.333,0.332] | v3:G2[0.333,0.333,0.334] | v4:G2[0.332,0.333,0.334]

[TopoTrace Step 0] v0:G2[0.333,0.333,0.334] | v1:G0[0.334,0.333,0.333] | v2:G0[0.334,0.333,0.332] | v3:G2[0.333,0.333,0.334] | v4:G2[0.332,0.333,0.334]
[TopoTrace Step 0] v0:G2[0.333,0.333,0.334] | v1:G0[0.334,0.333,0.333] | v2:G0[0.334,0.333,0.332] | v3:G2[0.333,0.333,0.334] | v4:G2[0.332,0.333,0.334]
[TopoTrace Step 0] v0:G2[0.333,0.333,0.334] | v1:G0[0.334,0.333,0.333] | v2:G0[0.334,0.333,0.332] | v3:G2[0.333,0.333,0.334] | v4:G2[0.332,0.333,0.334][TopoTrace Step 0] v0:G2[0.333,0.333,0.334] | v1:G0[0.334,0.333,0.333] | v2:G0[0.334,0.333,0.332] | v3:G2[0.333,0.333,0.334] | v4:G2[0.332,0.333,0.334]

[TopoTrace Step 0] v0:G2[0.333,0.333,0.334] | v1:G0[0.334,0.333,0.333] | v2:G0[0.334,0.333,0.332] | v3:G2[0.333,0.333,0.334] | v4:G2[0.332,0.333,0.334]
[TopoTrace Step 0] v0:G2[0.333,0.333,0.334] | v1:G0[0.334,0.333,0.333] | v2:G0[0.334,0.333,0.332] | v3:G2[0.333,0.333,0.334] | v4:G2[0.332,0.333,0.334]
[TopoTrace Step 0] v0:G2[0.333,0.333,0.334] | v1:G0[0.334,0.333,0.333] | v2:G0[0.334,0.333,0.332] | v3:G2[0.333,0.333,0.334] | v4:G2[0.332,0.333,0.334]
[TopoTrace Step 0] v0:G2[0.333,0.333,0.334] | v1:G0[0.334,0.333,0.333] | v2:G0[0.334,0.333,0.332] | v3:G2[0.333,0.333,0.334] | v4:G2[0.332,0.333,0.334]
[TopoTrace Step 0] v0:G2[0.333,0.333,0.334] | v1:G0[0.334,0.333,0.333] | v2:G0[0.334,0.333,0.332] | v3:G2[0.333,0.333,0.334] | v4:G2[0.332,0.333,0.334]
[TopoTrace Step 0] v0:G2[0.333,0.333,0.334] | v1:G0[0.334,0.333,0.333] | v2:G0[0.334,0.333,0.332] | v3:G2[0.333,0.333,0.334] | v4:G2[0.332,0.333,0.334]
[TopoTrace Step 0] v0:G2[0.333,0.333,0.334] | v1:G0[0.334,0.333,0.333] | v2:G0[0.334,0.333,0.332] | v3:G2[0.333,0.333,0.334] | v4:G2[0.332,0.333,0.334][TopoTrace Step 0] v0:G2[0.333,0.333,0.334] | v1:G0[0.334,0.333,0.333] | v2:G0[0.334,0.333,0.332] | v3:G2[0.333,0.333,0.334] | v4:G2[0.332,0.333,0.334]

[TopoTrace Step 0] v0:G2[0.333,0.333,0.334] | v1:G0[0.334,0.333,0.333] | v2:G0[0.334,0.333,0.332] | v3:G2[0.333,0.333,0.334] | v4:G2[0.332,0.333,0.334]
[TopoTrace Step 0] v0:G2[0.333,0.333,0.334] | v1:G0[0.334,0.333,0.333] | v2:G0[0.334,0.333,0.332] | v3:G2[0.333,0.333,0.334] | v4:G2[0.332,0.333,0.334]
[TopoTrace Step 0] v0:G2[0.333,0.333,0.334] | v1:G0[0.334,0.333,0.333] | v2:G0[0.334,0.333,0.332] | v3:G2[0.333,0.333,0.334] | v4:G2[0.332,0.333,0.334]
[TopoTrace Step 0] v0:G2[0.333,0.333,0.334] | v1:G0[0.334,0.333,0.333] | v2:G0[0.334,0.333,0.332] | v3:G2[0.333,0.333,0.334] | v4:G2[0.332,0.333,0.334]
[TopoTrace Step 0] v0:G2[0.333,0.333,0.334] | v1:G0[0.334,0.333,0.333] | v2:G0[0.334,0.333,0.332] | v3:G2[0.333,0.333,0.334] | v4:G2[0.332,0.333,0.334]
[TopoTrace Step 0] v0:G2[0.333,0.333,0.334] | v1:G0[0.334,0.333,0.333] | v2:G0[0.334,0.333,0.332] | v3:G2[0.333,0.333,0.334] | v4:G2[0.332,0.333,0.334]
[TopoTrace Step 0] v0:G2[0.333,0.333,0.334] | v1:G0[0.334,0.333,0.333] | v2:G0[0.334,0.333,0.332] | v3:G2[0.333,0.333,0.334] | v4:G2[0.332,0.333,0.334]
[TopoTrace Step 0] v0:G2[0.333,0.333,0.334] | v1:G0[0.334,0.333,0.333] | v2:G0[0.334,0.333,0.332] | v3:G2[0.333,0.333,0.334] | v4:G2[0.332,0.333,0.334]
[TopoTrace Step 0] v0:G2[0.333,0.333,0.334] | v1:G0[0.334,0.333,0.333] | v2:G0[0.334,0.333,0.332] | v3:G2[0.333,0.333,0.334] | v4:G2[0.332,0.333,0.334]
[TopoTrace Step 0] v0:G2[0.333,0.333,0.334] | v1:G0[0.334,0.333,0.333] | v2:G0[0.334,0.333,0.332] | v3:G2[0.333,0.333,0.334] | v4:G2[0.332,0.333,0.334]
[TopoTrace Step 0] v0:G2[0.333,0.333,0.334] | v1:G0[0.334,0.333,0.333] | v2:G0[0.334,0.333,0.332] | v3:G2[0.333,0.333,0.334] | v4:G2[0.332,0.333,0.334][TopoTrace Step 0] v0:G2[0.333,0.333,0.334] | v1:G0[0.334,0.333,0.333] | v2:G0[0.334,0.333,0.332] | v3:G2[0.333,0.333,0.334] | v4:G2[0.332,0.333,0.334]

[TopoTrace Step 0] v0:G2[0.333,0.333,0.334] | v1:G0[0.334,0.333,0.333] | v2:G0[0.334,0.333,0.332] | v3:G2[0.333,0.333,0.334] | v4:G2[0.332,0.333,0.334]
[TopoTrace Step 0] v0:G2[0.333,0.333,0.334] | v1:G0[0.334,0.333,0.333] | v2:G0[0.334,0.333,0.332] | v3:G2[0.333,0.333,0.334] | v4:G2[0.332,0.333,0.334]
[TopoTrace Step 0] v0:G2[0.333,0.333,0.334] | v1:G0[0.334,0.333,0.333] | v2:G0[0.334,0.333,0.332] | v3:G2[0.333,0.333,0.334] | v4:G2[0.332,0.333,0.334][TopoTrace Step 0] v0:G2[0.333,0.333,0.334] | v1:G0[0.334,0.333,0.333] | v2:G0[0.334,0.333,0.332] | v3:G2[0.333,0.333,0.334] | v4:G2[0.332,0.333,0.334]

[TopoTrace Step 0] v0:G2[0.333,0.333,0.334] | v1:G0[0.334,0.333,0.333] | v2:G0[0.334,0.333,0.332] | v3:G2[0.333,0.333,0.334] | v4:G2[0.332,0.333,0.334]
[TopoTrace Step 0] v0:G2[0.333,0.333,0.334] | v1:G0[0.334,0.333,0.333] | v2:G0[0.334,0.333,0.332] | v3:G2[0.333,0.333,0.334] | v4:G2[0.332,0.333,0.334]
[TopoTrace Step 0] v0:G2[0.333,0.333,0.334] | v1:G0[0.334,0.333,0.333] | v2:G0[0.334,0.333,0.332] | v3:G2[0.333,0.333,0.334] | v4:G2[0.332,0.333,0.334]
[TopoTrace Step 0] v0:G2[0.333,0.333,0.334] | v1:G0[0.334,0.333,0.333] | v2:G0[0.334,0.333,0.332] | v3:G2[0.333,0.333,0.334] | v4:G2[0.332,0.333,0.334]
[TopoTrace Step 0] v0:G2[0.333,0.333,0.334] | v1:G0[0.334,0.333,0.333] | v2:G0[0.334,0.333,0.332] | v3:G2[0.333,0.333,0.334] | v4:G2[0.332,0.333,0.334]
[TopoTrace Step 0] v0:G2[0.333,0.333,0.334] | v1:G0[0.334,0.333,0.333] | v2:G0[0.334,0.333,0.332] | v3:G2[0.333,0.333,0.334] | v4:G2[0.332,0.333,0.334][TopoTrace Step 0] v0:G2[0.333,0.333,0.334] | v1:G0[0.334,0.333,0.333] | v2:G0[0.334,0.333,0.332] | v3:G2[0.333,0.333,0.334] | v4:G2[0.332,0.333,0.334][TopoTrace Step 0] v0:G2[0.333,0.333,0.334] | v1:G0[0.334,0.333,0.333] | v2:G0[0.334,0.333,0.332] | v3:G2[0.333,0.333,0.334] | v4:G2[0.332,0.333,0.334]


[TopoTrace Step 0] v0:G2[0.333,0.333,0.334] | v1:G0[0.334,0.333,0.333] | v2:G0[0.334,0.333,0.332] | v3:G2[0.333,0.333,0.334] | v4:G2[0.332,0.333,0.334]
[TopoTrace Step 0] v0:G2[0.333,0.333,0.334] | v1:G0[0.334,0.333,0.333] | v2:G0[0.334,0.333,0.332] | v3:G2[0.333,0.333,0.334] | v4:G2[0.332,0.333,0.334]
[TopoTrace Step 0] v0:G2[0.333,0.333,0.334] | v1:G0[0.334,0.333,0.333] | v2:G0[0.334,0.333,0.332] | v3:G2[0.333,0.333,0.334] | v4:G2[0.332,0.333,0.334][TopoTrace Step 0] v0:G2[0.333,0.333,0.334] | v1:G0[0.334,0.333,0.333] | v2:G0[0.334,0.333,0.332] | v3:G2[0.333,0.333,0.334] | v4:G2[0.332,0.333,0.334]

[TopoTrace Step 0] v0:G2[0.333,0.333,0.334] | v1:G0[0.334,0.333,0.333] | v2:G0[0.334,0.333,0.332] | v3:G2[0.333,0.333,0.334] | v4:G2[0.332,0.333,0.334]
[TopoTrace Step 0] v0:G2[0.333,0.333,0.334] | v1:G0[0.334,0.333,0.333] | v2:G0[0.334,0.333,0.332] | v3:G2[0.333,0.333,0.334] | v4:G2[0.332,0.333,0.334][TopoTrace Step 0] v0:G2[0.333,0.333,0.334] | v1:G0[0.334,0.333,0.333] | v2:G0[0.334,0.333,0.332] | v3:G2[0.333,0.333,0.334] | v4:G2[0.332,0.333,0.334]
[TopoTrace Step 0] v0:G2[0.333,0.333,0.334] | v1:G0[0.334,0.333,0.333] | v2:G0[0.334,0.333,0.332] | v3:G2[0.333,0.333,0.334] | v4:G2[0.332,0.333,0.334]

[TopoTrace Step 0] v0:G2[0.333,0.333,0.334] | v1:G0[0.334,0.333,0.333] | v2:G0[0.334,0.333,0.332] | v3:G2[0.333,0.333,0.334] | v4:G2[0.332,0.333,0.334]
[TopoTrace Step 0] v0:G2[0.333,0.333,0.334] | v1:G0[0.334,0.333,0.333] | v2:G0[0.334,0.333,0.332] | v3:G2[0.333,0.333,0.334] | v4:G2[0.332,0.333,0.334]
[TopoTrace Step 0] v0:G2[0.333,0.333,0.334] | v1:G0[0.334,0.333,0.333] | v2:G0[0.334,0.333,0.332] | v3:G2[0.333,0.333,0.334] | v4:G2[0.332,0.333,0.334]
[TopoTrace Step 0] v0:G2[0.333,0.333,0.334] | v1:G0[0.334,0.333,0.333] | v2:G0[0.334,0.333,0.332] | v3:G2[0.333,0.333,0.334] | v4:G2[0.332,0.333,0.334]
[TopoTrace Step 0] v0:G2[0.333,0.333,0.334] | v1:G0[0.334,0.333,0.333] | v2:G0[0.334,0.333,0.332] | v3:G2[0.333,0.333,0.334] | v4:G2[0.332,0.333,0.334]
[TopoTrace Step 0] v0:G2[0.333,0.333,0.334] | v1:G0[0.334,0.333,0.333] | v2:G0[0.334,0.333,0.332] | v3:G2[0.333,0.333,0.334] | v4:G2[0.332,0.333,0.334]
[TopoTrace Step 0] v0:G2[0.333,0.333,0.334] | v1:G0[0.334,0.333,0.333] | v2:G0[0.334,0.333,0.332] | v3:G2[0.333,0.333,0.334] | v4:G2[0.332,0.333,0.334]
[TopoTrace Step 0] v0:G2[0.333,0.333,0.334] | v1:G0[0.334,0.333,0.333] | v2:G0[0.334,0.333,0.332] | v3:G2[0.333,0.333,0.334] | v4:G2[0.332,0.333,0.334]
[TopoTrace Step 0] v0:G2[0.333,0.333,0.334] | v1:G0[0.334,0.333,0.333] | v2:G0[0.334,0.333,0.332] | v3:G2[0.333,0.333,0.334] | v4:G2[0.332,0.333,0.334]
[TopoTrace Step 0] v0:G2[0.333,0.333,0.334] | v1:G0[0.334,0.333,0.333] | v2:G0[0.334,0.333,0.332] | v3:G2[0.333,0.333,0.334] | v4:G2[0.332,0.333,0.334]
[TopoTrace Step 0] v0:G2[0.333,0.333,0.334] | v1:G0[0.334,0.333,0.333] | v2:G0[0.334,0.333,0.332] | v3:G2[0.333,0.333,0.334] | v4:G2[0.332,0.333,0.334]
[TopoTrace Step 0] v0:G2[0.333,0.333,0.334] | v1:G0[0.334,0.333,0.333] | v2:G0[0.334,0.333,0.332] | v3:G2[0.333,0.333,0.334] | v4:G2[0.332,0.333,0.334]
[TopoTrace Step 0] v0:G2[0.333,0.333,0.334] | v1:G0[0.334,0.333,0.333] | v2:G0[0.334,0.333,0.332] | v3:G2[0.333,0.333,0.334] | v4:G2[0.332,0.333,0.334]
[TopoTrace Step 0] v0:G2[0.333,0.333,0.334] | v1:G0[0.334,0.333,0.333] | v2:G0[0.334,0.333,0.332] | v3:G2[0.333,0.333,0.334] | v4:G2[0.332,0.333,0.334]
[TopoTrace Step 0] v0:G2[0.333,0.333,0.334] | v1:G0[0.334,0.333,0.333] | v2:G0[0.334,0.333,0.332] | v3:G2[0.333,0.333,0.334] | v4:G2[0.332,0.333,0.334][TopoTrace Step 0] v0:G2[0.333,0.333,0.334] | v1:G0[0.334,0.333,0.333] | v2:G0[0.334,0.333,0.332] | v3:G2[0.333,0.333,0.334] | v4:G2[0.332,0.333,0.334]

[TopoTrace Step 0] v0:G2[0.333,0.333,0.334] | v1:G0[0.334,0.333,0.333] | v2:G0[0.334,0.333,0.332] | v3:G2[0.333,0.333,0.334] | v4:G2[0.332,0.333,0.334]
[TopoTrace Step 0] v0:G2[0.333,0.333,0.334] | v1:G0[0.334,0.333,0.333] | v2:G0[0.334,0.333,0.332] | v3:G2[0.333,0.333,0.334] | v4:G2[0.332,0.333,0.334]
[TopoTrace Step 0] v0:G2[0.333,0.333,0.334] | v1:G0[0.334,0.333,0.333] | v2:G0[0.334,0.333,0.332] | v3:G2[0.333,0.333,0.334] | v4:G2[0.332,0.333,0.334][TopoTrace Step 0] v0:G2[0.333,0.333,0.334] | v1:G0[0.334,0.333,0.333] | v2:G0[0.334,0.333,0.332] | v3:G2[0.333,0.333,0.334] | v4:G2[0.332,0.333,0.334]

[TopoTrace Step 0] v0:G2[0.333,0.333,0.334] | v1:G0[0.334,0.333,0.333] | v2:G0[0.334,0.333,0.332] | v3:G2[0.333,0.333,0.334] | v4:G2[0.332,0.333,0.334]
[TopoTrace Step 0] v0:G2[0.333,0.333,0.334] | v1:G0[0.334,0.333,0.333] | v2:G0[0.334,0.333,0.332] | v3:G2[0.333,0.333,0.334] | v4:G2[0.332,0.333,0.334][TopoTrace Step 0] v0:G2[0.333,0.333,0.334] | v1:G0[0.334,0.333,0.333] | v2:G0[0.334,0.333,0.332] | v3:G2[0.333,0.333,0.334] | v4:G2[0.332,0.333,0.334]
[TopoTrace Step 0] v0:G2[0.333,0.333,0.334] | v1:G0[0.334,0.333,0.333] | v2:G0[0.334,0.333,0.332] | v3:G2[0.333,0.333,0.334] | v4:G2[0.332,0.333,0.334]

[TopoTrace Step 0] v0:G2[0.333,0.333,0.334] | v1:G0[0.334,0.333,0.333] | v2:G0[0.334,0.333,0.332] | v3:G2[0.333,0.333,0.334] | v4:G2[0.332,0.333,0.334]
[TopoTrace Step 0] v0:G2[0.333,0.333,0.334] | v1:G0[0.334,0.333,0.333] | v2:G0[0.334,0.333,0.332] | v3:G2[0.333,0.333,0.334] | v4:G2[0.332,0.333,0.334]
[TopoTrace Step 0] v0:G2[0.333,0.333,0.334] | v1:G0[0.334,0.333,0.333] | v2:G0[0.334,0.333,0.332] | v3:G2[0.333,0.333,0.334] | v4:G2[0.332,0.333,0.334]
[TopoTrace Step 0] v0:G2[0.333,0.333,0.334] | v1:G0[0.334,0.333,0.333] | v2:G0[0.334,0.333,0.332] | v3:G2[0.333,0.333,0.334] | v4:G2[0.332,0.333,0.334]
[TopoTrace Step 0] v0:G2[0.333,0.333,0.334] | v1:G0[0.334,0.333,0.333] | v2:G0[0.334,0.333,0.332] | v3:G2[0.333,0.333,0.334] | v4:G2[0.332,0.333,0.334]
[TopoTrace Step 0] v0:G2[0.333,0.333,0.334] | v1:G0[0.334,0.333,0.333] | v2:G0[0.334,0.333,0.332] | v3:G2[0.333,0.333,0.334] | v4:G2[0.332,0.333,0.334]
[TopoTrace Step 0] v0:G2[0.333,0.333,0.334] | v1:G0[0.334,0.333,0.333] | v2:G0[0.334,0.333,0.332] | v3:G2[0.333,0.333,0.334] | v4:G2[0.332,0.333,0.334][TopoTrace Step 0] v0:G2[0.333,0.333,0.334] | v1:G0[0.334,0.333,0.333] | v2:G0[0.334,0.333,0.332] | v3:G2[0.333,0.333,0.334] | v4:G2[0.332,0.333,0.334]

[TopoTrace Step 0] v0:G2[0.333,0.333,0.334] | v1:G0[0.334,0.333,0.333] | v2:G0[0.334,0.333,0.332] | v3:G2[0.333,0.333,0.334] | v4:G2[0.332,0.333,0.334]
[TopoTrace Step 0] v0:G2[0.333,0.333,0.334] | v1:G0[0.334,0.333,0.333] | v2:G0[0.334,0.333,0.332] | v3:G2[0.333,0.333,0.334] | v4:G2[0.332,0.333,0.334]
[TopoTrace Step 0] v0:G2[0.333,0.333,0.334] | v1:G0[0.334,0.333,0.333] | v2:G0[0.334,0.333,0.332] | v3:G2[0.333,0.333,0.334] | v4:G2[0.332,0.333,0.334]
[TopoTrace Step 0] v0:G2[0.333,0.333,0.334] | v1:G0[0.334,0.333,0.333] | v2:G0[0.334,0.333,0.332] | v3:G2[0.333,0.333,0.334] | v4:G2[0.332,0.333,0.334]
[TopoTrace Step 0] v0:G2[0.333,0.333,0.334] | v1:G0[0.334,0.333,0.333] | v2:G0[0.334,0.333,0.332] | v3:G2[0.333,0.333,0.334] | v4:G2[0.332,0.333,0.334]
[TopoTrace Step 0] v0:G2[0.333,0.333,0.334] | v1:G0[0.334,0.333,0.333] | v2:G0[0.334,0.333,0.332] | v3:G2[0.333,0.333,0.334] | v4:G2[0.332,0.333,0.334]
[TopoTrace Step 0] v0:G2[0.333,0.333,0.334] | v1:G0[0.334,0.333,0.333] | v2:G0[0.334,0.333,0.332] | v3:G2[0.333,0.333,0.334] | v4:G2[0.332,0.333,0.334][TopoTrace Step 0] v0:G2[0.333,0.333,0.334] | v1:G0[0.334,0.333,0.333] | v2:G0[0.334,0.333,0.332] | v3:G2[0.333,0.333,0.334] | v4:G2[0.332,0.333,0.334]

[TopoTrace Step 0] v0:G2[0.333,0.333,0.334] | v1:G0[0.334,0.333,0.333] | v2:G0[0.334,0.333,0.332] | v3:G2[0.333,0.333,0.334] | v4:G2[0.332,0.333,0.334]
[TopoTrace Step 0] v0:G2[0.333,0.333,0.334] | v1:G0[0.334,0.333,0.333] | v2:G0[0.334,0.333,0.332] | v3:G2[0.333,0.333,0.334] | v4:G2[0.332,0.333,0.334]
[TopoTrace Step 0] v0:G2[0.333,0.333,0.334] | v1:G0[0.334,0.333,0.333] | v2:G0[0.334,0.333,0.332] | v3:G2[0.333,0.333,0.334] | v4:G2[0.332,0.333,0.334][TopoTrace Step 0] v0:G2[0.333,0.333,0.334] | v1:G0[0.334,0.333,0.333] | v2:G0[0.334,0.333,0.332] | v3:G2[0.333,0.333,0.334] | v4:G2[0.332,0.333,0.334]

[TopoTrace Step 0] v0:G2[0.333,0.333,0.334] | v1:G0[0.334,0.333,0.333] | v2:G0[0.334,0.333,0.332] | v3:G2[0.333,0.333,0.334] | v4:G2[0.332,0.333,0.334]
[TopoTrace Step 0] v0:G2[0.333,0.333,0.334] | v1:G0[0.334,0.333,0.333] | v2:G0[0.334,0.333,0.332] | v3:G2[0.333,0.333,0.334] | v4:G2[0.332,0.333,0.334]
[TopoTrace Step 0] v0:G2[0.333,0.333,0.334] | v1:G0[0.334,0.333,0.333] | v2:G0[0.334,0.333,0.332] | v3:G2[0.333,0.333,0.334] | v4:G2[0.332,0.333,0.334][TopoTrace Step 0] v0:G2[0.333,0.333,0.334] | v1:G0[0.334,0.333,0.333] | v2:G0[0.334,0.333,0.332] | v3:G2[0.333,0.333,0.334] | v4:G2[0.332,0.333,0.334]

[TopoTrace Step 0] v0:G2[0.333,0.333,0.334] | v1:G0[0.334,0.333,0.333] | v2:G0[0.334,0.333,0.332] | v3:G2[0.333,0.333,0.334] | v4:G2[0.332,0.333,0.334]
[TopoTrace Step 0] v0:G2[0.333,0.333,0.334] | v1:G0[0.334,0.333,0.333] | v2:G0[0.334,0.333,0.332] | v3:G2[0.333,0.333,0.334] | v4:G2[0.332,0.333,0.334]
[TopoTrace Step 0] v0:G2[0.333,0.333,0.334] | v1:G0[0.334,0.333,0.333] | v2:G0[0.334,0.333,0.332] | v3:G2[0.333,0.333,0.334] | v4:G2[0.332,0.333,0.334][TopoTrace Step 0] v0:G2[0.333,0.333,0.334] | v1:G0[0.334,0.333,0.333] | v2:G0[0.334,0.333,0.332] | v3:G2[0.333,0.333,0.334] | v4:G2[0.332,0.333,0.334]

[TopoTrace Step 0] v0:G2[0.333,0.333,0.334] | v1:G0[0.334,0.333,0.333] | v2:G0[0.334,0.333,0.332] | v3:G2[0.333,0.333,0.334] | v4:G2[0.332,0.333,0.334]
[TopoTrace Step 0] v0:G2[0.333,0.333,0.334] | v1:G0[0.334,0.333,0.333] | v2:G0[0.334,0.333,0.332] | v3:G2[0.333,0.333,0.334] | v4:G2[0.332,0.333,0.334]
[TopoTrace Step 0] v0:G2[0.333,0.333,0.334] | v1:G0[0.334,0.333,0.333] | v2:G0[0.334,0.333,0.332] | v3:G2[0.333,0.333,0.334] | v4:G2[0.332,0.333,0.334][TopoTrace Step 0] v0:G2[0.333,0.333,0.334] | v1:G0[0.334,0.333,0.333] | v2:G0[0.334,0.333,0.332] | v3:G2[0.333,0.333,0.334] | v4:G2[0.332,0.333,0.334]

[TopoTrace Step 0] v0:G2[0.333,0.333,0.334] | v1:G0[0.334,0.333,0.333] | v2:G0[0.334,0.333,0.332] | v3:G2[0.333,0.333,0.334] | v4:G2[0.332,0.333,0.334]
[TopoTrace Step 0] v0:G2[0.333,0.333,0.334] | v1:G0[0.334,0.333,0.333] | v2:G0[0.334,0.333,0.332] | v3:G2[0.333,0.333,0.334] | v4:G2[0.332,0.333,0.334]
[TopoTrace Step 0] v0:G2[0.333,0.333,0.334] | v1:G0[0.334,0.333,0.333] | v2:G0[0.334,0.333,0.332] | v3:G2[0.333,0.333,0.334] | v4:G2[0.332,0.333,0.334][TopoTrace Step 0] v0:G2[0.333,0.333,0.334] | v1:G0[0.334,0.333,0.333] | v2:G0[0.334,0.333,0.332] | v3:G2[0.333,0.333,0.334] | v4:G2[0.332,0.333,0.334]

[TopoTrace Step 0] v0:G2[0.333,0.333,0.334] | v1:G0[0.334,0.333,0.333] | v2:G0[0.334,0.333,0.332] | v3:G2[0.333,0.333,0.334] | v4:G2[0.332,0.333,0.334]
[TopoTrace Step 0] v0:G2[0.333,0.333,0.334] | v1:G0[0.334,0.333,0.333] | v2:G0[0.334,0.333,0.332] | v3:G2[0.333,0.333,0.334] | v4:G2[0.332,0.333,0.334]
[TopoTrace Step 0] v0:G2[0.333,0.333,0.334] | v1:G0[0.334,0.333,0.333] | v2:G0[0.334,0.333,0.332] | v3:G2[0.333,0.333,0.334] | v4:G2[0.332,0.333,0.334][TopoTrace Step 0] v0:G2[0.333,0.333,0.334] | v1:G0[0.334,0.333,0.333] | v2:G0[0.334,0.333,0.332] | v3:G2[0.333,0.333,0.334] | v4:G2[0.332,0.333,0.334]

[TopoTrace Step 0] v0:G2[0.333,0.333,0.334] | v1:G0[0.334,0.333,0.333] | v2:G0[0.334,0.333,0.332] | v3:G2[0.333,0.333,0.334] | v4:G2[0.332,0.333,0.334]
[TopoTrace Step 0] v0:G2[0.333,0.333,0.334] | v1:G0[0.334,0.333,0.333] | v2:G0[0.334,0.333,0.332] | v3:G2[0.333,0.333,0.334] | v4:G2[0.332,0.333,0.334]
[TopoTrace Step 0] v0:G2[0.333,0.333,0.334] | v1:G0[0.334,0.333,0.333] | v2:G0[0.334,0.333,0.332] | v3:G2[0.333,0.333,0.334] | v4:G2[0.332,0.333,0.334][TopoTrace Step 0] v0:G2[0.333,0.333,0.334] | v1:G0[0.334,0.333,0.333] | v2:G0[0.334,0.333,0.332] | v3:G2[0.333,0.333,0.334] | v4:G2[0.332,0.333,0.334]

[TopoTrace Step 0] v0:G2[0.333,0.333,0.334] | v1:G0[0.334,0.333,0.333] | v2:G0[0.334,0.333,0.332] | v3:G2[0.333,0.333,0.334] | v4:G2[0.332,0.333,0.334]
[TopoTrace Step 0] v0:G2[0.333,0.333,0.334] | v1:G0[0.334,0.333,0.333] | v2:G0[0.334,0.333,0.332] | v3:G2[0.333,0.333,0.334] | v4:G2[0.332,0.333,0.334]
[TopoTrace Step 0] v0:G2[0.333,0.333,0.334] | v1:G0[0.334,0.333,0.333] | v2:G0[0.334,0.333,0.332] | v3:G2[0.333,0.333,0.334] | v4:G2[0.332,0.333,0.334][TopoTrace Step 0] v0:G2[0.333,0.333,0.334] | v1:G0[0.334,0.333,0.333] | v2:G0[0.334,0.333,0.332] | v3:G2[0.333,0.333,0.334] | v4:G2[0.332,0.333,0.334]

[TopoTrace Step 0] v0:G2[0.333,0.333,0.334] | v1:G0[0.334,0.333,0.333] | v2:G0[0.334,0.333,0.332] | v3:G2[0.333,0.333,0.334] | v4:G2[0.332,0.333,0.334]
[TopoTrace Step 0] v0:G2[0.333,0.333,0.334] | v1:G0[0.334,0.333,0.333] | v2:G0[0.334,0.333,0.332] | v3:G2[0.333,0.333,0.334] | v4:G2[0.332,0.333,0.334]
[TopoTrace Step 0] v0:G2[0.333,0.333,0.334] | v1:G0[0.334,0.333,0.333] | v2:G0[0.334,0.333,0.332] | v3:G2[0.333,0.333,0.334] | v4:G2[0.332,0.333,0.334][TopoTrace Step 0] v0:G2[0.333,0.333,0.334] | v1:G0[0.334,0.333,0.333] | v2:G0[0.334,0.333,0.332] | v3:G2[0.333,0.333,0.334] | v4:G2[0.332,0.333,0.334]

[TopoTrace Step 0] v0:G2[0.333,0.333,0.334] | v1:G0[0.334,0.333,0.333] | v2:G0[0.334,0.333,0.332] | v3:G2[0.333,0.333,0.334] | v4:G2[0.332,0.333,0.334]
[TopoTrace Step 0] v0:G2[0.333,0.333,0.334] | v1:G0[0.334,0.333,0.333] | v2:G0[0.334,0.333,0.332] | v3:G2[0.333,0.333,0.334] | v4:G2[0.332,0.333,0.334]
[TopoTrace Step 0] v0:G2[0.333,0.333,0.334] | v1:G0[0.334,0.333,0.333] | v2:G0[0.334,0.333,0.332] | v3:G2[0.333,0.333,0.334] | v4:G2[0.332,0.333,0.334][TopoTrace Step 0] v0:G2[0.333,0.333,0.334] | v1:G0[0.334,0.333,0.333] | v2:G0[0.334,0.333,0.332] | v3:G2[0.333,0.333,0.334] | v4:G2[0.332,0.333,0.334]

[TopoTrace Step 0] v0:G2[0.333,0.333,0.334] | v1:G0[0.334,0.333,0.333] | v2:G0[0.334,0.333,0.332] | v3:G2[0.333,0.333,0.334] | v4:G2[0.332,0.333,0.334]
[TopoTrace Step 0] v0:G2[0.333,0.333,0.334] | v1:G0[0.334,0.333,0.333] | v2:G0[0.334,0.333,0.332] | v3:G2[0.333,0.333,0.334] | v4:G2[0.332,0.333,0.334]
[TopoTrace Step 0] v0:G2[0.333,0.333,0.334] | v1:G0[0.334,0.333,0.333] | v2:G0[0.334,0.333,0.332] | v3:G2[0.333,0.333,0.334] | v4:G2[0.332,0.333,0.334][TopoTrace Step 0] v0:G2[0.333,0.333,0.334] | v1:G0[0.334,0.333,0.333] | v2:G0[0.334,0.333,0.332] | v3:G2[0.333,0.333,0.334] | v4:G2[0.332,0.333,0.334]

[TopoTrace Step 0] v0:G2[0.333,0.333,0.334] | v1:G0[0.334,0.333,0.333] | v2:G0[0.334,0.333,0.332] | v3:G2[0.333,0.333,0.334] | v4:G2[0.332,0.333,0.334]
[TopoTrace Step 0] v0:G2[0.333,0.333,0.334] | v1:G0[0.334,0.333,0.333] | v2:G0[0.334,0.333,0.332] | v3:G2[0.333,0.333,0.334] | v4:G2[0.332,0.333,0.334]
[TopoTrace Step 0] v0:G2[0.333,0.333,0.334] | v1:G0[0.334,0.333,0.333] | v2:G0[0.334,0.333,0.332] | v3:G2[0.333,0.333,0.334] | v4:G2[0.332,0.333,0.334]
[TopoTrace Step 0] v0:G2[0.333,0.333,0.334] | v1:G0[0.334,0.333,0.333] | v2:G0[0.334,0.333,0.332] | v3:G2[0.333,0.333,0.334] | v4:G2[0.332,0.333,0.334]
[TopoTrace Step 0] v0:G2[0.333,0.333,0.334] | v1:G0[0.334,0.333,0.333] | v2:G0[0.334,0.333,0.332] | v3:G2[0.333,0.333,0.334] | v4:G2[0.332,0.333,0.334]
[TopoTrace Step 0] v0:G2[0.333,0.333,0.334] | v1:G0[0.334,0.333,0.333] | v2:G0[0.334,0.333,0.332] | v3:G2[0.333,0.333,0.334] | v4:G2[0.332,0.333,0.334]
[TopoTrace Step 0] v0:G2[0.333,0.333,0.334] | v1:G0[0.334,0.333,0.333] | v2:G0[0.334,0.333,0.332] | v3:G2[0.333,0.333,0.334] | v4:G2[0.332,0.333,0.334]
[TopoTrace Step 0] v0:G2[0.333,0.333,0.334] | v1:G0[0.334,0.333,0.333] | v2:G0[0.334,0.333,0.332] | v3:G2[0.333,0.333,0.334] | v4:G2[0.332,0.333,0.334]
[TopoTrace Step 0] v0:G2[0.333,0.333,0.334] | v1:G0[0.334,0.333,0.333] | v2:G0[0.334,0.333,0.332] | v3:G2[0.333,0.333,0.334] | v4:G2[0.332,0.333,0.334]
[TopoTrace Step 0] v0:G2[0.333,0.333,0.334] | v1:G0[0.334,0.333,0.333] | v2:G0[0.334,0.333,0.332] | v3:G2[0.333,0.333,0.334] | v4:G2[0.332,0.333,0.334]
[TopoTrace Step 0] v0:G2[0.333,0.333,0.334] | v1:G0[0.334,0.333,0.333] | v2:G0[0.334,0.333,0.332] | v3:G2[0.333,0.333,0.334] | v4:G2[0.332,0.333,0.334][TopoTrace Step 0] v0:G2[0.333,0.333,0.334] | v1:G0[0.334,0.333,0.333] | v2:G0[0.334,0.333,0.332] | v3:G2[0.333,0.333,0.334] | v4:G2[0.332,0.333,0.334]

[TopoTrace Step 0] v0:G2[0.333,0.333,0.334] | v1:G0[0.334,0.333,0.333] | v2:G0[0.334,0.333,0.332] | v3:G2[0.333,0.333,0.334] | v4:G2[0.332,0.333,0.334]
[TopoTrace Step 0] v0:G2[0.333,0.333,0.334] | v1:G0[0.334,0.333,0.333] | v2:G0[0.334,0.333,0.332] | v3:G2[0.333,0.333,0.334] | v4:G2[0.332,0.333,0.334]
[TopoTrace Step 0] v0:G2[0.333,0.333,0.334] | v1:G0[0.334,0.333,0.333] | v2:G0[0.334,0.333,0.332] | v3:G2[0.333,0.333,0.334] | v4:G2[0.332,0.333,0.334]
[TopoTrace Step 0] v0:G2[0.333,0.333,0.334] | v1:G0[0.334,0.333,0.333] | v2:G0[0.334,0.333,0.332] | v3:G2[0.333,0.333,0.334] | v4:G2[0.332,0.333,0.334]
[TopoTrace Step 0] v0:G2[0.333,0.333,0.334] | v1:G0[0.334,0.333,0.333] | v2:G0[0.334,0.333,0.332] | v3:G2[0.333,0.333,0.334] | v4:G2[0.332,0.333,0.334]
[TopoTrace Step 0] v0:G2[0.333,0.333,0.334] | v1:G0[0.334,0.333,0.333] | v2:G0[0.334,0.333,0.332] | v3:G2[0.333,0.333,0.334] | v4:G2[0.332,0.333,0.334]
[TopoTrace Step 0] v0:G2[0.333,0.333,0.334] | v1:G0[0.334,0.333,0.333] | v2:G0[0.334,0.333,0.332] | v3:G2[0.333,0.333,0.334] | v4:G2[0.332,0.333,0.334][TopoTrace Step 0] v0:G2[0.333,0.333,0.334] | v1:G0[0.334,0.333,0.333] | v2:G0[0.334,0.333,0.332] | v3:G2[0.333,0.333,0.334] | v4:G2[0.332,0.333,0.334]

[TopoTrace Step 0] v0:G2[0.333,0.333,0.334] | v1:G0[0.334,0.333,0.333] | v2:G0[0.334,0.333,0.332] | v3:G2[0.333,0.333,0.334] | v4:G2[0.332,0.333,0.334]
[TopoTrace Step 0] v0:G2[0.333,0.333,0.334] | v1:G0[0.334,0.333,0.333] | v2:G0[0.334,0.333,0.332] | v3:G2[0.333,0.333,0.334] | v4:G2[0.332,0.333,0.334]
[TopoTrace Step 0] v0:G2[0.333,0.333,0.334] | v1:G0[0.334,0.333,0.333] | v2:G0[0.334,0.333,0.332] | v3:G2[0.333,0.333,0.334] | v4:G2[0.332,0.333,0.334]
[TopoTrace Step 0] v0:G2[0.333,0.333,0.334] | v1:G0[0.334,0.333,0.333] | v2:G0[0.334,0.333,0.332] | v3:G2[0.333,0.333,0.334] | v4:G2[0.332,0.333,0.334]
[TopoTrace Step 0] v0:G2[0.333,0.333,0.334] | v1:G0[0.334,0.333,0.333] | v2:G0[0.334,0.333,0.332] | v3:G2[0.333,0.333,0.334] | v4:G2[0.332,0.333,0.334]
[TopoTrace Step 0] v0:G2[0.333,0.333,0.334] | v1:G0[0.334,0.333,0.333] | v2:G0[0.334,0.333,0.332] | v3:G2[0.333,0.333,0.334] | v4:G2[0.332,0.333,0.334]
[TopoTrace Step 0] v0:G2[0.333,0.333,0.334] | v1:G0[0.334,0.333,0.333] | v2:G0[0.334,0.333,0.332] | v3:G2[0.333,0.333,0.334] | v4:G2[0.332,0.333,0.334]
[TopoTrace Step 0] v0:G2[0.333,0.333,0.334] | v1:G0[0.334,0.333,0.333] | v2:G0[0.334,0.333,0.332] | v3:G2[0.333,0.333,0.334] | v4:G2[0.332,0.333,0.334]
[TopoTrace Step 0] v0:G2[0.333,0.333,0.334] | v1:G0[0.334,0.333,0.333] | v2:G0[0.334,0.333,0.332] | v3:G2[0.333,0.333,0.334] | v4:G2[0.332,0.333,0.334]
[TopoTrace Step 0] v0:G2[0.333,0.333,0.334] | v1:G0[0.334,0.333,0.333] | v2:G0[0.334,0.333,0.332] | v3:G2[0.333,0.333,0.334] | v4:G2[0.332,0.333,0.334]
[TopoTrace Step 0] v0:G2[0.333,0.333,0.334] | v1:G0[0.334,0.333,0.333] | v2:G0[0.334,0.333,0.332] | v3:G2[0.333,0.333,0.334] | v4:G2[0.332,0.333,0.334][TopoTrace Step 0] v0:G2[0.333,0.333,0.334] | v1:G0[0.334,0.333,0.333] | v2:G0[0.334,0.333,0.332] | v3:G2[0.333,0.333,0.334] | v4:G2[0.332,0.333,0.334]

	iters: 100, epoch: 5 | loss: 0.3700024
	speed: 2.3085s/iter; left time: 1807.5180s
[TopoTrace Step 0] v0:G2[0.333,0.333,0.334] | v1:G0[0.334,0.333,0.333] | v2:G0[0.334,0.333,0.332] | v3:G2[0.333,0.333,0.334] | v4:G2[0.332,0.333,0.334]
[TopoTrace Step 0] v0:G2[0.333,0.333,0.334] | v1:G0[0.334,0.333,0.333] | v2:G0[0.334,0.333,0.332] | v3:G2[0.333,0.333,0.334] | v4:G2[0.332,0.333,0.334]
[TopoTrace Step 0] v0:G2[0.333,0.333,0.334] | v1:G0[0.334,0.333,0.333] | v2:G0[0.334,0.333,0.332] | v3:G2[0.333,0.333,0.334] | v4:G2[0.332,0.333,0.334][TopoTrace Step 0] v0:G2[0.333,0.333,0.334] | v1:G0[0.334,0.333,0.333] | v2:G0[0.334,0.333,0.332] | v3:G2[0.333,0.333,0.334] | v4:G2[0.332,0.333,0.334]

[TopoTrace Step 0] v0:G2[0.333,0.333,0.334] | v1:G0[0.334,0.333,0.333] | v2:G0[0.334,0.333,0.332] | v3:G2[0.333,0.333,0.334] | v4:G2[0.332,0.333,0.334]
[TopoTrace Step 0] v0:G2[0.333,0.333,0.334] | v1:G0[0.334,0.333,0.333] | v2:G0[0.334,0.333,0.332] | v3:G2[0.333,0.333,0.334] | v4:G2[0.332,0.333,0.334]
[TopoTrace Step 0] v0:G2[0.333,0.333,0.334] | v1:G0[0.334,0.333,0.333] | v2:G0[0.334,0.333,0.332] | v3:G2[0.333,0.333,0.334] | v4:G2[0.332,0.333,0.334]
[TopoTrace Step 0] v0:G2[0.333,0.333,0.334] | v1:G0[0.334,0.333,0.333] | v2:G0[0.334,0.333,0.332] | v3:G2[0.333,0.333,0.334] | v4:G2[0.332,0.333,0.334]
[TopoTrace Step 0] v0:G2[0.333,0.333,0.334] | v1:G0[0.334,0.333,0.333] | v2:G0[0.334,0.333,0.332] | v3:G2[0.333,0.333,0.334] | v4:G2[0.332,0.333,0.334]
[TopoTrace Step 0] v0:G2[0.333,0.333,0.334] | v1:G0[0.334,0.333,0.333] | v2:G0[0.334,0.333,0.332] | v3:G2[0.333,0.333,0.334] | v4:G2[0.332,0.333,0.334]
[TopoTrace Step 0] v0:G2[0.333,0.333,0.334] | v1:G0[0.334,0.333,0.333] | v2:G0[0.334,0.333,0.332] | v3:G2[0.333,0.333,0.334] | v4:G2[0.332,0.333,0.334][TopoTrace Step 0] v0:G2[0.333,0.333,0.334] | v1:G0[0.334,0.333,0.333] | v2:G0[0.334,0.333,0.332] | v3:G2[0.333,0.333,0.334] | v4:G2[0.332,0.333,0.334]

[TopoTrace Step 0] v0:G2[0.333,0.333,0.334] | v1:G0[0.334,0.333,0.333] | v2:G0[0.334,0.333,0.332] | v3:G2[0.333,0.333,0.334] | v4:G2[0.332,0.333,0.334]
[TopoTrace Step 0] v0:G2[0.333,0.333,0.334] | v1:G0[0.334,0.333,0.333] | v2:G0[0.334,0.333,0.332] | v3:G2[0.333,0.333,0.334] | v4:G2[0.332,0.333,0.334]
[TopoTrace Step 0] v0:G2[0.333,0.333,0.334] | v1:G0[0.334,0.333,0.333] | v2:G0[0.334,0.333,0.332] | v3:G2[0.333,0.333,0.334] | v4:G2[0.332,0.333,0.334][TopoTrace Step 0] v0:G2[0.333,0.333,0.334] | v1:G0[0.334,0.333,0.333] | v2:G0[0.334,0.333,0.332] | v3:G2[0.333,0.333,0.334] | v4:G2[0.332,0.333,0.334]

[TopoTrace Step 0] v0:G2[0.333,0.333,0.334] | v1:G0[0.334,0.333,0.333] | v2:G0[0.334,0.333,0.332] | v3:G2[0.333,0.333,0.334] | v4:G2[0.332,0.333,0.334]
[TopoTrace Step 0] v0:G2[0.333,0.333,0.334] | v1:G0[0.334,0.333,0.333] | v2:G0[0.334,0.333,0.332] | v3:G2[0.333,0.333,0.334] | v4:G2[0.332,0.333,0.334]
[TopoTrace Step 0] v0:G2[0.333,0.333,0.334] | v1:G0[0.334,0.333,0.333] | v2:G0[0.334,0.333,0.332] | v3:G2[0.333,0.333,0.334] | v4:G2[0.332,0.333,0.334]
[TopoTrace Step 0] v0:G2[0.333,0.333,0.334] | v1:G0[0.334,0.333,0.333] | v2:G0[0.334,0.333,0.332] | v3:G2[0.333,0.333,0.334] | v4:G2[0.332,0.333,0.334]
[TopoTrace Step 0] v0:G2[0.333,0.333,0.334] | v1:G0[0.334,0.333,0.333] | v2:G0[0.334,0.333,0.332] | v3:G2[0.333,0.333,0.334] | v4:G2[0.332,0.333,0.334]
[TopoTrace Step 0] v0:G2[0.333,0.333,0.334] | v1:G0[0.334,0.333,0.333] | v2:G0[0.334,0.333,0.332] | v3:G2[0.333,0.333,0.334] | v4:G2[0.332,0.333,0.334]
[TopoTrace Step 0] v0:G2[0.333,0.333,0.334] | v1:G0[0.334,0.333,0.333] | v2:G0[0.334,0.333,0.332] | v3:G2[0.333,0.333,0.334] | v4:G2[0.332,0.333,0.334][TopoTrace Step 0] v0:G2[0.333,0.333,0.334] | v1:G0[0.334,0.333,0.333] | v2:G0[0.334,0.333,0.332] | v3:G2[0.333,0.333,0.334] | v4:G2[0.332,0.333,0.334]

[TopoTrace Step 0] v0:G2[0.333,0.333,0.334] | v1:G0[0.334,0.333,0.333] | v2:G0[0.334,0.333,0.332] | v3:G2[0.333,0.333,0.334] | v4:G2[0.332,0.333,0.334]
[TopoTrace Step 0] v0:G2[0.333,0.333,0.334] | v1:G0[0.334,0.333,0.333] | v2:G0[0.334,0.333,0.332] | v3:G2[0.333,0.333,0.334] | v4:G2[0.332,0.333,0.334]
[TopoTrace Step 0] v0:G2[0.333,0.333,0.334] | v1:G0[0.334,0.333,0.333] | v2:G0[0.334,0.333,0.332] | v3:G2[0.333,0.333,0.334] | v4:G2[0.332,0.333,0.334][TopoTrace Step 0] v0:G2[0.333,0.333,0.334] | v1:G0[0.334,0.333,0.333] | v2:G0[0.334,0.333,0.332] | v3:G2[0.333,0.333,0.334] | v4:G2[0.332,0.333,0.334]

[TopoTrace Step 0] v0:G2[0.333,0.333,0.334] | v1:G0[0.334,0.333,0.333] | v2:G0[0.334,0.333,0.332] | v3:G2[0.333,0.333,0.334] | v4:G2[0.332,0.333,0.334]
[TopoTrace Step 0] v0:G2[0.333,0.333,0.334] | v1:G0[0.334,0.333,0.333] | v2:G0[0.334,0.333,0.332] | v3:G2[0.333,0.333,0.334] | v4:G2[0.332,0.333,0.334]
[TopoTrace Step 0] v0:G2[0.333,0.333,0.334] | v1:G0[0.334,0.333,0.333] | v2:G0[0.334,0.333,0.332] | v3:G2[0.333,0.333,0.334] | v4:G2[0.332,0.333,0.334]
[TopoTrace Step 0] v0:G2[0.333,0.333,0.334] | v1:G0[0.334,0.333,0.333] | v2:G0[0.334,0.333,0.332] | v3:G2[0.333,0.333,0.334] | v4:G2[0.332,0.333,0.334]
[TopoTrace Step 0] v0:G2[0.333,0.333,0.334] | v1:G0[0.334,0.333,0.333] | v2:G0[0.334,0.333,0.332] | v3:G2[0.333,0.333,0.334] | v4:G2[0.332,0.333,0.334]
[TopoTrace Step 0] v0:G2[0.333,0.333,0.334] | v1:G0[0.334,0.333,0.333] | v2:G0[0.334,0.333,0.332] | v3:G2[0.333,0.333,0.334] | v4:G2[0.332,0.333,0.334]
[TopoTrace Step 0] v0:G2[0.333,0.333,0.334] | v1:G0[0.334,0.333,0.333] | v2:G0[0.334,0.333,0.332] | v3:G2[0.333,0.333,0.334] | v4:G2[0.332,0.333,0.334][TopoTrace Step 0] v0:G2[0.333,0.333,0.334] | v1:G0[0.334,0.333,0.333] | v2:G0[0.334,0.333,0.332] | v3:G2[0.333,0.333,0.334] | v4:G2[0.332,0.333,0.334]

[TopoTrace Step 0] v0:G2[0.333,0.333,0.334] | v1:G0[0.334,0.333,0.333] | v2:G0[0.334,0.333,0.332] | v3:G2[0.333,0.333,0.334] | v4:G2[0.332,0.333,0.334]
[TopoTrace Step 0] v0:G2[0.333,0.333,0.334] | v1:G0[0.334,0.333,0.333] | v2:G0[0.334,0.333,0.332] | v3:G2[0.333,0.333,0.334] | v4:G2[0.332,0.333,0.334]
[TopoTrace Step 0] v0:G2[0.333,0.333,0.334] | v1:G0[0.334,0.333,0.333] | v2:G0[0.334,0.333,0.332] | v3:G2[0.333,0.333,0.334] | v4:G2[0.332,0.333,0.334][TopoTrace Step 0] v0:G2[0.333,0.333,0.334] | v1:G0[0.334,0.333,0.333] | v2:G0[0.334,0.333,0.332] | v3:G2[0.333,0.333,0.334] | v4:G2[0.332,0.333,0.334]

[TopoTrace Step 0] v0:G2[0.333,0.333,0.334] | v1:G0[0.334,0.333,0.333] | v2:G0[0.334,0.333,0.332] | v3:G2[0.333,0.333,0.334] | v4:G2[0.332,0.333,0.334]
[TopoTrace Step 0] v0:G2[0.333,0.333,0.334] | v1:G0[0.334,0.333,0.333] | v2:G0[0.334,0.333,0.332] | v3:G2[0.333,0.333,0.334] | v4:G2[0.332,0.333,0.334]
[TopoTrace Step 0] v0:G2[0.333,0.333,0.334] | v1:G0[0.334,0.333,0.333] | v2:G0[0.334,0.333,0.332] | v3:G2[0.333,0.333,0.334] | v4:G2[0.332,0.333,0.334][TopoTrace Step 0] v0:G2[0.333,0.333,0.334] | v1:G0[0.334,0.333,0.333] | v2:G0[0.334,0.333,0.332] | v3:G2[0.333,0.333,0.334] | v4:G2[0.332,0.333,0.334]

[TopoTrace Step 0] v0:G2[0.333,0.333,0.334] | v1:G0[0.334,0.333,0.333] | v2:G0[0.334,0.333,0.332] | v3:G2[0.333,0.333,0.334] | v4:G2[0.332,0.333,0.334]
[TopoTrace Step 0] v0:G2[0.333,0.333,0.334] | v1:G0[0.334,0.333,0.333] | v2:G0[0.334,0.333,0.332] | v3:G2[0.333,0.333,0.334] | v4:G2[0.332,0.333,0.334]
[TopoTrace Step 0] v0:G2[0.333,0.333,0.334] | v1:G0[0.334,0.333,0.333] | v2:G0[0.334,0.333,0.332] | v3:G2[0.333,0.333,0.334] | v4:G2[0.332,0.333,0.334][TopoTrace Step 0] v0:G2[0.333,0.333,0.334] | v1:G0[0.334,0.333,0.333] | v2:G0[0.334,0.333,0.332] | v3:G2[0.333,0.333,0.334] | v4:G2[0.332,0.333,0.334]

[TopoTrace Step 0] v0:G2[0.333,0.333,0.334] | v1:G0[0.334,0.333,0.333] | v2:G0[0.334,0.333,0.332] | v3:G2[0.333,0.333,0.334] | v4:G2[0.332,0.333,0.334]
[TopoTrace Step 0] v0:G2[0.333,0.333,0.334] | v1:G0[0.334,0.333,0.333] | v2:G0[0.334,0.333,0.332] | v3:G2[0.333,0.333,0.334] | v4:G2[0.332,0.333,0.334]
[TopoTrace Step 0] v0:G2[0.333,0.333,0.334] | v1:G0[0.334,0.333,0.333] | v2:G0[0.334,0.333,0.332] | v3:G2[0.333,0.333,0.334] | v4:G2[0.332,0.333,0.334][TopoTrace Step 0] v0:G2[0.333,0.333,0.334] | v1:G0[0.334,0.333,0.333] | v2:G0[0.334,0.333,0.332] | v3:G2[0.333,0.333,0.334] | v4:G2[0.332,0.333,0.334]

[TopoTrace Step 0] v0:G2[0.333,0.333,0.334] | v1:G0[0.334,0.333,0.333] | v2:G0[0.334,0.333,0.332] | v3:G2[0.333,0.333,0.334] | v4:G2[0.332,0.333,0.334]
[TopoTrace Step 0] v0:G2[0.333,0.333,0.334] | v1:G0[0.334,0.333,0.333] | v2:G0[0.334,0.333,0.332] | v3:G2[0.333,0.333,0.334] | v4:G2[0.332,0.333,0.334]
[TopoTrace Step 0] v0:G2[0.333,0.333,0.334] | v1:G0[0.334,0.333,0.333] | v2:G0[0.334,0.333,0.332] | v3:G2[0.333,0.333,0.334] | v4:G2[0.332,0.333,0.334][TopoTrace Step 0] v0:G2[0.333,0.333,0.334] | v1:G0[0.334,0.333,0.333] | v2:G0[0.334,0.333,0.332] | v3:G2[0.333,0.333,0.334] | v4:G2[0.332,0.333,0.334]

[TopoTrace Step 0] v0:G2[0.333,0.333,0.334] | v1:G0[0.334,0.333,0.333] | v2:G0[0.334,0.333,0.332] | v3:G2[0.333,0.333,0.334] | v4:G2[0.332,0.333,0.334]
[TopoTrace Step 0] v0:G2[0.333,0.333,0.334] | v1:G0[0.334,0.333,0.333] | v2:G0[0.334,0.333,0.332] | v3:G2[0.333,0.333,0.334] | v4:G2[0.332,0.333,0.334]
[TopoTrace Step 0] v0:G2[0.333,0.333,0.334] | v1:G0[0.334,0.333,0.333] | v2:G0[0.334,0.333,0.332] | v3:G2[0.333,0.333,0.334] | v4:G2[0.332,0.333,0.334][TopoTrace Step 0] v0:G2[0.333,0.333,0.334] | v1:G0[0.334,0.333,0.333] | v2:G0[0.334,0.333,0.332] | v3:G2[0.333,0.333,0.334] | v4:G2[0.332,0.333,0.334]

[TopoTrace Step 0] v0:G2[0.333,0.333,0.334] | v1:G0[0.334,0.333,0.333] | v2:G0[0.334,0.333,0.332] | v3:G2[0.333,0.333,0.334] | v4:G2[0.332,0.333,0.334]
[TopoTrace Step 0] v0:G2[0.333,0.333,0.334] | v1:G0[0.334,0.333,0.333] | v2:G0[0.334,0.333,0.332] | v3:G2[0.333,0.333,0.334] | v4:G2[0.332,0.333,0.334]
[TopoTrace Step 0] v0:G2[0.333,0.333,0.334] | v1:G0[0.334,0.333,0.333] | v2:G0[0.334,0.333,0.332] | v3:G2[0.333,0.333,0.334] | v4:G2[0.332,0.333,0.334][TopoTrace Step 0] v0:G2[0.333,0.333,0.334] | v1:G0[0.334,0.333,0.333] | v2:G0[0.334,0.333,0.332] | v3:G2[0.333,0.333,0.334] | v4:G2[0.332,0.333,0.334]

[TopoTrace Step 0] v0:G2[0.333,0.333,0.334] | v1:G0[0.334,0.333,0.333] | v2:G0[0.334,0.333,0.332] | v3:G2[0.333,0.333,0.334] | v4:G2[0.332,0.333,0.334]
[TopoTrace Step 0] v0:G2[0.333,0.333,0.334] | v1:G0[0.334,0.333,0.333] | v2:G0[0.334,0.333,0.332] | v3:G2[0.333,0.333,0.334] | v4:G2[0.332,0.333,0.334]
[TopoTrace Step 0] v0:G2[0.333,0.333,0.334] | v1:G0[0.334,0.333,0.333] | v2:G0[0.334,0.333,0.332] | v3:G2[0.333,0.333,0.334] | v4:G2[0.332,0.333,0.334][TopoTrace Step 0] v0:G2[0.333,0.333,0.334] | v1:G0[0.334,0.333,0.333] | v2:G0[0.334,0.333,0.332] | v3:G2[0.333,0.333,0.334] | v4:G2[0.332,0.333,0.334]

[TopoTrace Step 0] v0:G2[0.333,0.333,0.334] | v1:G0[0.334,0.333,0.333] | v2:G0[0.334,0.333,0.332] | v3:G2[0.333,0.333,0.334] | v4:G2[0.332,0.333,0.334]
[TopoTrace Step 0] v0:G2[0.333,0.333,0.334] | v1:G0[0.334,0.333,0.333] | v2:G0[0.334,0.333,0.332] | v3:G2[0.333,0.333,0.334] | v4:G2[0.332,0.333,0.334]
[TopoTrace Step 0] v0:G2[0.333,0.333,0.334] | v1:G0[0.334,0.333,0.333] | v2:G0[0.334,0.333,0.332] | v3:G2[0.333,0.333,0.334] | v4:G2[0.332,0.333,0.334]
[TopoTrace Step 0] v0:G2[0.333,0.333,0.334] | v1:G0[0.334,0.333,0.333] | v2:G0[0.334,0.333,0.332] | v3:G2[0.333,0.333,0.334] | v4:G2[0.332,0.333,0.334]
[TopoTrace Step 0] v0:G2[0.333,0.333,0.334] | v1:G0[0.334,0.333,0.333] | v2:G0[0.334,0.333,0.332] | v3:G2[0.333,0.333,0.334] | v4:G2[0.332,0.333,0.334]
[TopoTrace Step 0] v0:G2[0.333,0.333,0.334] | v1:G0[0.334,0.333,0.333] | v2:G0[0.334,0.333,0.332] | v3:G2[0.333,0.333,0.334] | v4:G2[0.332,0.333,0.334]
[TopoTrace Step 0] v0:G2[0.333,0.333,0.334] | v1:G0[0.334,0.333,0.333] | v2:G0[0.334,0.333,0.332] | v3:G2[0.333,0.333,0.334] | v4:G2[0.332,0.333,0.334]
[TopoTrace Step 0] v0:G2[0.333,0.333,0.334] | v1:G0[0.334,0.333,0.333] | v2:G0[0.334,0.333,0.332] | v3:G2[0.333,0.333,0.334] | v4:G2[0.332,0.333,0.334]
[TopoTrace Step 0] v0:G2[0.333,0.333,0.334] | v1:G0[0.334,0.333,0.333] | v2:G0[0.334,0.333,0.332] | v3:G2[0.333,0.333,0.334] | v4:G2[0.332,0.333,0.334]
[TopoTrace Step 0] v0:G2[0.333,0.333,0.334] | v1:G0[0.334,0.333,0.333] | v2:G0[0.334,0.333,0.332] | v3:G2[0.333,0.333,0.334] | v4:G2[0.332,0.333,0.334]
[TopoTrace Step 0] v0:G2[0.333,0.333,0.334] | v1:G0[0.334,0.333,0.333] | v2:G0[0.334,0.333,0.332] | v3:G2[0.333,0.333,0.334] | v4:G2[0.332,0.333,0.334][TopoTrace Step 0] v0:G2[0.333,0.333,0.334] | v1:G0[0.334,0.333,0.333] | v2:G0[0.334,0.333,0.332] | v3:G2[0.333,0.333,0.334] | v4:G2[0.332,0.333,0.334]

[TopoTrace Step 0] v0:G2[0.333,0.333,0.334] | v1:G0[0.334,0.333,0.333] | v2:G0[0.334,0.333,0.332] | v3:G2[0.333,0.333,0.334] | v4:G2[0.332,0.333,0.334]
[TopoTrace Step 0] v0:G2[0.333,0.333,0.334] | v1:G0[0.334,0.333,0.333] | v2:G0[0.334,0.333,0.332] | v3:G2[0.333,0.333,0.334] | v4:G2[0.332,0.333,0.334]
[TopoTrace Step 0] v0:G2[0.333,0.333,0.334] | v1:G0[0.334,0.333,0.333] | v2:G0[0.334,0.333,0.332] | v3:G2[0.333,0.333,0.334] | v4:G2[0.332,0.333,0.334][TopoTrace Step 0] v0:G2[0.333,0.333,0.334] | v1:G0[0.334,0.333,0.333] | v2:G0[0.334,0.333,0.332] | v3:G2[0.333,0.333,0.334] | v4:G2[0.332,0.333,0.334]

[TopoTrace Step 0] v0:G2[0.333,0.333,0.334] | v1:G0[0.334,0.333,0.333] | v2:G0[0.334,0.333,0.332] | v3:G2[0.333,0.333,0.334] | v4:G2[0.332,0.333,0.334]
[TopoTrace Step 0] v0:G2[0.333,0.333,0.334] | v1:G0[0.334,0.333,0.333] | v2:G0[0.334,0.333,0.332] | v3:G2[0.333,0.333,0.334] | v4:G2[0.332,0.333,0.334]
[TopoTrace Step 0] v0:G2[0.333,0.333,0.334] | v1:G0[0.334,0.333,0.333] | v2:G0[0.334,0.333,0.332] | v3:G2[0.333,0.333,0.334] | v4:G2[0.332,0.333,0.334]
[TopoTrace Step 0] v0:G2[0.333,0.333,0.334] | v1:G0[0.334,0.333,0.333] | v2:G0[0.334,0.333,0.332] | v3:G2[0.333,0.333,0.334] | v4:G2[0.332,0.333,0.334]
[TopoTrace Step 0] v0:G2[0.333,0.333,0.334] | v1:G0[0.334,0.333,0.333] | v2:G0[0.334,0.333,0.332] | v3:G2[0.333,0.333,0.334] | v4:G2[0.332,0.333,0.334]
[TopoTrace Step 0] v0:G2[0.333,0.333,0.334] | v1:G0[0.334,0.333,0.333] | v2:G0[0.334,0.333,0.332] | v3:G2[0.333,0.333,0.334] | v4:G2[0.332,0.333,0.334]
[TopoTrace Step 0] v0:G2[0.333,0.333,0.334] | v1:G0[0.334,0.333,0.333] | v2:G0[0.334,0.333,0.332] | v3:G2[0.333,0.333,0.334] | v4:G2[0.332,0.333,0.334][TopoTrace Step 0] v0:G2[0.333,0.333,0.334] | v1:G0[0.334,0.333,0.333] | v2:G0[0.334,0.333,0.332] | v3:G2[0.333,0.333,0.334] | v4:G2[0.332,0.333,0.334]

[TopoTrace Step 0] v0:G2[0.333,0.333,0.334] | v1:G0[0.334,0.333,0.333] | v2:G0[0.334,0.333,0.332] | v3:G2[0.333,0.333,0.334] | v4:G2[0.332,0.333,0.334]
[TopoTrace Step 0] v0:G2[0.333,0.333,0.334] | v1:G0[0.334,0.333,0.333] | v2:G0[0.334,0.333,0.332] | v3:G2[0.333,0.333,0.334] | v4:G2[0.332,0.333,0.334]
[TopoTrace Step 0] v0:G2[0.333,0.333,0.334] | v1:G0[0.334,0.333,0.333] | v2:G0[0.334,0.333,0.332] | v3:G2[0.333,0.333,0.334] | v4:G2[0.332,0.333,0.334][TopoTrace Step 0] v0:G2[0.333,0.333,0.334] | v1:G0[0.334,0.333,0.333] | v2:G0[0.334,0.333,0.332] | v3:G2[0.333,0.333,0.334] | v4:G2[0.332,0.333,0.334]

[TopoTrace Step 0] v0:G2[0.333,0.333,0.334] | v1:G0[0.334,0.333,0.333] | v2:G0[0.334,0.333,0.332] | v3:G2[0.333,0.333,0.334] | v4:G2[0.332,0.333,0.334]
[TopoTrace Step 0] v0:G2[0.333,0.333,0.334] | v1:G0[0.334,0.333,0.333] | v2:G0[0.334,0.333,0.332] | v3:G2[0.333,0.333,0.334] | v4:G2[0.332,0.333,0.334]
[TopoTrace Step 0] v0:G2[0.333,0.333,0.334] | v1:G0[0.334,0.333,0.333] | v2:G0[0.334,0.333,0.332] | v3:G2[0.333,0.333,0.334] | v4:G2[0.332,0.333,0.334]
[TopoTrace Step 0] v0:G2[0.333,0.333,0.334] | v1:G0[0.334,0.333,0.333] | v2:G0[0.334,0.333,0.332] | v3:G2[0.333,0.333,0.334] | v4:G2[0.332,0.333,0.334]
[TopoTrace Step 0] v0:G2[0.333,0.333,0.334] | v1:G0[0.334,0.333,0.333] | v2:G0[0.334,0.333,0.332] | v3:G2[0.333,0.333,0.334] | v4:G2[0.332,0.333,0.334]
[TopoTrace Step 0] v0:G2[0.333,0.333,0.334] | v1:G0[0.334,0.333,0.333] | v2:G0[0.334,0.333,0.332] | v3:G2[0.333,0.333,0.334] | v4:G2[0.332,0.333,0.334]
[TopoTrace Step 0] v0:G2[0.333,0.333,0.334] | v1:G0[0.334,0.333,0.333] | v2:G0[0.334,0.333,0.332] | v3:G2[0.333,0.333,0.334] | v4:G2[0.332,0.333,0.334]
[TopoTrace Step 0] v0:G2[0.333,0.333,0.334] | v1:G0[0.334,0.333,0.333] | v2:G0[0.334,0.333,0.332] | v3:G2[0.333,0.333,0.334] | v4:G2[0.332,0.333,0.334]
[TopoTrace Step 0] v0:G2[0.333,0.333,0.334] | v1:G0[0.334,0.333,0.333] | v2:G0[0.334,0.333,0.332] | v3:G2[0.333,0.333,0.334] | v4:G2[0.332,0.333,0.334]
[TopoTrace Step 0] v0:G2[0.333,0.333,0.334] | v1:G0[0.334,0.333,0.333] | v2:G0[0.334,0.333,0.332] | v3:G2[0.333,0.333,0.334] | v4:G2[0.332,0.333,0.334]
[TopoTrace Step 0] v0:G2[0.333,0.333,0.334] | v1:G0[0.334,0.333,0.333] | v2:G0[0.334,0.333,0.332] | v3:G2[0.333,0.333,0.334] | v4:G2[0.332,0.333,0.334]
[TopoTrace Step 0] v0:G2[0.333,0.333,0.334] | v1:G0[0.334,0.333,0.333] | v2:G0[0.334,0.333,0.332] | v3:G2[0.333,0.333,0.334] | v4:G2[0.332,0.333,0.334]
[TopoTrace Step 0] v0:G2[0.333,0.333,0.334] | v1:G0[0.334,0.333,0.333] | v2:G0[0.334,0.333,0.332] | v3:G2[0.333,0.333,0.334] | v4:G2[0.332,0.333,0.334]
[TopoTrace Step 0] v0:G2[0.333,0.333,0.334] | v1:G0[0.334,0.333,0.333] | v2:G0[0.334,0.333,0.332] | v3:G2[0.333,0.333,0.334] | v4:G2[0.332,0.333,0.334]
[TopoTrace Step 0] v0:G2[0.333,0.333,0.334] | v1:G0[0.334,0.333,0.333] | v2:G0[0.334,0.333,0.332] | v3:G2[0.333,0.333,0.334] | v4:G2[0.332,0.333,0.334][TopoTrace Step 0] v0:G2[0.333,0.333,0.334] | v1:G0[0.334,0.333,0.333] | v2:G0[0.334,0.333,0.332] | v3:G2[0.333,0.333,0.334] | v4:G2[0.332,0.333,0.334]

[TopoTrace Step 0] v0:G2[0.333,0.333,0.334] | v1:G0[0.334,0.333,0.333] | v2:G0[0.334,0.333,0.332] | v3:G2[0.333,0.333,0.334] | v4:G2[0.332,0.333,0.334]
[TopoTrace Step 0] v0:G2[0.333,0.333,0.334] | v1:G0[0.334,0.333,0.333] | v2:G0[0.334,0.333,0.332] | v3:G2[0.333,0.333,0.334] | v4:G2[0.332,0.333,0.334]
[TopoTrace Step 0] v0:G2[0.333,0.333,0.334] | v1:G0[0.334,0.333,0.333] | v2:G0[0.334,0.333,0.332] | v3:G2[0.333,0.333,0.334] | v4:G2[0.332,0.333,0.334]
[TopoTrace Step 0] v0:G2[0.333,0.333,0.334] | v1:G0[0.334,0.333,0.333] | v2:G0[0.334,0.333,0.332] | v3:G2[0.333,0.333,0.334] | v4:G2[0.332,0.333,0.334]
[TopoTrace Step 0] v0:G2[0.333,0.333,0.334] | v1:G0[0.334,0.333,0.333] | v2:G0[0.334,0.333,0.332] | v3:G2[0.333,0.333,0.334] | v4:G2[0.332,0.333,0.334]
[TopoTrace Step 0] v0:G2[0.333,0.333,0.334] | v1:G0[0.334,0.333,0.333] | v2:G0[0.334,0.333,0.332] | v3:G2[0.333,0.333,0.334] | v4:G2[0.332,0.333,0.334]
[TopoTrace Step 0] v0:G2[0.333,0.333,0.334] | v1:G0[0.334,0.333,0.333] | v2:G0[0.334,0.333,0.332] | v3:G2[0.333,0.333,0.334] | v4:G2[0.332,0.333,0.334][TopoTrace Step 0] v0:G2[0.333,0.333,0.334] | v1:G0[0.334,0.333,0.333] | v2:G0[0.334,0.333,0.332] | v3:G2[0.333,0.333,0.334] | v4:G2[0.332,0.333,0.334]

[TopoTrace Step 0] v0:G2[0.333,0.333,0.334] | v1:G0[0.334,0.333,0.333] | v2:G0[0.334,0.333,0.332] | v3:G2[0.333,0.333,0.334] | v4:G2[0.332,0.333,0.334]
[TopoTrace Step 0] v0:G2[0.333,0.333,0.334] | v1:G0[0.334,0.333,0.333] | v2:G0[0.334,0.333,0.332] | v3:G2[0.333,0.333,0.334] | v4:G2[0.332,0.333,0.334]
[TopoTrace Step 0] v0:G2[0.333,0.333,0.334] | v1:G0[0.334,0.333,0.333] | v2:G0[0.334,0.333,0.332] | v3:G2[0.333,0.333,0.334] | v4:G2[0.332,0.333,0.334]
[TopoTrace Step 0] v0:G2[0.333,0.333,0.334] | v1:G0[0.334,0.333,0.333] | v2:G0[0.334,0.333,0.332] | v3:G2[0.333,0.333,0.334] | v4:G2[0.332,0.333,0.334]
[TopoTrace Step 0] v0:G2[0.333,0.333,0.334] | v1:G0[0.334,0.333,0.333] | v2:G0[0.334,0.333,0.332] | v3:G2[0.333,0.333,0.334] | v4:G2[0.332,0.333,0.334]
[TopoTrace Step 0] v0:G2[0.333,0.333,0.334] | v1:G0[0.334,0.333,0.333] | v2:G0[0.334,0.333,0.332] | v3:G2[0.333,0.333,0.334] | v4:G2[0.332,0.333,0.334]
[TopoTrace Step 0] v0:G2[0.333,0.333,0.334] | v1:G0[0.334,0.333,0.333] | v2:G0[0.334,0.333,0.332] | v3:G2[0.333,0.333,0.334] | v4:G2[0.332,0.333,0.334]
[TopoTrace Step 0] v0:G2[0.333,0.333,0.334] | v1:G0[0.334,0.333,0.333] | v2:G0[0.334,0.333,0.332] | v3:G2[0.333,0.333,0.334] | v4:G2[0.332,0.333,0.334]
[TopoTrace Step 0] v0:G2[0.333,0.333,0.334] | v1:G0[0.334,0.333,0.333] | v2:G0[0.334,0.333,0.332] | v3:G2[0.333,0.333,0.334] | v4:G2[0.332,0.333,0.334]
[TopoTrace Step 0] v0:G2[0.333,0.333,0.334] | v1:G0[0.334,0.333,0.333] | v2:G0[0.334,0.333,0.332] | v3:G2[0.333,0.333,0.334] | v4:G2[0.332,0.333,0.334]
[TopoTrace Step 0] v0:G2[0.333,0.333,0.334] | v1:G0[0.334,0.333,0.333] | v2:G0[0.334,0.333,0.332] | v3:G2[0.333,0.333,0.334] | v4:G2[0.332,0.333,0.334][TopoTrace Step 0] v0:G2[0.333,0.333,0.334] | v1:G0[0.334,0.333,0.333] | v2:G0[0.334,0.333,0.332] | v3:G2[0.333,0.333,0.334] | v4:G2[0.332,0.333,0.334]

[TopoTrace Step 0] v0:G2[0.333,0.333,0.334] | v1:G0[0.334,0.333,0.333] | v2:G0[0.334,0.333,0.332] | v3:G2[0.333,0.333,0.334] | v4:G2[0.332,0.333,0.334]
[TopoTrace Step 0] v0:G2[0.333,0.333,0.334] | v1:G0[0.334,0.333,0.333] | v2:G0[0.334,0.333,0.332] | v3:G2[0.333,0.333,0.334] | v4:G2[0.332,0.333,0.334]
[TopoTrace Step 0] v0:G2[0.333,0.333,0.334] | v1:G0[0.334,0.333,0.333] | v2:G0[0.334,0.333,0.332] | v3:G2[0.333,0.333,0.334] | v4:G2[0.332,0.333,0.334][TopoTrace Step 0] v0:G2[0.333,0.333,0.334] | v1:G0[0.334,0.333,0.333] | v2:G0[0.334,0.333,0.332] | v3:G2[0.333,0.333,0.334] | v4:G2[0.332,0.333,0.334]

[TopoTrace Step 0] v0:G2[0.333,0.333,0.334] | v1:G0[0.334,0.333,0.333] | v2:G0[0.334,0.333,0.332] | v3:G2[0.333,0.333,0.334] | v4:G2[0.332,0.333,0.334]
[TopoTrace Step 0] v0:G2[0.333,0.333,0.334] | v1:G0[0.334,0.333,0.333] | v2:G0[0.334,0.333,0.332] | v3:G2[0.333,0.333,0.334] | v4:G2[0.332,0.333,0.334]
[TopoTrace Step 0] v0:G2[0.333,0.333,0.334] | v1:G0[0.334,0.333,0.333] | v2:G0[0.334,0.333,0.332] | v3:G2[0.333,0.333,0.334] | v4:G2[0.332,0.333,0.334]
[TopoTrace Step 0] v0:G2[0.333,0.333,0.334] | v1:G0[0.334,0.333,0.333] | v2:G0[0.334,0.333,0.332] | v3:G2[0.333,0.333,0.334] | v4:G2[0.332,0.333,0.334]
[TopoTrace Step 0] v0:G2[0.333,0.333,0.334] | v1:G0[0.334,0.333,0.333] | v2:G0[0.334,0.333,0.332] | v3:G2[0.333,0.333,0.334] | v4:G2[0.332,0.333,0.334]
[TopoTrace Step 0] v0:G2[0.333,0.333,0.334] | v1:G0[0.334,0.333,0.333] | v2:G0[0.334,0.333,0.332] | v3:G2[0.333,0.333,0.334] | v4:G2[0.332,0.333,0.334]
[TopoTrace Step 0] v0:G2[0.333,0.333,0.334] | v1:G0[0.334,0.333,0.333] | v2:G0[0.334,0.333,0.332] | v3:G2[0.333,0.333,0.334] | v4:G2[0.332,0.333,0.334][TopoTrace Step 0] v0:G2[0.333,0.333,0.334] | v1:G0[0.334,0.333,0.333] | v2:G0[0.334,0.333,0.332] | v3:G2[0.333,0.333,0.334] | v4:G2[0.332,0.333,0.334]

[TopoTrace Step 0] v0:G2[0.333,0.333,0.334] | v1:G0[0.334,0.333,0.333] | v2:G0[0.334,0.333,0.332] | v3:G2[0.333,0.333,0.334] | v4:G2[0.332,0.333,0.334]
[TopoTrace Step 0] v0:G2[0.333,0.333,0.334] | v1:G0[0.334,0.333,0.333] | v2:G0[0.334,0.333,0.332] | v3:G2[0.333,0.333,0.334] | v4:G2[0.332,0.333,0.334]
[TopoTrace Step 0] v0:G2[0.333,0.333,0.334] | v1:G0[0.334,0.333,0.333] | v2:G0[0.334,0.333,0.332] | v3:G2[0.333,0.333,0.334] | v4:G2[0.332,0.333,0.334]
[TopoTrace Step 0] v0:G2[0.333,0.333,0.334] | v1:G0[0.334,0.333,0.333] | v2:G0[0.334,0.333,0.332] | v3:G2[0.333,0.333,0.334] | v4:G2[0.332,0.333,0.334]
[TopoTrace Step 0] v0:G2[0.333,0.333,0.334] | v1:G0[0.334,0.333,0.333] | v2:G0[0.334,0.333,0.332] | v3:G2[0.333,0.333,0.334] | v4:G2[0.332,0.333,0.334]
[TopoTrace Step 0] v0:G2[0.333,0.333,0.334] | v1:G0[0.334,0.333,0.333] | v2:G0[0.334,0.333,0.332] | v3:G2[0.333,0.333,0.334] | v4:G2[0.332,0.333,0.334]
[TopoTrace Step 0] v0:G2[0.333,0.333,0.334] | v1:G0[0.334,0.333,0.333] | v2:G0[0.334,0.333,0.332] | v3:G2[0.333,0.333,0.334] | v4:G2[0.332,0.333,0.334][TopoTrace Step 0] v0:G2[0.333,0.333,0.334] | v1:G0[0.334,0.333,0.333] | v2:G0[0.334,0.333,0.332] | v3:G2[0.333,0.333,0.334] | v4:G2[0.332,0.333,0.334]

[TopoTrace Step 0] v0:G2[0.333,0.333,0.334] | v1:G0[0.334,0.333,0.333] | v2:G0[0.334,0.333,0.332] | v3:G2[0.333,0.333,0.334] | v4:G2[0.332,0.333,0.334]
[TopoTrace Step 0] v0:G2[0.333,0.333,0.334] | v1:G0[0.334,0.333,0.333] | v2:G0[0.334,0.333,0.332] | v3:G2[0.333,0.333,0.334] | v4:G2[0.332,0.333,0.334]
[TopoTrace Step 0] v0:G2[0.333,0.333,0.334] | v1:G0[0.334,0.333,0.333] | v2:G0[0.334,0.333,0.332] | v3:G2[0.333,0.333,0.334] | v4:G2[0.332,0.333,0.334]
[TopoTrace Step 0] v0:G2[0.333,0.333,0.334] | v1:G0[0.334,0.333,0.333] | v2:G0[0.334,0.333,0.332] | v3:G2[0.333,0.333,0.334] | v4:G2[0.332,0.333,0.334]
[TopoTrace Step 0] v0:G2[0.333,0.333,0.334] | v1:G0[0.334,0.333,0.333] | v2:G0[0.334,0.333,0.332] | v3:G2[0.333,0.333,0.334] | v4:G2[0.332,0.333,0.334]
[TopoTrace Step 0] v0:G2[0.333,0.333,0.334] | v1:G0[0.334,0.333,0.333] | v2:G0[0.334,0.333,0.332] | v3:G2[0.333,0.333,0.334] | v4:G2[0.332,0.333,0.334]
[TopoTrace Step 0] v0:G2[0.333,0.333,0.334] | v1:G0[0.334,0.333,0.333] | v2:G0[0.334,0.333,0.332] | v3:G2[0.333,0.333,0.334] | v4:G2[0.332,0.333,0.334][TopoTrace Step 0] v0:G2[0.333,0.333,0.334] | v1:G0[0.334,0.333,0.333] | v2:G0[0.334,0.333,0.332] | v3:G2[0.333,0.333,0.334] | v4:G2[0.332,0.333,0.334]

[TopoTrace Step 0] v0:G2[0.333,0.333,0.334] | v1:G0[0.334,0.333,0.333] | v2:G0[0.334,0.333,0.332] | v3:G2[0.333,0.333,0.334] | v4:G2[0.332,0.333,0.334]
[TopoTrace Step 0] v0:G2[0.333,0.333,0.334] | v1:G0[0.334,0.333,0.333] | v2:G0[0.334,0.333,0.332] | v3:G2[0.333,0.333,0.334] | v4:G2[0.332,0.333,0.334]
[TopoTrace Step 0] v0:G2[0.333,0.333,0.334] | v1:G0[0.334,0.333,0.333] | v2:G0[0.334,0.333,0.332] | v3:G2[0.333,0.333,0.334] | v4:G2[0.332,0.333,0.334][TopoTrace Step 0] v0:G2[0.333,0.333,0.334] | v1:G0[0.334,0.333,0.333] | v2:G0[0.334,0.333,0.332] | v3:G2[0.333,0.333,0.334] | v4:G2[0.332,0.333,0.334]

[TopoTrace Step 0] v0:G2[0.333,0.333,0.334] | v1:G0[0.334,0.333,0.333] | v2:G0[0.334,0.333,0.332] | v3:G2[0.333,0.333,0.334] | v4:G2[0.332,0.333,0.334]
[TopoTrace Step 0] v0:G2[0.333,0.333,0.334] | v1:G0[0.334,0.333,0.333] | v2:G0[0.334,0.333,0.332] | v3:G2[0.333,0.333,0.334] | v4:G2[0.332,0.333,0.334]
[TopoTrace Step 0] v0:G2[0.333,0.333,0.334] | v1:G0[0.334,0.333,0.333] | v2:G0[0.334,0.333,0.332] | v3:G2[0.333,0.333,0.334] | v4:G2[0.332,0.333,0.334][TopoTrace Step 0] v0:G2[0.333,0.333,0.334] | v1:G0[0.334,0.333,0.333] | v2:G0[0.334,0.333,0.332] | v3:G2[0.333,0.333,0.334] | v4:G2[0.332,0.333,0.334]

[TopoTrace Step 0] v0:G2[0.333,0.333,0.334] | v1:G0[0.334,0.333,0.333] | v2:G0[0.334,0.333,0.332] | v3:G2[0.333,0.333,0.334] | v4:G2[0.332,0.333,0.334]
[TopoTrace Step 0] v0:G2[0.333,0.333,0.334] | v1:G0[0.334,0.333,0.333] | v2:G0[0.334,0.333,0.332] | v3:G2[0.333,0.333,0.334] | v4:G2[0.332,0.333,0.334]
[TopoTrace Step 0] v0:G2[0.333,0.333,0.334] | v1:G0[0.334,0.333,0.333] | v2:G0[0.334,0.333,0.332] | v3:G2[0.333,0.333,0.334] | v4:G2[0.332,0.333,0.334][TopoTrace Step 0] v0:G2[0.333,0.333,0.334] | v1:G0[0.334,0.333,0.333] | v2:G0[0.334,0.333,0.332] | v3:G2[0.333,0.333,0.334] | v4:G2[0.332,0.333,0.334]

[TopoTrace Step 0] v0:G2[0.333,0.333,0.334] | v1:G0[0.334,0.333,0.333] | v2:G0[0.334,0.333,0.332] | v3:G2[0.333,0.333,0.334] | v4:G2[0.332,0.333,0.334]
[TopoTrace Step 0] v0:G2[0.333,0.333,0.334] | v1:G0[0.334,0.333,0.333] | v2:G0[0.334,0.333,0.332] | v3:G2[0.333,0.333,0.334] | v4:G2[0.332,0.333,0.334]
[TopoTrace Step 0] v0:G2[0.333,0.333,0.334] | v1:G0[0.334,0.333,0.333] | v2:G0[0.334,0.333,0.332] | v3:G2[0.333,0.333,0.334] | v4:G2[0.332,0.333,0.334]
[TopoTrace Step 0] v0:G2[0.333,0.333,0.334] | v1:G0[0.334,0.333,0.333] | v2:G0[0.334,0.333,0.332] | v3:G2[0.333,0.333,0.334] | v4:G2[0.332,0.333,0.334]
[TopoTrace Step 0] v0:G2[0.333,0.333,0.334] | v1:G0[0.334,0.333,0.333] | v2:G0[0.334,0.333,0.332] | v3:G2[0.333,0.333,0.334] | v4:G2[0.332,0.333,0.334]
[TopoTrace Step 0] v0:G2[0.333,0.333,0.334] | v1:G0[0.334,0.333,0.333] | v2:G0[0.334,0.333,0.332] | v3:G2[0.333,0.333,0.334] | v4:G2[0.332,0.333,0.334]
[TopoTrace Step 0] v0:G2[0.333,0.333,0.334] | v1:G0[0.334,0.333,0.333] | v2:G0[0.334,0.333,0.332] | v3:G2[0.333,0.333,0.334] | v4:G2[0.332,0.333,0.334][TopoTrace Step 0] v0:G2[0.333,0.333,0.334] | v1:G0[0.334,0.333,0.333] | v2:G0[0.334,0.333,0.332] | v3:G2[0.333,0.333,0.334] | v4:G2[0.332,0.333,0.334]

[TopoTrace Step 0] v0:G2[0.333,0.333,0.334] | v1:G0[0.334,0.333,0.333] | v2:G0[0.334,0.333,0.332] | v3:G2[0.333,0.333,0.334] | v4:G2[0.332,0.333,0.334]
[TopoTrace Step 0] v0:G2[0.333,0.333,0.334] | v1:G0[0.334,0.333,0.333] | v2:G0[0.334,0.333,0.332] | v3:G2[0.333,0.333,0.334] | v4:G2[0.332,0.333,0.334]
[TopoTrace Step 0] v0:G2[0.333,0.333,0.334] | v1:G0[0.334,0.333,0.333] | v2:G0[0.334,0.333,0.332] | v3:G2[0.333,0.333,0.334] | v4:G2[0.332,0.333,0.334]
[TopoTrace Step 0] v0:G2[0.333,0.333,0.334] | v1:G0[0.334,0.333,0.333] | v2:G0[0.334,0.333,0.332] | v3:G2[0.333,0.333,0.334] | v4:G2[0.332,0.333,0.334]
[TopoTrace Step 0] v0:G2[0.333,0.333,0.334] | v1:G0[0.334,0.333,0.333] | v2:G0[0.334,0.333,0.332] | v3:G2[0.333,0.333,0.334] | v4:G2[0.332,0.333,0.334]
[TopoTrace Step 0] v0:G2[0.333,0.333,0.334] | v1:G0[0.334,0.333,0.333] | v2:G0[0.334,0.333,0.332] | v3:G2[0.333,0.333,0.334] | v4:G2[0.332,0.333,0.334]
[TopoTrace Step 0] v0:G2[0.333,0.333,0.334] | v1:G0[0.334,0.333,0.333] | v2:G0[0.334,0.333,0.332] | v3:G2[0.333,0.333,0.334] | v4:G2[0.332,0.333,0.334]
[TopoTrace Step 0] v0:G2[0.333,0.333,0.334] | v1:G0[0.334,0.333,0.333] | v2:G0[0.334,0.333,0.332] | v3:G2[0.333,0.333,0.334] | v4:G2[0.332,0.333,0.334]
Epoch: 5 cost time: 16.82868456840515
Epoch: 5, Steps: 147 | Train Loss: 0.3636009 Vali Loss: 0.4024946 Test Loss: 4.0786958
EarlyStopping counter: 1 out of 3
Updating learning rate to 6.25e-06
[TopoTrace Step 0] v0:G2[0.333,0.333,0.334] | v1:G0[0.334,0.333,0.333] | v2:G0[0.334,0.333,0.332] | v3:G2[0.333,0.333,0.334] | v4:G2[0.332,0.333,0.334]
[TopoTrace Step 0] v0:G2[0.333,0.333,0.334] | v1:G0[0.334,0.333,0.333] | v2:G0[0.334,0.333,0.332] | v3:G2[0.333,0.333,0.334] | v4:G2[0.332,0.333,0.334]
[TopoTrace Step 0] v0:G2[0.333,0.333,0.334] | v1:G0[0.334,0.333,0.333] | v2:G0[0.334,0.333,0.332] | v3:G2[0.333,0.333,0.334] | v4:G2[0.332,0.333,0.334][TopoTrace Step 0] v0:G2[0.333,0.333,0.334] | v1:G0[0.334,0.333,0.333] | v2:G0[0.334,0.333,0.332] | v3:G2[0.333,0.333,0.334] | v4:G2[0.332,0.333,0.334]

[TopoTrace Step 0] v0:G2[0.333,0.333,0.334] | v1:G0[0.334,0.333,0.333] | v2:G0[0.334,0.333,0.332] | v3:G2[0.333,0.333,0.334] | v4:G2[0.332,0.333,0.334]
[TopoTrace Step 0] v0:G2[0.333,0.333,0.334] | v1:G0[0.334,0.333,0.333] | v2:G0[0.334,0.333,0.332] | v3:G2[0.333,0.333,0.334] | v4:G2[0.332,0.333,0.334]
[TopoTrace Step 0] v0:G2[0.333,0.333,0.334] | v1:G0[0.334,0.333,0.333] | v2:G0[0.334,0.333,0.332] | v3:G2[0.333,0.333,0.334] | v4:G2[0.332,0.333,0.334][TopoTrace Step 0] v0:G2[0.333,0.333,0.334] | v1:G0[0.334,0.333,0.333] | v2:G0[0.334,0.333,0.332] | v3:G2[0.333,0.333,0.334] | v4:G2[0.332,0.333,0.334]

[TopoTrace Step 0] v0:G2[0.333,0.333,0.334] | v1:G0[0.334,0.333,0.333] | v2:G0[0.334,0.333,0.332] | v3:G2[0.333,0.333,0.334] | v4:G2[0.332,0.333,0.334]
[TopoTrace Step 0] v0:G2[0.333,0.333,0.334] | v1:G0[0.334,0.333,0.333] | v2:G0[0.334,0.333,0.332] | v3:G2[0.333,0.333,0.334] | v4:G2[0.332,0.333,0.334]
[TopoTrace Step 0] v0:G2[0.333,0.333,0.334] | v1:G0[0.334,0.333,0.333] | v2:G0[0.334,0.333,0.332] | v3:G2[0.333,0.333,0.334] | v4:G2[0.332,0.333,0.334][TopoTrace Step 0] v0:G2[0.333,0.333,0.334] | v1:G0[0.334,0.333,0.333] | v2:G0[0.334,0.333,0.332] | v3:G2[0.333,0.333,0.334] | v4:G2[0.332,0.333,0.334]

[TopoTrace Step 0] v0:G2[0.333,0.333,0.334] | v1:G0[0.334,0.333,0.333] | v2:G0[0.334,0.333,0.332] | v3:G2[0.333,0.333,0.334] | v4:G2[0.332,0.333,0.334]
[TopoTrace Step 0] v0:G2[0.333,0.333,0.334] | v1:G0[0.334,0.333,0.333] | v2:G0[0.334,0.333,0.332] | v3:G2[0.333,0.333,0.334] | v4:G2[0.332,0.333,0.334]
[TopoTrace Step 0] v0:G2[0.333,0.333,0.334] | v1:G0[0.334,0.333,0.333] | v2:G0[0.334,0.333,0.332] | v3:G2[0.333,0.333,0.334] | v4:G2[0.332,0.333,0.334]
[TopoTrace Step 0] v0:G2[0.333,0.333,0.334] | v1:G0[0.334,0.333,0.333] | v2:G0[0.334,0.333,0.332] | v3:G2[0.333,0.333,0.334] | v4:G2[0.332,0.333,0.334]
[TopoTrace Step 0] v0:G2[0.333,0.333,0.334] | v1:G0[0.334,0.333,0.333] | v2:G0[0.334,0.333,0.332] | v3:G2[0.333,0.333,0.334] | v4:G2[0.332,0.333,0.334]
[TopoTrace Step 0] v0:G2[0.333,0.333,0.334] | v1:G0[0.334,0.333,0.333] | v2:G0[0.334,0.333,0.332] | v3:G2[0.333,0.333,0.334] | v4:G2[0.332,0.333,0.334]
[TopoTrace Step 0] v0:G2[0.333,0.333,0.334] | v1:G0[0.334,0.333,0.333] | v2:G0[0.334,0.333,0.332] | v3:G2[0.333,0.333,0.334] | v4:G2[0.332,0.333,0.334]
[TopoTrace Step 0] v0:G2[0.333,0.333,0.334] | v1:G0[0.334,0.333,0.333] | v2:G0[0.334,0.333,0.332] | v3:G2[0.333,0.333,0.334] | v4:G2[0.332,0.333,0.334]
[TopoTrace Step 0] v0:G2[0.333,0.333,0.334] | v1:G0[0.334,0.333,0.333] | v2:G0[0.334,0.333,0.332] | v3:G2[0.333,0.333,0.334] | v4:G2[0.332,0.333,0.334]
[TopoTrace Step 0] v0:G2[0.333,0.333,0.334] | v1:G0[0.334,0.333,0.333] | v2:G0[0.334,0.333,0.332] | v3:G2[0.333,0.333,0.334] | v4:G2[0.332,0.333,0.334]
[TopoTrace Step 0] v0:G2[0.333,0.333,0.334] | v1:G0[0.334,0.333,0.333] | v2:G0[0.334,0.333,0.332] | v3:G2[0.333,0.333,0.334] | v4:G2[0.332,0.333,0.334][TopoTrace Step 0] v0:G2[0.333,0.333,0.334] | v1:G0[0.334,0.333,0.333] | v2:G0[0.334,0.333,0.332] | v3:G2[0.333,0.333,0.334] | v4:G2[0.332,0.333,0.334]

[TopoTrace Step 0] v0:G2[0.333,0.333,0.334] | v1:G0[0.334,0.333,0.333] | v2:G0[0.334,0.333,0.332] | v3:G2[0.333,0.333,0.334] | v4:G2[0.332,0.333,0.334]
[TopoTrace Step 0] v0:G2[0.333,0.333,0.334] | v1:G0[0.334,0.333,0.333] | v2:G0[0.334,0.333,0.332] | v3:G2[0.333,0.333,0.334] | v4:G2[0.332,0.333,0.334]
[TopoTrace Step 0] v0:G2[0.333,0.333,0.334] | v1:G0[0.334,0.333,0.333] | v2:G0[0.334,0.333,0.332] | v3:G2[0.333,0.333,0.334] | v4:G2[0.332,0.333,0.334]
[TopoTrace Step 0] v0:G2[0.333,0.333,0.334] | v1:G0[0.334,0.333,0.333] | v2:G0[0.334,0.333,0.332] | v3:G2[0.333,0.333,0.334] | v4:G2[0.332,0.333,0.334]
[TopoTrace Step 0] v0:G2[0.333,0.333,0.334] | v1:G0[0.334,0.333,0.333] | v2:G0[0.334,0.333,0.332] | v3:G2[0.333,0.333,0.334] | v4:G2[0.332,0.333,0.334]
[TopoTrace Step 0] v0:G2[0.333,0.333,0.334] | v1:G0[0.334,0.333,0.333] | v2:G0[0.334,0.333,0.332] | v3:G2[0.333,0.333,0.334] | v4:G2[0.332,0.333,0.334]
[TopoTrace Step 0] v0:G2[0.333,0.333,0.334] | v1:G0[0.334,0.333,0.333] | v2:G0[0.334,0.333,0.332] | v3:G2[0.333,0.333,0.334] | v4:G2[0.332,0.333,0.334][TopoTrace Step 0] v0:G2[0.333,0.333,0.334] | v1:G0[0.334,0.333,0.333] | v2:G0[0.334,0.333,0.332] | v3:G2[0.333,0.333,0.334] | v4:G2[0.332,0.333,0.334]

[TopoTrace Step 0] v0:G2[0.333,0.333,0.334] | v1:G0[0.334,0.333,0.333] | v2:G0[0.334,0.333,0.332] | v3:G2[0.333,0.333,0.334] | v4:G2[0.332,0.333,0.334]
[TopoTrace Step 0] v0:G2[0.333,0.333,0.334] | v1:G0[0.334,0.333,0.333] | v2:G0[0.334,0.333,0.332] | v3:G2[0.333,0.333,0.334] | v4:G2[0.332,0.333,0.334]
[TopoTrace Step 0] v0:G2[0.333,0.333,0.334] | v1:G0[0.334,0.333,0.333] | v2:G0[0.334,0.333,0.332] | v3:G2[0.333,0.333,0.334] | v4:G2[0.332,0.333,0.334][TopoTrace Step 0] v0:G2[0.333,0.333,0.334] | v1:G0[0.334,0.333,0.333] | v2:G0[0.334,0.333,0.332] | v3:G2[0.333,0.333,0.334] | v4:G2[0.332,0.333,0.334]

[TopoTrace Step 0] v0:G2[0.333,0.333,0.334] | v1:G0[0.334,0.333,0.333] | v2:G0[0.334,0.333,0.332] | v3:G2[0.333,0.333,0.334] | v4:G2[0.332,0.333,0.334]
[TopoTrace Step 0] v0:G2[0.333,0.333,0.334] | v1:G0[0.334,0.333,0.333] | v2:G0[0.334,0.333,0.332] | v3:G2[0.333,0.333,0.334] | v4:G2[0.332,0.333,0.334]
[TopoTrace Step 0] v0:G2[0.333,0.333,0.334] | v1:G0[0.334,0.333,0.333] | v2:G0[0.334,0.333,0.332] | v3:G2[0.333,0.333,0.334] | v4:G2[0.332,0.333,0.334]
[TopoTrace Step 0] v0:G2[0.333,0.333,0.334] | v1:G0[0.334,0.333,0.333] | v2:G0[0.334,0.333,0.332] | v3:G2[0.333,0.333,0.334] | v4:G2[0.332,0.333,0.334]
[TopoTrace Step 0] v0:G2[0.333,0.333,0.334] | v1:G0[0.334,0.333,0.333] | v2:G0[0.334,0.333,0.332] | v3:G2[0.333,0.333,0.334] | v4:G2[0.332,0.333,0.334]
[TopoTrace Step 0] v0:G2[0.333,0.333,0.334] | v1:G0[0.334,0.333,0.333] | v2:G0[0.334,0.333,0.332] | v3:G2[0.333,0.333,0.334] | v4:G2[0.332,0.333,0.334]
[TopoTrace Step 0] v0:G2[0.333,0.333,0.334] | v1:G0[0.334,0.333,0.333] | v2:G0[0.334,0.333,0.332] | v3:G2[0.333,0.333,0.334] | v4:G2[0.332,0.333,0.334]
[TopoTrace Step 0] v0:G2[0.333,0.333,0.334] | v1:G0[0.334,0.333,0.333] | v2:G0[0.334,0.333,0.332] | v3:G2[0.333,0.333,0.334] | v4:G2[0.332,0.333,0.334]
[TopoTrace Step 0] v0:G2[0.333,0.333,0.334] | v1:G0[0.334,0.333,0.333] | v2:G0[0.334,0.333,0.332] | v3:G2[0.333,0.333,0.334] | v4:G2[0.332,0.333,0.334]
[TopoTrace Step 0] v0:G2[0.333,0.333,0.334] | v1:G0[0.334,0.333,0.333] | v2:G0[0.334,0.333,0.332] | v3:G2[0.333,0.333,0.334] | v4:G2[0.332,0.333,0.334][TopoTrace Step 0] v0:G2[0.333,0.333,0.334] | v1:G0[0.334,0.333,0.333] | v2:G0[0.334,0.333,0.332] | v3:G2[0.333,0.333,0.334] | v4:G2[0.332,0.333,0.334][TopoTrace Step 0] v0:G2[0.333,0.333,0.334] | v1:G0[0.334,0.333,0.333] | v2:G0[0.334,0.333,0.332] | v3:G2[0.333,0.333,0.334] | v4:G2[0.332,0.333,0.334]


[TopoTrace Step 0] v0:G2[0.333,0.333,0.334] | v1:G0[0.334,0.333,0.333] | v2:G0[0.334,0.333,0.332] | v3:G2[0.333,0.333,0.334] | v4:G2[0.332,0.333,0.334]
[TopoTrace Step 0] v0:G2[0.333,0.333,0.334] | v1:G0[0.334,0.333,0.333] | v2:G0[0.334,0.333,0.332] | v3:G2[0.333,0.333,0.334] | v4:G2[0.332,0.333,0.334]
[TopoTrace Step 0] v0:G2[0.333,0.333,0.334] | v1:G0[0.334,0.333,0.333] | v2:G0[0.334,0.333,0.332] | v3:G2[0.333,0.333,0.334] | v4:G2[0.332,0.333,0.334][TopoTrace Step 0] v0:G2[0.333,0.333,0.334] | v1:G0[0.334,0.333,0.333] | v2:G0[0.334,0.333,0.332] | v3:G2[0.333,0.333,0.334] | v4:G2[0.332,0.333,0.334]

[TopoTrace Step 0] v0:G2[0.333,0.333,0.334] | v1:G0[0.334,0.333,0.333] | v2:G0[0.334,0.333,0.332] | v3:G2[0.333,0.333,0.334] | v4:G2[0.332,0.333,0.334]
[TopoTrace Step 0] v0:G2[0.333,0.333,0.334] | v1:G0[0.334,0.333,0.333] | v2:G0[0.334,0.333,0.332] | v3:G2[0.333,0.333,0.334] | v4:G2[0.332,0.333,0.334]
[TopoTrace Step 0] v0:G2[0.333,0.333,0.334] | v1:G0[0.334,0.333,0.333] | v2:G0[0.334,0.333,0.332] | v3:G2[0.333,0.333,0.334] | v4:G2[0.332,0.333,0.334][TopoTrace Step 0] v0:G2[0.333,0.333,0.334] | v1:G0[0.334,0.333,0.333] | v2:G0[0.334,0.333,0.332] | v3:G2[0.333,0.333,0.334] | v4:G2[0.332,0.333,0.334]

[TopoTrace Step 0] v0:G2[0.333,0.333,0.334] | v1:G0[0.334,0.333,0.333] | v2:G0[0.334,0.333,0.332] | v3:G2[0.333,0.333,0.334] | v4:G2[0.332,0.333,0.334]
[TopoTrace Step 0] v0:G2[0.333,0.333,0.334] | v1:G0[0.334,0.333,0.333] | v2:G0[0.334,0.333,0.332] | v3:G2[0.333,0.333,0.334] | v4:G2[0.332,0.333,0.334]
[TopoTrace Step 0] v0:G2[0.333,0.333,0.334] | v1:G0[0.334,0.333,0.333] | v2:G0[0.334,0.333,0.332] | v3:G2[0.333,0.333,0.334] | v4:G2[0.332,0.333,0.334]
[TopoTrace Step 0] v0:G2[0.333,0.333,0.334] | v1:G0[0.334,0.333,0.333] | v2:G0[0.334,0.333,0.332] | v3:G2[0.333,0.333,0.334] | v4:G2[0.332,0.333,0.334]
[TopoTrace Step 0] v0:G2[0.333,0.333,0.334] | v1:G0[0.334,0.333,0.333] | v2:G0[0.334,0.333,0.332] | v3:G2[0.333,0.333,0.334] | v4:G2[0.332,0.333,0.334]
[TopoTrace Step 0] v0:G2[0.333,0.333,0.334] | v1:G0[0.334,0.333,0.333] | v2:G0[0.334,0.333,0.332] | v3:G2[0.333,0.333,0.334] | v4:G2[0.332,0.333,0.334]
[TopoTrace Step 0] v0:G2[0.333,0.333,0.334] | v1:G0[0.334,0.333,0.333] | v2:G0[0.334,0.333,0.332] | v3:G2[0.333,0.333,0.334] | v4:G2[0.332,0.333,0.334]
[TopoTrace Step 0] v0:G2[0.333,0.333,0.334] | v1:G0[0.334,0.333,0.333] | v2:G0[0.334,0.333,0.332] | v3:G2[0.333,0.333,0.334] | v4:G2[0.332,0.333,0.334]
[TopoTrace Step 0] v0:G2[0.333,0.333,0.334] | v1:G0[0.334,0.333,0.333] | v2:G0[0.334,0.333,0.332] | v3:G2[0.333,0.333,0.334] | v4:G2[0.332,0.333,0.334]
[TopoTrace Step 0] v0:G2[0.333,0.333,0.334] | v1:G0[0.334,0.333,0.333] | v2:G0[0.334,0.333,0.332] | v3:G2[0.333,0.333,0.334] | v4:G2[0.332,0.333,0.334]
[TopoTrace Step 0] v0:G2[0.333,0.333,0.334] | v1:G0[0.334,0.333,0.333] | v2:G0[0.334,0.333,0.332] | v3:G2[0.333,0.333,0.334] | v4:G2[0.332,0.333,0.334][TopoTrace Step 0] v0:G2[0.333,0.333,0.334] | v1:G0[0.334,0.333,0.333] | v2:G0[0.334,0.333,0.332] | v3:G2[0.333,0.333,0.334] | v4:G2[0.332,0.333,0.334]

[TopoTrace Step 0] v0:G2[0.333,0.333,0.334] | v1:G0[0.334,0.333,0.333] | v2:G0[0.334,0.333,0.332] | v3:G2[0.333,0.333,0.334] | v4:G2[0.332,0.333,0.334]
[TopoTrace Step 0] v0:G2[0.333,0.333,0.334] | v1:G0[0.334,0.333,0.333] | v2:G0[0.334,0.333,0.332] | v3:G2[0.333,0.333,0.334] | v4:G2[0.332,0.333,0.334]
[TopoTrace Step 0] v0:G2[0.333,0.333,0.334] | v1:G0[0.334,0.333,0.333] | v2:G0[0.334,0.333,0.332] | v3:G2[0.333,0.333,0.334] | v4:G2[0.332,0.333,0.334]
[TopoTrace Step 0] v0:G2[0.333,0.333,0.334] | v1:G0[0.334,0.333,0.333] | v2:G0[0.334,0.333,0.332] | v3:G2[0.333,0.333,0.334] | v4:G2[0.332,0.333,0.334]
[TopoTrace Step 0] v0:G2[0.333,0.333,0.334] | v1:G0[0.334,0.333,0.333] | v2:G0[0.334,0.333,0.332] | v3:G2[0.333,0.333,0.334] | v4:G2[0.332,0.333,0.334]
[TopoTrace Step 0] v0:G2[0.333,0.333,0.334] | v1:G0[0.334,0.333,0.333] | v2:G0[0.334,0.333,0.332] | v3:G2[0.333,0.333,0.334] | v4:G2[0.332,0.333,0.334]
[TopoTrace Step 0] v0:G2[0.333,0.333,0.334] | v1:G0[0.334,0.333,0.333] | v2:G0[0.334,0.333,0.332] | v3:G2[0.333,0.333,0.334] | v4:G2[0.332,0.333,0.334][TopoTrace Step 0] v0:G2[0.333,0.333,0.334] | v1:G0[0.334,0.333,0.333] | v2:G0[0.334,0.333,0.332] | v3:G2[0.333,0.333,0.334] | v4:G2[0.332,0.333,0.334]

[TopoTrace Step 0] v0:G2[0.333,0.333,0.334] | v1:G0[0.334,0.333,0.333] | v2:G0[0.334,0.333,0.332] | v3:G2[0.333,0.333,0.334] | v4:G2[0.332,0.333,0.334]
[TopoTrace Step 0] v0:G2[0.333,0.333,0.334] | v1:G0[0.334,0.333,0.333] | v2:G0[0.334,0.333,0.332] | v3:G2[0.333,0.333,0.334] | v4:G2[0.332,0.333,0.334]
[TopoTrace Step 0] v0:G2[0.333,0.333,0.334] | v1:G0[0.334,0.333,0.333] | v2:G0[0.334,0.333,0.332] | v3:G2[0.333,0.333,0.334] | v4:G2[0.332,0.333,0.334][TopoTrace Step 0] v0:G2[0.333,0.333,0.334] | v1:G0[0.334,0.333,0.333] | v2:G0[0.334,0.333,0.332] | v3:G2[0.333,0.333,0.334] | v4:G2[0.332,0.333,0.334]

[TopoTrace Step 0] v0:G2[0.333,0.333,0.334] | v1:G0[0.334,0.333,0.333] | v2:G0[0.334,0.333,0.332] | v3:G2[0.333,0.333,0.334] | v4:G2[0.332,0.333,0.334]
[TopoTrace Step 0] v0:G2[0.333,0.333,0.334] | v1:G0[0.334,0.333,0.333] | v2:G0[0.334,0.333,0.332] | v3:G2[0.333,0.333,0.334] | v4:G2[0.332,0.333,0.334]
[TopoTrace Step 0] v0:G2[0.333,0.333,0.334] | v1:G0[0.334,0.333,0.333] | v2:G0[0.334,0.333,0.332] | v3:G2[0.333,0.333,0.334] | v4:G2[0.332,0.333,0.334][TopoTrace Step 0] v0:G2[0.333,0.333,0.334] | v1:G0[0.334,0.333,0.333] | v2:G0[0.334,0.333,0.332] | v3:G2[0.333,0.333,0.334] | v4:G2[0.332,0.333,0.334]

[TopoTrace Step 0] v0:G2[0.333,0.333,0.334] | v1:G0[0.334,0.333,0.333] | v2:G0[0.334,0.333,0.332] | v3:G2[0.333,0.333,0.334] | v4:G2[0.332,0.333,0.334]
[TopoTrace Step 0] v0:G2[0.333,0.333,0.334] | v1:G0[0.334,0.333,0.333] | v2:G0[0.334,0.333,0.332] | v3:G2[0.333,0.333,0.334] | v4:G2[0.332,0.333,0.334]
[TopoTrace Step 0] v0:G2[0.333,0.333,0.334] | v1:G0[0.334,0.333,0.333] | v2:G0[0.334,0.333,0.332] | v3:G2[0.333,0.333,0.334] | v4:G2[0.332,0.333,0.334][TopoTrace Step 0] v0:G2[0.333,0.333,0.334] | v1:G0[0.334,0.333,0.333] | v2:G0[0.334,0.333,0.332] | v3:G2[0.333,0.333,0.334] | v4:G2[0.332,0.333,0.334]

[TopoTrace Step 0] v0:G2[0.333,0.333,0.334] | v1:G0[0.334,0.333,0.333] | v2:G0[0.334,0.333,0.332] | v3:G2[0.333,0.333,0.334] | v4:G2[0.332,0.333,0.334]
[TopoTrace Step 0] v0:G2[0.333,0.333,0.334] | v1:G0[0.334,0.333,0.333] | v2:G0[0.334,0.333,0.332] | v3:G2[0.333,0.333,0.334] | v4:G2[0.332,0.333,0.334]
[TopoTrace Step 0] v0:G2[0.333,0.333,0.334] | v1:G0[0.334,0.333,0.333] | v2:G0[0.334,0.333,0.332] | v3:G2[0.333,0.333,0.334] | v4:G2[0.332,0.333,0.334][TopoTrace Step 0] v0:G2[0.333,0.333,0.334] | v1:G0[0.334,0.333,0.333] | v2:G0[0.334,0.333,0.332] | v3:G2[0.333,0.333,0.334] | v4:G2[0.332,0.333,0.334]

[TopoTrace Step 0] v0:G2[0.333,0.333,0.334] | v1:G0[0.334,0.333,0.333] | v2:G0[0.334,0.333,0.332] | v3:G2[0.333,0.333,0.334] | v4:G2[0.332,0.333,0.334]
[TopoTrace Step 0] v0:G2[0.333,0.333,0.334] | v1:G0[0.334,0.333,0.333] | v2:G0[0.334,0.333,0.332] | v3:G2[0.333,0.333,0.334] | v4:G2[0.332,0.333,0.334]
[TopoTrace Step 0] v0:G2[0.333,0.333,0.334] | v1:G0[0.334,0.333,0.333] | v2:G0[0.334,0.333,0.332] | v3:G2[0.333,0.333,0.334] | v4:G2[0.332,0.333,0.334]
[TopoTrace Step 0] v0:G2[0.333,0.333,0.334] | v1:G0[0.334,0.333,0.333] | v2:G0[0.334,0.333,0.332] | v3:G2[0.333,0.333,0.334] | v4:G2[0.332,0.333,0.334]
[TopoTrace Step 0] v0:G2[0.333,0.333,0.334] | v1:G0[0.334,0.333,0.333] | v2:G0[0.334,0.333,0.332] | v3:G2[0.333,0.333,0.334] | v4:G2[0.332,0.333,0.334]
[TopoTrace Step 0] v0:G2[0.333,0.333,0.334] | v1:G0[0.334,0.333,0.333] | v2:G0[0.334,0.333,0.332] | v3:G2[0.333,0.333,0.334] | v4:G2[0.332,0.333,0.334]
[TopoTrace Step 0] v0:G2[0.333,0.333,0.334] | v1:G0[0.334,0.333,0.333] | v2:G0[0.334,0.333,0.332] | v3:G2[0.333,0.333,0.334] | v4:G2[0.332,0.333,0.334][TopoTrace Step 0] v0:G2[0.333,0.333,0.334] | v1:G0[0.334,0.333,0.333] | v2:G0[0.334,0.333,0.332] | v3:G2[0.333,0.333,0.334] | v4:G2[0.332,0.333,0.334]

[TopoTrace Step 0] v0:G2[0.333,0.333,0.334] | v1:G0[0.334,0.333,0.333] | v2:G0[0.334,0.333,0.332] | v3:G2[0.333,0.333,0.334] | v4:G2[0.332,0.333,0.334]
[TopoTrace Step 0] v0:G2[0.333,0.333,0.334] | v1:G0[0.334,0.333,0.333] | v2:G0[0.334,0.333,0.332] | v3:G2[0.333,0.333,0.334] | v4:G2[0.332,0.333,0.334]
[TopoTrace Step 0] v0:G2[0.333,0.333,0.334] | v1:G0[0.334,0.333,0.333] | v2:G0[0.334,0.333,0.332] | v3:G2[0.333,0.333,0.334] | v4:G2[0.332,0.333,0.334]
[TopoTrace Step 0] v0:G2[0.333,0.333,0.334] | v1:G0[0.334,0.333,0.333] | v2:G0[0.334,0.333,0.332] | v3:G2[0.333,0.333,0.334] | v4:G2[0.332,0.333,0.334]
[TopoTrace Step 0] v0:G2[0.333,0.333,0.334] | v1:G0[0.334,0.333,0.333] | v2:G0[0.334,0.333,0.332] | v3:G2[0.333,0.333,0.334] | v4:G2[0.332,0.333,0.334]
[TopoTrace Step 0] v0:G2[0.333,0.333,0.334] | v1:G0[0.334,0.333,0.333] | v2:G0[0.334,0.333,0.332] | v3:G2[0.333,0.333,0.334] | v4:G2[0.332,0.333,0.334]
[TopoTrace Step 0] v0:G2[0.333,0.333,0.334] | v1:G0[0.334,0.333,0.333] | v2:G0[0.334,0.333,0.332] | v3:G2[0.333,0.333,0.334] | v4:G2[0.332,0.333,0.334]
[TopoTrace Step 0] v0:G2[0.333,0.333,0.334] | v1:G0[0.334,0.333,0.333] | v2:G0[0.334,0.333,0.332] | v3:G2[0.333,0.333,0.334] | v4:G2[0.332,0.333,0.334]
[TopoTrace Step 0] v0:G2[0.333,0.333,0.334] | v1:G0[0.334,0.333,0.333] | v2:G0[0.334,0.333,0.332] | v3:G2[0.333,0.333,0.334] | v4:G2[0.332,0.333,0.334]
[TopoTrace Step 0] v0:G2[0.333,0.333,0.334] | v1:G0[0.334,0.333,0.333] | v2:G0[0.334,0.333,0.332] | v3:G2[0.333,0.333,0.334] | v4:G2[0.332,0.333,0.334]
[TopoTrace Step 0] v0:G2[0.333,0.333,0.334] | v1:G0[0.334,0.333,0.333] | v2:G0[0.334,0.333,0.332] | v3:G2[0.333,0.333,0.334] | v4:G2[0.332,0.333,0.334]
[TopoTrace Step 0] v0:G2[0.333,0.333,0.334] | v1:G0[0.334,0.333,0.333] | v2:G0[0.334,0.333,0.332] | v3:G2[0.333,0.333,0.334] | v4:G2[0.332,0.333,0.334]
[TopoTrace Step 0] v0:G2[0.333,0.333,0.334] | v1:G0[0.334,0.333,0.333] | v2:G0[0.334,0.333,0.332] | v3:G2[0.333,0.333,0.334] | v4:G2[0.332,0.333,0.334]
[TopoTrace Step 0] v0:G2[0.333,0.333,0.334] | v1:G0[0.334,0.333,0.333] | v2:G0[0.334,0.333,0.332] | v3:G2[0.333,0.333,0.334] | v4:G2[0.332,0.333,0.334]
[TopoTrace Step 0] v0:G2[0.333,0.333,0.334] | v1:G0[0.334,0.333,0.333] | v2:G0[0.334,0.333,0.332] | v3:G2[0.333,0.333,0.334] | v4:G2[0.332,0.333,0.334][TopoTrace Step 0] v0:G2[0.333,0.333,0.334] | v1:G0[0.334,0.333,0.333] | v2:G0[0.334,0.333,0.332] | v3:G2[0.333,0.333,0.334] | v4:G2[0.332,0.333,0.334]

[TopoTrace Step 0] v0:G2[0.333,0.333,0.334] | v1:G0[0.334,0.333,0.333] | v2:G0[0.334,0.333,0.332] | v3:G2[0.333,0.333,0.334] | v4:G2[0.332,0.333,0.334]
[TopoTrace Step 0] v0:G2[0.333,0.333,0.334] | v1:G0[0.334,0.333,0.333] | v2:G0[0.334,0.333,0.332] | v3:G2[0.333,0.333,0.334] | v4:G2[0.332,0.333,0.334]
[TopoTrace Step 0] v0:G2[0.333,0.333,0.334] | v1:G0[0.334,0.333,0.333] | v2:G0[0.334,0.333,0.332] | v3:G2[0.333,0.333,0.334] | v4:G2[0.332,0.333,0.334][TopoTrace Step 0] v0:G2[0.333,0.333,0.334] | v1:G0[0.334,0.333,0.333] | v2:G0[0.334,0.333,0.332] | v3:G2[0.333,0.333,0.334] | v4:G2[0.332,0.333,0.334]

[TopoTrace Step 0] v0:G2[0.333,0.333,0.334] | v1:G0[0.334,0.333,0.333] | v2:G0[0.334,0.333,0.332] | v3:G2[0.333,0.333,0.334] | v4:G2[0.332,0.333,0.334]
[TopoTrace Step 0] v0:G2[0.333,0.333,0.334] | v1:G0[0.334,0.333,0.333] | v2:G0[0.334,0.333,0.332] | v3:G2[0.333,0.333,0.334] | v4:G2[0.332,0.333,0.334]
[TopoTrace Step 0] v0:G2[0.333,0.333,0.334] | v1:G0[0.334,0.333,0.333] | v2:G0[0.334,0.333,0.332] | v3:G2[0.333,0.333,0.334] | v4:G2[0.332,0.333,0.334][TopoTrace Step 0] v0:G2[0.333,0.333,0.334] | v1:G0[0.334,0.333,0.333] | v2:G0[0.334,0.333,0.332] | v3:G2[0.333,0.333,0.334] | v4:G2[0.332,0.333,0.334]

[TopoTrace Step 0] v0:G2[0.333,0.333,0.334] | v1:G0[0.334,0.333,0.333] | v2:G0[0.334,0.333,0.332] | v3:G2[0.333,0.333,0.334] | v4:G2[0.332,0.333,0.334]
[TopoTrace Step 0] v0:G2[0.333,0.333,0.334] | v1:G0[0.334,0.333,0.333] | v2:G0[0.334,0.333,0.332] | v3:G2[0.333,0.333,0.334] | v4:G2[0.332,0.333,0.334]
[TopoTrace Step 0] v0:G2[0.333,0.333,0.334] | v1:G0[0.334,0.333,0.333] | v2:G0[0.334,0.333,0.332] | v3:G2[0.333,0.333,0.334] | v4:G2[0.332,0.333,0.334][TopoTrace Step 0] v0:G2[0.333,0.333,0.334] | v1:G0[0.334,0.333,0.333] | v2:G0[0.334,0.333,0.332] | v3:G2[0.333,0.333,0.334] | v4:G2[0.332,0.333,0.334]

[TopoTrace Step 0] v0:G2[0.333,0.333,0.334] | v1:G0[0.334,0.333,0.333] | v2:G0[0.334,0.333,0.332] | v3:G2[0.333,0.333,0.334] | v4:G2[0.332,0.333,0.334]
[TopoTrace Step 0] v0:G2[0.333,0.333,0.334] | v1:G0[0.334,0.333,0.333] | v2:G0[0.334,0.333,0.332] | v3:G2[0.333,0.333,0.334] | v4:G2[0.332,0.333,0.334]
[TopoTrace Step 0] v0:G2[0.333,0.333,0.334] | v1:G0[0.334,0.333,0.333] | v2:G0[0.334,0.333,0.332] | v3:G2[0.333,0.333,0.334] | v4:G2[0.332,0.333,0.334]
[TopoTrace Step 0] v0:G2[0.333,0.333,0.334] | v1:G0[0.334,0.333,0.333] | v2:G0[0.334,0.333,0.332] | v3:G2[0.333,0.333,0.334] | v4:G2[0.332,0.333,0.334]
[TopoTrace Step 0] v0:G2[0.333,0.333,0.334] | v1:G0[0.334,0.333,0.333] | v2:G0[0.334,0.333,0.332] | v3:G2[0.333,0.333,0.334] | v4:G2[0.332,0.333,0.334]
[TopoTrace Step 0] v0:G2[0.333,0.333,0.334] | v1:G0[0.334,0.333,0.333] | v2:G0[0.334,0.333,0.332] | v3:G2[0.333,0.333,0.334] | v4:G2[0.332,0.333,0.334]
[TopoTrace Step 0] v0:G2[0.333,0.333,0.334] | v1:G0[0.334,0.333,0.333] | v2:G0[0.334,0.333,0.332] | v3:G2[0.333,0.333,0.334] | v4:G2[0.332,0.333,0.334][TopoTrace Step 0] v0:G2[0.333,0.333,0.334] | v1:G0[0.334,0.333,0.333] | v2:G0[0.334,0.333,0.332] | v3:G2[0.333,0.333,0.334] | v4:G2[0.332,0.333,0.334]

[TopoTrace Step 0] v0:G2[0.333,0.333,0.334] | v1:G0[0.334,0.333,0.333] | v2:G0[0.334,0.333,0.332] | v3:G2[0.333,0.333,0.334] | v4:G2[0.332,0.333,0.334]
[TopoTrace Step 0] v0:G2[0.333,0.333,0.334] | v1:G0[0.334,0.333,0.333] | v2:G0[0.334,0.333,0.332] | v3:G2[0.333,0.333,0.334] | v4:G2[0.332,0.333,0.334]
[TopoTrace Step 0] v0:G2[0.333,0.333,0.334] | v1:G0[0.334,0.333,0.333] | v2:G0[0.334,0.333,0.332] | v3:G2[0.333,0.333,0.334] | v4:G2[0.332,0.333,0.334]
[TopoTrace Step 0] v0:G2[0.333,0.333,0.334] | v1:G0[0.334,0.333,0.333] | v2:G0[0.334,0.333,0.332] | v3:G2[0.333,0.333,0.334] | v4:G2[0.332,0.333,0.334]
[TopoTrace Step 0] v0:G2[0.333,0.333,0.334] | v1:G0[0.334,0.333,0.333] | v2:G0[0.334,0.333,0.332] | v3:G2[0.333,0.333,0.334] | v4:G2[0.332,0.333,0.334]
[TopoTrace Step 0] v0:G2[0.333,0.333,0.334] | v1:G0[0.334,0.333,0.333] | v2:G0[0.334,0.333,0.332] | v3:G2[0.333,0.333,0.334] | v4:G2[0.332,0.333,0.334]
[TopoTrace Step 0] v0:G2[0.333,0.333,0.334] | v1:G0[0.334,0.333,0.333] | v2:G0[0.334,0.333,0.332] | v3:G2[0.333,0.333,0.334] | v4:G2[0.332,0.333,0.334][TopoTrace Step 0] v0:G2[0.333,0.333,0.334] | v1:G0[0.334,0.333,0.333] | v2:G0[0.334,0.333,0.332] | v3:G2[0.333,0.333,0.334] | v4:G2[0.332,0.333,0.334]

[TopoTrace Step 0] v0:G2[0.333,0.333,0.334] | v1:G0[0.334,0.333,0.333] | v2:G0[0.334,0.333,0.332] | v3:G2[0.333,0.333,0.334] | v4:G2[0.332,0.333,0.334]
[TopoTrace Step 0] v0:G2[0.333,0.333,0.334] | v1:G0[0.334,0.333,0.333] | v2:G0[0.334,0.333,0.332] | v3:G2[0.333,0.333,0.334] | v4:G2[0.332,0.333,0.334]
[TopoTrace Step 0] v0:G2[0.333,0.333,0.334] | v1:G0[0.334,0.333,0.333] | v2:G0[0.334,0.333,0.332] | v3:G2[0.333,0.333,0.334] | v4:G2[0.332,0.333,0.334]
[TopoTrace Step 0] v0:G2[0.333,0.333,0.334] | v1:G0[0.334,0.333,0.333] | v2:G0[0.334,0.333,0.332] | v3:G2[0.333,0.333,0.334] | v4:G2[0.332,0.333,0.334]
[TopoTrace Step 0] v0:G2[0.333,0.333,0.334] | v1:G0[0.334,0.333,0.333] | v2:G0[0.334,0.333,0.332] | v3:G2[0.333,0.333,0.334] | v4:G2[0.332,0.333,0.334]
[TopoTrace Step 0] v0:G2[0.333,0.333,0.334] | v1:G0[0.334,0.333,0.333] | v2:G0[0.334,0.333,0.332] | v3:G2[0.333,0.333,0.334] | v4:G2[0.332,0.333,0.334]
[TopoTrace Step 0] v0:G2[0.333,0.333,0.334] | v1:G0[0.334,0.333,0.333] | v2:G0[0.334,0.333,0.332] | v3:G2[0.333,0.333,0.334] | v4:G2[0.332,0.333,0.334]
[TopoTrace Step 0] v0:G2[0.333,0.333,0.334] | v1:G0[0.334,0.333,0.333] | v2:G0[0.334,0.333,0.332] | v3:G2[0.333,0.333,0.334] | v4:G2[0.332,0.333,0.334]
[TopoTrace Step 0] v0:G2[0.333,0.333,0.334] | v1:G0[0.334,0.333,0.333] | v2:G0[0.334,0.333,0.332] | v3:G2[0.333,0.333,0.334] | v4:G2[0.332,0.333,0.334]
[TopoTrace Step 0] v0:G2[0.333,0.333,0.334] | v1:G0[0.334,0.333,0.333] | v2:G0[0.334,0.333,0.332] | v3:G2[0.333,0.333,0.334] | v4:G2[0.332,0.333,0.334]
[TopoTrace Step 0] v0:G2[0.333,0.333,0.334] | v1:G0[0.334,0.333,0.333] | v2:G0[0.334,0.333,0.332] | v3:G2[0.333,0.333,0.334] | v4:G2[0.332,0.333,0.334][TopoTrace Step 0] v0:G2[0.333,0.333,0.334] | v1:G0[0.334,0.333,0.333] | v2:G0[0.334,0.333,0.332] | v3:G2[0.333,0.333,0.334] | v4:G2[0.332,0.333,0.334]

[TopoTrace Step 0] v0:G2[0.333,0.333,0.334] | v1:G0[0.334,0.333,0.333] | v2:G0[0.334,0.333,0.332] | v3:G2[0.333,0.333,0.334] | v4:G2[0.332,0.333,0.334]
[TopoTrace Step 0] v0:G2[0.333,0.333,0.334] | v1:G0[0.334,0.333,0.333] | v2:G0[0.334,0.333,0.332] | v3:G2[0.333,0.333,0.334] | v4:G2[0.332,0.333,0.334]
[TopoTrace Step 0] v0:G2[0.333,0.333,0.334] | v1:G0[0.334,0.333,0.333] | v2:G0[0.334,0.333,0.332] | v3:G2[0.333,0.333,0.334] | v4:G2[0.332,0.333,0.334]
[TopoTrace Step 0] v0:G2[0.333,0.333,0.334] | v1:G0[0.334,0.333,0.333] | v2:G0[0.334,0.333,0.332] | v3:G2[0.333,0.333,0.334] | v4:G2[0.332,0.333,0.334]
[TopoTrace Step 0] v0:G2[0.333,0.333,0.334] | v1:G0[0.334,0.333,0.333] | v2:G0[0.334,0.333,0.332] | v3:G2[0.333,0.333,0.334] | v4:G2[0.332,0.333,0.334]
[TopoTrace Step 0] v0:G2[0.333,0.333,0.334] | v1:G0[0.334,0.333,0.333] | v2:G0[0.334,0.333,0.332] | v3:G2[0.333,0.333,0.334] | v4:G2[0.332,0.333,0.334]
[TopoTrace Step 0] v0:G2[0.333,0.333,0.334] | v1:G0[0.334,0.333,0.333] | v2:G0[0.334,0.333,0.332] | v3:G2[0.333,0.333,0.334] | v4:G2[0.332,0.333,0.334][TopoTrace Step 0] v0:G2[0.333,0.333,0.334] | v1:G0[0.334,0.333,0.333] | v2:G0[0.334,0.333,0.332] | v3:G2[0.333,0.333,0.334] | v4:G2[0.332,0.333,0.334]

[TopoTrace Step 0] v0:G2[0.333,0.333,0.334] | v1:G0[0.334,0.333,0.333] | v2:G0[0.334,0.333,0.332] | v3:G2[0.333,0.333,0.334] | v4:G2[0.332,0.333,0.334]
[TopoTrace Step 0] v0:G2[0.333,0.333,0.334] | v1:G0[0.334,0.333,0.333] | v2:G0[0.334,0.333,0.332] | v3:G2[0.333,0.333,0.334] | v4:G2[0.332,0.333,0.334]
[TopoTrace Step 0] v0:G2[0.333,0.333,0.334] | v1:G0[0.334,0.333,0.333] | v2:G0[0.334,0.333,0.332] | v3:G2[0.333,0.333,0.334] | v4:G2[0.332,0.333,0.334][TopoTrace Step 0] v0:G2[0.333,0.333,0.334] | v1:G0[0.334,0.333,0.333] | v2:G0[0.334,0.333,0.332] | v3:G2[0.333,0.333,0.334] | v4:G2[0.332,0.333,0.334]

[TopoTrace Step 0] v0:G2[0.333,0.333,0.334] | v1:G0[0.334,0.333,0.333] | v2:G0[0.334,0.333,0.332] | v3:G2[0.333,0.333,0.334] | v4:G2[0.332,0.333,0.334]
[TopoTrace Step 0] v0:G2[0.333,0.333,0.334] | v1:G0[0.334,0.333,0.333] | v2:G0[0.334,0.333,0.332] | v3:G2[0.333,0.333,0.334] | v4:G2[0.332,0.333,0.334][TopoTrace Step 0] v0:G2[0.333,0.333,0.334] | v1:G0[0.334,0.333,0.333] | v2:G0[0.334,0.333,0.332] | v3:G2[0.333,0.333,0.334] | v4:G2[0.332,0.333,0.334]

[TopoTrace Step 0] v0:G2[0.333,0.333,0.334] | v1:G0[0.334,0.333,0.333] | v2:G0[0.334,0.333,0.332] | v3:G2[0.333,0.333,0.334] | v4:G2[0.332,0.333,0.334]
[TopoTrace Step 0] v0:G2[0.333,0.333,0.334] | v1:G0[0.334,0.333,0.333] | v2:G0[0.334,0.333,0.332] | v3:G2[0.333,0.333,0.334] | v4:G2[0.332,0.333,0.334]
[TopoTrace Step 0] v0:G2[0.333,0.333,0.334] | v1:G0[0.334,0.333,0.333] | v2:G0[0.334,0.333,0.332] | v3:G2[0.333,0.333,0.334] | v4:G2[0.332,0.333,0.334]
[TopoTrace Step 0] v0:G2[0.333,0.333,0.334] | v1:G0[0.334,0.333,0.333] | v2:G0[0.334,0.333,0.332] | v3:G2[0.333,0.333,0.334] | v4:G2[0.332,0.333,0.334]
[TopoTrace Step 0] v0:G2[0.333,0.333,0.334] | v1:G0[0.334,0.333,0.333] | v2:G0[0.334,0.333,0.332] | v3:G2[0.333,0.333,0.334] | v4:G2[0.332,0.333,0.334]
[TopoTrace Step 0] v0:G2[0.333,0.333,0.334] | v1:G0[0.334,0.333,0.333] | v2:G0[0.334,0.333,0.332] | v3:G2[0.333,0.333,0.334] | v4:G2[0.332,0.333,0.334]
[TopoTrace Step 0] v0:G2[0.333,0.333,0.334] | v1:G0[0.334,0.333,0.333] | v2:G0[0.334,0.333,0.332] | v3:G2[0.333,0.333,0.334] | v4:G2[0.332,0.333,0.334]
[TopoTrace Step 0] v0:G2[0.333,0.333,0.334] | v1:G0[0.334,0.333,0.333] | v2:G0[0.334,0.333,0.332] | v3:G2[0.333,0.333,0.334] | v4:G2[0.332,0.333,0.334]
[TopoTrace Step 0] v0:G2[0.333,0.333,0.334] | v1:G0[0.334,0.333,0.333] | v2:G0[0.334,0.333,0.332] | v3:G2[0.333,0.333,0.334] | v4:G2[0.332,0.333,0.334]
[TopoTrace Step 0] v0:G2[0.333,0.333,0.334] | v1:G0[0.334,0.333,0.333] | v2:G0[0.334,0.333,0.332] | v3:G2[0.333,0.333,0.334] | v4:G2[0.332,0.333,0.334]
[TopoTrace Step 0] v0:G2[0.333,0.333,0.334] | v1:G0[0.334,0.333,0.333] | v2:G0[0.334,0.333,0.332] | v3:G2[0.333,0.333,0.334] | v4:G2[0.332,0.333,0.334]
[TopoTrace Step 0] v0:G2[0.333,0.333,0.334] | v1:G0[0.334,0.333,0.333] | v2:G0[0.334,0.333,0.332] | v3:G2[0.333,0.333,0.334] | v4:G2[0.332,0.333,0.334]
[TopoTrace Step 0] v0:G2[0.333,0.333,0.334] | v1:G0[0.334,0.333,0.333] | v2:G0[0.334,0.333,0.332] | v3:G2[0.333,0.333,0.334] | v4:G2[0.332,0.333,0.334]
[TopoTrace Step 0] v0:G2[0.333,0.333,0.334] | v1:G0[0.334,0.333,0.333] | v2:G0[0.334,0.333,0.332] | v3:G2[0.333,0.333,0.334] | v4:G2[0.332,0.333,0.334]
[TopoTrace Step 0] v0:G2[0.333,0.333,0.334] | v1:G0[0.334,0.333,0.333] | v2:G0[0.334,0.333,0.332] | v3:G2[0.333,0.333,0.334] | v4:G2[0.332,0.333,0.334]
[TopoTrace Step 0] v0:G2[0.333,0.333,0.334] | v1:G0[0.334,0.333,0.333] | v2:G0[0.334,0.333,0.332] | v3:G2[0.333,0.333,0.334] | v4:G2[0.332,0.333,0.334][TopoTrace Step 0] v0:G2[0.333,0.333,0.334] | v1:G0[0.334,0.333,0.333] | v2:G0[0.334,0.333,0.332] | v3:G2[0.333,0.333,0.334] | v4:G2[0.332,0.333,0.334]

[TopoTrace Step 0] v0:G2[0.333,0.333,0.334] | v1:G0[0.334,0.333,0.333] | v2:G0[0.334,0.333,0.332] | v3:G2[0.333,0.333,0.334] | v4:G2[0.332,0.333,0.334]
[TopoTrace Step 0] v0:G2[0.333,0.333,0.334] | v1:G0[0.334,0.333,0.333] | v2:G0[0.334,0.333,0.332] | v3:G2[0.333,0.333,0.334] | v4:G2[0.332,0.333,0.334]
[TopoTrace Step 0] v0:G2[0.333,0.333,0.334] | v1:G0[0.334,0.333,0.333] | v2:G0[0.334,0.333,0.332] | v3:G2[0.333,0.333,0.334] | v4:G2[0.332,0.333,0.334][TopoTrace Step 0] v0:G2[0.333,0.333,0.334] | v1:G0[0.334,0.333,0.333] | v2:G0[0.334,0.333,0.332] | v3:G2[0.333,0.333,0.334] | v4:G2[0.332,0.333,0.334]

[TopoTrace Step 0] v0:G2[0.333,0.333,0.334] | v1:G0[0.334,0.333,0.333] | v2:G0[0.334,0.333,0.332] | v3:G2[0.333,0.333,0.334] | v4:G2[0.332,0.333,0.334]
[TopoTrace Step 0] v0:G2[0.333,0.333,0.334] | v1:G0[0.334,0.333,0.333] | v2:G0[0.334,0.333,0.332] | v3:G2[0.333,0.333,0.334] | v4:G2[0.332,0.333,0.334]
[TopoTrace Step 0] v0:G2[0.333,0.333,0.334] | v1:G0[0.334,0.333,0.333] | v2:G0[0.334,0.333,0.332] | v3:G2[0.333,0.333,0.334] | v4:G2[0.332,0.333,0.334]
[TopoTrace Step 0] v0:G2[0.333,0.333,0.334] | v1:G0[0.334,0.333,0.333] | v2:G0[0.334,0.333,0.332] | v3:G2[0.333,0.333,0.334] | v4:G2[0.332,0.333,0.334]
[TopoTrace Step 0] v0:G2[0.333,0.333,0.334] | v1:G0[0.334,0.333,0.333] | v2:G0[0.334,0.333,0.332] | v3:G2[0.333,0.333,0.334] | v4:G2[0.332,0.333,0.334]
[TopoTrace Step 0] v0:G2[0.333,0.333,0.334] | v1:G0[0.334,0.333,0.333] | v2:G0[0.334,0.333,0.332] | v3:G2[0.333,0.333,0.334] | v4:G2[0.332,0.333,0.334]
[TopoTrace Step 0] v0:G2[0.333,0.333,0.334] | v1:G0[0.334,0.333,0.333] | v2:G0[0.334,0.333,0.332] | v3:G2[0.333,0.333,0.334] | v4:G2[0.332,0.333,0.334][TopoTrace Step 0] v0:G2[0.333,0.333,0.334] | v1:G0[0.334,0.333,0.333] | v2:G0[0.334,0.333,0.332] | v3:G2[0.333,0.333,0.334] | v4:G2[0.332,0.333,0.334]

[TopoTrace Step 0] v0:G2[0.333,0.333,0.334] | v1:G0[0.334,0.333,0.333] | v2:G0[0.334,0.333,0.332] | v3:G2[0.333,0.333,0.334] | v4:G2[0.332,0.333,0.334]
[TopoTrace Step 0] v0:G2[0.333,0.333,0.334] | v1:G0[0.334,0.333,0.333] | v2:G0[0.334,0.333,0.332] | v3:G2[0.333,0.333,0.334] | v4:G2[0.332,0.333,0.334]
[TopoTrace Step 0] v0:G2[0.333,0.333,0.334] | v1:G0[0.334,0.333,0.333] | v2:G0[0.334,0.333,0.332] | v3:G2[0.333,0.333,0.334] | v4:G2[0.332,0.333,0.334][TopoTrace Step 0] v0:G2[0.333,0.333,0.334] | v1:G0[0.334,0.333,0.333] | v2:G0[0.334,0.333,0.332] | v3:G2[0.333,0.333,0.334] | v4:G2[0.332,0.333,0.334]

[TopoTrace Step 0] v0:G2[0.333,0.333,0.334] | v1:G0[0.334,0.333,0.333] | v2:G0[0.334,0.333,0.332] | v3:G2[0.333,0.333,0.334] | v4:G2[0.332,0.333,0.334]
[TopoTrace Step 0] v0:G2[0.333,0.333,0.334] | v1:G0[0.334,0.333,0.333] | v2:G0[0.334,0.333,0.332] | v3:G2[0.333,0.333,0.334] | v4:G2[0.332,0.333,0.334]
[TopoTrace Step 0] v0:G2[0.333,0.333,0.334] | v1:G0[0.334,0.333,0.333] | v2:G0[0.334,0.333,0.332] | v3:G2[0.333,0.333,0.334] | v4:G2[0.332,0.333,0.334][TopoTrace Step 0] v0:G2[0.333,0.333,0.334] | v1:G0[0.334,0.333,0.333] | v2:G0[0.334,0.333,0.332] | v3:G2[0.333,0.333,0.334] | v4:G2[0.332,0.333,0.334]

[TopoTrace Step 0] v0:G2[0.333,0.333,0.334] | v1:G0[0.334,0.333,0.333] | v2:G0[0.334,0.333,0.332] | v3:G2[0.333,0.333,0.334] | v4:G2[0.332,0.333,0.334]
[TopoTrace Step 0] v0:G2[0.333,0.333,0.334] | v1:G0[0.334,0.333,0.333] | v2:G0[0.334,0.333,0.332] | v3:G2[0.333,0.333,0.334] | v4:G2[0.332,0.333,0.334]
[TopoTrace Step 0] v0:G2[0.333,0.333,0.334] | v1:G0[0.334,0.333,0.333] | v2:G0[0.334,0.333,0.332] | v3:G2[0.333,0.333,0.334] | v4:G2[0.332,0.333,0.334]
[TopoTrace Step 0] v0:G2[0.333,0.333,0.334] | v1:G0[0.334,0.333,0.333] | v2:G0[0.334,0.333,0.332] | v3:G2[0.333,0.333,0.334] | v4:G2[0.332,0.333,0.334]
[TopoTrace Step 0] v0:G2[0.333,0.333,0.334] | v1:G0[0.334,0.333,0.333] | v2:G0[0.334,0.333,0.332] | v3:G2[0.333,0.333,0.334] | v4:G2[0.332,0.333,0.334]
[TopoTrace Step 0] v0:G2[0.333,0.333,0.334] | v1:G0[0.334,0.333,0.333] | v2:G0[0.334,0.333,0.332] | v3:G2[0.333,0.333,0.334] | v4:G2[0.332,0.333,0.334]
[TopoTrace Step 0] v0:G2[0.333,0.333,0.334] | v1:G0[0.334,0.333,0.333] | v2:G0[0.334,0.333,0.332] | v3:G2[0.333,0.333,0.334] | v4:G2[0.332,0.333,0.334][TopoTrace Step 0] v0:G2[0.333,0.333,0.334] | v1:G0[0.334,0.333,0.333] | v2:G0[0.334,0.333,0.332] | v3:G2[0.333,0.333,0.334] | v4:G2[0.332,0.333,0.334]

[TopoTrace Step 0] v0:G2[0.333,0.333,0.334] | v1:G0[0.334,0.333,0.333] | v2:G0[0.334,0.333,0.332] | v3:G2[0.333,0.333,0.334] | v4:G2[0.332,0.333,0.334]
[TopoTrace Step 0] v0:G2[0.333,0.333,0.334] | v1:G0[0.334,0.333,0.333] | v2:G0[0.334,0.333,0.332] | v3:G2[0.333,0.333,0.334] | v4:G2[0.332,0.333,0.334]
[TopoTrace Step 0] v0:G2[0.333,0.333,0.334] | v1:G0[0.334,0.333,0.333] | v2:G0[0.334,0.333,0.332] | v3:G2[0.333,0.333,0.334] | v4:G2[0.332,0.333,0.334][TopoTrace Step 0] v0:G2[0.333,0.333,0.334] | v1:G0[0.334,0.333,0.333] | v2:G0[0.334,0.333,0.332] | v3:G2[0.333,0.333,0.334] | v4:G2[0.332,0.333,0.334]

[TopoTrace Step 0] v0:G2[0.333,0.333,0.334] | v1:G0[0.334,0.333,0.333] | v2:G0[0.334,0.333,0.332] | v3:G2[0.333,0.333,0.334] | v4:G2[0.332,0.333,0.334]
[TopoTrace Step 0] v0:G2[0.333,0.333,0.334] | v1:G0[0.334,0.333,0.333] | v2:G0[0.334,0.333,0.332] | v3:G2[0.333,0.333,0.334] | v4:G2[0.332,0.333,0.334]
[TopoTrace Step 0] v0:G2[0.333,0.333,0.334] | v1:G0[0.334,0.333,0.333] | v2:G0[0.334,0.333,0.332] | v3:G2[0.333,0.333,0.334] | v4:G2[0.332,0.333,0.334][TopoTrace Step 0] v0:G2[0.333,0.333,0.334] | v1:G0[0.334,0.333,0.333] | v2:G0[0.334,0.333,0.332] | v3:G2[0.333,0.333,0.334] | v4:G2[0.332,0.333,0.334]

[TopoTrace Step 0] v0:G2[0.333,0.333,0.334] | v1:G0[0.334,0.333,0.333] | v2:G0[0.334,0.333,0.332] | v3:G2[0.333,0.333,0.334] | v4:G2[0.332,0.333,0.334]
[TopoTrace Step 0] v0:G2[0.333,0.333,0.334] | v1:G0[0.334,0.333,0.333] | v2:G0[0.334,0.333,0.332] | v3:G2[0.333,0.333,0.334] | v4:G2[0.332,0.333,0.334]
[TopoTrace Step 0] v0:G2[0.333,0.333,0.334] | v1:G0[0.334,0.333,0.333] | v2:G0[0.334,0.333,0.332] | v3:G2[0.333,0.333,0.334] | v4:G2[0.332,0.333,0.334][TopoTrace Step 0] v0:G2[0.333,0.333,0.334] | v1:G0[0.334,0.333,0.333] | v2:G0[0.334,0.333,0.332] | v3:G2[0.333,0.333,0.334] | v4:G2[0.332,0.333,0.334]

[TopoTrace Step 0] v0:G2[0.333,0.333,0.334] | v1:G0[0.334,0.333,0.333] | v2:G0[0.334,0.333,0.332] | v3:G2[0.333,0.333,0.334] | v4:G2[0.332,0.333,0.334]
[TopoTrace Step 0] v0:G2[0.333,0.333,0.334] | v1:G0[0.334,0.333,0.333] | v2:G0[0.334,0.333,0.332] | v3:G2[0.333,0.333,0.334] | v4:G2[0.332,0.333,0.334]
[TopoTrace Step 0] v0:G2[0.333,0.333,0.334] | v1:G0[0.334,0.333,0.333] | v2:G0[0.334,0.333,0.332] | v3:G2[0.333,0.333,0.334] | v4:G2[0.332,0.333,0.334][TopoTrace Step 0] v0:G2[0.333,0.333,0.334] | v1:G0[0.334,0.333,0.333] | v2:G0[0.334,0.333,0.332] | v3:G2[0.333,0.333,0.334] | v4:G2[0.332,0.333,0.334]

[TopoTrace Step 0] v0:G2[0.333,0.333,0.334] | v1:G0[0.334,0.333,0.333] | v2:G0[0.334,0.333,0.332] | v3:G2[0.333,0.333,0.334] | v4:G2[0.332,0.333,0.334]
[TopoTrace Step 0] v0:G2[0.333,0.333,0.334] | v1:G0[0.334,0.333,0.333] | v2:G0[0.334,0.333,0.332] | v3:G2[0.333,0.333,0.334] | v4:G2[0.332,0.333,0.334]
[TopoTrace Step 0] v0:G2[0.333,0.333,0.334] | v1:G0[0.334,0.333,0.333] | v2:G0[0.334,0.333,0.332] | v3:G2[0.333,0.333,0.334] | v4:G2[0.332,0.333,0.334][TopoTrace Step 0] v0:G2[0.333,0.333,0.334] | v1:G0[0.334,0.333,0.333] | v2:G0[0.334,0.333,0.332] | v3:G2[0.333,0.333,0.334] | v4:G2[0.332,0.333,0.334]

[TopoTrace Step 0] v0:G2[0.333,0.333,0.334] | v1:G0[0.334,0.333,0.333] | v2:G0[0.334,0.333,0.332] | v3:G2[0.333,0.333,0.334] | v4:G2[0.332,0.333,0.334]
[TopoTrace Step 0] v0:G2[0.333,0.333,0.334] | v1:G0[0.334,0.333,0.333] | v2:G0[0.334,0.333,0.332] | v3:G2[0.333,0.333,0.334] | v4:G2[0.332,0.333,0.334]
[TopoTrace Step 0] v0:G2[0.333,0.333,0.334] | v1:G0[0.334,0.333,0.333] | v2:G0[0.334,0.333,0.332] | v3:G2[0.333,0.333,0.334] | v4:G2[0.332,0.333,0.334][TopoTrace Step 0] v0:G2[0.333,0.333,0.334] | v1:G0[0.334,0.333,0.333] | v2:G0[0.334,0.333,0.332] | v3:G2[0.333,0.333,0.334] | v4:G2[0.332,0.333,0.334]

[TopoTrace Step 0] v0:G2[0.333,0.333,0.334] | v1:G0[0.334,0.333,0.333] | v2:G0[0.334,0.333,0.332] | v3:G2[0.333,0.333,0.334] | v4:G2[0.332,0.333,0.334]
[TopoTrace Step 0] v0:G2[0.333,0.333,0.334] | v1:G0[0.334,0.333,0.333] | v2:G0[0.334,0.333,0.332] | v3:G2[0.333,0.333,0.334] | v4:G2[0.332,0.333,0.334]
[TopoTrace Step 0] v0:G2[0.333,0.333,0.334] | v1:G0[0.334,0.333,0.333] | v2:G0[0.334,0.333,0.332] | v3:G2[0.333,0.333,0.334] | v4:G2[0.332,0.333,0.334]
[TopoTrace Step 0] v0:G2[0.333,0.333,0.334] | v1:G0[0.334,0.333,0.333] | v2:G0[0.334,0.333,0.332] | v3:G2[0.333,0.333,0.334] | v4:G2[0.332,0.333,0.334]
[TopoTrace Step 0] v0:G2[0.333,0.333,0.334] | v1:G0[0.334,0.333,0.333] | v2:G0[0.334,0.333,0.332] | v3:G2[0.333,0.333,0.334] | v4:G2[0.332,0.333,0.334]
[TopoTrace Step 0] v0:G2[0.333,0.333,0.334] | v1:G0[0.334,0.333,0.333] | v2:G0[0.334,0.333,0.332] | v3:G2[0.333,0.333,0.334] | v4:G2[0.332,0.333,0.334]
[TopoTrace Step 0] v0:G2[0.333,0.333,0.334] | v1:G0[0.334,0.333,0.333] | v2:G0[0.334,0.333,0.332] | v3:G2[0.333,0.333,0.334] | v4:G2[0.332,0.333,0.334]
[TopoTrace Step 0] v0:G2[0.333,0.333,0.334] | v1:G0[0.334,0.333,0.333] | v2:G0[0.334,0.333,0.332] | v3:G2[0.333,0.333,0.334] | v4:G2[0.332,0.333,0.334]
[TopoTrace Step 0] v0:G2[0.333,0.333,0.334] | v1:G0[0.334,0.333,0.333] | v2:G0[0.334,0.333,0.332] | v3:G2[0.333,0.333,0.334] | v4:G2[0.332,0.333,0.334]
[TopoTrace Step 0] v0:G2[0.333,0.333,0.334] | v1:G0[0.334,0.333,0.333] | v2:G0[0.334,0.333,0.332] | v3:G2[0.333,0.333,0.334] | v4:G2[0.332,0.333,0.334]
[TopoTrace Step 0] v0:G2[0.333,0.333,0.334] | v1:G0[0.334,0.333,0.333] | v2:G0[0.334,0.333,0.332] | v3:G2[0.333,0.333,0.334] | v4:G2[0.332,0.333,0.334][TopoTrace Step 0] v0:G2[0.333,0.333,0.334] | v1:G0[0.334,0.333,0.333] | v2:G0[0.334,0.333,0.332] | v3:G2[0.333,0.333,0.334] | v4:G2[0.332,0.333,0.334]

[TopoTrace Step 0] v0:G2[0.333,0.333,0.334] | v1:G0[0.334,0.333,0.333] | v2:G0[0.334,0.333,0.332] | v3:G2[0.333,0.333,0.334] | v4:G2[0.332,0.333,0.334]
[TopoTrace Step 0] v0:G2[0.333,0.333,0.334] | v1:G0[0.334,0.333,0.333] | v2:G0[0.334,0.333,0.332] | v3:G2[0.333,0.333,0.334] | v4:G2[0.332,0.333,0.334]
[TopoTrace Step 0] v0:G2[0.333,0.333,0.334] | v1:G0[0.334,0.333,0.333] | v2:G0[0.334,0.333,0.332] | v3:G2[0.333,0.333,0.334] | v4:G2[0.332,0.333,0.334][TopoTrace Step 0] v0:G2[0.333,0.333,0.334] | v1:G0[0.334,0.333,0.333] | v2:G0[0.334,0.333,0.332] | v3:G2[0.333,0.333,0.334] | v4:G2[0.332,0.333,0.334]

[TopoTrace Step 0] v0:G2[0.333,0.333,0.334] | v1:G0[0.334,0.333,0.333] | v2:G0[0.334,0.333,0.332] | v3:G2[0.333,0.333,0.334] | v4:G2[0.332,0.333,0.334]
[TopoTrace Step 0] v0:G2[0.333,0.333,0.334] | v1:G0[0.334,0.333,0.333] | v2:G0[0.334,0.333,0.332] | v3:G2[0.333,0.333,0.334] | v4:G2[0.332,0.333,0.334]
[TopoTrace Step 0] v0:G2[0.333,0.333,0.334] | v1:G0[0.334,0.333,0.333] | v2:G0[0.334,0.333,0.332] | v3:G2[0.333,0.333,0.334] | v4:G2[0.332,0.333,0.334][TopoTrace Step 0] v0:G2[0.333,0.333,0.334] | v1:G0[0.334,0.333,0.333] | v2:G0[0.334,0.333,0.332] | v3:G2[0.333,0.333,0.334] | v4:G2[0.332,0.333,0.334]

[TopoTrace Step 0] v0:G2[0.333,0.333,0.334] | v1:G0[0.334,0.333,0.333] | v2:G0[0.334,0.333,0.332] | v3:G2[0.333,0.333,0.334] | v4:G2[0.332,0.333,0.334]
[TopoTrace Step 0] v0:G2[0.333,0.333,0.334] | v1:G0[0.334,0.333,0.333] | v2:G0[0.334,0.333,0.332] | v3:G2[0.333,0.333,0.334] | v4:G2[0.332,0.333,0.334]
[TopoTrace Step 0] v0:G2[0.333,0.333,0.334] | v1:G0[0.334,0.333,0.333] | v2:G0[0.334,0.333,0.332] | v3:G2[0.333,0.333,0.334] | v4:G2[0.332,0.333,0.334][TopoTrace Step 0] v0:G2[0.333,0.333,0.334] | v1:G0[0.334,0.333,0.333] | v2:G0[0.334,0.333,0.332] | v3:G2[0.333,0.333,0.334] | v4:G2[0.332,0.333,0.334]

[TopoTrace Step 0] v0:G2[0.333,0.333,0.334] | v1:G0[0.334,0.333,0.333] | v2:G0[0.334,0.333,0.332] | v3:G2[0.333,0.333,0.334] | v4:G2[0.332,0.333,0.334]
[TopoTrace Step 0] v0:G2[0.333,0.333,0.334] | v1:G0[0.334,0.333,0.333] | v2:G0[0.334,0.333,0.332] | v3:G2[0.333,0.333,0.334] | v4:G2[0.332,0.333,0.334]
[TopoTrace Step 0] v0:G2[0.333,0.333,0.334] | v1:G0[0.334,0.333,0.333] | v2:G0[0.334,0.333,0.332] | v3:G2[0.333,0.333,0.334] | v4:G2[0.332,0.333,0.334][TopoTrace Step 0] v0:G2[0.333,0.333,0.334] | v1:G0[0.334,0.333,0.333] | v2:G0[0.334,0.333,0.332] | v3:G2[0.333,0.333,0.334] | v4:G2[0.332,0.333,0.334]

[TopoTrace Step 0] v0:G2[0.333,0.333,0.334] | v1:G0[0.334,0.333,0.333] | v2:G0[0.334,0.333,0.332] | v3:G2[0.333,0.333,0.334] | v4:G2[0.332,0.333,0.334]
[TopoTrace Step 0] v0:G2[0.333,0.333,0.334] | v1:G0[0.334,0.333,0.333] | v2:G0[0.334,0.333,0.332] | v3:G2[0.333,0.333,0.334] | v4:G2[0.332,0.333,0.334]
[TopoTrace Step 0] v0:G2[0.333,0.333,0.334] | v1:G0[0.334,0.333,0.333] | v2:G0[0.334,0.333,0.332] | v3:G2[0.333,0.333,0.334] | v4:G2[0.332,0.333,0.334][TopoTrace Step 0] v0:G2[0.333,0.333,0.334] | v1:G0[0.334,0.333,0.333] | v2:G0[0.334,0.333,0.332] | v3:G2[0.333,0.333,0.334] | v4:G2[0.332,0.333,0.334]

[TopoTrace Step 0] v0:G2[0.333,0.333,0.334] | v1:G0[0.334,0.333,0.333] | v2:G0[0.334,0.333,0.332] | v3:G2[0.333,0.333,0.334] | v4:G2[0.332,0.333,0.334]
[TopoTrace Step 0] v0:G2[0.333,0.333,0.334] | v1:G0[0.334,0.333,0.333] | v2:G0[0.334,0.333,0.332] | v3:G2[0.333,0.333,0.334] | v4:G2[0.332,0.333,0.334]
[TopoTrace Step 0] v0:G2[0.333,0.333,0.334] | v1:G0[0.334,0.333,0.333] | v2:G0[0.334,0.333,0.332] | v3:G2[0.333,0.333,0.334] | v4:G2[0.332,0.333,0.334][TopoTrace Step 0] v0:G2[0.333,0.333,0.334] | v1:G0[0.334,0.333,0.333] | v2:G0[0.334,0.333,0.332] | v3:G2[0.333,0.333,0.334] | v4:G2[0.332,0.333,0.334]

[TopoTrace Step 0] v0:G2[0.333,0.333,0.334] | v1:G0[0.334,0.333,0.333] | v2:G0[0.334,0.333,0.332] | v3:G2[0.333,0.333,0.334] | v4:G2[0.332,0.333,0.334]
[TopoTrace Step 0] v0:G2[0.333,0.333,0.334] | v1:G0[0.334,0.333,0.333] | v2:G0[0.334,0.333,0.332] | v3:G2[0.333,0.333,0.334] | v4:G2[0.332,0.333,0.334]
[TopoTrace Step 0] v0:G2[0.333,0.333,0.334] | v1:G0[0.334,0.333,0.333] | v2:G0[0.334,0.333,0.332] | v3:G2[0.333,0.333,0.334] | v4:G2[0.332,0.333,0.334][TopoTrace Step 0] v0:G2[0.333,0.333,0.334] | v1:G0[0.334,0.333,0.333] | v2:G0[0.334,0.333,0.332] | v3:G2[0.333,0.333,0.334] | v4:G2[0.332,0.333,0.334]

[TopoTrace Step 0] v0:G2[0.333,0.333,0.334] | v1:G0[0.334,0.333,0.333] | v2:G0[0.334,0.333,0.332] | v3:G2[0.333,0.333,0.334] | v4:G2[0.332,0.333,0.334]
[TopoTrace Step 0] v0:G2[0.333,0.333,0.334] | v1:G0[0.334,0.333,0.333] | v2:G0[0.334,0.333,0.332] | v3:G2[0.333,0.333,0.334] | v4:G2[0.332,0.333,0.334]
[TopoTrace Step 0] v0:G2[0.333,0.333,0.334] | v1:G0[0.334,0.333,0.333] | v2:G0[0.334,0.333,0.332] | v3:G2[0.333,0.333,0.334] | v4:G2[0.332,0.333,0.334][TopoTrace Step 0] v0:G2[0.333,0.333,0.334] | v1:G0[0.334,0.333,0.333] | v2:G0[0.334,0.333,0.332] | v3:G2[0.333,0.333,0.334] | v4:G2[0.332,0.333,0.334]

[TopoTrace Step 0] v0:G2[0.333,0.333,0.334] | v1:G0[0.334,0.333,0.333] | v2:G0[0.334,0.333,0.332] | v3:G2[0.333,0.333,0.334] | v4:G2[0.332,0.333,0.334]
[TopoTrace Step 0] v0:G2[0.333,0.333,0.334] | v1:G0[0.334,0.333,0.333] | v2:G0[0.334,0.333,0.332] | v3:G2[0.333,0.333,0.334] | v4:G2[0.332,0.333,0.334]
[TopoTrace Step 0] v0:G2[0.333,0.333,0.334] | v1:G0[0.334,0.333,0.333] | v2:G0[0.334,0.333,0.332] | v3:G2[0.333,0.333,0.334] | v4:G2[0.332,0.333,0.334]
[TopoTrace Step 0] v0:G2[0.333,0.333,0.334] | v1:G0[0.334,0.333,0.333] | v2:G0[0.334,0.333,0.332] | v3:G2[0.333,0.333,0.334] | v4:G2[0.332,0.333,0.334]
[TopoTrace Step 0] v0:G2[0.333,0.333,0.334] | v1:G0[0.334,0.333,0.333] | v2:G0[0.334,0.333,0.332] | v3:G2[0.333,0.333,0.334] | v4:G2[0.332,0.333,0.334]
[TopoTrace Step 0] v0:G2[0.333,0.333,0.334] | v1:G0[0.334,0.333,0.333] | v2:G0[0.334,0.333,0.332] | v3:G2[0.333,0.333,0.334] | v4:G2[0.332,0.333,0.334]
[TopoTrace Step 0] v0:G2[0.333,0.333,0.334] | v1:G0[0.334,0.333,0.333] | v2:G0[0.334,0.333,0.332] | v3:G2[0.333,0.333,0.334] | v4:G2[0.332,0.333,0.334][TopoTrace Step 0] v0:G2[0.333,0.333,0.334] | v1:G0[0.334,0.333,0.333] | v2:G0[0.334,0.333,0.332] | v3:G2[0.333,0.333,0.334] | v4:G2[0.332,0.333,0.334]

[TopoTrace Step 0] v0:G2[0.333,0.333,0.334] | v1:G0[0.334,0.333,0.333] | v2:G0[0.334,0.333,0.332] | v3:G2[0.333,0.333,0.334] | v4:G2[0.332,0.333,0.334]
[TopoTrace Step 0] v0:G2[0.333,0.333,0.334] | v1:G0[0.334,0.333,0.333] | v2:G0[0.334,0.333,0.332] | v3:G2[0.333,0.333,0.334] | v4:G2[0.332,0.333,0.334]
[TopoTrace Step 0] v0:G2[0.333,0.333,0.334] | v1:G0[0.334,0.333,0.333] | v2:G0[0.334,0.333,0.332] | v3:G2[0.333,0.333,0.334] | v4:G2[0.332,0.333,0.334]
[TopoTrace Step 0] v0:G2[0.333,0.333,0.334] | v1:G0[0.334,0.333,0.333] | v2:G0[0.334,0.333,0.332] | v3:G2[0.333,0.333,0.334] | v4:G2[0.332,0.333,0.334]
[TopoTrace Step 0] v0:G2[0.333,0.333,0.334] | v1:G0[0.334,0.333,0.333] | v2:G0[0.334,0.333,0.332] | v3:G2[0.333,0.333,0.334] | v4:G2[0.332,0.333,0.334]
[TopoTrace Step 0] v0:G2[0.333,0.333,0.334] | v1:G0[0.334,0.333,0.333] | v2:G0[0.334,0.333,0.332] | v3:G2[0.333,0.333,0.334] | v4:G2[0.332,0.333,0.334]
[TopoTrace Step 0] v0:G2[0.333,0.333,0.334] | v1:G0[0.334,0.333,0.333] | v2:G0[0.334,0.333,0.332] | v3:G2[0.333,0.333,0.334] | v4:G2[0.332,0.333,0.334][TopoTrace Step 0] v0:G2[0.333,0.333,0.334] | v1:G0[0.334,0.333,0.333] | v2:G0[0.334,0.333,0.332] | v3:G2[0.333,0.333,0.334] | v4:G2[0.332,0.333,0.334]

[TopoTrace Step 0] v0:G2[0.333,0.333,0.334] | v1:G0[0.334,0.333,0.333] | v2:G0[0.334,0.333,0.332] | v3:G2[0.333,0.333,0.334] | v4:G2[0.332,0.333,0.334]
[TopoTrace Step 0] v0:G2[0.333,0.333,0.334] | v1:G0[0.334,0.333,0.333] | v2:G0[0.334,0.333,0.332] | v3:G2[0.333,0.333,0.334] | v4:G2[0.332,0.333,0.334]
[TopoTrace Step 0] v0:G2[0.333,0.333,0.334] | v1:G0[0.334,0.333,0.333] | v2:G0[0.334,0.333,0.332] | v3:G2[0.333,0.333,0.334] | v4:G2[0.332,0.333,0.334][TopoTrace Step 0] v0:G2[0.333,0.333,0.334] | v1:G0[0.334,0.333,0.333] | v2:G0[0.334,0.333,0.332] | v3:G2[0.333,0.333,0.334] | v4:G2[0.332,0.333,0.334]

[TopoTrace Step 0] v0:G2[0.333,0.333,0.334] | v1:G0[0.334,0.333,0.333] | v2:G0[0.334,0.333,0.332] | v3:G2[0.333,0.333,0.334] | v4:G2[0.332,0.333,0.334]
[TopoTrace Step 0] v0:G2[0.333,0.333,0.334] | v1:G0[0.334,0.333,0.333] | v2:G0[0.334,0.333,0.332] | v3:G2[0.333,0.333,0.334] | v4:G2[0.332,0.333,0.334]
[TopoTrace Step 0] v0:G2[0.333,0.333,0.334] | v1:G0[0.334,0.333,0.333] | v2:G0[0.334,0.333,0.332] | v3:G2[0.333,0.333,0.334] | v4:G2[0.332,0.333,0.334][TopoTrace Step 0] v0:G2[0.333,0.333,0.334] | v1:G0[0.334,0.333,0.333] | v2:G0[0.334,0.333,0.332] | v3:G2[0.333,0.333,0.334] | v4:G2[0.332,0.333,0.334]

[TopoTrace Step 0] v0:G2[0.333,0.333,0.334] | v1:G0[0.334,0.333,0.333] | v2:G0[0.334,0.333,0.332] | v3:G2[0.333,0.333,0.334] | v4:G2[0.332,0.333,0.334]
[TopoTrace Step 0] v0:G2[0.333,0.333,0.334] | v1:G0[0.334,0.333,0.333] | v2:G0[0.334,0.333,0.332] | v3:G2[0.333,0.333,0.334] | v4:G2[0.332,0.333,0.334]
[TopoTrace Step 0] v0:G2[0.333,0.333,0.334] | v1:G0[0.334,0.333,0.333] | v2:G0[0.334,0.333,0.332] | v3:G2[0.333,0.333,0.334] | v4:G2[0.332,0.333,0.334][TopoTrace Step 0] v0:G2[0.333,0.333,0.334] | v1:G0[0.334,0.333,0.333] | v2:G0[0.334,0.333,0.332] | v3:G2[0.333,0.333,0.334] | v4:G2[0.332,0.333,0.334]

[TopoTrace Step 0] v0:G2[0.333,0.333,0.334] | v1:G0[0.334,0.333,0.333] | v2:G0[0.334,0.333,0.332] | v3:G2[0.333,0.333,0.334] | v4:G2[0.332,0.333,0.334]
[TopoTrace Step 0] v0:G2[0.333,0.333,0.334] | v1:G0[0.334,0.333,0.333] | v2:G0[0.334,0.333,0.332] | v3:G2[0.333,0.333,0.334] | v4:G2[0.332,0.333,0.334]
[TopoTrace Step 0] v0:G2[0.333,0.333,0.334] | v1:G0[0.334,0.333,0.333] | v2:G0[0.334,0.333,0.332] | v3:G2[0.333,0.333,0.334] | v4:G2[0.332,0.333,0.334][TopoTrace Step 0] v0:G2[0.333,0.333,0.334] | v1:G0[0.334,0.333,0.333] | v2:G0[0.334,0.333,0.332] | v3:G2[0.333,0.333,0.334] | v4:G2[0.332,0.333,0.334]

[TopoTrace Step 0] v0:G2[0.333,0.333,0.334] | v1:G0[0.334,0.333,0.333] | v2:G0[0.334,0.333,0.332] | v3:G2[0.333,0.333,0.334] | v4:G2[0.332,0.333,0.334]
[TopoTrace Step 0] v0:G2[0.333,0.333,0.334] | v1:G0[0.334,0.333,0.333] | v2:G0[0.334,0.333,0.332] | v3:G2[0.333,0.333,0.334] | v4:G2[0.332,0.333,0.334]
[TopoTrace Step 0] v0:G2[0.333,0.333,0.334] | v1:G0[0.334,0.333,0.333] | v2:G0[0.334,0.333,0.332] | v3:G2[0.333,0.333,0.334] | v4:G2[0.332,0.333,0.334][TopoTrace Step 0] v0:G2[0.333,0.333,0.334] | v1:G0[0.334,0.333,0.333] | v2:G0[0.334,0.333,0.332] | v3:G2[0.333,0.333,0.334] | v4:G2[0.332,0.333,0.334]

[TopoTrace Step 0] v0:G2[0.333,0.333,0.334] | v1:G0[0.334,0.333,0.333] | v2:G0[0.334,0.333,0.332] | v3:G2[0.333,0.333,0.334] | v4:G2[0.332,0.333,0.334]
[TopoTrace Step 0] v0:G2[0.333,0.333,0.334] | v1:G0[0.334,0.333,0.333] | v2:G0[0.334,0.333,0.332] | v3:G2[0.333,0.333,0.334] | v4:G2[0.332,0.333,0.334]
[TopoTrace Step 0] v0:G2[0.333,0.333,0.334] | v1:G0[0.334,0.333,0.333] | v2:G0[0.334,0.333,0.332] | v3:G2[0.333,0.333,0.334] | v4:G2[0.332,0.333,0.334]
[TopoTrace Step 0] v0:G2[0.333,0.333,0.334] | v1:G0[0.334,0.333,0.333] | v2:G0[0.334,0.333,0.332] | v3:G2[0.333,0.333,0.334] | v4:G2[0.332,0.333,0.334]
[TopoTrace Step 0] v0:G2[0.333,0.333,0.334] | v1:G0[0.334,0.333,0.333] | v2:G0[0.334,0.333,0.332] | v3:G2[0.333,0.333,0.334] | v4:G2[0.332,0.333,0.334]
[TopoTrace Step 0] v0:G2[0.333,0.333,0.334] | v1:G0[0.334,0.333,0.333] | v2:G0[0.334,0.333,0.332] | v3:G2[0.333,0.333,0.334] | v4:G2[0.332,0.333,0.334]
[TopoTrace Step 0] v0:G2[0.333,0.333,0.334] | v1:G0[0.334,0.333,0.333] | v2:G0[0.334,0.333,0.332] | v3:G2[0.333,0.333,0.334] | v4:G2[0.332,0.333,0.334][TopoTrace Step 0] v0:G2[0.333,0.333,0.334] | v1:G0[0.334,0.333,0.333] | v2:G0[0.334,0.333,0.332] | v3:G2[0.333,0.333,0.334] | v4:G2[0.332,0.333,0.334]

[TopoTrace Step 0] v0:G2[0.333,0.333,0.334] | v1:G0[0.334,0.333,0.333] | v2:G0[0.334,0.333,0.332] | v3:G2[0.333,0.333,0.334] | v4:G2[0.332,0.333,0.334]
[TopoTrace Step 0] v0:G2[0.333,0.333,0.334] | v1:G0[0.334,0.333,0.333] | v2:G0[0.334,0.333,0.332] | v3:G2[0.333,0.333,0.334] | v4:G2[0.332,0.333,0.334]
[TopoTrace Step 0] v0:G2[0.333,0.333,0.334] | v1:G0[0.334,0.333,0.333] | v2:G0[0.334,0.333,0.332] | v3:G2[0.333,0.333,0.334] | v4:G2[0.332,0.333,0.334]
[TopoTrace Step 0] v0:G2[0.333,0.333,0.334] | v1:G0[0.334,0.333,0.333] | v2:G0[0.334,0.333,0.332] | v3:G2[0.333,0.333,0.334] | v4:G2[0.332,0.333,0.334]
[TopoTrace Step 0] v0:G2[0.333,0.333,0.334] | v1:G0[0.334,0.333,0.333] | v2:G0[0.334,0.333,0.332] | v3:G2[0.333,0.333,0.334] | v4:G2[0.332,0.333,0.334]
[TopoTrace Step 0] v0:G2[0.333,0.333,0.334] | v1:G0[0.334,0.333,0.333] | v2:G0[0.334,0.333,0.332] | v3:G2[0.333,0.333,0.334] | v4:G2[0.332,0.333,0.334]
[TopoTrace Step 0] v0:G2[0.333,0.333,0.334] | v1:G0[0.334,0.333,0.333] | v2:G0[0.334,0.333,0.332] | v3:G2[0.333,0.333,0.334] | v4:G2[0.332,0.333,0.334][TopoTrace Step 0] v0:G2[0.333,0.333,0.334] | v1:G0[0.334,0.333,0.333] | v2:G0[0.334,0.333,0.332] | v3:G2[0.333,0.333,0.334] | v4:G2[0.332,0.333,0.334]

[TopoTrace Step 0] v0:G2[0.333,0.333,0.334] | v1:G0[0.334,0.333,0.333] | v2:G0[0.334,0.333,0.332] | v3:G2[0.333,0.333,0.334] | v4:G2[0.332,0.333,0.334]
[TopoTrace Step 0] v0:G2[0.333,0.333,0.334] | v1:G0[0.334,0.333,0.333] | v2:G0[0.334,0.333,0.332] | v3:G2[0.333,0.333,0.334] | v4:G2[0.332,0.333,0.334]
[TopoTrace Step 0] v0:G2[0.333,0.333,0.334] | v1:G0[0.334,0.333,0.333] | v2:G0[0.334,0.333,0.332] | v3:G2[0.333,0.333,0.334] | v4:G2[0.332,0.333,0.334][TopoTrace Step 0] v0:G2[0.333,0.333,0.334] | v1:G0[0.334,0.333,0.333] | v2:G0[0.334,0.333,0.332] | v3:G2[0.333,0.333,0.334] | v4:G2[0.332,0.333,0.334]

[TopoTrace Step 0] v0:G2[0.333,0.333,0.334] | v1:G0[0.334,0.333,0.333] | v2:G0[0.334,0.333,0.332] | v3:G2[0.333,0.333,0.334] | v4:G2[0.332,0.333,0.334]
[TopoTrace Step 0] v0:G2[0.333,0.333,0.334] | v1:G0[0.334,0.333,0.333] | v2:G0[0.334,0.333,0.332] | v3:G2[0.333,0.333,0.334] | v4:G2[0.332,0.333,0.334]
[TopoTrace Step 0] v0:G2[0.333,0.333,0.334] | v1:G0[0.334,0.333,0.333] | v2:G0[0.334,0.333,0.332] | v3:G2[0.333,0.333,0.334] | v4:G2[0.332,0.333,0.334]
[TopoTrace Step 0] v0:G2[0.333,0.333,0.334] | v1:G0[0.334,0.333,0.333] | v2:G0[0.334,0.333,0.332] | v3:G2[0.333,0.333,0.334] | v4:G2[0.332,0.333,0.334]
[TopoTrace Step 0] v0:G2[0.333,0.333,0.334] | v1:G0[0.334,0.333,0.333] | v2:G0[0.334,0.333,0.332] | v3:G2[0.333,0.333,0.334] | v4:G2[0.332,0.333,0.334]
[TopoTrace Step 0] v0:G2[0.333,0.333,0.334] | v1:G0[0.334,0.333,0.333] | v2:G0[0.334,0.333,0.332] | v3:G2[0.333,0.333,0.334] | v4:G2[0.332,0.333,0.334]
[TopoTrace Step 0] v0:G2[0.333,0.333,0.334] | v1:G0[0.334,0.333,0.333] | v2:G0[0.334,0.333,0.332] | v3:G2[0.333,0.333,0.334] | v4:G2[0.332,0.333,0.334]
[TopoTrace Step 0] v0:G2[0.333,0.333,0.334] | v1:G0[0.334,0.333,0.333] | v2:G0[0.334,0.333,0.332] | v3:G2[0.333,0.333,0.334] | v4:G2[0.332,0.333,0.334]
[TopoTrace Step 0] v0:G2[0.333,0.333,0.334] | v1:G0[0.334,0.333,0.333] | v2:G0[0.334,0.333,0.332] | v3:G2[0.333,0.333,0.334] | v4:G2[0.332,0.333,0.334]
[TopoTrace Step 0] v0:G2[0.333,0.333,0.334] | v1:G0[0.334,0.333,0.333] | v2:G0[0.334,0.333,0.332] | v3:G2[0.333,0.333,0.334] | v4:G2[0.332,0.333,0.334]
[TopoTrace Step 0] v0:G2[0.333,0.333,0.334] | v1:G0[0.334,0.333,0.333] | v2:G0[0.334,0.333,0.332] | v3:G2[0.333,0.333,0.334] | v4:G2[0.332,0.333,0.334]
[TopoTrace Step 0] v0:G2[0.333,0.333,0.334] | v1:G0[0.334,0.333,0.333] | v2:G0[0.334,0.333,0.332] | v3:G2[0.333,0.333,0.334] | v4:G2[0.332,0.333,0.334]
[TopoTrace Step 0] v0:G2[0.333,0.333,0.334] | v1:G0[0.334,0.333,0.333] | v2:G0[0.334,0.333,0.332] | v3:G2[0.333,0.333,0.334] | v4:G2[0.332,0.333,0.334]
[TopoTrace Step 0] v0:G2[0.333,0.333,0.334] | v1:G0[0.334,0.333,0.333] | v2:G0[0.334,0.333,0.332] | v3:G2[0.333,0.333,0.334] | v4:G2[0.332,0.333,0.334]
[TopoTrace Step 0] v0:G2[0.333,0.333,0.334] | v1:G0[0.334,0.333,0.333] | v2:G0[0.334,0.333,0.332] | v3:G2[0.333,0.333,0.334] | v4:G2[0.332,0.333,0.334]
[TopoTrace Step 0] v0:G2[0.333,0.333,0.334] | v1:G0[0.334,0.333,0.333] | v2:G0[0.334,0.333,0.332] | v3:G2[0.333,0.333,0.334] | v4:G2[0.332,0.333,0.334]
[TopoTrace Step 0] v0:G2[0.333,0.333,0.334] | v1:G0[0.334,0.333,0.333] | v2:G0[0.334,0.333,0.332] | v3:G2[0.333,0.333,0.334] | v4:G2[0.332,0.333,0.334]
[TopoTrace Step 0] v0:G2[0.333,0.333,0.334] | v1:G0[0.334,0.333,0.333] | v2:G0[0.334,0.333,0.332] | v3:G2[0.333,0.333,0.334] | v4:G2[0.332,0.333,0.334]
[TopoTrace Step 0] v0:G2[0.333,0.333,0.334] | v1:G0[0.334,0.333,0.333] | v2:G0[0.334,0.333,0.332] | v3:G2[0.333,0.333,0.334] | v4:G2[0.332,0.333,0.334]
[TopoTrace Step 0] v0:G2[0.333,0.333,0.334] | v1:G0[0.334,0.333,0.333] | v2:G0[0.334,0.333,0.332] | v3:G2[0.333,0.333,0.334] | v4:G2[0.332,0.333,0.334]
[TopoTrace Step 0] v0:G2[0.333,0.333,0.334] | v1:G0[0.334,0.333,0.333] | v2:G0[0.334,0.333,0.332] | v3:G2[0.333,0.333,0.334] | v4:G2[0.332,0.333,0.334]
[TopoTrace Step 0] v0:G2[0.333,0.333,0.334] | v1:G0[0.334,0.333,0.333] | v2:G0[0.334,0.333,0.332] | v3:G2[0.333,0.333,0.334] | v4:G2[0.332,0.333,0.334]
[TopoTrace Step 0] v0:G2[0.333,0.333,0.334] | v1:G0[0.334,0.333,0.333] | v2:G0[0.334,0.333,0.332] | v3:G2[0.333,0.333,0.334] | v4:G2[0.332,0.333,0.334][TopoTrace Step 0] v0:G2[0.333,0.333,0.334] | v1:G0[0.334,0.333,0.333] | v2:G0[0.334,0.333,0.332] | v3:G2[0.333,0.333,0.334] | v4:G2[0.332,0.333,0.334]

[TopoTrace Step 0] v0:G2[0.333,0.333,0.334] | v1:G0[0.334,0.333,0.333] | v2:G0[0.334,0.333,0.332] | v3:G2[0.333,0.333,0.334] | v4:G2[0.332,0.333,0.334]
[TopoTrace Step 0] v0:G2[0.333,0.333,0.334] | v1:G0[0.334,0.333,0.333] | v2:G0[0.334,0.333,0.332] | v3:G2[0.333,0.333,0.334] | v4:G2[0.332,0.333,0.334]
[TopoTrace Step 0] v0:G2[0.333,0.333,0.334] | v1:G0[0.334,0.333,0.333] | v2:G0[0.334,0.333,0.332] | v3:G2[0.333,0.333,0.334] | v4:G2[0.332,0.333,0.334][TopoTrace Step 0] v0:G2[0.333,0.333,0.334] | v1:G0[0.334,0.333,0.333] | v2:G0[0.334,0.333,0.332] | v3:G2[0.333,0.333,0.334] | v4:G2[0.332,0.333,0.334]

[TopoTrace Step 0] v0:G2[0.333,0.333,0.334] | v1:G0[0.334,0.333,0.333] | v2:G0[0.334,0.333,0.332] | v3:G2[0.333,0.333,0.334] | v4:G2[0.332,0.333,0.334]
[TopoTrace Step 0] v0:G2[0.333,0.333,0.334] | v1:G0[0.334,0.333,0.333] | v2:G0[0.334,0.333,0.332] | v3:G2[0.333,0.333,0.334] | v4:G2[0.332,0.333,0.334]
[TopoTrace Step 0] v0:G2[0.333,0.333,0.334] | v1:G0[0.334,0.333,0.333] | v2:G0[0.334,0.333,0.332] | v3:G2[0.333,0.333,0.334] | v4:G2[0.332,0.333,0.334]
[TopoTrace Step 0] v0:G2[0.333,0.333,0.334] | v1:G0[0.334,0.333,0.333] | v2:G0[0.334,0.333,0.332] | v3:G2[0.333,0.333,0.334] | v4:G2[0.332,0.333,0.334]
[TopoTrace Step 0] v0:G2[0.333,0.333,0.334] | v1:G0[0.334,0.333,0.333] | v2:G0[0.334,0.333,0.332] | v3:G2[0.333,0.333,0.334] | v4:G2[0.332,0.333,0.334]
[TopoTrace Step 0] v0:G2[0.333,0.333,0.334] | v1:G0[0.334,0.333,0.333] | v2:G0[0.334,0.333,0.332] | v3:G2[0.333,0.333,0.334] | v4:G2[0.332,0.333,0.334]
[TopoTrace Step 0] v0:G2[0.333,0.333,0.334] | v1:G0[0.334,0.333,0.333] | v2:G0[0.334,0.333,0.332] | v3:G2[0.333,0.333,0.334] | v4:G2[0.332,0.333,0.334][TopoTrace Step 0] v0:G2[0.333,0.333,0.334] | v1:G0[0.334,0.333,0.333] | v2:G0[0.334,0.333,0.332] | v3:G2[0.333,0.333,0.334] | v4:G2[0.332,0.333,0.334]

[TopoTrace Step 0] v0:G2[0.333,0.333,0.334] | v1:G0[0.334,0.333,0.333] | v2:G0[0.334,0.333,0.332] | v3:G2[0.333,0.333,0.334] | v4:G2[0.332,0.333,0.334]
[TopoTrace Step 0] v0:G2[0.333,0.333,0.334] | v1:G0[0.334,0.333,0.333] | v2:G0[0.334,0.333,0.332] | v3:G2[0.333,0.333,0.334] | v4:G2[0.332,0.333,0.334]
[TopoTrace Step 0] v0:G2[0.333,0.333,0.334] | v1:G0[0.334,0.333,0.333] | v2:G0[0.334,0.333,0.332] | v3:G2[0.333,0.333,0.334] | v4:G2[0.332,0.333,0.334][TopoTrace Step 0] v0:G2[0.333,0.333,0.334] | v1:G0[0.334,0.333,0.333] | v2:G0[0.334,0.333,0.332] | v3:G2[0.333,0.333,0.334] | v4:G2[0.332,0.333,0.334]

[TopoTrace Step 0] v0:G2[0.333,0.333,0.334] | v1:G0[0.334,0.333,0.333] | v2:G0[0.334,0.333,0.332] | v3:G2[0.333,0.333,0.334] | v4:G2[0.332,0.333,0.334]
[TopoTrace Step 0] v0:G2[0.333,0.333,0.334] | v1:G0[0.334,0.333,0.333] | v2:G0[0.334,0.333,0.332] | v3:G2[0.333,0.333,0.334] | v4:G2[0.332,0.333,0.334]
[TopoTrace Step 0] v0:G2[0.333,0.333,0.334] | v1:G0[0.334,0.333,0.333] | v2:G0[0.334,0.333,0.332] | v3:G2[0.333,0.333,0.334] | v4:G2[0.332,0.333,0.334][TopoTrace Step 0] v0:G2[0.333,0.333,0.334] | v1:G0[0.334,0.333,0.333] | v2:G0[0.334,0.333,0.332] | v3:G2[0.333,0.333,0.334] | v4:G2[0.332,0.333,0.334]

[TopoTrace Step 0] v0:G2[0.333,0.333,0.334] | v1:G0[0.334,0.333,0.333] | v2:G0[0.334,0.333,0.332] | v3:G2[0.333,0.333,0.334] | v4:G2[0.332,0.333,0.334]
[TopoTrace Step 0] v0:G2[0.333,0.333,0.334] | v1:G0[0.334,0.333,0.333] | v2:G0[0.334,0.333,0.332] | v3:G2[0.333,0.333,0.334] | v4:G2[0.332,0.333,0.334]
[TopoTrace Step 0] v0:G2[0.333,0.333,0.334] | v1:G0[0.334,0.333,0.333] | v2:G0[0.334,0.333,0.332] | v3:G2[0.333,0.333,0.334] | v4:G2[0.332,0.333,0.334][TopoTrace Step 0] v0:G2[0.333,0.333,0.334] | v1:G0[0.334,0.333,0.333] | v2:G0[0.334,0.333,0.332] | v3:G2[0.333,0.333,0.334] | v4:G2[0.332,0.333,0.334]

[TopoTrace Step 0] v0:G2[0.333,0.333,0.334] | v1:G0[0.334,0.333,0.333] | v2:G0[0.334,0.333,0.332] | v3:G2[0.333,0.333,0.334] | v4:G2[0.332,0.333,0.334]
[TopoTrace Step 0] v0:G2[0.333,0.333,0.334] | v1:G0[0.334,0.333,0.333] | v2:G0[0.334,0.333,0.332] | v3:G2[0.333,0.333,0.334] | v4:G2[0.332,0.333,0.334]
[TopoTrace Step 0] v0:G2[0.333,0.333,0.334] | v1:G0[0.334,0.333,0.333] | v2:G0[0.334,0.333,0.332] | v3:G2[0.333,0.333,0.334] | v4:G2[0.332,0.333,0.334]
[TopoTrace Step 0] v0:G2[0.333,0.333,0.334] | v1:G0[0.334,0.333,0.333] | v2:G0[0.334,0.333,0.332] | v3:G2[0.333,0.333,0.334] | v4:G2[0.332,0.333,0.334]
[TopoTrace Step 0] v0:G2[0.333,0.333,0.334] | v1:G0[0.334,0.333,0.333] | v2:G0[0.334,0.333,0.332] | v3:G2[0.333,0.333,0.334] | v4:G2[0.332,0.333,0.334]
[TopoTrace Step 0] v0:G2[0.333,0.333,0.334] | v1:G0[0.334,0.333,0.333] | v2:G0[0.334,0.333,0.332] | v3:G2[0.333,0.333,0.334] | v4:G2[0.332,0.333,0.334]
[TopoTrace Step 0] v0:G2[0.333,0.333,0.334] | v1:G0[0.334,0.333,0.333] | v2:G0[0.334,0.333,0.332] | v3:G2[0.333,0.333,0.334] | v4:G2[0.332,0.333,0.334][TopoTrace Step 0] v0:G2[0.333,0.333,0.334] | v1:G0[0.334,0.333,0.333] | v2:G0[0.334,0.333,0.332] | v3:G2[0.333,0.333,0.334] | v4:G2[0.332,0.333,0.334]

[TopoTrace Step 0] v0:G2[0.333,0.333,0.334] | v1:G0[0.334,0.333,0.333] | v2:G0[0.334,0.333,0.332] | v3:G2[0.333,0.333,0.334] | v4:G2[0.332,0.333,0.334]
[TopoTrace Step 0] v0:G2[0.333,0.333,0.334] | v1:G0[0.334,0.333,0.333] | v2:G0[0.334,0.333,0.332] | v3:G2[0.333,0.333,0.334] | v4:G2[0.332,0.333,0.334]
[TopoTrace Step 0] v0:G2[0.333,0.333,0.334] | v1:G0[0.334,0.333,0.333] | v2:G0[0.334,0.333,0.332] | v3:G2[0.333,0.333,0.334] | v4:G2[0.332,0.333,0.334][TopoTrace Step 0] v0:G2[0.333,0.333,0.334] | v1:G0[0.334,0.333,0.333] | v2:G0[0.334,0.333,0.332] | v3:G2[0.333,0.333,0.334] | v4:G2[0.332,0.333,0.334]

	iters: 100, epoch: 6 | loss: 0.3643582
	speed: 1.9788s/iter; left time: 1258.5132s
[TopoTrace Step 0] v0:G2[0.333,0.333,0.334] | v1:G0[0.334,0.333,0.333] | v2:G0[0.334,0.333,0.332] | v3:G2[0.333,0.333,0.334] | v4:G2[0.332,0.333,0.334]
[TopoTrace Step 0] v0:G2[0.333,0.333,0.334] | v1:G0[0.334,0.333,0.333] | v2:G0[0.334,0.333,0.332] | v3:G2[0.333,0.333,0.334] | v4:G2[0.332,0.333,0.334]
[TopoTrace Step 0] v0:G2[0.333,0.333,0.334] | v1:G0[0.334,0.333,0.333] | v2:G0[0.334,0.333,0.332] | v3:G2[0.333,0.333,0.334] | v4:G2[0.332,0.333,0.334][TopoTrace Step 0] v0:G2[0.333,0.333,0.334] | v1:G0[0.334,0.333,0.333] | v2:G0[0.334,0.333,0.332] | v3:G2[0.333,0.333,0.334] | v4:G2[0.332,0.333,0.334]

[TopoTrace Step 0] v0:G2[0.333,0.333,0.334] | v1:G0[0.334,0.333,0.333] | v2:G0[0.334,0.333,0.332] | v3:G2[0.333,0.333,0.334] | v4:G2[0.332,0.333,0.334]
[TopoTrace Step 0] v0:G2[0.333,0.333,0.334] | v1:G0[0.334,0.333,0.333] | v2:G0[0.334,0.333,0.332] | v3:G2[0.333,0.333,0.334] | v4:G2[0.332,0.333,0.334]
[TopoTrace Step 0] v0:G2[0.333,0.333,0.334] | v1:G0[0.334,0.333,0.333] | v2:G0[0.334,0.333,0.332] | v3:G2[0.333,0.333,0.334] | v4:G2[0.332,0.333,0.334]
[TopoTrace Step 0] v0:G2[0.333,0.333,0.334] | v1:G0[0.334,0.333,0.333] | v2:G0[0.334,0.333,0.332] | v3:G2[0.333,0.333,0.334] | v4:G2[0.332,0.333,0.334]
[TopoTrace Step 0] v0:G2[0.333,0.333,0.334] | v1:G0[0.334,0.333,0.333] | v2:G0[0.334,0.333,0.332] | v3:G2[0.333,0.333,0.334] | v4:G2[0.332,0.333,0.334]
[TopoTrace Step 0] v0:G2[0.333,0.333,0.334] | v1:G0[0.334,0.333,0.333] | v2:G0[0.334,0.333,0.332] | v3:G2[0.333,0.333,0.334] | v4:G2[0.332,0.333,0.334]
[TopoTrace Step 0] v0:G2[0.333,0.333,0.334] | v1:G0[0.334,0.333,0.333] | v2:G0[0.334,0.333,0.332] | v3:G2[0.333,0.333,0.334] | v4:G2[0.332,0.333,0.334]
[TopoTrace Step 0] v0:G2[0.333,0.333,0.334] | v1:G0[0.334,0.333,0.333] | v2:G0[0.334,0.333,0.332] | v3:G2[0.333,0.333,0.334] | v4:G2[0.332,0.333,0.334]
[TopoTrace Step 0] v0:G2[0.333,0.333,0.334] | v1:G0[0.334,0.333,0.333] | v2:G0[0.334,0.333,0.332] | v3:G2[0.333,0.333,0.334] | v4:G2[0.332,0.333,0.334]
[TopoTrace Step 0] v0:G2[0.333,0.333,0.334] | v1:G0[0.334,0.333,0.333] | v2:G0[0.334,0.333,0.332] | v3:G2[0.333,0.333,0.334] | v4:G2[0.332,0.333,0.334]
[TopoTrace Step 0] v0:G2[0.333,0.333,0.334] | v1:G0[0.334,0.333,0.333] | v2:G0[0.334,0.333,0.332] | v3:G2[0.333,0.333,0.334] | v4:G2[0.332,0.333,0.334][TopoTrace Step 0] v0:G2[0.333,0.333,0.334] | v1:G0[0.334,0.333,0.333] | v2:G0[0.334,0.333,0.332] | v3:G2[0.333,0.333,0.334] | v4:G2[0.332,0.333,0.334]

[TopoTrace Step 0] v0:G2[0.333,0.333,0.334] | v1:G0[0.334,0.333,0.333] | v2:G0[0.334,0.333,0.332] | v3:G2[0.333,0.333,0.334] | v4:G2[0.332,0.333,0.334]
[TopoTrace Step 0] v0:G2[0.333,0.333,0.334] | v1:G0[0.334,0.333,0.333] | v2:G0[0.334,0.333,0.332] | v3:G2[0.333,0.333,0.334] | v4:G2[0.332,0.333,0.334]
[TopoTrace Step 0] v0:G2[0.333,0.333,0.334] | v1:G0[0.334,0.333,0.333] | v2:G0[0.334,0.333,0.332] | v3:G2[0.333,0.333,0.334] | v4:G2[0.332,0.333,0.334][TopoTrace Step 0] v0:G2[0.333,0.333,0.334] | v1:G0[0.334,0.333,0.333] | v2:G0[0.334,0.333,0.332] | v3:G2[0.333,0.333,0.334] | v4:G2[0.332,0.333,0.334]

[TopoTrace Step 0] v0:G2[0.333,0.333,0.334] | v1:G0[0.334,0.333,0.333] | v2:G0[0.334,0.333,0.332] | v3:G2[0.333,0.333,0.334] | v4:G2[0.332,0.333,0.334]
[TopoTrace Step 0] v0:G2[0.333,0.333,0.334] | v1:G0[0.334,0.333,0.333] | v2:G0[0.334,0.333,0.332] | v3:G2[0.333,0.333,0.334] | v4:G2[0.332,0.333,0.334]
[TopoTrace Step 0] v0:G2[0.333,0.333,0.334] | v1:G0[0.334,0.333,0.333] | v2:G0[0.334,0.333,0.332] | v3:G2[0.333,0.333,0.334] | v4:G2[0.332,0.333,0.334][TopoTrace Step 0] v0:G2[0.333,0.333,0.334] | v1:G0[0.334,0.333,0.333] | v2:G0[0.334,0.333,0.332] | v3:G2[0.333,0.333,0.334] | v4:G2[0.332,0.333,0.334]

[TopoTrace Step 0] v0:G2[0.333,0.333,0.334] | v1:G0[0.334,0.333,0.333] | v2:G0[0.334,0.334,0.332] | v3:G2[0.333,0.333,0.334] | v4:G2[0.332,0.333,0.334]
[TopoTrace Step 0] v0:G2[0.333,0.333,0.334] | v1:G0[0.334,0.333,0.333] | v2:G0[0.334,0.334,0.332] | v3:G2[0.333,0.333,0.334] | v4:G2[0.332,0.333,0.334]
[TopoTrace Step 0] v0:G2[0.333,0.333,0.334] | v1:G0[0.334,0.333,0.333] | v2:G0[0.334,0.334,0.332] | v3:G2[0.333,0.333,0.334] | v4:G2[0.332,0.333,0.334]
[TopoTrace Step 0] v0:G2[0.333,0.333,0.334] | v1:G0[0.334,0.333,0.333] | v2:G0[0.334,0.334,0.332] | v3:G2[0.333,0.333,0.334] | v4:G2[0.332,0.333,0.334]
[TopoTrace Step 0] v0:G2[0.333,0.333,0.334] | v1:G0[0.334,0.333,0.333] | v2:G0[0.334,0.334,0.332] | v3:G2[0.333,0.333,0.334] | v4:G2[0.332,0.333,0.334]
[TopoTrace Step 0] v0:G2[0.333,0.333,0.334] | v1:G0[0.334,0.333,0.333] | v2:G0[0.334,0.334,0.332] | v3:G2[0.333,0.333,0.334] | v4:G2[0.332,0.333,0.334]
[TopoTrace Step 0] v0:G2[0.333,0.333,0.334] | v1:G0[0.334,0.333,0.333] | v2:G0[0.334,0.334,0.332] | v3:G2[0.333,0.333,0.334] | v4:G2[0.332,0.333,0.334][TopoTrace Step 0] v0:G2[0.333,0.333,0.334] | v1:G0[0.334,0.333,0.333] | v2:G0[0.334,0.334,0.332] | v3:G2[0.333,0.333,0.334] | v4:G2[0.332,0.333,0.334]

[TopoTrace Step 0] v0:G2[0.333,0.333,0.334] | v1:G0[0.334,0.333,0.333] | v2:G0[0.334,0.334,0.332] | v3:G2[0.333,0.333,0.334] | v4:G2[0.332,0.333,0.334]
[TopoTrace Step 0] v0:G2[0.333,0.333,0.334] | v1:G0[0.334,0.333,0.333] | v2:G0[0.334,0.334,0.332] | v3:G2[0.333,0.333,0.334] | v4:G2[0.332,0.333,0.334]
[TopoTrace Step 0] v0:G2[0.333,0.333,0.334] | v1:G0[0.334,0.333,0.333] | v2:G0[0.334,0.334,0.332] | v3:G2[0.333,0.333,0.334] | v4:G2[0.332,0.333,0.334]
[TopoTrace Step 0] v0:G2[0.333,0.333,0.334] | v1:G0[0.334,0.333,0.333] | v2:G0[0.334,0.334,0.332] | v3:G2[0.333,0.333,0.334] | v4:G2[0.332,0.333,0.334]
[TopoTrace Step 0] v0:G2[0.333,0.333,0.334] | v1:G0[0.334,0.333,0.333] | v2:G0[0.334,0.334,0.332] | v3:G2[0.333,0.333,0.334] | v4:G2[0.332,0.333,0.334]
[TopoTrace Step 0] v0:G2[0.333,0.333,0.334] | v1:G0[0.334,0.333,0.333] | v2:G0[0.334,0.334,0.332] | v3:G2[0.333,0.333,0.334] | v4:G2[0.332,0.333,0.334]
[TopoTrace Step 0] v0:G2[0.333,0.333,0.334] | v1:G0[0.334,0.333,0.333] | v2:G0[0.334,0.334,0.332] | v3:G2[0.333,0.333,0.334] | v4:G2[0.332,0.333,0.334][TopoTrace Step 0] v0:G2[0.333,0.333,0.334] | v1:G0[0.334,0.333,0.333] | v2:G0[0.334,0.334,0.332] | v3:G2[0.333,0.333,0.334] | v4:G2[0.332,0.333,0.334]

[TopoTrace Step 0] v0:G2[0.333,0.333,0.334] | v1:G0[0.334,0.333,0.333] | v2:G0[0.334,0.334,0.332] | v3:G2[0.333,0.333,0.334] | v4:G2[0.332,0.333,0.334]
[TopoTrace Step 0] v0:G2[0.333,0.333,0.334] | v1:G0[0.334,0.333,0.333] | v2:G0[0.334,0.334,0.332] | v3:G2[0.333,0.333,0.334] | v4:G2[0.332,0.333,0.334]
[TopoTrace Step 0] v0:G2[0.333,0.333,0.334] | v1:G0[0.334,0.333,0.333] | v2:G0[0.334,0.334,0.332] | v3:G2[0.333,0.333,0.334] | v4:G2[0.332,0.333,0.334]
[TopoTrace Step 0] v0:G2[0.333,0.333,0.334] | v1:G0[0.334,0.333,0.333] | v2:G0[0.334,0.334,0.332] | v3:G2[0.333,0.333,0.334] | v4:G2[0.332,0.333,0.334]
[TopoTrace Step 0] v0:G2[0.333,0.333,0.334] | v1:G0[0.334,0.333,0.333] | v2:G0[0.334,0.334,0.332] | v3:G2[0.333,0.333,0.334] | v4:G2[0.332,0.333,0.334]
[TopoTrace Step 0] v0:G2[0.333,0.333,0.334] | v1:G0[0.334,0.333,0.333] | v2:G0[0.334,0.334,0.332] | v3:G2[0.333,0.333,0.334] | v4:G2[0.332,0.333,0.334]
[TopoTrace Step 0] v0:G2[0.333,0.333,0.334] | v1:G0[0.334,0.333,0.333] | v2:G0[0.334,0.334,0.332] | v3:G2[0.333,0.333,0.334] | v4:G2[0.332,0.333,0.334]
[TopoTrace Step 0] v0:G2[0.333,0.333,0.334] | v1:G0[0.334,0.333,0.333] | v2:G0[0.334,0.334,0.332] | v3:G2[0.333,0.333,0.334] | v4:G2[0.332,0.333,0.334]
[TopoTrace Step 0] v0:G2[0.333,0.333,0.334] | v1:G0[0.334,0.333,0.333] | v2:G0[0.334,0.334,0.332] | v3:G2[0.333,0.333,0.334] | v4:G2[0.332,0.333,0.334]
[TopoTrace Step 0] v0:G2[0.333,0.333,0.334] | v1:G0[0.334,0.333,0.333] | v2:G0[0.334,0.334,0.332] | v3:G2[0.333,0.333,0.334] | v4:G2[0.332,0.333,0.334]
[TopoTrace Step 0] v0:G2[0.333,0.333,0.334] | v1:G0[0.334,0.333,0.333] | v2:G0[0.334,0.334,0.332] | v3:G2[0.333,0.333,0.334] | v4:G2[0.332,0.333,0.334]
[TopoTrace Step 0] v0:G2[0.333,0.333,0.334] | v1:G0[0.334,0.333,0.333] | v2:G0[0.334,0.334,0.332] | v3:G2[0.333,0.333,0.334] | v4:G2[0.332,0.333,0.334]
[TopoTrace Step 0] v0:G2[0.333,0.333,0.334] | v1:G0[0.334,0.333,0.333] | v2:G0[0.334,0.334,0.332] | v3:G2[0.333,0.333,0.334] | v4:G2[0.332,0.333,0.334]
[TopoTrace Step 0] v0:G2[0.333,0.333,0.334] | v1:G0[0.334,0.333,0.333] | v2:G0[0.334,0.334,0.332] | v3:G2[0.333,0.333,0.334] | v4:G2[0.332,0.333,0.334]
[TopoTrace Step 0] v0:G2[0.333,0.333,0.334] | v1:G0[0.334,0.333,0.333] | v2:G0[0.334,0.334,0.332] | v3:G2[0.333,0.333,0.334] | v4:G2[0.332,0.333,0.334][TopoTrace Step 0] v0:G2[0.333,0.333,0.334] | v1:G0[0.334,0.333,0.333] | v2:G0[0.334,0.334,0.332] | v3:G2[0.333,0.333,0.334] | v4:G2[0.332,0.333,0.334]

[TopoTrace Step 0] v0:G2[0.333,0.333,0.334] | v1:G0[0.334,0.333,0.333] | v2:G0[0.334,0.334,0.332] | v3:G2[0.333,0.333,0.334] | v4:G2[0.332,0.333,0.334]
[TopoTrace Step 0] v0:G2[0.333,0.333,0.334] | v1:G0[0.334,0.333,0.333] | v2:G0[0.334,0.334,0.332] | v3:G2[0.333,0.333,0.334] | v4:G2[0.332,0.333,0.334]
[TopoTrace Step 0] v0:G2[0.333,0.333,0.334] | v1:G0[0.334,0.333,0.333] | v2:G0[0.334,0.334,0.332] | v3:G2[0.333,0.333,0.334] | v4:G2[0.332,0.333,0.334][TopoTrace Step 0] v0:G2[0.333,0.333,0.334] | v1:G0[0.334,0.333,0.333] | v2:G0[0.334,0.334,0.332] | v3:G2[0.333,0.333,0.334] | v4:G2[0.332,0.333,0.334]

[TopoTrace Step 0] v0:G2[0.333,0.333,0.334] | v1:G0[0.334,0.333,0.333] | v2:G0[0.334,0.334,0.332] | v3:G2[0.333,0.333,0.334] | v4:G2[0.332,0.333,0.334]
[TopoTrace Step 0] v0:G2[0.333,0.333,0.334] | v1:G0[0.334,0.333,0.333] | v2:G0[0.334,0.334,0.332] | v3:G2[0.333,0.333,0.334] | v4:G2[0.332,0.333,0.334]
[TopoTrace Step 0] v0:G2[0.333,0.333,0.334] | v1:G0[0.334,0.333,0.333] | v2:G0[0.334,0.334,0.332] | v3:G2[0.333,0.333,0.334] | v4:G2[0.332,0.333,0.334]
[TopoTrace Step 0] v0:G2[0.333,0.333,0.334] | v1:G0[0.334,0.333,0.333] | v2:G0[0.334,0.334,0.332] | v3:G2[0.333,0.333,0.334] | v4:G2[0.332,0.333,0.334]
[TopoTrace Step 0] v0:G2[0.333,0.333,0.334] | v1:G0[0.334,0.333,0.333] | v2:G0[0.334,0.334,0.332] | v3:G2[0.333,0.333,0.334] | v4:G2[0.332,0.333,0.334]
[TopoTrace Step 0] v0:G2[0.333,0.333,0.334] | v1:G0[0.334,0.333,0.333] | v2:G0[0.334,0.334,0.332] | v3:G2[0.333,0.333,0.334] | v4:G2[0.332,0.333,0.334]
[TopoTrace Step 0] v0:G2[0.333,0.333,0.334] | v1:G0[0.334,0.333,0.333] | v2:G0[0.334,0.334,0.332] | v3:G2[0.333,0.333,0.334] | v4:G2[0.332,0.333,0.334]
[TopoTrace Step 0] v0:G2[0.333,0.333,0.334] | v1:G0[0.334,0.333,0.333] | v2:G0[0.334,0.334,0.332] | v3:G2[0.333,0.333,0.334] | v4:G2[0.332,0.333,0.334]
[TopoTrace Step 0] v0:G2[0.333,0.333,0.334] | v1:G0[0.334,0.333,0.333] | v2:G0[0.334,0.334,0.332] | v3:G2[0.333,0.333,0.334] | v4:G2[0.332,0.333,0.334]
[TopoTrace Step 0] v0:G2[0.333,0.333,0.334] | v1:G0[0.334,0.333,0.333] | v2:G0[0.334,0.334,0.332] | v3:G2[0.333,0.333,0.334] | v4:G2[0.332,0.333,0.334]
[TopoTrace Step 0] v0:G2[0.333,0.333,0.334] | v1:G0[0.334,0.333,0.333] | v2:G0[0.334,0.334,0.332] | v3:G2[0.333,0.333,0.334] | v4:G2[0.332,0.333,0.334]
[TopoTrace Step 0] v0:G2[0.333,0.333,0.334] | v1:G0[0.334,0.333,0.333] | v2:G0[0.334,0.334,0.332] | v3:G2[0.333,0.333,0.334] | v4:G2[0.332,0.333,0.334]
[TopoTrace Step 0] v0:G2[0.333,0.333,0.334] | v1:G0[0.334,0.333,0.333] | v2:G0[0.334,0.334,0.332] | v3:G2[0.333,0.333,0.334] | v4:G2[0.332,0.333,0.334]
[TopoTrace Step 0] v0:G2[0.333,0.333,0.334] | v1:G0[0.334,0.333,0.333] | v2:G0[0.334,0.334,0.332] | v3:G2[0.333,0.333,0.334] | v4:G2[0.332,0.333,0.334]
[TopoTrace Step 0] v0:G2[0.333,0.333,0.334] | v1:G0[0.334,0.333,0.333] | v2:G0[0.334,0.334,0.332] | v3:G2[0.333,0.333,0.334] | v4:G2[0.332,0.333,0.334][TopoTrace Step 0] v0:G2[0.333,0.333,0.334] | v1:G0[0.334,0.333,0.333] | v2:G0[0.334,0.334,0.332] | v3:G2[0.333,0.333,0.334] | v4:G2[0.332,0.333,0.334]

[TopoTrace Step 0] v0:G2[0.333,0.333,0.334] | v1:G0[0.334,0.333,0.333] | v2:G0[0.334,0.334,0.332] | v3:G2[0.333,0.333,0.334] | v4:G2[0.332,0.333,0.334]
[TopoTrace Step 0] v0:G2[0.333,0.333,0.334] | v1:G0[0.334,0.333,0.333] | v2:G0[0.334,0.334,0.332] | v3:G2[0.333,0.333,0.334] | v4:G2[0.332,0.333,0.334]
[TopoTrace Step 0] v0:G2[0.333,0.333,0.334] | v1:G0[0.334,0.333,0.333] | v2:G0[0.334,0.334,0.332] | v3:G2[0.333,0.333,0.334] | v4:G2[0.332,0.333,0.334][TopoTrace Step 0] v0:G2[0.333,0.333,0.334] | v1:G0[0.334,0.333,0.333] | v2:G0[0.334,0.334,0.332] | v3:G2[0.333,0.333,0.334] | v4:G2[0.332,0.333,0.334]

[TopoTrace Step 0] v0:G2[0.333,0.333,0.334] | v1:G0[0.334,0.333,0.333] | v2:G0[0.334,0.334,0.332] | v3:G2[0.333,0.333,0.334] | v4:G2[0.332,0.333,0.334]
[TopoTrace Step 0] v0:G2[0.333,0.333,0.334] | v1:G0[0.334,0.333,0.333] | v2:G0[0.334,0.334,0.332] | v3:G2[0.333,0.333,0.334] | v4:G2[0.332,0.333,0.334]
[TopoTrace Step 0] v0:G2[0.333,0.333,0.334] | v1:G0[0.334,0.333,0.333] | v2:G0[0.334,0.334,0.332] | v3:G2[0.333,0.333,0.334] | v4:G2[0.332,0.333,0.334]
[TopoTrace Step 0] v0:G2[0.333,0.333,0.334] | v1:G0[0.334,0.333,0.333] | v2:G0[0.334,0.334,0.332] | v3:G2[0.333,0.333,0.334] | v4:G2[0.332,0.333,0.334]
[TopoTrace Step 0] v0:G2[0.333,0.333,0.334] | v1:G0[0.334,0.333,0.333] | v2:G0[0.334,0.334,0.332] | v3:G2[0.333,0.333,0.334] | v4:G2[0.332,0.333,0.334]
[TopoTrace Step 0] v0:G2[0.333,0.333,0.334] | v1:G0[0.334,0.333,0.333] | v2:G0[0.334,0.334,0.332] | v3:G2[0.333,0.333,0.334] | v4:G2[0.332,0.333,0.334]
[TopoTrace Step 0] v0:G2[0.333,0.333,0.334] | v1:G0[0.334,0.333,0.333] | v2:G0[0.334,0.334,0.332] | v3:G2[0.333,0.333,0.334] | v4:G2[0.332,0.333,0.334][TopoTrace Step 0] v0:G2[0.333,0.333,0.334] | v1:G0[0.334,0.333,0.333] | v2:G0[0.334,0.334,0.332] | v3:G2[0.333,0.333,0.334] | v4:G2[0.332,0.333,0.334]

[TopoTrace Step 0] v0:G2[0.333,0.333,0.334] | v1:G0[0.334,0.333,0.333] | v2:G0[0.334,0.334,0.332] | v3:G2[0.333,0.333,0.334] | v4:G2[0.332,0.333,0.334]
[TopoTrace Step 0] v0:G2[0.333,0.333,0.334] | v1:G0[0.334,0.333,0.333] | v2:G0[0.334,0.334,0.332] | v3:G2[0.333,0.333,0.334] | v4:G2[0.332,0.333,0.334]
[TopoTrace Step 0] v0:G2[0.333,0.333,0.334] | v1:G0[0.334,0.333,0.333] | v2:G0[0.334,0.334,0.332] | v3:G2[0.333,0.333,0.334] | v4:G2[0.332,0.333,0.334][TopoTrace Step 0] v0:G2[0.333,0.333,0.334] | v1:G0[0.334,0.333,0.333] | v2:G0[0.334,0.334,0.332] | v3:G2[0.333,0.333,0.334] | v4:G2[0.332,0.333,0.334]

[TopoTrace Step 0] v0:G2[0.333,0.333,0.334] | v1:G0[0.334,0.333,0.333] | v2:G0[0.334,0.334,0.332] | v3:G2[0.333,0.333,0.334] | v4:G2[0.332,0.333,0.334]
[TopoTrace Step 0] v0:G2[0.333,0.333,0.334] | v1:G0[0.334,0.333,0.333] | v2:G0[0.334,0.334,0.332] | v3:G2[0.333,0.333,0.334] | v4:G2[0.332,0.333,0.334]
[TopoTrace Step 0] v0:G2[0.333,0.333,0.334] | v1:G0[0.334,0.333,0.333] | v2:G0[0.334,0.334,0.332] | v3:G2[0.333,0.333,0.334] | v4:G2[0.332,0.333,0.334][TopoTrace Step 0] v0:G2[0.333,0.333,0.334] | v1:G0[0.334,0.333,0.333] | v2:G0[0.334,0.334,0.332] | v3:G2[0.333,0.333,0.334] | v4:G2[0.332,0.333,0.334]

[TopoTrace Step 0] v0:G2[0.333,0.333,0.334] | v1:G0[0.334,0.333,0.333] | v2:G0[0.334,0.334,0.332] | v3:G2[0.333,0.333,0.334] | v4:G2[0.332,0.333,0.334]
[TopoTrace Step 0] v0:G2[0.333,0.333,0.334] | v1:G0[0.334,0.333,0.333] | v2:G0[0.334,0.334,0.332] | v3:G2[0.333,0.333,0.334] | v4:G2[0.332,0.333,0.334]
[TopoTrace Step 0] v0:G2[0.333,0.333,0.334] | v1:G0[0.334,0.333,0.333] | v2:G0[0.334,0.334,0.332] | v3:G2[0.333,0.333,0.334] | v4:G2[0.332,0.333,0.334]
[TopoTrace Step 0] v0:G2[0.333,0.333,0.334] | v1:G0[0.334,0.333,0.333] | v2:G0[0.334,0.334,0.332] | v3:G2[0.333,0.333,0.334] | v4:G2[0.332,0.333,0.334]
[TopoTrace Step 0] v0:G2[0.333,0.333,0.334] | v1:G0[0.334,0.333,0.333] | v2:G0[0.334,0.334,0.332] | v3:G2[0.333,0.333,0.334] | v4:G2[0.332,0.333,0.334]
[TopoTrace Step 0] v0:G2[0.333,0.333,0.334] | v1:G0[0.334,0.333,0.333] | v2:G0[0.334,0.334,0.332] | v3:G2[0.333,0.333,0.334] | v4:G2[0.332,0.333,0.334]
[TopoTrace Step 0] v0:G2[0.333,0.333,0.334] | v1:G0[0.334,0.333,0.333] | v2:G0[0.334,0.334,0.332] | v3:G2[0.333,0.333,0.334] | v4:G2[0.332,0.333,0.334]
[TopoTrace Step 0] v0:G2[0.333,0.333,0.334] | v1:G0[0.334,0.333,0.333] | v2:G0[0.334,0.334,0.332] | v3:G2[0.333,0.333,0.334] | v4:G2[0.332,0.333,0.334]
[TopoTrace Step 0] v0:G2[0.333,0.333,0.334] | v1:G0[0.334,0.333,0.333] | v2:G0[0.334,0.334,0.332] | v3:G2[0.333,0.333,0.334] | v4:G2[0.332,0.333,0.334]
[TopoTrace Step 0] v0:G2[0.333,0.333,0.334] | v1:G0[0.334,0.333,0.333] | v2:G0[0.334,0.334,0.332] | v3:G2[0.333,0.333,0.334] | v4:G2[0.332,0.333,0.334]
[TopoTrace Step 0] v0:G2[0.333,0.333,0.334] | v1:G0[0.334,0.333,0.333] | v2:G0[0.334,0.334,0.332] | v3:G2[0.333,0.333,0.334] | v4:G2[0.332,0.333,0.334][TopoTrace Step 0] v0:G2[0.333,0.333,0.334] | v1:G0[0.334,0.333,0.333] | v2:G0[0.334,0.334,0.332] | v3:G2[0.333,0.333,0.334] | v4:G2[0.332,0.333,0.334]

[TopoTrace Step 0] v0:G2[0.333,0.333,0.334] | v1:G0[0.334,0.333,0.333] | v2:G0[0.334,0.334,0.332] | v3:G2[0.333,0.333,0.334] | v4:G2[0.332,0.333,0.334]
[TopoTrace Step 0] v0:G2[0.333,0.333,0.334] | v1:G0[0.334,0.333,0.333] | v2:G0[0.334,0.334,0.332] | v3:G2[0.333,0.333,0.334] | v4:G2[0.332,0.333,0.334]
[TopoTrace Step 0] v0:G2[0.333,0.333,0.334] | v1:G0[0.334,0.333,0.333] | v2:G0[0.334,0.334,0.332] | v3:G2[0.333,0.333,0.334] | v4:G2[0.332,0.333,0.334]
[TopoTrace Step 0] v0:G2[0.333,0.333,0.334] | v1:G0[0.334,0.333,0.333] | v2:G0[0.334,0.334,0.332] | v3:G2[0.333,0.333,0.334] | v4:G2[0.332,0.333,0.334]
[TopoTrace Step 0] v0:G2[0.333,0.333,0.334] | v1:G0[0.334,0.333,0.333] | v2:G0[0.334,0.334,0.332] | v3:G2[0.333,0.333,0.334] | v4:G2[0.332,0.333,0.334]
[TopoTrace Step 0] v0:G2[0.333,0.333,0.334] | v1:G0[0.334,0.333,0.333] | v2:G0[0.334,0.334,0.332] | v3:G2[0.333,0.333,0.334] | v4:G2[0.332,0.333,0.334]
[TopoTrace Step 0] v0:G2[0.333,0.333,0.334] | v1:G0[0.334,0.333,0.333] | v2:G0[0.334,0.334,0.332] | v3:G2[0.333,0.333,0.334] | v4:G2[0.332,0.333,0.334][TopoTrace Step 0] v0:G2[0.333,0.333,0.334] | v1:G0[0.334,0.333,0.333] | v2:G0[0.334,0.334,0.332] | v3:G2[0.333,0.333,0.334] | v4:G2[0.332,0.333,0.334]

[TopoTrace Step 0] v0:G2[0.333,0.333,0.334] | v1:G0[0.334,0.333,0.333] | v2:G0[0.334,0.334,0.332] | v3:G2[0.333,0.333,0.334] | v4:G2[0.332,0.333,0.334]
[TopoTrace Step 0] v0:G2[0.333,0.333,0.334] | v1:G0[0.334,0.333,0.333] | v2:G0[0.334,0.334,0.332] | v3:G2[0.333,0.333,0.334] | v4:G2[0.332,0.333,0.334]
[TopoTrace Step 0] v0:G2[0.333,0.333,0.334] | v1:G0[0.334,0.333,0.333] | v2:G0[0.334,0.334,0.332] | v3:G2[0.333,0.333,0.334] | v4:G2[0.332,0.333,0.334][TopoTrace Step 0] v0:G2[0.333,0.333,0.334] | v1:G0[0.334,0.333,0.333] | v2:G0[0.334,0.334,0.332] | v3:G2[0.333,0.333,0.334] | v4:G2[0.332,0.333,0.334]

[TopoTrace Step 0] v0:G2[0.333,0.333,0.334] | v1:G0[0.334,0.333,0.333] | v2:G0[0.334,0.334,0.332] | v3:G2[0.333,0.333,0.334] | v4:G2[0.332,0.333,0.334]
[TopoTrace Step 0] v0:G2[0.333,0.333,0.334] | v1:G0[0.334,0.333,0.333] | v2:G0[0.334,0.334,0.332] | v3:G2[0.333,0.333,0.334] | v4:G2[0.332,0.333,0.334]
[TopoTrace Step 0] v0:G2[0.333,0.333,0.334] | v1:G0[0.334,0.333,0.333] | v2:G0[0.334,0.334,0.332] | v3:G2[0.333,0.333,0.334] | v4:G2[0.332,0.333,0.334]
[TopoTrace Step 0] v0:G2[0.333,0.333,0.334] | v1:G0[0.334,0.333,0.333] | v2:G0[0.334,0.334,0.332] | v3:G2[0.333,0.333,0.334] | v4:G2[0.332,0.333,0.334]
[TopoTrace Step 0] v0:G2[0.333,0.333,0.334] | v1:G0[0.334,0.333,0.333] | v2:G0[0.334,0.334,0.332] | v3:G2[0.333,0.333,0.334] | v4:G2[0.332,0.333,0.334]
[TopoTrace Step 0] v0:G2[0.333,0.333,0.334] | v1:G0[0.334,0.333,0.333] | v2:G0[0.334,0.334,0.332] | v3:G2[0.333,0.333,0.334] | v4:G2[0.332,0.333,0.334]
[TopoTrace Step 0] v0:G2[0.333,0.333,0.334] | v1:G0[0.334,0.333,0.333] | v2:G0[0.334,0.334,0.332] | v3:G2[0.333,0.333,0.334] | v4:G2[0.332,0.333,0.334][TopoTrace Step 0] v0:G2[0.333,0.333,0.334] | v1:G0[0.334,0.333,0.333] | v2:G0[0.334,0.334,0.332] | v3:G2[0.333,0.333,0.334] | v4:G2[0.332,0.333,0.334]

[TopoTrace Step 0] v0:G2[0.333,0.333,0.334] | v1:G0[0.334,0.333,0.333] | v2:G0[0.334,0.334,0.332] | v3:G2[0.333,0.333,0.334] | v4:G2[0.332,0.333,0.334]
[TopoTrace Step 0] v0:G2[0.333,0.333,0.334] | v1:G0[0.334,0.333,0.333] | v2:G0[0.334,0.334,0.332] | v3:G2[0.333,0.333,0.334] | v4:G2[0.332,0.333,0.334]
[TopoTrace Step 0] v0:G2[0.333,0.333,0.334] | v1:G0[0.334,0.333,0.333] | v2:G0[0.334,0.334,0.332] | v3:G2[0.333,0.333,0.334] | v4:G2[0.332,0.333,0.334][TopoTrace Step 0] v0:G2[0.333,0.333,0.334] | v1:G0[0.334,0.333,0.333] | v2:G0[0.334,0.334,0.332] | v3:G2[0.333,0.333,0.334] | v4:G2[0.332,0.333,0.334]

[TopoTrace Step 0] v0:G2[0.333,0.333,0.334] | v1:G0[0.334,0.333,0.333] | v2:G0[0.334,0.334,0.332] | v3:G2[0.333,0.333,0.334] | v4:G2[0.332,0.333,0.334]
[TopoTrace Step 0] v0:G2[0.333,0.333,0.334] | v1:G0[0.334,0.333,0.333] | v2:G0[0.334,0.334,0.332] | v3:G2[0.333,0.333,0.334] | v4:G2[0.332,0.333,0.334]
[TopoTrace Step 0] v0:G2[0.333,0.333,0.334] | v1:G0[0.334,0.333,0.333] | v2:G0[0.334,0.334,0.332] | v3:G2[0.333,0.333,0.334] | v4:G2[0.332,0.333,0.334][TopoTrace Step 0] v0:G2[0.333,0.333,0.334] | v1:G0[0.334,0.333,0.333] | v2:G0[0.334,0.334,0.332] | v3:G2[0.333,0.333,0.334] | v4:G2[0.332,0.333,0.334]

[TopoTrace Step 0] v0:G2[0.333,0.333,0.334] | v1:G0[0.334,0.333,0.333] | v2:G0[0.334,0.334,0.332] | v3:G2[0.333,0.333,0.334] | v4:G2[0.332,0.333,0.334]
[TopoTrace Step 0] v0:G2[0.333,0.333,0.334] | v1:G0[0.334,0.333,0.333] | v2:G0[0.334,0.334,0.332] | v3:G2[0.333,0.333,0.334] | v4:G2[0.332,0.333,0.334]
[TopoTrace Step 0] v0:G2[0.333,0.333,0.334] | v1:G0[0.334,0.333,0.333] | v2:G0[0.334,0.334,0.332] | v3:G2[0.333,0.333,0.334] | v4:G2[0.332,0.333,0.334][TopoTrace Step 0] v0:G2[0.333,0.333,0.334] | v1:G0[0.334,0.333,0.333] | v2:G0[0.334,0.334,0.332] | v3:G2[0.333,0.333,0.334] | v4:G2[0.332,0.333,0.334]

[TopoTrace Step 0] v0:G2[0.333,0.333,0.334] | v1:G0[0.334,0.333,0.333] | v2:G0[0.334,0.334,0.332] | v3:G2[0.333,0.333,0.334] | v4:G2[0.332,0.333,0.334]
[TopoTrace Step 0] v0:G2[0.333,0.333,0.334] | v1:G0[0.334,0.333,0.333] | v2:G0[0.334,0.334,0.332] | v3:G2[0.333,0.333,0.334] | v4:G2[0.332,0.333,0.334]
[TopoTrace Step 0] v0:G2[0.333,0.333,0.334] | v1:G0[0.334,0.333,0.333] | v2:G0[0.334,0.334,0.332] | v3:G2[0.333,0.333,0.334] | v4:G2[0.332,0.333,0.334]
[TopoTrace Step 0] v0:G2[0.333,0.333,0.334] | v1:G0[0.334,0.333,0.333] | v2:G0[0.334,0.334,0.332] | v3:G2[0.333,0.333,0.334] | v4:G2[0.332,0.333,0.334]
[TopoTrace Step 0] v0:G2[0.333,0.333,0.334] | v1:G0[0.334,0.333,0.333] | v2:G0[0.334,0.334,0.332] | v3:G2[0.333,0.333,0.334] | v4:G2[0.332,0.333,0.334]
[TopoTrace Step 0] v0:G2[0.333,0.333,0.334] | v1:G0[0.334,0.333,0.333] | v2:G0[0.334,0.334,0.332] | v3:G2[0.333,0.333,0.334] | v4:G2[0.332,0.333,0.334]
[TopoTrace Step 0] v0:G2[0.333,0.333,0.334] | v1:G0[0.334,0.333,0.333] | v2:G0[0.334,0.334,0.332] | v3:G2[0.333,0.333,0.334] | v4:G2[0.332,0.333,0.334][TopoTrace Step 0] v0:G2[0.333,0.333,0.334] | v1:G0[0.334,0.333,0.333] | v2:G0[0.334,0.334,0.332] | v3:G2[0.333,0.333,0.334] | v4:G2[0.332,0.333,0.334]

[TopoTrace Step 0] v0:G2[0.333,0.333,0.334] | v1:G0[0.334,0.333,0.333] | v2:G0[0.334,0.334,0.332] | v3:G2[0.333,0.333,0.334] | v4:G2[0.332,0.333,0.334]
[TopoTrace Step 0] v0:G2[0.333,0.333,0.334] | v1:G0[0.334,0.333,0.333] | v2:G0[0.334,0.334,0.332] | v3:G2[0.333,0.333,0.334] | v4:G2[0.332,0.333,0.334]
[TopoTrace Step 0] v0:G2[0.333,0.333,0.334] | v1:G0[0.334,0.333,0.333] | v2:G0[0.334,0.334,0.332] | v3:G2[0.333,0.333,0.334] | v4:G2[0.332,0.333,0.334][TopoTrace Step 0] v0:G2[0.333,0.333,0.334] | v1:G0[0.334,0.333,0.333] | v2:G0[0.334,0.334,0.332] | v3:G2[0.333,0.333,0.334] | v4:G2[0.332,0.333,0.334]

[TopoTrace Step 0] v0:G2[0.333,0.333,0.334] | v1:G0[0.334,0.333,0.333] | v2:G0[0.334,0.334,0.332] | v3:G2[0.333,0.333,0.334] | v4:G2[0.332,0.333,0.334]
[TopoTrace Step 0] v0:G2[0.333,0.333,0.334] | v1:G0[0.334,0.333,0.333] | v2:G0[0.334,0.334,0.332] | v3:G2[0.333,0.333,0.334] | v4:G2[0.332,0.333,0.334]
[TopoTrace Step 0] v0:G2[0.333,0.333,0.334] | v1:G0[0.334,0.333,0.333] | v2:G0[0.334,0.334,0.332] | v3:G2[0.333,0.333,0.334] | v4:G2[0.332,0.333,0.334]
[TopoTrace Step 0] v0:G2[0.333,0.333,0.334] | v1:G0[0.334,0.333,0.333] | v2:G0[0.334,0.334,0.332] | v3:G2[0.333,0.333,0.334] | v4:G2[0.332,0.333,0.334]
[TopoTrace Step 0] v0:G2[0.333,0.333,0.334] | v1:G0[0.334,0.333,0.333] | v2:G0[0.334,0.334,0.332] | v3:G2[0.333,0.333,0.334] | v4:G2[0.332,0.333,0.334]
[TopoTrace Step 0] v0:G2[0.333,0.333,0.334] | v1:G0[0.334,0.333,0.333] | v2:G0[0.334,0.334,0.332] | v3:G2[0.333,0.333,0.334] | v4:G2[0.332,0.333,0.334]
[TopoTrace Step 0] v0:G2[0.333,0.333,0.334] | v1:G0[0.334,0.333,0.333] | v2:G0[0.334,0.334,0.332] | v3:G2[0.333,0.333,0.334] | v4:G2[0.332,0.333,0.334][TopoTrace Step 0] v0:G2[0.333,0.333,0.334] | v1:G0[0.334,0.333,0.333] | v2:G0[0.334,0.334,0.332] | v3:G2[0.333,0.333,0.334] | v4:G2[0.332,0.333,0.334]

[TopoTrace Step 0] v0:G2[0.333,0.333,0.334] | v1:G0[0.334,0.333,0.333] | v2:G0[0.334,0.334,0.332] | v3:G2[0.333,0.333,0.334] | v4:G2[0.332,0.333,0.334]
[TopoTrace Step 0] v0:G2[0.333,0.333,0.334] | v1:G0[0.334,0.333,0.333] | v2:G0[0.334,0.334,0.332] | v3:G2[0.333,0.333,0.334] | v4:G2[0.332,0.333,0.334]
[TopoTrace Step 0] v0:G2[0.333,0.333,0.334] | v1:G0[0.334,0.333,0.333] | v2:G0[0.334,0.334,0.332] | v3:G2[0.333,0.333,0.334] | v4:G2[0.332,0.333,0.334]
[TopoTrace Step 0] v0:G2[0.333,0.333,0.334] | v1:G0[0.334,0.333,0.333] | v2:G0[0.334,0.334,0.332] | v3:G2[0.333,0.333,0.334] | v4:G2[0.332,0.333,0.334]
[TopoTrace Step 0] v0:G2[0.333,0.333,0.334] | v1:G0[0.334,0.333,0.333] | v2:G0[0.334,0.334,0.332] | v3:G2[0.333,0.333,0.334] | v4:G2[0.332,0.333,0.334]
[TopoTrace Step 0] v0:G2[0.333,0.333,0.334] | v1:G0[0.334,0.333,0.333] | v2:G0[0.334,0.334,0.332] | v3:G2[0.333,0.333,0.334] | v4:G2[0.332,0.333,0.334]
[TopoTrace Step 0] v0:G2[0.333,0.333,0.334] | v1:G0[0.334,0.333,0.333] | v2:G0[0.334,0.334,0.332] | v3:G2[0.333,0.333,0.334] | v4:G2[0.332,0.333,0.334]
[TopoTrace Step 0] v0:G2[0.333,0.333,0.334] | v1:G0[0.334,0.333,0.333] | v2:G0[0.334,0.334,0.332] | v3:G2[0.333,0.333,0.334] | v4:G2[0.332,0.333,0.334]
[TopoTrace Step 0] v0:G2[0.333,0.333,0.334] | v1:G0[0.334,0.333,0.333] | v2:G0[0.334,0.334,0.332] | v3:G2[0.333,0.333,0.334] | v4:G2[0.332,0.333,0.334]
[TopoTrace Step 0] v0:G2[0.333,0.333,0.334] | v1:G0[0.334,0.333,0.333] | v2:G0[0.334,0.334,0.332] | v3:G2[0.333,0.333,0.334] | v4:G2[0.332,0.333,0.334]
[TopoTrace Step 0] v0:G2[0.333,0.333,0.334] | v1:G0[0.334,0.333,0.333] | v2:G0[0.334,0.334,0.332] | v3:G2[0.333,0.333,0.334] | v4:G2[0.332,0.333,0.334][TopoTrace Step 0] v0:G2[0.333,0.333,0.334] | v1:G0[0.334,0.333,0.333] | v2:G0[0.334,0.334,0.332] | v3:G2[0.333,0.333,0.334] | v4:G2[0.332,0.333,0.334]

[TopoTrace Step 0] v0:G2[0.333,0.333,0.334] | v1:G0[0.334,0.333,0.333] | v2:G0[0.334,0.334,0.332] | v3:G2[0.333,0.333,0.334] | v4:G2[0.332,0.333,0.334]
[TopoTrace Step 0] v0:G2[0.333,0.333,0.334] | v1:G0[0.334,0.333,0.333] | v2:G0[0.334,0.334,0.332] | v3:G2[0.333,0.333,0.334] | v4:G2[0.332,0.333,0.334]
[TopoTrace Step 0] v0:G2[0.333,0.333,0.334] | v1:G0[0.334,0.333,0.333] | v2:G0[0.334,0.334,0.332] | v3:G2[0.333,0.333,0.334] | v4:G2[0.332,0.333,0.334][TopoTrace Step 0] v0:G2[0.333,0.333,0.334] | v1:G0[0.334,0.333,0.333] | v2:G0[0.334,0.334,0.332] | v3:G2[0.333,0.333,0.334] | v4:G2[0.332,0.333,0.334]

[TopoTrace Step 0] v0:G2[0.333,0.333,0.334] | v1:G0[0.334,0.333,0.333] | v2:G0[0.334,0.334,0.332] | v3:G2[0.333,0.333,0.334] | v4:G2[0.332,0.333,0.334]
[TopoTrace Step 0] v0:G2[0.333,0.333,0.334] | v1:G0[0.334,0.333,0.333] | v2:G0[0.334,0.334,0.332] | v3:G2[0.333,0.333,0.334] | v4:G2[0.332,0.333,0.334]
[TopoTrace Step 0] v0:G2[0.333,0.333,0.334] | v1:G0[0.334,0.333,0.333] | v2:G0[0.334,0.334,0.332] | v3:G2[0.333,0.333,0.334] | v4:G2[0.332,0.333,0.334]
[TopoTrace Step 0] v0:G2[0.333,0.333,0.334] | v1:G0[0.334,0.333,0.333] | v2:G0[0.334,0.334,0.332] | v3:G2[0.333,0.333,0.334] | v4:G2[0.332,0.333,0.334]
[TopoTrace Step 0] v0:G2[0.333,0.333,0.334] | v1:G0[0.334,0.333,0.333] | v2:G0[0.334,0.334,0.332] | v3:G2[0.333,0.333,0.334] | v4:G2[0.332,0.333,0.334]
[TopoTrace Step 0] v0:G2[0.333,0.333,0.334] | v1:G0[0.334,0.333,0.333] | v2:G0[0.334,0.334,0.332] | v3:G2[0.333,0.333,0.334] | v4:G2[0.332,0.333,0.334]
[TopoTrace Step 0] v0:G2[0.333,0.333,0.334] | v1:G0[0.334,0.333,0.333] | v2:G0[0.334,0.334,0.332] | v3:G2[0.333,0.333,0.334] | v4:G2[0.332,0.333,0.334][TopoTrace Step 0] v0:G2[0.333,0.333,0.334] | v1:G0[0.334,0.333,0.333] | v2:G0[0.334,0.334,0.332] | v3:G2[0.333,0.333,0.334] | v4:G2[0.332,0.333,0.334]

[TopoTrace Step 0] v0:G2[0.333,0.333,0.334] | v1:G0[0.334,0.333,0.333] | v2:G0[0.334,0.334,0.332] | v3:G2[0.333,0.333,0.334] | v4:G2[0.332,0.333,0.334]
[TopoTrace Step 0] v0:G2[0.333,0.333,0.334] | v1:G0[0.334,0.333,0.333] | v2:G0[0.334,0.334,0.332] | v3:G2[0.333,0.333,0.334] | v4:G2[0.332,0.333,0.334]
[TopoTrace Step 0] v0:G2[0.333,0.333,0.334] | v1:G0[0.334,0.333,0.333] | v2:G0[0.334,0.334,0.332] | v3:G2[0.333,0.333,0.334] | v4:G2[0.332,0.333,0.334]
[TopoTrace Step 0] v0:G2[0.333,0.333,0.334] | v1:G0[0.334,0.333,0.333] | v2:G0[0.334,0.334,0.332] | v3:G2[0.333,0.333,0.334] | v4:G2[0.332,0.333,0.334]
Epoch: 6 cost time: 14.945040225982666
Epoch: 6, Steps: 147 | Train Loss: 0.3613564 Vali Loss: 0.3996115 Test Loss: 4.0884032
Validation loss decreased (0.402409 --> 0.399612).  Saving model ...
Updating learning rate to 3.125e-06
[TopoTrace Step 0] v0:G2[0.333,0.333,0.334] | v1:G0[0.334,0.333,0.333] | v2:G0[0.334,0.334,0.332] | v3:G2[0.333,0.333,0.334] | v4:G2[0.332,0.333,0.334]
[TopoTrace Step 0] v0:G2[0.333,0.333,0.334] | v1:G0[0.334,0.333,0.333] | v2:G0[0.334,0.334,0.332] | v3:G2[0.333,0.333,0.334] | v4:G2[0.332,0.333,0.334]
[TopoTrace Step 0] v0:G2[0.333,0.333,0.334] | v1:G0[0.334,0.333,0.333] | v2:G0[0.334,0.334,0.332] | v3:G2[0.333,0.333,0.334] | v4:G2[0.332,0.333,0.334][TopoTrace Step 0] v0:G2[0.333,0.333,0.334] | v1:G0[0.334,0.333,0.333] | v2:G0[0.334,0.334,0.332] | v3:G2[0.333,0.333,0.334] | v4:G2[0.332,0.333,0.334]

[TopoTrace Step 0] v0:G2[0.333,0.333,0.334] | v1:G0[0.334,0.333,0.333] | v2:G0[0.334,0.334,0.332] | v3:G2[0.333,0.333,0.334] | v4:G2[0.332,0.333,0.334]
[TopoTrace Step 0] v0:G2[0.333,0.333,0.334] | v1:G0[0.334,0.333,0.333] | v2:G0[0.334,0.334,0.332] | v3:G2[0.333,0.333,0.334] | v4:G2[0.332,0.333,0.334]
[TopoTrace Step 0] v0:G2[0.333,0.333,0.334] | v1:G0[0.334,0.333,0.333] | v2:G0[0.334,0.334,0.332] | v3:G2[0.333,0.333,0.334] | v4:G2[0.332,0.333,0.334]
[TopoTrace Step 0] v0:G2[0.333,0.333,0.334] | v1:G0[0.334,0.333,0.333] | v2:G0[0.334,0.334,0.332] | v3:G2[0.333,0.333,0.334] | v4:G2[0.332,0.333,0.334]
[TopoTrace Step 0] v0:G2[0.333,0.333,0.334] | v1:G0[0.334,0.333,0.333] | v2:G0[0.334,0.334,0.332] | v3:G2[0.333,0.333,0.334] | v4:G2[0.332,0.333,0.334]
[TopoTrace Step 0] v0:G2[0.333,0.333,0.334] | v1:G0[0.334,0.333,0.333] | v2:G0[0.334,0.334,0.332] | v3:G2[0.333,0.333,0.334] | v4:G2[0.332,0.333,0.334]
[TopoTrace Step 0] v0:G2[0.333,0.333,0.334] | v1:G0[0.334,0.333,0.333] | v2:G0[0.334,0.334,0.332] | v3:G2[0.333,0.333,0.334] | v4:G2[0.332,0.333,0.334][TopoTrace Step 0] v0:G2[0.333,0.333,0.334] | v1:G0[0.334,0.333,0.333] | v2:G0[0.334,0.334,0.332] | v3:G2[0.333,0.333,0.334] | v4:G2[0.332,0.333,0.334]

[TopoTrace Step 0] v0:G2[0.333,0.333,0.334] | v1:G0[0.334,0.333,0.333] | v2:G0[0.334,0.334,0.332] | v3:G2[0.333,0.333,0.334] | v4:G2[0.332,0.333,0.334]
[TopoTrace Step 0] v0:G2[0.333,0.333,0.334] | v1:G0[0.334,0.333,0.333] | v2:G0[0.334,0.334,0.332] | v3:G2[0.333,0.333,0.334] | v4:G2[0.332,0.333,0.334]
[TopoTrace Step 0] v0:G2[0.333,0.333,0.334] | v1:G0[0.334,0.333,0.333] | v2:G0[0.334,0.334,0.332] | v3:G2[0.333,0.333,0.334] | v4:G2[0.332,0.333,0.334][TopoTrace Step 0] v0:G2[0.333,0.333,0.334] | v1:G0[0.334,0.333,0.333] | v2:G0[0.334,0.334,0.332] | v3:G2[0.333,0.333,0.334] | v4:G2[0.332,0.333,0.334]

[TopoTrace Step 0] v0:G2[0.333,0.333,0.334] | v1:G0[0.334,0.333,0.333] | v2:G0[0.334,0.334,0.332] | v3:G2[0.333,0.333,0.334] | v4:G2[0.332,0.333,0.334]
[TopoTrace Step 0] v0:G2[0.333,0.333,0.334] | v1:G0[0.334,0.333,0.333] | v2:G0[0.334,0.334,0.332] | v3:G2[0.333,0.333,0.334] | v4:G2[0.332,0.333,0.334]
[TopoTrace Step 0] v0:G2[0.333,0.333,0.334] | v1:G0[0.334,0.333,0.333] | v2:G0[0.334,0.334,0.332] | v3:G2[0.333,0.333,0.334] | v4:G2[0.332,0.333,0.334][TopoTrace Step 0] v0:G2[0.333,0.333,0.334] | v1:G0[0.334,0.333,0.333] | v2:G0[0.334,0.334,0.332] | v3:G2[0.333,0.333,0.334] | v4:G2[0.332,0.333,0.334]

[TopoTrace Step 0] v0:G2[0.333,0.333,0.334] | v1:G0[0.334,0.333,0.333] | v2:G0[0.334,0.334,0.332] | v3:G2[0.333,0.333,0.334] | v4:G2[0.332,0.333,0.334]
[TopoTrace Step 0] v0:G2[0.333,0.333,0.334] | v1:G0[0.334,0.333,0.333] | v2:G0[0.334,0.334,0.332] | v3:G2[0.333,0.333,0.334] | v4:G2[0.332,0.333,0.334]
[TopoTrace Step 0] v0:G2[0.333,0.333,0.334] | v1:G0[0.334,0.333,0.333] | v2:G0[0.334,0.334,0.332] | v3:G2[0.333,0.333,0.334] | v4:G2[0.332,0.333,0.334]
[TopoTrace Step 0] v0:G2[0.333,0.333,0.334] | v1:G0[0.334,0.333,0.333] | v2:G0[0.334,0.334,0.332] | v3:G2[0.333,0.333,0.334] | v4:G2[0.332,0.333,0.334]
[TopoTrace Step 0] v0:G2[0.333,0.333,0.334] | v1:G0[0.334,0.333,0.333] | v2:G0[0.334,0.334,0.332] | v3:G2[0.333,0.333,0.334] | v4:G2[0.332,0.333,0.334]
[TopoTrace Step 0] v0:G2[0.333,0.333,0.334] | v1:G0[0.334,0.333,0.333] | v2:G0[0.334,0.334,0.332] | v3:G2[0.333,0.333,0.334] | v4:G2[0.332,0.333,0.334]
[TopoTrace Step 0] v0:G2[0.333,0.333,0.334] | v1:G0[0.334,0.333,0.333] | v2:G0[0.334,0.334,0.332] | v3:G2[0.333,0.333,0.334] | v4:G2[0.332,0.333,0.334][TopoTrace Step 0] v0:G2[0.333,0.333,0.334] | v1:G0[0.334,0.333,0.333] | v2:G0[0.334,0.334,0.332] | v3:G2[0.333,0.333,0.334] | v4:G2[0.332,0.333,0.334]

[TopoTrace Step 0] v0:G2[0.333,0.333,0.334] | v1:G0[0.334,0.333,0.333] | v2:G0[0.334,0.334,0.332] | v3:G2[0.333,0.333,0.334] | v4:G2[0.332,0.333,0.334]
[TopoTrace Step 0] v0:G2[0.333,0.333,0.334] | v1:G0[0.334,0.333,0.333] | v2:G0[0.334,0.334,0.332] | v3:G2[0.333,0.333,0.334] | v4:G2[0.332,0.333,0.334]
[TopoTrace Step 0] v0:G2[0.333,0.333,0.334] | v1:G0[0.334,0.333,0.333] | v2:G0[0.334,0.334,0.332] | v3:G2[0.333,0.333,0.334] | v4:G2[0.332,0.333,0.334][TopoTrace Step 0] v0:G2[0.333,0.333,0.334] | v1:G0[0.334,0.333,0.333] | v2:G0[0.334,0.334,0.332] | v3:G2[0.333,0.333,0.334] | v4:G2[0.332,0.333,0.334]

[TopoTrace Step 0] v0:G2[0.333,0.333,0.334] | v1:G0[0.334,0.333,0.333] | v2:G0[0.334,0.334,0.332] | v3:G2[0.333,0.333,0.334] | v4:G2[0.332,0.333,0.334]
[TopoTrace Step 0] v0:G2[0.333,0.333,0.334] | v1:G0[0.334,0.333,0.333] | v2:G0[0.334,0.334,0.332] | v3:G2[0.333,0.333,0.334] | v4:G2[0.332,0.333,0.334]
[TopoTrace Step 0] v0:G2[0.333,0.333,0.334] | v1:G0[0.334,0.333,0.333] | v2:G0[0.334,0.334,0.332] | v3:G2[0.333,0.333,0.334] | v4:G2[0.332,0.333,0.334]
[TopoTrace Step 0] v0:G2[0.333,0.333,0.334] | v1:G0[0.334,0.333,0.333] | v2:G0[0.334,0.334,0.332] | v3:G2[0.333,0.333,0.334] | v4:G2[0.332,0.333,0.334]
[TopoTrace Step 0] v0:G2[0.333,0.333,0.334] | v1:G0[0.334,0.333,0.333] | v2:G0[0.334,0.334,0.332] | v3:G2[0.333,0.333,0.334] | v4:G2[0.332,0.333,0.334]
[TopoTrace Step 0] v0:G2[0.333,0.333,0.334] | v1:G0[0.334,0.333,0.333] | v2:G0[0.334,0.334,0.332] | v3:G2[0.333,0.333,0.334] | v4:G2[0.332,0.333,0.334]
[TopoTrace Step 0] v0:G2[0.333,0.333,0.334] | v1:G0[0.334,0.333,0.333] | v2:G0[0.334,0.334,0.332] | v3:G2[0.333,0.333,0.334] | v4:G2[0.332,0.333,0.334]
[TopoTrace Step 0] v0:G2[0.333,0.333,0.334] | v1:G0[0.334,0.333,0.333] | v2:G0[0.334,0.334,0.332] | v3:G2[0.333,0.333,0.334] | v4:G2[0.332,0.333,0.334]
[TopoTrace Step 0] v0:G2[0.333,0.333,0.334] | v1:G0[0.334,0.333,0.333] | v2:G0[0.334,0.334,0.332] | v3:G2[0.333,0.333,0.334] | v4:G2[0.332,0.333,0.334]
[TopoTrace Step 0] v0:G2[0.333,0.333,0.334] | v1:G0[0.334,0.333,0.333] | v2:G0[0.334,0.334,0.332] | v3:G2[0.333,0.333,0.334] | v4:G2[0.332,0.333,0.334]
[TopoTrace Step 0] v0:G2[0.333,0.333,0.334] | v1:G0[0.334,0.333,0.333] | v2:G0[0.334,0.334,0.332] | v3:G2[0.333,0.333,0.334] | v4:G2[0.332,0.333,0.334]
[TopoTrace Step 0] v0:G2[0.333,0.333,0.334] | v1:G0[0.334,0.333,0.333] | v2:G0[0.334,0.334,0.332] | v3:G2[0.333,0.333,0.334] | v4:G2[0.332,0.333,0.334]
[TopoTrace Step 0] v0:G2[0.333,0.333,0.334] | v1:G0[0.334,0.333,0.333] | v2:G0[0.334,0.334,0.332] | v3:G2[0.333,0.333,0.334] | v4:G2[0.332,0.333,0.334]
[TopoTrace Step 0] v0:G2[0.333,0.333,0.334] | v1:G0[0.334,0.333,0.333] | v2:G0[0.334,0.334,0.332] | v3:G2[0.333,0.333,0.334] | v4:G2[0.332,0.333,0.334]
[TopoTrace Step 0] v0:G2[0.333,0.333,0.334] | v1:G0[0.334,0.333,0.333] | v2:G0[0.334,0.334,0.332] | v3:G2[0.333,0.333,0.334] | v4:G2[0.332,0.333,0.334][TopoTrace Step 0] v0:G2[0.333,0.333,0.334] | v1:G0[0.334,0.333,0.333] | v2:G0[0.334,0.334,0.332] | v3:G2[0.333,0.333,0.334] | v4:G2[0.332,0.333,0.334]

[TopoTrace Step 0] v0:G2[0.333,0.333,0.334] | v1:G0[0.334,0.333,0.333] | v2:G0[0.334,0.334,0.332] | v3:G2[0.333,0.333,0.334] | v4:G2[0.332,0.333,0.334]
[TopoTrace Step 0] v0:G2[0.333,0.333,0.334] | v1:G0[0.334,0.333,0.333] | v2:G0[0.334,0.334,0.332] | v3:G2[0.333,0.333,0.334] | v4:G2[0.332,0.333,0.334]
[TopoTrace Step 0] v0:G2[0.333,0.333,0.334] | v1:G0[0.334,0.333,0.333] | v2:G0[0.334,0.334,0.332] | v3:G2[0.333,0.333,0.334] | v4:G2[0.332,0.333,0.334][TopoTrace Step 0] v0:G2[0.333,0.333,0.334] | v1:G0[0.334,0.333,0.333] | v2:G0[0.334,0.334,0.332] | v3:G2[0.333,0.333,0.334] | v4:G2[0.332,0.333,0.334]

[TopoTrace Step 0] v0:G2[0.333,0.333,0.334] | v1:G0[0.334,0.333,0.333] | v2:G0[0.334,0.334,0.332] | v3:G2[0.333,0.333,0.334] | v4:G2[0.332,0.333,0.334]
[TopoTrace Step 0] v0:G2[0.333,0.333,0.334] | v1:G0[0.334,0.333,0.333] | v2:G0[0.334,0.334,0.332] | v3:G2[0.333,0.333,0.334] | v4:G2[0.332,0.333,0.334]
[TopoTrace Step 0] v0:G2[0.333,0.333,0.334] | v1:G0[0.334,0.333,0.333] | v2:G0[0.334,0.334,0.332] | v3:G2[0.333,0.333,0.334] | v4:G2[0.332,0.333,0.334]
[TopoTrace Step 0] v0:G2[0.333,0.333,0.334] | v1:G0[0.334,0.333,0.333] | v2:G0[0.334,0.334,0.332] | v3:G2[0.333,0.333,0.334] | v4:G2[0.332,0.333,0.334]
[TopoTrace Step 0] v0:G2[0.333,0.333,0.334] | v1:G0[0.334,0.333,0.333] | v2:G0[0.334,0.334,0.332] | v3:G2[0.333,0.333,0.334] | v4:G2[0.332,0.333,0.334]
[TopoTrace Step 0] v0:G2[0.333,0.333,0.334] | v1:G0[0.334,0.333,0.333] | v2:G0[0.334,0.334,0.332] | v3:G2[0.333,0.333,0.334] | v4:G2[0.332,0.333,0.334]
[TopoTrace Step 0] v0:G2[0.333,0.333,0.334] | v1:G0[0.334,0.333,0.333] | v2:G0[0.334,0.334,0.332] | v3:G2[0.333,0.333,0.334] | v4:G2[0.332,0.333,0.334][TopoTrace Step 0] v0:G2[0.333,0.333,0.334] | v1:G0[0.334,0.333,0.333] | v2:G0[0.334,0.334,0.332] | v3:G2[0.333,0.333,0.334] | v4:G2[0.332,0.333,0.334]

[TopoTrace Step 0] v0:G2[0.333,0.333,0.334] | v1:G0[0.334,0.333,0.333] | v2:G0[0.334,0.334,0.332] | v3:G2[0.333,0.333,0.334] | v4:G2[0.332,0.333,0.334]
[TopoTrace Step 0] v0:G2[0.333,0.333,0.334] | v1:G0[0.334,0.333,0.333] | v2:G0[0.334,0.334,0.332] | v3:G2[0.333,0.333,0.334] | v4:G2[0.332,0.333,0.334]
[TopoTrace Step 0] v0:G2[0.333,0.333,0.334] | v1:G0[0.334,0.333,0.333] | v2:G0[0.334,0.334,0.332] | v3:G2[0.333,0.333,0.334] | v4:G2[0.332,0.333,0.334][TopoTrace Step 0] v0:G2[0.333,0.333,0.334] | v1:G0[0.334,0.333,0.333] | v2:G0[0.334,0.334,0.332] | v3:G2[0.333,0.333,0.334] | v4:G2[0.332,0.333,0.334]

[TopoTrace Step 0] v0:G2[0.333,0.333,0.334] | v1:G0[0.334,0.333,0.333] | v2:G0[0.334,0.334,0.332] | v3:G2[0.333,0.333,0.334] | v4:G2[0.332,0.333,0.334]
[TopoTrace Step 0] v0:G2[0.333,0.333,0.334] | v1:G0[0.334,0.333,0.333] | v2:G0[0.334,0.334,0.332] | v3:G2[0.333,0.333,0.334] | v4:G2[0.332,0.333,0.334]
[TopoTrace Step 0] v0:G2[0.333,0.333,0.334] | v1:G0[0.334,0.333,0.333] | v2:G0[0.334,0.334,0.332] | v3:G2[0.333,0.333,0.334] | v4:G2[0.332,0.333,0.334]
[TopoTrace Step 0] v0:G2[0.333,0.333,0.334] | v1:G0[0.334,0.333,0.333] | v2:G0[0.334,0.334,0.332] | v3:G2[0.333,0.333,0.334] | v4:G2[0.332,0.333,0.334]
[TopoTrace Step 0] v0:G2[0.333,0.333,0.334] | v1:G0[0.334,0.333,0.333] | v2:G0[0.334,0.334,0.332] | v3:G2[0.333,0.333,0.334] | v4:G2[0.332,0.333,0.334]
[TopoTrace Step 0] v0:G2[0.333,0.333,0.334] | v1:G0[0.334,0.333,0.333] | v2:G0[0.334,0.334,0.332] | v3:G2[0.333,0.333,0.334] | v4:G2[0.332,0.333,0.334]
[TopoTrace Step 0] v0:G2[0.333,0.333,0.334] | v1:G0[0.334,0.333,0.333] | v2:G0[0.334,0.334,0.332] | v3:G2[0.333,0.333,0.334] | v4:G2[0.332,0.333,0.334][TopoTrace Step 0] v0:G2[0.333,0.333,0.334] | v1:G0[0.334,0.333,0.333] | v2:G0[0.334,0.334,0.332] | v3:G2[0.333,0.333,0.334] | v4:G2[0.332,0.333,0.334]

[TopoTrace Step 0] v0:G2[0.333,0.333,0.334] | v1:G0[0.334,0.333,0.333] | v2:G0[0.334,0.334,0.332] | v3:G2[0.333,0.333,0.334] | v4:G2[0.332,0.333,0.334]
[TopoTrace Step 0] v0:G2[0.333,0.333,0.334] | v1:G0[0.334,0.333,0.333] | v2:G0[0.334,0.334,0.332] | v3:G2[0.333,0.333,0.334] | v4:G2[0.332,0.333,0.334]
[TopoTrace Step 0] v0:G2[0.333,0.333,0.334] | v1:G0[0.334,0.333,0.333] | v2:G0[0.334,0.334,0.332] | v3:G2[0.333,0.333,0.334] | v4:G2[0.332,0.333,0.334]
[TopoTrace Step 0] v0:G2[0.333,0.333,0.334] | v1:G0[0.334,0.333,0.333] | v2:G0[0.334,0.334,0.332] | v3:G2[0.333,0.333,0.334] | v4:G2[0.332,0.333,0.334]
[TopoTrace Step 0] v0:G2[0.333,0.333,0.334] | v1:G0[0.334,0.333,0.333] | v2:G0[0.334,0.334,0.332] | v3:G2[0.333,0.333,0.334] | v4:G2[0.332,0.333,0.334]
[TopoTrace Step 0] v0:G2[0.333,0.333,0.334] | v1:G0[0.334,0.333,0.333] | v2:G0[0.334,0.334,0.332] | v3:G2[0.333,0.333,0.334] | v4:G2[0.332,0.333,0.334]
[TopoTrace Step 0] v0:G2[0.333,0.333,0.334] | v1:G0[0.334,0.333,0.333] | v2:G0[0.334,0.334,0.332] | v3:G2[0.333,0.333,0.334] | v4:G2[0.332,0.333,0.334][TopoTrace Step 0] v0:G2[0.333,0.333,0.334] | v1:G0[0.334,0.333,0.333] | v2:G0[0.334,0.334,0.332] | v3:G2[0.333,0.333,0.334] | v4:G2[0.332,0.333,0.334]

[TopoTrace Step 0] v0:G2[0.333,0.333,0.334] | v1:G0[0.334,0.333,0.333] | v2:G0[0.334,0.334,0.332] | v3:G2[0.333,0.333,0.334] | v4:G2[0.332,0.333,0.334]
[TopoTrace Step 0] v0:G2[0.333,0.333,0.334] | v1:G0[0.334,0.333,0.333] | v2:G0[0.334,0.334,0.332] | v3:G2[0.333,0.333,0.334] | v4:G2[0.332,0.333,0.334]
[TopoTrace Step 0] v0:G2[0.333,0.333,0.334] | v1:G0[0.334,0.333,0.333] | v2:G0[0.334,0.334,0.332] | v3:G2[0.333,0.333,0.334] | v4:G2[0.332,0.333,0.334][TopoTrace Step 0] v0:G2[0.333,0.333,0.334] | v1:G0[0.334,0.333,0.333] | v2:G0[0.334,0.334,0.332] | v3:G2[0.333,0.333,0.334] | v4:G2[0.332,0.333,0.334]

[TopoTrace Step 0] v0:G2[0.333,0.333,0.334] | v1:G0[0.334,0.333,0.333] | v2:G0[0.334,0.334,0.332] | v3:G2[0.333,0.333,0.334] | v4:G2[0.332,0.333,0.334]
[TopoTrace Step 0] v0:G2[0.333,0.333,0.334] | v1:G0[0.334,0.333,0.333] | v2:G0[0.334,0.334,0.332] | v3:G2[0.333,0.333,0.334] | v4:G2[0.332,0.333,0.334][TopoTrace Step 0] v0:G2[0.333,0.333,0.334] | v1:G0[0.334,0.333,0.333] | v2:G0[0.334,0.334,0.332] | v3:G2[0.333,0.333,0.334] | v4:G2[0.332,0.333,0.334]

[TopoTrace Step 0] v0:G2[0.333,0.333,0.334] | v1:G0[0.334,0.333,0.333] | v2:G0[0.334,0.334,0.332] | v3:G2[0.333,0.333,0.334] | v4:G2[0.332,0.333,0.334]
[TopoTrace Step 0] v0:G2[0.333,0.333,0.334] | v1:G0[0.334,0.333,0.333] | v2:G0[0.334,0.334,0.332] | v3:G2[0.333,0.333,0.334] | v4:G2[0.332,0.333,0.334]
[TopoTrace Step 0] v0:G2[0.333,0.333,0.334] | v1:G0[0.334,0.333,0.333] | v2:G0[0.334,0.334,0.332] | v3:G2[0.333,0.333,0.334] | v4:G2[0.332,0.333,0.334]
[TopoTrace Step 0] v0:G2[0.333,0.333,0.334] | v1:G0[0.334,0.333,0.333] | v2:G0[0.334,0.334,0.332] | v3:G2[0.333,0.333,0.334] | v4:G2[0.332,0.333,0.334][TopoTrace Step 0] v0:G2[0.333,0.333,0.334] | v1:G0[0.334,0.333,0.333] | v2:G0[0.334,0.334,0.332] | v3:G2[0.333,0.333,0.334] | v4:G2[0.332,0.333,0.334]

[TopoTrace Step 0] v0:G2[0.333,0.333,0.334] | v1:G0[0.334,0.333,0.333] | v2:G0[0.334,0.334,0.332] | v3:G2[0.333,0.333,0.334] | v4:G2[0.332,0.333,0.334]
[TopoTrace Step 0] v0:G2[0.333,0.333,0.334] | v1:G0[0.334,0.333,0.333] | v2:G0[0.334,0.334,0.332] | v3:G2[0.333,0.333,0.334] | v4:G2[0.332,0.333,0.334]
[TopoTrace Step 0] v0:G2[0.333,0.333,0.334] | v1:G0[0.334,0.333,0.333] | v2:G0[0.334,0.334,0.332] | v3:G2[0.333,0.333,0.334] | v4:G2[0.332,0.333,0.334]
[TopoTrace Step 0] v0:G2[0.333,0.333,0.334] | v1:G0[0.334,0.333,0.333] | v2:G0[0.334,0.334,0.332] | v3:G2[0.333,0.333,0.334] | v4:G2[0.332,0.333,0.334]
[TopoTrace Step 0] v0:G2[0.333,0.333,0.334] | v1:G0[0.334,0.333,0.333] | v2:G0[0.334,0.334,0.332] | v3:G2[0.333,0.333,0.334] | v4:G2[0.332,0.333,0.334]
[TopoTrace Step 0] v0:G2[0.333,0.333,0.334] | v1:G0[0.334,0.333,0.333] | v2:G0[0.334,0.334,0.332] | v3:G2[0.333,0.333,0.334] | v4:G2[0.332,0.333,0.334]
[TopoTrace Step 0] v0:G2[0.333,0.333,0.334] | v1:G0[0.334,0.333,0.333] | v2:G0[0.334,0.334,0.332] | v3:G2[0.333,0.333,0.334] | v4:G2[0.332,0.333,0.334][TopoTrace Step 0] v0:G2[0.333,0.333,0.334] | v1:G0[0.334,0.333,0.333] | v2:G0[0.334,0.334,0.332] | v3:G2[0.333,0.333,0.334] | v4:G2[0.332,0.333,0.334]

[TopoTrace Step 0] v0:G2[0.333,0.333,0.334] | v1:G0[0.334,0.333,0.333] | v2:G0[0.334,0.334,0.332] | v3:G2[0.333,0.333,0.334] | v4:G2[0.332,0.333,0.334]
[TopoTrace Step 0] v0:G2[0.333,0.333,0.334] | v1:G0[0.334,0.333,0.333] | v2:G0[0.334,0.334,0.332] | v3:G2[0.333,0.333,0.334] | v4:G2[0.332,0.333,0.334]
[TopoTrace Step 0] v0:G2[0.333,0.333,0.334] | v1:G0[0.334,0.333,0.333] | v2:G0[0.334,0.334,0.332] | v3:G2[0.333,0.333,0.334] | v4:G2[0.332,0.333,0.334][TopoTrace Step 0] v0:G2[0.333,0.333,0.334] | v1:G0[0.334,0.333,0.333] | v2:G0[0.334,0.334,0.332] | v3:G2[0.333,0.333,0.334] | v4:G2[0.332,0.333,0.334]

[TopoTrace Step 0] v0:G2[0.333,0.333,0.334] | v1:G0[0.334,0.333,0.333] | v2:G0[0.334,0.334,0.332] | v3:G2[0.333,0.333,0.334] | v4:G2[0.332,0.333,0.334]
[TopoTrace Step 0] v0:G2[0.333,0.333,0.334] | v1:G0[0.334,0.333,0.333] | v2:G0[0.334,0.334,0.332] | v3:G2[0.333,0.333,0.334] | v4:G2[0.332,0.333,0.334]
[TopoTrace Step 0] v0:G2[0.333,0.333,0.334] | v1:G0[0.334,0.333,0.333] | v2:G0[0.334,0.334,0.332] | v3:G2[0.333,0.333,0.334] | v4:G2[0.332,0.333,0.334][TopoTrace Step 0] v0:G2[0.333,0.333,0.334] | v1:G0[0.334,0.333,0.333] | v2:G0[0.334,0.334,0.332] | v3:G2[0.333,0.333,0.334] | v4:G2[0.332,0.333,0.334]

[TopoTrace Step 0] v0:G2[0.333,0.333,0.334] | v1:G0[0.334,0.333,0.333] | v2:G0[0.334,0.334,0.332] | v3:G2[0.333,0.333,0.334] | v4:G2[0.332,0.333,0.334]
[TopoTrace Step 0] v0:G2[0.333,0.333,0.334] | v1:G0[0.334,0.333,0.333] | v2:G0[0.334,0.334,0.332] | v3:G2[0.333,0.333,0.334] | v4:G2[0.332,0.333,0.334]
[TopoTrace Step 0] v0:G2[0.333,0.333,0.334] | v1:G0[0.334,0.333,0.333] | v2:G0[0.334,0.334,0.332] | v3:G2[0.333,0.333,0.334] | v4:G2[0.332,0.333,0.334]
[TopoTrace Step 0] v0:G2[0.333,0.333,0.334] | v1:G0[0.334,0.333,0.333] | v2:G0[0.334,0.334,0.332] | v3:G2[0.333,0.333,0.334] | v4:G2[0.332,0.333,0.334]
[TopoTrace Step 0] v0:G2[0.333,0.333,0.334] | v1:G0[0.334,0.333,0.333] | v2:G0[0.334,0.334,0.332] | v3:G2[0.333,0.333,0.334] | v4:G2[0.332,0.333,0.334]
[TopoTrace Step 0] v0:G2[0.333,0.333,0.334] | v1:G0[0.334,0.333,0.333] | v2:G0[0.334,0.334,0.332] | v3:G2[0.333,0.333,0.334] | v4:G2[0.332,0.333,0.334]
[TopoTrace Step 0] v0:G2[0.333,0.333,0.334] | v1:G0[0.334,0.333,0.333] | v2:G0[0.334,0.334,0.332] | v3:G2[0.333,0.333,0.334] | v4:G2[0.332,0.333,0.334][TopoTrace Step 0] v0:G2[0.333,0.333,0.334] | v1:G0[0.334,0.333,0.333] | v2:G0[0.334,0.334,0.332] | v3:G2[0.333,0.333,0.334] | v4:G2[0.332,0.333,0.334]

[TopoTrace Step 0] v0:G2[0.333,0.333,0.334] | v1:G0[0.334,0.333,0.333] | v2:G0[0.334,0.334,0.332] | v3:G2[0.333,0.333,0.334] | v4:G2[0.332,0.333,0.334]
[TopoTrace Step 0] v0:G2[0.333,0.333,0.334] | v1:G0[0.334,0.333,0.333] | v2:G0[0.334,0.334,0.332] | v3:G2[0.333,0.333,0.334] | v4:G2[0.332,0.333,0.334]
[TopoTrace Step 0] v0:G2[0.333,0.333,0.334] | v1:G0[0.334,0.333,0.333] | v2:G0[0.334,0.334,0.332] | v3:G2[0.333,0.333,0.334] | v4:G2[0.332,0.333,0.334]
[TopoTrace Step 0] v0:G2[0.333,0.333,0.334] | v1:G0[0.334,0.333,0.333] | v2:G0[0.334,0.334,0.332] | v3:G2[0.333,0.333,0.334] | v4:G2[0.332,0.333,0.334]
[TopoTrace Step 0] v0:G2[0.333,0.333,0.334] | v1:G0[0.334,0.333,0.333] | v2:G0[0.334,0.334,0.332] | v3:G2[0.333,0.333,0.334] | v4:G2[0.332,0.333,0.334]
[TopoTrace Step 0] v0:G2[0.333,0.333,0.334] | v1:G0[0.334,0.333,0.333] | v2:G0[0.334,0.334,0.332] | v3:G2[0.333,0.333,0.334] | v4:G2[0.332,0.333,0.334]
[TopoTrace Step 0] v0:G2[0.333,0.333,0.334] | v1:G0[0.334,0.333,0.333] | v2:G0[0.334,0.334,0.332] | v3:G2[0.333,0.333,0.334] | v4:G2[0.332,0.333,0.334][TopoTrace Step 0] v0:G2[0.333,0.333,0.334] | v1:G0[0.334,0.333,0.333] | v2:G0[0.334,0.334,0.332] | v3:G2[0.333,0.333,0.334] | v4:G2[0.332,0.333,0.334]

[TopoTrace Step 0] v0:G2[0.333,0.333,0.334] | v1:G0[0.334,0.333,0.333] | v2:G0[0.334,0.334,0.332] | v3:G2[0.333,0.333,0.334] | v4:G2[0.332,0.333,0.334]
[TopoTrace Step 0] v0:G2[0.333,0.333,0.334] | v1:G0[0.334,0.333,0.333] | v2:G0[0.334,0.334,0.332] | v3:G2[0.333,0.333,0.334] | v4:G2[0.332,0.333,0.334]
[TopoTrace Step 0] v0:G2[0.333,0.333,0.334] | v1:G0[0.334,0.333,0.333] | v2:G0[0.334,0.334,0.332] | v3:G2[0.333,0.333,0.334] | v4:G2[0.332,0.333,0.334][TopoTrace Step 0] v0:G2[0.333,0.333,0.334] | v1:G0[0.334,0.333,0.333] | v2:G0[0.334,0.334,0.332] | v3:G2[0.333,0.333,0.334] | v4:G2[0.332,0.333,0.334]

[TopoTrace Step 0] v0:G2[0.333,0.333,0.334] | v1:G0[0.334,0.333,0.333] | v2:G0[0.334,0.334,0.332] | v3:G2[0.333,0.333,0.334] | v4:G2[0.332,0.333,0.334]
[TopoTrace Step 0] v0:G2[0.333,0.333,0.334] | v1:G0[0.334,0.333,0.333] | v2:G0[0.334,0.334,0.332] | v3:G2[0.333,0.333,0.334] | v4:G2[0.332,0.333,0.334]
[TopoTrace Step 0] v0:G2[0.333,0.333,0.334] | v1:G0[0.334,0.333,0.333] | v2:G0[0.334,0.334,0.332] | v3:G2[0.333,0.333,0.334] | v4:G2[0.332,0.333,0.334][TopoTrace Step 0] v0:G2[0.333,0.333,0.334] | v1:G0[0.334,0.333,0.333] | v2:G0[0.334,0.334,0.332] | v3:G2[0.333,0.333,0.334] | v4:G2[0.332,0.333,0.334]

[TopoTrace Step 0] v0:G2[0.333,0.333,0.334] | v1:G0[0.334,0.333,0.333] | v2:G0[0.334,0.334,0.332] | v3:G2[0.333,0.333,0.334] | v4:G2[0.332,0.333,0.334]
[TopoTrace Step 0] v0:G2[0.333,0.333,0.334] | v1:G0[0.334,0.333,0.333] | v2:G0[0.334,0.334,0.332] | v3:G2[0.333,0.333,0.334] | v4:G2[0.332,0.333,0.334]
[TopoTrace Step 0] v0:G2[0.333,0.333,0.334] | v1:G0[0.334,0.333,0.333] | v2:G0[0.334,0.334,0.332] | v3:G2[0.333,0.333,0.334] | v4:G2[0.332,0.333,0.334][TopoTrace Step 0] v0:G2[0.333,0.333,0.334] | v1:G0[0.334,0.333,0.333] | v2:G0[0.334,0.334,0.332] | v3:G2[0.333,0.333,0.334] | v4:G2[0.332,0.333,0.334]

[TopoTrace Step 0] v0:G2[0.333,0.333,0.334] | v1:G0[0.334,0.333,0.333] | v2:G0[0.334,0.334,0.332] | v3:G2[0.333,0.333,0.334] | v4:G2[0.332,0.333,0.334]
[TopoTrace Step 0] v0:G2[0.333,0.333,0.334] | v1:G0[0.334,0.333,0.333] | v2:G0[0.334,0.334,0.332] | v3:G2[0.333,0.333,0.334] | v4:G2[0.332,0.333,0.334]
[TopoTrace Step 0] v0:G2[0.333,0.333,0.334] | v1:G0[0.334,0.333,0.333] | v2:G0[0.334,0.334,0.332] | v3:G2[0.333,0.333,0.334] | v4:G2[0.332,0.333,0.334]
[TopoTrace Step 0] v0:G2[0.333,0.333,0.334] | v1:G0[0.334,0.333,0.333] | v2:G0[0.334,0.334,0.332] | v3:G2[0.333,0.333,0.334] | v4:G2[0.332,0.333,0.334]
[TopoTrace Step 0] v0:G2[0.333,0.333,0.334] | v1:G0[0.334,0.333,0.333] | v2:G0[0.334,0.334,0.332] | v3:G2[0.333,0.333,0.334] | v4:G2[0.332,0.333,0.334]
[TopoTrace Step 0] v0:G2[0.333,0.333,0.334] | v1:G0[0.334,0.333,0.333] | v2:G0[0.334,0.334,0.332] | v3:G2[0.333,0.333,0.334] | v4:G2[0.332,0.333,0.334]
[TopoTrace Step 0] v0:G2[0.333,0.333,0.334] | v1:G0[0.334,0.333,0.333] | v2:G0[0.334,0.334,0.332] | v3:G2[0.333,0.333,0.334] | v4:G2[0.332,0.333,0.334][TopoTrace Step 0] v0:G2[0.333,0.333,0.334] | v1:G0[0.334,0.333,0.333] | v2:G0[0.334,0.334,0.332] | v3:G2[0.333,0.333,0.334] | v4:G2[0.332,0.333,0.334]

[TopoTrace Step 0] v0:G2[0.333,0.333,0.334] | v1:G0[0.334,0.333,0.333] | v2:G0[0.334,0.334,0.332] | v3:G2[0.333,0.333,0.334] | v4:G2[0.332,0.333,0.334]
[TopoTrace Step 0] v0:G2[0.333,0.333,0.334] | v1:G0[0.334,0.333,0.333] | v2:G0[0.334,0.334,0.332] | v3:G2[0.333,0.333,0.334] | v4:G2[0.332,0.333,0.334]
[TopoTrace Step 0] v0:G2[0.333,0.333,0.334] | v1:G0[0.334,0.333,0.333] | v2:G0[0.334,0.334,0.332] | v3:G2[0.333,0.333,0.334] | v4:G2[0.332,0.333,0.334][TopoTrace Step 0] v0:G2[0.333,0.333,0.334] | v1:G0[0.334,0.333,0.333] | v2:G0[0.334,0.334,0.332] | v3:G2[0.333,0.333,0.334] | v4:G2[0.332,0.333,0.334]

[TopoTrace Step 0] v0:G2[0.333,0.333,0.334] | v1:G0[0.334,0.333,0.333] | v2:G0[0.334,0.334,0.332] | v3:G2[0.333,0.333,0.334] | v4:G2[0.332,0.333,0.334]
[TopoTrace Step 0] v0:G2[0.333,0.333,0.334] | v1:G0[0.334,0.333,0.333] | v2:G0[0.334,0.334,0.332] | v3:G2[0.333,0.333,0.334] | v4:G2[0.332,0.333,0.334]
[TopoTrace Step 0] v0:G2[0.333,0.333,0.334] | v1:G0[0.334,0.333,0.333] | v2:G0[0.334,0.334,0.332] | v3:G2[0.333,0.333,0.334] | v4:G2[0.332,0.333,0.334]
[TopoTrace Step 0] v0:G2[0.333,0.333,0.334] | v1:G0[0.334,0.333,0.333] | v2:G0[0.334,0.334,0.332] | v3:G2[0.333,0.333,0.334] | v4:G2[0.332,0.333,0.334]
[TopoTrace Step 0] v0:G2[0.333,0.333,0.334] | v1:G0[0.334,0.333,0.333] | v2:G0[0.334,0.334,0.332] | v3:G2[0.333,0.333,0.334] | v4:G2[0.332,0.333,0.334]
[TopoTrace Step 0] v0:G2[0.333,0.333,0.334] | v1:G0[0.334,0.333,0.333] | v2:G0[0.334,0.334,0.332] | v3:G2[0.333,0.333,0.334] | v4:G2[0.332,0.333,0.334]
[TopoTrace Step 0] v0:G2[0.333,0.333,0.334] | v1:G0[0.334,0.333,0.333] | v2:G0[0.334,0.334,0.332] | v3:G2[0.333,0.333,0.334] | v4:G2[0.332,0.333,0.334][TopoTrace Step 0] v0:G2[0.333,0.333,0.334] | v1:G0[0.334,0.333,0.333] | v2:G0[0.334,0.334,0.332] | v3:G2[0.333,0.333,0.334] | v4:G2[0.332,0.333,0.334]

[TopoTrace Step 0] v0:G2[0.333,0.333,0.334] | v1:G0[0.334,0.333,0.333] | v2:G0[0.334,0.334,0.332] | v3:G2[0.333,0.333,0.334] | v4:G2[0.332,0.333,0.334]
[TopoTrace Step 0] v0:G2[0.333,0.333,0.334] | v1:G0[0.334,0.333,0.333] | v2:G0[0.334,0.334,0.332] | v3:G2[0.333,0.333,0.334] | v4:G2[0.332,0.333,0.334]
[TopoTrace Step 0] v0:G2[0.333,0.333,0.334] | v1:G0[0.334,0.333,0.333] | v2:G0[0.334,0.334,0.332] | v3:G2[0.333,0.333,0.334] | v4:G2[0.332,0.333,0.334][TopoTrace Step 0] v0:G2[0.333,0.333,0.334] | v1:G0[0.334,0.333,0.333] | v2:G0[0.334,0.334,0.332] | v3:G2[0.333,0.333,0.334] | v4:G2[0.332,0.333,0.334]

[TopoTrace Step 0] v0:G2[0.333,0.333,0.334] | v1:G0[0.334,0.333,0.333] | v2:G0[0.334,0.334,0.332] | v3:G2[0.333,0.333,0.334] | v4:G2[0.332,0.333,0.334]
[TopoTrace Step 0] v0:G2[0.333,0.333,0.334] | v1:G0[0.334,0.333,0.333] | v2:G0[0.334,0.334,0.332] | v3:G2[0.333,0.333,0.334] | v4:G2[0.332,0.333,0.334]
[TopoTrace Step 0] v0:G2[0.333,0.333,0.334] | v1:G0[0.334,0.333,0.333] | v2:G0[0.334,0.334,0.332] | v3:G2[0.333,0.333,0.334] | v4:G2[0.332,0.333,0.334]
[TopoTrace Step 0] v0:G2[0.333,0.333,0.334] | v1:G0[0.334,0.333,0.333] | v2:G0[0.334,0.334,0.332] | v3:G2[0.333,0.333,0.334] | v4:G2[0.332,0.333,0.334]
[TopoTrace Step 0] v0:G2[0.333,0.333,0.334] | v1:G0[0.334,0.333,0.333] | v2:G0[0.334,0.334,0.332] | v3:G2[0.333,0.333,0.334] | v4:G2[0.332,0.333,0.334]
[TopoTrace Step 0] v0:G2[0.333,0.333,0.334] | v1:G0[0.334,0.333,0.333] | v2:G0[0.334,0.334,0.332] | v3:G2[0.333,0.333,0.334] | v4:G2[0.332,0.333,0.334]
[TopoTrace Step 0] v0:G2[0.333,0.333,0.334] | v1:G0[0.334,0.333,0.333] | v2:G0[0.334,0.334,0.332] | v3:G2[0.333,0.333,0.334] | v4:G2[0.332,0.333,0.334][TopoTrace Step 0] v0:G2[0.333,0.333,0.334] | v1:G0[0.334,0.333,0.333] | v2:G0[0.334,0.334,0.332] | v3:G2[0.333,0.333,0.334] | v4:G2[0.332,0.333,0.334]

[TopoTrace Step 0] v0:G2[0.333,0.333,0.334] | v1:G0[0.334,0.333,0.333] | v2:G0[0.334,0.334,0.332] | v3:G2[0.333,0.333,0.334] | v4:G2[0.332,0.333,0.334]
[TopoTrace Step 0] v0:G2[0.333,0.333,0.334] | v1:G0[0.334,0.333,0.333] | v2:G0[0.334,0.334,0.332] | v3:G2[0.333,0.333,0.334] | v4:G2[0.332,0.333,0.334]
[TopoTrace Step 0] v0:G2[0.333,0.333,0.334] | v1:G0[0.334,0.333,0.333] | v2:G0[0.334,0.334,0.332] | v3:G2[0.333,0.333,0.334] | v4:G2[0.332,0.333,0.334][TopoTrace Step 0] v0:G2[0.333,0.333,0.334] | v1:G0[0.334,0.333,0.333] | v2:G0[0.334,0.334,0.332] | v3:G2[0.333,0.333,0.334] | v4:G2[0.332,0.333,0.334]

[TopoTrace Step 0] v0:G2[0.333,0.333,0.334] | v1:G0[0.334,0.333,0.333] | v2:G0[0.334,0.334,0.332] | v3:G2[0.333,0.333,0.334] | v4:G2[0.332,0.333,0.334]
[TopoTrace Step 0] v0:G2[0.333,0.333,0.334] | v1:G0[0.334,0.333,0.333] | v2:G0[0.334,0.334,0.332] | v3:G2[0.333,0.333,0.334] | v4:G2[0.332,0.333,0.334]
[TopoTrace Step 0] v0:G2[0.333,0.333,0.334] | v1:G0[0.334,0.333,0.333] | v2:G0[0.334,0.334,0.332] | v3:G2[0.333,0.333,0.334] | v4:G2[0.332,0.333,0.334][TopoTrace Step 0] v0:G2[0.333,0.333,0.334] | v1:G0[0.334,0.333,0.333] | v2:G0[0.334,0.334,0.332] | v3:G2[0.333,0.333,0.334] | v4:G2[0.332,0.333,0.334]

[TopoTrace Step 0] v0:G2[0.333,0.333,0.334] | v1:G0[0.334,0.333,0.333] | v2:G0[0.334,0.334,0.332] | v3:G2[0.333,0.333,0.334] | v4:G2[0.332,0.333,0.334]
[TopoTrace Step 0] v0:G2[0.333,0.333,0.334] | v1:G0[0.334,0.333,0.333] | v2:G0[0.334,0.334,0.332] | v3:G2[0.333,0.333,0.334] | v4:G2[0.332,0.333,0.334]
[TopoTrace Step 0] v0:G2[0.333,0.333,0.334] | v1:G0[0.334,0.333,0.333] | v2:G0[0.334,0.334,0.332] | v3:G2[0.333,0.333,0.334] | v4:G2[0.332,0.333,0.334][TopoTrace Step 0] v0:G2[0.333,0.333,0.334] | v1:G0[0.334,0.333,0.333] | v2:G0[0.334,0.334,0.332] | v3:G2[0.333,0.333,0.334] | v4:G2[0.332,0.333,0.334]

[TopoTrace Step 0] v0:G2[0.333,0.333,0.334] | v1:G0[0.334,0.333,0.333] | v2:G0[0.334,0.334,0.332] | v3:G2[0.333,0.333,0.334] | v4:G2[0.332,0.333,0.334]
[TopoTrace Step 0] v0:G2[0.333,0.333,0.334] | v1:G0[0.334,0.333,0.333] | v2:G0[0.334,0.334,0.332] | v3:G2[0.333,0.333,0.334] | v4:G2[0.332,0.333,0.334]
[TopoTrace Step 0] v0:G2[0.333,0.333,0.334] | v1:G0[0.334,0.333,0.333] | v2:G0[0.334,0.334,0.332] | v3:G2[0.333,0.333,0.334] | v4:G2[0.332,0.333,0.334][TopoTrace Step 0] v0:G2[0.333,0.333,0.334] | v1:G0[0.334,0.333,0.333] | v2:G0[0.334,0.334,0.332] | v3:G2[0.333,0.333,0.334] | v4:G2[0.332,0.333,0.334]

[TopoTrace Step 0] v0:G2[0.333,0.333,0.334] | v1:G0[0.334,0.333,0.333] | v2:G0[0.334,0.334,0.332] | v3:G2[0.333,0.333,0.334] | v4:G2[0.332,0.333,0.334]
[TopoTrace Step 0] v0:G2[0.333,0.333,0.334] | v1:G0[0.334,0.333,0.333] | v2:G0[0.334,0.334,0.332] | v3:G2[0.333,0.333,0.334] | v4:G2[0.332,0.333,0.334]
[TopoTrace Step 0] v0:G2[0.333,0.333,0.334] | v1:G0[0.334,0.333,0.333] | v2:G0[0.334,0.334,0.332] | v3:G2[0.333,0.333,0.334] | v4:G2[0.332,0.333,0.334][TopoTrace Step 0] v0:G2[0.333,0.333,0.334] | v1:G0[0.334,0.333,0.333] | v2:G0[0.334,0.334,0.332] | v3:G2[0.333,0.333,0.334] | v4:G2[0.332,0.333,0.334]

[TopoTrace Step 0] v0:G2[0.333,0.333,0.334] | v1:G0[0.334,0.333,0.333] | v2:G0[0.334,0.334,0.332] | v3:G2[0.333,0.333,0.334] | v4:G2[0.332,0.333,0.334]
[TopoTrace Step 0] v0:G2[0.333,0.333,0.334] | v1:G0[0.334,0.333,0.333] | v2:G0[0.334,0.334,0.332] | v3:G2[0.333,0.333,0.334] | v4:G2[0.332,0.333,0.334]
[TopoTrace Step 0] v0:G2[0.333,0.333,0.334] | v1:G0[0.334,0.333,0.333] | v2:G0[0.334,0.334,0.332] | v3:G2[0.333,0.333,0.334] | v4:G2[0.332,0.333,0.334][TopoTrace Step 0] v0:G2[0.333,0.333,0.334] | v1:G0[0.334,0.333,0.333] | v2:G0[0.334,0.334,0.332] | v3:G2[0.333,0.333,0.334] | v4:G2[0.332,0.333,0.334]

[TopoTrace Step 0] v0:G2[0.333,0.333,0.334] | v1:G0[0.334,0.333,0.333] | v2:G0[0.334,0.334,0.332] | v3:G2[0.333,0.333,0.334] | v4:G2[0.332,0.333,0.334]
[TopoTrace Step 0] v0:G2[0.333,0.333,0.334] | v1:G0[0.334,0.333,0.333] | v2:G0[0.334,0.334,0.332] | v3:G2[0.333,0.333,0.334] | v4:G2[0.332,0.333,0.334]
[TopoTrace Step 0] v0:G2[0.333,0.333,0.334] | v1:G0[0.334,0.333,0.333] | v2:G0[0.334,0.334,0.332] | v3:G2[0.333,0.333,0.334] | v4:G2[0.332,0.333,0.334]
[TopoTrace Step 0] v0:G2[0.333,0.333,0.334] | v1:G0[0.334,0.333,0.333] | v2:G0[0.334,0.334,0.332] | v3:G2[0.333,0.333,0.334] | v4:G2[0.332,0.333,0.334]
[TopoTrace Step 0] v0:G2[0.333,0.333,0.334] | v1:G0[0.334,0.333,0.333] | v2:G0[0.334,0.334,0.332] | v3:G2[0.333,0.333,0.334] | v4:G2[0.332,0.333,0.334]
[TopoTrace Step 0] v0:G2[0.333,0.333,0.334] | v1:G0[0.334,0.333,0.333] | v2:G0[0.334,0.334,0.332] | v3:G2[0.333,0.333,0.334] | v4:G2[0.332,0.333,0.334]
[TopoTrace Step 0] v0:G2[0.333,0.333,0.334] | v1:G0[0.334,0.333,0.333] | v2:G0[0.334,0.334,0.332] | v3:G2[0.333,0.333,0.334] | v4:G2[0.332,0.333,0.334]
[TopoTrace Step 0] v0:G2[0.333,0.333,0.334] | v1:G0[0.334,0.333,0.333] | v2:G0[0.334,0.334,0.332] | v3:G2[0.333,0.333,0.334] | v4:G2[0.332,0.333,0.334]
[TopoTrace Step 0] v0:G2[0.333,0.333,0.334] | v1:G0[0.334,0.333,0.333] | v2:G0[0.334,0.334,0.332] | v3:G2[0.333,0.333,0.334] | v4:G2[0.332,0.333,0.334]
[TopoTrace Step 0] v0:G2[0.333,0.333,0.334] | v1:G0[0.334,0.333,0.333] | v2:G0[0.334,0.334,0.332] | v3:G2[0.333,0.333,0.334] | v4:G2[0.332,0.333,0.334]
[TopoTrace Step 0] v0:G2[0.333,0.333,0.334] | v1:G0[0.334,0.333,0.333] | v2:G0[0.334,0.334,0.332] | v3:G2[0.333,0.333,0.334] | v4:G2[0.332,0.333,0.334][TopoTrace Step 0] v0:G2[0.333,0.333,0.334] | v1:G0[0.334,0.333,0.333] | v2:G0[0.334,0.334,0.332] | v3:G2[0.333,0.333,0.334] | v4:G2[0.332,0.333,0.334]

[TopoTrace Step 0] v0:G2[0.333,0.333,0.334] | v1:G0[0.334,0.333,0.333] | v2:G0[0.334,0.334,0.332] | v3:G2[0.333,0.333,0.334] | v4:G2[0.332,0.333,0.334]
[TopoTrace Step 0] v0:G2[0.333,0.333,0.334] | v1:G0[0.334,0.333,0.333] | v2:G0[0.334,0.334,0.332] | v3:G2[0.333,0.333,0.334] | v4:G2[0.332,0.333,0.334]
[TopoTrace Step 0] v0:G2[0.333,0.333,0.334] | v1:G0[0.334,0.333,0.333] | v2:G0[0.334,0.334,0.332] | v3:G2[0.333,0.333,0.334] | v4:G2[0.332,0.333,0.334][TopoTrace Step 0] v0:G2[0.333,0.333,0.334] | v1:G0[0.334,0.333,0.333] | v2:G0[0.334,0.334,0.332] | v3:G2[0.333,0.333,0.334] | v4:G2[0.332,0.333,0.334]

[TopoTrace Step 0] v0:G2[0.333,0.333,0.334] | v1:G0[0.334,0.333,0.333] | v2:G0[0.334,0.334,0.332] | v3:G2[0.333,0.333,0.334] | v4:G2[0.332,0.333,0.334]
[TopoTrace Step 0] v0:G2[0.333,0.333,0.334] | v1:G0[0.334,0.333,0.333] | v2:G0[0.334,0.334,0.332] | v3:G2[0.333,0.333,0.334] | v4:G2[0.332,0.333,0.334]
[TopoTrace Step 0] v0:G2[0.333,0.333,0.334] | v1:G0[0.334,0.333,0.333] | v2:G0[0.334,0.334,0.332] | v3:G2[0.333,0.333,0.334] | v4:G2[0.332,0.333,0.334][TopoTrace Step 0] v0:G2[0.333,0.333,0.334] | v1:G0[0.334,0.333,0.333] | v2:G0[0.334,0.334,0.332] | v3:G2[0.333,0.333,0.334] | v4:G2[0.332,0.333,0.334]

[TopoTrace Step 0] v0:G2[0.333,0.333,0.334] | v1:G0[0.334,0.333,0.333] | v2:G0[0.334,0.334,0.332] | v3:G2[0.333,0.333,0.334] | v4:G2[0.332,0.333,0.334]
[TopoTrace Step 0] v0:G2[0.333,0.333,0.334] | v1:G0[0.334,0.333,0.333] | v2:G0[0.334,0.334,0.332] | v3:G2[0.333,0.333,0.334] | v4:G2[0.332,0.333,0.334]
[TopoTrace Step 0] v0:G2[0.333,0.333,0.334] | v1:G0[0.334,0.333,0.333] | v2:G0[0.334,0.334,0.332] | v3:G2[0.333,0.333,0.334] | v4:G2[0.332,0.333,0.334][TopoTrace Step 0] v0:G2[0.333,0.333,0.334] | v1:G0[0.334,0.333,0.333] | v2:G0[0.334,0.334,0.332] | v3:G2[0.333,0.333,0.334] | v4:G2[0.332,0.333,0.334]

[TopoTrace Step 0] v0:G2[0.333,0.333,0.334] | v1:G0[0.334,0.333,0.333] | v2:G0[0.334,0.334,0.332] | v3:G2[0.333,0.333,0.334] | v4:G2[0.332,0.333,0.334]
[TopoTrace Step 0] v0:G2[0.333,0.333,0.334] | v1:G0[0.334,0.333,0.333] | v2:G0[0.334,0.334,0.332] | v3:G2[0.333,0.333,0.334] | v4:G2[0.332,0.333,0.334]
[TopoTrace Step 0] v0:G2[0.333,0.333,0.334] | v1:G0[0.334,0.333,0.333] | v2:G0[0.334,0.334,0.332] | v3:G2[0.333,0.333,0.334] | v4:G2[0.332,0.333,0.334][TopoTrace Step 0] v0:G2[0.333,0.333,0.334] | v1:G0[0.334,0.333,0.333] | v2:G0[0.334,0.334,0.332] | v3:G2[0.333,0.333,0.334] | v4:G2[0.332,0.333,0.334]

[TopoTrace Step 0] v0:G2[0.333,0.333,0.334] | v1:G0[0.334,0.333,0.333] | v2:G0[0.334,0.334,0.332] | v3:G2[0.333,0.333,0.334] | v4:G2[0.332,0.333,0.334]
[TopoTrace Step 0] v0:G2[0.333,0.333,0.334] | v1:G0[0.334,0.333,0.333] | v2:G0[0.334,0.334,0.332] | v3:G2[0.333,0.333,0.334] | v4:G2[0.332,0.333,0.334]
[TopoTrace Step 0] v0:G2[0.333,0.333,0.334] | v1:G0[0.334,0.333,0.333] | v2:G0[0.334,0.334,0.332] | v3:G2[0.333,0.333,0.334] | v4:G2[0.332,0.333,0.334]
[TopoTrace Step 0] v0:G2[0.333,0.333,0.334] | v1:G0[0.334,0.333,0.333] | v2:G0[0.334,0.334,0.332] | v3:G2[0.333,0.333,0.334] | v4:G2[0.332,0.333,0.334]
[TopoTrace Step 0] v0:G2[0.333,0.333,0.334] | v1:G0[0.334,0.333,0.333] | v2:G0[0.334,0.334,0.332] | v3:G2[0.333,0.333,0.334] | v4:G2[0.332,0.333,0.334]
[TopoTrace Step 0] v0:G2[0.333,0.333,0.334] | v1:G0[0.334,0.333,0.333] | v2:G0[0.334,0.334,0.332] | v3:G2[0.333,0.333,0.334] | v4:G2[0.332,0.333,0.334]
[TopoTrace Step 0] v0:G2[0.333,0.333,0.334] | v1:G0[0.334,0.333,0.333] | v2:G0[0.334,0.334,0.332] | v3:G2[0.333,0.333,0.334] | v4:G2[0.332,0.333,0.334]
[TopoTrace Step 0] v0:G2[0.333,0.333,0.334] | v1:G0[0.334,0.333,0.333] | v2:G0[0.334,0.334,0.332] | v3:G2[0.333,0.333,0.334] | v4:G2[0.332,0.333,0.334]
[TopoTrace Step 0] v0:G2[0.333,0.333,0.334] | v1:G0[0.334,0.333,0.333] | v2:G0[0.334,0.334,0.332] | v3:G2[0.333,0.333,0.334] | v4:G2[0.332,0.333,0.334]
[TopoTrace Step 0] v0:G2[0.333,0.333,0.334] | v1:G0[0.334,0.333,0.333] | v2:G0[0.334,0.334,0.332] | v3:G2[0.333,0.333,0.334] | v4:G2[0.332,0.333,0.334]
[TopoTrace Step 0] v0:G2[0.333,0.333,0.334] | v1:G0[0.334,0.333,0.333] | v2:G0[0.334,0.334,0.332] | v3:G2[0.333,0.333,0.334] | v4:G2[0.332,0.333,0.334][TopoTrace Step 0] v0:G2[0.333,0.333,0.334] | v1:G0[0.334,0.333,0.333] | v2:G0[0.334,0.334,0.332] | v3:G2[0.333,0.333,0.334] | v4:G2[0.332,0.333,0.334]

[TopoTrace Step 0] v0:G2[0.333,0.333,0.334] | v1:G0[0.334,0.333,0.333] | v2:G0[0.334,0.333,0.332] | v3:G2[0.333,0.333,0.334] | v4:G2[0.332,0.333,0.334]
[TopoTrace Step 0] v0:G2[0.333,0.333,0.334] | v1:G0[0.334,0.333,0.333] | v2:G0[0.334,0.333,0.332] | v3:G2[0.333,0.333,0.334] | v4:G2[0.332,0.333,0.334]
[TopoTrace Step 0] v0:G2[0.333,0.333,0.334] | v1:G0[0.334,0.333,0.333] | v2:G0[0.334,0.333,0.332] | v3:G2[0.333,0.333,0.334] | v4:G2[0.332,0.333,0.334][TopoTrace Step 0] v0:G2[0.333,0.333,0.334] | v1:G0[0.334,0.333,0.333] | v2:G0[0.334,0.333,0.332] | v3:G2[0.333,0.333,0.334] | v4:G2[0.332,0.333,0.334]

[TopoTrace Step 0] v0:G2[0.333,0.333,0.334] | v1:G0[0.334,0.333,0.333] | v2:G0[0.334,0.333,0.332] | v3:G2[0.333,0.333,0.334] | v4:G2[0.332,0.333,0.334]
[TopoTrace Step 0] v0:G2[0.333,0.333,0.334] | v1:G0[0.334,0.333,0.333] | v2:G0[0.334,0.333,0.332] | v3:G2[0.333,0.333,0.334] | v4:G2[0.332,0.333,0.334]
[TopoTrace Step 0] v0:G2[0.333,0.333,0.334] | v1:G0[0.334,0.333,0.333] | v2:G0[0.334,0.333,0.332] | v3:G2[0.333,0.333,0.334] | v4:G2[0.332,0.333,0.334]
[TopoTrace Step 0] v0:G2[0.333,0.333,0.334] | v1:G0[0.334,0.333,0.333] | v2:G0[0.334,0.333,0.332] | v3:G2[0.333,0.333,0.334] | v4:G2[0.332,0.333,0.334]
[TopoTrace Step 0] v0:G2[0.333,0.333,0.334] | v1:G0[0.334,0.333,0.333] | v2:G0[0.334,0.333,0.332] | v3:G2[0.333,0.333,0.334] | v4:G2[0.332,0.333,0.334]
[TopoTrace Step 0] v0:G2[0.333,0.333,0.334] | v1:G0[0.334,0.333,0.333] | v2:G0[0.334,0.333,0.332] | v3:G2[0.333,0.333,0.334] | v4:G2[0.332,0.333,0.334]
[TopoTrace Step 0] v0:G2[0.333,0.333,0.334] | v1:G0[0.334,0.333,0.333] | v2:G0[0.334,0.333,0.332] | v3:G2[0.333,0.333,0.334] | v4:G2[0.332,0.333,0.334]
[TopoTrace Step 0] v0:G2[0.333,0.333,0.334] | v1:G0[0.334,0.333,0.333] | v2:G0[0.334,0.333,0.332] | v3:G2[0.333,0.333,0.334] | v4:G2[0.332,0.333,0.334]
[TopoTrace Step 0] v0:G2[0.333,0.333,0.334] | v1:G0[0.334,0.333,0.333] | v2:G0[0.334,0.333,0.332] | v3:G2[0.333,0.333,0.334] | v4:G2[0.332,0.333,0.334]
[TopoTrace Step 0] v0:G2[0.333,0.333,0.334] | v1:G0[0.334,0.333,0.333] | v2:G0[0.334,0.333,0.332] | v3:G2[0.333,0.333,0.334] | v4:G2[0.332,0.333,0.334]
[TopoTrace Step 0] v0:G2[0.333,0.333,0.334] | v1:G0[0.334,0.333,0.333] | v2:G0[0.334,0.333,0.332] | v3:G2[0.333,0.333,0.334] | v4:G2[0.332,0.333,0.334][TopoTrace Step 0] v0:G2[0.333,0.333,0.334] | v1:G0[0.334,0.333,0.333] | v2:G0[0.334,0.333,0.332] | v3:G2[0.333,0.333,0.334] | v4:G2[0.332,0.333,0.334]

[TopoTrace Step 0] v0:G2[0.333,0.333,0.334] | v1:G0[0.334,0.333,0.333] | v2:G0[0.334,0.333,0.332] | v3:G2[0.333,0.333,0.334] | v4:G2[0.332,0.333,0.334]
[TopoTrace Step 0] v0:G2[0.333,0.333,0.334] | v1:G0[0.334,0.333,0.333] | v2:G0[0.334,0.333,0.332] | v3:G2[0.333,0.333,0.334] | v4:G2[0.332,0.333,0.334]
[TopoTrace Step 0] v0:G2[0.333,0.333,0.334] | v1:G0[0.334,0.333,0.333] | v2:G0[0.334,0.333,0.332] | v3:G2[0.333,0.333,0.334] | v4:G2[0.332,0.333,0.334][TopoTrace Step 0] v0:G2[0.333,0.333,0.334] | v1:G0[0.334,0.333,0.333] | v2:G0[0.334,0.333,0.332] | v3:G2[0.333,0.333,0.334] | v4:G2[0.332,0.333,0.334]

[TopoTrace Step 0] v0:G2[0.333,0.333,0.334] | v1:G0[0.334,0.333,0.333] | v2:G0[0.334,0.333,0.332] | v3:G2[0.333,0.333,0.334] | v4:G2[0.332,0.333,0.334]
[TopoTrace Step 0] v0:G2[0.333,0.333,0.334] | v1:G0[0.334,0.333,0.333] | v2:G0[0.334,0.333,0.332] | v3:G2[0.333,0.333,0.334] | v4:G2[0.332,0.333,0.334]
[TopoTrace Step 0] v0:G2[0.333,0.333,0.334] | v1:G0[0.334,0.333,0.333] | v2:G0[0.334,0.333,0.332] | v3:G2[0.333,0.333,0.334] | v4:G2[0.332,0.333,0.334][TopoTrace Step 0] v0:G2[0.333,0.333,0.334] | v1:G0[0.334,0.333,0.333] | v2:G0[0.334,0.333,0.332] | v3:G2[0.333,0.333,0.334] | v4:G2[0.332,0.333,0.334]

[TopoTrace Step 0] v0:G2[0.333,0.333,0.334] | v1:G0[0.334,0.333,0.333] | v2:G0[0.334,0.333,0.332] | v3:G2[0.333,0.333,0.334] | v4:G2[0.332,0.333,0.334]
[TopoTrace Step 0] v0:G2[0.333,0.333,0.334] | v1:G0[0.334,0.333,0.333] | v2:G0[0.334,0.333,0.332] | v3:G2[0.333,0.333,0.334] | v4:G2[0.332,0.333,0.334]
[TopoTrace Step 0] v0:G2[0.333,0.333,0.334] | v1:G0[0.334,0.333,0.333] | v2:G0[0.334,0.333,0.332] | v3:G2[0.333,0.333,0.334] | v4:G2[0.332,0.333,0.334][TopoTrace Step 0] v0:G2[0.333,0.333,0.334] | v1:G0[0.334,0.333,0.333] | v2:G0[0.334,0.333,0.332] | v3:G2[0.333,0.333,0.334] | v4:G2[0.332,0.333,0.334]

[TopoTrace Step 0] v0:G2[0.333,0.333,0.334] | v1:G0[0.334,0.333,0.333] | v2:G0[0.334,0.333,0.332] | v3:G2[0.333,0.333,0.334] | v4:G2[0.332,0.333,0.334]
[TopoTrace Step 0] v0:G2[0.333,0.333,0.334] | v1:G0[0.334,0.333,0.333] | v2:G0[0.334,0.333,0.332] | v3:G2[0.333,0.333,0.334] | v4:G2[0.332,0.333,0.334]
[TopoTrace Step 0] v0:G2[0.333,0.333,0.334] | v1:G0[0.334,0.333,0.333] | v2:G0[0.334,0.333,0.332] | v3:G2[0.333,0.333,0.334] | v4:G2[0.332,0.333,0.334]
[TopoTrace Step 0] v0:G2[0.333,0.333,0.334] | v1:G0[0.334,0.333,0.333] | v2:G0[0.334,0.333,0.332] | v3:G2[0.333,0.333,0.334] | v4:G2[0.332,0.333,0.334]
[TopoTrace Step 0] v0:G2[0.333,0.333,0.334] | v1:G0[0.334,0.333,0.333] | v2:G0[0.334,0.333,0.332] | v3:G2[0.333,0.333,0.334] | v4:G2[0.332,0.333,0.334]
[TopoTrace Step 0] v0:G2[0.333,0.333,0.334] | v1:G0[0.334,0.333,0.333] | v2:G0[0.334,0.333,0.332] | v3:G2[0.333,0.333,0.334] | v4:G2[0.332,0.333,0.334]
[TopoTrace Step 0] v0:G2[0.333,0.333,0.334] | v1:G0[0.334,0.333,0.333] | v2:G0[0.334,0.333,0.332] | v3:G2[0.333,0.333,0.334] | v4:G2[0.332,0.333,0.334][TopoTrace Step 0] v0:G2[0.333,0.333,0.334] | v1:G0[0.334,0.333,0.333] | v2:G0[0.334,0.333,0.332] | v3:G2[0.333,0.333,0.334] | v4:G2[0.332,0.333,0.334]

[TopoTrace Step 0] v0:G2[0.333,0.333,0.334] | v1:G0[0.334,0.333,0.333] | v2:G0[0.334,0.333,0.332] | v3:G2[0.333,0.333,0.334] | v4:G2[0.332,0.333,0.334]
[TopoTrace Step 0] v0:G2[0.333,0.333,0.334] | v1:G0[0.334,0.333,0.333] | v2:G0[0.334,0.333,0.332] | v3:G2[0.333,0.333,0.334] | v4:G2[0.332,0.333,0.334]
[TopoTrace Step 0] v0:G2[0.333,0.333,0.334] | v1:G0[0.334,0.333,0.333] | v2:G0[0.334,0.333,0.332] | v3:G2[0.333,0.333,0.334] | v4:G2[0.332,0.333,0.334]
[TopoTrace Step 0] v0:G2[0.333,0.333,0.334] | v1:G0[0.334,0.333,0.333] | v2:G0[0.334,0.333,0.332] | v3:G2[0.333,0.333,0.334] | v4:G2[0.332,0.333,0.334]
[TopoTrace Step 0] v0:G2[0.333,0.333,0.334] | v1:G0[0.334,0.333,0.333] | v2:G0[0.334,0.333,0.332] | v3:G2[0.333,0.333,0.334] | v4:G2[0.332,0.333,0.334]
[TopoTrace Step 0] v0:G2[0.333,0.333,0.334] | v1:G0[0.334,0.333,0.333] | v2:G0[0.334,0.333,0.332] | v3:G2[0.333,0.333,0.334] | v4:G2[0.332,0.333,0.334]
[TopoTrace Step 0] v0:G2[0.333,0.333,0.334] | v1:G0[0.334,0.333,0.333] | v2:G0[0.334,0.333,0.332] | v3:G2[0.333,0.333,0.334] | v4:G2[0.332,0.333,0.334][TopoTrace Step 0] v0:G2[0.333,0.333,0.334] | v1:G0[0.334,0.333,0.333] | v2:G0[0.334,0.333,0.332] | v3:G2[0.333,0.333,0.334] | v4:G2[0.332,0.333,0.334]

[TopoTrace Step 0] v0:G2[0.333,0.333,0.334] | v1:G0[0.334,0.333,0.333] | v2:G0[0.334,0.333,0.332] | v3:G2[0.333,0.333,0.334] | v4:G2[0.332,0.333,0.334]
[TopoTrace Step 0] v0:G2[0.333,0.333,0.334] | v1:G0[0.334,0.333,0.333] | v2:G0[0.334,0.333,0.332] | v3:G2[0.333,0.333,0.334] | v4:G2[0.332,0.333,0.334]
[TopoTrace Step 0] v0:G2[0.333,0.333,0.334] | v1:G0[0.334,0.333,0.333] | v2:G0[0.334,0.333,0.332] | v3:G2[0.333,0.333,0.334] | v4:G2[0.332,0.333,0.334][TopoTrace Step 0] v0:G2[0.333,0.333,0.334] | v1:G0[0.334,0.333,0.333] | v2:G0[0.334,0.333,0.332] | v3:G2[0.333,0.333,0.334] | v4:G2[0.332,0.333,0.334]

[TopoTrace Step 0] v0:G2[0.333,0.333,0.334] | v1:G0[0.334,0.333,0.333] | v2:G0[0.334,0.333,0.332] | v3:G2[0.333,0.333,0.334] | v4:G2[0.332,0.333,0.334]
[TopoTrace Step 0] v0:G2[0.333,0.333,0.334] | v1:G0[0.334,0.333,0.333] | v2:G0[0.334,0.333,0.332] | v3:G2[0.333,0.333,0.334] | v4:G2[0.332,0.333,0.334]
[TopoTrace Step 0] v0:G2[0.333,0.333,0.334] | v1:G0[0.334,0.333,0.333] | v2:G0[0.334,0.333,0.332] | v3:G2[0.333,0.333,0.334] | v4:G2[0.332,0.333,0.334][TopoTrace Step 0] v0:G2[0.333,0.333,0.334] | v1:G0[0.334,0.333,0.333] | v2:G0[0.334,0.333,0.332] | v3:G2[0.333,0.333,0.334] | v4:G2[0.332,0.333,0.334]

[TopoTrace Step 0] v0:G2[0.333,0.333,0.334] | v1:G0[0.334,0.333,0.333] | v2:G0[0.334,0.333,0.332] | v3:G2[0.333,0.333,0.334] | v4:G2[0.332,0.333,0.334]
[TopoTrace Step 0] v0:G2[0.333,0.333,0.334] | v1:G0[0.334,0.333,0.333] | v2:G0[0.334,0.333,0.332] | v3:G2[0.333,0.333,0.334] | v4:G2[0.332,0.333,0.334][TopoTrace Step 0] v0:G2[0.333,0.333,0.334] | v1:G0[0.334,0.333,0.333] | v2:G0[0.334,0.333,0.332] | v3:G2[0.333,0.333,0.334] | v4:G2[0.332,0.333,0.334][TopoTrace Step 0] v0:G2[0.333,0.333,0.334] | v1:G0[0.334,0.333,0.333] | v2:G0[0.334,0.333,0.332] | v3:G2[0.333,0.333,0.334] | v4:G2[0.332,0.333,0.334]


[TopoTrace Step 0] v0:G2[0.333,0.333,0.334] | v1:G0[0.334,0.333,0.333] | v2:G0[0.334,0.333,0.332] | v3:G2[0.333,0.333,0.334] | v4:G2[0.332,0.333,0.334]
[TopoTrace Step 0] v0:G2[0.333,0.333,0.334] | v1:G0[0.334,0.333,0.333] | v2:G0[0.334,0.333,0.332] | v3:G2[0.333,0.333,0.334] | v4:G2[0.332,0.333,0.334][TopoTrace Step 0] v0:G2[0.333,0.333,0.334] | v1:G0[0.334,0.333,0.333] | v2:G0[0.334,0.333,0.332] | v3:G2[0.333,0.333,0.334] | v4:G2[0.332,0.333,0.334]

[TopoTrace Step 0] v0:G2[0.333,0.333,0.334] | v1:G0[0.334,0.333,0.333] | v2:G0[0.334,0.333,0.332] | v3:G2[0.333,0.333,0.334] | v4:G2[0.332,0.333,0.334]
[TopoTrace Step 0] v0:G2[0.333,0.333,0.334] | v1:G0[0.334,0.333,0.333] | v2:G0[0.334,0.333,0.332] | v3:G2[0.333,0.333,0.334] | v4:G2[0.332,0.333,0.334]
[TopoTrace Step 0] v0:G2[0.333,0.333,0.334] | v1:G0[0.334,0.333,0.333] | v2:G0[0.334,0.333,0.332] | v3:G2[0.333,0.333,0.334] | v4:G2[0.332,0.333,0.334]
[TopoTrace Step 0] v0:G2[0.333,0.333,0.334] | v1:G0[0.334,0.333,0.333] | v2:G0[0.334,0.333,0.332] | v3:G2[0.333,0.333,0.334] | v4:G2[0.332,0.333,0.334][TopoTrace Step 0] v0:G2[0.333,0.333,0.334] | v1:G0[0.334,0.333,0.333] | v2:G0[0.334,0.333,0.332] | v3:G2[0.333,0.333,0.334] | v4:G2[0.332,0.333,0.334]

[TopoTrace Step 0] v0:G2[0.333,0.333,0.334] | v1:G0[0.334,0.333,0.333] | v2:G0[0.334,0.333,0.332] | v3:G2[0.333,0.333,0.334] | v4:G2[0.332,0.333,0.334]
[TopoTrace Step 0] v0:G2[0.333,0.333,0.334] | v1:G0[0.334,0.333,0.333] | v2:G0[0.334,0.333,0.332] | v3:G2[0.333,0.333,0.334] | v4:G2[0.332,0.333,0.334]
[TopoTrace Step 0] v0:G2[0.333,0.333,0.334] | v1:G0[0.334,0.333,0.333] | v2:G0[0.334,0.333,0.332] | v3:G2[0.333,0.333,0.334] | v4:G2[0.332,0.333,0.334][TopoTrace Step 0] v0:G2[0.333,0.333,0.334] | v1:G0[0.334,0.333,0.333] | v2:G0[0.334,0.333,0.332] | v3:G2[0.333,0.333,0.334] | v4:G2[0.332,0.333,0.334]

[TopoTrace Step 0] v0:G2[0.333,0.333,0.334] | v1:G0[0.334,0.333,0.333] | v2:G0[0.334,0.333,0.332] | v3:G2[0.333,0.333,0.334] | v4:G2[0.332,0.333,0.334]
[TopoTrace Step 0] v0:G2[0.333,0.333,0.334] | v1:G0[0.334,0.333,0.333] | v2:G0[0.334,0.333,0.332] | v3:G2[0.333,0.333,0.334] | v4:G2[0.332,0.333,0.334]
[TopoTrace Step 0] v0:G2[0.333,0.333,0.334] | v1:G0[0.334,0.333,0.333] | v2:G0[0.334,0.333,0.332] | v3:G2[0.333,0.333,0.334] | v4:G2[0.332,0.333,0.334][TopoTrace Step 0] v0:G2[0.333,0.333,0.334] | v1:G0[0.334,0.333,0.333] | v2:G0[0.334,0.333,0.332] | v3:G2[0.333,0.333,0.334] | v4:G2[0.332,0.333,0.334]

[TopoTrace Step 0] v0:G2[0.333,0.333,0.334] | v1:G0[0.334,0.333,0.333] | v2:G0[0.334,0.333,0.332] | v3:G2[0.333,0.333,0.334] | v4:G2[0.332,0.333,0.334]
[TopoTrace Step 0] v0:G2[0.333,0.333,0.334] | v1:G0[0.334,0.333,0.333] | v2:G0[0.334,0.333,0.332] | v3:G2[0.333,0.333,0.334] | v4:G2[0.332,0.333,0.334]
[TopoTrace Step 0] v0:G2[0.333,0.333,0.334] | v1:G0[0.334,0.333,0.333] | v2:G0[0.334,0.333,0.332] | v3:G2[0.333,0.333,0.334] | v4:G2[0.332,0.333,0.334][TopoTrace Step 0] v0:G2[0.333,0.333,0.334] | v1:G0[0.334,0.333,0.333] | v2:G0[0.334,0.333,0.332] | v3:G2[0.333,0.333,0.334] | v4:G2[0.332,0.333,0.334]

[TopoTrace Step 0] v0:G2[0.333,0.333,0.334] | v1:G0[0.334,0.333,0.333] | v2:G0[0.334,0.333,0.332] | v3:G2[0.333,0.333,0.334] | v4:G2[0.332,0.333,0.334]
[TopoTrace Step 0] v0:G2[0.333,0.333,0.334] | v1:G0[0.334,0.333,0.333] | v2:G0[0.334,0.333,0.332] | v3:G2[0.333,0.333,0.334] | v4:G2[0.332,0.333,0.334]
[TopoTrace Step 0] v0:G2[0.333,0.333,0.334] | v1:G0[0.334,0.333,0.333] | v2:G0[0.334,0.333,0.332] | v3:G2[0.333,0.333,0.334] | v4:G2[0.332,0.333,0.334][TopoTrace Step 0] v0:G2[0.333,0.333,0.334] | v1:G0[0.334,0.333,0.333] | v2:G0[0.334,0.333,0.332] | v3:G2[0.333,0.333,0.334] | v4:G2[0.332,0.333,0.334]

[TopoTrace Step 0] v0:G2[0.333,0.333,0.334] | v1:G0[0.334,0.333,0.333] | v2:G0[0.334,0.333,0.332] | v3:G2[0.333,0.333,0.334] | v4:G2[0.332,0.333,0.334]
[TopoTrace Step 0] v0:G2[0.333,0.333,0.334] | v1:G0[0.334,0.333,0.333] | v2:G0[0.334,0.333,0.332] | v3:G2[0.333,0.333,0.334] | v4:G2[0.332,0.333,0.334]
[TopoTrace Step 0] v0:G2[0.333,0.333,0.334] | v1:G0[0.334,0.333,0.333] | v2:G0[0.334,0.333,0.332] | v3:G2[0.333,0.333,0.334] | v4:G2[0.332,0.333,0.334][TopoTrace Step 0] v0:G2[0.333,0.333,0.334] | v1:G0[0.334,0.333,0.333] | v2:G0[0.334,0.333,0.332] | v3:G2[0.333,0.333,0.334] | v4:G2[0.332,0.333,0.334]

[TopoTrace Step 0] v0:G2[0.333,0.333,0.334] | v1:G0[0.334,0.333,0.333] | v2:G0[0.334,0.333,0.332] | v3:G2[0.333,0.333,0.334] | v4:G2[0.332,0.333,0.334]
[TopoTrace Step 0] v0:G2[0.333,0.333,0.334] | v1:G0[0.334,0.333,0.333] | v2:G0[0.334,0.333,0.332] | v3:G2[0.333,0.333,0.334] | v4:G2[0.332,0.333,0.334]
[TopoTrace Step 0] v0:G2[0.333,0.333,0.334] | v1:G0[0.334,0.333,0.333] | v2:G0[0.334,0.333,0.332] | v3:G2[0.333,0.333,0.334] | v4:G2[0.332,0.333,0.334][TopoTrace Step 0] v0:G2[0.333,0.333,0.334] | v1:G0[0.334,0.333,0.333] | v2:G0[0.334,0.333,0.332] | v3:G2[0.333,0.333,0.334] | v4:G2[0.332,0.333,0.334]

[TopoTrace Step 0] v0:G2[0.333,0.333,0.334] | v1:G0[0.334,0.333,0.333] | v2:G0[0.334,0.333,0.332] | v3:G2[0.333,0.333,0.334] | v4:G2[0.332,0.333,0.334]
[TopoTrace Step 0] v0:G2[0.333,0.333,0.334] | v1:G0[0.334,0.333,0.333] | v2:G0[0.334,0.333,0.332] | v3:G2[0.333,0.333,0.334] | v4:G2[0.332,0.333,0.334]
[TopoTrace Step 0] v0:G2[0.333,0.333,0.334] | v1:G0[0.334,0.333,0.333] | v2:G0[0.334,0.333,0.332] | v3:G2[0.333,0.333,0.334] | v4:G2[0.332,0.333,0.334]
[TopoTrace Step 0] v0:G2[0.333,0.333,0.334] | v1:G0[0.334,0.333,0.333] | v2:G0[0.334,0.333,0.332] | v3:G2[0.333,0.333,0.334] | v4:G2[0.332,0.333,0.334]
[TopoTrace Step 0] v0:G2[0.333,0.333,0.334] | v1:G0[0.334,0.333,0.333] | v2:G0[0.334,0.333,0.332] | v3:G2[0.333,0.333,0.334] | v4:G2[0.332,0.333,0.334]
[TopoTrace Step 0] v0:G2[0.333,0.333,0.334] | v1:G0[0.334,0.333,0.333] | v2:G0[0.334,0.333,0.332] | v3:G2[0.333,0.333,0.334] | v4:G2[0.332,0.333,0.334]
[TopoTrace Step 0] v0:G2[0.333,0.333,0.334] | v1:G0[0.334,0.333,0.333] | v2:G0[0.334,0.333,0.332] | v3:G2[0.333,0.333,0.334] | v4:G2[0.332,0.333,0.334][TopoTrace Step 0] v0:G2[0.333,0.333,0.334] | v1:G0[0.334,0.333,0.333] | v2:G0[0.334,0.333,0.332] | v3:G2[0.333,0.333,0.334] | v4:G2[0.332,0.333,0.334]

[TopoTrace Step 0] v0:G2[0.333,0.333,0.334] | v1:G0[0.334,0.333,0.333] | v2:G0[0.334,0.333,0.332] | v3:G2[0.333,0.333,0.334] | v4:G2[0.332,0.333,0.334]
[TopoTrace Step 0] v0:G2[0.333,0.333,0.334] | v1:G0[0.334,0.333,0.333] | v2:G0[0.334,0.333,0.332] | v3:G2[0.333,0.333,0.334] | v4:G2[0.332,0.333,0.334]
[TopoTrace Step 0] v0:G2[0.333,0.333,0.334] | v1:G0[0.334,0.333,0.333] | v2:G0[0.334,0.333,0.332] | v3:G2[0.333,0.333,0.334] | v4:G2[0.332,0.333,0.334][TopoTrace Step 0] v0:G2[0.333,0.333,0.334] | v1:G0[0.334,0.333,0.333] | v2:G0[0.334,0.333,0.332] | v3:G2[0.333,0.333,0.334] | v4:G2[0.332,0.333,0.334]

[TopoTrace Step 0] v0:G2[0.333,0.333,0.334] | v1:G0[0.334,0.333,0.333] | v2:G0[0.334,0.333,0.332] | v3:G2[0.333,0.333,0.334] | v4:G2[0.332,0.333,0.334]
[TopoTrace Step 0] v0:G2[0.333,0.333,0.334] | v1:G0[0.334,0.333,0.333] | v2:G0[0.334,0.333,0.332] | v3:G2[0.333,0.333,0.334] | v4:G2[0.332,0.333,0.334]
[TopoTrace Step 0] v0:G2[0.333,0.333,0.334] | v1:G0[0.334,0.333,0.333] | v2:G0[0.334,0.333,0.332] | v3:G2[0.333,0.333,0.334] | v4:G2[0.332,0.333,0.334][TopoTrace Step 0] v0:G2[0.333,0.333,0.334] | v1:G0[0.334,0.333,0.333] | v2:G0[0.334,0.333,0.332] | v3:G2[0.333,0.333,0.334] | v4:G2[0.332,0.333,0.334]

[TopoTrace Step 0] v0:G2[0.333,0.333,0.334] | v1:G0[0.334,0.333,0.333] | v2:G0[0.334,0.333,0.332] | v3:G2[0.333,0.333,0.334] | v4:G2[0.332,0.333,0.334]
[TopoTrace Step 0] v0:G2[0.333,0.333,0.334] | v1:G0[0.334,0.333,0.333] | v2:G0[0.334,0.333,0.332] | v3:G2[0.333,0.333,0.334] | v4:G2[0.332,0.333,0.334]
[TopoTrace Step 0] v0:G2[0.333,0.333,0.334] | v1:G0[0.334,0.333,0.333] | v2:G0[0.334,0.333,0.332] | v3:G2[0.333,0.333,0.334] | v4:G2[0.332,0.333,0.334][TopoTrace Step 0] v0:G2[0.333,0.333,0.334] | v1:G0[0.334,0.333,0.333] | v2:G0[0.334,0.333,0.332] | v3:G2[0.333,0.333,0.334] | v4:G2[0.332,0.333,0.334]

[TopoTrace Step 0] v0:G2[0.333,0.333,0.334] | v1:G0[0.334,0.333,0.333] | v2:G0[0.334,0.333,0.332] | v3:G2[0.333,0.333,0.334] | v4:G2[0.332,0.333,0.334]
[TopoTrace Step 0] v0:G2[0.333,0.333,0.334] | v1:G0[0.334,0.333,0.333] | v2:G0[0.334,0.333,0.332] | v3:G2[0.333,0.333,0.334] | v4:G2[0.332,0.333,0.334]
[TopoTrace Step 0] v0:G2[0.333,0.333,0.334] | v1:G0[0.334,0.333,0.333] | v2:G0[0.334,0.333,0.332] | v3:G2[0.333,0.333,0.334] | v4:G2[0.332,0.333,0.334][TopoTrace Step 0] v0:G2[0.333,0.333,0.334] | v1:G0[0.334,0.333,0.333] | v2:G0[0.334,0.333,0.332] | v3:G2[0.333,0.333,0.334] | v4:G2[0.332,0.333,0.334]

[TopoTrace Step 0] v0:G2[0.333,0.333,0.334] | v1:G0[0.334,0.333,0.333] | v2:G0[0.334,0.333,0.332] | v3:G2[0.333,0.333,0.334] | v4:G2[0.332,0.333,0.334]
[TopoTrace Step 0] v0:G2[0.333,0.333,0.334] | v1:G0[0.334,0.333,0.333] | v2:G0[0.334,0.333,0.332] | v3:G2[0.333,0.333,0.334] | v4:G2[0.332,0.333,0.334]
[TopoTrace Step 0] v0:G2[0.333,0.333,0.334] | v1:G0[0.334,0.333,0.333] | v2:G0[0.334,0.333,0.332] | v3:G2[0.333,0.333,0.334] | v4:G2[0.332,0.333,0.334]
[TopoTrace Step 0] v0:G2[0.333,0.333,0.334] | v1:G0[0.334,0.333,0.333] | v2:G0[0.334,0.333,0.332] | v3:G2[0.333,0.333,0.334] | v4:G2[0.332,0.333,0.334]
[TopoTrace Step 0] v0:G2[0.333,0.333,0.334] | v1:G0[0.334,0.333,0.333] | v2:G0[0.334,0.333,0.332] | v3:G2[0.333,0.333,0.334] | v4:G2[0.332,0.333,0.334]
[TopoTrace Step 0] v0:G2[0.333,0.333,0.334] | v1:G0[0.334,0.333,0.333] | v2:G0[0.334,0.333,0.332] | v3:G2[0.333,0.333,0.334] | v4:G2[0.332,0.333,0.334]
[TopoTrace Step 0] v0:G2[0.333,0.333,0.334] | v1:G0[0.334,0.333,0.333] | v2:G0[0.334,0.333,0.332] | v3:G2[0.333,0.333,0.334] | v4:G2[0.332,0.333,0.334][TopoTrace Step 0] v0:G2[0.333,0.333,0.334] | v1:G0[0.334,0.333,0.333] | v2:G0[0.334,0.333,0.332] | v3:G2[0.333,0.333,0.334] | v4:G2[0.332,0.333,0.334]

[TopoTrace Step 0] v0:G2[0.333,0.333,0.334] | v1:G0[0.334,0.333,0.333] | v2:G0[0.334,0.333,0.332] | v3:G2[0.333,0.333,0.334] | v4:G2[0.332,0.333,0.334]
[TopoTrace Step 0] v0:G2[0.333,0.333,0.334] | v1:G0[0.334,0.333,0.333] | v2:G0[0.334,0.333,0.332] | v3:G2[0.333,0.333,0.334] | v4:G2[0.332,0.333,0.334]
[TopoTrace Step 0] v0:G2[0.333,0.333,0.334] | v1:G0[0.334,0.333,0.333] | v2:G0[0.334,0.333,0.332] | v3:G2[0.333,0.333,0.334] | v4:G2[0.332,0.333,0.334]
[TopoTrace Step 0] v0:G2[0.333,0.333,0.334] | v1:G0[0.334,0.333,0.333] | v2:G0[0.334,0.333,0.332] | v3:G2[0.333,0.333,0.334] | v4:G2[0.332,0.333,0.334]
[TopoTrace Step 0] v0:G2[0.333,0.333,0.334] | v1:G0[0.334,0.333,0.333] | v2:G0[0.334,0.333,0.332] | v3:G2[0.333,0.333,0.334] | v4:G2[0.332,0.333,0.334]
[TopoTrace Step 0] v0:G2[0.333,0.333,0.334] | v1:G0[0.334,0.333,0.333] | v2:G0[0.334,0.333,0.332] | v3:G2[0.333,0.333,0.334] | v4:G2[0.332,0.333,0.334]
[TopoTrace Step 0] v0:G2[0.333,0.333,0.334] | v1:G0[0.334,0.333,0.333] | v2:G0[0.334,0.333,0.332] | v3:G2[0.333,0.333,0.334] | v4:G2[0.332,0.333,0.334][TopoTrace Step 0] v0:G2[0.333,0.333,0.334] | v1:G0[0.334,0.333,0.333] | v2:G0[0.334,0.333,0.332] | v3:G2[0.333,0.333,0.334] | v4:G2[0.332,0.333,0.334]

[TopoTrace Step 0] v0:G2[0.333,0.333,0.334] | v1:G0[0.334,0.333,0.333] | v2:G0[0.334,0.333,0.332] | v3:G2[0.333,0.333,0.334] | v4:G2[0.332,0.333,0.334]
[TopoTrace Step 0] v0:G2[0.333,0.333,0.334] | v1:G0[0.334,0.333,0.333] | v2:G0[0.334,0.333,0.332] | v3:G2[0.333,0.333,0.334] | v4:G2[0.332,0.333,0.334]
[TopoTrace Step 0] v0:G2[0.333,0.333,0.334] | v1:G0[0.334,0.333,0.333] | v2:G0[0.334,0.333,0.332] | v3:G2[0.333,0.333,0.334] | v4:G2[0.332,0.333,0.334][TopoTrace Step 0] v0:G2[0.333,0.333,0.334] | v1:G0[0.334,0.333,0.333] | v2:G0[0.334,0.333,0.332] | v3:G2[0.333,0.333,0.334] | v4:G2[0.332,0.333,0.334]

[TopoTrace Step 0] v0:G2[0.333,0.333,0.334] | v1:G0[0.334,0.333,0.333] | v2:G0[0.334,0.333,0.332] | v3:G2[0.333,0.333,0.334] | v4:G2[0.332,0.333,0.334]
[TopoTrace Step 0] v0:G2[0.333,0.333,0.334] | v1:G0[0.334,0.333,0.333] | v2:G0[0.334,0.333,0.332] | v3:G2[0.333,0.333,0.334] | v4:G2[0.332,0.333,0.334]
[TopoTrace Step 0] v0:G2[0.333,0.333,0.334] | v1:G0[0.334,0.333,0.333] | v2:G0[0.334,0.333,0.332] | v3:G2[0.333,0.333,0.334] | v4:G2[0.332,0.333,0.334]
[TopoTrace Step 0] v0:G2[0.333,0.333,0.334] | v1:G0[0.334,0.333,0.333] | v2:G0[0.334,0.333,0.332] | v3:G2[0.333,0.333,0.334] | v4:G2[0.332,0.333,0.334]
[TopoTrace Step 0] v0:G2[0.333,0.333,0.334] | v1:G0[0.334,0.333,0.333] | v2:G0[0.334,0.333,0.332] | v3:G2[0.333,0.333,0.334] | v4:G2[0.332,0.333,0.334]
[TopoTrace Step 0] v0:G2[0.333,0.333,0.334] | v1:G0[0.334,0.333,0.333] | v2:G0[0.334,0.333,0.332] | v3:G2[0.333,0.333,0.334] | v4:G2[0.332,0.333,0.334]
[TopoTrace Step 0] v0:G2[0.333,0.333,0.334] | v1:G0[0.334,0.333,0.333] | v2:G0[0.334,0.333,0.332] | v3:G2[0.333,0.333,0.334] | v4:G2[0.332,0.333,0.334]
[TopoTrace Step 0] v0:G2[0.333,0.333,0.334] | v1:G0[0.334,0.333,0.333] | v2:G0[0.334,0.333,0.332] | v3:G2[0.333,0.333,0.334] | v4:G2[0.332,0.333,0.334]
[TopoTrace Step 0] v0:G2[0.333,0.333,0.334] | v1:G0[0.334,0.333,0.333] | v2:G0[0.334,0.333,0.332] | v3:G2[0.333,0.333,0.334] | v4:G2[0.332,0.333,0.334]
[TopoTrace Step 0] v0:G2[0.333,0.333,0.334] | v1:G0[0.334,0.333,0.333] | v2:G0[0.334,0.333,0.332] | v3:G2[0.333,0.333,0.334] | v4:G2[0.332,0.333,0.334]
[TopoTrace Step 0] v0:G2[0.333,0.333,0.334] | v1:G0[0.334,0.333,0.333] | v2:G0[0.334,0.333,0.332] | v3:G2[0.333,0.333,0.334] | v4:G2[0.332,0.333,0.334][TopoTrace Step 0] v0:G2[0.333,0.333,0.334] | v1:G0[0.334,0.333,0.333] | v2:G0[0.334,0.333,0.332] | v3:G2[0.333,0.333,0.334] | v4:G2[0.332,0.333,0.334]

[TopoTrace Step 0] v0:G2[0.333,0.333,0.334] | v1:G0[0.334,0.333,0.333] | v2:G0[0.334,0.333,0.332] | v3:G2[0.333,0.333,0.334] | v4:G2[0.332,0.333,0.334]
[TopoTrace Step 0] v0:G2[0.333,0.333,0.334] | v1:G0[0.334,0.333,0.333] | v2:G0[0.334,0.333,0.332] | v3:G2[0.333,0.333,0.334] | v4:G2[0.332,0.333,0.334]
[TopoTrace Step 0] v0:G2[0.333,0.333,0.334] | v1:G0[0.334,0.333,0.333] | v2:G0[0.334,0.333,0.332] | v3:G2[0.333,0.333,0.334] | v4:G2[0.332,0.333,0.334][TopoTrace Step 0] v0:G2[0.333,0.333,0.334] | v1:G0[0.334,0.333,0.333] | v2:G0[0.334,0.333,0.332] | v3:G2[0.333,0.333,0.334] | v4:G2[0.332,0.333,0.334]

[TopoTrace Step 0] v0:G2[0.333,0.333,0.334] | v1:G0[0.334,0.333,0.333] | v2:G0[0.334,0.333,0.332] | v3:G2[0.333,0.333,0.334] | v4:G2[0.332,0.333,0.334]
[TopoTrace Step 0] v0:G2[0.333,0.333,0.334] | v1:G0[0.334,0.333,0.333] | v2:G0[0.334,0.333,0.332] | v3:G2[0.333,0.333,0.334] | v4:G2[0.332,0.333,0.334]
[TopoTrace Step 0] v0:G2[0.333,0.333,0.334] | v1:G0[0.334,0.333,0.333] | v2:G0[0.334,0.333,0.332] | v3:G2[0.333,0.333,0.334] | v4:G2[0.332,0.333,0.334][TopoTrace Step 0] v0:G2[0.333,0.333,0.334] | v1:G0[0.334,0.333,0.333] | v2:G0[0.334,0.333,0.332] | v3:G2[0.333,0.333,0.334] | v4:G2[0.332,0.333,0.334]

[TopoTrace Step 0] v0:G2[0.333,0.333,0.334] | v1:G0[0.334,0.333,0.333] | v2:G0[0.334,0.333,0.332] | v3:G2[0.333,0.333,0.334] | v4:G2[0.332,0.333,0.334]
[TopoTrace Step 0] v0:G2[0.333,0.333,0.334] | v1:G0[0.334,0.333,0.333] | v2:G0[0.334,0.333,0.332] | v3:G2[0.333,0.333,0.334] | v4:G2[0.332,0.333,0.334]
[TopoTrace Step 0] v0:G2[0.333,0.333,0.334] | v1:G0[0.334,0.333,0.333] | v2:G0[0.334,0.333,0.332] | v3:G2[0.333,0.333,0.334] | v4:G2[0.332,0.333,0.334][TopoTrace Step 0] v0:G2[0.333,0.333,0.334] | v1:G0[0.334,0.333,0.333] | v2:G0[0.334,0.333,0.332] | v3:G2[0.333,0.333,0.334] | v4:G2[0.332,0.333,0.334]

[TopoTrace Step 0] v0:G2[0.333,0.333,0.334] | v1:G0[0.334,0.333,0.333] | v2:G0[0.334,0.333,0.332] | v3:G2[0.333,0.333,0.334] | v4:G2[0.332,0.333,0.334]
[TopoTrace Step 0] v0:G2[0.333,0.333,0.334] | v1:G0[0.334,0.333,0.333] | v2:G0[0.334,0.333,0.332] | v3:G2[0.333,0.333,0.334] | v4:G2[0.332,0.333,0.334]
[TopoTrace Step 0] v0:G2[0.333,0.333,0.334] | v1:G0[0.334,0.333,0.333] | v2:G0[0.334,0.333,0.332] | v3:G2[0.333,0.333,0.334] | v4:G2[0.332,0.333,0.334][TopoTrace Step 0] v0:G2[0.333,0.333,0.334] | v1:G0[0.334,0.333,0.333] | v2:G0[0.334,0.333,0.332] | v3:G2[0.333,0.333,0.334] | v4:G2[0.332,0.333,0.334]

[TopoTrace Step 0] v0:G2[0.333,0.333,0.334] | v1:G0[0.334,0.333,0.333] | v2:G0[0.334,0.333,0.332] | v3:G2[0.333,0.333,0.334] | v4:G2[0.332,0.333,0.334]
[TopoTrace Step 0] v0:G2[0.333,0.333,0.334] | v1:G0[0.334,0.333,0.333] | v2:G0[0.334,0.333,0.332] | v3:G2[0.333,0.333,0.334] | v4:G2[0.332,0.333,0.334]
[TopoTrace Step 0] v0:G2[0.333,0.333,0.334] | v1:G0[0.334,0.333,0.333] | v2:G0[0.334,0.333,0.332] | v3:G2[0.333,0.333,0.334] | v4:G2[0.332,0.333,0.334]
[TopoTrace Step 0] v0:G2[0.333,0.333,0.334] | v1:G0[0.334,0.333,0.333] | v2:G0[0.334,0.333,0.332] | v3:G2[0.333,0.333,0.334] | v4:G2[0.332,0.333,0.334]
[TopoTrace Step 0] v0:G2[0.333,0.333,0.334] | v1:G0[0.334,0.333,0.333] | v2:G0[0.334,0.333,0.332] | v3:G2[0.333,0.333,0.334] | v4:G2[0.332,0.333,0.334]
[TopoTrace Step 0] v0:G2[0.333,0.333,0.334] | v1:G0[0.334,0.333,0.333] | v2:G0[0.334,0.333,0.332] | v3:G2[0.333,0.333,0.334] | v4:G2[0.332,0.333,0.334]
[TopoTrace Step 0] v0:G2[0.333,0.333,0.334] | v1:G0[0.334,0.333,0.333] | v2:G0[0.334,0.333,0.332] | v3:G2[0.333,0.333,0.334] | v4:G2[0.332,0.333,0.334]
[TopoTrace Step 0] v0:G2[0.333,0.333,0.334] | v1:G0[0.334,0.333,0.333] | v2:G0[0.334,0.333,0.332] | v3:G2[0.333,0.333,0.334] | v4:G2[0.332,0.333,0.334]
	iters: 100, epoch: 7 | loss: 0.3384765
	speed: 1.7125s/iter; left time: 837.4013s
[TopoTrace Step 0] v0:G2[0.333,0.333,0.334] | v1:G0[0.334,0.333,0.333] | v2:G0[0.334,0.333,0.332] | v3:G2[0.333,0.333,0.334] | v4:G2[0.332,0.333,0.334]
[TopoTrace Step 0] v0:G2[0.333,0.333,0.334] | v1:G0[0.334,0.333,0.333] | v2:G0[0.334,0.333,0.332] | v3:G2[0.333,0.333,0.334] | v4:G2[0.332,0.333,0.334]
[TopoTrace Step 0] v0:G2[0.333,0.333,0.334] | v1:G0[0.334,0.333,0.333] | v2:G0[0.334,0.333,0.332] | v3:G2[0.333,0.333,0.334] | v4:G2[0.332,0.333,0.334][TopoTrace Step 0] v0:G2[0.333,0.333,0.334] | v1:G0[0.334,0.333,0.333] | v2:G0[0.334,0.333,0.332] | v3:G2[0.333,0.333,0.334] | v4:G2[0.332,0.333,0.334]

[TopoTrace Step 0] v0:G2[0.333,0.333,0.334] | v1:G0[0.334,0.333,0.333] | v2:G0[0.334,0.333,0.332] | v3:G2[0.333,0.333,0.334] | v4:G2[0.332,0.333,0.334]
[TopoTrace Step 0] v0:G2[0.333,0.333,0.334] | v1:G0[0.334,0.333,0.333] | v2:G0[0.334,0.333,0.332] | v3:G2[0.333,0.333,0.334] | v4:G2[0.332,0.333,0.334]
[TopoTrace Step 0] v0:G2[0.333,0.333,0.334] | v1:G0[0.334,0.333,0.333] | v2:G0[0.334,0.333,0.332] | v3:G2[0.333,0.333,0.334] | v4:G2[0.332,0.333,0.334][TopoTrace Step 0] v0:G2[0.333,0.333,0.334] | v1:G0[0.334,0.333,0.333] | v2:G0[0.334,0.333,0.332] | v3:G2[0.333,0.333,0.334] | v4:G2[0.332,0.333,0.334]

[TopoTrace Step 0] v0:G2[0.333,0.333,0.334] | v1:G0[0.334,0.333,0.333] | v2:G0[0.334,0.333,0.332] | v3:G2[0.333,0.333,0.334] | v4:G2[0.332,0.333,0.334]
[TopoTrace Step 0] v0:G2[0.333,0.333,0.334] | v1:G0[0.334,0.333,0.333] | v2:G0[0.334,0.333,0.332] | v3:G2[0.333,0.333,0.334] | v4:G2[0.332,0.333,0.334]
[TopoTrace Step 0] v0:G2[0.333,0.333,0.334] | v1:G0[0.334,0.333,0.333] | v2:G0[0.334,0.333,0.332] | v3:G2[0.333,0.333,0.334] | v4:G2[0.332,0.333,0.334][TopoTrace Step 0] v0:G2[0.333,0.333,0.334] | v1:G0[0.334,0.333,0.333] | v2:G0[0.334,0.333,0.332] | v3:G2[0.333,0.333,0.334] | v4:G2[0.332,0.333,0.334]

[TopoTrace Step 0] v0:G2[0.333,0.333,0.334] | v1:G0[0.334,0.333,0.333] | v2:G0[0.334,0.333,0.332] | v3:G2[0.333,0.333,0.334] | v4:G2[0.332,0.333,0.334]
[TopoTrace Step 0] v0:G2[0.333,0.333,0.334] | v1:G0[0.334,0.333,0.333] | v2:G0[0.334,0.333,0.332] | v3:G2[0.333,0.333,0.334] | v4:G2[0.332,0.333,0.334]
[TopoTrace Step 0] v0:G2[0.333,0.333,0.334] | v1:G0[0.334,0.333,0.333] | v2:G0[0.334,0.333,0.332] | v3:G2[0.333,0.333,0.334] | v4:G2[0.332,0.333,0.334][TopoTrace Step 0] v0:G2[0.333,0.333,0.334] | v1:G0[0.334,0.333,0.333] | v2:G0[0.334,0.333,0.332] | v3:G2[0.333,0.333,0.334] | v4:G2[0.332,0.333,0.334]

[TopoTrace Step 0] v0:G2[0.333,0.333,0.334] | v1:G0[0.334,0.333,0.333] | v2:G0[0.334,0.333,0.332] | v3:G2[0.333,0.333,0.334] | v4:G2[0.332,0.333,0.334]
[TopoTrace Step 0] v0:G2[0.333,0.333,0.334] | v1:G0[0.334,0.333,0.333] | v2:G0[0.334,0.333,0.332] | v3:G2[0.333,0.333,0.334] | v4:G2[0.332,0.333,0.334]
[TopoTrace Step 0] v0:G2[0.333,0.333,0.334] | v1:G0[0.334,0.333,0.333] | v2:G0[0.334,0.333,0.332] | v3:G2[0.333,0.333,0.334] | v4:G2[0.332,0.333,0.334][TopoTrace Step 0] v0:G2[0.333,0.333,0.334] | v1:G0[0.334,0.333,0.333] | v2:G0[0.334,0.333,0.332] | v3:G2[0.333,0.333,0.334] | v4:G2[0.332,0.333,0.334]

[TopoTrace Step 0] v0:G2[0.333,0.333,0.334] | v1:G0[0.334,0.333,0.333] | v2:G0[0.334,0.333,0.332] | v3:G2[0.333,0.333,0.334] | v4:G2[0.332,0.333,0.334]
[TopoTrace Step 0] v0:G2[0.333,0.333,0.334] | v1:G0[0.334,0.333,0.333] | v2:G0[0.334,0.333,0.332] | v3:G2[0.333,0.333,0.334] | v4:G2[0.332,0.333,0.334]
[TopoTrace Step 0] v0:G2[0.333,0.333,0.334] | v1:G0[0.334,0.333,0.333] | v2:G0[0.334,0.333,0.332] | v3:G2[0.333,0.333,0.334] | v4:G2[0.332,0.333,0.334][TopoTrace Step 0] v0:G2[0.333,0.333,0.334] | v1:G0[0.334,0.333,0.333] | v2:G0[0.334,0.333,0.332] | v3:G2[0.333,0.333,0.334] | v4:G2[0.332,0.333,0.334]

[TopoTrace Step 0] v0:G2[0.333,0.333,0.334] | v1:G0[0.334,0.333,0.333] | v2:G0[0.334,0.333,0.332] | v3:G2[0.333,0.333,0.334] | v4:G2[0.332,0.333,0.334]
[TopoTrace Step 0] v0:G2[0.333,0.333,0.334] | v1:G0[0.334,0.333,0.333] | v2:G0[0.334,0.333,0.332] | v3:G2[0.333,0.333,0.334] | v4:G2[0.332,0.333,0.334][TopoTrace Step 0] v0:G2[0.333,0.333,0.334] | v1:G0[0.334,0.333,0.333] | v2:G0[0.334,0.333,0.332] | v3:G2[0.333,0.333,0.334] | v4:G2[0.332,0.333,0.334]

[TopoTrace Step 0] v0:G2[0.333,0.333,0.334] | v1:G0[0.334,0.333,0.333] | v2:G0[0.334,0.333,0.332] | v3:G2[0.333,0.333,0.334] | v4:G2[0.332,0.333,0.334]
[TopoTrace Step 0] v0:G2[0.333,0.333,0.334] | v1:G0[0.334,0.333,0.333] | v2:G0[0.334,0.333,0.332] | v3:G2[0.333,0.333,0.334] | v4:G2[0.332,0.333,0.334]
[TopoTrace Step 0] v0:G2[0.333,0.333,0.334] | v1:G0[0.334,0.333,0.333] | v2:G0[0.334,0.333,0.332] | v3:G2[0.333,0.333,0.334] | v4:G2[0.332,0.333,0.334]
[TopoTrace Step 0] v0:G2[0.333,0.333,0.334] | v1:G0[0.334,0.333,0.333] | v2:G0[0.334,0.333,0.332] | v3:G2[0.333,0.333,0.334] | v4:G2[0.332,0.333,0.334]
[TopoTrace Step 0] v0:G2[0.333,0.333,0.334] | v1:G0[0.334,0.333,0.333] | v2:G0[0.334,0.333,0.332] | v3:G2[0.333,0.333,0.334] | v4:G2[0.332,0.333,0.334]
[TopoTrace Step 0] v0:G2[0.333,0.333,0.334] | v1:G0[0.334,0.333,0.333] | v2:G0[0.334,0.333,0.332] | v3:G2[0.333,0.333,0.334] | v4:G2[0.332,0.333,0.334]
[TopoTrace Step 0] v0:G2[0.333,0.333,0.334] | v1:G0[0.334,0.333,0.333] | v2:G0[0.334,0.333,0.332] | v3:G2[0.333,0.333,0.334] | v4:G2[0.332,0.333,0.334]
[TopoTrace Step 0] v0:G2[0.333,0.333,0.334] | v1:G0[0.334,0.333,0.333] | v2:G0[0.334,0.333,0.332] | v3:G2[0.333,0.333,0.334] | v4:G2[0.332,0.333,0.334]
[TopoTrace Step 0] v0:G2[0.333,0.333,0.334] | v1:G0[0.334,0.333,0.333] | v2:G0[0.334,0.333,0.332] | v3:G2[0.333,0.333,0.334] | v4:G2[0.332,0.333,0.334]
[TopoTrace Step 0] v0:G2[0.333,0.333,0.334] | v1:G0[0.334,0.333,0.333] | v2:G0[0.334,0.333,0.332] | v3:G2[0.333,0.333,0.334] | v4:G2[0.332,0.333,0.334]
[TopoTrace Step 0] v0:G2[0.333,0.333,0.334] | v1:G0[0.334,0.333,0.333] | v2:G0[0.334,0.333,0.332] | v3:G2[0.333,0.333,0.334] | v4:G2[0.332,0.333,0.334][TopoTrace Step 0] v0:G2[0.333,0.333,0.334] | v1:G0[0.334,0.333,0.333] | v2:G0[0.334,0.333,0.332] | v3:G2[0.333,0.333,0.334] | v4:G2[0.332,0.333,0.334]
[TopoTrace Step 0] v0:G2[0.333,0.333,0.334] | v1:G0[0.334,0.333,0.333] | v2:G0[0.334,0.333,0.332] | v3:G2[0.333,0.333,0.334] | v4:G2[0.332,0.333,0.334]

[TopoTrace Step 0] v0:G2[0.333,0.333,0.334] | v1:G0[0.334,0.333,0.333] | v2:G0[0.334,0.333,0.332] | v3:G2[0.333,0.333,0.334] | v4:G2[0.332,0.333,0.334]
[TopoTrace Step 0] v0:G2[0.333,0.333,0.334] | v1:G0[0.334,0.333,0.333] | v2:G0[0.334,0.333,0.332] | v3:G2[0.333,0.333,0.334] | v4:G2[0.332,0.333,0.334]
[TopoTrace Step 0] v0:G2[0.333,0.333,0.334] | v1:G0[0.334,0.333,0.333] | v2:G0[0.334,0.333,0.332] | v3:G2[0.333,0.333,0.334] | v4:G2[0.332,0.333,0.334][TopoTrace Step 0] v0:G2[0.333,0.333,0.334] | v1:G0[0.334,0.333,0.333] | v2:G0[0.334,0.333,0.332] | v3:G2[0.333,0.333,0.334] | v4:G2[0.332,0.333,0.334]

[TopoTrace Step 0] v0:G2[0.333,0.333,0.334] | v1:G0[0.334,0.333,0.333] | v2:G0[0.334,0.333,0.332] | v3:G2[0.333,0.333,0.334] | v4:G2[0.332,0.333,0.334]
[TopoTrace Step 0] v0:G2[0.333,0.333,0.334] | v1:G0[0.334,0.333,0.333] | v2:G0[0.334,0.333,0.332] | v3:G2[0.333,0.333,0.334] | v4:G2[0.332,0.333,0.334]
[TopoTrace Step 0] v0:G2[0.333,0.333,0.334] | v1:G0[0.334,0.333,0.333] | v2:G0[0.334,0.333,0.332] | v3:G2[0.333,0.333,0.334] | v4:G2[0.332,0.333,0.334][TopoTrace Step 0] v0:G2[0.333,0.333,0.334] | v1:G0[0.334,0.333,0.333] | v2:G0[0.334,0.333,0.332] | v3:G2[0.333,0.333,0.334] | v4:G2[0.332,0.333,0.334]

[TopoTrace Step 0] v0:G2[0.333,0.333,0.334] | v1:G0[0.334,0.333,0.333] | v2:G0[0.334,0.333,0.332] | v3:G2[0.333,0.333,0.334] | v4:G2[0.332,0.333,0.334]
[TopoTrace Step 0] v0:G2[0.333,0.333,0.334] | v1:G0[0.334,0.333,0.333] | v2:G0[0.334,0.333,0.332] | v3:G2[0.333,0.333,0.334] | v4:G2[0.332,0.333,0.334]
[TopoTrace Step 0] v0:G2[0.333,0.333,0.334] | v1:G0[0.334,0.333,0.333] | v2:G0[0.334,0.333,0.332] | v3:G2[0.333,0.333,0.334] | v4:G2[0.332,0.333,0.334]
[TopoTrace Step 0] v0:G2[0.333,0.333,0.334] | v1:G0[0.334,0.333,0.333] | v2:G0[0.334,0.333,0.332] | v3:G2[0.333,0.333,0.334] | v4:G2[0.332,0.333,0.334]
[TopoTrace Step 0] v0:G2[0.333,0.333,0.334] | v1:G0[0.334,0.333,0.333] | v2:G0[0.334,0.333,0.332] | v3:G2[0.333,0.333,0.334] | v4:G2[0.332,0.333,0.334]
[TopoTrace Step 0] v0:G2[0.333,0.333,0.334] | v1:G0[0.334,0.333,0.333] | v2:G0[0.334,0.333,0.332] | v3:G2[0.333,0.333,0.334] | v4:G2[0.332,0.333,0.334]
[TopoTrace Step 0] v0:G2[0.333,0.333,0.334] | v1:G0[0.334,0.333,0.333] | v2:G0[0.334,0.333,0.332] | v3:G2[0.333,0.333,0.334] | v4:G2[0.332,0.333,0.334][TopoTrace Step 0] v0:G2[0.333,0.333,0.334] | v1:G0[0.334,0.333,0.333] | v2:G0[0.334,0.333,0.332] | v3:G2[0.333,0.333,0.334] | v4:G2[0.332,0.333,0.334]

[TopoTrace Step 0] v0:G2[0.333,0.333,0.334] | v1:G0[0.334,0.333,0.333] | v2:G0[0.334,0.333,0.332] | v3:G2[0.333,0.333,0.334] | v4:G2[0.332,0.333,0.334]
[TopoTrace Step 0] v0:G2[0.333,0.333,0.334] | v1:G0[0.334,0.333,0.333] | v2:G0[0.334,0.333,0.332] | v3:G2[0.333,0.333,0.334] | v4:G2[0.332,0.333,0.334]
[TopoTrace Step 0] v0:G2[0.333,0.333,0.334] | v1:G0[0.334,0.333,0.333] | v2:G0[0.334,0.333,0.332] | v3:G2[0.333,0.333,0.334] | v4:G2[0.332,0.333,0.334][TopoTrace Step 0] v0:G2[0.333,0.333,0.334] | v1:G0[0.334,0.333,0.333] | v2:G0[0.334,0.333,0.332] | v3:G2[0.333,0.333,0.334] | v4:G2[0.332,0.333,0.334]

[TopoTrace Step 0] v0:G2[0.333,0.333,0.334] | v1:G0[0.334,0.333,0.333] | v2:G0[0.334,0.333,0.332] | v3:G2[0.333,0.333,0.334] | v4:G2[0.332,0.333,0.334]
[TopoTrace Step 0] v0:G2[0.333,0.333,0.334] | v1:G0[0.334,0.333,0.333] | v2:G0[0.334,0.333,0.332] | v3:G2[0.333,0.333,0.334] | v4:G2[0.332,0.333,0.334]
[TopoTrace Step 0] v0:G2[0.333,0.333,0.334] | v1:G0[0.334,0.333,0.333] | v2:G0[0.334,0.333,0.332] | v3:G2[0.333,0.333,0.334] | v4:G2[0.332,0.333,0.334][TopoTrace Step 0] v0:G2[0.333,0.333,0.334] | v1:G0[0.334,0.333,0.333] | v2:G0[0.334,0.333,0.332] | v3:G2[0.333,0.333,0.334] | v4:G2[0.332,0.333,0.334]

[TopoTrace Step 0] v0:G2[0.333,0.333,0.334] | v1:G0[0.334,0.333,0.333] | v2:G0[0.334,0.333,0.332] | v3:G2[0.333,0.333,0.334] | v4:G2[0.332,0.333,0.334]
[TopoTrace Step 0] v0:G2[0.333,0.333,0.334] | v1:G0[0.334,0.333,0.333] | v2:G0[0.334,0.333,0.332] | v3:G2[0.333,0.333,0.334] | v4:G2[0.332,0.333,0.334]
[TopoTrace Step 0] v0:G2[0.333,0.333,0.334] | v1:G0[0.334,0.333,0.333] | v2:G0[0.334,0.333,0.332] | v3:G2[0.333,0.333,0.334] | v4:G2[0.332,0.333,0.334]
[TopoTrace Step 0] v0:G2[0.333,0.333,0.334] | v1:G0[0.334,0.333,0.333] | v2:G0[0.334,0.333,0.332] | v3:G2[0.333,0.333,0.334] | v4:G2[0.332,0.333,0.334]
[TopoTrace Step 0] v0:G2[0.333,0.333,0.334] | v1:G0[0.334,0.333,0.333] | v2:G0[0.334,0.333,0.332] | v3:G2[0.333,0.333,0.334] | v4:G2[0.332,0.333,0.334]
[TopoTrace Step 0] v0:G2[0.333,0.333,0.334] | v1:G0[0.334,0.333,0.333] | v2:G0[0.334,0.333,0.332] | v3:G2[0.333,0.333,0.334] | v4:G2[0.332,0.333,0.334]
[TopoTrace Step 0] v0:G2[0.333,0.333,0.334] | v1:G0[0.334,0.333,0.333] | v2:G0[0.334,0.333,0.332] | v3:G2[0.333,0.333,0.334] | v4:G2[0.332,0.333,0.334][TopoTrace Step 0] v0:G2[0.333,0.333,0.334] | v1:G0[0.334,0.333,0.333] | v2:G0[0.334,0.333,0.332] | v3:G2[0.333,0.333,0.334] | v4:G2[0.332,0.333,0.334]

[TopoTrace Step 0] v0:G2[0.333,0.333,0.334] | v1:G0[0.334,0.333,0.333] | v2:G0[0.334,0.333,0.332] | v3:G2[0.333,0.333,0.334] | v4:G2[0.332,0.333,0.334]
[TopoTrace Step 0] v0:G2[0.333,0.333,0.334] | v1:G0[0.334,0.333,0.333] | v2:G0[0.334,0.333,0.332] | v3:G2[0.333,0.333,0.334] | v4:G2[0.332,0.333,0.334]
[TopoTrace Step 0] v0:G2[0.333,0.333,0.334] | v1:G0[0.334,0.333,0.333] | v2:G0[0.334,0.333,0.332] | v3:G2[0.333,0.333,0.334] | v4:G2[0.332,0.333,0.334][TopoTrace Step 0] v0:G2[0.333,0.333,0.334] | v1:G0[0.334,0.333,0.333] | v2:G0[0.334,0.333,0.332] | v3:G2[0.333,0.333,0.334] | v4:G2[0.332,0.333,0.334]

[TopoTrace Step 0] v0:G2[0.333,0.333,0.334] | v1:G0[0.334,0.333,0.333] | v2:G0[0.334,0.333,0.332] | v3:G2[0.333,0.333,0.334] | v4:G2[0.332,0.333,0.334]
[TopoTrace Step 0] v0:G2[0.333,0.333,0.334] | v1:G0[0.334,0.333,0.333] | v2:G0[0.334,0.333,0.332] | v3:G2[0.333,0.333,0.334] | v4:G2[0.332,0.333,0.334]
[TopoTrace Step 0] v0:G2[0.333,0.333,0.334] | v1:G0[0.334,0.333,0.333] | v2:G0[0.334,0.333,0.332] | v3:G2[0.333,0.333,0.334] | v4:G2[0.332,0.333,0.334][TopoTrace Step 0] v0:G2[0.333,0.333,0.334] | v1:G0[0.334,0.333,0.333] | v2:G0[0.334,0.333,0.332] | v3:G2[0.333,0.333,0.334] | v4:G2[0.332,0.333,0.334]

[TopoTrace Step 0] v0:G2[0.333,0.333,0.334] | v1:G0[0.334,0.333,0.333] | v2:G0[0.334,0.333,0.332] | v3:G2[0.333,0.333,0.334] | v4:G2[0.332,0.333,0.334]
[TopoTrace Step 0] v0:G2[0.333,0.333,0.334] | v1:G0[0.334,0.333,0.333] | v2:G0[0.334,0.333,0.332] | v3:G2[0.333,0.333,0.334] | v4:G2[0.332,0.333,0.334]
[TopoTrace Step 0] v0:G2[0.333,0.333,0.334] | v1:G0[0.334,0.333,0.333] | v2:G0[0.334,0.333,0.332] | v3:G2[0.333,0.333,0.334] | v4:G2[0.332,0.333,0.334][TopoTrace Step 0] v0:G2[0.333,0.333,0.334] | v1:G0[0.334,0.333,0.333] | v2:G0[0.334,0.333,0.332] | v3:G2[0.333,0.333,0.334] | v4:G2[0.332,0.333,0.334]

[TopoTrace Step 0] v0:G2[0.333,0.333,0.334] | v1:G0[0.334,0.333,0.333] | v2:G0[0.334,0.333,0.332] | v3:G2[0.333,0.333,0.334] | v4:G2[0.332,0.333,0.334]
[TopoTrace Step 0] v0:G2[0.333,0.333,0.334] | v1:G0[0.334,0.333,0.333] | v2:G0[0.334,0.333,0.332] | v3:G2[0.333,0.333,0.334] | v4:G2[0.332,0.333,0.334]
[TopoTrace Step 0] v0:G2[0.333,0.333,0.334] | v1:G0[0.334,0.333,0.333] | v2:G0[0.334,0.333,0.332] | v3:G2[0.333,0.333,0.334] | v4:G2[0.332,0.333,0.334][TopoTrace Step 0] v0:G2[0.333,0.333,0.334] | v1:G0[0.334,0.333,0.333] | v2:G0[0.334,0.333,0.332] | v3:G2[0.333,0.333,0.334] | v4:G2[0.332,0.333,0.334]

[TopoTrace Step 0] v0:G2[0.333,0.333,0.334] | v1:G0[0.334,0.333,0.333] | v2:G0[0.334,0.333,0.332] | v3:G2[0.333,0.333,0.334] | v4:G2[0.332,0.333,0.334]
[TopoTrace Step 0] v0:G2[0.333,0.333,0.334] | v1:G0[0.334,0.333,0.333] | v2:G0[0.334,0.333,0.332] | v3:G2[0.333,0.333,0.334] | v4:G2[0.332,0.333,0.334]
[TopoTrace Step 0] v0:G2[0.333,0.333,0.334] | v1:G0[0.334,0.333,0.333] | v2:G0[0.334,0.333,0.332] | v3:G2[0.333,0.333,0.334] | v4:G2[0.332,0.333,0.334][TopoTrace Step 0] v0:G2[0.333,0.333,0.334] | v1:G0[0.334,0.333,0.333] | v2:G0[0.334,0.333,0.332] | v3:G2[0.333,0.333,0.334] | v4:G2[0.332,0.333,0.334]

[TopoTrace Step 0] v0:G2[0.333,0.333,0.334] | v1:G0[0.334,0.333,0.333] | v2:G0[0.334,0.333,0.332] | v3:G2[0.333,0.333,0.334] | v4:G2[0.332,0.333,0.334]
[TopoTrace Step 0] v0:G2[0.333,0.333,0.334] | v1:G0[0.334,0.333,0.333] | v2:G0[0.334,0.333,0.332] | v3:G2[0.333,0.333,0.334] | v4:G2[0.332,0.333,0.334]
[TopoTrace Step 0] v0:G2[0.333,0.333,0.334] | v1:G0[0.334,0.333,0.333] | v2:G0[0.334,0.333,0.332] | v3:G2[0.333,0.333,0.334] | v4:G2[0.332,0.333,0.334]
[TopoTrace Step 0] v0:G2[0.333,0.333,0.334] | v1:G0[0.334,0.333,0.333] | v2:G0[0.334,0.333,0.332] | v3:G2[0.333,0.333,0.334] | v4:G2[0.332,0.333,0.334]
[TopoTrace Step 0] v0:G2[0.333,0.333,0.334] | v1:G0[0.334,0.333,0.333] | v2:G0[0.334,0.333,0.332] | v3:G2[0.333,0.333,0.334] | v4:G2[0.332,0.333,0.334]
[TopoTrace Step 0] v0:G2[0.333,0.333,0.334] | v1:G0[0.334,0.333,0.333] | v2:G0[0.334,0.333,0.332] | v3:G2[0.333,0.333,0.334] | v4:G2[0.332,0.333,0.334]
[TopoTrace Step 0] v0:G2[0.333,0.333,0.334] | v1:G0[0.334,0.333,0.333] | v2:G0[0.334,0.333,0.332] | v3:G2[0.333,0.333,0.334] | v4:G2[0.332,0.333,0.334]
[TopoTrace Step 0] v0:G2[0.333,0.333,0.334] | v1:G0[0.334,0.333,0.333] | v2:G0[0.334,0.333,0.332] | v3:G2[0.333,0.333,0.334] | v4:G2[0.332,0.333,0.334]
[TopoTrace Step 0] v0:G2[0.333,0.333,0.334] | v1:G0[0.334,0.333,0.333] | v2:G0[0.334,0.333,0.332] | v3:G2[0.333,0.333,0.334] | v4:G2[0.332,0.333,0.334]
[TopoTrace Step 0] v0:G2[0.333,0.333,0.334] | v1:G0[0.334,0.333,0.333] | v2:G0[0.334,0.333,0.332] | v3:G2[0.333,0.333,0.334] | v4:G2[0.332,0.333,0.334]
[TopoTrace Step 0] v0:G2[0.333,0.333,0.334] | v1:G0[0.334,0.333,0.333] | v2:G0[0.334,0.333,0.332] | v3:G2[0.333,0.333,0.334] | v4:G2[0.332,0.333,0.334][TopoTrace Step 0] v0:G2[0.333,0.333,0.334] | v1:G0[0.334,0.333,0.333] | v2:G0[0.334,0.333,0.332] | v3:G2[0.333,0.333,0.334] | v4:G2[0.332,0.333,0.334]

[TopoTrace Step 0] v0:G2[0.333,0.333,0.334] | v1:G0[0.334,0.333,0.333] | v2:G0[0.334,0.333,0.332] | v3:G2[0.333,0.333,0.334] | v4:G2[0.332,0.333,0.334]
[TopoTrace Step 0] v0:G2[0.333,0.333,0.334] | v1:G0[0.334,0.333,0.333] | v2:G0[0.334,0.333,0.332] | v3:G2[0.333,0.333,0.334] | v4:G2[0.332,0.333,0.334]
[TopoTrace Step 0] v0:G2[0.333,0.333,0.334] | v1:G0[0.334,0.333,0.333] | v2:G0[0.334,0.333,0.332] | v3:G2[0.333,0.333,0.334] | v4:G2[0.332,0.333,0.334]
[TopoTrace Step 0] v0:G2[0.333,0.333,0.334] | v1:G0[0.334,0.333,0.333] | v2:G0[0.334,0.333,0.332] | v3:G2[0.333,0.333,0.334] | v4:G2[0.332,0.333,0.334]
[TopoTrace Step 0] v0:G2[0.333,0.333,0.334] | v1:G0[0.334,0.333,0.333] | v2:G0[0.334,0.333,0.332] | v3:G2[0.333,0.333,0.334] | v4:G2[0.332,0.333,0.334]
[TopoTrace Step 0] v0:G2[0.333,0.333,0.334] | v1:G0[0.334,0.333,0.333] | v2:G0[0.334,0.333,0.332] | v3:G2[0.333,0.333,0.334] | v4:G2[0.332,0.333,0.334]
[TopoTrace Step 0] v0:G2[0.333,0.333,0.334] | v1:G0[0.334,0.333,0.333] | v2:G0[0.334,0.333,0.332] | v3:G2[0.333,0.333,0.334] | v4:G2[0.332,0.333,0.334]
[TopoTrace Step 0] v0:G2[0.333,0.333,0.334] | v1:G0[0.334,0.333,0.333] | v2:G0[0.334,0.333,0.332] | v3:G2[0.333,0.333,0.334] | v4:G2[0.332,0.333,0.334]
[TopoTrace Step 0] v0:G2[0.333,0.333,0.334] | v1:G0[0.334,0.333,0.333] | v2:G0[0.334,0.333,0.332] | v3:G2[0.333,0.333,0.334] | v4:G2[0.332,0.333,0.334]
[TopoTrace Step 0] v0:G2[0.333,0.333,0.334] | v1:G0[0.334,0.333,0.333] | v2:G0[0.334,0.333,0.332] | v3:G2[0.333,0.333,0.334] | v4:G2[0.332,0.333,0.334]
[TopoTrace Step 0] v0:G2[0.333,0.333,0.334] | v1:G0[0.334,0.333,0.333] | v2:G0[0.334,0.333,0.332] | v3:G2[0.333,0.333,0.334] | v4:G2[0.332,0.333,0.334]
[TopoTrace Step 0] v0:G2[0.333,0.333,0.334] | v1:G0[0.334,0.333,0.333] | v2:G0[0.334,0.333,0.332] | v3:G2[0.333,0.333,0.334] | v4:G2[0.332,0.333,0.334]
[TopoTrace Step 0] v0:G2[0.333,0.333,0.334] | v1:G0[0.334,0.333,0.333] | v2:G0[0.334,0.333,0.332] | v3:G2[0.333,0.333,0.334] | v4:G2[0.332,0.333,0.334]
[TopoTrace Step 0] v0:G2[0.333,0.333,0.334] | v1:G0[0.334,0.333,0.333] | v2:G0[0.334,0.333,0.332] | v3:G2[0.333,0.333,0.334] | v4:G2[0.332,0.333,0.334]
[TopoTrace Step 0] v0:G2[0.333,0.333,0.334] | v1:G0[0.334,0.333,0.333] | v2:G0[0.334,0.333,0.332] | v3:G2[0.333,0.333,0.334] | v4:G2[0.332,0.333,0.334][TopoTrace Step 0] v0:G2[0.333,0.333,0.334] | v1:G0[0.334,0.333,0.333] | v2:G0[0.334,0.333,0.332] | v3:G2[0.333,0.333,0.334] | v4:G2[0.332,0.333,0.334]

[TopoTrace Step 0] v0:G2[0.333,0.333,0.334] | v1:G0[0.334,0.333,0.333] | v2:G0[0.334,0.333,0.332] | v3:G2[0.333,0.333,0.334] | v4:G2[0.332,0.333,0.334]
[TopoTrace Step 0] v0:G2[0.333,0.333,0.334] | v1:G0[0.334,0.333,0.333] | v2:G0[0.334,0.333,0.332] | v3:G2[0.333,0.333,0.334] | v4:G2[0.332,0.333,0.334]
[TopoTrace Step 0] v0:G2[0.333,0.333,0.334] | v1:G0[0.334,0.333,0.333] | v2:G0[0.334,0.333,0.332] | v3:G2[0.333,0.333,0.334] | v4:G2[0.332,0.333,0.334][TopoTrace Step 0] v0:G2[0.333,0.333,0.334] | v1:G0[0.334,0.333,0.333] | v2:G0[0.334,0.333,0.332] | v3:G2[0.333,0.333,0.334] | v4:G2[0.332,0.333,0.334]

[TopoTrace Step 0] v0:G2[0.333,0.333,0.334] | v1:G0[0.334,0.333,0.333] | v2:G0[0.334,0.333,0.332] | v3:G2[0.333,0.333,0.334] | v4:G2[0.332,0.333,0.334]
[TopoTrace Step 0] v0:G2[0.333,0.333,0.334] | v1:G0[0.334,0.333,0.333] | v2:G0[0.334,0.333,0.332] | v3:G2[0.333,0.333,0.334] | v4:G2[0.332,0.333,0.334]
[TopoTrace Step 0] v0:G2[0.333,0.333,0.334] | v1:G0[0.334,0.333,0.333] | v2:G0[0.334,0.333,0.332] | v3:G2[0.333,0.333,0.334] | v4:G2[0.332,0.333,0.334][TopoTrace Step 0] v0:G2[0.333,0.333,0.334] | v1:G0[0.334,0.333,0.333] | v2:G0[0.334,0.333,0.332] | v3:G2[0.333,0.333,0.334] | v4:G2[0.332,0.333,0.334]

[TopoTrace Step 0] v0:G2[0.333,0.333,0.334] | v1:G0[0.334,0.333,0.333] | v2:G0[0.334,0.333,0.332] | v3:G2[0.333,0.333,0.334] | v4:G2[0.332,0.333,0.334]
[TopoTrace Step 0] v0:G2[0.333,0.333,0.334] | v1:G0[0.334,0.333,0.333] | v2:G0[0.334,0.333,0.332] | v3:G2[0.333,0.333,0.334] | v4:G2[0.332,0.333,0.334]
[TopoTrace Step 0] v0:G2[0.333,0.333,0.334] | v1:G0[0.334,0.333,0.333] | v2:G0[0.334,0.333,0.332] | v3:G2[0.333,0.333,0.334] | v4:G2[0.332,0.333,0.334]
[TopoTrace Step 0] v0:G2[0.333,0.333,0.334] | v1:G0[0.334,0.333,0.333] | v2:G0[0.334,0.333,0.332] | v3:G2[0.333,0.333,0.334] | v4:G2[0.332,0.333,0.334]
[TopoTrace Step 0] v0:G2[0.333,0.333,0.334] | v1:G0[0.334,0.333,0.333] | v2:G0[0.334,0.333,0.332] | v3:G2[0.333,0.333,0.334] | v4:G2[0.332,0.333,0.334]
[TopoTrace Step 0] v0:G2[0.333,0.333,0.334] | v1:G0[0.334,0.333,0.333] | v2:G0[0.334,0.333,0.332] | v3:G2[0.333,0.333,0.334] | v4:G2[0.332,0.333,0.334]
[TopoTrace Step 0] v0:G2[0.333,0.333,0.334] | v1:G0[0.334,0.333,0.333] | v2:G0[0.334,0.333,0.332] | v3:G2[0.333,0.333,0.334] | v4:G2[0.332,0.333,0.334]
[TopoTrace Step 0] v0:G2[0.333,0.333,0.334] | v1:G0[0.334,0.333,0.333] | v2:G0[0.334,0.333,0.332] | v3:G2[0.333,0.333,0.334] | v4:G2[0.332,0.333,0.334]
[TopoTrace Step 0] v0:G2[0.333,0.333,0.334] | v1:G0[0.334,0.333,0.333] | v2:G0[0.334,0.333,0.332] | v3:G2[0.333,0.333,0.334] | v4:G2[0.332,0.333,0.334]
[TopoTrace Step 0] v0:G2[0.333,0.333,0.334] | v1:G0[0.334,0.333,0.333] | v2:G0[0.334,0.333,0.332] | v3:G2[0.333,0.333,0.334] | v4:G2[0.332,0.333,0.334]
[TopoTrace Step 0] v0:G2[0.333,0.333,0.334] | v1:G0[0.334,0.333,0.333] | v2:G0[0.334,0.333,0.332] | v3:G2[0.333,0.333,0.334] | v4:G2[0.332,0.333,0.334][TopoTrace Step 0] v0:G2[0.333,0.333,0.334] | v1:G0[0.334,0.333,0.333] | v2:G0[0.334,0.333,0.332] | v3:G2[0.333,0.333,0.334] | v4:G2[0.332,0.333,0.334]

[TopoTrace Step 0] v0:G2[0.333,0.333,0.334] | v1:G0[0.334,0.333,0.333] | v2:G0[0.334,0.333,0.332] | v3:G2[0.333,0.333,0.334] | v4:G2[0.332,0.333,0.334]
[TopoTrace Step 0] v0:G2[0.333,0.333,0.334] | v1:G0[0.334,0.333,0.333] | v2:G0[0.334,0.333,0.332] | v3:G2[0.333,0.333,0.334] | v4:G2[0.332,0.333,0.334][TopoTrace Step 0] v0:G2[0.333,0.333,0.334] | v1:G0[0.334,0.333,0.333] | v2:G0[0.334,0.333,0.332] | v3:G2[0.333,0.333,0.334] | v4:G2[0.332,0.333,0.334]

[TopoTrace Step 0] v0:G2[0.333,0.333,0.334] | v1:G0[0.334,0.333,0.333] | v2:G0[0.334,0.333,0.332] | v3:G2[0.333,0.333,0.334] | v4:G2[0.332,0.333,0.334]
[TopoTrace Step 0] v0:G2[0.333,0.333,0.334] | v1:G0[0.334,0.333,0.333] | v2:G0[0.334,0.333,0.332] | v3:G2[0.333,0.333,0.334] | v4:G2[0.332,0.333,0.334]
[TopoTrace Step 0] v0:G2[0.333,0.333,0.334] | v1:G0[0.334,0.333,0.333] | v2:G0[0.334,0.333,0.332] | v3:G2[0.333,0.333,0.334] | v4:G2[0.332,0.333,0.334]
[TopoTrace Step 0] v0:G2[0.333,0.333,0.334] | v1:G0[0.334,0.333,0.333] | v2:G0[0.334,0.333,0.332] | v3:G2[0.333,0.333,0.334] | v4:G2[0.332,0.333,0.334][TopoTrace Step 0] v0:G2[0.333,0.333,0.334] | v1:G0[0.334,0.333,0.333] | v2:G0[0.334,0.333,0.332] | v3:G2[0.333,0.333,0.334] | v4:G2[0.332,0.333,0.334]

[TopoTrace Step 0] v0:G2[0.333,0.333,0.334] | v1:G0[0.334,0.333,0.333] | v2:G0[0.334,0.333,0.332] | v3:G2[0.333,0.333,0.334] | v4:G2[0.332,0.333,0.334]
[TopoTrace Step 0] v0:G2[0.333,0.333,0.334] | v1:G0[0.334,0.333,0.333] | v2:G0[0.334,0.333,0.332] | v3:G2[0.333,0.333,0.334] | v4:G2[0.332,0.333,0.334]
[TopoTrace Step 0] v0:G2[0.333,0.333,0.334] | v1:G0[0.334,0.333,0.333] | v2:G0[0.334,0.333,0.332] | v3:G2[0.333,0.333,0.334] | v4:G2[0.332,0.333,0.334][TopoTrace Step 0] v0:G2[0.333,0.333,0.334] | v1:G0[0.334,0.333,0.333] | v2:G0[0.334,0.333,0.332] | v3:G2[0.333,0.333,0.334] | v4:G2[0.332,0.333,0.334]

[TopoTrace Step 0] v0:G2[0.333,0.333,0.334] | v1:G0[0.334,0.333,0.333] | v2:G0[0.334,0.333,0.332] | v3:G2[0.333,0.333,0.334] | v4:G2[0.332,0.333,0.334]
[TopoTrace Step 0] v0:G2[0.333,0.333,0.334] | v1:G0[0.334,0.333,0.333] | v2:G0[0.334,0.333,0.332] | v3:G2[0.333,0.333,0.334] | v4:G2[0.332,0.333,0.334]
[TopoTrace Step 0] v0:G2[0.333,0.333,0.334] | v1:G0[0.334,0.333,0.333] | v2:G0[0.334,0.333,0.332] | v3:G2[0.333,0.333,0.334] | v4:G2[0.332,0.333,0.334][TopoTrace Step 0] v0:G2[0.333,0.333,0.334] | v1:G0[0.334,0.333,0.333] | v2:G0[0.334,0.333,0.332] | v3:G2[0.333,0.333,0.334] | v4:G2[0.332,0.333,0.334]

[TopoTrace Step 0] v0:G2[0.333,0.333,0.334] | v1:G0[0.334,0.333,0.333] | v2:G0[0.334,0.333,0.332] | v3:G2[0.333,0.333,0.334] | v4:G2[0.332,0.333,0.334]
[TopoTrace Step 0] v0:G2[0.333,0.333,0.334] | v1:G0[0.334,0.333,0.333] | v2:G0[0.334,0.333,0.332] | v3:G2[0.333,0.333,0.334] | v4:G2[0.332,0.333,0.334]
[TopoTrace Step 0] v0:G2[0.333,0.333,0.334] | v1:G0[0.334,0.333,0.333] | v2:G0[0.334,0.333,0.332] | v3:G2[0.333,0.333,0.334] | v4:G2[0.332,0.333,0.334]
[TopoTrace Step 0] v0:G2[0.333,0.333,0.334] | v1:G0[0.334,0.333,0.333] | v2:G0[0.334,0.333,0.332] | v3:G2[0.333,0.333,0.334] | v4:G2[0.332,0.333,0.334]
[TopoTrace Step 0] v0:G2[0.333,0.333,0.334] | v1:G0[0.334,0.333,0.333] | v2:G0[0.334,0.333,0.332] | v3:G2[0.333,0.333,0.334] | v4:G2[0.332,0.333,0.334]
[TopoTrace Step 0] v0:G2[0.333,0.333,0.334] | v1:G0[0.334,0.333,0.333] | v2:G0[0.334,0.333,0.332] | v3:G2[0.333,0.333,0.334] | v4:G2[0.332,0.333,0.334]
[TopoTrace Step 0] v0:G2[0.333,0.333,0.334] | v1:G0[0.334,0.333,0.333] | v2:G0[0.334,0.333,0.332] | v3:G2[0.333,0.333,0.334] | v4:G2[0.332,0.333,0.334][TopoTrace Step 0] v0:G2[0.333,0.333,0.334] | v1:G0[0.334,0.333,0.333] | v2:G0[0.334,0.333,0.332] | v3:G2[0.333,0.333,0.334] | v4:G2[0.332,0.333,0.334]

[TopoTrace Step 0] v0:G2[0.333,0.333,0.334] | v1:G0[0.334,0.333,0.333] | v2:G0[0.334,0.333,0.332] | v3:G2[0.333,0.333,0.334] | v4:G2[0.332,0.333,0.334]
[TopoTrace Step 0] v0:G2[0.333,0.333,0.334] | v1:G0[0.334,0.333,0.333] | v2:G0[0.334,0.333,0.332] | v3:G2[0.333,0.333,0.334] | v4:G2[0.332,0.333,0.334]
[TopoTrace Step 0] v0:G2[0.333,0.333,0.334] | v1:G0[0.334,0.333,0.333] | v2:G0[0.334,0.333,0.332] | v3:G2[0.333,0.333,0.334] | v4:G2[0.332,0.333,0.334][TopoTrace Step 0] v0:G2[0.333,0.333,0.334] | v1:G0[0.334,0.333,0.333] | v2:G0[0.334,0.333,0.332] | v3:G2[0.333,0.333,0.334] | v4:G2[0.332,0.333,0.334]

[TopoTrace Step 0] v0:G2[0.333,0.333,0.334] | v1:G0[0.334,0.333,0.333] | v2:G0[0.334,0.333,0.332] | v3:G2[0.333,0.333,0.334] | v4:G2[0.332,0.333,0.334]
[TopoTrace Step 0] v0:G2[0.333,0.333,0.334] | v1:G0[0.334,0.333,0.333] | v2:G0[0.334,0.333,0.332] | v3:G2[0.333,0.333,0.334] | v4:G2[0.332,0.333,0.334]
[TopoTrace Step 0] v0:G2[0.333,0.333,0.334] | v1:G0[0.334,0.333,0.333] | v2:G0[0.334,0.333,0.332] | v3:G2[0.333,0.333,0.334] | v4:G2[0.332,0.333,0.334][TopoTrace Step 0] v0:G2[0.333,0.333,0.334] | v1:G0[0.334,0.333,0.333] | v2:G0[0.334,0.333,0.332] | v3:G2[0.333,0.333,0.334] | v4:G2[0.332,0.333,0.334]

[TopoTrace Step 0] v0:G2[0.333,0.333,0.334] | v1:G0[0.334,0.333,0.333] | v2:G0[0.334,0.333,0.332] | v3:G2[0.333,0.333,0.334] | v4:G2[0.332,0.333,0.334]
[TopoTrace Step 0] v0:G2[0.333,0.333,0.334] | v1:G0[0.334,0.333,0.333] | v2:G0[0.334,0.333,0.332] | v3:G2[0.333,0.333,0.334] | v4:G2[0.332,0.333,0.334]
[TopoTrace Step 0] v0:G2[0.333,0.333,0.334] | v1:G0[0.334,0.333,0.333] | v2:G0[0.334,0.333,0.332] | v3:G2[0.333,0.333,0.334] | v4:G2[0.332,0.333,0.334][TopoTrace Step 0] v0:G2[0.333,0.333,0.334] | v1:G0[0.334,0.333,0.333] | v2:G0[0.334,0.333,0.332] | v3:G2[0.333,0.333,0.334] | v4:G2[0.332,0.333,0.334]

[TopoTrace Step 0] v0:G2[0.333,0.333,0.334] | v1:G0[0.334,0.333,0.333] | v2:G0[0.334,0.333,0.332] | v3:G2[0.333,0.333,0.334] | v4:G2[0.332,0.333,0.334]
[TopoTrace Step 0] v0:G2[0.333,0.333,0.334] | v1:G0[0.334,0.333,0.333] | v2:G0[0.334,0.333,0.332] | v3:G2[0.333,0.333,0.334] | v4:G2[0.332,0.333,0.334]
[TopoTrace Step 0] v0:G2[0.333,0.333,0.334] | v1:G0[0.334,0.333,0.333] | v2:G0[0.334,0.333,0.332] | v3:G2[0.333,0.333,0.334] | v4:G2[0.332,0.333,0.334]
[TopoTrace Step 0] v0:G2[0.333,0.333,0.334] | v1:G0[0.334,0.333,0.333] | v2:G0[0.334,0.333,0.332] | v3:G2[0.333,0.333,0.334] | v4:G2[0.332,0.333,0.334]
[TopoTrace Step 0] v0:G2[0.333,0.333,0.334] | v1:G0[0.334,0.333,0.333] | v2:G0[0.334,0.333,0.332] | v3:G2[0.333,0.333,0.334] | v4:G2[0.332,0.333,0.334]
[TopoTrace Step 0] v0:G2[0.333,0.333,0.334] | v1:G0[0.334,0.333,0.333] | v2:G0[0.334,0.333,0.332] | v3:G2[0.333,0.333,0.334] | v4:G2[0.332,0.333,0.334]
[TopoTrace Step 0] v0:G2[0.333,0.333,0.334] | v1:G0[0.334,0.333,0.333] | v2:G0[0.334,0.333,0.332] | v3:G2[0.333,0.333,0.334] | v4:G2[0.332,0.333,0.334][TopoTrace Step 0] v0:G2[0.333,0.333,0.334] | v1:G0[0.334,0.333,0.333] | v2:G0[0.334,0.333,0.332] | v3:G2[0.333,0.333,0.334] | v4:G2[0.332,0.333,0.334]

[TopoTrace Step 0] v0:G2[0.333,0.333,0.334] | v1:G0[0.334,0.333,0.333] | v2:G0[0.334,0.333,0.332] | v3:G2[0.333,0.333,0.334] | v4:G2[0.332,0.333,0.334]
[TopoTrace Step 0] v0:G2[0.333,0.333,0.334] | v1:G0[0.334,0.333,0.333] | v2:G0[0.334,0.333,0.332] | v3:G2[0.333,0.333,0.334] | v4:G2[0.332,0.333,0.334]
[TopoTrace Step 0] v0:G2[0.333,0.333,0.334] | v1:G0[0.334,0.333,0.333] | v2:G0[0.334,0.333,0.332] | v3:G2[0.333,0.333,0.334] | v4:G2[0.332,0.333,0.334]
[TopoTrace Step 0] v0:G2[0.333,0.333,0.334] | v1:G0[0.334,0.333,0.333] | v2:G0[0.334,0.333,0.332] | v3:G2[0.333,0.333,0.334] | v4:G2[0.332,0.333,0.334]
Epoch: 7 cost time: 15.11597728729248
Epoch: 7, Steps: 147 | Train Loss: 0.3601200 Vali Loss: 0.3978658 Test Loss: 4.0909591
Validation loss decreased (0.399612 --> 0.397866).  Saving model ...
Updating learning rate to 1.5625e-06
[TopoTrace Step 0] v0:G2[0.333,0.333,0.334] | v1:G0[0.334,0.333,0.333] | v2:G0[0.334,0.333,0.332] | v3:G2[0.333,0.333,0.334] | v4:G2[0.332,0.333,0.334]
[TopoTrace Step 0] v0:G2[0.333,0.333,0.334] | v1:G0[0.334,0.333,0.333] | v2:G0[0.334,0.333,0.332] | v3:G2[0.333,0.333,0.334] | v4:G2[0.332,0.333,0.334]
[TopoTrace Step 0] v0:G2[0.333,0.333,0.334] | v1:G0[0.334,0.333,0.333] | v2:G0[0.334,0.333,0.332] | v3:G2[0.333,0.333,0.334] | v4:G2[0.332,0.333,0.334][TopoTrace Step 0] v0:G2[0.333,0.333,0.334] | v1:G0[0.334,0.333,0.333] | v2:G0[0.334,0.333,0.332] | v3:G2[0.333,0.333,0.334] | v4:G2[0.332,0.333,0.334]

[TopoTrace Step 0] v0:G2[0.333,0.333,0.334] | v1:G0[0.334,0.333,0.333] | v2:G0[0.334,0.333,0.332] | v3:G2[0.333,0.333,0.334] | v4:G2[0.332,0.333,0.334]
[TopoTrace Step 0] v0:G2[0.333,0.333,0.334] | v1:G0[0.334,0.333,0.333] | v2:G0[0.334,0.333,0.332] | v3:G2[0.333,0.333,0.334] | v4:G2[0.332,0.333,0.334]
[TopoTrace Step 0] v0:G2[0.333,0.333,0.334] | v1:G0[0.334,0.333,0.333] | v2:G0[0.334,0.333,0.332] | v3:G2[0.333,0.333,0.334] | v4:G2[0.332,0.333,0.334][TopoTrace Step 0] v0:G2[0.333,0.333,0.334] | v1:G0[0.334,0.333,0.333] | v2:G0[0.334,0.333,0.332] | v3:G2[0.333,0.333,0.334] | v4:G2[0.332,0.333,0.334]

[TopoTrace Step 0] v0:G2[0.333,0.333,0.334] | v1:G0[0.334,0.333,0.333] | v2:G0[0.334,0.333,0.332] | v3:G2[0.333,0.333,0.334] | v4:G2[0.332,0.333,0.334]
[TopoTrace Step 0] v0:G2[0.333,0.333,0.334] | v1:G0[0.334,0.333,0.333] | v2:G0[0.334,0.333,0.332] | v3:G2[0.333,0.333,0.334] | v4:G2[0.332,0.333,0.334]
[TopoTrace Step 0] v0:G2[0.333,0.333,0.334] | v1:G0[0.334,0.333,0.333] | v2:G0[0.334,0.333,0.332] | v3:G2[0.333,0.333,0.334] | v4:G2[0.332,0.333,0.334]
[TopoTrace Step 0] v0:G2[0.333,0.333,0.334] | v1:G0[0.334,0.333,0.333] | v2:G0[0.334,0.333,0.332] | v3:G2[0.333,0.333,0.334] | v4:G2[0.332,0.333,0.334]
[TopoTrace Step 0] v0:G2[0.333,0.333,0.334] | v1:G0[0.334,0.333,0.333] | v2:G0[0.334,0.333,0.332] | v3:G2[0.333,0.333,0.334] | v4:G2[0.332,0.333,0.334]
[TopoTrace Step 0] v0:G2[0.333,0.333,0.334] | v1:G0[0.334,0.333,0.333] | v2:G0[0.334,0.333,0.332] | v3:G2[0.333,0.333,0.334] | v4:G2[0.332,0.333,0.334]
[TopoTrace Step 0] v0:G2[0.333,0.333,0.334] | v1:G0[0.334,0.333,0.333] | v2:G0[0.334,0.333,0.332] | v3:G2[0.333,0.333,0.334] | v4:G2[0.332,0.333,0.334]
[TopoTrace Step 0] v0:G2[0.333,0.333,0.334] | v1:G0[0.334,0.333,0.333] | v2:G0[0.334,0.333,0.332] | v3:G2[0.333,0.333,0.334] | v4:G2[0.332,0.333,0.334]
[TopoTrace Step 0] v0:G2[0.333,0.333,0.334] | v1:G0[0.334,0.333,0.333] | v2:G0[0.334,0.333,0.332] | v3:G2[0.333,0.333,0.334] | v4:G2[0.332,0.333,0.334]
[TopoTrace Step 0] v0:G2[0.333,0.333,0.334] | v1:G0[0.334,0.333,0.333] | v2:G0[0.334,0.333,0.332] | v3:G2[0.333,0.333,0.334] | v4:G2[0.332,0.333,0.334]
[TopoTrace Step 0] v0:G2[0.333,0.333,0.334] | v1:G0[0.334,0.333,0.333] | v2:G0[0.334,0.333,0.332] | v3:G2[0.333,0.333,0.334] | v4:G2[0.332,0.333,0.334]
[TopoTrace Step 0] v0:G2[0.333,0.333,0.334] | v1:G0[0.334,0.333,0.333] | v2:G0[0.334,0.333,0.332] | v3:G2[0.333,0.333,0.334] | v4:G2[0.332,0.333,0.334]
[TopoTrace Step 0] v0:G2[0.333,0.333,0.334] | v1:G0[0.334,0.333,0.333] | v2:G0[0.334,0.333,0.332] | v3:G2[0.333,0.333,0.334] | v4:G2[0.332,0.333,0.334]
[TopoTrace Step 0] v0:G2[0.333,0.333,0.334] | v1:G0[0.334,0.333,0.333] | v2:G0[0.334,0.333,0.332] | v3:G2[0.333,0.333,0.334] | v4:G2[0.332,0.333,0.334]
[TopoTrace Step 0] v0:G2[0.333,0.333,0.334] | v1:G0[0.334,0.333,0.333] | v2:G0[0.334,0.333,0.332] | v3:G2[0.333,0.333,0.334] | v4:G2[0.332,0.333,0.334]
[TopoTrace Step 0] v0:G2[0.333,0.333,0.334] | v1:G0[0.334,0.333,0.333] | v2:G0[0.334,0.333,0.332] | v3:G2[0.333,0.333,0.334] | v4:G2[0.332,0.333,0.334]
[TopoTrace Step 0] v0:G2[0.333,0.333,0.334] | v1:G0[0.334,0.333,0.333] | v2:G0[0.334,0.333,0.332] | v3:G2[0.333,0.333,0.334] | v4:G2[0.332,0.333,0.334]
[TopoTrace Step 0] v0:G2[0.333,0.333,0.334] | v1:G0[0.334,0.333,0.333] | v2:G0[0.334,0.333,0.332] | v3:G2[0.333,0.333,0.334] | v4:G2[0.332,0.333,0.334]
[TopoTrace Step 0] v0:G2[0.333,0.333,0.334] | v1:G0[0.334,0.333,0.333] | v2:G0[0.334,0.333,0.332] | v3:G2[0.333,0.333,0.334] | v4:G2[0.332,0.333,0.334][TopoTrace Step 0] v0:G2[0.333,0.333,0.334] | v1:G0[0.334,0.333,0.333] | v2:G0[0.334,0.333,0.332] | v3:G2[0.333,0.333,0.334] | v4:G2[0.332,0.333,0.334]

[TopoTrace Step 0] v0:G2[0.333,0.333,0.334] | v1:G0[0.334,0.333,0.333] | v2:G0[0.334,0.333,0.332] | v3:G2[0.333,0.333,0.334] | v4:G2[0.332,0.333,0.334]
[TopoTrace Step 0] v0:G2[0.333,0.333,0.334] | v1:G0[0.334,0.333,0.333] | v2:G0[0.334,0.333,0.332] | v3:G2[0.333,0.333,0.334] | v4:G2[0.332,0.333,0.334]
[TopoTrace Step 0] v0:G2[0.333,0.333,0.334] | v1:G0[0.334,0.333,0.333] | v2:G0[0.334,0.333,0.332] | v3:G2[0.333,0.333,0.334] | v4:G2[0.332,0.333,0.334]
[TopoTrace Step 0] v0:G2[0.333,0.333,0.334] | v1:G0[0.334,0.333,0.333] | v2:G0[0.334,0.333,0.332] | v3:G2[0.333,0.333,0.334] | v4:G2[0.332,0.333,0.334]
[TopoTrace Step 0] v0:G2[0.333,0.333,0.334] | v1:G0[0.334,0.333,0.333] | v2:G0[0.334,0.333,0.332] | v3:G2[0.333,0.333,0.334] | v4:G2[0.332,0.333,0.334]
[TopoTrace Step 0] v0:G2[0.333,0.333,0.334] | v1:G0[0.334,0.333,0.333] | v2:G0[0.334,0.333,0.332] | v3:G2[0.333,0.333,0.334] | v4:G2[0.332,0.333,0.334]
[TopoTrace Step 0] v0:G2[0.333,0.333,0.334] | v1:G0[0.334,0.333,0.333] | v2:G0[0.334,0.333,0.332] | v3:G2[0.333,0.333,0.334] | v4:G2[0.332,0.333,0.334]
[TopoTrace Step 0] v0:G2[0.333,0.333,0.334] | v1:G0[0.334,0.333,0.333] | v2:G0[0.334,0.333,0.332] | v3:G2[0.333,0.333,0.334] | v4:G2[0.332,0.333,0.334]
[TopoTrace Step 0] v0:G2[0.333,0.333,0.334] | v1:G0[0.334,0.333,0.333] | v2:G0[0.334,0.333,0.332] | v3:G2[0.333,0.333,0.334] | v4:G2[0.332,0.333,0.334]
[TopoTrace Step 0] v0:G2[0.333,0.333,0.334] | v1:G0[0.334,0.333,0.333] | v2:G0[0.334,0.333,0.332] | v3:G2[0.333,0.333,0.334] | v4:G2[0.332,0.333,0.334]
[TopoTrace Step 0] v0:G2[0.333,0.333,0.334] | v1:G0[0.334,0.333,0.333] | v2:G0[0.334,0.333,0.332] | v3:G2[0.333,0.333,0.334] | v4:G2[0.332,0.333,0.334][TopoTrace Step 0] v0:G2[0.333,0.333,0.334] | v1:G0[0.334,0.333,0.333] | v2:G0[0.334,0.333,0.332] | v3:G2[0.333,0.333,0.334] | v4:G2[0.332,0.333,0.334]

[TopoTrace Step 0] v0:G2[0.333,0.333,0.334] | v1:G0[0.334,0.333,0.333] | v2:G0[0.334,0.333,0.332] | v3:G2[0.333,0.333,0.334] | v4:G2[0.332,0.333,0.334]
[TopoTrace Step 0] v0:G2[0.333,0.333,0.334] | v1:G0[0.334,0.333,0.333] | v2:G0[0.334,0.333,0.332] | v3:G2[0.333,0.333,0.334] | v4:G2[0.332,0.333,0.334]
[TopoTrace Step 0] v0:G2[0.333,0.333,0.334] | v1:G0[0.334,0.333,0.333] | v2:G0[0.334,0.333,0.332] | v3:G2[0.333,0.333,0.334] | v4:G2[0.332,0.333,0.334]
[TopoTrace Step 0] v0:G2[0.333,0.333,0.334] | v1:G0[0.334,0.333,0.333] | v2:G0[0.334,0.333,0.332] | v3:G2[0.333,0.333,0.334] | v4:G2[0.332,0.333,0.334]
[TopoTrace Step 0] v0:G2[0.333,0.333,0.334] | v1:G0[0.334,0.333,0.333] | v2:G0[0.334,0.333,0.332] | v3:G2[0.333,0.333,0.334] | v4:G2[0.332,0.333,0.334]
[TopoTrace Step 0] v0:G2[0.333,0.333,0.334] | v1:G0[0.334,0.333,0.333] | v2:G0[0.334,0.333,0.332] | v3:G2[0.333,0.333,0.334] | v4:G2[0.332,0.333,0.334]
[TopoTrace Step 0] v0:G2[0.333,0.333,0.334] | v1:G0[0.334,0.333,0.333] | v2:G0[0.334,0.333,0.332] | v3:G2[0.333,0.333,0.334] | v4:G2[0.332,0.333,0.334][TopoTrace Step 0] v0:G2[0.333,0.333,0.334] | v1:G0[0.334,0.333,0.333] | v2:G0[0.334,0.333,0.332] | v3:G2[0.333,0.333,0.334] | v4:G2[0.332,0.333,0.334]

[TopoTrace Step 0] v0:G2[0.333,0.333,0.334] | v1:G0[0.334,0.333,0.333] | v2:G0[0.334,0.333,0.332] | v3:G2[0.333,0.333,0.334] | v4:G2[0.332,0.333,0.334]
[TopoTrace Step 0] v0:G2[0.333,0.333,0.334] | v1:G0[0.334,0.333,0.333] | v2:G0[0.334,0.333,0.332] | v3:G2[0.333,0.333,0.334] | v4:G2[0.332,0.333,0.334]
[TopoTrace Step 0] v0:G2[0.333,0.333,0.334] | v1:G0[0.334,0.333,0.333] | v2:G0[0.334,0.333,0.332] | v3:G2[0.333,0.333,0.334] | v4:G2[0.332,0.333,0.334][TopoTrace Step 0] v0:G2[0.333,0.333,0.334] | v1:G0[0.334,0.333,0.333] | v2:G0[0.334,0.333,0.332] | v3:G2[0.333,0.333,0.334] | v4:G2[0.332,0.333,0.334]

[TopoTrace Step 0] v0:G2[0.333,0.333,0.334] | v1:G0[0.334,0.333,0.333] | v2:G0[0.334,0.333,0.332] | v3:G2[0.333,0.333,0.334] | v4:G2[0.332,0.333,0.334]
[TopoTrace Step 0] v0:G2[0.333,0.333,0.334] | v1:G0[0.334,0.333,0.333] | v2:G0[0.334,0.333,0.332] | v3:G2[0.333,0.333,0.334] | v4:G2[0.332,0.333,0.334]
[TopoTrace Step 0] v0:G2[0.333,0.333,0.334] | v1:G0[0.334,0.333,0.333] | v2:G0[0.334,0.333,0.332] | v3:G2[0.333,0.333,0.334] | v4:G2[0.332,0.333,0.334][TopoTrace Step 0] v0:G2[0.333,0.333,0.334] | v1:G0[0.334,0.333,0.333] | v2:G0[0.334,0.333,0.332] | v3:G2[0.333,0.333,0.334] | v4:G2[0.332,0.333,0.334]

[TopoTrace Step 0] v0:G2[0.333,0.333,0.334] | v1:G0[0.334,0.333,0.333] | v2:G0[0.334,0.333,0.332] | v3:G2[0.333,0.333,0.334] | v4:G2[0.332,0.333,0.334]
[TopoTrace Step 0] v0:G2[0.333,0.333,0.334] | v1:G0[0.334,0.333,0.333] | v2:G0[0.334,0.333,0.332] | v3:G2[0.333,0.333,0.334] | v4:G2[0.332,0.333,0.334]
[TopoTrace Step 0] v0:G2[0.333,0.333,0.334] | v1:G0[0.334,0.333,0.333] | v2:G0[0.334,0.333,0.332] | v3:G2[0.333,0.333,0.334] | v4:G2[0.332,0.333,0.334][TopoTrace Step 0] v0:G2[0.333,0.333,0.334] | v1:G0[0.334,0.333,0.333] | v2:G0[0.334,0.333,0.332] | v3:G2[0.333,0.333,0.334] | v4:G2[0.332,0.333,0.334]

[TopoTrace Step 0] v0:G2[0.333,0.333,0.334] | v1:G0[0.334,0.333,0.333] | v2:G0[0.334,0.333,0.332] | v3:G2[0.333,0.333,0.334] | v4:G2[0.332,0.333,0.334]
[TopoTrace Step 0] v0:G2[0.333,0.333,0.334] | v1:G0[0.334,0.333,0.333] | v2:G0[0.334,0.333,0.332] | v3:G2[0.333,0.333,0.334] | v4:G2[0.332,0.333,0.334]
[TopoTrace Step 0] v0:G2[0.333,0.333,0.334] | v1:G0[0.334,0.333,0.333] | v2:G0[0.334,0.333,0.332] | v3:G2[0.333,0.333,0.334] | v4:G2[0.332,0.333,0.334][TopoTrace Step 0] v0:G2[0.333,0.333,0.334] | v1:G0[0.334,0.333,0.333] | v2:G0[0.334,0.333,0.332] | v3:G2[0.333,0.333,0.334] | v4:G2[0.332,0.333,0.334]

[TopoTrace Step 0] v0:G2[0.333,0.333,0.334] | v1:G0[0.334,0.333,0.333] | v2:G0[0.334,0.333,0.332] | v3:G2[0.333,0.333,0.334] | v4:G2[0.332,0.333,0.334]
[TopoTrace Step 0] v0:G2[0.333,0.333,0.334] | v1:G0[0.334,0.333,0.333] | v2:G0[0.334,0.333,0.332] | v3:G2[0.333,0.333,0.334] | v4:G2[0.332,0.333,0.334]
[TopoTrace Step 0] v0:G2[0.333,0.333,0.334] | v1:G0[0.334,0.333,0.333] | v2:G0[0.334,0.333,0.332] | v3:G2[0.333,0.333,0.334] | v4:G2[0.332,0.333,0.334][TopoTrace Step 0] v0:G2[0.333,0.333,0.334] | v1:G0[0.334,0.333,0.333] | v2:G0[0.334,0.333,0.332] | v3:G2[0.333,0.333,0.334] | v4:G2[0.332,0.333,0.334]

[TopoTrace Step 0] v0:G2[0.333,0.333,0.334] | v1:G0[0.334,0.333,0.333] | v2:G0[0.334,0.333,0.332] | v3:G2[0.333,0.333,0.334] | v4:G2[0.332,0.333,0.334]
[TopoTrace Step 0] v0:G2[0.333,0.333,0.334] | v1:G0[0.334,0.333,0.333] | v2:G0[0.334,0.333,0.332] | v3:G2[0.333,0.333,0.334] | v4:G2[0.332,0.333,0.334]
[TopoTrace Step 0] v0:G2[0.333,0.333,0.334] | v1:G0[0.334,0.333,0.333] | v2:G0[0.334,0.333,0.332] | v3:G2[0.333,0.333,0.334] | v4:G2[0.332,0.333,0.334][TopoTrace Step 0] v0:G2[0.333,0.333,0.334] | v1:G0[0.334,0.333,0.333] | v2:G0[0.334,0.333,0.332] | v3:G2[0.333,0.333,0.334] | v4:G2[0.332,0.333,0.334]

[TopoTrace Step 0] v0:G2[0.333,0.333,0.334] | v1:G0[0.334,0.333,0.333] | v2:G0[0.334,0.333,0.332] | v3:G2[0.333,0.333,0.334] | v4:G2[0.332,0.333,0.334]
[TopoTrace Step 0] v0:G2[0.333,0.333,0.334] | v1:G0[0.334,0.333,0.333] | v2:G0[0.334,0.333,0.332] | v3:G2[0.333,0.333,0.334] | v4:G2[0.332,0.333,0.334]
[TopoTrace Step 0] v0:G2[0.333,0.333,0.334] | v1:G0[0.334,0.333,0.333] | v2:G0[0.334,0.333,0.332] | v3:G2[0.333,0.333,0.334] | v4:G2[0.332,0.333,0.334]
[TopoTrace Step 0] v0:G2[0.333,0.333,0.334] | v1:G0[0.334,0.333,0.333] | v2:G0[0.334,0.333,0.332] | v3:G2[0.333,0.333,0.334] | v4:G2[0.332,0.333,0.334]
[TopoTrace Step 0] v0:G2[0.333,0.333,0.334] | v1:G0[0.334,0.333,0.333] | v2:G0[0.334,0.333,0.332] | v3:G2[0.333,0.333,0.334] | v4:G2[0.332,0.333,0.334]
[TopoTrace Step 0] v0:G2[0.333,0.333,0.334] | v1:G0[0.334,0.333,0.333] | v2:G0[0.334,0.333,0.332] | v3:G2[0.333,0.333,0.334] | v4:G2[0.332,0.333,0.334]
[TopoTrace Step 0] v0:G2[0.333,0.333,0.334] | v1:G0[0.334,0.333,0.333] | v2:G0[0.334,0.333,0.332] | v3:G2[0.333,0.333,0.334] | v4:G2[0.332,0.333,0.334]
[TopoTrace Step 0] v0:G2[0.333,0.333,0.334] | v1:G0[0.334,0.333,0.333] | v2:G0[0.334,0.333,0.332] | v3:G2[0.333,0.333,0.334] | v4:G2[0.332,0.333,0.334]
[TopoTrace Step 0] v0:G2[0.333,0.333,0.334] | v1:G0[0.334,0.333,0.333] | v2:G0[0.334,0.333,0.332] | v3:G2[0.333,0.333,0.334] | v4:G2[0.332,0.333,0.334]
[TopoTrace Step 0] v0:G2[0.333,0.333,0.334] | v1:G0[0.334,0.333,0.333] | v2:G0[0.334,0.333,0.332] | v3:G2[0.333,0.333,0.334] | v4:G2[0.332,0.333,0.334]
[TopoTrace Step 0] v0:G2[0.333,0.333,0.334] | v1:G0[0.334,0.333,0.333] | v2:G0[0.334,0.333,0.332] | v3:G2[0.333,0.333,0.334] | v4:G2[0.332,0.333,0.334][TopoTrace Step 0] v0:G2[0.333,0.333,0.334] | v1:G0[0.334,0.333,0.333] | v2:G0[0.334,0.333,0.332] | v3:G2[0.333,0.333,0.334] | v4:G2[0.332,0.333,0.334]

[TopoTrace Step 0] v0:G2[0.333,0.333,0.334] | v1:G0[0.334,0.333,0.333] | v2:G0[0.334,0.333,0.332] | v3:G2[0.333,0.333,0.334] | v4:G2[0.332,0.333,0.334]
[TopoTrace Step 0] v0:G2[0.333,0.333,0.334] | v1:G0[0.334,0.333,0.333] | v2:G0[0.334,0.333,0.332] | v3:G2[0.333,0.333,0.334] | v4:G2[0.332,0.333,0.334]
[TopoTrace Step 0] v0:G2[0.333,0.333,0.334] | v1:G0[0.334,0.333,0.333] | v2:G0[0.334,0.333,0.332] | v3:G2[0.333,0.333,0.334] | v4:G2[0.332,0.333,0.334][TopoTrace Step 0] v0:G2[0.333,0.333,0.334] | v1:G0[0.334,0.333,0.333] | v2:G0[0.334,0.333,0.332] | v3:G2[0.333,0.333,0.334] | v4:G2[0.332,0.333,0.334]

[TopoTrace Step 0] v0:G2[0.333,0.333,0.334] | v1:G0[0.334,0.333,0.333] | v2:G0[0.334,0.333,0.332] | v3:G2[0.333,0.333,0.334] | v4:G2[0.332,0.333,0.334]
[TopoTrace Step 0] v0:G2[0.333,0.333,0.334] | v1:G0[0.334,0.333,0.333] | v2:G0[0.334,0.333,0.332] | v3:G2[0.333,0.333,0.334] | v4:G2[0.332,0.333,0.334]
[TopoTrace Step 0] v0:G2[0.333,0.333,0.334] | v1:G0[0.334,0.333,0.333] | v2:G0[0.334,0.333,0.332] | v3:G2[0.333,0.333,0.334] | v4:G2[0.332,0.333,0.334]
[TopoTrace Step 0] v0:G2[0.333,0.333,0.334] | v1:G0[0.334,0.333,0.333] | v2:G0[0.334,0.333,0.332] | v3:G2[0.333,0.333,0.334] | v4:G2[0.332,0.333,0.334]
[TopoTrace Step 0] v0:G2[0.333,0.333,0.334] | v1:G0[0.334,0.333,0.333] | v2:G0[0.334,0.333,0.332] | v3:G2[0.333,0.333,0.334] | v4:G2[0.332,0.333,0.334]
[TopoTrace Step 0] v0:G2[0.333,0.333,0.334] | v1:G0[0.334,0.333,0.333] | v2:G0[0.334,0.333,0.332] | v3:G2[0.333,0.333,0.334] | v4:G2[0.332,0.333,0.334]
[TopoTrace Step 0] v0:G2[0.333,0.333,0.334] | v1:G0[0.334,0.333,0.333] | v2:G0[0.334,0.333,0.332] | v3:G2[0.333,0.333,0.334] | v4:G2[0.332,0.333,0.334][TopoTrace Step 0] v0:G2[0.333,0.333,0.334] | v1:G0[0.334,0.333,0.333] | v2:G0[0.334,0.333,0.332] | v3:G2[0.333,0.333,0.334] | v4:G2[0.332,0.333,0.334]

[TopoTrace Step 0] v0:G2[0.333,0.333,0.334] | v1:G0[0.334,0.333,0.333] | v2:G0[0.334,0.333,0.332] | v3:G2[0.333,0.333,0.334] | v4:G2[0.332,0.333,0.334]
[TopoTrace Step 0] v0:G2[0.333,0.333,0.334] | v1:G0[0.334,0.333,0.333] | v2:G0[0.334,0.333,0.332] | v3:G2[0.333,0.333,0.334] | v4:G2[0.332,0.333,0.334]
[TopoTrace Step 0] v0:G2[0.333,0.333,0.334] | v1:G0[0.334,0.333,0.333] | v2:G0[0.334,0.333,0.332] | v3:G2[0.333,0.333,0.334] | v4:G2[0.332,0.333,0.334]
[TopoTrace Step 0] v0:G2[0.333,0.333,0.334] | v1:G0[0.334,0.333,0.333] | v2:G0[0.334,0.333,0.332] | v3:G2[0.333,0.333,0.334] | v4:G2[0.332,0.333,0.334]
[TopoTrace Step 0] v0:G2[0.333,0.333,0.334] | v1:G0[0.334,0.333,0.333] | v2:G0[0.334,0.333,0.332] | v3:G2[0.333,0.333,0.334] | v4:G2[0.332,0.333,0.334]
[TopoTrace Step 0] v0:G2[0.333,0.333,0.334] | v1:G0[0.334,0.333,0.333] | v2:G0[0.334,0.333,0.332] | v3:G2[0.333,0.333,0.334] | v4:G2[0.332,0.333,0.334]
[TopoTrace Step 0] v0:G2[0.333,0.333,0.334] | v1:G0[0.334,0.333,0.333] | v2:G0[0.334,0.333,0.332] | v3:G2[0.333,0.333,0.334] | v4:G2[0.332,0.333,0.334][TopoTrace Step 0] v0:G2[0.333,0.333,0.334] | v1:G0[0.334,0.333,0.333] | v2:G0[0.334,0.333,0.332] | v3:G2[0.333,0.333,0.334] | v4:G2[0.332,0.333,0.334]

[TopoTrace Step 0] v0:G2[0.333,0.333,0.334] | v1:G0[0.334,0.333,0.333] | v2:G0[0.334,0.333,0.332] | v3:G2[0.333,0.333,0.334] | v4:G2[0.332,0.333,0.334]
[TopoTrace Step 0] v0:G2[0.333,0.333,0.334] | v1:G0[0.334,0.333,0.333] | v2:G0[0.334,0.333,0.332] | v3:G2[0.333,0.333,0.334] | v4:G2[0.332,0.333,0.334]
[TopoTrace Step 0] v0:G2[0.333,0.333,0.334] | v1:G0[0.334,0.333,0.333] | v2:G0[0.334,0.333,0.332] | v3:G2[0.333,0.333,0.334] | v4:G2[0.332,0.333,0.334][TopoTrace Step 0] v0:G2[0.333,0.333,0.334] | v1:G0[0.334,0.333,0.333] | v2:G0[0.334,0.333,0.332] | v3:G2[0.333,0.333,0.334] | v4:G2[0.332,0.333,0.334]

[TopoTrace Step 0] v0:G2[0.333,0.333,0.334] | v1:G0[0.334,0.333,0.333] | v2:G0[0.334,0.333,0.332] | v3:G2[0.333,0.333,0.334] | v4:G2[0.332,0.333,0.334]
[TopoTrace Step 0] v0:G2[0.333,0.333,0.334] | v1:G0[0.334,0.333,0.333] | v2:G0[0.334,0.333,0.332] | v3:G2[0.333,0.333,0.334] | v4:G2[0.332,0.333,0.334]
[TopoTrace Step 0] v0:G2[0.333,0.333,0.334] | v1:G0[0.334,0.333,0.333] | v2:G0[0.334,0.333,0.332] | v3:G2[0.333,0.333,0.334] | v4:G2[0.332,0.333,0.334]
[TopoTrace Step 0] v0:G2[0.333,0.333,0.334] | v1:G0[0.334,0.333,0.333] | v2:G0[0.334,0.333,0.332] | v3:G2[0.333,0.333,0.334] | v4:G2[0.332,0.333,0.334]
[TopoTrace Step 0] v0:G2[0.333,0.333,0.334] | v1:G0[0.334,0.333,0.333] | v2:G0[0.334,0.333,0.332] | v3:G2[0.333,0.333,0.334] | v4:G2[0.332,0.333,0.334]
[TopoTrace Step 0] v0:G2[0.333,0.333,0.334] | v1:G0[0.334,0.333,0.333] | v2:G0[0.334,0.333,0.332] | v3:G2[0.333,0.333,0.334] | v4:G2[0.332,0.333,0.334][TopoTrace Step 0] v0:G2[0.333,0.333,0.334] | v1:G0[0.334,0.333,0.333] | v2:G0[0.334,0.333,0.332] | v3:G2[0.333,0.333,0.334] | v4:G2[0.332,0.333,0.334]
[TopoTrace Step 0] v0:G2[0.333,0.333,0.334] | v1:G0[0.334,0.333,0.333] | v2:G0[0.334,0.333,0.332] | v3:G2[0.333,0.333,0.334] | v4:G2[0.332,0.333,0.334]

[TopoTrace Step 0] v0:G2[0.333,0.333,0.334] | v1:G0[0.334,0.333,0.333] | v2:G0[0.334,0.333,0.332] | v3:G2[0.333,0.333,0.334] | v4:G2[0.332,0.333,0.334]
[TopoTrace Step 0] v0:G2[0.333,0.333,0.334] | v1:G0[0.334,0.333,0.333] | v2:G0[0.334,0.333,0.332] | v3:G2[0.333,0.333,0.334] | v4:G2[0.332,0.333,0.334]
[TopoTrace Step 0] v0:G2[0.333,0.333,0.334] | v1:G0[0.334,0.333,0.333] | v2:G0[0.334,0.333,0.332] | v3:G2[0.333,0.333,0.334] | v4:G2[0.332,0.333,0.334][TopoTrace Step 0] v0:G2[0.333,0.333,0.334] | v1:G0[0.334,0.333,0.333] | v2:G0[0.334,0.333,0.332] | v3:G2[0.333,0.333,0.334] | v4:G2[0.332,0.333,0.334]

[TopoTrace Step 0] v0:G2[0.333,0.333,0.334] | v1:G0[0.334,0.333,0.333] | v2:G0[0.334,0.333,0.332] | v3:G2[0.333,0.333,0.334] | v4:G2[0.332,0.333,0.334]
[TopoTrace Step 0] v0:G2[0.333,0.333,0.334] | v1:G0[0.334,0.333,0.333] | v2:G0[0.334,0.333,0.332] | v3:G2[0.333,0.333,0.334] | v4:G2[0.332,0.333,0.334]
[TopoTrace Step 0] v0:G2[0.333,0.333,0.334] | v1:G0[0.334,0.333,0.333] | v2:G0[0.334,0.333,0.332] | v3:G2[0.333,0.333,0.334] | v4:G2[0.332,0.333,0.334]
[TopoTrace Step 0] v0:G2[0.333,0.333,0.334] | v1:G0[0.334,0.333,0.333] | v2:G0[0.334,0.333,0.332] | v3:G2[0.333,0.333,0.334] | v4:G2[0.332,0.333,0.334]
[TopoTrace Step 0] v0:G2[0.333,0.333,0.334] | v1:G0[0.334,0.333,0.333] | v2:G0[0.334,0.333,0.332] | v3:G2[0.333,0.333,0.334] | v4:G2[0.332,0.333,0.334]
[TopoTrace Step 0] v0:G2[0.333,0.333,0.334] | v1:G0[0.334,0.333,0.333] | v2:G0[0.334,0.333,0.332] | v3:G2[0.333,0.333,0.334] | v4:G2[0.332,0.333,0.334]
[TopoTrace Step 0] v0:G2[0.333,0.333,0.334] | v1:G0[0.334,0.333,0.333] | v2:G0[0.334,0.333,0.332] | v3:G2[0.333,0.333,0.334] | v4:G2[0.332,0.333,0.334]
[TopoTrace Step 0] v0:G2[0.333,0.333,0.334] | v1:G0[0.334,0.333,0.333] | v2:G0[0.334,0.333,0.332] | v3:G2[0.333,0.333,0.334] | v4:G2[0.332,0.333,0.334]
[TopoTrace Step 0] v0:G2[0.333,0.333,0.334] | v1:G0[0.334,0.333,0.333] | v2:G0[0.334,0.333,0.332] | v3:G2[0.333,0.333,0.334] | v4:G2[0.332,0.333,0.334]
[TopoTrace Step 0] v0:G2[0.333,0.333,0.334] | v1:G0[0.334,0.333,0.333] | v2:G0[0.334,0.333,0.332] | v3:G2[0.333,0.333,0.334] | v4:G2[0.332,0.333,0.334]
[TopoTrace Step 0] v0:G2[0.333,0.333,0.334] | v1:G0[0.334,0.333,0.333] | v2:G0[0.334,0.333,0.332] | v3:G2[0.333,0.333,0.334] | v4:G2[0.332,0.333,0.334][TopoTrace Step 0] v0:G2[0.333,0.333,0.334] | v1:G0[0.334,0.333,0.333] | v2:G0[0.334,0.333,0.332] | v3:G2[0.333,0.333,0.334] | v4:G2[0.332,0.333,0.334]

[TopoTrace Step 0] v0:G2[0.333,0.333,0.334] | v1:G0[0.334,0.333,0.333] | v2:G0[0.334,0.333,0.332] | v3:G2[0.333,0.333,0.334] | v4:G2[0.332,0.333,0.334]
[TopoTrace Step 0] v0:G2[0.333,0.333,0.334] | v1:G0[0.334,0.333,0.333] | v2:G0[0.334,0.333,0.332] | v3:G2[0.333,0.333,0.334] | v4:G2[0.332,0.333,0.334]
[TopoTrace Step 0] v0:G2[0.333,0.333,0.334] | v1:G0[0.334,0.333,0.333] | v2:G0[0.334,0.333,0.332] | v3:G2[0.333,0.333,0.334] | v4:G2[0.332,0.333,0.334]
[TopoTrace Step 0] v0:G2[0.333,0.333,0.334] | v1:G0[0.334,0.333,0.333] | v2:G0[0.334,0.333,0.332] | v3:G2[0.333,0.333,0.334] | v4:G2[0.332,0.333,0.334]
[TopoTrace Step 0] v0:G2[0.333,0.333,0.334] | v1:G0[0.334,0.333,0.333] | v2:G0[0.334,0.333,0.332] | v3:G2[0.333,0.333,0.334] | v4:G2[0.332,0.333,0.334]
[TopoTrace Step 0] v0:G2[0.333,0.333,0.334] | v1:G0[0.334,0.333,0.333] | v2:G0[0.334,0.333,0.332] | v3:G2[0.333,0.333,0.334] | v4:G2[0.332,0.333,0.334]
[TopoTrace Step 0] v0:G2[0.333,0.333,0.334] | v1:G0[0.334,0.333,0.333] | v2:G0[0.334,0.333,0.332] | v3:G2[0.333,0.333,0.334] | v4:G2[0.332,0.333,0.334][TopoTrace Step 0] v0:G2[0.333,0.333,0.334] | v1:G0[0.334,0.333,0.333] | v2:G0[0.334,0.333,0.332] | v3:G2[0.333,0.333,0.334] | v4:G2[0.332,0.333,0.334]

[TopoTrace Step 0] v0:G2[0.333,0.333,0.334] | v1:G0[0.334,0.333,0.333] | v2:G0[0.334,0.333,0.332] | v3:G2[0.333,0.333,0.334] | v4:G2[0.332,0.333,0.334]
[TopoTrace Step 0] v0:G2[0.333,0.333,0.334] | v1:G0[0.334,0.333,0.333] | v2:G0[0.334,0.333,0.332] | v3:G2[0.333,0.333,0.334] | v4:G2[0.332,0.333,0.334]
[TopoTrace Step 0] v0:G2[0.333,0.333,0.334] | v1:G0[0.334,0.333,0.333] | v2:G0[0.334,0.333,0.332] | v3:G2[0.333,0.333,0.334] | v4:G2[0.332,0.333,0.334][TopoTrace Step 0] v0:G2[0.333,0.333,0.334] | v1:G0[0.334,0.333,0.333] | v2:G0[0.334,0.333,0.332] | v3:G2[0.333,0.333,0.334] | v4:G2[0.332,0.333,0.334]

[TopoTrace Step 0] v0:G2[0.333,0.333,0.334] | v1:G0[0.334,0.333,0.333] | v2:G0[0.334,0.333,0.332] | v3:G2[0.333,0.333,0.334] | v4:G2[0.332,0.333,0.334]
[TopoTrace Step 0] v0:G2[0.333,0.333,0.334] | v1:G0[0.334,0.333,0.333] | v2:G0[0.334,0.333,0.332] | v3:G2[0.333,0.333,0.334] | v4:G2[0.332,0.333,0.334]
[TopoTrace Step 0] v0:G2[0.333,0.333,0.334] | v1:G0[0.334,0.333,0.333] | v2:G0[0.334,0.333,0.332] | v3:G2[0.333,0.333,0.334] | v4:G2[0.332,0.333,0.334]
[TopoTrace Step 0] v0:G2[0.333,0.333,0.334] | v1:G0[0.334,0.333,0.333] | v2:G0[0.334,0.333,0.332] | v3:G2[0.333,0.333,0.334] | v4:G2[0.332,0.333,0.334]
[TopoTrace Step 0] v0:G2[0.333,0.333,0.334] | v1:G0[0.334,0.333,0.333] | v2:G0[0.334,0.333,0.332] | v3:G2[0.333,0.333,0.334] | v4:G2[0.332,0.333,0.334]
[TopoTrace Step 0] v0:G2[0.333,0.333,0.334] | v1:G0[0.334,0.333,0.333] | v2:G0[0.334,0.333,0.332] | v3:G2[0.333,0.333,0.334] | v4:G2[0.332,0.333,0.334]
[TopoTrace Step 0] v0:G2[0.333,0.333,0.334] | v1:G0[0.334,0.333,0.333] | v2:G0[0.334,0.333,0.332] | v3:G2[0.333,0.333,0.334] | v4:G2[0.332,0.333,0.334]
[TopoTrace Step 0] v0:G2[0.333,0.333,0.334] | v1:G0[0.334,0.333,0.333] | v2:G0[0.334,0.333,0.332] | v3:G2[0.333,0.333,0.334] | v4:G2[0.332,0.333,0.334]
[TopoTrace Step 0] v0:G2[0.333,0.333,0.334] | v1:G0[0.334,0.333,0.333] | v2:G0[0.334,0.333,0.332] | v3:G2[0.333,0.333,0.334] | v4:G2[0.332,0.333,0.334]
[TopoTrace Step 0] v0:G2[0.333,0.333,0.334] | v1:G0[0.334,0.333,0.333] | v2:G0[0.334,0.333,0.332] | v3:G2[0.333,0.333,0.334] | v4:G2[0.332,0.333,0.334]
[TopoTrace Step 0] v0:G2[0.333,0.333,0.334] | v1:G0[0.334,0.333,0.333] | v2:G0[0.334,0.333,0.332] | v3:G2[0.333,0.333,0.334] | v4:G2[0.332,0.333,0.334][TopoTrace Step 0] v0:G2[0.333,0.333,0.334] | v1:G0[0.334,0.333,0.333] | v2:G0[0.334,0.333,0.332] | v3:G2[0.333,0.333,0.334] | v4:G2[0.332,0.333,0.334]

[TopoTrace Step 0] v0:G2[0.333,0.333,0.334] | v1:G0[0.334,0.333,0.333] | v2:G0[0.334,0.333,0.332] | v3:G2[0.333,0.333,0.334] | v4:G2[0.332,0.333,0.334]
[TopoTrace Step 0] v0:G2[0.333,0.333,0.334] | v1:G0[0.334,0.333,0.333] | v2:G0[0.334,0.333,0.332] | v3:G2[0.333,0.333,0.334] | v4:G2[0.332,0.333,0.334]
[TopoTrace Step 0] v0:G2[0.333,0.333,0.334] | v1:G0[0.334,0.333,0.333] | v2:G0[0.334,0.333,0.332] | v3:G2[0.333,0.333,0.334] | v4:G2[0.332,0.333,0.334]
[TopoTrace Step 0] v0:G2[0.333,0.333,0.334] | v1:G0[0.334,0.333,0.333] | v2:G0[0.334,0.333,0.332] | v3:G2[0.333,0.333,0.334] | v4:G2[0.332,0.333,0.334]
[TopoTrace Step 0] v0:G2[0.333,0.333,0.334] | v1:G0[0.334,0.333,0.333] | v2:G0[0.334,0.333,0.332] | v3:G2[0.333,0.333,0.334] | v4:G2[0.332,0.333,0.334]
[TopoTrace Step 0] v0:G2[0.333,0.333,0.334] | v1:G0[0.334,0.333,0.333] | v2:G0[0.334,0.333,0.332] | v3:G2[0.333,0.333,0.334] | v4:G2[0.332,0.333,0.334]
[TopoTrace Step 0] v0:G2[0.333,0.333,0.334] | v1:G0[0.334,0.333,0.333] | v2:G0[0.334,0.333,0.332] | v3:G2[0.333,0.333,0.334] | v4:G2[0.332,0.333,0.334][TopoTrace Step 0] v0:G2[0.333,0.333,0.334] | v1:G0[0.334,0.333,0.333] | v2:G0[0.334,0.333,0.332] | v3:G2[0.333,0.333,0.334] | v4:G2[0.332,0.333,0.334]

[TopoTrace Step 0] v0:G2[0.333,0.333,0.334] | v1:G0[0.334,0.333,0.333] | v2:G0[0.334,0.333,0.332] | v3:G2[0.333,0.333,0.334] | v4:G2[0.332,0.333,0.334]
[TopoTrace Step 0] v0:G2[0.333,0.333,0.334] | v1:G0[0.334,0.333,0.333] | v2:G0[0.334,0.333,0.332] | v3:G2[0.333,0.333,0.334] | v4:G2[0.332,0.333,0.334]
[TopoTrace Step 0] v0:G2[0.333,0.333,0.334] | v1:G0[0.334,0.333,0.333] | v2:G0[0.334,0.333,0.332] | v3:G2[0.333,0.333,0.334] | v4:G2[0.332,0.333,0.334][TopoTrace Step 0] v0:G2[0.333,0.333,0.334] | v1:G0[0.334,0.333,0.333] | v2:G0[0.334,0.333,0.332] | v3:G2[0.333,0.333,0.334] | v4:G2[0.332,0.333,0.334]

[TopoTrace Step 0] v0:G2[0.333,0.333,0.334] | v1:G0[0.334,0.333,0.333] | v2:G0[0.334,0.333,0.332] | v3:G2[0.333,0.333,0.334] | v4:G2[0.332,0.333,0.334]
[TopoTrace Step 0] v0:G2[0.333,0.333,0.334] | v1:G0[0.334,0.333,0.333] | v2:G0[0.334,0.333,0.332] | v3:G2[0.333,0.333,0.334] | v4:G2[0.332,0.333,0.334]
[TopoTrace Step 0] v0:G2[0.333,0.333,0.334] | v1:G0[0.334,0.333,0.333] | v2:G0[0.334,0.333,0.332] | v3:G2[0.333,0.333,0.334] | v4:G2[0.332,0.333,0.334]
[TopoTrace Step 0] v0:G2[0.333,0.333,0.334] | v1:G0[0.334,0.333,0.333] | v2:G0[0.334,0.333,0.332] | v3:G2[0.333,0.333,0.334] | v4:G2[0.332,0.333,0.334]
[TopoTrace Step 0] v0:G2[0.333,0.333,0.334] | v1:G0[0.334,0.333,0.333] | v2:G0[0.334,0.333,0.332] | v3:G2[0.333,0.333,0.334] | v4:G2[0.332,0.333,0.334]
[TopoTrace Step 0] v0:G2[0.333,0.333,0.334] | v1:G0[0.334,0.333,0.333] | v2:G0[0.334,0.333,0.332] | v3:G2[0.333,0.333,0.334] | v4:G2[0.332,0.333,0.334]
[TopoTrace Step 0] v0:G2[0.333,0.333,0.334] | v1:G0[0.334,0.333,0.333] | v2:G0[0.334,0.333,0.332] | v3:G2[0.333,0.333,0.334] | v4:G2[0.332,0.333,0.334]
[TopoTrace Step 0] v0:G2[0.333,0.333,0.334] | v1:G0[0.334,0.333,0.333] | v2:G0[0.334,0.333,0.332] | v3:G2[0.333,0.333,0.334] | v4:G2[0.332,0.333,0.334]
[TopoTrace Step 0] v0:G2[0.333,0.333,0.334] | v1:G0[0.334,0.333,0.333] | v2:G0[0.334,0.333,0.332] | v3:G2[0.333,0.333,0.334] | v4:G2[0.332,0.333,0.334]
[TopoTrace Step 0] v0:G2[0.333,0.333,0.334] | v1:G0[0.334,0.333,0.333] | v2:G0[0.334,0.333,0.332] | v3:G2[0.333,0.333,0.334] | v4:G2[0.332,0.333,0.334]
[TopoTrace Step 0] v0:G2[0.333,0.333,0.334] | v1:G0[0.334,0.333,0.333] | v2:G0[0.334,0.333,0.332] | v3:G2[0.333,0.333,0.334] | v4:G2[0.332,0.333,0.334][TopoTrace Step 0] v0:G2[0.333,0.333,0.334] | v1:G0[0.334,0.333,0.333] | v2:G0[0.334,0.333,0.332] | v3:G2[0.333,0.333,0.334] | v4:G2[0.332,0.333,0.334]

[TopoTrace Step 0] v0:G2[0.333,0.333,0.334] | v1:G0[0.334,0.333,0.333] | v2:G0[0.334,0.333,0.332] | v3:G2[0.333,0.333,0.334] | v4:G2[0.332,0.333,0.334]
[TopoTrace Step 0] v0:G2[0.333,0.333,0.334] | v1:G0[0.334,0.333,0.333] | v2:G0[0.334,0.333,0.332] | v3:G2[0.333,0.333,0.334] | v4:G2[0.332,0.333,0.334]
[TopoTrace Step 0] v0:G2[0.333,0.333,0.334] | v1:G0[0.334,0.333,0.333] | v2:G0[0.334,0.333,0.332] | v3:G2[0.333,0.333,0.334] | v4:G2[0.332,0.333,0.334]
[TopoTrace Step 0] v0:G2[0.333,0.333,0.334] | v1:G0[0.334,0.333,0.333] | v2:G0[0.334,0.333,0.332] | v3:G2[0.333,0.333,0.334] | v4:G2[0.332,0.333,0.334]
[TopoTrace Step 0] v0:G2[0.333,0.333,0.334] | v1:G0[0.334,0.333,0.333] | v2:G0[0.334,0.333,0.332] | v3:G2[0.333,0.333,0.334] | v4:G2[0.332,0.333,0.334]
[TopoTrace Step 0] v0:G2[0.333,0.333,0.334] | v1:G0[0.334,0.333,0.333] | v2:G0[0.334,0.333,0.332] | v3:G2[0.333,0.333,0.334] | v4:G2[0.332,0.333,0.334]
[TopoTrace Step 0] v0:G2[0.333,0.333,0.334] | v1:G0[0.334,0.333,0.333] | v2:G0[0.334,0.333,0.332] | v3:G2[0.333,0.333,0.334] | v4:G2[0.332,0.333,0.334]
[TopoTrace Step 0] v0:G2[0.333,0.333,0.334] | v1:G0[0.334,0.333,0.333] | v2:G0[0.334,0.333,0.332] | v3:G2[0.333,0.333,0.334] | v4:G2[0.332,0.333,0.334]
[TopoTrace Step 0] v0:G2[0.333,0.333,0.334] | v1:G0[0.334,0.333,0.333] | v2:G0[0.334,0.333,0.332] | v3:G2[0.333,0.333,0.334] | v4:G2[0.332,0.333,0.334]
[TopoTrace Step 0] v0:G2[0.333,0.333,0.334] | v1:G0[0.334,0.333,0.333] | v2:G0[0.334,0.333,0.332] | v3:G2[0.333,0.333,0.334] | v4:G2[0.332,0.333,0.334]
[TopoTrace Step 0] v0:G2[0.333,0.333,0.334] | v1:G0[0.334,0.333,0.333] | v2:G0[0.334,0.333,0.332] | v3:G2[0.333,0.333,0.334] | v4:G2[0.332,0.333,0.334]
[TopoTrace Step 0] v0:G2[0.333,0.333,0.334] | v1:G0[0.334,0.333,0.333] | v2:G0[0.334,0.333,0.332] | v3:G2[0.333,0.333,0.334] | v4:G2[0.332,0.333,0.334]
[TopoTrace Step 0] v0:G2[0.333,0.333,0.334] | v1:G0[0.334,0.333,0.333] | v2:G0[0.334,0.333,0.332] | v3:G2[0.333,0.333,0.334] | v4:G2[0.332,0.333,0.334]
[TopoTrace Step 0] v0:G2[0.333,0.333,0.334] | v1:G0[0.334,0.333,0.333] | v2:G0[0.334,0.333,0.332] | v3:G2[0.333,0.333,0.334] | v4:G2[0.332,0.333,0.334]
[TopoTrace Step 0] v0:G2[0.333,0.333,0.334] | v1:G0[0.334,0.333,0.333] | v2:G0[0.334,0.333,0.332] | v3:G2[0.333,0.333,0.334] | v4:G2[0.332,0.333,0.334]
[TopoTrace Step 0] v0:G2[0.333,0.333,0.334] | v1:G0[0.334,0.333,0.333] | v2:G0[0.334,0.333,0.332] | v3:G2[0.333,0.333,0.334] | v4:G2[0.332,0.333,0.334]
[TopoTrace Step 0] v0:G2[0.333,0.333,0.334] | v1:G0[0.334,0.333,0.333] | v2:G0[0.334,0.333,0.332] | v3:G2[0.333,0.333,0.334] | v4:G2[0.332,0.333,0.334]
[TopoTrace Step 0] v0:G2[0.333,0.333,0.334] | v1:G0[0.334,0.333,0.333] | v2:G0[0.334,0.333,0.332] | v3:G2[0.333,0.333,0.334] | v4:G2[0.332,0.333,0.334]
[TopoTrace Step 0] v0:G2[0.333,0.333,0.334] | v1:G0[0.334,0.333,0.333] | v2:G0[0.334,0.333,0.332] | v3:G2[0.333,0.333,0.334] | v4:G2[0.332,0.333,0.334]
[TopoTrace Step 0] v0:G2[0.333,0.333,0.334] | v1:G0[0.334,0.333,0.333] | v2:G0[0.334,0.333,0.332] | v3:G2[0.333,0.333,0.334] | v4:G2[0.332,0.333,0.334]
[TopoTrace Step 0] v0:G2[0.333,0.333,0.334] | v1:G0[0.334,0.333,0.333] | v2:G0[0.334,0.333,0.332] | v3:G2[0.333,0.333,0.334] | v4:G2[0.332,0.333,0.334]
[TopoTrace Step 0] v0:G2[0.333,0.333,0.334] | v1:G0[0.334,0.333,0.333] | v2:G0[0.334,0.333,0.332] | v3:G2[0.333,0.333,0.334] | v4:G2[0.332,0.333,0.334]
[TopoTrace Step 0] v0:G2[0.333,0.333,0.334] | v1:G0[0.334,0.333,0.333] | v2:G0[0.334,0.333,0.332] | v3:G2[0.333,0.333,0.334] | v4:G2[0.332,0.333,0.334][TopoTrace Step 0] v0:G2[0.333,0.333,0.334] | v1:G0[0.334,0.333,0.333] | v2:G0[0.334,0.333,0.332] | v3:G2[0.333,0.333,0.334] | v4:G2[0.332,0.333,0.334]

[TopoTrace Step 0] v0:G2[0.333,0.333,0.334] | v1:G0[0.334,0.333,0.333] | v2:G0[0.334,0.333,0.332] | v3:G2[0.333,0.333,0.334] | v4:G2[0.332,0.333,0.334]
[TopoTrace Step 0] v0:G2[0.333,0.333,0.334] | v1:G0[0.334,0.333,0.333] | v2:G0[0.334,0.333,0.332] | v3:G2[0.333,0.333,0.334] | v4:G2[0.332,0.333,0.334]
[TopoTrace Step 0] v0:G2[0.333,0.333,0.334] | v1:G0[0.334,0.333,0.333] | v2:G0[0.334,0.333,0.332] | v3:G2[0.333,0.333,0.334] | v4:G2[0.332,0.333,0.334]
[TopoTrace Step 0] v0:G2[0.333,0.333,0.334] | v1:G0[0.334,0.333,0.333] | v2:G0[0.334,0.333,0.332] | v3:G2[0.333,0.333,0.334] | v4:G2[0.332,0.333,0.334]
[TopoTrace Step 0] v0:G2[0.333,0.333,0.334] | v1:G0[0.334,0.333,0.333] | v2:G0[0.334,0.333,0.332] | v3:G2[0.333,0.333,0.334] | v4:G2[0.332,0.333,0.334]
[TopoTrace Step 0] v0:G2[0.333,0.333,0.334] | v1:G0[0.334,0.333,0.333] | v2:G0[0.334,0.333,0.332] | v3:G2[0.333,0.333,0.334] | v4:G2[0.332,0.333,0.334]
[TopoTrace Step 0] v0:G2[0.333,0.333,0.334] | v1:G0[0.334,0.333,0.333] | v2:G0[0.334,0.333,0.332] | v3:G2[0.333,0.333,0.334] | v4:G2[0.332,0.333,0.334]
[TopoTrace Step 0] v0:G2[0.333,0.333,0.334] | v1:G0[0.334,0.333,0.333] | v2:G0[0.334,0.333,0.332] | v3:G2[0.333,0.333,0.334] | v4:G2[0.332,0.333,0.334]
[TopoTrace Step 0] v0:G2[0.333,0.333,0.334] | v1:G0[0.334,0.333,0.333] | v2:G0[0.334,0.333,0.332] | v3:G2[0.333,0.333,0.334] | v4:G2[0.332,0.333,0.334]
[TopoTrace Step 0] v0:G2[0.333,0.333,0.334] | v1:G0[0.334,0.333,0.333] | v2:G0[0.334,0.333,0.332] | v3:G2[0.333,0.333,0.334] | v4:G2[0.332,0.333,0.334]
[TopoTrace Step 0] v0:G2[0.333,0.333,0.334] | v1:G0[0.334,0.333,0.333] | v2:G0[0.334,0.333,0.332] | v3:G2[0.333,0.333,0.334] | v4:G2[0.332,0.333,0.334][TopoTrace Step 0] v0:G2[0.333,0.333,0.334] | v1:G0[0.334,0.333,0.333] | v2:G0[0.334,0.333,0.332] | v3:G2[0.333,0.333,0.334] | v4:G2[0.332,0.333,0.334]

[TopoTrace Step 0] v0:G2[0.333,0.333,0.334] | v1:G0[0.334,0.333,0.333] | v2:G0[0.334,0.333,0.332] | v3:G2[0.333,0.333,0.334] | v4:G2[0.332,0.333,0.334]
[TopoTrace Step 0] v0:G2[0.333,0.333,0.334] | v1:G0[0.334,0.333,0.333] | v2:G0[0.334,0.333,0.332] | v3:G2[0.333,0.333,0.334] | v4:G2[0.332,0.333,0.334]
[TopoTrace Step 0] v0:G2[0.333,0.333,0.334] | v1:G0[0.334,0.333,0.333] | v2:G0[0.334,0.333,0.332] | v3:G2[0.333,0.333,0.334] | v4:G2[0.332,0.333,0.334]
[TopoTrace Step 0] v0:G2[0.333,0.333,0.334] | v1:G0[0.334,0.333,0.333] | v2:G0[0.334,0.333,0.332] | v3:G2[0.333,0.333,0.334] | v4:G2[0.332,0.333,0.334]
[TopoTrace Step 0] v0:G2[0.333,0.333,0.334] | v1:G0[0.334,0.333,0.333] | v2:G0[0.334,0.333,0.332] | v3:G2[0.333,0.333,0.334] | v4:G2[0.332,0.333,0.334]
[TopoTrace Step 0] v0:G2[0.333,0.333,0.334] | v1:G0[0.334,0.333,0.333] | v2:G0[0.334,0.333,0.332] | v3:G2[0.333,0.333,0.334] | v4:G2[0.332,0.333,0.334]
[TopoTrace Step 0] v0:G2[0.333,0.333,0.334] | v1:G0[0.334,0.333,0.333] | v2:G0[0.334,0.333,0.332] | v3:G2[0.333,0.333,0.334] | v4:G2[0.332,0.333,0.334]
[TopoTrace Step 0] v0:G2[0.333,0.333,0.334] | v1:G0[0.334,0.333,0.333] | v2:G0[0.334,0.333,0.332] | v3:G2[0.333,0.333,0.334] | v4:G2[0.332,0.333,0.334]
[TopoTrace Step 0] v0:G2[0.333,0.333,0.334] | v1:G0[0.334,0.333,0.333] | v2:G0[0.334,0.333,0.332] | v3:G2[0.333,0.333,0.334] | v4:G2[0.332,0.333,0.334]
[TopoTrace Step 0] v0:G2[0.333,0.333,0.334] | v1:G0[0.334,0.333,0.333] | v2:G0[0.334,0.333,0.332] | v3:G2[0.333,0.333,0.334] | v4:G2[0.332,0.333,0.334]
[TopoTrace Step 0] v0:G2[0.333,0.333,0.334] | v1:G0[0.334,0.333,0.333] | v2:G0[0.334,0.333,0.332] | v3:G2[0.333,0.333,0.334] | v4:G2[0.332,0.333,0.334]
[TopoTrace Step 0] v0:G2[0.333,0.333,0.334] | v1:G0[0.334,0.333,0.333] | v2:G0[0.334,0.333,0.332] | v3:G2[0.333,0.333,0.334] | v4:G2[0.332,0.333,0.334]
[TopoTrace Step 0] v0:G2[0.333,0.333,0.334] | v1:G0[0.334,0.333,0.333] | v2:G0[0.334,0.333,0.332] | v3:G2[0.333,0.333,0.334] | v4:G2[0.332,0.333,0.334]
[TopoTrace Step 0] v0:G2[0.333,0.333,0.334] | v1:G0[0.334,0.333,0.333] | v2:G0[0.334,0.333,0.332] | v3:G2[0.333,0.333,0.334] | v4:G2[0.332,0.333,0.334]
[TopoTrace Step 0] v0:G2[0.333,0.333,0.334] | v1:G0[0.334,0.333,0.333] | v2:G0[0.334,0.333,0.332] | v3:G2[0.333,0.333,0.334] | v4:G2[0.332,0.333,0.334][TopoTrace Step 0] v0:G2[0.333,0.333,0.334] | v1:G0[0.334,0.333,0.333] | v2:G0[0.334,0.333,0.332] | v3:G2[0.333,0.333,0.334] | v4:G2[0.332,0.333,0.334]

[TopoTrace Step 0] v0:G2[0.333,0.333,0.334] | v1:G0[0.334,0.333,0.333] | v2:G0[0.334,0.333,0.332] | v3:G2[0.333,0.333,0.334] | v4:G2[0.332,0.333,0.334]
[TopoTrace Step 0] v0:G2[0.333,0.333,0.334] | v1:G0[0.334,0.333,0.333] | v2:G0[0.334,0.333,0.332] | v3:G2[0.333,0.333,0.334] | v4:G2[0.332,0.333,0.334]
[TopoTrace Step 0] v0:G2[0.333,0.333,0.334] | v1:G0[0.334,0.333,0.333] | v2:G0[0.334,0.333,0.332] | v3:G2[0.333,0.333,0.334] | v4:G2[0.332,0.333,0.334]
[TopoTrace Step 0] v0:G2[0.333,0.333,0.334] | v1:G0[0.334,0.333,0.333] | v2:G0[0.334,0.333,0.332] | v3:G2[0.333,0.333,0.334] | v4:G2[0.332,0.333,0.334]
[TopoTrace Step 0] v0:G2[0.333,0.333,0.334] | v1:G0[0.334,0.333,0.333] | v2:G0[0.334,0.333,0.332] | v3:G2[0.333,0.333,0.334] | v4:G2[0.332,0.333,0.334]
[TopoTrace Step 0] v0:G2[0.333,0.333,0.334] | v1:G0[0.334,0.333,0.333] | v2:G0[0.334,0.333,0.332] | v3:G2[0.333,0.333,0.334] | v4:G2[0.332,0.333,0.334]
[TopoTrace Step 0] v0:G2[0.333,0.333,0.334] | v1:G0[0.334,0.333,0.333] | v2:G0[0.334,0.333,0.332] | v3:G2[0.333,0.333,0.334] | v4:G2[0.332,0.333,0.334]
[TopoTrace Step 0] v0:G2[0.333,0.333,0.334] | v1:G0[0.334,0.333,0.333] | v2:G0[0.334,0.333,0.332] | v3:G2[0.333,0.333,0.334] | v4:G2[0.332,0.333,0.334]
[TopoTrace Step 0] v0:G2[0.333,0.333,0.334] | v1:G0[0.334,0.333,0.333] | v2:G0[0.334,0.333,0.332] | v3:G2[0.333,0.333,0.334] | v4:G2[0.332,0.333,0.334]
[TopoTrace Step 0] v0:G2[0.333,0.333,0.334] | v1:G0[0.334,0.333,0.333] | v2:G0[0.334,0.333,0.332] | v3:G2[0.333,0.333,0.334] | v4:G2[0.332,0.333,0.334]
[TopoTrace Step 0] v0:G2[0.333,0.333,0.334] | v1:G0[0.334,0.333,0.333] | v2:G0[0.334,0.333,0.332] | v3:G2[0.333,0.333,0.334] | v4:G2[0.332,0.333,0.334][TopoTrace Step 0] v0:G2[0.333,0.333,0.334] | v1:G0[0.334,0.333,0.333] | v2:G0[0.334,0.333,0.332] | v3:G2[0.333,0.333,0.334] | v4:G2[0.332,0.333,0.334]

[TopoTrace Step 0] v0:G2[0.333,0.333,0.334] | v1:G0[0.334,0.333,0.333] | v2:G0[0.334,0.333,0.332] | v3:G2[0.333,0.333,0.334] | v4:G2[0.332,0.333,0.334]
[TopoTrace Step 0] v0:G2[0.333,0.333,0.334] | v1:G0[0.334,0.333,0.333] | v2:G0[0.334,0.333,0.332] | v3:G2[0.333,0.333,0.334] | v4:G2[0.332,0.333,0.334]
[TopoTrace Step 0] v0:G2[0.333,0.333,0.334] | v1:G0[0.334,0.333,0.333] | v2:G0[0.334,0.333,0.332] | v3:G2[0.333,0.333,0.334] | v4:G2[0.332,0.333,0.334]
[TopoTrace Step 0] v0:G2[0.333,0.333,0.334] | v1:G0[0.334,0.333,0.333] | v2:G0[0.334,0.333,0.332] | v3:G2[0.333,0.333,0.334] | v4:G2[0.332,0.333,0.334]
[TopoTrace Step 0] v0:G2[0.333,0.333,0.334] | v1:G0[0.334,0.333,0.333] | v2:G0[0.334,0.333,0.332] | v3:G2[0.333,0.333,0.334] | v4:G2[0.332,0.333,0.334]
[TopoTrace Step 0] v0:G2[0.333,0.333,0.334] | v1:G0[0.334,0.333,0.333] | v2:G0[0.334,0.333,0.332] | v3:G2[0.333,0.333,0.334] | v4:G2[0.332,0.333,0.334]
[TopoTrace Step 0] v0:G2[0.333,0.333,0.334] | v1:G0[0.334,0.333,0.333] | v2:G0[0.334,0.333,0.332] | v3:G2[0.333,0.333,0.334] | v4:G2[0.332,0.333,0.334][TopoTrace Step 0] v0:G2[0.333,0.333,0.334] | v1:G0[0.334,0.333,0.333] | v2:G0[0.334,0.333,0.332] | v3:G2[0.333,0.333,0.334] | v4:G2[0.332,0.333,0.334]

[TopoTrace Step 0] v0:G2[0.333,0.333,0.334] | v1:G0[0.334,0.333,0.333] | v2:G0[0.334,0.333,0.332] | v3:G2[0.333,0.333,0.334] | v4:G2[0.332,0.333,0.334]
[TopoTrace Step 0] v0:G2[0.333,0.333,0.334] | v1:G0[0.334,0.333,0.333] | v2:G0[0.334,0.333,0.332] | v3:G2[0.333,0.333,0.334] | v4:G2[0.332,0.333,0.334]
[TopoTrace Step 0] v0:G2[0.333,0.333,0.334] | v1:G0[0.334,0.333,0.333] | v2:G0[0.334,0.333,0.332] | v3:G2[0.333,0.333,0.334] | v4:G2[0.332,0.333,0.334]
[TopoTrace Step 0] v0:G2[0.333,0.333,0.334] | v1:G0[0.334,0.333,0.333] | v2:G0[0.334,0.333,0.332] | v3:G2[0.333,0.333,0.334] | v4:G2[0.332,0.333,0.334]
[TopoTrace Step 0] v0:G2[0.333,0.333,0.334] | v1:G0[0.334,0.333,0.333] | v2:G0[0.334,0.333,0.332] | v3:G2[0.333,0.333,0.334] | v4:G2[0.332,0.333,0.334]
[TopoTrace Step 0] v0:G2[0.333,0.333,0.334] | v1:G0[0.334,0.333,0.333] | v2:G0[0.334,0.333,0.332] | v3:G2[0.333,0.333,0.334] | v4:G2[0.332,0.333,0.334]
[TopoTrace Step 0] v0:G2[0.333,0.333,0.334] | v1:G0[0.334,0.333,0.333] | v2:G0[0.334,0.333,0.332] | v3:G2[0.333,0.333,0.334] | v4:G2[0.332,0.333,0.334]
[TopoTrace Step 0] v0:G2[0.333,0.333,0.334] | v1:G0[0.334,0.333,0.333] | v2:G0[0.334,0.333,0.332] | v3:G2[0.333,0.333,0.334] | v4:G2[0.332,0.333,0.334]
[TopoTrace Step 0] v0:G2[0.333,0.333,0.334] | v1:G0[0.334,0.333,0.333] | v2:G0[0.334,0.333,0.332] | v3:G2[0.333,0.333,0.334] | v4:G2[0.332,0.333,0.334]
[TopoTrace Step 0] v0:G2[0.333,0.333,0.334] | v1:G0[0.334,0.333,0.333] | v2:G0[0.334,0.333,0.332] | v3:G2[0.333,0.333,0.334] | v4:G2[0.332,0.333,0.334]
[TopoTrace Step 0] v0:G2[0.333,0.333,0.334] | v1:G0[0.334,0.333,0.333] | v2:G0[0.334,0.333,0.332] | v3:G2[0.333,0.333,0.334] | v4:G2[0.332,0.333,0.334][TopoTrace Step 0] v0:G2[0.333,0.333,0.334] | v1:G0[0.334,0.333,0.333] | v2:G0[0.334,0.333,0.332] | v3:G2[0.333,0.333,0.334] | v4:G2[0.332,0.333,0.334]

[TopoTrace Step 0] v0:G2[0.333,0.333,0.334] | v1:G0[0.334,0.333,0.333] | v2:G0[0.334,0.333,0.332] | v3:G2[0.333,0.333,0.334] | v4:G2[0.332,0.333,0.334]
[TopoTrace Step 0] v0:G2[0.333,0.333,0.334] | v1:G0[0.334,0.333,0.333] | v2:G0[0.334,0.333,0.332] | v3:G2[0.333,0.333,0.334] | v4:G2[0.332,0.333,0.334]
[TopoTrace Step 0] v0:G2[0.333,0.333,0.334] | v1:G0[0.334,0.333,0.333] | v2:G0[0.334,0.333,0.332] | v3:G2[0.333,0.333,0.334] | v4:G2[0.332,0.333,0.334][TopoTrace Step 0] v0:G2[0.333,0.333,0.334] | v1:G0[0.334,0.333,0.333] | v2:G0[0.334,0.333,0.332] | v3:G2[0.333,0.333,0.334] | v4:G2[0.332,0.333,0.334]

[TopoTrace Step 0] v0:G2[0.333,0.333,0.334] | v1:G0[0.334,0.333,0.333] | v2:G0[0.334,0.333,0.332] | v3:G2[0.333,0.333,0.334] | v4:G2[0.332,0.333,0.334]
[TopoTrace Step 0] v0:G2[0.333,0.333,0.334] | v1:G0[0.334,0.333,0.333] | v2:G0[0.334,0.333,0.332] | v3:G2[0.333,0.333,0.334] | v4:G2[0.332,0.333,0.334]
[TopoTrace Step 0] v0:G2[0.333,0.333,0.334] | v1:G0[0.334,0.333,0.333] | v2:G0[0.334,0.333,0.332] | v3:G2[0.333,0.333,0.334] | v4:G2[0.332,0.333,0.334]
[TopoTrace Step 0] v0:G2[0.333,0.333,0.334] | v1:G0[0.334,0.333,0.333] | v2:G0[0.334,0.333,0.332] | v3:G2[0.333,0.333,0.334] | v4:G2[0.332,0.333,0.334]
[TopoTrace Step 0] v0:G2[0.333,0.333,0.334] | v1:G0[0.334,0.333,0.333] | v2:G0[0.334,0.333,0.332] | v3:G2[0.333,0.333,0.334] | v4:G2[0.332,0.333,0.334]
[TopoTrace Step 0] v0:G2[0.333,0.333,0.334] | v1:G0[0.334,0.333,0.333] | v2:G0[0.334,0.333,0.332] | v3:G2[0.333,0.333,0.334] | v4:G2[0.332,0.333,0.334]
[TopoTrace Step 0] v0:G2[0.333,0.333,0.334] | v1:G0[0.334,0.333,0.333] | v2:G0[0.334,0.333,0.332] | v3:G2[0.333,0.333,0.334] | v4:G2[0.332,0.333,0.334]
[TopoTrace Step 0] v0:G2[0.333,0.333,0.334] | v1:G0[0.334,0.333,0.333] | v2:G0[0.334,0.333,0.332] | v3:G2[0.333,0.333,0.334] | v4:G2[0.332,0.333,0.334]
[TopoTrace Step 0] v0:G2[0.333,0.333,0.334] | v1:G0[0.334,0.333,0.333] | v2:G0[0.334,0.333,0.332] | v3:G2[0.333,0.333,0.334] | v4:G2[0.332,0.333,0.334]
[TopoTrace Step 0] v0:G2[0.333,0.333,0.334] | v1:G0[0.334,0.333,0.333] | v2:G0[0.334,0.333,0.332] | v3:G2[0.333,0.333,0.334] | v4:G2[0.332,0.333,0.334]
[TopoTrace Step 0] v0:G2[0.333,0.333,0.334] | v1:G0[0.334,0.333,0.333] | v2:G0[0.334,0.333,0.332] | v3:G2[0.333,0.333,0.334] | v4:G2[0.332,0.333,0.334][TopoTrace Step 0] v0:G2[0.333,0.333,0.334] | v1:G0[0.334,0.333,0.333] | v2:G0[0.334,0.333,0.332] | v3:G2[0.333,0.333,0.334] | v4:G2[0.332,0.333,0.334]

[TopoTrace Step 0] v0:G2[0.333,0.333,0.334] | v1:G0[0.334,0.333,0.333] | v2:G0[0.334,0.333,0.332] | v3:G2[0.333,0.333,0.334] | v4:G2[0.332,0.333,0.334]
[TopoTrace Step 0] v0:G2[0.333,0.333,0.334] | v1:G0[0.334,0.333,0.333] | v2:G0[0.334,0.333,0.332] | v3:G2[0.333,0.333,0.334] | v4:G2[0.332,0.333,0.334]
[TopoTrace Step 0] v0:G2[0.333,0.333,0.334] | v1:G0[0.334,0.333,0.333] | v2:G0[0.334,0.333,0.332] | v3:G2[0.333,0.333,0.334] | v4:G2[0.332,0.333,0.334]
[TopoTrace Step 0] v0:G2[0.333,0.333,0.334] | v1:G0[0.334,0.333,0.333] | v2:G0[0.334,0.333,0.332] | v3:G2[0.333,0.333,0.334] | v4:G2[0.332,0.333,0.334]
[TopoTrace Step 0] v0:G2[0.333,0.333,0.334] | v1:G0[0.334,0.333,0.333] | v2:G0[0.334,0.333,0.332] | v3:G2[0.333,0.333,0.334] | v4:G2[0.332,0.333,0.334]
[TopoTrace Step 0] v0:G2[0.333,0.333,0.334] | v1:G0[0.334,0.333,0.333] | v2:G0[0.334,0.333,0.332] | v3:G2[0.333,0.333,0.334] | v4:G2[0.332,0.333,0.334]
[TopoTrace Step 0] v0:G2[0.333,0.333,0.334] | v1:G0[0.334,0.333,0.333] | v2:G0[0.334,0.333,0.332] | v3:G2[0.333,0.333,0.334] | v4:G2[0.332,0.333,0.334]
[TopoTrace Step 0] v0:G2[0.333,0.333,0.334] | v1:G0[0.334,0.333,0.333] | v2:G0[0.334,0.333,0.332] | v3:G2[0.333,0.333,0.334] | v4:G2[0.332,0.333,0.334]
[TopoTrace Step 0] v0:G2[0.333,0.333,0.334] | v1:G0[0.334,0.333,0.333] | v2:G0[0.334,0.333,0.332] | v3:G2[0.333,0.333,0.334] | v4:G2[0.332,0.333,0.334]
[TopoTrace Step 0] v0:G2[0.333,0.333,0.334] | v1:G0[0.334,0.333,0.333] | v2:G0[0.334,0.333,0.332] | v3:G2[0.333,0.333,0.334] | v4:G2[0.332,0.333,0.334]
[TopoTrace Step 0] v0:G2[0.333,0.333,0.334] | v1:G0[0.334,0.333,0.333] | v2:G0[0.334,0.333,0.332] | v3:G2[0.333,0.333,0.334] | v4:G2[0.332,0.333,0.334][TopoTrace Step 0] v0:G2[0.333,0.333,0.334] | v1:G0[0.334,0.333,0.333] | v2:G0[0.334,0.333,0.332] | v3:G2[0.333,0.333,0.334] | v4:G2[0.332,0.333,0.334]

[TopoTrace Step 0] v0:G2[0.333,0.333,0.334] | v1:G0[0.334,0.333,0.333] | v2:G0[0.334,0.333,0.332] | v3:G2[0.333,0.333,0.334] | v4:G2[0.332,0.333,0.334]
[TopoTrace Step 0] v0:G2[0.333,0.333,0.334] | v1:G0[0.334,0.333,0.333] | v2:G0[0.334,0.333,0.332] | v3:G2[0.333,0.333,0.334] | v4:G2[0.332,0.333,0.334]
[TopoTrace Step 0] v0:G2[0.333,0.333,0.334] | v1:G0[0.334,0.333,0.333] | v2:G0[0.334,0.333,0.332] | v3:G2[0.333,0.333,0.334] | v4:G2[0.332,0.333,0.334]
[TopoTrace Step 0] v0:G2[0.333,0.333,0.334] | v1:G0[0.334,0.333,0.333] | v2:G0[0.334,0.333,0.332] | v3:G2[0.333,0.333,0.334] | v4:G2[0.332,0.333,0.334]
[TopoTrace Step 0] v0:G2[0.333,0.333,0.334] | v1:G0[0.334,0.333,0.333] | v2:G0[0.334,0.333,0.332] | v3:G2[0.333,0.333,0.334] | v4:G2[0.332,0.333,0.334]
[TopoTrace Step 0] v0:G2[0.333,0.333,0.334] | v1:G0[0.334,0.333,0.333] | v2:G0[0.334,0.333,0.332] | v3:G2[0.333,0.333,0.334] | v4:G2[0.332,0.333,0.334]
[TopoTrace Step 0] v0:G2[0.333,0.333,0.334] | v1:G0[0.334,0.333,0.333] | v2:G0[0.334,0.333,0.332] | v3:G2[0.333,0.333,0.334] | v4:G2[0.332,0.333,0.334][TopoTrace Step 0] v0:G2[0.333,0.333,0.334] | v1:G0[0.334,0.333,0.333] | v2:G0[0.334,0.333,0.332] | v3:G2[0.333,0.333,0.334] | v4:G2[0.332,0.333,0.334]

[TopoTrace Step 0] v0:G2[0.333,0.333,0.334] | v1:G0[0.334,0.333,0.333] | v2:G0[0.334,0.333,0.332] | v3:G2[0.333,0.333,0.334] | v4:G2[0.332,0.333,0.334]
[TopoTrace Step 0] v0:G2[0.333,0.333,0.334] | v1:G0[0.334,0.333,0.333] | v2:G0[0.334,0.333,0.332] | v3:G2[0.333,0.333,0.334] | v4:G2[0.332,0.333,0.334]
[TopoTrace Step 0] v0:G2[0.333,0.333,0.334] | v1:G0[0.334,0.333,0.333] | v2:G0[0.334,0.333,0.332] | v3:G2[0.333,0.333,0.334] | v4:G2[0.332,0.333,0.334][TopoTrace Step 0] v0:G2[0.333,0.333,0.334] | v1:G0[0.334,0.333,0.333] | v2:G0[0.334,0.333,0.332] | v3:G2[0.333,0.333,0.334] | v4:G2[0.332,0.333,0.334]

[TopoTrace Step 0] v0:G2[0.333,0.333,0.334] | v1:G0[0.334,0.333,0.333] | v2:G0[0.334,0.333,0.332] | v3:G2[0.333,0.333,0.334] | v4:G2[0.332,0.333,0.334]
[TopoTrace Step 0] v0:G2[0.333,0.333,0.334] | v1:G0[0.334,0.333,0.333] | v2:G0[0.334,0.333,0.332] | v3:G2[0.333,0.333,0.334] | v4:G2[0.332,0.333,0.334]
[TopoTrace Step 0] v0:G2[0.333,0.333,0.334] | v1:G0[0.334,0.333,0.333] | v2:G0[0.334,0.333,0.332] | v3:G2[0.333,0.333,0.334] | v4:G2[0.332,0.333,0.334]
[TopoTrace Step 0] v0:G2[0.333,0.333,0.334] | v1:G0[0.334,0.333,0.333] | v2:G0[0.334,0.333,0.332] | v3:G2[0.333,0.333,0.334] | v4:G2[0.332,0.333,0.334]
[TopoTrace Step 0] v0:G2[0.333,0.333,0.334] | v1:G0[0.334,0.333,0.333] | v2:G0[0.334,0.333,0.332] | v3:G2[0.333,0.333,0.334] | v4:G2[0.332,0.333,0.334]
[TopoTrace Step 0] v0:G2[0.333,0.333,0.334] | v1:G0[0.334,0.333,0.333] | v2:G0[0.334,0.333,0.332] | v3:G2[0.333,0.333,0.334] | v4:G2[0.332,0.333,0.334]
[TopoTrace Step 0] v0:G2[0.333,0.333,0.334] | v1:G0[0.334,0.333,0.333] | v2:G0[0.334,0.333,0.332] | v3:G2[0.333,0.333,0.334] | v4:G2[0.332,0.333,0.334][TopoTrace Step 0] v0:G2[0.333,0.333,0.334] | v1:G0[0.334,0.333,0.333] | v2:G0[0.334,0.333,0.332] | v3:G2[0.333,0.333,0.334] | v4:G2[0.332,0.333,0.334]

[TopoTrace Step 0] v0:G2[0.333,0.333,0.334] | v1:G0[0.334,0.333,0.333] | v2:G0[0.334,0.333,0.332] | v3:G2[0.333,0.333,0.334] | v4:G2[0.332,0.333,0.334]
[TopoTrace Step 0] v0:G2[0.333,0.333,0.334] | v1:G0[0.334,0.333,0.333] | v2:G0[0.334,0.333,0.332] | v3:G2[0.333,0.333,0.334] | v4:G2[0.332,0.333,0.334]
[TopoTrace Step 0] v0:G2[0.333,0.333,0.334] | v1:G0[0.334,0.333,0.333] | v2:G0[0.334,0.333,0.332] | v3:G2[0.333,0.333,0.334] | v4:G2[0.332,0.333,0.334][TopoTrace Step 0] v0:G2[0.333,0.333,0.334] | v1:G0[0.334,0.333,0.333] | v2:G0[0.334,0.333,0.332] | v3:G2[0.333,0.333,0.334] | v4:G2[0.332,0.333,0.334]

[TopoTrace Step 0] v0:G2[0.333,0.333,0.334] | v1:G0[0.334,0.333,0.333] | v2:G0[0.334,0.333,0.332] | v3:G2[0.333,0.333,0.334] | v4:G2[0.332,0.333,0.334]
[TopoTrace Step 0] v0:G2[0.333,0.333,0.334] | v1:G0[0.334,0.333,0.333] | v2:G0[0.334,0.333,0.332] | v3:G2[0.333,0.333,0.334] | v4:G2[0.332,0.333,0.334]
[TopoTrace Step 0] v0:G2[0.333,0.333,0.334] | v1:G0[0.334,0.333,0.333] | v2:G0[0.334,0.333,0.332] | v3:G2[0.333,0.333,0.334] | v4:G2[0.332,0.333,0.334]
[TopoTrace Step 0] v0:G2[0.333,0.333,0.334] | v1:G0[0.334,0.333,0.333] | v2:G0[0.334,0.333,0.332] | v3:G2[0.333,0.333,0.334] | v4:G2[0.332,0.333,0.334]
[TopoTrace Step 0] v0:G2[0.333,0.333,0.334] | v1:G0[0.334,0.333,0.333] | v2:G0[0.334,0.333,0.332] | v3:G2[0.333,0.333,0.334] | v4:G2[0.332,0.333,0.334]
[TopoTrace Step 0] v0:G2[0.333,0.333,0.334] | v1:G0[0.334,0.333,0.333] | v2:G0[0.334,0.333,0.332] | v3:G2[0.333,0.333,0.334] | v4:G2[0.332,0.333,0.334]
[TopoTrace Step 0] v0:G2[0.333,0.333,0.334] | v1:G0[0.334,0.333,0.333] | v2:G0[0.334,0.333,0.332] | v3:G2[0.333,0.333,0.334] | v4:G2[0.332,0.333,0.334][TopoTrace Step 0] v0:G2[0.333,0.333,0.334] | v1:G0[0.334,0.333,0.333] | v2:G0[0.334,0.333,0.332] | v3:G2[0.333,0.333,0.334] | v4:G2[0.332,0.333,0.334]

[TopoTrace Step 0] v0:G2[0.333,0.333,0.334] | v1:G0[0.334,0.333,0.333] | v2:G0[0.334,0.333,0.332] | v3:G2[0.333,0.333,0.334] | v4:G2[0.332,0.333,0.334]
[TopoTrace Step 0] v0:G2[0.333,0.333,0.334] | v1:G0[0.334,0.333,0.333] | v2:G0[0.334,0.333,0.332] | v3:G2[0.333,0.333,0.334] | v4:G2[0.332,0.333,0.334]
[TopoTrace Step 0] v0:G2[0.333,0.333,0.334] | v1:G0[0.334,0.333,0.333] | v2:G0[0.334,0.333,0.332] | v3:G2[0.333,0.333,0.334] | v4:G2[0.332,0.333,0.334]
[TopoTrace Step 0] v0:G2[0.333,0.333,0.334] | v1:G0[0.334,0.333,0.333] | v2:G0[0.334,0.333,0.332] | v3:G2[0.333,0.333,0.334] | v4:G2[0.332,0.333,0.334]
[TopoTrace Step 0] v0:G2[0.333,0.333,0.334] | v1:G0[0.334,0.333,0.333] | v2:G0[0.334,0.333,0.332] | v3:G2[0.333,0.333,0.334] | v4:G2[0.332,0.333,0.334]
[TopoTrace Step 0] v0:G2[0.333,0.333,0.334] | v1:G0[0.334,0.333,0.333] | v2:G0[0.334,0.333,0.332] | v3:G2[0.333,0.333,0.334] | v4:G2[0.332,0.333,0.334]
[TopoTrace Step 0] v0:G2[0.333,0.333,0.334] | v1:G0[0.334,0.333,0.333] | v2:G0[0.334,0.333,0.332] | v3:G2[0.333,0.333,0.334] | v4:G2[0.332,0.333,0.334][TopoTrace Step 0] v0:G2[0.333,0.333,0.334] | v1:G0[0.334,0.333,0.333] | v2:G0[0.334,0.333,0.332] | v3:G2[0.333,0.333,0.334] | v4:G2[0.332,0.333,0.334]

[TopoTrace Step 0] v0:G2[0.333,0.333,0.334] | v1:G0[0.334,0.333,0.333] | v2:G0[0.334,0.333,0.332] | v3:G2[0.333,0.333,0.334] | v4:G2[0.332,0.333,0.334]
[TopoTrace Step 0] v0:G2[0.333,0.333,0.334] | v1:G0[0.334,0.333,0.333] | v2:G0[0.334,0.333,0.332] | v3:G2[0.333,0.333,0.334] | v4:G2[0.332,0.333,0.334]
[TopoTrace Step 0] v0:G2[0.333,0.333,0.334] | v1:G0[0.334,0.333,0.333] | v2:G0[0.334,0.333,0.332] | v3:G2[0.333,0.333,0.334] | v4:G2[0.332,0.333,0.334][TopoTrace Step 0] v0:G2[0.333,0.333,0.334] | v1:G0[0.334,0.333,0.333] | v2:G0[0.334,0.333,0.332] | v3:G2[0.333,0.333,0.334] | v4:G2[0.332,0.333,0.334]

[TopoTrace Step 0] v0:G2[0.333,0.333,0.334] | v1:G0[0.334,0.333,0.333] | v2:G0[0.334,0.333,0.332] | v3:G2[0.333,0.333,0.334] | v4:G2[0.332,0.333,0.334]
[TopoTrace Step 0] v0:G2[0.333,0.333,0.334] | v1:G0[0.334,0.333,0.333] | v2:G0[0.334,0.333,0.332] | v3:G2[0.333,0.333,0.334] | v4:G2[0.332,0.333,0.334]
[TopoTrace Step 0] v0:G2[0.333,0.333,0.334] | v1:G0[0.334,0.333,0.333] | v2:G0[0.334,0.333,0.332] | v3:G2[0.333,0.333,0.334] | v4:G2[0.332,0.333,0.334][TopoTrace Step 0] v0:G2[0.333,0.333,0.334] | v1:G0[0.334,0.333,0.333] | v2:G0[0.334,0.333,0.332] | v3:G2[0.333,0.333,0.334] | v4:G2[0.332,0.333,0.334]

[TopoTrace Step 0] v0:G2[0.333,0.333,0.334] | v1:G0[0.334,0.333,0.333] | v2:G0[0.334,0.333,0.332] | v3:G2[0.333,0.333,0.334] | v4:G2[0.332,0.333,0.334]
[TopoTrace Step 0] v0:G2[0.333,0.333,0.334] | v1:G0[0.334,0.333,0.333] | v2:G0[0.334,0.333,0.332] | v3:G2[0.333,0.333,0.334] | v4:G2[0.332,0.333,0.334]
[TopoTrace Step 0] v0:G2[0.333,0.333,0.334] | v1:G0[0.334,0.333,0.333] | v2:G0[0.334,0.333,0.332] | v3:G2[0.333,0.333,0.334] | v4:G2[0.332,0.333,0.334][TopoTrace Step 0] v0:G2[0.333,0.333,0.334] | v1:G0[0.334,0.333,0.333] | v2:G0[0.334,0.333,0.332] | v3:G2[0.333,0.333,0.334] | v4:G2[0.332,0.333,0.334]

[TopoTrace Step 0] v0:G2[0.333,0.333,0.334] | v1:G0[0.334,0.333,0.333] | v2:G0[0.334,0.333,0.332] | v3:G2[0.333,0.333,0.334] | v4:G2[0.332,0.333,0.334]
[TopoTrace Step 0] v0:G2[0.333,0.333,0.334] | v1:G0[0.334,0.333,0.333] | v2:G0[0.334,0.333,0.332] | v3:G2[0.333,0.333,0.334] | v4:G2[0.332,0.333,0.334]
[TopoTrace Step 0] v0:G2[0.333,0.333,0.334] | v1:G0[0.334,0.333,0.333] | v2:G0[0.334,0.333,0.332] | v3:G2[0.333,0.333,0.334] | v4:G2[0.332,0.333,0.334]
[TopoTrace Step 0] v0:G2[0.333,0.333,0.334] | v1:G0[0.334,0.333,0.333] | v2:G0[0.334,0.333,0.332] | v3:G2[0.333,0.333,0.334] | v4:G2[0.332,0.333,0.334]
[TopoTrace Step 0] v0:G2[0.333,0.333,0.334] | v1:G0[0.334,0.333,0.333] | v2:G0[0.334,0.333,0.332] | v3:G2[0.333,0.333,0.334] | v4:G2[0.332,0.333,0.334]
[TopoTrace Step 0] v0:G2[0.333,0.333,0.334] | v1:G0[0.334,0.333,0.333] | v2:G0[0.334,0.333,0.332] | v3:G2[0.333,0.333,0.334] | v4:G2[0.332,0.333,0.334]
[TopoTrace Step 0] v0:G2[0.333,0.333,0.334] | v1:G0[0.334,0.333,0.333] | v2:G0[0.334,0.333,0.332] | v3:G2[0.333,0.333,0.334] | v4:G2[0.332,0.333,0.334][TopoTrace Step 0] v0:G2[0.333,0.333,0.334] | v1:G0[0.334,0.333,0.333] | v2:G0[0.334,0.333,0.332] | v3:G2[0.333,0.333,0.334] | v4:G2[0.332,0.333,0.334]

[TopoTrace Step 0] v0:G2[0.333,0.333,0.334] | v1:G0[0.334,0.333,0.333] | v2:G0[0.334,0.333,0.332] | v3:G2[0.333,0.333,0.334] | v4:G2[0.332,0.333,0.334]
[TopoTrace Step 0] v0:G2[0.333,0.333,0.334] | v1:G0[0.334,0.333,0.333] | v2:G0[0.334,0.333,0.332] | v3:G2[0.333,0.333,0.334] | v4:G2[0.332,0.333,0.334]
[TopoTrace Step 0] v0:G2[0.333,0.333,0.334] | v1:G0[0.334,0.333,0.333] | v2:G0[0.334,0.333,0.332] | v3:G2[0.333,0.333,0.334] | v4:G2[0.332,0.333,0.334][TopoTrace Step 0] v0:G2[0.333,0.333,0.334] | v1:G0[0.334,0.333,0.333] | v2:G0[0.334,0.333,0.332] | v3:G2[0.333,0.333,0.334] | v4:G2[0.332,0.333,0.334]

[TopoTrace Step 0] v0:G2[0.333,0.333,0.334] | v1:G0[0.334,0.333,0.333] | v2:G0[0.334,0.333,0.332] | v3:G2[0.333,0.333,0.334] | v4:G2[0.332,0.333,0.334]
[TopoTrace Step 0] v0:G2[0.333,0.333,0.334] | v1:G0[0.334,0.333,0.333] | v2:G0[0.334,0.333,0.332] | v3:G2[0.333,0.333,0.334] | v4:G2[0.332,0.333,0.334]
[TopoTrace Step 0] v0:G2[0.333,0.333,0.334] | v1:G0[0.334,0.333,0.333] | v2:G0[0.334,0.333,0.332] | v3:G2[0.333,0.333,0.334] | v4:G2[0.332,0.333,0.334]
[TopoTrace Step 0] v0:G2[0.333,0.333,0.334] | v1:G0[0.334,0.333,0.333] | v2:G0[0.334,0.333,0.332] | v3:G2[0.333,0.333,0.334] | v4:G2[0.332,0.333,0.334]
[TopoTrace Step 0] v0:G2[0.333,0.333,0.334] | v1:G0[0.334,0.333,0.333] | v2:G0[0.334,0.333,0.332] | v3:G2[0.333,0.333,0.334] | v4:G2[0.332,0.333,0.334]
[TopoTrace Step 0] v0:G2[0.333,0.333,0.334] | v1:G0[0.334,0.333,0.333] | v2:G0[0.334,0.333,0.332] | v3:G2[0.333,0.333,0.334] | v4:G2[0.332,0.333,0.334]
[TopoTrace Step 0] v0:G2[0.333,0.333,0.334] | v1:G0[0.334,0.333,0.333] | v2:G0[0.334,0.333,0.332] | v3:G2[0.333,0.333,0.334] | v4:G2[0.332,0.333,0.334][TopoTrace Step 0] v0:G2[0.333,0.333,0.334] | v1:G0[0.334,0.333,0.333] | v2:G0[0.334,0.333,0.332] | v3:G2[0.333,0.333,0.334] | v4:G2[0.332,0.333,0.334]

[TopoTrace Step 0] v0:G2[0.333,0.333,0.334] | v1:G0[0.334,0.333,0.333] | v2:G0[0.334,0.333,0.332] | v3:G2[0.333,0.333,0.334] | v4:G2[0.332,0.333,0.334]
[TopoTrace Step 0] v0:G2[0.333,0.333,0.334] | v1:G0[0.334,0.333,0.333] | v2:G0[0.334,0.333,0.332] | v3:G2[0.333,0.333,0.334] | v4:G2[0.332,0.333,0.334]
[TopoTrace Step 0] v0:G2[0.333,0.333,0.334] | v1:G0[0.334,0.333,0.333] | v2:G0[0.334,0.333,0.332] | v3:G2[0.333,0.333,0.334] | v4:G2[0.332,0.333,0.334]
[TopoTrace Step 0] v0:G2[0.333,0.333,0.334] | v1:G0[0.334,0.333,0.333] | v2:G0[0.334,0.333,0.332] | v3:G2[0.333,0.333,0.334] | v4:G2[0.332,0.333,0.334]
[TopoTrace Step 0] v0:G2[0.333,0.333,0.334] | v1:G0[0.334,0.333,0.333] | v2:G0[0.334,0.333,0.332] | v3:G2[0.333,0.333,0.334] | v4:G2[0.332,0.333,0.334]
[TopoTrace Step 0] v0:G2[0.333,0.333,0.334] | v1:G0[0.334,0.333,0.333] | v2:G0[0.334,0.333,0.332] | v3:G2[0.333,0.333,0.334] | v4:G2[0.332,0.333,0.334]
[TopoTrace Step 0] v0:G2[0.333,0.333,0.334] | v1:G0[0.334,0.333,0.333] | v2:G0[0.334,0.333,0.332] | v3:G2[0.333,0.333,0.334] | v4:G2[0.332,0.333,0.334]
[TopoTrace Step 0] v0:G2[0.333,0.333,0.334] | v1:G0[0.334,0.333,0.333] | v2:G0[0.334,0.333,0.332] | v3:G2[0.333,0.333,0.334] | v4:G2[0.332,0.333,0.334]
[TopoTrace Step 0] v0:G2[0.333,0.333,0.334] | v1:G0[0.334,0.333,0.333] | v2:G0[0.334,0.333,0.332] | v3:G2[0.333,0.333,0.334] | v4:G2[0.332,0.333,0.334]
[TopoTrace Step 0] v0:G2[0.333,0.333,0.334] | v1:G0[0.334,0.333,0.333] | v2:G0[0.334,0.333,0.332] | v3:G2[0.333,0.333,0.334] | v4:G2[0.332,0.333,0.334]
[TopoTrace Step 0] v0:G2[0.333,0.333,0.334] | v1:G0[0.334,0.333,0.333] | v2:G0[0.334,0.333,0.332] | v3:G2[0.333,0.333,0.334] | v4:G2[0.332,0.333,0.334]
[TopoTrace Step 0] v0:G2[0.333,0.333,0.334] | v1:G0[0.334,0.333,0.333] | v2:G0[0.334,0.333,0.332] | v3:G2[0.333,0.333,0.334] | v4:G2[0.332,0.333,0.334]
[TopoTrace Step 0] v0:G2[0.333,0.333,0.334] | v1:G0[0.334,0.333,0.333] | v2:G0[0.334,0.333,0.332] | v3:G2[0.333,0.333,0.334] | v4:G2[0.332,0.333,0.334]
[TopoTrace Step 0] v0:G2[0.333,0.333,0.334] | v1:G0[0.334,0.333,0.333] | v2:G0[0.334,0.333,0.332] | v3:G2[0.333,0.333,0.334] | v4:G2[0.332,0.333,0.334]
[TopoTrace Step 0] v0:G2[0.333,0.333,0.334] | v1:G0[0.334,0.333,0.333] | v2:G0[0.334,0.333,0.332] | v3:G2[0.333,0.333,0.334] | v4:G2[0.332,0.333,0.334]
[TopoTrace Step 0] v0:G2[0.333,0.333,0.334] | v1:G0[0.334,0.333,0.333] | v2:G0[0.334,0.333,0.332] | v3:G2[0.333,0.333,0.334] | v4:G2[0.332,0.333,0.334]
[TopoTrace Step 0] v0:G2[0.333,0.333,0.334] | v1:G0[0.334,0.333,0.333] | v2:G0[0.334,0.333,0.332] | v3:G2[0.333,0.333,0.334] | v4:G2[0.332,0.333,0.334]
[TopoTrace Step 0] v0:G2[0.333,0.333,0.334] | v1:G0[0.334,0.333,0.333] | v2:G0[0.334,0.333,0.332] | v3:G2[0.333,0.333,0.334] | v4:G2[0.332,0.333,0.334]
[TopoTrace Step 0] v0:G2[0.333,0.333,0.334] | v1:G0[0.334,0.333,0.333] | v2:G0[0.334,0.333,0.332] | v3:G2[0.333,0.333,0.334] | v4:G2[0.332,0.333,0.334]
[TopoTrace Step 0] v0:G2[0.333,0.333,0.334] | v1:G0[0.334,0.333,0.333] | v2:G0[0.334,0.333,0.332] | v3:G2[0.333,0.333,0.334] | v4:G2[0.332,0.333,0.334]
[TopoTrace Step 0] v0:G2[0.333,0.333,0.334] | v1:G0[0.334,0.333,0.333] | v2:G0[0.334,0.333,0.332] | v3:G2[0.333,0.333,0.334] | v4:G2[0.332,0.333,0.334]
[TopoTrace Step 0] v0:G2[0.333,0.333,0.334] | v1:G0[0.334,0.333,0.333] | v2:G0[0.334,0.333,0.332] | v3:G2[0.333,0.333,0.334] | v4:G2[0.332,0.333,0.334]
[TopoTrace Step 0] v0:G2[0.333,0.333,0.334] | v1:G0[0.334,0.333,0.333] | v2:G0[0.334,0.333,0.332] | v3:G2[0.333,0.333,0.334] | v4:G2[0.332,0.333,0.334][TopoTrace Step 0] v0:G2[0.333,0.333,0.334] | v1:G0[0.334,0.333,0.333] | v2:G0[0.334,0.333,0.332] | v3:G2[0.333,0.333,0.334] | v4:G2[0.332,0.333,0.334]

[TopoTrace Step 0] v0:G2[0.333,0.333,0.334] | v1:G0[0.334,0.333,0.333] | v2:G0[0.334,0.333,0.332] | v3:G2[0.333,0.333,0.334] | v4:G2[0.332,0.333,0.334]
[TopoTrace Step 0] v0:G2[0.333,0.333,0.334] | v1:G0[0.334,0.333,0.333] | v2:G0[0.334,0.333,0.332] | v3:G2[0.333,0.333,0.334] | v4:G2[0.332,0.333,0.334]
[TopoTrace Step 0] v0:G2[0.333,0.333,0.334] | v1:G0[0.334,0.333,0.333] | v2:G0[0.334,0.333,0.332] | v3:G2[0.333,0.333,0.334] | v4:G2[0.332,0.333,0.334][TopoTrace Step 0] v0:G2[0.333,0.333,0.334] | v1:G0[0.334,0.333,0.333] | v2:G0[0.334,0.333,0.332] | v3:G2[0.333,0.333,0.334] | v4:G2[0.332,0.333,0.334]

[TopoTrace Step 0] v0:G2[0.333,0.333,0.334] | v1:G0[0.334,0.333,0.333] | v2:G0[0.334,0.333,0.332] | v3:G2[0.333,0.333,0.334] | v4:G2[0.332,0.333,0.334]
[TopoTrace Step 0] v0:G2[0.333,0.333,0.334] | v1:G0[0.334,0.333,0.333] | v2:G0[0.334,0.333,0.332] | v3:G2[0.333,0.333,0.334] | v4:G2[0.332,0.333,0.334]
[TopoTrace Step 0] v0:G2[0.333,0.333,0.334] | v1:G0[0.334,0.333,0.333] | v2:G0[0.334,0.333,0.332] | v3:G2[0.333,0.333,0.334] | v4:G2[0.332,0.333,0.334][TopoTrace Step 0] v0:G2[0.333,0.333,0.334] | v1:G0[0.334,0.333,0.333] | v2:G0[0.334,0.333,0.332] | v3:G2[0.333,0.333,0.334] | v4:G2[0.332,0.333,0.334]

[TopoTrace Step 0] v0:G2[0.333,0.333,0.334] | v1:G0[0.334,0.333,0.333] | v2:G0[0.334,0.333,0.332] | v3:G2[0.333,0.333,0.334] | v4:G2[0.332,0.333,0.334]
[TopoTrace Step 0] v0:G2[0.333,0.333,0.334] | v1:G0[0.334,0.333,0.333] | v2:G0[0.334,0.333,0.332] | v3:G2[0.333,0.333,0.334] | v4:G2[0.332,0.333,0.334]
[TopoTrace Step 0] v0:G2[0.333,0.333,0.334] | v1:G0[0.334,0.333,0.333] | v2:G0[0.334,0.333,0.332] | v3:G2[0.333,0.333,0.334] | v4:G2[0.332,0.333,0.334][TopoTrace Step 0] v0:G2[0.333,0.333,0.334] | v1:G0[0.334,0.333,0.333] | v2:G0[0.334,0.333,0.332] | v3:G2[0.333,0.333,0.334] | v4:G2[0.332,0.333,0.334]

	iters: 100, epoch: 8 | loss: 0.3754157
	speed: 1.2634s/iter; left time: 432.0940s
[TopoTrace Step 0] v0:G2[0.333,0.333,0.334] | v1:G0[0.334,0.333,0.333] | v2:G0[0.334,0.333,0.332] | v3:G2[0.333,0.333,0.334] | v4:G2[0.332,0.333,0.334]
[TopoTrace Step 0] v0:G2[0.333,0.333,0.334] | v1:G0[0.334,0.333,0.333] | v2:G0[0.334,0.333,0.332] | v3:G2[0.333,0.333,0.334] | v4:G2[0.332,0.333,0.334]
[TopoTrace Step 0] v0:G2[0.333,0.333,0.334] | v1:G0[0.334,0.333,0.333] | v2:G0[0.334,0.333,0.332] | v3:G2[0.333,0.333,0.334] | v4:G2[0.332,0.333,0.334][TopoTrace Step 0] v0:G2[0.333,0.333,0.334] | v1:G0[0.334,0.333,0.333] | v2:G0[0.334,0.333,0.332] | v3:G2[0.333,0.333,0.334] | v4:G2[0.332,0.333,0.334]

[TopoTrace Step 0] v0:G2[0.333,0.333,0.334] | v1:G0[0.334,0.333,0.333] | v2:G0[0.334,0.333,0.332] | v3:G2[0.333,0.333,0.334] | v4:G2[0.332,0.333,0.334]
[TopoTrace Step 0] v0:G2[0.333,0.333,0.334] | v1:G0[0.334,0.333,0.333] | v2:G0[0.334,0.333,0.332] | v3:G2[0.333,0.333,0.334] | v4:G2[0.332,0.333,0.334]
[TopoTrace Step 0] v0:G2[0.333,0.333,0.334] | v1:G0[0.334,0.333,0.333] | v2:G0[0.334,0.333,0.332] | v3:G2[0.333,0.333,0.334] | v4:G2[0.332,0.333,0.334]
[TopoTrace Step 0] v0:G2[0.333,0.333,0.334] | v1:G0[0.334,0.333,0.333] | v2:G0[0.334,0.333,0.332] | v3:G2[0.333,0.333,0.334] | v4:G2[0.332,0.333,0.334]
[TopoTrace Step 0] v0:G2[0.333,0.333,0.334] | v1:G0[0.334,0.333,0.333] | v2:G0[0.334,0.333,0.332] | v3:G2[0.333,0.333,0.334] | v4:G2[0.332,0.333,0.334]
[TopoTrace Step 0] v0:G2[0.333,0.333,0.334] | v1:G0[0.334,0.333,0.333] | v2:G0[0.334,0.333,0.332] | v3:G2[0.333,0.333,0.334] | v4:G2[0.332,0.333,0.334]
[TopoTrace Step 0] v0:G2[0.333,0.333,0.334] | v1:G0[0.334,0.333,0.333] | v2:G0[0.334,0.333,0.332] | v3:G2[0.333,0.333,0.334] | v4:G2[0.332,0.333,0.334][TopoTrace Step 0] v0:G2[0.333,0.333,0.334] | v1:G0[0.334,0.333,0.333] | v2:G0[0.334,0.333,0.332] | v3:G2[0.333,0.333,0.334] | v4:G2[0.332,0.333,0.334]

[TopoTrace Step 0] v0:G2[0.333,0.333,0.334] | v1:G0[0.334,0.333,0.333] | v2:G0[0.334,0.333,0.332] | v3:G2[0.333,0.333,0.334] | v4:G2[0.332,0.333,0.334]
[TopoTrace Step 0] v0:G2[0.333,0.333,0.334] | v1:G0[0.334,0.333,0.333] | v2:G0[0.334,0.333,0.332] | v3:G2[0.333,0.333,0.334] | v4:G2[0.332,0.333,0.334]
[TopoTrace Step 0] v0:G2[0.333,0.333,0.334] | v1:G0[0.334,0.333,0.333] | v2:G0[0.334,0.333,0.332] | v3:G2[0.333,0.333,0.334] | v4:G2[0.332,0.333,0.334][TopoTrace Step 0] v0:G2[0.333,0.333,0.334] | v1:G0[0.334,0.333,0.333] | v2:G0[0.334,0.333,0.332] | v3:G2[0.333,0.333,0.334] | v4:G2[0.332,0.333,0.334]

[TopoTrace Step 0] v0:G2[0.333,0.333,0.334] | v1:G0[0.334,0.333,0.333] | v2:G0[0.334,0.333,0.332] | v3:G2[0.333,0.333,0.334] | v4:G2[0.332,0.333,0.334]
[TopoTrace Step 0] v0:G2[0.333,0.333,0.334] | v1:G0[0.334,0.333,0.333] | v2:G0[0.334,0.333,0.332] | v3:G2[0.333,0.333,0.334] | v4:G2[0.332,0.333,0.334]
[TopoTrace Step 0] v0:G2[0.333,0.333,0.334] | v1:G0[0.334,0.333,0.333] | v2:G0[0.334,0.333,0.332] | v3:G2[0.333,0.333,0.334] | v4:G2[0.332,0.333,0.334]
[TopoTrace Step 0] v0:G2[0.333,0.333,0.334] | v1:G0[0.334,0.333,0.333] | v2:G0[0.334,0.333,0.332] | v3:G2[0.333,0.333,0.334] | v4:G2[0.332,0.333,0.334]
[TopoTrace Step 0] v0:G2[0.333,0.333,0.334] | v1:G0[0.334,0.333,0.333] | v2:G0[0.334,0.333,0.332] | v3:G2[0.333,0.333,0.334] | v4:G2[0.332,0.333,0.334]
[TopoTrace Step 0] v0:G2[0.333,0.333,0.334] | v1:G0[0.334,0.333,0.333] | v2:G0[0.334,0.333,0.332] | v3:G2[0.333,0.333,0.334] | v4:G2[0.332,0.333,0.334]
[TopoTrace Step 0] v0:G2[0.333,0.333,0.334] | v1:G0[0.334,0.333,0.333] | v2:G0[0.334,0.333,0.332] | v3:G2[0.333,0.333,0.334] | v4:G2[0.332,0.333,0.334][TopoTrace Step 0] v0:G2[0.333,0.333,0.334] | v1:G0[0.334,0.333,0.333] | v2:G0[0.334,0.333,0.332] | v3:G2[0.333,0.333,0.334] | v4:G2[0.332,0.333,0.334]

[TopoTrace Step 0] v0:G2[0.333,0.333,0.334] | v1:G0[0.334,0.333,0.333] | v2:G0[0.334,0.333,0.332] | v3:G2[0.333,0.333,0.334] | v4:G2[0.332,0.333,0.334]
[TopoTrace Step 0] v0:G2[0.333,0.333,0.334] | v1:G0[0.334,0.333,0.333] | v2:G0[0.334,0.333,0.332] | v3:G2[0.333,0.333,0.334] | v4:G2[0.332,0.333,0.334]
[TopoTrace Step 0] v0:G2[0.333,0.333,0.334] | v1:G0[0.334,0.333,0.333] | v2:G0[0.334,0.333,0.332] | v3:G2[0.333,0.333,0.334] | v4:G2[0.332,0.333,0.334]
[TopoTrace Step 0] v0:G2[0.333,0.333,0.334] | v1:G0[0.334,0.333,0.333] | v2:G0[0.334,0.333,0.332] | v3:G2[0.333,0.333,0.334] | v4:G2[0.332,0.333,0.334]
[TopoTrace Step 0] v0:G2[0.333,0.333,0.334] | v1:G0[0.334,0.333,0.333] | v2:G0[0.334,0.333,0.332] | v3:G2[0.333,0.333,0.334] | v4:G2[0.332,0.333,0.334]
[TopoTrace Step 0] v0:G2[0.333,0.333,0.334] | v1:G0[0.334,0.333,0.333] | v2:G0[0.334,0.333,0.332] | v3:G2[0.333,0.333,0.334] | v4:G2[0.332,0.333,0.334]
[TopoTrace Step 0] v0:G2[0.333,0.333,0.334] | v1:G0[0.334,0.333,0.333] | v2:G0[0.334,0.333,0.332] | v3:G2[0.333,0.333,0.334] | v4:G2[0.332,0.333,0.334]
[TopoTrace Step 0] v0:G2[0.333,0.333,0.334] | v1:G0[0.334,0.333,0.333] | v2:G0[0.334,0.333,0.332] | v3:G2[0.333,0.333,0.334] | v4:G2[0.332,0.333,0.334]
[TopoTrace Step 0] v0:G2[0.333,0.333,0.334] | v1:G0[0.334,0.333,0.333] | v2:G0[0.334,0.333,0.332] | v3:G2[0.333,0.333,0.334] | v4:G2[0.332,0.333,0.334]
[TopoTrace Step 0] v0:G2[0.333,0.333,0.334] | v1:G0[0.334,0.333,0.333] | v2:G0[0.334,0.333,0.332] | v3:G2[0.333,0.333,0.334] | v4:G2[0.332,0.333,0.334]
[TopoTrace Step 0] v0:G2[0.333,0.333,0.334] | v1:G0[0.334,0.333,0.333] | v2:G0[0.334,0.333,0.332] | v3:G2[0.333,0.333,0.334] | v4:G2[0.332,0.333,0.334][TopoTrace Step 0] v0:G2[0.333,0.333,0.334] | v1:G0[0.334,0.333,0.333] | v2:G0[0.334,0.333,0.332] | v3:G2[0.333,0.333,0.334] | v4:G2[0.332,0.333,0.334]

[TopoTrace Step 0] v0:G2[0.333,0.333,0.334] | v1:G0[0.334,0.333,0.333] | v2:G0[0.334,0.333,0.332] | v3:G2[0.333,0.333,0.334] | v4:G2[0.332,0.333,0.334]
[TopoTrace Step 0] v0:G2[0.333,0.333,0.334] | v1:G0[0.334,0.333,0.333] | v2:G0[0.334,0.333,0.332] | v3:G2[0.333,0.333,0.334] | v4:G2[0.332,0.333,0.334]
[TopoTrace Step 0] v0:G2[0.333,0.333,0.334] | v1:G0[0.334,0.333,0.333] | v2:G0[0.334,0.333,0.332] | v3:G2[0.333,0.333,0.334] | v4:G2[0.332,0.333,0.334][TopoTrace Step 0] v0:G2[0.333,0.333,0.334] | v1:G0[0.334,0.333,0.333] | v2:G0[0.334,0.333,0.332] | v3:G2[0.333,0.333,0.334] | v4:G2[0.332,0.333,0.334]

[TopoTrace Step 0] v0:G2[0.333,0.333,0.334] | v1:G0[0.334,0.333,0.333] | v2:G0[0.334,0.333,0.332] | v3:G2[0.333,0.333,0.334] | v4:G2[0.332,0.333,0.334]
[TopoTrace Step 0] v0:G2[0.333,0.333,0.334] | v1:G0[0.334,0.333,0.333] | v2:G0[0.334,0.333,0.332] | v3:G2[0.333,0.333,0.334] | v4:G2[0.332,0.333,0.334]
[TopoTrace Step 0] v0:G2[0.333,0.333,0.334] | v1:G0[0.334,0.333,0.333] | v2:G0[0.334,0.333,0.332] | v3:G2[0.333,0.333,0.334] | v4:G2[0.332,0.333,0.334]
[TopoTrace Step 0] v0:G2[0.333,0.333,0.334] | v1:G0[0.334,0.333,0.333] | v2:G0[0.334,0.333,0.332] | v3:G2[0.333,0.333,0.334] | v4:G2[0.332,0.333,0.334]
[TopoTrace Step 0] v0:G2[0.333,0.333,0.334] | v1:G0[0.334,0.333,0.333] | v2:G0[0.334,0.333,0.332] | v3:G2[0.333,0.333,0.334] | v4:G2[0.332,0.333,0.334]
[TopoTrace Step 0] v0:G2[0.333,0.333,0.334] | v1:G0[0.334,0.333,0.333] | v2:G0[0.334,0.333,0.332] | v3:G2[0.333,0.333,0.334] | v4:G2[0.332,0.333,0.334]
[TopoTrace Step 0] v0:G2[0.333,0.333,0.334] | v1:G0[0.334,0.333,0.333] | v2:G0[0.334,0.333,0.332] | v3:G2[0.333,0.333,0.334] | v4:G2[0.332,0.333,0.334][TopoTrace Step 0] v0:G2[0.333,0.333,0.334] | v1:G0[0.334,0.333,0.333] | v2:G0[0.334,0.333,0.332] | v3:G2[0.333,0.333,0.334] | v4:G2[0.332,0.333,0.334]

[TopoTrace Step 0] v0:G2[0.333,0.333,0.334] | v1:G0[0.334,0.333,0.333] | v2:G0[0.334,0.333,0.332] | v3:G2[0.333,0.333,0.334] | v4:G2[0.332,0.333,0.334]
[TopoTrace Step 0] v0:G2[0.333,0.333,0.334] | v1:G0[0.334,0.333,0.333] | v2:G0[0.334,0.333,0.332] | v3:G2[0.333,0.333,0.334] | v4:G2[0.332,0.333,0.334]
[TopoTrace Step 0] v0:G2[0.333,0.333,0.334] | v1:G0[0.334,0.333,0.333] | v2:G0[0.334,0.333,0.332] | v3:G2[0.333,0.333,0.334] | v4:G2[0.332,0.333,0.334]
[TopoTrace Step 0] v0:G2[0.333,0.333,0.334] | v1:G0[0.334,0.333,0.333] | v2:G0[0.334,0.333,0.332] | v3:G2[0.333,0.333,0.334] | v4:G2[0.332,0.333,0.334]
[TopoTrace Step 0] v0:G2[0.333,0.333,0.334] | v1:G0[0.334,0.333,0.333] | v2:G0[0.334,0.333,0.332] | v3:G2[0.333,0.333,0.334] | v4:G2[0.332,0.333,0.334]
[TopoTrace Step 0] v0:G2[0.333,0.333,0.334] | v1:G0[0.334,0.333,0.333] | v2:G0[0.334,0.333,0.332] | v3:G2[0.333,0.333,0.334] | v4:G2[0.332,0.333,0.334]
[TopoTrace Step 0] v0:G2[0.333,0.333,0.334] | v1:G0[0.334,0.333,0.333] | v2:G0[0.334,0.333,0.332] | v3:G2[0.333,0.333,0.334] | v4:G2[0.332,0.333,0.334]
[TopoTrace Step 0] v0:G2[0.333,0.333,0.334] | v1:G0[0.334,0.333,0.333] | v2:G0[0.334,0.333,0.332] | v3:G2[0.333,0.333,0.334] | v4:G2[0.332,0.333,0.334]
[TopoTrace Step 0] v0:G2[0.333,0.333,0.334] | v1:G0[0.334,0.333,0.333] | v2:G0[0.334,0.333,0.332] | v3:G2[0.333,0.333,0.334] | v4:G2[0.332,0.333,0.334]
[TopoTrace Step 0] v0:G2[0.333,0.333,0.334] | v1:G0[0.334,0.333,0.333] | v2:G0[0.334,0.333,0.332] | v3:G2[0.333,0.333,0.334] | v4:G2[0.332,0.333,0.334]
[TopoTrace Step 0] v0:G2[0.333,0.333,0.334] | v1:G0[0.334,0.333,0.333] | v2:G0[0.334,0.333,0.332] | v3:G2[0.333,0.333,0.334] | v4:G2[0.332,0.333,0.334][TopoTrace Step 0] v0:G2[0.333,0.333,0.334] | v1:G0[0.334,0.333,0.333] | v2:G0[0.334,0.333,0.332] | v3:G2[0.333,0.333,0.334] | v4:G2[0.332,0.333,0.334]

[TopoTrace Step 0] v0:G2[0.333,0.333,0.334] | v1:G0[0.334,0.333,0.333] | v2:G0[0.334,0.333,0.332] | v3:G2[0.333,0.333,0.334] | v4:G2[0.332,0.333,0.334]
[TopoTrace Step 0] v0:G2[0.333,0.333,0.334] | v1:G0[0.334,0.333,0.333] | v2:G0[0.334,0.333,0.332] | v3:G2[0.333,0.333,0.334] | v4:G2[0.332,0.333,0.334]
[TopoTrace Step 0] v0:G2[0.333,0.333,0.334] | v1:G0[0.334,0.333,0.333] | v2:G0[0.334,0.333,0.332] | v3:G2[0.333,0.333,0.334] | v4:G2[0.332,0.333,0.334][TopoTrace Step 0] v0:G2[0.333,0.333,0.334] | v1:G0[0.334,0.333,0.333] | v2:G0[0.334,0.333,0.332] | v3:G2[0.333,0.333,0.334] | v4:G2[0.332,0.333,0.334]

[TopoTrace Step 0] v0:G2[0.333,0.333,0.334] | v1:G0[0.334,0.333,0.333] | v2:G0[0.334,0.333,0.332] | v3:G2[0.333,0.333,0.334] | v4:G2[0.332,0.333,0.334]
[TopoTrace Step 0] v0:G2[0.333,0.333,0.334] | v1:G0[0.334,0.333,0.333] | v2:G0[0.334,0.333,0.332] | v3:G2[0.333,0.333,0.334] | v4:G2[0.332,0.333,0.334]
[TopoTrace Step 0] v0:G2[0.333,0.333,0.334] | v1:G0[0.334,0.333,0.333] | v2:G0[0.334,0.333,0.332] | v3:G2[0.333,0.333,0.334] | v4:G2[0.332,0.333,0.334][TopoTrace Step 0] v0:G2[0.333,0.333,0.334] | v1:G0[0.334,0.333,0.333] | v2:G0[0.334,0.333,0.332] | v3:G2[0.333,0.333,0.334] | v4:G2[0.332,0.333,0.334]

[TopoTrace Step 0] v0:G2[0.333,0.333,0.334] | v1:G0[0.334,0.333,0.333] | v2:G0[0.334,0.333,0.332] | v3:G2[0.333,0.333,0.334] | v4:G2[0.332,0.333,0.334]
[TopoTrace Step 0] v0:G2[0.333,0.333,0.334] | v1:G0[0.334,0.333,0.333] | v2:G0[0.334,0.333,0.332] | v3:G2[0.333,0.333,0.334] | v4:G2[0.332,0.333,0.334]
[TopoTrace Step 0] v0:G2[0.333,0.333,0.334] | v1:G0[0.334,0.333,0.333] | v2:G0[0.334,0.333,0.332] | v3:G2[0.333,0.333,0.334] | v4:G2[0.332,0.333,0.334]
[TopoTrace Step 0] v0:G2[0.333,0.333,0.334] | v1:G0[0.334,0.333,0.333] | v2:G0[0.334,0.333,0.332] | v3:G2[0.333,0.333,0.334] | v4:G2[0.332,0.333,0.334]
[TopoTrace Step 0] v0:G2[0.333,0.333,0.334] | v1:G0[0.334,0.333,0.333] | v2:G0[0.334,0.333,0.332] | v3:G2[0.333,0.333,0.334] | v4:G2[0.332,0.333,0.334]
[TopoTrace Step 0] v0:G2[0.333,0.333,0.334] | v1:G0[0.334,0.333,0.333] | v2:G0[0.334,0.333,0.332] | v3:G2[0.333,0.333,0.334] | v4:G2[0.332,0.333,0.334]
[TopoTrace Step 0] v0:G2[0.333,0.333,0.334] | v1:G0[0.334,0.333,0.333] | v2:G0[0.334,0.333,0.332] | v3:G2[0.333,0.333,0.334] | v4:G2[0.332,0.333,0.334][TopoTrace Step 0] v0:G2[0.333,0.333,0.334] | v1:G0[0.334,0.333,0.333] | v2:G0[0.334,0.333,0.332] | v3:G2[0.333,0.333,0.334] | v4:G2[0.332,0.333,0.334]

[TopoTrace Step 0] v0:G2[0.333,0.333,0.334] | v1:G0[0.334,0.333,0.333] | v2:G0[0.334,0.333,0.332] | v3:G2[0.333,0.333,0.334] | v4:G2[0.332,0.333,0.334]
[TopoTrace Step 0] v0:G2[0.333,0.333,0.334] | v1:G0[0.334,0.333,0.333] | v2:G0[0.334,0.333,0.332] | v3:G2[0.333,0.333,0.334] | v4:G2[0.332,0.333,0.334]
[TopoTrace Step 0] v0:G2[0.333,0.333,0.334] | v1:G0[0.334,0.333,0.333] | v2:G0[0.334,0.333,0.332] | v3:G2[0.333,0.333,0.334] | v4:G2[0.332,0.333,0.334][TopoTrace Step 0] v0:G2[0.333,0.333,0.334] | v1:G0[0.334,0.333,0.333] | v2:G0[0.334,0.333,0.332] | v3:G2[0.333,0.333,0.334] | v4:G2[0.332,0.333,0.334]

[TopoTrace Step 0] v0:G2[0.333,0.333,0.334] | v1:G0[0.334,0.333,0.333] | v2:G0[0.334,0.333,0.332] | v3:G2[0.333,0.333,0.334] | v4:G2[0.332,0.333,0.334]
[TopoTrace Step 0] v0:G2[0.333,0.333,0.334] | v1:G0[0.334,0.333,0.333] | v2:G0[0.334,0.333,0.332] | v3:G2[0.333,0.333,0.334] | v4:G2[0.332,0.333,0.334]
[TopoTrace Step 0] v0:G2[0.333,0.333,0.334] | v1:G0[0.334,0.333,0.333] | v2:G0[0.334,0.333,0.332] | v3:G2[0.333,0.333,0.334] | v4:G2[0.332,0.333,0.334][TopoTrace Step 0] v0:G2[0.333,0.333,0.334] | v1:G0[0.334,0.333,0.333] | v2:G0[0.334,0.333,0.332] | v3:G2[0.333,0.333,0.334] | v4:G2[0.332,0.333,0.334]

[TopoTrace Step 0] v0:G2[0.333,0.333,0.334] | v1:G0[0.334,0.333,0.333] | v2:G0[0.334,0.333,0.332] | v3:G2[0.333,0.333,0.334] | v4:G2[0.332,0.333,0.334]
[TopoTrace Step 0] v0:G2[0.333,0.333,0.334] | v1:G0[0.334,0.333,0.333] | v2:G0[0.334,0.333,0.332] | v3:G2[0.333,0.333,0.334] | v4:G2[0.332,0.333,0.334]
[TopoTrace Step 0] v0:G2[0.333,0.333,0.334] | v1:G0[0.334,0.333,0.333] | v2:G0[0.334,0.333,0.332] | v3:G2[0.333,0.333,0.334] | v4:G2[0.332,0.333,0.334]
[TopoTrace Step 0] v0:G2[0.333,0.333,0.334] | v1:G0[0.334,0.333,0.333] | v2:G0[0.334,0.333,0.332] | v3:G2[0.333,0.333,0.334] | v4:G2[0.332,0.333,0.334]
[TopoTrace Step 0] v0:G2[0.333,0.333,0.334] | v1:G0[0.334,0.333,0.333] | v2:G0[0.334,0.333,0.332] | v3:G2[0.333,0.333,0.334] | v4:G2[0.332,0.333,0.334]
[TopoTrace Step 0] v0:G2[0.333,0.333,0.334] | v1:G0[0.334,0.333,0.333] | v2:G0[0.334,0.333,0.332] | v3:G2[0.333,0.333,0.334] | v4:G2[0.332,0.333,0.334]
[TopoTrace Step 0] v0:G2[0.333,0.333,0.334] | v1:G0[0.334,0.333,0.333] | v2:G0[0.334,0.333,0.332] | v3:G2[0.333,0.333,0.334] | v4:G2[0.332,0.333,0.334][TopoTrace Step 0] v0:G2[0.333,0.333,0.334] | v1:G0[0.334,0.333,0.333] | v2:G0[0.334,0.333,0.332] | v3:G2[0.333,0.333,0.334] | v4:G2[0.332,0.333,0.334]

[TopoTrace Step 0] v0:G2[0.333,0.333,0.334] | v1:G0[0.334,0.333,0.333] | v2:G0[0.334,0.333,0.332] | v3:G2[0.333,0.333,0.334] | v4:G2[0.332,0.333,0.334]
[TopoTrace Step 0] v0:G2[0.333,0.333,0.334] | v1:G0[0.334,0.333,0.333] | v2:G0[0.334,0.333,0.332] | v3:G2[0.333,0.333,0.334] | v4:G2[0.332,0.333,0.334]
[TopoTrace Step 0] v0:G2[0.333,0.333,0.334] | v1:G0[0.334,0.333,0.333] | v2:G0[0.334,0.333,0.332] | v3:G2[0.333,0.333,0.334] | v4:G2[0.332,0.333,0.334][TopoTrace Step 0] v0:G2[0.333,0.333,0.334] | v1:G0[0.334,0.333,0.333] | v2:G0[0.334,0.333,0.332] | v3:G2[0.333,0.333,0.334] | v4:G2[0.332,0.333,0.334]

[TopoTrace Step 0] v0:G2[0.333,0.333,0.334] | v1:G0[0.334,0.333,0.333] | v2:G0[0.334,0.333,0.332] | v3:G2[0.333,0.333,0.334] | v4:G2[0.332,0.333,0.334]
[TopoTrace Step 0] v0:G2[0.333,0.333,0.334] | v1:G0[0.334,0.333,0.333] | v2:G0[0.334,0.333,0.332] | v3:G2[0.333,0.333,0.334] | v4:G2[0.332,0.333,0.334]
[TopoTrace Step 0] v0:G2[0.333,0.333,0.334] | v1:G0[0.334,0.333,0.333] | v2:G0[0.334,0.333,0.332] | v3:G2[0.333,0.333,0.334] | v4:G2[0.332,0.333,0.334]
[TopoTrace Step 0] v0:G2[0.333,0.333,0.334] | v1:G0[0.334,0.333,0.333] | v2:G0[0.334,0.333,0.332] | v3:G2[0.333,0.333,0.334] | v4:G2[0.332,0.333,0.334]
[TopoTrace Step 0] v0:G2[0.333,0.333,0.334] | v1:G0[0.334,0.333,0.333] | v2:G0[0.334,0.333,0.332] | v3:G2[0.333,0.333,0.334] | v4:G2[0.332,0.333,0.334]
[TopoTrace Step 0] v0:G2[0.333,0.333,0.334] | v1:G0[0.334,0.333,0.333] | v2:G0[0.334,0.333,0.332] | v3:G2[0.333,0.333,0.334] | v4:G2[0.332,0.333,0.334]
[TopoTrace Step 0] v0:G2[0.333,0.333,0.334] | v1:G0[0.334,0.333,0.333] | v2:G0[0.334,0.333,0.332] | v3:G2[0.333,0.333,0.334] | v4:G2[0.332,0.333,0.334]
[TopoTrace Step 0] v0:G2[0.333,0.333,0.334] | v1:G0[0.334,0.333,0.333] | v2:G0[0.334,0.333,0.332] | v3:G2[0.333,0.333,0.334] | v4:G2[0.332,0.333,0.334]
[TopoTrace Step 0] v0:G2[0.333,0.333,0.334] | v1:G0[0.334,0.333,0.333] | v2:G0[0.334,0.333,0.332] | v3:G2[0.333,0.333,0.334] | v4:G2[0.332,0.333,0.334]
[TopoTrace Step 0] v0:G2[0.333,0.333,0.334] | v1:G0[0.334,0.333,0.333] | v2:G0[0.334,0.333,0.332] | v3:G2[0.333,0.333,0.334] | v4:G2[0.332,0.333,0.334]
[TopoTrace Step 0] v0:G2[0.333,0.333,0.334] | v1:G0[0.334,0.333,0.333] | v2:G0[0.334,0.333,0.332] | v3:G2[0.333,0.333,0.334] | v4:G2[0.332,0.333,0.334]
[TopoTrace Step 0] v0:G2[0.333,0.333,0.334] | v1:G0[0.334,0.333,0.333] | v2:G0[0.334,0.333,0.332] | v3:G2[0.333,0.333,0.334] | v4:G2[0.332,0.333,0.334]
[TopoTrace Step 0] v0:G2[0.333,0.333,0.334] | v1:G0[0.334,0.333,0.333] | v2:G0[0.334,0.333,0.332] | v3:G2[0.333,0.333,0.334] | v4:G2[0.332,0.333,0.334]
[TopoTrace Step 0] v0:G2[0.333,0.333,0.334] | v1:G0[0.334,0.333,0.333] | v2:G0[0.334,0.333,0.332] | v3:G2[0.333,0.333,0.334] | v4:G2[0.332,0.333,0.334]
[TopoTrace Step 0] v0:G2[0.333,0.333,0.334] | v1:G0[0.334,0.333,0.333] | v2:G0[0.334,0.333,0.332] | v3:G2[0.333,0.333,0.334] | v4:G2[0.332,0.333,0.334]
[TopoTrace Step 0] v0:G2[0.333,0.333,0.334] | v1:G0[0.334,0.333,0.333] | v2:G0[0.334,0.333,0.332] | v3:G2[0.333,0.333,0.334] | v4:G2[0.332,0.333,0.334]
[TopoTrace Step 0] v0:G2[0.333,0.333,0.334] | v1:G0[0.334,0.333,0.333] | v2:G0[0.334,0.333,0.332] | v3:G2[0.333,0.333,0.334] | v4:G2[0.332,0.333,0.334]
[TopoTrace Step 0] v0:G2[0.333,0.333,0.334] | v1:G0[0.334,0.333,0.333] | v2:G0[0.334,0.333,0.332] | v3:G2[0.333,0.333,0.334] | v4:G2[0.332,0.333,0.334]
[TopoTrace Step 0] v0:G2[0.333,0.333,0.334] | v1:G0[0.334,0.333,0.333] | v2:G0[0.334,0.333,0.332] | v3:G2[0.333,0.333,0.334] | v4:G2[0.332,0.333,0.334]
[TopoTrace Step 0] v0:G2[0.333,0.333,0.334] | v1:G0[0.334,0.333,0.333] | v2:G0[0.334,0.333,0.332] | v3:G2[0.333,0.333,0.334] | v4:G2[0.332,0.333,0.334]
[TopoTrace Step 0] v0:G2[0.333,0.333,0.334] | v1:G0[0.334,0.333,0.333] | v2:G0[0.334,0.333,0.332] | v3:G2[0.333,0.333,0.334] | v4:G2[0.332,0.333,0.334]
[TopoTrace Step 0] v0:G2[0.333,0.333,0.334] | v1:G0[0.334,0.333,0.333] | v2:G0[0.334,0.333,0.332] | v3:G2[0.333,0.333,0.334] | v4:G2[0.332,0.333,0.334]
[TopoTrace Step 0] v0:G2[0.333,0.333,0.334] | v1:G0[0.334,0.333,0.333] | v2:G0[0.334,0.333,0.332] | v3:G2[0.333,0.333,0.334] | v4:G2[0.332,0.333,0.334][TopoTrace Step 0] v0:G2[0.333,0.333,0.334] | v1:G0[0.334,0.333,0.333] | v2:G0[0.334,0.333,0.332] | v3:G2[0.333,0.333,0.334] | v4:G2[0.332,0.333,0.334]

[TopoTrace Step 0] v0:G2[0.333,0.333,0.334] | v1:G0[0.334,0.333,0.333] | v2:G0[0.334,0.333,0.332] | v3:G2[0.333,0.333,0.334] | v4:G2[0.332,0.333,0.334]
[TopoTrace Step 0] v0:G2[0.333,0.333,0.334] | v1:G0[0.334,0.333,0.333] | v2:G0[0.334,0.333,0.332] | v3:G2[0.333,0.333,0.334] | v4:G2[0.332,0.333,0.334]
[TopoTrace Step 0] v0:G2[0.333,0.333,0.334] | v1:G0[0.334,0.333,0.333] | v2:G0[0.334,0.333,0.332] | v3:G2[0.333,0.333,0.334] | v4:G2[0.332,0.333,0.334][TopoTrace Step 0] v0:G2[0.333,0.333,0.334] | v1:G0[0.334,0.333,0.333] | v2:G0[0.334,0.333,0.332] | v3:G2[0.333,0.333,0.334] | v4:G2[0.332,0.333,0.334]

[TopoTrace Step 0] v0:G2[0.333,0.333,0.334] | v1:G0[0.334,0.333,0.333] | v2:G0[0.334,0.333,0.332] | v3:G2[0.333,0.333,0.334] | v4:G2[0.332,0.333,0.334]
[TopoTrace Step 0] v0:G2[0.333,0.333,0.334] | v1:G0[0.334,0.333,0.333] | v2:G0[0.334,0.333,0.332] | v3:G2[0.333,0.333,0.334] | v4:G2[0.332,0.333,0.334]
[TopoTrace Step 0] v0:G2[0.333,0.333,0.334] | v1:G0[0.334,0.333,0.333] | v2:G0[0.334,0.333,0.332] | v3:G2[0.333,0.333,0.334] | v4:G2[0.332,0.333,0.334][TopoTrace Step 0] v0:G2[0.333,0.333,0.334] | v1:G0[0.334,0.333,0.333] | v2:G0[0.334,0.333,0.332] | v3:G2[0.333,0.333,0.334] | v4:G2[0.332,0.333,0.334]

[TopoTrace Step 0] v0:G2[0.333,0.333,0.334] | v1:G0[0.334,0.333,0.333] | v2:G0[0.334,0.333,0.332] | v3:G2[0.333,0.333,0.334] | v4:G2[0.332,0.333,0.334]
[TopoTrace Step 0] v0:G2[0.333,0.333,0.334] | v1:G0[0.334,0.333,0.333] | v2:G0[0.334,0.333,0.332] | v3:G2[0.333,0.333,0.334] | v4:G2[0.332,0.333,0.334]
[TopoTrace Step 0] v0:G2[0.333,0.333,0.334] | v1:G0[0.334,0.333,0.333] | v2:G0[0.334,0.333,0.332] | v3:G2[0.333,0.333,0.334] | v4:G2[0.332,0.333,0.334]
[TopoTrace Step 0] v0:G2[0.333,0.333,0.334] | v1:G0[0.334,0.333,0.333] | v2:G0[0.334,0.333,0.332] | v3:G2[0.333,0.333,0.334] | v4:G2[0.332,0.333,0.334]
[TopoTrace Step 0] v0:G2[0.333,0.333,0.334] | v1:G0[0.334,0.333,0.333] | v2:G0[0.334,0.333,0.332] | v3:G2[0.333,0.333,0.334] | v4:G2[0.332,0.333,0.334]
[TopoTrace Step 0] v0:G2[0.333,0.333,0.334] | v1:G0[0.334,0.333,0.333] | v2:G0[0.334,0.333,0.332] | v3:G2[0.333,0.333,0.334] | v4:G2[0.332,0.333,0.334]
[TopoTrace Step 0] v0:G2[0.333,0.333,0.334] | v1:G0[0.334,0.333,0.333] | v2:G0[0.334,0.333,0.332] | v3:G2[0.333,0.333,0.334] | v4:G2[0.332,0.333,0.334][TopoTrace Step 0] v0:G2[0.333,0.333,0.334] | v1:G0[0.334,0.333,0.333] | v2:G0[0.334,0.333,0.332] | v3:G2[0.333,0.333,0.334] | v4:G2[0.332,0.333,0.334]

[TopoTrace Step 0] v0:G2[0.333,0.333,0.334] | v1:G0[0.334,0.333,0.333] | v2:G0[0.334,0.333,0.332] | v3:G2[0.333,0.333,0.334] | v4:G2[0.332,0.333,0.334]
[TopoTrace Step 0] v0:G2[0.333,0.333,0.334] | v1:G0[0.334,0.333,0.333] | v2:G0[0.334,0.333,0.332] | v3:G2[0.333,0.333,0.334] | v4:G2[0.332,0.333,0.334]
[TopoTrace Step 0] v0:G2[0.333,0.333,0.334] | v1:G0[0.334,0.333,0.333] | v2:G0[0.334,0.333,0.332] | v3:G2[0.333,0.333,0.334] | v4:G2[0.332,0.333,0.334]
[TopoTrace Step 0] v0:G2[0.333,0.333,0.334] | v1:G0[0.334,0.333,0.333] | v2:G0[0.334,0.333,0.332] | v3:G2[0.333,0.333,0.334] | v4:G2[0.332,0.333,0.334]
[TopoTrace Step 0] v0:G2[0.333,0.333,0.334] | v1:G0[0.334,0.333,0.333] | v2:G0[0.334,0.333,0.332] | v3:G2[0.333,0.333,0.334] | v4:G2[0.332,0.333,0.334]
[TopoTrace Step 0] v0:G2[0.333,0.333,0.334] | v1:G0[0.334,0.333,0.333] | v2:G0[0.334,0.333,0.332] | v3:G2[0.333,0.333,0.334] | v4:G2[0.332,0.333,0.334]
[TopoTrace Step 0] v0:G2[0.333,0.333,0.334] | v1:G0[0.334,0.333,0.333] | v2:G0[0.334,0.333,0.332] | v3:G2[0.333,0.333,0.334] | v4:G2[0.332,0.333,0.334]
[TopoTrace Step 0] v0:G2[0.333,0.333,0.334] | v1:G0[0.334,0.333,0.333] | v2:G0[0.334,0.333,0.332] | v3:G2[0.333,0.333,0.334] | v4:G2[0.332,0.333,0.334]
[TopoTrace Step 0] v0:G2[0.333,0.333,0.334] | v1:G0[0.334,0.333,0.333] | v2:G0[0.334,0.333,0.332] | v3:G2[0.333,0.333,0.334] | v4:G2[0.332,0.333,0.334]
[TopoTrace Step 0] v0:G2[0.333,0.333,0.334] | v1:G0[0.334,0.333,0.333] | v2:G0[0.334,0.333,0.332] | v3:G2[0.333,0.333,0.334] | v4:G2[0.332,0.333,0.334]
[TopoTrace Step 0] v0:G2[0.333,0.333,0.334] | v1:G0[0.334,0.333,0.333] | v2:G0[0.334,0.333,0.332] | v3:G2[0.333,0.333,0.334] | v4:G2[0.332,0.333,0.334][TopoTrace Step 0] v0:G2[0.333,0.333,0.334] | v1:G0[0.334,0.333,0.333] | v2:G0[0.334,0.333,0.332] | v3:G2[0.333,0.333,0.334] | v4:G2[0.332,0.333,0.334]

[TopoTrace Step 0] v0:G2[0.333,0.333,0.334] | v1:G0[0.334,0.333,0.333] | v2:G0[0.334,0.333,0.332] | v3:G2[0.333,0.333,0.334] | v4:G2[0.332,0.333,0.334]
[TopoTrace Step 0] v0:G2[0.333,0.333,0.334] | v1:G0[0.334,0.333,0.333] | v2:G0[0.334,0.333,0.332] | v3:G2[0.333,0.333,0.334] | v4:G2[0.332,0.333,0.334]
[TopoTrace Step 0] v0:G2[0.333,0.333,0.334] | v1:G0[0.334,0.333,0.333] | v2:G0[0.334,0.333,0.332] | v3:G2[0.333,0.333,0.334] | v4:G2[0.332,0.333,0.334][TopoTrace Step 0] v0:G2[0.333,0.333,0.334] | v1:G0[0.334,0.333,0.333] | v2:G0[0.334,0.333,0.332] | v3:G2[0.333,0.333,0.334] | v4:G2[0.332,0.333,0.334]

[TopoTrace Step 0] v0:G2[0.333,0.333,0.334] | v1:G0[0.334,0.333,0.333] | v2:G0[0.334,0.333,0.332] | v3:G2[0.333,0.333,0.334] | v4:G2[0.332,0.333,0.334]
[TopoTrace Step 0] v0:G2[0.333,0.333,0.334] | v1:G0[0.334,0.333,0.333] | v2:G0[0.334,0.333,0.332] | v3:G2[0.333,0.333,0.334] | v4:G2[0.332,0.333,0.334]
[TopoTrace Step 0] v0:G2[0.333,0.333,0.334] | v1:G0[0.334,0.333,0.333] | v2:G0[0.334,0.333,0.332] | v3:G2[0.333,0.333,0.334] | v4:G2[0.332,0.333,0.334]
[TopoTrace Step 0] v0:G2[0.333,0.333,0.334] | v1:G0[0.334,0.333,0.333] | v2:G0[0.334,0.333,0.332] | v3:G2[0.333,0.333,0.334] | v4:G2[0.332,0.333,0.334]
[TopoTrace Step 0] v0:G2[0.333,0.333,0.334] | v1:G0[0.334,0.333,0.333] | v2:G0[0.334,0.333,0.332] | v3:G2[0.333,0.333,0.334] | v4:G2[0.332,0.333,0.334]
[TopoTrace Step 0] v0:G2[0.333,0.333,0.334] | v1:G0[0.334,0.333,0.333] | v2:G0[0.334,0.333,0.332] | v3:G2[0.333,0.333,0.334] | v4:G2[0.332,0.333,0.334]
[TopoTrace Step 0] v0:G2[0.333,0.333,0.334] | v1:G0[0.334,0.333,0.333] | v2:G0[0.334,0.333,0.332] | v3:G2[0.333,0.333,0.334] | v4:G2[0.332,0.333,0.334][TopoTrace Step 0] v0:G2[0.333,0.333,0.334] | v1:G0[0.334,0.333,0.333] | v2:G0[0.334,0.333,0.332] | v3:G2[0.333,0.333,0.334] | v4:G2[0.332,0.333,0.334]

[TopoTrace Step 0] v0:G2[0.333,0.333,0.334] | v1:G0[0.334,0.333,0.333] | v2:G0[0.334,0.333,0.332] | v3:G2[0.333,0.333,0.334] | v4:G2[0.332,0.333,0.334]
[TopoTrace Step 0] v0:G2[0.333,0.333,0.334] | v1:G0[0.334,0.333,0.333] | v2:G0[0.334,0.333,0.332] | v3:G2[0.333,0.333,0.334] | v4:G2[0.332,0.333,0.334]
[TopoTrace Step 0] v0:G2[0.333,0.333,0.334] | v1:G0[0.334,0.333,0.333] | v2:G0[0.334,0.333,0.332] | v3:G2[0.333,0.333,0.334] | v4:G2[0.332,0.333,0.334][TopoTrace Step 0] v0:G2[0.333,0.333,0.334] | v1:G0[0.334,0.333,0.333] | v2:G0[0.334,0.333,0.332] | v3:G2[0.333,0.333,0.334] | v4:G2[0.332,0.333,0.334]

[TopoTrace Step 0] v0:G2[0.333,0.333,0.334] | v1:G0[0.334,0.333,0.333] | v2:G0[0.334,0.333,0.332] | v3:G2[0.333,0.333,0.334] | v4:G2[0.332,0.333,0.334]
[TopoTrace Step 0] v0:G2[0.333,0.333,0.334] | v1:G0[0.334,0.333,0.333] | v2:G0[0.334,0.333,0.332] | v3:G2[0.333,0.333,0.334] | v4:G2[0.332,0.333,0.334]
[TopoTrace Step 0] v0:G2[0.333,0.333,0.334] | v1:G0[0.334,0.333,0.333] | v2:G0[0.334,0.333,0.332] | v3:G2[0.333,0.333,0.334] | v4:G2[0.332,0.333,0.334]
[TopoTrace Step 0] v0:G2[0.333,0.333,0.334] | v1:G0[0.334,0.333,0.333] | v2:G0[0.334,0.333,0.332] | v3:G2[0.333,0.333,0.334] | v4:G2[0.332,0.333,0.334]
[TopoTrace Step 0] v0:G2[0.333,0.333,0.334] | v1:G0[0.334,0.333,0.333] | v2:G0[0.334,0.333,0.332] | v3:G2[0.333,0.333,0.334] | v4:G2[0.332,0.333,0.334]
[TopoTrace Step 0] v0:G2[0.333,0.333,0.334] | v1:G0[0.334,0.333,0.333] | v2:G0[0.334,0.333,0.332] | v3:G2[0.333,0.333,0.334] | v4:G2[0.332,0.333,0.334]
[TopoTrace Step 0] v0:G2[0.333,0.333,0.334] | v1:G0[0.334,0.333,0.333] | v2:G0[0.334,0.333,0.332] | v3:G2[0.333,0.333,0.334] | v4:G2[0.332,0.333,0.334][TopoTrace Step 0] v0:G2[0.333,0.333,0.334] | v1:G0[0.334,0.333,0.333] | v2:G0[0.334,0.333,0.332] | v3:G2[0.333,0.333,0.334] | v4:G2[0.332,0.333,0.334]

[TopoTrace Step 0] v0:G2[0.333,0.333,0.334] | v1:G0[0.334,0.333,0.333] | v2:G0[0.334,0.333,0.332] | v3:G2[0.333,0.333,0.334] | v4:G2[0.332,0.333,0.334]
[TopoTrace Step 0] v0:G2[0.333,0.333,0.334] | v1:G0[0.334,0.333,0.333] | v2:G0[0.334,0.333,0.332] | v3:G2[0.333,0.333,0.334] | v4:G2[0.332,0.333,0.334]
[TopoTrace Step 0] v0:G2[0.333,0.333,0.334] | v1:G0[0.334,0.333,0.333] | v2:G0[0.334,0.333,0.332] | v3:G2[0.333,0.333,0.334] | v4:G2[0.332,0.333,0.334]
[TopoTrace Step 0] v0:G2[0.333,0.333,0.334] | v1:G0[0.334,0.333,0.333] | v2:G0[0.334,0.333,0.332] | v3:G2[0.333,0.333,0.334] | v4:G2[0.332,0.333,0.334]
[TopoTrace Step 0] v0:G2[0.333,0.333,0.334] | v1:G0[0.334,0.333,0.333] | v2:G0[0.334,0.333,0.332] | v3:G2[0.333,0.333,0.334] | v4:G2[0.332,0.333,0.334]
[TopoTrace Step 0] v0:G2[0.333,0.333,0.334] | v1:G0[0.334,0.333,0.333] | v2:G0[0.334,0.333,0.332] | v3:G2[0.333,0.333,0.334] | v4:G2[0.332,0.333,0.334]
[TopoTrace Step 0] v0:G2[0.333,0.333,0.334] | v1:G0[0.334,0.333,0.333] | v2:G0[0.334,0.333,0.332] | v3:G2[0.333,0.333,0.334] | v4:G2[0.332,0.333,0.334][TopoTrace Step 0] v0:G2[0.333,0.333,0.334] | v1:G0[0.334,0.333,0.333] | v2:G0[0.334,0.333,0.332] | v3:G2[0.333,0.333,0.334] | v4:G2[0.332,0.333,0.334]

[TopoTrace Step 0] v0:G2[0.333,0.333,0.334] | v1:G0[0.334,0.333,0.333] | v2:G0[0.334,0.333,0.332] | v3:G2[0.333,0.333,0.334] | v4:G2[0.332,0.333,0.334]
[TopoTrace Step 0] v0:G2[0.333,0.333,0.334] | v1:G0[0.334,0.333,0.333] | v2:G0[0.334,0.333,0.332] | v3:G2[0.333,0.333,0.334] | v4:G2[0.332,0.333,0.334]
[TopoTrace Step 0] v0:G2[0.333,0.333,0.334] | v1:G0[0.334,0.333,0.333] | v2:G0[0.334,0.333,0.332] | v3:G2[0.333,0.333,0.334] | v4:G2[0.332,0.333,0.334]
[TopoTrace Step 0] v0:G2[0.333,0.333,0.334] | v1:G0[0.334,0.333,0.333] | v2:G0[0.334,0.333,0.332] | v3:G2[0.333,0.333,0.334] | v4:G2[0.332,0.333,0.334]
[TopoTrace Step 0] v0:G2[0.333,0.333,0.334] | v1:G0[0.334,0.333,0.333] | v2:G0[0.334,0.333,0.332] | v3:G2[0.333,0.333,0.334] | v4:G2[0.332,0.333,0.334]
[TopoTrace Step 0] v0:G2[0.333,0.333,0.334] | v1:G0[0.334,0.333,0.333] | v2:G0[0.334,0.333,0.332] | v3:G2[0.333,0.333,0.334] | v4:G2[0.332,0.333,0.334]
[TopoTrace Step 0] v0:G2[0.333,0.333,0.334] | v1:G0[0.334,0.333,0.333] | v2:G0[0.334,0.333,0.332] | v3:G2[0.333,0.333,0.334] | v4:G2[0.332,0.333,0.334]
[TopoTrace Step 0] v0:G2[0.333,0.333,0.334] | v1:G0[0.334,0.333,0.333] | v2:G0[0.334,0.333,0.332] | v3:G2[0.333,0.333,0.334] | v4:G2[0.332,0.333,0.334]
Epoch: 8 cost time: 13.53461217880249
Epoch: 8, Steps: 147 | Train Loss: 0.3593166 Vali Loss: 0.3975582 Test Loss: 4.0877867
Validation loss decreased (0.397866 --> 0.397558).  Saving model ...
Updating learning rate to 7.8125e-07
[TopoTrace Step 0] v0:G2[0.333,0.333,0.334] | v1:G0[0.334,0.333,0.333] | v2:G0[0.334,0.333,0.332] | v3:G2[0.333,0.333,0.334] | v4:G2[0.332,0.333,0.334]
[TopoTrace Step 0] v0:G2[0.333,0.333,0.334] | v1:G0[0.334,0.333,0.333] | v2:G0[0.334,0.333,0.332] | v3:G2[0.333,0.333,0.334] | v4:G2[0.332,0.333,0.334]
[TopoTrace Step 0] v0:G2[0.333,0.333,0.334] | v1:G0[0.334,0.333,0.333] | v2:G0[0.334,0.333,0.332] | v3:G2[0.333,0.333,0.334] | v4:G2[0.332,0.333,0.334][TopoTrace Step 0] v0:G2[0.333,0.333,0.334] | v1:G0[0.334,0.333,0.333] | v2:G0[0.334,0.333,0.332] | v3:G2[0.333,0.333,0.334] | v4:G2[0.332,0.333,0.334]

[TopoTrace Step 0] v0:G2[0.333,0.333,0.334] | v1:G0[0.334,0.333,0.333] | v2:G0[0.334,0.333,0.332] | v3:G2[0.333,0.333,0.334] | v4:G2[0.332,0.333,0.334]
[TopoTrace Step 0] v0:G2[0.333,0.333,0.334] | v1:G0[0.334,0.333,0.333] | v2:G0[0.334,0.333,0.332] | v3:G2[0.333,0.333,0.334] | v4:G2[0.332,0.333,0.334]
[TopoTrace Step 0] v0:G2[0.333,0.333,0.334] | v1:G0[0.334,0.333,0.333] | v2:G0[0.334,0.333,0.332] | v3:G2[0.333,0.333,0.334] | v4:G2[0.332,0.333,0.334][TopoTrace Step 0] v0:G2[0.333,0.333,0.334] | v1:G0[0.334,0.333,0.333] | v2:G0[0.334,0.333,0.332] | v3:G2[0.333,0.333,0.334] | v4:G2[0.332,0.333,0.334]

[TopoTrace Step 0] v0:G2[0.333,0.333,0.334] | v1:G0[0.334,0.333,0.333] | v2:G0[0.334,0.333,0.332] | v3:G2[0.333,0.333,0.334] | v4:G2[0.332,0.333,0.334]
[TopoTrace Step 0] v0:G2[0.333,0.333,0.334] | v1:G0[0.334,0.333,0.333] | v2:G0[0.334,0.333,0.332] | v3:G2[0.333,0.333,0.334] | v4:G2[0.332,0.333,0.334]
[TopoTrace Step 0] v0:G2[0.333,0.333,0.334] | v1:G0[0.334,0.333,0.333] | v2:G0[0.334,0.333,0.332] | v3:G2[0.333,0.333,0.334] | v4:G2[0.332,0.333,0.334][TopoTrace Step 0] v0:G2[0.333,0.333,0.334] | v1:G0[0.334,0.333,0.333] | v2:G0[0.334,0.333,0.332] | v3:G2[0.333,0.333,0.334] | v4:G2[0.332,0.333,0.334]

[TopoTrace Step 0] v0:G2[0.333,0.333,0.334] | v1:G0[0.334,0.333,0.333] | v2:G0[0.334,0.333,0.332] | v3:G2[0.333,0.333,0.334] | v4:G2[0.332,0.333,0.334]
[TopoTrace Step 0] v0:G2[0.333,0.333,0.334] | v1:G0[0.334,0.333,0.333] | v2:G0[0.334,0.333,0.332] | v3:G2[0.333,0.333,0.334] | v4:G2[0.332,0.333,0.334]
[TopoTrace Step 0] v0:G2[0.333,0.333,0.334] | v1:G0[0.334,0.333,0.333] | v2:G0[0.334,0.333,0.332] | v3:G2[0.333,0.333,0.334] | v4:G2[0.332,0.333,0.334][TopoTrace Step 0] v0:G2[0.333,0.333,0.334] | v1:G0[0.334,0.333,0.333] | v2:G0[0.334,0.333,0.332] | v3:G2[0.333,0.333,0.334] | v4:G2[0.332,0.333,0.334]

[TopoTrace Step 0] v0:G2[0.333,0.333,0.334] | v1:G0[0.334,0.333,0.333] | v2:G0[0.334,0.333,0.332] | v3:G2[0.333,0.333,0.334] | v4:G2[0.332,0.333,0.334]
[TopoTrace Step 0] v0:G2[0.333,0.333,0.334] | v1:G0[0.334,0.333,0.333] | v2:G0[0.334,0.333,0.332] | v3:G2[0.333,0.333,0.334] | v4:G2[0.332,0.333,0.334]
[TopoTrace Step 0] v0:G2[0.333,0.333,0.334] | v1:G0[0.334,0.333,0.333] | v2:G0[0.334,0.333,0.332] | v3:G2[0.333,0.333,0.334] | v4:G2[0.332,0.333,0.334]
[TopoTrace Step 0] v0:G2[0.333,0.333,0.334] | v1:G0[0.334,0.333,0.333] | v2:G0[0.334,0.333,0.332] | v3:G2[0.333,0.333,0.334] | v4:G2[0.332,0.333,0.334]
[TopoTrace Step 0] v0:G2[0.333,0.333,0.334] | v1:G0[0.334,0.333,0.333] | v2:G0[0.334,0.333,0.332] | v3:G2[0.333,0.333,0.334] | v4:G2[0.332,0.333,0.334]
[TopoTrace Step 0] v0:G2[0.333,0.333,0.334] | v1:G0[0.334,0.333,0.333] | v2:G0[0.334,0.333,0.332] | v3:G2[0.333,0.333,0.334] | v4:G2[0.332,0.333,0.334]
[TopoTrace Step 0] v0:G2[0.333,0.333,0.334] | v1:G0[0.334,0.333,0.333] | v2:G0[0.334,0.333,0.332] | v3:G2[0.333,0.333,0.334] | v4:G2[0.332,0.333,0.334]
[TopoTrace Step 0] v0:G2[0.333,0.333,0.334] | v1:G0[0.334,0.333,0.333] | v2:G0[0.334,0.333,0.332] | v3:G2[0.333,0.333,0.334] | v4:G2[0.332,0.333,0.334]
[TopoTrace Step 0] v0:G2[0.333,0.333,0.334] | v1:G0[0.334,0.333,0.333] | v2:G0[0.334,0.333,0.332] | v3:G2[0.333,0.333,0.334] | v4:G2[0.332,0.333,0.334]
[TopoTrace Step 0] v0:G2[0.333,0.333,0.334] | v1:G0[0.334,0.333,0.333] | v2:G0[0.334,0.333,0.332] | v3:G2[0.333,0.333,0.334] | v4:G2[0.332,0.333,0.334]
[TopoTrace Step 0] v0:G2[0.333,0.333,0.334] | v1:G0[0.334,0.333,0.333] | v2:G0[0.334,0.333,0.332] | v3:G2[0.333,0.333,0.334] | v4:G2[0.332,0.333,0.334][TopoTrace Step 0] v0:G2[0.333,0.333,0.334] | v1:G0[0.334,0.333,0.333] | v2:G0[0.334,0.333,0.332] | v3:G2[0.333,0.333,0.334] | v4:G2[0.332,0.333,0.334]

[TopoTrace Step 0] v0:G2[0.333,0.333,0.334] | v1:G0[0.334,0.333,0.333] | v2:G0[0.334,0.333,0.332] | v3:G2[0.333,0.333,0.334] | v4:G2[0.332,0.333,0.334]
[TopoTrace Step 0] v0:G2[0.333,0.333,0.334] | v1:G0[0.334,0.333,0.333] | v2:G0[0.334,0.333,0.332] | v3:G2[0.333,0.333,0.334] | v4:G2[0.332,0.333,0.334]
[TopoTrace Step 0] v0:G2[0.333,0.333,0.334] | v1:G0[0.334,0.333,0.333] | v2:G0[0.334,0.333,0.332] | v3:G2[0.333,0.333,0.334] | v4:G2[0.332,0.333,0.334][TopoTrace Step 0] v0:G2[0.333,0.333,0.334] | v1:G0[0.334,0.333,0.333] | v2:G0[0.334,0.333,0.332] | v3:G2[0.333,0.333,0.334] | v4:G2[0.332,0.333,0.334]

[TopoTrace Step 0] v0:G2[0.333,0.333,0.334] | v1:G0[0.334,0.333,0.333] | v2:G0[0.334,0.333,0.332] | v3:G2[0.333,0.333,0.334] | v4:G2[0.332,0.333,0.334]
[TopoTrace Step 0] v0:G2[0.333,0.333,0.334] | v1:G0[0.334,0.333,0.333] | v2:G0[0.334,0.333,0.332] | v3:G2[0.333,0.333,0.334] | v4:G2[0.332,0.333,0.334]
[TopoTrace Step 0] v0:G2[0.333,0.333,0.334] | v1:G0[0.334,0.333,0.333] | v2:G0[0.334,0.333,0.332] | v3:G2[0.333,0.333,0.334] | v4:G2[0.332,0.333,0.334]
[TopoTrace Step 0] v0:G2[0.333,0.333,0.334] | v1:G0[0.334,0.333,0.333] | v2:G0[0.334,0.333,0.332] | v3:G2[0.333,0.333,0.334] | v4:G2[0.332,0.333,0.334]
[TopoTrace Step 0] v0:G2[0.333,0.333,0.334] | v1:G0[0.334,0.333,0.333] | v2:G0[0.335,0.333,0.332] | v3:G2[0.333,0.333,0.334] | v4:G2[0.332,0.333,0.334]
[TopoTrace Step 0] v0:G2[0.333,0.333,0.334] | v1:G0[0.334,0.333,0.333] | v2:G0[0.335,0.333,0.332] | v3:G2[0.333,0.333,0.334] | v4:G2[0.332,0.333,0.334]
[TopoTrace Step 0] v0:G2[0.333,0.333,0.334] | v1:G0[0.334,0.333,0.333] | v2:G0[0.335,0.333,0.332] | v3:G2[0.333,0.333,0.334] | v4:G2[0.332,0.333,0.334][TopoTrace Step 0] v0:G2[0.333,0.333,0.334] | v1:G0[0.334,0.333,0.333] | v2:G0[0.335,0.333,0.332] | v3:G2[0.333,0.333,0.334] | v4:G2[0.332,0.333,0.334]

[TopoTrace Step 0] v0:G2[0.333,0.333,0.334] | v1:G0[0.334,0.333,0.333] | v2:G0[0.335,0.333,0.332] | v3:G2[0.333,0.333,0.334] | v4:G2[0.332,0.333,0.334]
[TopoTrace Step 0] v0:G2[0.333,0.333,0.334] | v1:G0[0.334,0.333,0.333] | v2:G0[0.335,0.333,0.332] | v3:G2[0.333,0.333,0.334] | v4:G2[0.332,0.333,0.334]
[TopoTrace Step 0] v0:G2[0.333,0.333,0.334] | v1:G0[0.334,0.333,0.333] | v2:G0[0.335,0.333,0.332] | v3:G2[0.333,0.333,0.334] | v4:G2[0.332,0.333,0.334]
[TopoTrace Step 0] v0:G2[0.333,0.333,0.334] | v1:G0[0.334,0.333,0.333] | v2:G0[0.335,0.333,0.332] | v3:G2[0.333,0.333,0.334] | v4:G2[0.332,0.333,0.334]
[TopoTrace Step 0] v0:G2[0.333,0.333,0.334] | v1:G0[0.334,0.333,0.333] | v2:G0[0.335,0.333,0.332] | v3:G2[0.333,0.333,0.334] | v4:G2[0.332,0.333,0.334]
[TopoTrace Step 0] v0:G2[0.333,0.333,0.334] | v1:G0[0.334,0.333,0.333] | v2:G0[0.335,0.333,0.332] | v3:G2[0.333,0.333,0.334] | v4:G2[0.332,0.333,0.334]
[TopoTrace Step 0] v0:G2[0.333,0.333,0.334] | v1:G0[0.334,0.333,0.333] | v2:G0[0.335,0.333,0.332] | v3:G2[0.333,0.333,0.334] | v4:G2[0.332,0.333,0.334]
[TopoTrace Step 0] v0:G2[0.333,0.333,0.334] | v1:G0[0.334,0.333,0.333] | v2:G0[0.335,0.333,0.332] | v3:G2[0.333,0.333,0.334] | v4:G2[0.332,0.333,0.334]
[TopoTrace Step 0] v0:G2[0.333,0.333,0.334] | v1:G0[0.334,0.333,0.333] | v2:G0[0.335,0.333,0.332] | v3:G2[0.333,0.333,0.334] | v4:G2[0.332,0.333,0.334]
[TopoTrace Step 0] v0:G2[0.333,0.333,0.334] | v1:G0[0.334,0.333,0.333] | v2:G0[0.335,0.333,0.332] | v3:G2[0.333,0.333,0.334] | v4:G2[0.332,0.333,0.334]
[TopoTrace Step 0] v0:G2[0.333,0.333,0.334] | v1:G0[0.334,0.333,0.333] | v2:G0[0.335,0.333,0.332] | v3:G2[0.333,0.333,0.334] | v4:G2[0.332,0.333,0.334][TopoTrace Step 0] v0:G2[0.333,0.333,0.334] | v1:G0[0.334,0.333,0.333] | v2:G0[0.335,0.333,0.332] | v3:G2[0.333,0.333,0.334] | v4:G2[0.332,0.333,0.334]

[TopoTrace Step 0] v0:G2[0.333,0.333,0.334] | v1:G0[0.334,0.333,0.333] | v2:G0[0.335,0.333,0.332] | v3:G2[0.333,0.333,0.334] | v4:G2[0.332,0.333,0.334]
[TopoTrace Step 0] v0:G2[0.333,0.333,0.334] | v1:G0[0.334,0.333,0.333] | v2:G0[0.335,0.333,0.332] | v3:G2[0.333,0.333,0.334] | v4:G2[0.332,0.333,0.334]
[TopoTrace Step 0] v0:G2[0.333,0.333,0.334] | v1:G0[0.334,0.333,0.333] | v2:G0[0.335,0.333,0.332] | v3:G2[0.333,0.333,0.334] | v4:G2[0.332,0.333,0.334]
[TopoTrace Step 0] v0:G2[0.333,0.333,0.334] | v1:G0[0.334,0.333,0.333] | v2:G0[0.335,0.333,0.332] | v3:G2[0.333,0.333,0.334] | v4:G2[0.332,0.333,0.334]
[TopoTrace Step 0] v0:G2[0.333,0.333,0.334] | v1:G0[0.334,0.333,0.333] | v2:G0[0.335,0.333,0.332] | v3:G2[0.333,0.333,0.334] | v4:G2[0.332,0.333,0.334]
[TopoTrace Step 0] v0:G2[0.333,0.333,0.334] | v1:G0[0.334,0.333,0.333] | v2:G0[0.335,0.333,0.332] | v3:G2[0.333,0.333,0.334] | v4:G2[0.332,0.333,0.334]
[TopoTrace Step 0] v0:G2[0.333,0.333,0.334] | v1:G0[0.334,0.333,0.333] | v2:G0[0.335,0.333,0.332] | v3:G2[0.333,0.333,0.334] | v4:G2[0.332,0.333,0.334][TopoTrace Step 0] v0:G2[0.333,0.333,0.334] | v1:G0[0.334,0.333,0.333] | v2:G0[0.335,0.333,0.332] | v3:G2[0.333,0.333,0.334] | v4:G2[0.332,0.333,0.334]

[TopoTrace Step 0] v0:G2[0.333,0.333,0.334] | v1:G0[0.334,0.333,0.333] | v2:G0[0.335,0.333,0.332] | v3:G2[0.333,0.333,0.334] | v4:G2[0.332,0.333,0.334]
[TopoTrace Step 0] v0:G2[0.333,0.333,0.334] | v1:G0[0.334,0.333,0.333] | v2:G0[0.335,0.333,0.332] | v3:G2[0.333,0.333,0.334] | v4:G2[0.332,0.333,0.334]
[TopoTrace Step 0] v0:G2[0.333,0.333,0.334] | v1:G0[0.334,0.333,0.333] | v2:G0[0.335,0.333,0.332] | v3:G2[0.333,0.333,0.334] | v4:G2[0.332,0.333,0.334]
[TopoTrace Step 0] v0:G2[0.333,0.333,0.334] | v1:G0[0.334,0.333,0.333] | v2:G0[0.335,0.333,0.332] | v3:G2[0.333,0.333,0.334] | v4:G2[0.332,0.333,0.334]
[TopoTrace Step 0] v0:G2[0.333,0.333,0.334] | v1:G0[0.334,0.333,0.333] | v2:G0[0.335,0.333,0.332] | v3:G2[0.333,0.333,0.334] | v4:G2[0.332,0.333,0.334]
[TopoTrace Step 0] v0:G2[0.333,0.333,0.334] | v1:G0[0.334,0.333,0.333] | v2:G0[0.335,0.333,0.332] | v3:G2[0.333,0.333,0.334] | v4:G2[0.332,0.333,0.334]
[TopoTrace Step 0] v0:G2[0.333,0.333,0.334] | v1:G0[0.334,0.333,0.333] | v2:G0[0.335,0.333,0.332] | v3:G2[0.333,0.333,0.334] | v4:G2[0.332,0.333,0.334][TopoTrace Step 0] v0:G2[0.333,0.333,0.334] | v1:G0[0.334,0.333,0.333] | v2:G0[0.335,0.333,0.332] | v3:G2[0.333,0.333,0.334] | v4:G2[0.332,0.333,0.334]

[TopoTrace Step 0] v0:G2[0.333,0.333,0.334] | v1:G0[0.334,0.333,0.333] | v2:G0[0.335,0.333,0.332] | v3:G2[0.333,0.333,0.334] | v4:G2[0.332,0.333,0.334]
[TopoTrace Step 0] v0:G2[0.333,0.333,0.334] | v1:G0[0.334,0.333,0.333] | v2:G0[0.335,0.333,0.332] | v3:G2[0.333,0.333,0.334] | v4:G2[0.332,0.333,0.334]
[TopoTrace Step 0] v0:G2[0.333,0.333,0.334] | v1:G0[0.334,0.333,0.333] | v2:G0[0.335,0.333,0.332] | v3:G2[0.333,0.333,0.334] | v4:G2[0.332,0.333,0.334]
[TopoTrace Step 0] v0:G2[0.333,0.333,0.334] | v1:G0[0.334,0.333,0.333] | v2:G0[0.335,0.333,0.332] | v3:G2[0.333,0.333,0.334] | v4:G2[0.332,0.333,0.334]
[TopoTrace Step 0] v0:G2[0.333,0.333,0.334] | v1:G0[0.334,0.333,0.333] | v2:G0[0.335,0.333,0.332] | v3:G2[0.333,0.333,0.334] | v4:G2[0.332,0.333,0.334]
[TopoTrace Step 0] v0:G2[0.333,0.333,0.334] | v1:G0[0.334,0.333,0.333] | v2:G0[0.335,0.333,0.332] | v3:G2[0.333,0.333,0.334] | v4:G2[0.332,0.333,0.334]
[TopoTrace Step 0] v0:G2[0.333,0.333,0.334] | v1:G0[0.334,0.333,0.333] | v2:G0[0.335,0.333,0.332] | v3:G2[0.333,0.333,0.334] | v4:G2[0.332,0.333,0.334][TopoTrace Step 0] v0:G2[0.333,0.333,0.334] | v1:G0[0.334,0.333,0.333] | v2:G0[0.335,0.333,0.332] | v3:G2[0.333,0.333,0.334] | v4:G2[0.332,0.333,0.334]

[TopoTrace Step 0] v0:G2[0.333,0.333,0.334] | v1:G0[0.334,0.333,0.333] | v2:G0[0.335,0.333,0.332] | v3:G2[0.333,0.333,0.334] | v4:G2[0.332,0.333,0.334]
[TopoTrace Step 0] v0:G2[0.333,0.333,0.334] | v1:G0[0.334,0.333,0.333] | v2:G0[0.335,0.333,0.332] | v3:G2[0.333,0.333,0.334] | v4:G2[0.332,0.333,0.334]
[TopoTrace Step 0] v0:G2[0.333,0.333,0.334] | v1:G0[0.334,0.333,0.333] | v2:G0[0.335,0.333,0.332] | v3:G2[0.333,0.333,0.334] | v4:G2[0.332,0.333,0.334][TopoTrace Step 0] v0:G2[0.333,0.333,0.334] | v1:G0[0.334,0.333,0.333] | v2:G0[0.335,0.333,0.332] | v3:G2[0.333,0.333,0.334] | v4:G2[0.332,0.333,0.334]

[TopoTrace Step 0] v0:G2[0.333,0.333,0.334] | v1:G0[0.334,0.333,0.333] | v2:G0[0.335,0.333,0.332] | v3:G2[0.333,0.333,0.334] | v4:G2[0.332,0.333,0.334]
[TopoTrace Step 0] v0:G2[0.333,0.333,0.334] | v1:G0[0.334,0.333,0.333] | v2:G0[0.335,0.333,0.332] | v3:G2[0.333,0.333,0.334] | v4:G2[0.332,0.333,0.334]
[TopoTrace Step 0] v0:G2[0.333,0.333,0.334] | v1:G0[0.334,0.333,0.333] | v2:G0[0.335,0.333,0.332] | v3:G2[0.333,0.333,0.334] | v4:G2[0.332,0.333,0.334][TopoTrace Step 0] v0:G2[0.333,0.333,0.334] | v1:G0[0.334,0.333,0.333] | v2:G0[0.335,0.333,0.332] | v3:G2[0.333,0.333,0.334] | v4:G2[0.332,0.333,0.334]

[TopoTrace Step 0] v0:G2[0.333,0.333,0.334] | v1:G0[0.334,0.333,0.333] | v2:G0[0.335,0.333,0.332] | v3:G2[0.333,0.333,0.334] | v4:G2[0.332,0.333,0.334]
[TopoTrace Step 0] v0:G2[0.333,0.333,0.334] | v1:G0[0.334,0.333,0.333] | v2:G0[0.335,0.333,0.332] | v3:G2[0.333,0.333,0.334] | v4:G2[0.332,0.333,0.334]
[TopoTrace Step 0] v0:G2[0.333,0.333,0.334] | v1:G0[0.334,0.333,0.333] | v2:G0[0.335,0.333,0.332] | v3:G2[0.333,0.333,0.334] | v4:G2[0.332,0.333,0.334][TopoTrace Step 0] v0:G2[0.333,0.333,0.334] | v1:G0[0.334,0.333,0.333] | v2:G0[0.335,0.333,0.332] | v3:G2[0.333,0.333,0.334] | v4:G2[0.332,0.333,0.334]

[TopoTrace Step 0] v0:G2[0.333,0.333,0.334] | v1:G0[0.334,0.333,0.333] | v2:G0[0.335,0.333,0.332] | v3:G2[0.333,0.333,0.334] | v4:G2[0.332,0.333,0.334]
[TopoTrace Step 0] v0:G2[0.333,0.333,0.334] | v1:G0[0.334,0.333,0.333] | v2:G0[0.335,0.333,0.332] | v3:G2[0.333,0.333,0.334] | v4:G2[0.332,0.333,0.334]
[TopoTrace Step 0] v0:G2[0.333,0.333,0.334] | v1:G0[0.334,0.333,0.333] | v2:G0[0.335,0.333,0.332] | v3:G2[0.333,0.333,0.334] | v4:G2[0.332,0.333,0.334][TopoTrace Step 0] v0:G2[0.333,0.333,0.334] | v1:G0[0.334,0.333,0.333] | v2:G0[0.335,0.333,0.332] | v3:G2[0.333,0.333,0.334] | v4:G2[0.332,0.333,0.334]

[TopoTrace Step 0] v0:G2[0.333,0.333,0.334] | v1:G0[0.334,0.333,0.333] | v2:G0[0.335,0.333,0.332] | v3:G2[0.333,0.333,0.334] | v4:G2[0.332,0.333,0.334]
[TopoTrace Step 0] v0:G2[0.333,0.333,0.334] | v1:G0[0.334,0.333,0.333] | v2:G0[0.335,0.333,0.332] | v3:G2[0.333,0.333,0.334] | v4:G2[0.332,0.333,0.334]
[TopoTrace Step 0] v0:G2[0.333,0.333,0.334] | v1:G0[0.334,0.333,0.333] | v2:G0[0.335,0.333,0.332] | v3:G2[0.333,0.333,0.334] | v4:G2[0.332,0.333,0.334]
[TopoTrace Step 0] v0:G2[0.333,0.333,0.334] | v1:G0[0.334,0.333,0.333] | v2:G0[0.335,0.333,0.332] | v3:G2[0.333,0.333,0.334] | v4:G2[0.332,0.333,0.334]
[TopoTrace Step 0] v0:G2[0.333,0.333,0.334] | v1:G0[0.334,0.333,0.333] | v2:G0[0.335,0.333,0.332] | v3:G2[0.333,0.333,0.334] | v4:G2[0.332,0.333,0.334]
[TopoTrace Step 0] v0:G2[0.333,0.333,0.334] | v1:G0[0.334,0.333,0.333] | v2:G0[0.335,0.333,0.332] | v3:G2[0.333,0.333,0.334] | v4:G2[0.332,0.333,0.334]
[TopoTrace Step 0] v0:G2[0.333,0.333,0.334] | v1:G0[0.334,0.333,0.333] | v2:G0[0.335,0.333,0.332] | v3:G2[0.333,0.333,0.334] | v4:G2[0.332,0.333,0.334][TopoTrace Step 0] v0:G2[0.333,0.333,0.334] | v1:G0[0.334,0.333,0.333] | v2:G0[0.335,0.333,0.332] | v3:G2[0.333,0.333,0.334] | v4:G2[0.332,0.333,0.334]

[TopoTrace Step 0] v0:G2[0.333,0.333,0.334] | v1:G0[0.334,0.333,0.333] | v2:G0[0.335,0.333,0.332] | v3:G2[0.333,0.333,0.334] | v4:G2[0.332,0.333,0.334]
[TopoTrace Step 0] v0:G2[0.333,0.333,0.334] | v1:G0[0.334,0.333,0.333] | v2:G0[0.335,0.333,0.332] | v3:G2[0.333,0.333,0.334] | v4:G2[0.332,0.333,0.334]
[TopoTrace Step 0] v0:G2[0.333,0.333,0.334] | v1:G0[0.334,0.333,0.333] | v2:G0[0.335,0.333,0.332] | v3:G2[0.333,0.333,0.334] | v4:G2[0.332,0.333,0.334][TopoTrace Step 0] v0:G2[0.333,0.333,0.334] | v1:G0[0.334,0.333,0.333] | v2:G0[0.335,0.333,0.332] | v3:G2[0.333,0.333,0.334] | v4:G2[0.332,0.333,0.334]

[TopoTrace Step 0] v0:G2[0.333,0.333,0.334] | v1:G0[0.334,0.333,0.333] | v2:G0[0.335,0.333,0.332] | v3:G2[0.333,0.333,0.334] | v4:G2[0.332,0.333,0.334]
[TopoTrace Step 0] v0:G2[0.333,0.333,0.334] | v1:G0[0.334,0.333,0.333] | v2:G0[0.335,0.333,0.332] | v3:G2[0.333,0.333,0.334] | v4:G2[0.332,0.333,0.334]
[TopoTrace Step 0] v0:G2[0.333,0.333,0.334] | v1:G0[0.334,0.333,0.333] | v2:G0[0.335,0.333,0.332] | v3:G2[0.333,0.333,0.334] | v4:G2[0.332,0.333,0.334][TopoTrace Step 0] v0:G2[0.333,0.333,0.334] | v1:G0[0.334,0.333,0.333] | v2:G0[0.335,0.333,0.332] | v3:G2[0.333,0.333,0.334] | v4:G2[0.332,0.333,0.334]

[TopoTrace Step 0] v0:G2[0.333,0.333,0.334] | v1:G0[0.334,0.333,0.333] | v2:G0[0.335,0.333,0.332] | v3:G2[0.333,0.333,0.334] | v4:G2[0.332,0.333,0.334]
[TopoTrace Step 0] v0:G2[0.333,0.333,0.334] | v1:G0[0.334,0.333,0.333] | v2:G0[0.335,0.333,0.332] | v3:G2[0.333,0.333,0.334] | v4:G2[0.332,0.333,0.334][TopoTrace Step 0] v0:G2[0.333,0.333,0.334] | v1:G0[0.334,0.333,0.333] | v2:G0[0.335,0.333,0.332] | v3:G2[0.333,0.333,0.334] | v4:G2[0.332,0.333,0.334]

[TopoTrace Step 0] v0:G2[0.333,0.333,0.334] | v1:G0[0.334,0.333,0.333] | v2:G0[0.335,0.333,0.332] | v3:G2[0.333,0.333,0.334] | v4:G2[0.332,0.333,0.334]
[TopoTrace Step 0] v0:G2[0.333,0.333,0.334] | v1:G0[0.334,0.333,0.333] | v2:G0[0.335,0.333,0.332] | v3:G2[0.333,0.333,0.334] | v4:G2[0.332,0.333,0.334]
[TopoTrace Step 0] v0:G2[0.333,0.333,0.334] | v1:G0[0.334,0.333,0.333] | v2:G0[0.335,0.333,0.332] | v3:G2[0.333,0.333,0.334] | v4:G2[0.332,0.333,0.334]
[TopoTrace Step 0] v0:G2[0.333,0.333,0.334] | v1:G0[0.334,0.333,0.333] | v2:G0[0.335,0.333,0.332] | v3:G2[0.333,0.333,0.334] | v4:G2[0.332,0.333,0.334]
[TopoTrace Step 0] v0:G2[0.333,0.333,0.334] | v1:G0[0.334,0.333,0.333] | v2:G0[0.335,0.333,0.332] | v3:G2[0.333,0.333,0.334] | v4:G2[0.332,0.333,0.334]
[TopoTrace Step 0] v0:G2[0.333,0.333,0.334] | v1:G0[0.334,0.333,0.333] | v2:G0[0.335,0.333,0.332] | v3:G2[0.333,0.333,0.334] | v4:G2[0.332,0.333,0.334]
[TopoTrace Step 0] v0:G2[0.333,0.333,0.334] | v1:G0[0.334,0.333,0.333] | v2:G0[0.335,0.333,0.332] | v3:G2[0.333,0.333,0.334] | v4:G2[0.332,0.333,0.334]
[TopoTrace Step 0] v0:G2[0.333,0.333,0.334] | v1:G0[0.334,0.333,0.333] | v2:G0[0.335,0.333,0.332] | v3:G2[0.333,0.333,0.334] | v4:G2[0.332,0.333,0.334][TopoTrace Step 0] v0:G2[0.333,0.333,0.334] | v1:G0[0.334,0.333,0.333] | v2:G0[0.335,0.333,0.332] | v3:G2[0.333,0.333,0.334] | v4:G2[0.332,0.333,0.334]

[TopoTrace Step 0] v0:G2[0.333,0.333,0.334] | v1:G0[0.334,0.333,0.333] | v2:G0[0.335,0.333,0.332] | v3:G2[0.333,0.333,0.334] | v4:G2[0.332,0.333,0.334]
[TopoTrace Step 0] v0:G2[0.333,0.333,0.334] | v1:G0[0.334,0.333,0.333] | v2:G0[0.335,0.333,0.332] | v3:G2[0.333,0.333,0.334] | v4:G2[0.332,0.333,0.334]
[TopoTrace Step 0] v0:G2[0.333,0.333,0.334] | v1:G0[0.334,0.333,0.333] | v2:G0[0.335,0.333,0.332] | v3:G2[0.333,0.333,0.334] | v4:G2[0.332,0.333,0.334][TopoTrace Step 0] v0:G2[0.333,0.333,0.334] | v1:G0[0.334,0.333,0.333] | v2:G0[0.335,0.333,0.332] | v3:G2[0.333,0.333,0.334] | v4:G2[0.332,0.333,0.334]

[TopoTrace Step 0] v0:G2[0.333,0.333,0.334] | v1:G0[0.334,0.333,0.333] | v2:G0[0.335,0.333,0.332] | v3:G2[0.333,0.333,0.334] | v4:G2[0.332,0.333,0.334]
[TopoTrace Step 0] v0:G2[0.333,0.333,0.334] | v1:G0[0.334,0.333,0.333] | v2:G0[0.335,0.333,0.332] | v3:G2[0.333,0.333,0.334] | v4:G2[0.332,0.333,0.334]
[TopoTrace Step 0] v0:G2[0.333,0.333,0.334] | v1:G0[0.334,0.333,0.333] | v2:G0[0.335,0.333,0.332] | v3:G2[0.333,0.333,0.334] | v4:G2[0.332,0.333,0.334][TopoTrace Step 0] v0:G2[0.333,0.333,0.334] | v1:G0[0.334,0.333,0.333] | v2:G0[0.335,0.333,0.332] | v3:G2[0.333,0.333,0.334] | v4:G2[0.332,0.333,0.334]

[TopoTrace Step 0] v0:G2[0.333,0.333,0.334] | v1:G0[0.334,0.333,0.333] | v2:G0[0.335,0.333,0.332] | v3:G2[0.333,0.333,0.334] | v4:G2[0.332,0.333,0.334]
[TopoTrace Step 0] v0:G2[0.333,0.333,0.334] | v1:G0[0.334,0.333,0.333] | v2:G0[0.335,0.333,0.332] | v3:G2[0.333,0.333,0.334] | v4:G2[0.332,0.333,0.334]
[TopoTrace Step 0] v0:G2[0.333,0.333,0.334] | v1:G0[0.334,0.333,0.333] | v2:G0[0.335,0.333,0.332] | v3:G2[0.333,0.333,0.334] | v4:G2[0.332,0.333,0.334][TopoTrace Step 0] v0:G2[0.333,0.333,0.334] | v1:G0[0.334,0.333,0.333] | v2:G0[0.335,0.333,0.332] | v3:G2[0.333,0.333,0.334] | v4:G2[0.332,0.333,0.334]

[TopoTrace Step 0] v0:G2[0.333,0.333,0.334] | v1:G0[0.334,0.333,0.333] | v2:G0[0.335,0.333,0.332] | v3:G2[0.333,0.333,0.334] | v4:G2[0.332,0.333,0.334]
[TopoTrace Step 0] v0:G2[0.333,0.333,0.334] | v1:G0[0.334,0.333,0.333] | v2:G0[0.335,0.333,0.332] | v3:G2[0.333,0.333,0.334] | v4:G2[0.332,0.333,0.334]
[TopoTrace Step 0] v0:G2[0.333,0.333,0.334] | v1:G0[0.334,0.333,0.333] | v2:G0[0.335,0.333,0.332] | v3:G2[0.333,0.333,0.334] | v4:G2[0.332,0.333,0.334]
[TopoTrace Step 0] v0:G2[0.333,0.333,0.334] | v1:G0[0.334,0.333,0.333] | v2:G0[0.335,0.333,0.332] | v3:G2[0.333,0.333,0.334] | v4:G2[0.332,0.333,0.334]
[TopoTrace Step 0] v0:G2[0.333,0.333,0.334] | v1:G0[0.334,0.333,0.333] | v2:G0[0.335,0.333,0.332] | v3:G2[0.333,0.333,0.334] | v4:G2[0.332,0.333,0.334]
[TopoTrace Step 0] v0:G2[0.333,0.333,0.334] | v1:G0[0.334,0.333,0.333] | v2:G0[0.335,0.333,0.332] | v3:G2[0.333,0.333,0.334] | v4:G2[0.332,0.333,0.334]
[TopoTrace Step 0] v0:G2[0.333,0.333,0.334] | v1:G0[0.334,0.333,0.333] | v2:G0[0.335,0.333,0.332] | v3:G2[0.333,0.333,0.334] | v4:G2[0.332,0.333,0.334][TopoTrace Step 0] v0:G2[0.333,0.333,0.334] | v1:G0[0.334,0.333,0.333] | v2:G0[0.335,0.333,0.332] | v3:G2[0.333,0.333,0.334] | v4:G2[0.332,0.333,0.334]

[TopoTrace Step 0] v0:G2[0.333,0.333,0.334] | v1:G0[0.334,0.333,0.333] | v2:G0[0.335,0.333,0.332] | v3:G2[0.333,0.333,0.334] | v4:G2[0.332,0.333,0.334]
[TopoTrace Step 0] v0:G2[0.333,0.333,0.334] | v1:G0[0.334,0.333,0.333] | v2:G0[0.335,0.333,0.332] | v3:G2[0.333,0.333,0.334] | v4:G2[0.332,0.333,0.334]
[TopoTrace Step 0] v0:G2[0.333,0.333,0.334] | v1:G0[0.334,0.333,0.333] | v2:G0[0.335,0.333,0.332] | v3:G2[0.333,0.333,0.334] | v4:G2[0.332,0.333,0.334][TopoTrace Step 0] v0:G2[0.333,0.333,0.334] | v1:G0[0.334,0.333,0.333] | v2:G0[0.335,0.333,0.332] | v3:G2[0.333,0.333,0.334] | v4:G2[0.332,0.333,0.334]

[TopoTrace Step 0] v0:G2[0.333,0.333,0.334] | v1:G0[0.334,0.333,0.333] | v2:G0[0.335,0.333,0.332] | v3:G2[0.333,0.333,0.334] | v4:G2[0.332,0.333,0.334]
[TopoTrace Step 0] v0:G2[0.333,0.333,0.334] | v1:G0[0.334,0.333,0.333] | v2:G0[0.335,0.333,0.332] | v3:G2[0.333,0.333,0.334] | v4:G2[0.332,0.333,0.334]
[TopoTrace Step 0] v0:G2[0.333,0.333,0.334] | v1:G0[0.334,0.333,0.333] | v2:G0[0.335,0.333,0.332] | v3:G2[0.333,0.333,0.334] | v4:G2[0.332,0.333,0.334]
[TopoTrace Step 0] v0:G2[0.333,0.333,0.334] | v1:G0[0.334,0.333,0.333] | v2:G0[0.335,0.333,0.332] | v3:G2[0.333,0.333,0.334] | v4:G2[0.332,0.333,0.334]
[TopoTrace Step 0] v0:G2[0.333,0.333,0.334] | v1:G0[0.334,0.333,0.333] | v2:G0[0.335,0.333,0.332] | v3:G2[0.333,0.333,0.334] | v4:G2[0.332,0.333,0.334]
[TopoTrace Step 0] v0:G2[0.333,0.333,0.334] | v1:G0[0.334,0.333,0.333] | v2:G0[0.335,0.333,0.332] | v3:G2[0.333,0.333,0.334] | v4:G2[0.332,0.333,0.334]
[TopoTrace Step 0] v0:G2[0.333,0.333,0.334] | v1:G0[0.334,0.333,0.333] | v2:G0[0.335,0.333,0.332] | v3:G2[0.333,0.333,0.334] | v4:G2[0.332,0.333,0.334][TopoTrace Step 0] v0:G2[0.333,0.333,0.334] | v1:G0[0.334,0.333,0.333] | v2:G0[0.335,0.333,0.332] | v3:G2[0.333,0.333,0.334] | v4:G2[0.332,0.333,0.334]

[TopoTrace Step 0] v0:G2[0.333,0.333,0.334] | v1:G0[0.334,0.333,0.333] | v2:G0[0.335,0.333,0.332] | v3:G2[0.333,0.333,0.334] | v4:G2[0.332,0.333,0.334]
[TopoTrace Step 0] v0:G2[0.333,0.333,0.334] | v1:G0[0.334,0.333,0.333] | v2:G0[0.335,0.333,0.332] | v3:G2[0.333,0.333,0.334] | v4:G2[0.332,0.333,0.334]
[TopoTrace Step 0] v0:G2[0.333,0.333,0.334] | v1:G0[0.334,0.333,0.333] | v2:G0[0.335,0.333,0.332] | v3:G2[0.333,0.333,0.334] | v4:G2[0.332,0.333,0.334]
[TopoTrace Step 0] v0:G2[0.333,0.333,0.334] | v1:G0[0.334,0.333,0.333] | v2:G0[0.335,0.333,0.332] | v3:G2[0.333,0.333,0.334] | v4:G2[0.332,0.333,0.334]
[TopoTrace Step 0] v0:G2[0.333,0.333,0.334] | v1:G0[0.334,0.333,0.333] | v2:G0[0.335,0.333,0.332] | v3:G2[0.333,0.333,0.334] | v4:G2[0.332,0.333,0.334]
[TopoTrace Step 0] v0:G2[0.333,0.333,0.334] | v1:G0[0.334,0.333,0.333] | v2:G0[0.335,0.333,0.332] | v3:G2[0.333,0.333,0.334] | v4:G2[0.332,0.333,0.334]
[TopoTrace Step 0] v0:G2[0.333,0.333,0.334] | v1:G0[0.334,0.333,0.333] | v2:G0[0.335,0.333,0.332] | v3:G2[0.333,0.333,0.334] | v4:G2[0.332,0.333,0.334][TopoTrace Step 0] v0:G2[0.333,0.333,0.334] | v1:G0[0.334,0.333,0.333] | v2:G0[0.335,0.333,0.332] | v3:G2[0.333,0.333,0.334] | v4:G2[0.332,0.333,0.334]

[TopoTrace Step 0] v0:G2[0.333,0.333,0.334] | v1:G0[0.334,0.333,0.333] | v2:G0[0.335,0.333,0.332] | v3:G2[0.333,0.333,0.334] | v4:G2[0.332,0.333,0.334]
[TopoTrace Step 0] v0:G2[0.333,0.333,0.334] | v1:G0[0.334,0.333,0.333] | v2:G0[0.335,0.333,0.332] | v3:G2[0.333,0.333,0.334] | v4:G2[0.332,0.333,0.334]
[TopoTrace Step 0] v0:G2[0.333,0.333,0.334] | v1:G0[0.334,0.333,0.333] | v2:G0[0.335,0.333,0.332] | v3:G2[0.333,0.333,0.334] | v4:G2[0.332,0.333,0.334][TopoTrace Step 0] v0:G2[0.333,0.333,0.334] | v1:G0[0.334,0.333,0.333] | v2:G0[0.335,0.333,0.332] | v3:G2[0.333,0.333,0.334] | v4:G2[0.332,0.333,0.334]

[TopoTrace Step 0] v0:G2[0.333,0.333,0.334] | v1:G0[0.334,0.333,0.333] | v2:G0[0.335,0.333,0.332] | v3:G2[0.333,0.333,0.334] | v4:G2[0.332,0.333,0.334][TopoTrace Step 0] v0:G2[0.333,0.333,0.334] | v1:G0[0.334,0.333,0.333] | v2:G0[0.335,0.333,0.332] | v3:G2[0.333,0.333,0.334] | v4:G2[0.332,0.333,0.334]

[TopoTrace Step 0] v0:G2[0.333,0.333,0.334] | v1:G0[0.334,0.333,0.333] | v2:G0[0.335,0.333,0.332] | v3:G2[0.333,0.333,0.334] | v4:G2[0.332,0.333,0.334]
[TopoTrace Step 0] v0:G2[0.333,0.333,0.334] | v1:G0[0.334,0.333,0.333] | v2:G0[0.335,0.333,0.332] | v3:G2[0.333,0.333,0.334] | v4:G2[0.332,0.333,0.334]
[TopoTrace Step 0] v0:G2[0.333,0.333,0.334] | v1:G0[0.334,0.333,0.333] | v2:G0[0.335,0.333,0.332] | v3:G2[0.333,0.333,0.334] | v4:G2[0.332,0.333,0.334]
[TopoTrace Step 0] v0:G2[0.333,0.333,0.334] | v1:G0[0.334,0.333,0.333] | v2:G0[0.335,0.333,0.332] | v3:G2[0.333,0.333,0.334] | v4:G2[0.332,0.333,0.334]
[TopoTrace Step 0] v0:G2[0.333,0.333,0.334] | v1:G0[0.334,0.333,0.333] | v2:G0[0.335,0.333,0.332] | v3:G2[0.333,0.333,0.334] | v4:G2[0.332,0.333,0.334][TopoTrace Step 0] v0:G2[0.333,0.333,0.334] | v1:G0[0.334,0.333,0.333] | v2:G0[0.335,0.333,0.332] | v3:G2[0.333,0.333,0.334] | v4:G2[0.332,0.333,0.334]

[TopoTrace Step 0] v0:G2[0.333,0.333,0.334] | v1:G0[0.334,0.333,0.333] | v2:G0[0.335,0.333,0.332] | v3:G2[0.333,0.333,0.334] | v4:G2[0.332,0.333,0.334]
[TopoTrace Step 0] v0:G2[0.333,0.333,0.334] | v1:G0[0.334,0.333,0.333] | v2:G0[0.335,0.333,0.332] | v3:G2[0.333,0.333,0.334] | v4:G2[0.332,0.333,0.334]
[TopoTrace Step 0] v0:G2[0.333,0.333,0.334] | v1:G0[0.334,0.333,0.333] | v2:G0[0.335,0.333,0.332] | v3:G2[0.333,0.333,0.334] | v4:G2[0.332,0.333,0.334][TopoTrace Step 0] v0:G2[0.333,0.333,0.334] | v1:G0[0.334,0.333,0.333] | v2:G0[0.335,0.333,0.332] | v3:G2[0.333,0.333,0.334] | v4:G2[0.332,0.333,0.334]

[TopoTrace Step 0] v0:G2[0.333,0.333,0.334] | v1:G0[0.334,0.333,0.333] | v2:G0[0.335,0.333,0.332] | v3:G2[0.333,0.333,0.334] | v4:G2[0.332,0.333,0.334]
[TopoTrace Step 0] v0:G2[0.333,0.333,0.334] | v1:G0[0.334,0.333,0.333] | v2:G0[0.335,0.333,0.332] | v3:G2[0.333,0.333,0.334] | v4:G2[0.332,0.333,0.334]
[TopoTrace Step 0] v0:G2[0.333,0.333,0.334] | v1:G0[0.334,0.333,0.333] | v2:G0[0.335,0.333,0.332] | v3:G2[0.333,0.333,0.334] | v4:G2[0.332,0.333,0.334]
[TopoTrace Step 0] v0:G2[0.333,0.333,0.334] | v1:G0[0.334,0.333,0.333] | v2:G0[0.335,0.333,0.332] | v3:G2[0.333,0.333,0.334] | v4:G2[0.332,0.333,0.334]
[TopoTrace Step 0] v0:G2[0.333,0.333,0.334] | v1:G0[0.334,0.333,0.333] | v2:G0[0.335,0.333,0.332] | v3:G2[0.333,0.333,0.334] | v4:G2[0.332,0.333,0.334]
[TopoTrace Step 0] v0:G2[0.333,0.333,0.334] | v1:G0[0.334,0.333,0.333] | v2:G0[0.335,0.333,0.332] | v3:G2[0.333,0.333,0.334] | v4:G2[0.332,0.333,0.334]
[TopoTrace Step 0] v0:G2[0.333,0.333,0.334] | v1:G0[0.334,0.333,0.333] | v2:G0[0.335,0.333,0.332] | v3:G2[0.333,0.333,0.334] | v4:G2[0.332,0.333,0.334][TopoTrace Step 0] v0:G2[0.333,0.333,0.334] | v1:G0[0.334,0.333,0.333] | v2:G0[0.335,0.333,0.332] | v3:G2[0.333,0.333,0.334] | v4:G2[0.332,0.333,0.334]

[TopoTrace Step 0] v0:G2[0.333,0.333,0.334] | v1:G0[0.334,0.333,0.333] | v2:G0[0.335,0.333,0.332] | v3:G2[0.333,0.333,0.334] | v4:G2[0.332,0.333,0.334]
[TopoTrace Step 0] v0:G2[0.333,0.333,0.334] | v1:G0[0.334,0.333,0.333] | v2:G0[0.335,0.333,0.332] | v3:G2[0.333,0.333,0.334] | v4:G2[0.332,0.333,0.334]
[TopoTrace Step 0] v0:G2[0.333,0.333,0.334] | v1:G0[0.334,0.333,0.333] | v2:G0[0.335,0.333,0.332] | v3:G2[0.333,0.333,0.334] | v4:G2[0.332,0.333,0.334][TopoTrace Step 0] v0:G2[0.333,0.333,0.334] | v1:G0[0.334,0.333,0.333] | v2:G0[0.335,0.333,0.332] | v3:G2[0.333,0.333,0.334] | v4:G2[0.332,0.333,0.334]

[TopoTrace Step 0] v0:G2[0.333,0.333,0.334] | v1:G0[0.334,0.333,0.333] | v2:G0[0.335,0.333,0.332] | v3:G2[0.333,0.333,0.334] | v4:G2[0.332,0.333,0.334]
[TopoTrace Step 0] v0:G2[0.333,0.333,0.334] | v1:G0[0.334,0.333,0.333] | v2:G0[0.335,0.333,0.332] | v3:G2[0.333,0.333,0.334] | v4:G2[0.332,0.333,0.334]
[TopoTrace Step 0] v0:G2[0.333,0.333,0.334] | v1:G0[0.334,0.333,0.333] | v2:G0[0.335,0.333,0.332] | v3:G2[0.333,0.333,0.334] | v4:G2[0.332,0.333,0.334][TopoTrace Step 0] v0:G2[0.333,0.333,0.334] | v1:G0[0.334,0.333,0.333] | v2:G0[0.335,0.333,0.332] | v3:G2[0.333,0.333,0.334] | v4:G2[0.332,0.333,0.334]

[TopoTrace Step 0] v0:G2[0.333,0.333,0.334] | v1:G0[0.334,0.333,0.333] | v2:G0[0.335,0.333,0.332] | v3:G2[0.333,0.333,0.334] | v4:G2[0.332,0.333,0.334]
[TopoTrace Step 0] v0:G2[0.333,0.333,0.334] | v1:G0[0.334,0.333,0.333] | v2:G0[0.335,0.333,0.332] | v3:G2[0.333,0.333,0.334] | v4:G2[0.332,0.333,0.334]
[TopoTrace Step 0] v0:G2[0.333,0.333,0.334] | v1:G0[0.334,0.333,0.333] | v2:G0[0.335,0.333,0.332] | v3:G2[0.333,0.333,0.334] | v4:G2[0.332,0.333,0.334][TopoTrace Step 0] v0:G2[0.333,0.333,0.334] | v1:G0[0.334,0.333,0.333] | v2:G0[0.335,0.333,0.332] | v3:G2[0.333,0.333,0.334] | v4:G2[0.332,0.333,0.334]

[TopoTrace Step 0] v0:G2[0.333,0.333,0.334] | v1:G0[0.334,0.333,0.333] | v2:G0[0.335,0.333,0.332] | v3:G2[0.333,0.333,0.334] | v4:G2[0.332,0.333,0.334]
[TopoTrace Step 0] v0:G2[0.333,0.333,0.334] | v1:G0[0.334,0.333,0.333] | v2:G0[0.335,0.333,0.332] | v3:G2[0.333,0.333,0.334] | v4:G2[0.332,0.333,0.334]
[TopoTrace Step 0] v0:G2[0.333,0.333,0.334] | v1:G0[0.334,0.333,0.333] | v2:G0[0.335,0.333,0.332] | v3:G2[0.333,0.333,0.334] | v4:G2[0.332,0.333,0.334][TopoTrace Step 0] v0:G2[0.333,0.333,0.334] | v1:G0[0.334,0.333,0.333] | v2:G0[0.335,0.333,0.332] | v3:G2[0.333,0.333,0.334] | v4:G2[0.332,0.333,0.334]

[TopoTrace Step 0] v0:G2[0.333,0.333,0.334] | v1:G0[0.334,0.333,0.333] | v2:G0[0.335,0.333,0.332] | v3:G2[0.333,0.333,0.334] | v4:G2[0.332,0.333,0.334]
[TopoTrace Step 0] v0:G2[0.333,0.333,0.334] | v1:G0[0.334,0.333,0.333] | v2:G0[0.335,0.333,0.332] | v3:G2[0.333,0.333,0.334] | v4:G2[0.332,0.333,0.334]
[TopoTrace Step 0] v0:G2[0.333,0.333,0.334] | v1:G0[0.334,0.333,0.333] | v2:G0[0.335,0.333,0.332] | v3:G2[0.333,0.333,0.334] | v4:G2[0.332,0.333,0.334]
[TopoTrace Step 0] v0:G2[0.333,0.333,0.334] | v1:G0[0.334,0.333,0.333] | v2:G0[0.335,0.333,0.332] | v3:G2[0.333,0.333,0.334] | v4:G2[0.332,0.333,0.334]
[TopoTrace Step 0] v0:G2[0.333,0.333,0.334] | v1:G0[0.334,0.333,0.333] | v2:G0[0.335,0.333,0.332] | v3:G2[0.333,0.333,0.334] | v4:G2[0.332,0.333,0.334]
[TopoTrace Step 0] v0:G2[0.333,0.333,0.334] | v1:G0[0.334,0.333,0.333] | v2:G0[0.335,0.333,0.332] | v3:G2[0.333,0.333,0.334] | v4:G2[0.332,0.333,0.334]
[TopoTrace Step 0] v0:G2[0.333,0.333,0.334] | v1:G0[0.334,0.333,0.333] | v2:G0[0.335,0.333,0.332] | v3:G2[0.333,0.333,0.334] | v4:G2[0.332,0.333,0.334][TopoTrace Step 0] v0:G2[0.333,0.333,0.334] | v1:G0[0.334,0.333,0.333] | v2:G0[0.335,0.333,0.332] | v3:G2[0.333,0.333,0.334] | v4:G2[0.332,0.333,0.334]

[TopoTrace Step 0] v0:G2[0.333,0.333,0.334] | v1:G0[0.334,0.333,0.333] | v2:G0[0.335,0.333,0.332] | v3:G2[0.333,0.333,0.334] | v4:G2[0.332,0.333,0.334]
[TopoTrace Step 0] v0:G2[0.333,0.333,0.334] | v1:G0[0.334,0.333,0.333] | v2:G0[0.335,0.333,0.332] | v3:G2[0.333,0.333,0.334] | v4:G2[0.332,0.333,0.334]
[TopoTrace Step 0] v0:G2[0.333,0.333,0.334] | v1:G0[0.334,0.333,0.333] | v2:G0[0.335,0.333,0.332] | v3:G2[0.333,0.333,0.334] | v4:G2[0.332,0.333,0.334]
[TopoTrace Step 0] v0:G2[0.333,0.333,0.334] | v1:G0[0.334,0.333,0.333] | v2:G0[0.335,0.333,0.332] | v3:G2[0.333,0.333,0.334] | v4:G2[0.332,0.333,0.334]
[TopoTrace Step 0] v0:G2[0.333,0.333,0.334] | v1:G0[0.334,0.333,0.333] | v2:G0[0.335,0.333,0.332] | v3:G2[0.333,0.333,0.334] | v4:G2[0.332,0.333,0.334]
[TopoTrace Step 0] v0:G2[0.333,0.333,0.334] | v1:G0[0.334,0.333,0.333] | v2:G0[0.335,0.333,0.332] | v3:G2[0.333,0.333,0.334] | v4:G2[0.332,0.333,0.334][TopoTrace Step 0] v0:G2[0.333,0.333,0.334] | v1:G0[0.334,0.333,0.333] | v2:G0[0.335,0.333,0.332] | v3:G2[0.333,0.333,0.334] | v4:G2[0.332,0.333,0.334]

[TopoTrace Step 0] v0:G2[0.333,0.333,0.334] | v1:G0[0.334,0.333,0.333] | v2:G0[0.335,0.333,0.332] | v3:G2[0.333,0.333,0.334] | v4:G2[0.332,0.333,0.334]
[TopoTrace Step 0] v0:G2[0.333,0.333,0.334] | v1:G0[0.334,0.333,0.333] | v2:G0[0.335,0.333,0.332] | v3:G2[0.333,0.333,0.334] | v4:G2[0.332,0.333,0.334]
[TopoTrace Step 0] v0:G2[0.333,0.333,0.334] | v1:G0[0.334,0.333,0.333] | v2:G0[0.335,0.333,0.332] | v3:G2[0.333,0.333,0.334] | v4:G2[0.332,0.333,0.334]
[TopoTrace Step 0] v0:G2[0.333,0.333,0.334] | v1:G0[0.334,0.333,0.333] | v2:G0[0.335,0.333,0.332] | v3:G2[0.333,0.333,0.334] | v4:G2[0.332,0.333,0.334][TopoTrace Step 0] v0:G2[0.333,0.333,0.334] | v1:G0[0.334,0.333,0.333] | v2:G0[0.335,0.333,0.332] | v3:G2[0.333,0.333,0.334] | v4:G2[0.332,0.333,0.334]

[TopoTrace Step 0] v0:G2[0.333,0.333,0.334] | v1:G0[0.334,0.333,0.333] | v2:G0[0.335,0.333,0.332] | v3:G2[0.333,0.333,0.334] | v4:G2[0.332,0.333,0.334]
[TopoTrace Step 0] v0:G2[0.333,0.333,0.334] | v1:G0[0.334,0.333,0.333] | v2:G0[0.335,0.333,0.332] | v3:G2[0.333,0.333,0.334] | v4:G2[0.332,0.333,0.334]
[TopoTrace Step 0] v0:G2[0.333,0.333,0.334] | v1:G0[0.334,0.333,0.333] | v2:G0[0.335,0.333,0.332] | v3:G2[0.333,0.333,0.334] | v4:G2[0.332,0.333,0.334][TopoTrace Step 0] v0:G2[0.333,0.333,0.334] | v1:G0[0.334,0.333,0.333] | v2:G0[0.335,0.333,0.332] | v3:G2[0.333,0.333,0.334] | v4:G2[0.332,0.333,0.334]

[TopoTrace Step 0] v0:G2[0.333,0.333,0.334] | v1:G0[0.334,0.333,0.333] | v2:G0[0.335,0.333,0.332] | v3:G2[0.333,0.333,0.334] | v4:G2[0.332,0.333,0.334]
[TopoTrace Step 0] v0:G2[0.333,0.333,0.334] | v1:G0[0.334,0.333,0.333] | v2:G0[0.335,0.333,0.332] | v3:G2[0.333,0.333,0.334] | v4:G2[0.332,0.333,0.334]
[TopoTrace Step 0] v0:G2[0.333,0.333,0.334] | v1:G0[0.334,0.333,0.333] | v2:G0[0.335,0.333,0.332] | v3:G2[0.333,0.333,0.334] | v4:G2[0.332,0.333,0.334]
[TopoTrace Step 0] v0:G2[0.333,0.333,0.334] | v1:G0[0.334,0.333,0.333] | v2:G0[0.335,0.333,0.332] | v3:G2[0.333,0.333,0.334] | v4:G2[0.332,0.333,0.334]
[TopoTrace Step 0] v0:G2[0.333,0.333,0.334] | v1:G0[0.334,0.333,0.333] | v2:G0[0.335,0.333,0.332] | v3:G2[0.333,0.333,0.334] | v4:G2[0.332,0.333,0.334]
[TopoTrace Step 0] v0:G2[0.333,0.333,0.334] | v1:G0[0.334,0.333,0.333] | v2:G0[0.335,0.333,0.332] | v3:G2[0.333,0.333,0.334] | v4:G2[0.332,0.333,0.334]
[TopoTrace Step 0] v0:G2[0.333,0.333,0.334] | v1:G0[0.334,0.333,0.333] | v2:G0[0.335,0.333,0.332] | v3:G2[0.333,0.333,0.334] | v4:G2[0.332,0.333,0.334][TopoTrace Step 0] v0:G2[0.333,0.333,0.334] | v1:G0[0.334,0.333,0.333] | v2:G0[0.335,0.333,0.332] | v3:G2[0.333,0.333,0.334] | v4:G2[0.332,0.333,0.334]

[TopoTrace Step 0] v0:G2[0.333,0.333,0.334] | v1:G0[0.334,0.333,0.333] | v2:G0[0.335,0.333,0.332] | v3:G2[0.333,0.333,0.334] | v4:G2[0.332,0.333,0.334]
[TopoTrace Step 0] v0:G2[0.333,0.333,0.334] | v1:G0[0.334,0.333,0.333] | v2:G0[0.335,0.333,0.332] | v3:G2[0.333,0.333,0.334] | v4:G2[0.332,0.333,0.334]
[TopoTrace Step 0] v0:G2[0.333,0.333,0.334] | v1:G0[0.334,0.333,0.333] | v2:G0[0.335,0.333,0.332] | v3:G2[0.333,0.333,0.334] | v4:G2[0.332,0.333,0.334]
[TopoTrace Step 0] v0:G2[0.333,0.333,0.334] | v1:G0[0.334,0.333,0.333] | v2:G0[0.335,0.333,0.332] | v3:G2[0.333,0.333,0.334] | v4:G2[0.332,0.333,0.334]
[TopoTrace Step 0] v0:G2[0.333,0.333,0.334] | v1:G0[0.334,0.333,0.333] | v2:G0[0.335,0.333,0.332] | v3:G2[0.333,0.333,0.334] | v4:G2[0.332,0.333,0.334]
[TopoTrace Step 0] v0:G2[0.333,0.333,0.334] | v1:G0[0.334,0.333,0.333] | v2:G0[0.335,0.333,0.332] | v3:G2[0.333,0.333,0.334] | v4:G2[0.332,0.333,0.334]
[TopoTrace Step 0] v0:G2[0.333,0.333,0.334] | v1:G0[0.334,0.333,0.333] | v2:G0[0.335,0.333,0.332] | v3:G2[0.333,0.333,0.334] | v4:G2[0.332,0.333,0.334]
[TopoTrace Step 0] v0:G2[0.333,0.333,0.334] | v1:G0[0.334,0.333,0.333] | v2:G0[0.335,0.333,0.332] | v3:G2[0.333,0.333,0.334] | v4:G2[0.332,0.333,0.334]
[TopoTrace Step 0] v0:G2[0.333,0.333,0.334] | v1:G0[0.334,0.333,0.333] | v2:G0[0.335,0.333,0.332] | v3:G2[0.333,0.333,0.334] | v4:G2[0.332,0.333,0.334]
[TopoTrace Step 0] v0:G2[0.333,0.333,0.334] | v1:G0[0.334,0.333,0.333] | v2:G0[0.335,0.333,0.332] | v3:G2[0.333,0.333,0.334] | v4:G2[0.332,0.333,0.334][TopoTrace Step 0] v0:G2[0.333,0.333,0.334] | v1:G0[0.334,0.333,0.333] | v2:G0[0.335,0.333,0.332] | v3:G2[0.333,0.333,0.334] | v4:G2[0.332,0.333,0.334]

[TopoTrace Step 0] v0:G2[0.333,0.333,0.334] | v1:G0[0.334,0.333,0.333] | v2:G0[0.335,0.333,0.332] | v3:G2[0.333,0.333,0.334] | v4:G2[0.332,0.333,0.334]
[TopoTrace Step 0] v0:G2[0.333,0.333,0.334] | v1:G0[0.334,0.333,0.333] | v2:G0[0.335,0.333,0.332] | v3:G2[0.333,0.333,0.334] | v4:G2[0.332,0.333,0.334]
[TopoTrace Step 0] v0:G2[0.333,0.333,0.334] | v1:G0[0.334,0.333,0.333] | v2:G0[0.335,0.333,0.332] | v3:G2[0.333,0.333,0.334] | v4:G2[0.332,0.333,0.334]
[TopoTrace Step 0] v0:G2[0.333,0.333,0.334] | v1:G0[0.334,0.333,0.333] | v2:G0[0.335,0.333,0.332] | v3:G2[0.333,0.333,0.334] | v4:G2[0.332,0.333,0.334][TopoTrace Step 0] v0:G2[0.333,0.333,0.334] | v1:G0[0.334,0.333,0.333] | v2:G0[0.335,0.333,0.332] | v3:G2[0.333,0.333,0.334] | v4:G2[0.332,0.333,0.334]

[TopoTrace Step 0] v0:G2[0.333,0.333,0.334] | v1:G0[0.334,0.333,0.333] | v2:G0[0.335,0.333,0.332] | v3:G2[0.333,0.333,0.334] | v4:G2[0.332,0.333,0.334]
[TopoTrace Step 0] v0:G2[0.333,0.333,0.334] | v1:G0[0.334,0.333,0.333] | v2:G0[0.335,0.333,0.332] | v3:G2[0.333,0.333,0.334] | v4:G2[0.332,0.333,0.334]
[TopoTrace Step 0] v0:G2[0.333,0.333,0.334] | v1:G0[0.334,0.333,0.333] | v2:G0[0.335,0.333,0.332] | v3:G2[0.333,0.333,0.334] | v4:G2[0.332,0.333,0.334]
[TopoTrace Step 0] v0:G2[0.333,0.333,0.334] | v1:G0[0.334,0.333,0.333] | v2:G0[0.335,0.333,0.332] | v3:G2[0.333,0.333,0.334] | v4:G2[0.332,0.333,0.334]
[TopoTrace Step 0] v0:G2[0.333,0.333,0.334] | v1:G0[0.334,0.333,0.333] | v2:G0[0.335,0.333,0.332] | v3:G2[0.333,0.333,0.334] | v4:G2[0.332,0.333,0.334]
[TopoTrace Step 0] v0:G2[0.333,0.333,0.334] | v1:G0[0.334,0.333,0.333] | v2:G0[0.335,0.333,0.332] | v3:G2[0.333,0.333,0.334] | v4:G2[0.332,0.333,0.334]
[TopoTrace Step 0] v0:G2[0.333,0.333,0.334] | v1:G0[0.334,0.333,0.333] | v2:G0[0.335,0.333,0.332] | v3:G2[0.333,0.333,0.334] | v4:G2[0.332,0.333,0.334][TopoTrace Step 0] v0:G2[0.333,0.333,0.334] | v1:G0[0.334,0.333,0.333] | v2:G0[0.335,0.333,0.332] | v3:G2[0.333,0.333,0.334] | v4:G2[0.332,0.333,0.334]

[TopoTrace Step 0] v0:G2[0.333,0.333,0.334] | v1:G0[0.334,0.333,0.333] | v2:G0[0.335,0.333,0.332] | v3:G2[0.333,0.333,0.334] | v4:G2[0.332,0.333,0.334]
[TopoTrace Step 0] v0:G2[0.333,0.333,0.334] | v1:G0[0.334,0.333,0.333] | v2:G0[0.335,0.333,0.332] | v3:G2[0.333,0.333,0.334] | v4:G2[0.332,0.333,0.334]
[TopoTrace Step 0] v0:G2[0.333,0.333,0.334] | v1:G0[0.334,0.333,0.333] | v2:G0[0.335,0.333,0.332] | v3:G2[0.333,0.333,0.334] | v4:G2[0.332,0.333,0.334][TopoTrace Step 0] v0:G2[0.333,0.333,0.334] | v1:G0[0.334,0.333,0.333] | v2:G0[0.335,0.333,0.332] | v3:G2[0.333,0.333,0.334] | v4:G2[0.332,0.333,0.334]

[TopoTrace Step 0] v0:G2[0.333,0.333,0.334] | v1:G0[0.334,0.333,0.333] | v2:G0[0.335,0.333,0.332] | v3:G2[0.333,0.333,0.334] | v4:G2[0.332,0.333,0.334]
[TopoTrace Step 0] v0:G2[0.333,0.333,0.334] | v1:G0[0.334,0.333,0.333] | v2:G0[0.335,0.333,0.332] | v3:G2[0.333,0.333,0.334] | v4:G2[0.332,0.333,0.334]
[TopoTrace Step 0] v0:G2[0.333,0.333,0.334] | v1:G0[0.334,0.333,0.333] | v2:G0[0.335,0.333,0.332] | v3:G2[0.333,0.333,0.334] | v4:G2[0.332,0.333,0.334]
[TopoTrace Step 0] v0:G2[0.333,0.333,0.334] | v1:G0[0.334,0.333,0.333] | v2:G0[0.335,0.333,0.332] | v3:G2[0.333,0.333,0.334] | v4:G2[0.332,0.333,0.334]
[TopoTrace Step 0] v0:G2[0.333,0.333,0.334] | v1:G0[0.334,0.333,0.333] | v2:G0[0.335,0.333,0.332] | v3:G2[0.333,0.333,0.334] | v4:G2[0.332,0.333,0.334]
[TopoTrace Step 0] v0:G2[0.333,0.333,0.334] | v1:G0[0.334,0.333,0.333] | v2:G0[0.335,0.333,0.332] | v3:G2[0.333,0.333,0.334] | v4:G2[0.332,0.333,0.334]
[TopoTrace Step 0] v0:G2[0.333,0.333,0.334] | v1:G0[0.334,0.333,0.333] | v2:G0[0.335,0.333,0.332] | v3:G2[0.333,0.333,0.334] | v4:G2[0.332,0.333,0.334][TopoTrace Step 0] v0:G2[0.333,0.333,0.334] | v1:G0[0.334,0.333,0.333] | v2:G0[0.335,0.333,0.332] | v3:G2[0.333,0.333,0.334] | v4:G2[0.332,0.333,0.334]

[TopoTrace Step 0] v0:G2[0.333,0.333,0.334] | v1:G0[0.334,0.333,0.333] | v2:G0[0.335,0.333,0.332] | v3:G2[0.333,0.333,0.334] | v4:G2[0.332,0.333,0.334]
[TopoTrace Step 0] v0:G2[0.333,0.333,0.334] | v1:G0[0.334,0.333,0.333] | v2:G0[0.335,0.333,0.332] | v3:G2[0.333,0.333,0.334] | v4:G2[0.332,0.333,0.334]
[TopoTrace Step 0] v0:G2[0.333,0.333,0.334] | v1:G0[0.334,0.333,0.333] | v2:G0[0.335,0.333,0.332] | v3:G2[0.333,0.333,0.334] | v4:G2[0.332,0.333,0.334][TopoTrace Step 0] v0:G2[0.333,0.333,0.334] | v1:G0[0.334,0.333,0.333] | v2:G0[0.335,0.333,0.332] | v3:G2[0.333,0.333,0.334] | v4:G2[0.332,0.333,0.334]

[TopoTrace Step 0] v0:G2[0.333,0.333,0.334] | v1:G0[0.334,0.333,0.333] | v2:G0[0.335,0.333,0.332] | v3:G2[0.333,0.333,0.334] | v4:G2[0.332,0.333,0.334]
[TopoTrace Step 0] v0:G2[0.333,0.333,0.334] | v1:G0[0.334,0.333,0.333] | v2:G0[0.335,0.333,0.332] | v3:G2[0.333,0.333,0.334] | v4:G2[0.332,0.333,0.334]
[TopoTrace Step 0] v0:G2[0.333,0.333,0.334] | v1:G0[0.334,0.333,0.333] | v2:G0[0.335,0.333,0.332] | v3:G2[0.333,0.333,0.334] | v4:G2[0.332,0.333,0.334]
[TopoTrace Step 0] v0:G2[0.333,0.333,0.334] | v1:G0[0.334,0.333,0.333] | v2:G0[0.335,0.333,0.332] | v3:G2[0.333,0.333,0.334] | v4:G2[0.332,0.333,0.334]
[TopoTrace Step 0] v0:G2[0.333,0.333,0.334] | v1:G0[0.334,0.333,0.333] | v2:G0[0.335,0.333,0.332] | v3:G2[0.333,0.333,0.334] | v4:G2[0.332,0.333,0.334]
[TopoTrace Step 0] v0:G2[0.333,0.333,0.334] | v1:G0[0.334,0.333,0.333] | v2:G0[0.335,0.333,0.332] | v3:G2[0.333,0.333,0.334] | v4:G2[0.332,0.333,0.334]
[TopoTrace Step 0] v0:G2[0.333,0.333,0.334] | v1:G0[0.334,0.333,0.333] | v2:G0[0.335,0.333,0.332] | v3:G2[0.333,0.333,0.334] | v4:G2[0.332,0.333,0.334][TopoTrace Step 0] v0:G2[0.333,0.333,0.334] | v1:G0[0.334,0.333,0.333] | v2:G0[0.335,0.333,0.332] | v3:G2[0.333,0.333,0.334] | v4:G2[0.332,0.333,0.334]

[TopoTrace Step 0] v0:G2[0.333,0.333,0.334] | v1:G0[0.334,0.333,0.333] | v2:G0[0.335,0.333,0.332] | v3:G2[0.333,0.333,0.334] | v4:G2[0.332,0.333,0.334]
[TopoTrace Step 0] v0:G2[0.333,0.333,0.334] | v1:G0[0.334,0.333,0.333] | v2:G0[0.335,0.333,0.332] | v3:G2[0.333,0.333,0.334] | v4:G2[0.332,0.333,0.334]
[TopoTrace Step 0] v0:G2[0.333,0.333,0.334] | v1:G0[0.334,0.333,0.333] | v2:G0[0.335,0.333,0.332] | v3:G2[0.333,0.333,0.334] | v4:G2[0.332,0.333,0.334][TopoTrace Step 0] v0:G2[0.333,0.333,0.334] | v1:G0[0.334,0.333,0.333] | v2:G0[0.335,0.333,0.332] | v3:G2[0.333,0.333,0.334] | v4:G2[0.332,0.333,0.334]

[TopoTrace Step 0] v0:G2[0.333,0.333,0.334] | v1:G0[0.334,0.333,0.333] | v2:G0[0.335,0.333,0.332] | v3:G2[0.333,0.333,0.334] | v4:G2[0.332,0.333,0.334]
[TopoTrace Step 0] v0:G2[0.333,0.333,0.334] | v1:G0[0.334,0.333,0.333] | v2:G0[0.335,0.333,0.332] | v3:G2[0.333,0.333,0.334] | v4:G2[0.332,0.333,0.334]
[TopoTrace Step 0] v0:G2[0.333,0.333,0.334] | v1:G0[0.334,0.333,0.333] | v2:G0[0.335,0.333,0.332] | v3:G2[0.333,0.333,0.334] | v4:G2[0.332,0.333,0.334][TopoTrace Step 0] v0:G2[0.333,0.333,0.334] | v1:G0[0.334,0.333,0.333] | v2:G0[0.335,0.333,0.332] | v3:G2[0.333,0.333,0.334] | v4:G2[0.332,0.333,0.334]

[TopoTrace Step 0] v0:G2[0.333,0.333,0.334] | v1:G0[0.334,0.333,0.333] | v2:G0[0.335,0.333,0.332] | v3:G2[0.333,0.333,0.334] | v4:G2[0.332,0.333,0.334]
[TopoTrace Step 0] v0:G2[0.333,0.333,0.334] | v1:G0[0.334,0.333,0.333] | v2:G0[0.335,0.333,0.332] | v3:G2[0.333,0.333,0.334] | v4:G2[0.332,0.333,0.334]
[TopoTrace Step 0] v0:G2[0.333,0.333,0.334] | v1:G0[0.334,0.333,0.333] | v2:G0[0.335,0.333,0.332] | v3:G2[0.333,0.333,0.334] | v4:G2[0.332,0.333,0.334]
[TopoTrace Step 0] v0:G2[0.333,0.333,0.334] | v1:G0[0.334,0.333,0.333] | v2:G0[0.335,0.333,0.332] | v3:G2[0.333,0.333,0.334] | v4:G2[0.332,0.333,0.334]
[TopoTrace Step 0] v0:G2[0.333,0.333,0.334] | v1:G0[0.334,0.333,0.333] | v2:G0[0.335,0.333,0.332] | v3:G2[0.333,0.333,0.334] | v4:G2[0.332,0.333,0.334]
[TopoTrace Step 0] v0:G2[0.333,0.333,0.334] | v1:G0[0.334,0.333,0.333] | v2:G0[0.335,0.333,0.332] | v3:G2[0.333,0.333,0.334] | v4:G2[0.332,0.333,0.334]
[TopoTrace Step 0] v0:G2[0.333,0.333,0.334] | v1:G0[0.334,0.333,0.333] | v2:G0[0.335,0.333,0.332] | v3:G2[0.333,0.333,0.334] | v4:G2[0.332,0.333,0.334]
[TopoTrace Step 0] v0:G2[0.333,0.333,0.334] | v1:G0[0.334,0.333,0.333] | v2:G0[0.335,0.333,0.332] | v3:G2[0.333,0.333,0.334] | v4:G2[0.332,0.333,0.334]
[TopoTrace Step 0] v0:G2[0.333,0.333,0.334] | v1:G0[0.334,0.333,0.333] | v2:G0[0.335,0.333,0.332] | v3:G2[0.333,0.333,0.334] | v4:G2[0.332,0.333,0.334]
[TopoTrace Step 0] v0:G2[0.333,0.333,0.334] | v1:G0[0.334,0.333,0.333] | v2:G0[0.335,0.333,0.332] | v3:G2[0.333,0.333,0.334] | v4:G2[0.332,0.333,0.334][TopoTrace Step 0] v0:G2[0.333,0.333,0.334] | v1:G0[0.334,0.333,0.333] | v2:G0[0.335,0.333,0.332] | v3:G2[0.333,0.333,0.334] | v4:G2[0.332,0.333,0.334]

[TopoTrace Step 0] v0:G2[0.333,0.333,0.334] | v1:G0[0.334,0.333,0.333] | v2:G0[0.335,0.333,0.332] | v3:G2[0.333,0.333,0.334] | v4:G2[0.332,0.333,0.334]
[TopoTrace Step 0] v0:G2[0.333,0.333,0.334] | v1:G0[0.334,0.333,0.333] | v2:G0[0.335,0.333,0.332] | v3:G2[0.333,0.333,0.334] | v4:G2[0.332,0.333,0.334]
[TopoTrace Step 0] v0:G2[0.333,0.333,0.334] | v1:G0[0.334,0.333,0.333] | v2:G0[0.335,0.333,0.332] | v3:G2[0.333,0.333,0.334] | v4:G2[0.332,0.333,0.334]
[TopoTrace Step 0] v0:G2[0.333,0.333,0.334] | v1:G0[0.334,0.333,0.333] | v2:G0[0.335,0.333,0.332] | v3:G2[0.333,0.333,0.334] | v4:G2[0.332,0.333,0.334]
[TopoTrace Step 0] v0:G2[0.333,0.333,0.334] | v1:G0[0.334,0.333,0.333] | v2:G0[0.335,0.333,0.332] | v3:G2[0.333,0.333,0.334] | v4:G2[0.332,0.333,0.334]
[TopoTrace Step 0] v0:G2[0.333,0.333,0.334] | v1:G0[0.334,0.333,0.333] | v2:G0[0.335,0.333,0.332] | v3:G2[0.333,0.333,0.334] | v4:G2[0.332,0.333,0.334]
[TopoTrace Step 0] v0:G2[0.333,0.333,0.334] | v1:G0[0.334,0.333,0.333] | v2:G0[0.335,0.333,0.332] | v3:G2[0.333,0.333,0.334] | v4:G2[0.332,0.333,0.334]
[TopoTrace Step 0] v0:G2[0.333,0.333,0.334] | v1:G0[0.334,0.333,0.333] | v2:G0[0.335,0.333,0.332] | v3:G2[0.333,0.333,0.334] | v4:G2[0.332,0.333,0.334][TopoTrace Step 0] v0:G2[0.333,0.333,0.334] | v1:G0[0.334,0.333,0.333] | v2:G0[0.335,0.333,0.332] | v3:G2[0.333,0.333,0.334] | v4:G2[0.332,0.333,0.334]

[TopoTrace Step 0] v0:G2[0.333,0.333,0.334] | v1:G0[0.334,0.333,0.333] | v2:G0[0.335,0.333,0.332] | v3:G2[0.333,0.333,0.334] | v4:G2[0.332,0.333,0.334]
[TopoTrace Step 0] v0:G2[0.333,0.333,0.334] | v1:G0[0.334,0.333,0.333] | v2:G0[0.335,0.333,0.332] | v3:G2[0.333,0.333,0.334] | v4:G2[0.332,0.333,0.334]
[TopoTrace Step 0] v0:G2[0.333,0.333,0.334] | v1:G0[0.334,0.333,0.333] | v2:G0[0.335,0.333,0.332] | v3:G2[0.333,0.333,0.334] | v4:G2[0.332,0.333,0.334]
[TopoTrace Step 0] v0:G2[0.333,0.333,0.334] | v1:G0[0.334,0.333,0.333] | v2:G0[0.335,0.333,0.332] | v3:G2[0.333,0.333,0.334] | v4:G2[0.332,0.333,0.334]
[TopoTrace Step 0] v0:G2[0.333,0.333,0.334] | v1:G0[0.334,0.333,0.333] | v2:G0[0.335,0.333,0.332] | v3:G2[0.333,0.333,0.334] | v4:G2[0.332,0.333,0.334]
[TopoTrace Step 0] v0:G2[0.333,0.333,0.334] | v1:G0[0.334,0.333,0.333] | v2:G0[0.335,0.333,0.332] | v3:G2[0.333,0.333,0.334] | v4:G2[0.332,0.333,0.334][TopoTrace Step 0] v0:G2[0.333,0.333,0.334] | v1:G0[0.334,0.333,0.333] | v2:G0[0.335,0.333,0.332] | v3:G2[0.333,0.333,0.334] | v4:G2[0.332,0.333,0.334]

[TopoTrace Step 0] v0:G2[0.333,0.333,0.334] | v1:G0[0.334,0.333,0.333] | v2:G0[0.335,0.333,0.332] | v3:G2[0.333,0.333,0.334] | v4:G2[0.332,0.333,0.334]
[TopoTrace Step 0] v0:G2[0.333,0.333,0.334] | v1:G0[0.334,0.333,0.333] | v2:G0[0.335,0.333,0.332] | v3:G2[0.333,0.333,0.334] | v4:G2[0.332,0.333,0.334]
[TopoTrace Step 0] v0:G2[0.333,0.333,0.334] | v1:G0[0.334,0.333,0.333] | v2:G0[0.335,0.333,0.332] | v3:G2[0.333,0.333,0.334] | v4:G2[0.332,0.333,0.334][TopoTrace Step 0] v0:G2[0.333,0.333,0.334] | v1:G0[0.334,0.333,0.333] | v2:G0[0.335,0.333,0.332] | v3:G2[0.333,0.333,0.334] | v4:G2[0.332,0.333,0.334]

[TopoTrace Step 0] v0:G2[0.333,0.333,0.334] | v1:G0[0.334,0.333,0.333] | v2:G0[0.335,0.333,0.332] | v3:G2[0.333,0.333,0.334] | v4:G2[0.332,0.333,0.334]
[TopoTrace Step 0] v0:G2[0.333,0.333,0.334] | v1:G0[0.334,0.333,0.333] | v2:G0[0.335,0.333,0.332] | v3:G2[0.333,0.333,0.334] | v4:G2[0.332,0.333,0.334]
[TopoTrace Step 0] v0:G2[0.333,0.333,0.334] | v1:G0[0.334,0.333,0.333] | v2:G0[0.335,0.333,0.332] | v3:G2[0.333,0.333,0.334] | v4:G2[0.332,0.333,0.334]
[TopoTrace Step 0] v0:G2[0.333,0.333,0.334] | v1:G0[0.334,0.333,0.333] | v2:G0[0.335,0.333,0.332] | v3:G2[0.333,0.333,0.334] | v4:G2[0.332,0.333,0.334][TopoTrace Step 0] v0:G2[0.333,0.333,0.334] | v1:G0[0.334,0.333,0.333] | v2:G0[0.335,0.333,0.332] | v3:G2[0.333,0.333,0.334] | v4:G2[0.332,0.333,0.334]

[TopoTrace Step 0] v0:G2[0.333,0.333,0.334] | v1:G0[0.334,0.333,0.333] | v2:G0[0.335,0.333,0.332] | v3:G2[0.333,0.333,0.334] | v4:G2[0.332,0.333,0.334]
[TopoTrace Step 0] v0:G2[0.333,0.333,0.334] | v1:G0[0.334,0.333,0.333] | v2:G0[0.335,0.333,0.332] | v3:G2[0.333,0.333,0.334] | v4:G2[0.332,0.333,0.334]
[TopoTrace Step 0] v0:G2[0.333,0.333,0.334] | v1:G0[0.334,0.333,0.333] | v2:G0[0.335,0.333,0.332] | v3:G2[0.333,0.333,0.334] | v4:G2[0.332,0.333,0.334]
[TopoTrace Step 0] v0:G2[0.333,0.333,0.334] | v1:G0[0.334,0.333,0.333] | v2:G0[0.335,0.333,0.332] | v3:G2[0.333,0.333,0.334] | v4:G2[0.332,0.333,0.334]
[TopoTrace Step 0] v0:G2[0.333,0.333,0.334] | v1:G0[0.334,0.333,0.333] | v2:G0[0.335,0.333,0.332] | v3:G2[0.333,0.333,0.334] | v4:G2[0.332,0.333,0.334]
[TopoTrace Step 0] v0:G2[0.333,0.333,0.334] | v1:G0[0.334,0.333,0.333] | v2:G0[0.335,0.333,0.332] | v3:G2[0.333,0.333,0.334] | v4:G2[0.332,0.333,0.334]
[TopoTrace Step 0] v0:G2[0.333,0.333,0.334] | v1:G0[0.334,0.333,0.333] | v2:G0[0.335,0.333,0.332] | v3:G2[0.333,0.333,0.334] | v4:G2[0.332,0.333,0.334]
[TopoTrace Step 0] v0:G2[0.333,0.333,0.334] | v1:G0[0.334,0.333,0.333] | v2:G0[0.335,0.333,0.332] | v3:G2[0.333,0.333,0.334] | v4:G2[0.332,0.333,0.334]
[TopoTrace Step 0] v0:G2[0.333,0.333,0.334] | v1:G0[0.334,0.333,0.333] | v2:G0[0.335,0.333,0.332] | v3:G2[0.333,0.333,0.334] | v4:G2[0.332,0.333,0.334]
[TopoTrace Step 0] v0:G2[0.333,0.333,0.334] | v1:G0[0.334,0.333,0.333] | v2:G0[0.335,0.333,0.332] | v3:G2[0.333,0.333,0.334] | v4:G2[0.332,0.333,0.334]
[TopoTrace Step 0] v0:G2[0.333,0.333,0.334] | v1:G0[0.334,0.333,0.333] | v2:G0[0.335,0.333,0.332] | v3:G2[0.333,0.333,0.334] | v4:G2[0.332,0.333,0.334]
[TopoTrace Step 0] v0:G2[0.333,0.333,0.334] | v1:G0[0.334,0.333,0.333] | v2:G0[0.335,0.333,0.332] | v3:G2[0.333,0.333,0.334] | v4:G2[0.332,0.333,0.334]
[TopoTrace Step 0] v0:G2[0.333,0.333,0.334] | v1:G0[0.334,0.333,0.333] | v2:G0[0.335,0.333,0.332] | v3:G2[0.333,0.333,0.334] | v4:G2[0.332,0.333,0.334]
[TopoTrace Step 0] v0:G2[0.333,0.333,0.334] | v1:G0[0.334,0.333,0.333] | v2:G0[0.335,0.333,0.332] | v3:G2[0.333,0.333,0.334] | v4:G2[0.332,0.333,0.334]
[TopoTrace Step 0] v0:G2[0.333,0.333,0.334] | v1:G0[0.334,0.333,0.333] | v2:G0[0.335,0.333,0.332] | v3:G2[0.333,0.333,0.334] | v4:G2[0.332,0.333,0.334]
[TopoTrace Step 0] v0:G2[0.333,0.333,0.334] | v1:G0[0.334,0.333,0.333] | v2:G0[0.335,0.333,0.332] | v3:G2[0.333,0.333,0.334] | v4:G2[0.332,0.333,0.334]
[TopoTrace Step 0] v0:G2[0.333,0.333,0.334] | v1:G0[0.334,0.333,0.333] | v2:G0[0.335,0.333,0.332] | v3:G2[0.333,0.333,0.334] | v4:G2[0.332,0.333,0.334]
[TopoTrace Step 0] v0:G2[0.333,0.333,0.334] | v1:G0[0.334,0.333,0.333] | v2:G0[0.335,0.333,0.332] | v3:G2[0.333,0.333,0.334] | v4:G2[0.332,0.333,0.334]
[TopoTrace Step 0] v0:G2[0.333,0.333,0.334] | v1:G0[0.334,0.333,0.333] | v2:G0[0.335,0.333,0.332] | v3:G2[0.333,0.333,0.334] | v4:G2[0.332,0.333,0.334][TopoTrace Step 0] v0:G2[0.333,0.333,0.334] | v1:G0[0.334,0.333,0.333] | v2:G0[0.335,0.333,0.332] | v3:G2[0.333,0.333,0.334] | v4:G2[0.332,0.333,0.334]

[TopoTrace Step 0] v0:G2[0.333,0.333,0.334] | v1:G0[0.334,0.333,0.333] | v2:G0[0.335,0.333,0.332] | v3:G2[0.333,0.333,0.334] | v4:G2[0.332,0.333,0.334]
[TopoTrace Step 0] v0:G2[0.333,0.333,0.334] | v1:G0[0.334,0.333,0.333] | v2:G0[0.335,0.333,0.332] | v3:G2[0.333,0.333,0.334] | v4:G2[0.332,0.333,0.334][TopoTrace Step 0] v0:G2[0.333,0.333,0.334] | v1:G0[0.334,0.333,0.333] | v2:G0[0.335,0.333,0.332] | v3:G2[0.333,0.333,0.334] | v4:G2[0.332,0.333,0.334]
[TopoTrace Step 0] v0:G2[0.333,0.333,0.334] | v1:G0[0.334,0.333,0.333] | v2:G0[0.335,0.333,0.332] | v3:G2[0.333,0.333,0.334] | v4:G2[0.332,0.333,0.334]

[TopoTrace Step 0] v0:G2[0.333,0.333,0.334] | v1:G0[0.334,0.333,0.333] | v2:G0[0.335,0.333,0.332] | v3:G2[0.333,0.333,0.334] | v4:G2[0.332,0.333,0.334]
[TopoTrace Step 0] v0:G2[0.333,0.333,0.334] | v1:G0[0.334,0.333,0.333] | v2:G0[0.335,0.333,0.332] | v3:G2[0.333,0.333,0.334] | v4:G2[0.332,0.333,0.334]
[TopoTrace Step 0] v0:G2[0.333,0.333,0.334] | v1:G0[0.334,0.333,0.333] | v2:G0[0.335,0.333,0.332] | v3:G2[0.333,0.333,0.334] | v4:G2[0.332,0.333,0.334]
[TopoTrace Step 0] v0:G2[0.333,0.333,0.334] | v1:G0[0.334,0.333,0.333] | v2:G0[0.335,0.333,0.332] | v3:G2[0.333,0.333,0.334] | v4:G2[0.332,0.333,0.334]
[TopoTrace Step 0] v0:G2[0.333,0.333,0.334] | v1:G0[0.334,0.333,0.333] | v2:G0[0.335,0.333,0.332] | v3:G2[0.333,0.333,0.334] | v4:G2[0.332,0.333,0.334]
[TopoTrace Step 0] v0:G2[0.333,0.333,0.334] | v1:G0[0.334,0.333,0.333] | v2:G0[0.335,0.333,0.332] | v3:G2[0.333,0.333,0.334] | v4:G2[0.332,0.333,0.334]
[TopoTrace Step 0] v0:G2[0.333,0.333,0.334] | v1:G0[0.334,0.333,0.333] | v2:G0[0.335,0.333,0.332] | v3:G2[0.333,0.333,0.334] | v4:G2[0.332,0.333,0.334][TopoTrace Step 0] v0:G2[0.333,0.333,0.334] | v1:G0[0.334,0.333,0.333] | v2:G0[0.335,0.333,0.332] | v3:G2[0.333,0.333,0.334] | v4:G2[0.332,0.333,0.334]

[TopoTrace Step 0] v0:G2[0.333,0.333,0.334] | v1:G0[0.334,0.333,0.333] | v2:G0[0.335,0.333,0.332] | v3:G2[0.333,0.333,0.334] | v4:G2[0.332,0.333,0.334][TopoTrace Step 0] v0:G2[0.333,0.333,0.334] | v1:G0[0.334,0.333,0.333] | v2:G0[0.335,0.333,0.332] | v3:G2[0.333,0.333,0.334] | v4:G2[0.332,0.333,0.334]

[TopoTrace Step 0] v0:G2[0.333,0.333,0.334] | v1:G0[0.334,0.333,0.333] | v2:G0[0.335,0.333,0.332] | v3:G2[0.333,0.333,0.334] | v4:G2[0.332,0.333,0.334][TopoTrace Step 0] v0:G2[0.333,0.333,0.334] | v1:G0[0.334,0.333,0.333] | v2:G0[0.335,0.333,0.332] | v3:G2[0.333,0.333,0.334] | v4:G2[0.332,0.333,0.334]

[TopoTrace Step 0] v0:G2[0.333,0.333,0.334] | v1:G0[0.334,0.333,0.333] | v2:G0[0.335,0.333,0.332] | v3:G2[0.333,0.333,0.334] | v4:G2[0.332,0.333,0.334]
[TopoTrace Step 0] v0:G2[0.333,0.333,0.334] | v1:G0[0.334,0.333,0.333] | v2:G0[0.335,0.333,0.332] | v3:G2[0.333,0.333,0.334] | v4:G2[0.332,0.333,0.334]
[TopoTrace Step 0] v0:G2[0.333,0.333,0.334] | v1:G0[0.334,0.333,0.333] | v2:G0[0.335,0.333,0.332] | v3:G2[0.333,0.333,0.334] | v4:G2[0.332,0.333,0.334][TopoTrace Step 0] v0:G2[0.333,0.333,0.334] | v1:G0[0.334,0.333,0.333] | v2:G0[0.335,0.333,0.332] | v3:G2[0.333,0.333,0.334] | v4:G2[0.332,0.333,0.334]

[TopoTrace Step 0] v0:G2[0.333,0.333,0.334] | v1:G0[0.334,0.333,0.333] | v2:G0[0.335,0.333,0.332] | v3:G2[0.333,0.333,0.334] | v4:G2[0.332,0.333,0.334]
[TopoTrace Step 0] v0:G2[0.333,0.333,0.334] | v1:G0[0.334,0.333,0.333] | v2:G0[0.335,0.333,0.332] | v3:G2[0.333,0.333,0.334] | v4:G2[0.332,0.333,0.334]
[TopoTrace Step 0] v0:G2[0.333,0.333,0.334] | v1:G0[0.334,0.333,0.333] | v2:G0[0.335,0.333,0.332] | v3:G2[0.333,0.333,0.334] | v4:G2[0.332,0.333,0.334]
[TopoTrace Step 0] v0:G2[0.333,0.333,0.334] | v1:G0[0.334,0.333,0.333] | v2:G0[0.335,0.333,0.332] | v3:G2[0.333,0.333,0.334] | v4:G2[0.332,0.333,0.334]
[TopoTrace Step 0] v0:G2[0.333,0.333,0.334] | v1:G0[0.334,0.333,0.333] | v2:G0[0.335,0.333,0.332] | v3:G2[0.333,0.333,0.334] | v4:G2[0.332,0.333,0.334]
[TopoTrace Step 0] v0:G2[0.333,0.333,0.334] | v1:G0[0.334,0.333,0.333] | v2:G0[0.335,0.333,0.332] | v3:G2[0.333,0.333,0.334] | v4:G2[0.332,0.333,0.334]
[TopoTrace Step 0] v0:G2[0.333,0.333,0.334] | v1:G0[0.334,0.333,0.333] | v2:G0[0.335,0.333,0.332] | v3:G2[0.333,0.333,0.334] | v4:G2[0.332,0.333,0.334]
[TopoTrace Step 0] v0:G2[0.333,0.333,0.334] | v1:G0[0.334,0.333,0.333] | v2:G0[0.335,0.333,0.332] | v3:G2[0.333,0.333,0.334] | v4:G2[0.332,0.333,0.334]
[TopoTrace Step 0] v0:G2[0.333,0.333,0.334] | v1:G0[0.334,0.333,0.333] | v2:G0[0.335,0.333,0.332] | v3:G2[0.333,0.333,0.334] | v4:G2[0.332,0.333,0.334]
[TopoTrace Step 0] v0:G2[0.333,0.333,0.334] | v1:G0[0.334,0.333,0.333] | v2:G0[0.335,0.333,0.332] | v3:G2[0.333,0.333,0.334] | v4:G2[0.332,0.333,0.334]
[TopoTrace Step 0] v0:G2[0.333,0.333,0.334] | v1:G0[0.334,0.333,0.333] | v2:G0[0.335,0.333,0.332] | v3:G2[0.333,0.333,0.334] | v4:G2[0.332,0.333,0.334][TopoTrace Step 0] v0:G2[0.333,0.333,0.334] | v1:G0[0.334,0.333,0.333] | v2:G0[0.335,0.333,0.332] | v3:G2[0.333,0.333,0.334] | v4:G2[0.332,0.333,0.334]

[TopoTrace Step 0] v0:G2[0.333,0.333,0.334] | v1:G0[0.334,0.333,0.333] | v2:G0[0.335,0.333,0.332] | v3:G2[0.333,0.333,0.334] | v4:G2[0.332,0.333,0.334]
[TopoTrace Step 0] v0:G2[0.333,0.333,0.334] | v1:G0[0.334,0.333,0.333] | v2:G0[0.335,0.333,0.332] | v3:G2[0.333,0.333,0.334] | v4:G2[0.332,0.333,0.334]
[TopoTrace Step 0] v0:G2[0.333,0.333,0.334] | v1:G0[0.334,0.333,0.333] | v2:G0[0.335,0.333,0.332] | v3:G2[0.333,0.333,0.334] | v4:G2[0.332,0.333,0.334][TopoTrace Step 0] v0:G2[0.333,0.333,0.334] | v1:G0[0.334,0.333,0.333] | v2:G0[0.335,0.333,0.332] | v3:G2[0.333,0.333,0.334] | v4:G2[0.332,0.333,0.334]

[TopoTrace Step 0] v0:G2[0.333,0.333,0.334] | v1:G0[0.334,0.333,0.333] | v2:G0[0.335,0.333,0.332] | v3:G2[0.333,0.333,0.334] | v4:G2[0.332,0.333,0.334]
[TopoTrace Step 0] v0:G2[0.333,0.333,0.334] | v1:G0[0.334,0.333,0.333] | v2:G0[0.335,0.333,0.332] | v3:G2[0.333,0.333,0.334] | v4:G2[0.332,0.333,0.334]
[TopoTrace Step 0] v0:G2[0.333,0.333,0.334] | v1:G0[0.334,0.333,0.333] | v2:G0[0.335,0.333,0.332] | v3:G2[0.333,0.333,0.334] | v4:G2[0.332,0.333,0.334][TopoTrace Step 0] v0:G2[0.333,0.333,0.334] | v1:G0[0.334,0.333,0.333] | v2:G0[0.335,0.333,0.332] | v3:G2[0.333,0.333,0.334] | v4:G2[0.332,0.333,0.334]

[TopoTrace Step 0] v0:G2[0.333,0.333,0.334] | v1:G0[0.334,0.333,0.333] | v2:G0[0.335,0.333,0.332] | v3:G2[0.333,0.333,0.334] | v4:G2[0.332,0.333,0.334]
[TopoTrace Step 0] v0:G2[0.333,0.333,0.334] | v1:G0[0.334,0.333,0.333] | v2:G0[0.335,0.333,0.332] | v3:G2[0.333,0.333,0.334] | v4:G2[0.332,0.333,0.334]
[TopoTrace Step 0] v0:G2[0.333,0.333,0.334] | v1:G0[0.334,0.333,0.333] | v2:G0[0.335,0.333,0.332] | v3:G2[0.333,0.333,0.334] | v4:G2[0.332,0.333,0.334]
[TopoTrace Step 0] v0:G2[0.333,0.333,0.334] | v1:G0[0.334,0.333,0.333] | v2:G0[0.335,0.333,0.332] | v3:G2[0.333,0.333,0.334] | v4:G2[0.332,0.333,0.334]
[TopoTrace Step 0] v0:G2[0.333,0.333,0.334] | v1:G0[0.334,0.333,0.333] | v2:G0[0.335,0.333,0.332] | v3:G2[0.333,0.333,0.334] | v4:G2[0.332,0.333,0.334]
[TopoTrace Step 0] v0:G2[0.333,0.333,0.334] | v1:G0[0.334,0.333,0.333] | v2:G0[0.335,0.333,0.332] | v3:G2[0.333,0.333,0.334] | v4:G2[0.332,0.333,0.334]
[TopoTrace Step 0] v0:G2[0.333,0.333,0.334] | v1:G0[0.334,0.333,0.333] | v2:G0[0.335,0.333,0.332] | v3:G2[0.333,0.333,0.334] | v4:G2[0.332,0.333,0.334]
[TopoTrace Step 0] v0:G2[0.333,0.333,0.334] | v1:G0[0.334,0.333,0.333] | v2:G0[0.335,0.333,0.332] | v3:G2[0.333,0.333,0.334] | v4:G2[0.332,0.333,0.334]
[TopoTrace Step 0] v0:G2[0.333,0.333,0.334] | v1:G0[0.334,0.333,0.333] | v2:G0[0.335,0.333,0.332] | v3:G2[0.333,0.333,0.334] | v4:G2[0.332,0.333,0.334]
[TopoTrace Step 0] v0:G2[0.333,0.333,0.334] | v1:G0[0.334,0.333,0.333] | v2:G0[0.335,0.333,0.332] | v3:G2[0.333,0.333,0.334] | v4:G2[0.332,0.333,0.334]
[TopoTrace Step 0] v0:G2[0.333,0.333,0.334] | v1:G0[0.334,0.333,0.333] | v2:G0[0.335,0.333,0.332] | v3:G2[0.333,0.333,0.334] | v4:G2[0.332,0.333,0.334][TopoTrace Step 0] v0:G2[0.333,0.333,0.334] | v1:G0[0.334,0.333,0.333] | v2:G0[0.335,0.333,0.332] | v3:G2[0.333,0.333,0.334] | v4:G2[0.332,0.333,0.334]

[TopoTrace Step 0] v0:G2[0.333,0.333,0.334] | v1:G0[0.334,0.333,0.333] | v2:G0[0.335,0.333,0.332] | v3:G2[0.333,0.333,0.334] | v4:G2[0.332,0.333,0.334]
[TopoTrace Step 0] v0:G2[0.333,0.333,0.334] | v1:G0[0.334,0.333,0.333] | v2:G0[0.335,0.333,0.332] | v3:G2[0.333,0.333,0.334] | v4:G2[0.332,0.333,0.334]
[TopoTrace Step 0] v0:G2[0.333,0.333,0.334] | v1:G0[0.334,0.333,0.333] | v2:G0[0.335,0.333,0.332] | v3:G2[0.333,0.333,0.334] | v4:G2[0.332,0.333,0.334][TopoTrace Step 0] v0:G2[0.333,0.333,0.334] | v1:G0[0.334,0.333,0.333] | v2:G0[0.335,0.333,0.332] | v3:G2[0.333,0.333,0.334] | v4:G2[0.332,0.333,0.334]

	iters: 100, epoch: 9 | loss: 0.3311089
	speed: 1.2613s/iter; left time: 245.9567s
[TopoTrace Step 0] v0:G2[0.333,0.333,0.334] | v1:G0[0.334,0.333,0.333] | v2:G0[0.335,0.333,0.332] | v3:G2[0.333,0.333,0.334] | v4:G2[0.332,0.333,0.334]
[TopoTrace Step 0] v0:G2[0.333,0.333,0.334] | v1:G0[0.334,0.333,0.333] | v2:G0[0.335,0.333,0.332] | v3:G2[0.333,0.333,0.334] | v4:G2[0.332,0.333,0.334]
[TopoTrace Step 0] v0:G2[0.333,0.333,0.334] | v1:G0[0.334,0.333,0.333] | v2:G0[0.335,0.333,0.332] | v3:G2[0.333,0.333,0.334] | v4:G2[0.332,0.333,0.334][TopoTrace Step 0] v0:G2[0.333,0.333,0.334] | v1:G0[0.334,0.333,0.333] | v2:G0[0.335,0.333,0.332] | v3:G2[0.333,0.333,0.334] | v4:G2[0.332,0.333,0.334]

[TopoTrace Step 0] v0:G2[0.333,0.333,0.334] | v1:G0[0.334,0.333,0.333] | v2:G0[0.335,0.333,0.332] | v3:G2[0.333,0.333,0.334] | v4:G2[0.332,0.333,0.334]
[TopoTrace Step 0] v0:G2[0.333,0.333,0.334] | v1:G0[0.334,0.333,0.333] | v2:G0[0.335,0.333,0.332] | v3:G2[0.333,0.333,0.334] | v4:G2[0.332,0.333,0.334]
[TopoTrace Step 0] v0:G2[0.333,0.333,0.334] | v1:G0[0.334,0.333,0.333] | v2:G0[0.335,0.333,0.332] | v3:G2[0.333,0.333,0.334] | v4:G2[0.332,0.333,0.334][TopoTrace Step 0] v0:G2[0.333,0.333,0.334] | v1:G0[0.334,0.333,0.333] | v2:G0[0.335,0.333,0.332] | v3:G2[0.333,0.333,0.334] | v4:G2[0.332,0.333,0.334]

[TopoTrace Step 0] v0:G2[0.333,0.333,0.334] | v1:G0[0.334,0.333,0.333] | v2:G0[0.335,0.333,0.332] | v3:G2[0.333,0.333,0.334] | v4:G2[0.332,0.333,0.334]
[TopoTrace Step 0] v0:G2[0.333,0.333,0.334] | v1:G0[0.334,0.333,0.333] | v2:G0[0.335,0.333,0.332] | v3:G2[0.333,0.333,0.334] | v4:G2[0.332,0.333,0.334]
[TopoTrace Step 0] v0:G2[0.333,0.333,0.334] | v1:G0[0.334,0.333,0.333] | v2:G0[0.335,0.333,0.332] | v3:G2[0.333,0.333,0.334] | v4:G2[0.332,0.333,0.334][TopoTrace Step 0] v0:G2[0.333,0.333,0.334] | v1:G0[0.334,0.333,0.333] | v2:G0[0.335,0.333,0.332] | v3:G2[0.333,0.333,0.334] | v4:G2[0.332,0.333,0.334]

[TopoTrace Step 0] v0:G2[0.333,0.333,0.334] | v1:G0[0.334,0.333,0.333] | v2:G0[0.335,0.333,0.332] | v3:G2[0.333,0.333,0.334] | v4:G2[0.332,0.333,0.334]
[TopoTrace Step 0] v0:G2[0.333,0.333,0.334] | v1:G0[0.334,0.333,0.333] | v2:G0[0.335,0.333,0.332] | v3:G2[0.333,0.333,0.334] | v4:G2[0.332,0.333,0.334][TopoTrace Step 0] v0:G2[0.333,0.333,0.334] | v1:G0[0.334,0.333,0.333] | v2:G0[0.335,0.333,0.332] | v3:G2[0.333,0.333,0.334] | v4:G2[0.332,0.333,0.334][TopoTrace Step 0] v0:G2[0.333,0.333,0.334] | v1:G0[0.334,0.333,0.333] | v2:G0[0.335,0.333,0.332] | v3:G2[0.333,0.333,0.334] | v4:G2[0.332,0.333,0.334]


[TopoTrace Step 0] v0:G2[0.333,0.333,0.334] | v1:G0[0.334,0.333,0.333] | v2:G0[0.335,0.333,0.332] | v3:G2[0.333,0.333,0.334] | v4:G2[0.332,0.333,0.334]
[TopoTrace Step 0] v0:G2[0.333,0.333,0.334] | v1:G0[0.334,0.333,0.333] | v2:G0[0.335,0.333,0.332] | v3:G2[0.333,0.333,0.334] | v4:G2[0.332,0.333,0.334]
[TopoTrace Step 0] v0:G2[0.333,0.333,0.334] | v1:G0[0.334,0.333,0.333] | v2:G0[0.335,0.333,0.332] | v3:G2[0.333,0.333,0.334] | v4:G2[0.332,0.333,0.334]
[TopoTrace Step 0] v0:G2[0.333,0.333,0.334] | v1:G0[0.334,0.333,0.333] | v2:G0[0.335,0.333,0.332] | v3:G2[0.333,0.333,0.334] | v4:G2[0.332,0.333,0.334]
[TopoTrace Step 0] v0:G2[0.333,0.333,0.334] | v1:G0[0.334,0.333,0.333] | v2:G0[0.335,0.333,0.332] | v3:G2[0.333,0.333,0.334] | v4:G2[0.332,0.333,0.334]
[TopoTrace Step 0] v0:G2[0.333,0.333,0.334] | v1:G0[0.334,0.333,0.333] | v2:G0[0.335,0.333,0.332] | v3:G2[0.333,0.333,0.334] | v4:G2[0.332,0.333,0.334]
[TopoTrace Step 0] v0:G2[0.333,0.333,0.334] | v1:G0[0.334,0.333,0.333] | v2:G0[0.335,0.333,0.332] | v3:G2[0.333,0.333,0.334] | v4:G2[0.332,0.333,0.334][TopoTrace Step 0] v0:G2[0.333,0.333,0.334] | v1:G0[0.334,0.333,0.333] | v2:G0[0.335,0.333,0.332] | v3:G2[0.333,0.333,0.334] | v4:G2[0.332,0.333,0.334]

[TopoTrace Step 0] v0:G2[0.333,0.333,0.334] | v1:G0[0.334,0.333,0.333] | v2:G0[0.335,0.333,0.332] | v3:G2[0.333,0.333,0.334] | v4:G2[0.332,0.333,0.334]
[TopoTrace Step 0] v0:G2[0.333,0.333,0.334] | v1:G0[0.334,0.333,0.333] | v2:G0[0.335,0.333,0.332] | v3:G2[0.333,0.333,0.334] | v4:G2[0.332,0.333,0.334][TopoTrace Step 0] v0:G2[0.333,0.333,0.334] | v1:G0[0.334,0.333,0.333] | v2:G0[0.335,0.333,0.332] | v3:G2[0.333,0.333,0.334] | v4:G2[0.332,0.333,0.334]

[TopoTrace Step 0] v0:G2[0.333,0.333,0.334] | v1:G0[0.334,0.333,0.333] | v2:G0[0.335,0.333,0.332] | v3:G2[0.333,0.333,0.334] | v4:G2[0.332,0.333,0.334]
[TopoTrace Step 0] v0:G2[0.333,0.333,0.334] | v1:G0[0.334,0.333,0.333] | v2:G0[0.335,0.333,0.332] | v3:G2[0.333,0.333,0.334] | v4:G2[0.332,0.333,0.334][TopoTrace Step 0] v0:G2[0.333,0.333,0.334] | v1:G0[0.334,0.333,0.333] | v2:G0[0.335,0.333,0.332] | v3:G2[0.333,0.333,0.334] | v4:G2[0.332,0.333,0.334][TopoTrace Step 0] v0:G2[0.333,0.333,0.334] | v1:G0[0.334,0.333,0.333] | v2:G0[0.335,0.333,0.332] | v3:G2[0.333,0.333,0.334] | v4:G2[0.332,0.333,0.334]


[TopoTrace Step 0] v0:G2[0.333,0.333,0.334] | v1:G0[0.334,0.333,0.333] | v2:G0[0.335,0.333,0.332] | v3:G2[0.333,0.333,0.334] | v4:G2[0.332,0.333,0.334]
[TopoTrace Step 0] v0:G2[0.333,0.333,0.334] | v1:G0[0.334,0.333,0.333] | v2:G0[0.335,0.333,0.332] | v3:G2[0.333,0.333,0.334] | v4:G2[0.332,0.333,0.334][TopoTrace Step 0] v0:G2[0.333,0.333,0.334] | v1:G0[0.334,0.333,0.333] | v2:G0[0.335,0.333,0.332] | v3:G2[0.333,0.333,0.334] | v4:G2[0.332,0.333,0.334]

[TopoTrace Step 0] v0:G2[0.333,0.333,0.334] | v1:G0[0.334,0.333,0.333] | v2:G0[0.335,0.333,0.332] | v3:G2[0.333,0.333,0.334] | v4:G2[0.332,0.333,0.334][TopoTrace Step 0] v0:G2[0.333,0.333,0.334] | v1:G0[0.334,0.333,0.333] | v2:G0[0.335,0.333,0.332] | v3:G2[0.333,0.333,0.334] | v4:G2[0.332,0.333,0.334]

[TopoTrace Step 0] v0:G2[0.333,0.333,0.334] | v1:G0[0.334,0.333,0.333] | v2:G0[0.335,0.333,0.332] | v3:G2[0.333,0.333,0.334] | v4:G2[0.332,0.333,0.334]
[TopoTrace Step 0] v0:G2[0.333,0.333,0.334] | v1:G0[0.334,0.333,0.333] | v2:G0[0.335,0.333,0.332] | v3:G2[0.333,0.333,0.334] | v4:G2[0.332,0.333,0.334]
[TopoTrace Step 0] v0:G2[0.333,0.333,0.334] | v1:G0[0.334,0.333,0.333] | v2:G0[0.335,0.333,0.332] | v3:G2[0.333,0.333,0.334] | v4:G2[0.332,0.333,0.334]
[TopoTrace Step 0] v0:G2[0.333,0.333,0.334] | v1:G0[0.334,0.333,0.333] | v2:G0[0.335,0.333,0.332] | v3:G2[0.333,0.333,0.334] | v4:G2[0.332,0.333,0.334]
[TopoTrace Step 0] v0:G2[0.333,0.333,0.334] | v1:G0[0.334,0.333,0.333] | v2:G0[0.335,0.333,0.332] | v3:G2[0.333,0.333,0.334] | v4:G2[0.332,0.333,0.334]
[TopoTrace Step 0] v0:G2[0.333,0.333,0.334] | v1:G0[0.334,0.333,0.333] | v2:G0[0.335,0.333,0.332] | v3:G2[0.333,0.333,0.334] | v4:G2[0.332,0.333,0.334]
[TopoTrace Step 0] v0:G2[0.333,0.333,0.334] | v1:G0[0.334,0.333,0.333] | v2:G0[0.335,0.333,0.332] | v3:G2[0.333,0.333,0.334] | v4:G2[0.332,0.333,0.334][TopoTrace Step 0] v0:G2[0.333,0.333,0.334] | v1:G0[0.334,0.333,0.333] | v2:G0[0.335,0.333,0.332] | v3:G2[0.333,0.333,0.334] | v4:G2[0.332,0.333,0.334]

[TopoTrace Step 0] v0:G2[0.333,0.333,0.334] | v1:G0[0.334,0.333,0.333] | v2:G0[0.335,0.333,0.332] | v3:G2[0.333,0.333,0.334] | v4:G2[0.332,0.333,0.334]
[TopoTrace Step 0] v0:G2[0.333,0.333,0.334] | v1:G0[0.334,0.333,0.333] | v2:G0[0.335,0.333,0.332] | v3:G2[0.333,0.333,0.334] | v4:G2[0.332,0.333,0.334]
[TopoTrace Step 0] v0:G2[0.333,0.333,0.334] | v1:G0[0.334,0.333,0.333] | v2:G0[0.335,0.333,0.332] | v3:G2[0.333,0.333,0.334] | v4:G2[0.332,0.333,0.334]
[TopoTrace Step 0] v0:G2[0.333,0.333,0.334] | v1:G0[0.334,0.333,0.333] | v2:G0[0.335,0.333,0.332] | v3:G2[0.333,0.333,0.334] | v4:G2[0.332,0.333,0.334]
[TopoTrace Step 0] v0:G2[0.333,0.333,0.334] | v1:G0[0.334,0.333,0.333] | v2:G0[0.335,0.333,0.332] | v3:G2[0.333,0.333,0.334] | v4:G2[0.332,0.333,0.334]
[TopoTrace Step 0] v0:G2[0.333,0.333,0.334] | v1:G0[0.334,0.333,0.333] | v2:G0[0.335,0.333,0.332] | v3:G2[0.333,0.333,0.334] | v4:G2[0.332,0.333,0.334]
[TopoTrace Step 0] v0:G2[0.333,0.333,0.334] | v1:G0[0.334,0.333,0.333] | v2:G0[0.335,0.333,0.332] | v3:G2[0.333,0.333,0.334] | v4:G2[0.332,0.333,0.334]
[TopoTrace Step 0] v0:G2[0.333,0.333,0.334] | v1:G0[0.334,0.333,0.333] | v2:G0[0.335,0.333,0.332] | v3:G2[0.333,0.333,0.334] | v4:G2[0.332,0.333,0.334]
[TopoTrace Step 0] v0:G2[0.333,0.333,0.334] | v1:G0[0.334,0.333,0.333] | v2:G0[0.335,0.333,0.332] | v3:G2[0.333,0.333,0.334] | v4:G2[0.332,0.333,0.334][TopoTrace Step 0] v0:G2[0.333,0.333,0.334] | v1:G0[0.334,0.333,0.333] | v2:G0[0.335,0.333,0.332] | v3:G2[0.333,0.333,0.334] | v4:G2[0.332,0.333,0.334]

[TopoTrace Step 0] v0:G2[0.333,0.333,0.334] | v1:G0[0.334,0.333,0.333] | v2:G0[0.335,0.333,0.332] | v3:G2[0.333,0.333,0.334] | v4:G2[0.332,0.333,0.334][TopoTrace Step 0] v0:G2[0.333,0.333,0.334] | v1:G0[0.334,0.333,0.333] | v2:G0[0.335,0.333,0.332] | v3:G2[0.333,0.333,0.334] | v4:G2[0.332,0.333,0.334]

[TopoTrace Step 0] v0:G2[0.333,0.333,0.334] | v1:G0[0.334,0.333,0.333] | v2:G0[0.335,0.333,0.332] | v3:G2[0.333,0.333,0.334] | v4:G2[0.332,0.333,0.334]
[TopoTrace Step 0] v0:G2[0.333,0.333,0.334] | v1:G0[0.334,0.333,0.333] | v2:G0[0.335,0.333,0.332] | v3:G2[0.333,0.333,0.334] | v4:G2[0.332,0.333,0.334]
[TopoTrace Step 0] v0:G2[0.333,0.333,0.334] | v1:G0[0.334,0.333,0.333] | v2:G0[0.335,0.333,0.332] | v3:G2[0.333,0.333,0.334] | v4:G2[0.332,0.333,0.334]
[TopoTrace Step 0] v0:G2[0.333,0.333,0.334] | v1:G0[0.334,0.333,0.333] | v2:G0[0.335,0.333,0.332] | v3:G2[0.333,0.333,0.334] | v4:G2[0.332,0.333,0.334]
[TopoTrace Step 0] v0:G2[0.333,0.333,0.334] | v1:G0[0.334,0.333,0.333] | v2:G0[0.335,0.333,0.332] | v3:G2[0.333,0.333,0.334] | v4:G2[0.332,0.333,0.334]
[TopoTrace Step 0] v0:G2[0.333,0.333,0.334] | v1:G0[0.334,0.333,0.333] | v2:G0[0.335,0.333,0.332] | v3:G2[0.333,0.333,0.334] | v4:G2[0.332,0.333,0.334][TopoTrace Step 0] v0:G2[0.333,0.333,0.334] | v1:G0[0.334,0.333,0.333] | v2:G0[0.335,0.333,0.332] | v3:G2[0.333,0.333,0.334] | v4:G2[0.332,0.333,0.334]

[TopoTrace Step 0] v0:G2[0.333,0.333,0.334] | v1:G0[0.334,0.333,0.333] | v2:G0[0.335,0.333,0.332] | v3:G2[0.333,0.333,0.334] | v4:G2[0.332,0.333,0.334]
[TopoTrace Step 0] v0:G2[0.333,0.333,0.334] | v1:G0[0.334,0.333,0.333] | v2:G0[0.335,0.333,0.332] | v3:G2[0.333,0.333,0.334] | v4:G2[0.332,0.333,0.334]
[TopoTrace Step 0] v0:G2[0.333,0.333,0.334] | v1:G0[0.334,0.333,0.333] | v2:G0[0.335,0.333,0.332] | v3:G2[0.333,0.333,0.334] | v4:G2[0.332,0.333,0.334]
[TopoTrace Step 0] v0:G2[0.333,0.333,0.334] | v1:G0[0.334,0.333,0.333] | v2:G0[0.335,0.333,0.332] | v3:G2[0.333,0.333,0.334] | v4:G2[0.332,0.333,0.334][TopoTrace Step 0] v0:G2[0.333,0.333,0.334] | v1:G0[0.334,0.333,0.333] | v2:G0[0.335,0.333,0.332] | v3:G2[0.333,0.333,0.334] | v4:G2[0.332,0.333,0.334]

[TopoTrace Step 0] v0:G2[0.333,0.333,0.334] | v1:G0[0.334,0.333,0.333] | v2:G0[0.335,0.333,0.332] | v3:G2[0.333,0.333,0.334] | v4:G2[0.332,0.333,0.334]
[TopoTrace Step 0] v0:G2[0.333,0.333,0.334] | v1:G0[0.334,0.333,0.333] | v2:G0[0.335,0.333,0.332] | v3:G2[0.333,0.333,0.334] | v4:G2[0.332,0.333,0.334]
[TopoTrace Step 0] v0:G2[0.333,0.333,0.334] | v1:G0[0.334,0.333,0.333] | v2:G0[0.335,0.333,0.332] | v3:G2[0.333,0.333,0.334] | v4:G2[0.332,0.333,0.334][TopoTrace Step 0] v0:G2[0.333,0.333,0.334] | v1:G0[0.334,0.333,0.333] | v2:G0[0.335,0.333,0.332] | v3:G2[0.333,0.333,0.334] | v4:G2[0.332,0.333,0.334]

[TopoTrace Step 0] v0:G2[0.333,0.333,0.334] | v1:G0[0.334,0.333,0.333] | v2:G0[0.335,0.333,0.332] | v3:G2[0.333,0.333,0.334] | v4:G2[0.332,0.333,0.334]
[TopoTrace Step 0] v0:G2[0.333,0.333,0.334] | v1:G0[0.334,0.333,0.333] | v2:G0[0.335,0.333,0.332] | v3:G2[0.333,0.333,0.334] | v4:G2[0.332,0.333,0.334]
[TopoTrace Step 0] v0:G2[0.333,0.333,0.334] | v1:G0[0.334,0.333,0.333] | v2:G0[0.335,0.333,0.332] | v3:G2[0.333,0.333,0.334] | v4:G2[0.332,0.333,0.334]
[TopoTrace Step 0] v0:G2[0.333,0.333,0.334] | v1:G0[0.334,0.333,0.333] | v2:G0[0.335,0.333,0.332] | v3:G2[0.333,0.333,0.334] | v4:G2[0.332,0.333,0.334]
[TopoTrace Step 0] v0:G2[0.333,0.333,0.334] | v1:G0[0.334,0.333,0.333] | v2:G0[0.335,0.333,0.332] | v3:G2[0.333,0.333,0.334] | v4:G2[0.332,0.333,0.334]
[TopoTrace Step 0] v0:G2[0.333,0.333,0.334] | v1:G0[0.334,0.333,0.333] | v2:G0[0.335,0.333,0.332] | v3:G2[0.333,0.333,0.334] | v4:G2[0.332,0.333,0.334][TopoTrace Step 0] v0:G2[0.333,0.333,0.334] | v1:G0[0.334,0.333,0.333] | v2:G0[0.335,0.333,0.332] | v3:G2[0.333,0.333,0.334] | v4:G2[0.332,0.333,0.334]

[TopoTrace Step 0] v0:G2[0.333,0.333,0.334] | v1:G0[0.334,0.333,0.333] | v2:G0[0.335,0.333,0.332] | v3:G2[0.333,0.333,0.334] | v4:G2[0.332,0.333,0.334]
[TopoTrace Step 0] v0:G2[0.333,0.333,0.334] | v1:G0[0.334,0.333,0.333] | v2:G0[0.335,0.333,0.332] | v3:G2[0.333,0.333,0.334] | v4:G2[0.332,0.333,0.334]
[TopoTrace Step 0] v0:G2[0.333,0.333,0.334] | v1:G0[0.334,0.333,0.333] | v2:G0[0.335,0.333,0.332] | v3:G2[0.333,0.333,0.334] | v4:G2[0.332,0.333,0.334]
[TopoTrace Step 0] v0:G2[0.333,0.333,0.334] | v1:G0[0.334,0.333,0.333] | v2:G0[0.335,0.333,0.332] | v3:G2[0.333,0.333,0.334] | v4:G2[0.332,0.333,0.334]
[TopoTrace Step 0] v0:G2[0.333,0.333,0.334] | v1:G0[0.334,0.333,0.333] | v2:G0[0.335,0.333,0.332] | v3:G2[0.333,0.333,0.334] | v4:G2[0.332,0.333,0.334]
[TopoTrace Step 0] v0:G2[0.333,0.333,0.334] | v1:G0[0.334,0.333,0.333] | v2:G0[0.335,0.333,0.332] | v3:G2[0.333,0.333,0.334] | v4:G2[0.332,0.333,0.334]
[TopoTrace Step 0] v0:G2[0.333,0.333,0.334] | v1:G0[0.334,0.333,0.333] | v2:G0[0.335,0.333,0.332] | v3:G2[0.333,0.333,0.334] | v4:G2[0.332,0.333,0.334]
[TopoTrace Step 0] v0:G2[0.333,0.333,0.334] | v1:G0[0.334,0.333,0.333] | v2:G0[0.335,0.333,0.332] | v3:G2[0.333,0.333,0.334] | v4:G2[0.332,0.333,0.334]
[TopoTrace Step 0] v0:G2[0.333,0.333,0.334] | v1:G0[0.334,0.333,0.333] | v2:G0[0.335,0.333,0.332] | v3:G2[0.333,0.333,0.334] | v4:G2[0.332,0.333,0.334]
[TopoTrace Step 0] v0:G2[0.333,0.333,0.334] | v1:G0[0.334,0.333,0.333] | v2:G0[0.335,0.333,0.332] | v3:G2[0.333,0.333,0.334] | v4:G2[0.332,0.333,0.334]
[TopoTrace Step 0] v0:G2[0.333,0.333,0.334] | v1:G0[0.334,0.333,0.333] | v2:G0[0.335,0.333,0.332] | v3:G2[0.333,0.333,0.334] | v4:G2[0.332,0.333,0.334]
[TopoTrace Step 0] v0:G2[0.333,0.333,0.334] | v1:G0[0.334,0.333,0.333] | v2:G0[0.335,0.333,0.332] | v3:G2[0.333,0.333,0.334] | v4:G2[0.332,0.333,0.334][TopoTrace Step 0] v0:G2[0.333,0.333,0.334] | v1:G0[0.334,0.333,0.333] | v2:G0[0.335,0.333,0.332] | v3:G2[0.333,0.333,0.334] | v4:G2[0.332,0.333,0.334]

[TopoTrace Step 0] v0:G2[0.333,0.333,0.334] | v1:G0[0.334,0.333,0.333] | v2:G0[0.335,0.333,0.332] | v3:G2[0.333,0.333,0.334] | v4:G2[0.332,0.333,0.334]
[TopoTrace Step 0] v0:G2[0.333,0.333,0.334] | v1:G0[0.334,0.333,0.333] | v2:G0[0.335,0.333,0.332] | v3:G2[0.333,0.333,0.334] | v4:G2[0.332,0.333,0.334]
[TopoTrace Step 0] v0:G2[0.333,0.333,0.334] | v1:G0[0.334,0.333,0.333] | v2:G0[0.335,0.333,0.332] | v3:G2[0.333,0.333,0.334] | v4:G2[0.332,0.333,0.334]
[TopoTrace Step 0] v0:G2[0.333,0.333,0.334] | v1:G0[0.334,0.333,0.333] | v2:G0[0.335,0.333,0.332] | v3:G2[0.333,0.333,0.334] | v4:G2[0.332,0.333,0.334]
[TopoTrace Step 0] v0:G2[0.333,0.333,0.334] | v1:G0[0.334,0.333,0.333] | v2:G0[0.335,0.333,0.332] | v3:G2[0.333,0.333,0.334] | v4:G2[0.332,0.333,0.334]
[TopoTrace Step 0] v0:G2[0.333,0.333,0.334] | v1:G0[0.334,0.333,0.333] | v2:G0[0.335,0.333,0.332] | v3:G2[0.333,0.333,0.334] | v4:G2[0.332,0.333,0.334][TopoTrace Step 0] v0:G2[0.333,0.333,0.334] | v1:G0[0.334,0.333,0.333] | v2:G0[0.335,0.333,0.332] | v3:G2[0.333,0.333,0.334] | v4:G2[0.332,0.333,0.334]
[TopoTrace Step 0] v0:G2[0.333,0.333,0.334] | v1:G0[0.334,0.333,0.333] | v2:G0[0.335,0.333,0.332] | v3:G2[0.333,0.333,0.334] | v4:G2[0.332,0.333,0.334]

[TopoTrace Step 0] v0:G2[0.333,0.333,0.334] | v1:G0[0.334,0.333,0.333] | v2:G0[0.335,0.333,0.332] | v3:G2[0.333,0.333,0.334] | v4:G2[0.332,0.333,0.334]
[TopoTrace Step 0] v0:G2[0.333,0.333,0.334] | v1:G0[0.334,0.333,0.333] | v2:G0[0.335,0.333,0.332] | v3:G2[0.333,0.333,0.334] | v4:G2[0.332,0.333,0.334]
[TopoTrace Step 0] v0:G2[0.333,0.333,0.334] | v1:G0[0.334,0.333,0.333] | v2:G0[0.335,0.333,0.332] | v3:G2[0.333,0.333,0.334] | v4:G2[0.332,0.333,0.334][TopoTrace Step 0] v0:G2[0.333,0.333,0.334] | v1:G0[0.334,0.333,0.333] | v2:G0[0.335,0.333,0.332] | v3:G2[0.333,0.333,0.334] | v4:G2[0.332,0.333,0.334]

[TopoTrace Step 0] v0:G2[0.333,0.333,0.334] | v1:G0[0.334,0.333,0.333] | v2:G0[0.335,0.333,0.332] | v3:G2[0.333,0.333,0.334] | v4:G2[0.332,0.333,0.334]
[TopoTrace Step 0] v0:G2[0.333,0.333,0.334] | v1:G0[0.334,0.333,0.333] | v2:G0[0.335,0.333,0.332] | v3:G2[0.333,0.333,0.334] | v4:G2[0.332,0.333,0.334]
[TopoTrace Step 0] v0:G2[0.333,0.333,0.334] | v1:G0[0.334,0.333,0.333] | v2:G0[0.335,0.333,0.332] | v3:G2[0.333,0.333,0.334] | v4:G2[0.332,0.333,0.334]
[TopoTrace Step 0] v0:G2[0.333,0.333,0.334] | v1:G0[0.334,0.333,0.333] | v2:G0[0.335,0.333,0.332] | v3:G2[0.333,0.333,0.334] | v4:G2[0.332,0.333,0.334]
[TopoTrace Step 0] v0:G2[0.333,0.333,0.334] | v1:G0[0.334,0.333,0.333] | v2:G0[0.335,0.333,0.332] | v3:G2[0.333,0.333,0.334] | v4:G2[0.332,0.333,0.334]
[TopoTrace Step 0] v0:G2[0.333,0.333,0.334] | v1:G0[0.334,0.333,0.333] | v2:G0[0.335,0.333,0.332] | v3:G2[0.333,0.333,0.334] | v4:G2[0.332,0.333,0.334]
[TopoTrace Step 0] v0:G2[0.333,0.333,0.334] | v1:G0[0.334,0.333,0.333] | v2:G0[0.335,0.333,0.332] | v3:G2[0.333,0.333,0.334] | v4:G2[0.332,0.333,0.334][TopoTrace Step 0] v0:G2[0.333,0.333,0.334] | v1:G0[0.334,0.333,0.333] | v2:G0[0.335,0.333,0.332] | v3:G2[0.333,0.333,0.334] | v4:G2[0.332,0.333,0.334]

[TopoTrace Step 0] v0:G2[0.333,0.333,0.334] | v1:G0[0.334,0.333,0.333] | v2:G0[0.335,0.333,0.332] | v3:G2[0.333,0.333,0.334] | v4:G2[0.332,0.333,0.334]
[TopoTrace Step 0] v0:G2[0.333,0.333,0.334] | v1:G0[0.334,0.333,0.333] | v2:G0[0.335,0.333,0.332] | v3:G2[0.333,0.333,0.334] | v4:G2[0.332,0.333,0.334]
[TopoTrace Step 0] v0:G2[0.333,0.333,0.334] | v1:G0[0.334,0.333,0.333] | v2:G0[0.335,0.333,0.332] | v3:G2[0.333,0.333,0.334] | v4:G2[0.332,0.333,0.334][TopoTrace Step 0] v0:G2[0.333,0.333,0.334] | v1:G0[0.334,0.333,0.333] | v2:G0[0.335,0.333,0.332] | v3:G2[0.333,0.333,0.334] | v4:G2[0.332,0.333,0.334]

[TopoTrace Step 0] v0:G2[0.333,0.333,0.334] | v1:G0[0.334,0.333,0.333] | v2:G0[0.335,0.333,0.332] | v3:G2[0.333,0.333,0.334] | v4:G2[0.332,0.333,0.334]
[TopoTrace Step 0] v0:G2[0.333,0.333,0.334] | v1:G0[0.334,0.333,0.333] | v2:G0[0.335,0.333,0.332] | v3:G2[0.333,0.333,0.334] | v4:G2[0.332,0.333,0.334]
[TopoTrace Step 0] v0:G2[0.333,0.333,0.334] | v1:G0[0.334,0.333,0.333] | v2:G0[0.335,0.333,0.332] | v3:G2[0.333,0.333,0.334] | v4:G2[0.332,0.333,0.334][TopoTrace Step 0] v0:G2[0.333,0.333,0.334] | v1:G0[0.334,0.333,0.333] | v2:G0[0.335,0.333,0.332] | v3:G2[0.333,0.333,0.334] | v4:G2[0.332,0.333,0.334]

[TopoTrace Step 0] v0:G2[0.333,0.333,0.334] | v1:G0[0.334,0.333,0.333] | v2:G0[0.335,0.333,0.332] | v3:G2[0.333,0.333,0.334] | v4:G2[0.332,0.333,0.334]
[TopoTrace Step 0] v0:G2[0.333,0.333,0.334] | v1:G0[0.334,0.333,0.333] | v2:G0[0.335,0.333,0.332] | v3:G2[0.333,0.333,0.334] | v4:G2[0.332,0.333,0.334]
[TopoTrace Step 0] v0:G2[0.333,0.333,0.334] | v1:G0[0.334,0.333,0.333] | v2:G0[0.335,0.333,0.332] | v3:G2[0.333,0.333,0.334] | v4:G2[0.332,0.333,0.334]
[TopoTrace Step 0] v0:G2[0.333,0.333,0.334] | v1:G0[0.334,0.333,0.333] | v2:G0[0.335,0.333,0.332] | v3:G2[0.333,0.333,0.334] | v4:G2[0.332,0.333,0.334]
[TopoTrace Step 0] v0:G2[0.333,0.333,0.334] | v1:G0[0.334,0.333,0.333] | v2:G0[0.335,0.333,0.332] | v3:G2[0.333,0.333,0.334] | v4:G2[0.332,0.333,0.334]
[TopoTrace Step 0] v0:G2[0.333,0.333,0.334] | v1:G0[0.334,0.333,0.333] | v2:G0[0.335,0.333,0.332] | v3:G2[0.333,0.333,0.334] | v4:G2[0.332,0.333,0.334]
[TopoTrace Step 0] v0:G2[0.333,0.333,0.334] | v1:G0[0.334,0.333,0.333] | v2:G0[0.335,0.333,0.332] | v3:G2[0.333,0.333,0.334] | v4:G2[0.332,0.333,0.334]
[TopoTrace Step 0] v0:G2[0.333,0.333,0.334] | v1:G0[0.334,0.333,0.333] | v2:G0[0.335,0.333,0.332] | v3:G2[0.333,0.333,0.334] | v4:G2[0.332,0.333,0.334]
[TopoTrace Step 0] v0:G2[0.333,0.333,0.334] | v1:G0[0.334,0.333,0.333] | v2:G0[0.335,0.333,0.332] | v3:G2[0.333,0.333,0.334] | v4:G2[0.332,0.333,0.334]
[TopoTrace Step 0] v0:G2[0.333,0.333,0.334] | v1:G0[0.334,0.333,0.333] | v2:G0[0.335,0.333,0.332] | v3:G2[0.333,0.333,0.334] | v4:G2[0.332,0.333,0.334]
[TopoTrace Step 0] v0:G2[0.333,0.333,0.334] | v1:G0[0.334,0.333,0.333] | v2:G0[0.335,0.333,0.332] | v3:G2[0.333,0.333,0.334] | v4:G2[0.332,0.333,0.334]
[TopoTrace Step 0] v0:G2[0.333,0.333,0.334] | v1:G0[0.334,0.333,0.333] | v2:G0[0.335,0.333,0.332] | v3:G2[0.333,0.333,0.334] | v4:G2[0.332,0.333,0.334]
[TopoTrace Step 0] v0:G2[0.333,0.333,0.334] | v1:G0[0.334,0.333,0.333] | v2:G0[0.335,0.333,0.332] | v3:G2[0.333,0.333,0.334] | v4:G2[0.332,0.333,0.334]
[TopoTrace Step 0] v0:G2[0.333,0.333,0.334] | v1:G0[0.334,0.333,0.333] | v2:G0[0.335,0.333,0.332] | v3:G2[0.333,0.333,0.334] | v4:G2[0.332,0.333,0.334]
[TopoTrace Step 0] v0:G2[0.333,0.333,0.334] | v1:G0[0.334,0.333,0.333] | v2:G0[0.335,0.333,0.332] | v3:G2[0.333,0.333,0.334] | v4:G2[0.332,0.333,0.334]
[TopoTrace Step 0] v0:G2[0.333,0.333,0.334] | v1:G0[0.334,0.333,0.333] | v2:G0[0.335,0.333,0.332] | v3:G2[0.333,0.333,0.334] | v4:G2[0.332,0.333,0.334]
[TopoTrace Step 0] v0:G2[0.333,0.333,0.334] | v1:G0[0.334,0.333,0.333] | v2:G0[0.335,0.333,0.332] | v3:G2[0.333,0.333,0.334] | v4:G2[0.332,0.333,0.334]
[TopoTrace Step 0] v0:G2[0.333,0.333,0.334] | v1:G0[0.334,0.333,0.333] | v2:G0[0.335,0.333,0.332] | v3:G2[0.333,0.333,0.334] | v4:G2[0.332,0.333,0.334]
[TopoTrace Step 0] v0:G2[0.333,0.333,0.334] | v1:G0[0.334,0.333,0.333] | v2:G0[0.335,0.333,0.332] | v3:G2[0.333,0.333,0.334] | v4:G2[0.332,0.333,0.334][TopoTrace Step 0] v0:G2[0.333,0.333,0.334] | v1:G0[0.334,0.333,0.333] | v2:G0[0.335,0.333,0.332] | v3:G2[0.333,0.333,0.334] | v4:G2[0.332,0.333,0.334]

[TopoTrace Step 0] v0:G2[0.333,0.333,0.334] | v1:G0[0.334,0.333,0.333] | v2:G0[0.335,0.333,0.332] | v3:G2[0.333,0.333,0.334] | v4:G2[0.332,0.333,0.334]
[TopoTrace Step 0] v0:G2[0.333,0.333,0.334] | v1:G0[0.334,0.333,0.333] | v2:G0[0.335,0.333,0.332] | v3:G2[0.333,0.333,0.334] | v4:G2[0.332,0.333,0.334]
[TopoTrace Step 0] v0:G2[0.333,0.333,0.334] | v1:G0[0.334,0.333,0.333] | v2:G0[0.335,0.333,0.332] | v3:G2[0.333,0.333,0.334] | v4:G2[0.332,0.333,0.334][TopoTrace Step 0] v0:G2[0.333,0.333,0.334] | v1:G0[0.334,0.333,0.333] | v2:G0[0.335,0.333,0.332] | v3:G2[0.333,0.333,0.334] | v4:G2[0.332,0.333,0.334]

[TopoTrace Step 0] v0:G2[0.333,0.333,0.334] | v1:G0[0.334,0.333,0.333] | v2:G0[0.335,0.333,0.332] | v3:G2[0.333,0.333,0.334] | v4:G2[0.332,0.333,0.334]
[TopoTrace Step 0] v0:G2[0.333,0.333,0.334] | v1:G0[0.334,0.333,0.333] | v2:G0[0.335,0.333,0.332] | v3:G2[0.333,0.333,0.334] | v4:G2[0.332,0.333,0.334]
[TopoTrace Step 0] v0:G2[0.333,0.333,0.334] | v1:G0[0.334,0.333,0.333] | v2:G0[0.335,0.333,0.332] | v3:G2[0.333,0.333,0.334] | v4:G2[0.332,0.333,0.334]
[TopoTrace Step 0] v0:G2[0.333,0.333,0.334] | v1:G0[0.334,0.333,0.333] | v2:G0[0.335,0.333,0.332] | v3:G2[0.333,0.333,0.334] | v4:G2[0.332,0.333,0.334]
[TopoTrace Step 0] v0:G2[0.333,0.333,0.334] | v1:G0[0.334,0.333,0.333] | v2:G0[0.335,0.333,0.332] | v3:G2[0.333,0.333,0.334] | v4:G2[0.332,0.333,0.334]
[TopoTrace Step 0] v0:G2[0.333,0.333,0.334] | v1:G0[0.334,0.333,0.333] | v2:G0[0.335,0.333,0.332] | v3:G2[0.333,0.333,0.334] | v4:G2[0.332,0.333,0.334]
[TopoTrace Step 0] v0:G2[0.333,0.333,0.334] | v1:G0[0.334,0.333,0.333] | v2:G0[0.335,0.333,0.332] | v3:G2[0.333,0.333,0.334] | v4:G2[0.332,0.333,0.334][TopoTrace Step 0] v0:G2[0.333,0.333,0.334] | v1:G0[0.334,0.333,0.333] | v2:G0[0.335,0.333,0.332] | v3:G2[0.333,0.333,0.334] | v4:G2[0.332,0.333,0.334]

[TopoTrace Step 0] v0:G2[0.333,0.333,0.334] | v1:G0[0.334,0.333,0.333] | v2:G0[0.335,0.333,0.332] | v3:G2[0.333,0.333,0.334] | v4:G2[0.332,0.333,0.334]
[TopoTrace Step 0] v0:G2[0.333,0.333,0.334] | v1:G0[0.334,0.333,0.333] | v2:G0[0.335,0.333,0.332] | v3:G2[0.333,0.333,0.334] | v4:G2[0.332,0.333,0.334]
[TopoTrace Step 0] v0:G2[0.333,0.333,0.334] | v1:G0[0.334,0.333,0.333] | v2:G0[0.335,0.333,0.332] | v3:G2[0.333,0.333,0.334] | v4:G2[0.332,0.333,0.334][TopoTrace Step 0] v0:G2[0.333,0.333,0.334] | v1:G0[0.334,0.333,0.333] | v2:G0[0.335,0.333,0.332] | v3:G2[0.333,0.333,0.334] | v4:G2[0.332,0.333,0.334]

[TopoTrace Step 0] v0:G2[0.333,0.333,0.334] | v1:G0[0.334,0.333,0.333] | v2:G0[0.335,0.333,0.332] | v3:G2[0.333,0.333,0.334] | v4:G2[0.332,0.333,0.334]
[TopoTrace Step 0] v0:G2[0.333,0.333,0.334] | v1:G0[0.334,0.333,0.333] | v2:G0[0.335,0.333,0.332] | v3:G2[0.333,0.333,0.334] | v4:G2[0.332,0.333,0.334]
[TopoTrace Step 0] v0:G2[0.333,0.333,0.334] | v1:G0[0.334,0.333,0.333] | v2:G0[0.335,0.333,0.332] | v3:G2[0.333,0.333,0.334] | v4:G2[0.332,0.333,0.334][TopoTrace Step 0] v0:G2[0.333,0.333,0.334] | v1:G0[0.334,0.333,0.333] | v2:G0[0.335,0.333,0.332] | v3:G2[0.333,0.333,0.334] | v4:G2[0.332,0.333,0.334]

[TopoTrace Step 0] v0:G2[0.333,0.333,0.334] | v1:G0[0.334,0.333,0.333] | v2:G0[0.335,0.333,0.332] | v3:G2[0.333,0.333,0.334] | v4:G2[0.332,0.333,0.334]
[TopoTrace Step 0] v0:G2[0.333,0.333,0.334] | v1:G0[0.334,0.333,0.333] | v2:G0[0.335,0.333,0.332] | v3:G2[0.333,0.333,0.334] | v4:G2[0.332,0.333,0.334]
[TopoTrace Step 0] v0:G2[0.333,0.333,0.334] | v1:G0[0.334,0.333,0.333] | v2:G0[0.335,0.333,0.332] | v3:G2[0.333,0.333,0.334] | v4:G2[0.332,0.333,0.334]
[TopoTrace Step 0] v0:G2[0.333,0.333,0.334] | v1:G0[0.334,0.333,0.333] | v2:G0[0.335,0.333,0.332] | v3:G2[0.333,0.333,0.334] | v4:G2[0.332,0.333,0.334]
[TopoTrace Step 0] v0:G2[0.333,0.333,0.334] | v1:G0[0.334,0.333,0.333] | v2:G0[0.335,0.333,0.332] | v3:G2[0.333,0.333,0.334] | v4:G2[0.332,0.333,0.334]
[TopoTrace Step 0] v0:G2[0.333,0.333,0.334] | v1:G0[0.334,0.333,0.333] | v2:G0[0.335,0.333,0.332] | v3:G2[0.333,0.333,0.334] | v4:G2[0.332,0.333,0.334]
[TopoTrace Step 0] v0:G2[0.333,0.333,0.334] | v1:G0[0.334,0.333,0.333] | v2:G0[0.335,0.333,0.332] | v3:G2[0.333,0.333,0.334] | v4:G2[0.332,0.333,0.334][TopoTrace Step 0] v0:G2[0.333,0.333,0.334] | v1:G0[0.334,0.333,0.333] | v2:G0[0.335,0.333,0.332] | v3:G2[0.333,0.333,0.334] | v4:G2[0.332,0.333,0.334]

[TopoTrace Step 0] v0:G2[0.333,0.333,0.334] | v1:G0[0.334,0.333,0.333] | v2:G0[0.335,0.333,0.332] | v3:G2[0.333,0.333,0.334] | v4:G2[0.332,0.333,0.334]
[TopoTrace Step 0] v0:G2[0.333,0.333,0.334] | v1:G0[0.334,0.333,0.333] | v2:G0[0.335,0.333,0.332] | v3:G2[0.333,0.333,0.334] | v4:G2[0.332,0.333,0.334]
[TopoTrace Step 0] v0:G2[0.333,0.333,0.334] | v1:G0[0.334,0.333,0.333] | v2:G0[0.335,0.333,0.332] | v3:G2[0.333,0.333,0.334] | v4:G2[0.332,0.333,0.334][TopoTrace Step 0] v0:G2[0.333,0.333,0.334] | v1:G0[0.334,0.333,0.333] | v2:G0[0.335,0.333,0.332] | v3:G2[0.333,0.333,0.334] | v4:G2[0.332,0.333,0.334]

[TopoTrace Step 0] v0:G2[0.333,0.333,0.334] | v1:G0[0.334,0.333,0.333] | v2:G0[0.335,0.333,0.332] | v3:G2[0.333,0.333,0.334] | v4:G2[0.332,0.333,0.334]
[TopoTrace Step 0] v0:G2[0.333,0.333,0.334] | v1:G0[0.334,0.333,0.333] | v2:G0[0.335,0.333,0.332] | v3:G2[0.333,0.333,0.334] | v4:G2[0.332,0.333,0.334]
[TopoTrace Step 0] v0:G2[0.333,0.333,0.334] | v1:G0[0.334,0.333,0.333] | v2:G0[0.335,0.333,0.332] | v3:G2[0.333,0.333,0.334] | v4:G2[0.332,0.333,0.334][TopoTrace Step 0] v0:G2[0.333,0.333,0.334] | v1:G0[0.334,0.333,0.333] | v2:G0[0.335,0.333,0.332] | v3:G2[0.333,0.333,0.334] | v4:G2[0.332,0.333,0.334]

[TopoTrace Step 0] v0:G2[0.333,0.333,0.334] | v1:G0[0.334,0.333,0.333] | v2:G0[0.335,0.333,0.332] | v3:G2[0.333,0.333,0.334] | v4:G2[0.332,0.333,0.334]
[TopoTrace Step 0] v0:G2[0.333,0.333,0.334] | v1:G0[0.334,0.333,0.333] | v2:G0[0.335,0.333,0.332] | v3:G2[0.333,0.333,0.334] | v4:G2[0.332,0.333,0.334]
[TopoTrace Step 0] v0:G2[0.333,0.333,0.334] | v1:G0[0.334,0.333,0.333] | v2:G0[0.335,0.333,0.332] | v3:G2[0.333,0.333,0.334] | v4:G2[0.332,0.333,0.334][TopoTrace Step 0] v0:G2[0.333,0.333,0.334] | v1:G0[0.334,0.333,0.333] | v2:G0[0.335,0.333,0.332] | v3:G2[0.333,0.333,0.334] | v4:G2[0.332,0.333,0.334]

[TopoTrace Step 0] v0:G2[0.333,0.333,0.334] | v1:G0[0.334,0.333,0.333] | v2:G0[0.335,0.333,0.332] | v3:G2[0.333,0.333,0.334] | v4:G2[0.332,0.333,0.334]
[TopoTrace Step 0] v0:G2[0.333,0.333,0.334] | v1:G0[0.334,0.333,0.333] | v2:G0[0.335,0.333,0.332] | v3:G2[0.333,0.333,0.334] | v4:G2[0.332,0.333,0.334]
[TopoTrace Step 0] v0:G2[0.333,0.333,0.334] | v1:G0[0.334,0.333,0.333] | v2:G0[0.335,0.333,0.332] | v3:G2[0.333,0.333,0.334] | v4:G2[0.332,0.333,0.334][TopoTrace Step 0] v0:G2[0.333,0.333,0.334] | v1:G0[0.334,0.333,0.333] | v2:G0[0.335,0.333,0.332] | v3:G2[0.333,0.333,0.334] | v4:G2[0.332,0.333,0.334]

[TopoTrace Step 0] v0:G2[0.333,0.333,0.334] | v1:G0[0.334,0.333,0.333] | v2:G0[0.335,0.333,0.332] | v3:G2[0.333,0.333,0.334] | v4:G2[0.332,0.333,0.334]
[TopoTrace Step 0] v0:G2[0.333,0.333,0.334] | v1:G0[0.334,0.333,0.333] | v2:G0[0.335,0.333,0.332] | v3:G2[0.333,0.333,0.334] | v4:G2[0.332,0.333,0.334]
[TopoTrace Step 0] v0:G2[0.333,0.333,0.334] | v1:G0[0.334,0.333,0.333] | v2:G0[0.335,0.333,0.332] | v3:G2[0.333,0.333,0.334] | v4:G2[0.332,0.333,0.334][TopoTrace Step 0] v0:G2[0.333,0.333,0.334] | v1:G0[0.334,0.333,0.333] | v2:G0[0.335,0.333,0.332] | v3:G2[0.333,0.333,0.334] | v4:G2[0.332,0.333,0.334]

Epoch: 9 cost time: 14.892563343048096
Epoch: 9, Steps: 147 | Train Loss: 0.3589995 Vali Loss: 0.3972992 Test Loss: 4.0850630
Validation loss decreased (0.397558 --> 0.397299).  Saving model ...
Updating learning rate to 3.90625e-07
[TopoTrace Step 0] v0:G2[0.333,0.333,0.334] | v1:G0[0.334,0.333,0.333] | v2:G0[0.335,0.333,0.332] | v3:G2[0.333,0.333,0.334] | v4:G2[0.332,0.333,0.334]
[TopoTrace Step 0] v0:G2[0.333,0.333,0.334] | v1:G0[0.334,0.333,0.333] | v2:G0[0.335,0.333,0.332] | v3:G2[0.333,0.333,0.334] | v4:G2[0.332,0.333,0.334][TopoTrace Step 0] v0:G2[0.333,0.333,0.334] | v1:G0[0.334,0.333,0.333] | v2:G0[0.335,0.333,0.332] | v3:G2[0.333,0.333,0.334] | v4:G2[0.332,0.333,0.334][TopoTrace Step 0] v0:G2[0.333,0.333,0.334] | v1:G0[0.334,0.333,0.333] | v2:G0[0.335,0.333,0.332] | v3:G2[0.333,0.333,0.334] | v4:G2[0.332,0.333,0.334]


[TopoTrace Step 0] v0:G2[0.333,0.333,0.334] | v1:G0[0.334,0.333,0.333] | v2:G0[0.335,0.333,0.332] | v3:G2[0.333,0.333,0.334] | v4:G2[0.332,0.333,0.334]
[TopoTrace Step 0] v0:G2[0.333,0.333,0.334] | v1:G0[0.334,0.333,0.333] | v2:G0[0.335,0.333,0.332] | v3:G2[0.333,0.333,0.334] | v4:G2[0.332,0.333,0.334]
[TopoTrace Step 0] v0:G2[0.333,0.333,0.334] | v1:G0[0.334,0.333,0.333] | v2:G0[0.335,0.333,0.332] | v3:G2[0.333,0.333,0.334] | v4:G2[0.332,0.333,0.334][TopoTrace Step 0] v0:G2[0.333,0.333,0.334] | v1:G0[0.334,0.333,0.333] | v2:G0[0.335,0.333,0.332] | v3:G2[0.333,0.333,0.334] | v4:G2[0.332,0.333,0.334]

[TopoTrace Step 0] v0:G2[0.333,0.333,0.334] | v1:G0[0.334,0.333,0.333] | v2:G0[0.335,0.333,0.332] | v3:G2[0.333,0.333,0.334] | v4:G2[0.332,0.333,0.334]
[TopoTrace Step 0] v0:G2[0.333,0.333,0.334] | v1:G0[0.334,0.333,0.333] | v2:G0[0.335,0.333,0.332] | v3:G2[0.333,0.333,0.334] | v4:G2[0.332,0.333,0.334]
[TopoTrace Step 0] v0:G2[0.333,0.333,0.334] | v1:G0[0.334,0.333,0.333] | v2:G0[0.335,0.333,0.332] | v3:G2[0.333,0.333,0.334] | v4:G2[0.332,0.333,0.334]
[TopoTrace Step 0] v0:G2[0.333,0.333,0.334] | v1:G0[0.334,0.333,0.333] | v2:G0[0.335,0.333,0.332] | v3:G2[0.333,0.333,0.334] | v4:G2[0.332,0.333,0.334]
[TopoTrace Step 0] v0:G2[0.333,0.333,0.334] | v1:G0[0.334,0.333,0.333] | v2:G0[0.335,0.333,0.332] | v3:G2[0.333,0.333,0.334] | v4:G2[0.332,0.333,0.334]
[TopoTrace Step 0] v0:G2[0.333,0.333,0.334] | v1:G0[0.334,0.333,0.333] | v2:G0[0.335,0.333,0.332] | v3:G2[0.333,0.333,0.334] | v4:G2[0.332,0.333,0.334]
[TopoTrace Step 0] v0:G2[0.333,0.333,0.334] | v1:G0[0.334,0.333,0.333] | v2:G0[0.335,0.333,0.332] | v3:G2[0.333,0.333,0.334] | v4:G2[0.332,0.333,0.334]
[TopoTrace Step 0] v0:G2[0.333,0.333,0.334] | v1:G0[0.334,0.333,0.333] | v2:G0[0.335,0.333,0.332] | v3:G2[0.333,0.333,0.334] | v4:G2[0.332,0.333,0.334]
[TopoTrace Step 0] v0:G2[0.333,0.333,0.334] | v1:G0[0.334,0.333,0.333] | v2:G0[0.335,0.333,0.332] | v3:G2[0.333,0.333,0.334] | v4:G2[0.332,0.333,0.334]
[TopoTrace Step 0] v0:G2[0.333,0.333,0.334] | v1:G0[0.334,0.333,0.333] | v2:G0[0.335,0.333,0.332] | v3:G2[0.333,0.333,0.334] | v4:G2[0.332,0.333,0.334]
[TopoTrace Step 0] v0:G2[0.333,0.333,0.334] | v1:G0[0.334,0.333,0.333] | v2:G0[0.335,0.333,0.332] | v3:G2[0.333,0.333,0.334] | v4:G2[0.332,0.333,0.334][TopoTrace Step 0] v0:G2[0.333,0.333,0.334] | v1:G0[0.334,0.333,0.333] | v2:G0[0.335,0.333,0.332] | v3:G2[0.333,0.333,0.334] | v4:G2[0.332,0.333,0.334]

[TopoTrace Step 0] v0:G2[0.333,0.333,0.334] | v1:G0[0.334,0.333,0.333] | v2:G0[0.335,0.333,0.332] | v3:G2[0.333,0.333,0.334] | v4:G2[0.332,0.333,0.334]
[TopoTrace Step 0] v0:G2[0.333,0.333,0.334] | v1:G0[0.334,0.333,0.333] | v2:G0[0.335,0.333,0.332] | v3:G2[0.333,0.333,0.334] | v4:G2[0.332,0.333,0.334]
[TopoTrace Step 0] v0:G2[0.333,0.333,0.334] | v1:G0[0.334,0.333,0.333] | v2:G0[0.335,0.333,0.332] | v3:G2[0.333,0.333,0.334] | v4:G2[0.332,0.333,0.334]
[TopoTrace Step 0] v0:G2[0.333,0.333,0.334] | v1:G0[0.334,0.333,0.333] | v2:G0[0.335,0.333,0.332] | v3:G2[0.333,0.333,0.334] | v4:G2[0.332,0.333,0.334]
[TopoTrace Step 0] v0:G2[0.333,0.333,0.334] | v1:G0[0.334,0.333,0.333] | v2:G0[0.335,0.333,0.332] | v3:G2[0.333,0.333,0.334] | v4:G2[0.332,0.333,0.334]
[TopoTrace Step 0] v0:G2[0.333,0.333,0.334] | v1:G0[0.334,0.333,0.333] | v2:G0[0.335,0.333,0.332] | v3:G2[0.333,0.333,0.334] | v4:G2[0.332,0.333,0.334]
[TopoTrace Step 0] v0:G2[0.333,0.333,0.334] | v1:G0[0.334,0.333,0.333] | v2:G0[0.335,0.333,0.332] | v3:G2[0.333,0.333,0.334] | v4:G2[0.332,0.333,0.334]
[TopoTrace Step 0] v0:G2[0.333,0.333,0.334] | v1:G0[0.334,0.333,0.333] | v2:G0[0.335,0.333,0.332] | v3:G2[0.333,0.333,0.334] | v4:G2[0.332,0.333,0.334]
[TopoTrace Step 0] v0:G2[0.333,0.333,0.334] | v1:G0[0.334,0.333,0.333] | v2:G0[0.335,0.333,0.332] | v3:G2[0.333,0.333,0.334] | v4:G2[0.332,0.333,0.334]
[TopoTrace Step 0] v0:G2[0.333,0.333,0.334] | v1:G0[0.334,0.333,0.333] | v2:G0[0.335,0.333,0.332] | v3:G2[0.333,0.333,0.334] | v4:G2[0.332,0.333,0.334]
[TopoTrace Step 0] v0:G2[0.333,0.333,0.334] | v1:G0[0.334,0.333,0.333] | v2:G0[0.335,0.333,0.332] | v3:G2[0.333,0.333,0.334] | v4:G2[0.332,0.333,0.334][TopoTrace Step 0] v0:G2[0.333,0.333,0.334] | v1:G0[0.334,0.333,0.333] | v2:G0[0.335,0.333,0.332] | v3:G2[0.333,0.333,0.334] | v4:G2[0.332,0.333,0.334]

[TopoTrace Step 0] v0:G2[0.333,0.333,0.334] | v1:G0[0.334,0.333,0.333] | v2:G0[0.335,0.333,0.332] | v3:G2[0.333,0.333,0.334] | v4:G2[0.332,0.333,0.334]
[TopoTrace Step 0] v0:G2[0.333,0.333,0.334] | v1:G0[0.334,0.333,0.333] | v2:G0[0.335,0.333,0.332] | v3:G2[0.333,0.333,0.334] | v4:G2[0.332,0.333,0.334]
[TopoTrace Step 0] v0:G2[0.333,0.333,0.334] | v1:G0[0.334,0.333,0.333] | v2:G0[0.335,0.333,0.332] | v3:G2[0.333,0.333,0.334] | v4:G2[0.332,0.333,0.334][TopoTrace Step 0] v0:G2[0.333,0.333,0.334] | v1:G0[0.334,0.333,0.333] | v2:G0[0.335,0.333,0.332] | v3:G2[0.333,0.333,0.334] | v4:G2[0.332,0.333,0.334]

[TopoTrace Step 0] v0:G2[0.333,0.333,0.334] | v1:G0[0.334,0.333,0.333] | v2:G0[0.335,0.333,0.332] | v3:G2[0.333,0.333,0.334] | v4:G2[0.332,0.333,0.334]
[TopoTrace Step 0] v0:G2[0.333,0.333,0.334] | v1:G0[0.334,0.333,0.333] | v2:G0[0.335,0.333,0.332] | v3:G2[0.333,0.333,0.334] | v4:G2[0.332,0.333,0.334]
[TopoTrace Step 0] v0:G2[0.333,0.333,0.334] | v1:G0[0.334,0.333,0.333] | v2:G0[0.335,0.333,0.332] | v3:G2[0.333,0.333,0.334] | v4:G2[0.332,0.333,0.334]
[TopoTrace Step 0] v0:G2[0.333,0.333,0.334] | v1:G0[0.334,0.333,0.333] | v2:G0[0.335,0.333,0.332] | v3:G2[0.333,0.333,0.334] | v4:G2[0.332,0.333,0.334]
[TopoTrace Step 0] v0:G2[0.333,0.333,0.334] | v1:G0[0.334,0.333,0.333] | v2:G0[0.335,0.333,0.332] | v3:G2[0.333,0.333,0.334] | v4:G2[0.332,0.333,0.334]
[TopoTrace Step 0] v0:G2[0.333,0.333,0.334] | v1:G0[0.334,0.333,0.333] | v2:G0[0.335,0.333,0.332] | v3:G2[0.333,0.333,0.334] | v4:G2[0.332,0.333,0.334]
[TopoTrace Step 0] v0:G2[0.333,0.333,0.334] | v1:G0[0.334,0.333,0.333] | v2:G0[0.335,0.333,0.332] | v3:G2[0.333,0.333,0.334] | v4:G2[0.332,0.333,0.334][TopoTrace Step 0] v0:G2[0.333,0.333,0.334] | v1:G0[0.334,0.333,0.333] | v2:G0[0.335,0.333,0.332] | v3:G2[0.333,0.333,0.334] | v4:G2[0.332,0.333,0.334]

[TopoTrace Step 0] v0:G2[0.333,0.333,0.334] | v1:G0[0.334,0.333,0.333] | v2:G0[0.335,0.333,0.332] | v3:G2[0.333,0.333,0.334] | v4:G2[0.332,0.333,0.334]
[TopoTrace Step 0] v0:G2[0.333,0.333,0.334] | v1:G0[0.334,0.333,0.333] | v2:G0[0.335,0.333,0.332] | v3:G2[0.333,0.333,0.334] | v4:G2[0.332,0.333,0.334]
[TopoTrace Step 0] v0:G2[0.333,0.333,0.334] | v1:G0[0.334,0.333,0.333] | v2:G0[0.335,0.333,0.332] | v3:G2[0.333,0.333,0.334] | v4:G2[0.332,0.333,0.334][TopoTrace Step 0] v0:G2[0.333,0.333,0.334] | v1:G0[0.334,0.333,0.333] | v2:G0[0.335,0.333,0.332] | v3:G2[0.333,0.333,0.334] | v4:G2[0.332,0.333,0.334]

[TopoTrace Step 0] v0:G2[0.333,0.333,0.334] | v1:G0[0.334,0.333,0.333] | v2:G0[0.335,0.333,0.332] | v3:G2[0.333,0.333,0.334] | v4:G2[0.332,0.333,0.334]
[TopoTrace Step 0] v0:G2[0.333,0.333,0.334] | v1:G0[0.334,0.333,0.333] | v2:G0[0.335,0.333,0.332] | v3:G2[0.333,0.333,0.334] | v4:G2[0.332,0.333,0.334]
[TopoTrace Step 0] v0:G2[0.333,0.333,0.334] | v1:G0[0.334,0.333,0.333] | v2:G0[0.335,0.333,0.332] | v3:G2[0.333,0.333,0.334] | v4:G2[0.332,0.333,0.334]
[TopoTrace Step 0] v0:G2[0.333,0.333,0.334] | v1:G0[0.334,0.333,0.333] | v2:G0[0.335,0.333,0.332] | v3:G2[0.333,0.333,0.334] | v4:G2[0.332,0.333,0.334]
[TopoTrace Step 0] v0:G2[0.333,0.333,0.334] | v1:G0[0.334,0.333,0.333] | v2:G0[0.335,0.333,0.332] | v3:G2[0.333,0.333,0.334] | v4:G2[0.332,0.333,0.334]
[TopoTrace Step 0] v0:G2[0.333,0.333,0.334] | v1:G0[0.334,0.333,0.333] | v2:G0[0.335,0.333,0.332] | v3:G2[0.333,0.333,0.334] | v4:G2[0.332,0.333,0.334]
[TopoTrace Step 0] v0:G2[0.333,0.333,0.334] | v1:G0[0.334,0.333,0.333] | v2:G0[0.335,0.333,0.332] | v3:G2[0.333,0.333,0.334] | v4:G2[0.332,0.333,0.334][TopoTrace Step 0] v0:G2[0.333,0.333,0.334] | v1:G0[0.334,0.333,0.333] | v2:G0[0.335,0.333,0.332] | v3:G2[0.333,0.333,0.334] | v4:G2[0.332,0.333,0.334]

[TopoTrace Step 0] v0:G2[0.333,0.333,0.334] | v1:G0[0.334,0.333,0.333] | v2:G0[0.335,0.333,0.332] | v3:G2[0.333,0.333,0.334] | v4:G2[0.332,0.333,0.334]
[TopoTrace Step 0] v0:G2[0.333,0.333,0.334] | v1:G0[0.334,0.333,0.333] | v2:G0[0.335,0.333,0.332] | v3:G2[0.333,0.333,0.334] | v4:G2[0.332,0.333,0.334][TopoTrace Step 0] v0:G2[0.333,0.333,0.334] | v1:G0[0.334,0.333,0.333] | v2:G0[0.335,0.333,0.332] | v3:G2[0.333,0.333,0.334] | v4:G2[0.332,0.333,0.334]

[TopoTrace Step 0] v0:G2[0.333,0.333,0.334] | v1:G0[0.334,0.333,0.333] | v2:G0[0.335,0.333,0.332] | v3:G2[0.333,0.333,0.334] | v4:G2[0.332,0.333,0.334]
[TopoTrace Step 0] v0:G2[0.333,0.333,0.334] | v1:G0[0.334,0.333,0.333] | v2:G0[0.335,0.333,0.332] | v3:G2[0.333,0.333,0.334] | v4:G2[0.332,0.333,0.334]
[TopoTrace Step 0] v0:G2[0.333,0.333,0.334] | v1:G0[0.334,0.333,0.333] | v2:G0[0.335,0.333,0.332] | v3:G2[0.333,0.333,0.334] | v4:G2[0.332,0.333,0.334]
[TopoTrace Step 0] v0:G2[0.333,0.333,0.334] | v1:G0[0.334,0.333,0.333] | v2:G0[0.335,0.333,0.332] | v3:G2[0.333,0.333,0.334] | v4:G2[0.332,0.333,0.334][TopoTrace Step 0] v0:G2[0.333,0.333,0.334] | v1:G0[0.334,0.333,0.333] | v2:G0[0.335,0.333,0.332] | v3:G2[0.333,0.333,0.334] | v4:G2[0.332,0.333,0.334]

[TopoTrace Step 0] v0:G2[0.333,0.333,0.334] | v1:G0[0.334,0.333,0.333] | v2:G0[0.335,0.333,0.332] | v3:G2[0.333,0.333,0.334] | v4:G2[0.332,0.333,0.334]
[TopoTrace Step 0] v0:G2[0.333,0.333,0.334] | v1:G0[0.334,0.333,0.333] | v2:G0[0.335,0.333,0.332] | v3:G2[0.333,0.333,0.334] | v4:G2[0.332,0.333,0.334]
[TopoTrace Step 0] v0:G2[0.333,0.333,0.334] | v1:G0[0.334,0.333,0.333] | v2:G0[0.335,0.333,0.332] | v3:G2[0.333,0.333,0.334] | v4:G2[0.332,0.333,0.334][TopoTrace Step 0] v0:G2[0.333,0.333,0.334] | v1:G0[0.334,0.333,0.333] | v2:G0[0.335,0.333,0.332] | v3:G2[0.333,0.333,0.334] | v4:G2[0.332,0.333,0.334]

[TopoTrace Step 0] v0:G2[0.333,0.333,0.334] | v1:G0[0.334,0.333,0.333] | v2:G0[0.335,0.333,0.332] | v3:G2[0.333,0.333,0.334] | v4:G2[0.332,0.333,0.334]
[TopoTrace Step 0] v0:G2[0.333,0.333,0.334] | v1:G0[0.334,0.333,0.333] | v2:G0[0.335,0.333,0.332] | v3:G2[0.333,0.333,0.334] | v4:G2[0.332,0.333,0.334]
[TopoTrace Step 0] v0:G2[0.333,0.333,0.334] | v1:G0[0.334,0.333,0.333] | v2:G0[0.335,0.333,0.332] | v3:G2[0.333,0.333,0.334] | v4:G2[0.332,0.333,0.334][TopoTrace Step 0] v0:G2[0.333,0.333,0.334] | v1:G0[0.334,0.333,0.333] | v2:G0[0.335,0.333,0.332] | v3:G2[0.333,0.333,0.334] | v4:G2[0.332,0.333,0.334]

[TopoTrace Step 0] v0:G2[0.333,0.333,0.334] | v1:G0[0.334,0.333,0.333] | v2:G0[0.335,0.333,0.332] | v3:G2[0.333,0.333,0.334] | v4:G2[0.332,0.333,0.334]
[TopoTrace Step 0] v0:G2[0.333,0.333,0.334] | v1:G0[0.334,0.333,0.333] | v2:G0[0.335,0.333,0.332] | v3:G2[0.333,0.333,0.334] | v4:G2[0.332,0.333,0.334]
[TopoTrace Step 0] v0:G2[0.333,0.333,0.334] | v1:G0[0.334,0.333,0.333] | v2:G0[0.335,0.333,0.332] | v3:G2[0.333,0.333,0.334] | v4:G2[0.332,0.333,0.334]
[TopoTrace Step 0] v0:G2[0.333,0.333,0.334] | v1:G0[0.334,0.333,0.333] | v2:G0[0.335,0.333,0.332] | v3:G2[0.333,0.333,0.334] | v4:G2[0.332,0.333,0.334]
[TopoTrace Step 0] v0:G2[0.333,0.333,0.334] | v1:G0[0.334,0.333,0.333] | v2:G0[0.335,0.333,0.332] | v3:G2[0.333,0.333,0.334] | v4:G2[0.332,0.333,0.334]
[TopoTrace Step 0] v0:G2[0.333,0.333,0.334] | v1:G0[0.334,0.333,0.333] | v2:G0[0.335,0.333,0.332] | v3:G2[0.333,0.333,0.334] | v4:G2[0.332,0.333,0.334]
[TopoTrace Step 0] v0:G2[0.333,0.333,0.334] | v1:G0[0.334,0.333,0.333] | v2:G0[0.335,0.333,0.332] | v3:G2[0.333,0.333,0.334] | v4:G2[0.332,0.333,0.334][TopoTrace Step 0] v0:G2[0.333,0.333,0.334] | v1:G0[0.334,0.333,0.333] | v2:G0[0.335,0.333,0.332] | v3:G2[0.333,0.333,0.334] | v4:G2[0.332,0.333,0.334]

[TopoTrace Step 0] v0:G2[0.333,0.333,0.334] | v1:G0[0.334,0.333,0.333] | v2:G0[0.335,0.333,0.332] | v3:G2[0.333,0.333,0.334] | v4:G2[0.332,0.333,0.334]
[TopoTrace Step 0] v0:G2[0.333,0.333,0.334] | v1:G0[0.334,0.333,0.333] | v2:G0[0.335,0.333,0.332] | v3:G2[0.333,0.333,0.334] | v4:G2[0.332,0.333,0.334]
[TopoTrace Step 0] v0:G2[0.333,0.333,0.334] | v1:G0[0.334,0.333,0.333] | v2:G0[0.335,0.333,0.332] | v3:G2[0.333,0.333,0.334] | v4:G2[0.332,0.333,0.334]
[TopoTrace Step 0] v0:G2[0.333,0.333,0.334] | v1:G0[0.334,0.333,0.333] | v2:G0[0.335,0.333,0.332] | v3:G2[0.333,0.333,0.334] | v4:G2[0.332,0.333,0.334]
[TopoTrace Step 0] v0:G2[0.333,0.333,0.334] | v1:G0[0.334,0.333,0.333] | v2:G0[0.335,0.333,0.332] | v3:G2[0.333,0.333,0.334] | v4:G2[0.332,0.333,0.334]
[TopoTrace Step 0] v0:G2[0.333,0.333,0.334] | v1:G0[0.334,0.333,0.333] | v2:G0[0.335,0.333,0.332] | v3:G2[0.333,0.333,0.334] | v4:G2[0.332,0.333,0.334]
[TopoTrace Step 0] v0:G2[0.333,0.333,0.334] | v1:G0[0.334,0.333,0.333] | v2:G0[0.335,0.333,0.332] | v3:G2[0.333,0.333,0.334] | v4:G2[0.332,0.333,0.334]
[TopoTrace Step 0] v0:G2[0.333,0.333,0.334] | v1:G0[0.334,0.333,0.333] | v2:G0[0.335,0.333,0.332] | v3:G2[0.333,0.333,0.334] | v4:G2[0.332,0.333,0.334]
[TopoTrace Step 0] v0:G2[0.333,0.333,0.334] | v1:G0[0.334,0.333,0.333] | v2:G0[0.335,0.333,0.332] | v3:G2[0.333,0.333,0.334] | v4:G2[0.332,0.333,0.334]
[TopoTrace Step 0] v0:G2[0.333,0.333,0.334] | v1:G0[0.334,0.333,0.333] | v2:G0[0.335,0.333,0.332] | v3:G2[0.333,0.333,0.334] | v4:G2[0.332,0.333,0.334]
[TopoTrace Step 0] v0:G2[0.333,0.333,0.334] | v1:G0[0.334,0.333,0.333] | v2:G0[0.335,0.333,0.332] | v3:G2[0.333,0.333,0.334] | v4:G2[0.332,0.333,0.334][TopoTrace Step 0] v0:G2[0.333,0.333,0.334] | v1:G0[0.334,0.333,0.333] | v2:G0[0.335,0.333,0.332] | v3:G2[0.333,0.333,0.334] | v4:G2[0.332,0.333,0.334]

[TopoTrace Step 0] v0:G2[0.333,0.333,0.334] | v1:G0[0.334,0.333,0.333] | v2:G0[0.335,0.333,0.332] | v3:G2[0.333,0.333,0.334] | v4:G2[0.332,0.333,0.334]
[TopoTrace Step 0] v0:G2[0.333,0.333,0.334] | v1:G0[0.334,0.333,0.333] | v2:G0[0.335,0.333,0.332] | v3:G2[0.333,0.333,0.334] | v4:G2[0.332,0.333,0.334]
[TopoTrace Step 0] v0:G2[0.333,0.333,0.334] | v1:G0[0.334,0.333,0.333] | v2:G0[0.335,0.333,0.332] | v3:G2[0.333,0.333,0.334] | v4:G2[0.332,0.333,0.334][TopoTrace Step 0] v0:G2[0.333,0.333,0.334] | v1:G0[0.334,0.333,0.333] | v2:G0[0.335,0.333,0.332] | v3:G2[0.333,0.333,0.334] | v4:G2[0.332,0.333,0.334]

[TopoTrace Step 0] v0:G2[0.333,0.333,0.334] | v1:G0[0.334,0.333,0.333] | v2:G0[0.335,0.333,0.332] | v3:G2[0.333,0.333,0.334] | v4:G2[0.332,0.333,0.334]
[TopoTrace Step 0] v0:G2[0.333,0.333,0.334] | v1:G0[0.334,0.333,0.333] | v2:G0[0.335,0.333,0.332] | v3:G2[0.333,0.333,0.334] | v4:G2[0.332,0.333,0.334]
[TopoTrace Step 0] v0:G2[0.333,0.333,0.334] | v1:G0[0.334,0.333,0.333] | v2:G0[0.335,0.333,0.332] | v3:G2[0.333,0.333,0.334] | v4:G2[0.332,0.333,0.334][TopoTrace Step 0] v0:G2[0.333,0.333,0.334] | v1:G0[0.334,0.333,0.333] | v2:G0[0.335,0.333,0.332] | v3:G2[0.333,0.333,0.334] | v4:G2[0.332,0.333,0.334]

[TopoTrace Step 0] v0:G2[0.333,0.333,0.334] | v1:G0[0.334,0.333,0.333] | v2:G0[0.335,0.333,0.332] | v3:G2[0.333,0.333,0.334] | v4:G2[0.332,0.333,0.334][TopoTrace Step 0] v0:G2[0.333,0.333,0.334] | v1:G0[0.334,0.333,0.333] | v2:G0[0.335,0.333,0.332] | v3:G2[0.333,0.333,0.334] | v4:G2[0.332,0.333,0.334][TopoTrace Step 0] v0:G2[0.333,0.333,0.334] | v1:G0[0.334,0.333,0.333] | v2:G0[0.335,0.333,0.332] | v3:G2[0.333,0.333,0.334] | v4:G2[0.332,0.333,0.334]


[TopoTrace Step 0] v0:G2[0.333,0.333,0.334] | v1:G0[0.334,0.333,0.333] | v2:G0[0.335,0.333,0.332] | v3:G2[0.333,0.333,0.334] | v4:G2[0.332,0.333,0.334]
[TopoTrace Step 0] v0:G2[0.333,0.333,0.334] | v1:G0[0.334,0.333,0.333] | v2:G0[0.335,0.333,0.332] | v3:G2[0.333,0.333,0.334] | v4:G2[0.332,0.333,0.334]
[TopoTrace Step 0] v0:G2[0.333,0.333,0.334] | v1:G0[0.334,0.333,0.333] | v2:G0[0.335,0.333,0.332] | v3:G2[0.333,0.333,0.334] | v4:G2[0.332,0.333,0.334]
[TopoTrace Step 0] v0:G2[0.333,0.333,0.334] | v1:G0[0.334,0.333,0.333] | v2:G0[0.335,0.333,0.332] | v3:G2[0.333,0.333,0.334] | v4:G2[0.332,0.333,0.334]
[TopoTrace Step 0] v0:G2[0.333,0.333,0.334] | v1:G0[0.334,0.333,0.333] | v2:G0[0.335,0.333,0.332] | v3:G2[0.333,0.333,0.334] | v4:G2[0.332,0.333,0.334]
[TopoTrace Step 0] v0:G2[0.333,0.333,0.334] | v1:G0[0.334,0.333,0.333] | v2:G0[0.335,0.333,0.332] | v3:G2[0.333,0.333,0.334] | v4:G2[0.332,0.333,0.334]
[TopoTrace Step 0] v0:G2[0.333,0.333,0.334] | v1:G0[0.334,0.333,0.333] | v2:G0[0.335,0.333,0.332] | v3:G2[0.333,0.333,0.334] | v4:G2[0.332,0.333,0.334]
[TopoTrace Step 0] v0:G2[0.333,0.333,0.334] | v1:G0[0.334,0.333,0.333] | v2:G0[0.335,0.333,0.332] | v3:G2[0.333,0.333,0.334] | v4:G2[0.332,0.333,0.334]
[TopoTrace Step 0] v0:G2[0.333,0.333,0.334] | v1:G0[0.334,0.333,0.333] | v2:G0[0.335,0.333,0.332] | v3:G2[0.333,0.333,0.334] | v4:G2[0.332,0.333,0.334]
[TopoTrace Step 0] v0:G2[0.333,0.333,0.334] | v1:G0[0.334,0.333,0.333] | v2:G0[0.335,0.333,0.332] | v3:G2[0.333,0.333,0.334] | v4:G2[0.332,0.333,0.334]
[TopoTrace Step 0] v0:G2[0.333,0.333,0.334] | v1:G0[0.334,0.333,0.333] | v2:G0[0.335,0.333,0.332] | v3:G2[0.333,0.333,0.334] | v4:G2[0.332,0.333,0.334]
[TopoTrace Step 0] v0:G2[0.333,0.333,0.334] | v1:G0[0.334,0.333,0.333] | v2:G0[0.335,0.333,0.332] | v3:G2[0.333,0.333,0.334] | v4:G2[0.332,0.333,0.334][TopoTrace Step 0] v0:G2[0.333,0.333,0.334] | v1:G0[0.334,0.333,0.333] | v2:G0[0.335,0.333,0.332] | v3:G2[0.333,0.333,0.334] | v4:G2[0.332,0.333,0.334]

[TopoTrace Step 0] v0:G2[0.333,0.333,0.334] | v1:G0[0.334,0.333,0.333] | v2:G0[0.335,0.333,0.332] | v3:G2[0.333,0.333,0.334] | v4:G2[0.332,0.333,0.334]
[TopoTrace Step 0] v0:G2[0.333,0.333,0.334] | v1:G0[0.334,0.333,0.333] | v2:G0[0.335,0.333,0.332] | v3:G2[0.333,0.333,0.334] | v4:G2[0.332,0.333,0.334]
[TopoTrace Step 0] v0:G2[0.333,0.333,0.334] | v1:G0[0.334,0.333,0.333] | v2:G0[0.335,0.333,0.332] | v3:G2[0.333,0.333,0.334] | v4:G2[0.332,0.333,0.334][TopoTrace Step 0] v0:G2[0.333,0.333,0.334] | v1:G0[0.334,0.333,0.333] | v2:G0[0.335,0.333,0.332] | v3:G2[0.333,0.333,0.334] | v4:G2[0.332,0.333,0.334]

[TopoTrace Step 0] v0:G2[0.333,0.333,0.334] | v1:G0[0.334,0.333,0.333] | v2:G0[0.335,0.333,0.332] | v3:G2[0.333,0.333,0.334] | v4:G2[0.332,0.333,0.334]
[TopoTrace Step 0] v0:G2[0.333,0.333,0.334] | v1:G0[0.334,0.333,0.333] | v2:G0[0.335,0.333,0.332] | v3:G2[0.333,0.333,0.334] | v4:G2[0.332,0.333,0.334][TopoTrace Step 0] v0:G2[0.333,0.333,0.334] | v1:G0[0.334,0.333,0.333] | v2:G0[0.335,0.333,0.332] | v3:G2[0.333,0.333,0.334] | v4:G2[0.332,0.333,0.334]

[TopoTrace Step 0] v0:G2[0.333,0.333,0.334] | v1:G0[0.334,0.333,0.333] | v2:G0[0.335,0.333,0.332] | v3:G2[0.333,0.333,0.334] | v4:G2[0.332,0.333,0.334]
[TopoTrace Step 0] v0:G2[0.333,0.333,0.334] | v1:G0[0.334,0.333,0.333] | v2:G0[0.335,0.333,0.332] | v3:G2[0.333,0.333,0.334] | v4:G2[0.332,0.333,0.334]
[TopoTrace Step 0] v0:G2[0.333,0.333,0.334] | v1:G0[0.334,0.333,0.333] | v2:G0[0.335,0.333,0.332] | v3:G2[0.333,0.333,0.334] | v4:G2[0.332,0.333,0.334]
[TopoTrace Step 0] v0:G2[0.333,0.333,0.334] | v1:G0[0.334,0.333,0.333] | v2:G0[0.335,0.333,0.332] | v3:G2[0.333,0.333,0.334] | v4:G2[0.332,0.333,0.334][TopoTrace Step 0] v0:G2[0.333,0.333,0.334] | v1:G0[0.334,0.333,0.333] | v2:G0[0.335,0.333,0.332] | v3:G2[0.333,0.333,0.334] | v4:G2[0.332,0.333,0.334]

[TopoTrace Step 0] v0:G2[0.333,0.333,0.334] | v1:G0[0.334,0.333,0.333] | v2:G0[0.335,0.333,0.332] | v3:G2[0.333,0.333,0.334] | v4:G2[0.332,0.333,0.334]
[TopoTrace Step 0] v0:G2[0.333,0.333,0.334] | v1:G0[0.334,0.333,0.333] | v2:G0[0.335,0.333,0.332] | v3:G2[0.333,0.333,0.334] | v4:G2[0.332,0.333,0.334]
[TopoTrace Step 0] v0:G2[0.333,0.333,0.334] | v1:G0[0.334,0.333,0.333] | v2:G0[0.335,0.333,0.332] | v3:G2[0.333,0.333,0.334] | v4:G2[0.332,0.333,0.334]
[TopoTrace Step 0] v0:G2[0.333,0.333,0.334] | v1:G0[0.334,0.333,0.333] | v2:G0[0.335,0.333,0.332] | v3:G2[0.333,0.333,0.334] | v4:G2[0.332,0.333,0.334]
[TopoTrace Step 0] v0:G2[0.333,0.333,0.334] | v1:G0[0.334,0.333,0.333] | v2:G0[0.335,0.333,0.332] | v3:G2[0.333,0.333,0.334] | v4:G2[0.332,0.333,0.334]
[TopoTrace Step 0] v0:G2[0.333,0.333,0.334] | v1:G0[0.334,0.333,0.333] | v2:G0[0.335,0.333,0.332] | v3:G2[0.333,0.333,0.334] | v4:G2[0.332,0.333,0.334]
[TopoTrace Step 0] v0:G2[0.333,0.333,0.334] | v1:G0[0.334,0.333,0.333] | v2:G0[0.335,0.333,0.332] | v3:G2[0.333,0.333,0.334] | v4:G2[0.332,0.333,0.334]
[TopoTrace Step 0] v0:G2[0.333,0.333,0.334] | v1:G0[0.334,0.333,0.333] | v2:G0[0.335,0.333,0.332] | v3:G2[0.333,0.333,0.334] | v4:G2[0.332,0.333,0.334]
[TopoTrace Step 0] v0:G2[0.333,0.333,0.334] | v1:G0[0.334,0.333,0.333] | v2:G0[0.335,0.333,0.332] | v3:G2[0.333,0.333,0.334] | v4:G2[0.332,0.333,0.334]
[TopoTrace Step 0] v0:G2[0.333,0.333,0.334] | v1:G0[0.334,0.333,0.333] | v2:G0[0.335,0.333,0.332] | v3:G2[0.333,0.333,0.334] | v4:G2[0.332,0.333,0.334]
[TopoTrace Step 0] v0:G2[0.333,0.333,0.334] | v1:G0[0.334,0.333,0.333] | v2:G0[0.335,0.333,0.332] | v3:G2[0.333,0.333,0.334] | v4:G2[0.332,0.333,0.334][TopoTrace Step 0] v0:G2[0.333,0.333,0.334] | v1:G0[0.334,0.333,0.333] | v2:G0[0.335,0.333,0.332] | v3:G2[0.333,0.333,0.334] | v4:G2[0.332,0.333,0.334]

[TopoTrace Step 0] v0:G2[0.333,0.333,0.334] | v1:G0[0.334,0.333,0.333] | v2:G0[0.335,0.333,0.332] | v3:G2[0.333,0.333,0.334] | v4:G2[0.332,0.333,0.334]
[TopoTrace Step 0] v0:G2[0.333,0.333,0.334] | v1:G0[0.334,0.333,0.333] | v2:G0[0.335,0.333,0.332] | v3:G2[0.333,0.333,0.334] | v4:G2[0.332,0.333,0.334]
[TopoTrace Step 0] v0:G2[0.333,0.333,0.334] | v1:G0[0.334,0.333,0.333] | v2:G0[0.335,0.333,0.332] | v3:G2[0.333,0.333,0.334] | v4:G2[0.332,0.333,0.334]
[TopoTrace Step 0] v0:G2[0.333,0.333,0.334] | v1:G0[0.334,0.333,0.333] | v2:G0[0.335,0.333,0.332] | v3:G2[0.333,0.333,0.334] | v4:G2[0.332,0.333,0.334]
[TopoTrace Step 0] v0:G2[0.333,0.333,0.334] | v1:G0[0.334,0.333,0.333] | v2:G0[0.335,0.333,0.332] | v3:G2[0.333,0.333,0.334] | v4:G2[0.332,0.333,0.334]
[TopoTrace Step 0] v0:G2[0.333,0.333,0.334] | v1:G0[0.334,0.333,0.333] | v2:G0[0.335,0.333,0.332] | v3:G2[0.333,0.333,0.334] | v4:G2[0.332,0.333,0.334]
[TopoTrace Step 0] v0:G2[0.333,0.333,0.334] | v1:G0[0.334,0.333,0.333] | v2:G0[0.335,0.333,0.332] | v3:G2[0.333,0.333,0.334] | v4:G2[0.332,0.333,0.334]
[TopoTrace Step 0] v0:G2[0.333,0.333,0.334] | v1:G0[0.334,0.333,0.333] | v2:G0[0.335,0.333,0.332] | v3:G2[0.333,0.333,0.334] | v4:G2[0.332,0.333,0.334]
[TopoTrace Step 0] v0:G2[0.333,0.333,0.334] | v1:G0[0.334,0.333,0.333] | v2:G0[0.335,0.333,0.332] | v3:G2[0.333,0.333,0.334] | v4:G2[0.332,0.333,0.334]
[TopoTrace Step 0] v0:G2[0.333,0.333,0.334] | v1:G0[0.334,0.333,0.333] | v2:G0[0.335,0.333,0.332] | v3:G2[0.333,0.333,0.334] | v4:G2[0.332,0.333,0.334]
[TopoTrace Step 0] v0:G2[0.333,0.333,0.334] | v1:G0[0.334,0.333,0.333] | v2:G0[0.335,0.333,0.332] | v3:G2[0.333,0.333,0.334] | v4:G2[0.332,0.333,0.334][TopoTrace Step 0] v0:G2[0.333,0.333,0.334] | v1:G0[0.334,0.333,0.333] | v2:G0[0.335,0.333,0.332] | v3:G2[0.333,0.333,0.334] | v4:G2[0.332,0.333,0.334]

[TopoTrace Step 0] v0:G2[0.333,0.333,0.334] | v1:G0[0.334,0.333,0.333] | v2:G0[0.335,0.333,0.332] | v3:G2[0.333,0.333,0.334] | v4:G2[0.332,0.333,0.334]
[TopoTrace Step 0] v0:G2[0.333,0.333,0.334] | v1:G0[0.334,0.333,0.333] | v2:G0[0.335,0.333,0.332] | v3:G2[0.333,0.333,0.334] | v4:G2[0.332,0.333,0.334]
[TopoTrace Step 0] v0:G2[0.333,0.333,0.334] | v1:G0[0.334,0.333,0.333] | v2:G0[0.335,0.333,0.332] | v3:G2[0.333,0.333,0.334] | v4:G2[0.332,0.333,0.334][TopoTrace Step 0] v0:G2[0.333,0.333,0.334] | v1:G0[0.334,0.333,0.333] | v2:G0[0.335,0.333,0.332] | v3:G2[0.333,0.333,0.334] | v4:G2[0.332,0.333,0.334]

[TopoTrace Step 0] v0:G2[0.333,0.333,0.334] | v1:G0[0.334,0.333,0.333] | v2:G0[0.335,0.333,0.332] | v3:G2[0.333,0.333,0.334] | v4:G2[0.332,0.333,0.334]
[TopoTrace Step 0] v0:G2[0.333,0.333,0.334] | v1:G0[0.334,0.333,0.333] | v2:G0[0.335,0.333,0.332] | v3:G2[0.333,0.333,0.334] | v4:G2[0.332,0.333,0.334]
[TopoTrace Step 0] v0:G2[0.333,0.333,0.334] | v1:G0[0.334,0.333,0.333] | v2:G0[0.335,0.333,0.332] | v3:G2[0.333,0.333,0.334] | v4:G2[0.332,0.333,0.334][TopoTrace Step 0] v0:G2[0.333,0.333,0.334] | v1:G0[0.334,0.333,0.333] | v2:G0[0.335,0.333,0.332] | v3:G2[0.333,0.333,0.334] | v4:G2[0.332,0.333,0.334]

[TopoTrace Step 0] v0:G2[0.333,0.333,0.334] | v1:G0[0.334,0.333,0.333] | v2:G0[0.335,0.333,0.332] | v3:G2[0.333,0.333,0.334] | v4:G2[0.332,0.333,0.334]
[TopoTrace Step 0] v0:G2[0.333,0.333,0.334] | v1:G0[0.334,0.333,0.333] | v2:G0[0.335,0.333,0.332] | v3:G2[0.333,0.333,0.334] | v4:G2[0.332,0.333,0.334]
[TopoTrace Step 0] v0:G2[0.333,0.333,0.334] | v1:G0[0.334,0.333,0.333] | v2:G0[0.335,0.333,0.332] | v3:G2[0.333,0.333,0.334] | v4:G2[0.332,0.333,0.334]
[TopoTrace Step 0] v0:G2[0.333,0.333,0.334] | v1:G0[0.334,0.333,0.333] | v2:G0[0.335,0.333,0.332] | v3:G2[0.333,0.333,0.334] | v4:G2[0.332,0.333,0.334]
[TopoTrace Step 0] v0:G2[0.333,0.333,0.334] | v1:G0[0.334,0.333,0.333] | v2:G0[0.335,0.333,0.332] | v3:G2[0.333,0.333,0.334] | v4:G2[0.332,0.333,0.334]
[TopoTrace Step 0] v0:G2[0.333,0.333,0.334] | v1:G0[0.334,0.333,0.333] | v2:G0[0.335,0.333,0.332] | v3:G2[0.333,0.333,0.334] | v4:G2[0.332,0.333,0.334]
[TopoTrace Step 0] v0:G2[0.333,0.333,0.334] | v1:G0[0.334,0.333,0.333] | v2:G0[0.335,0.333,0.332] | v3:G2[0.333,0.333,0.334] | v4:G2[0.332,0.333,0.334]
[TopoTrace Step 0] v0:G2[0.333,0.333,0.334] | v1:G0[0.334,0.333,0.333] | v2:G0[0.335,0.333,0.332] | v3:G2[0.333,0.333,0.334] | v4:G2[0.332,0.333,0.334]
[TopoTrace Step 0] v0:G2[0.333,0.333,0.334] | v1:G0[0.334,0.333,0.333] | v2:G0[0.335,0.333,0.332] | v3:G2[0.333,0.333,0.334] | v4:G2[0.332,0.333,0.334]
[TopoTrace Step 0] v0:G2[0.333,0.333,0.334] | v1:G0[0.334,0.333,0.333] | v2:G0[0.335,0.333,0.332] | v3:G2[0.333,0.333,0.334] | v4:G2[0.332,0.333,0.334]
[TopoTrace Step 0] v0:G2[0.333,0.333,0.334] | v1:G0[0.334,0.333,0.333] | v2:G0[0.335,0.333,0.332] | v3:G2[0.333,0.333,0.334] | v4:G2[0.332,0.333,0.334]
[TopoTrace Step 0] v0:G2[0.333,0.333,0.334] | v1:G0[0.334,0.333,0.333] | v2:G0[0.335,0.333,0.332] | v3:G2[0.333,0.333,0.334] | v4:G2[0.332,0.333,0.334]
[TopoTrace Step 0] v0:G2[0.333,0.333,0.334] | v1:G0[0.334,0.333,0.333] | v2:G0[0.335,0.333,0.332] | v3:G2[0.333,0.333,0.334] | v4:G2[0.332,0.333,0.334]
[TopoTrace Step 0] v0:G2[0.333,0.333,0.334] | v1:G0[0.334,0.333,0.333] | v2:G0[0.335,0.333,0.332] | v3:G2[0.333,0.333,0.334] | v4:G2[0.332,0.333,0.334]
[TopoTrace Step 0] v0:G2[0.333,0.333,0.334] | v1:G0[0.334,0.333,0.333] | v2:G0[0.335,0.333,0.332] | v3:G2[0.333,0.333,0.334] | v4:G2[0.332,0.333,0.334][TopoTrace Step 0] v0:G2[0.333,0.333,0.334] | v1:G0[0.334,0.333,0.333] | v2:G0[0.335,0.333,0.332] | v3:G2[0.333,0.333,0.334] | v4:G2[0.332,0.333,0.334]

[TopoTrace Step 0] v0:G2[0.333,0.333,0.334] | v1:G0[0.334,0.333,0.333] | v2:G0[0.335,0.333,0.332] | v3:G2[0.333,0.333,0.334] | v4:G2[0.332,0.333,0.334]
[TopoTrace Step 0] v0:G2[0.333,0.333,0.334] | v1:G0[0.334,0.333,0.333] | v2:G0[0.335,0.333,0.332] | v3:G2[0.333,0.333,0.334] | v4:G2[0.332,0.333,0.334]
[TopoTrace Step 0] v0:G2[0.333,0.333,0.334] | v1:G0[0.334,0.333,0.333] | v2:G0[0.335,0.333,0.332] | v3:G2[0.333,0.333,0.334] | v4:G2[0.332,0.333,0.334]
[TopoTrace Step 0] v0:G2[0.333,0.333,0.334] | v1:G0[0.334,0.333,0.333] | v2:G0[0.335,0.333,0.332] | v3:G2[0.333,0.333,0.334] | v4:G2[0.332,0.333,0.334]
[TopoTrace Step 0] v0:G2[0.333,0.333,0.334] | v1:G0[0.334,0.333,0.333] | v2:G0[0.335,0.333,0.332] | v3:G2[0.333,0.333,0.334] | v4:G2[0.332,0.333,0.334]
[TopoTrace Step 0] v0:G2[0.333,0.333,0.334] | v1:G0[0.334,0.333,0.333] | v2:G0[0.335,0.333,0.332] | v3:G2[0.333,0.333,0.334] | v4:G2[0.332,0.333,0.334]
[TopoTrace Step 0] v0:G2[0.333,0.333,0.334] | v1:G0[0.334,0.333,0.333] | v2:G0[0.335,0.333,0.332] | v3:G2[0.333,0.333,0.334] | v4:G2[0.332,0.333,0.334][TopoTrace Step 0] v0:G2[0.333,0.333,0.334] | v1:G0[0.334,0.333,0.333] | v2:G0[0.335,0.333,0.332] | v3:G2[0.333,0.333,0.334] | v4:G2[0.332,0.333,0.334]

[TopoTrace Step 0] v0:G2[0.333,0.333,0.334] | v1:G0[0.334,0.333,0.333] | v2:G0[0.335,0.333,0.332] | v3:G2[0.333,0.333,0.334] | v4:G2[0.332,0.333,0.334]
[TopoTrace Step 0] v0:G2[0.333,0.333,0.334] | v1:G0[0.334,0.333,0.333] | v2:G0[0.335,0.333,0.332] | v3:G2[0.333,0.333,0.334] | v4:G2[0.332,0.333,0.334]
[TopoTrace Step 0] v0:G2[0.333,0.333,0.334] | v1:G0[0.334,0.333,0.333] | v2:G0[0.335,0.333,0.332] | v3:G2[0.333,0.333,0.334] | v4:G2[0.332,0.333,0.334]
[TopoTrace Step 0] v0:G2[0.333,0.333,0.334] | v1:G0[0.334,0.333,0.333] | v2:G0[0.335,0.333,0.332] | v3:G2[0.333,0.333,0.334] | v4:G2[0.332,0.333,0.334]
[TopoTrace Step 0] v0:G2[0.333,0.333,0.334] | v1:G0[0.334,0.333,0.333] | v2:G0[0.335,0.333,0.332] | v3:G2[0.333,0.333,0.334] | v4:G2[0.332,0.333,0.334]
[TopoTrace Step 0] v0:G2[0.333,0.333,0.334] | v1:G0[0.334,0.333,0.333] | v2:G0[0.335,0.333,0.332] | v3:G2[0.333,0.333,0.334] | v4:G2[0.332,0.333,0.334]
[TopoTrace Step 0] v0:G2[0.333,0.333,0.334] | v1:G0[0.334,0.333,0.333] | v2:G0[0.335,0.333,0.332] | v3:G2[0.333,0.333,0.334] | v4:G2[0.332,0.333,0.334][TopoTrace Step 0] v0:G2[0.333,0.333,0.334] | v1:G0[0.334,0.333,0.333] | v2:G0[0.335,0.333,0.332] | v3:G2[0.333,0.333,0.334] | v4:G2[0.332,0.333,0.334]

[TopoTrace Step 0] v0:G2[0.333,0.333,0.334] | v1:G0[0.334,0.333,0.333] | v2:G0[0.335,0.333,0.332] | v3:G2[0.333,0.333,0.334] | v4:G2[0.332,0.333,0.334]
[TopoTrace Step 0] v0:G2[0.333,0.333,0.334] | v1:G0[0.334,0.333,0.333] | v2:G0[0.335,0.333,0.332] | v3:G2[0.333,0.333,0.334] | v4:G2[0.332,0.333,0.334]
[TopoTrace Step 0] v0:G2[0.333,0.333,0.334] | v1:G0[0.334,0.333,0.333] | v2:G0[0.335,0.333,0.332] | v3:G2[0.333,0.333,0.334] | v4:G2[0.332,0.333,0.334]
[TopoTrace Step 0] v0:G2[0.333,0.333,0.334] | v1:G0[0.334,0.333,0.333] | v2:G0[0.335,0.333,0.332] | v3:G2[0.333,0.333,0.334] | v4:G2[0.332,0.333,0.334]
[TopoTrace Step 0] v0:G2[0.333,0.333,0.334] | v1:G0[0.334,0.333,0.333] | v2:G0[0.335,0.333,0.332] | v3:G2[0.333,0.333,0.334] | v4:G2[0.332,0.333,0.334]
[TopoTrace Step 0] v0:G2[0.333,0.333,0.334] | v1:G0[0.334,0.333,0.333] | v2:G0[0.335,0.333,0.332] | v3:G2[0.333,0.333,0.334] | v4:G2[0.332,0.333,0.334]
[TopoTrace Step 0] v0:G2[0.333,0.333,0.334] | v1:G0[0.334,0.333,0.333] | v2:G0[0.335,0.333,0.332] | v3:G2[0.333,0.333,0.334] | v4:G2[0.332,0.333,0.334][TopoTrace Step 0] v0:G2[0.333,0.333,0.334] | v1:G0[0.334,0.333,0.333] | v2:G0[0.335,0.333,0.332] | v3:G2[0.333,0.333,0.334] | v4:G2[0.332,0.333,0.334]

[TopoTrace Step 0] v0:G2[0.333,0.333,0.334] | v1:G0[0.334,0.333,0.333] | v2:G0[0.335,0.333,0.332] | v3:G2[0.333,0.333,0.334] | v4:G2[0.332,0.333,0.334]
[TopoTrace Step 0] v0:G2[0.333,0.333,0.334] | v1:G0[0.334,0.333,0.333] | v2:G0[0.335,0.333,0.332] | v3:G2[0.333,0.333,0.334] | v4:G2[0.332,0.333,0.334]
[TopoTrace Step 0] v0:G2[0.333,0.333,0.334] | v1:G0[0.334,0.333,0.333] | v2:G0[0.335,0.333,0.332] | v3:G2[0.333,0.333,0.334] | v4:G2[0.332,0.333,0.334][TopoTrace Step 0] v0:G2[0.333,0.333,0.334] | v1:G0[0.334,0.333,0.333] | v2:G0[0.335,0.333,0.332] | v3:G2[0.333,0.333,0.334] | v4:G2[0.332,0.333,0.334]

[TopoTrace Step 0] v0:G2[0.333,0.333,0.334] | v1:G0[0.334,0.333,0.333] | v2:G0[0.335,0.333,0.332] | v3:G2[0.333,0.333,0.334] | v4:G2[0.332,0.333,0.334]
[TopoTrace Step 0] v0:G2[0.333,0.333,0.334] | v1:G0[0.334,0.333,0.333] | v2:G0[0.335,0.333,0.332] | v3:G2[0.333,0.333,0.334] | v4:G2[0.332,0.333,0.334]
[TopoTrace Step 0] v0:G2[0.333,0.333,0.334] | v1:G0[0.334,0.333,0.333] | v2:G0[0.335,0.333,0.332] | v3:G2[0.333,0.333,0.334] | v4:G2[0.332,0.333,0.334]
[TopoTrace Step 0] v0:G2[0.333,0.333,0.334] | v1:G0[0.334,0.333,0.333] | v2:G0[0.335,0.333,0.332] | v3:G2[0.333,0.333,0.334] | v4:G2[0.332,0.333,0.334]
[TopoTrace Step 0] v0:G2[0.333,0.333,0.334] | v1:G0[0.334,0.333,0.333] | v2:G0[0.335,0.333,0.332] | v3:G2[0.333,0.333,0.334] | v4:G2[0.332,0.333,0.334]
[TopoTrace Step 0] v0:G2[0.333,0.333,0.334] | v1:G0[0.334,0.333,0.333] | v2:G0[0.335,0.333,0.332] | v3:G2[0.333,0.333,0.334] | v4:G2[0.332,0.333,0.334]
[TopoTrace Step 0] v0:G2[0.333,0.333,0.334] | v1:G0[0.334,0.333,0.333] | v2:G0[0.335,0.333,0.332] | v3:G2[0.333,0.333,0.334] | v4:G2[0.332,0.333,0.334][TopoTrace Step 0] v0:G2[0.333,0.333,0.334] | v1:G0[0.334,0.333,0.333] | v2:G0[0.335,0.333,0.332] | v3:G2[0.333,0.333,0.334] | v4:G2[0.332,0.333,0.334]

[TopoTrace Step 0] v0:G2[0.333,0.333,0.334] | v1:G0[0.334,0.333,0.333] | v2:G0[0.335,0.333,0.332] | v3:G2[0.333,0.333,0.334] | v4:G2[0.332,0.333,0.334]
[TopoTrace Step 0] v0:G2[0.333,0.333,0.334] | v1:G0[0.334,0.333,0.333] | v2:G0[0.335,0.333,0.332] | v3:G2[0.333,0.333,0.334] | v4:G2[0.332,0.333,0.334]
[TopoTrace Step 0] v0:G2[0.333,0.333,0.334] | v1:G0[0.334,0.333,0.333] | v2:G0[0.335,0.333,0.332] | v3:G2[0.333,0.333,0.334] | v4:G2[0.332,0.333,0.334][TopoTrace Step 0] v0:G2[0.333,0.333,0.334] | v1:G0[0.334,0.333,0.333] | v2:G0[0.335,0.333,0.332] | v3:G2[0.333,0.333,0.334] | v4:G2[0.332,0.333,0.334]

[TopoTrace Step 0] v0:G2[0.333,0.333,0.334] | v1:G0[0.334,0.333,0.333] | v2:G0[0.335,0.333,0.332] | v3:G2[0.333,0.333,0.334] | v4:G2[0.332,0.333,0.334]
[TopoTrace Step 0] v0:G2[0.333,0.333,0.334] | v1:G0[0.334,0.333,0.333] | v2:G0[0.335,0.333,0.332] | v3:G2[0.333,0.333,0.334] | v4:G2[0.332,0.333,0.334]
[TopoTrace Step 0] v0:G2[0.333,0.333,0.334] | v1:G0[0.334,0.333,0.333] | v2:G0[0.335,0.333,0.332] | v3:G2[0.333,0.333,0.334] | v4:G2[0.332,0.333,0.334][TopoTrace Step 0] v0:G2[0.333,0.333,0.334] | v1:G0[0.334,0.333,0.333] | v2:G0[0.335,0.333,0.332] | v3:G2[0.333,0.333,0.334] | v4:G2[0.332,0.333,0.334]

[TopoTrace Step 0] v0:G2[0.333,0.333,0.334] | v1:G0[0.334,0.333,0.333] | v2:G0[0.335,0.333,0.332] | v3:G2[0.333,0.333,0.334] | v4:G2[0.332,0.333,0.334]
[TopoTrace Step 0] v0:G2[0.333,0.333,0.334] | v1:G0[0.334,0.333,0.333] | v2:G0[0.335,0.333,0.332] | v3:G2[0.333,0.333,0.334] | v4:G2[0.332,0.333,0.334]
[TopoTrace Step 0] v0:G2[0.333,0.333,0.334] | v1:G0[0.334,0.333,0.333] | v2:G0[0.335,0.333,0.332] | v3:G2[0.333,0.333,0.334] | v4:G2[0.332,0.333,0.334][TopoTrace Step 0] v0:G2[0.333,0.333,0.334] | v1:G0[0.334,0.333,0.333] | v2:G0[0.335,0.333,0.332] | v3:G2[0.333,0.333,0.334] | v4:G2[0.332,0.333,0.334]

[TopoTrace Step 0] v0:G2[0.333,0.333,0.334] | v1:G0[0.334,0.333,0.333] | v2:G0[0.335,0.333,0.332] | v3:G2[0.333,0.333,0.334] | v4:G2[0.332,0.333,0.334]
[TopoTrace Step 0] v0:G2[0.333,0.333,0.334] | v1:G0[0.334,0.333,0.333] | v2:G0[0.335,0.333,0.332] | v3:G2[0.333,0.333,0.334] | v4:G2[0.332,0.333,0.334]
[TopoTrace Step 0] v0:G2[0.333,0.333,0.334] | v1:G0[0.334,0.333,0.333] | v2:G0[0.335,0.333,0.332] | v3:G2[0.333,0.333,0.334] | v4:G2[0.332,0.333,0.334][TopoTrace Step 0] v0:G2[0.333,0.333,0.334] | v1:G0[0.334,0.333,0.333] | v2:G0[0.335,0.333,0.332] | v3:G2[0.333,0.333,0.334] | v4:G2[0.332,0.333,0.334]

[TopoTrace Step 0] v0:G2[0.333,0.333,0.334] | v1:G0[0.334,0.333,0.333] | v2:G0[0.335,0.333,0.332] | v3:G2[0.333,0.333,0.334] | v4:G2[0.332,0.333,0.334]
[TopoTrace Step 0] v0:G2[0.333,0.333,0.334] | v1:G0[0.334,0.333,0.333] | v2:G0[0.335,0.333,0.332] | v3:G2[0.333,0.333,0.334] | v4:G2[0.332,0.333,0.334]
[TopoTrace Step 0] v0:G2[0.333,0.333,0.334] | v1:G0[0.334,0.333,0.333] | v2:G0[0.335,0.333,0.332] | v3:G2[0.333,0.333,0.334] | v4:G2[0.332,0.333,0.334]
[TopoTrace Step 0] v0:G2[0.333,0.333,0.334] | v1:G0[0.334,0.333,0.333] | v2:G0[0.335,0.333,0.332] | v3:G2[0.333,0.333,0.334] | v4:G2[0.332,0.333,0.334]
[TopoTrace Step 0] v0:G2[0.333,0.333,0.334] | v1:G0[0.334,0.333,0.333] | v2:G0[0.335,0.333,0.332] | v3:G2[0.333,0.333,0.334] | v4:G2[0.332,0.333,0.334]
[TopoTrace Step 0] v0:G2[0.333,0.333,0.334] | v1:G0[0.334,0.333,0.333] | v2:G0[0.335,0.333,0.332] | v3:G2[0.333,0.333,0.334] | v4:G2[0.332,0.333,0.334]
[TopoTrace Step 0] v0:G2[0.333,0.333,0.334] | v1:G0[0.334,0.333,0.333] | v2:G0[0.335,0.333,0.332] | v3:G2[0.333,0.333,0.334] | v4:G2[0.332,0.333,0.334][TopoTrace Step 0] v0:G2[0.333,0.333,0.334] | v1:G0[0.334,0.333,0.333] | v2:G0[0.335,0.333,0.332] | v3:G2[0.333,0.333,0.334] | v4:G2[0.332,0.333,0.334]

[TopoTrace Step 0] v0:G2[0.333,0.333,0.334] | v1:G0[0.334,0.333,0.333] | v2:G0[0.335,0.333,0.332] | v3:G2[0.333,0.333,0.334] | v4:G2[0.332,0.333,0.334]
[TopoTrace Step 0] v0:G2[0.333,0.333,0.334] | v1:G0[0.334,0.333,0.333] | v2:G0[0.335,0.333,0.332] | v3:G2[0.333,0.333,0.334] | v4:G2[0.332,0.333,0.334]
[TopoTrace Step 0] v0:G2[0.333,0.333,0.334] | v1:G0[0.334,0.333,0.333] | v2:G0[0.335,0.333,0.332] | v3:G2[0.333,0.333,0.334] | v4:G2[0.332,0.333,0.334][TopoTrace Step 0] v0:G2[0.333,0.333,0.334] | v1:G0[0.334,0.333,0.333] | v2:G0[0.335,0.333,0.332] | v3:G2[0.333,0.333,0.334] | v4:G2[0.332,0.333,0.334]

[TopoTrace Step 0] v0:G2[0.333,0.333,0.334] | v1:G0[0.334,0.333,0.333] | v2:G0[0.335,0.333,0.332] | v3:G2[0.333,0.333,0.334] | v4:G2[0.332,0.333,0.334]
[TopoTrace Step 0] v0:G2[0.333,0.333,0.334] | v1:G0[0.334,0.333,0.333] | v2:G0[0.335,0.333,0.332] | v3:G2[0.333,0.333,0.334] | v4:G2[0.332,0.333,0.334]
[TopoTrace Step 0] v0:G2[0.333,0.333,0.334] | v1:G0[0.334,0.333,0.333] | v2:G0[0.335,0.333,0.332] | v3:G2[0.333,0.333,0.334] | v4:G2[0.332,0.333,0.334]
[TopoTrace Step 0] v0:G2[0.333,0.333,0.334] | v1:G0[0.334,0.333,0.333] | v2:G0[0.335,0.333,0.332] | v3:G2[0.333,0.333,0.334] | v4:G2[0.332,0.333,0.334]
[TopoTrace Step 0] v0:G2[0.333,0.333,0.334] | v1:G0[0.334,0.333,0.333] | v2:G0[0.335,0.333,0.332] | v3:G2[0.333,0.333,0.334] | v4:G2[0.332,0.333,0.334]
[TopoTrace Step 0] v0:G2[0.333,0.333,0.334] | v1:G0[0.334,0.333,0.333] | v2:G0[0.335,0.333,0.332] | v3:G2[0.333,0.333,0.334] | v4:G2[0.332,0.333,0.334]
[TopoTrace Step 0] v0:G2[0.333,0.333,0.334] | v1:G0[0.334,0.333,0.333] | v2:G0[0.335,0.333,0.332] | v3:G2[0.333,0.333,0.334] | v4:G2[0.332,0.333,0.334]
[TopoTrace Step 0] v0:G2[0.333,0.333,0.334] | v1:G0[0.334,0.333,0.333] | v2:G0[0.335,0.333,0.332] | v3:G2[0.333,0.333,0.334] | v4:G2[0.332,0.333,0.334]
[TopoTrace Step 0] v0:G2[0.333,0.333,0.334] | v1:G0[0.334,0.333,0.333] | v2:G0[0.335,0.333,0.332] | v3:G2[0.333,0.333,0.334] | v4:G2[0.332,0.333,0.334]
[TopoTrace Step 0] v0:G2[0.333,0.333,0.334] | v1:G0[0.334,0.333,0.333] | v2:G0[0.335,0.333,0.332] | v3:G2[0.333,0.333,0.334] | v4:G2[0.332,0.333,0.334]
[TopoTrace Step 0] v0:G2[0.333,0.333,0.334] | v1:G0[0.334,0.333,0.333] | v2:G0[0.335,0.333,0.332] | v3:G2[0.333,0.333,0.334] | v4:G2[0.332,0.333,0.334][TopoTrace Step 0] v0:G2[0.333,0.333,0.334] | v1:G0[0.334,0.333,0.333] | v2:G0[0.335,0.333,0.332] | v3:G2[0.333,0.333,0.334] | v4:G2[0.332,0.333,0.334]

[TopoTrace Step 0] v0:G2[0.333,0.333,0.334] | v1:G0[0.334,0.333,0.333] | v2:G0[0.335,0.333,0.332] | v3:G2[0.333,0.333,0.334] | v4:G2[0.332,0.333,0.334]
[TopoTrace Step 0] v0:G2[0.333,0.333,0.334] | v1:G0[0.334,0.333,0.333] | v2:G0[0.335,0.333,0.332] | v3:G2[0.333,0.333,0.334] | v4:G2[0.332,0.333,0.334]
[TopoTrace Step 0] v0:G2[0.333,0.333,0.334] | v1:G0[0.334,0.333,0.333] | v2:G0[0.335,0.333,0.332] | v3:G2[0.333,0.333,0.334] | v4:G2[0.332,0.333,0.334]
[TopoTrace Step 0] v0:G2[0.333,0.333,0.334] | v1:G0[0.334,0.333,0.333] | v2:G0[0.335,0.333,0.332] | v3:G2[0.333,0.333,0.334] | v4:G2[0.332,0.333,0.334]
[TopoTrace Step 0] v0:G2[0.333,0.333,0.334] | v1:G0[0.334,0.333,0.333] | v2:G0[0.335,0.333,0.332] | v3:G2[0.333,0.333,0.334] | v4:G2[0.332,0.333,0.334]
[TopoTrace Step 0] v0:G2[0.333,0.333,0.334] | v1:G0[0.334,0.333,0.333] | v2:G0[0.335,0.333,0.332] | v3:G2[0.333,0.333,0.334] | v4:G2[0.332,0.333,0.334]
[TopoTrace Step 0] v0:G2[0.333,0.333,0.334] | v1:G0[0.334,0.333,0.333] | v2:G0[0.335,0.333,0.332] | v3:G2[0.333,0.333,0.334] | v4:G2[0.332,0.333,0.334]
[TopoTrace Step 0] v0:G2[0.333,0.333,0.334] | v1:G0[0.334,0.333,0.333] | v2:G0[0.335,0.333,0.332] | v3:G2[0.333,0.333,0.334] | v4:G2[0.332,0.333,0.334]
[TopoTrace Step 0] v0:G2[0.333,0.333,0.334] | v1:G0[0.334,0.333,0.333] | v2:G0[0.335,0.333,0.332] | v3:G2[0.333,0.333,0.334] | v4:G2[0.332,0.333,0.334]
[TopoTrace Step 0] v0:G2[0.333,0.333,0.334] | v1:G0[0.334,0.333,0.333] | v2:G0[0.335,0.333,0.332] | v3:G2[0.333,0.333,0.334] | v4:G2[0.332,0.333,0.334]
[TopoTrace Step 0] v0:G2[0.333,0.333,0.334] | v1:G0[0.334,0.333,0.333] | v2:G0[0.335,0.333,0.332] | v3:G2[0.333,0.333,0.334] | v4:G2[0.332,0.333,0.334][TopoTrace Step 0] v0:G2[0.333,0.333,0.334] | v1:G0[0.334,0.333,0.333] | v2:G0[0.335,0.333,0.332] | v3:G2[0.333,0.333,0.334] | v4:G2[0.332,0.333,0.334]

[TopoTrace Step 0] v0:G2[0.333,0.333,0.334] | v1:G0[0.334,0.333,0.333] | v2:G0[0.335,0.333,0.332] | v3:G2[0.333,0.333,0.334] | v4:G2[0.332,0.333,0.334]
[TopoTrace Step 0] v0:G2[0.333,0.333,0.334] | v1:G0[0.334,0.333,0.333] | v2:G0[0.335,0.333,0.332] | v3:G2[0.333,0.333,0.334] | v4:G2[0.332,0.333,0.334]
[TopoTrace Step 0] v0:G2[0.333,0.333,0.334] | v1:G0[0.334,0.333,0.333] | v2:G0[0.335,0.333,0.332] | v3:G2[0.333,0.333,0.334] | v4:G2[0.332,0.333,0.334][TopoTrace Step 0] v0:G2[0.333,0.333,0.334] | v1:G0[0.334,0.333,0.333] | v2:G0[0.335,0.333,0.332] | v3:G2[0.333,0.333,0.334] | v4:G2[0.332,0.333,0.334]

[TopoTrace Step 0] v0:G2[0.333,0.333,0.334] | v1:G0[0.334,0.333,0.333] | v2:G0[0.335,0.333,0.332] | v3:G2[0.333,0.333,0.334] | v4:G2[0.332,0.333,0.334]
[TopoTrace Step 0] v0:G2[0.333,0.333,0.334] | v1:G0[0.334,0.333,0.333] | v2:G0[0.335,0.333,0.332] | v3:G2[0.333,0.333,0.334] | v4:G2[0.332,0.333,0.334]
[TopoTrace Step 0] v0:G2[0.333,0.333,0.334] | v1:G0[0.334,0.333,0.333] | v2:G0[0.335,0.333,0.332] | v3:G2[0.333,0.333,0.334] | v4:G2[0.332,0.333,0.334][TopoTrace Step 0] v0:G2[0.333,0.333,0.334] | v1:G0[0.334,0.333,0.333] | v2:G0[0.335,0.333,0.332] | v3:G2[0.333,0.333,0.334] | v4:G2[0.332,0.333,0.334]

[TopoTrace Step 0] v0:G2[0.333,0.333,0.334] | v1:G0[0.334,0.333,0.333] | v2:G0[0.335,0.333,0.332] | v3:G2[0.333,0.333,0.334] | v4:G2[0.332,0.333,0.334]
[TopoTrace Step 0] v0:G2[0.333,0.333,0.334] | v1:G0[0.334,0.333,0.333] | v2:G0[0.335,0.333,0.332] | v3:G2[0.333,0.333,0.334] | v4:G2[0.332,0.333,0.334]
[TopoTrace Step 0] v0:G2[0.333,0.333,0.334] | v1:G0[0.334,0.333,0.333] | v2:G0[0.335,0.333,0.332] | v3:G2[0.333,0.333,0.334] | v4:G2[0.332,0.333,0.334]
[TopoTrace Step 0] v0:G2[0.333,0.333,0.334] | v1:G0[0.334,0.333,0.333] | v2:G0[0.335,0.333,0.332] | v3:G2[0.333,0.333,0.334] | v4:G2[0.332,0.333,0.334]
[TopoTrace Step 0] v0:G2[0.333,0.333,0.334] | v1:G0[0.334,0.333,0.333] | v2:G0[0.335,0.333,0.332] | v3:G2[0.333,0.333,0.334] | v4:G2[0.332,0.333,0.334]
[TopoTrace Step 0] v0:G2[0.333,0.333,0.334] | v1:G0[0.334,0.333,0.333] | v2:G0[0.335,0.333,0.332] | v3:G2[0.333,0.333,0.334] | v4:G2[0.332,0.333,0.334]
[TopoTrace Step 0] v0:G2[0.333,0.333,0.334] | v1:G0[0.334,0.333,0.333] | v2:G0[0.335,0.333,0.332] | v3:G2[0.333,0.333,0.334] | v4:G2[0.332,0.333,0.334][TopoTrace Step 0] v0:G2[0.333,0.333,0.334] | v1:G0[0.334,0.333,0.333] | v2:G0[0.335,0.333,0.332] | v3:G2[0.333,0.333,0.334] | v4:G2[0.332,0.333,0.334]

[TopoTrace Step 0] v0:G2[0.333,0.333,0.334] | v1:G0[0.334,0.333,0.333] | v2:G0[0.335,0.333,0.332] | v3:G2[0.333,0.333,0.334] | v4:G2[0.332,0.333,0.334]
[TopoTrace Step 0] v0:G2[0.333,0.333,0.334] | v1:G0[0.334,0.333,0.333] | v2:G0[0.335,0.333,0.332] | v3:G2[0.333,0.333,0.334] | v4:G2[0.332,0.333,0.334]
[TopoTrace Step 0] v0:G2[0.333,0.333,0.334] | v1:G0[0.334,0.333,0.333] | v2:G0[0.335,0.333,0.332] | v3:G2[0.333,0.333,0.334] | v4:G2[0.332,0.333,0.334]
[TopoTrace Step 0] v0:G2[0.333,0.333,0.334] | v1:G0[0.334,0.333,0.333] | v2:G0[0.335,0.333,0.332] | v3:G2[0.333,0.333,0.334] | v4:G2[0.332,0.333,0.334]
[TopoTrace Step 0] v0:G2[0.333,0.333,0.334] | v1:G0[0.334,0.333,0.333] | v2:G0[0.335,0.333,0.332] | v3:G2[0.333,0.333,0.334] | v4:G2[0.332,0.333,0.334]
[TopoTrace Step 0] v0:G2[0.333,0.333,0.334] | v1:G0[0.334,0.333,0.333] | v2:G0[0.335,0.333,0.332] | v3:G2[0.333,0.333,0.334] | v4:G2[0.332,0.333,0.334]
[TopoTrace Step 0] v0:G2[0.333,0.333,0.334] | v1:G0[0.334,0.333,0.333] | v2:G0[0.335,0.333,0.332] | v3:G2[0.333,0.333,0.334] | v4:G2[0.332,0.333,0.334]
[TopoTrace Step 0] v0:G2[0.333,0.333,0.334] | v1:G0[0.334,0.333,0.333] | v2:G0[0.335,0.333,0.332] | v3:G2[0.333,0.333,0.334] | v4:G2[0.332,0.333,0.334]
[TopoTrace Step 0] v0:G2[0.333,0.333,0.334] | v1:G0[0.334,0.333,0.333] | v2:G0[0.335,0.333,0.332] | v3:G2[0.333,0.333,0.334] | v4:G2[0.332,0.333,0.334]
[TopoTrace Step 0] v0:G2[0.333,0.333,0.334] | v1:G0[0.334,0.333,0.333] | v2:G0[0.335,0.333,0.332] | v3:G2[0.333,0.333,0.334] | v4:G2[0.332,0.333,0.334]
[TopoTrace Step 0] v0:G2[0.333,0.333,0.334] | v1:G0[0.334,0.333,0.333] | v2:G0[0.335,0.333,0.332] | v3:G2[0.333,0.333,0.334] | v4:G2[0.332,0.333,0.334]
[TopoTrace Step 0] v0:G2[0.333,0.333,0.334] | v1:G0[0.334,0.333,0.333] | v2:G0[0.335,0.333,0.332] | v3:G2[0.333,0.333,0.334] | v4:G2[0.332,0.333,0.334]
[TopoTrace Step 0] v0:G2[0.333,0.333,0.334] | v1:G0[0.334,0.333,0.333] | v2:G0[0.335,0.333,0.332] | v3:G2[0.333,0.333,0.334] | v4:G2[0.332,0.333,0.334]
[TopoTrace Step 0] v0:G2[0.333,0.333,0.334] | v1:G0[0.334,0.333,0.333] | v2:G0[0.335,0.333,0.332] | v3:G2[0.333,0.333,0.334] | v4:G2[0.332,0.333,0.334]
[TopoTrace Step 0] v0:G2[0.333,0.333,0.334] | v1:G0[0.334,0.333,0.333] | v2:G0[0.335,0.333,0.332] | v3:G2[0.333,0.333,0.334] | v4:G2[0.332,0.333,0.334]
[TopoTrace Step 0] v0:G2[0.333,0.333,0.334] | v1:G0[0.334,0.333,0.333] | v2:G0[0.335,0.333,0.332] | v3:G2[0.333,0.333,0.334] | v4:G2[0.332,0.333,0.334]
[TopoTrace Step 0] v0:G2[0.333,0.333,0.334] | v1:G0[0.334,0.333,0.333] | v2:G0[0.335,0.333,0.332] | v3:G2[0.333,0.333,0.334] | v4:G2[0.332,0.333,0.334]
[TopoTrace Step 0] v0:G2[0.333,0.333,0.334] | v1:G0[0.334,0.333,0.333] | v2:G0[0.335,0.333,0.332] | v3:G2[0.333,0.333,0.334] | v4:G2[0.332,0.333,0.334]
[TopoTrace Step 0] v0:G2[0.333,0.333,0.334] | v1:G0[0.334,0.333,0.333] | v2:G0[0.335,0.333,0.332] | v3:G2[0.333,0.333,0.334] | v4:G2[0.332,0.333,0.334]
[TopoTrace Step 0] v0:G2[0.333,0.333,0.334] | v1:G0[0.334,0.333,0.333] | v2:G0[0.335,0.333,0.332] | v3:G2[0.333,0.333,0.334] | v4:G2[0.332,0.333,0.334]
[TopoTrace Step 0] v0:G2[0.333,0.333,0.334] | v1:G0[0.334,0.333,0.333] | v2:G0[0.335,0.333,0.332] | v3:G2[0.333,0.333,0.334] | v4:G2[0.332,0.333,0.334]
[TopoTrace Step 0] v0:G2[0.333,0.333,0.334] | v1:G0[0.334,0.333,0.333] | v2:G0[0.335,0.333,0.332] | v3:G2[0.333,0.333,0.334] | v4:G2[0.332,0.333,0.334]
[TopoTrace Step 0] v0:G2[0.333,0.333,0.334] | v1:G0[0.334,0.333,0.333] | v2:G0[0.335,0.333,0.332] | v3:G2[0.333,0.333,0.334] | v4:G2[0.332,0.333,0.334][TopoTrace Step 0] v0:G2[0.333,0.333,0.334] | v1:G0[0.334,0.333,0.333] | v2:G0[0.335,0.333,0.332] | v3:G2[0.333,0.333,0.334] | v4:G2[0.332,0.333,0.334]

[TopoTrace Step 0] v0:G2[0.333,0.333,0.334] | v1:G0[0.334,0.333,0.333] | v2:G0[0.335,0.333,0.332] | v3:G2[0.333,0.333,0.334] | v4:G2[0.332,0.333,0.334]
[TopoTrace Step 0] v0:G2[0.333,0.333,0.334] | v1:G0[0.334,0.333,0.333] | v2:G0[0.335,0.333,0.332] | v3:G2[0.333,0.333,0.334] | v4:G2[0.332,0.333,0.334]
[TopoTrace Step 0] v0:G2[0.333,0.333,0.334] | v1:G0[0.334,0.333,0.333] | v2:G0[0.335,0.333,0.332] | v3:G2[0.333,0.333,0.334] | v4:G2[0.332,0.333,0.334][TopoTrace Step 0] v0:G2[0.333,0.333,0.334] | v1:G0[0.334,0.333,0.333] | v2:G0[0.335,0.333,0.332] | v3:G2[0.333,0.333,0.334] | v4:G2[0.332,0.333,0.334]

[TopoTrace Step 0] v0:G2[0.333,0.333,0.334] | v1:G0[0.334,0.333,0.333] | v2:G0[0.335,0.333,0.332] | v3:G2[0.333,0.333,0.334] | v4:G2[0.332,0.333,0.334]
[TopoTrace Step 0] v0:G2[0.333,0.333,0.334] | v1:G0[0.334,0.333,0.333] | v2:G0[0.335,0.333,0.332] | v3:G2[0.333,0.333,0.334] | v4:G2[0.332,0.333,0.334]
[TopoTrace Step 0] v0:G2[0.333,0.333,0.334] | v1:G0[0.334,0.333,0.333] | v2:G0[0.335,0.333,0.332] | v3:G2[0.333,0.333,0.334] | v4:G2[0.332,0.333,0.334]
[TopoTrace Step 0] v0:G2[0.333,0.333,0.334] | v1:G0[0.334,0.333,0.333] | v2:G0[0.335,0.333,0.332] | v3:G2[0.333,0.333,0.334] | v4:G2[0.332,0.333,0.334]
[TopoTrace Step 0] v0:G2[0.333,0.333,0.334] | v1:G0[0.334,0.333,0.333] | v2:G0[0.335,0.333,0.332] | v3:G2[0.333,0.333,0.334] | v4:G2[0.332,0.333,0.334]
[TopoTrace Step 0] v0:G2[0.333,0.333,0.334] | v1:G0[0.334,0.333,0.333] | v2:G0[0.335,0.333,0.332] | v3:G2[0.333,0.333,0.334] | v4:G2[0.332,0.333,0.334]
[TopoTrace Step 0] v0:G2[0.333,0.333,0.334] | v1:G0[0.334,0.333,0.333] | v2:G0[0.335,0.333,0.332] | v3:G2[0.333,0.333,0.334] | v4:G2[0.332,0.333,0.334][TopoTrace Step 0] v0:G2[0.333,0.333,0.334] | v1:G0[0.334,0.333,0.333] | v2:G0[0.335,0.333,0.332] | v3:G2[0.333,0.333,0.334] | v4:G2[0.332,0.333,0.334]

[TopoTrace Step 0] v0:G2[0.333,0.333,0.334] | v1:G0[0.334,0.333,0.333] | v2:G0[0.335,0.333,0.332] | v3:G2[0.333,0.333,0.334] | v4:G2[0.332,0.333,0.334]
[TopoTrace Step 0] v0:G2[0.333,0.333,0.334] | v1:G0[0.334,0.333,0.333] | v2:G0[0.335,0.333,0.332] | v3:G2[0.333,0.333,0.334] | v4:G2[0.332,0.333,0.334]
[TopoTrace Step 0] v0:G2[0.333,0.333,0.334] | v1:G0[0.334,0.333,0.333] | v2:G0[0.335,0.333,0.332] | v3:G2[0.333,0.333,0.334] | v4:G2[0.332,0.333,0.334][TopoTrace Step 0] v0:G2[0.333,0.333,0.334] | v1:G0[0.334,0.333,0.333] | v2:G0[0.335,0.333,0.332] | v3:G2[0.333,0.333,0.334] | v4:G2[0.332,0.333,0.334]

[TopoTrace Step 0] v0:G2[0.333,0.333,0.334] | v1:G0[0.334,0.333,0.333] | v2:G0[0.335,0.333,0.332] | v3:G2[0.333,0.333,0.334] | v4:G2[0.332,0.333,0.334]
[TopoTrace Step 0] v0:G2[0.333,0.333,0.334] | v1:G0[0.334,0.333,0.333] | v2:G0[0.335,0.333,0.332] | v3:G2[0.333,0.333,0.334] | v4:G2[0.332,0.333,0.334]
[TopoTrace Step 0] v0:G2[0.333,0.333,0.334] | v1:G0[0.334,0.333,0.333] | v2:G0[0.335,0.333,0.332] | v3:G2[0.333,0.333,0.334] | v4:G2[0.332,0.333,0.334][TopoTrace Step 0] v0:G2[0.333,0.333,0.334] | v1:G0[0.334,0.333,0.333] | v2:G0[0.335,0.333,0.332] | v3:G2[0.333,0.333,0.334] | v4:G2[0.332,0.333,0.334]

[TopoTrace Step 0] v0:G2[0.333,0.333,0.334] | v1:G0[0.334,0.333,0.333] | v2:G0[0.335,0.333,0.332] | v3:G2[0.333,0.333,0.334] | v4:G2[0.332,0.333,0.334]
[TopoTrace Step 0] v0:G2[0.333,0.333,0.334] | v1:G0[0.334,0.333,0.333] | v2:G0[0.335,0.333,0.332] | v3:G2[0.333,0.333,0.334] | v4:G2[0.332,0.333,0.334]
[TopoTrace Step 0] v0:G2[0.333,0.333,0.334] | v1:G0[0.334,0.333,0.333] | v2:G0[0.335,0.333,0.332] | v3:G2[0.333,0.333,0.334] | v4:G2[0.332,0.333,0.334][TopoTrace Step 0] v0:G2[0.333,0.333,0.334] | v1:G0[0.334,0.333,0.333] | v2:G0[0.335,0.333,0.332] | v3:G2[0.333,0.333,0.334] | v4:G2[0.332,0.333,0.334]

[TopoTrace Step 0] v0:G2[0.333,0.333,0.334] | v1:G0[0.334,0.333,0.333] | v2:G0[0.335,0.333,0.332] | v3:G2[0.333,0.333,0.334] | v4:G2[0.332,0.333,0.334]
[TopoTrace Step 0] v0:G2[0.333,0.333,0.334] | v1:G0[0.334,0.333,0.333] | v2:G0[0.335,0.333,0.332] | v3:G2[0.333,0.333,0.334] | v4:G2[0.332,0.333,0.334]
[TopoTrace Step 0] v0:G2[0.333,0.333,0.334] | v1:G0[0.334,0.333,0.333] | v2:G0[0.335,0.333,0.332] | v3:G2[0.333,0.333,0.334] | v4:G2[0.332,0.333,0.334][TopoTrace Step 0] v0:G2[0.333,0.333,0.334] | v1:G0[0.334,0.333,0.333] | v2:G0[0.335,0.333,0.332] | v3:G2[0.333,0.333,0.334] | v4:G2[0.332,0.333,0.334]

[TopoTrace Step 0] v0:G2[0.333,0.333,0.334] | v1:G0[0.334,0.333,0.333] | v2:G0[0.335,0.333,0.332] | v3:G2[0.333,0.333,0.334] | v4:G2[0.332,0.333,0.334]
[TopoTrace Step 0] v0:G2[0.333,0.333,0.334] | v1:G0[0.334,0.333,0.333] | v2:G0[0.335,0.333,0.332] | v3:G2[0.333,0.333,0.334] | v4:G2[0.332,0.333,0.334]
[TopoTrace Step 0] v0:G2[0.333,0.333,0.334] | v1:G0[0.334,0.333,0.333] | v2:G0[0.335,0.333,0.332] | v3:G2[0.333,0.333,0.334] | v4:G2[0.332,0.333,0.334][TopoTrace Step 0] v0:G2[0.333,0.333,0.334] | v1:G0[0.334,0.333,0.333] | v2:G0[0.335,0.333,0.332] | v3:G2[0.333,0.333,0.334] | v4:G2[0.332,0.333,0.334]

[TopoTrace Step 0] v0:G2[0.333,0.333,0.334] | v1:G0[0.334,0.333,0.333] | v2:G0[0.335,0.333,0.332] | v3:G2[0.333,0.333,0.334] | v4:G2[0.332,0.333,0.334]
[TopoTrace Step 0] v0:G2[0.333,0.333,0.334] | v1:G0[0.334,0.333,0.333] | v2:G0[0.335,0.333,0.332] | v3:G2[0.333,0.333,0.334] | v4:G2[0.332,0.333,0.334]
[TopoTrace Step 0] v0:G2[0.333,0.333,0.334] | v1:G0[0.334,0.333,0.333] | v2:G0[0.335,0.333,0.332] | v3:G2[0.333,0.333,0.334] | v4:G2[0.332,0.333,0.334]
[TopoTrace Step 0] v0:G2[0.333,0.333,0.334] | v1:G0[0.334,0.333,0.333] | v2:G0[0.335,0.333,0.332] | v3:G2[0.333,0.333,0.334] | v4:G2[0.332,0.333,0.334]
[TopoTrace Step 0] v0:G2[0.333,0.333,0.334] | v1:G0[0.334,0.333,0.333] | v2:G0[0.335,0.333,0.332] | v3:G2[0.333,0.333,0.334] | v4:G2[0.332,0.333,0.334]
[TopoTrace Step 0] v0:G2[0.333,0.333,0.334] | v1:G0[0.334,0.333,0.333] | v2:G0[0.335,0.333,0.332] | v3:G2[0.333,0.333,0.334] | v4:G2[0.332,0.333,0.334]
[TopoTrace Step 0] v0:G2[0.333,0.333,0.334] | v1:G0[0.334,0.333,0.333] | v2:G0[0.335,0.333,0.332] | v3:G2[0.333,0.333,0.334] | v4:G2[0.332,0.333,0.334][TopoTrace Step 0] v0:G2[0.333,0.333,0.334] | v1:G0[0.334,0.333,0.333] | v2:G0[0.335,0.333,0.332] | v3:G2[0.333,0.333,0.334] | v4:G2[0.332,0.333,0.334]

[TopoTrace Step 0] v0:G2[0.333,0.333,0.334] | v1:G0[0.334,0.333,0.333] | v2:G0[0.335,0.333,0.332] | v3:G2[0.333,0.333,0.334] | v4:G2[0.332,0.333,0.334]
[TopoTrace Step 0] v0:G2[0.333,0.333,0.334] | v1:G0[0.334,0.333,0.333] | v2:G0[0.335,0.333,0.332] | v3:G2[0.333,0.333,0.334] | v4:G2[0.332,0.333,0.334]
[TopoTrace Step 0] v0:G2[0.333,0.333,0.334] | v1:G0[0.334,0.333,0.333] | v2:G0[0.335,0.333,0.332] | v3:G2[0.333,0.333,0.334] | v4:G2[0.332,0.333,0.334][TopoTrace Step 0] v0:G2[0.333,0.333,0.334] | v1:G0[0.334,0.333,0.333] | v2:G0[0.335,0.333,0.332] | v3:G2[0.333,0.333,0.334] | v4:G2[0.332,0.333,0.334]

[TopoTrace Step 0] v0:G2[0.333,0.333,0.334] | v1:G0[0.334,0.333,0.333] | v2:G0[0.335,0.333,0.332] | v3:G2[0.333,0.333,0.334] | v4:G2[0.332,0.333,0.334]
[TopoTrace Step 0] v0:G2[0.333,0.333,0.334] | v1:G0[0.334,0.333,0.333] | v2:G0[0.335,0.333,0.332] | v3:G2[0.333,0.333,0.334] | v4:G2[0.332,0.333,0.334]
[TopoTrace Step 0] v0:G2[0.333,0.333,0.334] | v1:G0[0.334,0.333,0.333] | v2:G0[0.335,0.333,0.332] | v3:G2[0.333,0.333,0.334] | v4:G2[0.332,0.333,0.334][TopoTrace Step 0] v0:G2[0.333,0.333,0.334] | v1:G0[0.334,0.333,0.333] | v2:G0[0.335,0.333,0.332] | v3:G2[0.333,0.333,0.334] | v4:G2[0.332,0.333,0.334]

[TopoTrace Step 0] v0:G2[0.333,0.333,0.334] | v1:G0[0.334,0.333,0.333] | v2:G0[0.335,0.333,0.332] | v3:G2[0.333,0.333,0.334] | v4:G2[0.332,0.333,0.334]
[TopoTrace Step 0] v0:G2[0.333,0.333,0.334] | v1:G0[0.334,0.333,0.333] | v2:G0[0.335,0.333,0.332] | v3:G2[0.333,0.333,0.334] | v4:G2[0.332,0.333,0.334]
[TopoTrace Step 0] v0:G2[0.333,0.333,0.334] | v1:G0[0.334,0.333,0.333] | v2:G0[0.335,0.333,0.332] | v3:G2[0.333,0.333,0.334] | v4:G2[0.332,0.333,0.334][TopoTrace Step 0] v0:G2[0.333,0.333,0.334] | v1:G0[0.334,0.333,0.333] | v2:G0[0.335,0.333,0.332] | v3:G2[0.333,0.333,0.334] | v4:G2[0.332,0.333,0.334]

[TopoTrace Step 0] v0:G2[0.333,0.333,0.334] | v1:G0[0.334,0.333,0.333] | v2:G0[0.335,0.333,0.332] | v3:G2[0.333,0.333,0.334] | v4:G2[0.332,0.333,0.334]
[TopoTrace Step 0] v0:G2[0.333,0.333,0.334] | v1:G0[0.334,0.333,0.333] | v2:G0[0.335,0.333,0.332] | v3:G2[0.333,0.333,0.334] | v4:G2[0.332,0.333,0.334]
[TopoTrace Step 0] v0:G2[0.333,0.333,0.334] | v1:G0[0.334,0.333,0.333] | v2:G0[0.335,0.333,0.332] | v3:G2[0.333,0.333,0.334] | v4:G2[0.332,0.333,0.334][TopoTrace Step 0] v0:G2[0.333,0.333,0.334] | v1:G0[0.334,0.333,0.333] | v2:G0[0.335,0.333,0.332] | v3:G2[0.333,0.333,0.334] | v4:G2[0.332,0.333,0.334]

[TopoTrace Step 0] v0:G2[0.333,0.333,0.334] | v1:G0[0.334,0.333,0.333] | v2:G0[0.335,0.333,0.332] | v3:G2[0.333,0.333,0.334] | v4:G2[0.332,0.333,0.334]
[TopoTrace Step 0] v0:G2[0.333,0.333,0.334] | v1:G0[0.334,0.333,0.333] | v2:G0[0.335,0.333,0.332] | v3:G2[0.333,0.333,0.334] | v4:G2[0.332,0.333,0.334]
[TopoTrace Step 0] v0:G2[0.333,0.333,0.334] | v1:G0[0.334,0.333,0.333] | v2:G0[0.335,0.333,0.332] | v3:G2[0.333,0.333,0.334] | v4:G2[0.332,0.333,0.334]
[TopoTrace Step 0] v0:G2[0.333,0.333,0.334] | v1:G0[0.334,0.333,0.333] | v2:G0[0.335,0.333,0.332] | v3:G2[0.333,0.333,0.334] | v4:G2[0.332,0.333,0.334]
[TopoTrace Step 0] v0:G2[0.333,0.333,0.334] | v1:G0[0.334,0.333,0.333] | v2:G0[0.335,0.333,0.332] | v3:G2[0.333,0.333,0.334] | v4:G2[0.332,0.333,0.334]
[TopoTrace Step 0] v0:G2[0.333,0.333,0.334] | v1:G0[0.334,0.333,0.333] | v2:G0[0.335,0.333,0.332] | v3:G2[0.333,0.333,0.334] | v4:G2[0.332,0.333,0.334]
[TopoTrace Step 0] v0:G2[0.333,0.333,0.334] | v1:G0[0.334,0.333,0.333] | v2:G0[0.335,0.333,0.332] | v3:G2[0.333,0.333,0.334] | v4:G2[0.332,0.333,0.334][TopoTrace Step 0] v0:G2[0.333,0.333,0.334] | v1:G0[0.334,0.333,0.333] | v2:G0[0.335,0.333,0.332] | v3:G2[0.333,0.333,0.334] | v4:G2[0.332,0.333,0.334]

[TopoTrace Step 0] v0:G2[0.333,0.333,0.334] | v1:G0[0.334,0.333,0.333] | v2:G0[0.335,0.333,0.332] | v3:G2[0.333,0.333,0.334] | v4:G2[0.332,0.333,0.334]
[TopoTrace Step 0] v0:G2[0.333,0.333,0.334] | v1:G0[0.334,0.333,0.333] | v2:G0[0.335,0.333,0.332] | v3:G2[0.333,0.333,0.334] | v4:G2[0.332,0.333,0.334]
[TopoTrace Step 0] v0:G2[0.333,0.333,0.334] | v1:G0[0.334,0.333,0.333] | v2:G0[0.335,0.333,0.332] | v3:G2[0.333,0.333,0.334] | v4:G2[0.332,0.333,0.334]
[TopoTrace Step 0] v0:G2[0.333,0.333,0.334] | v1:G0[0.334,0.333,0.333] | v2:G0[0.335,0.333,0.332] | v3:G2[0.333,0.333,0.334] | v4:G2[0.332,0.333,0.334]
[TopoTrace Step 0] v0:G2[0.333,0.333,0.334] | v1:G0[0.334,0.333,0.333] | v2:G0[0.335,0.333,0.332] | v3:G2[0.333,0.333,0.334] | v4:G2[0.332,0.333,0.334]
[TopoTrace Step 0] v0:G2[0.333,0.333,0.334] | v1:G0[0.334,0.333,0.333] | v2:G0[0.335,0.333,0.332] | v3:G2[0.333,0.333,0.334] | v4:G2[0.332,0.333,0.334]
[TopoTrace Step 0] v0:G2[0.333,0.333,0.334] | v1:G0[0.334,0.333,0.333] | v2:G0[0.335,0.333,0.332] | v3:G2[0.333,0.333,0.334] | v4:G2[0.332,0.333,0.334]
[TopoTrace Step 0] v0:G2[0.333,0.333,0.334] | v1:G0[0.334,0.333,0.333] | v2:G0[0.335,0.333,0.332] | v3:G2[0.333,0.333,0.334] | v4:G2[0.332,0.333,0.334]
[TopoTrace Step 0] v0:G2[0.333,0.333,0.334] | v1:G0[0.334,0.333,0.333] | v2:G0[0.335,0.333,0.332] | v3:G2[0.333,0.333,0.334] | v4:G2[0.332,0.333,0.334]
[TopoTrace Step 0] v0:G2[0.333,0.333,0.334] | v1:G0[0.334,0.333,0.333] | v2:G0[0.335,0.333,0.332] | v3:G2[0.333,0.333,0.334] | v4:G2[0.332,0.333,0.334]
[TopoTrace Step 0] v0:G2[0.333,0.333,0.334] | v1:G0[0.334,0.333,0.333] | v2:G0[0.335,0.333,0.332] | v3:G2[0.333,0.333,0.334] | v4:G2[0.332,0.333,0.334][TopoTrace Step 0] v0:G2[0.333,0.333,0.334] | v1:G0[0.334,0.333,0.333] | v2:G0[0.335,0.333,0.332] | v3:G2[0.333,0.333,0.334] | v4:G2[0.332,0.333,0.334]

[TopoTrace Step 0] v0:G2[0.333,0.333,0.334] | v1:G0[0.334,0.333,0.333] | v2:G0[0.335,0.333,0.332] | v3:G2[0.333,0.333,0.334] | v4:G2[0.332,0.333,0.334]
[TopoTrace Step 0] v0:G2[0.333,0.333,0.334] | v1:G0[0.334,0.333,0.333] | v2:G0[0.335,0.333,0.332] | v3:G2[0.333,0.333,0.334] | v4:G2[0.332,0.333,0.334]
[TopoTrace Step 0] v0:G2[0.333,0.333,0.334] | v1:G0[0.334,0.333,0.333] | v2:G0[0.335,0.333,0.332] | v3:G2[0.333,0.333,0.334] | v4:G2[0.332,0.333,0.334]
[TopoTrace Step 0] v0:G2[0.333,0.333,0.334] | v1:G0[0.334,0.333,0.333] | v2:G0[0.335,0.333,0.332] | v3:G2[0.333,0.333,0.334] | v4:G2[0.332,0.333,0.334]
[TopoTrace Step 0] v0:G2[0.333,0.333,0.334] | v1:G0[0.334,0.333,0.333] | v2:G0[0.335,0.333,0.332] | v3:G2[0.333,0.333,0.334] | v4:G2[0.332,0.333,0.334]
[TopoTrace Step 0] v0:G2[0.333,0.333,0.334] | v1:G0[0.334,0.333,0.333] | v2:G0[0.335,0.333,0.332] | v3:G2[0.333,0.333,0.334] | v4:G2[0.332,0.333,0.334]
[TopoTrace Step 0] v0:G2[0.333,0.333,0.334] | v1:G0[0.334,0.333,0.333] | v2:G0[0.335,0.333,0.332] | v3:G2[0.333,0.333,0.334] | v4:G2[0.332,0.333,0.334][TopoTrace Step 0] v0:G2[0.333,0.333,0.334] | v1:G0[0.334,0.333,0.333] | v2:G0[0.335,0.333,0.332] | v3:G2[0.333,0.333,0.334] | v4:G2[0.332,0.333,0.334]

[TopoTrace Step 0] v0:G2[0.333,0.333,0.334] | v1:G0[0.334,0.333,0.333] | v2:G0[0.335,0.333,0.332] | v3:G2[0.333,0.333,0.334] | v4:G2[0.332,0.333,0.334]
[TopoTrace Step 0] v0:G2[0.333,0.333,0.334] | v1:G0[0.334,0.333,0.333] | v2:G0[0.335,0.333,0.332] | v3:G2[0.333,0.333,0.334] | v4:G2[0.332,0.333,0.334]
[TopoTrace Step 0] v0:G2[0.333,0.333,0.334] | v1:G0[0.334,0.333,0.333] | v2:G0[0.335,0.333,0.332] | v3:G2[0.333,0.333,0.334] | v4:G2[0.332,0.333,0.334][TopoTrace Step 0] v0:G2[0.333,0.333,0.334] | v1:G0[0.334,0.333,0.333] | v2:G0[0.335,0.333,0.332] | v3:G2[0.333,0.333,0.334] | v4:G2[0.332,0.333,0.334]

[TopoTrace Step 0] v0:G2[0.333,0.333,0.334] | v1:G0[0.334,0.333,0.333] | v2:G0[0.335,0.333,0.332] | v3:G2[0.333,0.333,0.334] | v4:G2[0.332,0.333,0.334]
[TopoTrace Step 0] v0:G2[0.333,0.333,0.334] | v1:G0[0.334,0.333,0.333] | v2:G0[0.335,0.333,0.332] | v3:G2[0.333,0.333,0.334] | v4:G2[0.332,0.333,0.334]
[TopoTrace Step 0] v0:G2[0.333,0.333,0.334] | v1:G0[0.334,0.333,0.333] | v2:G0[0.335,0.333,0.332] | v3:G2[0.333,0.333,0.334] | v4:G2[0.332,0.333,0.334]
[TopoTrace Step 0] v0:G2[0.333,0.333,0.334] | v1:G0[0.334,0.333,0.333] | v2:G0[0.335,0.333,0.332] | v3:G2[0.333,0.333,0.334] | v4:G2[0.332,0.333,0.334]
[TopoTrace Step 0] v0:G2[0.333,0.333,0.334] | v1:G0[0.334,0.333,0.333] | v2:G0[0.335,0.333,0.332] | v3:G2[0.333,0.333,0.334] | v4:G2[0.332,0.333,0.334]
[TopoTrace Step 0] v0:G2[0.333,0.333,0.334] | v1:G0[0.334,0.333,0.333] | v2:G0[0.335,0.333,0.332] | v3:G2[0.333,0.333,0.334] | v4:G2[0.332,0.333,0.334]
[TopoTrace Step 0] v0:G2[0.333,0.333,0.334] | v1:G0[0.334,0.333,0.333] | v2:G0[0.335,0.333,0.332] | v3:G2[0.333,0.333,0.334] | v4:G2[0.332,0.333,0.334]
[TopoTrace Step 0] v0:G2[0.333,0.333,0.334] | v1:G0[0.334,0.333,0.333] | v2:G0[0.335,0.333,0.332] | v3:G2[0.333,0.333,0.334] | v4:G2[0.332,0.333,0.334]
	iters: 100, epoch: 10 | loss: 0.3162555
	speed: 1.2673s/iter; left time: 60.8292s
[TopoTrace Step 0] v0:G2[0.333,0.333,0.334] | v1:G0[0.334,0.333,0.333] | v2:G0[0.335,0.333,0.332] | v3:G2[0.333,0.333,0.334] | v4:G2[0.332,0.333,0.334]
[TopoTrace Step 0] v0:G2[0.333,0.333,0.334] | v1:G0[0.334,0.333,0.333] | v2:G0[0.335,0.333,0.332] | v3:G2[0.333,0.333,0.334] | v4:G2[0.332,0.333,0.334]
[TopoTrace Step 0] v0:G2[0.333,0.333,0.334] | v1:G0[0.334,0.333,0.333] | v2:G0[0.335,0.333,0.332] | v3:G2[0.333,0.333,0.334] | v4:G2[0.332,0.333,0.334]
[TopoTrace Step 0] v0:G2[0.333,0.333,0.334] | v1:G0[0.334,0.333,0.333] | v2:G0[0.335,0.333,0.332] | v3:G2[0.333,0.333,0.334] | v4:G2[0.332,0.333,0.334]
[TopoTrace Step 0] v0:G2[0.333,0.333,0.334] | v1:G0[0.334,0.333,0.333] | v2:G0[0.335,0.333,0.332] | v3:G2[0.333,0.333,0.334] | v4:G2[0.332,0.333,0.334][TopoTrace Step 0] v0:G2[0.333,0.333,0.334] | v1:G0[0.334,0.333,0.333] | v2:G0[0.335,0.333,0.332] | v3:G2[0.333,0.333,0.334] | v4:G2[0.332,0.333,0.334]

[TopoTrace Step 0] v0:G2[0.333,0.333,0.334] | v1:G0[0.334,0.333,0.333] | v2:G0[0.335,0.333,0.332] | v3:G2[0.333,0.333,0.334] | v4:G2[0.332,0.333,0.334]
[TopoTrace Step 0] v0:G2[0.333,0.333,0.334] | v1:G0[0.334,0.333,0.333] | v2:G0[0.335,0.333,0.332] | v3:G2[0.333,0.333,0.334] | v4:G2[0.332,0.333,0.334]
[TopoTrace Step 0] v0:G2[0.333,0.333,0.334] | v1:G0[0.334,0.333,0.333] | v2:G0[0.335,0.333,0.332] | v3:G2[0.333,0.333,0.334] | v4:G2[0.332,0.333,0.334]
[TopoTrace Step 0] v0:G2[0.333,0.333,0.334] | v1:G0[0.334,0.333,0.333] | v2:G0[0.335,0.333,0.332] | v3:G2[0.333,0.333,0.334] | v4:G2[0.332,0.333,0.334]
[TopoTrace Step 0] v0:G2[0.333,0.333,0.334] | v1:G0[0.334,0.333,0.333] | v2:G0[0.335,0.333,0.332] | v3:G2[0.333,0.333,0.334] | v4:G2[0.332,0.333,0.334][TopoTrace Step 0] v0:G2[0.333,0.333,0.334] | v1:G0[0.334,0.333,0.333] | v2:G0[0.335,0.333,0.332] | v3:G2[0.333,0.333,0.334] | v4:G2[0.332,0.333,0.334]

[TopoTrace Step 0] v0:G2[0.333,0.333,0.334] | v1:G0[0.334,0.333,0.333] | v2:G0[0.335,0.333,0.332] | v3:G2[0.333,0.333,0.334] | v4:G2[0.332,0.333,0.334]
[TopoTrace Step 0] v0:G2[0.333,0.333,0.334] | v1:G0[0.334,0.333,0.333] | v2:G0[0.335,0.333,0.332] | v3:G2[0.333,0.333,0.334] | v4:G2[0.332,0.333,0.334]
[TopoTrace Step 0] v0:G2[0.333,0.333,0.334] | v1:G0[0.334,0.333,0.333] | v2:G0[0.335,0.333,0.332] | v3:G2[0.333,0.333,0.334] | v4:G2[0.332,0.333,0.334][TopoTrace Step 0] v0:G2[0.333,0.333,0.334] | v1:G0[0.334,0.333,0.333] | v2:G0[0.335,0.333,0.332] | v3:G2[0.333,0.333,0.334] | v4:G2[0.332,0.333,0.334]

[TopoTrace Step 0] v0:G2[0.333,0.333,0.334] | v1:G0[0.334,0.333,0.333] | v2:G0[0.335,0.333,0.332] | v3:G2[0.333,0.333,0.334] | v4:G2[0.332,0.333,0.334]
[TopoTrace Step 0] v0:G2[0.333,0.333,0.334] | v1:G0[0.334,0.333,0.333] | v2:G0[0.335,0.333,0.332] | v3:G2[0.333,0.333,0.334] | v4:G2[0.332,0.333,0.334]
[TopoTrace Step 0] v0:G2[0.333,0.333,0.334] | v1:G0[0.334,0.333,0.333] | v2:G0[0.335,0.333,0.332] | v3:G2[0.333,0.333,0.334] | v4:G2[0.332,0.333,0.334]
[TopoTrace Step 0] v0:G2[0.333,0.333,0.334] | v1:G0[0.334,0.333,0.333] | v2:G0[0.335,0.333,0.332] | v3:G2[0.333,0.333,0.334] | v4:G2[0.332,0.333,0.334]
[TopoTrace Step 0] v0:G2[0.333,0.333,0.334] | v1:G0[0.334,0.333,0.333] | v2:G0[0.335,0.333,0.332] | v3:G2[0.333,0.333,0.334] | v4:G2[0.332,0.333,0.334]
[TopoTrace Step 0] v0:G2[0.333,0.333,0.334] | v1:G0[0.334,0.333,0.333] | v2:G0[0.335,0.333,0.332] | v3:G2[0.333,0.333,0.334] | v4:G2[0.332,0.333,0.334]
[TopoTrace Step 0] v0:G2[0.333,0.333,0.334] | v1:G0[0.334,0.333,0.333] | v2:G0[0.335,0.333,0.332] | v3:G2[0.333,0.333,0.334] | v4:G2[0.332,0.333,0.334]
[TopoTrace Step 0] v0:G2[0.333,0.333,0.334] | v1:G0[0.334,0.333,0.333] | v2:G0[0.335,0.333,0.332] | v3:G2[0.333,0.333,0.334] | v4:G2[0.332,0.333,0.334]
[TopoTrace Step 0] v0:G2[0.333,0.333,0.334] | v1:G0[0.334,0.333,0.333] | v2:G0[0.335,0.333,0.332] | v3:G2[0.333,0.333,0.334] | v4:G2[0.332,0.333,0.334]
[TopoTrace Step 0] v0:G2[0.333,0.333,0.334] | v1:G0[0.334,0.333,0.333] | v2:G0[0.335,0.333,0.332] | v3:G2[0.333,0.333,0.334] | v4:G2[0.332,0.333,0.334]
[TopoTrace Step 0] v0:G2[0.333,0.333,0.334] | v1:G0[0.334,0.333,0.333] | v2:G0[0.335,0.333,0.332] | v3:G2[0.333,0.333,0.334] | v4:G2[0.332,0.333,0.334][TopoTrace Step 0] v0:G2[0.333,0.333,0.334] | v1:G0[0.334,0.333,0.333] | v2:G0[0.335,0.333,0.332] | v3:G2[0.333,0.333,0.334] | v4:G2[0.332,0.333,0.334]

[TopoTrace Step 0] v0:G2[0.333,0.333,0.334] | v1:G0[0.334,0.333,0.333] | v2:G0[0.335,0.333,0.332] | v3:G2[0.333,0.333,0.334] | v4:G2[0.332,0.333,0.334]
[TopoTrace Step 0] v0:G2[0.333,0.333,0.334] | v1:G0[0.334,0.333,0.333] | v2:G0[0.335,0.333,0.332] | v3:G2[0.333,0.333,0.334] | v4:G2[0.332,0.333,0.334]
[TopoTrace Step 0] v0:G2[0.333,0.333,0.334] | v1:G0[0.334,0.333,0.333] | v2:G0[0.335,0.333,0.332] | v3:G2[0.333,0.333,0.334] | v4:G2[0.332,0.333,0.334]
[TopoTrace Step 0] v0:G2[0.333,0.333,0.334] | v1:G0[0.334,0.333,0.333] | v2:G0[0.335,0.333,0.332] | v3:G2[0.333,0.333,0.334] | v4:G2[0.332,0.333,0.334]
[TopoTrace Step 0] v0:G2[0.333,0.333,0.334] | v1:G0[0.334,0.333,0.333] | v2:G0[0.335,0.333,0.332] | v3:G2[0.333,0.333,0.334] | v4:G2[0.332,0.333,0.334][TopoTrace Step 0] v0:G2[0.333,0.333,0.334] | v1:G0[0.334,0.333,0.333] | v2:G0[0.335,0.333,0.332] | v3:G2[0.333,0.333,0.334] | v4:G2[0.332,0.333,0.334]

[TopoTrace Step 0] v0:G2[0.333,0.333,0.334] | v1:G0[0.334,0.333,0.333] | v2:G0[0.335,0.333,0.332] | v3:G2[0.333,0.333,0.334] | v4:G2[0.332,0.333,0.334][TopoTrace Step 0] v0:G2[0.333,0.333,0.334] | v1:G0[0.334,0.333,0.333] | v2:G0[0.335,0.333,0.332] | v3:G2[0.333,0.333,0.334] | v4:G2[0.332,0.333,0.334]

[TopoTrace Step 0] v0:G2[0.333,0.333,0.334] | v1:G0[0.334,0.333,0.333] | v2:G0[0.335,0.333,0.332] | v3:G2[0.333,0.333,0.334] | v4:G2[0.332,0.333,0.334]
[TopoTrace Step 0] v0:G2[0.333,0.333,0.334] | v1:G0[0.334,0.333,0.333] | v2:G0[0.335,0.333,0.332] | v3:G2[0.333,0.333,0.334] | v4:G2[0.332,0.333,0.334]
[TopoTrace Step 0] v0:G2[0.333,0.333,0.334] | v1:G0[0.334,0.333,0.333] | v2:G0[0.335,0.333,0.332] | v3:G2[0.333,0.333,0.334] | v4:G2[0.332,0.333,0.334]
[TopoTrace Step 0] v0:G2[0.333,0.333,0.334] | v1:G0[0.334,0.333,0.333] | v2:G0[0.335,0.333,0.332] | v3:G2[0.333,0.333,0.334] | v4:G2[0.332,0.333,0.334]
[TopoTrace Step 0] v0:G2[0.333,0.333,0.334] | v1:G0[0.334,0.333,0.333] | v2:G0[0.335,0.333,0.332] | v3:G2[0.333,0.333,0.334] | v4:G2[0.332,0.333,0.334]
[TopoTrace Step 0] v0:G2[0.333,0.333,0.334] | v1:G0[0.334,0.333,0.333] | v2:G0[0.335,0.333,0.332] | v3:G2[0.333,0.333,0.334] | v4:G2[0.332,0.333,0.334]
[TopoTrace Step 0] v0:G2[0.333,0.333,0.334] | v1:G0[0.334,0.333,0.333] | v2:G0[0.335,0.333,0.332] | v3:G2[0.333,0.333,0.334] | v4:G2[0.332,0.333,0.334]
[TopoTrace Step 0] v0:G2[0.333,0.333,0.334] | v1:G0[0.334,0.333,0.333] | v2:G0[0.335,0.333,0.332] | v3:G2[0.333,0.333,0.334] | v4:G2[0.332,0.333,0.334]
[TopoTrace Step 0] v0:G2[0.333,0.333,0.334] | v1:G0[0.334,0.333,0.333] | v2:G0[0.335,0.333,0.332] | v3:G2[0.333,0.333,0.334] | v4:G2[0.332,0.333,0.334]
[TopoTrace Step 0] v0:G2[0.333,0.333,0.334] | v1:G0[0.334,0.333,0.333] | v2:G0[0.335,0.333,0.332] | v3:G2[0.333,0.333,0.334] | v4:G2[0.332,0.333,0.334]
[TopoTrace Step 0] v0:G2[0.333,0.333,0.334] | v1:G0[0.334,0.333,0.333] | v2:G0[0.335,0.333,0.332] | v3:G2[0.333,0.333,0.334] | v4:G2[0.332,0.333,0.334][TopoTrace Step 0] v0:G2[0.333,0.333,0.334] | v1:G0[0.334,0.333,0.333] | v2:G0[0.335,0.333,0.332] | v3:G2[0.333,0.333,0.334] | v4:G2[0.332,0.333,0.334]

[TopoTrace Step 0] v0:G2[0.333,0.333,0.334] | v1:G0[0.334,0.333,0.333] | v2:G0[0.335,0.333,0.332] | v3:G2[0.333,0.333,0.334] | v4:G2[0.332,0.333,0.334]
[TopoTrace Step 0] v0:G2[0.333,0.333,0.334] | v1:G0[0.334,0.333,0.333] | v2:G0[0.335,0.333,0.332] | v3:G2[0.333,0.333,0.334] | v4:G2[0.332,0.333,0.334]
[TopoTrace Step 0] v0:G2[0.333,0.333,0.334] | v1:G0[0.334,0.333,0.333] | v2:G0[0.335,0.333,0.332] | v3:G2[0.333,0.333,0.334] | v4:G2[0.332,0.333,0.334][TopoTrace Step 0] v0:G2[0.333,0.333,0.334] | v1:G0[0.334,0.333,0.333] | v2:G0[0.335,0.333,0.332] | v3:G2[0.333,0.333,0.334] | v4:G2[0.332,0.333,0.334]

[TopoTrace Step 0] v0:G2[0.333,0.333,0.334] | v1:G0[0.334,0.333,0.333] | v2:G0[0.335,0.333,0.332] | v3:G2[0.333,0.333,0.334] | v4:G2[0.332,0.333,0.334]
[TopoTrace Step 0] v0:G2[0.333,0.333,0.334] | v1:G0[0.334,0.333,0.333] | v2:G0[0.335,0.333,0.332] | v3:G2[0.333,0.333,0.334] | v4:G2[0.332,0.333,0.334]
[TopoTrace Step 0] v0:G2[0.333,0.333,0.334] | v1:G0[0.334,0.333,0.333] | v2:G0[0.335,0.333,0.332] | v3:G2[0.333,0.333,0.334] | v4:G2[0.332,0.333,0.334][TopoTrace Step 0] v0:G2[0.333,0.333,0.334] | v1:G0[0.334,0.333,0.333] | v2:G0[0.335,0.333,0.332] | v3:G2[0.333,0.333,0.334] | v4:G2[0.332,0.333,0.334]

[TopoTrace Step 0] v0:G2[0.333,0.333,0.334] | v1:G0[0.334,0.333,0.333] | v2:G0[0.335,0.333,0.332] | v3:G2[0.333,0.333,0.334] | v4:G2[0.332,0.333,0.334]
[TopoTrace Step 0] v0:G2[0.333,0.333,0.334] | v1:G0[0.334,0.333,0.333] | v2:G0[0.335,0.333,0.332] | v3:G2[0.333,0.333,0.334] | v4:G2[0.332,0.333,0.334]
[TopoTrace Step 0] v0:G2[0.333,0.333,0.334] | v1:G0[0.334,0.333,0.333] | v2:G0[0.335,0.333,0.332] | v3:G2[0.333,0.333,0.334] | v4:G2[0.332,0.333,0.334]
[TopoTrace Step 0] v0:G2[0.333,0.333,0.334] | v1:G0[0.334,0.333,0.333] | v2:G0[0.335,0.333,0.332] | v3:G2[0.333,0.333,0.334] | v4:G2[0.332,0.333,0.334]
[TopoTrace Step 0] v0:G2[0.333,0.333,0.334] | v1:G0[0.334,0.333,0.333] | v2:G0[0.335,0.333,0.332] | v3:G2[0.333,0.333,0.334] | v4:G2[0.332,0.333,0.334]
[TopoTrace Step 0] v0:G2[0.333,0.333,0.334] | v1:G0[0.334,0.333,0.333] | v2:G0[0.335,0.333,0.332] | v3:G2[0.333,0.333,0.334] | v4:G2[0.332,0.333,0.334]
[TopoTrace Step 0] v0:G2[0.333,0.333,0.334] | v1:G0[0.334,0.333,0.333] | v2:G0[0.335,0.333,0.332] | v3:G2[0.333,0.333,0.334] | v4:G2[0.332,0.333,0.334]
[TopoTrace Step 0] v0:G2[0.333,0.333,0.334] | v1:G0[0.334,0.333,0.333] | v2:G0[0.335,0.333,0.332] | v3:G2[0.333,0.333,0.334] | v4:G2[0.332,0.333,0.334]
[TopoTrace Step 0] v0:G2[0.333,0.333,0.334] | v1:G0[0.334,0.333,0.333] | v2:G0[0.335,0.333,0.332] | v3:G2[0.333,0.333,0.334] | v4:G2[0.332,0.333,0.334]
[TopoTrace Step 0] v0:G2[0.333,0.333,0.334] | v1:G0[0.334,0.333,0.333] | v2:G0[0.335,0.333,0.332] | v3:G2[0.333,0.333,0.334] | v4:G2[0.332,0.333,0.334]
[TopoTrace Step 0] v0:G2[0.333,0.333,0.334] | v1:G0[0.334,0.333,0.333] | v2:G0[0.335,0.333,0.332] | v3:G2[0.333,0.333,0.334] | v4:G2[0.332,0.333,0.334][TopoTrace Step 0] v0:G2[0.333,0.333,0.334] | v1:G0[0.334,0.333,0.333] | v2:G0[0.335,0.333,0.332] | v3:G2[0.333,0.333,0.334] | v4:G2[0.332,0.333,0.334]

[TopoTrace Step 0] v0:G2[0.333,0.333,0.334] | v1:G0[0.334,0.333,0.333] | v2:G0[0.335,0.333,0.332] | v3:G2[0.333,0.333,0.334] | v4:G2[0.332,0.333,0.334]
[TopoTrace Step 0] v0:G2[0.333,0.333,0.334] | v1:G0[0.334,0.333,0.333] | v2:G0[0.335,0.333,0.332] | v3:G2[0.333,0.333,0.334] | v4:G2[0.332,0.333,0.334]
[TopoTrace Step 0] v0:G2[0.333,0.333,0.334] | v1:G0[0.334,0.333,0.333] | v2:G0[0.335,0.333,0.332] | v3:G2[0.333,0.333,0.334] | v4:G2[0.332,0.333,0.334]
[TopoTrace Step 0] v0:G2[0.333,0.333,0.334] | v1:G0[0.334,0.333,0.333] | v2:G0[0.335,0.333,0.332] | v3:G2[0.333,0.333,0.334] | v4:G2[0.332,0.333,0.334]
[TopoTrace Step 0] v0:G2[0.333,0.333,0.334] | v1:G0[0.334,0.333,0.333] | v2:G0[0.335,0.333,0.332] | v3:G2[0.333,0.333,0.334] | v4:G2[0.332,0.333,0.334]
[TopoTrace Step 0] v0:G2[0.333,0.333,0.334] | v1:G0[0.334,0.333,0.333] | v2:G0[0.335,0.333,0.332] | v3:G2[0.333,0.333,0.334] | v4:G2[0.332,0.333,0.334]
[TopoTrace Step 0] v0:G2[0.333,0.333,0.334] | v1:G0[0.334,0.333,0.333] | v2:G0[0.335,0.333,0.332] | v3:G2[0.333,0.333,0.334] | v4:G2[0.332,0.333,0.334]
[TopoTrace Step 0] v0:G2[0.333,0.333,0.334] | v1:G0[0.334,0.333,0.333] | v2:G0[0.335,0.333,0.332] | v3:G2[0.333,0.333,0.334] | v4:G2[0.332,0.333,0.334]
[TopoTrace Step 0] v0:G2[0.333,0.333,0.334] | v1:G0[0.334,0.333,0.333] | v2:G0[0.335,0.333,0.332] | v3:G2[0.333,0.333,0.334] | v4:G2[0.332,0.333,0.334]
[TopoTrace Step 0] v0:G2[0.333,0.333,0.334] | v1:G0[0.334,0.333,0.333] | v2:G0[0.335,0.333,0.332] | v3:G2[0.333,0.333,0.334] | v4:G2[0.332,0.333,0.334]
[TopoTrace Step 0] v0:G2[0.333,0.333,0.334] | v1:G0[0.334,0.333,0.333] | v2:G0[0.335,0.333,0.332] | v3:G2[0.333,0.333,0.334] | v4:G2[0.332,0.333,0.334][TopoTrace Step 0] v0:G2[0.333,0.333,0.334] | v1:G0[0.334,0.333,0.333] | v2:G0[0.335,0.333,0.332] | v3:G2[0.333,0.333,0.334] | v4:G2[0.332,0.333,0.334]

[TopoTrace Step 0] v0:G2[0.333,0.333,0.334] | v1:G0[0.334,0.333,0.333] | v2:G0[0.335,0.333,0.332] | v3:G2[0.333,0.333,0.334] | v4:G2[0.332,0.333,0.334][TopoTrace Step 0] v0:G2[0.333,0.333,0.334] | v1:G0[0.334,0.333,0.333] | v2:G0[0.335,0.333,0.332] | v3:G2[0.333,0.333,0.334] | v4:G2[0.332,0.333,0.334]

[TopoTrace Step 0] v0:G2[0.333,0.333,0.334] | v1:G0[0.334,0.333,0.333] | v2:G0[0.335,0.333,0.332] | v3:G2[0.333,0.333,0.334] | v4:G2[0.332,0.333,0.334]
[TopoTrace Step 0] v0:G2[0.333,0.333,0.334] | v1:G0[0.334,0.333,0.333] | v2:G0[0.335,0.333,0.332] | v3:G2[0.333,0.333,0.334] | v4:G2[0.332,0.333,0.334]
[TopoTrace Step 0] v0:G2[0.333,0.333,0.334] | v1:G0[0.334,0.333,0.333] | v2:G0[0.335,0.333,0.332] | v3:G2[0.333,0.333,0.334] | v4:G2[0.332,0.333,0.334]
[TopoTrace Step 0] v0:G2[0.333,0.333,0.334] | v1:G0[0.334,0.333,0.333] | v2:G0[0.335,0.333,0.332] | v3:G2[0.333,0.333,0.334] | v4:G2[0.332,0.333,0.334]
[TopoTrace Step 0] v0:G2[0.333,0.333,0.334] | v1:G0[0.334,0.333,0.333] | v2:G0[0.335,0.333,0.332] | v3:G2[0.333,0.333,0.334] | v4:G2[0.332,0.333,0.334][TopoTrace Step 0] v0:G2[0.333,0.333,0.334] | v1:G0[0.334,0.333,0.333] | v2:G0[0.335,0.333,0.332] | v3:G2[0.333,0.333,0.334] | v4:G2[0.332,0.333,0.334]

[TopoTrace Step 0] v0:G2[0.333,0.333,0.334] | v1:G0[0.334,0.333,0.333] | v2:G0[0.335,0.333,0.332] | v3:G2[0.333,0.333,0.334] | v4:G2[0.332,0.333,0.334]
[TopoTrace Step 0] v0:G2[0.333,0.333,0.334] | v1:G0[0.334,0.333,0.333] | v2:G0[0.335,0.333,0.332] | v3:G2[0.333,0.333,0.334] | v4:G2[0.332,0.333,0.334]
[TopoTrace Step 0] v0:G2[0.333,0.333,0.334] | v1:G0[0.334,0.333,0.333] | v2:G0[0.335,0.333,0.332] | v3:G2[0.333,0.333,0.334] | v4:G2[0.332,0.333,0.334][TopoTrace Step 0] v0:G2[0.333,0.333,0.334] | v1:G0[0.334,0.333,0.333] | v2:G0[0.335,0.333,0.332] | v3:G2[0.333,0.333,0.334] | v4:G2[0.332,0.333,0.334]

[TopoTrace Step 0] v0:G2[0.333,0.333,0.334] | v1:G0[0.334,0.333,0.333] | v2:G0[0.335,0.333,0.332] | v3:G2[0.333,0.333,0.334] | v4:G2[0.332,0.333,0.334]
[TopoTrace Step 0] v0:G2[0.333,0.333,0.334] | v1:G0[0.334,0.333,0.333] | v2:G0[0.335,0.333,0.332] | v3:G2[0.333,0.333,0.334] | v4:G2[0.332,0.333,0.334]
[TopoTrace Step 0] v0:G2[0.333,0.333,0.334] | v1:G0[0.334,0.333,0.333] | v2:G0[0.335,0.333,0.332] | v3:G2[0.333,0.333,0.334] | v4:G2[0.332,0.333,0.334]
[TopoTrace Step 0] v0:G2[0.333,0.333,0.334] | v1:G0[0.334,0.333,0.333] | v2:G0[0.335,0.333,0.332] | v3:G2[0.333,0.333,0.334] | v4:G2[0.332,0.333,0.334]
[TopoTrace Step 0] v0:G2[0.333,0.333,0.334] | v1:G0[0.334,0.333,0.333] | v2:G0[0.335,0.333,0.332] | v3:G2[0.333,0.333,0.334] | v4:G2[0.332,0.333,0.334]
[TopoTrace Step 0] v0:G2[0.333,0.333,0.334] | v1:G0[0.334,0.333,0.333] | v2:G0[0.335,0.333,0.332] | v3:G2[0.333,0.333,0.334] | v4:G2[0.332,0.333,0.334]
[TopoTrace Step 0] v0:G2[0.333,0.333,0.334] | v1:G0[0.334,0.333,0.333] | v2:G0[0.335,0.333,0.332] | v3:G2[0.333,0.333,0.334] | v4:G2[0.332,0.333,0.334][TopoTrace Step 0] v0:G2[0.333,0.333,0.334] | v1:G0[0.334,0.333,0.333] | v2:G0[0.335,0.333,0.332] | v3:G2[0.333,0.333,0.334] | v4:G2[0.332,0.333,0.334]

[TopoTrace Step 0] v0:G2[0.333,0.333,0.334] | v1:G0[0.334,0.333,0.333] | v2:G0[0.335,0.333,0.332] | v3:G2[0.333,0.333,0.334] | v4:G2[0.332,0.333,0.334]
[TopoTrace Step 0] v0:G2[0.333,0.333,0.334] | v1:G0[0.334,0.333,0.333] | v2:G0[0.335,0.333,0.332] | v3:G2[0.333,0.333,0.334] | v4:G2[0.332,0.333,0.334]
[TopoTrace Step 0] v0:G2[0.333,0.333,0.334] | v1:G0[0.334,0.333,0.333] | v2:G0[0.335,0.333,0.332] | v3:G2[0.333,0.333,0.334] | v4:G2[0.332,0.333,0.334]
[TopoTrace Step 0] v0:G2[0.333,0.333,0.334] | v1:G0[0.334,0.333,0.333] | v2:G0[0.335,0.333,0.332] | v3:G2[0.333,0.333,0.334] | v4:G2[0.332,0.333,0.334]
[TopoTrace Step 0] v0:G2[0.333,0.333,0.334] | v1:G0[0.334,0.333,0.333] | v2:G0[0.335,0.333,0.332] | v3:G2[0.333,0.333,0.334] | v4:G2[0.332,0.333,0.334]
[TopoTrace Step 0] v0:G2[0.333,0.333,0.334] | v1:G0[0.334,0.333,0.333] | v2:G0[0.335,0.333,0.332] | v3:G2[0.333,0.333,0.334] | v4:G2[0.332,0.333,0.334]
[TopoTrace Step 0] v0:G2[0.333,0.333,0.334] | v1:G0[0.334,0.333,0.333] | v2:G0[0.335,0.333,0.332] | v3:G2[0.333,0.333,0.334] | v4:G2[0.332,0.333,0.334]
[TopoTrace Step 0] v0:G2[0.333,0.333,0.334] | v1:G0[0.334,0.333,0.333] | v2:G0[0.335,0.333,0.332] | v3:G2[0.333,0.333,0.334] | v4:G2[0.332,0.333,0.334]
[TopoTrace Step 0] v0:G2[0.333,0.333,0.334] | v1:G0[0.334,0.333,0.333] | v2:G0[0.335,0.333,0.332] | v3:G2[0.333,0.333,0.334] | v4:G2[0.332,0.333,0.334]
[TopoTrace Step 0] v0:G2[0.333,0.333,0.334] | v1:G0[0.334,0.333,0.333] | v2:G0[0.335,0.333,0.332] | v3:G2[0.333,0.333,0.334] | v4:G2[0.332,0.333,0.334]
[TopoTrace Step 0] v0:G2[0.333,0.333,0.334] | v1:G0[0.334,0.333,0.333] | v2:G0[0.335,0.333,0.332] | v3:G2[0.333,0.333,0.334] | v4:G2[0.332,0.333,0.334]
[TopoTrace Step 0] v0:G2[0.333,0.333,0.334] | v1:G0[0.334,0.333,0.333] | v2:G0[0.335,0.333,0.332] | v3:G2[0.333,0.333,0.334] | v4:G2[0.332,0.333,0.334]
[TopoTrace Step 0] v0:G2[0.333,0.333,0.334] | v1:G0[0.334,0.333,0.333] | v2:G0[0.335,0.333,0.332] | v3:G2[0.333,0.333,0.334] | v4:G2[0.332,0.333,0.334]
[TopoTrace Step 0] v0:G2[0.333,0.333,0.334] | v1:G0[0.334,0.333,0.333] | v2:G0[0.335,0.333,0.332] | v3:G2[0.333,0.333,0.334] | v4:G2[0.332,0.333,0.334]
[TopoTrace Step 0] v0:G2[0.333,0.333,0.334] | v1:G0[0.334,0.333,0.333] | v2:G0[0.335,0.333,0.332] | v3:G2[0.333,0.333,0.334] | v4:G2[0.332,0.333,0.334][TopoTrace Step 0] v0:G2[0.333,0.333,0.334] | v1:G0[0.334,0.333,0.333] | v2:G0[0.335,0.333,0.332] | v3:G2[0.333,0.333,0.334] | v4:G2[0.332,0.333,0.334]

[TopoTrace Step 0] v0:G2[0.333,0.333,0.334] | v1:G0[0.334,0.333,0.333] | v2:G0[0.335,0.333,0.332] | v3:G2[0.333,0.333,0.334] | v4:G2[0.332,0.333,0.334]
[TopoTrace Step 0] v0:G2[0.333,0.333,0.334] | v1:G0[0.334,0.333,0.333] | v2:G0[0.335,0.333,0.332] | v3:G2[0.333,0.333,0.334] | v4:G2[0.332,0.333,0.334]
[TopoTrace Step 0] v0:G2[0.333,0.333,0.334] | v1:G0[0.334,0.333,0.333] | v2:G0[0.335,0.333,0.332] | v3:G2[0.333,0.333,0.334] | v4:G2[0.332,0.333,0.334][TopoTrace Step 0] v0:G2[0.333,0.333,0.334] | v1:G0[0.334,0.333,0.333] | v2:G0[0.335,0.333,0.332] | v3:G2[0.333,0.333,0.334] | v4:G2[0.332,0.333,0.334]

[TopoTrace Step 0] v0:G2[0.333,0.333,0.334] | v1:G0[0.334,0.333,0.333] | v2:G0[0.335,0.333,0.332] | v3:G2[0.333,0.333,0.334] | v4:G2[0.332,0.333,0.334]
[TopoTrace Step 0] v0:G2[0.333,0.333,0.334] | v1:G0[0.334,0.333,0.333] | v2:G0[0.335,0.333,0.332] | v3:G2[0.333,0.333,0.334] | v4:G2[0.332,0.333,0.334]
[TopoTrace Step 0] v0:G2[0.333,0.333,0.334] | v1:G0[0.334,0.333,0.333] | v2:G0[0.335,0.333,0.332] | v3:G2[0.333,0.333,0.334] | v4:G2[0.332,0.333,0.334]
[TopoTrace Step 0] v0:G2[0.333,0.333,0.334] | v1:G0[0.334,0.333,0.333] | v2:G0[0.335,0.333,0.332] | v3:G2[0.333,0.333,0.334] | v4:G2[0.332,0.333,0.334]
[TopoTrace Step 0] v0:G2[0.333,0.333,0.334] | v1:G0[0.334,0.333,0.333] | v2:G0[0.335,0.333,0.332] | v3:G2[0.333,0.333,0.334] | v4:G2[0.332,0.333,0.334]
[TopoTrace Step 0] v0:G2[0.333,0.333,0.334] | v1:G0[0.334,0.333,0.333] | v2:G0[0.335,0.333,0.332] | v3:G2[0.333,0.333,0.334] | v4:G2[0.332,0.333,0.334]
[TopoTrace Step 0] v0:G2[0.333,0.333,0.334] | v1:G0[0.334,0.333,0.333] | v2:G0[0.335,0.333,0.332] | v3:G2[0.333,0.333,0.334] | v4:G2[0.332,0.333,0.334]
[TopoTrace Step 0] v0:G2[0.333,0.333,0.334] | v1:G0[0.334,0.333,0.333] | v2:G0[0.335,0.333,0.332] | v3:G2[0.333,0.333,0.334] | v4:G2[0.332,0.333,0.334]
[TopoTrace Step 0] v0:G2[0.333,0.333,0.334] | v1:G0[0.334,0.333,0.333] | v2:G0[0.335,0.333,0.332] | v3:G2[0.333,0.333,0.334] | v4:G2[0.332,0.333,0.334]
[TopoTrace Step 0] v0:G2[0.333,0.333,0.334] | v1:G0[0.334,0.333,0.333] | v2:G0[0.335,0.333,0.332] | v3:G2[0.333,0.333,0.334] | v4:G2[0.332,0.333,0.334]
[TopoTrace Step 0] v0:G2[0.333,0.333,0.334] | v1:G0[0.334,0.333,0.333] | v2:G0[0.335,0.333,0.332] | v3:G2[0.333,0.333,0.334] | v4:G2[0.332,0.333,0.334][TopoTrace Step 0] v0:G2[0.333,0.333,0.334] | v1:G0[0.334,0.333,0.333] | v2:G0[0.335,0.333,0.332] | v3:G2[0.333,0.333,0.334] | v4:G2[0.332,0.333,0.334]

[TopoTrace Step 0] v0:G2[0.333,0.333,0.334] | v1:G0[0.334,0.333,0.333] | v2:G0[0.335,0.333,0.332] | v3:G2[0.333,0.333,0.334] | v4:G2[0.332,0.333,0.334]
[TopoTrace Step 0] v0:G2[0.333,0.333,0.334] | v1:G0[0.334,0.333,0.333] | v2:G0[0.335,0.333,0.332] | v3:G2[0.333,0.333,0.334] | v4:G2[0.332,0.333,0.334]
[TopoTrace Step 0] v0:G2[0.333,0.333,0.334] | v1:G0[0.334,0.333,0.333] | v2:G0[0.335,0.333,0.332] | v3:G2[0.333,0.333,0.334] | v4:G2[0.332,0.333,0.334]
[TopoTrace Step 0] v0:G2[0.333,0.333,0.334] | v1:G0[0.334,0.333,0.333] | v2:G0[0.335,0.333,0.332] | v3:G2[0.333,0.333,0.334] | v4:G2[0.332,0.333,0.334]
[TopoTrace Step 0] v0:G2[0.333,0.333,0.334] | v1:G0[0.334,0.333,0.333] | v2:G0[0.335,0.333,0.332] | v3:G2[0.333,0.333,0.334] | v4:G2[0.332,0.333,0.334][TopoTrace Step 0] v0:G2[0.333,0.333,0.334] | v1:G0[0.334,0.333,0.333] | v2:G0[0.335,0.333,0.332] | v3:G2[0.333,0.333,0.334] | v4:G2[0.332,0.333,0.334]

[TopoTrace Step 0] v0:G2[0.333,0.333,0.334] | v1:G0[0.334,0.333,0.333] | v2:G0[0.335,0.333,0.332] | v3:G2[0.333,0.333,0.334] | v4:G2[0.332,0.333,0.334][TopoTrace Step 0] v0:G2[0.333,0.333,0.334] | v1:G0[0.334,0.333,0.333] | v2:G0[0.335,0.333,0.332] | v3:G2[0.333,0.333,0.334] | v4:G2[0.332,0.333,0.334]

[TopoTrace Step 0] v0:G2[0.333,0.333,0.334] | v1:G0[0.334,0.333,0.333] | v2:G0[0.335,0.333,0.332] | v3:G2[0.333,0.333,0.334] | v4:G2[0.332,0.333,0.334]
[TopoTrace Step 0] v0:G2[0.333,0.333,0.334] | v1:G0[0.334,0.333,0.333] | v2:G0[0.335,0.333,0.332] | v3:G2[0.333,0.333,0.334] | v4:G2[0.332,0.333,0.334]
[TopoTrace Step 0] v0:G2[0.333,0.333,0.334] | v1:G0[0.334,0.333,0.333] | v2:G0[0.335,0.333,0.332] | v3:G2[0.333,0.333,0.334] | v4:G2[0.332,0.333,0.334][TopoTrace Step 0] v0:G2[0.333,0.333,0.334] | v1:G0[0.334,0.333,0.333] | v2:G0[0.335,0.333,0.332] | v3:G2[0.333,0.333,0.334] | v4:G2[0.332,0.333,0.334]

[TopoTrace Step 0] v0:G2[0.333,0.333,0.334] | v1:G0[0.334,0.333,0.333] | v2:G0[0.335,0.333,0.332] | v3:G2[0.333,0.333,0.334] | v4:G2[0.332,0.333,0.334]
[TopoTrace Step 0] v0:G2[0.333,0.333,0.334] | v1:G0[0.334,0.333,0.333] | v2:G0[0.335,0.333,0.332] | v3:G2[0.333,0.333,0.334] | v4:G2[0.332,0.333,0.334][TopoTrace Step 0] v0:G2[0.333,0.333,0.334] | v1:G0[0.334,0.333,0.333] | v2:G0[0.335,0.333,0.332] | v3:G2[0.333,0.333,0.334] | v4:G2[0.332,0.333,0.334]
[TopoTrace Step 0] v0:G2[0.333,0.333,0.334] | v1:G0[0.334,0.333,0.333] | v2:G0[0.335,0.333,0.332] | v3:G2[0.333,0.333,0.334] | v4:G2[0.332,0.333,0.334]

[TopoTrace Step 0] v0:G2[0.333,0.333,0.334] | v1:G0[0.334,0.333,0.333] | v2:G0[0.335,0.333,0.332] | v3:G2[0.333,0.333,0.334] | v4:G2[0.332,0.333,0.334]
[TopoTrace Step 0] v0:G2[0.333,0.333,0.334] | v1:G0[0.334,0.333,0.333] | v2:G0[0.335,0.333,0.332] | v3:G2[0.333,0.333,0.334] | v4:G2[0.332,0.333,0.334][TopoTrace Step 0] v0:G2[0.333,0.333,0.334] | v1:G0[0.334,0.333,0.333] | v2:G0[0.335,0.333,0.332] | v3:G2[0.333,0.333,0.334] | v4:G2[0.332,0.333,0.334][TopoTrace Step 0] v0:G2[0.333,0.333,0.334] | v1:G0[0.334,0.333,0.333] | v2:G0[0.335,0.333,0.332] | v3:G2[0.333,0.333,0.334] | v4:G2[0.332,0.333,0.334]


[TopoTrace Step 0] v0:G2[0.333,0.333,0.334] | v1:G0[0.334,0.333,0.333] | v2:G0[0.335,0.333,0.332] | v3:G2[0.333,0.333,0.334] | v4:G2[0.332,0.333,0.334]
[TopoTrace Step 0] v0:G2[0.333,0.333,0.334] | v1:G0[0.334,0.333,0.333] | v2:G0[0.335,0.333,0.332] | v3:G2[0.333,0.333,0.334] | v4:G2[0.332,0.333,0.334]
[TopoTrace Step 0] v0:G2[0.333,0.333,0.334] | v1:G0[0.334,0.333,0.333] | v2:G0[0.335,0.333,0.332] | v3:G2[0.333,0.333,0.334] | v4:G2[0.332,0.333,0.334][TopoTrace Step 0] v0:G2[0.333,0.333,0.334] | v1:G0[0.334,0.333,0.333] | v2:G0[0.335,0.333,0.332] | v3:G2[0.333,0.333,0.334] | v4:G2[0.332,0.333,0.334]

[TopoTrace Step 0] v0:G2[0.333,0.333,0.334] | v1:G0[0.334,0.333,0.333] | v2:G0[0.335,0.333,0.332] | v3:G2[0.333,0.333,0.334] | v4:G2[0.332,0.333,0.334]
[TopoTrace Step 0] v0:G2[0.333,0.333,0.334] | v1:G0[0.334,0.333,0.333] | v2:G0[0.335,0.333,0.332] | v3:G2[0.333,0.333,0.334] | v4:G2[0.332,0.333,0.334]
[TopoTrace Step 0] v0:G2[0.333,0.333,0.334] | v1:G0[0.334,0.333,0.333] | v2:G0[0.335,0.333,0.332] | v3:G2[0.333,0.333,0.334] | v4:G2[0.332,0.333,0.334][TopoTrace Step 0] v0:G2[0.333,0.333,0.334] | v1:G0[0.334,0.333,0.333] | v2:G0[0.335,0.333,0.332] | v3:G2[0.333,0.333,0.334] | v4:G2[0.332,0.333,0.334]

[TopoTrace Step 0] v0:G2[0.333,0.333,0.334] | v1:G0[0.334,0.333,0.333] | v2:G0[0.335,0.333,0.332] | v3:G2[0.333,0.333,0.334] | v4:G2[0.332,0.333,0.334]
[TopoTrace Step 0] v0:G2[0.333,0.333,0.334] | v1:G0[0.334,0.333,0.333] | v2:G0[0.335,0.333,0.332] | v3:G2[0.333,0.333,0.334] | v4:G2[0.332,0.333,0.334]
[TopoTrace Step 0] v0:G2[0.333,0.333,0.334] | v1:G0[0.334,0.333,0.333] | v2:G0[0.335,0.333,0.332] | v3:G2[0.333,0.333,0.334] | v4:G2[0.332,0.333,0.334]
[TopoTrace Step 0] v0:G2[0.333,0.333,0.334] | v1:G0[0.334,0.333,0.333] | v2:G0[0.335,0.333,0.332] | v3:G2[0.333,0.333,0.334] | v4:G2[0.332,0.333,0.334]
[TopoTrace Step 0] v0:G2[0.333,0.333,0.334] | v1:G0[0.334,0.333,0.333] | v2:G0[0.335,0.333,0.332] | v3:G2[0.333,0.333,0.334] | v4:G2[0.332,0.333,0.334]
[TopoTrace Step 0] v0:G2[0.333,0.333,0.334] | v1:G0[0.334,0.333,0.333] | v2:G0[0.335,0.333,0.332] | v3:G2[0.333,0.333,0.334] | v4:G2[0.332,0.333,0.334]
[TopoTrace Step 0] v0:G2[0.333,0.333,0.334] | v1:G0[0.334,0.333,0.333] | v2:G0[0.335,0.333,0.332] | v3:G2[0.333,0.333,0.334] | v4:G2[0.332,0.333,0.334][TopoTrace Step 0] v0:G2[0.333,0.333,0.334] | v1:G0[0.334,0.333,0.333] | v2:G0[0.335,0.333,0.332] | v3:G2[0.333,0.333,0.334] | v4:G2[0.332,0.333,0.334]

[TopoTrace Step 0] v0:G2[0.333,0.333,0.334] | v1:G0[0.334,0.333,0.333] | v2:G0[0.335,0.333,0.332] | v3:G2[0.333,0.333,0.334] | v4:G2[0.332,0.333,0.334]
[TopoTrace Step 0] v0:G2[0.333,0.333,0.334] | v1:G0[0.334,0.333,0.333] | v2:G0[0.335,0.333,0.332] | v3:G2[0.333,0.333,0.334] | v4:G2[0.332,0.333,0.334]
[TopoTrace Step 0] v0:G2[0.333,0.333,0.334] | v1:G0[0.334,0.333,0.333] | v2:G0[0.335,0.333,0.332] | v3:G2[0.333,0.333,0.334] | v4:G2[0.332,0.333,0.334][TopoTrace Step 0] v0:G2[0.333,0.333,0.334] | v1:G0[0.334,0.333,0.333] | v2:G0[0.335,0.333,0.332] | v3:G2[0.333,0.333,0.334] | v4:G2[0.332,0.333,0.334]

[TopoTrace Step 0] v0:G2[0.333,0.333,0.334] | v1:G0[0.334,0.333,0.333] | v2:G0[0.335,0.333,0.332] | v3:G2[0.333,0.333,0.334] | v4:G2[0.332,0.333,0.334]
[TopoTrace Step 0] v0:G2[0.333,0.333,0.334] | v1:G0[0.334,0.333,0.333] | v2:G0[0.335,0.333,0.332] | v3:G2[0.333,0.333,0.334] | v4:G2[0.332,0.333,0.334]
[TopoTrace Step 0] v0:G2[0.333,0.333,0.334] | v1:G0[0.334,0.333,0.333] | v2:G0[0.335,0.333,0.332] | v3:G2[0.333,0.333,0.334] | v4:G2[0.332,0.333,0.334]
[TopoTrace Step 0] v0:G2[0.333,0.333,0.334] | v1:G0[0.334,0.333,0.333] | v2:G0[0.335,0.333,0.332] | v3:G2[0.333,0.333,0.334] | v4:G2[0.332,0.333,0.334]
[TopoTrace Step 0] v0:G2[0.333,0.333,0.334] | v1:G0[0.334,0.333,0.333] | v2:G0[0.335,0.333,0.332] | v3:G2[0.333,0.333,0.334] | v4:G2[0.332,0.333,0.334]
[TopoTrace Step 0] v0:G2[0.333,0.333,0.334] | v1:G0[0.334,0.333,0.333] | v2:G0[0.335,0.333,0.332] | v3:G2[0.333,0.333,0.334] | v4:G2[0.332,0.333,0.334]
[TopoTrace Step 0] v0:G2[0.333,0.333,0.334] | v1:G0[0.334,0.333,0.333] | v2:G0[0.335,0.333,0.332] | v3:G2[0.333,0.333,0.334] | v4:G2[0.332,0.333,0.334][TopoTrace Step 0] v0:G2[0.333,0.333,0.334] | v1:G0[0.334,0.333,0.333] | v2:G0[0.335,0.333,0.332] | v3:G2[0.333,0.333,0.334] | v4:G2[0.332,0.333,0.334]

[TopoTrace Step 0] v0:G2[0.333,0.333,0.334] | v1:G0[0.334,0.333,0.333] | v2:G0[0.335,0.333,0.332] | v3:G2[0.333,0.333,0.334] | v4:G2[0.332,0.333,0.334]
[TopoTrace Step 0] v0:G2[0.333,0.333,0.334] | v1:G0[0.334,0.333,0.333] | v2:G0[0.335,0.333,0.332] | v3:G2[0.333,0.333,0.334] | v4:G2[0.332,0.333,0.334]
[TopoTrace Step 0] v0:G2[0.333,0.333,0.334] | v1:G0[0.334,0.333,0.333] | v2:G0[0.335,0.333,0.332] | v3:G2[0.333,0.333,0.334] | v4:G2[0.332,0.333,0.334][TopoTrace Step 0] v0:G2[0.333,0.333,0.334] | v1:G0[0.334,0.333,0.333] | v2:G0[0.335,0.333,0.332] | v3:G2[0.333,0.333,0.334] | v4:G2[0.332,0.333,0.334]

[TopoTrace Step 0] v0:G2[0.333,0.333,0.334] | v1:G0[0.334,0.333,0.333] | v2:G0[0.335,0.333,0.332] | v3:G2[0.333,0.333,0.334] | v4:G2[0.332,0.333,0.334]
[TopoTrace Step 0] v0:G2[0.333,0.333,0.334] | v1:G0[0.334,0.333,0.333] | v2:G0[0.335,0.333,0.332] | v3:G2[0.333,0.333,0.334] | v4:G2[0.332,0.333,0.334]
[TopoTrace Step 0] v0:G2[0.333,0.333,0.334] | v1:G0[0.334,0.333,0.333] | v2:G0[0.335,0.333,0.332] | v3:G2[0.333,0.333,0.334] | v4:G2[0.332,0.333,0.334][TopoTrace Step 0] v0:G2[0.333,0.333,0.334] | v1:G0[0.334,0.333,0.333] | v2:G0[0.335,0.333,0.332] | v3:G2[0.333,0.333,0.334] | v4:G2[0.332,0.333,0.334]

Epoch: 10 cost time: 14.735045433044434
Epoch: 10, Steps: 147 | Train Loss: 0.3589824 Vali Loss: 0.3967418 Test Loss: 4.0871930
Validation loss decreased (0.397299 --> 0.396742).  Saving model ...
Updating learning rate to 1.953125e-07
>>>>>>>testing : long_term_forecast_kdd_sub2_96_HGI_DYG_base_ftM_sl96_ll48_pl96_dm1024_nh8_el2_dl1_df512_fc3_ebtimeF_dtTrue_Hes_0<<<<<<<<<<<<<<<<<<<<<<<<<<<<<<<<<
DYG_base
原始数据形状: (108051, 6)
Index(['Viscosity', 'Chemical Efficiency', 'DO Value', 'pH Online',
       'Air Flow'],
      dtype='object')
test 21515
test shape: (21515, 1, 96, 5) (21515, 1, 96, 5)
test shape: (21515, 96, 5) (21515, 96, 5)
mae:0.5079, mse:4.0872
(21515, 96, 5)
(21515, 96, 5)
